parvan,adhyaya,verse,continuous_sloka,adhyaya_offset,adhyaya_n_anchors
1,1,1,8,7,3
1,1,2,9,7,3
1,1,3,10,7,3
1,1,4,11,7,3
1,1,5,12,7,3
1,1,6,13,7,3
1,1,7,14,7,3
1,1,8,15,7,3
1,1,9,16,7,3
1,1,10,17,7,3
1,1,11,18,7,3
1,1,12,19,7,3
1,1,13,20,7,3
1,1,14,21,7,3
1,1,15,22,7,3
1,1,16,23,7,3
1,1,17,24,7,3
1,1,18,25,7,3
1,1,19,26,7,3
1,1,20,27,7,3
1,1,21,28,7,3
1,1,22,29,7,3
1,1,23,30,7,3
1,1,24,31,7,3
1,1,25,32,7,3
1,1,26,33,7,3
1,1,27,34,7,3
1,1,28,35,7,3
1,1,29,36,7,3
1,1,30,37,7,3
1,1,31,38,7,3
1,1,32,39,7,3
1,1,33,40,7,3
1,1,34,41,7,3
1,1,35,42,7,3
1,1,36,43,7,3
1,1,37,44,7,3
1,1,38,45,7,3
1,1,39,46,7,3
1,1,40,47,7,3
1,1,41,48,7,3
1,1,42,49,7,3
1,1,43,50,7,3
1,1,44,51,7,3
1,1,45,52,7,3
1,1,46,53,7,3
1,1,109,54,7,3
1,2,1,55,7,13
1,2,2,56,7,13
1,2,3,57,7,13
1,2,4,58,7,13
1,2,5,59,7,13
1,2,6,60,7,13
1,2,7,61,7,13
1,2,8,62,7,13
1,2,9,63,7,13
1,2,10,64,7,13
1,2,11,65,7,13
1,2,12,66,7,13
1,2,13,67,7,13
1,2,14,68,7,13
1,2,15,69,7,13
1,2,16,70,7,13
1,2,17,71,7,13
1,2,18,72,7,13
1,2,19,73,7,13
1,2,20,74,7,13
1,2,21,75,7,13
1,2,22,76,7,13
1,2,23,77,7,13
1,2,24,78,7,13
1,2,25,79,7,13
1,2,26,80,7,13
1,2,27,81,7,13
1,2,28,82,7,13
1,2,29,83,7,13
1,2,30,84,7,13
1,2,31,85,7,13
1,2,32,86,7,13
1,2,33,87,7,13
1,2,34,88,7,13
1,2,35,89,7,13
1,2,36,90,7,13
1,2,37,91,7,13
1,2,38,92,7,13
1,2,39,93,7,13
1,2,40,94,7,13
1,2,41,95,7,13
1,2,42,96,7,13
1,2,43,97,7,13
1,2,44,98,7,13
1,2,45,99,7,13
1,2,46,100,7,13
1,2,47,101,7,13
1,2,48,102,7,13
1,2,49,103,7,13
1,2,50,104,7,13
1,2,51,105,7,13
1,2,52,106,7,13
1,2,53,107,7,13
1,2,54,108,7,13
1,2,55,109,7,13
1,2,56,110,7,13
1,2,57,111,7,13
1,3,1,118,13,35
1,3,2,119,13,35
1,3,3,120,13,35
1,3,4,121,13,35
1,3,6,122,13,35
1,3,7,123,13,35
1,3,8,124,13,35
1,3,9,125,13,35
1,3,10,126,13,35
1,3,11,127,13,35
1,3,12,128,13,35
1,3,13,129,13,35
1,3,14,130,13,35
1,3,15,131,13,35
1,3,16,132,13,35
1,3,17,133,13,35
1,3,18,134,13,35
1,3,19,135,13,35
1,3,20,136,13,35
1,3,21,137,13,35
1,3,22,138,13,35
1,3,23,139,13,35
1,3,24,140,13,35
1,3,25,141,13,35
1,3,26,142,13,35
1,3,27,143,13,35
1,3,28,144,13,35
1,3,29,145,13,35
1,3,30,146,13,35
1,3,31,147,13,35
1,3,32,148,13,35
1,3,33,149,13,35
1,3,34,150,13,35
1,3,35,151,13,35
1,3,36,152,13,35
1,3,37,153,13,35
1,3,38,154,13,35
1,3,39,155,13,35
1,3,40,156,13,35
1,3,41,157,13,35
1,3,42,158,13,35
1,3,43,159,13,35
1,3,44,160,13,35
1,3,45,161,13,35
1,3,46,162,13,35
1,3,47,163,13,35
1,3,48,164,13,35
1,3,49,165,13,35
1,3,50,166,13,35
1,3,51,167,13,35
1,3,52,168,13,35
1,3,53,169,13,35
1,3,54,170,13,35
1,3,55,171,13,35
1,3,56,172,13,35
1,3,57,173,13,35
1,3,58,174,13,35
1,3,59,175,13,35
1,3,60,176,13,35
1,3,61,177,13,35
1,3,62,178,13,35
1,3,63,179,13,35
1,3,64,180,13,35
1,3,65,181,13,35
1,3,66,182,13,35
1,3,67,183,13,35
1,3,68,184,13,35
1,3,69,185,13,35
1,3,70,186,13,35
1,3,71,187,13,35
1,3,72,188,13,35
1,3,73,189,13,35
1,3,74,190,13,35
1,3,75,191,13,35
1,3,76,192,13,35
1,3,77,193,13,35
1,3,78,194,13,35
1,3,79,195,13,35
1,3,80,196,13,35
1,3,81,197,13,35
1,3,82,198,13,35
1,3,83,199,13,35
1,3,84,200,13,35
1,3,85,201,13,35
1,3,86,202,13,35
1,3,87,203,13,35
1,3,88,204,13,35
1,3,89,205,13,35
1,3,90,206,13,35
1,3,91,207,13,35
1,3,92,208,13,35
1,3,93,209,13,35
1,3,94,210,13,35
1,3,95,211,13,35
1,3,96,212,13,35
1,3,97,213,13,35
1,3,98,214,13,35
1,3,99,215,13,35
1,3,100,216,13,35
1,3,101,217,13,35
1,3,102,218,13,35
1,3,103,219,13,35
1,3,104,220,13,35
1,3,105,221,13,35
1,3,106,222,13,35
1,3,107,223,13,35
1,3,108,224,13,35
1,3,109,225,13,35
1,3,110,226,13,35
1,3,111,227,13,35
1,3,112,228,13,35
1,3,113,229,13,35
1,3,114,230,13,35
1,3,115,231,13,35
1,3,117,232,13,35
1,3,118,233,13,35
1,3,120,234,13,35
1,3,121,235,13,35
1,3,122,236,13,35
1,3,123,237,13,35
1,3,124,238,13,35
1,3,125,239,13,35
1,3,126,240,13,35
1,3,127,241,13,35
1,3,128,242,13,35
1,3,129,243,13,35
1,3,130,244,13,35
1,3,131,245,13,35
1,3,132,246,13,35
1,3,133,247,13,35
1,3,134,248,13,35
1,3,135,249,13,35
1,3,136,250,13,35
1,3,137,251,13,35
1,3,138,252,13,35
1,3,139,253,13,35
1,3,140,254,13,35
1,4,1,256,14,17
1,4,2,257,14,17
1,4,4,258,14,17
1,4,5,259,14,17
1,4,6,260,14,17
1,4,7,261,14,17
1,4,8,262,14,17
1,4,9,263,14,17
1,4,10,264,14,17
1,4,11,265,14,17
1,4,12,266,14,17
1,4,13,267,14,17
1,4,14,268,14,17
1,4,15,269,14,17
1,4,16,270,14,17
1,4,17,271,14,17
1,4,19,272,14,17
1,4,20,273,14,17
1,4,21,274,14,17
1,4,22,275,14,17
1,4,23,276,14,17
1,4,24,277,14,17
1,4,25,278,14,17
1,4,26,279,14,17
1,4,27,280,14,17
1,4,28,281,14,17
1,4,29,282,14,17
1,4,30,283,14,17
1,4,31,284,14,17
1,4,32,285,14,17
1,4,33,286,14,17
1,4,34,287,14,17
1,4,53,288,14,17
1,4,90,289,14,17
1,4,153,290,14,17
1,4,163,291,14,17
1,4,164,292,14,17
1,4,165,293,14,17
1,4,166,294,14,17
1,4,167,295,14,17
1,4,168,296,14,17
1,5,1,297,14,22
1,5,2,298,14,22
1,5,3,299,14,22
1,5,4,300,14,22
1,5,5,301,14,22
1,5,6,302,14,22
1,5,7,303,14,22
1,5,8,304,14,22
1,5,9,305,14,22
1,5,10,306,14,22
1,5,11,307,14,22
1,5,12,308,14,22
1,5,13,309,14,22
1,5,14,310,14,22
1,5,15,311,14,22
1,5,16,312,14,22
1,5,17,313,14,22
1,5,18,314,14,22
1,5,19,315,14,22
1,5,20,316,14,22
1,5,21,317,14,22
1,5,22,318,14,22
1,5,23,319,14,22
1,5,24,320,14,22
1,5,25,321,14,22
1,5,26,322,14,22
1,5,27,323,14,22
1,5,28,324,14,22
1,5,29,325,14,22
1,5,30,326,14,22
1,5,31,327,14,22
1,5,32,328,14,22
1,5,33,329,14,22
1,5,34,330,14,22
1,5,35,331,14,22
1,5,36,332,14,22
1,5,37,333,14,22
1,5,38,334,14,22
1,5,39,335,14,22
1,5,40,336,14,22
1,5,41,337,14,22
1,5,42,338,14,22
1,5,43,339,14,22
1,5,44,340,14,22
1,5,45,341,14,22
1,5,46,342,14,22
1,5,47,343,14,22
1,5,48,344,14,22
1,5,49,345,14,22
1,5,51,346,14,22
1,5,52,347,14,22
1,5,53,348,14,22
1,5,54,349,14,22
1,5,55,350,14,22
1,5,56,351,14,22
1,6,1,352,14,9
1,6,2,353,14,9
1,6,3,354,14,9
1,6,4,355,14,9
1,6,5,356,14,9
1,6,6,357,14,9
1,6,7,358,14,9
1,6,8,359,14,9
1,6,9,360,14,9
1,6,10,361,14,9
1,6,11,362,14,9
1,6,12,363,14,9
1,6,13,364,14,9
1,6,14,365,14,9
1,6,15,366,14,9
1,6,16,367,14,9
1,6,17,368,14,9
1,6,18,369,14,9
1,6,19,370,14,9
1,6,20,371,14,9
1,6,21,372,14,9
1,6,22,373,14,9
1,6,23,374,14,9
1,6,24,375,14,9
1,6,25,376,14,9
1,6,26,377,14,9
1,6,27,378,14,9
1,6,28,379,14,9
1,6,29,380,14,9
1,6,30,381,14,9
1,6,31,382,14,9
1,6,32,383,14,9
1,6,33,384,14,9
1,6,34,385,14,9
1,6,35,386,14,9
1,6,36,387,14,9
1,6,37,388,14,9
1,6,38,389,14,9
1,6,39,390,14,9
1,6,40,391,14,9
1,6,41,392,14,9
1,6,42,393,14,9
1,6,43,394,14,9
1,6,44,395,14,9
1,6,45,396,14,9
1,6,46,397,14,9
1,6,47,398,14,9
1,6,48,399,14,9
1,6,49,400,14,9
1,6,50,401,14,9
1,6,51,402,14,9
1,6,52,403,14,9
1,6,53,404,14,9
1,6,54,405,14,9
1,6,55,406,14,9
1,7,1,408,15,31
1,7,2,409,15,31
1,7,3,410,15,31
1,7,4,411,15,31
1,7,5,412,15,31
1,7,6,413,15,31
1,7,7,414,15,31
1,7,8,415,15,31
1,7,9,416,15,31
1,7,10,417,15,31
1,7,11,418,15,31
1,7,12,419,15,31
1,7,13,420,15,31
1,7,14,421,15,31
1,7,15,422,15,31
1,7,16,423,15,31
1,7,17,424,15,31
1,7,18,425,15,31
1,7,19,426,15,31
1,7,20,427,15,31
1,7,21,428,15,31
1,7,22,429,15,31
1,7,23,430,15,31
1,7,24,431,15,31
1,7,25,432,15,31
1,7,26,433,15,31
1,7,27,434,15,31
1,7,28,435,15,31
1,7,29,436,15,31
1,7,30,437,15,31
1,7,31,438,15,31
1,7,32,439,15,31
1,7,33,440,15,31
1,7,34,441,15,31
1,7,35,442,15,31
1,7,36,443,15,31
1,7,37,444,15,31
1,7,38,445,15,31
1,7,39,446,15,31
1,7,40,447,15,31
1,7,41,448,15,31
1,7,42,449,15,31
1,7,43,450,15,31
1,7,44,451,15,31
1,7,45,452,15,31
1,7,46,453,15,31
1,7,47,454,15,31
1,7,48,455,15,31
1,7,49,456,15,31
1,7,50,457,15,31
1,7,51,458,15,31
1,7,52,459,15,31
1,7,53,460,15,31
1,7,54,461,15,31
1,7,55,462,15,31
1,7,56,463,15,31
1,7,57,464,15,31
1,7,58,465,15,31
1,7,59,466,15,31
1,7,60,467,15,31
1,7,61,468,15,31
1,7,62,469,15,31
1,7,63,470,15,31
1,7,64,471,15,31
1,7,65,472,15,31
1,7,66,473,15,31
1,7,67,474,15,31
1,7,68,475,15,31
1,7,69,476,15,31
1,7,70,477,15,31
1,7,71,478,15,31
1,7,72,479,15,31
1,7,73,480,15,31
1,7,74,481,15,31
1,7,75,482,15,31
1,7,76,483,15,31
1,7,77,484,15,31
1,7,78,485,15,31
1,7,79,486,15,31
1,7,80,487,15,31
1,7,81,488,15,31
1,7,82,489,15,31
1,7,83,490,15,31
1,7,84,491,15,31
1,7,85,492,15,31
1,7,86,493,15,31
1,7,87,494,15,31
1,7,88,495,15,31
1,7,89,496,15,31
1,7,90,497,15,31
1,8,1,500,17,3
1,8,2,501,17,3
1,8,3,502,17,3
1,8,4,503,17,3
1,8,5,504,17,3
1,8,6,505,17,3
1,8,7,506,17,3
1,8,8,507,17,3
1,8,9,508,17,3
1,8,10,509,17,3
1,8,11,510,17,3
1,8,12,511,17,3
1,8,13,512,17,3
1,8,14,513,17,3
1,8,15,514,17,3
1,8,16,515,17,3
1,8,17,516,17,3
1,8,18,517,17,3
1,8,19,518,17,3
1,8,20,519,17,3
1,8,21,520,17,3
1,8,22,521,17,3
1,8,23,522,17,3
1,8,24,523,17,3
1,8,25,524,17,3
1,8,26,525,17,3
1,8,27,526,17,3
1,8,28,527,17,3
1,8,29,528,17,3
1,8,30,529,17,3
1,8,31,530,17,3
1,8,32,531,17,3
1,8,33,532,17,3
1,8,34,533,17,3
1,8,35,534,17,3
1,8,36,535,17,3
1,8,37,536,17,3
1,8,38,537,17,3
1,8,39,538,17,3
1,8,40,539,17,3
1,8,41,540,17,3
1,8,42,541,17,3
1,8,43,542,17,3
1,8,44,543,17,3
1,8,45,544,17,3
1,9,1,547,19,10
1,9,2,548,19,10
1,9,3,549,19,10
1,9,4,550,19,10
1,9,5,551,19,10
1,9,6,552,19,10
1,9,7,553,19,10
1,9,8,554,19,10
1,9,9,555,19,10
1,9,10,556,19,10
1,9,11,557,19,10
1,9,12,558,19,10
1,9,13,559,19,10
1,9,14,560,19,10
1,9,15,561,19,10
1,9,16,562,19,10
1,9,17,563,19,10
1,9,18,564,19,10
1,9,19,565,19,10
1,9,20,566,19,10
1,9,21,567,19,10
1,9,22,568,19,10
1,9,23,569,19,10
1,9,24,570,19,10
1,9,25,571,19,10
1,9,26,572,19,10
1,9,27,573,19,10
1,9,28,574,19,10
1,9,29,575,19,10
1,9,30,576,19,10
1,9,31,577,19,10
1,9,32,578,19,10
1,9,33,579,19,10
1,9,34,580,19,10
1,9,35,581,19,10
1,9,36,582,19,10
1,9,37,583,19,10
1,9,38,584,19,10
1,9,39,585,19,10
1,9,40,586,19,10
1,9,41,587,19,10
1,9,42,588,19,10
1,9,43,589,19,10
1,9,44,590,19,10
1,9,45,591,19,10
1,9,46,592,19,10
1,9,47,593,19,10
1,9,48,594,19,10
1,9,49,595,19,10
1,9,50,596,19,10
1,9,51,597,19,10
1,9,52,598,19,10
1,9,53,599,19,10
1,9,54,600,19,10
1,9,55,601,19,10
1,9,56,602,19,10
1,9,57,603,19,10
1,9,58,604,19,10
1,9,59,605,19,10
1,9,60,606,19,10
1,9,61,607,19,10
1,9,62,608,19,10
1,9,63,609,19,10
1,9,64,610,19,10
1,9,65,611,19,10
1,9,66,612,19,10
1,10,1,616,22,16
1,10,2,617,22,16
1,10,3,618,22,16
1,10,4,619,22,16
1,10,5,620,22,16
1,10,6,621,22,16
1,10,7,622,22,16
1,10,8,623,22,16
1,10,9,624,22,16
1,10,10,625,22,16
1,10,11,626,22,16
1,10,12,627,22,16
1,10,13,628,22,16
1,10,15,629,22,16
1,10,16,630,22,16
1,10,17,631,22,16
1,10,18,632,22,16
1,10,20,633,22,16
1,10,21,634,22,16
1,10,22,635,22,16
1,10,23,636,22,16
1,10,24,637,22,16
1,10,25,638,22,16
1,10,26,639,22,16
1,10,27,640,22,16
1,10,28,641,22,16
1,10,29,642,22,16
1,10,30,643,22,16
1,10,31,644,22,16
1,10,32,645,22,16
1,10,33,646,22,16
1,10,34,647,22,16
1,10,35,648,22,16
1,10,36,649,22,16
1,10,37,650,22,16
1,10,38,651,22,16
1,11,1,652,22,9
1,11,2,653,22,9
1,11,3,654,22,9
1,11,4,655,22,9
1,11,5,656,22,9
1,11,6,657,22,9
1,11,7,658,22,9
1,11,8,659,22,9
1,11,9,660,22,9
1,11,11,661,22,9
1,11,12,662,22,9
1,11,13,663,22,9
1,11,16,664,22,9
1,11,17,665,22,9
1,11,18,666,22,9
1,11,19,667,22,9
1,11,20,668,22,9
1,11,21,669,22,9
1,11,22,670,22,9
1,11,23,671,22,9
1,11,24,672,22,9
1,11,25,673,22,9
1,11,26,674,22,9
1,11,27,675,22,9
1,11,28,676,22,9
1,11,29,677,22,9
1,11,30,678,22,9
1,11,31,679,22,9
1,11,32,680,22,9
1,11,33,681,22,9
1,11,34,682,22,9
1,11,35,683,22,9
1,11,36,684,22,9
1,11,37,685,22,9
1,11,38,686,22,9
1,11,39,687,22,9
1,11,40,688,22,9
1,11,41,689,22,9
1,11,42,690,22,9
1,11,43,691,22,9
1,11,44,692,22,9
1,11,45,693,22,9
1,11,46,694,22,9
1,11,47,695,22,9
1,11,49,696,22,9
1,11,50,697,22,9
1,11,51,698,22,9
1,11,52,699,22,9
1,11,53,700,22,9
1,11,54,701,22,9
1,11,55,702,22,9
1,11,56,703,22,9
1,11,57,704,22,9
1,12,1,707,24,7
1,12,2,708,24,7
1,12,3,709,24,7
1,12,4,710,24,7
1,12,5,711,24,7
1,12,6,712,24,7
1,12,7,713,24,7
1,12,8,714,24,7
1,12,9,715,24,7
1,12,10,716,24,7
1,12,11,717,24,7
1,12,12,718,24,7
1,12,13,719,24,7
1,12,14,720,24,7
1,12,16,721,24,7
1,12,17,722,24,7
1,12,18,723,24,7
1,12,19,724,24,7
1,12,20,725,24,7
1,12,21,726,24,7
1,12,22,727,24,7
1,12,23,728,24,7
1,12,24,729,24,7
1,13,1,731,25,5
1,13,2,732,25,5
1,13,3,733,25,5
1,13,4,734,25,5
1,13,5,735,25,5
1,13,6,736,25,5
1,13,7,737,25,5
1,13,8,738,25,5
1,13,9,739,25,5
1,13,10,740,25,5
1,13,11,741,25,5
1,13,12,742,25,5
1,13,13,743,25,5
1,13,14,744,25,5
1,13,15,745,25,5
1,13,16,746,25,5
1,13,17,747,25,5
1,13,18,748,25,5
1,13,19,749,25,5
1,13,20,750,25,5
1,13,21,751,25,5
1,13,22,752,25,5
1,13,23,753,25,5
1,13,24,754,25,5
1,13,25,755,25,5
1,13,26,756,25,5
1,13,27,757,25,5
1,13,28,758,25,5
1,13,29,759,25,5
1,13,30,760,25,5
1,13,32,761,25,5
1,13,33,762,25,5
1,13,34,763,25,5
1,14,1,765,26,17
1,14,2,766,26,17
1,14,3,767,26,17
1,14,4,768,26,17
1,14,5,769,26,17
1,14,6,770,26,17
1,14,7,771,26,17
1,14,8,772,26,17
1,14,9,773,26,17
1,14,10,774,26,17
1,14,11,775,26,17
1,14,12,776,26,17
1,14,13,777,26,17
1,14,14,778,26,17
1,14,15,779,26,17
1,14,16,780,26,17
1,14,17,781,26,17
1,14,18,782,26,17
1,14,19,783,26,17
1,14,20,784,26,17
1,14,21,785,26,17
1,14,22,786,26,17
1,14,23,787,26,17
1,14,24,788,26,17
1,14,25,789,26,17
1,14,26,790,26,17
1,14,27,791,26,17
1,14,28,792,26,17
1,14,29,793,26,17
1,14,30,794,26,17
1,15,1,797,28,11
1,15,2,798,28,11
1,15,3,799,28,11
1,15,4,800,28,11
1,15,5,801,28,11
1,15,6,802,28,11
1,15,7,803,28,11
1,15,8,804,28,11
1,15,9,805,28,11
1,15,10,806,28,11
1,15,11,807,28,11
1,15,12,808,28,11
1,15,13,809,28,11
1,15,14,810,28,11
1,15,15,811,28,11
1,15,16,812,28,11
1,15,17,813,28,11
1,15,18,814,28,11
1,15,19,815,28,11
1,15,20,816,28,11
1,15,21,817,28,11
1,15,22,818,28,11
1,15,23,819,28,11
1,15,24,820,28,11
1,15,25,821,28,11
1,15,26,822,28,11
1,15,27,823,28,11
1,15,28,824,28,11
1,15,29,825,28,11
1,15,30,826,28,11
1,15,31,827,28,11
1,15,32,828,28,11
1,15,33,829,28,11
1,15,34,830,28,11
1,15,35,831,28,11
1,15,36,832,28,11
1,15,37,833,28,11
1,15,38,834,28,11
1,16,1,838,31,4
1,16,2,839,31,4
1,16,3,840,31,4
1,16,4,841,31,4
1,16,5,842,31,4
1,16,6,843,31,4
1,16,7,844,31,4
1,16,8,845,31,4
1,16,9,846,31,4
1,16,10,847,31,4
1,16,11,848,31,4
1,16,12,849,31,4
1,16,13,850,31,4
1,16,14,851,31,4
1,16,15,852,31,4
1,16,16,853,31,4
1,16,17,854,31,4
1,16,18,855,31,4
1,16,19,856,31,4
1,16,20,857,31,4
1,16,21,858,31,4
1,16,22,859,31,4
1,16,23,860,31,4
1,16,24,861,31,4
1,16,25,862,31,4
1,16,26,863,31,4
1,16,28,864,31,4
1,16,29,865,31,4
1,16,30,866,31,4
1,16,31,867,31,4
1,16,32,868,31,4
1,16,33,869,31,4
1,16,34,870,31,4
1,16,35,871,31,4
1,16,36,872,31,4
1,16,37,873,31,4
1,16,38,874,31,4
1,16,39,875,31,4
1,16,40,876,31,4
1,16,41,877,31,4
1,16,42,878,31,4
1,16,43,879,31,4
1,16,45,880,31,4
1,16,46,881,31,4
1,17,1,885,34,2
1,17,2,886,34,2
1,17,3,887,34,2
1,17,4,888,34,2
1,17,5,889,34,2
1,17,6,890,34,2
1,17,7,891,34,2
1,17,8,892,34,2
1,17,9,893,34,2
1,17,10,894,34,2
1,17,11,895,34,2
1,17,12,896,34,2
1,17,13,897,34,2
1,17,14,898,34,2
1,17,15,899,34,2
1,17,16,900,34,2
1,17,17,901,34,2
1,17,18,902,34,2
1,17,19,903,34,2
1,17,20,904,34,2
1,17,21,905,34,2
1,17,22,906,34,2
1,17,23,907,34,2
1,17,24,908,34,2
1,17,25,909,34,2
1,17,26,910,34,2
1,17,27,911,34,2
1,17,28,912,34,2
1,17,29,913,34,2
1,17,30,914,34,2
1,17,31,915,34,2
1,17,32,916,34,2
1,17,33,917,34,2
1,17,35,918,34,2
1,17,36,919,34,2
1,17,37,920,34,2
1,17,38,921,34,2
1,17,39,922,34,2
1,17,40,923,34,2
1,17,41,924,34,2
1,17,42,925,34,2
1,18,1,929,37,14
1,18,2,930,37,14
1,18,3,931,37,14
1,18,4,932,37,14
1,18,5,933,37,14
1,18,6,934,37,14
1,18,7,935,37,14
1,18,8,936,37,14
1,18,9,937,37,14
1,18,10,938,37,14
1,18,11,939,37,14
1,18,12,940,37,14
1,18,13,941,37,14
1,18,14,942,37,14
1,18,15,943,37,14
1,18,16,944,37,14
1,18,17,945,37,14
1,18,18,946,37,14
1,18,19,947,37,14
1,18,20,948,37,14
1,18,21,949,37,14
1,18,22,950,37,14
1,18,23,951,37,14
1,18,24,952,37,14
1,18,25,953,37,14
1,18,26,954,37,14
1,18,27,955,37,14
1,18,28,956,37,14
1,18,29,957,37,14
1,18,30,958,37,14
1,18,31,959,37,14
1,18,32,960,37,14
1,18,33,961,37,14
1,18,34,962,37,14
1,18,35,963,37,14
1,18,36,964,37,14
1,18,37,965,37,14
1,18,38,966,37,14
1,18,39,967,37,14
1,18,40,968,37,14
1,18,41,969,37,14
1,18,42,970,37,14
1,18,43,971,37,14
1,18,44,972,37,14
1,18,45,973,37,14
1,18,46,974,37,14
1,18,47,975,37,14
1,18,48,976,37,14
1,18,49,977,37,14
1,18,51,978,37,14
1,18,52,979,37,14
1,18,53,980,37,14
1,18,54,981,37,14
1,18,55,982,37,14
1,18,56,983,37,14
1,18,57,984,37,14
1,18,58,985,37,14
1,18,59,986,37,14
1,18,60,987,37,14
1,18,61,988,37,14
1,18,62,989,37,14
1,18,63,990,37,14
1,18,64,991,37,14
1,18,65,992,37,14
1,18,66,993,37,14
1,18,67,994,37,14
1,18,68,995,37,14
1,18,69,996,37,14
1,18,70,997,37,14
1,18,71,998,37,14
1,18,72,999,37,14
1,18,73,1000,37,14
1,18,74,1001,37,14
1,18,75,1002,37,14
1,18,76,1003,37,14
1,18,77,1004,37,14
1,18,78,1005,37,14
1,18,79,1006,37,14
1,18,80,1007,37,14
1,18,81,1008,37,14
1,18,82,1009,37,14
1,19,1,1013,40,2
1,19,2,1014,40,2
1,19,3,1015,40,2
1,19,4,1016,40,2
1,19,5,1017,40,2
1,19,6,1018,40,2
1,19,7,1019,40,2
1,19,8,1020,40,2
1,19,9,1021,40,2
1,19,10,1022,40,2
1,19,11,1023,40,2
1,19,12,1024,40,2
1,19,13,1025,40,2
1,19,14,1026,40,2
1,19,15,1027,40,2
1,19,16,1028,40,2
1,19,17,1029,40,2
1,19,18,1030,40,2
1,19,19,1031,40,2
1,19,20,1032,40,2
1,19,21,1033,40,2
1,19,22,1034,40,2
1,20,2,1044,49,23
1,20,3,1045,49,23
1,20,4,1046,49,23
1,20,5,1047,49,23
1,20,6,1048,49,23
1,20,7,1049,49,23
1,20,9,1050,49,23
1,20,10,1051,49,23
1,20,11,1052,49,23
1,20,12,1053,49,23
1,20,13,1054,49,23
1,20,14,1055,49,23
1,20,15,1056,49,23
1,20,16,1057,49,23
1,20,17,1058,49,23
1,20,18,1059,49,23
1,20,19,1060,49,23
1,20,20,1061,49,23
1,20,21,1062,49,23
1,20,22,1063,49,23
1,20,23,1064,49,23
1,20,24,1065,49,23
1,20,25,1066,49,23
1,20,26,1067,49,23
1,20,27,1068,49,23
1,20,28,1069,49,23
1,20,29,1070,49,23
1,20,30,1071,49,23
1,20,31,1072,49,23
1,20,32,1073,49,23
1,20,33,1074,49,23
1,20,34,1075,49,23
1,20,35,1076,49,23
1,20,36,1077,49,23
1,20,37,1078,49,23
1,20,38,1079,49,23
1,20,39,1080,49,23
1,20,40,1081,49,23
1,20,41,1082,49,23
1,20,42,1083,49,23
1,20,43,1084,49,23
1,20,44,1085,49,23
1,20,45,1086,49,23
1,20,46,1087,49,23
1,20,47,1088,49,23
1,20,48,1089,49,23
1,20,49,1090,49,23
1,20,50,1091,49,23
1,20,51,1092,49,23
1,20,52,1093,49,23
1,20,53,1094,49,23
1,20,54,1095,49,23
1,20,55,1096,49,23
1,20,56,1097,49,23
1,20,57,1098,49,23
1,20,58,1099,49,23
1,20,59,1100,49,23
1,20,60,1101,49,23
1,20,61,1102,49,23
1,20,62,1103,49,23
1,20,63,1104,49,23
1,20,64,1105,49,23
1,20,65,1106,49,23
1,20,66,1107,49,23
1,20,67,1108,49,23
1,20,68,1109,49,23
1,20,69,1110,49,23
1,20,70,1111,49,23
1,20,71,1112,49,23
1,20,73,1113,49,23
1,20,74,1114,49,23
1,20,75,1115,49,23
1,20,76,1116,49,23
1,20,77,1117,49,23
1,20,78,1118,49,23
1,20,79,1119,49,23
1,20,80,1120,49,23
1,20,81,1121,49,23
1,20,82,1122,49,23
1,20,83,1123,49,23
1,20,84,1124,49,23
1,20,85,1125,49,23
1,20,86,1126,49,23
1,20,87,1127,49,23
1,20,88,1128,49,23
1,20,89,1129,49,23
1,20,90,1130,49,23
1,20,91,1131,49,23
1,20,92,1132,49,23
1,20,93,1133,49,23
1,20,94,1134,49,23
1,20,95,1135,49,23
1,20,96,1136,49,23
1,20,97,1137,49,23
1,20,98,1138,49,23
1,20,100,1139,49,23
1,20,101,1140,49,23
1,20,102,1141,49,23
1,20,103,1142,49,23
1,20,104,1143,49,23
1,20,105,1144,49,23
1,20,106,1145,49,23
1,20,107,1146,49,23
1,20,108,1147,49,23
1,20,109,1148,49,23
1,20,110,1149,49,23
1,20,111,1150,49,23
1,20,112,1151,49,23
1,20,114,1152,49,23
1,20,115,1153,49,23
1,20,116,1154,49,23
1,20,117,1155,49,23
1,20,118,1156,49,23
1,20,119,1157,49,23
1,20,120,1158,49,23
1,20,121,1159,49,23
1,20,122,1160,49,23
1,20,123,1161,49,23
1,20,124,1162,49,23
1,20,125,1163,49,23
1,20,126,1164,49,23
1,20,127,1165,49,23
1,20,128,1166,49,23
1,20,129,1167,49,23
1,20,130,1168,49,23
1,20,131,1169,49,23
1,20,132,1170,49,23
1,20,134,1171,49,23
1,20,135,1172,49,23
1,20,136,1173,49,23
1,20,137,1174,49,23
1,20,138,1175,49,23
1,20,139,1176,49,23
1,20,140,1177,49,23
1,20,141,1178,49,23
1,20,142,1179,49,23
1,20,143,1180,49,23
1,21,1,1186,54,17
1,21,2,1187,54,17
1,21,3,1188,54,17
1,21,4,1189,54,17
1,21,5,1190,54,17
1,21,6,1191,54,17
1,21,7,1192,54,17
1,21,8,1193,54,17
1,21,9,1194,54,17
1,21,10,1195,54,17
1,21,11,1196,54,17
1,21,12,1197,54,17
1,21,13,1198,54,17
1,21,14,1199,54,17
1,21,15,1200,54,17
1,21,16,1201,54,17
1,21,17,1202,54,17
1,21,18,1203,54,17
1,21,19,1204,54,17
1,21,20,1205,54,17
1,21,21,1206,54,17
1,21,22,1207,54,17
1,21,23,1208,54,17
1,21,24,1209,54,17
1,21,25,1210,54,17
1,21,26,1211,54,17
1,21,27,1212,54,17
1,21,28,1213,54,17
1,21,29,1214,54,17
1,21,30,1215,54,17
1,21,31,1216,54,17
1,21,32,1217,54,17
1,21,33,1218,54,17
1,21,34,1219,54,17
1,21,35,1220,54,17
1,21,36,1221,54,17
1,21,37,1222,54,17
1,21,38,1223,54,17
1,21,39,1224,54,17
1,21,40,1225,54,17
1,21,41,1226,54,17
1,21,42,1227,54,17
1,21,43,1228,54,17
1,21,44,1229,54,17
1,22,1,1226,50,3
1,22,2,1227,50,3
1,22,3,1228,50,3
1,22,4,1229,50,3
1,22,5,1230,50,3
1,22,6,1231,50,3
1,22,7,1232,50,3
1,22,8,1233,50,3
1,22,9,1234,50,3
1,22,10,1235,50,3
1,22,11,1236,50,3
1,23,1,1237,50,4
1,23,2,1238,50,4
1,23,3,1239,50,4
1,23,4,1240,50,4
1,23,5,1241,50,4
1,23,6,1242,50,4
1,23,7,1243,50,4
1,23,8,1244,50,4
1,23,9,1245,50,4
1,23,10,1246,50,4
1,23,11,1247,50,4
1,23,12,1248,50,4
1,23,13,1249,50,4
1,23,14,1250,50,4
1,23,15,1251,50,4
1,23,16,1252,50,4
1,23,17,1253,50,4
1,23,18,1254,50,4
1,23,19,1255,50,4
1,23,20,1256,50,4
1,23,21,1257,50,4
1,23,22,1258,50,4
1,23,23,1259,50,4
1,23,24,1260,50,4
1,23,25,1261,50,4
1,23,26,1262,50,4
1,23,27,1263,50,4
1,23,28,1264,50,4
1,23,29,1265,50,4
1,23,30,1266,50,4
1,23,31,1267,50,4
1,23,32,1268,50,4
1,23,33,1269,50,4
1,23,34,1270,50,4
1,23,35,1271,50,4
1,23,36,1272,50,4
1,24,1,1255,32,2
1,24,2,1256,32,2
1,24,3,1257,32,2
1,24,4,1258,32,2
1,24,5,1259,32,2
1,24,6,1260,32,2
1,24,7,1261,32,2
1,24,8,1262,32,2
1,24,9,1263,32,2
1,24,10,1264,32,2
1,24,11,1265,32,2
1,24,12,1266,32,2
1,24,13,1267,32,2
1,24,14,1268,32,2
1,24,15,1269,32,2
1,24,16,1270,32,2
1,24,17,1271,32,2
1,24,18,1272,32,2
1,24,19,1273,32,2
1,24,20,1274,32,2
1,24,21,1275,32,2
1,24,22,1276,32,2
1,24,23,1277,32,2
1,24,24,1278,32,2
1,24,25,1279,32,2
1,24,26,1280,32,2
1,24,27,1281,32,2
1,24,28,1282,32,2
1,24,29,1283,32,2
1,24,30,1284,32,2
1,24,31,1285,32,2
1,24,32,1286,32,2
1,24,33,1287,32,2
1,24,34,1288,32,2
1,24,35,1289,32,2
1,24,36,1290,32,2
1,24,37,1291,32,2
1,24,38,1292,32,2
1,25,1,1314,53,13
1,25,2,1315,53,13
1,25,3,1316,53,13
1,25,4,1317,53,13
1,25,5,1318,53,13
1,25,6,1319,53,13
1,25,7,1320,53,13
1,25,8,1321,53,13
1,25,9,1322,53,13
1,25,10,1323,53,13
1,25,11,1324,53,13
1,25,12,1325,53,13
1,25,13,1326,53,13
1,25,14,1327,53,13
1,25,15,1328,53,13
1,25,16,1329,53,13
1,25,17,1330,53,13
1,25,18,1331,53,13
1,25,19,1332,53,13
1,25,20,1333,53,13
1,25,21,1334,53,13
1,25,22,1335,53,13
1,25,23,1336,53,13
1,25,24,1337,53,13
1,25,25,1338,53,13
1,25,26,1339,53,13
1,25,27,1340,53,13
1,25,28,1341,53,13
1,25,29,1342,53,13
1,25,30,1343,53,13
1,25,31,1344,53,13
1,25,32,1345,53,13
1,25,33,1346,53,13
1,25,34,1347,53,13
1,25,35,1348,53,13
1,25,36,1349,53,13
1,25,37,1350,53,13
1,25,38,1351,53,13
1,25,39,1352,53,13
1,25,40,1353,53,13
1,25,41,1354,53,13
1,25,42,1355,53,13
1,25,43,1356,53,13
1,25,44,1357,53,13
1,25,45,1358,53,13
1,25,46,1359,53,13
1,25,47,1360,53,13
1,25,48,1361,53,13
1,25,49,1362,53,13
1,25,50,1363,53,13
1,25,51,1364,53,13
1,26,1,1364,52,4
1,26,2,1365,52,4
1,26,3,1366,52,4
1,26,4,1367,52,4
1,26,5,1368,52,4
1,26,6,1369,52,4
1,26,7,1370,52,4
1,26,8,1371,52,4
1,26,9,1372,52,4
1,26,10,1373,52,4
1,26,11,1374,52,4
1,26,12,1375,52,4
1,26,13,1376,52,4
1,26,14,1377,52,4
1,26,15,1378,52,4
1,26,16,1379,52,4
1,26,17,1380,52,4
1,26,18,1381,52,4
1,26,19,1382,52,4
1,26,20,1383,52,4
1,26,21,1384,52,4
1,26,22,1385,52,4
1,26,24,1386,52,4
1,26,25,1387,52,4
1,26,26,1388,52,4
1,26,27,1389,52,4
1,26,28,1390,52,4
1,26,29,1391,52,4
1,26,30,1392,52,4
1,26,31,1393,52,4
1,26,32,1394,52,4
1,26,33,1395,52,4
1,26,34,1396,52,4
1,26,35,1397,52,4
1,26,36,1398,52,4
1,26,37,1399,52,4
1,26,38,1400,52,4
1,26,39,1401,52,4
1,26,40,1402,52,4
1,26,41,1403,52,4
1,26,42,1404,52,4
1,26,43,1405,52,4
1,26,44,1406,52,4
1,26,45,1407,52,4
1,26,46,1408,52,4
1,26,47,1409,52,4
1,26,48,1410,52,4
1,26,49,1411,52,4
1,27,1,1416,56,17
1,27,2,1417,56,17
1,27,3,1418,56,17
1,27,4,1419,56,17
1,27,5,1420,56,17
1,27,6,1421,56,17
1,27,7,1422,56,17
1,27,8,1423,56,17
1,27,9,1424,56,17
1,27,10,1425,56,17
1,27,11,1426,56,17
1,27,12,1427,56,17
1,27,13,1428,56,17
1,27,14,1429,56,17
1,27,15,1430,56,17
1,27,16,1431,56,17
1,27,17,1432,56,17
1,27,18,1433,56,17
1,27,19,1434,56,17
1,27,20,1435,56,17
1,27,21,1436,56,17
1,27,22,1437,56,17
1,27,23,1438,56,17
1,27,24,1439,56,17
1,27,25,1440,56,17
1,27,26,1441,56,17
1,27,27,1442,56,17
1,27,28,1443,56,17
1,27,29,1444,56,17
1,27,30,1445,56,17
1,27,31,1446,56,17
1,27,32,1447,56,17
1,27,33,1448,56,17
1,27,34,1449,56,17
1,27,35,1450,56,17
1,27,36,1451,56,17
1,27,37,1452,56,17
1,27,38,1453,56,17
1,27,39,1454,56,17
1,27,40,1455,56,17
1,27,41,1456,56,17
1,27,42,1457,56,17
1,27,43,1458,56,17
1,27,44,1459,56,17
1,27,45,1460,56,17
1,27,46,1461,56,17
1,27,47,1462,56,17
1,27,48,1463,56,17
1,27,49,1464,56,17
1,27,50,1465,56,17
1,27,51,1466,56,17
1,27,52,1467,56,17
1,27,53,1468,56,17
1,27,54,1469,56,17
1,27,55,1470,56,17
1,27,56,1471,56,17
1,27,57,1472,56,17
1,27,58,1473,56,17
1,28,1,1490,72,2
1,28,2,1491,72,2
1,28,3,1492,72,2
1,28,4,1493,72,2
1,28,5,1494,72,2
1,28,6,1495,72,2
1,28,7,1496,72,2
1,28,8,1497,72,2
1,28,9,1498,72,2
1,28,10,1499,72,2
1,28,11,1500,72,2
1,28,12,1501,72,2
1,28,13,1502,72,2
1,28,14,1503,72,2
1,28,15,1504,72,2
1,28,16,1505,72,2
1,28,17,1506,72,2
1,28,18,1507,72,2
1,28,19,1508,72,2
1,28,20,1509,72,2
1,28,21,1510,72,2
1,28,22,1511,72,2
1,28,23,1512,72,2
1,28,24,1513,72,2
1,28,25,1514,72,2
1,28,26,1515,72,2
1,28,27,1516,72,2
1,28,28,1517,72,2
1,28,29,1518,72,2
1,28,30,1519,72,2
1,28,31,1520,72,2
1,28,32,1521,72,2
1,28,33,1522,72,2
1,28,34,1523,72,2
1,28,35,1524,72,2
1,28,36,1525,72,2
1,28,37,1526,72,2
1,29,1,1514,59,15
1,29,2,1515,59,15
1,29,3,1516,59,15
1,29,4,1517,59,15
1,29,5,1518,59,15
1,29,6,1519,59,15
1,29,7,1520,59,15
1,29,8,1521,59,15
1,29,9,1522,59,15
1,29,10,1523,59,15
1,29,11,1524,59,15
1,29,12,1525,59,15
1,29,13,1526,59,15
1,29,14,1527,59,15
1,29,15,1528,59,15
1,29,16,1529,59,15
1,29,17,1530,59,15
1,29,18,1531,59,15
1,29,19,1532,59,15
1,29,20,1533,59,15
1,29,21,1534,59,15
1,29,22,1535,59,15
1,29,23,1536,59,15
1,29,24,1537,59,15
1,29,25,1538,59,15
1,29,26,1539,59,15
1,29,27,1540,59,15
1,29,28,1541,59,15
1,29,29,1542,59,15
1,29,30,1543,59,15
1,29,31,1544,59,15
1,29,32,1545,59,15
1,29,33,1546,59,15
1,29,34,1547,59,15
1,29,35,1548,59,15
1,29,36,1549,59,15
1,29,37,1550,59,15
1,29,38,1551,59,15
1,29,39,1552,59,15
1,29,40,1553,59,15
1,29,41,1554,59,15
1,29,42,1555,59,15
1,29,43,1556,59,15
1,29,45,1557,59,15
1,29,46,1558,59,15
1,29,47,1559,59,15
1,29,48,1560,59,15
1,29,49,1561,59,15
1,29,50,1562,59,15
1,29,51,1563,59,15
1,29,52,1564,59,15
1,29,53,1565,59,15
1,29,54,1566,59,15
1,29,55,1567,59,15
1,29,56,1568,59,15
1,29,57,1569,59,15
1,29,58,1570,59,15
1,29,59,1571,59,15
1,29,60,1572,59,15
1,29,61,1573,59,15
1,29,62,1574,59,15
1,29,63,1575,59,15
1,29,64,1576,59,15
1,29,65,1577,59,15
1,29,66,1578,59,15
1,29,67,1579,59,15
1,29,68,1580,59,15
1,29,69,1581,59,15
1,29,70,1582,59,15
1,29,71,1583,59,15
1,29,72,1584,59,15
1,29,73,1585,59,15
1,29,74,1586,59,15
1,29,75,1587,59,15
1,29,76,1588,59,15
1,29,77,1589,59,15
1,29,78,1590,59,15
1,29,79,1591,59,15
1,29,80,1592,59,15
1,29,81,1593,59,15
1,29,82,1594,59,15
1,29,83,1595,59,15
1,30,1,1602,65,8
1,30,2,1603,65,8
1,30,3,1604,65,8
1,30,4,1605,65,8
1,30,5,1606,65,8
1,30,6,1607,65,8
1,30,7,1608,65,8
1,30,8,1609,65,8
1,30,9,1610,65,8
1,30,10,1611,65,8
1,30,11,1612,65,8
1,30,12,1613,65,8
1,30,13,1614,65,8
1,30,14,1615,65,8
1,30,15,1616,65,8
1,30,16,1617,65,8
1,30,17,1618,65,8
1,30,18,1619,65,8
1,30,19,1620,65,8
1,30,20,1621,65,8
1,30,21,1622,65,8
1,30,22,1623,65,8
1,30,23,1624,65,8
1,30,24,1625,65,8
1,30,25,1626,65,8
1,30,26,1627,65,8
1,30,27,1628,65,8
1,30,28,1629,65,8
1,30,29,1630,65,8
1,30,30,1631,65,8
1,30,31,1632,65,8
1,30,32,1633,65,8
1,30,33,1634,65,8
1,30,34,1635,65,8
1,30,35,1636,65,8
1,30,36,1637,65,8
1,30,37,1638,65,8
1,30,38,1639,65,8
1,30,39,1640,65,8
1,30,40,1641,65,8
1,30,41,1642,65,8
1,30,42,1643,65,8
1,30,43,1644,65,8
1,30,44,1645,65,8
1,30,45,1646,65,8
1,30,46,1647,65,8
1,30,47,1648,65,8
1,30,48,1649,65,8
1,30,49,1650,65,8
1,31,1,1651,65,26
1,31,2,1652,65,26
1,31,3,1653,65,26
1,31,4,1654,65,26
1,31,5,1655,65,26
1,31,6,1656,65,26
1,31,7,1657,65,26
1,31,8,1658,65,26
1,31,9,1659,65,26
1,31,10,1660,65,26
1,31,11,1661,65,26
1,31,12,1662,65,26
1,31,13,1663,65,26
1,31,14,1664,65,26
1,31,15,1665,65,26
1,31,16,1666,65,26
1,31,17,1667,65,26
1,31,18,1668,65,26
1,31,19,1669,65,26
1,31,20,1670,65,26
1,31,21,1671,65,26
1,31,22,1672,65,26
1,31,23,1673,65,26
1,31,24,1674,65,26
1,31,25,1675,65,26
1,31,26,1676,65,26
1,31,27,1677,65,26
1,31,28,1678,65,26
1,31,29,1679,65,26
1,31,30,1680,65,26
1,31,31,1681,65,26
1,31,32,1682,65,26
1,31,33,1683,65,26
1,31,34,1684,65,26
1,31,35,1685,65,26
1,31,36,1686,65,26
1,31,37,1687,65,26
1,31,38,1688,65,26
1,31,39,1689,65,26
1,31,40,1690,65,26
1,31,41,1691,65,26
1,31,42,1692,65,26
1,31,43,1693,65,26
1,31,44,1694,65,26
1,31,45,1695,65,26
1,31,46,1696,65,26
1,31,47,1697,65,26
1,31,48,1698,65,26
1,31,49,1699,65,26
1,31,50,1700,65,26
1,31,51,1701,65,26
1,31,52,1702,65,26
1,31,53,1703,65,26
1,31,54,1704,65,26
1,31,55,1705,65,26
1,31,56,1706,65,26
1,31,57,1707,65,26
1,31,58,1708,65,26
1,31,59,1709,65,26
1,31,60,1710,65,26
1,31,61,1711,65,26
1,31,171,1712,65,26
1,32,1,1716,68,45
1,32,2,1717,68,45
1,32,3,1718,68,45
1,32,4,1719,68,45
1,32,5,1720,68,45
1,32,6,1721,68,45
1,32,7,1722,68,45
1,32,8,1723,68,45
1,32,9,1724,68,45
1,32,10,1725,68,45
1,32,11,1726,68,45
1,32,12,1727,68,45
1,32,13,1728,68,45
1,32,14,1729,68,45
1,32,15,1730,68,45
1,32,16,1731,68,45
1,32,17,1732,68,45
1,32,18,1733,68,45
1,32,19,1734,68,45
1,32,20,1735,68,45
1,32,22,1736,68,45
1,32,23,1737,68,45
1,32,24,1738,68,45
1,32,25,1739,68,45
1,32,26,1740,68,45
1,32,27,1741,68,45
1,32,28,1742,68,45
1,32,29,1743,68,45
1,32,30,1744,68,45
1,32,31,1745,68,45
1,32,32,1746,68,45
1,32,33,1747,68,45
1,32,34,1748,68,45
1,32,35,1749,68,45
1,32,36,1750,68,45
1,32,37,1751,68,45
1,32,38,1752,68,45
1,32,39,1753,68,45
1,32,40,1754,68,45
1,32,41,1755,68,45
1,32,42,1756,68,45
1,32,43,1757,68,45
1,32,44,1758,68,45
1,32,45,1759,68,45
1,32,46,1760,68,45
1,32,47,1761,68,45
1,32,48,1762,68,45
1,32,49,1763,68,45
1,32,50,1764,68,45
1,32,51,1765,68,45
1,32,52,1766,68,45
1,32,53,1767,68,45
1,32,54,1768,68,45
1,32,55,1769,68,45
1,32,56,1770,68,45
1,32,57,1771,68,45
1,32,58,1772,68,45
1,32,59,1773,68,45
1,32,60,1774,68,45
1,32,61,1775,68,45
1,32,62,1776,68,45
1,32,63,1777,68,45
1,32,64,1778,68,45
1,32,65,1779,68,45
1,32,66,1780,68,45
1,32,67,1781,68,45
1,32,68,1782,68,45
1,32,69,1783,68,45
1,32,70,1784,68,45
1,32,71,1785,68,45
1,32,72,1786,68,45
1,32,73,1787,68,45
1,32,74,1788,68,45
1,32,75,1789,68,45
1,32,76,1790,68,45
1,32,77,1791,68,45
1,32,78,1792,68,45
1,32,79,1793,68,45
1,32,80,1794,68,45
1,32,81,1795,68,45
1,32,82,1796,68,45
1,32,83,1797,68,45
1,32,84,1798,68,45
1,32,85,1799,68,45
1,32,86,1800,68,45
1,32,87,1801,68,45
1,32,88,1802,68,45
1,32,89,1803,68,45
1,32,90,1804,68,45
1,32,91,1805,68,45
1,32,92,1806,68,45
1,32,93,1807,68,45
1,32,94,1808,68,45
1,32,95,1809,68,45
1,32,96,1810,68,45
1,32,98,1811,68,45
1,32,99,1812,68,45
1,32,100,1813,68,45
1,32,101,1814,68,45
1,32,102,1815,68,45
1,32,103,1816,68,45
1,32,104,1817,68,45
1,32,105,1818,68,45
1,32,106,1819,68,45
1,32,107,1820,68,45
1,32,108,1821,68,45
1,32,109,1822,68,45
1,32,110,1823,68,45
1,32,111,1824,68,45
1,32,112,1825,68,45
1,32,113,1826,68,45
1,32,114,1827,68,45
1,32,115,1828,68,45
1,32,116,1829,68,45
1,32,117,1830,68,45
1,32,118,1831,68,45
1,32,119,1832,68,45
1,32,120,1833,68,45
1,32,121,1834,68,45
1,32,122,1835,68,45
1,32,123,1836,68,45
1,32,124,1837,68,45
1,32,125,1838,68,45
1,32,126,1839,68,45
1,32,127,1840,68,45
1,32,128,1841,68,45
1,32,129,1842,68,45
1,33,1,1843,68,21
1,33,2,1844,68,21
1,33,3,1845,68,21
1,33,4,1846,68,21
1,33,5,1847,68,21
1,33,6,1848,68,21
1,33,7,1849,68,21
1,33,8,1850,68,21
1,33,9,1851,68,21
1,33,10,1852,68,21
1,33,11,1853,68,21
1,33,12,1854,68,21
1,33,13,1855,68,21
1,33,14,1856,68,21
1,33,15,1857,68,21
1,33,16,1858,68,21
1,33,17,1859,68,21
1,33,18,1860,68,21
1,33,19,1861,68,21
1,33,20,1862,68,21
1,33,21,1863,68,21
1,33,22,1864,68,21
1,33,23,1865,68,21
1,33,24,1866,68,21
1,33,25,1867,68,21
1,33,26,1868,68,21
1,33,27,1869,68,21
1,33,28,1870,68,21
1,33,29,1871,68,21
1,33,30,1872,68,21
1,33,31,1873,68,21
1,33,32,1874,68,21
1,33,33,1875,68,21
1,33,34,1876,68,21
1,33,35,1877,68,21
1,33,36,1878,68,21
1,33,37,1879,68,21
1,33,38,1880,68,21
1,33,39,1881,68,21
1,33,40,1882,68,21
1,33,41,1883,68,21
1,33,42,1884,68,21
1,33,43,1885,68,21
1,33,44,1886,68,21
1,33,45,1887,68,21
1,33,46,1888,68,21
1,33,47,1889,68,21
1,33,48,1890,68,21
1,33,49,1891,68,21
1,33,50,1892,68,21
1,33,51,1893,68,21
1,33,52,1894,68,21
1,33,53,1895,68,21
1,33,54,1896,68,21
1,33,55,1897,68,21
1,33,56,1898,68,21
1,33,57,1899,68,21
1,33,58,1900,68,21
1,33,59,1901,68,21
1,33,60,1902,68,21
1,33,61,1903,68,21
1,33,62,1904,68,21
1,34,1,1906,69,13
1,34,2,1907,69,13
1,34,3,1908,69,13
1,34,4,1909,69,13
1,34,5,1910,69,13
1,34,6,1911,69,13
1,34,7,1912,69,13
1,34,8,1913,69,13
1,34,9,1914,69,13
1,34,10,1915,69,13
1,34,11,1916,69,13
1,34,12,1917,69,13
1,34,13,1918,69,13
1,34,14,1919,69,13
1,34,15,1920,69,13
1,34,16,1921,69,13
1,34,17,1922,69,13
1,34,18,1923,69,13
1,34,19,1924,69,13
1,34,20,1925,69,13
1,34,21,1926,69,13
1,34,22,1927,69,13
1,34,23,1928,69,13
1,34,24,1929,69,13
1,34,25,1930,69,13
1,34,26,1931,69,13
1,34,27,1932,69,13
1,34,28,1933,69,13
1,34,29,1934,69,13
1,34,30,1935,69,13
1,34,31,1936,69,13
1,34,32,1937,69,13
1,34,33,1938,69,13
1,34,34,1939,69,13
1,34,35,1940,69,13
1,34,36,1941,69,13
1,34,37,1942,69,13
1,34,38,1943,69,13
1,34,39,1944,69,13
1,34,40,1945,69,13
1,34,41,1946,69,13
1,35,1,1986,108,2
1,35,2,1987,108,2
1,35,3,1988,108,2
1,35,4,1989,108,2
1,35,5,1990,108,2
1,35,6,1991,108,2
1,35,7,1992,108,2
1,35,8,1993,108,2
1,35,9,1994,108,2
1,35,10,1995,108,2
1,35,11,1996,108,2
1,35,12,1997,108,2
1,35,13,1998,108,2
1,35,14,1999,108,2
1,35,15,2000,108,2
1,35,16,2001,108,2
1,35,17,2002,108,2
1,35,18,2003,108,2
1,35,19,2004,108,2
1,35,20,2005,108,2
1,35,21,2006,108,2
1,35,22,2007,108,2
1,36,1,1968,68,8
1,36,2,1969,68,8
1,36,3,1970,68,8
1,36,4,1971,68,8
1,36,5,1972,68,8
1,36,6,1973,68,8
1,36,7,1974,68,8
1,36,8,1975,68,8
1,36,9,1976,68,8
1,36,10,1977,68,8
1,36,11,1978,68,8
1,36,12,1979,68,8
1,36,13,1980,68,8
1,36,14,1981,68,8
1,36,15,1982,68,8
1,36,16,1983,68,8
1,36,17,1984,68,8
1,36,18,1985,68,8
1,36,19,1986,68,8
1,36,20,1987,68,8
1,36,21,1988,68,8
1,36,22,1989,68,8
1,36,23,1990,68,8
1,36,24,1991,68,8
1,36,25,1992,68,8
1,36,26,1993,68,8
1,36,27,1994,68,8
1,36,28,1995,68,8
1,36,29,1996,68,8
1,36,30,1997,68,8
1,36,31,1998,68,8
1,37,1,1999,68,10
1,37,2,2000,68,10
1,37,3,2001,68,10
1,37,4,2002,68,10
1,37,5,2003,68,10
1,37,6,2004,68,10
1,37,7,2005,68,10
1,37,8,2006,68,10
1,37,9,2007,68,10
1,37,10,2008,68,10
1,37,11,2009,68,10
1,37,12,2010,68,10
1,37,13,2011,68,10
1,37,14,2012,68,10
1,37,15,2013,68,10
1,37,16,2014,68,10
1,37,17,2015,68,10
1,37,18,2016,68,10
1,37,19,2017,68,10
1,37,20,2018,68,10
1,37,21,2019,68,10
1,37,22,2020,68,10
1,37,23,2021,68,10
1,37,24,2022,68,10
1,37,25,2023,68,10
1,37,26,2024,68,10
1,37,27,2025,68,10
1,37,28,2026,68,10
1,37,29,2027,68,10
1,37,30,2028,68,10
1,37,31,2029,68,10
1,37,32,2030,68,10
1,37,33,2031,68,10
1,38,1,2032,68,16
1,38,2,2033,68,16
1,38,3,2034,68,16
1,38,4,2035,68,16
1,38,5,2036,68,16
1,38,6,2037,68,16
1,38,7,2038,68,16
1,38,8,2039,68,16
1,38,9,2040,68,16
1,38,10,2041,68,16
1,38,11,2042,68,16
1,38,12,2043,68,16
1,38,13,2044,68,16
1,38,14,2045,68,16
1,38,15,2046,68,16
1,38,16,2047,68,16
1,38,17,2048,68,16
1,38,18,2049,68,16
1,38,19,2050,68,16
1,38,20,2051,68,16
1,38,21,2052,68,16
1,38,22,2053,68,16
1,38,23,2054,68,16
1,38,24,2055,68,16
1,38,25,2056,68,16
1,38,26,2057,68,16
1,38,27,2058,68,16
1,38,28,2059,68,16
1,38,29,2060,68,16
1,38,30,2061,68,16
1,38,31,2062,68,16
1,38,32,2063,68,16
1,38,33,2064,68,16
1,38,34,2065,68,16
1,38,35,2066,68,16
1,38,36,2067,68,16
1,38,37,2068,68,16
1,38,38,2069,68,16
1,38,39,2070,68,16
1,38,40,2071,68,16
1,38,41,2072,68,16
1,38,42,2073,68,16
1,38,43,2074,68,16
1,38,44,2075,68,16
1,38,45,2076,68,16
1,38,46,2077,68,16
1,38,47,2078,68,16
1,38,48,2079,68,16
1,38,49,2080,68,16
1,38,50,2081,68,16
1,38,51,2082,68,16
1,38,52,2083,68,16
1,38,53,2084,68,16
1,38,54,2085,68,16
1,38,55,2086,68,16
1,38,56,2087,68,16
1,38,57,2088,68,16
1,38,58,2089,68,16
1,39,1,2091,69,5
1,39,2,2092,69,5
1,39,3,2093,69,5
1,39,4,2094,69,5
1,39,5,2095,69,5
1,39,6,2096,69,5
1,39,7,2097,69,5
1,39,8,2098,69,5
1,39,9,2099,69,5
1,39,10,2100,69,5
1,39,11,2101,69,5
1,39,12,2102,69,5
1,39,13,2103,69,5
1,39,14,2104,69,5
1,39,15,2105,69,5
1,39,16,2106,69,5
1,39,17,2107,69,5
1,39,18,2108,69,5
1,39,19,2109,69,5
1,39,20,2110,69,5
1,39,21,2111,69,5
1,39,22,2112,69,5
1,39,23,2113,69,5
1,39,24,2114,69,5
1,39,25,2115,69,5
1,39,26,2116,69,5
1,39,27,2117,69,5
1,39,28,2118,69,5
1,39,29,2119,69,5
1,39,30,2120,69,5
1,39,31,2121,69,5
1,39,32,2122,69,5
1,39,33,2123,69,5
1,39,34,2124,69,5
1,39,35,2125,69,5
1,39,36,2126,69,5
1,39,37,2127,69,5
1,39,38,2128,69,5
1,39,39,2129,69,5
1,39,40,2130,69,5
1,39,41,2131,69,5
1,39,42,2132,69,5
1,40,1,2132,68,12
1,40,2,2133,68,12
1,40,3,2134,68,12
1,40,4,2135,68,12
1,40,5,2136,68,12
1,40,6,2137,68,12
1,40,7,2138,68,12
1,40,8,2139,68,12
1,40,9,2140,68,12
1,40,10,2141,68,12
1,40,11,2142,68,12
1,40,12,2143,68,12
1,40,13,2144,68,12
1,40,14,2145,68,12
1,40,15,2146,68,12
1,40,16,2147,68,12
1,40,17,2148,68,12
1,40,18,2149,68,12
1,40,19,2150,68,12
1,40,20,2151,68,12
1,40,21,2152,68,12
1,40,22,2153,68,12
1,40,23,2154,68,12
1,40,24,2155,68,12
1,40,25,2156,68,12
1,40,26,2157,68,12
1,40,28,2158,68,12
1,40,29,2159,68,12
1,40,30,2160,68,12
1,40,31,2161,68,12
1,40,32,2162,68,12
1,40,33,2163,68,12
1,40,34,2164,68,12
1,40,35,2165,68,12
1,40,36,2166,68,12
1,40,37,2167,68,12
1,40,38,2168,68,12
1,40,39,2169,68,12
1,40,40,2170,68,12
1,40,41,2171,68,12
1,40,42,2172,68,12
1,40,43,2173,68,12
1,40,44,2174,68,12
1,40,45,2175,68,12
1,40,46,2176,68,12
1,40,47,2177,68,12
1,40,48,2178,68,12
1,40,49,2179,68,12
1,40,50,2180,68,12
1,40,51,2181,68,12
1,40,52,2182,68,12
1,40,54,2183,68,12
1,40,55,2184,68,12
1,40,56,2185,68,12
1,40,57,2186,68,12
1,40,58,2187,68,12
1,40,59,2188,68,12
1,40,60,2189,68,12
1,40,61,2190,68,12
1,40,62,2191,68,12
1,40,63,2192,68,12
1,40,64,2193,68,12
1,40,65,2194,68,12
1,40,66,2195,68,12
1,41,1,2205,77,20
1,41,2,2206,77,20
1,41,3,2207,77,20
1,41,4,2208,77,20
1,41,5,2209,77,20
1,41,6,2210,77,20
1,41,7,2211,77,20
1,41,8,2212,77,20
1,41,9,2213,77,20
1,41,10,2214,77,20
1,41,11,2215,77,20
1,41,12,2216,77,20
1,41,13,2217,77,20
1,41,14,2218,77,20
1,41,15,2219,77,20
1,41,16,2220,77,20
1,41,17,2221,77,20
1,41,18,2222,77,20
1,41,19,2223,77,20
1,41,20,2224,77,20
1,41,21,2225,77,20
1,41,22,2226,77,20
1,41,23,2227,77,20
1,41,24,2228,77,20
1,41,25,2229,77,20
1,41,26,2230,77,20
1,41,27,2231,77,20
1,41,28,2232,77,20
1,41,29,2233,77,20
1,41,30,2234,77,20
1,41,31,2235,77,20
1,41,32,2236,77,20
1,41,33,2237,77,20
1,41,34,2238,77,20
1,41,35,2239,77,20
1,41,36,2240,77,20
1,41,37,2241,77,20
1,41,38,2242,77,20
1,41,39,2243,77,20
1,41,40,2244,77,20
1,41,41,2245,77,20
1,41,42,2246,77,20
1,41,43,2247,77,20
1,41,44,2248,77,20
1,41,45,2249,77,20
1,41,46,2250,77,20
1,41,48,2251,77,20
1,41,49,2252,77,20
1,41,50,2253,77,20
1,41,51,2254,77,20
1,41,52,2255,77,20
1,41,53,2256,77,20
1,41,54,2257,77,20
1,41,55,2258,77,20
1,41,56,2259,77,20
1,41,57,2260,77,20
1,41,58,2261,77,20
1,41,59,2262,77,20
1,41,60,2263,77,20
1,41,61,2264,77,20
1,41,62,2265,77,20
1,41,63,2266,77,20
1,41,64,2267,77,20
1,41,65,2268,77,20
1,41,66,2269,77,20
1,41,68,2270,77,20
1,41,69,2271,77,20
1,41,70,2272,77,20
1,41,71,2273,77,20
1,41,72,2274,77,20
1,41,73,2275,77,20
1,41,74,2276,77,20
1,41,75,2277,77,20
1,41,76,2278,77,20
1,41,77,2279,77,20
1,41,78,2280,77,20
1,41,79,2281,77,20
1,41,81,2282,77,20
1,41,82,2283,77,20
1,41,83,2284,77,20
1,41,84,2285,77,20
1,41,85,2286,77,20
1,41,86,2287,77,20
1,41,87,2288,77,20
1,41,88,2289,77,20
1,41,89,2290,77,20
1,41,91,2291,77,20
1,41,92,2292,77,20
1,41,93,2293,77,20
1,41,94,2294,77,20
1,41,95,2295,77,20
1,41,96,2296,77,20
1,41,97,2297,77,20
1,41,98,2298,77,20
1,41,99,2299,77,20
1,41,100,2300,77,20
1,41,101,2301,77,20
1,41,102,2302,77,20
1,41,103,2303,77,20
1,41,104,2304,77,20
1,41,105,2305,77,20
1,41,106,2306,77,20
1,41,107,2307,77,20
1,41,108,2308,77,20
1,41,110,2309,77,20
1,41,111,2310,77,20
1,41,112,2311,77,20
1,41,113,2312,77,20
1,41,114,2313,77,20
1,41,115,2314,77,20
1,41,116,2315,77,20
1,41,117,2316,77,20
1,41,118,2317,77,20
1,41,119,2318,77,20
1,41,120,2319,77,20
1,41,121,2320,77,20
1,41,122,2321,77,20
1,41,123,2322,77,20
1,41,124,2323,77,20
1,41,125,2324,77,20
1,41,126,2325,77,20
1,41,127,2326,77,20
1,41,128,2327,77,20
1,41,129,2328,77,20
1,41,130,2329,77,20
1,41,131,2330,77,20
1,41,132,2331,77,20
1,41,133,2332,77,20
1,41,134,2333,77,20
1,41,135,2334,77,20
1,41,136,2335,77,20
1,41,137,2336,77,20
1,41,138,2337,77,20
1,41,139,2338,77,20
1,41,140,2339,77,20
1,41,141,2340,77,20
1,41,142,2341,77,20
1,41,143,2342,77,20
1,41,144,2343,77,20
1,41,145,2344,77,20
1,41,146,2345,77,20
1,41,147,2346,77,20
1,41,148,2347,77,20
1,41,149,2348,77,20
1,41,150,2349,77,20
1,41,151,2350,77,20
1,41,152,2351,77,20
1,41,154,2352,77,20
1,41,155,2353,77,20
1,41,156,2354,77,20
1,41,157,2355,77,20
1,41,158,2356,77,20
1,41,159,2357,77,20
1,41,160,2358,77,20
1,41,161,2359,77,20
1,41,162,2360,77,20
1,41,170,2361,77,20
1,41,172,2362,77,20
1,41,173,2363,77,20
1,41,174,2364,77,20
1,42,1,2379,91,4
1,42,2,2380,91,4
1,42,3,2381,91,4
1,42,4,2382,91,4
1,42,5,2383,91,4
1,42,6,2384,91,4
1,42,7,2385,91,4
1,42,8,2386,91,4
1,42,9,2387,91,4
1,42,10,2388,91,4
1,42,11,2389,91,4
1,42,12,2390,91,4
1,42,13,2391,91,4
1,42,14,2392,91,4
1,42,15,2393,91,4
1,42,16,2394,91,4
1,42,17,2395,91,4
1,42,18,2396,91,4
1,42,19,2397,91,4
1,42,20,2398,91,4
1,42,21,2399,91,4
1,42,22,2400,91,4
1,42,23,2401,91,4
1,42,24,2402,91,4
1,42,25,2403,91,4
1,42,26,2404,91,4
1,42,27,2405,91,4
1,42,28,2406,91,4
1,42,29,2407,91,4
1,42,30,2408,91,4
1,42,31,2409,91,4
1,42,32,2410,91,4
1,42,33,2411,91,4
1,42,34,2412,91,4
1,42,35,2413,91,4
1,42,36,2414,91,4
1,42,37,2415,91,4
1,42,38,2416,91,4
1,42,39,2417,91,4
1,43,1,2419,92,2
1,43,2,2420,92,2
1,43,3,2421,92,2
1,43,4,2422,92,2
1,43,5,2423,92,2
1,43,6,2424,92,2
1,43,7,2425,92,2
1,43,8,2426,92,2
1,43,9,2427,92,2
1,43,10,2428,92,2
1,43,11,2429,92,2
1,43,12,2430,92,2
1,43,13,2431,92,2
1,43,14,2432,92,2
1,43,15,2433,92,2
1,43,16,2434,92,2
1,43,17,2435,92,2
1,43,18,2436,92,2
1,43,19,2437,92,2
1,43,20,2438,92,2
1,43,21,2439,92,2
1,43,22,2440,92,2
1,43,23,2441,92,2
1,43,24,2442,92,2
1,43,25,2443,92,2
1,43,26,2444,92,2
1,43,27,2445,92,2
1,43,28,2446,92,2
1,43,29,2447,92,2
1,43,30,2448,92,2
1,43,31,2449,92,2
1,44,1,2452,94,7
1,44,2,2453,94,7
1,44,3,2454,94,7
1,44,4,2455,94,7
1,44,5,2456,94,7
1,44,6,2457,94,7
1,44,7,2458,94,7
1,44,8,2459,94,7
1,44,9,2460,94,7
1,44,10,2461,94,7
1,44,11,2462,94,7
1,44,12,2463,94,7
1,44,13,2464,94,7
1,44,14,2465,94,7
1,44,15,2466,94,7
1,44,16,2467,94,7
1,44,17,2468,94,7
1,44,18,2469,94,7
1,44,19,2470,94,7
1,44,20,2471,94,7
1,44,21,2472,94,7
1,44,22,2473,94,7
1,44,23,2474,94,7
1,44,24,2475,94,7
1,44,25,2476,94,7
1,44,26,2477,94,7
1,44,27,2478,94,7
1,44,28,2479,94,7
1,44,29,2480,94,7
1,44,30,2481,94,7
1,44,31,2482,94,7
1,44,32,2483,94,7
1,44,33,2484,94,7
1,44,34,2485,94,7
1,44,35,2486,94,7
1,44,36,2487,94,7
1,44,37,2488,94,7
1,44,38,2489,94,7
1,44,39,2490,94,7
1,44,40,2491,94,7
1,44,41,2492,94,7
1,44,42,2493,94,7
1,44,43,2494,94,7
1,44,44,2495,94,7
1,44,45,2496,94,7
1,44,46,2497,94,7
1,44,47,2498,94,7
1,44,48,2499,94,7
1,44,49,2500,94,7
1,44,50,2501,94,7
1,44,51,2502,94,7
1,44,52,2503,94,7
1,45,1,2505,95,10
1,45,2,2506,95,10
1,45,3,2507,95,10
1,45,4,2508,95,10
1,45,5,2509,95,10
1,45,6,2510,95,10
1,45,7,2511,95,10
1,45,8,2512,95,10
1,45,9,2513,95,10
1,45,10,2514,95,10
1,45,11,2515,95,10
1,45,12,2516,95,10
1,45,13,2517,95,10
1,45,14,2518,95,10
1,45,15,2519,95,10
1,45,16,2520,95,10
1,45,17,2521,95,10
1,45,18,2522,95,10
1,45,19,2523,95,10
1,45,20,2524,95,10
1,45,21,2525,95,10
1,45,22,2526,95,10
1,45,23,2527,95,10
1,45,24,2528,95,10
1,45,25,2529,95,10
1,45,26,2530,95,10
1,45,27,2531,95,10
1,45,28,2532,95,10
1,45,29,2533,95,10
1,45,30,2534,95,10
1,45,31,2535,95,10
1,45,32,2536,95,10
1,45,33,2537,95,10
1,45,34,2538,95,10
1,45,35,2539,95,10
1,45,36,2540,95,10
1,45,37,2541,95,10
1,45,38,2542,95,10
1,45,39,2543,95,10
1,45,40,2544,95,10
1,45,41,2545,95,10
1,45,42,2546,95,10
1,45,43,2547,95,10
1,45,44,2548,95,10
1,45,45,2549,95,10
1,45,46,2550,95,10
1,45,47,2551,95,10
1,45,48,2552,95,10
1,45,49,2553,95,10
1,45,50,2554,95,10
1,45,51,2555,95,10
1,45,52,2556,95,10
1,45,53,2557,95,10
1,45,54,2558,95,10
1,45,55,2559,95,10
1,45,56,2560,95,10
1,45,57,2561,95,10
1,45,58,2562,95,10
1,45,59,2563,95,10
1,45,60,2564,95,10
1,45,61,2565,95,10
1,45,62,2566,95,10
1,45,63,2567,95,10
1,45,64,2568,95,10
1,45,65,2569,95,10
1,45,66,2570,95,10
1,45,67,2571,95,10
1,45,68,2572,95,10
1,45,69,2573,95,10
1,45,70,2574,95,10
1,45,71,2575,95,10
1,45,72,2576,95,10
1,45,73,2577,95,10
1,45,74,2578,95,10
1,45,75,2579,95,10
1,45,76,2580,95,10
1,45,77,2581,95,10
1,46,1,2583,96,11
1,46,2,2584,96,11
1,46,3,2585,96,11
1,46,4,2586,96,11
1,46,5,2587,96,11
1,46,6,2588,96,11
1,46,7,2589,96,11
1,46,8,2590,96,11
1,46,9,2591,96,11
1,46,10,2592,96,11
1,46,11,2593,96,11
1,46,12,2594,96,11
1,46,13,2595,96,11
1,46,14,2596,96,11
1,46,15,2597,96,11
1,46,16,2598,96,11
1,46,17,2599,96,11
1,46,18,2600,96,11
1,46,19,2601,96,11
1,46,20,2602,96,11
1,46,21,2603,96,11
1,46,22,2604,96,11
1,46,23,2605,96,11
1,46,24,2606,96,11
1,46,25,2607,96,11
1,46,26,2608,96,11
1,46,27,2609,96,11
1,46,28,2610,96,11
1,46,29,2611,96,11
1,46,30,2612,96,11
1,46,31,2613,96,11
1,46,32,2614,96,11
1,46,33,2615,96,11
1,46,34,2616,96,11
1,46,35,2617,96,11
1,46,36,2618,96,11
1,46,37,2619,96,11
1,46,38,2620,96,11
1,46,39,2621,96,11
1,46,40,2622,96,11
1,46,41,2623,96,11
1,46,42,2624,96,11
1,46,43,2625,96,11
1,46,44,2626,96,11
1,46,45,2627,96,11
1,46,46,2628,96,11
1,46,47,2629,96,11
1,46,48,2630,96,11
1,46,49,2631,96,11
1,46,50,2632,96,11
1,46,51,2633,96,11
1,46,52,2634,96,11
1,46,53,2635,96,11
1,46,54,2636,96,11
1,46,55,2637,96,11
1,46,56,2638,96,11
1,46,57,2639,96,11
1,46,58,2640,96,11
1,46,59,2641,96,11
1,46,60,2642,96,11
1,46,61,2643,96,11
1,46,62,2644,96,11
1,47,1,2646,97,3
1,47,2,2647,97,3
1,47,3,2648,97,3
1,47,4,2649,97,3
1,47,5,2650,97,3
1,47,6,2651,97,3
1,47,7,2652,97,3
1,47,8,2653,97,3
1,47,9,2654,97,3
1,47,10,2655,97,3
1,47,11,2656,97,3
1,47,12,2657,97,3
1,47,13,2658,97,3
1,47,14,2659,97,3
1,47,15,2660,97,3
1,47,16,2661,97,3
1,47,17,2662,97,3
1,47,18,2663,97,3
1,47,19,2664,97,3
1,47,20,2665,97,3
1,47,21,2666,97,3
1,47,22,2667,97,3
1,47,23,2668,97,3
1,47,24,2669,97,3
1,47,25,2670,97,3
1,47,26,2671,97,3
1,47,27,2672,97,3
1,47,28,2673,97,3
1,47,29,2674,97,3
1,47,30,2675,97,3
1,47,31,2676,97,3
1,47,32,2677,97,3
1,47,33,2678,97,3
1,47,34,2679,97,3
1,47,35,2680,97,3
1,47,36,2681,97,3
1,47,37,2682,97,3
1,47,38,2683,97,3
1,47,39,2684,97,3
1,47,40,2685,97,3
1,47,41,2686,97,3
1,47,42,2687,97,3
1,47,43,2688,97,3
1,47,44,2689,97,3
1,47,45,2690,97,3
1,47,46,2691,97,3
1,47,48,2692,97,3
1,47,49,2693,97,3
1,47,50,2694,97,3
1,47,51,2695,97,3
1,47,52,2696,97,3
1,47,53,2697,97,3
1,47,54,2698,97,3
1,47,55,2699,97,3
1,47,56,2700,97,3
1,47,57,2701,97,3
1,47,58,2702,97,3
1,47,59,2703,97,3
1,48,1,2706,99,4
1,48,2,2707,99,4
1,48,3,2708,99,4
1,48,4,2709,99,4
1,48,5,2710,99,4
1,48,6,2711,99,4
1,48,7,2712,99,4
1,48,8,2713,99,4
1,48,9,2714,99,4
1,48,10,2715,99,4
1,48,11,2716,99,4
1,48,12,2717,99,4
1,48,13,2718,99,4
1,48,14,2719,99,4
1,48,16,2720,99,4
1,48,17,2721,99,4
1,48,18,2722,99,4
1,48,19,2723,99,4
1,48,20,2724,99,4
1,48,21,2725,99,4
1,48,22,2726,99,4
1,48,23,2727,99,4
1,48,24,2728,99,4
1,48,25,2729,99,4
1,48,26,2730,99,4
1,48,27,2731,99,4
1,48,28,2732,99,4
1,48,29,2733,99,4
1,48,30,2734,99,4
1,48,31,2735,99,4
1,48,32,2736,99,4
1,48,34,2737,99,4
1,48,35,2738,99,4
1,48,36,2739,99,4
1,48,37,2740,99,4
1,48,38,2741,99,4
1,48,39,2742,99,4
1,48,40,2743,99,4
1,48,41,2744,99,4
1,48,42,2745,99,4
1,48,43,2746,99,4
1,48,44,2747,99,4
1,48,45,2748,99,4
1,48,46,2749,99,4
1,48,47,2750,99,4
1,48,48,2751,99,4
1,48,49,2752,99,4
1,48,50,2753,99,4
1,48,51,2754,99,4
1,48,52,2755,99,4
1,48,53,2756,99,4
1,48,54,2757,99,4
1,48,55,2758,99,4
1,48,56,2759,99,4
1,48,57,2760,99,4
1,48,58,2761,99,4
1,48,59,2762,99,4
1,48,60,2763,99,4
1,48,61,2764,99,4
1,48,62,2765,99,4
1,48,63,2766,99,4
1,48,64,2767,99,4
1,48,65,2768,99,4
1,48,66,2769,99,4
1,48,67,2770,99,4
1,48,68,2771,99,4
1,48,69,2772,99,4
1,48,70,2773,99,4
1,48,71,2774,99,4
1,48,72,2775,99,4
1,48,73,2776,99,4
1,48,74,2777,99,4
1,48,75,2778,99,4
1,48,76,2779,99,4
1,48,77,2780,99,4
1,48,78,2781,99,4
1,48,79,2782,99,4
1,48,80,2783,99,4
1,48,81,2784,99,4
1,48,82,2785,99,4
1,48,83,2786,99,4
1,48,84,2787,99,4
1,49,1,2790,101,6
1,49,2,2791,101,6
1,49,3,2792,101,6
1,49,4,2793,101,6
1,49,5,2794,101,6
1,49,6,2795,101,6
1,49,7,2796,101,6
1,49,8,2797,101,6
1,49,9,2798,101,6
1,49,10,2799,101,6
1,49,11,2800,101,6
1,49,12,2801,101,6
1,49,13,2802,101,6
1,49,14,2803,101,6
1,49,15,2804,101,6
1,49,16,2805,101,6
1,49,17,2806,101,6
1,49,18,2807,101,6
1,49,19,2808,101,6
1,49,20,2809,101,6
1,49,21,2810,101,6
1,49,22,2811,101,6
1,49,23,2812,101,6
1,49,25,2813,101,6
1,49,26,2814,101,6
1,49,27,2815,101,6
1,49,28,2816,101,6
1,49,29,2817,101,6
1,50,1,2820,103,3
1,50,2,2821,103,3
1,50,3,2822,103,3
1,50,4,2823,103,3
1,50,5,2824,103,3
1,50,6,2825,103,3
1,50,7,2826,103,3
1,50,8,2827,103,3
1,50,9,2828,103,3
1,50,10,2829,103,3
1,50,11,2830,103,3
1,50,12,2831,103,3
1,50,13,2832,103,3
1,50,14,2833,103,3
1,50,15,2834,103,3
1,50,16,2835,103,3
1,50,17,2836,103,3
1,50,18,2837,103,3
1,50,19,2838,103,3
1,50,20,2839,103,3
1,50,21,2840,103,3
1,50,22,2841,103,3
1,50,23,2842,103,3
1,50,24,2843,103,3
1,50,25,2844,103,3
1,50,26,2845,103,3
1,50,27,2846,103,3
1,50,28,2847,103,3
1,50,29,2848,103,3
1,50,30,2849,103,3
1,50,31,2850,103,3
1,50,32,2851,103,3
1,50,33,2852,103,3
1,50,34,2853,103,3
1,50,35,2854,103,3
1,50,36,2855,103,3
1,50,37,2856,103,3
1,50,38,2857,103,3
1,50,39,2858,103,3
1,50,40,2859,103,3
1,50,42,2860,103,3
1,50,43,2861,103,3
1,50,44,2862,103,3
1,50,45,2863,103,3
1,50,46,2864,103,3
1,50,47,2865,103,3
1,50,48,2866,103,3
1,51,1,2869,105,4
1,51,2,2870,105,4
1,51,3,2871,105,4
1,51,4,2872,105,4
1,51,5,2873,105,4
1,51,6,2874,105,4
1,51,7,2875,105,4
1,51,8,2876,105,4
1,51,9,2877,105,4
1,51,11,2878,105,4
1,51,12,2879,105,4
1,51,13,2880,105,4
1,51,14,2881,105,4
1,51,15,2882,105,4
1,51,16,2883,105,4
1,51,17,2884,105,4
1,51,18,2885,105,4
1,51,19,2886,105,4
1,51,20,2887,105,4
1,51,21,2888,105,4
1,51,22,2889,105,4
1,51,23,2890,105,4
1,51,24,2891,105,4
1,51,25,2892,105,4
1,51,26,2893,105,4
1,51,27,2894,105,4
1,51,28,2895,105,4
1,51,29,2896,105,4
1,51,30,2897,105,4
1,51,31,2898,105,4
1,51,32,2899,105,4
1,51,33,2900,105,4
1,52,1,2902,106,10
1,52,2,2903,106,10
1,52,3,2904,106,10
1,52,4,2905,106,10
1,52,5,2906,106,10
1,52,6,2907,106,10
1,52,7,2908,106,10
1,52,8,2909,106,10
1,52,9,2910,106,10
1,52,10,2911,106,10
1,52,11,2912,106,10
1,52,12,2913,106,10
1,52,13,2914,106,10
1,52,14,2915,106,10
1,52,16,2916,106,10
1,52,17,2917,106,10
1,52,18,2918,106,10
1,52,19,2919,106,10
1,52,20,2920,106,10
1,52,21,2921,106,10
1,52,22,2922,106,10
1,52,23,2923,106,10
1,52,24,2924,106,10
1,52,25,2925,106,10
1,52,26,2926,106,10
1,52,27,2927,106,10
1,52,28,2928,106,10
1,52,29,2929,106,10
1,52,30,2930,106,10
1,52,31,2931,106,10
1,52,32,2932,106,10
1,52,33,2933,106,10
1,52,34,2934,106,10
1,52,35,2935,106,10
1,52,36,2936,106,10
1,52,37,2937,106,10
1,52,38,2938,106,10
1,52,39,2939,106,10
1,52,40,2940,106,10
1,52,41,2941,106,10
1,52,42,2942,106,10
1,52,43,2943,106,10
1,52,44,2944,106,10
1,52,45,2945,106,10
1,52,46,2946,106,10
1,52,47,2947,106,10
1,52,48,2948,106,10
1,52,49,2949,106,10
1,52,50,2950,106,10
1,52,51,2951,106,10
1,52,52,2952,106,10
1,52,53,2953,106,10
1,52,54,2954,106,10
1,52,55,2955,106,10
1,52,56,2956,106,10
1,52,57,2957,106,10
1,52,58,2958,106,10
1,52,59,2959,106,10
1,52,60,2960,106,10
1,53,1,2963,108,3
1,53,2,2964,108,3
1,53,3,2965,108,3
1,53,4,2966,108,3
1,53,5,2967,108,3
1,53,6,2968,108,3
1,53,7,2969,108,3
1,53,8,2970,108,3
1,53,9,2971,108,3
1,53,10,2972,108,3
1,53,11,2973,108,3
1,53,12,2974,108,3
1,53,13,2975,108,3
1,53,14,2976,108,3
1,53,15,2977,108,3
1,53,16,2978,108,3
1,53,17,2979,108,3
1,53,18,2980,108,3
1,53,19,2981,108,3
1,53,20,2982,108,3
1,53,21,2983,108,3
1,53,22,2984,108,3
1,53,23,2985,108,3
1,53,24,2986,108,3
1,53,25,2987,108,3
1,53,26,2988,108,3
1,53,27,2989,108,3
1,53,29,2990,108,3
1,53,30,2991,108,3
1,53,31,2992,108,3
1,53,32,2993,108,3
1,53,33,2994,108,3
1,53,34,2995,108,3
1,53,35,2996,108,3
1,53,36,2997,108,3
1,53,37,2998,108,3
1,53,38,2999,108,3
1,53,39,3000,108,3
1,53,40,3001,108,3
1,53,41,3002,108,3
1,53,42,3003,108,3
1,53,43,3004,108,3
1,53,44,3005,108,3
1,53,45,3006,108,3
1,53,46,3007,108,3
1,53,47,3008,108,3
1,53,48,3009,108,3
1,53,49,3010,108,3
1,53,50,3011,108,3
1,53,51,3012,108,3
1,53,52,3013,108,3
1,53,53,3014,108,3
1,53,54,3015,108,3
1,53,55,3016,108,3
1,53,56,3017,108,3
1,53,57,3018,108,3
1,53,58,3019,108,3
1,53,59,3020,108,3
1,53,60,3021,108,3
1,53,61,3022,108,3
1,53,62,3023,108,3
1,53,63,3024,108,3
1,53,64,3025,108,3
1,53,65,3026,108,3
1,53,66,3027,108,3
1,53,67,3028,108,3
1,53,68,3029,108,3
1,53,69,3030,108,3
1,53,70,3031,108,3
1,53,71,3032,108,3
1,53,72,3033,108,3
1,53,73,3034,108,3
1,53,74,3035,108,3
1,53,75,3036,108,3
1,53,76,3037,108,3
1,53,77,3038,108,3
1,53,78,3039,108,3
1,53,79,3040,108,3
1,54,1,3042,109,51
1,54,2,3043,109,51
1,54,3,3044,109,51
1,54,4,3045,109,51
1,54,5,3046,109,51
1,54,6,3047,109,51
1,54,7,3048,109,51
1,54,8,3049,109,51
1,54,9,3050,109,51
1,54,10,3051,109,51
1,54,11,3052,109,51
1,54,12,3053,109,51
1,54,14,3054,109,51
1,54,15,3055,109,51
1,54,16,3056,109,51
1,54,17,3057,109,51
1,54,18,3058,109,51
1,54,19,3059,109,51
1,54,20,3060,109,51
1,54,21,3061,109,51
1,54,22,3062,109,51
1,54,23,3063,109,51
1,54,24,3064,109,51
1,54,25,3065,109,51
1,54,26,3066,109,51
1,54,27,3067,109,51
1,54,28,3068,109,51
1,54,29,3069,109,51
1,54,30,3070,109,51
1,54,31,3071,109,51
1,54,32,3072,109,51
1,54,33,3073,109,51
1,54,34,3074,109,51
1,54,35,3075,109,51
1,54,36,3076,109,51
1,54,37,3077,109,51
1,54,38,3078,109,51
1,54,39,3079,109,51
1,54,40,3080,109,51
1,54,41,3081,109,51
1,54,42,3082,109,51
1,54,43,3083,109,51
1,54,44,3084,109,51
1,54,45,3085,109,51
1,54,46,3086,109,51
1,54,47,3087,109,51
1,54,48,3088,109,51
1,54,49,3089,109,51
1,54,50,3090,109,51
1,54,51,3091,109,51
1,54,52,3092,109,51
1,54,53,3093,109,51
1,54,54,3094,109,51
1,54,55,3095,109,51
1,54,56,3096,109,51
1,54,57,3097,109,51
1,54,58,3098,109,51
1,54,59,3099,109,51
1,54,60,3100,109,51
1,54,61,3101,109,51
1,54,62,3102,109,51
1,54,63,3103,109,51
1,54,64,3104,109,51
1,54,65,3105,109,51
1,54,66,3106,109,51
1,54,67,3107,109,51
1,54,68,3108,109,51
1,54,69,3109,109,51
1,54,70,3110,109,51
1,54,71,3111,109,51
1,54,72,3112,109,51
1,54,73,3113,109,51
1,54,74,3114,109,51
1,54,75,3115,109,51
1,54,76,3116,109,51
1,54,77,3117,109,51
1,54,78,3118,109,51
1,54,79,3119,109,51
1,54,80,3120,109,51
1,54,81,3121,109,51
1,54,82,3122,109,51
1,54,83,3123,109,51
1,54,84,3124,109,51
1,54,85,3125,109,51
1,54,86,3126,109,51
1,55,1,3129,111,2
1,55,2,3130,111,2
1,55,3,3131,111,2
1,55,4,3132,111,2
1,55,5,3133,111,2
1,55,6,3134,111,2
1,55,7,3135,111,2
1,55,8,3136,111,2
1,55,9,3137,111,2
1,55,10,3138,111,2
1,55,11,3139,111,2
1,55,12,3140,111,2
1,55,13,3141,111,2
1,55,14,3142,111,2
1,55,15,3143,111,2
1,55,16,3144,111,2
1,55,17,3145,111,2
1,55,18,3146,111,2
1,55,19,3147,111,2
1,55,20,3148,111,2
1,55,21,3149,111,2
1,55,22,3150,111,2
1,55,23,3151,111,2
1,55,24,3152,111,2
1,55,25,3153,111,2
1,55,26,3154,111,2
1,55,27,3155,111,2
1,55,28,3156,111,2
1,55,29,3157,111,2
1,55,30,3158,111,2
1,55,31,3159,111,2
1,55,32,3160,111,2
1,55,33,3161,111,2
1,55,34,3162,111,2
1,55,35,3163,111,2
1,55,36,3164,111,2
1,55,37,3165,111,2
1,55,38,3166,111,2
1,55,39,3167,111,2
1,55,40,3168,111,2
1,55,41,3169,111,2
1,55,42,3170,111,2
1,55,43,3171,111,2
1,55,44,3172,111,2
1,55,45,3173,111,2
1,55,46,3174,111,2
1,55,47,3175,111,2
1,55,48,3176,111,2
1,55,49,3177,111,2
1,55,50,3178,111,2
1,55,51,3179,111,2
2,1,1,3181,112,3
2,1,2,3182,112,3
2,1,4,3183,112,3
2,1,5,3184,112,3
2,1,6,3185,112,3
2,1,7,3186,112,3
2,1,8,3187,112,3
2,1,9,3188,112,3
2,1,10,3189,112,3
2,1,11,3190,112,3
2,1,12,3191,112,3
2,1,13,3192,112,3
2,1,14,3193,112,3
2,1,15,3194,112,3
2,1,16,3195,112,3
2,1,18,3196,112,3
2,1,19,3197,112,3
2,1,20,3198,112,3
2,1,21,3199,112,3
2,1,23,3200,112,3
2,1,24,3201,112,3
2,1,25,3202,112,3
2,1,26,3203,112,3
2,1,27,3204,112,3
2,1,28,3205,112,3
2,1,29,3206,112,3
2,1,30,3207,112,3
2,1,31,3208,112,3
2,1,32,3209,112,3
2,1,54,3210,112,3
2,2,1,3213,114,12
2,2,2,3214,114,12
2,2,3,3215,114,12
2,2,4,3216,114,12
2,2,5,3217,114,12
2,2,6,3218,114,12
2,2,7,3219,114,12
2,2,8,3220,114,12
2,2,9,3221,114,12
2,2,10,3222,114,12
2,2,11,3223,114,12
2,2,12,3224,114,12
2,2,13,3225,114,12
2,2,14,3226,114,12
2,2,15,3227,114,12
2,2,16,3228,114,12
2,2,17,3229,114,12
2,2,18,3230,114,12
2,2,19,3231,114,12
2,2,20,3232,114,12
2,2,21,3233,114,12
2,2,22,3234,114,12
2,2,23,3235,114,12
2,2,24,3236,114,12
2,2,25,3237,114,12
2,2,26,3238,114,12
2,2,27,3239,114,12
2,2,28,3240,114,12
2,2,29,3241,114,12
2,2,30,3242,114,12
2,2,31,3243,114,12
2,2,32,3244,114,12
2,2,33,3245,114,12
2,2,34,3246,114,12
2,2,35,3247,114,12
2,2,36,3248,114,12
2,2,37,3249,114,12
2,2,38,3250,114,12
2,2,39,3251,114,12
2,2,40,3252,114,12
2,2,41,3253,114,12
2,2,42,3254,114,12
2,2,43,3255,114,12
2,2,44,3256,114,12
2,2,45,3257,114,12
2,2,46,3258,114,12
2,2,47,3259,114,12
2,2,48,3260,114,12
2,2,49,3261,114,12
2,2,50,3262,114,12
2,2,51,3263,114,12
2,2,52,3264,114,12
2,2,53,3265,114,12
2,2,54,3266,114,12
2,2,55,3267,114,12
2,3,1,3269,115,2
2,3,2,3270,115,2
2,3,3,3271,115,2
2,3,4,3272,115,2
2,3,5,3273,115,2
2,3,6,3274,115,2
2,3,7,3275,115,2
2,3,8,3276,115,2
2,3,9,3277,115,2
2,3,10,3278,115,2
2,3,11,3279,115,2
2,3,12,3280,115,2
2,3,13,3281,115,2
2,3,14,3282,115,2
2,3,15,3283,115,2
2,3,16,3284,115,2
2,3,17,3285,115,2
2,3,18,3286,115,2
2,3,19,3287,115,2
2,3,20,3288,115,2
2,3,21,3289,115,2
2,3,22,3290,115,2
2,3,23,3291,115,2
2,3,24,3292,115,2
2,3,25,3293,115,2
2,3,26,3294,115,2
2,3,27,3295,115,2
2,3,28,3296,115,2
2,3,29,3297,115,2
2,3,30,3298,115,2
2,3,31,3299,115,2
2,3,32,3300,115,2
2,3,33,3301,115,2
2,3,35,3302,115,2
2,3,109,3303,115,2
2,4,1,3305,116,5
2,4,2,3306,116,5
2,4,3,3307,116,5
2,4,4,3308,116,5
2,4,5,3309,116,5
2,4,6,3310,116,5
2,4,7,3311,116,5
2,4,8,3312,116,5
2,4,9,3313,116,5
2,4,10,3314,116,5
2,4,11,3315,116,5
2,4,12,3316,116,5
2,4,13,3317,116,5
2,4,14,3318,116,5
2,4,15,3319,116,5
2,4,16,3320,116,5
2,4,17,3321,116,5
2,4,18,3322,116,5
2,4,19,3323,116,5
2,4,20,3324,116,5
2,4,21,3325,116,5
2,4,22,3326,116,5
2,4,23,3327,116,5
2,4,24,3328,116,5
2,4,25,3329,116,5
2,4,26,3330,116,5
2,4,27,3331,116,5
2,4,28,3332,116,5
2,4,29,3333,116,5
2,4,30,3334,116,5
2,4,31,3335,116,5
2,4,32,3336,116,5
2,4,33,3337,116,5
2,4,34,3338,116,5
2,4,35,3339,116,5
2,4,36,3340,116,5
2,4,37,3341,116,5
2,4,38,3342,116,5
2,4,39,3343,116,5
2,4,40,3344,116,5
2,4,41,3345,116,5
2,4,42,3346,116,5
2,4,43,3347,116,5
2,4,44,3348,116,5
2,4,45,3349,116,5
2,4,46,3350,116,5
2,4,47,3351,116,5
2,4,48,3352,116,5
2,4,49,3353,116,5
2,4,50,3354,116,5
2,4,51,3355,116,5
2,4,52,3356,116,5
2,4,53,3357,116,5
2,4,54,3358,116,5
2,4,55,3359,116,5
2,4,56,3360,116,5
2,4,57,3361,116,5
2,4,58,3362,116,5
2,4,59,3363,116,5
2,4,60,3364,116,5
2,4,61,3365,116,5
2,4,62,3366,116,5
2,4,63,3367,116,5
2,4,64,3368,116,5
2,4,65,3369,116,5
2,5,1,3371,117,4
2,5,2,3372,117,4
2,5,3,3373,117,4
2,5,4,3374,117,4
2,5,5,3375,117,4
2,5,6,3376,117,4
2,5,7,3377,117,4
2,5,8,3378,117,4
2,5,9,3379,117,4
2,5,10,3380,117,4
2,5,11,3381,117,4
2,5,12,3382,117,4
2,5,13,3383,117,4
2,5,14,3384,117,4
2,5,15,3385,117,4
2,5,16,3386,117,4
2,5,17,3387,117,4
2,5,21,3388,117,4
2,5,22,3389,117,4
2,5,23,3390,117,4
2,5,24,3391,117,4
2,5,25,3392,117,4
2,5,26,3393,117,4
2,5,27,3394,117,4
2,5,28,3395,117,4
2,5,29,3396,117,4
2,5,30,3397,117,4
2,5,31,3398,117,4
2,5,32,3399,117,4
2,6,1,3403,120,2
2,6,2,3404,120,2
2,6,4,3405,120,2
2,6,5,3406,120,2
2,6,6,3407,120,2
2,6,7,3408,120,2
2,6,8,3409,120,2
2,6,9,3410,120,2
2,6,10,3411,120,2
2,6,11,3412,120,2
2,6,12,3413,120,2
2,6,13,3414,120,2
2,6,14,3415,120,2
2,6,15,3416,120,2
2,6,16,3417,120,2
2,6,17,3418,120,2
2,6,18,3419,120,2
2,6,19,3420,120,2
2,6,20,3421,120,2
2,6,21,3422,120,2
2,6,22,3423,120,2
2,6,23,3424,120,2
2,6,24,3425,120,2
2,6,25,3426,120,2
2,6,26,3427,120,2
2,6,27,3428,120,2
2,6,28,3429,120,2
2,6,29,3430,120,2
2,6,30,3431,120,2
2,6,31,3432,120,2
2,6,32,3433,120,2
2,6,33,3434,120,2
2,6,34,3435,120,2
2,7,1,3438,122,3
2,7,2,3439,122,3
2,7,3,3440,122,3
2,7,4,3441,122,3
2,7,5,3442,122,3
2,7,6,3443,122,3
2,7,7,3444,122,3
2,7,8,3445,122,3
2,7,9,3446,122,3
2,7,10,3447,122,3
2,7,11,3448,122,3
2,7,12,3449,122,3
2,7,13,3450,122,3
2,7,14,3451,122,3
2,7,15,3452,122,3
2,7,17,3453,122,3
2,7,18,3454,122,3
2,7,19,3455,122,3
2,7,20,3456,122,3
2,7,21,3457,122,3
2,7,22,3458,122,3
2,7,23,3459,122,3
2,7,24,3460,122,3
2,7,25,3461,122,3
2,7,26,3462,122,3
2,7,27,3463,122,3
2,7,28,3464,122,3
2,7,29,3465,122,3
2,7,30,3466,122,3
2,7,31,3467,122,3
2,7,32,3468,122,3
2,7,33,3469,122,3
2,7,34,3470,122,3
2,7,35,3471,122,3
2,7,36,3472,122,3
2,7,37,3473,122,3
2,8,1,3475,123,5
2,8,2,3476,123,5
2,8,3,3477,123,5
2,8,4,3478,123,5
2,8,5,3479,123,5
2,8,6,3480,123,5
2,8,7,3481,123,5
2,8,8,3482,123,5
2,8,9,3483,123,5
2,8,10,3484,123,5
2,8,11,3485,123,5
2,8,12,3486,123,5
2,8,13,3487,123,5
2,8,14,3488,123,5
2,8,15,3489,123,5
2,8,16,3490,123,5
2,8,17,3491,123,5
2,8,18,3492,123,5
2,8,19,3493,123,5
2,8,20,3494,123,5
2,8,21,3495,123,5
2,8,22,3496,123,5
2,8,23,3497,123,5
2,8,24,3498,123,5
2,8,25,3499,123,5
2,8,26,3500,123,5
2,8,27,3501,123,5
2,8,28,3502,123,5
2,8,29,3503,123,5
2,8,30,3504,123,5
2,8,31,3505,123,5
2,8,32,3506,123,5
2,8,33,3507,123,5
2,8,34,3508,123,5
2,8,35,3509,123,5
2,8,36,3510,123,5
2,8,37,3511,123,5
2,8,38,3512,123,5
2,8,45,3513,123,5
2,9,1,3513,122,2
2,9,2,3514,122,2
2,9,3,3515,122,2
2,9,4,3516,122,2
2,9,5,3517,122,2
2,9,6,3518,122,2
2,9,7,3519,122,2
2,9,8,3520,122,2
2,9,9,3521,122,2
2,9,10,3522,122,2
2,9,11,3523,122,2
2,9,12,3524,122,2
2,9,13,3525,122,2
2,9,14,3526,122,2
2,9,15,3527,122,2
2,9,16,3528,122,2
2,9,17,3529,122,2
2,9,18,3530,122,2
2,9,19,3531,122,2
2,9,20,3532,122,2
2,9,21,3533,122,2
2,9,22,3534,122,2
2,9,23,3535,122,2
2,9,24,3536,122,2
2,9,25,3537,122,2
2,9,26,3538,122,2
2,9,27,3539,122,2
2,9,28,3540,122,2
2,9,29,3541,122,2
2,9,30,3542,122,2
2,9,31,3543,122,2
2,9,32,3544,122,2
2,9,33,3545,122,2
2,9,34,3546,122,2
2,9,35,3547,122,2
2,9,50,3548,122,2
2,10,1,3549,122,7
2,10,2,3550,122,7
2,10,3,3551,122,7
2,10,4,3552,122,7
2,10,5,3553,122,7
2,10,6,3554,122,7
2,10,7,3555,122,7
2,10,8,3556,122,7
2,10,9,3557,122,7
2,10,10,3558,122,7
2,10,11,3559,122,7
2,10,12,3560,122,7
2,10,13,3561,122,7
2,10,14,3562,122,7
2,10,15,3563,122,7
2,10,16,3564,122,7
2,10,17,3565,122,7
2,10,18,3566,122,7
2,10,19,3567,122,7
2,10,20,3568,122,7
2,10,21,3569,122,7
2,10,22,3570,122,7
2,10,23,3571,122,7
2,10,24,3572,122,7
2,10,25,3573,122,7
2,10,26,3574,122,7
2,10,27,3575,122,7
2,10,28,3576,122,7
2,10,29,3577,122,7
2,10,30,3578,122,7
2,10,31,3579,122,7
2,10,32,3580,122,7
2,10,33,3581,122,7
2,10,34,3582,122,7
2,10,35,3583,122,7
2,10,36,3584,122,7
2,10,37,3585,122,7
2,10,38,3586,122,7
2,10,39,3587,122,7
2,10,40,3588,122,7
2,10,41,3589,122,7
2,10,42,3590,122,7
2,10,43,3591,122,7
2,10,50,3592,122,7
2,11,1,3592,121,3
2,11,2,3593,121,3
2,11,3,3594,121,3
2,11,4,3595,121,3
2,11,5,3596,121,3
2,11,6,3597,121,3
2,11,7,3598,121,3
2,11,8,3599,121,3
2,11,9,3600,121,3
2,11,10,3601,121,3
2,11,11,3602,121,3
2,11,12,3603,121,3
2,11,13,3604,121,3
2,11,14,3605,121,3
2,11,15,3606,121,3
2,11,16,3607,121,3
2,11,17,3608,121,3
2,11,18,3609,121,3
2,11,19,3610,121,3
2,11,20,3611,121,3
2,11,21,3612,121,3
2,11,22,3613,121,3
2,11,23,3614,121,3
2,11,24,3615,121,3
2,11,25,3616,121,3
2,11,26,3617,121,3
2,11,27,3618,121,3
2,11,28,3619,121,3
2,11,29,3620,121,3
2,11,30,3621,121,3
2,11,31,3622,121,3
2,11,32,3623,121,3
2,11,33,3624,121,3
2,11,34,3625,121,3
2,11,35,3626,121,3
2,11,36,3627,121,3
2,11,37,3628,121,3
2,11,38,3629,121,3
2,11,39,3630,121,3
2,11,40,3631,121,3
2,11,41,3632,121,3
2,11,42,3633,121,3
2,11,43,3634,121,3
2,11,44,3635,121,3
2,11,45,3636,121,3
2,11,46,3637,121,3
2,11,47,3638,121,3
2,11,48,3639,121,3
2,11,49,3640,121,3
2,11,50,3641,121,3
2,11,51,3642,121,3
2,11,52,3643,121,3
2,11,53,3644,121,3
2,11,54,3645,121,3
2,11,55,3646,121,3
2,11,56,3647,121,3
2,11,57,3648,121,3
2,11,58,3649,121,3
2,11,59,3650,121,3
2,11,60,3651,121,3
2,12,2,3652,121,3
2,12,3,3653,121,3
2,12,4,3654,121,3
2,12,5,3655,121,3
2,12,6,3656,121,3
2,12,7,3657,121,3
2,12,8,3658,121,3
2,12,9,3659,121,3
2,12,10,3660,121,3
2,12,11,3661,121,3
2,12,13,3662,121,3
2,12,14,3663,121,3
2,12,15,3664,121,3
2,12,16,3665,121,3
2,12,17,3666,121,3
2,12,18,3667,121,3
2,12,19,3668,121,3
2,12,20,3669,121,3
2,12,21,3670,121,3
2,12,22,3671,121,3
2,12,23,3672,121,3
2,12,24,3673,121,3
2,12,25,3674,121,3
2,12,26,3675,121,3
2,12,27,3676,121,3
2,12,28,3677,121,3
2,12,29,3678,121,3
2,12,30,3679,121,3
2,12,31,3680,121,3
2,12,32,3681,121,3
2,12,33,3682,121,3
2,12,34,3683,121,3
2,12,35,3684,121,3
2,12,36,3685,121,3
2,12,37,3686,121,3
2,12,38,3687,121,3
2,12,39,3688,121,3
2,12,40,3689,121,3
2,12,41,3690,121,3
2,12,42,3691,121,3
2,12,43,3692,121,3
2,12,44,3693,121,3
2,12,45,3694,121,3
2,12,46,3695,121,3
2,12,47,3696,121,3
2,12,48,3697,121,3
2,12,49,3698,121,3
2,13,1,3702,124,6
2,13,2,3703,124,6
2,13,3,3704,124,6
2,13,4,3705,124,6
2,13,5,3706,124,6
2,13,6,3707,124,6
2,13,7,3708,124,6
2,13,8,3709,124,6
2,13,9,3710,124,6
2,13,10,3711,124,6
2,13,11,3712,124,6
2,13,12,3713,124,6
2,13,13,3714,124,6
2,13,14,3715,124,6
2,13,15,3716,124,6
2,13,16,3717,124,6
2,13,17,3718,124,6
2,13,18,3719,124,6
2,13,19,3720,124,6
2,13,20,3721,124,6
2,13,21,3722,124,6
2,13,22,3723,124,6
2,13,23,3724,124,6
2,13,24,3725,124,6
2,13,25,3726,124,6
2,13,26,3727,124,6
2,14,1,3729,125,4
2,14,2,3730,125,4
2,14,3,3731,125,4
2,14,4,3732,125,4
2,14,5,3733,125,4
2,14,6,3734,125,4
2,14,7,3735,125,4
2,14,8,3736,125,4
2,14,9,3737,125,4
2,14,10,3738,125,4
2,14,11,3739,125,4
2,14,12,3740,125,4
2,14,13,3741,125,4
2,14,14,3742,125,4
2,14,15,3743,125,4
2,14,16,3744,125,4
2,14,17,3745,125,4
2,14,18,3746,125,4
2,14,19,3747,125,4
2,14,20,3748,125,4
2,14,21,3749,125,4
2,14,22,3750,125,4
2,14,23,3751,125,4
2,14,24,3752,125,4
2,14,25,3753,125,4
2,14,26,3754,125,4
2,14,27,3755,125,4
2,14,28,3756,125,4
2,14,29,3757,125,4
2,14,30,3758,125,4
2,14,31,3759,125,4
2,14,32,3760,125,4
2,14,33,3761,125,4
2,14,34,3762,125,4
2,14,35,3763,125,4
2,14,36,3764,125,4
2,14,37,3765,125,4
2,14,38,3766,125,4
2,14,39,3767,125,4
2,14,40,3768,125,4
2,14,41,3769,125,4
2,14,42,3770,125,4
2,14,43,3771,125,4
2,14,44,3772,125,4
2,14,45,3773,125,4
2,14,46,3774,125,4
2,14,48,3775,125,4
2,14,49,3776,125,4
2,14,50,3777,125,4
2,14,51,3778,125,4
2,14,52,3779,125,4
2,14,53,3780,125,4
2,14,54,3781,125,4
2,14,55,3782,125,4
2,14,56,3783,125,4
2,14,57,3784,125,4
2,14,58,3785,125,4
2,14,59,3786,125,4
2,15,1,3788,126,2
2,15,2,3789,126,2
2,15,3,3790,126,2
2,15,4,3791,126,2
2,15,5,3792,126,2
2,15,6,3793,126,2
2,15,7,3794,126,2
2,15,8,3795,126,2
2,15,9,3796,126,2
2,15,10,3797,126,2
2,15,11,3798,126,2
2,15,12,3799,126,2
2,15,13,3800,126,2
2,15,14,3801,126,2
2,15,15,3802,126,2
2,15,16,3803,126,2
2,15,17,3804,126,2
2,15,18,3805,126,2
2,15,19,3806,126,2
2,16,1,3809,128,18
2,16,2,3810,128,18
2,16,3,3811,128,18
2,16,4,3812,128,18
2,16,6,3813,128,18
2,16,7,3814,128,18
2,16,8,3815,128,18
2,16,9,3816,128,18
2,16,10,3817,128,18
2,16,11,3818,128,18
2,16,12,3819,128,18
2,16,13,3820,128,18
2,16,14,3821,128,18
2,16,15,3822,128,18
2,16,16,3823,128,18
2,16,17,3824,128,18
2,16,18,3825,128,18
2,16,19,3826,128,18
2,16,20,3827,128,18
2,16,21,3828,128,18
2,16,22,3829,128,18
2,16,23,3830,128,18
2,16,24,3831,128,18
2,16,25,3832,128,18
2,16,26,3833,128,18
2,16,27,3834,128,18
2,16,28,3835,128,18
2,16,29,3836,128,18
2,16,30,3837,128,18
2,16,31,3838,128,18
2,16,32,3839,128,18
2,16,33,3840,128,18
2,16,34,3841,128,18
2,16,36,3842,128,18
2,16,37,3843,128,18
2,16,38,3844,128,18
2,16,39,3845,128,18
2,16,40,3846,128,18
2,16,41,3847,128,18
2,16,42,3848,128,18
2,16,43,3849,128,18
2,16,44,3850,128,18
2,16,45,3851,128,18
2,17,1,3856,132,2
2,17,2,3857,132,2
2,17,4,3858,132,2
2,17,5,3859,132,2
2,17,7,3860,132,2
2,17,8,3861,132,2
2,17,9,3862,132,2
2,17,10,3863,132,2
2,17,11,3864,132,2
2,17,12,3865,132,2
2,17,13,3866,132,2
2,17,14,3867,132,2
2,17,15,3868,132,2
2,17,16,3869,132,2
2,17,17,3870,132,2
2,17,18,3871,132,2
2,17,19,3872,132,2
2,17,20,3873,132,2
2,17,21,3874,132,2
2,17,22,3875,132,2
2,17,23,3876,132,2
2,17,24,3877,132,2
2,17,25,3878,132,2
2,17,26,3879,132,2
2,17,27,3880,132,2
2,17,29,3881,132,2
2,17,30,3882,132,2
2,17,31,3883,132,2
2,17,32,3884,132,2
2,17,33,3885,132,2
2,17,34,3886,132,2
2,17,35,3887,132,2
2,17,36,3888,132,2
2,17,37,3889,132,2
2,17,38,3890,132,2
2,17,39,3891,132,2
2,18,1,3894,134,6
2,18,2,3895,134,6
2,18,3,3896,134,6
2,18,4,3897,134,6
2,18,5,3898,134,6
2,18,6,3899,134,6
2,18,7,3900,134,6
2,18,8,3901,134,6
2,18,9,3902,134,6
2,18,10,3903,134,6
2,18,11,3904,134,6
2,18,12,3905,134,6
2,18,13,3906,134,6
2,18,14,3907,134,6
2,18,15,3908,134,6
2,18,16,3909,134,6
2,18,17,3910,134,6
2,18,18,3911,134,6
2,18,19,3912,134,6
2,18,20,3913,134,6
2,18,21,3914,134,6
2,18,22,3915,134,6
2,18,23,3916,134,6
2,18,24,3917,134,6
2,18,25,3918,134,6
2,18,26,3919,134,6
2,18,27,3920,134,6
2,18,28,3921,134,6
2,18,29,3922,134,6
2,18,30,3923,134,6
2,18,32,3924,134,6
2,18,33,3925,134,6
2,18,34,3926,134,6
2,18,35,3927,134,6
2,18,36,3928,134,6
2,18,37,3929,134,6
2,18,38,3930,134,6
2,18,39,3931,134,6
2,18,40,3932,134,6
2,18,41,3933,134,6
2,18,42,3934,134,6
2,18,43,3935,134,6
2,18,44,3936,134,6
2,18,45,3937,134,6
2,18,46,3938,134,6
2,18,47,3939,134,6
2,18,48,3940,134,6
2,18,49,3941,134,6
2,18,50,3942,134,6
2,18,51,3943,134,6
2,18,52,3944,134,6
2,18,53,3945,134,6
2,18,54,3946,134,6
2,18,55,3947,134,6
2,18,56,3948,134,6
2,18,57,3949,134,6
2,18,58,3950,134,6
2,18,59,3951,134,6
2,18,60,3952,134,6
2,18,61,3953,134,6
2,18,62,3954,134,6
2,18,63,3955,134,6
2,18,64,3956,134,6
2,18,65,3957,134,6
2,18,66,3958,134,6
2,18,116,3959,134,6
2,19,1,3963,137,19
2,19,2,3964,137,19
2,19,3,3965,137,19
2,19,4,3966,137,19
2,19,5,3967,137,19
2,19,6,3968,137,19
2,19,7,3969,137,19
2,19,8,3970,137,19
2,19,9,3971,137,19
2,19,10,3972,137,19
2,19,11,3973,137,19
2,19,12,3974,137,19
2,19,14,3975,137,19
2,19,15,3976,137,19
2,19,16,3977,137,19
2,19,17,3978,137,19
2,19,18,3979,137,19
2,19,19,3980,137,19
2,19,20,3981,137,19
2,19,21,3982,137,19
2,19,22,3983,137,19
2,19,23,3984,137,19
2,19,24,3985,137,19
2,19,25,3986,137,19
2,19,26,3987,137,19
2,19,27,3988,137,19
2,19,28,3989,137,19
2,19,29,3990,137,19
2,19,30,3991,137,19
2,19,31,3992,137,19
2,19,32,3993,137,19
2,19,33,3994,137,19
2,19,34,3995,137,19
2,19,35,3996,137,19
2,19,36,3997,137,19
2,19,37,3998,137,19
2,19,38,3999,137,19
2,19,39,4000,137,19
2,19,40,4001,137,19
2,19,41,4002,137,19
2,19,42,4003,137,19
2,19,43,4004,137,19
2,19,44,4005,137,19
2,19,45,4006,137,19
2,19,46,4007,137,19
2,19,47,4008,137,19
2,19,48,4009,137,19
2,19,49,4010,137,19
2,19,50,4011,137,19
2,19,51,4012,137,19
2,19,52,4013,137,19
2,19,53,4014,137,19
2,19,54,4015,137,19
2,19,55,4016,137,19
2,19,56,4017,137,19
2,19,57,4018,137,19
2,19,58,4019,137,19
2,19,59,4020,137,19
2,19,60,4021,137,19
2,19,61,4022,137,19
2,19,62,4023,137,19
2,19,63,4024,137,19
2,19,64,4025,137,19
2,19,65,4026,137,19
2,19,66,4027,137,19
2,19,67,4028,137,19
2,19,68,4029,137,19
2,19,69,4030,137,19
2,19,70,4031,137,19
2,19,71,4032,137,19
2,19,72,4033,137,19
2,19,73,4034,137,19
2,19,74,4035,137,19
2,19,75,4036,137,19
2,19,76,4037,137,19
2,19,77,4038,137,19
2,19,78,4039,137,19
2,19,79,4040,137,19
2,19,80,4041,137,19
2,19,81,4042,137,19
2,19,82,4043,137,19
2,19,83,4044,137,19
2,19,84,4045,137,19
2,19,85,4046,137,19
2,19,86,4047,137,19
2,19,87,4048,137,19
2,19,88,4049,137,19
2,19,89,4050,137,19
2,19,90,4051,137,19
2,19,91,4052,137,19
2,19,92,4053,137,19
2,19,93,4054,137,19
2,19,94,4055,137,19
2,19,95,4056,137,19
2,19,96,4057,137,19
2,19,97,4058,137,19
2,19,98,4059,137,19
2,19,99,4060,137,19
2,19,100,4061,137,19
2,19,101,4062,137,19
2,19,102,4063,137,19
2,20,1,4064,137,12
2,20,2,4065,137,12
2,20,3,4066,137,12
2,20,4,4067,137,12
2,20,5,4068,137,12
2,20,6,4069,137,12
2,20,7,4070,137,12
2,20,8,4071,137,12
2,20,9,4072,137,12
2,20,10,4073,137,12
2,20,11,4074,137,12
2,20,12,4075,137,12
2,20,13,4076,137,12
2,20,14,4077,137,12
2,20,15,4078,137,12
2,20,17,4079,137,12
2,20,18,4080,137,12
2,20,19,4081,137,12
2,20,20,4082,137,12
2,20,21,4083,137,12
2,20,22,4084,137,12
2,20,23,4085,137,12
2,20,24,4086,137,12
2,20,25,4087,137,12
2,20,26,4088,137,12
2,20,27,4089,137,12
2,20,28,4090,137,12
2,20,29,4091,137,12
2,20,30,4092,137,12
2,20,32,4093,137,12
2,20,33,4094,137,12
2,20,34,4095,137,12
2,20,35,4096,137,12
2,21,1,4098,138,2
2,21,2,4099,138,2
2,21,3,4100,138,2
2,21,4,4101,138,2
2,21,5,4102,138,2
2,21,6,4103,138,2
2,21,7,4104,138,2
2,21,8,4105,138,2
2,21,9,4106,138,2
2,21,10,4107,138,2
2,21,11,4108,138,2
2,21,12,4109,138,2
2,21,13,4110,138,2
2,21,14,4111,138,2
2,21,15,4112,138,2
2,21,16,4113,138,2
2,21,17,4114,138,2
2,21,18,4115,138,2
2,21,19,4116,138,2
2,21,20,4117,138,2
2,21,21,4118,138,2
2,21,22,4119,138,2
2,21,23,4120,138,2
2,21,24,4121,138,2
2,21,25,4122,138,2
2,22,2,4125,140,17
2,22,3,4126,140,17
2,22,4,4127,140,17
2,22,5,4128,140,17
2,22,6,4129,140,17
2,22,7,4130,140,17
2,22,8,4131,140,17
2,22,9,4132,140,17
2,22,10,4133,140,17
2,22,11,4134,140,17
2,22,12,4135,140,17
2,22,13,4136,140,17
2,22,14,4137,140,17
2,22,15,4138,140,17
2,22,16,4139,140,17
2,22,17,4140,140,17
2,22,18,4141,140,17
2,22,19,4142,140,17
2,22,20,4143,140,17
2,22,21,4144,140,17
2,22,22,4145,140,17
2,22,23,4146,140,17
2,22,24,4147,140,17
2,22,25,4148,140,17
2,22,26,4149,140,17
2,22,27,4150,140,17
2,22,28,4151,140,17
2,22,29,4152,140,17
2,22,30,4153,140,17
2,22,31,4154,140,17
2,22,32,4155,140,17
2,22,33,4156,140,17
2,22,34,4157,140,17
2,22,35,4158,140,17
2,22,36,4159,140,17
2,22,37,4160,140,17
2,22,38,4161,140,17
2,22,39,4162,140,17
2,22,40,4163,140,17
2,22,41,4164,140,17
2,22,42,4165,140,17
2,22,43,4166,140,17
2,22,44,4167,140,17
2,22,45,4168,140,17
2,22,46,4169,140,17
2,22,47,4170,140,17
2,22,48,4171,140,17
2,22,49,4172,140,17
2,22,50,4173,140,17
2,22,51,4174,140,17
2,22,52,4175,140,17
2,22,53,4176,140,17
2,22,54,4177,140,17
2,22,55,4178,140,17
2,22,56,4179,140,17
2,22,57,4180,140,17
2,22,58,4181,140,17
2,22,59,4182,140,17
2,22,60,4183,140,17
2,22,61,4184,140,17
2,22,62,4185,140,17
2,22,63,4186,140,17
2,22,64,4187,140,17
2,22,65,4188,140,17
2,22,66,4189,140,17
2,22,67,4190,140,17
2,22,69,4191,140,17
2,22,70,4192,140,17
2,22,71,4193,140,17
2,22,72,4194,140,17
2,22,73,4195,140,17
2,22,74,4196,140,17
2,22,75,4197,140,17
2,22,76,4198,140,17
2,22,77,4199,140,17
2,22,78,4200,140,17
2,22,79,4201,140,17
2,22,80,4202,140,17
2,22,81,4203,140,17
2,22,82,4204,140,17
2,22,83,4205,140,17
2,22,84,4206,140,17
2,22,85,4207,140,17
2,22,86,4208,140,17
2,22,87,4209,140,17
2,22,88,4210,140,17
2,22,89,4211,140,17
2,22,90,4212,140,17
2,22,91,4213,140,17
2,22,92,4214,140,17
2,22,93,4215,140,17
2,22,94,4216,140,17
2,22,95,4217,140,17
2,22,96,4218,140,17
2,22,97,4219,140,17
2,22,98,4220,140,17
2,22,99,4221,140,17
2,22,100,4222,140,17
2,22,101,4223,140,17
2,22,103,4224,140,17
2,23,1,4234,149,9
2,23,3,4235,149,9
2,23,4,4236,149,9
2,23,5,4237,149,9
2,23,6,4238,149,9
2,23,7,4239,149,9
2,23,8,4240,149,9
2,23,9,4241,149,9
2,23,10,4242,149,9
2,23,11,4243,149,9
2,23,12,4244,149,9
2,23,13,4245,149,9
2,23,14,4246,149,9
2,23,15,4247,149,9
2,23,16,4248,149,9
2,23,17,4249,149,9
2,23,19,4250,149,9
2,23,20,4251,149,9
2,23,21,4252,149,9
2,23,22,4253,149,9
2,23,23,4254,149,9
2,23,24,4255,149,9
2,23,25,4256,149,9
2,23,26,4257,149,9
2,23,27,4258,149,9
2,23,28,4259,149,9
2,23,29,4260,149,9
2,23,30,4261,149,9
2,23,31,4262,149,9
2,23,32,4263,149,9
2,23,33,4264,149,9
2,23,34,4265,149,9
2,23,35,4266,149,9
2,23,36,4267,149,9
2,23,37,4268,149,9
2,23,38,4269,149,9
2,23,39,4270,149,9
2,24,1,4273,151,14
2,24,2,4274,151,14
2,24,3,4275,151,14
2,24,4,4276,151,14
2,24,5,4277,151,14
2,24,6,4278,151,14
2,24,7,4279,151,14
2,24,8,4280,151,14
2,24,9,4281,151,14
2,24,10,4282,151,14
2,24,11,4283,151,14
2,24,12,4284,151,14
2,24,13,4285,151,14
2,24,14,4286,151,14
2,24,15,4287,151,14
2,24,16,4288,151,14
2,24,17,4289,151,14
2,24,18,4290,151,14
2,24,19,4291,151,14
2,24,20,4292,151,14
2,24,21,4293,151,14
2,24,22,4294,151,14
2,24,23,4295,151,14
2,24,24,4296,151,14
2,24,25,4297,151,14
2,24,26,4298,151,14
2,24,27,4299,151,14
2,24,28,4300,151,14
2,24,29,4301,151,14
2,24,30,4302,151,14
2,24,31,4303,151,14
2,24,32,4304,151,14
2,24,33,4305,151,14
2,24,34,4306,151,14
2,24,35,4307,151,14
2,24,36,4308,151,14
2,24,37,4309,151,14
2,24,38,4310,151,14
2,24,39,4311,151,14
2,24,40,4312,151,14
2,24,41,4313,151,14
2,24,42,4314,151,14
2,24,43,4315,151,14
2,24,44,4316,151,14
2,24,45,4317,151,14
2,24,46,4318,151,14
2,24,47,4319,151,14
2,24,48,4320,151,14
2,24,49,4321,151,14
2,24,50,4322,151,14
2,24,51,4323,151,14
2,24,52,4324,151,14
2,24,53,4325,151,14
2,24,54,4326,151,14
2,24,55,4327,151,14
2,24,56,4328,151,14
2,24,57,4329,151,14
2,24,58,4330,151,14
2,24,59,4331,151,14
2,24,60,4332,151,14
2,24,61,4333,151,14
2,24,62,4334,151,14
2,24,63,4335,151,14
2,24,64,4336,151,14
2,24,65,4337,151,14
2,24,66,4338,151,14
2,24,67,4339,151,14
2,24,68,4340,151,14
2,24,69,4341,151,14
2,24,70,4342,151,14
2,24,71,4343,151,14
2,24,72,4344,151,14
2,24,73,4345,151,14
2,24,74,4346,151,14
2,24,75,4347,151,14
2,24,76,4348,151,14
2,25,1,4350,152,10
2,25,2,4351,152,10
2,25,3,4352,152,10
2,25,4,4353,152,10
2,25,5,4354,152,10
2,25,6,4355,152,10
2,25,7,4356,152,10
2,25,8,4357,152,10
2,25,9,4358,152,10
2,25,10,4359,152,10
2,25,11,4360,152,10
2,25,12,4361,152,10
2,25,13,4362,152,10
2,25,14,4363,152,10
2,25,15,4364,152,10
2,25,16,4365,152,10
2,25,17,4366,152,10
2,25,18,4367,152,10
2,25,19,4368,152,10
2,25,20,4369,152,10
2,25,21,4370,152,10
2,25,22,4371,152,10
2,25,23,4372,152,10
2,25,24,4373,152,10
2,25,25,4374,152,10
2,25,26,4375,152,10
2,25,27,4376,152,10
2,25,28,4377,152,10
2,25,29,4378,152,10
2,25,30,4379,152,10
2,25,31,4380,152,10
2,25,32,4381,152,10
2,25,33,4382,152,10
2,25,34,4383,152,10
2,25,35,4384,152,10
2,25,36,4385,152,10
2,25,37,4386,152,10
2,25,38,4387,152,10
2,25,39,4388,152,10
2,26,1,4389,152,14
2,26,2,4390,152,14
2,26,3,4391,152,14
2,26,4,4392,152,14
2,26,5,4393,152,14
2,26,6,4394,152,14
2,26,7,4395,152,14
2,26,8,4396,152,14
2,26,9,4397,152,14
2,26,10,4398,152,14
2,26,11,4399,152,14
2,26,12,4400,152,14
2,26,13,4401,152,14
2,26,14,4402,152,14
2,26,15,4403,152,14
2,26,16,4404,152,14
2,26,17,4405,152,14
2,26,18,4406,152,14
2,26,19,4407,152,14
2,26,20,4408,152,14
2,26,21,4409,152,14
2,26,22,4410,152,14
2,26,23,4411,152,14
2,26,24,4412,152,14
2,26,25,4413,152,14
2,26,26,4414,152,14
2,26,27,4415,152,14
2,26,28,4416,152,14
2,26,29,4417,152,14
2,26,30,4418,152,14
2,26,31,4419,152,14
2,26,32,4420,152,14
2,26,33,4421,152,14
2,26,34,4422,152,14
2,26,35,4423,152,14
2,26,36,4424,152,14
2,26,37,4425,152,14
2,26,38,4426,152,14
2,26,39,4427,152,14
2,26,40,4428,152,14
2,26,41,4429,152,14
2,26,42,4430,152,14
2,26,43,4431,152,14
2,26,44,4432,152,14
2,26,45,4433,152,14
2,26,46,4434,152,14
2,26,47,4435,152,14
2,26,48,4436,152,14
2,26,49,4437,152,14
2,26,50,4438,152,14
2,26,51,4439,152,14
2,26,52,4440,152,14
2,26,53,4441,152,14
2,26,54,4442,152,14
2,26,55,4443,152,14
2,26,56,4444,152,14
2,26,57,4445,152,14
2,26,58,4446,152,14
2,26,59,4447,152,14
2,26,60,4448,152,14
2,26,61,4449,152,14
2,26,62,4450,152,14
2,26,63,4451,152,14
2,26,64,4452,152,14
2,26,65,4453,152,14
2,26,66,4454,152,14
2,26,67,4455,152,14
2,26,68,4456,152,14
2,26,69,4457,152,14
2,26,70,4458,152,14
2,26,71,4459,152,14
2,27,1,4461,153,11
2,27,2,4462,153,11
2,27,3,4463,153,11
2,27,4,4464,153,11
2,27,5,4465,153,11
2,27,6,4466,153,11
2,27,7,4467,153,11
2,27,8,4468,153,11
2,27,9,4469,153,11
2,27,10,4470,153,11
2,27,11,4471,153,11
2,27,12,4472,153,11
2,27,13,4473,153,11
2,27,14,4474,153,11
2,27,15,4475,153,11
2,27,16,4476,153,11
2,27,17,4477,153,11
2,27,18,4478,153,11
2,27,19,4479,153,11
2,27,20,4480,153,11
2,27,21,4481,153,11
2,27,22,4482,153,11
2,27,23,4483,153,11
2,27,24,4484,153,11
2,27,25,4485,153,11
2,27,26,4486,153,11
2,27,27,4487,153,11
2,27,28,4488,153,11
2,27,29,4489,153,11
2,27,30,4490,153,11
2,27,31,4491,153,11
2,27,32,4492,153,11
2,27,33,4493,153,11
2,27,34,4494,153,11
2,27,35,4495,153,11
2,27,36,4496,153,11
2,27,37,4497,153,11
2,27,38,4498,153,11
2,27,39,4499,153,11
2,27,40,4500,153,11
2,27,41,4501,153,11
2,27,42,4502,153,11
2,27,43,4503,153,11
2,27,44,4504,153,11
2,27,45,4505,153,11
2,27,46,4506,153,11
2,27,47,4507,153,11
2,27,48,4508,153,11
2,27,49,4509,153,11
2,27,50,4510,153,11
2,27,51,4511,153,11
2,27,52,4512,153,11
2,27,53,4513,153,11
2,27,54,4514,153,11
2,27,55,4515,153,11
2,27,56,4516,153,11
2,27,57,4517,153,11
2,27,59,4518,153,11
2,27,60,4519,153,11
2,27,61,4520,153,11
2,27,62,4521,153,11
2,28,1,4524,155,13
2,28,2,4525,155,13
2,28,3,4526,155,13
2,28,4,4527,155,13
2,28,5,4528,155,13
2,28,6,4529,155,13
2,28,7,4530,155,13
2,28,8,4531,155,13
2,28,9,4532,155,13
2,28,10,4533,155,13
2,28,11,4534,155,13
2,28,12,4535,155,13
2,28,13,4536,155,13
2,28,14,4537,155,13
2,28,15,4538,155,13
2,28,16,4539,155,13
2,28,17,4540,155,13
2,28,19,4541,155,13
2,28,20,4542,155,13
2,28,21,4543,155,13
2,28,22,4544,155,13
2,28,23,4545,155,13
2,28,24,4546,155,13
2,28,25,4547,155,13
2,28,26,4548,155,13
2,28,27,4549,155,13
2,28,28,4550,155,13
2,28,29,4551,155,13
2,28,30,4552,155,13
2,28,31,4553,155,13
2,28,32,4554,155,13
2,28,33,4555,155,13
2,28,34,4556,155,13
2,28,35,4557,155,13
2,28,36,4558,155,13
2,28,37,4559,155,13
2,28,38,4560,155,13
2,28,39,4561,155,13
2,28,40,4562,155,13
2,28,41,4563,155,13
2,28,42,4564,155,13
2,28,43,4565,155,13
2,28,44,4566,155,13
2,28,46,4567,155,13
2,28,47,4568,155,13
2,28,48,4569,155,13
2,28,49,4570,155,13
2,28,50,4571,155,13
2,28,51,4572,155,13
2,28,52,4573,155,13
2,28,53,4574,155,13
2,28,54,4575,155,13
2,28,55,4576,155,13
2,28,56,4577,155,13
2,28,57,4578,155,13
2,28,58,4579,155,13
2,28,59,4580,155,13
2,28,61,4581,155,13
2,28,62,4582,155,13
2,28,63,4583,155,13
2,28,64,4584,155,13
2,28,65,4585,155,13
2,28,66,4586,155,13
2,28,67,4587,155,13
2,28,68,4588,155,13
2,28,69,4589,155,13
2,28,70,4590,155,13
2,28,71,4591,155,13
2,28,72,4592,155,13
2,28,73,4593,155,13
2,28,74,4594,155,13
2,28,75,4595,155,13
2,28,76,4596,155,13
2,28,77,4597,155,13
2,28,78,4598,155,13
2,28,79,4599,155,13
2,28,80,4600,155,13
2,28,81,4601,155,13
2,28,82,4602,155,13
2,28,83,4603,155,13
2,28,84,4604,155,13
2,28,85,4605,155,13
2,28,86,4606,155,13
2,28,87,4607,155,13
2,28,88,4608,155,13
2,28,89,4609,155,13
2,28,90,4610,155,13
2,28,91,4611,155,13
2,28,92,4612,155,13
2,28,93,4613,155,13
2,28,94,4614,155,13
2,28,95,4615,155,13
2,28,97,4616,155,13
2,28,98,4617,155,13
2,28,99,4618,155,13
2,28,100,4619,155,13
2,28,101,4620,155,13
2,28,102,4621,155,13
2,28,103,4622,155,13
2,28,104,4623,155,13
2,28,105,4624,155,13
2,28,106,4625,155,13
2,28,107,4626,155,13
2,28,108,4627,155,13
2,28,109,4628,155,13
2,28,110,4629,155,13
2,28,111,4630,155,13
2,28,112,4631,155,13
2,28,113,4632,155,13
2,28,114,4633,155,13
2,28,115,4634,155,13
2,28,117,4635,155,13
2,28,118,4636,155,13
2,29,1,4640,158,2
2,29,2,4641,158,2
2,29,3,4642,158,2
2,29,4,4643,158,2
2,29,5,4644,158,2
2,29,6,4645,158,2
2,29,7,4646,158,2
2,29,8,4647,158,2
2,29,9,4648,158,2
2,29,10,4649,158,2
2,29,11,4650,158,2
2,29,12,4651,158,2
2,29,13,4652,158,2
2,29,14,4653,158,2
2,29,15,4654,158,2
2,29,16,4655,158,2
2,29,17,4656,158,2
2,29,18,4657,158,2
2,29,19,4658,158,2
2,29,20,4659,158,2
2,29,21,4660,158,2
2,29,22,4661,158,2
2,29,23,4662,158,2
2,29,24,4663,158,2
2,29,25,4664,158,2
2,29,26,4665,158,2
2,29,27,4666,158,2
2,29,28,4667,158,2
2,29,29,4668,158,2
2,29,30,4669,158,2
2,29,31,4670,158,2
2,29,32,4671,158,2
2,29,33,4672,158,2
2,29,34,4673,158,2
2,29,35,4674,158,2
2,29,36,4675,158,2
2,29,37,4676,158,2
2,29,38,4677,158,2
2,29,39,4678,158,2
2,29,40,4679,158,2
2,29,41,4680,158,2
2,29,42,4681,158,2
2,29,43,4682,158,2
2,29,44,4683,158,2
2,30,1,4687,161,15
2,30,2,4688,161,15
2,30,3,4689,161,15
2,30,4,4690,161,15
2,30,5,4691,161,15
2,30,6,4692,161,15
2,30,7,4693,161,15
2,30,8,4694,161,15
2,30,9,4695,161,15
2,30,10,4696,161,15
2,30,11,4697,161,15
2,30,12,4698,161,15
2,30,13,4699,161,15
2,30,14,4700,161,15
2,30,15,4701,161,15
2,30,16,4702,161,15
2,30,17,4703,161,15
2,30,18,4704,161,15
2,30,19,4705,161,15
2,30,20,4706,161,15
2,30,21,4707,161,15
2,30,22,4708,161,15
2,30,23,4709,161,15
2,30,24,4710,161,15
2,30,25,4711,161,15
2,30,26,4712,161,15
2,30,27,4713,161,15
2,30,28,4714,161,15
2,30,29,4715,161,15
2,30,30,4716,161,15
2,30,31,4717,161,15
2,30,32,4718,161,15
2,30,33,4719,161,15
2,30,34,4720,161,15
2,30,35,4721,161,15
2,30,36,4722,161,15
2,30,37,4723,161,15
2,30,38,4724,161,15
2,30,39,4725,161,15
2,30,40,4726,161,15
2,30,41,4727,161,15
2,30,42,4728,161,15
2,30,43,4729,161,15
2,30,44,4730,161,15
2,30,45,4731,161,15
2,30,46,4732,161,15
2,30,47,4733,161,15
2,30,48,4734,161,15
2,30,49,4735,161,15
2,30,50,4736,161,15
2,30,51,4737,161,15
2,30,52,4738,161,15
2,30,53,4739,161,15
2,30,54,4740,161,15
2,30,55,4741,161,15
2,30,56,4742,161,15
2,30,57,4743,161,15
2,30,58,4744,161,15
2,30,59,4745,161,15
2,30,60,4746,161,15
2,30,61,4747,161,15
2,30,62,4748,161,15
2,30,63,4749,161,15
2,30,64,4750,161,15
2,30,65,4751,161,15
2,30,66,4752,161,15
2,30,67,4753,161,15
2,30,68,4754,161,15
2,30,69,4755,161,15
2,30,70,4756,161,15
2,30,71,4757,161,15
2,30,72,4758,161,15
2,30,73,4759,161,15
2,30,74,4760,161,15
2,30,75,4761,161,15
2,30,76,4762,161,15
2,30,77,4763,161,15
2,30,78,4764,161,15
2,30,79,4765,161,15
2,30,80,4766,161,15
2,30,81,4767,161,15
2,30,82,4768,161,15
2,30,83,4769,161,15
2,30,84,4770,161,15
2,30,85,4771,161,15
2,30,86,4772,161,15
2,30,87,4773,161,15
2,30,88,4774,161,15
2,30,89,4775,161,15
2,30,90,4776,161,15
2,30,92,4777,161,15
2,30,93,4778,161,15
2,31,1,4781,163,13
2,31,2,4782,163,13
2,31,3,4783,163,13
2,31,4,4784,163,13
2,31,5,4785,163,13
2,31,6,4786,163,13
2,31,7,4787,163,13
2,31,8,4788,163,13
2,31,9,4789,163,13
2,31,10,4790,163,13
2,31,11,4791,163,13
2,31,12,4792,163,13
2,31,13,4793,163,13
2,31,14,4794,163,13
2,31,15,4795,163,13
2,31,16,4796,163,13
2,31,17,4797,163,13
2,31,18,4798,163,13
2,31,19,4799,163,13
2,31,20,4800,163,13
2,31,21,4801,163,13
2,31,22,4802,163,13
2,31,23,4803,163,13
2,31,24,4804,163,13
2,31,25,4805,163,13
2,31,26,4806,163,13
2,31,27,4807,163,13
2,31,28,4808,163,13
2,31,29,4809,163,13
2,31,30,4810,163,13
2,31,31,4811,163,13
2,31,32,4812,163,13
2,31,33,4813,163,13
2,31,34,4814,163,13
2,31,35,4815,163,13
2,31,36,4816,163,13
2,31,37,4817,163,13
2,31,38,4818,163,13
2,31,39,4819,163,13
2,31,40,4820,163,13
2,31,41,4821,163,13
2,31,42,4822,163,13
2,31,43,4823,163,13
2,31,44,4824,163,13
2,31,45,4825,163,13
2,31,47,4826,163,13
2,31,48,4827,163,13
2,31,49,4828,163,13
2,31,50,4829,163,13
2,31,51,4830,163,13
2,31,52,4831,163,13
2,31,53,4832,163,13
2,31,54,4833,163,13
2,31,55,4834,163,13
2,31,56,4835,163,13
2,31,57,4836,163,13
2,31,58,4837,163,13
2,31,59,4838,163,13
2,32,1,4842,166,18
2,32,2,4843,166,18
2,32,3,4844,166,18
2,32,4,4845,166,18
2,32,5,4846,166,18
2,32,6,4847,166,18
2,32,7,4848,166,18
2,32,8,4849,166,18
2,32,9,4850,166,18
2,32,10,4851,166,18
2,32,11,4852,166,18
2,32,12,4853,166,18
2,32,13,4854,166,18
2,32,14,4855,166,18
2,32,15,4856,166,18
2,32,16,4857,166,18
2,32,17,4858,166,18
2,32,18,4859,166,18
2,32,19,4860,166,18
2,32,20,4861,166,18
2,32,21,4862,166,18
2,32,22,4863,166,18
2,32,23,4864,166,18
2,32,24,4865,166,18
2,32,26,4866,166,18
2,32,27,4867,166,18
2,32,28,4868,166,18
2,32,29,4869,166,18
2,32,30,4870,166,18
2,32,31,4871,166,18
2,32,32,4872,166,18
2,32,33,4873,166,18
2,32,34,4874,166,18
2,32,35,4875,166,18
2,32,36,4876,166,18
2,32,37,4877,166,18
2,32,38,4878,166,18
2,32,39,4879,166,18
2,32,40,4880,166,18
2,32,41,4881,166,18
2,32,42,4882,166,18
2,32,43,4883,166,18
2,32,44,4884,166,18
2,32,45,4885,166,18
2,32,46,4886,166,18
2,32,47,4887,166,18
2,32,48,4888,166,18
2,32,49,4889,166,18
2,32,51,4890,166,18
2,32,52,4891,166,18
2,32,53,4892,166,18
2,32,54,4893,166,18
2,32,55,4894,166,18
2,32,56,4895,166,18
2,32,57,4896,166,18
2,32,58,4897,166,18
2,32,59,4898,166,18
2,32,60,4899,166,18
2,32,61,4900,166,18
2,32,62,4901,166,18
2,32,63,4902,166,18
2,32,64,4903,166,18
2,33,1,4905,167,4
2,33,2,4906,167,4
2,33,3,4907,167,4
2,33,4,4908,167,4
2,33,5,4909,167,4
2,33,6,4910,167,4
2,33,7,4911,167,4
2,33,8,4912,167,4
2,33,9,4913,167,4
2,33,10,4914,167,4
2,33,11,4915,167,4
2,33,12,4916,167,4
2,33,13,4917,167,4
2,33,14,4918,167,4
2,33,15,4919,167,4
2,33,16,4920,167,4
2,33,17,4921,167,4
2,33,18,4922,167,4
2,33,19,4923,167,4
2,33,20,4924,167,4
2,33,21,4925,167,4
2,33,22,4926,167,4
2,33,23,4927,167,4
2,33,24,4928,167,4
2,33,25,4929,167,4
2,33,26,4930,167,4
2,33,27,4931,167,4
2,33,28,4932,167,4
2,33,29,4933,167,4
2,33,30,4934,167,4
2,33,31,4935,167,4
2,33,32,4936,167,4
2,33,33,4937,167,4
2,33,34,4938,167,4
2,33,35,4939,167,4
2,33,36,4940,167,4
2,33,37,4941,167,4
2,33,38,4942,167,4
2,33,39,4943,167,4
2,33,40,4944,167,4
2,33,41,4945,167,4
2,33,42,4946,167,4
2,33,43,4947,167,4
2,33,44,4948,167,4
2,33,45,4949,167,4
2,34,1,4953,170,8
2,34,2,4954,170,8
2,34,3,4955,170,8
2,34,4,4956,170,8
2,34,5,4957,170,8
2,34,6,4958,170,8
2,34,7,4959,170,8
2,34,8,4960,170,8
2,34,9,4961,170,8
2,34,10,4962,170,8
2,34,11,4963,170,8
2,34,12,4964,170,8
2,34,13,4965,170,8
2,34,14,4966,170,8
2,34,15,4967,170,8
2,34,16,4968,170,8
2,34,17,4969,170,8
2,34,18,4970,170,8
2,34,19,4971,170,8
2,34,20,4972,170,8
2,34,21,4973,170,8
2,34,22,4974,170,8
2,34,53,4975,170,8
2,35,1,4976,170,9
2,35,2,4977,170,9
2,35,3,4978,170,9
2,35,4,4979,170,9
2,35,5,4980,170,9
2,35,6,4981,170,9
2,35,7,4982,170,9
2,35,8,4983,170,9
2,35,9,4984,170,9
2,35,10,4985,170,9
2,35,11,4986,170,9
2,35,12,4987,170,9
2,35,13,4988,170,9
2,35,14,4989,170,9
2,35,15,4990,170,9
2,35,16,4991,170,9
2,35,17,4992,170,9
2,35,18,4993,170,9
2,35,19,4994,170,9
2,35,20,4995,170,9
2,35,21,4996,170,9
2,35,22,4997,170,9
2,35,23,4998,170,9
2,35,24,4999,170,9
2,35,25,5000,170,9
2,35,26,5001,170,9
2,35,27,5002,170,9
2,35,28,5003,170,9
2,35,29,5004,170,9
2,35,30,5005,170,9
2,35,31,5006,170,9
2,35,32,5007,170,9
2,35,33,5008,170,9
2,35,34,5009,170,9
2,35,35,5010,170,9
2,35,36,5011,170,9
2,35,37,5012,170,9
2,35,38,5013,170,9
2,35,39,5014,170,9
2,35,40,5015,170,9
2,35,41,5016,170,9
2,35,42,5017,170,9
2,35,43,5018,170,9
2,35,44,5019,170,9
2,35,45,5020,170,9
2,35,46,5021,170,9
2,35,47,5022,170,9
2,35,48,5023,170,9
2,35,49,5024,170,9
2,35,50,5025,170,9
2,35,51,5026,170,9
2,35,52,5027,170,9
2,35,54,5028,170,9
2,35,55,5029,170,9
2,35,56,5030,170,9
2,35,57,5031,170,9
2,35,58,5032,170,9
2,35,59,5033,170,9
2,35,60,5034,170,9
2,35,61,5035,170,9
2,35,62,5036,170,9
2,35,63,5037,170,9
2,35,64,5038,170,9
2,35,65,5039,170,9
2,35,66,5040,170,9
2,35,67,5041,170,9
2,35,68,5042,170,9
2,35,69,5043,170,9
2,35,70,5044,170,9
2,35,71,5045,170,9
2,35,72,5046,170,9
2,35,73,5047,170,9
2,35,74,5048,170,9
2,35,75,5049,170,9
2,35,76,5050,170,9
2,35,77,5051,170,9
2,35,78,5052,170,9
2,35,79,5053,170,9
2,35,80,5054,170,9
2,35,81,5055,170,9
2,35,82,5056,170,9
2,35,83,5057,170,9
2,35,84,5058,170,9
2,35,85,5059,170,9
2,35,86,5060,170,9
2,35,87,5061,170,9
2,35,88,5062,170,9
2,35,89,5063,170,9
2,35,90,5064,170,9
2,35,91,5065,170,9
2,35,92,5066,170,9
2,35,93,5067,170,9
2,35,94,5068,170,9
2,35,95,5069,170,9
2,35,96,5070,170,9
2,35,98,5071,170,9
2,35,99,5072,170,9
2,35,100,5073,170,9
2,35,101,5074,170,9
2,35,102,5075,170,9
2,35,103,5076,170,9
2,35,104,5077,170,9
2,35,105,5078,170,9
2,35,106,5079,170,9
2,35,107,5080,170,9
2,35,108,5081,170,9
2,35,109,5082,170,9
2,35,110,5083,170,9
2,35,111,5084,170,9
2,36,1,5089,174,9
2,36,2,5090,174,9
2,36,3,5091,174,9
2,36,4,5092,174,9
2,36,5,5093,174,9
2,36,6,5094,174,9
2,36,7,5095,174,9
2,36,8,5096,174,9
2,36,9,5097,174,9
2,36,10,5098,174,9
2,36,11,5099,174,9
2,36,12,5100,174,9
2,36,13,5101,174,9
2,36,14,5102,174,9
2,36,15,5103,174,9
2,36,16,5104,174,9
2,36,17,5105,174,9
2,36,18,5106,174,9
2,36,19,5107,174,9
2,36,20,5108,174,9
2,36,21,5109,174,9
2,36,22,5110,174,9
2,36,23,5111,174,9
2,36,24,5112,174,9
2,36,25,5113,174,9
2,36,26,5114,174,9
2,36,27,5115,174,9
2,36,28,5116,174,9
2,36,29,5117,174,9
2,36,30,5118,174,9
2,36,31,5119,174,9
2,36,32,5120,174,9
2,36,33,5121,174,9
2,36,34,5122,174,9
2,36,35,5123,174,9
2,36,36,5124,174,9
2,36,37,5125,174,9
2,36,38,5126,174,9
2,36,39,5127,174,9
2,36,40,5128,174,9
2,37,1,5131,176,7
2,37,2,5132,176,7
2,37,3,5133,176,7
2,37,4,5134,176,7
2,37,5,5135,176,7
2,37,6,5136,176,7
2,37,7,5137,176,7
2,37,8,5138,176,7
2,37,9,5139,176,7
2,37,10,5140,176,7
2,37,11,5141,176,7
2,37,12,5142,176,7
2,37,13,5143,176,7
2,37,14,5144,176,7
2,37,15,5145,176,7
2,37,16,5146,176,7
2,37,17,5147,176,7
2,37,18,5148,176,7
2,37,19,5149,176,7
2,37,20,5150,176,7
2,37,21,5151,176,7
2,37,22,5152,176,7
2,37,23,5153,176,7
2,37,24,5154,176,7
2,37,25,5155,176,7
2,37,26,5156,176,7
2,37,27,5157,176,7
2,37,28,5158,176,7
2,37,29,5159,176,7
2,37,30,5160,176,7
2,37,31,5161,176,7
2,37,32,5162,176,7
2,37,33,5163,176,7
2,37,34,5164,176,7
2,37,35,5165,176,7
2,37,36,5166,176,7
2,37,37,5167,176,7
2,37,38,5168,176,7
2,37,39,5169,176,7
2,37,40,5170,176,7
2,37,41,5171,176,7
2,37,42,5172,176,7
2,37,43,5173,176,7
2,37,44,5174,176,7
2,37,45,5175,176,7
2,37,46,5176,176,7
2,37,47,5177,176,7
2,37,48,5178,176,7
2,37,49,5179,176,7
2,37,50,5180,176,7
2,37,51,5181,176,7
2,37,52,5182,176,7
2,37,53,5183,176,7
2,37,54,5184,176,7
2,37,55,5185,176,7
2,37,56,5186,176,7
2,37,57,5187,176,7
2,37,58,5188,176,7
2,37,59,5189,176,7
2,37,60,5190,176,7
2,37,61,5191,176,7
2,37,62,5192,176,7
2,37,63,5193,176,7
2,37,64,5194,176,7
2,37,65,5195,176,7
2,37,66,5196,176,7
2,37,67,5197,176,7
2,37,68,5198,176,7
2,37,69,5199,176,7
2,37,70,5200,176,7
2,37,71,5201,176,7
2,37,72,5202,176,7
2,37,73,5203,176,7
2,38,1,5205,177,9
2,38,2,5206,177,9
2,38,3,5207,177,9
2,38,4,5208,177,9
2,38,5,5209,177,9
2,38,6,5210,177,9
2,38,7,5211,177,9
2,38,8,5212,177,9
2,38,9,5213,177,9
2,38,10,5214,177,9
2,38,11,5215,177,9
2,38,12,5216,177,9
2,38,13,5217,177,9
2,38,14,5218,177,9
2,38,15,5219,177,9
2,38,16,5220,177,9
2,38,17,5221,177,9
2,38,18,5222,177,9
2,38,19,5223,177,9
2,38,20,5224,177,9
2,38,21,5225,177,9
2,38,22,5226,177,9
2,38,23,5227,177,9
2,38,24,5228,177,9
2,38,25,5229,177,9
2,38,26,5230,177,9
2,38,27,5231,177,9
2,38,28,5232,177,9
2,38,29,5233,177,9
2,38,30,5234,177,9
2,38,31,5235,177,9
2,38,32,5236,177,9
2,38,33,5237,177,9
2,38,34,5238,177,9
2,38,35,5239,177,9
2,38,36,5240,177,9
2,38,37,5241,177,9
2,38,38,5242,177,9
2,38,39,5243,177,9
2,38,40,5244,177,9
2,38,41,5245,177,9
2,38,42,5246,177,9
2,38,43,5247,177,9
2,38,44,5248,177,9
2,38,45,5249,177,9
2,38,46,5250,177,9
2,38,47,5251,177,9
2,38,48,5252,177,9
2,38,49,5253,177,9
2,38,50,5254,177,9
2,38,51,5255,177,9
2,38,52,5256,177,9
2,38,53,5257,177,9
2,38,54,5258,177,9
2,38,55,5259,177,9
2,38,56,5260,177,9
2,38,57,5261,177,9
2,38,58,5262,177,9
2,38,59,5263,177,9
2,38,60,5264,177,9
2,38,61,5265,177,9
2,38,62,5266,177,9
2,38,63,5267,177,9
2,38,64,5268,177,9
2,38,65,5269,177,9
2,38,66,5270,177,9
2,39,1,5272,178,13
2,39,2,5273,178,13
2,39,3,5274,178,13
2,39,4,5275,178,13
2,39,5,5276,178,13
2,39,6,5277,178,13
2,39,7,5278,178,13
2,39,8,5279,178,13
2,39,9,5280,178,13
2,39,10,5281,178,13
2,39,11,5282,178,13
2,39,12,5283,178,13
2,39,13,5284,178,13
2,39,14,5285,178,13
2,39,15,5286,178,13
2,39,16,5287,178,13
2,39,17,5288,178,13
2,39,18,5289,178,13
2,39,19,5290,178,13
2,39,20,5291,178,13
2,39,21,5292,178,13
2,39,22,5293,178,13
2,39,23,5294,178,13
2,39,24,5295,178,13
2,39,25,5296,178,13
2,39,26,5297,178,13
2,39,27,5298,178,13
2,39,28,5299,178,13
2,39,29,5300,178,13
2,39,30,5301,178,13
2,39,31,5302,178,13
2,39,32,5303,178,13
2,39,33,5304,178,13
2,39,34,5305,178,13
2,39,35,5306,178,13
2,39,36,5307,178,13
2,39,37,5308,178,13
2,39,38,5309,178,13
2,39,39,5310,178,13
2,39,40,5311,178,13
2,39,41,5312,178,13
2,39,42,5313,178,13
2,39,43,5314,178,13
2,39,44,5315,178,13
2,39,45,5316,178,13
2,39,46,5317,178,13
2,39,47,5318,178,13
2,39,48,5319,178,13
2,39,49,5320,178,13
2,39,50,5321,178,13
2,39,51,5322,178,13
2,39,52,5323,178,13
2,39,53,5324,178,13
2,39,54,5325,178,13
2,39,55,5326,178,13
2,39,56,5327,178,13
2,39,57,5328,178,13
2,39,58,5329,178,13
2,39,59,5330,178,13
2,39,60,5331,178,13
2,39,61,5332,178,13
2,39,62,5333,178,13
2,39,63,5334,178,13
2,39,64,5335,178,13
2,39,65,5336,178,13
2,39,66,5337,178,13
2,39,67,5338,178,13
2,39,68,5339,178,13
2,39,69,5340,178,13
2,39,70,5341,178,13
2,39,71,5342,178,13
2,39,72,5343,178,13
2,39,73,5344,178,13
2,39,74,5345,178,13
2,39,75,5346,178,13
2,39,77,5347,178,13
2,39,78,5348,178,13
2,39,79,5349,178,13
2,39,80,5350,178,13
2,39,81,5351,178,13
2,39,82,5352,178,13
2,39,83,5353,178,13
2,40,1,5358,182,6
2,40,2,5359,182,6
2,40,3,5360,182,6
2,40,4,5361,182,6
2,40,5,5362,182,6
2,40,6,5363,182,6
2,40,7,5364,182,6
2,40,8,5365,182,6
2,40,9,5366,182,6
2,40,10,5367,182,6
2,40,11,5368,182,6
2,40,12,5369,182,6
2,40,13,5370,182,6
2,40,14,5371,182,6
2,40,15,5372,182,6
2,40,16,5373,182,6
2,40,17,5374,182,6
2,40,18,5375,182,6
2,40,19,5376,182,6
2,40,20,5377,182,6
2,40,21,5378,182,6
2,40,22,5379,182,6
2,40,23,5380,182,6
2,40,25,5381,182,6
2,40,26,5382,182,6
2,40,27,5383,182,6
2,40,28,5384,182,6
2,40,29,5385,182,6
2,40,30,5386,182,6
2,40,31,5387,182,6
2,40,32,5388,182,6
2,40,34,5389,182,6
2,40,35,5390,182,6
2,40,36,5391,182,6
2,40,37,5392,182,6
2,40,38,5393,182,6
2,40,39,5394,182,6
2,40,40,5395,182,6
2,40,41,5396,182,6
2,40,42,5397,182,6
2,40,43,5398,182,6
2,40,44,5399,182,6
2,40,45,5400,182,6
2,40,46,5401,182,6
2,40,47,5402,182,6
2,41,1,5404,183,4
2,41,2,5405,183,4
2,41,3,5406,183,4
2,41,4,5407,183,4
2,41,5,5408,183,4
2,41,6,5409,183,4
2,41,7,5410,183,4
2,41,8,5411,183,4
2,41,10,5412,183,4
2,41,11,5413,183,4
2,41,12,5414,183,4
2,41,13,5415,183,4
2,41,14,5416,183,4
2,41,15,5417,183,4
2,41,16,5418,183,4
2,41,17,5419,183,4
2,41,18,5420,183,4
2,41,19,5421,183,4
2,41,20,5422,183,4
2,41,21,5423,183,4
2,41,22,5424,183,4
2,41,23,5425,183,4
2,41,24,5426,183,4
2,41,25,5427,183,4
2,41,26,5428,183,4
2,41,27,5429,183,4
2,41,28,5430,183,4
2,41,29,5431,183,4
2,41,31,5432,183,4
2,41,32,5433,183,4
2,41,33,5434,183,4
2,41,34,5435,183,4
2,41,35,5436,183,4
2,41,36,5437,183,4
2,41,37,5438,183,4
2,41,38,5439,183,4
2,41,39,5440,183,4
2,41,40,5441,183,4
2,41,41,5442,183,4
2,41,42,5443,183,4
2,41,43,5444,183,4
2,41,44,5445,183,4
2,41,45,5446,183,4
2,41,46,5447,183,4
2,41,47,5448,183,4
2,41,48,5449,183,4
2,41,49,5450,183,4
2,41,50,5451,183,4
2,41,51,5452,183,4
2,41,52,5453,183,4
2,41,53,5454,183,4
2,41,54,5455,183,4
2,41,55,5456,183,4
2,41,56,5457,183,4
2,41,57,5458,183,4
2,41,58,5459,183,4
2,41,59,5460,183,4
2,41,60,5461,183,4
2,41,61,5462,183,4
2,41,62,5463,183,4
2,42,1,5467,186,13
2,42,2,5468,186,13
2,42,3,5469,186,13
2,42,4,5470,186,13
2,42,5,5471,186,13
2,42,6,5472,186,13
2,42,7,5473,186,13
2,42,8,5474,186,13
2,42,9,5475,186,13
2,42,10,5476,186,13
2,42,11,5477,186,13
2,42,12,5478,186,13
2,42,13,5479,186,13
2,42,14,5480,186,13
2,42,15,5481,186,13
2,42,16,5482,186,13
2,42,17,5483,186,13
2,42,18,5484,186,13
2,42,19,5485,186,13
2,42,20,5486,186,13
2,42,21,5487,186,13
2,42,22,5488,186,13
2,42,23,5489,186,13
2,42,24,5490,186,13
2,42,25,5491,186,13
2,42,26,5492,186,13
2,42,27,5493,186,13
2,42,28,5494,186,13
2,42,29,5495,186,13
2,42,30,5496,186,13
2,42,31,5497,186,13
2,42,32,5498,186,13
2,42,33,5499,186,13
2,42,34,5500,186,13
2,42,35,5501,186,13
2,42,36,5502,186,13
2,42,37,5503,186,13
2,42,38,5504,186,13
2,42,39,5505,186,13
2,42,40,5506,186,13
2,42,41,5507,186,13
2,42,42,5508,186,13
2,42,44,5509,186,13
2,42,45,5510,186,13
2,42,46,5511,186,13
2,42,47,5512,186,13
2,42,48,5513,186,13
2,42,49,5514,186,13
2,42,50,5515,186,13
2,42,51,5516,186,13
2,42,52,5517,186,13
2,42,53,5518,186,13
2,42,54,5519,186,13
2,42,55,5520,186,13
2,42,56,5521,186,13
2,42,57,5522,186,13
2,42,58,5523,186,13
2,42,59,5524,186,13
2,42,60,5525,186,13
2,42,61,5526,186,13
2,42,62,5527,186,13
2,42,63,5528,186,13
2,42,64,5529,186,13
2,42,65,5530,186,13
2,42,66,5531,186,13
2,42,67,5532,186,13
2,42,68,5533,186,13
2,42,69,5534,186,13
2,42,70,5535,186,13
2,42,71,5536,186,13
2,42,72,5537,186,13
2,42,73,5538,186,13
2,42,74,5539,186,13
2,42,75,5540,186,13
2,42,76,5541,186,13
2,42,77,5542,186,13
2,42,78,5543,186,13
2,42,79,5544,186,13
2,42,80,5545,186,13
2,42,81,5546,186,13
2,42,82,5547,186,13
2,42,84,5548,186,13
2,42,85,5549,186,13
2,42,86,5550,186,13
2,42,87,5551,186,13
2,43,1,5555,189,9
2,43,2,5556,189,9
2,43,3,5557,189,9
2,43,4,5558,189,9
2,43,5,5559,189,9
2,43,6,5560,189,9
2,43,7,5561,189,9
2,43,8,5562,189,9
2,43,9,5563,189,9
2,43,10,5564,189,9
2,43,11,5565,189,9
2,43,12,5566,189,9
2,43,13,5567,189,9
2,43,14,5568,189,9
2,43,15,5569,189,9
2,43,16,5570,189,9
2,43,17,5571,189,9
2,43,18,5572,189,9
2,43,19,5573,189,9
2,43,20,5574,189,9
2,43,21,5575,189,9
2,43,22,5576,189,9
2,43,23,5577,189,9
2,43,24,5578,189,9
2,43,25,5579,189,9
2,43,26,5580,189,9
2,43,27,5581,189,9
2,43,28,5582,189,9
2,43,29,5583,189,9
2,43,30,5584,189,9
2,43,31,5585,189,9
2,43,32,5586,189,9
2,43,33,5587,189,9
2,43,35,5588,189,9
2,43,36,5589,189,9
2,43,37,5590,189,9
2,43,38,5591,189,9
2,43,39,5592,189,9
2,43,40,5593,189,9
2,43,41,5594,189,9
2,43,42,5595,189,9
2,43,43,5596,189,9
2,43,44,5597,189,9
2,43,45,5598,189,9
2,43,46,5599,189,9
2,43,47,5600,189,9
2,43,48,5601,189,9
2,43,49,5602,189,9
2,43,50,5603,189,9
2,43,51,5604,189,9
2,43,52,5605,189,9
2,43,53,5606,189,9
2,43,54,5607,189,9
2,43,55,5608,189,9
2,43,56,5609,189,9
2,43,57,5610,189,9
2,43,58,5611,189,9
2,43,59,5612,189,9
2,43,60,5613,189,9
2,43,61,5614,189,9
2,43,62,5615,189,9
2,43,63,5616,189,9
2,43,64,5617,189,9
2,43,65,5618,189,9
2,43,66,5619,189,9
2,43,67,5620,189,9
2,43,68,5621,189,9
2,43,69,5622,189,9
2,43,70,5623,189,9
2,43,71,5624,189,9
2,43,72,5625,189,9
2,43,73,5626,189,9
2,43,74,5627,189,9
2,43,75,5628,189,9
2,43,76,5629,189,9
2,43,77,5630,189,9
2,43,78,5631,189,9
2,43,79,5632,189,9
2,43,80,5633,189,9
2,43,81,5634,189,9
2,43,82,5635,189,9
2,43,83,5636,189,9
2,43,84,5637,189,9
2,43,85,5638,189,9
2,43,86,5639,189,9
2,43,87,5640,189,9
2,43,88,5641,189,9
2,43,89,5642,189,9
2,43,90,5643,189,9
2,43,91,5644,189,9
2,43,92,5645,189,9
2,43,93,5646,189,9
2,43,94,5647,189,9
2,43,95,5648,189,9
2,43,96,5649,189,9
2,43,97,5650,189,9
2,43,98,5651,189,9
2,44,1,5654,191,3
2,44,2,5655,191,3
2,44,3,5656,191,3
2,44,4,5657,191,3
2,44,5,5658,191,3
2,44,6,5659,191,3
2,44,7,5660,191,3
2,44,8,5661,191,3
2,44,9,5662,191,3
2,44,10,5663,191,3
2,44,11,5664,191,3
2,44,12,5665,191,3
2,44,13,5666,191,3
2,44,14,5667,191,3
2,44,15,5668,191,3
2,44,16,5669,191,3
2,44,17,5670,191,3
2,44,18,5671,191,3
2,44,19,5672,191,3
2,44,20,5673,191,3
2,44,21,5674,191,3
2,44,22,5675,191,3
2,44,23,5676,191,3
2,44,24,5677,191,3
2,44,25,5678,191,3
2,44,26,5679,191,3
2,44,27,5680,191,3
2,44,28,5681,191,3
2,44,29,5682,191,3
2,44,30,5683,191,3
2,44,31,5684,191,3
2,44,32,5685,191,3
2,44,33,5686,191,3
2,44,34,5687,191,3
2,44,35,5688,191,3
2,44,36,5689,191,3
2,44,37,5690,191,3
2,44,38,5691,191,3
2,44,39,5692,191,3
2,44,40,5693,191,3
2,44,41,5694,191,3
2,44,42,5695,191,3
2,44,43,5696,191,3
2,44,44,5697,191,3
2,44,45,5698,191,3
2,44,46,5699,191,3
2,44,47,5700,191,3
2,44,48,5701,191,3
2,44,49,5702,191,3
2,44,50,5703,191,3
2,44,51,5704,191,3
2,44,52,5705,191,3
2,44,53,5706,191,3
2,44,54,5707,191,3
2,44,55,5708,191,3
2,44,56,5709,191,3
2,44,58,5710,191,3
2,44,59,5711,191,3
2,44,60,5712,191,3
2,44,61,5713,191,3
2,44,62,5714,191,3
2,44,63,5715,191,3
2,44,64,5716,191,3
2,44,65,5717,191,3
2,45,1,5719,192,1
2,45,2,5720,192,1
2,45,3,5721,192,1
2,45,4,5722,192,1
2,45,5,5723,192,1
2,45,6,5724,192,1
2,45,7,5725,192,1
2,45,8,5726,192,1
2,45,9,5727,192,1
2,45,10,5728,192,1
2,45,11,5729,192,1
2,45,12,5730,192,1
2,45,13,5731,192,1
2,45,14,5732,192,1
2,45,15,5733,192,1
2,45,16,5734,192,1
2,45,17,5735,192,1
2,45,18,5736,192,1
2,45,19,5737,192,1
2,46,1,5739,193,8
2,46,2,5740,193,8
2,46,3,5741,193,8
2,46,4,5742,193,8
2,46,5,5743,193,8
2,46,6,5744,193,8
2,46,7,5745,193,8
2,46,8,5746,193,8
2,46,9,5747,193,8
2,46,10,5748,193,8
2,46,11,5749,193,8
2,46,12,5750,193,8
2,46,13,5751,193,8
2,46,14,5752,193,8
2,46,15,5753,193,8
2,46,16,5754,193,8
2,46,17,5755,193,8
2,46,18,5756,193,8
2,46,19,5757,193,8
2,46,20,5758,193,8
2,46,21,5759,193,8
2,46,22,5760,193,8
2,46,23,5761,193,8
2,46,24,5762,193,8
2,46,25,5763,193,8
2,46,26,5764,193,8
2,46,27,5765,193,8
2,46,28,5766,193,8
2,46,29,5767,193,8
2,46,30,5768,193,8
2,46,31,5769,193,8
2,46,32,5770,193,8
2,46,33,5771,193,8
2,46,34,5772,193,8
2,46,35,5773,193,8
2,46,36,5774,193,8
2,46,37,5775,193,8
2,46,38,5776,193,8
2,46,39,5777,193,8
2,46,40,5778,193,8
2,46,41,5779,193,8
2,46,42,5780,193,8
2,46,43,5781,193,8
2,46,44,5782,193,8
2,46,45,5783,193,8
2,46,46,5784,193,8
2,46,47,5785,193,8
2,46,48,5786,193,8
2,46,49,5787,193,8
2,46,50,5788,193,8
2,46,51,5789,193,8
2,46,52,5790,193,8
2,46,53,5791,193,8
2,46,54,5792,193,8
2,46,55,5793,193,8
2,46,56,5794,193,8
2,46,57,5795,193,8
2,46,58,5796,193,8
2,46,59,5797,193,8
2,46,60,5798,193,8
2,47,1,5801,195,4
2,47,2,5802,195,4
2,47,3,5803,195,4
2,47,4,5804,195,4
2,47,5,5805,195,4
2,47,6,5806,195,4
2,47,7,5807,195,4
2,47,8,5808,195,4
2,47,9,5809,195,4
2,47,10,5810,195,4
2,47,11,5811,195,4
2,47,12,5812,195,4
2,47,13,5813,195,4
2,47,14,5814,195,4
2,47,15,5815,195,4
2,47,16,5816,195,4
2,47,17,5817,195,4
2,47,18,5818,195,4
2,47,19,5819,195,4
2,47,20,5820,195,4
2,47,21,5821,195,4
2,47,22,5822,195,4
2,47,23,5823,195,4
2,47,24,5824,195,4
2,47,25,5825,195,4
2,47,26,5826,195,4
2,47,27,5827,195,4
2,47,28,5828,195,4
2,47,29,5829,195,4
2,47,30,5830,195,4
2,47,31,5831,195,4
2,47,32,5832,195,4
2,47,33,5833,195,4
2,47,34,5834,195,4
2,47,35,5835,195,4
2,47,36,5836,195,4
2,47,37,5837,195,4
2,47,38,5838,195,4
2,47,39,5839,195,4
2,47,40,5840,195,4
2,47,41,5841,195,4
2,47,42,5842,195,4
2,47,43,5843,195,4
2,47,44,5844,195,4
2,47,45,5845,195,4
2,47,46,5846,195,4
2,48,1,5849,197,3
2,48,2,5850,197,3
2,48,3,5851,197,3
2,48,4,5852,197,3
2,48,5,5853,197,3
2,48,6,5854,197,3
2,48,7,5855,197,3
2,48,8,5856,197,3
2,48,9,5857,197,3
2,48,10,5858,197,3
2,48,11,5859,197,3
2,48,12,5860,197,3
2,48,13,5861,197,3
2,48,14,5862,197,3
2,48,15,5863,197,3
2,48,16,5864,197,3
2,48,17,5865,197,3
2,48,18,5866,197,3
2,48,19,5867,197,3
2,48,20,5868,197,3
2,48,21,5869,197,3
2,48,22,5870,197,3
2,48,23,5871,197,3
2,48,24,5872,197,3
2,48,25,5873,197,3
2,48,26,5874,197,3
2,48,27,5875,197,3
2,48,28,5876,197,3
2,48,29,5877,197,3
2,48,30,5878,197,3
2,48,31,5879,197,3
2,48,32,5880,197,3
2,48,33,5881,197,3
2,48,34,5882,197,3
2,48,35,5883,197,3
2,48,36,5884,197,3
2,48,37,5885,197,3
2,48,39,5886,197,3
2,48,40,5887,197,3
2,48,41,5888,197,3
2,48,42,5889,197,3
2,48,43,5890,197,3
2,48,44,5891,197,3
2,48,45,5892,197,3
2,48,46,5893,197,3
2,48,47,5894,197,3
2,48,48,5895,197,3
2,48,49,5896,197,3
2,48,50,5897,197,3
2,48,51,5898,197,3
2,49,1,5904,202,6
2,49,2,5905,202,6
2,49,3,5906,202,6
2,49,4,5907,202,6
2,49,5,5908,202,6
2,49,6,5909,202,6
2,49,7,5910,202,6
2,49,8,5911,202,6
2,49,9,5912,202,6
2,49,10,5913,202,6
2,49,11,5914,202,6
2,49,12,5915,202,6
2,49,13,5916,202,6
2,49,14,5917,202,6
2,49,15,5918,202,6
2,49,16,5919,202,6
2,49,17,5920,202,6
2,49,18,5921,202,6
2,49,19,5922,202,6
2,49,20,5923,202,6
2,49,21,5924,202,6
2,49,22,5925,202,6
2,49,23,5926,202,6
2,49,24,5927,202,6
2,49,25,5928,202,6
2,49,26,5929,202,6
2,49,27,5930,202,6
2,49,28,5931,202,6
2,49,29,5932,202,6
2,49,30,5933,202,6
2,49,31,5934,202,6
2,49,32,5935,202,6
2,49,33,5936,202,6
2,49,34,5937,202,6
2,49,35,5938,202,6
2,49,36,5939,202,6
2,49,37,5940,202,6
2,49,38,5941,202,6
2,49,39,5942,202,6
2,49,40,5943,202,6
2,49,41,5944,202,6
2,49,42,5945,202,6
2,49,43,5946,202,6
2,49,44,5947,202,6
2,49,45,5948,202,6
2,49,46,5949,202,6
2,49,47,5950,202,6
2,49,48,5951,202,6
2,49,49,5952,202,6
2,49,50,5953,202,6
2,49,51,5954,202,6
2,49,52,5955,202,6
2,49,53,5956,202,6
2,49,54,5957,202,6
2,49,55,5958,202,6
2,49,56,5959,202,6
2,49,57,5960,202,6
2,49,58,5961,202,6
2,49,59,5962,202,6
2,49,60,5963,202,6
2,49,61,5964,202,6
2,49,62,5965,202,6
2,49,63,5966,202,6
2,49,64,5967,202,6
2,49,65,5968,202,6
2,49,66,5969,202,6
2,49,67,5970,202,6
2,50,1,5964,195,14
2,50,2,5965,195,14
2,50,3,5966,195,14
2,50,4,5967,195,14
2,50,5,5968,195,14
2,50,6,5969,195,14
2,50,7,5970,195,14
2,50,8,5971,195,14
2,50,9,5972,195,14
2,50,10,5973,195,14
2,50,11,5974,195,14
2,50,12,5975,195,14
2,50,13,5976,195,14
2,50,14,5977,195,14
2,50,16,5978,195,14
2,50,17,5979,195,14
2,50,18,5980,195,14
2,50,19,5981,195,14
2,50,20,5982,195,14
2,50,21,5983,195,14
2,50,22,5984,195,14
2,50,23,5985,195,14
2,50,24,5986,195,14
2,50,25,5987,195,14
2,50,26,5988,195,14
2,50,27,5989,195,14
2,50,28,5990,195,14
2,50,29,5991,195,14
2,50,30,5992,195,14
2,50,31,5993,195,14
2,50,32,5994,195,14
2,50,33,5995,195,14
2,50,34,5996,195,14
2,50,35,5997,195,14
2,50,36,5998,195,14
2,50,37,5999,195,14
2,50,38,6000,195,14
2,50,39,6001,195,14
2,50,40,6002,195,14
2,50,41,6003,195,14
2,50,42,6004,195,14
2,50,43,6005,195,14
2,50,44,6006,195,14
2,50,45,6007,195,14
2,50,46,6008,195,14
2,50,47,6009,195,14
2,50,48,6010,195,14
2,50,49,6011,195,14
2,50,50,6012,195,14
2,50,51,6013,195,14
2,50,52,6014,195,14
2,50,53,6015,195,14
2,50,54,6016,195,14
2,50,55,6017,195,14
2,50,56,6018,195,14
2,50,57,6019,195,14
2,50,58,6020,195,14
2,50,59,6021,195,14
2,50,60,6022,195,14
2,50,61,6023,195,14
2,50,62,6024,195,14
2,50,63,6025,195,14
2,50,64,6026,195,14
2,50,65,6027,195,14
2,50,66,6028,195,14
2,50,67,6029,195,14
2,50,68,6030,195,14
2,50,69,6031,195,14
2,50,70,6032,195,14
2,50,71,6033,195,14
2,50,72,6034,195,14
2,50,73,6035,195,14
2,50,74,6036,195,14
2,50,75,6037,195,14
2,50,76,6038,195,14
2,50,77,6039,195,14
2,50,78,6040,195,14
2,50,79,6041,195,14
2,50,80,6042,195,14
2,50,81,6043,195,14
2,50,82,6044,195,14
2,50,83,6045,195,14
2,50,84,6046,195,14
2,50,85,6047,195,14
2,50,86,6048,195,14
2,50,87,6049,195,14
2,50,88,6050,195,14
2,50,89,6051,195,14
2,51,1,6067,210,3
2,51,2,6068,210,3
2,51,3,6069,210,3
2,51,4,6070,210,3
2,51,5,6071,210,3
2,51,7,6072,210,3
2,51,8,6073,210,3
2,51,9,6074,210,3
2,51,10,6075,210,3
2,51,11,6076,210,3
2,51,12,6077,210,3
2,51,13,6078,210,3
2,51,14,6079,210,3
2,51,15,6080,210,3
2,51,16,6081,210,3
2,51,17,6082,210,3
2,51,18,6083,210,3
2,51,19,6084,210,3
2,51,20,6085,210,3
2,51,21,6086,210,3
2,51,22,6087,210,3
2,51,23,6088,210,3
2,51,24,6089,210,3
2,51,25,6090,210,3
2,51,26,6091,210,3
2,51,27,6092,210,3
2,51,28,6093,210,3
2,51,29,6094,210,3
2,51,30,6095,210,3
2,51,31,6096,210,3
2,51,32,6097,210,3
2,51,33,6098,210,3
2,51,34,6099,210,3
2,51,35,6100,210,3
2,51,36,6101,210,3
2,51,37,6102,210,3
2,51,38,6103,210,3
2,51,39,6104,210,3
2,51,40,6105,210,3
2,51,41,6106,210,3
2,51,42,6107,210,3
2,51,43,6108,210,3
2,51,44,6109,210,3
2,51,45,6110,210,3
2,51,46,6111,210,3
2,51,47,6112,210,3
2,51,48,6113,210,3
2,51,49,6114,210,3
2,51,50,6115,210,3
2,51,51,6116,210,3
2,51,52,6117,210,3
2,51,53,6118,210,3
2,51,54,6119,210,3
2,51,55,6120,210,3
2,51,56,6121,210,3
2,51,57,6122,210,3
2,51,58,6123,210,3
2,51,59,6124,210,3
2,51,60,6125,210,3
2,51,61,6126,210,3
2,51,62,6127,210,3
2,51,63,6128,210,3
2,51,64,6129,210,3
2,51,65,6130,210,3
2,51,66,6131,210,3
2,51,67,6132,210,3
2,51,68,6133,210,3
2,51,69,6134,210,3
2,51,70,6135,210,3
2,51,71,6136,210,3
2,52,1,6137,210,5
2,52,2,6138,210,5
2,52,3,6139,210,5
2,52,4,6140,210,5
2,52,5,6141,210,5
2,52,6,6142,210,5
2,52,7,6143,210,5
2,52,8,6144,210,5
2,52,9,6145,210,5
2,52,10,6146,210,5
2,52,11,6147,210,5
2,52,12,6148,210,5
2,52,13,6149,210,5
2,52,14,6150,210,5
2,52,15,6151,210,5
2,52,16,6152,210,5
2,52,17,6153,210,5
2,52,18,6154,210,5
2,52,19,6155,210,5
2,52,20,6156,210,5
2,52,21,6157,210,5
2,52,22,6158,210,5
2,52,23,6159,210,5
2,52,24,6160,210,5
2,52,25,6161,210,5
2,52,26,6162,210,5
2,52,27,6163,210,5
2,52,28,6164,210,5
2,52,29,6165,210,5
2,52,30,6166,210,5
2,52,31,6167,210,5
2,52,32,6168,210,5
2,52,33,6169,210,5
2,52,34,6170,210,5
2,52,35,6171,210,5
2,52,36,6172,210,5
2,52,37,6173,210,5
2,52,38,6174,210,5
2,52,39,6175,210,5
2,52,40,6176,210,5
2,52,41,6177,210,5
2,52,42,6178,210,5
2,52,43,6179,210,5
2,52,44,6180,210,5
2,52,45,6181,210,5
2,52,46,6182,210,5
2,52,47,6183,210,5
2,52,48,6184,210,5
2,52,49,6185,210,5
2,52,50,6186,210,5
2,52,51,6187,210,5
2,53,1,6190,212,8
2,53,2,6191,212,8
2,53,3,6192,212,8
2,53,4,6193,212,8
2,53,5,6194,212,8
2,53,6,6195,212,8
2,53,7,6196,212,8
2,53,8,6197,212,8
2,53,9,6198,212,8
2,53,10,6199,212,8
2,53,11,6200,212,8
2,53,12,6201,212,8
2,53,13,6202,212,8
2,53,14,6203,212,8
2,53,15,6204,212,8
2,53,16,6205,212,8
2,53,17,6206,212,8
2,53,18,6207,212,8
2,53,19,6208,212,8
2,53,20,6209,212,8
2,53,21,6210,212,8
2,53,22,6211,212,8
2,53,23,6212,212,8
2,53,24,6213,212,8
2,53,25,6214,212,8
2,53,26,6215,212,8
2,53,27,6216,212,8
2,53,28,6217,212,8
2,53,29,6218,212,8
2,53,30,6219,212,8
2,53,31,6220,212,8
2,53,32,6221,212,8
2,53,33,6222,212,8
2,53,34,6223,212,8
2,53,35,6224,212,8
2,53,36,6225,212,8
2,53,37,6226,212,8
2,53,38,6227,212,8
2,53,39,6228,212,8
2,53,40,6229,212,8
2,53,41,6230,212,8
2,53,42,6231,212,8
2,53,43,6232,212,8
2,53,44,6233,212,8
2,53,45,6234,212,8
2,53,46,6235,212,8
2,53,47,6236,212,8
2,53,48,6237,212,8
2,53,49,6238,212,8
2,53,50,6239,212,8
2,53,51,6240,212,8
2,53,52,6241,212,8
2,53,53,6242,212,8
2,53,54,6243,212,8
2,53,55,6244,212,8
2,53,56,6245,212,8
2,53,57,6246,212,8
2,54,1,6230,195,1
2,54,2,6231,195,1
2,54,3,6232,195,1
2,54,4,6233,195,1
2,54,5,6234,195,1
2,54,6,6235,195,1
2,54,7,6236,195,1
2,54,8,6237,195,1
2,54,9,6238,195,1
2,54,10,6239,195,1
2,55,1,6259,214,17
2,55,2,6260,214,17
2,55,3,6261,214,17
2,55,4,6262,214,17
2,55,5,6263,214,17
2,55,6,6264,214,17
2,55,7,6265,214,17
2,55,8,6266,214,17
2,55,9,6267,214,17
2,55,11,6268,214,17
2,55,12,6269,214,17
2,55,13,6270,214,17
2,55,14,6271,214,17
2,55,15,6272,214,17
2,55,16,6273,214,17
2,55,17,6274,214,17
2,55,18,6275,214,17
2,55,19,6276,214,17
2,55,20,6277,214,17
2,55,21,6278,214,17
2,55,22,6279,214,17
2,55,23,6280,214,17
2,55,24,6281,214,17
2,55,25,6282,214,17
2,55,26,6283,214,17
2,55,27,6284,214,17
2,55,28,6285,214,17
2,55,29,6286,214,17
2,55,30,6287,214,17
2,55,31,6288,214,17
2,55,32,6289,214,17
2,55,33,6290,214,17
2,55,34,6291,214,17
2,55,35,6292,214,17
2,55,36,6293,214,17
2,55,37,6294,214,17
2,55,38,6295,214,17
2,55,39,6296,214,17
2,55,40,6297,214,17
2,55,41,6298,214,17
2,55,42,6299,214,17
2,55,43,6300,214,17
2,55,44,6301,214,17
2,55,45,6302,214,17
2,55,46,6303,214,17
2,55,47,6304,214,17
2,55,48,6305,214,17
2,55,49,6306,214,17
2,55,50,6307,214,17
2,55,51,6308,214,17
2,55,52,6309,214,17
2,55,53,6310,214,17
2,55,54,6311,214,17
2,55,55,6312,214,17
2,55,56,6313,214,17
2,55,57,6314,214,17
2,55,58,6315,214,17
2,55,59,6316,214,17
2,55,60,6317,214,17
2,55,61,6318,214,17
2,55,62,6319,214,17
2,55,63,6320,214,17
2,55,64,6321,214,17
2,55,65,6322,214,17
2,55,66,6323,214,17
2,55,67,6324,214,17
2,55,68,6325,214,17
2,55,69,6326,214,17
2,55,70,6327,214,17
2,55,71,6328,214,17
2,55,72,6329,214,17
2,55,73,6330,214,17
2,55,74,6331,214,17
2,55,75,6332,214,17
2,55,76,6333,214,17
2,55,77,6334,214,17
2,55,78,6335,214,17
2,55,79,6336,214,17
2,55,80,6337,214,17
2,55,81,6338,214,17
2,55,82,6339,214,17
2,55,83,6340,214,17
2,55,84,6341,214,17
2,55,85,6342,214,17
2,55,86,6343,214,17
2,55,87,6344,214,17
2,55,88,6345,214,17
2,55,89,6346,214,17
2,55,90,6347,214,17
2,55,91,6348,214,17
2,55,92,6349,214,17
2,55,93,6350,214,17
2,55,94,6351,214,17
2,55,95,6352,214,17
2,55,96,6353,214,17
2,55,97,6354,214,17
2,55,98,6355,214,17
2,55,99,6356,214,17
2,55,100,6357,214,17
2,55,101,6358,214,17
2,55,102,6359,214,17
2,55,103,6360,214,17
2,55,104,6361,214,17
2,55,105,6362,214,17
2,55,106,6363,214,17
2,55,107,6364,214,17
2,55,108,6365,214,17
2,55,109,6366,214,17
2,55,110,6367,214,17
2,55,111,6368,214,17
2,55,112,6369,214,17
2,55,113,6370,214,17
2,55,114,6371,214,17
2,55,115,6372,214,17
2,55,116,6373,214,17
2,55,117,6374,214,17
2,55,118,6375,214,17
2,55,119,6376,214,17
2,55,120,6377,214,17
2,55,121,6378,214,17
2,55,122,6379,214,17
2,55,123,6380,214,17
2,55,124,6381,214,17
2,55,125,6382,214,17
2,56,1,6342,173,9
2,56,2,6343,173,9
2,56,3,6344,173,9
2,56,4,6345,173,9
2,56,5,6346,173,9
2,56,6,6347,173,9
2,56,7,6348,173,9
2,56,8,6349,173,9
2,56,9,6350,173,9
2,56,10,6351,173,9
2,56,11,6352,173,9
2,56,12,6353,173,9
2,56,13,6354,173,9
2,56,14,6355,173,9
2,56,15,6356,173,9
2,56,16,6357,173,9
2,56,17,6358,173,9
2,56,18,6359,173,9
2,56,19,6360,173,9
2,56,20,6361,173,9
2,56,21,6362,173,9
2,56,22,6363,173,9
2,56,23,6364,173,9
2,56,24,6365,173,9
2,56,25,6366,173,9
2,56,26,6367,173,9
2,56,27,6368,173,9
2,56,28,6369,173,9
2,56,29,6370,173,9
2,56,30,6371,173,9
2,56,31,6372,173,9
2,56,32,6373,173,9
2,56,33,6374,173,9
2,56,34,6375,173,9
2,56,35,6376,173,9
2,57,1,6422,218,11
2,57,2,6423,218,11
2,57,3,6424,218,11
2,57,4,6425,218,11
2,57,5,6426,218,11
2,57,6,6427,218,11
2,57,7,6428,218,11
2,57,8,6429,218,11
2,57,9,6430,218,11
2,57,10,6431,218,11
2,57,11,6432,218,11
2,57,12,6433,218,11
2,57,13,6434,218,11
2,57,14,6435,218,11
2,57,15,6436,218,11
2,57,16,6437,218,11
2,57,17,6438,218,11
2,57,18,6439,218,11
2,57,19,6440,218,11
2,57,20,6441,218,11
2,57,21,6442,218,11
2,57,22,6443,218,11
2,57,23,6444,218,11
2,57,24,6445,218,11
2,57,25,6446,218,11
2,57,26,6447,218,11
2,57,27,6448,218,11
2,57,28,6449,218,11
2,57,29,6450,218,11
2,57,30,6451,218,11
2,57,31,6452,218,11
2,57,32,6453,218,11
2,57,33,6454,218,11
2,57,34,6455,218,11
2,57,35,6456,218,11
2,57,36,6457,218,11
2,57,37,6458,218,11
2,57,38,6459,218,11
2,57,39,6460,218,11
2,57,40,6461,218,11
2,57,41,6462,218,11
2,57,42,6463,218,11
2,57,43,6464,218,11
2,57,44,6465,218,11
2,57,45,6466,218,11
2,57,46,6467,218,11
2,57,47,6468,218,11
2,57,48,6469,218,11
2,57,49,6470,218,11
2,57,50,6471,218,11
2,57,51,6472,218,11
2,57,52,6473,218,11
2,57,53,6474,218,11
2,57,54,6475,218,11
2,57,55,6476,218,11
2,57,56,6477,218,11
2,57,57,6478,218,11
2,57,58,6479,218,11
2,57,59,6480,218,11
2,57,60,6481,218,11
2,57,61,6482,218,11
2,57,62,6483,218,11
2,57,63,6484,218,11
2,57,64,6485,218,11
2,57,66,6486,218,11
2,57,67,6487,218,11
2,57,68,6488,218,11
2,57,69,6489,218,11
2,57,70,6490,218,11
2,58,1,6493,220,12
2,58,2,6494,220,12
2,58,3,6495,220,12
2,58,4,6496,220,12
2,58,5,6497,220,12
2,58,6,6498,220,12
2,58,7,6499,220,12
2,58,8,6500,220,12
2,58,9,6501,220,12
2,58,10,6502,220,12
2,58,11,6503,220,12
2,58,12,6504,220,12
2,58,13,6505,220,12
2,58,14,6506,220,12
2,58,15,6507,220,12
2,58,16,6508,220,12
2,58,17,6509,220,12
2,58,18,6510,220,12
2,58,19,6511,220,12
2,58,20,6512,220,12
2,58,21,6513,220,12
2,58,22,6514,220,12
2,58,23,6515,220,12
2,58,24,6516,220,12
2,58,25,6517,220,12
2,58,26,6518,220,12
2,58,27,6519,220,12
2,58,28,6520,220,12
2,58,29,6521,220,12
2,58,30,6522,220,12
2,58,31,6523,220,12
2,58,32,6524,220,12
2,58,33,6525,220,12
2,58,34,6526,220,12
2,58,35,6527,220,12
2,58,36,6528,220,12
2,58,37,6529,220,12
2,58,38,6530,220,12
2,58,39,6531,220,12
2,58,40,6532,220,12
2,58,41,6533,220,12
2,58,42,6534,220,12
2,58,43,6535,220,12
2,58,44,6536,220,12
2,58,45,6537,220,12
2,58,46,6538,220,12
2,58,47,6539,220,12
2,58,48,6540,220,12
2,58,49,6541,220,12
2,58,50,6542,220,12
2,58,51,6543,220,12
2,58,52,6544,220,12
2,58,53,6545,220,12
2,58,54,6546,220,12
2,58,55,6547,220,12
2,58,56,6548,220,12
2,58,57,6549,220,12
2,58,58,6550,220,12
2,58,59,6551,220,12
2,58,60,6552,220,12
2,58,61,6553,220,12
2,58,62,6554,220,12
2,58,63,6555,220,12
2,58,64,6556,220,12
2,58,65,6557,220,12
2,58,66,6558,220,12
2,58,67,6559,220,12
2,58,68,6560,220,12
2,58,69,6561,220,12
2,58,70,6562,220,12
2,58,71,6563,220,12
2,58,72,6564,220,12
2,58,73,6565,220,12
2,58,74,6566,220,12
2,58,75,6567,220,12
2,58,76,6568,220,12
2,58,77,6569,220,12
2,58,78,6570,220,12
2,58,79,6571,220,12
2,58,80,6572,220,12
2,58,81,6573,220,12
2,58,82,6574,220,12
2,58,83,6575,220,12
2,58,84,6576,220,12
2,59,1,6579,222,13
2,59,2,6580,222,13
2,59,3,6581,222,13
2,59,4,6582,222,13
2,59,5,6583,222,13
2,59,6,6584,222,13
2,59,7,6585,222,13
2,59,8,6586,222,13
2,59,9,6587,222,13
2,59,10,6588,222,13
2,59,11,6589,222,13
2,59,12,6590,222,13
2,59,13,6591,222,13
2,59,14,6592,222,13
2,59,15,6593,222,13
2,59,16,6594,222,13
2,59,17,6595,222,13
2,59,18,6596,222,13
2,59,19,6597,222,13
2,59,20,6598,222,13
2,59,21,6599,222,13
2,59,22,6600,222,13
2,59,23,6601,222,13
2,59,24,6602,222,13
2,59,25,6603,222,13
2,59,26,6604,222,13
2,59,27,6605,222,13
2,59,28,6606,222,13
2,59,29,6607,222,13
2,59,30,6608,222,13
2,59,31,6609,222,13
2,59,32,6610,222,13
2,59,33,6611,222,13
2,59,34,6612,222,13
2,59,35,6613,222,13
2,59,36,6614,222,13
2,59,37,6615,222,13
2,59,38,6616,222,13
2,59,39,6617,222,13
2,59,40,6618,222,13
2,59,41,6619,222,13
2,59,42,6620,222,13
2,59,43,6621,222,13
2,59,44,6622,222,13
2,59,45,6623,222,13
2,59,46,6624,222,13
2,59,47,6625,222,13
2,59,48,6626,222,13
2,59,49,6627,222,13
2,59,50,6628,222,13
2,59,51,6629,222,13
2,59,52,6630,222,13
2,59,53,6631,222,13
2,59,54,6632,222,13
2,59,55,6633,222,13
2,59,56,6634,222,13
2,59,57,6635,222,13
2,59,58,6636,222,13
2,59,59,6637,222,13
2,59,60,6638,222,13
2,59,61,6639,222,13
2,59,62,6640,222,13
2,59,63,6641,222,13
2,59,64,6642,222,13
2,59,65,6643,222,13
2,59,66,6644,222,13
2,59,67,6645,222,13
2,59,68,6646,222,13
2,59,69,6647,222,13
2,59,70,6648,222,13
2,59,71,6649,222,13
2,59,72,6650,222,13
2,59,73,6651,222,13
2,59,74,6652,222,13
2,59,75,6653,222,13
2,59,76,6654,222,13
2,59,77,6655,222,13
2,59,78,6656,222,13
2,59,79,6657,222,13
2,59,80,6658,222,13
2,59,81,6659,222,13
2,60,1,6661,223,3
2,60,2,6662,223,3
2,60,3,6663,223,3
2,60,4,6664,223,3
2,60,5,6665,223,3
2,60,6,6666,223,3
2,60,7,6667,223,3
2,60,8,6668,223,3
2,60,9,6669,223,3
2,60,10,6670,223,3
2,60,11,6671,223,3
2,60,12,6672,223,3
2,60,13,6673,223,3
2,60,14,6674,223,3
2,60,15,6675,223,3
2,60,16,6676,223,3
2,60,17,6677,223,3
2,60,18,6678,223,3
2,60,19,6679,223,3
2,60,20,6680,223,3
2,60,21,6681,223,3
2,60,22,6682,223,3
2,60,23,6683,223,3
2,60,24,6684,223,3
2,60,25,6685,223,3
2,60,26,6686,223,3
2,60,27,6687,223,3
2,60,28,6688,223,3
2,60,29,6689,223,3
2,60,30,6690,223,3
2,60,31,6691,223,3
2,60,32,6692,223,3
2,60,33,6693,223,3
2,60,34,6694,223,3
2,60,35,6695,223,3
2,60,36,6696,223,3
2,60,37,6697,223,3
2,60,38,6698,223,3
2,60,39,6699,223,3
2,60,40,6700,223,3
2,60,41,6701,223,3
2,60,42,6702,223,3
2,60,43,6703,223,3
2,60,44,6704,223,3
2,60,45,6705,223,3
2,61,1,6708,225,5
2,61,2,6709,225,5
2,61,3,6710,225,5
2,61,4,6711,225,5
2,61,5,6712,225,5
2,61,6,6713,225,5
2,61,7,6714,225,5
2,61,8,6715,225,5
2,61,9,6716,225,5
2,61,10,6717,225,5
2,61,11,6718,225,5
2,61,12,6719,225,5
2,61,13,6720,225,5
2,61,14,6721,225,5
2,61,15,6722,225,5
2,61,16,6723,225,5
2,61,17,6724,225,5
2,61,18,6725,225,5
2,61,19,6726,225,5
2,61,20,6727,225,5
2,61,21,6728,225,5
2,61,22,6729,225,5
2,61,23,6730,225,5
2,61,24,6731,225,5
2,61,25,6732,225,5
2,61,26,6733,225,5
2,61,27,6734,225,5
2,61,28,6735,225,5
2,61,29,6736,225,5
2,61,30,6737,225,5
2,61,31,6738,225,5
2,61,32,6739,225,5
2,61,33,6740,225,5
2,61,34,6741,225,5
2,61,35,6742,225,5
2,61,36,6743,225,5
2,61,37,6744,225,5
2,61,38,6745,225,5
2,61,39,6746,225,5
2,61,40,6747,225,5
2,61,41,6748,225,5
2,61,42,6749,225,5
2,61,43,6750,225,5
2,61,44,6751,225,5
2,61,45,6752,225,5
2,61,46,6753,225,5
2,61,47,6754,225,5
2,61,48,6755,225,5
2,61,49,6756,225,5
2,61,50,6757,225,5
2,61,51,6758,225,5
2,61,52,6759,225,5
2,61,53,6760,225,5
2,61,54,6761,225,5
2,61,55,6762,225,5
2,61,56,6763,225,5
2,61,57,6764,225,5
2,61,58,6765,225,5
2,61,59,6766,225,5
2,62,1,6737,195,1
2,62,2,6738,195,1
2,62,3,6739,195,1
2,62,4,6740,195,1
2,62,5,6741,195,1
2,62,6,6742,195,1
2,62,7,6743,195,1
2,62,8,6744,195,1
2,62,9,6745,195,1
2,62,10,6746,195,1
2,62,11,6747,195,1
2,62,12,6748,195,1
2,62,13,6749,195,1
2,62,14,6750,195,1
2,62,15,6751,195,1
2,62,16,6752,195,1
2,62,18,6753,195,1
2,62,19,6754,195,1
2,62,20,6755,195,1
2,62,21,6756,195,1
2,63,1,6752,190,8
2,63,2,6753,190,8
2,63,3,6754,190,8
2,63,4,6755,190,8
2,63,5,6756,190,8
2,63,6,6757,190,8
2,63,7,6758,190,8
2,63,8,6759,190,8
2,63,9,6760,190,8
2,63,10,6761,190,8
2,63,11,6762,190,8
2,63,12,6763,190,8
2,63,13,6764,190,8
2,63,14,6765,190,8
2,63,15,6766,190,8
2,63,16,6767,190,8
2,63,17,6768,190,8
2,63,18,6769,190,8
2,63,19,6770,190,8
2,63,20,6771,190,8
2,63,21,6772,190,8
2,63,22,6773,190,8
2,63,23,6774,190,8
2,63,24,6775,190,8
2,63,25,6776,190,8
2,63,26,6777,190,8
2,63,27,6778,190,8
2,63,28,6779,190,8
2,63,29,6780,190,8
2,63,30,6781,190,8
2,63,31,6782,190,8
2,63,32,6783,190,8
2,63,33,6784,190,8
2,63,34,6785,190,8
2,63,35,6786,190,8
2,63,36,6787,190,8
2,63,37,6788,190,8
2,63,38,6789,190,8
2,63,39,6790,190,8
2,63,40,6791,190,8
2,63,41,6792,190,8
2,63,42,6793,190,8
2,63,43,6794,190,8
2,63,44,6795,190,8
2,63,45,6796,190,8
2,63,46,6797,190,8
2,63,47,6798,190,8
2,63,48,6799,190,8
2,63,49,6800,190,8
2,63,50,6801,190,8
2,63,51,6802,190,8
2,63,52,6803,190,8
2,63,53,6804,190,8
2,63,54,6805,190,8
2,63,55,6806,190,8
2,63,56,6807,190,8
2,63,57,6808,190,8
2,63,58,6809,190,8
2,63,59,6810,190,8
2,63,60,6811,190,8
2,63,61,6812,190,8
2,63,62,6813,190,8
2,63,63,6814,190,8
2,63,64,6815,190,8
2,63,65,6816,190,8
2,63,66,6817,190,8
2,63,67,6818,190,8
2,63,68,6819,190,8
2,63,69,6820,190,8
2,63,70,6821,190,8
2,63,71,6822,190,8
2,63,72,6823,190,8
2,63,73,6824,190,8
2,63,74,6825,190,8
2,63,75,6826,190,8
2,63,76,6827,190,8
2,63,77,6828,190,8
2,63,78,6829,190,8
2,63,79,6830,190,8
2,63,80,6831,190,8
2,63,81,6832,190,8
2,63,82,6833,190,8
2,63,83,6834,190,8
2,63,84,6835,190,8
2,63,85,6836,190,8
2,63,86,6837,190,8
2,63,87,6838,190,8
2,63,88,6839,190,8
2,63,89,6840,190,8
2,63,90,6841,190,8
2,63,91,6842,190,8
2,63,92,6843,190,8
2,63,93,6844,190,8
2,63,94,6845,190,8
2,63,95,6846,190,8
2,63,96,6847,190,8
2,63,97,6848,190,8
2,63,98,6849,190,8
2,63,99,6850,190,8
2,63,100,6851,190,8
2,63,101,6852,190,8
2,63,102,6853,190,8
2,63,103,6854,190,8
2,63,104,6855,190,8
2,63,105,6856,190,8
2,63,106,6857,190,8
2,63,107,6858,190,8
2,63,108,6859,190,8
2,63,109,6860,190,8
2,63,110,6861,190,8
2,63,111,6862,190,8
2,63,112,6863,190,8
2,63,113,6864,190,8
2,63,114,6865,190,8
2,63,115,6866,190,8
2,63,116,6867,190,8
2,63,117,6868,190,8
2,63,118,6869,190,8
2,63,119,6870,190,8
2,63,120,6871,190,8
2,63,121,6872,190,8
2,63,122,6873,190,8
2,63,123,6874,190,8
2,63,124,6875,190,8
2,63,125,6876,190,8
2,63,126,6877,190,8
2,64,1,6916,228,10
2,64,2,6917,228,10
2,64,3,6918,228,10
2,64,4,6919,228,10
2,64,5,6920,228,10
2,64,6,6921,228,10
2,64,7,6922,228,10
2,64,8,6923,228,10
2,64,9,6924,228,10
2,64,10,6925,228,10
2,64,11,6926,228,10
2,64,12,6927,228,10
2,64,13,6928,228,10
2,64,14,6929,228,10
2,64,15,6930,228,10
2,64,16,6931,228,10
2,64,17,6932,228,10
2,64,18,6933,228,10
2,64,19,6934,228,10
2,64,20,6935,228,10
2,64,21,6936,228,10
2,64,22,6937,228,10
2,64,23,6938,228,10
2,64,24,6939,228,10
2,64,25,6940,228,10
2,64,26,6941,228,10
2,64,27,6942,228,10
2,64,28,6943,228,10
2,64,29,6944,228,10
2,64,30,6945,228,10
2,64,31,6946,228,10
2,64,32,6947,228,10
2,64,33,6948,228,10
2,64,34,6949,228,10
2,64,35,6950,228,10
2,64,36,6951,228,10
2,64,37,6952,228,10
2,64,38,6953,228,10
2,64,39,6954,228,10
2,64,40,6955,228,10
2,64,41,6956,228,10
2,64,42,6957,228,10
2,64,43,6958,228,10
2,64,44,6959,228,10
2,64,45,6960,228,10
2,64,46,6961,228,10
2,64,47,6962,228,10
2,64,48,6963,228,10
2,64,49,6964,228,10
2,64,50,6965,228,10
2,64,51,6966,228,10
2,64,52,6967,228,10
2,64,53,6968,228,10
2,64,54,6969,228,10
2,64,55,6970,228,10
2,64,56,6971,228,10
2,64,57,6972,228,10
2,64,58,6973,228,10
2,64,59,6974,228,10
2,64,60,6975,228,10
2,64,61,6976,228,10
2,64,62,6977,228,10
2,64,63,6978,228,10
2,64,64,6979,228,10
2,64,65,6980,228,10
2,64,66,6981,228,10
2,64,67,6982,228,10
2,64,68,6983,228,10
2,64,69,6984,228,10
2,64,70,6985,228,10
2,64,71,6986,228,10
2,64,72,6987,228,10
2,64,73,6988,228,10
2,65,1,6989,228,7
2,65,2,6990,228,7
2,65,3,6991,228,7
2,65,4,6992,228,7
2,65,5,6993,228,7
2,65,6,6994,228,7
2,65,7,6995,228,7
2,65,8,6996,228,7
2,65,9,6997,228,7
2,65,10,6998,228,7
2,65,11,6999,228,7
2,65,12,7000,228,7
2,65,13,7001,228,7
2,65,14,7002,228,7
2,65,15,7003,228,7
2,65,16,7004,228,7
2,65,17,7005,228,7
2,65,18,7006,228,7
2,65,19,7007,228,7
2,65,20,7008,228,7
2,65,21,7009,228,7
2,65,22,7010,228,7
2,65,23,7011,228,7
2,65,24,7012,228,7
2,65,25,7013,228,7
2,65,26,7014,228,7
2,65,27,7015,228,7
2,65,28,7016,228,7
2,65,29,7017,228,7
2,65,30,7018,228,7
2,65,31,7019,228,7
2,65,32,7020,228,7
2,65,33,7021,228,7
2,65,34,7022,228,7
2,65,35,7023,228,7
2,65,36,7024,228,7
2,65,37,7025,228,7
2,65,38,7026,228,7
2,65,39,7027,228,7
2,65,40,7028,228,7
2,65,41,7029,228,7
2,65,42,7030,228,7
2,65,43,7031,228,7
2,65,44,7032,228,7
2,65,45,7033,228,7
2,65,46,7034,228,7
2,65,47,7035,228,7
2,65,48,7036,228,7
2,65,49,7037,228,7
2,65,50,7038,228,7
2,65,51,7039,228,7
2,65,52,7040,228,7
2,65,53,7041,228,7
2,65,54,7042,228,7
2,65,55,7043,228,7
2,66,1,7011,195,6
2,66,2,7012,195,6
2,66,3,7013,195,6
2,66,4,7014,195,6
2,66,5,7015,195,6
2,66,6,7016,195,6
2,66,7,7017,195,6
2,66,8,7018,195,6
2,66,9,7019,195,6
2,66,10,7020,195,6
2,66,11,7021,195,6
2,66,12,7022,195,6
2,66,13,7023,195,6
2,66,14,7024,195,6
2,66,15,7025,195,6
2,66,16,7026,195,6
2,66,17,7027,195,6
2,66,18,7028,195,6
2,66,19,7029,195,6
2,66,20,7030,195,6
2,66,21,7031,195,6
2,66,22,7032,195,6
2,66,23,7033,195,6
2,66,24,7034,195,6
2,66,25,7035,195,6
2,66,26,7036,195,6
2,66,27,7037,195,6
2,66,28,7038,195,6
2,66,29,7039,195,6
2,66,30,7040,195,6
2,66,31,7041,195,6
2,66,32,7042,195,6
2,66,33,7043,195,6
2,66,34,7044,195,6
2,66,35,7045,195,6
2,66,36,7046,195,6
2,66,37,7047,195,6
2,66,38,7048,195,6
2,66,39,7049,195,6
2,66,40,7050,195,6
2,66,41,7051,195,6
2,66,42,7052,195,6
2,66,43,7053,195,6
2,66,44,7054,195,6
2,66,45,7055,195,6
2,66,46,7056,195,6
2,66,47,7057,195,6
2,66,48,7058,195,6
2,66,49,7059,195,6
2,66,50,7060,195,6
2,66,51,7061,195,6
2,66,52,7062,195,6
2,66,53,7063,195,6
2,66,54,7064,195,6
2,66,55,7065,195,6
2,67,1,7100,229,6
2,67,2,7101,229,6
2,67,3,7102,229,6
2,67,4,7103,229,6
2,67,5,7104,229,6
2,67,6,7105,229,6
2,67,7,7106,229,6
2,67,8,7107,229,6
2,67,9,7108,229,6
2,67,10,7109,229,6
2,67,11,7110,229,6
2,67,12,7111,229,6
2,67,13,7112,229,6
2,67,14,7113,229,6
2,67,15,7114,229,6
2,67,16,7115,229,6
2,67,17,7116,229,6
2,67,18,7117,229,6
2,67,19,7118,229,6
2,67,20,7119,229,6
2,67,21,7120,229,6
2,67,22,7121,229,6
2,67,23,7122,229,6
2,67,24,7123,229,6
2,67,25,7124,229,6
2,67,26,7125,229,6
2,67,27,7126,229,6
2,67,28,7127,229,6
2,67,29,7128,229,6
2,67,30,7129,229,6
2,67,31,7130,229,6
2,67,32,7131,229,6
2,67,33,7132,229,6
2,67,34,7133,229,6
2,67,35,7134,229,6
2,67,36,7135,229,6
2,67,37,7136,229,6
2,67,38,7137,229,6
2,67,39,7138,229,6
2,67,40,7139,229,6
2,67,41,7140,229,6
2,67,42,7141,229,6
2,67,43,7142,229,6
2,67,44,7143,229,6
2,67,45,7144,229,6
2,67,46,7145,229,6
2,67,47,7146,229,6
2,67,48,7147,229,6
2,67,49,7148,229,6
2,67,50,7149,229,6
2,67,51,7150,229,6
2,67,52,7151,229,6
2,67,53,7152,229,6
2,67,54,7153,229,6
2,67,55,7154,229,6
2,67,56,7155,229,6
2,67,57,7156,229,6
2,67,58,7157,229,6
2,67,60,7158,229,6
2,67,61,7159,229,6
2,67,62,7160,229,6
2,67,63,7161,229,6
2,67,64,7162,229,6
2,67,65,7163,229,6
2,67,66,7164,229,6
2,67,67,7165,229,6
2,67,68,7166,229,6
2,67,69,7167,229,6
2,67,70,7168,229,6
2,67,71,7169,229,6
2,67,72,7170,229,6
2,68,1,7173,231,4
2,68,2,7174,231,4
2,68,3,7175,231,4
2,68,4,7176,231,4
2,68,5,7177,231,4
2,68,6,7178,231,4
2,68,7,7179,231,4
2,68,8,7180,231,4
2,68,9,7181,231,4
2,68,10,7182,231,4
2,68,12,7183,231,4
2,68,13,7184,231,4
2,68,14,7185,231,4
2,68,17,7186,231,4
2,68,18,7187,231,4
2,68,20,7188,231,4
2,68,21,7189,231,4
2,68,22,7190,231,4
2,68,23,7191,231,4
2,68,24,7192,231,4
2,68,25,7193,231,4
2,68,26,7194,231,4
2,68,27,7195,231,4
2,68,28,7196,231,4
2,68,29,7197,231,4
2,68,30,7198,231,4
2,68,31,7199,231,4
2,68,32,7200,231,4
2,68,33,7201,231,4
2,68,34,7202,231,4
2,68,35,7203,231,4
2,68,36,7204,231,4
2,68,37,7205,231,4
2,68,38,7206,231,4
2,68,39,7207,231,4
2,68,40,7208,231,4
2,69,1,7173,195,13
2,69,2,7174,195,13
2,69,3,7175,195,13
2,69,4,7176,195,13
2,69,5,7177,195,13
2,69,6,7178,195,13
2,69,7,7179,195,13
2,69,8,7180,195,13
2,69,9,7181,195,13
2,69,10,7182,195,13
2,69,11,7183,195,13
2,69,12,7184,195,13
2,69,13,7185,195,13
2,69,14,7186,195,13
2,69,15,7187,195,13
2,69,16,7188,195,13
2,69,17,7189,195,13
2,69,18,7190,195,13
2,69,19,7191,195,13
2,69,20,7192,195,13
2,69,21,7193,195,13
2,69,22,7194,195,13
2,69,23,7195,195,13
2,69,24,7196,195,13
2,69,25,7197,195,13
2,69,26,7198,195,13
2,69,27,7199,195,13
2,69,28,7200,195,13
2,69,29,7201,195,13
2,69,30,7202,195,13
2,69,31,7203,195,13
2,69,32,7204,195,13
2,69,33,7205,195,13
2,69,34,7206,195,13
2,69,35,7207,195,13
2,69,36,7208,195,13
2,69,37,7209,195,13
2,69,38,7210,195,13
2,69,39,7211,195,13
2,69,40,7212,195,13
2,69,41,7213,195,13
2,69,43,7214,195,13
2,69,44,7215,195,13
2,69,45,7216,195,13
2,69,46,7217,195,13
2,69,47,7218,195,13
2,69,48,7219,195,13
2,69,49,7220,195,13
2,69,50,7221,195,13
2,69,51,7222,195,13
2,69,52,7223,195,13
2,69,53,7224,195,13
2,69,54,7225,195,13
2,69,55,7226,195,13
2,69,56,7227,195,13
2,69,57,7228,195,13
2,69,58,7229,195,13
2,69,59,7230,195,13
2,69,60,7231,195,13
2,69,61,7232,195,13
2,69,62,7233,195,13
2,69,63,7234,195,13
2,69,64,7235,195,13
2,69,65,7236,195,13
2,69,66,7237,195,13
2,69,67,7238,195,13
2,69,68,7239,195,13
2,69,69,7240,195,13
2,69,70,7241,195,13
2,69,71,7242,195,13
2,69,72,7243,195,13
2,69,73,7244,195,13
2,70,1,7245,195,5
2,70,2,7246,195,5
2,70,3,7247,195,5
2,70,4,7248,195,5
2,70,5,7249,195,5
2,70,6,7250,195,5
2,70,7,7251,195,5
2,70,8,7252,195,5
2,70,9,7253,195,5
2,70,10,7254,195,5
2,70,11,7255,195,5
2,70,12,7256,195,5
2,70,13,7257,195,5
2,70,14,7258,195,5
2,70,15,7259,195,5
2,70,16,7260,195,5
2,70,17,7261,195,5
2,70,18,7262,195,5
2,70,19,7263,195,5
2,70,20,7264,195,5
2,70,21,7265,195,5
2,70,22,7266,195,5
2,70,23,7267,195,5
2,70,24,7268,195,5
2,70,25,7269,195,5
2,70,26,7270,195,5
2,70,27,7271,195,5
2,70,28,7272,195,5
2,70,29,7273,195,5
2,70,30,7274,195,5
2,70,31,7275,195,5
2,70,32,7276,195,5
2,70,33,7277,195,5
2,70,34,7278,195,5
2,70,35,7279,195,5
2,70,36,7280,195,5
2,70,37,7281,195,5
2,70,38,7282,195,5
2,70,39,7283,195,5
2,70,40,7284,195,5
2,70,41,7285,195,5
2,70,42,7286,195,5
2,70,43,7287,195,5
2,70,44,7288,195,5
2,70,45,7289,195,5
2,70,46,7290,195,5
2,70,47,7291,195,5
2,70,48,7292,195,5
2,70,49,7293,195,5
2,70,50,7294,195,5
2,71,1,7295,195,2
2,71,2,7296,195,2
2,71,3,7297,195,2
2,71,4,7298,195,2
2,71,5,7299,195,2
2,71,6,7300,195,2
2,71,7,7301,195,2
2,71,8,7302,195,2
2,71,9,7303,195,2
2,71,10,7304,195,2
2,71,11,7305,195,2
2,71,12,7306,195,2
2,71,13,7307,195,2
2,71,14,7308,195,2
2,71,15,7309,195,2
2,71,16,7310,195,2
2,71,17,7311,195,2
2,71,18,7312,195,2
2,71,19,7313,195,2
2,71,20,7314,195,2
2,71,21,7315,195,2
2,71,22,7316,195,2
2,71,23,7317,195,2
2,71,24,7318,195,2
2,71,25,7319,195,2
2,71,26,7320,195,2
2,71,27,7321,195,2
2,71,28,7322,195,2
2,71,29,7323,195,2
2,71,30,7324,195,2
2,71,31,7325,195,2
2,71,32,7326,195,2
2,71,33,7327,195,2
2,71,34,7328,195,2
2,71,35,7329,195,2
2,71,36,7330,195,2
2,71,37,7331,195,2
2,71,38,7332,195,2
2,71,40,7333,195,2
2,71,41,7334,195,2
2,71,42,7335,195,2
2,71,43,7336,195,2
2,71,44,7337,195,2
2,71,45,7338,195,2
2,71,46,7339,195,2
2,71,47,7340,195,2
2,71,48,7341,195,2
2,71,49,7342,195,2
2,71,50,7343,195,2
2,71,51,7344,195,2
2,71,52,7345,195,2
2,71,53,7346,195,2
2,71,54,7347,195,2
2,72,1,7348,195,17
2,72,2,7349,195,17
2,72,3,7350,195,17
2,72,4,7351,195,17
2,72,5,7352,195,17
2,72,6,7353,195,17
2,72,7,7354,195,17
2,72,8,7355,195,17
2,72,9,7356,195,17
2,72,10,7357,195,17
2,72,11,7358,195,17
2,72,13,7359,195,17
2,72,14,7360,195,17
2,72,15,7361,195,17
2,72,16,7362,195,17
2,72,17,7363,195,17
2,72,18,7364,195,17
2,72,19,7365,195,17
2,72,20,7366,195,17
2,72,21,7367,195,17
2,72,22,7368,195,17
2,72,23,7369,195,17
2,72,24,7370,195,17
2,72,25,7371,195,17
2,72,26,7372,195,17
2,72,27,7373,195,17
2,72,28,7374,195,17
2,72,29,7375,195,17
2,72,30,7376,195,17
2,72,31,7377,195,17
2,72,32,7378,195,17
2,72,33,7379,195,17
2,72,34,7380,195,17
2,72,35,7381,195,17
2,72,36,7382,195,17
2,72,37,7383,195,17
2,72,38,7384,195,17
2,72,39,7385,195,17
2,72,40,7386,195,17
2,72,41,7387,195,17
2,72,42,7388,195,17
2,72,43,7389,195,17
2,72,44,7390,195,17
2,72,45,7391,195,17
2,72,46,7392,195,17
2,72,47,7393,195,17
2,72,48,7394,195,17
2,72,49,7395,195,17
2,72,50,7396,195,17
2,72,51,7397,195,17
2,72,52,7398,195,17
2,72,53,7399,195,17
2,72,54,7400,195,17
2,72,55,7401,195,17
2,72,56,7402,195,17
2,72,57,7403,195,17
2,72,58,7404,195,17
2,72,59,7405,195,17
2,72,60,7406,195,17
2,72,61,7407,195,17
2,72,62,7408,195,17
2,72,63,7409,195,17
2,72,64,7410,195,17
2,72,65,7411,195,17
2,72,66,7412,195,17
2,73,1,7413,195,8
2,73,2,7414,195,8
2,73,3,7415,195,8
2,73,4,7416,195,8
2,73,5,7417,195,8
2,73,6,7418,195,8
2,73,7,7419,195,8
2,73,8,7420,195,8
2,73,9,7421,195,8
2,73,10,7422,195,8
2,73,11,7423,195,8
2,73,12,7424,195,8
2,73,13,7425,195,8
2,73,14,7426,195,8
2,73,15,7427,195,8
2,73,16,7428,195,8
2,73,17,7429,195,8
2,73,18,7430,195,8
2,73,19,7431,195,8
2,73,20,7432,195,8
2,73,21,7433,195,8
2,73,22,7434,195,8
2,73,23,7435,195,8
2,73,24,7436,195,8
2,73,25,7437,195,8
2,73,26,7438,195,8
2,73,27,7439,195,8
2,73,28,7440,195,8
2,73,29,7441,195,8
2,73,30,7442,195,8
2,73,31,7443,195,8
2,73,32,7444,195,8
2,73,33,7445,195,8
2,73,34,7446,195,8
2,73,35,7447,195,8
2,73,36,7448,195,8
2,73,37,7449,195,8
2,73,38,7450,195,8
2,73,39,7451,195,8
2,73,40,7452,195,8
2,73,41,7453,195,8
2,73,42,7454,195,8
2,73,43,7455,195,8
2,73,44,7456,195,8
2,73,45,7457,195,8
2,73,46,7458,195,8
2,73,47,7459,195,8
2,73,48,7460,195,8
2,73,49,7461,195,8
2,73,50,7462,195,8
2,73,51,7463,195,8
2,73,53,7464,195,8
2,73,54,7465,195,8
2,73,55,7466,195,8
2,73,56,7467,195,8
2,73,57,7468,195,8
2,73,58,7469,195,8
2,73,59,7470,195,8
2,73,60,7471,195,8
2,73,61,7472,195,8
2,73,62,7473,195,8
2,73,63,7474,195,8
2,73,64,7475,195,8
2,73,65,7476,195,8
2,73,66,7477,195,8
2,73,67,7478,195,8
2,73,68,7479,195,8
2,73,69,7480,195,8
2,73,70,7481,195,8
2,73,71,7482,195,8
2,73,72,7483,195,8
2,73,73,7484,195,8
2,73,74,7485,195,8
2,73,75,7486,195,8
2,73,76,7487,195,8
2,73,77,7488,195,8
2,73,78,7489,195,8
2,73,79,7490,195,8
2,73,80,7491,195,8
2,73,81,7492,195,8
2,73,82,7493,195,8
2,73,83,7494,195,8
2,73,84,7495,195,8
2,73,85,7496,195,8
2,73,86,7497,195,8
2,73,87,7498,195,8
2,73,88,7499,195,8
2,73,89,7500,195,8
2,73,90,7501,195,8
2,73,91,7502,195,8
2,73,92,7503,195,8
2,73,93,7504,195,8
2,73,94,7505,195,8
2,73,95,7506,195,8
2,73,96,7507,195,8
2,73,97,7508,195,8
2,73,98,7509,195,8
2,73,99,7510,195,8
2,73,100,7511,195,8
2,73,101,7512,195,8
2,73,102,7513,195,8
2,73,103,7514,195,8
2,73,104,7515,195,8
2,73,105,7516,195,8
2,74,1,7517,195,7
2,74,2,7518,195,7
2,74,3,7519,195,7
2,74,4,7520,195,7
2,74,5,7521,195,7
2,74,6,7522,195,7
2,74,7,7523,195,7
2,74,8,7524,195,7
2,74,9,7525,195,7
2,74,10,7526,195,7
2,74,11,7527,195,7
2,74,12,7528,195,7
2,74,13,7529,195,7
2,74,14,7530,195,7
2,74,15,7531,195,7
2,74,16,7532,195,7
2,74,17,7533,195,7
2,74,18,7534,195,7
2,74,19,7535,195,7
2,74,20,7536,195,7
2,74,21,7537,195,7
2,74,22,7538,195,7
2,74,23,7539,195,7
2,74,24,7540,195,7
2,74,25,7541,195,7
2,74,26,7542,195,7
2,74,27,7543,195,7
2,74,28,7544,195,7
2,74,29,7545,195,7
2,74,30,7546,195,7
2,74,31,7547,195,7
2,74,32,7548,195,7
2,74,33,7549,195,7
2,74,34,7550,195,7
2,74,35,7551,195,7
2,74,36,7552,195,7
2,74,37,7553,195,7
2,74,38,7554,195,7
2,74,40,7555,195,7
2,74,41,7556,195,7
2,74,42,7557,195,7
2,74,43,7558,195,7
2,74,44,7559,195,7
2,74,45,7560,195,7
2,74,46,7561,195,7
2,74,47,7562,195,7
2,74,49,7563,195,7
2,74,50,7564,195,7
2,74,51,7565,195,7
2,74,52,7566,195,7
2,74,53,7567,195,7
2,74,54,7568,195,7
2,75,1,7569,195,4
2,75,2,7570,195,4
2,75,3,7571,195,4
2,75,4,7572,195,4
2,75,5,7573,195,4
2,75,6,7574,195,4
2,75,7,7575,195,4
2,75,8,7576,195,4
2,75,9,7577,195,4
2,75,10,7578,195,4
2,75,11,7579,195,4
2,75,12,7580,195,4
2,75,13,7581,195,4
2,75,14,7582,195,4
2,75,15,7583,195,4
2,75,16,7584,195,4
2,75,17,7585,195,4
2,75,18,7586,195,4
2,75,19,7587,195,4
2,75,20,7588,195,4
2,75,21,7589,195,4
2,75,22,7590,195,4
2,75,23,7591,195,4
2,75,24,7592,195,4
2,75,25,7593,195,4
2,75,26,7594,195,4
2,75,27,7595,195,4
2,75,28,7596,195,4
2,75,29,7597,195,4
2,75,30,7598,195,4
2,75,31,7599,195,4
2,75,32,7600,195,4
2,75,33,7601,195,4
2,75,34,7602,195,4
2,75,35,7603,195,4
2,75,36,7604,195,4
2,75,37,7605,195,4
2,75,38,7606,195,4
2,75,39,7607,195,4
2,75,40,7608,195,4
2,75,41,7609,195,4
2,75,42,7610,195,4
2,75,43,7611,195,4
2,75,44,7612,195,4
2,75,45,7613,195,4
2,75,46,7614,195,4
2,75,47,7615,195,4
2,75,48,7616,195,4
2,75,49,7617,195,4
2,75,50,7618,195,4
2,75,51,7619,195,4
2,75,52,7620,195,4
2,75,53,7621,195,4
2,75,54,7622,195,4
2,75,55,7623,195,4
2,75,56,7624,195,4
2,75,57,7625,195,4
2,75,58,7626,195,4
2,75,59,7627,195,4
2,75,60,7628,195,4
2,75,61,7629,195,4
2,75,62,7630,195,4
2,75,63,7631,195,4
2,75,64,7632,195,4
2,75,65,7633,195,4
2,75,66,7634,195,4
2,75,67,7635,195,4
2,75,68,7636,195,4
2,75,69,7637,195,4
2,76,1,7638,195,3
2,76,2,7639,195,3
2,76,3,7640,195,3
2,76,4,7641,195,3
2,76,5,7642,195,3
2,76,6,7643,195,3
2,76,7,7644,195,3
2,76,8,7645,195,3
2,76,9,7646,195,3
2,76,10,7647,195,3
2,76,11,7648,195,3
2,76,12,7649,195,3
2,76,13,7650,195,3
2,76,14,7651,195,3
2,76,15,7652,195,3
2,76,16,7653,195,3
2,76,17,7654,195,3
2,76,18,7655,195,3
2,76,19,7656,195,3
2,76,20,7657,195,3
2,76,21,7658,195,3
2,76,22,7659,195,3
2,76,23,7660,195,3
2,76,24,7661,195,3
2,76,25,7662,195,3
2,76,26,7663,195,3
2,76,27,7664,195,3
2,76,28,7665,195,3
2,76,29,7666,195,3
2,76,30,7667,195,3
2,76,31,7668,195,3
2,76,32,7669,195,3
2,76,33,7670,195,3
2,76,34,7671,195,3
2,76,35,7672,195,3
2,77,1,7673,195,6
2,77,2,7674,195,6
2,77,3,7675,195,6
2,77,4,7676,195,6
2,77,5,7677,195,6
2,77,6,7678,195,6
2,77,7,7679,195,6
2,77,8,7680,195,6
2,77,9,7681,195,6
2,77,10,7682,195,6
2,77,11,7683,195,6
2,77,12,7684,195,6
2,77,13,7685,195,6
2,77,14,7686,195,6
2,77,15,7687,195,6
2,77,16,7688,195,6
2,77,17,7689,195,6
2,77,18,7690,195,6
2,77,19,7691,195,6
2,77,20,7692,195,6
2,77,21,7693,195,6
2,77,22,7694,195,6
2,77,23,7695,195,6
2,77,24,7696,195,6
2,77,25,7697,195,6
2,77,26,7698,195,6
2,77,27,7699,195,6
2,77,28,7700,195,6
2,78,1,7701,195,2
2,78,2,7702,195,2
2,78,3,7703,195,2
2,78,4,7704,195,2
2,78,5,7705,195,2
2,78,6,7706,195,2
2,78,7,7707,195,2
2,78,8,7708,195,2
2,78,9,7709,195,2
2,78,10,7710,195,2
2,78,11,7711,195,2
2,78,12,7712,195,2
2,78,13,7713,195,2
2,78,14,7714,195,2
2,78,15,7715,195,2
2,78,16,7716,195,2
2,78,17,7717,195,2
2,78,18,7718,195,2
2,78,19,7719,195,2
2,78,20,7720,195,2
2,78,21,7721,195,2
2,78,22,7722,195,2
2,78,23,7723,195,2
2,78,24,7724,195,2
2,78,25,7725,195,2
2,78,26,7726,195,2
2,78,27,7727,195,2
2,78,28,7728,195,2
2,78,29,7729,195,2
2,78,30,7730,195,2
2,78,31,7731,195,2
2,78,32,7732,195,2
2,78,33,7733,195,2
2,78,34,7734,195,2
2,78,35,7735,195,2
2,79,1,7736,195,9
2,79,2,7737,195,9
2,79,3,7738,195,9
2,79,4,7739,195,9
2,79,5,7740,195,9
2,79,6,7741,195,9
2,79,7,7742,195,9
2,79,8,7743,195,9
2,79,9,7744,195,9
2,79,10,7745,195,9
2,79,11,7746,195,9
2,79,12,7747,195,9
2,79,13,7748,195,9
2,79,14,7749,195,9
2,79,15,7750,195,9
2,79,16,7751,195,9
2,79,17,7752,195,9
2,79,18,7753,195,9
2,79,19,7754,195,9
2,79,20,7755,195,9
2,79,21,7756,195,9
2,79,22,7757,195,9
2,79,23,7758,195,9
2,79,24,7759,195,9
2,79,25,7760,195,9
2,79,26,7761,195,9
2,79,27,7762,195,9
2,79,28,7763,195,9
2,79,29,7764,195,9
2,79,30,7765,195,9
2,79,31,7766,195,9
2,79,32,7767,195,9
2,79,33,7768,195,9
2,79,34,7769,195,9
2,79,35,7770,195,9
2,79,36,7771,195,9
2,79,37,7772,195,9
2,79,38,7773,195,9
2,79,39,7774,195,9
2,79,40,7775,195,9
2,79,41,7776,195,9
2,79,42,7777,195,9
2,79,43,7778,195,9
2,79,44,7779,195,9
2,79,45,7780,195,9
2,79,46,7781,195,9
2,79,47,7782,195,9
2,79,48,7783,195,9
2,79,49,7784,195,9
2,79,50,7785,195,9
2,79,51,7786,195,9
2,79,52,7787,195,9
2,79,53,7788,195,9
2,79,54,7789,195,9
2,79,55,7790,195,9
2,79,56,7791,195,9
2,79,57,7792,195,9
2,79,58,7793,195,9
2,79,59,7794,195,9
2,79,60,7795,195,9
2,79,61,7796,195,9
2,79,62,7797,195,9
2,79,63,7798,195,9
2,79,64,7799,195,9
2,79,65,7800,195,9
2,79,66,7801,195,9
2,79,67,7802,195,9
2,79,68,7803,195,9
2,79,69,7804,195,9
2,79,70,7805,195,9
2,79,71,7806,195,9
2,79,72,7807,195,9
2,80,1,7808,195,10
2,80,2,7809,195,10
2,80,3,7810,195,10
2,80,4,7811,195,10
2,80,5,7812,195,10
2,80,6,7813,195,10
2,80,7,7814,195,10
2,80,8,7815,195,10
2,80,9,7816,195,10
2,80,10,7817,195,10
2,80,11,7818,195,10
2,80,12,7819,195,10
2,80,13,7820,195,10
2,80,14,7821,195,10
2,80,15,7822,195,10
2,80,16,7823,195,10
2,80,17,7824,195,10
2,80,18,7825,195,10
2,80,19,7826,195,10
2,80,20,7827,195,10
2,80,21,7828,195,10
2,80,22,7829,195,10
2,80,23,7830,195,10
2,80,24,7831,195,10
2,80,25,7832,195,10
2,80,26,7833,195,10
2,80,27,7834,195,10
2,80,28,7835,195,10
2,80,29,7836,195,10
2,80,30,7837,195,10
2,80,31,7838,195,10
2,80,32,7839,195,10
2,80,33,7840,195,10
2,80,34,7841,195,10
2,80,35,7842,195,10
2,80,36,7843,195,10
2,80,37,7844,195,10
2,80,38,7845,195,10
2,80,39,7846,195,10
2,80,40,7847,195,10
2,80,41,7848,195,10
2,80,42,7849,195,10
2,80,43,7850,195,10
2,80,44,7851,195,10
2,80,45,7852,195,10
2,80,46,7853,195,10
2,80,47,7854,195,10
2,80,48,7855,195,10
2,80,49,7856,195,10
2,80,50,7857,195,10
2,80,51,7858,195,10
2,80,52,7859,195,10
2,81,1,7860,195,8
2,81,2,7861,195,8
2,81,3,7862,195,8
2,81,4,7863,195,8
2,81,5,7864,195,8
2,81,6,7865,195,8
2,81,7,7866,195,8
2,81,8,7867,195,8
2,81,9,7868,195,8
2,81,10,7869,195,8
2,81,11,7870,195,8
2,81,12,7871,195,8
2,81,13,7872,195,8
2,81,14,7873,195,8
2,81,15,7874,195,8
2,81,16,7875,195,8
2,81,17,7876,195,8
2,81,18,7877,195,8
2,81,19,7878,195,8
2,81,20,7879,195,8
2,81,21,7880,195,8
2,81,22,7881,195,8
2,81,23,7882,195,8
2,81,24,7883,195,8
2,81,25,7884,195,8
2,81,26,7885,195,8
2,81,27,7886,195,8
2,81,28,7887,195,8
2,81,29,7888,195,8
2,81,30,7889,195,8
2,81,31,7890,195,8
2,81,32,7891,195,8
2,81,33,7892,195,8
2,81,34,7893,195,8
2,81,35,7894,195,8
2,81,36,7895,195,8
2,81,37,7896,195,8
2,81,38,7897,195,8
2,81,39,7898,195,8
2,81,40,7899,195,8
2,81,42,7900,195,8
2,81,43,7901,195,8
2,81,44,7902,195,8
2,82,1,7903,195,3
2,82,2,7904,195,3
2,82,3,7905,195,3
2,82,4,7906,195,3
2,82,5,7907,195,3
2,82,6,7908,195,3
2,82,7,7909,195,3
2,82,8,7910,195,3
2,82,9,7911,195,3
2,82,10,7912,195,3
2,82,11,7913,195,3
2,82,12,7914,195,3
2,82,13,7915,195,3
2,82,14,7916,195,3
2,82,15,7917,195,3
2,82,16,7918,195,3
2,82,17,7919,195,3
2,82,18,7920,195,3
2,82,19,7921,195,3
2,82,20,7922,195,3
2,82,21,7923,195,3
2,82,22,7924,195,3
2,82,23,7925,195,3
2,82,24,7926,195,3
2,82,25,7927,195,3
2,82,26,7928,195,3
2,82,27,7929,195,3
2,82,28,7930,195,3
2,82,29,7931,195,3
2,82,30,7932,195,3
2,82,31,7933,195,3
2,82,32,7934,195,3
2,82,33,7935,195,3
2,82,34,7936,195,3
2,82,35,7937,195,3
2,83,1,7938,195,13
2,83,2,7939,195,13
2,83,3,7940,195,13
2,83,4,7941,195,13
2,83,5,7942,195,13
2,83,6,7943,195,13
2,83,7,7944,195,13
2,83,8,7945,195,13
2,83,9,7946,195,13
2,83,10,7947,195,13
2,83,11,7948,195,13
2,83,12,7949,195,13
2,83,13,7950,195,13
2,83,14,7951,195,13
2,83,15,7952,195,13
2,83,16,7953,195,13
2,83,17,7954,195,13
2,83,18,7955,195,13
2,83,19,7956,195,13
2,83,20,7957,195,13
2,83,21,7958,195,13
2,83,22,7959,195,13
2,83,23,7960,195,13
2,83,24,7961,195,13
2,83,25,7962,195,13
2,83,26,7963,195,13
2,83,27,7964,195,13
2,83,28,7965,195,13
2,83,29,7966,195,13
2,83,30,7967,195,13
2,83,31,7968,195,13
2,83,32,7969,195,13
2,83,33,7970,195,13
2,83,34,7971,195,13
2,83,35,7972,195,13
2,83,36,7973,195,13
2,83,37,7974,195,13
2,83,38,7975,195,13
2,83,39,7976,195,13
2,83,40,7977,195,13
2,83,41,7978,195,13
2,83,42,7979,195,13
2,83,43,7980,195,13
2,83,44,7981,195,13
2,83,45,7982,195,13
2,83,46,7983,195,13
2,83,47,7984,195,13
2,83,48,7985,195,13
2,83,49,7986,195,13
2,83,50,7987,195,13
2,83,51,7988,195,13
2,83,52,7989,195,13
2,83,53,7990,195,13
2,83,54,7991,195,13
2,83,55,7992,195,13
2,83,56,7993,195,13
2,84,1,7994,195,7
2,84,2,7995,195,7
2,84,3,7996,195,7
2,84,4,7997,195,7
2,84,5,7998,195,7
2,84,6,7999,195,7
2,84,7,8000,195,7
2,84,8,8001,195,7
2,84,9,8002,195,7
2,84,10,8003,195,7
2,84,11,8004,195,7
2,84,12,8005,195,7
2,84,13,8006,195,7
2,84,14,8007,195,7
2,84,15,8008,195,7
2,84,16,8009,195,7
2,84,17,8010,195,7
2,84,18,8011,195,7
2,84,19,8012,195,7
2,84,20,8013,195,7
2,84,21,8014,195,7
2,84,22,8015,195,7
2,84,23,8016,195,7
2,84,24,8017,195,7
2,84,25,8018,195,7
2,84,26,8019,195,7
2,84,27,8020,195,7
2,84,28,8021,195,7
2,84,29,8022,195,7
2,84,30,8023,195,7
2,84,31,8024,195,7
2,84,32,8025,195,7
2,84,33,8026,195,7
2,84,34,8027,195,7
2,84,35,8028,195,7
2,84,36,8029,195,7
2,84,37,8030,195,7
2,84,38,8031,195,7
2,84,39,8032,195,7
2,84,40,8033,195,7
2,84,41,8034,195,7
2,84,42,8035,195,7
2,84,43,8036,195,7
2,84,44,8037,195,7
2,84,45,8038,195,7
2,84,46,8039,195,7
2,84,47,8040,195,7
2,84,48,8041,195,7
2,84,49,8042,195,7
2,84,50,8043,195,7
2,84,51,8044,195,7
2,84,52,8045,195,7
2,84,53,8046,195,7
2,84,54,8047,195,7
2,84,55,8048,195,7
2,84,56,8049,195,7
2,84,57,8050,195,7
2,84,58,8051,195,7
2,84,59,8052,195,7
2,84,60,8053,195,7
2,84,61,8054,195,7
2,84,62,8055,195,7
2,84,63,8056,195,7
2,84,64,8057,195,7
2,84,65,8058,195,7
2,84,66,8059,195,7
2,84,67,8060,195,7
2,84,68,8061,195,7
2,85,1,8062,195,7
2,85,2,8063,195,7
2,85,3,8064,195,7
2,85,4,8065,195,7
2,85,5,8066,195,7
2,85,6,8067,195,7
2,85,7,8068,195,7
2,85,8,8069,195,7
2,85,9,8070,195,7
2,85,10,8071,195,7
2,85,11,8072,195,7
2,85,12,8073,195,7
2,85,13,8074,195,7
2,85,14,8075,195,7
2,85,15,8076,195,7
2,85,16,8077,195,7
2,85,17,8078,195,7
2,85,18,8079,195,7
2,85,19,8080,195,7
2,85,20,8081,195,7
2,85,21,8082,195,7
2,85,22,8083,195,7
2,85,23,8084,195,7
2,85,24,8085,195,7
2,85,25,8086,195,7
2,85,26,8087,195,7
2,85,27,8088,195,7
2,85,28,8089,195,7
2,85,29,8090,195,7
2,85,30,8091,195,7
2,85,31,8092,195,7
2,85,32,8093,195,7
2,85,33,8094,195,7
2,85,34,8095,195,7
2,85,35,8096,195,7
2,85,36,8097,195,7
2,85,37,8098,195,7
2,85,38,8099,195,7
2,85,39,8100,195,7
2,85,40,8101,195,7
2,85,41,8102,195,7
2,85,42,8103,195,7
2,85,43,8104,195,7
2,85,44,8105,195,7
2,85,45,8106,195,7
2,85,46,8107,195,7
2,85,47,8108,195,7
2,85,48,8109,195,7
2,85,49,8110,195,7
2,85,50,8111,195,7
2,85,51,8112,195,7
2,85,52,8113,195,7
2,85,53,8114,195,7
2,85,54,8115,195,7
2,85,55,8116,195,7
2,85,56,8117,195,7
2,85,57,8118,195,7
2,85,58,8119,195,7
2,85,59,8120,195,7
2,85,60,8121,195,7
2,85,61,8122,195,7
2,85,62,8123,195,7
2,85,63,8124,195,7
2,85,64,8125,195,7
2,85,65,8126,195,7
2,85,66,8127,195,7
2,85,67,8128,195,7
2,85,68,8129,195,7
2,85,69,8130,195,7
2,85,70,8131,195,7
2,85,71,8132,195,7
2,85,72,8133,195,7
2,85,73,8134,195,7
2,85,74,8135,195,7
2,85,75,8136,195,7
2,85,76,8137,195,7
2,85,77,8138,195,7
2,85,79,8139,195,7
2,86,1,8140,195,4
2,86,2,8141,195,4
2,86,3,8142,195,4
2,86,4,8143,195,4
2,86,5,8144,195,4
2,86,6,8145,195,4
2,86,7,8146,195,4
2,86,8,8147,195,4
2,86,9,8148,195,4
2,86,10,8149,195,4
2,86,11,8150,195,4
2,86,12,8151,195,4
2,86,13,8152,195,4
2,86,14,8153,195,4
2,86,15,8154,195,4
2,86,16,8155,195,4
2,86,17,8156,195,4
2,86,18,8157,195,4
2,86,19,8158,195,4
2,86,20,8159,195,4
2,86,21,8160,195,4
2,86,22,8161,195,4
2,86,23,8162,195,4
2,86,24,8163,195,4
2,86,25,8164,195,4
2,86,26,8165,195,4
2,86,27,8166,195,4
2,86,28,8167,195,4
2,86,29,8168,195,4
2,86,30,8169,195,4
2,86,31,8170,195,4
2,86,32,8171,195,4
2,86,33,8172,195,4
2,86,34,8173,195,4
2,86,35,8174,195,4
2,86,36,8175,195,4
2,86,37,8176,195,4
2,86,38,8177,195,4
2,86,39,8178,195,4
2,86,40,8179,195,4
2,86,41,8180,195,4
2,86,42,8181,195,4
2,86,43,8182,195,4
2,86,44,8183,195,4
2,86,45,8184,195,4
2,86,46,8185,195,4
2,86,47,8186,195,4
2,86,48,8187,195,4
2,86,49,8188,195,4
2,86,50,8189,195,4
2,86,51,8190,195,4
2,86,52,8191,195,4
2,86,53,8192,195,4
2,86,54,8193,195,4
2,86,55,8194,195,4
2,86,56,8195,195,4
2,86,57,8196,195,4
2,86,58,8197,195,4
2,86,59,8198,195,4
2,86,60,8199,195,4
2,86,61,8200,195,4
2,86,62,8201,195,4
2,86,63,8202,195,4
2,87,1,8203,195,3
2,87,2,8204,195,3
2,87,3,8205,195,3
2,87,4,8206,195,3
2,87,5,8207,195,3
2,87,6,8208,195,3
2,87,7,8209,195,3
2,87,8,8210,195,3
2,87,9,8211,195,3
2,87,10,8212,195,3
2,87,11,8213,195,3
2,87,12,8214,195,3
2,87,13,8215,195,3
2,87,14,8216,195,3
2,87,15,8217,195,3
2,87,16,8218,195,3
2,87,17,8219,195,3
2,87,18,8220,195,3
2,87,19,8221,195,3
2,87,20,8222,195,3
2,87,21,8223,195,3
2,87,22,8224,195,3
2,87,23,8225,195,3
2,87,24,8226,195,3
2,87,25,8227,195,3
2,87,26,8228,195,3
2,87,27,8229,195,3
2,87,28,8230,195,3
2,87,29,8231,195,3
2,87,30,8232,195,3
2,87,31,8233,195,3
2,87,32,8234,195,3
2,87,33,8235,195,3
2,87,34,8236,195,3
2,87,35,8237,195,3
2,87,36,8238,195,3
2,87,37,8239,195,3
2,87,38,8240,195,3
2,87,39,8241,195,3
2,88,1,8301,254,8
2,88,2,8302,254,8
2,88,3,8303,254,8
2,88,4,8304,254,8
2,88,5,8305,254,8
2,88,6,8306,254,8
2,88,7,8307,254,8
2,88,8,8308,254,8
2,88,9,8309,254,8
2,88,10,8310,254,8
2,88,11,8311,254,8
2,88,12,8312,254,8
2,88,13,8313,254,8
2,88,14,8314,254,8
2,88,15,8315,254,8
2,88,16,8316,254,8
2,88,17,8317,254,8
2,88,18,8318,254,8
2,88,19,8319,254,8
2,88,20,8320,254,8
2,88,21,8321,254,8
2,88,22,8322,254,8
2,88,23,8323,254,8
2,88,24,8324,254,8
2,88,25,8325,254,8
2,88,26,8326,254,8
2,88,27,8327,254,8
2,88,28,8328,254,8
2,88,29,8329,254,8
2,88,30,8330,254,8
2,88,31,8331,254,8
2,88,32,8332,254,8
2,88,33,8333,254,8
2,88,34,8334,254,8
2,88,35,8335,254,8
2,88,36,8336,254,8
2,88,37,8337,254,8
2,88,38,8338,254,8
2,88,39,8339,254,8
2,88,40,8340,254,8
2,88,41,8341,254,8
2,88,42,8342,254,8
2,88,43,8343,254,8
2,88,44,8344,254,8
2,88,45,8345,254,8
2,88,46,8346,254,8
2,88,47,8347,254,8
2,88,48,8348,254,8
2,88,49,8349,254,8
2,88,50,8350,254,8
2,88,51,8351,254,8
2,88,52,8352,254,8
2,88,53,8353,254,8
2,88,54,8354,254,8
2,88,55,8355,254,8
2,88,56,8356,254,8
2,88,57,8357,254,8
2,88,58,8358,254,8
2,88,59,8359,254,8
2,88,60,8360,254,8
2,88,61,8361,254,8
2,88,62,8362,254,8
2,88,63,8363,254,8
2,88,64,8364,254,8
2,88,65,8365,254,8
2,88,66,8366,254,8
2,88,67,8367,254,8
2,88,68,8368,254,8
2,88,69,8369,254,8
2,88,70,8370,254,8
2,88,71,8371,254,8
2,88,72,8372,254,8
2,88,73,8373,254,8
2,88,74,8374,254,8
2,88,75,8375,254,8
2,88,76,8376,254,8
2,88,77,8377,254,8
2,88,78,8378,254,8
2,88,79,8379,254,8
2,88,80,8380,254,8
2,88,81,8381,254,8
2,89,1,8383,255,33
2,89,2,8384,255,33
2,89,3,8385,255,33
2,89,4,8386,255,33
2,89,5,8387,255,33
2,89,6,8388,255,33
2,89,7,8389,255,33
2,89,8,8390,255,33
2,89,9,8391,255,33
2,89,10,8392,255,33
2,89,11,8393,255,33
2,89,12,8394,255,33
2,89,13,8395,255,33
2,89,14,8396,255,33
2,89,15,8397,255,33
2,89,16,8398,255,33
2,89,17,8399,255,33
2,89,18,8400,255,33
2,89,19,8401,255,33
2,89,20,8402,255,33
2,89,21,8403,255,33
2,89,22,8404,255,33
2,89,23,8405,255,33
2,89,24,8406,255,33
2,89,25,8407,255,33
2,89,26,8408,255,33
2,89,27,8409,255,33
2,89,28,8410,255,33
2,89,29,8411,255,33
2,89,30,8412,255,33
2,89,31,8413,255,33
2,89,32,8414,255,33
2,89,33,8415,255,33
2,89,34,8416,255,33
2,89,35,8417,255,33
2,89,36,8418,255,33
2,89,37,8419,255,33
2,89,38,8420,255,33
2,89,39,8421,255,33
2,89,40,8422,255,33
2,89,41,8423,255,33
2,89,42,8424,255,33
2,89,43,8425,255,33
2,89,44,8426,255,33
2,89,45,8427,255,33
2,89,46,8428,255,33
2,89,47,8429,255,33
2,89,48,8430,255,33
2,89,49,8431,255,33
2,89,50,8432,255,33
2,89,51,8433,255,33
2,89,52,8434,255,33
2,89,53,8435,255,33
2,89,54,8436,255,33
2,89,55,8437,255,33
2,89,56,8438,255,33
2,89,57,8439,255,33
2,89,58,8440,255,33
2,89,59,8441,255,33
2,89,60,8442,255,33
2,89,61,8443,255,33
2,89,62,8444,255,33
2,89,63,8445,255,33
2,89,64,8446,255,33
2,89,65,8447,255,33
2,89,66,8448,255,33
2,89,67,8449,255,33
2,89,68,8450,255,33
2,89,69,8451,255,33
2,89,70,8452,255,33
2,89,71,8453,255,33
2,89,72,8454,255,33
2,89,73,8455,255,33
2,89,74,8456,255,33
2,89,75,8457,255,33
2,89,76,8458,255,33
2,89,77,8459,255,33
2,89,78,8460,255,33
2,89,79,8461,255,33
2,89,80,8462,255,33
2,89,81,8463,255,33
2,89,82,8464,255,33
2,89,83,8465,255,33
2,89,84,8466,255,33
2,89,85,8467,255,33
2,89,86,8468,255,33
2,89,87,8469,255,33
2,89,88,8470,255,33
2,90,1,8471,255,1
2,90,2,8472,255,1
2,90,3,8473,255,1
2,90,4,8474,255,1
2,90,5,8475,255,1
2,90,6,8476,255,1
2,90,7,8477,255,1
2,90,8,8478,255,1
2,90,9,8479,255,1
2,90,10,8480,255,1
2,90,11,8481,255,1
2,90,12,8482,255,1
2,90,13,8483,255,1
2,90,14,8484,255,1
2,90,15,8485,255,1
2,90,16,8486,255,1
2,90,17,8487,255,1
2,90,18,8488,255,1
2,90,19,8489,255,1
2,90,20,8490,255,1
2,90,21,8491,255,1
2,90,22,8492,255,1
2,90,23,8493,255,1
2,90,24,8494,255,1
2,90,25,8495,255,1
2,90,26,8496,255,1
2,90,27,8497,255,1
2,90,28,8498,255,1
2,90,29,8499,255,1
2,90,30,8500,255,1
2,90,31,8501,255,1
2,90,32,8502,255,1
2,90,33,8503,255,1
2,90,34,8504,255,1
2,90,35,8505,255,1
2,90,36,8506,255,1
2,90,37,8507,255,1
2,90,38,8508,255,1
2,90,39,8509,255,1
2,90,40,8510,255,1
2,90,41,8511,255,1
2,90,42,8512,255,1
2,90,43,8513,255,1
2,90,44,8514,255,1
2,90,45,8515,255,1
2,90,46,8516,255,1
2,90,47,8517,255,1
2,90,48,8518,255,1
2,90,49,8519,255,1
2,90,50,8520,255,1
2,90,51,8521,255,1
2,90,52,8522,255,1
2,90,53,8523,255,1
2,90,54,8524,255,1
2,90,55,8525,255,1
2,90,56,8526,255,1
2,90,57,8527,255,1
2,90,58,8528,255,1
2,90,59,8529,255,1
2,90,60,8530,255,1
2,90,61,8531,255,1
2,90,62,8532,255,1
2,90,63,8533,255,1
2,90,64,8534,255,1
2,90,65,8535,255,1
2,90,66,8536,255,1
2,90,67,8537,255,1
2,90,68,8538,255,1
2,90,69,8539,255,1
2,90,70,8540,255,1
2,90,71,8541,255,1
2,90,72,8542,255,1
2,90,73,8543,255,1
2,90,74,8544,255,1
2,90,75,8545,255,1
2,90,76,8546,255,1
2,90,77,8547,255,1
2,90,78,8548,255,1
2,91,1,8550,256,5
2,91,2,8551,256,5
2,91,3,8552,256,5
2,91,4,8553,256,5
2,91,5,8554,256,5
2,91,6,8555,256,5
2,91,7,8556,256,5
2,91,8,8557,256,5
2,91,9,8558,256,5
2,91,10,8559,256,5
2,91,11,8560,256,5
2,91,12,8561,256,5
2,91,13,8562,256,5
2,91,14,8563,256,5
2,91,15,8564,256,5
2,91,16,8565,256,5
2,91,17,8566,256,5
2,91,18,8567,256,5
2,91,19,8568,256,5
2,91,20,8569,256,5
2,91,21,8570,256,5
2,91,22,8571,256,5
2,91,23,8572,256,5
2,91,24,8573,256,5
2,91,25,8574,256,5
2,91,26,8575,256,5
2,91,27,8576,256,5
2,91,28,8577,256,5
2,91,29,8578,256,5
2,91,30,8579,256,5
2,91,31,8580,256,5
2,91,32,8581,256,5
2,91,33,8582,256,5
2,91,34,8583,256,5
2,91,35,8584,256,5
2,91,36,8585,256,5
2,91,37,8586,256,5
2,91,38,8587,256,5
2,91,39,8588,256,5
2,91,40,8589,256,5
2,91,41,8590,256,5
2,91,42,8591,256,5
2,91,43,8592,256,5
2,91,44,8593,256,5
2,91,45,8594,256,5
2,91,46,8595,256,5
2,91,47,8596,256,5
2,91,48,8597,256,5
2,91,49,8598,256,5
2,91,50,8599,256,5
2,91,51,8600,256,5
2,91,52,8601,256,5
2,91,53,8602,256,5
2,91,54,8603,256,5
2,92,1,8606,258,14
2,92,2,8607,258,14
2,92,3,8608,258,14
2,92,4,8609,258,14
2,92,5,8610,258,14
2,92,6,8611,258,14
2,92,7,8612,258,14
2,92,8,8613,258,14
2,92,9,8614,258,14
2,92,10,8615,258,14
2,92,11,8616,258,14
2,92,12,8617,258,14
2,92,13,8618,258,14
2,92,14,8619,258,14
2,92,15,8620,258,14
2,92,16,8621,258,14
2,92,17,8622,258,14
2,92,18,8623,258,14
2,92,19,8624,258,14
2,92,20,8625,258,14
2,92,21,8626,258,14
2,92,22,8627,258,14
2,92,23,8628,258,14
2,92,24,8629,258,14
2,92,25,8630,258,14
2,92,26,8631,258,14
2,92,27,8632,258,14
2,92,28,8633,258,14
2,92,29,8634,258,14
2,92,30,8635,258,14
2,92,31,8636,258,14
2,92,32,8637,258,14
2,92,33,8638,258,14
2,92,34,8639,258,14
2,92,35,8640,258,14
2,92,36,8641,258,14
2,92,37,8642,258,14
2,92,38,8643,258,14
2,92,39,8644,258,14
2,92,40,8645,258,14
2,92,41,8646,258,14
2,92,42,8647,258,14
2,92,43,8648,258,14
2,92,44,8649,258,14
2,92,45,8650,258,14
2,92,46,8651,258,14
2,92,47,8652,258,14
2,92,48,8653,258,14
2,92,49,8654,258,14
2,92,50,8655,258,14
2,92,51,8656,258,14
2,92,52,8657,258,14
2,92,53,8658,258,14
2,92,54,8659,258,14
2,92,55,8660,258,14
2,92,56,8661,258,14
2,92,57,8662,258,14
2,92,58,8663,258,14
2,92,59,8664,258,14
2,92,60,8665,258,14
2,92,61,8666,258,14
2,92,62,8667,258,14
2,92,63,8668,258,14
2,93,1,8667,256,15
2,93,2,8668,256,15
2,93,3,8669,256,15
2,93,4,8670,256,15
2,93,5,8671,256,15
2,93,6,8672,256,15
2,93,7,8673,256,15
2,93,8,8674,256,15
2,93,9,8675,256,15
2,93,10,8676,256,15
2,93,11,8677,256,15
2,93,12,8678,256,15
2,93,13,8679,256,15
2,93,14,8680,256,15
2,93,15,8681,256,15
2,93,16,8682,256,15
2,93,17,8683,256,15
2,93,18,8684,256,15
2,93,19,8685,256,15
2,93,20,8686,256,15
2,93,21,8687,256,15
2,93,22,8688,256,15
2,93,23,8689,256,15
2,93,24,8690,256,15
2,93,25,8691,256,15
2,93,26,8692,256,15
2,93,27,8693,256,15
2,93,28,8694,256,15
2,93,29,8695,256,15
2,93,30,8696,256,15
2,93,31,8697,256,15
2,93,32,8698,256,15
2,93,33,8699,256,15
2,93,34,8700,256,15
2,93,35,8701,256,15
2,93,36,8702,256,15
2,93,37,8703,256,15
2,93,38,8704,256,15
2,93,40,8705,256,15
2,93,41,8706,256,15
2,93,42,8707,256,15
2,93,43,8708,256,15
2,93,44,8709,256,15
2,93,45,8710,256,15
2,93,46,8711,256,15
2,93,47,8712,256,15
2,93,48,8713,256,15
2,93,49,8714,256,15
2,93,50,8715,256,15
2,93,51,8716,256,15
2,93,52,8717,256,15
2,93,53,8718,256,15
2,93,54,8719,256,15
2,93,55,8720,256,15
2,93,56,8721,256,15
2,93,57,8722,256,15
2,93,58,8723,256,15
2,93,59,8724,256,15
2,93,60,8725,256,15
2,93,61,8726,256,15
2,93,62,8727,256,15
2,94,1,8729,257,9
2,94,2,8730,257,9
2,94,3,8731,257,9
2,94,4,8732,257,9
2,94,5,8733,257,9
2,94,6,8734,257,9
2,94,7,8735,257,9
2,94,8,8736,257,9
2,94,9,8737,257,9
2,94,10,8738,257,9
2,94,11,8739,257,9
2,94,12,8740,257,9
2,94,13,8741,257,9
2,94,14,8742,257,9
2,94,15,8743,257,9
2,94,16,8744,257,9
2,94,17,8745,257,9
2,94,18,8746,257,9
2,94,19,8747,257,9
2,94,20,8748,257,9
2,94,21,8749,257,9
2,94,22,8750,257,9
2,94,23,8751,257,9
2,94,24,8752,257,9
2,94,25,8753,257,9
2,94,26,8754,257,9
2,94,27,8755,257,9
2,94,28,8756,257,9
2,94,29,8757,257,9
2,94,30,8758,257,9
2,94,31,8759,257,9
2,94,32,8760,257,9
2,94,33,8761,257,9
2,94,34,8762,257,9
2,94,35,8763,257,9
2,94,36,8764,257,9
2,94,37,8765,257,9
2,94,38,8766,257,9
2,94,39,8767,257,9
2,94,40,8768,257,9
2,94,41,8769,257,9
2,94,42,8770,257,9
2,94,43,8771,257,9
2,94,44,8772,257,9
2,94,45,8773,257,9
2,94,46,8774,257,9
2,94,47,8775,257,9
2,94,48,8776,257,9
2,94,49,8777,257,9
2,94,50,8778,257,9
2,94,51,8779,257,9
2,95,1,8781,258,2
2,95,2,8782,258,2
2,95,3,8783,258,2
2,95,4,8784,258,2
2,95,5,8785,258,2
2,95,6,8786,258,2
2,95,7,8787,258,2
2,95,8,8788,258,2
2,95,9,8789,258,2
2,95,10,8790,258,2
2,95,11,8791,258,2
2,95,12,8792,258,2
2,95,13,8793,258,2
2,95,14,8794,258,2
2,95,15,8795,258,2
2,95,16,8796,258,2
2,95,17,8797,258,2
2,95,18,8798,258,2
2,95,19,8799,258,2
2,95,20,8800,258,2
2,95,21,8801,258,2
2,95,22,8802,258,2
2,95,23,8803,258,2
2,95,24,8804,258,2
2,95,25,8805,258,2
2,95,26,8806,258,2
2,95,27,8807,258,2
2,95,28,8808,258,2
2,95,29,8809,258,2
2,95,30,8810,258,2
2,95,31,8811,258,2
2,95,32,8812,258,2
2,95,33,8813,258,2
2,95,34,8814,258,2
2,95,35,8815,258,2
2,95,36,8816,258,2
2,95,37,8817,258,2
2,95,38,8818,258,2
2,95,39,8819,258,2
2,96,1,8822,260,3
2,96,2,8823,260,3
2,96,3,8824,260,3
2,96,4,8825,260,3
2,96,5,8826,260,3
2,96,6,8827,260,3
2,96,7,8828,260,3
2,96,8,8829,260,3
2,96,9,8830,260,3
2,96,10,8831,260,3
2,96,11,8832,260,3
2,96,12,8833,260,3
2,96,13,8834,260,3
2,96,14,8835,260,3
2,96,15,8836,260,3
2,96,16,8837,260,3
2,96,17,8838,260,3
2,96,18,8839,260,3
2,96,19,8840,260,3
2,96,20,8841,260,3
2,96,21,8842,260,3
2,96,22,8843,260,3
2,96,23,8844,260,3
2,96,24,8845,260,3
2,96,25,8846,260,3
2,96,26,8847,260,3
2,96,27,8848,260,3
2,96,28,8849,260,3
2,96,29,8850,260,3
2,96,30,8851,260,3
2,96,31,8852,260,3
2,96,32,8853,260,3
2,96,33,8854,260,3
2,96,34,8855,260,3
2,96,35,8856,260,3
2,96,36,8857,260,3
2,96,37,8858,260,3
2,96,38,8859,260,3
2,96,39,8860,260,3
2,96,40,8861,260,3
2,96,41,8862,260,3
2,96,43,8863,260,3
2,96,44,8864,260,3
2,96,45,8865,260,3
2,96,46,8866,260,3
2,96,47,8867,260,3
2,96,48,8868,260,3
2,96,49,8869,260,3
2,96,50,8870,260,3
2,96,51,8871,260,3
2,96,52,8872,260,3
2,96,53,8873,260,3
2,96,54,8874,260,3
2,96,56,8875,260,3
2,96,57,8876,260,3
2,96,58,8877,260,3
2,96,59,8878,260,3
2,96,60,8879,260,3
2,96,61,8880,260,3
2,96,62,8881,260,3
2,96,63,8882,260,3
2,96,64,8883,260,3
2,96,65,8884,260,3
2,96,66,8885,260,3
2,96,67,8886,260,3
2,96,68,8887,260,3
2,96,69,8888,260,3
2,96,70,8889,260,3
2,97,1,8891,261,20
2,97,2,8892,261,20
2,97,3,8893,261,20
2,97,4,8894,261,20
2,97,5,8895,261,20
2,97,6,8896,261,20
2,97,7,8897,261,20
2,97,8,8898,261,20
2,97,9,8899,261,20
2,97,10,8900,261,20
2,97,11,8901,261,20
2,97,12,8902,261,20
2,97,13,8903,261,20
2,97,14,8904,261,20
2,97,15,8905,261,20
2,97,16,8906,261,20
2,97,17,8907,261,20
2,97,18,8908,261,20
2,97,19,8909,261,20
2,97,21,8910,261,20
2,97,22,8911,261,20
2,97,23,8912,261,20
2,97,24,8913,261,20
2,97,25,8914,261,20
2,97,26,8915,261,20
2,97,27,8916,261,20
2,97,28,8917,261,20
2,97,29,8918,261,20
2,97,30,8919,261,20
2,97,31,8920,261,20
2,97,32,8921,261,20
2,97,33,8922,261,20
2,97,34,8923,261,20
2,97,35,8924,261,20
2,97,36,8925,261,20
2,97,37,8926,261,20
2,97,38,8927,261,20
2,97,39,8928,261,20
2,97,40,8929,261,20
2,97,41,8930,261,20
2,97,42,8931,261,20
2,97,43,8932,261,20
2,97,44,8933,261,20
2,98,1,8936,263,9
2,98,2,8937,263,9
2,98,3,8938,263,9
2,98,4,8939,263,9
2,98,5,8940,263,9
2,98,6,8941,263,9
2,98,7,8942,263,9
2,98,8,8943,263,9
2,98,9,8944,263,9
2,98,10,8945,263,9
2,98,11,8946,263,9
2,98,12,8947,263,9
2,98,13,8948,263,9
2,98,14,8949,263,9
2,98,15,8950,263,9
2,98,16,8951,263,9
2,98,17,8952,263,9
2,98,18,8953,263,9
2,98,19,8954,263,9
2,98,20,8955,263,9
2,98,21,8956,263,9
2,98,22,8957,263,9
2,98,23,8958,263,9
2,98,24,8959,263,9
2,98,25,8960,263,9
2,98,26,8961,263,9
2,98,27,8962,263,9
2,98,28,8963,263,9
2,98,29,8964,263,9
2,98,30,8965,263,9
2,98,31,8966,263,9
2,98,32,8967,263,9
2,98,33,8968,263,9
2,98,34,8969,263,9
2,98,35,8970,263,9
2,98,36,8971,263,9
2,98,37,8972,263,9
2,98,38,8973,263,9
2,98,39,8974,263,9
2,98,40,8975,263,9
2,98,41,8976,263,9
2,98,42,8977,263,9
2,98,43,8978,263,9
2,98,44,8979,263,9
2,98,45,8980,263,9
2,98,46,8981,263,9
2,98,47,8982,263,9
2,98,48,8983,263,9
2,98,49,8984,263,9
2,98,50,8985,263,9
2,98,51,8986,263,9
2,98,52,8987,263,9
2,98,53,8988,263,9
2,98,54,8989,263,9
2,98,55,8990,263,9
2,98,56,8991,263,9
2,98,57,8992,263,9
2,98,58,8993,263,9
2,98,59,8994,263,9
2,98,60,8995,263,9
2,98,61,8996,263,9
2,98,62,8997,263,9
2,98,63,8998,263,9
2,98,64,8999,263,9
2,98,65,9000,263,9
2,98,66,9001,263,9
2,98,67,9002,263,9
2,98,68,9003,263,9
2,98,69,9004,263,9
2,98,70,9005,263,9
2,98,71,9006,263,9
2,98,72,9007,263,9
2,98,73,9008,263,9
2,98,74,9009,263,9
2,98,75,9010,263,9
2,98,76,9011,263,9
2,99,1,9012,263,5
2,99,2,9013,263,5
2,99,3,9014,263,5
2,99,4,9015,263,5
2,99,5,9016,263,5
2,99,6,9017,263,5
2,99,7,9018,263,5
2,99,8,9019,263,5
2,99,9,9020,263,5
2,99,10,9021,263,5
2,99,11,9022,263,5
2,99,12,9023,263,5
2,99,13,9024,263,5
2,99,14,9025,263,5
2,99,15,9026,263,5
2,99,16,9027,263,5
2,99,17,9028,263,5
2,99,18,9029,263,5
2,99,19,9030,263,5
2,99,20,9031,263,5
2,99,21,9032,263,5
2,99,22,9033,263,5
2,99,23,9034,263,5
2,99,24,9035,263,5
2,99,25,9036,263,5
2,99,26,9037,263,5
2,99,27,9038,263,5
2,99,28,9039,263,5
2,100,1,9040,263,1
2,100,2,9041,263,1
2,100,3,9042,263,1
2,100,4,9043,263,1
2,100,5,9044,263,1
2,100,6,9045,263,1
2,100,7,9046,263,1
2,100,8,9047,263,1
2,100,9,9048,263,1
2,100,10,9049,263,1
2,100,11,9050,263,1
2,100,12,9051,263,1
2,100,13,9052,263,1
2,100,14,9053,263,1
2,100,15,9054,263,1
2,100,16,9055,263,1
2,100,17,9056,263,1
2,100,18,9057,263,1
2,101,1,9058,263,5
2,101,2,9059,263,5
2,101,3,9060,263,5
2,101,4,9061,263,5
2,101,5,9062,263,5
2,101,6,9063,263,5
2,101,7,9064,263,5
2,101,8,9065,263,5
2,101,9,9066,263,5
2,101,10,9067,263,5
2,101,11,9068,263,5
2,101,12,9069,263,5
2,101,13,9070,263,5
2,101,14,9071,263,5
2,101,15,9072,263,5
2,101,16,9073,263,5
2,101,17,9074,263,5
2,101,18,9075,263,5
2,101,19,9076,263,5
2,101,20,9077,263,5
2,101,21,9078,263,5
2,101,22,9079,263,5
2,101,23,9080,263,5
2,101,24,9081,263,5
2,101,25,9082,263,5
2,101,26,9083,263,5
2,101,27,9084,263,5
2,101,28,9085,263,5
2,101,29,9086,263,5
2,101,30,9087,263,5
2,101,31,9088,263,5
2,101,32,9089,263,5
2,101,33,9090,263,5
2,101,34,9091,263,5
2,101,35,9092,263,5
2,101,36,9093,263,5
2,101,37,9094,263,5
2,101,38,9095,263,5
2,101,39,9096,263,5
2,101,40,9097,263,5
2,101,41,9098,263,5
2,101,42,9099,263,5
2,101,43,9100,263,5
2,101,44,9101,263,5
2,101,45,9102,263,5
2,101,46,9103,263,5
2,101,47,9104,263,5
2,101,48,9105,263,5
2,101,49,9106,263,5
2,101,50,9107,263,5
2,101,51,9108,263,5
2,101,52,9109,263,5
2,101,53,9110,263,5
2,101,54,9111,263,5
2,101,55,9112,263,5
2,101,56,9113,263,5
2,101,57,9114,263,5
2,101,58,9115,263,5
2,101,59,9116,263,5
2,101,60,9117,263,5
2,101,61,9118,263,5
2,101,62,9119,263,5
2,101,63,9120,263,5
2,101,64,9121,263,5
2,101,65,9122,263,5
2,101,66,9123,263,5
2,101,67,9124,263,5
2,101,68,9125,263,5
2,101,69,9126,263,5
2,101,70,9127,263,5
2,101,71,9128,263,5
2,101,72,9129,263,5
2,101,73,9130,263,5
2,102,2,9133,265,11
2,102,3,9134,265,11
2,102,4,9135,265,11
2,102,5,9136,265,11
2,102,6,9137,265,11
2,102,7,9138,265,11
2,102,8,9139,265,11
2,102,9,9140,265,11
2,102,10,9141,265,11
2,102,11,9142,265,11
2,102,12,9143,265,11
2,102,13,9144,265,11
2,102,14,9145,265,11
2,102,15,9146,265,11
2,102,16,9147,265,11
2,102,17,9148,265,11
2,102,18,9149,265,11
2,102,19,9150,265,11
2,102,20,9151,265,11
2,102,21,9152,265,11
2,102,22,9153,265,11
2,102,23,9154,265,11
2,102,24,9155,265,11
2,102,25,9156,265,11
2,102,26,9157,265,11
2,102,27,9158,265,11
2,102,28,9159,265,11
2,102,29,9160,265,11
2,102,30,9161,265,11
2,102,31,9162,265,11
2,102,32,9163,265,11
2,102,33,9164,265,11
2,102,34,9165,265,11
2,102,35,9166,265,11
2,102,36,9167,265,11
2,102,37,9168,265,11
2,102,38,9169,265,11
2,102,39,9170,265,11
2,102,40,9171,265,11
2,102,41,9172,265,11
2,102,42,9173,265,11
2,102,43,9174,265,11
2,102,44,9175,265,11
2,103,1,9178,267,12
2,103,2,9179,267,12
2,103,3,9180,267,12
2,103,4,9181,267,12
2,103,5,9182,267,12
2,103,6,9183,267,12
2,103,7,9184,267,12
2,103,8,9185,267,12
2,103,9,9186,267,12
2,103,10,9187,267,12
2,103,11,9188,267,12
2,103,14,9189,267,12
2,103,15,9190,267,12
2,103,16,9191,267,12
2,103,17,9192,267,12
2,103,18,9193,267,12
2,103,19,9194,267,12
2,103,20,9195,267,12
2,103,21,9196,267,12
2,103,22,9197,267,12
2,103,23,9198,267,12
2,103,24,9199,267,12
2,103,25,9200,267,12
2,103,26,9201,267,12
2,103,27,9202,267,12
2,103,28,9203,267,12
2,103,29,9204,267,12
2,103,30,9205,267,12
2,103,31,9206,267,12
2,104,1,9209,269,8
2,104,2,9210,269,8
2,104,3,9211,269,8
2,104,4,9212,269,8
2,104,5,9213,269,8
2,104,6,9214,269,8
2,104,7,9215,269,8
2,104,8,9216,269,8
2,104,9,9217,269,8
2,104,10,9218,269,8
2,104,11,9219,269,8
2,104,12,9220,269,8
2,104,13,9221,269,8
2,104,14,9222,269,8
2,104,15,9223,269,8
2,104,16,9224,269,8
2,104,17,9225,269,8
2,104,18,9226,269,8
2,104,19,9227,269,8
2,104,20,9228,269,8
2,104,21,9229,269,8
2,104,22,9230,269,8
2,104,23,9231,269,8
2,104,24,9232,269,8
2,104,25,9233,269,8
2,104,26,9234,269,8
2,104,27,9235,269,8
2,104,28,9236,269,8
2,104,29,9237,269,8
2,104,30,9238,269,8
2,104,31,9239,269,8
2,104,32,9240,269,8
2,104,33,9241,269,8
2,104,34,9242,269,8
2,104,35,9243,269,8
2,104,36,9244,269,8
2,104,37,9245,269,8
2,104,38,9246,269,8
2,104,39,9247,269,8
2,104,40,9248,269,8
2,104,41,9249,269,8
2,104,42,9250,269,8
2,104,43,9251,269,8
2,104,44,9252,269,8
2,104,45,9253,269,8
2,104,46,9254,269,8
2,104,47,9255,269,8
2,104,48,9256,269,8
2,104,49,9257,269,8
2,104,50,9258,269,8
2,104,51,9259,269,8
2,104,52,9260,269,8
2,104,53,9261,269,8
2,104,54,9262,269,8
2,104,55,9263,269,8
2,104,56,9264,269,8
2,104,57,9265,269,8
2,104,58,9266,269,8
2,104,59,9267,269,8
2,104,60,9268,269,8
2,104,61,9269,269,8
2,104,62,9270,269,8
2,104,63,9271,269,8
2,104,64,9272,269,8
2,105,1,9275,271,6
2,105,2,9276,271,6
2,105,3,9277,271,6
2,105,4,9278,271,6
2,105,5,9279,271,6
2,105,6,9280,271,6
2,105,7,9281,271,6
2,105,8,9282,271,6
2,105,9,9283,271,6
2,105,10,9284,271,6
2,105,11,9285,271,6
2,105,12,9286,271,6
2,105,13,9287,271,6
2,105,14,9288,271,6
2,105,15,9289,271,6
2,105,16,9290,271,6
2,105,17,9291,271,6
2,105,18,9292,271,6
2,105,19,9293,271,6
2,105,20,9294,271,6
2,105,21,9295,271,6
2,105,22,9296,271,6
2,105,23,9297,271,6
2,105,24,9298,271,6
2,105,25,9299,271,6
2,105,26,9300,271,6
2,105,27,9301,271,6
2,105,28,9302,271,6
2,105,29,9303,271,6
2,105,30,9304,271,6
2,105,31,9305,271,6
2,105,32,9306,271,6
2,105,33,9307,271,6
2,105,34,9308,271,6
2,105,35,9309,271,6
2,105,36,9310,271,6
2,105,37,9311,271,6
2,105,38,9312,271,6
2,105,39,9313,271,6
2,105,40,9314,271,6
2,105,41,9315,271,6
2,105,42,9316,271,6
2,105,43,9317,271,6
2,105,44,9318,271,6
2,105,45,9319,271,6
2,105,46,9320,271,6
2,105,47,9321,271,6
2,105,48,9322,271,6
2,105,49,9323,271,6
2,105,50,9324,271,6
2,105,51,9325,271,6
2,105,52,9326,271,6
2,105,53,9327,271,6
2,105,54,9328,271,6
2,105,55,9329,271,6
2,105,56,9330,271,6
2,105,57,9331,271,6
2,105,58,9332,271,6
2,105,59,9333,271,6
2,105,60,9334,271,6
2,105,61,9335,271,6
2,105,62,9336,271,6
2,105,63,9337,271,6
2,105,64,9338,271,6
2,105,65,9339,271,6
2,105,66,9340,271,6
2,105,67,9341,271,6
2,105,68,9342,271,6
2,105,69,9343,271,6
2,105,70,9344,271,6
2,105,71,9345,271,6
2,105,72,9346,271,6
2,105,73,9347,271,6
2,105,74,9348,271,6
2,105,75,9349,271,6
2,105,76,9350,271,6
2,105,77,9351,271,6
2,105,78,9352,271,6
2,105,79,9353,271,6
2,105,80,9354,271,6
2,105,81,9355,271,6
2,105,82,9356,271,6
2,105,83,9357,271,6
2,105,84,9358,271,6
2,106,1,9360,272,14
2,106,2,9361,272,14
2,106,3,9362,272,14
2,106,4,9363,272,14
2,106,5,9364,272,14
2,106,6,9365,272,14
2,106,7,9366,272,14
2,106,8,9367,272,14
2,106,9,9368,272,14
2,106,10,9369,272,14
2,106,11,9370,272,14
2,106,12,9371,272,14
2,106,13,9372,272,14
2,106,14,9373,272,14
2,106,15,9374,272,14
2,106,16,9375,272,14
2,106,17,9376,272,14
2,106,18,9377,272,14
2,106,19,9378,272,14
2,106,20,9379,272,14
2,106,21,9380,272,14
2,106,22,9381,272,14
2,106,23,9382,272,14
2,106,24,9383,272,14
2,106,25,9384,272,14
2,106,26,9385,272,14
2,106,27,9386,272,14
2,106,28,9387,272,14
2,106,29,9388,272,14
2,106,30,9389,272,14
2,106,31,9390,272,14
2,106,32,9391,272,14
2,106,33,9392,272,14
2,106,34,9393,272,14
2,106,35,9394,272,14
2,106,36,9395,272,14
2,106,38,9396,272,14
2,106,39,9397,272,14
2,106,40,9398,272,14
2,106,41,9399,272,14
2,106,42,9400,272,14
2,106,43,9401,272,14
2,106,44,9402,272,14
2,106,45,9403,272,14
2,106,46,9404,272,14
2,106,47,9405,272,14
2,106,48,9406,272,14
2,106,49,9407,272,14
2,106,50,9408,272,14
2,106,51,9409,272,14
2,106,52,9410,272,14
2,106,53,9411,272,14
2,106,54,9412,272,14
2,106,55,9413,272,14
2,106,56,9414,272,14
2,106,57,9415,272,14
2,106,58,9416,272,14
2,107,1,9415,270,5
2,107,2,9416,270,5
2,107,3,9417,270,5
2,107,4,9418,270,5
2,107,5,9419,270,5
2,107,6,9420,270,5
2,107,7,9421,270,5
2,107,8,9422,270,5
2,107,9,9423,270,5
2,107,10,9424,270,5
2,107,11,9425,270,5
2,107,12,9426,270,5
2,107,13,9427,270,5
2,107,14,9428,270,5
2,107,15,9429,270,5
2,107,16,9430,270,5
2,107,17,9431,270,5
2,107,18,9432,270,5
2,107,19,9433,270,5
2,107,20,9434,270,5
2,107,21,9435,270,5
2,107,22,9436,270,5
2,107,23,9437,270,5
2,107,24,9438,270,5
2,107,25,9439,270,5
2,107,26,9440,270,5
2,107,27,9441,270,5
2,107,28,9442,270,5
2,107,29,9443,270,5
2,107,30,9444,270,5
2,107,31,9445,270,5
2,107,32,9446,270,5
2,108,1,9447,270,3
2,108,2,9448,270,3
2,108,3,9449,270,3
2,108,4,9450,270,3
2,108,5,9451,270,3
2,108,6,9452,270,3
2,108,7,9453,270,3
2,108,8,9454,270,3
2,108,9,9455,270,3
2,108,10,9456,270,3
2,108,11,9457,270,3
2,108,12,9458,270,3
2,108,13,9459,270,3
2,108,14,9460,270,3
2,108,15,9461,270,3
2,108,16,9462,270,3
2,108,17,9463,270,3
2,108,18,9464,270,3
2,108,19,9465,270,3
2,108,20,9466,270,3
2,108,21,9467,270,3
2,108,22,9468,270,3
2,108,23,9469,270,3
2,108,24,9470,270,3
2,108,25,9471,270,3
2,108,26,9472,270,3
2,108,27,9473,270,3
2,108,28,9474,270,3
2,108,29,9475,270,3
2,108,30,9476,270,3
2,108,31,9477,270,3
2,108,32,9478,270,3
2,108,33,9479,270,3
2,108,34,9480,270,3
2,108,35,9481,270,3
2,108,36,9482,270,3
2,109,1,9484,271,52
2,109,2,9485,271,52
2,109,3,9486,271,52
2,109,4,9487,271,52
2,109,5,9488,271,52
2,109,6,9489,271,52
2,109,7,9490,271,52
2,109,8,9491,271,52
2,109,9,9492,271,52
2,109,10,9493,271,52
2,109,11,9494,271,52
2,109,12,9495,271,52
2,109,13,9496,271,52
2,109,14,9497,271,52
2,109,15,9498,271,52
2,109,16,9499,271,52
2,109,17,9500,271,52
2,109,18,9501,271,52
2,109,19,9502,271,52
2,109,20,9503,271,52
2,109,21,9504,271,52
2,109,22,9505,271,52
2,109,23,9506,271,52
2,109,24,9507,271,52
2,109,25,9508,271,52
2,109,26,9509,271,52
2,109,27,9510,271,52
2,109,28,9511,271,52
2,109,29,9512,271,52
2,109,30,9513,271,52
2,109,31,9514,271,52
2,109,32,9515,271,52
2,109,33,9516,271,52
2,109,34,9517,271,52
2,109,35,9518,271,52
2,109,36,9519,271,52
2,109,38,9520,271,52
2,109,39,9521,271,52
2,109,40,9522,271,52
2,109,41,9523,271,52
2,109,42,9524,271,52
2,109,43,9525,271,52
2,109,44,9526,271,52
2,109,45,9527,271,52
2,109,46,9528,271,52
2,109,47,9529,271,52
2,109,48,9530,271,52
2,109,49,9531,271,52
2,109,50,9532,271,52
2,109,51,9533,271,52
2,109,52,9534,271,52
2,109,53,9535,271,52
2,109,54,9536,271,52
2,109,55,9537,271,52
2,109,56,9538,271,52
2,109,57,9539,271,52
2,109,58,9540,271,52
2,109,59,9541,271,52
2,109,60,9542,271,52
2,109,61,9543,271,52
2,109,62,9544,271,52
2,109,63,9545,271,52
2,109,64,9546,271,52
2,109,65,9547,271,52
2,109,66,9548,271,52
2,109,67,9549,271,52
2,109,68,9550,271,52
2,109,69,9551,271,52
2,109,70,9552,271,52
2,109,71,9553,271,52
2,109,72,9554,271,52
2,109,73,9555,271,52
2,109,74,9556,271,52
2,109,75,9557,271,52
2,109,76,9558,271,52
2,109,77,9559,271,52
2,109,78,9560,271,52
2,109,79,9561,271,52
2,109,80,9562,271,52
2,109,81,9563,271,52
2,109,82,9564,271,52
2,109,83,9565,271,52
2,109,84,9566,271,52
2,109,85,9567,271,52
2,109,86,9568,271,52
2,109,87,9569,271,52
2,109,88,9570,271,52
2,109,89,9571,271,52
2,109,90,9572,271,52
2,109,91,9573,271,52
2,109,92,9574,271,52
2,109,93,9575,271,52
2,109,94,9576,271,52
2,109,95,9577,271,52
2,109,96,9578,271,52
2,109,98,9579,271,52
2,109,99,9580,271,52
2,109,100,9581,271,52
2,109,101,9582,271,52
2,109,102,9583,271,52
2,109,103,9584,271,52
2,109,104,9585,271,52
2,109,105,9586,271,52
2,109,106,9587,271,52
2,109,107,9588,271,52
2,110,1,9595,277,15
2,110,2,9596,277,15
2,110,3,9597,277,15
2,110,4,9598,277,15
2,110,5,9599,277,15
2,110,6,9600,277,15
2,110,7,9601,277,15
2,110,8,9602,277,15
2,110,9,9603,277,15
2,110,10,9604,277,15
2,110,11,9605,277,15
2,110,12,9606,277,15
2,110,13,9607,277,15
2,110,14,9608,277,15
2,110,15,9609,277,15
2,110,16,9610,277,15
2,110,17,9611,277,15
2,110,18,9612,277,15
2,110,19,9613,277,15
2,110,20,9614,277,15
2,110,21,9615,277,15
2,110,22,9616,277,15
2,110,23,9617,277,15
2,110,24,9618,277,15
2,110,25,9619,277,15
2,110,26,9620,277,15
2,110,27,9621,277,15
2,110,28,9622,277,15
2,110,29,9623,277,15
2,110,30,9624,277,15
2,110,31,9625,277,15
2,110,32,9626,277,15
2,110,33,9627,277,15
2,110,34,9628,277,15
2,110,35,9629,277,15
2,110,36,9630,277,15
2,110,37,9631,277,15
2,110,38,9632,277,15
2,110,40,9633,277,15
2,110,41,9634,277,15
2,110,42,9635,277,15
2,110,43,9636,277,15
2,110,44,9637,277,15
2,110,45,9638,277,15
2,110,46,9639,277,15
2,110,47,9640,277,15
2,110,48,9641,277,15
2,110,49,9642,277,15
2,110,50,9643,277,15
2,110,51,9644,277,15
2,110,52,9645,277,15
2,110,53,9646,277,15
2,110,54,9647,277,15
2,110,55,9648,277,15
2,110,56,9649,277,15
2,110,57,9650,277,15
2,110,58,9651,277,15
2,110,59,9652,277,15
2,110,60,9653,277,15
2,110,61,9654,277,15
2,110,62,9655,277,15
2,110,63,9656,277,15
2,110,64,9657,277,15
2,110,65,9658,277,15
2,110,66,9659,277,15
2,110,67,9660,277,15
2,110,68,9661,277,15
2,110,69,9662,277,15
2,110,70,9663,277,15
2,110,71,9664,277,15
2,110,72,9665,277,15
2,110,73,9666,277,15
2,110,74,9667,277,15
2,110,75,9668,277,15
2,110,76,9669,277,15
2,110,77,9670,277,15
2,110,78,9671,277,15
2,110,79,9672,277,15
2,110,80,9673,277,15
2,110,81,9674,277,15
2,110,82,9675,277,15
2,110,83,9676,277,15
2,110,84,9677,277,15
2,110,85,9678,277,15
2,110,86,9679,277,15
2,110,87,9680,277,15
2,110,88,9681,277,15
2,111,1,9682,277,1
2,111,2,9683,277,1
2,111,3,9684,277,1
2,111,4,9685,277,1
2,111,5,9686,277,1
2,111,6,9687,277,1
2,111,7,9688,277,1
2,111,8,9689,277,1
2,111,9,9690,277,1
2,111,10,9691,277,1
2,111,11,9692,277,1
2,111,12,9693,277,1
2,111,13,9694,277,1
2,111,14,9695,277,1
2,111,15,9696,277,1
2,111,16,9697,277,1
2,111,17,9698,277,1
2,111,18,9699,277,1
2,112,1,9693,270,4
2,112,2,9694,270,4
2,112,3,9695,270,4
2,112,4,9696,270,4
2,112,5,9697,270,4
2,112,6,9698,270,4
2,112,7,9699,270,4
2,112,8,9700,270,4
2,112,9,9701,270,4
2,112,10,9702,270,4
2,112,11,9703,270,4
2,112,12,9704,270,4
2,112,13,9705,270,4
2,112,14,9706,270,4
2,112,15,9707,270,4
2,112,16,9708,270,4
2,112,17,9709,270,4
2,112,18,9710,270,4
2,112,19,9711,270,4
2,112,20,9712,270,4
2,112,21,9713,270,4
2,112,22,9714,270,4
2,112,23,9715,270,4
2,112,24,9716,270,4
2,112,25,9717,270,4
2,112,26,9718,270,4
2,112,27,9719,270,4
2,112,28,9720,270,4
2,112,29,9721,270,4
2,112,30,9722,270,4
2,113,1,9723,270,3
2,113,2,9724,270,3
2,113,3,9725,270,3
2,113,4,9726,270,3
2,113,5,9727,270,3
2,113,6,9728,270,3
2,113,7,9729,270,3
2,113,8,9730,270,3
2,113,9,9731,270,3
2,113,10,9732,270,3
2,113,11,9733,270,3
2,113,12,9734,270,3
2,113,13,9735,270,3
2,113,14,9736,270,3
2,113,15,9737,270,3
2,113,16,9738,270,3
2,113,17,9739,270,3
2,113,18,9740,270,3
2,113,19,9741,270,3
2,113,20,9742,270,3
2,113,21,9743,270,3
2,113,22,9744,270,3
2,113,23,9745,270,3
2,113,24,9746,270,3
2,113,25,9747,270,3
2,113,26,9748,270,3
2,113,27,9749,270,3
2,113,28,9750,270,3
2,113,29,9751,270,3
2,113,30,9752,270,3
2,113,31,9753,270,3
2,113,32,9754,270,3
2,114,1,9754,269,3
2,114,2,9755,269,3
2,114,3,9756,269,3
2,114,4,9757,269,3
2,114,5,9758,269,3
2,114,6,9759,269,3
2,114,7,9760,269,3
2,114,8,9761,269,3
2,114,9,9762,269,3
2,114,10,9763,269,3
2,114,11,9764,269,3
2,114,12,9765,269,3
2,114,13,9766,269,3
2,114,14,9767,269,3
2,114,15,9768,269,3
2,114,16,9769,269,3
2,114,17,9770,269,3
2,114,18,9771,269,3
2,114,19,9772,269,3
2,114,20,9773,269,3
2,114,21,9774,269,3
2,114,22,9775,269,3
2,114,23,9776,269,3
2,114,24,9777,269,3
2,114,25,9778,269,3
2,114,26,9779,269,3
2,114,27,9780,269,3
2,115,1,9783,271,4
2,115,2,9784,271,4
2,115,3,9785,271,4
2,115,4,9786,271,4
2,115,5,9787,271,4
2,115,6,9788,271,4
2,115,7,9789,271,4
2,115,8,9790,271,4
2,115,9,9791,271,4
2,115,10,9792,271,4
2,115,11,9793,271,4
2,115,12,9794,271,4
2,115,13,9795,271,4
2,115,14,9796,271,4
2,115,15,9797,271,4
2,115,16,9798,271,4
2,115,17,9799,271,4
2,115,18,9800,271,4
2,115,19,9801,271,4
2,115,20,9802,271,4
2,115,21,9803,271,4
2,115,22,9804,271,4
2,115,23,9805,271,4
2,116,1,9810,275,8
2,116,2,9811,275,8
2,116,3,9812,275,8
2,116,4,9813,275,8
2,116,5,9814,275,8
2,116,6,9815,275,8
2,116,7,9816,275,8
2,116,8,9817,275,8
2,116,9,9818,275,8
2,116,10,9819,275,8
2,116,11,9820,275,8
2,116,12,9821,275,8
2,116,13,9822,275,8
2,116,14,9823,275,8
2,116,15,9824,275,8
2,116,16,9825,275,8
2,116,17,9826,275,8
2,116,18,9827,275,8
2,116,19,9828,275,8
2,116,20,9829,275,8
2,116,21,9830,275,8
2,116,22,9831,275,8
2,116,24,9832,275,8
2,116,25,9833,275,8
2,116,26,9834,275,8
2,116,27,9835,275,8
2,116,28,9836,275,8
2,116,29,9837,275,8
2,116,30,9838,275,8
2,116,31,9839,275,8
2,116,32,9840,275,8
2,116,33,9841,275,8
2,116,34,9842,275,8
2,116,35,9843,275,8
2,116,36,9844,275,8
2,116,37,9845,275,8
2,116,38,9846,275,8
2,116,39,9847,275,8
2,116,40,9848,275,8
2,116,41,9849,275,8
2,116,42,9850,275,8
2,116,43,9851,275,8
2,116,44,9852,275,8
2,116,45,9853,275,8
2,116,46,9854,275,8
2,116,47,9855,275,8
2,116,48,9856,275,8
2,116,49,9857,275,8
2,116,50,9858,275,8
2,116,51,9859,275,8
2,116,52,9860,275,8
2,116,53,9861,275,8
2,116,54,9862,275,8
2,116,55,9863,275,8
2,116,56,9864,275,8
2,116,57,9865,275,8
2,116,58,9866,275,8
2,116,59,9867,275,8
2,116,60,9868,275,8
2,116,61,9869,275,8
2,116,62,9870,275,8
2,116,63,9871,275,8
2,116,64,9872,275,8
2,116,65,9873,275,8
2,116,66,9874,275,8
2,116,67,9875,275,8
2,116,68,9876,275,8
2,116,69,9877,275,8
2,116,70,9878,275,8
2,116,71,9879,275,8
2,116,72,9880,275,8
2,116,73,9881,275,8
2,116,74,9882,275,8
2,116,75,9883,275,8
2,116,76,9884,275,8
2,116,77,9885,275,8
2,116,78,9886,275,8
2,116,79,9887,275,8
2,116,80,9888,275,8
2,116,81,9889,275,8
2,116,82,9890,275,8
2,116,83,9891,275,8
2,116,84,9892,275,8
2,116,85,9893,275,8
2,116,86,9894,275,8
2,116,87,9895,275,8
2,116,88,9896,275,8
2,117,1,9892,270,4
2,117,2,9893,270,4
2,117,4,9894,270,4
2,117,5,9895,270,4
2,117,6,9896,270,4
2,117,7,9897,270,4
2,117,8,9898,270,4
2,117,9,9899,270,4
2,117,10,9900,270,4
2,117,11,9901,270,4
2,117,12,9902,270,4
2,117,13,9903,270,4
2,117,14,9904,270,4
2,117,15,9905,270,4
2,117,16,9906,270,4
2,117,17,9907,270,4
2,117,18,9908,270,4
2,117,19,9909,270,4
2,117,20,9910,270,4
2,117,21,9911,270,4
2,117,22,9912,270,4
2,117,23,9913,270,4
2,117,24,9914,270,4
2,117,25,9915,270,4
2,117,26,9916,270,4
2,117,27,9917,270,4
2,117,28,9918,270,4
2,117,30,9919,270,4
2,117,31,9920,270,4
2,117,32,9921,270,4
2,117,33,9922,270,4
2,117,34,9923,270,4
2,117,36,9924,270,4
2,117,37,9925,270,4
2,117,38,9926,270,4
2,117,39,9927,270,4
2,117,40,9928,270,4
2,117,41,9929,270,4
2,117,42,9930,270,4
2,117,43,9931,270,4
2,117,44,9932,270,4
2,117,45,9933,270,4
2,117,46,9934,270,4
2,117,47,9935,270,4
2,117,48,9936,270,4
2,117,49,9937,270,4
2,117,50,9938,270,4
2,117,51,9939,270,4
2,117,52,9940,270,4
2,117,53,9941,270,4
2,117,54,9942,270,4
2,117,55,9943,270,4
2,117,56,9944,270,4
2,117,57,9945,270,4
2,117,58,9946,270,4
2,117,59,9947,270,4
2,117,60,9948,270,4
2,117,61,9949,270,4
2,117,62,9950,270,4
2,117,63,9951,270,4
2,117,64,9952,270,4
2,118,1,9953,270,4
2,118,2,9954,270,4
2,118,3,9955,270,4
2,118,4,9956,270,4
2,118,5,9957,270,4
2,118,6,9958,270,4
2,118,7,9959,270,4
2,118,8,9960,270,4
2,118,9,9961,270,4
2,118,10,9962,270,4
2,118,12,9963,270,4
2,118,13,9964,270,4
2,118,14,9965,270,4
2,118,15,9966,270,4
2,118,16,9967,270,4
2,118,17,9968,270,4
2,118,18,9969,270,4
2,118,19,9970,270,4
2,118,20,9971,270,4
2,118,21,9972,270,4
2,118,22,9973,270,4
2,118,23,9974,270,4
2,118,24,9975,270,4
2,118,25,9976,270,4
2,118,26,9977,270,4
2,118,27,9978,270,4
2,118,28,9979,270,4
2,118,29,9980,270,4
2,118,30,9981,270,4
2,118,31,9982,270,4
2,118,32,9983,270,4
2,118,33,9984,270,4
2,118,34,9985,270,4
2,118,35,9986,270,4
2,118,36,9987,270,4
2,118,37,9988,270,4
2,118,38,9989,270,4
2,118,39,9990,270,4
2,118,40,9991,270,4
2,118,41,9992,270,4
2,118,42,9993,270,4
2,118,43,9994,270,4
2,118,44,9995,270,4
2,118,45,9996,270,4
2,118,46,9997,270,4
2,118,47,9998,270,4
2,118,48,9999,270,4
2,118,49,10000,270,4
2,118,50,10001,270,4
2,118,51,10002,270,4
2,118,52,10003,270,4
2,118,53,10004,270,4
2,118,54,10005,270,4
2,118,55,10006,270,4
2,118,56,10007,270,4
2,118,57,10008,270,4
2,118,58,10009,270,4
2,118,59,10010,270,4
2,118,60,10011,270,4
2,118,61,10012,270,4
2,118,62,10013,270,4
2,118,63,10014,270,4
2,118,64,10015,270,4
2,118,65,10016,270,4
2,118,66,10017,270,4
2,118,67,10018,270,4
2,118,68,10019,270,4
2,118,69,10020,270,4
2,118,70,10021,270,4
2,118,71,10022,270,4
2,118,72,10023,270,4
2,118,73,10024,270,4
2,118,74,10025,270,4
2,118,75,10026,270,4
2,118,76,10027,270,4
2,118,77,10028,270,4
2,118,78,10029,270,4
2,118,79,10030,270,4
2,118,80,10031,270,4
2,118,81,10032,270,4
2,118,82,10033,270,4
2,118,83,10034,270,4
2,118,84,10035,270,4
2,118,85,10036,270,4
2,118,86,10037,270,4
2,118,87,10038,270,4
2,118,88,10039,270,4
2,118,89,10040,270,4
2,118,90,10041,270,4
2,118,91,10042,270,4
2,118,92,10043,270,4
2,118,93,10044,270,4
2,118,94,10045,270,4
2,118,95,10046,270,4
2,118,96,10047,270,4
2,118,97,10048,270,4
2,118,98,10049,270,4
2,119,1,10027,247,11
2,119,2,10028,247,11
2,119,3,10029,247,11
2,119,4,10030,247,11
2,119,5,10031,247,11
2,119,6,10032,247,11
2,119,7,10033,247,11
2,119,8,10034,247,11
2,119,9,10035,247,11
2,119,10,10036,247,11
2,119,11,10037,247,11
2,119,12,10038,247,11
2,119,13,10039,247,11
2,119,14,10040,247,11
2,119,15,10041,247,11
2,119,16,10042,247,11
2,119,17,10043,247,11
2,119,18,10044,247,11
2,119,19,10045,247,11
2,119,20,10046,247,11
2,119,21,10047,247,11
2,119,22,10048,247,11
2,119,23,10049,247,11
2,119,24,10050,247,11
2,119,25,10051,247,11
2,119,26,10052,247,11
2,119,27,10053,247,11
2,119,28,10054,247,11
2,119,29,10055,247,11
2,119,30,10056,247,11
2,119,31,10057,247,11
2,119,32,10058,247,11
2,119,33,10059,247,11
2,119,34,10060,247,11
2,119,35,10061,247,11
2,119,36,10062,247,11
2,119,37,10063,247,11
2,119,38,10064,247,11
2,119,39,10065,247,11
2,119,40,10066,247,11
2,119,41,10067,247,11
2,119,42,10068,247,11
2,119,43,10069,247,11
2,119,44,10070,247,11
2,119,45,10071,247,11
2,119,46,10072,247,11
2,119,48,10073,247,11
2,119,49,10074,247,11
2,119,50,10075,247,11
2,119,51,10076,247,11
2,119,52,10077,247,11
2,119,53,10078,247,11
2,119,54,10079,247,11
2,119,55,10080,247,11
2,119,56,10081,247,11
2,119,57,10082,247,11
2,119,58,10083,247,11
2,119,59,10084,247,11
2,119,60,10085,247,11
2,119,61,10086,247,11
2,119,62,10087,247,11
2,119,63,10088,247,11
2,119,64,10089,247,11
2,119,65,10090,247,11
2,119,66,10091,247,11
2,119,67,10092,247,11
2,119,68,10093,247,11
2,119,69,10094,247,11
2,119,70,10095,247,11
2,119,71,10096,247,11
2,119,72,10097,247,11
2,119,73,10098,247,11
2,119,74,10099,247,11
2,119,75,10100,247,11
2,119,76,10101,247,11
2,119,77,10102,247,11
2,119,78,10103,247,11
2,119,79,10104,247,11
2,119,80,10105,247,11
2,119,81,10106,247,11
2,119,82,10107,247,11
2,119,83,10108,247,11
2,119,84,10109,247,11
2,119,85,10110,247,11
2,119,86,10111,247,11
2,119,87,10112,247,11
2,119,88,10113,247,11
2,119,89,10114,247,11
2,119,90,10115,247,11
2,119,91,10116,247,11
2,119,92,10117,247,11
2,119,93,10118,247,11
2,119,94,10119,247,11
2,119,95,10120,247,11
2,119,96,10121,247,11
2,119,97,10122,247,11
2,119,98,10123,247,11
2,119,99,10124,247,11
2,119,100,10125,247,11
2,119,101,10126,247,11
2,119,102,10127,247,11
2,119,103,10128,247,11
2,119,104,10129,247,11
2,119,105,10130,247,11
2,119,106,10131,247,11
2,119,107,10132,247,11
2,119,108,10133,247,11
2,119,109,10134,247,11
2,119,110,10135,247,11
2,119,111,10136,247,11
2,119,112,10137,247,11
2,119,113,10138,247,11
2,119,114,10139,247,11
2,119,115,10140,247,11
2,119,116,10141,247,11
2,119,117,10142,247,11
2,119,118,10143,247,11
2,119,119,10144,247,11
2,119,120,10145,247,11
2,119,121,10146,247,11
2,119,122,10147,247,11
2,119,123,10148,247,11
2,119,124,10149,247,11
2,119,125,10150,247,11
2,119,126,10151,247,11
2,119,127,10152,247,11
2,119,128,10153,247,11
2,119,129,10154,247,11
2,119,130,10155,247,11
2,119,131,10156,247,11
2,119,132,10157,247,11
2,119,133,10158,247,11
2,119,134,10159,247,11
2,119,135,10160,247,11
2,119,136,10161,247,11
2,119,137,10162,247,11
2,119,138,10163,247,11
2,119,139,10164,247,11
2,119,140,10165,247,11
2,119,141,10166,247,11
2,119,142,10167,247,11
2,119,143,10168,247,11
2,119,144,10169,247,11
2,119,145,10170,247,11
2,119,147,10171,247,11
2,119,148,10172,247,11
2,119,149,10173,247,11
2,119,150,10174,247,11
2,119,151,10175,247,11
2,119,152,10176,247,11
2,119,153,10177,247,11
2,119,154,10178,247,11
2,119,155,10179,247,11
2,119,156,10180,247,11
2,119,157,10181,247,11
2,119,158,10182,247,11
2,119,159,10183,247,11
2,119,160,10184,247,11
2,119,161,10185,247,11
2,119,162,10186,247,11
2,119,163,10187,247,11
2,119,164,10188,247,11
2,119,165,10189,247,11
2,119,166,10190,247,11
2,119,167,10191,247,11
2,119,168,10192,247,11
2,119,169,10193,247,11
2,119,170,10194,247,11
2,119,171,10195,247,11
2,119,172,10196,247,11
2,119,173,10197,247,11
2,119,174,10198,247,11
2,119,175,10199,247,11
2,119,176,10200,247,11
2,119,177,10201,247,11
2,119,178,10202,247,11
2,119,179,10203,247,11
2,119,180,10204,247,11
2,119,181,10205,247,11
2,119,182,10206,247,11
2,119,183,10207,247,11
2,119,184,10208,247,11
2,119,185,10209,247,11
2,119,187,10210,247,11
2,119,188,10211,247,11
2,119,189,10212,247,11
2,119,190,10213,247,11
2,119,191,10214,247,11
2,119,192,10215,247,11
2,119,193,10216,247,11
2,119,194,10217,247,11
2,119,195,10218,247,11
2,119,196,10219,247,11
2,119,197,10220,247,11
2,119,198,10221,247,11
2,119,199,10222,247,11
2,119,200,10223,247,11
2,119,201,10224,247,11
2,119,202,10225,247,11
2,119,203,10226,247,11
2,120,1,10231,251,12
2,120,2,10232,251,12
2,120,3,10233,251,12
2,120,4,10234,251,12
2,120,5,10235,251,12
2,120,6,10236,251,12
2,120,7,10237,251,12
2,120,8,10238,251,12
2,120,9,10239,251,12
2,120,10,10240,251,12
2,120,11,10241,251,12
2,120,13,10242,251,12
2,120,14,10243,251,12
2,120,15,10244,251,12
2,120,16,10245,251,12
2,120,17,10246,251,12
2,120,18,10247,251,12
2,120,19,10248,251,12
2,120,20,10249,251,12
2,120,21,10250,251,12
2,120,22,10251,251,12
2,120,23,10252,251,12
2,120,24,10253,251,12
2,120,25,10254,251,12
2,120,26,10255,251,12
2,120,27,10256,251,12
2,120,28,10257,251,12
2,120,29,10258,251,12
2,120,30,10259,251,12
2,120,31,10260,251,12
2,120,32,10261,251,12
2,120,33,10262,251,12
2,120,34,10263,251,12
2,120,35,10264,251,12
2,120,36,10265,251,12
2,120,37,10266,251,12
2,120,38,10267,251,12
2,120,39,10268,251,12
2,120,40,10269,251,12
2,120,41,10270,251,12
2,120,42,10271,251,12
2,120,43,10272,251,12
2,120,44,10273,251,12
2,120,45,10274,251,12
2,120,46,10275,251,12
2,120,47,10276,251,12
2,120,48,10277,251,12
2,121,1,10283,256,8
2,121,2,10284,256,8
2,121,3,10285,256,8
2,121,4,10286,256,8
2,121,5,10287,256,8
2,121,6,10288,256,8
2,121,7,10289,256,8
2,121,8,10290,256,8
2,121,9,10291,256,8
2,121,10,10292,256,8
2,121,11,10293,256,8
2,121,12,10294,256,8
2,121,13,10295,256,8
2,121,14,10296,256,8
2,121,15,10297,256,8
2,121,16,10298,256,8
2,121,17,10299,256,8
2,121,18,10300,256,8
2,121,19,10301,256,8
2,121,20,10302,256,8
2,121,21,10303,256,8
2,121,22,10304,256,8
2,121,23,10305,256,8
2,121,24,10306,256,8
2,121,25,10307,256,8
2,121,26,10308,256,8
2,121,27,10309,256,8
2,121,28,10310,256,8
2,121,29,10311,256,8
2,121,30,10312,256,8
2,121,31,10313,256,8
2,121,32,10314,256,8
2,121,33,10315,256,8
2,121,34,10316,256,8
2,121,35,10317,256,8
2,121,36,10318,256,8
2,121,37,10319,256,8
2,121,38,10320,256,8
2,121,39,10321,256,8
2,121,40,10322,256,8
2,121,41,10323,256,8
2,121,42,10324,256,8
2,121,43,10325,256,8
2,121,44,10326,256,8
2,121,45,10327,256,8
2,121,46,10328,256,8
2,121,47,10329,256,8
2,121,48,10330,256,8
2,121,49,10331,256,8
2,121,50,10332,256,8
2,121,51,10333,256,8
2,121,52,10334,256,8
2,121,53,10335,256,8
2,121,54,10336,256,8
2,121,55,10337,256,8
2,121,56,10338,256,8
2,121,57,10339,256,8
2,121,58,10340,256,8
2,121,59,10341,256,8
2,121,60,10342,256,8
2,121,61,10343,256,8
2,121,62,10344,256,8
2,121,63,10345,256,8
2,121,64,10346,256,8
2,121,65,10347,256,8
2,121,66,10348,256,8
2,121,67,10349,256,8
2,121,68,10350,256,8
2,121,69,10351,256,8
2,121,70,10352,256,8
2,121,71,10353,256,8
2,121,72,10354,256,8
2,121,73,10355,256,8
2,121,74,10356,256,8
2,121,75,10357,256,8
2,121,76,10358,256,8
2,121,77,10359,256,8
2,121,78,10360,256,8
2,121,79,10361,256,8
2,121,80,10362,256,8
2,121,81,10363,256,8
2,121,82,10364,256,8
2,121,83,10365,256,8
2,121,84,10366,256,8
2,121,85,10367,256,8
2,121,86,10368,256,8
2,121,87,10369,256,8
2,121,88,10370,256,8
2,121,89,10371,256,8
2,121,90,10372,256,8
2,121,91,10373,256,8
2,121,92,10374,256,8
2,121,93,10375,256,8
2,121,94,10376,256,8
2,121,95,10377,256,8
2,121,96,10378,256,8
2,121,97,10379,256,8
2,121,98,10380,256,8
2,121,100,10381,256,8
2,121,101,10382,256,8
2,121,102,10383,256,8
2,121,103,10384,256,8
2,121,104,10385,256,8
2,121,105,10386,256,8
2,121,106,10387,256,8
2,121,107,10388,256,8
2,121,108,10389,256,8
2,121,109,10390,256,8
2,121,110,10391,256,8
2,121,111,10392,256,8
2,121,112,10393,256,8
2,121,113,10394,256,8
2,121,114,10395,256,8
2,121,115,10396,256,8
2,121,116,10397,256,8
2,121,117,10398,256,8
2,121,118,10399,256,8
2,121,119,10400,256,8
2,121,120,10401,256,8
2,121,121,10402,256,8
2,121,122,10403,256,8
2,121,123,10404,256,8
2,121,124,10405,256,8
2,121,125,10406,256,8
2,121,126,10407,256,8
2,121,127,10408,256,8
2,121,128,10409,256,8
2,121,129,10410,256,8
2,121,130,10411,256,8
2,121,131,10412,256,8
2,121,132,10413,256,8
2,121,133,10414,256,8
2,121,134,10415,256,8
2,121,135,10416,256,8
2,121,136,10417,256,8
2,121,137,10418,256,8
2,121,138,10419,256,8
2,121,139,10420,256,8
2,121,140,10421,256,8
2,121,141,10422,256,8
2,121,142,10423,256,8
2,121,143,10424,256,8
2,121,144,10425,256,8
2,121,145,10426,256,8
2,122,1,10437,266,3
2,122,2,10438,266,3
2,122,3,10439,266,3
2,122,4,10440,266,3
2,122,5,10441,266,3
2,122,6,10442,266,3
2,122,7,10443,266,3
2,122,8,10444,266,3
2,122,9,10445,266,3
2,122,10,10446,266,3
2,122,11,10447,266,3
2,122,12,10448,266,3
2,122,13,10449,266,3
2,122,14,10450,266,3
2,122,15,10451,266,3
2,122,16,10452,266,3
2,122,17,10453,266,3
2,122,18,10454,266,3
2,122,19,10455,266,3
2,122,20,10456,266,3
2,122,21,10457,266,3
2,122,22,10458,266,3
2,122,23,10459,266,3
2,122,24,10460,266,3
2,122,25,10461,266,3
2,122,27,10462,266,3
2,122,28,10463,266,3
2,122,29,10464,266,3
2,122,30,10465,266,3
2,122,31,10466,266,3
2,122,32,10467,266,3
2,122,33,10468,266,3
2,122,34,10469,266,3
2,122,35,10470,266,3
2,122,36,10471,266,3
2,122,37,10472,266,3
2,122,38,10473,266,3
2,122,39,10474,266,3
2,122,40,10475,266,3
2,122,41,10476,266,3
2,122,42,10477,266,3
2,122,43,10478,266,3
2,122,44,10479,266,3
2,122,45,10480,266,3
2,122,46,10481,266,3
2,122,47,10482,266,3
2,122,48,10483,266,3
2,122,49,10484,266,3
2,122,50,10485,266,3
2,122,51,10486,266,3
2,122,52,10487,266,3
2,122,53,10488,266,3
2,122,54,10489,266,3
2,122,55,10490,266,3
2,122,56,10491,266,3
2,122,57,10492,266,3
2,122,58,10493,266,3
2,122,59,10494,266,3
2,122,60,10495,266,3
2,122,61,10496,266,3
2,122,62,10497,266,3
2,122,63,10498,266,3
2,122,64,10499,266,3
2,122,65,10500,266,3
2,122,66,10501,266,3
2,122,67,10502,266,3
2,122,68,10503,266,3
2,122,69,10504,266,3
2,122,70,10505,266,3
2,122,71,10506,266,3
2,122,72,10507,266,3
2,122,73,10508,266,3
2,122,74,10509,266,3
2,122,75,10510,266,3
2,122,76,10511,266,3
2,122,77,10512,266,3
2,122,78,10513,266,3
2,122,79,10514,266,3
2,122,80,10515,266,3
2,122,81,10516,266,3
2,122,82,10517,266,3
2,122,83,10518,266,3
2,122,84,10519,266,3
2,122,85,10520,266,3
2,122,86,10521,266,3
2,122,87,10522,266,3
2,122,88,10523,266,3
2,122,89,10524,266,3
2,122,90,10525,266,3
2,122,91,10526,266,3
2,122,92,10527,266,3
2,122,93,10528,266,3
2,123,1,10534,271,15
2,123,2,10535,271,15
2,123,3,10536,271,15
2,123,4,10537,271,15
2,123,5,10538,271,15
2,123,6,10539,271,15
2,123,7,10540,271,15
2,123,8,10541,271,15
2,123,9,10542,271,15
2,123,10,10543,271,15
2,123,11,10544,271,15
2,123,12,10545,271,15
2,123,13,10546,271,15
2,123,14,10547,271,15
2,123,15,10548,271,15
2,123,16,10549,271,15
2,123,17,10550,271,15
2,123,18,10551,271,15
2,123,19,10552,271,15
2,123,20,10553,271,15
2,123,21,10554,271,15
2,123,22,10555,271,15
2,123,23,10556,271,15
2,123,24,10557,271,15
2,123,25,10558,271,15
2,123,26,10559,271,15
2,123,27,10560,271,15
2,123,28,10561,271,15
2,123,29,10562,271,15
2,123,30,10563,271,15
2,123,31,10564,271,15
2,123,32,10565,271,15
2,123,33,10566,271,15
2,123,34,10567,271,15
2,123,35,10568,271,15
2,123,36,10569,271,15
2,123,37,10570,271,15
2,123,38,10571,271,15
2,123,39,10572,271,15
2,124,1,10574,272,4
2,124,2,10575,272,4
2,124,3,10576,272,4
2,124,4,10577,272,4
2,124,5,10578,272,4
2,124,6,10579,272,4
2,124,7,10580,272,4
2,124,8,10581,272,4
2,124,9,10582,272,4
2,124,10,10583,272,4
2,124,11,10584,272,4
2,124,12,10585,272,4
2,124,13,10586,272,4
2,124,14,10587,272,4
2,124,15,10588,272,4
2,124,16,10589,272,4
2,124,17,10590,272,4
2,124,18,10591,272,4
2,124,19,10592,272,4
2,124,20,10593,272,4
2,124,21,10594,272,4
2,124,22,10595,272,4
2,124,23,10596,272,4
2,124,24,10597,272,4
2,124,25,10598,272,4
2,124,26,10599,272,4
2,124,27,10600,272,4
2,124,28,10601,272,4
2,124,29,10602,272,4
2,124,30,10603,272,4
2,124,31,10604,272,4
2,124,32,10605,272,4
2,124,33,10606,272,4
2,124,34,10607,272,4
2,124,35,10608,272,4
2,124,36,10609,272,4
2,124,37,10610,272,4
2,124,38,10611,272,4
2,124,39,10612,272,4
2,124,40,10613,272,4
2,124,41,10614,272,4
2,124,42,10615,272,4
2,124,43,10616,272,4
2,124,44,10617,272,4
2,124,45,10618,272,4
2,124,46,10619,272,4
2,124,47,10620,272,4
2,124,48,10621,272,4
2,124,49,10622,272,4
2,124,50,10623,272,4
2,124,51,10624,272,4
2,124,52,10625,272,4
2,124,53,10626,272,4
2,124,54,10627,272,4
2,124,55,10628,272,4
2,124,56,10629,272,4
2,125,1,10631,273,7
2,125,2,10632,273,7
2,125,3,10633,273,7
2,125,4,10634,273,7
2,125,5,10635,273,7
2,125,6,10636,273,7
2,125,7,10637,273,7
2,125,8,10638,273,7
2,125,9,10639,273,7
2,125,10,10640,273,7
2,125,11,10641,273,7
2,125,12,10642,273,7
2,125,13,10643,273,7
2,125,14,10644,273,7
2,125,15,10645,273,7
2,125,16,10646,273,7
2,125,17,10647,273,7
2,125,18,10648,273,7
2,125,19,10649,273,7
2,125,20,10650,273,7
2,125,21,10651,273,7
2,125,22,10652,273,7
2,125,23,10653,273,7
2,125,24,10654,273,7
2,125,25,10655,273,7
2,125,26,10656,273,7
2,125,27,10657,273,7
2,125,28,10658,273,7
2,125,29,10659,273,7
2,125,30,10660,273,7
2,125,31,10661,273,7
2,125,32,10662,273,7
2,125,33,10663,273,7
2,125,34,10664,273,7
2,125,35,10665,273,7
2,125,36,10666,273,7
2,125,37,10667,273,7
2,125,38,10668,273,7
2,125,39,10669,273,7
2,125,40,10670,273,7
2,125,41,10671,273,7
2,125,42,10672,273,7
2,125,43,10673,273,7
2,125,44,10674,273,7
2,125,45,10675,273,7
2,125,46,10676,273,7
2,125,47,10677,273,7
2,125,48,10678,273,7
2,125,49,10679,273,7
2,125,50,10680,273,7
2,125,51,10681,273,7
2,125,52,10682,273,7
2,125,53,10683,273,7
2,125,54,10684,273,7
2,125,55,10685,273,7
2,125,56,10686,273,7
2,125,57,10687,273,7
2,125,58,10688,273,7
2,125,59,10689,273,7
2,125,60,10690,273,7
2,125,61,10691,273,7
2,125,62,10692,273,7
2,125,63,10693,273,7
2,126,1,10699,278,4
2,126,2,10700,278,4
2,126,3,10701,278,4
2,126,4,10702,278,4
2,126,5,10703,278,4
2,126,6,10704,278,4
2,126,7,10705,278,4
2,126,8,10706,278,4
2,126,9,10707,278,4
2,126,10,10708,278,4
2,126,11,10709,278,4
2,126,12,10710,278,4
2,126,13,10711,278,4
2,126,14,10712,278,4
2,126,15,10713,278,4
2,126,16,10714,278,4
2,126,17,10715,278,4
2,126,18,10716,278,4
2,126,19,10717,278,4
2,126,20,10718,278,4
2,126,21,10719,278,4
2,126,22,10720,278,4
2,126,23,10721,278,4
2,126,24,10722,278,4
2,126,25,10723,278,4
2,126,26,10724,278,4
2,126,27,10725,278,4
2,126,28,10726,278,4
2,126,29,10727,278,4
2,126,30,10728,278,4
2,126,31,10729,278,4
2,126,32,10730,278,4
2,126,33,10731,278,4
2,126,34,10732,278,4
2,126,35,10733,278,4
2,126,36,10734,278,4
2,126,37,10735,278,4
2,126,38,10736,278,4
2,126,39,10737,278,4
2,126,40,10738,278,4
2,126,41,10739,278,4
2,126,42,10740,278,4
2,126,43,10741,278,4
2,126,44,10742,278,4
2,126,45,10743,278,4
2,126,46,10744,278,4
2,126,47,10745,278,4
2,126,48,10746,278,4
2,126,49,10747,278,4
2,126,50,10748,278,4
2,126,51,10749,278,4
2,126,52,10750,278,4
2,126,53,10751,278,4
2,126,54,10752,278,4
2,126,55,10753,278,4
2,126,56,10754,278,4
2,126,57,10755,278,4
2,126,58,10756,278,4
2,126,59,10757,278,4
2,126,60,10758,278,4
2,126,61,10759,278,4
2,126,62,10760,278,4
2,126,63,10761,278,4
2,126,64,10762,278,4
2,126,65,10763,278,4
2,126,66,10764,278,4
2,126,67,10765,278,4
2,126,68,10766,278,4
2,126,69,10767,278,4
2,126,70,10768,278,4
2,126,71,10769,278,4
2,126,72,10770,278,4
2,126,73,10771,278,4
2,126,74,10772,278,4
2,126,75,10773,278,4
2,126,76,10774,278,4
2,126,77,10775,278,4
2,126,78,10776,278,4
2,126,79,10777,278,4
2,126,80,10778,278,4
2,126,81,10779,278,4
2,126,82,10780,278,4
2,126,83,10781,278,4
2,126,84,10782,278,4
2,126,85,10783,278,4
2,126,86,10784,278,4
2,126,87,10785,278,4
2,126,88,10786,278,4
2,126,89,10787,278,4
2,126,90,10788,278,4
2,126,91,10789,278,4
2,126,92,10790,278,4
2,126,93,10791,278,4
2,126,94,10792,278,4
2,126,95,10793,278,4
2,126,96,10794,278,4
2,126,97,10795,278,4
2,126,98,10796,278,4
2,126,99,10797,278,4
2,126,100,10798,278,4
2,126,101,10799,278,4
2,126,102,10800,278,4
2,126,103,10801,278,4
2,126,104,10802,278,4
2,126,105,10803,278,4
2,126,106,10804,278,4
2,126,107,10805,278,4
2,126,108,10806,278,4
2,126,109,10807,278,4
2,126,110,10808,278,4
2,126,111,10809,278,4
2,126,112,10810,278,4
2,126,113,10811,278,4
2,126,114,10812,278,4
2,126,115,10813,278,4
2,126,116,10814,278,4
2,126,117,10815,278,4
2,126,118,10816,278,4
2,126,119,10817,278,4
2,126,120,10818,278,4
2,126,121,10819,278,4
2,126,122,10820,278,4
2,126,123,10821,278,4
2,126,124,10822,278,4
2,126,125,10823,278,4
2,126,126,10824,278,4
2,126,127,10825,278,4
2,126,128,10826,278,4
2,126,129,10827,278,4
2,126,130,10828,278,4
2,126,131,10829,278,4
2,126,132,10830,278,4
2,126,133,10831,278,4
2,126,134,10832,278,4
2,126,135,10833,278,4
2,126,136,10834,278,4
2,126,137,10835,278,4
2,126,138,10836,278,4
2,126,139,10837,278,4
2,126,140,10838,278,4
2,126,141,10839,278,4
2,126,142,10840,278,4
2,126,143,10841,278,4
2,126,144,10842,278,4
2,126,145,10843,278,4
2,126,146,10844,278,4
2,126,147,10845,278,4
2,126,148,10846,278,4
2,126,149,10847,278,4
2,126,150,10848,278,4
2,126,151,10849,278,4
2,126,152,10850,278,4
2,126,153,10851,278,4
2,126,154,10852,278,4
2,126,155,10853,278,4
2,126,156,10854,278,4
2,126,157,10855,278,4
2,126,158,10856,278,4
2,126,159,10857,278,4
2,126,160,10858,278,4
2,126,161,10859,278,4
2,126,162,10860,278,4
2,126,163,10861,278,4
2,126,164,10862,278,4
2,127,1,10867,282,16
2,127,2,10868,282,16
2,127,3,10869,282,16
2,127,4,10870,282,16
2,127,5,10871,282,16
2,127,6,10872,282,16
2,127,7,10873,282,16
2,127,8,10874,282,16
2,127,9,10875,282,16
2,127,10,10876,282,16
2,127,11,10877,282,16
2,127,12,10878,282,16
2,127,13,10879,282,16
2,127,14,10880,282,16
2,127,15,10881,282,16
2,127,16,10882,282,16
2,127,17,10883,282,16
2,127,18,10884,282,16
2,127,19,10885,282,16
2,127,20,10886,282,16
2,127,21,10887,282,16
2,127,22,10888,282,16
2,127,23,10889,282,16
2,127,24,10890,282,16
2,127,25,10891,282,16
2,127,26,10892,282,16
2,127,27,10893,282,16
2,127,28,10894,282,16
2,127,29,10895,282,16
2,127,30,10896,282,16
2,127,31,10897,282,16
2,127,32,10898,282,16
2,127,33,10899,282,16
2,127,34,10900,282,16
2,127,35,10901,282,16
2,127,36,10902,282,16
2,127,37,10903,282,16
2,127,38,10904,282,16
2,127,39,10905,282,16
2,127,40,10906,282,16
2,127,41,10907,282,16
2,127,42,10908,282,16
2,127,43,10909,282,16
2,127,44,10910,282,16
2,127,45,10911,282,16
2,127,46,10912,282,16
2,127,47,10913,282,16
2,127,48,10914,282,16
2,127,49,10915,282,16
2,127,50,10916,282,16
2,127,51,10917,282,16
2,127,52,10918,282,16
2,127,53,10919,282,16
2,127,54,10920,282,16
2,127,55,10921,282,16
2,127,56,10922,282,16
2,127,57,10923,282,16
2,127,58,10924,282,16
2,127,59,10925,282,16
2,127,60,10926,282,16
2,127,61,10927,282,16
2,127,62,10928,282,16
2,127,63,10929,282,16
2,127,64,10930,282,16
2,127,65,10931,282,16
2,127,66,10932,282,16
2,127,67,10933,282,16
2,127,68,10934,282,16
2,127,69,10935,282,16
2,127,70,10936,282,16
2,127,71,10937,282,16
2,127,72,10938,282,16
2,127,73,10939,282,16
2,127,74,10940,282,16
2,127,75,10941,282,16
2,127,76,10942,282,16
2,127,77,10943,282,16
2,127,78,10944,282,16
2,127,79,10945,282,16
2,127,80,10946,282,16
2,127,81,10947,282,16
2,127,82,10948,282,16
2,127,83,10949,282,16
2,127,84,10950,282,16
2,127,85,10951,282,16
2,127,86,10952,282,16
2,127,87,10953,282,16
2,127,88,10954,282,16
2,127,89,10955,282,16
2,127,90,10956,282,16
2,127,91,10957,282,16
2,127,92,10958,282,16
2,127,93,10959,282,16
2,127,94,10960,282,16
2,127,95,10961,282,16
2,127,96,10962,282,16
2,127,97,10963,282,16
2,127,99,10964,282,16
2,127,101,10965,282,16
2,127,102,10966,282,16
2,127,103,10967,282,16
2,127,104,10968,282,16
2,127,105,10969,282,16
2,127,106,10970,282,16
2,127,107,10971,282,16
2,127,108,10972,282,16
2,127,109,10973,282,16
2,127,110,10974,282,16
2,127,111,10975,282,16
2,127,112,10976,282,16
2,127,113,10977,282,16
2,127,114,10978,282,16
2,127,115,10979,282,16
2,127,116,10980,282,16
2,127,117,10981,282,16
2,127,118,10982,282,16
2,127,119,10983,282,16
2,127,120,10984,282,16
2,127,121,10985,282,16
2,127,122,10986,282,16
2,127,123,10987,282,16
2,127,124,10988,282,16
2,127,125,10989,282,16
2,127,126,10990,282,16
2,127,127,10991,282,16
2,127,128,10992,282,16
2,127,129,10993,282,16
2,127,130,10994,282,16
2,127,131,10995,282,16
2,127,132,10996,282,16
2,127,133,10997,282,16
2,127,134,10998,282,16
2,127,135,10999,282,16
2,127,136,11000,282,16
2,127,137,11001,282,16
2,127,138,11002,282,16
2,127,139,11003,282,16
2,127,140,11004,282,16
2,127,141,11005,282,16
2,127,142,11006,282,16
2,127,143,11007,282,16
2,127,144,11008,282,16
2,127,145,11009,282,16
2,127,146,11010,282,16
2,127,147,11011,282,16
2,127,148,11012,282,16
2,128,1,11022,291,1
2,128,2,11023,291,1
2,128,3,11024,291,1
2,128,4,11025,291,1
2,128,5,11026,291,1
2,128,6,11027,291,1
2,128,7,11028,291,1
2,128,8,11029,291,1
2,128,9,11030,291,1
2,128,10,11031,291,1
2,128,11,11032,291,1
2,128,12,11033,291,1
2,128,13,11034,291,1
2,128,14,11035,291,1
2,128,15,11036,291,1
2,128,16,11037,291,1
2,128,17,11038,291,1
2,128,18,11039,291,1
2,128,19,11040,291,1
2,128,20,11041,291,1
2,128,21,11042,291,1
2,128,22,11043,291,1
2,128,23,11044,291,1
2,128,24,11045,291,1
2,128,25,11046,291,1
2,128,26,11047,291,1
2,128,27,11048,291,1
2,128,28,11049,291,1
2,128,29,11050,291,1
2,128,30,11051,291,1
2,128,31,11052,291,1
2,128,32,11053,291,1
2,128,33,11054,291,1
2,128,34,11055,291,1
2,128,35,11056,291,1
2,128,36,11057,291,1
2,128,37,11058,291,1
2,128,39,11059,291,1
2,128,40,11060,291,1
2,128,41,11061,291,1
3,1,1,11063,292,4
3,1,2,11064,292,4
3,1,3,11065,292,4
3,1,4,11066,292,4
3,1,5,11067,292,4
3,1,6,11068,292,4
3,1,7,11069,292,4
3,1,8,11070,292,4
3,1,9,11071,292,4
3,1,10,11072,292,4
3,1,11,11073,292,4
3,1,12,11074,292,4
3,1,13,11075,292,4
3,1,14,11076,292,4
3,1,15,11077,292,4
3,1,16,11078,292,4
3,1,17,11079,292,4
3,1,18,11080,292,4
3,2,1,11083,294,10
3,2,2,11084,294,10
3,2,3,11085,294,10
3,2,4,11086,294,10
3,2,5,11087,294,10
3,2,6,11088,294,10
3,2,7,11089,294,10
3,2,8,11090,294,10
3,2,9,11091,294,10
3,2,10,11092,294,10
3,2,11,11093,294,10
3,2,12,11094,294,10
3,2,13,11095,294,10
3,2,14,11096,294,10
3,2,15,11097,294,10
3,2,16,11098,294,10
3,2,18,11099,294,10
3,2,19,11100,294,10
3,2,20,11101,294,10
3,2,21,11102,294,10
3,2,22,11103,294,10
3,2,23,11104,294,10
3,2,24,11105,294,10
3,2,25,11106,294,10
3,2,26,11107,294,10
3,2,27,11108,294,10
3,2,28,11109,294,10
3,2,29,11110,294,10
3,2,30,11111,294,10
3,2,31,11112,294,10
3,2,32,11113,294,10
3,2,33,11114,294,10
3,2,34,11115,294,10
3,2,35,11116,294,10
3,2,36,11117,294,10
3,2,37,11118,294,10
3,2,38,11119,294,10
3,2,39,11120,294,10
3,2,40,11121,294,10
3,2,41,11122,294,10
3,2,42,11123,294,10
3,2,43,11124,294,10
3,2,44,11125,294,10
3,2,45,11126,294,10
3,3,1,11128,295,15
3,3,2,11129,295,15
3,3,3,11130,295,15
3,3,4,11131,295,15
3,3,5,11132,295,15
3,3,6,11133,295,15
3,3,7,11134,295,15
3,3,8,11135,295,15
3,3,9,11136,295,15
3,3,10,11137,295,15
3,3,11,11138,295,15
3,3,12,11139,295,15
3,3,13,11140,295,15
3,3,14,11141,295,15
3,3,15,11142,295,15
3,3,16,11143,295,15
3,3,17,11144,295,15
3,3,18,11145,295,15
3,3,19,11146,295,15
3,3,20,11147,295,15
3,3,21,11148,295,15
3,3,22,11149,295,15
3,3,23,11150,295,15
3,3,24,11151,295,15
3,3,25,11152,295,15
3,3,26,11153,295,15
3,3,27,11154,295,15
3,3,28,11155,295,15
3,3,29,11156,295,15
3,3,30,11157,295,15
3,3,31,11158,295,15
3,3,32,11159,295,15
3,3,33,11160,295,15
3,3,34,11161,295,15
3,3,35,11162,295,15
3,3,36,11163,295,15
3,3,37,11164,295,15
3,3,38,11165,295,15
3,3,39,11166,295,15
3,3,40,11167,295,15
3,3,41,11168,295,15
3,3,42,11169,295,15
3,3,43,11170,295,15
3,4,1,11171,295,11
3,4,2,11172,295,11
3,4,3,11173,295,11
3,4,4,11174,295,11
3,4,5,11175,295,11
3,4,6,11176,295,11
3,4,7,11177,295,11
3,4,8,11178,295,11
3,4,9,11179,295,11
3,4,10,11180,295,11
3,4,11,11181,295,11
3,4,12,11182,295,11
3,4,13,11183,295,11
3,4,14,11184,295,11
3,4,15,11185,295,11
3,4,16,11186,295,11
3,4,17,11187,295,11
3,4,18,11188,295,11
3,4,19,11189,295,11
3,4,20,11190,295,11
3,4,21,11191,295,11
3,4,22,11192,295,11
3,4,23,11193,295,11
3,4,24,11194,295,11
3,4,25,11195,295,11
3,4,26,11196,295,11
3,4,27,11197,295,11
3,4,28,11198,295,11
3,4,29,11199,295,11
3,4,30,11200,295,11
3,4,31,11201,295,11
3,4,32,11202,295,11
3,4,33,11203,295,11
3,4,34,11204,295,11
3,4,35,11205,295,11
3,4,36,11206,295,11
3,4,37,11207,295,11
3,4,38,11208,295,11
3,4,39,11209,295,11
3,4,40,11210,295,11
3,4,41,11211,295,11
3,4,42,11212,295,11
3,4,43,11213,295,11
3,4,44,11214,295,11
3,4,45,11215,295,11
3,4,46,11216,295,11
3,4,47,11217,295,11
3,4,48,11218,295,11
3,4,49,11219,295,11
3,4,50,11220,295,11
3,4,51,11221,295,11
3,4,52,11222,295,11
3,4,53,11223,295,11
3,5,1,11225,296,12
3,5,2,11226,296,12
3,5,3,11227,296,12
3,5,4,11228,296,12
3,5,5,11229,296,12
3,5,6,11230,296,12
3,5,7,11231,296,12
3,5,8,11232,296,12
3,5,9,11233,296,12
3,5,10,11234,296,12
3,5,11,11235,296,12
3,5,12,11236,296,12
3,5,13,11237,296,12
3,5,14,11238,296,12
3,5,15,11239,296,12
3,5,16,11240,296,12
3,5,17,11241,296,12
3,5,18,11242,296,12
3,5,19,11243,296,12
3,5,20,11244,296,12
3,5,21,11245,296,12
3,5,22,11246,296,12
3,5,23,11247,296,12
3,5,24,11248,296,12
3,5,25,11249,296,12
3,5,26,11250,296,12
3,5,27,11251,296,12
3,5,28,11252,296,12
3,5,29,11253,296,12
3,5,30,11254,296,12
3,5,31,11255,296,12
3,5,32,11256,296,12
3,5,33,11257,296,12
3,5,34,11258,296,12
3,5,35,11259,296,12
3,5,36,11260,296,12
3,5,37,11261,296,12
3,5,38,11262,296,12
3,5,39,11263,296,12
3,5,40,11264,296,12
3,6,1,11265,296,1
3,6,2,11266,296,1
3,6,3,11267,296,1
3,6,4,11268,296,1
3,6,5,11269,296,1
3,6,6,11270,296,1
3,6,7,11271,296,1
3,6,8,11272,296,1
3,6,9,11273,296,1
3,6,10,11274,296,1
3,6,11,11275,296,1
3,6,12,11276,296,1
3,6,13,11277,296,1
3,7,1,11279,297,4
3,7,2,11280,297,4
3,7,3,11281,297,4
3,7,4,11282,297,4
3,7,5,11283,297,4
3,7,6,11284,297,4
3,7,7,11285,297,4
3,7,8,11286,297,4
3,7,9,11287,297,4
3,7,10,11288,297,4
3,7,11,11289,297,4
3,7,12,11290,297,4
3,7,13,11291,297,4
3,7,14,11292,297,4
3,7,15,11293,297,4
3,7,16,11294,297,4
3,7,17,11295,297,4
3,7,18,11296,297,4
3,7,19,11297,297,4
3,7,20,11298,297,4
3,7,21,11299,297,4
3,7,22,11300,297,4
3,7,23,11301,297,4
3,7,24,11302,297,4
3,7,25,11303,297,4
3,7,31,11304,297,4
3,7,62,11305,297,4
3,8,1,11304,295,2
3,8,2,11305,295,2
3,8,3,11306,295,2
3,8,4,11307,295,2
3,8,5,11308,295,2
3,8,6,11309,295,2
3,8,7,11310,295,2
3,8,8,11311,295,2
3,8,9,11312,295,2
3,8,10,11313,295,2
3,8,11,11314,295,2
3,8,12,11315,295,2
3,8,13,11316,295,2
3,8,14,11317,295,2
3,8,16,11318,295,2
3,8,17,11319,295,2
3,8,18,11320,295,2
3,8,19,11321,295,2
3,8,20,11322,295,2
3,8,21,11323,295,2
3,8,22,11324,295,2
3,8,23,11325,295,2
3,8,24,11326,295,2
3,8,25,11327,295,2
3,8,26,11328,295,2
3,8,76,11329,295,2
3,9,1,11330,295,2
3,9,2,11331,295,2
3,9,3,11332,295,2
3,9,4,11333,295,2
3,9,5,11334,295,2
3,9,6,11335,295,2
3,9,7,11336,295,2
3,9,8,11337,295,2
3,9,9,11338,295,2
3,9,10,11339,295,2
3,9,11,11340,295,2
3,9,12,11341,295,2
3,9,13,11342,295,2
3,9,14,11343,295,2
3,9,15,11344,295,2
3,9,16,11345,295,2
3,9,17,11346,295,2
3,9,18,11347,295,2
3,9,19,11348,295,2
3,9,20,11349,295,2
3,9,21,11350,295,2
3,9,22,11351,295,2
3,9,23,11352,295,2
3,10,1,11355,297,4
3,10,2,11356,297,4
3,10,3,11357,297,4
3,10,4,11358,297,4
3,10,5,11359,297,4
3,10,6,11360,297,4
3,10,7,11361,297,4
3,10,8,11362,297,4
3,10,9,11363,297,4
3,10,10,11364,297,4
3,10,11,11365,297,4
3,10,12,11366,297,4
3,10,13,11367,297,4
3,10,14,11368,297,4
3,10,15,11369,297,4
3,10,16,11370,297,4
3,10,17,11371,297,4
3,10,18,11372,297,4
3,10,19,11373,297,4
3,10,20,11374,297,4
3,10,21,11375,297,4
3,10,22,11376,297,4
3,10,23,11377,297,4
3,10,24,11378,297,4
3,10,25,11379,297,4
3,10,26,11380,297,4
3,10,27,11381,297,4
3,10,28,11382,297,4
3,10,29,11383,297,4
3,10,30,11384,297,4
3,10,31,11385,297,4
3,10,32,11386,297,4
3,10,33,11387,297,4
3,10,34,11388,297,4
3,10,35,11389,297,4
3,10,36,11390,297,4
3,10,37,11391,297,4
3,10,38,11392,297,4
3,10,39,11393,297,4
3,10,40,11394,297,4
3,10,41,11395,297,4
3,10,42,11396,297,4
3,10,43,11397,297,4
3,10,44,11398,297,4
3,10,45,11399,297,4
3,10,46,11400,297,4
3,10,47,11401,297,4
3,10,48,11402,297,4
3,10,49,11403,297,4
3,10,50,11404,297,4
3,10,51,11405,297,4
3,10,52,11406,297,4
3,10,53,11407,297,4
3,10,54,11408,297,4
3,10,55,11409,297,4
3,10,56,11410,297,4
3,10,57,11411,297,4
3,10,58,11412,297,4
3,10,59,11413,297,4
3,10,60,11414,297,4
3,10,61,11415,297,4
3,10,62,11416,297,4
3,10,63,11417,297,4
3,10,64,11418,297,4
3,10,65,11419,297,4
3,10,66,11420,297,4
3,10,67,11421,297,4
3,10,68,11422,297,4
3,10,69,11423,297,4
3,11,1,11425,298,34
3,11,2,11426,298,34
3,11,3,11427,298,34
3,11,4,11428,298,34
3,11,5,11429,298,34
3,11,6,11430,298,34
3,11,7,11431,298,34
3,11,8,11432,298,34
3,11,9,11433,298,34
3,11,10,11434,298,34
3,11,11,11435,298,34
3,11,12,11436,298,34
3,11,13,11437,298,34
3,11,14,11438,298,34
3,11,15,11439,298,34
3,11,16,11440,298,34
3,11,17,11441,298,34
3,11,70,11442,298,34
3,12,1,11444,299,6
3,12,2,11445,299,6
3,12,3,11446,299,6
3,12,4,11447,299,6
3,12,5,11448,299,6
3,12,6,11449,299,6
3,12,7,11450,299,6
3,12,8,11451,299,6
3,12,9,11452,299,6
3,12,10,11453,299,6
3,12,11,11454,299,6
3,12,12,11455,299,6
3,12,13,11456,299,6
3,12,14,11457,299,6
3,12,15,11458,299,6
3,12,16,11459,299,6
3,12,17,11460,299,6
3,12,18,11461,299,6
3,13,1,11462,299,5
3,13,2,11463,299,5
3,13,3,11464,299,5
3,13,4,11465,299,5
3,13,5,11466,299,5
3,13,6,11467,299,5
3,13,7,11468,299,5
3,13,8,11469,299,5
3,13,9,11470,299,5
3,13,10,11471,299,5
3,13,11,11472,299,5
3,13,12,11473,299,5
3,13,13,11474,299,5
3,13,14,11475,299,5
3,13,15,11476,299,5
3,13,16,11477,299,5
3,13,17,11478,299,5
3,13,18,11479,299,5
3,13,19,11480,299,5
3,13,20,11481,299,5
3,13,21,11482,299,5
3,13,22,11483,299,5
3,13,23,11484,299,5
3,13,24,11485,299,5
3,13,26,11486,299,5
3,13,27,11487,299,5
3,13,28,11488,299,5
3,13,29,11489,299,5
3,14,1,11492,301,12
3,14,2,11493,301,12
3,14,3,11494,301,12
3,14,4,11495,301,12
3,14,5,11496,301,12
3,14,6,11497,301,12
3,14,7,11498,301,12
3,14,8,11499,301,12
3,14,9,11500,301,12
3,14,10,11501,301,12
3,14,11,11502,301,12
3,14,12,11503,301,12
3,14,13,11504,301,12
3,14,14,11505,301,12
3,14,15,11506,301,12
3,14,16,11507,301,12
3,14,17,11508,301,12
3,14,18,11509,301,12
3,14,19,11510,301,12
3,14,20,11511,301,12
3,14,21,11512,301,12
3,14,22,11513,301,12
3,14,23,11514,301,12
3,14,24,11515,301,12
3,14,25,11516,301,12
3,14,26,11517,301,12
3,14,27,11518,301,12
3,14,28,11519,301,12
3,14,29,11520,301,12
3,14,30,11521,301,12
3,14,31,11522,301,12
3,14,32,11523,301,12
3,14,33,11524,301,12
3,14,34,11525,301,12
3,14,35,11526,301,12
3,14,36,11527,301,12
3,14,37,11528,301,12
3,14,38,11529,301,12
3,14,39,11530,301,12
3,14,40,11531,301,12
3,14,41,11532,301,12
3,14,42,11533,301,12
3,14,43,11534,301,12
3,14,44,11535,301,12
3,14,45,11536,301,12
3,14,46,11537,301,12
3,14,47,11538,301,12
3,14,48,11539,301,12
3,14,49,11540,301,12
3,14,50,11541,301,12
3,14,51,11542,301,12
3,14,52,11543,301,12
3,14,53,11544,301,12
3,14,54,11545,301,12
3,14,55,11546,301,12
3,14,56,11547,301,12
3,14,57,11548,301,12
3,14,58,11549,301,12
3,14,59,11550,301,12
3,14,60,11551,301,12
3,14,61,11552,301,12
3,14,62,11553,301,12
3,14,63,11554,301,12
3,14,64,11555,301,12
3,14,65,11556,301,12
3,14,66,11557,301,12
3,14,67,11558,301,12
3,15,1,11562,304,5
3,15,2,11563,304,5
3,15,3,11564,304,5
3,15,4,11565,304,5
3,15,5,11566,304,5
3,15,6,11567,304,5
3,15,7,11568,304,5
3,15,8,11569,304,5
3,15,9,11570,304,5
3,15,10,11571,304,5
3,15,11,11572,304,5
3,15,12,11573,304,5
3,16,1,11575,305,5
3,16,2,11576,305,5
3,16,3,11577,305,5
3,16,4,11578,305,5
3,16,5,11579,305,5
3,16,6,11580,305,5
3,16,7,11581,305,5
3,16,8,11582,305,5
3,16,9,11583,305,5
3,16,10,11584,305,5
3,16,11,11585,305,5
3,16,12,11586,305,5
3,16,13,11587,305,5
3,16,14,11588,305,5
3,16,15,11589,305,5
3,16,16,11590,305,5
3,16,17,11591,305,5
3,16,18,11592,305,5
3,16,19,11593,305,5
3,16,20,11594,305,5
3,16,21,11595,305,5
3,16,22,11596,305,5
3,16,23,11597,305,5
3,16,24,11598,305,5
3,16,25,11599,305,5
3,16,26,11600,305,5
3,16,27,11601,305,5
3,16,28,11602,305,5
3,16,29,11603,305,5
3,16,30,11604,305,5
3,16,31,11605,305,5
3,16,32,11606,305,5
3,16,33,11607,305,5
3,16,34,11608,305,5
3,16,35,11609,305,5
3,16,36,11610,305,5
3,16,37,11611,305,5
3,16,38,11612,305,5
3,16,39,11613,305,5
3,16,40,11614,305,5
3,16,41,11615,305,5
3,16,42,11616,305,5
3,16,43,11617,305,5
3,16,44,11618,305,5
3,16,45,11619,305,5
3,16,46,11620,305,5
3,17,1,11622,306,4
3,17,2,11623,306,4
3,17,3,11624,306,4
3,17,4,11625,306,4
3,17,5,11626,306,4
3,17,6,11627,306,4
3,17,7,11628,306,4
3,17,8,11629,306,4
3,17,9,11630,306,4
3,17,10,11631,306,4
3,17,11,11632,306,4
3,17,12,11633,306,4
3,17,13,11634,306,4
3,17,14,11635,306,4
3,17,15,11636,306,4
3,17,16,11637,306,4
3,17,17,11638,306,4
3,17,18,11639,306,4
3,17,19,11640,306,4
3,17,20,11641,306,4
3,17,21,11642,306,4
3,17,22,11643,306,4
3,17,23,11644,306,4
3,17,24,11645,306,4
3,17,25,11646,306,4
3,17,26,11647,306,4
3,17,27,11648,306,4
3,17,29,11649,306,4
3,17,30,11650,306,4
3,17,32,11651,306,4
3,17,33,11652,306,4
3,17,34,11653,306,4
3,17,35,11654,306,4
3,17,36,11655,306,4
3,17,37,11656,306,4
3,17,38,11657,306,4
3,17,39,11658,306,4
3,17,40,11659,306,4
3,17,41,11660,306,4
3,17,42,11661,306,4
3,17,43,11662,306,4
3,17,44,11663,306,4
3,17,45,11664,306,4
3,17,46,11665,306,4
3,17,47,11666,306,4
3,17,48,11667,306,4
3,17,49,11668,306,4
3,17,50,11669,306,4
3,17,51,11670,306,4
3,17,52,11671,306,4
3,17,53,11672,306,4
3,17,54,11673,306,4
3,17,55,11674,306,4
3,17,56,11675,306,4
3,17,57,11676,306,4
3,17,58,11677,306,4
3,17,59,11678,306,4
3,17,60,11679,306,4
3,17,61,11680,306,4
3,17,63,11681,306,4
3,17,64,11682,306,4
3,17,65,11683,306,4
3,17,66,11684,306,4
3,17,67,11685,306,4
3,17,68,11686,306,4
3,17,69,11687,306,4
3,18,1,11690,308,5
3,18,2,11691,308,5
3,18,3,11692,308,5
3,18,4,11693,308,5
3,18,5,11694,308,5
3,18,6,11695,308,5
3,18,7,11696,308,5
3,18,8,11697,308,5
3,18,9,11698,308,5
3,18,10,11699,308,5
3,18,11,11700,308,5
3,18,12,11701,308,5
3,18,13,11702,308,5
3,18,14,11703,308,5
3,18,15,11704,308,5
3,18,16,11705,308,5
3,18,18,11706,308,5
3,18,19,11707,308,5
3,18,20,11708,308,5
3,18,21,11709,308,5
3,18,22,11710,308,5
3,18,23,11711,308,5
3,18,24,11712,308,5
3,18,25,11713,308,5
3,18,26,11714,308,5
3,18,27,11715,308,5
3,18,28,11716,308,5
3,18,29,11717,308,5
3,18,30,11718,308,5
3,18,31,11719,308,5
3,18,32,11720,308,5
3,18,33,11721,308,5
3,18,34,11722,308,5
3,18,35,11723,308,5
3,18,36,11724,308,5
3,19,1,11726,309,2
3,19,2,11727,309,2
3,19,3,11728,309,2
3,19,4,11729,309,2
3,19,5,11730,309,2
3,19,6,11731,309,2
3,19,7,11732,309,2
3,19,8,11733,309,2
3,19,9,11734,309,2
3,19,10,11735,309,2
3,19,11,11736,309,2
3,19,12,11737,309,2
3,19,13,11738,309,2
3,19,14,11739,309,2
3,19,15,11740,309,2
3,19,16,11741,309,2
3,19,17,11742,309,2
3,19,18,11743,309,2
3,19,19,11744,309,2
3,19,20,11745,309,2
3,19,21,11746,309,2
3,19,22,11747,309,2
3,19,23,11748,309,2
3,19,24,11749,309,2
3,19,25,11750,309,2
3,19,26,11751,309,2
3,19,27,11752,309,2
3,19,28,11753,309,2
3,19,29,11754,309,2
3,19,30,11755,309,2
3,19,31,11756,309,2
3,19,32,11757,309,2
3,19,33,11758,309,2
3,19,34,11759,309,2
3,19,35,11760,309,2
3,19,36,11761,309,2
3,19,37,11762,309,2
3,19,38,11763,309,2
3,19,39,11764,309,2
3,19,40,11765,309,2
3,19,41,11766,309,2
3,19,42,11767,309,2
3,19,43,11768,309,2
3,19,44,11769,309,2
3,19,45,11770,309,2
3,19,46,11771,309,2
3,19,47,11772,309,2
3,19,48,11773,309,2
3,19,49,11774,309,2
3,19,50,11775,309,2
3,19,51,11776,309,2
3,19,52,11777,309,2
3,19,53,11778,309,2
3,19,54,11779,309,2
3,19,55,11780,309,2
3,20,1,11782,310,8
3,20,2,11783,310,8
3,20,3,11784,310,8
3,20,4,11785,310,8
3,20,5,11786,310,8
3,20,6,11787,310,8
3,20,7,11788,310,8
3,20,8,11789,310,8
3,20,9,11790,310,8
3,20,10,11791,310,8
3,20,11,11792,310,8
3,20,12,11793,310,8
3,20,13,11794,310,8
3,20,14,11795,310,8
3,20,15,11796,310,8
3,20,16,11797,310,8
3,20,17,11798,310,8
3,20,18,11799,310,8
3,20,19,11800,310,8
3,20,20,11801,310,8
3,20,21,11802,310,8
3,20,22,11803,310,8
3,20,23,11804,310,8
3,21,1,11808,313,6
3,21,2,11809,313,6
3,21,3,11810,313,6
3,21,4,11811,313,6
3,21,5,11812,313,6
3,21,6,11813,313,6
3,21,7,11814,313,6
3,21,8,11815,313,6
3,21,9,11816,313,6
3,21,10,11817,313,6
3,21,11,11818,313,6
3,21,12,11819,313,6
3,21,13,11820,313,6
3,21,14,11821,313,6
3,21,15,11822,313,6
3,21,16,11823,313,6
3,21,17,11824,313,6
3,21,18,11825,313,6
3,21,19,11826,313,6
3,21,20,11827,313,6
3,21,21,11828,313,6
3,21,22,11829,313,6
3,21,23,11830,313,6
3,22,1,11831,313,11
3,22,2,11832,313,11
3,22,3,11833,313,11
3,22,4,11834,313,11
3,22,5,11835,313,11
3,22,6,11836,313,11
3,22,7,11837,313,11
3,22,8,11838,313,11
3,22,9,11839,313,11
3,22,10,11840,313,11
3,22,11,11841,313,11
3,22,12,11842,313,11
3,22,13,11843,313,11
3,22,14,11844,313,11
3,22,15,11845,313,11
3,22,16,11846,313,11
3,22,17,11847,313,11
3,22,18,11848,313,11
3,22,19,11849,313,11
3,22,20,11850,313,11
3,22,21,11851,313,11
3,22,22,11852,313,11
3,22,23,11853,313,11
3,22,24,11854,313,11
3,22,25,11855,313,11
3,22,26,11856,313,11
3,22,27,11857,313,11
3,22,28,11858,313,11
3,23,1,11859,313,3
3,23,2,11860,313,3
3,23,3,11861,313,3
3,23,4,11862,313,3
3,23,5,11863,313,3
3,23,6,11864,313,3
3,23,7,11865,313,3
3,23,8,11866,313,3
3,23,9,11867,313,3
3,23,10,11868,313,3
3,23,11,11869,313,3
3,23,12,11870,313,3
3,23,13,11871,313,3
3,23,14,11872,313,3
3,23,15,11873,313,3
3,23,16,11874,313,3
3,23,17,11875,313,3
3,23,18,11876,313,3
3,23,19,11877,313,3
3,23,20,11878,313,3
3,23,21,11879,313,3
3,23,22,11880,313,3
3,23,23,11881,313,3
3,23,24,11882,313,3
3,23,25,11883,313,3
3,23,26,11884,313,3
3,23,27,11885,313,3
3,23,28,11886,313,3
3,23,29,11887,313,3
3,23,30,11888,313,3
3,23,31,11889,313,3
3,23,32,11890,313,3
3,23,33,11891,313,3
3,23,34,11892,313,3
3,23,35,11893,313,3
3,23,36,11894,313,3
3,23,37,11895,313,3
3,23,38,11896,313,3
3,23,39,11897,313,3
3,23,40,11898,313,3
3,23,42,11899,313,3
3,23,43,11900,313,3
3,23,44,11901,313,3
3,23,45,11902,313,3
3,23,46,11903,313,3
3,23,47,11904,313,3
3,23,48,11905,313,3
3,23,49,11906,313,3
3,24,1,11909,315,1
3,24,2,11910,315,1
3,24,3,11911,315,1
3,24,4,11912,315,1
3,24,5,11913,315,1
3,24,6,11914,315,1
3,24,7,11915,315,1
3,24,8,11916,315,1
3,24,9,11917,315,1
3,24,10,11918,315,1
3,24,11,11919,315,1
3,24,13,11920,315,1
3,24,14,11921,315,1
3,24,15,11922,315,1
3,25,1,11924,316,3
3,25,2,11925,316,3
3,25,3,11926,316,3
3,25,4,11927,316,3
3,25,5,11928,316,3
3,25,6,11929,316,3
3,25,7,11930,316,3
3,25,8,11931,316,3
3,25,9,11932,316,3
3,25,10,11933,316,3
3,25,11,11934,316,3
3,25,12,11935,316,3
3,25,13,11936,316,3
3,25,14,11937,316,3
3,25,15,11938,316,3
3,25,16,11939,316,3
3,25,29,11940,316,3
3,26,1,11940,315,8
3,26,2,11941,315,8
3,26,3,11942,315,8
3,26,4,11943,315,8
3,26,5,11944,315,8
3,26,6,11945,315,8
3,26,7,11946,315,8
3,26,8,11947,315,8
3,26,9,11948,315,8
3,26,10,11949,315,8
3,26,11,11950,315,8
3,26,12,11951,315,8
3,26,13,11952,315,8
3,26,14,11953,315,8
3,26,15,11954,315,8
3,26,16,11955,315,8
3,26,17,11956,315,8
3,26,18,11957,315,8
3,26,19,11958,315,8
3,26,20,11959,315,8
3,26,21,11960,315,8
3,26,22,11961,315,8
3,26,23,11962,315,8
3,26,24,11963,315,8
3,26,25,11964,315,8
3,26,26,11965,315,8
3,26,27,11966,315,8
3,26,28,11967,315,8
3,26,29,11968,315,8
3,26,30,11969,315,8
3,26,31,11970,315,8
3,26,32,11971,315,8
3,26,33,11972,315,8
3,26,34,11973,315,8
3,26,35,11974,315,8
3,26,36,11975,315,8
3,26,37,11976,315,8
3,26,38,11977,315,8
3,26,39,11978,315,8
3,26,40,11979,315,8
3,26,41,11980,315,8
3,26,42,11981,315,8
3,26,43,11982,315,8
3,26,44,11983,315,8
3,26,45,11984,315,8
3,26,46,11985,315,8
3,26,47,11986,315,8
3,26,48,11987,315,8
3,26,49,11988,315,8
3,26,50,11989,315,8
3,26,51,11990,315,8
3,26,52,11991,315,8
3,26,53,11992,315,8
3,26,54,11993,315,8
3,26,55,11994,315,8
3,27,1,11995,315,6
3,27,2,11996,315,6
3,27,3,11997,315,6
3,27,4,11998,315,6
3,27,5,11999,315,6
3,27,6,12000,315,6
3,27,7,12001,315,6
3,27,8,12002,315,6
3,27,9,12003,315,6
3,27,10,12004,315,6
3,27,11,12005,315,6
3,27,12,12006,315,6
3,27,13,12007,315,6
3,27,14,12008,315,6
3,27,15,12009,315,6
3,27,16,12010,315,6
3,27,17,12011,315,6
3,27,18,12012,315,6
3,27,19,12013,315,6
3,27,20,12014,315,6
3,27,21,12015,315,6
3,27,22,12016,315,6
3,27,23,12017,315,6
3,27,24,12018,315,6
3,27,25,12019,315,6
3,27,26,12020,315,6
3,27,27,12021,315,6
3,27,28,12022,315,6
3,27,29,12023,315,6
3,27,30,12024,315,6
3,27,31,12025,315,6
3,27,32,12026,315,6
3,27,33,12027,315,6
3,27,34,12028,315,6
3,27,35,12029,315,6
3,27,36,12030,315,6
3,27,38,12031,315,6
3,27,39,12032,315,6
3,27,40,12033,315,6
3,27,41,12034,315,6
3,27,42,12035,315,6
3,27,43,12036,315,6
3,27,44,12037,315,6
3,27,45,12038,315,6
3,27,46,12039,315,6
3,27,47,12040,315,6
3,27,48,12041,315,6
3,28,1,12045,318,13
3,28,2,12046,318,13
3,28,3,12047,318,13
3,28,4,12048,318,13
3,28,5,12049,318,13
3,28,6,12050,318,13
3,28,7,12051,318,13
3,28,8,12052,318,13
3,28,9,12053,318,13
3,28,10,12054,318,13
3,28,11,12055,318,13
3,28,12,12056,318,13
3,28,13,12057,318,13
3,28,14,12058,318,13
3,28,15,12059,318,13
3,28,16,12060,318,13
3,28,17,12061,318,13
3,28,18,12062,318,13
3,28,19,12063,318,13
3,28,20,12064,318,13
3,28,21,12065,318,13
3,28,22,12066,318,13
3,28,23,12067,318,13
3,28,24,12068,318,13
3,28,25,12069,318,13
3,28,26,12070,318,13
3,28,27,12071,318,13
3,28,28,12072,318,13
3,28,29,12073,318,13
3,28,30,12074,318,13
3,28,31,12075,318,13
3,28,32,12076,318,13
3,28,33,12077,318,13
3,28,34,12078,318,13
3,28,35,12079,318,13
3,28,36,12080,318,13
3,28,37,12081,318,13
3,28,38,12082,318,13
3,28,39,12083,318,13
3,28,40,12084,318,13
3,28,41,12085,318,13
3,28,42,12086,318,13
3,28,43,12087,318,13
3,28,44,12088,318,13
3,28,45,12089,318,13
3,28,46,12090,318,13
3,28,47,12091,318,13
3,28,48,12092,318,13
3,28,49,12093,318,13
3,28,50,12094,318,13
3,28,51,12095,318,13
3,28,52,12096,318,13
3,28,53,12097,318,13
3,28,54,12098,318,13
3,28,55,12099,318,13
3,28,56,12100,318,13
3,28,57,12101,318,13
3,28,58,12102,318,13
3,28,59,12103,318,13
3,28,60,12104,318,13
3,28,61,12105,318,13
3,28,62,12106,318,13
3,28,63,12107,318,13
3,28,64,12108,318,13
3,28,65,12109,318,13
3,28,66,12110,318,13
3,28,67,12111,318,13
3,28,68,12112,318,13
3,28,69,12113,318,13
3,28,70,12114,318,13
3,28,71,12115,318,13
3,28,72,12116,318,13
3,28,73,12117,318,13
3,28,74,12118,318,13
3,28,75,12119,318,13
3,28,76,12120,318,13
3,28,77,12121,318,13
3,28,78,12122,318,13
3,28,79,12123,318,13
3,28,80,12124,318,13
3,28,81,12125,318,13
3,28,82,12126,318,13
3,28,83,12127,318,13
3,28,84,12128,318,13
3,28,85,12129,318,13
3,28,86,12130,318,13
3,28,87,12131,318,13
3,28,88,12132,318,13
3,28,89,12133,318,13
3,28,90,12134,318,13
3,28,91,12135,318,13
3,28,92,12136,318,13
3,29,1,12138,319,2
3,29,2,12139,319,2
3,29,3,12140,319,2
3,29,4,12141,319,2
3,29,5,12142,319,2
3,29,6,12143,319,2
3,29,7,12144,319,2
3,29,8,12145,319,2
3,29,9,12146,319,2
3,29,10,12147,319,2
3,29,11,12148,319,2
3,29,12,12149,319,2
3,29,13,12150,319,2
3,29,14,12151,319,2
3,29,15,12152,319,2
3,29,16,12153,319,2
3,29,17,12154,319,2
3,29,18,12155,319,2
3,29,19,12156,319,2
3,29,20,12157,319,2
3,29,21,12158,319,2
3,30,1,12160,320,3
3,30,2,12161,320,3
3,30,3,12162,320,3
3,30,4,12163,320,3
3,30,5,12164,320,3
3,30,6,12165,320,3
3,30,7,12166,320,3
3,30,8,12167,320,3
3,30,9,12168,320,3
3,30,10,12169,320,3
3,30,11,12170,320,3
3,30,12,12171,320,3
3,30,13,12172,320,3
3,30,14,12173,320,3
3,30,15,12174,320,3
3,30,16,12175,320,3
3,30,17,12176,320,3
3,30,18,12177,320,3
3,30,19,12178,320,3
3,30,20,12179,320,3
3,30,21,12180,320,3
3,30,22,12181,320,3
3,30,23,12182,320,3
3,30,24,12183,320,3
3,30,25,12184,320,3
3,30,26,12185,320,3
3,30,27,12186,320,3
3,30,28,12187,320,3
3,30,29,12188,320,3
3,30,30,12189,320,3
3,30,31,12190,320,3
3,30,32,12191,320,3
3,31,1,12193,321,2
3,31,2,12194,321,2
3,31,3,12195,321,2
3,31,4,12196,321,2
3,31,5,12197,321,2
3,31,6,12198,321,2
3,31,7,12199,321,2
3,31,8,12200,321,2
3,31,9,12201,321,2
3,31,10,12202,321,2
3,31,11,12203,321,2
3,31,12,12204,321,2
3,31,13,12205,321,2
3,31,14,12206,321,2
3,31,15,12207,321,2
3,31,16,12208,321,2
3,31,17,12209,321,2
3,31,18,12210,321,2
3,31,19,12211,321,2
3,31,25,12212,321,2
3,32,1,12214,322,5
3,32,2,12215,322,5
3,32,3,12216,322,5
3,32,4,12217,322,5
3,32,5,12218,322,5
3,32,6,12219,322,5
3,32,7,12220,322,5
3,32,8,12221,322,5
3,32,9,12222,322,5
3,32,10,12223,322,5
3,32,11,12224,322,5
3,32,12,12225,322,5
3,32,13,12226,322,5
3,32,14,12227,322,5
3,32,15,12228,322,5
3,32,16,12229,322,5
3,32,17,12230,322,5
3,32,18,12231,322,5
3,32,19,12232,322,5
3,32,20,12233,322,5
3,32,21,12234,322,5
3,32,22,12235,322,5
3,32,23,12236,322,5
3,32,24,12237,322,5
3,32,25,12238,322,5
3,32,26,12239,322,5
3,32,27,12240,322,5
3,32,28,12241,322,5
3,32,29,12242,322,5
3,32,30,12243,322,5
3,32,31,12244,322,5
3,32,32,12245,322,5
3,32,33,12246,322,5
3,32,34,12247,322,5
3,32,35,12248,322,5
3,32,36,12249,322,5
3,32,37,12250,322,5
3,32,38,12251,322,5
3,32,39,12252,322,5
3,32,40,12253,322,5
3,32,41,12254,322,5
3,32,42,12255,322,5
3,32,43,12256,322,5
3,32,44,12257,322,5
3,32,45,12258,322,5
3,32,46,12259,322,5
3,32,47,12260,322,5
3,32,48,12261,322,5
3,32,49,12262,322,5
3,32,50,12263,322,5
3,32,51,12264,322,5
3,32,52,12265,322,5
3,32,53,12266,322,5
3,32,54,12267,322,5
3,32,55,12268,322,5
3,32,56,12269,322,5
3,32,57,12270,322,5
3,32,58,12271,322,5
3,32,59,12272,322,5
3,32,60,12273,322,5
3,32,61,12274,322,5
3,32,62,12275,322,5
3,32,63,12276,322,5
3,33,1,12279,324,11
3,33,2,12280,324,11
3,33,3,12281,324,11
3,33,4,12282,324,11
3,33,5,12283,324,11
3,33,6,12284,324,11
3,33,7,12285,324,11
3,33,8,12286,324,11
3,33,9,12287,324,11
3,33,10,12288,324,11
3,33,11,12289,324,11
3,33,12,12290,324,11
3,33,13,12291,324,11
3,33,14,12292,324,11
3,33,15,12293,324,11
3,33,16,12294,324,11
3,33,17,12295,324,11
3,33,18,12296,324,11
3,33,19,12297,324,11
3,33,20,12298,324,11
3,33,21,12299,324,11
3,33,22,12300,324,11
3,33,23,12301,324,11
3,33,24,12302,324,11
3,33,25,12303,324,11
3,33,26,12304,324,11
3,33,27,12305,324,11
3,33,28,12306,324,11
3,33,29,12307,324,11
3,33,30,12308,324,11
3,33,31,12309,324,11
3,33,32,12310,324,11
3,33,33,12311,324,11
3,33,34,12312,324,11
3,33,35,12313,324,11
3,33,36,12314,324,11
3,33,37,12315,324,11
3,33,38,12316,324,11
3,33,39,12317,324,11
3,33,40,12318,324,11
3,33,41,12319,324,11
3,33,42,12320,324,11
3,33,43,12321,324,11
3,33,44,12322,324,11
3,33,45,12323,324,11
3,33,46,12324,324,11
3,33,47,12325,324,11
3,34,1,12327,325,8
3,34,2,12328,325,8
3,34,3,12329,325,8
3,34,4,12330,325,8
3,34,5,12331,325,8
3,34,6,12332,325,8
3,34,7,12333,325,8
3,34,8,12334,325,8
3,34,9,12335,325,8
3,34,10,12336,325,8
3,34,11,12337,325,8
3,34,12,12338,325,8
3,34,13,12339,325,8
3,34,14,12340,325,8
3,34,15,12341,325,8
3,34,16,12342,325,8
3,34,17,12343,325,8
3,34,18,12344,325,8
3,34,19,12345,325,8
3,34,20,12346,325,8
3,34,21,12347,325,8
3,34,22,12348,325,8
3,34,23,12349,325,8
3,34,24,12350,325,8
3,34,25,12351,325,8
3,34,26,12352,325,8
3,34,27,12353,325,8
3,34,28,12354,325,8
3,34,29,12355,325,8
3,34,30,12356,325,8
3,34,31,12357,325,8
3,34,32,12358,325,8
3,34,33,12359,325,8
3,34,34,12360,325,8
3,34,35,12361,325,8
3,34,36,12362,325,8
3,34,37,12363,325,8
3,34,38,12364,325,8
3,34,39,12365,325,8
3,34,40,12366,325,8
3,34,41,12367,325,8
3,34,42,12368,325,8
3,34,43,12369,325,8
3,34,44,12370,325,8
3,34,45,12371,325,8
3,34,46,12372,325,8
3,34,47,12373,325,8
3,34,48,12374,325,8
3,35,1,12376,326,24
3,35,2,12377,326,24
3,35,3,12378,326,24
3,35,4,12379,326,24
3,35,5,12380,326,24
3,35,6,12381,326,24
3,35,7,12382,326,24
3,35,8,12383,326,24
3,35,9,12384,326,24
3,35,10,12385,326,24
3,35,11,12386,326,24
3,35,12,12387,326,24
3,35,13,12388,326,24
3,35,14,12389,326,24
3,35,15,12390,326,24
3,35,16,12391,326,24
3,35,17,12392,326,24
3,35,18,12393,326,24
3,35,19,12394,326,24
3,35,20,12395,326,24
3,35,21,12396,326,24
3,35,22,12397,326,24
3,35,23,12398,326,24
3,35,24,12399,326,24
3,35,25,12400,326,24
3,35,26,12401,326,24
3,35,27,12402,326,24
3,35,28,12403,326,24
3,35,30,12404,326,24
3,35,31,12405,326,24
3,35,32,12406,326,24
3,35,33,12407,326,24
3,35,34,12408,326,24
3,35,35,12409,326,24
3,35,36,12410,326,24
3,35,37,12411,326,24
3,35,38,12412,326,24
3,35,39,12413,326,24
3,35,40,12414,326,24
3,35,41,12415,326,24
3,35,42,12416,326,24
3,35,43,12417,326,24
3,35,44,12418,326,24
3,35,45,12419,326,24
3,35,46,12420,326,24
3,35,47,12421,326,24
3,35,48,12422,326,24
3,35,49,12423,326,24
3,35,50,12424,326,24
3,36,1,12426,327,11
3,36,2,12427,327,11
3,36,3,12428,327,11
3,36,4,12429,327,11
3,36,5,12430,327,11
3,36,6,12431,327,11
3,36,7,12432,327,11
3,36,8,12433,327,11
3,36,9,12434,327,11
3,36,10,12435,327,11
3,36,11,12436,327,11
3,36,12,12437,327,11
3,36,13,12438,327,11
3,36,14,12439,327,11
3,36,15,12440,327,11
3,36,16,12441,327,11
3,36,17,12442,327,11
3,36,18,12443,327,11
3,36,19,12444,327,11
3,36,20,12445,327,11
3,36,21,12446,327,11
3,36,22,12447,327,11
3,36,23,12448,327,11
3,36,24,12449,327,11
3,36,25,12450,327,11
3,36,26,12451,327,11
3,36,27,12452,327,11
3,36,28,12453,327,11
3,36,29,12454,327,11
3,36,30,12455,327,11
3,36,31,12456,327,11
3,36,32,12457,327,11
3,36,33,12458,327,11
3,36,34,12459,327,11
3,36,35,12460,327,11
3,36,36,12461,327,11
3,36,37,12462,327,11
3,36,38,12463,327,11
3,36,39,12464,327,11
3,36,40,12465,327,11
3,36,41,12466,327,11
3,36,42,12467,327,11
3,36,43,12468,327,11
3,36,44,12469,327,11
3,36,45,12470,327,11
3,36,46,12471,327,11
3,36,47,12472,327,11
3,36,48,12473,327,11
3,36,49,12474,327,11
3,36,50,12475,327,11
3,36,51,12476,327,11
3,36,52,12477,327,11
3,36,53,12478,327,11
3,36,54,12479,327,11
3,36,55,12480,327,11
3,36,56,12481,327,11
3,36,57,12482,327,11
3,36,58,12483,327,11
3,36,59,12484,327,11
3,36,60,12485,327,11
3,37,1,12488,329,11
3,37,2,12489,329,11
3,37,3,12490,329,11
3,37,4,12491,329,11
3,37,5,12492,329,11
3,37,6,12493,329,11
3,37,7,12494,329,11
3,37,8,12495,329,11
3,37,9,12496,329,11
3,37,10,12497,329,11
3,37,11,12498,329,11
3,37,12,12499,329,11
3,37,13,12500,329,11
3,37,14,12501,329,11
3,37,15,12502,329,11
3,37,16,12503,329,11
3,37,17,12504,329,11
3,37,18,12505,329,11
3,37,19,12506,329,11
3,37,20,12507,329,11
3,37,21,12508,329,11
3,37,22,12509,329,11
3,37,23,12510,329,11
3,37,24,12511,329,11
3,37,25,12512,329,11
3,37,26,12513,329,11
3,37,27,12514,329,11
3,37,28,12515,329,11
3,37,29,12516,329,11
3,37,30,12517,329,11
3,37,31,12518,329,11
3,37,32,12519,329,11
3,37,33,12520,329,11
3,38,1,12522,330,6
3,38,2,12523,330,6
3,38,3,12524,330,6
3,38,4,12525,330,6
3,38,5,12526,330,6
3,38,6,12527,330,6
3,38,7,12528,330,6
3,38,8,12529,330,6
3,38,9,12530,330,6
3,38,10,12531,330,6
3,38,11,12532,330,6
3,38,12,12533,330,6
3,38,13,12534,330,6
3,38,14,12535,330,6
3,38,15,12536,330,6
3,38,16,12537,330,6
3,38,17,12538,330,6
3,38,18,12539,330,6
3,38,19,12540,330,6
3,38,20,12541,330,6
3,38,21,12542,330,6
3,38,22,12543,330,6
3,38,23,12544,330,6
3,38,24,12545,330,6
3,38,25,12546,330,6
3,38,26,12547,330,6
3,38,27,12548,330,6
3,38,28,12549,330,6
3,38,29,12550,330,6
3,38,30,12551,330,6
3,38,31,12552,330,6
3,38,32,12553,330,6
3,38,33,12554,330,6
3,38,34,12555,330,6
3,38,35,12556,330,6
3,39,1,12557,330,0
3,39,2,12558,330,0
3,39,3,12559,330,0
3,39,4,12560,330,0
3,39,5,12561,330,0
3,39,6,12562,330,0
3,39,7,12563,330,0
3,39,8,12564,330,0
3,39,9,12565,330,0
3,39,10,12566,330,0
3,39,11,12567,330,0
3,39,12,12568,330,0
3,39,13,12569,330,0
3,39,14,12570,330,0
3,39,15,12571,330,0
3,39,16,12572,330,0
3,39,17,12573,330,0
3,39,18,12574,330,0
3,39,19,12575,330,0
3,39,20,12576,330,0
3,39,21,12577,330,0
3,39,22,12578,330,0
3,39,23,12579,330,0
3,40,1,12581,331,9
3,40,2,12582,331,9
3,40,3,12583,331,9
3,40,4,12584,331,9
3,40,5,12585,331,9
3,40,6,12586,331,9
3,40,7,12587,331,9
3,40,8,12588,331,9
3,40,9,12589,331,9
3,40,10,12590,331,9
3,40,11,12591,331,9
3,40,12,12592,331,9
3,40,13,12593,331,9
3,40,14,12594,331,9
3,40,15,12595,331,9
3,40,16,12596,331,9
3,40,17,12597,331,9
3,40,18,12598,331,9
3,40,19,12599,331,9
3,40,20,12600,331,9
3,40,21,12601,331,9
3,40,22,12602,331,9
3,40,23,12603,331,9
3,40,24,12604,331,9
3,40,25,12605,331,9
3,40,26,12606,331,9
3,40,27,12607,331,9
3,40,28,12608,331,9
3,41,1,12610,332,20
3,41,2,12611,332,20
3,41,3,12612,332,20
3,41,4,12613,332,20
3,41,5,12614,332,20
3,41,6,12615,332,20
3,41,7,12616,332,20
3,41,8,12617,332,20
3,41,9,12618,332,20
3,41,10,12619,332,20
3,41,11,12620,332,20
3,41,12,12621,332,20
3,41,13,12622,332,20
3,41,14,12623,332,20
3,41,15,12624,332,20
3,41,16,12625,332,20
3,41,17,12626,332,20
3,41,18,12627,332,20
3,41,19,12628,332,20
3,41,20,12629,332,20
3,41,21,12630,332,20
3,41,22,12631,332,20
3,41,23,12632,332,20
3,41,24,12633,332,20
3,41,25,12634,332,20
3,41,26,12635,332,20
3,41,27,12636,332,20
3,41,28,12637,332,20
3,41,29,12638,332,20
3,41,30,12639,332,20
3,41,31,12640,332,20
3,41,32,12641,332,20
3,41,33,12642,332,20
3,41,34,12643,332,20
3,41,35,12644,332,20
3,41,36,12645,332,20
3,41,37,12646,332,20
3,41,38,12647,332,20
3,41,39,12648,332,20
3,41,40,12649,332,20
3,41,41,12650,332,20
3,41,42,12651,332,20
3,41,43,12652,332,20
3,41,44,12653,332,20
3,41,45,12654,332,20
3,41,46,12655,332,20
3,41,47,12656,332,20
3,41,48,12657,332,20
3,41,49,12658,332,20
3,41,50,12659,332,20
3,41,51,12660,332,20
3,41,52,12661,332,20
3,41,53,12662,332,20
3,41,54,12663,332,20
3,41,55,12664,332,20
3,41,56,12665,332,20
3,41,57,12666,332,20
3,41,58,12667,332,20
3,41,59,12668,332,20
3,41,60,12669,332,20
3,41,61,12670,332,20
3,41,62,12671,332,20
3,41,63,12672,332,20
3,41,64,12673,332,20
3,41,65,12674,332,20
3,41,66,12675,332,20
3,41,67,12676,332,20
3,41,68,12677,332,20
3,41,69,12678,332,20
3,41,70,12679,332,20
3,41,71,12680,332,20
3,41,72,12681,332,20
3,41,73,12682,332,20
3,41,74,12683,332,20
3,41,75,12684,332,20
3,41,76,12685,332,20
3,42,1,12686,332,6
3,42,2,12687,332,6
3,42,3,12688,332,6
3,42,4,12689,332,6
3,42,5,12690,332,6
3,42,6,12691,332,6
3,42,7,12692,332,6
3,42,8,12693,332,6
3,42,9,12694,332,6
3,42,10,12695,332,6
3,42,11,12696,332,6
3,42,12,12697,332,6
3,42,13,12698,332,6
3,42,14,12699,332,6
3,42,15,12700,332,6
3,42,16,12701,332,6
3,42,17,12702,332,6
3,42,18,12703,332,6
3,42,19,12704,332,6
3,42,20,12705,332,6
3,42,21,12706,332,6
3,43,1,12706,331,1
3,43,2,12707,331,1
3,43,3,12708,331,1
3,43,4,12709,331,1
3,43,5,12710,331,1
3,43,6,12711,331,1
3,43,7,12712,331,1
3,43,8,12713,331,1
3,43,9,12714,331,1
3,43,10,12715,331,1
3,43,11,12716,331,1
3,43,12,12717,331,1
3,43,13,12718,331,1
3,43,14,12719,331,1
3,43,15,12720,331,1
3,43,16,12721,331,1
3,43,17,12722,331,1
3,44,1,12723,331,5
3,44,2,12724,331,5
3,44,3,12725,331,5
3,44,4,12726,331,5
3,44,5,12727,331,5
3,44,6,12728,331,5
3,44,7,12729,331,5
3,44,8,12730,331,5
3,44,9,12731,331,5
3,44,10,12732,331,5
3,44,11,12733,331,5
3,44,12,12734,331,5
3,44,13,12735,331,5
3,44,14,12736,331,5
3,44,15,12737,331,5
3,44,16,12738,331,5
3,44,17,12739,331,5
3,44,18,12740,331,5
3,44,19,12741,331,5
3,44,20,12742,331,5
3,44,21,12743,331,5
3,44,22,12744,331,5
3,44,23,12745,331,5
3,44,24,12746,331,5
3,44,25,12747,331,5
3,44,26,12748,331,5
3,44,27,12749,331,5
3,44,28,12750,331,5
3,45,1,12751,331,4
3,45,2,12752,331,4
3,45,3,12753,331,4
3,45,4,12754,331,4
3,45,5,12755,331,4
3,45,6,12756,331,4
3,45,7,12757,331,4
3,45,8,12758,331,4
3,45,9,12759,331,4
3,45,10,12760,331,4
3,45,11,12761,331,4
3,45,12,12762,331,4
3,45,13,12763,331,4
3,45,14,12764,331,4
3,45,15,12765,331,4
3,45,16,12766,331,4
3,45,17,12767,331,4
3,45,18,12768,331,4
3,45,19,12769,331,4
3,45,20,12770,331,4
3,45,21,12771,331,4
3,45,22,12772,331,4
3,45,23,12773,331,4
3,45,24,12774,331,4
3,45,25,12775,331,4
3,45,26,12776,331,4
3,45,27,12777,331,4
3,45,28,12778,331,4
3,45,29,12779,331,4
3,45,30,12780,331,4
3,45,31,12781,331,4
3,45,32,12782,331,4
3,46,1,12783,331,20
3,46,2,12784,331,20
3,46,3,12785,331,20
3,46,4,12786,331,20
3,46,5,12787,331,20
3,46,6,12788,331,20
3,46,7,12789,331,20
3,46,8,12790,331,20
3,46,9,12791,331,20
3,46,10,12792,331,20
3,46,11,12793,331,20
3,46,12,12794,331,20
3,46,13,12795,331,20
3,46,14,12796,331,20
3,46,15,12797,331,20
3,46,16,12798,331,20
3,46,17,12799,331,20
3,46,18,12800,331,20
3,46,19,12801,331,20
3,46,20,12802,331,20
3,46,21,12803,331,20
3,46,22,12804,331,20
3,46,23,12805,331,20
3,46,24,12806,331,20
3,46,25,12807,331,20
3,46,26,12808,331,20
3,46,27,12809,331,20
3,46,28,12810,331,20
3,46,29,12811,331,20
3,46,30,12812,331,20
3,46,31,12813,331,20
3,46,32,12814,331,20
3,46,33,12815,331,20
3,46,34,12816,331,20
3,46,35,12817,331,20
3,46,36,12818,331,20
3,46,37,12819,331,20
3,46,38,12820,331,20
3,46,39,12821,331,20
3,46,40,12822,331,20
3,46,41,12823,331,20
3,46,42,12824,331,20
3,46,43,12825,331,20
3,46,44,12826,331,20
3,46,45,12827,331,20
3,46,46,12828,331,20
3,46,47,12829,331,20
3,46,48,12830,331,20
3,46,49,12831,331,20
3,46,50,12832,331,20
3,46,51,12833,331,20
3,46,52,12834,331,20
3,46,53,12835,331,20
3,46,54,12836,331,20
3,46,55,12837,331,20
3,46,56,12838,331,20
3,46,57,12839,331,20
3,46,58,12840,331,20
3,46,59,12841,331,20
3,46,60,12842,331,20
3,46,61,12843,331,20
3,46,62,12844,331,20
3,46,63,12845,331,20
3,46,64,12846,331,20
3,46,65,12847,331,20
3,46,66,12848,331,20
3,46,67,12849,331,20
3,46,68,12850,331,20
3,46,70,12851,331,20
3,46,71,12852,331,20
3,46,72,12853,331,20
3,46,73,12854,331,20
3,46,74,12855,331,20
3,46,75,12856,331,20
3,46,76,12857,331,20
3,47,1,12860,333,3
3,47,2,12861,333,3
3,47,3,12862,333,3
3,47,4,12863,333,3
3,47,5,12864,333,3
3,47,6,12865,333,3
3,47,7,12866,333,3
3,47,8,12867,333,3
3,47,9,12868,333,3
3,47,10,12869,333,3
3,47,11,12870,333,3
3,47,12,12871,333,3
3,47,13,12872,333,3
3,47,14,12873,333,3
3,47,15,12874,333,3
3,47,16,12875,333,3
3,47,17,12876,333,3
3,47,18,12877,333,3
3,47,19,12878,333,3
3,47,20,12879,333,3
3,47,21,12880,333,3
3,47,22,12881,333,3
3,47,23,12882,333,3
3,47,24,12883,333,3
3,47,25,12884,333,3
3,47,26,12885,333,3
3,47,27,12886,333,3
3,47,28,12887,333,3
3,47,29,12888,333,3
3,47,30,12889,333,3
3,47,31,12890,333,3
3,47,32,12891,333,3
3,47,33,12892,333,3
3,47,34,12893,333,3
3,47,35,12894,333,3
3,47,36,12895,333,3
3,47,37,12896,333,3
3,47,38,12897,333,3
3,48,1,12900,335,7
3,48,2,12901,335,7
3,48,3,12902,335,7
3,48,4,12903,335,7
3,48,5,12904,335,7
3,48,6,12905,335,7
3,48,7,12906,335,7
3,48,8,12907,335,7
3,48,9,12908,335,7
3,48,10,12909,335,7
3,48,11,12910,335,7
3,48,12,12911,335,7
3,48,13,12912,335,7
3,48,14,12913,335,7
3,48,15,12914,335,7
3,48,16,12915,335,7
3,48,17,12916,335,7
3,48,18,12917,335,7
3,48,19,12918,335,7
3,48,20,12919,335,7
3,48,21,12920,335,7
3,48,22,12921,335,7
3,48,23,12922,335,7
3,48,24,12923,335,7
3,48,25,12924,335,7
3,48,26,12925,335,7
3,48,27,12926,335,7
3,48,28,12927,335,7
3,49,1,12930,337,24
3,49,2,12931,337,24
3,49,3,12932,337,24
3,49,4,12933,337,24
3,49,5,12934,337,24
3,49,6,12935,337,24
3,49,7,12936,337,24
3,49,8,12937,337,24
3,49,9,12938,337,24
3,49,10,12939,337,24
3,49,11,12940,337,24
3,49,12,12941,337,24
3,49,13,12942,337,24
3,49,14,12943,337,24
3,49,15,12944,337,24
3,49,16,12945,337,24
3,49,18,12946,337,24
3,49,19,12947,337,24
3,49,20,12948,337,24
3,49,21,12949,337,24
3,49,22,12950,337,24
3,49,23,12951,337,24
3,49,24,12952,337,24
3,49,25,12953,337,24
3,49,26,12954,337,24
3,49,27,12955,337,24
3,49,28,12956,337,24
3,49,29,12957,337,24
3,49,30,12958,337,24
3,49,31,12959,337,24
3,49,32,12960,337,24
3,49,33,12961,337,24
3,49,34,12962,337,24
3,49,35,12963,337,24
3,49,36,12964,337,24
3,49,37,12965,337,24
3,49,38,12966,337,24
3,49,39,12967,337,24
3,49,40,12968,337,24
3,49,41,12969,337,24
3,49,42,12970,337,24
3,49,43,12971,337,24
3,49,44,12972,337,24
3,49,45,12973,337,24
3,49,46,12974,337,24
3,49,47,12975,337,24
3,49,48,12976,337,24
3,50,1,12980,340,8
3,50,2,12981,340,8
3,50,3,12982,340,8
3,50,4,12983,340,8
3,50,5,12984,340,8
3,50,6,12985,340,8
3,50,7,12986,340,8
3,50,8,12987,340,8
3,50,9,12988,340,8
3,50,10,12989,340,8
3,50,11,12990,340,8
3,50,12,12991,340,8
3,50,13,12992,340,8
3,50,14,12993,340,8
3,50,15,12994,340,8
3,50,16,12995,340,8
3,50,17,12996,340,8
3,50,18,12997,340,8
3,50,19,12998,340,8
3,50,20,12999,340,8
3,50,21,13000,340,8
3,50,22,13001,340,8
3,50,23,13002,340,8
3,50,24,13003,340,8
3,50,25,13004,340,8
3,50,26,13005,340,8
3,50,27,13006,340,8
3,50,28,13007,340,8
3,51,1,13011,343,10
3,51,2,13012,343,10
3,51,3,13013,343,10
3,51,4,13014,343,10
3,51,5,13015,343,10
3,51,6,13016,343,10
3,51,7,13017,343,10
3,51,8,13018,343,10
3,51,9,13019,343,10
3,51,10,13020,343,10
3,51,11,13021,343,10
3,51,12,13022,343,10
3,51,13,13023,343,10
3,51,14,13024,343,10
3,51,15,13025,343,10
3,51,16,13026,343,10
3,51,17,13027,343,10
3,51,18,13028,343,10
3,51,19,13029,343,10
3,51,20,13030,343,10
3,51,21,13031,343,10
3,51,22,13032,343,10
3,51,23,13033,343,10
3,51,24,13034,343,10
3,51,25,13035,343,10
3,51,26,13036,343,10
3,51,27,13037,343,10
3,51,28,13038,343,10
3,51,29,13039,343,10
3,51,30,13040,343,10
3,51,31,13041,343,10
3,51,32,13042,343,10
3,51,33,13043,343,10
3,51,34,13044,343,10
3,51,35,13045,343,10
3,51,36,13046,343,10
3,51,37,13047,343,10
3,51,38,13048,343,10
3,51,39,13049,343,10
3,51,40,13050,343,10
3,51,41,13051,343,10
3,51,42,13052,343,10
3,51,43,13053,343,10
3,51,44,13054,343,10
3,51,45,13055,343,10
3,51,46,13056,343,10
3,51,47,13057,343,10
3,51,48,13058,343,10
3,51,49,13059,343,10
3,51,50,13060,343,10
3,51,51,13061,343,10
3,51,52,13062,343,10
3,51,53,13063,343,10
3,51,54,13064,343,10
3,51,55,13065,343,10
3,51,56,13066,343,10
3,51,57,13067,343,10
3,51,58,13068,343,10
3,51,59,13069,343,10
3,51,60,13070,343,10
3,51,61,13071,343,10
3,51,62,13072,343,10
3,51,63,13073,343,10
3,51,64,13074,343,10
3,51,65,13075,343,10
3,51,66,13076,343,10
3,51,67,13077,343,10
3,51,68,13078,343,10
3,51,69,13079,343,10
3,51,70,13080,343,10
3,51,71,13081,343,10
3,51,72,13082,343,10
3,51,73,13083,343,10
3,51,74,13084,343,10
3,51,75,13085,343,10
3,51,76,13086,343,10
3,51,77,13087,343,10
3,51,78,13088,343,10
3,51,79,13089,343,10
3,51,80,13090,343,10
3,51,81,13091,343,10
3,51,82,13092,343,10
3,51,83,13093,343,10
3,51,84,13094,343,10
3,51,85,13095,343,10
3,51,86,13096,343,10
3,51,87,13097,343,10
3,51,88,13098,343,10
3,51,89,13099,343,10
3,51,90,13100,343,10
3,51,91,13101,343,10
3,51,92,13102,343,10
3,52,1,13105,345,3
3,52,2,13106,345,3
3,52,3,13107,345,3
3,52,4,13108,345,3
3,52,5,13109,345,3
3,52,6,13110,345,3
3,52,7,13111,345,3
3,52,8,13112,345,3
3,52,9,13113,345,3
3,52,10,13114,345,3
3,52,11,13115,345,3
3,52,12,13116,345,3
3,52,13,13117,345,3
3,52,14,13118,345,3
3,52,15,13119,345,3
3,52,16,13120,345,3
3,52,17,13121,345,3
3,52,18,13122,345,3
3,52,19,13123,345,3
3,52,20,13124,345,3
3,52,21,13125,345,3
3,52,22,13126,345,3
3,52,23,13127,345,3
3,52,24,13128,345,3
3,52,25,13129,345,3
3,52,26,13130,345,3
3,52,28,13131,345,3
3,52,29,13132,345,3
3,52,30,13133,345,3
3,52,31,13134,345,3
3,52,32,13135,345,3
3,52,33,13136,345,3
3,52,34,13137,345,3
3,52,35,13138,345,3
3,52,36,13139,345,3
3,52,37,13140,345,3
3,52,38,13141,345,3
3,52,39,13142,345,3
3,52,40,13143,345,3
3,52,41,13144,345,3
3,52,42,13145,345,3
3,52,43,13146,345,3
3,52,44,13147,345,3
3,52,45,13148,345,3
3,52,46,13149,345,3
3,52,47,13150,345,3
3,52,48,13151,345,3
3,52,49,13152,345,3
3,52,50,13153,345,3
3,52,51,13154,345,3
3,52,52,13155,345,3
3,52,53,13156,345,3
3,52,54,13157,345,3
3,52,55,13158,345,3
3,52,56,13159,345,3
3,52,57,13160,345,3
3,52,59,13161,345,3
3,52,60,13162,345,3
3,52,61,13163,345,3
3,52,62,13164,345,3
3,52,63,13165,345,3
3,53,1,13233,412,2
3,53,2,13234,412,2
3,53,3,13235,412,2
3,53,4,13236,412,2
3,53,5,13237,412,2
3,53,6,13238,412,2
3,53,7,13239,412,2
3,53,8,13240,412,2
3,53,9,13241,412,2
3,53,10,13242,412,2
3,53,11,13243,412,2
3,53,12,13244,412,2
3,53,13,13245,412,2
3,53,14,13246,412,2
3,53,15,13247,412,2
3,53,16,13248,412,2
3,53,17,13249,412,2
3,53,18,13250,412,2
3,53,19,13251,412,2
3,53,20,13252,412,2
3,53,21,13253,412,2
3,53,22,13254,412,2
3,53,23,13255,412,2
3,53,24,13256,412,2
3,53,25,13257,412,2
3,53,26,13258,412,2
3,53,27,13259,412,2
3,53,28,13260,412,2
3,53,29,13261,412,2
3,53,30,13262,412,2
3,53,31,13263,412,2
3,53,32,13264,412,2
3,53,33,13265,412,2
3,53,34,13266,412,2
3,53,35,13267,412,2
3,53,36,13268,412,2
3,53,37,13269,412,2
3,53,38,13270,412,2
3,53,39,13271,412,2
3,53,40,13272,412,2
3,53,41,13273,412,2
3,54,1,13340,478,12
3,54,2,13341,478,12
3,54,3,13342,478,12
3,54,4,13343,478,12
3,54,5,13344,478,12
3,54,6,13345,478,12
3,54,7,13346,478,12
3,54,8,13347,478,12
3,54,9,13348,478,12
3,54,10,13349,478,12
3,54,11,13350,478,12
3,54,12,13351,478,12
3,54,13,13352,478,12
3,54,14,13353,478,12
3,54,15,13354,478,12
3,54,16,13355,478,12
3,54,17,13356,478,12
3,54,18,13357,478,12
3,54,19,13358,478,12
3,54,20,13359,478,12
3,54,21,13360,478,12
3,54,22,13361,478,12
3,54,23,13362,478,12
3,54,24,13363,478,12
3,54,25,13364,478,12
3,54,26,13365,478,12
3,54,27,13366,478,12
3,54,28,13367,478,12
3,54,29,13368,478,12
3,54,30,13369,478,12
3,54,31,13370,478,12
3,54,32,13371,478,12
3,54,33,13372,478,12
3,54,34,13373,478,12
3,54,35,13374,478,12
3,54,37,13375,478,12
3,54,38,13376,478,12
3,54,39,13377,478,12
3,54,40,13378,478,12
3,54,41,13379,478,12
3,54,42,13380,478,12
3,54,43,13381,478,12
3,54,44,13382,478,12
3,54,45,13383,478,12
3,54,46,13384,478,12
3,54,47,13385,478,12
3,54,48,13386,478,12
3,54,49,13387,478,12
3,54,50,13388,478,12
3,54,51,13389,478,12
3,54,52,13390,478,12
3,54,53,13391,478,12
3,54,54,13392,478,12
3,54,55,13393,478,12
3,54,56,13394,478,12
3,54,57,13395,478,12
3,54,58,13396,478,12
3,54,59,13397,478,12
3,54,60,13398,478,12
3,54,61,13399,478,12
3,54,62,13400,478,12
3,54,63,13401,478,12
3,54,64,13402,478,12
3,54,65,13403,478,12
3,54,66,13404,478,12
3,54,67,13405,478,12
3,54,68,13406,478,12
3,54,69,13407,478,12
3,54,70,13408,478,12
3,54,71,13409,478,12
3,54,72,13410,478,12
3,54,73,13411,478,12
3,54,74,13412,478,12
3,54,75,13413,478,12
3,54,76,13414,478,12
3,54,77,13415,478,12
3,54,78,13416,478,12
3,54,79,13417,478,12
3,54,80,13418,478,12
3,55,1,13486,545,4
3,55,2,13487,545,4
3,55,3,13488,545,4
3,55,4,13489,545,4
3,55,5,13490,545,4
3,55,6,13491,545,4
3,55,7,13492,545,4
3,55,8,13493,545,4
3,55,9,13494,545,4
3,55,10,13495,545,4
3,55,11,13496,545,4
3,55,12,13497,545,4
3,55,13,13498,545,4
3,55,14,13499,545,4
3,55,15,13500,545,4
3,55,16,13501,545,4
3,55,17,13502,545,4
3,55,18,13503,545,4
3,55,19,13504,545,4
3,55,20,13505,545,4
3,55,21,13506,545,4
3,55,22,13507,545,4
3,55,23,13508,545,4
3,55,24,13509,545,4
3,55,25,13510,545,4
3,55,26,13511,545,4
3,55,27,13512,545,4
3,55,28,13513,545,4
3,55,29,13514,545,4
3,55,30,13515,545,4
3,55,31,13516,545,4
3,55,32,13517,545,4
3,55,33,13518,545,4
3,55,34,13519,545,4
3,55,35,13520,545,4
3,55,36,13521,545,4
3,55,37,13522,545,4
3,55,38,13523,545,4
3,55,39,13524,545,4
3,55,40,13525,545,4
3,55,41,13526,545,4
3,55,42,13527,545,4
3,55,43,13528,545,4
3,55,44,13529,545,4
3,55,45,13530,545,4
3,55,46,13531,545,4
3,55,47,13532,545,4
3,55,48,13533,545,4
3,55,49,13534,545,4
3,55,50,13535,545,4
3,55,51,13536,545,4
3,55,52,13537,545,4
3,55,53,13538,545,4
3,55,54,13539,545,4
3,55,55,13540,545,4
3,55,56,13541,545,4
3,55,57,13542,545,4
3,55,58,13543,545,4
3,55,59,13544,545,4
3,55,60,13545,545,4
3,55,61,13546,545,4
3,55,62,13547,545,4
3,55,63,13548,545,4
3,55,64,13549,545,4
3,55,65,13550,545,4
3,55,66,13551,545,4
3,55,67,13552,545,4
3,55,68,13553,545,4
3,55,69,13554,545,4
3,55,70,13555,545,4
3,55,71,13556,545,4
3,55,72,13557,545,4
3,55,73,13558,545,4
3,55,74,13559,545,4
3,55,75,13560,545,4
3,55,76,13561,545,4
3,55,77,13562,545,4
3,55,78,13563,545,4
3,55,79,13564,545,4
3,55,80,13565,545,4
3,55,81,13566,545,4
3,55,82,13567,545,4
3,55,83,13568,545,4
3,55,84,13569,545,4
3,55,85,13570,545,4
3,55,86,13571,545,4
3,55,87,13572,545,4
3,55,88,13573,545,4
3,55,89,13574,545,4
3,55,90,13575,545,4
3,55,91,13576,545,4
3,55,92,13577,545,4
3,55,93,13578,545,4
3,55,94,13579,545,4
3,55,95,13580,545,4
3,55,96,13581,545,4
3,55,97,13582,545,4
3,55,98,13583,545,4
3,55,99,13584,545,4
3,55,100,13585,545,4
3,55,101,13586,545,4
3,55,102,13587,545,4
3,55,103,13588,545,4
3,55,104,13589,545,4
3,55,105,13590,545,4
3,55,106,13591,545,4
3,55,107,13592,545,4
3,55,109,13593,545,4
3,55,110,13594,545,4
3,55,111,13595,545,4
3,55,112,13596,545,4
3,55,113,13597,545,4
3,55,114,13598,545,4
3,55,115,13599,545,4
3,55,116,13600,545,4
3,55,117,13601,545,4
3,55,118,13602,545,4
3,55,119,13603,545,4
3,55,120,13604,545,4
3,55,121,13605,545,4
3,55,123,13606,545,4
3,55,124,13607,545,4
3,55,125,13608,545,4
3,55,126,13609,545,4
3,55,127,13610,545,4
3,55,128,13611,545,4
3,55,129,13612,545,4
3,55,130,13613,545,4
3,55,131,13614,545,4
3,55,132,13615,545,4
3,55,133,13616,545,4
3,55,134,13617,545,4
3,55,135,13618,545,4
3,55,136,13619,545,4
3,55,137,13620,545,4
3,55,138,13621,545,4
3,55,139,13622,545,4
3,55,140,13623,545,4
3,55,141,13624,545,4
3,55,142,13625,545,4
3,55,143,13626,545,4
3,55,144,13627,545,4
3,55,145,13628,545,4
3,55,146,13629,545,4
3,55,147,13630,545,4
3,55,148,13631,545,4
3,55,149,13632,545,4
3,55,150,13633,545,4
3,55,151,13634,545,4
3,55,152,13635,545,4
3,55,153,13636,545,4
3,55,154,13637,545,4
3,55,155,13638,545,4
3,55,156,13639,545,4
3,55,157,13640,545,4
3,55,158,13641,545,4
3,55,159,13642,545,4
3,55,160,13643,545,4
3,55,161,13644,545,4
3,55,162,13645,545,4
3,55,163,13646,545,4
3,55,164,13647,545,4
3,55,165,13648,545,4
3,55,166,13649,545,4
3,55,167,13650,545,4
3,55,168,13651,545,4
3,55,169,13652,545,4
3,66,1,13719,611,7
3,66,2,13720,611,7
3,66,3,13721,611,7
3,66,4,13722,611,7
3,66,5,13723,611,7
3,66,6,13724,611,7
3,66,7,13725,611,7
3,66,8,13726,611,7
3,66,9,13727,611,7
3,66,10,13728,611,7
3,66,11,13729,611,7
3,66,12,13730,611,7
3,66,13,13731,611,7
3,66,14,13732,611,7
3,66,15,13733,611,7
3,66,16,13734,611,7
3,66,17,13735,611,7
3,66,18,13736,611,7
3,66,19,13737,611,7
3,66,20,13738,611,7
3,66,21,13739,611,7
3,66,22,13740,611,7
3,66,23,13741,611,7
3,66,24,13742,611,7
3,66,25,13743,611,7
3,66,26,13744,611,7
3,66,27,13745,611,7
3,66,28,13746,611,7
3,66,29,13747,611,7
3,66,30,13748,611,7
3,66,31,13749,611,7
3,66,32,13750,611,7
3,66,33,13751,611,7
3,66,34,13752,611,7
3,66,35,13753,611,7
3,66,36,13754,611,7
3,66,37,13755,611,7
3,66,38,13756,611,7
3,66,39,13757,611,7
3,66,40,13758,611,7
3,66,41,13759,611,7
3,66,42,13760,611,7
3,66,43,13761,611,7
3,66,44,13762,611,7
3,66,45,13763,611,7
3,66,46,13764,611,7
3,66,47,13765,611,7
3,67,1,13833,678,0
3,67,2,13834,678,0
3,67,3,13835,678,0
3,67,4,13836,678,0
3,67,5,13837,678,0
3,67,6,13838,678,0
3,67,7,13839,678,0
3,67,8,13840,678,0
3,67,9,13841,678,0
3,67,10,13842,678,0
3,67,11,13843,678,0
3,67,12,13844,678,0
3,67,13,13845,678,0
3,67,14,13846,678,0
3,67,15,13847,678,0
3,67,16,13848,678,0
3,67,17,13849,678,0
3,67,18,13850,678,0
3,67,19,13851,678,0
3,67,20,13852,678,0
3,67,21,13853,678,0
3,67,22,13854,678,0
3,67,23,13855,678,0
3,67,24,13856,678,0
3,67,25,13857,678,0
3,67,26,13858,678,0
3,68,1,13925,744,11
3,68,2,13926,744,11
3,68,3,13927,744,11
3,68,4,13928,744,11
3,68,5,13929,744,11
3,68,6,13930,744,11
3,68,7,13931,744,11
3,69,1,13999,811,6
3,69,2,14000,811,6
3,69,3,14001,811,6
3,69,4,14002,811,6
3,69,5,14003,811,6
3,69,6,14004,811,6
3,69,7,14005,811,6
3,69,8,14006,811,6
3,69,9,14007,811,6
3,69,10,14008,811,6
3,69,11,14009,811,6
3,69,12,14010,811,6
3,69,13,14011,811,6
3,69,14,14012,811,6
3,69,15,14013,811,6
3,69,16,14014,811,6
3,69,17,14015,811,6
3,69,18,14016,811,6
3,69,19,14017,811,6
3,69,20,14018,811,6
3,69,21,14019,811,6
3,70,1,14086,877,16
3,70,2,14087,877,16
3,70,3,14088,877,16
3,70,4,14089,877,16
3,70,5,14090,877,16
3,70,6,14091,877,16
3,70,7,14092,877,16
3,70,8,14093,877,16
3,70,10,14094,877,16
3,70,11,14095,877,16
3,70,12,14096,877,16
3,70,13,14097,877,16
3,70,14,14098,877,16
3,70,15,14099,877,16
3,70,16,14100,877,16
3,70,17,14101,877,16
3,70,18,14102,877,16
3,70,19,14103,877,16
3,70,20,14104,877,16
3,70,21,14105,877,16
3,70,22,14106,877,16
3,70,23,14107,877,16
3,70,24,14108,877,16
3,70,25,14109,877,16
3,70,26,14110,877,16
3,70,27,14111,877,16
3,70,28,14112,877,16
3,70,29,14113,877,16
3,70,30,14114,877,16
3,70,31,14115,877,16
3,70,32,14116,877,16
3,70,33,14117,877,16
3,70,34,14118,877,16
3,70,35,14119,877,16
3,70,36,14120,877,16
3,70,37,14121,877,16
3,70,38,14122,877,16
3,70,39,14123,877,16
3,70,40,14124,877,16
3,70,41,14125,877,16
3,70,42,14126,877,16
3,70,43,14127,877,16
3,70,44,14128,877,16
3,70,45,14129,877,16
3,70,46,14130,877,16
3,70,47,14131,877,16
3,70,48,14132,877,16
3,70,49,14133,877,16
3,70,50,14134,877,16
3,70,51,14135,877,16
3,70,52,14136,877,16
3,70,53,14137,877,16
3,70,54,14138,877,16
3,70,55,14139,877,16
3,70,56,14140,877,16
3,70,57,14141,877,16
3,70,58,14142,877,16
3,70,59,14143,877,16
3,70,60,14144,877,16
3,70,61,14145,877,16
3,70,62,14146,877,16
3,70,63,14147,877,16
3,70,64,14148,877,16
3,70,65,14149,877,16
3,70,66,14150,877,16
3,70,67,14151,877,16
3,70,68,14152,877,16
3,70,69,14153,877,16
3,70,70,14154,877,16
3,70,71,14155,877,16
3,70,72,14156,877,16
3,70,73,14157,877,16
3,71,1,14225,944,4
3,71,2,14226,944,4
3,71,3,14227,944,4
3,71,4,14228,944,4
3,71,5,14229,944,4
3,71,6,14230,944,4
3,71,7,14231,944,4
3,71,8,14232,944,4
3,71,9,14233,944,4
3,71,10,14234,944,4
3,71,11,14235,944,4
3,71,12,14236,944,4
3,71,13,14237,944,4
3,71,14,14238,944,4
3,71,15,14239,944,4
3,71,16,14240,944,4
3,71,17,14241,944,4
3,71,18,14242,944,4
3,71,19,14243,944,4
3,71,20,14244,944,4
3,71,21,14245,944,4
3,71,22,14246,944,4
3,71,23,14247,944,4
3,71,24,14248,944,4
3,71,25,14249,944,4
3,71,26,14250,944,4
3,71,27,14251,944,4
3,71,28,14252,944,4
3,71,29,14253,944,4
3,71,30,14254,944,4
3,71,31,14255,944,4
3,71,32,14256,944,4
3,71,33,14257,944,4
3,71,34,14258,944,4
3,71,35,14259,944,4
3,71,36,14260,944,4
3,71,37,14261,944,4
3,71,38,14262,944,4
3,71,39,14263,944,4
3,71,40,14264,944,4
3,71,41,14265,944,4
3,71,42,14266,944,4
3,71,43,14267,944,4
3,71,44,14268,944,4
3,71,45,14269,944,4
3,71,46,14270,944,4
3,71,47,14271,944,4
3,71,48,14272,944,4
3,71,49,14273,944,4
3,71,50,14274,944,4
3,71,51,14275,944,4
3,71,52,14276,944,4
3,71,53,14277,944,4
3,71,54,14278,944,4
3,71,55,14279,944,4
3,71,56,14280,944,4
3,72,1,14281,944,21
3,72,2,14282,944,21
3,72,3,14283,944,21
3,72,4,14284,944,21
3,72,5,14285,944,21
3,72,6,14286,944,21
3,72,7,14287,944,21
3,72,8,14288,944,21
3,72,9,14289,944,21
3,72,10,14290,944,21
3,72,11,14291,944,21
3,72,12,14292,944,21
3,72,13,14293,944,21
3,72,14,14294,944,21
3,72,15,14295,944,21
3,72,16,14296,944,21
3,72,17,14297,944,21
3,72,18,14298,944,21
3,72,19,14299,944,21
3,72,20,14300,944,21
3,72,21,14301,944,21
3,72,22,14302,944,21
3,72,23,14303,944,21
3,72,24,14304,944,21
3,72,25,14305,944,21
3,72,26,14306,944,21
3,72,27,14307,944,21
3,72,28,14308,944,21
3,72,29,14309,944,21
3,72,30,14310,944,21
3,72,31,14311,944,21
3,72,32,14312,944,21
3,72,33,14313,944,21
3,72,34,14314,944,21
3,72,35,14315,944,21
3,72,36,14316,944,21
3,72,37,14317,944,21
3,72,38,14318,944,21
3,72,39,14319,944,21
3,72,40,14320,944,21
3,72,41,14321,944,21
3,72,42,14322,944,21
3,72,43,14323,944,21
3,72,44,14324,944,21
3,72,45,14325,944,21
3,72,46,14326,944,21
3,72,47,14327,944,21
3,72,48,14328,944,21
3,72,50,14329,944,21
3,72,51,14330,944,21
3,72,52,14331,944,21
3,72,53,14332,944,21
3,72,54,14333,944,21
3,72,55,14334,944,21
3,72,56,14335,944,21
3,72,57,14336,944,21
3,72,58,14337,944,21
3,72,59,14338,944,21
3,72,60,14339,944,21
3,72,61,14340,944,21
3,72,62,14341,944,21
3,72,63,14342,944,21
3,72,64,14343,944,21
3,72,65,14344,944,21
3,72,66,14345,944,21
3,72,67,14346,944,21
3,72,68,14347,944,21
3,72,69,14348,944,21
3,72,70,14349,944,21
3,72,71,14350,944,21
3,72,72,14351,944,21
3,72,73,14352,944,21
3,72,74,14353,944,21
3,72,75,14354,944,21
3,72,76,14355,944,21
3,72,77,14356,944,21
3,72,78,14357,944,21
3,72,79,14358,944,21
3,72,80,14359,944,21
3,72,81,14360,944,21
3,72,82,14361,944,21
3,72,83,14362,944,21
3,72,84,14363,944,21
3,72,85,14364,944,21
3,72,86,14365,944,21
3,72,87,14366,944,21
3,72,88,14367,944,21
3,72,89,14368,944,21
3,72,90,14369,944,21
3,72,91,14370,944,21
3,72,92,14371,944,21
3,72,93,14372,944,21
3,72,94,14373,944,21
3,72,95,14374,944,21
3,72,96,14375,944,21
3,72,97,14376,944,21
3,72,98,14377,944,21
3,72,99,14378,944,21
3,72,100,14379,944,21
3,72,101,14380,944,21
3,72,102,14381,944,21
3,72,103,14382,944,21
3,72,104,14383,944,21
3,72,105,14384,944,21
3,72,106,14385,944,21
3,72,107,14386,944,21
3,73,1,14392,949,4
3,73,2,14393,949,4
3,73,3,14394,949,4
3,73,4,14395,949,4
3,73,5,14396,949,4
3,73,6,14397,949,4
3,73,7,14398,949,4
3,73,8,14399,949,4
3,73,9,14400,949,4
3,73,10,14401,949,4
3,73,11,14402,949,4
3,73,12,14403,949,4
3,73,13,14404,949,4
3,73,14,14405,949,4
3,73,15,14406,949,4
3,73,16,14407,949,4
3,73,17,14408,949,4
3,73,18,14409,949,4
3,73,19,14410,949,4
3,73,20,14411,949,4
3,73,21,14412,949,4
3,73,22,14413,949,4
3,73,23,14414,949,4
3,73,24,14415,949,4
3,73,25,14416,949,4
3,73,26,14417,949,4
3,73,27,14418,949,4
3,73,28,14419,949,4
3,73,29,14420,949,4
3,73,30,14421,949,4
3,73,31,14422,949,4
3,73,32,14423,949,4
3,73,33,14424,949,4
3,73,34,14425,949,4
3,73,35,14426,949,4
3,73,36,14427,949,4
3,73,37,14428,949,4
3,73,38,14429,949,4
3,73,39,14430,949,4
3,73,40,14431,949,4
3,73,41,14432,949,4
3,73,42,14433,949,4
3,73,43,14434,949,4
3,73,44,14435,949,4
3,73,45,14436,949,4
3,74,1,14440,952,3
3,74,2,14441,952,3
3,74,3,14442,952,3
3,74,4,14443,952,3
3,74,5,14444,952,3
3,74,6,14445,952,3
3,74,7,14446,952,3
3,74,9,14447,952,3
3,74,10,14448,952,3
3,74,11,14449,952,3
3,74,12,14450,952,3
3,74,13,14451,952,3
3,74,14,14452,952,3
3,74,15,14453,952,3
3,74,16,14454,952,3
3,74,17,14455,952,3
3,74,18,14456,952,3
3,74,19,14457,952,3
3,74,20,14458,952,3
3,74,21,14459,952,3
3,74,22,14460,952,3
3,74,24,14461,952,3
3,74,25,14462,952,3
3,74,26,14463,952,3
3,74,27,14464,952,3
3,75,1,14466,953,4
3,75,2,14467,953,4
3,75,3,14468,953,4
3,75,4,14469,953,4
3,75,5,14470,953,4
3,75,7,14471,953,4
3,75,8,14472,953,4
3,75,9,14473,953,4
3,75,10,14474,953,4
3,75,11,14475,953,4
3,75,12,14476,953,4
3,75,13,14477,953,4
3,75,14,14478,953,4
3,75,15,14479,953,4
3,75,16,14480,953,4
3,75,17,14481,953,4
3,75,18,14482,953,4
3,75,19,14483,953,4
3,75,20,14484,953,4
3,75,21,14485,953,4
3,75,22,14486,953,4
3,75,23,14487,953,4
3,75,24,14488,953,4
3,75,25,14489,953,4
3,75,26,14490,953,4
3,75,27,14491,953,4
3,75,28,14492,953,4
3,75,29,14493,953,4
3,76,1,14495,954,2
3,76,2,14496,954,2
3,76,3,14497,954,2
3,76,4,14498,954,2
3,76,5,14499,954,2
3,76,6,14500,954,2
3,76,7,14501,954,2
3,76,8,14502,954,2
3,76,9,14503,954,2
3,76,10,14504,954,2
3,76,11,14505,954,2
3,76,12,14506,954,2
3,76,13,14507,954,2
3,76,14,14508,954,2
3,76,15,14509,954,2
3,76,16,14510,954,2
3,76,17,14511,954,2
3,76,18,14512,954,2
3,76,20,14513,954,2
3,76,21,14514,954,2
3,76,22,14515,954,2
3,76,23,14516,954,2
3,76,24,14517,954,2
3,76,25,14518,954,2
3,76,26,14519,954,2
3,76,27,14520,954,2
3,76,28,14521,954,2
3,76,29,14522,954,2
3,76,30,14523,954,2
3,76,31,14524,954,2
3,76,32,14525,954,2
3,76,33,14526,954,2
3,76,34,14527,954,2
3,76,35,14528,954,2
3,76,36,14529,954,2
3,77,1,14531,955,3
3,77,2,14532,955,3
3,77,3,14533,955,3
3,77,4,14534,955,3
3,77,5,14535,955,3
3,77,6,14536,955,3
3,77,8,14537,955,3
3,77,9,14538,955,3
3,77,10,14539,955,3
3,77,11,14540,955,3
3,77,12,14541,955,3
3,77,13,14542,955,3
3,77,14,14543,955,3
3,77,15,14544,955,3
3,77,16,14545,955,3
3,77,17,14546,955,3
3,77,18,14547,955,3
3,77,19,14548,955,3
3,77,20,14549,955,3
3,78,1,14551,956,3
3,78,2,14552,956,3
3,78,3,14553,956,3
3,78,4,14554,956,3
3,78,5,14555,956,3
3,78,6,14556,956,3
3,78,7,14557,956,3
3,78,8,14558,956,3
3,78,9,14559,956,3
3,78,10,14560,956,3
3,78,11,14561,956,3
3,78,12,14562,956,3
3,78,13,14563,956,3
3,78,14,14564,956,3
3,78,15,14565,956,3
3,78,17,14566,956,3
3,78,18,14567,956,3
3,78,19,14568,956,3
3,78,20,14569,956,3
3,78,21,14570,956,3
3,78,22,14571,956,3
3,78,23,14572,956,3
3,78,24,14573,956,3
3,78,25,14574,956,3
3,78,26,14575,956,3
3,79,1,14577,957,2
3,79,2,14578,957,2
3,79,3,14579,957,2
3,79,4,14580,957,2
3,79,5,14581,957,2
3,79,6,14582,957,2
3,79,7,14583,957,2
3,79,8,14584,957,2
3,79,9,14585,957,2
3,79,10,14586,957,2
3,79,11,14587,957,2
3,79,12,14588,957,2
3,79,13,14589,957,2
3,79,14,14590,957,2
3,79,15,14591,957,2
3,79,16,14592,957,2
3,79,17,14593,957,2
3,79,18,14594,957,2
3,79,19,14595,957,2
3,79,20,14596,957,2
3,79,21,14597,957,2
3,79,22,14598,957,2
3,79,23,14599,957,2
3,79,24,14600,957,2
3,79,25,14601,957,2
3,79,26,14602,957,2
3,79,27,14603,957,2
3,79,28,14604,957,2
3,79,29,14605,957,2
3,80,1,14608,959,8
3,80,2,14609,959,8
3,80,3,14610,959,8
3,80,4,14611,959,8
3,80,5,14612,959,8
3,80,6,14613,959,8
3,80,7,14614,959,8
3,80,8,14615,959,8
3,80,9,14616,959,8
3,80,10,14617,959,8
3,80,11,14618,959,8
3,80,12,14619,959,8
3,80,13,14620,959,8
3,80,14,14621,959,8
3,80,15,14622,959,8
3,80,16,14623,959,8
3,80,17,14624,959,8
3,80,18,14625,959,8
3,80,19,14626,959,8
3,80,20,14627,959,8
3,80,21,14628,959,8
3,80,22,14629,959,8
3,80,23,14630,959,8
3,80,24,14631,959,8
3,80,25,14632,959,8
3,80,26,14633,959,8
3,80,27,14634,959,8
3,80,28,14635,959,8
3,80,29,14636,959,8
3,80,30,14637,959,8
3,80,31,14638,959,8
3,80,32,14639,959,8
3,80,33,14640,959,8
3,80,34,14641,959,8
3,80,35,14642,959,8
3,80,36,14643,959,8
3,80,37,14644,959,8
3,80,38,14645,959,8
3,80,39,14646,959,8
3,80,40,14647,959,8
3,80,41,14648,959,8
3,80,42,14649,959,8
3,80,43,14650,959,8
3,80,44,14651,959,8
3,80,45,14652,959,8
3,80,46,14653,959,8
3,80,47,14654,959,8
3,80,48,14655,959,8
3,80,49,14656,959,8
3,80,50,14657,959,8
3,80,51,14658,959,8
3,80,52,14659,959,8
3,80,53,14660,959,8
3,80,54,14661,959,8
3,80,55,14662,959,8
3,80,56,14663,959,8
3,80,57,14664,959,8
3,80,58,14665,959,8
3,80,59,14666,959,8
3,80,60,14667,959,8
3,80,61,14668,959,8
3,80,62,14669,959,8
3,80,63,14670,959,8
3,80,64,14671,959,8
3,80,65,14672,959,8
3,80,66,14673,959,8
3,80,67,14674,959,8
3,80,68,14675,959,8
3,80,69,14676,959,8
3,80,70,14677,959,8
3,80,71,14678,959,8
3,80,72,14679,959,8
3,80,73,14680,959,8
3,80,74,14681,959,8
3,80,75,14682,959,8
3,80,77,14683,959,8
3,80,78,14684,959,8
3,80,79,14685,959,8
3,80,80,14686,959,8
3,80,81,14687,959,8
3,80,82,14688,959,8
3,80,83,14689,959,8
3,80,84,14690,959,8
3,80,85,14691,959,8
3,80,86,14692,959,8
3,80,87,14693,959,8
3,80,88,14694,959,8
3,80,89,14695,959,8
3,81,1,14697,960,3
3,81,2,14698,960,3
3,81,3,14699,960,3
3,81,4,14700,960,3
3,81,5,14701,960,3
3,81,6,14702,960,3
3,81,7,14703,960,3
3,81,8,14704,960,3
3,81,9,14705,960,3
3,81,10,14706,960,3
3,81,11,14707,960,3
3,81,12,14708,960,3
3,81,13,14709,960,3
3,81,14,14710,960,3
3,81,15,14711,960,3
3,81,16,14712,960,3
3,81,17,14713,960,3
3,81,18,14714,960,3
3,81,19,14715,960,3
3,81,20,14716,960,3
3,81,21,14717,960,3
3,82,1,14720,962,14
3,82,2,14721,962,14
3,82,3,14722,962,14
3,82,4,14723,962,14
3,82,5,14724,962,14
3,82,6,14725,962,14
3,82,7,14726,962,14
3,82,8,14727,962,14
3,82,10,14728,962,14
3,82,11,14729,962,14
3,82,12,14730,962,14
3,82,14,14731,962,14
3,82,15,14732,962,14
3,82,16,14733,962,14
3,82,17,14734,962,14
3,82,18,14735,962,14
3,82,19,14736,962,14
3,82,20,14737,962,14
3,82,21,14738,962,14
3,82,22,14739,962,14
3,82,23,14740,962,14
3,82,24,14741,962,14
3,82,25,14742,962,14
3,82,26,14743,962,14
3,82,27,14744,962,14
3,82,28,14745,962,14
3,82,29,14746,962,14
3,82,30,14747,962,14
3,82,31,14748,962,14
3,82,32,14749,962,14
3,82,33,14750,962,14
3,82,34,14751,962,14
3,82,35,14752,962,14
3,82,36,14753,962,14
3,82,37,14754,962,14
3,82,38,14755,962,14
3,82,39,14756,962,14
3,82,40,14757,962,14
3,82,41,14758,962,14
3,82,42,14759,962,14
3,82,43,14760,962,14
3,83,1,14763,964,2
3,83,2,14764,964,2
3,83,3,14765,964,2
3,83,4,14766,964,2
3,83,5,14767,964,2
3,83,6,14768,964,2
3,83,7,14769,964,2
3,83,8,14770,964,2
3,83,9,14771,964,2
3,83,10,14772,964,2
3,83,11,14773,964,2
3,83,12,14774,964,2
3,83,13,14775,964,2
3,83,14,14776,964,2
3,83,15,14777,964,2
3,83,16,14778,964,2
3,83,17,14779,964,2
3,83,18,14780,964,2
3,83,19,14781,964,2
3,83,20,14782,964,2
3,83,21,14783,964,2
3,83,22,14784,964,2
3,83,23,14785,964,2
3,83,24,14786,964,2
3,83,25,14787,964,2
3,83,26,14788,964,2
3,83,27,14789,964,2
3,83,28,14790,964,2
3,83,29,14791,964,2
3,83,30,14792,964,2
3,83,31,14793,964,2
3,83,32,14794,964,2
3,84,1,14797,966,1
3,84,2,14798,966,1
3,84,3,14799,966,1
3,84,4,14800,966,1
3,84,5,14801,966,1
3,84,6,14802,966,1
3,84,7,14803,966,1
3,84,8,14804,966,1
3,84,9,14805,966,1
3,84,10,14806,966,1
3,84,11,14807,966,1
3,84,12,14808,966,1
3,84,13,14809,966,1
3,84,14,14810,966,1
3,84,15,14811,966,1
3,84,16,14812,966,1
3,84,17,14813,966,1
3,84,18,14814,966,1
3,84,19,14815,966,1
3,84,20,14816,966,1
3,84,21,14817,966,1
3,84,22,14818,966,1
3,84,23,14819,966,1
3,84,24,14820,966,1
3,84,25,14821,966,1
3,84,26,14822,966,1
3,84,27,14823,966,1
3,84,28,14824,966,1
3,85,1,14826,967,8
3,85,2,14827,967,8
3,85,3,14828,967,8
3,85,4,14829,967,8
3,85,5,14830,967,8
3,85,6,14831,967,8
3,85,7,14832,967,8
3,85,8,14833,967,8
3,85,9,14834,967,8
3,85,10,14835,967,8
3,85,11,14836,967,8
3,85,12,14837,967,8
3,85,13,14838,967,8
3,85,14,14839,967,8
3,85,15,14840,967,8
3,85,16,14841,967,8
3,85,17,14842,967,8
3,85,18,14843,967,8
3,85,20,14844,967,8
3,85,21,14845,967,8
3,85,22,14846,967,8
3,86,1,14849,969,13
3,86,2,14850,969,13
3,86,3,14851,969,13
3,86,4,14852,969,13
3,86,5,14853,969,13
3,86,6,14854,969,13
3,86,7,14855,969,13
3,86,8,14856,969,13
3,86,9,14857,969,13
3,86,10,14858,969,13
3,86,11,14859,969,13
3,86,12,14860,969,13
3,86,13,14861,969,13
3,86,14,14862,969,13
3,86,15,14863,969,13
3,86,16,14864,969,13
3,86,17,14865,969,13
3,86,18,14866,969,13
3,87,1,14867,969,9
3,87,2,14868,969,9
3,87,3,14869,969,9
3,87,4,14870,969,9
3,87,5,14871,969,9
3,87,6,14872,969,9
3,87,7,14873,969,9
3,87,8,14874,969,9
3,87,9,14875,969,9
3,87,10,14876,969,9
3,87,11,14877,969,9
3,87,12,14878,969,9
3,87,13,14879,969,9
3,87,14,14880,969,9
3,87,15,14881,969,9
3,87,16,14882,969,9
3,87,17,14883,969,9
3,87,18,14884,969,9
3,87,19,14885,969,9
3,87,20,14886,969,9
3,87,21,14887,969,9
3,87,22,14888,969,9
3,87,23,14889,969,9
3,87,24,14890,969,9
3,87,25,14891,969,9
3,87,26,14892,969,9
3,87,27,14893,969,9
3,87,28,14894,969,9
3,87,29,14895,969,9
3,87,30,14896,969,9
3,87,31,14897,969,9
3,87,32,14898,969,9
3,87,33,14899,969,9
3,87,34,14900,969,9
3,87,35,14901,969,9
3,87,36,14902,969,9
3,87,37,14903,969,9
3,87,38,14904,969,9
3,88,1,14905,969,3
3,88,2,14906,969,3
3,88,3,14907,969,3
3,88,4,14908,969,3
3,88,5,14909,969,3
3,88,6,14910,969,3
3,88,7,14911,969,3
3,88,8,14912,969,3
3,88,9,14913,969,3
3,88,10,14914,969,3
3,88,11,14915,969,3
3,88,12,14916,969,3
3,88,13,14917,969,3
3,88,14,14918,969,3
3,88,15,14919,969,3
3,88,16,14920,969,3
3,88,17,14921,969,3
3,88,18,14922,969,3
3,88,19,14923,969,3
3,88,20,14924,969,3
3,88,21,14925,969,3
3,88,22,14926,969,3
3,88,23,14927,969,3
3,88,24,14928,969,3
3,88,25,14929,969,3
3,88,26,14930,969,3
3,88,27,14931,969,3
3,88,28,14932,969,3
3,88,29,14933,969,3
3,88,30,14934,969,3
3,88,31,14935,969,3
3,88,32,14936,969,3
3,88,33,14937,969,3
3,88,34,14938,969,3
3,88,35,14939,969,3
3,88,36,14940,969,3
3,88,37,14941,969,3
3,88,38,14942,969,3
3,88,39,14943,969,3
3,88,40,14944,969,3
3,88,41,14945,969,3
3,88,42,14946,969,3
3,88,43,14947,969,3
3,88,44,14948,969,3
3,88,45,14949,969,3
3,88,46,14950,969,3
3,88,47,14951,969,3
3,88,48,14952,969,3
3,88,49,14953,969,3
3,88,50,14954,969,3
3,88,51,14955,969,3
3,88,52,14956,969,3
3,88,53,14957,969,3
3,88,54,14958,969,3
3,88,55,14959,969,3
3,88,56,14960,969,3
3,88,57,14961,969,3
3,88,58,14962,969,3
3,88,59,14963,969,3
3,88,60,14964,969,3
3,88,61,14965,969,3
3,88,62,14966,969,3
3,88,63,14967,969,3
3,88,64,14968,969,3
3,88,65,14969,969,3
3,88,66,14970,969,3
3,88,67,14971,969,3
3,89,1,14972,969,2
3,89,2,14973,969,2
3,89,3,14974,969,2
3,89,4,14975,969,2
3,89,5,14976,969,2
3,89,6,14977,969,2
3,89,7,14978,969,2
3,89,8,14979,969,2
3,89,9,14980,969,2
3,89,10,14981,969,2
3,89,11,14982,969,2
3,89,12,14983,969,2
3,89,13,14984,969,2
3,89,14,14985,969,2
3,89,15,14986,969,2
3,89,16,14987,969,2
3,89,17,14988,969,2
3,89,18,14989,969,2
3,89,19,14990,969,2
3,89,20,14991,969,2
3,90,1,14992,969,6
3,90,2,14993,969,6
3,90,3,14994,969,6
3,90,4,14995,969,6
3,90,5,14996,969,6
3,90,6,14997,969,6
3,90,7,14998,969,6
3,90,8,14999,969,6
3,90,9,15000,969,6
3,90,10,15001,969,6
3,90,11,15002,969,6
3,90,12,15003,969,6
3,90,13,15004,969,6
3,90,14,15005,969,6
3,90,15,15006,969,6
3,90,16,15007,969,6
3,90,17,15008,969,6
3,90,18,15009,969,6
3,90,19,15010,969,6
3,90,20,15011,969,6
3,90,21,15012,969,6
3,90,22,15013,969,6
3,90,24,15014,969,6
3,90,25,15015,969,6
3,90,26,15016,969,6
3,90,27,15017,969,6
3,90,28,15018,969,6
3,90,29,15019,969,6
3,90,30,15020,969,6
3,90,31,15021,969,6
3,90,32,15022,969,6
3,90,33,15023,969,6
3,90,34,15024,969,6
3,90,35,15025,969,6
3,90,36,15026,969,6
3,90,37,15027,969,6
3,90,38,15028,969,6
3,91,1,15024,964,4
3,91,2,15025,964,4
3,91,3,15026,964,4
3,91,4,15027,964,4
3,91,5,15028,964,4
3,91,6,15029,964,4
3,91,7,15030,964,4
3,91,8,15031,964,4
3,91,9,15032,964,4
3,91,10,15033,964,4
3,91,11,15034,964,4
3,91,12,15035,964,4
3,91,13,15036,964,4
3,91,14,15037,964,4
3,91,15,15038,964,4
3,91,16,15039,964,4
3,91,17,15040,964,4
3,91,18,15041,964,4
3,92,1,15048,970,4
3,92,2,15049,970,4
3,92,3,15050,970,4
3,92,4,15051,970,4
3,92,5,15052,970,4
3,92,6,15053,970,4
3,92,7,15054,970,4
3,92,8,15055,970,4
3,92,9,15056,970,4
3,92,10,15057,970,4
3,92,11,15058,970,4
3,92,12,15059,970,4
3,92,13,15060,970,4
3,92,14,15061,970,4
3,92,15,15062,970,4
3,92,16,15063,970,4
3,92,17,15064,970,4
3,92,18,15065,970,4
3,92,19,15066,970,4
3,92,20,15067,970,4
3,92,21,15068,970,4
3,92,22,15069,970,4
3,92,23,15070,970,4
3,93,1,15071,970,3
3,93,2,15072,970,3
3,93,3,15073,970,3
3,93,4,15074,970,3
3,93,5,15075,970,3
3,93,6,15076,970,3
3,93,7,15077,970,3
3,93,8,15078,970,3
3,93,9,15079,970,3
3,93,10,15080,970,3
3,93,11,15081,970,3
3,93,12,15082,970,3
3,93,13,15083,970,3
3,93,14,15084,970,3
3,93,15,15085,970,3
3,93,16,15086,970,3
3,93,17,15087,970,3
3,93,18,15088,970,3
3,93,19,15089,970,3
3,93,20,15090,970,3
3,93,21,15091,970,3
3,93,22,15092,970,3
3,93,23,15093,970,3
3,93,24,15094,970,3
3,93,25,15095,970,3
3,94,1,15096,970,5
3,94,2,15097,970,5
3,94,3,15098,970,5
3,94,4,15099,970,5
3,94,5,15100,970,5
3,94,6,15101,970,5
3,94,7,15102,970,5
3,94,8,15103,970,5
3,94,9,15104,970,5
3,94,10,15105,970,5
3,94,11,15106,970,5
3,94,12,15107,970,5
3,94,13,15108,970,5
3,94,14,15109,970,5
3,94,15,15110,970,5
3,94,16,15111,970,5
3,94,17,15112,970,5
3,94,18,15113,970,5
3,94,19,15114,970,5
3,94,20,15115,970,5
3,94,21,15116,970,5
3,94,22,15117,970,5
3,94,23,15118,970,5
3,94,24,15119,970,5
3,94,26,15120,970,5
3,94,27,15121,970,5
3,94,28,15122,970,5
3,94,29,15123,970,5
3,94,30,15124,970,5
3,94,31,15125,970,5
3,94,32,15126,970,5
3,94,33,15127,970,5
3,95,1,15128,970,5
3,95,2,15129,970,5
3,95,3,15130,970,5
3,95,4,15131,970,5
3,95,5,15132,970,5
3,95,6,15133,970,5
3,95,7,15134,970,5
3,95,8,15135,970,5
3,95,9,15136,970,5
3,95,10,15137,970,5
3,95,11,15138,970,5
3,95,12,15139,970,5
3,95,13,15140,970,5
3,95,14,15141,970,5
3,95,15,15142,970,5
3,95,16,15143,970,5
3,95,17,15144,970,5
3,95,18,15145,970,5
3,95,19,15146,970,5
3,95,20,15147,970,5
3,95,21,15148,970,5
3,95,22,15149,970,5
3,95,23,15150,970,5
3,95,24,15151,970,5
3,95,25,15152,970,5
3,95,26,15153,970,5
3,95,27,15154,970,5
3,95,28,15155,970,5
3,95,29,15156,970,5
3,95,30,15157,970,5
3,95,31,15158,970,5
3,95,32,15159,970,5
3,95,33,15160,970,5
3,95,34,15161,970,5
3,95,35,15162,970,5
3,95,36,15163,970,5
3,95,37,15164,970,5
3,95,38,15165,970,5
3,95,39,15166,970,5
3,95,40,15167,970,5
3,95,41,15168,970,5
3,96,1,15175,976,1
3,96,2,15176,976,1
3,96,3,15177,976,1
3,96,4,15178,976,1
3,96,5,15179,976,1
3,96,6,15180,976,1
3,96,7,15181,976,1
3,96,8,15182,976,1
3,96,9,15183,976,1
3,96,11,15184,976,1
3,96,12,15185,976,1
3,96,13,15186,976,1
3,96,14,15187,976,1
3,96,15,15188,976,1
3,96,16,15189,976,1
3,96,17,15190,976,1
3,96,18,15191,976,1
3,96,19,15192,976,1
3,96,20,15193,976,1
3,96,21,15194,976,1
3,96,22,15195,976,1
3,96,23,15196,976,1
3,96,24,15197,976,1
3,96,25,15198,976,1
3,96,26,15199,976,1
3,96,27,15200,976,1
3,96,28,15201,976,1
3,96,29,15202,976,1
3,96,30,15203,976,1
3,96,31,15204,976,1
3,96,32,15205,976,1
3,96,33,15206,976,1
3,96,34,15207,976,1
3,96,35,15208,976,1
3,96,36,15209,976,1
3,96,37,15210,976,1
3,96,38,15211,976,1
3,97,1,15209,973,2
3,97,2,15210,973,2
3,97,3,15211,973,2
3,97,4,15212,973,2
3,97,5,15213,973,2
3,97,6,15214,973,2
3,97,7,15215,973,2
3,97,8,15216,973,2
3,97,9,15217,973,2
3,97,10,15218,973,2
3,97,11,15219,973,2
3,97,12,15220,973,2
3,97,13,15221,973,2
3,97,14,15222,973,2
3,97,15,15223,973,2
3,97,16,15224,973,2
3,97,17,15225,973,2
3,97,18,15226,973,2
3,97,19,15227,973,2
3,97,20,15228,973,2
3,97,21,15229,973,2
3,97,22,15230,973,2
3,97,23,15231,973,2
3,97,24,15232,973,2
3,97,25,15233,973,2
3,97,26,15234,973,2
3,98,1,15236,974,2
3,98,2,15237,974,2
3,98,3,15238,974,2
3,98,4,15239,974,2
3,98,5,15240,974,2
3,98,6,15241,974,2
3,98,7,15242,974,2
3,98,8,15243,974,2
3,98,9,15244,974,2
3,98,10,15245,974,2
3,98,11,15246,974,2
3,98,12,15247,974,2
3,98,13,15248,974,2
3,98,14,15249,974,2
3,98,15,15250,974,2
3,98,16,15251,974,2
3,98,17,15252,974,2
3,98,18,15253,974,2
3,98,19,15254,974,2
3,98,20,15255,974,2
3,98,21,15256,974,2
3,98,22,15257,974,2
3,98,23,15258,974,2
3,98,24,15259,974,2
3,98,25,15260,974,2
3,99,1,15262,975,3
3,99,2,15263,975,3
3,99,3,15264,975,3
3,99,4,15265,975,3
3,99,5,15266,975,3
3,99,6,15267,975,3
3,99,7,15268,975,3
3,99,8,15269,975,3
3,99,9,15270,975,3
3,99,10,15271,975,3
3,99,11,15272,975,3
3,99,12,15273,975,3
3,99,13,15274,975,3
3,99,14,15275,975,3
3,99,15,15276,975,3
3,100,1,15279,977,1
3,100,2,15280,977,1
3,100,3,15281,977,1
3,100,4,15282,977,1
3,100,5,15283,977,1
3,100,6,15284,977,1
3,100,7,15285,977,1
3,100,8,15286,977,1
3,100,9,15287,977,1
3,100,10,15288,977,1
3,100,11,15289,977,1
3,100,12,15290,977,1
3,100,13,15291,977,1
3,100,14,15292,977,1
3,100,15,15293,977,1
3,100,16,15294,977,1
3,100,17,15295,977,1
3,100,18,15296,977,1
3,100,19,15297,977,1
3,100,20,15298,977,1
3,100,21,15299,977,1
3,100,22,15300,977,1
3,100,23,15301,977,1
3,100,24,15302,977,1
3,100,25,15303,977,1
3,100,26,15304,977,1
3,100,27,15305,977,1
3,100,28,15306,977,1
3,100,29,15307,977,1
3,100,30,15308,977,1
3,100,31,15309,977,1
3,100,32,15310,977,1
3,100,33,15311,977,1
3,100,34,15312,977,1
3,100,35,15313,977,1
3,100,36,15314,977,1
3,100,37,15315,977,1
3,100,38,15316,977,1
3,100,39,15317,977,1
3,100,40,15318,977,1
3,100,41,15319,977,1
3,100,42,15320,977,1
3,100,43,15321,977,1
3,100,44,15322,977,1
3,101,1,15325,979,4
3,101,2,15326,979,4
3,101,3,15327,979,4
3,101,4,15328,979,4
3,101,5,15329,979,4
3,101,6,15330,979,4
3,101,7,15331,979,4
3,101,8,15332,979,4
3,101,9,15333,979,4
3,101,10,15334,979,4
3,101,11,15335,979,4
3,101,12,15336,979,4
3,101,13,15337,979,4
3,101,14,15338,979,4
3,101,15,15339,979,4
3,101,16,15340,979,4
3,101,17,15341,979,4
3,101,18,15342,979,4
3,101,19,15343,979,4
3,101,20,15344,979,4
3,101,21,15345,979,4
3,101,22,15346,979,4
3,101,23,15347,979,4
3,101,24,15348,979,4
3,101,25,15349,979,4
3,102,1,15349,978,1
3,102,2,15350,978,1
3,102,3,15351,978,1
3,102,4,15352,978,1
3,102,5,15353,978,1
3,102,6,15354,978,1
3,102,7,15355,978,1
3,102,8,15356,978,1
3,102,9,15357,978,1
3,102,10,15358,978,1
3,102,11,15359,978,1
3,102,12,15360,978,1
3,102,13,15361,978,1
3,102,14,15362,978,1
3,102,15,15363,978,1
3,102,16,15364,978,1
3,102,17,15365,978,1
3,102,18,15366,978,1
3,102,19,15367,978,1
3,102,20,15368,978,1
3,102,21,15369,978,1
3,102,22,15370,978,1
3,102,23,15371,978,1
3,102,24,15372,978,1
3,103,1,15376,981,1
3,103,2,15377,981,1
3,103,3,15378,981,1
3,103,4,15379,981,1
3,103,5,15380,981,1
3,103,6,15381,981,1
3,103,7,15382,981,1
3,103,8,15383,981,1
3,103,9,15384,981,1
3,103,10,15385,981,1
3,104,1,15381,976,3
3,104,2,15382,976,3
3,104,3,15383,976,3
3,104,4,15384,976,3
3,104,5,15385,976,3
3,104,6,15386,976,3
3,104,7,15387,976,3
3,104,8,15388,976,3
3,104,9,15389,976,3
3,104,10,15390,976,3
3,104,11,15391,976,3
3,104,12,15392,976,3
3,104,13,15393,976,3
3,104,14,15394,976,3
3,104,15,15395,976,3
3,104,16,15396,976,3
3,104,17,15397,976,3
3,104,18,15398,976,3
3,104,19,15399,976,3
3,105,1,15406,982,5
3,105,2,15407,982,5
3,105,3,15408,982,5
3,105,4,15409,982,5
3,105,5,15410,982,5
3,105,6,15411,982,5
3,105,7,15412,982,5
3,105,8,15413,982,5
3,105,9,15414,982,5
3,105,10,15415,982,5
3,105,11,15416,982,5
3,105,12,15417,982,5
3,105,13,15418,982,5
3,105,14,15419,982,5
3,105,15,15420,982,5
3,105,16,15421,982,5
3,105,17,15422,982,5
3,105,18,15423,982,5
3,105,19,15424,982,5
3,105,20,15425,982,5
3,105,21,15426,982,5
3,105,22,15427,982,5
3,105,23,15428,982,5
3,105,24,15429,982,5
3,105,25,15430,982,5
3,105,26,15431,982,5
3,105,27,15432,982,5
3,106,1,15435,984,1
3,106,2,15436,984,1
3,106,3,15437,984,1
3,106,4,15438,984,1
3,106,5,15439,984,1
3,106,6,15440,984,1
3,106,7,15441,984,1
3,106,8,15442,984,1
3,106,9,15443,984,1
3,106,10,15444,984,1
3,106,11,15445,984,1
3,106,12,15446,984,1
3,106,13,15447,984,1
3,106,14,15448,984,1
3,106,15,15449,984,1
3,106,16,15450,984,1
3,106,17,15451,984,1
3,107,1,15454,986,4
3,107,2,15455,986,4
3,107,3,15456,986,4
3,107,4,15457,986,4
3,107,5,15458,986,4
3,107,6,15459,986,4
3,107,7,15460,986,4
3,107,8,15461,986,4
3,107,9,15462,986,4
3,107,10,15463,986,4
3,107,11,15464,986,4
3,107,13,15465,986,4
3,107,14,15466,986,4
3,107,15,15467,986,4
3,107,16,15468,986,4
3,107,17,15469,986,4
3,107,18,15470,986,4
3,107,19,15471,986,4
3,107,20,15472,986,4
3,107,21,15473,986,4
3,107,22,15474,986,4
3,107,23,15475,986,4
3,107,24,15476,986,4
3,107,25,15477,986,4
3,107,26,15478,986,4
3,107,27,15479,986,4
3,107,28,15480,986,4
3,107,29,15481,986,4
3,107,30,15482,986,4
3,108,1,15483,986,1
3,108,2,15484,986,1
3,108,3,15485,986,1
3,108,4,15486,986,1
3,108,5,15487,986,1
3,108,6,15488,986,1
3,108,7,15489,986,1
3,108,8,15490,986,1
3,108,9,15491,986,1
3,108,10,15492,986,1
3,108,11,15493,986,1
3,108,12,15494,986,1
3,108,13,15495,986,1
3,108,14,15496,986,1
3,108,15,15497,986,1
3,108,16,15498,986,1
3,108,17,15499,986,1
3,108,18,15500,986,1
3,108,19,15501,986,1
3,109,1,15502,986,6
3,109,2,15503,986,6
3,109,3,15504,986,6
3,109,4,15505,986,6
3,109,5,15506,986,6
3,109,6,15507,986,6
3,109,7,15508,986,6
3,109,8,15509,986,6
3,109,9,15510,986,6
3,109,10,15511,986,6
3,109,11,15512,986,6
3,109,12,15513,986,6
3,109,13,15514,986,6
3,109,14,15515,986,6
3,109,15,15516,986,6
3,109,16,15517,986,6
3,109,17,15518,986,6
3,109,18,15519,986,6
3,109,19,15520,986,6
3,109,20,15521,986,6
3,110,1,15516,980,4
3,110,2,15517,980,4
3,110,3,15518,980,4
3,110,4,15519,980,4
3,110,5,15520,980,4
3,110,6,15521,980,4
3,110,7,15522,980,4
3,110,8,15523,980,4
3,110,9,15524,980,4
3,110,10,15525,980,4
3,110,11,15526,980,4
3,110,12,15527,980,4
3,110,13,15528,980,4
3,110,14,15529,980,4
3,110,15,15530,980,4
3,110,16,15531,980,4
3,110,17,15532,980,4
3,111,1,15539,986,4
3,111,2,15540,986,4
3,111,3,15541,986,4
3,111,4,15542,986,4
3,111,5,15543,986,4
3,111,6,15544,986,4
3,111,7,15545,986,4
3,111,8,15546,986,4
3,111,9,15547,986,4
3,111,10,15548,986,4
3,111,11,15549,986,4
3,111,12,15550,986,4
3,111,13,15551,986,4
3,111,14,15552,986,4
3,111,15,15553,986,4
3,111,16,15554,986,4
3,111,17,15555,986,4
3,111,18,15556,986,4
3,111,19,15557,986,4
3,111,20,15558,986,4
3,111,21,15559,986,4
3,111,22,15560,986,4
3,111,23,15561,986,4
3,111,24,15562,986,4
3,111,25,15563,986,4
3,111,26,15564,986,4
3,111,27,15565,986,4
3,111,28,15566,986,4
3,111,29,15567,986,4
3,111,30,15568,986,4
3,111,31,15569,986,4
3,111,32,15570,986,4
3,111,33,15571,986,4
3,111,34,15572,986,4
3,111,35,15573,986,4
3,111,36,15574,986,4
3,111,37,15575,986,4
3,111,38,15576,986,4
3,111,39,15577,986,4
3,111,40,15578,986,4
3,111,42,15579,986,4
3,111,43,15580,986,4
3,111,44,15581,986,4
3,111,45,15582,986,4
3,111,46,15583,986,4
3,111,47,15584,986,4
3,111,48,15585,986,4
3,111,49,15586,986,4
3,111,50,15587,986,4
3,111,51,15588,986,4
3,111,52,15589,986,4
3,111,53,15590,986,4
3,111,54,15591,986,4
3,111,55,15592,986,4
3,111,56,15593,986,4
3,111,57,15594,986,4
3,111,58,15595,986,4
3,111,59,15596,986,4
3,111,60,15597,986,4
3,111,61,15598,986,4
3,111,62,15599,986,4
3,111,63,15600,986,4
3,111,64,15601,986,4
3,111,65,15602,986,4
3,111,66,15603,986,4
3,111,67,15604,986,4
3,111,68,15605,986,4
3,111,69,15606,986,4
3,112,1,15608,987,4
3,112,2,15609,987,4
3,112,3,15610,987,4
3,112,4,15611,987,4
3,112,5,15612,987,4
3,112,6,15613,987,4
3,112,7,15614,987,4
3,112,8,15615,987,4
3,112,9,15616,987,4
3,112,10,15617,987,4
3,112,11,15618,987,4
3,112,12,15619,987,4
3,112,13,15620,987,4
3,112,14,15621,987,4
3,112,15,15622,987,4
3,112,16,15623,987,4
3,112,17,15624,987,4
3,112,18,15625,987,4
3,112,19,15626,987,4
3,112,20,15627,987,4
3,112,21,15628,987,4
3,112,22,15629,987,4
3,112,23,15630,987,4
3,112,24,15631,987,4
3,113,1,15633,988,4
3,113,2,15634,988,4
3,113,3,15635,988,4
3,113,4,15636,988,4
3,113,5,15637,988,4
3,113,6,15638,988,4
3,113,7,15639,988,4
3,113,8,15640,988,4
3,113,9,15641,988,4
3,113,10,15642,988,4
3,113,11,15643,988,4
3,113,12,15644,988,4
3,113,13,15645,988,4
3,113,14,15646,988,4
3,113,15,15647,988,4
3,113,16,15648,988,4
3,113,17,15649,988,4
3,113,18,15650,988,4
3,113,19,15651,988,4
3,113,20,15652,988,4
3,113,21,15653,988,4
3,113,22,15654,988,4
3,113,23,15655,988,4
3,113,24,15656,988,4
3,113,25,15657,988,4
3,113,26,15658,988,4
3,113,27,15659,988,4
3,113,28,15660,988,4
3,114,1,15662,989,4
3,114,2,15663,989,4
3,114,3,15664,989,4
3,114,4,15665,989,4
3,114,5,15666,989,4
3,114,6,15667,989,4
3,114,7,15668,989,4
3,114,8,15669,989,4
3,114,9,15670,989,4
3,114,10,15671,989,4
3,114,11,15672,989,4
3,114,12,15673,989,4
3,114,13,15674,989,4
3,114,14,15675,989,4
3,114,15,15676,989,4
3,114,16,15677,989,4
3,114,17,15678,989,4
3,114,18,15679,989,4
3,114,19,15680,989,4
3,114,20,15681,989,4
3,114,21,15682,989,4
3,114,22,15683,989,4
3,114,23,15684,989,4
3,114,24,15685,989,4
3,114,25,15686,989,4
3,114,26,15687,989,4
3,114,27,15688,989,4
3,114,28,15689,989,4
3,114,29,15690,989,4
3,114,30,15691,989,4
3,114,31,15692,989,4
3,114,32,15693,989,4
3,114,33,15694,989,4
3,114,34,15695,989,4
3,114,35,15696,989,4
3,114,36,15697,989,4
3,114,37,15698,989,4
3,114,38,15699,989,4
3,114,39,15700,989,4
3,114,40,15701,989,4
3,114,41,15702,989,4
3,114,42,15703,989,4
3,115,1,15705,990,5
3,115,2,15706,990,5
3,115,3,15707,990,5
3,115,5,15708,990,5
3,115,6,15709,990,5
3,115,7,15710,990,5
3,115,8,15711,990,5
3,115,9,15712,990,5
3,115,10,15713,990,5
3,115,11,15714,990,5
3,115,12,15715,990,5
3,115,13,15716,990,5
3,115,14,15717,990,5
3,115,15,15718,990,5
3,115,16,15719,990,5
3,115,17,15720,990,5
3,115,18,15721,990,5
3,115,19,15722,990,5
3,115,20,15723,990,5
3,115,21,15724,990,5
3,115,22,15725,990,5
3,115,23,15726,990,5
3,115,24,15727,990,5
3,115,25,15728,990,5
3,115,26,15729,990,5
3,115,27,15730,990,5
3,115,28,15731,990,5
3,115,29,15732,990,5
3,115,30,15733,990,5
3,115,31,15734,990,5
3,115,32,15735,990,5
3,115,33,15736,990,5
3,115,34,15737,990,5
3,115,35,15738,990,5
3,115,36,15739,990,5
3,115,37,15740,990,5
3,115,38,15741,990,5
3,115,39,15742,990,5
3,116,1,15745,992,1
3,116,2,15746,992,1
3,116,3,15747,992,1
3,116,4,15748,992,1
3,116,5,15749,992,1
3,116,6,15750,992,1
3,116,7,15751,992,1
3,116,8,15752,992,1
3,116,9,15753,992,1
3,117,1,15757,995,0
3,117,2,15758,995,0
3,117,3,15759,995,0
3,117,4,15760,995,0
3,117,5,15761,995,0
3,117,6,15762,995,0
3,117,7,15763,995,0
3,117,8,15764,995,0
3,117,9,15765,995,0
3,117,10,15766,995,0
3,117,11,15767,995,0
3,117,12,15768,995,0
3,117,13,15769,995,0
3,117,14,15770,995,0
3,118,1,15774,998,18
3,118,2,15775,998,18
3,118,3,15776,998,18
3,118,4,15777,998,18
3,118,5,15778,998,18
3,118,6,15779,998,18
3,118,7,15780,998,18
3,118,8,15781,998,18
3,118,9,15782,998,18
3,118,10,15783,998,18
3,118,11,15784,998,18
3,118,12,15785,998,18
3,118,13,15786,998,18
3,118,14,15787,998,18
3,118,15,15788,998,18
3,118,16,15789,998,18
3,118,17,15790,998,18
3,118,18,15791,998,18
3,118,19,15792,998,18
3,118,20,15793,998,18
3,118,21,15794,998,18
3,118,22,15795,998,18
3,118,23,15796,998,18
3,118,24,15797,998,18
3,118,25,15798,998,18
3,118,26,15799,998,18
3,118,27,15800,998,18
3,118,28,15801,998,18
3,118,29,15802,998,18
3,118,30,15803,998,18
3,118,31,15804,998,18
3,118,32,15805,998,18
3,118,33,15806,998,18
3,118,34,15807,998,18
3,118,35,15808,998,18
3,118,36,15809,998,18
3,118,37,15810,998,18
3,118,38,15811,998,18
3,118,39,15812,998,18
3,118,40,15813,998,18
3,118,41,15814,998,18
3,118,42,15815,998,18
3,118,43,15816,998,18
3,118,44,15817,998,18
3,118,45,15818,998,18
3,118,47,15819,998,18
3,118,48,15820,998,18
3,119,1,15823,1000,2
3,119,2,15824,1000,2
3,119,3,15825,1000,2
3,119,4,15826,1000,2
3,119,5,15827,1000,2
3,119,6,15828,1000,2
3,119,7,15829,1000,2
3,119,8,15830,1000,2
3,119,9,15831,1000,2
3,119,10,15832,1000,2
3,119,11,15833,1000,2
3,119,12,15834,1000,2
3,119,13,15835,1000,2
3,119,14,15836,1000,2
3,119,15,15837,1000,2
3,119,16,15838,1000,2
3,119,17,15839,1000,2
3,119,18,15840,1000,2
3,119,20,15841,1000,2
3,120,1,15843,1001,0
3,120,2,15844,1001,0
3,120,3,15845,1001,0
3,120,4,15846,1001,0
3,120,5,15847,1001,0
3,120,6,15848,1001,0
3,120,7,15849,1001,0
3,120,8,15850,1001,0
3,120,9,15851,1001,0
3,120,10,15852,1001,0
3,120,11,15853,1001,0
3,120,12,15854,1001,0
3,120,13,15855,1001,0
3,120,14,15856,1001,0
3,120,15,15857,1001,0
3,120,16,15858,1001,0
3,120,17,15859,1001,0
3,120,18,15860,1001,0
3,121,1,15861,1001,2
3,121,2,15862,1001,2
3,121,3,15863,1001,2
3,121,4,15864,1001,2
3,121,5,15865,1001,2
3,121,6,15866,1001,2
3,121,7,15867,1001,2
3,121,8,15868,1001,2
3,121,9,15869,1001,2
3,121,10,15870,1001,2
3,121,11,15871,1001,2
3,121,12,15872,1001,2
3,121,13,15873,1001,2
3,121,14,15874,1001,2
3,121,15,15875,1001,2
3,121,16,15876,1001,2
3,121,17,15877,1001,2
3,121,18,15878,1001,2
3,121,19,15879,1001,2
3,121,20,15880,1001,2
3,121,21,15881,1001,2
3,121,22,15882,1001,2
3,121,23,15883,1001,2
3,121,24,15884,1001,2
3,121,25,15885,1001,2
3,121,26,15886,1001,2
3,121,27,15887,1001,2
3,122,1,15889,1002,4
3,122,2,15890,1002,4
3,122,3,15891,1002,4
3,122,4,15892,1002,4
3,122,5,15893,1002,4
3,122,6,15894,1002,4
3,122,7,15895,1002,4
3,122,8,15896,1002,4
3,122,9,15897,1002,4
3,122,10,15898,1002,4
3,122,11,15899,1002,4
3,122,12,15900,1002,4
3,122,13,15901,1002,4
3,122,14,15902,1002,4
3,122,15,15903,1002,4
3,122,16,15904,1002,4
3,122,17,15905,1002,4
3,122,18,15906,1002,4
3,122,19,15907,1002,4
3,122,20,15908,1002,4
3,122,21,15909,1002,4
3,122,22,15910,1002,4
3,122,23,15911,1002,4
3,122,24,15912,1002,4
3,122,25,15913,1002,4
3,123,1,15915,1003,3
3,123,2,15916,1003,3
3,123,3,15917,1003,3
3,123,4,15918,1003,3
3,123,5,15919,1003,3
3,123,6,15920,1003,3
3,123,7,15921,1003,3
3,123,8,15922,1003,3
3,123,9,15923,1003,3
3,123,10,15924,1003,3
3,123,11,15925,1003,3
3,123,12,15926,1003,3
3,123,13,15927,1003,3
3,123,14,15928,1003,3
3,123,15,15929,1003,3
3,123,16,15930,1003,3
3,123,17,15931,1003,3
3,123,18,15932,1003,3
3,123,19,15933,1003,3
3,123,20,15934,1003,3
3,123,21,15935,1003,3
3,123,22,15936,1003,3
3,124,1,15937,1003,2
3,124,2,15938,1003,2
3,124,3,15939,1003,2
3,124,4,15940,1003,2
3,124,5,15941,1003,2
3,124,6,15942,1003,2
3,124,7,15943,1003,2
3,124,8,15944,1003,2
3,124,9,15945,1003,2
3,124,10,15946,1003,2
3,124,11,15947,1003,2
3,124,12,15948,1003,2
3,124,13,15949,1003,2
3,124,14,15950,1003,2
3,124,15,15951,1003,2
3,124,16,15952,1003,2
3,124,17,15953,1003,2
3,124,18,15954,1003,2
3,124,19,15955,1003,2
3,124,20,15956,1003,2
3,124,21,15957,1003,2
3,124,22,15958,1003,2
3,125,1,15961,1005,5
3,125,2,15962,1005,5
3,125,3,15963,1005,5
3,125,4,15964,1005,5
3,125,5,15965,1005,5
3,125,6,15966,1005,5
3,125,7,15967,1005,5
3,125,8,15968,1005,5
3,125,9,15969,1005,5
3,125,10,15970,1005,5
3,125,11,15971,1005,5
3,125,12,15972,1005,5
3,125,13,15973,1005,5
3,125,14,15974,1005,5
3,125,15,15975,1005,5
3,125,16,15976,1005,5
3,125,17,15977,1005,5
3,125,18,15978,1005,5
3,125,19,15979,1005,5
3,125,20,15980,1005,5
3,125,21,15981,1005,5
3,125,22,15982,1005,5
3,125,23,15983,1005,5
3,125,24,15984,1005,5
3,125,25,15985,1005,5
3,125,26,15986,1005,5
3,125,27,15987,1005,5
3,126,1,15989,1006,2
3,126,2,15990,1006,2
3,126,3,15991,1006,2
3,126,4,15992,1006,2
3,126,5,15993,1006,2
3,126,6,15994,1006,2
3,126,7,15995,1006,2
3,126,8,15996,1006,2
3,126,9,15997,1006,2
3,126,10,15998,1006,2
3,126,11,15999,1006,2
3,126,12,16000,1006,2
3,126,13,16001,1006,2
3,126,14,16002,1006,2
3,126,15,16003,1006,2
3,126,16,16004,1006,2
3,126,17,16005,1006,2
3,126,18,16006,1006,2
3,126,19,16007,1006,2
3,126,20,16008,1006,2
3,126,21,16009,1006,2
3,126,22,16010,1006,2
3,126,23,16011,1006,2
3,126,24,16012,1006,2
3,126,25,16013,1006,2
3,126,26,16014,1006,2
3,126,27,16015,1006,2
3,126,28,16016,1006,2
3,126,29,16017,1006,2
3,126,30,16018,1006,2
3,126,32,16019,1006,2
3,126,33,16020,1006,2
3,126,34,16021,1006,2
3,126,35,16022,1006,2
3,126,36,16023,1006,2
3,126,37,16024,1006,2
3,126,38,16025,1006,2
3,126,39,16026,1006,2
3,126,40,16027,1006,2
3,126,41,16028,1006,2
3,126,42,16029,1006,2
3,126,43,16030,1006,2
3,126,44,16031,1006,2
3,126,45,16032,1006,2
3,126,46,16033,1006,2
3,126,47,16034,1006,2
3,127,1,16033,1004,8
3,127,2,16034,1004,8
3,127,3,16035,1004,8
3,127,4,16036,1004,8
3,127,5,16037,1004,8
3,127,6,16038,1004,8
3,127,7,16039,1004,8
3,127,8,16040,1004,8
3,127,9,16041,1004,8
3,127,10,16042,1004,8
3,127,11,16043,1004,8
3,127,12,16044,1004,8
3,127,13,16045,1004,8
3,127,14,16046,1004,8
3,127,15,16047,1004,8
3,127,16,16048,1004,8
3,127,17,16049,1004,8
3,127,18,16050,1004,8
3,127,19,16051,1004,8
3,127,20,16052,1004,8
3,127,21,16053,1004,8
3,127,22,16054,1004,8
3,127,23,16055,1004,8
3,127,24,16056,1004,8
3,127,26,16057,1004,8
3,127,27,16058,1004,8
3,127,28,16059,1004,8
3,127,29,16060,1004,8
3,127,31,16061,1004,8
3,127,32,16062,1004,8
3,127,33,16063,1004,8
3,127,34,16064,1004,8
3,127,35,16065,1004,8
3,127,36,16066,1004,8
3,127,37,16067,1004,8
3,127,38,16068,1004,8
3,127,39,16069,1004,8
3,127,40,16070,1004,8
3,127,41,16071,1004,8
3,127,42,16072,1004,8
3,127,44,16073,1004,8
3,127,45,16074,1004,8
3,127,46,16075,1004,8
3,127,47,16076,1004,8
3,127,48,16077,1004,8
3,127,49,16078,1004,8
3,128,1,16079,1004,2
3,128,2,16080,1004,2
3,128,3,16081,1004,2
3,128,4,16082,1004,2
3,128,5,16083,1004,2
3,128,6,16084,1004,2
3,128,7,16085,1004,2
3,128,8,16086,1004,2
3,128,9,16087,1004,2
3,128,10,16088,1004,2
3,128,11,16089,1004,2
3,128,12,16090,1004,2
3,128,13,16091,1004,2
3,129,1,16092,1004,0
3,129,2,16093,1004,0
3,129,3,16094,1004,0
3,129,4,16095,1004,0
3,129,5,16096,1004,0
3,129,6,16097,1004,0
3,129,7,16098,1004,0
3,129,8,16099,1004,0
3,129,9,16100,1004,0
3,129,10,16101,1004,0
3,129,11,16102,1004,0
3,129,12,16103,1004,0
3,129,13,16104,1004,0
3,129,14,16105,1004,0
3,129,15,16106,1004,0
3,129,21,16107,1004,0
3,130,1,16108,1004,0
3,130,2,16109,1004,0
3,130,3,16110,1004,0
3,130,4,16111,1004,0
3,130,5,16112,1004,0
3,130,6,16113,1004,0
3,130,7,16114,1004,0
3,130,8,16115,1004,0
3,130,9,16116,1004,0
3,130,10,16117,1004,0
3,130,11,16118,1004,0
3,130,12,16119,1004,0
3,130,13,16120,1004,0
3,130,14,16121,1004,0
3,130,15,16122,1004,0
3,130,16,16123,1004,0
3,130,17,16124,1004,0
3,130,18,16125,1004,0
3,130,19,16126,1004,0
3,130,20,16127,1004,0
3,131,2,16128,1004,6
3,131,3,16129,1004,6
3,131,4,16130,1004,6
3,131,5,16131,1004,6
3,131,6,16132,1004,6
3,131,7,16133,1004,6
3,131,8,16134,1004,6
3,131,9,16135,1004,6
3,131,10,16136,1004,6
3,131,11,16137,1004,6
3,131,12,16138,1004,6
3,132,1,16139,1004,9
3,132,2,16140,1004,9
3,132,3,16141,1004,9
3,132,4,16142,1004,9
3,132,5,16143,1004,9
3,132,6,16144,1004,9
3,132,7,16145,1004,9
3,132,8,16146,1004,9
3,132,9,16147,1004,9
3,132,10,16148,1004,9
3,132,11,16149,1004,9
3,132,12,16150,1004,9
3,132,13,16151,1004,9
3,132,14,16152,1004,9
3,132,15,16153,1004,9
3,132,16,16154,1004,9
3,132,17,16155,1004,9
3,132,18,16156,1004,9
3,132,19,16157,1004,9
3,132,20,16158,1004,9
3,132,21,16159,1004,9
3,132,22,16160,1004,9
3,132,23,16161,1004,9
3,132,24,16162,1004,9
3,132,25,16163,1004,9
3,132,26,16164,1004,9
3,132,27,16165,1004,9
3,132,28,16166,1004,9
3,132,29,16167,1004,9
3,132,30,16168,1004,9
3,132,31,16169,1004,9
3,132,32,16170,1004,9
3,132,33,16171,1004,9
3,132,34,16172,1004,9
3,132,35,16173,1004,9
3,132,36,16174,1004,9
3,132,37,16175,1004,9
3,132,38,16176,1004,9
3,132,39,16177,1004,9
3,132,40,16178,1004,9
3,132,41,16179,1004,9
3,132,42,16180,1004,9
3,132,43,16181,1004,9
3,132,44,16182,1004,9
3,132,45,16183,1004,9
3,132,46,16184,1004,9
3,132,47,16185,1004,9
3,132,48,16186,1004,9
3,132,49,16187,1004,9
3,132,50,16188,1004,9
3,132,51,16189,1004,9
3,132,52,16190,1004,9
3,132,53,16191,1004,9
3,132,54,16192,1004,9
3,132,55,16193,1004,9
3,132,56,16194,1004,9
3,132,57,16195,1004,9
3,132,58,16196,1004,9
3,132,59,16197,1004,9
3,132,60,16198,1004,9
3,132,61,16199,1004,9
3,132,62,16200,1004,9
3,132,63,16201,1004,9
3,132,65,16202,1004,9
3,132,66,16203,1004,9
3,132,67,16204,1004,9
3,132,68,16205,1004,9
3,132,69,16206,1004,9
3,132,70,16207,1004,9
3,132,71,16208,1004,9
3,132,72,16209,1004,9
3,132,73,16210,1004,9
3,132,74,16211,1004,9
3,132,75,16212,1004,9
3,132,76,16213,1004,9
3,132,77,16214,1004,9
3,132,78,16215,1004,9
3,132,79,16216,1004,9
3,132,80,16217,1004,9
3,132,81,16218,1004,9
3,132,82,16219,1004,9
3,132,83,16220,1004,9
3,132,84,16221,1004,9
3,132,85,16222,1004,9
3,132,86,16223,1004,9
3,132,87,16224,1004,9
3,132,88,16225,1004,9
3,132,89,16226,1004,9
3,132,90,16227,1004,9
3,132,91,16228,1004,9
3,132,92,16229,1004,9
3,132,93,16230,1004,9
3,132,94,16231,1004,9
3,132,95,16232,1004,9
3,132,96,16233,1004,9
3,132,97,16234,1004,9
3,132,98,16235,1004,9
3,132,99,16236,1004,9
3,132,100,16237,1004,9
3,132,101,16238,1004,9
3,133,1,16239,1004,3
3,133,2,16240,1004,3
3,133,3,16241,1004,3
3,133,4,16242,1004,3
3,133,5,16243,1004,3
3,133,6,16244,1004,3
3,133,7,16245,1004,3
3,133,8,16246,1004,3
3,133,9,16247,1004,3
3,133,10,16248,1004,3
3,133,11,16249,1004,3
3,133,12,16250,1004,3
3,133,13,16251,1004,3
3,133,14,16252,1004,3
3,133,15,16253,1004,3
3,133,16,16254,1004,3
3,133,17,16255,1004,3
3,133,18,16256,1004,3
3,133,19,16257,1004,3
3,133,20,16258,1004,3
3,133,21,16259,1004,3
3,133,22,16260,1004,3
3,133,23,16261,1004,3
3,133,24,16262,1004,3
3,133,25,16263,1004,3
3,133,26,16264,1004,3
3,133,27,16265,1004,3
3,133,28,16266,1004,3
3,133,29,16267,1004,3
3,133,30,16268,1004,3
3,133,31,16269,1004,3
3,133,32,16270,1004,3
3,133,33,16271,1004,3
3,133,34,16272,1004,3
3,133,35,16273,1004,3
3,133,36,16274,1004,3
3,133,37,16275,1004,3
3,133,38,16276,1004,3
3,133,39,16277,1004,3
3,133,40,16278,1004,3
3,133,41,16279,1004,3
3,133,42,16280,1004,3
3,133,43,16281,1004,3
3,133,44,16282,1004,3
3,133,45,16283,1004,3
3,133,46,16284,1004,3
3,133,47,16285,1004,3
3,133,48,16286,1004,3
3,133,49,16287,1004,3
3,133,50,16288,1004,3
3,133,51,16289,1004,3
3,133,52,16290,1004,3
3,133,53,16291,1004,3
3,133,54,16292,1004,3
3,133,55,16293,1004,3
3,133,56,16294,1004,3
3,133,57,16295,1004,3
3,133,58,16296,1004,3
3,133,59,16297,1004,3
3,133,60,16298,1004,3
3,133,61,16299,1004,3
3,133,62,16300,1004,3
3,133,63,16301,1004,3
3,133,64,16302,1004,3
3,133,65,16303,1004,3
3,133,66,16304,1004,3
3,133,67,16305,1004,3
3,133,68,16306,1004,3
3,133,69,16307,1004,3
3,133,70,16308,1004,3
3,133,71,16309,1004,3
3,133,72,16310,1004,3
3,133,73,16311,1004,3
3,133,74,16312,1004,3
3,133,75,16313,1004,3
3,133,76,16314,1004,3
3,133,77,16315,1004,3
3,133,79,16316,1004,3
3,133,80,16317,1004,3
3,133,81,16318,1004,3
3,133,82,16319,1004,3
3,133,83,16320,1004,3
3,134,1,16332,1015,2
3,134,2,16333,1015,2
3,134,3,16334,1015,2
3,134,4,16335,1015,2
3,134,5,16336,1015,2
3,134,6,16337,1015,2
3,134,7,16338,1015,2
3,134,8,16339,1015,2
3,134,9,16340,1015,2
3,134,10,16341,1015,2
3,134,11,16342,1015,2
3,134,12,16343,1015,2
3,134,13,16344,1015,2
3,134,14,16345,1015,2
3,134,15,16346,1015,2
3,134,16,16347,1015,2
3,134,17,16348,1015,2
3,134,18,16349,1015,2
3,134,19,16350,1015,2
3,134,20,16351,1015,2
3,134,21,16352,1015,2
3,134,22,16353,1015,2
3,134,23,16354,1015,2
3,134,24,16355,1015,2
3,134,25,16356,1015,2
3,134,26,16357,1015,2
3,134,27,16358,1015,2
3,134,28,16359,1015,2
3,134,29,16360,1015,2
3,134,30,16361,1015,2
3,134,31,16362,1015,2
3,135,1,16352,1004,2
3,135,2,16353,1004,2
3,135,3,16354,1004,2
3,135,4,16355,1004,2
3,135,5,16356,1004,2
3,135,6,16357,1004,2
3,135,7,16358,1004,2
3,135,8,16359,1004,2
3,135,9,16360,1004,2
3,135,10,16361,1004,2
3,135,11,16362,1004,2
3,135,12,16363,1004,2
3,135,13,16364,1004,2
3,135,14,16365,1004,2
3,135,15,16366,1004,2
3,135,16,16367,1004,2
3,135,17,16368,1004,2
