ref_id,parvan,verse,headword_slp1,marker,confidence,edition_ref,evidence_tier,bori_locus,verdict,cascade_tier,retrieved_form_slp1,quote
PWG-L117917-MBH1.216,1,216,hval,zu lesen,high,,quote-exact,"07,122.10",confirmed,local-GRETIL,vihvalaM tam,", da hier {#vihvalaM tam#} zu lesen ist. {#mano vihvalatIva me#} MBH. 1,216. 4,1953. HARIV. 46"
PWG-L84468-MBH1.272,1,272,rAma,zu lesen,high,,quote-exact,"06,32.31",confirmed,local-GRETIL,rAmaHSastraBftAmaham,HARIV. 5869) sagt Kṛṣṇa
PWG-L95950-MBH1.328,1,328,vErAwa,zu lesen,high,Bomb,quote-exact,"01,2.49",confirmed,local-GRETIL,vErAwyAH parva,". 6,4349. f. {#I#} {%eine Tochter%} Virāṭaʼs MBH. 1,328 ({#vErAwyAH parva#} mit der ed. Bomb. zu lesen). 7,2766. 14,1836 ({#vErAwi#} mit der ed. Bomb.</"
PWG-L50205-MBH1.356,1,356,prasTAnika,fehlerhaft,high,,quote-exact,"01,2.68",confirmed,local-GRETIL,prAsTAnika,"ka#}¦ SUND. 2,2. {#kfta˚#} KATHĀS. 31,38. {#mahA˚#} MBH. 1,356 fehlerhaft für {#prAsTAnika#}."
PWG-L48347-MBH1.375,1,375,pratipAdana,fehlerhaft,high,,quote-exact,"01,97.6",confirmed,local-GRETIL,pratipatti,"2,5332. — 7〉 = {#pratipatti#} MED. — {#sa˚#} MBH. 1,375 fehlerhaft für {#saM˚#}."
PWG-L99022-MBH1.391,1,391,SAlA,st.,medium,,quote-exact,"01,2.87",confirmed,local-GRETIL,BArgavaveSmani,"/ls> (st. dessen {#gfha#} 91). {#BArgavaveSmani#} {%Gemach%} MBH. 1,391. <ls n=""MBH."""
PWG-L96501-MBH1.569,1,569,vyAGAta,zu lesen,high,,quote-exact,"01,2.180",confirmed,local-GRETIL,tena vyAGAtamastrARAM kriyamARamavekzya,"u lesen {#˚prahArayoH#}). {#tena vyAGAtamastrARAM kriyamARamavekzya#} MBH. 1,569. {#Sara"
PWG-L50988-MBH1.633,1,633,prAsTAnika,fälschlich,medium,,quote-exact,"01,2.68",confirmed,local-GRETIL,mahAprasTAnika,"%auf die grosse Reise —, das Sterben bezüglich%} MBH. 1,629. 633. fälschlich {#mahAprasTAnika#} 356. {#divasanakzatramaNgalamuhUrtEH prAsTAnikErv"
PWG-L49320-MBH1.722,1,722,prapUrvaga,zu schreiben,high,,quote-exact,"01,3.60",confirmed,local-GRETIL,prapUrvaga,"{#prapUrvaga#}¦ scheinbar MBH. 1,722; es ist aber {#pra pU˚#} zu schreiben und {#pra#} mit {#SaMsAmi#} zu verbinden."
PWG-L15789-MBH1.865,1,865,kalya,lies,high,,quote-exact,"01,5.3",confirmed,local-GRETIL,kaTayasva kaTAmetAM kalyAH sma SrAvaRe tava,>st. {#sayya#}). {#kaTayasva kaTAmetAM kalyAH sma SrAvaRe tava#} MB
PWG-L15789-MBH1.865,1,865,kalya,st.,medium,,quote-exact,"01,5.3",confirmed,local-GRETIL,kaTayasva kaTAmetAM kalyAH sma SrAvaRe tava,">st. {#sayya#}). {#kaTayasva kaTAmetAM kalyAH sma SrAvaRe tava#} MBH. 1,865. {#l"
PWG-L40779-MBH1.1124,1,1124,netra,zu lesen,high,,quote-exact,"01,16.12",confirmed,local-GRETIL,manTAnaM mandaraM kftvA taTA netraM ca vAsukim,"e#} zu lesen ist). {#manTAnaM mandaraM kftvA taTA netraM ca vAsukim#} MBH. 1,1124. HARIV."
PWG-L121513-MBH1.1155,1,1155,mahant,st.,medium,,quote-exact,"01,16.36",confirmed,local-GRETIL,mahAntaM vEram,"{#mahant#}¦, {#mahAntaM vEram#} st. {#mahadvEram#} MBH. 1,1155. {#mahAnantaH saMhAro yena tanmahAntam#} NĪL"
PWG-L88042-MBH1.1170,1,1170,vam,zu lesen,high,,quote-exact,"01,17.12",confirmed,local-GRETIL,vamanto ruDiraM bahu,"1,38,21. 101,16. {#vamanto ruDiraM bahu#} MBH. 1,1170. HARIV. 15919 ({#ava˚#} mit der neueren Ausg. zu lesen). R. 1,28,26. 3,8,9. BHĀG. P. 9,10,23. Verz. d. Oxf"
PWG-L54780-MBH1.1241,1,1241,BAs,zu lesen,high,Bomb,quote-exact,"13,141.12",confirmed,local-GRETIL,udBAsitaSca,"{%aufleuchten, zu scheinen beginnen%}: {#agnirASirivodBAsansamidDaH#} MBH. 1,1241. {#udaBAsaddivA candraH#} R. 3,29,10. {#udBAsitaSca#} (so mit der ed. Bomb. zu lesen) {#savitA#} MBH. 13,7302. {%in di"
PWG-L43801-MBH1.1248,1,1248,paS,zu lesen,high,,quote-exact,"07,149.35",confirmed,local-GRETIL,paSyeta rAjAnam,"na#} (so ist zu lesen) {#paSyeta rAjAnam#} VET. in LA. 2,14. MBH. 1,1248. {#asAvatraBavAnvarR"
PWG-L66880-MBH1.1321,1,1321,Alaya,lies,high,,quote-exact,"01,24.2",confirmed,local-GRETIL,nizAdAlayamuttamam,"{#Alaya#}¦ n.: {#nizAdAlayamuttamam#} MBH. 1,1321. {#izwakAlayam#} Spr. 710. {#drumAlayam#} 2727. Sp. 701, Z. 3 v. u. lies 10,17 st. 11,17. Bei den Buddhisten Bez. {%der Seele%} WASSILJEW 13"
PWG-L66880-MBH1.1321,1,1321,Alaya,st.,medium,,quote-exact,"01,24.2",confirmed,local-GRETIL,nizAdAlayamuttamam,"{#Alaya#}¦ n.: {#nizAdAlayamuttamam#} MBH. 1,1321. {#izwakAlayam#} Spr. 710. {#drumAlayam#} 2727. Sp. 701, Z. 3 v. u. lies 10,17 st. 11,17. Bei den Buddhisten Bez. {%der Seele%} WASSILJEW 133. <ls n="
PWG-L41788-MBH1.1366,1,1366,pat,lies,high,,quote-exact,"01,25.22",confirmed,local-GRETIL,patatyeza gajo jalaH,">. {#patatyeza gajo jalaH#} (lies mit WESTERGAARD {#jalam#}) MBH. 1,1366. {#(sarpAH) peturdIpte viBAvasO#"
PWG-L86010-MBH1.1445,1,1445,lamb,st.,medium,Bomb,quote-exact,"01,27.10",confirmed,local-GRETIL,laNGayitvA,"nd anlegen%} RAGH. 6,75. — 3〉 wohl {%demüthigen%} MBH. 1,1445, wo die ed. Bomb. {#lambayitvA#} st. {#laNGayitvA#} liest. — {#ava#} 1〉 {%herabhängen%}: {#ya eza stana ivAval"
PWG-L103307-MBH1.1466,1,1466,sakASa,statt,medium,,quote-exact,"01,27.31",confirmed,local-GRETIL,nEtAByAM BavitA dozaH sakASAtte,">gen. auch der abl. {#nEtAByAM BavitA dozaH sakASAtte#} MBH. 1,1"
PWG-L54863-MBH1.1490,1,1490,Bid,zu lesen,high,,quote-exact,"01,28.20",confirmed,local-GRETIL,tAnpakzanaKatuRqAgrEraBinadvinatAsutaH,"naH#} HIT. 35,13. {#tAnpakzanaKatuRqAgrEraBinadvinatAsutaH#} MBH. 1,1490. {#Bindanti#} (so ist zu lesen) {#mama#} (die Sonne spricht) {#maRqalam#} KATHĀS. 48,5. {#aBittvA paramarmARi#}"
PWG-L35683-MBH1.1543,1,1543,dvijihva,falsch,medium,,quote-exact,"01,30.20",confirmed,local-GRETIL,dvijihvASca kftAH sarpA garuqena,"weizüngig%} AV. 5,19,7. {#dvijihvASca kftAH sarpA garuqena#} MBH. 1,1543. eig. und zugleich in der übertr. Bed. {%falsch%}: {#dvijihvavadanaM Datte duzwo durjanapannagaH#} KĀM. NĪTIS. 3,20. {#dvijihvA"
PWG-L94757-MBH1.1555,1,1555,vftta,zu lesen,high,Bomb,quote-exact,"01,31.10",confirmed,local-GRETIL,vfttasaMvartakO,"S. 56,18. — d〉 N. pr. eines Schlangendämons MBH. 1,1555 ({#vfttasaMvartakO#} mit der ed. Bomb. zu lesen). 5,3630. — e〉 fehlerhaft für {#vftra#} (so ed. Bomb.</l"
PWG-L81094-MBH1.1591,1,1591,yat,lies,high,,quote-exact,"05,91.8",confirmed,local-GRETIL,so 'haM yAtizye,"#} R. 3,73,2. {#tadarTam#} Spr. 2582. {#mokzArTam#} MBH. 1,1591. {#svargArTaM na yatizyanti#} HARIV. 7273. {#so 'haM yAtizye#} (lies {#yatizye#}) {#putrArTam#} MĀRK. P. 121,39. {#DarmArTaM yatatAm#} ("
PWG-L76821-MBH1.2580,1,2580,nayana,zu lesen,high,,quote-exact,"01,60.15",confirmed,local-GRETIL,kAlasya nayane,". 6. fgg. {#kAlasya nayane#} erklärt NĪLAK._zu_MBH. 1,2580 durch {#kAlasya jYApane#}; st. 3124 ist 3134 zu lesen. — c〉 pl. {%kluges Benehmen%} BHĀG. P. 10,50,34."
PWG-L76821-MBH1.2580,1,2580,nayana,st.,medium,,quote-exact,"01,60.15",confirmed,local-GRETIL,kAlasya nayane,". 6. fgg. {#kAlasya nayane#} erklärt NĪLAK._zu_MBH. 1,2580 durch {#kAlasya jYApane#}; st. 3124 ist 3134 zu lesen. — c〉 pl. {%kluges Benehmen%} BHĀG. P"
PWG-L98109-MBH1.2587,1,2587,SaravaRa,fälschlich,medium,,quote-exact,"01,60.22",confirmed,local-GRETIL,SaravaRAlaya,"b>desgl. MBH. 3,14635. {#SaravaRAlaya#} desgl. 1,2587. Hier und da fälschlich {#Saravana#} geschrieben."
PWG-L45159-MBH1.2632,1,2632,piRqaPala,st.,medium,,quote-exact,"01,60.66",confirmed,local-GRETIL,piRqaPalAnvfkzAnanalApi vyajAyata,"folg. Worte verbunden) {#piRqaPalAnvfkzAnanalApi vyajAyata#} MBH. 1,2632. {#lalanApi#} st. {#analApi#} R. 3,20,32. — 2〉 f. {#A#} P. 4,1,64,"
PWG-L24110-MBH1.2850,1,2850,GUrR,zu lesen,high,,quote-exact,"01,64.5",confirmed,local-GRETIL,zawpadAGUrRitalata,",26. {#zawpadAGUrRitalata#} (so mit der v. l. zu lesen) MBH. 1,2850. {#pavanAGUrRitapAdapa#} HARIV. 2605. {#puzpAsavAGUrRitane"
PWG-L68680-MBH1.2988,1,2988,Uru,lies,high,Bomb,quote-exact,"01,65.13",confirmed,local-GRETIL,nAganAsoru,"{#Uru#}¦ 1〉 Z. 15. {#vAmorUH#} MBH. 1,2988, ed. Bomb. Z. 17 lies {#nAganAsoru#} st. {#nagna˚#}. — 2〉 ein Āṅgirasa, Verfasser"
PWG-L68680-MBH1.2988,1,2988,Uru,st.,medium,Bomb,quote-exact,"01,65.13",confirmed,local-GRETIL,nAganAsoru,"{#Uru#}¦ 1〉 Z. 15. {#vAmorUH#} MBH. 1,2988, ed. Bomb. Z. 17 lies {#nAganAsoru#} st. {#nagna˚#}. — 2〉 ein Āṅgirasa, Verfasser von ṚV. 9,108,4</ls"
PWG-L37847-MBH1.3140,1,3140,narizyant,zu lesen,high,,quote-exact,"01,70.13",confirmed,local-GRETIL,narizyantam,"zyatprAMSu˚#} zu lesen ist). 641. {#narizyantam#} MBH. 1,3140 könnte auch auf das T"
PWG-L53862-MBH1.3260,1,3260,Baj,zu lesen,high,Bomb,quote-exact,"01,72.5",confirmed,local-GRETIL,mAM BaktAM Bajitumarhasi,", v. l. LA. (II) 36,2. {#mAM BaktAM Bajitumarhasi#} MBH. 1,3260. act.: {#kanyAM BajantImutkfzwaM na kiMcidapi dApayet#} M. 8,365. {#BajantIM#} (so ist mit der ed. Bomb. zu lesen) MBH. 1,3871. {#BaktAM"
PWG-L88293-MBH1.3492,1,3492,varIyaMs,zu lesen,high,,quote-exact,"01,79.24",confirmed,local-GRETIL,tvaMmepriyaHputrastvaMvarIyAnBavizyasi,yaH putrastvaM varIyAnBavizyasi#} {%du wirst mir noch lieber werden%}
PWG-L36186-MBH1.3581,1,3581,Dar,fehlerhaft,high,,quote-exact,"01,84.5",confirmed,local-GRETIL,evaM praDArya,". 5,4120. — 4〉 {%bei sich denken%}: {#evaM praDArya#} MBH. 1,3581. — {#praDArayantu#} ĀŚV. GṚHY. 3,12 fehlerhaft für {#pra DArA yantu#}. [Page3-0876] — {#saMpra#} 1〉 {%übergeben%}: {#drOpadIm"
PWG-L50463-MBH1.3765,1,3765,prAcinvant,fälschlich,medium,,quote-exact,"01,119.20",confirmed,local-GRETIL,pracinvant,"= {#pracinvant#} N. pr. eines Sohnes des Janamejaya MBH. 1,3765. fg. Der Name wird hier fälschlich mit {#prAcI#} in Verbindung gebracht."
PWG-L36862-MBH1.4162,1,4162,DUmaketu,lies,high,,quote-exact,"01,97.17",confirmed,local-GRETIL,taTozRatAm,"{#praBAM samutsfjedarko DUmaketustaTozmatAm#} (lies: {#taTozRatAm#}) MBH. 1,4162. — b〉 {%Komet%} AK. H. 126<"
PWG-L106569-MBH1.4205,1,4205,sarj,zu lesen,high,,quote-exact,"07,34.12",confirmed,local-GRETIL,guruM BAraM sOBadre samavAsfjat,"BH. 1,6749. {#(tam) badDvoqupe parikzipya gaNgAyAM samavAsfjan#} 4205. — 3〉 {%weglassen%} AIT. BR. 4,13. — 4〉 {%aufbürden%}: {#guruM BAraM sOBadre samavAsfjat#} (wohl {#˚sajat#} zu lesen; vgl. {#sarj#"
PWG-L53686-MBH1.4245,1,4245,brU,falsch,medium,,quote-exact,"01,99.22",confirmed,local-GRETIL,vedAnvibruvan,"praSnAnkAMScidvibruvARam#} 1,166. {#vedAnvibruvan#} 4245. {#na vibrUyAnnfpo Darmam#} M. 8,390. — 2〉 {%falsch aussagen%}: {#abruvanvibruvanvApi naro Bavati kilvizI#} M. 8,13. 1"
PWG-L107462-MBH1.4265,1,4265,sah,st.,medium,,quote-exact,"01,99.42",confirmed,local-GRETIL,virUpatAM me sahatAm,"(II) 4087. 4315. {#virUpatAM me sahatAm#} MBH. 1,4265. fg. {#bahUni pratilomAni#} HARIV. 7299. {#sarvamasya sahAmahe#} R. 1,14,15. 7,36,31 (wohl {#sarvaM#} st. {#sarve#} zu lesen). {#tvadanyasyABizeca"
PWG-L96765-MBH1.4553,1,4553,vyUQa,st.,medium,Bomb,quote-exact,"01,65.3",confirmed,local-GRETIL,vyUQoraska,"3〉 {%breit%} HALĀY. 4,14. {#vyUQoras#} MBH. 1,2740. 4553 (ed. Calc. an beiden Stellen {#vyUQoruH#} st. {#vyUQoraH#} der ed. Bomb.). {#vyUQoraska#} R. GORR. 1,51,18. <div"
PWG-L77527-MBH1.4600,1,4600,nizparigraha,st.,medium,,quote-exact,"01,110.9",confirmed,local-GRETIL,nizparigraha,"{#nizparigraha#}¦ = {#kanTApAdukAdihIna#} NĪLAK._zu_MBH. 1,4600. = {#nirmukta#} H. an. 3,271. {#tyaktasaNga#} st. {#nizparigraha#} MED. t. 117."
PWG-L88523-MBH1.4893,1,4893,vartitavya,statt,medium,,quote-exact,"01,116.28",confirmed,local-GRETIL,tasmAnme sutayoH kunti vartitavyaM svaputravat,"22,27 GORR.). {#tasmAnme sutayoH kunti vartitavyaM svaputravat#} MBH. 1,4893. Spr. 4850. MĀRK. P. 77,12. mit gen. der Person statt loc.: {#yaTA BarturvartitavyaM SrutaM ca me#} R. 2,39,27. mit instr"
PWG-L92080-MBH1.5260,1,5260,viniScaya,st.,medium,,quote-exact,"01,203.9",confirmed,local-GRETIL,kartavyasya,"iniScayaM kftvA#} MBH. 1,7670. {#taM cintayitvA viniScayam#} 5260. {#kartavyasya#} SUND. 3,10 ({#ca niScayam#} st. {#viniScayam#} MBH. 1,7687). {#kAryasya#} R. 3,44,8. 5,"
PWG-L89199-MBH1.5337,1,5337,vah,zu lesen,high,,quote-exact,"03,253.6",confirmed,local-GRETIL,vAjiBiruhyamAnAH,"{#vAjiBiruhyamAnAH#} MBH. 3,15672. {#uhyanto vAjiBirdrutam#} 1,5337. {#uhyamAna iva vAhanocitaH pAdacAramapi na vyaBAvayat#} RAGH. 11,10. {#yugyEH kzitiBujAM yogyEruhyamAnAH#} (so ist zu lesen) RĀJA-T"
PWG-L36484-MBH1.5442,1,5442,DA,lies,high,,quote-exact,"01,127.23",confirmed,local-GRETIL,BayamarjunasaMjAtaM kzipramantaraDIyata,"te#} NIR. 12,11. {#BayamarjunasaMjAtaM kzipramantaraDIyata#} MBH. 1,5442. {#uzRamantardaDe sadyaH#} DAŚ. 1,15. {#imaM vESravaRAvAsaM puRyam — kaTaM BIma gamizyAmo gatirantaraDIyatAm#} (lies: {#˚DIyata"
PWG-L17750-MBH1.5905,1,5905,kunti,fälschlich,medium,,quote-exact,"01,156.11",confirmed,local-GRETIL,kuntirAjan,">MBH. 4,12. {#kuntivizaya#} HARIV. 5254. {#kuntirAjan#} MBH. 1,5905. (HIḌ. 1,31 fälschlich {#kuntIrAjan#}). 3,17124. {#kuntisurAzwrAH#} gaṇa {#kArtakOjap"
PWG-L87611-MBH1.6120,1,6120,vatsabanDA,fehlerhaft,high,,quote-exact,"05,134.4",confirmed,local-GRETIL,badDavatsA,"tsabanDA#}¦ BRĀHMAṆ. 1,12 fehlerhaft für {#badDavatsA#}, wie MBH. 1,6120 gelesen wird."
PWG-L50055-MBH1.6541,1,6541,prasannatva,lies,high,,quote-exact,"01,160.25",confirmed,local-GRETIL,prasannatvena,"nnatveca#} (lies {#prasannatvena#}) {#kAntyA ca candrareKAmivAmalAm#} MBH. 1,6541."
PWG-L35162-MBH1.6613,1,6613,dyut,zu lesen,high,,quote-exact,"01,163.7",confirmed,local-GRETIL,dyotayantI,". {#(vidyut) dyotayantI diSaH sarvAH#} 4,2031. 1,6613 (wo {#dyotayantI#} zu lesen ist). R. 3,4,8. KUMĀRAS. 6,4. {#ozaDyo#} [Page3-0789] {#jvalamAnASca dy"
PWG-L97121-MBH1.6736,1,6736,Saktin,zu lesen,high,Bomb,quote-exact,"01,166.37",confirmed,local-GRETIL,SaktinaM tu,"{#Saktin#}¦ m. eine Nebenform von 4. {#Sakti#} MBH. 1,6736 (wo mit der ed. Bomb. {#SaktinaM tu#} zu lesen ist). 6792 ({#Saktrin#} ed. Calc.)."
PWG-L48055-MBH1.6825,1,6825,praRipAta,zu lesen,high,,quote-exact,"01,161.18",confirmed,local-GRETIL,praRipAtena,"n.) H. 1503. HALĀY. 4,64. BHAG. 4,34. MBH. 1,6825 ({#praRipAtena#} zu lesen). 3,15199. 5,54. 1522. <ls n=""MB"
PWG-L81815-MBH1.6925,1,6925,yA,zu lesen,high,,quote-exact,"01,175.1",confirmed,local-GRETIL,drOpadIM drazwum,"AsAya#} R. 2,45,1. MBH. 3,785. {#drOpadIM drazwum#} 1,6925. R. GORR. 2,25,24 (wo {#hantuM#} zu lesen ist). KATHĀS. 18,86. {#asavaH prayAnti#} {%entfliehen%} GĪT. 10,11. {#m"
PWG-L39123-MBH1.7139,1,7139,niyojya,zu lesen,high,,quote-exact,"05,174.3",confirmed,local-GRETIL,kecicCAlvapatiM gatvA niyojyamiti menire,","">12929. {#BavatAM tu niyojyo 'smi#} 13,4065. 1,7139 (wo {#niyojyAH#} zu lesen ist). {#kecicCAlvapatiM gatvA niyojyamiti menire#} wohl so v. a. {%dass man ihm"
PWG-L69955-MBH1.7197,1,7197,karz,st.,medium,Bomb,quote-exact,"06,55.108",confirmed,local-GRETIL,sA visfzwA,"%grosse Schlechtigkeiten%} Spr. 4573. — {#vipra#} MBH. 1,7197 liest die ed. Bomb. {#sA visfzwA#} st. {#viprakfzwA#}. {#viprakfzwa#} {%entfernt%} VS. PRĀT. 1,144. {#viprakfzwaM"
PWG-L93876-MBH1.7300,1,7300,vizahya,zu lesen,high,,quote-exact,"03,120.12",confirmed,local-GRETIL,hi raRotkawasya,"tadasmAkam#} MBH. 2,875. {#a˚#} {%unausführbar%}: {#karman#} 1,7300. {#na vidyate jAmbavatIsutasya raRe 'vizahyaM#} (so ist zu lesen) {#hi raRotkawasya#} 3,10271. 10275. <ls n=""MBH. 3"
PWG-L82136-MBH1.7343,1,7343,yuga,fehlerhaft,high,Bomb,quote-exact,"01,190.15",confirmed,local-GRETIL,caturyujAM,"ga#} (unter {#IzA#}), {#uru˚, kali˚, go˚, caturyuga#} ({#caturyugAM#} MBH. 1,7343 fehlerhaft für {#caturyujAM#}, wie die ed. Bomb. liest), {#tri˚#} (adj. auch <ls"
PWG-L113928-MBH1.7452,1,7452,sTA,fehlerhaft,high,,quote-exact,"01,69.46",confirmed,local-GRETIL,taM Darmam,",1. — 2〉 {%an Etwas gehen, obliegen%}: {#taM Darmam#} MBH. 1,7452. — {#prA#} PRAŚNOP. 2,4. 3,1. 5 fehlerhaft für {#pra#}. — {#pratyA#} {%Stand halten%} AV. 5,5,3. — {#"
PWG-L101797-MBH1.7460,1,7460,Sru,fälschlich,medium,Calc,quote-exact,"01,196.1",confirmed,local-GRETIL,ityanuSuSruma,"s>. ŚAT. BR. 1,6,1,3. {#ityanuSuSruma#} BHAG. 1,44. MBH. 1,7460. ({#˚SuSrumaH#} fälschlich ed. Calc.). 13,3815. 5702."
PWG-L112718-MBH1.7760,1,7760,sEnika,zu lesen,high,Bomb,quote-exact,"01,202.9",confirmed,local-GRETIL,sEnikAMSca,"uppen%} AK. 2,8,2,29. H. 763. MED. k. 171. MBH. 1,7760 ({#sEnikAMSca#} mit der ed. Bomb. zu lesen). 7665. 3,797. 15751. <ls n="""
PWG-L33916-MBH1.7802,1,7802,duz,zu lesen,high,,quote-exact,"01,206.26",confirmed,local-GRETIL,Darmo na duzyati,"I, 76 zu lesen) KĀM. NĪTIS. 11,36. {#Darmo na duzyati#} MBH. 1,7802. {#cAritryaM duzya"
PWG-L109679-MBH1.8042,1,8042,su,fehlerhaft,high,,quote-exact,"01,213.75",confirmed,local-GRETIL,sute somasahasre,"somaM sutamadya taM mayA#} MBH. 14,277. {#sute somasahasre#} 1,8042. {#sutam#} Spr. (II) 2694 wohl fehlerhaft für {#hutam#}. masc. sg. und pl. {%der Saft%} d. h. <"
PWG-L88101-MBH1.8064,1,8064,var,zu lesen,high,,quote-exact,"01,225.7",confirmed,local-GRETIL,marudgaRavfta,"AB. 86,10. BHAṬṬ. 5,10. {#strIvfta#} M. 7,224. MBH. 1,8064. fgg. R. 1,63,28 ({#marudgaRavfta#} zu lesen). 2,39,35. RAGH. 12,61. VARĀH. BṚH. S. 48,48. {#avfta#}"
PWG-L104247-MBH1.8077,1,8077,sad,st.,medium,Bomb,quote-exact,"05,181.15",confirmed,local-GRETIL,saMnyazIdam,",16,2. {%niedersitzen%}: {#˚zIdatuH#} (so beide Ausgg.) MBH. 1,8077. {#saMnyazIdam#} (so ed. Bomb. st. {#saMnyasIdam#} der ed. Calc.) 5,7177. {#˚zIdatAm#} <ls n"
PWG-L101574-MBH1.8274,1,8274,Sri,st.,medium,,quote-exact,"01,218.41",confirmed,local-GRETIL,BayAdraRaM parityajya SakramevABiSiSriyuH,"〉 {%sich flüchten zu%}: {#BayAdraRaM parityajya SakramevABiSiSriyuH#} MBH. 1,8274. st. {#˚Sritya#} SĀV. 6,6 liest MBH. 3,16863 besser {#˚sftya#}. <div n="
PWG-L88101-MBH1.8343,1,8343,var,fehlerhaft,high,,quote-exact,"01,220.13",confirmed,local-GRETIL,tava lokAH samAvftAH,"MBH. 3,10329. {#tava lokAH samAvftAH#} {%verschlossen für dich%} 1,8343. — {#samAvfta#} R. GORR. 2,83,1 fehlerhaft für {#samAvftta#}. — {#ud#} {%weit öffnen, aufreissen%} (die Augen): {#kroDAdu"
PWG-L53862-MBH1.12683,1,12683,Baj,zu lesen,high,Bomb,quote-exact,"01,77.3",confirmed,local-GRETIL,saMviBajya,"nnapAnESca saMviBajya#} MBH. 1,3399. 3. 12683 (wo mit der ed. Bomb. {#saMviBajya#} zu lesen ist). KATHĀS. 25,17. 38,90. R. GORR. 2,32,11. <ls"
PWG-L86295-MBH10.84,10,84,lAlasa,zu lesen,high,Bomb,quote-exact,"07,68.44",confirmed,local-GRETIL,SucIn jawilAnanAn,"Mal%} ⏑ ⏑ ⏑ ⏑ ⏑ ⏑ – ⏑ – –, ⏑ – – ⏑ – – ⏑ – Ind. St. 8,397. — MBH. 10,84 ist mit der ed. Bomb. {#nAlasaH#} st. {#lAlasaH#} zu lesen; 7,3383 hat die ed. Bomb. {#SucIn jawilAnanAn#} (vgl."
PWG-L104451-MBH10.128,10,128,sadvftta,st.,medium,,quote-exact,"01,82.10",confirmed,local-GRETIL,satAM vfttam,"{%das Benehmen Guter, gutes Betragen, ein [Page7-0616] guter Wandel%} MBH. 10,128 (st. dessen {#satAM vfttam#} 127). {#˚rahita#} R. GORR. 1,6,13. {#˚kuSala#} <ls"
PWG-L55050-MBH11.97,11,97,Buj,st.,medium,Bomb,quote-exact,"11,3.11",confirmed,local-GRETIL,pariBujyantam,"aM dvayam#} AK. 3,4,23,147. — st. {#pariBujyantam#} MBH. 11,97 liest die ed. Bomb. {#pariBfjjantam#}"
PWG-L49291-MBH11.146,11,146,prapAta,zu lesen,high,,quote-exact,"03,53.4",confirmed,local-GRETIL,vizamagniM,">3653; hier ist {#prapAtam#} wohl absolut.). {#vfkza˚#} 11,146. {#vizamagniM#} (so ist zu lesen) {#prapAtaM ca parvatAgrAdahaM vfRe#} 8,248. {#gaNgA˚#} HARIV. 5330"
PWG-L40314-MBH11.161,11,161,nisrava,zu lesen,high,,quote-exact,"11,6.11",confirmed,local-GRETIL,yAstu tA bahuSo DArAH sravanti maDunisravam,"MBH. 1,1138. {#yAstu tA bahuSo DArAH sravanti maDunisravam#} 11,161. {#varzaSItozRaniSravaH#} (sic) VĀYU-P._in_Verz. d. Oxf. H. 48,b,19. Vielleicht ist überall {#niHsrava#} (s. d.) zu lesen mit der Be"
PWG-L33995-MBH11.222,11,222,duzprasADana,zu lesen,high,,quote-exact,"11,8.28",confirmed,local-GRETIL,amarzI capalaScApi kroDano duzprasADanaH,"fertig zu werden ist%}: {#amarzI capalaScApi kroDano duzprasADanaH#} MBH. 11,222. Viell. ist {#duzprasAdanaH#} zu lesen."
PWG-L116085-MBH11.352,11,352,har,fehlerhaft,high,,quote-exact,"03,34.19",confirmed,local-GRETIL,praticikIrzatA,"sid. {%erwiedern —, vergelten wollen%}: {#vEraM pratijihIrzatA#} MBH. 11,352. wohl nur fehlerhaft für {#praticikIrzatA#}. — {#vi#} 1〉 {%auseinandernehmen, trennen, öffnen; vert"
PWG-L88101-MBH11.457,11,457,var,zu lesen,high,,quote-exact,"11,16.31",confirmed,local-GRETIL,vasuDAM vivftAmaDiSerate,"AK. 90,11. {#vasuDAM vivftAmaDiSerate#} {%auf der nackten Erde%} MBH. 11,457. {#prasuptfScAsi vivfte#} (so mit der neueren Ausg. zu lesen) dass. HARIV. 4823. {#taTA tEravakIrRasya divyErastrEH samanta"
PWG-L113520-MBH11.11021,11,11021,stana,zu lesen,high,Bomb,quote-exact,"12,288.30",confirmed,local-GRETIL,caturaH stanAn,"vavalgatuH#} 3,1824. 8,1560. fg. 11,11021 ({#caturaH stanAn#} mit der ed. Bomb. zu lesen). R. 2,43,16. SUŚR. 1,48,14. 321,18. <ls n=""SUŚR."
PWG-L90523-MBH12.389,12,389,vAS,st.,medium,Bomb,quote-exact,"12,14.6",confirmed,local-GRETIL,vAvASyamAna,"suBfSaM vAvASyante vayAMsi ca#} MBH. 6,111. {#vAvASyamAna#} 12,389 nach der Lesart der ed. Bomb. st. {#rArAsyamAna#} der ed. Calc. — {#anu#} {%ein Gebrüll%} u. s"
PWG-L74383-MBH12.765,12,765,ji,lies,high,,quote-exact,"12,25.32",confirmed,local-GRETIL,jitvA saMgrAmAn,"1. {#ji#}¦ 1〉 {#jitvA saMgrAmAn#} MBH. 12,765. Z. 4 lies 3,34,4 st. 8,34,4. — 2〉 {#yaTA pipAsAM jayate#} ({#jayati#} ed. B"
PWG-L74383-MBH12.765,12,765,ji,st.,medium,Bomb,quote-exact,"12,25.32",confirmed,local-GRETIL,jitvA saMgrAmAn,"1. {#ji#}¦ 1〉 {#jitvA saMgrAmAn#} MBH. 12,765. Z. 4 lies 3,34,4 st. 8,34,4. — 2〉 {#yaTA pipAsAM jayate#} ({#jayati#} ed. Bomb.) {#pu"
PWG-L96281-MBH12.1213,12,1213,vyaD,st.,medium,Bomb,quote-exact,"12,35.8",confirmed,local-GRETIL,apaviDyeta,"ssigen, sich nicht kümmern um%}: {#trInagnIn#} MBH. 13,4523. 12,1213 ({#apaviDyeta#} st. {#parimucyeta#} ed. Bomb.) M. 11,41. {#apavidDAstu yErvedA vahnaya"
PWG-L37814-MBH12.1383,12,1383,narayAna,zu lesen,high,,quote-exact,"01,16.6",confirmed,local-GRETIL,nArAyaRena,"nara#} + {#yAna#}) n. {%ein von Menschen gezogener Wagen%} MBH. 12,1383. {#narayARa#} (!) {%ein als Reitthier dienender Mensch%}: {#na taTA kariRA yAnaM turageRa raTena vA . narayARena#} (wofür {#nArA"
PWG-L92206-MBH12.1734,12,1734,viparyaya,zu schreiben,high,,quote-exact,"12,49.19",confirmed,local-GRETIL,viparyayeRa,"71,13. {#viparyayeRa#} <"
PWG-L69116-MBH12.1812,12,1812,oGavant,fälschlich,medium,,quote-exact,"12,50.7",confirmed,local-GRETIL,nadImoGavatImanu,"{#oGavant#}¦ 3〉b〉 MBH. 6,329. {#nadImoGavatImanu#} 12,1812, welches in LIA. I, 699 fälschlich in {#nadI — mo˚#} zerlegt wird."
PWG-L54387-MBH12.1878,12,1878,BA,zu lesen,high,Bomb,quote-exact,"03,135.26",confirmed,local-GRETIL,pratiBAsyanti,". 1,696 (= 739). 3,13510. 12,1878 (wo mit der ed. Bomb. {#pratiBAsyanti#} zu lesen ist). {#nottaraM pratiBAti me#} {%es fällt mir keine Antwort ein%} HARIV. 9972."
PWG-L47926-MBH12.2274,12,2274,prajana,st.,medium,,quote-exact,"12,21.11",confirmed,local-GRETIL,prajanaH svezu dArezu,"n=""M."">12,121. MBH. 3,12648. {#prajanaH svezu dArezu#} 12,2274. (st. {#prajanaH#} das neutr. {#prajanaM#} 626). <ls n=""M"
PWG-L103218-MBH12.2420,12,2420,saMhanana,zu lesen,high,,quote-exact,"01,1.94",confirmed,local-GRETIL,parasparaM,"s>NĪLAK. 43. — f〉 etwa {%Harmonie, Uebereinstimmung%} MBH. 12,2420 (wo vielleicht {#parasparaM#} zu lesen ist). — 9〉 {%Harnisch%} ({#daMSa#}) TRIK. 3,3,427. MBH. 7,79"
PWG-L24556-MBH12.2425,12,2425,caturASrAmya,fehlerhaft,high,,quote-exact,"03,148.20",confirmed,local-GRETIL,caturASrAmya,"{#caturASrAmya#}¦ MBH. 12,2425 fehlerhaft für {#cA˚#}."
PWG-L61106-MBH12.2562,12,2562,muz,zu lesen,high,,quote-exact,"03,188.37",confirmed,local-GRETIL,hasto hastaM,">3,13030. {#hasto hastaM parimuzet#} 13047. 12,2562 (hier wohl auch {#hasto hastaM#} zu lesen). {#dasyuBiH parimuzyatAm#} (partic. pass.) — {#prajAnAm#} <ls n=""MBH."
PWG-L104720-MBH12.2662,12,2662,saMDAna,zu lesen,high,,quote-exact,"12,69.65",confirmed,local-GRETIL,saMDAyAsana,AtrAsaMDAna#} so v. a. {#saMDAyAsana#} und {#saMDAyagamana#} MBH. 12
PWG-L104728-MBH12.2662,12,2662,saMDAya,st.,medium,,quote-exact,"12,69.65",confirmed,local-GRETIL,yAtrAsaMDAna,"17. fg. st. dessen {#yAtrAsaMDAna#} und {#saMDAnAsana#} MBH. 12,2662. —"
PWG-L102928-MBH12.2879,12,2879,saMviBAjya,fehlerhaft,high,,quote-exact,"01,77.3",confirmed,local-GRETIL,saMviBAjya,"{#saMviBAjya#}¦ MBH. 12,2879 fehlerhaft für {#saMviBajya#}."
PWG-L88503-MBH12.2882,12,2882,vart,st.,medium,Bomb,quote-exact,"12,77.14",confirmed,local-GRETIL,sa cenno parivarteta,""">— 2〉 {%umkehren%} so v. a. {%anders werden, sich bessern%} MBH. 12,2882. {#sa cenno parivarteta#} wohl richtiger ed. Bomb. st. {#sa cennopanivarteta#} der ed. Calc. — caus. {%wieder herbeiholen"
PWG-L102923-MBH12.2915,12,2915,saMviBajya,st.,medium,Bomb,quote-exact,"01,77.3",confirmed,local-GRETIL,saMviBAjya,"eben) adj. {%mit dem man Etwas theilen muss, zu bedenken%} MBH. 12,2915. auch 2879 hat die ed. Bomb. Ausg. so st. {#saMviBAjya#}."
PWG-L39028-MBH12.2923,12,2923,nimaya,zu lesen,high,,quote-exact,"12,79.7",confirmed,local-GRETIL,pakvenAmasya nimayaM na praSaMsanti sADavaH,"amAt#} zu lesen ist). {#pakvenAmasya nimayaM na praSaMsanti sADavaH#} MBH. 12,2923. {#Izanni˚, s"
PWG-L39028-MBH12.2923,12,2923,nimaya,st.,medium,,quote-exact,"12,79.7",confirmed,local-GRETIL,pakvenAmasya nimayaM na praSaMsanti sADavaH,amAt#} zu lesen ist). {#pakvenAmasya nimayaM na praSaMsanti sADavaH#} MBH.
PWG-L57923-MBH12.2939,12,2939,marC,fehlerhaft,high,Bomb,quote-exact,"03,71.12",confirmed,local-GRETIL,aBigacCati,"KAUṢ. UP. 2,12. 13. {#aBimarCati#} MBH. 12,2939 fehlerhaft für {#aBigacCati#}, wie die ed. Bomb. liest."
PWG-L101797-MBH12.3127,12,3127,Sru,fehlerhaft,high,Bomb,quote-exact,"01,166.24",confirmed,local-GRETIL,pratiSruta,"hmt%} MBH. 12,1799 (nach der Lesart der ed. Bomb.). 3127. BHĀG. P. 4,9,5. — 3〉 fehlerhaft für {#pratiSruta#} [Page7-0381] (so ed. Bomb.) MBH. 4,1610."
PWG-L52927-MBH12.3686,12,3686,buD,fehlerhaft,high,,quote-exact,"12,101.4",confirmed,local-GRETIL,pratibADeta,"prati\ stomE^raButsmahi#} 4,52,4. — {#pratiboDeta#} MBH. 12,3686 fehlerhaft für {#pratibADeta#}. — caus. 1〉 {%wecken%} R. 2,56,3. <ls n"
PWG-L87302-MBH12.3767,12,3767,vac,zu lesen,high,Bomb,quote-exact,"06,4.22",confirmed,local-GRETIL,pravivikzataH,"— Vgl. {#pravAcana#}. — desid. scheinbar MBH. 12,3767, wo aber mit der ed. Bomb. {#pravivikzataH#} zu lesen ist. — {#anupra#} s. {#anupravacana#}. — {#paripra#} {%Jmd"
PWG-L93196-MBH12.3767,12,3767,viS,fälschlich,medium,,quote-exact,"04,27.11",confirmed,local-GRETIL,vivakzataH,"."">7,4359. mit Ergänzung von {#senAm#} 6,139 = 12,3767 (in der Calc. Ausg. fälschlich {#vivakzataH#}). {#hutASanam#} R. GORR. 2,18,17. — Vgl. {#pr"
PWG-L27838-MBH12.3993,12,3993,jYA,zu lesen,high,,quote-exact,"12,24.17",confirmed,local-GRETIL,anaByanujYAta,"{#anaByanujYAta#} (so ist zu lesen) M. 2,229; vgl. MBH. 12,3993. — 3〉 {%Jmd entlassen,"
PWG-L78261-MBH12.4100,12,4100,parihArya,fehlerhaft,high,,quote-exact,"12,112.18",confirmed,local-GRETIL,vriyantAmIpsitA BogAH parihAryASca puzkalAH,"{#parihArya#}¦ in der Stelle MBH. 12,4100: {#vriyantAmIpsitA BogAH parihAryASca puzkalAH#} wohl fehlerhaft für {#parihAra#} in der Bed. 4〉. NĪLAK.: {#parihAryAScAnIpsitAH parihAr"
PWG-L71571-MBH12.4285,12,4285,kesara,lies,high,,quote-exact,"12,117.28",confirmed,local-GRETIL,kesarI kesarAruRaH,"4 lies 9,47 st. 9,46. — 6〉 {#kesarI kesarAruRaH#} MBH. 12,4285. = {"
PWG-L71571-MBH12.4285,12,4285,kesara,st.,medium,,quote-exact,"12,117.28",confirmed,local-GRETIL,kesarI kesarAruRaH,"4 lies 9,47 st. 9,46. — 6〉 {#kesarI kesarAruRaH#} MBH. 12,4285. = {#nAgakesara#}"
PWG-L98049-MBH12.4286,12,4286,SaraRa,statt,medium,,quote-exact,"12,117.29",confirmed,local-GRETIL,fziM SaraRamApede,"Spr. 2961. BHĀG. P. 10,16,32. {#fziM SaraRamApede#} MBH. 12,4286. {#rodanaM SaraRaM SritaH#} KATHĀS. 73,225. statt des acc. selten gen.: {#parezAM SaraRaM gataH#} Spr. 1022, <ab"
PWG-L43537-MBH12.4716,12,4716,paryApti,zu lesen,high,,quote-exact,"05,134.14",confirmed,local-GRETIL,nAmftasyeva,"och wohl {#nAmftasyeva#} zu lesen) {#paryAptirmamAsti bruvati tvayi#} MBH. 12,4716. {#nAsti vyasaninAM vatsa Buvi"
PWG-L93196-MBH12.4849,12,4849,viS,fehlerhaft,high,,quote-exact,"01,68.36",confirmed,local-GRETIL,saMpraviSya,"DarmAnvitAnsaMpraviSedbahiH kftveha duzkftIn#} MBH. 12,4545. 4849. — 4〉 {#saMpraviSya#} RĀJA-TAR. 6,361 fehlerhaft für {#saMpraveSya#}; s. Spruch 5042. — Vgl. {#saMpr"
PWG-L78717-MBH12.5091,12,5091,punarAvftti,zu lesen,high,Bomb,quote-exact,"06,27.17",confirmed,local-GRETIL,punarAvftti,"{#punarAvftti#}¦ 1〉 {%das Wiederkommen, Sichwiedereinstellen%} MBH. 12,5091 ({#dfzwA#} und im vorangehenden Verse {#pratyamitre#} mit der ed. Bomb. zu lesen). {%Wiedergeburt%} SARVADARŚANAS. 56,3. fg."
PWG-L93688-MBH12.5160,12,5160,viSvAsa,st.,medium,,quote-exact,"12,142.7",confirmed,local-GRETIL,videSagamane cAsya sEva,"ntato na viSvAsaH kAryo viSvAsaGAtakEH#} (st. loc.) MBH. 12,5160. {#videSagamane cAsya sEva#} ({#BAryA#}) {#viSv"
PWG-L71955-MBH12.5163,12,5163,klid,lies,high,,quote-exact,"12,137.26",confirmed,local-GRETIL,klinnapARi,"√{#klid#}¦, {#klinnapARi#} MBH. 12,5163. Z. 1 vom Ende lies {#raktEraci˚#}. — {#A#}, {#sOhfdAklinnacetas#} {%feucht%} so v. a. {%"
PWG-L79225-MBH12.5210,12,5210,prativAtam,lies,high,,quote-exact,"12,137.73",confirmed,local-GRETIL,prativAtam,"{#prativAtam#}¦ MBH. 12,5210. Spr. 4982. Z. 2 lies 33 st. 35."
PWG-L79225-MBH12.5210,12,5210,prativAtam,st.,medium,,quote-exact,"12,137.73",confirmed,local-GRETIL,prativAtam,"{#prativAtam#}¦ MBH. 12,5210. Spr. 4982. Z. 2 lies 33 st. 35."
PWG-L48978-MBH12.5553,12,5553,pratyAdeSa,zu lesen,high,,quote-exact,"03,2.12",confirmed,local-GRETIL,pratyAdeSaH,"tyAdeSo na saMSayaH . dattaH svamAMsaM dahatA kapotena mahAtmanA ..#} MBH. 12,5553 (hiernach ist auch PAÑCAT. III, 176 {#pratyAdeSaH#} st. {#pratyAdarSaH#} zu lesen). 3,59. 6,3776. {#tasya duhitA prat"
PWG-L48978-MBH12.5553,12,5553,pratyAdeSa,st.,medium,,quote-exact,"03,2.12",confirmed,local-GRETIL,pratyAdeSaH,"tyAdeSo na saMSayaH . dattaH svamAMsaM dahatA kapotena mahAtmanA ..#} MBH. 12,5553 (hiernach ist auch PAÑCAT. III, 176 {#pratyAdeSaH#} st. {#pratyAdarSaH#} zu lesen). 3,59. 6,3776."
PWG-L50258-MBH12.6121,12,6121,praharaRa,zu lesen,high,,quote-exact,"12,160.2",confirmed,local-GRETIL,DanuH praharaRaM SrezWam,"s>HALĀY. 2,307. P. 4,2,57. {#DanuH praharaRaM SrezWam#} MBH. 12,6121. ARJ. 7,22. {#nAnASastra˚#} adj. BHAG. 1,9. {#(yamaH) mftyupraharaRo#} (so ist zu lesen) {#raRe#} HARIV. 2694. 13183. R. 3,35,77. S"
PWG-L45905-MBH12.6447,12,6447,punarBU,lies,high,,quote-exact,"12,165.5",confirmed,local-GRETIL,SUdrA punarBUrBAryA me,"arBUH#} YĀJÑ. 1,67. {#kukzO punargvAH#} (lies {#punarBvAH#}) MBH. 12,6447. {#SUdrA punarBUrBAryA me#} 6372</l"
PWG-L93196-MBH12.6480,12,6480,viS,fehlerhaft,high,,quote-exact,"12,168.19",confirmed,local-GRETIL,snehapASErbahuviDErAvizwavizayA janAH,"1,44. {#snehapASErbahuviDErAvizwavizayA janAH#} {%behaftet mit%} MBH. 12,6480. Vgl. {#BUtAvizwa#} (auch KATHĀS. 73,293). — 6〉 {#AviSya#} KATHĀS. 45,60 fehlerhaft für {#AveSya#}. — Vgl. {#AveSa#} fg. —"
PWG-L87084-MBH12.6597,12,6597,va,st.,medium,,quote-exact,"12,171.12",confirmed,local-GRETIL,maRIvozwrasya,". Calc. 4,42 (bei STENZLER {#ca#} st. {#va#}). MBH. 12,6597 wird {#maRIvozwrasya#} in {#maRI va u˚, maRI vA u˚#},"
PWG-L85042-MBH12.6676,12,6676,ruD,st.,medium,Bomb,quote-exact,"12,172.24",confirmed,local-GRETIL,DarmyamupaBogam,"3891. {#suKapriye#} 5,950. {#DarmyamupaBogam#} 12,6676 ({#anuruDye#} st. {#anurunDye#} ed. Bomb.). {#SOcam#} 8390. {#nijaprati"
PWG-L103889-MBH12.6821,12,6821,saMjYita,zu lesen,high,Bomb,quote-exact,"01,104.11",confirmed,local-GRETIL,aBisaMjYita,"n=""p"">— {#aBisaMjYita#} {%genannt, heissend%} MBH. 12,3118. 6821 ({#˚jYitAH#} mit der ed. Bomb. zu lesen). 14,66. Vgl. auch in den Nachträgen u. d. W.</ab"
PWG-L103843-MBH12.7563,12,7563,saYj,st.,medium,Bomb,quote-exact,"12,200.43",confirmed,local-GRETIL,rAjAnaH samasajjanta samAsAdyetaretaram,"s>. {#rAjAnaH samasajjanta samAsAdyetaretaram#} {%wurden handgemein%} MBH. 12,7563. auch mit acc. so v. a. {%angreifen%}: {#(kuntiBojam) saMsasajjaturAhave#} (nach der Lesart der ed. Bomb. st. {#samas"
PWG-L49183-MBH12.7576,12,7576,pradeSa,zu lesen,high,,quote-exact,"12,201.10",confirmed,local-GRETIL,ete pradeSAH kaTitA BuvanAnAM praBAvanAH,"#} MBH. 5,3600. {#ete pradeSAH kaTitA BuvanAnAM praBAvanAH#} 12,7576. — 4〉 {%Ort, Platz, Gegend%} H. an. 3,723. MED. ś. 24. {#pradeSezu#} (so ist zu lesen) {%an verschiedenen Orten%} MBH. 3,14391. {#m"
PWG-L34632-MBH12.7663,12,7663,devarzi,st.,medium,,quote-exact,"03,160.15",confirmed,local-GRETIL,sapta devarzayaH,"oragAH ..#} 56,15. SUND. 3,1. {#˚carita#} MBH. 12,7663. {#sapta devarzayaH#} (st. dessen {#saptarzayaH#} 14,781) — {#vasizWAdayaH#} 3,1"
PWG-L87515-MBH12.7909,12,7909,vawakaRIkA,st.,medium,Bomb,quote-exact,"12,211.28",confirmed,local-GRETIL,reto vawakaRIkAyAm,"A#}¦ f. {%die kleinste Partikel vom indischen Feigenbaum%} MBH. 12,7909. wo NĪLAK. {#reto vawakaRIkAyAm#} st. {#reto vawakaRikAyAm#} des Textes in der ed. Bomb. und st. {#ratA"
PWG-L87515-MBH12.7909,12,7909,vawakaRIkA,st.,medium,Bomb,quote-exact,"12,211.28",confirmed,local-GRETIL,reto vawakaRIkAyAm,"A#}¦ f. {%die kleinste Partikel vom indischen Feigenbaum%} MBH. 12,7909. wo NĪLAK. {#reto vawakaRIkAyAm#} st. {#reto vawakaRikAyAm#} des Textes in der ed. Bomb. und st. {#ratA vawakaRIyAnAm#} der ed. "
PWG-L49930-MBH12.8088,12,8088,pravyAhAra,fehlerhaft,high,,quote-exact,"02,71.27",confirmed,local-GRETIL,pravyAhAra,"{#pravyAhAra#}¦ MBH. 12,8088 wohl fehlerhaft für {#pratyAhAra#} {%Zurückhaltung%}."
PWG-L99248-MBH12.8150,12,8150,SiKaRqin,zu lesen,high,,quote-exact,"03,155.53",confirmed,local-GRETIL,SiKaRqinIH,"MBH. 4,1195 (= {#mayUrapicCAlaMkAravatI#} NĪLAK.). 12,8150. {#SiKaRqinI apsarasO kASyapyO#} Verfasserinnen von ṚV. 9,104. auch AV. 4,37,4 ist vielleicht {#SiKaRqinIH#} voc. zu lesen. — 2〉 m. a〉 ein Na"
PWG-L54780-MBH12.8345,12,8345,BAs,zu lesen,high,Bomb,quote-exact,"01,208.17",confirmed,local-GRETIL,avaBAsayat,"vato DarmarAjo vimAnenAvaBAsayan . trI~llokAn#} MBH. 3,1674. 12,8345 ({#avaBAsayat#} mit der ed. Bomb. zu lesen). 13,4088. ŚAṂK._zu_BṚH. ĀR. UP. S. 60. BHĀG. P."
PWG-L60452-MBH12.8604,12,8604,mitrasaha,zu lesen,high,Bomb,quote-exact,"12,226.30",confirmed,local-GRETIL,madayantIM,"der auch den Namen Kalmāṣapāda fuhrt, MBH. 1,6720. 12,8604 (wo mit der ed. Bomb. {#madayantIM#} st. {#damayantIM#} zu lesen ist). 13,6262. 14,1690. HARIV. 817. VP."
PWG-L60452-MBH12.8604,12,8604,mitrasaha,st.,medium,Bomb,quote-exact,"12,226.30",confirmed,local-GRETIL,madayantIM,"der auch den Namen Kalmāṣapāda fuhrt, MBH. 1,6720. 12,8604 (wo mit der ed. Bomb. {#madayantIM#} st. {#damayantIM#} zu lesen ist). 13,6262. 14,1690."
PWG-L61143-MBH12.8831,12,8831,musala,st.,medium,,quote-exact,"12,234.8",confirmed,local-GRETIL,sannamusale,"ls>. {#sannamusale#} {%wenn der Mörserkolben ruht%} M. 6,56. MBH. 12,8831. {#ulUKalamusala#} und {#musaloluKala#} s. u. {#ulUKala#} 1. {#gfhItvA granTimuSalaM(?) mUQo BikzuravAdayat#} KATHĀS. 65,135. "
PWG-L104247-MBH12.9128,12,9128,sad,zu lesen,high,,quote-exact,"12,136.16",confirmed,local-GRETIL,na so 'rTaH,"#} (wohl {#na so 'rTaH#} zu lesen) {#parizIdati, manastatparizIdati#} MBH. 12,9128. {#na so 'rTaH parizIdati#} <ls"
PWG-L76490-MBH12.9232,12,9232,Darma,st.,medium,Bomb,quote-exact,"07,62.8",confirmed,local-GRETIL,mahadDarmam,"/ls> liest die ed. Bomb. {#sarvaM#} st. {#DarmaM#}, 9232 {#DarmyARi#} st. {#DarmARi#}; über {#mahadDarmam#} 13,3213 s. u. {#mahant#"
PWG-L27197-MBH12.9661,12,9661,jAWara,zu lesen,high,,quote-exact,"12,261.25",confirmed,local-GRETIL,taTAsya syAjjAWarI dvAraguptiH,"K. P. 2,37. {#taTAsya syAjjAWarI dvAraguptiH#} (so ist zu lesen) MBH. 12,9661. {#agni#} {%das im Leibe befindliche Feuer, die verdauende Feuerkr"
PWG-L104620-MBH12.10406,12,10406,saMtApitar,zu lesen,high,Bomb,quote-exact,"06,116.49",confirmed,local-GRETIL,mantA pitA,"{#saMtApitar#}¦ scheinbar MBH. 12,10406, da mit der ed. Bomb. {#mantA pitA#} st. {#santApitA#} zu lesen ist."
PWG-L104620-MBH12.10406,12,10406,saMtApitar,st.,medium,Bomb,quote-exact,"06,116.49",confirmed,local-GRETIL,mantA pitA,"{#saMtApitar#}¦ scheinbar MBH. 12,10406, da mit der ed. Bomb. {#mantA pitA#} st. {#santApitA#} zu lesen ist."
PWG-L40628-MBH12.10728,12,10728,nud,lies,high,,quote-exact,"12,280.6",confirmed,local-GRETIL,ajYAnAdDi kftaM pApaM tapasEvABinirnudet,"}: {#ajYAnAdDi kftaM pApaM tapasEvABinirnudet#} (lies: {#˚nirRudet#}) MBH. 12,10728. — {#parA#} {%wegstossen, — drängen, —"
PWG-L109138-MBH12.10742,12,10742,sic,zu lesen,high,,quote-exact,"01,57.58",confirmed,local-GRETIL,kaTaM nu,"lam#} MBH. 5,2999. {#yattoyaM tasminneva (toye) prasicyate#} 12,10742. {#kaTaM nu#} (wohl {#na#} zu lesen) {#Bidyeta na ca sraveta na ca prasicyediti rakzitavyam#} {%ausfliessen%} 3,"
PWG-L44730-MBH12.12100,12,12100,pAripAnTika,fehlerhaft,high,,quote-exact,"12,171.20",confirmed,local-GRETIL,pAripAnTika,"{#pAripAnTika#}¦ MBH. 12,12100 wohl nur fehlerhaft für {#pAripanTika#}."
PWG-L86899-MBH12.12308,12,12308,lolupa,zu lesen,high,Bomb,quote-exact,"12,313.48",confirmed,local-GRETIL,nAsti lolupA,"ls>. st. {#nAsti#} ({#nAsi#} ed. Bomb.) {#lolupaH#} 12,12308 ist wohl auch {#nAsti lolupA#} zu lesen. — Vgl. {#a˚, ganDa˚, pra˚, maDu˚#}."
PWG-L36186-MBH12.12529,12,12529,Dar,zu lesen,high,,quote-exact,"12,318.18",confirmed,local-GRETIL,daSa mAsAnpariDftA,"ls>. {#daSa mAsAnpariDftA#} ({%im Mutterleibe getragen%}) {#jAyante#} 12,12529. — AV. 19,24,1 ist viell. {#aDApayan#} st. {#aDArayan#} zu lesen. — {#pra#} 1〉 wohl so v. a. {#daRqaM Dar#} {%Strafe verh"
PWG-L36186-MBH12.12529,12,12529,Dar,st.,medium,,quote-exact,"12,318.18",confirmed,local-GRETIL,daSa mAsAnpariDftA,"ls>. {#daSa mAsAnpariDftA#} ({%im Mutterleibe getragen%}) {#jAyante#} 12,12529. — AV. 19,24,1 ist viell. {#aDApayan#} st. {#aDArayan#} zu lesen. — {#pra#} 1〉 wohl so v. a. {#daRqaM Dar#}"
PWG-L106817-MBH12.12864,12,12864,sarvadarSin,zu lesen,high,,quote-exact,"12,14.30",confirmed,local-GRETIL,sarvadarSin,"{#sarvadarSin#}¦ 1〉 adj. {%allsehend%} MBH. 12,12864. R. 2,106,5. VARĀH. BṚH. S. 51,1 ({#˚darSI#} zu lesen). — 2〉 m. {%ein%} Buddha TRIK. 1,1,10. ein Ar"
PWG-L106143-MBH12.13204,12,13204,saMprayARa,st.,medium,,quote-exact,"05,5.16",confirmed,local-GRETIL,saMprayARe,"bzug, Aufbruch%} MBH. 5,105. BHĀG. P. 1,15,51. auch MBH. 12,13204 wird {#saMprayARe#} st. {#saMpradAne#} gelesen werden müssen."
PWG-L104986-MBH12.13257,12,13257,saptatriMSat,zu schreiben,high,,quote-exact,"12,330.33",confirmed,local-GRETIL,saptatriMSat,"{#saptatriMSat#}¦ f. {%siebenunddreissig%} MBH. 12,13257. {#˚SataM varzAn#} RĀJA-TAR. 1,288. {#˚Sati varzezu#} (so ist zu schreiben) 2,81. PAÑCAR. 2,4,53. {#˚SadrAtra#} n. {%eine"
PWG-L31244-MBH12.13567,12,13567,trisOparRa,zu lesen,high,,quote-exact,"12,336.19",confirmed,local-GRETIL,trisOparRaM,"uparRo Darmamuttamam . yasmAttasmAdvrataM hyetattrisOparRamihocyate#} MBH. 12,13567. {#trisOvarRaM#} (wohl {#trisOparRaM#} zu lesen) {#taTA brahma yajuzAM Satarudriyam#} 10413. {#praTamatrisOparRa#}"
PWG-L81094-MBH12.13789,12,13789,yat,zu lesen,high,,quote-exact,"12,342.6",confirmed,local-GRETIL,ca sAttvikAni,"yAtyamAnAni#} (= {#nipIqyamAnAni#} NILAK.) {#ca sAttvikAni#} MBH. 12,13789. {#putro niryAtitaH kroDAt#} (so die neuere Ausg., es ist aber wohl {#kroqAt#} zu lesen) HARIV. 4857. {#niryAtayata me senAm#"
PWG-L64804-MBH13.23,13,23,amfta,lies,high,,quote-exact,"13,1.16",confirmed,local-GRETIL,hatvA cEnaM nAmftaH syAdayaM me,"{#amfta#}¦ 1〉a〉 {#hatvA cEnaM nAmftaH syAdayaM me#} MBH. 13,23. — b〉 *Z. 3 lies 8,48,3 st. 8,48,1. subst. {%ein unsterbliches Wesen, ein Gott%} Spr"
PWG-L64804-MBH13.23,13,23,amfta,st.,medium,,quote-exact,"13,1.16",confirmed,local-GRETIL,hatvA cEnaM nAmftaH syAdayaM me,"{#amfta#}¦ 1〉a〉 {#hatvA cEnaM nAmftaH syAdayaM me#} MBH. 13,23. — b〉 *Z. 3 lies 8,48,3 st. 8,48,1. subst. {%ein unsterbliches Wesen, ein Gott%} Spr. 4302. <d"
PWG-L27412-MBH13.131,13,131,ji,zu lesen,high,,quote-exact,"06,32.38",confirmed,local-GRETIL,nItirasmi jigIzatAm,"H."">4,1985. {#(kaccit) parAn jigIzase#} 2,194. 13,131. {#nItirasmi jigIzatAm#} BHAG. 10,38. BHĀG. P. 3,19,10 (wo {#jigIzAsa#} zu lesen ist). {%auf Beute ausgehen%}, med.: {#jigI^zase pa\Suri\vAva^sfzw"
PWG-L93196-MBH13.237,13,237,viS,zu lesen,high,,quote-exact,"01,39.32",confirmed,local-GRETIL,saMniveSya,"am#} M. 11,202 ({#saMniveSya#} bei LOIS. zu lesen). MBH. 13,237. SUŚR. 2,55,16. {#tezAM tvavayavAn — saMniveSyAtmamAtrAsu"
PWG-L81815-MBH13.341,13,341,yA,fehlerhaft,high,,quote-exact,"13,6.47",confirmed,local-GRETIL,saMyAti dEvam,"kftamagryaM karma#} (acc.) {#saMyAti dEvam#} (nom.) MBH. 13,341. — {#saMyayuH#} HARIV. 15892 fehlerhaft für {#KaM yayuH#}, wie die neuere Ausg. liest. — Vgl. {#saMy"
PWG-L42824-MBH13.398,13,398,parityajya,zu lesen,high,,quote-exact,"13,8.24",confirmed,local-GRETIL,uBe cEte parityajye tejaScEva tapastaTA,"183. {%aufzugeben%}: {#uBe cEte parityajye tejaScEva tapastaTA#} 13,398. Es ist wohl {#parityA˚#} zu lesen."
PWG-L95554-MBH13.764,13,764,vezw,fehlerhaft,high,,quote-exact,"01,25.22",confirmed,local-GRETIL,Avezwitakara,".#} MBH. 7,1189. {%schliessen%} (die Hand): {#Avezwitakara#} 13,764. — 4〉 {#Avezwayati#} TBR. 1,3,6,1 fehlerhaft für {#Acezwayati#}. — Vgl. {#Avezwa#} fgg. — {#sa"
PWG-L42384-MBH13.793,13,793,parama,zu lesen,high,,quote-exact,"01,147.17",confirmed,local-GRETIL,kiM nvataH,"den, {%vorzüglicher, grösser, ärger%}: {#ko 'nyo 'sti paramaH SivAt#} MBH. 13,793. {#kiM nvataH#} (so ist zu lesen) {#paramaM duHKaM yat#} 1,6196. {#yasmAnna paramaM BUtaM vAnarezviha vi"
PWG-L101849-MBH13.823,13,823,Sruti,zu lesen,high,,quote-exact,"13,14.101",confirmed,local-GRETIL,brUhi yadyasti te SrutiH,"ls>. {#brUhi yadyasti te SrutiH#} {%sprich, wenn du es gehört hast%}, MBH. 13,823. {#SrutiM vaco 'nugAM#} (so zu lesen) {#katvA#} so v. a. {%auf die Rede hinhorchend%} WEBER, PRATIJÑĀS. 111."
PWG-L90545-MBH13.882,13,882,vAsa,zu schreiben,high,,quote-exact,"13,14.152",confirmed,local-GRETIL,kfzRavAsAya,"and, Kleid%} Comm. zu AK. 2,6,3,17. {#kfzRavAsAya#} MBH. 13,882. {#cIravalkalavAsaDfk#} HARIV. 12059. nur scheinbar KATHĀS. 3,71, wo {#vAsasyalaktakam#} zu schreiben ist. Eine aus metrischen Rücksicht"
PWG-L10888-MBH13.1143,13,1143,uttara,zu lesen,high,,quote-exact,"01,2.22",confirmed,local-GRETIL,SatAni ca daSottarARi,"YĀJÑ. 3,102. {#SatAni ca daSottarARi#} MBH. 1,296. 13,1143. PAÑCAT. 157,24. KATHĀS. 13,40. BRAHMA-P. in LA. 57,15 (wo wohl {#saptottarARi#} zu lesen ist). H. 659. LIA. I, 502, N. 1. ({#paSUnAM triSatI"
PWG-L37610-MBH13.1189,13,1189,nandivarDana,fälschlich,medium,,quote-exact,"03,159.26",confirmed,local-GRETIL,nandIvArDanaH,"ls>BHĀG. P. 4,16,18. unter den Beinn. von Śiva MBH. 13,1189. TRIK. 1,1,45. H. ś. 40 (fälschlich {#nandIvArDanaH#}). MED. n. 236. — 2〉 m. a〉 {%"
PWG-L104247-MBH13.1336,13,1336,sad,st.,medium,,quote-exact,"08,24.132",confirmed,local-GRETIL,prasAdayitavAn,"n=""MBH."">8,1584 ({#prasAdayitavAn#}). 13,243. 1336. HARIV. 6007 ({#ataH prasAdayizye tvAM#} die neuere Ausg. st. {#atastvAhaM prasAdizye#} der älteren). R. 1,9,68 (67 GORR."
PWG-L116085-MBH13.1393,13,1393,har,zu lesen,high,,quote-exact,"13,19.13",confirmed,local-GRETIL,mano jahAra,"ich fortnehmen%}): {#sA tasya dfzwEva#} (so zu lesen) {#mano jahAra#} MBH. 13,1393. R. 3,38,18 (med.). 4"
PWG-L88106-MBH13.1441,13,1441,vara,statt,medium,,quote-exact,"01,94.58",confirmed,local-GRETIL,tvamevEkaH SatAdapi varaH sutaH,"1,351. {#tvamevEkaH SatAdapi varaH sutaH#} MBH. 1,4030. 13,1441. R. GORR. 2,80,10. Spr. 3397. 4201. KATHĀS. 78,127. PRAB. 52,14. statt des abl. der gen.: {#kAmo DarmArTayorvaraH#} Spr. 3049. <div n"
PWG-L113928-MBH13.1660,13,1660,sTA,zu lesen,high,,quote-exact,"13,24.86",confirmed,local-GRETIL,DarmakAryezu cotTitAH,"r Hand seiend%} KĀM. NĪTIS. 18,66. {#DarmakAryezu cotTitAH#} MBH. 13,1660. {#karmaRi#} (so ist zu lesen) R. 5,33,30. {#Ahave#} 3,32,1. {#dame satye Darme ca satatotTita"
PWG-L49605-MBH13.1723,13,1723,prayAga,zu lesen,high,,quote-exact,"13,26.36",confirmed,local-GRETIL,prayAge tu,"BH. 1,2097. 3,8212. 8218. 13,1723. fg. (wo {#prayAge tu#} zu lesen ist). 7649. HARIV. 1371. R. 2,54,5. <ls n=""R. 2,5"
PWG-L45045-MBH13.1741,13,1741,piNga,zu lesen,high,,quote-exact,"13,26.52",confirmed,local-GRETIL,piNgAyAScASrame,"is>Durgā H. an. MED. Statt {#piNgAyAYcASrame#} MBH. 13,1741 ist wohl {#piNgAyAScASrame#} zu lesen, wobei es aber doch zweifelhaft bleibt, ob Durgā oder eine best. fromme"
PWG-L33916-MBH13.1880,13,1880,duz,zu lesen,high,,quote-exact,"13,28.14",confirmed,local-GRETIL,mAtA me yena dUzitA,"#} M. 8,364. 368. {#mAtA me yena dUzitA#} MBH. 13,1880. HARIV. 9995. BHĀG. P. 1,33,22. {#adUzitA#} HARIV. 8544. TRIK. 2,6,1 (wo so st. {#aBUzitA#} zu lesen ist). {#kanyAtve dUzite#} MBH. 1,2406. {#adU"
PWG-L33916-MBH13.1880,13,1880,duz,st.,medium,,quote-exact,"13,28.14",confirmed,local-GRETIL,mAtA me yena dUzitA,"#} M. 8,364. 368. {#mAtA me yena dUzitA#} MBH. 13,1880. HARIV. 9995. BHĀG. P. 1,33,22. {#adUzitA#} HARIV. 8544. TRIK. 2,6,1 (wo so st. {#aBUzitA#} zu lesen ist). {#kanyAtve dUzite#} MBH. 1,2406. {#adU"
PWG-L29994-MBH13.1926,13,1926,tud,lies,high,,quote-exact,"13,30.8",confirmed,local-GRETIL,duHKArtaM mftaM mArayase ca mAm,"iM mAM tudasi#} (uneig.) {#duHKArtaM mftaM mArayase ca mAm#} MBH. 13,1926. {#BAvo BAvaM tudati#} (lies: {#nudati#} mit der v. l.) MĀLAV. 29. — Vgl. {#tard"
PWG-L109138-MBH13.1952,13,1952,sic,fehlerhaft,high,Bomb,quote-exact,"05,106.7",confirmed,local-GRETIL,'Byazicyata,"#} {%vergossen%}: Samen ŚAT. BR. 11,5,4,16. — {#vyazicyata#} MBH. 13,1952 fehlerhaft für {#'Byazicyata#}, wie die ed. Bomb. liest. — intens. {#visesicyate#}"
PWG-L116719-MBH13.2028,13,2028,hA,zu lesen,high,,quote-exact,"13,32.20",confirmed,local-GRETIL,kftyezu vartate,") {#kftyezu vartate#} (wohl {#varDate#} zu lesen) {#nopahIyate#} MBH. 13,2028. — {#ni#} pass. {%den Kürzern z"
PWG-L42310-MBH13.2134,13,2134,para,st.,medium,,quote-exact,"12,224.26",confirmed,local-GRETIL,pare 'pare,"arezAM ca pareByaScApi ye pare#} MBH. 13,3037; vgl. 2134, wo st. {#pare 'pare#} gedruckt ist. {#vetTa DarmaM satyavati paraM cAparameva ca#} MBH."
PWG-L106410-MBH13.2142,13,2142,sar,zu lesen,high,Bomb,quote-exact,"05,80.17",confirmed,local-GRETIL,brAhmaRaH prasftAgraBuk,"ÑCAR. 3,14,17. {#brAhmaRaH prasftAgraBuk#} MBH. 5,2887. 13,2142 ({#atiTiH#} wie in der folgenden Stelle mit der ed. Bomb. zu lesen). 3221. {#prasftAgrapradAyin#} 4740; vgl."
PWG-L106410-MBH13.2150,13,2150,sar,fehlerhaft,high,,quote-exact,"13,35.9",confirmed,local-GRETIL,agraBojyAH prasUtInAm,"} 4740; vgl. {#agraBojyAH prasUtInAm#} 2150. — h〉 fehlerhaft für {#praSrita#} (s. auch u. {#Sri#} mit {#pra#}) {%anspruchlos, besche"
PWG-L64534-MBH13.2194,13,2194,aBilaNGana,fehlerhaft,high,,quote-exact,"12,80.18",confirmed,local-GRETIL,atilaNGana,"{#aBilaNGana#}¦ {%das Uebertreten, Zuwiderhandeln%}: {#SAstrABi˚#} MBH. 13,2194. Wohl fehlerhaft für {#atilaNGana#}."
PWG-L39944-MBH13.2218,13,2218,niScaya,st.,medium,,quote-exact,"12,345.10",confirmed,local-GRETIL,anena niScayena,"niScayaH#} so v. a. {%sie kümmern sich nicht um das Alter%} MBH. 13,2218; vgl. M. 9,14, wo {#saMsTitiH#} st. {#niScayaH#} gesagt wird. {#anena niScayena#} so v. a. {%da solches feststa"
PWG-L65827-MBH13.2430,13,2430,as,lies,high,,quote-exact,"02,46.22",confirmed,local-GRETIL,paryudastAH,ausschliessen%} ({#paryudastAH#} = {#dUrakziptAH#} Schol.). MB
PWG-L81827-MBH13.2438,13,2438,yAc,fehlerhaft,high,,quote-exact,"13,44.34",confirmed,local-GRETIL,yAcayanti parasparam,"Acat#} P. 7,4,2. {%werben lassen%}: {#yAcayanti parasparam#} MBH. 13,2438. {#yAcayitvA#} PAÑCAT. 25,15 fehlerhaft für {#yAcitvA#}. — desid. {#yiyAcizate#}; vgl. oben <ab n=""u"
PWG-L68220-MBH13.2617,13,2617,upaDvaMsaja,fehlerhaft,high,Bomb,quote-exact,"13,49.5",confirmed,local-GRETIL,apaDvaMsaja,"{#upaDvaMsaja#}¦ MBH. 13,2617. fgg. fehlerhaft für {#apaDvaMsaja#} (s. u. {#apaDvaMsa#}), wie die ed. Bomb. liest."
PWG-L64083-MBH13.2617,13,2617,apaDvaMsa,fälschlich,medium,Calc,quote-exact,"13,49.5",confirmed,local-GRETIL,apaDvaMsajAH,"1〉 {#apaDvaMsajAH#} (ed. Calc. fälschlich {#upa˚#}) heissen MBH. 13,2617. fgg. {%die Kinder gemischter Ehen, wo die Mutter"
PWG-L18583-MBH13.2630,13,2630,kftaka,falsch,medium,,quote-exact,"04,2.27",confirmed,local-GRETIL,etena viDinA CannaH kftakena,"rimaH putraH#} {%ein künstlicher%} d. i. {%adoptirter Sohn%} 13,2630. fg. MEGH. 73. {%erkünstelt, verstellt, sich verstellend, falsch%}: {#etena viDinA CannaH kftakena#} MBH. 4,60. {#akftakaviDi (yOva"
PWG-L42833-MBH13.2662,13,2662,paritrAsa,zu lesen,high,,quote-exact,"03,181.30",confirmed,local-GRETIL,alpAbADaparitrAsAdBavanti nirupadravAH,"%}: {#alpAbADaparitrAsAdBavanti nirupadravAH#} MBH. 3,12640. 13,2662 (wo {#˚paritrAsAjjA˚#} zu lesen ist). R. GORR. 2,67,11. MṚCCH. 98,8. Am Ende eines adj. comp."
PWG-L105019-MBH13.2702,13,2702,saptapada,fehlerhaft,high,Bomb,quote-exact,"03,246.35",confirmed,local-GRETIL,saptapadaM mitram,"ls>TS. 3,3,10,2. {#saptapadaM mitram#} MBH. 3,15439 und 13,2702 fehlerhaft für {#sAptapadaM#} (so ed. Bomb. an beiden Stellen) {#mEtram#} (so ed. Bomb."
PWG-L83835-MBH13.2771,13,2771,rasAla,statt,medium,,quote-exact,"13,53.17",confirmed,local-GRETIL,rasAlApUpakAMScitrAn,"vetasya cApare#} R. GORR. 2,100,67. {#rasAlApUpakAMScitrAn#} MBH. 13,2771. statt {#taTA rasAlASca bahuprakArAH papuH#} HARIV. 8447 liest die neuere Ausg.</ab"
PWG-L82180-MBH13.2793,13,2793,yugya,fälschlich,medium,,quote-exact,"04,17.13",confirmed,local-GRETIL,yugyamajAvikam,"b> MBH. 4,535. R. GORR. 2,97,23. {#yugyamajAvikam#} MBH. 13,2793. Hier und da fälschlich {#yugma#} geschrieben. — 3〉 {#jamadagnervrataM yugyam#} (v. l. {#yujy"
PWG-L65787-MBH13.2831,13,2831,azwapadikA,st.,medium,Bomb,quote-exact,"13,54.6",confirmed,local-GRETIL,azwapadikA,"{#azwapadikA#}¦ f. {%eine best. Schlingpflanze%} MBH. 13,2831, Lesart der ed. Bomb. st. {#˚pAdikA#} der ed. Calc."
PWG-L67140-MBH13.2980,13,2980,i,zu lesen,high,Bomb,quote-exact,"01,59.54",confirmed,local-GRETIL,sa pretya,"— {#saMpra#} scheinbar in {#sampretya#} {%jenseits, im andern Leben%} MBH. 13,2980; es ist aber mit der ed. Bomb. {#sa pretya#} zu lesen. — {#prati#} 1〉 {#taTA tErupayAtESca pratiyadBiSca#} (so die ed"
PWG-L97899-MBH13.3038,13,3038,Sam,zu lesen,high,,quote-exact,"03,27.10",confirmed,local-GRETIL,agnimArutO,",168. {#tejaH#} 9,321. {#tejAMsi ca tamAMsi ca#} MBH. 13,3038. {#agnimArutO#} HARIV. 95 (med.). 13954 ({#SAmyamAne tu samare pAvake#} mit der neueren Ausg. zu lesen). {#davAgniH#} RAGH. 2,14. {#kopAgn"
PWG-L82375-MBH13.3081,13,3081,yoga,st.,medium,Bomb,quote-exact,"01,195.19",confirmed,local-GRETIL,kzemaM ca,"A\M mana\H kzeme\ 'nyAsA^m#} TS. 5,2,1,7. KAUŚ. 56. MBH. 13,3081 (die ed. Bomb. {#kzemaSca#} st. {#kzemaM ca#} der ed. Calc.). = {#apUrvalABa, alabDalABa, apUrvArTasaMprApt"
PWG-L106590-MBH13.3186,13,3186,sarp,zu lesen,high,,quote-exact,"13,61.81",confirmed,local-GRETIL,yaTApsu patitaH Sakra tElabindurvisarpati,"} MBH. 8,2385. {#yaTApsu patitaH Sakra tElabindurvisarpati#} 13,3186. {#DUmasaMGAtaH#} HARIV. 11823. {#SUdrAH#} 11824. {#navaparimalaganDaH#} (so zu lesen) Spr. (II) 3413. {#vizAgnivat — SokajvaraH#} "
PWG-L93196-MBH13.3453,13,3453,viS,statt,medium,Bomb,quote-exact,"05,144.15",confirmed,local-GRETIL,nirvezwavya,"14,80. Spr. (II) 1087. — 5〉 {#nirviSantyAM#} MBH. 13,3453 fehlerhaft für {#nivi˚#}, wie die ed. Bomb. liest. — Vgl. {#nirveSa#} fg., {#nirvezwavya#} (statt der zweiten Bed. ist zu setzen {%woran man G"
PWG-L114658-MBH13.3495,13,3495,syad,fehlerhaft,high,Bomb,quote-exact,"14,68.24",confirmed,local-GRETIL,prAspandat,"en). RAGH. 5,68 fehlerhaft für {#praspandamAna; prAsyandat#} MBH. 13,3495 in der ed. Bomb. fehlerhaft für {#prAspandat#} (so ed. Calc.). Vgl. {#prasyanda#} fgg. — <"
PWG-L44628-MBH13.3567,13,3567,pAradArin,fehlerhaft,high,,quote-exact,"02,28.17",confirmed,local-GRETIL,pAradArika,"{#pAradArin#}¦ = {#pAradArika#} 1. MBH. 13,3567. Wohl nur fehlerhaft für {#paradArin#}."
PWG-L100618-MBH13.3649,13,3649,SUra,statt,medium,,quote-exact,"01,104.4",confirmed,local-GRETIL,atiTipUjane,""">3647. {#aDyayane#} 3648. {#atiTipUjane#} 3649. statt des loc. auch instr.: {#tEstErniyamEH#} 3647. {#g"
PWG-L104143-MBH13.3655,13,3655,satyavant,fehlerhaft,high,Calc,quote-exact,"01,59.27",confirmed,local-GRETIL,sattvavant,">6,1,56. SĀV. 1,4 ({#satyavAc#} MBH. 3,16622). MBH. 13,3655. R. 1,39,6 (40,6 GORR.). 5,90,39. fehlerhaft für {#sattvavant#} RAGH. 5,56 ({#sattvavant#} ed. Calc., {%validus%} <l"
PWG-L101849-MBH13.3670,13,3670,Sruti,zu lesen,high,,quote-exact,"13,75.6",confirmed,local-GRETIL,imAM SrutimudAharet,"12,109. BHAG. 2,53. {#imAM SrutimudAharet#} MBH. 13,3670. SĀṂKHYAK. 5 (nach dem Comm. wohl {#AptaSrutI#} zu lesen). Verz. d. Oxf. H. 65,a,9. 10. <ls n=""Verz."
PWG-L86437-MBH13.3872,13,3872,lih,fehlerhaft,high,Bomb,quote-exact,"13,81.20",confirmed,local-GRETIL,aNgezvAlakzyate,"itat: {#sfkkiRyorlihati ca jihvayA kadAcit#}. — {#aNge 'Ta lekzyate#} MBH. 13,3872 fehlerhaft für {#aNgezvAlakzyate#}, wie die ed. Bomb. liest. — caus. {#"
PWG-L94370-MBH13.4252,13,4252,vIj,fälschlich,medium,,quote-exact,"06,22.22",confirmed,local-GRETIL,vIkzyamAna,>gedr.). partic. {#vIjita#} {%befächelt%}: {#vyajana˚#} <
PWG-L25554-MBH13.4341,13,4341,cint,fehlerhaft,high,,quote-exact,"03,213.31",confirmed,local-GRETIL,vyAcintayat,"=""MBH."">12,12393. — {#aBi#} {%über Etwas nachsinnen%} MBH. 13,4341. — {#vyA#}, {#vyAcintayat#} PAÑCAT. 104,16 fehlerhaft für {#vyaci˚#}. — {#nis#} s. {#aniScintya#}. — {#pari#} 1〉"
PWG-L68449-MBH13.4450,13,4450,upADi,lies,high,,quote-exact,"13,94.37",confirmed,local-GRETIL,upADiM SaNkamAnAH,"Di#}¦ Z. 1 lies {#upA#} st. {#upa#}. 1〉 MBH. 13,4450 ({#upADiM SaNkamAnAH#}"
PWG-L68449-MBH13.4450,13,4450,upADi,st.,medium,Bomb,quote-exact,"13,94.37",confirmed,local-GRETIL,upADiM SaNkamAnAH,"Di#}¦ Z. 1 lies {#upA#} st. {#upa#}. 1〉 MBH. 13,4450 ({#upADiM SaNkamAnAH#} ed. Bomb.</"
PWG-L42197-MBH13.4471,13,4471,padmin,zu lesen,high,,quote-exact,"13,95.14",confirmed,local-GRETIL,SucivAriprasannodAM dadfSuH padminIM SuBAm,"MBH. 1,4869. {#SucivAriprasannodAM dadfSuH padminIM SuBAm#} 13,4471. R. 2,27,18 (mit GORR. {#padminIrvimalodakAH#} zu lesen). 48,8. 52,97. — b〉 Bez. {%einer"
PWG-L88654-MBH13.4527,13,4527,varzAcara,st.,medium,,quote-exact,"13,96.33",confirmed,local-GRETIL,karotu Bftako 'varzAm,"adj. in der Stelle: {#varzAcaro 'stu BftakaH#} (als Fluch) MBH. 13,4527. st. dessen {#karotu Bftako 'varzAm#} 4579."
PWG-L105532-MBH13.4581,13,4581,samAdAna,fälschlich,medium,,quote-exact,"13,96.35",confirmed,local-GRETIL,sarvapApasamAdAnaM nfSaMse cAnfte ca yat,"pfangen, Aufsichladen%}: {#sarvapApasamAdAnaM nfSaMse cAnfte ca yat#} MBH. 13,4581. = {#samIcInagrahaRa#} H. an. 4,199 [Page7-0701] (fälschlich {#samAsIna˚#}). MED. n. 217. — 2〉 = {#nityakarman#} H. a"
PWG-L66428-MBH13.4633,13,4633,ADAna,st.,medium,,quote-exact,"13,98.5",confirmed,local-GRETIL,avaSyaM vinayADAnaM kAryamadya mayA tava,>— 5〉 {#avaSyaM vinayADAnaM kAryamadya mayA tava#} {%das Beibrin
PWG-L42634-MBH13.4672,13,4672,pari,st.,medium,,quote-exact,"01,136.1",confirmed,local-GRETIL,parisaMvatsarozitAn,"h einem runden (vollen) Jahre%}; vgl. {#parisaMvatsara#} und MBH. 13,4672, wo st. {#parisaMvatsarAtpunaH#} des Manu {#parisaMvatsarozitAn#} gelesen wird. <di"
PWG-L40058-MBH13.4939,13,4939,nizkakaRWa,zu lesen,high,,quote-exact,"08,29.33",confirmed,local-GRETIL,nizkakaRWam,". — 2〉 {%ein goldener Halsschmuck%} MBH. 13,4928. 4939; an der letzten Stelle ist, wie schon das Metrum zeigt, {#nizkakaRWam#} zu lesen."
PWG-L27838-MBH13.4979,13,4979,jYA,st.,medium,,quote-exact,"13,107.51",confirmed,local-GRETIL,parijYAtAnvanaspatIn,". {#maDyadeSa˚#} MBH. 12,6310. {#parijYAtAnvanaspatIn#} 13,4979 (vgl. M. 4,39, wo st. dessen {#prajYAta#}). {#svena nAmnA parijYAtam#} HARIV. 2821. —"
PWG-L99227-MBH13.4991,13,4991,SikzA,fehlerhaft,high,Bomb,quote-exact,"08,5.95",confirmed,local-GRETIL,yasya SikzAmupAsate,". 42. {#yasya SikzAmupAsate#} MBH. 8,327. {#SikzArTam#} MBH. 13,4991 (nach der Lesart der ed. Bomb., fehlerhaft {#SizwArTam#} ed. Calc.). R. 4,54,7. RĀJA-TAR. 2,118. BHĀG"
PWG-L106569-MBH13.5025,13,5025,sarj,zu lesen,high,Bomb,quote-exact,"13,107.37",confirmed,local-GRETIL,na cASnIyAt,"D. ṭ. 30. {#tilasfzwaM#} (so ed. Bomb.) {#na cASnIyAt#} MBH. 13,5025 ({#tilaBfzwaM#} ed. Calc.). {%voll —, erfüllt von%}; = {#bahula#} AK. 3,4,9,41. ({#sfzwaM#} oder {#sfzwo#} st. {#sfzwir#} zu lesen)"
PWG-L106569-MBH13.5025,13,5025,sarj,st.,medium,Bomb,quote-exact,"13,107.37",confirmed,local-GRETIL,na cASnIyAt,"D. ṭ. 30. {#tilasfzwaM#} (so ed. Bomb.) {#na cASnIyAt#} MBH. 13,5025 ({#tilaBfzwaM#} ed. Calc.). {%voll —, erfüllt von%}; = {#bahula#} AK. 3,4,9,41. ({#sfzwaM#} oder {#sfzwo#} st. {#sfzwir#} zu lesen)"
PWG-L21814-MBH13.5027,13,5027,gam,zu lesen,high,,quote-exact,"13,107.40",confirmed,local-GRETIL,svADyAyaM cADigacCati,"DĀNTAS._in_BENF. Chr. 202,10. {#svADyAyaM cADigacCati#} MBH. 13,5027. {#aDigatamaDyayanam#} SUŚR. 1,13,14. {#sarvaSAstrADigataH#} (act. ! ist viell. {#˚gatasamasta˚#} zu lesen?) {#samastatattvaH saciv"
PWG-L50115-MBH13.5075,13,5075,prasADana,fälschlich,medium,,quote-exact,"01,33.31",confirmed,local-GRETIL,prasAdanaM,"7,220. 10,32. MBH. 13,2531. 5075. HARIV. 7777 (wo fälschlich {#prasAdanaM#} steht). {#BAryAM kxptaprasADanAm#} KATHĀS. 15,88. {#˚viDiM duhitu"
PWG-L25031-MBH13.5101,13,5101,carya,zu lesen,high,,quote-exact,"01,124.27",confirmed,local-GRETIL,raTacaryAsu,"2099. {#raTa˚#} {%das Fahren zu Wagen%} 9,470. 13,5101. R. 1,19,19 (wo {#raTacaryAsu#} zu lesen ist). {#vana˚#} R. GORR. 2,29,15. {#tIrTa˚#} BHĀG. P. 9,16,1. <div n=""2"
PWG-L83368-MBH13.5101,13,5101,raTacaryA,zu lesen,high,,quote-exact,"01,124.27",confirmed,local-GRETIL,raTacaryAsu,">MBH. 1,5340. 6,2077. 9,470. 13,5101. R. 1,19,19 ({#raTacaryAsu#} zu lesen). 2,52,47 (51,13 GORR.)."
PWG-L94798-MBH13.5115,13,5115,vfttitva,fehlerhaft,high,Bomb,quote-exact,"13,108.3",confirmed,local-GRETIL,dIrGadarSitva,"vfttitvaM kimapyetatprajApateH#} KAṬHĀS. 21,48. — {#dIrGa˚#} MBH. 13,5115 fehlerhaft für {#dIrGadarSitva#}, wie die ed. Bomb. liest."
PWG-L105540-MBH13.5535,13,5535,samADi,zu lesen,high,,quote-exact,"13,113.5",confirmed,local-GRETIL,manaHsamADisaMyukta,"7〉 {%Aufmerksamkeit%} MBH. 3,11915. {#manaHsamADisaMyukta#} 13,5535. {#samADiM SravaRe kuru#} R. 7,20,6. 37,2,7. {#samADiM kartumarhasi . yAvattvatprARinaH sarvAnna#} (so ist zu lesen) {#hiMsantyaSvas"
PWG-L84882-MBH13.5628,13,5628,rucitA,fehlerhaft,high,Bomb,quote-exact,"13,116.33",confirmed,local-GRETIL,aDarmarucitA,"1,310. {#saMviBAga˚#} SUŚR. 1,312,18. {#aDarme rucitA#} MBH. 13,5628 fehlerhaft für {#aDarmarucitA#}, wie die ed. Bomb. liest. — Vgl. {#ruci"
PWG-L61162-MBH13.5682,13,5682,muh,st.,medium,,quote-exact,"13,117.3",confirmed,local-GRETIL,parimuhyate,"st. {#vimarze#}) {#parimuhyate#} (am Ende eines Śloka!) MBH. 13,5682."
PWG-L29712-MBH13.5755,13,5755,tiryaga,statt,medium,,quote-exact,"13,119.4",confirmed,local-GRETIL,karmaBUmikftaM devA BuYjate tiryagASca ye,"lex>m. {%Thier%}: {#karmaBUmikftaM devA BuYjate tiryagASca ye#} MBH. 13,5755. — Ein nach der Analogie von {#tiryaYc#} mit {#ga#} statt mit {#aYc#} gebildetes Wort, oder aber eine Verstümmelung von {#t"
PWG-L113579-MBH13.5891,13,5891,staB,zu lesen,high,Bomb,quote-exact,"13,125.11",confirmed,local-GRETIL,DanESvaryADikAH,"HĀND. UP. 6,1,2. BHAG. 16,17. 18,28. MBH. 13,5891 ({#DanESvaryADikAH#} mit der ed. Bomb. zu lesen). HARIV. 5921. Spr. (II) 639. fg. 790. fg. <ls n"
PWG-L103843-MBH13.5904,13,5904,saYj,fehlerhaft,high,Bomb,quote-exact,"03,62.30",confirmed,local-GRETIL,kasmiMScit,"t): {#AsaYjayitvA tvAM kftye#} (so ed. Bomb.) {#kasmiMScit#} MBH. 13,5904. — {#AsAjya#} R. GORR. 2,31,11 fehlerhaft für {#Asajya#}. — desid. {#AsisaNkzati#} {%sich an Jmd machen wollen%} ŚAT."
PWG-L42749-MBH13.6028,13,6028,paricArika,fehlerhaft,high,,quote-exact,"01,110.39",confirmed,local-GRETIL,paricAraka,"icArika#}¦ 1〉 = {#paricArakaH rAjapOruzike vipre GARwike paricArike#} MBH. 13,6028. — 2〉 {#˚kAH#} pl. = {#lAjAH#} {%geröstetes Korn%} H. ś. 97. — Vielleicht fehlerhaft. — Das f. {#˚cArikA#} s. u. {#pa"
PWG-L47940-MBH13.6062,13,6062,prajas,zu lesen,high,,quote-exact,"01,60.66",confirmed,local-GRETIL,prajAstasya,"u˚#}. Für {#prajAstasya#} ({%dessen Nachkommenschaft%}) {#vivarDate#} MBH. 13,6062 ist wohl {#prajA ta˚#} zu lesen."
PWG-L48616-MBH13.6063,13,6063,pratiSraya,zu lesen,high,,quote-exact,"01,153.4",confirmed,local-GRETIL,pratiSrayaM,">12,6296. 13,3337. 4861. 6063 (wo wohl {#pratiSrayaM#} zu lesen ist). 6685. 14,1269. R. GORR. 2,116,13."
PWG-L54756-MBH13.6338,13,6338,BAz,fehlerhaft,high,,quote-exact,"13,127.1",confirmed,local-GRETIL,SaMkarasyomayA sArDaM saMvAdaM pratyaBAzata,"zählen, mittheilen%}: {#SaMkarasyomayA sArDaM saMvAdaM pratyaBAzata#} MBH. 13,6338. {%nennen%}: {#tAmupagItiM pratiBAzante#} ŚRUT. 6. — {#pratyaBAzanta#} RĀJA-TAR. 6,327 fehlerhaft für {#pratyaBAsanta"
PWG-L111845-MBH13.6460,13,6460,susaMsfzwa,fehlerhaft,high,,quote-exact,"01,213.33",confirmed,local-GRETIL,susaMmfzwa,"{#susaMsfzwa#}¦ MBH. 13,5876. 6460 fehlerhaft für {#susaMmfzwa#}."
PWG-L92225-MBH13.6666,13,6666,vipAka,zu lesen,high,Bomb,quote-exact,"13,132.42",confirmed,local-GRETIL,vipAkaM karmaRAM,"ls>YĀJÑ. 3,181. MBH. 8,2163. 13,6661. 6666 (mit der ed. Bomb. {#vipAkaM karmaRAM#} zu lesen). Spr. (II) 318. 2122. (I) 5009. <"
PWG-L81526-MBH13.6699,13,6699,yam,zu lesen,high,Bomb,quote-exact,"13,133.17",confirmed,local-GRETIL,AsanArhasya,"3,"">12018. 12277. 5,623. 13,6699 (mit der ed. Bomb. {#AsanArhasya#} zu lesen). BHAG. 9,26. R. 2,20,29. 30,43. 32,8<"
PWG-L50491-MBH13.6830,13,6830,prAcetasa,zu lesen,high,,quote-exact,"01,1.31",confirmed,local-GRETIL,prAcetasastaTA,">Dakṣaʼs 1,3130. fg. 12,666. 13,6830 (wo {#prAcetasastaTA#} zu lesen ist). HARIV. 11821. BHĀG. P. 6,4,17. 43. {#˚"
PWG-L120956-MBH13.6852,13,6852,pUj,lies,high,,quote-exact,"13,34.1",confirmed,local-GRETIL,saMpratipUjA,"{#pUj#}¦ mit {#prati#} {%eine Ehre erwiedern%} MBH. 13,6852. — {#saMprati#} Z. 2 lies {#saMpratipUjitaH#} st. {#prati˚#} und vgl. {#saMpratipUjA#}."
PWG-L120956-MBH13.6852,13,6852,pUj,st.,medium,,quote-exact,"13,34.1",confirmed,local-GRETIL,saMpratipUjA,"{#pUj#}¦ mit {#prati#} {%eine Ehre erwiedern%} MBH. 13,6852. — {#saMprati#} Z. 2 lies {#saMpratipUjitaH#} st. {#prati˚#} und vgl. {#saMpratipUjA#}."
PWG-L89037-MBH13.6866,13,6866,vasuDADara,st.,medium,Bomb,quote-exact,"07,169.55",confirmed,local-GRETIL,sa DarADaraH,"1〉 adj. {%die Erde tragend, — erhaltend%}: Viṣṇu MBH. 13,6866. {#sa DarADaraH#} ed. Bomb. st. {#vasuDADaraH#}. — 2〉 m. {%Berg%} MBH. 1,6022. R."
PWG-L37719-MBH13.7112,13,7112,namuca,statt,medium,,quote-exact,"12,201.27",confirmed,local-GRETIL,svastyAtreya,". H. 126,1; vgl. [Page4-0051] ebend. 122,6 und MBH. 13,7112, wo wir neben {#svastyAtreya#} die Formen {#unmucu#} und {#pramucu, mucu#} und {#pramucu, unmuca#} und {#vimuca#} statt {#namuca#} und {#fmu"
PWG-L100386-MBH13.7183,13,7183,SuB,st.,medium,Bomb,quote-exact,"07,88.14",confirmed,local-GRETIL,uraSCadErvicitrESca vyaSoBanta turaMgamAH,": {#uraSCadErvicitrESca vyaSoBanta turaMgamAH#} MBH. 7,4390. 13,7183 ({#evAtiSoBate#} st. {#eva vi˚#} ed. Bomb.). Spr. (II) 1526, v. l. — caus."
PWG-L109138-MBH13.7329,13,7329,sic,st.,medium,,quote-exact,"08,28.25",confirmed,local-GRETIL,vyatirikta,"t {#vyati#} erwähnten Stellen (st. MBH. 10,7329 ist 13,7329 zu lesen) auch HARIV. 11799 nach der Lesart der neueren Ausg. st. {#vyatirikta#} der älteren; nach NĪLAK. auch hier = {#miSrita#}. <div n=""p"
PWG-L114357-MBH13.7446,13,7446,sparS,zu lesen,high,Bomb,quote-exact,"13,144.41",confirmed,local-GRETIL,sprakzyanti,"062. {#dozaH#} MBH. 3,16735. {#jarA, rogAH, vEvarRyam#} 13,7446. fg. ({#sprakzyanti#} mit der ed. Bomb. st. {#sra˚#} zu lesen). {#Bayam#} R. GORR. 2,36,10. {#yAvattu kanyAmftavaH spfSanti#} VIṢṆU_i"
PWG-L114357-MBH13.7446,13,7446,sparS,st.,medium,Bomb,quote-exact,"13,144.41",confirmed,local-GRETIL,sprakzyanti,"062. {#dozaH#} MBH. 3,16735. {#jarA, rogAH, vEvarRyam#} 13,7446. fg. ({#sprakzyanti#} mit der ed. Bomb. st. {#sra˚#} zu lesen). {#Bayam#} R. GORR. 2,36,10. {#yAvattu kanyAmftavaH spfS"
PWG-L106569-MBH13.7447,13,7447,sarj,fehlerhaft,high,Bomb,quote-exact,"13,144.41",confirmed,local-GRETIL,sprakzyanti,"6〉, {#vyava-sarja#}, {#samava-#} und {#samA-sarj#}. — {#srakzyanti#} MBH. 13,7447 fehlerhaft für {#sprakzyanti#}, wie die ed. Bomb. liest. — 11〉 das partic.</"
PWG-L60544-MBH13.7510,13,7510,miD,zu lesen,high,,quote-exact,"07,173.90",confirmed,local-GRETIL,sameDayati,"%to cause to understand, to know%}; an beiden Stellen verweist er auf MBH. 13,7510, wo aber einfach {#sameDayati#} st. {#sa meDayati#} zu lesen ist; vgl. u. {#eD#} mit {#sam#} caus. bei uns und bei BE"
PWG-L60544-MBH13.7510,13,7510,miD,st.,medium,,quote-exact,"07,173.90",confirmed,local-GRETIL,sameDayati,"%to cause to understand, to know%}; an beiden Stellen verweist er auf MBH. 13,7510, wo aber einfach {#sameDayati#} st. {#sa meDayati#} zu lesen ist; vgl. u. {#eD#} mit {#sam#} caus."
PWG-L54903-MBH13.7544,13,7544,Binnavftta,fehlerhaft,high,,quote-exact,"13,147.11",confirmed,local-GRETIL,tata stErBidyate vfttam,"/ls>. MBH. 13,513. Vgl. {#tata stErBidyate vfttam#} MBH. 13,7544. — 2〉 {%einen metrischen Fehler enthaltend%} Verz. d. Oxf. H. 204,a,33. st. dessen fehlerhaft {#˚vftti#} 207,a,15."
PWG-L54903-MBH13.7544,13,7544,Binnavftta,st.,medium,,quote-exact,"13,147.11",confirmed,local-GRETIL,tata stErBidyate vfttam,"/ls>. MBH. 13,513. Vgl. {#tata stErBidyate vfttam#} MBH. 13,7544. — 2〉 {%einen metrischen Fehler enthaltend%} Verz. d. Oxf. H. 204,a,33. st. dessen fehlerhaft {#˚vftti#} 207,a,15."
PWG-L24376-MBH13.7570,13,7570,cakrin,st.,medium,,quote-exact,"06,102.78",confirmed,local-GRETIL,cakraDarasya,"arasya ca ..#} M. 2,138. YĀJÑ. 1,117; vgl. MBH. 13,7570, wo st. dessen {#cakraDarasya#} gelesen wird. — 4〉 m. {%Töpfer%} T"
PWG-L116716-MBH13.7639,13,7639,hahA,zu lesen,high,,quote-exact,"01,59.49",confirmed,local-GRETIL,hahA huhUH,">: {#hahA huhUH#} am Ende eines Śloka MBH. 13,3887. 7639. so ist auch zu lesen 3,1769 (vgl. INDRAL. 2,14). R. 6,83,13. <ls"
PWG-L42352-MBH13.7688,13,7688,paratra,zu lesen,high,,quote-exact,"01,68.46",confirmed,local-GRETIL,paratra ca,"/ls>. In der Stelle {#Druvo jayo me nityaM syAtparatrAya SuBA gatiH#} MBH. 13,7688 ist wohl {#paratra ca#} zu lesen. {#paratraBIru#} {%um das Jenseits besorgt%} KĀTY._in_MIT. ŚKDR.</l"
PWG-L28717-MBH14.21,14,21,tap,zu lesen,high,,quote-exact,"13,1.54",confirmed,local-GRETIL,nAnAgasaM mAM pASena saMtApayitumarhasi,"ls>. {#nAnAgasaM mAM pASena saMtApayitumarhasi#} MBH. 13,61. 14,21. R. 2,35,7. 5,31,34. PAÑCAT. 111,1. {#saMtApyate#} (so ist mit BENFEY zu lesen) RĀJA-TAR. 5,7. {#saMtApita#} {%gequält, betrübt%} AK."
PWG-L88503-MBH14.77,14,77,vart,fehlerhaft,high,Bomb,quote-exact,"03,132.2",confirmed,local-GRETIL,saMpravftta,"Jmd nahe gehen%} R. 5,25,10. — 7〉 {#saMpravftta#} MBH. 14,77 fehlerhaft für {#samyagvftta#}, wie die ed. Bomb. liest. — Vgl. {#saMpr"
PWG-L46007-MBH14.499,14,499,puras,lies,high,,quote-exact,"01,1.195",confirmed,local-GRETIL,pravartate,"#puroDAya mano hIha karmARyAtmA#} (lies {#karmaRyA˚#}) {#pravartate#} MBH. 14,499. {#puroDAya sukftaM duzkftaM vA#} <ls"
PWG-L55050-MBH14.562,14,562,Buj,lies,high,,quote-exact,"12,228.37",confirmed,local-GRETIL,yogESvaryam,Schol. ergänzt {#yogESvaryam#} zu {#BuYjAnena#}) {#kaTaM ca n
PWG-L102166-MBH14.573,14,573,Svas,zu lesen,high,,quote-exact,"14,19.39",confirmed,local-GRETIL,kuto vAyaM praSvasiti ucCvasityapi vA punaH,"8. {#kuto vAyaM praSvasiti ucCvasityapi vA punaH#} {%ausathmen%} MBH. 14,573. {#niHSvasyocCvasya cAturaH#} MĀRK. P. 23,11. {%athmen%} überh.: {#nAsikayocCvasIta#} (so zu lesen) ŚVETĀŚV. UP. 2,9. {#noc"
PWG-L65920-MBH14.603,14,603,asUy,fehlerhaft,high,,quote-exact,"14,20.5",confirmed,local-GRETIL,nAByasUyAmi vAkyasyAsya tavAnaGe,"Ta asU˚#}. — {#aBi#}, {#nAByasUyAmi vAkyasyAsya tavAnaGe#} M"
PWG-L49998-MBH14.640,14,640,praSna,lies,high,,quote-exact,"14,21.8",confirmed,local-GRETIL,praSnaM tu vANmanasormAM yasmAttvamanupfcCasi,"""MBH."">13,283. {#praSnaM tu vANmanasormAM yasmAttvamanupfcCasi#} MBH. 14,640. {#praSnaM ca kiMcit#} (lies {#kaMcit#}) {#prazwuM tvAm#} 1699. VARĀH. BṚH. S. 1,11. <l"
PWG-L103843-MBH14.991,14,991,saYj,fehlerhaft,high,,quote-exact,"13,142.4",confirmed,local-GRETIL,vyatizikta,"anAgAnAM vyatizaktaM parasparam#} MBH. 6,3886. {#anyo'nya˚#} 14,991. M. 10,25. HARIV. 3441. {#sUryaraSmiBiH#} 12097 (die neuere Ausg. fehlerhaft {#vyatizikta#}, welches [Page7-0558] NĪLAK. durch {#miS"
PWG-L54904-MBH14.999,14,999,Binnavftti,fehlerhaft,high,,quote-exact,"07,172.61",confirmed,local-GRETIL,Binnavftta,". Davon nom. abstr. {#˚tA#} f. M. 12,33. MBH. 14,999. — 3〉 fehlerhaft so v. a. {#Binnavftta#} 2. Verz. d. Oxf. H. 207,a,15</"
PWG-L103556-MBH14.1001,14,1001,saNga,st.,medium,Bomb,quote-exact,"01,176.7",confirmed,local-GRETIL,asaMjYatva,"on {#asaNgatA#} R. GORR. 1,67,15. st. {#asaNgatva#} MBH. 14,1001 hat die ed. Bomb. besser {#asaMjYatva#}"
PWG-L23675-MBH14.1197,14,1197,grahaRa,lies,high,,quote-exact,"14,43.26",confirmed,local-GRETIL,guRAnAM grahaRam,#}) H. an. = {#upalabDi#} MED. {#guRAnAM grahaRam#} MBH.
PWG-L103521-MBH14.1236,14,1236,saMkleSa,fehlerhaft,high,Bomb,quote-exact,"03,200.42",confirmed,local-GRETIL,asaMkleSena lokasya vfttiM lipseta,"/ls>. {#asaMkleSena lokasya vfttiM lipseta#} MBH. 3,13885. — 14,1236 fehlerhaft für {#saMSleza#}, wie die ed. Bomb. liest."
PWG-L103843-MBH14.1378,14,1378,saYj,fehlerhaft,high,,quote-exact,"02,15.10",confirmed,local-GRETIL,sarvErapi guREH,"0558] NĪLAK. durch {#miSrita#} erklärt). {#sarvErapi guREH#} MBH. 14,1378. {#vyatizikta#} fehlerhaft in beiden Ausgg. 4,1043. 10,7329. {#vyatiza/"
PWG-L94193-MBH14.1414,14,1414,vistAra,fehlerhaft,high,,quote-exact,"14,49.47",confirmed,local-GRETIL,dvAdaSavistAraM tejaso rUpamucyate,"s>. 14,1411. {#dvAdaSavistAraM tejaso rUpamucyate#} 1414. {#vistAreRa#} {%ausführlich%} R. 3,4,4 wohl nur fehlerhaft für {#vistareRa#}. — 4〉 {%ein Ast mit seinen Zweigen; Strauch%} AK. 2,4,1,"
PWG-L20941-MBH14.1716,14,1716,Kan,zu lesen,high,,quote-exact,"14,57.24",confirmed,local-GRETIL,sa daRqakAzWamAdAya valmIkamaKanattadA,"13,4554. {#sa daRqakAzWamAdAya valmIkamaKanattadA#} 14,1716. {#caKnureva DarAmimAm#} R. GORR. 1,42,23. {#tatsTAnaM yAvatKanataH#} PAÑCAT. 96,18. {#KanannAKuvilaM#} (so ist zu lesen) {#siMhaH#} PAÑCAT."
PWG-L113579-MBH14.1899,14,1899,staB,zu lesen,high,Bomb,quote-exact,"01,37.10",confirmed,local-GRETIL,divaM stabDveva,"a tu Sabdo divaM stabDvA pratiSabdamajIjanat#} MBH. 3,12091. 14,1899. {#divaM stabDveva#} (so mit der ed. Bomb. zu lesen) {#niHsvanaH#} 7,1358. — 3〉 {%anhalten, hemmen, festbannen%}"
PWG-L57252-MBH14.2109,14,2109,man,zu lesen,high,Bomb,quote-exact,"04,8.26",confirmed,local-GRETIL,anumAnaye tvAm,"{#anumAnaye tvAm#} st. {#anumAnayitvA#} ed. Bomb.). 14,2109. R. 1,1,67 (wo {#anumAnya#} st. {#avamAnya#} zu lesen ist; vgl. SCHLEGELʼs Uebers.). 2,2,8. 110"
PWG-L57252-MBH14.2109,14,2109,man,st.,medium,Bomb,quote-exact,"04,8.26",confirmed,local-GRETIL,anumAnaye tvAm,"{#anumAnaye tvAm#} st. {#anumAnayitvA#} ed. Bomb.). 14,2109. R. 1,1,67 (wo {#anumAnya#} st. {#avamAnya#} zu lesen ist; vgl. SCHLEGELʼs Uebers.). 2,"
PWG-L102984-MBH14.2172,14,2172,saMSaptaka,fälschlich,medium,Calc,quote-exact,"01,1.131",confirmed,local-GRETIL,saMsaptaka,"BH."">7,711. 722. 14,1827. 2172. {#˚vaDaparvan#} MBH. 7, Adhyāya 17. fgg. in der ed. Calc. häufig fälschlich {#saMsaptaka#} gedr."
PWG-L93838-MBH14.2176,14,2176,vizayAnta,zu lesen,high,,quote-exact,"15,12.17",confirmed,local-GRETIL,vizayaM taM,"{#vizayAnta#}¦ m. {%Landesgrenze%} MBH. 14,2142. 2176. R. 2,49,2. KATHĀS. 14,15, wo {#viSayAntaM (vizayAMtaM)#} st. {#vizayaM taM#} zu lesen ist."
PWG-L93838-MBH14.2176,14,2176,vizayAnta,st.,medium,,quote-exact,"15,12.17",confirmed,local-GRETIL,vizayaM taM,"{#vizayAnta#}¦ m. {%Landesgrenze%} MBH. 14,2142. 2176. R. 2,49,2. KATHĀS. 14,15, wo {#viSayAntaM (vizayAMtaM)#} st. {#vizayaM taM#} zu lesen ist."
PWG-L64055-MBH14.2198,14,2198,apacAyin,zu lesen,high,Bomb,quote-exact,"14,75.4",confirmed,local-GRETIL,vfdDo mama pitA,"lc.; der Schol. erklärt {#jyezWapUjaka#}. Umgekehrt ist MBH. 14,2198 statt {#vfdDopacAyitvAt#} zu lesen {#vfdDApacAyitvAt#}; die ed. Bomb. hat {#hato#} (so auch in der ed. Calc. zu lesen) {#vfdDo mama"
PWG-L107462-MBH14.2352,14,2352,sah,fehlerhaft,high,Bomb,quote-exact,"02,36.15",confirmed,local-GRETIL,samutsAhya,"tärken, aufmuntern, anstacheln%} MBH. 2,1412. {#samutsAhya#} 14,2352 fehlerhaft für {#samutsAdya#}, wie die ed. Bomb. liest. — {#ni#}, {#˚zahate#} <l"
PWG-L50820-MBH14.2358,14,2358,prAya,fehlerhaft,high,,quote-exact,"14,79.18",confirmed,local-GRETIL,prAyamupAsInA,"e#} 53,11. 5,32,23. {#prAyamupAsInA#} MBH. 14,2358. {#upASizye#} fehlerhaft für {#upAsizye#} 3,15080. {#upavizwAstu te sarve tasminprAyaM DarADare#"
PWG-L27221-MBH14.2549,14,2549,jAti,lies,high,,quote-exact,"14,87.14",confirmed,local-GRETIL,jAtIsahasrARi puruzARAm,"anyajAtyudBava#} PAÑCAT. I, 382. {#jAtIsahasrARi puruzARAm#} MBH. 14,2549. — 4〉 {%Familie, Stamm%} TRIK. 3,3,157. H. an. (lies {#gotra#} st. {#gAtra#}). MED. {#yasyASca jAte rAjA Bavati#} KĀTY."
PWG-L27221-MBH14.2549,14,2549,jAti,st.,medium,,quote-exact,"14,87.14",confirmed,local-GRETIL,jAtIsahasrARi puruzARAm,"anyajAtyudBava#} PAÑCAT. I, 382. {#jAtIsahasrARi puruzARAm#} MBH. 14,2549. — 4〉 {%Familie, Stamm%} TRIK. 3,3,157. H. an. (lies {#gotra#} st. {#gAtra#}). MED. {#yasyASca jAte rAjA Bavati#} KĀTY. ŚR. 15"
PWG-L88549-MBH14.2590,14,2590,varD,fehlerhaft,high,Calc,quote-exact,"02,49.24",confirmed,local-GRETIL,vivarDante,", entstehen%}: {#tato halahalASabdo vyavarData#} MBH. 3,805. 14,2590. — {#vivarDante#} HARIV. 3822 in der neueren Ausg. fehlerhaft für {#vivartante#}, wie die ed. Calc. liest. — Vgl. {#vivfdD"
PWG-L53862-MBH14.2673,14,2673,Baj,fehlerhaft,high,Bomb,quote-exact,"07,57.21",confirmed,local-GRETIL,KaM Beje,"Bomb. richtiger {#KaM Beje#}. — caus. {#saMBAjyamAna#} MBH. 14,2673 fehlerhaft für {#saBA˚#}, wie die ed. Bomb. liest."
PWG-L91581-MBH14.2678,14,2678,vid,fehlerhaft,high,Bomb,quote-exact,"01,3.37",confirmed,local-GRETIL,nyavedayat,"#}) {%übergeben%} R. 7,45,10. — 3〉 {#nyavedayat#} MBH. 14,2678 fehlerhaft für {#nyaveSayat#}, wie die ed. Bomb. liest. — Vgl. {#niveda"
PWG-L40628-MBH14.2780,14,2780,nud,lies,high,,quote-exact,"14,93.65",confirmed,local-GRETIL,kzuDA nirnudati,"ITT. ĀR."">1,8. {#kzuDA nirnudati#} (lies {#nirRu˚#}) {#prajYAm#} MBH. 14,2780. {#nirRudannivAsya cAyuH#} 5,1"
PWG-L55885-MBH15.10,15,10,Bojya,zu lesen,high,,quote-exact,"01,145.7",confirmed,local-GRETIL,BakzyaBojyAni,"vAn#} {%ungeniessbar%} 121,16. {#BakzyaBojyAni#} MBH. 15,10. MĀRK. P. 61,56 (wo wohl {#Bakzya#} st. {#Bokza#} zu lesen ist); vgl. u. {#Bakzya#}. {#Bojyezu pAnezu#} R. 2,77,15. K"
PWG-L55885-MBH15.10,15,10,Bojya,st.,medium,,quote-exact,"01,145.7",confirmed,local-GRETIL,BakzyaBojyAni,"vAn#} {%ungeniessbar%} 121,16. {#BakzyaBojyAni#} MBH. 15,10. MĀRK. P. 61,56 (wo wohl {#Bakzya#} st. {#Bokza#} zu lesen ist); vgl. u. {#Bakzya#}. {#Bojyezu pAnezu#} <l"
PWG-L32399-MBH15.241,15,241,dA,lies,high,,quote-exact,"15,12.7",confirmed,local-GRETIL,AdadIta balaM rAjA,"yA svayaMvarA#} [Page3-0571] M. 9,92. {#AdadIta balaM rAjA#} MBH. 15,241. {#nAjitAnvE narapatInnahamAdadmi#} (lies {#˚patInaha˚#}) {#kAMScana#} 2,880. {#sarvamAdadIyaM#} (sic) {#yadidaM"
PWG-L51365-MBH15.421,15,421,plu,zu lesen,high,,quote-exact,"03,45.26",confirmed,local-GRETIL,sagarasyAtmajA,"ls>. {#sarvavarRAn — annapAnarasOGena plAvayAmAsa#} {%überschüttete%} MBH. 15,421. {#plAvayasva#} HARIV. 5789. {#plAvayasva tvamAtmAnam (salile)#} R. 1,44,56. {#sagarasyAtmajA#} (so ist zu lesen) {#ye"
PWG-L103843-MBH15.544,15,544,saYj,zu lesen,high,,quote-exact,"05,156.8",confirmed,local-GRETIL,na tu duryoDane dozamimamAsaktumarhasi,"ajya sarvARi rAjyakAryARi#} MBH. 1,1955. {#svaputre rAjyam#} 15,544. {#tasmAjjyezWezu putrezu rAjyatantrARi pArTivAH . Asajanti#} R. GORR. 2,7,19. fg. 31,11 ({#Asajya#} zu lesen). {#na tu duryoDane do"
PWG-L104610-MBH15.708,15,708,saMtAnaka,st.,medium,Bomb,quote-exact,"09,45.9",confirmed,local-GRETIL,saMtAnikAH,"aMtAna#} 12〉 R. 7,110,18. st. dessen {#saMtAnikAH#} MBH. 15,708 ({#sAMtAnikAH#} ed. Bomb.) <div"
PWG-L51077-MBH15.742,15,742,prI,lies,high,,quote-exact,"15,35.2",confirmed,local-GRETIL,kaccinmanaste prIRAti vanavAse,"sya\ cAro^H#} ṚV. 5,33,7. {#kaccinmanaste prIRAti vanavAse#} MBH. 15,742. {#na tasya vedAH#} (lies {#devAH#}) {#prIRanti pitaro nEva#} MĀRK. P. S. 659,10. — 2〉 med."
PWG-L105652-MBH15.1070,15,1070,samAyoga,zu lesen,high,,quote-exact,"01,67.25",confirmed,local-GRETIL,puMsA saha,"H. 92,a,2. mit instr. MBH. 1,5161. {#agninA#} 15,1070. {#rohiRyA#} (so ist zu lesen) WEBER, KṚṢNAJ. 235. {#puMsA saha#} MBH. 1,2979. HARIV. 12185."
PWG-L86664-MBH16.137,16,137,lokanATa,st.,medium,,quote-exact,"02,1.8",confirmed,local-GRETIL,sa lokanATaH,"H. ś. 71 (fälschlich {#lokanABa#}). MBH. 2,9. 16,137. BHĀG. P. 2,7,15 ({#aKila˚#}). Śiva ŚIV. KUMĀRAS. 5,77 (nach der Lesart im ŚKDR. {#sa lokanATaH#} st. {#trilokanATaH#}). die Sonne Verz. d. Oxf. H."
PWG-L88101-MBH17.27,17,27,var,zu lesen,high,,quote-exact,"01,66.10",confirmed,local-GRETIL,paryavArayan,">. 5,21 (med.). 14,1827. 17,27 (wo {#paryavArayan#} st. {#paryarAvayan#} zu lesen ist). 28. R. 1,5,2. 2,87,7. 9"
PWG-L88101-MBH17.27,17,27,var,st.,medium,,quote-exact,"01,66.10",confirmed,local-GRETIL,paryavArayan,">. 5,21 (med.). 14,1827. 17,27 (wo {#paryavArayan#} st. {#paryarAvayan#} zu lesen ist). 28. R. 1,5,2. <ls n=""R"
PWG-L116085-MBH18.76,18,76,har,zu lesen,high,,quote-exact,"01,142.24",confirmed,local-GRETIL,AhArayAmAsa,",26. {#kroDam#} MBH. 3,11490. 7,4905. 18,76. R. 4,13,44. 6,80,19. {#rozam#} HARIV. 6741 ({#AhArayAmAsa#} mit der neueren Ausg. zu lesen). R. 1,60,19. 3,35,80. {#saMtrAsam#} R. SCHL. 2,60,20."
PWG-L58721-MBH18.192,18,192,mahABArata,zu lesen,high,Bomb,quote-exact,"01,1.209",confirmed,local-GRETIL,mahattvAdBAravattvAcca mahABAratamucyate,"{#mahattvAdBAravattvAcca mahABAratamucyate#} 1,266. 18,192 (wo mit der ed. Bomb. {#BAravattvAt#} st. {#BAratatvAt#} zu lesen ist). {#BaratAnAM mahajjanma mahABAratamucyate#} 1,2320. — Verz. d."
PWG-L58721-MBH18.192,18,192,mahABArata,st.,medium,Bomb,quote-exact,"01,1.209",confirmed,local-GRETIL,mahattvAdBAravattvAcca mahABAratamucyate,"{#mahattvAdBAravattvAcca mahABAratamucyate#} 1,266. 18,192 (wo mit der ed. Bomb. {#BAravattvAt#} st. {#BAratatvAt#} zu lesen ist). {#BaratAnAM mahajjanma mahABAratamucyate#} <ls n=""MBH."
PWG-L37766-MBH2.72,2,72,nara,zu lesen,high,,quote-exact,"01,1.117",confirmed,local-GRETIL,naranArAyaRO,">MED. MBH. 1,1176. fgg. 8301. fgg. 2,72 (wo {#naranArAyaRO#} [Page4-0055] zu lesen ist). 3,506. 1888. 5,1921. fgg."
PWG-L49507-MBH2.138,2,138,pramARa,zu lesen,high,,quote-exact,"02,4.32",confirmed,local-GRETIL,pramARe 'Ta layasTAne kiMnarAH kftaniSramAH,"{#pramARe 'Ta layasTAne kiMnarAH kftaniSramAH#} MBH. 2,132. 138 (wo {#˚niSramaH#} st. {#˚niScayaH#} zu lesen ist). {#pAWe geye ca maDuraM pramAREstriBiranvitam#} (= {#druta, maDya, vilambita#} S"
PWG-L49507-MBH2.138,2,138,pramARa,st.,medium,,quote-exact,"02,4.32",confirmed,local-GRETIL,pramARe 'Ta layasTAne kiMnarAH kftaniSramAH,"{#pramARe 'Ta layasTAne kiMnarAH kftaniSramAH#} MBH. 2,132. 138 (wo {#˚niSramaH#} st. {#˚niScayaH#} zu lesen ist). {#pAWe geye ca maDuraM pramAREstriBiranvitam#} (= {#dru"
PWG-L120719-MBH2.235,2,235,pad,lies,high,Bomb,quote-exact,"02,5.90",confirmed,local-GRETIL,kaccicCoko na manyurvA tvayA protpAdyate,"rvorbringen, bewirken%}: {#kaccicCoko na manyurvA tvayA protpAdyate#} MBH. 2,235 nach der Lesart der ed. Bomb. — {#samupa#} (Nachträge) lies {%erleben%} und vgl. Spr. (II) 7073. — {#vinis#} vgl.</a"
PWG-L44927-MBH2.343,2,343,pAlASa,fehlerhaft,high,,quote-exact,"02,8.29",confirmed,local-GRETIL,SiMSapapAlASAH,"Farbe der%} Palāśa {%blüthe%} gemeint. — {#SiMSapapAlASAH#} MBH. 2,343 wohl fehlerhaft für {#SiMSapApalASAH#}."
PWG-L12092-MBH2.450,2,450,upaveda,st.,medium,,quote-exact,"01,1.47",confirmed,local-GRETIL,arTaSAstra,"n Schriften%}, PRAVARĀDHY._in_Verz. d. B. H. 62,11. MBH. 2,450. PRAB. 86,1. das BHĀG. P. kennt deren vier: {#Ayurveda, Danurveda, gAnDarvaveda, sTApatyaveda#} ŚKDR. {#arTaSAstra#} st. {#sTApa˚#} MADHU"
PWG-L42000-MBH2.475,2,475,pad,fehlerhaft,high,,quote-exact,"01,75.11",confirmed,local-GRETIL,pratipanna,auf {#pratipanna#} ausgehenden <ab
PWG-L42000-MBH2.475,2,475,pad,zu lesen,high,,quote-exact,"01,75.11",confirmed,local-GRETIL,pratipanna,"auf {#pratipanna#} ausgehenden comp. P. 6,2,170. — MBH. 2,475 ist st. {#pratipadBiSca#}, wofür WESTERGAARD stillschweigend {#pratipadyadBiSca#} (gegen das Versmaass) setzt, {#pratiyadBiSca#} zu lesen."
PWG-L42000-MBH2.475,2,475,pad,st.,medium,,quote-exact,"01,75.11",confirmed,local-GRETIL,pratipanna,"auf {#pratipanna#} ausgehenden comp. P. 6,2,170. — MBH. 2,475 ist st. {#pratipadBiSca#}, wofür WESTERGAARD stillschweigend {#pratipadyadBiSca#} ("
PWG-L61264-MBH2.526,2,526,mUrCana,zu lesen,high,,quote-exact,"02,30.5",confirmed,local-GRETIL,avarzaM cAtivarzaM ca,"dA nAsIt#} {%Wüthen von Krankheiten und Feuer%} MBH. 2,1208. 526 (wo wohl gleichfalls {#avarzaM cAtivarzaM ca#} st. {#anukarzaM ca nizkarzaM#} zu lesen ist). An der ersten Stelle erklärt NĪLAK. das Wo"
PWG-L61264-MBH2.526,2,526,mUrCana,st.,medium,,quote-exact,"02,30.5",confirmed,local-GRETIL,avarzaM cAtivarzaM ca,"dA nAsIt#} {%Wüthen von Krankheiten und Feuer%} MBH. 2,1208. 526 (wo wohl gleichfalls {#avarzaM cAtivarzaM ca#} st. {#anukarzaM ca nizkarzaM#} zu lesen ist). An der ersten Stelle erklärt NĪLAK.</l"
PWG-L87204-MBH2.577,2,577,vakradanta,st.,medium,Bomb,quote-exact,"01,2.233",confirmed,local-GRETIL,dantavakra,"{#vakradanta#}¦ m. Lesart der ed. Bomb. MBH. 2,577 st. {#dantavakra#} der ed. Calc."
PWG-L56300-MBH2.607,2,607,majj,zu lesen,high,Bomb,quote-exact,"01,167.3",confirmed,local-GRETIL,nimajjeyam,"{#nimajjeyam#} {%sich inʼs Wasser stürzen%} MBH. 1,6747. fg. 2,607 ({#nyamajjata#} mit der ed. Bomb. zu lesen). BHAṬṬ. 15,31. {#sarasi nimamajja ciram#} {%er blieb lange unter dem Wasser%} <"
PWG-L63183-MBH2.619,2,619,aDi,zu lesen,high,,quote-exact,"02,13.54",confirmed,local-GRETIL,yojanAdaDi,ojanAdaDi#} so v. a. {%ein%} Yojana {%in der Höhe
PWG-L14219-MBH2.827,2,827,kakzya,zu lesen,high,,quote-exact,"01,2.222",confirmed,local-GRETIL,aticakrAma,"ls>H. an. MED. {#te tvatItya janAkIrRAH kakzyAstisraH#} MBH. 2,827. {#kakzyAH saptABicakrAma#} (wohl {#aticakrAma#} zu lesen) R. 2,57,17. {#praviSyAzwamAM kakzyAm#} 22. {#aBigamya gfh"
PWG-L106569-MBH2.856,2,856,sarj,fehlerhaft,high,Bomb,quote-exact,"02,20.3",confirmed,local-GRETIL,yo 'nAgasi prasfjati,"H#} MĀRK. P. 49,73. — 5〉 {#yo 'nAgasi prasfjati#} MBH. 2,856 so v. a. {%anbinden —, Händel anfangen mit%} fehlerhaft für {#prasajati#}, wie die ed. Bomb. liest. — 6〉 {#prasfzwa#} R."
PWG-L38095-MBH2.894,2,894,nah,zu lesen,high,,quote-exact,"09,7.2",confirmed,local-GRETIL,samanahyat,""">13110. act. {#samanahyat#} 13062. MBH. 2,894 (wo mit WEST. {#samanahyajjarA˚#} zu lesen ist). {#samanAtsIttataH sEnyam#} BHAṬṬ. 15,111. {#susaMnadDAm#} <ls n=""BHAṬṬ. 15"
PWG-L87340-MBH2.1142,2,1142,vaj,fehlerhaft,high,Bomb,quote-exact,"01,109.9",confirmed,local-GRETIL,varjayanti,"%hart sein%} gehen {#vajra, ugra, ojas, ojman#} zurück. {#vajayanti#} MBH. 2,1142 fehlerhaft für {#varjayanti#}, [Page6-0630] wie die ed. Bomb. liest. {#vAjay#} s."
PWG-L9940-MBH2.1219,2,1219,i,zu lesen,high,,quote-exact,"02,30.15",confirmed,local-GRETIL,kfzRena samupetena,"/ab> {#samupeta#} 1〉 {%gekommen%}: {#kfzRena samupetena#} MBH. 2,1219. {#ekArTasamupetaM#} (so ist zu lesen) {#mAm#} N. 3,7. — 2〉 {%versehen mit, bewohnt von%}: {#tApasEH samupe"
PWG-L117726-MBH2.1240,2,1240,hotraga,fehlerhaft,high,,quote-exact,"02,30.36",confirmed,local-GRETIL,baBUvurhotragAH sarve vedavedANgapAragAH,">m. in der Stelle: {#baBUvurhotragAH sarve vedavedANgapAragAH#} MBH. 2,1240 fehlerhaft für {#hotraka#}. {#saptasaMKyAH#} NĪLAK."
PWG-L84843-MBH2.1256,2,1256,rukma,falsch,medium,,quote-exact,"13,27.87",confirmed,local-GRETIL,rukmasya ca garBayozA,"ṆĀDIS. 1,145. RATNAM. 87. {#˚steya#} M. 11,57. MBH. 2,1256. {#rukmasya ca garBayozA#} ({#gaNgA#}) so v. a. {%Gold in sich bergend%} (u. {#garBayozA#} falsch aufgefasst) 13,1846. 14,1686. HARIV. 5807. "
PWG-L69132-MBH2.1733,2,1733,odana,lies,high,Bomb,quote-exact,"02,45.9",confirmed,local-GRETIL,piSitOdana,"Reisbrei%} Spr. 772. {#piSitOdana#} {%Reisbrei mit Fleisch%} MBH. 2,1733. Z. 10 lies 16 st. 15 und 17 st. 16. {#mAMsaBUtodana#} liest auch die ed. Bomb."
PWG-L69132-MBH2.1733,2,1733,odana,st.,medium,Bomb,quote-exact,"02,45.9",confirmed,local-GRETIL,piSitOdana,"Reisbrei%} Spr. 772. {#piSitOdana#} {%Reisbrei mit Fleisch%} MBH. 2,1733. Z. 10 lies 16 st. 15 und 17 st. 16. {#mAMsaBUtodana#} liest auch die ed. Bomb. des <"
PWG-L69132-MBH2.1733,2,1733,odana,st.,medium,Bomb,quote-exact,"02,45.9",confirmed,local-GRETIL,piSitOdana,"Reisbrei%} Spr. 772. {#piSitOdana#} {%Reisbrei mit Fleisch%} MBH. 2,1733. Z. 10 lies 16 st. 15 und 17 st. 16. {#mAMsaBUtodana#} liest auch die ed. Bomb. des R., der Scholia"
PWG-L86045-MBH2.1797,2,1797,lal,fehlerhaft,high,,quote-exact,"02,46.14",confirmed,local-GRETIL,lAlitaH satataM gfhe,"rhaft für {#lAla˚#} PAÑCAT. 229,22. {#lAlitaH satataM gfhe#} MBH. 2,1797. <ls"
PWG-L99828-MBH2.1964,2,1964,SI,zu lesen,high,,quote-exact,"02,50.27",confirmed,local-GRETIL,vA nihato yuDi,"AM hi Sezye#} (so zu lesen st. {#Sizye#}) {#vA nihato yuDi#} MBH. 2,1964. {#Sezyanti#} <ls n=""MBH."
PWG-L99828-MBH2.1964,2,1964,SI,st.,medium,,quote-exact,"02,50.27",confirmed,local-GRETIL,vA nihato yuDi,"AM hi Sezye#} (so zu lesen st. {#Sizye#}) {#vA nihato yuDi#} MBH. 2,1964. {#Sezyanti#} 5,63</"
PWG-L47410-MBH2.2123,2,2123,pozaka,zu lesen,high,,quote-exact,"02,57.3",confirmed,local-GRETIL,mArjAravatpozakaM copahaMsi,"/ls>. {#pakziRAm#} M. 3,162. {#mArjAravatpozakaM copahaMsi#} MBH. 2,2123. {#CAgamezAdi˚#} KULL._zu_M. 3,154. {#SunaH#} (wohl {#SunAM#} zu lesen) ders. zu 4,216. {#aSva˚#} = {#sUta#} Schol. zu KĀT"
PWG-L20274-MBH2.2127,2,2127,kzi,st.,medium,,quote-exact,"02,57.7",confirmed,local-GRETIL,mA titikzUnkziRu tvam,"ls>: {#akzaRoH#} st. {#akziRoH#}). {#mA titikzUnkziRu tvam#} MBH. 2,2127. RAGH. 13,29."
PWG-L10470-MBH2.2158,2,2158,Ikz,zu lesen,high,,quote-exact,"01,1.94",confirmed,local-GRETIL,parasparam,"t%} KATHĀS. 24,220</l"
PWG-L106026-MBH2.2175,2,2175,saMpatti,zu lesen,high,,quote-exact,"12,37.21",confirmed,local-GRETIL,brahmavarcasa,"glichkeit%}: {#rasavyApatsaMpattI#} SUŚR. 1,18,19. {#SIla˚#} MBH. 2,2175 ({#˚saMpattyA#} zu lesen). {#vfttADyayana˚#} = {#brahmavarcasa#} HALĀY. 2,242. — 8〉 {%das Vorh"
PWG-L27932-MBH2.2316,2,2316,jyAyaMs,zu lesen,high,,quote-exact,"02,61.60",confirmed,local-GRETIL,ahaM jyAyAnahaM jyAyAn,". {%der Herr%} 8,167. {#ahaM jyAyAnahaM jyAyAn#} MBH. 2,2316. fg. {#pramaTya tu hftAmAhurjyAyasIm#} (so ist zu lesen) 1,4091. {#anayorvIrayoryudDe ko jyAyAn#} 9,3247. <ls"
PWG-L114357-MBH2.2346,2,2346,sparS,zu schreiben,high,,quote-exact,"02,62.6",confirmed,local-GRETIL,vAtena spfSyamAnA,"P."">10,83,24 ({#paspfSe#} med.). {#vAtena spfSyamAnA#} M"
PWG-L87647-MBH2.2396,2,2396,vad,st.,medium,,quote-exact,"02,63.17",confirmed,local-GRETIL,vivadaDvaM saBAyAm,"M#} (acc. st. loc.) {#vivadaDvaM saBAyAm#} MBH. 2,2396. {#parasparaM vivadamAnAn"
PWG-L54863-MBH2.2443,2,2443,Bid,fälschlich,medium,,quote-exact,"05,33.29",confirmed,local-GRETIL,asaMBinnAryamaryAda,"s>. {#asaMBinnAryamaryAda#} Spr. 5088. MBH. 15,383. 2,2443 (wo beide Ausgg. fälschlich {#asaMBinnArTa˚#} lesen). {#saMBinnavftta#} {%der seinen guten Lebenswandel unterbrochen,"
PWG-L54863-MBH2.2483,2,2483,Bid,zu lesen,high,,quote-exact,"02,66.32",confirmed,local-GRETIL,badDaM setuM ko nu,"durchbrechen%}: {#badDaM setuM ko nu#} (so ist zu lesen) {#BindyAt#} MBH. 2,2483. {#amBasA Bidyate setuH#} Spr. 119. {#Bidyeran"
PWG-L108433-MBH2.2627,2,2627,sAman,zu lesen,high,,quote-exact,"06,32.35",confirmed,local-GRETIL,taTAsAmnAm,{#vedAnAM ca yaTA sAma#} <l
PWG-L42647-MBH2.2692,2,2692,parikarzaRa,zu lesen,high,,quote-exact,"12,246.8",confirmed,local-GRETIL,parikarzaRa,"{#parikarzaRa#}¦ (wie eben) n. dass. MBH. 2,2692. Statt {#SrezWaScAparikarzaRe#} HARIV. 4038 ist {#SrezWaScApavikarzaRe#} zu lesen."
PWG-L98029-MBH2.2695,2,2695,Sar,zu lesen,high,,quote-exact,"01,89.32",confirmed,local-GRETIL,vyaSIryata,"s>. {#BARqaM pfTivyAM tadvyaSIryata#} R. 2,78,17. {#DvajAH#} MBH. 2,2695. {#nemiH#} Verz. d. Oxf. H. 11,b,13 v. u. ({#vyaSIryata#} zu lesen). {#(SaktiH) vyaSIryata medinIm#} {%zersplitterte und drang "
PWG-L106186-MBH3.188,3,188,saMplava,st.,medium,,quote-exact,"01,92.6",confirmed,local-GRETIL,ABUtasaMplavam,"#} MBH. 8,3270. BHĀG. P. 12,8,3. {#ABUtasaMplavam#} MBH. 3,188. WILSON, SĀṂKHYAK. S. 15. {#yAvadABUtasaMplavam#} Spr. (II) 4857, v. l. 6205. st. {#ABUta˚#} findet man hier und da [Page7-0749] fälschli"
PWG-L9989-MBH3.238,3,238,icCaka,druckfehler,high,,quote-exact,"03,5.19",confirmed,local-GRETIL,yaTecCakam,unmittelbar vor {#icCA#} steht. — In {#yaTecCakam#} {%nach Belieben%} MB
PWG-L88549-MBH3.258,3,258,varD,zu lesen,high,Bomb,quote-exact,"03,6.19",confirmed,local-GRETIL,saMvarDayan,"14,78. Spr. 418. {#agnim#} {%verstärken%} MBH. 3,258 (mit der ed. Bomb. {#saMvarDayan#} zu lesen). R. 5,50,13. {#sUryaH saMvarDayatyagnimagniH sUryaM svatejasA#} VIKR. 158</"
PWG-L26091-MBH3.415,3,415,Cadman,zu lesen,high,,quote-exact,"01,39.27",confirmed,local-GRETIL,nAgezu tApasacCadmarUpizu,"BH. 15,1068. {#nAgezu tApasacCadmarUpizu#} MBH. 1,1792. 3,415. {#vizRuM rAmamahaM manye mAnuzaM CadmarUpiRam#} (wohl {#mAnuzacCadma˚#} zu lesen) R. 6,11,32. {#DarmacCadmavftaM SaWam#} 4,16,16. {#dohad"
PWG-L21814-MBH3.453,3,453,gam,zu lesen,high,,quote-exact,"03,12.68",confirmed,local-GRETIL,tato dvEtavanAya jagmuH,"mit dem dat. P. 2,3,12. {#tato dvEtavanAya jagmuH#} MBH. 3,453. DRAUP. 9,24. RAGH. 12,7. {#nilayAya#} 2,15. {#utpaTena#} (so ist zu lesen) {#paTe gacCati#} P. 2,3,12, Vārtt. 2, Sch. <div"
PWG-L107462-MBH3.535,3,535,sah,zu schreiben,high,,quote-exact,"03,13.67",confirmed,local-GRETIL,kimarTaM DArtarAzwrARAM sahante durbalIyasAm,"ls>BHAG. 11,44. {#kimarTaM DArtarAzwrARAM sahante durbalIyasAm#} MBH. 3,535. {#tatsaMcayAya#} (so ist zu schreiben, da {#tat#} = {#tapaH#} ist) {#mayA soQaM tava priye#} KATHĀS. 1,42. so v. a"
PWG-L40628-MBH3.679,3,679,nud,zu lesen,high,,quote-exact,"03,17.21",confirmed,local-GRETIL,gadAnunne mahAsure,"uttaM#} st. {#tunnaM#} zu lesen ist). {#gadAnunne mahAsure#} MBH. 3,679. {#(gadA) arjunena SarErnunnA pratimArga"
PWG-L81815-MBH3.775,3,775,yA,zu lesen,high,Bomb,quote-exact,"03,19.23",confirmed,local-GRETIL,sa tvaM mA vyapayAH punaH,"ch zurückziehen%}: {#sa tvaM mA vyapayAH punaH#} MBH. 3,739. 775 (wo {#vyapAyAt#} mit der ed. Bomb. zu lesen ist). 12165. 4,1900. 5,7200. {#r"
PWG-L50535-MBH3.866,3,866,prARa,zu lesen,high,,quote-exact,"03,23.18",confirmed,local-GRETIL,parvataBArArtA mandaprARavicezwitAH,{#parvataBArArtA mandaprARavicezwitAH#} [Page4-1131] {#. hayA
PWG-L57948-MBH3.874,3,874,mard,zu lesen,high,,quote-exact,"03,23.25",confirmed,local-GRETIL,dvArakA cAvamarditA,"'yaM SUlo 'vamarditaH#} R. 6,95,38. {#dvArakA cAvamarditA#} MBH. 3,874. {#avamarditacintam#} (so ist zu lesen) SADDH. P. 4,24,6 übersetzt BURNOUF durch {%dont lʼesprit est suffisamm"
PWG-L115989-MBH3.1091,3,1091,han,zu lesen,high,Bomb,quote-exact,"03,30.27",confirmed,local-GRETIL,pratihanyAdDataH,"7,1120. — 2〉 {%wiederschlagen%}: {#pratihanyAdDataH#} MBH. 3,1091. Spr. (II) 151. 5611. {#pratihantuM#} (so zu lesen mit der ed. Bomb.) {#na cecCati hantAram#} MBH. 12,8437. — 3"
PWG-L117917-MBH3.1155,3,1155,hval,zu lesen,high,,quote-exact,"03,31.38",confirmed,local-GRETIL,vihvalAmIva,"eln, schwanken%}: {#vihvalAmIva#} (so mit AUFRECHT zu lesen) MBH. 3,1155. {#vihvalant#} 6,2768. 7,1613."
PWG-L118649-MBH3.1195,3,1195,aSreyaMs,zu lesen,high,,quote-exact,"03,32.34",confirmed,local-GRETIL,'DigacCati,"{#aSreyaMs#}¦ 2〉 {#na so 'Sreyo#} (so ist zu lesen) {#'DigacCati#} MBH. 3,1195."
PWG-L25297-MBH3.1319,3,1319,ci,falsch,medium,,quote-exact,"03,31.40",confirmed,local-GRETIL,DarmApacAyin,"vadAnantyAnnApacIyate#} 12,7668. {#DarmAdapacitaH#} 3,1319. — Vgl. {#apacaya, apaciti#}; hierher gehört auch {#apacAyin#} (in den Verbess. zum 1sten Theile u. {#upacAyin#} falsch aufgefasst) in {#Darm"
PWG-L58004-MBH3.1369,3,1369,marS,zu lesen,high,,quote-exact,"03,35.15",confirmed,local-GRETIL,yadA dyUte pariGaM paryamfkzaH,"ist zu lesen) R. 2,23,5. {#yadA dyUte pariGaM paryamfkzaH#} MBH. 3,1369."
PWG-L64054-MBH3.1380,3,1380,apacaya,lies,high,,quote-exact,"03,36.5",confirmed,local-GRETIL,Ayuzo 'pacayaM kftvA maraRAyopanezyati,"{#apacaya#}¦, {#Ayuzo 'pacayaM kftvA maraRAyopanezyati#} MBH. 3,1380. Sp. 279, Z. 3 lies {#yezAM#}."
PWG-L9015-MBH3.1412,3,1412,Ayati,zu lesen,high,,quote-exact,"01,95.7",confirmed,local-GRETIL,tadA tvaM,"178. 179. MBH. 2,2107. 3,1412. R. 5,76,16 (wo {#tadAtvaM#} für {#tadA tvaM#} zu lesen ist). 90,1. {#AyatiM rakzan#} MBH. 3,14799. {#kaSca pratyakza"
PWG-L104809-MBH3.1533,3,1533,saMnikarza,fälschlich,medium,Calc,quote-exact,"03,40.7",confirmed,local-GRETIL,saMnikarzaM,"aMnikarze#} {%in der Nähe von%} (gen.) MBH. 1,1174. 3,1533 (fälschlich {#saMnikarzaM#} ed. Calc.). 16088. HARIR. 5278. <l"
PWG-L44137-MBH3.1622,3,1622,pARin,statt,medium,,quote-exact,"03,40.55",confirmed,local-GRETIL,SUlapARinam,#pARi#} {%Hand%}: {#SUlapARinam#} {%einen Speer in der Ha
PWG-L91867-MBH3.1802,3,1802,viDAtavya,zu lesen,high,Bomb,quote-exact,"01,33.31",confirmed,local-GRETIL,viDAtavyaM,"yaM#} (impers.) {#viSrAmyati yaTA kapiH#} R. 5,7,4. MBH. 3,1802 ({#viDAtavyaM#} mit der ed. Bomb. zu lesen). PAÑCAT. 85,6. — 5〉 {%zu gebrauchen, anzuwenden%}: {#karmaRyezA zazW"
PWG-L104247-MBH3.1860,3,1860,sad,zu lesen,high,Bomb,quote-exact,"01,75.6",confirmed,local-GRETIL,tatprasIda,"ls>BHAG. 11,25. 31. MBH. 1,1259. 3,1860 ({#tatprasIda#} mit der ed. Bomb. zu lesen). 2529. 12015. 12768. <ls"
PWG-L113205-MBH3.2081,3,2081,sOBAgya,zu lesen,high,Bomb,quote-exact,"03,50.10",confirmed,local-GRETIL,sOBAgyena ca,"v n=""2"">— b〉 {%das Reizendsein, Schönheit%} (von Personen und Sachen) MBH. 3,2081 ({#sOBAgyena ca#} mit der ed. Bomb. zu lesen). {#rUpa˚#} 13,306. R. GORR. 1,25,14. 3,22,13"
PWG-L55166-MBH3.2112,3,2112,BU,statt,medium,,quote-exact,"03,54.33",confirmed,local-GRETIL,anuBUyAsya vivAham,"v. a. {%erfahret, dass eine Selbstwahl statt finden wird%}, MBH. 3,2112. {#anuBUyAsya vivAham#} 2230. {#"
PWG-L88124-MBH3.2171,3,2171,varaRa,st.,medium,,quote-exact,"01,2.107",confirmed,local-GRETIL,lokapAlAnAm,"ab> {#varuRaM#}) {#lokapAlAnAm#} {%man wähle%} sc. zu Gatten MBH. 3,2171</l"
PWG-L91581-MBH3.2203,3,2203,vid,zu lesen,high,Bomb,quote-exact,"03,54.12",confirmed,local-GRETIL,kaTaM vidyAM nalaM nfpam,"vidyAtsuyoDanaH#} MBH. 1,6040. {#kaTaM vidyAM nalaM nfpam#} 3,2203. {#na tvAM vidyurjanAH#} (so ist mit NAL. und der ed. Bomb. zu lesen) 2621. R. 2,46,31. {#avidat#} BHĀG. P. 3,8,17. {#v"
PWG-L54756-MBH3.2282,3,2282,BAz,zu lesen,high,,quote-exact,"01,69.40",confirmed,local-GRETIL,praBAzitam,". {#haMsavalgupraBAzita#} {%Rede%} VARĀH. BṚH. S. 68,7. MBH. 3,2282. HARIV. 11874 (wo vielleicht {#praBAzitam#} zu lesen ist). {#evaM praBAzyate#} {%wird genannt%} BHĀG. P. 3,11,14. {#praBAzita#} {%er"
PWG-L47920-MBH3.2392,3,2392,praC,zu lesen,high,,quote-exact,"03,60.30",confirmed,local-GRETIL,taTA tena pfcCyamAnA,">. 14,423. pass.: {#taTA tena pfcCyamAnA#} MBH. 3,2392. {#apfcCyata#} KATHĀS. 9,85. RĀJA-TAR. 4,63 (wo {#apfcCyata#} zu lesen ist). {#sa tEH pfzwastaTA#} M. 1,4. 119. 2,110</ls"
PWG-L15071-MBH3.2469,3,2469,kar,zu lesen,high,,quote-exact,"01,122.19",confirmed,local-GRETIL,karavAmahe,"Sch.), {#karavAmahE#} ({#karavAmahe#} MBH. 1,5166. 3,2469. R. 1,18,19, wo aber nach den Corrigg. {#karavAmahE#} zu lesen ist; GORR. 1,18,12: {#karavAma he#}); potent. {#kuryAm#}, med."
PWG-L91213-MBH3.2565,3,2565,vicyuti,zu lesen,high,,quote-exact,"03,63.21",confirmed,local-GRETIL,tanayAByAm,"st). — 2〉 {%Trennung von%} (abl.): {#tanayAByAm#} MBH. 3,2565</l"
PWG-L42307-MBH3.2595,3,2595,par,zu lesen,high,,quote-exact,"03,62.33",confirmed,local-GRETIL,aSruparipUrRAkzI,"ls>R. GORR. 2,67,6. PAÑCAT. 62,25. {#aSruparipUrRAkzI#} MBH. 3,2595. PAÑCAT. 64,4. {#sPurannIlAbjAnAM prakaraparipUrRA iva diSaH#} Spr. 771. {#koSaScApi viSIrRo 'yaM paripUrRaH#} (so ist zu lesen) MBH"
PWG-L104028-MBH3.2678,3,2678,sattvavant,fehlerhaft,high,Calc,quote-exact,"01,59.27",confirmed,local-GRETIL,sattvavant,". gehört hier und im folgenden comp. zu beiden Wörtern) MBH. 3,2678. {#sattvotsAhavant#} Spr. (II) 7049. {#satyavant#} fehlerhaft für {#sattvavant#} RAGH. 5,56 (ed. Calc. richtig) und PAÑCAR. 1,8,3"
PWG-L85641-MBH3.2922,3,2922,lakzay,zu lesen,high,,quote-exact,"03,73.2",confirmed,local-GRETIL,caritAnyasya lakzaya,">d. i. {#aBi#} = {#la˚#} zu lesen ist). {#caritAnyasya lakzaya#} MBH. 3,2922. KĀM. NĪTIS. 7,15. {#karO vi"
PWG-L93196-MBH3.4082,3,4082,viS,st.,medium,Bomb,quote-exact,"03,80.59",confirmed,local-GRETIL,jambUmArgam,"ter%} BHĀG. P. 5,13,17. {#jambUmArgam#} {%sich begeben auf%} MBH. 3,4082. {#yogapaTam#} BHĀG. P. 4,4,24. {#prapASca vipaRAMSca yaToddeSaM samAviSet#} (so ed. Bomb. st. {#samAdiSet#} der ed. Calc.) {%s"
PWG-L81526-MBH3.5001,3,5001,yam,st.,medium,,quote-exact,"03,80.18",confirmed,local-GRETIL,prayatamAnasa,"b. 6,106,28. 7,3,22. {#prayatamAnasa#} MBH. 3,5001. {#prayate deSe#} {%an einem reinen, einer heiligen Handlung entsprechenden Orte%} R. 6,96,7. st. {#prayatavAgBUtvA#} HARIV. 12285 liest die neuere A"
PWG-L37862-MBH3.6087,3,6087,nart,lies,high,,quote-exact,"09,37.34",confirmed,local-GRETIL,pranfttavAn,"arzAvizwaH pranftyavAn#} (lies {#pranfttavAn#}) {%fing an zu tanzen%} MBH. 3,6087. {#pranftta#} {%der zu tanzen"
PWG-L76833-MBH3.7039,3,7039,naraka,st.,medium,Bomb,quote-exact,"03,81.146",confirmed,local-GRETIL,tato gacCedanarakaM,". neutr. Spr. 4649. — 5〉 Z. 3 MBH. 3,7039 (so ist zu lesen st. 7029) hat die ed. Bomb. {#tato gacCedanarakaM#} (v"
PWG-L81468-MBH3.8075,3,8075,yadi,st.,medium,Calc,quote-exact,"03,82.85",confirmed,local-GRETIL,gayAM vrajet,"st. {#yadyapyeko#} der ed. Calc.) {#gayAM vrajet#} MBH. 3,8075 = <ls n"
PWG-L40893-MBH3.8083,3,8083,nEtyaka,falsch,medium,,quote-exact,"03,82.90",confirmed,local-GRETIL,yakziRyA nEtyakaM,"{#yakziRyA nEtyakaM#} (wohl {#baliM#} zu ergänzen) {#tatra prASnIta#} 3,8083. Unter 2. {#aS#} mit {#pra#} wäre demnach diese Stelle falsch aufgefasst. — Vgl. {#nEtyika#}."
PWG-L55050-MBH3.8085,3,8085,Buj,st.,medium,,quote-exact,"13,90.41",confirmed,local-GRETIL,Bunakti ca,"BuYjase#} MBH. 3,15118. {#BuYjate#} 3. sg. 8085. HARIV. 1173 [die neuere Ausg. {#Bunakti ca#} st. {#ca BuYjate#}]. M. 3,131, wo aber auch der pl. gemeint sein kann)"
PWG-L103326-MBH3.8137,3,8137,sakfnnandA,st.,medium,Calc,quote-exact,"03,82.138",confirmed,local-GRETIL,sakfnnandA,"{#sakfnnandA#}¦ f. N. pr. eines Flusses MBH. 3,8137. {#prANnadIM ca#} st. {#sakfnnandAM#} ed. Calc."
PWG-L15038-MBH3.8219,3,8219,kambala,fälschlich,medium,,quote-exact,"01,31.10",confirmed,local-GRETIL,kambalASvatarO,"an. MED. MBH. 1,1555. 2,361. 3,8219. HARIV. 14341 (LANGL. I, 507 und II, 491 trennt {#kambalASvatarO#} fälschlich in {#kambalASva#} und {#tara#}). BHĀG. P. 5,24,31. VP. 149. N. pr.<"
PWG-L14804-MBH3.8313,3,8313,kanyakubja,zu lesen,high,,quote-exact,"13,4.17",confirmed,local-GRETIL,kAnyakubja,"27. H. 973 (nach dem Sch. auch f.). MBH. 3,8313. KATHĀS. 21,86. Der Name gedeutet R. 1,34,37 (nach den Corrigg. {#kAnyakubja#} zu lesen, aber GORR. 1,35,35 liest auch {#kanyakubja#}). — Vgl. {#kan"
PWG-L88503-MBH3.8438,3,8438,vart,fehlerhaft,high,Bomb,quote-exact,"01,169.4",confirmed,local-GRETIL,vyavartata,"ch an Jemand wagen%}: {#tvayABiguptaM kOnteyaM na vivarteyurantikam#} MBH. 3,8438. — 6〉 {#vyavartata#} R. 2,42,10 fehlerhaft für {#nyavartata#}, wie die ed. Bomb. liest. {#vivftta#} fehlerhaft für {#v"
PWG-L88503-MBH3.8438,3,8438,vart,fehlerhaft,high,Bomb,quote-exact,"01,169.4",confirmed,local-GRETIL,vyavartata,"ch an Jemand wagen%}: {#tvayABiguptaM kOnteyaM na vivarteyurantikam#} MBH. 3,8438. — 6〉 {#vyavartata#} R. 2,42,10 fehlerhaft für {#nyavartata#}, wie die ed. Bomb. liest. {#vivftta#} fehlerhaft für {#v"
PWG-L38048-MBH3.8494,3,8494,naS,zu lesen,high,,quote-exact,"01,119.9",confirmed,local-GRETIL,naNkzyanti,"Syati#} M. 4,52. {#Darmo 'naSattadA#} MBH. 13,1313. 3,8494. {#tato naNkzyati te DarmaH#} KATHĀS. 15,78. {#jYAnAni naNkzanti#} ({#naNkzyanti#} zu lesen) MBH. 12,1860. {#mahAnDarmo naSizyati#} 4,680. {#"
PWG-L19905-MBH3.8545,3,8545,kruD,lies,high,,quote-exact,"03,13.95",confirmed,local-GRETIL,tatrAkruDyadvfkodaraH,"ya SyAmA na krodDumarhati#} N. 18,11. 22,27. MBH. 3,8545. {#na krudDedyaSca sarvasya#} (lies: {#kruDyet#}) 1,3324. R. 6,98,28. {#tatrAkruDyadvfkodaraH#} {%"
PWG-L88102-MBH3.8567,3,8567,var,zu lesen,high,,quote-exact,"01,96.48",confirmed,local-GRETIL,tena cAsmi vftA pUrvam,"%es erwählte kein Mann sie%} (zur Gattin), {%es warb Niemand um sie%} MBH. 3,8567. {#na ca kaScidvfRoti tvAm#} (so zu lesen) 16647. {#tena cAsmi vftA pUrvam#} 5,5971. BHĀ"
PWG-L79103-MBH3.8584,3,8584,praRaya,st.,medium,Bomb,quote-exact,"03,95.15",confirmed,local-GRETIL,tadA sapraRayaM,"ch MBH. 5,7322. Z. 17, die ed. Bomb. liest 3,8584 {#tadA sapraRayaM#} st. {#sA tadA praRayaM#}."
PWG-L99812-MBH3.8603,3,8603,Siz,zu lesen,high,Bomb,quote-exact,"05,187.2",confirmed,local-GRETIL,viSezayitum,"3242. 7923 (med.). 8603 ({#viSezitum#} = {#viSezayitum#}; statt {#pARqavasya#} ist mit der ed. Bomb. {#pARqavaM sma#} zu lesen). 14,107. 1329. {#madanamapi guRErviSezayantI#} <"
PWG-L99812-MBH3.8603,3,8603,Siz,statt,medium,Bomb,quote-exact,"05,187.2",confirmed,local-GRETIL,viSezayitum,3242. 7923 (med.). 8603 ({#viSezitum#} = {#viSezayitum#}; statt {#pARqavasya#} ist mit der ed. Bomb. {#pARqavaM sma#} zu lesen). 14
PWG-L41788-MBH3.8717,3,8717,pat,zu lesen,high,,quote-exact,"03,99.4",confirmed,local-GRETIL,aBipAtyatAM,"naM (pariGaM) tadA BrAmya varuRAyAByapAtayat#} HARIV. 13902. MBH. 3,8717 (wo {#aBipAtyatAM#} zu lesen ist). {%hinwerfen%} SĀY._zu_ṚV. 1,52,5 und in der Einl. zu <ls"
PWG-L12103-MBH3.8753,3,8753,upaSama,lies,high,,quote-exact,"03,100.16",confirmed,local-GRETIL,jagatyupaSamaM,"e%}: {#jagatyupaSamaM#} (lies: {#˚me#}) {#jAte nazwayajYotsavakriye#} MBH. 3,8753. {#taTAyamapi kftakartavyaH"
PWG-L56165-MBH3.9972,3,9972,makzika,zu lesen,high,,quote-exact,"03,109.4",confirmed,local-GRETIL,makzikAScAdaSaMstatra,") PRAŚNOP. 2,4. M. 5,133. {#makzikAScAdaSaMstatra#} MBH. 3,9972"
PWG-L82912-MBH3.10285,3,10285,rakzya,fehlerhaft,high,,quote-exact,"03,120.26",confirmed,local-GRETIL,satyaM tu me rakzyatamaM na rAjyam,"tama#} {%vor Allem zu hüten%}: {#satyaM tu me rakzyatamaM na rAjyam#} MBH. 3,10285. R. GORR. 2,52,6. M. 8,359. {#rakzya#} MṚCCH. 58,18 fehlerhaft für {#rakza#}, wie schon STENZLER bemerkt hat. — Vgl. "
PWG-L116085-MBH3.10385,3,10385,har,zu lesen,high,Bomb,quote-exact,"03,124.17",confirmed,local-GRETIL,prAharadvajram,">. {#mA me\ prahA^H#} (TS. PRĀT. 8,8) TS. 2,4,12,3. MBH. 3,10385 ({#prAharadvajram#} mit der ed. Bomb. zu lesen). {#durbale#} 14,247. Spr. (II) 4266. {#kuliSaM tasmE#} BH"
PWG-L44228-MBH3.10646,3,10646,pAta,lies,high,,quote-exact,"03,133.23",confirmed,local-GRETIL,vaqave iva saMyukte SyenapAte,"05. 1907. {#vaqave iva saMyukte SyenapAte#} 3,10646. — 2〉 {%das Sichstürzen in%}: {#varaM vahnO pAtaH#} BHARTṚ. 2,77. {#yAvanmumUrzuH pAtena vyavahAryasti so 'mbuDue#} (lies {#'mbuDO#}) ŚATR. 10,82. {"
PWG-L40379-MBH3.10656,3,10656,nI,fehlerhaft,high,,quote-exact,"01,58.44",confirmed,local-GRETIL,matsakASam,"rbeiführen, herführen%}: {#vandiM samAByAnaya#} (sic!) {#matsakASam#} MBH. 3,10656. — {#avA#}, {#avAnItA#} ŚĀK. CH. 125,5 wohl fehlerhaft für {#apanItA#}; die andere Recension (83,9) hat st. desse"
PWG-L108175-MBH3.10663,3,10663,sAdyaHkra,fehlerhaft,high,,quote-exact,"03,134.12",confirmed,local-GRETIL,zawsAdyaskAH sarvavedezu dfzwAH,"yaska#} ĀŚV. ŚR. 9,7,13. {#zawsAdyaskAH sarvavedezu dfzwAH#} MBH. 3,106"
PWG-L25298-MBH3.10676,3,10676,ci,fälschlich,medium,,quote-exact,"03,134.26",confirmed,local-GRETIL,yaTA vAcamavacinvanti santaH,"(WEST.: {%comprehendere%}): {#yaTA vAcamavacinvanti santaH#} MBH. 3,10676. Dafür fälschlich {#avici˚#} 10677. — {#upa#} dass., vgl."
PWG-L12669-MBH3.10698,3,10698,uzRIgaNga,fehlerhaft,high,,quote-exact,"03,135.7",confirmed,local-GRETIL,tUzRIMgaNga,"{#uzRIgaNga#}¦ MBH. 3,10698 wohl nur fehlerhaft für {#tUzRIMgaNga#} (s. d.) LASSEN (LIA. I, 548, N.): {%die he"
PWG-L56300-MBH3.10756,3,10756,majj,zu lesen,high,,quote-exact,"01,167.8",confirmed,local-GRETIL,majjayAmAsa,"aTAn — majjayan — bAREH#} MBH. 8,1220. Statt {#majjayAmAsa#} 3,10756 ist {#sajja˚#} zu lesen, welche Lesart NĪLAK. anführt. — {#ava#} {%unterʼs Wasser drücken%}:"
PWG-L107462-MBH3.11388,3,11388,sah,st.,medium,Bomb,quote-exact,"01,139.31",confirmed,local-GRETIL,parAkramam,"4. {#bARavarzam, bARAn#} HARIV. 8088. {#vIryam, balam#} MBH. 3,11388 ({#sahitaM#} st. {#sahituM#} ed. Bomb.). RAGH. 4,69. {#parAkramam#} MBH. 1,5960"
PWG-L6879-MBH3.11477,3,11477,aS,zu lesen,high,,quote-exact,"05,187.37",confirmed,local-GRETIL,na prASnItodakamapi,". M. 2,62. 3,73. 74. MBH. 3,11477. {#prASa#} 2. sg. imperat. R. 3,63,18. (statt {#prASyanti#} R. 1,13,41 ist {#prAsyanti#} zu lesen, wie auch SCHL. übersetzt). med.: {#na prASnItodakamapi#} MBH."
PWG-L109668-MBH3.11495,3,11495,sIv,druckfehler,high,,quote-exact,"03,154.35",confirmed,local-GRETIL,matsyo 'mBasIva syUtAsyaH,"ruckfehler). RĀJA-TAR. 7,1652. {#matsyo 'mBasIva syUtAsyaH#} MBH. 3,11495 {#cintAs"
PWG-L10470-MBH3.11657,3,11657,Ikz,lies,high,,quote-exact,"01,28.17",confirmed,local-GRETIL,prekzamARA,"miha tAta yuDizWira . prekzante sarvaBUtAni bahuSaH parvasaMDizu ..#} MBH. 3,11657. INDR. 2,26. DRAUP. 1,2 (lies {#prekzamARA#} st. {#prekzya˚#}). ARJ. 1,1. {#prEkzatAnimizo devIm#} <l"
PWG-L10470-MBH3.11657,3,11657,Ikz,st.,medium,,quote-exact,"01,28.17",confirmed,local-GRETIL,prekzamARA,"miha tAta yuDizWira . prekzante sarvaBUtAni bahuSaH parvasaMDizu ..#} MBH. 3,11657. INDR. 2,26. DRAUP. 1,2 (lies {#prekzamARA#} st. {#prekzya˚#}). ARJ. 1,1. {#prEkzatAnimizo devIm#} R. 2,12,48. <ls"
PWG-L87964-MBH3.11907,3,11907,vand,st.,medium,,quote-exact,"07,58.27",confirmed,local-GRETIL,ca vandya,">40,3 (39,3 GORR.). 113,6. MBH. 3,11907 (st. {#ca vandya#} hat ARJ. 1,5 {#vavanda#}). HARIV. 14106. BHĀG. P"
PWG-L88853-MBH3.11943,3,11943,vaSaMkara,fehlerhaft,high,,quote-exact,"01,2.165",confirmed,local-GRETIL,vaSaMkaraH,"{#vaSaMkaraH#} ARJ. 3,9 fehlerhaft für {#ca SaMkaraH#}, wie MBH. 3,11943 gelesen wird."
PWG-L42633-MBH3.11998,3,11998,parAhRa,st.,medium,,quote-exact,"01,181.40",confirmed,local-GRETIL,aTAparAhRe,"chreiben). {#pUrvAhna#} in derselben Bed. ARJ. 4,7 (MBH. 3,11998 liest {#aTAparAhRe#} st. {#aTa parAhne#}). PAÑCAT. 247,12. VARĀH. BṚH. S. 88,6. {#parAhna#}"
PWG-L86636-MBH3.12025,3,12025,loka,zu lesen,high,,quote-exact,"01,3.184",confirmed,local-GRETIL,puRyakftAm,"U\ra\kftA^m#} TBR. 1,4,6,5. {#puRyakftAm#} (so ist zu lesen) MBH. 3,12025. {#apsarasAm, vESvadevasya, apAm#} M. 4,183. {#brahmaGnaH"
PWG-L23656-MBH3.12225,3,12225,graB,st.,medium,,quote-exact,"01,42.18",confirmed,local-GRETIL,pratyagfhRata,"RItAt; gfBRAna/#} und {#gfhRAna/; ˚agfhRam#} (st. {#˚hRAm#}) MBH. 3,12225. fg. (= ARJ. 10,28. fg.), {#pratyagfhRata#} (st. {#˚hRIta#}) 1774; eigenthümlich ved. {#gfBAya/ti#}"
PWG-L42573-MBH3.12242,3,12242,parABAva,st.,medium,,quote-exact,"03,170.41",confirmed,local-GRETIL,parABAvAya BArata,"ndrARAm#} ARJ. 10,45. st. {#parABAvAya BArata#} hat MBH. 3,12242: {#aBAvAya paraMtapa#}."
PWG-L119654-MBH3.12274,3,12274,kzan,zu lesen,high,,quote-exact,"03,171.1",confirmed,local-GRETIL,saMrUQaSaravikzatam,"1,1 nicht {%verwundet%}, sondern n. {%Wunde%}, da mit MBH. 3,12274 {#saMrUQaSaravikzatam#} zu lesen ist."
PWG-L85093-MBH3.12274,3,12274,ruh,fälschlich,medium,,quote-exact,"03,171.1",confirmed,local-GRETIL,saMrUQaSaravikzata,". {#saMrUQaSaravikzata#} (fälschlich {#saMrUQaM#} ARJ. 11,1) MBH. 3,12274. — 3〉 {%hervorbrechen,"
PWG-L81815-MBH3.12358,3,12358,yA,zu lesen,high,,quote-exact,"03,174.20",confirmed,local-GRETIL,vane vihartuM kuravaH,"AdaSaM varzamupopayAtA#} (wohl so zu lesen) {#vane vihartuM kuravaH#} MBH. 3,12358. — {#pratyupa#} {%zurückkehre"
PWG-L60883-MBH3.12381,3,12381,muc,st.,medium,,quote-exact,"03,155.5",confirmed,local-GRETIL,nivatsyAmi,". {%verlassen%} (einen Ort): {#mfgendrASca — vyamuYcanta guhA BayAt#} MBH. 3,12381. HARIV. 1578 ({#nivatsyAmi#} st. {#vimokzyAmi#} die neuere Ausg.). RAGH. 16,46. KATHĀS. 54,55</"
PWG-L53862-MBH3.12683,3,12683,Baj,fehlerhaft,high,,quote-exact,"01,77.3",confirmed,local-GRETIL,saMviBAjya,"ab>v. l. KATHĀS. 45,11. — caus. {#saMviBAjya#} MBH. 3,12683 fehlerhaft für {#saMviBajya#}. — Vgl. {#saMviBAga#}. {#saMviBAgin#}."
PWG-L85042-MBH3.12728,3,12728,ruD,fälschlich,medium,,quote-exact,"03,184.10",confirmed,local-GRETIL,svakarmaBirdAnavasaMnirudDe,". {#svakarmaBirmAnavaM saMnirudDam#} 13,2956 = 3,12728, wo fälschlich {#svakarmaBirdAnavasaMnirudDe#} gelesen wird. — 2〉 {%hemmen, unterdrücken, auf"
PWG-L101797-MBH3.12772,3,12772,Sru,st.,medium,,quote-exact,"03,185.25",confirmed,local-GRETIL,tacCrUyatAM mama,"THĀS. 56,240. mit gen. der Person: {#tacCrUyatAM mama#} MBH. 3,12772. R. 1,4,28. mit {#muKAt#} st. des einf. abl. HIT. 39,7. pass. impers."
PWG-L79188-MBH3.12799,3,12799,pratiBA,zu lesen,high,,quote-exact,"02,16.51",confirmed,local-GRETIL,devatApratiBAsime,nst mir eine Göttin zu sein%}. — 4〉 {%Ve
PWG-L44894-MBH3.13309,3,13309,pArzRi,statt,medium,,quote-exact,"04,32.8",confirmed,local-GRETIL,pArzRisAraTI,"telpferde ziehen an der {#Dur#}, {%der Deichsel%}): {#vAmA, dakziRA#} MBH. 3,13309 (im vorangehenden Śloka statt dessen {#pArSva#}). 4,1415. fg. {#pArzRisAraTI#} heissen {%die zwei Wag"
PWG-L101574-MBH3.13658,3,13658,Sri,st.,medium,,quote-exact,"03,197.6",confirmed,local-GRETIL,grAmaM BEkzAya saMSritaH,", auf%}: {#grAmaM BEkzAya saMSritaH#} (st. des verbi finiti) MBH. 3,13658. {#durgam#} Spr. 2885. <ls n=""Spr."""
PWG-L73487-MBH3.13918,3,13918,caturviMSaka,zu lesen,high,,quote-exact,"03,201.20",confirmed,local-GRETIL,caturviMSaka,"{#caturviMSaka#}¦ adj. {%aus vierundzwanzig bestehend%} MBH. 3,13918, wo {#gaRaH#} st. {#guRaH#} zu lesen ist."
PWG-L73487-MBH3.13918,3,13918,caturviMSaka,st.,medium,,quote-exact,"03,201.20",confirmed,local-GRETIL,caturviMSaka,"{#caturviMSaka#}¦ adj. {%aus vierundzwanzig bestehend%} MBH. 3,13918, wo {#gaRaH#} st. {#guRaH#} zu lesen ist."
PWG-L93846-MBH3.13928,3,13928,vizayIBAva,fehlerhaft,high,,quote-exact,"03,202.9",confirmed,local-GRETIL,vizamIBAva,"{#vizayIBAva#}¦ MBH. 3,13928 fehlerhaft für {#vizamIBAva#}."
PWG-L85093-MBH3.13929,3,13929,ruh,statt,medium,,quote-exact,"03,202.9",confirmed,local-GRETIL,tadA dehI dehamanyaM vyatirohati kAlataH,"en%}; mit acc.: {#tadA dehI dehamanyaM vyatirohati kAlataH#} MBH. 3,13929. statt dessen {#tadA dehErdehavanto vyatirohanti nAnyaTA#} 6,184. — caus.<"
PWG-L66987-MBH3.13994,3,13994,ASin,st.,medium,,quote-exact,"12,316.19",confirmed,local-GRETIL,nirASIstva,"Sitva#} {%das Nichtessen%}. {#nirASitva#} (vgl. {#nirASin#}) MBH. 3,13994 bedeutet das {%Aufgeben aller Hoffnungen, — Wünsche%}; st. dessen {#nirASIstva#} 12,12440. — Vgl. {#pavan"
PWG-L46404-MBH3.14176,3,14176,puzwimati,fehlerhaft,high,,quote-exact,"03,211.1",confirmed,local-GRETIL,agniH puzwimatirnAma tuzwaH puzwiM prayacCati,"ines Agni: {#agniH puzwimatirnAma tuzwaH puzwiM prayacCati#} MBH. 3,14176. Ohne Zweifel fehlerhaft für {#puzwipati#}."
PWG-L79314-MBH3.14417,3,14417,praT,fehlerhaft,high,Bomb,quote-exact,"03,37.10",confirmed,local-GRETIL,prayatizyanti,"raTe#} 88,10. — caus. {#praTayizyanti#} MBH. 3,14417 fehlerhaft für {#prayatizyanti#}, wie die ed. Bomb. liest (mit vorangehendem {#Bede#} s"
PWG-L79314-MBH3.14417,3,14417,praT,st.,medium,Bomb,quote-exact,"03,37.10",confirmed,local-GRETIL,prayatizyanti,"raTe#} 88,10. — caus. {#praTayizyanti#} MBH. 3,14417 fehlerhaft für {#prayatizyanti#}, wie die ed. Bomb. liest (mit vorangehendem {#Bede#} st. {#BedaH#})."
PWG-L103193-MBH3.14854,3,14854,saMsmAraRa,st.,medium,,quote-exact,"03,228.20",confirmed,local-GRETIL,saMsmAraRaM,"aRaM#} st. {#saMsmAraRaM#}) {%das Ueberzählen%} (des Viehes) MBH. 3,14854."
PWG-L81526-MBH3.15131,3,15131,yam,zu lesen,high,,quote-exact,"12,74.22",confirmed,local-GRETIL,sukftaM na,">HARIV. 8564 (med.). {%wiedergeben%} M. 8,181. MBH. 3,15131. BHĀG. P. 9,14,8. {#sukftaM na#} (so ist wohl zu lesen) {#prayacCanti yAvajjanma kftaM narAH#} {%eine Wohlthat erwiedern%} MĀRK. P. 14,72</l"
PWG-L103800-MBH3.15160,3,15160,saMcaya,zu lesen,high,Bomb,quote-exact,"03,240.6",confirmed,local-GRETIL,vajrasaMcayEH,"a˚#} PAÑCAT. 175,1. {#aviralapattra˚#} MBH. 1,1383. 3,15160 ({#vajrasaMcayEH#} mit der ed. Bomb. zu lesen). {#ozaDi˚#} 12,5341. {#hima˚#} HARIV. 8267. {#prAkAra˚#} <ls"
PWG-L85886-MBH3.15213,3,15213,lajj,zu lesen,high,,quote-exact,"03,241.5",confirmed,local-GRETIL,mokzitaScAsi DarmajYEH pARqavErna ca lajjase,"n=""Spr."">2742. {#mokzitaScAsi DarmajYEH pARqavErna ca lajjase#} MBH. 3,15213. {#yatsarveRecCati jYAtaM#} (so ist wohl zu lesen) {#yanna lajjati cAcaran#} {%eine Handlung, von der man wünscht, dass sie"
PWG-L89801-MBH3.15327,3,15327,vAtika,st.,medium,Bomb,quote-exact,"07,120.72",confirmed,local-GRETIL,sidDacAraRavAtikEH,"e Worte redend%}; m. {%Lobhudler, Schmeichler, Lobsänger%} MBH. 3,15327. fg. {#sidDacAraRavAtikEH#} ({#pannagEH#} st. {#vAtikEH#} ed. Bomb.) 7,6132. 7188."
PWG-L72578-MBH3.15399,3,15399,gam,zu lesen,high,,quote-exact,"05,70.26",confirmed,local-GRETIL,nigacCanti,"/ls>. {#nirgata#} {%hervortretend%} H. 1034. — 4〉 MBH. 3,15399 ist wohl {#nigacCanti#} zu lesen; dagegen ist {#nirjagAma nidrAm#} {%er schlief ein%} KATHĀS. 64,164 durch das Me"
PWG-L113928-MBH3.15621,3,15621,sTA,fehlerhaft,high,,quote-exact,"02,5.55",confirmed,local-GRETIL,anutizWanti,"2. — 9〉 {%beherrschen, regieren%}: {#sOvIrAnDarmeRa#} MBH. 3,15621. — 10〉 {#anutizWanti#} CHĀND. UP. 3,19,3 wohl fehlerhaft für {#anUtti˚#}. — 11〉 partic. {#a/nuzWita#} a〉 mit a"
PWG-L41515-MBH3.15628,3,15628,paYcaSata,zu schreiben,high,,quote-exact,"03,251.11",confirmed,local-GRETIL,mfgAnpaYcaSataM,"n. {#˚SataM damaH#} M. 8,384. {#mfgAnpaYcaSataM#} MBH. 3,15628. {#˚SatAni putrARAm#} BHĀG. P. 9,17,12; hier ist es wohl richtiger getrennt zu schreiben {#paYca SatAni#}. — b〉 f. {#I#} KATHĀS. 44,77."
PWG-L9940-MBH3.15674,3,15674,i,zu lesen,high,,quote-exact,"03,253.7",confirmed,local-GRETIL,vAmamupetya pArSvam,"H#} ARJ. 1,7. {#kabanDaM samupeyatuH#} R. 3,75,49. (MBH. 3,15674 ist {#vAmamupetya pArSvam#} st. {#vA samupe˚#} zu lesen). — 2〉 {%zu Theil werden%}: {#udArA SrIH sTitA hyasyAM#} ({#mAlAyAM#}) {#sA hi"
PWG-L9940-MBH3.15674,3,15674,i,st.,medium,,quote-exact,"03,253.7",confirmed,local-GRETIL,vAmamupetya pArSvam,"H#} ARJ. 1,7. {#kabanDaM samupeyatuH#} R. 3,75,49. (MBH. 3,15674 ist {#vAmamupetya pArSvam#} st. {#vA samupe˚#} zu lesen). — 2〉 {%zu Theil werden%}: {#udArA SrIH sTitA hy"
PWG-L40628-MBH3.15739,3,15739,nud,st.,medium,,quote-exact,"03,255.24",confirmed,local-GRETIL,sUtasya nudato vAhAn,". 14,109. {%weitertreiben, antreiben%}: {#sUtasya nudato vAhAn#} MBH. 3,15739. {#nutta#} und {#nunna#} {%fortgestossen, fortgedrängt%} AK. 3,2,37. H. 1482. HALĀY. 4,82 (wo wohl {#nuttaM#} st. {#tunnaM"
PWG-L101797-MBH3.15786,3,15786,Sru,st.,medium,,quote-exact,"03,256.10",confirmed,local-GRETIL,hetuM me gadataH SfRu,"a#} M. 3,36. MBH. 3,2832. {#hetuM me gadataH SfRu#} 15786. R. 2,64,31. MEGH. 13. {#tadapatyAni me SfRu#} BHĀG. P. 8,13,1. dat. st. gen.: {#SfRu vaco mahyam#} MBH. 6,2932. mit abl. der Pers"
PWG-L20315-MBH3.16117,3,16117,kzip,unrichtig,medium,,quote-exact,"03,264.25",confirmed,local-GRETIL,tasyAstadAkzipya vaco hitamuktaM,"eisen, auf Etwas nicht achten%}: {#tasyAstadAkzipya vaco hitamuktaM#} MBH. 3,16117. AMAR. 79. {%als unrichtig zurückweisen%}: {#svoktamAkzipati#} Sch. zu ŚĀK. (ed. WILL.) 24,1. <div"
PWG-L85650-MBH3.16198,3,16198,lakzmaRa,fehlerhaft,high,Bomb,quote-exact,"03,266.2",confirmed,local-GRETIL,SaSalakzaRa,"({#SaSalakzaRa#} ed. Bomb.) als Bez. {%des Mondes%} MBH. 3,16198. {#SrIvatsa˚#} ({#˚lakzaRa#} die neuere Ausg.) HARIV. 3325. {#SarA bArhiRalakzmaRAH#} (wohl fehlerhaft für {#˚lakzaRAH#}) R. 3,8,4. Sic"
PWG-L7773-MBH3.16302,3,16302,Akara,zu lesen,high,,quote-exact,"03,267.34",confirmed,local-GRETIL,ratnAnAmAkarEH,"ls>KAṆĀDA_in_Z. d. d. m. G. 6,16,31. {#ratnAnAmAkarEH#} MBH. 3,16302<"
PWG-L102918-MBH3.16324,3,16324,saMviDi,zu lesen,high,,quote-exact,"03,268.2",confirmed,local-GRETIL,SAstranirmitAm,"#} (d. i. {#veSmani#}) R. 2,91,36. {#saMviDiM kar#} MBH. 3,16324 (entweder {#SAstranirmitAm#} oder {#saMviDAM#} zu lesen; vgl. unter {#saMviD#}). {#tato 'timAnuzaM sarvaM cakre yajYasya saMviDim#} <ls"
PWG-L118931-MBH3.16487,3,16487,iz,st.,medium,,quote-exact,"03,281.99",confirmed,local-GRETIL,mAM cejjIvantamicCasi,"I. 3. {#iz#}¦ 2〉 Z. 20 MBH. 3,16487 (beide Ausgg.) liest {#mAM cejjIvantamicCasi#} st. {#mAM ca#} u. s. w. — Z. 4 v. u. M. 12,37 ist de"
PWG-L36186-MBH3.16580,3,16580,Dar,fälschlich,medium,,quote-exact,"03,275.48",confirmed,local-GRETIL,yAvadBUmirDarizyati,"(SCHL. 1,60,28 fälschlich {#DA˚#}). {#yAvadBUmirDarizyati#} MBH. 3,16580. R. 6,81,22. <ls n=""R. 6"
PWG-L104617-MBH3.16622,3,16622,saMtApa,zu lesen,high,,quote-exact,"03,277.7",confirmed,local-GRETIL,saMtApamupajagmivAn,""">1,10,2. — 3〉 {%Kasteiung%}: {#saMtApamupajagmivAn#} MBH. 3,16622. KIR. 5,50. — Vgl. {#BUta˚, manaH˚#} (95,14 zu lesen), {#mAnasa˚, sAMtApika#}."
PWG-L88916-MBH3.16699,3,16699,vas,fehlerhaft,high,,quote-exact,"03,181.41",confirmed,local-GRETIL,kleSamimam,"AsamASrame nivatsyate#} (v. l. {#sahizyate#}) {#kleSamimam#} 16699. — 5〉 {#na me vEro nivasate#} HARIV. 6049 fehlerhaft für {#na me vEraM pravasati#}, wie die neuere Ausg. hat. — Vgl.</"
PWG-L97104-MBH3.16751,3,16751,Sakti,falsch,medium,,quote-exact,"01,57.62",confirmed,local-GRETIL,na sTAtuM,"{#na sTAtuM#} ({#sTAtu#} falsch SĀV. 5,4) {#Saktirasti me#} MBH. 3,16751. ŚĀK. 153. {#gamane#}"
PWG-L101448-MBH3.16775,3,16775,Srama,zu lesen,high,,quote-exact,"03,281.27",confirmed,local-GRETIL,na te Sramo Bavet,"a#} = {#Sramayukta#} R. GORR. 2,11,11. {#na te Sramo Bavet#} MBH. 3,16775. {#SramaM nAvApnuyAt#} R. 2,24,21. {#SramamaDyagAt#} BHĀG. P. 4,26,10. {#SAnto me BavatyA darSane#} (so ist wohl zu lesen) {#S"
PWG-L47244-MBH3.16783,3,16783,peSala,st.,medium,,quote-exact,"03,281.35",confirmed,local-GRETIL,SaktipeSala,"grAmyapeSalAlApA#} RĀJA-TAR. 4,432. {#manuzyA BaktipeSalAH#} MBH. 3,16783 (st. dessen {#SaktipeSala#} SĀV. 5,35). {#vAtsalya˚#} RĀJA-TAR. 5,21. {"
PWG-L83005-MBH3.16788,3,16788,raj,st.,medium,,quote-exact,"02,45.8",confirmed,local-GRETIL,caranti tAH,"lt%} SĀV. 5,40 ({#caranti tAH#} st. {#ca raYjitAH#} MBH. 3,16788). R. GORR. 2,1,33. 4"
PWG-L7011-MBH3.16834,3,16834,aSrAy,st.,medium,,quote-exact,"03,281.85",confirmed,local-GRETIL,asrAyamARakO,"t {#sa#} st. {#Sa#}) zu P. 3,1,18. {#asrAyamARakO#} MBH. 3,16834."
PWG-L86635-MBH3.16854,3,16854,lok,fehlerhaft,high,,quote-exact,"03,281.105",confirmed,local-GRETIL,vfkzAntarAlokitayA jyotsnayA,"58, v. l. {#vfkzAntarAlokitayA jyotsnayA#} MBH. 3,16854. {#tadvadAlokitasvapnA#} {%die denselben Traum gehabt hatte%} KATHĀS. 52,391. — {#Alokya#} PAÑCAT. 78,14 fehlerhaft für {#Aloqya#}. — Vgl. {#Alo"
PWG-L21498-MBH3.16878,3,16878,gaRay,st.,medium,,quote-exact,"03,282.20",confirmed,local-GRETIL,tAMstAnvigaRayannarTAn,"n=""MBH. 3,"">2877. {#tAMstAnvigaRayannarTAn#} SĀV. 6,20 (MBH. 3,16878: {#sarvAn#} st. {#arTAn#}, woher {%magni aestimare%} bei WEST.). {#evaM yaTAvadvigaRayya bu"
PWG-L104702-MBH3.17019,3,17019,saMdezwavya,zu lesen,high,Bomb,quote-exact,"03,287.22",confirmed,local-GRETIL,saMdezwavyAM tu manye tvAM dvijAtiM kopanaM prati,"zu geben hat%}: {#saMdezwavyAM tu manye tvAM dvijAtiM kopanaM prati#} MBH. 3,17019. — 2〉 {%was man Jmd zu sagen hat, woran man Jmd%} (gen.) {%zu erinnern hat%}: {#ato 'nyanna#} (so mit der ed. Bomb. z"
PWG-L57557-MBH3.17228,3,17228,manTa,zu lesen,high,Bomb,quote-exact,"03,295.6",confirmed,local-GRETIL,araRIsahitaM manTam,">best. Werkzeug zum Reiben des Feuers%}: {#araRIsahitaM manTam#} MBH. 3,17228 (st. {#DarzamARasya#} ist mit der ed. Bomb. {#Ga˚#} zu lesen). {#anyamanTakft#} KĀTY. KARMAPR._bei_KUHN, Herabk. d. F. 72 "
PWG-L57557-MBH3.17228,3,17228,manTa,st.,medium,Bomb,quote-exact,"03,295.6",confirmed,local-GRETIL,araRIsahitaM manTam,">best. Werkzeug zum Reiben des Feuers%}: {#araRIsahitaM manTam#} MBH. 3,17228 (st. {#DarzamARasya#} ist mit der ed. Bomb. {#Ga˚#} zu lesen). {#anyamanTakft#}"
PWG-L88916-MBH4.24,4,24,vas,fehlerhaft,high,Bomb,quote-exact,"04,1.21",confirmed,local-GRETIL,nirvartsyAmi,"ngurO guruvAsaM niruzya#} 14,749. — {#nirvatsyAmi#} 4,24 fehlerhaft für {#nirvartsyAmi#}, wie die ed. Bomb. liest. — Vgl. {#nirv"
PWG-L88503-MBH4.24,4,24,vart,st.,medium,Bomb,quote-exact,"04,1.21",confirmed,local-GRETIL,nirvartsyAmi,">act. {%herausrollen lassen, auswerfen%} (Würfel aus dem Becher) MBH. 4,24, wo die ed. Bomb. {#nirvartsyAmi#} st. {#nirvatsyAmi#} der ed. Calc. liest. — 2〉 {%hervorkommen, hervor"
PWG-L117919-MBH4.36,4,36,hvA,zu lesen,high,Bomb,quote-exact,"05,2.10",confirmed,local-GRETIL,samAhvayattena,"amAhvayat#} MBH. 4,346. {#devitum#} 35. 36 ({#samAhvayattena#} mit der ed. Bomb. zu lesen). 98. 114. {#dvaMdve#} (so mit der ed. Bomb"
PWG-L103843-MBH4.174,4,174,saYj,zu lesen,high,,quote-exact,"04,5.9",confirmed,local-GRETIL,kvAyuDAni samAsajya,"=""MBH."">5,3695. {#kvAyuDAni samAsajya#} 4,150. 174. HARIV. 8242 ({#kaRWe#} zu lesen). — 2〉 {%aufbürden, übertragen, übergeben%}: {#putre sarvaM samAsajya#} M."
PWG-L104247-MBH4.198,4,198,sad,st.,medium,,quote-exact,"05,54.57",confirmed,local-GRETIL,ca Bagnezu,"h —, in eine verzweifelte Lage gerathen%} KĀTY. ŚR. 23,4,17. MBH. 4,198. Spr. (II) 2234. HARIV. 13649 ({#ca Bagnezu#} st. {#avasannezu#} die neuere Ausg.). KATHĀS. 18,82. 6"
PWG-L114357-MBH4.278,4,278,sparS,zu lesen,high,Bomb,quote-exact,"04,8.32",confirmed,local-GRETIL,sprakzyasi,"ls n=""MBH. 3,"">12047. {#mA spfSyAt#} 15688. 4,278 (mit der ed. Bomb. {#sprakzyasi#} st. {#prakzyasi#} zu lesen). 5,3556 ({#spfSya#} absol.). 6,5658. <ls n="
PWG-L114357-MBH4.278,4,278,sparS,st.,medium,Bomb,quote-exact,"04,8.32",confirmed,local-GRETIL,sprakzyasi,"ls n=""MBH. 3,"">12047. {#mA spfSyAt#} 15688. 4,278 (mit der ed. Bomb. {#sprakzyasi#} st. {#prakzyasi#} zu lesen). 5,3556 ({#spfSya#} absol.). <ls"
PWG-L90535-MBH4.512,4,512,vASitA,zu lesen,high,Bomb,quote-exact,"01,55.21",confirmed,local-GRETIL,nararzaBam,"""AIT. BR. 6,"">21. fg. KĀṬH. 13,4. MBH. 1,4114. 4,512 (wo mit der ed. Bomb. {#vararzaBam#} st. {#nararzaBam#} zu lesen ist). 7,5483. R. 7,32,52. BHĀG. P. 10,46,9. auch von"
PWG-L90535-MBH4.512,4,512,vASitA,st.,medium,Bomb,quote-exact,"01,55.21",confirmed,local-GRETIL,nararzaBam,"""AIT. BR. 6,"">21. fg. KĀṬH. 13,4. MBH. 1,4114. 4,512 (wo mit der ed. Bomb. {#vararzaBam#} st. {#nararzaBam#} zu lesen ist). 7,5483. R. 7,32,52. BHĀ"
PWG-L42385-MBH4.619,4,619,paramaka,fälschlich,medium,,quote-exact,"06,62.15",confirmed,local-GRETIL,pAramakaM padam,"ls n=""MBH."">7,1761. {#Arti#} 5,7228. {#duHKa#} 4,619. Fälschlich {#pAramakaM padam#} 13,3350 und {#duHKaM paramikam#} BRĀHMAṆ. 1,16<"
PWG-L45466-MBH4.980,4,980,pIq,fehlerhaft,high,,quote-exact,"04,29.10",confirmed,local-GRETIL,pratipIqya puraM balAt,"ästigen, peinigen%} MBH. 3,12236. {#pratipIqya puraM balAt#} 4,980. — {#vi#} caus.: {#virahavahnivipIqitANgI#} CAURAP. 19. Fehlerhaft für {#nipIqita#}, wie HAEB. hat. — {#sam#} caus. 1〉 {%zusamm"
PWG-L106590-MBH4.1051,4,1051,sarp,zu lesen,high,Bomb,quote-exact,"04,31.14",confirmed,local-GRETIL,ruDireRa prasarpatA,"n%}: {#ruDireRa prasarpatA#} (so mit der ed. Bomb. zu lesen) MBH. 4,1051. {%anbrechen%}: {#prasarpati tato DvAnte#} KATHĀS. 123,172"
PWG-L93196-MBH4.1052,4,1052,viS,st.,medium,,quote-exact,"01,29.16",confirmed,local-GRETIL,garutmantaH,"1,"">11. {#vAnarA upAviSan#} R. 4,39,43. {#garutmantaH#} MBH. 4,1052. {#upavizwa#} (auch st. des verbi finiti) {%sich gesetzt habend, sitzend%} H. 492. HALĀY. 2,231"
PWG-L79870-MBH4.1416,4,1416,balAhaka,zu lesen,high,Bomb,quote-exact,"04,40.21",confirmed,local-GRETIL,balAhakAdapi mataH,"H. 1,1289. 2122. 3,12540. 4,1416 (wo mit der ed. Bomb. {#balAhakAdapi mataH#} zu lesen ist). 1754. 2030. 5,4615. <ls"
PWG-L48093-MBH4.1768,4,1768,pratardana,zu lesen,high,,quote-exact,"13,31.34",confirmed,local-GRETIL,sapratardanaH,"BH."">2,320. 329. 3,13302. 4,1768 (wo {#sapratardanaH#} zu lesen ist). 5,3977. 12,1773. 1795. <l"
PWG-L88549-MBH4.1918,4,1918,varD,zu lesen,high,Bomb,quote-exact,"01,43.12",confirmed,local-GRETIL,vyavarData,"vielleicht fehlerhaft für {#udvftta#}. — {#ni#} scheinbar MBH. 4,1918, wo aber mit der ed. Bomb. {#vyavarData#} zu lesen ist. — {#pari#} 1〉 {%heranwachsen, wachsen, zunehmen%}: {#rAjaputraH paryAptaM"
PWG-L88549-MBH4.1918,4,1918,varD,st.,medium,Bomb,quote-exact,"01,43.12",confirmed,local-GRETIL,vyavarData,"ls>. {#DarmaH#} M. 9,111. {#hfcCayaH#} MBH. 3,2088. 4,1918 ({#vyavarData#} st. {#nyavarData#} ed. Bomb.). {#taTA BUmikftaM dAnaM sasye sasye vivarDate#} <"
PWG-L14598-MBH4.1969,4,1969,katara,lies,high,,quote-exact,"04,56.4",confirmed,local-GRETIL,dakziRenATa vAmena katareRa svidasyati,"oH#} MBH. 1,3645. {#dakziRenATa vAmena katareRa svidasyati#} 4,1969. {#na cEtadvidmaH kataraM no#} (lies mit MBH. 6,884: {#kataranno#}) {#garIyo yadvA jayema yadi vA no jayeyuH#} BH"
PWG-L96281-MBH4.1977,4,1977,vyaD,fehlerhaft,high,Bomb,quote-exact,"03,30.1",confirmed,local-GRETIL,iti vidDi,"rAsIddvyaNgulamantaram ..#} 4,1700. — {#anividDaM#} 1977 fehlerhaft für {#iti vidDi#}, wie die ed. Bomb. liest. — Vgl. {#nivyADa"
PWG-L18517-MBH4.2016,4,2016,kUrma,lies,high,,quote-exact,"04,57.18",confirmed,local-GRETIL,nAgakUrmAm,"UK. 44,11. Am Ende eines adj. comp. f. {#A#} MBH. 4,2016 (lies: {#nAgakUrmAm#}). {#kUrmI#} {%Schildkrötenweibchen%} AK. 3,4,19,134. {#kUrmarAja"
PWG-L116719-MBH4.2086,4,2086,hA,st.,medium,,quote-exact,"04,32.35",confirmed,local-GRETIL,saMgrAmaSiraH,"MUṆḌ. UP. 3,1,3). — (einen Ort) {%verlassen%}: {#saMgrAmaSiraH#}"
PWG-L42582-MBH4.2269,4,2269,parAyaRa,st.,medium,,quote-exact,"04,65.8",confirmed,local-GRETIL,eza budDyADiko loke tapasAM ca parAyaRaH,"%} MBH. 1,8367. {#eza budDyADiko loke tapasAM ca parAyaRaH#} 4,2269 (vgl. R. 1,23,10, wo st. dessen das n. steht). {#cetastasya parAyaRAH#} {%seinem Sinne sich anschl"
PWG-L99812-MBH5.63,5,63,Siz,fehlerhaft,high,,quote-exact,"01,197.29",confirmed,local-GRETIL,na Sizyati,"ar fehlerhaft für {#Sezye#} (von 2. {#SI#}); vgl. 5,63. {#na Sizyati#} MĀRK. P. 51,113 fehlerhaft für {#naSizyati#}. — caus. {#Seza/yati#} ({#asarvopayoge#}) DHĀTU"
PWG-L50764-MBH5.121,5,121,prADAnya,fälschlich,medium,,quote-exact,"01,31.3",confirmed,local-GRETIL,praDAnyena,"ayizye sarvezAM prADAnyena tu me SfRu ..#} 1549. 5,121 (fälschlich {#praDAnyena#} gedr.). 598. ŚAṂK._zu_BṚH. ĀR."
PWG-L19764-MBH5.267,5,267,kram,lies,high,,quote-exact,"05,173.1",confirmed,local-GRETIL,nizkrAmanti,"m#}) ŚĀNTIŚ. 1,18. {#nikftte"
PWG-L81526-MBH5.426,5,426,yam,zu lesen,high,Bomb,quote-exact,"05,13.24",confirmed,local-GRETIL,prayatA ca,"n=""M."">11,258. MBH. 3,3010. 11931. 5,426 ({#prayatA ca#} mit der ed. Bomb. zu lesen). 12,9058. 13,382 ({#prayatAH#} mit der ed. Bomb."
PWG-L93006-MBH5.813,5,813,vilopa,zu schreiben,high,,quote-exact,"05,88.101",confirmed,local-GRETIL,avilopena Darmasya,"ls> (45,28 GORR.). {#sADu˚#} (so ist zu schreiben) MBH. 5,813. {#Darma˚#} 12,3566. {#avilopena Darmasya#} <ls n="
PWG-L47920-MBH5.1226,5,1226,praC,druckfehler,high,,quote-exact,"01,117.20",confirmed,local-GRETIL,prayacCanti,"n=""p"">— caus. {#pracCayati#} WEST. {#pracCayanti#} MBH. 5,1226 Druckfehler für {#prayacCanti#}. — desid. {#pipfcCizati#} P. 1,2,8. <ls"
PWG-L47920-MBH5.1226,5,1226,praC,fälschlich,medium,,quote-exact,"01,117.20",confirmed,local-GRETIL,prayacCanti,"n=""p"">— caus. {#pracCayati#} WEST. {#pracCayanti#} MBH. 5,1226 Druckfehler für {#prayacCanti#}. — desid. {#pipfcCizati#} P. 1,2,8. 7,2,75 (beim Schol. fälschlich {#pipra˚#}). VOP. 19,6. 7. — intens. {"
PWG-L62087-MBH5.1495,5,1495,mEtra,zu schreiben,high,,quote-exact,"05,39.36",confirmed,local-GRETIL,avaliptezu mUrKezu,"s>. {#avaliptezu mUrKezu#} u. s. w. {#na mEtrImAcaredbuDaH#} 5,1495. MĀRK. P. 50,65 (wo {#mEtrI gfhe#} zu schreiben ist). {#yadi mEtrI sTitA tvayi#} {%wenn du freundschaftliche Gesinnung hegst%} R. 6,"
PWG-L95253-MBH5.1663,5,1663,veda,zu lesen,high,Bomb,quote-exact,"03,148.26",confirmed,local-GRETIL,caturDA veda eva ca,"dvedAste bahavaH kftAH#} (im Dvāpara) MBH. 3,11253. 5,1663 [Page6-1358] ({#ekasya vedasyA˚#} mit der ed. Bomb. zu lesen). {#catvAraH#} H. 253. {#caturDA veda eva ca#} (im Dvāpara) MBH. 3,"
PWG-L68789-MBH5.1692,5,1692,fta,lies,high,,quote-exact,"05,44.7",confirmed,local-GRETIL,ftaM kurvan,",1,64. — c〉 {#ftaM kurvan#} (Jmd) {%die Wahrheit lehren"
PWG-L68789-MBH5.1692,5,1692,fta,st.,medium,,quote-exact,"05,44.7",confirmed,local-GRETIL,ftaM kurvan,",1,64. — c〉 {#ftaM kurvan#} (Jmd) {%die Wahrheit lehrend%} MBH. 5,1"
PWG-L82233-MBH5.2489,5,2489,yuD,zu schreiben,high,Bomb,quote-exact,"01,75.22",confirmed,local-GRETIL,anuyAsyAmi,"beistehen%} MBH. 6,5045 ({#anuyAsyAmi#} ed. Bomb.). 5,2489 ist {#ko nu yuDyeta#} zu schreiben. — {#aBi#} {%bekämpfen, besiegen; erkämpfen%}: {#soma^ no rA\yo BA\gama\Bi yu^"
PWG-L51570-MBH5.2516,5,2516,Palgu,lies,high,,quote-exact,"05,149.54",confirmed,local-GRETIL,Palgu yacca,"s>TBR. Comm. 179,15. {#sAraPalgu svasenAyAM yAvadihAsti kiMcit#} MBH. 5,2516. {#Palguvacca#} (lies {#Palgu yacca#}) {#balaM kiMcit yacca kfSadurbalam#} 5156. {#narahas"
PWG-L99812-MBH5.2638,5,2638,Siz,zu lesen,high,,quote-exact,"03,241.14",confirmed,local-GRETIL,kiM kAryamavaSizyate,"T. BR. 14,8,1,1. {#kiM kAryamavaSizyate#} MBH. 3,15222. 5,2638. {#neha BUyo 'nyajjYAtavyamavaSizyate#} BHAG. 7,2. R. GORR. 2,116,23. RĀJA-TAR. 2,83. 3,178 (zu lesen {#yAminyA yAmaH sArDo 'va˚#}). BHĀG"
PWG-L36704-MBH5.2763,5,2763,DAv,lies,high,,quote-exact,"05,74.1",confirmed,local-GRETIL,baBAze tadanantaram,"en%}: {#sadaSvavatsamADAvat#} (lies {#˚van#}) {#baBAze tadanantaram#} MBH. 5,2763. — {#upa#} {%herzulaufe"
PWG-L106211-MBH5.2776,5,2776,saMbADa,zu lesen,high,,quote-exact,"05,74.13",confirmed,local-GRETIL,vigAQe yuDi saMbADe,">MBH. 7,1994. 3396. {#vigAQe yuDi saMbADe#} 5,2776. MĀRK. P. S. 657, Z. 5 ({#saMbADe#} zu lesen). {#harisEnyEH ˚vartiBiH#} (v. l. {#˚vartmaBiH#}) RAGH. 12,67. {#anyo'n"
PWG-L108547-MBH5.3255,5,3255,sAMprata,st.,medium,,quote-exact,"01,144.10",confirmed,local-GRETIL,asAMpratam,"{#karman#} BHĀG. P. 9,18,11. {#asAMpratam#} adv. MBH. 5,3255. HARIV. 299. Spr. (II) 3399. — b〉 {%jetzig, gegenwärtig%} HARIV. 364 ({#sAMprataM#} st. {#sAMprate#} die neuere Ausg.). 410. 441"
PWG-L51094-MBH5.3261,5,3261,prItiBojya,st.,medium,,quote-exact,"05,89.25",confirmed,local-GRETIL,saMprItiBojyAnyannAni,"MBH. 5_im_ŚKDR. Die gedr. Ausg. (5,3261) liest st. dessen: {#saMprItiBojyAnyannAni#}."
PWG-L46350-MBH5.3533,5,3533,puzkara,lies,high,,quote-exact,"01,111.10",confirmed,local-GRETIL,puzkarekzaRa,"s>. {#puzkarekzaRa#} MBH. 1,4704. 8010. 5,3533. R. 2,61,8. {#˚palASa#} CHĀND. UP. 4,14,3. {#yaTA ca parRe puskarasyAvasiktaM#} (lies: {#puzkara˚#}) {#jalaM na tizWet#} MBH. 3,255. {#˚pattra#} Spr. 21."
PWG-L110789-MBH5.3588,5,3588,subala,st.,medium,Bomb,quote-exact,"03,249.8",confirmed,local-GRETIL,ikzvAkurAjYaH subalasya,"eines mythischen Vogels ({#suparRa#}), Sohnes des Vainateya, MBH. 5,3588. — e〉 st. {#ikzvAkurAjYaH subalasya#} MBH. 3,15596 liest die ed. Bomb. {#i˚"
PWG-L61164-MBH5.3629,5,3629,muharaparRaka,fehlerhaft,high,,quote-exact,"05,101.13",confirmed,local-GRETIL,mudgaraparRaka,"{#muharaparRaka#}¦ MBH. 5,3629 fehlerhaft für {#mudgaraparRaka#}."
PWG-L94757-MBH5.3630,5,3630,vftta,fehlerhaft,high,Bomb,quote-exact,"01,31.10",confirmed,local-GRETIL,vfttasaMvartakO,",1555 ({#vfttasaMvartakO#} mit der ed. Bomb. zu lesen). 5,3630. — e〉 fehlerhaft für {#vftra#} (so ed. Bomb.) MBH. 12,3660. — 3〉 f.</lex"
PWG-L55166-MBH5.3926,5,3926,BU,lies,high,,quote-exact,"02,46.35",confirmed,local-GRETIL,saMBAvitasya cAkIrtirmaraRAdatiricyate,"et%}: {#saMBAvitasya cAkIrtirmaraRAdatiricyate#} BHAG. 2,34. MBH. 5,3926. Spr. 3139. {#prajYAsaMBAvito#} (lies {#prAjYA˚#}) {#nUnamaprajYErupasaMhitaH#} MBH. 13,5895. {#Atma˚#} {%der sich sel"
PWG-L50694-MBH5.4146,5,4146,prAtikUlya,zu lesen,high,,quote-exact,"05,122.23",confirmed,local-GRETIL,yo 'rTakAmasya vacanaM prAtikUlyAnna,"."">5,1724. {#yo 'rTakAmasya vacanaM prAtikUlyAnna#} (so ist auch 5,4146 zu lesen) {#mfzyate#} 12,3510. {#a˚#} ŚĀṆḌ. 44."
PWG-L113928-MBH5.4283,5,4283,sTA,zu lesen,high,Bomb,quote-exact,"01,66.1",confirmed,local-GRETIL,prAtizWata,"MBH."">2,32. 3,2307. 9961. 5,4283 ({#prAtizWata#} mit der ed. Bomb. zu lesen). R. 2,52,87. 75,14. 3,50,28. RAGH. 1,89<"
PWG-L37587-MBH5.4600,5,4600,nandi,zu lesen,high,,quote-exact,"05,133.18",confirmed,local-GRETIL,ato me BUyasI nandiryadevamanupaSyasi,"st {#'strI#} zu lesen wäre. {#ato me BUyasI nandiryadevamanupaSyasi#} MBH. 5,4600. {#mAtApitrornandika"
PWG-L96302-MBH5.4761,5,4761,vyapanaya,st.,medium,Calc,quote-exact,"05,139.7",confirmed,local-GRETIL,kuryAdasmadviDaH kaTam,"b> {#˚vyapayanaM#} der ed. Calc.) {#kuryAdasmadviDaH kaTam#} MBH. 5,4761</"
PWG-L103786-MBH5.5209,5,5209,sajjay,zu lesen,high,,quote-exact,"08,50.36",confirmed,local-GRETIL,sajjyantAM,"4418. {#AyuDam#} R. 7,68,18 (med.). {#nAgAn#} MBH. 5,5209. {#sEnyAni#} KATHĀS. 88,25. {#sajjayamAnA kariRI#} 13,17. PRAB. 78,13 ({#sajjyantAM#} zu lesen). med. {%sich bereit machen%}: {#sajjayaDvam#} "
PWG-L88503-MBH5.5361,5,5361,vart,fehlerhaft,high,Bomb,quote-exact,"01,39.16",confirmed,local-GRETIL,nivartizye,",12. — 5〉 {%zurückkehren%}, fehlerhaft für {#nivart#} MBH. 5,5361 ({#nivartizye#} ed. Bomb.). KATHĀS. 26,1"
PWG-L88503-MBH5.5361,5,5361,vart,fehlerhaft,high,Bomb,quote-exact,"01,39.16",confirmed,local-GRETIL,nivartizye,",12. — 5〉 {%zurückkehren%}, fehlerhaft für {#nivart#} MBH. 5,5361 ({#nivartizye#} ed. Bomb.). KATHĀS. 26,114. PAÑCAR. 1,14,68. — 6〉 {#nirvftta#} fehlerhaft für {#nirvfta#} MBH. 1,775 ({#sunirvftA#} ed"
PWG-L54756-MBH5.5411,5,5411,BAz,st.,medium,Bomb,quote-exact,"05,157.1",confirmed,local-GRETIL,saMBAzitvA ca,"ab> 1〉 {%sich mit Jmd%} (instr.) {%unterhalten%} MBH. 5,5411 ({#saMBAzitvA ca#} st. {#saMBAzayitvA#} ed. Bomb.). {%Jmd%} (acc.) {%anreden%}: {#kaTaM s"
PWG-L91581-MBH5.5971,5,5971,vid,zu lesen,high,,quote-exact,"05,171.6",confirmed,local-GRETIL,avidite pituH,schon das Metrum zeigt). {#avidite pituH#} {%ohne Wissen des Vaters%} MBH. 5
PWG-L91581-MBH5.5971,5,5971,vid,st.,medium,,quote-exact,"05,171.6",confirmed,local-GRETIL,avidite pituH,schon das Metrum zeigt). {#avidite pituH#} {%ohne Wiss
PWG-L96006-MBH5.6073,5,6073,vEvAhika,zu lesen,high,,quote-exact,"05,7.23",confirmed,local-GRETIL,yanmayoktaM virAwasya purA vEvAhike tadA,"{#yanmayoktaM virAwasya purA vEvAhike tadA#} 5,157. 6073 (wo wohl {#tattu#} zu lesen ist; nach NĪLAK. {%zur Hochzeit gerüstet, — geschmückt%}). R. 1,71,23 ("
PWG-L32377-MBH5.7016,5,7016,dah,lies,high,,quote-exact,"02,55.16",confirmed,local-GRETIL,vfkzAnaNgArakArIva mEnAnDAkzIH samUlakAn,">. {#vfkzAnaNgArakArIva mEnAnDAkzIH samUlakAn#} MBH. 2,2109. 5,7016. {#aDakzaM#} (lies {#aDakzyaM#}) {#tAnahaM krUrAMstadA sarvAn#} 7,2541. {#dahat#} (imp"
PWG-L37694-MBH5.7143,5,7143,nam,zu lesen,high,,quote-exact,"03,21.21",confirmed,local-GRETIL,SarARAM nataparvaRAm,"ingefallen, nicht hervorstehend, vertieft%}: {#SarARAM nataparvaRAm#} MBH. 5,7143. ŚĀK. 162 (wo {#aDunA nata˚#} zu lesen ist). {#natodara#} MBH. 7,2735. {#natanABi#} KUMĀRAS. 1,38. {#natonnata"
PWG-L67391-MBH5.7152,5,7152,Ir,zu lesen,high,Calc,quote-exact,"08,40.86",confirmed,local-GRETIL,preritahayaH,"— {#samud#} caus.: {#vAyunA samudIritAH (SarAH)#} MBH. 5,7152. — Vgl. {#samudIraRa, samudIrRa#}. — {#pra#} caus.: {#preritahayaH#} (so ist mit der ed. Calc. zu lesen) {%angetrieben%} RĀJA-TAR. 5,329. "
PWG-L86208-MBH5.7207,5,7207,lAGava,zu lesen,high,,quote-exact,"01,123.14",confirmed,local-GRETIL,lAGavaM ca,"""P. 5,1,"">131. 1〉 {%Schnelligkeit, Geschwindigkeit%} MBH. 5,7207. R. 4,42,4 ({#lAGavaM ca#} zu lesen). {#gati˚#} MALLIN._zu_KUMĀRAS. 1,15. — 2〉 {%Geschicklichkei"
PWG-L103877-MBH5.7278,5,7278,saMjYA,zu schreiben,high,,quote-exact,"01,176.7",confirmed,local-GRETIL,asaMjYatva,"/ls>. {#upalaBya#} R. SCHL. 2,62,3. {#Apa#} 2. {#saMprApya#} MBH. 5,7278. {#upAgamya#} R. 4,29,3. {#IzatsaMjYa#} (so zu schreiben) R. GORR. 2,16,33. {#a˚#} R. SCHL. 2,39,3. {#asaMjYatva#} MBH. 14,1"
PWG-L54581-MBH5.7283,5,7283,BArata,st.,medium,,quote-exact,"01,38.18",confirmed,local-GRETIL,BAratasattama,"3. {#BAratasattama#} (st. des gewöhnlichen {#Barata˚#}) MBH. 5,7283. 955. <div n"
PWG-L97013-MBH5.7287,5,7287,Sak,zu lesen,high,Bomb,quote-exact,"05,185.21",confirmed,local-GRETIL,SekurAkASagAstadA,"2,39,8. 3,52,19. RAGH. 3,58. {#SekuH#} MBH. 5,7287 (mit der ed. Bomb. zu lesen {#SekurAkASagAstadA#}). {#aSakat#} 1,2246. 7230. <"
PWG-L82186-MBH5.7362,5,7362,yuj,fehlerhaft,high,Bomb,quote-exact,"05,187.34",confirmed,local-GRETIL,vimokzyasi,">— 3〉 in der Stelle {#vratasTA ca SarIraM tvaM yadi nAma viyokzyasi#} MBH. 5,7362 fehlerhaft für {#vimokzyasi#}, wie die ed. Bomb. liest und wie schon BENFEY vermut"
PWG-L43511-MBH5.7384,5,7384,paryaya,zu lesen,high,,quote-exact,"03,176.19",confirmed,local-GRETIL,kasmAccitkAlaparyayAt,". {#kasmAccitkAlaparyayAt#} dass. 3,12414. 5,7384. {#kAlaparyAyeRa#} (es ist wohl {#˚paryayeRa#} zu lesen) dass. VET. in LA. 21,18. {#mA BUtkAlasya paryayaH#} so v. a."
PWG-L65126-MBH5.7462,5,7462,arTay,zu lesen,high,,quote-exact,"05,192.6",confirmed,local-GRETIL,saMbanDakaM cEva samarTya tasmin,"EvAt#} zu lesen. — 6〉 {#saMbanDakaM cEva samarTya tasmin#} MBH. 5,7462. {#yena mama v"
PWG-L12570-MBH5.7477,5,7477,ullApika,zu lesen,high,,quote-exact,"05,192.21",confirmed,local-GRETIL,lAjollApikaDUmAQya,"{#ullApika#}¦ (?): {#lAjollApikaDUmAQya#} ({#sTURaBavana#}) MBH. 5,7477. Ist etwa {#ulapika#} (von {#ulapa#}) zu lesen?"
PWG-L61647-MBH5.7477,5,7477,mfttikA,fälschlich,medium,,quote-exact,"05,192.21",confirmed,local-GRETIL,suDAmfttikalepana,"61,3. Verkürzt aus metrischen Rücksichten: {#suDAmfttikalepana#} MBH. 5,7477 (BENF. Chr. 57,3 fälschlich {#mfttikA#} gedr.). Am Ende eines adj. comp.: {#apAstamfttika#} KAT"
PWG-L45612-MBH5.7492,5,7492,puMliNga,lies,high,,quote-exact,"05,193.2",confirmed,local-GRETIL,dAsye puMliNgaM svamidaM tava,"nnlichkeit%}: {#dAsye puMliNgaM svamidaM tava#} MBH. 5,7489. 7492. {#puMliNgaM sarvamISAnaM#} (lies {#Sarva˚#}) {#strIliNgaM vidDi cApyumAm#} 13,828. in grammatischem Sinn"
PWG-L65270-MBH5.7521,5,7521,alam,lies,high,,quote-exact,"01,89.55",confirmed,local-GRETIL,svalaMkfta,"ab> 9,5,7,4. — {#alaMkfta#} CHĀND. UP. 8,8,2. {#svalaMkfta#} <"
PWG-L65270-MBH5.7521,5,7521,alam,st.,medium,,quote-exact,"01,89.55",confirmed,local-GRETIL,svalaMkfta,"ab> 9,5,7,4. — {#alaMkfta#} CHĀND. UP. 8,8,2. {#svalaMkfta#} MBH. 5,7521</l"
PWG-L109138-MBH5.7524,5,7524,sic,st.,medium,Calc,quote-exact,"01,179.17",confirmed,local-GRETIL,asya mUrDni,"#siktasaMmfzWa#} gaṇa {#rAjadantAdi#} zu P. 2,2,31. MBH. 5,7524 ({#siktaM saMmfzwaSoBitam#} ed. Calc.). BHAṬṬ. 5,90. {#asya mUrDni#} (st. {#mUrDAnaM#}) {#ratnOGaDArayA . siYcantyO#} PAÑCAR. 3,15,9. oh"
PWG-L83556-MBH6.68,6,68,ram,zu lesen,high,,quote-exact,"06,3.1",confirmed,local-GRETIL,ramante mAtfBiH sutAH,"%pflegen der Liebe mit%} Spr. 764. {#ramante mAtfBiH sutAH#} MBH. 6,68. KATHĀS. 56,292. VOP. 5,30. BRAHMA-P. in LA. (III) 55,11. {#sA ca grAmasOKyena#} (so ist zu lesen) {#daRqanAyakena tatputreRa ca "
PWG-L51306-MBH6.82,6,82,prOzWapada,fälschlich,medium,,quote-exact,"13,109.27",confirmed,local-GRETIL,prOzWapadA,">. — {#prOzWapadA#} und {#˚pada#} hier und da fälschlich für {#pro˚#} MBH. 6,82. MĀRK. P. 33,15. 58,48."
PWG-L87192-MBH6.85,6,85,vakra,zu lesen,high,,quote-exact,"05,141.8",confirmed,local-GRETIL,kftvA cANgArako vakraM jyezWAyAm,"laneten%}: {#kftvA cANgArako vakraM jyezWAyAm#} MBH. 5,4841. 6,85 (wo {#SravaRe#} zu lesen ist). HARIV. 4257. 9875. VARĀH. BṚH. S. 1,10. <ls n"
PWG-L56015-MBH6.137,6,137,BrAjizmant,zu lesen,high,Bomb,quote-exact,"06,4.20",confirmed,local-GRETIL,BrAjizmatI,"rAjizmant#}¦ (von {#BrAjis#}) adj. {%glänzend, strahlend%} MBH. 6,137 ({#BrAjizmatI#} mit der ed. Bomb. zu lesen). 12,3764."
PWG-L93809-MBH6.184,6,184,vizamIBAva,fehlerhaft,high,,quote-exact,"06,6.8",confirmed,local-GRETIL,vizamIBAvamAviSanti,"m. {%Störung des Gleichgewichts%}: {#vizamIBAvamAviSanti#} MBH. 6,184. st. dessen fehlerhaft {#vizayIBAvamAcaranti#} 3,13929."
PWG-L93809-MBH6.184,6,184,vizamIBAva,st.,medium,,quote-exact,"06,6.8",confirmed,local-GRETIL,vizamIBAvamAviSanti,"m. {%Störung des Gleichgewichts%}: {#vizamIBAvamAviSanti#} MBH. 6,184. st. dessen fehlerhaft {#vizayIBAvamAcaranti#} 3,13929."
PWG-L41452-MBH6.186,6,186,paYcaBOtika,fehlerhaft,high,,quote-exact,"03,202.10",confirmed,local-GRETIL,paYcaBOtika,"{#paYcaBOtika#}¦ MBH. 6,186 fehlerhaft für {#pAYca˚#}."
PWG-L53632-MBH6.341,6,341,brAhmaRa,fehlerhaft,high,Calc,quote-exact,"12,198.4",confirmed,local-GRETIL,brAhmaRikA,"l. {#brAhmaRikA#}. — d〉 N. pr. eines Flusses MBH. 6,341 ({#brahmARI#} ed. Calc.) 3,8036. LIA. I, 85. — e〉 fehlerhaft für {#brahmARI#} WILSON, Sel. Works I, 21. — 4〉 n. pro"
PWG-L56863-MBH6.349,6,349,madra,st.,medium,Bomb,quote-exact,"06,10.40",confirmed,local-GRETIL,madraBujiNgAH,"8,2093. {#madraBujiNgAH#} ({#madrakaliNgAH#} ed. Bomb.) 6,349 (VP. 187). {#madreSa#} (so ed. Bomb. st. {#madraja#}) 7,1602. VARĀH. BṚH. S. 14,33. {#madreSvara#}"
PWG-L82571-MBH6.374,6,374,yoniveSa,st.,medium,Bomb,quote-exact,"06,10.65",confirmed,local-GRETIL,kzatriyopaniveSASca,"{#yoniveSa#}¦ in der Stelle: {#kzatriyA yoniveSASca#} MBH. 6,374. st. dessen {#kzatriyopaniveSASca#} ed. Bomb.; noch andere Lesarten verzeichnet"
PWG-L113545-MBH6.731,6,731,stanayitnumant,fehlerhaft,high,Calc,quote-exact,"01,217.22",confirmed,local-GRETIL,stanayitnu,"¦ (von {#stanayitnu#}) adj. {%von Donner begleitet%}: Wind MBH. 6,731 (ed. Calc. fehlerhaft {#˚vant#}). 7,9029."
PWG-L27320-MBH6.785,6,785,jAmbUnada,zu lesen,high,,quote-exact,"06,22.9",confirmed,local-GRETIL,parArDyajAmbUnadahemacitra,"asya kanakasya#} MBH. 7,2388. {#parArDyajAmbUnadahemacitra#} 6,785. HARIV. 13099 (wo so zu lesen ist). {#yadidaM nirgataM tasyAstaptajAmbUnadapraBam . kAYcanaM DaraRIM prAptaM hiraRyamaB"
PWG-L53140-MBH6.1239,6,1239,bfhant,zu lesen,high,,quote-exact,"06,32.35",confirmed,local-GRETIL,taTA sAmnAM gAyatrI CandasAmaham,"14,1. 2. {#bfhatsAma#} (so ist mit MBH. 6,1239 zu lesen) {#taTA sAmnAM gAyatrI CandasAmaham#} BHAG. 10,35. MBH. 3,14162. <ls n="
PWG-L57252-MBH6.1597,6,1597,man,st.,medium,Bomb,quote-exact,"04,8.26",confirmed,local-GRETIL,anumAnaye tvAm,"iss bitten%} MBH. 6,1549. fg. 1595. fg. 1597 ({#anumAnaye tvAm#} st. {#anumAnayitvA#} ed. Bomb.). 14,2109. R. 1,1,67"
PWG-L101797-MBH6.1628,6,1628,Sru,statt,medium,,quote-exact,"03,275.25",confirmed,local-GRETIL,tato 'ntarIkze vAgAsItsarvA viSrAvayan,">R. 7,33,16. — 3〉 {%erschallen machen%}: {#dunduBim#} MBH. 6,1628. {#tato 'ntarIkze vAgAsItsarvA viSrAvayan#} (statt {#˚SrAvayantI#}) {#diSaH#} 3,16556. — {#aBivi#}, partic."
PWG-L90149-MBH6.1763,6,1763,vAraRa,st.,medium,Bomb,quote-exact,"01,1.87",confirmed,local-GRETIL,varavAraRa,". 1,"">2826. 6005. 3,2857. 6,1763 ({#varavAraRa#} ed. Bomb. st. {#raRavAraRa#}). 8,457. 14,2184. <ls n=""MBH. 14,"
PWG-L83366-MBH6.1894,6,1894,raTacakra,st.,medium,Bomb,quote-exact,"08,19.32",confirmed,local-GRETIL,raTacakrARi,"n=""KAUŚ."">15. MBH. 3,12093. 12169. 6,1894 ({#raTacakrARi#} [Page6-0256] ed. Bomb. st. {#˚cakrASca#} der ed. Calc.). R. 4,60,9. KĀM. NĪTIS. 8,2."
PWG-L89199-MBH6.1919,6,1919,vah,st.,medium,Bomb,quote-exact,"01,68.50",confirmed,local-GRETIL,lokayAtrAm,"#} R. ed. Bomb. 2,109,27. <di"
PWG-L28811-MBH6.2120,6,2120,tam,st.,medium,,quote-exact,"01,104.9",confirmed,local-GRETIL,tAmayantaH,"abe von Zahlen) auf: {#punaryudDAya saMjagmustAmayantaH parasparam#}; MBH. 6,2120 haben wir dieselben Worte, aber {#tApayAnAH#} st. {#tAmayantaH#}. — {#A#} = simpl. 1: {#tasya tvAtAmyamAnasya taM"
PWG-L103843-MBH6.2421,6,2421,saYj,fehlerhaft,high,Calc,quote-exact,"13,142.4",confirmed,local-GRETIL,vyatizikta,"atizaktaraTadvipam#} MBH. 6,1865. 2125. 2421 (an den beiden letzten Stellen ed. Calc. fehlerhaft {#vyatizikta#}). 3506. 9,531. HARIV. 5028"
PWG-L71699-MBH6.2463,6,2463,kozWaka,zu lesen,high,Bomb,quote-exact,"06,97.30",confirmed,local-GRETIL,kozWakIkftya,"{#kozWaka#}¦ 2〉 {#kozWakIkftya#} auch MBH. 6,2463, wo mit der ed. Bomb. {#raTavfndena#} st. {#raTavaMSena#} zu lesen ist. — 5〉 = {#kozWa#} 8〉 VARĀH. BṚH. S. 53,46."
PWG-L71699-MBH6.2463,6,2463,kozWaka,st.,medium,Bomb,quote-exact,"06,97.30",confirmed,local-GRETIL,kozWakIkftya,"{#kozWaka#}¦ 2〉 {#kozWakIkftya#} auch MBH. 6,2463, wo mit der ed. Bomb. {#raTavfndena#} st. {#raTavaMSena#} zu lesen ist. — 5〉 = {#kozWa#} 8〉 VARĀH. BṚH. S. 53,4"
PWG-L61706-MBH6.2591,6,2591,mfdu,zu lesen,high,Bomb,quote-exact,"06,55.63",confirmed,local-GRETIL,pArTasya mfduyudDatAm,"BH. 14,1416. {#pArTasya mfduyudDatAm#} 6,2572. 2591 (mit der ed. Bomb. {#˚yudDatAM#} zu lesen). {#˚kopa#} VARĀH. BṚH. S. 68,111. {#˚saMcaratkara#} Spr. 1709. {#˚pray"
PWG-L91871-MBH6.3030,6,3030,viDAna,fehlerhaft,high,Bomb,quote-exact,"06,63.15",confirmed,local-GRETIL,devo niDAnaM,"erhaft für {#taTAviDa#} (wie die v. l. hat); {#devaviDAnaM#} MBH. 6,3030 fehlerhaft für {#devo niDAnaM#}, wie die ed. Bomb. liest. Vgl. {#AcCadviDAna, fgvi"
PWG-L96821-MBH6.3142,6,3142,vraj,fehlerhaft,high,Bomb,quote-exact,"01,1.116",confirmed,local-GRETIL,pravrAjita,"taM karma tyAjayitum#} NILAK. — 3〉 {#pravrAjita#} MBH. 6,3142 fehlerhaft für {#pravrajita#}, wie die ed. Bomb. liest. — Vgl. {#pravrA"
PWG-L43920-MBH6.3186,6,3186,pA,lies,high,,quote-exact,"06,58.11",confirmed,local-GRETIL,Ballena pItena niSitena,"9. {%getränkt, eingetaucht in Oel%}: {#Ballena pItena niSitena#} MBH. 6,3186. {#sitapItAByAM#} (lies {#Sita˚#}) {#kzurAByAm#} 7,1078. {%imbibirt, voll von%}: {#pItaH sa SOc"
PWG-L82848-MBH6.3760,6,3760,rakz,zu lesen,high,,quote-exact,"05,59.10",confirmed,local-GRETIL,rirakzizantaH,"htigen vor%} (abl.): {#rirakzizantaH#} MBH. 5,2368. 6,3760 ({#rira˚#} zu lesen). 4695. — intens.: {#rakzA^ Ro agne\ tava\ rakza"
PWG-L99439-MBH6.4041,6,4041,Siras,zu lesen,high,,quote-exact,"04,32.35",confirmed,local-GRETIL,saMgrAmaSiraso maDye,"s>KATHĀS. 48,138. {#saMgrAmaSiraso maDye#} MBH. 4,1131. 6,4041. = {#senAgra#} MED. = {#senAgraBAga#} (so ist zu lesen) H. an. {#saraHSirasi#} PAÑCAR. 1,3,56. {#manovedaSirAMsi#} {%Anfang%}"
PWG-L109138-MBH6.4434,6,4434,sic,fehlerhaft,high,,quote-exact,"01,54.9",confirmed,local-GRETIL,mUrDAvasikta,/ab> und {#mUrDAvasikta#}. — cau
PWG-L107462-MBH6.4437,6,4437,sah,st.,medium,Bomb,quote-exact,"01,2.105",confirmed,local-GRETIL,protsAhana,"otsAhitam#} impers. PRAB. 102,2. {#protsAhayantaH#} MBH. 6,4437 schlechte Lesart in der ed. Bomb. st. {#protsAhayantaH#} der ed. Calc. Vgl. {#protsAhana#}. —"
PWG-L116085-MBH6.4527,6,4527,har,fehlerhaft,high,Bomb,quote-exact,"03,125.6",confirmed,local-GRETIL,kratuM tava,"n, vollbringen%}: {#kratuM tava#} R. 1,58,4. — {#samAhftya#} MBH. 6,4527 fehlerhaft für {#˚hatya#} (so ed. Bomb.). — 8〉 partic. {#˚hfta#} <div n"
PWG-L42109-MBH6.4613,6,4613,padma,lies,high,,quote-exact,"06,97.28",confirmed,local-GRETIL,sapadmAM padminImiva,"#} SĀH. D. 56,8. Spr. 691. {#sapadmAM padminImiva#} MBH. 6,4613. R. 5,18,6 (lies {#sapadmAmiva#}). 4,44,86. 87. HARIV. 13147</ls"
PWG-L42197-MBH6.4613,6,4613,padmin,zu lesen,high,,quote-exact,"06,97.28",confirmed,local-GRETIL,sapadmAM padminImiva,"tAM padminIM vAnyarUpAm#} MEGH. 81. {#sapadmAM padminImiva#} MBH. 6,4613. R. 5,18,6 ({#sapadmAmiva#} zu lesen). KATHĀS. 21,10. {#pattracCAyAsu — dIrGikApadminInAm#} MĀLAV. 33. {#vAr"
PWG-L92296-MBH6.5031,6,5031,vipracitta,fehlerhaft,high,Bomb,quote-exact,"01,59.21",confirmed,local-GRETIL,vipracitti,"{#vipracitta#}¦ MBH. 6,5031 fehlerhaft für {#vipracitti#}, wie die ed. Bomb. liest."
PWG-L22844-MBH6.5203,6,5203,gfDra,zu lesen,high,,quote-exact,"06,108.6",confirmed,local-GRETIL,gfDrA nilIyante,"#} (eher wohl {#gfDrA nilIyante#} zu lesen) {#BAratAnAM camUM prati#} MBH. 6,5203. {#gfDrI#} f. {%das Weibchen%}"
PWG-L86440-MBH6.5203,6,5203,lI,fehlerhaft,high,Bomb,quote-exact,"06,108.6",confirmed,local-GRETIL,gfDrARi lIyante,"n —, Verschwinden in%} PAÑCAR. 1,1,46. — {#gfDrARi lIyante#} MBH. 6,5203 fehlerhaft für {#gfDrA nilI˚#}, wie die ed. Bomb. liest; {#lIna#} fehlerhaft für {#nIla#} <"
PWG-L86440-MBH6.5203,6,5203,lI,fehlerhaft,high,Bomb,quote-exact,"06,108.6",confirmed,local-GRETIL,gfDrARi lIyante,"n —, Verschwinden in%} PAÑCAR. 1,1,46. — {#gfDrARi lIyante#} MBH. 6,5203 fehlerhaft für {#gfDrA nilI˚#}, wie die ed. Bomb. liest; {#lIna#} fehlerhaft für {#nIla#} MBH. 14,2693 (ed. Bomb. {#nIla#}). R."
PWG-L97991-MBH6.5649,6,5649,Saya,zu lesen,high,Bomb,quote-exact,"06,112.110",confirmed,local-GRETIL,SAlvASrayAH,"ILSON. — g〉 pl. N. pr. eines Volkes MBH. 6,5649 (ed. Bomb. {#SAlvASrayAH#} st. {#SAlvAH SayAH#}). — h〉 {#Sayasya vrataM sattrasyarDiH#} (so ist zu lesen) N. eines Sāman Ind. St. 3,239,a. — 3〉 n.</lex"
PWG-L97991-MBH6.5649,6,5649,Saya,st.,medium,Bomb,quote-exact,"06,112.110",confirmed,local-GRETIL,SAlvASrayAH,"ILSON. — g〉 pl. N. pr. eines Volkes MBH. 6,5649 (ed. Bomb. {#SAlvASrayAH#} st. {#SAlvAH SayAH#}). — h〉 {#Sayasya vrataM sattrasyarDiH#} (so ist zu lesen"
PWG-L23822-MBH6.5680,6,5680,grAha,zu lesen,high,,quote-exact,"06,114.104",confirmed,local-GRETIL,UrugrAhagfhItASca nAByaDAvanta pARqavAn,"ha#} {%Schenkellähmung%}: {#UrugrAhagfhItASca nAByaDAvanta pARqavAn#} MBH. 6,5680. So ist auch zu lesen AV. 11,9,12 st. {#urugrAha#} (wie schon u. d. W. verm"
PWG-L23822-MBH6.5680,6,5680,grAha,st.,medium,,quote-exact,"06,114.104",confirmed,local-GRETIL,UrugrAhagfhItASca nAByaDAvanta pARqavAn,"ha#} {%Schenkellähmung%}: {#UrugrAhagfhItASca nAByaDAvanta pARqavAn#} MBH. 6,5680. So ist auch zu lesen AV. 11,9,12 st. {#urugrAha#} (wie schon u. d. W. vermuthet worden ist) und MBH"
PWG-L58010-MBH7.70,7,70,marzaRIya,zu lesen,high,,quote-exact,"01,212.31",confirmed,local-GRETIL,nahi me marzaRIyo 'yamarjunasya vyatikramaH,"{#nahi me marzaRIyo 'yamarjunasya vyatikramaH#} MBH. 1,7961. 7,70 ({#marza˚#} zu lesen st. {#'marza˚#}) = 8,1730. PRAB. 55,2. [Page5-0596] {"
PWG-L58010-MBH7.70,7,70,marzaRIya,st.,medium,,quote-exact,"01,212.31",confirmed,local-GRETIL,nahi me marzaRIyo 'yamarjunasya vyatikramaH,"{#nahi me marzaRIyo 'yamarjunasya vyatikramaH#} MBH. 1,7961. 7,70 ({#marza˚#} zu lesen st. {#'marza˚#}) = 8,1730. PRAB. 55,2. [Page5-0596] {#na marz"
PWG-L51365-MBH7.92,7,92,plu,zu lesen,high,,quote-exact,"07,3.3",confirmed,local-GRETIL,srotasA yAmuneneva,"ls>. {#srotasA yAmuneneva#} (so ist zu lesen) {#SarOGeRa pariplutaH#} MBH. 7,92. {#harzeRAsmi pariplutaH#} 12,18"
PWG-L72334-MBH7.205,7,205,KAd,fehlerhaft,high,Calc,quote-exact,"07,6.26",confirmed,local-GRETIL,mAMsAni pipAsantaSca SoRitam,"{#biBakzizanto#} ed. Calc.) {#mAMsAni pipAsantaSca SoRitam#} MBH. 7,205. — {#A#}, {#AKAditadviradaSoRita#} MUDRĀR. 27,6 fehlerhaft für {#AsvAdita˚#}. — {#pra#} {%kauen, zerbeissen%}: {#pra yatKAda^ti\"
PWG-L88015-MBH7.661,7,661,vapu,fehlerhaft,high,Bomb,quote-exact,"07,15.42",confirmed,local-GRETIL,SUrAsTicaya,"s>MĀRK. P. 1,42. fgg. Vgl. {#vapus#}. — {#SUrAsTivapu#} MBH. 7,661 fehlerhaft für {#SUrAsTicaya#}, wie die ed. Bomb. liest."
PWG-L45139-MBH7.702,7,702,piRqa,zu lesen,high,,quote-exact,"07,16.30",confirmed,local-GRETIL,brahmasvahAriRaScEva rAjapiRqApahAriRaH,"5,4362. {#brahmasvahAriRaScEva rAjapiRqApahAriRaH#} [Page4-0709] 7,702. {#Bartf˚#} PAÑCAT. 71,4. {#saPalIkftaBartfpiRqastapasvI#} (so ist wohl zu lesen) MĀLAV. 68,18. {#piRqaspfhAM parityajya#} RĀJA-T"
PWG-L44683-MBH7.813,7,813,pArAvata,fälschlich,medium,,quote-exact,"07,19.22",confirmed,local-GRETIL,pArAvatasavarRASva,"s>MBH. 7,953. Daher führt er den Beinamen {#pArAvatasavarRASva#} 813 (fälschlich {#pAravatasu˚#} 816) und {#pAravatASva#} 6,2331. — c〉 {%eine"
PWG-L51215-MBH7.986,7,986,prezyakara,fehlerhaft,high,,quote-exact,"07,22.20",confirmed,local-GRETIL,yantuH prezyakarA hayAH,">adj. {%Jmdes Befehle ausführend%}: {#yantuH prezyakarA hayAH#} MBH. 7,986. Wohl fehlerhaft für {#prezakara#}."
PWG-L84873-MBH7.1028,7,1028,ruc,fehlerhaft,high,Bomb,quote-exact,"06,69.29",confirmed,local-GRETIL,atyarocata,"cate#} MBH. 8,1400. — {#prati#}, {#pratyarocata#} MBH. 7,1028 fehlerhaft für {#atyarocata#}, wie die [Page6-0378] ed. Bomb. liest. — caus. a"
PWG-L88503-MBH7.1046,7,1046,vart,zu lesen,high,Bomb,quote-exact,"07,23.1",confirmed,local-GRETIL,ye nyavartanta,"ls>. 4,3,5. — {#nyava#} scheinbar MBH. 7,1046, wo aber mit der ed. Bomb. {#ye nyavartanta#} st. {#nyavavartanta#} zu lesen ist. — {#samava#} caus. {%zuwenden, kehren gegen%} ŚAT. BR. 3,5,3"
PWG-L88503-MBH7.1046,7,1046,vart,st.,medium,Bomb,quote-exact,"07,23.1",confirmed,local-GRETIL,ye nyavartanta,"ls>. 4,3,5. — {#nyava#} scheinbar MBH. 7,1046, wo aber mit der ed. Bomb. {#ye nyavartanta#} st. {#nyavavartanta#} zu lesen ist. — {#samava#} caus. {%zuwenden, k"
PWG-L112767-MBH7.1200,7,1200,soQar,fehlerhaft,high,,quote-exact,"07,26.6",confirmed,local-GRETIL,SastranipAtAnAmagnisparSasya ca,"zyati#} R. GORR. 1,38,9. {#SastranipAtAnAmagnisparSasya ca#} MBH. 7,1200. = {#marzaRa#} H. an. 2,132. = {#titikzAsaMyukta#} MED. ḍh. 5. = {#Sakta#} ({#sakta#} fehlerhaft H. an.) H. an. MED."
PWG-L94954-MBH7.1610,7,1610,vfndAraka,fälschlich,medium,Calc,quote-exact,"03,124.10",confirmed,local-GRETIL,vfndArakaM,"b> eines der 100 Söhne des Dhṛtarāṣṭra MBH. 1,4547. 7,1610. {#vfndArakaM#} ({#vfkzArakaM#} fälschlich ed. Calc.) {#vIraM kurURAM kIrtivarDanam#} 1872. <div n=""v"""
PWG-L88549-MBH7.2160,7,2160,varD,fehlerhaft,high,,quote-exact,"01,3.150",confirmed,local-GRETIL,parivartay,artay#} {%umwandeln%}: {#sarvaM tatkAYcanamayaM kAlena parivarDitam#} MBH.
PWG-L27356-MBH7.2232,7,2232,jArUTya,zu lesen,high,,quote-exact,"03,275.69",confirmed,local-GRETIL,daSASvameDAnAjahre jArUTyAnsa nirargalAn,": {#daSASvameDAnAjahre jArUTyAnsa nirargalAn#} MBH. 3,16601. 7,2232 (wo {#sa jArUTyam#} zu lesen ist). 12,952. HARIV. 2344. {#jArutTya#} R. 6,113,10."
PWG-L40057-MBH7.2361,7,2361,nizka,lies,high,,quote-exact,"03,24.2",confirmed,local-GRETIL,hiraRyanizkAn,"rAhmaReByo 'dadannizkaM#} (lies {#nizkAn#}) {#sOvarRasya praBAvataH#} MBH. 7,2361. fgg. {#hiraRyanizkAn#} <ls n="
PWG-L45729-MBH7.2403,7,2403,puRyajana,lies,high,,quote-exact,"01,70.3",confirmed,local-GRETIL,daSa prAcetasaH,"zAMsi sarpAH#} [Page4-0760] {#pu˚ pitaraH#} 6,16. MBH. 7,2403. HARIV. 80. {#daSa prAcetasaH#} (lies {#prace˚#}) {#putrAH santaH puRyajanAH smftAH#} MBH. 1,3129. als Beiw."
PWG-L91581-MBH7.2615,7,2615,vid,st.,medium,Bomb,quote-exact,"03,7.5",confirmed,local-GRETIL,paryadevayat,"R. 14,22. Bisweilen fälschlich für {#paridevay#}, z. B. MBH. 7,2615, wo die ed. Bomb. {#paryadevayat#} st. {#parivedayan#} der ed. Calc. liest; st. {#parivedita#} R. 2,3"
PWG-L91581-MBH7.2615,7,2615,vid,st.,medium,Bomb,quote-exact,"03,7.5",confirmed,local-GRETIL,paryadevayat,"R. 14,22. Bisweilen fälschlich für {#paridevay#}, z. B. MBH. 7,2615, wo die ed. Bomb. {#paryadevayat#} st. {#parivedayan#} der ed. Calc. liest; st. {#parivedita#} R. 2,39,40 (38,50 GORR.) hat die ed."
PWG-L42113-MBH7.2674,7,2674,padmakarRika,fehlerhaft,high,,quote-exact,"07,53.27",confirmed,local-GRETIL,padmakarRikamaDyasTa,"orm einer Wasserrose aufgestellten Heeres%}: {#padmakarRikamaDyasTa#} MBH. 7,2674. Wohl nur fehlerhaft für {#˚karRikA#}."
PWG-L114678-MBH7.2725,7,2725,syamantapaYcaka,fehlerhaft,high,Bomb,quote-exact,"07,121.41",confirmed,local-GRETIL,syamantapaYcaka,"{#syamantapaYcaka#}¦ MBH. 6,7. 7,2725. BHĀG. P. 10,82,2 fehlerhaft für {#samanta˚#}, wie die ed. Bomb. des MBH. liest."
PWG-L88503-MBH7.3077,7,3077,vart,fehlerhaft,high,,quote-exact,"01,144.17",confirmed,local-GRETIL,pitfpEtAmahaM rAjyam,"BHĀG. P. 2,7,27. {%abhanden gekommen%}: {#pitfpEtAmahaM rAjyam#} MBH. 7,3077. Oefters fehlerhaft für {#apavfkta#} (s. u. {#varj#} mit {#apa#}) {%absolvirt%}, z. B. {#yU"
PWG-L88101-MBH7.3123,7,3123,var,st.,medium,Bomb,quote-exact,"07,64.3",confirmed,local-GRETIL,aBihArayatsu,"H. 4,"">1508. 5,5829. 7,3131 (3123 liest die ed. Bomb. {#aBihArayatsu#} st. {#AvArayatsu#}). {%hemmen%}: {#sAradAruBirapAM saMpAtamAvArayet#} VARĀH. BṚH. S."
PWG-L112096-MBH7.3383,7,3383,sUci,fehlerhaft,high,Bomb,quote-exact,"07,68.44",confirmed,local-GRETIL,aSucIn jawilAnanAn,". — Hier und da fehlerhaft {#SU˚#} geschrieben. {#SUcIjawilalAlasAn#} MBH. 7,3383 fehlerhaft für {#aSucIn jawilAnanAn#}, wie die ed. Bomb. liest (hiernach ist das in den Nac"
PWG-L82614-MBH7.3640,7,3640,yODizWira,st.,medium,Bomb,quote-exact,"07,73.29",confirmed,local-GRETIL,yODizWirAH sTitAH,"— 2〉 m. patron. MBH. 6,1732. 7,3640 ({#yODizWirAH sTitAH#} st. {#yODizWirAdayaH#} ed. Bomb.). f. {#I#} HARIV. 9196."
PWG-L103162-MBH7.3800,7,3800,saMsTa,zu lesen,high,Bomb,quote-exact,"07,158.7",confirmed,local-GRETIL,karRo hastasaMsTayA,"3,698. {#pAtAlatala˚#} 15757. 7,3800 ({#karRo hastasaMsTayA#} mit der ed. Bomb. zu lesen). {#drOpadItalpa˚#} 8,3505. R. 4,45,9. {#ari˚#} 5,3"
PWG-L111856-MBH7.3862,7,3862,susaMgraha,fehlerhaft,high,Bomb,quote-exact,"03,6.20",confirmed,local-GRETIL,sasaMgraha,"d. Oxf. H. 315,a, No. 748, Z. 9. Vgl. {#sArAtsAra˚#}. — MBH. 7,3862 fehlerhaft für {#sasaMgraha#}, wie die ed. Bomb. [Page7-1144] liest."
PWG-L106241-MBH7.4230,7,4230,saMBAvana,zu lesen,high,,quote-exact,"05,139.18",confirmed,local-GRETIL,mama pArTasya coBayoH,"lokasya#} (subj.) {#mama pArTasya coBayoH#} (obj.) MBH. 7,423"
PWG-L88503-MBH7.5406,7,5406,vart,fehlerhaft,high,,quote-exact,"08,20.6",confirmed,local-GRETIL,udvfttalocana,"haft für {#udvfta#} {%weit geöffnet, aufgerissen%}: {#udvfttalocana#} MBH. 7,5406. {#"
PWG-L83441-MBH7.5940,7,5940,raTANga,st.,medium,Bomb,quote-exact,"08,66.41",confirmed,local-GRETIL,cakraM tu,"BHĀG. P."">11,2,39. — d〉 {%die Scheibe eines Töpfers%} MBH. 7,5940. {#cakraM tu#} die ed. Bomb. st. {#raTANgaM#} der ed. Calc. — 2〉 m. Anas Casarca"
PWG-L86658-MBH7.6519,7,6519,lokatA,zu lesen,high,Bomb,quote-exact,"07,125.25",confirmed,local-GRETIL,gantA salokatAm,"adj. {%im Besitz seiner Welt seiend%} BHĀG. P. 4,24,7. MBH. 7,6519 ist st. {#gantAsmi lokatAm#} mit der ed. Bomb. {#gantA salokatAm#} zu lesen."
PWG-L86658-MBH7.6519,7,6519,lokatA,st.,medium,Bomb,quote-exact,"07,125.25",confirmed,local-GRETIL,gantA salokatAm,"adj. {%im Besitz seiner Welt seiend%} BHĀG. P. 4,24,7. MBH. 7,6519 ist st. {#gantAsmi lokatAm#} mit der ed. Bomb. {#gantA salokatAm#} zu lesen."
PWG-L57252-MBH7.6537,7,6537,man,zu lesen,high,Bomb,quote-exact,"07,126.9",confirmed,local-GRETIL,puMsAM trizu lokezu sarvaSUramamaMsmahi,">ed. Bomb. zu lesen) {#puMsAM trizu lokezu sarvaSUramamaMsmahi#} MBH. 7,6537. {#mA maMsTAH#} RĀJ"
PWG-L86499-MBH7.6624,7,6624,luq,st.,medium,,quote-exact,"07,100.27",confirmed,local-GRETIL,nalinI dviradeneva samantAdvipraloqitA,"n, in Unordnung bringen%}: {#nalinI dviradeneva samantAdvipraloqitA#} MBH. 7,6624. st. dessen {#pratiloqitA#} ({#praviloqitA#}?) 4999. — {#"
PWG-L54756-MBH7.6672,7,6672,BAz,fehlerhaft,high,Bomb,quote-exact,"01,208.17",confirmed,local-GRETIL,avaBAzayat,"S. 17,23. {#avaBAzayat#} MBH. 12,8345 und {#avaBAzitA#} 7,6672 fehlerhaft für {#avaBAsayat#} [Page5-0268] und {#avaBAsitA#}, wie die ed. Bomb. liest. <div"
PWG-L43685-MBH7.6985,7,6985,palAy,st.,medium,,quote-exact,"01,69.27",confirmed,local-GRETIL,palAyizyati,". KATHĀS. 43,130. 45,265. {#palAyiTAH#} MBH. 7,6985. {#apalAyizWAH#} ŚĀṄKH. ŚR. 13,2,4. 7. {#palAyizya/mARa#} TS. 7,1,19,1. {#palAyizyati#} (so ist st. {#palAsyatyapi#} zu lesen) ŚATR. 14,107. {#palAy"
PWG-L79133-MBH7.7350,7,7350,pratikANkzin,st.,medium,Bomb,quote-exact,"07,139.29",confirmed,local-GRETIL,pratikANkzin,"{#pratikANkzin#}¦, MBH. 7,7350 liest die ed. Bomb. {#parasparajigIzayA#} st. {#vijayaM pratikANkziRoH#}."
PWG-L49739-MBH7.7397,7,7397,pravaRa,lies,high,,quote-exact,"07,41.7",confirmed,local-GRETIL,pravaRAdiva kuYjaraH,"ARi#} MBH. 8,2369. {#ApatantamavAseDatpravaRAdiva kuYjaram#} 7,7397. {#vArdDakzatrirupAseDat#} (lies {#apAseDat#}) {#pravaRAdiva kuYjaraH#} (lies {#kuYjaram#}) 1748. {#t"
PWG-L49739-MBH7.7397,7,7397,pravaRa,lies,high,,quote-exact,"07,41.7",confirmed,local-GRETIL,pravaRAdiva kuYjaraH,"ARi#} MBH. 8,2369. {#ApatantamavAseDatpravaRAdiva kuYjaram#} 7,7397. {#vArdDakzatrirupAseDat#} (lies {#apAseDat#}) {#pravaRAdiva kuYjaraH#} (lies {#kuYjaram#}) 1748. {#tenEvamukto pravaRAdivodakaM yaT"
PWG-L77161-MBH7.7894,7,7894,nimnita,st.,medium,Bomb,quote-exact,"07,131.30",confirmed,local-GRETIL,nimnitodara,": {#nimnitodara#} Lesart der ed. Bomb. MBH. 7,6792. 7894 st. {#nirRatodara (nirnatodara)#} der ed. Calc."
PWG-L81526-MBH7.8210,7,8210,yam,st.,medium,Bomb,quote-exact,"01,219.3",confirmed,local-GRETIL,udyatAstra,"g. DAŚAK._in_BENF. Chr. 193,16. {#udyatAstra#} MBH. 7,8210 ({#nahyudyatAstraM#} ed. Bomb. st. {#na sUdyatAstraM#} der ed. Calc.). R. 1,56,5. {#udyatAyuDa#}"
PWG-L115989-MBH7.8346,7,8346,han,zu lesen,high,,quote-exact,"07,158.50",confirmed,local-GRETIL,samAjaGnus,"— 2〉 {%anschlagen%} (eine Trommel) TBR. 1,3,6,2. MBH. 7,8346. HARIV. 2668 (mit der neueren Ausg. {#samAjaGnus#} st. {#samAhanyus#} zu lesen). {#samAjaGne#} MBH. 1,7941. — 3〉 partic. {#samAhata#} <div"
PWG-L115989-MBH7.8346,7,8346,han,st.,medium,,quote-exact,"07,158.50",confirmed,local-GRETIL,samAjaGnus,"— 2〉 {%anschlagen%} (eine Trommel) TBR. 1,3,6,2. MBH. 7,8346. HARIV. 2668 (mit der neueren Ausg. {#samAjaGnus#} st. {#samAhanyus#} zu lesen). {#samAjaGne#} MBH. 1,7941. — 3〉 pa"
PWG-L49040-MBH7.8433,7,8433,pratyudGAta,fehlerhaft,high,,quote-exact,"05,139.16",confirmed,local-GRETIL,pratyudyAta,"{#pratyudGAta#}¦ MBH. 7,8433 wohl fehlerhaft für {#pratyudyAta#}."
PWG-L60591-MBH7.8773,7,8773,miSray,zu lesen,high,Bomb,quote-exact,"07,164.129",confirmed,local-GRETIL,raTasyASvAn,"AMSca haMsavarRErhayottamEH . vyAmiSrayadraRe#} MBH. 7,5440. 8773, wo mit der ed. Bomb. {#'Ta tasyASvAn#} st. {#raTasyASvAn#} zu lesen ist. — {#vi#} {%unter einander mengen%}: {#vAyuBUtaH sa vastrARi "
PWG-L60591-MBH7.8773,7,8773,miSray,st.,medium,Bomb,quote-exact,"07,164.129",confirmed,local-GRETIL,raTasyASvAn,"AMSca haMsavarRErhayottamEH . vyAmiSrayadraRe#} MBH. 7,5440. 8773, wo mit der ed. Bomb. {#'Ta tasyASvAn#} st. {#raTasyASvAn#} zu lesen ist. — {#vi#} {%unter einander mengen%}: {#vAyuB"
PWG-L114959-MBH7.8828,7,8828,svan,zu schreiben,high,,quote-exact,"07,165.12",confirmed,local-GRETIL,raTAH svananti,"4,6. {#svanate SaNKaH#} MBH. 7,4170. {#raTAH svananti#} 8828. {#sasvanurdevavAdyAni#} R. GORR. 1,50,20. MĀRK. P. 66,26 ({#˚vAdyAni sa˚#} zu schreiben). 116,59. 128,14 ({#˚vAdyAni sa˚#} zu schreib"
PWG-L113928-MBH7.8922,7,8922,sTA,zu lesen,high,Bomb,quote-exact,"06,54.18",confirmed,local-GRETIL,dravamARAM,"chen, anhalten%}: {#raTam#} MBH. 3,2819. ein fliehendes Heer 7,8922 ({#dravamARAM#} mit der ed. Bomb. zu lesen). {%stehen —, nicht weitergehen —, zurücklassen, nicht mit sich nehmen%}: ein Heer MB"
PWG-L53686-MBH7.9226,7,9226,brU,zu lesen,high,Bomb,quote-exact,"07,170.32",confirmed,local-GRETIL,yenAvibruvatA praSnam,"AV. BR. 15,7,5. MBH. 2,2248. 2306. 7,9226 (wo mit der ed. Bomb. {#yenAvibruvatA praSnam#} zu lesen ist). {#praSnAnkAMScidvibruvARam#} 1,166. {#vedAnvibruvan#} <ls n=""MBH."
PWG-L102815-MBH7.9596,7,9596,saMvatsara,st.,medium,Bomb,quote-exact,"07,173.67",confirmed,local-GRETIL,saMvatsaraSca,"tr. MUṆḌ. UP. 2,1,6 (m. ed. POL.). MBH. 7,9596 ({#saMvatsaraSca#} st. {#saMvatsarARi#} ed. Bomb.). HARIV. 11774. — 2〉 {%das 1"
PWG-L88101-MBH8.601,8,601,var,fehlerhaft,high,,quote-exact,"08,20.6",confirmed,local-GRETIL,udvfttalocana,"oDAdudvftya cakzuzI#} MBH. 7,869. 4051. 8,601. {#udvftta#} fehlerhaft für {#udvfta#} in {#udvfttalocana#} 7,5406. {#udvfttanayana#} <ls n=""MB"
PWG-L91039-MBH8.667,8,667,viguRa,fehlerhaft,high,Bomb,quote-exact,"08,12.54",confirmed,local-GRETIL,taddviguREH,"""SUŚR. 2,"">523,16. ŚĀRṄG. SAṂH. 1,2,4. — {#tadviguREH#} MBH. 8,667 fehlerhaft für {#taddviguREH#}, wie die ed. Bomb. liest. Vgl. {#vEguRya#}."
PWG-L70216-MBH8.1932,8,1932,kAkAkft,st.,medium,Bomb,quote-exact,"08,28.47",confirmed,local-GRETIL,kAkAH kuto,"kAkAkft#}¦ adj. kākā {%schreiend%}, von der Krähe MBH. 8,1932. {#kAkAH kuto#} st. {#kAkAkfto#} ed. Bomb. — Vgl. {#kAkavASin#}."
PWG-L59390-MBH8.2353,8,2353,mA,zu lesen,high,,quote-exact,"01,92.36",confirmed,local-GRETIL,pArTivottamam,"trotz der Uebereinstimmung beider Ausgg.) {#pArTivottamam#} MBH. 8,2353"
PWG-L64234-MBH8.2381,8,2381,apAra,st.,medium,,quote-exact,"08,33.63",confirmed,local-GRETIL,tasyAH pAramapAraM ca vrajanti vijayEziRaH,"HALĀY. 3,45. {#tasyAH pAramapAraM ca vrajanti vijayEziRaH#}"
PWG-L39163-MBH8.2411,8,2411,nirapekza,zu lesen,high,,quote-exact,"06,100.7",confirmed,local-GRETIL,nirapekzaH,"9. {#nirapekzaH#} (so zu lesen) {#SarIre#} MBH. 8,2411. {#SarIra˚#} RĀJA-TAR. 6,245. {#kalatranirapekz"
PWG-L106166-MBH8.3290,8,3290,saMprahAra,zu lesen,high,,quote-exact,"04,33.6",confirmed,local-GRETIL,saMprahAre,"H. 2,1977. 2115. 3,16374. 8,3290 (wohl {#saMprahAre#} zu lesen). HARIV. 7546. R. 3,30,7. 43,17. 7,18,15<"
PWG-L56705-MBH8.3509,8,3509,mad,druckfehler,high,Bomb,quote-exact,"03,132.2",confirmed,local-GRETIL,saMpravfttaH,"rsessen auf%} (inf.): {#yatastvamakzErdevituM saMpramattaH#} MBH. 8,3509; vielleicht nur Druckfehler für {#saMpravfttaH#}, wie die ed. Bomb. liest. — 2〉 {%sorglos, achtlo"
PWG-L88503-MBH8.4009,8,4009,vart,statt,medium,,quote-exact,"01,2.195",confirmed,local-GRETIL,prAvartaka,"%zur Erscheinung bringen, bilden, schaffen%}: {#nadIM prAvartayitvA#} MBH. 8,4009. {#prAvartayanti te varRAnASramAMScEva sarvaSaH#} HARIV. 461. Aus metrischen Rücksichten statt {#prava˚#}. — Vgl. {#pr"
PWG-L108179-MBH8.4034,8,4034,sAD,st.,medium,,quote-exact,"01,203.17",confirmed,local-GRETIL,prasADyatAm,""">— {#sam#} caus. 1〉 {%bezwingen, in seine Gewalt bekommen%} MBH. 8,4034. HARIV. 4032 ({#prasADyatAm#} st. {#saMsA˚#} die neuere Ausg.). {#Soko mAM saMsADayati vegena yaTA kUlaM nadI"
PWG-L37436-MBH8.4040,8,4040,nagnajit,zu lesen,high,,quote-exact,"05,47.69",confirmed,local-GRETIL,nAgnajitAH,"nagnajitAstvayA . gAnDArASca yayA DftyA jitAH saMKye sudurjayAH ..#} MBH. 8,4040 ist ohne Zweifel {#nAgnajitAH#} {%die Kinder des%} Nagnajit zu lesen. {#nagnajitI#} HARIV. 6701. 9179. 9186 f"
PWG-L110546-MBH8.4246,8,4246,supattrita,zu lesen,high,,quote-exact,"01,74.11",confirmed,local-GRETIL,suyantrita,"t Federn besteckt%}: {#bARa#} HARIV. 16314. so ist wohl auch MBH. 8,4246 st. {#suyantrita#} zu lesen."
PWG-L111045-MBH8.4246,8,4246,suyantrita,fehlerhaft,high,,quote-exact,"01,74.11",confirmed,local-GRETIL,suyantrita,"ta#} und {#˚tva#}¦ s. u. {#yantray#}. {#suyantrita#} (Pfeil) MBH. 8,4246 wohl fehlerhaft für {#supattrita#}."
PWG-L110546-MBH8.4246,8,4246,supattrita,st.,medium,,quote-exact,"01,74.11",confirmed,local-GRETIL,suyantrita,"t Federn besteckt%}: {#bARa#} HARIV. 16314. so ist wohl auch MBH. 8,4246 st. {#suyantrita#} zu lesen."
PWG-L108059-MBH8.4889,8,4889,sAMgrAmika,fehlerhaft,high,,quote-exact,"01,2.148",confirmed,local-GRETIL,saMgrAmika,"#} PAÑCAT. ed. orn. 57,12. {#mftyu#} {%Tod in der Schlacht%} MBH. 8,4889. Davon nom. abstr. {#˚tva#} n. DAŚAK. 190,19. Hier und da fehlerhaft {#saMgrAmika#}."
PWG-L115989-MBH9.249,9,249,han,statt,medium,Bomb,quote-exact,"09,4.10",confirmed,local-GRETIL,pratisaMhata,"partic. {#anyo'nyapratisaMhatO#} {%mit einander verbunden%} MBH. 9,249 ({#anyo'nyamaBisaMSritO#} ed. Bomb.). statt {#pratisaMhata#} 12,8275 liest ed. Bomb. {#˚hfta#}. <div n=""p"""
PWG-L85117-MBH9.722,9,722,rUpa,zu lesen,high,,quote-exact,"06,53.21",confirmed,local-GRETIL,agamyarUpA pfTivI,"und demnach zu übersetzen) Spr. 4908. {#agamyarUpA pfTivI#} MBH. 9,722."
PWG-L96248-MBH9.789,9,789,vyatikzepa,fehlerhaft,high,Bomb,quote-exact,"09,14.35",confirmed,local-GRETIL,vyatikzepa,"{#vyatikzepa#}¦ MBH. 9,789 wohl fehlerhaft für {#vyaDikzepa#}, wie die ed. Bomb. liest."
PWG-L104800-MBH9.890,9,890,saMnahanIya,fehlerhaft,high,Bomb,quote-exact,"09,16.26",confirmed,local-GRETIL,saMnahanIya,"{#saMnahanIya#}¦ MBH. 9,890 fehlerhaft für {#saMhananIya#} ({%fest, gedrungen%}), wie die ed. Bomb. liest."
PWG-L100839-MBH9.1442,9,1442,Seza,zu schreiben,high,,quote-exact,"08,2.20",confirmed,local-GRETIL,kiMcicCeza,"mayUKEH#} Spr. (II) 4036. {#kiMcicCeza#} MBH. 9,34. 1442. KATHĀS. 20,30 (zusammen zu schreiben und {#sasya#} zu ergänzen). 39,189. 54,101. {#k"
PWG-L88037-MBH9.1795,9,1795,vapra,st.,medium,Bomb,quote-exact,"09,30.50",confirmed,local-GRETIL,kzIRavaprAm,"MBH."">4,296. 7,6904. 8,2035. 9,1795 ({#kzIRavfttiH#} st. {#kzIRavaprAm#} ed. Bomb.). 13,1671. R. 5,9,15."
PWG-L92168-MBH9.2000,9,2000,vipaRi,fälschlich,medium,,quote-exact,"09,34.28",confirmed,local-GRETIL,vipaRyApaRapaRyAnAm,"> MED. ṇ. 78. HALĀY. 2,141. {#vipaRyApaRapaRyAnAm#} MBH. 9,2000. MṚCCH. 130,23. {#˚sTapaRyA#} ({#pUH#}) RAGH. 16,41. {#matsyo vipaRimaDyagaH#} KATHĀS. 5,16. 19,23 (fälschlich {#vipini#} gedr.). 24. 56"
PWG-L85715-MBH9.2254,9,2254,lag,fälschlich,medium,,quote-exact,"09,38.8",confirmed,local-GRETIL,kaTaM cAsya Siro lagnam,"s>H. an. 2,282. MED. n. 18. {#kaTaM cAsya Siro lagnam#} M"
PWG-L92070-MBH9.2364,9,2364,vinirvahaRa,fehlerhaft,high,,quote-exact,"09,41.7",confirmed,local-GRETIL,vinibarhaRa,"{#vinirvahaRa#}¦ MBH. 9,2364 fehlerhaft für {#vinibarhaRa#}."
PWG-L64207-MBH9.2386,9,2386,apahAra,fehlerhaft,high,,quote-exact,"09,41.27",confirmed,local-GRETIL,kUlApahAra,"kUlApahAreRa mEtrAvaruRirOhyata#} {%auf dem abgerissenen Uferstücke%} 2386. {#kUlopahAra#} fehlerhaft für {#kUlApahAra#} R. 7,32,5. {#jayadraTenApahAro drOpadyAScASramAntarAt#} {%Rau"
PWG-L36103-MBH9.2564,9,2564,Danurvaktra,zu lesen,high,,quote-exact,"04,61.2",confirmed,local-GRETIL,Danurvakra,">m. N. pr. eines Wesens im Gefolge des Skanda MBH. 9,2564. — Wohl {#Danurvakra#} zu lesen."
PWG-L71084-MBH9.2571,9,2571,kumBARqakodara,st.,medium,Bomb,quote-exact,"09,44.64",confirmed,local-GRETIL,kumBARqako 'paraH,"ex>m. N. pr. eines Wesens im Gefolge Skandaʼs MBH. 9,2571. {#kumBARqako 'paraH#} ed. Calc. st. {#kumBARqakodaraH#} der ed. Bomb."
PWG-L49688-MBH9.2599,9,2599,pralamba,zu lesen,high,,quote-exact,"09,44.92",confirmed,local-GRETIL,pralambodaramehanAH,"cAruGoRa#} MBH. 1,7082. [Page4-1064] {#pralambodaramehanAH#} 9,2599. {#˚radanacCada#} (so ist st. {#vadana˚#} zu lesen) R. 5,25,15. {#˚keSa#} VP. 4,3_bei_MUIR, ST. 1,182, N. 14. {#p"
PWG-L49688-MBH9.2599,9,2599,pralamba,st.,medium,,quote-exact,"09,44.92",confirmed,local-GRETIL,pralambodaramehanAH,"cAruGoRa#} MBH. 1,7082. [Page4-1064] {#pralambodaramehanAH#} 9,2599. {#˚radanacCada#} (so ist st. {#vadana˚#} zu lesen) R. 5,25,15. {#˚keSa#} VP. 4,3_bei_MUIR,"
PWG-L97476-MBH9.2624,9,2624,SataMjayA,fehlerhaft,high,Bomb,quote-exact,"03,249.10",confirmed,local-GRETIL,SatruMjayA,"{#SataMjayA#}¦ MBH. 9,2624 fehlerhaft für {#SatruMjayA#}, wie die ed. Bomb. liest."
PWG-L42000-MBH9.2847,9,2847,pad,zu lesen,high,,quote-exact,"09,48.17",confirmed,local-GRETIL,cAByapadyata,"theilhaftig werden%}: {#jyotizAmADipatyaM ca praBAvaM cApyapadyata#} MBH. 9,2847; es ist wohl {#cAByapadyata#} zu lesen. — 4〉 {%sich wenden zu%} so v. a. {%sich halten an, beobachten%}: {#s"
PWG-L114979-MBH9.3438,9,3438,svanta,fehlerhaft,high,,quote-exact,"09,60.47",confirmed,local-GRETIL,ko nu svantataro mayA,"{%glücklich%}: {#ko nu svantataro mayA#} (d. i. {#mattaH#}) MBH. 9,3438. fgg. 3601. fgg. — {#svanta#} (Calc. Ausg. {#SAnta#}) RĀJA-TAR. 3,137 fehlerhaft für {#svAnta#} (so auch TROYER in den Corrigg. "
PWG-L50115-MBH9.3527,9,3527,prasADana,fehlerhaft,high,,quote-exact,"11,8.28",confirmed,local-GRETIL,duzprasADana,"n=""KUMĀRAS."">4,18. — {#prasADana#} fehlerhaft für {#prasAdana#} MBH. 9,3527. Vgl. {#duzprasADana#}."
PWG-L51214-MBH9.3605,9,3605,prezya,zu lesen,high,,quote-exact,"09,63.24",confirmed,local-GRETIL,prezyavadASritaH,"/ls>. 242. N. 17,32. INDR. 5,20. MBH. 9,3605. (wo {#prezyavadASritaH#} zu lesen ist). R. 2,33,2. 50,24. 91,62."
PWG-L83977-MBH9.3608,9,3608,rAj,zu lesen,high,Bomb,quote-exact,"09,63.26",confirmed,local-GRETIL,na vimatiM kAMcidBajitvA tu parAjitaH,"10960. — {#upa#} an zwei verdorbenen Stellen, nämlich MBH. 9,3608 und PAÑCAT. V, 12; an der ersten Stelle ist mit der ed. Bomb. zu lesen: {#na vimatiM kAMcidBajitvA tu parAjitaH#}, an der zweiten mit "
PWG-L25298-MBH9.3620,9,3620,ci,falsch,medium,,quote-exact,"13,133.23",confirmed,local-GRETIL,guruvfdDApacAyin,"#} n. {%das Ehren, Achten%}: {#karizyati — apacitaM mama#} MBH. 9,3620. Vgl. {#apacAyin#} {%achtend in%} {#guruvfdDApacAyin#} (falsch aufgefasst in den Verbess. zum 1sten Theile u. {#upacAyin#}) MBH. "
PWG-L90623-MBH1.146,1,146,vAsin,zu lesen,high,,quote-fuzzy,"01,181.35",confirmed,local-GRETIL,rOravAjina˚,"aSa˚#} {%schwärzlich gekleidet%} AIT. BR. 5,14. {#pARqara˚#} MBH. 1,146. {#nIla˚#} (so ist statt {#lIna#} zu lesen) R. GORR. 2,8,43. {#malina˚#} 19. {#rOravAjina˚#} <ls"
PWG-L102991-MBH1.608,1,608,saMSaya,zu lesen,high,Bomb,quote-fuzzy,"04,6.15",confirmed,local-GRETIL,tizWantaM saMSaye,". Verz. d. Oxf. H. 204,a,32. — 2〉 {%Gefahr%} MBH. 1,608 ({#darSitaH#} mit der ed. Bomb. zu lesen). Spr. (II) 3997. {#tizWantaM saMSaye#} R. 3,41,3. {#na saSayamaByApady"
PWG-L40379-MBH1.736,1,736,nI,statt,medium,,quote-fuzzy,"04,4.43",confirmed,local-GRETIL,antarRayati,"1,787. {#etatpratyanunaye#} {%dagegen lege ich Verwahrung ein%} 736. — {#antar#}, {#antarRayati#} SIDDH. K._zu_P. 1,4,65 in der Calc. Ausg.; statt dieses Beispiels hat aber die vollständige Ausgabe de"
PWG-L78435-MBH1.773,1,773,pAtra,st.,medium,Bomb,quote-fuzzy,"01,33.10",confirmed,local-GRETIL,pAtramayam,",a,31. Sp. 645, Z. 13 ed. Bomb. liest MBH. 1,773 {#pAtramayam#} st. {#pAtro 'yam#}. — 5〉 m. PAÑCAR. 1,4,64. fg. <div n=""1"
PWG-L95577-MBH1.986,1,986,vE,zu schreiben,high,,quote-fuzzy,"01,10.1",confirmed,local-GRETIL,Atmanoraga vE kftam,"s n=""MBH. 3,"">2793. R. 1,9,64. nach einem voc. MBH. 1,986 (zu schreiben {#Atmanoraga vE kftam#}). Sehr beliebt ist {#vE#} am Ende eines Pāda M. 2,3."
PWG-L95906-MBH1.1155,1,1155,vEra,st.,medium,Bomb,quote-fuzzy,"04,4.43",confirmed,local-GRETIL,vEramAsTitAH,am#} m.) {#vEramAsTitAH#} ({#ASritAH#} ed. Bomb.) MB
PWG-L23367-MBH1.1216,1,1216,govinda,lies,high,,quote-fuzzy,"01,19.11",confirmed,local-GRETIL,vindatA BagavatA govindena (varAharUpiRA),"{#gAM#} ({%die Erde%}) {#vindatA BagavatA govindena (varAharUpiRA)#} 1,1216. {#nazwAM DaraRIM pUrvamavindan#} (lies: {#avindaM#}) {#vE guhAgatAm .. govinda iti tenAhaM devErvAgBiraBizwutaH .#} <ls n="""
PWG-L81526-MBH1.1274,1,1274,yam,lies,high,,quote-fuzzy,"07,143.29",confirmed,local-GRETIL,udgacCantaM,"i#}): {#eza lokavinASAya ravirudyantumudyataH#} (lies {#udgantumu˚#}) MBH. 1,1274. {#udyacCantaM#} (d. i. {#udgacCantaM#}) {#"
PWG-L88522-MBH1.1443,1,1443,vartikA,statt,medium,Bomb,quote-fuzzy,"01,180.16",confirmed,local-GRETIL,dIrGayazwi,"9, Schol. 1〉 {%Stengel%}: {#palASa˚#} MBH. 1,1443 nach der Lesart der ed. Bomb. statt {#˚vfntikA#} der ed. Calc.; = {#dIrGayazwi#} NĪLAK. — 2〉 {%D"
PWG-L64499-MBH1.1697,1,1697,aBiBAzin,zu lesen,high,,quote-fuzzy,"03,52.18",confirmed,local-GRETIL,smitapUrvABi˚,"{#smitapUrvABi˚#} Spr. 2769. {#anaBi˚#} {%nicht sprechend%} MBH. 1,1697. {#satyABi˚#} (wohl so zu lesen) KATHĀS. 56,247."
PWG-L103843-MBH1.1699,1,1699,saYj,st.,medium,Bomb,quote-fuzzy,"01,36.18",confirmed,local-GRETIL,tasya skanDe mftaM sarpam — samAsajat,"en%}: {#tasya skanDe mftaM sarpam — samAsajat#} MBH. 1,1675. 1699 (nach der Lesart der ed. Bomb. st. {#samAsfjat#} der ed. Calc.). {#srajaM rAjYaH skanDe#} 4418"
PWG-L106569-MBH1.1973,1,1973,sarj,fehlerhaft,high,,quote-fuzzy,"01,46.10",confirmed,local-GRETIL,gurO yo me mftasarpamavAsfjat,""">— 6〉 {%hängen —, befestigen an%}: {#gurO yo me mftasarpamavAsfjat#} MBH. 1,1973. wohl fehlerhaft für {#avAsajat#}; vgl. {#sarj#} 10〉, {#vyava-, samava-#} und {#samA-sarj#}. <div"
PWG-L101832-MBH1.2049,1,2049,SrutaSravas,zu lesen,high,Bomb,quote-fuzzy,"01,48.9",confirmed,local-GRETIL,SrutaSravA vfdDo,"ex>m. N. pr. verschiedener Männer MBH. 1,674. 2049 ({#SrutaSravA vfdDo#} mit der ed. Bomb. zu lesen). 2,319. HARIV. 9568. VP. 456. BHĀG. P. 9,22,9</l"
PWG-L101836-MBH1.2049,1,2049,SrutaSruvas,fehlerhaft,high,,quote-fuzzy,"01,48.9",confirmed,local-GRETIL,SrutaSravas,"{#SrutaSruvas#}¦ MBH. 1,2049 fehlerhaft für {#SrutaSravas#}."
PWG-L97843-MBH1.3215,1,3215,Sabday,zu lesen,high,Bomb,quote-fuzzy,"12,267.19",confirmed,local-GRETIL,˚SabdyamAna,"#sam#} 1〉 {%ausrufen%}: {#ayamehIti saMSabdya mftaM saMjIvayAmyaham#} MBH. 1,3215. — 2〉 {%besprechen, erwähnen, aufführen%}: {#˚SabdyamAna#} (so mit der ed. Bomb. zu lesen) MBH. 12,9893. {#˚Sabdita#} "
PWG-L99363-MBH1.3471,1,3471,SiTilIkar,zu lesen,high,,quote-fuzzy,"12,205.25",confirmed,local-GRETIL,ke dozA manasA tyaktAH ke budDyA ˚kftAH,"azwi#} ṚT. 6,24. {#jarayA#} (so ist zu lesen) {%erschlafft%} MBH. 1,3471. {#ke dozA manasA tyaktAH ke budDyA ˚kftAH#} {%gesch"
PWG-L61448-MBH1.3644,1,3644,mfgacArin,lies,high,,quote-fuzzy,"08,69.43",confirmed,local-GRETIL,carantaH hastavyApAraSUnyAH,"#} (lies {#muKenEva#}) {#carantaH hastavyApAraSUnyAH#}; vgl. MBH. 1,3644)."
PWG-L115989-MBH1.3687,1,3687,han,fehlerhaft,high,Bomb,quote-fuzzy,"08,51.87",confirmed,local-GRETIL,vyAhatatva,". {#a˚#} NĪLAK. 21. {#vyAhatatva#} SĀH. D. 227,3. — MBH. 1,3687 fehlerhaft für {#vyAhfta#} (so ed. Bomb.) Vgl. {#vyAGAta, vyAhati, vyAhantavya#}."
PWG-L48619-MBH1.3796,1,3796,pratiSravas,fehlerhaft,high,,quote-fuzzy,"07,119.1",confirmed,local-GRETIL,pratiSravasa,"m. N. pr. eines Sohnes {%des%} Bhīmasena MBH. 1,3796. fg. {#˚pratiScavasAH#} (im Index {#pratiSravasa#}) PRAVARĀDHY._in_Verz. d. B. H. 58,23 wohl fehlerhaft für {#˚prAtiSravasAH#}."
PWG-L37095-MBH1.3847,1,3847,DyA,fehlerhaft,high,,quote-fuzzy,"01,91.6",confirmed,local-GRETIL,sopaDyAto BagavatA brahmaRA,"v n=""p"">— {#upa#} {%Jmdes gedenken%}: {#sopaDyAto BagavatA brahmaRA#} MBH. 1,3847. gleich {#apa#} und viell. nur fehlerhaft: {#upaDyotA#} (d. i. {#upaDyAto#}) {#mahendro hi muninA devaSarmaRA . asyAkA"
PWG-L114658-MBH1.3990,1,3990,syad,lies,high,Calc,quote-fuzzy,"01,94.22",confirmed,local-GRETIL,kiM tviyaM nAdya saricCrezWA yaTA purA,"date#} ed. Calc.) {#kiM tviyaM nAdya saricCrezWA yaTA purA#} MBH. 1,3990. {#nadIBiH spandamAnABiH#} (lies {#sya˚#}) R. 7,31,17. {#parasparAliNgitayostayoH svedacCalAdiva . atipIqanataH s"
PWG-L86272-MBH1.4197,1,4197,lABa,zu lesen,high,,quote-fuzzy,"01,100.11",confirmed,local-GRETIL,labDaputrA,"ralABA#} (= {#labDaputrA#} NĪLAK.) {#ca sA patnI na tutoza#} MBH. 1,4197; wir vermuthen, dass {#˚lABAcca#} zu lesen sei. — 3〉 {%Einnahme%} so v. a. {%Eroberung%}: {#purARAm#} VARĀH."
PWG-L11130-MBH1.4364,1,4364,utseka,zu lesen,high,,quote-fuzzy,"01,103.2",confirmed,local-GRETIL,notsedamagamaccedaM kadAcidiha naH kulam,"} BHARTṚ. 2,54. {#notsedamagamaccedaM kadAcidiha naH kulam#} MBH. 1,4364 (wohl {#utsekam#} für {#utsedam#} zu lesen)."
PWG-L36484-MBH1.4505,1,4505,DA,zu lesen,high,,quote-fuzzy,"04,4.43",confirmed,local-GRETIL,taTA pratiniDAya,",4. — 2〉 {%verfügen, befehlen%}: {#taTA pratiniDAya#} MBH. 1,4505. — Statt {#guRASrayaviSezaM pratiniDAya#} bei GAUḌAP._zu_SĀṂKHYAK. 16 ist zu lesen {#˚SezaM prati niDAya#}. — Vgl. {#pratiniDi#}. — {#"
PWG-L96626-MBH1.5014,1,5014,vyAyAma,fehlerhaft,high,Bomb,quote-fuzzy,"01,119.32",confirmed,local-GRETIL,vyAyAmAByADikam,"{#durgasaMcAra#} H. an. MED. — {#vyAyAmAByADikam#} MBH. 1,5014 fehlerhaft für {#vyAyamyAByaDikam#}, wie die ed. Bomb. liest. — Vgl. {#"
PWG-L46755-MBH1.5144,1,5144,pUrva,zu lesen,high,,quote-fuzzy,"01,122.33",confirmed,local-GRETIL,tato drupadamAgamya saKipUrvamahaM praBo . abruvaM puruzavyAGra saKAyaM,". na SUrasya saKA klIvaH saKipUrvaM kimizyate#} MBH. 1,5142. 5144. {#tato drupadamAgamya saKipUrvamahaM praBo . abruvaM puruzavyAGra saKAyaM#} (so ist zu lesen st. {#saKA 'yaM#}) {#vidDi mAmiti ..#} 5"
PWG-L46755-MBH1.5144,1,5144,pUrva,st.,medium,,quote-fuzzy,"01,122.33",confirmed,local-GRETIL,tato drupadamAgamya saKipUrvamahaM praBo . abruvaM puruzavyAGra saKAyaM,". na SUrasya saKA klIvaH saKipUrvaM kimizyate#} MBH. 1,5142. 5144. {#tato drupadamAgamya saKipUrvamahaM praBo . abruvaM puruzavyAGra saKAyaM#} (so ist zu lesen st. {#saKA 'yaM#}) {#vidDi mAmiti ..#} 5"
PWG-L101448-MBH1.5255,1,5255,Srama,zu lesen,high,,quote-fuzzy,"01,123.24",confirmed,local-GRETIL,Danurvedakfta˚,"KĀM. NĪTIS. 4,67. KATHĀS. 19,2. {#Danurvedakfta˚#} MBH. 1,5255. {#matteBakumBavidalanakfta˚#} Spr. (II) 4664. {#kftavidyA˚#} (so ist zu lesen) RĀJA-TAR. 6,180. {#jita˚#} adj. HARIV. 4544. R. 4,40,4<"
PWG-L51214-MBH1.5326,1,5326,prezya,fehlerhaft,high,,quote-fuzzy,"01,124.14",confirmed,local-GRETIL,tAH saprezyAH saparicCadAH,"s>. Am Ende eines adj. comp.: {#tAH saprezyAH saparicCadAH#} MBH. 1,5326. — 3〉 n. {%das Dienersein%}: {#SUdra˚#} YĀJÑ. 3,241; fehlerhaft für {#prEzya#}. — Vgl. {#kArya˚#} (adj. {%der in einer Ang"
PWG-L105279-MBH1.5333,1,5333,samanantara,zu lesen,high,,quote-fuzzy,"01,123.71",confirmed,local-GRETIL,tadvAkyasa˚,"9. SĀH. D. 27,9. {%unmittelbar nach%} mit gen. MBH. 1,5333. am Ende eines comp. R. 6,101,14 ({#tadvAkyasa˚#} zu lesen). KATHĀS. 4,24. SARVADARŚANAS. 4,6. {#icCAsamanantarasaMjAta#} <ls n=""S"
PWG-L30811-MBH1.5496,1,5496,tras,st.,medium,,quote-fuzzy,"05,47.3",confirmed,local-GRETIL,anvatrasta,",13. VID. 328. BHĀG. P. 5,14,29. {#avitrasta#} MBH. 1,5496. so ist auch st. {#anvatrasta#} 5,181 zulesen. — caus. {%erschrecken, in A"
PWG-L81465-MBH1.5598,1,5598,yadA,fehlerhaft,high,,quote-fuzzy,"02,72.36",confirmed,local-GRETIL,yadA kadA cit,"4. {#yadA kadA cit#} {%jederzeit%} KAUŚ. 94. — {#yadA#} MBH. 1,5598 in beiden Ausgg. fehlerhaft für {#yadA#}."
PWG-L97454-MBH1.6031,1,6031,SataguRa,zu lesen,high,,quote-fuzzy,"04,15.26",confirmed,local-GRETIL,mAtA vandyA,"PAÑCAR. 1,7,55. {#SataguRam#} adv. {%hundertmal%} MBH. 1,6031 ({#SataguRADikam#} HIḌ. 4,49). R. 5,38,41. 50,19. {#pituH SataguRaM#} (so ist zu lesen) {#mAtA vandyA#} {%hundertmal mehr als der Vater%} "
PWG-L55050-MBH1.6221,1,6221,Buj,st.,medium,Bomb,quote-fuzzy,"01,148.16",confirmed,local-GRETIL,upaBokzyati,"AARD anführt, liest die ed. Bomb. des MBH. nur 1,6221 {#upaBokzyati#} st. {#upayokzyati#}; vgl. u. {#Buj#} simpl. am Ende. <div n="""
PWG-L35163-MBH1.6406,1,6406,dyut,zu lesen,high,,quote-fuzzy,"01,155.49",confirmed,local-GRETIL,DfzwatvAwatiDfzRutvAddyumnAddyutsaMBavAdapi,"s>. {#DfzwatvAwatiDfzRutvAddyumnAddyutsaMBavAdapi#} (so ist zu lesen) MBH. 1,6406. — Vgl. {#a˚, su˚#}."
PWG-L7766-MBH1.6965,1,6965,A,zu lesen,high,,quote-fuzzy,"01,176.21",confirmed,local-GRETIL,AyojanasuganDin,. eines comp. ohne Flexionszeichen: {#AyojanasuganDin#} MBH.
PWG-L103165-MBH1.7044,1,7044,saMsTAnacArin,fehlerhaft,high,,quote-fuzzy,"04,4.43",confirmed,local-GRETIL,saMsTAnacArin,"{#saMsTAnacArin#}¦ adj. MBH. 1,7044 (hier ausserdem {#nfzu#} fehlerhaft für {#trizu#}) und 3,14113 fehlerhaft für {#sasTAsnucArin#} {%mit dem U"
PWG-L104646-MBH1.7073,1,7073,saMtrAsa,druckfehler,high,,quote-fuzzy,"04,6.15",confirmed,local-GRETIL,nAhArayati saMtrAsam,"ATHĀS. 28,105. {#saMtrAsAt#} {%aus Angst%} MBH. 1,5458. 7073. RĀJA-TAR. 5,398 ({#santrAmAt#} Druckfehler bei TR.). {#nAhArayati saMtrAsam#} R. 2,60,20. {#saMtrAsa AviSaccEnam#}"
PWG-L106211-MBH1.7125,1,7125,saMbADa,zu lesen,high,,quote-fuzzy,"01,181.36",confirmed,local-GRETIL,vimuktO janasaMbADAt,"V. 16280. {#vimuktO janasaMbADAt#} {%ein Gedränge von Menschen%} MBH. 1,7125. {#janasaMbADaSAlinaH#} (so ist zu lesen) {#.#} {#pradeSAn#} KĀM. NĪTIS. 7,40. {#gfhasaMbADamAlinI (pUH)#} HARIV. 653"
PWG-L54834-MBH1.7181,1,7181,BikzApracAra,falsch,medium,,quote-fuzzy,"01,185.8",confirmed,local-GRETIL,˚cArAya gatAH,"raRa#}. {#˚cArAya gatAH#} (u. {#pracAra#} 2. falsch erklärt) MBH. 1,7181."
PWG-L93713-MBH1.7182,1,7182,viz,st.,medium,Bomb,quote-fuzzy,"01,116.2",confirmed,local-GRETIL,paryaveSayan,"/ab> {%Jmd%} (acc.) {%Speisen auftragen%} M. 3,228. MBH. 1,7182 ({#parivezya#} ed. Bomb. st. {#pariveSya#} der ed. Calc.). R. 1,13,19 ({#paryaveSayan#} <ls n="""
PWG-L81465-MBH1.7713,1,7713,yadA,statt,medium,,quote-fuzzy,"01,204.3",confirmed,local-GRETIL,ke ca na . nirudyogO tadA BUtvA vijahrAte 'marAviva ..,aet.) {#ke ca na . nirudyogO tadA BUtvA vijahrAte 'marAviva ..#} MBH.
PWG-L88405-MBH1.7845,1,7845,varj,lies,high,,quote-fuzzy,"01,208.6",confirmed,local-GRETIL,tata etAni varjyante tIrTAni,"ls>YĀJÑ. 1,158. pass.: {#tata etAni varjyante tIrTAni#} MBH. 1,7845. {#varjjeta#} (lies {#varjyeta#}, der Comm. {#ujJeta#}) {#vizadUzitam#} KĀM. NĪTIS. 7,9. {#"
PWG-L82186-MBH1.7948,1,7948,yuj,zu lesen,high,Bomb,quote-fuzzy,"01,1.136",confirmed,local-GRETIL,yuktvA hayAn,"} ŚĀṄKH. GṚHY. 1,15,8. {#yuktvA hayAn#} MBH. 1,192. 7948 (wo mit der ed. Bomb. {#ayuYjan#} zu lesen ist). Spr. 2631. {#yujyantAM syandanezu turaMgAH#} PRAB. 78,14. {#yokzy"
PWG-L114339-MBH11.473,11,473,spand,fehlerhaft,high,,quote-fuzzy,"04,4.43",confirmed,local-GRETIL,avispandita,"/ab> {%zusammenfahren%} MBH. 3,445. 4,761. 11,473. {#avispandita#} ({#avisya˚#} gedr.) {%nicht zuckend%} KUMĀRAS. 3,47. {#˚spandamAna#} HARIV. 358 (neuere Ausg.) fehlerhaft für {#˚syandamAna#}. — {#sa"
PWG-L105881-MBH11.492,11,492,samudDarza,fehlerhaft,high,,quote-fuzzy,"04,4.43",confirmed,local-GRETIL,samudDarza,"{#samudDarza#}¦ in {#jYAti˚#} MBH. 11,492 vielleicht fehlerhaft für {#samudGarza#} {%Kampf, Streit%} MBH. 11,492."
PWG-L48651-MBH12.1455,12,1455,pratizWAna,falsch,medium,,quote-fuzzy,"04,49.2",confirmed,local-GRETIL,pAdapratizWAna,"u. {#pAdapratizWAna#} falsch erklärt): {#dfQapAda˚ (Asana)#} MBH. 12,1455. — c〉 {%Gründung einer S"
PWG-L87647-MBH12.1899,12,1899,vad,zu lesen,high,,quote-fuzzy,"12,53.4",confirmed,local-GRETIL,SaNKAMSca mfdaNgAMSca pravAdyanti,"ARIV."">11792. st. {#SaNKAMSca mfdaNgAMSca pravAdyanti#} MBH. 12,1899 ist wohl {#SaNKASca mfdaNgASca pra˚#} zu lesen. — Vgl. {#pravAdaka#}. — {#anupra#} 1〉 {%nachsprechen%}: {"
PWG-L87647-MBH12.1899,12,1899,vad,st.,medium,,quote-fuzzy,"12,53.4",confirmed,local-GRETIL,SaNKAMSca mfdaNgAMSca pravAdyanti,"ARIV."">11792. st. {#SaNKAMSca mfdaNgAMSca pravAdyanti#} MBH. 12,1899 ist wohl {#SaNKASca mfda"
PWG-L103164-MBH12.2112,12,2112,saMsTAna,st.,medium,Bomb,quote-fuzzy,"01,0.0",confirmed,local-GRETIL,mAyAsasTAnam,"ben {#vedIsaM˚#}). 5,4079. 6,480. 12,2112 ({#mAyAsasTAnam#} st. {#BAryAsaMsTAnam#} ed. Bomb.). 6901. 13,3245"
PWG-L63522-MBH12.2383,12,2383,anu,lies,high,Bomb,quote-fuzzy,"13,43.7",confirmed,local-GRETIL,ftavaScApi taTA dinaniSe 'pyanu,": {#ftavaScApi taTA dinaniSe 'pyanu#} ({#'pyuta#} ed. Bomb.) MBH. 12,2383. — 2〉a〉α〉 *Z. 3 lies 10,14,2. 12 st. 10,14,2. 14; Z. 8 lies {#sA, syati#} st. {#si#"
PWG-L63522-MBH12.2383,12,2383,anu,lies,high,Bomb,quote-fuzzy,"13,43.7",confirmed,local-GRETIL,ftavaScApi taTA dinaniSe 'pyanu,": {#ftavaScApi taTA dinaniSe 'pyanu#} ({#'pyuta#} ed. Bomb.) MBH. 12,2383. — 2〉a〉α〉 *Z. 3 lies 10,14,2. 12 st. 10,14,2. 14; Z. 8 lies {#sA, syati#} st. {#si#}. — c〉α〉 {#diSo 'nu BramataH sarvAH#} MBH"
PWG-L63522-MBH12.2383,12,2383,anu,st.,medium,Bomb,quote-fuzzy,"13,43.7",confirmed,local-GRETIL,ftavaScApi taTA dinaniSe 'pyanu,": {#ftavaScApi taTA dinaniSe 'pyanu#} ({#'pyuta#} ed. Bomb.) MBH. 12,2383. — 2〉a〉α〉 *Z. 3 lies 10,14,2. 12 st. 10,14,2. 14; Z. 8 lies {#sA, syati#} st. {#si#}. — c〉α〉"
PWG-L63522-MBH12.2383,12,2383,anu,st.,medium,Bomb,quote-fuzzy,"13,43.7",confirmed,local-GRETIL,ftavaScApi taTA dinaniSe 'pyanu,": {#ftavaScApi taTA dinaniSe 'pyanu#} ({#'pyuta#} ed. Bomb.) MBH. 12,2383. — 2〉a〉α〉 *Z. 3 lies 10,14,2. 12 st. 10,14,2. 14; Z. 8 lies {#sA, syati#} st. {#si#}. — c〉α〉 {#diSo 'nu BramataH sarvAH#} MBH."
PWG-L95806-MBH12.2538,12,2538,vEnayika,fehlerhaft,high,,quote-fuzzy,"12,68.4",confirmed,local-GRETIL,sarvaM vEnayikaM kftvA vinayajYaH,"({#AyattA#}) M. 7,65. {#sarvaM vEnayikaM kftvA vinayajYaH#} MBH. 12,2538. {#budDi#} R. 2,112,16. {#vEnayikInAM#} [Page6-1403] ({#vEnayikAnAM#} fehlerhaft im Comm. zu BHĀG. P. 10,48,36) {#vidyAnAM jYAn"
PWG-L106215-MBH12.3072,12,3072,saMbuboDayizu,zu lesen,high,Bomb,quote-fuzzy,"12,83.19",confirmed,local-GRETIL,sadaSvamiva sAraTiH ..,"} (so mit der ed. Bomb. zu lesen) {#sadaSvamiva sAraTiH ..#} MBH. 12,3072. fg."
PWG-L92731-MBH12.3213,12,3213,viyojana,fehlerhaft,high,Bomb,quote-fuzzy,"04,4.43",confirmed,local-GRETIL,viyojayedDanEH,"on%} Spr. 4190. MĀRK. P. 92,4. — {#viyojanErDanEH#} MBH. 12,3213 fehlerhaft für {#viyojayedDanEH#}, wie die ed. Bomb. liest."
PWG-L88455-MBH12.3926,12,3926,varRay,st.,medium,,quote-fuzzy,"12,118.26",confirmed,local-GRETIL,iti varRayan,"pAyAnupavarRayanti#} MBH. 3,8732. 12,3924. 3926. HARIV. 6458. ({#iti varRayan#} st. {#upavarRayan#} die neuere Ausg.). DAŚAR. 3,44. Verz. d. Oxf."
PWG-L47791-MBH12.4210,12,4210,pragalBa,zu lesen,high,,quote-fuzzy,"12,115.1",confirmed,local-GRETIL,sadasi kaTaM kuryAt,"zu lesen) {#sadasi kaTaM kuryAt#} {%von einem dummdreisten Menschen%} MBH. 12,4210. {#rat"
PWG-L105320-MBH12.4287,12,4287,samanvaya,zu lesen,high,Bomb,quote-fuzzy,"01,146.8",confirmed,local-GRETIL,samarTanAt,"tisamanvayAt#} so v. a. {%in Folge von%} MBH. 2,47. 12,4287 ({#vanyaM#} st. {#vanaM#} mit der ed. Bomb. zu lesen). 1,5080 v. l. für {#samarTanAt#} nach NĪLAK. {#˚sUtr"
PWG-L37259.225-MBH12.4429,12,4429,tIkzRakarman,zu lesen,high,,quote-fuzzy,"12,121.20",confirmed,local-GRETIL,akzaro devaH,"t {#akzaro devaH#} (demnach ist {#devasto˚#} zu lesen); vgl. MBH. 12,4429. Ebend. 4428 wird {#tIkzRavarman#} unter d"
PWG-L28871-MBH12.5003,12,5003,tar,fehlerhaft,high,,quote-fuzzy,"12,136.90",confirmed,local-GRETIL,atitvarase,"] {#ti\ti\rvAMso\ ati\ sriDa^H#} ṚV. 1,36,7. — {#atitarase#} MBH. 12,5003 fehlerhaft für {#atitvarase#}, wie schon BENFEY bemerkt hat. — desid. {%übersetzen"
PWG-L107493-MBH12.5151,12,5151,sahaja,fehlerhaft,high,Bomb,quote-fuzzy,"01,136.9",confirmed,local-GRETIL,sahasaMjAta˚,",b,6. 236,a,2. — {#sahajaM jAta˚#} MBH. 12,5151 fehlerhaft für {#sahasaMjAta˚#}, wie die ed. Bomb. liest. — Vgl. {#lakz"
PWG-L86010-MBH12.5157,12,5157,lamb,fehlerhaft,high,,quote-fuzzy,"12,137.21",confirmed,local-GRETIL,sakftkftAparADasya tatrEva vilambataH,"verbleiben an einem Orte%}: {#sakftkftAparADasya tatrEva vilambataH#} MBH. 12,5157. {%ausbleiben, nicht kommen%}: {#sapteme vasavaH prAptAH sa eka parilambate#} HARIV. 3008. — {#parilambya#} GĪT. 11,2"
PWG-L98274-MBH12.5560,12,5560,SalAka,fälschlich,medium,,quote-fuzzy,"12,143.10",confirmed,local-GRETIL,yazwiM SalAkAM kzArakaM paYjaraM taTA,"b>Schol. {#yazwiM SalAkAM kzArakaM paYjaraM taTA#} {%Leimruthe%} MBH. 12,5560 (= PAÑCAT. III, 179, wo fälschlich {#SalakAM#} gedr. ist; NĪLAK. erwähnt eine Lesart {#yazwiSalAkaM#}). {%"
PWG-L83005-MBH12.5908,12,5908,raj,lies,high,,quote-fuzzy,"12,282.6",confirmed,local-GRETIL,tezu rajyeTAH,"aH#} 1205. 701. {#tezu rajyeTAH#} MBH. 12,5908. {#rAme raYjatu#} (lies {#rajyatu#}) {#me manaH#} Verz. d. Oxf. H. 166,b,17. KATHĀS. 43,165. {#"
PWG-L57137-MBH12.6310,12,6310,maDyadeSa,fehlerhaft,high,,quote-fuzzy,"12,162.44",confirmed,local-GRETIL,˚parijYAto dasyuBAvaM gataH kaTam,"lande stammend, dort wohnend%}: {#˚parijYAto dasyuBAvaM gataH kaTam#} MBH. 12,6310. {#udIcyAH, ˚deSAH, prAcyAH#} Verz. d. Oxf. H. 55,a,10. Vielleicht fehlerhaft für {#maDyadeSya#}."
PWG-L78885-MBH12.6758,12,6758,pUrvadehika,st.,medium,,quote-fuzzy,"06,28.43",confirmed,local-GRETIL,pUrvadehika,"{#pUrvadehika#}¦, MBH. 12,6758 st. dessen {#pOrva˚#}; vgl. Spr. 3692."
PWG-L48670-MBH12.7345,12,7345,pratisaMhAra,fehlerhaft,high,,quote-fuzzy,"03,203.16",confirmed,local-GRETIL,vizayAt pra˚,"= 2942. {#vizaya˚#} 12,7161. 7345. {#vizayAt pra˚#} wohl fehlerhaft für {#vizayapra˚#} 8679."
PWG-L88241-MBH12.8264,12,8264,varAha,st.,medium,Bomb,quote-fuzzy,"03,155.4",confirmed,local-GRETIL,varAhASvaH,"— g〉 N. pr. α〉 eines Daitya MBH. 12,8264 ({#varAhASvaH#} st. {#varAho 'SvaH#} ed. Bomb.). HARIV. 2434. 2650"
PWG-L39843-MBH12.8949,12,8949,nivIta,fehlerhaft,high,,quote-fuzzy,"01,84.5",confirmed,local-GRETIL,nivItamoha,"ntel%}; = {#nivfta, prAvfta#} AK. 2,6,3,15. — {#nivItamoha#} MBH. 12,8949 fehlerhaft für {#vinItamoha#}."
PWG-L64587-MBH12.9095,12,9095,aBisaMjYikA,fehlerhaft,high,Bomb,quote-fuzzy,"12,83.61",confirmed,local-GRETIL,aBisaMjYikA,"{#aBisaMjYikA#}¦ MBH. 12,9095 fehlerhaft für {#˚saMjYitA#}, wie die ed. Bomb. liest."
PWG-L85996-MBH12.9431,12,9431,laB,fehlerhaft,high,,quote-fuzzy,"12,255.34",confirmed,local-GRETIL,kAmyAM vfttiM lipsamAnaH,". HIT. II, 8 (wohl fehlerhaft). {#kAmyAM vfttiM lipsamAnaH#} MBH. 12,9431. {#deSAnalabDA~llipseta labDAMSca pa"
PWG-L75464-MBH12.9964,12,9964,daRqaviDAna,fehlerhaft,high,,quote-fuzzy,"02,44.1",confirmed,local-GRETIL,daRqaviDAna,"{#daRqaviDAna#}¦ MBH. 12,9964 fehlerhaft für {#˚niDAna#}."
PWG-L75437-MBH12.10983,12,10983,dakza,st.,medium,,quote-fuzzy,"01,199.46",confirmed,local-GRETIL,tAraRasamarTA,">NĪLAK. durch {#tAraRasamarTA#} erklärt. Z. 3 vom Ende, MBH. 12,10983 liest die neuere Ausg. {#mudreva#} st. {#sUtreRa#} und {#dakza#} wird von NĪLAK. als voc. gefasst; er erw"
PWG-L96463-MBH12.11192,12,11192,vyA,zu lesen,high,,quote-fuzzy,"12,290.90",confirmed,local-GRETIL,AtmA ca vyAti kzetrajYaM karmaRI ca SuBASuBe,"inbar in der Stelle: {#AtmA ca vyAti kzetrajYaM karmaRI ca SuBASuBe#} MBH. 12,11192. = {#vyApnoti#} NĪLAK. es ist aber aller Wahrscheinlichkeit nach {#DyAti#} zu lesen."
PWG-L42852-MBH12.11276,12,11276,pariDAna,zu lesen,high,,quote-fuzzy,"08,69.43",confirmed,local-GRETIL,pariDAnena vAsasA,"ŚAT. BR. 14,9,1,10. {#pariDAnena vAsasA#} N. 9,14. MBH. 12,11276 (wo {#Palakapari˚#} zu lesen ist). HARIV. 16265. {#˚valkalaM#} PAÑCAT. V, 21. {#gagaRa˚#} adj.<"
PWG-L51457-MBH12.11276,12,11276,Palaka,zu lesen,high,,quote-fuzzy,"01,0.0",confirmed,local-GRETIL,PalakapariDAna,"6,6. HARIV. 14304. {#PalakapariDAna#} (so ist zu lesen) MBH. 12,11276. — 6〉 {%Pfeilspitze%}: {#karRyAkAra˚, agnidIpta˚#} <ls"
PWG-L53862-MBH12.11290,12,11290,Baj,fehlerhaft,high,Bomb,quote-fuzzy,"01,57.21",confirmed,local-GRETIL,pratiBajati,"zyati#} DAŚAK._in_BENF. Chr. 193,6. {#pratiBajati#} MBH. 12,11290 fehlerhaft für {#praviBajati#}, wie die ed. Bomb. hat. — Vgl. {#pratiBA"
PWG-L53862-MBH12.11290,12,11290,Baj,st.,medium,Bomb,quote-fuzzy,"04,66.26",confirmed,local-GRETIL,balaM ca praviBajya,"s>. {#balaM ca praviBajya#} R. 6,16,2. MBH. 8,2128. 12,11290 (wo die ed. Bomb. {#praviBajati#} st. {#pratiBa˚#} liest). {#suranaratiryagAdipraviBaktaM jagat#} KULL._zu_M."
PWG-L22041-MBH12.11822,12,11822,garh,zu lesen,high,,quote-fuzzy,"12,306.95",confirmed,local-GRETIL,DarmADarmaM ca prAkftaM parigarhayan,"M ca#} R. 2,106,10. {#DarmADarmaM ca prAkftaM parigarhayan#} MBH. 12,11822. — {#prati#} scheinbar R. 6,103,15, wo aber zu lesen ist: {#sItAyAScApyupakroSaScAritryaM prati garhitam#} {%in Bezug auf%}. "
PWG-L113468-MBH12.12327,12,12327,skanDarAja,fehlerhaft,high,,quote-fuzzy,"09,13.15",confirmed,local-GRETIL,skanDarAja,"{#skanDarAja#}¦ MBH. 12,12327 fehlerhaft für {#skanda˚#}."
PWG-L34001-MBH12.12642,12,12642,duzprApta,fehlerhaft,high,,quote-fuzzy,"12,320.35",confirmed,local-GRETIL,sa gatiM paramAM prApto duzprAptAmajitendriyEH,"#}¦ in der Stelle: {#sa gatiM paramAM prApto duzprAptAmajitendriyEH#} MBH. 12,12642 fehlerhaft für {#duzprApAm#} oder {#duzprApyAm#}."
PWG-L77168-MBH12.12864,12,12864,niyama,st.,medium,,quote-fuzzy,"04,51.17",confirmed,local-GRETIL,mahAniyama,"yama#} und {#mahAniyama#} unter den Beiww. Viṣṇuʼs MBH. 12,12864. Z. 2. fg. ist {%eine gelegentliche Pflicht%} st. {%ein kleines Gelübde%} und {%eine grosse Pflicht%} st. {%ein grosses Gelüb"
PWG-L77168-MBH12.12864,12,12864,niyama,st.,medium,,quote-fuzzy,"04,51.17",confirmed,local-GRETIL,mahAniyama,"yama#} und {#mahAniyama#} unter den Beiww. Viṣṇuʼs MBH. 12,12864. Z. 2. fg. ist {%eine gelegentliche Pflicht%} st. {%ein kleines Gelübde%} und {%eine grosse Pflicht%} st. {%ein grosses Gelübde%} zu le"
PWG-L106126-MBH12.13204,12,13204,saMpradAna,fehlerhaft,high,,quote-fuzzy,"01,55.21",confirmed,local-GRETIL,saMprayARa,"Devatā KĀŚ._zu_P. 4,2,24. — 3〉 MBH. 12,13204 wohl fehlerhaft für {#saMprayARa#}. — Vgl. {#sAMpradAnika#}."
PWG-L104240-MBH12.13237,12,13237,satvant,st.,medium,,quote-fuzzy,"02,72.36",confirmed,local-GRETIL,savasanma˚,"o vielleicht {#satvanma˚#} st. {#savasanma˚#} zu lesen ist). MBH. 12,13237. HARIV. 1997. sg.<"
PWG-L60034-MBH13.253,13,253,mArutantavya,fehlerhaft,high,,quote-fuzzy,"13,4.53",confirmed,local-GRETIL,mArutantavya,"{#mArutantavya#}¦ MBH. 13,253 (in beiden Ausgg.) fehlerhaft für {#mAnutantavya#}."
PWG-L78170-MBH13.627,13,627,paritrARa,st.,medium,Bomb,quote-fuzzy,"01,11.17",confirmed,local-GRETIL,˚paritrARaM,"trARaM gam#} {%Schutz finden%} MBH. 12,4843. Z. 10, MBH. 13,627 liest die ed. Bomb. richtig {#ikzutElapavitrARAM#} st. {#˚paritrARaM#}."
PWG-L95893-MBH13.634,13,634,vEyAGrapAda,fehlerhaft,high,,quote-fuzzy,"04,6.15",confirmed,local-GRETIL,vEyAGrapAda,"{#vEyAGrapAda#}¦ MBH. 13,634 fehlerhaft für {#vEpAGrapadya#}."
PWG-L106996-MBH13.743,13,743,sarvavAdin,fehlerhaft,high,,quote-fuzzy,"03,39.30",confirmed,local-GRETIL,sarvavAdin,"{#sarvavAdin#}¦ adj.: Śiva MBH. 13,743. vielleicht fehlerhaft für {#˚vedin#}."
PWG-L17467-MBH13.882,13,882,kuc,lies,high,,quote-fuzzy,"13,14.152",confirmed,local-GRETIL,kfzRAkuYcitamUrDaja,"yaM ku˚#}) {#kawAkzAH#} BHARTṚ. 1,3. {#kfzRAkuYcitamUrDaja#} MBH. 13,882. — caus. {%zusammenziehen, einbiegen, verkürzen%}: {#prasAryAkuYcayetsaMDim#} SUŚR. 2,29,9. {#sirAstvAkuccya#} (lies {#AkuYcya#"
PWG-L106775-MBH13.1013,13,1013,sarvataHpARipAda,zu lesen,high,Bomb,quote-fuzzy,"04,6.15",confirmed,local-GRETIL,˚pAdastvaM,"d Füsse habend%} ŚVETĀŚV. UP. 3; 16 = BHAG. 13,13 = MBH. 13,1013 ({#˚pAdastvaM#} mit der ed. Bomb. zu lesen)."
PWG-L80890-MBH13.1085,13,1085,yajurmaya,st.,medium,Bomb,quote-fuzzy,"01,64.31",confirmed,local-GRETIL,yajurBiryat,"4,3,4,5. 10,5,1,5. KAUṢ. UP. 2,6. MBH. 13,1085 (ed. Bomb. besser {#yajurBiryat#} st. {#yajurmayaM#}). MĀRK. P. 78,12. 102,10. <ls n=""MĀRK."
PWG-L98050-MBH13.1354,13,1354,SaraRAkuru,fehlerhaft,high,,quote-fuzzy,"01,122.38",confirmed,local-GRETIL,SaraRAkuru,"{#SaraRAkuru#}¦ adj. MBH. 13,1354 als Beiw. von {#kuSa#} vermuthlich fehlerhaft; nach NĪLAK. subst.: {#vAyvAGAtena vA svayaM vA pakvatayA PalAnAmaDaHpa"
PWG-L57271-MBH13.1393,13,1393,manas,zu lesen,high,,quote-fuzzy,"03,44.32",confirmed,local-GRETIL,cetobudDimanoharEH,"ab>) RAGH. 4,8. {#mamApi harate manaH#} R. 3,38,18. MBH. 13,1393 (wo {#dfzwEva#} zu lesen ist). Spr. 931. {#cetobudDimanoharEH#} MBH. 3,1787. {#viveSa pratyekaM"
PWG-L93713-MBH13.1580,13,1580,viz,lies,high,Bomb,quote-fuzzy,"04,4.43",confirmed,local-GRETIL,arDasidDaM pariviSyamARam,"ntrahInaM kriyAhInaM yacCrAdDaM parivizyate#} (so ed. Bomb.) MBH. 13,1580. fg. {#arDasidDaM pariviSyamARam#} (lies {#parivizya˚#}) MĀRK. P. 51,33. {#parivekzyamARaM vilokyABakzyam#} BHĀG. P."
PWG-L33916-MBH13.1683,13,1683,duz,falsch,medium,,quote-fuzzy,"12,285.34",confirmed,local-GRETIL,taddUzayAta,"aM vA muniBiH kftam . dUzayatyanaBijYAya taM vidyAdbrahmaGAtinam ..#} MBH. 13,1683. — 2〉 {%als falsch, verkehrt, sündhaft bezeichnen, tadeln%}: {#taddUzayAta#} Schol. zu KAP. 1,2"
PWG-L105781-MBH13.1752,13,1752,samIkza,fehlerhaft,high,,quote-fuzzy,"12,166.25",confirmed,local-GRETIL,darSanecCA,"{#AtmavidyA#} Comm.). — d〉 MBH. 3,8247 = 13,1752 fehlerhaft für {#samIhA#}; nach NĪLAK. = {#darSanecCA#}. — Vgl. {#tattv"
PWG-L36831-MBH13.1800,13,1800,DU,lies,high,,quote-fuzzy,"13,27.41",confirmed,local-GRETIL,tUlaM dvijottama . taTA gaNgAvagAQasya sarvapApaM praDUyate,"TA#}) {#tUlaM dvijottama . taTA gaNgAvagAQasya sarvapApaM praDUyate#} MBH. 13,180"
PWG-L23656-MBH13.1998,13,1998,graB,fehlerhaft,high,,quote-fuzzy,"13,31.55",confirmed,local-GRETIL,Sakrastvamiti yo dEtyErnirgfhItaH kilABavat,"#nis#} in der Stelle: {#Sakrastvamiti yo dEtyErnirgfhItaH kilABavat#} MBH. 13,1998 fehlerhaft für {#nigfhItaH#}. — Vgl. {#nirgrAhya#}. — {#pari#} 1〉 {%a"
PWG-L41759-MBH13.2195,13,2195,paRqitamAnin,zu lesen,high,,quote-fuzzy,"04,4.43",confirmed,local-GRETIL,manditamAnini,"3, Sch. MBH. 3,13041. 4,113. 13,2195. R. 3,55,20. 6,7,18. st. {#manditamAnini#} R. GORR. 2,7,3 ist {#paRqita˚#} zu lesen."
PWG-L41759-MBH13.2195,13,2195,paRqitamAnin,st.,medium,,quote-fuzzy,"04,4.43",confirmed,local-GRETIL,manditamAnini,"3, Sch. MBH. 3,13041. 4,113. 13,2195. R. 3,55,20. 6,7,18. st. {#manditamAnini#} R. GORR. 2,7,3 ist {#paRqita˚#} zu lesen."
PWG-L61370-MBH13.2589,13,2589,mUlavyasana,statt,medium,,quote-fuzzy,"04,6.15",confirmed,local-GRETIL,cARqAlasamavfttimant,"#mAraRocitAparADasya mUlaM vaDyastasya vyasanaM rAjAdeSena mAraRam#}. MBH. 13,2589 steht statt dessen {#cARqAlasamavfttimant#}."
PWG-L31803-MBH13.2616,13,2616,datta,zu lesen,high,,quote-fuzzy,"01,111.29",confirmed,local-GRETIL,dattakrItO,"Sohn%} M. 9,159. {#dattakrItO#} (so ist zu lesen) {#putrO#} MBH. 13,2616. Häufig am Ende eines Personennamens, namentlich von <is"
PWG-L86635-MBH13.2752,13,2752,lok,zu lesen,high,Bomb,quote-fuzzy,"01,2.230",confirmed,local-GRETIL,nAvalokayat,"mAsa rAkzasaM BuNkta eva#} [Page6-0576] {#saH#} MBH. 1,6281. 13,2752 ({#nAvalokayat#} mit der ed. Bomb. zu lesen). R. 2,55,25. 3,39,11. 16. <ls n=""R. 3,39,"
PWG-L51596-MBH13.3264,13,3264,PARita,zu lesen,high,,quote-fuzzy,"13,63.26",confirmed,local-GRETIL,udamanTaM sasarpizkaM praBUtamaDiPARitam,"MjAtamavatArya#} 65,21. {#BakzyAnPARitasaMyuktAn#} MBH. 13,3264. HARIV. 7829. {#udamanTaM sasarpizkaM praBUtamaDiPARitam#} (wohl {#praBUtamaDuPA˚#} zu lesen) MBH. 13,3277. 4718 ({#PAlitA rasasaMyuktEH"
PWG-L49414-MBH13.3499,13,3499,praBAva,st.,medium,,quote-fuzzy,"04,66.26",confirmed,local-GRETIL,rucirapraBAvA saBA,"ang%} RAGH. 12,21. Die Bed. {%Pracht%} hat das Wort MBH. 13,3499 [Page4-1041] ({#rucirapraBAvA saBA#}). R. GORR. 1,38,30 liest {#praBAva#} st. {#praBava#} der anderen Recension (37,28). nach MED."
PWG-L114790-MBH13.3512,13,3512,srota,fälschlich,medium,,quote-fuzzy,"07,54.5",confirmed,local-GRETIL,pratisrotam,"BH. 3,2668. 7,895. 12,12459. 13,3512. Hier und da fälschlich {#Srota#} geschrieben. — Vgl. {#sahasra˚#} und {#pratisrotam#} (in de"
PWG-L114658-MBH13.3719,13,3719,syad,fehlerhaft,high,,quote-fuzzy,"03,188.32",confirmed,local-GRETIL,avisyandita,"andate#} [Page7-1396] {#punaH#} so v. a. {%fliessen lassen%} MBH. 13,3719. — {#avisyandita#} KUMĀRAS. 3,47 fehlerhaft für {#avispandita#}. Vgl. {#vizyanda#} fgg. — caus. {%ausgiess"
PWG-L83542-MBH13.3943,13,3943,raB,zu lesen,high,,quote-fuzzy,"04,6.15",confirmed,local-GRETIL,karmARyahamaTAraBam,"Anyo nAraBati varDate#} MBH. 5,1480. {#karmARyahamaTAraBam#} 13,3943. {#nAramBAnAraBetkvacit#} BHĀG. P. 7,13,8. {#vedAdimAraBet#} {%den%} Veda {%beginnen%} nämlich {%zu lesen%} ĀŚV. GṚHY. 3,5,12. {#Ar"
PWG-L44895-MBH13.4355,13,4355,pArzRikzema,zu lesen,high,,quote-fuzzy,"13,91.30",confirmed,local-GRETIL,˚kzemAsamUhaSca,"en Wesens: {#˚kzemAsamUhaSca#} (es ist wohl {#˚kzemaH sa˚#} zu lesen) MBH. 13,4355."
PWG-L20532-MBH13.4463,13,4463,kzuD,zu lesen,high,,quote-fuzzy,"01,25.9",confirmed,local-GRETIL,kzutpipAsA˚,"kzutpipAsApariSrAnta#} SUND. 1,8. {#kzutpara#} (so zu lesen) MBH. 13,4463. {#kzutpipAsA˚#} SUŚR. 1,4,11. {#kzuttfwSrama˚#} <ls n=""S"
PWG-L18427-MBH13.4526,13,4526,kUwa,fälschlich,medium,,quote-fuzzy,"13,95.68",confirmed,local-GRETIL,brahmakUwa,". {#brahmakUwa#} {%der sich fälschlich für einen Brahmanen ausgiebt%} MBH. 13,4526. Auch adj. {%trügerisch,"
PWG-L18427-MBH13.4526,13,4526,kUwa,falsch,medium,,quote-fuzzy,"13,95.68",confirmed,local-GRETIL,brahmakUwa,". {#brahmakUwa#} {%der sich fälschlich für einen Brahmanen ausgiebt%} MBH. 13,4526. Auch adj. {%trügerisch, falsch%}: {#kUwAH syuH pUrvasAkziRaH#} YĀJÑ. 1,80. {#na kUwErAyuDErhanyAdyuDyamAno raRe"
PWG-L55847-MBH13.4529,13,4529,Bogya,zu lesen,high,,quote-fuzzy,"04,4.43",confirmed,local-GRETIL,avaSyaBogyAnAM,"s>RĀJA-TAR. 6,317. {#aBogyA#} (= {#yonidUzitA#} Schol.) MBH. 13,4529. {#avaSyaBogyAnAM#} (so ist zu lesen) {#duHKAnAm#} {%zu leiden, zu ertragen%} Spr. 3546. {#varzaBogyena SApena#}"
PWG-L97001-MBH13.4734,13,4734,SaMs,zu lesen,high,,quote-fuzzy,"08,69.43",confirmed,local-GRETIL,hataM lavaRamASaMsuH,"SaMsi^zam#} ṚV. 10,44,5. {#arikzayam#} MBH. 2,1904. 13,4734 (wohl {#grahAn#} zu lesen). R. GORR. 2,17,7. 26,3. {#hataM lavaRamASaMsuH#} (ohne"
PWG-L64535-MBH13.4964,13,4964,aBilaNGin,fehlerhaft,high,,quote-fuzzy,"08,49.66",confirmed,local-GRETIL,guruSAstrABi˚,"¦ adj. {%übertretend, zuwiderhandelnd%}: {#guruSAstrABi˚#} MBH. 13,4964. Wohl fehlerhaft für {#atilaNGin#}."
PWG-L30476-MBH13.5018,13,5018,tejas,lies,high,,quote-fuzzy,"13,23.10",confirmed,local-GRETIL,SfRu me pArTa caturRAM tejasAM matam . pfTivyAM,"ich nicht enge an das Vorangehende anschlösse, zu 1. gestellt werden) 5018. {#tatremaM#} (sic) {#SfRu me pArTa caturRAM tejasAM matam . pfTivyAM#} (lies: {#pfTivyAH#}) {#kASyapasyAgnermArkaRqeyasya cE"
PWG-L99451-MBH13.5024,13,5024,SiraHsnAta,st.,medium,Bomb,quote-fuzzy,"04,66.26",confirmed,local-GRETIL,SirasnAtastu,"ex>adj. {%der sich den Kopf gereinigt hat%} M. 4,83 (= MBH. 13,5024, wo die ed. Bomb. {#SirasnAtastu#} st. {#SiraHsnAtESca#} der ed. Calc. liest). MBH. 13,5081."
PWG-L67940-MBH13.5069,13,5069,uddIpaka,fehlerhaft,high,,quote-fuzzy,"08,69.43",confirmed,local-GRETIL,praBAtedI˚,age5-1176] — 2〉
PWG-L91581-MBH13.5384,13,5384,vid,st.,medium,Bomb,quote-fuzzy,"03,82.41",confirmed,local-GRETIL,vidyAdbahusuvarRakam,",8885. {#vidyAdbahusuvarRakam#} ({#vindyA˚#} ed. Bomb.) 13,5384. — caus. {#vedayate#} ({#cetanAKyAnavivAsezu#} DHĀTUP. 33,34. {#vedana#} st. {#cetana#} und {#vivAsa, nivedana, parivAdana#} und {#vAda#"
PWG-L65070-MBH13.5551,13,5551,arj,fehlerhaft,high,,quote-fuzzy,"08,69.43",confirmed,local-GRETIL,arTamupArjayasva,"5,24. — {#samA#}, {#samArjita#} {%erworben, erlangt%} MBH. 13,5551 wohl fehlerhaft für {#samarjita#}. — {#upa#} 2〉 {#arTamupArjayasva#} Spr. 2165. <div"
PWG-L94317-MBH13.5552,13,5552,vihiMsaka,zu schreiben,high,,quote-fuzzy,"01,213.8",confirmed,local-GRETIL,arjayitvAvi˚,"en ein Leid zufügend%} MBH. 3,539. 5,1347. 13,5552 ({#arjayitvAvi˚#} zu schreiben). {#BUtAnAm#} 12,2966. 13,4967. {#brahmasvasya#} {%an"
PWG-L85638-MBH13.5599,13,5599,lakzaRya,st.,medium,,quote-fuzzy,"01,15.3",confirmed,local-GRETIL,sarvalakzaRa˚,"YĀJÑ. 1,52. 80. MBH. 13,2509. 5599. R. 2,109,5. {#sarvalakzaRa˚#} PAÑCAR. 4,3,42. st. {#alakzaRyaM#} ({#divAkaram#}) {%kein rechtes Aussehen habend%} MBH. 6,5209"
PWG-L85308-MBH13.5665,13,5665,rEvata,st.,medium,Bomb,quote-fuzzy,"13,116.67",confirmed,local-GRETIL,rEvatena ranti˚,"LALIT. ed. Calc. 295,3. eines Fürsten MBH. 5,3788. 13,5665 ({#rEvate ranti˚#} st. {#rEvatena ranti˚#} ed. Bomb.). HARIV. 5250 (patron. von"
PWG-L49829-MBH13.5873,13,5873,pravAsa,zu lesen,high,,quote-fuzzy,"08,69.43",confirmed,local-GRETIL,apravAsagamana,"ing auf Reisen%} MBH. 1,748. {#pravAsaM yadi me yAti BartA#} 13,5873. {#pravAsaM tApaso#} (so ist mit der Bomb. Ausg. zu lesen) {#gataH#} R. 2,47,5. {#apravAsagamana#} Spr. 755. {#pravAsAdupAvfttaH#"
PWG-L92774-MBH13.6415,13,6415,virama,fehlerhaft,high,,quote-fuzzy,"01,1.110",confirmed,local-GRETIL,adattAdAna˚,"— 2〉 {%das Abstehen von, Sichenthalten%}: {#adattAdAna˚#} MBH. 13,6415. — {#virame 'tra#} RĀJA-TAR. 4,427 fehlerhaft für {#viramenna#}; vgl. Spr. 2691. Vgl. {#virAma#}."
PWG-L106569-MBH13.6460,13,6460,sarj,fehlerhaft,high,Bomb,quote-fuzzy,"01,213.33",confirmed,local-GRETIL,susaMmfzwa˚,". 12,"">10520). {#susaMsfzwaniveSana#} 13,5876. 6460 fehlerhaft für {#susaMmfzwa˚#} (so ed. Bomb. an der ersten Stelle). Vgl. {#saMsarg"
PWG-L57827-MBH13.6549,13,6549,maru,st.,medium,Bomb,quote-fuzzy,"13,7.18",confirmed,local-GRETIL,maruM sADayataH,"üste, das Nicht-Trinken%}: {#maruM sADayataH#} MBH. 13,2939. 6549 ({#saMsADyaM#} st. {#saMsevya#} ed. Bomb.). HARIV. 1213. — 3〉 {%Berg, Fels"
PWG-L57924-MBH13.7219,13,7219,marj,st.,medium,Bomb,quote-fuzzy,"03,61.34",confirmed,local-GRETIL,˚salilAmApagAm,"ed. Bomb.) {#.#} {#brAhmaREraBiSastaH sanbaBUva lavaRodakaH ..#} MBH. 13,7219. {#˚salilAmApagAm#} ({#svAdu#} st. {#mfzwa#} MBH. 3,2436) N. (BOPP) 12,36. HARIV. 8415."
PWG-L54756-MBH13.7302,13,7302,BAz,fehlerhaft,high,,quote-fuzzy,"01,69.43",confirmed,local-GRETIL,samABAzaRa,"""v"">— Vgl. {#samABAzaRa#}. — {#ud#}, {#udBAzita#} MBH. 13,7302 und PAÑCAR. 4,3,30 fehlerhaft für {#udBAsita#}. — {#pari#} 1〉 {%Jmd%} (acc.) {%zusprechen, zureden,"
PWG-L57924-MBH13.7426,13,7426,marj,fehlerhaft,high,,quote-fuzzy,"04,10.7",confirmed,local-GRETIL,mrakzayati,"{#mrakzayati#} oder {#mfkzayati#} {%salben%} DHĀTUP. 32,119) 7426. — {#aByamfjyanta#} ŚAT. BR. 14,1,1,12 fehlerhaft für {#aByasfjyanta#}. — {#ava#} {%streichen, wischen%}: {#avAYcaM grahamavamAr"
PWG-L37008-MBH13.7676,13,7676,DfzwaraTa,zu lesen,high,,quote-fuzzy,"05,165.5",confirmed,local-GRETIL,˚raTo nfpaH,"}¦ ({#Dfzwa#} + {#raTa#}) m. N. pr. eines Fürsten MBH. 13,7676, wo {#˚raTo nfpaH#} zu lesen ist."
PWG-L103114-MBH13.7713,13,7713,saMskaraRa,fälschlich,medium,,quote-fuzzy,"01,199.36",confirmed,local-GRETIL,saMskAraRa,"erz. d. Oxf. H. 156,a,26 (fälschlich {#saMskAraRa#}). {#BIzma˚#} MBH. 13,7713."
PWG-L116085-MBH14.115,14,115,har,zu lesen,high,Bomb,quote-fuzzy,"04,38.34",confirmed,local-GRETIL,kAyAdasArAtsAram,"} YĀJÑ. 1,97. 2,35. MBH. 3,3036. 14,115 ({#AjaharTa#} mit der ed. Bomb. zu lesen). R. 4,43,34. {#kAyAdasArAtsAram#} Spr. (II) 2750. VARĀH. BṚH. 27 ("
PWG-L83705-MBH14.571,14,571,ras,fehlerhaft,high,Bomb,quote-fuzzy,"02,16.23",confirmed,local-GRETIL,rasyamAnatA,"D. 6,22. {#rasyamAnatA#} 24,2. — {#rasati#} MBH. 14,571 fehlerhaft für {#rasatvaM#}, wie die ed. Bomb. liest. {#rasayati#} ist wohl als denom.<"
PWG-L44598-MBH14.600,14,600,pAraga,zu lesen,high,,quote-fuzzy,"01,60.47",confirmed,local-GRETIL,sarvaSastrAstra˚,". 11,5. {#sarvaSastrAstra˚#} MBH. 4,1427. 14,600. HARIV. 4138. R. 1,5,20. 6,4,25 (wo {#sa cAstra˚#} zu lesen ist). VARĀH. BṚH. S. 2,e. Ind. St. 3,259,1 v. u. BHĀG. P. 4,1,63</l"
PWG-L29010-MBH14.913,14,913,tarj,fehlerhaft,high,,quote-fuzzy,"01,92.27",confirmed,local-GRETIL,nyakkurvARAH,"b>Sch. = {#nyakkurvARAH#}) BHAṬṬ. 7,36. — {#tarjayase#} MBH. 14,913 fehlerhaft für {#tarkayase#}. — {#aBi#} {%Jmd hart anfahren, schmähen%}: {#tAM paruzErvAk"
PWG-L49581-MBH14.1035,14,1035,pramodana,fehlerhaft,high,,quote-fuzzy,"13,46.4",confirmed,local-GRETIL,sapramodanam,"n=""1"">— 2〉 n. a〉 {%das Sichfreuen, Frohsein%} MBH. 14,1035. {#sapramodanam#} adv. DHŪRTAS. 87,8 wohl fehlerhaft für {#sapramodam#}. — b〉 {%das Erfreuen%} MBH. 7,1451. 8"
PWG-L107795-MBH14.1695,14,1695,sahAyavant,zu schreiben,high,,quote-fuzzy,"01,55.36",confirmed,local-GRETIL,vyavasAya˚,"end%} R. 5,81,2. {#madayantI˚#} {%in Begleitung von, nebst%} MBH. 14,1695. R. GORR. 2,78,20. 3,47,18. {#vyavasAya˚#} (so ist zu schreiben) so v. a. {%ausgerüstet —, versehen mit%} 70,16. {#kAla"
PWG-L39857-MBH14.1901,14,1901,niveSana,st.,medium,,quote-fuzzy,"06,114.71",confirmed,local-GRETIL,sEnyAnAM ni˚,"könnte eben so wohl zu {%e.%} gestellt werden) MBH. 3,14849. 14,1901. {#sEnya˚#} {%das Heer Lager beziehen lassen%} KULL._zu_M. 7,154; hiernach ist KĀM. NĪTIS. 5,78 st. {#SUnyAnAM niveSanam#} zu lesen"
PWG-L50820-MBH14.2357,14,2357,prAya,fehlerhaft,high,,quote-fuzzy,"12,47.20",confirmed,local-GRETIL,prAyamupAsmahe,"s n=""R. 4,"">56,24. {#ASizye#} fehlerhaft st. {#Asizye#} MBH. 14,2357. R. 2,21,27. 4,53,15. 55,12. {#ASituM#} fehlerhaft st. {#Asitum#} 18. {#prAyamupAsmahe#} 53,11</ls"
PWG-L50820-MBH14.2357,14,2357,prAya,st.,medium,,quote-fuzzy,"12,47.20",confirmed,local-GRETIL,prAyamupAsmahe,"s n=""R. 4,"">56,24. {#ASizye#} fehlerhaft st. {#Asizye#} MBH. 14,2357. R. 2,21,27. 4,53,15. 55,12. {#ASituM#} fehlerhaft st. {#Asitum#} 18. {#prAyamupAsmahe#} 53,11. <ls n"
PWG-L88503-MBH15.191,15,191,vart,fehlerhaft,high,Bomb,quote-fuzzy,"08,65.13",confirmed,local-GRETIL,susaMvftta,"hörbar war%} MĀRK. P. 22,26. — 7〉 {#susaMvftta#} MBH. 15,191 fehlerhaft für {#susaMvfta#} ({%recht verborgen%}), wie die ed. Bomb. liest. — <"
PWG-L48066-MBH15.208,15,208,praRetar,lies,high,,quote-fuzzy,"08,21.17",confirmed,local-GRETIL,gajAngajapra˚,"yuDAm#} 5,704. {#senA˚#} 5101. 15,208. {#rAsa˚#} HARIV. 8406. {#gajAnrAjapraRetFMSca#} (lies: {#gajAngajapra˚#}) MBH. 8,1221. 4,974. {#sarpasattre#} KA"
PWG-L107279-MBH15.555,15,555,salokatA,zu lesen,high,Bomb,quote-fuzzy,"07,125.25",confirmed,local-GRETIL,gantA salo˚,"/ls> ({#gantA salo˚#} ed. Bomb.). 14,1014. 15,555. R. 2,74,4. R. GORR. 2,68,36. MĀRK. P. 129,33. 132,43 ({#salokatAM#} zu lesen). BHĀG. P. 5,2,21. {#surEH#} MBH. 7,2002. {#indra˚#} R. 3,10,15</ls"
PWG-L56343-MBH16.44,16,44,maYjizWa,fehlerhaft,high,,quote-fuzzy,"16,3.10",confirmed,local-GRETIL,nIlalohitamaYjizWA visfjannarcizaH pfTak (viBAvasuH),"n Krapps)%}: {#nIlalohitamaYjizWA visfjannarcizaH pfTak (viBAvasuH)#} MBH. 16,44. Wohl fehlerhaft für {#mAYjizWa#}."
PWG-L85093-MBH16.200,16,200,ruh,lies,high,,quote-fuzzy,"16,8.24",confirmed,local-GRETIL,taM citAgnigatam — anvAruruhuH patnyaScatasraH,"ORR. 2,13,26. {#taM citAgnigatam — anvAruruhuH patnyaScatasraH#} MBH. 16,200. {#yA tvAM citAM samArUQaM na tvArokzyati#} (lies {#nAnvAro˚#}) R. GORR. 2,68,36. {#SArIra AtmA prAjYenAtmanAnvArUQaH#} {%e"
PWG-L48224-MBH18.21,18,21,praticikIrzu,fehlerhaft,high,,quote-fuzzy,"11,10.14",confirmed,local-GRETIL,pratijihIrzu,"lex>adj. {%zu vergelten —, zu erwiedern verlangend%}: {#vEram#} MBH. 18,21. Statt dessen wohl fehlerhaft {#pratijihIrzu#} 11,302 (vgl. {#vEraM pratijihIrzatA#} 352)."
PWG-L111464-MBH18.306,18,306,suvarRaka,st.,medium,Bomb,quote-fuzzy,"01,213.42",confirmed,local-GRETIL,paYcasuvarRakam,"ir st. {#nizka#} der ed. Bomb.) {#paYcasuvarRakam#} MBH. 18,306. <div n="""
PWG-L113928-MBH2.95,2,95,sTA,zu lesen,high,Bomb,quote-fuzzy,"04,1.21",confirmed,local-GRETIL,sunizWitAm,"GOBH. 1,3,19. PAT._zu_P. 7,3,78. {#saBA#} MBH. 2,95. R. 2,56,17. 5,12,39. {#su˚#} 1,12,10. 2,91,15 ({#sunizWitAm#} mit der ed. Bomb. zu lesen). — Vgl. {#nizWa#} fgg. und {#ni#}. — caus. <div n="
PWG-L113683-MBH2.452,2,452,stutiSastra,fehlerhaft,high,Bomb,quote-fuzzy,"03,110.29",confirmed,local-GRETIL,stutaSastra,"tiSastra#}¦ (ed. Bomb.) und {#˚SAstra#} (ed. Calc.) MBH. 2,452 wohl nur fehlerhaft für {#stutaSastra#} (s. u. 1. {#stu#})."
PWG-L48334-MBH2.475,2,475,pratipad,druckfehler,high,,quote-fuzzy,"12,192.124",confirmed,local-GRETIL,pratipadBiH,"4. — Vgl. {#a˚, prAtipada#}. {#pratipadBiH#} MBH. 2,475 Druckfehler für {#pratiyadBiH#}."
PWG-L63183-MBH2.619,2,619,aDi,lies,high,,quote-fuzzy,"08,69.43",confirmed,local-GRETIL,yojanAvaDi,"ojanAdaDi#} so v. a. {%ein%} Yojana {%in der Höhe%} MBH. 2,619 ({#yojanAvaDi#} die neuere Ausg.). — γ〉 *Z. 5 lies 11,8,1 st. 11,10,1. — δ〉 {#DanAdDarmaH praBavati SElAdaDi#} (Conj"
PWG-L63183-MBH2.619,2,619,aDi,st.,medium,,quote-fuzzy,"08,69.43",confirmed,local-GRETIL,yojanAvaDi,"ojanAdaDi#} so v. a. {%ein%} Yojana {%in der Höhe%} MBH. 2,619 ({#yojanAvaDi#} die neuere Ausg.). — γ〉 *Z. 5 lies 11,8,1 st. 11,10,1. — δ〉 {#DanAdDarmaH praBavati SElAdaDi#} (Conj. für {#aB"
PWG-L22170-MBH2.696,2,696,gA,lies,high,,quote-fuzzy,"08,69.43",confirmed,local-GRETIL,tasya yOvanamaByagAt,"ls>BHĀG. P. 4,27,6. {#tasya yOvanamaByagAt#} (lies: {#atyagAt#}) MBH. 2,696. — 2〉 {%hingehen, sterben%}: {#kenAtyagAdrAj"
PWG-L22170-MBH2.696,2,696,gA,fehlerhaft,high,,quote-fuzzy,"08,69.43",confirmed,local-GRETIL,tasya yOvanamaByagAt,"trI tuzwimaByagAt#} MBH. 3,16625. — {#tasya yOvanamaByagAt#} MBH. 2,696 fehlerhaft für {#atyagAt#}. — {#ava#} 1〉 {%weggehen, abhanden kommen%}: {#mA no dyU\te 'v"
PWG-L102991-MBH2.1126,2,1126,saMSaya,zu lesen,high,,quote-fuzzy,"04,6.15",confirmed,local-GRETIL,prARAnAM saMSayAvahaH,"te rAmanipAtAttu#} 3,43,39. {#prARAnAM saMSayAvahaH#}"
PWG-L63533-MBH2.1208,2,1208,anukarza,zu lesen,high,,quote-fuzzy,"02,30.5",confirmed,local-GRETIL,avarzaM cAtivarzaM ca vyADi˚,"drAjakIyadravyasyAtIvarzasya fRatvena DAraRam#}. Es ist aber wohl wie 2,1208 zu lesen {#avarzaM cAtivarzaM ca vyADi˚#}."
PWG-L27412-MBH2.2204,2,2204,ji,zu lesen,high,,quote-fuzzy,"04,4.43",confirmed,local-GRETIL,yadAtmAnaM parAjayeH,"te 'styaparAjitam#} MBH. 2,2141. 2167. 2204. {#yadAtmAnaM parAjayeH#} (so ist mit WEST. zu lesen) 2170. — 2〉 {%besiegt werden, unterliegen%}: {#u\BA ji^gy"
PWG-L40622-MBH2.2204,2,2204,nu,zu lesen,high,,quote-fuzzy,"02,60.8",confirmed,local-GRETIL,kiM nu pUrvaM parAjEzIrAtmAnamaTa vA nu mAm,"} KIR. 8,35. {#kiM nu pUrvaM parAjEzIrAtmAnamaTa vA nu mAm#} MBH. 2,2204. {#grahIpyati hastinaH kiM mfgayAM nu carizyati . hanizyati na#} (wohl {#nu#} zu lesen) {#KalvasmAnsEnyaM hyetadamAnuzam#} R. G"
PWG-L100213-MBH3.590,3,590,Suc,fälschlich,medium,Calc,quote-fuzzy,"01,71.36",confirmed,local-GRETIL,mEvaM SucaH,"a#} 15,101. {#mEvaM SucaH#} MBH. 1,3229. 3,590 ({#Suca#} fälschlich ed. Calc.). 2472. 5,7027. BHAG. 16,5<"
PWG-L106410-MBH3.665,3,665,sar,fehlerhaft,high,Bomb,quote-fuzzy,"04,1.0",confirmed,local-GRETIL,atisArayAmAsa,"ab> {#atisara, atisAra, atIsAra#}. — caus. {#atisArayAmAsa#} MBH. 3,665 fehlerhaft für {#aBi˚#}, wie die ed. Bomb. liest. — pass. {%Durchfall haben%} (<ab"
PWG-L32475-MBH3.936,3,936,dAtyUha,lies,high,,quote-fuzzy,"01,16.36",confirmed,local-GRETIL,kAlakaRWake,"s>M. 5,12. YĀJÑ. 1,172 (ST.</"
PWG-L64130-MBH3.1054,3,1054,aparADin,zu lesen,high,,quote-fuzzy,"02,72.36",confirmed,local-GRETIL,aparADyasmi,"ge noch hinzu: {%der Jmd eine Beleidigung —, ein Leid zugefügt hat%}. MBH. 3,1054. Spr. 183. KATHĀS. 16,115 (wo {#aparADyasmi#} zu lesen ist). 55,130. 57,134. {#parihAsApa˚#} <ls n=""KA"
PWG-L63862-MBH3.1228,3,1228,antatas,lies,high,,quote-fuzzy,"03,33.25",confirmed,local-GRETIL,tile tElaM gavi kzIraM kAzWe pAvakamantataH . DiyA DIro vijAnIyAt,"{#tile tElaM gavi kzIraM kAzWe pAvakamantataH . DiyA DIro vijAnIyAt#} MBH. 3,1228. Z. 2 lies KAUŚ. — 6〉 {%wenigstens%}: {#trirAtramantataH#} PĀR. GṚHY. 2,1</l"
PWG-L106410-MBH3.1739,3,1739,sar,fälschlich,medium,,quote-fuzzy,"03,13.34",confirmed,local-GRETIL,tvacCarIra˚,"II) 6027. {#kroDa˚ (agni)#} MBH. 3,187. {#tvacCarIra˚#} 1739. R. 3,79,29. VIKR. 43. VARĀH. BṚH. S. 1,5. 33,13. MĀRK. P. 56,21 (fälschlich {#˚vinisftAH#} gedr.). BHĀG. P. 4,21,30. — {#anuvinis#} {%de"
PWG-L55050-MBH3.2167,3,2167,Buj,zu lesen,high,Bomb,quote-fuzzy,"01,69.43",confirmed,local-GRETIL,trElokyavijayaM putra,"itrAH srajastaTA . BUzaRAni ca muKyAni devAnprApya tu BuNkzva vE ..#} MBH. 3,2167. {#Ayuzyam, yaSasyam, Sriyam, ftam#} M. 2,52. {#trElokyavijayaM putra#} (so ist mit der ed. Bomb. zu lesen) {#saha Bok"
PWG-L116085-MBH3.2177,3,2177,har,fehlerhaft,high,,quote-fuzzy,"03,86.6",confirmed,local-GRETIL,pratyAharaRa,",325. — 7〉 DRAUP. 6,7. MBH. 2,2649. 3,2177 fehlerhaft für {#pravyA#}. — {#pratyAharaRa#} fgg. — {#vyA#} 1〉 {%aussprechen, s"
PWG-L91581-MBH3.2246,3,2246,vid,st.,medium,,quote-fuzzy,"03,72.16",confirmed,local-GRETIL,AtmEva hi nalaM veda,"M. 11,264. fg. 12,106. MBH. 3,1651. 2246. {#AtmEva hi nalaM veda#} (st. dessen {#vetti#} 2904) {#yA cAsya tadanantarA . nahi vE svAni l"
PWG-L56300-MBH3.2251,3,2251,majj,st.,medium,,quote-fuzzy,"03,55.11",confirmed,local-GRETIL,kfcCre sa narake majjedagADe vipule hrade,"i#} M. 11,263. {#kfcCre sa narake majjedagADe vipule hrade#} MBH. 3,2251. {#majjatyeko hi niraye#} Spr. 3821. {#so 'saMvftaM nAma tamaH#} (acc. st. loc.) {#saha tenEva majjati#} M. 4,81. {#atapAstvana"
PWG-L15071-MBH3.2289,3,2289,kar,lies,high,,quote-fuzzy,"01,18.11",confirmed,local-GRETIL,aBavizyadetezAm,"n=""R."">2,21,31. 3,27,3. 40,6. MBH. 3,2289. BHAG. 18,73. PAÑCAT. 32,11. 191,6 [Page2-0083] (lies: {#akarizyannete#} und {#aBavizyadetezAm#}). I, 358. Hierher lässt s"
PWG-L86354-MBH3.2453,3,2453,liK,fehlerhaft,high,,quote-fuzzy,"03,61.50",confirmed,local-GRETIL,samulliKadBiH,"Ani nAmAni samullileKa ..#} TRIK. 1,1,2. — {#samulliKadBiH#} MBH. 3,2453 fehlerhaft für {#Kamulli˚#}. — {#upa#} {%umreissen, umgrenzen%}: {#vedIM lakzaRenopaliKya"
PWG-L106590-MBH3.2513,3,2513,sarp,zu lesen,high,,quote-fuzzy,"01,139.17",confirmed,local-GRETIL,anusarpati,",22 ({#anusarpati#} MBH. 1,6201). MBH. 2,2701. 3,2513 ({#upasarpa#} nach NĪLAK. = {#upasasarpa#}; v. l. {#upasarpya#}, wofur {#upasfpya#} zu lesen ist). 14875. 4,1601. 5,7525. <ls"
PWG-L21814-MBH3.2555,3,2555,gam,fälschlich,medium,,quote-fuzzy,"01,0.0",confirmed,local-GRETIL,anvayagata,"a, paryAyAgata#}. {%was sich zugetragen hat%}: {"
PWG-L116887-MBH3.2716,3,2716,hi,st.,medium,Bomb,quote-fuzzy,"03,61.123",confirmed,local-GRETIL,paSyAmyasminvane hyamanuzyanizevite,"a: {#paSyAmyasminvane hyamanuzyanizevite#} MBH. 3,2528. 2716. (ed. Bomb. {#su#} st. {#hi#}). VARĀH. BṚH. S. 105,6. H. 131. zur Gewinnung einer Länge <"
PWG-L107621-MBH3.5037,3,5037,sahasraka,fehlerhaft,high,Bomb,quote-fuzzy,"03,80.106",confirmed,local-GRETIL,˚sahasrikI,"araSatam#} 89,b,35. — {#abdasahasrakI#} MBH. 3,5037 fehlerhaft für {#˚sahasrikI#}, wie die ed. Bomb. liest. — Vgl. {#sahasr"
PWG-L49254-MBH3.6087,3,6087,pranftyavant,fehlerhaft,high,,quote-fuzzy,"09,37.34",confirmed,local-GRETIL,pranfttavant,"{#pranftyavant#}¦ MBH. 3,6087 fehlerhaft für {#pranfttavant#} (s. u. {#nart#} mit {#pra#})."
PWG-L103025-MBH3.8370,3,8370,saMSraya,zu lesen,high,,quote-fuzzy,"01,2.233",confirmed,local-GRETIL,atra saMSrayArTAya,"v n=""1"">— 6〉 {%das Sichbegeben an einen Ort%}: {#atra saMSrayArTAya#} MBH. 3,8370. {#vanasaMSrayAt#} MĀRK. P. 109,23. 24 (wohl {#˚saMSrayaH#} zu lesen). {#svanIqasaMSrayaM cakratuH#} PAÑCAT. 76,9. — 7"
PWG-L90750-MBH3.8379,3,8379,viMSati,zu lesen,high,,quote-fuzzy,"04,6.15",confirmed,local-GRETIL,viMSatyA vatsarEH,". {#narakAnekaviMSatim#} M. 4,87. 5,35. MBH. 3,8379 ({#viMSatiM#} zu lesen, eine von NĪLAK. gekannte Lesart). {#viMSatyA vatsarEH#} RĀJA-TAR. 6,20"
PWG-L30296-MBH3.10698,3,10698,tUzRIMgaNgam,zu lesen,high,,quote-fuzzy,"03,135.7",confirmed,local-GRETIL,tUzRIMgaNge,"einherfliesst%} P. 2,1,21, Sch. Statt {#uzRIgaNge#} MBH. 3,10698 ist wohl {#tUzRIMgaNge#} zu lesen."
PWG-L51753-MBH3.10727,3,10727,banD,fälschlich,medium,,quote-fuzzy,"03,135.36",confirmed,local-GRETIL,banDizyati,"ls>P. 7,2,10. {#banDizyati#} HARIV. 14323. {#banDizye#} MBH. 3,10727; {#bandDum#} (hier und da fälschlich {#badDum#}), {#banDitum#} R. 2,18,23; {#badDvA/#}; pass. {#baDyateH#} <"
PWG-L17687-MBH3.10953,3,10953,kutra,st.,medium,,quote-fuzzy,"02,72.36",confirmed,local-GRETIL,kutracitaM,"ds, nirgendswohin%"
PWG-L49619-MBH3.11173,3,11173,prayAtavya,zu lesen,high,,quote-fuzzy,"04,61.22",confirmed,local-GRETIL,pramAtavyaH,"pass. {%proficiscendum, eundum%}: {#yadyavaSyaM ˚yam#} MBH. 3,11173. KATHĀS. 32,57. {#˚vyamudayAdrO mayA#} VID. 280. {%anzugreifen%}: {#paScAdeza ˚vyaH#} (oder ist etwa {#pramAtavyaH#} zu lesen?) MBH."
PWG-L10490-MBH3.11258,3,11258,Iti,zu lesen,high,,quote-fuzzy,"04,66.26",confirmed,local-GRETIL,praSAmyantu,"..#} PARĀŚARA_im_ŚKDR. (u. {#ativfzwi#}). MBH. 3,11258. {#Itayaste#} (so ist zu lesen) {#praSAmyantu#} SUŚR. 1,17,19. {#prajA nirItayaH#} RAGH. 1,63. {#nirIt"
PWG-L42000-MBH3.11312,3,11312,pad,zu lesen,high,,quote-fuzzy,"08,69.43",confirmed,local-GRETIL,pratipannaSca sarvaSaH,"ls>MBH. 2,1949. {#budDyA svapratipannezu kuryAtsADuzvanugraham#} 3,11312. {#kaccittvaM dvizatAmarTaH#} (doch wohl {#arTe#} zu lesen) {#pratipannaSca sarvaSaH#} R. GORR. 2,109,46. {%gekannt%}, = {#vidi"
PWG-L69878-MBH3.11383,3,11383,kart,st.,medium,Bomb,quote-fuzzy,"08,65.13",confirmed,local-GRETIL,prakartata,"na#}. — {#pra#}, {#vikartata#} st. {#prakartata#} MBH. 3,11383, ed. Bomb."
PWG-L84768-MBH3.11912,3,11912,ripu,st.,medium,,quote-fuzzy,"12,117.28",confirmed,local-GRETIL,˚nAgakulAntaka,"."">79,24. {#˚nAgakulAntaka#} RĀJA-TAR. 1,89. {#Sakra˚#} MBH. 3,11912. {#krOYca˚#} Spr. 64; vgl. H. 10 (wo die v. l. {#ripu#} st. {#ari#} hat) und {#madana˚, maDu˚#}. In der Astrol. {%ein feindlicher P"
PWG-L83258-MBH3.12198,3,12198,ratnadruma,zu lesen,high,Bomb,quote-fuzzy,"13,80.24",confirmed,local-GRETIL,˚mayEScitrEH,"avfkza#}); davon adj. {#˚maya#} {%aus Korallen bestehend%} MBH. 3,12198, wo mit der ed. Bomb. {#˚mayEScitrEH#} zu lesen ist."
PWG-L22333-MBH3.12230,3,12230,gArDravAjita,fehlerhaft,high,,quote-fuzzy,"04,6.15",confirmed,local-GRETIL,gArDarAjita,"A˚#} + {#vAja#}) dass. MBH. 4,1515. {#gArDarAjita#} 3,12230 = ARJ. 10,34 wohl nur fehlerhaft. — Vgl. {#gfDravAja, gfDravAjita#}."
PWG-L73883-MBH3.12235,3,12235,cud,statt,medium,,quote-fuzzy,"03,255.6",confirmed,local-GRETIL,˚pracoditEH,"pracoditEH#} aus metrischen Rücksichten) {%geschnellt, abgeschossen%} MBH. 3,12235"
PWG-L72200-MBH3.12389,3,12389,kzveqana,zu lesen,high,Bomb,quote-fuzzy,"03,175.15",confirmed,local-GRETIL,˚kzveqanAdena,"{#kzveqana#}¦, MBH. 3,12389 (so ist zu lesen) hat die ed. Bomb. richtig {#˚kzveqanAdena#} st. {#˚kzveqanAdeva; kzveq"
PWG-L72200-MBH3.12389,3,12389,kzveqana,st.,medium,Bomb,quote-fuzzy,"03,175.15",confirmed,local-GRETIL,˚kzveqanAdena,"{#kzveqana#}¦, MBH. 3,12389 (so ist zu lesen) hat die ed. Bomb. richtig {#˚kzveqanAdena#} st. {#˚kzveqanAdeva; kzveqa#} hat hier die Bed. {%Gift%}."
PWG-L96002-MBH3.12755,3,12755,vEvasvata,zu lesen,high,,quote-fuzzy,"03,185.10",confirmed,local-GRETIL,manurvEva˚,". 8,10,24. ŚAT. BR. 13,4,3,3. ĀŚV. ŚR. 10,7,1. MBH. 3,12755. HARIV. 410. 442. 542. 552 ({#manurvEva˚#} mit der neueren Ausg. zu lesen). R. 1,70,20. RAGH. 1,11. VP. 264. 266. <ls n"
PWG-L58711-MBH3.13248,3,13248,mahAbrAhmaRa,zu lesen,high,Bomb,quote-fuzzy,"13,14.1",confirmed,local-GRETIL,brAhmaRamahABAgya,"es at funeral ceremonies%} WILS. Statt {#mahAbrAhmaRaBAgya#} MBH. 3,13248 ist mit der ed. Bomb. {#brAhmaRamahABAgya#} zu lesen. — 2〉 n. {%das grosse%} Brāhmaṇa, Bez. des Pa"
PWG-L88101-MBH3.13755,3,13755,var,fehlerhaft,high,,quote-fuzzy,"03,198.52",confirmed,local-GRETIL,vasanasyeva cCidrARi sADUnAM vivfRoti yaH,"erhüllen, verstopfen%}: {#vasanasyeva cCidrARi sADUnAM vivfRoti yaH#} MBH. 3,13755. {#viSezataH pidaDAti#} NĪLAK.; offenbar fehlerhaft für {#pivfRoti#} (s. u. {#api#}). — {#vivftEH#} HARIV. 3926 fehle"
PWG-L88101-MBH3.13755,3,13755,var,fehlerhaft,high,,quote-fuzzy,"03,198.52",confirmed,local-GRETIL,vasanasyeva cCidrARi sADUnAM vivfRoti yaH,"erhüllen, verstopfen%}: {#vasanasyeva cCidrARi sADUnAM vivfRoti yaH#} MBH. 3,13755. {#viSezataH pidaDAti#} NĪLAK.; offenbar fehlerhaft für {#pivfRoti#} (s. u. {#api#}). — {#vivftEH#} HARIV. 3926 fehle"
PWG-L81094-MBH3.14417,3,14417,yat,zu lesen,high,Bomb,quote-fuzzy,"03,218.16",confirmed,local-GRETIL,Bede prayatizyanti,"yatettasya rakzaRe#} MBH. 14,1186. 3,2726. 14417 (wo mit der ed. Bomb. {#Bede prayatizyanti#} zu lesen ist). HARIV. 5284. {#mayA — tadvyAKyAyAM prayatyate#} Verz. d. Oxf. H. 264,a"
PWG-L88916-MBH3.14758,3,14758,vas,fehlerhaft,high,Bomb,quote-fuzzy,"04,6.15",confirmed,local-GRETIL,anuvatsyate,"anuvAsanaH#}) SUŚR. 2,198,8. — 4〉 {#anuvatsyate#} MBH. 3,14758 fehlerhaft für {#anuvartsyate#}, wie die ed. Bomb. liest. — Vgl. {#anuv"
PWG-L114765-MBH3.14767,3,14767,sru,zu lesen,high,,quote-fuzzy,"03,225.27",confirmed,local-GRETIL,Bidyeta na ca sraveta na ca prasicyedapi,"{#Bidyeta na ca sraveta na ca prasicyedapi#} [Page7-1406] ({#arTaH#}) MBH. 3,14767</"
PWG-L82233-MBH3.15645,3,15645,yuD,st.,medium,,quote-fuzzy,"03,79.1",confirmed,local-GRETIL,tatrAyuDAnA,"3,10. — {#A#} {%bekämpfen%}: {#yaH krudDamAyotsyasi#} MBH. 3,15645. st. {#tatrAyuDAnA#} HARIV. 7959 liest die neuere Ausg. {#tatra praDAnA"
PWG-L89553-MBH3.15672,3,15672,vAjin,zu lesen,high,,quote-fuzzy,"04,6.15",confirmed,local-GRETIL,dfSya vAjinam,"n=""Spr."">3746. MBH. 3,1720. 2823. 15672. HARIV. 11253 (wo mit der neueren Ausg. {#dfSya vAjinam#} zu lesen ist). R. 1,54,12. 2,39,13. 40,22. <ls n=""R. 2"
PWG-L43687-MBH3.15772,3,15772,palAyana,zu lesen,high,,quote-fuzzy,"05,191.5",confirmed,local-GRETIL,˚ne matiM cakre,"{#˚ne matiM cakre#} MBH. 1,5638. 3,15747. 15772 (= DRAUP. 8,57, wo {#palAyane#} zu lesen ist). 15775. 4,1109. 13,6122. <ls n"
PWG-L98374-MBH3.16198,3,16198,SaSalakzmaRa,fehlerhaft,high,,quote-fuzzy,"09,34.62",confirmed,local-GRETIL,SaSalakzmaRa,"{#SaSalakzmaRa#}¦ MBH. 3,16198 fehlerhaft für {#˚lakzaRa#}."
PWG-L45963-MBH3.16215,3,16215,pura,st.,medium,,quote-fuzzy,"04,66.26",confirmed,local-GRETIL,sapurA mahI,"20. {#˚lABa#} 29,23. {#sapurA mahI#} MBH. 3,16215. Am Ende eines comp. (oxyt.) st. {#pur#} P. 5,4,74. 4,2,122. VOP. 6,69. Accent eine"
PWG-L94610-MBH3.16610,3,16610,vIryamattva,fehlerhaft,high,Bomb,quote-fuzzy,"01,178.17",confirmed,local-GRETIL,vIryamattva,"{#vIryamattva#}¦ MBH. 3,16610 fehlerhaft für {#vIryamatta#}, wie die ed. Bomb. liest."
PWG-L59841-MBH3.16637,3,16637,mAnava,fehlerhaft,high,,quote-fuzzy,"04,66.26",confirmed,local-GRETIL,manorapatyam,"ŚAT. BR. 1,8,1,26. {#mAnavI#} ({#manorapatyam#} Schol.) MBH. 3,16637 fehlerhaft für {#mAlavI#}, wie SĀV. 1,19 hat. — 3〉 m. pl. <a"
PWG-L108519-MBH3.16665,3,16665,sAmIpya,zu lesen,high,Bomb,quote-fuzzy,"01,199.46",confirmed,local-GRETIL,caturvarRAdi,"on {#samIpa#}) 1〉 adj. {%benachbart, Nachbar%} MBH. 3,16665 ({#hftaM#} st. {#gataM#} mit der ed. Bomb. zu lesen). — 2〉 proparox. {%Nähe%} gaṇa {#caturvarRAdi#} zu P. 5,"
PWG-L54756-MBH3.16731,3,16731,BAz,zu lesen,high,Bomb,quote-fuzzy,"03,280.18",confirmed,local-GRETIL,evaM saMBAzamARAyAH sAvitryA Bo˚,"T."">133,6, v. l. Ohne Ergänzung KAUṢ. UP. 2,4. MBH. 3,16731 ({#evaM saMBAzamARAyAH sAvitryA Bo˚#} mit der ed. Bomb. zu lesen). 13,4807. Spr. 2165. 2517. BHĀG. P. 3,2"
PWG-L11759-MBH3.16929,3,16929,upajihIrzA,zu lesen,high,,quote-fuzzy,"03,284.11",confirmed,local-GRETIL,kuRqalApaji˚,"zu rauben%}: {#kuRqalopajihIrzayA#} (wohl {#kuRqalApaji˚#} zu lesen) MBH. 3,16929."
PWG-L15421-MBH3.17212,3,17212,kart,lies,high,,quote-fuzzy,"03,294.35",confirmed,local-GRETIL,SastrARi gfhItvA niSitaM sarvagAtrARyakfntata,"sich abschneiden%}: {#SastrARi gfhItvA niSitaM sarvagAtrARyakfntata#} MBH. 3,17212. {#kftta#} {%abgeschnitten, zerspalten%} AK. 3,2,53. H. 1490. an. 2,164. MED. t. 12 (lies {#kftta#} st. {#kfta#}). {#"
PWG-L15421-MBH3.17212,3,17212,kart,st.,medium,,quote-fuzzy,"03,294.35",confirmed,local-GRETIL,SastrARi gfhItvA niSitaM sarvagAtrARyakfntata,"sich abschneiden%}: {#SastrARi gfhItvA niSitaM sarvagAtrARyakfntata#} MBH. 3,17212. {#kftta#} {%abgeschnitten, zerspalten%} AK. 3,2,53. H. 1490. an. 2,164. MED. t. 12 (lies {#kftta#} st. {#kfta#}). {#"
PWG-L54690-MBH4.55,4,55,BAva,zu lesen,high,,quote-fuzzy,"02,35.12",confirmed,local-GRETIL,jYAnavfdDa˚,"s n=""BHAG."">8,5. {#vimUQa˚#} 11,49. {#strI˚#} MBH. 4,55. {#mAtf#} HARIV. 9226. {#rAja˚#} ŚĀK. 12,12. {#jYAnavfdDa˚#} (so ist zu lesen) MĀLAV. 19,5. {#mUka˚#} Spr. 1891. {#jaqa˚#} 2840. <l"
PWG-L116886-MBH4.69,4,69,hi,st.,medium,,quote-fuzzy,"02,72.36",confirmed,local-GRETIL,prahitavant,"orge um — beauftragt%}: {#ahaM hi satataM gozu BavatA prahitaH purA#} MBH. 4,69. — 10〉 partic. {#prahitavant#} {%der ausgesandt hat%}, st. des verbi finiti R. 4,32,12. KATHĀS. 45,10. 48,102"
PWG-L103843-MBH4.266,4,266,saYj,st.,medium,,quote-fuzzy,"03,38.9",confirmed,local-GRETIL,˚prayuktayA,"ls>BHĀG. P. 1,19,4. 14. {%verliebt%} MBH. 4,266. Spr. (II) 1815. 3556 ({#ati˚#}). — b〉 {%behaftet —, versehen mit%}: {#vAcA svarasaMpatprasaktayA#} (st. dessen {#˚prayuktayA#} 11) R. 4,63,7. — c〉 [Pag"
PWG-L107320-MBH4.294,4,294,savarRavarRa,fehlerhaft,high,,quote-fuzzy,"02,61.40",confirmed,local-GRETIL,savarRavarRa,"{#savarRavarRa#}¦ MBH. 4,294 wohl fehlerhaft für {#survaRavarRa#}."
PWG-L50535-MBH4.355,4,355,prARa,st.,medium,,quote-fuzzy,"01,0.0",confirmed,local-GRETIL,balaprARena SUrARAm,"#} adj. BHĀG. P. 8,21,17. {#balaprARena SUrARAm#} MBH. 4,355. st. dessen {#bAhuprARena#} HARIV. 4721. {#SraddaDe 'jaM BajeH prAREH#} {%mit al"
PWG-L116888-MBH4.446,4,446,hiMs,zu lesen,high,,quote-fuzzy,"01,11.12",confirmed,local-GRETIL,sarvAnna hiM˚,"BH. 1,2948. 3911. 3,1091. 4,446. R. 2,35,13. R. GORR. 1,41,29 ({#sarvAnna hiM˚#} zu lesen). 3,5,20. 4,8,9. 17,27</l"
PWG-L85996-MBH4.701,4,701,laB,fehlerhaft,high,,quote-fuzzy,"04,21.8",confirmed,local-GRETIL,na cEvAlaBase trARamaBipannA balIyasA,"ngen, theilhaftig werden%}: {#na cEvAlaBase trARamaBipannA balIyasA#} MBH. 4,701. {#kAntim#} MEGH. 15. {#tasya viSramBamAlaBya#} KĀM. NĪTIS. 9,63. — 6〉 {#AlalamBe#} RĀJA-TAR. 2,112 fehlerhaft für {#Al"
PWG-L106497-MBH4.777,4,777,sarAga,st.,medium,,quote-fuzzy,"08,65.13",confirmed,local-GRETIL,kroDasarAganetra,"{%geröthet%}: {#˚netra#} MBH. 3,15639. {#kroDasarAganetra#} 4,777. {#netrayugalAtsarAgAdaSrusaMtatim#} (so lesen wir st. {#sarAgAmaSru˚#}) KATHĀS. 11,51. RAGH. 16,15. KUMĀRAS. 5,10</l"
PWG-L36484-MBH4.964,4,964,DA,zu lesen,high,,quote-fuzzy,"04,28.8",confirmed,local-GRETIL,viDIyatAm . yaTA kAlodaye prApte samyaktEH saMdaDAmahe ..,3-0924] {#viDIyatAm . yaTA kAlodaye prApte samyaktEH saMdaDAmahe ..#}
PWG-L85042-MBH4.1053,4,1053,ruD,zu lesen,high,,quote-fuzzy,"04,31.14",confirmed,local-GRETIL,antarikze gatiryezAM darSanaM ca nyaruDyata,"s>. {#antarikze gatiryezAM darSanaM ca nyaruDyata#} (so ist zu lesen) MBH. 4,1053. HARIV. 11770. 11781. {#nijasOKyaM nir"
PWG-L32377-MBH4.1520,4,1520,dah,zu lesen,high,,quote-fuzzy,"04,43.13",confirmed,local-GRETIL,pARqavAgnim — dIptaM pradahantamivAhitAn,"s n=""MBH. 1,"">8362. {#pARqavAgnim — dIptaM pradahantamivAhitAn#} 4,1520. {#BImasenadavAgnestu mama putrAMstfRopamAn . praDakzyataH#} (so st. {#praDakzataH#} zu lesen) 7,5277. 1,1762. 5,678. <ls n=""MBH"
PWG-L32377-MBH4.1520,4,1520,dah,st.,medium,,quote-fuzzy,"04,43.13",confirmed,local-GRETIL,pARqavAgnim — dIptaM pradahantamivAhitAn,"s n=""MBH. 1,"">8362. {#pARqavAgnim — dIptaM pradahantamivAhitAn#} 4,1520. {#BImasenadavAgnestu mama putrAMstfRopamAn . praDakzyataH#} (so st. {#praDakzataH#} zu lesen) 7,5277. 1,1762. <ls n="
PWG-L81815-MBH4.1669,4,1669,yA,zu lesen,high,Bomb,quote-fuzzy,"04,49.10",confirmed,local-GRETIL,so 'pyapayA˚,"div n=""p"">— {#aByapa#} scheinbar in der Stelle {#so 'ByapayAjjavena#} MBH. 4,1669, wo aber mit der ed. Bomb. {#so 'pyapayA˚#} zu lesen ist. — {#pratyapa#} {%sich zurückziehen, heimwärts fliehen%} MBH."
PWG-L91581-MBH4.2213,4,2213,vid,fehlerhaft,high,,quote-fuzzy,"01,76.27",confirmed,local-GRETIL,vivedayAmAsa,"#} caus. {%zu wissen thun, verkünden%} MBH. 1,3627. 4,2213. — {#vi#} {%unterscheiden, wissen%} ṚV. 1,185,1. 10,12,5. — caus. {#vivedayAmAsa#} INDR. 5,52 fehlerhaft für {#nive˚#}. — {#sam#} med. P. 1,3"
PWG-L31650-MBH5.593,5,593,dakziRApaTa,lies,high,,quote-fuzzy,"08,57.69",confirmed,local-GRETIL,˚varAnDakAH,"khan%} N. 9,21. 23. MBH. 2,1121. 5,593. HARIV. 5289. SUŚR. 2,36,5. VARĀH. BṚH. S. 46,8 (9). HIT. 45,5. VET. 28,14. {#˚gAminyaH#} (lies mit ŚKDR. {#˚janmAnaH#}) {#sarve naravarAnDrakAH#} ({#˚varAnDakAH"
PWG-L88503-MBH5.699,5,699,vart,fehlerhaft,high,,quote-fuzzy,"05,23.15",confirmed,local-GRETIL,kaccidrAjA brAhmaRAnAM yaTAvatpravartate pUrvavattAta vfttim,"n%}: {#kaccidrAjA brAhmaRAnAM yaTAvatpravartate pUrvavattAta vfttim#} 5,699. — 15〉 {#pravftta#} wohl fehlerhaft für {#apavfkta#} (= {#parisamApta#} Comm.) NIR. 1,9. für {#pracftta#} <"
PWG-L56235-MBH5.1166,5,1166,maNgala,lies,high,,quote-fuzzy,"01,2.233",confirmed,local-GRETIL,anAyAsaSca,"anAyAsaM ca#} (lies {#anAyAsaSca#} {%Unermüdlichkeit%}; vgl. MBH. 5,1166. fg.) {#maNgalam ."
PWG-L98307-MBH5.1401,5,1401,Salyakarttar,fehlerhaft,high,,quote-fuzzy,"08,2.20",confirmed,local-GRETIL,Salyahartar,"}¦ ({#karttar#} von 1. {#kart#}) m. {%Chirurg%} MBH. 5,1401 (= {#kARqakft#} {%Pfeilmacher%} NĪLAK.; diese Bed. hat das Wort {#˚kartar#} R. GORR. 2,90,24). vielleicht fehlerhaft für {#Salyahartar#}; vg"
PWG-L63750-MBH5.1440,5,1440,anuSAsitar,st.,medium,,quote-fuzzy,"01,111.4",confirmed,local-GRETIL,praSAsitar,"bAlo yatrAnuSAsitA . majjanti te 'vaSA rAjannadyAmaSmaplavA iva ..#} MBH. 5,1440 (vgl. Spr. 2292, wo {#praSAsitar#} st. {#anu˚#} gelesen wird). {%Unterweiser, Lehrer%} 2,1947."
PWG-L117242-MBH5.1734,5,1734,hu,fehlerhaft,high,Calc,quote-fuzzy,"03,222.32",confirmed,local-GRETIL,sTAlIpAkam,"6. {#vAtendraguruvahnInAM sarpizAhutIH#} 11,119. MBH. 5,1734 ({#juhruyAt#} fehlerhaft ed. Calc.). {#sTAlIpAkam#} VARĀH. BṚH. S. 46,16. {#haviHSezamanale dvAd"
PWG-L48777-MBH5.2041,5,2041,pratIpa,zu lesen,high,,quote-fuzzy,"05,50.23",confirmed,local-GRETIL,mayA tAta pratIpAni kurvanpUrvaM vimAnitaH,"R. GORR. 2,23,13. {#mayA tAta pratIpAni kurvanpUrvaM vimAnitaH#} MBH. 5,2041. {%sich widersetzend, widerspänstig, feindlich gegenüberstehend, hinderlich%}: {#kastu#} (so ist zu lesen) {#pratIpastarasA"
PWG-L51077-MBH5.3261,5,3261,prI,fälschlich,medium,,quote-fuzzy,"04,6.15",confirmed,local-GRETIL,saMpriyeta,"yate#} {%befriedigt —, vergnügt —, froh sein, seine Freude haben an%} MBH. 5,3261. {#ko hyanenApratItena vAsena — saMprIyeta#} R. GORR. 2,45,22 (fälschlich {#saMpriyeta#} 48,18 SCHL.). {#nEtanmanastav"
PWG-L90604-MBH5.4553,5,4553,vAsas,fehlerhaft,high,Bomb,quote-fuzzy,"01,69.43",confirmed,local-GRETIL,varavAsasAm,"lex> R. 3,58,19. {#varavAsasAm#} acc. f. MBH. 5,4553 fehlerhaft für {#˚vAsasam#}, wie die ed. Bomb. liest. {#markawasya vAsaH#} {%Spinngewebe%}"
PWG-L50196-MBH5.4788,5,4788,prastotar,zu lesen,high,,quote-fuzzy,"01,1.56",confirmed,local-GRETIL,saprastAraM,"1,"">11,2. 9,1,10. CHĀND. UP. 1,10,8. MBH. 5,4788. HARIV. 11361 [Page4-1106], wo {#prastotAraM#} für {#saprastAraM#} zu lesen ist; vgl. LANGLOIS II, 297. MUIR, ST. 1,37."
PWG-L48033-MBH5.4929,5,4929,praRayin,lies,high,,quote-fuzzy,"05,108.6",confirmed,local-GRETIL,atra sUryaM praRayinaM pratigfhRAti sarvataH,"rRaH SuSrAva BAratIm . duratyayAM praRayinIM pitfvadBAskareritAm ..#} MBH. 5,4929. {#atra sUryaM praRayinaM pratigfhRAti sarvataH#} (lies: {#parvataH#}) {#. asto nAma#} 3806. {#suhfdaH#} BHĀG. P. 9,10"
PWG-L88101-MBH5.5062,5,5062,var,statt,medium,,quote-fuzzy,"05,147.22",confirmed,local-GRETIL,tam — nivArayAmAsurdevAperaBizecanam,"abl. der acc.: {#tam — nivArayAmAsurdevAperaBizecanam#} MBH. 5,"
PWG-L107849-MBH5.5371,5,5371,sahya,fehlerhaft,high,,quote-fuzzy,"01,2.175",confirmed,local-GRETIL,yudDAsahya,"ür {#yudDAsahya#}. Gewöhnlich {#a˚#} (s. auch bes.) MBH. 5,5371</l"
PWG-L63394-MBH5.6008,5,6008,anaya,zu lesen,high,,quote-fuzzy,"04,48.12",confirmed,local-GRETIL,yatra te vikftA matiH,"eschick, Unglück, Elend%} M. 10,95. 102. MBH. 5,6008. {#ikzvAkURAM kule — saMprAptaH sumahAnayam . anayo 'nayasaMpanne#} (so ist zu lesen) {#yatra te vikftA matiH#} R. 2,12,18. {#ayAnayam#} HALĀY. 1,1"
PWG-L37260-MBH5.6032,5,6032,na,zu lesen,high,,quote-fuzzy,"05,174.10",confirmed,local-GRETIL,nEvaM manaH kfTAH,". P. 9,18,30, wo {#mA#} das Versmaass stören würde. Dagegen wird MBH. 5,6032 statt {#nEvaM manaH kfTAH#} wohl {#mEvaM#} zu lesen sein. In einer Antwort kann bei {#na#} statt des aor. auch das praes. s"
PWG-L37260-MBH5.6032,5,6032,na,statt,medium,,quote-fuzzy,"05,174.10",confirmed,local-GRETIL,nEvaM manaH kfTAH,". P. 9,18,30, wo {#mA#} das Versmaass stören würde. Dagegen wird MBH. 5,6032 statt {#nEvaM manaH kfTAH#} wohl {#mEvaM#} zu lesen sein. In einer Antwort kann bei {#na#} stat"
PWG-L37260-MBH5.6032,5,6032,na,statt,medium,,quote-fuzzy,"05,174.10",confirmed,local-GRETIL,nEvaM manaH kfTAH,". P. 9,18,30, wo {#mA#} das Versmaass stören würde. Dagegen wird MBH. 5,6032 statt {#nEvaM manaH kfTAH#} wohl {#mEvaM#} zu lesen sein. In einer Antwort kann bei {#na#} statt des aor. auch das praes. s"
PWG-L64136-MBH5.7216,5,7216,aparAhRa,lies,high,,quote-fuzzy,"06,92.14",confirmed,local-GRETIL,mahAparAhRa,"{#aparAhRa#}¦, {#aparAhRe BAnAvastaM prati yAte mahIDram#} MBH. 5,7216. *Z. 2 lies 9,6,46 st. 9,10,5. — Vgl. {#mahAparAhRa#}."
PWG-L64136-MBH5.7216,5,7216,aparAhRa,st.,medium,,quote-fuzzy,"06,92.14",confirmed,local-GRETIL,mahAparAhRa,"{#aparAhRa#}¦, {#aparAhRe BAnAvastaM prati yAte mahIDram#} MBH. 5,7216. *Z. 2 lies 9,6,46 st. 9,10,5. — Vgl. {#mahAparAhRa#}."
PWG-L113928-MBH6.93,6,93,sTA,fehlerhaft,high,Bomb,quote-fuzzy,"01,88.2",confirmed,local-GRETIL,saMsTitavant,"> nach der Lesart der ed. Bomb. — l〉 {#saMsTitA#} MBH. 6,93 fehlerhaft für {#saMprati#} (so ed. Bomb.). — 7〉 {#saMsTitavant#} {%zusammen leb"
PWG-L65885-MBH6.338,6,338,asi,st.,medium,Bomb,quote-fuzzy,"01,2.126",confirmed,local-GRETIL,vasAM ca varuRAmasIm,"ede#} 70,b,11. {#vasAM ca varuRAmasIm#} MBH. 6,338. st. dessen {#vasAmanyAM varARasIm#} ed. Bomb."
PWG-L64162-MBH6.352,6,352,apavAha,st.,medium,Bomb,quote-fuzzy,"08,69.43",confirmed,local-GRETIL,vAravAsyAyavAhASca,"v n=""1"">— 1〉 = {#apavAhaka#} Ind. St. 8,405. — 2〉 MBH. 6,352. {#vAravAsyAyavAhASca#} st. {#vArapASyApavAhASca#} ed. Bomb."
PWG-L113615-MBH6.698,6,698,star,fehlerhaft,high,Calc,quote-fuzzy,"04,4.43",confirmed,local-GRETIL,vistarayet,"#saMhatAnyoDayedalpAnkAmaM vistArayedbahUn#} 191 = MBH. 6,698 (fehlerhaft {#vistarayet#} ed. Calc.). {#baqiSam#} Spr. (II) 6237. {#(reRuH) vistAr"
PWG-L114521-MBH6.774,6,774,sPUrj,statt,medium,,quote-fuzzy,"06,21.15",confirmed,local-GRETIL,visPUrjannabravIt,"279. — {#vi#} 1〉 {%schnauben%}: {#visPUrjannabravIt#} MBH. 6,774. {#muKena visPUrjya#} (so lesen wir statt {#visPUrya#}, welches NĪLAK. durch {#PUtkAraM kftvA#} erklärt) 3,15"
PWG-L46382-MBH6.1637,6,1637,puzkala,lies,high,,quote-fuzzy,"05,92.20",confirmed,local-GRETIL,tataH prayAte dASArhe prAvAdyantEkapuzkalAH,".): {#avAdayandunduBISca SataSaScEva puzkalAn#} MBH. 6,1631. 1637. {#tataH prayAte dASArhe prAvAdyantEkapuzkalAH#} (lies: {#prAvAdyantEva pu˚#}) 5,3350. — b〉 N. pr. eines S"
PWG-L78524-MBH6.2099,6,2099,pAriBadraka,st.,medium,Bomb,quote-fuzzy,"06,47.9",confirmed,local-GRETIL,maRiBadraka,"ka#}¦ 3〉 m. pl. N. pr. eines Geschlechts MBH. 6,2099 nach der Lesart der ed. Bomb. st. {#maRiBadraka#} der ed. Calc."
PWG-L91871-MBH6.3030,6,3030,viDAna,fehlerhaft,high,,quote-fuzzy,"12,15.23",confirmed,local-GRETIL,devaviDAnaM,"erhaft für {#taTAviDa#} (wie die v. l. hat); {#devaviDAnaM#} MBH. 6,3030 fehle"
PWG-L81815-MBH6.3762,6,3762,yA,st.,medium,Bomb,quote-fuzzy,"04,4.43",confirmed,local-GRETIL,AvArayizyannaBisaMprayAya,"V. 11,1,36. — {#aBisaMpra#} {%hingehen, sich nähern%} MBH. 6,3762. {#saMvArayizRUnaBivArayitvA#} ed. Bomb. st. {#AvArayizyannaBisaMprayAya#} der ed. Calc. — {#upasaMpra#} {%hi"
PWG-L57985-MBH6.5578,6,5578,marmAvaraRa,zu lesen,high,Bomb,quote-fuzzy,"06,45.41",confirmed,local-GRETIL,CinnamarmAvaraRAH,"#}¦ ({#marman#} + {#A˚#}) n. {%Panzer%}: {#˚Bedin (Sara)#} MBH. 6,5578. Vielleicht ist R. 3,32,30 st. {#CinnavarmAvaraRAH#} zu lesen {#CinnamarmAvaraRAH#}; die ed. Bomb. (3,26,32) hat {#BinnavarmAB"
PWG-L57985-MBH6.5578,6,5578,marmAvaraRa,st.,medium,Bomb,quote-fuzzy,"06,45.41",confirmed,local-GRETIL,CinnamarmAvaraRAH,"#}¦ ({#marman#} + {#A˚#}) n. {%Panzer%}: {#˚Bedin (Sara)#} MBH. 6,5578. Vielleicht ist R. 3,32,30 st. {#CinnavarmAvaraRAH#} zu lesen {#CinnamarmAvaraRAH#}; die ed. Bomb. (<ls n="
PWG-L40628-MBH6.5619,6,5619,nud,zu lesen,high,,quote-fuzzy,"06,114.48",confirmed,local-GRETIL,(kArmukam) tadapyasya SitErBallEstriDA triBirupAnudat,"rspalten%}: {#(kArmukam) tadapyasya SitErBallEstriDA triBirupAnudat#} 6,5619. Aller Wahrscheinlichkeit nach ist wohl überall {#apAnu˚#} zu lesen. — {#upa#} {%herantreiben%}: {#drutamarudupanunnEH — am"
PWG-L60059-MBH7.11,7,11,mArga,unrichtig,medium,,quote-fuzzy,"03,170.34",confirmed,local-GRETIL,raTamArgAnvicitrAMste vicarantaH,"{#raTamArgAnvicitrAMste vicarantaH#} (u. {#car#} mit {#vi#} 11. dieses und das folgende Beispiel unrichtig aufgefasst) 3,12233 (ARJ. 10,37). {#mArgAnbahuviDAMstatra vice"
PWG-L54403-MBH7.75,7,75,BAga,st.,medium,,quote-fuzzy,"07,2.24",confirmed,local-GRETIL,SaNKaM ca jAmbUnadacitraBAgam,"I. Anh. XLI. — In der Stelle: {#SaNKaM ca jAmbUnadacitraBAgam#} MBH. 7,75 hat die neuere Ausg. {#nAlam#} st. {#BAgam#}. — 2〉 n. N. eines Sāman Ind. S"
PWG-L103173-MBH7.372,7,372,saMsTAsnucArin,fehlerhaft,high,,quote-fuzzy,"07,9.64",confirmed,local-GRETIL,saMsTAsnucArin,"{#saMsTAsnucArin#}¦ MBH. 7,372 (NĪLAK. verbindet {#sam#} mit dem vorangehenden {#paSyAmas#}) fehlerhaft für {#sasTAsnucArin#} {%mit dem Unbeweglichen und Beweglichen%}; vgl. {#saMsTAna"
PWG-L97763-MBH7.690,7,690,SapaTa,zu lesen,high,,quote-fuzzy,"01,138.8",confirmed,local-GRETIL,SapaTaM kar,"60. {#SapaTaM kar#} M. 8,110. fg. YĀJÑ. 2,235. MBH. 7,690. R. 7,95,6. {#punarAgamanAya#} HIT. 68,5. {#kftvAnyo'nyAparityAgaSapaTam#} (so zu lesen) KATHĀS. 32,46. {#(tAm) SapaTErniyojya#} VARĀH. BṚH. S"
PWG-L55875-MBH7.804,7,804,Bojaya,zu lesen,high,Bomb,quote-fuzzy,"02,13.20",confirmed,local-GRETIL,yAjaBojayaH,"{#Bojaya#}¦ scheinbar in {#yAjaBojayaH#} MBH. 7,804, wofür mit der ed. Bomb. {#fzaBo jayaH#} zu lesen ist."
PWG-L81842-MBH7.804,7,804,yAja,fehlerhaft,high,Bomb,quote-fuzzy,"02,13.20",confirmed,local-GRETIL,yAjaBojayaH,"H."">2,662. LIA. I, 641. — 4〉 {#yAjaBojayaH#} MBH. 7,804 fehlerhaft für {#fzaBo jayaH#}, wie die ed. Bomb. liest."
PWG-L81807-MBH7.1360,7,1360,yas,st.,medium,Bomb,quote-fuzzy,"01,2.126",confirmed,local-GRETIL,paramAyasta,"s>HARIV. 5522. — 2〉 {%angestrengt, sich anstrengend%} MBH. 7,1360 (ed. Bomb. {#AsAdya#} st. {#Ayasto#}). MĀRK. P. 109,52. {#paramAyasta#} R. GORR. 1,55,19. {#"
PWG-L64311-MBH7.1487,7,1487,apratirUpya,fehlerhaft,high,,quote-fuzzy,"07,33.6",confirmed,local-GRETIL,apratirUpya,"{#apratirUpya#}¦ MBH. 7,1487 fehlerhaft für {#aprA˚#}."
PWG-L109440-MBH7.1748,7,1748,siD,zu lesen,high,,quote-fuzzy,"07,41.7",confirmed,local-GRETIL,vArdDakzatrirupAseDatpravaRAdiva kuYjaraH,"von%} (abl.): {#vArdDakzatrirupAseDatpravaRAdiva kuYjaraH#} MBH. 7,1748. es ist wohl {#˚kzatrirapAseDat — kuYjaram#} zu lesen; vgl. 7397. — {#ni#}, {#˚zeDati, nyazeDat#}"
PWG-L88971-MBH7.1934,7,1934,vasAtIya,st.,medium,Bomb,quote-fuzzy,"04,4.43",confirmed,local-GRETIL,punaScEva vasAtIyAn,"er%} Vasāti MBH. 7,1789. 1792. 1934, wo die ed. Bomb. {#punaScEva vasAtIyAn#} st. {#punarbrahmavaSA˚#} der ed. Calc. liest."
PWG-L45723-MBH7.2720,7,2720,puRyakft,lies,high,,quote-fuzzy,"01,0.0",confirmed,local-GRETIL,˚kftAM lokAn,"s>TAITT. ĀR. 10,1,14. BHAG. 6,41. MBH. 7,2590. 2720 (lies {#˚kftAM lokAn#} st. {#˚kftAllo˚#} und {#˚kftAn lo˚#}). N. 12,37. R"
PWG-L45723-MBH7.2720,7,2720,puRyakft,st.,medium,,quote-fuzzy,"01,0.0",confirmed,local-GRETIL,˚kftAM lokAn,"s>TAITT. ĀR. 10,1,14. BHAG. 6,41. MBH. 7,2590. 2720 (lies {#˚kftAM lokAn#} st. {#˚kftAllo˚#} und {#˚kftAn lo˚#}). N. 12,37. R. 1,4,10. Spr. 1"
PWG-L42308-MBH7.2787,7,2787,par,zu lesen,high,,quote-fuzzy,"01,178.17",confirmed,local-GRETIL,pArayatu pratijYAm,"cCramidam — pAritam#} 5,208. {#pArayatu pratijYAm#} 7,2787. {#SIrRapattreRa cEkena pArayAmAsa sAparam#} (so ist zu lesen) {#.#} {#saMvatsaraM tIvrakopA pAdANguzWAgraDizWitA ..#} 5,7349. {#anaS"
PWG-L85340-MBH7.2931,7,2931,rocana,st.,medium,Bomb,quote-fuzzy,"01,92.27",confirmed,local-GRETIL,rocanAstaTA,"St. 8,277. {#˚varRa#} 275. plur. MBH. 7,2931 ({#rocanAstaTA#} ed. Bomb. st. {#rAcanAMstaTA#} der ed. Calc.). R. GORR. 2,12,8. — d〉"
PWG-L53875-MBH7.3333,7,3333,BaYj,lies,high,,quote-fuzzy,"07,67.69",confirmed,local-GRETIL,nirBagna iva vAtena karRikAraH,"kzipanti ca#} R. 5,73,37. {#nirBagna iva vAtena karRikAraH#}"
PWG-L42307-MBH7.3987,7,3987,par,zu schreiben,high,,quote-fuzzy,"07,81.23",confirmed,local-GRETIL,enam — SarEranekasAhasrEH pUrayAmAsa sarvataH,"ls>R. 2,96,20. {#enam — SarEranekasAhasrEH pUrayAmAsa sarvataH#} MBH. 7,3987. R. 6,86,36. {#bARaDArAsahasrEstu satoyada#} (so ist zu schreiben) {#ivAmbare . rAGavaM rAvaRo vIrastaqAgamiva pUrayat#} 88"
PWG-L109684-MBH7.5783,7,5783,su,st.,medium,Bomb,quote-fuzzy,"04,32.32",confirmed,local-GRETIL,so 'Bidrutya,"/ls> {#tu#} und {#hi#} st. {#su#}. Vor einem absol. MBH. 7,5783 ({#so 'Bidrutya#} st. {#svaBidrutya#} ed. Bomb.). {#vicintya#} MṚCCH. 103,16. {#badDvA#}"
PWG-L22667-MBH7.6218,7,6218,gup,lies,high,,quote-fuzzy,"04,2.20",confirmed,local-GRETIL,rakzasAM balam,"{#nEnaM gopsyati durbudDimadya vARahataM mayA#} MBH. 7,3863. 6218. {#agopizwAM purIM laNkAmagoptAM#} [Page2-0764] (lies: {#agOptAM#}) {#rakzasAM balam#} BHAṬṬ. 15,113. {#yAnagopIt#} 5,3"
PWG-L47773-MBH7.6253,7,6253,praKya,zu lesen,high,,quote-fuzzy,"04,6.15",confirmed,local-GRETIL,˚samaprakzas,"hAgirisamapraKya#} 1,371. 3,8706. 7,6253 (wo {#praKyaM#} zu lesen ist). 7,7997 (wo {#˚samapraKyas#} st. {#˚samaprakzas#} zu lese"
PWG-L40379-MBH7.6343,7,6343,nI,fehlerhaft,high,,quote-fuzzy,"07,131.9",confirmed,local-GRETIL,AnAyayitum,",21. — {#anvA#} {%zuführen%}: {#raTam"
PWG-L48135-MBH7.7350,7,7350,pratikANkzin,zu lesen,high,,quote-fuzzy,"02,23.12",confirmed,local-GRETIL,vijayaM pra˚,"{#vijayaM pra˚#} (oder ist viell. {#vijayapra˚#} zu lesen?) MBH. 7,7350."
PWG-L47751-MBH7.7997,7,7997,prakza,fehlerhaft,high,,quote-fuzzy,"04,5.31",confirmed,local-GRETIL,nagarAjasama˚,"3. {#prakza#}¦ in {#nagarAjasama˚#} MBH. 7,7997 fehlerhaft für {#praKya#}."
PWG-L47773-MBH7.7997,7,7997,praKya,zu lesen,high,,quote-fuzzy,"04,6.15",confirmed,local-GRETIL,˚samaprakzas,">3,8706. 7,6253 (wo {#praKyaM#} zu lesen ist). 7,7997 (wo {#˚samapraKyas#} st. {#˚samaprakzas#} zu lesen ist). Gewöhnlich ohne {#sama#} gleich auf das subst. folgend H. 1462. <"
PWG-L47773-MBH7.7997,7,7997,praKya,st.,medium,,quote-fuzzy,"04,6.15",confirmed,local-GRETIL,˚samaprakzas,">3,8706. 7,6253 (wo {#praKyaM#} zu lesen ist). 7,7997 (wo {#˚samapraKyas#} st. {#˚samaprakzas#} zu lesen ist). Gewöhnlich ohne {#sama#} gleich auf das subst.</"
PWG-L109684-MBH7.8603,7,8603,su,st.,medium,Bomb,quote-fuzzy,"04,3.3",confirmed,local-GRETIL,svaSikzayat,"{#svaSikzayat#} RĀJA-TAR. 4,51. — MBH. 3,14392 und 7,8603 hat die ed. Bomb. {#tu#} und {#hi#} st. {#su#}. Vor einem absol. MBH. 7,5783 ({#so 'Bidrutya#} st.</ab"
PWG-L90436-MBH7.9088,7,9088,vArzika,zu lesen,high,Bomb,quote-fuzzy,"01,2.205",confirmed,local-GRETIL,trayodaSa˚,"ls>ed. Bomb. {#˚vArzikyanAvfzwiH#} zu lesen ist). {#trayodaSa˚#} MBH. 7,9088. {#paYcadaSa˚#} PAÑCAT. 101,5. {#zoqaS"
PWG-L114658-MBH7.9176,7,9176,syad,fehlerhaft,high,Bomb,quote-fuzzy,"07,28.38",confirmed,local-GRETIL,prasyandamAna,"ŚAT. BR. 4,1,5,6. — {#prasyandamAna#} MBH. 3,10565. 7,9176 (ed. Bomb. {#praspa˚#} an beiden Stellen). RAGH. 5,68 fehlerhaft für {#praspandamAna; prAsyandat#} MBH. 13,3495 in der ed. Bomb. fehlerh"
PWG-L75584-MBH7.9499,7,9499,dA,st.,medium,Bomb,quote-fuzzy,"03,83.107",confirmed,local-GRETIL,anuvrajAmi,"} {%liess verkünden%} KATHĀS. 64,86. — {#anu#} 4〉 MBH. 7,9499 liest die ed. Bomb. {#anuvrajAmi#} st. {#anudadAmi#}. — {#anudeyI#} nach SĀY. {%Gefährtin%}. — {#A#} 2〉"
PWG-L51570-MBH8.423,8,423,Palgu,zu lesen,high,,quote-fuzzy,"01,17.7",confirmed,local-GRETIL,hayadvipam,"hastiraTASvAnAM sAraM maDyaM ca Palgu ca#} 5244. 8,423. Spr. 3552. HIT. III, 70 (wo mit JOHNS. {#Palgu ca yadbalam#} zu lesen ist). {#hayadvipam#} H. 1252. {#klIva, Pala#} UJJVAL. {#PalgUni tatra m"
PWG-L107462-MBH8.1274,8,1274,sah,zu lesen,high,Bomb,quote-fuzzy,"01,0.0",confirmed,local-GRETIL,prasakzyAmi,"#(tIvrARi duHKAni) prasahyAmi#} (vielleicht {#prasakzyAmi#} zu lesen) MBH. 8,1274 (die ed. Bomb. hat eine andere Lesart). — 6〉 <a"
PWG-L56705-MBH8.1875,8,1875,mad,zu lesen,high,Bomb,quote-fuzzy,"04,17.9",confirmed,local-GRETIL,bAlaM pramAdyantam,"} BHAṬṬ. 17,39. {#bAlaM pramAdyantam#} KAṬHOP. 2,6. MBH. 8,1875 (wo {#tvAM#} mit der ed. Bomb. zu lesen ist). 12,3409. 3412. Spr. 3513. <ls n=""S"
PWG-L70213-MBH8.1932,8,1932,kAkavASin,st.,medium,Bomb,quote-fuzzy,"01,106.10",confirmed,local-GRETIL,kAkavASinaH,"kavASin#}¦ adj. Kāka {%krächzend%}, von der Krähe MBH. 8,1932, nach der Lesart der ed. Bomb.; {#kAkajAnvayAH#} st. {#kAkavASinaH#} ed. Calc. — Vgl. {#kAkAkft#}."
PWG-L52657-MBH8.2085,8,2085,bAhyAlaya,st.,medium,Bomb,quote-fuzzy,"08,30.61",confirmed,local-GRETIL,vAhyAlayAdfte,"rt der Verstossenen%} d. i. {%das Land der%} Bāhīka MBH. 8,2085. {#bAhyanayAdfte#} (Schol.: {#bAhIkanItiM vinA#}) ed. Bomb. st. {#vAhyAlayAdfte#} der ed. Calc."
PWG-L82848-MBH8.2115,8,2115,rakz,zu lesen,high,,quote-fuzzy,"06,30.11",confirmed,local-GRETIL,avakzaranto,"puruzAH puruzEH saha . anyo'nyamavarakzanto deSe deSe samETunAH ..#} MBH. 8,2115, wo aber wohl {#avakzaranto#} {%begiessend, besudelnd%} (mit Samen) zu lesen ist. Der bei der Umstellung erscheinende s"
PWG-L82541-MBH8.2557,8,2557,yoDa,zu lesen,high,Bomb,quote-fuzzy,"08,36.36",confirmed,local-GRETIL,yoDavratasa˚,"BH. 1,6687. 3,15753. 4,1161. 8,2557 (wo mit der ed. Bomb. {#yoDavratasa˚#} zu lesen ist). R. 1,5,20. 6,20. 2,41,18. <ls n=""R. 2,"""
PWG-L116719-MBH8.2611,8,2611,hA,fehlerhaft,high,Bomb,quote-fuzzy,"07,31.67",confirmed,local-GRETIL,samujjahruH,"#apa#}, nicht {#apa#} + {#A#}. — {#samud#}, {#samujjahuH#} MBH. 8,2611 fehlerhaft für {#samujjahruH#}, wie ed. Bomb. liest. — {#upa#} pass. {%"
PWG-L103416-MBH8.3018,8,3018,saMkawa,fehlerhaft,high,Bomb,quote-fuzzy,"08,65.13",confirmed,local-GRETIL,sakawAkzam,"RAS. 3,23. {#su˚#} BHĀG. P. 10,88,16. — {#saNkawAKyam#} MBH. 8,3018 fehlerhaft für {#sakawAkzam#}, wie die ed. Bomb. liest. — Vgl. {#prARa˚"
PWG-L97899-MBH8.3355,8,3355,Sam,zu lesen,high,Bomb,quote-fuzzy,"04,6.15",confirmed,local-GRETIL,praSamaya mAdya,"} M. 8,391. MBH. 2,2309. 3,12978. 8,3355 (wohl {#praSamaya mAdya#} zu lesen st. {#me 'dya#} der ed. Calc. und {#praSamayasedya#} der ed. Bomb.<"
PWG-L97899-MBH8.3355,8,3355,Sam,st.,medium,Bomb,quote-fuzzy,"04,6.15",confirmed,local-GRETIL,praSamaya mAdya,"} M. 8,391. MBH. 2,2309. 3,12978. 8,3355 (wohl {#praSamaya mAdya#} zu lesen st. {#me 'dya#} der ed. Calc. und {#praSamayasedya#} der ed. Bomb.). {"
PWG-L102169-MBH8.4205,8,4205,Svasana,zu lesen,high,Bomb,quote-fuzzy,"08,65.13",confirmed,local-GRETIL,samAtatena Svasanena,"%} d. i. {%was da gefühlt wird%} BHĀG. P. 2,2,29. — MBH. 8,4205 ist statt {#samAtatena Svasanena#} mit der ed. Bomb. zu lesen {#tamAtatenezvasanena#}."
PWG-L102169-MBH8.4205,8,4205,Svasana,statt,medium,Bomb,quote-fuzzy,"08,65.13",confirmed,local-GRETIL,samAtatena Svasanena,"%} d. i. {%was da gefühlt wird%} BHĀG. P. 2,2,29. — MBH. 8,4205 ist statt {#samAtatena Svasanena#} mit der ed. Bomb. zu lesen {#tamAtatenezvasanena#}."
PWG-L101797-MBH9.107,9,107,Sru,st.,medium,Bomb,quote-fuzzy,"07,54.20",confirmed,local-GRETIL,SvaH Srozyase,",25,14. BHĀG. P. 7,5,3. {#Srozye#} MBH. 9,105. 107. R. GORR. 2,120,22. 5,23,18. 69,26. {#SvaH Srozyase#} (so ed. Bomb. st. {#˚te#}) {#Sirastasya sEnDavasya raRe hftam#} MBH. 7,2725. {#SfRuzvAvahito"
PWG-L51370-MBH9.300,9,300,pluz,fehlerhaft,high,,quote-fuzzy,"09,5.9",confirmed,local-GRETIL,pluzwASlizwAyataBuja,"pluzwa#} fehlerhaft für {#puzwa#} zu stehen: {#pluzwASlizwAyataBuja#} MBH. 9,300. {#Boga˚#} KATH"
PWG-L62711-MBH9.1005,9,1005,aNkuSa,zu lesen,high,,quote-fuzzy,"12,194.14",confirmed,local-GRETIL,darpANkuSa,"des Elephanten dienender Haken%}: {#(mAtaNgaH) aNkuSANguzWanoditAH#} MBH. 9,1005. {#˚vAraRa#} HALĀY. 2,67. bildlich: {#strIvAkyANkuSaprakzuRRa#} Spr. 1025. {#darpANkuSa#} (so ist zu lesen) {%ein Mitte"
PWG-L103677-MBH9.1251,9,1251,saMGarza,zu lesen,high,Bomb,quote-fuzzy,"07,74.48",confirmed,local-GRETIL,saMGarzeRA˚,"187. 6,3360 ({#saMharza#} ed. Bomb.). 9,1251 ({#saMGarzeRA˚#} zu lesen; {#saMGAtenA˚#} ed. Bomb.). 12,49. R. 7,42,14. <ls n="
PWG-L103678-MBH9.1251,9,1251,saMGarzaRa,zu lesen,high,,quote-fuzzy,"07,14.21",confirmed,local-GRETIL,saMGarzaRA˚,"Bomb. und NĪLAK., der aber auch unsere Lesart kennt. — MBH. 9,1251 ist statt {#saMGarzaRA˚#} zu lesen {#saMGarzeRA˚#}."
PWG-L103678-MBH9.1251,9,1251,saMGarzaRa,statt,medium,,quote-fuzzy,"07,14.21",confirmed,local-GRETIL,saMGarzaRA˚,"Bomb. und NĪLAK., der aber auch unsere Lesart kennt. — MBH. 9,1251 ist statt {#saMGarzaRA˚#} zu lesen {#saMGarzeRA˚#}."
PWG-L114765-MBH9.2207,9,2207,sru,st.,medium,,quote-fuzzy,"04,4.43",confirmed,local-GRETIL,sarasaH kumAraDArA,"{#sarasaH kumAraDArA#} MBH. 3,8127. {#himavatpArSvAtsarit#} 9,2207. {#DAtavaH#} HARIV. 8265. {#nirantaraprasrutadAnavAriBiH#} (so lesen wir st. {#prastuta#}) Inschr. in Journ. of the Am. Or. S. 7,11, "
PWG-L40657-MBH9.2628,9,2628,nftyapriya,fälschlich,medium,,quote-fuzzy,"04,4.43",confirmed,local-GRETIL,nityapriya,{#A#} N. pr. einer der Mütter im
PWG-L50103-MBH9.3527,9,3527,prasAdana,fehlerhaft,high,,quote-fuzzy,"03,163.52",confirmed,local-GRETIL,duzprasAdana,"rch, dass ich dich gnädig stimme%}, SĀV. 5,81. {#prasADana#} MBH. 9,3527. fehlerhaft für {#prasAdana#}. Vgl. {#duzprasAdana#}. — b〉 {%gekochter Reis%} <ls"
PWG-L60059-MBH1.5,1,5,mArga,falsch,medium,,lemma,"08,65.13",reading-supported,local-GRETIL,cacAra samare mArgAnbAREH,">MBH. 1,5340. {#cacAra samare mArgAnbAREH#} (u. {#car#} 5. falsch übersetzt) R. 3,34,4. {#sa tena (nistriMSena) vicaranmArgAn#} (u. {#car"
PWG-L60059-MBH1.5,1,5,mArga,falsch,medium,,lemma,"08,65.13",reading-supported,local-GRETIL,cacAra samare mArgAnbAREH,">MBH. 1,5340. {#cacAra samare mArgAnbAREH#} (u. {#car#} 5. falsch übersetzt) R. 3,34,4. {#sa tena (nistriMSena) vicaranmArgAn#} (u. {#car#} mit {#vi#} 11. falsch übersetzt) HARIV. 11047 (S. 791). {#ca"
PWG-L71585-MBH1.86,1,86,kErava,fälschlich,medium,Bomb,lemma,"02,51.6",reading-supported,local-GRETIL,nfbudDikOravARAM,"D. 282. BHĀMINĪV. 1,73 (s. u. {#kEravin#} 2.). MBH. 1,86 liest die ed. Bomb. fälschlich {#nfbudDikOravARAM#}."
PWG-L95256-MBH1.684,1,684,veda,st.,medium,,lemma,"01,2.232",reading-supported,local-GRETIL,vedaScATAMSumAn,". {#vedaScATAMSumAn#} der älteren). ein Schüler Āyodaʼs MBH. 1,684."
PWG-L96461-MBH1.723,1,723,vyA,fehlerhaft,high,,lemma,"01,186.10",reading-supported,local-GRETIL,ahIndraBogEH,"wickelt%}: {#ahIndraBogEH#} BHĀG. P. 3,8,29. {#aDivyayantO#} MBH. 1,723 fehlerhaft; s. u. {#ava#}. — {#apa#} 1〉 {%abziehen, abdecken%}: {#apo\ mahi^ vya"
PWG-L114357-MBH1.764,1,764,sparS,zu lesen,high,Bomb,lemma,"01,37.11",reading-supported,local-GRETIL,apo 'paspfSya,"nuspfSatAt#} BHĀG. P. 3,9,22. — {#apa#} scheinbar MBH. 1,764, da st. {#apo 'paspfSya#} mit der ed. Bomb. {#apa upa˚#} zu lesen ist. Vgl. {#anapaspfS#}. — {#aBi#} 1〉 {%berühren%}: {#kaTamasmadviDA"
PWG-L114357-MBH1.764,1,764,sparS,st.,medium,Bomb,lemma,"01,37.11",reading-supported,local-GRETIL,apo 'paspfSya,"nuspfSatAt#} BHĀG. P. 3,9,22. — {#apa#} scheinbar MBH. 1,764, da st. {#apo 'paspfSya#} mit der ed. Bomb. {#apa upa˚#} zu lesen ist. Vgl.</ab"
PWG-L46044-MBH1.1204,1,1204,purAtana,zu lesen,high,,lemma,"08,69.43",reading-supported,local-GRETIL,AKyAtuM tatsamAreBe viSAlAyAH purAtanam,"7388. 7955. so ist wohl auch MBH. 1,1204 zu lesen. n. {%eine alte Sage%}: {#AKyAtuM tatsamAreBe viSAlAyAH purAtanam#} R. 1,4"
PWG-L85874-MBH1.1445,1,1445,laNG,st.,medium,,lemma,"01,147.18",reading-supported,local-GRETIL,lambayitvA,"md, beleidigen, verletzen%} M. 5,151. 8,371. MBH. 1,1445 {#lambayitvA#} ed. (Bomb.). HARIV. 571 ({#tarjitA#} st. {#laNGitA#} die neuere Ausg.). Spr. 5397. {#rajasA alaNGitAtmA#} {"
PWG-L27984-MBH1.1558,1,1558,jyotika,fehlerhaft,high,,lemma,"02,29.10",reading-supported,local-GRETIL,mEtrajyotika,"{#jyotika#}¦ m. N. pr. eines Nāga MBH. 1,1558. Viell. nur fehlerhaft für {#jyotizka#}. — Vgl. {#mEtrajyotika#}."
PWG-L106569-MBH1.1699,1,1699,sarj,zu lesen,high,Bomb,lemma,"01,37.12",reading-supported,local-GRETIL,skanDe mftaM samAsrAkzItpannagam,"A sarpaM skanDe samAsfjat#} (richtiger {#˚sajat#} ed. Bomb.) MBH. 1,1699. {#cIramekaM svasminskanDe samAsfjat#} R. GORR. 2,37,12. {#skanDe mftaM samAsrAkzItpannagam#} (wohl {#˚sANkzIt#} zu lesen) MBH."
PWG-L106569-MBH1.1703,1,1703,sarj,zu lesen,high,,lemma,"01,37.12",reading-supported,local-GRETIL,skanDe mftaM samAsrAkzItpannagam,"s>. {#skanDe mftaM samAsrAkzItpannagam#} (wohl {#˚sANkzIt#} zu lesen) MBH. 1,1703. — 2〉 {%Jmd%} (loc.) {%übergeben%} HARIV. 6434 (wohl {#˚sajat#} zu lesen). {#putre rAjyaM samAsfjya#} (v. l. {#˚sajya#"
PWG-L41710-MBH1.2020,1,2020,paW,zu lesen,high,,lemma,"01,47.6",reading-supported,local-GRETIL,sarpasattramiti KyAtaM purARe paripaWyate,"aufzählen, erwähnen%}: {#sarpasattramiti KyAtaM purARe paripaWyate#} MBH. 1,2020. SUŚR. 2,88,16. BHAVIṢYA-P._in_Verz. d. Oxf. H. 33,b,14 (wo wohl {#vede#} zu lesen ist). {%bezeichnen als, nennen%}: {#"
PWG-L54447-MBH1.2304,1,2304,BAgin,zu lesen,high,Bomb,lemma,"08,65.33",reading-supported,local-GRETIL,piRqAcCAdAnamAtrEka˚,"/ls>. {#piRqAcCAdAnamAtrEka˚#} 36,45. {#rAjya˚#} MBH. 1,2304. [Page5-0239] {#gArhasTya˚#} (so zu lesen mit der ed. Bomb.) 6134. {#dyuti˚#} 13,4231</l"
PWG-L19368-MBH1.2367,1,2367,kolAhala,fälschlich,medium,,lemma,"01,17.14",reading-supported,local-GRETIL,kolAlAhalaH,"n=""1"">— 2〉 m. N. pr. eines personificirten Berges MBH. 1,2367. fg. (an der ersten Stelle fälschlich: {#kolAlAhalaH#}). LIA. I, 606."
PWG-L62766-MBH1.2792,1,2792,ac,zu lesen,high,,lemma,"04,6.15",reading-supported,local-GRETIL,svasitAYcitamUrDajA,"— 3〉 {#aYcita#} {%kraus, lockig%}: {#svasitAYcitamUrDajA#} MBH. 1,2792. R. GORR. 2,66,25, wo {#prakIrRAYcitamUrDaja#} st. {#prakIrRAcita˚#} zu lesen ist. — {#aDi#} vgl. {#aDyaYc#}. — {#anu#} vgl. {#"
PWG-L62766-MBH1.2792,1,2792,ac,st.,medium,,lemma,"04,6.15",reading-supported,local-GRETIL,svasitAYcitamUrDajA,"— 3〉 {#aYcita#} {%kraus, lockig%}: {#svasitAYcitamUrDajA#} MBH. 1,2792. R. GORR. 2,66,25, wo {#prakIrRAYcitamUrDaja#} st. {#prakIrRAcita˚#} zu lesen ist. — {#aDi#} vgl. {#aDyaYc#}. <div"
PWG-L113516-MBH1.2987,1,2987,sKalana,druckfehler,high,,lemma,"01,67.33",reading-supported,local-GRETIL,rAjyAdasKalanam,"fallen aus%} so v. a. {%das Kommen um%}: {#rAjyAdasKalanam#} MBH. 1,2987. — 4〉 {%das Fehlgehen, Sichirren%}: {#gotra˚#} {%im Namen%} Spr. (II) 4137. SĀH. D. 219 ({#gAtra˚#} Druckfehler in der neueren "
PWG-L48950-MBH1.3459,1,3459,pratyavekzya,zu lesen,high,,lemma,"07,51.17",reading-supported,local-GRETIL,pratyavekzAni˚,"}¦ (wie eben) adj. {%auf den man Rücksicht zu nehmen hat%} MBH. 1,3459. — RAGH. 17,53 ist {#pratyavekzAni˚#} zu lesen."
PWG-L71756-MBH1.4054,1,4054,kOmArika,lies,high,,lemma,"12,171.61",reading-supported,local-GRETIL,kumArIsnehavant,"{%Mädchen —, Töchter liebend%}; = {#kumArIsnehavant#}"
PWG-L106569-MBH1.4350,1,4350,sarj,zu lesen,high,Bomb,lemma,"05,94.43",reading-supported,local-GRETIL,anAryAM matim,"pararAzwrARi visfjyABipravarDitaH#} ({#vimfjya#} ed. Bomb.) MBH. 1,4350. {#anAryAM matim#} R. 2,21,43. {#caRqatAm#} (so mit der ed. Bomb. zu lesen) MĀLAV. 55. Spr. (II) 5852. 6234. <ls n=""Spr. (I"
PWG-L38684-MBH1.4804,1,4804,nikAya,falsch,medium,,lemma,"04,4.43",reading-supported,local-GRETIL,devanikAyAnAM sendrARAM ca divOkasAm,"h erklärt) M. 1,36. {#devanikAyAnAM sendrARAM ca divOkasAm#} MBH. 1,4804."
PWG-L20033-MBH1.5142,1,5142,klIba,lies,high,,lemma,"04,6.15",reading-supported,local-GRETIL,na SUrasya saKA klIvaH,". MED. (lies: {#avikrame#}). {#na SUrasya saKA klIvaH#} MBH. 1,5142. {#kaccidrAjanna nirvedAd"
PWG-L7743-MBH1.5156,1,5156,aho,zu lesen,high,,lemma,"01,122.15",reading-supported,local-GRETIL,aho vo DigbalaM kzAttram,"PAÑCAT."">234,9. ŚĀK. 18,9. {#aho vo DigbalaM kzAttram#} MBH. 1,5156. {#Digaho#} (so ist zu lesen st. {#digaho#}) {#kazwAM strIzvanuroDitAm#} KATHĀS. 20,197. {#aho vata#"
PWG-L7743-MBH1.5156,1,5156,aho,st.,medium,,lemma,"01,122.15",reading-supported,local-GRETIL,aho vo DigbalaM kzAttram,"PAÑCAT."">234,9. ŚĀK. 18,9. {#aho vo DigbalaM kzAttram#} MBH. 1,5156. {#Digaho#} (so ist zu lesen st. {#digaho#}) {#kazwAM strIzvanuroDitAm#} KATHĀS. 20,197. {#aho vata#} ({%weh"
PWG-L36186-MBH1.5308,1,5308,Dar,zu lesen,high,,lemma,"12,167.21",reading-supported,local-GRETIL,dravyaM DArayati,"anustURO ca) prAdAnmamEva BagavAnDArayasveti#} MBH. 3,11980. 1,5308. {#DAraya#} MṚCCH. 46,3. {#BUmizWaM#} (so ist wohl zu lesen mit der v. l.) {#dravyaM DArayati#} 49,4. {#(kanakasUtram) a"
PWG-L122468-MBH1.5545,1,5545,saYj,st.,medium,Bomb,lemma,"08,69.43",reading-supported,local-GRETIL,utkarzeRa sarvatra vyAptaH,"ab> 558, Z. 2 lies 13,7329. — {#ud#}, {#utsakta#} MBH. 1,5545 Lesart der ed. Bomb. st. {#utsikta#} der Calc. = {#utkarzeRa sarvatra vyAptaH#} NĪLAK. viel"
PWG-L114394-MBH1.5792,1,5792,spaSa,zu lesen,high,Calc,lemma,"04,4.43",reading-supported,local-GRETIL,spaSADyakza,"taH spaSaH#} (so st. {#spfSaH#} zu lesen) M. 8,116. MBH. 1,5792 ({#sparSa#} ed. Calc.). {#spaSADyakza#}"
PWG-L84911-MBH1.5884,1,5884,ruj,statt,medium,Bomb,lemma,"04,6.15",reading-supported,local-GRETIL,vajreRevAvarugRAnAM nagAnAm,"#rurukzaRi#}. — {#ava#} {%abbrechen%}: {#avarujya gulmAn#} MBH. 1,5884. {#vajreRevAvarugRAnAM nagAnAm#} HARIV. 3565. statt {#avarugnam#} MBH. 7,1345 liest die ed. Bomb. richtiger {#avasTAnam#}."
PWG-L1211-MBH1.5909,1,5909,atas,zu lesen,high,,lemma,"01,138.20",reading-supported,local-GRETIL,duHKataraM SakyaM mayA druzwumataH param . yo 'ham,"el. mit dem pron. rel.: {#kiM nu#} (so ist zu lesen mit MBH. 1,5909.) {#duHKataraM SakyaM mayA druzwumataH param . yo 'ham#} u."
PWG-L67140-MBH1.6390,1,6390,i,lies,high,Bomb,lemma,"01,75.18",reading-supported,local-GRETIL,prehi mAm,". 3 lies {#prehi\ prehi^#}; Z. 3 vom Ende {#prehi mAm#} MBH. ed. Bomb. 1,6390 (s"
PWG-L67140-MBH1.6390,1,6390,i,zu lesen,high,Bomb,lemma,"01,75.18",reading-supported,local-GRETIL,prehi mAm,". 3 lies {#prehi\ prehi^#}; Z. 3 vom Ende {#prehi mAm#} MBH. ed. Bomb. 1,6390 (so zu lesen st. 3690.) — Vgl. {#prAya, prAyaRa, prAyas#}. — {"
PWG-L67140-MBH1.6390,1,6390,i,st.,medium,Bomb,lemma,"01,75.18",reading-supported,local-GRETIL,prehi mAm,". 3 lies {#prehi\ prehi^#}; Z. 3 vom Ende {#prehi mAm#} MBH. ed. Bomb. 1,6390 (so zu lesen st. 3690.) — Vgl. {#prAya, prAyaRa, prAyas#}. — {#aBipra#"
PWG-L98096-MBH1.6684,1,6684,SaraBa,statt,medium,Bomb,lemma,"02,28.47",reading-supported,local-GRETIL,kAMScicCabarAn,"s 7,6944. — d〉 pl. eines Volkes MBH. 1,6684. statt {#kAYcIYCaraBAn#} liest aber die ed. Bomb. besser {#kAMScicCabarAn#}. <div n=""2"""
PWG-L113579-MBH1.6694,1,6694,staB,statt,medium,,lemma,"04,4.43",reading-supported,local-GRETIL,yadupayuktaM cirAdvipacyate vizwaBnAti vA,"kAnvizwaBya tizWati#} MBH. 5,3182. 1,3757. 6694. — 7〉 von Speisen {%sich stopfen, im Magen liegen bleiben%} (statt verdaut zu werden): {#yadupayuktaM cirAdvipacyate vizwaBnAti vA#} SUŚR. 1,171,4."
PWG-L33916-MBH1.6841,1,6841,duz,zu lesen,high,,lemma,"01,170.21",reading-supported,local-GRETIL,dUzayantaM tapastejaH kroDam,va candanam#} 177. {#dUzayantaM tapastejaH kroDam#}
PWG-L97640-MBH1.7578,1,7578,Satahan,zu lesen,high,,lemma,"04,4.43",reading-supported,local-GRETIL,ayaHkaRwakasaMCannASataGnImahatISilA,MCannA SataGnI mahatI SilA#} VIJAYARAKṢITA</ls
PWG-L70409-MBH1.7648,1,7648,kAmin,st.,medium,,lemma,"01,99.18",reading-supported,local-GRETIL,sArvakAlikIm,"} SUND. 1,31; {#sArvakAlikIm#} st. {#sarvakAminIm#} MBH. 1,7648."
PWG-L23301-MBH1.7675,1,7675,gorakza,zu lesen,high,,lemma,"01,202.24",reading-supported,local-GRETIL,AH nivfttakfzigorakzA (BUH),"nes adj. comp. f. {#AH nivfttakfzigorakzA (BUH)#} MBH. 1,7675. Statt {#gorakza#} n. ist wohl überall {#gorakzya#} oder {#gOrakzya#} zu lesen; {#kza#} und {#kzya#} werden auch sonst mit einander verwec"
PWG-L30686-MBH1.8258,1,8258,toza,fehlerhaft,high,,lemma,"01,145.7",reading-supported,local-GRETIL,tozamativyAharatAm,"uṣita — Götter BHĀG. P. 4,1,7. — {#tozamativyAharatAm#} MBH. 1,8258 fehlerhaft für {#tezAmati˚#}, wie schon WEST. u. {#hf#} mit {#vyA#} verbessert."
PWG-L87302-MBH10.222,10,222,vac,zu lesen,high,,lemma,"04,4.43",reading-supported,local-GRETIL,adya bArhaspataH SrImAnyuktaH puzyeRa,"ravaktuM veza eva ca#} {%lässt sich nicht mittheilen, — beschreiben%} MBH. 10,222. {#adya bArhaspataH SrImAnyuktaH puzyeRa#} (so ist zu lesen) {#procyate brAhmaREH#} R. 2,26,9 (11 GORR.). H. 19</l"
PWG-L41788-MBH10.392,10,392,pat,zu lesen,high,,lemma,"08,69.43",reading-supported,local-GRETIL,tAMstu dEvahatAnpUrvaM paScAddrORirvyapAtayat,"s>MBH. 7,6149. {#tAMstu dEvahatAnpUrvaM paScAddrORirvyapAtayat#} 10,392. Es ist wohl an beiden Stellen {#nyapA˚#} zu lesen. — {#anuvi#} {%davonfliegen nach%} (acc.): {#(vAcAm) ekA vi pra^pA\tA"
PWG-L87647-MBH10.504,10,504,vad,zu lesen,high,,lemma,"04,6.15",reading-supported,local-GRETIL,nArto 'pyapavadedviprAn,"ṄKH. ŚR. 13,16,1. {#nArto 'pyapavadedviprAn#} M. 4,236. MBH. 10,504. {#svaM putramapavadati#} oder {#˚te#} P. 1,3,77, Sch. {#nfByo 'pavadamAnasya#} (so ist zu lesen) BHAṬṬ. 8,45. — 2〉 act. {%Jmd%} (ac"
PWG-L48217-MBH10.644,10,644,praticakra,zu lesen,high,,lemma,"04,6.15",reading-supported,local-GRETIL,indrayAnaM sucArucAru praticakracakram,"einen unvergleichlichen Discus besitzend%} 10709. MBH. 10,644. {#indrayAnaM sucArucAru praticakracakram#} (es ist wohl {#sucAru cArupra˚#} zu lesen) viell. {%Nebenrad und Rad%} HARIV. 13115."
PWG-L55954-MBH11.97,11,97,Brajj,lies,high,Bomb,lemma,"01,79.6",reading-supported,local-GRETIL,pariBfjjantam,"braten%}: {#pariBfjjantam#} (lies {#pariBfjjyantam#} pass.) MBH. 11,97, ed. Bomb. ({#pariBujyant"
PWG-L101574-MBH12.518,12,518,Sri,fälschlich,medium,Bomb,lemma,"12,287.32",reading-supported,local-GRETIL,taTAdyA prakftiryogAdaBisaMSrIyate,"n=""1"">— 2〉 act. {%sich überlassen, — hingeben%}: {#tyAgam#} MBH. 12,518. — 3〉 {%gelangen zu, theilhaftig werden%}; pass.: {#taTAdyA prakftiryogAdaBisaMSrIyate#} ({#˚Sriyate#} fälschlich ed. Bomb.) MBH"
PWG-L24902-MBH12.1203,12,1203,car,lies,high,,lemma,"04,4.43",reading-supported,local-GRETIL,bAlAnapi ca mArgasTAnsAntvena sadudAcaran,"%}: {#bAlAnapi ca mArgasTAnsAntvena sadudAcaran#} (lies: {#samudA˚#}) MBH. 12,1203. — 3〉 {%thun, vollbringen%}: {#te yadbrUyu"
PWG-L60883-MBH12.1213,12,1213,muc,fehlerhaft,high,,lemma,"13,72.44",reading-supported,local-GRETIL,yaScAgnInparimucyeta,"rhaft: {#yaScAgnInparimucyeta#} so v. a. {%vernachlässigen%} MBH. 12,1213. {#"
PWG-L90789-MBH12.1585,12,1585,vikaRwaka,fehlerhaft,high,Bomb,lemma,"01,82.9",reading-supported,local-GRETIL,vikaRwakEH,"ifolia Nees. RĀJAN._im_ŚKDR. — {#vikaRwakEH#} MBH. 12,1585 fehlerhaft für {#viBaNgEH#} (so die ed. Bomb.) oder {#viwaNkEH#} (von NĪLAK. erwäh"
PWG-L31145-MBH12.1632,12,1632,trivft,zu lesen,high,,lemma,"12,47.28",reading-supported,local-GRETIL,yaH suparRo yajurnAma cCandogAtristrivfcCirAH,">. VP. 42. {#yaH suparRo yajurnAma cCandogAtristrivfcCirAH#} MBH. 12,1632. Ist HARIV. 7435 st. {#trivftsoma#} viell. {#˚stoma#} zu lesen? — b〉 {%mit dem%} trivṛt Stoma {%verbunden%}: {#savana#} <ls"
PWG-L31145-MBH12.1632,12,1632,trivft,st.,medium,,lemma,"12,47.28",reading-supported,local-GRETIL,yaH suparRo yajurnAma cCandogAtristrivfcCirAH,">. VP. 42. {#yaH suparRo yajurnAma cCandogAtristrivfcCirAH#} MBH. 12,1632. Ist HARIV. 7435 st. {#trivftsoma#} viell. {#˚stoma#} zu lesen? — b〉 {%mit dem%}"
PWG-L23861-MBH12.1940,12,1940,glA,st.,medium,,lemma,"12,54.16",reading-supported,local-GRETIL,mA glAyeta ca hfdayam,"glAsIH karmaRA#} 1210. {#mA glAyeta ca hfdayam#} 12,1940. {#aglAsIt#} (so die Scholiasten st. {#amlAsIt#}) {#smarannitTaM mETilyAH#} BHAṬṬ. 6,12. 16,31</l"
PWG-L110502-MBH12.2214,12,2214,sunITa,st.,medium,,lemma,"01,179.15",reading-supported,local-GRETIL,sunITakanyA,"es Todesgottes%}), Gattin Aṅgaʼs und Mutter Veṇaʼs, MBH. 12,2214. HARIV. 293. VP. 99. BHĀG. P. 4,13,18. 24. 14,2. st. dessen {#sunITakanyA#} HARIV. 74."
PWG-L47291-MBH12.2306,12,2306,pEjavana,lies,high,,lemma,"12,212.39",reading-supported,local-GRETIL,DarmAtpEjavano,"KĀM. NĪTIS. 1,14. {#SUdraH pEj"
PWG-L73952-MBH12.2855,12,2855,cOkza,zu lesen,high,Bomb,lemma,"04,4.43",reading-supported,local-GRETIL,cOkzyaM praSastaM svArTe zyaY,"AK._zu_MBH. 12,7049: {#cOkzyaM praSastaM svArTe zyaY#}; 12,2855 ist mit der ed. Bomb. {#coBe#} st. {#cOkzye#} zu lesen."
PWG-L73952-MBH12.2855,12,2855,cOkza,st.,medium,Bomb,lemma,"04,4.43",reading-supported,local-GRETIL,cOkzyaM praSastaM svArTe zyaY,"AK._zu_MBH. 12,7049: {#cOkzyaM praSastaM svArTe zyaY#}; 12,2855 ist mit der ed. Bomb. {#coBe#} st. {#cOkzye#} zu lesen."
PWG-L81815-MBH12.3283,12,3283,yA,st.,medium,Calc,lemma,"08,69.43",reading-supported,local-GRETIL,rAjA na iha vindate,"mb. st. {#rAjA na iha vindate#} der ed. Calc.) MBH. 12,3283. —"
PWG-L44343-MBH12.3305,12,3305,pAdapa,lies,high,,lemma,"12,89.4",reading-supported,local-GRETIL,maDudohaM duhedrAzwraM BramarA iva pAdapam,"HALĀY. 2,22. {#maDudohaM duhedrAzwraM BramarA iva pAdapam#} <"
PWG-L35047-MBH12.3517,12,3517,doha,statt,medium,,lemma,"12,78.29",reading-supported,local-GRETIL,BuNkzva viBavAnnijaDarmadohAn,"#} {%einen messingenen Milchkübel Milch auf ein Mal gebend%} ({#go#}) 3517. {#gAvo 'tramannasfgdohAH#} {%statt der Milch Blut habend%} BHĀG. P. 3,17,13. {#BuNkzva viBavAnnijaDarmadohAn#} {%au"
PWG-L113992-MBH12.3672,12,3672,sTApya,zu schreiben,high,,lemma,"12,100.9",reading-supported,local-GRETIL,sAdinAmantare pAdAtam,"zIraM ca mfnmaye#} 3,17. {#sAdinAmantare pAdAtam#} MBH. 12,3672. {#tvayA tarurnandane#} HARIV. 7655. {#Barato nfpamate#} (so zu schreiben) {#pade#} R. 2,52,31. {#dEtyendraH SvetaSElaguhAntare#} {%einz"
PWG-L68632-MBH12.3717,12,3717,uzwra,fehlerhaft,high,Bomb,lemma,"02,72.36",reading-supported,local-GRETIL,praDvastozwradantasya,"/ls>. 104,41. — {#praDvastozwradantasya#} MBH. 12,3717 fehlerhaft für {#praDvastozWadantasya#}, wie die ed. Bomb. liest."
PWG-L115989-MBH12.3724,12,3724,han,zu lesen,high,Bomb,lemma,"05,158.35",reading-supported,local-GRETIL,pratigAhanti,"GAtayitum#} MBH. 1,8109. — {#prativyA#} scheinbar MBH. 12,3724, da mit der ed. Bomb. {#pratigAhanti#} st. {#prativyAhanti#} zu lesen ist. — {#samA#} 1〉 {%anschlagen, zusammenschlagen%}: {#df\zadO^#} T"
PWG-L115989-MBH12.3724,12,3724,han,st.,medium,Bomb,lemma,"05,158.35",reading-supported,local-GRETIL,pratigAhanti,"GAtayitum#} MBH. 1,8109. — {#prativyA#} scheinbar MBH. 12,3724, da mit der ed. Bomb. {#pratigAhanti#} st. {#prativyAhanti#} zu lesen ist. — {#samA#} 1〉 {%anschlagen, zusammenschla"
PWG-L36186-MBH12.3837,12,3837,Dar,fehlerhaft,high,,lemma,"12,104.43",reading-supported,local-GRETIL,suSikzitErBApyakaTAviSAradEH purepu kftyAmupaDArayecca,"3204. {#suSikzitErBApyakaTAviSAradEH purepu kftyAmupaDArayecca#} 3837. — {#upaDareran#} in der Stelle {#yasya paSavo nopaDarerannanyAnvABijanAnninitseta so 'ptoryAmeRa yajeta#} ĀŚV. ŚR. 9,11 viell. fe"
PWG-L99142-MBH12.3920,12,3920,SAs,fehlerhaft,high,,lemma,"13,2.21",reading-supported,local-GRETIL,yajYadAne praSADyasmE,"s>. {#yajYadAne praSADyasmE#} so v. a. {%darüber bestimmen%} MBH. 12,3920. — {#praSAsta#} ĀPAST. 1,31,14 fehlerhaft für {#praSasta#}. Vgl. {#praSAsana#} fgg., {#praSizwi, praSis, fzipraSi"
PWG-L104816-MBH12.3975,12,3975,saMnicaya,zu lesen,high,Bomb,lemma,"12,108.19",reading-supported,local-GRETIL,koSasaMnicayezu (niyuktAH),"icayaM kuryAt#} MBH. 12,2651. {#koSasaMnicayezu (niyuktAH)#} 3975. — 2〉 {%Vorrath, Fülle, Menge%}: {#ratna˚#} HARIV. 6922. {#tejaH˚#} ({#niyatas#} mit der ed. Bomb. zu lesen) MBH. 13,1025. {#alpa˚#} a"
PWG-L88101-MBH12.4010,12,4010,var,fehlerhaft,high,,lemma,"01,2.233",reading-supported,local-GRETIL,Avftya parikramam,"hren%}: {#Avavre muzalI tarum#} BHAṬṬ. 14,109. — {#AvfRoti#} MBH. 12,4010 wohl fehlerhaft für {#apAvfRoti#}. {#Avftya parikramam#} M. 3,214 fehlerhaft für {#Avftparikrama"
PWG-L88101-MBH12.4010,12,4010,var,fehlerhaft,high,,lemma,"01,2.233",reading-supported,local-GRETIL,Avftya parikramam,"hren%}: {#Avavre muzalI tarum#} BHAṬṬ. 14,109. — {#AvfRoti#} MBH. 12,4010 wohl fehlerhaft für {#apAvfRoti#}. {#Avftya parikramam#} M. 3,214 fehlerhaft für {#Avftparikramam#}. — {#A/vfta#} {%bedeckt, u"
PWG-L24902-MBH12.4195,12,4195,car,falsch,medium,,lemma,"08,69.43",reading-supported,local-GRETIL,SAstradfzwyA yaTEva budDvA pracarasva,"fahren%} M. 9,284. {#SAstradfzwyA yaTEva budDvA pracarasva#} MBH. 12,4195"
PWG-L113947-MBH12.4294,12,4294,sTAna,zu schreiben,high,,lemma,"04,6.15",reading-supported,local-GRETIL,gurusTAne na mAM niyoktuM tvamihArhasi,"ls>. {#gurusTAne na mAM niyoktuM tvamihArhasi#} MBH. 3,1858. 12,4294. {#pAtayitvA rAmaM sTAnAt#} R. 2,43,5. 106,22 ({#bAlaH sTA˚#} zu schreiben und demnach der Artikel {#bAlasTAna#} zu streichen). {#s"
PWG-L25993-MBH12.4315,12,4315,cOkza,fehlerhaft,high,,lemma,"04,6.15",reading-supported,local-GRETIL,(sacivam) cOkzaM cOkzajanAkIrRaM sumuKaM suKadarSanam,"ieblich%}): {#(sacivam) cOkzaM cOkzajanAkIrRaM sumuKaM suKadarSanam#} MBH. 12,4315. {#cOkzya#} wohl nur fehlerhaft für {#cOkza#} ({#kza#} und {#kzya#} werden häufig mit einander verwechselt): {#acOkzy"
PWG-L42000-MBH12.4653,12,4653,pad,zu lesen,high,,lemma,"12,125.29",reading-supported,local-GRETIL,ASAyAH — taTA nAntamahaM gataH,">st. {#taTA#} zu lesen) {#.#} {#ASAyAH — taTA nAntamahaM gataH#} MBH. 12,4653. — Vgl.</a"
PWG-L42000-MBH12.4653,12,4653,pad,st.,medium,,lemma,"12,125.29",reading-supported,local-GRETIL,ASAyAH — taTA nAntamahaM gataH,">st. {#taTA#} zu lesen) {#.#} {#ASAyAH — taTA nAntamahaM gataH#} MBH. 12,4653. <"
PWG-L63925-MBH12.5202,12,5202,antika,lies,high,,lemma,"04,6.15",reading-supported,local-GRETIL,prApa krUraH SUrAntikaM punaH,"ode aufhört%} MBH. 3,8333. — 3〉a〉 {%in der Nähe%} MBH. 12,5202. {#prApa krUraH SUrAntikaM punaH#} {%in die Nähe von, zu%} RĀJA-TAR. 5,57. — c〉 *Z. 3 lies 50. 52. st. 50,52."
PWG-L63925-MBH12.5202,12,5202,antika,st.,medium,,lemma,"04,6.15",reading-supported,local-GRETIL,prApa krUraH SUrAntikaM punaH,"ode aufhört%} MBH. 3,8333. — 3〉a〉 {%in der Nähe%} MBH. 12,5202. {#prApa krUraH SUrAntikaM punaH#} {%in die Nähe von, zu%} RĀJA-TAR. 5,57. — c〉 *Z. 3 lies 50. 52. st. 50,52."
PWG-L36889-MBH12.5265,12,5265,DUmAy,zu lesen,high,,lemma,"05,36.58",reading-supported,local-GRETIL,aho DUmAyante,"tuzAgnirivAnarcirDUmAyasva jijIvizuH ..#} 4507. 12,5265. VARĀH. BṚH. S. 6,10. HARIV. 12801. {#aho DUmAyante#} (so ist zu lesen) {#'NgAni#} 8722. {#muhUrtaM jvalitaM Sreyo na ca DUmAyitaM#} (no"
PWG-L57138-MBH12.6294,12,6294,maDyadeSIya,zu lesen,high,,lemma,"04,4.43",reading-supported,local-GRETIL,˚SOqOqrasaMSrayaH,"a#}¦ (von {#maDyadeSa#}) adj. dass.: {#brAhmaRa#} MBH. 12,6294. RĀJA-TAR. 6,300, wo wohl {#˚SOqOqrasaMSrayaH#} zu lesen ist."
PWG-L103843-MBH12.6670,12,6670,saYj,zu lesen,high,Bomb,lemma,"12,169.21",reading-supported,local-GRETIL,nakArAnuzakta,""">2,2,3,10. {#mftyunA#} (so mit der ed. Bomb. zu lesen) MBH. 12,6670. Spr. (II) 2381. {#nakArAnuzakta#} SIDDH. K._zu_"
PWG-L108767-MBH12.6711,12,6711,sArgAla,zu lesen,high,Bomb,lemma,"01,65.7",reading-supported,local-GRETIL,˚lIM yAmaham,"x>f. {#I#}) {%einem Schakal eigen%} u. s. w.: {#yoni#} MBH. 12,6711 ({#˚lIM yAmaham#} mit der ed. Bomb. zu lesen). 13,411. {#SA˚#} beide Ausgg."
PWG-L23656-MBH12.6977,12,6977,graB,st.,medium,,lemma,"08,33.36",reading-supported,local-GRETIL,upagfhItum,"nti#} MBH. 12,5206. — 7〉 {%annehmen, gutheissen%} MBH. 12,6977. — 8〉 st. {#upagfhItum#} HIT. II, 3 ist nicht mit den Herausgebern {#upagrahitum#} (e"
PWG-L89800-MBH12.6978,12,6978,vAti,fehlerhaft,high,Bomb,lemma,"04,4.43",reading-supported,local-GRETIL,varzAvAtyuzRAtiSItakfta,"1,58 nach ŚKDR. {#varzAvAtyuzRAtiSItakfta#} ({#duHKa#}) MBH. 12,6978 fehlerhaft für {#varzavAtAtyuzRAtiSItakfta#}, wie die ed. Bomb. liest."
PWG-L51365-MBH12.7713,12,7713,plu,zu lesen,high,,lemma,"01,2.156",reading-supported,local-GRETIL,so 'paplutya,"oBAtkAmakroDAvanuplavan#} {%nachgehend, sich [Page4-1189] hingebend%} 12,7713. — Vgl. {#anuplava#}. — {#apa#} {%abspringen%}: {#so 'paplutya#} (wohl {#'vaplutya#} zu lesen) {#raTAt#} MBH. 6,3718. — ca"
PWG-L15743-MBH12.7803,12,7803,kalka,falsch,medium,,lemma,"12,208.10",reading-supported,local-GRETIL,kalkApetA (vAk),"BAvopahatAni kalkaH ..#} MBH. 1,268. fg. {#kalkApetA (vAk)#} 12,7803. {#viDUtakalka#} BHĀG. P. 2,2,24. {#akalkaka#} adj. {%ohne Falsch, ehrlich, rein%}: {#akalkako nirAramBo laDvAhAro jitendriyaH . vi"
PWG-L53377-MBH12.8540,12,8540,brahman,zu lesen,high,,lemma,"04,6.15",reading-supported,local-GRETIL,dve vAva brahmaRo rUpe mUrtaM cAmUrtaM cATa yanmUrtaM tadasatyaM yadamUrtaM tatsatyaM yadbrahma,"dabrahmaRi nizRAtaH paraM brahmADigacCati#} MAITRYUP. 6,22 = MBH. 12,8540. fg. {#dve vAva brahmaRo rUpe mUrtaM cAmUrtaM cATa yanmUrtaM tadasatyaM yadamUrtaM tatsatyaM yadbrahma#} (so ist zu lesen) {#t"
PWG-L40630-MBH12.8777,12,8777,nuda,zu lesen,high,,lemma,"12,232.8",reading-supported,local-GRETIL,varjayeduzatIM vAcaM hiMsAyuktAM manonudAm,"4. In der Stelle: {#varjayeduzatIM vAcaM hiMsAyuktAM manonudAm#} MBH. 12,8777 ist wohl {#˚tudAm#} {%das Herz verletzend%} zu lesen. — Vgl. {#tamo˚#}."
PWG-L95554-MBH12.9119,12,9119,vezw,zu lesen,high,,lemma,"12,246.4",reading-supported,local-GRETIL,pASEH PaladaM parivezwya tam,". 9,15. SUŚR. 2,346,2. {#pASEH PaladaM parivezwya tam#} MBH. 12,9119. {#rajjuBiH#} Spr. 3342. {#kawakErAyasEH#} (so ist zu lesen) RĀJA-TAR. 4,263. {#Bogena#} ({#sarpasya#}) MBH. 1,1802. 3"
PWG-L112214-MBH12.9671,12,9671,sUtray,st.,medium,,lemma,"04,4.43",reading-supported,local-GRETIL,SOnakena sUtritam,"MÜLLER, SL. 244. {#SOnakena sUtritam#} 314. {#Garmezu sUtritam#} MBH. 12,9671 (st. dessen {#sUkzmatAm#} 9727). {#sUtritA brahmavidyA Atmetyevopas"
PWG-L90578-MBH12.10038,12,10038,vAsay,zu lesen,high,,lemma,"13,80.25",reading-supported,local-GRETIL,puzpoccayEr,"ls n=""KAUŚ."">41. MBH. 1,6965. 10,332. 12,10038. HARIV. 3555. 3708. 8420 ({#puzpoccayEr#} mit der neueren Ausg. zu lesen). MEGH. 20. ṚT. 1,4. 5,5. RAGH. 4,74. {#ekenA"
PWG-L117456-MBH12.10821,12,10821,hflleKa,zu lesen,high,,lemma,"12,254.27",reading-supported,local-GRETIL,sahflleKena,"/lex> MBH. 12,9367. {#vyapeta˚#} adj. ({#manas#}) 10821. {#sahflleKena#} (so zu lesen st. {#sakf˚#}) {#cetasA#} R. 6,100,19. {#vicikitsA tu hfdaye anne yasmi"
PWG-L117456-MBH12.10821,12,10821,hflleKa,st.,medium,,lemma,"12,254.27",reading-supported,local-GRETIL,sahflleKena,"/lex> MBH. 12,9367. {#vyapeta˚#} adj. ({#manas#}) 10821. {#sahflleKena#} (so zu lesen st. {#sakf˚#}) {#cetasA#} R. 6,100,19. {#vicikitsA tu hfdaye anne yasminprajAya"
PWG-L28639-MBH12.10975,12,10975,tantu,lies,high,,lemma,"05,36.57",reading-supported,local-GRETIL,tantavo 'pyAyitA,"minnitye tate tantO dfQe sragiva tizWati#} 12,1610. 10975. {#tantavo 'pyAyitA#} (lies: {#'pyAyatA#}) {#nityaM tanavo bahulAH samAH . bahUnbahutvAdAyAsAnsahantItyupamA satAm .."
PWG-L45937-MBH12.11074,12,11074,punIta,zu lesen,high,,lemma,"12,289.38",reading-supported,local-GRETIL,pApaM hanti punItAnAM padamApnoti so 'jaram,"Ita#}¦ in der Stelle: {#pApaM hanti punItAnAM padamApnoti so 'jaram#} MBH. 12,11074. Es ist wohl {#sunItAnAM#} zu lesen."
PWG-L109448-MBH12.11268,12,11268,siDya,fehlerhaft,high,Bomb,lemma,"04,4.43",reading-supported,local-GRETIL,siDyApasmArayoH,"0. AK. 1,1,2,23. H. 111. — {#siDyApasmArayoH#} MBH. 12,11268 fehlerhaft für {#siDmApa˚#}, wie die ed. Bomb. liest."
PWG-L60095-MBH12.11816,12,11816,mArgitavya,st.,medium,,lemma,"03,77.9",reading-supported,local-GRETIL,mArgitavyasya,"/ls>. HARIV. 10320. {%wonach man zu streben hat%}: {#jYAna#} MBH. 12,11816. Statt {#mArgitavyasya#} HARIV. 2800 liest die neuere Ausg. {#mArgitasyEva#} (auch {#veda#} st. {#deva#})."
PWG-L66073-MBH12.11901,12,11901,AkiMcanya,zu lesen,high,,lemma,"04,4.43",reading-supported,local-GRETIL,AkiMcanyAyatana,"{#AkiMcanya#}¦ Spr. 3676. fg. MBH. 12,11901. {#AkiMcanyAyatana#} (so ist st. {#akiM˚#} zu lesen) {%der Ort, wo es gar Nichts giebt%}, BURN._in_Lot. de la b. l. 813. <d"
PWG-L66073-MBH12.11901,12,11901,AkiMcanya,st.,medium,,lemma,"04,4.43",reading-supported,local-GRETIL,AkiMcanyAyatana,"{#AkiMcanya#}¦ Spr. 3676. fg. MBH. 12,11901. {#AkiMcanyAyatana#} (so ist st. {#akiM˚#} zu lesen) {%der Ort, wo es gar Nichts giebt%}, BURN._in_Lot."
PWG-L77908-MBH12.12061,12,12061,pat,lies,high,,lemma,"05,126.24",reading-supported,local-GRETIL,patottizWa,fgg. 6528. 9934. fg. 12061. Hierher gehört auch die Z. 4 stehende Stelle aus R.; vgl. Spr. 2723. — 2〉 Z. 6 lies {#patottizWa#}. — 7〉 {#lakzmIryatra patanti tatra vivftadvArA#} [Page5-1575] {
PWG-L93087-MBH12.12409,12,12409,vivaha,zu lesen,high,,lemma,"01,0.0",reading-supported,local-GRETIL,vivahAKyaH,"ah#} mit {#vi#}) m. N. {%eines der sieben Winde%} MBH. 12,12409. fgg. HARIV. 12787. BRAHMĀṆḌA-P. beim Schol. zu ŚĀK. 165 ({#vivahAKyaH#} zu lesen). {%eine der sieben Zungen des Feuers%} (als masc. !) "
PWG-L100866-MBH12.13202,12,13202,SEkya,fehlerhaft,high,,lemma,"08,65.13",reading-supported,local-GRETIL,nAgAMstarasA vigfhRan,"/ls>) {#nAgAMstarasA vigfhRan#} 5,1829. — {#SEkya#} MBH. 12,13202 wohl fehlerhaft für {#SEkza#}."
PWG-L113718-MBH12.13869,12,13869,stokaka,st.,medium,,lemma,"03,179.8",reading-supported,local-GRETIL,stokakA a˚,". M. 12,67. MBH. 3,12546. 12,389. 13869. R. 3,35,28. 6,81,9. {#vinedurbarhiRastatra skokakAlparutAH#} (st. {#stokakA a˚#}) HARIV. 3910. die neuere Ausg. liest {#stokakalparu"
PWG-L48303-MBH13.49,13,49,pratiniDi,st.,medium,,lemma,"12,159.15",reading-supported,local-GRETIL,viDeH pratiniDiH kftaH,"ei_KULL._zu_M. 9,181. {#putra˚#} M. 9,180. MBH. 13,49 in der Unterschr. {#viDeH pratiniDiH kftaH#} (st. dessen {#viDipratiniDIkftaH#} MBH. 12,6055) M. 11,29. MBH. 14,"
PWG-L100867-MBH13.161,13,161,SEkza,st.,medium,Calc,lemma,"11,7.1",reading-supported,local-GRETIL,SEkyo vAgamftam,"{#svara#} 12,13504 ({#SEkzya#} ed. Calc.). 13,161 ({#SEkzya#} beide Ausgg.). st. {#SEkyo vAgamftam#} 12,13202 lesen wir {#SEkzaM vA˚#}."
PWG-L103843-MBH13.210,13,210,saYj,zu lesen,high,,lemma,"08,65.13",reading-supported,local-GRETIL,gfhavyApAra˚,"rz. d. Oxf. H."">56,b,18 (wohl {#SaktyAM#} zu lesen). {#brahma˚#} MBH. 13,210. {#yudDa˚#} R. 4,15,31. {#gfhavyApAra˚#}"
PWG-L84878-MBH13.251,13,251,ruci,st.,medium,Bomb,lemma,"15,26.2",reading-supported,local-GRETIL,fzirvrajaH,">95,1. fgg. — b〉 eines Sohnes des Viśvāmitra MBH. 13,251 ({#fzirvrajaH#} st. {#rucirvrajaH#} ed. Bomb.). — c〉 eines Fürsten VP. 462, N. 1"
PWG-L113804-MBH13.528,13,528,strIpuMsa,zu schreiben,high,,lemma,"04,38.58",reading-supported,local-GRETIL,powA strIpuMsalakzaRA,"s n=""M."">9,25. 101. fgg. YĀJÑ. 3,72. MBH. 13,528. DAŚAK. 65,6. 7. im comp.: {#powA strIpuMsalakzaRA#} (so ist zu schreiben) AK. 2,6,1,15. HĀR. 130. {#sa˚#} adj. (f. {#A#})"
PWG-L97785-MBH13.733,13,733,Sabara,zu lesen,high,Bomb,lemma,"04,6.15",reading-supported,local-GRETIL,karoti BagavAnrUpamAwavyaSabarARyapi,"ab>: {#karoti BagavAnrUpamAwavyaSabarARyapi#} (so ed. Bomb.) MBH. 13,733. es ist vielleicht {#˚SA˚#} zu lesen. — 2〉 m. a〉 pl. N. pr. eines wilden V"
PWG-L86767-MBH13.802,13,802,lokAloka,zu lesen,high,,lemma,"14,8.30",reading-supported,local-GRETIL,lokAlokAntakaraRa,". {#lokAlokAntakaraRa#} 13,816. {#lokAlokAntarezu#} 802. MĀRK. P. 45,58 (wo wohl {#idaM#} st. {#imaM#} zu lesen ist). 54,2. {#lokAlokayorantarAle#} BHĀG. P. 5,20,34. <div"
PWG-L86767-MBH13.802,13,802,lokAloka,st.,medium,,lemma,"14,8.30",reading-supported,local-GRETIL,lokAlokAntakaraRa,". {#lokAlokAntakaraRa#} 13,816. {#lokAlokAntarezu#} 802. MĀRK. P. 45,58 (wo wohl {#idaM#} st. {#imaM#} zu lesen ist). 54,2. {#lokAlokayorantarAle#} BHĀG"
PWG-L88730-MBH13.828,13,828,valasUdana,fälschlich,medium,,lemma,"01,57.17",reading-supported,local-GRETIL,balisUdana,"BH. 1,1285. 7706. 13,278. 828. R. 1,47,2 ({#balisUdana#} fälschlich bei SCHL.). BRAHMA-P. in LA. (III) 50,6."
PWG-L51753-MBH13.899,13,899,banD,fehlerhaft,high,,lemma,"03,290.8",reading-supported,local-GRETIL,udbadDamukuwa,"BujaMgamodbadDajawAkalApa#} KUMĀRAS. 3,46. {#udbadDamukuwa#} MBH. 13,899. {#udbadDakeSa#} RAGH. 16,67 fehlerhaft für {#udbanDa˚#} (d. i. {%mit aufgelöstem Haar%}, wie ST."
PWG-L113472-MBH13.907,13,907,skanDaviSAKa,fehlerhaft,high,,lemma,"01,0.0",reading-supported,local-GRETIL,skanDaviSAKa,"{#skanDaviSAKa#}¦ MBH. 13,907 fehlerhaft für {#skanda˚#}."
PWG-L85736-MBH13.1015,13,1015,laGiman,zu lesen,high,Bomb,lemma,"03,147.11",reading-supported,local-GRETIL,laGimaguRa˚,">P. 5,1,122. VOP. 7,61. 1〉 {%Leichtigkeit%} MBH. 13,1015 ({#mahimA#} st. {#laGimA#} ed. Bomb.). {#laGimnotpatya#} BHĀG. P. 10,44,34. MĀRK. P. 99,54 ({#laGimaguRa˚#} zu lesen.) {#samaSnute me laGimAnam"
PWG-L113583-MBH13.1090,13,1090,stamba,fehlerhaft,high,,lemma,"13,16.53",reading-supported,local-GRETIL,Abrahmastambaparyantam,"tam#} {%Alles was zwischen%} Brahman {%und dem Grase liegt%} MBH. 13,1090. SĀṂKHYAK. 54. ŚAṂK._zu_BṚH. ĀR. UP. S. 156 ({#stamBa#} fehlerhaft). BHĀG. P. 12,6,67. SARVADARŚANAS. 60,8. {#Abrahmastambapar"
PWG-L108182-MBH13.1151,13,1151,sADaka,zu lesen,high,,lemma,"13,2.21",reading-supported,local-GRETIL,saMBArAnyajYasADakAn,"1,34. {#saMBArAnyajYasADakAn#} R. 1,11,3. {#nakzatra˚#} MBH. 13,1151. {#saMkalpa˚#} HARIV. 1361 ({#˚sADakaM#} zu lesen). {#sarvezwa˚#} Verz. d. Oxf. H. 99,b,40. {#kArya˚#} MBH. 3,11306."
PWG-L117902-MBH13.1257,13,1257,hlAdana,zu lesen,high,Bomb,lemma,"01,2.126",reading-supported,local-GRETIL,hlAdanaScEva,"(wie eben) 1〉 adj. {%erfrischend, erquickend%} MBH. 13,1257 ({#hlAdanaScEva#} mit der ed. Bomb. zu lesen). HARIV. 8724. R. 2,60,15. R. GORR. 1,18,15. SUŚR. 1,246,1"
PWG-L101122-MBH13.1392,13,1392,SoBana,zu schreiben,high,,lemma,"04,4.43",reading-supported,local-GRETIL,guRapraBAvaSIlena cAritreRa ca,""">40. {#guRapraBAvaSIlena cAritreRa ca#} {%ausgezeichnet durch%} MBH. 13,1392. {#svarge divyasparSanaSoBane#} Spr. (II) 3255. {#samiti˚#} (so ist zu schreiben) {%ausgezeichnet im Kampfe%} R. 4,18,12. "
PWG-L98693-MBH13.1485,13,1485,SAwa,fälschlich,medium,,lemma,"01,105.2",reading-supported,local-GRETIL,SAwIpracCadam,"P. 9,9,7. SADDH. P. 4,20,b. 39,a ({#SAwi#}). {#snAna˚#} MBH. 13,1485. MṚCCH. 49,11. Verz. d. Oxf. H. 85,a,40 (fälschlich {#˚SAWI#}). {#SAwIpawIram, SAwIpawwikam#} und {#SAwIpracCadam#} copulative Comp"
PWG-L45644-MBH13.1552,13,1552,pukkaSa,zu lesen,high,,lemma,"02,72.36",reading-supported,local-GRETIL,pukkasAnAYca,"144. 208. {#puzkaSa#} HĀR. 27) MBH. 13,1552 (wo {#pukkasAnAYca#} zu lesen ist). 2586. 6705. BHĀG. P. 2,4,18. <"
PWG-L68778-MBH13.1592,13,1592,fRa,fälschlich,medium,,lemma,"08,5.20",reading-supported,local-GRETIL,vfdDyarTaM DanaprayoktA,"6. {#fRAdAna#} Verz. d. Oxf. H. 263,a,16. {#fRakartar#} MBH. 13,1592 erklärt NĪLAK. fälschlich durch {#vfdDyarTaM DanaprayoktA#}. {#fRaM mfgay, yAc#} {%um ein Darlehn bitten%} KATH"
PWG-L18692-MBH13.1708,13,1708,kfttikA,zu lesen,high,,lemma,"09,45.86",reading-supported,local-GRETIL,mUlakfttikAn,"ttikANgArake#} {%zur Zeit der Vereinigung des Mars mit den Plejaden%} 13,1708. {#mUlakfttikAn#} (so ist wohl zu lesen) VET. 16,18. Im sg.: {#tridivaM kfttikA gatA . nakzatraM saptaSIrzABaM"
PWG-L49264-MBH13.1715,13,1715,prapatana,zu lesen,high,,lemma,"04,4.43",reading-supported,local-GRETIL,apAM prapatanAsevI,"8,222. {#vidyut˚#} HARIV. 3664. {#apAM prapatanAsevI#} MBH. 13,1715. st. {#marutprapatanaM#} MĀRK. P. 40,3 ist wohl {#marupra˚#} {%das Sichhinabwerfen von einem Felsen%} zu lesen. {#jala˚#} YĀJÑ. 3,15"
PWG-L49264-MBH13.1715,13,1715,prapatana,st.,medium,,lemma,"04,4.43",reading-supported,local-GRETIL,apAM prapatanAsevI,"8,222. {#vidyut˚#} HARIV. 3664. {#apAM prapatanAsevI#} MBH. 13,1715. st. {#marutprapatanaM#} MĀRK. P. 40,3 ist wohl {#marupra˚#} {%das Sichhinabwerf"
PWG-L62586-MBH13.1729,13,1729,agni,lies,high,,lemma,"13,26.41",reading-supported,local-GRETIL,agneH puram,"lies {#AvasaTya#}. {#agneH puram#} N. eines Wallfahrtsortes MBH. 13,1729."
PWG-L93196-MBH13.2115,13,2115,viS,zu lesen,high,,lemma,"12,205.16",reading-supported,local-GRETIL,praviSedindriyARi ca,"aBuYjate#} {%inʼs Haus hineinlassen%} so v. a. {%bewirthen%} MBH. 13,2115. fg. {#yo 'nyasmin SarIre yogayuktitaH . antaHkaraRamAveSya#} (so ist st. {#AviSya#} zu lesen) {#praviSedindriyARi ca#} (die b"
PWG-L93196-MBH13.2115,13,2115,viS,st.,medium,,lemma,"12,205.16",reading-supported,local-GRETIL,praviSedindriyARi ca,"aBuYjate#} {%inʼs Haus hineinlassen%} so v. a. {%bewirthen%} MBH. 13,2115. fg. {#yo 'nyasmin SarIre yogayuktitaH . antaHkaraRamAveSya#} (so ist st. {#AviSya#} zu lesen) {#praviSedindriyARi ca#} (die b"
PWG-L53763-MBH13.2328,13,2328,Baga,zu lesen,high,Bomb,lemma,"04,6.15",reading-supported,local-GRETIL,tadA muKaBagAScEva Bavizyanti striyo 'parAH,"340,19. MBH. 13,818. fg. 825. fg. 2328 (wo mit der ed. Bomb. {#BagANka#} zu lesen ist). HARIV. 7593. Spr. 803 (wo ohne Zweifel {#BagANko#} zu lesen ist). {#tadA muKaBagAScEva Bavizyanti striyo 'parAH#"
PWG-L60501-MBH13.2623,13,2623,miTyA,falsch,medium,,lemma,"08,69.43",reading-supported,local-GRETIL,ete putrA na BavantIti vaktuM na Sakyante,"len%} ({#ete putrA na BavantIti vaktuM na Sakyante#} NĪLAK.) MBH. 13,2623. mit dem caus. med. von {#kar#} (ein Wort) {%zu wiederholten Malen falsch aussprechen%} P. 1,3,71. VOP. 23,54. act. {%einmal f"
PWG-L90853-MBH13.2761,13,2761,vikAra,zu lesen,high,,lemma,"13,53.7",reading-supported,local-GRETIL,na ca tO cakratuH kaMcidvikAram,"1,20. {#na ca tO cakratuH kaMcidvikAram#} (so ist wohl zu lesen) MBH. 13,2761. 2802. 3,2920. <ls n=""MBH."
PWG-L39093-MBH13.2880,13,2880,niyama,zu lesen,high,,lemma,"03,277.10",reading-supported,local-GRETIL,sAvitre niyame pUrRe,"yamaDArin#} MBH. 13,1585. 2736 (wo wie 2880 {#kaMcidA˚#} zu lesen ist). BRĀHMAṆ. 2,54. SUND. 2,16. {#sAvitre niyame pUrRe#} HARIV. 56"
PWG-L67958-MBH13.3057,13,3057,udDaraRa,zu lesen,high,,lemma,"13,59.14",reading-supported,local-GRETIL,sodDaraRA gfhAn,"Seinigen nach Hause mitgiebt, nachdem man ihn selbst gespeist hat%}, MBH. 13,3057 (wo wohl {#sodDaraRA gfhAn#} zu lesen ist). {#svAminyAgate dAsyAmIti yAcamAneByo bAlakeBya ASApradarSanamudDaraRam#} N"
PWG-L97001-MBH13.3139,13,3139,SaMs,fehlerhaft,high,,lemma,"08,69.43",reading-supported,local-GRETIL,kftyAnAmaDiSastAnAmarizwaSamanaM mahat,"{%verrufen, gefürchtet%}: {#kftyAnAmaDiSastAnAmarizwaSamanaM mahat#} <ls"
PWG-L18992-MBH13.3259,13,3259,kfsara,zu lesen,high,,lemma,"01,0.0",reading-supported,local-GRETIL,dAlimamiSrA,"utr. MBH. 13,7583. MĀRK. P. 14,61. {#kfzara#} MBH. 13,3259. {#kfSarA#} f. HĀR. 169. {#taRqulA dAlisaMmiSrA#} (wohl {#dAlimamiSrA#} zu lesen) {#lavaRArdrakahiNguBiH . saMyuktAH salilEH sidDAH kfSarA ka"
PWG-L77143-MBH13.3439,13,3439,nipAna,st.,medium,Bomb,lemma,"04,4.43",reading-supported,local-GRETIL,kaWinopaveSane,"{#nipAna#}¦ 1〉 die Stelle MBH. 13,3439 kann auch zu 2〉 gezogen werden; die ed. Bomb. liest {#nivAte#} st. {#nipAte#}; NĪLAK. erklärt jenes durch {#kaWinopaveSane#}. (!) —"
PWG-L93196-MBH13.3453,13,3453,viS,fehlerhaft,high,Bomb,lemma,"04,14.13",reading-supported,local-GRETIL,nirviSantyAM,"14,80. Spr. (II) 1087. — 5〉 {#nirviSantyAM#} MBH. 13,3453 fehlerhaft für {#nivi˚#}, wie die ed. Bomb. liest. — Vgl. {#nirveSa#} <"
PWG-L94085-MBH13.3727,13,3727,vizyanda,zu lesen,high,Bomb,lemma,"07,121.14",reading-supported,local-GRETIL,Sukrasya vizyandAn,"#}¦ (von {#syand#} mit {#vi#}) m. {%Tropfen%}: {#somasya#} MBH. 13,3727. ({#vispanda#} ed. Calc.). {#Sukrasya vizyandAn#} (so ist zu lesen; {#visyandAt#} ed. Calc. {#vispandAn#} ed. Bomb.). R. GORR. 2"
PWG-L48211-MBH13.3750,13,3750,pratiGAta,zu lesen,high,,lemma,"14,70.1",reading-supported,local-GRETIL,suhfddidfkzA˚,"H. 5,2650. {#mUtra˚#} {%Urinverhaltung%} SUŚR. 1,262,9. MBH. 13,3750 (wo {#˚purIzARAM#} zu lesen ist). {#suhfddidfkzA˚#} {%Behinderung%} BHĀG. P. 4,4,2. {#pratiGAtotTitArcizA (h"
PWG-L86456-MBH13.3778,13,3778,lIlANga,fehlerhaft,high,,lemma,"04,6.15",reading-supported,local-GRETIL,vilasitANga,"{#lIlANga#}¦ adj. als Beiw. eines Stiers MBH. 13,3778 fehlerhaft für {#nIlANga#}. NĪLAK.: {#lIlANga#} = {#vilasitANga#}."
PWG-L113729-MBH13.4108,13,4108,stoBa,zu lesen,high,Bomb,lemma,"04,6.15",reading-supported,local-GRETIL,stotrastoBacCa˚,". 12,7268. 7340. 13,625. 4108 (nach der Lesart der ed. Bomb.). BHĀG. P. 6,8,27 (wohl {#stotrastoBacCa˚#} zu lesen). {%Geträll%} überh. BHĀG. P. 6,2,14. {#a˚#} adj. so v."
PWG-L117242-MBH13.4110,13,4110,hu,st.,medium,,lemma,"08,69.43",reading-supported,local-GRETIL,saMjuhAvAtmanAtmAnam,"> dessen TBR. 3,7,6,21. {%opfern%}: {#saMjuhAvAtmanAtmAnam#} MBH. 13,4110"
PWG-L23691-MBH13.4133,13,4133,grahapati,fehlerhaft,high,,lemma,"13,85.25",reading-supported,local-GRETIL,mama sattramidaM divyamahaM grahapatistviha,"nur fehlerhaft: {#mama sattramidaM divyamahaM grahapatistviha#} MBH. 13,4133."
PWG-L97760-MBH13.4560,13,4560,Sap,st.,medium,,lemma,"13,96.14",reading-supported,local-GRETIL,SapAma tIkzREH SapaTEH,"ls>MĀRK. P. 23,90. GHAṬ. 22. {#SapAma tIkzREH SapaTEH#} MBH. 13,4560. mit acc. st. dat.: {#pAdO satyena te Sape#} R. GORR. 2,16,10. mit {#yadi#}, wel"
PWG-L113603-MBH13.4990,13,4990,stamBa,zu lesen,high,Bomb,lemma,"14,31.1",reading-supported,local-GRETIL,dvezaH stamBo 'Bi˚,"12,5943. 8034. 13,1008. 4990 (zu lesen {#dvezaH stamBo 'Bi˚#} mit der ed. Bomb.). 14,998. R. 5,85"
PWG-L91581-MBH13.5186,13,5186,vid,fehlerhaft,high,Bomb,lemma,"03,167.11",reading-supported,local-GRETIL,vividizati,"asparSarasAnaham#} R. 2,64,67. — 6〉 {#vedayanti#} MBH. 13,5186 fehlerhaft für {#ramayanti#}, wie die ed. Bomb. liest; {#avedito#} KATHĀS. 1,23,158 fehlerhaft für {#avidito#}, wie auch das Metrum zeigt"
PWG-L91583-MBH13.5384,13,5384,vid,fälschlich,medium,Calc,lemma,"01,13.29",reading-supported,local-GRETIL,tadavindata,"H. 3,8123. 8144. 8153. 13,5384 ({#vidyAt#} fälschlich ed. Calc.). med.: {#tadavindata#} BHĀG. P. 3,8,19. <ls n=""BHĀG"
PWG-L90487-MBH13.5491,13,5491,vAlukA,zu lesen,high,Bomb,lemma,"13,112.81",reading-supported,local-GRETIL,GoravAlukaM,"91. Scheinbar N. einer Hölle MBH. 13,5491, wo aber mit der ed. Bomb. {#GoravAlukaM#} zu lesen ist. — Vgl. {#karamBa˚#} unter {#karamBa#} 1〉a〉 (MBH."
PWG-L26013-MBH13.5521,13,5521,cOrikAka,zu lesen,high,,lemma,"13,112.95",reading-supported,local-GRETIL,lavaRaM corayitvA tu cOrikAkaH prajAyate,"%eine diebische Krähe%}: {#lavaRaM corayitvA tu cOrikAkaH prajAyate#} MBH. 13,5521. — Viell. ist {#cOrakAka#} zu lesen; oder ist etwa {#cOri#} = {#cOrI#} = {#cOrya#}?"
PWG-L60618-MBH13.5979,13,5979,mih,fehlerhaft,high,,lemma,"08,69.43",reading-supported,local-GRETIL,puruzaM vABimehataH,"yati#} {%seichen lassen%} ṚV. 10,102,5. — {#ati#} MBH. 13,5979 fehlerhaft für {#prati#}. — {#aBi#} {%beharnen%}: {#puruzaM vABimehataH#} (gen."
PWG-L118958-MBH13.6146,13,6146,ucCizwaka,zu lesen,high,Bomb,lemma,"04,38.34",reading-supported,local-GRETIL,tata ucCizwakAH sarve,"{#ucCizwaka#}¦ adj. = {#ucCizwa#} 1〉b〉 MBH. 13,6146, wo mit der ed. Bomb. {#tata ucCizwakAH sarve#} zu lesen ist."
PWG-L61761-MBH13.6650,13,6650,mfzA,falsch,medium,,lemma,"13,132.26",reading-supported,local-GRETIL,varjanIyaM mfzA buDEH,9. {#varjanIyaM mfzA buDEH#} {%müs
PWG-L29372-MBH13.6986,13,6986,tAraRa,lies,high,,lemma,"08,69.43",reading-supported,local-GRETIL,(aditiH) mahendrasuratAraRI,"ab>Beiw. Śivaʼs MBH. 13,1232. Viṣṇuʼs 6986. {#(aditiH) mahendrasuratAraRI#} HARIV. 7022. {#vrata#} 7941 (lies: {#tAraRaM#}). — 2〉 m. {%Floss, Boot%} ŚABDAR._im_ŚKDR"
PWG-L88101-MBH13.7473,13,7473,var,zu lesen,high,,lemma,"04,51.17",reading-supported,local-GRETIL,sPAwikaprAvftatalA,"{#Sri\yA#} AV. 12,5,2. {#tama^sA#} 18,3,3. MBH. 13,7473. {#izujAlena#} R. 6,20,17. {#sPAwikaprAvftatalA#} ({#SAlA#}) 5,13,11. {#sindUreRa prAvftA#} (so ist schon des Metrums wegen zu lesen) {#purI#} K"
PWG-L45265-MBH13.7556,13,7556,pitfpEtAmaha,st.,medium,,lemma,"04,6.15",reading-supported,local-GRETIL,yaH pUrvaM prakfto mArgaH pitfpEtAmaho DruvaH,s>: {#yaH pUrvaM prakfto mArgaH pitfpEtAmaho DruvaH#}). {#
PWG-L94837-MBH13.13354,13,13354,vfTA,zu lesen,high,,lemma,"08,65.13",reading-supported,local-GRETIL,laNGanaM ca samudrasya kaTaM tu,"s n=""M."">8,111. MBH. 1,6032. 3,15551. 13,13354. R. GORR. 2,6,12. {#laNGanaM ca samudrasya kaTaM tu#} (wohl {#nu#} zu lesen) {#na vfTA Bavet#} 5,9,39. {#vfTA jAto mama SramaH#} <ls n=""R. GORR"
PWG-L57948-MBH14.228,14,228,mard,fehlerhaft,high,Bomb,lemma,"08,69.43",reading-supported,local-GRETIL,mfdBantaSca,"ehlerhaft für {#mfdBantaSca#} (so die ed. Bomb.); {#mardan#} 14,228 fehlerhaft für {#nardan#} (so die ed. Bomb.). — caus. {#mardayati#} 1〉"
PWG-L85170-MBH14.229,14,229,rUpin,zu lesen,high,,lemma,"12,308.68",reading-supported,local-GRETIL,samfdDimiva,"pert, leibhaftig%} MBH. 3,16626. 16645. 14,229. R. 1,1,6. 5,9,20 (wo {#samfdDimiva#} zu lesen ist). 47,26 ({#rUpiRIm#} wohl zu lesen). KATHĀS. 2,51. <ls n="
PWG-L85170-MBH14.229,14,229,rUpin,zu lesen,high,,lemma,"12,308.68",reading-supported,local-GRETIL,samfdDimiva,"pert, leibhaftig%} MBH. 3,16626. 16645. 14,229. R. 1,1,6. 5,9,20 (wo {#samfdDimiva#} zu lesen ist). 47,26 ({#rUpiRIm#} wohl zu lesen). KATHĀS. 2,51. 26,47. 211. <ls n="
PWG-L109440-MBH14.249,14,249,siD,zu lesen,high,Bomb,lemma,"01,34.13",reading-supported,local-GRETIL,yajYaM pratizetsyati,"(am Anfange mit der [Page7-1001] ed. Bomb. {#taM#} zu lesen) MBH. 14,249. {#yajYaM pratizetsyati#} 1,1634. <ls n=""MBH. 1,"""
PWG-L108632-MBH14.597,14,597,sAra,fehlerhaft,high,,lemma,"03,157.35",reading-supported,local-GRETIL,sADunirvyUhaM,ab>Ausg. liest. Vgl. {#a˚#} ({%werth
PWG-L42709-MBH14.1029,14,1029,parigraha,st.,medium,,lemma,"04,6.15",reading-supported,local-GRETIL,(dvijAtayaH) yajYADyayananityASca viratASca parigrahAt,"BHĀG. P. 4,22,23. ohne Ergänzung {%Entgegennahme von Gaben%} MBH. 14,1029. {#(dvijAtayaH) yajYADyayananityASca viratASca parigrahAt#} R. 1,6,14. {#a˚#} (st. dessen {#yAvadarTaparigraha#} {%die Annahme"
PWG-L95601-MBH14.1054,14,1054,vEkArika,zu lesen,high,,lemma,"04,4.43",reading-supported,local-GRETIL,ahaMkArAddevA vE˚,". d. Oxf. H. 82,b,14. {#devAH (fzayaH)#} MBH. 12,13626. 14,1054. BHĀG. P. 2,5,30. 3,5,30. MĀRK. P. 45,49. Verz. d. Oxf. H. 104,b,24 (wohl {#ahaMkArAddevA vE˚#} zu lesen). {#puruza#} MBH. 12,13627. {#y"
PWG-L91173-MBH14.1240,14,1240,vicintA,fehlerhaft,high,Bomb,lemma,"04,6.15",reading-supported,local-GRETIL,vicintAjYAna˚,"aTaM sAgaralaNGanam . syAditi#} R. 4,62,3. {#vicintAjYAna˚#} MBH. 14,1240 fehlerhaft für {#vicitrAjYAna˚#}, wie die ed. Bomb. liest."
PWG-L55050-MBH14.1852,14,1852,Buj,st.,medium,,lemma,"04,6.15",reading-supported,local-GRETIL,na vE svayaM tadaSnIyAdatiTiM yanna Bojayet,". {#na vE svayaM tadaSnIyAdatiTiM yanna Bojayet#} Spr. 4355. MBH. 14,1852. R. 3,16,15. {#svadu ca BojitA#} KATHĀS. 21,51. BHĀG. P. 9,4,34. PAÑCAR. 1,6,52 ({#nAradaM#} st. {#nArada#} zu lesen). {#dvijA"
PWG-L116085-MBH14.1932,14,1932,har,zu lesen,high,Bomb,lemma,"01,178.17",reading-supported,local-GRETIL,udDAre 'nudDfte,"Da^rE#} TS. 6,3,10,6. {#udDAre 'nudDfte#} M. 9,116. MBH. 14,1932 ({#uddaDre#} mit der ed. Bomb. zu lesen). {#stri\yaM jA\tAM parA^sya\ntyutpumA^Msa\M hara^nti#} {%vorziehen%} TS. 6,5,10,3</l"
PWG-L113088-MBH14.2039,14,2039,sOKyaSAyika,fehlerhaft,high,,lemma,"01,2.126",reading-supported,local-GRETIL,sOKyaSAyika,"{#sOKyaSAyika#}¦ m. MBH. 14,2039 wohl nur fehlerhaft für {#sOKa˚#}."
PWG-L64055-MBH14.2198,14,2198,apacAyin,zu lesen,high,Bomb,lemma,"08,69.43",reading-supported,local-GRETIL,jyezWapUjaka,"lc.; der Schol. erklärt {#jyezWapUjaka#}. Umgekehrt ist MBH. 14,2198 statt {#vfdDopacAyitvAt#} zu lesen {#vfdDApacAyitvAt#}; die ed. Bomb. hat {#hato#} (so auch in der ed. Calc.</l"
PWG-L68146-MBH14.2198,14,2198,upacAyin,fehlerhaft,high,,lemma,"14,75.4",reading-supported,local-GRETIL,vfdDopacAyitvAt,"#budDirDarmopacAyinI#} 13,6275. {#vfdDopacAyitvAt#} 14,2198 fehlerhaft für {#vfdDApa˚#}."
PWG-L64055-MBH14.2198,14,2198,apacAyin,statt,medium,Bomb,lemma,"08,69.43",reading-supported,local-GRETIL,jyezWapUjaka,"lc.; der Schol. erklärt {#jyezWapUjaka#}. Umgekehrt ist MBH. 14,2198 statt {#vfdDopacAyitvAt#} zu lesen {#vfdDApacAyitvAt#}; die ed. Bomb. hat {#hato#} (so"
PWG-L45776-MBH14.2752,14,2752,put,zu lesen,high,,lemma,"01,178.17",reading-supported,local-GRETIL,puttrastrARAtputra iti SrutiH,"tA#} MĀRK. P. 75,16. Statt {#puttrastrARAtputra iti SrutiH#} MBH. 14,2752 ist {#putastrA˚#} zu lesen. {#narakaM puditi KyAtam#} HARIV. 14420. {#pudastrARAttataH putramihecCanti para"
PWG-L47782-MBH14.2852,14,2852,praKyAla,fehlerhaft,high,,lemma,"01,49.14",reading-supported,local-GRETIL,(a) praKyAta,"{#praKyAla#}¦ ({#a˚#}) MBH. 14,2852 wohl fehlerhaft für {#(a) praKyAta#}."
PWG-L43801-MBH15.82,15,82,paS,zu lesen,high,,lemma,"04,6.15",reading-supported,local-GRETIL,gatimanyAm — nAhaM paSyAmi kAM,"yamAnA BayamidaM pravezwuM nAtra SaknumaH#} 1,8382. 15,82. HARIV. 7670. {%sehen%} so v. a. {%kennen%}: {#gatimanyAm — nAhaM paSyAmi kAM#} (so ist zu lesen) {#ca na#} R. 1,57,20. VID. 30. {#na tu paSyA"
PWG-L68213-MBH15.183,15,183,upaDA,zu lesen,high,,lemma,"01,178.17",reading-supported,local-GRETIL,upaDASoDitAH,"r 1〉 aufgeführten Stellen HIT. III, 16. MBH. 2,177. 15,183 ziehen wir jetzt vor zu 2〉 zu stellen; die Erklärer schwanken. — 2〉 HALĀY. 4,72. {#upaDASoDitAH#} (so ist zu lesen) KĀM. NĪTIS. 4,26. {#upety"
PWG-L13958-MBH15.726,15,726,Odumbara,lies,high,,lemma,"04,51.17",reading-supported,local-GRETIL,tatrEvOqu˚,"ĀJÑ. 1,283. H. 816. {#Oqumbara#} MBH. 13,6001. 15,726 (lies: {#tatrEvOqu˚#}). R. 1,13,24. — 2〉 m. a〉 N"
PWG-L75841-MBH16.109,16,109,duranta,zu lesen,high,,lemma,"04,6.15",reading-supported,local-GRETIL,durantABo˚,"; vgl. KATHĀS. 46,233. Z. 9. fgg."
PWG-L14219-MBH2.32,2,32,kakzya,zu lesen,high,,lemma,"02,2.10",reading-supported,local-GRETIL,bAhyakakzyA,"igAhya#} (so zu lesen) {#ca#} 6,39,4. {#bAhyakakzyA#} MBH. 2,32. {#saptakakzya#} R"
PWG-L44166-MBH2.119,2,119,pARqa,fehlerhaft,high,,lemma,"02,4.21",reading-supported,local-GRETIL,pARqoqrarAjO,"#} gaṇa {#gOrAdi#} zu P. 4,1,41. — {#pARqoqrarAjO#} MBH. 2,119 fehlerhaft für {#pARqyo˚, pARqaputrezu#} 15,81 fehlerhaft für {#pARqu˚#}."
PWG-L72729-MBH2.143,2,143,gAnDarva,lies,high,,lemma,"03,82.41",reading-supported,local-GRETIL,yudDagAnDarvasevin,"chlachtmusik%} st. {%Kriegstanz%}. In {#yudDagAnDarvasevin#} MBH. 2,143</"
PWG-L72729-MBH2.143,2,143,gAnDarva,st.,medium,,lemma,"03,82.41",reading-supported,local-GRETIL,yudDagAnDarvasevin,"chlachtmusik%} st. {%Kriegstanz%}. In {#yudDagAnDarvasevin#} MBH. 2,143 fasst NĪLAK."
PWG-L93388-MBH2.303,2,303,viSva,zu lesen,high,,lemma,"05,15.13",reading-supported,local-GRETIL,viSve surezu,"/ls> ({#viSve surezu#} zu lesen). MED. BHAG. 11,22. MBH. 2,303. 3,1768."
PWG-L51405-MBH2.363,2,363,PaRavant,zu lesen,high,,lemma,"01,178.17",reading-supported,local-GRETIL,PaRavAnnipkramya,"n=""1""> 1〉 adj. {%mit einer Haube versehen%}, von Schlangen MBH. 2,363. PAÑCAT. 184,11 (wo {#PaRavAnnipkramya#} zu lesen ist). — 2〉 m. {%Haubenschlange, Schlange%} ŚABDAR._im_"
PWG-L54463-MBH2.636,2,636,BAj,zu lesen,high,,lemma,"02,14.2",reading-supported,local-GRETIL,samrAwSabdo hi kfcCraBAk,"""2"">— c〉 {%verbunden mit%}: {#samrAwSabdo hi kfcCraBAk#} [Page5-0241] MBH. 2,636. {#prasUtiBAjaH sargasya#} KUMĀRAS. 2,7. {#pAdAmbujAnyambujakAntiBAYji#} ṚT. 4,4. {#karmARyaDikAraBAYji#} (so ist zu le"
PWG-L98558-MBH2.999,2,999,SAkala,fehlerhaft,high,,lemma,"08,69.43",reading-supported,local-GRETIL,SAkalasya saMhitA,"N. pr. eines Dvīpa MBH. 2,998. {#˚dvIpa#} 999. — e〉 fehlerhaft für {#SAkalya#} in der Verbindung {#SAkalasya saMhitA#} Verz. d. B. H. 13,19. <d"
PWG-L29896-MBH2.1067,2,1067,tIvra,zu lesen,high,,lemma,"01,2.126",reading-supported,local-GRETIL,sarpARAM darSanaM tIvraM,"a karmaRA#} {%mit nicht allzugrosser Anstrengung, mit leichter Mühe%} MBH. 2,1067. {#sarpARAM darSanaM tIvraM#} (so ist zu lesen) {#svapnAnAM ca niSAkzaye#} {%schrecklich, grässlich%} HARIV. 4256. {#n"
PWG-L56635-MBH2.1108,2,1108,matsya,zu lesen,high,,lemma,"04,6.15",reading-supported,local-GRETIL,virAwABiKya˚,"z. d. Oxf. H."">339,b,1. {#vIra˚#} R. 2,71,5. {#apara˚#} MBH. 2,1108. — 6〉 {%ein Fürst der%} Matsya, wie insbes. Virāṭa genannt wird, H. an. (wo {#virAwABiKya˚#} zu lesen ist). MBH. 4,16. 18. 145 ({#ma"
PWG-L44627-MBH2.1130,2,1130,pAradArika,zu lesen,high,,lemma,"08,69.43",reading-supported,local-GRETIL,pAradArikaM cOraM,">YĀJÑ. 2,295 (wo vielleicht {#pAradArikaM cOraM#} zu lesen ist). MBH. 2,1130. 5,1227 = 13,4278. KAT"
PWG-L54346-MBH2.1424,2,1424,Baz,zu lesen,high,,lemma,"01,128.1",reading-supported,local-GRETIL,vArayanBazato,"SvAnastasminsamAgatAH . BazeyuH sahitAH sarve taTeme vasuDADipAH ..#} 2,1424. {#vArayanBazato#} (so ist wohl st. {#BAzato#} zu lesen) {#vfkAn#} RĀJA-TAR. 2,88. {#Bazitum#} MBH. 13,2198. {#Bazante#} <l"
PWG-L54346-MBH2.1424,2,1424,Baz,st.,medium,,lemma,"01,128.1",reading-supported,local-GRETIL,vArayanBazato,"SvAnastasminsamAgatAH . BazeyuH sahitAH sarve taTeme vasuDADipAH ..#} 2,1424. {#vArayanBazato#} (so ist wohl st. {#BAzato#} zu lesen) {#vfkAn#} RĀJA-TAR. 2,88. {#Bazitum#} MBH. 13,2198"
PWG-L117919-MBH2.1765,2,1765,hvA,zu lesen,high,,lemma,"02,45.38",reading-supported,local-GRETIL,upAhvayasva,">BHAṬṬ. 8,17. — 2〉 {%herausfordern%}: {#upAhvayasva#} MBH. 2,1765. {#upAhvaye#} (so wohl zu lesen) R. 4,48,20. — 3〉 {%herbeischaffen%}: {#yenEnamupAhvayemahi#} (= {#sa"
PWG-L87278-MBH2.1846,2,1846,vaNkU,st.,medium,Bomb,lemma,"02,47.22",reading-supported,local-GRETIL,bAlhIcInasamudBavam,"{#vaNkU#}¦ MBH. 2,1846 fehlerhafte Lesart für {#vaNkzu#}; die ed. Bomb. liest {#bAlhIcInasamudBavam#} st. {#vaNkUtIranivAsinaH#}."
PWG-L107317-MBH2.1881,2,1881,savarRa,zu lesen,high,,lemma,"08,69.43",reading-supported,local-GRETIL,Amrapattra˚,"t. {#su\varRa^M#} zu lesen. {#Amrapattra˚#} {%gleichfarbig mit%} MBH. 2,1881. {#indrAyuDa˚#} 7"
PWG-L107317-MBH2.1881,2,1881,savarRa,st.,medium,,lemma,"08,69.43",reading-supported,local-GRETIL,Amrapattra˚,"t. {#su\varRa^M#} zu lesen. {#Amrapattra˚#} {%gleichfarbig mit%} MBH. 2,1881."
PWG-L26237-MBH2.1942,2,1942,Cid,lies,high,,lemma,"02,50.8",reading-supported,local-GRETIL,bAhUnivatOnmA cCetsIH,"ten, zerstören, entfernen%}: {#bAhUnivatOnmA cCetsIH#} (lies {#CE˚#}) MBH. 2,1942. {#tataSCetsyati nArAcErjagatsarvaM sarAkzasam#} R. 3,7"
PWG-L50692-MBH2.2198,2,2198,prAtikAmin,fälschlich,medium,,lemma,"02,60.2",reading-supported,local-GRETIL,prAtikakAmin,"9,1937. fgg. 3163. {#˚kAmIm#} acc. 2,2198. fälschlich {#prAtikakAmin#} 2200."
PWG-L54863-MBH2.2483,2,2483,Bid,fehlerhaft,high,,lemma,"02,66.32",reading-supported,local-GRETIL,badDaM setuM ko 'nuBindyAt,"{#karRO#} BHĀG. P. 3,26,55. — {#badDaM setuM ko 'nuBindyAt#} MBH. 2,2483 fehlerhaft für {#ko nu Bi˚#}. — {#apa#} {%abschlagen%}: {#Bi\nDi viSvA\ apa\ dviza^H#} <l"
PWG-L55485-MBH2.2517,2,2517,BUyaMs,st.,medium,Bomb,lemma,"08,69.43",reading-supported,local-GRETIL,saMpatettena BUyasA,"putro BUyAnsyAt#} MBH. 13,2537. 2544. 2,2517 ({#SreyAMsaH#} st. {#BUyAMsaH#} ed. Bomb.). BHĀG. P. 3,29,32. {#saMpatettena BUyasA#}"
PWG-L27838-MBH3.34,3,34,jYA,zu lesen,high,,lemma,"04,6.15",reading-supported,local-GRETIL,devIM praRamya vyajijYapat,"rvAnvijYApayAmi vaH . nAnyaTA tadDi kartavyamasmatsnehAnukampayA ..#} MBH. 3,34. {#devIM praRamya vyajijYapat#} PAÑCAT. 199,19. VID. 92. {#praRamya SirasA devIM vijYAptumupacakrame#} (wohl {#vijYaptum"
PWG-L60147-MBH3.433,3,433,mAla,lies,high,,lemma,"05,139.53",reading-supported,local-GRETIL,mAlaM kzetre,"ls> (lies {#mAlaM kzetre#}). VIŚVA a. a. O. {#utpalamAlAni#} MBH. 3,433. {#savfkz"
PWG-L107412-MBH3.541,3,541,saSeza,zu schreiben,high,,lemma,"01,2.233",reading-supported,local-GRETIL,saSezatvAdBImasya,b> {%weil es mit%} Bhīma {%noch nicht zu
PWG-L96153-MBH3.638,3,638,vEhAyasa,zu lesen,high,Bomb,lemma,"04,4.43",reading-supported,local-GRETIL,yAnaM vEhAyasaM nAma,"rasya saBA#} 2,284. HARIV. 12656. {#pura#} MBH. 3,638. {#hrada#} (so mit der ed. Bomb. zu lesen) 12,4662. {#raTa#} R. 6,19,55. {#yAnaM vEhAyasaM nAma#} BH"
PWG-L49739-MBH3.662,3,662,pravaRa,st.,medium,,lemma,"08,64.27",reading-supported,local-GRETIL,pravinazwaharza,BAgena panTAnaH saMvftABav
PWG-L55960-MBH3.733,3,733,Bram,st.,medium,,lemma,"03,19.17",reading-supported,local-GRETIL,apayAtaM hataM pfzWe BrAntaM raRapalAyitam,"RAGH. 12,23. {#apayAtaM hataM pfzWe BrAntaM raRapalAyitam#} MBH. 3,733. {#saMBramaBrAntalocanA#} MṚCCH. 61,21. {#BrAntam#} impers. {%es ist umhergestrichen worden%} Spr. 2079 (st. {#BrAntaM#} 2080 ist"
PWG-L27108-MBH3.756,3,756,javana,zu lesen,high,,lemma,"03,113.7",reading-supported,local-GRETIL,javano 'ByapatattadA,">. {#javano 'ByapatattadA#} (viell. {#javenABya˚#} zu lesen) MBH. 3,756. {#dUtAH#} R. 2,68,3. {#mfga#} MBH. 12,4635. <ls n"
PWG-L87675-MBH3.805,3,805,vaD,statt,medium,,lemma,"06,86.69",reading-supported,local-GRETIL,tena so 'vaDi,"/ls>. {#vaDyAmaH#} R. 7,23,4,19. {#vaDyant#} = {#vaDyamAna#} MBH. 3,805. {#tena so 'vaDi#} RAGH. 17,5. statt {#vaDyamAna#} MBH. 5,22 und BHĀG. P. 8,5,15 wird mit den Bomb. Ausg"
PWG-L72578-MBH3.1049,3,1049,gam,lies,high,,lemma,"08,69.43",reading-supported,local-GRETIL,anityatAmupagate citte,"Cati#} {%Jmd mit Gewalt entgegentreten, Gewalt gegen Jmd gebrauchen%} MBH. 3,1049. — 5〉 Z. 4 lies 9,6 st. 9,16. — 6〉 {#anityatAmupagate citte#} Spr. 2590. <di"
PWG-L72578-MBH3.1049,3,1049,gam,st.,medium,,lemma,"08,69.43",reading-supported,local-GRETIL,anityatAmupagate citte,"Cati#} {%Jmd mit Gewalt entgegentreten, Gewalt gegen Jmd gebrauchen%} MBH. 3,1049. — 5〉 Z. 4 lies 9,6 st. 9,16. — 6〉 {#anityatAmupagate citte#} Spr. 2590. — 7〉"
PWG-L38048-MBH3.1098,3,1098,naS,zu lesen,high,,lemma,"08,69.43",reading-supported,local-GRETIL,prARezu naSyatsu,"etya ceha ca naSyati#} 8,111. 171. MBH. 3,1098. PAÑCAT. 47,15. {#prARezu naSyatsu#} (so ist zu lesen) BHARTṚ. 2,22. {#jIvanASaM nanASa ca#} BHAṬṬ. 14,31. {#grahItA yadi naz"
PWG-L63862-MBH3.1228,3,1228,antatas,lies,high,,lemma,"04,5.31",reading-supported,local-GRETIL,'Dyasravannanto,{#tile tElaM gavi kzIraM kAzWe pAvakamantataH . DiyA
PWG-L115989-MBH3.1273,3,1273,han,zu lesen,high,,lemma,"04,4.43",reading-supported,local-GRETIL,niGnanti sma patiMvarAm,"PRAB. 73,15. {#nihanmas#} BHAṬṬ. 2,34. {#nihanma#} MBH. 3,1273. {#niGnanti#} R. 1,40,26. 4,17,16. Spr. (II) 3304. RĀJA-TAR. 1,68 (zu lesen {#niGnanti sma patiMvarAm#}). BHĀG. P. 1,15,24. 5,26,24. {"
PWG-L51753-MBH3.1297,3,1297,banD,falsch,medium,,lemma,"08,69.43",reading-supported,local-GRETIL,asaMbadDakftaScEva vyavahAraH,"tehend, fern stehend, der Nichts mit Jmd oder Etwas zu schaffen hat%} MBH. 3,1297. {#asaMbadDakftaScEva vyavahAraH#} M. 8,163. YĀJÑ. 2,32. MṚCCH. 146,6 (u. {#asaMbadDa#} falsch erklärt). {%unzusammenh"
PWG-L45464-MBH3.1397,3,1397,pIWasarpa,zu lesen,high,,lemma,"03,36.21",reading-supported,local-GRETIL,pIWasarpavat (pIWasarpivat?),"zavyAGra kimAsse#} (so ist zu lesen) {#pIWasarpavat (pIWasarpivat?)#} MBH. 3,1397. — Vgl. {#pIWa"
PWG-L96273-MBH3.1736,3,1736,vyaTA,st.,medium,Calc,lemma,"08,69.43",reading-supported,local-GRETIL,mahOzaDihatavyaTa,"AGH."">11,62. {#gatavyaTa#} adj. MBH. 1,7711. 3,1736. BHĀG. P. 3,22,24. {#vItavyaTa#} adj. 6,11,12. {#mahOzaDihatavyaTa#} adj. ({#hfta#} st. {#hata#} ed. Calc.) RAGH. 12,78. {#sa kfcCrakAlaM saMprApya "
PWG-L57429-MBH3.1820,3,1820,manoraTa,zu lesen,high,,lemma,"02,61.40",reading-supported,local-GRETIL,˚raTena saMprAptam,"27,37. {#˚priyatamA#} ŚĀK. 33,2. {#˚raTena saMprAptam#} MBH. 3,1820. {#˚kfto BartA#} HARIV. 10074. Spr. 1307. {#˚druma#} MĀLAV. 46 (VIKR. 13,20 ist mit COWELL zu lesen {#aho durlaBABilAzI madanaH#}). "
PWG-L22733-MBH3.1828,3,1828,gulPa,st.,medium,,lemma,"04,6.15",reading-supported,local-GRETIL,dfQagulPaSirAsTika,"ca catuzwayam (asTnAm)#} YĀJÑ. 3,86. {#gUQagulPaDarO pAdO#} MBH. 3,1828. {#dfQagulPaSirAsTika#} ({#gUQa#} st. {#dfQa#}?) R. 5,32,11. {#gulPO cAvanatO mama#} 6,23,12. <ls"
PWG-L106569-MBH3.2218,3,2218,sarj,fehlerhaft,high,,lemma,"03,54.26",reading-supported,local-GRETIL,skanDadeSe 'sfjattasya srajam,">— 10〉 {%hängen —, befestigen an%}: {#skanDadeSe 'sfjattasya srajam#} MBH. 3,2218. wohl fehlerhaft für {#'sajat#}. Vgl. {#ava-sarj#} 6〉, {#vyava-sarja#}, {#samava-#} und {#samA-sa"
PWG-L104762-MBH3.2256,3,2256,saMDya,zu lesen,high,Bomb,lemma,"04,66.26",reading-supported,local-GRETIL,saMDyAM kartuM pUjanam,". B. H. 91 (41). No. 326. BRAHMA-P. in LA. (III) 55,16. MBH. 3,2256 ({#anvAsta#} mit der ed. Bomb. zu lesen). R. GORR. 2,47,25. {#saMDyAM kartuM pUjanam#} PAÑCAR. 1,3,49. {#˚vanda"
PWG-L100350-MBH3.2289,3,2289,SuD,fehlerhaft,high,,lemma,"03,155.27",reading-supported,local-GRETIL,caturTe 'hani SuDyate,"staM vIraM prati#} {%sich klären, klar werden%} MBH. 1,5042. 3,2289. R. 2,90,10. 5,41,7. unmotivirt ṢAḌV. BR. 5,10. {#SuDyeran#} YĀJÑ. 1,21. {#caturTe 'hani SuDyate#} (wohl fehlerhaft) am Ende eines Ś"
PWG-L88503-MBH3.2347,3,2347,vart,fehlerhaft,high,,lemma,"03,255.47",reading-supported,local-GRETIL,parA nivavfte kriyA,"asya tadA budDirdamayantyAM nyavartata#} {%war der Art in Bezug auf%} 3,2347. — [Page6-0764] — 13〉 {#parA nivavfte kriyA#} RAGH. 12,56 fehlerhaft für {#punarAvavfte kriyA#} oder {#parA vavftire kriyAH"
PWG-L113416-MBH3.2358,3,2358,sOhfda,zu lesen,high,,lemma,"02,43.33",reading-supported,local-GRETIL,tacca sO˚,"x> {%Zuneigung, Freundschaft%} H. 730. HALĀY. 4,21. MBH. 3,2358. R. 2,115,17. 3,4,19. 4,31,7 ({#tacca sO˚#} zu lesen). ŚĀK. 120. {#tatsOhfdaM yatkriyate parasmin#} Spr. (II) 2483. <ls n=""S"
PWG-L60501-MBH3.2414,3,2414,miTyA,falsch,medium,,lemma,"03,61.13",reading-supported,local-GRETIL,kaTam — mayi miTyA pravartase,"ŚĀK. 38. {#kaTam — mayi miTyA pravartase#} {%ungebührlich%} MBH. 3,2414. Spr. 3908. {%falsch%} so v. a. {%nicht der Wahrheit gemäss, unwahr, lügnerisch%}: {#miTyABiSaptA#} <"
PWG-L42000-MBH3.2426,3,2426,pad,zu lesen,high,,lemma,"04,66.26",reading-supported,local-GRETIL,varRarUpopasaMpanna,"2,25,42. {#varRarUpopasaMpanna#} M. 4,68. {#kulaSIla˚#} MBH. 3,2426. — 5〉 {%heimgegangen, gestorben%} H. 373. H. an. (hier ist {#mfte#} st. {#mftO#} zu lesen). HALĀY. 3,7. {#Srotriye tUpa- saMpanne tr"
PWG-L42000-MBH3.2426,3,2426,pad,st.,medium,,lemma,"04,66.26",reading-supported,local-GRETIL,varRarUpopasaMpanna,"2,25,42. {#varRarUpopasaMpanna#} M. 4,68. {#kulaSIla˚#} MBH. 3,2426. — 5〉 {%heimgegangen, gestorben%} H. 373. H. an. (hier ist {#mfte#} st. {#mftO#} zu lesen). HALĀY. 3,7. {#Srotriye tUpa- saMpanne tr"
PWG-L70285-MBH3.2549,3,2549,kAtara,lies,high,,lemma,"04,6.15",reading-supported,local-GRETIL,cintayaDvaM sakAtarAH,"Auch nom. abstr. {%Verzagtheit%}: {#cintayaDvaM sakAtarAH#} MBH. 3,2549. — 2〉 lies {#kAtala#} 1〉."
PWG-L27221-MBH3.2556,3,2556,jAti,zu lesen,high,,lemma,"04,6.15",reading-supported,local-GRETIL,jAtidravyavinAkfta,"2,"">St. {#jAtidravyavinAkfta#} N. (BOPP) 13,25 ist mit MBH. 3,2556 {#jYAti˚#} zu lesen. — 5〉 {%Gattung%} (im Gegens. zur Art), {%Art%} (im Gegens."
PWG-L102199-MBH3.2651,3,2651,SvApada,zu lesen,high,,lemma,"01,36.20",reading-supported,local-GRETIL,SArdUlajyezWAH,">14,2,4,16. <ls n="""
PWG-L57588-MBH3.2661,3,2661,manda,zu lesen,high,,lemma,"03,65.7",reading-supported,local-GRETIL,mandaM praKyAyamAnena rUpeRa,"adv. {%schwach, wenig%}: {#mandaM praKyAyamAnena rUpeRa#} MBH"
PWG-L33063-MBH3.2727,3,2727,diS,zu lesen,high,,lemma,"08,69.43",reading-supported,local-GRETIL,tayA pradeSito rAjA brAhmaRAn — prAsTApayat,"fordern, antreiben%}: {#tayA pradeSito rAjA brAhmaRAn — prAsTApayat#} MBH. 3,2727. R. 3,66,7. 24 (wo {#sItayA#} zu lesen ist). — intens. {%aufmuntern%}: {#utta^ro Du\ro va^hati pra\dedi^Sat#} ṚV. 1"
PWG-L23656-MBH3.2810,3,2810,graB,falsch,medium,,lemma,"01,73.17",reading-supported,local-GRETIL,gfhIzyAmas,"H. 1,"">3470. 5660. 3,294. 2810. R. 2,72,13. ŚĀK. 40,5. PAÑCAT. 89,17. 130,6. 252,14. MĀRK. P. 19,22. Falsch sind die Formen: {#gfhIzyAmas#} MBH. 4,1650. {#gfhIzyase#} 12,7311<"
PWG-L101797-MBH3.3084,3,3084,Sru,st.,medium,,lemma,"03,78.18",reading-supported,local-GRETIL,pArTamaSrOzIt — vartamAnaM tapasyugre brAhmaReByaH,"IT. 19,3. {#pArTamaSrOzIt — vartamAnaM tapasyugre brAhmaReByaH#} MBH. 3,3084. fg. KATHĀS. 29,179. st. des einfachen abl. auch {#˚muKAt#} (KATHĀS. 18,195) und {#sakASAt#"
PWG-L4111-MBH3.4052,3,4052,apAvftta,zu lesen,high,,lemma,"03,80.31",reading-supported,local-GRETIL,pratigrahAdapAvfttaH,"ehrt, verschmähend%}, mit dem abl.: {#pratigrahAdapAvfttaH#} MBH. 3,4052. — c〉 (vom caus.) {%zurückgeschoben%}: {#˚kapAwaka#} VID. 212. Oder ist hier etwa {#apAvfta#} zu lesen? — 2〉 n. {%das Wälzen de"
PWG-L41140-MBH3.4057,3,4057,nyUna,st.,medium,,lemma,"04,6.15",reading-supported,local-GRETIL,samavizamanyUnamaDikam,"ls n=""BHĀG. P. 1,"">17,7. {#arTanyUna#} {%der kein Vermögen hat%} MBH. 3,4057 (st. dessen {#arTahIna#} 13,5207). {#samavizamanyUnamaDikam#} (auf der"
PWG-L105505-MBH3.5891,3,5891,samAkula,zu lesen,high,,lemma,"08,65.13",reading-supported,local-GRETIL,Sastravarza˚ (vimarda),"."">3,2404. {#Sastravarza˚ (vimarda)#} 4075. 5891 (st. {#druma#} ist vielleicht {#dvija#} zu lesen). 8246. 3,11333. 12106. <ls n"
PWG-L105505-MBH3.5891,3,5891,samAkula,st.,medium,,lemma,"08,65.13",reading-supported,local-GRETIL,Sastravarza˚ (vimarda),"."">3,2404. {#Sastravarza˚ (vimarda)#} 4075. 5891 (st. {#druma#} ist vielleicht {#dvija#} zu lesen). 8246. <ls n=""MBH."
PWG-L43750-MBH3.6075,3,6075,pavana,statt,medium,,lemma,"03,81.88",reading-supported,local-GRETIL,pavanasya hrade snAtvA,"""SUŚR."">1,128,20. Personif.: {#pavanasya hrade snAtvA#} MBH. 3,6075. Regent des Nakṣatra Svāti VARĀH. BṚH. S. 98,1. statt dieses 9,2. Regent von Nordwest 85,76<"
PWG-L51703-MBH3.7051,3,7051,badara,fälschlich,medium,,lemma,"01,116.3",reading-supported,local-GRETIL,badarErmiSram,",7,3. 8,2,13. Fälschlich für {%die Beere%} MBH. 3,7051. {#ENgudaM badarImiSram#} ({#badarErmiSram#} e"
PWG-L15073-MBH3.8260,3,8260,kar,st.,medium,,lemma,"03,83.100",reading-supported,local-GRETIL,rakzogaRavikIrRAni,"s>MBH. 1,7087. {#rakzogaRavikIrRAni#} ({%voll von%}) {#tIrTAni#} 3,8260. Der loc. st. des acc.: {#BUmO vyakiranprasUnEH#} BHĀG. P. 1,19,18. —"
PWG-L81827-MBH3.8780,3,8780,yAc,st.,medium,Bomb,lemma,"08,69.43",reading-supported,local-GRETIL,prayAcAmo varaM tvAm,"yuktAstena prayAcitum#} R. 5,81,42. {#prayAcAmo varaM tvAm#} MBH. 3,8780. st. {#prayAcata#} 13,114 liest die ed. Bomb. besser {#ayAcata"
PWG-L57948-MBH3.10203,3,10203,mard,st.,medium,Calc,lemma,"08,69.43",reading-supported,local-GRETIL,tAMSca (SatrUn) sarvAnavAmfdBAdrAmaH,"#ava˚#} ed. Calc.). {#tAMSca (SatrUn) sarvAnavAmfdBAdrAmaH#} MBH. 3,10"
PWG-L20315-MBH3.10403,3,10403,kzip,fehlerhaft,high,,lemma,"03,125.8",reading-supported,local-GRETIL,akzezu mfgayAyAM ca — madaM vinikzipya,"len, womit beschäftigen%}: {#akzezu mfgayAyAM ca — madaM vinikzipya#} MBH. 3,10403. — {#nis#} wohl überall fehlerhaft für {#ni#} {%niederlegen, hineinlegen%}: {#niHkziptamAtre garBe#} R. 1,38,21. {#"
PWG-L101574-MBH3.10456,3,10456,Sri,fehlerhaft,high,,lemma,"01,218.41",reading-supported,local-GRETIL,upaSiSriyuH,"bei Jmd%} (acc.) {%einstellen, einfinden%}: {#upaSiSriyuH#} MBH. 3,10456. {#upaSritya#} DHŪRTAS. 85,16 {%hinzutretend%} fehlerhaft für {#upasftya#} — 4〉 med. {%sich gewöhnen an%} (acc.): {#sa"
PWG-L44971-MBH3.10543,3,10543,pAvin,zu lesen,high,,lemma,"03,130.8",reading-supported,local-GRETIL,nadI paramapAvinI,"n#}¦ (von {#pU#}) adj. = {#pAvana#}. {#nadI paramapAvinI#} MBH. 3,10543. Es ist [Page4-0696] viell. {#˚pAvanI#} zu lesen."
PWG-L86488-MBH3.10760,3,10760,luYc,zu lesen,high,,lemma,"03,137.9",reading-supported,local-GRETIL,avaluYcya jawAmekAM juhAvAgnO,"{#ava#} {%abreissen, ausreissen%}: {#avaluYcya jawAmekAM juhAvAgnO#} MB"
PWG-L48457-MBH3.10879,3,10879,pratimAna,zu lesen,high,,lemma,"04,4.43",reading-supported,local-GRETIL,yam — pratimAnaM prakurvanti,"=""MBH."">7,4632. 9,93. 14,68. 3,10879 (wo {#prati˚#} st. {#'prati˚#} zu lesen ist). {#yam — pratimAnaM prakurvanti#} BHĀG. P. 7,4,35. = {#dfzwAnta#} Schol"
PWG-L48457-MBH3.10879,3,10879,pratimAna,st.,medium,,lemma,"04,4.43",reading-supported,local-GRETIL,yam — pratimAnaM prakurvanti,"=""MBH."">7,4632. 9,93. 14,68. 3,10879 (wo {#prati˚#} st. {#'prati˚#} zu lesen ist). {#yam — pratimAnaM prakurvanti#} BHĀG. P. 7,4,35"
PWG-L16525-MBH3.11190,3,11190,kAmyA,zu lesen,high,,lemma,"03,147.22",reading-supported,local-GRETIL,kAmyayA brUhi kastvam,">. {#dvijakA˚#} YĀJÑ. 1,179. Statt {#kAmyayA brUhi kastvam#} MBH. 3,11190 ist wohl {#kAmayA#} (s. d.) u. s. w. zu lesen."
PWG-L105700-MBH3.11242,3,11242,samASraya,fehlerhaft,high,,lemma,"04,6.15",reading-supported,local-GRETIL,araRyasamASrayonmuKa,", in%}: {#araRyasamASrayonmuKa#} RAGH. 8,12. — 6〉 MBH. 3,11242 vielleicht fehlerhaft für {#samASrama#} d. i. 2. {#sama#} + {#A˚#}."
PWG-L104369-MBH3.11316,3,11316,sadgati,zu lesen,high,,lemma,"04,6.15",reading-supported,local-GRETIL,BAjanaM sadgatInAm,"49. Spr. (II) 1337. {#yA#} 3305. MBH. 3,11316. {#Ap#} Verz. d. Oxf. H. 68,a,3. v. u. ({#Apsyati#} zu lesen). BHĀG. P. 10,6,35. 86,58. {#BAjanaM sadgatInAm#}"
PWG-L39854-MBH3.11322,3,11322,nivedya,fehlerhaft,high,,lemma,"03,150.4",reading-supported,local-GRETIL,ihasTaSca — na nivedyo 'smi karhicit,">. RĀJA-TAR. 4,632. {#ihasTaSca — na nivedyo 'smi karhicit#} MBH. 3,11322. — 2〉 n. {%eine Darbringung von Speisen an ein Idol%} RĀJA-TAR. 5,52. Wohl nur fehlerhaft für {#nEvedya#}."
PWG-L116085-MBH3.11517,3,11517,har,zu lesen,high,,lemma,"04,51.17",reading-supported,local-GRETIL,saMjahAra mahABrARi vijahAra ca kAnicit,"nballen%}: {#saMhftya#} (vielleicht {#saMhatya#} zu lesen) {#muzwim#} MBH. 3,11517. {#saMjahAra mahABrARi vijahAra ca kAnicit#} HARIV."
PWG-L15351-MBH3.11589,3,11589,karRapUra,st.,medium,,lemma,"03,155.58",reading-supported,local-GRETIL,karRikArAnvikasitAnkarRapUrAnivottamAn,#}). MED. r. 256. {#karRikArAnvikasitAnkarRapUrAnivottamAn#} M
PWG-L65240-MBH3.11813,3,11813,alaka,lies,high,,lemma,"03,159.11",reading-supported,local-GRETIL,alakAH saha ganDarvEryakzASca saha kiMnarEH,"s> (Schol.): {#alakAH saha ganDarvEryakzASca saha kiMnarEH#} MBH. 3,11813. {#alakanATa#} {%Fürst der%} Alaka (N. pr. eines Volkes; vgl. 3,c.) VARĀH. BṚH. S. 11,58 (lies {#˚nATo#}). — 3〉b〉 KATHĀS. 41,1"
PWG-L1122-MBH3.12199,3,12199,awwAlaka,fälschlich,medium,,lemma,"03,170.3",reading-supported,local-GRETIL,puram — gopurAwwAlakopetam,"nAm — nagarIm#} MBH. 3,13707. {#puram — gopurAwwAlakopetam#} 12199 (= ARJ. 10,3, wo fälschlich {#gopurAdAlako˚#} gedruckt ist). {#awwAlakezu ca — DvajAH samucCritAH#} R. 2,6,11</ls"
PWG-L34889-MBH3.12203,3,12203,dEteya,fehlerhaft,high,,lemma,"13,83.55",reading-supported,local-GRETIL,dEteyAScApyadEteyAH,"K. 1,1,1,7. H. 238, Sch. MBH. 3,1694. 12203 ({#dEteyI#} ARJ. 10,7 fehlerhaft für {#dEteyo#}). 12220. {#dEteyAScApyadEteyAH#} (d. i. {#de"
PWG-L55166-MBH3.12275,3,12275,BU,zu lesen,high,Calc,lemma,"04,6.15",reading-supported,local-GRETIL,(strIBiH) yABiranyABiBUtABiH,"M. 7,179. MBH. 3,11401. 11964. 12275. R. 1,31,4. VARĀH. BṚH. S. 48,13. MĀRK. P. 63,18. {#(strIBiH) yABiranyABiBUtABiH#} (so ist mit der ed. Calc. zu lesen) RĀJA-TAR. 4,608. Verz. d. Oxf. H. 258,b,28. "
PWG-L93103-MBH3.13048,3,13048,vivAdin,fehlerhaft,high,Bomb,lemma,"03,188.39",reading-supported,local-GRETIL,BIruvivAdinaH,"worüber Niemand streitet%} MBH. 12,7132. — {#BIruvivAdinaH#} MBH. 3,13048 fehlerhaft für {#˚vizAdinaH#}, wie die ed. Bomb. liest."
PWG-L53080-MBH3.13321,3,13321,bfhadgarBa,fehlerhaft,high,,lemma,"01,99.41",reading-supported,local-GRETIL,bfhadgarBa,"{#bfhadgarBa#}¦ MBH. 3,13321 fehlerhaft für {#vfzadarBa#}."
PWG-L93931-MBH3.13477,3,13477,vizuvant,zu schreiben,high,,lemma,"04,4.43",reading-supported,local-GRETIL,vizuvatpUrRaSItAMSu,"OT."">112. YĀJÑ. 1,217 (neutr.). {#vizuvati#} MBH. 3,13477. {#vizuvatpUrRaSItAMSu#} (so ist zu schreiben) RĀJA-TAR. 2,10. {#vizuvatsaMkrAntO#} HIT. ed. JOHNS. 2434. {#vizuvatka"
PWG-L103165-MBH3.14113,3,14113,saMsTAnacArin,fehlerhaft,high,,lemma,"07,9.64",reading-supported,local-GRETIL,sasTAsnucArin,"H. 1,7044 (hier ausserdem {#nfzu#} fehlerhaft für {#trizu#}) und 3,14113 fehlerhaft für {#sasTAsnucArin#} {%mit dem Unbeweglichen und Beweglichen%}. Vgl. {#saMsTAsn"
PWG-L20315-MBH3.14314,3,14314,kzip,fehlerhaft,high,,lemma,"03,214.15",reading-supported,local-GRETIL,zawkftvastu niHkziptamagre retaH — tasminkuRqe,"""R."">6,93,12. {#zawkftvastu niHkziptamagre retaH — tasminkuRqe#} MBH. 3,14314. {#makzikA vraRajAtasya niHkzipanti yadA kfmIn#} SUŚR. 2,15,3. — {#vinis#} fehlerhaft für {#viniH muktAjAlaviniHkziptEH (B"
PWG-L34063-MBH3.14669,3,14669,duHsTita,lies,high,,lemma,"03,222.20",reading-supported,local-GRETIL,˚sTitAddu˚,"/ls>. — 2〉 n. {%eine unpassende Art zu stehen%} MBH. 3,14669 (lies: {#˚sTitAddu˚#}) = 12,3084."
PWG-L114872-MBH3.14724,3,14724,svaj,zu lesen,high,,lemma,"08,69.43",reading-supported,local-GRETIL,garBasya tasya svajati,"BHĀG. P. 10,5,21 ({#zasvaje#} gedr.). {#svajitvA#} MBH. 3,14724. Statt {#garBasya tasya svajati#} SUŚR. 2,93,4 ist mit BHĀVAPR. {#garBasya pARO sajjati#} zu lesen. Wohl verwandt mit {#saYj#}. — {#aBi#"
PWG-L114190-MBH3.14995,3,14995,sTUlAkarRa,fehlerhaft,high,Bomb,lemma,"07,150.5",reading-supported,local-GRETIL,sTUlAkarRa,"{#sTUlAkarRa#}¦ MBH. 3,14995 fehlerhaft für {#sTURA˚#} (so ed. Bomb.)."
PWG-L93196-MBH3.15681,3,15681,viS,zu lesen,high,,lemma,"12,167.21",reading-supported,local-GRETIL,alaMkAravatIpArSvam,"alaMkAravatIpArSvam#} 52,31. {#mahIM"
PWG-L36484-MBH3.15726,3,15726,DA,lies,high,,lemma,"03,255.11",reading-supported,local-GRETIL,sahadevastu saMDAya raTena gajayoDinaH . pAtayAmAsa nArAcEH,"rn%}: {#sahadevastu saMDAya raTena gajayoDinaH . pAtayAmAsa nArAcEH#} MBH. 3,15726. — 10〉 {%Gebrauch von Etwas%} (instr.) {%machen%}: {#tasmAdbalaSca kozaM ca#} (lies: {#balaM ca kozaSca#}) {#nItiScAp"
PWG-L55960-MBH3.15734,3,15734,Bram,st.,medium,,lemma,"08,69.43",reading-supported,local-GRETIL,vismayodBrAntaBAziRAm,"orn. 51,14. {#sTAna#} {%ein Ort, an dem es aufgeregt hergeht%}, MBH. 3,15734 ({#udBrAmya#} st. {#udBrAntaM#} DRAUP. 8,19). [Page5-0402] {#vismayodBrAntaBAziRAm#} {%aufger"
PWG-L101122-MBH3.15788,3,15788,SoBana,unrichtig,medium,,lemma,"04,6.15",reading-supported,local-GRETIL,tadapi na SoBanaM viBAti,"ausgezeichnet im Kampfe%} R. 4,18,12. {#Ahava˚#} ({#˚SoBin#} MBH. 3,15788) DRAUP. 9,12. {#tadapi na SoBanaM viBAti#} {%schlecht, unrichtig, falsch%} SARVADARŚANAS. 166,5. {#(yadi) saMtApayasi mAM BUya"
PWG-L101122-MBH3.15788,3,15788,SoBana,falsch,medium,,lemma,"04,6.15",reading-supported,local-GRETIL,tadapi na SoBanaM viBAti,"ausgezeichnet im Kampfe%} R. 4,18,12. {#Ahava˚#} ({#˚SoBin#} MBH. 3,15788) DRAUP. 9,12. {#tadapi na SoBanaM viBAti#} {%schlecht, unrichtig, falsch%} SARVADARŚANAS. 166,5. {#(yadi) saMtApayasi mAM BUya"
PWG-L89199-MBH3.16129,3,16129,vah,fehlerhaft,high,Bomb,lemma,"03,255.14",reading-supported,local-GRETIL,udvahan (vaktrAcCoRitam),"s>. MED. ḍh. 7. — 8〉 {#udvahan (vaktrAcCoRitam)#} MBH. 3,16129 fehlerhaft für {#udvaman#}, wie die ed. Bomb. liest und wie schon WESTERGAARD verm"
PWG-L20082-MBH3.16357,3,16357,kzaRadAcara,fälschlich,medium,,lemma,"04,4.43",reading-supported,local-GRETIL,kzaRadAracarEH,"m. {%Nachtwandler, ein%} Rakṣas MBH. 3,11427. 16357 (fälschlich {#kzaRadAracarEH#}). 16383. DRAUP. 2,3. R. 3,35,4."
PWG-L87302-MBH3.16670,3,16670,vac,statt,medium,,lemma,"01,68.47",reading-supported,local-GRETIL,vAntASItyucyate buDEH,"2,10, Sch. {#vAntASItyucyate buDEH#} M. 3,109. MBH. 3,16670. ŚĀK. 67,23. P. 6,2,66, Sch. statt des nom. auch der loc.: {#kzetre vArawamucyate#} TRIK. 2,9,2."
PWG-L61706-MBH3.16746,3,16746,mfdu,st.,medium,,lemma,"02,37.8",reading-supported,local-GRETIL,svanasi mfdu,". {#svanasi mfdu#} ŚĀK. 22. {%sanft%} vom Gange: {#˚gAminI#} MBH. 3,16746. SĀV. 5,105 ({#gaja#} st. {#mfdu#} MBH. 3,16853). MĀRK. P. 16,25. {#˚gati (vAta)#} ŚUK."
PWG-L46024-MBH3.16846,3,16846,purA,st.,medium,,lemma,"03,281.98",reading-supported,local-GRETIL,purAH purA mAtuH piturvApi yadi paSyAmi vipriyam . na jIvizye,hen {#purAH purA mAtuH piturvApi yadi paSyAmi vipriyam . na jIvizye#}
PWG-L101574-MBH3.16871,3,16871,Sri,fehlerhaft,high,,lemma,"04,6.15",reading-supported,local-GRETIL,viniHSrita,"is#}, {#viniHSrita#} SĀV. 6,14 fehlerhaft für {#˚sfta#}, wie MBH. 3,16871. gelesen wird. — {#parA#}, partic"
PWG-L96356-MBH3.17004,3,17004,vyalIka,zu lesen,high,Bomb,lemma,"04,4.43",reading-supported,local-GRETIL,vyalIkaM paraM prAptaH,"MBH. 3,270. {#vyalIkaM paraM prAptaH#} 271. 17004. {#˚sTAna#} (so mit der ed. Bomb. zu lesen) 4,112. 15,297. HARIV. 8420. R. 2,26,38<"
PWG-L15749-MBH3.17144,3,17144,kalp,fälschlich,medium,,lemma,"03,292.17",reading-supported,local-GRETIL,yA tvAm — putratve kalpayizyati,"samudram#} MBH. 3,9912. {#yA tvAm — putratve kalpayizyati#} 17144. Statt des loc. wohl fälschlich der acc. 17142. — 5〉 {%für geeignet halten%}: {#"
PWG-L3608-MBH4.39,4,39,anyonya,zu lesen,high,,lemma,"01,142.15",reading-supported,local-GRETIL,samASlizya vikarzantO punaH punaH,"ls> des MBH. zu lesen) {#samASlizya vikarzantO punaH punaH#} 4,39. {#vinAnyo'nyaM na BuYjAte"
PWG-L54771-MBH4.165,4,165,BAzitar,zu lesen,high,Bomb,lemma,"06,85.11",reading-supported,local-GRETIL,SuSrUzitAM vAcaM BAzitA,"}: {#SuSrUzitAM vAcaM BAzitA#} ŚAT. BR. 14,9,4,17. {#mita˚#} MBH. 4,165. {#dAruRa˚#} Spr. 4241. {#maDura˚#} HARIV. 11901 (mit der ed. Bomb. {#˚BAzitA#} zu lesen)."
PWG-L47920-MBH4.278,4,278,praC,fehlerhaft,high,,lemma,"04,6.15",reading-supported,local-GRETIL,papracCa; prakzyati,", aprAw#} (ved.); {#papracCa; prakzyati#} ({#prakzyasi#} MBH. 4,278 fehlerhaft für {#spra˚#}), {#prazwA#} P. 8,2,36, Sch. Kār. 2 a"
PWG-L113928-MBH4.355,4,355,sTA,st.,medium,Bomb,lemma,"13,83.35",reading-supported,local-GRETIL,IzadutTitapakza,"ruzwaninadotTita#} (so ed. Bomb.) st. {#utTitaso˚#} MBH. 4,355. {#IzatpakzotTita#} st. {#IzadutTitapakza#} HARIV. 1131. {#romAYcotTigAtra#} st. {#utTitar"
PWG-L113928-MBH4.355,4,355,sTA,st.,medium,Bomb,lemma,"13,83.35",reading-supported,local-GRETIL,IzadutTitapakza,"ruzwaninadotTita#} (so ed. Bomb.) st. {#utTitaso˚#} MBH. 4,355. {#IzatpakzotTita#} st. {#IzadutTitapakza#} HARIV. 1131. {#romAYcotTigAtra#} st. {#utTitaro˚#} 10536; vgl {#udyata#} unter {#yam#} mit {#"
PWG-L59392-MBH4.394,4,394,mA,zu lesen,high,,lemma,"04,6.15",reading-supported,local-GRETIL,yojanAyuta˚,"yaRqa˚#} YĀJÑ. 3,324. {#karAgra˚ (maDya)#} {%von der Dicke%} MBH. 4,394. {#yojanAyuta˚#} (so ist zu lesen) {%von der Länge%} PAÑCAR. 1,11,17. KĀM. NĪTIS. 14,29. SŪRYAS. 6,3<"
PWG-L95151-MBH4.399,4,399,vegita,zu lesen,high,Bomb,lemma,"14,74.13",reading-supported,local-GRETIL,tomarAn — SalaBAniva vegitAn,"#haMsAH#} MBH. 8,3048. {#sAyaka#} 3,11727. 4,399 ({#˚vegitAH#} mit der ed. Bomb. zu lesen). R. 3,26,22. {#tomarAn — SalaBAniva vegitAn#} MBH. 14,2187. {#su˚ (Sak"
PWG-L55050-MBH4.539,4,539,Buj,zu lesen,high,Bomb,lemma,"02,54.17",reading-supported,local-GRETIL,pAtrIhastA — Bojayantyuta,". 129. YĀJÑ. 1,108. MBH. 1,4965. 4,539 ({#pAtrIhastA — Bojayantyuta#} mit der ed. Bomb. zu lesen). 595. HARIV. 9753. DAŚ. 2,33. R. 2,61,12"
PWG-L64055-MBH4.595,4,595,apacAyin,fälschlich,medium,Bomb,lemma,"03,38.25",reading-supported,local-GRETIL,jyezWopacAyin,"rt {#jyezWopacAyin#}, die er durch {#jyezWavadDikaraRaSIla#} erklärt. 4,595 liest die ed. Bomb. fälschlich {#jyezWApa˚#} st. {#jyezWopa˚#} der ed. Calc.; der Schol. erkl"
PWG-L64055-MBH4.595,4,595,apacAyin,st.,medium,Bomb,lemma,"03,38.25",reading-supported,local-GRETIL,jyezWopacAyin,"rt {#jyezWopacAyin#}, die er durch {#jyezWavadDikaraRaSIla#} erklärt. 4,595 liest die ed. Bomb. fälschlich {#jyezWApa˚#} st. {#jyezWopa˚#} der ed. Calc.; der Schol. erklärt {#jyezWapUjaka#}."
PWG-L16988-MBH4.755,4,755,kAS,fälschlich,medium,,lemma,"03,12.53",reading-supported,local-GRETIL,pravfdDO vfzaBAviva ..,"ich {#cakASete#} 3,438) {#pravfdDO vfzaBAviva ..#} MBH. 4,755. {#"
PWG-L71681-MBH4.964,4,964,koSa,fehlerhaft,high,Bomb,lemma,"02,5.57",reading-supported,local-GRETIL,balaSca kozaM ca,"a˚#} BHĀG. P. 10,82,47. — h〉 {#balaSca kozaM ca#} MBH. 4,964 fehlerhaft für {#balaM ca koSaSca#}, wie die ed. Bomb. liest. — l〉 vgl."
PWG-L119329-MBH4.982,4,982,kar,zu lesen,high,,lemma,"01,115.14",reading-supported,local-GRETIL,saMviBAgena kftvA,{#saMviBAgena kftvA#} {%dadurch dass man eine Theilun
PWG-L104806-MBH4.1418,4,1418,saMnAha,st.,medium,Bomb,lemma,"03,216.13",reading-supported,local-GRETIL,kAYcanasaMnAhe tale,"{#kAYcanasaMnAhe tale#} (so ed. Bomb. st. {#SuBe#}) MBH. 4,1418. — 3〉 {%Rüstzeug, Pferdegeschirr%} TRI"
PWG-L81526-MBH4.1445,4,1445,yam,fehlerhaft,high,,lemma,"04,6.15",reading-supported,local-GRETIL,raSmiBirhayAn,"%}: {#raSmiBirhayAn#} MBH. 3,756. 2793. 4,1445. — 5〉 {#samudyata#} wohl fehlerhaft für {#samudgata#} (vgl. u. {#ud, aByud, pratyud, upa, ni#}) in der Stel"
PWG-L33916-MBH4.1557,4,1557,duz,fehlerhaft,high,,lemma,"04,4.43",reading-supported,local-GRETIL,ahorAtrAdapi snehaH pratyAgacCenna duzyati,"8,349. 10,127. MBH. 3,1043. 4,1557. R. 2,39,21. {%vom Uebel sein, fehlerhaft sein%}: {#ahorAtrAdapi snehaH pratyAgacCenna duzyati#} ({#dU˚#} gedr.) SUŚR."
PWG-L114773-MBH4.1639,4,1639,sruc,fälschlich,medium,,lemma,"05,33.16",reading-supported,local-GRETIL,srukpAtrARi,"s>. [Page7-1409] {#srukpAtrARi#} R. GORR. 2,83,35. {#Gfta˚#} MBH. 4,1639. {#vikaNkata˚#} RAGH. 11,25. Häufig fälschlich {#Sruc#} geschrieben. — Vgl. {#udyata˚, yata˚#} und {#srOca#}."
PWG-L89199-MBH4.1757,4,1757,vah,fehlerhaft,high,,lemma,"04,50.23",reading-supported,local-GRETIL,tato 'ByavahadavyagrO vErAwiH savyasAcinam . yatrAtizWatkfpaH,"s>. {#tato 'ByavahadavyagrO vErAwiH savyasAcinam . yatrAtizWatkfpaH#} MBH. 4,1757. fg. Vgl. {#aBivahana, aBivAhya, aByUQi#}. — caus. {%zubringen%} (eine Zeit) fehlerhaft für {#ati#} RĀJA-TAR. 1,332 (w"
PWG-L81526-MBH4.1960,4,1960,yam,zu lesen,high,Bomb,lemma,"07,64.49",reading-supported,local-GRETIL,vyAyacCatastava,"/ls>. SADDH. P. 4,27,a. b ({#˚yamitvA#}). auch act. MBH. 4,1960 (wo mit der ed. Bomb. {#vyAyacCatastava#} zu lesen ist). HARIV. 5112. {#varaM vyAyacCato mftyurna gfhItasya banDanam#} (so ist zu l"
PWG-L81526-MBH4.1960,4,1960,yam,zu lesen,high,Bomb,lemma,"07,64.49",reading-supported,local-GRETIL,vyAyacCatastava,"/ls>. SADDH. P. 4,27,a. b ({#˚yamitvA#}). auch act. MBH. 4,1960 (wo mit der ed. Bomb. {#vyAyacCatastava#} zu lesen ist). HARIV. 5112. {#varaM vyAyacCato mftyurna gfhItasya banDanam#} (so ist zu lesen)"
PWG-L81815-MBH4.2356,4,2356,yA,st.,medium,Bomb,lemma,"04,21.6",reading-supported,local-GRETIL,pratyupAyAM punargfham,"H#} MBH. 3,12358. — {#pratyupa#} {%zurückkehren%} MBH. 4,2356. {#pratyupAyAM punargfham#} (so die ed. Bomb. st. {#gfhe#} der ed. Calc.) 1,8393. {#pratyupAyAdgfhaM prati#"
PWG-L87675-MBH5.22,5,22,vaD,statt,medium,Bomb,lemma,"06,86.69",reading-supported,local-GRETIL,tena so 'vaDi,",805. {#tena so 'vaDi#} RAGH. 17,5. statt {#vaDyamAna#} MBH. 5,22 und BHĀG. P. 8,5,15 wird mit den Bomb. Ausgg. richtiger {#bA˚#} gelesen; statt {#vaDyante#} MBH. 14,560 ist mit der ed. Bomb. {#viDyan"
PWG-L116842-MBH5.243,5,243,hAva,st.,medium,,lemma,"08,65.13",reading-supported,local-GRETIL,devakanyAprahArEH,">MBH. 1,3905. 3,1787. 5,237. 243. HARIV. 12006 (die neuere Ausg. {#devakanyAprahArEH#} st. {#devakanyANgahAvEH#}) Spr. (II) 7028. MĀRK. P. 106,60. Verz."
PWG-L85042-MBH5.648,5,648,ruD,lies,high,Bomb,lemma,"12,243.1",reading-supported,local-GRETIL,kAmamanurunDyatA,"MBH. 3,2169. {#arTam#} 12678. {#suKapriye#} 5,648 ({#kAmAt#} st. {#kAmAn#} ed. Bomb.). {#kAmamanurunDyatA#} (lies {#˚ruDyatA#}) MĀRK. P. 75,16. {#ASrame vAsamanuruDya#} {%Gefallen findend an%} <"
PWG-L85042-MBH5.648,5,648,ruD,st.,medium,Bomb,lemma,"12,243.1",reading-supported,local-GRETIL,kAmamanurunDyatA,"MBH. 3,2169. {#arTam#} 12678. {#suKapriye#} 5,648 ({#kAmAt#} st. {#kAmAn#} ed. Bomb.). {#kAmamanurunDyatA#} (lies {#˚ruDyatA#}) MĀRK. P."
PWG-L58556-MBH5.698,5,698,mahAnasa,fehlerhaft,high,,lemma,"04,4.43",reading-supported,local-GRETIL,mahAnase paricArikA,"lex>f. {#I#} {%Köchin, Küchenmagd%} (= {#mahAnase paricArikA#}) MBH. 5,698; wohl fehlerhaft für {#mAhAnasI#}. — Vgl. {#mAhAnasa#}."
PWG-L65930-MBH5.1082,5,1082,asta,fehlerhaft,high,,lemma,"07,50.1",reading-supported,local-GRETIL,pOlastye 'staMgate,"#}¦ 2〉 {#pOlastye 'staMgate#} WEBER, JYOT. 55. {#nAstameti#} MBH. 5,1082 wohl fehlerhaft für {#cAsti meti#}; vgl. Spr. 4353. — 3〉 {#savitAstamiyAdgir"
PWG-L23661-MBH5.1107,5,1107,gras,st.,medium,,lemma,"04,5.31",reading-supported,local-GRETIL,yaM matsyo graset,"Inam#} PAÑCAT. I, 208. IV, 23 = 79 = MBH. 5,1107 (wo {#grasyaM#} st. {#SaspaM#} und {#grAsaM#}). {#yaM matsyo graset#} SUŚR. 1,110,9. {#lelihyas"
PWG-L62316-MBH5.1621,5,1621,mOna,fälschlich,medium,,lemma,"01,56.26",reading-supported,local-GRETIL,mOnyAnvaye,LL.). {#kasyEza mOnaH#
PWG-L33327-MBH5.1819,5,1819,duHKa,druckfehler,high,,lemma,"01,74.12",reading-supported,local-GRETIL,ato duHKataraM vanam,"s>. {#ato duHKataraM vanam#} R. SCHL. 2,28,9. fgg. {#SayyA#} MBH. 5,1819. — Die Bed. {%the world%} bei WILS. beruht auf einem Druckfehler im TRIK.; vgl. {#duHKaloka#}."
PWG-L35439-MBH5.2191,5,2191,droRa,fälschlich,medium,,lemma,"04,6.15",reading-supported,local-GRETIL,pUryantAM payasA nadyo droRyaSca vipulAyatAH,"aradvAjasya ca skannaM droRyAM SukramavarData#} MBH. 1,2434. 5,2191 (wo fälschlich {#drORI#}). {#pUryantAM payasA nadyo droRyaSca vipulAyatAH#} HARIV. 3866. SU"
PWG-L51365-MBH5.2765,5,2765,plu,lies,high,,lemma,"05,74.3",reading-supported,local-GRETIL,plavanhrada ivAplavaM,"s>ṢAḌV. BR. 5,12. {#plavanhrada ivAplavaM#} (lies {#ivAplavaH#}) MBH. 5,2765. 3,12083. KATHĀS. 26,122."
PWG-L25874-MBH5.2775,5,2775,ced,zu lesen,high,,lemma,"04,4.43",reading-supported,local-GRETIL,sAkzAnnArAyaRaH pratyahaM garuqArUQo niSi samAyAtIti cedasatyaM mama vAkyam,"MBH. 5,960. mit vorang. {#aTa#} {%wenn aber%} 2775. BHAG. 2,33. 18,58. Am Anf. des Satzes steht {#ced#} PAÑCAT. 46,6, aber daselbst ist wohl zu lesen: {#sAkzAnnArAyaRaH pratyahaM garuqArUQo niSi samAy"
PWG-L42000-MBH5.2809,5,2809,pad,falsch,medium,,lemma,"05,76.8",reading-supported,local-GRETIL,kurURAM pARqavAnAM ca pratipatsva (!) nirAmayam,"HARIV. 6425. {#kurURAM pARqavAnAM ca pratipatsva (!) nirAmayam#} MBH. 5,2809 (unter {#nirAmaya#} falsch aufgefasst). {#yadviDaM pratipede hi rAme#} R. 2,87,14. {#asADu pratipadyeta sap"
PWG-L26237-MBH5.2909,5,2909,Cid,st.,medium,,lemma,"05,80.39",reading-supported,local-GRETIL,Bujam — saMCinnam,">st. {#asu^nA#}) 6,104,1. {#Bujam — saMCinnam#} MBH. 5,2909. {#"
PWG-L41788-MBH5.3051,5,3051,pat,zu lesen,high,,lemma,"05,84.12",reading-supported,local-GRETIL,ekenABipatatyahnA yojanAni caturdaSa,",1910. {%durchlaufen%}: {#ekenABipatatyahnA yojanAni caturdaSa#} 5,3051. Es ist wohl an beiden Stellen {#ati#} st. {#aBi#} zu lesen. — caus. {%werfen —, schleudern auf%}: {#BUyaScEnaM (pariGaM) tadA B"
PWG-L41788-MBH5.3051,5,3051,pat,st.,medium,,lemma,"05,84.12",reading-supported,local-GRETIL,ekenABipatatyahnA yojanAni caturdaSa,",1910. {%durchlaufen%}: {#ekenABipatatyahnA yojanAni caturdaSa#} 5,3051. Es ist wohl an beiden Stellen {#ati#} st. {#aBi#} zu lesen. — caus. {%werfen —, schleudern auf%}: {#BUyaScEnaM (pariG"
PWG-L87393-MBH5.3595,5,3595,vajranizkamBa,fehlerhaft,high,,lemma,"13,17.70",reading-supported,local-GRETIL,vajranizkamBa,"{#vajranizkamBa#}¦ MBH. 5,3595 fehlerhaft für {#vajravizkamBa#}."
PWG-L29639-MBH5.3859,5,3859,timiMgila,zu lesen,high,,lemma,"01,21.15",reading-supported,local-GRETIL,timitimiNgila˚,"1,"">1228. 1293. 3,12081. 5,3859. BHĀG. P. 8,7,18. 10,10. Statt {#timimiNgila˚#} SUŚR. 1,206,17 ist wohl {#timitimiNgila˚#} zu lesen. — 2〉 pl. N. pr. eines Volkes in Dakṣiṇāpatha V"
PWG-L50526-MBH5.4145,5,4145,prAYc,fehlerhaft,high,,lemma,"12,3.19",reading-supported,local-GRETIL,prAggrAmam,"2. {#prAggrAmam#} Sch. {#prAk#} fehlerhaft für {#drAk#} MBH. 5,4145. — 3〉 {#prAcA/#} instr. {%vorwärts%"
PWG-L37271-MBH5.4522,5,4522,nakiMcana,zu lesen,high,,lemma,"04,6.15",reading-supported,local-GRETIL,tadvyarTaSramo nakiMcanaH kaTaM,"m> {#na#} + {#kiMcana#}) adj. {%Nichts habend, bettelarm%} MBH. 5,4522. PAÑCAT. 134,14. wo {#tadvyarTaSramo nakiMcanaH kaTaM#} zu lesen ist; vgl. BENFEY zu d. St. In der Stelle: {#sTAne BavAnekanarA"
PWG-L99142-MBH5.4998,5,4998,SAs,fehlerhaft,high,Bomb,lemma,"03,213.31",reading-supported,local-GRETIL,ASAsyacintA˚,"{#ASAsyacintA˚#} zu schreiben ist), {#ASis#}. — {#saMprA#} MBH. 5,4998 fehlerhaft für {#saMpra#}, wie die ed. Bomb. liest. — {#ud#} {%hinaufweisen, — l"
PWG-L102948-MBH5.5878,5,5878,saMvega,zu schreiben,high,,lemma,"05,166.39",reading-supported,local-GRETIL,manoBiH sahasaMvegEH,"d. Oxf. H. 257,a,15. {#manoBiH sahasaMvegEH#} (so zu schreiben) MBH. 5,5878. — 2〉 {%Heftigkeit, Gewalt, hoher Grad%}: {#atiduHKa˚#}"
PWG-L64005-MBH5.6060,5,6060,anyonya,st.,medium,,lemma,"04,6.15",reading-supported,local-GRETIL,tato dfzwvA kftAtiTyamanyo'nyaM te vanOkasaH,lex> — 1〉 {#tato dfzwvA kftAtiTyamanyo'nyaM te vanOkasaH#} <ls
PWG-L103843-MBH5.7152,5,7152,saYj,zu lesen,high,Bomb,lemma,"08,69.43",reading-supported,local-GRETIL,paTizu ca tatra tatra vizaktaH,"der ed. Bomb. {#vizakta#} st. {#vivikta#} zu lesen) MBH. 5,7152. 7,739. {#paTizu ca tatra tatra vizaktaH#} {%häng"
PWG-L81815-MBH5.7486,5,7486,yA,zu lesen,high,Bomb,lemma,"04,6.15",reading-supported,local-GRETIL,tadarTamupayAto 'hamayoDyAm,"H. 3,"">637. 2764. 5,7106. 7486 (wo {#nopayAti#} mit der ed. Bomb. zu lesen ist). {#tadarTamupayAto 'hamayoDyAm#} R. 1,73,4. 2,50,15. <ls n="
PWG-L93315-MBH5.7521,5,7521,viSeza,fehlerhaft,high,Bomb,lemma,"04,6.15",reading-supported,local-GRETIL,viSezaveSma,"ls>. ed. Calc. wohl richtiger {#viSezAt#}. — {#viSezaveSma#} MBH. 5,7521 fehlerhaft für {#viveSa veSma#}, wie die ed. Bomb. liest. Vgl. {#nirviSeza, Bagava"
PWG-L96955-MBH5.7528,5,7528,vrIqa,zu lesen,high,,lemma,"14,21.1",reading-supported,local-GRETIL,savrIqaSci˚,"BH. 3,10348. 4,1129. 5,5969. 7528. R. 1,55,8 (wohl {#savrIqaSci˚#} zu lesen). 63,10. 5,21,20. Spr. 1885. VIKR. 10,12</ls"
PWG-L46914-MBH5.7553,5,7553,pUrvika,fehlerhaft,high,,lemma,"05,193.56",reading-supported,local-GRETIL,strIpUrvika,"{#pUrvika#}¦ in {#strIpUrvika#} {%früher Weib gewesen%} MBH. 5,7553 wohl fehlerhaft für {#pUrvaka#}. Nach VYUTP. 152 bedeutet {#pUrvika#} {%früher gemacht, — eingel"
PWG-L113928-MBH6.27,6,27,sTA,zu lesen,high,,lemma,"03,38.25",reading-supported,local-GRETIL,DarmAnyudDAnAm,"#rAjavaMSAn#} R. 7,51,23. {%festsetzen%}: {#DarmAnyudDAnAm#} MBH. 6,27. HARIV. 9162. {#saMvidam#} KATHĀS. 49,102. {%einführen%}: {#puRyAcArapravartanam . AryadeSAt#} (so ist wohl zu lesen) RĀJA-TAR. 1"
PWG-L121669-MBH6.28,6,28,yaTAparam,fehlerhaft,high,,lemma,"04,4.43",reading-supported,local-GRETIL,yaTA yena prakAreRa aparamanutkfzwamanyAyyamityarTaH,"{#yaTAparam#}¦ MBH. 6,28 vielleicht fehlerhaft für {#˚puram#}. {#yaTA yena prakAreRa aparamanutkfzwamanyAyyamityarTaH#} NĪLAK."
PWG-L46547-MBH6.80,6,80,puzya,zu lesen,high,,lemma,"04,4.43",reading-supported,local-GRETIL,adya bArhaspatyaH SrImAnyuktaH puzyeRa,"PĀR. GṚHY. 1,13. MBH. 3,15959. 5,125. 6,80. {#adya bArhaspatyaH SrImAnyuktaH puzyeRa#} (so ist mit der Bomb. Ausg. zu lesen; vgl. 2,26,11 GORR.) R. 2,26,9. 5,55,1."
PWG-L50403-MBH6.203,6,203,prAgAyata,fälschlich,medium,,lemma,"12,47.20",reading-supported,local-GRETIL,prAgaparAyata,"ch Osten hin ausdehnend%} ĀŚV. ŚR. 1,3. MBH. 6,196. 203. Fälschlich {#prANAyata#} KAUŚ. 137. — Vgl. {#prAgaparAyata#}."
PWG-L116085-MBH6.266,6,266,har,zu lesen,high,,lemma,"04,2.11",reading-supported,local-GRETIL,pAvakAnnagarAt,"ls> 10,55. YĀJÑ. 3,15. MBH. 5,1547. 6,266. R. GORR. 2,80,19. BHĀG. P. 5,18,3. 6,16,13. RĀJA-TAR. 5,432 ({#nihftya#} st. {#nirhatya#} zu lesen). {#pAvakAnnagarAt#} MBH. 1,4937. {#tfRaM mAsi cEtre vahni"
PWG-L116085-MBH6.266,6,266,har,st.,medium,,lemma,"04,2.11",reading-supported,local-GRETIL,pAvakAnnagarAt,"ls> 10,55. YĀJÑ. 3,15. MBH. 5,1547. 6,266. R. GORR. 2,80,19. BHĀG. P. 5,18,3. 6,16,13. RĀJA-TAR. 5,432 ({#nihftya#} st. {#nirhatya#} zu lesen). {#pAvakAnnagarAt#} MBH. 1,4937. {#tfRaM mAsi cEtre"
PWG-L87025-MBH6.343,6,343,lohitya,st.,medium,,lemma,"04,4.43",reading-supported,local-GRETIL,lohityAyanamAtA,". {#lohityAyanamAtA#} der älteren. — b〉 eines Flusses MBH. 6,343 ("
PWG-L18144-MBH6.363,6,363,kulinda,fälschlich,medium,,lemma,"06,10.54",reading-supported,local-GRETIL,kulindApatyakAH,"u. {#upatya#}) LIA. 1. 547. MBH. 6,363. fälschlich {#kulindApatyakAH#} genannt VP. 192."
PWG-L79778-MBH6.369,6,369,baka,st.,medium,Bomb,lemma,"09,44.69",reading-supported,local-GRETIL,bakAH kokarakAH,"14,29. — f〉 pl. N. pr. eines Volkes MBH. 6,369. {#vyUkAH kokabakAH#} ed. Bomb. st. {#bakAH kokarakAH#} der ed. Calc. — g〉 Bein. Kubera"
PWG-L44666-MBH6.373,6,373,pArasika,fälschlich,medium,,lemma,"04,6.15",reading-supported,local-GRETIL,pArasikADipati,"/ab> = {#pArasIka#} {%die Perser%} ŚABDAR._im_ŚKDR. MBH. 6,373 (VP. 194 fälschlich {#pArasIka#}, was gegen das Metrum verstösst). {#pArasikADipati#} KĀD._in_Z."
PWG-L57413-MBH6.491,6,491,manonuga,zu lesen,high,Bomb,lemma,"04,6.15",reading-supported,local-GRETIL,priyamAvedayizyAmi Bavato yanmano'nugam,"lex> f. {#A#} {%dem Sinne zusagend, erfreulich, angenehm%} MBH. 6,491 (wo mit der ed. Bomb. {#˚gam#} zu lesen ist). HARIV. 1506. {#priyamAvedayizyAmi Bavato yanmano'nugam#} 98"
PWG-L99142-MBH6.1585,6,1585,SAs,zu schreiben,high,Bomb,lemma,"03,213.31",reading-supported,local-GRETIL,ASAsyacintA˚,"ehlerhaft für {#ASvAsita#}. Vgl. {#ASAsya#} ({%zu wünschen%} MBH. 6,1585 nach der Lesart der ed. Bomb. als n. auch KUMĀRAS. 7,87, wo {#ASAsyacintA˚#} zu schreiben ist), {#ASis#}. — {#saMprA#} MBH. 5,4"
PWG-L102985-MBH6.1886,6,1886,saMSabda,st.,medium,Calc,lemma,"04,4.43",reading-supported,local-GRETIL,nASrUyata BawEH kftaH,">st. {#bARa˚#} der ed. Calc.) {#nASrUyata BawEH kftaH#} MBH. 6,1886. {#"
PWG-L89199-MBH6.1919,6,1919,vah,fehlerhaft,high,Bomb,lemma,"04,66.14",reading-supported,local-GRETIL,lomapravAhitam,"#} R. ed. Bomb. 2,109,27. — 4〉 {#lomapravAhitam#} MBH. 6,1919 fehlerhaft für {#lomapravAhinam#} (s. d.), wie die ed. Bomb. liest. — <"
PWG-L61784-MBH6.2103,6,2103,mekala,zu lesen,high,,lemma,"01,0.0",reading-supported,local-GRETIL,mekalAmbazWAH,"K. P. 58,14, wo {#mekalAmbazWAH#} zu lesen ist. Statt {#melaka#} MBH. 6,2103. 3855 hat die ed. Bom"
PWG-L96653-MBH6.2599,6,2599,vyAlambin,zu lesen,high,,lemma,"09,45.17",reading-supported,local-GRETIL,vyAlambinIla˚,"{#vyAlambin#}¦ (wie eben) adj. = {#vyAlamba#} MBH. 6,2599. HARIV. 13018. ṚT. 4,16 (mit der v. l. {#vyAlambinIla˚#} zu lesen). VARĀH. BṚH. S. 73,5. BHĀG. P. 3,28,24. 4,25,31."
PWG-L81491-MBH6.2659,6,2659,yantra,zu lesen,high,Bomb,lemma,"06,56.9",reading-supported,local-GRETIL,sottarabanDurepaM yattaM,"yam#}) UṆĀDIS. 4,166. n. (scheinbar f. MBH. 6,2659, wo aber mit der ed. Bomb. {#sottarabanDurepaM yattaM#} zu lesen ist) SIDDH. K. 249,b,2. 1〉 {%Mittel zum Halten, Stütze, Befestigung;"
PWG-L32714-MBH6.2700,6,2700,dASat,fehlerhaft,high,,lemma,"04,4.43",reading-supported,local-GRETIL,aviDyaddASatA vAREH,"{#dASat#}¦ f. {%Zehnzahl%}: {#aviDyaddASatA vAREH#} MBH. 6,2700. Ohne Zweifel fehlerhaft für {#daSatA#}."
PWG-L86859-MBH6.2829,6,2829,lomavAhana,zu lesen,high,Bomb,lemma,"01,13.14",reading-supported,local-GRETIL,lomavAhana,"{#lomavAhana#}¦ scheinbar MBH. 6,2829, wo aber mit der ed. Bomb. {#˚vAhinam#} zu lesen ist."
PWG-L58784-MBH6.3155,6,3155,mahAmAtra,zu lesen,high,Bomb,lemma,"07,24.54",reading-supported,local-GRETIL,satomarErmahA˚,">. M. 9,259. MBH. 4,1761. 6,2287. 3155 (wo mit der ed. Bomb. {#satomarErmahA˚#} zu lesen ist; man streiche also diese Stelle u. {#toraRa#}). 7,837. <ls"
PWG-L28879-MBH6.3326,6,3326,taraMgaRi,fehlerhaft,high,,lemma,"01,0.0",reading-supported,local-GRETIL,˚taraMgiRam,"{#taraMgaRi#}¦ in der Stelle: {#(mahodaDimiva) vAhanormitaraMgaRim#} MBH. 6,3326 fehlerhaft für {#˚taraMgiRam#}; vgl. u. {#taraMgita#}."
PWG-L36484-MBH6.3678,6,3678,DA,fehlerhaft,high,,lemma,"04,51.17",reading-supported,local-GRETIL,devAnAmEndre vinihitaH pade,") {#devAnAmEndre vinihitaH pade#} HARIV. 3988 — {#vinihita#} MBH. 6,3678 fehlerhaft für {#vinihata#}. — {#saMni#} 1〉 {%zusammen niederlegen in%} oder {%bei, aufhe"
PWG-L88595-MBH6.3975,6,3975,varmavant,lies,high,,lemma,"08,69.43",reading-supported,local-GRETIL,pariKAhInaM puraM varmavaducyate,"n {#varman#}) 1〉 adj. {%gepanzert%}: {#hayAH#} MBH. 6,3975. — 2〉 n. {%eine unbefestigte (!) Stadt%}: {#prAkAraM#} (lies {#prAkAra#}) {#pariKAhInaM puraM varmavaducyate#} MĀRK. P. 49,46."
PWG-L99834-MBH6.4389,6,4389,SIkara,zu lesen,high,Bomb,lemma,"01,2.126",reading-supported,local-GRETIL,saSIkarAmBoDara˚,"#guqAkeSaM SElaM nIlamivAmbudaH (nIla ivA˚?)#} MBH. 14,2201. 6,4389 (nach der Lesart der ed. Bomb.). KĀM. NĪTIS. 15,10. ṚT. 1,15. 2,1 ({#saSIkarAmBoDara˚#} zu lesen). RAGH. 7,45. KIR. 16,9. VARĀH. BṚH"
PWG-L99965-MBH6.4389,6,4389,SItkAra,fehlerhaft,high,Bomb,lemma,"07,36.14",reading-supported,local-GRETIL,saSItkAramAnanam,"ls n=""KATHĀS."">109,1. {#saSItkAramAnanam#} VIKR. 103. — MBH. 6,4389 fehlerhaft für {#SIkara#}, wie die ed. Bomb. liest."
PWG-L109138-MBH6.4434,6,4434,sic,st.,medium,,lemma,"01,68.2",reading-supported,local-GRETIL,avasiYcita,"s>HARIV. 7064. {#avasiYcita#} (st. dessen {#avasecita#} 6,4434) dass. MBH. 7,7319."
PWG-L37504-MBH6.4518,6,4518,nad,st.,medium,,lemma,"08,69.43",reading-supported,local-GRETIL,SivAScEvASivAnnAdAnnadante,"{#SivAScEvASivAnnAdAnnadante#} (med.) HARIV. 10604. MBH. 6,4518. {#nadata ANgirasasya nAnadam (nAnandam)#} N. eines Sāman Ind. St. 3,221; oder ist etwa {#sAma#} st. {#nAnadam#} zu ergänzen? — caus. 1〉"
PWG-L57948-MBH6.4701,6,4701,mard,fehlerhaft,high,,lemma,"04,51.17",reading-supported,local-GRETIL,mfdBanti; mfdBamAnAH,"ŚĀṄKH. ŚR. 14,40,14 fehlerhaft für {#mfdBanti; mfdBamAnAH#} MBH. 6,4701 fehlerhaft für {#mfdBantaSca#} (so die"
PWG-L57948-MBH6.4701,6,4701,mard,fehlerhaft,high,Bomb,lemma,"04,51.17",reading-supported,local-GRETIL,mfdBanti; mfdBamAnAH,"ŚĀṄKH. ŚR. 14,40,14 fehlerhaft für {#mfdBanti; mfdBamAnAH#} MBH. 6,4701 fehlerhaft für {#mfdBantaSca#} (so die ed. Bomb.); {#mardan#} 14,228 fehl"
PWG-L49339-MBH6.5117,6,5117,prabala,zu lesen,high,,lemma,"04,5.31",reading-supported,local-GRETIL,˚gfhavAtAyana,"prabalA iva#} {%mächtige, grosse Wassermassen%} MBH. 7,3497. 6,5117 (wo {#vAryoGAn#} st. {#vIryOGAn#} zu lesen ist). {#˚toya#} {%wasserreich%} ({#deSa#}) RĀJA-TAR. 5,68. {#˚gfhavAtAyana#} {%m"
PWG-L112560-MBH6.5632,6,5632,segava,zu lesen,high,Bomb,lemma,"12,167.21",reading-supported,local-GRETIL,mAGamAM sevagA iva,"#}¦ m. pl. {%Krebsbrut%} Spr. (II) 2191. MBH. 6,5632 (mit der ed. Bomb. zu lesen {#mAGamAM sevagA iva#})."
PWG-L104799-MBH7.79,7,79,saMnahana,fehlerhaft,high,Bomb,lemma,"01,2.126",reading-supported,local-GRETIL,gAQaM saMnahanaM cakre,"597. — 4〉 {%Rüstzeug, Rüstung%} MBH. 2,1914. 7,79 (nach der Lesart der ed. Bomb.). {#gAQaM saMnahanaM cakre#} R. 4,15,20. — 5〉 fehlerhaft für {#saMhanana#} in {#vajra˚#} adj. MBH. 4,2242. — Vg"
PWG-L116719-MBH7.301,7,301,hA,zu lesen,high,Bomb,lemma,"01,25.7",reading-supported,local-GRETIL,kacciccEnaM,"es Metrums wegen). 3,2328. 4,268. 7,301 ({#kacciccEnaM#} mit der ed. Bomb. zu lesen). R. 2,21,22. 51. 30,29."
PWG-L113195-MBH7.395,7,395,sOBa,zu lesen,high,,lemma,"04,4.43",reading-supported,local-GRETIL,drumilo nAma tejasvI sOBasya patiH,"asya vaDaH#} 636. fgg. 857. 7,395. {#drumilo nAma tejasvI sOBasya patiH#} HARIV. 4576. {#SAlvaSca vijitaH saMKye sOBaSca vinipAtitaH#} (zu lesen {#sOBaM ca vinipAtitam#}; vgl. MBH. 3,491). 9795."
PWG-L32352-MBH7.397,7,397,daSeraka,zu lesen,high,,lemma,"07,19.7",reading-supported,local-GRETIL,SUdrABIrA daSerakAH,"i WILSON: {%a country destitute of water%}) H. 957. MBH. 7,397. {#SUdrABIrA daSerakAH#} MBH._bei_LASSEN, Pentap. 27. {#daserakAH#} (eine Handschr. scheint {#daseruka#} zu lesen) {#kEkayAH#} VARĀH. BṚH"
PWG-L57948-MBH7.498,7,498,mard,lies,high,,lemma,"01,145.7",reading-supported,local-GRETIL,saMmfdBanti,27. 36. {#raTinaH — saMmfdBanti sma sA
PWG-L102040-MBH7.1168,7,1168,Sliz,druckfehler,high,,lemma,"12,112.81",reading-supported,local-GRETIL,snehenavartate..,#} 2832. {#maRqalaM sarvataH SlizwaM raTinAm#
PWG-L52038-MBH7.1217,7,1217,balla,fehlerhaft,high,,lemma,"07,26.23",reading-supported,local-GRETIL,vipravidDakuTaballAH,"{#balla#}¦ in {#vipravidDakuTaballAH#} MBH. 7,1217 fehlerhaft für {#˚valgAH#}."
PWG-L106047-MBH7.1391,7,1391,saMparka,zu lesen,high,Bomb,lemma,"01,68.47",reading-supported,local-GRETIL,˚saMparkAt,"TAR. 3,110. {#kAma˚#} {%mit%} MAITRYUP. 6,34. {#kAla˚#} MBH. 7,1391 ({#˚saMparkAt#} mit der ed. Bomb. zu lesen). R. 5,14,25. MṚCCH. 49,25. MEGH. 26. 43. <"
PWG-L93642-MBH7.1464,7,1464,visvasfj,fehlerhaft,high,Bomb,lemma,"01,2.106",reading-supported,local-GRETIL,˚sfw yatra,"om. {#˚sfg; ˚sfq#} H. 212, Sch. {#˚sfw yatra#} MBH. 7,1464 fehlerhaft für {#˚sfgyatra#}, wie die ed. Bomb. liest) adj. {%allschaffend%}, <l"
PWG-L38614-MBH7.1570,7,1570,nAsA,fälschlich,medium,,lemma,"13,60.18",reading-supported,local-GRETIL,sunAsAkziBruvARi,"Byantara#} BHAG. 5,27. {#sunAsAkziBruvARi#} N. 5,6. MBH. 7,1570. VARĀH. BṚH. S. 49,12. 50,8 (die Hdschrr. [Page4-0127] fälschlich {#nAsasPig˚#}). 58,5. 10. <ls"
PWG-L49293-MBH7.1571,7,1571,prapAtin,fehlerhaft,high,,lemma,"04,4.43",reading-supported,local-GRETIL,prapAtinopastaraRAn,"chüssiger) Berg, Fels%} H. ś. 157. — {#prapAtinopastaraRAn#} MBH. 7,1571 fehlerhaft für {#prapAtitopa˚#} {%abgeworfen%}."
PWG-L77908-MBH7.1571,7,1571,pat,lies,high,,lemma,"08,21.2",reading-supported,local-GRETIL,paripatitA u˚,{#paripatitA u˚#}). — {#pra#} caus.</ab
PWG-L77908-MBH7.1571,7,1571,pat,zu lesen,high,Bomb,lemma,"08,21.2",reading-supported,local-GRETIL,paripatitA u˚,"{#paripatitA u˚#}). — {#pra#} caus. {%abwerfen%} MBH. 7,1571, wo mit der ed. Bomb. {#prapAtito˚#} zu lesen ist. — {#vi#} 2〉 lies {%sich spalten, zerspringen%}. — caus. Z.</"
PWG-L77908-MBH7.1571,7,1571,pat,lies,high,Bomb,lemma,"08,21.2",reading-supported,local-GRETIL,paripatitA u˚,"{#paripatitA u˚#}). — {#pra#} caus. {%abwerfen%} MBH. 7,1571, wo mit der ed. Bomb. {#prapAtito˚#} zu lesen ist. — {#vi#} 2〉 lies {%sich spalten, zerspringen%}. — caus. Z. 3 lies {%spalten, zersprengen"
PWG-L100272-MBH7.1573,7,1573,SuRqa,zu lesen,high,Bomb,lemma,"04,38.34",reading-supported,local-GRETIL,SuRqA vi˚,"1224. H. an. MED. ḍ. 25. HALĀY. 5,20. MBH. 7,1573 ({#SuRqA vi˚#} mit der ed. Bomb. zu lesen). SUŚR. 2,181,16. KATHĀS. 109,1. Verz. d. Oxf. H. 121,b, No. 214</l"
PWG-L70054-MBH7.1626,7,1626,kalpa,fehlerhaft,high,,lemma,"07,35.24",reading-supported,local-GRETIL,SaktivAcin,"s>VARĀH. BṚH. 1,16. = {#SaktivAcin#} Schol. — {#kalpa#} MBH. 7,1626 fehlerhaft für {#talpa#}. — Vgl. {#prati˚#}."
PWG-L57948-MBH7.1831,7,1831,mard,fehlerhaft,high,Bomb,lemma,"04,15.12",reading-supported,local-GRETIL,avamfdBAdaNguzWamaNguzWena,"{#avamfdBAdaNguzWamaNguzWena#} MBH. 4,468. — {#avamardataH#} MBH. 7,1831 fehlerhaft für {#api majjataH#}, wie die ed. Bomb. liest. Vgl. {#avamarda#} fg"
PWG-L42307-MBH7.2239,7,2239,par,zu lesen,high,,lemma,"04,6.15",reading-supported,local-GRETIL,ca viviDaM nizpUrtaM hutameva ca,"avyaM kavyaM#} (so ist zu lesen) {#ca viviDaM nizpUrtaM hutameva ca#} MBH. 7,2239. — {#pari#} {%sich"
PWG-L55050-MBH7.2308,7,2308,Buj,zu lesen,high,Bomb,lemma,"13,107.90",reading-supported,local-GRETIL,samAnamekapAtre tu BuYjennAnnam,"3, v. l. {#BuYjIyAm#} MBH. 3,2599. {#buBujuH#} 7,2308. HARIV. 8438. {#samAnamekapAtre tu BuYjennAnnam#} (so mit der ed. Bomb. zu lesen) MBH. 13,5044. {#BuYjatA#} (partic.) MĀRK. P. 51,33. pass."
PWG-L113615-MBH7.2350,7,2350,star,fehlerhaft,high,,lemma,"03,189.15",reading-supported,local-GRETIL,bahuSastIrReHbahuSaScIrRe,"{#stfta#} <div n=""2"
PWG-L88101-MBH7.2386,7,2386,var,fehlerhaft,high,,lemma,"01,89.55",reading-supported,local-GRETIL,vAjapeyasahasrARAM sahasrEH susaMvftEH,"{#saMBfta#} in der Stelle: {#vAjapeyasahasrARAM sahasrEH susaMvftEH#} MBH. 7,2386"
PWG-L49680-MBH7.2411,7,2411,prarohaRa,zu lesen,high,,lemma,"08,59.26",reading-supported,local-GRETIL,dugDaM CinnaprarohaRam,"Ram#} MBH. 5,3515. — 2〉 {%Schoss, Knospe, Trieb%} MBH. 7,2411. HARIV. 391, wo wohl {#dugDaM CinnaprarohaRam#} zu lesen ist."
PWG-L112096-MBH7.3383,7,3383,sUci,fehlerhaft,high,,lemma,"03,266.58",reading-supported,local-GRETIL,SUcIjawilalAlasAn,". — Hier und da fehlerhaft {#SU˚#} geschrieben. {#SUcIjawilalAlasAn#} MBH. 7,3383 fehlerhaft für {#aSucIn j"
PWG-L23829-MBH7.4337,7,4337,grAhya,zu lesen,high,,lemma,"07,87.47",reading-supported,local-GRETIL,asmiMstu kila saMmarde grAhyaM viviDamAyuDam,"d〉 {%mitzunehmen%}: {#asmiMstu kila saMmarde grAhyaM viviDamAyuDam#} MBH. 7,4337. — e〉 {%zu sammeln, zu lesen%}: {#na grAhyaM PalamUlaM ca tasmindeSe plavaMgamEH#} R. 4,43,29. — f"
PWG-L102764-MBH7.4724,7,4724,saMyuga,fehlerhaft,high,,lemma,"04,64.14",reading-supported,local-GRETIL,saMyugasyAntakAle,"HĀG. P. 10,"">57,13. 63,8. {#˚gozpada#} MBH. 7,4724. — 3〉 {#saMyugasyAntakAle#} ATHARVAŚ._bei_MUIR, ST. 4,299,21. fg. fehlerhaft. — Vgl. {#sAMyugIna#}."
PWG-L116395-MBH7.4875,7,4875,harz,zu lesen,high,,lemma,"01,2.126",reading-supported,local-GRETIL,lomAni harzayAM cakre,"""BHĀG. P."">8,4,26. 10,73,32. med. MBH. 7,4875. {#kratve\ dakzA^ya harzayanta pI\tAH#} {%erregen%} ṚV. 4,37,2. — 2〉 {%starren machen%}: {#lomAni harzayAM cakre#} (so zu lesen) Verz. d. Oxf. H. 47,a,16 "
PWG-L116395-MBH7.5988,7,5988,harz,zu lesen,high,Bomb,lemma,"08,69.43",reading-supported,local-GRETIL,kastvayA suKinA na hfzyati na nandati,"/ls>. M. 2,54. 98. 9,309. MBH. 7,5988 ({#nAhfzyada˚#} mit der ed. Bomb. zu lesen). R. 2,48,3. {#kastvayA suKinA na hfzyati na nandati#} 3,45,3. <"
PWG-L85641-MBH7.6262,7,6262,lakzay,fehlerhaft,high,Bomb,lemma,"07,121.20",reading-supported,local-GRETIL,SatrurAlakzito,"varam#} {%vernommen, gehört%} R. 7,35,43. {#SatrurAlakzito#} MBH. 7,6262 fehlerhaft für {#SatruScAlakzito#} d. i. {#ala˚#}, wie die ed. Bomb. liest. <div n"
PWG-L72214-MBH7.6379,7,6379,Kac,st.,medium,Bomb,lemma,"01,2.233",reading-supported,local-GRETIL,tArAsahasra˚ (raTa),"neuere Ausg.) HARIV. 13116. {#tArAsahasra˚ (raTa)#} MBH. 7,6379 ({#pawwEH#} st. {#padmaM#} ed. Bomb.). {#vEdUryamuktA˚ (vimAna)#} 13,5194"
PWG-L37922-MBH7.6786,7,6786,nalva,fälschlich,medium,Calc,lemma,"07,131.26",reading-supported,local-GRETIL,triMSannalvAntarAntara (raTa),"11064 (S. 791). {#triMSannalvAntarAntara (raTa)#} MBH. 7,6786. Fälschlich {#nalla#} gedruckt 7901. VOP. (ed. Calc.) 5,3. {#nala#} <ls"
PWG-L94463-MBH7.6944,7,6944,vIragavAkza,fehlerhaft,high,,lemma,"04,35.8",reading-supported,local-GRETIL,vIragavAkza,"{#vIragavAkza#}¦, {#˚gavAkzaH#} MBH. 7,6944 fehlerhaft für {#vIrA gavAkzaH#}; s. u. {#viBu#} 2〉d〉."
PWG-L85085-MBH7.6993,7,6993,ruz,fälschlich,medium,Bomb,lemma,"07,133.24",reading-supported,local-GRETIL,evaM sa ruzitastena,"."">9,20. {#evaM sa ruzitastena#} ({#saMru˚#} ed. Bomb.) MBH. 7,6993. VARĀH. BṚH. S. 21,24. {#mAtfguptaM prati na no rozeRa ruzitaM#} (beide Ausgg. fälschlich {#rU˚#}) {#manaH#} RĀJA-TAR. 3,282. — 2〉 {"
PWG-L96002-MBH7.7082,7,7082,vEvasvata,st.,medium,,lemma,"04,35.8",reading-supported,local-GRETIL,vEvasvatapaTe,"s>. {#˚kzaya#} R. 3,73,32. 4,21,5. {#˚pura#} MBH. 7,7082. {#vEvasvatapaTe#} ({#˚vaSe#} st. {#˚paTe#} die neuere Ausg.) {#sTitaH#} HARIV. 4109. — b"
PWG-L37694-MBH7.7894,7,7894,nam,fälschlich,medium,,lemma,"01,178.17",reading-supported,local-GRETIL,upa upanata,">KĀṬH. 26,6 (s. u. {#upa upanata#} 1.). {#nirRatodara#} MBH. 7,7894. HARIV. 15904. R. 5,25,20. fälschlich {#nirnatodara#} geschrieben MBH. 7,6792. HARIV. 13029. R. 3,7,6</ls"
PWG-L100666-MBH7.8151,7,8151,SUla,zu lesen,high,Bomb,lemma,"07,154.37",reading-supported,local-GRETIL,SUlA BuSuRqyo 'SmaguqAH,"ls>. 6,9,14. {#SitaDAra#} MBH. 7,8141. 8151 (mit der ed. Bomb. zu lesen {#SUlA BuSuRqyo 'SmaguqAH#}) 12,10671. 13,858. <ls n="
PWG-L85592-MBH7.8222,7,8222,rOhiRinandana,fehlerhaft,high,Bomb,lemma,"07,122.58",reading-supported,local-GRETIL,rOhiRinandana,"{#rOhiRinandana#}¦ MBH. 7,8222 fehlerhaft für {#ro˚#}, wie die ed. Bomb. liest."
PWG-L115027-MBH7.8381,7,8381,svapnAy,zu lesen,high,Bomb,lemma,"04,66.26",reading-supported,local-GRETIL,˚yamAnAMstvapare,"ate#} 1〉 {%schlafen wollen, schläfrig sein%}: {#˚yamAna#} MBH. 7,8381 ({#˚yamAnAMstvapare#} mit der ed. Bomb. zu lesen). HARIV. 3940. — 2〉 {%einem Traume gleichen%}: {#svapnAyitaM nfpasuKa"
PWG-L49895-MBH7.8590,7,8590,pravegita,zu lesen,high,,lemma,"04,31.14",reading-supported,local-GRETIL,supravejitEH (SarEH),"wegend%}: {#kapi#} R. 4,1,14. Statt {#supravejitEH (SarEH)#} MBH. 7,8590 ist wohl {#supravegitEH#} zu lesen. — Vgl. {#vegita#}."
PWG-L91581-MBH7.8885,7,8885,vid,fehlerhaft,high,,lemma,"07,165.60",reading-supported,local-GRETIL,nAvidanDftimAtmanaH,>z. B. {#nAvidanDftimAtmanaH#} ({#nAvinda˚#} ed. B
PWG-L44980-MBH7.9141,7,9141,pASana,fehlerhaft,high,,lemma,"04,6.15",reading-supported,local-GRETIL,tomarANkuSapASanEH,"e, Strick%}: {#tomarANkuSapASanEH#} MBH. 7,5923. — {#kula˚#} 9141 fehlerhaft für {#˚pAMSana, ˚pAMsana#}."
PWG-L56300-MBH7.9223,7,9223,majj,fehlerhaft,high,,lemma,"07,170.29",reading-supported,local-GRETIL,vimajjizyAmi salile sagaRo drORigozpade,"sich hineinbegeben in%}: {#vimajjizyAmi salile sagaRo drORigozpade#} MBH. 7,9223. Wohl fehlerhaft für {#ni˚#}. — caus. {%tauchen in, führen in%} MBH. 6,538; s. u.</a"
PWG-L108628-MBH7.9468,7,9468,sAyujya,zu lesen,high,,lemma,"07,172.69",reading-supported,local-GRETIL,tava sAyujyameti,"ls>NṚS. TĀP. UP._in_Ind. St. 9,86. {#tava sAyujyameti#} MBH. 7,9468. HARIV. 14717. R. 3,71,8. KATHĀS. 99,36 ({#mamEva#} zu lesen). 119,216. RĀJA-TAR. 1,152. {#vAsudeve#} BHĀG. P. 7,1,1"
PWG-L40379-MBH7.9557,7,9557,nI,zu lesen,high,,lemma,"07,173.54",reading-supported,local-GRETIL,na SaktastAni (asurARAM trIRi purARi) maGavA netuM sarvAyuDErapi,"{#na SaktastAni (asurARAM trIRi purARi) maGavA netuM sarvAyuDErapi#} MBH. 7,9557 ist wohl {#jetuM#} st. {#netuM#} zu lesen. — Vgl. {#naya, nayana, nayitavya, nayizWa, nAya, nAyaka, nAyin, nIti"
PWG-L40379-MBH7.9557,7,9557,nI,st.,medium,,lemma,"07,173.54",reading-supported,local-GRETIL,na SaktastAni (asurARAM trIRi purARi) maGavA netuM sarvAyuDErapi,"{#na SaktastAni (asurARAM trIRi purARi) maGavA netuM sarvAyuDErapi#} MBH. 7,9557 ist wohl {#jetuM#} st. {#netuM#} zu lesen. — Vgl. {#naya, nayana, nayitavya, nayizWa, n"
PWG-L55779-MBH8.63,8,63,BErava,st.,medium,Bomb,lemma,"01,178.17",reading-supported,local-GRETIL,BEravamuccErviravan,"rAkroSan#} MBH. 2,2690. 2695. {#nadan#} 8,63 (ed. Bomb. {#BEravaM#} st. {#BEravAn#}). {#BEravamuccErviravan#} VARĀH. BṚH. S. 30,3. {#suBEravam#} <l"
PWG-L50094-MBH8.690,8,690,prasahya,zu lesen,high,,lemma,"04,4.43",reading-supported,local-GRETIL,mama janmAntarapAtakAnAM vipAkavisPUrjaTuH,"#} {%unerträglich, nicht auszuhalten, unwiderstehlich%}; von Personen MBH. 8,690 (wo {#'prasahyaH#} zu lesen ist). 3482. {#mama janmAntarapAtakAnAM vipAkavisPUrjaTuH#} RAGH."
PWG-L46946-MBH8.798,8,798,pUzAtmaja,lies,high,,lemma,"08,15.27",reading-supported,local-GRETIL,prAsyaddoRa˚,"a droRasuto#} (lies: {#prAsyaddoRa˚#}) {#vARAnvfzwiM pUzAtmajo yaTA#} MBH. 8,798."
PWG-L115989-MBH8.849,8,849,han,statt,medium,,lemma,"12,25.10",reading-supported,local-GRETIL,kaMsaM yo nirjaGAna,"}: {#kaMsaM yo nirjaGAna#} CHANDOM. 160. statt {#nirjaGnuH#} MBH. 8,849. BHĀG. P. 4,14,34. 6,9,18</ls"
PWG-L92568-MBH8.876,8,876,vimarmaDvajajIvita,fehlerhaft,high,Bomb,lemma,"08,17.14",reading-supported,local-GRETIL,vimarmaDvajajIvita,"{#vimarmaDvajajIvita#}¦ MBH. 8,876 fehlerhaft für {#vivarma˚#}, wie die ed. Bomb. liest."
PWG-L114485-MBH8.885,8,885,sPuw,zu lesen,high,,lemma,"08,17.23",reading-supported,local-GRETIL,nAgAnAM prAsPuwankumBAH,"/ls> — {#pra#} dass.: {#nAgAnAM prAsPuwankumBAH#} MBH. 8,885. {#hfdayaM prasPuwizyati#} R. 6,72,55. Comm. zu PRAB. 90,11. {#SamalagirisamUhAH#} (so zu lesen) HAEB. Anth. 469,2. — caus. {#prasPowayati#"
PWG-L51854-MBH8.1464,8,1464,barh,zu lesen,high,,lemma,"08,24.61",reading-supported,local-GRETIL,ahametAnhanizyAmi yuzmattejo'rDavfM hitaH,"n=""MBH."">12,1947. {#ahametAnhanizyAmi yuzmattejo'rDavfM hitaH#} 8,1464. {#DarmamicCannarapatiH sarvAndArAnanukramAt . gacCedanuniSaM nityaM vAjIkaraRavfMhita^H#} KĀM. NĪTIS. 7,56. {#suvfMhitA#} (so is"
PWG-L51365-MBH8.1778,8,1778,plu,zu lesen,high,,lemma,"03,266.57",reading-supported,local-GRETIL,kfzRaH pupluve,"5〉 {%springen%} (für diese Bed. ist {#pru#} ursprünglicher) MBH. 8,1778. {#kfzRaH pupluve#} (so ist zu lesen) {#gopasUnunA#} {%sprang, hüpfte, tanzte%} HARIV. 3746. {#plutavAn#} ebend.<"
PWG-L108165-MBH8.4589,8,4589,sAdi,zu schreiben,high,,lemma,"06,53.13",reading-supported,local-GRETIL,hayAn — sasAdIn,". m. {%Reiter%}: {#hayAn — sasAdIn#} MBH. 8,3810. 4589 ({#sasAdIn#} zu schreiben). {#u/zwra˚#} P. 6,2,40. {#go˚#} 41 (im Sūtra könnte übrigens auch {#sA"
PWG-L96225-MBH9.48,9,48,vyaj,fehlerhaft,high,,lemma,"09,1.44",reading-supported,local-GRETIL,(tam) vivyajurvyajanEH,"√{#vyaj#}¦ = {#vIj#} {%befächeln%}: {#(tam) vivyajurvyajanEH#} MBH. 9,48. {#vyajyeta#} SUŚR. 1,71,18 wohl fehlerhaft für {#vyajeta#}."
PWG-L59733-MBH9.764,9,764,mAdrinandana,st.,medium,,lemma,"01,196.6",reading-supported,local-GRETIL,kOnteyAnmAdrinandanAn,"Sahadevaʼs und Nakulaʼs MBH. 2,1116. 9,764. {#kOnteyAnmAdrinandanAn#} (pl. ungenau st. du.) 3,19."
PWG-L104814-MBH9.986,9,986,saMnikASa,fälschlich,medium,Calc,lemma,"09,31.50",reading-supported,local-GRETIL,˚saMvikASa,"in —, das Aussehen von — habend%}: {#SaSANka˚#} MBH. 7,4739. 9,986 (fälschlich {#˚saMvikASa#} ed. Calc.). 1075. {#sattva˚#} R. 3,64,21"
PWG-L36484-MBH9.1074,9,1074,DA,fehlerhaft,high,,lemma,"09,19.8",reading-supported,local-GRETIL,(praBagnA camUH) diSaScatasraH sahasA praDApitA,"— caus.: {#(praBagnA camUH) diSaScatasraH sahasA praDApitA#} MBH. 9,1074; wohl nur fehlerhaft für {#praDAvitA#}. — {#prati#} 1〉 {%ansetzen, wieder ansetzen, einsetzen; wied"
PWG-L102891-MBH9.1166,9,1166,saMvArya,st.,medium,Bomb,lemma,"07,85.74",reading-supported,local-GRETIL,nEtadbalamasaMbAryam,"uhalten, abzuwehren%}: {#nEtadbalamasaMbAryam#} MBH. 7,4209. 9,1166 (nach der Lesart der ed. Bomb. st. {#asaMhArya#} der ed. Calc.)."
PWG-L49864-MBH9.1596,9,1596,pravivikzu,fehlerhaft,high,,lemma,"08,2.20",reading-supported,local-GRETIL,pravivekzu,"egeben%} KĀM. NĪTIS. 7,37. MBH. 12,1374. {#hradam#} 9,1596. Fehlerhaft {#pravivekzu#} RĀJA-TAR. 4,326 (auch im vorang. Śloka ist {#pr"
PWG-L49864-MBH9.1596,9,1596,pravivikzu,zu lesen,high,,lemma,"08,2.20",reading-supported,local-GRETIL,pravivekzu,"egeben%} KĀM. NĪTIS. 7,37. MBH. 12,1374. {#hradam#} 9,1596. Fehlerhaft {#pravivekzu#} RĀJA-TAR. 4,326 (auch im vorang. Śloka ist {#praviSya#} st. {#praveSya#} zu lesen)."
PWG-L49864-MBH9.1596,9,1596,pravivikzu,st.,medium,,lemma,"08,2.20",reading-supported,local-GRETIL,pravivekzu,"egeben%} KĀM. NĪTIS. 7,37. MBH. 12,1374. {#hradam#} 9,1596. Fehlerhaft {#pravivekzu#} RĀJA-TAR. 4,326 (auch im vorang. Śloka ist {#praviSya#} st. {#praveSya#} zu lesen)."
PWG-L40928-MBH9.2175,9,2175,nEmizIya,st.,medium,,lemma,"01,2.51",reading-supported,local-GRETIL,nEmizIyopAKyAna,"{%in Beziehung stehend%}: {#sattra#} MBH. 9,2161. {#kuYja#} 2175. {#nEmizIyopAKyAna#} BHĀG. P. 1,1 in der Unterschr.; st. dessen {#nEmizeyo˚#} Verz. d. B. H. No. 475."
PWG-L113425-MBH9.2219,9,2219,skand,zu lesen,high,,lemma,"04,6.15",reading-supported,local-GRETIL,cirAccIrRaM caskanda tapa ESvaram,". ŚR. 25,11,21. MBH. 1,5105. 6331. 9,2219 ({#caskande#}). HARIV. 1958 ({#na caskande 'Ta pOruzam#} mit der neueren Ausg. zu lesen). BHĀG. P. 8,12,32. {#cirAccIrRaM caskanda tapa ESvaram#} so v. a. {%w"
PWG-L21814-MBH9.2367,9,2367,gam,fehlerhaft,high,,lemma,"13,110.40",reading-supported,local-GRETIL,daSAhe 'tigate,"ergehen%}: {#daSAhe 'tigate#} R. 2,77,1. {#cintAmatijagAma#} MBH. 9,2367 fehlerhaft für {#aDijagAma#}. — {#upAti#} {%gehen über%} (einen Fluss): {#upAtijagmuH — S"
PWG-L104602-MBH9.2560,9,2560,saMtarjana,zu lesen,high,,lemma,"01,1.7",reading-supported,local-GRETIL,akzaH saM˚,"ex>m. N. pr. eines Wesens im Gefolge Skandaʼs MBH. 9,2560 (vielleicht ist {#akzisaM˚#} st. {#akzaH saM˚#} zu lesen). — 3〉 f. {#A#} {%Drohung, Schmähung%} MBH. 9,1818. n"
PWG-L104602-MBH9.2560,9,2560,saMtarjana,st.,medium,,lemma,"01,1.7",reading-supported,local-GRETIL,akzaH saM˚,"ex>m. N. pr. eines Wesens im Gefolge Skandaʼs MBH. 9,2560 (vielleicht ist {#akzisaM˚#} st. {#akzaH saM˚#} zu lesen). — 3〉 f. {#A#} {%Drohung, Schmähung%}"
PWG-L56294-MBH9.3032,9,3032,macakruka,st.,medium,Bomb,lemma,"01,2.126",reading-supported,local-GRETIL,tumacakrakasya,"d. Calc.). 7070. 7078. 9,3032 (st. {#tumacakrakasya#} liest die ed. Bomb. wie 3,7078 {#ca ma"
PWG-L104247-MBH9.3328,9,3328,sad,fehlerhaft,high,,lemma,"12,24.22",reading-supported,local-GRETIL,˚satyasaMyoga,"Ya#} adj. MBH. 1,7673. {#˚piRqa#} adj. 9,3328. {#˚satyasaMyoga#} HARIV. 3020. {#˚Baya#} adj. BHĀG. P. 4,9,1. {#ucCanna#} SUŚR. 2,395,10 fehlerhaft für {#utsanna#} (vgl. {#ucCAdana#}) oder {#ucCinna#} "
PWG-L74139-MBH9.3482,9,3482,jan,zu lesen,high,Bomb,lemma,"04,6.15",reading-supported,local-GRETIL,tena nArada nArIRAM satItvamupajAyate,"7. 3,20. Z. 9. fg. MBH. 9,3482 ist zu streichen, da daselbst mit der ed. Bomb. {#upayAtam#} {%gehet nach%} zu lesen ist. — 4〉 {#tena nArada nArIRAM satItvamupajAyate#} {%darum giebt es Keuschhei"
PWG-L59386-MBH1.43,1,43,mahya,st.,medium,Bomb,none,,unresolvable,none,,"#}¦ m. N. pr. eines Sohnes des Vivasvant MBH. 1,43 ({#putrA#} st. {#purA#} ed. Bomb.). {#sahya#} NĪLAK. mit Erwähnung der v. l.<"
PWG-L107849-MBH1.43,1,43,sahya,st.,medium,,none,,unresolvable,none,,"Works 2,353. — b〉 eines Sohnes des Vivasvant MBH. 1,43 (nach einer von NĪLAK. erwähnten Lesart st. {#mahya#} der Ausgg.). — 3〉 n. a〉 {%Hilfe"
PWG-L117624-MBH1.75,1,75,heramba,fehlerhaft,high,,none,,unresolvable,none,,"an. 3,450. MED. b. 15. HALĀY. 1,18. MBH. 1,75. KATHĀS. 20,100. 24,1. 50,176. 55,158. fg. (fehlerhaft {#heramBa#}). 57,1. PAÑCAR. 1,7,86. SARVADARŚANAS. 44,1"
PWG-L90623-MBH1.146,1,146,vAsin,statt,medium,,none,,unresolvable,none,,"aSa˚#} {%schwärzlich gekleidet%} AIT. BR. 5,14. {#pARqara˚#} MBH. 1,146. {#nIla˚#} (so ist statt {#lIna#} zu lesen) R. GORR. 2,8,43. {#malina˚#} 19. {"
PWG-L45711-MBH1.228,1,228,puRqra,zu lesen,high,,none,,unresolvable,none,,"/ls>. VP. 444. BHĀG. P. 9,23,4. Vielleicht ist auch MBH. 1,228 {#puRqraH#} st. {#pundraH#} zu lesen. Nach dem VĀYU-P. (s. VP. 231, N. 4) N. einer mythisc"
PWG-L45941-MBH1.228,1,228,pundra,fehlerhaft,high,,none,,unresolvable,none,,"{#pundra#}¦ MBH. 1,228 wohl fehlerhaft für {#puRqra#}."
PWG-L45711-MBH1.228,1,228,puRqra,st.,medium,,none,,unresolvable,none,,"/ls>. VP. 444. BHĀG. P. 9,23,4. Vielleicht ist auch MBH. 1,228 {#puRqraH#} st. {#pundraH#} zu lesen. Nach dem VĀYU-P. (s. VP. 231, N. 4)"
PWG-L110714-MBH1.228,1,228,supratIka,fälschlich,medium,,none,,unresolvable,none,,"er Bruder des Vibhāvasu MBH. 1,1354. fgg. ein Fürst 228. Verz. d. Oxf. H. 57,b,34. ein Sohn Bhānurathaʼs VP. 4,22,3 ({#supratITa#} fälschlich WILSON in der 1ten Aufl.). Pratītāśvaʼs VP._in_Ve"
PWG-L31849-MBH1.257,1,257,daDi,lies,high,,none,,unresolvable,none,,"3,226"
PWG-L84468-MBH1.272,1,272,rAma,st.,medium,,none,,unresolvable,none,,HARIV. 5869
PWG-L47588-MBH1.312,1,312,pOzpa,fehlerhaft,high,,none,,unresolvable,none,,"ls>. KĀLIKĀ-P. 67_im_ŚKDR. Fehlerhaft für {#pOzya#} MBH. 1,312. — 2〉 f. {#I#} = {#puzpapura#} <l"
PWG-L52834-MBH1.347,1,347,bIBatsa,zu lesen,high,,none,,unresolvable,none,,"4. {#ati˚#} R. 3,1,21. M"
PWG-L52834-MBH1.347,1,347,bIBatsa,st.,medium,,none,,unresolvable,none,,4. {#ati˚#}
PWG-L90706-MBH1.399,1,399,vAhatva,fehlerhaft,high,Bomb,none,,unresolvable,none,,"{#vAhatva#}¦ MBH. 1,399 fehlerhaft für {#grAhatva#}, wie die ed. Bomb. liest."
PWG-L45544-MBH1.445,1,445,pItin,fehlerhaft,high,,none,,unresolvable,none,,"ab> {%getrunken [Page4-0746] habend%}): {#soma˚#} AK. 2,7,8. MBH. 1,445. Wohl nur fehlerhaft für {#pITin#}."
PWG-L112859-MBH1.536,1,536,somadatti,fehlerhaft,high,Bomb,none,,unresolvable,none,,"{#somadatti#}¦ MBH. 1,536 fehlerhaft für {#sO˚#} (so ed. Bomb.)."
PWG-L115989-MBH1.570,1,570,han,fehlerhaft,high,,none,,unresolvable,none,,"fehlerhaft für {#ni — han#} (wie die v. l. fast überall hat) MBH. 1,570. ARJ."
PWG-L58678-MBH1.629,1,629,mahAprasTAnika,fehlerhaft,high,Bomb,none,,unresolvable,none,,"erklärt worden ist. Die ed. Bomb. des MBH. hat auch 1,629<"
PWG-L34957-MBH1.634,1,634,dEvaraTa,fehlerhaft,high,,none,,unresolvable,none,,"araTa#}¦ ({#dEva#} + {#raTa#}) m. {%ein göttlicher Wagen%} MBH. 1,634. Viell. nur fehlerhaft für {#devaraTa#}."
PWG-L78881-MBH1.722,1,722,pUrvaga,zu lesen,high,Bomb,none,,unresolvable,none,,"{#pUrvaga#}¦ MBH. 1,722, wo {#pra#} (gehört zu {#SaMsAmi#}) {#pUrvagO#} (so die ed. Bomb.) zu lesen ist; NĪLAK.: {#prapUrvagO sfzweH prAgvidyamAnO#}."
PWG-L97001-MBH1.722,1,722,SaMs,zu lesen,high,,none,,unresolvable,none,,"traBAnU girA vAM#} (wohl so zu lesen st. {#vA#}) {#SaMsAmi#} MBH. 1,722. 2,1536. <ls n=""MB"
PWG-L97001-MBH1.722,1,722,SaMs,st.,medium,,none,,unresolvable,none,,"traBAnU girA vAM#} (wohl so zu lesen st. {#vA#}) {#SaMsAmi#} MBH. 1,722. 2,1536. 3,22"
PWG-L96461-MBH1.723,1,723,vyA,zu lesen,high,,none,,unresolvable,none,,"tAvasitam#} (so ist zu lesen) {%das schwarze%} (Gewebe) {%abdeckend%} MBH. 1,723. — {#A#} {%umnehm"
PWG-L113928-MBH1.747,1,747,sTA,st.,medium,,none,,unresolvable,none,,"partic. {#˚sTita#} {%aufgebrochen, der sich aufgemacht hat%} MBH. 1,747. HARIV. 2050 ({#api#} st. {#aBi#} die neuere Ausg.). R. 5,53,2. PAÑCAT. 165,4. <ls"
PWG-L114795-MBH1.814,1,814,srotas,zu lesen,high,,none,,unresolvable,none,,"R."">239,17. {#SePa˚#} (so zu lesen) 1,35,1. — MBH. 1,814. 3,15995. <ls n=""MBH."
PWG-L61994-MBH1.943,1,943,menakA,fälschlich,medium,,none,,unresolvable,none,,"/ls> beim Schol. zu H. 183 (fälschlich {#menikA#}). MBH. 1,943. fgg. 2915. 4820. f"
PWG-L27503-MBH1.982,1,982,jihmaga,zu lesen,high,,none,,unresolvable,none,,"AK. 1,2,1,9. H. 1304."
PWG-L27503-MBH1.982,1,982,jihmaga,statt,medium,,none,,unresolvable,none,,"AK. 1,2,1,9"
PWG-L1087-MBH1.1031,1,1031,aw,zu lesen,high,,none,,unresolvable,none,,"reifzug unternehmen, herumschweifen, durchirren%}: {#a"
PWG-L63029-MBH1.1075,1,1075,atisarga,lies,high,,none,,unresolvable,none,,"{#atisarga#}¦ *Z. 3 lies 5,53. MBH. 1,1075 st. 8,53."
PWG-L63029-MBH1.1075,1,1075,atisarga,st.,medium,,none,,unresolvable,none,,"{#atisarga#}¦ *Z. 3 lies 5,53. MBH. 1,1075 st. 8,53."
PWG-L62472-MBH1.1122,1,1122,akUpAra,lies,high,,none,,unresolvable,none,,"{#akUpAra#}¦ 1〉 lies 5,39,2. — 2〉a〉 MBH. 1,1122. {#saptApyakUpArAH#} Spr. 2606. <"
PWG-L36831-MBH1.1336,1,1336,DU,zu lesen,high,,none,,unresolvable,none,,"{%aufrütteln, aufschütteln, in Bewegung setzen%}: {#rajaH samudDU"
PWG-L36831-MBH1.1336,1,1336,DU,st.,medium,,none,,unresolvable,none,,"{%aufrütteln, aufschütteln, in Bewegung"
PWG-L9095-MBH1.1498,1,1498,Ara,druckfehler,high,,none,,unresolvable,none,,"4. {#Ara#}¦ MBH. 1,1498 wohl nur Druckfehler für {#ara#} {%Speiche%}."
PWG-L57588-MBH1.1905,1,1905,manda,zu lesen,high,,none,,unresolvable,none,,MED.</l
PWG-L103843-MBH1.1973,1,1973,saYj,zu lesen,high,,none,,unresolvable,none,,"lesen; vgl. 1,1692. 1743) MBH. 1,1973. {#s"
PWG-L59943-MBH1.2030,1,2030,mApana,druckfehler,high,,none,,unresolvable,none,,"#tulA#}). — 2〉 f. {#A#} {%Messung, Ausmessung%} MBH. 1,203"
PWG-L32377-MBH1.2120,1,2120,dah,zu lesen,high,,none,,unresolvable,none,,itolmukEH#} BHĀG. P.
PWG-L49908-MBH1.2150,1,2150,pravepana,fälschlich,medium,,none,,unresolvable,none,,"n) 1〉 m. N. pr. eines Schlangendämons MBH. 1,2150. — 2〉 n. {%das Zittern%} P. 8,4,34, Sch. VOP. 26,171 (fälschlich {#˚vepaRa#}; vgl. 26,4)."
PWG-L113928-MBH1.2167,1,2167,sTA,zu lesen,high,Bomb,none,,unresolvable,none,,"s>R. 2,21,9. {%stehen bleiben, Halt machen%} M. 11,111. MBH. 1,2167 (med.; {#Ka#} st. {#sa#} mit der ed. Bomb. zu lesen). R. 2,52,96. R. GORR. 1,9,10. KATHĀS. 4,12. {#vasizWasyAgrata"
PWG-L113928-MBH1.2167,1,2167,sTA,st.,medium,Bomb,none,,unresolvable,none,,"s>R. 2,21,9. {%stehen bleiben, Halt machen%} M. 11,111. MBH. 1,2167 (med.; {#Ka#} st. {#sa#} mit der ed. Bomb. zu lesen). R. 2,52,96. R. GORR. 1,9,1"
PWG-L97107-MBH1.2209,1,2209,Sakti,zu lesen,high,,none,,unresolvable,none,,". B. H. 58,7 (wo {#Sakti#} st. {#SakrI#} zu lesen ist). MBH. 1,2209. 6701. 6737. <ls n="""
PWG-L97107-MBH1.2209,1,2209,Sakti,st.,medium,,none,,unresolvable,none,,". B. H. 58,7 (wo {#Sakti#} st. {#SakrI#} zu lesen ist). MBH. 1,2209. 6701. <ls n=""MBH"
PWG-L68313-MBH1.2347,1,2347,uparisTa,fälschlich,medium,,none,,unresolvable,none,,"stehend, — befindlich%} MAITRYUP. 2,4. P. 6,2,188. MBH. 1,2347. Spr. 4245. KATHĀS. 65,204. VET. in LA. 11,6. 8 [Page5-1192] (hier fälschlich {#uparizWa#}). {%stehend auf%}, mit gen. R. 7,16,5 ({#˚zWa#"
PWG-L100123-MBH1.2367,1,2367,Suktimant,zu lesen,high,,none,,unresolvable,none,,"{#Sakti#} zu lesen ist). N. pr. a〉 eines Flusses MBH. 1,2367. HARIV. 1983<"
PWG-L100123-MBH1.2367,1,2367,Suktimant,st.,medium,,none,,unresolvable,none,,"{#Sakti#} zu lesen ist). N. pr. a〉 eines Flusses MBH. 1,236"
PWG-L82233-MBH1.2387,1,2387,yuD,zu lesen,high,,none,,unresolvable,none,,"/ls>. 15,34. fg. act. M. 7,192. MBH. 1,2387 ({#yuDyatoH#} zu lesen). 7119. 2,616. 905. <ls n=""MB"
PWG-L61005-MBH1.2520,1,2520,muni,st.,medium,,none,,unresolvable,none,,"harva und Apsaras (vgl. {#mOneya#}) erscheint, MBH. 1,2520. HARIV. 171. 234. 11521 (die neuere Ausg. {#muniH#} st. {#KasA#}). 11553. 12447. VP. 122. <"
PWG-L36492-MBH1.2523,1,2523,DAtar,st.,medium,,none,,unresolvable,none,,">st. dessen!) unter den 12 Āditya, so MBH. 1,2523. <l"
PWG-L21731-MBH1.2550,1,2550,ganDarva,fälschlich,medium,,none,,unresolvable,none,,"s n=""HARIV."">11850. der Muni 11553. MBH. 1,2550. VP. 370 (von WILSON fälschlich auf Muni Kaśyapa zurückgeführt), der Prādhā MBH. 1,2556</l"
PWG-L91766-MBH1.2557,1,2557,vidyutparRA,fälschlich,medium,,none,,unresolvable,none,,"ab> zu H. 183 ({#vidyuByarRA#} fälschlich geschr.). MBH. 1,2557. 4818. HARIV. 14162"
PWG-L116882-MBH1.2559,1,2559,hAhA,zu lesen,high,Bomb,none,,unresolvable,none,,". häufig ist des Metrums wegen {#hahA#} zu lesen, z. B. MBH. 1,2559. 4815 ({#hahA#} ed. Bomb.</"
PWG-L93395-MBH1.2592,1,2592,viSvakarman,st.,medium,,none,,unresolvable,none,,"is> ({#yogasaktA#} adj. st. dessen MBH.) MBH. 1,2592. fgg. HARIV. 161. VP. 121</l"
PWG-L30785-MBH1.2601,1,2601,trayastriMSat,st.,medium,,none,,unresolvable,none,,"{#indra#} ved. Cit. in VP. 123, N. 27. MBH. 1,260"
PWG-L82480-MBH1.2607,1,2607,yogAcArya,fehlerhaft,high,,none,,unresolvable,none,,"s>MṚCCH. 47,21. — 2〉 {%ein Lehrer des%} Yoga MBH. 1,2607. HARIV. 951. fg. 980. BHĀG. P. 9,12,3. [Page6-0191] — 3〉 fehlerhaft für {#yogAcAra#}; s. u. 2. {#yogAcAra#}."
PWG-L112537-MBH1.2626,1,2626,sfmara,unrichtig,medium,,none,,unresolvable,none,,"den), AK. 2,5,11. VS. 24,39. TS. 5,5"
PWG-L53140-MBH1.2691,1,2691,bfhant,zu lesen,high,,none,,unresolvable,none,,"HARIV. 11547. — b〉 N. pr. eines Fürsten MBH. 1,2691. eines Sohnes des Suhotra und Vaters des Ajamiḍha HARIV. 1754 (wo {#bfhan#} für {#bfhat#} zu lesen ist). Vgl. {#bfhanta#}. — 4〉 f. {#bfhatI#} a〉"
PWG-L35574-MBH1.2713,1,2713,dvApara,zu lesen,high,,none,,unresolvable,none,,"retAdvAparayoH saMDO#} MBH. 1,272. 282. 2713 ({#dvApare#} zu lesen). 3,11250. 12,2684. 3408. <div"
PWG-L63235-MBH1.2775,1,2775,aDiraTi,fehlerhaft,high,Bomb,none,,unresolvable,none,,"{#aDiraTi#}¦ m. MBH. 1,2775 fehlerhaft für {#aDiraTa#} 1,b, wie die ed. Bomb. liest."
PWG-L45776-MBH1.3026,1,3026,put,zu lesen,high,,none,,unresolvable,none,,tasmAtputra iti proktaH svayameva s
PWG-L27838-MBH1.3060,1,3060,jYA,st.,medium,,none,,unresolvable,none,,"#} {%ich erkenne das von dir geborene Kind nicht als meinen Sohn an%} 3060. — 3〉 {%sich erinnern dass%}; mit blossem fut. st. des imperf., oder mit {#yad#} und imperf.; wenn die Erinnerung sic"
PWG-L46684-MBH1.3160,1,3160,pUru,zu lesen,high,,none,,unresolvable,none,,"Vārtt. 2 (wo so zu lesen ist mit der Calc. Ausg.). MBH. 1,3160. fgg. 3433."
PWG-L35421-MBH1.3160,1,3160,druhyu,fälschlich,medium,,none,,unresolvable,none,,"P. 9,18,33. 23,14. Fälschlich {#duhyu#} MBH. 1,3160. 3162. 3433."
PWG-L54640-MBH1.3217,1,3217,BArgava,st.,medium,,none,,unresolvable,none,,">Bhṛgu P. 2,4,65. VOP. 7,14. Devayāni MBH. 1,3217. BHĀG. P. 9,19,2. 28. — b〉 Bein. der Lakṣmī H. ś. 76 (wo st. {#BarBarI#} wohl so zu lesen ist). H. an. MED. — c〉 <ab"
PWG-L34083-MBH1.3433,1,3433,duhyu,fehlerhaft,high,,none,,unresolvable,none,,"{#duhyu#}¦ MBH. 1,3160. 3162. 3433 fehlerhaft für {#druhyu#}."
PWG-L43412-MBH1.3613,1,3613,parc,fehlerhaft,high,,none,,unresolvable,none,,"partic. {#anupfkta#} {%vermischt mit%} MBH. 1,3609. 3613. — {#api#} {%beimischen%}: {#vi\ze vi\zama^prA\gapi^#} AV. 10,4,26. {#pfYcanti#} 5,2,3 fehlerhaft für {#vfYjanti#}. — {#A#} 1〉 {%erfüllen, durc"
PWG-L49291-MBH1.3652,1,3652,prapAta,fälschlich,medium,,none,,unresolvable,none,,". an. 3,277. — 3〉 {%Sturz, Fall%} Spr. 1921. <l"
PWG-L60453-MBH1.3690,1,3690,mitrasAha,zu lesen,high,,none,,unresolvable,none,,"tra#} + {#sAha#}) adj. {%nachsichtig gegen seine Freunde%} MBH. 1,3690. Vielleicht {#'mitra˚#} zu lesen."
PWG-L100486-MBH1.3708,1,3708,Sura,fehlerhaft,high,Bomb,none,,unresolvable,none,,"{#Sura#}¦ m. N. pr. MBH. 1,3708 fehlerhaft für {#SUra#}, wie die ed. Bomb. liest. {%Löwe%} DHAN._bei_WILSON</l"
PWG-L113280-MBH1.3738,1,3738,sOra,st.,medium,,none,,unresolvable,none,,"a〉 patron. der Tapatī, der Mutter Kuruʼs, MBH. 1,3738; st. dessen {#vEvasvatI#} 3791. — b〉 {%eine best.</ab"
PWG-L65767-MBH1.3740,1,3740,aSvavant,st.,medium,Bomb,none,,unresolvable,none,,"{#aSvavant#}¦ m. ein anderer Name des Avikṣit MBH. 1,3740, Lesart der ed. Bomb. st. {#avikzit#}."
PWG-L101797-MBH1.3740,1,3740,Sru,st.,medium,Bomb,none,,unresolvable,none,,"ed. Bomb. st. {#˚SuSrumaH#} der ed. Calc.) MBH. 1,3740. {#tftIyamanyaM lokezu vf"
PWG-L7611-MBH1.3767,1,3767,ahaMyAti,druckfehler,high,,none,,unresolvable,none,,"+ {#yA˚#}) m. N. pr. ein Sohn Saṃyātiʼs MBH. 1,3767. VP. 447. LIA. I, Anh. XX. {#rahaMpAtI#} HARIV. 1668 ist wohl nur ein Druckfehler."
PWG-L91581-MBH1.3895,1,3895,vid,statt,medium,,none,,unresolvable,none,,"ls>. med.: {#vedate#} ŚVETĀŚV. UP. 5,6. {#vidmahe#} MBH. 1,3895. statt des zweiten acc. der nom. mit {#iti#}, z. B. {#SiKaRqIti#} [Pa"
PWG-L63465-MBH1.4004,1,4004,anADfzya,lies,high,,none,,unresolvable,none,,"Dfzya#}¦ *Z. 4 lies 7,84,1 st. 7,85,1. Hinzuzufügen MBH. 1,4004. 2,810. <"
PWG-L63465-MBH1.4004,1,4004,anADfzya,st.,medium,,none,,unresolvable,none,,"Dfzya#}¦ *Z. 4 lies 7,84,1 st. 7,85,1. Hinzuzufügen MBH. 1,4004. 2,810. 3,1"
PWG-L45963-MBH1.4007,1,4007,pura,st.,medium,,none,,unresolvable,none,,"). {#Sakrasya#} INDR. 1,42</l"
PWG-L32738-MBH1.4015,1,4015,dASeya,fälschlich,medium,,none,,unresolvable,none,,s>ŚKDR. {#dASeyI#} f. {%die Tochter einer Fischerin%} <l
PWG-L12676-MBH1.4162,1,4162,uzmatA,fehlerhaft,high,,none,,unresolvable,none,,"{#uzmatA#}¦ MBH. 1,4162 fehlerhaft für {#uzRatA#}."
PWG-L44229-MBH1.4203,1,4203,pAtaka,zu lesen,high,,none,,unresolvable,none,,". YĀJÑ. 2,96. 3,284. BHAG. 1,38. MBH. 1,4203 (wo {#pAtakaM .#} st. {#pAtakAM#} zu lesen ist). 4334. 13,2424 (masc.). BHARTṚ."
PWG-L44229-MBH1.4203,1,4203,pAtaka,st.,medium,,none,,unresolvable,none,,". YĀJÑ. 2,96. 3,284. BHAG. 1,38. MBH. 1,4203 (wo {#pAtakaM .#} st. {#pAtakAM#} zu lesen ist). 4334. 13,2424 (<ab"
PWG-L62460-MBH1.4265,1,4265,akAlika,zu lesen,high,,none,,unresolvable,none,,"amanohara#} BRAHMA-P. in LA. (II) 52,21. Vielleicht ist auch MBH. 1,4265 {#akAlikaM#} st. {#akAlikaH#} zu lesen; soll das Wort auf {#putra#} bezogen werden, so hätte es die Bedeutung {%keinen Zeitaufs"
PWG-L62460-MBH1.4265,1,4265,akAlika,st.,medium,,none,,unresolvable,none,,"amanohara#} BRAHMA-P. in LA. (II) 52,21. Vielleicht ist auch MBH. 1,4265 {#akAlikaM#} st. {#akAlikaH#} zu lesen; soll das Wort auf {#putra#} bezogen werden, so hätte es die B"
PWG-L67775-MBH1.4364,1,4364,utseka,zu lesen,high,Bomb,none,,unresolvable,none,,"{#utseka#}¦ 2〉 MBH. 1,4364 ist mit der ed. Bomb. {#utsAdam#} st. {#utsedam#} zu lesen."
PWG-L67775-MBH1.4364,1,4364,utseka,st.,medium,Bomb,none,,unresolvable,none,,"{#utseka#}¦ 2〉 MBH. 1,4364 ist mit der ed. Bomb. {#utsAdam#} st. {#utsedam#} zu lesen."
PWG-L32399-MBH1.4375,1,4375,dA,fehlerhaft,high,,none,,unresolvable,none,,"#putrayoruBayoreva vaDvO te ditsite mayA#} R. GORR. 1,70,13. MBH. 1,4375. Auch {#didAsati#} in folg. Stelle: {#pri\yaM Sra^dDe\ dada^taH pri\yaM Sra^dDe\ didA^sataH#} ṚV. 10,151,2. Fehlerhaft dagegen "
PWG-L88916-MBH1.4583,1,4583,vas,lies,high,,none,,unresolvable,none,,"A. (III) 6,20"
PWG-L88916-MBH1.4583,1,4583,vas,st.,medium,,none,,unresolvable,none,,"A. (III) 6,20. <ls n=""VET. i"
PWG-L28354-MBH1.4605,1,4605,takz,lies,high,,none,,unresolvable,none,,#} (gen. des par
PWG-L117242-MBH1.4623,1,4623,hu,st.,medium,Calc,none,,unresolvable,none,,"{#juhvan#} nom. partic. MBH. 1,3546. 4623 (ed. Calc. {#juhvat#}). H. 861 ({#juhvat#} und {#juhvan#}). st. des verbi finiti P. 3,2,126, Vārtt. 5. {#juhvantam#}"
PWG-L99812-MBH1.4684,1,4684,Siz,st.,medium,,none,,unresolvable,none,,", partic. {#˚viSizwa#}"
PWG-L53320-MBH1.4814,1,4814,brahmacArin,zu lesen,high,,none,,unresolvable,none,,m. a〉 N. pr. eines Gandharva</i
PWG-L73713-MBH1.4907,1,4907,cAraRa,st.,medium,,none,,unresolvable,none,,"{#cAraRa#}¦ 1〉 MBH. 1,4907 erklärt NĪLAK. {#cAraRAH#} durch {#devagAyakA gukyakAKyAH#} und erwähnt dabei eine Lesart {#cAraRya˚#} st. {#cAraRa˚#}; zu 5,1039 wird {#cAraRAH#} durch {#stAvakAH#} erklärt"
PWG-L116719-MBH1.4946,1,4946,hA,zu lesen,high,,none,,unresolvable,none,,"t. — {#apA#}, absol. {#˚hAya#} {%Jmd verlassend%} MBH. 1,4946</"
PWG-L99828-MBH1.5033,1,5033,SI,fehlerhaft,high,,none,,unresolvable,none,,"6,112,13. {#SeDvam#} BHAṬṬ. 3,44. {#aSeta#} MBH. 1,5033. R. 2,88,6 (96,13 GORR.). {#SiSye#} (auch fehlerhaft {#Sizye#}) KAUṢ. UP. 4,19. MBH. 6,3055. HARIV. 9119. R. 1,"
PWG-L99221-MBH1.5099,1,5099,Sikz,zu lesen,high,,none,,unresolvable,none,,"RAnena Sikzyate#} KATHĀS. 60,7"
PWG-L83542-MBH1.5258,1,5258,raB,zu lesen,high,,none,,unresolvable,none,,"20. SARVADARŚANAS. 124,11. {#˚raBya#} MBH. 1,5258</ls"
PWG-L122468-MBH1.5545,1,5545,saYj,lies,high,Bomb,none,,unresolvable,none,,"ab> 558, Z. 2 lies 13,7329. — {#ud#}, {#utsakta#} MBH. 1,5545 Lesart der ed. Bomb.</"
PWG-L61405-MBH1.5573,1,5573,mUzaka,zu lesen,high,,none,,unresolvable,none,,"zu lesen ist). ŚABDAR._im_ŚKDR. VS. 24,36. MBH. 1,5573. SU"
PWG-L114358-MBH1.5792,1,5792,sparSa,fehlerhaft,high,,none,,unresolvable,none,,"d. Oxf. H. 104,b,"">36. — m〉 fehlerhaft für {#spaSa#} MBH. 1,5792. MED. ś. 15. — 3〉 f. {#"
PWG-L114394-MBH1.5792,1,5792,spaSa,st.,medium,,none,,unresolvable,none,,"taH spaSaH#} (so st. {#spfSaH#} zu lesen) M. 8,116. MBH. 1,5792 ({#sparSa#} ed. Cal"
PWG-L81985-MBH1.5912,1,5912,yAmana,zu lesen,high,,none,,unresolvable,none,,"{#yAmana#}¦ scheinbar HIḌ. 1,38, wo aber mit MBH. 1,5912 {#yAvimO#} st. {#yAmanO#} zu lesen ist."
PWG-L81985-MBH1.5912,1,5912,yAmana,st.,medium,,none,,unresolvable,none,,"{#yAmana#}¦ scheinbar HIḌ. 1,38, wo aber mit MBH. 1,5912 {#yAvimO#} st. {#yAmanO#} zu lesen ist."
PWG-L79775-MBH1.5936,1,5936,Penin,fehlerhaft,high,,none,,unresolvable,none,,"naM ruDiraM bahu#} HIḌ. 2,11 fehlerhaft für {#PenilaM#}, wie MBH. 1,5936 gelesen wird."
PWG-L36606-MBH1.5974,1,5974,DAman,zu lesen,high,,none,,unresolvable,none,,"ragDAmaSoBo#} (viell. {#˚sragdAma˚#} zu lesen; vgl. MBH. 1,5974 und 2. {#DAman#}) {#'Bavat#} <ls"
PWG-L106193-MBH1.6153,1,6153,saMbanDa,zu lesen,high,,none,,unresolvable,none,,"age7-0750] (so ist zu lesen) M. 2,40. 4,244. MBH. 1,6153. R. GORR. 1,19,4."
PWG-L86404-MBH1.6391,1,6391,lip,st.,medium,,none,,unresolvable,none,,AvalimpamAnAH#}
PWG-L101517-MBH1.6392,1,6392,SrA,fehlerhaft,high,,none,,unresolvable,none,,",4. {#Srapita#} P. 6,1,27, Vārtt. MBH. 1,6392. Vgl. {#SrapaRa#} fg. und {#SrApin#}. — {#aDi#}, partic. {#˚Sfta#} fehlerhaft für {#˚Srita#}; s. u. 1. {#Sri#}. — {#A#}, partic.</ab"
PWG-L113928-MBH1.6437,1,6437,sTA,fehlerhaft,high,,none,,unresolvable,none,,"({#prAti˚#} fehlerhaft für {#prati˚#}). act.: {#pratasTuH#} MBH. 1,6437. {#prAtizWat#} <ls n="""
PWG-L106590-MBH1.6441,1,6441,sarp,fehlerhaft,high,,none,,unresolvable,none,,"=""p"">— {#samupa#} {%herantreten zu%} (acc.</a"
PWG-L106590-MBH1.6450,1,6450,sarp,fehlerhaft,high,,none,,unresolvable,none,,"rantreten zu%} (acc.), {%sich nähern%} MBH. 1,6441. 6450. R. 4,58,11. — {#vini#} ĀŚV. ŚR. 6,12,2 (in der gedr. Ausg.) fehlerhaft für {#vinis#}. [Page7-0807] — {#nis#} {%hinausschleichen%} ŚĀṄKH. ŚR. 6"
PWG-L62616-MBH1.6465,1,6465,agnivESya,fehlerhaft,high,,none,,unresolvable,none,,"{#agnivESya#}¦ fehlerhaft für {#˚veSya#}; vgl. MBH. 1,6465. HARIV. 9575."
PWG-L36457-MBH1.6502,1,6502,DarzaRa,lies,high,,none,,unresolvable,none,,"s> (lies {#DarzaRaM#} st. {#DaraRaM#}). MED. ṇ. 55. MBH. 1,6502. <ls n="
PWG-L36457-MBH1.6502,1,6502,DarzaRa,st.,medium,,none,,unresolvable,none,,"s> (lies {#DarzaRaM#} st. {#DaraRaM#}). MED. ṇ. 55. MBH. 1,6502. 7761."
PWG-L116719-MBH1.6566,1,6566,hA,st.,medium,,none,,unresolvable,none,,"i prajahanti#} (des Metrums wegen st. {#prajahati#}) {#mAm#} MBH. 1,6566. {#(tAn) kzamA lakzmISca DarmaSca nacirA"
PWG-L88840-MBH1.6684,1,6684,vaSa,st.,medium,Bomb,none,,unresolvable,none,,"g〉 pl. N. pr. eines Volkes AIT. BR. 8,14. MBH. 1,6684. {#bahUn#} st. {#vaSAn#} ed. Bomb. — 2〉 adj. (f. {#A#}) {"
PWG-L86899-MBH1.6730,1,6730,lolupa,st.,medium,Bomb,none,,unresolvable,none,,"— 2〉 f. {#A#} {%Begierde, Verlangen%}: {#atra#} MBH. 1,6730. st. {#nAsti#} ({#nAsi#} ed. Bomb.) {#lolupaH#} 12,12308 ist w"
PWG-L24407-MBH1.6818,1,6818,cakzuza,fehlerhaft,high,,none,,unresolvable,none,,"s adj. comp. = {#cakzus#} {%Auge%}: {#sacakzuza#} {%sehend%} MBH. 1,6818. — 2〉 m. N. pr. des Vaters des Manu Cākṣuṣa VP. 98. Wohl nur fehlerhaft für {#cakzus#}."
PWG-L37864-MBH1.6940,1,6940,nartaka,druckfehler,high,,none,,unresolvable,none,,"an. = {#cAraRa#} MED. Häufig in Verbindung mit {#nawa#} MBH. 1,"
PWG-L62070-MBH1.6988,1,6988,mezasaMDi,fehlerhaft,high,,none,,unresolvable,none,,"{#mezasaMDi#}¦ MBH. 1,6988 fehlerhaft für {#meGa˚#}."
PWG-L115043-MBH1.7015,1,7015,svaBAva,zu lesen,high,,none,,unresolvable,none,,". UP. 5,"">5. M. 9,16. {#kfzR"
PWG-L45294-MBH1.7151,1,7151,pitfzvasar,fälschlich,medium,,none,,unresolvable,none,,">. AK. 2,6,1,25. Ind. St. 5,299. M. 2,131. MBH. 1,7151 (fälschlich {#pitfsva˚#}) 2,23. 1514. 1517</ls"
PWG-L44414-MBH1.7164,1,7164,pAdAntara,st.,medium,,none,,unresolvable,none,,"fernung eines Fusses%}: {#˚re#} {%unmittelbar neben%} (gen.) MBH. 1,7164. {%nach Machung eines Schrittes%} ŚĀK. CH. 16,1. 59,3. 65,3. Die andere Recension hat st. dessen {#padAntare#}, doch erscheint "
PWG-L82187-MBH1.7343,1,7343,yuj,zu lesen,high,Bomb,none,,unresolvable,none,,"v"">— Vgl. {#a˚, aruRa˚, arSo˚, aSva˚, fta˚, caturyuj#} (auch MBH. 1,7343, wo mit der ed. Bomb. {#˚ryujAM#} st. {#˚ryugAM#} zu lesen ist), {#duryuj, Darma˚, nitya˚, puM˚, prAtaryuj#} (hier auch mit act"
PWG-L82187-MBH1.7343,1,7343,yuj,st.,medium,Bomb,none,,unresolvable,none,,"v"">— Vgl. {#a˚, aruRa˚, arSo˚, aSva˚, fta˚, caturyuj#} (auch MBH. 1,7343, wo mit der ed. Bomb. {#˚ryujAM#} st. {#˚ryugAM#} zu lesen ist), {#duryuj, Darma˚, nitya˚, puM˚, prAtaryuj#} (hier auch mi"
PWG-L39805-MBH1.7410,1,7410,nivarhaRa,zu lesen,high,,none,,unresolvable,none,,"lgen%} AK. 2,8,2,81."
PWG-L89481-MBH1.7488,1,7488,vAcya,zu lesen,high,,none,,unresolvable,none,,"/ls>. 47,25. mit einem <a"
PWG-L40438-MBH1.7584,1,7584,nIpa,zu lesen,high,,none,,unresolvable,none,,". a. O. (wo {#banDule#} st. {#veDuni#} zu lesen ist). — MBH. 1,7584. 3,11569. R. 2,94,9 (<ls n=""R. 2,"
PWG-L40438-MBH1.7584,1,7584,nIpa,st.,medium,,none,,unresolvable,none,,". a. O. (wo {#banDule#} st. {#veDuni#} zu lesen ist). — MBH. 1,7584. 3,11569. R."
PWG-L91229-MBH1.7641,1,7641,vijaya,zu lesen,high,Bomb,none,,unresolvable,none,,"ĀG. P. 9,11,13. {#trElokya˚#} [Page6-1020] MBH. 1,7625. 7641. R. 1,46,14 ({#putra#} mit der ed. Bomb. zu lesen). 4,10,4. {#pfTivI˚#} MBH. 4,137. KATHĀS. 17,47. {#viSv"
PWG-L114781-MBH1.7669,1,7669,sruva,fehlerhaft,high,Calc,none,,unresolvable,none,,"ls>Verz. d. B. H. 91,1. M. 5,117. YĀJÑ. 1,183. MBH. 1,7669 ({#srava#} ed. Calc. fehlerhaft). 3,8747. 10049. 10295. <ls n"
PWG-L106699-MBH1.7717,1,7717,sarvakAmya,fehlerhaft,high,,none,,unresolvable,none,,"AR. 4,3,25. SUND. 4,7 fehlerhaft für {#sarvakAma#}, wie MBH. 1,7717 gelesen wird."
PWG-L57699-MBH1.7727,1,7727,manyu,zu lesen,high,,none,,unresolvable,none,,"er Wuth entgegen (Nothhilfe)%} M. 8,351. {#tO manyurAviS"
PWG-L62164-MBH1.7879,1,7879,mokzay,st.,medium,,none,,unresolvable,none,,"ls>R. GORR. 1,64,10. 11. {#mokzita#} MBH. 1,7879. HARIV. 9059 ({#mokzituM#} st. {#mokzituM#} die neuere Ausg.). MIT. 268,2. {%befreien, erlösen%}"
PWG-L58872-MBH1.7916,1,7916,mahArava,st.,medium,,none,,unresolvable,none,,"3755. — 2〉 m. N. pr. eines Mannes MBH. 1,7916. eines Daitya HARIV. 12697 (die ältere Ausg. liest {#mahAbala#} st. dessen; LANGLOIS II, 392 wie die neuere Ausg.)."
PWG-L82186-MBH1.7948,1,7948,yuj,fehlerhaft,high,Bomb,none,,unresolvable,none,,"\jre#} 5,58,7. 10,44,7. {#AyuYjan#} MBH. 1,7948 fehlerhaft für {#ayuYjan#}, wie die ed. Bomb. hat. — 2〉 med. {%anlegen,"
PWG-L108152-MBH1.7965,1,7965,sAtvata,fehlerhaft,high,,none,,unresolvable,none,,"ungenau, da dieses häufig daneben erscheint) TRIK. 2,1,10. — <l"
PWG-L99221-MBH1.8033,1,8033,Sikz,fehlerhaft,high,,none,,unresolvable,none,,"v n=""p"">— {#aBi#} caus. {%Etwas%} (acc.) {%lehren%} MBH. 1,8033. mit doppeltem acc. HARIV. 4910. — {#A#} s. {#ASikzA#}. {#ASikzita#} KĀM. NĪTIS. 11,30 fehlerhaft für {#aSikzita#}. — {#upa#} 1〉 {%versu"
PWG-L115989-MBH1.8300,1,8300,han,fehlerhaft,high,Bomb,none,,unresolvable,none,,""">7,5816. 8,4556. — partic. {#˚hata#} 1,8300 fehlerhaft für {#˚hita#}, wie die ed. Bomb. liest. Vgl. {#saMnihatI#} fg."
PWG-L98980-MBH1.8346,1,8346,SArNgika,st.,medium,,none,,unresolvable,none,,"{#SArNgika#}¦ m. = {#SArNgaka#} MBH. 1,8346. auch wohl MĀRK. P. 15,28, wenn {#SArNgikaH#} st. {#SArNgike#} gelesen wird. {#SArNgikA#} s. u. {#SArNgaka#}."
PWG-L94755-MBH1.8350,1,8350,vfti,fehlerhaft,high,Bomb,none,,unresolvable,none,,"3. {#vfti#}¦ fehlerhaft für {#vftti#} MBH. 1,8350 ({#vftti#} ed. Bomb.). RĀJA-TAR. 5,193</l"
PWG-L32399-MBH1.8437,1,8437,dA,fälschlich,medium,,none,,unresolvable,none,,"ĀṄKH. GṚHY. 2,12. {#parIta#} fälschlich st. {#parItta#} MBH. 1,8437. 14,1558. — caus.</ab"
PWG-L32399-MBH1.8437,1,8437,dA,st.,medium,,none,,unresolvable,none,,"ĀṄKH. GṚHY. 2,12. {#parIta#} fälschlich st. {#parItta#} MBH. 1,8437. 14,1558. — caus. {%über"
PWG-L86010-MBH1.8443,1,8443,lamb,st.,medium,,none,,unresolvable,none,,itvA ca BAvyarTe yo 'valambeta#} ({#'
PWG-L77943-MBH10.80,10,80,pad,lies,high,,none,,unresolvable,none,,"RAM dakzARAM dEvavarjitam . aPalaM dfSyate loke samyagapyupapAditam#} MBH. 10,80. SARVADARŚANAS. 91,4. 92,18. — 4〉 lies {%darthun, beweisen%} und füge hinzu SARVARŚANAS. 61,13. 73"
PWG-L33633-MBH10.83,10,83,durdaSA,zu lesen,high,,none,,unresolvable,none,,"mme Lebenslage, Unglück%} KATHĀS. 23,27. — Statt {#durdaSO#} MBH. 10,83 ist {#durdfSO#} zu lesen."
PWG-L86295-MBH10.84,10,84,lAlasa,st.,medium,Bomb,none,,unresolvable,none,,"Mal%} ⏑ ⏑ ⏑ ⏑ ⏑ ⏑ – ⏑ – –, ⏑ – – ⏑ – – ⏑ – Ind. St. 8,397. — MBH. 10,84 ist mit der ed. Bomb. {#nAlasaH#} st. {#lAlasaH#} zu lesen; 7,3383 hat die ed. Bomb. {#SucIn ja"
PWG-L95614-MBH10.116,10,116,vEkfti,fehlerhaft,high,Bomb,none,,unresolvable,none,,"{#vEkfti#}¦ f. in {#vudDi˚#} MBH. 10,116 fehlerhaft für {#˚vEkfta#} n., wie die ed. Bomb. liest."
PWG-L107857-MBH10.344,10,344,sA,fälschlich,medium,,none,,unresolvable,none,,"At#} {%voraussetzend%} so v. a. {%haltend [Page7-0884] für%} 10,344. {%fälschlich voraussetzen%} SĀH. D. 286,7. — 5〉 pass. {%sich mit Gewisshe"
PWG-L105746-MBH10.357,10,357,samitar,fehlerhaft,high,,none,,unresolvable,none,,"{#samitar#}¦ MBH. 10,357 fehlerhaft für {#Samitar#} {%Schlächter%}."
PWG-L55779-MBH10.392,10,392,BErava,st.,medium,Bomb,none,,unresolvable,none,,"H. 1,"">6278. 4,1525. 4,1525. 10,392 (die ed. Bomb. liest {#ravAn#} st. {#raRe#}). HIḌ. 4,20. R. 6,9,21. VARĀH. BṚH. S. 30,6. {#B"
PWG-L60915-MBH10.785,10,785,muYjavant,falsch,medium,,none,,unresolvable,none,,et. — b〉 N. pr. eines Berges im Himālaya MBH. 10
PWG-L109138-MBH10.7329,10,7329,sic,fehlerhaft,high,,none,,unresolvable,none,,sser den unter {#saYj#} mit {#vyati#} erwähnten Stellen (st. <
PWG-L109138-MBH10.7329,10,7329,sic,st.,medium,,none,,unresolvable,none,,"sser den unter {#saYj#} mit {#vyati#} erwähnten Stellen (st. MBH. 10,7329 ist 13,7329 zu lesen) auch HARIV. 11799<"
PWG-L55050-MBH11.97,11,97,Buj,zu lesen,high,,none,,unresolvable,none,,aM dvayam#} <l
PWG-L113928-MBH11.113,11,113,sTA,zu lesen,high,,none,,unresolvable,none,,"(wohl {#vudDyAM#} st. {#vudDyA#} zu lesen). {#DyAna˚#} MBH. 11,113. {#jYAna˚#} 14,1343. R. GORR. 1,3"
PWG-L113928-MBH11.113,11,113,sTA,st.,medium,,none,,unresolvable,none,,"(wohl {#vudDyAM#} st. {#vudDyA#} zu lesen). {#DyAna˚#} MBH. 11,113. {#jYAna˚#} 14,13"
PWG-L38716-MBH11.140,11,140,niketa,zu lesen,high,,none,,unresolvable,none,,"HĀG. P. 1,4,11. {#˚ja#} {%am Wohnorte%} (der Bienen) {%erzeugt%} MBH. 11,140 (es ist wohl {#˚jam#} zu lesen) neutr. 3,10661. VĀYU-P._bei_MUIR, Sanskrit Tex"
PWG-L83677-MBH11.693,11,693,raSanA,fehlerhaft,high,,none,,unresolvable,none,,rieben; die Bomb. Au
PWG-L83677-MBH11.693,11,693,raSanA,lies,high,,none,,unresolvable,none,,"rieben; die Bomb. Ausgg. des MBH. (mit Ausnahme von 11,693), R. und BHĀG. P. aber haben regelmässig {#Sa#}. — Vgl. {#nIrasana#} (lies {#nIraSana#}) und {#vAta˚#}."
PWG-L83677-MBH11.693,11,693,raSanA,fälschlich,medium,,none,,unresolvable,none,,rieben; die Bomb. Ausgg. des MBH. (mit Ausnahme von <ls
PWG-L35359-MBH12.276,12,276,dru,fehlerhaft,high,,none,,unresolvable,none,,"tic. {#atidruta#} VS. 19,3. fehlerhaft für {#aBidruta#} MBH. 12,276. — {#aDi#} {%bespringen, belegen%}: {#vf"
PWG-L89479-MBH12.535,12,535,vAcCalya,fehlerhaft,high,Bomb,none,,unresolvable,none,,"{#vAcCalya#}¦ MBH. 12,535 fehlerhaft für {#vAkCalya#} ({#vAkSalya#} ed. Bomb.)."
PWG-L98303-MBH12.535,12,535,Salya,zu lesen,high,Bomb,none,,unresolvable,none,,"pr. (II) 236. 1549. MBH. 3,1355. 12,535 (so zu lesen mit der ed. Bomb. st. {#vAcCalya#} der ed. Calc.). R. GORR"
PWG-L98303-MBH12.535,12,535,Salya,st.,medium,Bomb,none,,unresolvable,none,,"pr. (II) 236. 1549. MBH. 3,1355. 12,535 (so zu lesen mit der ed. Bomb. st. {#vAcCalya#} der ed. Calc.). R. GORR. 2,9,36."
PWG-L35124-MBH12.938,12,938,dOzmanti,lies,high,,none,,unresolvable,none,,"an. 3,283 (lies {#dOzmantO#}). MED. t. 138. MBH. 12,938. ŚĀK. CH. 89,3."
PWG-L98366-MBH12.999,12,999,SaSabindu,fälschlich,medium,,none,,unresolvable,none,,"30. pl. {%seine Nachkommenschaft%} MBH. 2,338. 12,999. R. 1,70,28. 2,110,16 (119,16 GORR. fälschlich {#SaSi˚#} SCHL. an beiden Stellen). — 2〉 ein N. Viṣṇu</i"
PWG-L97001-MBH12.1061,12,1061,SaMs,zu lesen,high,Bomb,none,,unresolvable,none,,"BH."">2,2622. 3,2905. 5,7515. 12,1061 ({#hfcCayaM#} mit der ed. Bomb. st. {#hfdayaM#} zu lesen). R. 1,1,58. 2,35,20. R. GORR. 1,9,28. <ls n=""R. GORR."""
PWG-L97001-MBH12.1061,12,1061,SaMs,st.,medium,Bomb,none,,unresolvable,none,,"BH."">2,2622. 3,2905. 5,7515. 12,1061 ({#hfcCayaM#} mit der ed. Bomb. st. {#hfdayaM#} zu lesen). R. 1,1,58. 2,35,20. R. GORR. 1,9"
PWG-L101360-MBH12.1210,12,1210,SyAvadant,zu lesen,high,Bomb,none,,unresolvable,none,,", wo übrigens die Form {#SyAvada#} in den Text aufgenommen ist). MBH. 12,1210 ({#˚dannapi#} mit der ed. Bomb. zu lesen)."
PWG-L96917-MBH12.1336,12,1336,vratika,fehlerhaft,high,,none,,unresolvable,none,,": {#a˚#} {%für den es kein Gelübde%} u. s. w. {%giebt%} MBH. 12,1336. {#umA˚#} n. HARIV. 7820 fehlerhaft für {#˚vrataka#}, wie die neuere Ausg. liest. — Vgl. {#cAndr"
PWG-L41796-MBH12.1510,12,1510,pataMga,lies,high,,none,,unresolvable,none,,"iv n=""2"">— h〉 unter den Bein"
PWG-L41796-MBH12.1510,12,1510,pataMga,st.,medium,,none,,unresolvable,none,,"iv n=""2"">— h〉 unter den Beinamen Kṛṣṇa</i"
PWG-L101574-MBH12.1799,12,1799,Sri,fehlerhaft,high,Bomb,none,,unresolvable,none,,"iv n=""1"">— 3〉 n. s. bes. — 4〉 MBH. 12,1799 fehlerhaft für {#pariSruta#}, wie die ed. Bomb. liest; ĀŚV. GṚHY. 2,8,16 wohl für"
PWG-L87496-MBH12.2036,12,2036,vaYcana,zu schreiben,high,,none,,unresolvable,none,,"RĀJA-TAR. 1,237. 6,139."
PWG-L76490-MBH12.2260,12,2260,Darma,st.,medium,Bomb,none,,unresolvable,none,,"{#Darma#}¦ Z. 2. fg. MBH. 12,2260 liest die ed. Bomb. {#sarvaM#} st. {#DarmaM#}, 9232 {#DarmyARi#} st. {#DarmARi#}; über {"
PWG-L89907-MBH12.2325,12,2325,vAnaprasTa,fälschlich,medium,,none,,unresolvable,none,,">MED. m. 39. {#viDi#} HARIV. 7985. R. 3,18,31. MBH. 12,2325. MĀRK. P. 16,3. 44,38. 135,11. — Hier und da fälschlich {#vARa˚#} geschrieben."
PWG-L63522-MBH12.2383,12,2383,anu,st.,medium,,none,,unresolvable,none,,: {#ftavaScApi taTA dinaniSe 'pyanu#
PWG-L113992-MBH12.2431,12,2431,sTApya,zu lesen,high,,none,,unresolvable,none,,"/ls>. — d〉 {%fest —, im Zaum zu halten%}: {#dasyujIvin"
PWG-L99198-MBH12.2691,12,2691,SAsya,fehlerhaft,high,Bomb,none,,unresolvable,none,,"weisen%}: {#a\Bi\pi\tve mana^ve\ SAsyo^ BUH#} ṚV. 1,189,7. — MBH. 12,2691. fehlerhaft für {#sasya#}, wie die ed. Bomb. liest."
PWG-L73215-MBH12.2874,12,2874,grAmayAjaka,lies,high,,none,,unresolvable,none,,"g sind oder nicht, aus Habgier"
PWG-L75494-MBH12.3241,12,3241,danDvana,st.,medium,Bomb,none,,unresolvable,none,,"ens. von 2. {#Dvan#}) m. {%eine Art Rohr%} MBH. 12,3241 nach der Lesart der ed. Bomb. st. {#banDana#} der ed. Calc."
PWG-L44343-MBH12.3305,12,3305,pAdapa,lies,high,,none,,unresolvable,none,,HALĀY. 2
PWG-L44343-MBH12.3305,12,3305,pAdapa,st.,medium,,none,,unresolvable,none,,"HALĀY. 2,22. {#maDu"
PWG-L39105-MBH12.3319,12,3319,niyAmana,fehlerhaft,high,,none,,unresolvable,none,,"lerhaft für {#niyamana#} {%das Bändigen, Bezwingen, im-Zaume-Halten%} MBH. 12,3319."
PWG-L88517-MBH12.3339,12,3339,vartavya,fehlerhaft,high,Bomb,none,,unresolvable,none,,"{#vartavya#}¦ MBH. 12,3339 fehlerhaft für {#kartavya#} (so die ed. Bomb.), 13."
PWG-L113665-MBH12.3606,12,3606,stu,fehlerhaft,high,Bomb,none,,unresolvable,none,,"VOP. 8,45. 9,53. — {#nizwavan#} MBH. 12,3606 fehlerhaft für {#nizwanan#} (so ed. Bomb.). — {#pari#}, {#˚zwOti, paryazwOt#} un"
PWG-L94815-MBH12.3660,12,3660,vftra,fehlerhaft,high,Calc,none,,unresolvable,none,,">. {#valavftrO#} 3,12073. 5,7024. 12,3660 (fehlerhaft {#vftta#} ed. Calc.). HARIV. 2286. 7302. <ls n=""HAR"
PWG-L114339-MBH12.3881,12,3881,spand,fehlerhaft,high,Bomb,none,,unresolvable,none,,"anda#} und vgl. {#syand#} mit {#ni#}. — {#aBini#} MBH. 12,3881 fehlerhaft für {#˚syand#} (so ed. Bomb.). — {#pari#} act. {%zusammenfah"
PWG-L96445-MBH12.3910,12,3910,vyasana,zu lesen,high,Bomb,none,,unresolvable,none,,"ls>RĀJA-TAR. 6,153. {#a˚#} adj. YĀJÑ. 1,309. MBH. 12,3910 ({#'vya˚#} mit der ed. Bomb. zu lesen). {#vIta˚#}. adj. Spr. 2882. — 5〉 {%Missgeschick, Widerwär"
PWG-L96446-MBH12.3910,12,3910,vyasana,fehlerhaft,high,,none,,unresolvable,none,,"a#}¦ adj. HARIV. 7915 fehlerhaft für {#vyaSana#}, MBH. 12,3910 für {#'vyasana#}."
PWG-L81526-MBH12.4010,12,4010,yam,zu lesen,high,Bomb,none,,unresolvable,none,,"MBH. 1,8087. 3,14024. 4,132. 12,4010. ({#amftaM#} st. {#anftaM#} mit der ed. Bomb. zu lesen). 13,676. R. 2,7,7. R. GORR. 2,109,33. Spr. 4895<"
PWG-L81526-MBH12.4010,12,4010,yam,st.,medium,Bomb,none,,unresolvable,none,,"MBH. 1,8087. 3,14024. 4,132. 12,4010. ({#amftaM#} st. {#anftaM#} mit der ed. Bomb. zu lesen). 13,676. R. 2,"
PWG-L91473-MBH12.4010,12,4010,vitaTa,falsch,medium,,none,,unresolvable,none,,"(s. auch bes.) {%nicht unwahr, ganz wahr, r"
PWG-L101574-MBH12.4102,12,4102,Sri,fehlerhaft,high,Bomb,none,,unresolvable,none,,"bescheiden%} (vgl. {#praSrita#}) oder {%passend%}: {#vAkya#} MBH. 12,4102. — 9〉 fehlerhaft für {#saMSita#} MBH. 12,10898 ({#susaMSita#} ed. Bomb.). Verz. d. O"
PWG-L58760-MBH12.4263,12,4263,mahAmati,zu lesen,high,,none,,unresolvable,none,,"2,"">14128. 5,5979. 7067. 12,4263 (wo vielleicht {#mahAmate#}: zu lesen ist; GILD. in der 2ten Ausg. von LA. fasst {#mahAmate#} als <a"
PWG-L93196-MBH12.4263,12,4263,viS,fehlerhaft,high,,none,,unresolvable,none,,"nfache {#upavizwa#} in derselben Bed. MBH. 12,4258. 4263. BHAṬṬ. 7,75. — 8〉 {#upaviSya#} HARIV. 4568 in beiden Ausgg. fehlerhaft für {#upaveSya#}. — Vgl. {#upaveSa#} fg., {#upaveSin, prAyop"
PWG-L55960-MBH12.4284,12,4284,Bram,zu lesen,high,,none,,unresolvable,none,,"ramAmahe#} R. 4,49,9. 5,32,30. {#Bramam"
PWG-L72486-MBH12.4287,12,4287,gaRay,zu lesen,high,Bomb,none,,unresolvable,none,,"tAm#} Spr. 114. — 5〉 Spr. 74. mit {#na#} MBH. 12,4287 (wo mit der ed. Bomb. {#vanyaM#} für {#vanaM#} zu lesen ist, wie schon GILDEMEISTER_in_LA. (II) 46,21 verbessert hat). Spr."
PWG-L105320-MBH12.4287,12,4287,samanvaya,st.,medium,Bomb,none,,unresolvable,none,,"tisamanvayAt#} so v. a. {%in Folge von%} MBH. 2,47. 12,4287 ({#vanyaM#} st. {#vanaM#} mit der ed. Bomb. zu lesen). 1,5080 v. l.</"
PWG-L115157-MBH12.4297,12,4297,svayoni,fehlerhaft,high,Bomb,none,,unresolvable,none,,"Mutterleib der eigenen Kaste%} M. 10,27. fg. — {#svayonija#} MBH. 12,4297 fehlerhaft für {#Sva˚#} (so ed. Bomb.)."
PWG-L95597-MBH12.4361,12,4361,vEkalpa,fehlerhaft,high,,none,,unresolvable,none,,"{#vEkalpa#}¦ M. 8,95. MBH. 12,4361 und RĀJA-TAR. 3,277 fehlerhaft für {#vEkalya#}."
PWG-L106410-MBH12.4475,12,4475,sar,fehlerhaft,high,,none,,unresolvable,none,,"(als Erkl. von {#apa-DAv#}). — 4〉 {#so'pasftya#} MBH. 12,4475. HARIV. 3652 fehlerhaft für {#sopa˚#} d. i. {#sa upa˚#}. — Vgl. {#apasara#} fg.<"
PWG-L100034-MBH12.4619,12,4619,SIla,fehlerhaft,high,,none,,unresolvable,none,,"ls>. adj. {%schlechten Gewohnheiten fröhnend, unsittlich%} MBH. 12,4619. R. 3,40,16. KIR. 11,25. MĀRK. P. 20,24. — 4〉 pl. Spr. (II) 4116 wohl fehlerhaft für {#Silpa#}. — Vgl. {#akarma˚, Arya˚, kiM˚#} "
PWG-L117355-MBH12.4662,12,4662,hfda,fehlerhaft,high,Bomb,none,,unresolvable,none,,"{#hfda#}¦ = {#hfd#} in {#su˚#}. {#hfdaH#} MBH. 12,4662 fehlerhaft für {#hradaH#} (so ed. Bomb.)."
PWG-L62915-MBH12.4840,12,4840,ati,fehlerhaft,high,,none,,unresolvable,none,,"manye balAdDarmaH pravartate#} {%Gewalt, meine ich, geht über Recht%} MBH. 12,4840. Vielleicht fehlerhaft für {#aDi#}."
PWG-L52045-MBH12.4841,12,4841,balvI,fehlerhaft,high,Bomb,none,,unresolvable,none,,"{#balvI#}¦ MBH. 12,4841 fehlerhaft für {#vallI#}, wie die ed. Bomb. hat."
PWG-L88813-MBH12.4841,12,4841,valli,st.,medium,Calc,none,,unresolvable,none,,"#vallI vezwayate vfkzaM sarvataScEva gacCati#} MBH. 12,6833. 4841 ({#balvIva#} st. {#vallIva#} ed. Calc.). Spr. 3528. 5305. {#latA"
PWG-L16114-MBH12.4870,12,4870,kANkz,zu lesen,high,,none,,unresolvable,none,,"erwarten, lauern auf%}: {#ihEva PalamAsInaH pratyAkANkzeta"
PWG-L31483-MBH12.5003,12,5003,tvar,zu lesen,high,,none,,unresolvable,none,,"ya nAtitvarase#} (so zu lesen, wie schon BENFEY bemerkt hat) MBH. 12,5003. {#yAvattvaM na vanaM yAtaH"
PWG-L98457-MBH12.5067,12,5067,Sas,fehlerhaft,high,Bomb,none,,unresolvable,none,,"n=""p"">— {#pra#} s. {#praSas#}. partic. {#praSasta#} MBH. 12,5067 in der Bed. {%verschwunden%} fehlerhaft für {#praDvasta#}, wie die ed. Bomb. liest. — {#vi#} {%zerschneiden,"
PWG-L70680-MBH12.5292,12,5292,kAzAya,lies,high,Bomb,none,,unresolvable,none,,"{#kAzAya#}¦ {%ein rothes Gewand%} MBH. 2,675 und 12,5292 (Spr. 3615) nach der Lesart der ed. Bomb. ({#kazAya#} ed. Calc.). Spr. 3661. Z. 3 lies {#nraktAni#} st. {#traktAni#}."
PWG-L70680-MBH12.5292,12,5292,kAzAya,st.,medium,Bomb,none,,unresolvable,none,,"{#kAzAya#}¦ {%ein rothes Gewand%} MBH. 2,675 und 12,5292 (Spr. 3615) nach der Lesart der ed. Bomb. ({#kazAya#} ed. Calc.). Spr. 3661. Z. 3 lies {#nraktAni#} st. {#traktAni#}."
PWG-L76644-MBH12.5334,12,5334,DUmaka,fehlerhaft,high,,none,,unresolvable,none,,"DUmaka#}¦ 3〉 auch {%Nebel, Dünste%} ({#avaSyAya#}) NĪLAK._zu_MBH. 12,5334. — Z. 2 vom Schluss, {#DUmikA#} MED. k. 134 fehlerhaft für {#BUmikA#}."
PWG-L48047-MBH12.5464,12,5464,praRASin,fälschlich,medium,,none,,unresolvable,none,,". {#pApa˚#} 3,6054. 8110. 12,5464. R. 1,44,34. Spr. 968. Fälschlich {#˚nASinI#} Verz. d. Oxf. H. 7,b,4 v. u. Ueberall f. und am Ende eine"
PWG-L105531-MBH12.5870,12,5870,samAtman,st.,medium,Bomb,none,,unresolvable,none,,"{#samAtman#}¦ adj. dass. MBH. 12,5870. {#mahAtmano#} (sic) st. {#samAtmAno#} ed. Bomb.; die richtige Lesart ist wohl {#mahAtmAno#}."
PWG-L114037-MBH12.6138,12,6138,sTiti,fehlerhaft,high,Bomb,none,,unresolvable,none,,"s>. — 23〉 fehlerhaft für {#sTala#} (so ed. Bomb.) MBH. 12,6138. — Vgl. {"
PWG-L112939-MBH12.6143,12,6143,somava,fehlerhaft,high,Bomb,none,,unresolvable,none,,". pl. N. pr. eines Ṛṣi — Geschlechts MBH. 12,6143 nach der Lesart der ed. Bomb. wohl nur fehlerhaft für {#somapa#} der ed. Calc."
PWG-L50007-MBH12.6144,12,6144,praSni,fehlerhaft,high,,none,,unresolvable,none,,"N. pr. eines Ṛṣi-Geschlechts MBH. 12,774. 6144. Fehlerhaft für {#pfSni#}."
PWG-L33505-MBH12.6203,12,6203,durAsada,zu lesen,high,,none,,unresolvable,none,,". a〉 myst. Bez. des {%Schwertes%} MBH. 12,6203; vgl. H. ś. 143, wo st. {#kurAsada#} so zu lesen ist. — b〉 N. pr.: {#durAsadopAKyAna, ˚jaya#} GAṆEŚA-P._in_<l"
PWG-L33505-MBH12.6203,12,6203,durAsada,st.,medium,,none,,unresolvable,none,,". a〉 myst. Bez. des {%Schwertes%} MBH. 12,6203; vgl. H. ś. 143, wo st. {#kurAsada#} so zu lesen ist. — b〉 N. pr.: {#durAsadopAKyAna, ˚j"
PWG-L113928-MBH12.6244,12,6244,sTA,zu lesen,high,,none,,unresolvable,none,,. — c〉 {%be
PWG-L90578-MBH12.6349,12,6349,vAsay,fehlerhaft,high,Bomb,none,,unresolvable,none,,"˚vAsya#}. — {#aBi#}, {#˚vAsita#} {%wohlriechend gemacht%} MBH. 12,6349 fehlerhaft für {#aDivAsita#}, wie die ed. Bomb. liest. — {#A#} {%mit Wohlgeruch"
PWG-L61982-MBH12.6524,12,6524,meDAvin,fehlerhaft,high,,none,,unresolvable,none,,"rhaft für {#mADavI#}. — c〉 N. pr. eines Brahmanen MBH. 12,6524. <l"
PWG-L60883-MBH12.6573,12,6573,muc,st.,medium,,none,,unresolvable,none,,"natyAgAt#} {%der nicht in den Fall kommt Reichthümer zu verschenken%} MBH. 12,6573. st. des abl. auch der instr.: {#mahato 'pyenaso mAsAttvacevAhirvimucya"
PWG-L91583-MBH12.6603,12,6603,vid,fälschlich,medium,,none,,unresolvable,none,,"."">1,4,12. 4,13,48. MBH. 12,3854. 6603. NAIṢ. 3,128. partic. {#nirviRa#} (bisweilen fälschlich {#nirvinna#} geschrieben) P. 8,4,29, Vārtt. VOP. 26,88"
PWG-L33706-MBH12.6747,12,6747,durBikza,fälschlich,medium,,none,,unresolvable,none,,"n. {%Hungersnoth%} M. 8,22. YĀJÑ. 2,147. MBH. 12,6747 (das eine Mal fälschlich {#durBikzya#}). R. 1,1,87. 2,110,10. VARĀH. BṚH. S. 3,6. fgg"
PWG-L25333-MBH12.6854,12,6854,cikkaRa,fälschlich,medium,,none,,unresolvable,none,,"chlüpfrig%} Uṇ. 4,177. AK. 2,9,46. H. 413. MBH. 12,6854. fälschlich {#cikvaRa#} 14,1416. SUŚR. 2,176,14. im Prākrit: {#ta"
PWG-L95554-MBH12.6867,12,6867,vezw,fehlerhaft,high,Bomb,none,,unresolvable,none,,"%quidam coeundi modus%} diess. — 6〉 {#vezwayate#} MBH. 12,6867 fehlerhaft für {#cezwayate#}, wie die ed. Bomb. liest; {#vezwitO#} R. 4,8,44 fehle"
PWG-L95554-MBH12.6867,12,6867,vezw,fehlerhaft,high,Bomb,none,,unresolvable,none,,"%quidam coeundi modus%} diess. — 6〉 {#vezwayate#} MBH. 12,6867 fehlerhaft für {#cezwayate#}, wie die ed. Bomb. liest; {#vezwitO#} R. 4,8,44 fehlerhaft für {#vizWitO#}, wie die ed. Bomb. (4,9,11) liest"
PWG-L63342-MBH12.6883,12,6883,an,st.,medium,,none,,unresolvable,none,,H) prajAH prARayati#} HARIV. 14996<
PWG-L106569-MBH12.7107,12,7107,sarj,fehlerhaft,high,,none,,unresolvable,none,,"ollzogen, verübt%}: {#˚mETunA#} YĀJÑ. 1,135. — {#saMsfzwAn#} MBH. 12,7107 wohl fehlerhaft für {#saMsrazwA#} (vgl. 9019. 10520)"
PWG-L62121-MBH12.7255,12,7255,mETuna,statt,medium,,none,,unresolvable,none,,"o baBUva#} so v. a. {%bei ihnen fand keine Begattung statt%} MBH. 12,7255. 7257. {#vAsas#} {%ein Kleidungsstück, welc"
PWG-L101474-MBH12.7397,12,7397,SravaRa,zu lesen,high,,none,,unresolvable,none,,">HALĀY. 2,361. MAITRYUP. 6,22. Spr. (II) 4992"
PWG-L101474-MBH12.7397,12,7397,SravaRa,st.,medium,,none,,unresolvable,none,,">HALĀY. 2,361. MAITRYUP. 6,"
PWG-L26893-MBH12.7427,12,7427,jalajIvin,fehlerhaft,high,,none,,unresolvable,none,,"{#jalajIvin#}¦ ({#jala#} + {#jI˚#}) m. {%Fischer%} MBH. 12,7427. Nicht etwa fehlerhaft für {#jAla˚#}, da dieses nicht inʼs Metrum passt."
PWG-L82136-MBH12.7575,12,7575,yuga,st.,medium,,none,,unresolvable,none,,"a#} AK. 1,1,3,21. H. 160. {#divya#} ebend. MBH. 12,7575. AK. 1,1,3,22. — 7〉 n. als Längenmaass = {%vier%} Hasta H. an. (wo {#˚catuzke#} st. {#caturTe#} zu lesen ist) und MED.; vgl. oben u."
PWG-L35027-MBH12.8037,12,8037,dozavant,fehlerhaft,high,,none,,unresolvable,none,,73. {#puruza#} Schol.</
PWG-L114559-MBH12.8198,12,8198,smaya,fehlerhaft,high,Bomb,none,,unresolvable,none,,"/is> BHĀG. P. 4,1,50. — {#smayam#} MBH. 12,7889 und 8198 fehlerhaft für {#svayam#} (so ed. Bomb.). — Vgl. {#apa˚, ut˚#}, 2."
PWG-L65676-MBH12.8266,12,8266,aS,lies,high,,none,,unresolvable,none,,"ojyAni grAmikastAnyupASniyAt#} (die Kurze aus metrischen Rücksichten) MBH. 12,8266. — {#pari#} lies {%Jmd%} (acc.) {%beim Essen übergehen, früher als ein Anderer essen%} oder {%gen"
PWG-L27412-MBH12.8465,12,8465,ji,zu lesen,high,,none,,unresolvable,none,,"erwinden wollen, angreifen%}: {#vedaSrutiBirAKyAnErarT"
PWG-L102852-MBH12.8472,12,8472,saMvargavidyA,fehlerhaft,high,Bomb,none,,unresolvable,none,,"/ls>. fehlerhaft für {#saMsarga˚#} (wie die ed. Bomb. liest) MBH. 12,8472."
PWG-L75503-MBH12.8604,12,8604,damayantI,fehlerhaft,high,Bomb,none,,unresolvable,none,,"ayantI#}¦ 1〉 fehlerhaft für {#madayantI#} (so die ed. Bomb.) MBH. 12,8604."
PWG-L80368-MBH12.8604,12,8604,madayantI,fälschlich,medium,Calc,none,,unresolvable,none,,"{#madayantI#}¦ 2〉 MBH. 12,8604 (die ed. Calc. fälschlich {#damayantI#}). R. 7,65,26."
PWG-L104359-MBH12.8942,12,8942,sadevaka,zu lesen,high,Bomb,none,,unresolvable,none,,"#sarvezu lokezu sadevakezu#} (so mit der ed. Bomb. zu lesen) MBH. 12,8942."
PWG-L106160-MBH12.8947,12,8947,saMprasAda,zu lesen,high,Bomb,none,,unresolvable,none,,"8,3,4. 12,3. MAITRYUP. 2,2. MBH. 12,8947 ({#˚sAdo#} mit der ed. Bomb. zu lesen)."
PWG-L49385-MBH12.9211,12,9211,praBava,zu lesen,high,,none,,unresolvable,none,,"ls>KAṬHOP. 6,11. MBH. 1,2517. 2,1214. 12,9211 (an den beiden letzten Stellen ist {#apyaya#} st. {#avyaya#} zu lesen). Häufig am Ende eines adj. comp. (f. {#A#}): {#vadarIpraBavA (nadI)#"
PWG-L49385-MBH12.9211,12,9211,praBava,st.,medium,,none,,unresolvable,none,,"ls>KAṬHOP. 6,11. MBH. 1,2517. 2,1214. 12,9211 (an den beiden letzten Stellen ist {#apyaya#} st. {#avyaya#} zu lesen). Häufig am Ende eines adj. comp. (f. {#A#})"
PWG-L92241-MBH12.9270,12,9270,vipAna,fehlerhaft,high,Bomb,none,,unresolvable,none,,"ŚAT. BR. 12,7,3,4. PAÑCAV. BR. 14,11,26. — {#vipAnAni#} MBH. 12,9270 fehlerhaft für {#nipAnAni#}, wie die ed. Bomb. liest."
PWG-L105789-MBH12.9363,12,9363,samIcCA,fehlerhaft,high,,none,,unresolvable,none,,"{#samIcCA#}¦ MBH. 12,9363 fehlerhaft für {#samIhA#}."
PWG-L39285-MBH12.9646,12,9646,nirAsa,fehlerhaft,high,,none,,unresolvable,none,,"s>SIDDH. K._zu_P. 4,3,68. — {#nirAsEH#} adj. MBH. 12,9646 wohl fehlerhaft für {#nirASEH#}"
PWG-L57513-MBH12.9821,12,9821,mantray,zu lesen,high,Bomb,none,,unresolvable,none,,"RAGH. 11,32. act.: {#vane#} MBH. 3,15305. 12,9821 ({#pratyuktA#} mit der ed. Bomb. zu lesen). {#SrAdDezu#} 13,4301. R. GORR. 1,53,18. 3,5"
PWG-L52237-MBH12.9865,12,9865,bahuBAzya,fehlerhaft,high,,none,,unresolvable,none,,"om vorherg.) n. {%vieles Reden, Geschwätzigkeit%} MBH. 12,9865. — Wohl fehlerhaft für {#bAhu˚#}."
PWG-L101382-MBH12.9943,12,9943,Syena,zu lesen,high,Bomb,none,,unresolvable,none,,"/ls>. 5991. fgg. 3,15692. fgg. 12,9943 ({#SyenAScA˚#} mit der ed. Bomb. zu lesen). HARIV. 223. R. GORR. 2,46,5. 3,20,19. SUŚR."
PWG-L36167-MBH12.10361,12,10361,Danvin,zu lesen,high,,none,,unresolvable,none,,"n=""1"">— 3〉 m. Bein. Śivaʼs ŚIV. MBH. 12,10361. Viṣṇuʼs H. ś. 73. Arjunaʼs H. an. (in Med. ist wohl {#arjuna#} st. {#arhaRa#} zu lesen). H. ś. 137 (fälschlich {#DanvA#} st. {#DanvI#}). VIŚVA_im_<ls"
PWG-L36167-MBH12.10361,12,10361,Danvin,st.,medium,,none,,unresolvable,none,,"n=""1"">— 3〉 m. Bein. Śivaʼs ŚIV. MBH. 12,10361. Viṣṇuʼs H. ś. 73. Arjunaʼs H. an. (in Med. ist wohl {#arjuna#} st. {#arhaRa#} zu lesen). H. ś. 137 (fälschlich {#DanvA#} st. {#DanvI#"
PWG-L24956-MBH12.10419,12,10419,carucelin,zu lesen,high,,none,,unresolvable,none,,"{%Opferspeise am Kleide habend (?)%}, Bein. Śivaʼs MBH. 12,10419. Viell. ist {#cArucelin#} zu lesen."
PWG-L36000-MBH12.10419,12,10419,Dawin,fehlerhaft,high,,none,,unresolvable,none,,"{#Dawin#}¦ MBH. 12,10419 neben {#GaRwa, aGaRwa, GaRwin#} als Beiw. von Śiva; wohl fehlerhaft für {#Gawin#} (vgl. {#GawiGawa#}). — {#DawinI#} f. {%a cotton tie or"
PWG-L92004-MBH12.10477,12,10477,vinAyaka,st.,medium,,none,,unresolvable,none,,"ab> einer Klasse von Dämonen: {#rAkzasAH, piSAcAH, BUtAH, vinAyakAH#} MBH. 12,10477. HARIV. 10697 ({#viGnAni#} st. {#BUtAni#} die neuere Ausg.). VARĀH. BṚH. S. 59,9. WASSILJEW 1"
PWG-L40379-MBH12.10502,12,10502,nI,st.,medium,,none,,unresolvable,none,,"BH. 12,8989. Dieselbe Stelle auch 7082 und 10502 mit der Variante {#guREr#} st. {#guRAn#} am Anfange. [Page4-0268] — {#acCa#} {%hinführen, leiten zu%}: {"
PWG-L87492-MBH12.10934,12,10934,vaYc,fehlerhaft,high,Bomb,none,,unresolvable,none,,"ordringend aus%} 3,39,1. — 4〉 {#vaYcate#} MBH. 12,10934 fehlerhaft für {#vaYcyate#} (s. caus.), wie die ed. Bomb. liest. <div n="""
PWG-L87492-MBH12.10934,12,10934,vaYc,zu lesen,high,Bomb,none,,unresolvable,none,,"pass.: {#vaYcyate#} (so mit der ed. Bomb. zu lesen) MBH. 12,10934. KATHĀS. 29,82. 32,167. <ls n=""KATH"
PWG-L92373-MBH12.11148,12,11148,viplavatA,fehlerhaft,high,Bomb,none,,unresolvable,none,,"{#viplavatA#}¦ MBH. 12,11148 fehlerhaft für {#viklavatA#}, wie die ed. Bomb. hat."
PWG-L106217-MBH12.11289,12,11289,saMboDa,fehlerhaft,high,,none,,unresolvable,none,,"HARIV."">11212. YOGAS. 2,39. TATTVAS. 6. {#a˚#} MBH. 12,11289. — {#saMboDa#} MED. dh. 38 fehlerhaft für {#saMroDa#}. — Vgl. {#samyak˚#}."
PWG-L50763-MBH12.11558,12,11558,prADAnika,fehlerhaft,high,,none,,unresolvable,none,,"— 2〉 {%aus der Urmaterie —, aus der Natur hervorgegangen%} MBH. 12,11558. VP._bei_MUIR, ST. IV, 3, N. 1. BHĀG. P. 3,26,11. — 3〉 BHĀG. P. 7,10,64 fehlerhaft für {#prADanika#}."
PWG-L66842-MBH12.11565,12,11565,Aryavaka,fehlerhaft,high,,none,,unresolvable,none,,"{#Aryavaka#}¦ MBH. 12,11565 fehlerhaft für {#Arjavaka#}."
PWG-L66814-MBH12.11565,12,11565,Arjavaka,fälschlich,medium,Calc,none,,unresolvable,none,,"va#} 1.) adj. Bez. zweier Schöpfungen ({#sarga#}) MBH. 12,11565. fg. an der ersten Stelle die ed. Calc. fälschlich {#Aryavaka#}."
PWG-L97519-MBH12.11739,12,11739,SatapaTa,zu lesen,high,,none,,unresolvable,none,,"WEBER herausgegebenen Brāhmaṇa, MBH. 12,11734. 11739. CARAṆAVYŪHA_in_Ind. St. 3,269. {#˚brAhmaRa#} Schol. zu VS. PRĀT. 1,129 (wohl {#˚brAhmaRe#} zu lesen). — Vgl. {#SAtapaTa#}."
PWG-L81327-MBH12.11904,12,11904,yaTArTa,unrichtig,medium,,none,,unresolvable,none,,"mit Unrecht führt%}, Spr. 4513. {#a˚#} {%unrichtig, falsch%} MBH. 12,11904. ŚĀK. 54."
PWG-L81327-MBH12.11904,12,11904,yaTArTa,falsch,medium,,none,,unresolvable,none,,"mit Unrecht führt%}, Spr. 4513. {#a˚#} {%unrichtig, falsch%} MBH. 12,11904. ŚĀK. 54."
PWG-L44654-MBH12.12053,12,12053,pAralOkika,fälschlich,medium,,none,,unresolvable,none,,"/is> 1, Sch. {#SapaTa#} MBH. 8,4124. {#kArya#} 12,12053 (fälschlich {#˚lokika#} gedruckt). {#niDi#} 13,3209. {#arTa#} P. 6,1,49. {"
PWG-L76674-MBH12.12060,12,12060,Dftimaya,lies,high,,none,,unresolvable,none,,"772 = 5,1554 und vgl. Spr. 3898. NĪLAK._zu_MBH. 12,120"
PWG-L54387-MBH12.12401,12,12401,BA,fehlerhaft,high,Bomb,none,,unresolvable,none,,"saMbaBO#} 2,91,55. MBH. 7,789. — {#saMBAti#} MBH. 12,12401 fehlerhaft für {#saMvAti#}, wie die ed. Bomb. hat; vgl. HIḌ. 1,10, wo {#b"
PWG-L54387-MBH12.12401,12,12401,BA,fehlerhaft,high,Bomb,none,,unresolvable,none,,"saMbaBO#} 2,91,55. MBH. 7,789. — {#saMBAti#} MBH. 12,12401 fehlerhaft für {#saMvAti#}, wie die ed. Bomb. hat; vgl. HIḌ. 1,10, wo {#baBO#} fehlerhaft für {#vavO#} steht."
PWG-L89277-MBH12.12401,12,12401,vA,zu lesen,high,Bomb,none,,unresolvable,none,,"TBR. 3,11,7,2. MBH. 4,1288. 12,12395. 12401 (wo mit der ed. Bomb. {#saMvAti#} st. {#saMBAti#} zu lesen ist). — {#anusam#} {%der Reihe nach (zusammen) anwehen%}: {#diSaH#} TBR. 2"
PWG-L89277-MBH12.12401,12,12401,vA,st.,medium,Bomb,none,,unresolvable,none,,"TBR. 3,11,7,2. MBH. 4,1288. 12,12395. 12401 (wo mit der ed. Bomb. {#saMvAti#} st. {#saMBAti#} zu lesen ist). — {#anusam#} {%der Reihe nach (zusammen) anweh"
PWG-L42605-MBH12.12416,12,12416,parAvaha,fälschlich,medium,,none,,unresolvable,none,,"heissen {#Avaha, udvaha, parivaha, pravaha, vivaha#} und {#saMvaha#}) MBH. 12,12416. HARIV. 12787. BRAHMĀṆḌA-P. beim Schol. zu ŚĀK. 165 (fälschlich {#pArAvAha#} geschrieben)."
PWG-L115701-MBH12.12658,12,12658,svAyaMBuva,zu lesen,high,,none,,unresolvable,none,,"s. w.: {#DarmAH#} MBH. 12,12741. {#antara, manvantara#} 12658. HARIV. 414. VP. 3,1,8. MĀRK. P. 50,18 ({#˚Buve#} zu lesen). 53,1. 43 ({#˚Buve#} zu lesen). BHĀG"
PWG-L40308-MBH12.12704,12,12704,nispanda,lies,high,,none,,unresolvable,none,,"t {#ni#}) m. {%Bewegung%} TRIK. 3,2,29. {#˚hIna#} MBH. 12,12704. {#anizpanda#} (lies: {#anispanda#}) {%sich nicht bewegend%} 6,298."
PWG-L55916-MBH12.12956,12,12956,BOma,fälschlich,medium,,none,,unresolvable,none,,"BH. 3,477. 12590. 5,1887. 12,12956. HARIV. 3117. 6800. BHĀG. P. 1,10,29. WILSON hat {#naraka#} fälschlich als {%Hölle%} gefasst. — δ〉 {%der Planet Mars%} AK. 1,1,2,27. TRI"
PWG-L28008-MBH12.13136,12,13136,jyotiza,fälschlich,medium,,none,,unresolvable,none,,"MADHUS._in_Ind. St. 1,13,17 (fälschlich {#jyO˚#}). MBH. 12,13136. 13,470. 5083."
PWG-L104240-MBH12.13237,12,13237,satvant,zu lesen,high,,none,,unresolvable,none,,"o vielleicht {#satvanma˚#} st. {#savasanma˚#} zu lesen ist). MBH. 12,13237. HARIV. 1997. sg. (vgl. {#satvata"
PWG-L103888-MBH12.13382,12,13382,saMjYikA,fehlerhaft,high,Bomb,none,,unresolvable,none,,"12,6825. — Vgl. {#saMjYaka#} ({#˚saMjYika#} MBH. 12,13382 und beim Schol. zu TS. PRĀT. 1,13, v. l. und 13,16 fehlerhaft für {#˚saMjYita#} (so ed. Bomb. des MBH.) oder {#˚saMjYaka#})."
PWG-L45321-MBH12.13399,12,13399,pitrya,zu lesen,high,,none,,unresolvable,none,,"ist). 232. 240. YĀJÑ. 2,235. MBH. 12,13399."
PWG-L39849-MBH13.54,13,54,nivftti,zu lesen,high,,none,,unresolvable,none,,ns. {#prav
PWG-L72541-MBH13.65,13,65,gantavya,st.,medium,Calc,none,,unresolvable,none,,avyO#} der ed. Calc.) {%man darf uns keines Fehlers zeihen%} MBH.
PWG-L81875-MBH13.178,13,178,yAjya,st.,medium,,none,,unresolvable,none,,"zu lesen ist). 124. 162. 178. HARIV. 3880 ({#cejyo#} st. {#yAjyo#} die neuere Ausg.). R. 7,23,1,81. RAGH. 1,86. {#"
PWG-L88916-MBH13.205,13,205,vas,st.,medium,Bomb,none,,unresolvable,none,,"339. — {#udA#} {%hinausziehen in, zu%}: {#vanavAsam#} MBH. 13,205. {#upAvasat#} st. {#udAvasat#} ed. Bomb. — caus. {%hinausbringen, hinausschaffen%}:"
PWG-L112139-MBH13.256,13,256,sUta,fehlerhaft,high,,none,,unresolvable,none,,"— 3〉 N. pr. eines Sohnes des Viśvāmitra MBH. 13,256. — 4〉 {#sUta#} MĀRK. P. 35,35 fehlerhaft für {#mfta#}, PAÑCAT. 176,3 für? — Vgl. {#vi˚, sOta, sOti, s"
PWG-L66527-MBH13.263,13,263,AnfSaMsa,st.,medium,Bomb,none,,unresolvable,none,,"{#AnfSaMsa#}¦ MBH. 13,263. {#AnfSaMsya#} (und {#DarmajYa#} st. {#Darmasya#}) ed. Bomb., der Schol. {#AnfSaMsa#}."
PWG-L100388-MBH13.344,13,344,SuBa,zu lesen,high,,none,,unresolvable,none,,"=""M."">12,84. YĀJÑ. 1,40 ({%heilig%} STENZLER). MBH. 13,344. HARIV. 8931 ({#SuBEH#} zu lesen). R. 1,63,2. 2,64,21 ({#a˚#}). 105,31 ({#su˚#"
PWG-L81526-MBH13.382,13,382,yam,zu lesen,high,Bomb,none,,unresolvable,none,,"ca#} mit der ed. Bomb. zu lesen). 12,9058. 13,382 ({#prayatAH#} mit der ed. Bomb. zu lesen). 2669. 7101. R. 1,2,27. <ls n=""R. 1"
PWG-L99828-MBH13.686,13,686,SI,fehlerhaft,high,,none,,unresolvable,none,,"ls>MBH. 5,4248. {#SayIran#} BHĀG. P. 5,14,39. {#aSeta#} MBH. 13,686. {#aSayizwa#} BHĀG. P. 3,20,15. {#SiSye#} (häufig fehlerhaft {#Sizye#}) KAUṢ. UP. 2,14. MBH. 4,826. HARIV. 4771. [Page7-021"
PWG-L121522-MBH13.802,13,802,mahAnta,st.,medium,,none,,unresolvable,none,,"nta#}¦ st. {#maharanta#} {%mit%} Mahar {%endigend%} MBH. 13,802. —"
PWG-L99255-MBH13.862,13,862,SiKA,zu lesen,high,Bomb,none,,unresolvable,none,,"amaSiKA, triSiKa#} (adj. {#BrukuwI#} MBH. 8,1354. 13,862 [mit der ed. Bomb. {#triSiKAM#} zu lesen]. HARIV. 10215. {%dreiflammig%} 12292), {#dIpaSiKA#} (in der"
PWG-L63314-MBH13.867,13,867,aDyAsa,fehlerhaft,high,Bomb,none,,unresolvable,none,,"AṂK._zu_BRAHMAS. S. 12. fgg. — 4〉 {#aDyAse#} MBH. 13,867 fehlerhaft für {#aByAse (aByASe)#}, wie die ed. Bomb. ({#aByASe#}) hat."
PWG-L103335-MBH13.871,13,871,sakti,fehlerhaft,high,,none,,unresolvable,none,,"2. {#sakti#}¦ MBH. 13,871 fehlerhaft für 3. {#Sakti#}."
PWG-L113804-MBH13.891,13,891,strIpuMsa,zu lesen,high,,none,,unresolvable,none,,"#} zu lesen). — 2〉 sg. {%Mann und Weib zugleich%} MBH. 13,891. <ls n=""MB"
PWG-L113456-MBH13.907,13,907,skanDa,fehlerhaft,high,Bomb,none,,unresolvable,none,,"ls>. — k〉 öfters fehlerhaft für {#skanda#}, z. B. MBH. 13,907 (ed. Bomb. {#skanda#})."
PWG-L82492-MBH13.916,13,916,yogi,st.,medium,,none,,unresolvable,none,,"{#yogInAm#} aus metrischen Rücksichten st. {#yoginAm#} MBH. 13,916. MĀRK. P. 111,2. Verz. d. Oxf. H. 236,"
PWG-L115139-MBH13.1011,13,1011,svayaMBuva,fehlerhaft,high,,none,,unresolvable,none,,"ayaMBuva#}¦ 1〉 adj. = {#svayaMBU#} MBH. 12,12658. 13,1011. R. 6,102,18. — 2〉 m. als Bez. des 1ten Manu ŚKDR. und WILSON fehlerhaft für {#svA˚#}. — 3〉 f. {#A#} {%eine best. Staude%}, = {#DUm"
PWG-L101863-MBH13.1014,13,1014,Srutimant,fehlerhaft,high,,none,,unresolvable,none,,"{%Ohren habend%} ŚVETĀŚV. UP. 3,16 = BHAG. 13,13 = MBH. 13,1014 = TATTVAS. 23. — 2〉 (wohl nur fehlerhaft) = {#Srutavant#} {%kenntnissreich, gelehrt%} R. 1,1,10 ({#Dftimant#} ed. Bom"
PWG-L85736-MBH13.1015,13,1015,laGiman,st.,medium,Bomb,none,,unresolvable,none,,">P. 5,1,122. VOP. 7,61. 1〉 {%Leichtigkeit%} MBH. 13,1015 ({#mahimA#} st. {#laGimA#} ed. Bomb.). {#laGimnotpatya#} BHĀG. P. 10,44,34. MĀ"
PWG-L39138-MBH13.1101,13,1101,niraYjana,falsch,medium,,none,,unresolvable,none,,"alsch, lauter%} MUṆḌ. UP. 3,1,3. ŚVETĀŚV. UP. 6,19. MBH. 13,1101. <l"
PWG-L105876-MBH13.1125,13,1125,samuddeSa,zu lesen,high,Bomb,none,,unresolvable,none,,"ersetzung, didactische Behandlung, Lehre%} WEBER, JYOT. 109. MBH. 13,1125 ({#kaMcitsa˚#} mit der ed. Bomb. zu lesen). Ind. St. 1,56. Verz. d. Oxf. H. 49,b,23. fg. <ls n=""Verz. d. Oxf. H."""
PWG-L58355-MBH13.1202,13,1202,mahAkeSa,st.,medium,,none,,unresolvable,none,,"1〉 m. Bein. Śivaʼs ({%der Grosshodige%}) MBH. 13,1202 (Lesart des Scholiasten st. {#˚keSa#}). — 2〉 f. {#I#} a〉 N. pr. eines"
PWG-L113665-MBH13.1276,13,1276,stu,druckfehler,high,,none,,unresolvable,none,,"s>BHAG. 11,21. MBH. 3,13499. 13,1271. 1276. R. GORR. 2,26,14. PAÑCAR. 1,1,7. {#stunvanti#} BHĀG. P. 12,3,1 (PRAŚNOP. 2,4 vielleicht nur Druckfehler). {#stuhi#} MBH. 1,721. 2,1526. BHAṬṬ. 8,92. {#stuTa"
PWG-L65826-MBH13.1323,13,1323,as,fehlerhaft,high,Bomb,none,,unresolvable,none,,"G. 14,569,4. 10. {#samastu#} MBH. 13,1323 fehlerhaft für {#mamAstu#}, wie die ed. Bomb. liest."
PWG-L53280-MBH13.1371,13,1371,brahmakAya,zu lesen,high,Bomb,none,,unresolvable,none,,"pl. N. {%einer best. Klasse von Göttern%} MBH. 13,1371 (st. {#lokAH#} ebend. ist mit der ed. Bomb. {#loKAH#} zu lesen)."
PWG-L53280-MBH13.1371,13,1371,brahmakAya,st.,medium,Bomb,none,,unresolvable,none,,"pl. N. {%einer best. Klasse von Göttern%} MBH. 13,1371 (st. {#lokAH#} ebend. ist mit der ed. Bomb. {#loKAH#} zu lesen)."
PWG-L98693-MBH13.1485,13,1485,SAwa,st.,medium,,none,,unresolvable,none,,"P. 9,9,7."
PWG-L40858-MBH13.1541,13,1541,nezwu,druckfehler,high,,none,,unresolvable,none,,"{#nezwu#}¦ MBH. 13,1541 Druckfehler für {#lozwu#} d. i. {#lozwa#}."
PWG-L39601-MBH13.1590,13,1590,niryAtaka,zu lesen,high,,none,,unresolvable,none,,"träger%} M. 3,166 (v. l. {#˚nirhAraka#}). {#mfta˚#} MBH. 13,1590. {#sUta˚#} (wofür gewiss {#mfta˚#} zu lesen ist) MĀRK. P. 35,35."
PWG-L46755-MBH13.1591,13,1591,pUrva,falsch,medium,,none,,unresolvable,none,,"UrvapUtrAH#} sind wohl {%Söhne durch Vermittelung einer%} {#putrikA#} MBH. 13,1591. {#gaRa˚#} (u. d. Worte falsch erklärt) wohl {%zu einer Körperschaft gehörend%} ebend. {#strI˚#} (bedeutet auch"
PWG-L79809-MBH13.1625,13,1625,bawu,fehlerhaft,high,,none,,unresolvable,none,,">TRIK. 2,7,1. — MBH. 1,7038. 7048. 13,1625. HARIV. 14235 (die neuere Ausg. fehlerhaft {#bahu#}). 14250. KUMĀRAS. 5,83. KATHĀS. 12,54. fg."
PWG-L65300-MBH13.1705,13,1705,alolupa,lies,high,,none,,unresolvable,none,,"= {#a — loluBa#}) lies {%frei von allen Begierden%} und vgl. MBH. 13,1705. die Sonne <ls n=""MB"
PWG-L38843-MBH13.1765,13,1765,nitamBU,fehlerhaft,high,,none,,unresolvable,none,,"{#nitamBU#}¦ m. N. pr. eines Mannes MBH. 13,1765. Viell. fehlerhaft für {#nityaMBU#}."
PWG-L13166-MBH13.1851,13,1851,fzItata,zu lesen,high,,none,,unresolvable,none,,"von einem Flusse R. 3,78,31. Oder ist etwa {#fzizwuta#} wie MBH. 13,1851 zu lesen?"
PWG-L99505-MBH13.1860,13,1860,Silatari,fehlerhaft,high,Bomb,none,,unresolvable,none,,"{#Silatari#}¦ MBH. 13,1860 fehlerhaft für {#Silarati#}, wie die ed. Bomb. liest."
PWG-L54690-MBH13.1878,13,1878,BAva,zu lesen,high,,none,,unresolvable,none,,apakarzati#}) so <a
PWG-L45644-MBH13.1901,13,1901,pukkaSa,fälschlich,medium,,none,,unresolvable,none,,(nach ŚKDR.). <
PWG-L101448-MBH13.1948,13,1948,Srama,fälschlich,medium,,none,,unresolvable,none,,"KATHĀS. 27,146 ({#akfta˚#}"
PWG-L87645-MBH13.1951,13,1951,vatsya,fehlerhaft,high,Bomb,none,,unresolvable,none,,"{#vatsya#}¦ MBH. 13,1951 fehlerhaft für {#vatsa#}, wie die ed. Bomb. liest."
PWG-L67877-MBH13.1979,13,1979,udAyuDa,zu lesen,high,Bomb,none,,unresolvable,none,,"{#udAyuDa#}¦ streiche {%wobei die Waffen erhoben sind%}, da MBH. 13,1979 mit [Page5-1173] der ed. Bomb. {#udAyuDAH#} zu lesen ist; vgl. noch 5,5959. KATHĀS. 68,43."
PWG-L110088-MBH13.2000,13,2000,sucetas,fehlerhaft,high,,none,,unresolvable,none,,"x> N. pr. a〉 eines Sohnes des Gṛtsamada MBH. 13,2000. entweder dieses oder das folgende {#sutejas#} fehlerhaft. — b〉 eines Sohnes des Pracetas HARIV. 1841."
PWG-L110214-MBH13.2000,13,2000,sutejas,fehlerhaft,high,,none,,unresolvable,none,,"2〉 m. N. pr. eines Sohnes des Gṛtsamada MBH. 13,2000. entweder dieses oder das vorangehende {#sucetas#} fehlerhaft. — b〉 des 10ten Arhantʼs der vergangenen Utsarpiṇī H. 51"
PWG-L47664-MBH13.2002,13,2002,prakASa,zu schreiben,high,,none,,unresolvable,none,,"> eines Brahmanen, eines Sohnes des Tamas ({%Fins"
PWG-L113497-MBH13.2013,13,2013,skAnda,fehlerhaft,high,Bomb,none,,unresolvable,none,,">— 3〉 m. fehlerhaft für {#skanda#} (so ed. Bomb.) MBH. 13,2013."
PWG-L90791-MBH13.2016,13,2016,vikatTana,zu lesen,high,Bomb,none,,unresolvable,none,,"3,4,28. {#a˚#} MBH. 12,3010. 13,100. 2016 ({#'vi˚#} mit der ed. Bomb. zu lesen). RAGH. 14,73. Spr. 1919. 3137. SĀH. D. 66."
PWG-L41223-MBH13.2059,13,2059,pakzahara,fehlerhaft,high,,none,,unresolvable,none,,"{#pakzahara#}¦ viell. fehlerhaft für {#pakzaDara#} {%Vogel%} MBH. 13,2059."
PWG-L15726-MBH13.2104,13,2104,kalinda,druckfehler,high,,none,,unresolvable,none,,"iv n=""2"">— d〉 m. pl. N. pr. eines Volkes MBH. 13,2104. Wohl nur Druckfehler für {#kulinda#}. — 2〉 f. {#kalindI#} ein Beiname des Flusses Ya"
PWG-L116342-MBH13.2119,13,2119,haris,fehlerhaft,high,Bomb,none,,unresolvable,none,,"{#haris#}¦ MBH. 13,2119 fehlerhaft für {#havis#} (so ed. Bomb.)."
PWG-L116521-MBH13.2119,13,2119,havis,zu lesen,high,Bomb,none,,unresolvable,none,,"BH. 1,667. 6656. 3,14127. 13,2119 ({#havizA#} mit der ed. Bomb. zu lesen). R. 1,5,15. 8,27. 2,61,17. 114"
PWG-L82848-MBH13.2221,13,2221,rakz,zu lesen,high,Bomb,none,,unresolvable,none,,". 4183. M. 9,6. 9. MBH. 13,2221 (wo {#rakzyante#} mit der ed. Bomb. zu lesen ist). {#paSUn#} {%das Vieh hüten%} M. 9,328. MBH. 1,698 (med.)"
PWG-L53763-MBH13.2328,13,2328,Baga,zu lesen,high,Bomb,none,,unresolvable,none,,"340,19. MBH. 13,818. fg. 825. fg. 2328 (wo mit der ed. Bomb. {#BagANka#} zu lesen ist). HARIV. 7593. Spr. 803 (wo ohne Zweifel {#BagANko#} zu lesen ist)."
PWG-L32585-MBH13.2522,13,2522,dAyAdya,lies,high,,none,,unresolvable,none,,". {#pitf˚#} R. GORR. 44,15"
PWG-L36186-MBH13.2567,13,2567,Dar,lies,high,,none,,unresolvable,none,,"rmArTO saMpraDArya#} MBH. 5,3436. 12,9027. 13,2567 (lies {#˚DArya#}). R. 3,39,2. 4,8,29. 16,50. <ls n="
PWG-L95750-MBH13.2571,13,2571,vEdehaka,fälschlich,medium,,none,,unresolvable,none,,"26. YĀJÑ. 1,93. MBH. 12,10868. 13,2571. KULL._zu_M. 10,36. 48. fälschlich als {%Sohn eines%} Śūdra {%und einer Brahmanin%} erklärt TRIK. 3,3,42."
PWG-L26483-MBH13.2581,13,2581,jan,zu lesen,high,,none,,unresolvable,none,,nde Stelle aufzufassen: {#bAhyAnAmanujAyante sEraMDryAM mAgaDe
PWG-L66734-MBH13.2587,13,2587,Ayogava,lies,high,,none,,unresolvable,none,,"¦ 2〉 vgl. MBH. 13,2574. 2582. 2587. Z. 4 lies 20,1,38 st. 22,1,38."
PWG-L66734-MBH13.2587,13,2587,Ayogava,st.,medium,,none,,unresolvable,none,,"¦ 2〉 vgl. MBH. 13,2574. 2582. 2587. Z. 4 lies 20,1,38 st. 22,1,38."
PWG-L113179-MBH13.2589,13,2589,sOpAka,zu lesen,high,Bomb,none,,unresolvable,none,,"{#sOpAka#}¦ m. {%eine best. Mischlingskaste%} MBH. 13,2589 ({#sOpAkaSca˚#} mit der ed. Bomb. zu lesen). {#pARqu˚#} 2588. — Vgl. {#sopAka#}."
PWG-L100488-MBH13.2624,13,2624,Sulka,fehlerhaft,high,,none,,unresolvable,none,,"s>. MĀRK. P. 16,25. — 5〉 fehlerhaft für {#Sukra#} MBH. 13,2624. für {#Sukla#} 4935. <div n=""v"""
PWG-L27360-MBH13.2654,13,2654,jAla,st.,medium,,none,,unresolvable,none,,"2,488 ({#anAmaya#} st. {#AnAya#}). MED. l. 19. MBH. 13,2654. fgg. PAÑCAT. 78,14."
PWG-L104890-MBH13.2744,13,2744,sap,fehlerhaft,high,Bomb,none,,unresolvable,none,,"ṚV. 1,"">67,8. {#f\ta\pA#} 2,11,12. — {#saptum#} MBH. 13,2744 fehlerhaft für {#svaptum#}, wie die ed. Bomb. liest. — Vgl. {#sAp#} in"
PWG-L89199-MBH13.2760,13,2760,vah,st.,medium,,none,,unresolvable,none,,"nakEH saMvavAhatuH#} MBH. 3,11005. 1,6639. 13,2760. WESTERGAARD stellt diese unregelmässige Form (st. {#samUhatus#}) zu {#vAh#}. — 3〉 {%an den Tag legen, äussern%}: {#vAsudeve"
PWG-L55847-MBH13.2772,13,2772,Bogya,fehlerhaft,high,,none,,unresolvable,none,,". 1,428, N.). Bisweilen fehlerhaft für {#Bojya#}, z. B. MBH. 13,2772. fg. 14,1852; die <"
PWG-L97017-MBH13.2835,13,2835,Saka,fehlerhaft,high,Bomb,none,,unresolvable,none,,"füssiges Thier%} (v. l. {#Sala#}) PAÑCAR. 1,7,28. — MBH. 13,2835 fehlerhaft für {#Suka#}, wie die ed. Bomb. liest."
PWG-L88503-MBH13.2900,13,2900,vart,fehlerhaft,high,,none,,unresolvable,none,,ARIV. 4152 ({#ati#} die neuere <a
PWG-L29880-MBH13.2900,13,2900,tIrTayAtrA,fälschlich,medium,,none,,unresolvable,none,,"%ein Besuch der heiligen Badeplätze, Wallfahrt%} MBH. 3,356. 13,2900 (fälschlich {#tIrTA˚#}). 2923. 16,55. fg. PAÑCAT. 117,10<"
PWG-L88526-MBH13.3033,13,3033,vartin,lies,high,,none,,unresolvable,none,,"sura˚#} MBH. 15,5867. {#a˚#} {%sich ungebührlich betragend%} 13,3033. — Vgl. {#ucCAstra˚, kaRWa˚, guRa˚, guru˚, cakra˚, dUra˚, pArSva˚#} (auch BHĀG. P. 4,29,69), {#pitf˚#} (lies {%gegen den Vater nach"
PWG-L88503-MBH13.3126,13,3126,vart,st.,medium,,none,,unresolvable,none,,zu e
PWG-L96042-MBH13.3140,13,3140,vESya,fehlerhaft,high,Bomb,none,,unresolvable,none,,". 9,1652. 15,435. — {#vESyAnarI#} 13,3140 fehlerhaft für {#vESvAnarI#}, wie die ed. Bomb. liest. — b〉 N. pr. eine"
PWG-L105747-MBH13.3187,13,3187,samiti,zu schreiben,high,,none,,unresolvable,none,,"SUŚR. 1,333,13. ŚĀK. 48, v. l. {#˚SoBana#} MBH. 13,3187. R. 4,18,12 (zusammen zu schreiben). {#˚SAlin#} (so zu schreiben) BHĀG. P. 2,7,35. — 4〉 {%Vereinigung%}"
PWG-L105747-MBH13.3187,13,3187,samiti,zu schreiben,high,,none,,unresolvable,none,,"SUŚR. 1,333,13. ŚĀK. 48, v. l. {#˚SoBana#} MBH. 13,3187. R. 4,18,12 (zusammen zu schreiben). {#˚SAlin#} (so zu schreiben) BHĀG. P. 2,7,35. — 4〉 {%Vereinigung%} überh.: {#guRAnAm#} <"
PWG-L67020-MBH13.3262,13,3262,ASleza,st.,medium,Bomb,none,,unresolvable,none,,"EBER, Nax. 2,300. 387. {#ASlezAyAm#} MBH. 13,3262 ed. Bomb. st. {#a˚#} der ed. Calc. VARĀH. BṚH. S. 3,1. pl. <ls n=""VARĀH"
PWG-L84146-MBH13.3282,13,3282,rAjamAsa,fehlerhaft,high,,none,,unresolvable,none,,"{#rAjamAsa#}¦ MBH. 13,3282 fehlerhaft für {#rAjamAza#}."
PWG-L84144-MBH13.3282,13,3282,rAjamAza,fälschlich,medium,Calc,none,,unresolvable,none,,"Dolichos Catjang TRIK. 2,9,5. HĀR. 182. MBH. 13,3282 (fälschlich {#˚mAsa#} ed. Calc.). ŚĀRṄG. SAṂH. 3,9,7. VĀGBH. 6,19. MĀR"
PWG-L44637-MBH13.3350,13,3350,pAramaka,fehlerhaft,high,,none,,unresolvable,none,,"{#pAramaka#}¦ MBH. 13,3350 und {#pAramikA#} R. 1,22,10 fehlerhaft für {#para˚#}."
PWG-L38979-MBH13.3439,13,3439,nipAta,fehlerhaft,high,,none,,unresolvable,none,,"fgg. 8,1,30. HALĀY. 5,86. — {#nipAta#} MBH. 13,3439 fehlerhaft für {#nipAna#}."
PWG-L38986-MBH13.3439,13,3439,nipAna,lies,high,,none,,unresolvable,none,,nodvejayeta gAH . tfzitA hyaBivIkzantyo naraM hanyuH sabAnDavam ..#
PWG-L101531-MBH13.3532,13,3532,SrAdDin,fehlerhaft,high,Bomb,none,,unresolvable,none,,"hat%} P. 5,2,85. — 2〉 fehlerhaft für {#SradDin#} MBH. 13,3532 (ed. Bomb. {#SradDin#})."
PWG-L101434-MBH13.3532,13,3532,SradDin,fälschlich,medium,Calc,none,,unresolvable,none,,"Din#}¦ (wie eben) adj. {%gläubig%} MBH. 12,11812. 13,3532 ({#SrA˚#} fälschlich ed. Calc.). KULL._zu_M. 2,238."
PWG-L50219-MBH13.3683,13,3683,prasnava,fehlerhaft,high,Calc,none,,unresolvable,none,,"{#prasnava#}¦ MBH. 1,5359. 13,3533. 3683. HARIV. 3426. VIKR. 150 (v. l. {#prasrava#}). RAGH. ed. Calc. 1,85 (STENZLER {#prasrava#}) fehlerhaft für {#prasrava#}."
PWG-L50234-MBH13.3683,13,3683,prasrava,fälschlich,medium,,none,,unresolvable,none,,"— c〉 {%Urin%} H. 633, v. l. MBH. 13,3533 = 3683. — d〉 {%der überfliessende Schaum bei kochendem Reise%} H. ś. 94. — Hier und da fälschlich {#prasnava#} gedruckt. Vgl. {#prasrAva#}."
PWG-L103442-MBH13.4033,13,4033,saMkalpa,zu lesen,high,,none,,unresolvable,none,,"dDa#} st. {#sidDi#} zu lesen). {#saMsidDa˚#} adj. MBH. 13,4033. {#˚saMpatti#} KATHĀS. 11,41</l"
PWG-L103442-MBH13.4033,13,4033,saMkalpa,st.,medium,,none,,unresolvable,none,,"dDa#} st. {#sidDi#} zu lesen). {#saMsidDa˚#} adj. MBH. 13,4033. {#˚saMpatt"
PWG-L60577-MBH13.4071,13,4071,miSra,statt,medium,,none,,unresolvable,none,,"Sro garBaM cAsyA daDe tadA (pAvakaH)#} {%er vermischte sich mit ihr%} MBH. 13,4071. statt des blossen instr. der instr. mit {#samam#} Spr. 2842. gen"
PWG-L60577-MBH13.4071,13,4071,miSra,statt,medium,,none,,unresolvable,none,,"Sro garBaM cAsyA daDe tadA (pAvakaH)#} {%er vermischte sich mit ihr%} MBH. 13,4071. statt des blossen instr. der instr. mit {#samam#} Spr. 2842. gen. statt instr.: {#tatra sOganDikAnAM ca puzpARAM puR"
PWG-L111066-MBH13.4108,13,4108,sura,fehlerhaft,high,Bomb,none,,unresolvable,none,,"die Sonne%} ŚABDĀRTHAK._bei_WILSON. — 5〉 MBH. 13,4108 fehlerhaft für {#svara#} (so ed. Bomb.). — Vgl. {#BU˚, mahI˚#}."
PWG-L90297-MBH13.4210,13,4210,vAruRa,st.,medium,,none,,unresolvable,none,,}) {%der regsam
PWG-L113928-MBH13.4215,13,4215,sTA,zu lesen,high,,none,,unresolvable,none,,"s>Spr. (II) 3024. {#rAjye#} MBH. 3,234 (med.). 13,4215. R. GORR. 1,3,36. 2,6,22 ({#sTApayatA#} zu lesen). 3,54,19. 4,54,20. BHĀG. P. 3,3,16."
PWG-L44627-MBH13.4278,13,4278,pAradArika,fälschlich,medium,,none,,unresolvable,none,,"raM#} zu lesen ist). MBH. 2,1130. 5,1227 = 13,4278. KATHĀS. 19,48. 34,185. H. an. 3,486. KĀŚ._zu_P. 5,2,92 (fälschlich {#paradA˚#}). — 2〉 adj. {%das Weib eines Andern betreffend, darauf"
PWG-L43192-MBH13.4291,13,4291,pariSrita,zu lesen,high,,none,,unresolvable,none,,a nAvekzerankaTaM ca na . tasmAtparisfte dadyAttilA
PWG-L43192-MBH13.4291,13,4291,pariSrita,st.,medium,,none,,unresolvable,none,,a nAvekzerankaTaM ca na
PWG-L116915-MBH13.4363,13,4363,hiNgu,zu lesen,high,,none,,unresolvable,none,,"x>m.). RĀJAN. 6,75. BHĀVAPR. 5. {#˚dravyezu#} MBH. 13,4363. HARIV. 8443 (mit der neueren Ausg. zu lesen {#˚hiNgvArdraka˚#}). SUŚR. 1,139,4. 140,13. <ls n=""SUŚR. 1"
PWG-L118050-MBH13.4365,13,4365,ajAjI,lies,high,,none,,unresolvable,none,,"{#ajAjI#}¦, {#kfzRAjAjI#} {%schwarzer Kümmel%} MBH. 13,4365. Z. 3 lies 453 st. 553."
PWG-L118050-MBH13.4365,13,4365,ajAjI,st.,medium,,none,,unresolvable,none,,"{#ajAjI#}¦, {#kfzRAjAjI#} {%schwarzer Kümmel%} MBH. 13,4365. Z. 3 lies 453 st. 553."
PWG-L72931-MBH13.4427,13,4427,gfzwyA,zu lesen,high,Bomb,none,,unresolvable,none,,"{#gfzwyA#}¦ zu streichen, da MBH. 13,4427 {#gfzwyo#} mit der ed. Bomb. zu lesen ist."
PWG-L85042-MBH13.4530,13,4530,ruD,fehlerhaft,high,,none,,unresolvable,none,,"zya#} (wie schon WESTERGAARD vermuthet hatte), {#niruDyatu#} 13,4530 fehlerhaft für {#viruDyatu#}; die Bomb. Ausg. hat an beiden Stellen die richtige Lesart. {#"
PWG-L85212-MBH13.4607,13,4607,reRuka,st.,medium,,none,,unresolvable,none,,"H. an. MED. MBH. 3,11072 (S. 572). 5,3972. 13,4607. HARIV. 1453. fg. 1769 (wo die neuere Ausg. {#reRukA#} st. {#reRumAn#} liest). R. 1,51,11 (52,11 GORR.). <ls n=""R."""
PWG-L66428-MBH13.4633,13,4633,ADAna,lies,high,,none,,unresolvable,none,,>— 5〉 {#avaSyaM vinayADAnaM kAryamadya mayA ta
PWG-L55166-MBH13.4640,13,4640,BU,zu lesen,high,,none,,unresolvable,none,,"ettvadraSmiBAvitaH#} {%erleuchtet%} (vielleicht {#BAsitaH#} zu lesen) MBH. 13,4640. — 6〉 med. {%erlangen%} ({#prAptO#}) DHĀTU"
PWG-L49080-MBH13.4679,13,4679,praT,zu lesen,high,,none,,unresolvable,none,,"kanyakA sApi papraTe#} KATHĀS. 15,65. MBH. 9,3009. 13,4679. RAGH. 15,101. ŚATR. 7,1 (wo wohl {#yannAmnA#} zu lesen ist). 10,312. {#praTita#} {%allgemein bekannt, berühmt%} AK. 3,1,9"
PWG-L51609-MBH13.4718,13,4718,PAlitA,druckfehler,high,,none,,unresolvable,none,,"{#PAlitA#}¦ MBH. 13,4718 wohl Druckfehler für {#PARita#}."
PWG-L68603-MBH13.4737,13,4737,ullApika,falsch,medium,,none,,unresolvable,none,,AQyA balayo yakzarakzasAm . surAsavap
PWG-L80914-MBH13.4818,13,4818,yajYaka,fehlerhaft,high,Bomb,none,,unresolvable,none,,"{#yajYaka#}¦ MBH. 13,4818 fehlerhaft für {#yAjaka#}, wie die ed. Bomb. liest."
PWG-L102743-MBH13.4858,13,4858,saMyamana,fälschlich,medium,,none,,unresolvable,none,,"H. 7,2520. 4725. 5888. 13,4858. BHĀG. P. 5,21,7. 6,3,3. 10,45,42. 89,43. fälschlich {#saMyaminI#} ŚAṂK._zu_BṚH. ĀR. UP. S. 524. — 3〉 n.</le"
PWG-L27838-MBH13.4979,13,4979,jYA,st.,medium,,none,,unresolvable,none,,"Ani kurvIta prajYAtAMSca vanaspatIn#} M. 4,39 (vgl. MBH. 13,4979, wo st. dessen {#parijYAta#}). {#anuzwuBaH#} (im Gegens. zu {%künstlich erzeugtem%}"
PWG-L49122-MBH13.4979,13,4979,pradakziRa,st.,medium,,none,,unresolvable,none,,"kurvIta parijYAtAnvanaspatIn#} (vgl. unten M. 4,39) MBH. 13,4979. Bisweilen steht st. des adv. das adj., welches in diesem Falle in der Bed.</ab"
PWG-L55954-MBH13.5025,13,5025,Brajj,fehlerhaft,high,,none,,unresolvable,none,,(u. d
PWG-L91581-MBH13.5186,13,5186,vid,fehlerhaft,high,Bomb,none,,unresolvable,none,,"asparSarasAnaham#} R. 2,64,67. — 6〉 {#vedayanti#} MBH. 13,5186 fehlerhaft für {#ramayanti#}, wie die ed. Bomb. liest; {#avedito#} KATHĀS. 1,23,158</ls"
PWG-L65351-MBH13.5207,13,5207,avaguRa,st.,medium,,none,,unresolvable,none,,"adj. {%der Vorzüge ermangelnd%} (= {#nirguRa#} Schol.) MBH. 13,5207. {#avagaRa#} st. dessen 3,4057."
PWG-L116374-MBH13.5466,13,5466,hartar,fehlerhaft,high,,none,,unresolvable,none,,"kartar#}) MBH. 3,8756. HARIV. 14480. — {#viSvAsa˚#} MBH. 13,5466 wohl fehlerhaft für {#˚hantar#}; vgl. [Page7-1560] {#viSvAsaGAta, ˚Gna#} u. s. w. <div"
PWG-L89136-MBH13.5519,13,5519,vastu,fehlerhaft,high,Bomb,none,,unresolvable,none,,"{%Statut%} WASSILJEW 85. — 6〉 {#vastusama#} MBH. 13,5519 fehlerhaft für {#baBrusama#}, wie die ed. Bomb. liest. BHĀG. P. 9,4,27 liest die <"
PWG-L89136-MBH13.5519,13,5519,vastu,statt,medium,Bomb,none,,unresolvable,none,,"{%Statut%} WASSILJEW 85. — 6〉 {#vastusama#} MBH. 13,5519 fehlerhaft für {#baBrusama#}, wie die ed. Bomb. liest. BHĀG. P. 9,4,27 liest die ed. Bomb. {#˚pattizu#} statt {#˚vastuzu#}. — Vgl. {#prati˚, Bo"
PWG-L73862-MBH13.5521,13,5521,cirikAka,st.,medium,Bomb,none,,unresolvable,none,,"{#cirikAka#}¦ m. {%eine Art Krähe%} MBH. 13,5521, Lesart der ed. Bomb. st. {#cOrikAka#} der ed. Calc."
PWG-L116015-MBH13.5634,13,5634,hantavya,fehlerhaft,high,Bomb,none,,unresolvable,none,,"hanyantam#} ed. Bomb.) {%wer zustimmt, dass getödtet wird%}, MBH. 13,5634. {%zu verletzen%}: {#Darma#} Spr. (II) 3089. RĀJA-TAR. 4,384 wohl fehlerhaft für {#hAtavya#}; vgl. Spr. (II) 1856."
PWG-L40469-MBH13.5635,13,5635,nIruja,fälschlich,medium,,none,,unresolvable,none,,"sich wohl befindend%} 385,4 (gleichfalls {#ni˚#"
PWG-L22838-MBH13.5640,13,5640,gfDna,druckfehler,high,,none,,unresolvable,none,,"{#gfDna#}¦ wohl nur Druckfehler für {#gfDnu#} {%gierig%}: {#mAMsa˚#} MBH. 13,5640."
PWG-L27574-MBH13.5741,13,5741,jIvaka,zu lesen,high,,none,,unresolvable,none,,"BH. 12,5576. {#aDyayana˚#} 13,6455. {#vfdDi˚#} 5741. {#mAlya˚#} HARIV. 4484 (wo {#jIvaka#} st. {#jIvaja#} zu lesen ist). {#para˚#} ŚATR. 10,144. Vgl. {#akzara˚#}. — c〉 {%leben"
PWG-L27574-MBH13.5741,13,5741,jIvaka,st.,medium,,none,,unresolvable,none,,"BH. 12,5576. {#aDyayana˚#} 13,6455. {#vfdDi˚#} 5741. {#mAlya˚#} HARIV. 4484 (wo {#jIvaka#} st. {#jIvaja#} zu lesen ist). {#para˚#} ŚATR. 10,144. Vgl. {#akzara˚#}"
PWG-L113928-MBH13.5785,13,5785,sTA,zu lesen,high,Bomb,none,,unresolvable,none,,">. 7,1,14. — {#vyati#} scheinbar MBH. 13,5785. fg., wo mit der ed. Bomb. {#vyaTizWAH#} st. {#vyatizWAH#} zu lesen ist. — {#aDi#}, Uebergang von {#sTa#} in {#zWa#} P. 8,3,63. fg. nebst"
PWG-L113928-MBH13.5785,13,5785,sTA,st.,medium,Bomb,none,,unresolvable,none,,">. 7,1,14. — {#vyati#} scheinbar MBH. 13,5785. fg., wo mit der ed. Bomb. {#vyaTizWAH#} st. {#vyatizWAH#} zu lesen ist. — {#aDi#}, Uebergang von {#sTa#} in {#zWa#} <"
PWG-L109682-MBH13.5850,13,5850,su,fehlerhaft,high,Bomb,none,,unresolvable,none,,"} MBH. 13,2582. {#˚sUyate#} M. 10,33. — {#˚sUyate#} MBH. 13,5850 fehlerhaft für {#˚RUyate#}, wie die ed. Bomb. liest. — 2〉 {%geboren werden%}: {#"
PWG-L115664-MBH13.6063,13,6063,svApa,fehlerhaft,high,,none,,unresolvable,none,,"b>Vgl. {#indriya˚, divA˚#} ({%Schlaf am Tage%} auch [Pag"
PWG-L100356-MBH13.6070,13,6070,Sunaka,st.,medium,Bomb,none,,unresolvable,none,,"u_UṆĀDIS. 2,32. AK. 2,10,22. HALĀY. 2,126. MBH. 13,6070 (die ed. Bomb. liest auch im folgenden Śl. {#Sunake#} st. {#Suni vA#}). — b〉 N. pr. verschiedener Männer P. 4,1,102</l"
PWG-L89462-MBH13.6149,13,6149,vAcA,fehlerhaft,high,Bomb,none,,unresolvable,none,,"0. {#˚sidDi#} Verz. d. Oxf. H. 99,a,10. — 2〉 MBH. 13,6149 fehlerhaft für {#vacA#}, wie die ed. Bomb. liest."
PWG-L36858-MBH13.6151,13,6151,DUma,fehlerhaft,high,,none,,unresolvable,none,,"ls>. — In der Stelle: {#ajo DUmo viqAlaSca CAgaH kfzRo 'Ta piNgalaH#} MBH. 13,6151 ohne Zweifel fehlerhaft für {#DUmro#}. — 2〉 f. {#A#} {%eine best. Pflanze%}, = {#D"
PWG-L85270-MBH13.6236,13,6236,revant,zu lesen,high,Bomb,none,,unresolvable,none,,"#} st. {#revatyaM#} zu lesen). MBH. 13,6242 ist wie 6236 mit der ed. Bomb. {#rEvatIM#} zu lesen. — e〉 N. {%der Unholdin einer best. Krankheit%} HARIV. 3"
PWG-L85270-MBH13.6242,13,6242,revant,zu lesen,high,Bomb,none,,unresolvable,none,,"UP. 2,18,"">2 ({#revatyaH#} st. {#revatyaM#} zu lesen). MBH. 13,6242 ist wie 6236 mit der ed. Bomb. {#r"
PWG-L85270-MBH13.6242,13,6242,revant,st.,medium,,none,,unresolvable,none,,"UP. 2,18,"">2 ({#revatyaH#} st. {#revatyaM#} zu lesen). MBH. 13,6242 ist wie 6236 mit"
PWG-L90986-MBH13.6260,13,6260,vikzit,zu lesen,high,Bomb,none,,unresolvable,none,,"{#vikzit#}¦ scheinbar MBH. 13,6260, wo aber mit der ed. Bomb. {#'vikzitaH#} zu lesen ist."
PWG-L106410-MBH13.6321,13,6321,sar,fälschlich,medium,,none,,unresolvable,none,,"H. 3,2838. 16871. 6,5575. 13,6321. HARIV. 2774 (so v. a. {%davongekommen%}). 4714. R. 1,28,7 (fälschlich {#˚srita#}). 39,17. 2,44,9. 3,29,29. <ls"
PWG-L17594-MBH13.6471,13,6471,kuqI,fehlerhaft,high,,none,,unresolvable,none,,"{#kuqI#}¦ f. wohl nur fehlerhaft für {#kuwI#} {%Hütte%} MBH. 13,6471."
PWG-L103843-MBH13.6476,13,6476,saYj,fehlerhaft,high,Bomb,none,,unresolvable,none,,"} {%mit den Gedanken —, mit dem Herzen an Etwas hängend%}: {#ekatra#} MBH. 13,6476. wohl fehlerhaft für {#samAsakta#}, wie die ed. Bomb. liest. — {#pratyA#} s."
PWG-L94587-MBH13.6515,13,6515,vIrAsana,zu lesen,high,Bomb,none,,unresolvable,none,,"174,5. {#˚gata#} R. 7,23,3,48. MBH. 12,11271. 13,6515. {#˚gati#} (wohl {#˚gata#} zu lesen; {#˚rata#} ed. Bomb.) 6560. — 2〉 = {#UrDvAvasTA"
PWG-L60059-MBH13.6700,13,6700,mArga,st.,medium,Bomb,none,,unresolvable,none,,"v. a. {%Jmd aus dem Wege gehen, freien Durchgang gewähren%} MBH. 13,6700 ({#yacCanti#} st. {#dadati#} ed. Bomb.). MEGH. 46. R. 5,94,8. {#mArgAnusArA"
PWG-L45337-MBH13.6806,13,6806,pinAkin,druckfehler,high,,none,,unresolvable,none,,">ʼs AK. 1,1,1,27. HALĀY. 1,12. VYUTP. 107. MBH. 13,6806. HARIV. 1967 ({#piRA˚#} gedr.). R. GORR. 2,105,28 (= 96,29 SCHL., wo {#pinIkI#} ein Druckfehler ist). 3,30,36. ŚĀK. 6. KATHĀS. 50,182. {#pinAkid"
PWG-L101745-MBH13.6808,13,6808,SrIvatsa,zu lesen,high,,none,,unresolvable,none,,">3590 (bei andern göttlichen Wesen). 12,13294. 13,6808. HARIV. 4446. R. 6,102,26 ({#˚lakzaRaH#} als comp. zu lesen). 7,37,3,12. RAGH. 10,10. 17,29 (zugleich {%F"
PWG-L102040-MBH13.6812,13,6812,Sliz,st.,medium,Calc,none,,unresolvable,none,,"#sarva#} ed. Calc.) so v. a. {%in Allem enthalten%} MBH. 13,6"
PWG-L116719-MBH13.6907,13,6907,hA,st.,medium,,none,,unresolvable,none,,Spr. (II) 5118. {#pratijYAm#} so v. a. {%nicht halt
PWG-L113924-MBH13.6955,13,6955,sTavira,zu lesen,high,,none,,unresolvable,none,,". 10,103,5. Viṣṇu 7,100,3. MBH. 13,6955. HARIV. 14119. Kühe so v. a. Milch ṚV. 9,86,4. penis TBR. 2,4,12,7. {%dicht%}: {#vraja#} (so zu lesen st. {#vajra#}) ṚV. 4,20,6. {#ulba#} 10,51,1. übert"
PWG-L113924-MBH13.6955,13,6955,sTavira,st.,medium,,none,,unresolvable,none,,". 10,103,5. Viṣṇu 7,100,3. MBH. 13,6955. HARIV. 14119. Kühe so v. a. Milch ṚV. 9,86,4. penis TBR. 2,4,12,7. {%dicht%}: {#vraja#} (so zu lesen st. {#vajra#}) ṚV. 4,20,6. {#ulba#} 10,51,1. übertr.:"
PWG-L104747-MBH13.6971,13,6971,saMDimant,st.,medium,,none,,unresolvable,none,,"173, N. 2. — b〉 {%im Frieden lebend%}: Viṣṇu MBH. 13,6971. {%verbündet%} KĀM. NĪTIS. 8,55 (der Comm. liest {#saMDinA#} st. {#saMDimAn#}). — 2〉 m. N. pr. a〉 = {#saMD"
PWG-L57466-MBH13.7082,13,7082,mantra,zu lesen,high,Bomb,none,,unresolvable,none,,"250,b, ult. neutr. MBH. 3,10409; dagegen ist 13,7082 mit der ed. Bomb. {#imaM#} (st. {#idaM#}) {#mantraM#} zu lesen und KĀM. NĪTIS. 5,43 mit der v. l. {#marmARi#} st. {#mantrARi#"
PWG-L57466-MBH13.7082,13,7082,mantra,st.,medium,Bomb,none,,unresolvable,none,,"250,b, ult. neutr. MBH. 3,10409; dagegen ist 13,7082 mit der ed. Bomb. {#imaM#} (st. {#idaM#}) {#mantraM#} zu lesen und KĀM. NĪTIS. 5,43 mit der v. l."
PWG-L95753-MBH13.7108,13,7108,vEdya,fehlerhaft,high,Bomb,none,,unresolvable,none,,"ls>ebend. — 5〉 als N. pr. eines Ṛṣi MBH. 13,7108 fehlerhaft für {#rEBya#}, wie die ed. Bomb. liest. LASSEN, Pentap. 67,43 fehlerhaf"
PWG-L95753-MBH13.7108,13,7108,vEdya,fehlerhaft,high,Bomb,none,,unresolvable,none,,"ls>ebend. — 5〉 als N. pr. eines Ṛṣi MBH. 13,7108 fehlerhaft für {#rEBya#}, wie die ed. Bomb. liest. LASSEN, Pentap. 67,43 fehlerhaft für {#vedya#}, wie MBH. 8,2069 gelesen wird. — Vgl. {#ku˚, v"
PWG-L34271-MBH13.7112,13,7112,dfQavya,fehlerhaft,high,,none,,unresolvable,none,,"{#dfQavya#}¦ m. N. pr. eines Ṛṣi MBH. 13,7112 fehlerhaft für {#dfQAyu(s)#}."
PWG-L98785-MBH13.7175,13,7175,SAna,fehlerhaft,high,,none,,unresolvable,none,,"{#SAna#}¦ 1〉 m. a〉 MBH. 13,7175 fehlerhaft für 1. {#SARa#}. — 2〉 = 2. {#SARa#} {%Schleifstein%} <ls"
PWG-L109138-MBH13.7329,13,7329,sic,zu lesen,high,,none,,unresolvable,none,,"t {#vyati#} erwähnten Stellen (st. MBH. 10,7329 ist 13,7329 zu lesen) auch HARIV. 11799 nach der Lesart der neueren Ausg. st. {#vya"
PWG-L23861-MBH13.7365,13,7365,glA,st.,medium,,none,,unresolvable,none,,"ep. auch med.; {#glAti#} MBH. 3,13730. 13,7365; vgl. {#gAnti#} st. {#gAyanti#}) DHĀTUP. 22,7; {#jaglO#} P. 7,4,60, Sch."
PWG-L31145-MBH13.7379,13,7379,trivft,fälschlich,medium,,none,,unresolvable,none,,". 6,6,3. 4 (fälschlich {#trivit#}). MBH. 13,7379. BHĀG. P. 2,1,17. 3,7,23</ls"
PWG-L114045-MBH13.7512,13,7512,sTira,st.,medium,,none,,unresolvable,none,,"ga#} (st. dessen {#sTita˚#} 7,9625) MBH. 13,7512. {#˚Sukra#}"
PWG-L24296-MBH13.7570,13,7570,cakraDara,st.,medium,,none,,unresolvable,none,,esen wird) {#ca . brAhmaRAnAM gavAM rAjYAM panTAnaM dadate ca
PWG-L47148-MBH13.7683,13,7683,pfzaDra,zu schreiben,high,,none,,unresolvable,none,,"a#}, so dass {#pfzadDra#} etymologisch zu schreiben wäre, welche Form MBH. 13,7683 erscheint."
PWG-L88999-MBH13.7774,13,7774,vasu,zu lesen,high,Bomb,none,,unresolvable,none,,"""BHAG. 11,"">22. MBH. 3,1840. 2356. 13,7774 ({#vasUneza#} mit der ed. Bomb. zu lesen). 14,2414. fgg. HARIV. 441. fgg. 3007. fgg.</ls"
PWG-L108547-MBH14.93,14,93,sAMprata,zu lesen,high,,none,,unresolvable,none,,"sen). H. 1530. H. an. MED. HALĀY. MBH. 14,93. <l"
PWG-L81875-MBH14.99,14,99,yAjya,zu lesen,high,Bomb,none,,unresolvable,none,,"triyA yAjyAH#} 13,2905. 4422. 14,99 (wo mit der ed. Bomb. {#pUrvam#} st. {#putram#} zu lesen ist). 124. 162. 178. <l"
PWG-L81875-MBH14.99,14,99,yAjya,st.,medium,Bomb,none,,unresolvable,none,,"triyA yAjyAH#} 13,2905. 4422. 14,99 (wo mit der ed. Bomb. {#pUrvam#} st. {#putram#} zu lesen ist). 124. 162. <ls"
PWG-L57842-MBH14.226,14,226,marutta,fälschlich,medium,,none,,unresolvable,none,,"MBH. 1,225. 5,3842. 12,1798. 14,226. fgg. MĀRK. P. 27,16. Verz. d. Oxf. H. 13,a,21. fgg. 345,a,42 (fälschlich {#maruttama#} Verz. d. B. H. 122). — Nach WILSON auch {%Wind, Sturm%}."
PWG-L59390-MBH14.237,14,237,mA,zu lesen,high,,none,,unresolvable,none,,"rAgAH kaTaMcidbfhaspatiM paridAtuM marutte . mA tvAM Dakzye cakzuzA#} 14,237. R. GORR. 2,65,39. PAÑCAT. 257,24 (wo {#yad#} st. {#yadi#} mit der v. l. zu lesen ist, wie schon BENFEY bemerkt hat). — 6〉 "
PWG-L59390-MBH14.237,14,237,mA,st.,medium,,none,,unresolvable,none,,"rAgAH kaTaMcidbfhaspatiM paridAtuM marutte . mA tvAM Dakzye cakzuzA#} 14,237. R. GORR. 2,65,39. PAÑCAT. 257,24 (wo {#yad#} st. {#yadi#} mit der v. l. zu lesen ist, wie schon BENFEY bemerkt hat)"
PWG-L59390-MBH14.237,14,237,mA,st.,medium,Bomb,none,,unresolvable,none,,". N. 14,22. MBH. 5,7293. 7299. 14,237. R. 2,25,18 ({#ca#} st. {#sma#} ed. Bomb.). Spr. 2164. 2866. <ls n=""Spr."
PWG-L55166-MBH14.474,14,474,BU,zu lesen,high,,none,,unresolvable,none,,} d. i. {%sterben%} (vgl.
PWG-L87675-MBH14.560,14,560,vaD,zu lesen,high,Bomb,none,,unresolvable,none,,"n Bomb. Ausgg. richtiger {#bA˚#} gelesen; statt {#vaDyante#} MBH. 14,560 ist mit der ed. Bomb. {#viDyante#} zu lesen. — Die Schreibung mit {#ba#} findet sich VS. 9,38. 10,8; mehrma"
PWG-L82186-MBH14.562,14,562,yuj,fälschlich,medium,,none,,unresolvable,none,,">med. MBH. 13,750. MĀRK. P. 43,40. {#yuYjAna#} MBH. 14,562 (in beiden Ausgg. fälschlich {#BuYjAna#}). BHĀṢĀP. 64. act. MBH. 14,546. BHĀG. P. 7,1,2"
PWG-L92885-MBH14.573,14,573,viroDa,fehlerhaft,high,Bomb,none,,unresolvable,none,,"e#} KATHĀS. 64,14. — 6〉 fehlerhaft für {#niroDa#} MBH. 14,573 (ed. Bomb. {#ni˚#}). R. 1,76 in der"
PWG-L106410-MBH14.758,14,758,sar,fälschlich,medium,,none,,unresolvable,none,,"837. fg. 7,446. 13,2320. fg. 14,758. HARIV. 3934. 4096. 6445. R. GORR. 1,31,19 (fälschlich {#niHsrita#} 30,17 SCHL.). 2,62,3"
PWG-L65277-MBH14.840,14,840,alarka,fälschlich,medium,,none,,unresolvable,none,,"n=""1"">— 2〉 MBH. 12,87. — 4〉 MBH. 3,957. 14,840. R. 2,12,40. MĀRK. P. 16,2. fgg. (hier fälschlich {#anarka#} gedr.). 26,13. 14. <l"
PWG-L119138-MBH14.879,14,879,uru,zu lesen,high,,none,,unresolvable,none,,"/ab> 18 zu lesen 6,75,18. — Z. 21. fg. das Beispiel MBH. 14,879 zu streichen; <"
PWG-L28981-MBH14.913,14,913,tark,lies,high,,none,,unresolvable,none,,"} (lies: {#tarkayase#} {%beurtheilst, dir vorstellst%}) {#svabudDyA#} MBH. 14,913. <div"
PWG-L39257-MBH14.950,14,950,nirAbADa,st.,medium,,none,,unresolvable,none,,"#} MBH. 13,6644. {#karman#} HARIV. 11811. {#jYAna#} MBH. 14,950; st. dessen {#nirADAra#} 1322. Hieher gehört viell. auch:"
PWG-L50772-MBH14.989,14,989,prAnAqI,fehlerhaft,high,,none,,unresolvable,none,,"{#prAnAqI#}¦ MBH. 14,989 wohl fehlerhaft für {#praRAqI#} = {#praRAlI#}."
PWG-L51178-MBH14.1039,14,1039,pretyaBAvika,fehlerhaft,high,,none,,unresolvable,none,,"stand nach dem Tode sich beziehend%} (Gegens. {#EhalOkika#}) MBH. 14,1039. — Wohl fehlerhaft für {#prEtya˚#}."
PWG-L96328-MBH14.1111,14,1111,vyaBicArin,zu lesen,high,,none,,unresolvable,none,,"ti#} BHAG. 13,10. Verz. d. Oxf."
PWG-L90142-MBH14.1130,14,1130,vAraka,fehlerhaft,high,Bomb,none,,unresolvable,none,,"4. {#vAraka#}¦ MBH. 14,1130 fehlerhaft für {#cAraka#} {%in Bewegung setzend%}, wie die ed. Bomb. liest; KATHĀS. 72,"
PWG-L90142-MBH14.1130,14,1130,vAraka,fehlerhaft,high,Bomb,none,,unresolvable,none,,"4. {#vAraka#}¦ MBH. 14,1130 fehlerhaft für {#cAraka#} {%in Bewegung setzend%}, wie die ed. Bomb. liest; KATHĀS. 72,20 fehlerhaft für {#vArdDaka#} {%Alter%}."
PWG-L59310-MBH14.1174,14,1174,mahendra,zu lesen,high,,none,,unresolvable,none,,"BH."">3,8158. 5,353. 13,7657. 14,1174. HARIV. 2322. 5295. 12395 ({#SElendraM#} zu lesen). R. 1,75,8. 76,15. 4,37,2. 62,"
PWG-L104875-MBH14.1196,14,1196,saMnyAsin,zu lesen,high,,none,,unresolvable,none,,"agt hat%} MAITRYUP. 6,10</l"
PWG-L103043-MBH14.1236,14,1236,saMSleza,st.,medium,Bomb,none,,unresolvable,none,,"II) 1806. CHANDOM. 97. — 3〉 {%Riemen, Band%} MBH. 14,1236 nach der richtigen Lesart der ed. Bomb. st. {#saMkleSa#} der ed. Calc."
PWG-L64960-MBH14.1283,14,1283,arajas,st.,medium,Bomb,none,,unresolvable,none,,"arajas#}¦ 3〉 {%frei von Drang, Leidenschaft%} (s. {#rajas#}) MBH. 14,1283, wo die ed. Bomb. {#vivikte#} st. {#vimukte#} liest."
PWG-L86101-MBH14.1411,14,1411,lavaRa,zu lesen,high,,none,,unresolvable,none,,"R. 14,5,4,12. LĀṬY. 1,1,12. CHĀND"
PWG-L86101-MBH14.1411,14,1411,lavaRa,st.,medium,,none,,unresolvable,none,,"R. 14,5,4,12. L"
PWG-L98188-MBH14.1540,14,1540,Sarkara,st.,medium,,none,,unresolvable,none,,"ara%}), {#kzudra˚, guqa˚, jala˚, t"
PWG-L9940-MBH14.1558,14,1558,i,fehlerhaft,high,,none,,unresolvable,none,,"n#} PAÑCAT. 197,20. — 5〉 MBH. 1,8437 und 14,1558 fehlerhaft für {#parItta#} (s. u. {#dA, dadAti#} mit {#pari#}) {%anvertraut%}. —"
PWG-L115989-MBH14.1814,14,1814,han,fälschlich,medium,,none,,unresolvable,none,,"{#tIvraSoka˚#} 3,10493. 12261. 14,1814. R. 2,44,16. 57,6. — c〉 {%angeschlagen%}: eine Trommel Spr. (II) 1316. KATHĀS. 20,226 (fälschlich {#˚hfta#}). — Vgl. {#samAGAta#}. — {#ud#} 1〉 {%hinauf —, h"
PWG-L95950-MBH14.1836,14,1836,vErAwa,zu lesen,high,Bomb,none,,unresolvable,none,,"rva#} mit der ed. Bomb. zu lesen). 7,2766. 14,1836 ({#vErAwi#} mit der ed. Bomb. zu lesen). 1846. fg. 15,591. BHĀG. P. 1,8,14. <di"
PWG-L84873-MBH14.1881,14,1881,ruc,zu lesen,high,Bomb,none,,unresolvable,none,,"""MBH."">4,13. 5,7415. 13,770. 14,1881 (wo mit der ed. Bomb. {#me#} st. {#mAM#} zu lesen ist). R. 1,9,33. 68,16. 2,21,2. <ls n=""R. 2,"""
PWG-L84873-MBH14.1881,14,1881,ruc,st.,medium,Bomb,none,,unresolvable,none,,"""MBH."">4,13. 5,7415. 13,770. 14,1881 (wo mit der ed. Bomb. {#me#} st. {#mAM#} zu lesen ist). R. 1,9,33. 68,16. 2,21"
PWG-L39775-MBH14.2118,14,2118,nirhrAda,fälschlich,medium,,none,,unresolvable,none,,"n=""MBH."">6,5574. {#raTa˚#} BHĀG. P. 3,17,8. {#DanuzaH#} MBH. 14,2118 (fälschlich {#nirhAda#}). {#ABaraRa˚#} HARIV. 13618. {#sEnyasya#} R. 3,30,27. {#har"
PWG-L118938-MBH14.2201,14,2201,Ikz,lies,high,,none,,unresolvable,none,,"ab>st. {#prezya#}. — {#sam#} 3〉 am Ende, das Beispiel MBH"
PWG-L118938-MBH14.2201,14,2201,Ikz,zu lesen,high,Bomb,none,,unresolvable,none,,"ab>st. {#prezya#}. — {#sam#} 3〉 am Ende, das Beispiel MBH. 14,2201 zu streichen, da hier mit der ed. Bomb. {#samOkzata#} zu lesen ist."
PWG-L118938-MBH14.2201,14,2201,Ikz,st.,medium,,none,,unresolvable,none,,"ab>st. {#prezya#}. — {#sam#} 3〉 am Ende, das Beispiel MBH. 14,2201 zu s"
PWG-L103267-MBH14.2202,14,2202,saMhlAda,fehlerhaft,high,,none,,unresolvable,none,,"ex>m. 1〉 fehlerhaft für {#saMhrAda#} 1〉 MBH. 14,2202. — 2〉 fehlerhaft für {#s"
PWG-L103267-MBH14.2202,14,2202,saMhlAda,fehlerhaft,high,,none,,unresolvable,none,,"ex>m. 1〉 fehlerhaft für {#saMhrAda#} 1〉 MBH. 14,2202. — 2〉 fehlerhaft für {#saMhrAda#} 2〉 MBH. 1,2526. 2642. — Die <l"
PWG-L106569-MBH14.2208,14,2208,sarj,zu lesen,high,Bomb,none,,unresolvable,none,,"n#} u. s. w. MBH. 5,7045. 7,8853. 14,2208 (wohl {#arjune#} zu lesen; {#arjunaH#} ed. Bomb.). BHAṬṬ. 14,45. {#kAlotsfzwAM prajvalitAmivolkAm"
PWG-L28871-MBH14.2310,14,2310,tar,lies,high,,none,,unresolvable,none,,"ftpitrA#} (lies: {#saMtA˚#} und vgl. {#pra#} caus.) MBH. 14,2310. —"
PWG-L50820-MBH14.2357,14,2357,prAya,fehlerhaft,high,,none,,unresolvable,none,,"s n=""R. 4,"">56,24. {#ASizye#} fehlerhaft st. {#Asizye#} MBH. 14,2357. R. 2,21,27. 4,53,15</l"
PWG-L50820-MBH14.2357,14,2357,prAya,st.,medium,,none,,unresolvable,none,,"s n=""R. 4,"">56,24. {#ASizye#} fehlerhaft st. {#Asizye#} MBH. 14,2357. R. 2,21,27. 4,53,15. <ls"
PWG-L25941-MBH14.2405,14,2405,cEtravAhanI,fälschlich,medium,,none,,unresolvable,none,,"/lex> patron. der Citrāṅgadā MBH. 14,2358. 2405. fälschlich {#˚vAhinI#} 1,7827."
PWG-L85553-MBH14.2476,14,2476,rOdra,fehlerhaft,high,,none,,unresolvable,none,,"v n=""1"">— 11〉 m. pl. N. pr. ein"
PWG-L49253-MBH14.2639,14,2639,pranftya,fehlerhaft,high,,none,,unresolvable,none,,"{#pranftya#}¦ MBH. 3,6088. 14,2639 ({%umtanzt%}) und MĀRK. P. Einl. 2. (n. {%Tanz%}) fehlerhaft für {#pranftta#} (s. u. {#nart#} mit {#pra#})."
PWG-L84408-MBH14.2668,14,2668,rAtrI,fehlerhaft,high,Bomb,none,,unresolvable,none,,"2,66,7. 323,18. — 4〉 {#rAtrIH#} MBH. 14,2668 fehlerhaft für {#pAtrIH#}, wie die ed. Bomb. liest. — Vgl. {#anDa˚, kAl"
PWG-L32576-MBH14.2672,14,2672,dAya,lies,high,,none,,unresolvable,none,,"M. NĪTIS. 12,36. {#prIti˚#} {%Liebesgabe%} MBH. 13,333. 14,2672. R. 1,29,4. 3,3,21. 4,1. 5,14. {#dAya#} {%Hochzeitsgeschenk%} AK. 2,8,1,18 (lies: {#sa dAyo#}). H. 520, Sch. H. an. MED.; vgl.</ab"
PWG-L94757-MBH14.2713,14,2713,vftta,zu lesen,high,,none,,unresolvable,none,,","">48 (wo wohl eben so zu lesen ist). {#Sukla˚#} adj. MBH. 14,2713. {#nyAya˚#} adj. M."
PWG-L90375-MBH14.2747,14,2747,vArdDaka,zu lesen,high,,none,,unresolvable,none,,"#tadBAva#} st. {#sadBAva#} zu lesen nach STENZLER). MBH. 14,2747. Spr. 4928. 4997</ls"
PWG-L90375-MBH14.2747,14,2747,vArdDaka,st.,medium,,none,,unresolvable,none,,"#tadBAva#} st. {#sadBAva#} zu lesen nach STENZLER). MBH. 14,2747. Spr. 4928</"
PWG-L95778-MBH14.2852,14,2852,vEdyasika,fehlerhaft,high,,none,,unresolvable,none,,"{#vEdyasika#}¦ MBH. 14,2852 fehlerhaft für {#vEGasika#}."
PWG-L44166-MBH15.81,15,81,pARqa,fehlerhaft,high,,none,,unresolvable,none,,"rarAjO#} MBH. 2,119 fehlerhaft für {#pARqyo˚, pARqaputrezu#} 15,81 fehlerhaft für {#pARqu˚#}."
PWG-L92652-MBH15.93,15,93,vimuKa,fehlerhaft,high,Bomb,none,,unresolvable,none,,"uni R. 7,1,3; v. l. {#vimuca#}. — {#'vimuKaM#} MBH. 15,93 fehlerhaft für {#'BimuKaM#}, wie die ed. Bomb. liest."
PWG-L54474-MBH15.201,15,201,BAjya,fehlerhaft,high,Bomb,none,,unresolvable,none,,", Dividend%} COLEBR. Alg. 8. SIDDHĀNTAŚIR. 13,24. — MBH. 15,201 fehlerhaft für {#Bojya#}, wie die ed. Bomb. hat."
PWG-L39600-MBH15.439,15,439,niryARa,fälschlich,medium,,none,,unresolvable,none,,"den Unterschrr. der Sarga. MBH. 1,333 und 15,439 fälschlich mit {#na#} statt {#Ra#}. — 2〉 {%das Fortgehen%} so v. a. {%Vergehen,"
PWG-L39600-MBH15.439,15,439,niryARa,statt,medium,,none,,unresolvable,none,,"den Unterschrr. der Sarga. MBH. 1,333 und 15,439 fälschlich mit {#na#} statt {#Ra#}. — 2〉 {%das Fortgehen%} so v. a. {%Vergehen, Verschwinden%}: {"
PWG-L95179-MBH15.630,15,630,veRI,fehlerhaft,high,Bomb,none,,unresolvable,none,,"ab> — 2〉 {%Schafmutter%} H. 1277. — 3〉 MBH. 15,630 fehlerhaft für {#veRu#}, wie die ed. Bomb. liest."
PWG-L47500-MBH15.677,15,677,pOrARa,lies,high,,none,,unresolvable,none,,"5,"">7087. 12,13525. 13,7370. 15,677. HARIV. 1052. 5437 (lies {#pOrARIM#}). 5799. 7922 (lies {#pOrARaM#}). fg."
PWG-L47500-MBH15.677,15,677,pOrARa,lies,high,,none,,unresolvable,none,,"5,"">7087. 12,13525. 13,7370. 15,677. HARIV. 1052. 5437 (lies {#pOrARIM#}). 5799. 7922 (lies {#pOrARaM#}). fg. R. GORR. 2,18,23. 61,9. <ls n=""R"
PWG-L105517-MBH15.784,15,784,samAgama,zu lesen,high,Bomb,none,,unresolvable,none,,"""M."">11,82. fg. MBH. 3,1840. 2130. 15,784 (mit der ed. Bomb. {#imaM#} st. {#idaM#} zu lesen). R. 1,4,10. R. GORR. 1,50,20. 5,32,2. RĀJA-T"
PWG-L105517-MBH15.784,15,784,samAgama,st.,medium,Bomb,none,,unresolvable,none,,"""M."">11,82. fg. MBH. 3,1840. 2130. 15,784 (mit der ed. Bomb. {#imaM#} st. {#idaM#} zu lesen). R. 1,4,10. R. GORR. 1,50,20."
PWG-L114391-MBH15.826,15,826,sparh,zu lesen,high,Bomb,none,,unresolvable,none,,"mit acc. der Person Spr. (II) 6947. ohne Ergänzung MBH. 15,826 ({#divAniSam#} st. {#divAkaram#} mit der ed. Bomb. zu lesen). BHĀG. P. 10,62,17. — 2〉 {%Neid empfinden, Jmd beneiden%}; mit d"
PWG-L114391-MBH15.826,15,826,sparh,st.,medium,Bomb,none,,unresolvable,none,,"mit acc. der Person Spr. (II) 6947. ohne Ergänzung MBH. 15,826 ({#divAniSam#} st. {#divAkaram#} mit der ed. Bomb. zu lesen). BHĀG. P. 10,62,17. <div"
PWG-L103225-MBH15.840,15,840,saMharza,st.,medium,Bomb,none,,unresolvable,none,,"."">2,314,9. {%wollüstige Erregung%} 1,285,20. MBH. 15,840 ({#saMGarza#} ed. Bomb.). — b〉 {%freudige Erregung, Freude%} H. an. 3,743. MED. ṣ. 46 (wo wohl {#hfzwi#} st. {#Gfzwi#} zu lesen ist; {#pramoda"
PWG-L103677-MBH15.840,15,840,saMGarza,st.,medium,Bomb,none,,unresolvable,none,,">. BHĀG. P. 11,13,7. — 2〉 {%wollüstige Erregung%} MBH. 15,840 nach der Lesart der ed. Bomb. st. {#saMharza#} der ed. Calc. — 3〉 {%Wettstreit, Wetteifer, Eifersu"
PWG-L106569-MBH15.934,15,934,sarj,fehlerhaft,high,,none,,unresolvable,none,,SI yaH saMyogaM parisarja
PWG-L43196-MBH16.73,16,73,parizad,fälschlich,medium,,none,,unresolvable,none,,"daSAvarA vA parizadyaM DarmaM parikalpayet#} M. 12,110. fgg. MBH. 16,73 (mit {#sa#} fälschlich geschrieben). R. GORR. 2,13,16. {#amAtya˚#} MĀLAV. 69,21. {#mantri˚#} <"
PWG-L62349-MBH16.195,16,195,mOlya,fehlerhaft,high,,none,,unresolvable,none,,"(II) 2,21. {#bahu˚#} ({#˚mUlya#} ed. Bom"
PWG-L54581-MBH18.210,18,210,BArata,zu lesen,high,Bomb,none,,unresolvable,none,,"3. Spr. 340. {#itihAsa#} MBH. 1,19. {#AKyAna#} 18,210 (wo mit der ed. Bomb. {#idaM#} st. {#imaM#} zu lesen ist). BHĀG. P. 1,4,25. subst. n. TRIK. 3,3,175. fg."
PWG-L54581-MBH18.210,18,210,BArata,st.,medium,Bomb,none,,unresolvable,none,,"3. Spr. 340. {#itihAsa#} MBH. 1,19. {#AKyAna#} 18,210 (wo mit der ed. Bomb. {#idaM#} st. {#imaM#} zu lesen ist). BHĀG. P. 1,4,25. subst. n."
PWG-L86664-MBH2.9,2,9,lokanATa,fälschlich,medium,,none,,unresolvable,none,,"/is> oder Kṛṣṇa H. ś. 71 (fälschlich {#lokanABa#}). MBH. 2,9. 16,137. BHĀG. P. 2,7,15 ({#a"
PWG-L98968-MBH2.34,2,34,SArNga,fälschlich,medium,,none,,unresolvable,none,,". Oxf. H. 183,b,1. <ls n=""Verz. d."
PWG-L116782-MBH2.97,2,97,hAriRa,fehlerhaft,high,,none,,unresolvable,none,,"s>HEM. YOGAŚ. 2,43 darnach zu verbessern). YĀJÑ. 1,257. MBH. 2,97. MĀRK. P. 32,3. {#basti#} CARAKA 10,3. — HEM. YOGAŚ. 4,32 fehlerhaft für {#hariRa#}."
PWG-L47277-MBH2.112,2,112,pENga,zu lesen,high,,none,,unresolvable,none,,"295. — 2〉 m. N. pr. eines Lehrers MBH. 2,112; viell. ist {#pENgya#} zu lesen."
PWG-L22561-MBH2.155,2,155,guRa,falsch,medium,,none,,unresolvable,none,,"Schol. falsch gedeutet) 4,54,2 vgl. MBH. 2,155 und oben u"
PWG-L61125-MBH2.198,2,198,muzwi,fälschlich,medium,,none,,unresolvable,none,,"i samare ripUn ..#} {%nicht das Geringste, keine Handvoll dalassend%} MBH. 2,198. — 3〉 {%Handvoll%} als {%ein best. Maass%} = {#pala#} MED. (fälschlich {#Pala#} gedr.). ŚĀRṄG. SAṂH. 1,1,18. Verz. d. O"
PWG-L89527-MBH2.319,2,319,vAjarzi,fehlerhaft,high,Bomb,none,,unresolvable,none,,"{#vAjarzi#}¦ MBH. 2,319 fehlerhaft für {#rAjarzi#}, wie die ed. Bomb. liest."
PWG-L40016-MBH2.326,2,326,nizada,fehlerhaft,high,,none,,unresolvable,none,,"da#}¦ m. 1〉 N. pr. eines alten Königs MBH. 2,326. Wohl fehlerhaft für {#nizaDa#}. — 2〉 {%eine best. Note%}, = {#nizAda#} SVĀMIN</ls"
PWG-L99205-MBH2.343,2,343,SiMSapA,fehlerhaft,high,,none,,unresolvable,none,,". 289 (59). Aus metrischen Rücksichten {#SiMSapa#} m. MBH. 2,343. PAÑCAR. 1,6,17. {#SiSapA#} R. 5,39,23. fehlerhaft {#SiMSipA#} VET. in LA. (III) 4,1. 2. <ls n=""V"
PWG-L62343-MBH2.368,2,368,mOlin,fehlerhaft,high,,none,,unresolvable,none,,"— b〉 {%mit einem Diadem geschmückt%} MBH. 1,7647. 2,368. Śiva ŚIV. {#saMmoha˚#} MAITRYUP. 6,28. — 2〉 m. MĀRK. P. 112,9 fehlerhaft für {#mOnin#} {%ein%} Muni, {%der das Gelübde des Schweigens beobachte"
PWG-L95218-MBH2.371,2,371,veRvA,fehlerhaft,high,,none,,unresolvable,none,,"f. N. pr. eines Flusses (fehlerhaft für {#veRA#}) MBH. 2,371. HARIV. 5229. 5290 (die ne"
PWG-L87077-MBH2.374,2,374,lOhitya,st.,medium,,none,,unresolvable,none,,. eines
PWG-L104762-MBH2.375,2,375,saMDya,fehlerhaft,high,,none,,unresolvable,none,,"=""2"">— g〉 N. pr. eines Flusses H. an. MED. MBH. 2,375. — h〉 {%Grenze%} H. an. — i〉 = {#saMDAna#} H. an. — k〉 {%Versprechen, Gelöbniss%} (fehlerhaft für {#saMDA#}) H. an. UJJVAL. — l〉 = {#cintA#} (von "
PWG-L95024-MBH2.415,2,415,vfzaBa,zu lesen,high,,none,,unresolvable,none,,"116. <ls n=""M. 1"
PWG-L107776-MBH2.427,2,427,sahasrika,fehlerhaft,high,,none,,unresolvable,none,,}) am Ende eines <a
PWG-L102946-MBH2.459,2,459,saMvftti,fehlerhaft,high,,none,,unresolvable,none,,") f. 1〉 etwa {%Erfüllung%}, personif. MBH. 2,459. — 2〉 wohl fehlerhaft für {#sadvftti#} R. GORR. 2,109,31. KATHĀS. 56,415. — 3〉 feh"
PWG-L102946-MBH2.459,2,459,saMvftti,fehlerhaft,high,,none,,unresolvable,none,,") f. 1〉 etwa {%Erfüllung%}, personif. MBH. 2,459. — 2〉 wohl fehlerhaft für {#sadvftti#} R. GORR. 2,109,31. KATHĀS. 56,415. — 3〉 fehlerhaft für {#saMvfti#} in {#yoni˚#}."
PWG-L84174-MBH2.479,2,479,rAjaloka,fälschlich,medium,,none,,unresolvable,none,,"{#rAjaloka#}¦ m. {%eine Gesellschaft von Fürsten%} MBH. 2,479. KATHĀS. 14,59. 18,26. 42,195 (hier fälschlich {#rAjya˚#}). MĀRK. P. 109,11."
PWG-L114351-MBH2.485,2,485,sparD,zu lesen,high,,none,,unresolvable,none,,"> mit dem Elephanten) Z. d. d. m. G. 27,10. {#saha Sak"
PWG-L15249-MBH2.577,2,577,karUza,zu lesen,high,,none,,unresolvable,none,,"/ls>. 351. MBH. 13,5666 (?). Für {#karUza#} MBH. 2,577 ist wohl {#kArUza#} zu lesen, da {%der Fürst dieses Volkes%}, Dantavakra, gemeint ist. Dieselbe Person (V"
PWG-L111944-MBH2.590,2,590,susTala,zu lesen,high,,none,,unresolvable,none,,"{#susTala#}¦ m. pl. N. pr. eines Volkes MBH. 2,590. vielleicht ist auch im gaṇa {#BargAdi#} zu P. 4,1,178 {#susTala#} st. {#susTAla#} zu lesen."
PWG-L111944-MBH2.590,2,590,susTala,st.,medium,,none,,unresolvable,none,,"{#susTala#}¦ m. pl. N. pr. eines Volkes MBH. 2,590. vielleicht ist auch im gaṇa {#BargAdi#} zu P. 4,1,178 {#susTala#} st. {#susTAla#} zu lesen."
PWG-L50797-MBH2.595,2,595,prApti,fehlerhaft,high,,none,,unresolvable,none,,". 1,2597. neben Asti eine Tochter Jarāsaṃdhaʼs 2,595. HARIV. 4955. {#prAptI#} VP. 563. — {#prApti#} PAÑCAT. III, 260 wohl fehlerhaft für {#prAnta#}; vgl. Spruch 4130"
PWG-L63183-MBH2.619,2,619,aDi,st.,medium,,none,,unresolvable,none,,ojanAdaDi#} so v. a. {%ein%}
PWG-L102764-MBH2.680,2,680,saMyuga,zu lesen,high,,none,,unresolvable,none,,"#anayasyAnupAyasya saMyuge#} (= {#saMyoge#} 679) MBH. 2,680. Verz. d. Oxf. H. 54,b,19 (wohl {#saMyugaM#} zu lesen). — 2〉 {%Kampf, Schlacht%} NAIGH. 2,17. AK. 2,8,2,73. H."
PWG-L114480-MBH2.810,2,810,sPIta,st.,medium,,none,,unresolvable,none,,">PAÑCAR. 1,3,60. {#paribarha#} DAŚAK. 61,2. {#utsavAH#}"
PWG-L65220-MBH2.831,2,831,arvAYc,lies,high,,none,,unresolvable,none,,"niSITAtparatastvayA sArDaM vadizyataH#} {%vor oder nach Mitternacht%} MBH. 2,831. *Z. 8 lies 2,31 st. 1,31."
PWG-L65220-MBH2.831,2,831,arvAYc,st.,medium,,none,,unresolvable,none,,"niSITAtparatastvayA sArDaM vadizyataH#} {%vor oder nach Mitternacht%} MBH. 2,831. *Z. 8 lies 2,31 st. 1,31."
PWG-L95612-MBH2.854,2,854,vEkfta,zu lesen,high,,none,,unresolvable,none,,"feindseliges Benehmen%}: {#BavataH#} (so ist wohl zu lesen) {#prati#} MBH. 2,854. fg. HARIV. 4274. {#SAnta˚#} adj."
PWG-L95148-MBH2.895,2,895,vegAtiga,fehlerhaft,high,Bomb,none,,unresolvable,none,,"{#vegAtiga#}¦ adj. MBH. 2,895 fehlerhaft für {#velAtiga#}, wie die ed. Bomb. liest."
PWG-L107848-MBH2.1029,2,1029,sahma,fehlerhaft,high,Bomb,none,,unresolvable,none,,"{#sahma#}¦ MBH. 2,1029 fehlerhaft für {#suhma#}, wie die ed. Bomb. liest."
PWG-L100646-MBH2.1106,2,1106,SUrasena,zu lesen,high,Bomb,none,,unresolvable,none,,"b> eines Volkes, das um Mathurā wohnte, MBH. 2,590. 1106 ({#SUrasenAn#} mit der ed. Bomb. zu lesen). 4,11. 144. 5,2138. <ls n=""MBH."
PWG-L95219-MBH2.1117,2,1117,veRvAtawa,fehlerhaft,high,,none,,unresolvable,none,,"{#veRvAtawa#}¦ MBH. 2,1117 fehlerhaft für {#veRAtawa#}."
PWG-L65498-MBH2.1208,2,1208,avarza,lies,high,,none,,unresolvable,none,,"{#avarza#}¦ lies n. st. m. und füge MBH. 2,1208 hinzu."
PWG-L65498-MBH2.1208,2,1208,avarza,st.,medium,,none,,unresolvable,none,,"{#avarza#}¦ lies n. st. m. und füge MBH. 2,1208 hinzu."
PWG-L65669-MBH2.1214,2,1214,avyaya,fälschlich,medium,,none,,unresolvable,none,,"1. — {#avyaya#} häufig fälschlich für {#apyaya#}, z. B. MBH. 2,1214. 12,9211. <ls n=""MB"
PWG-L64294-MBH2.1391,2,1391,apyaya,st.,medium,,none,,unresolvable,none,,"#} {%Entstehen und Vergehen%} so v. a. {%Ursprung und Ende%} MBH. 2,1391. WEBER, RĀMAT. UP. 338. Bisweilen st. dessen fälschlich {#avyaya#}, z. B. MBH. 2,1214. 12,9"
PWG-L64294-MBH2.1391,2,1391,apyaya,fälschlich,medium,,none,,unresolvable,none,,"#} {%Entstehen und Vergehen%} so v. a. {%Ursprung und Ende%} MBH. 2,1391. WEBER, RĀMAT. UP. 338. Bisweilen st. dessen fälschlich {#avyaya#}, z. B. MBH. 2,1214. 12,9211."
PWG-L14857-MBH2.1641,2,1641,kapAlin,st.,medium,,none,,unresolvable,none,,"m_ŚKDR. ŚIV. {#kapAlim#} st. {#kapAlinam#} MBH. 2,1641 (vgl. {#pinAkim#} 1642</"
PWG-L89483-MBH2.1657,2,1657,vAcyatA,zu lesen,high,,none,,unresolvable,none,,"cyatAM gam, i, yA, prAp#} {%in Tadel verfallen, sich Tadel zuziehen%} MBH. 2,1657. KĀM. NĪTIS. 10,23 (wohl {#nEti#} st. {#nEva#} zu lesen). 11,44. Spr. 2095. fg. 3125. BHĀ"
PWG-L89483-MBH2.1657,2,1657,vAcyatA,st.,medium,,none,,unresolvable,none,,"cyatAM gam, i, yA, prAp#} {%in Tadel verfallen, sich Tadel zuziehen%} MBH. 2,1657. KĀM. NĪTIS. 10,23 (wohl {#nEti#} st. {#nEva#} zu lesen). 11,44. Spr. 2095. fg. <ls n=""S"
PWG-L28360-MBH2.1774,2,1774,takzan,zu lesen,high,,none,,unresolvable,none,,"#} st. {#takzRorvA˚#} zu lesen ist). 10,107. MBH. 2,1774. fgg. 5,256. fgg. <l"
PWG-L28360-MBH2.1774,2,1774,takzan,st.,medium,,none,,unresolvable,none,,"#} st. {#takzRorvA˚#} zu lesen ist). 10,107. MBH. 2,1774. fgg. <ls"
PWG-L25411-MBH2.1804,2,1804,citraka,st.,medium,,none,,unresolvable,none,,"āga H. 1311, Sch. — δ〉 eines Volkes MBH. 2,1804. — 2〉 n. a〉 {%Sectenzeichen auf der Stirn%} AK. 2,6,3,24. TRIK. (wo wohl {#tilake#} st. {#citrake#} zu lesen ist). H. 653, Sch. MED. HARIV. 7"
PWG-L80108-MBH2.1830,2,1830,BarukacCa,st.,medium,Bomb,none,,unresolvable,none,,">N. pr. einer Gegend VARĀH. BṚH. S. 69,11. {#˚nivAsin#} MBH. 2,1830 nach der Lesart der ed. Bomb. st. {#marukacCa#} der ed. Calc. {#maru˚#} ist auch die v. l. an allen"
PWG-L14146-MBH2.1837,2,1837,OzRIka,fehlerhaft,high,,none,,unresolvable,none,,"{#OzRIka#}¦ MBH. 2,1837 viell. fehlerhaft für {#OzRIza#} = {#uzRIzin#}."
PWG-L68692-MBH2.1847,2,1847,UrRa,st.,medium,Bomb,none,,unresolvable,none,,"{#UrRa#}¦ 1〉 MBH. 2,1847 hat die ed. Bomb. richtig {#OrRaM#} st. {#UrRaM#}. {#UrRApiRqa#} Ind. St. 4,266. {#UrRA#} von {%den Fäden der Spinn"
PWG-L114837-MBH2.1915,2,1915,svakza,st.,medium,Bomb,none,,unresolvable,none,,"#} R. 6,86,4. m. {%ein Wagen mit schönen Achsen%} MBH. 2,1915 ({#tvakzAn#} st. {#svakzAn#} ed. Bomb. = {#SakawAn#} NĪLAK.)."
PWG-L99812-MBH2.1964,2,1964,Siz,fehlerhaft,high,,none,,unresolvable,none,,"taH — Sizyante sma kadA ca na#} MBH. 3,2069. fg. — {#Sizye#} MBH. 2,1964 in beiden Ausgg. offenbar fehlerhaft für {#Sezye#} (von 2. {#SI#}); vgl. 5,63. {#na Sizy"
PWG-L54187-MBH2.2061,2,2061,Barita,st.,medium,Bomb,none,,unresolvable,none,,e ed. Bomb. {#BARqinyaH
PWG-L99162-MBH2.2128,2,2128,SAstar,fälschlich,medium,,none,,unresolvable,none,,00. MED. t. 62. 1〉 {%Z
PWG-L32377-MBH2.2394,2,2394,dah,zu lesen,high,,none,,unresolvable,none,,"n Flammen gerathen, bren"
PWG-L87647-MBH2.2396,2,2396,vad,zu lesen,high,,none,,unresolvable,none,,M#} (acc.</
PWG-L81162-MBH2.2399,2,2399,yaTA,st.,medium,,none,,unresolvable,none,,"en und festen Behauptungen {%so gewiss — so wahr%} N. 11,36 (MBH. 2,2399 {#yadi#} st. {#yaTA#}). MBH. 3,16867. fg. 16871. 22"
PWG-L113928-MBH2.2432,2,2432,sTA,zu lesen,high,,none,,unresolvable,none,,"5,38,18. {%hinzutreten zu Jmd%} (acc.)"
PWG-L96821-MBH2.2674,2,2674,vraj,fehlerhaft,high,,none,,unresolvable,none,,"ls> fehlerhaft). 1〉 {%Jmd%} (acc.) {%verbannen%} MBH. 2,2674. <ls n=""MBH."""
PWG-L97760-MBH3.37,3,37,Sap,zu lesen,high,,none,,unresolvable,none,,mit dem im <ab
PWG-L32024-MBH3.121,3,121,dama,lies,high,,none,,unresolvable,none,,". 6,92. BHAG. 10,4. 16,1. MBH. 3,121. N. 6,10. 12,45. INDR. 4,7. — b〉 {%das Zähmen, Bändigen%} H. an. (lies {#damana#} st. {#madana#}) und MED. — c〉 {%Züchtigung, Straf"
PWG-L32024-MBH3.121,3,121,dama,st.,medium,,none,,unresolvable,none,,". 6,92. BHAG. 10,4. 16,1. MBH. 3,121. N. 6,10. 12,45. INDR. 4,7. — b〉 {%das Zähmen, Bändigen%} H. an. (lies {#damana#} st. {#madana#}) und MED. — c〉 {%Züchtigung, Strafe%}; insbes.</a"
PWG-L13825-MBH3.138,3,138,ozaDi,lies,high,,none,,unresolvable,none,,"#} nom. pl. M. 1,46."
PWG-L82186-MBH3.258,3,258,yuj,statt,medium,,none,,unresolvable,none,,"pp. instr. {%durch Jmd einer Sache theilhaftig werden%} MBH. 3,258. BHĀG. P. 1,11,24. statt des einfachen instr. der Sache auch der instr. mit {#saha#} MBH. 13"
PWG-L59392-MBH3.286,3,286,mA,fehlerhaft,high,Bomb,none,,unresolvable,none,,"3,60. PRAB. 79,5. LA. (II) 86,9. — {#anumIya#} MBH. 3,286 fehlerhaft für {#anunIya#}, wie die ed. Bomb. hat. — Vgl. {#anumA, anum"
PWG-L77582-MBH3.286,3,286,nI,fehlerhaft,high,Bomb,none,,unresolvable,none,,"#BettuM#} st. {#netuM#}. — {#anu#} 3〉 {#anumIya#} MBH. 3,286 fehlerhaft für {#anunIya#}, wie die ed. Bomb. liest. — {#apa#} 9〉 {#apanIta#} <l"
PWG-L77205-MBH3.291,3,291,nirayu,st.,medium,,none,,unresolvable,none,,"von NĪLAK. erwähnte v. l. st. {#nirambu#} MBH. 3,291."
PWG-L16988-MBH3.438,3,438,kAS,zu lesen,high,,none,,unresolvable,none,,"twa {#praharzotkAsitEH#} zu lesen?) R. 6,26,48. {#cakASete#} MBH. 3,438 falsche Lesart für {#prakASete#};"
PWG-L49739-MBH3.662,3,662,pravaRa,zu lesen,high,,none,,unresolvable,none,,"BAgena panTAnaH saMvftABavan . pravaRAya ca nEvAsan SAlvasya Sivire#} MBH. 3,662 ist wohl {#prayARAya#} st. {#pravaRAya#} zu lesen. Die Lexicographen geben noch folgende Bedd.: m. = {#catuzpaTa#}"
PWG-L49739-MBH3.662,3,662,pravaRa,st.,medium,,none,,unresolvable,none,,"BAgena panTAnaH saMvftABavan . pravaRAya ca nEvAsan SAlvasya Sivire#} MBH. 3,662 ist wohl {#prayARAya#} st. {#pravaRAya#} zu lesen. Die Lexicographen geben noch folgende Bedd.: m"
PWG-L81815-MBH3.775,3,775,yA,zu lesen,high,Bomb,none,,unresolvable,none,,"erstrich%} R. SCHL. 2,49,2. — {#vyApa#} scheinbar MBH. 3,775, wo aber mit der ed. Bomb. {#vyapAyAt#} zu lesen ist. — {#api#}, AV. 4,37,3 lesen die Hdschr. {#api^ yAmi#},"
PWG-L50535-MBH3.866,3,866,prARa,st.,medium,,none,,unresolvable,none,,{#parvataBArArtA mandaprARavicezwitAH
PWG-L85042-MBH3.962,3,962,ruD,fehlerhaft,high,,none,,unresolvable,none,,"CAV. BR. 9,1,9. KĀṬH. 13,5. — 8〉 {#niruDya#} MBH. 3,962 fehlerhaft für {#niruzya#} (wie schon WESTERGAARD vermuthet hatte), {#niruDyatu#} <ls n=""MB"
PWG-L60902-MBH3.986,3,986,muYja,druckfehler,high,,none,,unresolvable,none,,"> ṢAḌV. BR. 4,1_in_Ind. St. 1,"
PWG-L64049-MBH3.1087,3,1087,apaga,lies,high,,none,,unresolvable,none,,"0,61,2. {#svaDarmAn"
PWG-L22667-MBH3.1288,3,1288,gup,zu lesen,high,,none,,unresolvable,none,,dem%} oder {%wovor man einen Abscheu hat%}: {#
PWG-L92465-MBH3.1347,3,1347,viBAvaka,fehlerhaft,high,,none,,unresolvable,none,,"gl. P. 3,3,10) {%um den Brahmanen Geld zu verschaffen%} MBH. 3,1347. wohl fehlerhaft für {#viBAjaka#}."
PWG-L25297-MBH3.1378,3,1378,ci,zu lesen,high,,none,,unresolvable,none,,"twas kommen, ein"
PWG-L61190-MBH3.1557,3,1557,mUka,lies,high,,none,,unresolvable,none,,"ls>H. an. MED. (lies {#dEtya#} st. {#dEnya#}). MBH. 3,1557. VP. 147, N. 1. <div n="""
PWG-L61190-MBH3.1557,3,1557,mUka,st.,medium,,none,,unresolvable,none,,"ls>H. an. MED. (lies {#dEtya#} st. {#dEnya#}). MBH. 3,1557. VP. 147, N. 1. — β〉 eines Schl"
PWG-L113871-MBH3.1615,3,1615,sTaRqila,fehlerhaft,high,,none,,unresolvable,none,,zetraM kevalaM sTaRqilaM Bavet#} Spr. (II) 56
PWG-L39318-MBH3.1640,3,1640,niruja,fehlerhaft,high,,none,,unresolvable,none,,"{#niruja#}¦ adj. = {#nIruja#} {%gesund%} MBH. 3,1640. Wohl fehlerhaft."
PWG-L101720-MBH3.1724,3,1724,SrImant,fälschlich,medium,,none,,unresolvable,none,,Schol. H. an. MED.</l
PWG-L92620-MBH3.1747,3,1747,vimahant,st.,medium,,none,,unresolvable,none,,"eraus gross%} INDRAL. 1,34. {#sumahant#} st. dessen MBH. 3,1747."
PWG-L81259-MBH3.1754,3,1754,yaTApUrva,zu schreiben,high,,none,,unresolvable,none,,"P. 3,9,43. 32,14. Getrennt zu schreiben MBH. 3,1754. VARĀH. BṚH. S. 43,11. — 2〉 {#˚pUrva/m#} ad"
PWG-L117299-MBH3.1769,3,1769,huhu,zu lesen,high,,none,,unresolvable,none,,">). herzustellen {#huhUH#} für {#hUhUH (hUhU)#} MBH. 1,2559. 3,1769. R. 6,83,13. 92,70. dagegen ist MĀRK. P. 106,57 {#hUhUScEva#} st. {#huhuScEva#} zu lesen; auch TRIK. 3,5,2 ist {#hUhUrgranTiH#} zu l"
PWG-L117299-MBH3.1769,3,1769,huhu,st.,medium,,none,,unresolvable,none,,">). herzustellen {#huhUH#} für {#hUhUH (hUhU)#} MBH. 1,2559. 3,1769. R. 6,83,13. 92,70. dagegen ist MĀRK. P. 106,57 {#hUhUScEva#} st. {#huhuScEva#} zu lesen; auch TRIK. 3,5,2 ist {#hUhUrgranTiH#} zu l"
PWG-L93196-MBH3.1775,3,1775,viS,zu lesen,high,,none,,unresolvable,none,,"Ś."">78. {#Asanezu#} M. 3,208. fg. YĀJÑ. 1,226. MBH. 3,1775. HARIV. 4568 ({#upaveSya#} zu lesen). {#UrO#} 8745. {#aNke#} R. GORR. 2,74,5. SUŚR. 1,15,7</"
PWG-L91742-MBH3.1802,3,1802,vidyAvant,st.,medium,,none,,unresolvable,none,,"{%gelehrt%} INDR. 4,3 ({#vidyayA#} st. {#vidyAvAn#} MBH. 3,1802). Spr. 1932. 2799. <ls"
PWG-L117438-MBH3.1818,3,1818,hfdya,zu lesen,high,,none,,unresolvable,none,,"chte 81,21 ({#hfdyAni#} zu lesen). Schmucksachen MBH. 3,1818. Geruch R. 1,5,15. Spr. (II) 7106."
PWG-L114392-MBH3.1855,3,1855,spaS,fehlerhaft,high,Calc,none,,unresolvable,none,,"ls>. adv. 5,51,9. 82,2. MBH. 3,1855 ({#vizpazwam#} fehlerhaft ed. Calc.). {#su˚#} adj. NṚS. TĀP. UP._in_Ind. St. 9,163"
PWG-L88301-MBH3.2171,3,2171,varuRa,fehlerhaft,high,,none,,unresolvable,none,,"} und {#asI#}), MĀRK. P. 61,5. — 3〉 n. MBH. 3,2171 fehlerhaft für {#varaRa#}."
PWG-L104247-MBH3.2322,3,2322,sad,zu lesen,high,,none,,unresolvable,none,,"KLATT zu lesen) {#himAgame#} Spr. (II) 5388. {#aNgAni#} MBH. 3,2322. PRAB. 89,15</"
PWG-L58080-MBH3.2338,3,2338,malina,zu lesen,high,,none,,unresolvable,none,,"n. 104. HALĀY. 4,42<"
PWG-L81147-MBH3.2368,3,2368,yatra,st.,medium,,none,,unresolvable,none,,vihito mftyurmartyAnAm — yatra kAntA tvayotsfzwA muhUrtamapi jIvat
PWG-L99255-MBH3.2398,3,2398,SiKA,fehlerhaft,high,,none,,unresolvable,none,,"}. — Vgl. {#agniSiKa, agniSiKA#} ({%Flamme%} auch MBH."
PWG-L32377-MBH3.2400,3,2400,dah,lies,high,,none,,unresolvable,none,,"ŚR. 1,10,13. 25,8,19. M. 8,189. MBH. 3,2400. HIḌ. 1,6. 43. PAÑCAT. 98,1. BHĀG. P. 5,14,4. {%angebrannt%} (von Speisen): {#pattrARAm#} (lies: {#pattriRAm#}) {#AmizaM parRam . gorvarjyamAmizaM kzIraM Pa"
PWG-L86354-MBH3.2453,3,2453,liK,zu lesen,high,,none,,unresolvable,none,,"reibend%} d. i. {%bis dahin reichend%} R. 6,15,25. MBH. 3,2453 (wo {#Kamulli˚#} st. {#samu˚#} mit N. 12,39 zu lesen ist). {#SElamulliKantamivAmbaram#} R. 4,43,38. 5,3,36. <ls n=""R."
PWG-L86354-MBH3.2453,3,2453,liK,st.,medium,,none,,unresolvable,none,,"reibend%} d. i. {%bis dahin reichend%} R. 6,15,25. MBH. 3,2453 (wo {#Kamulli˚#} st. {#samu˚#} mit N. 12,39 zu lesen ist). {#SElamulliKantamivAmbaram#} R. 4"
PWG-L72313-MBH3.2675,3,2675,Kalu,lies,high,,none,,unresolvable,none,,"{#Kalu#}¦ Sp. 607, Z. 21 lies N. 16,18 (= MBH. 3,2675) st. N. 16,8."
PWG-L72313-MBH3.2675,3,2675,Kalu,st.,medium,,none,,unresolvable,none,,"{#Kalu#}¦ Sp. 607, Z. 21 lies N. 16,18 (= MBH. 3,2675) st. N. 16,8."
PWG-L53686-MBH3.2729,3,2729,brU,statt,medium,Bomb,none,,unresolvable,none,,"ab>pl. prec. {#brUyAsta#} zu belegen N. 17,35 (MBH. ed. Calc. 3,2729 statt dessen {#brUyAstat#}, die ed. Bomb. aber {#brUyAsta#} mit Erwähnung der Variante"
PWG-L57252-MBH3.2759,3,2759,man,fehlerhaft,high,,none,,unresolvable,none,,". — γ〉 {%Absicht%} H. 1383. MBH. 3,1788. 2759. BHĀG. P. 1,7,32. — Vgl. {#amata#} ({#amata#} KĀM. NĪTIS. 13,67 fehlerhaft für {#aBfta#}; vgl. 75). — 11〉 partic.</"
PWG-L81142-MBH3.2807,3,2807,yatna,zu lesen,high,,none,,unresolvable,none,,"Y. 34,42. {%Bemühung, Mühe, Anst"
PWG-L49552-MBH3.3062,3,3062,pramuKa,st.,medium,,none,,unresolvable,none,,"(st. {#amAtya˚#} wegen eines vorangehenden {#e#}) {#janAH#} MBH. 3,3062. {#prIti"
PWG-L64180-MBH3.3076,3,3076,apaSrayin,fehlerhaft,high,,none,,unresolvable,none,,"{#apaSrayin#}¦ MBH. 3,3076 fehlerhaft für {#apA˚#}."
PWG-L64244-MBH3.3076,3,3076,apASrayin,fälschlich,medium,Calc,none,,unresolvable,none,,"m Ende eines comp. {%einen Halt an — habend%}: {#sattvApA˚#} MBH. 3,3076 (ed. Calc. fälschlich {#apaSra˚#})."
PWG-L116085-MBH3.3993,3,3993,har,zu lesen,high,Bomb,none,,unresolvable,none,,"BH. 1,127. 2023. 3764. 3,3993 ({#Ajahruru˚#} mit der ed. Bomb. zu lesen). 13,530. 6073. 14,48. <ls n=""M"
PWG-L106415-MBH3.6045,3,6045,saraka,st.,medium,,none,,unresolvable,none,,> — h〉 n. N. pr. e
PWG-L37862-MBH3.6088,3,6088,nart,zu lesen,high,,none,,unresolvable,none,,"su pranfttAsu#} 1844. 13,1426. 3,6088 (wo im ersten Verse {#pranftte#} für {#pranftye#} zu lesen ist). {#mArutodDUtaSiKarEH pranftta iva parvataH#} R. 2,95,8. 5,54,12"
PWG-L46350-MBH3.6130,3,6130,puzkara,zu lesen,high,,none,,unresolvable,none,,"3,"">8371. 13,1696. 4887. 6130. HARIV. 12018. 12022. 12273 (vgl. 11558, wo wohl eben so zu lesen ist). 15910. 15912. R. 1,61,4. <ls n=""R."
PWG-L76833-MBH3.7039,3,7039,naraka,zu lesen,high,Bomb,none,,unresolvable,none,,". neutr. Spr. 4649. — 5〉 Z. 3 MBH. 3,7039 (so ist zu lesen st. 7029) hat die ed. Bomb. {#tato gacCedanarakaM#"
PWG-L53875-MBH3.7214,3,7214,BaYj,zu lesen,high,,none,,unresolvable,none,,") PAÑCAR. 2. 2,38</ls"
PWG-L89991-MBH3.8108,3,8108,vAmana,fehlerhaft,high,,none,,unresolvable,none,,"eines nach Viṣṇu,"
PWG-L87589-MBH3.8148,3,8148,vataraRI,fehlerhaft,high,Bomb,none,,unresolvable,none,,"{#vataraRI#}¦ MBH. 3,8148 fehlerhaft für {#vEtaraRI#}, wie die ed. Bomb. liest."
PWG-L95694-MBH3.8148,3,8148,vEtaraRa,druckfehler,high,Calc,none,,unresolvable,none,,"(in Kaliṅga) MBH. 2,373. 3,6054. 8148 ({#vataraRI#} in der ed. Calc. Druckfehler). 10098. 6,342 (VP. 184). HARIV. 7736"
PWG-L46289-MBH3.8504,3,8504,puroravas,fehlerhaft,high,,none,,unresolvable,none,,"{#puroravas#}¦ MBH. 3,8504 fehlerhaft für {#purUravas#}."
PWG-L53268-MBH3.8606,3,8606,braDnaSva,fehlerhaft,high,,none,,unresolvable,none,,"m. N. pr. eines Fürsten MBH. 3,8601. fg. 8606. Wohl fehlerhaft für {#vaDryaSva#}."
PWG-L116374-MBH3.8756,3,8756,hartar,st.,medium,Bomb,none,,unresolvable,none,,"zwar#} und {#Bartar#} (so ed. Bomb. st. {#kartar#}) MBH. 3,8756. HARIV. 14480. — {#viSvAsa˚#} MBH. 13,"
PWG-L22362-MBH3.8772,3,8772,gAh,lies,high,,none,,unresolvable,none,,"hite#} (lies: {#˚gAhitEH#}) {%von ihnen, die sich getaucht haben in%} MBH. 3,8772. {#gAQa#} <"
PWG-L112232-MBH3.8814,3,8814,sUd,lies,high,,none,,unresolvable,none,,#} caus. dass.: {#˚zUdita#}
PWG-L15594-MBH3.10080,3,10080,karzaRa,zu lesen,high,,none,,unresolvable,none,,",11,19. {%gepflügtes Land%} MBH. 3,10082; vgl. 10080, wo {#karzaRAni#} für {#karzakAni#} zu lesen ist."
PWG-L19226-MBH3.10095,3,10095,kESika,fehlerhaft,high,,none,,unresolvable,none,,"). — b〉 N. pr. einer Localität oder eines Flusses MBH. 3,10095. — c〉 ein Bein. der Durgā (wohl fehlerhaft für {#kOSikI#}) H. ś. 47. — 4〉 n. oxyt. {%die ges"
PWG-L34077-MBH3.10304,3,10304,duhitar,falsch,medium,,none,,unresolvable,none,,"ll nach BENFEY (Vollst. Gr. 315, Anm. 1) MBH. 3,10304 vorkommen; das Citat ist aber falsch, 10340 findet sich das regelmässige {#duhitaram#}. Vor {#duhitar#} b"
PWG-L95668-MBH3.10306,3,10306,vEqUrya,fehlerhaft,high,,none,,unresolvable,none,,"eines Berges: {#˚parvata#} ({#maRimaya#}) MBH. 3,8343. 10306. HARIV. 9499. 12407. VP. 169. BHĀG. P. 5,16,27. MĀRK. P. 55,9 [Page6-1393] (fehlerhaft {#vEdurya#}). 58,24. Journ. of the Am. Or. S. 7,41. "
PWG-L13901-MBH3.10546,3,10546,Ottara,zu lesen,high,,none,,unresolvable,none,,"asya ca . agneScEvAtra saMvAdaH kASyapasya ca#} (in Kāśmīra) MBH. 3,10546. Oder ist etwa {#yatro˚#} zu lesen? — Vgl. {#Otra#}."
PWG-L71181-MBH3.10571,3,10571,kuvartman,st.,medium,Bomb,none,,unresolvable,none,,"} + {#va˚#}) n. {%ein schlechter Weg, eine falsche Lehre%} MBH. 3,10571 Lesart der ed. Bomb. st. {#kuDarman#}. SARVADARŚANAS. 72,17."
PWG-L11389-MBH3.10603,3,10603,uddAlaka,zu lesen,high,,none,,unresolvable,none,,"24. 2,294. fgg. 3,8264. fgg. 10603. — 2〉 n. {%eine Art Honig%} VĀCASP._zu_H. 1214 (es ist wohl {#OddAlaka#} wie im 1sten Śloka zu lesen)."
PWG-L53686-MBH3.10657,3,10657,brU,fälschlich,medium,,none,,unresolvable,none,,inabilien gaṇa {#cAdi#} zu P
PWG-L91583-MBH3.10676,3,10676,vid,fehlerhaft,high,,none,,unresolvable,none,,"itA ye vAcA jitA meDayA vA vidAnAH#} (= {#paRqitAH#} NĪLAK.) MBH. 3,10676. — 10〉 {#vindyAt#} fehlerhaft für {#vidyAt#} (wie die v. l. häufig hat) von 1. {#vid#} VARĀH. B"
PWG-L57066-MBH3.10692,3,10692,maDuvilA,zu lesen,high,,none,,unresolvable,none,,"maDuvilA#}¦ f. Bein. des Flusses Samaṅgā MBH. 3,10692. Vielleicht ein unregelmässiges adj. von {#maDu#} mit suff. {#ila#} ({%reich an Süssigkeit%}); oder ist etwa {#maDurilA#} zu lesen?"
PWG-L81648-MBH3.10733,3,10733,yavakrin,st.,medium,Bomb,none,,unresolvable,none,,"{#yavakrin#}¦ m. = {#yavakrI, yavakrIta#} MBH. 3,10733. {#yavakrIs#} st. {#yavakrin#} ed. Bomb."
PWG-L109975-MBH3.10866,3,10866,suKozita,fehlerhaft,high,,none,,unresolvable,none,,"t, einen behaglichen Aufenthalt gehabt habend%} MBH. 3,3003. 10866. R. 2,92,5 ({#rajanIm#}). {#su˚#} 6. wohl fehlerhaft für {#suKocita#} {%an Freuden gewöhnt%} HARIV. 4833."
PWG-L79199-MBH3.10879,3,10879,pratimAna,fälschlich,medium,,none,,unresolvable,none,,"mAna#}¦ 2〉 Sp. 969, Z. 1 auch NĪLAK. liest 3,10879 fälschlich {#a˚#} {%unvergleichlich%}. Z. 4. fgg. vgl. oben u"
PWG-L103164-MBH3.11017,3,11017,saMsTAna,zu schreiben,high,,none,,unresolvable,none,,"H."">2,431. 1816. 3,10826. 11017 (S. 570; zu schreiben {#vedIsaM˚#}). 5,4079. 6,480. 12,2112</l"
PWG-L57103-MBH3.11035,3,11035,maDusrava,zu lesen,high,Bomb,none,,unresolvable,none,,"#}) 1〉 adj. {%Süssigkeit träufelnd%}: {#Pala#} MBH. 3,11035 ({#˚sravEH#} mit der ed. Bomb. zu lesen). 11055. — 2〉 m. Bassia latifolia u"
PWG-L27058-MBH3.11123,3,11123,jalASaya,zu lesen,high,,none,,unresolvable,none,,"dj. a〉 {%im Wasser ruhend, — liegend%}: {#mahizAn#} MBH. 3,11123. — b〉 {%dumm, einfältig%} ({#jala#} = {#jaqa#}) KATHĀS. 6,58. Auch 132 ist wohl so zu lesen. — 2〉 m. a〉 {%Wasserbehälter, Teich, See, M"
PWG-L11415-MBH3.11188,3,11188,udDara,fehlerhaft,high,,none,,unresolvable,none,,"{#udDara#}¦ 1〉 adj. MBH. 3,11188. — 2〉 m. {%ein%} Rakṣas H. ś. 37. — Wohl fehlerhaft für {#udDura#}."
PWG-L116009-MBH3.11193,3,11193,hanUmant,druckfehler,high,,none,,unresolvable,none,,"anumant#} 2〉a〉 TRIK. 2,8,6. H. 705, Schol. MBH. 3,11193. R. 1,3,21. 4,1,5 ({#sanU˚#} Druckfehler). 23. 2,18. 23 in der Un"
PWG-L50316-MBH3.11446,3,11446,prahlAdana,zu lesen,high,,none,,unresolvable,none,,",187,10. {#muKa˚#} (so ist wohl st. {#suKa˚#} zu lesen) MBH. 3,11446. {#manaH˚#} 14,2045. R. 1,18,12. <div n"
PWG-L50316-MBH3.11446,3,11446,prahlAdana,st.,medium,,none,,unresolvable,none,,",187,10. {#muKa˚#} (so ist wohl st. {#suKa˚#} zu lesen) MBH. 3,11446. {#manaH˚#} 14,2045. <ls"
PWG-L40626-MBH3.11477,3,11477,nuq,druckfehler,high,,none,,unresolvable,none,,"} ({#baDe#}) VOP._in_DHĀTUP. 28,92. — {#samAnoqya#} MBH. 3,11477 Druckfehler für {#samAloqya#}, wie schon WEST. bemerkt hat."
PWG-L6879-MBH3.11477,3,11477,aS,statt,medium,,none,,unresolvable,none,,". M. 2,62. 3,73. 74. MBH. 3,11477. {#prASa#} 2. sg. imperat. R. 3,63,18. (statt {#prASyanti#} R. 1,13,41 ist {#prAsyanti#} zu lesen, wie auch SCHL. übe"
PWG-L52795-MBH3.11568,3,11568,bIjapUra,fälschlich,medium,,none,,unresolvable,none,,"7. <ls n=""ŚĀRṄG"
PWG-L74187-MBH3.11569,3,11569,jambu,st.,medium,Bomb,none,,unresolvable,none,,"jambu#}¦ 1〉 Z. 7, st. {#jambUMSca#} (m.) MBH. 3,11569 liest die ed. Bomb. {#j"
PWG-L15351-MBH3.11589,3,11589,karRapUra,lies,high,,none,,unresolvable,none,,#}). MED. r. 256. {#karRikArAnvikasitAnkarRapU
PWG-L26086-MBH3.11595,3,11595,Cadana,lies,high,,none,,unresolvable,none,,"div n=""1"">— 2〉 {%Flügel%} H. an. 3,375. MED. n. 65. MBH. 3,11595. — 3〉 {%Blatt%} AK. 2,4,1,14. H. 1123. H. an. MED. (lies: {#CAdane#}). SUŚR. 1,305,16. 2,501,14. — 4〉 {%das"
PWG-L72557-MBH3.11762,3,11762,ganDarva,lies,high,,none,,unresolvable,none,,ab> 6 lies ŚUK. st. ŚĀK.</ls
PWG-L72557-MBH3.11762,3,11762,ganDarva,lies,high,,none,,unresolvable,none,,"ab> 6 lies ŚUK. st. ŚĀK. — 2〉d〉 MBH. 3,11762 fasst <l"
PWG-L72557-MBH3.11762,3,11762,ganDarva,st.,medium,,none,,unresolvable,none,,"ab> 6 lies ŚUK. st. ŚĀK. — 2〉d〉 MBH. 3,11762 fasst NĪLAK. das Wort"
PWG-L116135-MBH3.11903,3,11903,hari,zu lesen,high,,none,,unresolvable,none,,". MED. HALĀY. 2,281. 5,70. MBH."
PWG-L85093-MBH3.11906,3,11906,ruh,statt,medium,,none,,unresolvable,none,,"s statt der Endung des abl. hier nicht {#tas#} stehen könne) MBH. 3,11906. fg."
PWG-L110176-MBH3.11913,3,11913,sutasoma,zu lesen,high,,none,,unresolvable,none,,"1,"">3827. 8039. 8042. 3,11913 ({#˚mAtre#} zu lesen). 7,979. 1087. VP. 4,20,11 ({#Srutasoma#}"
PWG-L53140-MBH3.11964,3,11964,bfhant,lies,high,,none,,unresolvable,none,,"haccARuSirAH#} ({#bfhAMScA˚#} ARJ. 3,29; lies {#bfhaMScA˚#}) MBH. 3,11964. {#nArI#} 8,2050. HIḌ. 2,25</l"
PWG-L42633-MBH3.11998,3,11998,parAhRa,zu schreiben,high,,none,,unresolvable,none,,"chreiben). {#pUrvAhna#} in derselben Bed. ARJ. 4,7 (MBH. 3,11998 liest"
PWG-L48918-MBH3.12052,3,12052,pratyarTam,fehlerhaft,high,,none,,unresolvable,none,,"1. fehlerhaft für {#atyarTam#} ARJ. 4,61; vgl. MBH. 3,12052."
PWG-L57252-MBH3.12069,3,12069,man,zu lesen,high,,none,,unresolvable,none,,"ĀJA-TAR. 2,168. {#manvahe#} KATHĀS. 45,367. {#manvAna#} MBH. 3,12"
PWG-L57252-MBH3.12069,3,12069,man,st.,medium,,none,,unresolvable,none,,"ĀJA-TAR. 2,168. {#manvahe#} KATHĀS. 45,367."
PWG-L109151-MBH3.12109,3,12109,sita,fehlerhaft,high,,none,,unresolvable,none,,"#} (s. u. 2. {#SA#}) ARJ. 7,7 ({#˚sita#} MBH."
PWG-L100910-MBH3.12141,3,12141,SEla,fehlerhaft,high,,none,,unresolvable,none,,"m BHĀG. P. {#A#} wohl fehlerhaft) {%steinern%}: {#mahAstra#} MBH. 3,12141. {#BUDara#} HARIV. 4407. {#pAt"
PWG-L85650-MBH3.12182,3,12182,lakzmaRa,st.,medium,,none,,unresolvable,none,,"2,89. ARJ. 9,21 ({#sArasAH#} st. {#lakzmaRAH#} MBH. 3,12182). {%eine weibliche Gans%} UJJVAL._zu_<l"
PWG-L60962-MBH3.12225,3,12225,mud,fehlerhaft,high,Bomb,none,,unresolvable,none,,"/ls> {#mudita#} fehlerhaft für {#nudita#} (so die ed. Bomb.) MBH. 3,12225. für {#sUdita#} (so die"
PWG-L23656-MBH3.12225,3,12225,graB,st.,medium,,none,,unresolvable,none,,"RItAt; gfBRAna/#} und {#gfhRAna/; ˚agfhRam#} (st. {#˚hRAm#}) MBH. 3,12225. fg. (= ARJ. 10,28. fg.), {#pratyagfhRata#"
PWG-L60962-MBH3.12235,3,12235,mud,st.,medium,Calc,none,,unresolvable,none,,"> liest die ed. Calc. u. Bomb. des MBH. 3,12235 {#pracuditEH(!)#} st. {#pramu˚#}. Vgl. {#pramud, pramuditA, pramoda, pramodana, pramodamAna#}. —"
PWG-L115989-MBH3.12270,3,12270,han,zu lesen,high,,none,,unresolvable,none,,"8,10,55. {#GnanripUn#} M. 7,98. 8,349. MBH. 3,12270. R. 2,25,32. RĀJA-TAR. 1,293 ({#GnataH#} zu lesen). {#jaGAna#} MBH. 3,11909. {#(tam) kumBe viSiKena#} RAGH. 5,50. {#Sastr"
PWG-L11060-MBH3.12513,3,12513,utpAta,fehlerhaft,high,,none,,unresolvable,none,,"dDistasyEziRI Bavet .. budDirutpadyate kAryAnmanastUtpannameva hi .#} MBH. 3,12513. Wohl fehlerhaft {#utpAtena#} für {#utpAdena#}."
PWG-L109803-MBH3.12770,3,12770,suKa,zu lesen,high,,none,,unresolvable,none,,"} ({#matsya#}; es ist mit MATSYOP. 24 {#˚suKaSca#} zu lesen) MBH. 3,12770. — c〉 = {#suKin#} {%sich behaglich —, wohl fühlend%}: {"
PWG-L41710-MBH3.12813,3,12813,paW,zu lesen,high,,none,,unresolvable,none,,"ArAyaRANkapraKyastvaM sAMparAye 'tipaWyase#} (wohl {#'Bi˚#} zu lesen) MBH. 3,12813. — {#vyati#} {%sich gegenseitig Etwas vorsagen%} P."
PWG-L87755-MBH3.13147,3,13147,vanaKaRqa,fehlerhaft,high,,none,,unresolvable,none,,"{#vanaKaRqa#}¦ n. {%Wald%} MBH. 3,13147. fg. fehlerhaft {#vanazaRqa#} R. 3,15,43. 5,15,51."
PWG-L32168-MBH3.13178,3,13178,dala,st.,medium,,none,,unresolvable,none,,alloy%}. — 2〉 m.
PWG-L51896-MBH3.13178,3,13178,bala,st.,medium,,none,,unresolvable,none,,"n=""MBH."">13,7108. — ε〉 ein Sohn Pariyātraʼs MBH. 3,13178. — ζ〉 ein Sohn Pariyātraʼs BHĀG. P. 9,12,2; st. dessen {#dala#} und {#nala#} andere Autt. — η〉 ein Lexicograph,"
PWG-L23656-MBH3.13180,3,13180,graB,falsch,medium,,none,,unresolvable,none,,"} P. 7,2,37. MBH. 1,5455. 3,2095. 13180. R. 3,61,36. 4,53,25. RAGH. 18,12 (dag. falsch {#gfhItum#} R. 5,2,25. HIT. 17,6. 23,11). pass.</"
PWG-L63075-MBH3.13229,3,13229,atra,lies,high,,none,,unresolvable,none,,"ra#}¦ 2〉 {%hier%} so v. a. {%hier auf Erden, hier im Leben%} MBH. 3,13229. Spr. 3938. — {#atrA#} VS. 3,119. — Sp. 113, Z. 6 lies 112 st. 122."
PWG-L63075-MBH3.13229,3,13229,atra,st.,medium,,none,,unresolvable,none,,"ra#}¦ 2〉 {%hier%} so v. a. {%hier auf Erden, hier im Leben%} MBH. 3,13229. Spr. 3938. — {#atrA#} VS. 3,119. — Sp. 113, Z. 6 lies 112 st. 122."
PWG-L116888-MBH3.13269,3,13269,hiMs,st.,medium,Bomb,none,,unresolvable,none,,"1] machen%} VOP. 25,17. — {#hiMsi#} st. {#hinassi#} MBH. 3,13269. {#hiMse#} (so ed. Bomb.) 1. <ab"
PWG-L113287-MBH3.13297,3,13297,sOraTa,fehlerhaft,high,,none,,unresolvable,none,,d {#sOraTeya#} (nach NĪLAK. metron. von {#suraTA#}) 13297 wohl fehlerhaft für {#sOraBa#} und {#sOraBeya#} {%Stier%}.
PWG-L80347-MBH3.13322,3,13322,maT,st.,medium,Bomb,none,,unresolvable,none,,"caus. {%tödten, schlachten%} (als Opferthier): {#pramATya#} MBH. 3,13322 nach der schlechteren Lesart der ed. Bomb. st. {#pramApya#} der ed. Calc. [Page5-1664] — {#vi#} am Schluss nach"
PWG-L48720-MBH3.13473,3,13473,pratisrotas,fälschlich,medium,,none,,unresolvable,none,,"#˚srotogAmin#} VYUTP. 73. Fälschlich {#˚Srotas#} geschrieben MBH. 3,13473. 6,101. 7,27"
PWG-L98396-MBH3.13515,3,13515,SaSAda,st.,medium,,none,,unresolvable,none,,">_im_ŚKDR. — b〉 Bein. Vikukṣiʼs MBH. 3,13515. fg. HARIV. 666. fgg. (die neuere Ausg. liest auch 664 {#SaSAda#} st. {#vaSAti#}). VP. 360. BHĀG. P. 9,6,11."
PWG-L68875-MBH3.13632,3,13632,ekapatnI,zu lesen,high,,none,,unresolvable,none,,"l. P. 4,1,35 (so st. 45 zu lesen). {#striyaH#} MBH. 3,13632. {#nAryaH#} 13637. subst.</a"
PWG-L68875-MBH3.13632,3,13632,ekapatnI,st.,medium,,none,,unresolvable,none,,"l. P. 4,1,35 (so st. 45 zu lesen). {#striyaH#} MBH. 3,13632. {#nAryaH#} 13637</l"
PWG-L23861-MBH3.13730,3,13730,glA,zu lesen,high,,none,,unresolvable,none,,"tamapi cetsutam . daRqyaM daRqe nikzipati taTA na glAti DArmikam ..#} MBH. 3,13730. Ist hier etwa {#DArmikaH#} zu lesen, oder ist {#glAti#} als imperson. wie {%taedet%} aufzufassen? {%contristare%} <l"
PWG-L69139-MBH3.13827,3,13827,ozaDi,fehlerhaft,high,Bomb,none,,unresolvable,none,,"alAM darSa ivOzaDIzu (arpayati)#} RAGH. 14,80. {#ozaDIMSca#} MBH. 3,13827 fehlerhaft für {#ozaDISca#}, wie die ed. Bomb. liest. — Vgl. {#mahOzaDi"
PWG-L77496-MBH3.13851,3,13851,nizkala,zu lesen,high,,none,,unresolvable,none,,"{#nizkala#}¦ 1〉a〉 WEBER, RĀMAT. UP. 287. — b〉 MBH. 3,13851 ist {#nizPalAH#} zu lesen; vgl. Spr. 5100."
PWG-L66094-MBH3.13859,3,13859,Akranda,st.,medium,,none,,unresolvable,none,,"s n=""MBH."">3,13859. Der Schol. zu MBH. 1,6568. 3,13859 citirt MED. mit der richtigen Lesart {#trAtari#} st. {#BrAtari#}. — Vgl. {#durAkranda, nirA˚#}."
PWG-L50344-MBH3.13864,3,13864,prAkfta,zu lesen,high,,none,,unresolvable,none,,"Cra#} M. 11,158. {#yajYa#} MBH. 3,10669. {#karman#} 13864 (wo {#karmaRAM#} zu lesen ist). HARIV. 9783. {#sattva#} {%ein gewöhnliches Thier%} PAÑCAT. 25,2."
PWG-L79566-MBH3.13864,3,13864,prAkkfta,fehlerhaft,high,,none,,unresolvable,none,,"j. {%früher —, in einem früheren Leben vollbracht%}: {#karman#} MBH. 3,13864. n. {%eine in einem früheren Leben vollbrachte That%} Spr. 2169. An beiden Stellen fehlerhaft {#prAkfta#} geschrieben."
PWG-L119898-MBH3.13918,3,13918,caturviMSaka,zu lesen,high,,none,,unresolvable,none,,"MSaka#}¦ adj. {%aus 24 bestehend%}: {#gaRa#} (so zu lesen) MBH. 3,13918."
PWG-L114981-MBH3.13984,3,13984,svap,fehlerhaft,high,,none,,unresolvable,none,,"iederlegen%} 11,103. {#svapet#} 4,99. MBH. 3,13984. VARĀH. BṚH. S. 53,124. {#svapeyus#} R. 2,46,22. {#suzvApa#} (öfters fehlerhaft {#susvApa#}) P. 6,1,17. VOP. 8,124. MBH. 3,2338. {#ekena pArSv"
PWG-L39280-MBH3.13994,3,13994,nirASin,zu lesen,high,,none,,unresolvable,none,,","">13236. Davon nom. abstr. {#nirASitva#} n. 3,13994. {#kapiYjalanirASitvena#} (so ist zu lesen; vgl. BENFEY zu d. St.) PAÑCAT. 164,5. Man streiche h"
PWG-L21814-MBH3.14044,3,14044,gam,lies,high,,none,,unresolvable,none,,"25, Vārtt. 1. {#diz"
PWG-L99812-MBH3.14107,3,14107,Siz,zu lesen,high,Bomb,none,,unresolvable,none,,">— 3〉 {%es Jmd zuvorthun, übertreffen%}; mit acc. der Person MBH. 3,14107 ({#viSezayan#} mit der ed. Bomb. zu lesen). 16449. 4,125. 5,7329. <ls n=""M"
PWG-L111673-MBH3.14168,3,14168,suveza,st.,medium,Bomb,none,,unresolvable,none,,""">— b〉 N. pr. eines Feuers, eines Sohnes des Tapas, MBH. 3,14168. {#sureSa#} st. {#suveSa#} ed. Bomb."
PWG-L87023-MBH3.14269,3,14269,lohitoda,statt,medium,,none,,unresolvable,none,,">f. {#A#}) {%rothes Wasser%} oder {%Blut statt Wassers habend%} MBH. 3,14269. R. 4,44,65. — 2〉 m.</lex"
PWG-L87008-MBH3.14494,3,14494,lohitAyani,st.,medium,,none,,unresolvable,none,,"rI skandasya sA smftA . lohitAyanirityevaM kadambe sA hi pUjyate ..#} MBH. 3,14494. Man hätte {#lO˚#} erwartet; die Endung {#i#} st. {#I#} aus metrischen Rücksichten."
PWG-L45466-MBH3.14759,3,14759,pIq,fehlerhaft,high,,none,,unresolvable,none,,"""p"">— {#aBini#} caus. {%dr"
PWG-L85996-MBH3.14797,3,14797,laB,st.,medium,,none,,unresolvable,none,,". {#lalABa#} Verz. d. Oxf. H. 25,b,13. fg. {#lapsyAmi#} MBH. 3,14797. {#lapsyanti#} HARIV. 11857. {#laBizyasi#} PAÑCAR. 1,13,34. st. des ungrammatischen {#alamBanta#} MBH. 3,8505. {#AlamBanta#} 1"
PWG-L13462-MBH3.14903,3,14903,ekEkaSya,statt,medium,,none,,unresolvable,none,,"ṣṭra"">Dh. {%zehn%} <is n=""Gandharva"
PWG-L82167-MBH3.14922,3,14922,yugma,fehlerhaft,high,,none,,unresolvable,none,,"{#yugya#}, z. B. 8,293 ed. LOIS. MBH. 3,1492"
PWG-L114102-MBH3.14995,3,14995,sTURAkarRa,fälschlich,medium,Calc,none,,unresolvable,none,,">Bez. {%eines best. Geschosses%} MBH. 3,11967. 14995 ({#sTUlA˚#} fälschlich ed. Calc.). 5,1913. 4786. 7,"
PWG-L100884-MBH3.15101,3,15101,SEGrya,fehlerhaft,high,,none,,unresolvable,none,,"— 2〉 n. {%Geschwindigkeit, Behendigkei"
PWG-L101021-MBH3.15252,3,15252,SESupAla,fehlerhaft,high,Bomb,none,,unresolvable,none,,"{#SESupAla#}¦ MBH. 3,15252 fehlerhaft für {#SESupAli#}, wie die ed. Bomb. liest."
PWG-L108384-MBH3.15439,3,15439,sAptapada,fälschlich,medium,Calc,none,,unresolvable,none,,"ada#}): {#mEtra#} (hier und da fälschlich {#mitra#}, auch {#mEtrya#}) MBH. 3,15439 ({#sapta˚#} ed. Calc.). <ls n="
PWG-L117242-MBH3.15593,3,15593,hu,zu lesen,high,,none,,unresolvable,none,,">vgl. 4.). {#agni, hutASa#} u. s. w. M. 7,145. MBH. 3,1559"
PWG-L88503-MBH3.15613,3,15613,vart,fehlerhaft,high,,none,,unresolvable,none,,"s>. — 3〉 fehlerhaft für {#vinivftta#} DRAUP. 4,3 (MBH. 3,15613 {#vinivftta#}). MĀRK. P."
PWG-L109632-MBH3.15613,3,15613,sImantin,zu lesen,high,Bomb,none,,unresolvable,none,,"%Weib%} AK. 2,6,1,2. H. 504. HALĀY. 2,326. MBH. 3,15613 ({#muKyAyAM#} mit der ed. Bomb. zu lesen). 17060. 5,2315. 2890. <ls n="
PWG-L59390-MBH3.15637,3,15637,mA,zu lesen,high,Bomb,none,,unresolvable,none,,"icht so, o%} Prātṛda! ŚAT. BR. 14,8,13,2. {#mEvam#} MBH. 3,15637. KATHĀS. 47,101 (R. 2,37,16 ist {#nEvaM#} mit der ed. Bomb. zu lesen). {#mA mA#} Spr. 1885. 3160. RAGH. 15,84. KATHĀS."
PWG-L106569-MBH3.15655,3,15655,sarj,druckfehler,high,,none,,unresolvable,none,,",7,3,4. KĀṬH. 25,1. ṢAḌV. 3,2 (med.)."
PWG-L61440-MBH3.15670,3,15670,mfga,zu lesen,high,,none,,unresolvable,none,,"P und BENFEY DRAUP. 6,14 an; hier ist aber mit MBH. 3,15670 {#mfgErno#} st. {#mfgena#} (sic) zu lesen. — 2〉 f. {#I#} VOP. 4,15. a〉 {%Hirschkuh%} <ls"
PWG-L61440-MBH3.15670,3,15670,mfga,st.,medium,,none,,unresolvable,none,,"P und BENFEY DRAUP. 6,14 an; hier ist aber mit MBH. 3,15670 {#mfgErno#} st. {#mfgena#} (sic) zu lesen. — 2〉 f. {#I#} VOP. 4,15. <"
PWG-L31573-MBH3.15684,3,15684,daMSita,zu lesen,high,,none,,unresolvable,none,,"MED. — DRAUP. 6,19 ist mit der Calc. Ausg. des MBH. 3,15684 {#daMSanAni#} st. {#daMSitAni#} zu lesen, wie schon BOPP im Glossar verbessert hat. — Vgl. {#paridaMS"
PWG-L31573-MBH3.15684,3,15684,daMSita,st.,medium,,none,,unresolvable,none,,"MED. — DRAUP. 6,19 ist mit der Calc. Ausg. des MBH. 3,15684 {#daMSanAni#} st. {#daMSitAni#} zu lesen, wie schon BOPP im Glossar verbessert hat. <div n=""v"
PWG-L121547-MBH3.15688,3,15688,mA,lies,high,,none,,unresolvable,none,,"937. — 3〉 Z. 8 lies 7,59,12. — 4〉 MBH. 3,15688."
PWG-L100007-MBH3.15815,3,15815,SIrzan,falsch,medium,,none,,unresolvable,none,,"10,90,1. ṢAḌV. BR. (nom. {#˚SIrzAH#} falsch). MBH. 3,15815. BHĀG. P. 2,1,28. {#SIrRa˚#} 3,18,5</ls"
PWG-L15099-MBH3.15837,3,15837,karaja,fälschlich,medium,,none,,unresolvable,none,,"/ls> (fälschlich {#karaMja#}). MED. j. 21. M. 4,70. MBH. 3,15837. <ls n=""MBH. 3"
PWG-L108057-MBH3.15867,3,15867,sAMgrAma,fehlerhaft,high,Bomb,none,,unresolvable,none,,"von {#saMgrAma#} gaṇa {#vyuzwAdi#} zu P. 5,1,97. — MBH. 3,15867 fehlerhaft für {#saMgrAma#}, wie die ed. Bomb. liest."
PWG-L63662-MBH3.15936,3,15936,anuBAga,fehlerhaft,high,,none,,unresolvable,none,,"devaganDarvadAnavAH . avatartuM mahIM sarve mantrayAmAsuraYjasA ..#} MBH. 3,15936. — 2〉 {%feeling, or sensible quality%} WILSON, Sel. Works 1,313; wohl fehlerhaft für {#anuBAva#}."
PWG-L43927-MBH3.15978,3,15978,pAMsana,fehlerhaft,high,,none,,unresolvable,none,,"R. 2,"">48,20. R. GORR. 2,45,26. {#A#} (wohl fehlerhaft) MBH. 3,15978. R. GORR. 2,37,18. 76,3. <div n="
PWG-L29355-MBH3.16110,3,16110,tAra,fälschlich,medium,,none,,unresolvable,none,,"ls>H. an. macht sie fälschlich zur Gemahlin Sugrīvaʼs). MBH. 3,16110. fgg. R. 1,1,67. <ls n="""
PWG-L29396-MBH3.16130,3,16130,tArApati,fälschlich,medium,,none,,unresolvable,none,,">PURĀṆA. — c〉 Bein. des Affen Bālin MBH. 3,16130. Nach ŚKDR. fälschlich auch des Affen Sugriva. — d〉 N. eines Fürsten KṢITĪŚAV."
PWG-L60166-MBH3.16637,3,16637,mAlava,fälschlich,medium,,none,,unresolvable,none,,"Ahnfrau der Mālava SĀV. 1,19 (fälschlich {#mAnavI#} MBH. 3,16637). MBH. 3,16807. — 3〉 m. <"
PWG-L88230-MBH3.16646,3,16646,varAroha,lies,high,,none,,unresolvable,none,,"BH. 1,7721. 3,1861. 2362. 16646. R. 2,40,13. 96,9. 3,38,14. 5,16,11. 53,27 (lies {#varArohe#}) BHĀG. P. 4,15,5. 26,13. <ls n=""BHĀG. P. 4"
PWG-L108519-MBH3.16665,3,16665,sAmIpya,st.,medium,Bomb,none,,unresolvable,none,,"on {#samIpa#}) 1〉 adj. {%benachbart, Nachbar%} MBH. 3,16665 ({#hftaM#} st. {#gataM#} mit der ed. Bomb. zu lesen). — 2〉 proparox. {"
PWG-L116085-MBH3.16692,3,16692,har,st.,medium,,none,,unresolvable,none,,"rsammeln%} SĀV. 3,2 ({#samAhUya#} st. {#samAhftya#} MBH. 3,16692). {%zusammenfassen, zu einer Einheit vereinigen%"
PWG-L86156-MBH3.16703,3,16703,laz,fälschlich,medium,,none,,unresolvable,none,,"ehrt, gewünscht%}; n. {%das Begeh"
PWG-L95788-MBH3.16725,3,16725,vEDavya,fälschlich,medium,,none,,unresolvable,none,,"BOPP und BENFEY fälschlich als adj. gefasst) MBH. 3,16725 (SĀV. 4,12)."
PWG-L82108-MBH3.16781,3,16781,yu,fehlerhaft,high,,none,,unresolvable,none,,". {#saMyuta#} SĀV. 5,33 fehlerhaft für {#saMyata#}, wie MBH. 3,16781 gelesen wird. — Vgl. {#saM"
PWG-L99133-MBH3.16806,3,16806,SASvata,fehlerhaft,high,,none,,unresolvable,none,,"BH. 1,1166. 4034. 2,2007. 3,16806 ({#SASvatIH#} SĀV. 5,58 fehlerhaft). R. 1,53,12. 60,27. 2,60,21. 8"
PWG-L101074-MBH3.16862,3,16862,SoRita,fehlerhaft,high,,none,,unresolvable,none,,"s>KĀVYAPR. (1866) 70,13. <ls"
PWG-L93067-MBH3.16913,3,16913,vivartin,fehlerhaft,high,,none,,unresolvable,none,,"˚#} SĀV. 7,12 fehlerhaft für {#anivartin#}, [Page6-1177] wie MBH. 3,16913 gelesen wird. Vgl. {#e"
PWG-L89199-MBH3.17151,3,17151,vah,zu lesen,high,,none,,unresolvable,none,,erdend%} VIKR. 24. {#maYjUzAgato garBastaraMgEruhyamAna
PWG-L39766-MBH3.17249,3,17249,nirhAda,fehlerhaft,high,Calc,none,,unresolvable,none,,"rAjanvfkzAnudakasaMSrayAn . sArasAnAM nirhAdamatrodakamasaMSayam ..#} MBH. 3,17249; vgl. {#nirhAra#}. — Fehlerhaft für {#nirhrAda#} MBH. 14,2118. RAGH. ed. Calc. 1,42."
PWG-L64242-MBH3.17262,3,17262,apASraya,st.,medium,Bomb,none,,unresolvable,none,,"BURNOUF (Bd. I, XLVII) das Wort durch {%délivrance%} wieder. MBH. 3,17262 liest die ed. Bomb. {#apASrayaH#} st. {#upASrayaH#}. Man streiche am Schluss die Worte «Wohl f. L.<"
PWG-L102166-MBH3.17310,3,17310,Svas,zu lesen,high,,none,,unresolvable,none,,"lesen). Spr. (II) 1694. MĀRK. P. 68,22. {#˚Svaset#} MBH. 3,17310. <l"
PWG-L85625-MBH4.70,4,70,lakzaRa,st.,medium,,none,,unresolvable,none,,". 158. 7,77. MBH. 1,5905. 4,70 (sg. st. pl.). R. 1,1,27. RĀJA-TAR. 3,485. AK. 3,4,14,84."
PWG-L89873-MBH4.99,4,99,vAdin,zu lesen,high,,none,,unresolvable,none,,priyaSabda˚#} R. G
PWG-L117919-MBH4.114,4,114,hvA,zu lesen,high,Bomb,none,,unresolvable,none,,"tena#} mit der ed. Bomb. zu lesen). 98. 114. {#dvaMdve#} (so mit der ed. Bomb. zu lesen) 9,3263. R. 4,8,38. 9,10. 12,"
PWG-L84187-MBH4.120,4,120,rAjavasati,zu lesen,high,,none,,unresolvable,none,,"asatiM vaset#} 96. fg. 109. 120. 126. fgg. Spr. 239, wo eben so zu lesen ist."
PWG-L117216-MBH4.226,4,226,hInatas,fehlerhaft,high,,none,,unresolvable,none,,"} Spr. (II) 6629, v. l. -- MBH. 2,2191 und 4,226 fehlerhaft für {#hInitas#}."
PWG-L81815-MBH4.234,4,234,yA,fehlerhaft,high,Bomb,none,,unresolvable,none,,"taTAsya cittaM hyapi saMvitarkayannararzaBasyAsya na yAmi tattvataH#} MBH. 4,234. — 11〉 {#yAtu#} so v. a. {%dem sei wie ihm wolle%} HIT. 101,18. 128,9. — 12〉 {#yAta#} fehlerhaft für {#jAta#} in {#yAta"
PWG-L45704-MBH4.259,4,259,puRqarIka,zu lesen,high,,none,,unresolvable,none,,"Apsaras VYĀḌI_zu_H. 113. MBH. 1,4819. 4,259. HARIV. 12471. 14164 (wo {#˚kA su˚#} zu lesen ist). R. 2,91,45 (100,46 GORR.). N. pr. einer Tochte"
PWG-L113928-MBH4.355,4,355,sTA,st.,medium,Bomb,none,,unresolvable,none,,"ruzwaninadotTita#} (so ed. Bomb.) st. {#utTitaso˚#} MBH. 4,355. {#IzatpakzotTita#} st. {#IzadutTitapakza"
PWG-L108327-MBH4.383,4,383,sAntvay,zu lesen,high,,none,,unresolvable,none,,"G. P. 4,14,12. — {#aBi#} dass. act. MBH. 4,383. Spr. (II) 6370. R. 2,32,39. {#˚sAntvya#} (so ist zu lesen) MĀRK. P. 63,62. {#˚sAntvita#} KĀM. NĪTIS. 17,34. — {#upa#}"
PWG-L41250-MBH4.390,4,390,pakzman,zu lesen,high,,none,,unresolvable,none,,"a#} in der Stelle: {#api cekzaRapakzmARAM smitaM jyotsnopamaM SuBam#} 4,390; es ist aber wohl {#padmAnAM#} st. {#pakzmARAM#} zu lesen. Vgl. {#utpakzman#}. — 2〉 {%Staubfaden%} AK. MED. <"
PWG-L41250-MBH4.390,4,390,pakzman,st.,medium,,none,,unresolvable,none,,"a#} in der Stelle: {#api cekzaRapakzmARAM smitaM jyotsnopamaM SuBam#} 4,390; es ist aber wohl {#padmAnAM#} st. {#pakzmARAM#} zu lesen. Vgl. {#utpakzman#}. — 2〉 {%Staubfaden%}"
PWG-L32590-MBH4.414,4,414,dAra,st.,medium,,none,,unresolvable,none,,"{#dvAreRa#} st. {#dAreRa#}). {#gurudAre#} M. 2,247. MBH. 4,414. 12,74"
PWG-L109440-MBH4.468,4,468,siD,zu lesen,high,Bomb,none,,unresolvable,none,,"antIM pratyazeDayat#} MBH. 1,1594. 2,1787. 4,468 ({#pratyaze˚#} mit der ed. Bomb. zu lesen). HARIV. 946. 14247. R. 2,96,42 (105,"
PWG-L61262-MBH4.515,4,515,mUrC,zu lesen,high,,none,,unresolvable,none,,aDurAlApA gAnDAraM sADu mUrCat
PWG-L105980-MBH4.648,4,648,samupAlamBa,zu lesen,high,Bomb,none,,unresolvable,none,,"samupAlamBa#}¦ (von {#laB#} mit {#samupA#}) m. {%Vorwurf%} MBH. 4,648 ({#imaM tu#} st. {#idaM tu#} mit der ed. Bomb. zu lesen)."
PWG-L105980-MBH4.648,4,648,samupAlamBa,st.,medium,Bomb,none,,unresolvable,none,,"samupAlamBa#}¦ (von {#laB#} mit {#samupA#}) m. {%Vorwurf%} MBH. 4,648 ({#imaM tu#} st. {#idaM tu#} mit der ed. Bomb. zu lesen)."
PWG-L57252-MBH4.695,4,695,man,fehlerhaft,high,Bomb,none,,unresolvable,none,,"he Am. Or. S. 7,"">33,7. — {#saMmata#} fehlerhaft für {#saMgata#} MBH. 4,695. und KĀM. NĪTIS. 5,75 (die ed. Bomb.</ls"
PWG-L116888-MBH4.728,4,728,hiMs,st.,medium,Bomb,none,,unresolvable,none,,"e#} (so ed. Bomb.) 1. praes. med. 4,728. {#hiMsAmi#} st. {#hinasmi#} R. 5,2,22. {#hiMsati#} st. {#hinasti#} SĀMAVIDH. B"
PWG-L116888-MBH4.728,4,728,hiMs,st.,medium,Bomb,none,,unresolvable,none,,"e#} (so ed. Bomb.) 1. praes. med. 4,728. {#hiMsAmi#} st. {#hinasmi#} R. 5,2,22. {#hiMsati#} st. {#hinasti#} SĀMAVIDH. BR. 2,4,11. Spr. (II) 393. <ls n=""Spr. (II)"""
PWG-L24263-MBH4.755,4,755,cakAs,zu lesen,high,,none,,unresolvable,none,,"s> (auch 8,2328) haben wir u. {#kAS#} nach MBH. 4,755 {#prakASete#} zu lesen vorgeschlagen; jetzt wären wir geneigt {#cakASete#} zu {#cakAs#} zu stellen, da wir eine"
PWG-L116395-MBH4.847,4,847,harz,zu lesen,high,,none,,unresolvable,none,,"2"">— c〉 n. {%Freude%}:"
PWG-L36648-MBH4.1062,4,1062,DArA,zu lesen,high,,none,,unresolvable,none,,"wo mit HAEB. so zu lesen ist für {#DAriDArA#}). {#toyaDArA#} MBH. 4,1062. R. 3,35,84 (falsch auf"
PWG-L36648-MBH4.1062,4,1062,DArA,falsch,medium,,none,,unresolvable,none,,"wo mit HAEB. so zu lesen ist für {#DAriDArA#}). {#toyaDArA#} MBH. 4,1062. R. 3,35,84 (falsch aufgefasst u. {#toyaDAra#}). {#uda˚#} BHĀG. P. 3,8,24. {#lohita˚, ruDir"
PWG-L36484-MBH4.1347,4,1347,DA,zu lesen,high,,none,,unresolvable,none,,"tu brahmA pUrvamaDArayat . tato 'nantaramevATa prajApatiraDAyata ..#} MBH. 4,1347 ist wohl aller Wahrscheinlichkeit nach {#aDArayat#} zu lesen. — caus. {#DApayati#} P. 7,3,36; s. u. {#antar, api"
PWG-L90818-MBH4.1386,4,1386,vikarzaRa,zu lesen,high,,none,,unresolvable,none,,">. {%das Spannen%} (des Bogens, der Bogensehne) MBH. 3,1387. 4,1386. HARIV. 4038 (mit der neueren Ausg. {#cApavika˚#} zu lesen). R. GORR. 1,69,15. KIR. 3,57. {%das Anziehen%} (eines Strickes) <ls n="
PWG-L49117-MBH4.1387,4,1387,praTivI,fehlerhaft,high,,none,,unresolvable,none,,"{#praTivI#}¦ f. {%die Erde%} MBH. 4,1387. HARIV. 2961. 2969. Wohl nur fehlerhaft für {#pfTivI#}."
PWG-L36813-MBH4.1414,4,1414,Dur,zu lesen,high,,none,,unresolvable,none,,"/ls>. f. (m. MBH. 13,2876: dagegen ist 4,1414 wohl {#vAmAM#} zu lesen) 1〉 {%derjenige Theil des Joches, welcher auf die Schulter des Zugthiers gele"
PWG-L59947-MBH4.1622,4,1622,mAmaka,fehlerhaft,high,,none,,unresolvable,none,,"> ({#mAmakA#} beim Schol. zu P. 4,1,30 fehlerhaft). MBH. 4,1622. 7,3057. R. 2,105,2. 3,23,22"
PWG-L92228-MBH4.1668,4,1668,vipAwa,fehlerhaft,high,Bomb,none,,unresolvable,none,,"es Mannes MBH. 7,1433. — 2〉 MBH. 4,1666. 1668 fehlerhaft für {#vipAWa#} (so die ed. Bomb.)."
PWG-L92232-MBH4.1668,4,1668,vipAWa,fälschlich,medium,Calc,none,,unresolvable,none,,"H."">4,168. 1331. 1666. 1668 (fälschlich {#vipAwa#} ed. Calc. an den zwei letzten Stellen). 5,1865. <ls"
PWG-L81815-MBH4.1727,4,1727,yA,zu lesen,high,,none,,unresolvable,none,,"/ls>. — In der Stelle {#ozaDInAM SirAMsIva dvizacCIrzARi so 'nvayAt#} MBH. 4,1727 ist vielleicht {#'nvacCAt#} {%hieb ab%} zu lesen. NĪLAK. fasst {#anvayAt#} als abl., indem er {#anukramAt#} erklärt. <"
PWG-L81283-MBH4.1771,4,1771,yaTABAgam,zu schreiben,high,,none,,unresolvable,none,,"#yaTA BAgA iti#} zu schreiben. — 2〉 {%je an ihrem Platze%} MBH. 4,1771. BHAG. 1,11. {%am r"
PWG-L81304-MBH4.1771,4,1771,yaTAmAnam,st.,medium,Bomb,none,,unresolvable,none,,"{#mAna#}) adv. {%je nach dem Maasse, je nach dem Umfange%} MBH. 4,1771 nach der Lesart der ed. Bomb. st. {#yaTABAgam#} der ed. Calc."
PWG-L114447-MBH4.1852,4,1852,sPar,zu lesen,high,Bomb,none,,unresolvable,none,,"a. {%spannen%}) MBH. 1,6442. 4,1656. 1852 ({#visPArya#} mit der ed. Bomb. zu lesen). 1861. 1918. 2022 ({#visP"
PWG-L88549-MBH4.1918,4,1918,varD,fehlerhaft,high,,none,,unresolvable,none,,"vielleicht fehlerhaft für {#udvftta#}. — {#ni#} scheinbar MBH. 4,1918, wo aber mit der"
PWG-L79054-MBH4.1977,4,1977,pragAQa,zu lesen,high,,none,,unresolvable,none,,"s>KĀM. NĪTIS. 15,40. — 2〉 Z. 6. fg. <ls"
PWG-L114447-MBH4.2022,4,2022,sPar,zu lesen,high,Bomb,none,,unresolvable,none,,"/ls> zu lesen). 1861. 1918. 2022 ({#visPA˚#} mit der ed. Bomb. zu lesen). 6,1957 ({#visPArya#} st. {#visPurya#} mit der ed. Bomb.<"
PWG-L39277-MBH4.2034,4,2034,nirASa,zu lesen,high,,none,,unresolvable,none,,"ls>. BHĀG. P. 9,4,60. mit einem <a"
PWG-L43685-MBH4.2247,4,2247,palAy,zu lesen,high,,none,,unresolvable,none,,">. {#palAyan#} partic. praes. DRAUP. 8,36"
PWG-L42582-MBH4.2269,4,2269,parAyaRa,st.,medium,,none,,unresolvable,none,,"DyaDiko loke tapasaSca ˚Ram#} 23,10 (vgl. MBH. 4,2269, wo st. dessen das m. steht). {#arTa˚#} {%der ganze Vortheil%} 3,38,26"
PWG-L75195-MBH5.68,5,68,tEkzRya,st.,medium,Bomb,none,,unresolvable,none,,"ATHĀS. 53,87. Z. 5 {#tIkzRaM#} st. {#tEkzRaM#} MBH. 5,68 ed. Bomb."
PWG-L60905-MBH5.77,5,77,muYjakeSa,fälschlich,medium,,none,,unresolvable,none,,"2〉 m. N. pr. eines Fürsten MBH. 1,2662. 5,77 (in LIA. I, 741, N. 1 fälschlich in {#muYjaka#} + {#ISa#} zerlegt). eines Lehrers VP. 283. Verz. d. Oxf. H. 5"
PWG-L103473-MBH5.106,5,106,saMkula,zu lesen,high,,none,,unresolvable,none,,"n=""MBH. 6,"">15748. {#loka#} 12790. {#BUmi#} 5,106. von einer Rede AK. 1,1,5,20. H. 265. H. an. MED. ({#avispazwa#} zu lesen). — d〉 {%auf Hindernisse stossend, mit Hindernissen zu kämpfen habend, behin"
PWG-L49231-MBH5.121,5,121,praDAnya,fehlerhaft,high,,none,,unresolvable,none,,"{#praDAnya#}¦ MBH. 5,121 fehlerhaft für {#prADAnya#}."
PWG-L43745-MBH5.493,5,493,palvala,fälschlich,medium,,none,,unresolvable,none,,"IṢ. 1,117. Am Ende eines adj. comp. f. {#A#} MBH. 5,493. Fälschlich {#pallala#} (vgl. {#nalla#} für {#nalva#}) geschrieben MBH. 1,6069. <ls"
PWG-L82186-MBH5.532,5,532,yuj,st.,medium,,none,,unresolvable,none,,desgl.). {#maRiriva k
PWG-L59321-MBH5.547,5,547,mahendrARI,fälschlich,medium,,none,,unresolvable,none,,"is>Śaci ŚABDAR._im_ŚKDR. MBH. 3,1677. 5,547. Fälschlich {#mA˚#} H. ś. 32."
PWG-L86471-MBH5.592,5,592,lIlAyuDa,fehlerhaft,high,Bomb,none,,unresolvable,none,,"yuDa#}¦ m. pl. N. pr. einer Völkerschaft MBH. 5,592. wohl fehlerhaft für {#nIlAyuDa#}, wie die ed. Bomb. liest."
PWG-L116085-MBH5.850,5,850,har,zu lesen,high,,none,,unresolvable,none,,"ajAH#} 141. 4,400. {#kfcCrAt#} 5,850. HARIV. 4408 ({#udDftya#} st. {#udDatya#} der älteren und {#uDftya#} der neueren Ausg. zu lesen). R. 1,64,13. {#vyasanAt#} 5,33,34. {#SucaH#} VIKR. 94."
PWG-L116085-MBH5.850,5,850,har,st.,medium,,none,,unresolvable,none,,"ajAH#} 141. 4,400. {#kfcCrAt#} 5,850. HARIV. 4408 ({#udDftya#} st. {#udDatya#} der älteren und {#uDftya#} der neueren Ausg. zu lesen). R."
PWG-L68365-MBH5.871,5,871,upaSruti,st.,medium,Bomb,none,,unresolvable,none,,". {%das Hören%}: {#prARaGozAnupaSruti#} BHĀG. P. 10,42,29. — MBH. 5,871, Lesart der ed. Bomb. st. {#apaSruti#} der ed. Calc.; = {#vArttA#} Schol."
PWG-L114549-MBH5.877,5,877,sma,zu lesen,high,Bomb,none,,unresolvable,none,,"2. — f〉 im imperat. P. 3,3,165. fg. MBH. 5,877 ({#SlAGasva#} mit der ed. Bomb. zu lesen). — g〉 im potent. MBH. 5,879. fg. KĀM. NĪTIS. 10,40"
PWG-L25075-MBH5.889,5,889,caSAti,fehlerhaft,high,,none,,unresolvable,none,,"{#caSAti#}¦ MBH. 5,889 fehlerhaft für {#vaSAti#}."
PWG-L95536-MBH5.904,5,904,veSmastrI,fehlerhaft,high,Bomb,none,,unresolvable,none,,"{#veSmastrI#}¦ f. MBH. 5,904 fehlerhaft für {#veSastrI#}, wie die ed. Bomb. liest."
PWG-L87647-MBH5.923,5,923,vad,st.,medium,Bomb,none,,unresolvable,none,,"%wer den Ehebrecher Dieb schilt%} YĀJÑ. 2,301. med. MBH. 5,923. st. {#aBivAde#} 3,1836 liest die ed. Bomb. {#aBivAdaye#}. <di"
PWG-L6806-MBH5.934,5,934,avisTala,zu lesen,high,,none,,unresolvable,none,,">N. pr. einer Stadt MBH. 5,2595. Wahrscheinlich ist wie 934 {#kuSasTala#} zu lesen; vgl. LIA. I, 691, N. 1."
PWG-L61175-MBH5.1055,5,1055,muhUrta,st.,medium,,none,,unresolvable,none,,"MBH. 3,16754. 5,7221. 15. 1055. R. 1,2,4 ({#muhUrtAt#} st. {#muhUrtam#} v. l.). 2,39,9. {#muhUrtadeva dadfSe muhUrtAnn"
PWG-L84433-MBH5.1086,5,1086,rAD,st.,medium,Bomb,none,,unresolvable,none,,"ed. Bomb. st. {#DArayanti#} der ed. Calc.) MBH. 5,1086. {#puzkalAvarTaDarmAvapya"
PWG-L51454-MBH5.1117,5,1117,Pal,st.,medium,,none,,unresolvable,none,,"vanaspati#} MBH. 1,5884. {#latA#} 3,10042. 5,1117 (st. dessen {#Palavant#} 1,5608. 12,5277). Spr. 3"
PWG-L102918-MBH5.1220,5,1220,saMviDi,fehlerhaft,high,Bomb,none,,unresolvable,none,,"ADiBUtADidEvAnAM samyagviDayo racanAH#} NĪLAK. — {#saMviDi#} MBH. 5,1220 fehlerhaft für {#saMniDi#}, wie die ed. Bomb. liest."
PWG-L119329-MBH5.1225,5,1225,kar,fehlerhaft,high,Bomb,none,,unresolvable,none,,"anyAM prakftya#} SĀMAVIDH. BR. 1,8,4. — {#vipra#} MBH. 5,1225 fehlerhaft für {#aDi#} —, wie die ed. Bomb. liest. — {#vi#}, {#vi/kfta#} {%unvol"
PWG-L81179-MBH5.1226,5,1226,yaTAkfta,falsch,medium,,none,,unresolvable,none,,"nicht regelrecht —, falsch gemacht, — vollbracht%} Spr. 892. MBH. 5,1226. VARĀH. BṚH. S. 104,5"
PWG-L88004-MBH5.1292,5,1292,vap,fehlerhaft,high,Bomb,none,,unresolvable,none,,"s>ed. Bomb.) so v. a. {%und der nicht Ackerbau treibt%} MBH. 5,1292. {#nirUpya#} fehlerhaft für {#nirupya#} M. 6,38. BHĀG. P. 1,15,39. 8,16,51</ls"
PWG-L39528-MBH5.1493,5,1493,nirBfta,fehlerhaft,high,,none,,unresolvable,none,,"{#nirBfta#}¦ MBH. 5,1493 wohl nur fehlerhaft für {#niBfta#}."
PWG-L65058-MBH5.1532,5,1532,arc,fehlerhaft,high,,none,,unresolvable,none,,"{#aByarcita#} RĀJA-TAR. 5,100. fehlerhaft für {#aByarTita#} MBH. 5,1532 (Spr. 4909). — {#samaBi#}"
PWG-L88413-MBH5.1557,5,1557,varjin,zu lesen,high,,none,,unresolvable,none,,"{#varjin#}¦ (wie eben) adj. {%vermeidend%}: {#patitAnna˚#} MBH. 5,1557. Verz. d. Oxf. H. 30,b,34, wo {#˚varjI#} zu lesen ist."
PWG-L88101-MBH5.1692,5,1692,var,fehlerhaft,high,,none,,unresolvable,none,,"pawaH prAvarituM na Sakyate#} MṚCCH. 33,16. — {#prAvfRoti#} MBH. 5,1692 wohl fehlerhaft für {#apAvfRoti#}. — {#prA/vfta#} {%bedeckt%}: {#ni\rRijA\ rekRa^sA#} ṚV. 1,162,2</ls"
PWG-L88101-MBH5.1692,5,1692,var,st.,medium,,none,,unresolvable,none,,telle: {#yo 'pAvfRotyavitaTe
PWG-L66247-MBH5.1708,5,1708,AYjana,lies,high,,none,,unresolvable,none,,"{#trEkaku\daM#}. adj. {%die Farbe von Augensalbe habend%} MBH. 5,1708"
PWG-L122576-MBH5.1747,5,1747,sAdfSya,zu lesen,high,Bomb,none,,unresolvable,none,,"sAdfSya#}¦, st. {#sAdfSye#} ({#darSane#} ed. Bomb.) MBH. 5,1747 ist wie ŚVETĀŚV. UP. 4,20 (KAṬHOP. 6,9) {#saMdfSe#} zu lesen."
PWG-L113928-MBH5.1747,5,1747,sTA,st.,medium,Bomb,none,,unresolvable,none,,"zWati rUpamasya#} ŚVETĀŚV. UP. 4,20 = KAṬHOP. 6,9 = MBH. 5,1747 (hier {#sAdfSye#} und {#darSane#} [ed. Bomb.] st. {#saMdfSe#}). med.: {#ati^zWantAsmE\ jyEzWyA^ya#} TBR. 1,3,2,2. {#"
PWG-L122576-MBH5.1747,5,1747,sAdfSya,st.,medium,Bomb,none,,unresolvable,none,,"sAdfSya#}¦, st. {#sAdfSye#} ({#darSane#} ed. Bomb.) MBH. 5,1747 ist wie ŚVETĀŚ"
PWG-L104852-MBH5.1825,5,1825,saMniveSa,fehlerhaft,high,Bomb,none,,unresolvable,none,,"— 10〉 fehlerhaft für {#saMnikASa#} (so ed. Bomb.) MBH. 5,1825. — Nach den Lexicographen:"
PWG-L83439-MBH5.1832,5,1832,raTAgra,fehlerhaft,high,Bomb,none,,unresolvable,none,,"{#raTAgra#}¦ MBH. 5,1832 fehlerhaft für {#raTAgrya#} {%der beste Kämpfer%}, wie die ed. Bomb. liest."
PWG-L23822-MBH5.2024,5,2024,grAha,st.,medium,,none,,unresolvable,none,,"Aha#} (wie schon u. d. W. vermuthet worden ist) und MBH. 5,2024 st. {#gurugrAha#}. — c〉 {%das Beginnen, Unternehmen%}: {#mUQagrAheRAtmano yat"
PWG-L68681-MBH5.2024,5,2024,UrugrAha,st.,medium,Bomb,none,,unresolvable,none,,". so ist auch zu lesen AV. 11,9,12 st. {#uru˚#} und MBH. 5,2024 st. {#guru˚#} der ed. Calc. und {#uru˚#} der ed. Bomb.; NĪLAK.</ls"
PWG-L105820-MBH5.2150,5,2150,samucCeda,zu lesen,high,,none,,unresolvable,none,,"#gam#} 6,114. {#cikIrzu#} 5,2148. 2150. KIR. 11,69. MĀRK. P. 16,72. PRAB. 59,7. SARVADARŚANAS. 117,2. {#aSakya˚#} (so ist zu lesen) WILSON, SĀṂKHYAK. S. 7. davon nom. abstr. {#˚tA#} 8."
PWG-L35489-MBH5.2191,5,2191,drORI,fehlerhaft,high,,none,,unresolvable,none,,"{#drORI#}¦ MBH. 5,2191 fehlerhaft für {#droRI#} {%Trog, Wanne%}."
PWG-L46137-MBH5.2207,5,2207,purumitra,lies,high,,none,,unresolvable,none,,"ten der Kuru MBH. 1,2448. 2,2004. 5,2207. HARIV. 5017 (lies: {#˚mitraSca#}). 5498."
PWG-L48165-MBH5.2222,5,2222,pratikfti,zu lesen,high,,none,,unresolvable,none,,"YUTP. 169. P. 5,3,96. {#aSva˚#} Sch.<"
PWG-L58940-MBH5.2322,5,2322,mahAvana,zu lesen,high,Bomb,none,,unresolvable,none,,"grosser Wald%} JAṬĀDH._im_ŚKDR. N. 12,98. MBH. 5,2322 [Page5-0654] (wo mit der ed. Bomb. {#CinnaM#} st. {#CannaM#} zu lesen ist). R. 3,55,48. 5,12,25. — 2〉 n. N."
PWG-L58940-MBH5.2322,5,2322,mahAvana,st.,medium,Bomb,none,,unresolvable,none,,"grosser Wald%} JAṬĀDH._im_ŚKDR. N. 12,98. MBH. 5,2322 [Page5-0654] (wo mit der ed. Bomb. {#CinnaM#} st. {#CannaM#} zu lesen ist). R. 3,55,48. 5,12,25. —"
PWG-L54387-MBH5.2412,5,2412,BA,zu schreiben,high,,none,,unresolvable,none,,"antakAle pratiBA astrasmftiH asyati kzipati tvAM (tyakzyatItyarTaH)#} <ls n=""MBH."
PWG-L26690-MBH5.2474,5,2474,jamBa,zu lesen,high,,none,,unresolvable,none,,"Erklärung, Deutung%}: {#iti te kaTayanti s"
PWG-L95431-MBH5.2562,5,2562,vedya,zu lesen,high,,none,,unresolvable,none,,"sudevastato vedyaH#} {%als%} V. {%zu erkennen%} MBH. 5,2562. BHĀG. P. 1,1,2. SĀH. D. 56. MĀRK. P. 51,45 (vielleicht {#vEdyaH#} zu lesen). {#mfqa˚#} {%anzusehen als%} HARIV. 7448."
PWG-L78844-MBH5.2776,5,2776,pUti,zu lesen,high,,none,,unresolvable,none,,"1. {#pUti#}¦, die Stelle MBH. 5,2776 gehört zu 2. {#pUti#} 2〉a〉; auch ist {#ivonnayan#} zu lesen; vgl. oben u. 1. {#nI#} mit {#ud#} 5〉."
PWG-L116549-MBH5.3120,5,3120,has,zu lesen,high,,none,,unresolvable,none,,"ri#} {%scherzen%} KATHĀS. 87,11. {%mit Jmd%} (acc.)"
PWG-L51077-MBH5.3261,5,3261,prI,fehlerhaft,high,,none,,unresolvable,none,,"yate#} {%befriedigt —, vergnügt —, froh sein, seine Freude"
PWG-L108327-MBH5.3472,5,3472,sAntvay,zu lesen,high,,none,,unresolvable,none,,"428. 3,238 ({#su˚#}). 4,436. 5,3472 (so zu lesen). R. 2,30,1. {#sAntvita#} MBH. 1,175. 2,2131 ({#su˚#}"
PWG-L76851-MBH5.3491,5,3491,nartaka,zu lesen,high,,none,,unresolvable,none,,"n. Bez. {%einer best. mythischen Waffe%} MBH. 5,3491. — Z. 2 vom Ende des Artikels ist b〉 st. 2〉 zu lesen."
PWG-L76851-MBH5.3491,5,3491,nartaka,st.,medium,,none,,unresolvable,none,,"n. Bez. {%einer best. mythischen Waffe%} MBH. 5,3491. — Z. 2 vom Ende des Artikels ist b〉 st. 2〉 zu lesen."
PWG-L107910-MBH5.3540,5,3540,sAMhAra,fehlerhaft,high,Bomb,none,,unresolvable,none,,"{#sAMhAra#}¦ MBH. 5,3540 fehlerhaft für {#saMhAra#}, wie die ed. Bomb. liest (ausserdem hier {#saMBftaH#} st.</a"
PWG-L107910-MBH5.3540,5,3540,sAMhAra,st.,medium,Bomb,none,,unresolvable,none,,"{#sAMhAra#}¦ MBH. 5,3540 fehlerhaft für {#saMhAra#}, wie die ed. Bomb. liest (ausserdem hier {#saMBftaH#} st. {#saMvftaH#})."
PWG-L50157-MBH5.3588,5,3588,prasfti,fehlerhaft,high,,none,,unresolvable,none,,"> {%zwei%} Pala ŚĀRṄG. SAṂH. 1,1,19. — {#prasftyA#} MBH. 5,3588 fehlerhaft für {#prasUtyA#}."
PWG-L61880-MBH5.3597,5,3597,meGahft,fehlerhaft,high,,none,,unresolvable,none,,"{#meGahft#}¦ MBH. 5,3597 fehlerhaft für {#mezahft#}."
PWG-L31601-MBH5.3597,5,3597,dakza,st.,medium,,none,,unresolvable,none,,is>. — f〉 N. pr. eines Sohnes des Garuḍa <ls
PWG-L37556-MBH5.3628,5,3628,nanda,statt,medium,,none,,unresolvable,none,,>— h〉 N. pr. eines Nāga (vgl. {#
PWG-L60983-MBH5.3629,5,3629,mudgaraparRaka,fälschlich,medium,Bomb,none,,unresolvable,none,,"u˚#} + {#parRa#}) m. N. pr. eines Schlangendämons MBH. 5,3629 (ed. Bomb.; {#muhara˚#} fälschlich ed. Calc.)."
PWG-L114814-MBH5.3779,5,3779,srOva,fehlerhaft,high,Bomb,none,,unresolvable,none,,"{#srOva#}¦ MBH. 5,3779 fehlerhaft für {#SrOta#} (so ed. Bomb.)."
PWG-L54144-MBH5.4060,5,4060,Bar,fehlerhaft,high,Bomb,none,,unresolvable,none,,"{#Siro 'va^ tva\co Ba^raH#} 10,171,2. — {#avaBfta#} MBH. 5,4060 fehlerhaft für {#avaBfTa#}, wie die ed. Bomb. liest. Vgl. {#avaBfTa, anavaBra#}. <"
PWG-L99828-MBH5.4248,5,4248,SI,falsch,medium,,none,,unresolvable,none,,"Calc.) DAŚAK. 72,16 falsch für {#SayIya#}. {#SayImahi#} MBH. 5,4248. {#SayIran#} BHĀG. P. 5,14,39."
PWG-L105662-MBH5.4312,5,4312,samArTa,zu lesen,high,Bomb,none,,unresolvable,none,,"{#samArTa#}¦ scheinbar MBH. 5,4312, wo aber mit der ed. Bomb. {#SamArTaM#} zu lesen ist."
PWG-L35825-MBH5.4405,5,4405,dvivida,fälschlich,medium,,none,,unresolvable,none,,". 2,1122. 3,16115. 16287. 5,4405. fgg. HARIV. 2360. 9802. R. 1,16,15. 4,33,12. 39,30. 50,6 (fälschlich {#˚viDa#}). 6,4,6. 6,24. 24,35. <ls"
PWG-L65280-MBH5.4507,5,4507,alAta,lies,high,,none,,unresolvable,none,,"a muhUrtamapi hi jvala . mA tuzAgnirivAnarcirDUmAyasva jijIvizuH ..#} MBH. 5,4507. Spr. 4731. VARĀH. BṚH. S. 89,1. Z. 4 lies GAUḌAPĀDAʼs."
PWG-L74434-MBH5.4538,5,4538,jIv,lies,high,,none,,unresolvable,none,,ähren%} und vgl. Spr. 4893. <
PWG-L88503-MBH5.5134,5,5134,vart,fehlerhaft,high,,none,,unresolvable,none,,"SUŚR. 2,495,3. — 3〉 {%anbrechen%} (von der Nacht) MBH. 5,5134. — 4〉 {%sich verhalten%}: {#tUzRIm#} R. 7,13,15. — 5〉 fehlerhaft für {#samati#} in der Bed. {%vorüberziehen bei%} MBH. 5,1299 nach der L"
PWG-L100652-MBH5.5249,5,5249,SUrpa,unrichtig,medium,,none,,unresolvable,none,,"taptaguqAdiprakzepArTAni piwakAstadASrayA maYjUzAH#} NĪLAK.) MBH. 5,5249. Nirgends masc.; öfters unrichtig {#sUrpa#} geschrieben. — b〉 als Maass = 2 Droṇa ŚABDAM._im_<"
PWG-L41867-MBH5.5270,5,5270,patti,zu lesen,high,,none,,unresolvable,none,,". H. an. MED. {%55 Fussknechte%} und = {#senAmuKa#} MBH. 5,5270. — b〉 {%Gang%} VOP. 26,190, v. l. AK. 3,4,14,75. H. an. (wo {#gatO#} st. {#gatA#} zu lesen ist). MED. — Ist wohl in der 1sten und 3ten B"
PWG-L41867-MBH5.5270,5,5270,patti,st.,medium,,none,,unresolvable,none,,". H. an. MED. {%55 Fussknechte%} und = {#senAmuKa#} MBH. 5,5270. — b〉 {%Gang%} VOP. 26,190, v. l. AK. 3,4,14,75. H. an. (wo {#gatO#} st. {#gatA#} zu lesen ist). MED. — Ist wohl in der 1sten und 3ten B"
PWG-L60105-MBH5.5422,5,5422,mArjAra,st.,medium,Bomb,none,,unresolvable,none,,"ls>. HALĀY. 2,81. M. 4,126. 11,131. MBH. 5,5422. (wo die ed. Bomb. {#SaSa#} st. {#daMSa#} liest). 12,4937. R. GORR. 2,125,2. VARĀH. B"
PWG-L51453-MBH5.5817,5,5817,Pal,fehlerhaft,high,,none,,unresolvable,none,,"tPAlya vipule netre#} MBH. 1,5977. 2,2392. 5,5817. — {#prod#} s. {#protPulla#}. — {#ni#} s. {#niPAlana#} (fehlerhaft für {#niBAlana#}). — {#pra#} s. {#praPulta, praPulti, praPulla#}. <di"
PWG-L93197-MBH5.5960,5,5960,viS,fehlerhaft,high,,none,,unresolvable,none,,"3,"">2112. 2477. 12039. 5,5960. HARIV. 14170 (fehlerhaft nom. st. voc. MIT. 142,8). R. 2,34,17. <ls n"
PWG-L93197-MBH5.5960,5,5960,viS,st.,medium,,none,,unresolvable,none,,"3,"">2112. 2477. 12039. 5,5960. HARIV. 14170 (fehlerhaft nom. st. voc. MIT. 142,8). R. 2,34,17. 61,15. <"
PWG-L75670-MBH5.5966,5,5966,dASeya,fälschlich,medium,Bomb,none,,unresolvable,none,,"{#dASeya#}¦, MBH. 5,5966 ed. Bomb. {#dASeyI#}, HARIV. 973 die neuere Ausg. fälschlich {#dArSeyI#}."
PWG-L58704-MBH5.5982,5,5982,mahAbudDi,st.,medium,Bomb,none,,unresolvable,none,,"%} R. 1,61,9. PAÑCAT. 4,23. st. {#˚budDe#} MBH. 5,5982 hat die ed. Bomb. richtig {#˚yudDe#}, wie s"
PWG-L105345-MBH5.5990,5,5990,samaya,fehlerhaft,high,Bomb,none,,unresolvable,none,,"von Mantra Verz. d. Oxf. H. 101,b,13. — {#samaye#} MBH. 5,5990 (BENFEY Chr. 7,15) fehlerhaft fur {#mama ye#}, wie die ed. Bomb. liest. Die indischen Lexicographen geben dem"
PWG-L105728-MBH5.6029,5,6029,samAsTa,fehlerhaft,high,,none,,unresolvable,none,,"{#samAsTa#}¦ MBH. 5,6029 fehlerhaft für {#samasTa#}; vgl. Spr. (II) 3891."
PWG-L85093-MBH5.6042,5,6042,ruh,zu lesen,high,,none,,unresolvable,none,,"#vfzendram#} BHĀG. P. 4,4,5. {#aNkam#} MBH. 3,1776. 5,6042. KUMĀRAS. 1,37 ({#AropitA#} zu lesen). RAGH. 3,26. {#aNke#} R. 2,72,4. 101,2. {#vakzasi#}"
PWG-L64005-MBH5.6060,5,6060,anyonya,lies,high,,none,,unresolvable,none,,lex> — 1〉 {#tato dfzwvA kftAtiTyamanyo
PWG-L81815-MBH5.6065,5,6065,yA,zu lesen,high,Bomb,none,,unresolvable,none,,"MBH. 1,717. 3,2182. 2239. 5,6065. R. 1,9,53. 2,34,16. 39,10. 40,42 ({#AyAntI#} mit der ed. Bomb. zu lesen). 91,9. R. GORR. 1,66,11. 3,62,29."
PWG-L59895-MBH5.6094,5,6094,mAnin,fehlerhaft,high,,none,,unresolvable,none,,"BH. 1,1599. Spr. 5204. {#puruza˚#} MBH. 3,367. 5,6094. R. 2,109,4. {#prAjYa˚#} (s. auch bes.) R. 2,70,10 (f.). {#prAjYaM˚#} KATHĀS. 62,171 wohl fehlerhaft. {#SUra˚#} MBH. 4,899. 17,67. Spr. 3517, v. l"
PWG-L59010-MBH5.7009,5,7009,mahAvrata,zu lesen,high,Bomb,none,,unresolvable,none,,"13 ({#su˚#}). MBH. 3,14131. 14455. 5,7009 (wo {#tvAdya#} mit der ed. Bomb. zu lesen ist). 7020. 7281 (wo {#˚vrataH#} mit der ed"
PWG-L84934-MBH5.7025,5,7025,rud,zu lesen,high,Bomb,none,,unresolvable,none,,". 3,"">2687. 5,5986. 6000. 7025. R. 1,54,2. 7 (mit der ed. Bomb. {#rudatI#} zu lesen). 4,18,4. 19,6. MEGH. 110. ŚIŚ. 9,34"
PWG-L85641-MBH5.7042,5,7042,lakzay,fehlerhaft,high,Bomb,none,,unresolvable,none,,"e das des%} Nala {%an%} MBH. 3,2888. — {#lakzyate#} MBH. 5,7042 fehlerhaft für {#lapsyate#} (so die ed. Bomb.), {#lakzyatAM#} R. 5,82,19 fehlerhaf"
PWG-L85641-MBH5.7042,5,7042,lakzay,fehlerhaft,high,Bomb,none,,unresolvable,none,,"e das des%} Nala {%an%} MBH. 3,2888. — {#lakzyate#} MBH. 5,7042 fehlerhaft für {#lapsyate#} (so die ed. Bomb.), {#lakzyatAM#} R. 5,82,19 fehlerhaft für {#BakzyatAM, alakzya#} PAÑCAR. 4,2,25 fehlerhaft"
PWG-L108434-MBH5.7042,5,7042,sAman,st.,medium,Bomb,none,,unresolvable,none,,"mupAgAdityeva tadAhuH#} CHĀND. UP. 2,1,2. M. 8,187. MBH. 5,7042 ({#lapsyate#} st. {#lakzyate#} ed. Bomb.). 14,2306. R. 3,69,23. <l"
PWG-L104247-MBH5.7072,5,7072,sad,zu lesen,high,Bomb,none,,unresolvable,none,,","">2529. 12015. 12768. 5,7072 ({#mA#} mit der ed. Bomb. zu lesen). R. 2,64,18. KUMĀRAS. 3,9. ŚĀK. 110,13. VIKR. 39. <l"
PWG-L53648-MBH5.7087,5,7087,brAhmaRabruva,zu lesen,high,,none,,unresolvable,none,,"mane%} HALĀY. 2,251. M. 7,85. 8,20. MBH. 5,7087 ({#˚bruva#} st. {#bruvaM#} und {#bruvaH#} der Ausgg. zu lesen). 7,6546. 8,2685. Schol. zu PAÑCAV. BR."
PWG-L53648-MBH5.7087,5,7087,brAhmaRabruva,st.,medium,,none,,unresolvable,none,,"mane%} HALĀY. 2,251. M. 7,85. 8,20. MBH. 5,7087 ({#˚bruva#} st. {#bruvaM#} und {#bruvaH#} der Ausgg. zu lesen). 7,6546. <"
PWG-L91096-MBH5.7152,5,7152,vic,fehlerhaft,high,Bomb,none,,unresolvable,none,,"=""1"">— 6〉 = {#vivekin#} H. an. MED. — 7〉 MBH. 5,7152 fehlerhaft für {#vizakta#}, wie die ed. Bomb. liest. — Vgl. {#vivikti,"
PWG-L103843-MBH5.7152,5,7152,saYj,st.,medium,Bomb,none,,unresolvable,none,,"der ed. Bomb. {#vizakta#} st. {#vivikta#} zu lesen) MBH. 5,7152. 7,739. {#paTizu ca tat"
PWG-L88503-MBH5.7164,5,7164,vart,fehlerhaft,high,Bomb,none,,unresolvable,none,,". 1,3,28. ĀŚV. ŚR. 6,13,17. fehlerhaft für {#upavftta#} MBH. 5,7164 nach der Lesart der ed. Bomb. MALLIN.<"
PWG-L83480-MBH5.7214,5,7214,raTezA,zu lesen,high,Bomb,none,,unresolvable,none,,"{#raTezA#}¦ ({#raTa#} + {#IzA#}) f. {%Wagendeichsel%} MBH. 5,7214 (wo {#raTezA#} st {#raTezAM#} der ed. Bomb. und {#raTe sA#} der ed. Calc. zu lesen ist, wie schon BENFEY gesehen hat). 6,1761. 21"
PWG-L116719-MBH5.7221,5,7221,hA,zu lesen,high,Bomb,none,,unresolvable,none,,". 14,857. RĀJA-TAR. 4,324. {#prARAn#} MBH. 5,7221 ({#ajahAt#} mit der ed. Bomb. zu lesen). 7,274. R. 2,63,50. {#asUn#} SUŚR. 1,255,3. KATH"
PWG-L88503-MBH5.7276,5,7276,vart,zu lesen,high,,none,,unresolvable,none,,"heimgekehrt%} R. GORR. 2,83,1. {%herantreten, herbeikommen%} MBH"
PWG-L59010-MBH5.7281,5,7281,mahAvrata,zu lesen,high,Bomb,none,,unresolvable,none,,"mit der ed. Bomb. zu lesen ist). 7020. 7281 (wo {#˚vrataH#} mit der ed. Bomb. zu lesen ist, wie schon BENFEY vermuthet hat). 7,57. 13,28"
PWG-L91581-MBH5.7344,5,7344,vid,fehlerhaft,high,,none,,unresolvable,none,,"v n=""p"">— {#vini#} caus. 1〉 {%kund thun, berichten, melden%}"
PWG-L27502-MBH5.7361,5,7361,jihma,falsch,medium,,none,,unresolvable,none,,"ehen, sein Ziel nicht erreichen%} (in übertr. Bed.) MBH. 5,7361. — b〉 {%krumme Wege —, hinterlistig zu Werke gehend, falsch, unwahr, unehrlich%}; von Personen YĀJÑ. 2,165. N. 12,59. MBH. 5,42"
PWG-L48223-MBH5.7393,5,7393,praticikIrzA,fehlerhaft,high,,none,,unresolvable,none,,"AR. 4,98. mit dem acc. der Person MBH. 1,6358. 5,7393; vielleicht fehlerhaft st. des loc. BENFEY in seiner Chrest. S. 50, Z. 1 tre"
PWG-L48223-MBH5.7393,5,7393,praticikIrzA,st.,medium,,none,,unresolvable,none,,"AR. 4,98. mit dem acc. der Person MBH. 1,6358. 5,7393; vielleicht fehlerhaft st. des loc. BENFEY in seiner Chrest. S. 50, Z. 1 trennt {#pr"
PWG-L81815-MBH5.7486,5,7486,yA,fehlerhaft,high,Bomb,none,,unresolvable,none,,"manaH#} {%lässt nicht ab von%} 9,2310. {#nApayAti#} 5,7486 fehlerhaft für {#nopayAti#}, wie die ed. Bomb. liest. — Vgl. {#apayAtav"
PWG-L41580-MBH5.7504,5,7504,paYcAlaka,fehlerhaft,high,,none,,unresolvable,none,,"iehung stehend%}: {#rAjan#} {%ein Fürst der%} P. MBH. 5,7504; wohl nur fehlerhaft für {#pA˚#}. — 2〉 m. pl. {%die%} Pañcāla BHĀG"
PWG-L107897-MBH6.64,6,64,sAMsa,fehlerhaft,high,Bomb,none,,unresolvable,none,,"{#sAMsa#}¦ MBH. 6,64 fehlerhaft für {#mAMsa#}, wie die ed. Bomb. liest."
PWG-L51281-MBH6.82,6,82,prozWapada,fälschlich,medium,,none,,unresolvable,none,,","">467. Hier und da fälschlich {#prO˚#} gedruckt. z. B. MBH. 6,82. MĀRK. P. 33,15 ({#˚pade —"
PWG-L117651-MBH6.137,6,137,hez,zu lesen,high,Bomb,none,,unresolvable,none,,"l.) {%Gewieher%} MBH. 1,2820. 4,1494. 6,137 ({#hezitErvA#} mit der ed. Bomb. zu lesen). 7,6666. 8,435. HARIV. 3110. <ls n=""HARIV."""
PWG-L23796-MBH6.168,6,168,grAmya,st.,medium,,none,,unresolvable,none,,"/ls>_zu_AIT. BR. 2,17. {%Maulthier%} st. {%Kameel%} MBH. 6,168; vgl. SUŚR. 1,203,15. {#gaja#}"
PWG-L44036-MBH6.186,6,186,pAYcaBOtika,fälschlich,medium,,none,,unresolvable,none,,"tend%} KAP. 3,17. MBH. 3,17. MBH. 3,13930. 6,186 (fälschlich {#paYca˚#}). 12,592. 6824. 6828<"
PWG-L67323-MBH6.233,6,233,ilAvfta,lies,high,,none,,unresolvable,none,,"{#ilAvfta#}¦ MBH. 6,233. BHĀG. P. 5,2,19. fg. 16,23. MĀRK. P. 60,7. Z. 1 lies Āgnīdhraʼs."
PWG-L102918-MBH6.244,6,244,saMviDi,zu lesen,high,,none,,unresolvable,none,,"eva#} nach NĪLAK.) {#saMviDiH#} (wohl {#saMviDA#} zu lesen) MBH. 6,244. {#yajYa˚#} 12,9827. HARIV. 3872. {#purar"
PWG-L102918-MBH6.244,6,244,saMviDi,st.,medium,,none,,unresolvable,none,,eva#} nach NĪLAK.) {#saMviDiH#} (wohl {#saMviDA#} zu lesen) MBH.
PWG-L97135-MBH6.318,6,318,Saktimant,fehlerhaft,high,,none,,unresolvable,none,,">3. {#Saktimant#}¦ m. N. pr. eines Gebirges MBH. 6,318. fehlerhaft für {#Suktimant#}."
PWG-L25772-MBH6.328,6,328,culakA,zu lesen,high,,none,,unresolvable,none,,"{#culakA#}¦ f. N. pr. eines Flusses MBH. 6,328. VP. 182. Nach WILSON {#culukA#} zu lesen."
PWG-L43701-MBH6.330,6,330,palASin,zu lesen,high,,none,,unresolvable,none,,"em Śuktimant entspringenden Flusses MĀRK. P. 57,30. MBH. 6,330 (= VP. 183). So ist wohl auch st. {#paleSinI#} zu lesen in einer Inschr. in Z. f. d. K. d. M. 4,155."
PWG-L43701-MBH6.330,6,330,palASin,st.,medium,,none,,unresolvable,none,,"em Śuktimant entspringenden Flusses MĀRK. P. 57,30. MBH. 6,330 (= VP. 183). So ist wohl auch st. {#paleSinI#} zu lesen in einer Inschr. in Z. f. d. K. d. M. 4,155."
PWG-L88301-MBH6.338,6,338,varuRa,st.,medium,Bomb,none,,unresolvable,none,,"s>. — 2〉 f. {#A#} N. pr. eines Flusses MBH. 6,338 ({#varARasI#} ed. Bomb. st. {#varuRA#} und {#asI#} der ed. Calc.; andere Autt. {#varaRA#} und"
PWG-L29251-MBH6.339,6,339,tAmasa,fehlerhaft,high,,none,,unresolvable,none,,"an. MED. — d〉 N. pr. eines Flusses MBH. 6,339. VP. 184. — e〉 = {#jawAmAMsI#} RĀJAN._im_ŚKDR. Fehlerhaft für {#tApasI#}. — 4〉 n. {%Finsterniss%}, s. {#anDa˚#}."
PWG-L80215-MBH6.342,6,342,BuktimatI,st.,medium,Bomb,none,,unresolvable,none,,"{#BuktimatI#}¦ f. N. pr. eines Flusses MBH. 6,342 nach der Lesart der ed. Bomb. st. {#mukti˚#} der ed. Calc."
PWG-L14199-MBH6.356,6,356,kakza,fehlerhaft,high,,none,,unresolvable,none,,"v n=""1"">— 18〉 m. pl. N. pr. eines Volkes <l"
PWG-L92123-MBH6.369,6,369,vinDaculaka,fehlerhaft,high,,none,,unresolvable,none,,"{#vinDaculaka#}¦ MBH. 6,369 fehlerhaft für {#vinDyaculika#} oder {#˚culuka#}."
PWG-L35893-MBH6.404,6,404,dvIpa,st.,medium,,none,,unresolvable,none,,">_im_ŚKDR.), {#SAlmali, kuSa, krOY"
PWG-L98522-MBH6.428,6,428,SAka,zu lesen,high,,none,,unresolvable,none,,"ĀŚV. GṚHY. 2,7,6. KAUŚ. 30. 116. MBH. 6,428. COLEBR. Alg. 315. Journ. of the Am. Or. S. 6,558 ({#˚SAkAdizu#} zu lesen). {#˚Pala#} SUŚR. 1,141,3. {#˚bIja#} 377,12. 13"
PWG-L56193-MBH6.436,6,436,maga,zu lesen,high,Bomb,none,,unresolvable,none,,"/ls>. WEBER vermuthet a. a. O., dass auch MBH. 6,436. fg. {#magAH#} st. {#mfgAH#} zu lesen sei; die ed. Bomb. hat aber {#maNgAH#}."
PWG-L56193-MBH6.436,6,436,maga,st.,medium,Bomb,none,,unresolvable,none,,"/ls>. WEBER vermuthet a. a. O., dass auch MBH. 6,436. fg. {#magAH#} st. {#mfgAH#} zu lesen sei; die ed. Bomb. hat aber {#maNgAH#}."
PWG-L23268-MBH6.449,6,449,gomanda,fehlerhaft,high,,none,,unresolvable,none,,"> eines Berges, wohl = {#gomanta#} und viell. nur fehlerhaft MBH. 6,449."
PWG-L99142-MBH6.1585,6,1585,SAs,fehlerhaft,high,,none,,unresolvable,none,,"ehlerhaft für {#ASvAsita#}. Vgl. {#ASAsya#} ({%zu wünschen%} MBH. 6,1585 nach der"
PWG-L53887-MBH6.1886,6,1886,Bawa,zu lesen,high,Bomb,none,,unresolvable,none,,"asya BawEH#} ITIH._bei_ROSEN_zu_ṚV. 1,6,5. MBH. 6,1886. HARIV. 15891. R. 1,12,11 (wo mit der ed. Bomb. {#BawAnAM#} zu lesen ist). Spr. 620 (vgl. {#cAraBawa#}). 2290. KATHĀS."
PWG-L103865-MBH6.1886,6,1886,saYjinI,fehlerhaft,high,Bomb,none,,unresolvable,none,,"{#saYjinI#}¦ MBH. 6,1886 fehlerhaft für {#siYjinI#} ({#Si˚#}) {%Bogensehne%}, wie die ed. Bomb. liest."
PWG-L86854-MBH6.1919,6,1919,lomapravAhin,st.,medium,Bomb,none,,unresolvable,none,,"ed. Bomb. st. {#˚vAhitam#} der ed. Calc.) MBH. 6,1919."
PWG-L97909-MBH6.1943,6,1943,Samana,druckfehler,high,,none,,unresolvable,none,,"UŚ. 43. 52. SUŚR. 1,8,18. {#m"
PWG-L106211-MBH6.1953,6,1953,saMbADa,zu lesen,high,,none,,unresolvable,none,,"ls n=""R."">7,102,3. KIR"
PWG-L114447-MBH6.1957,6,1957,sPar,zu lesen,high,Bomb,none,,unresolvable,none,,"""MBH. 4,"">2022 ({#visPA˚#} mit der ed. Bomb. zu lesen). 6,1957 ({#visPArya#} st. {#visPurya#} mit der ed. Bomb. zu lesen). 2011. 2663 ({#visPA˚#} mit der ed. Bomb.<"
PWG-L114506-MBH6.1957,6,1957,sPur,fehlerhaft,high,Bomb,none,,unresolvable,none,,"visPuranti#} [Page7-1378] ŚĀRṄG. SAṂH. 1,1,4. — {#visPurya#} MBH. 6,1957 fehlerhaft für {#visPArya#} (so ed. Bomb.). {#visPUrya#} 3,15639 für {#vi"
PWG-L114447-MBH6.1957,6,1957,sPar,st.,medium,Bomb,none,,unresolvable,none,,"""MBH. 4,"">2022 ({#visPA˚#} mit der ed. Bomb. zu lesen). 6,1957 ({#visPArya#} st. {#visPurya#} mit der ed. Bomb. zu lesen). 2011. <ls n="
PWG-L90722-MBH6.2084,6,2084,vAhika,fehlerhaft,high,Bomb,none,,unresolvable,none,,"#vAhika#}¦ 1〉 m. pl. N. pr. eines Volkes MBH. 6,2084. fehlerhaft für {#bAlhika#}, wie die ed. Bomb. liest. — 2〉 n. Asa"
PWG-L98108-MBH6.2084,6,2084,Sarava,fehlerhaft,high,Bomb,none,,unresolvable,none,,"{#Sarava#}¦ m. N. pr. eines Volkes MBH. 6,2084. fehlerhaft für {#Sabara#}, wie die ed. Bomb. liest."
PWG-L88770-MBH6.2138,6,2138,valgu,fehlerhaft,high,Bomb,none,,unresolvable,none,,", v. l. fehlerhaft für {#varRa#} (so die ed. Bomb.) MBH. 6,2138."
PWG-L90169-MBH6.2405,6,2405,vAraDAna,fehlerhaft,high,Bomb,none,,unresolvable,none,,"{#vAraDAna#}¦ m. pl. N. pr. eines Volkes MBH. 6,2405. fehlerhaft für {#vAwaDAna#}, wie die ed. Bomb. liest."
PWG-L114447-MBH6.2663,6,2663,sPar,zu lesen,high,Bomb,none,,unresolvable,none,,"ya#} mit der ed. Bomb. zu lesen). 2011. 2663 ({#visPA˚#} mit der ed. Bomb. zu lesen). 7,4589. 13,4619. HARIV. 2509. <ls n=""HARIV"
PWG-L86860-MBH6.2829,6,2829,lomavAhin,st.,medium,Bomb,none,,unresolvable,none,,"H. 4,"">2026. 5,7192. 6,1975. 2829 (ed. Bomb. {#˚vAhinam#} st. {#vAhanam#} der ed. Calc.). 9,1430. — Vgl."
PWG-L92320-MBH6.2860,6,2860,vipramanas,st.,medium,Bomb,none,,unresolvable,none,,"Atipramanaso#} st. {#te vi˚#} ed. Bomb.) {#'Bavan#} MBH. 6,2860."
PWG-L43520-MBH6.3319,6,3319,paryavaskanda,fälschlich,medium,,none,,unresolvable,none,,"nd#} mit {#paryava#}) m. {%das Hinabspringen%} (vom Wagen) MBH. 6,3319. fälschlich {#˚skanDa#} 7,4444."
PWG-L108756-MBH6.3535,6,3535,sArUQa,fehlerhaft,high,Bomb,none,,unresolvable,none,,"{#sArUQa#}¦ MBH. 6,3535 fehlerhaft für {#svArUQa#} (so ed. Bomb.)."
PWG-L62044-MBH6.3855,6,3855,melaka,fehlerhaft,high,Bomb,none,,unresolvable,none,,"2. {#melaka#}¦ MBH. 6,2103. 3855 fehlerhaft für {#mekala#}, wie die ed. Bomb. hat. Ist etwa auch Verz. d. Oxf. H. 339,a,"
PWG-L62044-MBH6.3855,6,3855,melaka,zu lesen,high,Bomb,none,,unresolvable,none,,"2. {#melaka#}¦ MBH. 6,2103. 3855 fehlerhaft für {#mekala#}, wie die ed. Bomb. hat. Ist etwa auch Verz. d. Oxf. H. 339,a,32 {#mekala#} st. {#melaka#} zu lesen?"
PWG-L62044-MBH6.3855,6,3855,melaka,st.,medium,Bomb,none,,unresolvable,none,,"2. {#melaka#}¦ MBH. 6,2103. 3855 fehlerhaft für {#mekala#}, wie die ed. Bomb. hat. Ist etwa auch Verz. d. Oxf. H. 339,a,32 {#mekala#} st. {#melaka#} zu lesen?"
PWG-L108171-MBH6.3900,6,3900,sAdeyya,druckfehler,high,,none,,unresolvable,none,,"{#sAdeyya#}¦ MBH. 6,3900 Druckfehler für {#sodarya (sodaryya)#}."
PWG-L41753-MBH6.3910,6,3910,paRqita,fehlerhaft,high,,none,,unresolvable,none,,"=""1"">— 2〉 m. N. pr. e"
PWG-L72578-MBH6.4538,6,4538,gam,lies,high,,none,,unresolvable,none,,"^H — naya^ntu#} st. {#puna^ryantu\#}. — {#aDyA#}, MBH. 6,45"
PWG-L72578-MBH6.4538,6,4538,gam,st.,medium,Bomb,none,,unresolvable,none,,"^H — naya^ntu#} st. {#puna^ryantu\#}. — {#aDyA#}, MBH. 6,4538 hat die ed. Bomb.<"
PWG-L95642-MBH6.4726,6,4726,vEcitravIrya,fälschlich,medium,Calc,none,,unresolvable,none,,"BH. 1,"">7382. 3,14744. 5,31. 6,4726 ({#vEcitrya˚#} fälschlich ed. Calc.). 11,46. 15,46. HARIV. 3010</l"
PWG-L46755-MBH6.4967,6,4967,pUrva,zu lesen,high,,none,,unresolvable,none,,"in Weib gewesen ist%} MBH. 5,5939. 6,4483. 4967 (wo wohl {#˚pUrvaH#} zu lesen ist). Ueberaus häufig nach einem partic. praet. pass.: {#dfzwa"
PWG-L49339-MBH6.5117,6,5117,prabala,st.,medium,,none,,unresolvable,none,,"prabalA iva#} {%mächtige, grosse Wassermassen%} MBH. 7,3497. 6,5117 (wo {#vAryoGAn#} st. {#vIryOGAn#} zu lesen ist). {#˚toya#} {%wasserreich%} ({#deSa#}) RĀJA-TAR. 5,68<"
PWG-L81815-MBH6.5217,6,5217,yA,st.,medium,Bomb,none,,unresolvable,none,,"{#udyApana#}. — {#aByud#} {%sich gegen Jmd erheben%} MBH. 6,5217. {#aByudyato#} st. {#aByudyAto#} ed. Bomb. [Page6-0106] — {#pratyud#} {%sich erhebe"
PWG-L88503-MBH6.5491,6,5491,vart,fehlerhaft,high,Bomb,none,,unresolvable,none,,"/ls>. — 3〉 {#Avftta#} fehlerhaft für {#Avfta#} {%bedeckt%} MBH. 6,5491 ({#AvftA#} ed. Bomb.). = {#vfta#}"
PWG-L68681-MBH6.5680,6,5680,UrugrAha,zu lesen,high,,none,,unresolvable,none,,"#UrugrAha/#}¦ ({#Uru#} + {#grAha#}) m. {%Schenkellähmung%} MBH. 6,5680. so ist auch zu lesen AV. 11,9,12 st. {#uru˚#} und MBH. 5,2024 st. {#guru˚#"
PWG-L68681-MBH6.5680,6,5680,UrugrAha,st.,medium,Calc,none,,unresolvable,none,,"#UrugrAha/#}¦ ({#Uru#} + {#grAha#}) m. {%Schenkellähmung%} MBH. 6,5680. so ist auch zu lesen AV. 11,9,12 st. {#uru˚#} und MBH. 5,2024 st. {#guru˚#} der ed. Calc. und"
PWG-L74502-MBH7.76,7,76,jEtra,st.,medium,Bomb,none,,unresolvable,none,,"{#jEtra#}¦ 1〉 MBH. 7,76 (Lesart der ed. Bomb. st. {#cEtra#} der ed. Calc.). KATHĀS. 56,375."
PWG-L103218-MBH7.79,7,79,saMhanana,fehlerhaft,high,Bomb,none,,unresolvable,none,,"st). — 9〉 {%Harnisch%} ({#daMSa#}) TRIK. 3,3,427. MBH. 7,79. fehlerhaft für {#saMnahana#}, wie die ed. Bomb. des MBH. liest."
PWG-L103843-MBH7.79,7,79,saYj,st.,medium,Bomb,none,,unresolvable,none,,". {#Asajjata#} BHĀG. P. 7,8,27. st. {#Asajja#} MBH. 7,79 liest die ed. Bomb. {#AsAdya#}. —"
PWG-L79857-MBH7.203,7,203,bala,st.,medium,Bomb,none,,unresolvable,none,,"2. {#bala#}¦ 2〉a〉 MBH. 5,7094. 7,203 liest die ed. Bomb. {#bakAH#} st. {#balAH#}. — c〉 auch ein Sohn Kṛṣṇaʼs BHĀG. P. 10,61,15"
PWG-L103507-MBH7.281,7,281,saMkrandana,zu lesen,high,,none,,unresolvable,none,,"5,20,9. {#yuDi#} MBH. 4,166. 5,2253. 7,281 ({#SUraH#} wie an den beiden vorangehenden Stellen zu lesen). — 2〉 m. a〉 ein N. Indraʼs AK. 1"
PWG-L83542-MBH7.363,7,363,raB,zu lesen,high,Bomb,none,,unresolvable,none,,"BH."">4,592. 5,7182. 7276. 7,363 (wo mit der ed. Bomb. {#saMrabDA#} zu lesen ist). 3168. 13,4831. HARIV. 312. <ls n=""H"
PWG-L61061-MBH7.386,7,386,mura,zu lesen,high,,none,,unresolvable,none,,"MED. r. 78. MBH. 5,1890. 5357. 7,386. HARIV. 8395 (wo mit der neueren Ausg. {#murasyA˚#} st. {#parasyA˚#} zu lesen ist). BHĀG. P. 3,3,11. Vgl. {#maDumuranarakavinASana, muru, mOrya#}. <d"
PWG-L61061-MBH7.386,7,386,mura,st.,medium,,none,,unresolvable,none,,"MED. r. 78. MBH. 5,1890. 5357. 7,386. HARIV. 8395 (wo mit der neueren Ausg. {#murasyA˚#} st. {#parasyA˚#} zu lesen ist). BHĀG. P. 3,3,11. Vgl. {#maDumuranaraka"
PWG-L108316-MBH7.452,7,452,sAntara,fehlerhaft,high,,none,,unresolvable,none,,"{#sAktava#}. — 4〉 {%mit einer Clausel versehen%}: {#vara#} MBH. 7,452<"
PWG-L108316-MBH7.462,7,462,sAntara,zu lesen,high,,none,,unresolvable,none,,"t einer Clausel versehen%}: {#vara#} MBH. 7,452. {#nigraha#} 462 ({#sAntare#} zu lesen). 465. 469."
PWG-L85380-MBH7.504,7,504,roDas,zu lesen,high,Bomb,none,,unresolvable,none,,"1. AK. 1,2,3,7. H. 1077. HALĀY. 3,45. MBH. 7,504 (wo mit der ed. Bomb. {#˚roDasam#} zu lesen ist). 1403. 6186. R. 4,53,15. RAGH"
PWG-L96461-MBH7.635,7,635,vyA,fehlerhaft,high,Bomb,none,,unresolvable,none,,"#AvItin, prAcInAvIta, mahAvIta#} (?). — {#ud#}, {#udvIta#} MBH. 7,635 fehlerhaft für {#udDUta#}, wie die ed. Bomb. liest. — {#upa#} {%umnehmen, umhäng"
PWG-L111908-MBH7.672,7,672,susAra,fehlerhaft,high,,none,,unresolvable,none,,"2. {#susAra#}¦ MBH. 7,672 fehlerhaft für {#masAra#}."
PWG-L44840-MBH7.800,7,800,pArSva,lies,high,,none,,unresolvable,none,,"""MBH."">5,2041. {%Flanke eines Heeres%} 6,2107. 7,800 (lies {#pArSvam#} st. {#pArzam#}). 801. {%die Wände eines Kessels%}: {#piWaraM jvalada"
PWG-L44840-MBH7.800,7,800,pArSva,st.,medium,,none,,unresolvable,none,,"""MBH."">5,2041. {%Flanke eines Heeres%} 6,2107. 7,800 (lies {#pArSvam#} st. {#pArzam#}). 801. {%die Wände eines Kessels%}: {#piWaraM jvaladatimAtraM nijapArSvAn"
PWG-L116437-MBH7.857,7,857,halahalA,zu lesen,high,,none,,unresolvable,none,,"H. 1,"">5482. 2,2298. 5,7290. 7,857. R. 2,40,36. 81,14 (82,13 GORR.). R. GORR. 2,13,27 ({#halahalA˚#} zu lesen). 3,31,41. 5,56,73."
PWG-L25943-MBH7.916,7,916,cEtraseni,fälschlich,medium,,none,,unresolvable,none,,"{#cEtraseni#}¦ patron. von {#citrasena#} MBH. 7,916. fälschlich {#citrasEni#} 1091."
PWG-L36820-MBH7.1061,7,1061,Durya,zu lesen,high,,none,,unresolvable,none,,". RĀJA-TAR. 2,95 (wo wohl {#'DikAriRAm#} zu lesen ist). MBH. 7,1061. {#kula˚#} {%an der Spitze des Geschlechts stehend%} oder {%di"
PWG-L51326-MBH7.1121,7,1121,plava,druckfehler,high,,none,,unresolvable,none,,ne best. Waffe%}: {#gadApariGanistriMSapaww
PWG-L97013-MBH7.1127,7,1127,Sak,fehlerhaft,high,Bomb,none,,unresolvable,none,,"#karRaM prayodDuM na praSakzye#} MBH. 8,3384. — {#praSakta#} MBH. 7,1127 fehlerhaft für {#prasakta#}, wie die ed. Bomb. liest. — {#prati#} {%gegen Jmd%}"
PWG-L73770-MBH7.1320,7,1320,citraka,st.,medium,Bomb,none,,unresolvable,none,,"{#citraka#}¦ 1〉b〉 MBH. 7,1320, Lesart der ed. Bomb. st. {#cillaka#} der ed. Calc. — 2〉a〉 am Ende eines adj. comp.</a"
PWG-L92210-MBH7.1352,7,1352,viparyAsa,zu lesen,high,,none,,unresolvable,none,,"ohl {#BAgya˚#} zu lesen; vgl. u. {#viparyaya#} 2〉d) MBH. 7,1352. — 6〉 {%Ung"
PWG-L108131-MBH7.1441,7,1441,sAtyaka,zu schreiben,high,,none,,unresolvable,none,,"{#sAtyaka#}¦ m. = {#sAtyaki#} MBH. 5,653. 7,1441. HARIV. 7534 ({#˚ki#} die neuere Ausg.). am Ende eines adj. comp. 7460 ({#sasA˚#} zu schreiben)."
PWG-L109709-MBH7.1447,7,1447,sukalita,fehlerhaft,high,,none,,unresolvable,none,,"{#sukalita#}¦ MBH. 7,1447 fehlerhaft für {#sukalila#}."
PWG-L43685-MBH7.1621,7,1621,palAy,zu lesen,high,,none,,unresolvable,none,,fgenommen haben. — {#pra#} {
PWG-L43685-MBH7.1621,7,1621,palAy,st.,medium,,none,,unresolvable,none,,fgenommen ha
PWG-L21814-MBH7.1622,7,1622,gam,zu lesen,high,,none,,unresolvable,none,,"vi ga^cCati#} AV. 11,8,"
PWG-L29078-MBH7.1626,7,1626,talpa,zu lesen,high,,none,,unresolvable,none,,"s> H. an. MED. {%Wagensitz%} MBH. 3,14917. 7,1626, wo so st. {#kalpa#} zu lesen ist. — Das f. {#ta/lpA#} AV. 13,1,17. — 2〉 {%ein zur Verth"
PWG-L29078-MBH7.1626,7,1626,talpa,st.,medium,,none,,unresolvable,none,,"s> H. an. MED. {%Wagensitz%} MBH. 3,14917. 7,1626, wo so st. {#kalpa#} zu lesen ist. — Das f. {#ta/lpA#} AV. 13,1,17. <div n="
PWG-L36440-MBH7.1663,7,1663,Darmin,zu lesen,high,,none,,unresolvable,none,,"ft%} ŚABDAR._im_ŚKDR. PĀR. GṚHY. 2,11 (?). MBH. 7,1663 (wo {#DarmiRAm#} zu lesen ist). 13,7567. 14,2715. SUND. 2,3 (die C"
PWG-L116085-MBH7.1787,7,1787,har,fehlerhaft,high,,none,,unresolvable,none,,"〉 {#avahartum#} RĀJA-TAR. 1,114 wohl fehlerhaft; {#avahfta#} MBH. 7,1787 und MĀRK. P. 66,18 fehlerhaft für {#apahfta#}"
PWG-L116085-MBH7.1787,7,1787,har,fehlerhaft,high,Bomb,none,,unresolvable,none,,"〉 {#avahartum#} RĀJA-TAR. 1,114 wohl fehlerhaft; {#avahfta#} MBH. 7,1787 und MĀRK. P. 66,18 fehlerhaft für {#apahfta#} (so MBH. ed. Bomb.). — caus. {%erlegen lassen%}: Abgabe"
PWG-L94720-MBH7.1872,7,1872,vfkzAraka,fehlerhaft,high,Bomb,none,,unresolvable,none,,"{#vfkzAraka#}¦ MBH. 7,1872 fehlerhaft für {#vfndAraka#}, wie die ed. Bomb. liest."
PWG-L61867-MBH7.1899,7,1899,meGavega,st.,medium,Bomb,none,,unresolvable,none,,"a#}¦ ({#meGa#} + {#vega#}) m. N. pr. eines Mannes MBH. 7,1899, ed. Bomb. st. {#mahAmeGa#} der ed. Calc."
PWG-L88863-MBH7.1976,7,1976,vaSA,fehlerhaft,high,,none,,unresolvable,none,,"2. {#vaSA#}¦ MBH. 7,1976 fehlerhaft für {#vasA#}."
PWG-L97991-MBH7.2252,7,2252,Saya,fehlerhaft,high,Bomb,none,,unresolvable,none,,"s>Sāman Ind. St. 3,239,a. — 3〉 n. MBH. 7,2252 fehlerhaft für {#Sata#}, wie die ed. Bomb. liest."
PWG-L22528-MBH7.2286,7,2286,guqa,statt,medium,,none,,unresolvable,none,,"2,"">490,12. adj. {%Melasse statt Wasser enthaltend%} MBH. 7,2286. {#guqOdana#} {%Reis mit Zucker%} YĀJÑ. 1,30"
PWG-L94429-MBH7.2436,7,2436,vItahotra,fehlerhaft,high,Bomb,none,,unresolvable,none,,"{#vItahotra#}¦ MBH. 7,2436 fehlerhaft für {#vItihotra#}, wie die ed. Bomb. liest."
PWG-L91581-MBH7.2615,7,2615,vid,fälschlich,medium,Bomb,none,,unresolvable,none,,"R. 14,22. Bisweilen fälschlich für {#paridevay#}, z. B. MBH. 7,2615, wo die ed. Bomb. {#parya"
PWG-L115415-MBH7.2991,7,2991,svaryAti,fehlerhaft,high,Bomb,none,,unresolvable,none,,"{#svaryAti#}¦ MBH. 7,2991 fehlerhaft für {#SaryAti#} (so ed. Bomb.)."
PWG-L85996-MBH7.3070,7,3070,laB,fehlerhaft,high,,none,,unresolvable,none,,"ṬṬ."">6,125. — 4〉 {#upAla˚#} fehlerhaft für {#upala˚#} MBH. 7,3070. ŚĀK. CH. 14,13. BHĀG. P. 5,10,1. <"
PWG-L116085-MBH7.3123,7,3123,har,fehlerhaft,high,Bomb,none,,unresolvable,none,,"5] — 4〉 {%angreifen%} (einen Feind) MBH. 3,15720. 7,3123 nach der Lesart der ed. Bomb. 5775. — {#˚hAryate#} BṚH. ĀR. UP. 4,1,6 fehlerhaft für {#˚haryati#}, wie ŚAT. BR. hat. — {#pratyaBi#} {%darreiche"
PWG-L39851-MBH7.3203,7,3203,nivedana,zu lesen,high,,none,,unresolvable,none,,"SirasAM DaraRItale . padmAnAmiva saMGAtEH pArTaScakre nivedanam ..#} MBH. 7,3203 ist vielleicht {#nidevanam#} (von 1. {#div#} mit {#ni#}) {%das Spielen%} statt {#nivedanam#} zu lesen."
PWG-L39851-MBH7.3203,7,3203,nivedana,statt,medium,,none,,unresolvable,none,,"SirasAM DaraRItale . padmAnAmiva saMGAtEH pArTaScakre nivedanam ..#} MBH. 7,3203 ist vielleicht {#nidevanam#} (von 1. {#div#} mit {#ni#}) {%das Spielen%} statt {#nivedanam#} zu lesen."
PWG-L65274-MBH7.4065,7,4065,alambuza,lies,high,,none,,unresolvable,none,,. {%Erbrechen%} und streiche das Eingeklammert
PWG-L65274-MBH7.4065,7,4065,alambuza,st.,medium,,none,,unresolvable,none,,". {%Erbrechen%} und streiche das Eingeklammerte. — c〉 MBH. 7,4065."
PWG-L39163-MBH7.4250,7,4250,nirapekza,zu lesen,high,,none,,unresolvable,none,,"(als Tadel und auch als Lob) M. 6,49. MBH. 6,4735. 7,4250. HARIV. 4803. ŚĀK. CH. 59,12. PAÑCAT. 264,7 (wo {#nirapekza#} zu lesen ist). HIT. II, 81. BHĀG. P. 6,19,4. 7,13,1. <ls n"
PWG-L105692-MBH7.4339,7,4339,samAvApa,fehlerhaft,high,,none,,unresolvable,none,,"euer, ein Opfer wobei dieses stattfindet%} ĀŚV. ŚR. 4,1,9. — MBH. 7,4339 fehlerhaft für {#samAvAya#}."
PWG-L107857-MBH7.5128,7,5128,sA,fehlerhaft,high,Bomb,none,,unresolvable,none,,"pische Formen s. unter {#aDyava#} u. s. w. {#sADi#} MBH. 7,5128 fehlerhaft für {#SADi#}, wie die ed. Bomb. liest. Vgl. {#si#}. — caus. {#"
PWG-L58007-MBH7.5381,7,5381,marz,fehlerhaft,high,Bomb,none,,unresolvable,none,,"ch lebe%}, DAŚAK._in_BENF. Chr. 199,10. {#amarzat#} MBH. 7,5381 fehlerhaft für {#amarzAt#}, wie die ed. Bomb. liest. — caus. {#marza/yati, ˚te#} <"
PWG-L88767-MBH7.5430,7,5430,valg,zu lesen,high,,none,,unresolvable,none,,s>. {#tava putr
PWG-L106590-MBH7.5526,7,5526,sarp,zu lesen,high,,none,,unresolvable,none,,"jaMgA kAlacoditAH . prasarpamARA medinyAM te vyarocanta mArgaRAH ..#} MBH. 7,5526. BHĀG. P. 3,20,48. {%sich in Bewegung setzen, sich hinbewegen%}: {#puraH#} (so zu lesen) KĀM. NĪTIS. 15,16. Verz. d. O"
PWG-L104663-MBH7.5923,7,5923,saMdAna,fehlerhaft,high,Bomb,none,,unresolvable,none,,"R. 26,2,10. — Fehlerhaft für {#saMDAna#} (so ed. Bomb.) MBH. 7,5923."
PWG-L43745-MBH7.6163,7,6163,palvala,fehlerhaft,high,,none,,unresolvable,none,,">vgl. {#nalla#} für {#nalva#}) geschrieben MBH. 1,6069. 7,6163. SUŚR. 1,22,11. — DHŪRTAS. 74,3 fehlerhaft für {#pallava#}."
PWG-L69134-MBH7.6390,7,6390,odarika,fehlerhaft,high,,none,,unresolvable,none,,"{#odarika#}¦ MBH. 7,6390 fehlerhaft für {#Odarika#}."
PWG-L101797-MBH7.6403,7,6403,Sru,zu lesen,high,,none,,unresolvable,none,,"."">7,50,18 ({#SrAvitaH#} zu lesen). mit gen. der Person MBH. 7,6403. mit abl. der Person: {#sAkz"
PWG-L54780-MBH7.6672,7,6672,BAs,zu lesen,high,Bomb,none,,unresolvable,none,,"2. {#avaBAsita#} MBH. 4,1776. 5,2525. 7,6672 ({#avaBAsitA#} mit der ed. Bomb. zu lesen). 7601. 7605 ({#dIptEs#} st. {#dIptEs#"
PWG-L43927-MBH7.6736,7,6736,pAMsana,zu lesen,high,,none,,unresolvable,none,,"6. {#rAkzasa˚#} HIḌ. 4,12. {#vfzRi˚#} (so ist zu lesen) MBH. 7,6736. f. {#IH kula˚#} HARIV. 4619. DAŚ. 2,71</ls"
PWG-L117662-MBH7.6822,7,6822,hEqambi,fehlerhaft,high,,none,,unresolvable,none,,"{#hEqambi#}¦ MBH. 7,4123. 6822 fehlerhaft für {#hEqimbi#}."
PWG-L117664-MBH7.6822,7,6822,hEqimbi,fehlerhaft,high,Calc,none,,unresolvable,none,,"ex> = {#hEqimba#} 2〉 MBH. 7,4097. 4123. 6822. an den beiden letzten Stellen in der ed. Calc. fehlerhaft {#hEqambi#}."
PWG-L92490-MBH7.6944,7,6944,viBu,zu lesen,high,Bomb,none,,unresolvable,none,,"6,18,2. eines Bruders des Śakuni MBH. 7,6944 (mit der ed. Bomb. zu lesen: {#SakunerBrAtaro vIrA gavAkzaH SaraBo viBuH . suBago BAnudattaSca SUrAH paYca mahAraTAH"
PWG-L54780-MBH7.7605,7,7605,BAs,zu lesen,high,Bomb,none,,unresolvable,none,,"tA#} mit der ed. Bomb. zu lesen). 7601. 7605 ({#dIptEs#} st. {#dIptEs#} mit der ed. Bomb. zu lesen). 12,13361. R. 4,2,9. 5,20,18. SUŚR. 1,54,"
PWG-L54780-MBH7.7605,7,7605,BAs,st.,medium,Bomb,none,,unresolvable,none,,"tA#} mit der ed. Bomb. zu lesen). 7601. 7605 ({#dIptEs#} st. {#dIptEs#} mit der ed. Bomb. zu lesen). 12,13361. R."
PWG-L108244-MBH7.7786,7,7786,sADuvAdin,fehlerhaft,high,Bomb,none,,unresolvable,none,,"10157 (S. 791) fehlerhaft für {#˚vAhin#} (so ed. Bomb.) MBH. 7,7786."
PWG-L112501-MBH7.7875,7,7875,sfj,fehlerhaft,high,,none,,unresolvable,none,,"5. {#mAyASata˚#} MBH. 7,541. 4103. 7875. {#rAjaprajA˚#} {%aus Fürsten Unterthanen machend%} RĀJA-TAR. 3,364. — 3〉 fehlerhaft für {#srut#} Spr. (II) 4338. — Vgl. {#prajA˚, brahma˚, BUti˚"
PWG-L49291-MBH7.7963,7,7963,prapAta,fälschlich,medium,,none,,unresolvable,none,,"/ls>. H. an. (fälschlich {#prayAta#}). MED. t. 127. MBH. 7,7963. R. 2,52,91. {#maru˚#}"
PWG-L32146-MBH7.8136,7,8136,darS,zu lesen,high,,none,,unresolvable,none,,sein%}: {#na vE kiMcidvyapadfS
PWG-L114102-MBH7.8226,7,8226,sTURAkarRa,fälschlich,medium,,none,,unresolvable,none,,"H."">5,1913. 4786. 7,8222. 8226. HARIV. 10474. 13217. — Hier und da fälschlich {#sTURA˚#} geschrieben."
PWG-L47118-MBH7.8728,7,8728,pfSni,st.,medium,,none,,unresolvable,none,,"m. pl. N. eines Ṛṣi-Geschlechts MBH. 7,8728. {#pfSniyo 'jA fzigaRAH#} Verfasser zu ṚV. 9,86,21—30. ṚV. ANUKR.; st. dessen: {#fzigaRAH pfSniyogA aNgirasaH#} Ind. St. 3,223,b. m. <a"
PWG-L102764-MBH7.8816,7,8816,saMyuga,zu lesen,high,Bomb,none,,unresolvable,none,,"5,"">1896. 3411. 7204. 7,8816 (entweder {#saMyuge#} oder mit der ed. Bomb. {#saMcayEH#} zu lesen). 9,1034. R. 1,1,4. 6,20. R. GORR. 1,23"
PWG-L91583-MBH7.8885,7,8885,vid,st.,medium,Bomb,none,,unresolvable,none,,". 3,"">7072. 5,1383. 7079. 7,8885 ({#avindan#} ed. Bomb. st. {#avidan#} der ed. Calc.). {#Sarma#} R. GORR. 2,71,23. <ls n=""R. G"
PWG-L91857-MBH7.8989,7,8989,viDarmika,fehlerhaft,high,,none,,unresolvable,none,,"{#viDarmika#}¦ MBH. 7,8989 fehlerhaft für {#viDarmaka#}."
PWG-L87163-MBH7.9153,7,9153,vaktavya,lies,high,,none,,unresolvable,none,,rAnnaKAgrAcc
PWG-L87163-MBH7.9153,7,9153,vaktavya,st.,medium,,none,,unresolvable,none,,rAnnaKAgrAcca vaktavyo#} (so di
PWG-L53686-MBH7.9283,7,9283,brU,fehlerhaft,high,Bomb,none,,unresolvable,none,,"ls>. 33), {#abruvam, abravIt#} ({#abravat#} MBH. 7,9283 fehlerhaft für {#abravIt#}, wie die ed. Bomb. hat), {#bravIt#} (HARIV. 8214. <ls n"
PWG-L104820-MBH7.9456,7,9456,saMniDAna,zu lesen,high,Bomb,none,,unresolvable,none,,"apasAM#} st. {#tapasA#} mit der ed. Bomb. zu lesen) MBH. 7,9456. {#dozARAm#} Spr. (II) 1038. BHĀG. P. 10,2,28 (="
PWG-L104820-MBH7.9456,7,9456,saMniDAna,st.,medium,Bomb,none,,unresolvable,none,,"apasAM#} st. {#tapasA#} mit der ed. Bomb. zu lesen) MBH. 7,9456. {#dozARAm#} <l"
PWG-L26354-MBH7.9506,7,9506,jagadyoni,zu lesen,high,,none,,unresolvable,none,,",46. H. ś. 46 (so zu lesen st. {#jagadroRi#}). MBH. 7,9506. Viṣṇuʼs oder Kṛṣṇaʼs"
PWG-L26354-MBH7.9506,7,9506,jagadyoni,st.,medium,,none,,unresolvable,none,,",46. H. ś. 46 (so zu lesen st. {#jagadroRi#}). MBH. 7,9506. Viṣṇuʼs oder Kṛṣṇaʼs HAR"
PWG-L36143-MBH7.9536,7,9536,Danva,zu lesen,high,,none,,unresolvable,none,,"5,1,2. {#priya˚#} adj. Beiw. Śivaʼs MBH. 7,9536. ein f. {#DanvABiH#} HARIV. 7315; hier ist aber wohl {#DanviBiH#} zu lesen, welche Lesart auch LANGL. vor sich gehabt zu haben scheint. — 2〉 <le"
PWG-L77582-MBH7.9557,7,9557,nI,st.,medium,Bomb,none,,unresolvable,none,,"91,7. — Z. 3 vom Schluss, die ed. Bomb. liest MBH. 7,9557 {#BettuM#} st. {#netuM#}. — {#anu#} 3〉 {#anumIya#} MBH. 3,286 fehlerhaft für {#"
PWG-L114028-MBH7.9625,7,9625,sTita,st.,medium,,none,,unresolvable,none,,"11,82. {#˚liNga#} adj. {%ein stehendes Glied habend%} MBH. 7,9625. {#sTira˚#} st. dessen 13,7512. — b〉 {%stehend%} so v. a. {%St"
PWG-L96350-MBH8.339,8,339,vyarTa,zu lesen,high,Bomb,none,,unresolvable,none,,"529. 4545. {#vyarTa#} allein dass. 8,339 ({#vyarTaH#} mit der ed. Bomb. zu lesen). — Vgl. {#vEyarTya#}."
PWG-L116549-MBH8.500,8,500,has,zu lesen,high,,none,,unresolvable,none,,". 3,"">3049. 5,5962. 7092. 8,500 ({#prahasan#} zu lesen). HARIV. 6738. R. 1,2,33. 48,21. 52,12"
PWG-L113928-MBH8.809,8,809,sTA,zu lesen,high,Bomb,none,,unresolvable,none,,""">11,20. — {#samaBi#} {%besteigen%}: einen Elephanten MBH. 8,809 ({#samaBya˚#} mit der ed. Bomb. zu lesen). — {#ava#} med. P. 1,3,22. VOP. 23,8."
PWG-L106569-MBH8.959,8,959,sarj,zu lesen,high,,none,,unresolvable,none,,"n; vgl. {#sarj#} 10〉, {#vyava-, samava-#} und {#samA-sarj#}) MBH. 8,959."
PWG-L98773-MBH8.1523,8,1523,SAtrava,zu lesen,high,,none,,unresolvable,none,,"ls> ({#SatrO#} zu lesen). MED. v. 52. HALĀY. 2,301. MBH. 8,1523. ŚIŚ. 9,44. <"
PWG-L44177-MBH8.1634,8,1634,pARqaveya,zu lesen,high,,none,,unresolvable,none,,",7. — 2〉 adj. = {#pARqava#} 2: {#sEnyAni#} MBH. 8,1634; hier ist viell. {#pARqavIya#} zu lesen."
PWG-L110241-MBH8.1765,8,1765,sudanta,fehlerhaft,high,Bomb,none,,unresolvable,none,,"x> {%mit schönen Zähnen versehen%}: {#vaktra#} R. 5,32,48. — MBH. 8,1765. fehlerhaft für {#sudAnta#} (so ed. Bomb.) — 2〉 m. a〉 {%Sc"
PWG-L110882-MBH8.1765,8,1765,suBra,fehlerhaft,high,Bomb,none,,unresolvable,none,,"{#suBra#}¦ MBH. 8,1765 fehlerhaft für {#SuBra#} (so ed. Bomb.)."
PWG-L80374-MBH8.1855,8,1855,madraka,st.,medium,Bomb,none,,unresolvable,none,,"Frauenzimmer aus dem Volke der%} Madra MBH. 8,1853. 1855 nach der Lesart der ed. Bomb. st. {#mAdrikA#} der ed. Calc."
PWG-L52579-MBH8.2040,8,2040,bAhIka,zu lesen,high,,none,,unresolvable,none,,"hIkamastu BadraM vaH#} Schol. wohl {%in der Fremde weilend%} MBH. 8,2040. Nach UJJVAL._zu_UṆĀDIS. 4. 25 = {#vAha#}, wofür vielleicht {#bAhya#} zu lesen ist. — 2〉 m. pl. oxyt. Bez. der Völker i"
PWG-L45577-MBH8.2054,8,2054,pIla,fehlerhaft,high,,none,,unresolvable,none,,"{#pIla#}¦ in {#˚vanAni#} MBH. 8,2054 fehlerhaft für {#pIlu#}."
PWG-L95749-MBH8.2056,8,2056,vEdeha,fehlerhaft,high,,none,,unresolvable,none,,"ASSEN, Pentap. 66,31 fehlerhaft für {#vAhIkAnAm#} ({#bA˚#}), wie MBH. 8,2056 gelesen wird."
PWG-L40926-MBH8.2100,8,2100,nEmiza,zu lesen,high,,none,,unresolvable,none,,ex>m. pl. {%die
PWG-L64234-MBH8.2381,8,2381,apAra,lies,high,,none,,unresolvable,none,,"HALĀY. 3,45. {#tasyAH pAramapAraM c"
PWG-L96209-MBH8.2526,8,2526,vyaNga,fehlerhaft,high,,none,,unresolvable,none,,volk beste
PWG-L94099-MBH8.2801,8,2801,vizvagvAta,fälschlich,medium,,none,,unresolvable,none,,"ls>MBH. 6,78. 7,29. 1842. 8,2801. HARIV. 7630. Spr. 5391. hier und da fälschlich {#viSva˚#} geschr."
PWG-L33077-MBH8.3306,8,3306,dih,zu lesen,high,,none,,unresolvable,none,,"/ls> ist wohl {#pradagDa#} zu lesen). {#ruDira˚#} BHAG. 2,5. MBH. 8,3306. {#viza˚#} VARĀH. BṚH. S. 77,1"
PWG-L54779-MBH8.3392,8,3392,BAs,zu lesen,high,,none,,unresolvable,none,,"BAH svidarkasya#} 7,2143. 6,2940. 8,3392. HARIV. 1331. 14994. {#asUryo 'pi hideSaH sa tasya (gireH) BAsaH#} (wohl {#BAsA#} zu lesen) {#prakASate#} R. 4,44,119. KUMĀRAS. 7,3. VARĀH. BṚH. S. 30,32"
PWG-L69890-MBH8.3393,8,3393,karttar,fehlerhaft,high,,none,,unresolvable,none,,"2. {#kart#}) nom. ag. {%Spinner%}: {#kulatantu˚#} MBH. 8,3393. {#karttA#} HARIV. 7804 fehlerhaft für {#kartya#}; s. oben u. 2. {#kart#}."
PWG-L24248-MBH8.3443,8,3443,GrARa,statt,medium,,none,,unresolvable,none,,"#} adj. {%sich der Nase statt des Auges bedienend, blind%} MBH. 8,3443. f. {#GrARA#} VARĀH. BṚH"
PWG-L24415-MBH8.3443,8,3443,cakzus,statt,medium,,none,,unresolvable,none,,"#} adj. {%sich der Nase statt des Auges bedienend, blind%} MBH. 8,3443. {#pitfdevamanuzyARAM vedaScakzuH sanAt"
PWG-L93208-MBH8.3505,8,3505,viSaNkin,fehlerhaft,high,Bomb,none,,unresolvable,none,,"ATHĀS. 14,4. {#sarvanASa˚#} 17,81. — {#a˚#} MBH. 8,3505 fehlerhaft für {#aBiSaNkin#}, wie die ed. Bomb. liest."
PWG-L90915-MBH8.3514,8,3514,vikoSa,fälschlich,medium,,none,,unresolvable,none,,"BH."">6,1788. 7,573. 3090. 8,3514. HARIV. 2658. RAGH. 7,45. KATHĀS. 112,153. 124,119 (fälschlich {#vikroSa#}). RĀJA-TAR. 3,50. 346. 8"
PWG-L51674-MBH8.3902,8,3902,Penila,statt,medium,,none,,unresolvable,none,,"%schaumig durch%} d. i. {%dieses statt des Schaumes habend%} MBH. 8,3902. 7,505. 8534"
PWG-L74796-MBH8.4205,8,4205,tan,lies,high,,none,,unresolvable,none,,#} zu lesen; <
PWG-L74796-MBH8.4205,8,4205,tan,zu lesen,high,,none,,unresolvable,none,,"#} zu lesen; vgl. Spr. 1769. — {#samA#}, MBH. 8,4205 liest die"
PWG-L98510-MBH8.4246,8,4246,SA,fälschlich,medium,,none,,unresolvable,none,,"v n=""1""> 1〉 {%gewetzt, geschärft%} ŚAT."
PWG-L98457-MBH8.4287,8,4287,Sas,zu lesen,high,Bomb,none,,unresolvable,none,,"e#}, sonst {#viSasita#}). VOP. 26,111. MBH. 8,3511. 4287 ({#viSastA#} st. {#viSastrA#} mit der ed. Bomb. zu lesen). 9,480. fg. R. GORR. 2,18,37. Vgl. {#aviSastar, viSa"
PWG-L98457-MBH8.4287,8,4287,Sas,st.,medium,Bomb,none,,unresolvable,none,,"e#}, sonst {#viSasita#}). VOP. 26,111. MBH. 8,3511. 4287 ({#viSastA#} st. {#viSastrA#} mit der ed. Bomb. zu lesen). 9,480. fg."
PWG-L92786-MBH8.4327,8,4327,virasa,fehlerhaft,high,Bomb,none,,unresolvable,none,,"[Page6-1152] eines Schlangendämons MBH. 5,3632. — {#virasa#} MBH. 8,4327 fehlerhaft für {#vivaSa#}, wie die ed. Bomb. liest."
PWG-L93078-MBH8.4327,8,4327,vivaSa,zu lesen,high,Bomb,none,,unresolvable,none,,"parezAmadya vartate#} MBH. 4,550. 7,1559. 8,4327 (mit der ed. Bomb. {#vivaSa#} st. {#virasa#} zu lesen). 13,35 ({#vivaSaM#} mit der ed. Bomb. zu [Page6-1178] lesen)."
PWG-L93078-MBH8.4327,8,4327,vivaSa,st.,medium,Bomb,none,,unresolvable,none,,"parezAmadya vartate#} MBH. 4,550. 7,1559. 8,4327 (mit der ed. Bomb. {#vivaSa#} st. {#virasa#} zu lesen). 13,35 ({#vivaSaM#} mit der ed. Bomb.</ls"
PWG-L93246-MBH8.4407,8,4407,viSAda,fehlerhaft,high,Bomb,none,,unresolvable,none,,"{#viSAda#}¦ MBH. 8,4407 fehlerhaft für {#vivAda#}, wie die ed. Bomb. liest."
PWG-L62327-MBH8.4424,8,4424,mOneya,fälschlich,medium,,none,,unresolvable,none,,"sse von Gandharva und Apsaras MBH. 1,2552. 8,4424. HARIV. 12473. VP. 370 (wo WILSON sie fälschlich auf den Muni Kaśyapa zurückführt). Fälschlich {#mOleyA#} MĀRK. P. 6"
PWG-L62327-MBH8.4424,8,4424,mOneya,fälschlich,medium,,none,,unresolvable,none,,"sse von Gandharva und Apsaras MBH. 1,2552. 8,4424. HARIV. 12473. VP. 370 (wo WILSON sie fälschlich auf den Muni Kaśyapa zurückführt). Fälschlich {#mOleyA#} MĀRK. P. 61,35. 46. — 3〉 n."
PWG-L95399-MBH8.4712,8,4712,vedikA,zu lesen,high,Bomb,none,,unresolvable,none,,"e eines adj. comp. (f. {#A#}) MBH. 2,90. 8,4712 ({#savedika#} mit der ed. Bomb. zu lesen). 18,247. HARIV. 16171. 16177. R. 3,61"
PWG-L95738-MBH8.4712,8,4712,vEdika,fehlerhaft,high,Bomb,none,,unresolvable,none,,"CAR. 1,2,14. COLEBR. Misc. Ess. II, 188. — {#savEdika#} MBH. 8,4712 fehlerhaft für {#savedika#}, wie die ed. Bomb. liest."
PWG-L38488-MBH9.221,9,221,nAyaka,st.,medium,,none,,unresolvable,none,,"#AH anAyakA taTA senA#} {%ein Heer ohne Führer%} MBH. 7,143. 9,221. R. GORR. 2,91,16. — Statt {#nAyakaH#} PAÑCAT. 156,18 hat die v. l. {#jYApakaH#}, st. {#nAyakAnAM#} MĀLAV. 73. {#vEdiSAnAM#}. — 2〉 m."
PWG-L62295-MBH9.232,9,232,mOQya,fälschlich,medium,,none,,unresolvable,none,,"infalt, Dummheit, Unverstand%} H. 320</l"
PWG-L107838-MBH9.258,9,258,sahodara,fehlerhaft,high,,none,,unresolvable,none,,". KATHĀS. 103,203. f. {#A#} MBH. 1,7922. 9,258. R. 6,10,7. KULL._zu_M. 2,50. {#I#} Spr. (II) 4068. — {#sahodaram#} PAÑCAR. 1,2,10 fehlerhaft für {#sahAdaram#}. Vgl. {#SrI˚#}."
PWG-L82186-MBH9.282,9,282,yuj,statt,medium,,none,,unresolvable,none,,〉 med. {
PWG-L102902-MBH9.896,9,896,saMvikASa,fehlerhaft,high,Bomb,none,,unresolvable,none,,"{#saMvikASa#}¦ MBH. 9,896 fehlerhaft für {#saMnikASa#}, wie die ed. Bomb. liest."
PWG-L89278-MBH9.947,9,947,vA,druckfehler,high,,none,,unresolvable,none,,"zRavAtA vAyante DUmaketumavasTitAH#} MBH. 6,97. — {#avAyat#} MBH. 9,947 Druckfehler für {#avArayat#}. — {#ati#} {%heftig wehen%}: {#ativAyati#} {%bei heftigen Win"
PWG-L87756-MBH9.1334,9,1334,vanaga,fehlerhaft,high,Bomb,none,,unresolvable,none,,"{#vanaga#}¦ MBH. 9,1334 fehlerhaft für {#vanapa#}, wie die ed. Bomb. liest."
PWG-L87898-MBH9.1334,9,1334,vanAnta,st.,medium,Bomb,none,,unresolvable,none,,"a vanAntESca kAnanEScEva SoBitAm#} ({#BUmim#}) MBH. 3,11845. 9,1334. R. 2,30,14 ({#vanAntaH#} ed. Bomb. st. {#vanAnte#}). 54,39 (40 GORR.)."
PWG-L96209-MBH9.1388,9,1388,vyaNga,zu lesen,high,Bomb,none,,unresolvable,none,,"Bomb. hat die richtige Lesart). {#tryaNga#} ({#bala#}) ist auch 9,1388 zu lesen st. {#dvyaNga#} der ed. Calc. und {#vyaNga#} der ed. Bomb. <di"
PWG-L120404-MBH9.1388,9,1388,dvyaNga,fehlerhaft,high,Bomb,none,,unresolvable,none,,"{#dvyaNga#}¦ MBH. 9,1388 fehlerhaft für {#tryaNga, vyaNga#} ed. Bomb."
PWG-L96209-MBH9.1388,9,1388,vyaNga,st.,medium,Bomb,none,,unresolvable,none,,"Bomb. hat die richtige Lesart). {#tryaNga#} ({#bala#}) ist auch 9,1388 zu lesen st. {#dvyaNga#} der ed. Calc. und {#vyaNga#} der ed. Bomb."
PWG-L107462-MBH9.1685,9,1685,sah,zu lesen,high,,none,,unresolvable,none,,"ulam#} 3,671. 17319. {#vegam#} 9,1685. RAGH. 3,63 ({#visoQam#} zu lesen). 4,41. 49. 8,56. <ls n=""RAGH"
PWG-L111580-MBH9.2003,9,2003,suvAsas,zu lesen,high,Bomb,none,,unresolvable,none,,"ls>. 7,13,41. 8,8,7. Kühe MBH. 9,2003. BHĀG. P. 9,4,33. eine Stadt 11,28 ({#suvAsasam#} mit der ed. Bomb. zu lesen). {%mit schönen Federn versehen%}: Pfeile MBH. 5,706."
PWG-L62152-MBH9.2031,9,2031,mokza,st.,medium,,none,,unresolvable,none,,"okzArTaM tasya yakzmaRaH#} (gen. st. abl.) MBH. 9,2031. {#banDana˚#} VARĀH. BṚH. S. 48,81. <ls"
PWG-L107462-MBH9.2458,9,2458,sah,zu lesen,high,,none,,unresolvable,none,,nom. act.: {#taM garBamasahantI viDAraRe . utsasar
PWG-L47176-MBH9.2487,9,2487,pfzWatas,fehlerhaft,high,,none,,unresolvable,none,,"'pi vahnipraveSaH kAryaH#} PAÑCAT. 70,7 ist wohl verdorben. MBH. 9,2487 fehlerhaft für {#pfzWajaH#}."
PWG-L47173-MBH9.2487,9,2487,pfzWaja,st.,medium,,none,,unresolvable,none,,"a (auch als {%Sohn desselben%} aufgefasst) MBH. 1,2588 (9,2487 st. dessen {#pfzWataH#}). HARIV. 157. VP. 120."
PWG-L54820-MBH9.2533,9,2533,BAsvara,statt,medium,,none,,unresolvable,none,,"> eines Trabanten des Sonnengottes, den er Skanda überlässt, MBH. 9,2533. eine buddh. Gottheit LALIT. 57 (statt der zwei Namen Prabhāvyūha und Bhāsvara bei FOUCAUX hat die <l"
PWG-L81528-MBH9.2547,9,2547,yama,fehlerhaft,high,Calc,none,,unresolvable,none,,"b> eines Wesens im Gefolge Skandaʼs (neben Atiyama) MBH. 9,2547. — 5〉 m. pl. N. pr. einer Klasse von Göttern bei den Buddhisten LALIT. ed. Calc. 58,4. fehlerhaft für {#yAma#}. — 6〉 m. {%Krähe%} H. an."
PWG-L47087-MBH9.2564,9,2564,pfTuSrava,fehlerhaft,high,,none,,unresolvable,none,,">m. N. pr. eines Wesens im Gefolge des Skanda MBH. 9,2564. Vielleicht fehlerhaft für {#˚Sravas#}."
PWG-L70523-MBH9.2571,9,2571,kAlakaRWa,zu lesen,high,,none,,unresolvable,none,,"n=""1"">— 4〉 N. pr. eines Wesens im Gefolge Skand"
PWG-L70523-MBH9.2571,9,2571,kAlakaRWa,st.,medium,,none,,unresolvable,none,,"n=""1"">— 4〉 N. pr. eines Wesens im Gefolge Skandaʼs"
PWG-L49833-MBH9.2572,9,2572,pravAha,druckfehler,high,,none,,unresolvable,none,,"=""2"">— b〉 N. pr. eines Wesens im Gefolge des Skanda"
PWG-L44120-MBH9.2578,9,2578,pARikUrcan,zu lesen,high,,none,,unresolvable,none,,">m. N. pr. eines Wesens im Gefolge des Skanda MBH. 9,2578. Es ist viell. st. {#˚kUrcA ca#} zu lesen {#˚kUrcI ca#} {%der eine Wulst%} ({#kUrca#}) {%an der Hand hat%}."
PWG-L44120-MBH9.2578,9,2578,pARikUrcan,st.,medium,,none,,unresolvable,none,,">m. N. pr. eines Wesens im Gefolge des Skanda MBH. 9,2578. Es ist viell. st. {#˚kUrcA ca#} zu lesen {#˚kUrcI ca#} {%der eine Wulst%} ({#kUrca#}) {%an der Hand ha"
PWG-L75428-MBH9.2582,9,2582,daMSa,fehlerhaft,high,Bomb,none,,unresolvable,none,,"div n=""1"">— 3〉 adj. {%beissend%} in {#mfga˚#}. — {#daMSa#} MBH. 9,2582 fehlerhaft für {#SaSa#}, wie die ed. Bomb. liest."
PWG-L69573-MBH9.2627,9,2627,kandara,st.,medium,,none,,unresolvable,none,,> {#A#} N. pr. einer
PWG-L80758-MBH9.2648,9,2648,meGakarRA,st.,medium,Bomb,none,,unresolvable,none,,". N. pr. einer der Mütter im Gefolge Skandaʼs MBH. 9,2648 nach der Lesart der ed. Bomb. st. {#meGaravA#} der ed. Calc."
PWG-L102375-MBH9.2760,9,2760,SvetAnulepana,zu lesen,high,Bomb,none,,unresolvable,none,,"iw. und Bein. Balarāmaʼs MBH. 9,2156. 2760 ({#˚lepanaH#} mit der ed. Bomb. zu lesen)."
PWG-L50438-MBH9.3256,9,3256,prAgrya,zu lesen,high,,none,,unresolvable,none,,"e, vorzüglichste%} AK. 3,2,7. HALĀY. 4,4. {#yaSas#} MBH. 9,3256. {#kula˚#} HARIV. 6494. Statt {#prAgrya#} TRIK. 3,3,120 ist wohl {#prAgra#} zu lesen. — Vgl. {#a˚#}."
PWG-L68257-MBH9.3482,9,3482,upaplavya,zu lesen,high,Bomb,none,,unresolvable,none,,"{#upaplavya#}¦ MBH. 9,3482, wo mit der ed. Bomb. {#upayAtam#} für {#upajAtam#} zu lesen ist."
PWG-L81807-MBH9.3586,9,3586,yas,fehlerhaft,high,Bomb,none,,unresolvable,none,,"""p"">— {#ud#} s. {#udyAsa#}. — {#ni#}, {#niyasya#} MBH. 9,3586 fehlerhaft für {#niyamya#} (so die ed. Bomb.). — {#nis#} s. {#niryAsa#}"
