parvan,cited_verse,pratika_folded_len,outcome,found_address,found_calibrated_N,delta,coverage
1,197,24,retrieved,1.1.199,153,44,1.0
3,14853,16,probe-too-short,,,,
1,4220,20,probe-too-short,,,,
12,981,16,probe-too-short,,,,
3,14224,16,probe-too-short,,,,
1,7703,21,probe-too-short,,,,
1,7770,47,retrieved,1.213.29,7838,-68,0.902
2,2122,27,retrieved,2.64.2,2122,0,0.792
3,15964,21,probe-too-short,,,,
1,1031,12,probe-too-short,,,,
3,1568,22,probe-too-short,,,,
3,1908,24,retrieved,3.47.30,1908,0,0.81
3,8471,29,retrieved,3.93.14,8471,0,0.692
3,13707,46,retrieved,3.207.7,13707,0,0.93
1,4173,24,retrieved,1.104.2,4171,2,1.0
3,10734,19,probe-too-short,,,,
1,2882,45,retrieved,1.70.39,2882,0,0.857
12,13259,13,probe-too-short,,,,
3,15797,18,probe-too-short,,,,
1,3451,40,retrieved,1.83.28,3431,20,1.0
1,7144,34,retrieved,1.191.14,7212,-68,0.903
1,7166,51,retrieved,1.192.11,7234,-68,1.0
3,121,76,retrieved,3.2.75,121,0,1.0
7,2384,78,retrieved,7.68.8,2384,0,1.0
1,2294,76,retrieved,1.62.12,2294,0,1.0
1,103,40,retrieved,1.1.104,58,45,1.0
3,4030,42,retrieved,3.82.5,4947,-917,0.846
1,7760,36,retrieved,1.213.19,7828,-68,0.879
3,15596,41,retrieved,3.265.9,15596,0,1.0
1,3762,23,probe-too-short,,,,
3,8330,39,retrieved,3.88.5,8330,0,1.0
12,16113,43,retrieved,12.47.26,1613,14500,1.0
2,114,21,probe-too-short,,,,
1,7772,35,retrieved,1.213.32,7841,-69,0.903
1,7742,32,retrieved,1.212.31,7809,-67,1.0
2,578,17,probe-too-short,,,,
12,1737,15,probe-too-short,,,,
1,1341,13,probe-too-short,,,,
3,4052,19,probe-too-short,,,,
1,4491,59,retrieved,1.115.9,4490,1,0.722
12,228,41,retrieved,12.8.23,224,4,0.789
1,7807,20,probe-too-short,,,,
1,4644,21,probe-too-short,,,,
13,6252,77,retrieved,13.137.8,6252,0,1.0
1,3773,117,retrieved,1.95.20,3773,0,1.0
12,12072,17,probe-too-short,,,,
1,6978,36,retrieved,1.185.35,7044,-66,1.0
1,3022,25,retrieved,1.74.35,3022,0,1.0
3,7078,18,probe-too-short,,,,
1,716,86,retrieved,1.3.51,716,0,1.0
1,715,44,retrieved,1.3.50,715,0,1.0
2,1383,20,probe-too-short,,,,
1,3203,22,probe-too-short,,,,
3,169,12,probe-too-short,,,,
2,517,38,retrieved,2.13.4,517,0,0.939
1,7211,27,retrieved,1.194.9,7279,-68,0.917
3,10190,13,probe-too-short,,,,
3,10190,23,probe-too-short,,,,
1,3203,22,probe-too-short,,,,
4,1059,21,probe-too-short,,,,
3,2166,13,probe-too-short,,,,
4,907,12,probe-too-short,,,,
3,11875,39,retrieved,3.163.35,11875,0,0.944
3,11726,62,retrieved,3.160.65,11725,1,0.845
3,17226,14,probe-too-short,,,,
2,1222,21,probe-too-short,,,,
3,12681,42,retrieved,3.185.5,12682,-1,1.0
1,8127,28,retrieved,1.223.48,8213,-86,1.0
3,16989,36,retrieved,3.302.13,16989,0,0.939
3,1037,30,retrieved,3.28.9,1037,0,1.0
1,5126,33,retrieved,1.130.60,5127,-1,0.9
3,12334,30,retrieved,3.176.19,12334,0,1.0
1,4666,38,retrieved,1.120.27,4666,0,1.0
3,16450,54,retrieved,3.288.13,16448,2,1.0
3,2505,15,probe-too-short,,,,
3,717,20,probe-too-short,,,,
3,761,40,retrieved,3.19.12,761,0,0.892
2,1693,21,probe-too-short,,,,
3,8488,31,retrieved,3.94.2,8490,-2,1.0
2,1960,23,probe-too-short,,,,
2,1119,21,probe-too-short,,,,
3,15224,31,retrieved,3.253.17,15223,1,1.0
3,1580,29,retrieved,3.39.30,1580,0,1.0
1,6456,41,retrieved,1.170.22,6517,-61,1.0
3,10019,13,probe-too-short,,,,
1,4941,14,probe-too-short,,,,
1,5300,15,probe-too-short,,,,
3,8236,41,retrieved,3.85.93,8235,1,0.811
1,6144,13,probe-too-short,,,,
3,15393,12,probe-too-short,,,,
1,3089,17,probe-too-short,,,,
3,1207,31,retrieved,3.32.6,1207,0,1.0
3,14686,36,retrieved,3.233.38,14686,0,1.0
3,12614,19,probe-too-short,,,,
3,12631,29,retrieved,3.183.75,12631,0,1.0
3,8083,40,retrieved,3.84.105,8083,0,1.0
3,13352,20,probe-too-short,,,,
12,1592,15,probe-too-short,,,,
3,16834,13,probe-too-short,,,,
1,5623,75,retrieved,1.140.83,5672,-49,0.887
2,197,39,retrieved,2.5.63,197,0,1.0
3,123,20,probe-too-short,,,,
3,10674,13,probe-too-short,,,,
3,10284,52,retrieved,3.120.26,10348,-64,1.0
3,10627,14,probe-too-short,,,,
1,8173,14,probe-too-short,,,,
1,7942,15,probe-too-short,,,,
3,1450,27,retrieved,3.36.40,1450,0,0.739
2,256,71,retrieved,2.5.121,255,1,0.952
3,430,16,probe-too-short,,,,
2,1805,76,retrieved,2.50.21,1805,0,1.0
3,434,74,not-retrieved,,,,0.538
2,564,19,probe-too-short,,,,
3,9922,20,probe-too-short,,,,
1,4948,35,not-retrieved,,,,0.594
3,11551,34,retrieved,3.158.28,11551,0,0.968
3,16708,25,retrieved,3.295.18,16678,30,0.818
3,740,26,retrieved,3.18.24,740,0,0.826
1,2502,43,retrieved,1.64.48,2481,21,1.0
3,295,14,probe-too-short,,,,
2,1898,37,retrieved,2.52.40,1896,2,1.0
1,4236,18,probe-too-short,,,,
3,14380,18,probe-too-short,,,,
2,944,51,retrieved,2.24.22,944,0,1.0
3,14133,41,retrieved,3.219.4,14133,0,1.0
3,4093,50,retrieved,3.82.52,4994,-901,0.622
1,6371,40,retrieved,1.167.16,6428,-57,1.0
1,3984,26,retrieved,1.100.18,3984,0,0.895
2,1934,21,probe-too-short,,,,
3,12203,16,probe-too-short,,,,
1,140,29,retrieved,1.1.142,96,44,0.962
1,5545,16,probe-too-short,,,,
4,99,32,retrieved,4.4.17,99,0,1.0
3,13768,19,probe-too-short,,,,
1,142,40,retrieved,1.1.144,98,44,1.0
3,15053,30,retrieved,3.248.1,15054,-1,0.889
3,13722,70,not-retrieved,,,,0.463
1,4697,74,not-retrieved,,,,0.507
1,6058,19,probe-too-short,,,,
3,12253,31,retrieved,3.173.56,12286,-33,1.0
2,1694,39,retrieved,2.47.33,1694,0,1.0
3,16065,26,retrieved,3.279.21,16063,2,0.955
3,4069,30,retrieved,3.82.27,4969,-900,1.0
3,11206,28,retrieved,3.148.6,11252,-46,0.96
1,8252,37,retrieved,1.227.20,8348,-96,0.735
1,301,22,probe-too-short,,,,
1,5515,20,probe-too-short,,,,
5,3899,20,probe-too-short,,,,
1,5156,22,probe-too-short,,,,
3,1385,14,probe-too-short,,,,
1,6965,16,probe-too-short,,,,
2,531,16,probe-too-short,,,,
1,3756,16,probe-too-short,,,,
3,1403,24,retrieved,3.35.28,1403,0,0.857
3,16302,14,probe-too-short,,,,
2,2116,17,probe-too-short,,,,
1,7109,19,probe-too-short,,,,
3,13373,15,probe-too-short,,,,
2,475,60,retrieved,2.11.59,476,-1,0.887
3,17304,39,retrieved,3.313.17,17302,2,1.0
3,401,44,retrieved,3.11.17,402,-1,0.9
3,13711,39,retrieved,3.207.11,13711,0,1.0
3,15530,33,retrieved,3.263.10,15530,0,0.821
1,4649,41,retrieved,1.120.11,4650,-1,1.0
1,3557,75,retrieved,1.87.7,3538,19,1.0
3,12608,28,retrieved,3.183.51,12607,1,1.0
3,1808,39,retrieved,3.45.8,1808,0,0.914
3,8868,20,probe-too-short,,,,
3,88,39,retrieved,3.2.42,88,0,0.778
2,1210,19,probe-too-short,,,,
1,2912,38,retrieved,1.71.18,2894,18,1.0
3,11175,22,probe-too-short,,,,
1,2876,17,probe-too-short,,,,
1,3025,37,retrieved,1.74.38,3025,0,0.882
2,861,19,probe-too-short,,,,
1,442,20,probe-too-short,,,,
2,1154,20,probe-too-short,,,,
14,610,21,probe-too-short,,,,
3,15120,47,retrieved,3.250.10,15119,1,0.93
1,5092,35,retrieved,1.130.22,5089,3,1.0
3,11034,41,retrieved,3.145.21,11083,-49,0.972
13,3,15,probe-too-short,,,,
1,3756,38,retrieved,1.95.3,3756,0,1.0
14,956,18,probe-too-short,,,,
14,1330,19,probe-too-short,,,,
3,8452,41,retrieved,3.92.21,8452,0,1.0
14,722,39,retrieved,14.24.12,720,2,1.0
3,11587,33,retrieved,3.158.64,11587,0,1.0
3,1420,48,retrieved,3.36.10,1420,0,0.975
3,12819,22,probe-too-short,,,,
15,926,19,probe-too-short,,,,
1,4712,34,retrieved,1.121.34,4712,0,0.897
1,6086,19,probe-too-short,,,,
1,2485,38,retrieved,1.64.31,2464,21,1.0
3,10966,19,probe-too-short,,,,
2,1542,36,retrieved,2.44.24,1542,0,1.0
17,25,37,retrieved,17.1.25,25,0,1.0
1,7537,22,probe-too-short,,,,
1,6080,37,retrieved,1.155.39,6131,-51,1.0
3,493,20,probe-too-short,,,,
2,218,15,probe-too-short,,,,
3,971,19,probe-too-short,,,,
2,1205,19,probe-too-short,,,,
3,1211,38,retrieved,3.32.10,1211,0,1.0
2,2008,35,retrieved,2.58.17,2008,0,0.906
1,2603,38,retrieved,1.66.39,2603,0,1.0
3,15834,31,not-retrieved,,,,0.536
1,864,46,retrieved,1.5.2,864,0,1.0
1,8130,39,retrieved,1.223.51,8216,-86,1.0
3,195,38,retrieved,3.3.65,195,0,1.0
3,69,20,probe-too-short,,,,
1,3031,40,retrieved,1.74.44,3031,0,0.889
1,4486,18,probe-too-short,,,,
1,7190,26,retrieved,1.193.17,7258,-68,0.957
3,1242,19,probe-too-short,,,,
3,1258,34,retrieved,3.32.57,1258,0,0.871
17,79,17,probe-too-short,,,,
1,4977,29,retrieved,1.128.14,4977,0,1.0
2,1227,21,probe-too-short,,,,
3,1046,25,retrieved,3.28.18,1046,0,1.0
1,1090,21,probe-too-short,,,,
3,161,29,retrieved,3.3.31,161,0,1.0
2,534,30,not-retrieved,,,,0.0
5,17,24,retrieved,5.1.17,17,0,0.857
1,5875,20,probe-too-short,,,,
3,490,41,retrieved,3.12.31,491,-1,1.0
3,1763,31,retrieved,3.44.6,1790,-27,0.929
14,597,18,probe-too-short,,,,
2,866,21,probe-too-short,,,,
3,16595,19,probe-too-short,,,,
15,1073,15,probe-too-short,,,,
15,186,38,retrieved,15.5.17,186,0,1.0
3,13505,39,retrieved,3.201.25,13526,-21,0.861
3,13541,27,retrieved,3.202.27,13541,0,1.0
3,11368,17,probe-too-short,,,,
3,17327,31,retrieved,3.313.41,17326,1,0.893
3,632,35,retrieved,3.14.19,632,0,1.0
1,6175,22,probe-too-short,,,,
18,296,18,probe-too-short,,,,
3,2154,16,probe-too-short,,,,
2,171,28,retrieved,2.5.37,171,0,0.88
1,5874,20,probe-too-short,,,,
2,1616,29,retrieved,2.45.57,1619,-3,1.0
3,2566,17,probe-too-short,,,,
1,5243,19,probe-too-short,,,,
3,408,30,retrieved,3.11.24,409,-1,0.963
3,11366,22,probe-too-short,,,,
3,2337,21,probe-too-short,,,,
1,5188,21,probe-too-short,,,,
3,14378,33,retrieved,3.227.11,14377,1,1.0
3,12883,36,retrieved,3.188.78,12882,1,1.0
14,299,28,retrieved,14.11.7,300,-1,1.0
16,83,29,retrieved,16.3.27,83,0,1.0
1,6885,12,probe-too-short,,,,
3,9911,23,probe-too-short,,,,
3,9907,15,probe-too-short,,,,
1,6872,12,probe-too-short,,,,
1,8139,29,retrieved,1.223.60,8225,-86,1.0
3,14208,76,retrieved,3.222.1,14208,0,0.912
3,6002,37,retrieved,3.83.32,6452,-450,1.0
1,1814,22,probe-too-short,,,,
3,14132,16,probe-too-short,,,,
1,6567,15,probe-too-short,,,,
3,1350,13,probe-too-short,,,,
1,350,21,probe-too-short,,,,
3,388,21,probe-too-short,,,,
3,12387,21,probe-too-short,,,,
2,202,56,retrieved,2.5.68,202,0,0.941
1,7577,20,probe-too-short,,,,
15,237,25,retrieved,15.7.3,237,0,0.9
1,7586,14,probe-too-short,,,,
3,13973,43,retrieved,3.213.15,13974,-1,1.0
3,86,84,retrieved,3.2.40,86,0,0.988
3,4042,21,probe-too-short,,,,
3,14799,12,probe-too-short,,,,
1,6953,15,probe-too-short,,,,
3,74,77,retrieved,3.2.28,74,0,1.0
15,310,37,retrieved,15.10.9,310,0,1.0
2,442,27,retrieved,2.11.25,442,0,0.957
1,684,15,probe-too-short,,,,
1,584,14,probe-too-short,,,,
3,16445,28,retrieved,3.288.8,16443,2,0.84
8,2110,27,retrieved,8.45.38,2108,2,1.0
3,17445,13,probe-too-short,,,,
3,1129,39,retrieved,3.30.13,1129,0,1.0
1,258,85,retrieved,1.1.265,219,39,0.914
15,812,27,retrieved,15.29.47,812,0,1.0
3,246,38,retrieved,3.5.7,246,0,1.0
1,419,18,probe-too-short,,,,
15,19,15,probe-too-short,,,,
1,6846,41,retrieved,1.180.5,6910,-64,1.0
3,11108,26,retrieved,3.146.38,11154,-46,1.0
3,1708,21,probe-too-short,,,,
1,372,18,probe-too-short,,,,
2,1281,18,probe-too-short,,,,
14,282,90,retrieved,14.10.27,282,0,0.815
1,353,20,probe-too-short,,,,
3,10411,13,probe-too-short,,,,
1,2384,82,not-retrieved,,,,0.5
14,2137,58,retrieved,14.73.25,2128,9,0.685
3,1167,31,retrieved,3.31.8,1167,0,0.885
3,1541,32,retrieved,3.38.26,1541,0,1.0
3,9924,28,retrieved,3.108.5,9931,-7,0.64
3,17379,22,probe-too-short,,,,
14,2338,37,retrieved,14.79.37,2338,0,1.0
1,5438,17,probe-too-short,,,,
1,1475,57,retrieved,1.32.5,1475,0,1.0
2,1114,21,probe-too-short,,,,
1,3576,39,retrieved,1.88.13,3576,0,1.0
1,131,35,retrieved,1.1.133,87,44,1.0
1,87,33,retrieved,1.1.87,41,46,1.0
1,1158,32,retrieved,1.19.1,1158,0,1.0
3,14181,43,retrieved,3.221.5,14180,1,0.872
1,7073,18,probe-too-short,,,,
14,2241,35,retrieved,14.77.21,2239,2,0.875
14,1963,14,probe-too-short,,,,
3,1387,35,retrieved,3.35.12,1387,0,0.875
3,16221,21,probe-too-short,,,,
3,1196,19,probe-too-short,,,,
1,16164,36,not-retrieved,,,,0.0
3,544,39,retrieved,3.12.84,544,0,1.0
1,309,18,probe-too-short,,,,
2,2585,27,retrieved,2.79.2,2585,0,1.0
1,427,28,retrieved,1.2.152,381,46,1.0
3,10036,31,not-retrieved,,,,0.444
3,12723,50,retrieved,3.186.9,12723,0,0.935
1,674,28,retrieved,1.3.13,678,-4,1.0
3,1248,21,probe-too-short,,,,
1,858,27,retrieved,1.4.8,821,37,1.0
1,854,33,retrieved,1.4.4,817,37,0.933
3,11856,40,retrieved,3.163.16,11856,0,1.0
3,13330,25,retrieved,3.198.27,13330,0,0.682
3,14669,15,probe-too-short,,,,
1,7265,56,retrieved,1.196.14,7332,-67,1.0
2,405,15,probe-too-short,,,,
3,243,18,probe-too-short,,,,
3,7040,64,retrieved,3.83.169,6589,451,0.885
1,6026,39,retrieved,1.154.20,6076,-50,1.0
3,16167,17,probe-too-short,,,,
14,2871,39,retrieved,14.92.26,2871,0,1.0
1,3845,37,retrieved,1.96.3,3843,2,1.0
2,1309,26,retrieved,2.36.3,1308,1,1.0
2,428,19,probe-too-short,,,,
1,668,19,probe-too-short,,,,
3,15634,40,retrieved,3.267.19,15631,3,1.0
3,1215,38,retrieved,3.32.14,1215,0,1.0
2,280,38,retrieved,2.6.16,280,0,1.0
3,10412,38,retrieved,3.125.17,10473,-61,1.0
4,574,38,retrieved,4.19.18,574,0,1.0
3,5067,36,retrieved,3.82.126,5068,-1,0.879
2,304,18,probe-too-short,,,,
3,372,19,probe-too-short,,,,
3,17314,39,retrieved,3.313.27,17312,2,0.943
14,1830,41,retrieved,14.61.22,1793,37,0.889
2,808,35,retrieved,2.21.12,809,-1,1.0
1,1300,26,retrieved,1.26.5,1265,35,1.0
1,131,16,probe-too-short,,,,
3,15142,21,probe-too-short,,,,
1,7943,27,retrieved,1.220.13,8024,-81,0.708
1,3088,58,retrieved,1.74.96,3083,5,0.962
14,610,42,retrieved,14.20.12,610,0,0.897
2,664,16,probe-too-short,,,,
14,2072,29,retrieved,14.71.17,2075,-3,0.962
3,10886,13,probe-too-short,,,,
14,1797,19,probe-too-short,,,,
1,2021,32,retrieved,1.51.7,1990,31,0.893
1,3222,29,retrieved,1.76.40,3223,-1,0.654
18,152,73,not-retrieved,,,,0.565
3,10772,22,probe-too-short,,,,
3,10905,27,retrieved,3.142.7,10955,-50,1.0
1,3411,24,retrieved,1.82.15,3411,0,1.0
1,691,36,retrieved,1.3.27,692,-1,1.0
1,5222,26,retrieved,1.132.11,5262,-40,1.0
5,194,13,probe-too-short,,,,
3,860,15,probe-too-short,,,,
2,2496,20,probe-too-short,,,,
3,10746,40,retrieved,3.135.55,10799,-53,1.0
15,183,18,probe-too-short,,,,
3,12547,48,retrieved,3.182.9,12547,0,0.867
3,1966,54,retrieved,3.50.12,1966,0,1.0
2,555,21,probe-too-short,,,,
4,886,38,retrieved,4.26.4,886,0,1.0
1,6257,43,retrieved,1.162.17,6314,-57,1.0
3,10435,20,probe-too-short,,,,
3,13689,16,probe-too-short,,,,
3,10713,22,probe-too-short,,,,
3,1655,37,retrieved,3.40.20,1655,0,0.912
3,1471,25,retrieved,3.37.16,1472,-1,1.0
3,4182,32,not-retrieved,,,,0.0
3,10814,20,probe-too-short,,,,
1,5738,28,retrieved,1.145.5,5787,-49,1.0
1,4889,39,retrieved,1.125.24,4889,0,1.0
3,1143,18,probe-too-short,,,,
12,868,80,retrieved,12.28.36,867,1,1.0
14,562,41,retrieved,14.19.31,562,0,1.0
3,8575,13,probe-too-short,,,,
13,1862,43,retrieved,13.26.104,1862,0,1.0
1,6577,26,retrieved,1.172.19,6638,-61,1.0
1,1258,14,probe-too-short,,,,
14,468,75,retrieved,14.17.15,469,-1,1.0
3,2744,16,probe-too-short,,,,
3,249,14,probe-too-short,,,,
5,7041,28,retrieved,5.178.15,7042,-1,0.84
3,11855,16,probe-too-short,,,,
3,1921,36,retrieved,3.48.8,1922,-1,0.818
3,867,15,probe-too-short,,,,
4,688,40,retrieved,4.21.47,687,1,1.0
3,2010,36,retrieved,3.51.44,2010,0,0.97
13,147,40,retrieved,13.2.63,148,-1,1.0
3,13757,14,probe-too-short,,,,
2,791,25,retrieved,2.20.24,791,0,1.0
1,128,27,retrieved,1.1.130,84,44,0.833
13,13091,20,probe-too-short,,,,
14,781,16,probe-too-short,,,,
3,15673,23,probe-too-short,,,,
3,8592,67,retrieved,3.97.23,8592,0,0.968
3,3003,50,retrieved,3.76.48,3003,0,0.894
3,15669,27,retrieved,3.269.3,15669,0,1.0
1,3592,27,retrieved,1.89.15,3591,1,1.0
3,663,18,probe-too-short,,,,
1,6937,20,probe-too-short,,,,
2,2115,25,retrieved,2.63.5,2114,1,0.818
2,1219,17,probe-too-short,,,,
2,2647,38,retrieved,2.80.28,2647,0,1.0
3,255,28,not-retrieved,,,,0.4
14,2088,15,probe-too-short,,,,
1,5934,20,probe-too-short,,,,
3,12508,35,retrieved,3.181.20,12539,-31,1.0
14,2167,40,retrieved,14.74.27,2171,-4,1.0
3,110,18,probe-too-short,,,,
3,13182,20,probe-too-short,,,,
3,559,21,probe-too-short,,,,
1,3729,28,retrieved,1.94.39,3729,0,0.917
2,613,19,probe-too-short,,,,
3,13385,37,retrieved,3.200.37,13386,-1,0.824
1,5581,19,probe-too-short,,,,
3,12359,27,retrieved,3.177.21,12359,0,1.0
3,10672,12,probe-too-short,,,,
14,241,26,retrieved,14.9.23,241,0,1.0
3,12740,53,retrieved,3.186.26,12740,0,1.0
3,8557,18,probe-too-short,,,,
1,6956,25,retrieved,1.185.12,7021,-65,1.0
2,2013,21,probe-too-short,,,,
3,16193,19,probe-too-short,,,,
3,10675,26,retrieved,3.134.25,10728,-53,1.0
14,2630,20,probe-too-short,,,,
3,8756,42,retrieved,3.102.20,9042,-286,0.886
3,10039,16,probe-too-short,,,,
2,1304,17,probe-too-short,,,,
1,4150,16,probe-too-short,,,,
3,1204,35,retrieved,3.32.3,1204,0,1.0
14,657,19,probe-too-short,,,,
1,7403,17,probe-too-short,,,,
3,204,18,probe-too-short,,,,
1,1622,37,retrieved,1.38.1,1591,31,1.0
1,1776,41,retrieved,1.43.11,1776,0,0.895
3,121,76,retrieved,3.2.75,121,0,1.0
3,1488,44,retrieved,3.37.33,1489,-1,0.78
3,16980,11,probe-too-short,,,,
3,16407,21,probe-too-short,,,,
3,121,76,retrieved,3.2.75,121,0,1.0
3,10821,22,probe-too-short,,,,
3,10658,27,retrieved,3.134.8,10711,-53,1.0
14,1176,18,probe-too-short,,,,
2,1831,29,retrieved,2.51.11,1831,0,1.0
3,14545,15,probe-too-short,,,,
3,14415,39,retrieved,3.229.14,14415,0,0.889
1,1470,40,retrieved,1.31.35,1436,34,0.946
14,1115,76,retrieved,14.42.14,1115,0,1.0
3,12449,16,probe-too-short,,,,
1,1643,34,retrieved,1.39.3,1612,31,1.0
4,455,40,retrieved,4.16.4,455,0,0.919
3,850,20,probe-too-short,,,,
1,2973,39,retrieved,1.73.21,2974,-1,1.0
2,1179,36,retrieved,2.31.75,1179,0,1.0
14,2200,33,retrieved,14.76.6,2200,0,1.0
1,6762,18,probe-too-short,,,,
14,153,20,probe-too-short,,,,
1,6145,21,probe-too-short,,,,
1,4570,36,retrieved,1.118.13,4570,0,1.0
13,59,35,retrieved,13.1.59,59,0,0.968
1,1668,41,retrieved,1.40.14,1637,31,1.0
14,553,41,retrieved,14.19.22,553,0,1.0
1,4332,38,retrieved,1.108.11,4332,0,0.886
3,1473,16,probe-too-short,,,,
3,10513,85,retrieved,3.129.1,10571,-58,0.775
1,7223,26,retrieved,1.195.6,7291,-68,1.0
3,17170,18,probe-too-short,,,,
3,298,38,retrieved,3.7.12,298,0,1.0
1,5923,30,retrieved,1.151.43,5973,-50,1.0
3,592,40,retrieved,3.12.132,592,0,1.0
2,2158,19,probe-too-short,,,,
2,2358,20,probe-too-short,,,,
14,636,38,retrieved,14.21.9,636,0,1.0
2,1906,13,probe-too-short,,,,
4,218,17,probe-too-short,,,,
3,11462,25,retrieved,3.157.12,11503,-41,1.0
2,2389,29,retrieved,2.71.10,2389,0,0.68
2,2218,20,probe-too-short,,,,
2,1960,41,retrieved,2.55.16,1960,0,1.0
3,578,35,retrieved,3.12.118,578,0,1.0
2,2463,17,probe-too-short,,,,
3,11808,40,retrieved,3.162.6,11808,0,1.0
14,2087,82,retrieved,14.72.5,2087,0,1.0
4,308,24,retrieved,4.11.11,308,0,1.0
1,5726,30,retrieved,1.144.12,5775,-49,0.778
3,11657,78,retrieved,3.159.30,11696,-39,1.0
1,6905,34,retrieved,1.182.19,6970,-65,1.0
3,526,78,retrieved,3.12.66,526,0,1.0
3,11843,11,probe-too-short,,,,
1,3022,40,retrieved,1.74.35,3022,0,1.0
1,5982,22,probe-too-short,,,,
1,3011,44,retrieved,1.74.24,3011,0,0.9
3,15772,45,retrieved,3.271.57,15773,-1,1.0
3,1726,21,probe-too-short,,,,
1,3033,45,retrieved,1.74.46,3033,0,0.927
2,2340,13,probe-too-short,,,,
1,2903,22,probe-too-short,,,,
1,5336,11,probe-too-short,,,,
1,3075,38,retrieved,1.74.88,3075,0,0.886
3,14789,40,retrieved,3.237.18,14789,0,1.0
13,165,70,retrieved,13.2.81,166,-1,0.91
3,12425,40,retrieved,3.179.30,12457,-32,1.0
3,920,58,not-retrieved,,,,0.545
14,2201,73,retrieved,14.76.7,2201,0,0.941
18,82,35,not-retrieved,,,,0.452
1,5444,28,retrieved,1.138.1,5486,-42,0.88
1,2383,39,retrieved,1.63.53,2385,-2,1.0
3,12587,45,retrieved,3.183.31,12587,0,0.905
1,4374,42,retrieved,1.110.12,4386,-12,1.0
3,12486,32,retrieved,3.180.36,12486,0,0.759
1,1501,13,probe-too-short,,,,
2,1644,32,retrieved,2.46.16,1646,-2,1.0
1,6857,37,retrieved,1.180.16,6921,-64,1.0
3,1140,35,retrieved,3.30.23,1139,1,0.935
1,4565,18,probe-too-short,,,,
3,10628,25,retrieved,3.133.8,10681,-53,0.727
14,941,18,probe-too-short,,,,
3,973,24,retrieved,3.26.10,973,0,1.0
13,512,22,probe-too-short,,,,
1,5138,77,retrieved,1.131.5,5137,1,0.958
13,10671,27,not-retrieved,,,,0.0
1,2170,42,retrieved,1.58.5,2139,31,0.882
3,5073,35,retrieved,3.83.3,6423,-1350,1.0
3,1070,38,retrieved,3.29.6,1034,36,0.882
3,12185,39,retrieved,3.172.24,12185,0,1.0
10,579,23,probe-too-short,,,,
13,7257,38,retrieved,13.154.26,7258,-1,0.743
3,955,11,probe-too-short,,,,
3,13863,27,retrieved,3.209.22,13878,-15,0.875
13,26,32,retrieved,13.1.26,26,0,1.0
1,1532,17,probe-too-short,,,,
3,8590,27,retrieved,3.97.21,8590,0,1.0
1,5495,21,probe-too-short,,,,
3,12853,38,retrieved,3.188.48,12852,1,1.0
1,1370,18,probe-too-short,,,,
1,6766,37,retrieved,1.177.22,6829,-63,1.0
1,3251,15,probe-too-short,,,,
3,14154,47,retrieved,3.219.25,14154,0,0.833
1,4605,24,retrieved,1.119.15,4605,0,1.0
13,1791,14,probe-too-short,,,,
1,4571,41,retrieved,1.118.14,4571,0,1.0
3,522,26,retrieved,3.12.62,522,0,0.727
1,8255,24,retrieved,1.227.23,8351,-96,0.857
16,120,21,probe-too-short,,,,
1,4368,43,retrieved,1.110.6,4380,-12,0.85
14,427,41,retrieved,14.16.21,428,-1,1.0
3,8334,30,retrieved,3.88.9,8334,0,1.0
13,1956,26,retrieved,13.30.17,1956,0,0.783
1,6639,30,retrieved,1.174.7,6702,-63,1.0
13,1621,28,retrieved,13.23.49,1620,1,1.0
14,2629,17,probe-too-short,,,,
3,17385,25,not-retrieved,,,,0.0
1,1105,29,retrieved,1.17.7,1067,38,1.0
1,6963,22,probe-too-short,,,,
1,5032,30,retrieved,1.128.71,5034,-2,1.0
14,482,27,retrieved,14.17.29,483,-1,1.0
3,15424,15,probe-too-short,,,,
3,15407,13,probe-too-short,,,,
1,3487,17,probe-too-short,,,,
2,1174,20,probe-too-short,,,,
1,3623,26,retrieved,1.90.24,3623,0,1.0
2,2071,36,retrieved,2.61.12,2071,0,1.0
1,147,40,retrieved,1.1.149,103,44,0.946
3,1026,40,retrieved,3.27.38,1011,15,1.0
3,1031,36,retrieved,3.28.3,1031,0,1.0
1,3611,52,retrieved,1.90.12,3611,0,1.0
14,1624,33,retrieved,14.55.37,1623,1,0.933
1,6079,59,retrieved,1.155.38,6130,-51,1.0
2,2160,19,probe-too-short,,,,
3,1903,22,probe-too-short,,,,
3,8406,20,probe-too-short,,,,
1,1389,19,probe-too-short,,,,
14,1762,16,probe-too-short,,,,
3,11590,28,retrieved,3.158.67,11590,0,0.68
2,1665,70,not-retrieved,,,,0.591
3,8226,70,retrieved,3.85.83,8225,1,1.0
3,14712,13,probe-too-short,,,,
1,4674,39,retrieved,1.120.35,4674,0,0.889
1,7212,14,probe-too-short,,,,
3,1881,17,probe-too-short,,,,
1,1920,27,retrieved,1.48.10,1920,0,1.0
1,6704,36,retrieved,1.176.9,6767,-63,1.0
1,4986,73,retrieved,1.128.23,4986,0,1.0
1,296,19,probe-too-short,,,,
14,2638,14,probe-too-short,,,,
3,13922,18,probe-too-short,,,,
1,3982,22,probe-too-short,,,,
14,1639,37,retrieved,14.56.14,1639,0,1.0
1,1607,14,probe-too-short,,,,
13,746,26,retrieved,13.14.155,746,0,0.739
1,149,12,probe-too-short,,,,
14,2134,19,probe-too-short,,,,
13,1401,40,retrieved,13.19.21,1401,0,1.0
3,7078,56,retrieved,3.83.208,6628,450,1.0
2,1084,19,probe-too-short,,,,
3,136,21,probe-too-short,,,,
3,474,18,probe-too-short,,,,
3,12354,30,retrieved,3.177.16,12354,0,0.889
2,66,40,retrieved,2.3.9,66,0,1.0
14,1016,43,retrieved,14.36.30,1016,0,1.0
2,139,35,retrieved,2.5.5,139,0,1.0
13,1812,29,retrieved,13.26.54,1812,0,1.0
3,1207,81,retrieved,3.32.6,1207,0,0.947
13,1242,20,probe-too-short,,,,
1,3628,26,retrieved,1.91.2,3628,0,1.0
3,14687,50,retrieved,3.233.39,14687,0,0.936
1,5595,17,probe-too-short,,,,
3,11604,17,probe-too-short,,,,
3,8564,30,retrieved,3.96.25,8564,0,0.889
3,12513,118,retrieved,3.181.25,12544,-31,0.676
1,7834,37,retrieved,1.215.23,7903,-69,0.882
3,89,15,probe-too-short,,,,
3,825,38,retrieved,3.21.8,827,-2,0.794
1,3835,24,retrieved,1.95.83,3836,-1,1.0
14,2002,99,retrieved,14.68.18,2001,1,0.731
1,424,38,retrieved,1.2.149,378,46,1.0
14,2547,40,retrieved,14.85.38,2547,0,1.0
3,13706,14,probe-too-short,,,,
6,368,21,probe-too-short,,,,
3,8771,20,probe-too-short,,,,
14,318,18,probe-too-short,,,,
1,4364,36,retrieved,1.110.2,4376,-12,0.906
1,790,26,retrieved,1.3.127,792,-2,1.0
1,589,36,retrieved,1.2.321,550,39,1.0
14,1229,35,retrieved,14.44.18,1229,0,1.0
3,16218,32,retrieved,3.282.22,16218,0,0.963
13,1038,19,probe-too-short,,,,
1,4788,77,not-retrieved,,,,0.514
2,1299,41,retrieved,2.35.13,1298,1,1.0
13,354,17,probe-too-short,,,,
1,4099,17,probe-too-short,,,,
13,1979,20,probe-too-short,,,,
3,1316,76,retrieved,3.33.53,1316,0,1.0
3,14774,41,retrieved,3.237.3,14774,0,1.0
3,16525,17,probe-too-short,,,,
3,15549,22,probe-too-short,,,,
3,11140,77,retrieved,3.146.71,11187,-47,0.946
1,4504,12,probe-too-short,,,,
3,11087,23,probe-too-short,,,,
3,11583,39,retrieved,3.158.60,11583,0,0.806
3,14513,37,retrieved,3.230.59,14512,1,1.0
3,11556,49,retrieved,3.158.33,11556,0,1.0
3,1657,17,probe-too-short,,,,
13,846,45,retrieved,13.14.253,844,2,0.821
3,6015,16,probe-too-short,,,,
14,466,74,retrieved,14.17.13,467,-1,0.886
1,5070,120,retrieved,1.129.41,5103,-33,0.631
14,1138,79,not-retrieved,,,,0.5
1,3587,26,retrieved,1.89.11,3587,0,0.818
14,2543,44,retrieved,14.85.34,2543,0,0.923
3,8043,21,probe-too-short,,,,
3,13169,37,retrieved,3.192.28,13168,1,1.0
3,81,19,probe-too-short,,,,
1,6731,36,retrieved,1.176.36,6794,-63,1.0
1,84,18,probe-too-short,,,,
1,6671,15,probe-too-short,,,,
3,11106,19,probe-too-short,,,,
1,4099,38,retrieved,1.102.25,4102,-3,0.857
3,1049,41,retrieved,3.28.21,1049,0,0.886
3,15024,36,retrieved,3.246.15,15023,1,1.0
3,8602,27,retrieved,3.98.8,8602,0,1.0
3,14082,41,retrieved,3.216.20,14091,-9,1.0
13,992,19,probe-too-short,,,,
1,4149,15,probe-too-short,,,,
2,1012,79,retrieved,2.27.3,1012,0,0.953
3,14368,14,probe-too-short,,,,
1,2979,15,probe-too-short,,,,
13,396,27,retrieved,13.8.23,396,0,1.0
14,2198,16,probe-too-short,,,,
1,4757,39,retrieved,1.122.43,4757,0,1.0
3,1690,60,retrieved,3.41.26,1690,0,0.873
3,15144,37,retrieved,3.251.21,15144,0,0.882
1,2730,13,probe-too-short,,,,
3,10556,37,retrieved,3.130.21,10613,-57,1.0
1,5396,74,retrieved,1.136.18,5437,-41,0.921
13,1638,12,probe-too-short,,,,
3,12851,17,probe-too-short,,,,
1,92,76,retrieved,1.1.92,46,46,1.0
3,13333,12,probe-too-short,,,,
1,3630,12,probe-too-short,,,,
3,12725,15,probe-too-short,,,,
2,250,18,probe-too-short,,,,
1,7183,43,retrieved,1.193.10,7251,-68,0.949
1,7165,54,retrieved,1.192.10,7233,-68,0.824
1,2731,15,probe-too-short,,,,
3,70,21,probe-too-short,,,,
1,8047,14,probe-too-short,,,,
1,4899,23,probe-too-short,,,,
1,2473,19,probe-too-short,,,,
3,13653,18,probe-too-short,,,,
14,496,31,retrieved,14.17.42,496,0,1.0
14,506,77,retrieved,14.18.10,506,0,0.945
3,16076,17,probe-too-short,,,,
3,16575,52,retrieved,3.291.45,16575,0,0.723
3,13067,24,retrieved,3.190.58,13066,1,0.905
14,2552,74,retrieved,14.85.42,2551,1,1.0
1,6401,20,probe-too-short,,,,
3,1192,26,retrieved,3.31.33,1192,0,1.0
1,6362,20,probe-too-short,,,,
1,702,34,retrieved,1.3.38,703,-1,1.0
3,16222,24,retrieved,3.282.26,16222,0,1.0
3,13476,17,probe-too-short,,,,
1,1511,14,probe-too-short,,,,
1,8320,12,probe-too-short,,,,
1,294,59,retrieved,1.2.24,253,41,0.661
1,4648,38,retrieved,1.120.9,4648,0,1.0
1,1507,18,probe-too-short,,,,
3,12106,34,retrieved,3.170.4,12140,-34,0.839
3,13654,37,retrieved,3.206.3,13654,0,0.794
3,13670,35,retrieved,3.206.18,13669,1,1.0
15,997,31,retrieved,15.36.41,997,0,0.893
15,211,70,not-retrieved,,,,0.542
1,2367,45,retrieved,1.63.35,2367,0,0.881
13,981,16,probe-too-short,,,,
3,15138,13,probe-too-short,,,,
13,1359,13,probe-too-short,,,,
1,785,34,retrieved,1.3.122,787,-2,1.0
3,8753,24,retrieved,3.102.17,9039,-286,0.952
1,587,24,not-retrieved,,,,0.0
3,641,22,probe-too-short,,,,
1,3628,26,retrieved,1.91.2,3628,0,1.0
3,17169,41,retrieved,3.309.17,17169,0,1.0
3,125,21,probe-too-short,,,,
1,1200,26,retrieved,1.20.12,1162,38,0.727
3,28,12,probe-too-short,,,,
2,2063,19,probe-too-short,,,,
3,8218,81,not-retrieved,,,,0.514
1,3230,66,retrieved,1.76.48,3231,-1,0.778
2,1757,32,retrieved,2.49.33,1757,0,0.897
1,5003,13,probe-too-short,,,,
1,497,19,probe-too-short,,,,
3,17156,26,retrieved,3.309.4,17156,0,1.0
3,17309,39,retrieved,3.313.22,17307,2,1.0
13,1101,77,retrieved,13.16.64,1101,0,1.0
1,4004,18,probe-too-short,,,,
3,13017,38,retrieved,3.190.9,13017,0,1.0
3,198,31,retrieved,3.3.68,198,0,0.893
2,155,38,retrieved,2.5.21,155,0,0.657
3,1306,22,probe-too-short,,,,
15,152,37,retrieved,15.4.5,152,0,1.0
3,13262,16,probe-too-short,,,,
3,13998,23,probe-too-short,,,,
14,1117,48,not-retrieved,,,,0.0
3,1488,41,retrieved,3.37.33,1489,-1,0.763
2,1027,35,retrieved,2.27.19,1028,-1,1.0
12,6535,36,retrieved,12.277.19,9794,-3259,1.0
1,1222,32,retrieved,1.21.18,1222,0,0.966
14,879,36,retrieved,14.31.7,879,0,1.0
3,10256,13,probe-too-short,,,,
1,1416,41,retrieved,1.30.33,1416,0,1.0
3,825,20,probe-too-short,,,,
3,14199,14,probe-too-short,,,,
3,8428,18,probe-too-short,,,,
1,1203,14,probe-too-short,,,,
12,5045,16,probe-too-short,,,,
1,3188,15,probe-too-short,,,,
3,15146,28,retrieved,3.251.23,15146,0,1.0
1,3558,49,retrieved,1.87.8,3539,19,1.0
14,1177,19,probe-too-short,,,,
14,188,20,probe-too-short,,,,
3,15101,22,probe-too-short,,,,
3,1388,38,retrieved,3.35.13,1388,0,1.0
1,6661,13,probe-too-short,,,,
13,1347,42,retrieved,13.18.50,1347,0,0.897
3,14181,20,probe-too-short,,,,
2,1847,40,retrieved,2.51.26,1846,1,1.0
1,4338,16,probe-too-short,,,,
14,1224,44,retrieved,14.44.13,1224,0,1.0
2,470,19,probe-too-short,,,,
1,5639,12,probe-too-short,,,,
2,2225,55,retrieved,2.67.29,2215,10,1.0
13,3341,40,retrieved,13.66.32,3340,1,0.865
13,646,23,probe-too-short,,,,
3,13757,40,retrieved,3.207.57,13757,0,1.0
1,1824,30,retrieved,1.45.12,1788,36,0.741
1,6461,20,probe-too-short,,,,
1,5862,23,probe-too-short,,,,
4,1292,17,probe-too-short,,,,
3,16369,22,probe-too-short,,,,
1,5228,20,probe-too-short,,,,
2,1240,83,retrieved,2.33.37,1244,-4,0.908
13,6725,15,probe-too-short,,,,
1,4656,163,not-retrieved,,,,0.281
2,212,40,retrieved,2.5.78,212,0,0.784
1,8341,114,retrieved,1.229.11,8438,-97,0.676
14,1980,30,retrieved,14.67.16,1980,0,0.852
1,249,46,retrieved,1.1.256,210,39,0.907
14,1213,15,probe-too-short,,,,
1,3456,75,retrieved,1.83.33,3436,20,1.0
3,14763,108,retrieved,3.236.23,14763,0,0.971
1,750,83,retrieved,1.3.86,751,-1,0.944
3,16144,41,retrieved,3.280.52,16143,1,1.0
3,3090,26,retrieved,3.80.1,3690,-600,1.0
3,10035,30,retrieved,3.111.9,10066,-31,1.0
3,15459,69,retrieved,3.261.19,15459,0,0.95
14,2636,117,retrieved,14.88.33,2636,0,0.641
13,111,14,probe-too-short,,,,
13,2896,70,retrieved,13.55.30,2896,0,0.893
3,17421,38,retrieved,3.314.3,17421,0,1.0
2,242,41,retrieved,2.5.107,241,1,1.0
4,1878,39,retrieved,4.58.53,1876,2,0.889
12,12772,57,retrieved,12.336.21,12772,0,0.623
1,6337,38,retrieved,1.166.10,6394,-57,1.0
3,337,11,probe-too-short,,,,
13,552,81,retrieved,13.12.26,553,-1,0.606
14,952,13,probe-too-short,,,,
14,1166,27,retrieved,14.42.64,1165,1,1.0
13,3907,19,probe-too-short,,,,
3,16137,14,probe-too-short,,,,
13,5146,17,probe-too-short,,,,
13,3677,27,retrieved,13.76.13,3677,0,0.792
3,13051,36,retrieved,3.190.42,13050,1,1.0
13,4233,43,retrieved,13.87.13,4233,0,1.0
3,17308,19,probe-too-short,,,,
3,13712,13,probe-too-short,,,,
3,1240,35,retrieved,3.32.39,1240,0,1.0
3,11695,24,retrieved,3.160.35,11695,0,1.0
12,7872,35,retrieved,12.217.30,7764,108,1.0
1,3673,37,retrieved,1.93.10,3673,0,1.0
3,8628,32,retrieved,3.99.14,8630,-2,0.966
1,800,77,not-retrieved,,,,0.466
3,10935,13,probe-too-short,,,,
3,13074,37,retrieved,3.190.65,13073,1,1.0
3,579,16,probe-too-short,,,,
3,10486,39,retrieved,3.127.17,10545,-59,1.0
1,4048,28,retrieved,1.100.84,4050,-2,1.0
2,2132,17,probe-too-short,,,,
2,510,14,probe-too-short,,,,
3,15031,30,retrieved,3.246.22,15030,1,1.0
3,10443,17,probe-too-short,,,,
3,84,77,retrieved,3.2.38,84,0,0.928
1,4892,20,probe-too-short,,,,
16,92,76,retrieved,16.3.36,92,0,0.944
2,420,21,probe-too-short,,,,
1,7865,77,retrieved,1.217.5,7935,-70,0.919
1,3548,40,retrieved,1.86.15,3548,0,1.0
13,57,12,probe-too-short,,,,
13,4033,20,probe-too-short,,,,
3,12513,50,retrieved,3.181.25,12544,-31,0.915
3,8075,18,probe-too-short,,,,
3,15429,31,retrieved,3.260.25,15429,0,1.0
3,188,26,retrieved,3.3.58,188,0,1.0
13,1333,40,retrieved,13.18.37,1334,-1,1.0
15,839,41,retrieved,15.30.21,839,0,1.0
2,805,26,retrieved,2.21.8,805,0,0.87
3,16108,20,probe-too-short,,,,
3,15201,34,not-retrieved,,,,0.0
1,4448,31,retrieved,1.113.23,4447,1,1.0
3,10538,24,retrieved,3.130.3,10595,-57,1.0
1,6004,37,retrieved,1.153.43,6054,-50,1.0
3,137,53,retrieved,3.3.7,137,0,1.0
3,15989,16,probe-too-short,,,,
3,427,17,probe-too-short,,,,
3,10686,44,retrieved,3.134.36,10739,-53,0.923
14,1627,31,retrieved,14.56.3,1628,-1,0.893
3,14572,21,probe-too-short,,,,
3,114,80,retrieved,3.2.68,114,0,1.0
13,2742,49,not-retrieved,,,,0.565
1,7471,66,retrieved,1.204.12,7538,-67,1.0
1,7184,34,retrieved,1.193.11,7252,-68,1.0
13,6039,37,retrieved,13.126.35,6039,0,1.0
13,6229,57,retrieved,13.136.10,6229,0,0.796
3,16766,23,probe-too-short,,,,
3,16369,22,probe-too-short,,,,
13,7663,14,probe-too-short,,,,
1,3669,13,probe-too-short,,,,
2,802,13,probe-too-short,,,,
4,595,14,probe-too-short,,,,
4,266,19,probe-too-short,,,,
3,10648,87,retrieved,3.133.28,10701,-53,1.0
1,1664,40,retrieved,1.40.10,1633,31,1.0
3,15528,13,probe-too-short,,,,
13,835,80,not-retrieved,,,,0.539
4,43,18,probe-too-short,,,,
3,12548,26,retrieved,3.182.10,12548,0,0.87
1,8366,35,retrieved,1.230.3,8464,-98,1.0
4,215,58,retrieved,4.7.1,215,0,1.0
4,2108,18,probe-too-short,,,,
4,1665,18,probe-too-short,,,,
2,827,31,retrieved,2.21.30,827,0,0.821
4,1867,22,probe-too-short,,,,
3,15757,18,probe-too-short,,,,
1,4982,19,probe-too-short,,,,
2,1973,39,retrieved,2.56.9,1973,0,0.778
13,2796,22,probe-too-short,,,,
4,872,66,retrieved,4.25.12,872,0,0.724
3,11516,77,retrieved,3.157.66,11557,-41,1.0
13,1172,13,probe-too-short,,,,
1,3009,41,retrieved,1.74.22,3009,0,1.0
3,10054,25,retrieved,3.112.4,10091,-37,1.0
13,6645,40,retrieved,13.144.22,6645,0,1.0
3,16436,55,retrieved,3.287.28,16409,27,0.915
1,8257,37,retrieved,1.227.25,8353,-96,1.0
1,3559,41,retrieved,1.87.9,3540,19,1.0
1,8010,17,probe-too-short,,,,
13,3774,13,probe-too-short,,,,
1,4312,24,retrieved,1.107.8,4311,1,0.81
4,1564,46,retrieved,4.50.10,1564,0,0.833
13,3044,51,retrieved,13.60.1,3044,0,1.0
1,3645,14,probe-too-short,,,,
1,3650,14,probe-too-short,,,,
1,3634,43,retrieved,1.91.8,3634,0,1.0
1,5995,39,retrieved,1.153.34,6045,-50,1.0
4,1252,38,retrieved,4.38.22,1253,-1,1.0
2,2533,19,probe-too-short,,,,
4,1923,73,retrieved,4.60.1,1923,0,1.0
4,1563,20,probe-too-short,,,,
4,1299,79,retrieved,4.39.14,1298,1,1.0
3,8664,20,probe-too-short,,,,
13,4836,35,retrieved,13.101.23,4835,1,1.0
11,235,36,retrieved,11.8.43,235,0,0.879
13,2797,41,retrieved,13.53.43,2797,0,0.816
1,2206,32,retrieved,1.59.9,2206,0,1.0
1,4488,78,not-retrieved,,,,0.486
1,8340,30,retrieved,1.229.10,8437,-97,1.0
1,5410,29,retrieved,1.136.32,5451,-41,1.0
3,2906,33,retrieved,3.74.17,2906,0,1.0
14,157,25,retrieved,14.7.5,157,0,0.773
3,10668,30,retrieved,3.134.19,10722,-54,1.0
3,14745,48,retrieved,3.236.5,14745,0,0.933
3,14000,31,retrieved,3.214.1,14013,-13,0.857
14,377,78,retrieved,14.15.6,377,0,1.0
3,11381,28,retrieved,3.154.15,11424,-43,1.0
16,229,20,probe-too-short,,,,
2,2227,44,retrieved,2.67.31,2217,10,1.0
2,1743,16,probe-too-short,,,,
3,10696,34,retrieved,3.135.5,10749,-53,1.0
13,712,19,probe-too-short,,,,
1,7920,39,retrieved,1.219.15,8001,-81,1.0
3,16168,14,probe-too-short,,,,
3,14461,19,probe-too-short,,,,
3,17110,80,retrieved,3.307.13,17110,0,1.0
1,3094,27,retrieved,1.74.101,3088,6,1.0
1,5814,75,retrieved,1.147.17,5864,-50,0.889
3,14197,75,retrieved,3.221.21,14196,1,1.0
3,16351,76,not-retrieved,,,,0.5
13,2027,73,retrieved,13.31.20,2027,0,1.0
3,806,39,retrieved,3.20.30,806,0,1.0
3,13087,38,retrieved,3.190.79,13087,0,1.0
1,2400,29,retrieved,1.63.71,2403,-3,0.769
1,3348,18,probe-too-short,,,,
13,1891,40,retrieved,13.27.26,1891,0,1.0
1,6582,26,retrieved,1.172.25,6644,-62,0.87
1,2187,34,retrieved,1.58.22,2156,31,1.0
3,17110,55,retrieved,3.307.13,17110,0,0.896
1,400,32,retrieved,1.2.125,354,46,0.786
1,3347,39,retrieved,1.80.16,3347,0,1.0
13,4476,12,probe-too-short,,,,
3,1522,36,retrieved,3.38.7,1522,0,1.0
3,1787,20,probe-too-short,,,,
4,1290,22,probe-too-short,,,,
1,2930,20,probe-too-short,,,,
1,2917,17,probe-too-short,,,,
4,1290,22,probe-too-short,,,,
14,29,38,retrieved,14.2.10,29,0,1.0
1,1165,14,probe-too-short,,,,
3,11676,19,probe-too-short,,,,
2,79,39,retrieved,2.3.22,79,0,1.0
4,298,25,retrieved,4.11.2,299,-1,0.955
1,6290,29,retrieved,1.163.24,6347,-57,0.923
1,1167,19,probe-too-short,,,,
13,662,17,probe-too-short,,,,
1,1895,29,retrieved,1.47.27,1895,0,0.885
2,2067,19,probe-too-short,,,,
3,2160,13,probe-too-short,,,,
3,11718,21,probe-too-short,,,,
15,6,39,retrieved,15.1.6,6,0,1.0
1,6935,19,probe-too-short,,,,
3,12397,18,probe-too-short,,,,
1,1883,19,probe-too-short,,,,
1,8378,25,retrieved,1.230.15,8476,-98,0.909
1,7051,37,retrieved,1.188.18,7117,-66,1.0
3,11633,18,probe-too-short,,,,
3,782,37,retrieved,3.20.6,782,0,1.0
3,12328,54,retrieved,3.176.13,12328,0,1.0
3,8844,31,retrieved,3.106.20,9702,-858,0.857
3,12335,26,retrieved,3.176.20,12335,0,1.0
14,34,35,retrieved,14.2.15,34,0,0.875
3,10943,39,retrieved,3.142.44,10992,-49,0.886
3,1147,46,retrieved,3.30.31,1147,0,0.85
4,1548,18,probe-too-short,,,,
1,2755,34,retrieved,1.67.120,2756,-1,1.0
1,3958,19,probe-too-short,,,,
3,12322,30,retrieved,3.176.7,12322,0,0.963
4,65,37,retrieved,4.3.6,65,0,0.735
3,13650,67,not-retrieved,,,,0.524
3,1345,39,retrieved,3.33.82,1345,0,0.861
4,241,21,probe-too-short,,,,
2,11,32,not-retrieved,,,,0.0
2,2536,21,probe-too-short,,,,
3,10492,28,retrieved,3.128.2,10551,-59,1.0
3,1043,25,retrieved,3.28.15,1043,0,0.955
3,10742,12,probe-too-short,,,,
3,14835,39,retrieved,3.239.16,14835,0,1.0
4,1660,26,retrieved,4.54.1,1660,0,1.0
1,5680,44,retrieved,1.142.9,5729,-49,0.854
1,5141,45,retrieved,1.131.8,5140,1,0.881
3,3098,27,not-retrieved,,,,0.0
13,6248,46,retrieved,13.137.4,6248,0,1.0
3,10278,24,retrieved,3.120.20,10342,-64,1.0
3,10719,38,retrieved,3.135.28,10772,-53,1.0
3,1405,53,retrieved,3.35.30,1405,0,0.875
1,7666,20,probe-too-short,,,,
13,4573,37,retrieved,13.94.27,4573,0,1.0
3,17218,56,retrieved,3.310.41,17218,0,0.827
1,6408,59,retrieved,1.167.55,6467,-59,1.0
13,3335,40,retrieved,13.66.26,3334,1,1.0
1,778,34,retrieved,1.3.115,780,-2,0.966
13,5893,41,retrieved,13.124.14,5893,0,1.0
2,2629,32,retrieved,2.80.10,2629,0,0.893
14,1139,28,retrieved,14.42.38,1139,0,0.84
13,5044,17,probe-too-short,,,,
3,17285,22,probe-too-short,,,,
3,703,18,probe-too-short,,,,
4,1818,15,probe-too-short,,,,
2,909,29,retrieved,2.23.20,909,0,1.0
3,12142,22,probe-too-short,,,,
3,813,19,probe-too-short,,,,
3,8526,16,probe-too-short,,,,
1,1807,30,retrieved,1.44.6,1807,0,1.0
1,6512,23,probe-too-short,,,,
1,1844,41,retrieved,1.45.32,1808,36,1.0
3,10751,16,probe-too-short,,,,
1,2387,47,retrieved,1.63.57,2389,-2,0.864
3,11635,18,probe-too-short,,,,
1,6360,54,not-retrieved,,,,0.569
1,2018,21,probe-too-short,,,,
1,840,18,probe-too-short,,,,
1,5656,40,retrieved,1.141.22,5704,-48,1.0
1,4027,43,retrieved,1.100.62,4028,-1,1.0
1,832,24,retrieved,1.3.170,835,-3,0.952
13,1513,19,probe-too-short,,,,
14,1054,42,retrieved,14.38.13,1054,0,1.0
3,10044,29,retrieved,3.111.18,10075,-31,1.0
3,8881,19,probe-too-short,,,,
3,852,18,probe-too-short,,,,
14,1487,42,retrieved,14.52.10,1487,0,1.0
13,1281,36,retrieved,13.17.169,1283,-2,1.0
13,2275,39,retrieved,13.40.29,2275,0,1.0
1,1429,33,retrieved,1.30.46,1429,0,1.0
3,1150,72,retrieved,3.30.34,1150,0,0.944
3,1050,80,retrieved,3.28.22,1050,0,1.0
3,10741,37,retrieved,3.135.50,10794,-53,1.0
3,17023,14,probe-too-short,,,,
1,7670,40,retrieved,1.210.19,7738,-68,1.0
3,8698,46,retrieved,3.100.10,8698,0,0.93
1,6728,15,probe-too-short,,,,
13,7777,23,probe-too-short,,,,
3,10760,39,retrieved,3.136.9,10813,-53,0.889
1,4379,18,probe-too-short,,,,
4,2281,36,retrieved,4.70.22,2281,0,1.0
2,1594,39,retrieved,2.45.35,1597,-3,0.857
3,8224,36,retrieved,3.85.82,8224,0,1.0
1,7203,17,probe-too-short,,,,
3,10982,12,probe-too-short,,,,
1,1310,50,retrieved,1.27.7,1310,0,1.0
4,830,79,retrieved,4.24.2,830,0,1.0
1,4340,30,retrieved,1.109.4,4340,0,0.926
13,2655,81,retrieved,13.50.15,2655,0,0.948
3,848,13,probe-too-short,,,,
2,2289,48,retrieved,2.68.39,2289,0,0.933
1,1475,23,probe-too-short,,,,
4,1844,40,retrieved,4.58.21,1844,0,0.811
1,7840,28,retrieved,1.216.1,7908,-68,0.6
15,451,35,retrieved,15.16.11,452,-1,1.0
3,12306,77,retrieved,3.175.16,12338,-32,1.0
3,13596,43,retrieved,3.204.15,13596,0,0.875
1,4115,23,probe-too-short,,,,
3,14899,79,not-retrieved,,,,0.548
4,87,35,retrieved,4.4.5,87,0,0.781
3,797,24,retrieved,3.20.21,797,0,0.81
3,8328,18,probe-too-short,,,,
3,11886,12,probe-too-short,,,,
3,17289,40,retrieved,3.313.2,17287,2,0.892
3,458,22,probe-too-short,,,,
4,1369,20,probe-too-short,,,,
4,585,40,retrieved,4.19.29,585,0,1.0
3,10066,21,probe-too-short,,,,
3,842,21,probe-too-short,,,,
3,14767,27,retrieved,3.236.27,14767,0,0.875
3,730,51,retrieved,3.18.14,730,0,0.957
4,1677,15,probe-too-short,,,,
14,884,56,retrieved,14.31.11,883,1,1.0
1,7087,21,probe-too-short,,,,
4,298,34,retrieved,4.11.2,299,-1,0.839
1,7675,23,probe-too-short,,,,
13,6232,20,probe-too-short,,,,
3,13025,44,retrieved,3.190.17,13025,0,0.725
13,2612,16,probe-too-short,,,,
13,3122,14,probe-too-short,,,,
2,904,19,probe-too-short,,,,
2,1113,18,probe-too-short,,,,
14,1926,12,probe-too-short,,,,
13,6062,81,retrieved,13.127.8,6062,0,0.961
3,16039,21,probe-too-short,,,,
3,15297,37,retrieved,3.255.25,15296,1,1.0
1,7170,18,probe-too-short,,,,
2,1052,42,retrieved,2.28.15,1052,0,0.897
3,16138,28,retrieved,3.280.46,16137,1,0.6
4,1197,23,probe-too-short,,,,
2,1200,37,retrieved,2.32.18,1200,0,0.824
18,50,21,probe-too-short,,,,
3,336,39,retrieved,3.9.14,337,-1,1.0
4,272,40,retrieved,4.9.29,272,0,1.0
1,1561,15,probe-too-short,,,,
13,542,36,retrieved,13.12.15,542,0,0.939
1,6662,12,probe-too-short,,,,
3,11589,38,retrieved,3.158.66,11589,0,1.0
13,886,25,retrieved,13.14.293,884,2,0.727
2,2530,13,probe-too-short,,,,
4,1816,30,retrieved,4.57.37,1816,0,0.741
3,17212,42,retrieved,3.310.35,17212,0,0.842
3,13294,29,retrieved,3.197.22,13294,0,1.0
13,2906,80,retrieved,13.56.3,2906,0,0.96
1,6810,60,retrieved,1.178.19,6873,-63,0.667
1,4408,27,retrieved,1.111.28,4408,0,1.0
13,5027,17,probe-too-short,,,,
3,13581,23,probe-too-short,,,,
1,1181,23,probe-too-short,,,,
13,2490,35,retrieved,13.46.7,2490,0,0.968
3,11714,36,retrieved,3.160.53,11713,1,1.0
3,14443,35,retrieved,3.229.42,14443,0,0.844
3,8846,25,not-retrieved,,,,0.5
3,11383,53,retrieved,3.154.16,11425,-42,0.854
3,17214,19,probe-too-short,,,,
13,1662,73,retrieved,13.23.90,1661,1,1.0
1,5593,78,retrieved,1.140.52,5641,-48,0.905
14,2683,26,retrieved,14.89.40,2683,0,0.739
3,10692,38,retrieved,3.135.1,10745,-53,1.0
3,8102,20,probe-too-short,,,,
3,10382,27,retrieved,3.124.12,10443,-61,0.708
1,2219,41,retrieved,1.60.12,2188,31,1.0
13,583,81,retrieved,13.13.2,583,0,0.939
2,165,59,retrieved,2.5.32,166,-1,1.0
2,1098,14,probe-too-short,,,,
1,6001,86,retrieved,1.153.40,6051,-50,1.0
2,2227,44,retrieved,2.67.31,2217,10,1.0
1,5992,50,retrieved,1.153.30,6041,-49,1.0
3,15428,37,retrieved,3.260.24,15428,0,1.0
1,6289,38,retrieved,1.163.23,6346,-57,1.0
4,20,26,retrieved,4.1.21,20,0,0.826
3,66,42,not-retrieved,,,,0.0
3,2307,19,probe-too-short,,,,
3,1272,36,retrieved,3.33.9,1272,0,0.9
13,5687,17,probe-too-short,,,,
13,7281,42,retrieved,13.155.17,7281,0,1.0
3,10615,46,retrieved,3.132.18,10668,-53,1.0
1,6330,37,retrieved,1.166.3,6387,-57,1.0
3,290,51,retrieved,3.7.4,290,0,1.0
13,2699,19,probe-too-short,,,,
4,1909,21,probe-too-short,,,,
13,2186,38,retrieved,13.37.3,2186,0,1.0
1,6205,80,retrieved,1.160.1,6261,-56,1.0
1,5104,39,retrieved,1.130.36,5103,1,0.889
2,1361,62,retrieved,2.37.24,1361,0,1.0
3,15064,24,retrieved,3.248.12,15065,-1,1.0
3,2358,34,retrieved,3.62.26,2358,0,0.871
2,207,82,retrieved,2.5.73,207,0,0.785
13,1642,79,retrieved,13.23.70,1641,1,0.94
3,8670,31,retrieved,3.99.53,8669,1,0.893
1,7109,19,probe-too-short,,,,
1,6805,42,retrieved,1.153.44,6055,750,0.765
3,323,29,retrieved,3.9.1,324,-1,1.0
2,2291,16,probe-too-short,,,,
1,6348,42,retrieved,1.166.21,6405,-57,1.0
2,2290,81,retrieved,2.68.40,2290,0,1.0
18,9,31,retrieved,18.1.9,9,0,0.964
3,10494,32,not-retrieved,,,,0.571
1,7650,28,retrieved,1.209.32,7718,-68,1.0
1,7869,35,retrieved,1.217.9,7939,-70,0.875
2,1810,20,probe-too-short,,,,
4,1635,22,probe-too-short,,,,
1,3613,52,retrieved,1.90.14,3613,0,0.878
3,2996,31,retrieved,3.76.41,2996,0,0.964
1,3067,17,probe-too-short,,,,
3,16763,58,retrieved,3.297.17,16764,-1,0.945
2,2227,31,retrieved,2.67.31,2217,10,1.0
13,2102,82,retrieved,13.33.20,2102,0,0.944
3,1940,22,probe-too-short,,,,
1,7111,41,retrieved,1.190.27,7178,-67,1.0
3,80,35,retrieved,3.2.34,80,0,1.0
17,104,91,retrieved,17.3.33,105,-1,0.841
3,12787,38,retrieved,3.187.42,12784,3,1.0
1,5413,20,probe-too-short,,,,
13,1776,30,retrieved,13.26.18,1776,0,1.0
1,7197,28,retrieved,1.193.24,7265,-68,0.64
3,11956,19,probe-too-short,,,,
3,11107,26,retrieved,3.146.38,11154,-47,1.0
13,51,38,retrieved,13.1.51,51,0,1.0
2,182,38,retrieved,2.5.48,182,0,1.0
3,16812,39,retrieved,3.297.65,16812,0,0.889
3,16273,35,retrieved,3.283.5,16273,0,0.871
3,1957,27,retrieved,3.50.3,1957,0,0.917
3,15385,36,retrieved,3.259.16,15385,0,1.0
15,238,82,retrieved,15.7.4,238,0,1.0
1,620,73,retrieved,1.2.355,584,36,1.0
1,2853,23,probe-too-short,,,,
4,1007,37,retrieved,4.31.8,1007,0,1.0
12,8252,33,retrieved,12.227.40,8138,114,1.0
3,14858,78,retrieved,3.240.10,14858,0,1.0
1,7178,87,retrieved,1.193.5,7246,-68,1.0
4,1981,76,retrieved,4.61.30,1979,2,0.931
15,301,41,retrieved,15.9.18,281,20,0.778
3,13177,15,probe-too-short,,,,
3,17145,26,retrieved,3.308.20,17145,0,1.0
4,1330,19,probe-too-short,,,,
1,1143,27,retrieved,1.18.32,1105,38,1.0
2,1780,34,retrieved,2.49.55,1779,1,1.0
3,642,19,probe-too-short,,,,
3,10772,37,retrieved,3.137.1,10825,-53,1.0
3,11454,38,retrieved,3.157.4,11495,-41,1.0
4,168,89,retrieved,4.5.27,168,0,0.947
1,1957,34,retrieved,1.49.25,1957,0,1.0
3,11584,21,probe-too-short,,,,
3,10055,56,retrieved,3.112.5,10092,-37,1.0
16,251,37,not-retrieved,,,,0.0
3,11585,48,retrieved,3.158.62,11585,0,0.756
4,1299,79,retrieved,4.39.14,1298,1,1.0
12,361,35,retrieved,12.12.29,360,1,1.0
1,4220,13,probe-too-short,,,,
1,3717,17,probe-too-short,,,,
3,13016,81,retrieved,3.190.8,13016,0,1.0
3,10982,11,probe-too-short,,,,
3,14142,46,retrieved,3.219.13,14142,0,0.814
3,15168,16,probe-too-short,,,,
3,4053,78,retrieved,3.82.11,4953,-900,0.947
3,13111,38,retrieved,3.191.5,13111,0,0.886
2,151,22,probe-too-short,,,,
3,790,34,retrieved,3.20.14,790,0,1.0
13,4226,20,probe-too-short,,,,
3,10049,27,retrieved,3.111.22,10079,-30,1.0
3,9912,33,retrieved,3.107.63,9911,1,0.8
1,58,17,probe-too-short,,,,
3,13107,59,retrieved,3.191.1,13107,0,1.0
1,2775,46,retrieved,1.67.140,2776,-1,1.0
1,77,48,retrieved,1.1.77,31,46,1.0
13,2150,21,probe-too-short,,,,
3,10374,19,probe-too-short,,,,
1,4098,18,probe-too-short,,,,
1,6386,21,probe-too-short,,,,
1,6276,41,retrieved,1.163.10,6333,-57,1.0
13,3351,17,probe-too-short,,,,
13,5063,18,probe-too-short,,,,
13,2831,46,retrieved,13.54.6,2831,0,0.923
13,7073,37,retrieved,13.149.137,7073,0,0.912
1,5304,40,retrieved,1.133.16,5346,-42,0.914
13,1596,39,retrieved,13.23.25,1596,0,1.0
13,2632,22,probe-too-short,,,,
13,38,61,retrieved,13.1.38,38,0,1.0
3,14110,39,retrieved,3.217.10,14109,1,1.0
3,697,27,retrieved,3.17.6,681,16,1.0
14,1277,46,retrieved,14.46.19,1277,0,0.791
14,122,21,probe-too-short,,,,
1,1092,46,retrieved,1.16.23,1091,1,0.927
13,4349,41,retrieved,13.91.24,4349,0,1.0
16,199,71,retrieved,16.7.23,199,0,0.881
13,4728,40,retrieved,13.98.52,4728,0,1.0
15,235,45,retrieved,15.7.1,235,0,0.78
13,470,38,retrieved,13.10.38,469,1,1.0
13,510,12,probe-too-short,,,,
13,645,28,retrieved,13.14.55,646,-1,1.0
13,2784,25,retrieved,13.53.31,2785,-1,0.773
3,14196,23,probe-too-short,,,,
2,1043,18,probe-too-short,,,,
1,1552,14,probe-too-short,,,,
1,6360,39,retrieved,1.167.5,6417,-57,1.0
2,1974,40,retrieved,2.56.10,1974,0,0.892
1,865,39,retrieved,1.5.3,865,0,1.0
13,5217,15,probe-too-short,,,,
1,2783,12,probe-too-short,,,,
2,1877,19,probe-too-short,,,,
3,11342,21,probe-too-short,,,,
3,13268,22,probe-too-short,,,,
3,13272,15,probe-too-short,,,,
4,562,19,probe-too-short,,,,
1,179,23,probe-too-short,,,,
1,521,60,retrieved,1.2.247,476,45,0.614
1,2598,74,retrieved,1.66.34,2598,0,1.0
2,675,41,retrieved,2.16.17,675,0,1.0
13,5970,60,retrieved,13.125.52,5971,-1,0.93
3,14481,34,retrieved,3.230.27,14480,1,1.0
3,17303,15,probe-too-short,,,,
1,215,55,retrieved,1.1.217,171,44,1.0
13,736,36,retrieved,13.14.145,736,0,0.844
13,4587,37,retrieved,13.94.41,4587,0,1.0
3,12725,12,probe-too-short,,,,
13,5520,40,retrieved,13.111.122,5520,0,1.0
2,2526,33,retrieved,2.77.13,2526,0,1.0
3,12880,49,retrieved,3.188.76,12880,0,0.75
1,543,20,probe-too-short,,,,
1,4695,47,retrieved,1.121.17,4695,0,0.683
3,10578,20,probe-too-short,,,,
3,2126,62,retrieved,3.54.23,2126,0,1.0
13,769,22,probe-too-short,,,,
1,1663,28,retrieved,1.40.9,1632,31,0.8
1,2410,47,retrieved,1.63.80,2412,-2,0.841
2,2135,51,retrieved,2.64.15,2135,0,1.0
1,1662,19,probe-too-short,,,,
3,12457,20,probe-too-short,,,,
1,4268,19,probe-too-short,,,,
5,39,57,retrieved,5.2.13,39,0,1.0
14,1279,44,retrieved,14.46.21,1279,0,0.805
12,4870,38,retrieved,12.135.19,4817,53,1.0
4,1664,42,retrieved,4.54.5,1664,0,1.0
3,16081,46,retrieved,3.279.37,16079,2,0.837
13,265,36,retrieved,13.5.3,265,0,1.0
13,1593,84,retrieved,13.23.22,1593,0,1.0
1,2549,77,retrieved,1.65.41,2549,0,0.944
12,6320,85,retrieved,12.169.4,6246,74,0.902
3,11113,19,probe-too-short,,,,
3,8885,17,probe-too-short,,,,
12,12218,33,retrieved,12.325.4,12218,0,1.0
3,15408,20,probe-too-short,,,,
1,3874,29,retrieved,1.97.10,3873,1,1.0
3,10039,16,probe-too-short,,,,
13,5455,17,probe-too-short,,,,
3,628,18,probe-too-short,,,,
13,357,13,probe-too-short,,,,
4,222,57,retrieved,4.7.9,223,-1,1.0
13,2265,37,retrieved,13.40.19,2265,0,0.882
13,2700,17,probe-too-short,,,,
14,642,40,retrieved,14.21.15,642,0,1.0
3,12725,32,retrieved,3.186.11,12725,0,1.0
3,298,38,retrieved,3.7.12,298,0,1.0
3,17195,38,retrieved,3.310.19,17196,-1,1.0
3,16192,61,retrieved,3.281.27,16191,1,0.6
1,3059,68,retrieved,1.74.72,3059,0,0.983
1,1916,83,retrieved,1.48.6,1916,0,1.0
1,3869,41,retrieved,1.97.5,3868,1,1.0
1,646,98,retrieved,1.2.383,612,34,0.864
1,4184,39,retrieved,1.104.14,4183,1,1.0
13,6025,39,retrieved,13.126.21,6025,0,1.0
3,13860,19,probe-too-short,,,,
13,1969,39,retrieved,13.30.30,1969,0,1.0
13,7060,18,probe-too-short,,,,
1,5512,21,probe-too-short,,,,
2,1912,16,probe-too-short,,,,
14,340,25,retrieved,14.13.10,340,0,1.0
2,1877,12,probe-too-short,,,,
13,36,17,probe-too-short,,,,
3,11190,19,probe-too-short,,,,
12,4854,61,retrieved,12.135.3,4801,53,0.926
18,303,74,not-retrieved,,,,0.0
13,247,52,retrieved,13.4.48,247,0,0.771
13,2359,17,probe-too-short,,,,
13,4469,31,not-retrieved,,,,0.0
2,453,19,probe-too-short,,,,
1,299,20,probe-too-short,,,,
1,1602,20,probe-too-short,,,,
13,1505,44,retrieved,13.20.20,1509,-4,1.0
2,239,40,retrieved,2.5.105,239,0,1.0
3,7000,35,retrieved,3.83.129,6549,451,1.0
13,2588,37,retrieved,13.48.26,2588,0,0.879
13,4304,39,retrieved,13.90.35,4304,0,1.0
1,1657,39,retrieved,1.40.3,1626,31,1.0
2,1864,18,probe-too-short,,,,
1,6996,13,probe-too-short,,,,
13,5551,72,retrieved,13.112.20,5551,0,0.903
14,1043,78,retrieved,14.38.2,1043,0,0.959
13,2093,36,retrieved,13.33.11,2093,0,1.0
13,1837,19,probe-too-short,,,,
3,10259,22,probe-too-short,,,,
12,12797,16,probe-too-short,,,,
1,7,24,retrieved,1.1.7,-39,46,1.0
1,5299,21,probe-too-short,,,,
13,56,37,retrieved,13.1.56,56,0,0.867
13,50,37,retrieved,13.1.50,50,0,1.0
2,343,36,retrieved,2.8.32,343,0,1.0
3,12107,20,probe-too-short,,,,
1,5008,78,retrieved,1.128.45,5008,0,1.0
4,1607,37,retrieved,4.52.2,1607,0,1.0
3,11880,75,retrieved,3.163.40,11880,0,1.0
1,4070,19,probe-too-short,,,,
13,467,16,probe-too-short,,,,
1,4877,18,probe-too-short,,,,
14,1584,18,probe-too-short,,,,
2,1329,33,retrieved,2.36.24,1329,0,1.0
3,16613,40,retrieved,3.292.12,16612,1,1.0
2,1171,34,retrieved,2.31.67,1171,0,1.0
3,8733,14,probe-too-short,,,,
3,11495,38,retrieved,3.157.45,11536,-41,0.971
13,2479,17,probe-too-short,,,,
3,11500,38,retrieved,3.157.50,11541,-41,1.0
2,457,35,retrieved,2.11.40,457,0,1.0
3,868,11,probe-too-short,,,,
4,908,51,retrieved,4.27.7,908,0,1.0
2,1866,39,retrieved,2.52.10,1866,0,0.889
3,12372,36,retrieved,3.178.10,12404,-32,1.0
3,8769,21,probe-too-short,,,,
2,2097,19,probe-too-short,,,,
3,12789,36,retrieved,3.187.44,12786,3,1.0
14,1283,21,probe-too-short,,,,
3,9990,37,retrieved,3.110.22,9990,0,1.0
4,755,21,probe-too-short,,,,
1,3676,44,retrieved,1.93.13,3676,0,0.95
3,1466,49,retrieved,3.37.11,1467,-1,0.756
3,10400,26,retrieved,3.125.5,10461,-61,0.957
1,4906,35,retrieved,1.126.10,4933,-27,1.0
4,232,29,retrieved,4.8.2,232,0,1.0
3,13982,38,retrieved,3.213.23,13982,0,0.824
1,87,76,retrieved,1.1.87,41,46,1.0
1,7856,40,retrieved,1.216.19,7926,-70,0.784
2,343,77,not-retrieved,,,,0.5
13,1949,42,retrieved,13.30.10,1949,0,1.0
6,348,16,probe-too-short,,,,
13,2441,30,retrieved,13.44.38,2441,0,0.741
1,4796,18,probe-too-short,,,,
3,6027,18,probe-too-short,,,,
4,254,18,probe-too-short,,,,
2,1025,25,retrieved,2.27.17,1026,-1,0.864
13,991,64,retrieved,13.14.397,988,3,1.0
13,7237,75,retrieved,13.154.6,7238,-1,0.789
13,3164,40,retrieved,13.62.62,3164,0,1.0
3,8588,16,probe-too-short,,,,
3,10424,43,retrieved,3.126.2,10484,-60,1.0
3,8815,32,retrieved,3.105.11,9530,-715,0.931
14,1918,76,retrieved,14.65.6,1918,0,0.884
1,7933,24,retrieved,1.220.3,8014,-81,1.0
13,2784,25,not-retrieved,,,,0.0
4,1336,38,retrieved,4.42.12,1336,0,0.857
3,12880,29,retrieved,3.188.75,12879,1,0.76
3,4008,21,probe-too-short,,,,
1,2571,79,retrieved,1.66.7,2571,0,0.912
2,396,37,retrieved,2.10.14,396,0,0.897
1,6569,19,probe-too-short,,,,
1,6132,62,retrieved,1.157.30,6187,-55,0.932
1,1916,83,retrieved,1.48.6,1916,0,1.0
2,933,43,retrieved,2.24.10,932,1,1.0
1,1327,41,retrieved,1.28.9,1328,-1,0.943
13,2111,89,retrieved,13.34.2,2112,-1,0.79
1,2572,25,retrieved,1.66.8,2572,0,1.0
3,1929,37,retrieved,3.48.16,1930,-1,1.0
2,584,19,probe-too-short,,,,
1,4686,38,retrieved,1.121.7,4685,1,1.0
1,2821,40,retrieved,1.69.8,2821,0,1.0
13,36,41,retrieved,13.1.36,36,0,0.879
1,882,17,probe-too-short,,,,
3,10454,47,retrieved,3.126.31,10513,-59,1.0
13,2273,20,probe-too-short,,,,
13,4086,37,retrieved,13.85.71,4086,0,0.812
13,1562,79,retrieved,13.22.32,1562,0,1.0
13,3359,44,retrieved,13.66.51,3359,0,0.805
13,3743,74,retrieved,13.78.12,3743,0,1.0
13,2694,56,retrieved,13.51.27,2694,0,1.0
3,158,51,retrieved,3.3.28,158,0,1.0
1,2727,81,retrieved,1.67.92,2728,-1,0.973
13,4583,19,probe-too-short,,,,
13,7663,20,probe-too-short,,,,
1,1549,41,retrieved,1.35.4,1549,0,0.919
1,4381,38,retrieved,1.110.19,4393,-12,1.0
1,2725,18,probe-too-short,,,,
14,2066,81,retrieved,14.71.12,2070,-4,0.96
3,12802,77,not-retrieved,,,,0.58
4,306,38,retrieved,4.11.9,306,0,1.0
13,4926,39,retrieved,13.103.21,4926,0,0.889
1,6980,53,retrieved,1.185.37,7046,-66,1.0
3,16945,19,probe-too-short,,,,
3,650,37,retrieved,3.15.15,650,0,0.882
3,15341,75,not-retrieved,,,,0.486
3,13241,80,not-retrieved,,,,0.493
6,368,18,probe-too-short,,,,
3,793,74,retrieved,3.20.17,793,0,1.0
2,2173,15,probe-too-short,,,,
13,882,20,probe-too-short,,,,
1,4112,19,probe-too-short,,,,
1,2843,20,probe-too-short,,,,
1,6067,18,probe-too-short,,,,
1,2842,41,retrieved,1.69.29,2842,0,1.0
3,13454,37,retrieved,3.200.105,13454,0,1.0
3,9957,16,probe-too-short,,,,
2,1847,79,not-retrieved,,,,0.529
13,6478,75,retrieved,13.141.89,6477,1,1.0
3,14702,27,retrieved,3.233.54,14702,0,1.0
13,4401,59,retrieved,13.93.6,4401,0,1.0
14,2522,27,retrieved,14.85.13,2522,0,0.625
1,6964,27,not-retrieved,,,,0.583
4,393,39,retrieved,4.14.21,393,0,1.0
14,48,15,probe-too-short,,,,
3,1270,74,retrieved,3.33.7,1270,0,0.94
1,1178,21,probe-too-short,,,,
3,14311,29,retrieved,3.225.13,14311,0,1.0
3,8216,27,retrieved,3.85.73,8215,1,0.667
13,746,19,probe-too-short,,,,
13,886,18,probe-too-short,,,,
3,10943,21,probe-too-short,,,,
13,746,19,probe-too-short,,,,
13,6040,76,not-retrieved,,,,0.493
12,7956,19,probe-too-short,,,,
1,6205,19,probe-too-short,,,,
3,10953,42,retrieved,3.142.54,11002,-49,1.0
2,2121,21,probe-too-short,,,,
13,6589,18,probe-too-short,,,,
2,1894,39,retrieved,2.52.36,1892,2,1.0
3,8871,61,retrieved,3.107.23,9871,-1000,0.983
3,807,33,retrieved,3.20.31,807,0,1.0
3,1015,20,probe-too-short,,,,
2,1482,27,retrieved,2.42.9,1484,-2,0.875
1,848,37,retrieved,1.3.186,851,-3,1.0
1,2890,18,probe-too-short,,,,
2,2140,36,retrieved,2.64.20,2140,0,1.0
3,1940,21,probe-too-short,,,,
2,2187,27,retrieved,2.66.2,2186,1,1.0
1,1186,62,retrieved,1.19.29,1186,0,1.0
13,2101,39,retrieved,13.33.19,2101,0,0.871
14,469,36,retrieved,14.17.16,470,-1,1.0
13,7403,19,probe-too-short,,,,
14,468,34,retrieved,14.17.15,469,-1,1.0
14,465,38,retrieved,14.17.12,466,-1,0.943
3,1093,17,probe-too-short,,,,
4,1845,21,probe-too-short,,,,
13,108,36,retrieved,13.2.24,109,-1,1.0
5,5493,36,retrieved,5.160.86,5410,83,1.0
15,821,79,retrieved,15.30.3,821,0,0.947
3,13263,23,probe-too-short,,,,
1,2587,37,retrieved,1.66.23,2587,0,1.0
3,5023,26,retrieved,3.82.81,5023,0,1.0
3,8127,46,retrieved,3.84.149,8127,0,1.0
4,2093,72,retrieved,4.65.7,2093,0,0.884
13,7372,59,retrieved,13.158.19,7372,0,0.821
3,14139,74,retrieved,3.219.10,14139,0,0.955
13,2238,72,not-retrieved,,,,0.538
13,5710,20,probe-too-short,,,,
13,5499,39,retrieved,13.111.101,5499,0,1.0
1,908,37,retrieved,1.6.12,908,0,1.0
8,2084,17,probe-too-short,,,,
13,2841,74,retrieved,13.54.16,2841,0,1.0
1,2234,18,probe-too-short,,,,
6,364,18,probe-too-short,,,,
1,6562,26,not-retrieved,,,,0.565
3,6074,37,retrieved,3.83.104,6524,-450,1.0
13,4427,18,probe-too-short,,,,
6,352,19,probe-too-short,,,,
2,996,13,probe-too-short,,,,
3,12350,34,retrieved,3.177.12,12350,0,0.871
3,810,34,retrieved,3.20.34,810,0,1.0
3,10408,41,retrieved,3.125.13,10469,-61,1.0
13,4486,72,retrieved,13.93.90,4485,1,1.0
1,53,43,retrieved,1.1.53,7,46,1.0
3,11023,66,retrieved,3.114.29,10176,847,0.952
13,1700,78,retrieved,13.25.13,1699,1,0.947
13,973,23,probe-too-short,,,,
3,10553,38,retrieved,3.130.18,10610,-57,0.879
13,4364,18,probe-too-short,,,,
13,6236,80,retrieved,13.136.17,6236,0,1.0
3,4002,13,probe-too-short,,,,
3,14718,67,retrieved,3.234.9,14718,0,0.75
5,5461,36,retrieved,5.160.55,5379,82,0.909
15,724,18,probe-too-short,,,,
3,14129,71,retrieved,3.218.8,14129,0,0.969
3,9926,41,retrieved,3.108.7,9933,-7,1.0
3,14144,71,retrieved,3.219.15,14144,0,0.941
3,2512,26,retrieved,3.64.113,2513,-1,0.652
3,10055,15,probe-too-short,,,,
1,4916,39,retrieved,1.126.20,4943,-27,1.0
16,110,46,retrieved,16.4.6,110,0,1.0
3,8647,47,retrieved,3.99.32,8648,-1,0.705
3,14749,16,probe-too-short,,,,
1,82,14,probe-too-short,,,,
1,377,42,retrieved,1.2.102,331,46,1.0
3,12857,41,retrieved,3.188.53,12857,0,0.895
18,84,35,retrieved,18.3.4,84,0,1.0
13,5491,95,not-retrieved,,,,0.465
18,51,78,retrieved,18.2.25,51,0,0.863
5,5509,52,retrieved,5.160.102,5426,83,1.0
3,12294,24,not-retrieved,,,,0.0
14,2092,24,retrieved,14.72.10,2092,0,0.95
4,794,45,retrieved,4.23.2,799,-5,1.0
3,1366,51,retrieved,3.34.13,1366,0,0.795
14,53,17,probe-too-short,,,,
2,636,24,retrieved,2.15.2,636,0,1.0
3,15370,27,retrieved,3.259.1,15370,0,1.0
3,335,22,probe-too-short,,,,
1,1442,15,probe-too-short,,,,
3,2036,39,retrieved,3.52.24,2037,-1,0.833
13,495,42,retrieved,13.10.64,495,0,1.0
13,4419,69,retrieved,13.93.24,4419,0,0.968
4,1578,82,retrieved,4.50.24,1578,0,0.828
1,7364,63,retrieved,1.199.18,7430,-66,0.983
4,60,26,retrieved,4.2.32,59,1,1.0
2,158,13,probe-too-short,,,,
13,3862,82,retrieved,13.82.12,3862,0,0.958
16,289,19,probe-too-short,,,,
1,778,29,retrieved,1.3.115,780,-2,1.0
2,2033,38,retrieved,2.59.4,2033,0,1.0
14,2499,17,probe-too-short,,,,
4,351,21,probe-too-short,,,,
1,852,15,probe-too-short,,,,
14,588,78,retrieved,14.19.56,587,1,1.0
4,1843,49,retrieved,4.58.20,1843,0,0.957
3,9905,19,probe-too-short,,,,
3,12480,39,retrieved,3.180.30,12480,0,1.0
3,8278,18,probe-too-short,,,,
14,1776,17,probe-too-short,,,,
13,1711,16,probe-too-short,,,,
3,14464,63,retrieved,3.230.11,14464,0,1.0
2,2472,27,retrieved,2.74.21,2472,0,1.0
13,2490,76,retrieved,13.46.7,2490,0,0.986
13,2320,19,probe-too-short,,,,
1,5153,40,retrieved,1.131.20,5152,1,1.0
3,10204,13,probe-too-short,,,,
1,4611,25,retrieved,1.119.21,4611,0,0.909
4,807,10,probe-too-short,,,,
13,2330,18,probe-too-short,,,,
3,329,48,retrieved,3.9.7,330,-1,1.0
13,3179,12,probe-too-short,,,,
4,1389,74,retrieved,4.44.22,1388,1,0.939
1,187,21,probe-too-short,,,,
3,10284,17,probe-too-short,,,,
3,11584,41,retrieved,3.158.61,11584,0,1.0
3,14600,38,retrieved,3.231.86,14599,1,1.0
13,1596,42,retrieved,13.23.25,1596,0,0.897
3,693,41,retrieved,3.17.2,677,16,1.0
13,2167,24,retrieved,13.36.3,2167,0,1.0
2,1173,35,retrieved,2.31.69,1173,0,0.75
14,408,22,probe-too-short,,,,
2,1544,18,probe-too-short,,,,
13,2686,45,retrieved,13.51.19,2686,0,1.0
4,261,21,probe-too-short,,,,
1,819,15,probe-too-short,,,,
4,78,39,retrieved,4.3.19,78,0,0.861
4,1114,38,retrieved,4.33.48,1114,0,1.0
4,461,38,retrieved,4.16.10,461,0,1.0
3,1822,48,retrieved,3.46.6,1823,-1,0.867
3,16359,41,retrieved,3.284.37,16357,2,1.0
1,8286,13,probe-too-short,,,,
3,2009,16,probe-too-short,,,,
2,2163,33,retrieved,2.65.23,2162,1,1.0
1,86,58,retrieved,1.1.86,40,46,0.759
1,320,21,probe-too-short,,,,
2,1867,25,retrieved,2.52.11,1867,0,1.0
13,1073,40,retrieved,13.16.36,1073,0,0.892
13,1101,77,retrieved,13.16.64,1101,0,1.0
2,585,22,probe-too-short,,,,
13,1816,19,probe-too-short,,,,
3,11578,39,retrieved,3.158.55,11578,0,1.0
1,2849,17,probe-too-short,,,,
14,1328,35,retrieved,14.35.20,955,373,0.875
3,542,42,retrieved,3.12.82,542,0,1.0
13,4363,39,retrieved,13.91.38,4363,0,1.0
14,2408,19,probe-too-short,,,,
14,466,26,retrieved,14.17.13,467,-1,0.826
13,2426,40,retrieved,13.44.23,2426,0,1.0
1,6836,21,probe-too-short,,,,
3,13027,75,retrieved,3.190.19,13027,0,1.0
3,12631,42,retrieved,3.183.74,12630,1,1.0
14,570,44,retrieved,14.19.39,570,0,1.0
2,201,82,retrieved,2.5.67,201,0,1.0
14,2230,76,retrieved,14.77.10,2228,2,1.0
2,1117,13,probe-too-short,,,,
2,1117,16,probe-too-short,,,,
2,795,41,retrieved,2.20.28,795,0,0.947
1,6450,57,retrieved,1.170.15,6510,-60,0.904
1,5056,76,not-retrieved,,,,0.5
1,2284,36,retrieved,1.62.2,2284,0,1.0
1,3638,41,retrieved,1.91.12,3638,0,1.0
13,2491,18,probe-too-short,,,,
3,4086,40,retrieved,3.82.45,4987,-901,1.0
13,1507,33,retrieved,13.20.22,1511,-4,1.0
13,5853,19,probe-too-short,,,,
1,4054,30,retrieved,1.100.90,4056,-2,1.0
1,5457,13,probe-too-short,,,,
1,1664,14,probe-too-short,,,,
1,7961,39,retrieved,1.220.31,8042,-81,0.861
14,2484,24,retrieved,14.83.19,2484,0,0.81
4,486,79,retrieved,4.16.35,486,0,1.0
3,15009,23,probe-too-short,,,,
13,2719,44,retrieved,13.52.4,2719,0,0.878
3,1002,16,probe-too-short,,,,
2,585,22,probe-too-short,,,,
1,6201,12,probe-too-short,,,,
3,2381,40,retrieved,3.63.20,2381,0,1.0
3,11461,37,retrieved,3.157.11,11502,-41,1.0
3,2388,21,probe-too-short,,,,
15,1073,38,retrieved,15.38.17,1072,1,1.0
3,11175,15,probe-too-short,,,,
1,7176,52,retrieved,1.193.3,7244,-68,0.938
3,11175,39,retrieved,3.147.9,11221,-46,1.0
3,16295,17,probe-too-short,,,,
13,3918,73,retrieved,13.83.40,3885,33,1.0
14,141,31,retrieved,14.6.22,141,0,1.0
13,2740,38,retrieved,13.52.25,2740,0,1.0
1,6713,18,probe-too-short,,,,
13,5733,39,retrieved,13.117.13,5735,-2,1.0
2,1340,14,probe-too-short,,,,
1,6109,21,probe-too-short,,,,
3,16622,36,retrieved,3.293.7,16622,0,0.879
3,657,37,retrieved,3.15.22,657,0,1.0
3,12748,21,probe-too-short,,,,
1,3521,42,retrieved,1.85.22,3521,0,0.846
2,2494,56,retrieved,2.76.4,2493,1,0.943
3,1163,37,retrieved,3.31.4,1163,0,1.0
3,12888,30,retrieved,3.188.83,12887,1,1.0
1,4883,22,probe-too-short,,,,
14,1551,43,retrieved,14.53.16,1551,0,0.875
1,199,20,probe-too-short,,,,
13,4897,38,retrieved,13.102.55,4897,0,1.0
3,2851,18,probe-too-short,,,,
3,2124,38,retrieved,3.54.21,2124,0,1.0
1,7768,38,retrieved,1.213.27,7836,-68,1.0
3,1777,74,retrieved,3.43.22,1777,0,1.0
3,356,42,retrieved,3.10.11,357,-1,1.0
1,6717,20,probe-too-short,,,,
3,1493,20,probe-too-short,,,,
3,8613,40,retrieved,3.98.19,8613,0,0.865
3,11557,40,retrieved,3.158.34,11557,0,1.0
3,2389,38,retrieved,3.63.27,2388,1,1.0
1,5018,17,probe-too-short,,,,
3,1753,19,probe-too-short,,,,
13,4982,19,probe-too-short,,,,
3,449,36,retrieved,3.11.64,449,0,1.0
1,5936,79,retrieved,1.152.10,5985,-49,0.905
1,6600,15,probe-too-short,,,,
1,4076,13,probe-too-short,,,,
3,13827,44,retrieved,3.208.25,13842,-15,1.0
13,3717,48,retrieved,13.77.22,3698,19,0.923
3,11123,27,retrieved,3.146.54,11170,-47,0.833
1,4292,20,probe-too-short,,,,
1,955,20,probe-too-short,,,,
13,1828,17,probe-too-short,,,,
1,1492,14,probe-too-short,,,,
14,1812,38,retrieved,14.61.4,1775,37,0.8
3,1180,42,retrieved,3.31.21,1180,0,1.0
13,1628,80,retrieved,13.23.56,1627,1,1.0
14,1319,24,retrieved,14.47.3,1319,0,1.0
13,4768,16,probe-too-short,,,,
13,6716,35,retrieved,13.145.34,6716,0,1.0
2,678,36,retrieved,2.17.3,679,-1,1.0
2,1230,35,retrieved,2.33.26,1233,-3,1.0
1,4131,23,probe-too-short,,,,
13,4513,18,probe-too-short,,,,
3,1734,21,probe-too-short,,,,
3,8870,37,retrieved,3.107.22,9870,-1000,1.0
13,4222,19,probe-too-short,,,,
1,4445,15,probe-too-short,,,,
5,267,34,retrieved,5.9.39,267,0,1.0
13,129,27,retrieved,13.2.46,131,-2,0.75
3,10,33,retrieved,3.1.10,10,0,1.0
2,1070,19,probe-too-short,,,,
1,3243,17,probe-too-short,,,,
3,10273,54,retrieved,3.120.15,10337,-64,0.76
1,4103,46,retrieved,1.102.30,4107,-4,1.0
17,91,39,retrieved,17.3.19,91,0,1.0
1,5317,42,retrieved,1.134.6,5358,-41,1.0
3,13878,26,retrieved,3.209.38,13894,-16,0.957
1,6356,32,retrieved,1.167.1,6413,-57,1.0
3,10414,28,retrieved,3.125.18,10474,-60,0.68
1,12,38,retrieved,1.1.12,-34,46,1.0
13,5573,53,retrieved,13.113.10,5572,1,1.0
1,8027,22,probe-too-short,,,,
1,1261,38,retrieved,1.24.1,1193,68,0.839
1,5882,59,retrieved,1.151.1,5931,-49,0.982
3,15845,28,not-retrieved,,,,0.571
1,3677,40,retrieved,1.93.14,3677,0,1.0
4,1265,21,probe-too-short,,,,
2,196,20,probe-too-short,,,,
3,14975,83,retrieved,3.244.19,14975,0,1.0
3,1611,51,retrieved,3.39.61,1611,0,0.979
1,6018,14,probe-too-short,,,,
3,578,13,probe-too-short,,,,
1,3244,30,retrieved,1.76.61,3244,0,1.0
3,1755,63,retrieved,3.42.42,1755,0,0.932
1,2492,82,retrieved,1.64.38,2471,21,0.91
3,13866,41,retrieved,3.209.24,13880,-14,0.781
1,3462,33,retrieved,1.83.39,3442,20,1.0
13,2911,51,retrieved,13.56.8,2911,0,0.75
5,7494,71,retrieved,5.192.8,7495,-1,0.859
3,11178,39,retrieved,3.147.12,11224,-46,1.0
3,14316,20,probe-too-short,,,,
3,8733,14,probe-too-short,,,,
2,166,50,retrieved,2.5.33,167,-1,0.766
3,11237,53,retrieved,3.149.13,11281,-44,0.652
13,5633,14,probe-too-short,,,,
1,932,40,retrieved,1.7.23,933,-1,1.0
2,168,43,retrieved,2.5.35,169,-1,1.0
3,12857,19,probe-too-short,,,,
1,6219,41,retrieved,1.160.15,6275,-56,1.0
3,10042,26,retrieved,3.111.15,10072,-30,1.0
1,5110,26,retrieved,1.130.42,5109,1,1.0
3,514,81,retrieved,3.12.54,514,0,0.892
3,11067,39,retrieved,3.145.54,11116,-49,0.889
1,6440,28,retrieved,1.170.5,6500,-60,0.92
13,659,27,retrieved,13.14.69,660,-1,0.958
13,3832,34,retrieved,13.81.30,3832,0,0.968
1,2939,39,retrieved,1.72.3,2939,0,0.972
3,14882,39,retrieved,3.241.3,14882,0,1.0
1,2935,45,retrieved,1.71.41,2917,18,1.0
3,11099,12,probe-too-short,,,,
1,7651,16,probe-too-short,,,,
13,4206,42,retrieved,13.86.21,4206,0,0.703
14,1486,20,probe-too-short,,,,
13,2782,40,retrieved,13.53.28,2782,0,1.0
3,588,14,probe-too-short,,,,
3,14828,23,probe-too-short,,,,
1,5977,23,probe-too-short,,,,
4,1572,22,probe-too-short,,,,
3,682,45,retrieved,3.16.24,682,0,0.895
1,5983,32,retrieved,1.153.22,6033,-50,0.826
13,285,34,retrieved,13.5.23,285,0,1.0
4,359,37,retrieved,4.13.34,358,1,1.0
1,3557,19,probe-too-short,,,,
13,4562,21,probe-too-short,,,,
3,16415,19,probe-too-short,,,,
3,14591,44,retrieved,3.231.77,14590,1,1.0
1,7748,34,retrieved,1.213.6,7815,-67,0.645
1,4631,38,retrieved,1.119.42,4632,-1,1.0
2,2695,22,probe-too-short,,,,
3,2363,42,retrieved,3.63.2,2363,0,1.0
1,7633,16,probe-too-short,,,,
3,13096,45,retrieved,3.190.87,13095,1,0.738
2,2229,44,retrieved,2.67.33,2219,10,1.0
2,1553,37,retrieved,2.44.35,1553,0,0.882
3,15669,25,retrieved,3.269.3,15669,0,1.0
13,2660,48,retrieved,13.50.20,2660,0,0.909
3,1066,20,probe-too-short,,,,
1,2682,79,retrieved,1.67.46,2682,0,0.96
1,3949,39,retrieved,1.99.31,3950,-1,1.0
1,2540,14,probe-too-short,,,,
1,7750,41,retrieved,1.213.8,7817,-67,1.0
3,14331,27,retrieved,3.225.33,14331,0,1.0
3,8138,86,retrieved,3.84.160,8138,0,0.833
3,2881,37,retrieved,3.73.29,2880,1,1.0
1,5359,21,probe-too-short,,,,
3,13472,74,not-retrieved,,,,0.479
1,5412,36,retrieved,1.136.34,5453,-41,1.0
2,2351,50,retrieved,2.69.12,2352,-1,0.681
2,2255,23,probe-too-short,,,,
3,10727,77,retrieved,3.135.36,10780,-53,1.0
3,578,21,probe-too-short,,,,
3,108,47,retrieved,3.2.62,108,0,1.0
1,5142,19,probe-too-short,,,,
1,7114,41,retrieved,1.190.31,7182,-68,1.0
1,3065,58,retrieved,1.74.78,3065,0,1.0
14,560,38,retrieved,14.19.29,560,0,0.857
1,8219,37,retrieved,1.226.9,8315,-96,1.0
2,558,83,retrieved,2.13.45,558,0,0.912
3,12180,74,retrieved,3.172.19,12180,0,0.925
4,101,38,retrieved,4.4.19,101,0,0.857
1,277,39,retrieved,1.2.8,237,40,1.0
1,2459,17,probe-too-short,,,,
13,4873,29,retrieved,13.102.31,4873,0,1.0
3,13405,32,retrieved,3.200.56,13405,0,1.0
13,5149,40,retrieved,13.106.17,5148,1,0.889
13,5145,42,retrieved,13.106.13,5144,1,1.0
2,523,16,probe-too-short,,,,
4,597,19,probe-too-short,,,,
1,6112,38,retrieved,1.157.10,6167,-55,0.857
3,1021,32,retrieved,3.27.33,1006,15,1.0
1,4730,29,retrieved,1.122.15,4729,1,1.0
2,2701,33,retrieved,2.81.31,2702,-1,1.0
2,1516,32,retrieved,2.43.23,1516,0,1.0
1,1743,42,retrieved,1.42.19,1743,0,1.0
2,1579,18,probe-too-short,,,,
3,11189,21,probe-too-short,,,,
2,1582,20,probe-too-short,,,,
3,13051,41,retrieved,3.190.43,13051,0,1.0
3,3017,20,probe-too-short,,,,
2,1389,44,retrieved,2.38.21,1389,0,0.816
1,5639,15,probe-too-short,,,,
1,6417,34,retrieved,1.168.8,6476,-59,1.0
3,252,50,retrieved,3.5.13,252,0,0.915
14,1703,39,retrieved,14.58.14,1704,-1,1.0
3,13424,21,probe-too-short,,,,
2,1554,22,probe-too-short,,,,
1,2510,39,retrieved,1.65.2,2510,0,1.0
13,6792,16,probe-too-short,,,,
4,180,18,probe-too-short,,,,
13,1607,21,probe-too-short,,,,
3,7001,38,retrieved,3.83.131,6551,450,1.0
13,4716,28,retrieved,13.85.159,4174,542,0.783
1,2843,19,probe-too-short,,,,
13,6399,23,probe-too-short,,,,
13,3714,30,retrieved,13.77.19,3695,19,0.778
14,2184,21,probe-too-short,,,,
2,433,22,probe-too-short,,,,
14,470,37,retrieved,14.17.17,471,-1,0.765
4,505,37,retrieved,4.17.3,504,1,1.0
1,7510,43,retrieved,1.205.23,7577,-67,0.925
13,5781,41,retrieved,13.119.5,5782,-1,1.0
3,5097,44,retrieved,3.83.27,6447,-1350,0.951
2,1517,30,retrieved,2.43.24,1517,0,1.0
1,716,30,retrieved,1.3.51,716,0,0.963
7,3351,30,retrieved,7.93.14,3351,0,0.741
2,238,41,retrieved,2.5.104,238,0,1.0
1,722,14,probe-too-short,,,,
2,2127,19,probe-too-short,,,,
3,1355,29,retrieved,3.34.2,1355,0,1.0
3,978,14,probe-too-short,,,,
14,56,26,retrieved,14.3.16,56,0,1.0
3,15163,29,retrieved,3.252.9,15163,0,0.739
3,1874,22,probe-too-short,,,,
1,1946,17,probe-too-short,,,,
2,1468,18,probe-too-short,,,,
3,8749,25,retrieved,3.102.13,9035,-286,1.0
13,2017,83,retrieved,13.31.10,2017,0,0.911
3,1018,35,retrieved,3.27.30,1003,15,0.875
1,2781,21,probe-too-short,,,,
1,1126,37,retrieved,1.18.16,1089,37,1.0
3,1094,53,retrieved,3.29.30,1058,36,0.766
14,1606,34,retrieved,14.55.20,1606,0,0.839
3,8663,22,probe-too-short,,,,
4,1917,49,retrieved,4.59.16,1916,1,1.0
2,1337,18,probe-too-short,,,,
13,3030,57,retrieved,13.59.28,3065,-35,0.981
3,15662,54,retrieved,3.268.24,15661,1,1.0
4,460,20,probe-too-short,,,,
4,750,73,not-retrieved,,,,0.537
1,1539,19,probe-too-short,,,,
13,7528,35,retrieved,13.161.27,7528,0,1.0
3,539,20,probe-too-short,,,,
3,3094,18,probe-too-short,,,,
3,16117,30,retrieved,3.280.25,16116,1,1.0
1,1103,27,retrieved,1.17.5,1065,38,0.917
3,15733,24,retrieved,3.271.18,15734,-1,1.0
3,566,31,retrieved,3.12.106,566,0,1.0
4,1423,41,retrieved,4.45.29,1422,1,1.0
1,156,27,retrieved,1.1.158,112,44,1.0
3,15662,48,retrieved,3.268.24,15661,1,1.0
2,2290,42,retrieved,2.68.40,2290,0,1.0
1,1253,41,retrieved,1.23.20,1216,37,0.895
1,1126,37,retrieved,1.18.15,1088,38,0.968
3,13972,24,retrieved,3.213.14,13973,-1,0.905
4,244,16,probe-too-short,,,,
3,1503,16,probe-too-short,,,,
1,5725,24,retrieved,1.144.11,5774,-49,1.0
3,14115,42,retrieved,3.217.16,14115,0,1.0
1,6301,26,retrieved,1.164.7,6358,-57,0.913
3,10403,32,retrieved,3.125.9,10465,-62,0.931
3,14314,39,not-retrieved,,,,0.528
13,1444,32,retrieved,13.19.64,1444,0,0.821
1,4205,43,retrieved,1.104.39,4208,-3,0.925
3,707,29,retrieved,3.17.16,691,16,0.962
1,5010,37,retrieved,1.128.47,5010,0,0.788
1,5008,29,retrieved,1.128.45,5008,0,0.885
1,7068,20,probe-too-short,,,,
1,7022,35,retrieved,1.187.18,7088,-66,0.938
14,1161,32,retrieved,14.42.59,1160,1,0.963
3,15690,30,retrieved,3.269.24,15690,0,0.889
13,661,20,probe-too-short,,,,
1,38,82,retrieved,1.1.38,-8,46,0.949
14,1161,29,retrieved,14.42.59,1160,1,0.958
1,51,43,retrieved,1.1.51,5,46,1.0
1,4904,12,probe-too-short,,,,
5,283,24,retrieved,5.9.54,282,1,0.85
13,5986,76,retrieved,13.125.67,5986,0,1.0
13,917,21,probe-too-short,,,,
13,7584,20,probe-too-short,,,,
3,678,36,retrieved,3.16.20,678,0,1.0
2,152,59,retrieved,2.5.18,152,0,1.0
1,6543,20,probe-too-short,,,,
1,3289,17,probe-too-short,,,,
3,12544,16,probe-too-short,,,,
3,11120,25,not-retrieved,,,,0.0
13,593,55,retrieved,13.14.6,597,-4,1.0
13,7256,22,probe-too-short,,,,
4,1835,38,retrieved,4.58.12,1835,0,1.0
1,1366,15,probe-too-short,,,,
3,10947,20,probe-too-short,,,,
4,1907,19,probe-too-short,,,,
4,168,19,probe-too-short,,,,
13,2230,40,retrieved,13.38.29,2230,0,1.0
1,4661,39,retrieved,1.120.22,4661,0,1.0
1,3653,33,retrieved,1.92.14,3658,-5,1.0
1,3018,41,retrieved,1.74.31,3018,0,1.0
1,555,19,probe-too-short,,,,
3,13272,44,retrieved,3.196.12,13272,0,1.0
3,15976,39,retrieved,3.277.32,15975,1,1.0
3,488,19,probe-too-short,,,,
1,3852,22,probe-too-short,,,,
3,10775,20,probe-too-short,,,,
2,639,21,probe-too-short,,,,
1,4517,37,retrieved,1.115.38,4519,-2,1.0
13,1519,21,probe-too-short,,,,
14,973,37,retrieved,14.35.38,973,0,1.0
14,1691,20,probe-too-short,,,,
1,1214,29,retrieved,1.21.10,1214,0,0.708
3,8760,20,probe-too-short,,,,
12,10384,27,retrieved,12.284.110,10222,162,0.75
13,2171,47,retrieved,13.36.7,2171,0,0.909
1,2820,22,probe-too-short,,,,
3,12379,41,retrieved,3.178.17,12411,-32,1.0
4,1686,25,retrieved,4.54.26,1685,1,1.0
3,12388,15,probe-too-short,,,,
3,12257,15,probe-too-short,,,,
3,14616,76,retrieved,3.231.102,14615,1,0.944
4,231,28,retrieved,4.8.1,231,0,0.72
13,7414,28,retrieved,13.159.14,7414,0,0.76
3,8871,70,retrieved,3.107.23,9871,-1000,0.94
3,1897,18,probe-too-short,,,,
13,3089,40,retrieved,13.61.25,3088,1,1.0
13,3291,33,retrieved,13.65.3,3291,0,0.933
3,13601,18,probe-too-short,,,,
14,1926,20,probe-too-short,,,,
1,3616,40,retrieved,1.90.17,3616,0,1.0
3,640,19,probe-too-short,,,,
3,11399,18,probe-too-short,,,,
3,1329,20,probe-too-short,,,,
13,7288,24,retrieved,13.155.24,7288,0,1.0
1,7828,30,retrieved,1.215.17,7897,-69,1.0
13,2771,40,retrieved,13.53.18,2772,-1,1.0
3,10208,85,retrieved,3.117.13,10272,-64,0.893
15,19,35,retrieved,15.1.19,19,0,1.0
3,2435,21,probe-too-short,,,,
2,98,29,retrieved,2.4.3,98,0,1.0
2,2428,31,retrieved,2.72.13,2428,0,1.0
1,8102,40,retrieved,1.223.21,8186,-84,0.865
14,1825,40,retrieved,14.61.18,1789,36,1.0
1,1883,39,retrieved,1.47.15,1883,0,1.0
3,13220,29,retrieved,3.193.10,13220,0,1.0
4,181,32,retrieved,4.6.4,181,0,0.724
1,7043,14,probe-too-short,,,,
1,7080,21,probe-too-short,,,,
2,2536,75,retrieved,2.77.23,2536,0,1.0
3,8384,28,not-retrieved,,,,0.458
3,2735,21,probe-too-short,,,,
5,7403,39,retrieved,5.188.15,7403,0,1.0
14,1815,74,not-retrieved,,,,0.521
13,4055,14,probe-too-short,,,,
3,15697,46,retrieved,3.270.3,15697,0,1.0
13,4644,32,retrieved,13.96.16,4644,0,1.0
1,26,26,not-retrieved,,,,0.0
3,520,21,probe-too-short,,,,
3,2330,30,retrieved,3.61.34,2330,0,1.0
14,144,17,probe-too-short,,,,
1,2674,35,retrieved,1.67.38,2674,0,0.938
1,7485,16,probe-too-short,,,,
1,53,29,retrieved,1.1.53,7,46,1.0
1,2296,68,retrieved,1.62.14,2296,0,1.0
3,11915,56,retrieved,3.165.13,11951,-36,0.942
1,874,73,retrieved,1.5.12,874,0,1.0
3,2661,36,retrieved,3.68.8,2661,0,1.0
3,10548,39,retrieved,3.130.13,10605,-57,0.861
1,2642,19,probe-too-short,,,,
3,10405,28,retrieved,3.125.10,10466,-61,1.0
1,2644,20,probe-too-short,,,,
3,2822,23,probe-too-short,,,,
1,3507,13,probe-too-short,,,,
1,293,72,retrieved,1.2.23,252,41,0.954
3,12406,27,retrieved,3.179.11,12438,-32,1.0
3,10821,15,probe-too-short,,,,
1,4355,38,retrieved,1.109.19,4355,0,1.0
2,206,77,retrieved,2.5.72,206,0,0.943
3,10666,27,retrieved,3.134.16,10719,-53,1.0
1,77,39,retrieved,1.1.77,31,46,1.0
3,2618,39,retrieved,3.66.11,2618,0,1.0
3,8539,37,retrieved,3.95.28,8538,1,1.0
2,1552,28,retrieved,2.44.34,1552,0,0.84
3,2768,37,retrieved,3.70.25,2768,0,1.0
1,293,23,probe-too-short,,,,
1,2603,38,retrieved,1.66.39,2603,0,1.0
13,4333,40,retrieved,13.91.8,4333,0,0.865
1,3290,20,probe-too-short,,,,
1,6808,36,retrieved,1.164.14,6365,443,1.0
3,2361,15,probe-too-short,,,,
13,7103,36,retrieved,13.150.25,7103,0,0.774
13,7102,40,retrieved,13.150.24,7102,0,1.0
13,4499,78,retrieved,13.93.102,4497,2,1.0
2,1062,32,retrieved,2.29.4,1062,0,0.655
8,2051,40,retrieved,8.44.28,2051,0,1.0
4,376,20,probe-too-short,,,,
12,11876,83,retrieved,12.320.25,11877,-1,1.0
13,2223,70,retrieved,13.38.22,2223,0,0.91
3,17398,29,retrieved,3.313.113,17398,0,1.0
13,917,18,probe-too-short,,,,
2,2301,38,retrieved,2.68.52,2302,-1,1.0
12,3078,34,retrieved,12.82.23,3049,29,1.0
3,2642,37,retrieved,3.67.9,2642,0,1.0
12,1604,18,probe-too-short,,,,
1,869,39,retrieved,1.5.6,868,1,0.778
13,1138,21,probe-too-short,,,,
1,5308,38,retrieved,1.133.20,5350,-42,1.0
13,5887,33,retrieved,13.124.8,5887,0,0.897
1,1787,43,not-retrieved,,,,0.0
3,10802,13,probe-too-short,,,,
3,966,75,retrieved,3.26.3,966,0,0.941
13,7173,19,probe-too-short,,,,
8,3313,19,probe-too-short,,,,
2,1615,38,retrieved,2.45.56,1618,-3,1.0
13,4973,18,probe-too-short,,,,
3,14825,32,retrieved,3.239.6,14825,0,1.0
2,410,40,retrieved,2.10.30,412,-2,1.0
3,16273,38,retrieved,3.283.5,16273,0,1.0
2,396,37,retrieved,2.10.14,396,0,0.897
2,1043,50,retrieved,2.28.6,1043,0,0.915
2,390,42,retrieved,2.10.7,389,1,1.0
13,3736,19,probe-too-short,,,,
14,1398,22,probe-too-short,,,,
3,1334,40,retrieved,3.33.71,1334,0,1.0
2,443,20,probe-too-short,,,,
3,11282,21,probe-too-short,,,,
1,4312,19,probe-too-short,,,,
1,5746,39,retrieved,1.145.13,5795,-49,0.944
1,1789,18,probe-too-short,,,,
3,13006,22,probe-too-short,,,,
3,453,21,probe-too-short,,,,
14,1706,20,probe-too-short,,,,
3,13935,45,retrieved,3.211.16,13935,0,1.0
4,297,25,retrieved,4.11.2,299,-2,0.955
18,95,22,probe-too-short,,,,
3,493,22,probe-too-short,,,,
14,179,37,retrieved,14.7.27,179,0,1.0
16,63,11,probe-too-short,,,,
9,2367,15,probe-too-short,,,,
3,11937,39,retrieved,3.167.3,11937,0,1.0
3,2742,29,retrieved,3.69.49,2742,0,1.0
12,216,40,retrieved,12.8.15,216,0,0.75
3,2879,24,retrieved,3.73.27,2878,1,0.842
13,2913,31,retrieved,13.56.10,2913,0,0.893
1,3173,13,probe-too-short,,,,
1,3839,32,not-retrieved,,,,0.0
13,5027,23,probe-too-short,,,,
1,3347,20,probe-too-short,,,,
1,2827,19,probe-too-short,,,,
3,17471,21,probe-too-short,,,,
13,538,20,probe-too-short,,,,
13,1487,40,retrieved,13.20.3,1492,-5,1.0
11,125,39,retrieved,11.5.1,124,1,0.944
7,2087,24,retrieved,7.54.15,2087,0,0.857
13,7421,17,probe-too-short,,,,
1,5769,22,probe-too-short,,,,
3,16700,23,probe-too-short,,,,
3,2978,54,retrieved,3.76.28,2983,-5,0.941
1,2981,33,retrieved,1.73.28,2981,0,0.9
1,1295,33,retrieved,1.25.17,1260,35,1.0
5,740,28,retrieved,5.26.3,740,0,1.0
3,2483,29,retrieved,3.64.84,2484,-1,1.0
3,1715,12,probe-too-short,,,,
5,912,14,probe-too-short,,,,
3,2555,18,probe-too-short,,,,
5,1247,39,retrieved,5.35.66,1247,0,1.0
5,132,59,retrieved,5.7.4,134,-2,0.946
1,3948,27,retrieved,1.99.30,3949,-1,1.0
1,1917,19,probe-too-short,,,,
1,7583,20,probe-too-short,,,,
3,10979,17,probe-too-short,,,,
9,1241,27,retrieved,9.23.63,1253,-12,0.917
5,912,15,probe-too-short,,,,
2,2609,17,probe-too-short,,,,
3,2192,18,probe-too-short,,,,
3,10228,28,retrieved,3.118.15,10292,-64,1.0
4,1146,40,retrieved,4.34.16,1145,1,1.0
1,4567,83,retrieved,1.118.10,4567,0,1.0
13,2193,32,retrieved,13.37.10,2193,0,1.0
3,8476,31,retrieved,3.93.19,8476,0,1.0
7,2389,22,probe-too-short,,,,
3,461,26,retrieved,3.12.1,461,0,0.955
3,10307,50,retrieved,3.121.16,10370,-63,0.783
1,7873,59,retrieved,1.217.13,7943,-70,0.946
13,330,40,retrieved,13.6.36,330,0,1.0
3,11690,16,probe-too-short,,,,
1,3572,29,retrieved,1.88.9,3572,0,1.0
1,6422,75,retrieved,1.169.2,6481,-59,1.0
3,1834,18,probe-too-short,,,,
1,4673,25,retrieved,1.120.34,4673,0,0.773
13,2965,20,probe-too-short,,,,
3,8823,17,probe-too-short,,,,
1,7683,28,retrieved,1.211.6,7752,-69,1.0
1,5399,17,probe-too-short,,,,
3,2537,17,probe-too-short,,,,
1,3458,21,probe-too-short,,,,
3,13572,26,retrieved,3.203.27,13573,-1,1.0
3,261,12,probe-too-short,,,,
1,19,14,probe-too-short,,,,
13,2629,14,probe-too-short,,,,
1,4847,20,probe-too-short,,,,
14,327,30,retrieved,14.12.13,327,0,1.0
5,4239,20,probe-too-short,,,,
1,7718,41,retrieved,1.212.8,7786,-68,1.0
1,6673,20,probe-too-short,,,,
1,5874,15,probe-too-short,,,,
3,14055,18,probe-too-short,,,,
13,5870,42,retrieved,13.123.13,5870,0,0.865
3,15399,41,retrieved,3.259.30,15399,0,1.0
1,1341,30,retrieved,1.29.2,1307,34,1.0
2,1816,20,probe-too-short,,,,
3,8783,18,probe-too-short,,,,
13,2103,18,probe-too-short,,,,
3,13301,53,retrieved,3.198.1,13304,-3,0.959
1,7372,20,probe-too-short,,,,
3,10908,42,retrieved,3.142.10,10958,-50,0.923
1,3668,27,retrieved,1.93.5,3668,0,0.833
7,1622,31,retrieved,7.37.37,1624,-2,0.679
14,1912,56,retrieved,14.64.16,1911,1,1.0
18,109,37,retrieved,18.3.29,109,0,1.0
3,17085,13,probe-too-short,,,,
3,17119,19,probe-too-short,,,,
6,5372,41,retrieved,6.115.38,5372,0,0.711
3,14044,21,probe-too-short,,,,
5,4841,82,retrieved,5.143.9,4772,69,0.948
7,9410,37,retrieved,7.201.20,9413,-3,0.735
1,6897,42,retrieved,1.182.10,6961,-64,1.0
13,5697,38,retrieved,13.116.18,5697,0,0.886
3,17189,26,retrieved,3.310.12,17189,0,1.0
6,2448,35,retrieved,6.57.27,2451,-3,1.0
3,11162,25,retrieved,3.146.93,11209,-47,1.0
1,3457,46,retrieved,1.83.34,3437,20,1.0
1,2100,12,probe-too-short,,,,
3,8075,39,retrieved,3.84.97,8075,0,0.778
7,1754,41,retrieved,7.42.14,1754,0,1.0
5,1760,73,retrieved,5.46.13,1753,7,1.0
12,12872,99,not-retrieved,,,,0.535
1,712,52,retrieved,1.3.48,713,-1,0.833
12,665,18,probe-too-short,,,,
13,1274,54,not-retrieved,,,,0.0
1,8404,39,retrieved,1.232.1,8502,-98,1.0
13,1274,18,probe-too-short,,,,
8,3387,42,retrieved,8.68.8,3383,4,0.872
12,2783,17,probe-too-short,,,,
3,16278,19,probe-too-short,,,,
6,678,21,probe-too-short,,,,
1,5578,77,retrieved,1.140.37,5626,-48,0.761
1,7962,41,retrieved,1.220.32,8043,-81,1.0
7,1714,20,probe-too-short,,,,
7,5484,41,retrieved,7.133.30,5484,0,1.0
2,2225,25,retrieved,2.67.29,2215,10,1.0
3,697,29,retrieved,3.17.6,681,16,1.0
8,836,20,probe-too-short,,,,
5,5635,40,retrieved,5.162.56,5548,87,1.0
1,1419,39,retrieved,1.30.36,1419,0,1.0
5,2048,26,retrieved,5.51.30,2048,0,1.0
4,765,43,retrieved,4.22.68,761,4,1.0
6,610,20,probe-too-short,,,,
7,5908,25,not-retrieved,,,,0.0
7,4953,77,not-retrieved,,,,0.563
13,3184,30,retrieved,13.62.82,3184,0,0.741
13,1874,22,probe-too-short,,,,
3,93,81,retrieved,3.2.47,93,0,0.909
4,276,41,retrieved,4.9.33,276,0,0.947
1,2942,13,probe-too-short,,,,
12,372,40,retrieved,12.13.2,372,0,1.0
14,847,41,retrieved,14.30.9,847,0,1.0
3,16448,11,probe-too-short,,,,
3,11169,21,probe-too-short,,,,
9,2741,37,retrieved,9.47.14,2741,0,1.0
13,2181,35,retrieved,13.36.17,2181,0,0.968
3,14277,20,probe-too-short,,,,
3,10496,22,probe-too-short,,,,
1,3103,31,not-retrieved,,,,0.593
3,8639,22,probe-too-short,,,,
3,13637,41,retrieved,3.205.10,13656,-19,0.892
3,15839,14,probe-too-short,,,,
12,13414,18,probe-too-short,,,,
5,3998,46,retrieved,5.118.19,3947,51,0.707
7,3738,14,probe-too-short,,,,
12,9648,44,retrieved,12.269.13,9502,146,1.0
3,10667,31,retrieved,3.134.17,10720,-53,0.964
7,3110,48,retrieved,7.87.24,3110,0,0.929
12,10300,67,retrieved,12.284.27,10139,161,1.0
3,1202,25,retrieved,3.32.1,1202,0,1.0
3,13847,41,retrieved,3.209.6,13862,-15,1.0
1,5988,35,retrieved,1.153.27,6038,-50,1.0
1,5731,41,retrieved,1.144.17,5780,-49,1.0
3,12537,20,probe-too-short,,,,
3,526,50,retrieved,3.12.66,526,0,0.957
1,6141,38,retrieved,1.157.40,6197,-56,1.0
13,5892,40,retrieved,13.124.13,5892,0,0.882
5,1947,40,retrieved,5.49.30,1948,-1,0.919
12,11822,35,retrieved,12.318.98,11821,1,0.931
1,4572,40,retrieved,1.118.15,4572,0,0.946
3,15229,18,probe-too-short,,,,
2,1575,20,probe-too-short,,,,
14,2295,24,retrieved,14.78.42,2294,1,0.952
2,1546,18,probe-too-short,,,,
12,9153,17,probe-too-short,,,,
3,1283,20,probe-too-short,,,,
3,3888,39,not-retrieved,,,,0.0
1,6056,40,retrieved,1.155.15,6107,-51,1.0
1,5412,36,retrieved,1.136.34,5453,-41,1.0
1,1409,55,retrieved,1.30.26,1409,0,1.0
1,1183,28,retrieved,1.19.26,1183,0,1.0
1,1182,13,probe-too-short,,,,
4,826,39,retrieved,4.23.32,829,-3,0.806
14,568,21,probe-too-short,,,,
5,1030,16,probe-too-short,,,,
13,7253,28,retrieved,13.154.22,7254,-1,1.0
7,6793,20,probe-too-short,,,,
7,672,37,retrieved,7.16.54,672,0,0.853
12,1585,46,retrieved,12.46.33,1585,0,0.628
8,799,26,retrieved,8.20.30,799,0,1.0
6,5632,69,not-retrieved,,,,0.46
13,976,24,retrieved,13.14.383,974,2,0.762
3,17351,13,probe-too-short,,,,
3,11737,26,retrieved,3.160.77,11737,0,0.762
3,10896,37,retrieved,3.141.26,10946,-50,1.0
3,16235,14,probe-too-short,,,,
1,5627,40,retrieved,1.140.86,5675,-48,1.0
2,2355,83,retrieved,2.69.16,2356,-1,1.0
4,727,31,retrieved,4.22.33,726,1,1.0
13,1388,26,retrieved,13.19.8,1388,0,1.0
2,2294,40,retrieved,2.68.45,2295,-1,1.0
7,5229,36,retrieved,7.128.10,5218,11,1.0
1,6196,20,probe-too-short,,,,
3,8309,34,retrieved,3.87.13,8309,0,1.0
13,121,41,retrieved,13.2.37,122,-1,1.0
1,2210,15,probe-too-short,,,,
3,2303,24,retrieved,3.61.7,2303,0,1.0
3,373,18,probe-too-short,,,,
5,432,24,retrieved,5.14.5,429,3,1.0
2,1162,36,retrieved,2.31.58,1162,0,1.0
3,1803,29,retrieved,3.45.4,1804,-1,0.962
3,16625,21,probe-too-short,,,,
2,696,21,probe-too-short,,,,
1,3573,18,probe-too-short,,,,
3,884,19,probe-too-short,,,,
3,1355,14,probe-too-short,,,,
3,1120,27,retrieved,3.30.4,1120,0,0.792
1,5328,66,retrieved,1.134.16,5368,-40,0.683
2,2597,21,probe-too-short,,,,
12,8157,15,probe-too-short,,,,
6,1886,37,not-retrieved,,,,0.0
1,3647,34,retrieved,1.84.27,3472,175,0.871
12,8081,37,retrieved,12.223.24,7971,110,1.0
6,2212,40,retrieved,6.53.19,2212,0,0.694
2,133,17,probe-too-short,,,,
1,7649,16,probe-too-short,,,,
3,1783,38,retrieved,3.43.28,1783,0,1.0
3,15850,19,probe-too-short,,,,
1,4329,32,retrieved,1.108.8,4329,0,1.0
13,747,17,probe-too-short,,,,
12,12200,21,probe-too-short,,,,
1,7913,29,retrieved,1.219.8,7994,-81,0.885
3,1535,24,retrieved,3.38.20,1535,0,0.81
1,6569,19,probe-too-short,,,,
1,4809,40,retrieved,1.123.53,4809,0,0.861
3,11606,37,retrieved,3.158.83,11606,0,1.0
12,10299,27,retrieved,12.284.26,10138,161,0.833
6,75,19,probe-too-short,,,,
13,4095,36,retrieved,13.85.78,4093,2,1.0
1,252,34,retrieved,1.1.259,213,39,1.0
1,4810,18,probe-too-short,,,,
5,1184,39,retrieved,5.35.4,1185,-1,1.0
15,723,31,retrieved,15.27.9,723,0,1.0
14,1758,45,retrieved,14.59.8,1758,0,0.756
8,1836,20,probe-too-short,,,,
4,152,21,probe-too-short,,,,
3,14602,18,probe-too-short,,,,
3,4093,19,probe-too-short,,,,
5,3540,17,probe-too-short,,,,
9,2651,13,probe-too-short,,,,
2,1450,36,retrieved,2.41.18,1450,0,1.0
1,1217,28,retrieved,1.21.13,1217,0,1.0
13,1429,33,retrieved,13.19.49,1429,0,0.897
13,5103,15,probe-too-short,,,,
13,1427,22,probe-too-short,,,,
12,7662,20,probe-too-short,,,,
3,14562,59,retrieved,3.231.49,14562,0,0.698
14,2484,14,probe-too-short,,,,
2,1830,20,probe-too-short,,,,
3,4003,12,probe-too-short,,,,
1,3368,19,probe-too-short,,,,
4,180,11,probe-too-short,,,,
13,1611,39,retrieved,13.23.40,1611,0,1.0
2,26,35,retrieved,2.2.6,26,0,0.906
3,13432,39,retrieved,3.200.83,13432,0,1.0
5,2836,51,not-retrieved,,,,0.362
7,396,45,retrieved,7.11.15,396,0,1.0
3,13351,30,not-retrieved,,,,0.0
14,162,84,retrieved,14.7.10,162,0,0.949
7,1742,16,probe-too-short,,,,
13,3795,29,retrieved,13.80.11,3795,0,1.0
3,164,13,probe-too-short,,,,
13,3827,26,retrieved,13.81.25,3827,0,0.696
4,2238,18,probe-too-short,,,,
14,1392,39,retrieved,14.50.26,1392,0,1.0
1,7847,14,probe-too-short,,,,
3,6036,19,probe-too-short,,,,
3,10832,20,probe-too-short,,,,
5,7246,12,probe-too-short,,,,
4,2072,40,retrieved,4.64.36,2071,1,0.906
5,2776,31,retrieved,5.76.14,2756,20,1.0
4,2105,23,probe-too-short,,,,
3,1617,15,probe-too-short,,,,
5,7273,40,retrieved,5.184.7,7273,0,0.703
3,8173,32,retrieved,3.85.30,8172,1,0.828
7,9212,18,probe-too-short,,,,
3,643,24,retrieved,3.15.8,643,0,0.81
3,643,17,probe-too-short,,,,
12,2689,42,retrieved,12.69.94,2689,0,0.872
2,155,15,probe-too-short,,,,
3,11236,35,retrieved,3.149.12,11280,-44,1.0
1,6546,35,retrieved,1.171.31,6606,-60,1.0
14,86,37,retrieved,14.4.23,86,0,1.0
2,670,77,retrieved,2.16.11,669,1,0.942
7,2734,25,retrieved,7.78.3,2733,1,0.864
9,3585,19,probe-too-short,,,,
6,3897,37,retrieved,6.88.11,3897,0,1.0
7,3863,41,retrieved,7.103.21,3863,0,0.895
3,13954,41,retrieved,3.212.8,13954,0,1.0
3,1288,19,probe-too-short,,,,
1,6375,37,retrieved,1.167.20,6432,-57,0.882
3,8436,39,retrieved,3.92.5,8436,0,1.0
3,251,28,retrieved,3.5.12,251,0,1.0
1,7989,29,retrieved,1.221.28,8071,-82,1.0
2,2590,18,probe-too-short,,,,
12,3136,20,probe-too-short,,,,
13,284,40,retrieved,13.5.22,284,0,0.892
13,514,37,retrieved,13.11.8,514,0,1.0
14,255,30,retrieved,14.9.37,255,0,0.92
1,1886,20,probe-too-short,,,,
13,146,16,probe-too-short,,,,
1,3267,23,probe-too-short,,,,
3,11477,38,retrieved,3.157.27,11518,-41,1.0
3,1761,42,retrieved,3.43.6,1761,0,1.0
3,1828,22,probe-too-short,,,,
13,2992,80,retrieved,13.58.23,2992,0,0.959
3,646,14,probe-too-short,,,,
5,5270,78,retrieved,5.155.28,5191,79,1.0
4,245,24,retrieved,4.9.2,245,0,0.762
1,3010,14,probe-too-short,,,,
3,1828,22,probe-too-short,,,,
3,1196,12,probe-too-short,,,,
5,7246,21,probe-too-short,,,,
13,1462,12,probe-too-short,,,,
7,6436,34,retrieved,7.148.49,6432,4,1.0
12,3128,18,probe-too-short,,,,
1,2774,15,probe-too-short,,,,
1,1035,22,probe-too-short,,,,
3,17127,40,retrieved,3.308.2,17127,0,1.0
13,4099,19,probe-too-short,,,,
14,1096,35,retrieved,14.40.13,1096,0,1.0
2,2125,14,probe-too-short,,,,
3,173,18,probe-too-short,,,,
13,5876,19,probe-too-short,,,,
3,10613,17,probe-too-short,,,,
12,11274,16,probe-too-short,,,,
1,2621,29,retrieved,1.66.57,2621,0,1.0
6,5203,20,probe-too-short,,,,
3,14211,38,retrieved,3.222.4,14211,0,1.0
1,862,33,retrieved,1.4.12,825,37,1.0
3,10774,40,retrieved,3.137.3,10827,-53,1.0
1,7909,17,probe-too-short,,,,
9,669,41,retrieved,9.13.14,669,0,0.895
3,182,20,probe-too-short,,,,
1,2468,19,probe-too-short,,,,
1,72,42,retrieved,1.1.72,26,46,0.897
2,381,58,retrieved,2.9.29,382,-1,0.63
2,2324,80,retrieved,2.68.75,2325,-1,0.947
3,17179,19,probe-too-short,,,,
13,4349,37,retrieved,13.91.24,4349,0,1.0
1,2833,19,probe-too-short,,,,
7,5616,39,retrieved,7.137.2,5610,6,1.0
13,1228,13,probe-too-short,,,,
13,3121,17,probe-too-short,,,,
13,548,40,retrieved,13.12.21,548,0,0.892
1,4195,42,retrieved,1.104.26,4195,0,1.0
7,5743,38,retrieved,7.139.52,5743,0,1.0
3,694,22,probe-too-short,,,,
1,3213,17,probe-too-short,,,,
12,4877,80,retrieved,12.135.26,4824,53,1.0
6,2230,39,retrieved,6.53.37,2230,0,0.833
12,5399,19,probe-too-short,,,,
1,6025,35,retrieved,1.154.19,6075,-50,0.875
5,350,42,retrieved,5.11.9,350,0,0.816
3,8846,20,probe-too-short,,,,
6,472,13,probe-too-short,,,,
3,2751,53,retrieved,3.70.8,2751,0,1.0
3,10835,26,retrieved,3.139.16,10887,-52,1.0
6,3131,40,retrieved,6.71.13,3137,-6,0.917
13,5733,82,not-retrieved,,,,0.493
1,7576,48,retrieved,1.207.32,7642,-66,0.886
13,3844,40,retrieved,13.81.42,3844,0,1.0
4,2362,14,probe-too-short,,,,
9,3268,79,retrieved,9.58.23,3268,0,1.0
14,1934,37,retrieved,14.65.22,1934,0,1.0
2,525,16,probe-too-short,,,,
1,7675,22,probe-too-short,,,,
5,1143,70,retrieved,5.34.49,1142,1,1.0
2,1441,66,retrieved,2.41.9,1441,0,0.968
8,2031,39,retrieved,8.44.8,2031,0,1.0
2,825,37,retrieved,2.21.28,825,0,1.0
8,3650,17,probe-too-short,,,,
5,2572,25,retrieved,5.70.14,2573,-1,0.773
12,5303,78,retrieved,12.140.56,5249,54,1.0
13,914,24,retrieved,13.14.321,912,2,0.81
5,3560,17,probe-too-short,,,,
7,8097,15,probe-too-short,,,,
1,7338,50,retrieved,1.198.10,7404,-66,1.0
3,12341,14,probe-too-short,,,,
4,891,15,probe-too-short,,,,
6,3321,77,not-retrieved,,,,0.479
5,1536,116,retrieved,5.40.5,1537,-1,0.657
1,1444,19,probe-too-short,,,,
9,360,81,retrieved,9.7.40,360,0,0.934
4,284,27,retrieved,4.10.5,284,0,0.696
4,67,38,retrieved,4.3.8,67,0,0.882
8,2050,20,probe-too-short,,,,
12,6798,38,retrieved,12.182.33,6714,84,1.0
3,16350,38,retrieved,3.284.28,16348,2,1.0
3,14562,80,not-retrieved,,,,0.541
9,585,16,probe-too-short,,,,
4,262,27,retrieved,4.9.19,262,0,0.833
13,847,32,retrieved,13.14.254,845,2,0.897
4,1419,27,retrieved,4.45.26,1419,0,0.833
3,10066,29,retrieved,3.112.16,10103,-37,1.0
4,244,17,probe-too-short,,,,
1,80,30,retrieved,1.1.80,34,46,0.875
13,694,13,probe-too-short,,,,
12,9121,37,retrieved,12.254.6,8997,124,1.0
1,80,30,retrieved,1.1.80,34,46,0.875
1,7330,28,retrieved,1.198.2,7396,-66,1.0
14,2039,75,not-retrieved,,,,0.586
3,10600,12,probe-too-short,,,,
1,7051,18,probe-too-short,,,,
3,12755,23,probe-too-short,,,,
1,4457,38,retrieved,1.113.33,4457,0,1.0
3,2090,24,retrieved,3.53.19,2091,-1,1.0
13,29,29,retrieved,13.1.29,29,0,0.692
13,2239,34,retrieved,13.39.8,2239,0,0.793
3,202,32,retrieved,3.3.72,202,0,1.0
3,16698,44,retrieved,3.295.8,16668,30,0.895
1,3470,23,probe-too-short,,,,
13,4020,41,retrieved,13.85.6,4021,-1,1.0
3,16708,74,retrieved,3.295.18,16678,30,0.884
3,15107,14,probe-too-short,,,,
5,7068,52,retrieved,5.178.42,7069,-1,0.939
1,6299,38,retrieved,1.164.5,6356,-57,1.0
2,2709,20,probe-too-short,,,,
8,3281,33,retrieved,8.64.67,3283,-2,1.0
12,4994,43,retrieved,12.138.83,4942,52,1.0
4,1269,19,probe-too-short,,,,
1,5482,37,retrieved,1.138.44,5529,-47,0.882
4,996,81,not-retrieved,,,,0.506
1,3158,22,probe-too-short,,,,
3,1666,21,probe-too-short,,,,
1,6099,38,retrieved,1.156.16,6154,-55,0.853
2,895,35,retrieved,2.23.6,895,0,1.0
14,250,34,retrieved,14.9.32,250,0,1.0
3,1705,31,retrieved,3.41.41,1705,0,0.714
3,16430,41,retrieved,3.287.22,16403,27,0.921
7,7880,14,probe-too-short,,,,
12,5206,28,retrieved,12.139.73,5153,53,1.0
3,2811,46,retrieved,3.72.4,2811,0,0.762
6,6346,18,probe-too-short,,,,
4,999,30,retrieved,4.30.27,997,2,1.0
4,1217,42,retrieved,4.37.22,1217,0,1.0
1,4980,30,retrieved,1.128.17,4980,0,0.815
12,83,34,retrieved,12.3.9,82,1,1.0
3,14357,31,retrieved,3.226.19,14360,-3,0.857
12,9177,38,retrieved,12.257.13,9052,125,0.886
13,1998,42,retrieved,13.30.59,1998,0,0.897
13,1919,32,retrieved,13.29.7,1920,-1,0.897
1,4983,28,retrieved,1.128.20,4983,0,0.96
1,6232,36,retrieved,1.163.26,6349,-117,1.0
1,1586,31,retrieved,1.36.23,1554,32,0.893
4,215,27,retrieved,4.7.1,215,0,1.0
13,4118,42,retrieved,13.85.101,4116,2,1.0
13,6550,40,retrieved,13.142.45,6549,1,1.0
13,2594,38,retrieved,13.48.32,2594,0,1.0
7,1170,40,not-retrieved,,,,0.568
15,449,38,retrieved,15.16.9,450,-1,1.0
3,978,83,retrieved,3.26.15,978,0,0.947
1,4129,64,not-retrieved,,,,0.55
12,2663,38,retrieved,12.69.68,2663,0,1.0
13,173,79,retrieved,13.2.89,174,-1,0.961
12,3445,65,retrieved,12.91.43,3445,0,0.935
13,4435,29,retrieved,13.93.40,4435,0,1.0
2,37,26,retrieved,2.2.17,37,0,1.0
4,2209,51,retrieved,4.68.47,2208,1,0.938
3,1774,44,retrieved,3.43.19,1774,0,1.0
1,1854,19,probe-too-short,,,,
14,239,27,retrieved,14.9.21,239,0,1.0
1,1790,39,retrieved,1.43.25,1790,0,0.722
12,2705,41,retrieved,12.70.5,2683,22,0.842
15,220,39,retrieved,15.6.7,220,0,1.0
3,12226,40,retrieved,3.173.29,12259,-33,0.946
4,2086,13,probe-too-short,,,,
3,15602,27,retrieved,3.266.1,15630,-28,0.875
2,737,34,retrieved,2.18.9,736,1,0.871
12,2654,90,retrieved,12.69.59,2654,0,0.829
7,5235,78,retrieved,7.128.17,5225,10,1.0
3,12150,17,probe-too-short,,,,
5,1356,20,probe-too-short,,,,
12,3850,48,retrieved,12.104.3,3850,0,0.889
12,8791,80,retrieved,12.240.24,8671,120,1.0
1,8192,37,retrieved,1.225.20,8289,-97,1.0
4,222,58,retrieved,4.7.9,223,-1,1.0
3,133,19,probe-too-short,,,,
6,2802,37,retrieved,6.63.23,2802,0,1.0
3,2168,45,retrieved,3.56.9,2168,0,0.905
1,4567,42,retrieved,1.118.10,4567,0,1.0
13,7292,12,probe-too-short,,,,
1,1166,21,probe-too-short,,,,
1,1153,51,retrieved,1.18.42,1115,38,1.0
1,7677,32,retrieved,1.210.26,7745,-68,1.0
3,2555,18,probe-too-short,,,,
3,842,18,probe-too-short,,,,
6,4566,42,retrieved,6.100.37,4566,0,1.0
7,5636,56,retrieved,7.137.22,5630,6,0.865
13,913,19,probe-too-short,,,,
16,142,38,retrieved,16.5.10,142,0,1.0
3,10378,76,retrieved,3.124.8,10439,-61,1.0
4,1351,19,probe-too-short,,,,
3,581,24,retrieved,3.12.121,581,0,1.0
13,2051,42,retrieved,13.32.8,2051,0,1.0
3,1780,25,retrieved,3.43.25,1780,0,1.0
13,2283,26,retrieved,13.40.36,2282,1,1.0
14,1197,15,probe-too-short,,,,
14,1309,40,retrieved,14.46.51,1309,0,1.0
12,6288,41,retrieved,12.118.15,4272,2016,1.0
13,4133,40,retrieved,13.85.116,4131,2,0.811
12,7313,38,retrieved,12.199.111,7218,95,0.882
5,1466,36,retrieved,5.39.21,1466,0,0.879
7,1125,20,probe-too-short,,,,
2,1191,36,retrieved,2.32.9,1191,0,1.0
1,3637,38,retrieved,1.91.11,3637,0,1.0
13,2179,77,retrieved,13.36.15,2179,0,0.89
1,6658,20,probe-too-short,,,,
12,4069,80,retrieved,12.110.17,4029,40,0.961
2,2270,64,retrieved,2.68.20,2270,0,0.721
13,2574,41,retrieved,13.48.13,2575,-1,1.0
8,4564,27,retrieved,8.89.41,4564,0,1.0
7,8918,37,retrieved,7.193.25,8917,1,1.0
12,877,28,retrieved,12.28.44,875,2,1.0
3,12390,12,probe-too-short,,,,
6,5680,39,retrieved,6.119.113,5696,-16,1.0
3,13932,48,retrieved,3.211.13,13932,0,1.0
13,1403,19,probe-too-short,,,,
7,4337,42,retrieved,7.112.47,4338,-1,1.0
13,5091,37,retrieved,13.104.136,5090,1,0.941
14,579,21,probe-too-short,,,,
12,3024,81,retrieved,12.81.1,3024,0,1.0
8,4404,41,retrieved,8.87.32,4404,0,1.0
2,2037,25,retrieved,2.59.8,2037,0,1.0
2,2499,26,retrieved,2.76.9,2498,1,1.0
8,4402,29,retrieved,8.87.31,4403,-1,0.808
8,3763,39,retrieved,8.74.15,3763,0,1.0
2,1968,35,retrieved,2.56.3,1967,1,1.0
2,2384,32,retrieved,2.71.5,2384,0,1.0
3,14541,43,retrieved,3.231.27,14540,1,1.0
3,13730,77,retrieved,3.207.29,13729,1,0.944
3,16713,42,retrieved,3.295.23,16683,30,1.0
12,7513,33,retrieved,12.206.28,7416,97,0.966
13,4694,39,retrieved,13.98.18,4694,0,1.0
5,1100,26,retrieved,5.34.7,1100,0,1.0
1,4489,22,probe-too-short,,,,
1,8142,39,retrieved,1.223.67,8232,-90,1.0
3,16775,18,probe-too-short,,,,
5,256,38,retrieved,5.9.28,256,0,0.794
3,1381,39,retrieved,3.35.6,1381,0,1.0
3,14702,26,retrieved,3.233.54,14702,0,1.0
12,3812,35,retrieved,12.103.19,3812,0,0.906
3,17158,29,retrieved,3.309.6,17158,0,0.923
12,7111,19,probe-too-short,,,,
12,6403,25,retrieved,12.141.29,5293,1110,0.682
7,7742,82,retrieved,7.172.8,7751,-9,0.859
7,9401,45,retrieved,7.201.11,9404,-3,1.0
14,2521,79,retrieved,14.85.12,2521,0,0.947
11,462,21,probe-too-short,,,,
4,354,21,probe-too-short,,,,
2,1674,26,retrieved,2.47.12,1673,1,0.957
4,1494,41,retrieved,4.47.23,1493,1,0.973
7,8584,37,retrieved,7.188.11,8584,0,0.806
7,3512,59,retrieved,7.95.22,3507,5,0.891
5,9,20,probe-too-short,,,,
5,5890,22,probe-too-short,,,,
5,5248,20,probe-too-short,,,,
1,5374,22,probe-too-short,,,,
1,6680,24,retrieved,1.175.33,6743,-63,1.0
8,697,31,retrieved,8.18.12,738,-41,1.0
12,12405,46,retrieved,12.328.41,12405,0,0.872
3,9929,50,retrieved,3.108.10,9936,-7,0.717
8,1797,57,retrieved,8.39.17,1797,0,0.926
1,1133,84,retrieved,1.18.22,1095,38,1.0
2,1485,38,retrieved,2.42.12,1487,-2,1.0
2,1558,45,retrieved,2.44.40,1558,0,1.0
3,17198,28,retrieved,3.310.21,17198,0,0.783
13,3441,40,retrieved,13.69.12,3441,0,1.0
1,5618,22,probe-too-short,,,,
3,13155,41,retrieved,3.192.14,13154,1,0.892
13,4557,17,probe-too-short,,,,
14,2773,37,retrieved,14.90.83,2771,2,0.903
1,5321,15,probe-too-short,,,,
13,522,23,probe-too-short,,,,
3,647,35,retrieved,3.15.12,647,0,1.0
12,3637,17,probe-too-short,,,,
12,5349,44,retrieved,12.141.31,5295,54,1.0
3,2512,33,retrieved,3.64.113,2513,-1,0.6
3,15433,39,retrieved,3.260.29,15433,0,1.0
3,10406,19,probe-too-short,,,,
3,2406,22,probe-too-short,,,,
12,10386,25,retrieved,12.284.112,10224,162,0.727
3,12789,28,retrieved,3.187.44,12786,3,0.84
3,12084,20,probe-too-short,,,,
9,3239,42,retrieved,9.57.64,3224,15,1.0
7,7301,27,retrieved,7.163.22,7314,-13,0.818
1,2089,30,retrieved,1.54.23,2059,30,1.0
11,522,20,probe-too-short,,,,
3,11141,27,retrieved,3.146.72,11188,-47,1.0
1,6374,36,retrieved,1.167.19,6431,-57,1.0
12,10375,45,retrieved,12.284.101,10213,162,1.0
9,1334,16,probe-too-short,,,,
2,215,60,retrieved,2.5.81,215,0,0.92
2,65,38,retrieved,2.3.8,65,0,1.0
1,5781,22,probe-too-short,,,,
7,5228,40,retrieved,7.128.9,5217,11,1.0
9,2940,30,retrieved,9.51.16,2940,0,0.852
1,8000,21,probe-too-short,,,,
15,135,24,retrieved,15.3.75,135,0,1.0
3,14504,40,retrieved,3.230.50,14503,1,0.944
1,7982,25,retrieved,1.221.21,8064,-82,0.85
13,2650,29,retrieved,13.50.10,2650,0,0.808
4,2319,21,probe-too-short,,,,
14,2396,23,probe-too-short,,,,
5,4059,44,retrieved,5.121.12,4007,52,0.854
13,4900,27,retrieved,13.102.58,4900,0,1.0
11,616,29,retrieved,11.21.14,616,0,1.0
3,12844,32,retrieved,3.188.40,12844,0,1.0
7,5135,10,probe-too-short,,,,
3,10659,18,probe-too-short,,,,
1,3118,82,retrieved,1.74.127,3114,4,1.0
3,641,18,probe-too-short,,,,
3,8214,36,retrieved,3.85.72,8214,0,1.0
1,6257,43,retrieved,1.162.17,6314,-57,1.0
13,7570,43,retrieved,13.162.38,7569,1,1.0
3,8221,40,retrieved,3.85.78,8220,1,1.0
1,7021,38,retrieved,1.187.17,7087,-66,0.912
8,3384,26,retrieved,8.68.5,3380,4,1.0
3,2276,23,probe-too-short,,,,
5,3337,41,retrieved,5.94.8,3294,43,1.0
3,601,20,probe-too-short,,,,
12,6676,52,retrieved,12.179.24,6594,82,0.918
1,3272,35,retrieved,1.77.17,3251,21,0.906
1,26,16,probe-too-short,,,,
2,634,39,retrieved,2.14.70,634,0,0.917
1,1025,34,retrieved,1.13.6,991,34,0.903
1,4654,36,retrieved,1.120.15,4654,0,0.909
1,8331,15,probe-too-short,,,,
1,2199,25,retrieved,1.59.2,2199,0,0.818
6,253,83,retrieved,6.7.1,254,-1,0.756
13,2156,39,retrieved,13.35.15,2156,0,1.0
8,3920,23,probe-too-short,,,,
7,2142,12,probe-too-short,,,,
1,6752,18,probe-too-short,,,,
3,790,17,probe-too-short,,,,
9,446,20,probe-too-short,,,,
1,1822,47,retrieved,1.45.10,1786,36,1.0
3,10661,12,probe-too-short,,,,
12,5697,20,probe-too-short,,,,
1,258,22,probe-too-short,,,,
3,655,41,retrieved,3.15.20,655,0,0.946
9,221,22,probe-too-short,,,,
3,13848,28,retrieved,3.209.7,13863,-15,1.0
5,2978,59,retrieved,5.83.59,2978,0,0.982
13,5063,21,probe-too-short,,,,
3,10540,37,retrieved,3.130.5,10597,-57,1.0
13,2359,20,probe-too-short,,,,
15,668,16,probe-too-short,,,,
3,11699,27,retrieved,3.160.39,11699,0,0.667
7,2249,39,retrieved,7.60.1,2249,0,1.0
1,3071,38,retrieved,1.74.84,3071,0,1.0
3,2355,22,probe-too-short,,,,
3,12655,18,probe-too-short,,,,
3,12927,33,retrieved,3.188.122,12926,1,0.967
1,8442,37,retrieved,1.233.14,8540,-98,1.0
14,534,27,retrieved,14.19.3,534,0,0.958
1,1734,39,retrieved,1.42.10,1734,0,1.0
15,91,30,retrieved,15.3.31,91,0,0.852
3,10030,37,retrieved,3.111.4,10061,-31,1.0
1,7910,26,retrieved,1.219.5,7991,-81,0.87
3,12850,33,retrieved,3.188.45,12849,1,0.9
3,15659,44,retrieved,3.268.21,15658,1,0.8
12,8387,40,retrieved,12.228.55,8272,115,1.0
1,3889,20,probe-too-short,,,,
3,2989,40,retrieved,3.76.34,2989,0,1.0
12,9566,37,retrieved,12.267.8,9421,145,1.0
3,2208,37,retrieved,3.57.18,2209,-1,1.0
4,457,52,retrieved,4.16.6,457,0,1.0
1,3234,60,retrieved,1.76.52,3235,-1,1.0
3,12869,46,retrieved,3.188.64,12868,1,0.953
12,3779,40,retrieved,12.102.27,3779,0,1.0
3,2651,17,probe-too-short,,,,
3,10837,23,probe-too-short,,,,
3,8581,20,probe-too-short,,,,
1,7259,30,retrieved,1.196.8,7326,-67,0.963
1,4585,15,probe-too-short,,,,
12,9719,38,retrieved,12.270.13,9570,149,1.0
13,3968,28,retrieved,13.84.38,3970,-2,0.88
18,95,37,retrieved,18.3.16,96,-1,1.0
2,509,20,probe-too-short,,,,
1,7514,29,retrieved,1.205.27,7581,-67,0.923
14,1733,41,retrieved,14.58.43,1733,0,1.0
15,46,32,retrieved,15.2.18,32,14,0.759
8,1281,36,retrieved,8.31.32,1281,0,1.0
3,10088,28,retrieved,3.113.19,10133,-45,0.84
5,917,39,retrieved,5.31.2,917,0,1.0
3,12466,39,retrieved,3.180.17,12467,-1,0.889
16,43,40,retrieved,16.2.11,43,0,1.0
1,7255,13,probe-too-short,,,,
1,4720,25,retrieved,1.122.5,4719,1,0.864
7,9062,26,retrieved,7.196.34,9062,0,1.0
3,2884,37,retrieved,3.73.31,2882,2,1.0
1,769,34,retrieved,1.3.106,771,-2,1.0
1,8235,46,retrieved,1.227.3,8331,-96,0.884
6,4543,72,not-retrieved,,,,0.522
3,14028,39,retrieved,3.214.28,14040,-12,1.0
1,3977,42,retrieved,1.100.11,3977,0,0.906
12,2342,19,probe-too-short,,,,
12,4195,37,retrieved,12.112.21,4153,42,1.0
14,815,37,retrieved,14.28.27,814,1,1.0
13,4643,74,retrieved,13.96.15,4643,0,1.0
12,12742,35,retrieved,12.335.46,12738,4,1.0
12,3766,41,retrieved,12.102.14,3766,0,1.0
4,1906,81,retrieved,4.59.6,1906,0,0.923
3,17353,16,probe-too-short,,,,
3,15558,30,retrieved,3.263.37,15557,1,1.0
1,3931,29,retrieved,1.99.12,3931,0,1.0
7,495,15,probe-too-short,,,,
3,11432,15,probe-too-short,,,,
1,8442,75,retrieved,1.233.14,8540,-98,0.972
3,1866,81,retrieved,3.46.50,1867,-1,1.0
3,12654,15,probe-too-short,,,,
12,3826,20,probe-too-short,,,,
14,1344,17,probe-too-short,,,,
4,235,56,retrieved,4.8.5,235,0,0.811
7,1451,53,retrieved,7.32.79,1451,0,1.0
7,644,43,retrieved,7.16.26,644,0,1.0
3,10288,20,probe-too-short,,,,
12,6669,25,not-retrieved,,,,0.0
1,3932,14,probe-too-short,,,,
2,2038,34,not-retrieved,,,,0.581
1,3169,27,retrieved,1.75.45,3170,-1,1.0
12,7002,31,retrieved,12.192.1,6916,86,1.0
3,1366,34,retrieved,3.34.13,1366,0,0.867
1,3606,22,probe-too-short,,,,
12,11022,40,retrieved,12.299.31,11019,3,0.917
12,6369,20,probe-too-short,,,,
13,3044,53,retrieved,13.60.1,3044,0,1.0
1,3628,26,retrieved,1.91.2,3628,0,1.0
3,497,39,retrieved,3.12.38,498,-1,1.0
1,7259,42,retrieved,1.196.8,7326,-67,1.0
2,2371,21,probe-too-short,,,,
13,2588,37,retrieved,13.48.26,2588,0,0.879
6,1787,65,not-retrieved,,,,0.467
3,643,17,probe-too-short,,,,
1,7890,82,retrieved,1.218.6,7971,-81,1.0
1,726,26,retrieved,1.3.61,726,0,1.0
2,1589,18,probe-too-short,,,,
3,10065,16,probe-too-short,,,,
2,2548,22,probe-too-short,,,,
1,2910,20,probe-too-short,,,,
2,2629,35,retrieved,2.80.10,2629,0,1.0
1,2910,22,probe-too-short,,,,
1,3727,37,retrieved,1.94.37,3727,0,1.0
3,11185,38,retrieved,3.147.19,11231,-46,1.0
3,11095,33,retrieved,3.146.26,11142,-47,0.9
14,482,38,retrieved,14.17.28,482,0,1.0
1,5743,41,retrieved,1.138.34,5519,224,0.816
12,4090,43,retrieved,12.111.8,4050,40,1.0
3,1504,41,retrieved,3.37.48,1504,0,1.0
12,5814,28,retrieved,12.154.14,5751,63,0.88
13,2070,18,probe-too-short,,,,
5,3109,25,retrieved,5.89.9,3070,39,0.909
2,1420,35,retrieved,2.40.3,1423,-3,1.0
7,544,21,probe-too-short,,,,
4,1959,36,retrieved,4.61.9,1958,1,1.0
3,11249,22,probe-too-short,,,,
2,2548,20,probe-too-short,,,,
1,7774,19,probe-too-short,,,,
1,1336,20,probe-too-short,,,,
14,559,27,not-retrieved,,,,0.0
3,15141,19,probe-too-short,,,,
1,1184,19,probe-too-short,,,,
12,2226,22,probe-too-short,,,,
7,1614,37,retrieved,7.37.29,1616,-2,1.0
10,627,39,retrieved,10.12.22,627,0,0.889
12,7182,17,probe-too-short,,,,
13,5160,15,probe-too-short,,,,
12,3708,35,retrieved,12.100.27,3708,0,1.0
3,1319,42,retrieved,3.33.56,1319,0,1.0
5,2758,35,retrieved,5.75.19,2758,0,0.935
3,10296,40,retrieved,3.121.6,10360,-64,1.0
12,2646,88,retrieved,12.69.51,2646,0,0.951
12,1007,54,retrieved,12.29.114,1007,0,0.918
1,3905,57,retrieved,1.98.10,3891,14,0.962
3,8227,40,retrieved,3.85.85,8227,0,1.0
5,2307,21,probe-too-short,,,,
5,4101,39,retrieved,5.123.5,4046,55,1.0
13,2566,30,retrieved,13.48.5,2567,-1,0.852
7,372,22,probe-too-short,,,,
13,1163,10,probe-too-short,,,,
14,759,9,probe-too-short,,,,
6,3545,39,retrieved,6.81.15,3545,0,0.677
13,2161,17,probe-too-short,,,,
2,536,23,probe-too-short,,,,
1,7719,14,probe-too-short,,,,
11,798,61,retrieved,11.26.43,798,0,0.684
3,860,13,probe-too-short,,,,
14,401,28,retrieved,14.15.30,401,0,0.72
3,1378,35,retrieved,3.35.3,1378,0,1.0
3,13151,18,probe-too-short,,,,
1,3993,26,retrieved,1.100.27,3993,0,1.0
13,1393,18,probe-too-short,,,,
12,5952,34,retrieved,12.160.27,5887,65,1.0
2,2304,36,retrieved,2.68.55,2305,-1,0.848
7,7242,39,retrieved,7.162.19,7242,0,1.0
3,11026,30,retrieved,3.145.13,11075,-49,1.0
14,538,17,probe-too-short,,,,
13,6275,13,probe-too-short,,,,
3,12171,75,retrieved,3.172.10,12171,0,1.0
12,8501,38,retrieved,12.231.24,8386,115,1.0
3,11034,15,probe-too-short,,,,
13,4460,24,retrieved,13.93.64,4459,1,1.0
3,11969,28,retrieved,3.167.35,11969,0,1.0
3,859,29,retrieved,3.22.11,859,0,0.923
1,7627,18,probe-too-short,,,,
3,10517,35,retrieved,3.129.5,10575,-58,1.0
5,7214,26,retrieved,5.181.14,7214,0,0.955
3,650,24,retrieved,3.15.15,650,0,0.762
1,7720,20,probe-too-short,,,,
5,1865,80,retrieved,5.48.57,1864,1,1.0
14,509,40,retrieved,14.18.13,509,0,0.909
12,1702,18,probe-too-short,,,,
5,1111,74,retrieved,5.34.18,1111,0,1.0
13,3079,19,probe-too-short,,,,
13,6447,18,probe-too-short,,,,
6,3327,24,not-retrieved,,,,0.0
9,3620,21,probe-too-short,,,,
3,10676,26,retrieved,3.134.26,10729,-53,1.0
9,6,21,probe-too-short,,,,
1,4136,19,probe-too-short,,,,
3,2818,21,probe-too-short,,,,
3,10323,37,retrieved,3.122.8,10386,-63,0.941
5,6088,22,probe-too-short,,,,
3,2660,18,probe-too-short,,,,
2,1398,28,retrieved,2.38.31,1399,-1,1.0
12,418,22,probe-too-short,,,,
6,3855,35,not-retrieved,,,,0.0
12,9890,42,retrieved,12.275.17,9740,150,1.0
1,3616,49,retrieved,1.90.17,3616,0,0.935
18,74,36,retrieved,18.2.48,74,0,1.0
3,14877,27,retrieved,3.240.28,14876,1,1.0
12,12544,18,probe-too-short,,,,
3,13340,38,retrieved,3.199.10,13364,-24,0.914
3,14668,18,probe-too-short,,,,
13,2605,50,retrieved,13.48.43,2605,0,1.0
13,7692,19,probe-too-short,,,,
4,1360,18,probe-too-short,,,,
6,1662,16,probe-too-short,,,,
12,988,21,probe-too-short,,,,
1,1053,19,probe-too-short,,,,
1,7690,38,retrieved,1.211.12,7758,-68,1.0
3,2399,39,retrieved,3.63.38,2399,0,1.0
3,9916,19,probe-too-short,,,,
3,1714,30,retrieved,3.42.1,1714,0,0.926
2,1490,40,retrieved,2.42.17,1492,-2,1.0
3,2642,21,probe-too-short,,,,
4,1534,38,retrieved,4.49.5,1535,-1,1.0
14,568,41,retrieved,14.19.36,567,1,1.0
3,12231,15,probe-too-short,,,,
3,8820,20,probe-too-short,,,,
8,4230,28,retrieved,8.83.15,4222,8,1.0
1,4885,24,retrieved,1.125.20,4885,0,0.9
2,1696,19,probe-too-short,,,,
3,1445,21,probe-too-short,,,,
1,4296,41,retrieved,1.106.23,4297,-1,1.0
4,908,14,probe-too-short,,,,
1,7687,21,probe-too-short,,,,
14,59,20,probe-too-short,,,,
7,5551,21,probe-too-short,,,,
1,548,40,retrieved,1.2.277,506,42,1.0
12,1126,65,retrieved,12.31.39,1126,0,0.967
2,242,41,retrieved,2.5.107,241,1,1.0
13,2405,41,retrieved,13.44.2,2405,0,1.0
13,1373,27,retrieved,13.18.76,1373,0,1.0
12,9549,40,retrieved,12.266.69,9404,145,0.912
12,9484,25,retrieved,12.266.4,9339,145,1.0
13,4617,33,retrieved,13.95.17,4617,0,0.867
13,4556,28,retrieved,13.94.10,4556,0,1.0
13,392,16,probe-too-short,,,,
1,4247,19,probe-too-short,,,,
1,6412,13,probe-too-short,,,,
12,9547,36,retrieved,12.266.67,9402,145,1.0
1,3217,16,probe-too-short,,,,
7,1320,13,probe-too-short,,,,
3,12445,35,retrieved,3.179.50,12477,-32,1.0
3,12628,38,retrieved,3.183.72,12628,0,1.0
13,826,45,retrieved,13.14.234,825,1,1.0
16,38,23,probe-too-short,,,,
9,3052,16,probe-too-short,,,,
1,3638,51,retrieved,1.91.12,3638,0,0.854
6,4102,41,retrieved,6.92.7,4102,0,0.892
13,35,27,retrieved,13.1.35,35,0,1.0
3,1818,21,probe-too-short,,,,
13,366,62,retrieved,13.7.23,366,0,1.0
13,2740,30,retrieved,13.52.25,2740,0,1.0
13,2439,37,retrieved,13.44.36,2439,0,1.0
8,1637,20,probe-too-short,,,,
3,11396,30,retrieved,3.155.2,11438,-42,0.889
1,2913,37,retrieved,1.71.19,2895,18,1.0
14,2387,36,retrieved,14.80.47,2387,0,1.0
7,5202,29,retrieved,7.127.59,5202,0,0.846
1,8102,47,not-retrieved,,,,0.442
1,575,19,probe-too-short,,,,
7,559,44,retrieved,7.14.65,559,0,0.805
3,12238,20,probe-too-short,,,,
5,513,56,retrieved,5.16.29,510,3,0.922
3,12292,34,retrieved,3.175.2,12324,-32,0.903
8,4954,60,retrieved,8.94.59,4962,-8,1.0
13,4560,25,retrieved,13.94.14,4560,0,1.0
14,1016,36,retrieved,14.36.30,1016,0,1.0
1,8047,14,probe-too-short,,,,
6,5764,13,probe-too-short,,,,
3,14663,40,retrieved,3.233.15,14663,0,1.0
3,12133,28,not-retrieved,,,,0.0
1,6290,31,retrieved,1.163.24,6347,-57,1.0
8,456,13,probe-too-short,,,,
1,4773,41,retrieved,1.123.16,4772,1,1.0
7,1394,39,retrieved,7.32.22,1394,0,1.0
1,3225,15,probe-too-short,,,,
6,5424,19,probe-too-short,,,,
12,6999,45,retrieved,12.191.16,6913,86,0.9
3,13916,37,retrieved,3.210.19,13931,-15,1.0
3,10754,16,probe-too-short,,,,
14,529,39,retrieved,14.18.33,529,0,1.0
12,2449,37,retrieved,12.65.33,2449,0,1.0
7,6935,10,probe-too-short,,,,
7,2095,24,not-retrieved,,,,0.0
1,2403,43,retrieved,1.104.37,4206,-1803,0.875
9,1806,39,retrieved,9.31.64,1806,0,1.0
12,986,11,probe-too-short,,,,
13,5809,116,retrieved,13.120.17,5810,-1,0.66
5,2714,49,retrieved,5.73.41,2715,-1,0.696
8,4380,25,not-retrieved,,,,0.0
5,1679,36,retrieved,5.43.59,1679,0,1.0
3,2542,36,retrieved,3.65.11,2542,0,1.0
3,13981,50,retrieved,3.213.22,13981,0,1.0
13,4676,30,retrieved,13.97.25,4675,1,0.815
7,6018,19,probe-too-short,,,,
12,6839,27,retrieved,12.184.19,6755,84,0.625
7,3168,80,retrieved,7.89.19,3168,0,0.984
8,816,60,retrieved,8.20.47,816,0,0.947
3,517,48,retrieved,3.12.58,518,-1,1.0
13,4815,37,retrieved,13.101.3,4815,0,1.0
5,1855,57,retrieved,5.48.47,1854,1,0.852
3,2923,40,retrieved,3.75.3,2924,-1,0.889
12,6363,18,probe-too-short,,,,
12,4919,22,probe-too-short,,,,
12,6837,39,retrieved,12.184.17,6753,84,1.0
2,69,78,not-retrieved,,,,0.543
12,2637,43,retrieved,12.69.42,2637,0,0.923
7,76,32,retrieved,7.2.25,76,0,0.759
1,3740,17,probe-too-short,,,,
1,4994,19,probe-too-short,,,,
3,12725,29,retrieved,3.186.11,12725,0,0.84
12,2708,39,retrieved,12.70.8,2686,22,1.0
13,71,37,retrieved,13.1.71,71,0,1.0
13,41,14,probe-too-short,,,,
5,72,41,retrieved,5.4.9,72,0,1.0
5,4600,17,probe-too-short,,,,
5,1653,43,retrieved,5.43.34,1654,-1,1.0
1,6659,42,retrieved,1.175.11,6721,-62,0.909
12,4315,51,retrieved,12.118.13,4270,45,0.878
12,7049,42,retrieved,12.193.18,6960,89,0.897
3,12240,29,retrieved,3.173.43,12273,-33,0.8
13,5521,36,retrieved,13.111.123,5521,0,0.848
8,1506,19,probe-too-short,,,,
2,2357,24,retrieved,2.69.18,2358,-1,1.0
3,12716,51,retrieved,3.186.2,12716,0,0.921
15,463,20,probe-too-short,,,,
3,16699,14,probe-too-short,,,,
14,455,40,retrieved,14.17.2,456,-1,1.0
1,5190,41,retrieved,1.131.58,5190,0,1.0
5,1089,57,retrieved,5.33.119,1089,0,1.0
13,2183,29,retrieved,13.36.19,2183,0,0.885
1,7730,23,probe-too-short,,,,
3,14141,38,retrieved,3.219.12,14141,0,1.0
1,2915,18,probe-too-short,,,,
3,15920,40,retrieved,3.275.32,15920,0,1.0
13,324,68,retrieved,13.6.30,324,0,1.0
7,5220,32,retrieved,7.128.2,5210,10,1.0
3,14456,21,probe-too-short,,,,
3,11614,26,retrieved,3.158.91,11614,0,0.739
7,6449,42,not-retrieved,,,,0.0
3,11254,22,probe-too-short,,,,
3,2314,17,probe-too-short,,,,
3,8640,34,retrieved,3.99.25,8641,-1,0.774
3,9943,44,retrieved,3.108.24,9950,-7,0.829
14,517,39,retrieved,14.18.21,517,0,1.0
3,10827,34,retrieved,3.139.8,10879,-52,1.0
7,1717,53,retrieved,7.41.4,1720,-3,0.938
7,7515,46,retrieved,7.168.4,7526,-11,0.93
1,4169,22,probe-too-short,,,,
5,3544,44,retrieved,5.98.23,3498,46,0.838
1,6348,40,retrieved,1.166.21,6405,-57,0.757
1,5478,18,probe-too-short,,,,
6,2430,30,retrieved,6.57.6,2430,0,1.0
13,7588,42,retrieved,13.162.55,7586,2,0.923
12,255,22,probe-too-short,,,,
6,94,40,retrieved,6.3.26,94,0,1.0
2,2293,14,probe-too-short,,,,
4,1853,40,retrieved,4.58.29,1852,1,0.946
3,12179,38,retrieved,3.172.18,12179,0,0.857
1,5005,29,retrieved,1.128.42,5005,0,1.0
1,5006,33,retrieved,1.128.43,5006,0,1.0
4,1029,22,probe-too-short,,,,
2,2626,21,probe-too-short,,,,
4,1699,80,retrieved,4.55.4,1700,-1,0.947
1,5599,40,retrieved,1.140.58,5647,-48,1.0
3,2802,41,retrieved,3.71.31,2802,0,1.0
13,2586,28,retrieved,13.48.24,2586,0,0.76
8,4125,26,retrieved,8.81.3,4125,0,0.87
7,6129,34,retrieved,7.145.75,6129,0,0.839
3,5056,27,retrieved,3.82.114,5056,0,0.917
4,1263,37,retrieved,4.38.33,1264,-1,0.941
3,2403,24,retrieved,3.64.3,2403,0,0.81
12,7379,28,retrieved,12.201.13,7282,97,1.0
12,6316,43,retrieved,12.168.52,6242,74,1.0
9,3017,17,probe-too-short,,,,
12,7275,15,probe-too-short,,,,
12,7378,58,retrieved,12.201.12,7281,97,0.922
3,13507,33,retrieved,3.201.27,13528,-21,0.867
3,1152,44,retrieved,3.30.36,1152,0,1.0
15,1068,42,retrieved,15.38.12,1067,1,1.0
1,1792,25,retrieved,1.43.27,1792,0,1.0
2,843,15,probe-too-short,,,,
3,14827,18,probe-too-short,,,,
2,1088,42,retrieved,2.30.14,1088,0,0.806
13,214,35,retrieved,13.4.15,214,0,0.938
13,7793,13,probe-too-short,,,,
12,7376,27,retrieved,12.201.12,7281,95,1.0
5,1224,31,retrieved,5.35.42,1223,1,1.0
13,5440,25,retrieved,13.111.42,5440,0,1.0
3,10664,32,retrieved,3.134.14,10717,-53,0.793
1,2887,22,probe-too-short,,,,
3,15560,42,retrieved,3.263.40,15560,0,0.921
3,12387,21,probe-too-short,,,,
1,3685,30,not-retrieved,,,,0.556
12,10374,23,probe-too-short,,,,
4,1858,38,retrieved,4.58.34,1857,1,1.0
3,13827,34,retrieved,3.208.26,13843,-16,0.774
3,12163,21,probe-too-short,,,,
1,4327,19,probe-too-short,,,,
8,3121,20,probe-too-short,,,,
1,1173,24,retrieved,1.19.16,1173,0,1.0
12,3571,82,retrieved,12.96.15,3536,35,0.907
1,6890,33,retrieved,1.182.3,6954,-64,0.793
7,5954,19,probe-too-short,,,,
12,9377,21,probe-too-short,,,,
3,14710,57,retrieved,3.234.1,14710,0,1.0
4,2147,30,retrieved,4.67.12,2148,-1,1.0
7,139,40,not-retrieved,,,,0.0
1,6811,21,probe-too-short,,,,
1,4891,40,retrieved,1.125.26,4891,0,1.0
1,930,22,probe-too-short,,,,
12,3923,83,not-retrieved,,,,0.553
1,6188,40,retrieved,1.159.8,6244,-56,1.0
5,2727,22,probe-too-short,,,,
3,2593,22,probe-too-short,,,,
5,4513,28,retrieved,5.133.20,4448,65,1.0
6,3709,30,retrieved,6.84.14,3709,0,0.889
12,9770,84,retrieved,12.271.16,9620,150,0.896
12,686,29,retrieved,12.23.36,686,0,0.962
7,4848,33,retrieved,7.121.43,4848,0,1.0
5,2909,16,probe-too-short,,,,
7,4656,14,probe-too-short,,,,
3,4097,34,retrieved,3.82.55,4997,-900,0.968
1,3069,71,retrieved,1.74.82,3069,0,0.922
12,9137,38,retrieved,12.255.7,9012,125,0.943
6,384,82,retrieved,6.9.76,384,0,0.899
12,5487,28,not-retrieved,,,,0.0
13,1637,21,probe-too-short,,,,
2,1953,47,retrieved,2.55.9,1953,0,1.0
1,93,25,retrieved,1.1.93,47,46,0.909
5,5733,20,probe-too-short,,,,
14,2285,13,probe-too-short,,,,
3,2538,12,probe-too-short,,,,
11,479,21,probe-too-short,,,,
12,12465,40,retrieved,12.329.44,12465,0,1.0
3,8218,81,not-retrieved,,,,0.514
3,1366,29,retrieved,3.34.13,1366,0,1.0
2,177,46,not-retrieved,,,,0.0
14,1137,39,retrieved,14.42.36,1137,0,1.0
13,7462,20,probe-too-short,,,,
1,1524,23,probe-too-short,,,,
3,10052,55,retrieved,3.112.2,10089,-37,1.0
7,3383,25,not-retrieved,,,,0.0
3,437,18,probe-too-short,,,,
2,783,42,retrieved,2.20.16,783,0,1.0
3,1389,16,probe-too-short,,,,
1,2770,19,probe-too-short,,,,
1,2213,16,probe-too-short,,,,
1,3104,18,probe-too-short,,,,
2,2694,31,retrieved,2.81.23,2694,0,0.889
3,12875,37,retrieved,3.188.70,12874,1,1.0
4,1236,16,probe-too-short,,,,
12,7751,19,probe-too-short,,,,
3,16748,35,retrieved,3.297.2,16749,-1,1.0
1,2425,29,retrieved,1.63.96,2428,-3,0.885
3,4083,36,retrieved,3.82.42,4984,-901,1.0
1,5073,70,retrieved,1.130.3,5070,3,1.0
3,321,35,retrieved,3.8.11,321,0,1.0
13,2581,41,retrieved,13.48.19,2581,0,0.895
12,2856,21,probe-too-short,,,,
5,4342,43,retrieved,5.129.33,4247,95,1.0
3,10608,27,retrieved,3.132.12,10662,-54,0.958
8,2927,40,retrieved,8.59.19,2927,0,1.0
3,5087,37,retrieved,3.83.17,6437,-1350,0.853
1,3514,39,retrieved,1.85.15,3514,0,1.0
4,1608,37,retrieved,4.52.3,1608,0,1.0
9,3482,37,retrieved,9.62.23,3483,-1,0.882
13,6722,18,probe-too-short,,,,
1,4251,33,retrieved,1.105.31,4250,1,1.0
1,4869,20,probe-too-short,,,,
13,5509,18,probe-too-short,,,,
1,943,33,retrieved,1.8.6,943,0,1.0
1,3958,27,retrieved,1.99.40,3959,-1,1.0
1,1927,17,probe-too-short,,,,
1,4526,12,probe-too-short,,,,
5,3047,18,probe-too-short,,,,
13,5459,18,probe-too-short,,,,
6,2651,13,probe-too-short,,,,
1,2616,43,retrieved,1.66.52,2616,0,1.0
5,7368,74,retrieved,5.186.41,7368,0,1.0
1,2695,36,retrieved,1.67.59,2695,0,1.0
3,16748,23,probe-too-short,,,,
1,3135,33,retrieved,1.75.10,3135,0,1.0
1,4995,28,retrieved,1.128.32,4995,0,0.96
5,118,25,retrieved,5.6.10,118,0,0.864
7,3563,23,probe-too-short,,,,
9,2222,35,retrieved,9.38.37,2222,0,1.0
5,2580,52,retrieved,5.71.7,2580,0,0.959
12,7261,55,retrieved,12.199.61,7168,93,1.0
14,1136,41,retrieved,14.42.35,1136,0,0.895
3,2564,38,retrieved,3.65.33,2564,0,1.0
1,7203,54,retrieved,1.194.1,7271,-68,1.0
5,3195,19,probe-too-short,,,,
13,750,22,probe-too-short,,,,
4,2216,39,retrieved,4.68.54,2215,1,1.0
4,111,41,retrieved,4.4.29,111,0,0.737
13,1907,76,retrieved,13.28.12,1908,-1,0.945
5,2474,39,retrieved,5.64.20,2474,0,1.0
5,2470,45,retrieved,5.64.16,2470,0,0.786
2,1111,77,retrieved,2.31.7,1111,0,1.0
3,13860,19,probe-too-short,,,,
1,5608,17,probe-too-short,,,,
1,3513,23,probe-too-short,,,,
1,5139,26,retrieved,1.131.6,5138,1,1.0
3,678,18,probe-too-short,,,,
7,8652,75,retrieved,7.189.25,8652,0,0.82
3,1939,76,retrieved,3.49.8,1939,0,1.0
1,1331,19,probe-too-short,,,,
3,12646,30,retrieved,3.183.90,12646,0,0.704
7,5967,39,retrieved,7.143.16,5968,-1,1.0
1,2240,27,not-retrieved,,,,0.417
12,6838,46,retrieved,12.184.18,6754,84,0.814
4,332,18,probe-too-short,,,,
1,3161,23,probe-too-short,,,,
3,434,38,retrieved,3.11.49,434,0,1.0
3,450,15,probe-too-short,,,,
3,16049,47,retrieved,3.279.5,16047,2,0.837
12,2037,40,retrieved,12.56.52,2037,0,1.0
2,94,32,retrieved,2.3.36,93,1,1.0
2,1813,18,probe-too-short,,,,
12,3694,39,retrieved,12.100.13,3694,0,1.0
7,4115,26,retrieved,7.109.19,4115,0,0.609
1,1365,20,probe-too-short,,,,
2,1078,37,retrieved,2.30.4,1078,0,1.0
13,2650,40,retrieved,13.50.10,2650,0,1.0
2,859,19,probe-too-short,,,,
1,5663,24,retrieved,1.141.29,5711,-48,0.81
4,864,17,probe-too-short,,,,
13,4873,29,retrieved,13.102.31,4873,0,1.0
12,3189,77,retrieved,12.84.7,3158,31,1.0
7,3033,29,retrieved,7.85.24,3033,0,1.0
4,711,37,retrieved,4.22.18,711,0,0.912
5,1125,38,retrieved,5.34.32,1125,0,1.0
13,3686,31,retrieved,13.76.22,3686,0,1.0
2,2423,72,retrieved,2.72.8,2423,0,0.882
1,5973,32,retrieved,1.153.12,6023,-50,0.931
1,6064,21,probe-too-short,,,,
1,5066,41,retrieved,1.129.34,5096,-30,0.919
3,14537,13,probe-too-short,,,,
4,1414,39,retrieved,4.45.21,1414,0,0.833
5,2127,18,probe-too-short,,,,
12,6487,38,retrieved,12.174.30,6408,79,1.0
15,215,20,probe-too-short,,,,
13,2741,19,probe-too-short,,,,
12,1500,39,not-retrieved,,,,0.0
1,949,14,probe-too-short,,,,
2,1146,40,retrieved,2.31.42,1146,0,1.0
13,1051,19,probe-too-short,,,,
14,2549,22,probe-too-short,,,,
4,45,31,retrieved,4.2.18,45,0,1.0
1,69,15,probe-too-short,,,,
5,7071,53,retrieved,5.178.45,7072,-1,0.82
1,4047,18,probe-too-short,,,,
13,1031,24,retrieved,13.15.7,1031,0,1.0
1,2675,73,not-retrieved,,,,0.544
12,3165,78,retrieved,12.83.41,3165,0,1.0
1,2828,13,probe-too-short,,,,
11,71,35,retrieved,11.2.26,71,0,1.0
13,6232,21,probe-too-short,,,,
13,2474,74,retrieved,13.45.14,2474,0,1.0
13,2489,37,retrieved,13.46.6,2489,0,0.909
13,2490,68,retrieved,13.46.7,2490,0,0.984
12,8868,79,not-retrieved,,,,0.526
6,279,75,retrieved,6.7.26,279,0,0.873
7,2388,30,retrieved,7.68.12,2388,0,1.0
5,3843,28,retrieved,5.111.23,3794,49,0.8
3,489,45,retrieved,3.12.30,490,-1,0.833
3,16601,40,retrieved,3.291.70,16600,1,1.0
6,725,36,retrieved,6.19.30,724,1,1.0
4,1853,17,probe-too-short,,,,
2,355,26,retrieved,2.9.3,356,-1,1.0
12,13339,27,not-retrieved,,,,0.522
5,4518,38,retrieved,5.133.25,4453,65,0.886
7,9023,38,retrieved,7.195.45,9023,0,0.829
12,10417,19,probe-too-short,,,,
4,1604,10,probe-too-short,,,,
7,3860,13,probe-too-short,,,,
2,2201,29,retrieved,2.67.4,2190,11,1.0
2,1024,32,retrieved,2.27.15,1024,0,0.897
3,10255,26,retrieved,3.119.19,10319,-64,1.0
3,15193,12,probe-too-short,,,,
1,7506,18,probe-too-short,,,,
2,2576,22,probe-too-short,,,,
10,555,17,probe-too-short,,,,
3,299,14,probe-too-short,,,,
13,5341,13,probe-too-short,,,,
3,2483,39,retrieved,3.64.83,2483,0,0.853
1,7008,23,probe-too-short,,,,
12,3124,21,probe-too-short,,,,
5,1274,24,retrieved,5.36.15,1274,0,0.85
12,8465,40,retrieved,12.230.12,8350,115,1.0
1,7765,44,retrieved,1.213.24,7833,-68,0.878
4,1537,19,probe-too-short,,,,
13,124,26,retrieved,13.2.41,126,-2,1.0
4,1118,18,probe-too-short,,,,
1,3685,27,retrieved,1.93.23,3686,-1,1.0
2,1025,21,probe-too-short,,,,
3,2589,14,probe-too-short,,,,
3,2970,39,retrieved,3.76.20,2975,-5,0.889
14,2220,19,probe-too-short,,,,
4,2251,34,retrieved,4.69.11,2250,1,1.0
3,1883,18,probe-too-short,,,,
3,466,22,probe-too-short,,,,
2,2141,59,retrieved,2.65.1,2140,1,0.941
4,1604,18,probe-too-short,,,,
1,6378,24,retrieved,1.167.23,6435,-57,1.0
7,3004,22,probe-too-short,,,,
3,223,30,retrieved,3.4.5,223,0,1.0
5,712,56,retrieved,5.23.28,712,0,1.0
7,70,16,probe-too-short,,,,
7,4376,40,retrieved,7.113.5,4375,1,1.0
1,3642,18,probe-too-short,,,,
1,4125,18,probe-too-short,,,,
2,1025,40,retrieved,2.27.17,1026,-1,1.0
4,1345,39,retrieved,4.43.3,1319,26,1.0
2,1024,18,probe-too-short,,,,
5,1150,15,probe-too-short,,,,
3,10254,15,probe-too-short,,,,
5,1150,43,retrieved,5.129.28,4242,-3092,1.0
3,13360,50,retrieved,3.200.11,13360,0,0.956
5,7142,63,retrieved,5.179.19,7142,0,0.932
1,493,35,retrieved,1.2.218,447,46,1.0
1,6845,41,retrieved,1.180.4,6909,-64,1.0
4,429,24,retrieved,4.14.51,423,6,1.0
2,1952,23,probe-too-short,,,,
8,1790,42,retrieved,8.39.10,1790,0,1.0
2,1158,18,probe-too-short,,,,
1,8277,11,probe-too-short,,,,
3,17428,19,probe-too-short,,,,
14,2386,19,probe-too-short,,,,
7,8980,36,retrieved,7.195.2,8980,0,1.0
14,296,42,retrieved,14.11.4,297,-1,0.892
2,2040,25,retrieved,2.59.11,2040,0,0.818
1,5934,26,retrieved,1.152.8,5983,-49,0.95
1,797,35,retrieved,1.3.134,799,-2,1.0
3,269,25,retrieved,3.6.8,269,0,0.864
13,1344,19,probe-too-short,,,,
3,13852,17,probe-too-short,,,,
3,13830,29,retrieved,3.208.28,13845,-15,1.0
1,3190,18,probe-too-short,,,,
3,16230,20,probe-too-short,,,,
9,1812,38,retrieved,9.31.70,1812,0,1.0
1,6152,39,retrieved,1.158.10,6208,-56,0.971
4,615,39,retrieved,4.20.11,620,-5,1.0
5,702,42,retrieved,5.23.18,702,0,1.0
8,3388,55,retrieved,8.68.9,3384,4,0.923
7,428,56,retrieved,7.11.46,427,1,0.769
5,4536,51,retrieved,5.133.43,4471,65,0.875
12,5675,40,retrieved,12.153.1,5616,59,0.919
5,4538,77,retrieved,5.133.45,4473,65,1.0
1,308,77,retrieved,1.2.38,267,41,0.932
3,12840,39,retrieved,3.188.36,12840,0,1.0
4,200,34,not-retrieved,,,,0.0
1,2002,33,retrieved,1.50.42,2002,0,0.867
3,3054,18,probe-too-short,,,,
12,2917,19,probe-too-short,,,,
3,15027,20,probe-too-short,,,,
12,10634,17,probe-too-short,,,,
3,13826,48,not-retrieved,,,,0.545
12,6837,39,retrieved,12.184.17,6753,84,1.0
3,1185,17,probe-too-short,,,,
7,2544,37,retrieved,7.72.67,2542,2,0.879
8,4930,24,not-retrieved,,,,0.0
5,1809,21,probe-too-short,,,,
1,2466,11,probe-too-short,,,,
3,12596,28,retrieved,3.183.40,12596,0,1.0
13,1859,60,retrieved,13.26.101,1859,0,1.0
3,12732,33,retrieved,3.186.18,12732,0,1.0
3,11081,71,retrieved,3.146.12,11128,-47,1.0
2,277,21,probe-too-short,,,,
14,1289,37,retrieved,14.46.31,1289,0,0.882
5,1040,13,probe-too-short,,,,
6,3432,16,probe-too-short,,,,
3,14548,63,retrieved,3.231.34,14547,1,0.614
7,2989,19,probe-too-short,,,,
12,12028,23,probe-too-short,,,,
2,842,12,probe-too-short,,,,
2,2397,13,probe-too-short,,,,
3,2815,19,probe-too-short,,,,
1,999,26,retrieved,1.11.5,999,0,0.957
3,15591,24,retrieved,3.265.4,15591,0,1.0
3,2711,36,retrieved,3.69.18,2711,0,1.0
3,2903,20,probe-too-short,,,,
1,5879,36,retrieved,1.150.24,5928,-49,1.0
1,914,22,probe-too-short,,,,
3,2902,35,retrieved,3.74.13,2902,0,1.0
2,1720,17,probe-too-short,,,,
4,1924,20,probe-too-short,,,,
7,6536,33,retrieved,7.151.8,6548,-12,0.967
3,15586,25,retrieved,3.264.16,15586,0,1.0
12,6409,19,probe-too-short,,,,
3,2476,26,retrieved,3.64.77,2477,-1,1.0
1,5996,41,retrieved,1.153.35,6046,-50,0.811
3,2154,15,probe-too-short,,,,
2,558,34,retrieved,2.13.45,558,0,0.806
14,415,48,retrieved,14.16.9,416,-1,1.0
3,8660,24,retrieved,3.99.44,8660,0,1.0
3,8630,39,retrieved,3.99.16,8632,-2,1.0
1,448,15,probe-too-short,,,,
1,136,19,probe-too-short,,,,
1,7772,57,retrieved,1.213.31,7840,-68,1.0
1,8477,29,retrieved,1.234.17,8575,-98,1.0
2,2699,42,retrieved,2.81.28,2699,0,1.0
3,2712,37,retrieved,3.69.19,2712,0,1.0
3,11631,68,retrieved,3.159.4,11670,-39,0.985
1,5636,69,retrieved,1.141.2,5684,-48,0.954
3,8274,47,retrieved,3.85.131,8273,1,0.907
3,14826,37,retrieved,3.239.7,14826,0,1.0
2,1225,20,probe-too-short,,,,
14,1641,39,retrieved,14.56.16,1641,0,1.0
14,146,83,retrieved,14.6.27,146,0,0.863
1,6619,42,retrieved,1.173.36,6681,-62,1.0
12,13928,55,retrieved,12.364.4,13932,-4,1.0
3,14824,38,retrieved,3.239.5,14824,0,1.0
1,4972,18,probe-too-short,,,,
3,14815,32,retrieved,3.238.20,14815,0,0.897
5,5974,31,retrieved,5.174.9,5974,0,0.929
13,3603,37,retrieved,13.73.49,3602,1,1.0
1,6340,28,retrieved,1.166.13,6397,-57,0.88
5,5976,17,probe-too-short,,,,
1,5824,20,probe-too-short,,,,
1,6423,39,retrieved,1.169.3,6482,-59,1.0
3,2201,16,probe-too-short,,,,
18,64,20,probe-too-short,,,,
13,5871,63,retrieved,13.123.14,5871,0,0.946
1,3420,39,retrieved,1.82.24,3420,0,0.889
3,2945,33,retrieved,3.75.24,2945,0,1.0
2,179,39,retrieved,2.5.45,179,0,1.0
3,17273,19,probe-too-short,,,,
5,6033,29,retrieved,5.176.12,6035,-2,1.0
1,5940,20,probe-too-short,,,,
2,2567,14,probe-too-short,,,,
3,1836,13,probe-too-short,,,,
13,1430,19,probe-too-short,,,,
1,5265,17,probe-too-short,,,,
1,5316,39,retrieved,1.134.5,5357,-41,1.0
1,6310,17,probe-too-short,,,,
4,1736,19,probe-too-short,,,,
14,2142,41,retrieved,14.74.2,2146,-4,1.0
5,6072,20,probe-too-short,,,,
12,5241,20,probe-too-short,,,,
7,467,62,retrieved,7.13.3,462,5,0.644
3,6099,39,retrieved,3.83.128,6548,-449,1.0
1,8407,41,retrieved,1.232.4,8505,-98,0.895
3,1069,37,retrieved,3.29.5,1033,36,1.0
12,1872,36,retrieved,12.52.11,1858,14,1.0
12,2319,53,retrieved,12.60.50,2317,2,0.653
2,203,77,retrieved,2.5.69,203,0,1.0
3,10201,34,retrieved,3.117.6,10265,-64,0.871
3,2780,19,probe-too-short,,,,
5,7485,37,retrieved,5.191.29,7485,0,1.0
2,2546,31,retrieved,2.77.33,2546,0,0.786
4,153,21,probe-too-short,,,,
4,706,17,probe-too-short,,,,
3,2135,30,retrieved,3.55.1,2136,-1,1.0
5,7491,19,probe-too-short,,,,
3,1236,37,retrieved,3.32.35,1236,0,0.879
12,8438,35,retrieved,12.229.10,8323,115,1.0
7,2652,36,retrieved,7.75.5,2652,0,0.879
4,153,20,probe-too-short,,,,
1,5878,17,probe-too-short,,,,
2,2543,38,retrieved,2.77.30,2543,0,0.914
2,2568,15,probe-too-short,,,,
3,2277,18,probe-too-short,,,,
3,2586,18,probe-too-short,,,,
3,34,61,retrieved,3.1.34,34,0,1.0
1,8461,40,retrieved,1.234.1,8559,-98,1.0
1,1565,39,retrieved,1.36.1,1532,33,1.0
2,2424,56,retrieved,2.72.9,2424,0,1.0
12,2451,76,retrieved,12.65.35,2451,0,1.0
12,12567,40,retrieved,12.331.56,12565,2,0.73
14,2645,35,retrieved,14.89.2,2645,0,0.844
13,7173,25,retrieved,13.151.12,7173,0,1.0
4,962,41,retrieved,4.29.6,962,0,1.0
7,5141,41,retrieved,7.126.48,5141,0,1.0
1,5827,27,retrieved,1.148.9,5876,-49,1.0
12,11549,20,probe-too-short,,,,
1,8193,18,probe-too-short,,,,
4,164,31,retrieved,4.5.23,164,0,0.714
13,3064,23,probe-too-short,,,,
7,3701,40,retrieved,7.99.36,3701,0,1.0
13,7205,23,probe-too-short,,,,
13,876,34,retrieved,13.14.283,874,2,1.0
12,13593,20,probe-too-short,,,,
3,8150,27,retrieved,3.85.8,8150,0,1.0
3,14239,39,retrieved,3.222.32,14239,0,0.889
14,1154,41,retrieved,14.42.53,1154,0,1.0
12,6852,41,retrieved,12.184.32,6768,84,1.0
1,86,40,retrieved,1.1.86,40,46,1.0
5,1909,57,retrieved,5.48.102,1909,0,1.0
9,2696,42,retrieved,9.46.78,2696,0,0.816
3,11138,24,not-retrieved,,,,0.0
3,11110,21,probe-too-short,,,,
8,3984,21,probe-too-short,,,,
4,809,39,retrieved,4.23.17,814,-5,1.0
3,13743,40,retrieved,3.207.43,13743,0,0.758
5,1615,21,probe-too-short,,,,
13,3464,43,retrieved,13.70.13,3464,0,0.9
8,4693,30,retrieved,8.90.65,4691,2,0.792
3,14734,20,probe-too-short,,,,
1,3687,12,probe-too-short,,,,
1,6030,15,probe-too-short,,,,
13,509,15,probe-too-short,,,,
3,1749,31,retrieved,3.42.36,1749,0,0.929
12,2643,19,probe-too-short,,,,
8,8613,26,not-retrieved,,,,0.0
3,10945,23,probe-too-short,,,,
3,1719,14,probe-too-short,,,,
12,11597,19,probe-too-short,,,,
3,12913,47,retrieved,3.188.108,12912,1,0.977
7,9620,19,probe-too-short,,,,
3,1659,14,probe-too-short,,,,
3,10335,42,retrieved,3.122.20,10398,-63,1.0
8,1715,28,retrieved,8.37.11,1717,-2,0.8
2,1135,38,retrieved,2.31.32,1136,-1,1.0
3,2397,19,probe-too-short,,,,
4,1328,82,retrieved,4.42.4,1328,0,1.0
3,2934,37,retrieved,3.75.13,2934,0,1.0
5,7205,18,probe-too-short,,,,
3,17078,19,probe-too-short,,,,
6,4188,40,retrieved,6.94.7,4188,0,1.0
13,7776,19,probe-too-short,,,,
7,7437,40,not-retrieved,,,,0.514
9,222,21,probe-too-short,,,,
3,16882,19,probe-too-short,,,,
3,12239,19,probe-too-short,,,,
7,6658,21,probe-too-short,,,,
7,598,14,probe-too-short,,,,
6,738,29,retrieved,6.19.43,737,1,0.808
2,102,60,retrieved,2.4.7,102,0,0.946
12,8291,77,not-retrieved,,,,0.565
12,4213,37,retrieved,12.114.4,4171,42,1.0
9,2541,39,retrieved,9.45.39,2541,0,1.0
1,1219,27,retrieved,1.21.15,1219,0,1.0
7,776,29,retrieved,7.19.24,776,0,0.923
9,2703,22,probe-too-short,,,,
12,4138,42,retrieved,12.111.56,4098,40,1.0
7,427,15,probe-too-short,,,,
13,1674,21,probe-too-short,,,,
1,4605,24,retrieved,1.119.15,4605,0,1.0
3,1585,38,retrieved,3.39.35,1585,0,1.0
6,3725,47,retrieved,6.84.30,3725,0,0.9
2,1859,11,probe-too-short,,,,
1,1567,13,probe-too-short,,,,
13,1334,15,probe-too-short,,,,
3,11146,16,probe-too-short,,,,
4,2081,20,probe-too-short,,,,
1,2368,36,retrieved,1.63.36,2368,0,1.0
1,5302,48,retrieved,1.133.14,5344,-42,1.0
6,4995,36,retrieved,6.108.2,4995,0,1.0
7,531,37,retrieved,7.14.37,531,0,0.853
8,4693,80,retrieved,8.90.65,4691,2,0.908
13,4562,18,probe-too-short,,,,
8,1067,41,retrieved,8.26.31,1104,-37,0.895
7,3401,24,retrieved,7.93.64,3401,0,1.0
6,4130,43,retrieved,6.92.35,4130,0,0.846
6,2506,19,probe-too-short,,,,
3,16088,71,retrieved,3.279.44,16086,2,0.877
1,1126,39,retrieved,1.18.15,1088,38,1.0
5,7111,38,retrieved,5.178.84,7111,0,1.0
13,51,38,retrieved,13.1.51,51,0,1.0
3,14741,48,retrieved,3.236.1,14741,0,1.0
4,279,29,retrieved,4.9.37,280,-1,1.0
3,12811,51,retrieved,3.188.7,12811,0,0.936
13,341,40,retrieved,13.6.47,341,0,0.914
3,12288,15,probe-too-short,,,,
5,5991,58,retrieved,5.175.16,5991,0,0.792
3,3014,21,probe-too-short,,,,
2,1690,41,retrieved,2.47.29,1690,0,1.0
7,2136,15,probe-too-short,,,,
13,132,77,retrieved,13.2.48,133,-1,0.945
1,2455,45,retrieved,1.63.127,2459,-4,0.78
2,1937,41,retrieved,2.54.4,1937,0,1.0
1,4695,37,retrieved,1.121.16,4694,1,0.909
3,12681,19,probe-too-short,,,,
6,2664,23,probe-too-short,,,,
12,9613,41,retrieved,12.268.18,9467,146,1.0
13,1858,27,retrieved,13.26.100,1858,0,1.0
1,1335,19,probe-too-short,,,,
13,2656,38,retrieved,13.50.16,2656,0,1.0
7,3027,26,retrieved,7.85.18,3027,0,1.0
5,5317,18,probe-too-short,,,,
3,11881,31,retrieved,3.163.41,11881,0,0.893
3,1831,41,retrieved,3.46.15,1832,-1,1.0
3,1747,28,retrieved,3.42.34,1747,0,0.72
3,6028,19,probe-too-short,,,,
13,541,61,retrieved,13.12.14,541,0,1.0
4,289,25,retrieved,4.10.10,289,0,1.0
1,806,32,retrieved,1.3.144,809,-3,1.0
3,1141,18,probe-too-short,,,,
12,12449,79,retrieved,12.329.28,12449,0,0.91
1,806,81,retrieved,1.3.144,809,-3,1.0
2,252,80,retrieved,2.5.117,251,1,0.948
12,7663,41,retrieved,12.210.22,7563,100,1.0
12,7814,64,retrieved,12.215.21,7708,106,1.0
18,185,41,retrieved,18.5.38,185,0,0.895
12,4375,39,retrieved,12.120.24,4329,46,0.829
3,10664,28,retrieved,3.134.14,10717,-53,0.84
12,5355,50,retrieved,12.141.37,5301,54,0.783
5,3751,38,retrieved,5.107.11,3704,47,1.0
12,7814,64,retrieved,12.215.21,7708,106,1.0
3,303,9,probe-too-short,,,,
13,6538,49,retrieved,13.142.33,6537,1,0.804
12,12713,50,retrieved,12.335.18,12710,3,0.841
3,16471,16,probe-too-short,,,,
2,646,43,retrieved,2.15.12,646,0,0.875
12,10512,34,retrieved,12.285.28,10348,164,0.897
9,1806,68,not-retrieved,,,,0.446
2,1333,82,retrieved,2.36.28,1333,0,0.931
13,811,35,retrieved,13.14.220,811,0,1.0
4,1339,19,probe-too-short,,,,
1,2037,26,retrieved,1.52.7,2007,30,0.87
1,3323,18,probe-too-short,,,,
1,6217,39,retrieved,1.160.13,6273,-56,1.0
4,1668,41,retrieved,4.46.32,1468,200,0.816
1,3165,31,retrieved,1.75.41,3166,-1,1.0
3,13492,10,probe-too-short,,,,
1,7625,16,probe-too-short,,,,
12,5536,15,probe-too-short,,,,
4,1755,17,probe-too-short,,,,
1,1571,33,retrieved,1.36.7,1538,33,1.0
3,8199,20,probe-too-short,,,,
14,506,40,retrieved,14.18.10,506,0,1.0
3,13720,36,retrieved,3.207.19,13719,1,1.0
1,1750,78,retrieved,1.42.26,1750,0,1.0
1,5055,29,retrieved,1.129.23,5085,-30,1.0
7,2195,19,probe-too-short,,,,
13,5335,37,retrieved,13.112.4,5535,-200,1.0
7,6555,41,retrieved,7.151.27,6567,-12,0.711
7,1417,39,retrieved,7.32.46,1418,-1,0.829
5,7162,47,retrieved,5.179.39,7162,0,1.0
12,11884,77,retrieved,12.320.33,11885,-1,0.845
2,856,39,retrieved,2.22.3,856,0,0.944
1,8215,41,retrieved,1.226.5,8311,-96,0.939
6,228,20,probe-too-short,,,,
13,1796,40,retrieved,13.26.38,1796,0,0.892
11,751,39,retrieved,11.25.46,751,0,0.833
3,230,41,retrieved,3.4.12,230,0,0.921
3,9916,19,probe-too-short,,,,
1,1747,25,retrieved,1.42.23,1747,0,1.0
14,1070,25,retrieved,14.39.13,1070,0,0.955
1,6911,37,retrieved,1.182.26,6977,-66,1.0
1,4784,50,retrieved,1.123.27,4783,1,0.644
8,1795,18,probe-too-short,,,,
4,42,22,probe-too-short,,,,
13,2125,37,retrieved,13.34.16,2126,-1,1.0
6,5567,20,probe-too-short,,,,
12,5535,30,retrieved,12.146.12,5479,56,0.963
1,7628,58,retrieved,1.209.10,7696,-68,0.945
4,550,39,retrieved,4.18.28,550,0,0.889
6,3103,39,retrieved,6.70.14,3109,-6,0.75
7,4731,67,retrieved,7.119.29,4719,12,0.902
3,1860,21,probe-too-short,,,,
5,7286,39,retrieved,5.184.20,7286,0,0.914
1,4639,26,retrieved,1.119.50,4640,-1,0.696
5,1129,77,retrieved,5.34.36,1129,0,0.9
3,1546,29,retrieved,3.38.31,1546,0,0.75
13,61,36,retrieved,13.1.61,61,0,0.906
13,4421,17,probe-too-short,,,,
13,445,28,retrieved,13.10.13,444,1,1.0
1,8414,48,retrieved,1.232.11,8512,-98,0.86
12,10381,23,probe-too-short,,,,
12,9030,61,retrieved,12.249.7,8908,122,0.914
12,12241,59,retrieved,12.325.26,12240,1,0.6
3,11892,24,retrieved,3.164.10,11892,0,0.842
13,7298,39,retrieved,13.156.8,7298,0,1.0
12,4082,18,probe-too-short,,,,
12,3997,39,retrieved,12.108.9,3997,0,1.0
1,6184,21,probe-too-short,,,,
1,8369,14,probe-too-short,,,,
1,4230,18,probe-too-short,,,,
13,4156,21,probe-too-short,,,,
1,1839,31,retrieved,1.45.28,1804,35,1.0
1,6052,35,retrieved,1.155.11,6103,-51,1.0
13,4156,21,probe-too-short,,,,
13,2598,53,retrieved,13.48.36,2598,0,1.0
7,8721,75,retrieved,7.190.27,8721,0,0.9
7,280,44,retrieved,7.9.20,280,0,0.927
1,2509,21,probe-too-short,,,,
3,10015,22,probe-too-short,,,,
1,4327,18,probe-too-short,,,,
3,9917,22,probe-too-short,,,,
13,1118,46,retrieved,13.17.5,1119,-1,0.837
4,164,31,retrieved,4.5.23,164,0,0.714
5,4395,40,retrieved,5.130.31,4331,64,0.865
1,4326,25,retrieved,1.108.5,4326,0,0.682
3,211,12,probe-too-short,,,,
3,2042,20,probe-too-short,,,,
4,1408,34,retrieved,4.45.15,1408,0,1.0
12,9259,37,retrieved,12.260.3,9133,126,1.0
5,1878,28,retrieved,5.48.71,1878,0,0.96
1,3283,15,probe-too-short,,,,
13,6676,32,retrieved,13.144.54,6677,-1,1.0
5,5339,23,probe-too-short,,,,
7,6490,23,probe-too-short,,,,
3,15561,29,retrieved,3.263.40,15560,1,0.962
13,5155,40,retrieved,13.106.24,5155,0,1.0
7,6452,26,retrieved,7.149.2,6444,8,1.0
12,1566,58,retrieved,12.46.14,1566,0,1.0
4,1546,66,retrieved,4.49.16,1546,0,0.721
5,5572,41,retrieved,5.160.120,5444,128,0.895
3,8149,21,probe-too-short,,,,
3,8647,28,retrieved,3.99.32,8648,-1,0.6
8,1889,16,probe-too-short,,,,
1,6385,20,probe-too-short,,,,
1,5887,38,retrieved,1.151.6,5936,-49,1.0
3,13772,80,retrieved,3.207.72,13772,0,0.948
12,8657,33,retrieved,12.236.13,8539,118,0.867
12,9054,21,probe-too-short,,,,
13,4155,18,probe-too-short,,,,
12,2488,22,probe-too-short,,,,
6,3326,32,not-retrieved,,,,0.345
6,3851,49,retrieved,6.87.5,3863,-12,0.804
6,4165,55,retrieved,6.93.27,4176,-11,0.796
1,6054,12,probe-too-short,,,,
3,6022,67,retrieved,3.83.52,6472,-450,0.841
3,5085,20,probe-too-short,,,,
1,1234,13,probe-too-short,,,,
4,269,16,probe-too-short,,,,
8,4913,25,retrieved,8.94.20,4923,-10,0.818
1,389,16,probe-too-short,,,,
1,2546,17,probe-too-short,,,,
1,4014,11,probe-too-short,,,,
3,2663,30,retrieved,3.68.9,2662,1,0.889
3,2889,16,probe-too-short,,,,
4,1970,74,not-retrieved,,,,0.521
1,6540,36,retrieved,1.171.25,6600,-60,1.0
3,1723,20,probe-too-short,,,,
3,2204,29,retrieved,3.57.14,2205,-1,1.0
3,16244,22,probe-too-short,,,,
3,1722,19,probe-too-short,,,,
14,1683,86,retrieved,14.57.22,1683,0,1.0
12,6687,61,retrieved,12.179.35,6605,82,0.88
1,3571,51,retrieved,1.88.8,3571,0,1.0
1,6540,45,retrieved,1.171.25,6600,-60,0.902
4,1409,19,probe-too-short,,,,
1,6374,44,retrieved,1.167.19,6431,-57,1.0
2,453,20,probe-too-short,,,,
4,892,36,retrieved,4.26.10,892,0,1.0
5,1093,100,retrieved,5.33.123,1093,0,0.946
13,2195,40,retrieved,13.37.12,2195,0,1.0
6,3785,55,retrieved,6.85.35,3785,0,0.923
8,1543,20,probe-too-short,,,,
6,3809,39,retrieved,6.86.19,3820,-11,0.871
3,11716,15,probe-too-short,,,,
7,7176,23,probe-too-short,,,,
2,1305,46,retrieved,2.35.19,1304,1,1.0
1,2205,21,probe-too-short,,,,
3,1781,30,retrieved,3.43.26,1781,0,0.889
3,2247,31,retrieved,3.58.9,2248,-1,1.0
12,5542,14,probe-too-short,,,,
1,8126,40,retrieved,1.223.47,8212,-86,1.0
1,6803,50,not-retrieved,,,,0.523
5,7232,23,probe-too-short,,,,
13,1922,40,retrieved,13.29.10,1923,-1,1.0
5,3604,18,probe-too-short,,,,
12,12251,40,retrieved,12.325.37,12251,0,1.0
3,8537,35,retrieved,3.95.27,8537,0,1.0
3,946,27,not-retrieved,,,,0.458
5,819,31,retrieved,5.29.11,819,0,0.893
13,4373,34,retrieved,13.92.2,4374,-1,1.0
3,2412,16,probe-too-short,,,,
5,3602,37,retrieved,5.102.1,3556,46,1.0
12,4148,77,retrieved,12.111.66,4108,40,0.94
1,8020,28,retrieved,1.209.32,7718,302,1.0
3,14819,38,retrieved,3.238.24,14819,0,1.0
1,7075,18,probe-too-short,,,,
1,5236,15,probe-too-short,,,,
3,12379,19,probe-too-short,,,,
6,1673,28,retrieved,6.45.4,1661,12,1.0
3,1501,19,probe-too-short,,,,
5,4248,72,retrieved,5.127.16,4187,61,0.957
13,4281,13,probe-too-short,,,,
1,7577,50,retrieved,1.207.34,7644,-67,0.894
9,3522,20,probe-too-short,,,,
3,437,14,probe-too-short,,,,
2,133,17,probe-too-short,,,,
1,4405,30,retrieved,1.111.25,4405,0,1.0
3,11813,23,probe-too-short,,,,
14,1019,78,retrieved,14.36.33,1019,0,0.815
2,1172,17,probe-too-short,,,,
7,8458,40,retrieved,7.186.2,8458,0,1.0
7,6737,22,probe-too-short,,,,
1,7677,32,retrieved,1.210.26,7745,-68,1.0
12,11134,20,probe-too-short,,,,
4,1751,17,probe-too-short,,,,
6,5394,22,probe-too-short,,,,
14,2668,63,retrieved,14.89.25,2668,0,0.867
3,16020,39,retrieved,3.278.20,16020,0,1.0
1,5886,19,probe-too-short,,,,
2,34,13,probe-too-short,,,,
6,71,80,retrieved,6.3.4,72,-1,1.0
12,12460,22,probe-too-short,,,,
3,8718,82,retrieved,3.101.5,8861,-143,1.0
14,2329,40,retrieved,14.79.28,2329,0,1.0
16,62,55,retrieved,16.3.6,62,0,1.0
13,1397,40,retrieved,13.19.18,1398,-1,0.935
13,995,18,probe-too-short,,,,
2,812,76,retrieved,2.21.16,813,-1,0.943
13,7223,41,retrieved,13.153.11,7223,0,0.895
6,5441,36,retrieved,6.106.14,4814,627,0.818
8,4760,55,retrieved,8.91.12,4759,1,1.0
4,264,38,retrieved,4.9.21,264,0,1.0
4,289,37,retrieved,4.10.10,289,0,0.719
3,16176,28,retrieved,3.281.11,16175,1,1.0
1,7414,35,retrieved,1.201.19,7481,-67,0.935
13,4556,39,retrieved,13.94.10,4556,0,1.0
1,1273,70,retrieved,1.24.14,1206,67,0.939
6,3187,12,probe-too-short,,,,
1,1199,18,probe-too-short,,,,
5,7169,12,probe-too-short,,,,
5,2742,49,retrieved,5.75.3,2742,0,0.739
2,1043,20,probe-too-short,,,,
3,12081,38,retrieved,3.169.3,12115,-34,0.857
6,2379,18,probe-too-short,,,,
3,14106,24,retrieved,3.217.7,14106,0,1.0
1,728,40,retrieved,1.3.63,728,0,1.0
5,7427,20,probe-too-short,,,,
13,5755,39,retrieved,13.118.4,5756,-1,1.0
3,1166,39,retrieved,3.31.7,1166,0,1.0
14,1138,52,retrieved,14.42.37,1138,0,0.75
7,1162,34,retrieved,7.26.36,1162,0,0.8
7,1875,26,not-retrieved,,,,0.545
13,3478,14,probe-too-short,,,,
2,1396,39,retrieved,2.38.29,1397,-1,1.0
1,3009,20,probe-too-short,,,,
12,10483,18,probe-too-short,,,,
13,5523,29,retrieved,13.111.126,5524,-1,0.731
13,5495,20,probe-too-short,,,,
3,16081,33,retrieved,3.279.37,16079,2,0.9
3,12727,19,probe-too-short,,,,
1,7996,74,retrieved,1.211.18,7764,232,1.0
3,11591,18,probe-too-short,,,,
13,5025,21,probe-too-short,,,,
3,14911,21,probe-too-short,,,,
13,6390,72,retrieved,13.141.1,6389,1,0.939
13,6026,18,probe-too-short,,,,
3,13099,79,not-retrieved,,,,0.453
6,387,53,retrieved,6.10.3,380,7,0.939
3,8329,15,probe-too-short,,,,
13,5351,79,retrieved,13.108.3,5351,0,0.917
4,1411,29,retrieved,4.45.18,1411,0,1.0
5,4212,39,retrieved,5.125.26,4152,60,1.0
13,5356,41,retrieved,13.108.8,5356,0,0.943
2,171,82,retrieved,2.5.38,172,-1,1.0
3,7018,34,retrieved,3.83.148,6568,450,1.0
13,1725,51,retrieved,13.25.39,1725,0,0.8
7,6893,21,probe-too-short,,,,
1,3097,36,retrieved,1.74.105,3092,5,1.0
4,197,39,retrieved,4.6.19,196,1,1.0
7,7473,34,not-retrieved,,,,0.0
3,12372,18,probe-too-short,,,,
1,4954,28,retrieved,1.127.23,4954,0,0.8
3,8195,51,retrieved,3.85.53,8195,0,0.932
3,1083,22,probe-too-short,,,,
3,335,18,probe-too-short,,,,
2,2530,39,retrieved,2.77.17,2530,0,1.0
13,1926,27,retrieved,13.29.13,1926,0,1.0
1,195,20,probe-too-short,,,,
5,2747,37,retrieved,5.75.8,2747,0,0.697
8,4187,36,retrieved,8.82.8,4213,-26,0.793
13,5733,76,not-retrieved,,,,0.471
11,677,19,probe-too-short,,,,
5,1128,40,retrieved,5.34.35,1128,0,0.892
9,3067,25,retrieved,9.54.32,3066,1,0.864
1,119,51,not-retrieved,,,,0.0
1,5359,10,probe-too-short,,,,
1,2052,21,probe-too-short,,,,
7,320,16,probe-too-short,,,,
2,2683,57,retrieved,2.81.12,2683,0,1.0
7,6670,10,probe-too-short,,,,
13,4940,56,retrieved,13.103.34,4939,1,1.0
3,10588,44,retrieved,3.131.26,10642,-54,0.925
12,2394,27,retrieved,12.64.9,2374,20,1.0
13,2607,37,retrieved,13.32.24,2067,540,0.968
13,2072,18,probe-too-short,,,,
11,35,39,retrieved,11.1.34,35,0,0.889
2,2165,30,retrieved,2.65.25,2164,1,1.0
1,8034,35,retrieved,1.221.74,8117,-83,1.0
3,1109,44,retrieved,3.29.45,1073,36,1.0
13,1276,39,retrieved,13.17.163,1277,-1,1.0
4,1562,42,retrieved,4.50.8,1562,0,1.0
3,225,38,retrieved,3.4.7,225,0,1.0
1,8361,39,not-retrieved,,,,0.5
4,291,17,probe-too-short,,,,
1,4198,24,retrieved,1.104.29,4198,0,1.0
5,7391,28,not-retrieved,,,,0.0
3,9943,27,retrieved,3.108.24,9950,-7,0.75
4,25,19,probe-too-short,,,,
5,7326,31,retrieved,5.185.36,7325,1,0.857
13,569,39,retrieved,13.12.42,569,0,1.0
14,433,36,retrieved,14.16.26,433,0,0.939
12,6283,14,probe-too-short,,,,
13,220,33,retrieved,13.4.21,220,0,0.9
3,13685,35,retrieved,3.206.33,13684,1,0.875
5,4507,37,retrieved,5.133.14,4442,65,1.0
9,3632,39,retrieved,9.65.7,3632,0,1.0
14,2728,38,retrieved,14.90.40,2728,0,1.0
3,694,15,probe-too-short,,,,
3,17250,17,probe-too-short,,,,
11,653,18,probe-too-short,,,,
6,171,40,retrieved,6.4.14,163,8,1.0
7,8303,43,retrieved,7.183.10,8308,-5,0.825
1,3666,58,retrieved,1.93.3,3666,0,0.943
4,1309,11,probe-too-short,,,,
5,1230,25,retrieved,5.35.49,1230,0,1.0
1,8084,46,retrieved,1.223.2,8167,-83,1.0
2,1395,20,probe-too-short,,,,
12,7075,40,retrieved,12.194.10,6985,90,1.0
13,5017,59,retrieved,13.104.63,5017,0,0.804
9,2455,40,retrieved,9.44.6,2455,0,1.0
3,8681,20,probe-too-short,,,,
4,42,19,probe-too-short,,,,
3,9900,29,retrieved,3.107.51,9899,1,1.0
3,10631,25,retrieved,3.133.11,10684,-53,1.0
9,2723,66,retrieved,9.46.105,2723,0,0.883
3,8085,34,retrieved,3.84.107,8085,0,1.0
13,6066,41,retrieved,13.127.12,6066,0,1.0
7,6713,41,retrieved,7.155.31,6733,-20,0.868
6,1674,16,probe-too-short,,,,
6,2289,22,probe-too-short,,,,
1,1169,20,probe-too-short,,,,
4,1062,39,retrieved,4.32.26,1061,1,1.0
12,3696,36,retrieved,12.100.15,3696,0,0.719
1,4344,33,retrieved,1.109.8,4344,0,0.966
6,3155,43,not-retrieved,,,,0.35
5,1545,15,probe-too-short,,,,
1,8258,18,probe-too-short,,,,
2,678,35,retrieved,2.17.3,679,-1,1.0
9,2771,24,retrieved,9.48.10,2771,0,1.0
7,378,21,probe-too-short,,,,
1,4197,39,retrieved,1.104.28,4197,0,1.0
7,3524,23,probe-too-short,,,,
1,4161,37,retrieved,1.103.16,4161,0,0.912
3,8492,39,retrieved,3.94.6,8494,-2,1.0
5,2348,23,probe-too-short,,,,
5,7204,20,probe-too-short,,,,
1,3098,15,probe-too-short,,,,
13,288,41,retrieved,13.5.26,288,0,1.0
12,269,14,probe-too-short,,,,
1,4160,82,retrieved,1.103.15,4160,0,0.949
4,730,29,retrieved,4.22.35,728,2,0.846
7,8991,44,retrieved,7.195.13,8991,0,0.825
6,2232,54,retrieved,6.53.39,2232,0,0.64
14,630,18,probe-too-short,,,,
12,3491,40,retrieved,12.93.10,3457,34,1.0
2,1433,42,retrieved,2.41.1,1433,0,0.974
1,4585,42,retrieved,1.118.28,4585,0,1.0
2,2239,17,probe-too-short,,,,
5,1526,41,retrieved,5.39.81,1526,0,0.969
7,1402,22,probe-too-short,,,,
6,4859,41,retrieved,6.106.59,4859,0,0.895
3,8668,39,retrieved,3.99.52,8668,0,1.0
4,1177,12,probe-too-short,,,,
7,103,39,retrieved,7.3.15,103,0,0.694
1,2064,12,probe-too-short,,,,
13,3600,32,retrieved,13.73.46,3599,1,0.897
14,2752,19,probe-too-short,,,,
1,1252,22,probe-too-short,,,,
13,4642,23,probe-too-short,,,,
3,12092,22,probe-too-short,,,,
1,8421,16,probe-too-short,,,,
7,9476,19,probe-too-short,,,,
3,8716,13,probe-too-short,,,,
12,5904,39,retrieved,12.158.28,5839,65,1.0
3,16274,29,retrieved,3.283.6,16274,0,0.84
6,5409,18,probe-too-short,,,,
13,4940,12,probe-too-short,,,,
12,7954,19,probe-too-short,,,,
13,6607,27,retrieved,13.143.43,6606,1,0.958
2,1484,43,retrieved,2.42.11,1486,-2,1.0
1,2112,27,retrieved,1.55.16,2112,0,1.0
12,12007,43,retrieved,12.320.155,12007,0,0.919
1,4445,11,probe-too-short,,,,
3,8162,20,probe-too-short,,,,
13,3327,45,retrieved,13.66.19,3327,0,0.878
13,7376,56,retrieved,13.158.23,7376,0,1.0
3,14521,12,probe-too-short,,,,
7,9570,21,probe-too-short,,,,
1,8013,24,not-retrieved,,,,0.0
3,8280,27,retrieved,3.86.5,8281,-1,0.958
18,1,18,probe-too-short,,,,
12,1632,42,retrieved,12.47.44,1631,1,0.897
13,1541,42,retrieved,13.22.11,1541,0,0.923
13,4827,24,retrieved,13.101.15,4827,0,0.857
13,360,16,probe-too-short,,,,
3,10660,29,retrieved,3.134.10,10713,-53,1.0
1,2459,13,probe-too-short,,,,
9,664,28,not-retrieved,,,,0.52
12,3638,34,retrieved,12.98.27,3638,0,1.0
12,13567,85,retrieved,12.348.21,13567,0,1.0
13,702,59,retrieved,13.25.15,1701,-999,1.0
5,3782,36,retrieved,5.109.4,3734,48,1.0
14,2759,85,retrieved,14.90.70,2758,1,0.899
12,6001,13,probe-too-short,,,,
5,1559,23,probe-too-short,,,,
3,12827,82,retrieved,3.188.23,12827,0,0.893
12,2682,78,retrieved,12.69.87,2682,0,1.0
3,1233,21,probe-too-short,,,,
13,4322,22,probe-too-short,,,,
12,6359,20,probe-too-short,,,,
13,2992,78,retrieved,13.58.23,2992,0,0.915
12,9048,17,probe-too-short,,,,
2,1559,29,retrieved,2.44.41,1559,0,0.885
1,5940,17,probe-too-short,,,,
3,16651,20,probe-too-short,,,,
1,6120,13,probe-too-short,,,,
7,1584,20,probe-too-short,,,,
6,3776,23,probe-too-short,,,,
7,955,16,probe-too-short,,,,
7,5842,19,probe-too-short,,,,
3,16119,17,probe-too-short,,,,
4,1174,20,probe-too-short,,,,
4,1178,20,probe-too-short,,,,
2,1916,14,probe-too-short,,,,
6,4372,23,probe-too-short,,,,
1,5341,80,retrieved,1.134.30,5382,-41,1.0
1,5018,13,probe-too-short,,,,
1,2243,32,retrieved,1.61.13,2243,0,0.862
6,1798,43,retrieved,6.46.42,1798,0,0.825
5,2750,18,probe-too-short,,,,
1,6274,21,probe-too-short,,,,
4,778,17,probe-too-short,,,,
2,1485,26,retrieved,2.42.12,1487,-2,0.957
8,2848,42,retrieved,8.57.9,2852,-4,1.0
6,2240,19,probe-too-short,,,,
4,1329,82,retrieved,4.42.4,1328,1,1.0
3,10391,21,probe-too-short,,,,
5,3384,14,probe-too-short,,,,
10,124,20,probe-too-short,,,,
1,3027,19,probe-too-short,,,,
1,8010,16,probe-too-short,,,,
12,10983,39,retrieved,12.298.40,10981,2,0.629
3,10537,34,retrieved,3.130.2,10594,-57,1.0
3,10663,24,retrieved,3.134.13,10716,-53,1.0
3,14549,27,retrieved,3.231.35,14548,1,0.625
12,2652,39,retrieved,12.69.57,2652,0,0.882
3,11728,17,probe-too-short,,,,
13,4869,52,retrieved,13.102.27,4869,0,1.0
5,7526,27,retrieved,5.192.39,7526,0,1.0
5,1075,26,retrieved,5.33.105,1075,0,1.0
7,1569,22,probe-too-short,,,,
3,8183,12,probe-too-short,,,,
12,694,20,probe-too-short,,,,
3,1598,15,probe-too-short,,,,
3,2244,43,retrieved,3.58.6,2245,-1,0.875
6,439,35,retrieved,6.11.39,439,0,0.964
12,10875,77,not-retrieved,,,,0.493
2,1836,21,probe-too-short,,,,
13,4998,32,retrieved,13.104.44,4998,0,1.0
13,4996,39,retrieved,13.104.42,4996,0,1.0
7,2431,38,retrieved,7.70.5,2429,2,0.943
8,2377,39,retrieved,8.49.80,2378,-1,1.0
14,1009,37,retrieved,14.36.23,1009,0,0.882
7,2379,43,retrieved,7.68.3,2379,0,1.0
1,2995,39,retrieved,1.74.8,2995,0,1.0
13,1651,75,retrieved,13.23.79,1650,1,1.0
12,6591,41,retrieved,12.177.6,6509,82,1.0
3,17373,13,probe-too-short,,,,
12,2111,22,probe-too-short,,,,
3,16246,42,retrieved,3.287.18,16399,-153,1.0
1,5374,19,probe-too-short,,,,
6,677,19,probe-too-short,,,,
3,2867,23,probe-too-short,,,,
6,2801,70,retrieved,6.63.22,2801,0,1.0
4,1456,19,probe-too-short,,,,
6,1712,29,retrieved,6.45.43,1700,12,0.885
7,366,40,retrieved,7.10.62,366,0,0.943
6,144,25,retrieved,6.3.76,144,0,1.0
12,1035,74,retrieved,12.29.142,1035,0,0.833
6,144,69,retrieved,6.3.76,144,0,1.0
3,17300,25,not-retrieved,,,,0.0
8,1831,40,retrieved,8.40.16,1831,0,1.0
8,2804,36,retrieved,8.56.112,2808,-4,1.0
8,4106,72,not-retrieved,,,,0.5
8,4084,58,retrieved,8.79.90,4111,-27,0.852
8,3976,43,retrieved,8.78.38,3995,-19,1.0
3,673,32,retrieved,3.16.15,673,0,1.0
3,2300,26,retrieved,3.61.4,2300,0,1.0
13,7786,17,probe-too-short,,,,
7,329,76,retrieved,7.10.24,328,1,1.0
1,5840,22,probe-too-short,,,,
13,7411,33,retrieved,13.159.11,7411,0,1.0
5,4622,76,retrieved,5.136.1,4555,67,0.941
3,12546,20,probe-too-short,,,,
3,1538,12,probe-too-short,,,,
2,1945,76,retrieved,2.55.1,1945,0,1.0
3,2408,25,retrieved,3.64.8,2408,0,0.727
1,4972,38,retrieved,1.128.9,4972,0,1.0
5,6065,21,probe-too-short,,,,
1,7888,19,probe-too-short,,,,
14,2700,14,probe-too-short,,,,
2,2345,27,retrieved,2.69.5,2345,0,1.0
2,2370,10,probe-too-short,,,,
3,11784,40,retrieved,3.161.45,11820,-36,1.0
1,4718,33,retrieved,1.122.3,4717,1,0.9
1,895,18,probe-too-short,,,,
3,2827,40,retrieved,3.72.20,2827,0,0.892
3,16299,20,probe-too-short,,,,
1,179,27,retrieved,1.1.181,135,44,1.0
3,9960,31,retrieved,3.109.14,9975,-15,1.0
1,174,28,retrieved,1.1.176,130,44,1.0
1,6561,19,probe-too-short,,,,
3,11028,29,retrieved,3.115.4,10189,839,0.692
4,1690,53,retrieved,4.54.30,1689,1,1.0
1,638,32,retrieved,1.2.374,603,35,1.0
7,8136,55,retrieved,7.179.22,8136,0,0.647
3,9982,52,retrieved,3.110.14,9982,0,1.0
14,2503,68,retrieved,14.84.18,2503,0,0.892
14,2151,23,probe-too-short,,,,
12,10530,35,retrieved,12.285.45,10365,165,1.0
14,1588,42,retrieved,14.55.3,1589,-1,0.846
12,2154,26,retrieved,12.59.33,2154,0,1.0
3,10724,20,probe-too-short,,,,
15,1014,18,probe-too-short,,,,
3,1149,76,retrieved,3.30.33,1149,0,0.859
3,10012,17,probe-too-short,,,,
13,2422,21,probe-too-short,,,,
13,7211,38,retrieved,13.152.27,7211,0,0.857
1,510,42,retrieved,1.2.235,464,46,1.0
5,1204,20,probe-too-short,,,,
9,3280,13,probe-too-short,,,,
6,571,40,retrieved,6.14.64,571,0,1.0
1,3675,40,retrieved,1.93.12,3675,0,1.0
1,6491,38,retrieved,1.170.56,6551,-60,1.0
2,2633,14,probe-too-short,,,,
5,7209,34,retrieved,5.181.9,7209,0,0.871
12,1068,41,retrieved,12.30.26,1065,3,1.0
4,1291,37,retrieved,4.39.7,1291,0,0.882
13,3505,48,retrieved,13.71.21,3505,0,1.0
12,12882,26,retrieved,12.339.18,12882,0,1.0
3,14206,45,retrieved,3.221.30,14205,1,0.919
13,5097,42,retrieved,13.104.143,5097,0,1.0
1,583,21,probe-too-short,,,,
13,961,42,retrieved,13.14.368,959,2,1.0
4,235,22,probe-too-short,,,,
10,554,18,probe-too-short,,,,
6,129,27,retrieved,6.3.61,129,0,1.0
1,522,21,probe-too-short,,,,
14,2363,38,retrieved,14.80.23,2363,0,1.0
3,2646,19,probe-too-short,,,,
8,4633,55,retrieved,8.90.12,4638,-5,0.942
12,7349,76,retrieved,12.200.20,7255,94,1.0
3,15533,18,probe-too-short,,,,
3,10667,24,retrieved,3.134.17,10720,-53,0.714
13,4297,18,probe-too-short,,,,
4,289,10,probe-too-short,,,,
1,6978,14,probe-too-short,,,,
8,1852,43,retrieved,8.40.37,1852,0,0.821
2,1025,56,retrieved,2.27.16,1025,0,0.923
12,2554,21,probe-too-short,,,,
8,116,18,probe-too-short,,,,
2,2109,39,retrieved,2.62.16,2109,0,0.833
14,112,32,retrieved,14.42.11,1112,-1000,1.0
1,8330,19,probe-too-short,,,,
3,2843,35,retrieved,3.72.35,2842,1,1.0
3,2754,20,probe-too-short,,,,
3,2647,17,probe-too-short,,,,
3,2731,21,probe-too-short,,,,
2,1690,24,retrieved,2.47.29,1690,0,1.0
4,799,21,probe-too-short,,,,
1,1244,43,retrieved,1.23.10,1206,38,0.875
6,5238,35,retrieved,6.112.41,5242,-4,1.0
12,8107,36,retrieved,12.224.20,7997,110,1.0
12,7705,39,retrieved,12.211.17,7604,101,0.861
3,546,23,probe-too-short,,,,
1,4454,38,retrieved,1.113.30,4454,0,0.8
13,3341,32,retrieved,13.66.32,3340,1,1.0
13,856,31,retrieved,13.14.263,854,2,1.0
13,4713,44,retrieved,13.98.37,4713,0,0.927
5,5769,43,retrieved,5.166.22,5679,90,0.95
2,1492,45,retrieved,2.42.19,1494,-2,0.833
12,10076,51,retrieved,12.280.51,9921,155,1.0
3,10067,49,retrieved,3.112.17,10104,-37,1.0
1,2120,25,retrieved,1.56.7,2090,30,1.0
2,2394,20,probe-too-short,,,,
2,2689,40,retrieved,2.81.18,2689,0,1.0
1,5796,31,retrieved,1.146.30,5846,-50,1.0
8,2750,42,retrieved,8.56.59,2755,-5,1.0
8,464,41,retrieved,8.12.24,507,-43,0.816
12,52,76,retrieved,12.2.7,51,1,1.0
4,745,44,retrieved,4.22.48,741,4,1.0
1,4954,31,not-retrieved,,,,0.5
1,7029,9,probe-too-short,,,,
13,3148,39,retrieved,13.62.46,3148,0,1.0
3,10836,27,retrieved,3.139.17,10888,-52,1.0
3,10584,18,probe-too-short,,,,
13,1959,29,retrieved,13.30.20,1959,0,0.962
3,1867,20,probe-too-short,,,,
14,368,14,probe-too-short,,,,
1,1188,40,retrieved,1.19.31,1188,0,0.865
12,2526,20,probe-too-short,,,,
1,5724,21,probe-too-short,,,,
1,5119,25,not-retrieved,,,,0.5
3,15631,21,probe-too-short,,,,
7,9499,121,not-retrieved,,,,0.577
1,3483,39,retrieved,1.84.18,3463,20,1.0
1,7712,38,retrieved,1.212.2,7780,-68,0.971
3,915,23,probe-too-short,,,,
2,2637,32,retrieved,2.80.18,2637,0,1.0
15,241,16,probe-too-short,,,,
1,5881,29,retrieved,1.150.26,5930,-49,1.0
1,7029,15,probe-too-short,,,,
6,3242,43,retrieved,6.74.3,3242,0,0.917
4,1113,40,retrieved,4.33.47,1113,0,1.0
14,677,20,probe-too-short,,,,
5,7324,16,probe-too-short,,,,
1,3558,24,retrieved,1.87.8,3539,19,1.0
3,8537,76,retrieved,3.95.27,8537,0,1.0
7,1467,40,retrieved,7.33.15,1468,-1,0.889
3,8599,27,retrieved,3.98.5,8599,0,0.913
2,1100,17,probe-too-short,,,,
1,5880,30,retrieved,1.150.25,5929,-49,1.0
12,427,42,retrieved,12.15.4,427,0,0.923
12,672,49,retrieved,12.23.22,672,0,0.619
2,1940,20,probe-too-short,,,,
3,11876,18,probe-too-short,,,,
1,6974,17,probe-too-short,,,,
12,3256,18,probe-too-short,,,,
5,1940,20,probe-too-short,,,,
1,8469,31,retrieved,1.234.9,8567,-98,1.0
12,7415,54,retrieved,12.202.22,7318,97,1.0
1,785,28,retrieved,1.3.122,787,-2,1.0
3,10063,25,retrieved,3.112.13,10100,-37,1.0
1,8390,18,probe-too-short,,,,
4,2111,25,retrieved,4.66.7,2112,-1,0.955
3,2933,18,probe-too-short,,,,
5,2280,78,retrieved,5.57.49,2280,0,1.0
5,1913,55,retrieved,5.48.106,1913,0,1.0
3,17039,21,probe-too-short,,,,
15,445,23,probe-too-short,,,,
1,6219,18,probe-too-short,,,,
3,1795,31,retrieved,3.44.8,1792,3,1.0
1,5801,38,retrieved,1.147.4,5851,-50,1.0
1,5723,72,retrieved,1.144.9,5772,-49,1.0
5,5525,21,probe-too-short,,,,
1,7362,17,probe-too-short,,,,
3,8531,37,retrieved,3.95.21,8531,0,1.0
5,7492,25,not-retrieved,,,,0.0
1,6721,29,retrieved,1.176.26,6784,-63,1.0
7,6976,19,probe-too-short,,,,
7,2618,18,probe-too-short,,,,
5,695,58,retrieved,5.23.11,695,0,0.945
13,275,42,retrieved,13.5.13,275,0,0.872
12,2135,46,retrieved,12.59.14,2135,0,0.8
13,1663,13,probe-too-short,,,,
9,2117,42,not-retrieved,,,,0.487
1,2536,26,retrieved,1.65.28,2536,0,0.913
6,2447,20,probe-too-short,,,,
5,4027,19,probe-too-short,,,,
1,6678,19,probe-too-short,,,,
6,5510,17,probe-too-short,,,,
1,6938,51,retrieved,1.184.14,7003,-65,1.0
3,13245,39,retrieved,3.193.35,13245,0,0.917
3,14565,18,probe-too-short,,,,
1,3180,37,retrieved,1.75.56,3181,-1,1.0
1,5669,38,retrieved,1.141.35,5717,-48,1.0
13,2522,21,probe-too-short,,,,
7,6871,20,probe-too-short,,,,
2,1366,19,probe-too-short,,,,
8,2319,22,probe-too-short,,,,
13,4718,22,probe-too-short,,,,
7,3993,23,probe-too-short,,,,
13,2144,21,probe-too-short,,,,
13,1877,40,retrieved,13.27.12,1877,0,1.0
14,442,17,probe-too-short,,,,
5,5405,38,retrieved,5.159.14,5323,82,1.0
3,2608,39,retrieved,3.66.1,2608,0,1.0
3,10667,24,retrieved,3.134.17,10720,-53,0.714
6,2700,19,probe-too-short,,,,
8,2056,38,retrieved,8.44.33,2056,0,1.0
13,4375,20,probe-too-short,,,,
10,260,25,retrieved,10.7.10,260,0,0.773
3,8212,18,probe-too-short,,,,
3,2260,13,probe-too-short,,,,
2,2509,18,probe-too-short,,,,
2,2061,27,retrieved,2.65.8,2147,-86,0.87
1,1192,30,retrieved,1.20.4,1154,38,1.0
2,2041,20,probe-too-short,,,,
8,4210,58,retrieved,8.82.31,4236,-26,1.0
5,37,26,retrieved,5.2.9,35,2,0.762
2,2384,32,retrieved,2.71.5,2384,0,1.0
5,5998,18,probe-too-short,,,,
3,14798,18,probe-too-short,,,,
5,3175,21,probe-too-short,,,,
1,4592,24,retrieved,1.119.1,4591,1,0.952
8,4658,21,probe-too-short,,,,
3,11746,81,retrieved,3.161.8,11783,-37,1.0
11,98,40,retrieved,11.3.15,98,0,1.0
2,454,39,retrieved,2.11.37,454,0,1.0
14,1757,40,retrieved,14.59.7,1757,0,0.889
1,1416,41,retrieved,1.30.33,1416,0,1.0
3,14278,33,retrieved,3.224.22,14278,0,1.0
4,95,23,probe-too-short,,,,
3,8847,28,retrieved,3.106.23,9705,-858,1.0
2,2005,58,retrieved,2.58.14,2005,0,1.0
3,2731,52,retrieved,3.69.38,2731,0,0.872
14,1551,43,retrieved,14.53.16,1551,0,0.875
4,1439,21,probe-too-short,,,,
3,16189,63,retrieved,3.281.23,16187,2,0.691
13,1458,58,retrieved,13.19.78,1458,0,0.6
7,1234,31,retrieved,7.28.9,1234,0,1.0
3,1796,34,retrieved,3.44.9,1793,3,1.0
5,5984,20,probe-too-short,,,,
5,7340,42,retrieved,5.186.13,7340,0,0.872
3,11968,17,probe-too-short,,,,
12,1227,53,retrieved,12.34.20,1227,0,1.0
12,13147,19,probe-too-short,,,,
1,7239,75,retrieved,1.195.22,7307,-68,1.0
3,14717,83,retrieved,3.234.8,14717,0,1.0
14,1921,39,retrieved,14.65.9,1921,0,0.886
1,7689,69,retrieved,1.211.11,7757,-68,1.0
3,16653,17,probe-too-short,,,,
3,12443,38,retrieved,3.179.48,12475,-32,1.0
3,2829,27,retrieved,3.72.22,2829,0,1.0
4,1714,42,retrieved,4.55.18,1714,0,1.0
3,2320,66,retrieved,3.61.24,2320,0,0.937
5,5979,19,probe-too-short,,,,
1,4573,39,retrieved,1.118.16,4573,0,1.0
3,6039,60,not-retrieved,,,,0.571
4,435,32,retrieved,4.15.5,435,0,1.0
1,7688,41,retrieved,1.211.10,7756,-68,0.895
5,6019,26,retrieved,5.175.44,6019,0,1.0
3,2614,18,probe-too-short,,,,
5,7065,43,retrieved,5.178.39,7066,-1,0.875
12,6644,36,retrieved,12.178.5,6562,82,1.0
12,4373,24,retrieved,12.120.22,4327,46,0.905
12,6873,18,probe-too-short,,,,
2,420,35,retrieved,2.11.1,418,2,0.875
13,65,13,probe-too-short,,,,
13,4992,20,probe-too-short,,,,
3,12211,39,retrieved,3.173.15,12245,-34,1.0
12,6991,72,retrieved,12.191.8,6905,86,0.971
1,294,32,retrieved,1.2.24,253,41,0.893
12,2997,41,retrieved,12.80.15,2997,0,1.0
5,413,20,probe-too-short,,,,
3,12497,73,retrieved,3.181.9,12528,-31,0.886
1,1351,36,retrieved,1.29.12,1317,34,0.97
12,7050,41,retrieved,12.193.19,6961,89,1.0
3,1700,11,probe-too-short,,,,
4,305,26,retrieved,4.11.8,305,0,1.0
3,2727,38,retrieved,3.69.34,2727,0,0.914
3,10666,26,retrieved,3.134.16,10719,-53,1.0
12,13943,30,not-retrieved,,,,0.0
5,7435,40,retrieved,5.190.2,7435,0,0.811
3,16407,23,probe-too-short,,,,
1,5855,20,probe-too-short,,,,
1,748,28,retrieved,1.3.84,749,-1,0.75
5,5351,19,probe-too-short,,,,
8,2748,40,retrieved,8.56.57,2753,-5,1.0
1,2193,28,retrieved,1.58.28,2162,31,1.0
5,5945,12,probe-too-short,,,,
1,5063,42,retrieved,1.129.31,5093,-30,1.0
13,2660,20,probe-too-short,,,,
7,4386,22,probe-too-short,,,,
8,3161,26,retrieved,8.62.20,3165,-4,0.652
1,6565,20,probe-too-short,,,,
1,5183,19,probe-too-short,,,,
1,2027,38,retrieved,1.51.13,1996,31,0.914
14,2076,21,probe-too-short,,,,
14,2092,19,probe-too-short,,,,
1,8135,16,probe-too-short,,,,
5,7372,33,retrieved,5.187.3,7372,0,1.0
1,1032,56,retrieved,1.45.2,1778,-746,0.673
9,2105,20,probe-too-short,,,,
3,12677,18,probe-too-short,,,,
7,3588,20,probe-too-short,,,,
3,15677,32,retrieved,3.269.11,15677,0,0.862
3,13984,35,retrieved,3.213.25,13984,0,1.0
2,434,49,retrieved,2.11.16,433,1,0.977
5,7169,29,retrieved,5.180.7,7169,0,1.0
3,13984,16,probe-too-short,,,,
5,7296,23,probe-too-short,,,,
1,53,38,retrieved,1.1.53,7,46,1.0
3,15588,53,retrieved,3.265.1,15588,0,0.936
3,2146,25,retrieved,3.55.12,2147,-1,1.0
7,7296,52,retrieved,7.163.17,7309,-13,1.0
5,1082,27,retrieved,5.33.112,1082,0,1.0
3,10230,25,retrieved,3.118.17,10294,-64,1.0
12,2036,42,retrieved,12.56.51,2036,0,0.757
5,7196,40,retrieved,5.180.34,7196,0,0.865
3,2374,19,probe-too-short,,,,
13,4616,31,retrieved,13.95.16,4616,0,1.0
1,5600,20,probe-too-short,,,,
3,1819,19,probe-too-short,,,,
6,2650,29,retrieved,6.59.139,2647,3,0.885
6,4101,29,retrieved,6.92.6,4101,0,0.769
7,7237,42,retrieved,7.162.14,7237,0,0.897
7,7322,30,retrieved,7.164.6,7336,-14,0.889
7,3954,20,probe-too-short,,,,
3,11970,37,retrieved,3.167.36,11970,0,1.0
1,1105,25,retrieved,1.17.7,1067,38,1.0
5,1628,17,probe-too-short,,,,
14,2033,39,retrieved,14.70.1,2033,0,1.0
1,5922,20,probe-too-short,,,,
5,2801,22,probe-too-short,,,,
5,2278,35,retrieved,5.57.47,2278,0,0.625
3,10069,26,retrieved,3.112.19,10106,-37,1.0
3,1371,25,retrieved,3.34.18,1371,0,1.0
15,792,12,probe-too-short,,,,
3,16192,35,retrieved,3.281.27,16191,1,1.0
18,78,38,retrieved,18.2.52,78,0,1.0
1,3289,33,retrieved,1.78.11,3289,0,1.0
6,5779,74,retrieved,6.121.18,5779,0,1.0
3,1136,17,probe-too-short,,,,
13,1800,55,retrieved,13.26.42,1800,0,0.923
1,3289,19,probe-too-short,,,,
13,4485,12,probe-too-short,,,,
7,6905,28,retrieved,7.156.175,6904,1,0.84
13,926,39,retrieved,13.14.333,924,2,0.889
8,1805,21,probe-too-short,,,,
8,3431,21,probe-too-short,,,,
13,4880,12,probe-too-short,,,,
13,1929,43,retrieved,13.29.16,1929,0,1.0
13,5845,63,retrieved,13.122.8,5845,0,1.0
7,8861,41,retrieved,7.192.53,8861,0,1.0
12,656,80,retrieved,12.23.6,656,0,0.944
8,1523,51,retrieved,8.34.69,1523,0,1.0
5,1620,50,retrieved,5.42.46,1620,0,1.0
3,13561,30,retrieved,3.203.16,13562,-1,0.741
5,5179,14,probe-too-short,,,,
4,1388,10,probe-too-short,,,,
12,12459,23,probe-too-short,,,,
13,502,41,retrieved,13.10.71,502,0,0.684
13,501,40,retrieved,13.10.70,501,0,0.889
13,4932,59,retrieved,13.103.27,4932,0,1.0
5,3305,30,retrieved,5.92.28,3262,43,0.889
9,1130,31,retrieved,9.22.1,1142,-12,0.893
8,3763,78,retrieved,8.74.15,3763,0,0.959
2,1978,29,retrieved,2.56.14,1978,0,1.0
1,4648,21,probe-too-short,,,,
13,3271,19,probe-too-short,,,,
13,3369,35,retrieved,13.66.60,3368,1,0.906
7,5775,41,retrieved,7.139.84,5775,0,1.0
1,2924,31,retrieved,1.71.30,2906,18,1.0
9,1905,39,retrieved,9.33.18,1913,-8,1.0
5,4402,17,probe-too-short,,,,
13,2225,63,retrieved,13.38.24,2225,0,0.926
7,5561,19,probe-too-short,,,,
3,1383,76,retrieved,3.35.8,1383,0,0.833
8,861,21,probe-too-short,,,,
8,4771,45,retrieved,8.91.24,4771,0,0.78
5,4403,14,probe-too-short,,,,
7,1493,21,probe-too-short,,,,
3,9941,42,retrieved,3.108.22,9948,-7,1.0
13,3504,30,retrieved,13.71.20,3504,0,1.0
7,1411,40,retrieved,7.32.39,1411,0,1.0
12,3770,71,retrieved,12.102.18,3770,0,1.0
4,618,69,retrieved,4.20.14,623,-5,1.0
1,6427,78,retrieved,1.169.7,6486,-59,1.0
1,5068,17,probe-too-short,,,,
5,7097,19,probe-too-short,,,,
5,4262,23,probe-too-short,,,,
16,153,19,probe-too-short,,,,
14,2362,50,retrieved,14.80.23,2363,-1,0.745
11,32,33,retrieved,11.1.31,32,0,0.867
4,2103,93,retrieved,4.65.17,2103,0,0.963
3,1728,81,retrieved,3.42.15,1728,0,0.649
5,7018,18,probe-too-short,,,,
14,454,26,retrieved,14.17.1,455,-1,1.0
7,6399,49,retrieved,7.148.12,6395,4,0.717
3,1962,40,retrieved,3.50.8,1962,0,1.0
4,93,24,retrieved,4.4.11,93,0,0.667
3,2058,23,probe-too-short,,,,
13,1918,20,probe-too-short,,,,
1,3076,35,retrieved,1.74.89,3076,0,0.906
7,8838,20,probe-too-short,,,,
8,3629,15,probe-too-short,,,,
13,1840,14,probe-too-short,,,,
2,2187,28,retrieved,2.66.2,2186,1,0.917
3,13437,58,retrieved,3.200.88,13437,0,1.0
12,559,36,retrieved,12.18.25,559,0,1.0
3,17300,74,retrieved,3.313.13,17298,2,0.955
4,82,37,retrieved,4.3.23,82,0,1.0
14,2369,11,probe-too-short,,,,
12,656,44,retrieved,12.23.6,656,0,1.0
8,1506,17,probe-too-short,,,,
12,5307,38,retrieved,12.140.60,5253,54,1.0
1,2405,35,retrieved,1.63.76,2408,-3,1.0
1,7802,15,probe-too-short,,,,
13,2181,37,retrieved,13.36.17,2181,0,1.0
8,3167,71,retrieved,8.62.26,3171,-4,1.0
1,5992,45,retrieved,1.153.31,6042,-50,0.976
1,6841,26,retrieved,1.179.22,6905,-64,1.0
13,1880,16,probe-too-short,,,,
1,2406,14,probe-too-short,,,,
13,1683,86,retrieved,13.24.8,1682,1,1.0
13,1469,42,retrieved,13.19.89,1469,0,1.0
2,2133,50,retrieved,2.64.13,2133,0,0.936
4,2228,12,probe-too-short,,,,
5,4543,37,retrieved,5.134.5,4478,65,1.0
13,1575,21,probe-too-short,,,,
12,1237,35,retrieved,12.34.30,1237,0,1.0
12,2935,44,retrieved,12.78.19,2935,0,1.0
5,5064,16,probe-too-short,,,,
2,2397,31,retrieved,2.71.18,2397,0,0.893
12,4009,20,probe-too-short,,,,
12,4152,78,retrieved,12.111.70,4112,40,1.0
12,8230,42,retrieved,12.227.19,8117,113,1.0
4,52,42,retrieved,4.2.25,52,0,1.0
6,2782,15,probe-too-short,,,,
2,662,14,probe-too-short,,,,
12,6624,20,probe-too-short,,,,
5,718,16,probe-too-short,,,,
12,2801,27,retrieved,12.73.27,2777,24,0.708
13,6653,37,retrieved,13.144.30,6653,0,0.857
6,137,22,probe-too-short,,,,
11,222,38,retrieved,11.8.30,222,0,1.0
12,12642,42,retrieved,12.333.36,12643,-1,0.919
13,983,40,retrieved,13.14.389,980,3,1.0
1,6457,15,probe-too-short,,,,
6,2337,37,not-retrieved,,,,0.576
5,7368,11,probe-too-short,,,,
5,5827,39,retrieved,5.168.20,5782,45,0.778
3,2540,36,retrieved,3.65.9,2540,0,1.0
13,2225,84,retrieved,13.38.24,2225,0,0.903
12,11090,67,retrieved,12.300.54,11088,2,0.947
13,4171,19,probe-too-short,,,,
3,1165,43,retrieved,3.31.6,1165,0,1.0
12,3305,81,retrieved,12.88.4,3305,0,1.0
1,6658,63,not-retrieved,,,,0.583
1,6657,55,retrieved,1.175.9,6719,-62,0.959
13,4587,18,probe-too-short,,,,
2,76,75,not-retrieved,,,,0.0
12,4384,39,retrieved,12.120.33,4338,46,0.886
9,1738,18,probe-too-short,,,,
4,1207,47,retrieved,4.37.12,1207,0,0.838
2,1867,11,probe-too-short,,,,
8,1894,22,probe-too-short,,,,
3,1972,28,retrieved,3.51.6,1972,0,0.68
1,5887,38,retrieved,1.151.6,5936,-49,1.0
11,183,40,retrieved,11.7.21,183,0,1.0
3,9984,16,probe-too-short,,,,
13,4274,12,probe-too-short,,,,
4,2228,20,probe-too-short,,,,
12,1236,39,retrieved,12.34.29,1236,0,1.0
3,17385,20,probe-too-short,,,,
3,11158,32,retrieved,3.146.89,11205,-47,0.897
12,6072,37,retrieved,12.165.32,6004,68,1.0
12,7184,75,retrieved,12.197.11,7094,90,1.0
4,1976,13,probe-too-short,,,,
12,1334,75,retrieved,12.36.42,1334,0,1.0
13,3774,41,retrieved,13.79.18,3774,0,0.816
3,10624,56,retrieved,3.133.4,10677,-53,1.0
3,14126,72,retrieved,3.218.5,14126,0,0.94
1,1714,22,probe-too-short,,,,
13,1372,11,probe-too-short,,,,
13,4759,22,probe-too-short,,,,
2,46,29,retrieved,2.2.26,46,0,0.885
3,1039,25,retrieved,3.28.11,1039,0,1.0
1,5730,38,retrieved,1.144.16,5779,-49,1.0
13,4349,37,retrieved,13.91.24,4349,0,0.882
3,14763,13,probe-too-short,,,,
1,2315,31,retrieved,1.62.34,2316,-1,0.679
2,1396,36,retrieved,2.38.29,1397,-1,1.0
1,2704,78,retrieved,1.67.68,2704,0,1.0
1,401,13,probe-too-short,,,,
3,17161,31,retrieved,3.309.9,17161,0,1.0
3,14501,75,retrieved,3.230.47,14500,1,0.957
13,308,36,retrieved,13.6.14,308,0,0.879
1,7579,50,retrieved,1.207.35,7645,-66,1.0
6,60,72,retrieved,6.2.26,61,-1,0.869
1,4804,75,retrieved,1.123.48,4804,0,0.901
13,626,24,retrieved,13.14.38,629,-3,1.0
13,626,34,retrieved,13.14.38,629,-3,1.0
2,211,73,retrieved,2.5.77,211,0,1.0
5,7354,35,retrieved,5.186.27,7354,0,1.0
3,11000,29,retrieved,3.114.6,10153,847,1.0
13,4318,52,retrieved,13.90.48,4317,1,1.0
13,1081,72,retrieved,13.16.44,1081,0,0.6
9,2714,29,retrieved,9.46.96,2714,0,1.0
2,121,37,retrieved,2.4.26,121,0,1.0
12,2874,71,retrieved,12.76.6,2874,0,1.0
13,3534,53,retrieved,13.76.20,3684,-150,1.0
13,2019,69,retrieved,13.31.12,2019,0,0.939
3,8188,33,retrieved,3.85.45,8187,1,0.897
7,8687,42,retrieved,7.189.61,8688,-1,1.0
15,819,50,retrieved,15.30.1,819,0,1.0
7,143,41,retrieved,7.5.10,144,-1,1.0
13,6847,51,retrieved,13.147.42,6847,0,0.818
1,8006,9,probe-too-short,,,,
5,3693,40,retrieved,5.105.20,3646,47,1.0
5,1523,18,probe-too-short,,,,
12,7544,18,probe-too-short,,,,
13,2281,12,probe-too-short,,,,
13,1960,21,probe-too-short,,,,
3,1218,79,retrieved,3.32.17,1218,0,0.947
8,1985,66,retrieved,8.42.24,1985,0,0.837
13,1526,21,probe-too-short,,,,
1,8045,20,probe-too-short,,,,
1,4571,41,retrieved,1.118.14,4571,0,1.0
12,11546,60,retrieved,12.310.4,11546,0,1.0
1,3599,20,probe-too-short,,,,
13,7556,21,probe-too-short,,,,
12,3280,44,retrieved,12.87.20,3280,0,1.0
7,1211,37,retrieved,7.27.17,1211,0,0.853
5,1048,80,retrieved,5.33.78,1048,0,0.919
12,1334,18,probe-too-short,,,,
12,3305,40,retrieved,12.88.4,3305,0,1.0
2,1910,14,probe-too-short,,,,
12,5353,22,probe-too-short,,,,
3,15961,43,retrieved,3.277.17,15960,1,1.0
5,751,20,probe-too-short,,,,
1,5026,16,probe-too-short,,,,
12,8129,19,probe-too-short,,,,
3,1745,35,retrieved,3.42.32,1745,0,0.875
7,8759,20,probe-too-short,,,,
3,1743,39,retrieved,3.42.30,1743,0,1.0
13,6353,33,retrieved,13.140.16,6353,0,1.0
3,8582,13,probe-too-short,,,,
1,2427,19,probe-too-short,,,,
3,180,39,retrieved,3.3.50,180,0,1.0
12,8063,18,probe-too-short,,,,
1,1240,19,probe-too-short,,,,
3,2581,37,retrieved,3.65.50,2581,0,1.0
14,1221,37,retrieved,14.44.10,1221,0,1.0
5,3889,41,retrieved,5.113.17,3838,51,1.0
5,2913,40,retrieved,5.82.43,2875,38,1.0
5,3579,54,retrieved,5.100.13,3533,46,1.0
13,1404,41,retrieved,13.19.24,1404,0,1.0
12,2622,33,retrieved,12.69.27,2622,0,0.885
13,7568,21,probe-too-short,,,,
8,1523,22,probe-too-short,,,,
8,454,20,probe-too-short,,,,
8,3014,40,retrieved,8.60.38,3014,0,1.0
7,142,83,retrieved,7.5.9,143,-1,0.934
13,1839,19,probe-too-short,,,,
1,5478,36,retrieved,1.138.40,5525,-47,1.0
6,5074,18,probe-too-short,,,,
4,1082,20,probe-too-short,,,,
3,16356,47,retrieved,3.284.34,16354,2,0.868
7,9159,14,probe-too-short,,,,
5,5078,27,retrieved,5.150.2,5002,76,1.0
6,2043,40,retrieved,6.50.11,2043,0,0.892
18,46,53,retrieved,18.2.20,46,0,0.812
2,814,21,probe-too-short,,,,
9,1675,40,retrieved,9.30.3,1676,-1,0.806
7,5292,22,probe-too-short,,,,
3,12099,34,retrieved,3.169.21,12133,-34,1.0
2,1000,21,probe-too-short,,,,
3,10869,27,retrieved,3.140.29,10920,-51,0.875
3,8729,36,retrieved,3.101.16,8872,-143,1.0
1,8269,22,probe-too-short,,,,
8,2424,22,probe-too-short,,,,
9,398,40,retrieved,9.8.32,399,-1,0.838
3,861,38,retrieved,3.22.13,861,0,0.886
3,675,16,probe-too-short,,,,
3,239,30,retrieved,3.4.22,240,-1,1.0
7,635,28,retrieved,7.16.17,635,0,1.0
13,7472,53,retrieved,13.160.15,7472,0,0.92
1,6680,32,retrieved,1.175.33,6743,-63,0.897
6,4614,24,retrieved,6.101.31,4617,-3,1.0
7,4865,31,retrieved,7.122.2,4862,3,1.0
2,2107,15,probe-too-short,,,,
12,4019,38,retrieved,12.108.30,4018,1,0.941
5,2160,31,retrieved,5.55.18,2161,-1,1.0
7,6512,23,probe-too-short,,,,
3,11471,15,probe-too-short,,,,
1,5105,22,probe-too-short,,,,
1,2434,44,retrieved,1.63.106,2438,-4,1.0
7,936,33,retrieved,7.22.17,936,0,1.0
2,2091,41,retrieved,2.61.29,2088,3,0.784
2,448,37,retrieved,2.11.30,447,1,0.882
12,7557,37,retrieved,12.207.40,7460,97,0.909
5,7083,27,retrieved,5.178.57,7084,-1,0.833
7,3577,36,retrieved,7.97.5,3568,9,1.0
12,6552,41,retrieved,12.175.30,6471,81,1.0
3,10669,25,retrieved,3.134.19,10722,-53,0.955
1,272,21,probe-too-short,,,,
1,5730,38,retrieved,1.144.16,5779,-49,1.0
4,228,58,retrieved,4.7.16,230,-2,1.0
1,3592,16,probe-too-short,,,,
1,7821,20,probe-too-short,,,,
12,9658,18,probe-too-short,,,,
13,5565,41,retrieved,13.113.2,5564,1,1.0
13,4749,19,probe-too-short,,,,
12,2639,46,retrieved,12.69.44,2639,0,0.829
3,5079,58,retrieved,3.83.9,6429,-1350,0.852
8,3855,48,retrieved,8.76.35,3855,0,0.911
1,1543,28,retrieved,1.34.24,1543,0,1.0
13,4899,25,retrieved,13.102.57,4899,0,1.0
3,17332,25,retrieved,3.313.47,17332,0,1.0
1,257,28,retrieved,1.1.264,218,39,0.72
1,4198,46,retrieved,1.104.30,4199,-1,1.0
12,8051,19,probe-too-short,,,,
2,1935,30,retrieved,2.54.2,1935,0,0.962
3,2494,18,probe-too-short,,,,
14,750,32,retrieved,14.26.2,747,3,0.862
12,8397,44,retrieved,12.228.65,8282,115,1.0
14,791,26,retrieved,14.28.4,791,0,1.0
12,53,23,probe-too-short,,,,
3,2512,22,probe-too-short,,,,
2,2118,30,retrieved,2.63.8,2117,1,1.0
8,4735,18,probe-too-short,,,,
2,930,29,retrieved,2.24.7,929,1,1.0
5,3263,19,probe-too-short,,,,
6,5829,23,probe-too-short,,,,
4,520,62,retrieved,4.17.19,520,0,1.0
12,3212,79,retrieved,12.85.19,3212,0,1.0
1,5405,22,probe-too-short,,,,
14,809,41,retrieved,14.28.22,809,0,1.0
7,1331,46,retrieved,7.30.30,1336,-5,0.86
5,4300,20,probe-too-short,,,,
8,4432,31,retrieved,8.87.60,4432,0,0.923
1,2416,42,retrieved,1.63.86,2418,-2,0.872
1,200,32,retrieved,1.1.202,156,44,1.0
2,2061,39,retrieved,2.61.10,2069,-8,1.0
5,3897,40,retrieved,5.114.2,3846,51,1.0
9,2665,62,not-retrieved,,,,0.431
13,1396,40,retrieved,13.19.16,1396,0,1.0
5,4510,26,retrieved,5.133.17,4445,65,0.87
12,7662,42,retrieved,12.210.21,7562,100,1.0
1,8032,18,probe-too-short,,,,
3,877,25,retrieved,3.22.29,877,0,0.955
1,6001,34,retrieved,1.153.40,6051,-50,0.935
13,937,19,probe-too-short,,,,
3,3078,14,probe-too-short,,,,
7,3781,19,probe-too-short,,,,
5,7633,19,probe-too-short,,,,
2,1925,27,retrieved,2.53.17,1924,1,1.0
8,225,35,retrieved,8.8.8,225,0,1.0
5,7209,56,retrieved,5.181.9,7209,0,1.0
7,3096,16,probe-too-short,,,,
2,1925,16,probe-too-short,,,,
14,78,21,probe-too-short,,,,
3,633,17,probe-too-short,,,,
3,14325,20,probe-too-short,,,,
7,3122,21,probe-too-short,,,,
1,5462,20,probe-too-short,,,,
8,2524,39,retrieved,8.52.5,2524,0,0.848
1,5936,80,retrieved,1.152.10,5985,-49,1.0
12,7780,81,retrieved,12.214.17,7675,105,0.945
14,1273,21,probe-too-short,,,,
3,2990,43,retrieved,3.76.35,2990,0,1.0
13,3896,42,retrieved,13.83.18,3863,33,0.897
3,9948,35,retrieved,3.109.2,9963,-15,0.875
4,410,37,retrieved,4.14.32,404,6,0.939
3,11293,44,retrieved,3.150.29,11337,-44,0.795
5,7230,23,probe-too-short,,,,
5,4410,28,retrieved,5.130.46,4346,64,1.0
5,7399,24,retrieved,5.188.11,7399,0,1.0
1,1463,28,retrieved,1.31.28,1429,34,1.0
1,4319,39,not-retrieved,,,,0.514
3,2752,41,retrieved,3.74.26,2915,-163,1.0
5,7348,64,retrieved,5.186.21,7348,0,0.81
14,548,37,retrieved,14.19.17,548,0,1.0
2,541,20,probe-too-short,,,,
6,4100,24,retrieved,6.92.5,4100,0,1.0
3,2638,39,retrieved,3.67.5,2638,0,1.0
5,7337,20,probe-too-short,,,,
3,13293,27,retrieved,3.197.21,13293,0,0.958
13,4455,25,retrieved,13.93.59,4454,1,1.0
1,27,32,retrieved,1.1.27,-19,46,0.897
7,619,22,probe-too-short,,,,
3,12115,38,retrieved,3.170.13,12149,-34,1.0
3,8812,56,retrieved,3.105.8,9527,-715,1.0
4,1697,43,retrieved,4.55.2,1698,-1,0.925
3,2089,36,retrieved,3.53.18,2090,-1,1.0
4,699,39,retrieved,4.22.6,699,0,1.0
2,81,18,probe-too-short,,,,
3,11980,46,retrieved,3.167.46,11980,0,0.721
1,7453,23,probe-too-short,,,,
3,16835,15,probe-too-short,,,,
3,16580,21,probe-too-short,,,,
3,2222,29,retrieved,3.57.32,2223,-1,1.0
5,1446,29,retrieved,5.39.1,1446,0,1.0
1,1749,28,retrieved,1.42.25,1749,0,0.88
3,11210,19,probe-too-short,,,,
13,3544,19,probe-too-short,,,,
8,1816,20,probe-too-short,,,,
8,4202,87,retrieved,8.82.23,4228,-26,1.0
4,1765,57,retrieved,4.56.6,1765,0,0.906
1,2963,49,retrieved,1.73.10,2963,0,0.783
12,3204,43,retrieved,12.85.11,3204,0,1.0
3,10907,45,retrieved,3.142.9,10957,-50,0.786
12,9566,21,probe-too-short,,,,
8,4336,36,retrieved,8.85.29,4336,0,0.97
5,4120,33,retrieved,5.123.23,4064,56,0.9
1,3581,13,probe-too-short,,,,
3,11741,32,retrieved,3.161.3,11778,-37,1.0
3,8772,46,retrieved,3.103.10,9201,-429,1.0
14,1148,40,retrieved,14.42.46,1147,1,0.892
7,1540,47,retrieved,7.36.3,1541,-1,0.818
5,3436,23,probe-too-short,,,,
2,1652,40,retrieved,2.46.24,1654,-2,0.892
1,243,36,retrieved,1.1.250,204,39,0.879
14,1654,30,retrieved,14.56.29,1654,0,0.778
13,4046,39,retrieved,13.85.32,4047,-1,0.886
1,6383,23,probe-too-short,,,,
6,3397,28,retrieved,6.77.61,3397,0,0.8
6,139,43,retrieved,6.3.71,139,0,0.9
13,5270,15,probe-too-short,,,,
13,3026,33,retrieved,13.59.24,3061,-35,1.0
6,27,32,retrieved,6.1.27,28,-1,1.0
12,7850,43,retrieved,12.217.9,7743,107,0.946
14,2623,46,retrieved,14.88.21,2624,-1,1.0
1,4350,41,retrieved,1.109.14,4350,0,1.0
3,7079,56,retrieved,3.84.1,7979,-900,0.936
3,15974,51,retrieved,3.277.30,15973,1,1.0
13,2499,20,probe-too-short,,,,
1,109,30,retrieved,1.1.111,65,44,1.0
3,16788,57,retrieved,3.297.41,16788,0,1.0
3,13706,16,probe-too-short,,,,
1,2440,27,retrieved,1.63.111,2443,-3,1.0
1,3480,27,retrieved,1.84.15,3460,20,0.833
1,4579,17,probe-too-short,,,,
1,3573,29,retrieved,1.88.10,3573,0,1.0
1,6453,38,retrieved,1.170.18,6513,-60,1.0
3,2346,41,retrieved,3.62.14,2346,0,1.0
5,931,22,probe-too-short,,,,
1,3454,27,retrieved,1.83.31,3434,20,1.0
1,453,43,retrieved,1.2.178,407,46,1.0
5,4218,39,retrieved,5.126.5,4158,60,0.889
5,2357,22,probe-too-short,,,,
1,1422,41,retrieved,1.30.39,1422,0,1.0
13,2890,24,retrieved,13.55.24,2890,0,0.905
12,10541,52,retrieved,12.286.10,10376,165,1.0
1,7040,65,retrieved,1.188.7,7106,-66,1.0
5,1472,19,probe-too-short,,,,
12,8933,40,retrieved,12.245.19,8812,121,1.0
13,1379,18,probe-too-short,,,,
3,2535,17,probe-too-short,,,,
3,630,19,probe-too-short,,,,
1,567,41,retrieved,1.2.297,526,41,0.886
3,2618,31,retrieved,3.66.11,2618,0,0.893
4,1347,81,retrieved,4.43.5,1321,26,0.895
4,1683,39,retrieved,4.54.23,1682,1,0.833
4,1042,40,retrieved,4.32.7,1042,0,1.0
1,5060,19,probe-too-short,,,,
1,5442,40,retrieved,1.137.24,5484,-42,1.0
12,12747,51,retrieved,12.335.51,12743,4,0.957
3,2621,20,probe-too-short,,,,
2,1090,21,probe-too-short,,,,
14,177,42,retrieved,14.7.25,177,0,0.923
14,1563,31,retrieved,14.54.1,1563,0,1.0
1,969,21,probe-too-short,,,,
5,7459,20,probe-too-short,,,,
1,4503,39,retrieved,1.115.22,4503,0,1.0
3,16637,45,retrieved,3.293.21,16636,1,1.0
5,4172,19,probe-too-short,,,,
1,7735,21,probe-too-short,,,,
4,272,40,retrieved,4.9.29,272,0,1.0
3,2600,17,probe-too-short,,,,
12,3170,15,probe-too-short,,,,
7,4180,26,retrieved,7.110.46,4171,9,0.913
4,157,21,probe-too-short,,,,
1,4264,24,retrieved,1.105.45,4264,0,1.0
3,2899,30,retrieved,3.74.10,2899,0,1.0
7,4253,46,retrieved,7.111.15,4253,0,0.976
6,146,37,retrieved,6.3.78,146,0,0.882
1,6614,40,retrieved,1.173.31,6676,-62,0.838
15,194,23,probe-too-short,,,,
1,7625,44,retrieved,1.209.7,7693,-68,0.975
12,9586,36,retrieved,12.267.27,9440,146,1.0
13,266,35,retrieved,13.5.4,266,0,0.906
1,2891,23,probe-too-short,,,,
12,7417,57,retrieved,12.203.1,7320,97,1.0
12,5219,78,retrieved,12.139.86,5166,53,1.0
8,1861,39,retrieved,8.40.46,1861,0,1.0
4,168,43,retrieved,4.5.27,168,0,1.0
4,170,43,retrieved,4.5.29,170,0,0.875
7,1527,39,retrieved,7.35.21,1527,0,0.972
4,1437,25,retrieved,4.46.2,1438,-1,0.864
12,6617,43,retrieved,12.177.32,6535,82,0.9
3,10062,37,retrieved,3.112.12,10099,-37,0.844
4,1489,45,retrieved,4.47.17,1487,2,1.0
13,2190,41,retrieved,13.37.7,2190,0,1.0
7,2651,39,retrieved,7.75.4,2651,0,0.889
4,1247,21,probe-too-short,,,,
1,4505,17,probe-too-short,,,,
1,2984,38,retrieved,1.73.31,2984,0,0.871
1,482,33,retrieved,1.2.207,436,46,0.967
4,130,20,probe-too-short,,,,
13,454,59,retrieved,13.10.22,453,1,0.625
4,245,16,probe-too-short,,,,
4,302,17,probe-too-short,,,,
5,853,26,retrieved,5.29.45,853,0,1.0
9,1074,41,retrieved,9.20.9,1079,-5,0.658
1,7640,29,retrieved,1.209.22,7708,-68,1.0
3,3024,19,probe-too-short,,,,
13,3209,41,retrieved,13.63.10,3209,0,1.0
1,4503,40,retrieved,1.115.22,4503,0,1.0
3,12191,22,probe-too-short,,,,
5,7130,17,probe-too-short,,,,
5,7452,23,probe-too-short,,,,
3,2557,23,probe-too-short,,,,
3,57,37,retrieved,3.2.11,57,0,1.0
4,964,50,retrieved,4.29.8,964,0,0.913
3,8850,36,retrieved,3.107.2,9850,-1000,1.0
4,155,45,retrieved,4.5.14,155,0,0.811
3,2711,18,probe-too-short,,,,
1,3657,54,retrieved,1.92.13,3657,0,0.922
5,1372,38,not-retrieved,,,,0.588
12,6753,79,retrieved,12.181.9,6670,83,1.0
3,8806,47,retrieved,3.105.2,9521,-715,1.0
2,1900,30,retrieved,2.52.42,1898,2,1.0
3,15705,22,probe-too-short,,,,
12,4730,16,probe-too-short,,,,
5,7450,45,retrieved,5.190.17,7450,0,0.902
14,2095,80,retrieved,14.72.12,2094,1,0.932
4,866,41,retrieved,4.25.6,866,0,1.0
12,4936,38,retrieved,12.138.24,4883,53,1.0
1,543,41,retrieved,1.2.272,501,42,0.895
5,2340,22,probe-too-short,,,,
12,2050,43,retrieved,12.57.4,2033,17,0.853
12,2705,41,retrieved,12.70.5,2683,22,0.842
13,5571,41,retrieved,13.113.8,5570,1,0.895
5,3406,23,probe-too-short,,,,
3,15726,54,retrieved,3.271.11,15727,-1,0.902
13,5593,26,retrieved,13.114.18,5592,1,0.913
6,5563,79,retrieved,6.118.50,5564,-1,0.84
12,2933,41,retrieved,12.78.17,2933,0,1.0
4,913,67,retrieved,4.28.2,914,-1,0.857
12,5116,21,probe-too-short,,,,
3,10452,40,retrieved,3.126.30,10512,-60,1.0
3,12714,37,retrieved,3.185.37,12714,0,0.882
13,5895,40,retrieved,13.124.16,5895,0,1.0
4,1483,42,retrieved,4.47.12,1482,1,1.0
12,4105,75,retrieved,12.111.23,4065,40,1.0
6,3910,51,retrieved,6.88.24,3910,0,1.0
6,3313,39,retrieved,6.75.37,3304,9,0.75
3,1926,43,retrieved,3.48.13,1927,-1,1.0
3,10419,39,retrieved,3.125.23,10479,-60,1.0
13,3231,38,retrieved,13.63.32,3231,0,1.0
1,3633,27,retrieved,1.91.7,3633,0,1.0
1,6966,50,retrieved,1.185.22,7031,-65,0.872
1,1172,70,retrieved,1.19.15,1172,0,1.0
3,15446,83,retrieved,3.261.6,15446,0,1.0
1,4790,39,retrieved,1.123.34,4790,0,1.0
5,1675,52,retrieved,5.43.55,1675,0,1.0
1,1690,21,probe-too-short,,,,
12,12751,29,retrieved,12.335.55,12747,4,0.68
1,727,41,retrieved,1.3.62,727,0,0.974
7,1912,35,retrieved,7.48.27,1911,1,0.844
12,8658,39,retrieved,12.236.14,8540,118,1.0
3,13845,40,retrieved,3.209.4,13860,-15,1.0
8,3460,42,retrieved,8.69.58,3458,2,1.0
15,756,21,probe-too-short,,,,
3,13939,38,retrieved,3.211.20,13939,0,1.0
5,3391,81,retrieved,5.95.8,3347,44,0.948
6,5785,23,probe-too-short,,,,
4,1729,31,not-retrieved,,,,0.0
3,10299,29,retrieved,3.95.28,8538,1761,1.0
13,4350,25,retrieved,13.91.25,4350,0,1.0
13,4879,59,retrieved,13.102.37,4879,0,0.906
1,2596,36,retrieved,1.66.32,2596,0,1.0
2,2558,33,retrieved,2.77.45,2558,0,0.966
5,2799,18,probe-too-short,,,,
8,1645,41,retrieved,8.35.25,1644,1,1.0
14,566,42,retrieved,14.19.34,565,1,0.821
13,2161,18,probe-too-short,,,,
3,2380,18,probe-too-short,,,,
3,12929,16,probe-too-short,,,,
2,2130,75,retrieved,2.64.10,2130,0,1.0
12,10599,41,retrieved,12.287.47,10434,165,1.0
3,2544,16,probe-too-short,,,,
5,2763,19,probe-too-short,,,,
3,15748,26,retrieved,3.271.33,15749,-1,1.0
3,2097,38,retrieved,3.53.26,2098,-1,1.0
3,2350,30,retrieved,3.62.18,2350,0,1.0
1,2607,24,retrieved,1.66.42,2606,1,0.81
16,57,19,probe-too-short,,,,
14,828,39,retrieved,14.29.12,828,0,1.0
3,15716,39,retrieved,3.271.1,15717,-1,0.917
12,10629,78,retrieved,12.288.18,10464,165,1.0
3,2548,23,probe-too-short,,,,
1,5457,40,retrieved,1.138.15,5500,-43,1.0
9,1074,26,retrieved,9.20.9,1079,-5,1.0
8,3036,42,retrieved,8.60.61,3037,-1,0.895
5,5148,31,retrieved,5.151.50,5070,78,1.0
3,8879,22,probe-too-short,,,,
9,1079,30,retrieved,9.20.14,1084,-5,1.0
3,15340,37,retrieved,3.257.16,15340,0,1.0
13,5355,40,retrieved,13.108.7,5355,0,0.743
3,14024,41,retrieved,3.214.24,14036,-12,1.0
12,1422,43,retrieved,12.38.30,1422,0,1.0
12,13216,13,probe-too-short,,,,
1,7944,56,retrieved,1.220.14,8025,-81,0.961
5,7272,52,retrieved,5.184.6,7272,0,1.0
1,1090,38,retrieved,1.16.21,1089,1,1.0
13,3677,38,retrieved,13.76.13,3677,0,0.882
3,334,20,probe-too-short,,,,
1,741,36,retrieved,1.3.79,744,-3,1.0
5,2799,22,probe-too-short,,,,
4,919,38,retrieved,4.28.7,919,0,1.0
1,4166,20,probe-too-short,,,,
8,1663,21,probe-too-short,,,,
8,1365,39,retrieved,8.32.41,1365,0,1.0
7,3675,20,probe-too-short,,,,
5,1077,53,retrieved,5.33.107,1077,0,0.918
3,1320,42,retrieved,3.33.57,1320,0,1.0
8,617,23,probe-too-short,,,,
1,5932,22,probe-too-short,,,,
2,2704,27,retrieved,2.81.33,2704,0,1.0
3,2733,34,retrieved,3.69.40,2733,0,1.0
12,8563,19,probe-too-short,,,,
12,8564,44,retrieved,12.233.10,8447,117,0.927
13,4713,44,retrieved,13.98.37,4713,0,0.927
4,352,17,probe-too-short,,,,
2,2231,24,retrieved,2.67.35,2221,10,1.0
2,2240,26,retrieved,2.67.44,2230,10,0.87
3,15588,37,retrieved,3.265.1,15588,0,1.0
3,16280,20,probe-too-short,,,,
3,13538,36,retrieved,3.202.24,13538,0,1.0
3,15670,32,retrieved,3.269.4,15670,0,0.897
1,6959,33,retrieved,1.185.15,7024,-65,1.0
1,1336,14,probe-too-short,,,,
4,695,21,probe-too-short,,,,
3,269,24,retrieved,3.6.8,269,0,1.0
12,13417,64,retrieved,12.345.19,13429,-12,1.0
13,1800,55,retrieved,13.26.42,1800,0,0.923
1,7035,17,probe-too-short,,,,
4,460,30,retrieved,4.16.9,460,0,1.0
12,13412,33,retrieved,12.345.14,13424,-12,1.0
14,986,13,probe-too-short,,,,
3,444,40,retrieved,3.11.59,444,0,0.892
12,3307,37,retrieved,12.88.6,3307,0,1.0
12,4361,40,retrieved,12.120.11,4316,45,1.0
1,6962,20,probe-too-short,,,,
1,815,49,not-retrieved,,,,0.489
12,1389,21,probe-too-short,,,,
13,6151,37,retrieved,13.131.10,6151,0,0.735
1,8174,18,probe-too-short,,,,
6,80,41,retrieved,6.3.13,81,-1,1.0
3,1545,37,retrieved,3.38.30,1545,0,1.0
12,9071,24,not-retrieved,,,,0.0
1,2033,14,probe-too-short,,,,
7,9621,41,retrieved,7.202.129,9620,1,1.0
4,225,28,retrieved,4.7.13,227,-2,1.0
12,10432,18,probe-too-short,,,,
12,13114,15,probe-too-short,,,,
13,3046,42,retrieved,13.60.3,3046,0,1.0
3,13372,39,retrieved,3.207.72,13772,-400,0.889
3,12727,19,probe-too-short,,,,
13,3165,48,retrieved,13.62.63,3165,0,1.0
3,13035,21,probe-too-short,,,,
12,13108,57,not-retrieved,,,,0.0
4,119,39,retrieved,4.4.37,119,0,0.829
13,519,15,probe-too-short,,,,
13,4901,37,retrieved,13.102.59,4901,0,1.0
3,2499,12,probe-too-short,,,,
1,3464,19,probe-too-short,,,,
1,8459,23,probe-too-short,,,,
12,9666,19,probe-too-short,,,,
7,2180,20,probe-too-short,,,,
2,2589,19,probe-too-short,,,,
13,968,23,probe-too-short,,,,
7,2112,36,retrieved,7.54.39,2111,1,1.0
15,61,31,retrieved,15.3.2,62,-1,1.0
3,13655,33,retrieved,3.206.4,13655,0,0.867
5,2402,44,retrieved,5.61.21,2370,32,1.0
13,2144,79,retrieved,13.35.3,2144,0,1.0
13,4900,15,probe-too-short,,,,
1,3847,27,retrieved,1.96.6,3846,1,1.0
1,1783,22,probe-too-short,,,,
5,3882,34,retrieved,5.113.10,3831,51,1.0
5,3880,16,probe-too-short,,,,
13,3861,22,probe-too-short,,,,
13,195,17,probe-too-short,,,,
1,3596,55,retrieved,1.89.20,3596,0,1.0
3,2514,20,probe-too-short,,,,
1,5596,40,retrieved,1.140.55,5644,-48,1.0
5,3230,23,probe-too-short,,,,
13,4817,59,retrieved,13.101.5,4817,0,0.943
5,338,31,retrieved,5.10.47,338,0,0.786
7,1387,41,retrieved,7.32.15,1387,0,1.0
5,5877,27,retrieved,5.169.27,5854,23,1.0
3,2668,20,probe-too-short,,,,
1,8282,41,retrieved,1.227.50,8378,-96,1.0
3,16501,40,retrieved,3.290.4,16500,1,0.919
5,5316,42,retrieved,5.157.3,5237,79,1.0
1,4450,22,probe-too-short,,,,
1,1511,82,not-retrieved,,,,0.506
7,3332,38,retrieved,7.92.72,3331,1,1.0
5,3813,76,retrieved,5.110.13,3764,49,1.0
6,619,78,not-retrieved,,,,0.5
12,5350,58,retrieved,12.141.32,5296,54,0.63
9,760,25,retrieved,9.15.8,760,0,1.0
5,2225,26,retrieved,5.56.12,2225,0,1.0
13,3932,41,retrieved,13.84.2,3934,-2,1.0
13,7386,29,retrieved,13.158.33,7386,0,1.0
13,7070,23,probe-too-short,,,,
12,2874,19,probe-too-short,,,,
5,1905,53,retrieved,5.48.98,1905,0,1.0
13,521,15,probe-too-short,,,,
7,1318,38,retrieved,7.30.17,1323,-5,1.0
8,2377,39,retrieved,8.49.80,2378,-1,1.0
1,2492,12,probe-too-short,,,,
4,1672,38,retrieved,4.54.13,1672,0,1.0
13,2417,22,probe-too-short,,,,
8,4040,83,not-retrieved,,,,0.519
1,6940,37,retrieved,1.184.16,7005,-65,0.794
1,6972,12,probe-too-short,,,,
7,2199,21,probe-too-short,,,,
6,2793,35,retrieved,6.63.14,2793,0,0.833
3,2855,14,probe-too-short,,,,
3,2995,18,probe-too-short,,,,
3,15655,27,retrieved,3.268.17,15654,1,0.875
6,2269,18,probe-too-short,,,,
3,806,27,retrieved,3.20.30,806,0,0.952
1,4792,17,probe-too-short,,,,
3,2401,18,probe-too-short,,,,
3,12378,33,retrieved,3.178.16,12410,-32,0.833
4,1630,19,probe-too-short,,,,
1,7650,28,retrieved,1.209.32,7718,-68,0.833
7,882,51,retrieved,7.21.28,882,0,1.0
5,5169,40,retrieved,5.151.71,5091,78,0.865
3,2501,25,not-retrieved,,,,0.0
4,2017,19,probe-too-short,,,,
1,5468,18,probe-too-short,,,,
7,6814,18,probe-too-short,,,,
3,8812,18,probe-too-short,,,,
7,6143,16,probe-too-short,,,,
4,359,16,probe-too-short,,,,
1,119,18,probe-too-short,,,,
2,1925,26,retrieved,2.53.18,1925,0,0.818
7,4133,38,retrieved,7.109.37,4133,0,0.667
5,7241,23,probe-too-short,,,,
4,1290,16,probe-too-short,,,,
5,7225,20,probe-too-short,,,,
1,6002,22,probe-too-short,,,,
1,1187,35,retrieved,1.19.30,1187,0,1.0
7,61,28,retrieved,7.2.10,61,0,0.8
7,8127,17,probe-too-short,,,,
1,2896,37,retrieved,1.71.2,2878,18,0.882
12,7625,23,probe-too-short,,,,
1,3730,20,probe-too-short,,,,
2,1831,44,retrieved,2.51.11,1831,0,0.902
13,313,37,retrieved,13.6.19,313,0,1.0
1,4606,40,retrieved,1.119.16,4606,0,1.0
1,7358,84,retrieved,1.199.12,7424,-66,0.947
1,3710,22,probe-too-short,,,,
13,6655,79,retrieved,13.144.32,6655,0,0.908
1,8448,71,retrieved,1.233.20,8546,-98,0.955
1,5751,41,retrieved,1.145.18,5800,-49,1.0
14,134,20,probe-too-short,,,,
14,1605,21,probe-too-short,,,,
5,7505,22,probe-too-short,,,,
2,1989,27,retrieved,2.57.3,1989,0,1.0
13,7721,40,retrieved,13.167.16,7721,0,0.917
15,522,21,probe-too-short,,,,
5,1806,40,retrieved,5.47.15,1788,18,1.0
1,5749,66,retrieved,1.145.16,5798,-49,1.0
5,7100,12,probe-too-short,,,,
1,3673,37,retrieved,1.93.10,3673,0,1.0
4,1137,31,retrieved,4.34.8,1137,0,1.0
3,16444,15,probe-too-short,,,,
10,475,22,probe-too-short,,,,
3,2607,38,retrieved,3.65.76,2607,0,1.0
4,179,24,retrieved,4.6.2,179,0,0.714
13,7662,11,probe-too-short,,,,
3,11073,33,retrieved,3.146.5,11121,-48,0.964
2,988,37,retrieved,2.25.6,988,0,1.0
5,4600,35,retrieved,5.135.20,4534,66,1.0
13,5288,41,retrieved,13.107.84,5288,0,1.0
7,2930,46,retrieved,7.82.20,2930,0,1.0
13,901,30,retrieved,13.14.308,899,2,0.762
12,13240,38,retrieved,12.342.82,13241,-1,1.0
1,5336,15,probe-too-short,,,,
3,977,26,retrieved,3.26.14,977,0,1.0
10,495,27,retrieved,10.9.16,495,0,1.0
3,1036,37,retrieved,3.28.8,1036,0,1.0
5,7143,19,probe-too-short,,,,
3,1776,14,probe-too-short,,,,
1,3,12,probe-too-short,,,,
1,5336,40,retrieved,1.134.25,5377,-41,1.0
3,10043,14,probe-too-short,,,,
3,10062,19,probe-too-short,,,,
1,1667,17,probe-too-short,,,,
1,5561,20,probe-too-short,,,,
4,967,20,probe-too-short,,,,
7,8750,18,probe-too-short,,,,
4,233,13,probe-too-short,,,,
3,1828,15,probe-too-short,,,,
3,1826,18,probe-too-short,,,,
5,3939,18,probe-too-short,,,,
7,8859,22,probe-too-short,,,,
12,8201,20,probe-too-short,,,,
1,5623,36,retrieved,1.140.83,5672,-49,0.758
5,1107,21,probe-too-short,,,,
2,1949,14,probe-too-short,,,,
6,3847,29,retrieved,6.87.1,3859,-12,0.808
8,1143,76,retrieved,8.28.25,1177,-34,1.0
5,1130,18,probe-too-short,,,,
5,7248,49,retrieved,5.183.1,7248,0,0.905
3,8681,20,probe-too-short,,,,
4,202,26,retrieved,4.6.25,202,0,0.818
3,2929,40,retrieved,3.75.9,2930,-1,0.892
5,4564,40,retrieved,5.134.26,4499,65,0.973
3,15588,13,probe-too-short,,,,
4,394,24,retrieved,4.14.22,394,0,0.905
5,1130,22,probe-too-short,,,,
1,3230,32,not-retrieved,,,,0.379
14,2271,22,probe-too-short,,,,
12,10675,22,probe-too-short,,,,
1,791,28,retrieved,1.3.128,793,-2,1.0
6,2995,28,retrieved,6.66.23,2998,-3,1.0
15,954,13,probe-too-short,,,,
2,647,38,retrieved,2.15.13,647,0,0.939
5,1087,15,probe-too-short,,,,
12,458,35,retrieved,12.15.35,458,0,0.867
12,6518,18,probe-too-short,,,,
2,578,47,retrieved,2.14.14,578,0,0.727
5,7181,18,probe-too-short,,,,
1,1214,20,probe-too-short,,,,
7,2913,21,probe-too-short,,,,
4,307,16,probe-too-short,,,,
4,845,29,retrieved,4.24.17,845,0,1.0
7,177,44,retrieved,7.7.9,177,0,0.825
9,2468,30,retrieved,9.44.19,2468,0,0.852
5,4100,39,retrieved,5.123.4,4045,55,1.0
2,2532,26,retrieved,2.77.19,2532,0,1.0
4,2006,39,retrieved,4.62.9,2005,1,0.778
8,4250,40,retrieved,8.83.43,4250,0,1.0
3,6093,23,probe-too-short,,,,
13,1164,42,not-retrieved,,,,0.0
13,1164,42,not-retrieved,,,,0.0
4,305,27,retrieved,4.11.8,305,0,1.0
1,4114,17,probe-too-short,,,,
8,1812,20,probe-too-short,,,,
5,4802,51,retrieved,5.141.47,4733,69,0.872
6,4556,35,retrieved,6.100.27,4556,0,1.0
1,7184,50,retrieved,1.193.11,7252,-68,1.0
6,2738,20,probe-too-short,,,,
8,1806,39,retrieved,8.39.26,1806,0,0.943
1,1000,28,retrieved,1.11.6,1000,0,0.96
1,3412,27,retrieved,1.82.16,3412,0,1.0
2,1809,23,probe-too-short,,,,
3,16093,74,retrieved,3.280.1,16092,1,1.0
12,5807,38,retrieved,12.154.7,5744,63,1.0
7,6786,27,not-retrieved,,,,0.0
12,1586,15,probe-too-short,,,,
1,257,41,retrieved,1.1.264,218,39,1.0
2,1110,17,probe-too-short,,,,
15,800,12,probe-too-short,,,,
4,1008,17,probe-too-short,,,,
13,1313,15,probe-too-short,,,,
3,7014,46,retrieved,3.83.144,6564,450,0.7
1,8882,43,retrieved,1.230.20,8481,401,1.0
5,7090,41,retrieved,5.178.64,7091,-1,1.0
4,1728,38,retrieved,4.55.31,1727,1,1.0
1,3278,17,probe-too-short,,,,
7,327,36,retrieved,7.10.22,326,1,0.697
3,5027,19,probe-too-short,,,,
13,3083,43,retrieved,13.61.20,3083,0,1.0
1,4802,28,retrieved,1.123.46,4802,0,1.0
4,877,49,retrieved,4.25.17,877,0,0.884
3,13781,22,probe-too-short,,,,
1,4169,19,probe-too-short,,,,
12,3400,38,retrieved,12.90.38,3366,34,1.0
3,2604,37,retrieved,3.74.15,2904,-300,0.882
8,185,19,probe-too-short,,,,
4,2227,40,retrieved,4.68.64,2225,2,1.0
12,9377,47,retrieved,12.262.37,9238,139,0.917
12,417,62,retrieved,12.14.34,417,0,0.638
3,1142,16,probe-too-short,,,,
4,1016,19,probe-too-short,,,,
14,1929,33,retrieved,14.65.17,1929,0,0.643
5,7210,23,probe-too-short,,,,
3,2406,28,retrieved,3.64.6,2406,0,0.92
2,1915,18,probe-too-short,,,,
3,13309,13,probe-too-short,,,,
13,2352,24,retrieved,13.42.9,2352,0,1.0
13,976,26,retrieved,13.14.383,974,2,0.783
7,78,21,probe-too-short,,,,
6,5525,20,probe-too-short,,,,
1,1406,39,retrieved,1.30.23,1406,0,0.886
3,14958,20,probe-too-short,,,,
14,2315,21,probe-too-short,,,,
4,51,19,probe-too-short,,,,
15,627,13,probe-too-short,,,,
1,7745,88,retrieved,1.213.3,7812,-67,0.812
1,5033,13,probe-too-short,,,,
2,256,43,retrieved,2.5.121,255,1,1.0
3,5055,38,retrieved,3.82.113,5055,0,1.0
5,5703,43,retrieved,5.164.2,5614,89,0.895
9,2148,56,retrieved,9.37.30,2147,1,0.925
13,5261,45,retrieved,13.107.57,5261,0,0.756
3,13974,91,retrieved,3.213.16,13975,-1,0.894
12,1365,78,retrieved,12.37.22,1365,0,1.0
3,12630,39,retrieved,3.183.73,12629,1,1.0
2,776,21,probe-too-short,,,,
16,136,38,retrieved,16.5.5,137,-1,0.906
4,1885,42,retrieved,4.58.61,1884,1,1.0
14,2694,15,probe-too-short,,,,
9,586,19,probe-too-short,,,,
2,987,26,retrieved,2.25.5,987,0,0.87
1,7934,15,probe-too-short,,,,
10,557,21,probe-too-short,,,,
5,1050,43,retrieved,5.33.80,1050,0,0.829
1,8196,12,probe-too-short,,,,
2,330,14,probe-too-short,,,,
3,793,60,retrieved,3.20.17,793,0,1.0
5,3547,40,retrieved,5.99.1,3501,46,1.0
3,2748,33,retrieved,3.70.5,2748,0,1.0
3,2448,28,retrieved,3.64.48,2448,0,1.0
3,16446,21,probe-too-short,,,,
8,3240,16,probe-too-short,,,,
8,2685,22,probe-too-short,,,,
5,2568,34,retrieved,5.70.10,2569,-1,1.0
2,88,27,not-retrieved,,,,0.0
9,909,30,retrieved,9.17.46,909,0,0.778
13,1634,36,retrieved,13.23.62,1633,1,1.0
2,672,19,probe-too-short,,,,
7,5120,36,retrieved,7.126.25,5118,2,1.0
3,15158,15,probe-too-short,,,,
13,1651,12,probe-too-short,,,,
2,1824,16,probe-too-short,,,,
5,894,24,retrieved,5.30.28,894,0,1.0
12,7471,11,probe-too-short,,,,
2,525,26,retrieved,2.13.12,525,0,1.0
1,4804,34,retrieved,1.123.48,4804,0,1.0
4,1772,38,retrieved,4.56.13,1772,0,1.0
9,2473,20,probe-too-short,,,,
1,8013,24,retrieved,1.221.53,8096,-83,0.95
12,4486,14,probe-too-short,,,,
1,3730,39,retrieved,1.94.40,3730,0,0.889
1,4990,20,probe-too-short,,,,
12,6269,16,probe-too-short,,,,
5,32,54,retrieved,5.2.6,32,0,1.0
2,912,77,retrieved,2.23.23,912,0,1.0
1,174,59,retrieved,1.1.176,130,44,1.0
12,12357,51,retrieved,12.327.46,12357,0,0.771
15,205,27,retrieved,15.5.36,205,0,1.0
4,30,20,probe-too-short,,,,
13,3082,16,probe-too-short,,,,
2,1210,43,retrieved,2.33.7,1214,-4,0.9
12,2099,18,probe-too-short,,,,
7,8531,36,retrieved,7.187.14,8532,-1,1.0
12,9735,40,retrieved,12.270.29,9586,149,1.0
5,1399,17,probe-too-short,,,,
1,4650,19,probe-too-short,,,,
1,3969,69,retrieved,1.100.2,3968,1,0.864
12,1610,41,retrieved,12.47.22,1609,1,1.0
2,2275,40,retrieved,2.68.25,2275,0,1.0
3,15229,39,retrieved,3.253.22,15228,1,0.939
5,40,23,probe-too-short,,,,
3,15656,28,retrieved,3.268.18,15655,1,1.0
3,13700,21,probe-too-short,,,,
12,7846,40,retrieved,12.217.5,7739,107,1.0
3,13086,35,retrieved,3.190.77,13085,1,1.0
9,62,38,retrieved,9.2.6,62,0,0.629
3,12678,45,retrieved,3.185.2,12679,-1,1.0
14,1406,42,retrieved,14.50.39,1405,1,0.892
13,4587,16,probe-too-short,,,,
12,8929,37,retrieved,12.245.15,8808,121,0.706
4,2102,27,retrieved,4.65.16,2102,0,1.0
1,637,18,probe-too-short,,,,
3,959,18,probe-too-short,,,,
2,260,18,probe-too-short,,,,
1,4512,21,probe-too-short,,,,
12,6212,22,probe-too-short,,,,
4,158,28,retrieved,4.5.17,158,0,1.0
3,477,40,retrieved,3.12.17,477,0,1.0
1,1124,22,probe-too-short,,,,
12,7552,21,probe-too-short,,,,
4,1835,25,retrieved,4.58.12,1835,0,0.955
9,2684,25,retrieved,9.46.66,2684,0,0.727
5,3139,35,retrieved,5.90.11,3139,0,0.933
8,3445,38,retrieved,8.69.43,3443,2,1.0
7,5071,38,retrieved,7.125.55,5062,9,0.771
1,6402,15,probe-too-short,,,,
2,1736,12,probe-too-short,,,,
14,2579,41,retrieved,14.87.6,2580,-1,0.895
8,1788,20,probe-too-short,,,,
4,353,12,probe-too-short,,,,
5,4086,36,retrieved,5.122.9,4032,54,0.788
6,3498,26,not-retrieved,,,,0.0
13,3439,62,retrieved,13.69.10,3439,0,1.0
12,551,26,retrieved,12.18.17,551,0,1.0
4,68,11,probe-too-short,,,,
13,3569,28,retrieved,13.73.16,3569,0,1.0
12,10210,37,retrieved,12.283.3,10052,158,1.0
2,2532,19,probe-too-short,,,,
12,9953,26,retrieved,12.277.26,9801,152,1.0
5,771,24,retrieved,5.27.5,771,0,1.0
1,5141,23,probe-too-short,,,,
12,6548,26,retrieved,12.277.26,9801,-3253,1.0
8,2537,13,probe-too-short,,,,
8,2563,20,probe-too-short,,,,
11,102,35,retrieved,11.3.19,102,0,1.0
12,2923,39,retrieved,12.78.7,2923,0,1.0
13,4632,41,retrieved,13.96.4,4632,0,1.0
3,2925,40,retrieved,3.75.5,2926,-1,1.0
16,1,26,retrieved,16.1.1,1,0,1.0
5,6069,40,retrieved,5.176.46,6069,0,1.0
1,7052,13,probe-too-short,,,,
13,2676,24,retrieved,13.51.9,2676,0,1.0
13,4812,17,probe-too-short,,,,
2,784,37,retrieved,2.20.17,784,0,1.0
12,7864,76,not-retrieved,,,,0.529
1,6845,37,retrieved,1.180.4,6909,-64,1.0
8,4451,32,retrieved,8.87.79,4451,0,0.815
5,1428,38,retrieved,5.38.30,1428,0,1.0
14,1424,73,retrieved,14.51.1,1425,-1,0.953
13,1585,17,probe-too-short,,,,
3,15812,28,retrieved,3.272.35,15812,0,0.72
6,3317,38,retrieved,6.76.4,3315,2,1.0
1,3267,26,retrieved,1.77.12,3246,21,0.864
12,13926,38,retrieved,12.364.2,13930,-4,1.0
12,12358,35,retrieved,12.327.47,12358,0,1.0
1,3267,26,retrieved,1.77.12,3246,21,0.864
1,1780,41,retrieved,1.43.15,1780,0,1.0
13,3608,43,retrieved,13.74.3,3608,0,0.9
4,1971,40,retrieved,4.61.21,1970,1,0.919
8,5046,20,probe-too-short,,,,
12,8003,37,retrieved,12.220.20,7893,110,1.0
7,2019,19,probe-too-short,,,,
3,16601,40,retrieved,3.291.70,16600,1,1.0
5,1114,41,retrieved,5.34.21,1114,0,1.0
3,1827,42,retrieved,3.46.11,1828,-1,1.0
12,13201,43,retrieved,12.342.16,13175,26,1.0
14,73,15,probe-too-short,,,,
12,6101,74,not-retrieved,,,,0.515
12,2545,39,retrieved,12.68.11,2545,0,0.889
7,2956,34,retrieved,7.83.11,2956,0,0.903
12,6729,36,retrieved,12.180.40,6647,82,1.0
13,6644,43,retrieved,13.144.21,6644,0,0.85
3,14817,33,retrieved,3.238.22,14817,0,1.0
12,6648,40,retrieved,12.178.9,6566,82,0.886
4,1645,21,probe-too-short,,,,
12,594,40,retrieved,12.19.20,594,0,0.892
8,3761,15,probe-too-short,,,,
8,1905,12,probe-too-short,,,,
9,2038,11,probe-too-short,,,,
12,13283,47,retrieved,12.342.124,13283,0,0.818
1,1656,41,retrieved,1.40.2,1625,31,1.0
3,94,38,retrieved,3.2.48,94,0,0.886
12,951,38,retrieved,12.29.58,951,0,1.0
5,1612,78,retrieved,5.42.38,1612,0,1.0
3,2802,82,retrieved,3.71.31,2802,0,1.0
12,3021,35,retrieved,12.80.39,3021,0,0.719
1,3559,113,retrieved,1.87.9,3540,19,0.925
12,3242,73,retrieved,12.86.15,3242,0,1.0
12,9379,20,probe-too-short,,,,
4,1166,18,probe-too-short,,,,
3,11892,22,probe-too-short,,,,
12,13247,21,probe-too-short,,,,
1,8036,13,probe-too-short,,,,
14,567,19,probe-too-short,,,,
7,5317,40,retrieved,7.130.8,5320,-3,0.919
12,4739,39,retrieved,12.130.13,4688,51,1.0
4,505,38,retrieved,4.17.3,504,1,1.0
13,7535,39,retrieved,13.162.4,7535,0,0.9
12,4022,55,retrieved,12.108.33,4021,1,1.0
12,489,92,retrieved,12.16.8,489,0,0.857
3,14727,54,retrieved,3.235.6,14727,0,0.863
5,735,58,retrieved,5.25.13,735,0,1.0
2,2558,23,probe-too-short,,,,
5,3714,21,probe-too-short,,,,
2,761,40,retrieved,2.19.22,761,0,0.892
5,4117,41,retrieved,5.123.20,4061,56,1.0
5,3720,38,retrieved,5.106.7,3673,47,1.0
13,5034,68,retrieved,13.104.80,5034,0,0.984
5,4901,22,probe-too-short,,,,
3,17051,19,probe-too-short,,,,
1,2980,15,probe-too-short,,,,
13,5358,39,retrieved,13.108.10,5358,0,1.0
6,1757,54,retrieved,6.46.1,1757,0,0.939
5,3493,12,probe-too-short,,,,
12,10781,24,retrieved,12.293.12,10726,55,1.0
1,3061,37,retrieved,1.74.74,3061,0,0.676
13,6490,17,probe-too-short,,,,
7,7516,25,retrieved,7.168.5,7527,-11,0.909
12,11899,20,probe-too-short,,,,
12,3586,83,retrieved,12.97.6,3586,0,0.941
1,4344,33,retrieved,1.109.8,4344,0,0.966
5,573,60,retrieved,5.19.4,573,0,0.789
3,13389,56,retrieved,3.200.40,13389,0,0.941
5,863,39,retrieved,5.29.55,863,0,0.968
13,3944,12,probe-too-short,,,,
13,2178,38,retrieved,13.36.14,2178,0,0.886
4,716,18,probe-too-short,,,,
12,12931,14,probe-too-short,,,,
14,543,77,retrieved,14.19.12,543,0,0.943
12,631,42,retrieved,12.21.17,631,0,1.0
2,141,25,retrieved,2.5.7,141,0,0.714
1,5806,19,probe-too-short,,,,
3,8117,39,retrieved,3.84.139,8117,0,1.0
2,893,18,probe-too-short,,,,
11,144,35,retrieved,11.5.20,143,1,1.0
12,7901,15,probe-too-short,,,,
5,4943,79,retrieved,5.146.15,4873,70,1.0
3,13065,39,retrieved,3.190.57,13065,0,0.941
3,11700,48,retrieved,3.160.39,11699,1,0.8
7,3166,14,probe-too-short,,,,
4,1340,18,probe-too-short,,,,
12,10038,12,probe-too-short,,,,
3,17249,74,retrieved,3.312.8,17248,1,0.912
13,1796,28,retrieved,13.26.38,1796,0,1.0
3,11729,11,probe-too-short,,,,
1,4475,19,probe-too-short,,,,
7,8540,47,retrieved,7.187.23,8541,-1,0.951
12,8681,39,retrieved,12.236.35,8561,120,1.0
1,2177,11,probe-too-short,,,,
5,1273,39,retrieved,5.36.14,1273,0,1.0
1,7330,28,retrieved,1.198.2,7396,-66,1.0
3,8659,26,retrieved,3.99.43,8659,0,0.682
1,5794,32,retrieved,1.146.28,5844,-50,0.897
12,12280,34,retrieved,12.326.20,12280,0,0.903
13,5767,16,probe-too-short,,,,
2,1218,69,retrieved,2.33.15,1222,-4,0.95
13,4350,37,retrieved,13.91.25,4350,0,1.0
14,1919,74,not-retrieved,,,,0.507
8,1276,36,retrieved,8.31.27,1276,0,1.0
3,12454,17,probe-too-short,,,,
1,6950,38,retrieved,1.185.6,7015,-65,1.0
6,5775,11,probe-too-short,,,,
13,2385,18,probe-too-short,,,,
2,1361,21,probe-too-short,,,,
7,3203,78,retrieved,7.90.21,3203,0,1.0
5,942,27,retrieved,5.32.4,942,0,1.0
3,11322,30,retrieved,3.151.5,11365,-43,0.926
6,5754,28,retrieved,6.120.64,5752,2,0.792
1,7781,39,retrieved,1.214.6,7850,-69,1.0
5,173,39,retrieved,5.8.2,173,0,1.0
2,798,37,retrieved,2.21.1,798,0,1.0
1,1051,71,retrieved,1.14.1,1018,33,1.0
3,14674,19,probe-too-short,,,,
1,7138,34,retrieved,1.191.8,7206,-68,0.968
3,1426,36,retrieved,3.36.16,1426,0,0.839
13,5090,27,retrieved,13.104.136,5090,0,1.0
5,7246,12,probe-too-short,,,,
5,7252,76,retrieved,5.183.5,7252,0,1.0
4,234,20,probe-too-short,,,,
14,379,73,retrieved,14.15.8,379,0,1.0
3,14141,64,retrieved,3.219.12,14141,0,1.0
2,132,38,retrieved,2.4.38,133,-1,0.647
1,535,36,retrieved,1.2.261,490,45,1.0
13,2654,26,retrieved,13.50.14,2654,0,1.0
12,6691,19,probe-too-short,,,,
2,169,21,probe-too-short,,,,
1,2005,32,retrieved,1.50.45,2005,0,0.897
4,1693,30,retrieved,4.54.34,1693,0,1.0
12,1613,65,retrieved,12.47.26,1613,0,0.833
13,2574,44,retrieved,13.48.12,2574,0,1.0
12,4219,36,retrieved,12.114.10,4177,42,1.0
7,7826,33,retrieved,7.173.51,7826,0,0.852
12,2337,24,retrieved,12.61.14,2337,0,1.0
12,378,37,retrieved,12.13.8,378,0,1.0
13,4439,38,retrieved,13.93.43,4438,1,0.794
7,2365,41,retrieved,7.67.10,2365,0,0.944
3,13851,79,not-retrieved,,,,0.449
12,5064,38,retrieved,12.138.153,5012,52,1.0
12,4993,37,retrieved,12.138.82,4941,52,1.0
8,3628,56,retrieved,8.72.35,3628,0,1.0
3,15267,46,retrieved,3.254.31,15266,1,0.805
12,2650,40,retrieved,12.69.55,2650,0,1.0
2,1037,40,retrieved,2.27.29,1038,-1,0.784
6,1800,55,retrieved,6.46.43,1799,1,0.673
3,14143,55,retrieved,3.219.14,14143,0,1.0
5,3089,70,retrieved,5.88.12,3089,0,0.939
12,11261,39,retrieved,12.302.48,11261,0,1.0
1,7961,30,retrieved,1.220.31,8042,-81,0.778
18,306,51,not-retrieved,,,,0.0
3,17379,22,probe-too-short,,,,
2,2693,39,retrieved,2.81.22,2693,0,0.917
6,2958,18,probe-too-short,,,,
2,1984,35,retrieved,2.56.20,1984,0,1.0
13,2446,38,retrieved,13.44.43,2446,0,1.0
13,307,40,retrieved,13.6.13,307,0,0.882
13,3151,42,retrieved,13.62.49,3151,0,1.0
11,305,19,probe-too-short,,,,
12,2038,42,retrieved,12.56.53,2038,0,0.947
12,9040,78,retrieved,12.250.3,8918,122,1.0
1,7076,21,probe-too-short,,,,
12,159,21,probe-too-short,,,,
5,1860,20,probe-too-short,,,,
7,241,31,retrieved,7.8.18,237,4,1.0
6,5374,79,retrieved,6.115.40,5374,0,0.836
12,7951,20,probe-too-short,,,,
13,4140,80,not-retrieved,,,,0.513
1,4408,40,retrieved,1.111.28,4408,0,0.919
12,11251,44,retrieved,12.302.38,11251,0,0.917
10,124,20,probe-too-short,,,,
2,1364,40,retrieved,2.37.27,1364,0,1.0
1,120,14,probe-too-short,,,,
5,7080,38,retrieved,5.178.54,7081,-1,1.0
7,3882,79,retrieved,7.103.41,3883,-1,0.886
1,7678,77,retrieved,1.210.27,7746,-68,1.0
5,2379,19,probe-too-short,,,,
13,1658,38,retrieved,13.23.86,1657,1,1.0
1,2807,12,probe-too-short,,,,
13,7018,12,probe-too-short,,,,
14,114,39,retrieved,14.5.23,114,0,1.0
5,1362,30,retrieved,5.37.29,1362,0,0.815
1,6052,37,retrieved,1.155.11,6103,-51,0.875
2,197,21,probe-too-short,,,,
5,393,18,probe-too-short,,,,
1,1758,21,probe-too-short,,,,
2,2480,37,retrieved,2.75.2,2480,0,0.882
1,5966,37,retrieved,1.153.5,6016,-50,1.0
5,1264,26,retrieved,5.36.4,1263,1,1.0
3,11252,38,retrieved,3.149.29,11297,-45,1.0
7,9557,58,retrieved,7.202.66,9557,0,0.648
7,2617,40,retrieved,7.74.5,2617,0,0.914
11,303,14,probe-too-short,,,,
12,8989,80,retrieved,12.247.16,8868,121,1.0
1,6481,33,retrieved,1.170.46,6541,-60,1.0
1,3528,32,retrieved,1.85.29,3528,0,1.0
12,150,55,retrieved,12.6.7,149,1,1.0
1,530,39,retrieved,1.2.256,485,45,1.0
5,6087,18,probe-too-short,,,,
13,4511,19,probe-too-short,,,,
5,7136,48,retrieved,5.180.1,7163,-27,0.933
5,6047,39,retrieved,5.176.25,6048,-1,1.0
7,8192,13,probe-too-short,,,,
5,1499,37,retrieved,5.39.54,1499,0,1.0
5,4687,17,probe-too-short,,,,
7,1290,46,retrieved,7.29.37,1292,-2,0.698
5,4759,41,retrieved,5.141.5,4691,68,1.0
6,1765,23,probe-too-short,,,,
12,201,19,probe-too-short,,,,
3,9906,40,retrieved,3.107.56,9904,2,0.892
3,2580,21,probe-too-short,,,,
3,2282,19,probe-too-short,,,,
1,6051,38,retrieved,1.155.10,6102,-51,0.971
1,3773,47,retrieved,1.95.20,3773,0,1.0
4,982,38,retrieved,4.30.12,982,0,1.0
1,2974,29,retrieved,1.73.21,2974,0,0.923
7,6343,21,probe-too-short,,,,
4,1777,42,retrieved,4.56.18,1777,0,0.974
1,7460,19,probe-too-short,,,,
2,2685,28,retrieved,2.81.14,2685,0,0.72
1,5446,50,retrieved,1.138.3,5488,-42,1.0
2,2475,43,retrieved,2.74.24,2475,0,1.0
5,1499,37,retrieved,5.39.54,1499,0,1.0
1,7691,81,retrieved,1.211.13,7759,-68,1.0
1,7334,17,probe-too-short,,,,
1,7717,20,probe-too-short,,,,
14,362,39,retrieved,14.14.8,361,1,1.0
17,15,28,retrieved,17.1.15,15,0,1.0
13,4805,15,probe-too-short,,,,
1,3103,38,retrieved,1.95.31,3784,-681,1.0
12,6105,37,retrieved,12.165.65,6037,68,0.882
14,799,39,retrieved,14.28.12,799,0,1.0
5,2776,40,retrieved,5.76.14,2756,20,0.811
3,12444,16,probe-too-short,,,,
14,638,13,probe-too-short,,,,
13,3668,12,probe-too-short,,,,
4,860,18,probe-too-short,,,,
1,4319,18,probe-too-short,,,,
13,18,29,retrieved,13.1.18,18,0,0.808
2,1036,41,retrieved,2.27.28,1037,-1,0.816
13,7735,20,probe-too-short,,,,
1,7340,51,retrieved,1.198.12,7406,-66,1.0
1,6134,39,retrieved,1.157.32,6189,-55,1.0
3,13739,76,not-retrieved,,,,0.557
6,3796,29,retrieved,6.86.6,3807,-11,1.0
6,3453,80,retrieved,6.79.4,3453,0,1.0
1,3053,40,retrieved,1.74.66,3053,0,0.861
12,3482,39,retrieved,12.93.1,3448,34,0.889
12,3180,58,retrieved,12.83.55,3179,1,0.945
2,1977,57,retrieved,2.56.13,1977,0,1.0
2,1288,42,retrieved,2.35.3,1288,0,1.0
12,3560,21,probe-too-short,,,,
2,2126,29,retrieved,2.64.6,2126,0,1.0
1,561,37,retrieved,1.2.290,519,42,0.909
6,2579,29,retrieved,6.59.72,2580,-1,0.846
5,3475,39,retrieved,5.96.27,3429,46,1.0
7,4346,20,probe-too-short,,,,
5,785,32,retrieved,5.27.19,785,0,1.0
5,1263,23,probe-too-short,,,,
4,599,20,probe-too-short,,,,
3,12585,58,retrieved,3.183.29,12585,0,0.925
1,5606,23,probe-too-short,,,,
13,2201,17,probe-too-short,,,,
12,3176,32,retrieved,12.83.52,3176,0,0.793
12,6566,36,retrieved,12.176.5,6485,81,0.879
6,2918,74,not-retrieved,,,,0.535
1,7750,41,retrieved,1.213.8,7817,-67,1.0
3,2866,13,probe-too-short,,,,
3,11018,19,probe-too-short,,,,
6,3150,23,probe-too-short,,,,
1,7612,41,retrieved,1.208.18,7680,-68,1.0
3,1292,82,retrieved,3.33.29,1292,0,1.0
2,333,37,retrieved,2.8.22,333,0,1.0
1,4865,37,retrieved,1.124.32,4865,0,0.882
13,3386,100,not-retrieved,,,,0.544
4,1738,12,probe-too-short,,,,
12,10260,25,retrieved,12.283.52,10101,159,0.682
2,2216,19,probe-too-short,,,,
3,2428,13,probe-too-short,,,,
5,6003,33,retrieved,5.175.28,6003,0,1.0
3,2675,11,probe-too-short,,,,
2,2204,39,retrieved,2.67.7,2193,11,0.889
3,974,18,probe-too-short,,,,
3,12707,73,retrieved,3.185.30,12707,0,1.0
3,15739,18,probe-too-short,,,,
3,679,17,probe-too-short,,,,
9,1005,26,retrieved,9.19.10,1007,-2,0.696
14,1853,19,probe-too-short,,,,
3,10695,23,probe-too-short,,,,
14,1718,41,retrieved,14.58.29,1719,-1,0.605
14,1478,38,retrieved,14.52.1,1478,0,1.0
7,3069,25,not-retrieved,,,,0.0
7,8691,39,retrieved,7.189.64,8691,0,1.0
4,1319,39,retrieved,4.41.8,1318,1,1.0
7,1771,32,retrieved,7.43.9,1773,-2,0.862
4,1660,26,retrieved,4.54.1,1660,0,1.0
3,12253,27,retrieved,3.173.56,12286,-33,0.708
3,15691,48,retrieved,3.269.25,15691,0,0.909
3,377,37,retrieved,3.10.32,378,-1,1.0
6,4846,39,retrieved,6.106.45,4845,1,1.0
3,46,45,retrieved,3.1.46,46,0,0.927
6,777,20,probe-too-short,,,,
3,2850,13,probe-too-short,,,,
12,8777,39,retrieved,12.240.9,8656,121,1.0
3,2288,75,retrieved,3.60.17,2288,0,1.0
3,11092,17,probe-too-short,,,,
4,975,19,probe-too-short,,,,
5,4634,19,probe-too-short,,,,
3,16206,38,retrieved,3.282.10,16206,0,0.886
2,2486,21,probe-too-short,,,,
1,1124,42,retrieved,1.18.13,1086,38,1.0
3,15489,22,probe-too-short,,,,
2,1948,39,retrieved,2.55.4,1948,0,1.0
13,5338,17,probe-too-short,,,,
3,433,38,retrieved,3.11.48,433,0,1.0
12,3685,53,retrieved,12.100.4,3685,0,0.812
3,14367,21,probe-too-short,,,,
8,1756,44,retrieved,8.38.4,1756,0,1.0
5,1086,18,probe-too-short,,,,
13,1378,34,retrieved,13.18.81,1378,0,0.871
12,580,36,retrieved,12.19.6,580,0,0.909
13,6664,42,retrieved,13.144.41,6664,0,1.0
13,6423,44,retrieved,13.141.34,6422,1,1.0
1,8157,10,probe-too-short,,,,
8,357,42,retrieved,8.10.14,398,-41,1.0
13,4485,17,probe-too-short,,,,
1,2618,48,retrieved,1.66.54,2618,0,0.837
6,359,35,retrieved,6.9.51,359,0,0.781
17,21,31,retrieved,17.1.21,21,0,1.0
3,16295,20,probe-too-short,,,,
5,2677,16,probe-too-short,,,,
13,2677,36,retrieved,13.51.10,2677,0,1.0
8,44,19,probe-too-short,,,,
5,1426,21,probe-too-short,,,,
12,4336,40,retrieved,12.119.6,4291,45,1.0
5,1029,21,probe-too-short,,,,
1,18,26,retrieved,1.1.18,-28,46,0.739
3,2284,43,retrieved,3.58.6,2245,39,0.875
4,871,19,probe-too-short,,,,
12,552,41,retrieved,12.18.18,552,0,1.0
13,6610,19,probe-too-short,,,,
5,2212,33,retrieved,5.55.68,2211,1,0.933
12,10395,38,retrieved,12.284.121,10233,162,1.0
12,5433,37,retrieved,12.142.13,5379,54,0.906
7,429,38,retrieved,7.11.48,429,0,0.8
6,111,39,retrieved,6.3.44,112,-1,1.0
1,507,20,probe-too-short,,,,
2,666,57,retrieved,2.16.7,665,1,1.0
10,569,24,retrieved,10.10.27,569,0,1.0
1,5793,10,probe-too-short,,,,
5,42,77,retrieved,5.3.2,42,0,0.922
1,2601,43,retrieved,1.66.37,2601,0,0.975
1,3875,38,retrieved,1.97.11,3874,1,1.0
2,2266,12,probe-too-short,,,,
1,7507,19,probe-too-short,,,,
13,2965,56,retrieved,13.57.40,2965,0,1.0
7,6009,41,retrieved,7.143.57,6009,0,0.853
13,5659,36,retrieved,13.115.66,5659,0,1.0
3,2394,17,probe-too-short,,,,
3,2667,16,probe-too-short,,,,
14,2683,15,probe-too-short,,,,
8,4005,25,retrieved,8.79.2,4023,-18,0.909
3,10662,17,probe-too-short,,,,
13,4108,56,retrieved,13.85.91,4106,2,0.609
13,4309,34,retrieved,13.90.39,4308,1,1.0
2,2135,12,probe-too-short,,,,
3,10694,14,probe-too-short,,,,
1,2053,28,retrieved,1.53.13,2053,0,0.88
5,3792,30,retrieved,5.109.14,3744,48,1.0
1,8417,57,retrieved,1.232.14,8515,-98,1.0
3,104,19,probe-too-short,,,,
12,2643,36,retrieved,12.69.48,2643,0,1.0
14,497,24,not-retrieved,,,,0.0
12,8306,41,retrieved,12.227.94,8192,114,1.0
13,6122,38,retrieved,13.130.22,6122,0,1.0
9,2780,35,retrieved,9.48.19,2780,0,0.839
13,7393,54,retrieved,13.158.40,7393,0,0.915
3,15628,15,probe-too-short,,,,
3,15723,16,probe-too-short,,,,
7,652,14,probe-too-short,,,,
7,1710,26,not-retrieved,,,,0.0
3,14990,35,retrieved,3.245.12,14990,0,1.0
12,5484,24,retrieved,12.143.26,5430,54,0.667
3,16747,16,probe-too-short,,,,
3,882,47,retrieved,3.22.34,882,0,0.977
3,2389,42,retrieved,3.63.28,2389,0,0.816
3,1716,20,probe-too-short,,,,
14,853,37,retrieved,14.30.15,853,0,0.912
1,7076,21,probe-too-short,,,,
12,591,14,probe-too-short,,,,
1,806,27,retrieved,1.3.144,809,-3,1.0
6,1662,12,probe-too-short,,,,
1,6996,28,retrieved,1.186.16,7062,-66,1.0
2,590,37,retrieved,2.14.26,590,0,1.0
12,4249,80,retrieved,12.115.20,4208,41,1.0
3,10066,29,retrieved,3.112.16,10103,-37,1.0
7,4664,15,probe-too-short,,,,
3,11731,21,probe-too-short,,,,
5,7210,23,probe-too-short,,,,
6,3327,25,not-retrieved,,,,0.545
4,55,34,retrieved,4.2.28,55,0,0.935
2,1154,42,retrieved,2.31.50,1154,0,1.0
3,8172,20,probe-too-short,,,,
13,1040,47,retrieved,13.16.4,1041,-1,0.814
1,1438,39,retrieved,1.31.3,1404,34,1.0
1,2020,40,retrieved,1.51.6,1989,31,0.806
3,14192,39,retrieved,3.221.17,14192,0,0.853
1,1191,78,retrieved,1.20.3,1153,38,1.0
3,2261,17,probe-too-short,,,,
4,1473,75,retrieved,4.47.3,1473,0,0.93
8,1903,22,probe-too-short,,,,
6,4801,34,retrieved,6.105.35,4804,-3,1.0
3,2995,18,probe-too-short,,,,
3,9951,44,retrieved,3.109.5,9966,-15,1.0
13,1702,38,retrieved,13.25.15,1701,1,1.0
3,2540,34,retrieved,3.65.9,2540,0,1.0
3,2286,38,retrieved,3.60.15,2286,0,0.971
3,2545,38,retrieved,3.65.14,2545,0,1.0
3,709,16,probe-too-short,,,,
3,16157,14,probe-too-short,,,,
12,13216,26,retrieved,12.342.51,13210,6,1.0
3,2199,27,retrieved,3.57.9,2200,-1,0.833
7,4912,22,probe-too-short,,,,
12,671,36,retrieved,12.23.21,671,0,1.0
4,461,27,not-retrieved,,,,0.458
1,5017,39,retrieved,1.128.54,5017,0,1.0
1,2125,24,retrieved,1.56.11,2094,31,1.0
4,35,39,retrieved,4.2.8,35,0,0.914
1,6752,20,probe-too-short,,,,
3,550,39,retrieved,3.12.90,550,0,0.914
3,756,19,probe-too-short,,,,
1,6910,18,probe-too-short,,,,
1,5981,20,probe-too-short,,,,
12,8595,22,probe-too-short,,,,
7,6287,42,not-retrieved,,,,0.308
8,1910,55,retrieved,8.41.36,1909,1,0.714
6,1684,21,probe-too-short,,,,
5,7183,12,probe-too-short,,,,
3,2564,38,retrieved,3.65.33,2564,0,1.0
1,6117,42,retrieved,1.157.15,6172,-55,1.0
8,4964,53,retrieved,8.95.1,4972,-8,1.0
5,7213,54,retrieved,5.181.13,7213,0,0.918
6,1664,37,retrieved,6.44.27,1654,10,0.794
1,2461,34,retrieved,1.64.6,2439,22,0.935
1,7213,14,probe-too-short,,,,
1,1335,26,retrieved,1.28.17,1336,-1,1.0
1,6019,40,retrieved,1.154.13,6069,-50,1.0
12,5224,41,retrieved,12.139.91,5171,53,1.0
1,6111,51,retrieved,1.157.9,6166,-55,1.0
3,2093,39,retrieved,3.53.22,2094,-1,1.0
1,7005,26,retrieved,1.187.1,7071,-66,0.87
7,4656,40,retrieved,7.117.9,4645,11,1.0
3,11414,38,retrieved,3.155.19,11455,-41,0.882
13,1501,32,retrieved,13.20.17,1506,-5,1.0
4,1572,41,retrieved,4.50.18,1572,0,0.789
1,1169,40,retrieved,1.19.12,1169,0,1.0
3,2545,18,probe-too-short,,,,
1,7708,29,retrieved,1.211.30,7776,-68,1.0
4,2126,26,retrieved,4.66.22,2127,-1,1.0
13,4618,25,retrieved,13.95.18,4618,0,1.0
3,634,42,retrieved,3.14.21,634,0,0.946
14,98,37,retrieved,14.5.7,98,0,0.765
12,3313,39,retrieved,12.88.12,3313,0,1.0
8,3040,19,probe-too-short,,,,
4,2131,24,retrieved,4.66.26,2131,0,1.0
7,16,19,probe-too-short,,,,
5,4065,33,retrieved,5.121.17,4012,53,0.767
5,1481,36,retrieved,5.39.37,1482,-1,1.0
5,2462,27,not-retrieved,,,,0.0
6,2126,40,retrieved,6.52.6,2129,-3,0.829
2,2003,16,probe-too-short,,,,
3,14899,41,retrieved,3.241.20,14899,0,0.895
12,6676,83,retrieved,12.179.24,6594,82,0.9
7,7488,45,retrieved,7.167.27,7499,-11,0.857
3,2162,35,retrieved,3.56.3,2162,0,0.875
6,3378,26,retrieved,6.77.42,3378,0,0.957
1,8254,20,probe-too-short,,,,
5,1911,32,retrieved,5.48.104,1911,0,1.0
5,3816,28,retrieved,5.110.16,3767,49,0.68
1,3561,26,retrieved,1.87.11,3542,19,1.0
6,2434,42,retrieved,6.57.10,2434,0,0.872
5,269,43,retrieved,5.9.40,268,1,0.7
9,2703,18,probe-too-short,,,,
4,2001,37,retrieved,4.62.4,2000,1,0.882
1,1391,42,retrieved,1.30.8,1391,0,1.0
7,204,14,probe-too-short,,,,
4,1706,27,retrieved,4.55.11,1707,-1,0.917
3,2791,35,retrieved,3.71.20,2791,0,1.0
6,2687,41,not-retrieved,,,,0.447
5,1753,40,retrieved,5.46.9,1749,4,0.865
7,676,19,probe-too-short,,,,
1,3577,57,retrieved,1.89.1,3577,0,1.0
8,670,23,probe-too-short,,,,
2,2184,22,probe-too-short,,,,
6,1978,41,retrieved,6.48.116,1978,0,0.921
14,2737,20,probe-too-short,,,,
1,7632,38,retrieved,1.209.14,7700,-68,0.886
4,2110,85,retrieved,4.66.6,2111,-1,0.873
4,1862,16,probe-too-short,,,,
7,6149,29,retrieved,7.145.95,6149,0,1.0
6,637,38,retrieved,6.17.2,638,-1,1.0
7,5621,71,retrieved,7.137.7,5615,6,0.79
7,8627,75,retrieved,7.188.54,8627,0,0.812
6,98,40,retrieved,6.3.31,99,-1,0.892
1,1387,25,retrieved,1.30.4,1387,0,1.0
7,7295,32,retrieved,7.163.16,7308,-13,0.862
7,9442,16,probe-too-short,,,,
6,487,18,probe-too-short,,,,
7,5055,25,retrieved,7.125.39,5046,9,0.818
9,152,42,not-retrieved,,,,0.462
1,4332,38,retrieved,1.108.11,4332,0,0.886
1,1455,25,retrieved,1.31.20,1421,34,0.864
13,1829,12,probe-too-short,,,,
14,1230,20,probe-too-short,,,,
3,14075,36,retrieved,3.216.13,14084,-9,1.0
3,3014,26,retrieved,3.77.6,3013,1,0.913
13,2784,13,probe-too-short,,,,
13,5234,76,not-retrieved,,,,0.582
1,4199,40,retrieved,1.104.30,4199,0,1.0
2,2639,15,probe-too-short,,,,
12,3668,37,retrieved,12.99.5,3668,0,0.882
3,2140,37,retrieved,3.55.6,2141,-1,1.0
13,165,12,probe-too-short,,,,
3,13095,17,probe-too-short,,,,
5,1870,71,retrieved,5.48.62,1869,1,0.956
6,2075,13,probe-too-short,,,,
12,962,19,probe-too-short,,,,
3,528,39,retrieved,3.12.68,528,0,1.0
9,1984,41,retrieved,9.35.16,1991,-7,1.0
1,4288,33,retrieved,1.106.14,4288,0,1.0
9,2847,41,retrieved,9.49.18,2839,8,0.917
7,16,68,not-retrieved,,,,0.492
1,6710,25,retrieved,1.176.15,6773,-63,1.0
1,4180,38,retrieved,1.104.10,4179,1,0.914
3,239,20,probe-too-short,,,,
7,3361,39,retrieved,7.93.24,3361,0,1.0
2,2185,37,retrieved,2.65.45,2184,1,0.882
12,4653,24,retrieved,12.126.14,4606,47,0.857
1,8105,20,probe-too-short,,,,
3,8469,41,retrieved,3.93.12,8469,0,0.947
13,4375,40,retrieved,13.92.4,4376,-1,0.838
13,170,38,retrieved,13.2.86,171,-1,1.0
6,4043,36,retrieved,6.90.73,4043,0,1.0
1,1981,40,retrieved,1.50.20,1980,1,1.0
8,3047,82,not-retrieved,,,,0.481
7,6782,37,retrieved,7.156.54,6783,-1,1.0
1,179,23,probe-too-short,,,,
1,2805,21,probe-too-short,,,,
13,1532,45,retrieved,13.22.2,1532,0,0.905
3,12539,40,retrieved,3.182.1,12539,0,1.0
3,10441,76,retrieved,3.126.18,10500,-59,0.958
1,6161,18,probe-too-short,,,,
5,7080,19,probe-too-short,,,,
3,2856,13,probe-too-short,,,,
1,1832,20,probe-too-short,,,,
1,7873,25,retrieved,1.217.13,7943,-70,1.0
7,3008,58,retrieved,7.84.34,3008,0,0.926
1,1607,40,retrieved,1.37.20,1608,-1,1.0
5,2002,39,retrieved,5.50.36,2002,0,1.0
13,411,39,retrieved,13.9.9,411,0,0.889
2,2395,49,retrieved,2.71.16,2395,0,1.0
12,2235,16,probe-too-short,,,,
12,8278,38,retrieved,12.227.66,8164,114,1.0
3,13869,16,probe-too-short,,,,
12,946,18,probe-too-short,,,,
12,11264,74,retrieved,12.303.2,11264,0,1.0
3,3081,78,retrieved,3.79.19,3081,0,1.0
13,2518,39,retrieved,13.47.20,2519,-1,1.0
1,6125,38,retrieved,1.157.23,6180,-55,1.0
1,5934,41,retrieved,1.152.8,5983,-49,0.868
5,7378,38,retrieved,5.187.9,7378,0,1.0
13,6680,49,retrieved,13.144.58,6681,-1,0.609
3,15179,41,retrieved,3.252.25,15179,0,1.0
5,6091,47,retrieved,5.177.9,6541,-450,0.932
14,455,40,retrieved,14.17.2,456,-1,1.0
5,7102,26,retrieved,5.178.75,7102,0,0.739
1,4663,29,retrieved,1.120.24,4663,0,0.885
1,6724,30,retrieved,1.176.29,6787,-63,1.0
3,2663,37,retrieved,3.68.9,2662,1,1.0
2,187,66,retrieved,2.5.53,187,0,0.984
2,779,58,retrieved,2.20.12,779,0,1.0
1,8102,20,probe-too-short,,,,
1,8217,19,probe-too-short,,,,
3,1813,40,retrieved,3.45.13,1813,0,1.0
1,1183,47,retrieved,1.19.26,1183,0,0.955
1,4262,40,retrieved,1.105.43,4262,0,0.778
12,1219,31,not-retrieved,,,,0.0
13,3527,45,retrieved,13.71.43,3527,0,0.881
3,16772,53,retrieved,3.297.25,16772,0,1.0
1,1182,24,retrieved,1.19.25,1182,0,0.952
12,2786,47,retrieved,12.73.12,2762,24,0.951
3,1209,19,probe-too-short,,,,
12,2787,27,retrieved,12.73.13,2763,24,0.792
13,4837,42,retrieved,13.101.25,4837,0,1.0
3,1766,14,probe-too-short,,,,
1,5918,21,probe-too-short,,,,
13,6916,40,retrieved,13.148.47,6916,0,0.919
5,3507,80,retrieved,5.97.7,3461,46,0.935
1,7870,40,retrieved,1.217.10,7940,-70,0.919
2,1949,40,retrieved,2.55.5,1949,0,1.0
1,4843,29,retrieved,1.124.8,4841,2,1.0
4,705,32,retrieved,4.22.12,705,0,1.0
1,1936,39,retrieved,1.49.4,1936,0,1.0
5,2809,39,retrieved,5.78.8,2773,36,1.0
5,3428,38,retrieved,5.95.45,3384,44,1.0
3,1095,79,retrieved,3.29.31,1059,36,1.0
3,2852,38,retrieved,3.73.1,2852,0,0.857
5,2714,58,retrieved,5.73.40,2714,0,0.925
1,446,40,retrieved,1.2.171,400,46,1.0
1,1639,20,probe-too-short,,,,
7,6456,27,retrieved,7.149.8,6450,6,1.0
1,70,40,retrieved,1.1.70,24,46,1.0
3,13946,105,retrieved,3.211.27,13946,0,0.695
14,946,48,retrieved,14.35.13,948,-2,1.0
5,2706,47,retrieved,5.73.32,2706,0,0.886
13,3629,81,retrieved,13.75.8,3630,-1,1.0
3,12759,43,retrieved,3.187.14,12756,3,1.0
1,3485,30,retrieved,1.84.20,3465,20,1.0
14,154,26,retrieved,14.7.2,154,0,1.0
5,4004,41,retrieved,5.119.3,3952,52,1.0
1,2995,34,retrieved,1.74.8,2995,0,1.0
1,3143,36,retrieved,1.75.18,3143,0,1.0
3,14960,13,probe-too-short,,,,
13,4567,37,retrieved,13.94.21,4567,0,1.0
4,336,30,retrieved,4.13.12,336,0,1.0
7,6411,28,retrieved,7.148.25,6408,3,0.92
6,2304,26,retrieved,6.54.71,2305,-1,1.0
11,363,18,probe-too-short,,,,
13,3466,20,probe-too-short,,,,
5,4630,69,retrieved,5.136.9,4563,67,0.953
1,4079,28,retrieved,1.101.13,4070,9,0.88
1,5793,21,probe-too-short,,,,
2,1403,41,retrieved,2.39.3,1405,-2,1.0
13,4107,24,retrieved,13.85.90,4105,2,0.905
1,2880,37,retrieved,1.70.37,2880,0,0.882
5,653,21,probe-too-short,,,,
1,5793,20,probe-too-short,,,,
4,142,39,retrieved,4.5.2,143,-1,1.0
3,3031,43,retrieved,3.78.2,3031,0,1.0
5,5703,43,retrieved,5.164.2,5614,89,0.895
14,2224,42,retrieved,14.77.4,2222,2,1.0
4,2360,20,probe-too-short,,,,
7,7598,34,retrieved,7.169.40,7609,-11,0.875
4,1945,18,probe-too-short,,,,
2,1766,28,retrieved,2.49.41,1765,1,1.0
1,5412,42,retrieved,1.136.34,5453,-41,1.0
5,1815,16,probe-too-short,,,,
6,4613,19,probe-too-short,,,,
7,3110,84,retrieved,7.87.24,3110,0,0.884
2,418,88,retrieved,2.10.39,421,-3,0.946
1,4954,28,retrieved,1.127.23,4954,0,0.8
1,1555,12,probe-too-short,,,,
3,2404,41,retrieved,3.64.4,2404,0,0.895
12,9346,45,retrieved,12.262.7,9208,138,1.0
7,2674,22,probe-too-short,,,,
2,2075,43,retrieved,2.61.15,2074,1,0.897
1,7228,38,retrieved,1.195.11,7296,-68,1.0
6,4613,19,probe-too-short,,,,
1,4869,26,retrieved,1.125.4,4869,0,0.87
14,627,14,probe-too-short,,,,
14,627,12,probe-too-short,,,,
3,16625,20,probe-too-short,,,,
13,2071,18,probe-too-short,,,,
3,2114,41,retrieved,3.54.11,2114,0,1.0
7,3987,40,retrieved,7.106.23,3981,6,0.892
5,828,28,retrieved,5.29.20,828,0,1.0
6,4783,19,probe-too-short,,,,
12,6502,41,retrieved,12.174.45,6423,79,1.0
11,622,32,retrieved,11.22.6,622,0,0.846
6,1721,31,retrieved,6.45.53,1710,11,0.857
14,2012,18,probe-too-short,,,,
3,10723,39,retrieved,3.135.32,10776,-53,0.943
1,1302,33,retrieved,1.26.7,1267,35,0.867
1,2829,23,probe-too-short,,,,
13,835,43,retrieved,13.14.243,834,1,1.0
1,2472,61,retrieved,1.64.18,2451,21,0.81
7,2239,29,retrieved,7.59.16,2239,0,1.0
3,2595,16,probe-too-short,,,,
5,7523,44,retrieved,5.192.36,7523,0,0.925
3,15641,28,retrieved,3.268.3,15640,1,1.0
8,2291,44,retrieved,8.48.59,2292,-1,1.0
9,3092,38,retrieved,9.55.16,3079,13,1.0
15,678,42,retrieved,15.26.4,678,0,1.0
13,98,41,retrieved,13.2.15,100,-2,0.868
12,740,11,probe-too-short,,,,
14,2122,25,retrieved,14.73.11,2114,8,0.864
11,106,39,retrieved,11.4.3,106,0,1.0
3,1716,19,probe-too-short,,,,
6,1915,75,not-retrieved,,,,0.509
1,7281,27,retrieved,1.197.7,7348,-67,0.875
2,1807,29,retrieved,2.50.23,1807,0,1.0
2,2322,18,probe-too-short,,,,
3,15594,56,retrieved,3.265.7,15594,0,1.0
3,13056,35,retrieved,3.190.48,13056,0,0.812
14,2425,12,probe-too-short,,,,
1,1090,47,not-retrieved,,,,0.545
13,592,25,retrieved,13.14.5,596,-4,0.727
13,3037,36,retrieved,13.59.35,3072,-35,1.0
1,4258,39,retrieved,1.105.39,4258,0,1.0
3,13386,37,retrieved,3.200.37,13386,0,0.882
1,2025,20,probe-too-short,,,,
12,1416,13,probe-too-short,,,,
3,15392,40,retrieved,3.259.23,15392,0,1.0
13,7688,40,retrieved,13.165.62,7688,0,0.649
13,793,19,probe-too-short,,,,
13,2106,17,probe-too-short,,,,
13,1091,38,retrieved,13.16.55,1092,-1,1.0
3,17414,40,retrieved,3.313.129,17414,0,1.0
1,6362,42,retrieved,1.167.7,6419,-57,1.0
1,7421,21,probe-too-short,,,,
12,7714,38,retrieved,12.212.8,7612,102,0.912
5,3132,20,probe-too-short,,,,
8,4631,17,probe-too-short,,,,
14,1496,20,probe-too-short,,,,
6,1945,26,retrieved,6.48.83,1945,0,0.826
1,5514,19,probe-too-short,,,,
12,12520,20,probe-too-short,,,,
4,464,25,retrieved,4.16.13,464,0,1.0
7,4188,28,retrieved,7.110.54,4179,9,0.84
1,1624,32,retrieved,1.38.3,1593,31,0.759
1,1142,13,probe-too-short,,,,
7,8270,33,retrieved,7.182.24,8270,0,1.0
1,8055,36,retrieved,1.222.6,8138,-83,1.0
5,1592,37,retrieved,5.42.17,1591,1,0.853
2,1864,16,probe-too-short,,,,
12,8336,14,probe-too-short,,,,
1,5755,38,retrieved,1.145.22,5804,-49,0.853
3,16173,50,retrieved,3.281.8,16172,1,0.766
12,9192,37,retrieved,12.258.6,9067,125,0.824
1,745,60,retrieved,1.3.81,746,-1,1.0
14,988,36,retrieved,14.36.2,988,0,1.0
6,382,39,retrieved,6.9.75,383,-1,1.0
1,6451,19,probe-too-short,,,,
4,186,22,probe-too-short,,,,
15,713,27,retrieved,15.26.38,712,1,0.875
13,3344,77,not-retrieved,,,,0.5
11,198,39,retrieved,11.8.6,198,0,0.853
3,10321,41,retrieved,3.122.6,10384,-63,0.947
1,7289,60,retrieved,1.67.155,2791,4498,0.877
3,1292,44,retrieved,3.33.29,1292,0,1.0
1,6269,78,retrieved,1.163.3,6326,-57,1.0
5,4855,41,retrieved,5.143.23,4786,69,1.0
12,8792,19,probe-too-short,,,,
5,1044,63,retrieved,5.33.74,1044,0,1.0
13,6464,41,retrieved,13.141.75,6463,1,1.0
13,6028,46,retrieved,13.126.24,6028,0,0.923
12,8170,35,retrieved,12.225.23,8060,110,0.875
14,2010,19,probe-too-short,,,,
1,6964,27,retrieved,1.185.20,7029,-65,0.696
4,11,37,retrieved,4.1.12,11,0,1.0
1,4515,37,retrieved,1.115.36,4517,-2,0.882
3,13327,34,retrieved,3.198.23,13326,1,0.774
7,2526,23,probe-too-short,,,,
3,12640,38,retrieved,3.183.83,12639,1,1.0
7,3014,79,retrieved,7.85.5,3014,0,0.824
13,878,78,not-retrieved,,,,0.493
12,10576,38,retrieved,12.287.25,10412,164,0.829
3,2815,41,retrieved,3.72.8,2815,0,1.0
12,745,38,retrieved,12.25.14,745,0,1.0
5,1619,38,retrieved,5.42.45,1619,0,1.0
12,2660,17,probe-too-short,,,,
12,7005,77,retrieved,12.192.3,6918,87,0.899
12,2972,40,retrieved,12.79.11,2972,0,0.861
1,2617,39,retrieved,1.66.53,2617,0,1.0
3,16543,80,retrieved,3.291.13,16543,0,0.931
9,2146,43,retrieved,9.37.28,2145,1,1.0
12,2185,32,retrieved,12.59.64,2185,0,1.0
12,4370,23,probe-too-short,,,,
3,1407,73,retrieved,3.35.32,1407,0,1.0
11,763,72,retrieved,11.26.8,763,0,0.935
15,197,39,retrieved,15.5.28,197,0,0.743
1,441,42,retrieved,1.2.201,430,11,1.0
1,6845,37,retrieved,1.180.4,6909,-64,1.0
3,14717,60,retrieved,3.234.8,14717,0,0.93
6,4921,33,retrieved,6.107.36,4921,0,1.0
1,3202,20,probe-too-short,,,,
3,15462,37,retrieved,3.261.22,15462,0,1.0
12,8506,45,retrieved,12.231.29,8391,115,0.905
3,12943,38,retrieved,3.188.138,12942,1,0.857
1,7704,13,probe-too-short,,,,
15,971,37,retrieved,15.36.15,971,0,0.882
5,2937,14,probe-too-short,,,,
5,1435,35,retrieved,5.38.37,1435,0,1.0
7,2439,37,retrieved,7.70.15,2439,0,0.882
14,1240,17,probe-too-short,,,,
14,525,36,retrieved,14.18.29,525,0,1.0
3,981,40,retrieved,3.26.18,981,0,1.0
6,5207,42,retrieved,6.112.10,5211,-4,1.0
3,1992,39,retrieved,3.51.26,1992,0,0.914
2,1759,34,retrieved,2.49.35,1759,0,1.0
14,1234,25,not-retrieved,,,,0.55
3,14273,40,retrieved,3.224.17,14273,0,1.0
12,5098,40,not-retrieved,,,,0.0
12,11739,60,retrieved,12.318.16,11739,0,1.0
13,2365,20,probe-too-short,,,,
13,4291,78,retrieved,13.90.21,4290,1,0.918
4,524,19,probe-too-short,,,,
8,1497,21,probe-too-short,,,,
8,1477,41,retrieved,8.34.23,1477,0,1.0
5,3348,9,probe-too-short,,,,
3,10038,13,probe-too-short,,,,
12,11409,42,retrieved,12.306.42,11409,0,1.0
12,9131,40,retrieved,12.255.1,9006,125,1.0
12,11393,45,retrieved,12.306.26,11393,0,1.0
3,8853,35,retrieved,3.107.5,9853,-1000,1.0
15,526,13,probe-too-short,,,,
14,1163,22,probe-too-short,,,,
7,6437,39,retrieved,7.148.50,6433,4,1.0
12,848,81,retrieved,12.28.16,847,1,1.0
1,1577,58,retrieved,1.36.14,1545,32,0.673
12,10989,19,probe-too-short,,,,
13,5960,41,retrieved,13.125.42,5961,-1,1.0
2,807,18,probe-too-short,,,,
12,2026,12,probe-too-short,,,,
5,3829,38,retrieved,5.111.9,3780,49,0.914
3,17230,18,probe-too-short,,,,
3,12145,34,retrieved,3.171.14,12145,0,1.0
13,5443,25,retrieved,13.111.45,5443,0,1.0
1,7090,15,probe-too-short,,,,
13,2880,27,retrieved,13.55.14,2880,0,0.833
12,842,31,retrieved,12.28.10,841,1,1.0
3,2819,26,retrieved,3.72.12,2819,0,1.0
6,2018,20,probe-too-short,,,,
3,10016,22,probe-too-short,,,,
2,818,83,not-retrieved,,,,0.537
1,3730,18,probe-too-short,,,,
13,989,38,retrieved,13.14.395,986,3,1.0
13,489,75,not-retrieved,,,,0.493
12,12953,40,retrieved,12.339.89,12953,0,0.889
1,6893,20,probe-too-short,,,,
1,7786,26,retrieved,1.214.11,7855,-69,1.0
3,13085,13,probe-too-short,,,,
12,4716,28,retrieved,12.129.1,4665,51,1.0
4,612,81,retrieved,4.20.8,617,-5,0.945
1,3919,36,retrieved,1.98.24,3905,14,0.879
12,7575,43,retrieved,12.208.9,7478,97,0.897
9,229,57,retrieved,9.4.43,229,0,0.84
1,6771,35,retrieved,1.177.27,6834,-63,0.935
7,1242,30,retrieved,7.28.17,1242,0,0.926
5,7143,19,probe-too-short,,,,
1,4501,30,retrieved,1.115.20,4501,0,1.0
1,262,39,retrieved,1.1.269,223,39,1.0
3,13091,36,retrieved,3.190.82,13090,1,1.0
3,14271,20,probe-too-short,,,,
7,1621,12,probe-too-short,,,,
1,5638,12,probe-too-short,,,,
7,973,12,probe-too-short,,,,
3,1400,19,probe-too-short,,,,
3,2501,18,probe-too-short,,,,
3,6075,20,probe-too-short,,,,
1,249,48,retrieved,1.1.256,210,39,0.8
13,3804,40,retrieved,13.81.3,3805,-1,0.838
12,8010,38,retrieved,12.221.7,7900,110,1.0
1,1543,42,retrieved,1.34.24,1543,0,1.0
3,168,23,probe-too-short,,,,
1,2896,19,probe-too-short,,,,
5,7552,79,retrieved,5.192.65,7552,0,1.0
5,7110,39,retrieved,5.178.83,7110,0,1.0
3,10595,22,probe-too-short,,,,
4,1172,45,retrieved,4.36.2,1172,0,1.0
3,2492,43,retrieved,3.64.92,2492,0,1.0
12,4114,28,retrieved,12.111.32,4074,40,1.0
6,5456,73,not-retrieved,,,,0.543
1,2477,41,retrieved,1.64.23,2456,21,1.0
3,1082,40,retrieved,3.29.18,1046,36,1.0
15,679,39,retrieved,15.26.5,679,0,1.0
12,2502,39,retrieved,12.67.8,2495,7,1.0
12,528,40,retrieved,12.17.18,528,0,0.784
12,7425,38,retrieved,12.203.9,7328,97,1.0
1,5002,19,probe-too-short,,,,
1,4989,37,retrieved,1.128.26,4989,0,1.0
13,31,29,retrieved,13.1.31,31,0,1.0
14,563,29,retrieved,14.19.32,563,0,1.0
9,1550,34,retrieved,9.28.51,1550,0,1.0
9,2232,40,retrieved,9.38.47,2232,0,1.0
3,1082,42,retrieved,3.29.18,1046,36,1.0
3,15050,33,retrieved,3.247.14,15050,0,0.6
5,795,40,retrieved,5.28.2,795,0,1.0
3,8445,41,retrieved,3.92.14,8445,0,1.0
3,12005,44,retrieved,3.168.14,12040,-35,1.0
5,2021,44,retrieved,5.51.4,2022,-1,0.927
3,12338,55,retrieved,3.176.23,12338,0,1.0
3,14031,19,probe-too-short,,,,
2,2623,20,probe-too-short,,,,
5,743,59,retrieved,5.26.6,743,0,1.0
5,498,41,retrieved,5.16.15,496,2,0.973
13,7241,40,retrieved,13.154.10,7242,-1,0.972
13,186,17,probe-too-short,,,,
1,5698,25,retrieved,1.143.3,5747,-49,1.0
7,755,36,retrieved,7.19.3,755,0,0.697
1,2808,18,probe-too-short,,,,
3,370,43,retrieved,3.10.25,371,-1,0.925
1,3033,45,retrieved,1.74.46,3033,0,1.0
4,631,36,retrieved,4.20.22,631,0,1.0
1,6683,41,not-retrieved,,,,0.474
2,2534,39,retrieved,2.77.21,2534,0,1.0
6,3186,22,probe-too-short,,,,
1,192,14,probe-too-short,,,,
9,1530,20,probe-too-short,,,,
7,205,19,probe-too-short,,,,
12,12844,80,not-retrieved,,,,0.526
2,2302,46,retrieved,2.68.53,2303,-1,0.952
12,3307,40,retrieved,12.88.6,3307,0,1.0
1,1161,74,retrieved,1.19.4,1161,0,1.0
2,2607,12,probe-too-short,,,,
1,3417,15,probe-too-short,,,,
1,8413,14,probe-too-short,,,,
12,1203,19,probe-too-short,,,,
3,2338,13,probe-too-short,,,,
5,640,42,retrieved,5.21.17,640,0,1.0
14,2513,21,probe-too-short,,,,
8,660,84,retrieved,8.16.51,688,-28,0.794
4,1371,17,probe-too-short,,,,
4,1338,29,retrieved,4.42.14,1338,0,0.923
12,13568,25,retrieved,12.348.22,13568,0,1.0
3,17395,20,probe-too-short,,,,
4,582,12,probe-too-short,,,,
2,119,13,probe-too-short,,,,
1,7579,13,probe-too-short,,,,
1,1146,9,probe-too-short,,,,
5,917,42,retrieved,5.31.2,917,0,1.0
4,519,20,probe-too-short,,,,
2,1121,18,probe-too-short,,,,
3,15250,13,probe-too-short,,,,
8,1898,27,retrieved,8.41.25,1898,0,1.0
1,6741,16,probe-too-short,,,,
3,353,16,probe-too-short,,,,
1,6560,14,probe-too-short,,,,
1,7368,12,probe-too-short,,,,
7,3887,38,retrieved,7.103.46,3888,-1,0.857
8,1911,26,retrieved,8.41.38,1911,0,1.0
1,3032,61,retrieved,1.74.45,3032,0,0.93
8,4323,32,retrieved,8.85.19,4326,-3,1.0
12,3444,54,retrieved,12.91.42,3444,0,1.0
12,9517,44,retrieved,12.266.37,9372,145,0.861
8,1590,37,retrieved,8.34.134,1588,2,0.882
1,7215,24,retrieved,1.194.13,7283,-68,1.0
12,9975,78,retrieved,12.278.9,9823,152,1.0
13,2873,29,retrieved,13.55.7,2873,0,1.0
5,4862,20,probe-too-short,,,,
5,1335,28,retrieved,5.37.2,1335,0,1.0
12,3305,40,retrieved,12.88.4,3305,0,1.0
3,15216,66,retrieved,3.253.9,15215,1,1.0
13,6618,39,retrieved,13.143.54,6617,1,1.0
3,15044,21,probe-too-short,,,,
12,3672,39,retrieved,12.99.9,3672,0,1.0
10,342,45,retrieved,10.8.24,342,0,1.0
2,212,40,retrieved,2.5.78,212,0,0.892
7,2310,19,probe-too-short,,,,
1,3618,54,retrieved,1.90.19,3618,0,1.0
3,10788,18,probe-too-short,,,,
13,2213,43,retrieved,13.38.12,2213,0,0.9
13,415,12,probe-too-short,,,,
1,4647,18,probe-too-short,,,,
3,10801,14,probe-too-short,,,,
2,2418,39,retrieved,2.72.3,2418,0,1.0
1,5531,20,probe-too-short,,,,
4,1427,15,probe-too-short,,,,
7,2907,17,probe-too-short,,,,
4,2146,54,retrieved,4.67.11,2147,-1,1.0
1,1838,12,probe-too-short,,,,
2,2161,26,retrieved,2.65.21,2160,1,0.826
1,7682,11,probe-too-short,,,,
6,5717,45,retrieved,6.120.29,5717,0,0.972
12,3743,8,probe-too-short,,,,
13,2566,55,retrieved,13.48.5,2567,-1,0.915
1,4361,39,retrieved,1.109.25,4361,0,0.889
13,2701,37,retrieved,13.51.34,2701,0,1.0
12,12410,44,retrieved,12.328.46,12410,0,0.854
12,5596,35,retrieved,12.150.3,5538,58,1.0
8,4847,42,retrieved,8.93.14,4857,-10,1.0
7,3840,26,retrieved,7.102.36,3834,6,0.957
1,3654,28,retrieved,1.92.10,3654,0,1.0
3,1357,15,probe-too-short,,,,
13,2749,38,retrieved,13.52.34,2749,0,1.0
4,1326,44,retrieved,4.42.2,1326,0,1.0
7,9644,41,retrieved,7.202.153,9644,0,1.0
7,3179,20,probe-too-short,,,,
3,13309,11,probe-too-short,,,,
10,649,18,probe-too-short,,,,
6,2776,41,retrieved,6.62.63,2778,-2,1.0
5,3608,10,probe-too-short,,,,
3,89,38,retrieved,3.2.43,89,0,1.0
1,8414,25,retrieved,1.232.11,8512,-98,1.0
5,7476,25,retrieved,5.191.20,7476,0,0.864
2,2211,22,probe-too-short,,,,
7,4249,35,retrieved,7.111.11,4249,0,1.0
2,2509,20,probe-too-short,,,,
1,6172,17,probe-too-short,,,,
12,4816,75,retrieved,12.133.2,4763,53,1.0
1,4080,21,probe-too-short,,,,
5,3723,20,probe-too-short,,,,
12,2667,21,probe-too-short,,,,
4,2321,24,retrieved,4.71.32,2320,1,1.0
2,343,13,probe-too-short,,,,
7,8784,35,not-retrieved,,,,0.0
2,1146,18,probe-too-short,,,,
2,302,30,retrieved,2.7.21,302,0,1.0
14,2071,38,retrieved,14.71.16,2074,-3,1.0
3,8127,14,probe-too-short,,,,
1,1842,40,retrieved,1.45.30,1806,36,0.892
3,10543,16,probe-too-short,,,,
5,2455,37,retrieved,5.64.1,2455,0,1.0
1,6748,29,retrieved,1.177.4,6811,-63,1.0
1,6749,12,probe-too-short,,,,
1,6750,13,probe-too-short,,,,
7,5923,18,probe-too-short,,,,
1,7110,21,probe-too-short,,,,
1,8080,21,probe-too-short,,,,
7,6148,21,probe-too-short,,,,
13,1741,15,probe-too-short,,,,
7,6148,10,probe-too-short,,,,
1,1241,14,probe-too-short,,,,
7,8409,32,retrieved,7.184.47,8412,-3,0.889
7,1084,39,retrieved,7.25.21,1084,0,1.0
5,5249,18,probe-too-short,,,,
12,3749,19,probe-too-short,,,,
1,4148,43,retrieved,1.103.3,4148,0,1.0
6,3403,21,probe-too-short,,,,
3,1426,28,retrieved,3.36.16,1426,0,0.88
3,10053,53,retrieved,3.112.3,10090,-37,1.0
1,5471,24,retrieved,1.138.32,5517,-46,0.905
1,6074,20,probe-too-short,,,,
3,14465,40,retrieved,3.230.12,14465,0,1.0
1,2632,33,retrieved,1.66.68,2632,0,1.0
6,2538,39,retrieved,6.59.31,2539,-1,0.694
12,8310,82,not-retrieved,,,,0.5
3,1612,34,retrieved,3.39.62,1612,0,0.935
12,7133,35,retrieved,12.195.5,7043,90,1.0
12,6245,22,probe-too-short,,,,
3,14502,74,retrieved,3.230.48,14501,1,1.0
1,6578,19,probe-too-short,,,,
1,2292,24,not-retrieved,,,,0.0
11,119,39,retrieved,11.3.5,88,31,0.889
8,1828,27,retrieved,8.40.13,1828,0,0.958
6,3736,79,retrieved,6.84.41,3736,0,0.986
4,446,16,probe-too-short,,,,
3,17132,16,probe-too-short,,,,
5,5259,105,retrieved,5.155.17,5180,79,0.783
6,2797,47,retrieved,6.62.62,2777,20,0.884
13,849,79,retrieved,13.14.256,847,2,0.946
6,684,13,probe-too-short,,,,
1,3042,38,retrieved,1.74.55,3042,0,0.912
4,770,21,probe-too-short,,,,
1,3479,32,retrieved,1.84.14,3459,20,0.897
13,6646,39,retrieved,13.144.23,6646,0,0.833
4,632,19,probe-too-short,,,,
10,418,36,retrieved,10.8.93,411,7,0.909
2,2377,28,retrieved,2.70.17,2377,0,1.0
1,6036,23,probe-too-short,,,,
9,1227,43,retrieved,9.23.49,1239,-12,0.795
1,2004,21,probe-too-short,,,,
4,361,32,retrieved,4.13.36,360,1,0.793
10,396,17,probe-too-short,,,,
8,4109,43,retrieved,8.80.19,4135,-26,1.0
3,13611,30,retrieved,3.204.30,13611,0,0.885
14,989,40,retrieved,14.36.3,989,0,1.0
5,508,26,retrieved,5.16.24,505,3,1.0
3,13542,36,retrieved,3.202.28,13542,0,1.0
14,647,38,retrieved,14.21.20,647,0,1.0
3,3007,80,retrieved,3.76.52,3007,0,0.882
3,8725,43,retrieved,3.101.12,8868,-143,0.921
4,674,80,retrieved,4.21.33,673,1,0.933
3,1397,26,not-retrieved,,,,0.588
12,7697,45,retrieved,12.211.9,7596,101,1.0
3,1612,39,retrieved,3.39.62,1612,0,1.0
3,2490,19,probe-too-short,,,,
1,6292,36,retrieved,1.163.26,6349,-57,1.0
3,12121,36,retrieved,3.170.19,12155,-34,1.0
3,426,13,probe-too-short,,,,
12,6481,39,retrieved,12.174.24,6402,79,1.0
3,14759,21,probe-too-short,,,,
1,7009,23,probe-too-short,,,,
2,2498,17,probe-too-short,,,,
6,3515,36,retrieved,6.80.4,3526,-11,0.848
6,3907,25,retrieved,6.73.8,3204,703,1.0
1,7938,17,probe-too-short,,,,
1,3318,20,probe-too-short,,,,
5,2472,18,probe-too-short,,,,
13,3774,11,probe-too-short,,,,
3,1826,19,probe-too-short,,,,
5,1207,12,probe-too-short,,,,
5,7489,26,retrieved,5.192.3,7490,-1,0.826
9,3304,40,retrieved,9.58.59,3304,0,0.914
4,2094,60,retrieved,4.65.8,2094,0,0.842
8,71,78,retrieved,8.3.20,70,1,0.884
9,1787,28,retrieved,9.31.45,1787,0,0.84
5,7246,15,probe-too-short,,,,
12,12603,18,probe-too-short,,,,
5,5279,72,retrieved,5.156.2,5200,79,1.0
7,2397,74,retrieved,7.69.4,2397,0,1.0
1,3978,34,retrieved,1.100.12,3978,0,1.0
3,1133,61,retrieved,3.30.17,1133,0,1.0
3,10698,22,probe-too-short,,,,
13,4603,37,retrieved,13.95.3,4603,0,1.0
13,4602,38,retrieved,13.95.2,4602,0,0.857
1,3129,24,retrieved,1.75.4,3129,0,1.0
1,557,22,probe-too-short,,,,
12,1411,35,retrieved,12.38.19,1411,0,1.0
14,2752,26,retrieved,14.90.63,2751,1,0.652
12,6751,41,retrieved,12.181.7,6668,83,1.0
1,2576,45,retrieved,1.66.12,2576,0,0.95
1,2797,41,retrieved,1.67.163,2799,-2,1.0
4,1105,20,probe-too-short,,,,
14,416,20,probe-too-short,,,,
5,632,35,retrieved,5.21.9,632,0,1.0
12,11074,37,retrieved,12.300.38,11072,2,1.0
13,4915,35,retrieved,13.103.10,4915,0,1.0
1,8404,20,probe-too-short,,,,
4,242,28,retrieved,4.8.12,242,0,1.0
3,15983,40,retrieved,3.277.39,15982,1,1.0
3,15749,26,retrieved,3.271.34,15750,-1,1.0
1,4937,25,retrieved,1.127.6,4937,0,1.0
3,1973,31,not-retrieved,,,,0.393
5,3408,35,retrieved,5.95.25,3364,44,1.0
13,4737,12,probe-too-short,,,,
5,5474,35,retrieved,5.160.68,5392,82,1.0
1,1469,30,retrieved,1.31.34,1435,34,0.926
4,630,36,retrieved,4.20.22,631,-1,1.0
3,577,23,probe-too-short,,,,
9,1806,68,retrieved,9.31.64,1806,0,0.919
4,522,27,not-retrieved,,,,0.0
3,16846,49,retrieved,3.297.101,16848,-2,0.933
14,958,53,retrieved,14.35.23,958,0,0.667
3,10915,23,probe-too-short,,,,
5,4072,18,probe-too-short,,,,
14,2842,14,probe-too-short,,,,
12,2885,37,retrieved,12.77.3,2867,18,0.882
13,2642,29,retrieved,13.50.2,2642,0,1.0
12,8102,75,retrieved,12.224.15,7992,110,1.0
3,12422,75,retrieved,3.179.27,12454,-32,1.0
5,2731,30,retrieved,5.74.15,2731,0,0.692
5,3041,36,retrieved,5.86.2,3041,0,0.909
12,10935,36,retrieved,12.297.35,10934,1,1.0
1,5401,39,retrieved,1.136.23,5442,-41,1.0
3,10635,20,probe-too-short,,,,
13,4363,39,retrieved,13.91.38,4363,0,1.0
12,12144,76,retrieved,12.322.7,12144,0,0.915
3,1963,28,retrieved,3.50.9,1963,0,0.92
13,3239,39,retrieved,13.63.40,3239,0,0.889
3,13639,63,retrieved,3.205.12,13658,-19,1.0
5,2606,18,probe-too-short,,,,
1,6032,17,probe-too-short,,,,
5,5959,13,probe-too-short,,,,
1,4704,12,probe-too-short,,,,
3,255,14,probe-too-short,,,,
5,1790,38,retrieved,5.46.31,1771,19,0.829
1,655,33,retrieved,1.2.392,621,34,1.0
1,1567,12,probe-too-short,,,,
1,2564,29,retrieved,1.65.56,2564,0,1.0
1,1188,13,probe-too-short,,,,
13,2944,49,retrieved,13.57.19,2944,0,0.818
3,12050,42,retrieved,3.168.59,12085,-35,1.0
6,1631,39,retrieved,6.43.103,1631,0,0.833
3,14176,40,retrieved,3.221.1,14176,0,1.0
2,841,17,probe-too-short,,,,
12,739,25,not-retrieved,,,,0.0
12,2117,20,probe-too-short,,,,
3,8484,39,retrieved,3.93.26,8483,1,1.0
3,7081,25,retrieved,3.84.3,7981,-900,1.0
3,10530,14,probe-too-short,,,,
2,1150,22,probe-too-short,,,,
3,11947,12,probe-too-short,,,,
5,7468,40,retrieved,5.191.12,7468,0,1.0
5,6038,56,retrieved,5.176.16,6039,-1,1.0
1,4117,30,retrieved,1.102.44,4121,-4,1.0
14,1362,37,retrieved,14.49.14,1361,1,1.0
1,5914,38,retrieved,1.151.33,5963,-49,1.0
1,5320,20,probe-too-short,,,,
1,4106,43,retrieved,1.102.33,4110,-4,1.0
1,17,27,retrieved,1.1.17,-29,46,1.0
6,3790,19,probe-too-short,,,,
13,914,19,probe-too-short,,,,
8,3244,33,retrieved,8.64.30,3246,-2,0.733
9,2259,26,retrieved,9.39.13,2259,0,1.0
4,173,40,retrieved,4.5.32,173,0,0.861
12,12144,76,retrieved,12.322.7,12144,0,0.944
1,75,13,probe-too-short,,,,
7,2199,86,retrieved,7.57.4,2196,3,0.963
2,903,20,probe-too-short,,,,
12,2306,28,retrieved,12.60.38,2305,1,1.0
12,514,38,retrieved,12.17.4,514,0,1.0
3,15255,40,retrieved,3.254.19,15254,1,1.0
5,7311,38,retrieved,5.185.22,7311,0,1.0
14,1272,21,probe-too-short,,,,
1,4674,19,probe-too-short,,,,
1,5142,75,retrieved,1.131.9,5141,1,0.94
1,4249,22,probe-too-short,,,,
5,1921,16,probe-too-short,,,,
2,1856,13,probe-too-short,,,,
13,2559,19,probe-too-short,,,,
5,929,40,retrieved,5.31.14,929,0,0.676
12,10796,76,retrieved,12.294.6,10796,0,1.0
14,193,21,probe-too-short,,,,
8,798,25,retrieved,8.20.29,798,0,0.682
1,7166,51,retrieved,1.192.11,7234,-68,1.0
4,2042,20,probe-too-short,,,,
12,13173,81,retrieved,12.341.45,13162,11,0.93
6,534,18,probe-too-short,,,,
7,27,36,retrieved,7.1.27,25,2,1.0
5,7315,16,probe-too-short,,,,
13,5046,46,retrieved,13.104.91,5045,1,1.0
3,17327,36,retrieved,3.313.41,17326,1,1.0
14,618,46,retrieved,14.20.20,618,0,1.0
1,4997,65,retrieved,1.128.34,4997,0,0.763
12,250,29,retrieved,12.9.8,250,0,1.0
12,4848,31,retrieved,12.134.14,4795,53,0.893
3,16783,19,probe-too-short,,,,
12,2306,38,retrieved,12.60.39,2306,0,1.0
1,4166,20,probe-too-short,,,,
13,1573,41,retrieved,13.23.2,1573,0,0.921
7,2522,11,probe-too-short,,,,
5,3627,13,probe-too-short,,,,
2,2123,26,retrieved,2.64.3,2123,0,1.0
1,2664,18,probe-too-short,,,,
12,13235,30,retrieved,12.342.76,13235,0,1.0
6,4684,16,probe-too-short,,,,
3,12134,13,probe-too-short,,,,
13,4995,52,retrieved,13.104.41,4995,0,0.932
12,4333,62,retrieved,12.119.3,4288,45,1.0
4,401,29,retrieved,4.14.28,400,1,1.0
1,7412,15,probe-too-short,,,,
1,2585,17,probe-too-short,,,,
3,12158,37,retrieved,3.171.27,12158,0,1.0
13,1074,32,retrieved,13.16.37,1074,0,0.966
13,2611,57,retrieved,13.48.49,2611,0,1.0
1,7317,20,probe-too-short,,,,
1,3684,57,retrieved,1.93.22,3685,-1,1.0
4,727,31,retrieved,4.22.33,726,1,1.0
13,4725,40,retrieved,13.98.49,4725,0,0.919
14,1066,19,probe-too-short,,,,
13,4730,21,probe-too-short,,,,
12,6228,40,retrieved,12.167.19,6158,70,1.0
1,3576,21,probe-too-short,,,,
4,1353,41,retrieved,4.43.10,1326,27,1.0
3,1298,49,retrieved,3.33.35,1298,0,0.795
7,2864,42,retrieved,7.80.45,2864,0,1.0
2,1434,27,retrieved,2.41.2,1434,0,1.0
12,11255,40,retrieved,12.302.42,11255,0,1.0
14,2304,20,probe-too-short,,,,
12,4141,41,retrieved,12.111.59,4101,40,1.0
7,7997,12,probe-too-short,,,,
12,7447,41,retrieved,12.204.8,7350,97,0.861
12,5881,83,retrieved,12.158.5,5816,65,1.0
13,547,20,probe-too-short,,,,
7,3713,69,retrieved,7.99.48,3713,0,0.908
12,8396,38,retrieved,12.228.64,8281,115,1.0
12,8369,40,retrieved,12.228.37,8254,115,0.892
12,13283,21,probe-too-short,,,,
3,12411,57,retrieved,3.179.16,12443,-32,0.926
2,912,77,retrieved,2.23.23,912,0,1.0
13,6709,18,probe-too-short,,,,
3,17023,79,retrieved,3.303.26,17023,0,0.947
13,2147,43,retrieved,13.35.6,2147,0,1.0
12,1991,77,retrieved,12.56.5,1990,1,0.941
1,6576,42,retrieved,1.172.17,6636,-60,1.0
7,2266,37,retrieved,7.61.6,2266,0,1.0
3,14662,42,retrieved,3.233.14,14662,0,1.0
12,7480,37,retrieved,12.205.21,7383,97,0.882
12,12370,22,probe-too-short,,,,
3,2118,24,retrieved,3.54.15,2118,0,1.0
1,1451,21,probe-too-short,,,,
3,2392,20,probe-too-short,,,,
3,2441,38,retrieved,3.64.41,2441,0,1.0
3,2428,30,retrieved,3.64.28,2428,0,1.0
12,10613,18,probe-too-short,,,,
13,1513,33,retrieved,13.21.2,1513,0,0.967
13,559,22,probe-too-short,,,,
5,946,19,probe-too-short,,,,
14,640,41,retrieved,14.21.13,640,0,0.921
3,12516,39,retrieved,3.181.28,12547,-31,0.886
13,3733,20,probe-too-short,,,,
1,1402,21,probe-too-short,,,,
3,2685,41,retrieved,3.68.31,2684,1,1.0
11,659,33,retrieved,11.23.25,659,0,1.0
14,576,15,probe-too-short,,,,
3,11364,22,probe-too-short,,,,
14,1108,20,probe-too-short,,,,
1,4676,20,probe-too-short,,,,
1,2592,14,probe-too-short,,,,
12,7183,13,probe-too-short,,,,
3,12693,39,retrieved,3.185.16,12693,0,1.0
5,992,60,retrieved,5.33.22,992,0,0.929
12,8630,45,retrieved,12.235.18,8512,118,1.0
12,3934,24,retrieved,12.106.6,3895,39,0.857
5,2688,37,retrieved,5.73.14,2688,0,1.0
3,8584,41,retrieved,3.97.15,8584,0,0.789
5,4929,80,retrieved,5.146.1,4859,70,1.0
4,1685,39,retrieved,4.54.26,1685,0,1.0
13,643,20,probe-too-short,,,,
1,5348,70,retrieved,1.135.2,5389,-41,0.896
1,5384,38,retrieved,1.136.6,5425,-41,1.0
1,3477,20,probe-too-short,,,,
3,17016,72,retrieved,3.303.19,17016,0,0.971
12,2155,39,retrieved,12.59.34,2155,0,1.0
2,2164,24,retrieved,2.65.24,2163,1,1.0
13,7166,27,retrieved,13.151.5,7166,0,0.708
1,7277,30,not-retrieved,,,,0.333
13,7166,20,probe-too-short,,,,
2,783,42,retrieved,2.20.16,783,0,1.0
12,1345,27,retrieved,12.37.2,1345,0,1.0
12,2045,16,probe-too-short,,,,
1,3576,20,probe-too-short,,,,
13,3302,59,retrieved,13.65.14,3302,0,1.0
15,861,43,retrieved,15.31.19,861,0,1.0
4,1482,19,probe-too-short,,,,
9,411,19,probe-too-short,,,,
5,2312,41,retrieved,5.58.18,2284,28,1.0
3,13287,50,retrieved,3.197.15,13287,0,1.0
18,12,38,retrieved,18.1.12,12,0,1.0
1,4677,33,retrieved,1.120.38,4677,0,0.733
5,6083,53,retrieved,5.177.1,6533,-450,1.0
1,2009,47,retrieved,1.50.49,2009,0,0.795
12,2963,37,retrieved,12.79.2,2963,0,1.0
12,3690,40,retrieved,12.100.9,3690,0,1.0
1,6259,37,retrieved,1.162.19,6316,-57,1.0
9,3217,28,retrieved,9.57.43,3203,14,0.92
1,3523,37,retrieved,1.85.24,3523,0,1.0
1,741,23,probe-too-short,,,,
5,1004,47,retrieved,5.33.34,1004,0,0.705
12,9974,19,probe-too-short,,,,
7,3958,37,retrieved,7.105.33,3953,5,0.735
7,1199,38,retrieved,7.27.5,1199,0,1.0
1,3656,17,probe-too-short,,,,
13,3426,27,retrieved,13.68.31,3425,1,0.875
14,1292,39,retrieved,14.46.34,1292,0,1.0
2,143,16,probe-too-short,,,,
1,1592,35,retrieved,1.37.4,1592,0,0.906
3,16307,41,retrieved,3.283.39,16307,0,1.0
3,9972,25,retrieved,3.110.5,9973,-1,0.909
5,1274,51,retrieved,5.36.15,1274,0,0.936
4,52,30,retrieved,4.2.25,52,0,0.889
1,4158,43,retrieved,1.103.13,4158,0,1.0
1,80,16,probe-too-short,,,,
5,4823,41,retrieved,5.142.11,4754,69,1.0
12,6055,19,probe-too-short,,,,
8,4409,11,probe-too-short,,,,
2,1420,31,retrieved,2.40.3,1423,-3,0.857
5,4154,29,retrieved,5.124.33,4097,57,1.0
2,663,39,retrieved,2.16.4,662,1,1.0
3,2700,38,retrieved,3.69.7,2700,0,1.0
12,1212,19,probe-too-short,,,,
12,661,39,retrieved,12.23.11,661,0,1.0
3,13349,26,retrieved,3.201.1,13502,-153,0.864
12,5332,36,retrieved,12.141.14,5278,54,1.0
3,13745,38,retrieved,3.207.45,13745,0,1.0
1,5969,40,retrieved,1.153.8,6019,-50,0.892
12,901,41,retrieved,12.29.9,902,-1,1.0
6,579,16,probe-too-short,,,,
12,6181,38,retrieved,12.166.62,6112,69,1.0
12,9861,30,retrieved,12.274.7,9711,150,0.889
6,76,18,probe-too-short,,,,
5,5771,36,retrieved,5.167.2,5704,67,1.0
6,29,41,retrieved,6.1.28,29,0,0.889
1,4140,19,probe-too-short,,,,
1,7573,13,probe-too-short,,,,
12,2037,40,retrieved,12.56.52,2037,0,1.0
7,762,46,retrieved,7.19.10,762,0,1.0
2,197,21,probe-too-short,,,,
5,1490,37,retrieved,5.39.45,1490,0,1.0
5,7193,16,probe-too-short,,,,
2,1141,39,retrieved,2.31.38,1142,-1,1.0
12,5424,20,probe-too-short,,,,
1,253,19,probe-too-short,,,,
4,998,16,probe-too-short,,,,
3,8828,42,retrieved,3.106.4,9686,-858,1.0
1,6318,15,probe-too-short,,,,
1,6851,76,retrieved,1.180.10,6915,-64,1.0
3,11988,48,retrieved,3.167.54,11988,0,0.9
12,10887,26,retrieved,12.296.27,10887,0,1.0
5,1789,18,probe-too-short,,,,
1,3090,40,retrieved,1.74.98,3085,5,1.0
5,3801,27,retrieved,5.110.1,3752,49,0.833
18,219,23,probe-too-short,,,,
12,1455,14,probe-too-short,,,,
12,773,34,retrieved,12.26.6,773,0,1.0
6,248,30,retrieved,6.6.52,247,1,0.704
12,8572,21,probe-too-short,,,,
7,1345,20,probe-too-short,,,,
3,1901,37,retrieved,3.47.23,1901,0,1.0
3,17156,26,retrieved,3.309.4,17156,0,0.696
3,1992,38,retrieved,3.51.27,1993,-1,1.0
12,2051,75,retrieved,12.57.5,2034,17,1.0
7,2865,38,retrieved,7.80.46,2865,0,1.0
8,810,16,probe-too-short,,,,
5,5158,41,retrieved,5.151.61,5081,77,1.0
5,7203,46,retrieved,5.181.3,7203,0,0.895
3,14774,41,retrieved,3.237.3,14774,0,1.0
5,219,18,probe-too-short,,,,
5,2041,37,retrieved,5.51.23,2041,0,1.0
13,2786,44,retrieved,13.53.33,2787,-1,1.0
3,12624,14,probe-too-short,,,,
3,13630,17,probe-too-short,,,,
14,805,38,retrieved,14.28.18,805,0,1.0
3,15562,12,probe-too-short,,,,
1,781,27,retrieved,1.3.118,783,-2,1.0
13,4538,17,probe-too-short,,,,
3,14317,21,probe-too-short,,,,
7,417,43,retrieved,7.11.36,417,0,1.0
7,1986,36,retrieved,7.51.5,1986,0,1.0
6,571,12,probe-too-short,,,,
3,16228,31,retrieved,3.282.32,16228,0,1.0
13,376,22,probe-too-short,,,,
12,8963,10,probe-too-short,,,,
8,1456,24,retrieved,8.34.3,1457,-1,1.0
12,12003,9,probe-too-short,,,,
5,1257,31,not-retrieved,,,,0.0
1,507,18,probe-too-short,,,,
3,16971,32,retrieved,3.301.13,16971,0,1.0
12,5553,76,retrieved,12.147.4,5497,56,1.0
5,4770,13,probe-too-short,,,,
5,1340,27,retrieved,5.37.7,1340,0,1.0
3,9981,40,retrieved,3.110.13,9981,0,0.919
1,2411,41,not-retrieved,,,,0.342
2,2667,41,retrieved,2.80.48,2667,0,1.0
5,5894,31,retrieved,5.171.2,5894,0,1.0
3,10277,27,retrieved,3.120.19,10341,-64,1.0
1,3745,13,probe-too-short,,,,
2,354,15,probe-too-short,,,,
1,5345,44,retrieved,1.134.34,5386,-41,1.0
14,1530,31,retrieved,14.52.53,1530,0,1.0
2,38,51,not-retrieved,,,,0.333
4,1784,38,retrieved,4.57.6,1785,-1,1.0
13,4980,41,retrieved,13.104.27,4981,-1,1.0
5,3003,41,retrieved,5.84.11,3003,0,1.0
2,2071,23,probe-too-short,,,,
1,2106,9,probe-too-short,,,,
4,866,41,retrieved,4.25.6,866,0,1.0
13,7614,47,retrieved,13.164.3,7614,0,1.0
15,418,44,retrieved,15.14.9,418,0,0.825
4,369,43,retrieved,4.13.44,368,1,1.0
5,3600,24,retrieved,5.101.15,3554,46,1.0
15,202,38,retrieved,15.5.33,202,0,1.0
4,695,19,probe-too-short,,,,
7,599,12,probe-too-short,,,,
13,5868,20,probe-too-short,,,,
1,8180,16,probe-too-short,,,,
12,2107,75,retrieved,12.58.16,2090,17,0.944
1,3590,40,retrieved,1.89.14,3590,0,1.0
3,17317,40,retrieved,3.313.31,17316,1,1.0
12,8658,82,retrieved,12.236.14,8540,118,0.942
5,2081,20,probe-too-short,,,,
3,8654,31,retrieved,3.99.38,8654,0,0.821
3,11230,20,probe-too-short,,,,
12,2173,44,retrieved,12.59.52,2173,0,1.0
8,222,29,retrieved,8.8.5,222,0,1.0
13,1715,17,probe-too-short,,,,
7,1571,19,probe-too-short,,,,
5,3042,37,retrieved,5.86.3,3042,0,1.0
8,1733,36,retrieved,8.37.27,1733,0,1.0
3,14250,20,probe-too-short,,,,
1,2855,27,retrieved,1.70.11,2854,1,0.833
5,1504,15,probe-too-short,,,,
12,8872,39,retrieved,12.243.19,8752,120,1.0
4,1322,38,retrieved,4.41.10,1320,2,1.0
12,3299,48,retrieved,12.87.38,3298,1,0.911
3,1150,74,retrieved,3.30.34,1150,0,1.0
12,458,11,probe-too-short,,,,
4,1341,14,probe-too-short,,,,
8,624,16,probe-too-short,,,,
13,983,46,retrieved,13.14.389,980,3,0.907
1,2793,36,retrieved,1.67.159,2795,-2,1.0
1,761,19,probe-too-short,,,,
3,10054,25,retrieved,3.112.4,10091,-37,1.0
4,1339,28,retrieved,4.42.15,1339,0,0.64
2,132,38,retrieved,2.4.38,133,-1,0.647
1,4506,41,retrieved,1.115.25,4506,0,1.0
3,2037,18,probe-too-short,,,,
13,7557,72,retrieved,13.162.25,7556,1,0.93
4,352,17,probe-too-short,,,,
9,1552,40,retrieved,9.28.53,1552,0,1.0
2,859,19,probe-too-short,,,,
12,2989,39,retrieved,12.80.7,2989,0,1.0
12,10307,15,probe-too-short,,,,
1,5324,22,probe-too-short,,,,
14,158,43,retrieved,14.7.6,158,0,1.0
3,10570,31,retrieved,3.131.10,10626,-56,0.893
8,1449,16,probe-too-short,,,,
6,4894,24,retrieved,6.107.9,4894,0,1.0
3,14010,38,retrieved,3.214.10,14022,-12,1.0
5,61,33,retrieved,5.3.21,61,0,0.9
3,11173,14,probe-too-short,,,,
7,2218,19,probe-too-short,,,,
7,3311,37,retrieved,7.92.51,3310,1,0.824
1,8054,41,retrieved,1.222.5,8137,-83,1.0
1,5307,14,probe-too-short,,,,
13,2634,29,retrieved,13.49.22,2634,0,1.0
1,5805,38,retrieved,1.147.8,5855,-50,1.0
1,7194,29,retrieved,1.193.21,7262,-68,1.0
5,3515,39,retrieved,5.97.15,3469,46,0.912
3,2785,12,probe-too-short,,,,
1,7082,23,probe-too-short,,,,
13,3945,15,probe-too-short,,,,
10,288,12,probe-too-short,,,,
5,1713,40,retrieved,5.44.30,1713,0,1.0
12,8559,38,retrieved,12.233.5,8442,117,1.0
5,3387,42,retrieved,5.95.4,3343,44,1.0
8,2369,32,retrieved,8.49.71,2369,0,0.897
5,4067,36,retrieved,5.121.19,4014,53,1.0
5,3990,18,probe-too-short,,,,
3,662,71,retrieved,3.16.4,662,0,0.881
3,11260,19,probe-too-short,,,,
1,591,23,probe-too-short,,,,
3,14197,17,probe-too-short,,,,
5,4477,78,retrieved,5.132.19,4413,64,1.0
5,2395,36,retrieved,5.61.14,2363,32,1.0
1,5610,19,probe-too-short,,,,
4,2016,22,probe-too-short,,,,
5,1577,26,retrieved,5.42.2,1576,1,1.0
14,2892,40,retrieved,14.92.45,2890,2,1.0
4,1462,18,probe-too-short,,,,
12,12038,18,probe-too-short,,,,
5,146,39,retrieved,5.7.17,147,-1,1.0
6,2636,16,probe-too-short,,,,
3,8530,18,probe-too-short,,,,
7,3104,18,probe-too-short,,,,
9,2220,40,retrieved,9.38.35,2220,0,1.0
6,2639,15,probe-too-short,,,,
12,1060,51,retrieved,12.30.18,1057,3,0.826
4,878,28,retrieved,4.25.18,878,0,0.84
1,485,33,retrieved,1.2.210,439,46,1.0
1,438,26,retrieved,1.2.163,392,46,0.87
1,1864,13,probe-too-short,,,,
1,6306,23,probe-too-short,,,,
1,7366,35,retrieved,1.200.1,7432,-66,0.875
7,8590,17,probe-too-short,,,,
12,11872,31,retrieved,12.320.21,11873,-1,1.0
6,5596,24,retrieved,6.119.30,5613,-17,0.762
2,1774,14,probe-too-short,,,,
9,1813,18,probe-too-short,,,,
13,1229,18,probe-too-short,,,,
7,5818,24,retrieved,7.140.2,5816,2,0.952
4,2216,19,probe-too-short,,,,
7,63,23,probe-too-short,,,,
4,533,14,probe-too-short,,,,
3,1338,41,retrieved,3.33.75,1338,0,1.0
1,7188,23,probe-too-short,,,,
3,15229,40,retrieved,3.253.22,15228,1,1.0
8,1068,25,retrieved,8.26.32,1105,-37,0.8
3,2451,20,probe-too-short,,,,
14,640,43,retrieved,14.21.13,640,0,1.0
12,4090,21,probe-too-short,,,,
3,2636,42,retrieved,3.67.3,2636,0,0.897
1,416,44,retrieved,1.2.141,370,46,1.0
3,1382,11,probe-too-short,,,,
14,1036,27,retrieved,14.37.14,1036,0,1.0
13,1557,41,retrieved,13.22.27,1557,0,1.0
1,6541,28,retrieved,1.171.26,6601,-60,1.0
1,5137,32,retrieved,1.131.4,5136,1,0.862
3,1809,77,not-retrieved,,,,0.5
13,4142,13,probe-too-short,,,,
13,3194,17,probe-too-short,,,,
12,9449,19,probe-too-short,,,,
7,2024,25,not-retrieved,,,,0.0
12,4827,18,probe-too-short,,,,
1,2211,87,retrieved,1.60.4,2180,31,0.925
5,3948,44,retrieved,5.116.11,3896,52,0.879
1,376,16,probe-too-short,,,,
1,8417,29,retrieved,1.232.14,8515,-98,1.0
1,3491,41,retrieved,1.84.26,3471,20,0.921
5,2700,42,retrieved,5.73.26,2700,0,1.0
1,12,11,probe-too-short,,,,
12,10641,30,retrieved,12.288.30,10476,165,0.962
12,2408,23,probe-too-short,,,,
12,4804,23,probe-too-short,,,,
7,7919,25,retrieved,7.175.30,7919,0,0.636
9,3045,16,probe-too-short,,,,
7,1634,16,probe-too-short,,,,
7,8104,18,probe-too-short,,,,
5,5734,20,probe-too-short,,,,
1,8041,18,probe-too-short,,,,
12,6121,23,probe-too-short,,,,
6,31,23,probe-too-short,,,,
12,3544,21,probe-too-short,,,,
2,988,37,retrieved,2.25.6,988,0,1.0
2,313,19,probe-too-short,,,,
13,338,82,retrieved,13.6.44,338,0,1.0
2,62,14,probe-too-short,,,,
1,5367,25,retrieved,1.135.21,5408,-41,1.0
12,10849,23,probe-too-short,,,,
3,13437,29,retrieved,3.200.88,13437,0,0.917
4,276,13,probe-too-short,,,,
2,2130,82,retrieved,2.64.10,2130,0,0.92
12,13221,16,probe-too-short,,,,
5,1887,46,retrieved,5.48.80,1887,0,1.0
5,2998,42,retrieved,5.84.6,2998,0,1.0
5,1677,31,not-retrieved,,,,0.0
1,2097,26,retrieved,1.55.1,2097,0,1.0
7,2294,24,retrieved,7.63.2,2292,2,0.857
2,29,19,probe-too-short,,,,
1,6056,21,probe-too-short,,,,
4,355,18,probe-too-short,,,,
1,6056,41,retrieved,1.155.15,6107,-51,1.0
1,2950,77,retrieved,1.72.15,2951,-1,1.0
14,2748,29,retrieved,14.90.59,2747,1,1.0
3,139,32,retrieved,3.3.9,139,0,0.893
3,15670,54,retrieved,3.269.4,15670,0,0.939
12,5844,39,retrieved,12.156.4,5780,64,1.0
12,12049,38,retrieved,12.321.6,12049,0,0.886
5,2704,27,retrieved,5.73.30,2704,0,0.833
5,2430,55,retrieved,5.63.2,2431,-1,1.0
1,537,22,probe-too-short,,,,
1,1890,28,retrieved,1.47.22,1890,0,0.96
5,2037,38,retrieved,5.51.19,2037,0,1.0
1,2556,13,probe-too-short,,,,
12,8589,40,retrieved,12.234.15,8471,118,0.946
14,1337,42,retrieved,14.48.3,1338,-1,1.0
14,2358,13,probe-too-short,,,,
12,4172,13,probe-too-short,,,,
1,539,37,retrieved,1.2.267,496,43,1.0
8,1236,25,retrieved,8.30.32,1269,-33,0.864
12,4989,21,probe-too-short,,,,
7,80,19,probe-too-short,,,,
2,2008,16,probe-too-short,,,,
13,359,12,probe-too-short,,,,
1,28,13,probe-too-short,,,,
3,8355,24,retrieved,3.89.2,8355,0,0.952
12,1390,37,not-retrieved,,,,0.529
13,598,48,retrieved,13.14.11,602,-4,1.0
13,1836,16,probe-too-short,,,,
1,4640,30,retrieved,1.120.1,4640,0,0.778
1,3755,15,probe-too-short,,,,
15,742,28,retrieved,15.28.2,742,0,1.0
1,141,18,probe-too-short,,,,
4,275,19,probe-too-short,,,,
3,14734,11,probe-too-short,,,,
3,15025,18,probe-too-short,,,,
12,5066,21,probe-too-short,,,,
1,7464,12,probe-too-short,,,,
13,29,29,retrieved,13.1.29,29,0,0.692
13,933,40,retrieved,13.14.340,931,2,1.0
13,2866,25,retrieved,13.54.40,2865,1,1.0
13,2887,18,probe-too-short,,,,
1,4113,56,retrieved,1.102.40,4117,-4,0.961
1,5359,36,retrieved,1.135.13,5400,-41,1.0
1,4993,31,retrieved,1.128.30,4993,0,0.964
1,377,42,retrieved,1.2.102,331,46,1.0
1,5326,22,probe-too-short,,,,
7,986,19,probe-too-short,,,,
13,4267,16,probe-too-short,,,,
3,7085,33,retrieved,3.84.7,7985,-900,0.889
4,2015,18,probe-too-short,,,,
7,1121,40,retrieved,7.25.58,1121,0,0.703
13,4524,17,probe-too-short,,,,
13,1586,38,retrieved,13.23.15,1586,0,1.0
12,12283,37,retrieved,12.326.23,12283,0,1.0
2,2196,27,retrieved,2.66.11,2195,1,1.0
1,4207,17,probe-too-short,,,,
14,269,20,probe-too-short,,,,
5,2460,37,retrieved,5.64.6,2460,0,1.0
3,11227,18,probe-too-short,,,,
5,7352,30,retrieved,5.186.25,7352,0,0.88
3,8648,51,retrieved,3.99.33,8649,-1,0.792
13,7130,11,probe-too-short,,,,
13,3112,19,probe-too-short,,,,
12,3758,19,probe-too-short,,,,
9,2882,18,probe-too-short,,,,
7,9408,29,retrieved,7.201.18,9411,-3,1.0
4,1067,29,retrieved,4.33.1,1067,0,1.0
3,2016,24,retrieved,3.52.4,2017,-1,0.81
7,5196,16,probe-too-short,,,,
6,3788,24,retrieved,6.85.38,3788,0,0.952
7,568,18,probe-too-short,,,,
2,1452,19,probe-too-short,,,,
1,638,19,probe-too-short,,,,
3,1733,14,probe-too-short,,,,
3,8514,21,probe-too-short,,,,
7,2920,23,probe-too-short,,,,
3,12098,28,retrieved,3.169.20,12132,-34,0.8
12,11883,22,probe-too-short,,,,
7,1586,26,not-retrieved,,,,0.0
18,122,19,probe-too-short,,,,
13,3490,17,probe-too-short,,,,
8,857,42,retrieved,8.21.37,897,-40,1.0
7,1944,19,probe-too-short,,,,
3,2025,36,retrieved,3.52.13,2026,-1,1.0
4,2003,85,retrieved,4.62.6,2002,1,0.986
9,1869,13,probe-too-short,,,,
3,12884,26,retrieved,3.188.79,12883,1,0.87
2,2685,17,probe-too-short,,,,
3,2957,13,probe-too-short,,,,
7,92,19,probe-too-short,,,,
6,2313,26,not-retrieved,,,,0.565
4,2155,18,probe-too-short,,,,
1,7007,12,probe-too-short,,,,
12,3652,37,retrieved,12.98.41,3652,0,1.0
5,5996,18,probe-too-short,,,,
12,365,23,probe-too-short,,,,
9,300,21,probe-too-short,,,,
3,15815,17,probe-too-short,,,,
12,4224,41,retrieved,12.114.15,4182,42,1.0
12,1637,37,retrieved,12.47.48,1635,2,0.941
3,16564,22,probe-too-short,,,,
3,1603,37,retrieved,3.39.53,1603,0,1.0
8,4944,14,probe-too-short,,,,
1,5977,19,probe-too-short,,,,
12,13280,19,probe-too-short,,,,
1,3275,19,probe-too-short,,,,
5,3887,32,retrieved,5.113.15,3836,51,1.0
3,8309,13,probe-too-short,,,,
3,2552,21,probe-too-short,,,,
13,829,39,retrieved,13.14.237,828,1,0.886
4,1364,11,probe-too-short,,,,
10,377,14,probe-too-short,,,,
5,1196,27,retrieved,5.35.15,1196,0,0.667
5,2516,37,retrieved,5.67.4,2482,34,0.882
3,8308,12,probe-too-short,,,,
13,3264,19,probe-too-short,,,,
13,3264,24,retrieved,13.64.13,3264,0,1.0
4,1383,83,retrieved,4.44.16,1382,1,1.0
7,5375,27,retrieved,7.131.21,5375,0,1.0
4,1704,37,not-retrieved,,,,0.471
1,712,52,retrieved,1.3.48,713,-1,0.776
3,13459,28,retrieved,3.200.109,13458,1,0.88
6,2635,17,probe-too-short,,,,
1,2476,31,retrieved,1.64.22,2455,21,1.0
6,101,15,probe-too-short,,,,
12,12404,78,retrieved,12.328.40,12404,0,0.947
3,2371,49,retrieved,3.63.10,2371,0,0.87
4,1454,13,probe-too-short,,,,
3,12066,33,retrieved,3.168.74,12100,-34,1.0
1,4993,15,probe-too-short,,,,
3,16465,28,retrieved,3.289.1,16463,2,0.96
5,7125,15,probe-too-short,,,,
3,10082,26,retrieved,3.113.13,10127,-45,1.0
2,568,17,probe-too-short,,,,
15,984,20,probe-too-short,,,,
7,76,22,probe-too-short,,,,
7,80,19,probe-too-short,,,,
7,3447,14,probe-too-short,,,,
13,899,14,probe-too-short,,,,
4,1545,66,retrieved,4.49.16,1546,-1,0.721
7,74,20,probe-too-short,,,,
4,1613,18,probe-too-short,,,,
12,7878,80,retrieved,12.217.36,7770,108,0.97
13,2477,43,retrieved,13.45.17,2477,0,1.0
4,982,21,probe-too-short,,,,
9,3029,23,probe-too-short,,,,
3,12318,20,probe-too-short,,,,
5,4116,29,retrieved,5.123.19,4060,56,1.0
4,171,41,retrieved,4.5.30,171,0,1.0
13,4785,39,retrieved,13.100.14,4785,0,1.0
10,756,32,retrieved,10.16.34,756,0,1.0
11,711,34,retrieved,11.25.6,711,0,0.871
1,5437,17,probe-too-short,,,,
1,7979,42,retrieved,1.221.17,8060,-81,1.0
7,8776,62,retrieved,7.191.22,8776,0,1.0
5,5437,46,retrieved,5.160.31,5355,82,0.829
13,1651,37,retrieved,13.23.79,1650,1,1.0
13,1176,39,not-retrieved,,,,0.0
4,131,41,retrieved,4.4.49,131,0,0.974
7,3407,42,retrieved,7.93.70,3407,0,1.0
4,71,49,retrieved,4.3.12,71,0,0.826
5,1902,13,probe-too-short,,,,
7,994,12,probe-too-short,,,,
10,38,12,probe-too-short,,,,
1,5568,23,probe-too-short,,,,
1,7307,51,retrieved,1.197.32,7373,-66,0.87
8,4586,27,retrieved,8.89.63,4586,0,0.833
1,5711,21,probe-too-short,,,,
3,11334,46,retrieved,3.151.17,11377,-43,0.806
5,499,40,not-retrieved,,,,0.0
7,2136,40,retrieved,7.55.3,2136,0,0.892
1,260,37,retrieved,1.1.267,221,39,0.882
12,3000,41,retrieved,12.80.18,3000,0,0.895
7,130,43,retrieved,7.4.16,130,0,0.9
9,1946,15,probe-too-short,,,,
8,4684,25,not-retrieved,,,,0.0
4,355,18,probe-too-short,,,,
2,197,18,probe-too-short,,,,
7,203,29,retrieved,7.7.36,204,-1,0.846
1,2786,36,retrieved,1.67.152,2788,-2,1.0
7,199,13,probe-too-short,,,,
1,5401,26,retrieved,1.136.23,5442,-41,1.0
13,268,41,retrieved,13.5.6,268,0,0.842
2,1205,19,probe-too-short,,,,
13,524,27,retrieved,13.11.18,524,0,0.833
12,9763,82,retrieved,12.271.9,9613,150,1.0
5,2730,29,not-retrieved,,,,0.577
1,5782,19,probe-too-short,,,,
7,1217,21,probe-too-short,,,,
2,1012,67,retrieved,2.27.3,1012,0,0.942
4,311,56,retrieved,4.11.14,311,0,0.882
13,6604,24,retrieved,13.143.40,6603,1,0.857
14,2304,23,probe-too-short,,,,
3,17344,21,probe-too-short,,,,
14,2341,21,probe-too-short,,,,
5,4040,36,retrieved,5.120.15,3988,52,0.906
5,7478,35,retrieved,5.191.22,7478,0,1.0
2,638,17,probe-too-short,,,,
3,49,8,probe-too-short,,,,
1,4347,32,retrieved,1.109.11,4347,0,0.931
14,317,39,retrieved,14.12.4,318,-1,1.0
13,1499,16,probe-too-short,,,,
13,1516,41,retrieved,13.21.5,1516,0,1.0
3,10571,43,retrieved,3.131.11,10627,-56,0.871
3,13587,49,retrieved,3.204.6,13587,0,0.86
1,5693,43,retrieved,1.142.22,5742,-49,1.0
12,3731,43,retrieved,12.100.49,3730,1,1.0
3,8743,48,not-retrieved,,,,0.568
2,1648,41,retrieved,2.46.20,1650,-2,0.895
4,440,19,probe-too-short,,,,
2,153,79,retrieved,2.5.19,153,0,1.0
7,7761,50,retrieved,7.172.27,7770,-9,0.761
13,6724,36,retrieved,13.145.42,6724,0,1.0
3,10572,40,retrieved,3.131.12,10628,-56,1.0
12,3250,22,probe-too-short,,,,
4,1670,27,retrieved,4.54.11,1670,0,1.0
12,4052,26,retrieved,12.109.30,4052,0,0.818
3,548,19,probe-too-short,,,,
5,1706,27,retrieved,5.44.23,1706,0,0.792
1,7179,29,retrieved,1.193.6,7247,-68,1.0
13,1645,21,probe-too-short,,,,
8,2030,12,probe-too-short,,,,
5,1412,41,retrieved,5.38.15,1413,-1,1.0
7,2725,21,probe-too-short,,,,
7,1134,26,not-retrieved,,,,0.0
3,13149,15,probe-too-short,,,,
12,7974,56,retrieved,12.219.44,7865,109,0.943
5,386,26,not-retrieved,,,,0.0
13,3133,40,retrieved,13.62.31,3133,0,0.8
13,7394,29,retrieved,13.158.41,7394,0,0.846
5,5973,27,retrieved,5.174.8,5973,0,1.0
1,5636,38,retrieved,1.141.2,5684,-48,0.971
2,2506,28,not-retrieved,,,,0.0
12,9667,21,probe-too-short,,,,
3,14799,39,retrieved,3.238.4,14799,0,1.0
1,4774,41,retrieved,1.123.17,4773,1,1.0
3,1363,13,probe-too-short,,,,
4,69,31,retrieved,4.3.10,69,0,1.0
3,16812,20,probe-too-short,,,,
1,5811,36,retrieved,1.147.14,5861,-50,0.909
4,1085,30,retrieved,4.33.19,1085,0,1.0
14,1361,69,retrieved,14.49.13,1360,1,1.0
1,5053,15,probe-too-short,,,,
2,162,20,probe-too-short,,,,
14,1015,20,probe-too-short,,,,
1,2498,53,retrieved,1.64.44,2477,21,0.851
1,1427,40,retrieved,1.30.44,1427,0,1.0
1,3521,21,probe-too-short,,,,
2,1819,27,retrieved,2.50.35,1819,0,0.875
1,594,11,probe-too-short,,,,
13,5747,39,retrieved,13.117.25,5747,0,1.0
12,1629,29,retrieved,12.47.41,1628,1,0.87
8,3591,19,probe-too-short,,,,
3,10666,26,retrieved,3.134.16,10719,-53,1.0
14,1177,24,retrieved,14.43.8,1177,0,0.9
12,2325,16,probe-too-short,,,,
3,6083,16,probe-too-short,,,,
13,1361,26,not-retrieved,,,,0.0
3,14619,10,probe-too-short,,,,
13,4296,19,probe-too-short,,,,
13,1905,14,probe-too-short,,,,
12,9054,16,probe-too-short,,,,
12,8751,28,not-retrieved,,,,0.36
6,86,34,retrieved,6.3.18,86,0,1.0
6,803,23,probe-too-short,,,,
13,7655,21,probe-too-short,,,,
15,940,49,retrieved,15.35.2,940,0,1.0
3,2722,15,probe-too-short,,,,
3,2737,12,probe-too-short,,,,
3,2919,21,probe-too-short,,,,
4,28,30,retrieved,4.2.1,28,0,1.0
3,15640,20,probe-too-short,,,,
1,176,15,probe-too-short,,,,
4,1198,19,probe-too-short,,,,
12,7228,19,probe-too-short,,,,
3,2990,25,retrieved,3.76.35,2990,0,0.955
15,281,19,probe-too-short,,,,
2,2262,16,probe-too-short,,,,
6,5828,21,probe-too-short,,,,
3,1337,19,probe-too-short,,,,
13,7473,11,probe-too-short,,,,
1,3260,24,retrieved,1.77.5,3239,21,1.0
12,4076,20,probe-too-short,,,,
13,5163,32,retrieved,13.106.32,5163,0,1.0
5,1370,14,probe-too-short,,,,
1,2841,45,retrieved,1.69.28,2841,0,1.0
3,409,17,probe-too-short,,,,
1,5951,28,retrieved,1.152.26,6001,-50,1.0
11,615,52,retrieved,11.21.13,615,0,0.913
3,422,41,retrieved,3.11.37,422,0,1.0
3,13288,29,retrieved,3.197.16,13288,0,1.0
9,908,21,probe-too-short,,,,
3,13663,44,retrieved,3.206.12,13663,0,1.0
1,7714,25,not-retrieved,,,,0.0
13,5871,22,probe-too-short,,,,
4,32,21,probe-too-short,,,,
1,953,41,retrieved,1.8.16,953,0,1.0
13,7475,45,retrieved,13.160.18,7475,0,0.905
3,14656,38,retrieved,3.233.8,14656,0,1.0
13,1479,20,probe-too-short,,,,
1,3587,30,retrieved,1.89.11,3587,0,1.0
4,466,26,not-retrieved,,,,0.0
13,311,22,probe-too-short,,,,
1,3867,38,retrieved,1.97.3,3866,1,0.912
1,5,20,probe-too-short,,,,
5,1037,37,retrieved,5.33.68,1038,-1,0.909
3,2221,42,retrieved,3.57.31,2222,-1,0.897
3,16003,41,retrieved,3.278.3,16003,0,1.0
1,3876,46,retrieved,1.97.12,3875,1,1.0
1,3869,21,probe-too-short,,,,
1,3260,24,retrieved,1.77.5,3239,21,1.0
7,1279,17,probe-too-short,,,,
9,2322,17,probe-too-short,,,,
2,2053,36,retrieved,2.60.3,2053,0,0.875
3,15607,20,probe-too-short,,,,
3,10208,27,retrieved,3.117.13,10272,-64,0.792
2,154,66,retrieved,2.5.20,154,0,0.915
15,186,19,probe-too-short,,,,
14,1292,37,retrieved,14.46.34,1292,0,1.0
9,2912,21,probe-too-short,,,,
1,3399,31,retrieved,1.82.3,3399,0,1.0
3,8452,41,retrieved,3.92.21,8452,0,1.0
14,2673,13,probe-too-short,,,,
1,5885,21,probe-too-short,,,,
1,6294,40,retrieved,1.163.28,6351,-57,1.0
9,1093,38,retrieved,9.21.1,1102,-9,1.0
1,6868,31,retrieved,1.181.4,6932,-64,1.0
1,7081,20,probe-too-short,,,,
7,3333,27,retrieved,7.92.73,3332,1,0.958
3,12447,23,probe-too-short,,,,
12,5829,24,retrieved,12.155.8,5766,63,1.0
3,12227,21,probe-too-short,,,,
7,1629,26,retrieved,7.38.8,1629,0,0.957
8,2801,21,probe-too-short,,,,
6,4424,39,retrieved,6.97.21,4429,-5,0.943
13,5657,42,retrieved,13.115.64,5657,0,0.897
13,7236,15,probe-too-short,,,,
7,7115,22,probe-too-short,,,,
2,258,18,probe-too-short,,,,
13,1813,22,probe-too-short,,,,
1,3042,38,retrieved,1.74.55,3042,0,0.912
1,1149,23,probe-too-short,,,,
3,2583,19,probe-too-short,,,,
3,15579,20,probe-too-short,,,,
1,3371,20,probe-too-short,,,,
1,3104,23,probe-too-short,,,,
3,2702,37,retrieved,3.69.9,2702,0,1.0
1,677,25,retrieved,1.3.16,681,-4,0.818
4,295,33,retrieved,4.10.16,295,0,1.0
3,14137,14,probe-too-short,,,,
6,376,18,probe-too-short,,,,
2,2061,12,probe-too-short,,,,
5,3042,43,retrieved,5.86.3,3042,0,1.0
1,4199,22,probe-too-short,,,,
5,380,27,retrieved,5.12.13,380,0,1.0
3,13083,29,retrieved,3.190.75,13083,0,1.0
2,434,23,probe-too-short,,,,
3,10921,21,probe-too-short,,,,
3,15096,43,retrieved,3.249.27,15096,0,1.0
2,1079,41,retrieved,2.30.5,1079,0,1.0
1,7958,36,retrieved,1.220.28,8039,-81,1.0
6,4917,37,retrieved,6.107.32,4917,0,1.0
1,3102,11,probe-too-short,,,,
3,15686,58,retrieved,3.269.20,15686,0,0.926
3,2701,45,retrieved,3.69.8,2701,0,0.732
13,4867,47,retrieved,13.102.25,4867,0,0.909
5,1856,26,retrieved,5.48.48,1855,1,1.0
3,10094,25,retrieved,3.113.25,10139,-45,1.0
2,1333,48,retrieved,2.36.28,1333,0,0.929
11,723,34,retrieved,11.25.18,723,0,1.0
8,3141,41,retrieved,8.61.74,3140,1,0.947
8,1685,42,retrieved,8.36.16,1709,-24,0.897
4,321,27,retrieved,4.12.10,321,0,0.833
3,10055,54,retrieved,3.112.5,10092,-37,1.0
3,1930,37,retrieved,3.48.17,1931,-1,1.0
1,7260,42,retrieved,1.196.9,7327,-67,1.0
4,381,49,retrieved,4.14.9,381,0,1.0
1,1273,39,retrieved,1.24.14,1206,67,1.0
9,3507,42,retrieved,9.63.5,3509,-2,0.897
1,8095,43,retrieved,1.223.13,8178,-83,0.875
3,10781,37,retrieved,3.137.10,10834,-53,0.971
1,5771,45,retrieved,1.146.4,5820,-49,0.857
3,10658,25,retrieved,3.134.8,10711,-53,1.0
5,3830,38,retrieved,5.111.10,3781,49,1.0
13,5364,13,probe-too-short,,,,
7,75,29,retrieved,7.2.24,75,0,0.769
1,7222,27,retrieved,1.195.5,7290,-68,1.0
4,1048,37,retrieved,4.32.13,1048,0,0.706
1,551,41,retrieved,1.2.281,510,41,1.0
12,13021,13,probe-too-short,,,,
12,3277,39,retrieved,12.87.17,3277,0,1.0
1,4886,40,retrieved,1.125.21,4886,0,1.0
3,2735,18,probe-too-short,,,,
7,2159,21,probe-too-short,,,,
2,1836,12,probe-too-short,,,,
2,1866,26,retrieved,2.52.10,1866,0,0.826
3,12712,21,probe-too-short,,,,
1,8012,38,retrieved,1.221.52,8095,-83,0.971
1,6034,58,retrieved,1.154.28,6084,-50,1.0
6,2579,19,probe-too-short,,,,
3,2421,16,probe-too-short,,,,
5,3687,39,retrieved,5.105.14,3640,47,1.0
1,865,10,probe-too-short,,,,
5,6048,15,probe-too-short,,,,
1,4199,22,probe-too-short,,,,
13,2530,51,retrieved,13.47.31,2530,0,0.854
3,2228,46,retrieved,3.57.38,2229,-1,0.738
12,8199,38,retrieved,12.226.12,8087,112,1.0
3,75,39,retrieved,3.2.29,75,0,1.0
1,6014,36,retrieved,1.154.8,6064,-50,0.939
1,7615,43,retrieved,1.208.21,7683,-68,1.0
12,2325,15,probe-too-short,,,,
14,1037,42,retrieved,14.37.15,1037,0,0.774
14,949,24,retrieved,14.35.15,950,-1,0.81
12,13072,16,probe-too-short,,,,
12,4012,46,retrieved,12.108.23,4011,1,0.902
3,1065,40,retrieved,3.29.1,1029,36,1.0
2,709,16,probe-too-short,,,,
3,13062,68,retrieved,3.190.53,13061,1,0.952
13,6669,12,probe-too-short,,,,
4,926,41,retrieved,4.28.14,926,0,1.0
1,7186,27,retrieved,1.193.13,7254,-68,0.783
13,4577,13,probe-too-short,,,,
3,2747,19,probe-too-short,,,,
12,11649,19,probe-too-short,,,,
5,1698,23,probe-too-short,,,,
5,1966,38,retrieved,5.49.48,1966,0,1.0
3,16758,19,probe-too-short,,,,
8,2170,38,not-retrieved,,,,0.485
3,15603,29,retrieved,3.266.2,15631,-28,1.0
13,6644,65,retrieved,13.144.21,6644,0,1.0
12,13839,26,retrieved,12.358.5,13844,-5,0.826
3,2549,18,probe-too-short,,,,
3,12697,21,probe-too-short,,,,
13,501,40,retrieved,13.10.70,501,0,0.889
3,15169,41,retrieved,3.252.15,15169,0,1.0
1,4198,21,probe-too-short,,,,
1,3012,29,retrieved,1.74.25,3012,0,0.885
13,3476,21,probe-too-short,,,,
3,16669,20,probe-too-short,,,,
3,2599,40,retrieved,3.65.68,2599,0,1.0
12,5836,22,probe-too-short,,,,
13,6338,42,retrieved,13.140.1,6338,0,0.923
13,2156,39,retrieved,13.35.15,2156,0,1.0
12,12367,23,probe-too-short,,,,
5,7473,17,probe-too-short,,,,
1,5190,25,retrieved,1.131.58,5190,0,1.0
13,502,20,probe-too-short,,,,
2,2040,23,probe-too-short,,,,
1,7582,13,probe-too-short,,,,
4,253,12,probe-too-short,,,,
14,118,20,probe-too-short,,,,
1,4852,22,probe-too-short,,,,
5,1091,25,retrieved,5.33.121,1091,0,1.0
3,1674,47,retrieved,3.41.10,1674,0,0.705
2,1313,82,retrieved,2.36.8,1313,0,0.962
1,1241,27,retrieved,1.23.7,1203,38,0.958
3,5005,19,probe-too-short,,,,
1,6532,37,retrieved,1.171.17,6592,-60,1.0
8,4667,54,retrieved,8.90.41,4667,0,1.0
12,13912,41,retrieved,12.362.13,13917,-5,1.0
7,74,28,retrieved,7.2.23,74,0,1.0
12,9135,17,probe-too-short,,,,
3,13267,21,probe-too-short,,,,
14,1667,19,probe-too-short,,,,
1,1640,22,probe-too-short,,,,
3,16986,15,probe-too-short,,,,
14,1246,61,retrieved,14.45.13,1218,28,1.0
1,1175,22,probe-too-short,,,,
1,152,14,probe-too-short,,,,
1,2834,21,probe-too-short,,,,
1,1490,40,retrieved,1.32.20,1490,0,1.0
3,1248,26,retrieved,3.32.47,1248,0,1.0
6,2433,26,retrieved,6.57.9,2433,0,1.0
3,379,31,retrieved,3.10.34,380,-1,0.893
1,7006,37,retrieved,1.187.2,7072,-66,0.971
1,7647,27,retrieved,1.209.29,7715,-68,1.0
1,82,73,retrieved,1.1.82,36,46,1.0
1,7598,78,retrieved,1.208.3,7665,-67,1.0
3,14718,61,retrieved,3.234.9,14718,0,0.778
3,620,29,retrieved,3.14.7,620,0,1.0
5,2835,39,retrieved,5.79.14,2798,37,1.0
2,2483,24,retrieved,2.75.5,2483,0,0.952
6,1774,18,probe-too-short,,,,
5,3563,16,probe-too-short,,,,
7,3787,15,probe-too-short,,,,
1,6790,30,retrieved,1.177.46,6853,-63,0.852
1,2834,31,not-retrieved,,,,0.429
6,3573,31,retrieved,6.81.43,3573,0,0.964
3,8551,23,probe-too-short,,,,
7,9379,22,probe-too-short,,,,
13,7543,22,probe-too-short,,,,
12,5362,15,probe-too-short,,,,
8,1966,25,retrieved,8.42.5,1966,0,1.0
3,441,20,probe-too-short,,,,
12,6839,79,retrieved,12.184.19,6755,84,1.0
3,15681,58,retrieved,3.269.15,15681,0,1.0
3,709,26,retrieved,3.17.18,693,16,0.783
5,124,22,probe-too-short,,,,
13,7544,23,probe-too-short,,,,
3,2411,27,retrieved,3.64.11,2411,0,0.875
3,2364,18,probe-too-short,,,,
2,2361,15,probe-too-short,,,,
7,6825,21,probe-too-short,,,,
1,185,29,retrieved,1.1.187,141,44,1.0
5,5359,20,probe-too-short,,,,
7,4270,21,probe-too-short,,,,
11,326,28,retrieved,11.12.14,326,0,0.92
3,786,13,probe-too-short,,,,
13,2281,13,probe-too-short,,,,
1,7649,19,probe-too-short,,,,
1,5006,33,retrieved,1.128.43,5006,0,1.0
3,2167,83,retrieved,3.56.8,2167,0,0.885
15,15,14,probe-too-short,,,,
13,347,85,retrieved,13.7.4,347,0,1.0
13,5009,17,probe-too-short,,,,
1,5667,20,probe-too-short,,,,
7,2311,80,retrieved,7.64.9,2311,0,1.0
5,5443,41,not-retrieved,,,,0.595
13,7592,39,retrieved,13.162.60,7591,1,0.889
3,15118,39,retrieved,3.250.8,15117,1,1.0
1,8343,25,retrieved,1.229.13,8440,-97,1.0
1,5392,39,retrieved,1.136.14,5433,-41,1.0
13,2482,38,retrieved,13.45.22,2482,0,1.0
13,1579,46,retrieved,13.23.8,1579,0,1.0
11,97,14,probe-too-short,,,,
9,1863,34,retrieved,9.32.47,1871,-8,1.0
3,12672,45,retrieved,3.184.20,12671,1,1.0
1,6029,18,probe-too-short,,,,
4,185,11,probe-too-short,,,,
6,349,13,probe-too-short,,,,
12,6924,14,probe-too-short,,,,
1,1110,41,retrieved,1.17.12,1072,38,1.0
1,2824,40,retrieved,1.69.11,2824,0,0.892
2,1579,44,retrieved,2.45.20,1582,-3,1.0
3,12312,22,probe-too-short,,,,
5,205,22,probe-too-short,,,,
13,4587,38,retrieved,13.94.41,4587,0,0.886
13,1364,20,probe-too-short,,,,
3,8763,45,retrieved,3.103.1,9192,-429,0.923
1,3243,17,probe-too-short,,,,
1,1729,17,probe-too-short,,,,
13,1076,40,retrieved,13.16.39,1076,0,1.0
1,7068,37,retrieved,1.189.8,7135,-67,0.882
12,4837,13,probe-too-short,,,,
8,4541,22,probe-too-short,,,,
3,10731,22,probe-too-short,,,,
3,10592,38,retrieved,3.131.30,10646,-54,1.0
15,771,19,probe-too-short,,,,
12,3532,25,retrieved,12.94.11,3497,35,1.0
3,13024,31,retrieved,3.190.16,13024,0,0.893
1,4704,23,probe-too-short,,,,
1,3605,29,retrieved,1.90.6,3605,0,1.0
1,1140,21,probe-too-short,,,,
13,3826,62,retrieved,13.81.24,3826,0,1.0
1,412,21,probe-too-short,,,,
1,5373,39,retrieved,1.135.27,5414,-41,0.917
5,4301,20,probe-too-short,,,,
1,4067,40,retrieved,1.103.22,4167,-100,1.0
3,1035,22,probe-too-short,,,,
13,3867,19,probe-too-short,,,,
3,13230,38,retrieved,3.193.20,13230,0,0.943
12,7147,39,retrieved,12.195.19,7057,90,1.0
4,1865,24,retrieved,4.58.41,1864,1,0.9
1,33,27,retrieved,1.1.33,-13,46,1.0
4,382,20,probe-too-short,,,,
12,226,21,probe-too-short,,,,
12,2883,27,retrieved,12.77.1,2865,18,1.0
12,3299,48,retrieved,12.87.38,3298,1,0.911
12,3264,79,retrieved,12.87.4,3264,0,1.0
1,932,43,retrieved,1.7.23,933,-1,1.0
14,653,28,not-retrieved,,,,0.0
3,8638,18,probe-too-short,,,,
3,8494,20,probe-too-short,,,,
3,8716,39,retrieved,3.101.3,8859,-143,1.0
1,1173,18,probe-too-short,,,,
3,16478,36,retrieved,3.289.14,16476,2,1.0
4,711,35,retrieved,4.22.18,711,0,1.0
1,1128,41,retrieved,1.18.17,1090,38,1.0
13,5895,24,retrieved,13.124.16,5895,0,1.0
1,1425,40,retrieved,1.30.42,1425,0,0.972
6,4885,52,retrieved,6.106.85,4885,0,1.0
2,1431,50,not-retrieved,,,,0.311
13,2992,80,retrieved,13.58.23,2992,0,0.959
2,466,30,retrieved,2.11.50,467,-1,1.0
6,219,30,retrieved,6.6.25,220,-1,1.0
12,7483,19,probe-too-short,,,,
13,7102,40,retrieved,13.150.24,7102,0,1.0
12,6822,74,retrieved,12.184.2,6738,84,0.884
3,188,15,probe-too-short,,,,
3,2500,21,probe-too-short,,,,
13,6419,35,retrieved,13.141.30,6418,1,1.0
3,2762,35,retrieved,3.70.19,2762,0,0.688
13,2537,32,retrieved,13.47.38,2537,0,0.966
4,930,18,probe-too-short,,,,
7,1208,41,retrieved,7.27.14,1208,0,1.0
14,416,40,retrieved,14.16.10,417,-1,0.865
3,1948,16,probe-too-short,,,,
2,2557,44,retrieved,2.77.44,2557,0,1.0
8,4229,30,retrieved,8.83.14,4221,8,0.741
7,30,24,retrieved,7.1.30,28,2,0.667
14,879,38,retrieved,14.31.7,879,0,1.0
3,8455,78,retrieved,3.92.25,8456,-1,1.0
2,967,19,probe-too-short,,,,
14,2341,25,retrieved,14.80.1,2341,0,0.727
5,7468,40,retrieved,5.191.12,7468,0,1.0
1,4297,29,retrieved,1.106.24,4298,-1,1.0
13,298,35,retrieved,13.6.4,298,0,1.0
3,14686,32,retrieved,3.233.38,14686,0,1.0
14,1431,38,retrieved,14.51.8,1432,-1,1.0
1,5410,20,probe-too-short,,,,
13,873,60,retrieved,13.14.280,871,2,0.926
13,2729,42,retrieved,13.52.14,2729,0,1.0
7,4463,12,probe-too-short,,,,
3,1287,26,retrieved,3.33.24,1287,0,1.0
4,549,23,probe-too-short,,,,
2,2080,39,retrieved,2.61.20,2079,1,0.889
3,2296,30,retrieved,3.60.25,2296,0,1.0
13,483,20,probe-too-short,,,,
5,5439,20,probe-too-short,,,,
12,4263,23,probe-too-short,,,,
1,708,14,probe-too-short,,,,
1,774,19,probe-too-short,,,,
13,486,13,probe-too-short,,,,
13,1635,35,not-retrieved,,,,0.0
12,8475,19,probe-too-short,,,,
7,1520,13,probe-too-short,,,,
3,865,16,probe-too-short,,,,
7,3120,11,probe-too-short,,,,
6,5578,11,probe-too-short,,,,
2,2571,13,probe-too-short,,,,
12,3111,41,retrieved,12.82.55,3081,30,0.895
4,1542,43,retrieved,4.49.12,1542,0,1.0
14,1261,19,probe-too-short,,,,
1,8084,40,retrieved,1.223.2,8167,-83,1.0
13,6634,15,probe-too-short,,,,
13,6628,16,probe-too-short,,,,
3,13365,37,retrieved,3.200.17,13366,-1,0.765
1,7212,29,retrieved,1.194.10,7280,-68,1.0
3,13558,36,retrieved,3.203.13,13559,-1,1.0
3,13557,61,retrieved,3.203.12,13558,-1,1.0
1,4203,20,probe-too-short,,,,
4,404,13,probe-too-short,,,,
5,743,29,retrieved,5.26.6,743,0,1.0
2,2669,19,probe-too-short,,,,
3,15815,21,probe-too-short,,,,
13,7609,18,probe-too-short,,,,
1,2341,27,retrieved,1.63.8,2340,1,0.875
1,3533,21,probe-too-short,,,,
12,3252,20,probe-too-short,,,,
2,715,18,probe-too-short,,,,
8,4147,22,probe-too-short,,,,
1,6659,70,retrieved,1.175.11,6721,-62,1.0
7,3239,26,retrieved,7.91.23,3238,1,0.87
13,2773,18,probe-too-short,,,,
15,10,15,probe-too-short,,,,
13,3315,41,retrieved,13.66.7,3315,0,1.0
13,1853,16,probe-too-short,,,,
3,3038,10,probe-too-short,,,,
3,1724,16,probe-too-short,,,,
1,7632,41,retrieved,1.209.14,7700,-68,1.0
6,3789,38,retrieved,6.85.39,3789,0,0.857
3,603,22,probe-too-short,,,,
3,1048,45,retrieved,3.28.20,1048,0,1.0
13,4806,42,retrieved,13.100.35,4806,0,1.0
5,1120,81,retrieved,5.34.27,1120,0,0.787
1,2482,16,probe-too-short,,,,
5,7371,21,probe-too-short,,,,
5,536,41,retrieved,5.17.16,536,0,0.944
13,3461,14,probe-too-short,,,,
12,7272,24,retrieved,12.199.72,7179,93,0.952
1,3577,58,retrieved,1.89.1,3577,0,0.964
13,324,31,retrieved,13.6.30,324,0,1.0
5,7068,43,retrieved,5.178.42,7069,-1,1.0
5,7055,28,retrieved,5.178.29,7056,-1,0.96
1,924,22,probe-too-short,,,,
1,2062,37,retrieved,1.53.22,2062,0,1.0
1,5184,21,probe-too-short,,,,
7,1151,40,retrieved,7.26.25,1151,0,1.0
13,534,25,retrieved,13.12.7,534,0,0.682
3,733,40,retrieved,3.18.17,733,0,1.0
1,924,39,retrieved,1.7.15,925,-1,1.0
6,5521,76,retrieved,6.118.7,5521,0,1.0
3,117,42,retrieved,3.2.71,117,0,0.846
13,546,29,retrieved,13.12.19,546,0,1.0
6,2597,31,retrieved,6.59.89,2597,0,0.786
4,1882,40,retrieved,4.58.57,1880,2,1.0
3,12228,14,probe-too-short,,,,
6,3960,61,retrieved,6.89.30,3960,0,0.891
6,3410,84,retrieved,6.77.74,3410,0,1.0
3,2648,22,probe-too-short,,,,
4,1495,40,retrieved,4.47.23,1493,2,1.0
1,6624,14,probe-too-short,,,,
12,5787,44,retrieved,12.153.109,5724,63,1.0
12,5366,39,retrieved,12.141.48,5312,54,1.0
3,1333,78,retrieved,3.33.70,1333,0,0.893
2,1285,12,probe-too-short,,,,
3,15579,42,retrieved,3.264.9,15579,0,1.0
14,493,40,retrieved,14.17.39,493,0,1.0
5,2216,20,probe-too-short,,,,
7,762,46,retrieved,7.19.10,762,0,1.0
1,7725,21,probe-too-short,,,,
3,2197,24,retrieved,3.57.7,2198,-1,0.857
3,12082,37,retrieved,3.169.4,12116,-34,1.0
13,509,22,probe-too-short,,,,
3,9972,21,probe-too-short,,,,
1,6323,19,probe-too-short,,,,
8,2105,19,probe-too-short,,,,
6,637,17,probe-too-short,,,,
3,8029,14,probe-too-short,,,,
3,2760,72,retrieved,3.70.17,2760,0,0.953
4,70,39,retrieved,4.3.11,70,0,0.912
1,24,43,retrieved,1.1.24,-22,46,1.0
1,7655,22,probe-too-short,,,,
7,2932,15,probe-too-short,,,,
2,1925,30,retrieved,2.53.17,1924,1,0.889
5,2943,11,probe-too-short,,,,
1,3717,36,retrieved,1.94.27,3717,0,0.909
4,1652,38,retrieved,4.53.19,1651,1,1.0
3,12754,54,retrieved,3.187.9,12751,3,0.98
3,2251,38,retrieved,3.58.12,2251,0,1.0
5,7009,37,retrieved,5.177.27,6559,450,1.0
13,192,49,retrieved,13.3.12,192,0,1.0
1,5935,49,retrieved,1.152.9,5984,-49,0.956
13,7388,26,retrieved,13.158.35,7388,0,1.0
8,1220,19,probe-too-short,,,,
3,13163,38,retrieved,3.192.22,13162,1,1.0
13,6234,39,retrieved,13.136.15,6234,0,0.972
3,13163,38,retrieved,3.192.22,13162,1,1.0
8,4712,35,retrieved,8.90.84,4710,2,1.0
5,924,39,retrieved,5.31.9,924,0,1.0
1,4156,18,probe-too-short,,,,
12,7614,50,retrieved,12.209.11,7516,98,0.745
7,9223,37,retrieved,7.199.29,9223,0,1.0
5,2779,35,retrieved,5.76.17,2759,20,1.0
1,5323,57,retrieved,1.134.12,5364,-41,0.885
2,355,26,retrieved,2.9.3,356,-1,1.0
3,11703,24,retrieved,3.160.43,11703,0,0.905
3,11592,29,retrieved,3.158.69,11592,0,0.731
16,44,48,retrieved,16.2.12,44,0,0.933
3,11581,17,probe-too-short,,,,
3,17131,71,retrieved,3.308.6,17131,0,0.6
12,5348,57,retrieved,12.141.30,5294,54,0.792
3,16069,41,retrieved,3.279.25,16067,2,1.0
1,1147,22,probe-too-short,,,,
12,6597,27,retrieved,12.177.12,6515,82,1.0
16,37,40,retrieved,16.2.5,37,0,0.892
14,2455,36,retrieved,14.82.21,2455,0,1.0
13,3822,13,probe-too-short,,,,
14,1728,18,probe-too-short,,,,
1,7572,35,retrieved,1.207.28,7638,-66,0.656
14,1430,13,probe-too-short,,,,
3,2670,20,probe-too-short,,,,
12,11791,43,retrieved,12.318.68,11791,0,1.0
1,1178,12,probe-too-short,,,,
15,214,70,retrieved,15.6.1,214,0,0.938
13,5275,26,retrieved,13.107.71,5275,0,0.783
3,11583,15,probe-too-short,,,,
7,933,29,retrieved,7.22.14,933,0,1.0
3,3035,37,retrieved,3.78.6,3035,0,1.0
1,6259,18,probe-too-short,,,,
6,4100,24,retrieved,6.92.5,4100,0,1.0
1,7663,21,probe-too-short,,,,
1,5898,40,retrieved,1.151.17,5947,-49,1.0
5,5427,38,retrieved,5.160.21,5345,82,1.0
2,1187,43,retrieved,2.32.5,1187,0,1.0
3,15783,23,probe-too-short,,,,
1,3330,46,retrieved,1.79.12,3310,20,0.976
1,1110,61,retrieved,1.17.12,1072,38,1.0
1,7669,16,probe-too-short,,,,
4,1669,28,retrieved,4.54.10,1669,0,1.0
14,924,78,retrieved,14.34.3,925,-1,0.873
12,13315,32,retrieved,12.343.12,13315,0,1.0
3,14227,19,probe-too-short,,,,
3,2340,21,probe-too-short,,,,
3,1961,36,retrieved,3.50.7,1961,0,0.867
5,673,49,retrieved,5.22.29,673,0,1.0
7,1892,35,retrieved,7.48.8,1892,0,1.0
12,7784,89,retrieved,12.214.21,7679,105,1.0
13,1127,59,retrieved,13.17.14,1128,-1,0.667
1,1120,32,retrieved,1.18.9,1082,38,0.862
1,6547,78,retrieved,1.171.32,6607,-60,1.0
4,380,30,retrieved,4.14.8,380,0,1.0
6,2770,69,retrieved,6.62.57,2772,-2,0.924
7,1449,22,probe-too-short,,,,
5,2604,44,retrieved,5.72.24,2604,0,1.0
3,8769,44,retrieved,3.103.7,9198,-429,1.0
1,4876,24,retrieved,1.125.11,4876,0,1.0
6,4377,21,probe-too-short,,,,
1,4688,38,retrieved,1.121.9,4687,1,1.0
3,10678,25,retrieved,3.134.28,10731,-53,1.0
3,2422,21,probe-too-short,,,,
5,1511,40,retrieved,5.39.66,1511,0,1.0
4,379,22,probe-too-short,,,,
12,3456,40,retrieved,12.91.54,3456,0,1.0
3,1291,45,retrieved,3.33.28,1291,0,1.0
12,3410,18,probe-too-short,,,,
13,2270,26,retrieved,13.40.23,2269,1,0.826
3,16201,23,probe-too-short,,,,
8,3509,33,retrieved,8.70.18,3516,-7,0.833
6,5428,19,probe-too-short,,,,
1,5885,25,retrieved,1.151.4,5934,-49,0.818
3,11565,21,probe-too-short,,,,
13,2583,36,retrieved,13.48.21,2583,0,0.879
8,2093,23,probe-too-short,,,,
12,13474,27,retrieved,12.347.25,13474,0,0.958
2,2098,44,retrieved,2.62.5,2098,0,1.0
7,2912,77,retrieved,7.82.2,2912,0,1.0
1,2898,24,retrieved,1.151.17,5947,-3049,1.0
3,16327,21,probe-too-short,,,,
3,2610,19,probe-too-short,,,,
6,1578,70,retrieved,6.43.50,1578,0,0.939
6,3935,58,retrieved,6.89.5,3935,0,1.0
1,5894,32,retrieved,1.151.13,5943,-49,1.0
10,435,43,retrieved,10.8.117,435,0,1.0
12,6310,30,retrieved,12.168.46,6236,74,1.0
5,5952,23,probe-too-short,,,,
1,8450,28,retrieved,1.233.22,8548,-98,0.8
1,4477,35,retrieved,1.114.9,4491,-14,0.812
2,1592,43,retrieved,2.45.32,1594,-2,1.0
13,4863,24,retrieved,13.102.21,4863,0,0.857
5,6024,17,probe-too-short,,,,
1,7709,26,retrieved,1.211.31,7777,-68,1.0
3,2288,30,retrieved,3.60.17,2288,0,1.0
1,3612,30,retrieved,1.90.13,3612,0,1.0
7,6537,36,retrieved,7.151.9,6549,-12,1.0
8,82,39,retrieved,8.4.10,82,0,1.0
3,2299,11,probe-too-short,,,,
3,2092,41,retrieved,3.53.21,2093,-1,1.0
3,2788,43,retrieved,3.71.17,2788,0,0.919
7,2250,60,retrieved,7.60.2,2250,0,0.962
13,40,26,retrieved,13.1.40,40,0,0.826
1,4467,24,retrieved,1.113.43,4467,0,1.0
5,7146,14,probe-too-short,,,,
1,3878,39,retrieved,1.97.15,3878,0,1.0
5,4288,45,retrieved,5.128.30,4226,62,0.905
1,6353,40,retrieved,1.166.26,6410,-57,1.0
4,914,24,retrieved,4.28.3,915,-1,0.75
3,15637,20,probe-too-short,,,,
12,892,36,retrieved,12.28.59,890,2,0.818
3,16335,23,probe-too-short,,,,
3,1712,21,probe-too-short,,,,
1,8015,40,retrieved,1.221.55,8098,-83,1.0
3,16642,39,retrieved,3.293.26,16641,1,1.0
7,359,33,retrieved,7.10.54,358,1,0.933
9,3595,39,retrieved,9.64.14,3595,0,1.0
13,2168,41,retrieved,13.36.4,2168,0,1.0
7,2142,12,probe-too-short,,,,
3,1724,22,probe-too-short,,,,
1,4437,37,retrieved,1.113.13,4437,0,1.0
7,7740,32,retrieved,7.172.6,7749,-9,1.0
3,1819,38,not-retrieved,,,,0.543
3,2602,16,probe-too-short,,,,
3,2165,20,probe-too-short,,,,
5,2779,35,retrieved,5.76.17,2759,20,1.0
3,2241,18,probe-too-short,,,,
13,2228,38,retrieved,13.38.27,2228,0,1.0
3,1787,19,probe-too-short,,,,
1,7695,38,retrieved,1.211.17,7763,-68,1.0
3,2224,36,retrieved,3.57.34,2225,-1,1.0
3,2150,43,retrieved,3.55.16,2151,-1,1.0
1,1106,20,probe-too-short,,,,
3,2878,18,probe-too-short,,,,
3,2877,19,probe-too-short,,,,
1,7859,36,retrieved,1.216.22,7929,-70,1.0
5,5949,17,probe-too-short,,,,
2,541,20,probe-too-short,,,,
14,548,37,retrieved,14.19.17,548,0,1.0
13,349,42,retrieved,13.7.6,349,0,0.886
5,7222,14,probe-too-short,,,,
3,1434,28,retrieved,3.36.24,1434,0,1.0
5,6056,38,retrieved,5.176.33,6056,0,0.8
3,205,30,retrieved,3.3.75,205,0,0.852
12,8208,35,retrieved,12.226.21,8096,112,1.0
12,6627,37,retrieved,12.177.42,6545,82,0.758
13,869,18,probe-too-short,,,,
1,6059,34,retrieved,1.155.18,6110,-51,0.903
3,1851,35,retrieved,3.46.35,1852,-1,1.0
3,1820,17,probe-too-short,,,,
3,1787,18,probe-too-short,,,,
5,617,19,probe-too-short,,,,
2,2396,29,retrieved,2.71.17,2396,0,1.0
5,5831,13,probe-too-short,,,,
4,88,21,probe-too-short,,,,
1,5611,20,probe-too-short,,,,
1,510,42,retrieved,1.2.235,464,46,1.0
2,1412,37,retrieved,2.39.13,1415,-3,0.875
3,11309,19,probe-too-short,,,,
1,5646,14,probe-too-short,,,,
7,6161,24,retrieved,7.146.9,6156,5,1.0
4,384,18,probe-too-short,,,,
7,2919,21,probe-too-short,,,,
2,705,28,retrieved,2.17.29,705,0,0.6
1,8248,25,not-retrieved,,,,0.545
1,5160,38,retrieved,1.131.27,5159,1,1.0
3,1737,12,probe-too-short,,,,
5,7338,13,probe-too-short,,,,
2,42,23,probe-too-short,,,,
13,7190,45,retrieved,13.152.6,7190,0,0.905
13,3014,32,retrieved,13.60.6,3049,-35,0.931
3,15959,45,retrieved,3.277.15,15958,1,0.85
1,4224,81,retrieved,1.105.2,4221,3,1.0
3,12120,30,retrieved,3.170.18,12154,-34,0.889
3,16305,28,retrieved,3.283.37,16305,0,0.92
5,7439,28,retrieved,5.190.6,7439,0,1.0
1,5454,43,retrieved,1.138.12,5497,-43,1.0
12,13315,39,retrieved,12.343.12,13315,0,0.941
3,17228,19,probe-too-short,,,,
7,6410,16,probe-too-short,,,,
3,2661,27,retrieved,3.68.8,2661,0,1.0
15,347,30,retrieved,15.10.45,346,1,0.889
5,7159,38,retrieved,5.179.35,7158,1,1.0
1,6555,21,probe-too-short,,,,
3,2132,42,retrieved,3.54.28,2131,1,1.0
1,7727,15,probe-too-short,,,,
5,5996,12,probe-too-short,,,,
3,14151,38,retrieved,3.219.22,14151,0,1.0
3,14187,74,retrieved,3.221.11,14186,1,0.955
12,8051,74,retrieved,12.222.31,7941,110,1.0
1,6537,10,probe-too-short,,,,
3,13867,15,probe-too-short,,,,
5,7264,18,probe-too-short,,,,
1,6142,39,retrieved,1.157.41,6198,-56,0.889
1,6036,20,probe-too-short,,,,
1,1147,15,probe-too-short,,,,
12,9102,54,retrieved,12.253.2,8978,124,1.0
13,7258,40,retrieved,13.154.27,7259,-1,1.0
13,2939,14,probe-too-short,,,,
13,5315,20,probe-too-short,,,,
4,722,31,retrieved,4.22.29,722,0,1.0
13,2220,19,probe-too-short,,,,
1,3295,18,probe-too-short,,,,
13,7219,39,retrieved,13.153.7,7219,0,0.778
12,2708,21,probe-too-short,,,,
8,4537,17,probe-too-short,,,,
13,1486,37,retrieved,13.20.2,1491,-5,1.0
2,2224,26,retrieved,2.67.28,2214,10,1.0
10,487,36,retrieved,10.9.9,488,-1,1.0
5,4228,37,retrieved,5.126.14,4167,61,1.0
4,692,38,retrieved,4.21.51,691,1,1.0
13,722,23,probe-too-short,,,,
2,656,51,retrieved,2.15.23,657,-1,1.0
14,2165,21,probe-too-short,,,,
5,5452,15,probe-too-short,,,,
7,76,33,retrieved,7.2.25,76,0,0.724
2,2186,16,probe-too-short,,,,
1,5004,16,probe-too-short,,,,
7,3308,27,retrieved,7.92.48,3307,1,1.0
3,519,40,retrieved,3.12.59,519,0,1.0
3,556,12,probe-too-short,,,,
4,768,38,retrieved,4.22.71,764,4,1.0
3,12378,12,probe-too-short,,,,
1,2844,38,retrieved,1.69.31,2844,0,1.0
12,717,23,probe-too-short,,,,
6,4701,19,probe-too-short,,,,
8,4566,41,retrieved,8.89.43,4566,0,0.861
7,7657,35,not-retrieved,,,,0.323
8,882,12,probe-too-short,,,,
8,3846,52,retrieved,8.76.26,3846,0,0.918
6,77,15,probe-too-short,,,,
6,2738,41,retrieved,6.62.23,2738,0,1.0
3,16346,30,retrieved,3.284.24,16344,2,0.852
3,10203,32,not-retrieved,,,,0.0
4,468,29,retrieved,4.16.17,468,0,0.773
3,874,18,probe-too-short,,,,
7,643,30,retrieved,7.16.25,643,0,0.654
10,61,49,retrieved,10.1.61,61,0,0.826
3,556,52,retrieved,3.12.96,556,0,0.878
1,4979,41,retrieved,1.128.16,4979,0,1.0
3,11676,20,probe-too-short,,,,
7,4806,23,probe-too-short,,,,
6,4713,41,retrieved,6.103.32,4713,0,0.865
6,2778,45,not-retrieved,,,,0.548
7,498,28,retrieved,7.14.4,498,0,0.8
8,4195,12,probe-too-short,,,,
6,4281,39,retrieved,6.95.50,4281,0,1.0
1,1121,29,retrieved,1.18.10,1083,38,0.96
13,971,15,probe-too-short,,,,
1,5125,13,probe-too-short,,,,
6,3417,29,retrieved,6.78.5,3417,0,1.0
14,470,39,retrieved,14.17.17,471,-1,1.0
6,5522,77,retrieved,6.118.8,5522,0,1.0
6,5578,10,probe-too-short,,,,
13,1555,22,probe-too-short,,,,
13,2212,26,retrieved,13.38.11,2212,0,0.87
4,103,19,probe-too-short,,,,
7,2603,13,probe-too-short,,,,
15,383,20,probe-too-short,,,,
4,2106,40,retrieved,4.66.2,2107,-1,0.903
2,2422,19,probe-too-short,,,,
3,11040,18,probe-too-short,,,,
13,1576,14,probe-too-short,,,,
4,673,21,probe-too-short,,,,
4,456,37,retrieved,4.16.5,456,0,0.882
2,2374,30,retrieved,2.70.14,2374,0,1.0
4,1108,19,probe-too-short,,,,
3,2669,39,retrieved,3.68.15,2668,1,1.0
3,1369,27,retrieved,3.34.16,1369,0,1.0
12,6645,21,probe-too-short,,,,
9,1875,43,retrieved,9.32.59,1883,-8,1.0
12,4146,20,probe-too-short,,,,
3,2680,41,retrieved,3.68.27,2680,0,1.0
1,5477,39,retrieved,1.138.39,5524,-47,1.0
3,15225,36,retrieved,3.253.18,15224,1,0.788
1,5135,19,probe-too-short,,,,
2,1571,26,retrieved,2.45.12,1574,-3,1.0
2,2372,18,probe-too-short,,,,
7,9092,33,retrieved,7.197.11,9092,0,0.828
12,12324,18,probe-too-short,,,,
7,454,20,probe-too-short,,,,
5,2819,20,probe-too-short,,,,
1,7961,37,retrieved,1.220.31,8042,-81,1.0
3,2667,19,probe-too-short,,,,
14,573,31,retrieved,14.19.41,572,1,1.0
1,1309,16,probe-too-short,,,,
7,5799,22,probe-too-short,,,,
12,7104,65,retrieved,12.194.39,7014,90,1.0
12,1585,18,probe-too-short,,,,
3,13326,37,not-retrieved,,,,0.0
1,731,32,retrieved,1.3.66,731,0,0.724
3,13326,33,retrieved,3.198.22,13325,1,1.0
1,1165,14,probe-too-short,,,,
7,9452,60,not-retrieved,,,,0.549
3,2786,13,probe-too-short,,,,
3,2074,13,probe-too-short,,,,
3,17333,26,retrieved,3.313.48,17333,0,0.826
1,2518,76,retrieved,1.65.10,2518,0,1.0
10,76,41,retrieved,10.2.7,76,0,1.0
1,7578,39,retrieved,1.207.35,7645,-67,1.0
5,1084,51,retrieved,5.33.114,1084,0,0.915
3,13748,36,retrieved,3.207.47,13747,1,1.0
13,3108,39,retrieved,13.62.6,3108,0,0.889
5,3548,12,probe-too-short,,,,
2,2143,12,probe-too-short,,,,
5,2567,39,retrieved,5.70.9,2568,-1,0.886
3,13248,18,probe-too-short,,,,
13,2150,17,probe-too-short,,,,
1,2418,13,probe-too-short,,,,
13,6164,23,probe-too-short,,,,
3,11827,40,retrieved,3.162.25,11827,0,1.0
13,4393,98,retrieved,13.92.21,4393,0,0.609
2,386,15,probe-too-short,,,,
13,3803,38,retrieved,13.81.2,3804,-1,1.0
13,3366,27,not-retrieved,,,,0.542
18,225,39,not-retrieved,,,,0.0
3,7040,40,retrieved,3.83.169,6589,451,0.892
5,4040,36,retrieved,5.120.15,3988,52,0.964
1,6196,20,probe-too-short,,,,
1,6003,37,retrieved,1.153.42,6053,-50,0.971
8,2353,14,probe-too-short,,,,
9,2025,33,retrieved,9.35.57,2032,-7,1.0
1,7043,40,retrieved,1.188.10,7109,-66,1.0
12,3447,37,retrieved,12.91.45,3447,0,1.0
13,1955,16,probe-too-short,,,,
1,2026,19,probe-too-short,,,,
13,5073,43,retrieved,13.104.118,5072,1,1.0
1,7690,20,probe-too-short,,,,
12,13018,37,retrieved,12.340.12,13018,0,1.0
9,908,38,retrieved,9.17.45,908,0,0.771
1,7696,44,retrieved,1.211.18,7764,-68,0.846
3,2700,47,retrieved,3.69.7,2700,0,0.814
6,4922,37,retrieved,6.107.37,4922,0,0.853
2,1901,38,retrieved,2.52.43,1899,2,1.0
1,3758,15,probe-too-short,,,,
3,16798,13,probe-too-short,,,,
1,1232,11,probe-too-short,,,,
3,3018,13,probe-too-short,,,,
5,2131,76,retrieved,5.54.11,2131,0,0.945
1,153,30,retrieved,1.1.155,109,44,0.889
1,1371,15,probe-too-short,,,,
3,2143,20,probe-too-short,,,,
1,5995,12,probe-too-short,,,,
1,218,28,retrieved,1.1.220,174,44,1.0
12,5517,11,probe-too-short,,,,
13,874,39,retrieved,13.14.281,872,2,0.889
5,5445,21,probe-too-short,,,,
3,2306,19,probe-too-short,,,,
3,12135,21,probe-too-short,,,,
13,7385,61,retrieved,13.158.32,7385,0,0.661
5,876,19,probe-too-short,,,,
12,9740,41,retrieved,12.270.33,9590,150,1.0
14,1298,20,probe-too-short,,,,
4,723,39,retrieved,4.22.29,722,1,1.0
3,1842,20,probe-too-short,,,,
1,3624,51,retrieved,1.90.25,3624,0,0.909
1,1514,79,retrieved,1.33.20,1515,-1,0.612
3,1866,44,retrieved,3.46.50,1867,-1,1.0
1,2518,19,probe-too-short,,,,
13,5351,79,retrieved,13.108.3,5351,0,0.917
14,1000,17,probe-too-short,,,,
14,1000,17,probe-too-short,,,,
12,4071,38,retrieved,12.110.19,4031,40,1.0
1,5536,18,probe-too-short,,,,
5,2826,25,retrieved,5.79.5,2789,37,1.0
11,234,39,not-retrieved,,,,0.0
13,411,31,retrieved,13.9.9,411,0,1.0
13,308,36,retrieved,13.6.14,308,0,0.879
15,32,38,retrieved,15.2.4,18,14,0.886
1,3624,51,retrieved,1.90.25,3624,0,0.909
13,7595,17,probe-too-short,,,,
1,6029,17,probe-too-short,,,,
1,1156,23,probe-too-short,,,,
12,2655,75,retrieved,12.69.60,2655,0,0.884
13,308,15,probe-too-short,,,,
5,7246,20,probe-too-short,,,,
3,8058,20,probe-too-short,,,,
3,8862,14,probe-too-short,,,,
12,6612,36,retrieved,12.177.27,6530,82,1.0
12,10771,20,probe-too-short,,,,
3,10975,62,retrieved,3.143.13,11024,-49,1.0
3,14948,18,probe-too-short,,,,
3,2650,19,probe-too-short,,,,
3,2541,20,probe-too-short,,,,
3,2541,15,probe-too-short,,,,
3,1842,19,probe-too-short,,,,
3,11874,37,retrieved,3.163.34,11874,0,1.0
1,6156,18,probe-too-short,,,,
1,5340,70,retrieved,1.134.29,5381,-41,1.0
7,3091,44,retrieved,7.87.5,3091,0,0.8
6,5561,13,probe-too-short,,,,
3,16208,19,probe-too-short,,,,
3,433,12,probe-too-short,,,,
4,259,44,retrieved,4.9.16,259,0,1.0
12,13829,38,retrieved,12.357.8,13829,0,1.0
13,4246,15,probe-too-short,,,,
2,488,14,probe-too-short,,,,
13,2701,29,retrieved,13.51.34,2701,0,1.0
8,1992,56,retrieved,8.42.31,1992,0,1.0
1,4623,12,probe-too-short,,,,
3,8113,18,probe-too-short,,,,
12,11608,85,retrieved,12.313.2,11609,-1,1.0
5,1005,20,probe-too-short,,,,
3,14562,65,retrieved,3.231.49,14562,0,0.656
9,2437,20,probe-too-short,,,,
14,992,71,retrieved,14.36.6,992,0,1.0
13,2360,26,retrieved,13.42.17,2360,0,0.87
1,6897,42,retrieved,1.182.10,6961,-64,1.0
8,1992,56,retrieved,8.42.31,1992,0,1.0
3,1757,80,retrieved,3.43.2,1757,0,1.0
3,11003,17,probe-too-short,,,,
3,13368,37,retrieved,3.200.19,13368,0,1.0
7,3593,33,retrieved,7.97.21,3584,9,1.0
7,5440,57,retrieved,7.132.29,5434,6,1.0
1,3282,40,retrieved,1.78.4,3282,0,1.0
1,5781,42,retrieved,1.146.14,5830,-49,1.0
13,1275,18,probe-too-short,,,,
3,10649,21,probe-too-short,,,,
13,2173,16,probe-too-short,,,,
3,2749,37,retrieved,3.70.6,2749,0,0.882
8,1852,43,retrieved,8.40.37,1852,0,1.0
13,5979,20,probe-too-short,,,,
2,2630,24,retrieved,2.80.11,2630,0,1.0
3,11155,17,probe-too-short,,,,
13,7727,18,probe-too-short,,,,
13,6366,12,probe-too-short,,,,
3,400,17,probe-too-short,,,,
1,4278,14,probe-too-short,,,,
14,251,30,retrieved,14.9.33,251,0,1.0
5,2732,28,retrieved,5.74.16,2732,0,0.6
3,16284,28,retrieved,3.283.16,16284,0,1.0
3,11960,17,probe-too-short,,,,
2,1395,162,not-retrieved,,,,0.528
3,2389,44,retrieved,3.63.28,2389,0,0.825
3,14483,79,retrieved,3.230.30,14483,0,1.0
1,1158,15,probe-too-short,,,,
4,161,24,retrieved,4.5.20,161,0,1.0
1,5641,29,retrieved,1.141.7,5689,-48,1.0
1,6127,36,retrieved,1.157.25,6182,-55,1.0
1,5918,21,probe-too-short,,,,
13,1079,17,probe-too-short,,,,
1,656,41,retrieved,1.2.393,622,34,0.737
1,6180,19,probe-too-short,,,,
5,7215,17,probe-too-short,,,,
3,2219,22,probe-too-short,,,,
3,670,42,retrieved,3.16.12,670,0,0.778
1,7667,18,probe-too-short,,,,
1,6466,41,retrieved,1.170.31,6526,-60,1.0
5,251,27,retrieved,5.9.23,251,0,0.875
1,6740,24,retrieved,1.176.45,6803,-63,1.0
1,5850,32,retrieved,1.149.10,5899,-49,0.862
7,3605,19,probe-too-short,,,,
3,167,19,probe-too-short,,,,
15,115,20,probe-too-short,,,,
12,10949,38,retrieved,12.298.8,10949,0,1.0
3,2870,17,probe-too-short,,,,
2,2520,57,retrieved,2.77.7,2520,0,0.926
2,895,15,probe-too-short,,,,
5,3553,30,retrieved,5.99.7,3507,46,0.704
11,185,80,retrieved,11.7.22,184,1,0.908
5,7212,21,probe-too-short,,,,
15,760,24,retrieved,15.28.20,760,0,1.0
4,1515,12,probe-too-short,,,,
7,8787,32,retrieved,7.191.33,8787,0,0.793
13,5551,19,probe-too-short,,,,
12,5657,18,probe-too-short,,,,
8,3532,22,probe-too-short,,,,
3,10819,22,probe-too-short,,,,
1,7628,22,probe-too-short,,,,
5,7331,28,retrieved,5.186.4,7331,0,1.0
1,6825,22,probe-too-short,,,,
2,2325,17,probe-too-short,,,,
6,5767,18,probe-too-short,,,,
3,11800,21,probe-too-short,,,,
1,1318,21,probe-too-short,,,,
2,2323,38,retrieved,2.68.74,2324,-1,1.0
4,215,45,retrieved,4.7.1,215,0,1.0
9,1922,34,retrieved,9.33.35,1930,-8,1.0
5,4198,42,retrieved,5.125.13,4139,59,1.0
4,1219,26,retrieved,4.37.24,1219,0,1.0
14,847,45,retrieved,14.30.9,847,0,1.0
1,5812,21,probe-too-short,,,,
4,301,12,probe-too-short,,,,
3,10077,12,probe-too-short,,,,
3,2493,13,probe-too-short,,,,
1,6750,13,probe-too-short,,,,
3,12381,32,retrieved,3.178.19,12413,-32,0.655
13,7527,37,retrieved,13.161.26,7527,0,1.0
3,313,34,retrieved,3.8.3,313,0,1.0
4,1866,20,probe-too-short,,,,
3,15602,16,probe-too-short,,,,
3,10236,25,retrieved,3.118.23,10300,-64,0.864
1,8247,10,probe-too-short,,,,
3,11512,40,retrieved,3.157.62,11553,-41,1.0
6,4815,36,retrieved,6.106.14,4814,1,1.0
12,697,40,retrieved,12.23.47,697,0,1.0
1,6630,24,retrieved,1.173.47,6692,-62,1.0
12,2655,36,retrieved,12.69.60,2655,0,1.0
2,1787,41,retrieved,2.50.2,1786,1,1.0
3,11535,37,retrieved,3.158.12,11535,0,1.0
13,5634,19,probe-too-short,,,,
5,7458,41,retrieved,5.191.3,7459,-1,1.0
1,4447,41,retrieved,1.113.22,4446,1,0.763
1,6781,42,retrieved,1.177.37,6844,-63,1.0
1,1188,19,probe-too-short,,,,
1,7655,20,probe-too-short,,,,
5,6061,18,probe-too-short,,,,
1,7654,20,probe-too-short,,,,
3,5008,51,retrieved,3.82.66,5008,0,0.935
14,1045,41,retrieved,14.38.4,1045,0,1.0
1,7665,15,probe-too-short,,,,
7,9414,23,probe-too-short,,,,
12,5894,43,retrieved,12.158.18,5829,65,1.0
14,1970,75,retrieved,14.67.6,1970,0,1.0
1,6824,30,retrieved,1.179.5,6888,-64,1.0
7,6569,41,retrieved,7.151.41,6581,-12,1.0
12,5431,41,retrieved,12.142.11,5377,54,1.0
12,13205,37,retrieved,12.342.23,13182,23,1.0
12,12706,16,probe-too-short,,,,
1,1174,65,retrieved,1.19.17,1174,0,0.935
4,1976,12,probe-too-short,,,,
2,719,40,retrieved,2.17.43,719,0,0.946
5,1334,21,probe-too-short,,,,
16,95,31,retrieved,16.3.39,95,0,0.929
3,709,16,probe-too-short,,,,
3,12391,35,retrieved,3.178.29,12423,-32,1.0
3,2753,37,retrieved,3.70.10,2753,0,1.0
1,3995,36,retrieved,1.100.29,3995,0,1.0
1,143,39,retrieved,1.1.145,99,44,1.0
3,12138,45,retrieved,3.171.7,12138,0,0.756
12,9223,13,probe-too-short,,,,
4,1404,37,retrieved,4.45.11,1404,0,1.0
1,3571,51,retrieved,1.88.8,3571,0,1.0
3,12801,22,probe-too-short,,,,
8,3162,38,retrieved,8.62.21,3166,-4,1.0
3,12138,12,probe-too-short,,,,
1,5945,41,retrieved,1.152.20,5995,-50,0.895
3,16753,28,retrieved,3.297.7,16754,-1,1.0
1,5290,21,probe-too-short,,,,
5,811,27,retrieved,5.29.3,811,0,0.917
12,2617,43,retrieved,12.69.22,2617,0,0.842
6,3727,21,probe-too-short,,,,
3,2131,42,retrieved,3.54.28,2131,0,1.0
3,2086,38,retrieved,3.53.28,2100,-14,1.0
13,895,19,probe-too-short,,,,
3,2073,42,retrieved,3.53.2,2074,-1,1.0
8,1874,23,probe-too-short,,,,
1,7426,27,retrieved,1.202.11,7493,-67,1.0
1,1615,22,probe-too-short,,,,
3,15736,38,retrieved,3.271.21,15737,-1,1.0
14,1246,40,retrieved,14.45.13,1218,28,1.0
13,5497,20,probe-too-short,,,,
13,3274,18,probe-too-short,,,,
16,37,20,probe-too-short,,,,
3,2432,20,probe-too-short,,,,
3,2355,26,retrieved,3.62.23,2355,0,1.0
13,265,26,retrieved,13.5.3,265,0,0.909
1,3644,34,retrieved,1.91.18,3644,0,1.0
14,2876,41,retrieved,14.92.31,2876,0,1.0
1,2334,13,probe-too-short,,,,
13,4554,60,retrieved,13.94.8,4554,0,1.0
3,807,33,retrieved,3.20.31,807,0,1.0
3,2667,19,probe-too-short,,,,
12,13173,43,retrieved,12.341.45,13162,11,0.921
5,7477,18,probe-too-short,,,,
1,8267,28,retrieved,1.227.35,8363,-96,1.0
3,15647,52,retrieved,3.268.9,15646,1,0.939
3,14900,38,retrieved,3.241.21,14900,0,1.0
5,938,25,retrieved,5.31.23,938,0,1.0
13,541,61,retrieved,13.12.14,541,0,1.0
3,11037,18,probe-too-short,,,,
3,2855,38,retrieved,3.73.4,2855,0,1.0
6,2655,25,retrieved,6.60.5,2655,0,1.0
3,1716,17,probe-too-short,,,,
2,1619,17,probe-too-short,,,,
1,1300,13,probe-too-short,,,,
14,15,25,retrieved,14.1.16,15,0,1.0
3,2400,19,probe-too-short,,,,
3,2677,41,retrieved,3.68.23,2676,1,1.0
1,4798,20,probe-too-short,,,,
2,2601,14,probe-too-short,,,,
3,1808,13,probe-too-short,,,,
3,8244,20,probe-too-short,,,,
2,1860,36,retrieved,2.52.4,1860,0,1.0
3,8480,24,retrieved,3.93.22,8479,1,1.0
12,11705,23,probe-too-short,,,,
4,100,26,retrieved,4.4.18,100,0,1.0
2,1743,16,probe-too-short,,,,
5,1426,40,retrieved,5.38.29,1427,-1,0.892
1,5290,37,retrieved,1.133.2,5332,-42,0.941
1,5301,46,retrieved,1.133.13,5343,-42,0.907
1,345,15,probe-too-short,,,,
1,6409,29,retrieved,1.167.56,6468,-59,1.0
7,1576,12,probe-too-short,,,,
9,1257,35,retrieved,9.23.79,1269,-12,1.0
7,1576,12,probe-too-short,,,,
3,12799,39,retrieved,3.187.54,12796,3,1.0
3,15781,34,retrieved,3.272.5,15782,-1,1.0
14,2385,14,probe-too-short,,,,
6,3787,32,not-retrieved,,,,0.0
5,896,18,probe-too-short,,,,
13,357,30,retrieved,13.7.14,357,0,1.0
12,4459,78,retrieved,12.121.51,4412,47,0.957
5,5827,77,retrieved,5.168.20,5782,45,0.838
17,1,14,probe-too-short,,,,
3,10383,33,retrieved,3.124.13,10444,-61,0.897
12,6831,11,probe-too-short,,,,
13,2357,27,retrieved,13.42.14,2357,0,0.958
7,4568,43,retrieved,7.115.29,4568,0,1.0
4,126,36,retrieved,4.4.44,126,0,0.848
15,120,37,retrieved,15.3.60,120,0,1.0
8,859,18,probe-too-short,,,,
2,2040,23,probe-too-short,,,,
3,259,58,retrieved,3.5.20,259,0,1.0
12,2703,19,probe-too-short,,,,
14,34,35,retrieved,14.2.15,34,0,0.903
12,3078,34,retrieved,12.82.23,3049,29,1.0
3,11853,21,probe-too-short,,,,
12,10436,25,retrieved,12.284.161,10273,163,1.0
1,1326,21,probe-too-short,,,,
13,341,37,retrieved,13.6.47,341,0,1.0
9,1005,26,retrieved,9.19.10,1007,-2,0.696
12,116,13,probe-too-short,,,,
9,1005,26,retrieved,9.19.10,1007,-2,0.696
1,2792,20,probe-too-short,,,,
5,7406,18,probe-too-short,,,,
3,12837,55,retrieved,3.188.33,12837,0,0.96
1,726,26,retrieved,1.3.61,726,0,1.0
2,2417,42,retrieved,2.72.2,2417,0,1.0
2,1141,38,retrieved,2.31.37,1141,0,0.971
3,10670,30,retrieved,3.134.20,10723,-53,1.0
13,3322,36,retrieved,13.66.14,3322,0,0.871
13,2196,29,retrieved,13.37.13,2196,0,1.0
1,4740,32,not-retrieved,,,,0.556
3,1166,38,retrieved,3.31.7,1166,0,1.0
14,472,34,retrieved,14.17.20,474,-2,1.0
5,7301,13,probe-too-short,,,,
3,10053,30,retrieved,3.112.3,10090,-37,0.963
13,2476,25,retrieved,13.45.16,2476,0,0.955
1,8116,15,probe-too-short,,,,
3,24,59,retrieved,3.1.24,24,0,1.0
5,7101,17,probe-too-short,,,,
13,3117,39,retrieved,13.62.15,3117,0,0.875
3,11720,75,not-retrieved,,,,0.528
12,6883,17,probe-too-short,,,,
12,12644,27,retrieved,12.333.38,12645,-1,1.0
4,1721,19,probe-too-short,,,,
1,3520,39,retrieved,1.85.21,3520,0,1.0
14,2060,15,probe-too-short,,,,
2,915,59,retrieved,2.23.26,915,0,1.0
2,526,82,retrieved,2.33.5,1212,-686,0.724
1,6268,15,probe-too-short,,,,
1,1950,12,probe-too-short,,,,
1,426,18,probe-too-short,,,,
3,15936,75,retrieved,3.276.8,15895,41,1.0
1,3866,37,retrieved,1.97.22,3885,-19,1.0
13,4478,39,retrieved,13.93.82,4477,1,0.889
3,12915,42,retrieved,3.188.110,12914,1,1.0
3,1394,33,retrieved,3.35.19,1394,0,1.0
5,1440,74,retrieved,5.38.43,1441,-1,1.0
14,1348,37,retrieved,14.49.1,1348,0,1.0
1,398,13,probe-too-short,,,,
14,2350,11,probe-too-short,,,,
5,578,17,probe-too-short,,,,
3,1228,58,retrieved,3.32.27,1228,0,0.981
1,259,11,probe-too-short,,,,
13,6604,24,retrieved,13.143.40,6603,1,0.857
5,513,56,retrieved,5.16.29,510,3,0.922
6,2524,18,probe-too-short,,,,
3,13244,27,retrieved,3.193.34,13244,0,1.0
5,6060,40,retrieved,5.176.37,6060,0,1.0
3,17156,14,probe-too-short,,,,
3,1380,34,retrieved,3.35.5,1380,0,1.0
2,1766,28,retrieved,2.49.41,1765,1,1.0
13,7654,18,probe-too-short,,,,
5,7216,37,retrieved,5.181.16,7216,0,0.941
1,781,48,retrieved,1.3.118,783,-2,1.0
3,760,26,retrieved,3.19.11,760,0,0.913
3,14934,40,retrieved,3.242.22,14933,1,0.865
13,905,19,probe-too-short,,,,
8,2381,37,retrieved,8.49.84,2382,-1,1.0
7,91,37,retrieved,7.3.3,91,0,1.0
1,7222,73,retrieved,1.195.5,7290,-68,0.939
12,2677,20,probe-too-short,,,,
13,6725,33,retrieved,13.145.43,6725,0,1.0
2,2418,20,probe-too-short,,,,
3,4066,54,retrieved,3.82.24,4966,-900,0.837
1,7949,38,retrieved,1.220.19,8030,-81,1.0
3,15431,14,probe-too-short,,,,
13,3278,12,probe-too-short,,,,
1,4764,19,probe-too-short,,,,
3,779,21,probe-too-short,,,,
2,1483,36,retrieved,2.42.10,1485,-2,1.0
9,760,25,retrieved,9.15.8,760,0,1.0
1,7338,57,retrieved,1.198.10,7404,-66,1.0
13,903,13,probe-too-short,,,,
13,2827,28,retrieved,13.54.2,2827,0,1.0
1,5596,13,probe-too-short,,,,
13,4964,13,probe-too-short,,,,
3,10038,39,retrieved,3.111.12,10069,-31,1.0
1,1360,19,probe-too-short,,,,
3,1167,24,retrieved,3.31.8,1167,0,0.789
1,655,33,retrieved,1.2.392,621,34,1.0
14,1018,35,retrieved,14.36.32,1018,0,1.0
14,874,41,retrieved,14.31.2,874,0,1.0
1,617,43,retrieved,1.2.352,581,36,0.895
5,7494,20,probe-too-short,,,,
1,3639,43,retrieved,1.91.13,3639,0,0.897
3,17083,40,retrieved,3.306.14,17083,0,0.892
13,2924,40,retrieved,13.56.20,2923,1,0.889
3,639,37,retrieved,3.15.4,639,0,1.0
13,901,20,probe-too-short,,,,
3,3069,41,retrieved,3.79.7,3069,0,1.0
14,327,30,retrieved,14.12.13,327,0,1.0
3,259,30,retrieved,3.5.20,259,0,0.852
12,3307,19,probe-too-short,,,,
13,23,27,retrieved,13.1.23,23,0,1.0
3,10848,37,retrieved,3.140.9,10900,-52,1.0
14,1393,14,probe-too-short,,,,
12,6573,28,retrieved,12.176.12,6492,81,0.92
2,1548,81,retrieved,2.44.30,1548,0,1.0
2,1377,35,retrieved,2.38.9,1377,0,1.0
5,7466,15,probe-too-short,,,,
13,3596,54,retrieved,13.73.42,3595,1,1.0
13,7362,43,retrieved,13.158.9,7362,0,1.0
1,767,28,retrieved,1.3.104,769,-2,1.0
5,7462,32,retrieved,5.191.6,7462,0,1.0
1,5619,22,probe-too-short,,,,
1,1532,20,probe-too-short,,,,
1,5619,22,probe-too-short,,,,
1,130,78,retrieved,1.1.132,86,44,1.0
3,11813,40,retrieved,3.162.11,11813,0,0.886
1,1377,21,probe-too-short,,,,
5,4507,73,retrieved,5.133.14,4442,65,1.0
2,2196,27,retrieved,2.66.11,2195,1,1.0
3,15569,50,retrieved,3.263.49,15569,0,0.957
3,10690,16,probe-too-short,,,,
1,660,73,retrieved,1.2.396,625,35,0.97
3,13784,19,probe-too-short,,,,
1,368,37,retrieved,1.2.93,322,46,1.0
1,1179,23,probe-too-short,,,,
3,641,22,probe-too-short,,,,
2,2435,41,retrieved,2.73.3,2435,0,1.0
2,1060,18,probe-too-short,,,,
3,13373,21,probe-too-short,,,,
1,462,21,probe-too-short,,,,
13,2173,36,retrieved,13.36.9,2173,0,0.875
13,5001,37,retrieved,13.104.47,5001,0,1.0
1,7899,17,probe-too-short,,,,
12,5334,28,retrieved,12.141.16,5280,54,1.0
3,14676,38,retrieved,3.233.28,14676,0,0.886
1,7118,26,retrieved,1.190.35,7186,-68,0.957
13,2549,28,retrieved,13.47.49,2548,1,1.0
1,411,37,retrieved,1.2.136,365,46,1.0
1,7039,38,retrieved,1.188.6,7105,-66,1.0
2,2591,37,retrieved,2.79.8,2591,0,1.0
13,1643,44,retrieved,13.23.71,1642,1,0.902
13,3276,15,probe-too-short,,,,
5,6054,42,retrieved,5.176.31,6054,0,1.0
5,7321,41,retrieved,5.185.31,7320,1,1.0
14,384,21,probe-too-short,,,,
6,338,18,probe-too-short,,,,
14,603,32,retrieved,14.20.5,603,0,0.852
1,1883,19,probe-too-short,,,,
14,2615,39,retrieved,14.88.13,2616,-1,0.889
12,4289,13,probe-too-short,,,,
5,1334,21,probe-too-short,,,,
3,12831,36,retrieved,3.188.27,12831,0,0.848
12,2452,41,retrieved,12.66.1,2452,0,0.824
3,1839,23,probe-too-short,,,,
7,2914,30,retrieved,7.82.4,2914,0,0.885
12,12449,66,retrieved,12.329.28,12449,0,0.933
3,13994,38,retrieved,3.213.35,13994,0,1.0
12,12057,65,retrieved,12.321.14,12057,0,1.0
3,10053,52,retrieved,3.112.3,10090,-37,1.0
5,1332,21,probe-too-short,,,,
12,3886,41,retrieved,12.104.38,3885,1,1.0
12,3913,41,retrieved,12.105.11,3913,0,1.0
13,4351,38,retrieved,13.91.26,4351,0,1.0
13,1753,81,retrieved,13.25.67,1753,0,1.0
12,13807,40,retrieved,12.355.8,13807,0,1.0
5,5409,24,retrieved,5.160.3,5327,82,1.0
13,4478,16,probe-too-short,,,,
13,4627,56,retrieved,13.95.27,4627,0,1.0
13,1978,20,probe-too-short,,,,
1,1321,18,probe-too-short,,,,
13,2947,20,probe-too-short,,,,
5,3334,31,retrieved,5.94.5,3291,43,1.0
13,3232,47,retrieved,13.63.33,3232,0,1.0
13,3298,12,probe-too-short,,,,
13,3276,15,probe-too-short,,,,
13,1808,38,retrieved,13.26.50,1808,0,1.0
3,258,26,retrieved,3.5.19,258,0,1.0
12,1878,41,retrieved,12.52.17,1864,14,0.895
12,4265,15,probe-too-short,,,,
5,3814,16,probe-too-short,,,,
2,2195,17,probe-too-short,,,,
12,11033,27,retrieved,12.299.42,11030,3,1.0
5,1236,107,retrieved,5.35.55,1236,0,1.0
7,8458,40,retrieved,7.186.2,8458,0,1.0
5,4625,17,probe-too-short,,,,
1,2356,18,probe-too-short,,,,
12,4975,39,retrieved,12.138.64,4923,52,1.0
5,7460,13,probe-too-short,,,,
5,7152,20,probe-too-short,,,,
12,857,20,probe-too-short,,,,
13,2790,41,retrieved,13.53.37,2791,-1,1.0
1,790,20,probe-too-short,,,,
12,4902,39,retrieved,12.137.14,4849,53,0.917
13,3610,19,probe-too-short,,,,
13,4399,12,probe-too-short,,,,
4,595,14,probe-too-short,,,,
4,1621,44,retrieved,4.52.15,1620,1,1.0
3,11353,14,probe-too-short,,,,
5,1455,71,retrieved,5.39.10,1455,0,1.0
13,2775,19,probe-too-short,,,,
13,4333,14,probe-too-short,,,,
13,2460,83,retrieved,13.44.56,2459,1,1.0
13,6897,80,retrieved,13.148.28,6897,0,1.0
5,1605,18,probe-too-short,,,,
13,4737,75,retrieved,13.98.61,4737,0,1.0
12,3717,22,probe-too-short,,,,
12,8244,78,retrieved,12.227.32,8130,114,1.0
5,2481,43,retrieved,5.64.27,2481,0,1.0
3,14903,22,probe-too-short,,,,
6,232,15,probe-too-short,,,,
5,3611,47,retrieved,5.102.10,3565,46,1.0
5,7215,57,retrieved,5.181.15,7215,0,1.0
5,1512,45,retrieved,5.39.67,1512,0,1.0
8,2377,35,retrieved,8.49.80,2378,-1,1.0
5,934,10,probe-too-short,,,,
12,7690,40,retrieved,12.211.2,7589,101,1.0
13,1729,36,retrieved,13.25.43,1729,0,1.0
13,5044,28,retrieved,13.104.90,5044,0,1.0
7,2674,12,probe-too-short,,,,
6,1815,17,probe-too-short,,,,
10,288,37,retrieved,10.7.38,288,0,1.0
12,5349,44,retrieved,12.141.31,5295,54,1.0
12,6746,17,probe-too-short,,,,
12,6703,73,retrieved,12.180.14,6621,82,1.0
12,7873,20,probe-too-short,,,,
12,4277,40,retrieved,12.116.23,4234,43,0.892
3,2549,20,probe-too-short,,,,
5,1870,18,probe-too-short,,,,
5,4193,14,probe-too-short,,,,
1,7648,12,probe-too-short,,,,
5,6084,16,probe-too-short,,,,
12,12070,16,probe-too-short,,,,
12,2950,78,retrieved,12.78.34,2950,0,1.0
12,8959,81,retrieved,12.246.9,8838,121,0.942
9,206,44,retrieved,9.4.20,206,0,0.821
12,11901,41,retrieved,12.320.50,11902,-1,0.839
6,101,36,retrieved,6.3.34,102,-1,1.0
12,1247,42,retrieved,12.35.7,1242,5,0.769
5,1692,14,probe-too-short,,,,
13,7612,77,retrieved,13.164.1,7612,0,1.0
12,3837,25,retrieved,12.103.44,3837,0,0.909
12,4285,16,probe-too-short,,,,
8,1733,12,probe-too-short,,,,
4,964,14,probe-too-short,,,,
1,790,20,probe-too-short,,,,
12,4844,40,retrieved,12.134.10,4791,53,0.882
5,2801,11,probe-too-short,,,,
6,4334,11,probe-too-short,,,,
5,2842,36,retrieved,5.79.20,2804,38,1.0
5,5438,40,retrieved,5.160.32,5356,82,1.0
7,6379,16,probe-too-short,,,,
12,10599,38,retrieved,12.287.48,10435,164,0.914
7,205,26,retrieved,7.7.38,206,-1,0.87
3,1213,20,probe-too-short,,,,
13,3496,13,probe-too-short,,,,
13,2604,12,probe-too-short,,,,
2,143,20,probe-too-short,,,,
1,3644,71,retrieved,1.91.18,3644,0,1.0
13,3461,39,retrieved,13.70.10,3461,0,1.0
8,2353,9,probe-too-short,,,,
5,1495,20,probe-too-short,,,,
2,1542,17,probe-too-short,,,,
5,1493,24,not-retrieved,,,,0.0
3,19,22,probe-too-short,,,,
12,765,14,probe-too-short,,,,
12,5169,38,retrieved,12.139.36,5116,53,1.0
4,6825,20,probe-too-short,,,,
4,959,46,retrieved,4.29.3,959,0,1.0
3,1049,41,retrieved,3.28.21,1049,0,0.886
2,704,25,retrieved,2.17.28,704,0,1.0
12,3308,21,probe-too-short,,,,
4,1290,37,retrieved,4.39.6,1290,0,1.0
13,309,41,retrieved,13.6.15,309,0,0.895
12,4303,21,probe-too-short,,,,
3,14282,16,probe-too-short,,,,
12,9512,27,retrieved,12.266.32,9367,145,0.917
5,3837,64,retrieved,5.111.17,3788,49,0.93
3,3014,37,retrieved,3.77.6,3013,1,0.941
8,4195,12,probe-too-short,,,,
5,387,31,retrieved,5.12.20,387,0,1.0
5,7319,15,probe-too-short,,,,
15,951,13,probe-too-short,,,,
3,1081,18,probe-too-short,,,,
10,80,78,retrieved,10.2.11,80,0,1.0
3,15530,12,probe-too-short,,,,
3,16862,25,retrieved,3.298.5,16863,-1,1.0
12,214,44,retrieved,12.8.14,215,-1,1.0
10,531,12,probe-too-short,,,,
12,6690,40,retrieved,12.180.1,6608,82,1.0
3,14417,14,probe-too-short,,,,
5,1103,77,retrieved,5.34.10,1103,0,1.0
7,8128,14,probe-too-short,,,,
5,3588,18,probe-too-short,,,,
13,341,26,retrieved,13.6.47,341,0,0.957
5,3144,17,probe-too-short,,,,
13,2573,38,retrieved,13.48.12,2574,-1,1.0
1,6180,12,probe-too-short,,,,
3,2177,15,probe-too-short,,,,
12,3913,41,retrieved,12.105.11,3913,0,1.0
5,5420,51,retrieved,5.160.14,5338,82,0.896
14,924,78,retrieved,14.34.3,925,-1,0.917
12,4842,38,retrieved,12.134.8,4789,53,1.0
3,2276,41,retrieved,3.60.5,2276,0,0.865
5,7090,50,retrieved,5.178.64,7091,-1,0.979
3,15700,9,probe-too-short,,,,
3,15707,7,probe-too-short,,,,
1,5965,19,probe-too-short,,,,
5,7300,32,retrieved,5.185.11,7300,0,1.0
5,7374,36,retrieved,5.187.5,7374,0,1.0
3,3038,17,probe-too-short,,,,
3,2552,39,retrieved,3.65.21,2552,0,1.0
3,2522,17,probe-too-short,,,,
1,5909,81,retrieved,1.151.28,5958,-49,1.0
3,3057,50,retrieved,3.78.28,3057,0,1.0
2,1229,78,retrieved,2.33.25,1232,-3,0.947
8,358,81,not-retrieved,,,,0.133
1,4142,19,probe-too-short,,,,
2,1230,32,not-retrieved,,,,0.0
13,3317,20,probe-too-short,,,,
2,1325,22,probe-too-short,,,,
1,6098,50,retrieved,1.156.15,6153,-55,0.936
1,2473,25,retrieved,1.64.19,2452,21,1.0
1,3712,29,retrieved,1.94.22,3712,0,1.0
4,1558,40,retrieved,4.50.5,1559,-1,1.0
4,1558,36,retrieved,4.50.5,1559,-1,0.939
1,4687,17,probe-too-short,,,,
2,1228,22,probe-too-short,,,,
9,2884,19,probe-too-short,,,,
13,3333,11,probe-too-short,,,,
1,7664,39,retrieved,1.210.13,7732,-68,1.0
1,3121,18,probe-too-short,,,,
1,8123,28,retrieved,1.223.44,8209,-86,1.0
12,13217,40,retrieved,12.342.52,13211,6,1.0
13,915,19,probe-too-short,,,,
12,791,14,probe-too-short,,,,
12,9828,21,probe-too-short,,,,
3,2727,20,probe-too-short,,,,
3,2722,17,probe-too-short,,,,
1,5877,36,retrieved,1.150.22,5926,-49,0.906
1,1976,36,retrieved,1.50.14,1974,2,1.0
1,5570,39,retrieved,1.140.28,5617,-47,1.0
3,10484,37,retrieved,3.127.15,10543,-59,1.0
12,13789,12,probe-too-short,,,,
15,610,18,probe-too-short,,,,
14,1186,20,probe-too-short,,,,
1,5508,26,retrieved,1.138.69,5554,-46,0.864
1,4754,20,probe-too-short,,,,
1,2085,40,retrieved,1.54.19,2055,30,1.0
5,7029,38,retrieved,5.178.5,7032,-3,1.0
1,1126,21,probe-too-short,,,,
1,6128,21,probe-too-short,,,,
3,2077,28,retrieved,3.53.6,2078,-1,1.0
3,2823,21,probe-too-short,,,,
3,2175,22,probe-too-short,,,,
3,13804,20,probe-too-short,,,,
3,16767,40,retrieved,3.297.21,16768,-1,1.0
3,2368,65,retrieved,3.63.7,2368,0,0.952
8,47,20,probe-too-short,,,,
5,6052,41,retrieved,5.176.29,6052,0,1.0
4,32,22,probe-too-short,,,,
2,1311,77,retrieved,2.36.6,1311,0,1.0
5,5991,80,retrieved,5.175.16,5991,0,0.908
3,2092,81,retrieved,3.53.21,2093,-1,0.883
4,35,32,retrieved,4.2.8,35,0,1.0
3,2284,39,retrieved,3.60.13,2284,0,1.0
4,696,21,probe-too-short,,,,
12,11608,21,probe-too-short,,,,
3,12719,27,retrieved,3.186.5,12719,0,1.0
1,5567,41,retrieved,1.140.25,5614,-47,0.711
3,1687,24,retrieved,3.41.23,1687,0,0.857
3,161,22,probe-too-short,,,,
3,2753,40,retrieved,3.70.10,2753,0,0.946
3,2763,50,retrieved,3.70.20,2763,0,1.0
3,2371,11,probe-too-short,,,,
1,5996,69,retrieved,1.153.35,6046,-50,0.983
1,5921,41,retrieved,1.151.40,5970,-49,1.0
13,1932,20,probe-too-short,,,,
1,7713,43,retrieved,1.212.3,7781,-68,1.0
3,2842,40,retrieved,3.72.34,2841,1,0.892
3,15657,51,retrieved,3.268.19,15656,1,1.0
8,1743,53,retrieved,8.37.37,1743,0,1.0
13,36,41,retrieved,13.1.36,36,0,0.879
1,5879,36,retrieved,1.150.24,5928,-49,1.0
3,15615,42,retrieved,3.267.5,15617,-2,0.897
5,6095,76,retrieved,5.177.13,6545,-450,1.0
3,8075,11,probe-too-short,,,,
1,6010,24,retrieved,1.154.4,6060,-50,1.0
3,3021,79,retrieved,3.77.13,3020,1,0.919
7,4217,35,retrieved,7.110.83,4208,9,1.0
4,428,65,retrieved,4.14.50,422,6,1.0
1,7013,14,probe-too-short,,,,
8,4082,11,probe-too-short,,,,
3,33,12,probe-too-short,,,,
3,1732,19,probe-too-short,,,,
12,3894,41,retrieved,12.104.46,3893,1,1.0
9,1876,18,probe-too-short,,,,
1,2164,17,probe-too-short,,,,
3,2357,37,retrieved,3.62.25,2357,0,1.0
5,7235,12,probe-too-short,,,,
1,4744,42,retrieved,1.122.30,4744,0,0.949
1,6278,20,probe-too-short,,,,
3,16787,26,retrieved,3.297.40,16787,0,1.0
6,5166,41,retrieved,6.111.26,5173,-7,1.0
3,756,14,probe-too-short,,,,
1,6833,21,probe-too-short,,,,
1,5267,17,probe-too-short,,,,
13,1878,21,probe-too-short,,,,
12,8987,79,retrieved,12.247.14,8866,121,1.0
13,1012,20,probe-too-short,,,,
13,7100,12,probe-too-short,,,,
2,428,19,probe-too-short,,,,
3,5001,13,probe-too-short,,,,
3,2075,13,probe-too-short,,,,
4,133,15,probe-too-short,,,,
13,3321,15,probe-too-short,,,,
3,16848,13,probe-too-short,,,,
1,4315,28,retrieved,1.107.11,4314,1,0.88
14,1176,13,probe-too-short,,,,
3,2138,18,probe-too-short,,,,
3,2228,44,retrieved,3.57.37,2228,0,1.0
3,757,20,probe-too-short,,,,
2,690,10,probe-too-short,,,,
6,87,37,retrieved,6.3.19,87,0,1.0
3,10733,16,probe-too-short,,,,
1,3533,37,retrieved,1.85.34,3533,0,1.0
3,2534,12,probe-too-short,,,,
1,6486,20,probe-too-short,,,,
5,3918,15,probe-too-short,,,,
13,5876,30,retrieved,13.123.19,5876,0,1.0
3,2239,27,retrieved,3.58.1,2240,-1,1.0
3,2824,17,probe-too-short,,,,
1,7246,38,retrieved,1.195.29,7314,-68,1.0
4,77,21,probe-too-short,,,,
3,2658,12,probe-too-short,,,,
13,1937,36,retrieved,13.29.24,1937,0,0.939
3,2359,41,retrieved,3.62.27,2359,0,0.914
4,234,62,retrieved,4.8.4,234,0,1.0
6,4334,24,retrieved,6.96.12,4340,-6,1.0
1,3355,14,probe-too-short,,,,
3,10890,26,retrieved,3.141.20,10940,-50,1.0
14,223,20,probe-too-short,,,,
4,1727,40,retrieved,4.55.31,1727,0,1.0
3,720,21,probe-too-short,,,,
4,1669,17,probe-too-short,,,,
3,739,19,probe-too-short,,,,
2,952,40,retrieved,2.24.30,952,0,1.0
3,1763,22,probe-too-short,,,,
4,300,12,probe-too-short,,,,
5,5964,12,probe-too-short,,,,
2,831,51,retrieved,2.21.33,830,1,0.729
3,738,19,probe-too-short,,,,
12,7213,20,probe-too-short,,,,
4,373,16,probe-too-short,,,,
13,4896,28,retrieved,13.102.54,4896,0,0.8
3,10903,12,probe-too-short,,,,
3,2296,38,retrieved,3.60.25,2296,0,1.0
13,4173,29,retrieved,13.85.156,4171,2,0.846
8,2081,18,probe-too-short,,,,
7,1967,18,probe-too-short,,,,
3,12358,18,probe-too-short,,,,
6,5155,45,retrieved,6.111.16,5163,-8,0.829
5,5701,12,probe-too-short,,,,
1,6041,46,retrieved,1.154.36,6092,-51,1.0
3,2848,33,retrieved,3.72.40,2847,1,0.9
1,5876,13,probe-too-short,,,,
7,7159,12,probe-too-short,,,,
3,10900,41,retrieved,3.142.2,10950,-50,1.0
3,2809,14,probe-too-short,,,,
5,2949,21,probe-too-short,,,,
4,1381,40,retrieved,4.44.14,1380,1,0.892
12,8330,12,probe-too-short,,,,
6,2131,18,probe-too-short,,,,
3,15082,26,retrieved,3.249.13,15082,0,1.0
6,278,26,retrieved,6.7.24,277,1,0.87
5,7216,29,retrieved,5.181.16,7216,0,1.0
7,6065,42,retrieved,7.145.11,6065,0,0.872
7,8881,14,probe-too-short,,,,
12,8222,27,retrieved,12.227.10,8108,114,1.0
8,1828,19,probe-too-short,,,,
3,8708,13,probe-too-short,,,,
5,7063,19,probe-too-short,,,,
15,300,15,probe-too-short,,,,
14,50,20,probe-too-short,,,,
1,6197,18,probe-too-short,,,,
5,2198,16,probe-too-short,,,,
5,7432,39,retrieved,5.189.22,7431,1,0.941
13,2438,19,probe-too-short,,,,
3,8890,41,retrieved,3.107.41,9889,-999,0.842
1,679,42,retrieved,1.3.18,683,-4,1.0
3,16948,19,probe-too-short,,,,
3,8780,18,probe-too-short,,,,
3,8696,39,retrieved,3.100.8,8696,0,1.0
1,8837,23,probe-too-short,,,,
12,342,15,probe-too-short,,,,
12,3317,38,retrieved,12.88.16,3317,0,0.714
1,6805,59,retrieved,1.178.14,6868,-63,0.625
5,831,17,probe-too-short,,,,
5,3027,20,probe-too-short,,,,
12,7719,18,probe-too-short,,,,
3,15410,14,probe-too-short,,,,
2,219,23,probe-too-short,,,,
7,8375,13,probe-too-short,,,,
2,2577,13,probe-too-short,,,,
8,3160,19,probe-too-short,,,,
2,50,20,probe-too-short,,,,
5,2478,41,retrieved,5.64.24,2478,0,0.895
5,4509,10,probe-too-short,,,,
14,889,39,retrieved,14.32.3,889,0,1.0
3,16767,21,probe-too-short,,,,
3,2222,25,retrieved,3.57.32,2223,-1,1.0
3,2811,51,retrieved,3.72.4,2811,0,0.766
3,2613,27,retrieved,3.66.6,2613,0,0.792
1,5729,19,probe-too-short,,,,
1,2876,30,retrieved,1.70.33,2876,0,1.0
3,10076,40,retrieved,3.113.7,10121,-45,0.889
13,4556,54,retrieved,13.94.10,4556,0,1.0
1,7426,37,not-retrieved,,,,0.576
3,15311,38,retrieved,3.256.14,15310,1,1.0
3,1205,78,retrieved,3.32.4,1205,0,1.0
7,7274,26,retrieved,7.162.51,7274,0,1.0
13,7445,19,probe-too-short,,,,
4,938,18,probe-too-short,,,,
2,1932,18,probe-too-short,,,,
2,72,18,probe-too-short,,,,
2,455,20,probe-too-short,,,,
13,627,54,retrieved,13.14.39,630,-3,1.0
3,10521,21,probe-too-short,,,,
3,16723,18,probe-too-short,,,,
10,129,18,probe-too-short,,,,
13,2793,14,probe-too-short,,,,
1,192,11,probe-too-short,,,,
14,1426,76,retrieved,14.51.3,1427,-1,1.0
5,7549,22,probe-too-short,,,,
3,2635,18,probe-too-short,,,,
5,1104,18,probe-too-short,,,,
1,7025,11,probe-too-short,,,,
12,12580,19,probe-too-short,,,,
2,474,31,retrieved,2.11.58,475,-1,1.0
5,7407,31,retrieved,5.188.19,7407,0,0.893
3,16702,36,retrieved,3.295.12,16672,30,1.0
2,4,15,probe-too-short,,,,
5,7461,52,retrieved,5.191.5,7461,0,0.932
1,781,45,retrieved,1.3.118,783,-2,1.0
1,769,34,retrieved,1.3.106,771,-2,1.0
1,7947,17,probe-too-short,,,,
3,2290,14,probe-too-short,,,,
13,2654,17,probe-too-short,,,,
2,1290,39,retrieved,2.35.5,1290,0,1.0
3,12232,40,retrieved,3.173.35,12265,-33,1.0
4,1910,31,retrieved,4.59.9,1909,1,1.0
1,3582,16,probe-too-short,,,,
4,248,41,retrieved,4.9.5,248,0,1.0
12,1957,20,probe-too-short,,,,
14,2637,43,retrieved,14.88.34,2637,0,0.923
13,285,17,probe-too-short,,,,
3,10099,23,probe-too-short,,,,
1,7200,48,retrieved,1.193.27,7268,-68,1.0
1,5231,14,probe-too-short,,,,
13,7375,27,retrieved,13.158.22,7375,0,1.0
2,1223,11,probe-too-short,,,,
11,173,39,retrieved,11.7.11,173,0,1.0
3,1538,20,probe-too-short,,,,
1,7694,19,probe-too-short,,,,
3,1858,37,retrieved,3.46.42,1859,-1,0.912
2,1292,39,retrieved,2.35.7,1292,0,1.0
1,4152,21,probe-too-short,,,,
9,233,20,probe-too-short,,,,
14,1650,14,probe-too-short,,,,
1,2500,40,retrieved,1.64.46,2479,21,0.892
2,1291,43,retrieved,2.35.6,1291,0,0.838
13,3534,18,probe-too-short,,,,
3,12309,24,retrieved,3.175.19,12341,-32,1.0
1,211,20,probe-too-short,,,,
13,3669,17,probe-too-short,,,,
12,2722,44,retrieved,12.71.8,2722,0,0.658
3,1256,44,retrieved,3.32.55,1256,0,0.878
9,282,19,probe-too-short,,,,
1,6735,20,probe-too-short,,,,
3,11903,29,retrieved,3.165.1,11939,-36,1.0
3,15692,28,retrieved,3.269.26,15692,0,1.0
18,155,29,retrieved,18.5.8,155,0,0.846
9,282,19,probe-too-short,,,,
3,2646,38,retrieved,3.67.13,2646,0,1.0
3,10924,23,probe-too-short,,,,
5,7362,40,retrieved,5.186.35,7362,0,0.892
1,2923,34,retrieved,1.71.29,2905,18,1.0
3,2851,17,probe-too-short,,,,
1,6225,44,retrieved,1.161.4,6281,-56,1.0
1,6289,25,retrieved,1.163.23,6346,-57,1.0
3,1715,19,probe-too-short,,,,
1,7718,22,probe-too-short,,,,
3,12000,22,probe-too-short,,,,
12,8198,41,retrieved,12.226.11,8086,112,1.0
3,12067,30,retrieved,3.168.76,12102,-35,1.0
15,700,20,probe-too-short,,,,
3,12023,15,probe-too-short,,,,
1,177,26,retrieved,1.1.179,133,44,1.0
1,5411,39,retrieved,1.136.33,5452,-41,1.0
3,15172,35,retrieved,3.252.18,15172,0,1.0
5,5796,20,probe-too-short,,,,
1,1372,41,retrieved,1.29.33,1338,34,0.763
1,7085,20,probe-too-short,,,,
4,1255,26,retrieved,4.38.25,1256,-1,1.0
4,343,26,retrieved,4.13.19,343,0,1.0
4,1252,20,probe-too-short,,,,
4,1478,21,probe-too-short,,,,
8,1797,22,probe-too-short,,,,
5,2069,20,probe-too-short,,,,
3,15645,19,probe-too-short,,,,
4,34,37,retrieved,4.2.7,34,0,1.0
7,6615,31,retrieved,7.153.11,6628,-13,1.0
11,606,15,probe-too-short,,,,
3,15646,30,retrieved,3.268.8,15645,1,1.0
1,7102,16,probe-too-short,,,,
13,6900,39,retrieved,13.148.31,6900,0,0.861
1,7093,13,probe-too-short,,,,
1,7116,39,retrieved,1.190.33,7184,-68,0.941
1,5477,21,probe-too-short,,,,
8,382,12,probe-too-short,,,,
1,7105,13,probe-too-short,,,,
5,7389,12,probe-too-short,,,,
3,2522,16,probe-too-short,,,,
7,27,17,probe-too-short,,,,
1,7707,38,retrieved,1.211.29,7775,-68,0.886
3,15772,21,probe-too-short,,,,
3,2123,37,retrieved,3.54.20,2123,0,1.0
3,3051,37,retrieved,3.78.22,3051,0,1.0
5,3758,17,probe-too-short,,,,
12,8915,45,retrieved,12.245.1,8794,121,0.905
3,446,42,retrieved,3.11.61,446,0,0.923
12,3693,34,retrieved,12.100.12,3693,0,1.0
8,10,37,retrieved,8.1.10,10,0,1.0
1,5152,19,probe-too-short,,,,
13,2655,13,probe-too-short,,,,
1,916,24,retrieved,1.7.6,916,0,1.0
7,793,39,retrieved,7.20.2,794,-1,1.0
2,257,36,retrieved,2.5.122,256,1,1.0
5,5433,38,retrieved,5.160.27,5351,82,1.0
3,2639,46,retrieved,3.67.6,2639,0,1.0
13,1132,20,probe-too-short,,,,
3,16658,30,retrieved,3.294.1,16658,0,0.926
3,11244,17,probe-too-short,,,,
7,5787,24,retrieved,7.139.96,5787,0,0.857
4,392,31,not-retrieved,,,,0.0
1,4986,19,probe-too-short,,,,
3,2120,12,probe-too-short,,,,
13,2227,21,probe-too-short,,,,
3,5026,63,retrieved,3.82.84,5026,0,0.917
6,164,38,retrieved,6.4.10,159,5,1.0
5,3761,17,probe-too-short,,,,
13,2406,38,retrieved,13.44.3,2406,0,1.0
13,1923,37,retrieved,13.29.11,1924,-1,0.903
13,1125,13,probe-too-short,,,,
6,374,19,probe-too-short,,,,
12,12090,79,retrieved,12.321.47,12090,0,0.855
3,2111,14,probe-too-short,,,,
1,6484,35,retrieved,1.170.49,6544,-60,0.906
1,5886,13,probe-too-short,,,,
1,1172,18,probe-too-short,,,,
4,253,19,probe-too-short,,,,
3,529,80,retrieved,3.12.69,529,0,1.0
1,3196,14,probe-too-short,,,,
3,8762,36,retrieved,3.102.26,9048,-286,1.0
1,6186,19,probe-too-short,,,,
3,8886,22,probe-too-short,,,,
5,2368,12,probe-too-short,,,,
3,14365,44,retrieved,3.226.27,14368,-3,1.0
7,2081,22,probe-too-short,,,,
4,161,30,retrieved,4.5.20,161,0,1.0
13,2306,29,retrieved,13.40.60,2306,0,1.0
13,1375,39,retrieved,13.18.78,1375,0,1.0
8,2115,71,retrieved,8.45.43,2113,2,1.0
15,186,25,retrieved,15.5.17,186,0,1.0
1,1642,27,retrieved,1.39.2,1611,31,1.0
1,6195,19,probe-too-short,,,,
6,4062,39,retrieved,6.90.93,4063,-1,0.667
13,4886,31,retrieved,13.102.44,4886,0,0.929
12,3596,21,probe-too-short,,,,
12,426,65,retrieved,12.15.3,426,0,0.957
3,2734,37,retrieved,3.69.41,2734,0,1.0
13,30,55,retrieved,13.1.30,30,0,1.0
3,1863,22,probe-too-short,,,,
15,187,30,retrieved,15.5.18,187,0,1.0
3,10285,29,retrieved,3.120.27,10349,-64,1.0
5,1269,26,retrieved,5.36.10,1269,0,1.0
7,3096,43,retrieved,7.87.10,3096,0,0.895
4,355,35,not-retrieved,,,,0.469
14,1059,25,retrieved,14.39.2,1059,0,0.864
12,5908,12,probe-too-short,,,,
13,2234,38,retrieved,13.39.3,2234,0,1.0
12,9998,12,probe-too-short,,,,
1,6772,58,retrieved,1.177.28,6835,-63,0.909
8,2528,28,retrieved,8.52.9,2528,0,0.88
12,9999,76,retrieved,12.279.10,9846,153,0.986
1,4009,27,retrieved,1.100.44,4010,-1,1.0
1,6264,14,probe-too-short,,,,
1,3504,39,retrieved,1.85.5,3504,0,1.0
13,5889,56,retrieved,13.124.10,5889,0,1.0
12,12592,25,retrieved,12.332.16,12592,0,0.864
1,1412,20,probe-too-short,,,,
1,7411,19,probe-too-short,,,,
13,2234,38,retrieved,13.39.3,2234,0,1.0
12,5777,36,retrieved,12.153.99,5714,63,1.0
12,3404,79,retrieved,12.91.2,3404,0,0.917
8,2528,17,probe-too-short,,,,
1,6021,13,probe-too-short,,,,
3,523,18,probe-too-short,,,,
12,3689,16,probe-too-short,,,,
2,1375,17,probe-too-short,,,,
13,4841,20,probe-too-short,,,,
13,4840,32,retrieved,13.101.27,4839,1,0.862
3,2107,38,retrieved,3.54.4,2107,0,1.0
3,2101,21,probe-too-short,,,,
5,5850,13,probe-too-short,,,,
3,2794,49,retrieved,3.71.23,2794,0,0.955
7,6829,13,probe-too-short,,,,
12,10389,14,probe-too-short,,,,
13,2127,18,probe-too-short,,,,
3,2175,21,probe-too-short,,,,
5,1480,39,retrieved,5.39.35,1480,0,1.0
1,1141,39,retrieved,1.18.30,1103,38,1.0
5,3083,39,retrieved,5.88.6,3083,0,1.0
3,10260,26,retrieved,3.120.2,10324,-64,0.957
1,2238,41,retrieved,1.61.8,2238,0,1.0
3,13558,36,retrieved,3.203.13,13559,-1,1.0
4,887,13,probe-too-short,,,,
6,5850,20,probe-too-short,,,,
13,2400,27,retrieved,13.43.24,2400,0,1.0
1,4756,20,probe-too-short,,,,
6,68,18,probe-too-short,,,,
13,1465,17,probe-too-short,,,,
1,6412,17,probe-too-short,,,,
1,6449,15,probe-too-short,,,,
13,2236,35,retrieved,13.39.5,2236,0,1.0
3,11371,18,probe-too-short,,,,
3,1878,31,retrieved,3.46.63,1880,-2,0.821
6,5744,21,probe-too-short,,,,
5,7162,19,probe-too-short,,,,
7,3633,15,probe-too-short,,,,
12,9897,37,retrieved,12.275.24,9747,150,1.0
7,5745,22,probe-too-short,,,,
1,8112,36,retrieved,1.223.32,8197,-85,1.0
1,8475,74,retrieved,1.234.15,8573,-98,1.0
1,2135,17,probe-too-short,,,,
5,1382,11,probe-too-short,,,,
1,2401,15,probe-too-short,,,,
13,1816,31,retrieved,13.26.58,1816,0,1.0
3,446,42,retrieved,3.11.61,446,0,0.923
13,1611,20,probe-too-short,,,,
13,2302,44,retrieved,13.40.57,2303,-1,1.0
5,5289,18,probe-too-short,,,,
2,1494,34,retrieved,2.43.1,1494,0,1.0
7,9419,12,probe-too-short,,,,
1,8289,37,retrieved,1.228.6,8386,-97,1.0
3,14340,18,probe-too-short,,,,
7,108,16,probe-too-short,,,,
12,10504,17,probe-too-short,,,,
1,4161,39,retrieved,1.103.16,4161,0,1.0
12,13516,35,retrieved,12.347.67,13516,0,1.0
1,8068,37,retrieved,1.222.19,8151,-83,0.935
13,775,24,retrieved,13.14.184,775,0,1.0
13,2771,20,probe-too-short,,,,
1,5131,25,retrieved,1.130.65,5132,-1,0.955
1,886,20,probe-too-short,,,,
1,5962,12,probe-too-short,,,,
3,2285,41,retrieved,3.60.14,2285,0,1.0
1,2109,52,retrieved,1.55.13,2109,0,1.0
3,1831,18,probe-too-short,,,,
1,4477,79,retrieved,1.114.9,4491,-14,0.947
4,1703,80,retrieved,4.55.8,1704,-1,1.0
3,2083,80,retrieved,3.53.12,2084,-1,1.0
6,4542,30,retrieved,6.100.13,4542,0,0.889
13,522,30,retrieved,13.11.16,522,0,0.889
3,10960,38,retrieved,3.142.61,11009,-49,1.0
1,1412,42,retrieved,1.30.29,1412,0,1.0
3,1822,71,retrieved,3.46.6,1823,-1,0.912
1,7125,37,retrieved,1.190.42,7193,-68,1.0
3,2193,29,retrieved,3.57.3,2194,-1,0.739
4,741,23,probe-too-short,,,,
13,2699,25,retrieved,13.51.32,2699,0,0.955
3,11861,53,retrieved,3.163.21,11861,0,0.714
6,5472,38,retrieved,6.117.21,5472,0,1.0
13,1134,13,probe-too-short,,,,
7,2396,78,retrieved,7.69.3,2396,0,0.933
3,2125,18,probe-too-short,,,,
7,1009,11,probe-too-short,,,,
3,2449,41,retrieved,3.64.49,2449,0,0.895
3,2253,23,probe-too-short,,,,
13,6230,12,probe-too-short,,,,
1,6614,12,probe-too-short,,,,
12,7005,35,retrieved,12.192.3,6918,87,1.0
12,9518,37,retrieved,12.266.38,9373,145,1.0
4,1611,22,probe-too-short,,,,
1,666,41,not-retrieved,,,,0.0
3,2962,37,retrieved,3.76.12,2967,-5,1.0
3,15705,12,probe-too-short,,,,
12,3909,37,retrieved,12.105.6,3908,1,0.794
1,2855,27,retrieved,1.70.12,2855,0,1.0
3,12885,17,probe-too-short,,,,
1,5209,22,probe-too-short,,,,
8,4464,34,retrieved,8.87.92,4464,0,1.0
12,10448,19,probe-too-short,,,,
2,2693,20,probe-too-short,,,,
6,78,16,probe-too-short,,,,
7,7886,42,retrieved,7.174.43,7895,-9,1.0
1,3070,31,retrieved,1.74.83,3070,0,0.923
12,3920,17,probe-too-short,,,,
1,2859,42,retrieved,1.70.16,2859,0,0.974
1,4508,34,retrieved,1.115.28,4509,-1,1.0
1,6293,30,retrieved,1.163.27,6350,-57,0.833
1,3022,38,retrieved,1.74.35,3022,0,1.0
1,5898,34,retrieved,1.151.17,5947,-49,1.0
3,15928,36,retrieved,3.275.40,15928,0,1.0
4,1633,16,probe-too-short,,,,
1,7806,36,retrieved,1.214.32,7876,-70,0.939
11,616,26,retrieved,11.21.14,616,0,1.0
9,2914,36,retrieved,9.50.60,2913,1,0.939
3,16823,25,not-retrieved,,,,0.0
3,336,19,probe-too-short,,,,
1,4563,12,probe-too-short,,,,
7,4310,26,retrieved,7.112.20,4311,-1,1.0
1,6613,80,retrieved,1.173.30,6675,-62,1.0
12,3350,39,retrieved,12.89.16,3318,32,1.0
1,3327,16,probe-too-short,,,,
2,1962,23,probe-too-short,,,,
1,647,13,probe-too-short,,,,
3,16828,13,probe-too-short,,,,
1,7952,20,probe-too-short,,,,
1,5578,19,probe-too-short,,,,
1,3822,15,probe-too-short,,,,
4,8,35,retrieved,4.1.9,8,0,1.0
9,1351,20,probe-too-short,,,,
4,10,20,probe-too-short,,,,
3,486,31,retrieved,3.12.27,487,-1,0.964
7,1028,30,retrieved,7.23.81,1024,4,1.0
5,3314,21,probe-too-short,,,,
3,12679,36,retrieved,3.185.3,12680,-1,1.0
3,1574,36,retrieved,3.39.24,1574,0,1.0
8,1400,41,retrieved,8.33.10,1400,0,0.892
7,1028,12,probe-too-short,,,,
6,82,39,retrieved,6.3.15,83,-1,0.75
6,1669,34,retrieved,6.44.30,1657,12,0.871
13,5907,26,retrieved,13.124.28,5907,0,1.0
5,3601,19,probe-too-short,,,,
13,5628,13,probe-too-short,,,,
5,660,28,retrieved,5.22.16,660,0,1.0
3,678,13,probe-too-short,,,,
7,2118,20,probe-too-short,,,,
1,5884,14,probe-too-short,,,,
1,7178,28,retrieved,1.193.5,7246,-68,1.0
5,4503,18,probe-too-short,,,,
2,2113,37,retrieved,2.63.3,2112,1,1.0
4,1082,15,probe-too-short,,,,
7,1123,44,retrieved,7.25.60,1123,0,0.892
8,4223,24,retrieved,8.83.8,4215,8,1.0
8,1609,38,retrieved,8.34.153,1607,2,1.0
5,7095,11,probe-too-short,,,,
4,494,17,probe-too-short,,,,
12,7540,38,retrieved,12.207.23,7443,97,1.0
13,7092,38,retrieved,13.150.14,7092,0,1.0
1,2367,27,retrieved,1.63.35,2367,0,0.792
3,638,16,probe-too-short,,,,
13,6482,19,probe-too-short,,,,
8,2903,34,retrieved,8.58.47,2903,0,1.0
3,999,21,probe-too-short,,,,
13,1649,20,probe-too-short,,,,
3,16194,31,not-retrieved,,,,0.536
4,492,41,retrieved,4.16.41,492,0,0.784
3,2169,20,probe-too-short,,,,
13,4497,20,probe-too-short,,,,
12,9396,81,retrieved,12.263.1,9257,139,1.0
4,2011,38,retrieved,4.62.14,2010,1,1.0
1,4188,23,probe-too-short,,,,
12,3584,37,retrieved,12.97.4,3584,0,1.0
12,7817,42,retrieved,12.215.24,7711,106,1.0
13,2148,41,retrieved,13.35.7,2148,0,1.0
4,199,39,retrieved,4.6.21,198,1,0.917
1,409,41,retrieved,1.2.134,363,46,1.0
3,13633,22,probe-too-short,,,,
13,2069,45,retrieved,13.32.26,2069,0,0.738
12,12082,31,retrieved,12.321.39,12082,0,0.75
12,87,22,probe-too-short,,,,
5,1214,17,probe-too-short,,,,
5,7320,20,probe-too-short,,,,
3,12114,37,retrieved,3.170.12,12148,-34,0.882
12,9349,38,retrieved,12.262.10,9211,138,0.903
5,1063,22,probe-too-short,,,,
2,227,20,probe-too-short,,,,
12,2782,17,probe-too-short,,,,
12,4271,38,retrieved,12.116.18,4229,42,1.0
13,5595,14,probe-too-short,,,,
8,2074,19,probe-too-short,,,,
13,1920,33,retrieved,13.29.8,1921,-1,1.0
11,705,51,retrieved,11.24.30,706,-1,0.979
3,360,40,retrieved,3.10.15,361,-1,0.892
10,180,40,retrieved,10.5.5,180,0,1.0
7,559,27,retrieved,7.14.65,559,0,0.917
2,226,50,retrieved,2.5.92,226,0,0.957
13,6839,34,retrieved,13.147.33,6838,1,1.0
1,693,49,retrieved,1.3.29,694,-1,1.0
3,2541,15,probe-too-short,,,,
13,6870,44,retrieved,13.148.1,6870,0,0.732
1,1170,19,probe-too-short,,,,
13,3149,37,retrieved,13.62.47,3149,0,1.0
1,6623,18,probe-too-short,,,,
3,12855,30,retrieved,3.188.50,12854,1,1.0
13,2995,22,probe-too-short,,,,
13,3002,16,probe-too-short,,,,
3,13929,35,retrieved,3.211.10,13929,0,1.0
3,601,41,retrieved,3.13.4,600,1,1.0
3,9982,16,probe-too-short,,,,
3,14506,38,retrieved,3.230.52,14505,1,1.0
3,4095,13,probe-too-short,,,,
13,4390,19,probe-too-short,,,,
5,2283,42,not-retrieved,,,,0.514
4,1318,17,probe-too-short,,,,
1,7063,14,probe-too-short,,,,
4,2101,15,probe-too-short,,,,
12,8453,39,retrieved,12.229.25,8338,115,1.0
1,5734,15,probe-too-short,,,,
4,96,47,retrieved,4.4.14,96,0,1.0
13,539,21,probe-too-short,,,,
1,5966,37,retrieved,1.153.5,6016,-50,1.0
3,12777,24,retrieved,3.187.32,12774,3,0.857
12,2024,35,retrieved,12.56.39,2024,0,0.875
16,200,39,retrieved,16.7.24,200,0,0.889
10,654,20,probe-too-short,,,,
3,1729,13,probe-too-short,,,,
12,1418,17,probe-too-short,,,,
13,5362,15,probe-too-short,,,,
13,7608,20,probe-too-short,,,,
5,1290,75,retrieved,5.36.31,1290,0,1.0
12,6896,39,retrieved,12.186.14,6811,85,1.0
5,5049,26,retrieved,5.149.10,4974,75,0.87
4,1289,11,probe-too-short,,,,
1,647,14,probe-too-short,,,,
5,859,56,retrieved,5.29.51,859,0,1.0
3,993,23,probe-too-short,,,,
3,2619,41,retrieved,3.66.12,2619,0,1.0
1,1156,22,probe-too-short,,,,
13,2270,25,retrieved,13.40.24,2270,0,1.0
3,14404,12,probe-too-short,,,,
1,5596,21,probe-too-short,,,,
9,722,17,probe-too-short,,,,
13,2280,11,probe-too-short,,,,
1,1183,14,probe-too-short,,,,
5,1526,41,retrieved,5.39.81,1526,0,1.0
9,30,17,probe-too-short,,,,
3,5024,16,probe-too-short,,,,
1,2380,31,retrieved,1.63.49,2381,-1,0.654
8,1959,18,probe-too-short,,,,
1,5888,18,probe-too-short,,,,
2,1925,17,probe-too-short,,,,
3,2397,18,probe-too-short,,,,
12,12769,11,probe-too-short,,,,
5,386,26,retrieved,5.12.19,386,0,1.0
13,749,18,probe-too-short,,,,
13,3247,17,probe-too-short,,,,
3,14852,35,retrieved,3.240.4,14852,0,0.867
8,3665,16,probe-too-short,,,,
1,2277,20,probe-too-short,,,,
3,1791,27,retrieved,3.44.4,1788,3,0.958
1,2614,39,retrieved,1.66.50,2614,0,1.0
13,1781,51,retrieved,13.26.23,1781,0,1.0
3,14852,35,retrieved,3.240.4,14852,0,0.867
3,2800,39,retrieved,3.71.29,2800,0,1.0
3,2922,19,probe-too-short,,,,
3,2702,69,retrieved,3.69.9,2702,0,1.0
3,2395,13,probe-too-short,,,,
1,7920,41,retrieved,1.219.15,8001,-81,1.0
12,8029,41,retrieved,12.222.9,7919,110,0.895
1,8142,27,retrieved,1.223.68,8233,-91,1.0
3,16750,27,retrieved,3.297.4,16751,-1,1.0
7,6262,14,probe-too-short,,,,
1,5249,44,retrieved,1.132.39,5290,-41,1.0
13,2087,38,retrieved,13.33.5,2087,0,1.0
4,1464,38,retrieved,4.46.28,1464,0,1.0
1,6,40,retrieved,1.1.6,-40,46,1.0
3,12030,60,not-retrieved,,,,0.554
2,1557,38,retrieved,2.44.39,1557,0,1.0
3,16751,40,retrieved,3.297.5,16752,-1,1.0
7,5226,35,retrieved,7.128.8,5216,10,0.844
1,388,14,probe-too-short,,,,
1,7200,16,probe-too-short,,,,
9,2254,21,probe-too-short,,,,
9,1230,36,retrieved,9.23.52,1242,-12,1.0
4,1690,28,retrieved,4.54.30,1689,1,1.0
1,6426,13,probe-too-short,,,,
12,11157,19,probe-too-short,,,,
3,8449,40,retrieved,3.92.18,8449,0,1.0
5,904,29,retrieved,5.30.38,904,0,1.0
13,7145,20,probe-too-short,,,,
1,5245,19,probe-too-short,,,,
3,15709,15,probe-too-short,,,,
3,15213,42,retrieved,3.253.6,15212,1,1.0
3,15640,39,retrieved,3.268.2,15639,1,0.882
3,13837,38,retrieved,3.208.35,13852,-15,1.0
1,5947,17,probe-too-short,,,,
3,2726,14,probe-too-short,,,,
6,171,40,retrieved,6.4.14,163,8,1.0
13,4517,20,probe-too-short,,,,
1,968,19,probe-too-short,,,,
3,15604,52,retrieved,3.266.3,15632,-28,1.0
13,6884,20,probe-too-short,,,,
3,1203,19,probe-too-short,,,,
2,2339,22,probe-too-short,,,,
12,1038,29,retrieved,12.29.145,1038,0,1.0
1,7049,37,retrieved,1.188.16,7115,-66,1.0
5,3900,31,retrieved,5.114.4,3848,52,1.0
1,1756,19,probe-too-short,,,,
3,2997,15,probe-too-short,,,,
5,7400,18,probe-too-short,,,,
3,2381,11,probe-too-short,,,,
1,624,57,retrieved,1.2.359,588,36,1.0
3,16068,39,retrieved,3.279.24,16066,2,1.0
2,1529,20,probe-too-short,,,,
7,3792,32,retrieved,7.101.30,3792,0,0.75
12,9431,21,probe-too-short,,,,
3,1256,23,probe-too-short,,,,
12,1186,25,retrieved,12.33.27,1182,4,1.0
4,516,38,retrieved,4.17.15,516,0,1.0
3,15197,19,probe-too-short,,,,
5,5991,21,probe-too-short,,,,
4,701,37,retrieved,4.22.8,701,0,1.0
3,223,40,retrieved,3.4.5,223,0,1.0
12,4180,13,probe-too-short,,,,
3,8223,15,probe-too-short,,,,
4,273,36,retrieved,4.9.30,273,0,1.0
6,1879,15,probe-too-short,,,,
13,354,20,probe-too-short,,,,
1,1386,27,not-retrieved,,,,0.0
2,2187,20,probe-too-short,,,,
1,1038,18,probe-too-short,,,,
7,5872,17,probe-too-short,,,,
6,5723,13,probe-too-short,,,,
12,3680,36,retrieved,12.99.17,3680,0,1.0
1,1035,42,retrieved,1.13.16,1001,34,1.0
3,10988,25,retrieved,3.144.3,11037,-49,1.0
6,4187,18,probe-too-short,,,,
12,5157,36,retrieved,12.139.25,5105,52,0.879
7,3204,38,retrieved,7.90.22,3204,0,1.0
7,1969,37,retrieved,7.50.3,1968,1,0.882
3,2823,19,probe-too-short,,,,
1,5929,12,probe-too-short,,,,
13,1100,30,retrieved,13.16.63,1100,0,1.0
1,3208,18,probe-too-short,,,,
2,1797,17,probe-too-short,,,,
7,962,15,probe-too-short,,,,
5,1882,29,retrieved,5.48.75,1882,0,1.0
7,6179,33,retrieved,7.146.27,6174,5,0.9
2,198,73,retrieved,2.5.64,198,0,0.942
3,16078,29,retrieved,3.279.34,16076,2,0.769
5,3782,36,retrieved,5.109.4,3734,48,1.0
3,1851,13,probe-too-short,,,,
3,15309,13,probe-too-short,,,,
1,1778,34,retrieved,1.43.13,1778,0,0.839
1,7041,15,probe-too-short,,,,
3,13825,16,probe-too-short,,,,
1,6474,19,probe-too-short,,,,
1,4197,17,probe-too-short,,,,
3,10854,36,retrieved,3.140.15,10906,-52,0.933
1,4743,12,probe-too-short,,,,
7,5923,18,probe-too-short,,,,
11,174,40,retrieved,11.7.12,174,0,1.0
6,2569,19,probe-too-short,,,,
3,2453,14,probe-too-short,,,,
12,1454,22,probe-too-short,,,,
3,375,22,probe-too-short,,,,
3,16670,21,probe-too-short,,,,
1,281,74,retrieved,1.2.12,241,40,1.0
3,2204,18,probe-too-short,,,,
13,449,39,retrieved,13.10.16,447,2,1.0
4,1000,32,retrieved,4.31.1,1000,0,1.0
13,7425,29,retrieved,13.159.25,7425,0,0.962
13,5042,57,retrieved,13.104.87,5041,1,0.685
1,1172,19,probe-too-short,,,,
2,2625,20,probe-too-short,,,,
5,314,29,retrieved,5.10.23,314,0,0.84
12,2610,14,probe-too-short,,,,
13,3872,15,probe-too-short,,,,
12,4265,23,probe-too-short,,,,
5,2047,18,probe-too-short,,,,
1,8368,17,probe-too-short,,,,
3,16543,15,probe-too-short,,,,
13,5044,19,probe-too-short,,,,
5,5594,18,probe-too-short,,,,
9,3100,15,probe-too-short,,,,
3,11500,19,probe-too-short,,,,
10,39,16,probe-too-short,,,,
14,485,40,retrieved,14.17.32,486,-1,1.0
12,11987,33,retrieved,12.320.135,11987,0,0.897
6,5203,15,probe-too-short,,,,
8,939,78,retrieved,8.24.26,978,-39,1.0
6,3130,73,retrieved,6.71.12,3136,-6,1.0
3,2375,51,retrieved,3.63.14,2375,0,1.0
4,1462,25,retrieved,4.46.26,1462,0,1.0
3,13654,37,retrieved,3.206.3,13654,0,0.794
7,2059,39,retrieved,7.53.11,2059,0,0.886
12,12895,41,retrieved,12.339.31,12895,0,1.0
12,3376,79,not-retrieved,,,,0.535
7,934,35,retrieved,7.22.15,934,0,1.0
12,2380,54,retrieved,12.63.25,2380,0,1.0
13,252,14,probe-too-short,,,,
9,700,30,not-retrieved,,,,0.577
4,689,18,probe-too-short,,,,
7,5096,29,retrieved,7.126.1,5094,2,1.0
13,706,25,retrieved,13.14.116,707,-1,1.0
2,389,17,probe-too-short,,,,
7,6624,36,retrieved,7.124.31,4991,1633,0.727
12,4901,28,retrieved,12.137.13,4848,53,0.88
12,7515,55,retrieved,12.206.30,7418,97,1.0
3,11604,25,retrieved,3.158.81,11604,0,1.0
9,3314,36,retrieved,9.59.6,3314,0,1.0
6,1882,40,retrieved,6.48.14,1876,6,0.892
1,980,42,retrieved,1.9.17,980,0,1.0
1,7803,38,retrieved,1.214.28,7872,-69,1.0
6,381,80,not-retrieved,,,,0.48
12,5242,32,retrieved,12.139.109,5189,53,0.793
12,3401,21,probe-too-short,,,,
7,3586,36,retrieved,7.97.14,3577,9,1.0
12,4489,38,retrieved,12.122.21,4442,47,1.0
2,161,41,retrieved,2.5.28,162,-1,1.0
13,3084,41,retrieved,13.61.21,3084,0,1.0
12,8130,19,probe-too-short,,,,
12,5895,11,probe-too-short,,,,
13,3024,19,probe-too-short,,,,
1,3062,17,probe-too-short,,,,
1,2920,76,retrieved,1.71.26,2902,18,0.932
1,7863,42,retrieved,1.217.3,7933,-70,1.0
12,4125,21,probe-too-short,,,,
7,1452,15,probe-too-short,,,,
7,5311,20,probe-too-short,,,,
6,4684,19,probe-too-short,,,,
3,15644,39,retrieved,3.268.6,15643,1,0.886
5,7409,34,retrieved,5.189.1,7410,-1,0.903
13,6330,42,retrieved,13.139.43,6330,0,1.0
1,5724,79,retrieved,1.144.10,5773,-49,0.96
13,6792,17,probe-too-short,,,,
5,7477,12,probe-too-short,,,,
12,2115,35,retrieved,12.58.24,2098,17,1.0
1,4997,27,not-retrieved,,,,0.417
3,11110,39,retrieved,3.146.41,11157,-47,1.0
12,2062,42,retrieved,12.57.16,2045,17,0.923
4,250,37,retrieved,4.9.6,249,1,0.971
3,16854,27,retrieved,3.297.108,16855,-1,1.0
12,7010,76,retrieved,12.192.8,6923,87,0.956
13,5315,29,retrieved,13.107.111,5315,0,1.0
3,2081,15,probe-too-short,,,,
1,7258,18,probe-too-short,,,,
1,3651,16,probe-too-short,,,,
7,696,19,probe-too-short,,,,
12,7416,29,retrieved,12.202.23,7319,97,1.0
2,617,65,retrieved,2.14.52,616,1,0.6
12,4417,12,probe-too-short,,,,
3,2835,12,probe-too-short,,,,
3,1830,17,probe-too-short,,,,
13,5518,38,retrieved,13.111.120,5518,0,1.0
5,5445,12,probe-too-short,,,,
3,10394,21,probe-too-short,,,,
3,14366,37,retrieved,3.226.28,14369,-3,1.0
3,14269,18,probe-too-short,,,,
5,2240,14,probe-too-short,,,,
3,14494,77,not-retrieved,,,,0.577
1,937,37,retrieved,1.7.28,938,-1,0.882
13,4249,23,probe-too-short,,,,
3,1721,41,retrieved,3.42.8,1721,0,0.947
2,1322,41,retrieved,2.36.17,1322,0,1.0
3,1859,21,probe-too-short,,,,
2,139,11,probe-too-short,,,,
4,87,41,retrieved,4.4.5,87,0,1.0
14,2217,67,retrieved,14.76.23,2217,0,0.952
7,9153,13,probe-too-short,,,,
8,711,35,retrieved,8.19.1,752,-41,1.0
6,81,38,retrieved,6.3.14,82,-1,1.0
5,4841,30,retrieved,5.143.9,4772,69,1.0
1,2506,16,probe-too-short,,,,
8,4574,16,probe-too-short,,,,
1,7725,18,probe-too-short,,,,
3,14025,18,probe-too-short,,,,
3,15689,25,retrieved,3.269.23,15689,0,1.0
3,2137,18,probe-too-short,,,,
3,15636,39,retrieved,3.267.21,15633,3,1.0
1,6976,20,probe-too-short,,,,
3,13313,24,retrieved,3.198.13,13316,-3,1.0
3,788,22,probe-too-short,,,,
3,12609,21,probe-too-short,,,,
5,2585,20,probe-too-short,,,,
4,522,43,retrieved,4.17.21,522,0,1.0
6,1405,23,probe-too-short,,,,
2,1998,26,retrieved,2.58.7,1998,0,1.0
9,3320,29,retrieved,9.59.12,3320,0,1.0
3,16892,22,probe-too-short,,,,
5,5267,38,retrieved,5.155.25,5188,79,0.882
5,888,12,probe-too-short,,,,
3,2468,22,probe-too-short,,,,
2,1226,21,probe-too-short,,,,
14,1700,19,probe-too-short,,,,
12,9607,39,retrieved,12.268.12,9461,146,1.0
4,913,41,retrieved,4.28.2,914,-1,0.848
1,3060,17,probe-too-short,,,,
1,1153,15,probe-too-short,,,,
1,5581,16,probe-too-short,,,,
1,5938,18,probe-too-short,,,,
1,6487,85,retrieved,1.170.52,6547,-60,1.0
1,7076,15,probe-too-short,,,,
7,429,38,retrieved,7.11.48,429,0,0.914
1,5794,86,retrieved,1.146.28,5844,-50,1.0
9,3195,26,retrieved,9.57.21,3181,14,0.826
1,497,78,retrieved,1.2.222,451,46,0.89
5,7506,21,probe-too-short,,,,
3,2478,11,probe-too-short,,,,
3,3019,11,probe-too-short,,,,
1,3579,58,retrieved,1.89.3,3579,0,1.0
3,2102,19,probe-too-short,,,,
1,5130,35,retrieved,1.130.64,5131,-1,1.0
3,16720,31,retrieved,3.296.7,16720,0,1.0
3,1853,12,probe-too-short,,,,
7,98,15,probe-too-short,,,,
13,25,26,retrieved,13.1.25,25,0,1.0
3,15674,22,probe-too-short,,,,
9,1901,39,retrieved,9.33.14,1909,-8,0.889
3,2732,18,probe-too-short,,,,
5,1270,29,retrieved,5.36.11,1270,0,0.958
1,3206,21,probe-too-short,,,,
4,229,27,retrieved,4.7.17,231,-2,1.0
12,8797,39,retrieved,12.240.30,8677,120,1.0
13,276,22,probe-too-short,,,,
5,1270,18,probe-too-short,,,,
3,2910,31,retrieved,3.74.21,2910,0,0.929
1,5329,21,probe-too-short,,,,
12,1899,32,retrieved,12.53.4,1900,-1,0.852
2,2396,19,probe-too-short,,,,
12,9479,36,retrieved,12.265.13,9334,145,1.0
7,5318,38,retrieved,7.130.8,5320,-2,1.0
5,7033,18,probe-too-short,,,,
13,480,37,retrieved,13.10.49,480,0,1.0
13,7368,37,retrieved,13.158.15,7368,0,1.0
2,2257,35,retrieved,2.68.7,2257,0,1.0
4,461,14,probe-too-short,,,,
7,6942,17,probe-too-short,,,,
12,2814,17,probe-too-short,,,,
7,1879,32,retrieved,7.47.19,1880,-1,0.84
1,5981,20,probe-too-short,,,,
13,2198,11,probe-too-short,,,,
3,8684,24,retrieved,3.99.68,8684,0,0.905
4,496,21,probe-too-short,,,,
3,12257,40,retrieved,3.173.60,12290,-33,1.0
5,4028,20,probe-too-short,,,,
1,7982,47,not-retrieved,,,,0.537
13,2857,27,retrieved,13.54.32,2857,0,1.0
2,23,21,probe-too-short,,,,
2,2585,27,retrieved,2.79.2,2585,0,1.0
6,2659,17,probe-too-short,,,,
12,380,12,probe-too-short,,,,
3,13031,40,retrieved,3.190.23,13031,0,1.0
3,105,45,retrieved,3.2.59,105,0,1.0
13,4259,21,probe-too-short,,,,
1,819,15,probe-too-short,,,,
5,1338,29,retrieved,5.37.5,1338,0,1.0
13,5483,36,retrieved,13.111.85,5483,0,1.0
3,15725,33,retrieved,3.271.10,15726,-1,0.867
3,2583,19,probe-too-short,,,,
1,1170,19,probe-too-short,,,,
3,15658,28,retrieved,3.268.20,15657,1,1.0
5,1608,80,retrieved,5.42.33,1607,1,1.0
3,15729,22,probe-too-short,,,,
3,2838,39,retrieved,3.72.30,2837,1,0.944
3,10026,22,probe-too-short,,,,
3,16622,17,probe-too-short,,,,
3,2677,18,probe-too-short,,,,
1,1728,37,retrieved,1.42.4,1728,0,1.0
1,1958,40,retrieved,1.49.26,1958,0,1.0
12,11881,19,probe-too-short,,,,
3,2511,21,probe-too-short,,,,
3,2184,32,retrieved,3.56.25,2184,0,0.966
3,2582,14,probe-too-short,,,,
13,1900,32,retrieved,13.28.5,1901,-1,1.0
6,5121,39,retrieved,6.110.28,5123,-2,1.0
1,6976,16,probe-too-short,,,,
13,3294,39,retrieved,13.65.6,3294,0,1.0
6,3349,30,not-retrieved,,,,0.481
4,1985,15,probe-too-short,,,,
1,1296,38,retrieved,1.26.1,1261,35,1.0
4,1715,30,retrieved,4.55.18,1714,1,1.0
5,7238,18,probe-too-short,,,,
3,8779,10,probe-too-short,,,,
3,2095,13,probe-too-short,,,,
3,2370,20,probe-too-short,,,,
1,4102,37,retrieved,1.102.28,4105,-3,1.0
3,2997,23,probe-too-short,,,,
5,4715,29,not-retrieved,,,,0.0
3,2310,31,retrieved,3.61.14,2310,0,1.0
7,724,38,retrieved,7.18.3,718,6,1.0
3,10329,39,retrieved,3.122.14,10392,-63,0.889
7,869,21,probe-too-short,,,,
5,5062,34,retrieved,5.149.23,4987,75,0.903
1,5352,12,probe-too-short,,,,
7,6195,14,probe-too-short,,,,
1,1756,36,retrieved,1.42.32,1756,0,0.909
1,2947,34,retrieved,1.72.12,2948,-1,0.867
1,5770,22,probe-too-short,,,,
3,10234,32,retrieved,3.118.21,10298,-64,0.897
15,818,18,probe-too-short,,,,
3,12931,15,probe-too-short,,,,
3,13755,38,retrieved,3.207.55,13755,0,0.914
3,10981,35,retrieved,3.143.19,11030,-49,0.871
7,1339,32,retrieved,7.30.38,1344,-5,0.931
4,52,42,retrieved,4.2.25,52,0,1.0
3,2335,12,probe-too-short,,,,
3,2671,26,retrieved,3.68.17,2670,1,0.87
3,1835,18,probe-too-short,,,,
7,2386,36,retrieved,7.68.10,2386,0,0.931
3,14868,41,retrieved,3.240.20,14868,0,0.974
5,7239,41,retrieved,5.182.22,7217,22,1.0
2,911,42,retrieved,2.23.22,911,0,0.897
1,3391,20,probe-too-short,,,,
1,498,20,probe-too-short,,,,
1,7639,12,probe-too-short,,,,
1,3388,15,probe-too-short,,,,
3,16684,39,retrieved,3.294.27,16684,0,0.889
1,3188,64,retrieved,1.76.6,3189,-1,1.0
3,2901,15,probe-too-short,,,,
1,6429,11,probe-too-short,,,,
3,12015,30,retrieved,3.168.24,12050,-35,1.0
5,5971,32,retrieved,5.174.6,5971,0,1.0
12,4861,35,retrieved,12.135.10,4808,53,0.906
13,4317,24,retrieved,13.90.47,4316,1,1.0
1,4413,26,retrieved,1.112.2,4426,-13,0.826
7,437,40,retrieved,7.12.4,437,0,0.838
3,17186,24,retrieved,3.310.9,17186,0,1.0
5,6006,20,probe-too-short,,,,
5,3582,71,retrieved,5.100.16,3536,46,0.939
1,107,14,probe-too-short,,,,
3,2101,16,probe-too-short,,,,
1,4030,26,retrieved,1.100.65,4031,-1,1.0
3,9903,20,probe-too-short,,,,
4,1326,34,retrieved,4.42.2,1326,0,1.0
3,15590,19,probe-too-short,,,,
5,3801,36,retrieved,5.110.1,3752,49,1.0
4,288,35,retrieved,4.10.9,288,0,1.0
12,12040,41,retrieved,12.320.187,12039,1,1.0
12,3711,35,retrieved,12.100.29,3710,1,1.0
1,15,11,probe-too-short,,,,
1,1182,13,probe-too-short,,,,
1,7845,26,retrieved,1.216.7,7914,-69,1.0
3,2584,25,retrieved,3.65.53,2584,0,1.0
12,3930,38,retrieved,12.106.2,3891,39,1.0
12,7308,38,retrieved,12.199.107,7214,94,1.0
12,7296,42,retrieved,12.199.95,7202,94,0.769
3,14025,19,probe-too-short,,,,
7,7272,38,retrieved,7.162.49,7272,0,0.829
12,7194,12,probe-too-short,,,,
13,1555,13,probe-too-short,,,,
14,512,11,probe-too-short,,,,
12,6934,78,retrieved,12.188.5,6848,86,0.926
3,8732,26,retrieved,3.101.19,8875,-143,1.0
5,4534,23,probe-too-short,,,,
11,794,29,retrieved,11.26.39,794,0,0.731
3,2299,27,retrieved,3.61.3,2299,0,1.0
3,1839,26,retrieved,3.46.23,1840,-1,0.87
3,2737,12,probe-too-short,,,,
3,13927,38,retrieved,3.211.8,13927,0,0.909
3,2602,36,retrieved,3.65.71,2602,0,1.0
2,1434,29,retrieved,2.41.2,1434,0,1.0
1,1860,16,probe-too-short,,,,
3,1740,34,retrieved,3.42.27,1740,0,1.0
13,2042,38,retrieved,13.31.35,2042,0,1.0
14,140,22,probe-too-short,,,,
3,11229,40,retrieved,3.149.6,11274,-45,1.0
1,7622,19,probe-too-short,,,,
1,809,25,retrieved,1.3.147,812,-3,0.864
1,7976,33,retrieved,1.221.14,8057,-81,0.867
3,3065,34,retrieved,3.79.3,3065,0,1.0
1,4539,22,probe-too-short,,,,
3,13928,20,probe-too-short,,,,
2,2258,26,retrieved,2.68.8,2258,0,1.0
10,235,12,probe-too-short,,,,
3,16722,21,probe-too-short,,,,
5,1299,58,retrieved,5.36.40,1299,0,0.926
1,3580,12,probe-too-short,,,,
3,13109,28,retrieved,3.191.3,13109,0,0.958
5,4534,38,retrieved,5.133.41,4469,65,1.0
3,11638,20,probe-too-short,,,,
4,105,40,retrieved,4.4.23,105,0,1.0
3,11231,19,probe-too-short,,,,
7,3077,20,probe-too-short,,,,
4,578,50,retrieved,4.19.22,578,0,0.894
4,1050,40,retrieved,4.32.15,1050,0,1.0
5,6095,31,retrieved,5.177.13,6545,-450,0.893
1,7261,59,retrieved,1.196.10,7328,-67,0.889
6,1668,38,retrieved,6.44.29,1656,12,0.879
1,3850,39,retrieved,1.96.10,3850,0,1.0
4,2106,52,retrieved,4.66.2,2107,-1,1.0
8,4009,18,probe-too-short,,,,
3,12447,38,retrieved,3.179.52,12479,-32,0.886
8,1050,30,retrieved,8.26.14,1087,-37,1.0
13,6426,38,retrieved,13.141.37,6425,1,0.939
3,16282,28,retrieved,3.283.14,16282,0,1.0
1,1718,39,retrieved,1.41.27,1718,0,1.0
7,5406,13,probe-too-short,,,,
3,13608,40,retrieved,3.204.27,13608,0,1.0
1,192,39,retrieved,1.1.194,148,44,1.0
3,785,20,probe-too-short,,,,
13,7711,42,retrieved,13.167.6,7711,0,1.0
3,16821,18,probe-too-short,,,,
7,2762,12,probe-too-short,,,,
14,127,21,probe-too-short,,,,
2,1720,32,retrieved,2.48.19,1720,0,0.759
1,2137,20,probe-too-short,,,,
12,5090,20,probe-too-short,,,,
5,7016,36,retrieved,5.177.34,6566,450,0.879
1,7972,39,not-retrieved,,,,0.556
1,7764,17,probe-too-short,,,,
5,7345,37,retrieved,5.186.18,7345,0,1.0
6,5604,13,probe-too-short,,,,
13,7702,36,retrieved,13.166.14,7702,0,1.0
14,561,18,probe-too-short,,,,
1,284,32,retrieved,1.2.15,244,40,1.0
4,2101,27,retrieved,4.65.15,2101,0,0.792
13,2360,21,probe-too-short,,,,
3,12230,27,retrieved,3.173.33,12263,-33,0.875
5,5836,41,retrieved,5.111.16,3787,2049,1.0
14,118,17,probe-too-short,,,,
13,7731,38,retrieved,13.167.26,7731,0,0.914
3,15462,45,retrieved,3.261.22,15462,0,0.944
3,11347,13,probe-too-short,,,,
1,1143,20,probe-too-short,,,,
7,1268,19,probe-too-short,,,,
13,2320,39,retrieved,13.41.14,2320,0,1.0
16,44,37,retrieved,16.2.12,44,0,1.0
5,1563,77,retrieved,5.40.31,1563,0,1.0
1,5216,42,retrieved,1.132.6,5257,-41,1.0
13,1683,25,retrieved,13.24.8,1682,1,0.864
1,4871,37,retrieved,1.125.6,4871,0,0.735
13,3292,18,probe-too-short,,,,
4,1846,20,probe-too-short,,,,
13,1566,16,probe-too-short,,,,
3,1877,35,retrieved,3.46.62,1879,-2,1.0
13,3025,31,retrieved,13.59.23,3060,-35,1.0
3,15714,29,retrieved,3.270.20,15714,0,1.0
13,5869,75,retrieved,13.123.12,5869,0,0.937
1,4433,81,retrieved,1.113.9,4433,0,1.0
3,13981,14,probe-too-short,,,,
13,3351,35,retrieved,13.66.43,3351,0,0.9
5,7079,62,retrieved,5.178.53,7080,-1,1.0
3,13537,45,retrieved,3.202.23,13537,0,0.905
4,1618,21,probe-too-short,,,,
3,3063,20,probe-too-short,,,,
3,8737,20,probe-too-short,,,,
5,7209,22,probe-too-short,,,,
5,2861,21,probe-too-short,,,,
3,8438,42,retrieved,3.92.7,8438,0,1.0
4,466,37,retrieved,4.16.15,466,0,0.882
12,1927,37,retrieved,12.54.3,1910,17,1.0
1,7280,21,probe-too-short,,,,
3,14839,41,retrieved,3.239.20,14839,0,1.0
1,1298,26,retrieved,1.26.3,1263,35,1.0
11,54,38,retrieved,11.2.9,54,0,1.0
1,4893,41,retrieved,1.125.28,4893,0,1.0
15,5867,13,probe-too-short,,,,
3,15683,14,probe-too-short,,,,
14,517,23,probe-too-short,,,,
1,5540,41,retrieved,1.139.26,5588,-48,1.0
1,4865,37,retrieved,1.124.32,4865,0,0.882
3,2148,11,probe-too-short,,,,
3,1212,16,probe-too-short,,,,
3,344,35,retrieved,3.9.22,345,-1,1.0
2,1601,44,retrieved,2.45.41,1603,-2,1.0
1,7864,38,retrieved,1.217.4,7934,-70,1.0
1,6972,36,retrieved,1.185.28,7037,-65,1.0
8,303,42,not-retrieved,,,,0.0
3,15799,43,retrieved,3.272.23,15800,-1,1.0
1,2210,38,retrieved,1.60.3,2179,31,1.0
1,2210,20,probe-too-short,,,,
3,2285,25,retrieved,3.60.14,2285,0,1.0
13,3239,42,not-retrieved,,,,0.243
5,2956,38,retrieved,5.83.37,2956,0,1.0
7,2160,40,retrieved,7.55.27,2160,0,1.0
1,1244,23,probe-too-short,,,,
3,1072,20,probe-too-short,,,,
13,5915,39,retrieved,13.124.36,5915,0,1.0
1,4520,17,probe-too-short,,,,
3,805,28,retrieved,3.20.29,805,0,0.833
5,447,35,retrieved,5.15.2,449,-2,0.9
1,4977,32,retrieved,1.128.14,4977,0,1.0
12,12053,26,retrieved,12.321.10,12053,0,1.0
5,1463,44,retrieved,5.39.18,1463,0,1.0
7,2199,86,retrieved,7.57.4,2196,3,1.0
3,17167,14,probe-too-short,,,,
4,43,20,probe-too-short,,,,
1,6621,30,retrieved,1.173.38,6683,-62,0.889
1,8172,16,probe-too-short,,,,
12,2147,22,probe-too-short,,,,
14,1979,15,probe-too-short,,,,
1,5464,17,probe-too-short,,,,
5,386,16,probe-too-short,,,,
3,15731,41,retrieved,3.271.16,15732,-1,0.879
15,420,37,retrieved,15.14.11,420,0,1.0
14,270,26,retrieved,14.10.15,270,0,1.0
1,5453,18,probe-too-short,,,,
3,796,30,retrieved,3.20.20,796,0,0.923
8,2704,65,retrieved,8.56.13,2709,-5,1.0
6,1689,38,retrieved,6.45.20,1677,12,1.0
6,3756,57,retrieved,6.85.6,3756,0,0.923
1,1128,31,retrieved,1.18.17,1090,38,0.929
3,583,27,retrieved,3.12.123,583,0,0.875
7,8104,19,probe-too-short,,,,
13,97,83,retrieved,13.2.14,99,-2,0.947
13,3236,19,probe-too-short,,,,
5,1854,27,retrieved,5.48.46,1853,1,1.0
1,150,34,retrieved,1.1.152,106,44,1.0
13,4623,22,probe-too-short,,,,
12,5478,37,retrieved,12.143.20,5424,54,0.879
5,7215,30,retrieved,5.181.15,7215,0,1.0
3,1999,24,retrieved,3.51.33,1999,0,0.81
4,931,12,probe-too-short,,,,
16,3,10,probe-too-short,,,,
1,5963,13,probe-too-short,,,,
1,1443,15,probe-too-short,,,,
14,400,20,probe-too-short,,,,
1,3467,34,retrieved,1.84.2,3447,20,1.0
1,7626,17,probe-too-short,,,,
7,4559,18,probe-too-short,,,,
4,342,24,retrieved,4.13.18,342,0,1.0
7,1217,27,not-retrieved,,,,0.0
1,2817,34,retrieved,1.69.4,2817,0,1.0
1,3294,18,probe-too-short,,,,
6,370,20,probe-too-short,,,,
12,6833,41,retrieved,12.184.13,6749,84,1.0
5,1909,53,retrieved,5.48.102,1909,0,1.0
12,4842,19,probe-too-short,,,,
1,683,26,retrieved,1.3.20,685,-2,1.0
3,1865,17,probe-too-short,,,,
5,1269,26,retrieved,5.36.10,1269,0,1.0
1,6160,17,probe-too-short,,,,
2,2243,31,retrieved,2.67.47,2233,10,1.0
3,2286,38,retrieved,3.60.15,2286,0,0.971
2,2469,17,probe-too-short,,,,
2,2520,22,probe-too-short,,,,
3,2303,42,retrieved,3.61.7,2303,0,1.0
1,749,32,retrieved,1.3.85,750,-1,1.0
1,6109,31,retrieved,1.157.7,6164,-55,1.0
3,2232,19,probe-too-short,,,,
13,1480,13,probe-too-short,,,,
12,3515,19,probe-too-short,,,,
5,7516,17,probe-too-short,,,,
1,3269,15,probe-too-short,,,,
4,1,16,probe-too-short,,,,
13,7382,13,probe-too-short,,,,
5,611,36,retrieved,5.20.9,611,0,1.0
4,265,23,probe-too-short,,,,
1,3736,45,retrieved,1.94.46,3736,0,1.0
3,2014,27,retrieved,3.52.2,2015,-1,1.0
3,8032,18,probe-too-short,,,,
3,12188,45,retrieved,3.172.27,12188,0,0.81
13,2298,19,probe-too-short,,,,
12,2339,22,probe-too-short,,,,
13,205,17,probe-too-short,,,,
12,7046,18,probe-too-short,,,,
1,3537,38,retrieved,1.86.3,3536,1,1.0
9,2023,19,probe-too-short,,,,
3,2653,38,retrieved,3.67.19,2652,1,0.875
14,564,20,probe-too-short,,,,
3,915,16,probe-too-short,,,,
6,466,19,probe-too-short,,,,
3,12063,35,retrieved,3.168.72,12098,-35,0.938
3,921,37,retrieved,3.24.3,921,0,1.0
1,6628,33,retrieved,1.173.45,6690,-62,0.897
5,3424,36,retrieved,5.95.41,3380,44,1.0
12,11809,29,retrieved,12.318.85,11808,1,1.0
13,1672,37,retrieved,13.23.100,1671,1,0.939
3,14752,20,probe-too-short,,,,
13,4484,80,retrieved,13.93.88,4483,1,1.0
1,2110,13,probe-too-short,,,,
7,6865,39,retrieved,7.156.136,6865,0,1.0
4,50,18,probe-too-short,,,,
12,7540,20,probe-too-short,,,,
3,2161,27,retrieved,3.56.2,2161,0,0.833
3,2483,18,probe-too-short,,,,
3,2238,19,probe-too-short,,,,
13,3789,49,retrieved,13.80.5,3789,0,1.0
3,2114,41,retrieved,3.54.11,2114,0,1.0
1,70,40,retrieved,1.1.70,24,46,1.0
4,118,12,probe-too-short,,,,
3,2997,23,probe-too-short,,,,
5,7107,15,probe-too-short,,,,
3,12214,44,retrieved,3.173.18,12248,-34,0.976
5,7181,22,probe-too-short,,,,
1,8169,29,retrieved,1.224.17,8265,-96,1.0
3,2786,34,retrieved,3.71.15,2786,0,0.935
3,15672,16,probe-too-short,,,,
3,17151,37,retrieved,3.308.26,17151,0,0.882
5,2998,42,retrieved,5.84.6,2998,0,1.0
13,3790,27,retrieved,13.80.6,3790,0,0.917
9,2391,49,retrieved,9.42.34,2391,0,0.8
2,1201,37,retrieved,2.32.18,1200,1,0.824
12,6917,24,not-retrieved,,,,0.0
11,43,33,retrieved,11.1.42,43,0,0.862
13,1918,13,probe-too-short,,,,
7,6421,20,probe-too-short,,,,
12,6705,38,retrieved,12.180.16,6623,82,1.0
1,3153,31,retrieved,1.75.29,3154,-1,1.0
4,462,31,retrieved,4.16.11,462,0,1.0
9,2393,33,retrieved,9.42.36,2393,0,1.0
2,2389,19,probe-too-short,,,,
7,4968,36,retrieved,7.123.35,4958,10,1.0
8,1610,27,retrieved,8.34.153,1607,3,1.0
4,2209,39,retrieved,4.68.47,2208,1,1.0
5,7177,26,retrieved,5.180.15,7177,0,0.957
7,966,42,retrieved,7.23.17,960,6,0.897
1,3705,14,probe-too-short,,,,
1,4272,17,probe-too-short,,,,
15,137,35,retrieved,15.3.77,137,0,0.969
15,436,31,retrieved,15.15.9,414,22,1.0
3,16129,22,probe-too-short,,,,
2,718,19,probe-too-short,,,,
2,2064,22,probe-too-short,,,,
9,2400,22,probe-too-short,,,,
12,10318,28,retrieved,12.284.45,10157,161,1.0
13,3888,38,retrieved,13.83.10,3855,33,1.0
6,1919,14,probe-too-short,,,,
3,13305,22,probe-too-short,,,,
9,2358,44,retrieved,9.42.1,2358,0,1.0
8,2379,47,retrieved,8.49.82,2380,-1,1.0
1,3384,40,retrieved,1.81.26,3364,20,1.0
8,1116,36,retrieved,8.27.39,1115,1,1.0
12,12405,43,retrieved,12.328.41,12405,0,0.85
3,11005,37,retrieved,3.144.20,11054,-49,0.882
3,2659,13,probe-too-short,,,,
5,7072,29,retrieved,5.178.46,7073,-1,1.0
5,6009,17,probe-too-short,,,,
3,15603,24,retrieved,3.266.2,15631,-28,1.0
1,5961,42,retrieved,1.152.36,6011,-50,1.0
1,6185,16,probe-too-short,,,,
3,15710,64,retrieved,3.270.16,15710,0,0.932
10,85,46,retrieved,10.2.16,85,0,0.837
1,5984,41,retrieved,1.153.23,6034,-50,1.0
4,2238,19,probe-too-short,,,,
9,259,40,retrieved,9.5.21,258,1,0.892
1,1608,60,retrieved,1.37.21,1609,-1,0.965
12,6635,18,probe-too-short,,,,
1,2936,26,retrieved,1.71.42,2918,18,1.0
1,6934,27,retrieved,1.184.10,6999,-65,1.0
12,13379,23,probe-too-short,,,,
6,97,38,retrieved,6.3.30,98,-1,1.0
1,8431,35,retrieved,1.233.3,8529,-98,1.0
12,12418,17,probe-too-short,,,,
12,13221,49,retrieved,12.342.59,13218,3,0.913
5,1789,11,probe-too-short,,,,
3,1142,17,probe-too-short,,,,
5,852,15,probe-too-short,,,,
12,1613,33,retrieved,12.47.26,1613,0,1.0
2,1590,17,probe-too-short,,,,
3,10650,26,retrieved,3.133.30,10703,-53,1.0
1,5577,31,retrieved,1.140.36,5625,-48,0.893
2,139,38,retrieved,2.5.5,139,0,1.0
13,2582,12,probe-too-short,,,,
3,2267,15,probe-too-short,,,,
3,1069,37,retrieved,3.29.5,1033,36,1.0
1,281,38,retrieved,1.2.12,241,40,1.0
1,4511,20,probe-too-short,,,,
15,326,30,retrieved,15.10.25,326,0,0.778
1,3675,13,probe-too-short,,,,
1,1127,38,retrieved,1.18.16,1089,38,1.0
4,117,40,retrieved,4.4.35,117,0,1.0
9,2569,14,probe-too-short,,,,
1,7056,35,retrieved,1.188.24,7123,-67,1.0
3,14856,17,probe-too-short,,,,
12,10417,17,probe-too-short,,,,
13,697,36,retrieved,13.14.108,699,-2,1.0
3,729,18,probe-too-short,,,,
1,1576,14,probe-too-short,,,,
1,219,15,probe-too-short,,,,
4,99,11,probe-too-short,,,,
5,4683,12,probe-too-short,,,,
3,8355,18,probe-too-short,,,,
12,10944,19,probe-too-short,,,,
9,2655,15,probe-too-short,,,,
1,6030,35,retrieved,1.154.24,6080,-50,1.0
13,1005,13,probe-too-short,,,,
12,5210,84,retrieved,12.139.77,5157,53,0.96
1,6211,40,retrieved,1.160.7,6267,-56,1.0
12,12079,18,probe-too-short,,,,
6,5766,10,probe-too-short,,,,
4,1326,34,retrieved,4.42.2,1326,0,1.0
3,15083,13,probe-too-short,,,,
6,352,15,probe-too-short,,,,
1,3898,19,probe-too-short,,,,
6,352,15,probe-too-short,,,,
3,2172,41,retrieved,3.56.13,2172,0,1.0
1,5641,21,probe-too-short,,,,
2,213,84,retrieved,2.5.79,213,0,0.947
5,2470,13,probe-too-short,,,,
13,4826,15,probe-too-short,,,,
7,1311,20,probe-too-short,,,,
7,6019,54,retrieved,7.143.67,6019,0,1.0
16,38,23,probe-too-short,,,,
3,2381,17,probe-too-short,,,,
6,639,34,retrieved,6.17.4,640,-1,1.0
6,111,39,retrieved,6.3.44,112,-1,1.0
6,5395,36,retrieved,6.116.20,5395,0,1.0
12,9532,64,retrieved,12.266.52,9387,145,1.0
1,4605,12,probe-too-short,,,,
1,5014,54,retrieved,1.128.51,5014,0,0.617
7,5620,39,retrieved,7.137.6,5614,6,1.0
11,166,25,not-retrieved,,,,0.0
4,1934,30,retrieved,4.60.12,1934,0,0.889
3,12348,16,probe-too-short,,,,
4,8,20,probe-too-short,,,,
3,3020,24,not-retrieved,,,,0.0
4,190,31,retrieved,4.6.13,190,0,0.857
3,24,23,probe-too-short,,,,
1,4949,20,probe-too-short,,,,
5,5135,16,probe-too-short,,,,
4,420,62,retrieved,4.14.42,414,6,1.0
3,2310,17,probe-too-short,,,,
1,5975,13,probe-too-short,,,,
4,1867,12,probe-too-short,,,,
3,13333,35,retrieved,3.199.3,13357,-24,0.875
1,7980,12,probe-too-short,,,,
4,1526,21,probe-too-short,,,,
1,2785,71,retrieved,1.67.151,2787,-2,1.0
5,3033,38,retrieved,5.85.12,2994,39,1.0
3,13190,18,probe-too-short,,,,
12,9384,15,probe-too-short,,,,
7,4867,42,retrieved,7.122.4,4864,3,1.0
13,1227,13,probe-too-short,,,,
3,245,30,retrieved,3.5.6,245,0,0.963
3,12876,31,retrieved,3.188.72,12876,0,1.0
8,690,16,probe-too-short,,,,
1,6074,20,probe-too-short,,,,
3,15815,24,retrieved,3.272.38,15815,0,0.952
3,12823,17,probe-too-short,,,,
3,14075,19,probe-too-short,,,,
3,13727,39,retrieved,3.207.26,13726,1,1.0
12,2441,19,probe-too-short,,,,
3,8451,30,retrieved,3.92.20,8451,0,1.0
3,541,23,probe-too-short,,,,
13,1650,74,retrieved,13.23.78,1649,1,0.969
2,1122,19,probe-too-short,,,,
1,110,41,retrieved,1.1.112,66,44,1.0
7,2428,38,retrieved,7.70.2,2426,2,0.912
5,5247,11,probe-too-short,,,,
7,6794,18,probe-too-short,,,,
12,2689,16,probe-too-short,,,,
13,319,35,retrieved,13.6.25,319,0,1.0
3,15461,32,retrieved,3.261.21,15461,0,1.0
3,5027,35,retrieved,3.82.85,5027,0,0.875
1,5979,32,retrieved,1.153.17,6028,-49,1.0
1,7629,39,retrieved,1.209.11,7697,-68,1.0
1,6372,19,probe-too-short,,,,
1,7396,40,retrieved,1.201.1,7463,-67,1.0
3,13305,27,retrieved,3.198.5,13308,-3,1.0
5,812,57,retrieved,5.29.4,812,0,0.926
12,7143,28,retrieved,12.195.15,7053,90,1.0
13,127,11,probe-too-short,,,,
15,213,34,retrieved,15.5.43,212,1,0.871
3,2114,13,probe-too-short,,,,
3,12092,18,probe-too-short,,,,
3,12029,37,retrieved,3.168.38,12064,-35,0.912
12,7883,40,retrieved,12.218.3,7775,108,1.0
14,1240,12,probe-too-short,,,,
5,2446,17,probe-too-short,,,,
12,10500,36,retrieved,12.285.16,10336,164,1.0
12,5741,25,retrieved,12.153.66,5681,60,0.857
8,2514,17,probe-too-short,,,,
1,2922,54,retrieved,1.71.28,2904,18,0.918
5,6040,11,probe-too-short,,,,
2,178,39,retrieved,2.5.44,178,0,1.0
1,8427,25,not-retrieved,,,,0.0
6,632,13,probe-too-short,,,,
7,8590,17,probe-too-short,,,,
1,1187,13,probe-too-short,,,,
8,2326,17,probe-too-short,,,,
12,12084,34,retrieved,12.321.41,12084,0,1.0
13,5334,17,probe-too-short,,,,
1,7096,18,probe-too-short,,,,
1,8033,21,probe-too-short,,,,
11,742,18,probe-too-short,,,,
6,2965,15,probe-too-short,,,,
12,1585,50,retrieved,12.46.33,1585,0,0.844
1,2850,23,probe-too-short,,,,
12,9118,17,probe-too-short,,,,
1,5882,19,probe-too-short,,,,
7,3852,39,retrieved,7.103.10,3852,0,0.912
2,1310,78,retrieved,2.36.4,1309,1,1.0
1,7083,52,retrieved,1.189.23,7150,-67,0.939
3,5032,59,retrieved,3.82.90,5032,0,0.962
1,6040,19,probe-too-short,,,,
1,1660,13,probe-too-short,,,,
5,7407,9,probe-too-short,,,,
1,5962,19,probe-too-short,,,,
4,21,37,retrieved,4.1.22,21,0,0.882
14,1835,41,retrieved,14.61.28,1799,36,1.0
3,14048,39,retrieved,3.215.18,14058,-10,1.0
4,724,20,probe-too-short,,,,
8,4992,37,retrieved,8.96.11,4992,0,1.0
3,16696,32,retrieved,3.295.6,16666,30,0.857
7,2613,19,probe-too-short,,,,
3,3013,22,probe-too-short,,,,
3,2594,67,retrieved,3.65.63,2594,0,0.712
13,354,14,probe-too-short,,,,
1,3584,12,probe-too-short,,,,
1,7192,20,probe-too-short,,,,
3,2244,18,probe-too-short,,,,
1,7070,29,retrieved,1.189.10,7137,-67,1.0
3,13698,18,probe-too-short,,,,
12,3888,15,probe-too-short,,,,
12,3889,21,probe-too-short,,,,
6,5344,19,probe-too-short,,,,
14,530,21,probe-too-short,,,,
3,14792,19,probe-too-short,,,,
12,2658,26,retrieved,12.69.63,2658,0,1.0
3,8420,81,retrieved,3.91.14,8419,1,0.947
1,5090,37,retrieved,1.130.20,5087,3,0.824
3,2103,16,probe-too-short,,,,
1,1434,21,probe-too-short,,,,
13,5120,40,retrieved,13.105.8,5119,1,1.0
3,3026,21,probe-too-short,,,,
1,1128,20,probe-too-short,,,,
4,180,18,probe-too-short,,,,
1,7041,38,retrieved,1.188.8,7107,-66,1.0
5,4889,20,probe-too-short,,,,
7,8989,20,probe-too-short,,,,
4,90,39,retrieved,4.4.8,90,0,1.0
1,1621,43,retrieved,1.37.34,1622,-1,1.0
14,291,19,probe-too-short,,,,
12,850,42,retrieved,12.28.18,849,1,1.0
14,280,24,retrieved,14.10.25,280,0,1.0
5,7472,38,retrieved,5.191.16,7472,0,1.0
13,2267,30,retrieved,13.40.21,2267,0,0.88
1,5316,77,retrieved,1.134.5,5357,-41,1.0
9,2458,34,retrieved,9.44.9,2458,0,1.0
3,2719,29,retrieved,3.69.26,2719,0,0.885
3,2562,36,retrieved,3.65.31,2562,0,1.0
7,6177,21,probe-too-short,,,,
12,2644,40,retrieved,12.69.49,2644,0,1.0
5,4336,13,probe-too-short,,,,
12,8392,11,probe-too-short,,,,
4,318,38,retrieved,4.12.7,318,0,1.0
3,2467,18,probe-too-short,,,,
13,317,30,retrieved,13.6.23,317,0,0.889
1,7623,21,probe-too-short,,,,
12,10477,26,not-retrieved,,,,0.0
3,1299,12,probe-too-short,,,,
5,7470,15,probe-too-short,,,,
12,3411,40,retrieved,12.91.9,3411,0,1.0
12,3967,19,probe-too-short,,,,
12,6604,19,probe-too-short,,,,
12,3571,41,retrieved,12.96.15,3536,35,0.816
3,13987,19,probe-too-short,,,,
4,33,12,probe-too-short,,,,
3,17194,12,probe-too-short,,,,
3,1225,35,retrieved,3.32.24,1225,0,1.0
1,542,20,probe-too-short,,,,
12,8528,39,retrieved,12.232.18,8412,116,1.0
3,1565,39,retrieved,3.39.15,1565,0,1.0
12,11936,37,retrieved,12.320.84,11936,0,0.882
13,1247,11,probe-too-short,,,,
3,16700,23,probe-too-short,,,,
1,7670,15,probe-too-short,,,,
1,64,30,retrieved,1.1.64,18,46,0.957
3,443,58,retrieved,3.11.58,443,0,0.981
5,2028,17,probe-too-short,,,,
5,403,38,retrieved,5.13.3,402,1,1.0
3,16756,17,probe-too-short,,,,
5,707,23,probe-too-short,,,,
4,2095,12,probe-too-short,,,,
5,2975,21,probe-too-short,,,,
7,6645,31,retrieved,7.154.5,6645,0,1.0
9,2000,19,probe-too-short,,,,
1,4029,12,probe-too-short,,,,
1,1257,15,probe-too-short,,,,
3,13233,14,probe-too-short,,,,
12,8983,41,retrieved,12.247.10,8862,121,1.0
5,2051,20,probe-too-short,,,,
3,1767,13,probe-too-short,,,,
1,5977,11,probe-too-short,,,,
3,1247,28,retrieved,3.32.46,1247,0,1.0
12,4091,18,probe-too-short,,,,
12,7990,84,retrieved,12.220.7,7880,110,1.0
1,1319,31,retrieved,1.27.16,1319,0,1.0
13,2614,36,retrieved,13.49.2,2614,0,1.0
1,6188,22,probe-too-short,,,,
1,1876,21,probe-too-short,,,,
3,2166,42,retrieved,3.56.7,2166,0,1.0
7,3421,19,probe-too-short,,,,
3,1893,21,probe-too-short,,,,
12,8543,76,not-retrieved,,,,0.5
9,130,21,probe-too-short,,,,
1,4577,13,probe-too-short,,,,
7,5923,17,probe-too-short,,,,
3,2186,12,probe-too-short,,,,
12,6767,15,probe-too-short,,,,
4,2093,19,probe-too-short,,,,
2,141,21,probe-too-short,,,,
5,2843,32,retrieved,5.79.21,2805,38,1.0
1,998,40,retrieved,1.11.4,998,0,0.892
1,6462,82,retrieved,1.170.27,6522,-60,0.985
13,771,15,probe-too-short,,,,
13,890,13,probe-too-short,,,,
2,2158,39,retrieved,2.65.18,2157,1,0.889
3,17447,14,probe-too-short,,,,
12,3968,18,probe-too-short,,,,
8,1434,28,retrieved,8.33.44,1434,0,0.84
5,4566,24,retrieved,5.134.28,4501,65,1.0
3,358,33,retrieved,3.10.13,359,-1,0.9
3,1413,13,probe-too-short,,,,
1,5905,19,probe-too-short,,,,
3,11063,11,probe-too-short,,,,
5,7217,30,retrieved,5.182.1,7196,21,0.889
1,132,38,retrieved,1.1.135,89,43,1.0
14,443,20,probe-too-short,,,,
5,1582,13,probe-too-short,,,,
6,4050,37,retrieved,6.90.80,4050,0,0.853
1,1139,17,probe-too-short,,,,
8,1841,22,probe-too-short,,,,
6,2423,38,retrieved,6.56.22,2425,-2,0.6
2,1665,40,retrieved,2.47.4,1665,0,1.0
6,3927,20,probe-too-short,,,,
1,5526,15,probe-too-short,,,,
1,6193,37,retrieved,1.159.13,6249,-56,1.0
14,1048,18,probe-too-short,,,,
1,1181,12,probe-too-short,,,,
12,3213,16,probe-too-short,,,,
12,8326,35,retrieved,12.227.114,8212,114,0.875
2,287,11,probe-too-short,,,,
13,4471,15,probe-too-short,,,,
3,16737,18,probe-too-short,,,,
13,1480,37,retrieved,13.19.99,1479,1,0.844
12,6283,40,retrieved,12.168.20,6210,73,1.0
12,1509,10,probe-too-short,,,,
13,4333,21,probe-too-short,,,,
3,11133,20,probe-too-short,,,,
3,14274,20,probe-too-short,,,,
12,13338,24,retrieved,12.343.35,13338,0,1.0
12,9980,20,probe-too-short,,,,
1,3285,38,retrieved,1.78.7,3285,0,1.0
1,7699,32,retrieved,1.211.21,7767,-68,1.0
3,1046,28,retrieved,3.28.18,1046,0,1.0
13,1935,41,retrieved,13.29.23,1936,-1,1.0
5,7471,73,retrieved,5.191.15,7471,0,0.971
1,3270,19,probe-too-short,,,,
3,16959,18,probe-too-short,,,,
12,353,41,retrieved,12.12.22,353,0,1.0
3,17386,41,retrieved,3.313.101,17386,0,1.0
8,1082,43,retrieved,8.27.6,1082,0,1.0
1,1131,18,probe-too-short,,,,
12,6613,20,probe-too-short,,,,
4,231,18,probe-too-short,,,,
13,5242,22,probe-too-short,,,,
13,7249,15,probe-too-short,,,,
7,7634,28,not-retrieved,,,,0.0
1,6963,28,retrieved,1.185.19,7028,-65,0.88
4,261,19,probe-too-short,,,,
1,3618,14,probe-too-short,,,,
5,2782,80,retrieved,5.77.1,2782,0,0.893
7,236,13,probe-too-short,,,,
2,1933,51,retrieved,2.53.26,1933,0,1.0
10,299,16,probe-too-short,,,,
4,550,28,retrieved,4.18.27,549,1,1.0
3,13048,13,probe-too-short,,,,
1,432,28,retrieved,1.2.157,386,46,1.0
14,441,39,retrieved,14.16.34,441,0,1.0
3,2230,17,probe-too-short,,,,
1,3376,33,retrieved,1.81.18,3356,20,1.0
3,2117,16,probe-too-short,,,,
3,2536,18,probe-too-short,,,,
7,1551,19,probe-too-short,,,,
1,7300,12,probe-too-short,,,,
1,7727,20,probe-too-short,,,,
6,1759,18,probe-too-short,,,,
3,2106,19,probe-too-short,,,,
3,2957,14,probe-too-short,,,,
5,7446,13,probe-too-short,,,,
12,13234,29,retrieved,12.342.76,13235,-1,0.846
13,1504,17,probe-too-short,,,,
1,5389,42,retrieved,1.136.11,5430,-41,1.0
12,10800,65,retrieved,12.294.10,10800,0,0.934
8,647,29,retrieved,8.16.38,675,-28,1.0
1,8142,21,probe-too-short,,,,
12,13280,15,probe-too-short,,,,
12,1590,13,probe-too-short,,,,
2,1544,33,retrieved,2.44.26,1544,0,0.9
3,659,16,probe-too-short,,,,
1,573,28,retrieved,1.2.304,533,40,0.88
3,10986,40,retrieved,3.144.1,11035,-49,1.0
13,3544,22,probe-too-short,,,,
13,2192,65,retrieved,13.37.9,2192,0,1.0
1,4424,17,probe-too-short,,,,
3,15607,12,probe-too-short,,,,
13,452,43,retrieved,13.10.20,451,1,1.0
1,2365,40,retrieved,1.63.32,2364,1,1.0
5,5170,13,probe-too-short,,,,
13,237,22,probe-too-short,,,,
8,3146,16,probe-too-short,,,,
3,16852,23,probe-too-short,,,,
1,7692,17,probe-too-short,,,,
1,7141,15,probe-too-short,,,,
5,1382,14,probe-too-short,,,,
5,2798,21,probe-too-short,,,,
8,4210,27,retrieved,8.82.31,4236,-26,1.0
4,591,47,retrieved,4.19.35,591,0,0.907
14,1538,24,retrieved,14.53.3,1538,0,0.857
8,637,21,probe-too-short,,,,
13,3453,12,probe-too-short,,,,
1,8141,12,probe-too-short,,,,
3,15681,13,probe-too-short,,,,
5,7397,54,retrieved,5.188.9,7397,0,0.936
3,2184,14,probe-too-short,,,,
3,12735,28,retrieved,3.186.21,12735,0,1.0
1,4332,38,retrieved,1.108.11,4332,0,0.886
4,314,26,retrieved,4.12.3,314,0,1.0
5,1622,37,retrieved,5.43.2,1622,0,1.0
3,12941,29,retrieved,3.188.136,12940,1,0.885
1,3303,12,probe-too-short,,,,
7,838,49,retrieved,7.20.46,838,0,0.932
12,4545,42,retrieved,12.123.22,4499,46,1.0
3,14505,37,retrieved,3.230.51,14504,1,1.0
12,1556,33,retrieved,12.46.4,1556,0,0.8
2,1996,26,retrieved,2.58.5,1996,0,1.0
4,285,13,probe-too-short,,,,
13,2620,11,probe-too-short,,,,
7,3330,41,retrieved,7.92.70,3329,1,1.0
3,2996,31,retrieved,3.76.41,2996,0,0.964
4,186,22,probe-too-short,,,,
11,301,17,probe-too-short,,,,
7,5081,12,probe-too-short,,,,
7,5540,18,probe-too-short,,,,
1,1597,12,probe-too-short,,,,
12,8699,78,retrieved,12.237.12,8579,120,0.985
1,142,35,retrieved,1.1.144,98,44,1.0
14,984,19,probe-too-short,,,,
14,1404,39,retrieved,14.50.37,1403,1,1.0
7,1124,34,retrieved,7.25.61,1124,0,1.0
1,73,73,retrieved,1.1.73,27,46,1.0
1,5387,39,retrieved,1.136.9,5428,-41,1.0
12,6965,30,retrieved,12.189.16,6879,86,1.0
5,1483,12,probe-too-short,,,,
1,6051,16,probe-too-short,,,,
13,2645,78,retrieved,13.50.5,2645,0,0.944
3,14145,14,probe-too-short,,,,
3,14145,81,retrieved,3.219.16,14145,0,1.0
7,9621,44,retrieved,7.202.129,9620,1,0.897
12,2994,41,retrieved,12.80.12,2994,0,1.0
1,5718,38,retrieved,1.144.4,5767,-49,0.886
4,521,20,probe-too-short,,,,
14,2551,22,probe-too-short,,,,
3,2163,29,retrieved,3.56.4,2163,0,1.0
13,268,24,retrieved,13.5.6,268,0,1.0
13,1640,68,retrieved,13.23.68,1639,1,1.0
6,184,20,probe-too-short,,,,
1,7541,18,probe-too-short,,,,
14,1537,35,retrieved,14.53.2,1537,0,0.9
4,832,31,retrieved,4.24.4,832,0,0.964
12,7824,31,retrieved,12.216.4,7718,106,1.0
3,1371,11,probe-too-short,,,,
5,2491,27,retrieved,5.65.10,2457,34,1.0
2,875,37,retrieved,2.22.22,875,0,1.0
1,3735,38,retrieved,1.94.46,3736,-1,0.771
1,7677,13,probe-too-short,,,,
12,10348,12,probe-too-short,,,,
12,7002,44,retrieved,12.192.1,6916,86,1.0
3,1881,17,probe-too-short,,,,
13,4339,38,retrieved,13.91.14,4339,0,1.0
12,2873,41,retrieved,12.76.5,2873,0,1.0
3,13081,36,retrieved,3.190.73,13081,0,0.879
1,2524,58,retrieved,1.65.16,2524,0,1.0
13,312,75,retrieved,13.6.18,312,0,1.0
13,2666,45,retrieved,13.50.26,2666,0,1.0
1,1483,18,probe-too-short,,,,
12,4386,25,retrieved,12.120.35,4340,46,0.864
12,13522,19,probe-too-short,,,,
7,9014,17,probe-too-short,,,,
3,11127,31,retrieved,3.146.58,11174,-47,0.889
12,6187,15,probe-too-short,,,,
3,16446,25,retrieved,3.46.39,1856,14590,0.864
3,2472,19,probe-too-short,,,,
3,2795,20,probe-too-short,,,,
3,2856,19,probe-too-short,,,,
13,4098,28,retrieved,13.85.81,4096,2,1.0
12,2634,40,retrieved,12.69.39,2634,0,1.0
3,15761,15,probe-too-short,,,,
1,7651,81,retrieved,1.209.33,7719,-68,1.0
1,7716,18,probe-too-short,,,,
12,6689,30,retrieved,12.179.37,6607,82,1.0
3,13068,15,probe-too-short,,,,
3,1296,37,retrieved,3.33.33,1296,0,1.0
2,2341,36,retrieved,2.69.1,2341,0,0.875
5,7164,43,retrieved,5.180.2,7164,0,0.9
7,307,51,retrieved,7.10.2,306,1,0.875
3,1764,30,retrieved,3.43.9,1764,0,1.0
12,6347,51,retrieved,12.170.6,6272,75,0.935
3,1757,30,retrieved,3.43.2,1757,0,0.889
11,501,39,retrieved,11.17.15,501,0,0.861
15,1060,40,retrieved,15.38.4,1059,1,1.0
4,515,39,retrieved,4.17.14,515,0,1.0
1,5589,76,not-retrieved,,,,0.5
6,560,14,probe-too-short,,,,
7,4893,12,probe-too-short,,,,
13,6560,12,probe-too-short,,,,
1,1035,14,probe-too-short,,,,
8,423,37,retrieved,8.11.24,464,-41,1.0
4,1673,24,retrieved,4.54.14,1673,0,1.0
7,4228,28,not-retrieved,,,,0.0
6,160,36,retrieved,6.4.6,155,5,0.758
9,3238,12,probe-too-short,,,,
1,3296,17,probe-too-short,,,,
1,1138,25,retrieved,1.18.27,1100,38,1.0
1,875,42,retrieved,1.5.13,875,0,1.0
12,2680,21,probe-too-short,,,,
12,6535,36,retrieved,12.277.19,9794,-3259,1.0
3,2545,13,probe-too-short,,,,
6,171,40,retrieved,6.4.14,163,8,1.0
2,857,18,probe-too-short,,,,
5,1224,16,probe-too-short,,,,
5,867,53,retrieved,5.30.1,867,0,0.92
3,1774,24,retrieved,3.43.19,1774,0,0.667
3,2664,18,probe-too-short,,,,
1,7652,16,probe-too-short,,,,
3,2284,20,probe-too-short,,,,
2,2236,51,retrieved,2.67.40,2226,10,1.0
7,6741,17,probe-too-short,,,,
1,728,40,retrieved,1.3.63,728,0,1.0
7,6741,17,probe-too-short,,,,
15,40,20,probe-too-short,,,,
15,9,24,retrieved,15.1.9,9,0,1.0
13,5114,31,retrieved,13.105.2,5113,1,1.0
12,3996,8,probe-too-short,,,,
5,692,57,retrieved,5.23.8,692,0,0.907
2,1951,28,retrieved,2.55.7,1951,0,0.92
14,999,19,probe-too-short,,,,
13,2589,11,probe-too-short,,,,
1,5995,31,retrieved,1.153.34,6045,-50,1.0
3,13059,10,probe-too-short,,,,
3,2570,40,retrieved,3.65.39,2570,0,1.0
12,2782,55,retrieved,12.73.8,2758,24,0.958
13,7338,32,retrieved,13.157.13,7338,0,0.897
15,157,41,retrieved,15.4.10,157,0,1.0
3,12765,21,probe-too-short,,,,
3,14529,78,retrieved,3.231.16,14529,0,1.0
3,8718,23,probe-too-short,,,,
3,10380,40,retrieved,3.124.10,10441,-61,1.0
5,5703,43,retrieved,5.164.2,5614,89,0.895
2,1071,13,probe-too-short,,,,
12,474,21,probe-too-short,,,,
3,12121,19,probe-too-short,,,,
3,1018,35,retrieved,3.27.30,1003,15,1.0
3,2540,36,retrieved,3.65.9,2540,0,1.0
12,4207,40,retrieved,12.113.12,4165,42,0.946
6,2519,12,probe-too-short,,,,
1,558,17,probe-too-short,,,,
3,2539,18,probe-too-short,,,,
1,7006,21,probe-too-short,,,,
6,4344,21,probe-too-short,,,,
14,2187,25,retrieved,14.75.13,2187,0,0.955
3,16190,63,retrieved,3.281.26,16190,0,0.61
4,54,13,probe-too-short,,,,
4,301,12,probe-too-short,,,,
2,1858,18,probe-too-short,,,,
3,15647,52,retrieved,3.268.9,15646,1,0.939
3,657,14,probe-too-short,,,,
1,7331,25,retrieved,1.198.3,7397,-66,1.0
2,136,13,probe-too-short,,,,
9,1638,13,probe-too-short,,,,
13,363,17,probe-too-short,,,,
3,2247,32,retrieved,3.58.9,2248,-1,1.0
1,71,12,probe-too-short,,,,
2,893,18,probe-too-short,,,,
5,2572,19,probe-too-short,,,,
3,2481,17,probe-too-short,,,,
4,1780,23,probe-too-short,,,,
9,2202,13,probe-too-short,,,,
5,2042,20,probe-too-short,,,,
2,2236,37,retrieved,2.67.40,2226,10,1.0
1,8260,27,retrieved,1.227.28,8356,-96,1.0
3,16753,39,retrieved,3.297.7,16754,-1,1.0
1,5351,40,retrieved,1.135.5,5392,-41,1.0
1,7719,38,retrieved,1.212.9,7787,-68,1.0
3,1552,20,probe-too-short,,,,
7,1153,18,probe-too-short,,,,
12,6833,20,probe-too-short,,,,
7,2921,26,retrieved,7.82.11,2921,0,0.87
12,9118,18,probe-too-short,,,,
7,1189,72,retrieved,7.26.63,1189,0,1.0
8,2544,50,retrieved,8.52.25,2544,0,0.895
12,9119,26,retrieved,12.254.4,8995,124,1.0
3,12357,27,retrieved,3.177.19,12357,0,1.0
3,12889,30,retrieved,3.188.84,12888,1,1.0
3,10264,38,retrieved,3.120.6,10328,-64,1.0
3,2136,13,probe-too-short,,,,
3,2623,21,probe-too-short,,,,
3,2137,20,probe-too-short,,,,
3,2778,40,retrieved,3.71.8,2779,-1,1.0
5,7026,17,probe-too-short,,,,
3,2304,18,probe-too-short,,,,
1,6128,20,probe-too-short,,,,
12,13626,9,probe-too-short,,,,
1,590,19,probe-too-short,,,,
5,3831,15,probe-too-short,,,,
9,2319,13,probe-too-short,,,,
12,13721,40,retrieved,12.350.9,13727,-6,1.0
3,1752,48,retrieved,3.42.39,1752,0,0.902
4,1275,32,retrieved,4.38.43,1274,1,1.0
5,3143,21,probe-too-short,,,,
3,1296,39,retrieved,3.33.33,1296,0,0.944
3,13022,44,retrieved,3.190.14,13022,0,1.0
5,3792,36,retrieved,5.109.14,3744,48,0.929
1,2437,18,probe-too-short,,,,
3,15146,21,probe-too-short,,,,
12,11524,41,retrieved,12.309.7,11524,0,1.0
12,2538,30,retrieved,12.68.4,2538,0,0.962
3,171,41,retrieved,3.3.41,171,0,1.0
5,1681,41,retrieved,5.43.61,1681,0,0.879
3,15705,27,retrieved,3.270.11,15705,0,1.0
5,2642,41,retrieved,5.72.62,2642,0,0.789
12,5206,15,probe-too-short,,,,
1,1166,24,retrieved,1.19.9,1166,0,1.0
12,4141,19,probe-too-short,,,,
13,3777,11,probe-too-short,,,,
1,1710,20,probe-too-short,,,,
12,12808,16,probe-too-short,,,,
3,16690,36,retrieved,3.294.33,16690,0,1.0
5,2777,11,probe-too-short,,,,
12,4348,16,probe-too-short,,,,
7,148,27,retrieved,7.5.15,149,-1,0.875
3,2316,22,probe-too-short,,,,
3,13480,57,retrieved,3.200.128,13477,3,1.0
7,5766,19,probe-too-short,,,,
12,3293,21,probe-too-short,,,,
5,73,23,probe-too-short,,,,
12,7393,32,retrieved,12.218.13,7785,-392,1.0
3,13342,11,probe-too-short,,,,
8,464,16,probe-too-short,,,,
5,5430,20,probe-too-short,,,,
7,3877,14,probe-too-short,,,,
9,48,19,probe-too-short,,,,
1,6136,37,retrieved,1.157.35,6192,-56,1.0
3,15864,13,probe-too-short,,,,
6,5204,37,retrieved,6.112.7,5208,-4,1.0
4,1453,19,probe-too-short,,,,
2,2568,39,retrieved,2.78.9,2568,0,1.0
3,2675,41,retrieved,3.68.21,2674,1,1.0
2,1802,41,retrieved,2.50.18,1802,0,1.0
12,5909,39,retrieved,12.158.33,5844,65,1.0
2,1814,19,probe-too-short,,,,
4,1242,39,retrieved,4.38.12,1243,-1,1.0
2,948,22,probe-too-short,,,,
3,16862,11,probe-too-short,,,,
3,12170,21,probe-too-short,,,,
1,7055,15,probe-too-short,,,,
12,3069,14,probe-too-short,,,,
7,3626,29,retrieved,7.98.18,3617,9,1.0
3,15686,28,retrieved,3.269.20,15686,0,0.76
12,3585,36,retrieved,12.97.5,3585,0,1.0
4,1952,21,probe-too-short,,,,
6,5033,15,probe-too-short,,,,
3,11511,50,retrieved,3.157.61,11552,-41,0.977
4,774,11,probe-too-short,,,,
8,997,21,probe-too-short,,,,
1,7576,30,retrieved,1.207.32,7642,-66,0.667
1,4102,49,retrieved,1.102.29,4106,-4,0.905
7,1628,40,retrieved,7.38.7,1628,0,1.0
6,3592,28,retrieved,6.92.34,4129,-537,0.76
1,4103,36,retrieved,1.102.30,4107,-4,1.0
6,1747,29,retrieved,6.45.79,1736,11,0.923
3,8665,15,probe-too-short,,,,
14,1675,17,probe-too-short,,,,
1,7935,25,retrieved,1.220.5,8016,-81,1.0
5,4761,22,probe-too-short,,,,
5,7029,29,retrieved,5.178.5,7032,-3,1.0
1,7407,19,probe-too-short,,,,
3,14586,22,probe-too-short,,,,
7,6219,40,retrieved,7.146.66,6213,6,1.0
12,10304,22,probe-too-short,,,,
3,2704,20,probe-too-short,,,,
12,3388,35,retrieved,12.90.26,3354,34,1.0
15,754,39,retrieved,15.28.14,754,0,1.0
3,270,56,retrieved,3.6.9,270,0,0.923
1,6176,13,probe-too-short,,,,
1,7260,11,probe-too-short,,,,
13,2194,18,probe-too-short,,,,
8,4450,22,probe-too-short,,,,
14,608,12,probe-too-short,,,,
3,2505,14,probe-too-short,,,,
12,8214,22,probe-too-short,,,,
3,16602,29,retrieved,3.292.1,16601,1,0.923
15,238,40,retrieved,15.7.4,238,0,1.0
3,2354,15,probe-too-short,,,,
14,1896,41,retrieved,14.64.2,1897,-1,1.0
11,683,18,probe-too-short,,,,
12,11192,40,retrieved,12.301.95,11215,-23,1.0
12,9098,40,retrieved,12.252.11,8975,123,1.0
5,7007,18,probe-too-short,,,,
3,15759,13,probe-too-short,,,,
3,2669,39,retrieved,3.68.15,2668,1,0.886
12,5843,36,retrieved,12.156.3,5779,64,1.0
12,2452,14,probe-too-short,,,,
1,569,38,retrieved,1.2.299,528,41,1.0
3,13903,65,retrieved,3.210.6,13918,-15,1.0
3,13902,21,probe-too-short,,,,
3,13022,24,retrieved,3.190.14,13022,0,1.0
4,395,32,retrieved,4.14.23,395,0,1.0
5,3549,41,retrieved,5.99.3,3503,46,1.0
4,1332,15,probe-too-short,,,,
12,621,36,retrieved,12.21.7,621,0,0.75
2,2025,14,probe-too-short,,,,
2,11974,39,not-retrieved,,,,0.0
1,5014,17,probe-too-short,,,,
8,4417,20,probe-too-short,,,,
12,1296,14,probe-too-short,,,,
1,6227,27,retrieved,1.161.17,6294,-67,0.875
12,2901,30,retrieved,12.77.19,2883,18,0.926
14,832,42,retrieved,14.29.16,832,0,1.0
6,2775,27,retrieved,6.62.62,2777,-2,0.625
1,6164,55,retrieved,1.158.22,6220,-56,0.904
6,2100,19,probe-too-short,,,,
1,2755,24,retrieved,1.67.120,2756,-1,1.0
3,1831,19,probe-too-short,,,,
2,2589,21,probe-too-short,,,,
1,2263,16,probe-too-short,,,,
3,10273,23,probe-too-short,,,,
6,5449,40,retrieved,6.116.78,5453,-4,0.639
13,446,13,probe-too-short,,,,
13,2815,27,retrieved,13.53.60,2814,1,0.875
1,982,39,retrieved,1.9.19,982,0,1.0
1,1217,13,probe-too-short,,,,
2,2298,44,retrieved,2.68.49,2299,-1,1.0
3,2584,18,probe-too-short,,,,
1,3184,16,probe-too-short,,,,
13,3139,38,retrieved,13.62.37,3139,0,1.0
13,7219,17,probe-too-short,,,,
1,6137,14,probe-too-short,,,,
13,3219,65,retrieved,13.63.20,3219,0,0.932
1,7148,12,probe-too-short,,,,
3,15650,26,retrieved,3.268.12,15649,1,1.0
5,809,33,retrieved,5.29.1,809,0,0.889
5,5987,40,retrieved,5.175.12,5987,0,1.0
3,2849,41,retrieved,3.72.41,2848,1,0.973
7,4690,42,retrieved,7.118.7,4690,0,0.944
3,11908,20,probe-too-short,,,,
12,10299,27,retrieved,12.284.26,10138,161,1.0
1,1415,18,probe-too-short,,,,
1,794,39,retrieved,1.3.131,796,-2,1.0
1,6754,15,probe-too-short,,,,
3,2367,29,retrieved,3.63.6,2367,0,1.0
5,7350,39,retrieved,5.186.23,7350,0,1.0
8,3384,27,retrieved,8.68.5,3380,4,0.75
7,1780,22,probe-too-short,,,,
1,6683,23,probe-too-short,,,,
13,3694,28,retrieved,13.76.30,3694,0,0.84
3,591,13,probe-too-short,,,,
3,14480,37,retrieved,3.230.26,14479,1,1.0
1,68,17,probe-too-short,,,,
3,11504,18,probe-too-short,,,,
1,6150,13,probe-too-short,,,,
1,5569,13,probe-too-short,,,,
3,16751,12,probe-too-short,,,,
13,2852,27,retrieved,13.54.27,2852,0,1.0
1,6027,31,retrieved,1.154.21,6077,-50,1.0
3,2274,19,probe-too-short,,,,
3,2949,38,retrieved,3.75.28,2949,0,1.0
13,3124,19,probe-too-short,,,,
3,2735,61,retrieved,3.69.42,2735,0,1.0
3,1166,21,probe-too-short,,,,
3,12780,34,retrieved,3.187.35,12777,3,1.0
5,6078,25,retrieved,5.176.55,6078,0,1.0
3,2561,18,probe-too-short,,,,
6,589,34,retrieved,6.15.2,589,0,1.0
12,4779,16,probe-too-short,,,,
5,7448,34,retrieved,5.190.15,7448,0,0.903
3,10638,15,probe-too-short,,,,
5,1578,12,probe-too-short,,,,
12,9229,12,probe-too-short,,,,
1,2966,53,retrieved,1.73.13,2966,0,0.837
3,2994,20,probe-too-short,,,,
3,1197,39,retrieved,3.31.38,1197,0,1.0
3,16325,28,retrieved,3.284.3,16323,2,0.92
13,1649,51,retrieved,13.23.77,1648,1,0.872
2,414,15,probe-too-short,,,,
4,573,19,probe-too-short,,,,
8,2041,18,probe-too-short,,,,
5,3248,34,retrieved,5.91.13,3206,42,1.0
7,6898,15,probe-too-short,,,,
4,1676,53,retrieved,4.54.17,1676,0,1.0
3,865,41,retrieved,3.22.17,865,0,1.0
2,1928,19,probe-too-short,,,,
3,2406,14,probe-too-short,,,,
13,7318,26,retrieved,13.156.28,7318,0,1.0
3,2568,14,probe-too-short,,,,
3,3031,22,probe-too-short,,,,
1,592,14,probe-too-short,,,,
3,2898,11,probe-too-short,,,,
3,158,14,probe-too-short,,,,
1,6753,39,retrieved,1.177.9,6816,-63,1.0
3,2674,19,probe-too-short,,,,
12,13198,13,probe-too-short,,,,
3,10665,25,retrieved,3.134.15,10718,-53,1.0
1,1131,24,retrieved,1.18.20,1093,38,0.952
5,7170,41,retrieved,5.180.8,7170,0,1.0
3,642,19,probe-too-short,,,,
1,5178,13,probe-too-short,,,,
13,4560,21,probe-too-short,,,,
13,482,31,retrieved,13.10.51,482,0,1.0
3,37,16,probe-too-short,,,,
8,2081,15,probe-too-short,,,,
13,4513,18,probe-too-short,,,,
13,6218,19,probe-too-short,,,,
6,1683,33,not-retrieved,,,,0.0
3,2219,22,probe-too-short,,,,
1,691,43,retrieved,1.3.27,692,-1,1.0
3,14400,40,retrieved,3.228.14,14400,0,1.0
12,1195,42,retrieved,12.33.36,1191,4,1.0
12,12976,19,probe-too-short,,,,
1,3927,20,probe-too-short,,,,
1,3215,38,retrieved,1.76.33,3216,-1,1.0
7,60,25,retrieved,7.2.9,60,0,0.773
6,1887,28,retrieved,6.48.21,1883,4,0.92
2,1936,11,probe-too-short,,,,
13,3038,18,probe-too-short,,,,
3,468,34,retrieved,3.12.8,468,0,1.0
5,2394,17,probe-too-short,,,,
3,14620,12,probe-too-short,,,,
12,6020,25,not-retrieved,,,,0.0
3,1008,17,probe-too-short,,,,
3,72,13,probe-too-short,,,,
1,6577,20,probe-too-short,,,,
12,10583,18,probe-too-short,,,,
13,7592,25,retrieved,13.162.59,7590,2,0.864
1,8156,38,retrieved,1.223.83,8248,-92,1.0
9,633,21,probe-too-short,,,,
10,706,13,probe-too-short,,,,
4,1968,41,retrieved,4.61.18,1967,1,1.0
8,1738,17,probe-too-short,,,,
3,1878,41,retrieved,3.46.63,1880,-2,0.921
2,1658,34,retrieved,2.46.30,1660,-2,0.903
5,7418,27,retrieved,5.189.9,7418,0,0.833
3,1180,19,probe-too-short,,,,
12,7121,18,probe-too-short,,,,
13,3401,11,probe-too-short,,,,
1,506,16,probe-too-short,,,,
4,785,20,probe-too-short,,,,
3,12985,30,retrieved,3.189.36,12985,0,0.64
2,508,22,probe-too-short,,,,
8,4287,26,retrieved,8.84.25,4318,-31,1.0
3,1819,19,probe-too-short,,,,
1,1218,22,probe-too-short,,,,
3,2107,30,retrieved,3.54.4,2107,0,1.0
5,1819,85,retrieved,5.48.11,1818,1,0.973
3,591,13,probe-too-short,,,,
6,5058,20,probe-too-short,,,,
4,1943,40,retrieved,4.60.21,1943,0,1.0
1,6485,48,retrieved,1.170.50,6545,-60,0.977
7,4564,9,probe-too-short,,,,
3,2540,40,retrieved,3.65.9,2540,0,1.0
1,5891,23,probe-too-short,,,,
4,1517,22,probe-too-short,,,,
13,5003,37,retrieved,13.104.49,5003,0,1.0
3,11141,20,probe-too-short,,,,
7,4425,15,probe-too-short,,,,
3,15713,19,probe-too-short,,,,
14,1712,18,probe-too-short,,,,
1,3726,43,retrieved,1.94.36,3726,0,1.0
14,75,25,retrieved,14.4.12,75,0,1.0
7,4378,36,retrieved,7.113.7,4377,1,0.667
1,4277,18,probe-too-short,,,,
13,1501,14,probe-too-short,,,,
3,2206,38,retrieved,3.57.16,2207,-1,1.0
3,2224,23,probe-too-short,,,,
7,2306,18,probe-too-short,,,,
12,4286,16,probe-too-short,,,,
13,3358,19,probe-too-short,,,,
1,5986,25,retrieved,1.153.25,6036,-50,1.0
3,1739,28,retrieved,3.42.26,1739,0,0.84
1,4022,26,retrieved,1.100.57,4023,-1,0.957
10,136,40,retrieved,10.3.32,136,0,1.0
3,11396,16,probe-too-short,,,,
4,1288,10,probe-too-short,,,,
1,3240,25,retrieved,1.76.57,3240,0,1.0
13,3400,39,retrieved,13.68.6,3400,0,1.0
2,686,44,retrieved,2.17.11,687,-1,1.0
6,782,20,probe-too-short,,,,
12,1314,45,retrieved,12.36.22,1314,0,0.905
1,5695,19,probe-too-short,,,,
5,7163,48,retrieved,5.180.1,7163,0,0.844
8,1381,16,probe-too-short,,,,
1,1646,43,retrieved,1.39.6,1615,31,1.0
12,3812,37,retrieved,12.103.19,3812,0,1.0
3,11618,14,probe-too-short,,,,
6,192,56,retrieved,6.5.17,192,0,0.696
3,2147,12,probe-too-short,,,,
3,2626,40,retrieved,3.66.19,2626,0,1.0
3,11342,22,probe-too-short,,,,
13,6416,25,retrieved,13.141.27,6415,1,1.0
3,12027,20,probe-too-short,,,,
3,10665,25,retrieved,3.134.15,10718,-53,1.0
1,5923,18,probe-too-short,,,,
1,531,26,retrieved,1.2.257,486,45,1.0
3,3037,35,retrieved,3.78.8,3037,0,1.0
3,2613,21,probe-too-short,,,,
14,1550,19,probe-too-short,,,,
12,11271,14,probe-too-short,,,,
1,5908,38,retrieved,1.151.27,5957,-49,1.0
1,4708,12,probe-too-short,,,,
5,3141,11,probe-too-short,,,,
13,521,13,probe-too-short,,,,
1,3867,12,probe-too-short,,,,
7,4127,29,retrieved,7.109.31,4127,0,1.0
3,10629,14,probe-too-short,,,,
3,1198,23,probe-too-short,,,,
11,118,41,retrieved,11.4.14,117,1,1.0
13,1945,23,probe-too-short,,,,
5,4876,18,probe-too-short,,,,
14,280,24,retrieved,14.10.25,280,0,1.0
4,169,57,retrieved,4.5.28,169,0,0.944
1,477,40,retrieved,1.2.202,431,46,1.0
1,4124,15,probe-too-short,,,,
13,1084,19,probe-too-short,,,,
2,2433,27,retrieved,2.73.1,2433,0,0.958
1,6095,15,probe-too-short,,,,
14,2174,20,probe-too-short,,,,
1,333,26,retrieved,1.2.63,292,41,1.0
13,2171,16,probe-too-short,,,,
12,9577,20,probe-too-short,,,,
1,2191,43,retrieved,1.58.26,2160,31,0.875
1,6326,34,retrieved,1.165.11,6383,-57,0.931
13,7358,22,probe-too-short,,,,
3,2887,40,retrieved,3.73.34,2885,2,0.892
3,1200,23,probe-too-short,,,,
1,5314,21,probe-too-short,,,,
8,327,18,probe-too-short,,,,
12,10202,64,retrieved,12.282.60,10044,158,1.0
5,5445,23,probe-too-short,,,,
1,5974,19,probe-too-short,,,,
12,10262,19,probe-too-short,,,,
7,1557,41,retrieved,7.36.19,1557,0,0.757
2,125,18,probe-too-short,,,,
1,1883,19,probe-too-short,,,,
4,1131,20,probe-too-short,,,,
13,853,17,probe-too-short,,,,
12,13943,22,probe-too-short,,,,
1,7716,19,probe-too-short,,,,
4,292,24,retrieved,4.10.13,292,0,1.0
12,10422,20,probe-too-short,,,,
14,1295,12,probe-too-short,,,,
3,2824,17,probe-too-short,,,,
1,1153,51,retrieved,1.18.42,1115,38,1.0
1,3270,18,probe-too-short,,,,
3,11875,43,retrieved,3.163.35,11875,0,0.775
1,6190,14,probe-too-short,,,,
14,285,19,probe-too-short,,,,
13,400,19,probe-too-short,,,,
3,15222,19,probe-too-short,,,,
3,14735,32,retrieved,3.235.14,14735,0,1.0
1,2916,41,retrieved,1.71.22,2898,18,1.0
3,2101,38,retrieved,3.53.31,2103,-2,0.906
4,2125,21,probe-too-short,,,,
7,4655,38,retrieved,7.117.8,4644,11,1.0
4,602,30,retrieved,4.19.46,602,0,1.0
12,4008,17,probe-too-short,,,,
7,2334,12,probe-too-short,,,,
1,5212,30,retrieved,1.132.2,5253,-41,1.0
1,1172,43,retrieved,1.19.15,1172,0,0.949
2,1964,13,probe-too-short,,,,
3,14686,17,probe-too-short,,,,
4,1931,23,probe-too-short,,,,
6,3961,19,probe-too-short,,,,
13,4061,17,probe-too-short,,,,
13,6603,25,retrieved,13.143.39,6602,1,0.864
3,16298,19,probe-too-short,,,,
14,2201,35,retrieved,14.76.7,2201,0,0.8
1,6034,20,probe-too-short,,,,
3,12478,41,retrieved,3.180.28,12478,0,1.0
13,5022,23,probe-too-short,,,,
1,4054,30,retrieved,1.100.90,4056,-2,1.0
3,1806,34,retrieved,3.45.7,1807,-1,1.0
1,3207,15,probe-too-short,,,,
1,2544,17,probe-too-short,,,,
3,17126,19,probe-too-short,,,,
12,1196,14,probe-too-short,,,,
3,15681,24,retrieved,3.269.15,15681,0,0.842
1,3231,54,retrieved,1.76.49,3232,-1,1.0
2,2594,18,probe-too-short,,,,
1,3229,28,retrieved,1.76.47,3230,-1,1.0
2,2181,20,probe-too-short,,,,
3,15701,20,probe-too-short,,,,
3,2784,27,retrieved,3.71.14,2785,-1,0.792
12,2339,14,probe-too-short,,,,
2,204,20,probe-too-short,,,,
1,7137,27,retrieved,1.191.7,7205,-68,1.0
14,234,59,retrieved,14.9.16,234,0,0.944
1,6542,37,retrieved,1.171.27,6602,-60,1.0
1,1410,19,probe-too-short,,,,
5,574,14,probe-too-short,,,,
3,3060,25,retrieved,3.78.31,3060,0,0.818
7,4390,42,retrieved,7.113.19,4389,1,1.0
1,7088,16,probe-too-short,,,,
2,249,78,retrieved,2.5.114,248,1,1.0
13,2566,13,probe-too-short,,,,
4,1559,40,retrieved,4.50.6,1560,-1,0.892
3,15677,28,retrieved,3.269.11,15677,0,1.0
13,270,23,probe-too-short,,,,
3,12874,23,probe-too-short,,,,
5,6046,18,probe-too-short,,,,
5,2131,17,probe-too-short,,,,
1,8230,40,retrieved,1.226.20,8326,-96,1.0
7,27,13,probe-too-short,,,,
2,1192,14,probe-too-short,,,,
2,608,26,retrieved,2.14.44,608,0,1.0
1,3022,34,retrieved,1.74.35,3022,0,0.968
12,12097,40,retrieved,12.321.54,12097,0,1.0
13,3646,19,probe-too-short,,,,
7,1010,16,probe-too-short,,,,
1,7654,12,probe-too-short,,,,
1,2821,20,probe-too-short,,,,
3,1126,40,retrieved,3.30.10,1126,0,1.0
4,2186,37,retrieved,4.68.25,2186,0,0.781
3,643,13,probe-too-short,,,,
12,7054,38,retrieved,12.193.22,6964,90,0.714
3,2190,22,probe-too-short,,,,
4,1095,19,probe-too-short,,,,
5,1568,20,probe-too-short,,,,
13,3494,19,probe-too-short,,,,
7,8457,27,retrieved,7.186.1,8457,0,1.0
9,35,14,probe-too-short,,,,
13,1966,16,probe-too-short,,,,
1,73,18,probe-too-short,,,,
3,16644,26,retrieved,3.293.29,16644,0,1.0
6,2346,14,probe-too-short,,,,
2,1916,13,probe-too-short,,,,
3,2957,20,probe-too-short,,,,
3,2267,16,probe-too-short,,,,
3,2330,17,probe-too-short,,,,
3,2428,18,probe-too-short,,,,
3,2777,14,probe-too-short,,,,
3,12129,26,retrieved,3.170.27,12163,-34,1.0
4,438,19,probe-too-short,,,,
8,1500,31,retrieved,8.34.46,1500,0,0.815
3,1825,19,probe-too-short,,,,
3,11699,11,probe-too-short,,,,
1,2743,12,probe-too-short,,,,
1,8249,24,retrieved,1.227.17,8345,-96,1.0
13,268,16,probe-too-short,,,,
1,1396,11,probe-too-short,,,,
3,8773,36,retrieved,3.103.11,9202,-429,1.0
9,1707,37,retrieved,9.30.34,1707,0,1.0
3,2256,18,probe-too-short,,,,
3,13431,83,retrieved,3.200.82,13431,0,1.0
1,6370,24,retrieved,1.167.15,6427,-57,1.0
1,5943,38,retrieved,1.152.18,5993,-50,1.0
3,12711,20,probe-too-short,,,,
13,1716,13,probe-too-short,,,,
3,10996,25,retrieved,3.144.11,11045,-49,0.857
13,2803,34,retrieved,13.53.49,2803,0,1.0
4,238,22,probe-too-short,,,,
1,3060,21,probe-too-short,,,,
2,217,23,probe-too-short,,,,
1,3099,22,probe-too-short,,,,
12,7223,33,retrieved,12.199.25,7132,91,1.0
3,13397,22,probe-too-short,,,,
3,16775,15,probe-too-short,,,,
5,7069,12,probe-too-short,,,,
13,1916,21,probe-too-short,,,,
13,1948,29,retrieved,13.30.9,1948,0,1.0
1,5255,14,probe-too-short,,,,
1,7778,19,probe-too-short,,,,
7,4714,24,retrieved,7.119.13,4703,11,1.0
13,4363,20,probe-too-short,,,,
7,2128,38,retrieved,7.54.54,2126,2,1.0
5,1741,27,retrieved,5.46.3,1743,-2,1.0
13,1853,12,probe-too-short,,,,
3,13330,29,retrieved,3.198.27,13330,0,1.0
1,3655,32,retrieved,1.92.14,3658,-3,0.893
2,205,62,retrieved,2.5.71,205,0,1.0
9,2802,30,retrieved,9.48.41,2802,0,1.0
1,8274,40,retrieved,1.227.43,8371,-97,1.0
3,2246,37,retrieved,3.58.8,2247,-1,0.882
1,307,39,retrieved,1.2.37,266,41,1.0
3,12063,40,retrieved,3.168.72,12098,-35,1.0
1,5579,12,probe-too-short,,,,
1,5980,38,retrieved,1.153.19,6030,-50,0.829
13,1768,16,probe-too-short,,,,
1,5937,24,retrieved,1.152.11,5986,-49,1.0
1,6951,15,probe-too-short,,,,
1,307,45,retrieved,1.2.388,617,-310,0.927
12,2898,32,retrieved,12.77.16,2880,18,1.0
13,4430,42,retrieved,13.93.35,4430,0,1.0
4,540,26,retrieved,4.18.18,540,0,1.0
1,6247,38,retrieved,1.162.7,6304,-57,1.0
3,13345,16,probe-too-short,,,,
5,7148,13,probe-too-short,,,,
4,1018,16,probe-too-short,,,,
4,466,13,probe-too-short,,,,
3,2437,34,retrieved,3.64.37,2437,0,0.968
1,7160,15,probe-too-short,,,,
13,6779,40,retrieved,13.146.33,6769,10,0.865
1,7532,27,retrieved,1.206.15,7599,-67,0.875
3,12868,42,retrieved,3.188.64,12868,0,0.919
3,10841,25,retrieved,3.140.2,10893,-52,0.864
5,283,21,probe-too-short,,,,
1,16,15,probe-too-short,,,,
13,7600,43,retrieved,13.163.9,7604,-4,1.0
13,292,21,probe-too-short,,,,
3,2644,32,retrieved,3.67.11,2644,0,1.0
3,2287,37,retrieved,3.60.16,2287,0,1.0
3,2171,19,probe-too-short,,,,
3,2088,19,probe-too-short,,,,
1,6111,13,probe-too-short,,,,
1,6119,15,probe-too-short,,,,
3,1396,23,probe-too-short,,,,
1,3,16,probe-too-short,,,,
1,4375,54,retrieved,1.110.13,4387,-12,0.922
1,3022,13,probe-too-short,,,,
6,2932,14,probe-too-short,,,,
1,6520,19,probe-too-short,,,,
1,1625,19,probe-too-short,,,,
1,2285,28,retrieved,1.62.3,2285,0,1.0
7,2725,31,retrieved,7.77.20,2728,-3,0.889
6,2515,20,probe-too-short,,,,
1,4430,39,retrieved,1.113.6,4430,0,1.0
3,12772,16,probe-too-short,,,,
3,2743,26,retrieved,3.69.50,2743,0,0.87
13,1120,39,retrieved,13.17.7,1121,-1,1.0
3,2746,18,probe-too-short,,,,
3,2064,13,probe-too-short,,,,
3,16922,19,probe-too-short,,,,
5,1565,19,probe-too-short,,,,
13,1665,26,retrieved,13.23.93,1664,1,0.905
12,4588,14,probe-too-short,,,,
1,4427,19,probe-too-short,,,,
3,15260,19,probe-too-short,,,,
5,6039,58,retrieved,5.176.17,6040,-1,1.0
2,1244,13,probe-too-short,,,,
7,329,37,retrieved,7.10.24,328,1,1.0
15,462,27,retrieved,15.16.21,462,0,0.75
3,4032,18,probe-too-short,,,,
1,384,21,probe-too-short,,,,
1,3754,36,retrieved,1.95.1,3754,0,1.0
13,3856,21,probe-too-short,,,,
4,456,21,probe-too-short,,,,
1,1175,45,retrieved,1.19.18,1175,0,0.975
5,4506,20,probe-too-short,,,,
1,2367,26,retrieved,1.63.34,2366,1,0.87
5,4971,18,probe-too-short,,,,
1,1626,15,probe-too-short,,,,
3,2388,21,probe-too-short,,,,
3,2143,31,retrieved,3.55.9,2144,-1,1.0
12,118,27,retrieved,12.4.11,118,0,1.0
5,3385,41,retrieved,5.95.2,3341,44,0.895
13,7306,20,probe-too-short,,,,
3,2929,47,retrieved,3.75.8,2929,0,0.955
3,2897,59,retrieved,3.74.8,2897,0,0.981
5,5975,11,probe-too-short,,,,
3,2450,18,probe-too-short,,,,
1,5360,27,retrieved,1.135.14,5401,-41,1.0
1,50,36,retrieved,1.1.50,4,46,1.0
1,7067,19,probe-too-short,,,,
13,3670,18,probe-too-short,,,,
1,4150,42,retrieved,1.103.5,4150,0,1.0
12,12969,22,probe-too-short,,,,
5,7213,18,probe-too-short,,,,
7,5621,26,retrieved,7.137.7,5615,6,0.783
2,568,36,retrieved,2.14.4,568,0,0.909
12,8917,81,retrieved,12.245.3,8796,121,0.946
1,6142,39,retrieved,1.157.41,6198,-56,0.889
3,2345,30,retrieved,3.62.13,2345,0,1.0
3,1794,20,probe-too-short,,,,
3,2489,20,probe-too-short,,,,
3,1783,24,retrieved,3.43.28,1783,0,1.0
3,15667,31,retrieved,3.269.1,15667,0,1.0
2,478,38,retrieved,2.11.62,479,-1,1.0
8,1890,27,retrieved,8.41.18,1891,-1,1.0
1,5966,18,probe-too-short,,,,
3,2393,18,probe-too-short,,,,
8,4778,12,probe-too-short,,,,
1,7979,42,retrieved,1.221.17,8060,-81,1.0
2,2121,28,retrieved,2.64.1,2121,0,0.833
3,13306,23,probe-too-short,,,,
5,877,12,probe-too-short,,,,
7,1997,28,retrieved,7.51.16,1997,0,0.96
12,4214,37,retrieved,12.114.5,4172,42,1.0
2,1352,21,probe-too-short,,,,
12,10948,83,retrieved,12.298.7,10948,0,1.0
7,2481,39,retrieved,7.72.5,2480,1,1.0
7,1168,30,retrieved,7.26.41,1167,1,1.0
9,302,14,probe-too-short,,,,
13,2608,39,retrieved,13.48.46,2608,0,1.0
7,8844,23,probe-too-short,,,,
1,4468,13,probe-too-short,,,,
1,1125,17,probe-too-short,,,,
3,12086,16,probe-too-short,,,,
7,5392,21,probe-too-short,,,,
4,1838,15,probe-too-short,,,,
4,515,20,probe-too-short,,,,
12,11951,38,retrieved,12.320.99,11951,0,1.0
4,2319,62,retrieved,4.71.30,2318,1,1.0
6,3879,28,retrieved,6.87.33,3891,-12,1.0
7,1312,20,probe-too-short,,,,
12,11949,41,retrieved,12.320.97,11949,0,1.0
7,8639,19,probe-too-short,,,,
6,3127,21,probe-too-short,,,,
7,9403,41,retrieved,7.201.13,9406,-3,0.816
13,5427,37,retrieved,13.111.30,5428,-1,1.0
7,2597,13,probe-too-short,,,,
12,5360,18,probe-too-short,,,,
3,13164,19,probe-too-short,,,,
5,1589,44,retrieved,5.42.14,1588,1,1.0
1,2036,13,probe-too-short,,,,
4,510,17,probe-too-short,,,,
3,12544,16,probe-too-short,,,,
6,490,28,retrieved,6.12.49,490,0,0.92
13,7612,39,retrieved,13.164.1,7612,0,1.0
5,4620,18,probe-too-short,,,,
3,15690,19,probe-too-short,,,,
14,482,22,probe-too-short,,,,
1,5901,18,probe-too-short,,,,
13,282,20,probe-too-short,,,,
3,17011,15,probe-too-short,,,,
14,573,38,retrieved,14.19.42,573,0,1.0
7,7418,15,probe-too-short,,,,
12,11152,75,not-retrieved,,,,0.514
1,333,13,probe-too-short,,,,
1,1879,45,retrieved,1.47.11,1879,0,1.0
12,5646,40,retrieved,12.152.12,5588,58,1.0
3,3031,17,probe-too-short,,,,
3,14537,11,probe-too-short,,,,
5,5469,15,probe-too-short,,,,
2,2521,12,probe-too-short,,,,
3,12276,19,probe-too-short,,,,
3,11797,23,probe-too-short,,,,
4,117,22,probe-too-short,,,,
3,2076,44,retrieved,3.53.5,2077,-1,0.974
3,2078,30,retrieved,3.53.7,2079,-1,1.0
3,2697,16,probe-too-short,,,,
3,2639,18,probe-too-short,,,,
9,1606,18,probe-too-short,,,,
3,2654,25,retrieved,3.68.1,2654,0,0.864
3,2742,16,probe-too-short,,,,
12,12299,15,probe-too-short,,,,
2,2578,32,retrieved,2.78.19,2578,0,0.862
14,1427,22,probe-too-short,,,,
3,16813,9,probe-too-short,,,,
6,2402,27,retrieved,6.56.1,2404,-2,0.792
2,137,27,retrieved,2.5.3,137,0,1.0
5,7262,30,retrieved,5.183.15,7262,0,1.0
3,12241,26,retrieved,3.173.44,12274,-33,0.739
13,579,19,probe-too-short,,,,
3,13125,22,probe-too-short,,,,
12,4757,39,retrieved,12.130.30,4705,52,1.0
5,1079,29,retrieved,5.33.109,1079,0,1.0
3,2562,36,retrieved,3.65.31,2562,0,1.0
14,1282,32,retrieved,14.46.24,1282,0,1.0
5,1356,25,retrieved,5.37.23,1356,0,1.0
7,3022,19,probe-too-short,,,,
4,8,15,probe-too-short,,,,
3,16680,16,probe-too-short,,,,
3,14706,18,probe-too-short,,,,
3,14707,41,retrieved,3.233.59,14707,0,1.0
7,4209,21,probe-too-short,,,,
5,1619,20,probe-too-short,,,,
13,5525,25,retrieved,13.111.128,5526,-1,1.0
14,1268,12,probe-too-short,,,,
5,5011,19,probe-too-short,,,,
10,732,41,retrieved,10.16.11,733,-1,0.892
1,7527,27,retrieved,1.206.10,7594,-67,0.875
8,4512,60,retrieved,8.88.23,4512,0,1.0
3,16324,27,retrieved,3.284.2,16322,2,1.0
11,328,14,probe-too-short,,,,
7,2672,20,probe-too-short,,,,
3,16324,12,probe-too-short,,,,
1,648,78,retrieved,1.2.385,614,34,0.89
3,99,18,probe-too-short,,,,
13,3061,21,probe-too-short,,,,
3,8598,22,probe-too-short,,,,
3,2758,24,retrieved,3.70.15,2758,0,0.81
3,13445,11,probe-too-short,,,,
12,4734,39,retrieved,12.130.7,4682,52,0.889
6,1886,19,probe-too-short,,,,
5,7080,19,probe-too-short,,,,
12,11860,19,probe-too-short,,,,
2,1126,19,probe-too-short,,,,
3,2849,41,retrieved,3.72.41,2848,1,0.973
3,1735,44,retrieved,3.42.22,1735,0,1.0
12,9291,19,probe-too-short,,,,
6,1959,25,not-retrieved,,,,0.0
3,8370,18,probe-too-short,,,,
15,515,36,retrieved,15.18.21,515,0,0.844
12,6886,34,retrieved,12.186.4,6801,85,0.857
12,3933,30,retrieved,12.106.5,3894,39,0.889
12,9514,13,probe-too-short,,,,
4,1125,40,retrieved,4.33.59,1125,0,0.886
3,11238,41,retrieved,3.149.15,11283,-45,1.0
3,17145,46,retrieved,3.308.20,17145,0,1.0
3,12627,27,retrieved,3.183.70,12626,1,1.0
13,5450,28,retrieved,13.111.52,5450,0,1.0
3,117,34,retrieved,3.2.71,117,0,1.0
12,7755,11,probe-too-short,,,,
1,2884,26,retrieved,1.70.41,2884,0,0.864
1,2990,11,probe-too-short,,,,
1,2863,27,retrieved,1.70.20,2863,0,0.714
12,2522,47,retrieved,12.67.27,2514,8,0.927
1,5684,32,retrieved,1.142.13,5733,-49,1.0
5,1399,27,retrieved,5.38.2,1400,-1,1.0
6,233,32,retrieved,6.6.38,233,0,0.897
12,1992,43,retrieved,12.56.6,1991,1,1.0
1,4695,38,retrieved,1.121.16,4694,1,1.0
13,2424,43,retrieved,13.44.21,2424,0,0.9
1,6727,14,probe-too-short,,,,
3,11073,28,retrieved,3.146.5,11121,-48,0.917
10,733,41,retrieved,10.16.12,734,-1,1.0
3,1260,33,retrieved,3.32.59,1260,0,1.0
12,10520,40,retrieved,12.285.35,10355,165,1.0
1,8035,18,probe-too-short,,,,
1,7022,22,probe-too-short,,,,
12,8694,16,probe-too-short,,,,
11,753,13,probe-too-short,,,,
1,6847,22,probe-too-short,,,,
1,922,25,retrieved,1.7.12,922,0,1.0
5,3078,40,retrieved,5.88.1,3078,0,1.0
13,2538,30,retrieved,13.47.39,2538,0,0.96
1,6363,15,probe-too-short,,,,
7,3502,13,probe-too-short,,,,
1,2967,64,retrieved,1.73.14,2967,0,0.945
1,1466,30,retrieved,1.31.31,1432,34,1.0
1,6133,20,probe-too-short,,,,
3,2095,13,probe-too-short,,,,
8,1031,19,probe-too-short,,,,
12,11875,15,probe-too-short,,,,
9,3412,23,probe-too-short,,,,
3,10967,19,probe-too-short,,,,
12,11181,15,probe-too-short,,,,
2,2376,21,probe-too-short,,,,
3,15965,22,probe-too-short,,,,
3,15536,17,probe-too-short,,,,
12,6652,42,retrieved,12.178.13,6570,82,1.0
14,2777,18,probe-too-short,,,,
8,2098,18,probe-too-short,,,,
1,7256,40,retrieved,1.196.5,7323,-67,1.0
1,6371,38,retrieved,1.167.16,6428,-57,1.0
13,2602,17,probe-too-short,,,,
13,4025,36,retrieved,13.85.11,4026,-1,0.879
4,396,13,probe-too-short,,,,
3,16242,21,probe-too-short,,,,
1,3864,14,probe-too-short,,,,
13,2314,27,retrieved,13.41.8,2314,0,1.0
1,1234,13,probe-too-short,,,,
6,1750,35,retrieved,6.45.81,1738,12,1.0
12,4186,26,retrieved,12.112.13,4145,41,0.739
3,13987,19,probe-too-short,,,,
3,13885,31,retrieved,3.209.44,13900,-15,1.0
13,7271,19,probe-too-short,,,,
3,11421,19,probe-too-short,,,,
3,1825,39,retrieved,3.46.9,1826,-1,1.0
7,5673,28,retrieved,7.138.7,5668,5,0.84
12,11934,83,retrieved,12.320.82,11934,0,0.947
14,2135,31,retrieved,14.73.24,2127,8,0.857
3,729,12,probe-too-short,,,,
14,1789,19,probe-too-short,,,,
8,1369,37,retrieved,8.32.45,1369,0,1.0
8,4414,44,retrieved,8.87.42,4414,0,0.975
1,1168,31,retrieved,1.19.11,1168,0,0.958
2,1054,30,retrieved,2.28.17,1054,0,0.889
4,535,11,probe-too-short,,,,
1,1128,10,probe-too-short,,,,
12,6840,81,retrieved,12.184.20,6756,84,1.0
12,3628,11,probe-too-short,,,,
4,1093,63,retrieved,4.33.27,1093,0,0.923
1,7033,33,retrieved,1.187.29,7099,-66,0.867
1,7034,17,probe-too-short,,,,
1,513,32,retrieved,1.2.238,467,46,0.759
12,9005,41,retrieved,12.53.10,1906,7099,1.0
4,2274,42,retrieved,4.70.14,2273,1,0.889
1,6216,85,retrieved,1.160.12,6272,-56,1.0
3,12633,38,retrieved,3.183.76,12632,1,0.897
1,1383,13,probe-too-short,,,,
13,280,20,probe-too-short,,,,
3,2929,40,retrieved,3.75.9,2930,-1,0.892
3,13874,32,retrieved,3.209.33,13889,-15,1.0
14,2233,26,retrieved,14.77.13,2231,2,0.826
14,945,12,probe-too-short,,,,
7,8538,15,probe-too-short,,,,
3,63,15,probe-too-short,,,,
1,7694,22,probe-too-short,,,,
13,2391,19,probe-too-short,,,,
3,1800,23,probe-too-short,,,,
6,1865,46,retrieved,6.52.5,2128,-263,0.977
6,3886,58,retrieved,6.87.40,3898,-12,0.962
14,1378,15,probe-too-short,,,,
12,6545,57,retrieved,12.175.23,6464,81,1.0
1,1692,44,retrieved,1.41.3,1694,-2,0.854
13,2198,41,retrieved,13.37.15,2198,0,0.939
3,16125,17,probe-too-short,,,,
1,1955,31,retrieved,1.49.23,1955,0,0.852
5,2081,11,probe-too-short,,,,
1,6020,15,probe-too-short,,,,
9,1164,19,probe-too-short,,,,
9,1638,18,probe-too-short,,,,
4,713,20,probe-too-short,,,,
1,1675,32,retrieved,1.40.21,1644,31,0.964
3,14702,18,probe-too-short,,,,
4,914,18,probe-too-short,,,,
5,2058,25,retrieved,5.51.41,2059,-1,1.0
12,8320,38,retrieved,12.227.108,8206,114,0.943
5,770,25,retrieved,5.27.4,770,0,1.0
13,1496,31,retrieved,13.20.12,1501,-5,0.929
2,385,17,probe-too-short,,,,
6,2654,48,retrieved,6.60.4,2654,0,0.956
1,727,26,retrieved,1.3.62,727,0,1.0
1,4225,18,probe-too-short,,,,
6,3142,20,probe-too-short,,,,
4,2074,48,retrieved,4.64.38,2073,1,0.886
3,2552,11,probe-too-short,,,,
1,6331,12,probe-too-short,,,,
2,865,39,retrieved,2.22.12,865,0,0.879
2,828,11,probe-too-short,,,,
1,1,14,probe-too-short,,,,
5,486,43,retrieved,5.16.4,485,1,0.925
1,662,23,probe-too-short,,,,
4,311,20,probe-too-short,,,,
12,4257,21,probe-too-short,,,,
3,12098,76,retrieved,3.169.20,12132,-34,0.926
1,3627,15,probe-too-short,,,,
5,7380,42,retrieved,5.187.11,7380,0,0.737
5,2571,41,retrieved,5.70.13,2572,-1,0.848
3,2981,16,probe-too-short,,,,
8,3449,68,retrieved,8.69.47,3447,2,0.984
3,50,39,retrieved,3.2.4,50,0,1.0
7,6305,19,probe-too-short,,,,
1,255,20,probe-too-short,,,,
1,5184,36,retrieved,1.131.52,5184,0,1.0
12,3982,41,retrieved,12.107.26,3943,39,1.0
3,713,15,probe-too-short,,,,
1,5887,16,probe-too-short,,,,
12,3082,31,retrieved,12.82.27,3053,29,1.0
3,2350,14,probe-too-short,,,,
12,4661,18,probe-too-short,,,,
12,8547,20,probe-too-short,,,,
1,273,13,probe-too-short,,,,
13,1990,24,retrieved,13.30.51,1990,0,1.0
7,5852,19,probe-too-short,,,,
14,2898,22,probe-too-short,,,,
12,9128,28,retrieved,12.254.13,9004,124,0.833
12,2678,36,retrieved,12.69.83,2678,0,1.0
1,1145,15,probe-too-short,,,,
4,936,71,retrieved,4.28.24,936,0,0.954
1,5919,15,probe-too-short,,,,
3,14063,36,retrieved,3.216.1,14072,-9,1.0
5,2757,35,retrieved,5.75.18,2757,0,1.0
4,1953,18,probe-too-short,,,,
5,7219,17,probe-too-short,,,,
4,2095,19,probe-too-short,,,,
1,1710,13,probe-too-short,,,,
3,15591,57,retrieved,3.265.4,15591,0,1.0
6,2674,25,retrieved,6.60.25,2675,-1,1.0
1,9,40,retrieved,1.1.9,-37,46,1.0
1,98,37,retrieved,1.1.98,52,46,1.0
3,1126,18,probe-too-short,,,,
1,6021,12,probe-too-short,,,,
14,1358,32,retrieved,14.49.10,1357,1,1.0
12,13382,41,retrieved,12.344.12,13395,-13,1.0
1,8421,14,probe-too-short,,,,
3,12002,13,probe-too-short,,,,
13,3368,20,probe-too-short,,,,
1,4609,40,retrieved,1.119.19,4609,0,1.0
6,773,12,probe-too-short,,,,
1,5985,16,probe-too-short,,,,
7,6261,14,probe-too-short,,,,
1,2161,37,retrieved,1.35.18,1563,598,1.0
7,6566,16,probe-too-short,,,,
13,3437,22,probe-too-short,,,,
3,16622,19,probe-too-short,,,,
13,7408,37,retrieved,13.159.10,7410,-2,0.882
12,2032,24,retrieved,12.56.47,2032,0,0.81
12,3775,41,retrieved,12.102.23,3775,0,0.861
1,461,21,probe-too-short,,,,
13,2892,45,retrieved,13.55.26,2892,0,0.81
2,937,19,probe-too-short,,,,
3,17019,43,retrieved,3.303.22,17019,0,0.825
1,4895,31,retrieved,1.125.30,4895,0,0.857
3,14571,42,retrieved,3.231.57,14570,1,0.897
7,8224,26,not-retrieved,,,,0.0
2,739,35,retrieved,2.18.11,738,1,0.867
12,5113,35,retrieved,12.138.202,5061,52,0.903
6,5740,36,not-retrieved,,,,0.0
1,5245,38,retrieved,1.132.35,5286,-41,0.886
5,322,19,probe-too-short,,,,
12,2662,14,probe-too-short,,,,
12,6399,42,retrieved,12.171.32,6324,75,0.895
5,303,32,retrieved,5.10.13,304,-1,0.862
1,272,14,probe-too-short,,,,
9,260,20,probe-too-short,,,,
1,6443,22,probe-too-short,,,,
6,54,13,probe-too-short,,,,
6,2630,16,probe-too-short,,,,
1,3118,9,probe-too-short,,,,
13,651,87,retrieved,13.14.61,652,-1,0.952
12,2651,21,probe-too-short,,,,
2,1017,19,probe-too-short,,,,
12,7408,53,retrieved,12.202.15,7311,97,0.92
9,80,30,retrieved,9.2.24,80,0,0.889
3,15642,24,retrieved,3.268.4,15641,1,1.0
3,7066,38,retrieved,3.83.195,6615,451,0.9
7,3027,26,retrieved,7.85.18,3027,0,1.0
3,15649,38,retrieved,3.268.11,15648,1,0.943
3,15439,16,probe-too-short,,,,
4,998,13,probe-too-short,,,,
1,1033,11,probe-too-short,,,,
3,2099,12,probe-too-short,,,,
3,175,38,retrieved,3.3.45,175,0,1.0
3,15787,19,probe-too-short,,,,
3,15834,13,probe-too-short,,,,
3,955,20,probe-too-short,,,,
1,1061,15,probe-too-short,,,,
5,1531,17,probe-too-short,,,,
7,1869,22,probe-too-short,,,,
3,15682,21,probe-too-short,,,,
3,12579,35,retrieved,3.183.23,12579,0,0.966
1,5137,19,probe-too-short,,,,
7,1990,62,retrieved,7.51.9,1990,0,0.946
13,5697,14,probe-too-short,,,,
5,1531,18,probe-too-short,,,,
3,10984,17,probe-too-short,,,,
12,9350,30,retrieved,12.262.10,9211,139,1.0
13,1840,28,retrieved,13.26.82,1840,0,1.0
1,4604,17,probe-too-short,,,,
13,1446,41,retrieved,13.19.66,1446,0,1.0
2,955,26,retrieved,2.24.33,955,0,1.0
3,2254,13,probe-too-short,,,,
14,2614,29,retrieved,14.88.12,2615,-1,0.885
3,2537,16,probe-too-short,,,,
1,28,49,retrieved,1.1.28,-18,46,0.75
5,22,11,probe-too-short,,,,
12,5423,40,retrieved,12.142.3,5369,54,0.892
3,14272,19,probe-too-short,,,,
3,11933,17,probe-too-short,,,,
5,7283,17,probe-too-short,,,,
13,4581,36,retrieved,13.94.35,4581,0,1.0
1,1180,16,probe-too-short,,,,
1,4627,19,probe-too-short,,,,
9,2288,11,probe-too-short,,,,
1,1031,26,retrieved,1.13.13,998,33,1.0
15,933,26,retrieved,15.34.14,933,0,1.0
5,24,29,retrieved,5.1.24,24,0,1.0
3,16629,39,retrieved,3.293.14,16629,0,0.889
11,168,13,probe-too-short,,,,
1,7536,12,probe-too-short,,,,
2,1513,22,probe-too-short,,,,
1,27,21,probe-too-short,,,,
12,1296,14,probe-too-short,,,,
1,51,18,probe-too-short,,,,
15,725,27,retrieved,15.27.11,725,0,1.0
3,11037,18,probe-too-short,,,,
1,431,35,retrieved,1.2.156,385,46,1.0
3,2579,11,probe-too-short,,,,
4,219,29,retrieved,4.7.6,220,-1,1.0
3,2087,28,retrieved,3.53.16,2088,-1,1.0
1,5884,20,probe-too-short,,,,
7,4345,8,probe-too-short,,,,
2,1955,19,probe-too-short,,,,
2,2513,56,retrieved,2.76.24,2513,0,0.962
3,1208,39,retrieved,3.32.7,1208,0,1.0
12,2932,40,retrieved,12.78.16,2932,0,1.0
3,14701,24,retrieved,3.233.53,14701,0,1.0
3,17050,70,retrieved,3.305.4,17050,0,1.0
5,4782,37,retrieved,5.141.28,4714,68,1.0
3,16573,39,retrieved,3.291.43,16573,0,1.0
3,8522,15,probe-too-short,,,,
5,7148,42,retrieved,5.179.25,7148,0,1.0
4,151,29,retrieved,4.5.10,151,0,0.96
14,1882,22,probe-too-short,,,,
2,2109,39,retrieved,2.62.16,2109,0,0.833
13,3274,14,probe-too-short,,,,
3,15640,13,probe-too-short,,,,
1,2316,42,retrieved,1.62.35,2317,-1,1.0
5,4363,39,retrieved,5.129.54,4268,95,1.0
1,2017,15,probe-too-short,,,,
5,7146,14,probe-too-short,,,,
4,122,12,probe-too-short,,,,
12,2549,38,retrieved,12.68.15,2549,0,1.0
3,11455,28,retrieved,3.157.5,11496,-41,0.88
1,4096,17,probe-too-short,,,,
3,8286,13,probe-too-short,,,,
2,912,18,probe-too-short,,,,
12,4760,13,probe-too-short,,,,
12,4898,17,probe-too-short,,,,
1,375,20,probe-too-short,,,,
12,2786,31,retrieved,12.73.12,2762,24,1.0
12,4533,8,probe-too-short,,,,
13,528,11,probe-too-short,,,,
3,10636,57,retrieved,3.133.16,10689,-53,1.0
4,1050,16,probe-too-short,,,,
8,442,14,probe-too-short,,,,
12,13813,15,probe-too-short,,,,
1,3392,35,retrieved,1.81.34,3372,20,1.0
15,585,25,retrieved,15.21.10,562,23,0.818
12,13926,38,retrieved,12.364.2,13930,-4,1.0
3,188,15,probe-too-short,,,,
1,4431,40,retrieved,1.113.7,4431,0,1.0
4,2325,15,probe-too-short,,,,
1,3007,42,retrieved,1.74.20,3007,0,1.0
1,2875,22,probe-too-short,,,,
4,1309,19,probe-too-short,,,,
3,17375,24,retrieved,3.313.90,17375,0,1.0
3,9932,12,probe-too-short,,,,
2,1731,40,retrieved,2.49.7,1731,0,1.0
13,290,33,retrieved,13.5.28,290,0,0.897
3,13266,28,retrieved,3.196.6,13266,0,1.0
3,3053,41,retrieved,3.78.24,3053,0,1.0
3,13976,20,probe-too-short,,,,
4,1002,33,retrieved,4.31.3,1002,0,0.933
2,597,19,probe-too-short,,,,
7,2148,26,retrieved,7.55.15,2148,0,1.0
1,375,13,probe-too-short,,,,
4,400,20,probe-too-short,,,,
13,4316,27,retrieved,13.90.46,4315,1,1.0
13,638,26,retrieved,13.14.49,640,-2,1.0
1,1160,19,probe-too-short,,,,
3,15660,13,probe-too-short,,,,
13,1522,14,probe-too-short,,,,
5,3106,19,probe-too-short,,,,
13,5518,22,probe-too-short,,,,
12,5818,18,probe-too-short,,,,
12,787,43,retrieved,12.26.20,787,0,1.0
1,7416,18,probe-too-short,,,,
2,489,15,probe-too-short,,,,
3,2728,15,probe-too-short,,,,
9,1208,44,retrieved,9.28.22,1521,-313,1.0
3,665,13,probe-too-short,,,,
12,4402,68,retrieved,12.120.51,4356,46,0.985
13,5711,18,probe-too-short,,,,
1,4309,34,retrieved,1.107.5,4308,1,0.903
7,4449,19,probe-too-short,,,,
1,1221,58,retrieved,1.21.17,1221,0,0.942
1,3854,41,retrieved,1.96.14,3854,0,0.921
7,8479,21,probe-too-short,,,,
4,1545,16,probe-too-short,,,,
7,8413,13,probe-too-short,,,,
3,12995,39,retrieved,3.189.45,12994,1,1.0
3,187,10,probe-too-short,,,,
8,2549,38,retrieved,8.52.30,2549,0,1.0
4,1289,16,probe-too-short,,,,
6,5573,18,probe-too-short,,,,
13,3257,36,retrieved,13.64.6,3257,0,1.0
5,2887,22,probe-too-short,,,,
11,804,21,probe-too-short,,,,
12,4345,23,probe-too-short,,,,
12,12192,38,retrieved,12.324.6,12192,0,1.0
4,2276,36,retrieved,4.70.17,2276,0,1.0
14,1225,13,probe-too-short,,,,
12,12920,11,probe-too-short,,,,
12,2764,23,probe-too-short,,,,
13,3434,43,retrieved,13.69.5,3434,0,0.85
13,7567,13,probe-too-short,,,,
12,8612,38,retrieved,12.234.38,8494,118,1.0
11,2165,21,probe-too-short,,,,
3,16455,21,probe-too-short,,,,
3,12106,38,not-retrieved,,,,0.0
3,2218,27,retrieved,3.57.27,2218,0,1.0
10,774,42,retrieved,10.17.15,773,1,1.0
3,12769,14,probe-too-short,,,,
3,3052,17,probe-too-short,,,,
1,1973,27,retrieved,1.50.10,1970,3,0.875
3,1586,16,probe-too-short,,,,
1,6749,41,retrieved,1.177.5,6812,-63,1.0
5,7205,29,retrieved,5.181.5,7205,0,1.0
13,34,11,probe-too-short,,,,
3,2301,23,probe-too-short,,,,
3,8577,19,probe-too-short,,,,
3,452,14,probe-too-short,,,,
4,309,14,probe-too-short,,,,
3,2976,27,retrieved,3.76.26,2981,-5,1.0
7,8852,18,probe-too-short,,,,
13,3171,20,probe-too-short,,,,
13,1687,38,retrieved,13.24.12,1686,1,1.0
3,8461,26,retrieved,3.93.4,8461,0,0.913
1,7134,54,retrieved,1.191.4,7202,-68,0.922
2,856,17,probe-too-short,,,,
5,7445,12,probe-too-short,,,,
4,2317,18,probe-too-short,,,,
12,6804,41,retrieved,12.183.1,6720,84,0.833
8,3167,33,retrieved,8.62.26,3171,-4,0.926
12,9362,38,retrieved,12.262.23,9224,138,1.0
12,3810,40,retrieved,12.103.17,3810,0,1.0
6,4126,19,probe-too-short,,,,
5,3563,25,retrieved,5.99.17,3517,46,0.864
4,1042,40,retrieved,4.32.7,1042,0,1.0
5,2349,38,retrieved,5.59.22,2349,0,1.0
4,1522,18,probe-too-short,,,,
3,13372,19,probe-too-short,,,,
12,7436,79,retrieved,12.203.20,7339,97,1.0
7,5526,78,retrieved,7.134.27,5526,0,0.946
5,3806,38,retrieved,5.110.6,3757,49,0.886
5,2760,20,probe-too-short,,,,
3,2183,20,probe-too-short,,,,
3,2247,17,probe-too-short,,,,
3,2493,14,probe-too-short,,,,
1,7648,12,probe-too-short,,,,
3,1668,19,probe-too-short,,,,
3,2924,20,probe-too-short,,,,
3,10545,14,probe-too-short,,,,
1,1136,17,probe-too-short,,,,
5,5428,15,probe-too-short,,,,
1,7662,34,retrieved,1.210.11,7730,-68,0.933
1,3071,35,retrieved,1.74.84,3071,0,1.0
12,10038,38,retrieved,12.280.14,9884,154,1.0
3,2390,17,probe-too-short,,,,
1,3689,13,probe-too-short,,,,
1,3715,39,retrieved,1.94.26,3716,-1,1.0
7,2172,21,probe-too-short,,,,
14,2625,24,retrieved,14.88.22,2625,0,1.0
5,3770,39,retrieved,5.108.10,3722,48,1.0
4,809,34,retrieved,4.23.17,814,-5,1.0
13,3135,40,retrieved,13.62.84,3186,-51,1.0
1,6623,14,probe-too-short,,,,
1,3719,18,probe-too-short,,,,
14,2196,19,probe-too-short,,,,
9,2458,41,retrieved,9.44.9,2458,0,1.0
3,11388,11,probe-too-short,,,,
3,15371,13,probe-too-short,,,,
3,535,43,retrieved,3.12.75,535,0,1.0
3,16543,34,retrieved,3.291.13,16543,0,0.839
5,5810,19,probe-too-short,,,,
6,2351,28,retrieved,6.54.117,2351,0,1.0
5,4198,19,probe-too-short,,,,
6,4437,13,probe-too-short,,,,
1,3574,54,retrieved,1.88.11,3574,0,0.922
1,5711,24,retrieved,1.143.16,5760,-49,1.0
5,2034,39,retrieved,5.51.17,2035,-1,0.889
12,8277,40,retrieved,12.227.65,8163,114,1.0
8,1984,28,retrieved,8.42.23,1984,0,0.833
3,1350,14,probe-too-short,,,,
3,2687,29,retrieved,3.68.33,2686,1,1.0
16,264,19,probe-too-short,,,,
3,14931,12,probe-too-short,,,,
1,4399,21,probe-too-short,,,,
12,5151,11,probe-too-short,,,,
1,7732,20,probe-too-short,,,,
3,15598,17,probe-too-short,,,,
3,5037,13,probe-too-short,,,,
12,8605,12,probe-too-short,,,,
5,2072,32,retrieved,5.51.55,2073,-1,1.0
3,2179,11,probe-too-short,,,,
4,392,20,probe-too-short,,,,
3,8450,29,retrieved,3.92.19,8450,0,0.808
1,2812,12,probe-too-short,,,,
12,554,18,probe-too-short,,,,
3,16254,40,retrieved,3.282.58,16254,0,0.917
9,854,23,probe-too-short,,,,
14,862,41,retrieved,14.30.24,862,0,1.0
12,2078,57,retrieved,12.57.32,2061,17,0.907
1,4242,41,retrieved,1.105.22,4241,1,1.0
5,54,18,probe-too-short,,,,
3,1200,42,retrieved,3.31.40,1199,1,0.947
3,12685,38,retrieved,3.185.9,12686,-1,1.0
14,755,35,retrieved,14.26.10,755,0,1.0
8,3457,40,retrieved,8.69.55,3455,2,1.0
1,7101,68,retrieved,1.190.17,7168,-67,0.964
3,2075,19,probe-too-short,,,,
1,7719,38,retrieved,1.212.9,7787,-68,1.0
3,167,43,retrieved,3.3.37,167,0,0.892
2,141,14,probe-too-short,,,,
1,513,32,retrieved,1.2.238,467,46,0.759
14,58,34,retrieved,14.3.18,58,0,0.968
12,2328,22,probe-too-short,,,,
8,3810,12,probe-too-short,,,,
3,10663,27,retrieved,3.134.13,10716,-53,1.0
1,7435,50,retrieved,1.202.20,7502,-67,0.913
12,7742,18,probe-too-short,,,,
14,272,25,retrieved,14.10.17,272,0,1.0
1,1370,18,probe-too-short,,,,
1,789,15,probe-too-short,,,,
3,14195,12,probe-too-short,,,,
14,595,18,probe-too-short,,,,
7,1378,18,probe-too-short,,,,
1,4313,41,retrieved,1.107.9,4312,1,1.0
5,808,27,retrieved,5.28.14,807,1,0.957
12,162,18,probe-too-short,,,,
1,4528,22,probe-too-short,,,,
3,2299,38,retrieved,3.61.3,2299,0,1.0
1,6035,17,probe-too-short,,,,
1,1925,13,probe-too-short,,,,
13,5882,13,probe-too-short,,,,
4,671,36,retrieved,4.21.30,670,1,1.0
5,4727,39,retrieved,5.140.2,4659,68,1.0
3,234,11,probe-too-short,,,,
8,4228,23,probe-too-short,,,,
7,3810,20,probe-too-short,,,,
2,2627,15,probe-too-short,,,,
1,3294,18,probe-too-short,,,,
5,746,46,retrieved,5.26.9,746,0,1.0
13,3861,40,retrieved,13.82.11,3861,0,0.865
12,8336,37,retrieved,12.228.4,8221,115,0.906
12,7374,21,probe-too-short,,,,
3,10666,27,retrieved,3.134.16,10719,-53,1.0
1,723,13,probe-too-short,,,,
12,12109,41,retrieved,12.321.66,12109,0,1.0
12,4788,18,probe-too-short,,,,
2,131,12,probe-too-short,,,,
3,11980,20,probe-too-short,,,,
7,9468,15,probe-too-short,,,,
10,296,18,probe-too-short,,,,
1,6029,18,probe-too-short,,,,
12,6244,25,retrieved,12.167.34,6173,71,1.0
12,3438,36,retrieved,12.91.36,3438,0,1.0
13,736,17,probe-too-short,,,,
9,2365,15,probe-too-short,,,,
12,1893,56,retrieved,12.52.32,1879,14,0.882
13,4715,39,retrieved,13.98.39,4715,0,1.0
4,1264,39,retrieved,4.38.34,1265,-1,1.0
18,279,19,probe-too-short,,,,
2,2393,11,probe-too-short,,,,
3,14627,22,probe-too-short,,,,
12,10212,10,probe-too-short,,,,
4,1681,12,probe-too-short,,,,
1,7958,36,retrieved,1.220.28,8039,-81,1.0
1,101,12,probe-too-short,,,,
1,494,11,probe-too-short,,,,
14,2467,25,retrieved,14.83.2,2467,0,0.909
8,80,21,probe-too-short,,,,
3,3015,14,probe-too-short,,,,
3,9938,13,probe-too-short,,,,
3,7036,19,probe-too-short,,,,
1,2491,15,probe-too-short,,,,
13,4816,41,retrieved,13.101.4,4816,0,0.842
8,4231,25,retrieved,8.83.16,4223,8,1.0
3,1663,15,probe-too-short,,,,
2,37,13,probe-too-short,,,,
7,5442,14,probe-too-short,,,,
3,14502,82,retrieved,3.230.49,14502,0,1.0
6,541,18,probe-too-short,,,,
7,1748,41,retrieved,7.42.8,1748,0,0.921
5,3456,14,probe-too-short,,,,
1,1594,30,retrieved,1.37.6,1594,0,0.778
12,350,19,probe-too-short,,,,
10,184,82,retrieved,10.5.9,184,0,1.0
5,2339,14,probe-too-short,,,,
3,1244,41,retrieved,3.32.43,1244,0,0.938
12,7427,16,probe-too-short,,,,
13,1536,42,retrieved,13.22.6,1536,0,0.949
12,11268,15,probe-too-short,,,,
12,11268,15,probe-too-short,,,,
8,2030,36,retrieved,8.44.7,2030,0,0.938
3,15576,13,probe-too-short,,,,
2,903,12,probe-too-short,,,,
1,1804,42,retrieved,1.44.3,1804,0,0.649
12,2698,18,probe-too-short,,,,
1,3251,27,retrieved,1.76.68,3251,0,1.0
6,5698,41,retrieved,6.120.10,5698,0,0.632
3,11495,22,probe-too-short,,,,
6,2857,40,retrieved,6.64.48,2854,3,1.0
5,1526,40,retrieved,5.39.81,1526,0,0.933
1,4695,38,retrieved,1.121.16,4694,1,0.879
14,277,28,retrieved,14.10.22,277,0,0.84
3,11298,19,probe-too-short,,,,
3,13057,14,probe-too-short,,,,
14,498,40,retrieved,14.18.2,498,0,1.0
3,12500,20,probe-too-short,,,,
3,2844,17,probe-too-short,,,,
13,7361,27,retrieved,13.158.8,7361,0,1.0
5,964,53,retrieved,5.32.26,964,0,1.0
3,12978,38,retrieved,3.189.29,12978,0,1.0
4,2089,13,probe-too-short,,,,
12,1916,22,probe-too-short,,,,
5,6007,18,probe-too-short,,,,
5,220,24,retrieved,5.8.48,219,1,0.952
12,1939,27,retrieved,12.54.15,1922,17,1.0
6,137,14,probe-too-short,,,,
12,7050,15,probe-too-short,,,,
3,181,75,retrieved,3.3.51,181,0,0.943
3,2862,13,probe-too-short,,,,
13,7535,39,retrieved,13.162.4,7535,0,0.9
7,445,38,retrieved,7.12.12,445,0,1.0
4,1339,17,probe-too-short,,,,
13,1398,21,probe-too-short,,,,
1,5935,18,probe-too-short,,,,
1,1944,13,probe-too-short,,,,
11,638,16,probe-too-short,,,,
4,884,39,retrieved,4.26.2,884,0,1.0
3,2842,13,probe-too-short,,,,
3,1943,35,retrieved,3.49.12,1943,0,1.0
13,502,21,probe-too-short,,,,
1,7734,38,retrieved,1.212.24,7802,-68,1.0
5,7477,13,probe-too-short,,,,
3,15688,17,probe-too-short,,,,
3,2197,24,retrieved,3.57.7,2198,-1,0.857
2,197,21,probe-too-short,,,,
2,1423,37,retrieved,2.40.6,1426,-3,1.0
12,11074,18,probe-too-short,,,,
12,1632,41,retrieved,12.47.44,1631,1,0.947
2,907,14,probe-too-short,,,,
1,7714,14,probe-too-short,,,,
5,4828,32,retrieved,5.142.16,4759,69,0.931
3,15596,21,probe-too-short,,,,
12,8121,73,retrieved,12.224.34,8011,110,1.0
12,3764,62,retrieved,12.102.12,3764,0,1.0
3,16644,14,probe-too-short,,,,
1,5831,10,probe-too-short,,,,
1,3295,11,probe-too-short,,,,
3,2144,10,probe-too-short,,,,
13,152,12,probe-too-short,,,,
4,12,15,probe-too-short,,,,
2,1165,15,probe-too-short,,,,
9,2236,17,probe-too-short,,,,
3,10071,14,probe-too-short,,,,
3,16786,12,probe-too-short,,,,
3,483,28,retrieved,3.12.24,484,-1,1.0
5,3551,17,probe-too-short,,,,
3,5021,20,probe-too-short,,,,
18,306,15,probe-too-short,,,,
7,2157,14,probe-too-short,,,,
4,70,20,probe-too-short,,,,
1,6524,20,probe-too-short,,,,
3,3024,19,probe-too-short,,,,
2,1238,37,retrieved,2.33.34,1241,-3,0.906
3,10760,26,retrieved,3.136.9,10813,-53,0.957
4,981,19,probe-too-short,,,,
6,3327,16,probe-too-short,,,,
5,7504,22,probe-too-short,,,,
12,11090,67,retrieved,12.300.54,11088,2,0.947
4,984,21,probe-too-short,,,,
8,2037,18,probe-too-short,,,,
5,3939,21,probe-too-short,,,,
8,637,43,retrieved,8.16.28,665,-28,1.0
1,18,20,probe-too-short,,,,
1,5876,28,retrieved,1.150.21,5925,-49,1.0
3,2939,40,retrieved,3.75.18,2939,0,1.0
4,220,59,retrieved,4.7.7,221,-1,0.857
12,4384,21,probe-too-short,,,,
5,2312,82,retrieved,5.58.18,2284,28,1.0
7,3383,17,probe-too-short,,,,
1,3410,38,retrieved,1.82.14,3410,0,1.0
3,3094,18,probe-too-short,,,,
4,329,16,probe-too-short,,,,
3,11495,38,retrieved,3.157.45,11536,-41,0.971
2,255,68,retrieved,2.5.120,254,1,0.778
12,9671,16,probe-too-short,,,,
1,2833,20,probe-too-short,,,,
12,4400,45,retrieved,12.120.49,4354,46,0.905
7,2274,40,retrieved,7.62.3,2274,0,1.0
3,16990,37,retrieved,3.302.14,16990,0,1.0
6,2840,10,probe-too-short,,,,
12,13220,19,probe-too-short,,,,
10,193,37,retrieved,10.5.18,193,0,0.882
14,1578,22,probe-too-short,,,,
6,2008,37,retrieved,6.49.23,2005,3,1.0
3,16312,54,retrieved,3.283.44,16312,0,1.0
1,1104,13,probe-too-short,,,,
13,7337,19,probe-too-short,,,,
1,1218,18,probe-too-short,,,,
3,1949,15,probe-too-short,,,,
7,7297,106,retrieved,7.163.18,7310,-13,1.0
2,390,21,probe-too-short,,,,
2,159,15,probe-too-short,,,,
3,13432,43,retrieved,3.200.83,13432,0,0.9
14,462,17,probe-too-short,,,,
12,13733,51,retrieved,12.350.21,13739,-6,0.979
13,6549,20,probe-too-short,,,,
12,13148,11,probe-too-short,,,,
4,256,14,probe-too-short,,,,
2,143,15,probe-too-short,,,,
4,1010,11,probe-too-short,,,,
3,16281,18,probe-too-short,,,,
7,1200,30,retrieved,7.27.6,1200,0,1.0
1,4695,18,probe-too-short,,,,
9,2097,13,probe-too-short,,,,
14,1178,17,probe-too-short,,,,
12,11864,40,retrieved,12.320.13,11865,-1,1.0
3,14164,26,retrieved,3.220.9,14164,0,1.0
2,2449,26,retrieved,2.73.16,2448,1,1.0
12,1056,22,probe-too-short,,,,
12,9134,17,probe-too-short,,,,
1,4195,38,retrieved,1.104.26,4195,0,1.0
14,1550,40,retrieved,14.53.15,1550,0,1.0
1,7727,11,probe-too-short,,,,
15,893,14,probe-too-short,,,,
12,7002,31,retrieved,12.192.1,6916,86,1.0
4,810,34,retrieved,4.23.18,815,-5,1.0
1,134,24,retrieved,1.1.136,90,44,1.0
9,966,15,probe-too-short,,,,
4,1971,41,retrieved,4.61.20,1969,2,1.0
12,449,62,retrieved,12.15.26,449,0,0.828
9,1659,14,probe-too-short,,,,
7,4568,43,retrieved,7.115.29,4568,0,1.0
3,8803,27,retrieved,3.104.23,9375,-572,0.667
1,8070,19,probe-too-short,,,,
14,2622,40,retrieved,14.88.20,2623,-1,0.811
1,2987,16,probe-too-short,,,,
8,4138,38,retrieved,8.81.16,4138,0,1.0
5,4844,19,probe-too-short,,,,
1,712,25,retrieved,1.3.48,713,-1,0.682
3,1205,67,retrieved,3.32.4,1205,0,1.0
6,67,37,retrieved,6.2.33,68,-1,0.941
1,2378,23,probe-too-short,,,,
5,278,23,probe-too-short,,,,
3,12091,41,retrieved,3.169.13,12125,-34,1.0
7,731,14,probe-too-short,,,,
3,827,20,probe-too-short,,,,
3,10387,19,probe-too-short,,,,
7,3878,24,not-retrieved,,,,0.0
5,7157,37,retrieved,5.179.34,7157,0,1.0
16,100,27,retrieved,16.3.44,100,0,1.0
5,7159,21,probe-too-short,,,,
9,1680,20,probe-too-short,,,,
13,2304,19,probe-too-short,,,,
5,3182,41,retrieved,5.90.54,3182,0,0.895
1,554,12,probe-too-short,,,,
7,9578,17,probe-too-short,,,,
5,670,17,probe-too-short,,,,
13,4896,27,retrieved,13.102.54,4896,0,0.833
7,2350,23,probe-too-short,,,,
7,1568,32,retrieved,7.36.30,1568,0,0.793
8,1214,28,retrieved,8.30.10,1247,-33,0.88
3,15142,14,probe-too-short,,,,
4,1050,14,probe-too-short,,,,
6,577,26,retrieved,6.14.70,577,0,0.783
1,51,43,retrieved,1.1.51,5,46,1.0
3,12762,35,retrieved,3.187.17,12759,3,1.0
2,1774,12,probe-too-short,,,,
6,4600,23,probe-too-short,,,,
3,1819,12,probe-too-short,,,,
1,2863,13,probe-too-short,,,,
5,1558,59,retrieved,5.40.26,1558,0,1.0
5,3448,36,retrieved,5.96.1,3403,45,1.0
1,6,42,retrieved,1.1.6,-40,46,1.0
3,12000,22,probe-too-short,,,,
13,6501,14,probe-too-short,,,,
1,6744,28,retrieved,1.176.49,6807,-63,0.96
2,2517,42,retrieved,2.77.4,2517,0,1.0
1,6749,23,probe-too-short,,,,
12,1612,50,retrieved,12.47.24,1611,1,1.0
3,2613,21,probe-too-short,,,,
5,472,37,retrieved,5.15.25,472,0,0.882
1,5961,16,probe-too-short,,,,
1,5278,23,probe-too-short,,,,
3,2073,20,probe-too-short,,,,
3,1138,13,probe-too-short,,,,
3,1946,37,retrieved,3.49.15,1946,0,1.0
2,1214,23,probe-too-short,,,,
5,5006,15,probe-too-short,,,,
5,901,46,retrieved,5.30.35,901,0,1.0
1,62,12,probe-too-short,,,,
1,2576,36,retrieved,1.66.12,2576,0,0.935
3,14652,39,retrieved,3.233.4,14652,0,1.0
5,7193,19,probe-too-short,,,,
1,2867,46,retrieved,1.70.24,2867,0,0.93
3,1105,45,retrieved,3.29.41,1069,36,0.929
13,835,31,retrieved,13.14.243,834,1,0.893
3,12198,69,retrieved,3.173.2,12232,-34,0.887
15,188,19,probe-too-short,,,,
2,199,61,retrieved,2.5.65,199,0,1.0
6,2867,16,probe-too-short,,,,
3,15621,16,probe-too-short,,,,
12,4475,21,probe-too-short,,,,
12,3316,39,retrieved,12.88.15,3316,0,1.0
1,78,38,retrieved,1.1.78,32,46,1.0
1,5080,17,probe-too-short,,,,
1,4826,15,probe-too-short,,,,
13,1845,57,retrieved,13.26.87,1845,0,1.0
3,1751,14,probe-too-short,,,,
13,272,21,probe-too-short,,,,
13,2715,21,probe-too-short,,,,
13,942,28,retrieved,13.14.349,940,2,0.88
13,4893,12,probe-too-short,,,,
12,4444,14,probe-too-short,,,,
1,4365,42,retrieved,1.110.3,4377,-12,0.737
1,3677,15,probe-too-short,,,,
3,15650,13,probe-too-short,,,,
3,15734,17,probe-too-short,,,,
3,11977,14,probe-too-short,,,,
4,192,14,probe-too-short,,,,
13,713,11,probe-too-short,,,,
12,6941,12,probe-too-short,,,,
4,280,13,probe-too-short,,,,
3,8481,12,probe-too-short,,,,
1,7663,11,probe-too-short,,,,
3,2823,11,probe-too-short,,,,
1,7722,17,probe-too-short,,,,
7,1282,40,retrieved,7.29.29,1284,-2,0.892
3,14940,44,retrieved,3.243.6,14940,0,0.902
13,192,39,retrieved,13.3.12,192,0,0.889
3,2547,19,probe-too-short,,,,
1,3232,27,retrieved,1.76.50,3233,-1,1.0
13,1660,21,probe-too-short,,,,
14,1362,38,retrieved,14.49.14,1361,1,0.857
3,8851,19,probe-too-short,,,,
1,1118,13,probe-too-short,,,,
1,6118,27,retrieved,1.157.16,6173,-55,0.875
3,2635,19,probe-too-short,,,,
1,7718,17,probe-too-short,,,,
3,12605,15,probe-too-short,,,,
3,11671,19,probe-too-short,,,,
13,2337,19,probe-too-short,,,,
12,278,44,retrieved,12.9.36,278,0,1.0
1,2811,21,probe-too-short,,,,
8,285,20,probe-too-short,,,,
14,561,19,probe-too-short,,,,
2,788,13,probe-too-short,,,,
3,1821,22,probe-too-short,,,,
3,2727,9,probe-too-short,,,,
5,7429,19,probe-too-short,,,,
13,1976,20,probe-too-short,,,,
3,2889,15,probe-too-short,,,,
1,3709,41,retrieved,1.94.19,3709,0,1.0
6,135,38,retrieved,6.3.67,135,0,1.0
14,612,41,retrieved,14.20.14,612,0,1.0
1,6190,44,retrieved,1.159.10,6246,-56,0.925
13,287,16,probe-too-short,,,,
4,697,8,probe-too-short,,,,
5,6049,13,probe-too-short,,,,
5,2302,29,retrieved,5.58.8,2274,28,0.885
1,4778,24,retrieved,1.123.21,4777,1,1.0
1,8260,17,probe-too-short,,,,
1,2053,36,retrieved,1.53.13,2053,0,0.781
13,3311,28,retrieved,13.66.3,3311,0,0.72
12,7620,38,retrieved,12.209.17,7522,98,1.0
3,1763,22,probe-too-short,,,,
12,6244,29,retrieved,12.167.34,6173,71,0.731
6,27,16,probe-too-short,,,,
14,1487,21,probe-too-short,,,,
1,1524,21,probe-too-short,,,,
4,110,45,retrieved,4.4.28,110,0,1.0
3,1858,35,retrieved,3.46.42,1859,-1,0.906
1,6845,12,probe-too-short,,,,
12,10168,38,retrieved,12.282.26,10010,158,1.0
5,3927,35,retrieved,5.115.11,3875,52,1.0
5,3429,40,retrieved,5.95.46,3385,44,1.0
12,3672,20,probe-too-short,,,,
14,565,42,retrieved,14.19.34,565,0,0.921
12,2431,11,probe-too-short,,,,
1,5116,80,not-retrieved,,,,0.521
3,2201,42,retrieved,3.57.11,2202,-1,1.0
2,1970,12,probe-too-short,,,,
5,7140,11,probe-too-short,,,,
5,7071,53,retrieved,5.178.45,7072,-1,0.66
1,6139,42,retrieved,1.157.38,6195,-56,1.0
3,10581,36,retrieved,3.131.20,10636,-55,1.0
5,7318,21,probe-too-short,,,,
2,1965,44,retrieved,2.55.21,1965,0,1.0
1,3008,22,probe-too-short,,,,
8,637,43,retrieved,8.16.28,665,-28,1.0
12,1470,43,retrieved,12.41.4,1470,0,1.0
6,502,20,probe-too-short,,,,
3,6062,18,probe-too-short,,,,
7,2919,23,probe-too-short,,,,
5,7164,21,probe-too-short,,,,
13,4294,14,probe-too-short,,,,
13,5014,38,retrieved,13.104.59,5013,1,1.0
7,445,17,probe-too-short,,,,
6,88,38,retrieved,6.3.20,88,0,0.971
7,2480,12,probe-too-short,,,,
14,504,39,retrieved,14.18.8,504,0,1.0
2,485,11,probe-too-short,,,,
14,1272,15,probe-too-short,,,,
13,2363,21,probe-too-short,,,,
14,94,23,probe-too-short,,,,
9,2366,34,retrieved,9.42.9,2366,0,1.0
1,3189,17,probe-too-short,,,,
2,2346,16,probe-too-short,,,,
3,2981,28,retrieved,3.76.31,2986,-5,1.0
15,134,15,probe-too-short,,,,
1,1174,19,probe-too-short,,,,
1,4892,20,probe-too-short,,,,
3,318,14,probe-too-short,,,,
1,2931,41,retrieved,1.71.37,2913,18,1.0
1,5981,13,probe-too-short,,,,
14,1287,16,probe-too-short,,,,
1,771,21,probe-too-short,,,,
12,84,13,probe-too-short,,,,
3,12054,16,probe-too-short,,,,
1,5460,42,retrieved,1.138.19,5504,-44,1.0
8,788,29,retrieved,8.20.19,788,0,0.96
12,2140,23,probe-too-short,,,,
3,1457,13,probe-too-short,,,,
14,663,23,probe-too-short,,,,
4,744,40,retrieved,4.22.47,740,4,1.0
5,7271,13,probe-too-short,,,,
11,693,15,probe-too-short,,,,
3,392,16,probe-too-short,,,,
2,1407,15,probe-too-short,,,,
2,1147,11,probe-too-short,,,,
12,4277,16,probe-too-short,,,,
2,89,19,probe-too-short,,,,
3,404,21,probe-too-short,,,,
5,762,22,probe-too-short,,,,
13,6288,14,probe-too-short,,,,
1,6592,20,probe-too-short,,,,
1,3023,26,retrieved,1.74.36,3023,0,0.826
10,222,19,probe-too-short,,,,
5,5778,19,probe-too-short,,,,
8,885,23,probe-too-short,,,,
7,4126,18,probe-too-short,,,,
1,7022,15,probe-too-short,,,,
12,1622,38,retrieved,12.47.34,1621,1,1.0
6,5202,18,probe-too-short,,,,
7,8829,17,probe-too-short,,,,
3,1941,18,probe-too-short,,,,
1,5426,16,probe-too-short,,,,
7,1639,22,probe-too-short,,,,
1,1165,41,retrieved,1.19.8,1165,0,1.0
12,4271,16,probe-too-short,,,,
7,321,36,retrieved,7.10.16,320,1,1.0
6,774,18,probe-too-short,,,,
6,3333,32,retrieved,6.76.22,3333,0,0.897
1,2168,21,probe-too-short,,,,
4,1270,52,retrieved,4.38.39,1270,0,0.935
7,8860,21,probe-too-short,,,,
1,6138,21,probe-too-short,,,,
2,2484,42,retrieved,2.75.6,2484,0,1.0
12,5628,18,probe-too-short,,,,
12,5612,74,retrieved,12.150.19,5554,58,1.0
3,2631,22,probe-too-short,,,,
3,10811,20,probe-too-short,,,,
1,3270,22,probe-too-short,,,,
3,8732,12,probe-too-short,,,,
13,5798,13,probe-too-short,,,,
3,12415,18,probe-too-short,,,,
13,943,20,probe-too-short,,,,
1,3994,41,retrieved,1.100.28,3994,0,1.0
1,3990,36,retrieved,1.100.24,3990,0,0.879
14,1686,20,probe-too-short,,,,
9,3284,23,probe-too-short,,,,
9,914,20,probe-too-short,,,,
3,10565,13,probe-too-short,,,,
13,3495,23,probe-too-short,,,,
8,3899,54,retrieved,8.77.39,3899,0,0.863
6,2336,19,probe-too-short,,,,
3,12261,13,probe-too-short,,,,
3,2167,11,probe-too-short,,,,
1,5974,19,probe-too-short,,,,
12,10427,19,probe-too-short,,,,
1,5934,26,retrieved,1.152.8,5983,-49,0.95
7,3373,14,probe-too-short,,,,
13,903,14,probe-too-short,,,,
9,945,20,probe-too-short,,,,
1,1137,31,retrieved,1.18.26,1099,38,1.0
2,2592,15,probe-too-short,,,,
1,1485,39,retrieved,1.32.15,1485,0,1.0
1,5359,12,probe-too-short,,,,
12,4893,18,probe-too-short,,,,
3,2966,15,probe-too-short,,,,
3,2965,14,probe-too-short,,,,
9,2173,25,retrieved,9.37.55,2172,1,0.909
1,8013,15,probe-too-short,,,,
14,649,28,retrieved,14.21.22,649,0,0.84
3,8127,17,probe-too-short,,,,
7,2689,38,retrieved,7.76.11,2692,-3,1.0
13,4444,43,retrieved,13.93.48,4443,1,1.0
12,3473,26,retrieved,12.92.11,3473,0,0.913
13,2606,40,retrieved,13.48.44,2606,0,0.941
3,1746,23,probe-too-short,,,,
3,3055,28,retrieved,3.78.26,3055,0,0.92
8,708,23,probe-too-short,,,,
13,313,24,retrieved,13.6.19,313,0,1.0
3,2618,24,retrieved,3.66.11,2618,0,1.0
3,3053,19,probe-too-short,,,,
1,5579,36,retrieved,1.140.38,5627,-48,0.909
1,4967,30,retrieved,1.128.4,4967,0,0.852
6,4162,25,retrieved,6.93.24,4173,-11,0.857
7,2762,22,probe-too-short,,,,
3,225,38,retrieved,3.4.7,225,0,1.0
7,7608,30,not-retrieved,,,,0.0
13,2,20,probe-too-short,,,,
5,903,13,probe-too-short,,,,
3,2287,19,probe-too-short,,,,
9,1996,72,retrieved,9.35.29,2004,-8,0.892
3,1127,20,probe-too-short,,,,
12,364,19,probe-too-short,,,,
7,4170,13,probe-too-short,,,,
7,3888,17,probe-too-short,,,,
1,6037,19,probe-too-short,,,,
4,1674,16,probe-too-short,,,,
5,7262,27,retrieved,5.183.15,7262,0,0.875
12,5937,42,retrieved,12.160.12,5872,65,1.0
1,7015,28,retrieved,1.187.11,7081,-66,0.88
1,4083,18,probe-too-short,,,,
1,7796,13,probe-too-short,,,,
3,13045,40,retrieved,3.190.36,13044,1,0.919
3,13863,21,probe-too-short,,,,
3,2075,42,retrieved,3.53.4,2076,-1,1.0
3,1865,22,probe-too-short,,,,
12,4301,42,retrieved,12.117.23,4257,44,1.0
3,15442,39,retrieved,3.261.2,15442,0,1.0
7,4613,40,retrieved,7.116.12,4613,0,1.0
3,1736,13,probe-too-short,,,,
14,2846,33,retrieved,14.92.1,2846,0,0.9
6,5380,27,not-retrieved,,,,0.0
1,6524,17,probe-too-short,,,,
1,1334,19,probe-too-short,,,,
3,12238,15,probe-too-short,,,,
5,7100,32,retrieved,5.178.73,7100,0,1.0
3,11146,27,retrieved,3.146.77,11193,-47,1.0
3,2104,28,retrieved,3.54.1,2104,0,1.0
4,109,21,probe-too-short,,,,
13,6444,22,probe-too-short,,,,
3,2468,22,probe-too-short,,,,
1,3203,15,probe-too-short,,,,
14,2819,11,probe-too-short,,,,
6,3535,15,probe-too-short,,,,
3,10648,46,retrieved,3.133.28,10701,-53,1.0
1,3571,19,probe-too-short,,,,
5,1188,34,retrieved,5.35.8,1189,-1,0.967
3,1088,14,probe-too-short,,,,
3,10974,42,retrieved,3.143.12,11023,-49,1.0
8,4050,27,retrieved,8.79.56,4077,-27,0.958
3,8449,21,probe-too-short,,,,
1,1726,39,retrieved,1.42.2,1726,0,0.917
3,3028,13,probe-too-short,,,,
12,1146,40,retrieved,12.32.12,1146,0,1.0
16,35,16,probe-too-short,,,,
1,5566,59,retrieved,1.140.24,5613,-47,0.679
5,7204,27,retrieved,5.181.4,7204,0,0.957
8,2037,37,retrieved,8.44.14,2037,0,0.862
5,4199,43,retrieved,5.125.14,4140,59,1.0
12,1224,23,probe-too-short,,,,
13,7301,23,probe-too-short,,,,
12,192,28,retrieved,12.7.36,191,1,0.84
7,1373,13,probe-too-short,,,,
1,7110,21,probe-too-short,,,,
1,1183,34,retrieved,1.19.26,1183,0,1.0
13,4375,26,retrieved,13.92.4,4376,-1,0.826
1,6562,16,probe-too-short,,,,
2,915,30,retrieved,2.23.26,915,0,0.731
3,15750,18,probe-too-short,,,,
5,1909,25,retrieved,5.48.102,1909,0,1.0
4,1102,26,retrieved,4.33.37,1103,-1,0.957
5,7173,34,retrieved,5.180.11,7173,0,0.7
14,1348,20,probe-too-short,,,,
1,8109,26,retrieved,1.223.28,8193,-84,1.0
6,1705,25,retrieved,6.45.36,1693,12,1.0
1,6291,19,probe-too-short,,,,
6,4169,20,probe-too-short,,,,
4,753,16,probe-too-short,,,,
5,5757,14,probe-too-short,,,,
13,407,20,probe-too-short,,,,
1,4665,15,probe-too-short,,,,
9,2425,12,probe-too-short,,,,
1,951,12,probe-too-short,,,,
3,15639,14,probe-too-short,,,,
3,11953,23,probe-too-short,,,,
8,4085,16,probe-too-short,,,,
7,6726,18,probe-too-short,,,,
3,12155,9,probe-too-short,,,,
8,812,30,retrieved,8.20.43,812,0,1.0
3,12889,22,probe-too-short,,,,
8,1210,19,probe-too-short,,,,
3,12217,14,probe-too-short,,,,
3,1091,16,probe-too-short,,,,
12,8437,18,probe-too-short,,,,
1,8278,23,probe-too-short,,,,
2,81,35,retrieved,2.3.24,81,0,0.857
5,1597,54,retrieved,5.42.22,1596,1,1.0
6,4783,22,probe-too-short,,,,
7,6993,22,probe-too-short,,,,
3,11117,29,retrieved,3.146.48,11164,-47,1.0
12,9976,39,retrieved,12.278.10,9824,152,1.0
2,151,37,retrieved,2.5.17,151,0,1.0
3,15138,19,probe-too-short,,,,
7,2383,18,probe-too-short,,,,
3,10654,55,retrieved,3.134.4,10707,-53,0.942
5,4704,14,probe-too-short,,,,
3,14653,18,probe-too-short,,,,
10,620,15,probe-too-short,,,,
9,3238,12,probe-too-short,,,,
1,5925,42,retrieved,1.151.44,5974,-49,1.0
4,307,18,probe-too-short,,,,
12,8437,29,retrieved,12.229.9,8322,115,0.909
12,439,37,retrieved,12.15.16,439,0,1.0
3,16850,19,probe-too-short,,,,
1,1159,26,retrieved,1.19.2,1159,0,0.826
9,3263,14,probe-too-short,,,,
14,2669,30,retrieved,14.89.26,2669,0,1.0
1,8421,14,probe-too-short,,,,
1,7695,19,probe-too-short,,,,
13,56,37,retrieved,13.1.56,56,0,0.867
5,7245,15,probe-too-short,,,,
1,7480,37,retrieved,1.204.21,7547,-67,1.0
14,2329,20,probe-too-short,,,,
3,2339,13,probe-too-short,,,,
14,1711,17,probe-too-short,,,,
3,2357,17,probe-too-short,,,,
2,1584,12,probe-too-short,,,,
2,249,31,retrieved,2.5.114,248,1,1.0
3,12861,19,probe-too-short,,,,
2,1751,12,probe-too-short,,,,
2,985,10,probe-too-short,,,,
3,870,40,retrieved,3.22.22,870,0,1.0
1,3733,13,probe-too-short,,,,
3,16791,17,probe-too-short,,,,
3,2190,28,retrieved,3.56.31,2190,0,0.76
5,7301,30,retrieved,5.185.12,7301,0,1.0
5,4549,29,retrieved,5.134.11,4484,65,1.0
12,780,17,probe-too-short,,,,
2,1401,10,probe-too-short,,,,
13,5537,21,probe-too-short,,,,
3,9928,26,retrieved,3.108.9,9935,-7,0.87
12,1937,18,probe-too-short,,,,
14,1287,16,probe-too-short,,,,
12,2236,18,probe-too-short,,,,
1,4923,11,probe-too-short,,,,
3,13326,33,retrieved,3.198.22,13325,1,1.0
12,2459,52,retrieved,12.66.8,2459,0,0.958
6,5556,19,probe-too-short,,,,
1,4271,12,probe-too-short,,,,
2,862,12,probe-too-short,,,,
1,4937,14,probe-too-short,,,,
5,1690,24,not-retrieved,,,,0.0
1,5982,14,probe-too-short,,,,
2,2319,37,retrieved,2.68.70,2320,-1,0.879
5,7143,14,probe-too-short,,,,
5,2483,17,probe-too-short,,,,
14,242,12,probe-too-short,,,,
11,352,20,probe-too-short,,,,
1,7,24,retrieved,1.1.7,-39,46,1.0
3,189,43,retrieved,3.3.59,189,0,1.0
4,1726,36,retrieved,4.55.29,1725,1,1.0
6,2398,20,probe-too-short,,,,
14,1302,10,probe-too-short,,,,
3,15642,54,retrieved,3.268.4,15641,1,1.0
13,2660,15,probe-too-short,,,,
7,2922,15,probe-too-short,,,,
3,11617,18,probe-too-short,,,,
13,906,14,probe-too-short,,,,
2,1757,13,probe-too-short,,,,
3,10017,15,probe-too-short,,,,
7,6276,37,retrieved,7.146.123,6270,6,1.0
12,8861,14,probe-too-short,,,,
6,5208,29,retrieved,6.112.11,5212,-4,0.826
14,2164,19,probe-too-short,,,,
12,12581,14,probe-too-short,,,,
1,7752,26,retrieved,1.213.10,7819,-67,1.0
12,6749,27,retrieved,12.322.5,12142,-5393,1.0
12,2380,44,retrieved,12.63.25,2380,0,0.927
2,2605,18,probe-too-short,,,,
2,2576,39,retrieved,2.78.17,2576,0,1.0
5,3425,14,probe-too-short,,,,
1,2301,21,probe-too-short,,,,
1,6424,13,probe-too-short,,,,
5,856,22,probe-too-short,,,,
3,1463,20,probe-too-short,,,,
13,6208,37,retrieved,13.135.10,6208,0,1.0
3,11558,37,retrieved,3.158.35,11558,0,1.0
3,13661,21,probe-too-short,,,,
13,4752,34,retrieved,13.99.10,4752,0,1.0
1,748,17,probe-too-short,,,,
3,12858,40,retrieved,3.188.54,12858,0,1.0
13,4784,11,probe-too-short,,,,
2,2846,20,probe-too-short,,,,
4,517,17,probe-too-short,,,,
4,2086,12,probe-too-short,,,,
1,5229,49,retrieved,1.132.19,5270,-41,0.761
7,3045,18,probe-too-short,,,,
2,2604,19,probe-too-short,,,,
3,2107,12,probe-too-short,,,,
12,2303,38,retrieved,12.60.36,2303,0,0.886
12,8138,38,retrieved,12.224.51,8028,110,1.0
13,3231,37,retrieved,13.63.32,3231,0,1.0
5,3550,36,retrieved,5.99.4,3504,46,0.862
3,12859,17,probe-too-short,,,,
14,538,11,probe-too-short,,,,
12,10399,50,retrieved,12.284.125,10237,162,1.0
1,4308,19,probe-too-short,,,,
3,112,22,probe-too-short,,,,
13,3536,27,retrieved,13.71.52,3536,0,0.833
3,12418,19,probe-too-short,,,,
13,1429,22,probe-too-short,,,,
1,5401,26,retrieved,1.136.23,5442,-41,0.826
2,305,62,retrieved,2.7.24,305,0,0.667
1,5188,15,probe-too-short,,,,
3,880,22,probe-too-short,,,,
1,4211,17,probe-too-short,,,,
3,12160,23,probe-too-short,,,,
4,69,35,retrieved,4.3.10,69,0,1.0
3,2241,38,retrieved,3.58.3,2242,-1,0.882
1,5985,17,probe-too-short,,,,
3,2528,34,retrieved,3.64.129,2529,-1,0.968
1,6124,11,probe-too-short,,,,
13,4556,23,probe-too-short,,,,
3,8598,13,probe-too-short,,,,
12,11016,42,retrieved,12.299.25,11013,3,1.0
12,12063,38,retrieved,12.283.55,10104,1959,1.0
1,6167,38,retrieved,1.158.25,6223,-56,1.0
12,5471,43,retrieved,12.143.13,5417,54,1.0
3,1107,14,probe-too-short,,,,
1,4651,13,probe-too-short,,,,
10,565,52,retrieved,10.10.23,565,0,1.0
4,226,15,probe-too-short,,,,
1,1447,27,retrieved,1.31.12,1413,34,0.875
3,16624,20,probe-too-short,,,,
5,7468,14,probe-too-short,,,,
3,15686,25,retrieved,3.269.20,15686,0,1.0
2,175,35,retrieved,2.5.41,175,0,1.0
8,354,21,probe-too-short,,,,
9,2337,30,retrieved,9.41.20,2337,0,1.0
13,4461,19,probe-too-short,,,,
13,4110,20,probe-too-short,,,,
3,640,17,probe-too-short,,,,
3,1718,19,probe-too-short,,,,
1,2559,8,probe-too-short,,,,
13,4031,13,probe-too-short,,,,
3,2089,36,retrieved,3.53.18,2090,-1,1.0
3,2594,19,probe-too-short,,,,
3,3045,17,probe-too-short,,,,
3,2300,19,probe-too-short,,,,
3,2359,36,retrieved,3.62.27,2359,0,1.0
1,6113,27,retrieved,1.157.11,6168,-55,0.833
3,2805,22,probe-too-short,,,,
3,2602,36,retrieved,3.65.71,2602,0,1.0
3,10431,11,probe-too-short,,,,
1,8357,15,probe-too-short,,,,
1,8413,36,retrieved,1.232.10,8511,-98,1.0
10,496,19,probe-too-short,,,,
1,522,21,probe-too-short,,,,
3,15786,37,retrieved,3.272.10,15787,-1,1.0
13,19,19,probe-too-short,,,,
3,15452,35,retrieved,3.261.12,15452,0,0.844
13,4840,44,retrieved,13.101.27,4839,1,1.0
3,1722,18,probe-too-short,,,,
12,12067,66,retrieved,12.321.24,12067,0,1.0
15,1009,14,probe-too-short,,,,
8,4471,19,probe-too-short,,,,
7,2172,12,probe-too-short,,,,
2,1240,37,retrieved,2.33.36,1243,-3,1.0
3,2251,12,probe-too-short,,,,
14,1164,21,probe-too-short,,,,
1,2478,15,probe-too-short,,,,
9,2689,42,retrieved,9.46.71,2689,0,0.865
12,1195,11,probe-too-short,,,,
14,1985,40,retrieved,14.68.2,1985,0,0.73
1,6377,41,retrieved,1.167.22,6434,-57,0.895
1,6575,25,retrieved,1.172.17,6636,-61,0.773
3,11431,23,probe-too-short,,,,
1,216,17,probe-too-short,,,,
4,342,21,probe-too-short,,,,
1,7660,19,probe-too-short,,,,
1,414,24,retrieved,1.2.139,368,46,1.0
4,346,16,probe-too-short,,,,
7,1231,12,probe-too-short,,,,
6,1669,34,retrieved,6.44.30,1657,12,0.871
7,1015,22,probe-too-short,,,,
5,5172,17,probe-too-short,,,,
12,3724,28,retrieved,12.100.42,3723,1,0.84
14,1130,13,probe-too-short,,,,
5,7229,20,probe-too-short,,,,
2,235,37,retrieved,2.5.101,235,0,1.0
5,650,12,probe-too-short,,,,
9,3515,44,retrieved,9.63.13,3517,-2,1.0
9,890,23,probe-too-short,,,,
