L,headword_slp1,parvan,verse,marker,confidence,category,delta
71585,kErava,1,86,fälschlich,medium,absent,
90623,vAsin,1,146,zu lesen,high,absent,
90623,vAsin,1,146,statt,medium,absent,
117917,hval,1,216,zu lesen,high,absent,
31849,daDi,1,257,lies,high,absent,
47588,pOzpa,1,312,fehlerhaft,high,absent,
48347,pratipAdana,1,375,fehlerhaft,high,absent,
90706,vAhatva,1,399,fehlerhaft,high,absent,
45544,pItin,1,445,fehlerhaft,high,absent,
112859,somadatti,1,536,fehlerhaft,high,absent,
96501,vyAGAta,1,569,zu lesen,high,absent,
115989,han,1,570,fehlerhaft,high,absent,
78881,pUrvaga,1,722,zu lesen,high,absent,
96461,vyA,1,723,fehlerhaft,high,absent,
96461,vyA,1,723,zu lesen,high,absent,
40379,nI,1,736,statt,medium,absent,
114795,srotas,1,814,zu lesen,high,absent,
27503,jihmaga,1,982,zu lesen,high,absent,
27503,jihmaga,1,982,statt,medium,absent,
95577,vE,1,986,zu schreiben,high,absent,
1087,aw,1,1031,zu lesen,high,absent,
63029,atisarga,1,1075,lies,high,absent,
63029,atisarga,1,1075,st.,medium,absent,
62472,akUpAra,1,1122,lies,high,absent,
88042,vam,1,1170,zu lesen,high,absent,
43801,paS,1,1248,zu lesen,high,absent,
81526,yam,1,1274,lies,high,absent,
36831,DU,1,1336,zu lesen,high,absent,
36831,DU,1,1336,st.,medium,absent,
41788,pat,1,1366,lies,high,absent,
88522,vartikA,1,1443,statt,medium,absent,
54863,Bid,1,1490,zu lesen,high,absent,
9095,Ara,1,1498,druckfehler,high,absent,
81094,yat,1,1591,lies,high,absent,
64499,aBiBAzin,1,1697,zu lesen,high,absent,
106569,sarj,1,1699,zu lesen,high,absent,
106569,sarj,1,1703,zu lesen,high,absent,
106569,sarj,1,1973,fehlerhaft,high,absent,
59943,mApana,1,2030,druckfehler,high,absent,
101832,SrutaSravas,1,2049,zu lesen,high,absent,
101836,SrutaSruvas,1,2049,fehlerhaft,high,absent,
32377,dah,1,2120,zu lesen,high,absent,
68313,uparisTa,1,2347,fälschlich,medium,absent,
100123,Suktimant,1,2367,zu lesen,high,absent,
100123,Suktimant,1,2367,st.,medium,absent,
98109,SaravaRa,1,2587,fälschlich,medium,absent,
45159,piRqaPala,1,2632,st.,medium,absent,
63235,aDiraTi,1,2775,fehlerhaft,high,absent,
62766,ac,1,2792,zu lesen,high,absent,
62766,ac,1,2792,st.,medium,absent,
113516,sKalana,1,2987,druckfehler,high,absent,
68680,Uru,1,2988,lies,high,absent,
68680,Uru,1,2988,st.,medium,absent,
45776,put,1,3026,zu lesen,high,absent,
27838,jYA,1,3060,st.,medium,absent,
97843,Sabday,1,3215,zu lesen,high,absent,
34083,duhyu,1,3433,fehlerhaft,high,absent,
48950,pratyavekzya,1,3459,zu lesen,high,absent,
99363,SiTilIkar,1,3471,zu lesen,high,absent,
88293,varIyaMs,1,3492,zu lesen,high,absent,
43412,parc,1,3613,fehlerhaft,high,absent,
61448,mfgacArin,1,3644,lies,high,absent,
115989,han,1,3687,fehlerhaft,high,absent,
65767,aSvavant,1,3740,st.,medium,absent,
101797,Sru,1,3740,st.,medium,absent,
50463,prAcinvant,1,3765,fälschlich,medium,absent,
91581,vid,1,3895,statt,medium,absent,
71756,kOmArika,1,4054,lies,high,absent,
12676,uzmatA,1,4162,fehlerhaft,high,absent,
36862,DUmaketu,1,4162,lies,high,absent,
106569,sarj,1,4205,zu lesen,high,absent,
53686,brU,1,4245,falsch,medium,absent,
62460,akAlika,1,4265,zu lesen,high,absent,
62460,akAlika,1,4265,st.,medium,absent,
107462,sah,1,4265,st.,medium,absent,
106569,sarj,1,4350,zu lesen,high,absent,
11130,utseka,1,4364,zu lesen,high,absent,
67775,utseka,1,4364,zu lesen,high,absent,
67775,utseka,1,4364,st.,medium,absent,
32399,dA,1,4375,fehlerhaft,high,absent,
36484,DA,1,4505,zu lesen,high,absent,
96765,vyUQa,1,4553,st.,medium,absent,
88916,vas,1,4583,lies,high,absent,
88916,vas,1,4583,st.,medium,absent,
117242,hu,1,4623,st.,medium,absent,
99812,Siz,1,4684,st.,medium,absent,
38684,nikAya,1,4804,falsch,medium,absent,
116719,hA,1,4946,zu lesen,high,absent,
96626,vyAyAma,1,5014,fehlerhaft,high,absent,
99828,SI,1,5033,fehlerhaft,high,absent,
7743,aho,1,5156,zu lesen,high,absent,
7743,aho,1,5156,st.,medium,absent,
89199,vah,1,5337,zu lesen,high,absent,
36484,DA,1,5442,lies,high,absent,
114394,spaSa,1,5792,zu lesen,high,absent,
114394,spaSa,1,5792,st.,medium,absent,
84911,ruj,1,5884,statt,medium,absent,
81985,yAmana,1,5912,zu lesen,high,absent,
81985,yAmana,1,5912,st.,medium,absent,
79775,Penin,1,5936,fehlerhaft,high,absent,
36606,DAman,1,5974,zu lesen,high,absent,
87611,vatsabanDA,1,6120,fehlerhaft,high,absent,
67140,i,1,6390,lies,high,absent,
67140,i,1,6390,zu lesen,high,absent,
67140,i,1,6390,st.,medium,absent,
86404,lip,1,6391,st.,medium,absent,
101517,SrA,1,6392,fehlerhaft,high,absent,
62616,agnivESya,1,6465,fehlerhaft,high,absent,
116719,hA,1,6566,st.,medium,absent,
113579,staB,1,6694,statt,medium,absent,
33916,duz,1,6841,zu lesen,high,absent,
81815,yA,1,6925,zu lesen,high,absent,
7766,A,1,6965,zu lesen,high,absent,
62070,mezasaMDi,1,6988,fehlerhaft,high,absent,
103165,saMsTAnacArin,1,7044,fehlerhaft,high,absent,
106211,saMbADa,1,7125,zu lesen,high,absent,
93713,viz,1,7182,st.,medium,absent,
82187,yuj,1,7343,zu lesen,high,absent,
82187,yuj,1,7343,st.,medium,absent,
39805,nivarhaRa,1,7410,zu lesen,high,absent,
101797,Sru,1,7460,fälschlich,medium,absent,
97640,Satahan,1,7578,zu lesen,high,absent,
70409,kAmin,1,7648,st.,medium,absent,
114781,sruva,1,7669,fehlerhaft,high,absent,
23301,gorakza,1,7675,zu lesen,high,absent,
106699,sarvakAmya,1,7717,fehlerhaft,high,absent,
33916,duz,1,7802,zu lesen,high,absent,
82186,yuj,1,7948,zu lesen,high,absent,
82186,yuj,1,7948,fehlerhaft,high,absent,
109679,su,1,8042,fehlerhaft,high,absent,
88101,var,1,8064,zu lesen,high,absent,
104247,sad,1,8077,st.,medium,absent,
30686,toza,1,8258,fehlerhaft,high,absent,
101574,Sri,1,8274,st.,medium,absent,
115989,han,1,8300,fehlerhaft,high,absent,
88101,var,1,8343,fehlerhaft,high,absent,
94755,vfti,1,8350,fehlerhaft,high,absent,
32399,dA,1,8437,fälschlich,medium,absent,
32399,dA,1,8437,st.,medium,absent,
14219,kakzya,2,32,zu lesen,high,absent,
98968,SArNga,2,34,fälschlich,medium,absent,
120719,pad,2,235,lies,high,absent,
89527,vAjarzi,2,319,fehlerhaft,high,absent,
44927,pAlASa,2,343,fehlerhaft,high,absent,
99205,SiMSapA,2,343,fehlerhaft,high,absent,
62343,mOlin,2,368,fehlerhaft,high,absent,
95218,veRvA,2,371,fehlerhaft,high,absent,
104762,saMDya,2,375,fehlerhaft,high,absent,
107776,sahasrika,2,427,fehlerhaft,high,absent,
12092,upaveda,2,450,st.,medium,absent,
42000,pad,2,475,fehlerhaft,high,absent,
42000,pad,2,475,zu lesen,high,absent,
42000,pad,2,475,st.,medium,absent,
84174,rAjaloka,2,479,fälschlich,medium,absent,
114351,sparD,2,485,zu lesen,high,absent,
61264,mUrCana,2,526,zu lesen,high,absent,
61264,mUrCana,2,526,st.,medium,absent,
50797,prApti,2,595,fehlerhaft,high,absent,
63183,aDi,2,619,zu lesen,high,absent,
63183,aDi,2,619,lies,high,absent,
63183,aDi,2,619,st.,medium,absent,
63183,aDi,2,619,st.,medium,absent,
22170,gA,2,696,lies,high,absent,
22170,gA,2,696,fehlerhaft,high,absent,
14219,kakzya,2,827,zu lesen,high,absent,
65220,arvAYc,2,831,lies,high,absent,
65220,arvAYc,2,831,st.,medium,absent,
106569,sarj,2,856,fehlerhaft,high,absent,
38095,nah,2,894,zu lesen,high,absent,
95148,vegAtiga,2,895,fehlerhaft,high,absent,
107848,sahma,2,1029,fehlerhaft,high,absent,
95219,veRvAtawa,2,1117,fehlerhaft,high,absent,
44627,pAradArika,2,1130,zu lesen,high,absent,
87340,vaj,2,1142,fehlerhaft,high,absent,
65669,avyaya,2,1214,fälschlich,medium,absent,
9940,i,2,1219,zu lesen,high,absent,
117726,hotraga,2,1240,fehlerhaft,high,absent,
64294,apyaya,2,1391,st.,medium,absent,
64294,apyaya,2,1391,fälschlich,medium,absent,
14857,kapAlin,2,1641,st.,medium,absent,
69132,odana,2,1733,lies,high,absent,
69132,odana,2,1733,st.,medium,absent,
69132,odana,2,1733,st.,medium,absent,
117919,hvA,2,1765,zu lesen,high,absent,
28360,takzan,2,1774,zu lesen,high,absent,
28360,takzan,2,1774,st.,medium,absent,
86045,lal,2,1797,fehlerhaft,high,absent,
25411,citraka,2,1804,st.,medium,absent,
80108,BarukacCa,2,1830,st.,medium,absent,
14146,OzRIka,2,1837,fehlerhaft,high,absent,
87278,vaNkU,2,1846,st.,medium,absent,
68692,UrRa,2,1847,st.,medium,absent,
114837,svakza,2,1915,st.,medium,absent,
26237,Cid,2,1942,lies,high,absent,
99812,Siz,2,1964,fehlerhaft,high,absent,
99828,SI,2,1964,zu lesen,high,absent,
99828,SI,2,1964,st.,medium,absent,
47410,pozaka,2,2123,zu lesen,high,absent,
20274,kzi,2,2127,st.,medium,absent,
99162,SAstar,2,2128,fälschlich,medium,absent,
10470,Ikz,2,2158,zu lesen,high,absent,
106026,saMpatti,2,2175,zu lesen,high,absent,
27412,ji,2,2204,zu lesen,high,absent,
40622,nu,2,2204,zu lesen,high,absent,
27932,jyAyaMs,2,2316,zu lesen,high,absent,
114357,sparS,2,2346,zu schreiben,high,absent,
32377,dah,2,2394,zu lesen,high,absent,
87647,vad,2,2396,zu lesen,high,absent,
87647,vad,2,2396,st.,medium,absent,
54863,Bid,2,2443,fälschlich,medium,absent,
54863,Bid,2,2483,zu lesen,high,absent,
54863,Bid,2,2483,fehlerhaft,high,absent,
98029,Sar,2,2695,zu lesen,high,absent,
27838,jYA,3,34,zu lesen,high,absent,
97760,Sap,3,37,zu lesen,high,absent,
13825,ozaDi,3,138,lies,high,absent,
106186,saMplava,3,188,st.,medium,absent,
9989,icCaka,3,238,druckfehler,high,absent,
82186,yuj,3,258,statt,medium,absent,
59392,mA,3,286,fehlerhaft,high,absent,
77582,nI,3,286,fehlerhaft,high,absent,
16988,kAS,3,438,zu lesen,high,absent,
21814,gam,3,453,zu lesen,high,absent,
107462,sah,3,535,zu schreiben,high,absent,
107412,saSeza,3,541,zu schreiben,high,absent,
100213,Suc,3,590,fälschlich,medium,absent,
106410,sar,3,665,fehlerhaft,high,absent,
40628,nud,3,679,zu lesen,high,absent,
27108,javana,3,756,zu lesen,high,absent,
81815,yA,3,775,zu lesen,high,absent,
81815,yA,3,775,zu lesen,high,absent,
57948,mard,3,874,zu lesen,high,absent,
32475,dAtyUha,3,936,lies,high,absent,
85042,ruD,3,962,fehlerhaft,high,absent,
72578,gam,3,1049,lies,high,absent,
72578,gam,3,1049,st.,medium,absent,
64130,aparADin,3,1054,zu lesen,high,absent,
115989,han,3,1091,zu lesen,high,absent,
38048,naS,3,1098,zu lesen,high,absent,
117917,hval,3,1155,zu lesen,high,absent,
118649,aSreyaMs,3,1195,zu lesen,high,absent,
63862,antatas,3,1228,lies,high,absent,
63862,antatas,3,1228,lies,high,absent,
115989,han,3,1273,zu lesen,high,absent,
22667,gup,3,1288,zu lesen,high,absent,
25297,ci,3,1319,falsch,medium,absent,
92465,viBAvaka,3,1347,fehlerhaft,high,absent,
58004,marS,3,1369,zu lesen,high,absent,
25297,ci,3,1378,zu lesen,high,absent,
64054,apacaya,3,1380,lies,high,absent,
45464,pIWasarpa,3,1397,zu lesen,high,absent,
104809,saMnikarza,3,1533,fälschlich,medium,absent,
106410,sar,3,1739,fälschlich,medium,absent,
92620,vimahant,3,1747,st.,medium,absent,
117299,huhu,3,1769,zu lesen,high,absent,
117299,huhu,3,1769,st.,medium,absent,
93196,viS,3,1775,zu lesen,high,absent,
91742,vidyAvant,3,1802,st.,medium,absent,
22733,gulPa,3,1828,st.,medium,absent,
114392,spaS,3,1855,fehlerhaft,high,absent,
104247,sad,3,1860,zu lesen,high,absent,
55166,BU,3,2112,statt,medium,absent,
116085,har,3,2177,fehlerhaft,high,absent,
91581,vid,3,2203,zu lesen,high,absent,
106569,sarj,3,2218,fehlerhaft,high,absent,
91581,vid,3,2246,st.,medium,absent,
15071,kar,3,2289,lies,high,absent,
100350,SuD,3,2289,fehlerhaft,high,absent,
104247,sad,3,2322,zu lesen,high,absent,
47920,praC,3,2392,zu lesen,high,absent,
32377,dah,3,2400,lies,high,absent,
42000,pad,3,2426,zu lesen,high,absent,
42000,pad,3,2426,st.,medium,absent,
86354,liK,3,2453,zu lesen,high,absent,
86354,liK,3,2453,fehlerhaft,high,absent,
86354,liK,3,2453,st.,medium,absent,
15071,kar,3,2469,zu lesen,high,absent,
21814,gam,3,2555,fälschlich,medium,absent,
42307,par,3,2595,zu lesen,high,absent,
102199,SvApada,3,2651,zu lesen,high,absent,
104028,sattvavant,3,2678,fehlerhaft,high,absent,
116887,hi,3,2716,st.,medium,absent,
33063,diS,3,2727,zu lesen,high,absent,
53686,brU,3,2729,statt,medium,absent,
57252,man,3,2759,fehlerhaft,high,absent,
49552,pramuKa,3,3062,st.,medium,absent,
64180,apaSrayin,3,3076,fehlerhaft,high,absent,
64244,apASrayin,3,3076,fälschlich,medium,absent,
101797,Sru,3,3084,st.,medium,absent,
116085,har,3,3993,zu lesen,high,absent,
4111,apAvftta,3,4052,zu lesen,high,absent,
93196,viS,3,4082,st.,medium,absent,
81526,yam,3,5001,st.,medium,absent,
49254,pranftyavant,3,6087,fehlerhaft,high,absent,
53875,BaYj,3,7214,zu lesen,high,absent,
103326,sakfnnandA,3,8137,st.,medium,absent,
87589,vataraRI,3,8148,fehlerhaft,high,absent,
15073,kar,3,8260,st.,medium,absent,
38048,naS,3,8494,zu lesen,high,absent,
46289,puroravas,3,8504,fehlerhaft,high,absent,
88102,var,3,8567,zu lesen,high,absent,
99812,Siz,3,8603,zu lesen,high,absent,
99812,Siz,3,8603,statt,medium,absent,
41788,pat,3,8717,zu lesen,high,absent,
12103,upaSama,3,8753,lies,high,absent,
116374,hartar,3,8756,st.,medium,absent,
22362,gAh,3,8772,lies,high,absent,
81827,yAc,3,8780,st.,medium,absent,
112232,sUd,3,8814,lies,high,absent,
56165,makzika,3,9972,zu lesen,high,absent,
19226,kESika,3,10095,fehlerhaft,high,absent,
57948,mard,3,10203,st.,medium,absent,
95668,vEqUrya,3,10306,fehlerhaft,high,absent,
116085,har,3,10385,zu lesen,high,absent,
101574,Sri,3,10456,fehlerhaft,high,absent,
44971,pAvin,3,10543,zu lesen,high,absent,
13901,Ottara,3,10546,zu lesen,high,absent,
71181,kuvartman,3,10571,st.,medium,absent,
40379,nI,3,10656,fehlerhaft,high,absent,
53686,brU,3,10657,fälschlich,medium,absent,
108175,sAdyaHkra,3,10663,fehlerhaft,high,absent,
91583,vid,3,10676,fehlerhaft,high,absent,
25298,ci,3,10676,fälschlich,medium,absent,
30296,tUzRIMgaNgam,3,10698,zu lesen,high,absent,
81648,yavakrin,3,10733,st.,medium,absent,
86488,luYc,3,10760,zu lesen,high,absent,
17687,kutra,3,10953,st.,medium,absent,
103164,saMsTAna,3,11017,zu schreiben,high,absent,
11415,udDara,3,11188,fehlerhaft,high,absent,
10490,Iti,3,11258,zu lesen,high,absent,
42000,pad,3,11312,zu lesen,high,absent,
107462,sah,3,11388,st.,medium,absent,
50316,prahlAdana,3,11446,zu lesen,high,absent,
50316,prahlAdana,3,11446,st.,medium,absent,
6879,aS,3,11477,zu lesen,high,absent,
40626,nuq,3,11477,druckfehler,high,absent,
6879,aS,3,11477,statt,medium,absent,
109668,sIv,3,11495,druckfehler,high,absent,
116085,har,3,11517,zu lesen,high,absent,
52795,bIjapUra,3,11568,fälschlich,medium,absent,
74187,jambu,3,11569,st.,medium,absent,
15351,karRapUra,3,11589,lies,high,absent,
15351,karRapUra,3,11589,st.,medium,absent,
26086,Cadana,3,11595,lies,high,absent,
10470,Ikz,3,11657,lies,high,absent,
10470,Ikz,3,11657,st.,medium,absent,
85093,ruh,3,11906,statt,medium,absent,
110176,sutasoma,3,11913,zu lesen,high,absent,
88853,vaSaMkara,3,11943,fehlerhaft,high,absent,
42633,parAhRa,3,11998,zu schreiben,high,absent,
42633,parAhRa,3,11998,st.,medium,absent,
48918,pratyarTam,3,12052,fehlerhaft,high,absent,
57252,man,3,12069,zu lesen,high,absent,
57252,man,3,12069,st.,medium,absent,
83258,ratnadruma,3,12198,zu lesen,high,absent,
1122,awwAlaka,3,12199,fälschlich,medium,absent,
60962,mud,3,12225,fehlerhaft,high,absent,
22333,gArDravAjita,3,12230,fehlerhaft,high,absent,
60962,mud,3,12235,st.,medium,absent,
73883,cud,3,12235,statt,medium,absent,
115989,han,3,12270,zu lesen,high,absent,
85093,ruh,3,12274,fälschlich,medium,absent,
55166,BU,3,12275,zu lesen,high,absent,
81815,yA,3,12358,zu lesen,high,absent,
60883,muc,3,12381,st.,medium,absent,
72200,kzveqana,3,12389,zu lesen,high,absent,
72200,kzveqana,3,12389,st.,medium,absent,
85042,ruD,3,12728,fälschlich,medium,absent,
101797,Sru,3,12772,st.,medium,absent,
93103,vivAdin,3,13048,fehlerhaft,high,absent,
58711,mahAbrAhmaRa,3,13248,zu lesen,high,absent,
44894,pArzRi,3,13309,statt,medium,absent,
80347,maT,3,13322,st.,medium,absent,
48720,pratisrotas,3,13473,fälschlich,medium,absent,
93931,vizuvant,3,13477,zu schreiben,high,absent,
68875,ekapatnI,3,13632,zu lesen,high,absent,
68875,ekapatnI,3,13632,st.,medium,absent,
101574,Sri,3,13658,st.,medium,absent,
23861,glA,3,13730,zu lesen,high,absent,
88101,var,3,13755,fehlerhaft,high,absent,
88101,var,3,13755,fehlerhaft,high,absent,
69139,ozaDi,3,13827,fehlerhaft,high,absent,
77496,nizkala,3,13851,zu lesen,high,absent,
66094,Akranda,3,13859,st.,medium,absent,
79566,prAkkfta,3,13864,fehlerhaft,high,absent,
93846,vizayIBAva,3,13928,fehlerhaft,high,absent,
85093,ruh,3,13929,statt,medium,absent,
39280,nirASin,3,13994,zu lesen,high,absent,
21814,gam,3,14044,lies,high,absent,
99812,Siz,3,14107,zu lesen,high,absent,
103165,saMsTAnacArin,3,14113,fehlerhaft,high,absent,
111673,suveza,3,14168,st.,medium,absent,
46404,puzwimati,3,14176,fehlerhaft,high,absent,
81094,yat,3,14417,zu lesen,high,absent,
87008,lohitAyani,3,14494,st.,medium,absent,
34063,duHsTita,3,14669,lies,high,absent,
88916,vas,3,14758,fehlerhaft,high,absent,
45466,pIq,3,14759,fehlerhaft,high,absent,
114765,sru,3,14767,zu lesen,high,absent,
82167,yugma,3,14922,fehlerhaft,high,absent,
114190,sTUlAkarRa,3,14995,fehlerhaft,high,absent,
100884,SEGrya,3,15101,fehlerhaft,high,absent,
81526,yam,3,15131,zu lesen,high,absent,
103800,saMcaya,3,15160,zu lesen,high,absent,
89801,vAtika,3,15327,st.,medium,absent,
72578,gam,3,15399,zu lesen,high,absent,
117242,hu,3,15593,zu lesen,high,absent,
59390,mA,3,15637,zu lesen,high,absent,
106569,sarj,3,15655,druckfehler,high,absent,
9940,i,3,15674,zu lesen,high,absent,
9940,i,3,15674,st.,medium,absent,
93196,viS,3,15681,zu lesen,high,absent,
121547,mA,3,15688,lies,high,absent,
36484,DA,3,15726,lies,high,absent,
40628,nud,3,15739,st.,medium,absent,
101797,Sru,3,15786,st.,medium,absent,
100007,SIrzan,3,15815,falsch,medium,absent,
15099,karaja,3,15837,fälschlich,medium,absent,
63662,anuBAga,3,15936,fehlerhaft,high,absent,
43927,pAMsana,3,15978,fehlerhaft,high,absent,
89199,vah,3,16129,fehlerhaft,high,absent,
29396,tArApati,3,16130,fälschlich,medium,absent,
98374,SaSalakzmaRa,3,16198,fehlerhaft,high,absent,
102918,saMviDi,3,16324,zu lesen,high,absent,
118931,iz,3,16487,st.,medium,absent,
94610,vIryamattva,3,16610,fehlerhaft,high,absent,
87302,vac,3,16670,statt,medium,absent,
116085,har,3,16692,st.,medium,absent,
88916,vas,3,16699,fehlerhaft,high,absent,
86156,laz,3,16703,fälschlich,medium,absent,
95788,vEDavya,3,16725,fälschlich,medium,absent,
82108,yu,3,16781,fehlerhaft,high,absent,
47244,peSala,3,16783,st.,medium,absent,
83005,raj,3,16788,st.,medium,absent,
86635,lok,3,16854,fehlerhaft,high,absent,
101574,Sri,3,16871,fehlerhaft,high,absent,
93067,vivartin,3,16913,fehlerhaft,high,absent,
11759,upajihIrzA,3,16929,zu lesen,high,absent,
104702,saMdezwavya,3,17019,zu lesen,high,absent,
15749,kalp,3,17144,fälschlich,medium,absent,
89199,vah,3,17151,zu lesen,high,absent,
39766,nirhAda,3,17249,fehlerhaft,high,absent,
64242,apASraya,3,17262,st.,medium,absent,
88916,vas,4,24,fehlerhaft,high,absent,
117919,hvA,4,36,zu lesen,high,absent,
116886,hi,4,69,st.,medium,absent,
117919,hvA,4,114,zu lesen,high,absent,
54771,BAzitar,4,165,zu lesen,high,absent,
103843,saYj,4,174,zu lesen,high,absent,
104247,sad,4,198,st.,medium,absent,
117216,hInatas,4,226,fehlerhaft,high,absent,
81815,yA,4,234,fehlerhaft,high,absent,
103843,saYj,4,266,st.,medium,absent,
47920,praC,4,278,fehlerhaft,high,absent,
41250,pakzman,4,390,zu lesen,high,absent,
41250,pakzman,4,390,st.,medium,absent,
59392,mA,4,394,zu lesen,high,absent,
95151,vegita,4,399,zu lesen,high,absent,
109440,siD,4,468,zu lesen,high,absent,
64055,apacAyin,4,595,fälschlich,medium,absent,
64055,apacAyin,4,595,st.,medium,absent,
57252,man,4,695,fehlerhaft,high,absent,
16988,kAS,4,755,fälschlich,medium,absent,
106497,sarAga,4,777,st.,medium,absent,
36484,DA,4,964,zu lesen,high,absent,
45466,pIq,4,980,fehlerhaft,high,absent,
119329,kar,4,982,zu lesen,high,absent,
93196,viS,4,1052,st.,medium,absent,
85042,ruD,4,1053,zu lesen,high,absent,
36484,DA,4,1347,zu lesen,high,absent,
49117,praTivI,4,1387,fehlerhaft,high,absent,
104806,saMnAha,4,1418,st.,medium,absent,
81526,yam,4,1445,fehlerhaft,high,absent,
32377,dah,4,1520,zu lesen,high,absent,
32377,dah,4,1520,st.,medium,absent,
33916,duz,4,1557,fehlerhaft,high,absent,
114773,sruc,4,1639,fälschlich,medium,absent,
81815,yA,4,1669,zu lesen,high,absent,
81815,yA,4,1727,zu lesen,high,absent,
89199,vah,4,1757,fehlerhaft,high,absent,
48093,pratardana,4,1768,zu lesen,high,absent,
81283,yaTABAgam,4,1771,zu schreiben,high,absent,
114447,sPar,4,1852,zu lesen,high,absent,
81526,yam,4,1960,zu lesen,high,absent,
81526,yam,4,1960,zu lesen,high,absent,
114447,sPar,4,2022,zu lesen,high,absent,
116719,hA,4,2086,st.,medium,absent,
91581,vid,4,2213,fehlerhaft,high,absent,
81815,yA,4,2356,st.,medium,absent,
99812,Siz,5,63,fehlerhaft,high,absent,
75195,tEkzRya,5,68,st.,medium,absent,
116842,hAva,5,243,st.,medium,absent,
81526,yam,5,426,zu lesen,high,absent,
43745,palvala,5,493,fälschlich,medium,absent,
82186,yuj,5,532,st.,medium,absent,
59321,mahendrARI,5,547,fälschlich,medium,absent,
86471,lIlAyuDa,5,592,fehlerhaft,high,absent,
31650,dakziRApaTa,5,593,lies,high,absent,
85042,ruD,5,648,lies,high,absent,
85042,ruD,5,648,st.,medium,absent,
93006,vilopa,5,813,zu schreiben,high,absent,
116085,har,5,850,zu lesen,high,absent,
116085,har,5,850,st.,medium,absent,
68365,upaSruti,5,871,st.,medium,absent,
114549,sma,5,877,zu lesen,high,absent,
25075,caSAti,5,889,fehlerhaft,high,absent,
95536,veSmastrI,5,904,fehlerhaft,high,absent,
87647,vad,5,923,st.,medium,absent,
102918,saMviDi,5,1220,fehlerhaft,high,absent,
119329,kar,5,1225,fehlerhaft,high,absent,
47920,praC,5,1226,druckfehler,high,absent,
47920,praC,5,1226,fälschlich,medium,absent,
81179,yaTAkfta,5,1226,falsch,medium,absent,
88004,vap,5,1292,fehlerhaft,high,absent,
98307,Salyakarttar,5,1401,fehlerhaft,high,absent,
63750,anuSAsitar,5,1440,st.,medium,absent,
39528,nirBfta,5,1493,fehlerhaft,high,absent,
65058,arc,5,1532,fehlerhaft,high,absent,
88413,varjin,5,1557,zu lesen,high,absent,
68789,fta,5,1692,lies,high,absent,
88101,var,5,1692,fehlerhaft,high,absent,
68789,fta,5,1692,st.,medium,absent,
88101,var,5,1692,st.,medium,absent,
66247,AYjana,5,1708,lies,high,absent,
117242,hu,5,1734,fehlerhaft,high,absent,
104852,saMniveSa,5,1825,fehlerhaft,high,absent,
68681,UrugrAha,5,2024,st.,medium,absent,
48165,pratikfti,5,2222,zu lesen,high,absent,
54387,BA,5,2412,zu schreiben,high,absent,
99812,Siz,5,2638,zu lesen,high,absent,
36704,DAv,5,2763,lies,high,absent,
51365,plu,5,2765,lies,high,absent,
25874,ced,5,2775,zu lesen,high,absent,
78844,pUti,5,2776,zu lesen,high,absent,
42000,pad,5,2809,falsch,medium,absent,
41788,pat,5,3051,zu lesen,high,absent,
41788,pat,5,3051,st.,medium,absent,
116549,has,5,3120,zu lesen,high,absent,
51077,prI,5,3261,fehlerhaft,high,absent,
51077,prI,5,3261,fälschlich,medium,absent,
51094,prItiBojya,5,3261,st.,medium,absent,
50157,prasfti,5,3588,fehlerhaft,high,absent,
87393,vajranizkamBa,5,3595,fehlerhaft,high,absent,
61880,meGahft,5,3597,fehlerhaft,high,absent,
61164,muharaparRaka,5,3629,fehlerhaft,high,absent,
114814,srOva,5,3779,fehlerhaft,high,absent,
29639,timiMgila,5,3859,zu lesen,high,absent,
55166,BU,5,3926,lies,high,absent,
50526,prAYc,5,4145,fehlerhaft,high,absent,
50694,prAtikUlya,5,4146,zu lesen,high,absent,
99828,SI,5,4248,falsch,medium,absent,
37271,nakiMcana,5,4522,zu lesen,high,absent,
74434,jIv,5,4538,lies,high,absent,
37587,nandi,5,4600,zu lesen,high,absent,
96302,vyapanaya,5,4761,st.,medium,absent,
50196,prastotar,5,4788,zu lesen,high,absent,
99142,SAs,5,4998,fehlerhaft,high,absent,
88101,var,5,5062,statt,medium,absent,
103786,sajjay,5,5209,zu lesen,high,absent,
100652,SUrpa,5,5249,unrichtig,medium,absent,
41867,patti,5,5270,zu lesen,high,absent,
41867,patti,5,5270,st.,medium,absent,
93197,viS,5,5960,fehlerhaft,high,absent,
93197,viS,5,5960,st.,medium,absent,
75670,dASeya,5,5966,fälschlich,medium,absent,
91581,vid,5,5971,zu lesen,high,absent,
91581,vid,5,5971,st.,medium,absent,
58704,mahAbudDi,5,5982,st.,medium,absent,
37260,na,5,6032,zu lesen,high,absent,
37260,na,5,6032,statt,medium,absent,
37260,na,5,6032,statt,medium,absent,
85093,ruh,5,6042,zu lesen,high,absent,
64005,anyonya,5,6060,lies,high,absent,
64005,anyonya,5,6060,st.,medium,absent,
81815,yA,5,6065,zu lesen,high,absent,
59895,mAnin,5,6094,fehlerhaft,high,absent,
32377,dah,5,7016,lies,high,absent,
84934,rud,5,7025,zu lesen,high,absent,
104247,sad,5,7072,zu lesen,high,absent,
53648,brAhmaRabruva,5,7087,zu lesen,high,absent,
53648,brAhmaRabruva,5,7087,st.,medium,absent,
37694,nam,5,7143,zu lesen,high,absent,
67391,Ir,5,7152,zu lesen,high,absent,
91096,vic,5,7152,fehlerhaft,high,absent,
86208,lAGava,5,7207,zu lesen,high,absent,
64136,aparAhRa,5,7216,lies,high,absent,
64136,aparAhRa,5,7216,st.,medium,absent,
116719,hA,5,7221,zu lesen,high,absent,
97013,Sak,5,7287,zu lesen,high,absent,
91581,vid,5,7344,fehlerhaft,high,absent,
82186,yuj,5,7362,fehlerhaft,high,absent,
65126,arTay,5,7462,zu lesen,high,absent,
12570,ullApika,5,7477,zu lesen,high,absent,
61647,mfttikA,5,7477,fälschlich,medium,absent,
81815,yA,5,7486,fehlerhaft,high,absent,
81815,yA,5,7486,zu lesen,high,absent,
45612,puMliNga,5,7492,lies,high,absent,
109138,sic,5,7524,st.,medium,absent,
46914,pUrvika,5,7553,fehlerhaft,high,absent,
83556,ram,6,68,zu lesen,high,absent,
51306,prOzWapada,6,82,fälschlich,medium,absent,
56015,BrAjizmant,6,137,zu lesen,high,absent,
117651,hez,6,137,zu lesen,high,absent,
93809,vizamIBAva,6,184,fehlerhaft,high,absent,
93809,vizamIBAva,6,184,st.,medium,absent,
116085,har,6,266,zu lesen,high,absent,
116085,har,6,266,st.,medium,absent,
25772,culakA,6,328,zu lesen,high,absent,
43701,palASin,6,330,zu lesen,high,absent,
43701,palASin,6,330,st.,medium,absent,
65885,asi,6,338,st.,medium,absent,
80215,BuktimatI,6,342,st.,medium,absent,
64162,apavAha,6,352,st.,medium,absent,
92123,vinDaculaka,6,369,fehlerhaft,high,absent,
82571,yoniveSa,6,374,st.,medium,absent,
23268,gomanda,6,449,fehlerhaft,high,absent,
113615,star,6,698,fehlerhaft,high,absent,
113545,stanayitnumant,6,731,fehlerhaft,high,absent,
114521,sPUrj,6,774,statt,medium,absent,
53140,bfhant,6,1239,zu lesen,high,absent,
99142,SAs,6,1585,fehlerhaft,high,absent,
99142,SAs,6,1585,zu schreiben,high,absent,
57252,man,6,1597,st.,medium,absent,
101797,Sru,6,1628,statt,medium,absent,
46382,puzkala,6,1637,lies,high,absent,
103865,saYjinI,6,1886,fehlerhaft,high,absent,
102985,saMSabda,6,1886,st.,medium,absent,
89199,vah,6,1919,fehlerhaft,high,absent,
89199,vah,6,1919,st.,medium,absent,
106211,saMbADa,6,1953,zu lesen,high,absent,
114447,sPar,6,1957,zu lesen,high,absent,
114506,sPur,6,1957,fehlerhaft,high,absent,
114447,sPar,6,1957,st.,medium,absent,
90722,vAhika,6,2084,fehlerhaft,high,absent,
28811,tam,6,2120,st.,medium,absent,
88770,valgu,6,2138,fehlerhaft,high,absent,
90169,vAraDAna,6,2405,fehlerhaft,high,absent,
71699,kozWaka,6,2463,zu lesen,high,absent,
71699,kozWaka,6,2463,st.,medium,absent,
96653,vyAlambin,6,2599,zu lesen,high,absent,
114447,sPar,6,2663,zu lesen,high,absent,
32714,dASat,6,2700,fehlerhaft,high,absent,
86859,lomavAhana,6,2829,zu lesen,high,absent,
92320,vipramanas,6,2860,st.,medium,absent,
43920,pA,6,3186,lies,high,absent,
28879,taraMgaRi,6,3326,fehlerhaft,high,absent,
108756,sArUQa,6,3535,fehlerhaft,high,absent,
36484,DA,6,3678,fehlerhaft,high,absent,
81815,yA,6,3762,st.,medium,absent,
62044,melaka,6,3855,fehlerhaft,high,absent,
62044,melaka,6,3855,zu lesen,high,absent,
62044,melaka,6,3855,st.,medium,absent,
108171,sAdeyya,6,3900,druckfehler,high,absent,
88595,varmavant,6,3975,lies,high,absent,
99965,SItkAra,6,4389,fehlerhaft,high,absent,
109138,sic,6,4434,fehlerhaft,high,absent,
109138,sic,6,4434,st.,medium,absent,
107462,sah,6,4437,st.,medium,absent,
37504,nad,6,4518,st.,medium,absent,
116085,har,6,4527,fehlerhaft,high,absent,
72578,gam,6,4538,lies,high,absent,
72578,gam,6,4538,st.,medium,absent,
57948,mard,6,4701,fehlerhaft,high,absent,
57948,mard,6,4701,fehlerhaft,high,absent,
86440,lI,6,5203,fehlerhaft,high,absent,
86440,lI,6,5203,fehlerhaft,high,absent,
81815,yA,6,5217,st.,medium,absent,
57985,marmAvaraRa,6,5578,zu lesen,high,absent,
57985,marmAvaraRa,6,5578,st.,medium,absent,
40628,nud,6,5619,zu lesen,high,absent,
68681,UrugrAha,6,5680,zu lesen,high,absent,
68681,UrugrAha,6,5680,st.,medium,absent,
103218,saMhanana,7,79,fehlerhaft,high,absent,
104799,saMnahana,7,79,fehlerhaft,high,absent,
51365,plu,7,92,zu lesen,high,absent,
103507,saMkrandana,7,281,zu lesen,high,absent,
116719,hA,7,301,zu lesen,high,absent,
103173,saMsTAsnucArin,7,372,fehlerhaft,high,absent,
61061,mura,7,386,zu lesen,high,absent,
61061,mura,7,386,st.,medium,absent,
57948,mard,7,498,lies,high,absent,
85380,roDas,7,504,zu lesen,high,absent,
96461,vyA,7,635,fehlerhaft,high,absent,
45139,piRqa,7,702,zu lesen,high,absent,
55875,Bojaya,7,804,zu lesen,high,absent,
44683,pArAvata,7,813,fälschlich,medium,absent,
116437,halahalA,7,857,zu lesen,high,absent,
84873,ruc,7,1028,fehlerhaft,high,absent,
36820,Durya,7,1061,zu lesen,high,absent,
97013,Sak,7,1127,fehlerhaft,high,absent,
112767,soQar,7,1200,fehlerhaft,high,absent,
52038,balla,7,1217,fehlerhaft,high,absent,
81807,yas,7,1360,st.,medium,absent,
106047,saMparka,7,1391,zu lesen,high,absent,
109709,sukalita,7,1447,fehlerhaft,high,absent,
64311,apratirUpya,7,1487,fehlerhaft,high,absent,
49293,prapAtin,7,1571,fehlerhaft,high,absent,
77908,pat,7,1571,lies,high,absent,
77908,pat,7,1571,zu lesen,high,absent,
77908,pat,7,1571,lies,high,absent,
100272,SuRqa,7,1573,zu lesen,high,absent,
21814,gam,7,1622,zu lesen,high,absent,
29078,talpa,7,1626,zu lesen,high,absent,
29078,talpa,7,1626,st.,medium,absent,
109440,siD,7,1748,zu lesen,high,absent,
116085,har,7,1787,fehlerhaft,high,absent,
116085,har,7,1787,fehlerhaft,high,absent,
57948,mard,7,1831,fehlerhaft,high,absent,
94720,vfkzAraka,7,1872,fehlerhaft,high,absent,
27356,jArUTya,7,2232,zu lesen,high,absent,
42307,par,7,2239,zu lesen,high,absent,
113615,star,7,2350,fehlerhaft,high,absent,
88101,var,7,2386,fehlerhaft,high,absent,
49680,prarohaRa,7,2411,zu lesen,high,absent,
94429,vItahotra,7,2436,fehlerhaft,high,absent,
91581,vid,7,2615,fälschlich,medium,absent,
91581,vid,7,2615,st.,medium,absent,
91581,vid,7,2615,st.,medium,absent,
42113,padmakarRika,7,2674,fehlerhaft,high,absent,
114678,syamantapaYcaka,7,2725,fehlerhaft,high,absent,
42308,par,7,2787,zu lesen,high,absent,
85340,rocana,7,2931,st.,medium,absent,
115415,svaryAti,7,2991,fehlerhaft,high,absent,
116085,har,7,3123,fehlerhaft,high,absent,
88101,var,7,3123,st.,medium,absent,
53875,BaYj,7,3333,lies,high,absent,
111856,susaMgraha,7,3862,fehlerhaft,high,absent,
42307,par,7,3987,zu schreiben,high,absent,
107857,sA,7,5128,fehlerhaft,high,absent,
58007,marz,7,5381,fehlerhaft,high,absent,
109684,su,7,5783,st.,medium,absent,
104663,saMdAna,7,5923,fehlerhaft,high,absent,
83441,raTANga,7,5940,st.,medium,absent,
22667,gup,7,6218,lies,high,absent,
47773,praKya,7,6253,zu lesen,high,absent,
40379,nI,7,6343,fehlerhaft,high,absent,
72214,Kac,7,6379,st.,medium,absent,
69134,odarika,7,6390,fehlerhaft,high,absent,
101797,Sru,7,6403,zu lesen,high,absent,
57252,man,7,6537,zu lesen,high,absent,
86499,luq,7,6624,st.,medium,absent,
43927,pAMsana,7,6736,zu lesen,high,absent,
37922,nalva,7,6786,fälschlich,medium,absent,
117662,hEqambi,7,6822,fehlerhaft,high,absent,
94463,vIragavAkza,7,6944,fehlerhaft,high,absent,
85085,ruz,7,6993,fälschlich,medium,absent,
48135,pratikANkzin,7,7350,zu lesen,high,absent,
79133,pratikANkzin,7,7350,st.,medium,absent,
49739,pravaRa,7,7397,lies,high,absent,
49739,pravaRa,7,7397,lies,high,absent,
108244,sADuvAdin,7,7786,fehlerhaft,high,absent,
112501,sfj,7,7875,fehlerhaft,high,absent,
37694,nam,7,7894,fälschlich,medium,absent,
77161,nimnita,7,7894,st.,medium,absent,
47751,prakza,7,7997,fehlerhaft,high,absent,
47773,praKya,7,7997,zu lesen,high,absent,
47773,praKya,7,7997,st.,medium,absent,
81526,yam,7,8210,st.,medium,absent,
85592,rOhiRinandana,7,8222,fehlerhaft,high,absent,
115989,han,7,8346,zu lesen,high,absent,
115989,han,7,8346,st.,medium,absent,
115027,svapnAy,7,8381,zu lesen,high,absent,
49040,pratyudGAta,7,8433,fehlerhaft,high,absent,
49895,pravegita,7,8590,zu lesen,high,absent,
109684,su,7,8603,st.,medium,absent,
47118,pfSni,7,8728,st.,medium,absent,
60591,miSray,7,8773,zu lesen,high,absent,
60591,miSray,7,8773,st.,medium,absent,
91581,vid,7,8885,fehlerhaft,high,absent,
91583,vid,7,8885,st.,medium,absent,
91857,viDarmika,7,8989,fehlerhaft,high,absent,
90436,vArzika,7,9088,zu lesen,high,absent,
44980,pASana,7,9141,fehlerhaft,high,absent,
53686,brU,7,9226,zu lesen,high,absent,
53686,brU,7,9283,fehlerhaft,high,absent,
104820,saMniDAna,7,9456,zu lesen,high,absent,
104820,saMniDAna,7,9456,st.,medium,absent,
108628,sAyujya,7,9468,zu lesen,high,absent,
75584,dA,7,9499,st.,medium,absent,
40379,nI,7,9557,zu lesen,high,absent,
40379,nI,7,9557,st.,medium,absent,
77582,nI,7,9557,st.,medium,absent,
116549,has,8,500,zu lesen,high,absent,
88101,var,8,601,fehlerhaft,high,absent,
91039,viguRa,8,667,fehlerhaft,high,absent,
115989,han,8,849,statt,medium,absent,
92568,vimarmaDvajajIvita,8,876,fehlerhaft,high,absent,
114485,sPuw,8,885,zu lesen,high,absent,
106569,sarj,8,959,zu lesen,high,absent,
107462,sah,8,1274,zu lesen,high,absent,
51854,barh,8,1464,zu lesen,high,absent,
110241,sudanta,8,1765,fehlerhaft,high,absent,
51365,plu,8,1778,zu lesen,high,absent,
56705,mad,8,1875,zu lesen,high,absent,
70213,kAkavASin,8,1932,st.,medium,absent,
70216,kAkAkft,8,1932,st.,medium,absent,
52579,bAhIka,8,2040,zu lesen,high,absent,
45577,pIla,8,2054,fehlerhaft,high,absent,
95749,vEdeha,8,2056,fehlerhaft,high,absent,
52657,bAhyAlaya,8,2085,st.,medium,absent,
59390,mA,8,2353,zu lesen,high,absent,
116719,hA,8,2611,fehlerhaft,high,absent,
94099,vizvagvAta,8,2801,fälschlich,medium,absent,
103416,saMkawa,8,3018,fehlerhaft,high,absent,
33077,dih,8,3306,zu lesen,high,absent,
97899,Sam,8,3355,zu lesen,high,absent,
97899,Sam,8,3355,st.,medium,absent,
69890,karttar,8,3393,fehlerhaft,high,absent,
24248,GrARa,8,3443,statt,medium,absent,
93208,viSaNkin,8,3505,fehlerhaft,high,absent,
56705,mad,8,3509,druckfehler,high,absent,
51674,Penila,8,3902,statt,medium,absent,
37436,nagnajit,8,4040,zu lesen,high,absent,
74796,tan,8,4205,lies,high,absent,
74796,tan,8,4205,zu lesen,high,absent,
110546,supattrita,8,4246,zu lesen,high,absent,
98510,SA,8,4246,fälschlich,medium,absent,
110546,supattrita,8,4246,st.,medium,absent,
98457,Sas,8,4287,zu lesen,high,absent,
98457,Sas,8,4287,st.,medium,absent,
62327,mOneya,8,4424,fälschlich,medium,absent,
62327,mOneya,8,4424,fälschlich,medium,absent,
95399,vedikA,8,4712,zu lesen,high,absent,
95738,vEdika,8,4712,fehlerhaft,high,absent,
96225,vyaj,9,48,fehlerhaft,high,absent,
101797,Sru,9,107,st.,medium,absent,
38488,nAyaka,9,221,st.,medium,absent,
115989,han,9,249,statt,medium,absent,
107838,sahodara,9,258,fehlerhaft,high,absent,
82186,yuj,9,282,statt,medium,absent,
51370,pluz,9,300,fehlerhaft,high,absent,
59733,mAdrinandana,9,764,st.,medium,absent,
104800,saMnahanIya,9,890,fehlerhaft,high,absent,
102902,saMvikASa,9,896,fehlerhaft,high,absent,
89278,vA,9,947,druckfehler,high,absent,
104814,saMnikASa,9,986,fälschlich,medium,absent,
62711,aNkuSa,9,1005,zu lesen,high,absent,
36484,DA,9,1074,fehlerhaft,high,absent,
102891,saMvArya,9,1166,st.,medium,absent,
103677,saMGarza,9,1251,zu lesen,high,absent,
103678,saMGarzaRa,9,1251,zu lesen,high,absent,
103678,saMGarzaRa,9,1251,statt,medium,absent,
87756,vanaga,9,1334,fehlerhaft,high,absent,
120404,dvyaNga,9,1388,fehlerhaft,high,absent,
49864,pravivikzu,9,1596,fehlerhaft,high,absent,
49864,pravivikzu,9,1596,zu lesen,high,absent,
49864,pravivikzu,9,1596,st.,medium,absent,
107462,sah,9,1685,zu lesen,high,absent,
88037,vapra,9,1795,st.,medium,absent,
92168,vipaRi,9,2000,fälschlich,medium,absent,
114765,sru,9,2207,st.,medium,absent,
85715,lag,9,2254,fälschlich,medium,absent,
92070,vinirvahaRa,9,2364,fehlerhaft,high,absent,
21814,gam,9,2367,fehlerhaft,high,absent,
64207,apahAra,9,2386,fehlerhaft,high,absent,
107462,sah,9,2458,zu lesen,high,absent,
47176,pfzWatas,9,2487,fehlerhaft,high,absent,
47173,pfzWaja,9,2487,st.,medium,absent,
54820,BAsvara,9,2533,statt,medium,absent,
104602,saMtarjana,9,2560,zu lesen,high,absent,
104602,saMtarjana,9,2560,st.,medium,absent,
44120,pARikUrcan,9,2578,zu lesen,high,absent,
44120,pARikUrcan,9,2578,st.,medium,absent,
97476,SataMjayA,9,2624,fehlerhaft,high,absent,
42000,pad,9,2847,zu lesen,high,absent,
104247,sad,9,3328,fehlerhaft,high,absent,
114979,svanta,9,3438,fehlerhaft,high,absent,
74139,jan,9,3482,zu lesen,high,absent,
50115,prasADana,9,3527,fehlerhaft,high,absent,
81807,yas,9,3586,fehlerhaft,high,absent,
83977,rAj,9,3608,zu lesen,high,absent,
25298,ci,9,3620,falsch,medium,absent,
77943,pad,10,80,lies,high,absent,
33633,durdaSA,10,83,zu lesen,high,absent,
86295,lAlasa,10,84,zu lesen,high,absent,
86295,lAlasa,10,84,st.,medium,absent,
95614,vEkfti,10,116,fehlerhaft,high,absent,
104451,sadvftta,10,128,st.,medium,absent,
87302,vac,10,222,zu lesen,high,absent,
107857,sA,10,344,fälschlich,medium,absent,
105746,samitar,10,357,fehlerhaft,high,absent,
41788,pat,10,392,zu lesen,high,absent,
87647,vad,10,504,zu lesen,high,absent,
48217,praticakra,10,644,zu lesen,high,absent,
60915,muYjavant,10,785,falsch,medium,absent,
109138,sic,10,7329,fehlerhaft,high,absent,
109138,sic,10,7329,st.,medium,absent,
55954,Brajj,11,97,lies,high,absent,
40314,nisrava,11,161,zu lesen,high,absent,
116085,har,11,352,fehlerhaft,high,absent,
88101,var,11,457,zu lesen,high,absent,
114339,spand,11,473,fehlerhaft,high,absent,
105881,samudDarza,11,492,fehlerhaft,high,absent,
83677,raSanA,11,693,fehlerhaft,high,absent,
83677,raSanA,11,693,lies,high,absent,
83677,raSanA,11,693,fälschlich,medium,absent,
113520,stana,11,11021,zu lesen,high,absent,
35359,dru,12,276,fehlerhaft,high,absent,
90523,vAS,12,389,st.,medium,absent,
101574,Sri,12,518,fälschlich,medium,absent,
89479,vAcCalya,12,535,fehlerhaft,high,absent,
74383,ji,12,765,lies,high,absent,
74383,ji,12,765,st.,medium,absent,
35124,dOzmanti,12,938,lies,high,absent,
24902,car,12,1203,lies,high,absent,
101360,SyAvadant,12,1210,zu lesen,high,absent,
60883,muc,12,1213,fehlerhaft,high,absent,
96917,vratika,12,1336,fehlerhaft,high,absent,
41796,pataMga,12,1510,lies,high,absent,
41796,pataMga,12,1510,st.,medium,absent,
90789,vikaRwaka,12,1585,fehlerhaft,high,absent,
101574,Sri,12,1799,fehlerhaft,high,absent,
69116,oGavant,12,1812,fälschlich,medium,absent,
54387,BA,12,1878,zu lesen,high,absent,
87647,vad,12,1899,zu lesen,high,absent,
87647,vad,12,1899,st.,medium,absent,
23861,glA,12,1940,st.,medium,absent,
110502,sunITa,12,2214,st.,medium,absent,
63522,anu,12,2383,lies,high,absent,
63522,anu,12,2383,lies,high,absent,
63522,anu,12,2383,st.,medium,absent,
63522,anu,12,2383,st.,medium,absent,
63522,anu,12,2383,st.,medium,absent,
103218,saMhanana,12,2420,zu lesen,high,absent,
61106,muz,12,2562,zu lesen,high,absent,
104720,saMDAna,12,2662,zu lesen,high,absent,
57923,marC,12,2939,fehlerhaft,high,absent,
106215,saMbuboDayizu,12,3072,zu lesen,high,absent,
101797,Sru,12,3127,fehlerhaft,high,absent,
92731,viyojana,12,3213,fehlerhaft,high,absent,
75494,danDvana,12,3241,st.,medium,absent,
81815,yA,12,3283,st.,medium,absent,
88517,vartavya,12,3339,fehlerhaft,high,absent,
35047,doha,12,3517,statt,medium,absent,
113665,stu,12,3606,fehlerhaft,high,absent,
115989,han,12,3724,zu lesen,high,absent,
115989,han,12,3724,st.,medium,absent,
87302,vac,12,3767,zu lesen,high,absent,
93196,viS,12,3767,fälschlich,medium,absent,
114339,spand,12,3881,fehlerhaft,high,absent,
99142,SAs,12,3920,fehlerhaft,high,absent,
104816,saMnicaya,12,3975,zu lesen,high,absent,
27838,jYA,12,3993,zu lesen,high,absent,
81526,yam,12,4010,zu lesen,high,absent,
88101,var,12,4010,fehlerhaft,high,absent,
88101,var,12,4010,fehlerhaft,high,absent,
81526,yam,12,4010,st.,medium,absent,
101574,Sri,12,4102,fehlerhaft,high,absent,
24902,car,12,4195,falsch,medium,absent,
93196,viS,12,4263,fehlerhaft,high,absent,
72486,gaRay,12,4287,zu lesen,high,absent,
105320,samanvaya,12,4287,zu lesen,high,absent,
105320,samanvaya,12,4287,st.,medium,absent,
95597,vEkalpa,12,4361,fehlerhaft,high,absent,
37259.225,tIkzRakarman,12,4429,zu lesen,high,absent,
106410,sar,12,4475,fehlerhaft,high,absent,
42000,pad,12,4653,zu lesen,high,absent,
42000,pad,12,4653,st.,medium,absent,
43537,paryApti,12,4716,zu lesen,high,absent,
62915,ati,12,4840,fehlerhaft,high,absent,
52045,balvI,12,4841,fehlerhaft,high,absent,
93196,viS,12,4849,fehlerhaft,high,absent,
28871,tar,12,5003,fehlerhaft,high,absent,
98457,Sas,12,5067,fehlerhaft,high,absent,
78717,punarAvftti,12,5091,zu lesen,high,absent,
71955,klid,12,5163,lies,high,absent,
79225,prativAtam,12,5210,lies,high,absent,
79225,prativAtam,12,5210,st.,medium,absent,
36889,DUmAy,12,5265,zu lesen,high,absent,
76644,DUmaka,12,5334,fehlerhaft,high,absent,
48047,praRASin,12,5464,fälschlich,medium,absent,
105531,samAtman,12,5870,st.,medium,absent,
83005,raj,12,5908,lies,high,absent,
112939,somava,12,6143,fehlerhaft,high,absent,
50007,praSni,12,6144,fehlerhaft,high,absent,
90578,vAsay,12,6349,fehlerhaft,high,absent,
93196,viS,12,6480,fehlerhaft,high,absent,
60883,muc,12,6573,st.,medium,absent,
87084,va,12,6597,st.,medium,absent,
91583,vid,12,6603,fälschlich,medium,absent,
85042,ruD,12,6676,st.,medium,absent,
25333,cikkaRa,12,6854,fälschlich,medium,absent,
95554,vezw,12,6867,fehlerhaft,high,absent,
95554,vezw,12,6867,fehlerhaft,high,absent,
63342,an,12,6883,st.,medium,absent,
23656,graB,12,6977,st.,medium,absent,
51365,plu,12,7713,zu lesen,high,absent,
15743,kalka,12,7803,falsch,medium,absent,
87515,vawakaRIkA,12,7909,st.,medium,absent,
87515,vawakaRIkA,12,7909,st.,medium,absent,
35027,dozavant,12,8037,fehlerhaft,high,absent,
114559,smaya,12,8198,fehlerhaft,high,absent,
65676,aS,12,8266,lies,high,absent,
27412,ji,12,8465,zu lesen,high,absent,
102852,saMvargavidyA,12,8472,fehlerhaft,high,absent,
60452,mitrasaha,12,8604,zu lesen,high,absent,
60452,mitrasaha,12,8604,st.,medium,absent,
39843,nivIta,12,8949,fehlerhaft,high,absent,
64587,aBisaMjYikA,12,9095,fehlerhaft,high,absent,
95554,vezw,12,9119,zu lesen,high,absent,
104247,sad,12,9128,zu lesen,high,absent,
105789,samIcCA,12,9363,fehlerhaft,high,absent,
112214,sUtray,12,9671,st.,medium,absent,
75464,daRqaviDAna,12,9964,fehlerhaft,high,absent,
90578,vAsay,12,10038,zu lesen,high,absent,
104620,saMtApitar,12,10406,zu lesen,high,absent,
104620,saMtApitar,12,10406,st.,medium,absent,
24956,carucelin,12,10419,zu lesen,high,absent,
36000,Dawin,12,10419,fehlerhaft,high,absent,
40379,nI,12,10502,st.,medium,absent,
40628,nud,12,10728,lies,high,absent,
109138,sic,12,10742,zu lesen,high,absent,
117456,hflleKa,12,10821,zu lesen,high,absent,
117456,hflleKa,12,10821,st.,medium,absent,
45937,punIta,12,11074,zu lesen,high,absent,
92373,viplavatA,12,11148,fehlerhaft,high,absent,
96463,vyA,12,11192,zu lesen,high,absent,
106217,saMboDa,12,11289,fehlerhaft,high,absent,
66842,Aryavaka,12,11565,fehlerhaft,high,absent,
66814,Arjavaka,12,11565,fälschlich,medium,absent,
77908,pat,12,12061,lies,high,absent,
44730,pAripAnTika,12,12100,fehlerhaft,high,absent,
113468,skanDarAja,12,12327,fehlerhaft,high,absent,
54387,BA,12,12401,fehlerhaft,high,absent,
54387,BA,12,12401,fehlerhaft,high,absent,
89277,vA,12,12401,zu lesen,high,absent,
89277,vA,12,12401,st.,medium,absent,
34001,duzprApta,12,12642,fehlerhaft,high,absent,
40308,nispanda,12,12704,lies,high,absent,
106143,saMprayARa,12,13204,st.,medium,absent,
104240,satvant,12,13237,zu lesen,high,absent,
104240,satvant,12,13237,st.,medium,absent,
104986,saptatriMSat,12,13257,zu schreiben,high,absent,
103888,saMjYikA,12,13382,fehlerhaft,high,absent,
81094,yat,12,13789,zu lesen,high,absent,
48303,pratiniDi,13,49,st.,medium,absent,
27412,ji,13,131,zu lesen,high,absent,
88916,vas,13,205,st.,medium,absent,
103843,saYj,13,210,zu lesen,high,absent,
93196,viS,13,237,zu lesen,high,absent,
81815,yA,13,341,fehlerhaft,high,absent,
81526,yam,13,382,zu lesen,high,absent,
78170,paritrARa,13,627,st.,medium,absent,
95893,vEyAGrapAda,13,634,fehlerhaft,high,absent,
99828,SI,13,686,fehlerhaft,high,absent,
106996,sarvavAdin,13,743,fehlerhaft,high,absent,
86767,lokAloka,13,802,zu lesen,high,absent,
86767,lokAloka,13,802,st.,medium,absent,
88730,valasUdana,13,828,fälschlich,medium,absent,
17467,kuc,13,882,lies,high,absent,
113472,skanDaviSAKa,13,907,fehlerhaft,high,absent,
106775,sarvataHpARipAda,13,1013,zu lesen,high,absent,
101863,Srutimant,13,1014,fehlerhaft,high,absent,
85736,laGiman,13,1015,zu lesen,high,absent,
85736,laGiman,13,1015,st.,medium,absent,
80890,yajurmaya,13,1085,st.,medium,absent,
113665,stu,13,1276,druckfehler,high,absent,
65826,as,13,1323,fehlerhaft,high,absent,
104247,sad,13,1336,st.,medium,absent,
116085,har,13,1393,zu lesen,high,absent,
40858,nezwu,13,1541,druckfehler,high,absent,
45644,pukkaSa,13,1552,zu lesen,high,absent,
93713,viz,13,1580,lies,high,absent,
39601,niryAtaka,13,1590,zu lesen,high,absent,
68778,fRa,13,1592,fälschlich,medium,absent,
79809,bawu,13,1625,fehlerhaft,high,absent,
33916,duz,13,1683,falsch,medium,absent,
49264,prapatana,13,1715,zu lesen,high,absent,
49264,prapatana,13,1715,st.,medium,absent,
38843,nitamBU,13,1765,fehlerhaft,high,absent,
36831,DU,13,1800,lies,high,absent,
13166,fzItata,13,1851,zu lesen,high,absent,
99505,Silatari,13,1860,fehlerhaft,high,absent,
33916,duz,13,1880,zu lesen,high,absent,
33916,duz,13,1880,st.,medium,absent,
45644,pukkaSa,13,1901,fälschlich,medium,absent,
29994,tud,13,1926,lies,high,absent,
109138,sic,13,1952,fehlerhaft,high,absent,
67877,udAyuDa,13,1979,zu lesen,high,absent,
23656,graB,13,1998,fehlerhaft,high,absent,
110088,sucetas,13,2000,fehlerhaft,high,absent,
116719,hA,13,2028,zu lesen,high,absent,
15726,kalinda,13,2104,druckfehler,high,absent,
93196,viS,13,2115,zu lesen,high,absent,
93196,viS,13,2115,st.,medium,absent,
106410,sar,13,2142,zu lesen,high,absent,
106410,sar,13,2150,fehlerhaft,high,absent,
64534,aBilaNGana,13,2194,fehlerhaft,high,absent,
65827,as,13,2430,lies,high,absent,
81827,yAc,13,2438,fehlerhaft,high,absent,
26483,jan,13,2581,zu lesen,high,absent,
113179,sOpAka,13,2589,zu lesen,high,absent,
61370,mUlavyasana,13,2589,statt,medium,absent,
68220,upaDvaMsaja,13,2617,fehlerhaft,high,absent,
64083,apaDvaMsa,13,2617,fälschlich,medium,absent,
42833,paritrAsa,13,2662,zu lesen,high,absent,
104890,sap,13,2744,fehlerhaft,high,absent,
86635,lok,13,2752,zu lesen,high,absent,
89199,vah,13,2760,st.,medium,absent,
83835,rasAla,13,2771,statt,medium,absent,
82180,yugya,13,2793,fälschlich,medium,absent,
65787,azwapadikA,13,2831,st.,medium,absent,
67140,i,13,2980,zu lesen,high,absent,
88526,vartin,13,3033,lies,high,absent,
97899,Sam,13,3038,zu lesen,high,absent,
67958,udDaraRa,13,3057,zu lesen,high,absent,
105747,samiti,13,3187,zu schreiben,high,absent,
105747,samiti,13,3187,zu schreiben,high,absent,
67020,ASleza,13,3262,st.,medium,absent,
51596,PARita,13,3264,zu lesen,high,absent,
84146,rAjamAsa,13,3282,fehlerhaft,high,absent,
84144,rAjamAza,13,3282,fälschlich,medium,absent,
93196,viS,13,3453,fehlerhaft,high,absent,
93196,viS,13,3453,statt,medium,absent,
44628,pAradArin,13,3567,fehlerhaft,high,absent,
50219,prasnava,13,3683,fehlerhaft,high,absent,
86437,lih,13,3872,fehlerhaft,high,absent,
117242,hu,13,4110,st.,medium,absent,
94370,vIj,13,4252,fälschlich,medium,absent,
43192,pariSrita,13,4291,zu lesen,high,absent,
43192,pariSrita,13,4291,st.,medium,absent,
116915,hiNgu,13,4363,zu lesen,high,absent,
118050,ajAjI,13,4365,lies,high,absent,
118050,ajAjI,13,4365,st.,medium,absent,
85042,ruD,13,4530,fehlerhaft,high,absent,
97760,Sap,13,4560,st.,medium,absent,
105532,samAdAna,13,4581,fälschlich,medium,absent,
55166,BU,13,4640,zu lesen,high,absent,
51609,PAlitA,13,4718,druckfehler,high,absent,
68603,ullApika,13,4737,falsch,medium,absent,
64535,aBilaNGin,13,4964,fehlerhaft,high,absent,
27838,jYA,13,4979,st.,medium,absent,
27838,jYA,13,4979,st.,medium,absent,
99227,SikzA,13,4991,fehlerhaft,high,absent,
55954,Brajj,13,5025,fehlerhaft,high,absent,
21814,gam,13,5027,zu lesen,high,absent,
94798,vfttitva,13,5115,fehlerhaft,high,absent,
91581,vid,13,5186,fehlerhaft,high,absent,
91581,vid,13,5186,fehlerhaft,high,absent,
65351,avaguRa,13,5207,st.,medium,absent,
91581,vid,13,5384,st.,medium,absent,
91583,vid,13,5384,fälschlich,medium,absent,
90487,vAlukA,13,5491,zu lesen,high,absent,
26013,cOrikAka,13,5521,zu lesen,high,absent,
65070,arj,13,5551,fehlerhaft,high,absent,
116015,hantavya,13,5634,fehlerhaft,high,absent,
40469,nIruja,13,5635,fälschlich,medium,absent,
22838,gfDna,13,5640,druckfehler,high,absent,
61162,muh,13,5682,st.,medium,absent,
27574,jIvaka,13,5741,zu lesen,high,absent,
27574,jIvaka,13,5741,st.,medium,absent,
109682,su,13,5850,fehlerhaft,high,absent,
113579,staB,13,5891,zu lesen,high,absent,
103843,saYj,13,5904,fehlerhaft,high,absent,
60618,mih,13,5979,fehlerhaft,high,absent,
85270,revant,13,6236,zu lesen,high,absent,
85270,revant,13,6242,zu lesen,high,absent,
85270,revant,13,6242,st.,medium,absent,
106410,sar,13,6321,fälschlich,medium,absent,
111845,susaMsfzwa,13,6460,fehlerhaft,high,absent,
17594,kuqI,13,6471,fehlerhaft,high,absent,
103843,saYj,13,6476,fehlerhaft,high,absent,
81526,yam,13,6699,zu lesen,high,absent,
101745,SrIvatsa,13,6808,zu lesen,high,absent,
102040,Sliz,13,6812,st.,medium,absent,
120956,pUj,13,6852,lies,high,absent,
120956,pUj,13,6852,st.,medium,absent,
116719,hA,13,6907,st.,medium,absent,
104747,saMDimant,13,6971,st.,medium,absent,
34271,dfQavya,13,7112,fehlerhaft,high,absent,
109138,sic,13,7329,zu lesen,high,absent,
109138,sic,13,7329,st.,medium,absent,
23861,glA,13,7365,st.,medium,absent,
88101,var,13,7473,zu lesen,high,absent,
60544,miD,13,7510,zu lesen,high,absent,
60544,miD,13,7510,st.,medium,absent,
24376,cakrin,13,7570,st.,medium,absent,
116716,hahA,13,7639,zu lesen,high,absent,
37008,DfzwaraTa,13,7676,zu lesen,high,absent,
103114,saMskaraRa,13,7713,fälschlich,medium,absent,
28717,tap,14,21,zu lesen,high,absent,
116085,har,14,115,zu lesen,high,absent,
57948,mard,14,228,fehlerhaft,high,absent,
59390,mA,14,237,zu lesen,high,absent,
59390,mA,14,237,st.,medium,absent,
59390,mA,14,237,st.,medium,absent,
109440,siD,14,249,zu lesen,high,absent,
55166,BU,14,474,zu lesen,high,absent,
55050,Buj,14,562,lies,high,absent,
82186,yuj,14,562,fälschlich,medium,absent,
83705,ras,14,571,fehlerhaft,high,absent,
65920,asUy,14,603,fehlerhaft,high,absent,
106410,sar,14,758,fälschlich,medium,absent,
119138,uru,14,879,zu lesen,high,absent,
28981,tark,14,913,lies,high,absent,
29010,tarj,14,913,fehlerhaft,high,absent,
50772,prAnAqI,14,989,fehlerhaft,high,absent,
51178,pretyaBAvika,14,1039,fehlerhaft,high,absent,
96328,vyaBicArin,14,1111,zu lesen,high,absent,
90142,vAraka,14,1130,fehlerhaft,high,absent,
90142,vAraka,14,1130,fehlerhaft,high,absent,
104875,saMnyAsin,14,1196,zu lesen,high,absent,
103521,saMkleSa,14,1236,fehlerhaft,high,absent,
103043,saMSleza,14,1236,st.,medium,absent,
64960,arajas,14,1283,st.,medium,absent,
86101,lavaRa,14,1411,zu lesen,high,absent,
86101,lavaRa,14,1411,st.,medium,absent,
98188,Sarkara,14,1540,st.,medium,absent,
9940,i,14,1558,fehlerhaft,high,absent,
107795,sahAyavant,14,1695,zu schreiben,high,absent,
115989,han,14,1814,fälschlich,medium,absent,
55050,Buj,14,1852,st.,medium,absent,
84873,ruc,14,1881,zu lesen,high,absent,
84873,ruc,14,1881,st.,medium,absent,
113579,staB,14,1899,zu lesen,high,absent,
116085,har,14,1932,zu lesen,high,absent,
57252,man,14,2109,zu lesen,high,absent,
57252,man,14,2109,st.,medium,absent,
39775,nirhrAda,14,2118,fälschlich,medium,absent,
102984,saMSaptaka,14,2172,fälschlich,medium,absent,
64055,apacAyin,14,2198,zu lesen,high,absent,
64055,apacAyin,14,2198,zu lesen,high,absent,
68146,upacAyin,14,2198,fehlerhaft,high,absent,
64055,apacAyin,14,2198,statt,medium,absent,
118938,Ikz,14,2201,lies,high,absent,
118938,Ikz,14,2201,zu lesen,high,absent,
118938,Ikz,14,2201,st.,medium,absent,
103267,saMhlAda,14,2202,fehlerhaft,high,absent,
103267,saMhlAda,14,2202,fehlerhaft,high,absent,
106569,sarj,14,2208,zu lesen,high,absent,
28871,tar,14,2310,lies,high,absent,
107462,sah,14,2352,fehlerhaft,high,absent,
49253,pranftya,14,2639,fehlerhaft,high,absent,
84408,rAtrI,14,2668,fehlerhaft,high,absent,
91581,vid,14,2678,fehlerhaft,high,absent,
90375,vArdDaka,14,2747,zu lesen,high,absent,
90375,vArdDaka,14,2747,st.,medium,absent,
45776,put,14,2752,zu lesen,high,absent,
40628,nud,14,2780,lies,high,absent,
47782,praKyAla,14,2852,fehlerhaft,high,absent,
95778,vEdyasika,14,2852,fehlerhaft,high,absent,
55885,Bojya,15,10,zu lesen,high,absent,
55885,Bojya,15,10,st.,medium,absent,
43801,paS,15,82,zu lesen,high,absent,
92652,vimuKa,15,93,fehlerhaft,high,absent,
68213,upaDA,15,183,zu lesen,high,absent,
54474,BAjya,15,201,fehlerhaft,high,absent,
48066,praRetar,15,208,lies,high,absent,
32399,dA,15,241,lies,high,absent,
51365,plu,15,421,zu lesen,high,absent,
95179,veRI,15,630,fehlerhaft,high,absent,
104610,saMtAnaka,15,708,st.,medium,absent,
13958,Odumbara,15,726,lies,high,absent,
51077,prI,15,742,lies,high,absent,
114391,sparh,15,826,zu lesen,high,absent,
114391,sparh,15,826,st.,medium,absent,
103225,saMharza,15,840,st.,medium,absent,
103677,saMGarza,15,840,st.,medium,absent,
106569,sarj,15,934,fehlerhaft,high,absent,
56343,maYjizWa,16,44,fehlerhaft,high,absent,
75841,duranta,16,109,zu lesen,high,absent,
62349,mOlya,16,195,fehlerhaft,high,absent,
85093,ruh,16,200,lies,high,absent,
88101,var,17,27,zu lesen,high,absent,
88101,var,17,27,st.,medium,absent,
48224,praticikIrzu,18,21,fehlerhaft,high,absent,
116085,har,18,76,zu lesen,high,absent,
58721,mahABArata,18,192,zu lesen,high,absent,
58721,mahABArata,18,192,st.,medium,absent,
111464,suvarRaka,18,306,st.,medium,absent,
49320,prapUrvaga,1,722,zu schreiben,high,corroborated,0
97001,SaMs,1,722,zu lesen,high,corroborated,0
97001,SaMs,1,722,st.,medium,corroborated,0
15789,kalya,1,865,lies,high,corroborated,0
15789,kalya,1,865,st.,medium,corroborated,0
61994,menakA,1,943,fälschlich,medium,corroborated,1
35683,dvijihva,1,1543,falsch,medium,corroborated,0
27984,jyotika,1,1558,fehlerhaft,high,corroborated,0
57588,manda,1,1905,zu lesen,high,corroborated,0
49908,pravepana,1,2150,fälschlich,medium,corroborated,0
19368,kolAhala,1,2367,fälschlich,medium,corroborated,1
61005,muni,1,2520,st.,medium,corroborated,0
91766,vidyutparRA,1,2557,fälschlich,medium,corroborated,0
116882,hAhA,1,2559,zu lesen,high,corroborated,0
76821,nayana,1,2580,zu lesen,high,corroborated,0
76821,nayana,1,2580,st.,medium,corroborated,0
30785,trayastriMSat,1,2601,st.,medium,corroborated,0
82480,yogAcArya,1,2607,fehlerhaft,high,corroborated,0
112537,sfmara,1,2626,unrichtig,medium,corroborated,0
35574,dvApara,1,2713,zu lesen,high,corroborated,1
37847,narizyant,1,3140,zu lesen,high,corroborated,0
46684,pUru,1,3160,zu lesen,high,corroborated,0
35421,druhyu,1,3160,fälschlich,medium,corroborated,2
54640,BArgava,1,3217,st.,medium,corroborated,1
49291,prapAta,1,3652,fälschlich,medium,corroborated,1
60453,mitrasAha,1,3690,zu lesen,high,corroborated,1
7611,ahaMyAti,1,3767,druckfehler,high,corroborated,0
48619,pratiSravas,1,3796,fehlerhaft,high,corroborated,1
32738,dASeya,1,4015,fälschlich,medium,corroborated,1
44229,pAtaka,1,4203,zu lesen,high,corroborated,2
44229,pAtaka,1,4203,st.,medium,corroborated,2
77527,nizparigraha,1,4600,st.,medium,corroborated,0
28354,takz,1,4605,lies,high,corroborated,0
88523,vartitavya,1,4893,statt,medium,corroborated,0
20033,klIba,1,5142,lies,high,corroborated,-1
45294,pitfzvasar,1,7151,fälschlich,medium,corroborated,0
86664,lokanATa,2,9,fälschlich,medium,corroborated,-3
47277,pENga,2,112,zu lesen,high,corroborated,0
61125,muzwi,2,198,fälschlich,medium,corroborated,0
93388,viSva,2,303,zu lesen,high,corroborated,0
40016,nizada,2,326,fehlerhaft,high,corroborated,0
51405,PaRavant,2,363,zu lesen,high,corroborated,1
87077,lOhitya,2,374,st.,medium,corroborated,1
113683,stutiSastra,2,452,fehlerhaft,high,corroborated,0
102946,saMvftti,2,459,fehlerhaft,high,corroborated,1
102946,saMvftti,2,459,fehlerhaft,high,corroborated,1
15249,karUza,2,577,zu lesen,high,corroborated,0
87204,vakradanta,2,577,st.,medium,corroborated,0
111944,susTala,2,590,zu lesen,high,corroborated,0
111944,susTala,2,590,st.,medium,corroborated,0
102764,saMyuga,2,680,zu lesen,high,corroborated,1
95612,vEkfta,2,854,zu lesen,high,corroborated,0
98558,SAkala,2,999,fehlerhaft,high,corroborated,-1
84843,rukma,2,1256,falsch,medium,corroborated,3
54346,Baz,2,1424,zu lesen,high,corroborated,3
54346,Baz,2,1424,st.,medium,corroborated,3
89483,vAcyatA,2,1657,zu lesen,high,corroborated,2
89483,vAcyatA,2,1657,st.,medium,corroborated,2
54187,Barita,2,2061,st.,medium,corroborated,0
108433,sAman,2,2627,zu lesen,high,corroborated,0
42647,parikarzaRa,2,2692,zu lesen,high,corroborated,1
32024,dama,3,121,lies,high,corroborated,0
32024,dama,3,121,st.,medium,corroborated,0
96153,vEhAyasa,3,638,zu lesen,high,corroborated,0
49739,pravaRa,3,662,zu lesen,high,corroborated,0
49739,pravaRa,3,662,st.,medium,corroborated,0
49739,pravaRa,3,662,st.,medium,corroborated,0
60902,muYja,3,986,druckfehler,high,corroborated,0
61190,mUka,3,1557,lies,high,corroborated,0
61190,mUka,3,1557,st.,medium,corroborated,0
113871,sTaRqila,3,1615,fehlerhaft,high,corroborated,0
39318,niruja,3,1640,fehlerhaft,high,corroborated,0
81259,yaTApUrva,3,1754,zu schreiben,high,corroborated,0
91867,viDAtavya,3,1802,zu lesen,high,corroborated,1
57429,manoraTa,3,1820,zu lesen,high,corroborated,1
113205,sOBAgya,3,2081,zu lesen,high,corroborated,1
88301,varuRa,3,2171,fehlerhaft,high,corroborated,0
58080,malina,3,2338,zu lesen,high,corroborated,0
81147,yatra,3,2368,st.,medium,corroborated,0
60501,miTyA,3,2414,falsch,medium,corroborated,0
91213,vicyuti,3,2565,zu lesen,high,corroborated,0
57588,manda,3,2661,zu lesen,high,corroborated,0
72313,Kalu,3,2675,lies,high,corroborated,0
72313,Kalu,3,2675,st.,medium,corroborated,0
81142,yatna,3,2807,zu lesen,high,corroborated,0
85641,lakzay,3,2922,zu lesen,high,corroborated,1
40893,nEtyaka,3,8083,falsch,medium,corroborated,0
89991,vAmana,3,8108,fehlerhaft,high,corroborated,0
95694,vEtaraRa,3,8148,druckfehler,high,corroborated,0
14804,kanyakubja,3,8313,zu lesen,high,corroborated,0
90750,viMSati,3,8379,zu lesen,high,corroborated,0
53268,braDnaSva,3,8606,fehlerhaft,high,corroborated,0
65240,alaka,3,11813,lies,high,corroborated,0
100910,SEla,3,12141,fehlerhaft,high,corroborated,0
96002,vEvasvata,3,12755,zu lesen,high,corroborated,-2
79188,pratiBA,3,12799,zu lesen,high,corroborated,-3
87755,vanaKaRqa,3,13147,fehlerhaft,high,corroborated,-1
113287,sOraTa,3,13297,fehlerhaft,high,corroborated,0
53080,bfhadgarBa,3,13321,fehlerhaft,high,corroborated,0
98396,SaSAda,3,13515,st.,medium,corroborated,0
114981,svap,3,13984,fehlerhaft,high,corroborated,0
114872,svaj,3,14724,zu lesen,high,corroborated,0
13462,ekEkaSya,3,14903,statt,medium,corroborated,0
85886,lajj,3,15213,zu lesen,high,corroborated,-1
101021,SESupAla,3,15252,fehlerhaft,high,corroborated,-1
108384,sAptapada,3,15439,fälschlich,medium,corroborated,0
41515,paYcaSata,3,15628,zu schreiben,high,corroborated,-3
61440,mfga,3,15670,zu lesen,high,corroborated,-1
61440,mfga,3,15670,st.,medium,corroborated,-1
43687,palAyana,3,15772,zu lesen,high,corroborated,1
29355,tAra,3,16110,fälschlich,medium,corroborated,-1
85650,lakzmaRa,3,16198,fehlerhaft,high,corroborated,2
20082,kzaRadAcara,3,16357,fälschlich,medium,corroborated,-2
59841,mAnava,3,16637,fehlerhaft,high,corroborated,0
108519,sAmIpya,3,16665,zu lesen,high,corroborated,0
108519,sAmIpya,3,16665,st.,medium,corroborated,0
101448,Srama,3,16775,zu lesen,high,corroborated,0
99133,SASvata,3,16806,fehlerhaft,high,corroborated,0
46024,purA,3,16846,st.,medium,corroborated,2
96356,vyalIka,3,17004,zu lesen,high,corroborated,0
57557,manTa,3,17228,zu lesen,high,corroborated,-1
57557,manTa,3,17228,st.,medium,corroborated,-1
85625,lakzaRa,4,70,st.,medium,corroborated,0
89873,vAdin,4,99,zu lesen,high,corroborated,0
84187,rAjavasati,4,120,zu lesen,high,corroborated,0
45704,puRqarIka,4,259,zu lesen,high,corroborated,0
107320,savarRavarRa,4,294,fehlerhaft,high,corroborated,0
116888,hiMs,4,446,zu lesen,high,corroborated,0
90535,vASitA,4,512,zu lesen,high,corroborated,0
90535,vASitA,4,512,st.,medium,corroborated,0
61262,mUrC,4,515,zu lesen,high,corroborated,0
105980,samupAlamBa,4,648,zu lesen,high,corroborated,0
105980,samupAlamBa,4,648,st.,medium,corroborated,0
116888,hiMs,4,728,st.,medium,corroborated,-2
116888,hiMs,4,728,st.,medium,corroborated,-2
71681,koSa,4,964,fehlerhaft,high,corroborated,0
90818,vikarzaRa,4,1386,zu lesen,high,corroborated,-1
36813,Dur,4,1414,zu lesen,high,corroborated,0
81304,yaTAmAnam,4,1771,st.,medium,corroborated,0
14598,katara,4,1969,lies,high,corroborated,-1
79054,pragAQa,4,1977,zu lesen,high,corroborated,-2
39277,nirASa,4,2034,zu lesen,high,corroborated,0
42582,parAyaRa,4,2269,st.,medium,corroborated,0
42582,parAyaRa,4,2269,st.,medium,corroborated,0
60905,muYjakeSa,5,77,fälschlich,medium,corroborated,0
103473,saMkula,5,106,zu lesen,high,corroborated,0
58556,mahAnasa,5,698,fehlerhaft,high,corroborated,0
6806,avisTala,5,934,zu lesen,high,corroborated,0
23661,gras,5,1107,st.,medium,corroborated,0
51454,Pal,5,1117,st.,medium,corroborated,0
62316,mOna,5,1621,fälschlich,medium,corroborated,0
95253,veda,5,1663,zu lesen,high,corroborated,-1
122576,sAdfSya,5,1747,zu lesen,high,corroborated,-1
122576,sAdfSya,5,1747,st.,medium,corroborated,-1
83439,raTAgra,5,1832,fehlerhaft,high,corroborated,-1
48777,pratIpa,5,2041,zu lesen,high,corroborated,0
105820,samucCeda,5,2150,zu lesen,high,corroborated,-1
35489,drORI,5,2191,fehlerhaft,high,corroborated,1
46137,purumitra,5,2207,lies,high,corroborated,0
95431,vedya,5,2562,zu lesen,high,corroborated,0
105728,samAsTa,5,6029,fehlerhaft,high,corroborated,2
96006,vEvAhika,5,6073,zu lesen,high,corroborated,0
83480,raTezA,5,7214,zu lesen,high,corroborated,0
103877,saMjYA,5,7278,zu schreiben,high,corroborated,0
59010,mahAvrata,5,7281,zu lesen,high,corroborated,0
54581,BArata,5,7283,st.,medium,corroborated,2
27502,jihma,5,7361,falsch,medium,corroborated,0
48223,praticikIrzA,5,7393,fehlerhaft,high,corroborated,0
48223,praticikIrzA,5,7393,st.,medium,corroborated,0
41580,paYcAlaka,5,7504,fehlerhaft,high,corroborated,1
121669,yaTAparam,6,28,fehlerhaft,high,corroborated,1
46547,puzya,6,80,zu lesen,high,corroborated,1
51281,prozWapada,6,82,fälschlich,medium,corroborated,1
87192,vakra,6,85,zu lesen,high,corroborated,-3
23796,grAmya,6,168,st.,medium,corroborated,0
41452,paYcaBOtika,6,186,fehlerhaft,high,corroborated,0
44036,pAYcaBOtika,6,186,fälschlich,medium,corroborated,0
50403,prAgAyata,6,203,fälschlich,medium,corroborated,1
67323,ilAvfta,6,233,lies,high,corroborated,0
102918,saMviDi,6,244,zu lesen,high,corroborated,0
102918,saMviDi,6,244,st.,medium,corroborated,0
29251,tAmasa,6,339,fehlerhaft,high,corroborated,0
53632,brAhmaRa,6,341,fehlerhaft,high,corroborated,0
87025,lohitya,6,343,st.,medium,corroborated,0
14199,kakza,6,356,fehlerhaft,high,corroborated,1
44666,pArasika,6,373,fälschlich,medium,corroborated,1
35893,dvIpa,6,404,st.,medium,corroborated,0
57413,manonuga,6,491,zu lesen,high,corroborated,-1
90149,vAraRa,6,1763,st.,medium,corroborated,0
83366,raTacakra,6,1894,st.,medium,corroborated,-3
86854,lomapravAhin,6,1919,st.,medium,corroborated,0
97909,Samana,6,1943,druckfehler,high,corroborated,-2
78524,pAriBadraka,6,2099,st.,medium,corroborated,0
86860,lomavAhin,6,2829,st.,medium,corroborated,-3
43520,paryavaskanda,6,3319,fälschlich,medium,corroborated,0
41753,paRqita,6,3910,fehlerhaft,high,corroborated,0
95642,vEcitravIrya,6,4726,fälschlich,medium,corroborated,0
46755,pUrva,6,4967,zu lesen,high,corroborated,-1
58010,marzaRIya,7,70,zu lesen,high,corroborated,0
58010,marzaRIya,7,70,st.,medium,corroborated,0
113195,sOBa,7,395,zu lesen,high,corroborated,0
32352,daSeraka,7,397,zu lesen,high,corroborated,0
108316,sAntara,7,452,fehlerhaft,high,corroborated,0
108316,sAntara,7,462,zu lesen,high,corroborated,0
44840,pArSva,7,800,lies,high,corroborated,2
44840,pArSva,7,800,st.,medium,corroborated,2
25943,cEtraseni,7,916,fälschlich,medium,corroborated,0
102040,Sliz,7,1168,druckfehler,high,corroborated,-1
108131,sAtyaka,7,1441,zu schreiben,high,corroborated,3
94954,vfndAraka,7,1610,fälschlich,medium,corroborated,3
36440,Darmin,7,1663,zu lesen,high,corroborated,3
61867,meGavega,7,1899,st.,medium,corroborated,0
88971,vasAtIya,7,1934,st.,medium,corroborated,0
40057,nizka,7,2361,lies,high,corroborated,0
45729,puRyajana,7,2403,lies,high,corroborated,0
45723,puRyakft,7,2720,lies,high,corroborated,3
45723,puRyakft,7,2720,st.,medium,corroborated,3
39851,nivedana,7,3203,zu lesen,high,corroborated,0
39851,nivedana,7,3203,statt,medium,corroborated,0
39163,nirapekza,7,4250,zu lesen,high,corroborated,0
23829,grAhya,7,4337,zu lesen,high,corroborated,1
92490,viBu,7,6944,zu lesen,high,corroborated,1
43685,palAy,7,6985,st.,medium,corroborated,1
100666,SUla,7,8151,zu lesen,high,corroborated,0
114102,sTURAkarRa,7,8226,fälschlich,medium,corroborated,-1
87163,vaktavya,7,9153,lies,high,corroborated,0
87163,vaktavya,7,9153,st.,medium,corroborated,0
26354,jagadyoni,7,9506,zu lesen,high,corroborated,-2
26354,jagadyoni,7,9506,st.,medium,corroborated,-2
36143,Danva,7,9536,zu lesen,high,corroborated,-1
102815,saMvatsara,7,9596,st.,medium,corroborated,-1
114028,sTita,7,9625,st.,medium,corroborated,-1
55779,BErava,8,63,st.,medium,corroborated,0
96350,vyarTa,8,339,zu lesen,high,corroborated,2
44177,pARqaveya,8,1634,zu lesen,high,corroborated,0
110882,suBra,8,1765,fehlerhaft,high,corroborated,0
80374,madraka,8,1855,st.,medium,corroborated,2
40926,nEmiza,8,2100,zu lesen,high,corroborated,0
39163,nirapekza,8,2411,zu lesen,high,corroborated,0
96209,vyaNga,8,2526,fehlerhaft,high,corroborated,0
82541,yoDa,8,2557,zu lesen,high,corroborated,3
111045,suyantrita,8,4246,fehlerhaft,high,corroborated,0
93078,vivaSa,8,4327,zu lesen,high,corroborated,0
93078,vivaSa,8,4327,st.,medium,corroborated,0
62295,mOQya,9,232,fälschlich,medium,corroborated,0
96248,vyatikzepa,9,789,fehlerhaft,high,corroborated,0
87898,vanAnta,9,1334,st.,medium,corroborated,0
96209,vyaNga,9,1388,zu lesen,high,corroborated,1
96209,vyaNga,9,1388,st.,medium,corroborated,1
40928,nEmizIya,9,2175,st.,medium,corroborated,-1
81528,yama,9,2547,fehlerhaft,high,corroborated,0
36103,Danurvaktra,9,2564,zu lesen,high,corroborated,0
47087,pfTuSrava,9,2564,fehlerhaft,high,corroborated,0
70523,kAlakaRWa,9,2571,zu lesen,high,corroborated,0
70523,kAlakaRWa,9,2571,st.,medium,corroborated,0
71084,kumBARqakodara,9,2571,st.,medium,corroborated,0
69573,kandara,9,2627,st.,medium,corroborated,0
40657,nftyapriya,9,2628,fälschlich,medium,corroborated,0
80758,meGakarRA,9,2648,st.,medium,corroborated,0
102375,SvetAnulepana,9,2760,zu lesen,high,corroborated,-1
56294,macakruka,9,3032,st.,medium,corroborated,0
50438,prAgrya,9,3256,zu lesen,high,corroborated,0
50103,prasAdana,9,3527,fehlerhaft,high,corroborated,2
55779,BErava,10,392,st.,medium,corroborated,0
38716,niketa,11,140,zu lesen,high,corroborated,0
33995,duzprasADana,11,222,zu lesen,high,corroborated,0
98366,SaSabindu,12,999,fälschlich,medium,corroborated,-1
97001,SaMs,12,1061,zu lesen,high,corroborated,3
97001,SaMs,12,1061,st.,medium,corroborated,3
37814,narayAna,12,1383,zu lesen,high,corroborated,0
92206,viparyaya,12,1734,zu schreiben,high,corroborated,1
47926,prajana,12,2274,st.,medium,corroborated,0
47291,pEjavana,12,2306,lies,high,corroborated,0
89907,vAnaprasTa,12,2325,fälschlich,medium,corroborated,0
113992,sTApya,12,2431,zu lesen,high,corroborated,0
95806,vEnayika,12,2538,fehlerhaft,high,corroborated,0
73215,grAmayAjaka,12,2874,lies,high,corroborated,0
102928,saMviBAjya,12,2879,fehlerhaft,high,corroborated,0
39028,nimaya,12,2923,zu lesen,high,corroborated,0
39028,nimaya,12,2923,st.,medium,corroborated,0
44343,pAdapa,12,3305,lies,high,corroborated,0
44343,pAdapa,12,3305,lies,high,corroborated,0
44343,pAdapa,12,3305,st.,medium,corroborated,0
94815,vftra,12,3660,fehlerhaft,high,corroborated,0
113992,sTApya,12,3672,zu schreiben,high,corroborated,0
96445,vyasana,12,3910,zu lesen,high,corroborated,0
96446,vyasana,12,3910,fehlerhaft,high,corroborated,0
76490,Darma,12,9232,st.,medium,corroborated,-1
28639,tantu,12,10975,lies,high,corroborated,-1
42852,pariDAna,12,11276,zu lesen,high,corroborated,0
51457,Palaka,12,11276,zu lesen,high,corroborated,0
50763,prADAnika,12,11558,fehlerhaft,high,corroborated,0
97519,SatapaTa,12,11739,zu lesen,high,corroborated,0
60095,mArgitavya,12,11816,st.,medium,corroborated,-1
76674,Dftimaya,12,12060,lies,high,corroborated,0
86899,lolupa,12,12308,zu lesen,high,corroborated,0
93087,vivaha,12,12409,zu lesen,high,corroborated,0
42605,parAvaha,12,12416,fälschlich,medium,corroborated,0
115701,svAyaMBuva,12,12658,zu lesen,high,corroborated,0
106817,sarvadarSin,12,12864,zu lesen,high,corroborated,0
77168,niyama,12,12864,st.,medium,corroborated,0
77168,niyama,12,12864,st.,medium,corroborated,0
55916,BOma,12,12956,fälschlich,medium,corroborated,0
113718,stokaka,12,13869,st.,medium,corroborated,0
72541,gantavya,13,65,st.,medium,corroborated,0
100867,SEkza,13,161,st.,medium,corroborated,2
60034,mArutantavya,13,253,fehlerhaft,high,corroborated,0
112139,sUta,13,256,fehlerhaft,high,corroborated,0
42824,parityajya,13,398,zu lesen,high,corroborated,0
113804,strIpuMsa,13,528,zu schreiben,high,corroborated,0
42384,parama,13,793,zu lesen,high,corroborated,0
121522,mahAnta,13,802,st.,medium,corroborated,0
101849,Sruti,13,823,zu lesen,high,corroborated,-1
113804,strIpuMsa,13,891,zu lesen,high,corroborated,-2
39138,niraYjana,13,1101,falsch,medium,corroborated,0
108182,sADaka,13,1151,zu lesen,high,corroborated,0
37610,nandivarDana,13,1189,fälschlich,medium,corroborated,1
58355,mahAkeSa,13,1202,st.,medium,corroborated,1
117902,hlAdana,13,1257,zu lesen,high,corroborated,1
98050,SaraRAkuru,13,1354,fehlerhaft,high,corroborated,0
53280,brahmakAya,13,1371,zu lesen,high,corroborated,0
53280,brahmakAya,13,1371,st.,medium,corroborated,0
101122,SoBana,13,1392,zu schreiben,high,corroborated,0
46755,pUrva,13,1591,falsch,medium,corroborated,-2
49605,prayAga,13,1723,zu lesen,high,corroborated,0
54690,BAva,13,1878,zu lesen,high,corroborated,0
110214,sutejas,13,2000,fehlerhaft,high,corroborated,0
47664,prakASa,13,2002,zu schreiben,high,corroborated,0
113497,skAnda,13,2013,fehlerhaft,high,corroborated,0
90791,vikatTana,13,2016,zu lesen,high,corroborated,0
41223,pakzahara,13,2059,fehlerhaft,high,corroborated,0
116521,havis,13,2119,zu lesen,high,corroborated,1
39944,niScaya,13,2218,st.,medium,corroborated,0
36186,Dar,13,2567,lies,high,corroborated,-3
95750,vEdehaka,13,2571,fälschlich,medium,corroborated,1
66734,Ayogava,13,2587,lies,high,corroborated,0
66734,Ayogava,13,2587,st.,medium,corroborated,0
18583,kftaka,13,2630,falsch,medium,corroborated,0
27360,jAla,13,2654,st.,medium,corroborated,0
105019,saptapada,13,2702,fehlerhaft,high,corroborated,0
39093,niyama,13,2880,zu lesen,high,corroborated,0
88503,vart,13,2900,fehlerhaft,high,corroborated,0
29880,tIrTayAtrA,13,2900,fälschlich,medium,corroborated,0
82375,yoga,13,3081,st.,medium,corroborated,0
18992,kfsara,13,3259,zu lesen,high,corroborated,0
101531,SrAdDin,13,3532,fehlerhaft,high,corroborated,0
101434,SradDin,13,3532,fälschlich,medium,corroborated,0
100618,SUra,13,3649,statt,medium,corroborated,-1
104143,satyavant,13,3655,fehlerhaft,high,corroborated,0
48211,pratiGAta,13,3750,zu lesen,high,corroborated,0
86456,lIlANga,13,3778,fehlerhaft,high,corroborated,0
113729,stoBa,13,4108,zu lesen,high,corroborated,-2
90297,vAruRa,13,4210,st.,medium,corroborated,0
44627,pAradArika,13,4278,fälschlich,medium,corroborated,0
44895,pArzRikzema,13,4355,zu lesen,high,corroborated,0
72931,gfzwyA,13,4427,zu lesen,high,corroborated,0
68449,upADi,13,4450,lies,high,corroborated,-1
68449,upADi,13,4450,st.,medium,corroborated,-1
20532,kzuD,13,4463,zu lesen,high,corroborated,-2
42197,padmin,13,4471,zu lesen,high,corroborated,-1
88654,varzAcara,13,4527,st.,medium,corroborated,-2
85212,reRuka,13,4607,st.,medium,corroborated,0
102743,saMyamana,13,4858,fälschlich,medium,corroborated,0
49122,pradakziRa,13,4979,st.,medium,corroborated,1
67940,uddIpaka,13,5069,fehlerhaft,high,corroborated,-1
50115,prasADana,13,5075,fälschlich,medium,corroborated,-1
83368,raTacaryA,13,5101,zu lesen,high,corroborated,-1
73862,cirikAka,13,5521,st.,medium,corroborated,0
94317,vihiMsaka,13,5552,zu schreiben,high,corroborated,0
85638,lakzaRya,13,5599,st.,medium,corroborated,0
85308,rEvata,13,5665,st.,medium,corroborated,0
29712,tiryaga,13,5755,statt,medium,corroborated,1
49829,pravAsa,13,5873,zu lesen,high,corroborated,0
42749,paricArika,13,6028,fehlerhaft,high,corroborated,0
115664,svApa,13,6063,fehlerhaft,high,corroborated,0
100356,Sunaka,13,6070,st.,medium,corroborated,0
118958,ucCizwaka,13,6146,zu lesen,high,corroborated,0
90986,vikzit,13,6260,zu lesen,high,corroborated,0
57827,maru,13,6549,st.,medium,corroborated,-1
61761,mfzA,13,6650,falsch,medium,corroborated,0
92225,vipAka,13,6666,zu lesen,high,corroborated,0
60059,mArga,13,6700,st.,medium,corroborated,0
45337,pinAkin,13,6806,druckfehler,high,corroborated,0
89037,vasuDADara,13,6866,st.,medium,corroborated,-1
57466,mantra,13,7082,zu lesen,high,corroborated,0
57466,mantra,13,7082,st.,medium,corroborated,0
114045,sTira,13,7512,st.,medium,corroborated,-1
24296,cakraDara,13,7570,st.,medium,corroborated,-1
47148,pfzaDra,13,7683,zu schreiben,high,corroborated,1
57842,marutta,14,226,fälschlich,medium,corroborated,0
85170,rUpin,14,229,zu lesen,high,corroborated,0
85170,rUpin,14,229,zu lesen,high,corroborated,0
49998,praSna,14,640,lies,high,corroborated,0
65277,alarka,14,840,fälschlich,medium,corroborated,0
39257,nirAbADa,14,950,st.,medium,corroborated,1
54904,Binnavftti,14,999,fehlerhaft,high,corroborated,0
42709,parigraha,14,1029,st.,medium,corroborated,0
49581,pramodana,14,1035,fehlerhaft,high,corroborated,0
95601,vEkArika,14,1054,zu lesen,high,corroborated,0
59310,mahendra,14,1174,zu lesen,high,corroborated,0
23675,grahaRa,14,1197,lies,high,corroborated,0
39857,niveSana,14,1901,st.,medium,corroborated,1
113088,sOKyaSAyika,14,2039,fehlerhaft,high,corroborated,0
25941,cEtravAhanI,14,2405,fälschlich,medium,corroborated,0
47500,pOrARa,15,677,lies,high,corroborated,0
47500,pOrARa,15,677,lies,high,corroborated,0
105652,samAyoga,15,1070,zu lesen,high,corroborated,-1
43196,parizad,16,73,fälschlich,medium,corroborated,0
86664,lokanATa,16,137,st.,medium,corroborated,0
60059,mArga,1,5,falsch,medium,displaced,196
60059,mArga,1,5,falsch,medium,displaced,196
59386,mahya,1,43,st.,medium,displaced,1945
107849,sahya,1,43,st.,medium,displaced,3120
117624,heramba,1,75,fehlerhaft,high,displaced,-46
45711,puRqra,1,228,zu lesen,high,displaced,-40
45941,pundra,1,228,fehlerhaft,high,displaced,-40
45711,puRqra,1,228,st.,medium,displaced,-40
110714,supratIka,1,228,fälschlich,medium,displaced,-39
84468,rAma,1,272,zu lesen,high,displaced,-37
84468,rAma,1,272,st.,medium,displaced,-37
95950,vErAwa,1,328,zu lesen,high,displaced,-41
52834,bIBatsa,1,347,zu lesen,high,displaced,4462
52834,bIBatsa,1,347,st.,medium,displaced,4462
50205,prasTAnika,1,356,fehlerhaft,high,displaced,7365
99022,SAlA,1,391,st.,medium,displaced,-46
102991,saMSaya,1,608,zu lesen,high,displaced,-37
58678,mahAprasTAnika,1,629,fehlerhaft,high,displaced,-32
50988,prAsTAnika,1,633,fälschlich,medium,displaced,7088
34957,dEvaraTa,1,634,fehlerhaft,high,displaced,-35
95256,veda,1,684,st.,medium,displaced,13
113928,sTA,1,747,st.,medium,displaced,-143
114357,sparS,1,764,zu lesen,high,displaced,2279
114357,sparS,1,764,st.,medium,displaced,2279
78435,pAtra,1,773,st.,medium,displaced,1183
40779,netra,1,1124,zu lesen,high,displaced,-38
95906,vEra,1,1155,st.,medium,displaced,164
121513,mahant,1,1155,st.,medium,displaced,-38
46044,purAtana,1,1204,zu lesen,high,displaced,-38
23367,govinda,1,1216,lies,high,displaced,729
54780,BAs,1,1241,zu lesen,high,displaced,-38
66880,Alaya,1,1321,lies,high,displaced,6919
66880,Alaya,1,1321,st.,medium,displaced,6919
85874,laNG,1,1445,st.,medium,displaced,4789
86010,lamb,1,1445,st.,medium,displaced,-60
103307,sakASa,1,1466,statt,medium,displaced,1789
94757,vftta,1,1555,zu lesen,high,displaced,380
103843,saYj,1,1699,st.,medium,displaced,-1232
103843,saYj,1,1973,zu lesen,high,displaced,-1506
41710,paW,1,2020,zu lesen,high,displaced,-260
113928,sTA,1,2167,zu lesen,high,displaced,-83
113928,sTA,1,2167,st.,medium,displaced,-83
97107,Sakti,1,2209,zu lesen,high,displaced,210
97107,Sakti,1,2209,st.,medium,displaced,210
54447,BAgin,1,2304,zu lesen,high,displaced,-148
82233,yuD,1,2387,zu lesen,high,displaced,74
36492,DAtar,1,2523,st.,medium,displaced,2299
21731,ganDarva,1,2550,fälschlich,medium,displaced,-36
93395,viSvakarman,1,2592,st.,medium,displaced,-159
53140,bfhant,1,2691,zu lesen,high,displaced,1300
24110,GUrR,1,2850,zu lesen,high,displaced,453
53862,Baj,1,3260,zu lesen,high,displaced,-19
36186,Dar,1,3581,fehlerhaft,high,displaced,9
100486,Sura,1,3708,fehlerhaft,high,displaced,-9
113280,sOra,1,3738,st.,medium,displaced,1253
37095,DyA,1,3847,fehlerhaft,high,displaced,-836
114658,syad,1,3990,lies,high,displaced,-424
63465,anADfzya,1,4004,lies,high,displaced,548
63465,anADfzya,1,4004,st.,medium,displaced,548
45963,pura,1,4007,st.,medium,displaced,-8
86272,lABa,1,4197,zu lesen,high,displaced,407
53320,brahmacArin,1,4814,zu lesen,high,displaced,257
73713,cAraRa,1,4907,st.,medium,displaced,194
99221,Sikz,1,5099,zu lesen,high,displaced,256
46755,pUrva,1,5144,zu lesen,high,displaced,28
46755,pUrva,1,5144,st.,medium,displaced,28
101448,Srama,1,5255,zu lesen,high,displaced,686
83542,raB,1,5258,zu lesen,high,displaced,-1253
92080,viniScaya,1,5260,st.,medium,displaced,41
36186,Dar,1,5308,zu lesen,high,displaced,130
51214,prezya,1,5326,fehlerhaft,high,displaced,1955
105279,samanantara,1,5333,zu lesen,high,displaced,41
30811,tras,1,5496,st.,medium,displaced,-511
122468,saYj,1,5545,lies,high,displaced,-5078
122468,saYj,1,5545,st.,medium,displaced,-5078
61405,mUzaka,1,5573,zu lesen,high,displaced,-4016
81465,yadA,1,5598,fehlerhaft,high,displaced,137
114358,sparSa,1,5792,fehlerhaft,high,displaced,-2177
17750,kunti,1,5905,fälschlich,medium,displaced,25
1211,atas,1,5909,zu lesen,high,displaced,-5671
97454,SataguRa,1,6031,zu lesen,high,displaced,50
106193,saMbanDa,1,6153,zu lesen,high,displaced,56
55050,Buj,1,6221,st.,medium,displaced,-142
35163,dyut,1,6406,zu lesen,high,displaced,-4116
113928,sTA,1,6437,fehlerhaft,high,displaced,118
106590,sarp,1,6441,fehlerhaft,high,displaced,-1614
106590,sarp,1,6450,fehlerhaft,high,displaced,-1623
36457,DarzaRa,1,6502,lies,high,displaced,60
36457,DarzaRa,1,6502,st.,medium,displaced,60
50055,prasannatva,1,6541,lies,high,displaced,60
35162,dyut,1,6613,zu lesen,high,displaced,-4323
88840,vaSa,1,6684,st.,medium,displaced,38
98096,SaraBa,1,6684,statt,medium,displaced,-4021
86899,lolupa,1,6730,st.,medium,displaced,63
97121,Saktin,1,6736,zu lesen,high,displaced,36
24407,cakzuza,1,6818,fehlerhaft,high,displaced,-214
48055,praRipAta,1,6825,zu lesen,high,displaced,64
37864,nartaka,1,6940,druckfehler,high,displaced,65
115043,svaBAva,1,7015,zu lesen,high,displaced,971
104646,saMtrAsa,1,7073,druckfehler,high,displaced,1311
39123,niyojya,1,7139,zu lesen,high,displaced,68
44414,pAdAntara,1,7164,st.,medium,displaced,68
54834,BikzApracAra,1,7181,falsch,medium,displaced,68
69955,karz,1,7197,st.,medium,displaced,-50
93876,vizahya,1,7300,zu lesen,high,displaced,66
82136,yuga,1,7343,fehlerhaft,high,displaced,-7323
113928,sTA,1,7452,fehlerhaft,high,displaced,513
89481,vAcya,1,7488,zu lesen,high,displaced,-447
40438,nIpa,1,7584,zu lesen,high,displaced,192
40438,nIpa,1,7584,st.,medium,displaced,192
91229,vijaya,1,7641,zu lesen,high,displaced,410
81465,yadA,1,7713,statt,medium,displaced,-11
57699,manyu,1,7727,zu lesen,high,displaced,-803
112718,sEnika,1,7760,zu lesen,high,displaced,260
88405,varj,1,7845,lies,high,displaced,678
62164,mokzay,1,7879,st.,medium,displaced,616
58872,mahArava,1,7916,st.,medium,displaced,402
108152,sAtvata,1,7965,fehlerhaft,high,displaced,12
99221,Sikz,1,8033,fehlerhaft,high,displaced,-1617
98980,SArNgika,1,8346,st.,medium,displaced,97
86010,lamb,1,8443,st.,medium,displaced,-5143
53862,Baj,1,12683,zu lesen,high,displaced,-4810
37766,nara,2,72,zu lesen,high,displaced,72
113928,sTA,2,95,zu lesen,high,displaced,38
116782,hAriRa,2,97,fehlerhaft,high,displaced,1631
44166,pARqa,2,119,fehlerhaft,high,displaced,-16
49507,pramARa,2,138,zu lesen,high,displaced,-5
49507,pramARa,2,138,st.,medium,displaced,-5
72729,gAnDarva,2,143,lies,high,displaced,-8
72729,gAnDarva,2,143,st.,medium,displaced,-8
22561,guRa,2,155,falsch,medium,displaced,415
95024,vfzaBa,2,415,zu lesen,high,displaced,1230
48334,pratipad,2,475,druckfehler,high,displaced,-299
56300,majj,2,607,zu lesen,high,displaced,1491
54463,BAj,2,636,zu lesen,high,displaced,-49
114480,sPIta,2,810,st.,medium,displaced,12
29896,tIvra,2,1067,zu lesen,high,displaced,-566
100646,SUrasena,2,1106,zu lesen,high,displaced,-516
56635,matsya,2,1108,zu lesen,high,displaced,-516
102991,saMSaya,2,1126,zu lesen,high,displaced,-270
63533,anukarza,2,1208,zu lesen,high,displaced,-682
65498,avarza,2,1208,lies,high,displaced,4
65498,avarza,2,1208,st.,medium,displaced,4
107317,savarRa,2,1881,zu lesen,high,displaced,-1016
107317,savarRa,2,1881,st.,medium,displaced,-1016
50692,prAtikAmin,2,2198,fälschlich,medium,displaced,11
81162,yaTA,2,2399,st.,medium,displaced,10
113928,sTA,2,2432,zu lesen,high,displaced,-677
55485,BUyaMs,2,2517,st.,medium,displaced,-1070
96821,vraj,2,2674,fehlerhaft,high,displaced,-42
88549,varD,3,258,zu lesen,high,displaced,-46
77205,nirayu,3,291,st.,medium,displaced,10023
26091,Cadman,3,415,zu lesen,high,displaced,14412
60147,mAla,3,433,lies,high,displaced,1335
55960,Bram,3,733,st.,medium,displaced,14865
87675,vaD,3,805,statt,medium,displaced,66
50535,prARa,3,866,zu lesen,high,displaced,132
50535,prARa,3,866,st.,medium,displaced,132
64049,apaga,3,1087,lies,high,displaced,5401
51753,banD,3,1297,falsch,medium,displaced,93
9015,Ayati,3,1412,zu lesen,high,displaced,15636
44137,pARin,3,1622,statt,medium,displaced,45
101720,SrImant,3,1724,fälschlich,medium,displaced,9225
96273,vyaTA,3,1736,st.,medium,displaced,-399
117438,hfdya,3,1818,zu lesen,high,displaced,681
55050,Buj,3,2167,zu lesen,high,displaced,1540
88124,varaRa,3,2171,st.,medium,displaced,-18
56300,majj,3,2251,st.,medium,displaced,8475
104762,saMDya,3,2256,zu lesen,high,displaced,5774
54756,BAz,3,2282,zu lesen,high,displaced,302
88503,vart,3,2347,fehlerhaft,high,displaced,255
113416,sOhfda,3,2358,zu lesen,high,displaced,12355
99255,SiKA,3,2398,fehlerhaft,high,displaced,459
106590,sarp,3,2513,zu lesen,high,displaced,9903
70285,kAtara,3,2549,lies,high,displaced,9145
27221,jAti,3,2556,zu lesen,high,displaced,408
23656,graB,3,2810,falsch,medium,displaced,11116
41140,nyUna,3,4057,st.,medium,displaced,-2804
107621,sahasraka,3,5037,fehlerhaft,high,displaced,1541
105505,samAkula,3,5891,zu lesen,high,displaced,-3450
105505,samAkula,3,5891,st.,medium,displaced,-3450
106415,saraka,3,6045,st.,medium,displaced,456
43750,pavana,3,6075,statt,medium,displaced,450
37862,nart,3,6087,lies,high,displaced,-4220
37862,nart,3,6088,zu lesen,high,displaced,-4221
46350,puzkara,3,6130,zu lesen,high,displaced,492
76833,naraka,3,7039,zu lesen,high,displaced,3521
76833,naraka,3,7039,st.,medium,displaced,3521
51703,badara,3,7051,fälschlich,medium,displaced,-451
81468,yadi,3,8075,st.,medium,displaced,-47
55050,Buj,3,8085,st.,medium,displaced,3644
15038,kambala,3,8219,fälschlich,medium,displaced,-8038
103025,saMSraya,3,8370,zu lesen,high,displaced,2523
88503,vart,3,8438,fehlerhaft,high,displaced,133
88503,vart,3,8438,fehlerhaft,high,displaced,133
19905,kruD,3,8545,lies,high,displaced,-7472
79103,praRaya,3,8584,st.,medium,displaced,-5549
15594,karzaRa,3,10080,zu lesen,high,displaced,45
82912,rakzya,3,10285,fehlerhaft,high,displaced,4729
34077,duhitar,3,10304,falsch,medium,displaced,100
20315,kzip,3,10403,fehlerhaft,high,displaced,4
11389,uddAlaka,3,10603,zu lesen,high,displaced,55
44228,pAta,3,10646,lies,high,displaced,-24
57066,maDuvilA,3,10692,zu lesen,high,displaced,53
12669,uzRIgaNga,3,10698,fehlerhaft,high,displaced,53
51753,banD,3,10727,fälschlich,medium,displaced,3127
56300,majj,3,10756,zu lesen,high,displaced,-27
109975,suKozita,3,10866,fehlerhaft,high,displaced,51
48457,pratimAna,3,10879,zu lesen,high,displaced,50
48457,pratimAna,3,10879,st.,medium,displaced,50
79199,pratimAna,3,10879,fälschlich,medium,displaced,50
57103,maDusrava,3,11035,zu lesen,high,displaced,49
27058,jalASaya,3,11123,zu lesen,high,displaced,47
49619,prayAtavya,3,11173,zu lesen,high,displaced,46
16525,kAmyA,3,11190,zu lesen,high,displaced,-68
116009,hanUmant,3,11193,druckfehler,high,displaced,77
105700,samASraya,3,11242,fehlerhaft,high,displaced,45
104369,sadgati,3,11316,zu lesen,high,displaced,43
39854,nivedya,3,11322,fehlerhaft,high,displaced,43
69878,kart,3,11383,st.,medium,displaced,-235
72557,ganDarva,3,11762,lies,high,displaced,-143
72557,ganDarva,3,11762,lies,high,displaced,-143
72557,ganDarva,3,11762,st.,medium,displaced,-143
116135,hari,3,11903,zu lesen,high,displaced,-40
87964,vand,3,11907,st.,medium,displaced,36
84768,ripu,3,11912,st.,medium,displaced,-557
53140,bfhant,3,11964,lies,high,displaced,347
86636,loka,3,12025,zu lesen,high,displaced,8
109151,sita,3,12109,fehlerhaft,high,displaced,24
85650,lakzmaRa,3,12182,st.,medium,displaced,3837
34889,dEteya,3,12203,fehlerhaft,high,displaced,34
23656,graB,3,12225,st.,medium,displaced,1701
23656,graB,3,12225,st.,medium,displaced,1701
42573,parABAva,3,12242,st.,medium,displaced,33
119654,kzan,3,12274,zu lesen,high,displaced,-304
11060,utpAta,3,12513,fehlerhaft,high,displaced,31
53862,Baj,3,12683,fehlerhaft,high,displaced,-806
109803,suKa,3,12770,zu lesen,high,displaced,30
41710,paW,3,12813,zu lesen,high,displaced,279
32168,dala,3,13178,st.,medium,displaced,22
51896,bala,3,13178,st.,medium,displaced,-131
23656,graB,3,13180,falsch,medium,displaced,746
63075,atra,3,13229,lies,high,displaced,136
63075,atra,3,13229,st.,medium,displaced,136
116888,hiMs,3,13269,st.,medium,displaced,20
50344,prAkfta,3,13864,zu lesen,high,displaced,-427
73487,caturviMSaka,3,13918,zu lesen,high,displaced,15
119898,caturviMSaka,3,13918,zu lesen,high,displaced,15
73487,caturviMSaka,3,13918,st.,medium,displaced,15
66987,ASin,3,13994,st.,medium,displaced,507
87023,lohitoda,3,14269,statt,medium,displaced,255
20315,kzip,3,14314,fehlerhaft,high,displaced,20
79314,praT,3,14417,fehlerhaft,high,displaced,-179
79314,praT,3,14417,st.,medium,displaced,-179
85996,laB,3,14797,st.,medium,displaced,-84
103193,saMsmAraRa,3,14854,st.,medium,displaced,320
114102,sTURAkarRa,3,14995,fälschlich,medium,displaced,-14009
88503,vart,3,15613,fehlerhaft,high,displaced,-106
109632,sImantin,3,15613,zu lesen,high,displaced,1005
113928,sTA,3,15621,fehlerhaft,high,displaced,-77
82233,yuD,3,15645,st.,medium,displaced,159
89553,vAjin,3,15672,zu lesen,high,displaced,-5460
31573,daMSita,3,15684,zu lesen,high,displaced,720
31573,daMSita,3,15684,st.,medium,displaced,720
55960,Bram,3,15734,st.,medium,displaced,-136
101122,SoBana,3,15788,unrichtig,medium,displaced,-659
101122,SoBana,3,15788,falsch,medium,displaced,-659
108057,sAMgrAma,3,15867,fehlerhaft,high,displaced,-7439
20315,kzip,3,16117,unrichtig,medium,displaced,46
45963,pura,3,16215,st.,medium,displaced,-50
7773,Akara,3,16302,zu lesen,high,displaced,-756
36186,Dar,3,16580,fälschlich,medium,displaced,-8
104617,saMtApa,3,16622,zu lesen,high,displaced,-5338
60166,mAlava,3,16637,fälschlich,medium,displaced,170
88230,varAroha,3,16646,lies,high,displaced,202
54756,BAz,3,16731,zu lesen,high,displaced,67
61706,mfdu,3,16746,st.,medium,displaced,-70
97104,Sakti,3,16751,falsch,medium,displaced,-231
7011,aSrAy,3,16834,st.,medium,displaced,-3371
101074,SoRita,3,16862,fehlerhaft,high,displaced,-2248
21498,gaRay,3,16878,st.,medium,displaced,-14047
15421,kart,3,17212,lies,high,displaced,-132
15421,kart,3,17212,st.,medium,displaced,-132
102166,Svas,3,17310,zu lesen,high,displaced,-175
88503,vart,4,24,st.,medium,displaced,61
3608,anyonya,4,39,zu lesen,high,displaced,1023
54690,BAva,4,55,zu lesen,high,displaced,14
114357,sparS,4,278,zu lesen,high,displaced,462
114357,sparS,4,278,st.,medium,displaced,462
50535,prARa,4,355,st.,medium,displaced,619
113928,sTA,4,355,st.,medium,displaced,-161
113928,sTA,4,355,st.,medium,displaced,-161
113928,sTA,4,355,st.,medium,displaced,-161
108327,sAntvay,4,383,zu lesen,high,displaced,53
32590,dAra,4,414,st.,medium,displaced,-7
55050,Buj,4,539,zu lesen,high,displaced,210
42385,paramaka,4,619,fälschlich,medium,displaced,5
85996,laB,4,701,fehlerhaft,high,displaced,-25
24263,cakAs,4,755,zu lesen,high,displaced,1016
116395,harz,4,847,zu lesen,high,displaced,835
106590,sarp,4,1051,zu lesen,high,displaced,187
36648,DArA,4,1062,zu lesen,high,displaced,-158
36648,DArA,4,1062,falsch,medium,displaced,-158
79870,balAhaka,4,1416,zu lesen,high,displaced,614
59947,mAmaka,4,1622,fehlerhaft,high,displaced,-94
92228,vipAwa,4,1668,fehlerhaft,high,displaced,-337
92232,vipAWa,4,1668,fälschlich,medium,displaced,-337
88549,varD,4,1918,fehlerhaft,high,displaced,-1360
88549,varD,4,1918,zu lesen,high,displaced,-1360
88549,varD,4,1918,st.,medium,displaced,-1360
96281,vyaD,4,1977,fehlerhaft,high,displaced,-1776
18517,kUrma,4,2016,lies,high,displaced,-1217
43685,palAy,4,2247,zu lesen,high,displaced,-66
87675,vaD,5,22,statt,medium,displaced,227
49231,praDAnya,5,121,fehlerhaft,high,displaced,3425
50764,prADAnya,5,121,fälschlich,medium,displaced,3425
19764,kram,5,267,lies,high,displaced,1333
88503,vart,5,699,fehlerhaft,high,displaced,16
61175,muhUrta,5,1055,st.,medium,displaced,-730
65930,asta,5,1082,fehlerhaft,high,displaced,-13
84433,rAD,5,1086,st.,medium,displaced,-447
56235,maNgala,5,1166,lies,high,displaced,-80
62087,mEtra,5,1495,zu schreiben,high,displaced,-845
113928,sTA,5,1747,st.,medium,displaced,22
33327,duHKa,5,1819,druckfehler,high,displaced,-168
23822,grAha,5,2024,st.,medium,displaced,2424
35439,droRa,5,2191,fälschlich,medium,displaced,-5
58940,mahAvana,5,2322,zu lesen,high,displaced,820
58940,mahAvana,5,2322,st.,medium,displaced,820
26690,jamBa,5,2474,zu lesen,high,displaced,-541
82233,yuD,5,2489,zu schreiben,high,displaced,-37
51570,Palgu,5,2516,lies,high,displaced,-288
106211,saMbADa,5,2776,zu lesen,high,displaced,-19
26237,Cid,5,2909,st.,medium,displaced,-1862
108547,sAMprata,5,3255,st.,medium,displaced,-442
108327,sAntvay,5,3472,zu lesen,high,displaced,-2196
76851,nartaka,5,3491,zu lesen,high,displaced,-47
76851,nartaka,5,3491,st.,medium,displaced,-47
46350,puzkara,5,3533,lies,high,displaced,-46
107910,sAMhAra,5,3540,fehlerhaft,high,displaced,1411
107910,sAMhAra,5,3540,st.,medium,displaced,1411
110789,subala,5,3588,st.,medium,displaced,-46
31601,dakza,5,3597,st.,medium,displaced,39
37556,nanda,5,3628,statt,medium,displaced,188
60983,mudgaraparRaka,5,3629,fälschlich,medium,displaced,-46
94757,vftta,5,3630,fehlerhaft,high,displaced,-46
54144,Bar,5,4060,fehlerhaft,high,displaced,13
113928,sTA,5,4283,zu lesen,high,displaced,-17
105662,samArTa,5,4312,zu lesen,high,displaced,-80
35825,dvivida,5,4405,fälschlich,medium,displaced,-64
65280,alAta,5,4507,lies,high,displaced,-65
90604,vAsas,5,4553,fehlerhaft,high,displaced,94
48033,praRayin,5,4929,lies,high,displaced,-70
88503,vart,5,5134,fehlerhaft,high,displaced,15
88503,vart,5,5361,fehlerhaft,high,displaced,-99
88503,vart,5,5361,fehlerhaft,high,displaced,-99
107849,sahya,5,5371,fehlerhaft,high,displaced,-108
54756,BAz,5,5411,st.,medium,displaced,-465
60105,mArjAra,5,5422,st.,medium,displaced,-66
51453,Pal,5,5817,fehlerhaft,high,displaced,200
102948,saMvega,5,5878,zu schreiben,high,displaced,-23
105345,samaya,5,5990,fehlerhaft,high,displaced,-44
63394,anaya,5,6008,zu lesen,high,displaced,-680
59010,mahAvrata,5,7009,zu lesen,high,displaced,42
85641,lakzay,5,7042,fehlerhaft,high,displaced,-2866
85641,lakzay,5,7042,fehlerhaft,high,displaced,-2866
108434,sAman,5,7042,st.,medium,displaced,130
103843,saYj,5,7152,zu lesen,high,displaced,-1820
103843,saYj,5,7152,st.,medium,displaced,-1820
88503,vart,5,7164,fehlerhaft,high,displaced,-84
88503,vart,5,7276,zu lesen,high,displaced,-26
43511,paryaya,5,7384,zu lesen,high,displaced,-2003
65270,alam,5,7521,lies,high,displaced,-1493
93315,viSeza,5,7521,fehlerhaft,high,displaced,94
65270,alam,5,7521,st.,medium,displaced,-1493
96955,vrIqa,5,7528,zu lesen,high,displaced,-1447
113928,sTA,6,27,zu lesen,high,displaced,136
107897,sAMsa,6,64,fehlerhaft,high,displaced,447
113928,sTA,6,93,fehlerhaft,high,displaced,70
97135,Saktimant,6,318,fehlerhaft,high,displaced,2595
88301,varuRa,6,338,st.,medium,displaced,881
56863,madra,6,349,st.,medium,displaced,1748
18144,kulinda,6,363,fälschlich,medium,displaced,8
79778,baka,6,369,st.,medium,displaced,-317
98522,SAka,6,428,zu lesen,high,displaced,-69
56193,maga,6,436,zu lesen,high,displaced,-78
56193,maga,6,436,st.,medium,displaced,-78
27320,jAmbUnada,6,785,zu lesen,high,displaced,-506
53887,Bawa,6,1886,zu lesen,high,displaced,-4
98108,Sarava,6,2084,fehlerhaft,high,displaced,2631
61784,mekala,6,2103,zu lesen,high,displaced,1764
103843,saYj,6,2421,fehlerhaft,high,displaced,89
61706,mfdu,6,2591,zu lesen,high,displaced,3132
81491,yantra,6,2659,zu lesen,high,displaced,-370
91871,viDAna,6,3030,fehlerhaft,high,displaced,-1594
91871,viDAna,6,3030,fehlerhaft,high,displaced,-1594
96821,vraj,6,3142,fehlerhaft,high,displaced,-103
58784,mahAmAtra,6,3155,zu lesen,high,displaced,-695
82848,rakz,6,3760,zu lesen,high,displaced,11
99439,Siras,6,4041,zu lesen,high,displaced,136
99834,SIkara,6,4389,zu lesen,high,displaced,6
42109,padma,6,4613,lies,high,displaced,-1585
42197,padmin,6,4613,zu lesen,high,displaced,-48
92296,vipracitta,6,5031,fehlerhaft,high,displaced,-819
49339,prabala,6,5117,zu lesen,high,displaced,-1354
49339,prabala,6,5117,st.,medium,displaced,-1354
22844,gfDra,6,5203,zu lesen,high,displaced,-7
88503,vart,6,5491,fehlerhaft,high,displaced,-285
112560,segava,6,5632,zu lesen,high,displaced,17
97991,Saya,6,5649,zu lesen,high,displaced,26
97991,Saya,6,5649,st.,medium,displaced,26
23822,grAha,6,5680,zu lesen,high,displaced,-1114
23822,grAha,6,5680,st.,medium,displaced,-1114
60059,mArga,7,11,unrichtig,medium,displaced,1908
54403,BAga,7,75,st.,medium,displaced,-5
74502,jEtra,7,76,st.,medium,displaced,2914
103843,saYj,7,79,st.,medium,displaced,-29
79857,bala,7,203,st.,medium,displaced,11
72334,KAd,7,205,fehlerhaft,high,displaced,352
83542,raB,7,363,zu lesen,high,displaced,3847
88015,vapu,7,661,fehlerhaft,high,displaced,1267
111908,susAra,7,672,fehlerhaft,high,displaced,19
97763,SapaTa,7,690,zu lesen,high,displaced,53
81842,yAja,7,804,fehlerhaft,high,displaced,1293
51215,prezyakara,7,986,fehlerhaft,high,displaced,-7
88503,vart,7,1046,zu lesen,high,displaced,405
88503,vart,7,1046,st.,medium,displaced,405
51326,plava,7,1121,druckfehler,high,displaced,-194
73770,citraka,7,1320,st.,medium,displaced,3583
92210,viparyAsa,7,1352,zu lesen,high,displaced,-928
93642,visvasfj,7,1464,fehlerhaft,high,displaced,709
38614,nAsA,7,1570,fälschlich,medium,displaced,137
43685,palAy,7,1621,zu lesen,high,displaced,611
43685,palAy,7,1621,st.,medium,displaced,611
70054,kalpa,7,1626,fehlerhaft,high,displaced,1082
88863,vaSA,7,1976,fehlerhaft,high,displaced,300
88549,varD,7,2160,fehlerhaft,high,displaced,2975
97991,Saya,7,2252,fehlerhaft,high,displaced,23
22528,guqa,7,2286,statt,medium,displaced,6926
55050,Buj,7,2308,zu lesen,high,displaced,-491
85996,laB,7,3070,fehlerhaft,high,displaced,-30
88503,vart,7,3077,fehlerhaft,high,displaced,-6
112096,sUci,7,3383,fehlerhaft,high,displaced,-709
112096,sUci,7,3383,fehlerhaft,high,displaced,-709
82614,yODizWira,7,3640,st.,medium,displaced,-9
103162,saMsTa,7,3800,zu lesen,high,displaced,-729
65274,alambuza,7,4065,lies,high,displaced,7
65274,alambuza,7,4065,st.,medium,displaced,7
106241,saMBAvana,7,4230,zu lesen,high,displaced,-9
105692,samAvApa,7,4339,fehlerhaft,high,displaced,1952
102764,saMyuga,7,4724,fehlerhaft,high,displaced,-4
116395,harz,7,4875,zu lesen,high,displaced,-388
88503,vart,7,5406,fehlerhaft,high,displaced,-258
88767,valg,7,5430,zu lesen,high,displaced,-4433
106590,sarp,7,5526,zu lesen,high,displaced,237
116395,harz,7,5988,zu lesen,high,displaced,224
43745,palvala,7,6163,fehlerhaft,high,displaced,-4106
85641,lakzay,7,6262,fehlerhaft,high,displaced,3233
86658,lokatA,7,6519,zu lesen,high,displaced,-2226
86658,lokatA,7,6519,st.,medium,displaced,-2226
54756,BAz,7,6672,fehlerhaft,high,displaced,212
54780,BAs,7,6672,zu lesen,high,displaced,212
117664,hEqimbi,7,6822,fehlerhaft,high,displaced,997
96002,vEvasvata,7,7082,st.,medium,displaced,-2366
54780,BAs,7,7605,zu lesen,high,displaced,-168
54780,BAs,7,7605,st.,medium,displaced,-168
49291,prapAta,7,7963,fälschlich,medium,displaced,177
32146,darS,7,8136,zu lesen,high,displaced,523
102764,saMyuga,7,8816,zu lesen,high,displaced,-34
114959,svan,7,8828,zu schreiben,high,displaced,-128
113928,sTA,7,8922,zu lesen,high,displaced,-291
114658,syad,7,9176,fehlerhaft,high,displaced,-5326
56300,majj,7,9223,fehlerhaft,high,displaced,5
51570,Palgu,8,423,zu lesen,high,displaced,-12
50094,prasahya,8,690,zu lesen,high,displaced,41
46946,pUzAtmaja,8,798,lies,high,displaced,3801
113928,sTA,8,809,zu lesen,high,displaced,-373
98773,SAtrava,8,1523,zu lesen,high,displaced,-59
82848,rakz,8,2115,zu lesen,high,displaced,-13
64234,apAra,8,2381,lies,high,displaced,157
64234,apAra,8,2381,st.,medium,displaced,157
106166,saMprahAra,8,3290,zu lesen,high,displaced,-434
54779,BAs,8,3392,zu lesen,high,displaced,-4
24415,cakzus,8,3443,statt,medium,displaced,-614
90915,vikoSa,8,3514,fälschlich,medium,displaced,1406
88503,vart,8,4009,statt,medium,displaced,444
108179,sAD,8,4034,st.,medium,displaced,384
102169,Svasana,8,4205,zu lesen,high,displaced,-30
102169,Svasana,8,4205,statt,medium,displaced,-30
92786,virasa,8,4327,fehlerhaft,high,displaced,-114
93246,viSAda,8,4407,fehlerhaft,high,displaced,369
108165,sAdi,8,4589,zu schreiben,high,displaced,-83
108059,sAMgrAmika,8,4889,fehlerhaft,high,displaced,9
85117,rUpa,9,722,zu lesen,high,displaced,731
100839,Seza,9,1442,zu schreiben,high,displaced,-1067
111580,suvAsas,9,2003,zu lesen,high,displaced,7
62152,mokza,9,2031,st.,medium,displaced,-571
113425,skand,9,2219,zu lesen,high,displaced,233
49833,pravAha,9,2572,druckfehler,high,displaced,-6
75428,daMSa,9,2582,fehlerhaft,high,displaced,-1306
49688,pralamba,9,2599,zu lesen,high,displaced,141
49688,pralamba,9,2599,st.,medium,displaced,141
68257,upaplavya,9,3482,zu lesen,high,displaced,9
51214,prezya,9,3605,zu lesen,high,displaced,-1610
55050,Buj,11,97,zu lesen,high,displaced,448
55050,Buj,11,97,st.,medium,displaced,448
113928,sTA,11,113,zu lesen,high,displaced,74
113928,sTA,11,113,st.,medium,displaced,74
49291,prapAta,11,146,zu lesen,high,displaced,-108
98303,Salya,12,535,zu lesen,high,displaced,1286
98303,Salya,12,535,st.,medium,displaced,1286
96281,vyaD,12,1213,st.,medium,displaced,-724
48651,pratizWAna,12,1455,falsch,medium,displaced,1381
31145,trivft,12,1632,zu lesen,high,displaced,7190
31145,trivft,12,1632,st.,medium,displaced,7190
87496,vaYcana,12,2036,zu schreiben,high,displaced,-1569
103164,saMsTAna,12,2112,st.,medium,displaced,490
76490,Darma,12,2260,st.,medium,displaced,-7
24556,caturASrAmya,12,2425,fehlerhaft,high,displaced,-164
104728,saMDAya,12,2662,st.,medium,displaced,2568
99198,SAsya,12,2691,fehlerhaft,high,displaced,-58
73952,cOkza,12,2855,zu lesen,high,displaced,1415
73952,cOkza,12,2855,st.,medium,displaced,1415
88503,vart,12,2882,st.,medium,displaced,16
102923,saMviBajya,12,2915,st.,medium,displaced,-18
39105,niyAmana,12,3319,fehlerhaft,high,displaced,4038
52927,buD,12,3686,fehlerhaft,high,displaced,-521
68632,uzwra,12,3717,fehlerhaft,high,displaced,418
36186,Dar,12,3837,fehlerhaft,high,displaced,55
88455,varRay,12,3926,st.,medium,displaced,168
91473,vitaTa,12,4010,falsch,medium,displaced,2171
78261,parihArya,12,4100,fehlerhaft,high,displaced,-40
47791,pragalBa,12,4210,zu lesen,high,displaced,59
58760,mahAmati,12,4263,zu lesen,high,displaced,583
55960,Bram,12,4284,zu lesen,high,displaced,903
71571,kesara,12,4285,lies,high,displaced,-44
71571,kesara,12,4285,st.,medium,displaced,-44
98049,SaraRa,12,4286,statt,medium,displaced,-49
113947,sTAna,12,4294,zu schreiben,high,displaced,-8
115157,svayoni,12,4297,fehlerhaft,high,displaced,-44
25993,cOkza,12,4315,fehlerhaft,high,displaced,-45
100034,SIla,12,4619,fehlerhaft,high,displaced,-45
117355,hfda,12,4662,fehlerhaft,high,displaced,21
88813,valli,12,4841,st.,medium,displaced,-53
16114,kANkz,12,4870,zu lesen,high,displaced,-4251
31483,tvar,12,5003,zu lesen,high,displaced,-43
107493,sahaja,12,5151,fehlerhaft,high,displaced,-7
86010,lamb,12,5157,fehlerhaft,high,displaced,1358
93688,viSvAsa,12,5160,st.,medium,displaced,14
63925,antika,12,5202,lies,high,displaced,1234
63925,antika,12,5202,st.,medium,displaced,1234
70680,kAzAya,12,5292,lies,high,displaced,-53
70680,kAzAya,12,5292,st.,medium,displaced,-53
48978,pratyAdeSa,12,5553,zu lesen,high,displaced,-56
48978,pratyAdeSa,12,5553,st.,medium,displaced,-56
98274,SalAka,12,5560,fälschlich,medium,displaced,-56
50258,praharaRa,12,6121,zu lesen,high,displaced,-69
114037,sTiti,12,6138,fehlerhaft,high,displaced,740
33505,durAsada,12,6203,zu lesen,high,displaced,-69
33505,durAsada,12,6203,st.,medium,displaced,-69
113928,sTA,12,6244,zu lesen,high,displaced,159
57138,maDyadeSIya,12,6294,zu lesen,high,displaced,-74
57137,maDyadeSa,12,6310,fehlerhaft,high,displaced,-90
45905,punarBU,12,6447,lies,high,displaced,-1919
61982,meDAvin,12,6524,fehlerhaft,high,displaced,-3280
103843,saYj,12,6670,zu lesen,high,displaced,-1234
108767,sArgAla,12,6711,zu lesen,high,displaced,-82
33706,durBikza,12,6747,fälschlich,medium,displaced,-83
78885,pUrvadehika,12,6758,st.,medium,displaced,5393
103889,saMjYita,12,6821,zu lesen,high,displaced,48
89800,vAti,12,6978,fehlerhaft,high,displaced,-4204
106569,sarj,12,7107,fehlerhaft,high,displaced,-7073
62121,mETuna,12,7255,statt,medium,displaced,203
48670,pratisaMhAra,12,7345,fehlerhaft,high,displaced,2749
101474,SravaRa,12,7397,zu lesen,high,displaced,-74
101474,SravaRa,12,7397,st.,medium,displaced,-74
26893,jalajIvin,12,7427,fehlerhaft,high,displaced,-97
103843,saYj,12,7563,st.,medium,displaced,-2127
82136,yuga,12,7575,st.,medium,displaced,-15
49183,pradeSa,12,7576,zu lesen,high,displaced,-97
34632,devarzi,12,7663,st.,medium,displaced,570
49930,pravyAhAra,12,8088,fehlerhaft,high,displaced,-110
99248,SiKaRqin,12,8150,zu lesen,high,displaced,-102
88241,varAha,12,8264,st.,medium,displaced,-741
54780,BAs,12,8345,zu lesen,high,displaced,215
53377,brahman,12,8540,zu lesen,high,displaced,7
75503,damayantI,12,8604,fehlerhaft,high,displaced,634
80368,madayantI,12,8604,fälschlich,medium,displaced,-118
40630,nuda,12,8777,zu lesen,high,displaced,-2225
61143,musala,12,8831,st.,medium,displaced,-4453
104359,sadevaka,12,8942,zu lesen,high,displaced,-121
106160,saMprasAda,12,8947,zu lesen,high,displaced,-121
49385,praBava,12,9211,zu lesen,high,displaced,47
49385,praBava,12,9211,st.,medium,displaced,47
92241,vipAna,12,9270,fehlerhaft,high,displaced,1819
85996,laB,12,9431,fehlerhaft,high,displaced,-7
39285,nirAsa,12,9646,fehlerhaft,high,displaced,-85
27197,jAWara,12,9661,zu lesen,high,displaced,853
57513,mantray,12,9821,zu lesen,high,displaced,381
52237,bahuBAzya,12,9865,fehlerhaft,high,displaced,-150
101382,Syena,12,9943,zu lesen,high,displaced,-4230
36167,Danvin,12,10361,zu lesen,high,displaced,149
36167,Danvin,12,10361,st.,medium,displaced,149
92004,vinAyaka,12,10477,st.,medium,displaced,-163
87492,vaYc,12,10934,fehlerhaft,high,displaced,515
87492,vaYc,12,10934,zu lesen,high,displaced,515
75437,dakza,12,10983,st.,medium,displaced,-124
109448,siDya,12,11268,fehlerhaft,high,displaced,-1735
53862,Baj,12,11290,fehlerhaft,high,displaced,-324
53862,Baj,12,11290,st.,medium,displaced,-324
22041,garh,12,11822,zu lesen,high,displaced,-2610
66073,AkiMcanya,12,11901,zu lesen,high,displaced,-5410
66073,AkiMcanya,12,11901,st.,medium,displaced,-5410
81327,yaTArTa,12,11904,unrichtig,medium,displaced,452
81327,yaTArTa,12,11904,falsch,medium,displaced,452
44654,pAralOkika,12,12053,fälschlich,medium,displaced,1739
36186,Dar,12,12529,zu lesen,high,displaced,5
36186,Dar,12,12529,st.,medium,displaced,5
28008,jyotiza,12,13136,fälschlich,medium,displaced,-98
100866,SEkya,12,13202,fehlerhaft,high,displaced,-26
106126,saMpradAna,12,13204,fehlerhaft,high,displaced,-26
45321,pitrya,12,13399,zu lesen,high,displaced,12
31244,trisOparRa,12,13567,zu lesen,high,displaced,-3317
64804,amfta,13,23,lies,high,displaced,1215
64804,amfta,13,23,st.,medium,displaced,1215
39849,nivftti,13,54,zu lesen,high,displaced,1093
81875,yAjya,13,178,st.,medium,displaced,2727
84878,ruci,13,251,st.,medium,displaced,-10
66527,AnfSaMsa,13,263,st.,medium,displaced,26
100388,SuBa,13,344,zu lesen,high,displaced,-40
97785,Sabara,13,733,zu lesen,high,displaced,441
95554,vezw,13,764,fehlerhaft,high,displaced,408
99255,SiKA,13,862,zu lesen,high,displaced,310
63314,aDyAsa,13,867,fehlerhaft,high,displaced,798
103335,sakti,13,871,fehlerhaft,high,displaced,289
90545,vAsa,13,882,zu schreiben,high,displaced,100
51753,banD,13,899,fehlerhaft,high,displaced,316
113456,skanDa,13,907,fehlerhaft,high,displaced,5651
82492,yogi,13,916,st.,medium,displaced,-7
115139,svayaMBuva,13,1011,fehlerhaft,high,displaced,-4
113583,stamba,13,1090,fehlerhaft,high,displaced,-86
105876,samuddeSa,13,1125,zu lesen,high,displaced,1685
10888,uttara,13,1143,zu lesen,high,displaced,373
57271,manas,13,1393,zu lesen,high,displaced,-31
88106,vara,13,1441,statt,medium,displaced,-84
98693,SAwa,13,1485,st.,medium,displaced,50
98693,SAwa,13,1485,fälschlich,medium,displaced,50
113928,sTA,13,1660,zu lesen,high,displaced,149
65300,alolupa,13,1705,lies,high,displaced,324
18692,kfttikA,13,1708,zu lesen,high,displaced,1548
62586,agni,13,1729,lies,high,displaced,-43
45045,piNga,13,1741,zu lesen,high,displaced,-494
105781,samIkza,13,1752,fehlerhaft,high,displaced,-433
101448,Srama,13,1948,fälschlich,medium,displaced,-31
87645,vatsya,13,1951,fehlerhaft,high,displaced,-108
116342,haris,13,2119,fehlerhaft,high,displaced,-960
42310,para,13,2134,st.,medium,displaced,-14
41759,paRqitamAnin,13,2195,zu lesen,high,displaced,5342
41759,paRqitamAnin,13,2195,st.,medium,displaced,5342
82848,rakz,13,2221,zu lesen,high,displaced,19
53763,Baga,13,2328,zu lesen,high,displaced,19
53763,Baga,13,2328,zu lesen,high,displaced,19
32585,dAyAdya,13,2522,lies,high,displaced,1050
31803,datta,13,2616,zu lesen,high,displaced,-62
60501,miTyA,13,2623,falsch,medium,displaced,-376
100488,Sulka,13,2624,fehlerhaft,high,displaced,-144
90853,vikAra,13,2761,zu lesen,high,displaced,689
55847,Bogya,13,2772,fehlerhaft,high,displaced,-1586
97017,Saka,13,2835,fehlerhaft,high,displaced,-64
88503,vart,13,3126,st.,medium,displaced,-59
97001,SaMs,13,3139,fehlerhaft,high,displaced,-21
96042,vESya,13,3140,fehlerhaft,high,displaced,-69
106590,sarp,13,3186,zu lesen,high,displaced,71
44637,pAramaka,13,3350,fehlerhaft,high,displaced,60
38979,nipAta,13,3439,fehlerhaft,high,displaced,1189
38986,nipAna,13,3439,lies,high,displaced,-2201
77143,nipAna,13,3439,st.,medium,displaced,-2201
114658,syad,13,3495,fehlerhaft,high,displaced,-1028
49414,praBAva,13,3499,st.,medium,displaced,-114
114790,srota,13,3512,fälschlich,medium,displaced,173
101849,Sruti,13,3670,zu lesen,high,displaced,-217
50234,prasrava,13,3683,fälschlich,medium,displaced,19
114658,syad,13,3719,fehlerhaft,high,displaced,-1252
94085,vizyanda,13,3727,zu lesen,high,displaced,-27
83542,raB,13,3943,zu lesen,high,displaced,-1789
103442,saMkalpa,13,4033,zu lesen,high,displaced,316
103442,saMkalpa,13,4033,st.,medium,displaced,316
60577,miSra,13,4071,statt,medium,displaced,-772
60577,miSra,13,4071,statt,medium,displaced,-772
111066,sura,13,4108,fehlerhaft,high,displaced,-43
23691,grahapati,13,4133,fehlerhaft,high,displaced,-2981
113928,sTA,13,4215,zu lesen,high,displaced,-404
25554,cint,13,4341,fehlerhaft,high,displaced,299
18427,kUwa,13,4526,fälschlich,medium,displaced,1205
18427,kUwa,13,4526,falsch,medium,displaced,1205
55847,Bogya,13,4529,zu lesen,high,displaced,-3343
66428,ADAna,13,4633,lies,high,displaced,-3417
66428,ADAna,13,4633,st.,medium,displaced,-3417
42634,pari,13,4672,st.,medium,displaced,-1132
49080,praT,13,4679,zu lesen,high,displaced,49
97001,SaMs,13,4734,zu lesen,high,displaced,26
80914,yajYaka,13,4818,fehlerhaft,high,displaced,1680
40058,nizkakaRWa,13,4939,zu lesen,high,displaced,-5
113603,stamBa,13,4990,zu lesen,high,displaced,262
30476,tejas,13,5018,lies,high,displaced,14
99451,SiraHsnAta,13,5024,st.,medium,displaced,56
106569,sarj,13,5025,zu lesen,high,displaced,1427
106569,sarj,13,5025,st.,medium,displaced,1427
25031,carya,13,5101,zu lesen,high,displaced,1437
116374,hartar,13,5466,fehlerhaft,high,displaced,-2371
89136,vastu,13,5519,fehlerhaft,high,displaced,-1659
89136,vastu,13,5519,statt,medium,displaced,-1659
105540,samADi,13,5535,zu lesen,high,displaced,-895
84882,rucitA,13,5628,fehlerhaft,high,displaced,-4854
113928,sTA,13,5785,zu lesen,high,displaced,-73
113928,sTA,13,5785,st.,medium,displaced,-73
47940,prajas,13,6062,zu lesen,high,displaced,1333
48616,pratiSraya,13,6063,zu lesen,high,displaced,398
89462,vAcA,13,6149,fehlerhaft,high,displaced,7
36858,DUma,13,6151,fehlerhaft,high,displaced,589
54756,BAz,13,6338,fehlerhaft,high,displaced,141
92774,virama,13,6415,fehlerhaft,high,displaced,577
106569,sarj,13,6460,fehlerhaft,high,displaced,-8
94587,vIrAsana,13,6515,zu lesen,high,displaced,-6159
50491,prAcetasa,13,6830,zu lesen,high,displaced,-4346
113924,sTavira,13,6955,zu lesen,high,displaced,-1937
113924,sTavira,13,6955,st.,medium,displaced,-1937
29372,tAraRa,13,6986,lies,high,displaced,-3245
95753,vEdya,13,7108,fehlerhaft,high,displaced,-141
95753,vEdya,13,7108,fehlerhaft,high,displaced,-141
37719,namuca,13,7112,statt,medium,displaced,-5861
98785,SAna,13,7175,fehlerhaft,high,displaced,-6
100386,SuB,13,7183,st.,medium,displaced,-73
57924,marj,13,7219,st.,medium,displaced,-6578
54756,BAz,13,7302,fehlerhaft,high,displaced,110
31145,trivft,13,7379,fälschlich,medium,displaced,-5838
57924,marj,13,7426,fehlerhaft,high,displaced,-6785
114357,sparS,13,7446,zu lesen,high,displaced,-1708
114357,sparS,13,7446,st.,medium,displaced,-1708
106569,sarj,13,7447,fehlerhaft,high,displaced,-995
54903,Binnavftta,13,7544,fehlerhaft,high,displaced,-7031
54903,Binnavftta,13,7544,st.,medium,displaced,-7031
45265,pitfpEtAmaha,13,7556,st.,medium,displaced,-387
42352,paratra,13,7688,zu lesen,high,displaced,-276
88999,vasu,13,7774,zu lesen,high,displaced,14
94837,vfTA,13,13354,zu lesen,high,displaced,-7329
88503,vart,14,77,fehlerhaft,high,displaced,84
108547,sAMprata,14,93,zu lesen,high,displaced,63
81875,yAjya,14,99,zu lesen,high,displaced,25
81875,yAjya,14,99,st.,medium,displaced,25
46007,puras,14,499,lies,high,displaced,478
87675,vaD,14,560,zu lesen,high,displaced,-235
92885,viroDa,14,573,fehlerhaft,high,displaced,1455
102166,Svas,14,573,zu lesen,high,displaced,50
108632,sAra,14,597,fehlerhaft,high,displaced,-90
44598,pAraga,14,600,zu lesen,high,displaced,1438
103843,saYj,14,991,fehlerhaft,high,displaced,-888
103556,saNga,14,1001,st.,medium,displaced,-318
91173,vicintA,14,1240,fehlerhaft,high,displaced,-375
103843,saYj,14,1378,fehlerhaft,high,displaced,-1275
94193,vistAra,14,1414,fehlerhaft,high,displaced,4
20941,Kan,14,1716,zu lesen,high,displaced,4
95950,vErAwa,14,1836,zu lesen,high,displaced,-25
93838,vizayAnta,14,2176,zu lesen,high,displaced,-30
93838,vizayAnta,14,2176,st.,medium,displaced,-30
50820,prAya,14,2357,fehlerhaft,high,displaced,-568
50820,prAya,14,2357,fehlerhaft,high,displaced,-568
50820,prAya,14,2357,st.,medium,displaced,-568
50820,prAya,14,2357,st.,medium,displaced,-568
50820,prAya,14,2358,fehlerhaft,high,displaced,-569
85553,rOdra,14,2476,fehlerhaft,high,displaced,-2267
27221,jAti,14,2549,lies,high,displaced,-1283
27221,jAti,14,2549,st.,medium,displaced,-1283
88549,varD,14,2590,fehlerhaft,high,displaced,156
32576,dAya,14,2672,lies,high,displaced,81
53862,Baj,14,2673,fehlerhaft,high,displaced,-1990
94757,vftta,14,2713,zu lesen,high,displaced,129
44166,pARqa,15,81,fehlerhaft,high,displaced,6
88503,vart,15,191,fehlerhaft,high,displaced,-75
39600,niryARa,15,439,fälschlich,medium,displaced,173
39600,niryARa,15,439,statt,medium,displaced,173
103843,saYj,15,544,zu lesen,high,displaced,138
107279,salokatA,15,555,zu lesen,high,displaced,9
105517,samAgama,15,784,zu lesen,high,displaced,5
105517,samAgama,15,784,st.,medium,displaced,5
54581,BArata,18,210,zu lesen,high,displaced,4
54581,BArata,18,210,st.,medium,displaced,4
