siglum	count	ctx1	ctx2	ctx3
MahāBhā.	9337	vowel in (said to occur in MahāBhā.); is compounded with	[quoted from MahāBhā. by ŚabdKaDru. and Vāc. but	MahāBhā. vii. 22. 33; MahāBhā.
A.	6451	ŚiśuVa. 1. 69; SiddhāKau. 39A. 4; to gerunds	; PrakriKau. i. 308. 1; as SiddhāKau. 108. A. 2	(A.) 3. cf. {@ @}
B.	6275	is said to be SiddhāKau. 2B. 4; used	294. 19; ViṣṇuTaNi. 11B. 7;	ViṣṇuTaNi. 11B. 10; VidaMuMa. 2. 57;
P.	4517	defined by Kāt. in Vār. on P. iii. 3. 108; P. uses the technical	defined by Kāt. in Vār. on P. iii. 3. 108; P. uses the technical	term ; its phonetic value is stated in P. viii. 4. 68 which describes it as
ṚV.	4088	earliest days it was prefixed to nouns: ṚV. x. 83. 5; ṚV. vi.	it was prefixed to nouns: ṚV. x. 83. 5; ṚV. vi.	17. 8; ṚV. i. 32. 7; AV. v. 31. 11; ChāndoU. iv. 4.
I.	3874	TaiS. I. viii. 13. 3;	MaiS. i. 6. 12; TaiBr. I. i. 9. 2;	NayaMañ. I. i. 0. 1.
PadmP.	3506	= BrahmP. 3. 58; PadmP. v. 37. 103;	the garment PadmP.(Ra.) 46. 184.	ŚiśuVa. 12. 66; PadmP.
SkandP.	3335	SkandP.	x. 10. 35; SkandP.	(i. e. ) SkandP. ii. (6). 2. 12.
EI.	3281	EI. xviii. 294. 20 ( < )	EI. xviii. 294. 24.	EI. iii. 342. 12.
VīraMi.	3274	ManvaMu. 181. 17 ( 4. 201); VīraMi. 366. 13	3000; (i. e. ) VīraMi.(Saṃskāra)	VedāntPari. 292. 2; VīraMi.
BrahmSūBh.	3204	BrahmSūBh.(Śaṅ.) 567. 15 ( iii. 2. 5);	BrahmSūBh.(Ma.) 27A. 1 ( ii. 1. 27);	BrahmSūBh.(Ma.) 38A. 7 ( ii. 3. 43);
Rāmā.	3157	viii. 23. 23; Rāmā. vii. 62. 8;	64. 6; Rāmā. ii. 1. 27; ii. 39. 8; ii. 57. 11;	Rāmā. ii. 98. 19;
AV.	3001	17. 8; ṚV. i. 32. 7; AV. v. 31. 11; ChāndoU. iv. 4. 5;	AV. xx. 16. 10; BṛĀraU. iii. 9. 28; ŚiśuVa.	only after ṚV. AV. xii. 4. 19; AV. xii. 3. 44;
ŚatBr.	2945	ii. 3. 9; ŚatBr. V. iii. 5. 9;	TaiS. VI. vi. 10. 1; VājaS. 18. 19; ŚatBr. IV.	ŚatBr. IV. vi. 1. 1-2; I. v. 9. 1;
ManuBh.	2890	ManuBh. i. 160. 26 ( 2. 165);	ManuBh.	i. 40. 6 ( 1. 81); ManuBh. i. 41. 10 ( 1. 83);
NyāySu.	2581	ViṣṇuSaBh. 86. 17 (69); NyāySu.(Ja.) 47 B. 11 ii. 2. 11;	NyāySu.(Ja.)	NyāySu.(Ja.)
TantrVā.	2384	TantrVā. 36. 2 ( i. 2. 19);	BrahmSi. 43. 18; TantrVā.	TantrVā. 355. 24 ( ii. 1. 1);
ŚivārkaMaDī.	2365	ŚivārkaMaDī. i. 1. 4 ( i. 1. 0);	ŚivārkaMaDī. i. 280. 31 ( i. 1. 27);	ŚivārkaMaDī. i. 281. 26; i. 281. 27; i. 281. 31 ( i. 1.
ŚrutaPra.	2318	ŚrutaPra. ii. 175. 17	ŚrutaPra. ii. 380. 27 ( ii. 3. 42)	ŚrutaPra. ii. 380. 26 ( ii. 3. 42)
BhāgP.	2137	SanatSu. 3. 20 (Śaṅ. ); BhāgP. iii. 25. 37;	BhāgP. iii. 6. 8;	BhāgP. xi. 11. 4;
MayūMāli.	1963	36. 4; MayūMāli. on ŚāstrDī 5. 15 ( i. 2. 1); 347. 36 ( iv.	MayūMāli. 355. 20 ( iv. 1. 7)	MayūMāli. 224. 35
Ed.	1944	CaraS. iii. 8. 137 (1941 Ed.);	CaraS. i. 6. 45; (1922 Ed.); YājñaSm.	6. 45 (1922 Ed.); YājñaSm. 1. 194;
MahāBh.	1934	MahāBh. iii. 465. 17 ( P. viii. 4. 68);	MahāBh. i. 15. 14 ( ŚivSū.(Gr.) 1); it stands for a	MahāBh. i. 18. 23 ( ŚivSū.(Gr.) 1);
KāśiVṛ.	1888	KāśiVṛ. P. i. 3. 2; while enumerating consonants	KātanVṛ. i. 3. 1; KāśiVṛ. P. i. 1. 14; GaṇRa 1. 9 (24); JaineVyā.	i. 1. 22; PadMañ. KāśiVṛ. P. i. 2. 45; Prasā. i. 308. 13;
MīmāKau.	1878	( i. 1. 7); MīmāKau. iii. 6. 20 ( i. 2. 7); iii. 26. 19 ( i. 2.	Saṃ. 338. 10; AdvaiSi. 846. 11; MīmāKau. ii. 47. 22 (	i. 6. 33); NyāyMāVi. 186. 20 ( iii. 6. 12); MīmāKau. ii. 60. 20
BrahmāṇḍP.	1857	MatsyaP. 126. 17; BrahmāṇḍP. i. 23. 16;	LakṣmīT. 29. 46; BrahmāṇḍP. iii. 40. 108.	BrahmāṇḍP. ii. 43. 9; MārkP. 84. 6;
RājTa.	1840	RājTa.(Ka.) 8. 151;	RājTa.(Ka.) 1. 13;	RājTa.(Ka.) 2. 16;
TātpaṬ.	1836	TātpaṬ.(U.) 251. 19 ( 8. 44);	TātpaṬ.(U.) 115. 15	part and whole TātpaṬ.(U.) 154. 17 ( 4. 135);
BṛĀraUBhVā.	1805	BṛĀraUBhVā. iii. 2. 127. IṣṭaSi 8. 3; 221. 16;	BṛĀraUBhVā. iii. 9. 40;	BṛĀraUBhVā. 1. 1073; {@2@} division into
TilaMañ.	1771	TilaMañ. 181. 21;	TilaMañ. 92. 3;	TilaMañ. 123. 18; TriṣaŚaPuC.
BālamBha.	1741	BālamBha. ii. 141. 22 ( 2. 117)	2. 122); 54. 32 ( 2. 124); BālamBha. ii. 158. 22 ( 2. 124)	BālamBha. ii. 156. 22 ( 2. 124); ii. 160. 26 ( 2. 12
CaraS.	1730	CaraS. ii. 6. 5 (1922);	CaraS. iii. 2. 3;	CaraS. i. 5. 67;
NyāyMañ.	1730	NyāyMañ. i. 332. 3; i. 311. 18;	NyāyMañ. ii. 5. 11;	NyāyMañ. i. 92. 10.
II.	1718	TaiS. II. v. 4. 3.	NayaMañ. II. iii. 17. 33;	NayaMañ. II. iii. 17. 33; VedāntPāSau.
KathāSaSāg.	1715	KathāSaSāg. vi. 7. 34;	KathāSaSāg. vi. 7. 48;	BṛKathāMañ. xv. 1. 233; KathāSaSāg. iii.
YaśasCam.	1691	SiddhāKau. 447B. 6; Arhat, YaśasCam. i. 53. 3	YaśasCam. i. 364. 4;	TattvSaṃ. 2221; YaśasCam. ii.
TriṣaŚaPuC.	1578	TriṣaŚaPuC. i. 5. 289;	TriṣaŚaPuC. iii. i. 402; RāghPāṇ.(Ka.)	ŚiPa. ii. 28. 83; TriṣaŚaPuC. ii. 3. 542;
SmṛtiCan.	1570	ManuSm. 9. 47; SmṛtiCan. i. 218. 4; SūktiRa. 163. 88;	SmṛtiCan. iv. 608. 10;	SmṛtiCan. iv. 623. 17; ManvaVi. 1140. 1 (
TaiS.	1559	TaiS. V. v. 1. 6; BṛĀraU. i. 4. 16; ChāndoU. v	4; ix. 108. 4; ṚV. viii. 68. 8; ix. 48. 5; TaiS.	TaiS. II. v. 4. 3.
ĀpaŚS.	1559	ĀpaŚS. xxiii. 7. 5; BṛDe. 5. 147;	ĀpaŚS. xii. 10. 11;	ĀpaŚS. x. 24. 8; x. 24. 14; xii. 8. 4; etc.
BhaviP.	1558	BhaviP. i. 52. 44 (96B. 14);	BhaviP. 465B. 3 (iii(3). 1. 32);	BhaviP. 497B. 29 (iii(3). 20. 52);
AṣṭāSaṃ.	1515	i. 8. 46; AṣṭāSaṃ. i. 68. 24 (1. 10);	AṣṭāSaṃ. i. 150. 8 (1. 28); {@2@} one of the equal di	AṣṭāSaṃ. ii. 27. 10 (4. 5);
BhāṭṭDī.	1470	BhāṭṭDī. iii. 118. 1 ( ix. 2. 9);	158. 5 ( i. 4. 1); iii. 44. 3 ( ii. 1. 5); BhāṭṭDī. ii. 220. 15 (	AṇuBh. 127. 7 ( ii. 1. 26); BhāṭṭDī. ii. 58. 6 ( iii. 7. 22); ii. 103. 3
YogVā.	1396	YogVā. iv. 36. 17.	YogVā. ii. 18. 67;	AhirbuS. 28. 75; YogVā. v. 2. 4;
Kāśi.	1380	Kāśi.(Su.) i. 172. 16 ( 2. 208); {@2B@} two parts	Kāśi.(Su.) ii. 149. 10 ( 5. 126);	Kāśi. ii. 130. 2 ( 5. 70);
KośaKaTa.	1379	KośaKaTa. 2. 3018; PrakriKau. i. 308. 1; as SiddhāKa	(DharK. 2441, KośaKaTa. ii. 8677), (NānārthaMa. 1893). Curiously	AṣṭāHṛ. iii. 1. 10; = KośaKaTa. i. 7261; cf.
ŚāstrDī.	1375	ŚāstrDī. 26. 13 ( i. 3. 3);	ŚāstrDī. 45. 11 ( i. 1. 5); (i. e.	ŚāstrDī. 82. 5 ( i. 1. 5);
CaturCin.	1363	CaturCin. iii(1). 176. 5; Subhāṣi.	AdbhuSāg. 137. 15; CaturCin. i. 75. 6;	CaturCin. iii(2). 420. 3.
Prasā.	1333	Prasā. i. 308. 12-13; example for is	i. 1. 22; PadMañ. KāśiVṛ. P. i. 2. 45; Prasā. i. 308. 13;	KāśiVṛ. P. v. 2. 69; Prasā. i. 881. 15; SiddhāKau. 301A. 12]
ŚābaBh.	1329	ŚābaBh. 875. 2 ( iii. 3. 31);	ŚābaBh. 609. 10 ( ii. 3. 20); 1055. 5	Aṃśu ŚābaBh. 609. 6 ( ii.
Bhām.	1323	Bhām. 21. 17 ( i. 1. 1);	Bhām. 49. 17 (	Bhām. 90. 8 ( i. 1. 1);
LaCandr.	1322	LaCandr. 59. 7;	3. 4); LaCandr. 378. 8; MīmāNyāPra. 194. 12; 217. 6; SarvaMa	LaCandr. 699. 16.
SaraKaṇṭhā.	1317	SaraKaṇṭhā. 228. 6; SaraKaṇṭhā.	SaraKaṇṭhā. 228. 6; SaraKaṇṭhā.	SaraKaṇṭhā. 596. 20;
KāṭhS.	1296	AV. vi. 49. 1; KāṭhS. 35. 14; {@2@} to accomplish, to effect,	KāṭhS. 13. 6.	KāṭhS. 25. 9; AitBr. 4. 8 (106);
ĪśānŚiPa.	1293	ĪśānŚiPa. i. 18. 8; {@3C@} one of the 108 names of the	ĪśānŚiPa. ii. 18. 27;	ĪśānŚiPa. i. 5. 48;
GuruCandr.	1293	43. 2; GuruCandr. i. 330. 9; NirṇaSi. 63. 1; VīraMi. (Saṃskāra	GuruCandr. i. 163. 8.	GuruCandr. ii. 199. 17;
MaiS.	1283	MaiS. i. 6. 12; TaiBr. I. i. 9. 2;	MaiS. i. 6. 12.	cf. MaiS. iv. 9. 27;
RāmC.	1265	(Ra) 73. 125; RāmC. 4. 66; 14. 61; Kapphiṇā. 11. 11; BṛParāSm. 2	1. 21; HarVi. 3. 67; RāmC.	RāmC. 32. 4; AdhyāRā.
BrahmP.	1249	= BrahmP. 3. 58; PadmP. v. 37. 103;	sun MahāBhā. iii. 3. 24; = BrahmP. 33. 40	BrahmP. 30. 26; {@3E@} aspect of the
LaŚabdeŚe.	1239	LaŚabdeŚe. ii.	KośaKaTa. 2. 5553; ŚabdaRaSaK. 137. 7; LaŚabdeŚe. ii. 174. 7.	PrakriKau. i. 589. 3; LaŚabdeŚe. i.
ViṣṇuP.	1235	ViṣṇuP. ii. 10. 13; {@4A@} share of inheritance, her	ViṣṇuP. i. 22. 88;	ViṣṇuP. iv. 2. 26;
III.	1217	III. i. 95. 1.	TaiS. VI. iv. 8. 3; TaiBr. III. vii. 9. 1;	CaturCin. III.
App.	1205	iii. 42. 20; MahāBhā. iii. App. 25. 15	SiddhāTaVi. App. 48. 7.	MahāBhā. vii(App.) 3. 6.
JaimiBr.	1203	JaimiBr. 1. 228;	JaimiBr. 2. 249;	JaimiBr. 3. 183;
Aparā.	1200	Aparā. 749. 7 ( 2. 139);	Aparā. 748. 17 ( 2. 138);	Aparā. 751. 8 ( 2. 143); 433. 1 ( 1. 218);
VedāntKa.	1196	VedāntKa. 223. 25 ( i. 4. 22);	NītiMā. 51. 17; VedāntKa. 223. 26 ( i. 4. 22);	VedāntKa. 107. 15 ( i. 1. 5);
HarVi.	1195	); HarVi.	HarVi. 43. 41 (comm.	1. 21; HarVi. 3. 67; RāmC.
ŚivaP.	1190	120. 2; ŚivaP. v. 32. 8 (442A. 8)	ŚivaP. v. 26. 20 (436B. 12);	form ŚivaP. ii(2). 20. 43
VājaS.	1189	Uṇā.(He.) 527; Mahī. on VājaS. 10. 5;	VājaS. 34. 54; ĀpaManPāṭha.	ṚV. i. 91. 17 = VājaS. 12. 114; ṚV. ix. 67. 28;
Subhāṣi.	1172	Subhāṣi. 2349; {@4Bi@} part, portion, fragment, fract	164 = Subhāṣi. 533;	CaturCin. iii(1). 176. 5; Subhāṣi.
PāṇḍaC.	1168	PāṇḍaC. 12. 346.	PariPar. 6. 68; PāṇḍaC. 6. 973;	PṛthvīVi. 2. 57; PāṇḍaC. 13. 540;
MatsyaP.	1158	MatsyaP. 126. 17; BrahmāṇḍP. i. 23. 16;	MatsyaP. 144. 29; VāyuP. i. 58. 30;	191. 2; MatsyaP.
Vaija.	1155	for the purpose of ; Viṣṇu, AgniP. 347. 1; Vaija. 284. 10;	ings to {@8A@} digit Vaija. 177. 55;	(ŚabdaRaSaK. 182. 6), (Vaija. 235. 62), (Vaija. 247. 4). There
JaineVyā.	1154	. 1; KāśiVṛ. P. i. 1. 14; GaṇRa 1. 9 (24); JaineVyā.	JaineVyā. iv. 1. 17; CāndraVyā. iv. 2. 74;	JaineVyā. iv. 1. 40;
SuśruS.	1141	SuśruS. vi. 19. 15.	{@2@} name of one of the varieties of Soma SuśruS.	SuśruS. iv. 29. 5;
AgniP.	1136	mostly for the purpose of ; Viṣṇu, AgniP. 347. 1; Vaija. 284. 10;	AgniP. 363. 21; AmaK.(Kṣīra.) reads	AgniP. 132. 9; ĪśānŚiPa. i. 6. 33; {@Fii@} one
Pradī.	1132	Pradī. iii. 100B. 20 ( MahāBh. iii. 1. 48)	Pradī.(Ci.) 51. 5; CaturCin. iv(1). 2. 6;	Pradī. iv. 40B ( iv. 1. 13); (hence
Nyāyāmṛ.	1128	Nyāyāmṛ. 498B. 9;	Nyāyāmṛ. 582A. 4;	( iii. 3. 2); Nyāyāmṛ. 416A. 1;
TattvPrakā.	1119	TattvPrakā. 122A. 11 ( ii. 3. 43);	TattvPrakā. 118A. 6 ( ii. 3. 27);	TattvPrakā. 181B. 11
ŚatDū.	1106	ŚatDū. 163. 27;	ŚatDū. 181. 12; NyāyPari. 352. 4;	TantrRaha. 8. 27 (1); ŚatDū. 123. 19;
NyāyRa.	1087	797. 8 ( xi. 1. 2); NyāyRa. 872. 10; 922. 8; 922. 12 NyāyRaMā. 158. 1;	Mañ. i. 332. 1; NyāyRa. 117. 15 ( 2. 231);	NyāyRa. 919. 9
AdvaiSi.	1086	Saṃ. 338. 10; AdvaiSi. 846. 11; MīmāKau. ii. 47. 22 (	AdvaiSi. 846. 5.	AdvaiSi. 322. 1 (comm.
ArthŚā.	1077	ArthŚā. ii. 259. 4 (7. 4);	ArthŚā. ii. 259. 6 (7. 4) (comm.	ArthŚā. i. 38. 3 (1. 6);
ManvaVi.	1068	SmṛtiCan. iv. 623. 17; ManvaVi. 1140. 1 (	ManvaVi. 1200. 8 ( 9. 165);	{@5C@} fibre of a bark ManvaVi. 669. 2
GītāBh.	1066	GītāBh.	GītāBh.(Rā.) 276. 1 ( 4. 33);	GītāBh.(Śaṅ.) 2. 7 ( 1. 0); BhāgP.
RasGaṅ.	1062	RasGaṅ. 17. 5;	RasGaṅ. 29. 14	RasGaṅ. 567. 5;
BaudhŚS.	1034	BaudhŚS. ii. 415. 4; Bau-	BaudhŚS. i. 206. 9;	BaudhŚS. ii. 173. 4;
ManvaMu.	1022	ManvaMu. 181. 17 ( 4. 201); VīraMi. 366. 13	ManvaMu. 372. 19 ( 9. 47);	ManvaMu. 219. 4 ( 5. 120);
AbhinBhā.	1019	AbhinBhā. i. 31. 11 ( 1. 83);	AbhinBhā. iv. 37. 6 ( 28. 45. (1))	NyāyMañ. ii. 5. 7; AbhinBhā. i. 31. 12 (
MārkP.	1014	MārkP. 7. 67; Brah-	BrahmāṇḍP. ii. 43. 9; MārkP. 84. 6;	MārkP. 15. 28;
BālaKrī.	1005	BālaKrī. i. 32. 2 ( 1. 12)	BālaKrī. i. 222. 1 ( 2. 57);	BālaKrī. i. 248. 23 ( 2. 136)
ŚabdaRa.	1000	ŚabdaRa.(Su.) 2. 134.	Ma. 355; ŚabdaRaSaK. 325. 1; ŚabdaRa.(Bā.) 3833, 3976, 4015, 4061;	2. 5; ŚabdaRa.(Su.) 2. 6; vi) a portion of creepers etc.
BhāvPra.	988	BhāvPra.(Śā.) ix. 256. 2;	BhāvPra.(Bhā.) viii. 1. 11; {@B@} a portion of a portion, a	Hṛ. vi. 27. 40; SiddhaYo. 22. 104; BhāvPra.(Bhā.) vi. 4. 31; vi. 7. 33; KāśyaS.
AṇuBh.	975	AṇuBh. 114. 17 ( i. 4. 19); AṇuBh. 154. 17 ( ii	AṇuBh. 114. 17 ( i. 4. 19); AṇuBh. 154. 17 ( ii.	SāhiDa. 587. 12; AṇuBh.
AvantiKa.	964	Kād. 3. 4; AvantiKa. 20. 15;	AvantiKa. 146. 14;	AvantiKa. 161. 11; ŚiśuVa. 14. 59;
VāyuP.	961	ṇḍP. ii. 3. 67; VāyuP. ii. 5. 66;	VāyuP. ii. 1. 10; {@7C@} name of one of the sixteen	MatsyaP. 144. 29; VāyuP. i. 58. 30;
PāraS.	950	PāraS. 18. 397; Ava-	PāraS. 17. 184; {@2F@} one of the gods	PāraS. 11. 195; {@3@} sulphur
SiddhāKau.	943	is said to be SiddhāKau. 2B. 4; used	ŚiśuVa. 1. 69; SiddhāKau. 39A. 4; to gerunds	ośaKaTa. 2. 3018; PrakriKau. i. 308. 1; as SiddhāKau. 108. A. 2
DvyāśraKā.	930	DvyāśraKā. 17. 14 (comm.	DvyāśraKā. 2. 38; 18. 2; TriṣaŚaPuC.	DvyāśraKā. 7. 84;
Yādavā.	928	11 ¦ (a) protector Yādavā. 6. 96	or responsibility Yādavā. 16. 47;	Yādavā. 17. 19; RasGaṅ.
HarṣaC.	927	HarṣaC. 315. 12; 290. 17;	HammīMaKā. 3. 77; HarṣaC.	HarṣaC. 49. 4;
Hastyāyur.	925	GopāKeCan. 122. 19; Hastyāyur.	185. 8; 169. 28; 6. 22; Hastyāyur. 260. 11 (2. 48); 60. 8 (1. 9); 76. 21 (1. 10	Hastyāyur. 120. 6 (1. 17); 460. 9 (3. 11);
ManuSm.	923	BṛĀraU. iv. 3. 22; ManuSm. 2. 105;	ManuSm. 9. 47; SmṛtiCan. i. 218. 4; SūktiRa. 163. 88	ManuSm. 8. 408; ManuSm. 9. 201;
ŚiśuVa.	916	AV. xx. 16. 10; BṛĀraU. iii. 9. 28; ŚiśuVa. 6. 78;	ŚiśuVa. 1. 69; SiddhāKau. 39A. 4; to gerunds	ŚiśuVa. 2. 52; to infinitives PañcBr. xvi. 15. 9;
GaṇeP.	915	GaṇeP. ii. 37. 14;	GaṇeP. i. 46. 126;	GaṇeP. i. 77. 15; VedāntSā.
ViṣṇuDhaP.	912	NaraP. 6. 10; ViṣṇuDhaP. i.	ViṣṇuDhaP. i. 35. 23;	ViṣṇuDhaP. i. 30. 18;
IṣṭaSi.	912	IṣṭaSi. 2. 3; IṣṭaSi. 88. 7;	IṣṭaSi. 2. 3; IṣṭaSi. 88. 7;	BrahmSi. 66. 22; IṣṭaSi.
PrakaVi.	905	PrakaVi.	PrakaVi. 499. 19.	PrakaVi. 256. 20; 655. 22; ŚrutaPra. ii. 386. 24 ( i
UdaySuKa.	903	UdaySuKa. 149. 26;	UdaySuKa. 14. 19; SaduktiKa. 12. 8; {@3@}	UdaySuKa. 67. 3; 43. 21;
TattvCin.	902	TattvCin. i. (1)	TattvCin. i. 377. 4.	84. 7 ( 1. 113); 234. 13 ( 2. 187); TattvCin. iv(2). 243. 2;
KalpaK.	892	k. 245. 26; 371. 3; KāryKaVṛ. 87. 26 (3. 5); KalpaK.	KalpaK. 52. 291; (not reaching upto the knee); {@1F@	RājNi. 458. 22; 106. 21; ApūNā. 11; KalpaK. 177.
BṛĀraUBh.	891	BṛĀraUBh. 258. 16 ( ii. 1. 20); ,	BṛĀraUBh. 107. 12 ( i. 4. 7);	BṛĀraUBh. 261. 16 (
ŚlokaVār.	891	ŚlokaVār. 7. 95;	ŚlokaVār. 1. 113 (38. 2);	i. 6. 7; ŚlokaVār. 18. 87 (664. 1);
Kād.	884	Kād. 3. 4; AvantiKa. 20. 15;	Kād. 159. 1;	Kād. 31. 21; 79. 19;
NyāyVār.	876	NyāyVār. 133. 6 ( i. 1. 35); {@B@} not fit to be don	155. 9 (18. 99); TattvSa. 136. 6; NyāyVār. 7. 19 ( i.	P. iii. 1. 7); NyāyVār. 9. 5 ( i.
ŚārṅgaPa.	875	ŚārṅgaPa. 3833;	Ka. 127. 24 = SūktiMu. 37. 5 = ŚārṅgaPa. 3388 = Subhāṣi. 1057; AmaŚ. 85 =	SaduktiKa. 102. 25 = ŚārṅgaPa. 3386; NavaSāC.
NyāyMāVi.	871	NyāyMāVi. 437. 12 ( ix. 2. 3); Śaṅka-	NyāyMāVi. 40. 13 ( i. 4. 1);	NyāyMāVi. 279. 21
Nyās.	854	an independent word of negation, cf. Nyās. and PadMañ. on it; a few cases	Nyās. 2. 466 ( vi. 3. 73); examples in grammatica	Nyās. on KāśiVṛ. P. iv. 1. 95;
TaiBr.	846	MaiS. i. 6. 12; TaiBr. I. i. 9. 2;	TaiS. VI. iv. 8. 3; TaiBr. III. vii. 9. 1;	TaiBr. I. iv. 7. 5; TaiBr. I. iv. 1. 1;
PañcT.	846	KathāSaSāg. ix. 3. 147; PañcT.	PañcT. 1. 118 (120. 10); ŚatTrayī. 734; {@C@} harsh	heart Tantrākhyā. 128. 6 = PañcT. 4. 17
IV.	825	TaiS. VI. vi. 10. 1; VājaS. 18. 19; ŚatBr. IV.	ŚatBr. IV. vi. 1. 1-2; I. v. 9. 1;	x. 97. 15; ṚV. iv. 12. 6, cf. TaiS. IV. vii. 15. 7; and with
HirŚS.	814	HirŚS.	ĀpaŚS. xvii. 12. 13; HirŚS. xii. 3. 15;	ĀpaŚS. ix. 18. 6 = HirŚS. xv. 8. 9.
JayaMa.	810	JayaMa. 98. 8 ( 2. 2);	KāvyMī. 33. 17; JayaMa. 44. 18 ( 1. 4);	JayaMa. 253. 2 ( 4. 2);
MahāP.	809	MahāP. 12. 183.	MahāP. 22. 221.	SūryŚ. 90; ĀtmaBo. 7. 43; MahāP. 27. 89;
Vār.	798	defined by Kāt. in Vār. on P. iii. 3. 108; P. uses the technical	finite forms; Vār. 1. P. vi. 3. 73 is taken	by Vār. 2 on P. iv. 3. 166 with the loss of the suff
PrakaPañ.	788	4. 13); PrakaPañ. 279. 3;	PrakaPañ. 443. 21; TantrRa. 173. 6	DaśKuC. 147. 2; PrakaPañ. 200. 6;
PadMañ.	784	nasal vowels; extended to ŚivSū.(Gr.) 6; PadMañ.	independent word of negation, cf. Nyās. and PadMañ. on it; a few cases	i. 1. 22; PadMañ. KāśiVṛ. P. i. 2. 45; Prasā. i. 308. 13
Kāvyānu.	779	Kāvyānu.(He.) 329. 7; NānārthaMa.	Kāvyānu.(He.) 329. 6;	Kāvyānu.(He.) 260. 3;
LiṅgaP.	778	LiṅgaP. i. 4. 7; {@Dv@} the auspicious time or perio	LiṅgaP. i. 41. 13; LiṅgaP. i. 5. 29;	LiṅgaP. i. 41. 13; LiṅgaP. i. 5. 29;
Mitā.	774	Mitā.	Mitā. 230. 25 ( 2. 124);	share Mitā. 303. 8 ( 2. 265);
NyāyPari.	768	ŚatDū. 181. 12; NyāyPari. 352. 4;	NyāyPari. 405. 1;	VyaktiVi. 35. 11; NyāyPari. 278. 9;
TattvPradī.	765	TattvPradī.(A.) 198. 7 ( 2. 48)	TattvPradī.(A.) 139. 8 ( 2. 9)	TattvPradī.(A.) 139. 8;
NānārthāSaṃ.	762	. 29; ŚabdaBhePra.(Pu.) 1. 9; MediK. 193. 2; NānārthāSaṃ.	ViśvaLok. 407. 9; NānārthāSaṃ. i. 6. 1; EkārthaNā. 1. 2; NānārthaMa. 11; 12	NānārthāSaṃ. i. 119. 895.
DaśKuC.	760	DaśKuC. 129. 11;	DaśKuC. 50. 5.	DaśKuC. 44. 6;
SāhiDa.	757	SāhiDa.	8. 2; (i. e. of a statement); SāhiDa. 338. 8;	SāhiDa. 587. 12; AṇuBh.
AmaK.	755	(KāśiVṛ.); , Kṣīrasvā. AmaK. 1885;	AgniP. 363. 21; AmaK.(Kṣīra.) reads	) AmaK. 210; Vaija. 214. 6; 18. 15; ViśvaPra. 112. 2
PrabhāC.	754	PrabhāC. 11. 11; 12. 30; 38. 7;	2. 978; PrabhāC. 136. 27; {@C@} foot or leg of	PrabhāC. 34. 12.
PārśvC.	753	PārśvC. 2. 991;	PārśvC. 1. 378;	PārśvC. 5. 132; TantrSā.(K.)
DevīBhāP.	751	DevīBhāP. iii. 7. 45;	DevīBhāP. iii. 13. 43;	iii. 17. 38; DevīBhāP. ii. 6. 47;
NyāyKa.	748	NyāyKa. 43. 22.	NyāyKa. 43. 23;	NyāyMañ. ii. 73. 30; NyāyKa. 150. 24; NyāyKuA. ii. 96. 8;
PauṣkS.	733	PauṣkS. 5. 40;	PauṣkS. 4. 123; {@Fv@} part or	PauṣkS. 5. 234.
MānŚS.	729	MānŚS. VII. i. 1. 21; KāśiVṛ. P. vi. 4. 100;	173. 7 ĀpaŚS. xii. 7. 11 MānŚS. II.	ĀpaŚS. xii. 8. 12; xii. 7. 17; MānŚS. IX. iii. 1. 6;
AbhidhāCin.	722	Saṃ. 2. 457; AbhidhāCin. 13; Abhi-	AbhidhāCin. 96;	AbhidhāRaMā. 2. 111; AbhidhāCin. 1264;
NāṭyaŚā.	716	NāṭyaŚā. 28. 68;	NāṭyaŚā.	NāṭyaŚā. 1. 38. {@2@} having a
TattvSaṃ.	703	TattvSaṃ. 506;	TattvSaṃ. 3;	TattvSaṃ. 2221; YaśasCam. ii.
V.	702	TaiS. V. v. 1. 6; BṛĀraU. i. 4. 16; ChāndoU. vi.	V. vii. 2. 2; ṚV. viii. 3. 16; ix. 22. 3;	ii. 3. 9; ŚatBr. V. iii. 5. 9;
Bhāsk.	696	Bhāsk. i. 110. 17 ( i. 2. 8); BālaṃBha. ii. 253. 2	SiddhāKau. 352B. 2; Bhāsk.	BṛĀraUBhVā. i. 5. 107; Bhāsk. ii. 37. 5 (
NaiṣC.	694	day NaiṣC. 15. 8 (comm. ;	NaiṣC. 6. 7;	16. 39; xii. 24. 61; VikraDeC. 9. 58; NaiṣC. 11. 81;
Kiraṇā.	681	394. 4 ( ii. 2. 10); Kiraṇā. 66. 3 (BSS.); 230. 14 (BSS.);	Kiraṇā. 230. 12 (BSS.);	244. 8 (BSS.); Kiraṇā. 230. 15 (BSS.) = Tark-
ŚrīKaC.	674	2. 14; ŚrīKaC. 5. 43; TriṣaŚaPuC. i. 5. 560;	7; BṛKathāŚloSaṃ. 27. 27; VyaktiVi. 70. 11; ŚrīKaC. 11. 57;	ŚrīKaC. 4. 11;
ĀśvaŚS.	669	ĀśvaŚS. I. i. 3. 25;	ĀśvaŚS. II. iv. 9. 6;	ĀśvaŚS. I. i. 5. 9; also in greeting
PrakriKau.	667	KośaKaTa. 2. 3018; PrakriKau. i. 308. 1; as SiddhāKau. 108. A. 2	(pity ?) MugdhaBo. 2. 19 (5. 21); PrakriKau. i. 79. 2; an analysis	. 14; Kātan. iv. 3. 11; KāśiVṛ. iii. 2. 9; PrakriKau.
Mānaso.	660	Mānaso. ii. 3. 170;	Mānaso. ii. 2. 117;	Mānaso. iii. 1. 885;
HariVaṃ.	651	MahāBhā. i. 59. 15; HariVaṃ.	HariVaṃ. 9. 7; (i. e.	HariVaṃ. 2. 45;
SaduktiKa.	647	PrasaRā. 7. 81; SaduktiKa. 10. 9;	SaduktiKa. 14. 1; StavMā. 284. 23;	KāvyaPra. 734. 5 = SaduktiKa. 54. 30; AlaṅkāSa. 89. 10;
Loc.	646	Loc.	Loc. 15. 18 ( 1. 4);	Loc. 67. 7 ( 2. 3);
Upask.	644	PañcDa. 6. 166; Upask. 326. 11 ( vii. 2. 9); 332. 2 (	Saṃ.(Ā.) 75. 16; Upask. 333. 6 ( vii. 2. 10)	Upask. 332. 2 ( vii. 2. 10)
RāghPāṇ.	641	; read in for Śleṣa RāghPāṇ.	TriṣaŚaPuC. iii. i. 402; RāghPāṇ.(Ka.)	RāghPāṇ.(Ka.) 4. 26; 12. 39; PṛthvīVi. 2. 1; KāvyKaVṛ. 4.
MediK.	640	(comm. ); as MediK. 1932;	TrikāŚe. i. 1. 29; ŚabdaBhePra.(Pu.) 1. 9; MediK. 193. 2; NānārthāSaṃ.	ViśvaPra. 152. 43; MediK. 157. 5; ŚabdaRaSaK. 295. 10;
SetuBa.	639	SetuBa. 76. 24;	SetuBa. 207. 2; BālamBha. ii. 142. 11	SetuBa. 205. 12; VedāntPāSau. 235. 13
ŚaṅkaDigVi.	633	ŚaṅkaDigVi.(Mā.) 11. 62;	ŚaṅkaDigVi.(Mā.) 1. 51;	ŚaṅkaDigVi.(Mā.) 8. 85; TattvPrakā. 118A. 3 (
KhaṇḍanKhā.	632	KhaṇḍanKhā. 56. 11;	KhaṇḍanKhā. 463. 20.	KhaṇḍanKhā. 524. 5; 517. 12; 487. 20;
AitBr.	631	and ə before y; usually called , AitBr. 25. 7 (668); AitĀ. ii. 3. 6;	of compounds are AitBr. 32. 5 (wrong reading?),	shoulder of an animal AitBr. 6. 6 (165);
TarkSaṃ.	627	9. 12; TarkSaṃ.(Ā.) 75. 9;	TarkSaṃ.(Ā.) 71. 1.	TarkSaṃ.(Ā.) 24. 19;
AnekāSaṃ.	626	are others, such as (AnekāTi. 3. 169), (AnekāSaṃ. 2. 304),	AnekāSaṃ. 2. 530; 2. 542; AbhidhāCi. 95; 99; Liṅgānu.(	viii) AnekāSaṃ. 1. 9. ix) NānārthaSaṃ. 83. 56.
VedāntKau.	624	VedāntKau. 21. 24 ( i. 1. 4);	VedāntKau. 25. 21 ( i. 1. 7);	VedāntKau. 236. 4 ( ii. 3. 42);
JayāS.	618	JayāS. 23. 2.	JayāS. 16. 297; {@B@} square-root of the	JayāS. 15. 97; {@5@} the root of the wing of a
RaghuVa.	616	HariVaṃ. 43. 69; RaghuVa. 8. 16;	RaghuVa. 6. 75; PadyaVe. 109; JānaHa.	YogVā. iv. 56. 18; RaghuVa. 15. 10;
VivaPraSaṃ.	609	VivaPraSaṃ. 312. 5;	159. 3; 166. 7; VivaPraSaṃ. 161. 14; 162. 13;	VivaPraSaṃ. 28. 14;
BṛSaṃ.	596	BṛSaṃ. 102. 2; {@2@} the three	BṛSaṃ. 51. 14; PadmP.(Ra.) 14. 363;	BṛSaṃ. 17. 3 (comm.
NalaCam.	586	NalaCam. 2. 18 (comm.	NalaCam. 3. 21 (29);	NalaCam. 3. 3 (3)
NyāyKu.	586	NyāyKu. 10. 22;	NyāyRa. 888. 19 ( 23. 151); NyāyKu.	NyāyKu. 20. 12;
ChāndoUBh.	583	ChāndoUBh. 363. 8 ( vi. 5. 1);	ChāndoUBh. 103. 6 ( ii. 10. 5);	ChāndoUBh.(Śaṅ.) 125. 18 ( ii. 23. 1); KāṭhUBh.(Śaṅ.) 106. 1
AṣṭāHṛ.	582	AṣṭāHṛ. i. 11. 34;	NāraS. xxix. 0. 157; AṣṭāHṛ.	AṣṭāHṛ. i. 14. 26; {@Fvi@} a formula to determine th
SūktiRa.	579	ManuSm. 9. 47; SmṛtiCan. i. 218. 4; SūktiRa. 163. 88;	SūktiRa. 39. 18;	SūktiRa.
VI.	579	helper TaiS. VI. iv. 8. 2;	TaiS. VI. iv. 8. 3; TaiBr. III. vii. 9. 1;	TaiS. VI. iv. 4. 4;
SiddhaHe.	577	SiddhaHe. i. 1. 9 (comm.	SiddhaHe. iii. 1. 54;	SiddhaHe. iv. 1. 2;
ŚabdaRaSaK.	577	(ŚabdaRaSaK. 182. 6), (Vaija. 235. 62), (Vaija. 247.	ViśvaPra. 152. 43; MediK. 157. 5; ŚabdaRaSaK. 295. 10;	Ma. 355; ŚabdaRaSaK. 325. 1; ŚabdaRa.(Bā.) 3833, 3976, 4015, 4061
AdhyāRā.	576	AdhyāRā. i. 2. 30;	RāmC. 32. 4; AdhyāRā.	AdhyāRā. vi. 6. 7;
PariPar.	570	PariPar. 6. 68; PāṇḍaC. 6. 973;	PariPar. 2. 135.	PariPar. 4. 43; EI. viii. 213. 45;
KāśyaS.	566	2. 104; BhāvPra.(Bhā.) vi. 4. 31; vi. 7. 33; KāśyaS.	KāśyaS. 75A. 12; AṣṭāSaṃ.	92. 11 (4. 7); KāśyaS.
YuktiSneha.	564	YuktiSneha. 152. 12 ( i. 1. 7);	52. 18; 53. 21; YuktiSneha. 26. 12 ( i. 1. 2); 152. 11 ( i. 1. 7); 158	( 7. 266); YuktiSneha.
KapiKaS.	564	¦ (aṃhāri) the enemy of sin KapiKaS.	KapiKaS. 40. 2. =	KāṭhS. 24. 9 = KapiKaS. 38. 2.
YātrāPra.	558	VaiP. i. 1. 22; YātrāPra. 3. 218. {@5A@} a Vedic	YātrāPra. 6. 160; {@Av@} element, factor,	Pra. 1. 13; YātrāPra. 2. 93;
ViśvaLoK.	558	Pra. 12. 123; AnekāSaṃ. 3. 3; Vaija. 250. 1; ViśvaLoK. 9. 43;	4. 42; ViśvaLoK. 9. 43; AnekāSaṃ. 3. 3; DharK. 126; ŚabdaRaSa	AnekāSaṃ. 3. 3; AnekāK. 51; ViśvaLoK. 9. 43; DharK. 126; NānārthaMa.
KāmSū.	558	KāmSū. 140. 13 (2. 6); 100. 7 (2. 2);	KāmSū. 5. 4 (279. 19);	) KāmSū. 6. 1 (309. 22) (comm. )
SamarāSū.	557	20. 21; SamarāSū. ii. 107. 5;	SamarāSū.	SamarāSū. ii. 84. 15 (57); SamarāSū.
MW.	557	( ) and ( ) . MW. gives	MW. ?]	¦ (a-kupya) [? PW., pw., and MW. ( ) Alt. Gr. II.
TaiĀ.	556	TaiĀ. i. 13. 3 (110. 1);	ṚV. viii. 96. 15; GopBr. ii. 6. 16; TaiĀ. i. 6. 3;	TaiĀ. i. 9. 2;
SiddhāTaVi.	556	SiddhāTaVi. 110. 24; 111. 10; {@5Di@} used as	SiddhāTaVi.	SiddhāTaVi. App. 48. 7.
NyāyKuA.	554	NyāyKuA. i. 163. 10;	NyāyKuA. i. 52. 2; NyāySu.(Ja.) 324B. 4 ( ii. 2. 1);	NyāyMañ. ii. 73. 30; NyāyKa. 150. 24; NyāyKuA. ii. 96. 8;
KalyāKā.	550	KalyāKā. 20. 59;	SuśruS. ii. 1. 82; RugVi. 22. 64; KalyāKā. 8. 17;	disease) KalyāKā. 18. 10.
BṛKathāŚloSaṃ.	546	1. 20; BṛKathāŚloSaṃ. 22. 72;	BṛKathāŚloSaṃ. 15. 124;	311. 7; BṛKathāŚloSaṃ. 27. 27; VyaktiVi. 70. 11; ŚrīKaC. 11. 57;
Rāgh.	546	Rāgh. 1. 51.	EI. ii. 177. 19; Rāgh. 14. 57;	Rāgh. 10. 24.
ViśvaPra.	545	NānārthRaMā. 25; 26; 52; 53; EkāNā.(vi.) 5; ViśvaPra. 185. 2;	ViśvaPra. 152. 43; MediK. 157. 5; ŚabdaRaSaK. 295. 10;	) AmaK. 210; Vaija. 214. 6; 18. 15; ViśvaPra. 112. 26; 168. 12;
AhirbuS.	543	ing to a part only AhirbuS. 11. 57;	AhirbuS. 51. 21; IṣtaSi 8. 1; EI. xi. 332. 66;	AhirbuS. 30. 14; {@B@} a partial aspect, one
NyāyRaMā.	543	xi. 1. 2); NyāyRa. 872. 10; 922. 8; 922. 12 NyāyRaMā. 158. 1;	NyāyRaMā. 157. 21.	NyāyRaMā. 166. 9; Tārki-
BrahmVaiP.	543	and BrahmVaiP. ii.	BrahmVaiP. iii. 11. 25; iii. 2. 18;	BrahmVaiP. iv. 23. 71; iv. 35. 30;
Sāy.	542	part, share, portion, bit, piece (Sāy.	ṚV. i. 112. 1 (Sāy.	(Du.) for Aśvinau; ṚV. x. 106. 9 (Sāy.
KātyŚS.	542	KātyŚS. ii. 6. 8 (comm.	sacrificial altar KātyŚS. ii. 2. 19.	ŚatBr. III. viii. 4. 6; KātyŚS. vii. 2. 25.
Gr.	541	ṃh-) I. A. [ DhātūPā. 1. 666; SaraKaṇṭhā (Gr.)	); SaraKaṇṭhā(Gr.) i. 1. 104; Siddha	¦ (a-kathā) {@1@} (Gr.) not mentioned, not defined as or in-
LakṣmīT.	539	LakṣmīT. 4. 35;	LakṣmīT. 5. 49;	LakṣmīT. 20. 28; {@B@} (Metrics) a part of a verse,
ParaNā.	533	DharK. 2858; ParaNā. 7; Tantrābhi. i. 1. 1; Tantrābhi. ii. 5. 11;	ParaNā. 17; Tantrābhi. iii. 23. 9; EkāNā.	AbhidhāCi. 99; NānārthaMa. 665; ParaNā. 2597; MediK. 176. 2; AnekāTi.
SamarāSaṃ.	530	TripuḌi. 4. 2 (7); SamarāSaṃ.	SamarāSaṃ. 7. 250;	not to be divulged SamarāSaṃ.
SarvaDaSaṃ.	529	SaṃkhyaPraSū. 1. 105; SarvaDaSaṃ.	inactive SarvaDaSaṃ. 15. 229; {@B@} the nature or	SarvaDaSaṃ. 16. 439;
SyādvāMañ.	524	SyādvāMañ. 24. 18.	SyādvāMañ. 28. 98; {@B@} partial per-	SyādvāMañ. 12 (38);
SubhāRaK.	521	SubhāRaK. 6. 22;	9. 27; SubhāRaK. 9. 24; Vāgbhaṭā.	SubhāRaK. 23. 45; YuktiKa 98. 7;
PañcBr.	520	ŚiśuVa. 2. 52; to infinitives PañcBr. xvi. 15. 9;	PañcBr. x. 4. 4; ChāndoU. iv. 10. 3; not generally	PañcBr. xxi. 1. 2; (with )
LalitāSaBh.	518	LalitāSaBh. 125. 17 ( 167); this gave rise to the idea	( 22); YogSā. 21. 15; LalitāSaBh. 5. 26 (6);	446. 20 ( vi. 1. 1); 447. 33 ( vi. 1. 1); LalitāSaBh.
RāmāMañ.	518	43. 11; RāmāMañ. 268. 11; Vikra-	2. 79; VarāP. 11. 55; RāmāMañ. 235. 26;	RāmāMañ. 461. 18; BṛKathāMañ.
KūrmaP.	512	KūrmaP. i. 172. 12;	KūrmaP. 231. 10 (1. 21); NīlaP. 222;	KūrmaP. 671. 15 (2. 31);
BhāṭṭCin.	512	NirṇaSi. 280. 8; BhāṭṭCin. ii. 83. 5 ( ii. 1. 4);	BhāṭṭCin. i. 61. 19 ( i. 1. 4); BālamBha. ii. 148. 9	BhāṭṭCin. 89. 7 ( i. 1. 4);
Kirātā.	505	Kirātā. 4. 38; Kirātā. 6. 19; Śiśu-	Kirātā. 4. 38; Kirātā. 6. 19; Śiśu-	māṇḍP. i. 29. 78; Kirātā. 12. 33;
BṛKathāMañ.	504	RāmāMañ. 461. 18; BṛKathāMañ.	xiii. 33; BṛKathāMañ. v. 1. 194;	17. 73; BṛKathāMañ. ix. 1. 319; DarpDa. 3. 88; DaśāvaC. 8. 76; S
ŚākaṭāVyā.	502	ŚākaṭāVyā. ii. 1. 25 (comm.	ŚākaṭāVyā. iii. 2. 15;	iv. 3. 105; CāndraVyā. v. i. 106; v. 1. 133; ŚākaṭāVyā. i. 1. 75; iv.
VaiyāBhū.	502	VaiyāBhū. 148. 1;	VaiyāBhū. 145. 16; 132. 7; La-	359. 16 ( ii. 1. 1); cf. VaiyāBhū. 151. 3 ( 30)
SaṃgīRa.	496	(comm. ) SaṃgīRa. iv.	EI. viii. 105. 21; SaṃgīRa. i. 177. 1 (7. 22);	SaṃgīRa. i. 181. 7 (7. 34);
AnuVyā.	495	AnuVyā. 37A. 2 ( 2. 3); (i. e.	AnuVyā. 26A. 11 ( 2. 2);	AnuVyā. 26B. 2 ( 2. 2)
VāmaP.	493	VāmaP. 29. 19;	VāmaP. 5. 31; {@Div@} the period between the	245. 28 = VāmaP. 29. 26.
KauṣīBr.	490	KauṣīBr. 13. 4; JaimiBr.	KauṣīBr. 26. 4;	verse (= ṚV. i. 120. 1-9) KauṣīBr.
PratyabhiVi.	486	PratyabhiVi. i. 42. 1 ( i. 1. 1)	(i. e. ) PratyabhiVi. ii.	iii. 2. 8 (PratyabhiVi.
NayaVi.	484	TattvSaṃ. 1815; NayaVi. 190. 5 (	NayaVi. 191. 3 ( i. 1. 5)	NayaVi. 19. 7 ( i. 1. 1); 20. 9 ( i. 1. 1);
GoviBh.	483	GoviBh. 163. 15 ( ii. 3. 41);	GoviBh. 166. 7 ( ii. 3. 43)	i. 3. 7); GoviBh. 164. 12 ( ii. 3. 41); KālīViT. 28. 21.
VarāP.	483	VāmaP. 15. 47; VarāP. 125. 43; PadmP. iv. 13. 26; BhaviP. III. iv.	2. 79; VarāP. 11. 55; RāmāMañ. 235. 26;	luminous VarāP. 125. 43.
NyāySiA.	481	NyāySiA. 220. 1;	NyāySiA. 190. 18;	NyāySiA. 200. 1;
NīlaVi.	481	87. 34; 96. 3; NīlaVi. 63. 14;	PraboSu. 245; NīlaVi. 35. 3 (2); {@8@} suddenly	Subhāṣi. 2503; NīlaVi.
Pañcā.	480	athāMañ. xvi. 1. 542; KathāSaSāg. x. 7. 149; Pañcā. 239. 24;	bravery Pañcā. 4. 28.	derer PañcT. 2. 77 (251. 1) = Pañcā. 165. 7.
Bhā.	479	(Bhā.) i. 1. 63; VīraBhā. 7. 64;	Bhā. i. 2. 76; i. 61. 99; i. 109. 3; HariVaṃ.	Bhā. iii. 3. 24; (listed among the 12
KāvyPra.	478	KāvyPra. 296. 3; BrahmSūBh.(Rā.) 50. 16 ( i.	Ś. 2; VakroJī. 163. 11; SaraKaṇṭhā. 133. 21; KāvyPra. 457. 5;	SūryŚ. 6 = KāvyPra. 418. 4 = PrabaCi. 45. n. 1.
Nir.	475	Nir. 2. 13 (50. 20);	and Nir. 2. 5; from Uṇā.	(Nir. 6. 22); {@1E@} any exudation or juice (not
SaṃkṣeŚā.	475	16. 75; SaṃkṣeŚā. 3. 10;	SaṃkṣeŚā. 1. 207 (comm.	( i. 1. 4); 26. 10 ( i. 1. 4); SaṃkṣeŚā. 1. 450
VarāṅgaC.	467	VarāṅgaC. 9. 34;	VarāṅgaC. 4. 79.	VarāṅgaC. 5. 88;
NavaSāC.	459	v(1). 2. 21; NavaSāC. 9. 58;	NavaSāC. 18. 56;	ii. 5. 37; NavaSāC. 10. 58;
TantrRā.	456	TantrRā.	TantrRā. 31. 23.	TantrRā. 31. 22.
TattvVai.	453	TattvVai. 37. 17 ( 1. 32);	inactive, indolent TattvVai. 16. 17 ( 1. 10);	perform (a religious duty) TattvVai. 35. 23 ( 1. 30);
VasiS.	453	VasiS. 28. 12; {@Dii@} degree (of a circle), 1/30 p	VasiS. 32. 81; {@C@} a	VasiS. 32. 21.
NyāyVārPari.	451	NyāyVārPari. 175. 7;	NyāyVārPari. 556. 4.	NyāyVārPari. 524. 1.
ŚāṅkhāŚS.	448	ĀpaŚS. x. 9. 8; xi. 21. 3; xxiv. 12. 7; ŚāṅkhāŚS. i. 6. 3;	JaimiBr. 3. 71; ŚatBr. I. v. 1. 22 = ŚāṅkhāŚS. i. 6. 4;	) cited in GopBr. ii. 6. 15; ŚāṅkhāŚS. xvi.
MalliC.	447	MalliC. 8. 281;	PariPar. 2. 459; 3. 144; 6. 36; MalliC.	MalliC. 6. 27.
MugdhaBo.	445	GaṇPā. 254. 126; MugdhaBo. 2. 19 (5. 21); in the sense of no exam-	(pity ?) MugdhaBo. 2. 19 (5. 21); PrakriKau. i. 79. 2; an analy	MugdhaBo. 1. 17 (3. 11);
SarvaDaKau.	443	SarvaDaKau. 99. 27; SarvaDa-	SarvaDaKau. 99. 25; TantrRaha.	SarvaDaKau. 40. 3;
CāndraVyā.	442	Vṛ); P. v. 1. 56; CāndraVyā. iv. 1. 66;	JaineVyā. iv. 1. 17; CāndraVyā. iv. 2. 74;	¦ (aṃsa-lá) [P. v. 2. 98; CāndraVyā. iv. 2. 101; KāśiVṛ.
VidhiRa.	439	VidhiRa. 11 (82. 20); SiddhāTa. 22. 19;	VidhiRa. 1 (4. 17);	VidhiRa. 13 (90. 8);
ŚukraNī.	438	39. 6; ŚukraNī. 1. 65;	ŚukraNī. 4 (4). 4.	ŚukraNī. iv. 4. 49.
CāndraVṛ.	435	s other than the physical act of lifting, , CāndraVṛ.	CāndraVṛ. iv. 2. 49.	CāndraVṛ. iv. 2. 101;
BṛParāSm.	434	125; RāmC. 4. 66; 14. 61; Kapphiṇā. 11. 11; BṛParāSm. 2. 79;	i. 128. 21 ( 1. 185); BṛParāSm. 6. 335.	BṛParāSm. 5. 145;
Tantrākhyā.	433	Tantrākhyā. 30. 19; BṛNāraP. 11. 41;	heart Tantrākhyā. 128. 6 = PañcT. 4. 17	Tantrākhyā. 78. 6;
Śaṅ.	432	SanatSu. 3. 20 (Śaṅ. ); BhāgP. iii. 25. 37;	(Śaṅ.) 297. 17 ( 10. 41); Kāvyālaṅ.	(Śaṅ.) 568. 2 ( iii. 2. 5);
SiddhYo.	430	SiddhYo. 22. 114.	SiddhYo. 10. 13.	SiddhYo. 10. 16.
MahāvīC.	429	MahāvīC. 2. 26;	MahāvīC. 4. 56; UttaRāC. 6. 42; 3. 43	MahāvīC. 1. 60.
Hitopa.	429	NītīSā. 1. 10; Hitopa. 3. 2; SūktiRa.	CampaŚreKa. 19; Hitopa.	Hitopa. 1. 80; {@7@} without intention, spontaneousl
VyaktiVi.	427	VyaktiVi. 35. 11; NyāyPari. 278. 9;	311. 7; BṛKathāŚloSaṃ. 27. 27; VyaktiVi. 70. 11; ŚrīKaC. 11. 57;	VyaktiVi. 34. 6; SaduktiKa. 13. 17; SāhiDa. 444. 6; Al
MīmāSū.	421	case of the Aṃśu libation MīmāSū. x. 6. 38; {@3@}	with in the MīmāSū. ii. 3. 20	rformance of a specific religious activity MīmāSū.
VII.	420	TaiS. VII. i. 6. 2;	MānŚS. VII. i. 1. 21; KāśiVṛ. P. vi. 4. 100;	vii. 12. 21; TaiS. VII. v. 22;
PariVṛ.	419	PariVṛ.(Sī.) 154. 6.	PariVṛ.(Sī.) 43. 8 ( i. 4. 21); Prakri-	PariVṛ.(Sī.) 25. 5; Prasā. i. 884. 22; {@C@}. not having
SūktiMu.	417	Ka. 127. 24 = SūktiMu. 37. 5 = ŚārṅgaPa. 3388 = Subhāṣi. 1057; AmaŚ	SūktiMu. 88. 18; ŚārṅgaPa. 3957; Subhāṣi. 2052.	SūktiMu. 53. 29; ŚāriṅgaPa. 3325;
LāṭyāŚS.	417	LāṭyāŚS.	LāṭyāŚS. x. 7. 14;	LāṭyāŚS. vii. 11. 18 (comm.
SāṃkhyaPraBh.	416	SāṃkhyaPraBh. 133. 24 ( 5. 73);	SāṃkhyaPraBh. 47. 23 ( 1. 96);	SāṃkhyaPraBh. 52. 1 ( 1. 106)
BṛKathāK.	416	VāyuP. ii. 26. 165; BṛKathāK. 134. 2; AgniP. 272. 29; BṛNāraP. 8. 137;	BṛKathāK. 134. 41.	BṛKathāK. 134. 2;
GopBr.	415	7. 26; GopBr. ii. 2. 12;	ṚV. viii. 96. 15; GopBr. ii. 6. 16; TaiĀ. i. 6. 3;	) cited in GopBr. ii. 6. 15; ŚāṅkhāŚS. xvi.
TantrRa.	414	TantrRa. 286. 3.	( i. 1. 5); TantrRa. 139. 17 ( iv. 2. 17); P.	ii. 3. 24); TantrRa. 196. 1 ( iv. 3. 37);
AbhidhāRaMā.	414	48. 10; (He.) 136. 13 and Kośas: AmaK. 1230; AbhidhāRaMā.	AbhidhāRaMā. 2. 111; AbhidhāCin. 1264;	RāghPāṇ.(Dha.) 6. 3; AbhidhāRaMā. 2. 226;
ParamāKā.	414	YātrāPra. 1. 5; VīraMi(Bhakti). 60. 6; ParamāKā. 47. 69; LalitāstaRa. 53;	ParamāKā. 18. 128;	ParamāKā. 39. 40.
ŚatTrayī.	406	ŚatTrayī. 2. 304; {@B@} to treat as a numerator of	ŚatTrayī. 687.	PañcT. 1. 118 (120. 10); ŚatTrayī. 734; {@C@} harsh, hard, terrible
DaṇḍaVi.	406	DaṇḍaVi. 254. 6.	3. 221) DaṇḍaVi. 302. 11; 313. 18;	DaṇḍaVi. 48. 10.
Saṃ.	404	Saṃ. 338. 10; AdvaiSi. 846. 11; MīmāKau. ii. 47	Saṃ. 3. 56.	Saṃ. 48; HammīMaKā. 7. 1;
ŚilpaRa.	404	TantrSa. 2. 137 = ŚilpaRa. ii. 27. 64.	ŚilpaRa. i. 17. 34; i. 37. 102.	ŚilpaRa. ii. 5. 92;
BrahmSi.	403	BrahmSi. 66. 22; IṣṭaSi.	BrahmSi. 43. 18; TantrVā.	BrahmSi. 65. 4.
BṛDharmaP.	398	BṛDharmaP. i. 47. 97;	BṛDharmaP. ii. 4. 7; PraboSu. 158;	BṛDharmaP. i. 35. 28.
ŚivLī.	397	ŚivLī. 6. 37; Gaṅgāva. 8. 84;	ŚivLī. 13. 14.	ŚivLī. 18. 40; {@C@} free from trouble, without a f
GaṇRa.	395	GaṇRa. 1. 9 (24);	105. 13; Liṅgānu.(Vā.) 5. 23; GaṇRa. 4. 280 ( ), 4. 293; SiddhāKau. 248A.	in GaṇRa. 7. 414; also stands for the roots of the pla
Saund.	393	BuddhaC. 6. 59; Saund. 7. 51;	Saund. 4. 16; NāṭyaŚā. 22. 83;	ing Saund. 2. 32; 3. 39; 17. 27;
NyāyBh.	393	NyāyBh. 28. 2 ( i. 1. 15); PāraS.	NyāyBh. 161. 6 ( iii. 1. 4);	NyāyBh. 231. 7 (
ViṣṇuSm.	392	ViṣṇuSm. 3. 60;	ViṣṇuSm. 6. 36; ViṣṇuSm. 18. 4;	ViṣṇuSm. 6. 36; ViṣṇuSm. 18. 4;
PrabaCin.	390	PrabaCin. 99. 4; KumāCaSaṃ. 42. 14;	PrabaCin. 15. 32; Kumā-	PrabaCin. 92. 8 =
TārkiRa.	389	TārkiRa. 249. 8.	VyaktiVi. 114. 23; TārkiRa. 330. 15;	TārkiRa. 106. 7; KhaṇḍanKhā.
VedāntDī.	388	1. 1); VedāntDī.	VedāntDī. 129. 14 ( ii. 3. 45); ŚrīBh. 161. 15	VedāntDī. 129. 10 ( ii. 3. 43)
Kāvyālaṅ.	387	VāsaDa. 196. 1; Kāvyālaṅ.(Ru.) 4. 12 (comm.	(Śaṅ.) 297. 17 ( 10. 41); Kāvyālaṅ.	Kāvyālaṅ.(Bh.) 2. 28.
Ā.	387	NyāyKu. 161. 11; TarkSaṃ(Ā.). 91. 5; {@2@} [as a	(Ā.) 64. 14.	(Ā.) 23. 23; Daṇḍa-
SaurP.	384	LiṅgaP. i. 59. 32; SaurP. 28. 14;	SaurP. 28. 14;	KūrmaP. 230. 1 (1. 21); KalkiP. iii. 3. 17; SaurP.
Vā.	381	Vā. (Sambandha) 702;	(Vā.) 583. 15 ( iii. 2. 68);	Vā. ii. 1. 207;
DīpKa.	378	DīpKa.	DīpKa. 55. 9 ( 2. 120);	DīpKa. 55. 11 ( 2. 121); EI.
AVPari.	378	AVPari.	rised by AVPari. xxxii. 1. 31.	AVPari. 70 (2). 2;
Kapphiṇā.	377	thāŚloSaṃ. 23. 108; Kapphiṇā.	(Ra) 73. 125; RāmC. 4. 66; 14. 61; Kapphiṇā. 11. 11; BṛParāSm. 2. 79;	Kapphiṇā. 4. 5; DevīPañ. 4. 13; NavaSāC.
RugVi.	377	SuśruS. ii. 1. 82; RugVi. 22. 64; KalyāKā. 8. 17;	) = RugVi. 10. 6	CaraS. (ed. 1941) vi. 8. 52 = RugVi. 10. 5.
KandaCū.	375	KandaCū. v. 4. 20;	KandaCū. iii. 4. 22.	KandaCū. vi. 1. 25.
RasāSu.	375	RasāSu. 180. 14	sound ‘hum’ RasāSu. 2. 199.	meekness RasāSu. 12. 11 (1. 69)
ṬupṬ.	374	ṬupṬ. 319. 19 ( xii. 1. 7); 115. 6 ( vi. 3. 2);	ṬupṬ. 223. 11 ( ix. 4. 1);	ṬupṬ. 115. 7 ( vi. 3. 2);
PūrvottaVāNaMā.	374	PūrvottaVāNaMā. 22. 3.	PūrvottaVāNaMā. 292. 9.	PūrvottaVāNaMā. 293. 17; 291. 19;
BhārŚS.	373	ĀpaŚS. ix. 14. 14; x. 22. 3; BhārŚS. ix. 16. 18;	BhārŚS. x. 14. 19; x. 17. 12;	BhārŚS. ii. 11. 4.
Bh.	370	Bh. ii. 246. 19 ( 2. 137);	Bh. 609. 6 ( ii. 3. 20); ,	Bh.(Śrī.) ii. 375. 10 ( iii. 3. 55)
KātanVṛ.	367	KātanVṛ. i. 3. 1; KāśiVṛ. P. i. 1. 14; GaṇRa 1. 9 (	Vṛ. i. 3. 94 = KāśiVṛ. iii. 3. 112 = KātanVṛ. iv. 5. 91;	ṛ. i. 3. 26; Nyās. 1. 228 ( P. i. 3. 26); KātanVṛ.
DharK.	366	DharK. 2858; ParaNā. 7; Tantrābhi. i. 1. 1; Tantrāb	DharK. 28. 58; ParyāŚaRa. 1. 84; AnekāTi. 1. 8; 1.	(DharK. 2441, KośaKaTa. ii. 8677), (NānārthaMa. 18
TantrRaha.	366	SarvaDaKau. 99. 25; TantrRaha.	and knowledge TantrRaha. 7. 18; 8. 25;	TantrRaha. 8. 27 (1); ŚatDū. 123. 19;
SiddhāLeSaṃ.	366	SiddhāLeSaṃ. 184. 8;	SiddhāLeSaṃ. 337. 8; 340. 9; 459. 8;	1. 16); ii. 74. 10 ( ii. 2. 12); SiddhāLeSaṃ. 425. 2; GuruCan. i. 93. 21;
XIV.	366	VājaS. 20. 8; ŚatBr. XIV.	ŚatBr. XIV. i. 3. 10;	ŚatBr. XIV. vii. 1. 21;
HetuBiṬ.	366	HetuBiṬ.	HetuBiṬ. 124. 2;	HetuBiṬ. 48. 13;
BhelaS.	365	3. 60; v. 7. 28; BhelaS. 6. 16 (171. 15); 6. 23 (196. 27); 8. 7 (261.	BhelaS.	13. 79 (1941 Ed.); BhelaS.
ŚaṅkaVi.	361	UjjvaNīMa. 69. 2; ŚaṅkaVi.(Ā.) 27. 4;	ŚaṅkaVi.(Ā.) 112. 19; BhāvPra-	ŚaṅkaVi.(Ā.)
MaYānaSū.	360	MaYānaSū. 18. 4 (4. 23);	MaYānaSū. 80. 6 (12. 9);	MaYānaSū. 119. 12 (17. 8);
RāmāCam.	359	1. 31); BrahmP. 78. 45; LiṅgaP. i. 66. 19; RāmāCam. 1. 71; RāmāMañ.	7. 21; RāmāCam. 2. 28 (2);	RāmāCam. 6. 58;
BaudhDS.	358	BaudhDS. ii. 2. 37;	dhDS. ii. 1. 51; BaudhDS.	BaudhDS. ii. 3. 5;
VaikhāŚS.	357	VaikhāŚS. 14. 5.	3. 25 = ĀpaŚS. viii. 1. 1 = xxii. 8. 1; VaikhāŚS. 8. 3; AVPari 39 (1). 12;	VaikhāŚS. 5. 6; 14. 4; 14. 7; BhārŚS. xii. 4. 18;
SaṅkarKāBh.	356	1. 1 ( 3. 4); BālaKrī. i. 32. 16 ( 1. 13); SaṅkarKāBh. 17. 5 ( i.	SaṅkarKāBh. 136. 17 ( iii. 2. 17)	ŚaṅkhaLiSm. 3; SaṅkarKāBh. 88. 21 ( ii. 2. 43) (used with an
BṛBrahmaS.	353	PāraS. 18. 151; BṛBrahmaS.	BṛBrahmaS. iv. 8. 11; {@ii@} deaf ParaNā.	BṛBrahmaS. iii. 8. 149; SkandP. i.
Subodhi.	347	Subodhi.	Subodhi. 53. 27 ( 2. 122)	Subodhi. 66. 32 ( 2. 136);
VikraDeC.	345	RāmāMañ. 298. 18; VikraDeC.	VikraDeC. 1. 45.	VikraDeC. 18. 2; {@2@} one of the thousand names
Ekāva.	344	Ekāva. viii. 31. 8;	Ekāva.	Ekāva. 6. 3 (33); NemiNir.
Nārāy.	344	Nārāy. i. 1. 5;	Nārāy. v. 20. 3.	StavMā. 201. 9; Nārāy.
RasRaSa.	343	RasRaSa. 16. 26;	RasRaSa. 2. 3.	PāṇḍaC. 6. 512; RasRaSa.
KulārT.	343	tion KulārT. 3. 91; {@2@} one of the six	KulārT. 3. 13; {@B@} aris-	KulārT. 2. 5.
ParaS.	343	ParaS. 5. 71; {@B@} one entitled to a	MahāBhā. ii. App. 15. 38; ParaS. 5. 25;	KalyāKā. 26. 13; ParaS.
PratāYaBhū.	342	PratāYaBhū. 216. 6; VetāPañ.(Śi.) 62. 32;	3. 17); PratāYaBhū. 440. 8;	Sa. 115. 5; PratāYaBhū. 440. 8;
SthānṬ.	342	SthānṬ. 338B. 10; {@1C@} a piece of cloth, a garment	SthānṬ. 299A. 9; AupaSūṬ. 76. 2.	SthānṬ. 106B. 11.
NītiVā.	342	{@D@} root of a tree NītiVā. 10. 150;	NītiVā. 24. 22; SamyaKau.	NītiVā. 5. 22;
BṛNāraP.	341	. 26. 165; BṛKathāK. 134. 2; AgniP. 272. 29; BṛNāraP. 8. 137;	Tantrākhyā. 30. 19; BṛNāraP. 11. 41;	iii. 148. 20; BṛNāraP. 38. 12.
Kuval.	341	KathāMañ. ix. 2. 1020; Kuval. 135 (10);	Kuval. 66 (85).	Kuval. 53 = Candrā. 5. 58
ĀtmaTaVi.	341	ĀtmaTaVi. 42. 1; 115. 5;	1. 80; ĀtmaTaVi. 947. 5;	ĀtmaTaVi. 915. 4; SarvaDaSaṃ.
YājñaSm.	340	ViṣṇuSm. 18. 36; YājñaSm. 2. 123;	{@B@} co-heir, coparcener YājñaSm. 2. 132	CaraS. i. 6. 45; (1922 Ed.); YājñaSm.
TattvMu.	340	TattvMu. 4. 84;	1A. 10; TattvMu. 1. 20;	TattvMu. 4. 13; TattvPrakā. 164A. 9
VedāntSā.	338	108. 7 ( ii. 2. 24); VedāntSā.(Rā.)	( i. 1. 4); VedāntSā.(Rā.) 17. 5 ( i. 1. 2);	of being a part VedāntSā.(Rā.) 217. 4
PañcaRā.	337	MahNirvāT. 7. 9; PañcaRā.	PañcaRā.(Nā.) iv. 3. 146;	PañcaRā.(Nā.) v. 2. 25;
PañcPā.	336	PañcPā. 8. 10 ( i. 1. 1);	PañcPā. 5. 13;	PañcPā. 61. 20; 14. 8;
AnarghaRā.	336	AnarghaRā. 1. 50;	AnarghaRā. 7. 80; = SubhāRaK. 16. 59;	3. 20; HarṣaC. 52. 7; AnarghaRā. 7. 45; HarVi. 26. 29;
NītiSā.	334	NītiSā. 2. 10; {@B@} a co-heir, co-parcener	NītiSā. 15. 31;	NītiSā. 4. 29; AgniP. 238. 15; Mānaso.
NyāyMa.	333	NyāyMa.	NyāyMa. 101. 2;	NyāyMa. 360. 2;
ĀnandRa.	331	ĀnandRa. 1. 39;	ĀnandRa. 3. 6; {@4Cii@} partial incarnation ( explai	ĀnandRa. 8. 17.
Ra.	331	Ra. 21. 6;	(Ra.) 3. 302; NyāyRaMā. 2. 3; {@iii@} (in	Ra. 8. 21 (14)
Śāk.	329	based on the passages Śāk. 7. 5 and MeghDū.	Śāk. 3. 12;	Śāk. 3. 38 = VakroJi.
Bhaṭṭi.	329	Bhaṭṭi. 3. 46; 3. 25; 4. 4; 14. 51; 22. 17;	(causal) Bhaṭṭi. 2. 40;	Bhaṭṭi. 15. 75.
HammīMaKā.	328	Saṃ. 48; HammīMaKā. 7. 1;	HammīMaKā. 3. 77; HarṣaC.	Nalo. 1. 7; HammīMaKā. 1. 71; Acyutarā. 8. 3;
AnekāK.	328	the meanings of i) Vaija. 236. 78; AnekāK. 918; SiddhāKau. on Uṇā.	AnekāSaṃ. 3. 3; AnekāK. 51; ViśvaLoK. 9. 43; DharK. 126; NānārthaMa.	AnekāK. 51; {@2A@} the leaf of Tamāla
PramāMī.	326	PramāMī. 28. 21 ( i. 1. 32)	PramāMī.	PramāMī. 65. 16 ( ii. 1. 34);
VakroJī.	323	( 2. 5); AmaŚ. 2; VakroJī. 163. 11; SaraKaṇṭhā. 133. 21; KāvyPra. 457.	VakroJī. 24. 18;	VakroJī. 43. 21; Nava-
BuddhaC.	320	BuddhaC. 6. 59; Saund. 7. 51;	BuddhaC. 7. 6;	Rāmā. iii. 44. 3; BuddhaC. 3. 60;
AitĀ.	316	ore y; usually called , AitBr. 25. 7 (668); AitĀ. ii. 3. 6;	AitĀ. I. ii. 2. 29; SūśruS. iii. 5. 19; 6. 6; Ca	AitĀ. II. iii. 6. 22;
TrikāŚe.	314	TrikāŚe. i. 1. 29; ŚabdaBhePra.(Pu.) 1. 9; MediK. 193	{@8B@} 1/3 of a zodiacal sign comm. TrikāŚe.	TrikāŚe. ii. 6. 9.
Sphuṭā.	314	Sphuṭā. 66. 9 ( 1. 28) [probably the	Sphuṭā. 80. 17 ( 4. 77)	3. 2); Sphuṭā.
YudhiVi.	308	YudhiVi. 2. 40 ( Arjuna as his partial form)	YudhiVi. 1. 88;	YudhiVi. 4. 7.
PurāPraSaṃ.	306	PurāPraSaṃ. 50. 30 .	PurāPraSaṃ. 127. 16; {@B@} leg	49. 7; PurāPraSaṃ. 73. 24.
PramāVāSvopVṛ.	306	PramāVāSvopVṛ. 20. 29.	PramāVāSvopVṛ.	PramāVāSvopVṛ. 32. 5;
Ka.	304	(Ka.) 1. 77	Ka. 127. 24 = SūktiMu. 37. 5 = ŚārṅgaPa. 3388 =	Ka. 536. 6 ( iv. 2. 15);
ĀdiP.	304	ĀdiP. 29. 34.	ĀdiP. 21. 61;	ĀdiP. 14. 75; BṛDharmaP. i.
Surath.	303	Surath. 4. 51; NemiDū. 62; Yādavā. 13. 51; Subhāṣi.	Surath. 10. 3.	Surath.
NirṇaSi.	302	NirṇaSi. 280. 8; BhāṭṭCin. ii. 83. 5 ( ii. 1. 4);	vasion or duration NirṇaSi.	(Śrāddha.) 9. 9; NirṇaSi. 271. 5;
VyutpaVā.	302	VyutpaVā. 141. 5;	VyutpaVā. 144. 11;	VyutpaVā. 77. 4;
KauśiSū.	301	KauśiSū. 71. 1;	KauśiSū. 52. 16; 32. 27;	r or projection or holding point or handle KauśiSū.
YuktiKa.	301	YuktiKa.	(544B. 27); YuktiKa.	YuktiKa. 111. 13.
DaśāvaC.	301	. 73; BṛKathāMañ. ix. 1. 319; DarpDa. 3. 88; DaśāvaC. 8. 76; Subhā-	DaśāvaC. 8. 870; ŚāliC. 6. 69;	DaśāvaC. 8. 64;
MānaSā.	300	MānaSā. 65. 2;	MānaSā. 52. 170; MānaSā. 61. 17;	MānaSā. 52. 170; MānaSā. 61. 17;
StavMā.	300	SaduktiKa. 14. 1; StavMā. 284. 23;	StavMā. 201. 9; Nārāy.	StavMā. 163. 9.
PadyaVe.	296	KaṃVa. 3. 18 = PadyaVe. 631;	PadyaVe. 543.	RasGaṅ 170. 7; PadyaVe. 358; GoviBh. 164. 3 ( ii. 3. 41);
ŚāraTi.	296	ŚāraTi. 15. 14 (comm.	ŚāraTi. 18. 63; {@3@} name of a Śakti	34. 23; ŚāraTi. 15. 9;
TarkBhā.	294	TarkBhā.(Mo.) 34. 26;	TarkBhā.(Mo.) 35. 20.	(Vā.) 166. 1 ( i. 1. 5); TarkBhā.(Mo.)
AbhidhKoBh.	293	AbhidhKoBh. 111. 24 (	43. 3; AbhidhKoBh. 359. 15 ( 6. 38)	AbhidhKoBh.
MānaMe.	293	MānaMe. 171. 5; SāṃkhyaSūVṛ. 297. 5 ( 6. 65);	MānaMe. 260. 5;	MānaMe. 89. 7; ŚivārkaMaDī.
AlaṅkāRa.	293	AlaṅkāRa. 57. 35.	AlaṅkāRa. 18. 7-8.	1. 355 = AlaṅkāRa. 66. (8)
KumāSaṃ.	292	KumāSaṃ. 2. 55; to pronouns (P. vi. 1. 132)	KumāSaṃ. 2. 57;	KumāSaṃ. 6. 74;
U.	287	TātpaṬ(U.) 16. 22 ( 1. 69);	¦ (aṃśī-kṛ-) VIII. U. {@A@} to divide, to share	3 ¦ (aṃh-) X. U. [ (v. l. ) DhātuPā. X
VasaViKā.	286	ŚiśuVa. 15. 33; VasaViKā. 7. 65; compounded with adjectives to	VasaViKā. 9. 17;	VasaViKā. 9. 48.
Vi.	284	Vi. 8. 16 (comm.	Vi. 311. 26 ( vi. 2. 1)	Vi. 42. 9; NemiNir. 4. 24;
HārīS.	283	HārīS. ii. 6. 23;	HārīS. i. 7. 80; i. 7. 71; (of the river)	HārīS. iii. 3. 76.
Mañ.	283	Mañ. i. 332. 1; NyāyRa. 117. 15 ( 2. 231);	Mañ. i. 338. 26; ii. 6. 8; NyāyRaMā. 106. 3;	Mañ. KāśiVṛ. i. 3. 29;
PārāSū.	282	PārāSū. 27. 18;	PārāSū. 27. 25.	PārāSū. 63. 21; TilaMañ.
AlaṅkāMañ.	282	AlaṅkāMañ. 105. 11.	AlaṅkāMañ. 105. 15.	AlaṅkāMañ. 32. 3; {@D@} pitiless, cruel, painful (of ab
UttaRāC.	281	UttaRāC. vi. 4;	MahāvīC. 4. 56; UttaRāC. 6. 42; 3. 43	UttaRāC. 3. 40; RāmC. 17. 65; 18. 27; DevīBhāP. vii.
PṛthvīVi.	279	PṛthvīVi. 4. 62; PṛthvīVi. 11. 37;	PṛthvīVi. 4. 62; PṛthvīVi. 11. 37;	PṛthvīVi. 6. 33;
BhāṭṭCan.	279	BhāṭṭCan. 117. 21 ( iv. 3. 10); Brahm-	BhāṭṭCan. 49. 20 ( xiv. 2. 7);	BhāṭṭCan. 13. 2 ( xiii. 2. 9);
PañcDa.	278	PañcDa. 2. 22;	PañcDa. 7. 55.	PañcDa. 6. 166; Upask. 326. 11 ( vii. 2. 9); 332. 2
NidāSū.	277	NidāSū. 1. 5; {@5Bi@} a key-note in the or	NidāSū.	NidāSū. 73. 22 (4. 9)
MaVastuAva.	277	MaVastuAva. i. 124. 1.	MaVastuAva. ii. 300. 1; MīmāSū. x. 3. 55;	MaVastuAva. i. 161. 2;
Raghunā.	271	Raghunā. 8. 42.	AcyutaRā. 8. 28; Raghunā. 4. 17;	Acyutarā. 2. 48; Raghunā.
MṛgendraT.	270	MṛgendraT. ii. 2. 10;	MṛgendraT. iv.	MṛgendraT. iv. 1. 44.
RājNi.	268	RājNi. 458. 22; 106. 21; ApūNā. 11; KalpaK. 177.	158. 15; NighŚe. 2160; RājNi. 38. 4; BhāvPraNi. 49. 31; AṣṭāNi. 3. 10;	MediK. 180. 3; {@1F@} a kind of mustard ( ) RājNi. 430. 12;
TaiUBhāVā.	267	TaiUBhāVā. 192. 6 (2)	TaiUBhāVā. 47. 22 (2); BṛĀraUBhVā. iii. 2. 27; NaiṣkSi.	1. 1); TaiUBhāVā. 182. 1 (Brahma-
PramāVār.	264	PramāVār. 2. 177; ŚvetāUBh. 63. 7 ( 1. 3);	PramāVār. 2. 21;	PramāVār. 1. 112;
SV.	263	SV. I. iv. (i). 1. 6; I. iv(i). 2. 3; TaiS. I.	before in the SV. e. g. ṚTPrāti. 2. 7] {@1@} uninju-	ṚV. viii. 2. 14; SV. I. iii(1). 4. 3; JaimiBr.
AlaṅkāSa.	261	KāvyaPra. 734. 5 = SaduktiKa. 54. 30; AlaṅkāSa. 89. 10;	AlaṅkāSa. 76. 4;	BhāvŚ. 72; HarṣaC. 87. 7 = AlaṅkāSa.
TaiUBh.	260	( 1. 8); TaiUBh.(Śaṅ.) 188. 17 ( 1. 1);	TaiUBh. 272. 7 (2. 8); ŚatŚlo. 35;	AhirbuS. 13. 20; 15. 51; TaiUBh.
TattvBi.	260	PārvPa. 5. 25; {@D@} not having a creator TattvBi.	2692; TattvBi. 102. 2;	TattvBi. 30. 1;
HārLa.	258	HārLa. 166. 11; VīraMi. (Paribhāṣā) 109. 6;	HārLa. 69. 11.	1050. 19 ( 3. 235); HārLa. 160. 2; 162. 9;
VāsaDa.	255	VāsaDa. 196. 1; Kāvyālaṅ.(Ru.) 4. 12 (comm.	VāsaDa. 213. 3; Nyās. 2. 467 ( vi. 3. 75);	VāsaDa. 7. 3; AnuVyā.
JānaPa.	255	JānaPa. 5. 47 (6); {@2D@} share of produce,	JānaPa. 5. 48 (4);	JānaPa. 5. 27; Dhvanyā. 195. 2
TātpaVṛ.	255	TātpaVṛ. 127. 14 ( 2. 4)	TātpaVṛ. 3. 17;	TātpaVṛ. 331. 9 ( 3. 39);
TantrSa.	252	TantrSa. 2. 9; ŚukrNī. 1. 231; {@6C@} a	TantrSa. 2. 58; {@Fiv@} part of the whole length, bre	TantrSa. 2. 13; Vāstu-
Kau.	249	Kau. 99. 25; ArthSaṃ. 10. 4;	Kau. 282. 3 ( iii. 2. 14)	Kau. i. 219. 2; i. 142. 3; i. 930. 2;
Acyutarā.	249	Acyutarā. 7. 26.	Acyutarā. 9. 68.	Acyutarā. 11. 2.
ParāTri.	247	CamatCan. 3. 10; ParāTri.	in nature ParāTri. verse 8;	ParāTri.(comm.) 99. 8;
ChāndoU.	247	17. 8; ṚV. i. 32. 7; AV. v. 31. 11; ChāndoU. iv. 4. 5;	TaiS. V. v. 1. 6; BṛĀraU. i. 4. 16; ChāndoU. vi. 8. 2;	PañcBr. x. 4. 4; ChāndoU. iv. 10. 3; not generally compounded with
CaitaCa.	247	CaitaCa. 11. 13 (1); {@B@} hav-	2194; CaitaCa. 199. 2 (8); RasGaṅ	ŚaṅkaDigVi.(Mā.) 6. 2; CaitaCa. 11. 17 (1)
MudrāRā.	247	2. 57; 7. 14; MudrāRā.	MudrāRā. 2. 4; VeṇīSaṃ. 6. 445.	1. 82; MudrāRā. 5. 5 (42); ViṭVṛ. 28;
NityoNi.	244	NityoNi. 72. 27.	47. 21; NityoNi. 24. 10; 118. 13; LakṣmīT. 23. 23; VīraMi.(Pū	NityoNi. 63. 26; BālamBha.
NāraS.	242	NāraS. xxix. 0. 157; AṣṭāHṛ.	NāraS. xiv. 22;	NāraS. xxxi.
KuṭṭaMa.	242	KuṭṭaMa. 524; AmaŚ. 62 = Sadukti-	KuṭṭaMa. 412;	lover KuṭṭaMa. 678.
BṛĀraU.	241	BṛĀraU. iv. 3. 22; ManuSm. 2. 105;	AV. xx. 16. 10; BṛĀraU. iii. 9. 28; ŚiśuVa. 6. 78;	TaiS. V. v. 1. 6; BṛĀraU. i. 4. 16; ChāndoU. vi. 8. 2;
NaiṣkaSi.	241	NaiṣkaSi. 82. 7;	NaiṣkaSi. 23. 9;	NaiṣkaSi. 67. 8 (comm. )
GopāKeCan.	241	GopāKeCan. 122. 19; Hastyāyur.	GopāKeCan. 68. 29; SetuBa. 289. 3;	GopāKeCan. 106. 33.
PrabaK.	241	PrabaK. 78. 10; RājNīRa. 49. 4; AdhyāRā. iv. 8. 37;	2. 447; PrabaK. 16. 17.	PrabaK. 37. 21.
ŚārṅgaS.	240	ŚārṅgaS. ii. 2. 159; {@B@} the	shoulder ŚārṅgaS. iii. 8. 30.	ŚārṅgaS. i. 2. 31;
Pra.	240	Pra. 35. 23.	Pra. ii. 386. 30 ( ii. 3. 52); ii. 386. 29 ( ii	Pra. 1. 13; YātrāPra. 2. 93;
BhojanKu.	239	TantrRā. 8. 31; BhojanKu. 123. 8; = AneKā-	BhojanKu. 176. 5; {@6@} the flanks of a building (due	BhāvPra.(Bhā.) 6 (7). 153; BhojanKu. 106. 3;
JīvanVi.	238	ŚrutaPra. 50. 4 ( i. 1. 1); JīvanVi. 39. 10;	JīvanVi. 66. 19.	Ekāva. 6. 1 (55) (155. 16); JīvanVi. 17. 18;
SiddhāSi.	237	SiddhāSi. i. 42. 23.	SiddhāSi. i. 119. 1.	SiddhāSi. i. 20. 2.
KathāK.	237	2. 65); 967. 4 ( 3. 258); KathāK.	his ailment KathāK. 164. 12.	KathāK. 89. 19; {@4@} accidentally,
SubhāRaSaṃ.	237	SubhāRaSaṃ. 602;	SubhāRaSaṃ. 265;	SubhāRaSaṃ. 115; 477; PadmP. ii.
GautDS.	235	GautDS. ii. 2. 11;	GautDS. ii. 1. 11 = VīraMi.(Rāja.)	not following (a rule) GautDS. ii. 9. 32;
MālaMā.	234	MālaMā. 1. 2=SabhāRaK. 4. 15; TilaMañ. 36. 8;	MālaMā. 9. 130; 9. 306;	MālaMā. 9. 183; BhallaŚ. 101; ŚārṅgaPa.
Bṛha.	234	Bṛha. 70. 5 ( i. 1. 1);	performed or done or made Bṛha. 19. 8	Bṛha. 247. 8 ( i. 1. 5); {@2@} without any motive
JānaHa.	233	RaghuVa. 6. 75; PadyaVe. 109; JānaHa.	JānaHa. 3. 9; ŚiśuVa.	JānaHa. 2. 12;
KāvyKaVṛ.	232	RāghPāṇ.(Ka.) 4. 26; 12. 39; PṛthvīVi. 2. 1; KāvyKaVṛ. 4. 12 (1. 1); Haṃs-	KāvyKaVṛ. 68; 27 (3. 3); 69. 23 (3. 3);	KāvyKaVṛ. 73. 4 (3. 3); NānārthaMa.
SiṃhāDvā.	229	132. 13 = PrabhāC. 90. 6 = CāṇaNīDa. 5. 5 = SiṃhāDvā.	Sm. 365. 1; PadmP. v. 33. 35; SiṃhāDvā. 100. 3;	SiṃhāDvā. 34. 1;
MahNirvāT.	228	MahNirvāT. 5. 117 (comm.	MahNirvāT.	12. 118; MahNirvāT. 12. 14;
ŚāliC.	228	ŚāliC. 2. 64; Tattv-	ŚāliC. 4. 33.	ŚāliC. 5. 141; {@B@} not
ĀpaDS.	227	U. vi. 16. 2; ĀpaDS. i(1). 3. 15; TattvSa. (3)	never gets angry ĀpaDS. i. 3. 23;	ĀpaDS. ii(7). 16. 13 = HirŚS. xxvii. 5. 13.
VākyaPa.	227	VākyaPa. iii. 14. 46;	VākyaPa. 1. 11; BṛPārāSm. 6. 209; LaghvāśvaSm. 12. 14	{@12@} means, condition, cause VākyaPa. 1. 25;
NītiMā.	226	NītiMā. 46. 7; NītiMā. 52. 8;	NītiMā. 46. 7; NītiMā. 52. 8;	NītiMā. 36. 2; BrahmaSūBh.
Śarka.	226	shape Śarka. 68. 8.	1); 40. 25 ( i. 1. 1); 162. 20 ( i. 1. 5); Śarka. 18. 12; Kāśi. iii.	Śarka. 75. 16;
Rā.	224	(Rā.) 18. 1 ( i. 1. 2); Loc. 68. 12	(Rā.) 132. 1 ( 2. 47); 203. 9 ( 3. 29);	VedāntSā. (Rā.) 14. 1 ( i. 1. 2);
AnekāSa.	224	KosaKaTa. 1. 649, 1. 683; AnekāSa. 550; ParaNā 277; NānārthSaṃ. 25. 22;	= AnekāSa. 466; ViśvaPra. 12. 123; MediK. 4. 42; Vaija.	180; {@1H@} a piece of white cloth AnekāSa. 466;
VedāntRaMañ.	222	VedāntRaMañ. 49. 1;	VedāntRaMañ. 31. 6 ( 1. 3)	VedāntRaMañ. 1. 4 (63. 25);
ĀtmaSi.	222	(86. 17); ĀtmaSi. 43. 22;	ĀtmaSi. 4. 24; Ātma-	460. 5 ( 56); ĀtmaSi.
PW.	221	¦ (aṃho-yú) remover of trouble (but PW. threatening,	¦ (a-kaṇṭhatālvoṣṭha) [PW. without the use of	to do his duty PW.] = ViṣṇuSm. 22. 90;
UjjvaNīMa.	220	UjjvaNīMa. 69. 2; ŚaṅkaVi.(Ā.) 27. 4;	15. 7; YātrāPra. 4. 107; UjjvaNīMa.	UjjvaNīMa.
AśvaVai.	219	16 (1. 16); 329. 21 (2. 70); 298. 2 (2. 60); AśvaVai. 12. 34; AmaK. 879;	AśvaVai. 2. 20;	AśvaVai. 5. 6; 2. 19.
ĀgniveGS.	219	ĀgniveGS. ii. 5. 6 (84. 6) = ii. 6. 2 (95. 16);	ĀgniveGS. iii. 6. 3 (152. 13)	JaimiGS. 1. 3 (3. 21); ĀgniveGS. i. 3. 5 (22. 15);
NānārthaMa.	218	i. 6. 1; NānārthaMa. 11; NānārthRaMā. 25; EkāNā.(A.) 5; AnekāTi.	7. 9; NānārthāSaṃ. i. 6. 1; EkārthaNā. 1. 2; NānārthaMa. 11; 12;	RaMā. 50-51; NānārthaMa. 36-37;
Liṅgānu.	218	AnekāSaṃ. 2. 530; 2. 542; AbhidhāCi. 95; 99; Liṅgānu.(He.) 10. 1; Nānārthā	the meaning of the suffix; cf. Liṅgānu.(Va) 54; ŚabdaBhePra.	(Ma.) 3. 12; Liṅgānu.(Śā.) 118. 13; Liṅgānu.(He.) 64. 1; Liṅgānu.(Pā.)
SarvaVeSāSaṃ.	217	SarvaVeSāSaṃ.	SarvaVeSāSaṃ. 608.	SarvaVeSāSaṃ. 607.
Rāvaṇā.	216	Rāvaṇā. 10. 3; RājTa.(Prā.) 450;	Rāvaṇā. 16. 75; RāmāMañ. 304. 21;	BrahmP. 150. 6; Rāvaṇā. 9. 26;
PadārthaSaṃ.	215	PadārthaSaṃ. 141. 10; Nyāy-	PadārthaSaṃ. 154. 8;	PadārthaSaṃ. 98. 21; 58. 8;
SiddhāTa.	215	VidhiRa. 11 (82. 20); SiddhāTa. 22. 19;	( i. 1. 2); SiddhāTa. 22. 24;	SiddhāTa. 42. 7.
ĀgaPrā.	215	ĀgaPrā. 9. 15; Tātpa-	ĀgaPrā. 75. 6;	ĀgaPrā. 75. 6.
DrāhyŚS.	215	LāṭyāŚS. v. 8. 4; DrāhyŚS. xiv. 4. 4; {@4v@} text dealing	DrāhyŚS. xiii. 4. 16; VaikhāGS. 1. 1; GautDS. i. 8. 2	LāṭyŚS. iv. 9. 10 = DrāhyŚS. xii.
AnekāTi.	213	nārthaMa. 11; NānārthRaMā. 25; EkāNā.(A.) 5; AnekāTi. 1. 5;	DharK. 28. 58; ParyāŚaRa. 1. 84; AnekāTi. 1. 8; 1. 5; NāmaMā. 7; Tantrābhi.	later Kośas give various meanings to it AnekāTi.
YogŚā.	213	YogŚā. 4. 126;	YogŚā. 11. 9;	YogŚā. 2. 101.
VākyaP.	211	VākyaP. Vṛtti( 1. 1) 13. 1;	VākyaP. iii. 7. 72.	VākyaP. 1. 124;
PrasaRā.	211	PrasaRā. 7. 81; SaduktiKa. 10. 9;	PrasaRā. 5. 48 (2);	10. 66; PavaDū.(Dh.) 13; PrasaRā. 5. 1 (8)
Kāvyāda.	211	Kāvyāda. 2. 225; EI. iii. 51. 1;	Kāvyāda. 1. 84;	Kāvyālaṅ.(Bh.) 5. 64; Kāvyāda. 3. 41;
VeṇīSaṃ.	209	MudrāRā. 2. 4; VeṇīSaṃ. 6. 445.	11. 324; {@5@} without Karṇa VeṇīSaṃ.	VeṇīSaṃ. 3. 460;
BṛhaspaSm.	206	3. 51; BṛhaspaSm. 83. 20 = Brahmā-	BṛhaspaSm. 198. 17;	BṛhaspaSm. 197. 14; NītiRa. 72. 4;
MahāN.	206	1. 43; MahāN. 1. 16;	BhojPra. 71. 3 = MahāN. 5. 41.	CitraPaC. 25; MahāN. 3. 1;
VārāŚS.	206	VārāŚS. I. i. 2. 12; MīmāSū. xii. 4. 1.	xiii. 6. 27; VārāŚS. III. iii. 3. 22.	VārāŚS. II. i. 6. 13; I. vi. 1. 32;
BhagGī.	205	BhagGī. 10. 33; begins all the Mātṛkās	DS. 18. 36; BhagGī. 15. 7;	BhagGī. 10. 21 (MahāBhā. vi. 22. 21);
VetāPañ.	205	PratāYaBhū. 216. 6; VetāPañ.(Śi.) 62. 32;	VetāPañ.(Śi.) 25. 34;	VetāPañ.(Jam.) 24. 19; [v. l.
MālinīT.	204	252. 6); MālinīT. 2. 28.	clear, clean MālinīT. 16. 53;	ŚatŚlo. 40; MālinīT. 2. 16;
ṚPrāti.	201	the Devanāgarī symbol for the sound called ṚPrāti.	form of (84 syllables) ṚPrāti. 17. 4 (comm.	ṚPrāti. 5. 20.
Kātan.	201	i. 2. 3; JaineVyā. ii. 2. 14; Kātan. iv. 3. 11; KāśiVṛ. iii. 2. 9; PrakriKau.	P. iii. 1. 86); {@ii@} for in Kātan. iv. 2. 60.	called (P. v. 1. 97), Kātan. ii. 2. 64; JaineVyā. 9. 33 ( i. 1. 38);
JātaMā.	201	JātaMā. 236. 10.	JātaMā. 100. 20 (17. 2)	action JātaMā. 86. 5 (13. 31)
PuruṣPa.	201	PuruṣPa. 163. 15.	PuruṣPa. 99. 4.	PuruṣPa. 109. 20;
MayaMa.	200	moulding MayaMa. 18. 30.	MayaMa. 25. 45.	MayaMa. 15. 75.
Ja.	200	(Ja.) 2A. 6 ( i. 1. 1); 3A. 1 ( i. 1. 1);	(Ja.) 46A. 3 ( i. 1. 1); 47B. 3 ( i. 1. 1);	(Ja.) 396B. 12 ( ii. 2. 7)
GaṇPā.	199	xact sense is not certain; as P. i. 1. 41, GaṇPā. 85. 50;	GaṇPā. 254. 126; MugdhaBo. 2. 19 (5. 21); in the se	Prasā. i. 825. 3; GaṇPā. 169. 6] a load carried on the shoulders
KāvyMī.	198	KāvyMī. 108. 10; {@D@} the region of the upper corne	KāvyMī. 33. 17; JayaMa. 44. 18 ( 1. 4);	KāvyMī. 43. 17; SūktiRa. 197. 35;
Jīvān.	195	5. 11; Jīvān. 208. 1;	Jīvān. 135. 4.	Jīvān. 261. 2; SetuBa. 179. 16.
NānārthSaṃ.	195	a. 1. 649, 1. 683; AnekāSa. 550; ParaNā 277; NānārthSaṃ. 25. 22;	Sa. 466; AneKāK. 51; NānārthāSaṃ. ii. 33. 3; NānārthSaṃ. 5. 44; MediK.	Mukundā. 49; = NānārthSaṃ. 5. 44;
X.	195	¦ (aṃs-) X.P. [so found in DhātuPra. x. 359; DhātuVṛ. x.	X.P. meaning ]	X. ii. 6. 14;
ŚṛṅgāMañ.	194	ŚṛṅgāMañ.(A.) 2. 6; 11. 16; 1. 15.	ness ŚṛṅgāMañ.(A.) 35. 9.	ŚṛṅgāMañ.(A.) 21. 15.
KaṃVa.	192	KaṃVa. 3. 18 = PadyaVe. 631;	iv. 22. 44; KaṃVa. 7. 25;	KaṃVa. iv. 9 (12)
AdbhuDa.	192	AdbhuDa.	AdbhuDa. 1. 11;	AdbhuDa. 1. 22.
LaliVi.	192	LaliVi. 13. 63.	LaliVi. 12. 22 (26); {@2@}	the Bodhisattva) LaliVi. 21. 55 (1);
RaseCin.	191	RaseCin. 9. 211.	astringent RaseCin. viii. 46 (109. 19)	RaseCin. 8. 40 (96. 7)
SiddhāBi.	190	SiddhāBi. 96. 6;	SiddhāBi. 68. 2;	SiddhāBi. 63. 1; ŚivārkaMaDī. i.
NāṭaLaRaK.	190	175. 6; (with action nouns) NāṭaLaRaK.	NāṭaLaRaK. 2619;	NāṭaLaRaK. 2351.
SāhiSā.	190	SāhiSā. 5. 68; BhārBhāDī. vi. 40. 30; {@D@} other th	365. 6; SāhiSā. 3. 24; ŚukrNī. 3. 76;	SāhiSā. 2. 40.
RasSa.	189	(Paribhāṣā.) 72. 2; RasSa. 167. 3; {@1E@} not causing or leading to i.	Bha. ii. 286. 24 (2. 175); RasSa. 124. 5; {@C@} that which is not a product	RasSa. 145 (18); {@B@} stale, kept overnight
YogBh.	189	inactive or indolent YogBh. 35. 7 ( 1. 30) = Raj-	YogBh. 165. 3	YogBh. 91. 5 ( 2. 22);
VṛGautaSm.	189	VṛGautaSm. 530. 23 (6); {@B@} a category other	VṛGautaSm. 537. 4 (6) {@D@} beyond sin	vi. 36. 31; VṛGautaSm.
JaimiUBr.	188	iii. 2. 3; JaimiUBr. iv. 13. 4; iv. 13. 8; TaiPrāti. 1. 16; 22. 4	ŚāṅkhāĀ. 11. 6 (41. 6); JaimiUBr. iv. 26. 14;	JaimiUBr. I. vii. 24. 2; AtriS. 11. 58;
ŚāṅkhāĀ.	187	i. 3. 10; ŚāṅkhāĀ. 4. 15 (18. 18);	ŚāṅkhāĀ. 11. 6 (41. 6); JaimiUBr. iv. 26. 14;	AitĀ. III. ii. 3. 4; ŚāṅkhāĀ. 8. 3 (33. 2); {@8@} (refers to) a
KumāPraPra.	186	KumāPraPra. 66. 16;	KumāPraPra. 75. 13;	KumāPraPra. 87. 27;
PāñcRāRa.	184	VarāP. 114. 20; PāñcRāRa. 105. 15;	PāñcRāRa. 143. 6.	PāñcRāRa.
BrāhmSphuSi.	183	BrāhmSphuSi. 1. 39;	BrāhmSphuSi. 12. 2;	BrāhmSphuSi. 10. 40.
SiddhāMu.	183	SiddhāMu. 26. 32 ( 49); {@1D@} enjoyer, object of enj	418B. 7. 8; 57A. 11; SiddhāMu. 77. 1 ( 150)	SiddhāMu. 76. 28 ( 151);
NyāyVi.	182	NyāyVi. 2. 86;	) NyāyVi. 2. 110;	thing) NyāyVi. 2. 318 (Vādirāja
CitraMī.	182	CitraMī. 18. 15.	CitraMī. 61. 24;	701. 14; CitraMī. 95. 7; Kuval. 61 (44);
DhātuPra.	180	¦ (aṃs-) X.P. [so found in DhātuPra. x. 359; DhātuVṛ. x. 363;	GaṇRa. 2. 68; DhātuPra. x. 359; Uṇā.	1 ¦ (ak-) I.P. [ DhātuPā. 1. 829; DhātuPra.
Vādā.	179	DigVi.(Mā.) 6. 41; Vādā. 150. 8;	Vādā. 151. 1;	Vādā. 107. 2.
Nalābhyu.	179	Nalābhyu. 4. 63.	48. 6; Nalābhyu. 7. 27;	Nalābhyu. 6. 43.
RājMār.	178	RājMār. 59. 1.	RājMār. 81. 4; {@B@} not taking interest as means of	PraSū. 2. 33 = YogSū. 1. 5 (RājMār.
ParyāRaMā.	177	iii. 3. 65; {@8C@} a quarter ParyāRaMā. 1539; {@8D@} a half;	ParyāRaMā. 2. 29; ViśvaPra. 73. 208; NānārthāSaṃ. ii. 6	ParyāRaMā. 922; {@1F@} (in Astro.) it constitutes,
MīmāNyāPra.	177	3. 4); LaCandr. 378. 8; MīmāNyāPra. 194. 12; 217. 6; SarvaMaSaṃ.	MīmāNyāPra. 193. 17; ArthSaṃ. 9. 2;	MīmāNyāPra. 270. 19;
KāvyālaṅSū.	174	KāvyālaṅSū. iv. 3. 23(c.)	Vallī); KāvyālaṅSū. v. 2. 9;	KāvyālaṅSū. (comm.)
KāṭhUBh.	174	ChāndoUBh.(Śaṅ.) 125. 18 ( ii. 23. 1); KāṭhUBh.(Śaṅ.) 106. 12	KāṭhUBh.(Śaṅ.) 126. 6 ( 2. 8);	KāṭhUBh. 138. 17 ( 3. 1); Bṛ-
XIII.	174	ŚatBr. XIII. viii. 1. 1.	VājaS. 23. 13; ŚatBr. XIII. ii.	ŚatBr. XIII. iii. 8. 3.
TristhaSe.	173	RaSi. i. 2. 21; TristhaSe. 20. 7;	agent TristhaSe. 317. 13.	TristhaSe. 317. 9;
NayaMañ.	171	NayaMañ. II. iii. 17. 33;	NayaMañ. I. i. 0. 1.	NayaMañ. II. iii. 17. 33; VedāntPāSau.
VIII.	171	¦ (aṃśī-kṛ-) VIII. U. {@A@} to divide, to share	ŚatBr. VIII. v. 2. 4;	3. 27; VIII. i. 4. 2; KauśiSū. 47. 27; 85. 18;
TantrSā.	170	TantrSā.(Abhi.) 12. 10-14;	TantrSā.(A.) 14. 6. cf. 14 {@ @}	PārśvC. 5. 132; TantrSā.(K.)
SāmaraU.	170	SāmaraU. 261. 15.	SāmaraU. 261. 15.	( 2. 38); AkṣU. 42; SāmaraU. 235. 16;
Gaṅgāva.	168	ŚivLī. 6. 37; Gaṅgāva. 8. 84;	Gaṅgāva. 2. 16; {@4B@} a king MahāBhā. i. 177. 10;	Gaṅgāva. 1. 75.
BaudhGS.	168	BaudhGS. i. 4. 1;	BaudhGS. iv. 11. 1.	BaudhGS. ii. 5. 9;
VāsiDS.	168	VāsiDS. 24. 5.	VāsiDS. 14. 15; {@1Aiv@} name of a Ṛṣi.(AV.)	VāsiDS. 1. 7; {@ii@} not being prompted by a motive
AlaṅkāŚe.	166	RājTa.(Śrī.) 3. 220; AlaṅkāŚe.	AlaṅkāŚe. 21. 2 (35)	i. 34. 6; SaduktiKa. 13. 17; SāhiDa. 444. 6; AlaṅkāŚe. 9. 5 (2);
LalitāTriBh.	166	LalitāTriBh. 280. 3 ( 14);	2. 72); LalitāTriBh. 308. 8	LalitāTriBh. 261. 2 ( 5);
AbhidhK.	166	AbhisaAlaṅ. 1. 23; AbhidhK.	AbhidhK. 4. 58. (comm.	or ) AbhidhK. 2. 26;
VedāntPāSau.	165	3. 43); VedāntPāSau.	SetuBa. 205. 12; VedāntPāSau. 235. 13	NayaMañ. II. iii. 17. 33; VedāntPāSau.
PraboCan.	165	7. 19; PraboCan. 1. 7 (5. 10);	PraboCan. 4. 30 (81. 8); ŚrīKaC. 20. 42;	Hitopa. 4. 86 = PraboCan. 5. 25;
VādhūŚS.	164	BaudhŚS. i. 54. 14; ii. 255. 8; VādhūŚS. iii.	VādhūŚS. iii. 39. 16;	VādhūŚS. iv. 62. 15.
SūBh.	163	SūBh.(Śrī.) ii. 158. 10 ( ii. 3. 42);	SūBh.(Ma.) 59A. 1 ( iii. 3. 55); TattvVi.	SūBh.(Śaṅ.) 479. 3 ( ii. 3. 43)
YatīndraDī.	163	YatīndraDī.	YatīndraDī. 87. 1;	NyāySiA. 210. 8 = YatīndraDī. 46. 3.
GobhiGS.	163	GobhiGS. iv. 7. 4; {@B@} not having bitterness (in mi	GobhiGS. iv. 7. 4;	GobhiGS. i. 6. 2; {@1B@} not to be
GaṇḍVyū.	162	GaṇḍVyū. 83. 17; 1. 3. 30.	GaṇḍVyū. 77. 17; {@2vi@} controll-	GaṇḍVyū. 408. 15
NīlaP.	161	KūrmaP. 231. 10 (1. 21); NīlaP. 222;	) NīlaP. 933.	Mañ. 136. 2; NīlaP. 872;
YogYā.	161	Bṛhajjā. 7. 3; YogYā. 5. 19; HorāSā. 7. 16;	YogYā. 5. 19; YogYā.	YogYā. 5. 19; YogYā.
Mṛcch.	161	Mṛcch. 10. 21;	Mṛcch. 4. 27;	Mṛcch. 9. 16.
NāmMā.	160	Saṃ. i. 47. 57; NāmMā. 45; AgniP. 359. 32; NānārthRaMā. 1085; Nānār	Vaija. 178. 71; NāmMā. 101; Mānaso. iii. 1. 398; Yādavā. 15. 106)	give the meanings, foot and root of a tree, NāmMā. 103; AnekāTi.
ŚāṅkhāGS.	159	AV.(P.) v. 16. 4; ŚāṅkhāGS. iii. 9. 1;	ŚāṅkhāGS. iv. 7. 52.	ŚāṅkhāGS. iv. 11. 4; KauṣīGS. iii. 11. 36;
BrahmSū.	158	Vyā. iv. 2. 46; iii. 3. 104; vi. 1. 22; BrahmSū. ii. 3. 43;	BrahmSū. iii. 4. 31; BrahmSūBh.(Bhā.) 211. 18 ( iii.	BrahmSū. iii. 3. 33; (Śaṅ. );
Mā.	158	(Mā.) 6. 106 (comm. )	(Mā.) 10. 34.	Mā. 18. 17; {@D@} impossibility of being done or
SphoṭSi.	158	SphoṭSi. 29. 2;	SphoṭSi. 67. 2;	RāmC. 18. 78; SphoṭSi. 220. 2;
KauṣīGS.	158	ŚāṅkhāGS. iv. 11. 4; KauṣīGS. iii. 11. 36;	house KauṣīGS. iii. 11. 10; cf.	ŚāṅkhāGS. ii. 16. 10; KauṣīGS. iii. 10. 34; PāraGS. i. 3. 31.
AlaṅkāKau.	158	AlaṅkāKau.(Vi.) 412. 16.	AlaṅkāKau.(Vi.) 13. 4;	AlaṅkāKau.(Vi.) 13. 7.
VaikhāGS.	155	VaikhāGS. 1. 20;	iii. 2. 6 (128. 18); BhārGS. 2. 17 (49. 10); VaikhāGS. 1. 20;	VaikhāGS. 4. 10.
NaraP.	154	NaraP. 6. 10; ViṣṇuDhaP. i.	SkandP. I. ii. 51. 66; SkandP. I. ii. 5. 77; NaraP. 5. 51; (the Ādityas,	NaraP. 20. 5; SaurP. 1. 31; Ska-
Cin.	154	Cin. i. 395. 4; i. 823. 9;	Cin. iii. (2). 346. 3; {@B@} laying down of share	Cin. 38. 27; KośaKaTa. 1. 5044; ŚabdaRaSaK. 109
RatiRaha.	154	RatiRaha. 5. 24.	RatiRaha. 13. 62.	RatiRaha. 13. 80.
MāṭhVṛ.	153	VedāSaṃ. 144. 5; MāṭhVṛ. 37. 16	MāṭhVṛ. 6. 20 ( 2);	MāṭhVṛ. 34. 12 ( 20); MṛgendraT.
VīraBhā.	153	(Bhā.) i. 1. 63; VīraBhā. 7. 64;	Acyutarā. 11. 17; VīraBhā. 1. 81;	VīraBhā. 9. 25.
ViveCū.	153	ViveCū. 484.	ViveCū. 359.	. 7 ( i. 1. 1); i(B). 199. 14 ( i. 1. 13); ViveCū. 34;
BhaktiRaSi.	153	35. 23; BhaktiRaSi. ii. 1. 81. {@2@} not commendable	spirit BhaktiRaSi. i. 2. 24;	BhaktiRaSi. ii. 4. 47; UjjvaNīMa.
AmṛUda.	153	AmṛUda. 1. 20; {@1iii@} having no ears	Sau. 175. 17 ( ii. 1. 34); AmṛUda. 4. 61;	AmṛUda. 2. 20 (7)
ŚivDṛ.	153	ŚivDṛ.	ŚivDṛ. 6. 73; (explained as the nature of not depen	no Time ŚivDṛ. 4. 16;
ChandaśCū.	153	1. 33); ChandaśCū.	ChandaśCū. ii. 157. (2); {@B@} whose naming ceremony ha	ChandaśCū. ii. 156. 6;
MaDī.	153	MaDī. ii. 240. 21 ( iii. 2. 9); MahNirvāT. 13.	MaDī. i. 331. 9 ( i. 2. 8)	MaDī. ii. 47. 14 ( ii. 1. 34);
Bṛhajjā.	152	Bṛhajjā. 7. 3; YogYā. 5. 19; HorāSā. 7. 16;	Bṛhajjā. 26. 14; LaJāta. 14. 6;	Bṛhajjā. 24. 3; SūrySi. 8. 20;
ParāSm.	152	ParāSm. 5. 189.	unintentionally ParāSm. 8. 1;	ParāSm. 8. 1; 11. 25;
ĀryāSaŚa.	152	ĀryāSaŚa. 394;	ĀryāSaŚa. 55.	(6); ĀryāSaŚa. 205;
SāṃkhyaTaKau.	152	SāṃkhyaTaKau. 506. 5 ( 72);	Ṭ.(Vā.) 156. 14 ( i. 1. 5); SāṃkhyaTaKau. 127. 1 ( 5);	SāṃkhyaTaKau.
GaṇiSāSaṃ.	151	ĀścaCū. 5. 32; GaṇiSāSaṃ.	GaṇiSāSaṃ. 2. 2;	GaṇiSāSaṃ. 2. 55;
XI.	151	V. i. 2. 1; ŚatBr. XI. v. 9. 2;	ŚatBr. XI. viii. 3. 6.	ŚatBr. XI. i. 4. 1; ĀpaŚS. xxi.
IX.	150	ĀpaŚS. xii. 8. 12; xii. 7. 17; MānŚS. IX. iii. 1. 6;	ŚatBr. VII. ii. 4. 17; IX. i. 1. 3;	nature) ŚatBr. IX. iv. 2. 17; XIV. ii. 2. 30;
VedāntPari.	149	VedāntPari. 292. 2; VīraMi.	VedāntPari. 207. 11.	VedāntPari. 348. 2.
SarvaSiSaṃ.	149	SarvaSiSaṃ. 12. 43;	7. 97; SarvaSiSaṃ. 12. 73; {@E@} not conferring a favour	SarvaSiSaṃ. 11. 23;
BhārBhāDī.	149	ParamāKā. 126. 2; BhārBhāDī. v. 33. 30;	MahāBhā. iii. 80. 32 (BhārBhāDī. ;	SāhiSā. 5. 68; BhārBhāDī. vi. 40. 30; {@D@} other than that which is t
UpaParā.	148	UpaParā. 41. 2.	UpaParā. 16. 12.	Sūtras i. 4. 19; UpaParā.
Candr.	147	Candr. ii. 420. 17; LaCandr. 566. 26;	Candr. 703. 23; VaiyāBhū. 178. 19 ( 33);	Candr. 590. 33.
Saṃskāra.	146	VīraMi. (Saṃskāra.) 210. 24.	VīraMi. (Saṃskāra.) 689. 20;	VīraMi. (Saṃskāra.) 689. 19;
ŚvetāUBh.	146	ViṣṇuP. v. 1. 41; ŚvetāUBh.	PramāVār. 2. 177; ŚvetāUBh. 63. 7 ( 1. 3);	ŚvetāUBh. 60. 9 ( 1. 2);
AgaNi.	146	404. 218; Jīvān. 390. 1; ŚabdaRaSaK. 136. 2; AgaNi. 74;	class AgaNi. 72;	NāmMā. 11; AgaNi. 55.
ŚaktiVā.	144	ŚaktiVā. 212. 4; {@iii@} not	ŚaktiVā.	ŚaktiVā. 17. 24;
Vidvanmo.	143	Vidvanmo. 8. 25.	Vidvanmo. 2. 19; {@2A@} which is unbecoming a warrior	NīMa. 96. 8; BhāmiVi. 2. 62; Vidvanmo. 8. 106;
AbhidhāMañ.	143	Ni. 202. 1; AbhidhāMañ. 272. 3; AnekāSaṃ. 2. 543; {@1E@}	15; RājNi. 95. 12; BhāvPraNi. 28. 248; 202; AbhidhāMañ.	AbhidhāMañ. 180. 4; NāmaMāli. 211;
ParyāMu.	142	1274; BhāvPraNi. 92. 31; ParyāMu. 7. 6;	Phyllanthus Niruri ParyāMu. 13. 13.	ParyāMu. 21. 15.
NyāySū.	142	NyāySū. iv. 2. 20; NyāyVār.	NyāySū. iii. 2. 38;	NyāySū. iii. 2. 72;
Mukundā.	141	Mukundā. 49; = NānārthSaṃ. 5. 44;	Mukundā. 241 (6)	] Mukundā. 186 (26)
Acc.	140	{@2@} name of the Acc. Tribhā. on TaiPrāti.	35. 2; (ṚV. vi. 3. 1) is regarded as Acc. sg. with Abl. force	roots used with (Abl.) and the person (Acc.)
MahāVyu.	140	2 ¦ (aṃśa) rarely shoulder, MahāVyu. 189. 37;	Pañcā. 72. 2; MahāVyu. 261. 84.	PadmPrā. 15. 21; MahāVyu. 261. 41.
BālRā.	140	RāmC. 27. 19; 32. 51; BālRā. 9. 8;	BālRā. 9. 40 (5);	BālRā. 9. 53 (1);
VedāSaṃ.	139	VedāSaṃ. 144. 5; MāṭhVṛ. 37. 16	VedāSaṃ. 106. 1;	VedāSaṃ. 106. 3;
ĀśvaGS.	139	ĀśvaGS. i. 20. 9;	ĀśvaGS. i. 15. 3 (comm.	ĀśvaGS. iii. 7. 2 (comm.
SanatBh.	139	SanatBh. 224. 7 ( 1. 29); 225. 7 ( 1. 30);	SanatBh. 224. 11 ( 1. 29); Kāvyānu	KātySm. 482; SanatBh. 234. 9 ( i. 1. 43) =
BhāvanāVi.	139	BhāvanāVi. 152. 1.	Sū. ii. 4. 11; BhāvanāVi. 29. 6;	BhāvanāVi. 36. 4.
KalkiP.	138	KalkiP. i. 2. 32; i. 3. 42;	hmaVaiP. ii. 10. 14; KūrmaP. 230. 1 (1. 21); KalkiP. iii. 3. 17; SaurP.	KalkiP. iii. 18. 4.
Vṛ.	138	Vṛ. i. 3. 94 = KāśiVṛ. iii. 3. 112 = KātanVṛ	Vṛ. 80. 22.	Vṛ. ii. 6. 41; RāghPāṇ.(Dha.) 18. 18;
BallāC.	137	AṇuBh. 212. 25 ( iii. 3. 3); BallāC. 48. 18;	BallāC. 65. 1 (13);	BallāC. 59. 2;
GītGo.	137	1. 21; GītGo. 7. 1; ŚrīKaC. 6. 39;	GītGo. 7. 3;	GītGo. xi. 20. 6.
KaumuMi.	137	KaumuMi. 7. 8 (11)	KaumuMi. 2. 13;	SamaMā. 1. 13; KaumuMi. 3. 20;
ParyāŚaRa.	135	DharK. 28. 58; ParyāŚaRa. 1. 84; AnekāTi. 1. 8; 1. 5; NāmaMā. 7; Tantr	a. 92. 119; AbhidhāCi. 387; KalpaK. 79. 100; ParyāŚaRa. 2. 226;	ParyāŚaRa. 2. 673.
MātaLī.	135	Mānaso. ii. 3. 258; MātaLī. 6. 10; {@2vi@} (of a	MātaLī. 11. 41;	MātaLī. 5. 13.
GiMs.	134	GiMs. III. i. 32. 1.	GiMs. i. 17. 10.	GiMs. iii(2). 160. 9.
He.	132	(He.) 719; oxyt. PadMañ. KāśiVṛ P.	119. 6; (Ha.) 48. 10; (He.) 136. 13 and Kośas: AmaK. 1230; AbhidhāRaMā.	He. i. 1. 16; called MugdhaBo. 1. 17 (3. 10);
Cam.	132	Cam. ii. 16. 8;	Cam. ii. 345. 25; SaraKaṇ-	Cam. ii. 203. 1;
K.	132	K.(Pā.) 3. 9; ViṣṇuP. iii.	K. 78. 240; {@B@} red-hot needle	(K.) 92. 9.
JātaPā.	131	JātaPā. 1. 50; {@5E@} numerator	JātaPā. 1. 33; (i. e. and )	calculation JātaPā. 5. 33.
BhikṣāKā.	131	BhikṣāKā. 6. 11.	BhikṣāKā.	BhikṣāKā. 24. 6.
VyavaNi.	130	250. 12 ( 2. 141); VyavaNi. 421. 3;	VyavaNi. 473. 13; VyavaNi. 473. 12;	VyavaNi. 473. 13; VyavaNi. 473. 12;
ŚrīBh.	129	ŚrīBh. 445. 10 ( ii. 1. 15);	VedāntDī. 129. 14 ( ii. 3. 45); ŚrīBh. 161. 15	S. iii. 9. 73; ŚrīBh.
APTE.	128	¦ (aṃśu-vāṇa) (= aṃśu-bāṇa) (APTE. GOLD.)	senses, APTE.]	¦ (anilabhadraka) kind of chariot, APTE.
SubhaDha.	127	SubhaDha. 1. 10.	SubhaDha. 1. 2 = Tapatīsaṃvaraṇa 1. 2;	SubhaDha. 4. 21; {@C@} (in Gr.) not to operate or appl
MānGS.	127	Rāmā. ii. 52. 80 ; MānGS. ii. 8. 6.	MānGS. ii. 16. 3; i. 11. 23; ii. 16. 1;	MānGS. i. 8. 3;
ṢaḍviBr.	126	1. 224; 1. 114; ṢaḍviBr. i. 6. 9;	ṢaḍviBr. v. 7. 2;	ṢaḍviBr. i. 1. 4; DevaBr. 2. 7;
BhārGS.	126	BhārGS. 2. 7 (38. 3); ĀpaGS. vii. 18. 1;	BhārGS. 2. 1 (30. 16) = HirGS. ii. 16. 3;	2. 1; BhārGS. 2. 1
VIŚVA.	126	¦ (agnyādheyaprabhṛtyanta) [VIŚVA. for	[ (HirŚS. xvii. 2. 23?VIŚVA.),	¦ (adhi-dhanv-) I.P. [VIŚVA. ṚV. ix. 97. 16?;
Divyāva.	126	Divyāva. 437. 27.	have surpassed Divyāva. 29. 6.	Divyāva. 337. 1; 337. 19; {@2@} kind of womanly
MaiU.	125	MaiU. 5. 2;	¦ (aṃśu-dhāraya) a lamp MaiU.	MaiU. 6. 15;
PādaTā.	125	inner garment, PādaTā. 14. 20;	PādaTā. 10. 21; Bṛ-	shoulders PādaTā. 21. 2.
GobhiSm.	125	GobhiSm. 1. 5; LaghvāśvaSm. 1. 78;	GobhiSm. 2. 72; KāśyaS. 48. 6;	GobhiSm. 1. 74.
Golā.	124	Golā. 186. 10 (20. 50);	Golā. 258. 27 (31. 28);	Golā. 31. 54 (278. 1)
Vikramo.	124	Vikramo. 3. 16; ŚiśuVa.	Vikramo. 1. 11;	Vikramo. 3. 13;
DEBRU.	124	(ákṣi) (once in SaurP.) [IE. MAYR. POK. DEBRU. p.	1 ¦ (akṣi-pát) [DEBRU. p. 34 from , MAYR.	akṣiṣṭha) [w. r. for in JaimiBr. 1. 304, DEBRU.
XII.	124	ŚatBr. IX. ii. 3. 42; XII. iii. 4. 11;	ŚatBr. XII. i. 3. 1; ŚāṅkhāŚS. ii. 4. 3; ĀśvaŚS. I. ii.	ŚatBr. XII. iv. 1. 11;
Sārā.	123	Sārā.	Sārā. 50. 1; Sārā. 3. 36;	Sārā. 50. 1; Sārā. 3. 36;
HirGS.	123	VārāGS. 15. 26; HirGS. i. 5. 8;	BhārGS. 2. 1 (30. 16) = HirGS. ii. 16. 3;	HirGS. ii. 16. 3 (comm.
Tantrābhi.	122	193. 20; Tantrābhi. vi. 41. 3;	DharK. 2858; ParaNā. 7; Tantrābhi. i. 1. 1; Tantrābhi. ii. 5. 11; ii. 5. 15;	DharK. 2858; ParaNā. 7; Tantrābhi. i. 1. 1; Tantrābhi. ii. 5. 11; ii. 5. 15;
SarvaMaSaṃ.	122	aCandr. 378. 8; MīmāNyāPra. 194. 12; 217. 6; SarvaMaSaṃ.	SarvaMaSaṃ. 36. 9.	SarvaMaSaṃ. 24. 21; {@4@} not the cause, something diffe
PramāVāBh.	122	PramāVāBh. 195. 33;	PramāVāBh. 251. 26;	PramāVāBh. 305. 18;
PāṇiTaVāNaMā.	122	PāṇiTaVāNaMā. 9. 17;	PāṇiTaVāNaMā. 84. 14; {@ii@} (the particle )	PāṇiTaVāNaMā. 42. 18; LaŚabdeŚe. i. 65. 12; {@13@} one
TaiPrāti.	121	iii. 2. 3; JaimiUBr. iv. 13. 4; iv. 13. 8; TaiPrāti. 1. 16; 22. 4; VājaPrāti. 1. 37;	{@2@} name of the Acc. Tribhā. on TaiPrāti.	TaiPrāti. 8. 23 points out that the of changes to
SamaMā.	121	SamaMā. 1. 45;	SamaMā. 4. 114;	SamaMā. 8. 91;
AltGr.	121	nse of root ( ) (P. v. 2. 24); for forms cf. AltGr. III. 302-304; akṣabhiḥ	¦ (akṣi-bhruva) [AltGr. II. 1. 112, specifically mentio-	¦ (agnidevat-ya) [AltGr. II. i. 107, P. v.
Nalo.	120	Nalo. 2. 48.	Nalo. 1. 7; HammīMaKā. 1. 71; Acyutarā. 8. 3;	eyes of) the deer with one's own eyes Nalo. 1. 44.
Rasā.	120	Rasā. 1. 13;	Rasā. 10. 17; {@ii@} name of Śiva	Rasā. 1. 25.
Dhvanyā.	118	JānaPa. 5. 27; Dhvanyā. 195. 2	Dhvanyā. 364. 14 ( iii. 19);	Dhvanyā. 3. 19;
ŚS.	118	ŚS. I. iv. 3. 13.	ŚS. viii. 20. 8; BhārŚS viii. 24. 7; MānŚS. 81.	ŚS. 2. 32; ViṣṇuSm. 27. 24;
DBHS.	118	DaśabhūmikāSūtra. 75. 24; cf. DBHS.	ping, LaliVi. 27. 0 (68)] DBHS.	(121. 14) w. r. for cf. DBHS.); cf. {@ @}.
AdbhuSāg.	117	AdbhuSāg. 137. 15; CaturCin. i. 75. 6;	AdbhuSāg. 207. 21.	AdbhuSāg. 516. 18; PārśvC. 3. 838;
DarpDa.	117	DarpDa. 4. 1;	17. 73; BṛKathāMañ. ix. 1. 319; DarpDa. 3. 88; DaśāvaC. 8. 76; Subhā-	DarpDa. 3. 1.
VājaPrāti.	116	v. 13. 4; iv. 13. 8; TaiPrāti. 1. 16; 22. 4; VājaPrāti. 1. 37;	ṚkPrāti. 2. 8; VājaPrāti. 1. 46; {@B@} harmful	) ṚPrāti. 1. 9; TaiPrāti. 1. 21; 1. 32; VājaPrāti. 1. 114; 4. 62;
ĀryaSi.	116	ĀryaSi. 1. 45 (32); 18. 48 (237);	ĀryaSi. 15. 11-13 (146); ĀryaSi.	ĀryaSi. 15. 11-13 (146); ĀryaSi.
AupaSūṬ.	116	AupaSūṬ. 34. 4.	SthānṬ. 299A. 9; AupaSūṬ. 76. 2.	TriṣaŚaPuC. i. 6. 18; iii. 3. 100; AupaSūṬ. 66. 3;
KātySm.	116	share in a property, co-heir, heir KātySm.	KātySm. 949;	KātySm. 525; SmṛtiCan. iv. 326. 10;
KṛṣṇaKa.	116	KṛṣṇaKa. 2. 3;	KṛṣṇaKa. App. I. 3. 71; {@4@} real, not imaginary {@4	NaiṣC. 1. 40; KṛṣṇaKa. 2. 60; Raghunā.
MūkaPañ.	116	13. 0 (84); MūkaPañ. 1. 51; = MediK.	ing sins MūkaPañ. 5. 16.	possess nothing) MūkaPañ. 4. 89;
UpadeSā.	116	UpadeSā. 242. 2;	UpadeSā. 221. 22;	direct perception UpadeSā. 351. 13;
Ma.	115	(Ma.) 38A. 3 ( ii. 3. 43); AnuVyā. 43A. 2 ( 3.	Ma. 355; ŚabdaRaSaK. 325. 1; ŚabdaRa.(Bā.) 3833,	(Ma.) 3. 12; Liṅgānu.(Śā.) 118. 13; Liṅgānu.(He.)
VasaTi.	115	VasaTi. 36. 2;	ndRa. 5. 1; VasaTi. 5. 4; 45. 18; AmaK. 206 (4); TrikāŚe. i. 3.	RasāSu. 167. 6 (2. 152); ŚārṅgaPa. 231; VasaTi. 47. 10; CampaŚreKa.
LaghvāśvaSm.	115	GobhiSm. 1. 5; LaghvāśvaSm. 1. 78;	LaghvāśvaSm. 1. 138; 12. 3;	LaghvāśvaSm. 1. 145; 3. 19;
BṛDe.	114	ĀpaŚS. xxiii. 7. 5; BṛDe. 5. 147;	BṛDe. vi. 110; SkandP. vii(1). 344. 3;	of any action, inactive BṛDe.
Śā.	114	and according to Liṅgānu.(Pā.) 108. 17; (Śā.)	JayaMa. 39. 17 ( 1. 3); BhāvPra(Śā.)	(Śā.) 101. 21 (4)
BodhiBhū.	114	BodhiBhū. 31. 18; {@2A@} not fit to be divulged or exp	BodhiBhū. 48. 24.	BodhiBhū. 86. 25;
BhojPra.	114	BhojPra. 71. 3 = MahāN. 5. 41.	BhojPra. 60. 9 = Subhāṣi. 2504.	BhojPra. 45. 20.
VaiyāSiMañ.	114	VaiyāSiMañ. 180. 2;	VaiyāSiMañ. 39. 20.	VaiyāSiMañ. 226. 2;
ĀścaCū.	113	ĀścaCū. 5. 32; GaṇiSāSaṃ.	ĀścaCū. 1. 13;	the rays ĀścaCū. 3. 10.
Su.	113	15. 11 ( i. 1. 4); Kāśi(Su.) i. 60. 12 ( 2. 3); ŚāstrDī. 447. 3 ( vi.	Su.(Ja.) 453B. 7 ( ii. 3. 18)	(Su.) 2. 6; ix) dress, attire Dharaṇī in ŚabdaK
PāraGS.	113	priest) has not been offered, PāraGS. i. 3. 31 (v. l. for in Stenzler's	ŚāṅkhāGS. ii. 16. 10; KauṣīGS. iii. 10. 34; PāraGS. i. 3. 31.	PāraGS. ii. 13. 6; ManuBh. ii. 363. 3
ViviTīKa.	112	ViviTīKa. 57. 23.	ViviTīKa. 66. 9.	mind ViviTīKa. 98. 18.
SūrySi.	111	SūrySi. 3. 10 (103);	Bṛhajjā. 24. 3; SūrySi. 8. 20;	SūrySi.
NemiNir.	111	187. 15 (21. 54); NemiNir. 9. 49;	Vi. 42. 9; NemiNir. 4. 24;	Ekāva. 6. 3 (33); NemiNir.
ŚṛṅgāTi.	111	ŚṛṅgāTi.(Ru.) 3. 66;	ŚṛṅgāTi.(Ru.) 2. 25;	16. 51; ŚṛṅgāTi.(Ru.) 3. 57;
Abl.	111	(ṚV. vi. 3. 1) is regarded as Acc. sg. with Abl. force	(RENOU), Abl. sg. of (GRASS) (against accent), or Abl. s	, Abl. sg. of (GRASS) (against accent), or Abl. sg. without
DaśRū.	111	DaśRū. 4. 83;	eye-brows NātyaŚā. 22. 10; DaśRū.	(of movement) of the eyes and eye-brows DaśRū. 2. 34.
AitUBh.	110	BrahmaSūBh.(Śaṅ.) 339. 13 ( ii. 1. 31); AitUBh.(Śaṅ.) 271. 14 (	( ix. 2. 3); 2167. 14 ( xi. 3. 2); AitUBh.	AitUBh. 240. 3 ( 1. 0);
PadyāTa.	109	PadyāTa. 258;	SūktiSu. 158; PadyāTa. 97;	PadyāTa. 89; {@ii@} name of the rebel son of Aurangaz
KundaMā.	109	KundaMā. 3. 11 (44);	Mālavikā. 1. 11; KundaMā. 6. 30;	KundaMā. 3. 1;
PañcRā.	108	1. 25 (24. 11); PañcRā. 2. 20 (1);	PañcRā. 2. 2 (1)	intervened by time-lag) PañcRā. 2. 28.
VaitāSū.	108	KātyŚS. iv. 14. 13; VaitāSū. 7. 9.	iii. 37. 5; VaitāSū. 5. 11; 6. 6; a	ŚS. i. 4. 1; viii. 7. 1; VaitāSū. 39. 8; MahāBhā. xiii. 12. 11 (v. l.);
ViṣṇuSaBh.	107	ViṣṇuSaBh. 86. 17 (69); NyāySu.(Ja.) 47 B. 11 ii. 2	ViṣṇuSaBh. 63. 2 (	ViṣṇuSaBh. 56. 2 ( 28);
PraboSu.	107	BṛDharmaP. ii. 4. 7; PraboSu. 158;	PraboSu. 245; NīlaVi. 35. 3 (2); {@8@} suddenly	BṛAraUBh. 613. 5; PraboSu. 178;
MohaRāPa.	107	MohaRāPa. 1. 23 (8); PārśvC. 2. 918;	MohaRāPa. 5. 57;	MohaRāPa. 5. 69;
Stotrā.	107	Stotrā.	67. 3 ( 1. 51); Stotrā. 14. 14.	Stotrā. 11. 12.
PramāMā.	106	PramāMā. 19. 26;	PramāMā. 10. 14.	PramāMā. 24. 6.
Avimā.	106	Avimā. i. 5. 15.	Avimā. 3. 18;	Avimā. 4. 12 (17);
Dī.	105	Dī. 61. 2.	Dī. i. 357. 20 ( i. 2. 14)	Dī. iv. 145. 4 ( xi. 1. 8)
AnaṅgaRa.	105	AnaṅgaRa. 2. 18; YātrāPra. 3. 101;	AnaṅgaRa. 9. 36;	487. 10; SūktiRa. 114. 8; AnaṅgaRa. 8. 14 (1);
Nāgā.	105	heart, cruel-hearted Nāgā. 4. 12;	SūktiRa. 156. 94; Nāgā.	Nāgā. 5. 17 (4);
MadhuVi.	105	MadhuVi. 3. 22; the Kośas give the	MadhuVi. 1. 41;	Mañ. 189. 9; MadhuVi. 9. 38.
BaudhPiMe.	105	BaudhPiMe. iii. 1. 3;	ii. 11. 44; BaudhPiMe. ii. 9. 21 = ii. 11. 8;	BaudhGS. ii. 9. 24; BaudhPiMe. i. 12. 10.
PraśnaUBh.	105	PraśnaUBh. 295. 16 ( 6. 2); BṛĀraUBh. 127. 8 ( i. 4.	PraśnaUBh. 290. 1 ( 6. 1);	MuṇḍaUBh. 322. 10 ( i. 2. 12); PraśnaUBh. 244. 8 ( 1. 9);
NāraSm.	104	NāraSm. 193. 14.	NāraSm. 178. 46;	MahāBhā. v. 35. 24 = NāraSm. 103. 203;
SāṃkhyaKāBh.	104	SāṃkhyaKāBh. 14. 6 ( 19);	SāṃkhyaKāBh. 14. 15 ( 19);	SāṃkhyaKāBh. 34. 15 ( 67)
Sm.	104	Sm. 1. 132; MīmāSū. iii. 2. 12; v. 3. 42;	Sm. 365. 1; PadmP. v. 33. 35; SiṃhāDvā. 100. 3;	Sm. 30. 8; AṣṭāSaṃ. i. 157. 13
GrahaGa.	103	GrahaGa. 31. 21 (5. 21); 6. 1 (1. 18)	degrees etc. GrahaGa.	GrahaGa. 109. 25 (10. 2);
KāṭhGS.	103	KāṭhGS. iv. 2. 3.	without offering the obsequies KāṭhGS. i.	KāṭhGS. v. 1. 2;
Prati.	103	Prati. 3. 0 (42);	Prati.	Prati. 4. 1.
TāpaVa.	103	TāpaVa. 4. 9 (24);	TāpaVa. 3. 5;	age TāpaVa.
DhanvNi.	102	DhanvNi. 23. 11; {@D@} one of the types of the base o	DhanvNi. 74. 15; RājNi. 95. 12; BhāvPraNi. 28. 248; 2	DhanvNi. 223. 13;
AbhidhSa.	102	AbhidhSa. 36. 10;	opportunity AbhidhSa. 105. 18; {@2A@} pre-	nothing exists AbhidhSa.
N.	102	F.N.); one	N. 2. 8 (3); {@B@} out of time, untimely	3. 48); (F. N. )
Jain.	101	¦ (akāla-naya) (Jain.) (cf. {@ @}) the view point	Saṃ. i. 116. 22 (1. 22); {@I@} (Jain.) who clings to false (wrong)	¦ (akuśalātman) (Jain.) of sinful or sinister nature
Gen.	101	JaimīUBr. iv. 1. 2; {@2@} (with Gen. or Loc.) not acquainted with, not	RājTa.(Prā.) 269; {@2@} [with Gen. or	rarely Gen. Abl.; as preverb treated as separate entri
BhedaDhi.	101	BhedaDhi. 93. 6;	ĀdiP. 18. 61; BhedaDhi. 3. 2; GaṇeP. i. 88. 43; (of Gaṇeśa)	0. 7 (3. 1); NyāyMāVi. 562. 19 ( x. 5. 17); BhedaDhi. 38. 7; 73. 2;
SaddhaPuṇ.	101	SaddhaPuṇ. 134. 19;	(dealing with miraculous events) SaddhaPuṇ.	SaddhaPuṇ. 110. 20.
YogSā.	100	( 22); YogSā. 21. 15; LalitāSaBh. 5. 26 (6);	YogSā. 56. 12; VīraMi. (Saṃskāra.) 150. 12; VīraMi.	YogSā. 13. 14 (1)
ParaśuKS.	100	ParaśuKS. 8. 20 (243. 18);	ParaśuKS. 11. 4 (309. 22);	ParaśuKS. 17. 2 (316. 22);
SāmaViBr.	100	SāmaViBr. i. 6. 7; MānaŚS.	(of barley), barley SāmaViBr.	SāmaViBr. iii. 3. 7; KauṣīGS.
HammīMaMa.	99	HammīMaMa. 2. 7.	ii. 408. 20; BrahmP. 122. 18; HammīMaMa.	HammīMaMa. 2. 30 (5);
Kā.	99	Kā. 5. 56 (comm. )	Kā. 12. 1.	Kā. 176. 52.
F.	98	F.N.); one	3. 48); (F. N. )	. 6. 2; PañcT. 2. 80 (260. 2); 3. 43 (296. 5 F. N., v. l. according to
Vāgbhaṭā.	97	9. 27; SubhāRaK. 9. 24; Vāgbhaṭā.	Vāgbhaṭā. 2. 29; Nyā-	Vāgbhaṭā. 4. 12 (comm.
Mālavikā.	97	Mālavikā. 5. 15 (2); BrahmāṇḍP. ii. 63. 165;	Mālavikā. 4. 2; RājTa.	Mālavikā. 5. 15 (3); VarāṅgaC.
SāṃkhyaPraSū.	97	SāṃkhyaPraSū. 1. 85;	SāṃkhyaPraSū. 3. 55; Ekāva.	of a sudden SāṃkhyaPraSū. 2. 32;
JaimiGS.	97	or deed JaimiGS. 2. 8 (33. 8);	JaimiGS. 2. 5 (30. 11)	JaimiGS. 1. 4 (4. 15); KauṣīGS. iii. 2. 2; MahāBhā.
Manmatho.	96	natural) objects Manmatho.	Manmatho. 645. 13 (4. 16);	the rosary of beads Manmatho.
Cpd.	96	Cpd.) without an object, not having an object	¦ (agnīndr-áu) (du.) [Dv. Cpd. accent: VājaPrāti.	¦ (agnī́-parjányau) [du. Dv. Cpd. P. vi. 3. 27;
TarkKau.	96	TarkKau. 12. 25;	contact with fire TarkKau. 19. 6.	VivaPraSaṃ. 116. 22; TarkKau. 19. 7.
ŚivSū.	95	begin with it. cf. ŚivSū.(Gr.) 1. The NandiKāśi. on it (vv. 3-9)	MahāBh. i. 15. 14 ( ŚivSū.(Gr.) 1); it stands for all its 18 varieties	MahāBh. i. 18. 23 ( ŚivSū.(Gr.) 1);
KalāVi.	95	KalāVi. 2. 35;	KalāVi. 1. 92;	BṛKathāMañ. xvi. 92; KalāVi. 3. 17;
SātvaT.	95	SātvaT. 1. 41;	SātvaT. 3. 9;	SātvaT. 3. 25;
DhūrtaViSaṃ.	95	DhūrtaViSaṃ. 12. 4.	tender-hearted DhūrtaViSaṃ. 18. 10.	DhūrtaViSaṃ. 22. 14; JayaMa. 311. 24 ( 6. 1); AbhinBhā.
TripāMaNāU.	95	lustre TripāMaNāU.	TripāMaNāU. 360. 3 (1)	TripāMaNāU. 361. 25 (2)
NāmaMāli.	94	, evil omen AmaK. 1412; AbhidhāRaMā. 2. 264; NāmaMāli. 385;	AbhidhāMañ. 180. 4; NāmaMāli. 211;	NāmaMāli. 213; {@Bii@} the rosary of the seed of Eleoc
ŚatŚlo.	94	TattvSaṃ. 2049; ŚatŚlo. 73;	ŚatŚlo. 83; ManuBh. ii. 374. 14 ( 11. 17);	TaiUBh. 272. 7 (2. 8); ŚatŚlo. 35;
JinaŚ.	94	results JinaŚ. 3. 9.	JinaŚ. 3. 20; {@2@} mixed with	JinaŚ. 4. 6.
Uṇā.	93	Uṇā.(He.) 527; Mahī. on VājaS. 10. 5;	and Nir. 2. 5; from Uṇā.	Vaija. 236. 78; AnekāK. 918; SiddhāKau. on Uṇā.
Vyā.	93	Vyā. iv. 2. 46; iii. 3. 104; vi. 1. 22; BrahmSū	Vyā. 212. 26 ( iii. 3. 139); KāśiVṛ. P. v. 4.	Vyā. iii. 1. 107 = SiddhaHe. vi. 3. 114 = P. iv
KathāKau.	93	( 2. 124); KathāKau. 9. 49.	KathāKau. 7. 36.	KathāKau. 6. 79;
ŚṛṅgāSar.	93	PāṇḍaC. 2. 228; Subhāṣi. 1585; ŚṛṅgāSar. 130.	ŚṛṅgāSar. 113 (5)	ŚṛṅgāSar. 19; {@1E@} un-
MahāU.	93	MahāU. 5. 45; {@1Bi@} which has no cause (producing	MahāU. 5. 171; {@7@} natural, not feigned, not pret	tated ocean MahāU. 4. 11; 6. 53.
BhārCam.	93	BhārCam. 1. 82 (3)	(v. l. ) BhārCam. 4. 65;	BhārCam. 4. 23 (2) (comm. )
Māli.	91	Māli. 355. 28 ( iv. 1. 7)	Māli. 593. 15 ( ix. 1. 12); {@B@} the state of be	Māli. 702. 17 ( x. 4. 7)
BhāmiVi.	91	409. 10; BhāmiVi. (App. 11. 21);	BhāmiVi. 1. 32;	BhāmiVi. 2. 39; RasGaṅ.
Candrā.	91	Candrā. 5. 7.	Kuval. 53 = Candrā. 5. 58	Prati. 2. 14 (19); Candrā.
AtriS.	91	AtriS. 6. 169; KūrmaP.	AtriS. 187; SuśruS.	AtriS. 47; ViṣṇuSm. 76. 2;
Āhnika.	91	VīraMi. (Āhnika.) 147. 1.	vyānu.(He.) 40. 20; HārLa. 146. 16; VīraMi. (Āhnika.) 390. 3;	314. 8 = (Āhnika.) 340. 25 = (Lakṣaṇa.) 577. 8 = (Saṃskāra.) 9
MaBhāsk.	90	SphuSi. 1. 6; MaBhāsk. 1. 15;	MaBhāsk. 7. 12;	MaBhāsk. 6. 45;
NāraŚi.	90	AmoghŚi. 29; NāraŚi. ii. 1. 3; PārāŚi. 82; BhārŚi. 2; MāṇḍūŚi. 7.	NāraŚi. ii. 2. 11; BhagGī.	TaiPrāti. 20. 3; MāṇḍūŚi. 7. 5; NāraŚi. ii. 1. 1; VājaPrāti. 1. 99;
Sū.	89	Sū. ii. 4. 11; BhāvanāVi. 29. 6;	Sū. vi. 1. 46;	Sū. i. 35. 14; i. 37. 21; CaturCin. ii(3). 648
TājiNī.	88	TājiNī. i. 2. 59 (121);	TājiNī. ii. 7. 10 (298)	tempered TājiNī. 2 (6). 26 (280)
Can.	88	Can. i. 45. 4; Śivār-	Can. i. 98. 4; DīpKa. 5. 7 ( 1. 26); VīraMi. (Sa	Can. 4. 17 (75. 4)
MeghDū.	88	based on the passages Śāk. 7. 5 and MeghDū.	MeghDū. 62;	MeghDū. 59;
MuṇḍUBh.	88	MuṇḍU. iii. 2. 1; MuṇḍUBh. 353. 9 ( iii. 2. 1);	MuṇḍUBh. 315. 16 ( i. 2. 3)	MuṇḍUBh. 315. 10 ( i. 2. 3)
Pari.	88	Pari. 582. 3;	carpus seeds AV. Pari. xli. 4. 5;	Pari. 89. 1; 92. 1.
KumāDeC.	88	KumāDeC. 15. 23; ŚārṅgaPa. 219;	sitting on the lap KumāDeC.(So.)	KumāDeC.(So.) 19. 10; Dhūrta. 194;
Kaṇṭhā.	87	Kaṇṭhā. 420. 6; SaraKaṇṭhā. 740. 13;	Kaṇṭhā. 212. 4; TaiUBhVā. 40. 1 (2);	Kaṇṭhā. 121. 12; RāmāMañ. 379. 22;
ŚivS.	87	ŚivS. 1. 23.	ŚivS. 4. 6; (v. l.	) ŚivS. 5. 200.
HariVi.	87	HariVi. 5. 69.	10. 212; HariVi. 4. 1; 4. 74;	HariVi. 3. 6; Rāgh. 18. 26;
KenUBh.	87	KenUBh. 62. 1 ( 4. 8);	KenUBh. 80. 11 ( 2. 3);	KenUBh. 52. 10 ( 3. 3);
ViṣṇuTaNi.	86	294. 19; ViṣṇuTaNi. 11B. 7;	ViṣṇuTaNi. 11B. 10; VidaMuMa. 2. 57;	ViṣṇuTaNi. 2A. 3-4;
Dha.	86	crab RāghPāṇ(Dha.) 2. 26 (comm.	RāghPāṇ (Dha.) 4. 35 (comm.	earth (i. e. subjects) RāghPāṇ(Dha.)
ŚvetāU.	86	ii@} earless, without the organ of hearing ŚvetāU. 3. 19;	passive ŚvetāU. 1. 9; Bhag-	ŚvetāU. 6. 5 (Śaṅ. ;
ŚikṣāSa.	86	ŚikṣāSa. 271. 7.	untimely desire ŚikṣāSa. 51. 14.	ŚikṣāSa. 210. 14.
ŚaṅkhaSm.	86	ŚaṅkhaSm. 7. 8;	ŚaṅkhaSm. 8. 4;	formed ŚaṅkhaSm. 15. 5;
JñātāDhaṬ.	86	( 3. 7); {@ii@} desireless JñātāDhaṬ. 205A. 1.	JñātāDhaṬ. 83B. 14; {@2@} the principal	JñātāDhaṬ. 84A. 1.
NyāySā.	86	NyāySā. 8. 7;	ŚivDṛ. 3. 7; NyāySā.	PrakaPañ. 222. 3; NyāySā. 8. 12; ĀtmaTaVi.
Gurvā.	86	Gurvā. 160; {@4@} name of the plant	Gurvā. 368;	Gurvā. 463.
Līlā.	85	Līlā. 8; Chandonu.	Līlā. 94 (35);	Līlā. 29 (9); {@6Ai@} a measure of time, a period
AuciViCa.	85	AuciViCa. 32.	SubhāRaSaṃ. 289; AuciViCa. 33;	AuciViCa. 16. 113;
MudriKu.	85	RājTa.(Ka.) 8. 2269; MudriKu. 1. 34 (1);	MudriKu. 5. 11 (2)	ndents) MudriKu. 5. 11 (14); PrabhāC.
SaṅkarKā.	85	MīmāSū. x. 8. 23; (TaiS.) SaṅkarKā. i. 1. 13;	(altar) SaṅkarKā.(Devasvāmin) ii. 1. 30.	23. 6; 25. 1; SaṅkarKā.(Devasvāmin) iii. 2. 35
ŚṛṅgāPra.	84	of the classification of particles in ŚṛṅgāPra. 1. 10 justifies the meaning pity	ŚṛṅgāPra. 43. 18;	RaghuVa. 14. 77 = ŚṛṅgāPra.
LaṅkāSū.	84	LaṅkāSū. 13. 18 (2. 50);	LaṅkāSū. 87. 25 (4. 3);	LaṅkāSū. 5. 15.
VidaMuMa.	83	ViṣṇuTaNi. 11B. 10; VidaMuMa. 2. 57;	VidaMuMa. 2. 6;	VidaMuMa. 3. 12 ( = ‘the sun’);
GrahaLā.	83	SmṛtiCan. v. 119. 9; GrahaLā. 6. 5; 2. 1;	8. 15 (41); KaraṇaKu. 2. 8 (10); GrahaLā. 1. 10; {@2@} beginning with the	GrahaLā. 1. 10;
VaikhāDS.	83	BhārGS. 1. 10 (10. 5); 1. 19 (20. 1); VaikhāDS. i. 3. 2; BṛParāSm.	VaikhāDS. iv. 8. 1; JaineVyā. 166. 29 ( iii. 1. 94);	VaikhāDS. iv. 8. 1; MatsyaP.
ŚaṅkhaLiDS.	83	ŚaṅkhaLiDS. 334.	ŚaṅkhaLiDS. 99;	ŚaṅkhaLiDS. 44;
ArthSaṃ.	82	Kau. 99. 25; ArthSaṃ. 10. 4;	215. 22; ArthSaṃ. 15. 3; 21. 3;	MīmāNyāPra. 193. 17; ArthSaṃ. 9. 2;
VijñāŚ.	82	VijñāŚ. 11; {@5@} immediately, just	VijñāŚ. 57;	VijñāŚ. 85. 2;
AmaŚ.	81	AmaŚ. 154;	KuṭṭaMa. 524; AmaŚ. 62 = Sadukti-	iMu. 37. 5 = ŚārṅgaPa. 3388 = Subhāṣi. 1057; AmaŚ. 85 =
Avalo.	81	Avalo. 43. 3	45) = Avalo. 31. 13 ( 1. 54)	Avalo. 57. 22 ( 2. 50); JayaMa. 53. 17 (
RasTa.	81	DaśRū. 4. 24; Kāvyānu.(He.) 111. 3; RasTa.	RasTa. 63. 5.	RasTa. 160. 5; NyāyMāVi. 61. 19 (
NītiPra.	80	NītiPra. 6. 104; ŚukrNī. iv. 5. 301;	array NītiPra. 6. 5; {@5@} (in Arch.) ear-shaped	NītiPra. 8. 80; {@v@} out of season,
NityāṢoḍa.	80	VikraDeC. 12. 43; ĪśānŚiPa. i. 21. 19; NityāṢoḍa. 8. 88;	NityāṢoḍa. 8. 49.	NityāṢoḍa. 1. 10;
YājñaŚi.	80	YājñaŚi. 209; ŚaiśiŚi. 47; ĀpiŚi. 3. 12;	letter or sound etc. YājñaŚi. 86;	VājaPrāti. 8. 44; YājñaŚi. 73;
Mu.	79	Mu. 2. 19;	Mu. 5. 53; {@B@} allotment of shares	Mu. 15. 34.
MadaPāNi.	79	MadaPāNi. 77. 17.	MadaPāNi.	eye-diseases) MadaPāNi. 15. 244; KalpaK. 174. 377;
NāraPaU.	79	a crow (v. l. ) NāraPaU. 4. 38.	NāraPaU. 4. 38.	ctor(in obtaining food) NāraPaU. 5. 1.
PadmPrā.	79	AnyoMuLa. 32; PadmPrā.	PadmPrā. 15. 21; MahāVyu. 261. 41.	MatsyaP. 70. 24; PadmPrā. 5. 13;
Rāṣṭrau.	78	Rāṣṭrau. 9. 63; {@iv@} (Yoga) unrelated to or indepen	Rāṣṭrau. 3. 5; CitraPaC. 228;	Rāṣṭrau. 9. 35.
PratiYau.	78	(1922 Ed.); PratiYau. 2. 13 (22);	PratiYau. 4. 17;	PratiYau. 4. 12
Ratnā.	77	HarṣaC. 16. 4; Ratnā. 4. 17;	Ratnā. ii. 14. (27); iii. 18. (2);	Ratnā. 3. 15 (30); VāsaDa. 272. 5;
HaṃsDū.	77	HaṃsDū.(Rū.) 16.	Subhāṣi. 1584; HaṃsDū.(Rū.) 16;	HaṃsDū.(Rū.) 4;
JñānBiPra.	77	JñānBiPra. 7. 23; {@ii@} which cannot be done, not feas	DharmoPra. 246. 6; EI. iii. 191. 50; JñānBiPra. 21. 9;	70. 5; 25. 14; JñānBiPra. 20. 30;
VāstuVi.	76	VāstuVi.	VāstuVi. 9. 3 (comm.	VāstuVi. 9. 5;
AnnaU.	76	AnnaU. 1. 30;	AnnaU. 4. 91.	AnnaU. 5. 35.
MayūSaṃ.	76	43. 31; MayūSaṃ. 1. 10; EI. ii. 417. 34;	MayūSaṃ. 1. 45;	MayūSaṃ. 1. 92;
ApūNā.	75	RājNi. 458. 22; 106. 21; ApūNā. 11; KalpaK. 177.	ApūNā. 21.	ApūNā. 17.
Pa.	75	Pa. 5. 5.	Pa. i. 1. 43; Mānaso. ii. 20. 1102;	Pa. 3376; YudhiVi. 2. 105;
KāṭhU.	75	KāṭhU. 2. 14;	= KāṭhU. 2. 20; ŚvetāUBh. 171. 20 (	KāṭhU. 3. 15;
VārāGS.	74	VārāGS. 15. 26; HirGS. i. 5. 8;	VārāGS. 15. 13; {@3@} a rope	ManuSm. 11. 109 = ViṣṇuDhaP. ii. 73. 76; VārāGS.
RājNīRa.	74	RājNīRa. 3. 10;	RājNīRa. 4. 4. {@ @} free from taxes, exempt from t	PrabaK. 78. 10; RājNīRa. 49. 4; AdhyāRā. iv. 8. 37;
Sambandha.	74	BṛĀraUBhVā. (Sambandha.) 523;	UBhVā. (Sambandha.) 167.	BṛĀraUBhVā. (Sambandha.)
SaptaPa.	74	SaptaPa. 188 (53)	TārkiRa. 190. 1; SaptaPa. 157 (47);	SaptaPa. 68 (22)
Br.	73	Br. III. vii. 5. 12.	Br. XIV. vii. 2. 8 = BṛĀraU. iv. 4. 6;	Br. v(vi). 7. 2; MānŚS. 182. 6;
VidaMā.	73	VidaMā. 5. 12; {@2@} not possessing,	in kindness VidaMā. 2. 47.	VidaMā. 2. 30.
TattvSaṃPañ.	72	cause TattvSaṃPañ. 25. 26 ( 18)	producibility TattvSaṃPañ. 25. 20	TattvSaṃPañ. 653. 9 ( 2387);
MAYR.	71	come from an IE dissyllabic root *enek- cf. MAYR. s. v.	not traceable to a root POK. 778; MAYR. 14. Add; /	ety, trouble’, ‘narrow’, ‘ ‘trouble’. cf. MAYR.
DevīPañ.	71	Kapphiṇā. 4. 5; DevīPañ. 4. 13; NavaSāC.	of the shoulder DevīPañ. 5. 22.	DevīPañ. 4. 2;
CāṇaNīDa.	71	Pañcā. 23. 15 = 132. 13 = PrabhāC. 90. 6 = CāṇaNīDa. 5. 5 = SiṃhāDvā.	8. 57; CāṇaNīDa. 1. 2;	CāṇaNīDa. 11. 11; {@B@} the fruit or produce (which co
KīcaVa.	71	KīcaVa. 2. 1.	KīcaVa. 2. 1.	KīcaVa. 3. 18;
ĀpaGS.	71	meal ĀpaGS. i. 11. 23.	BhārGS. 2. 7 (38. 3); ĀpaGS. vii. 18. 1;	; ĀśvŚS. I. vi. 9. 7; BaudhGS. iii. 7. 27; ĀpaGS. vii.
NemiC.	71	NemiC. 8. 52; {@B@} showing no respect to	NemiC. 6. 41.	NemiC. 7. 8.
PañcSi.	70	PañcSi. 3. 62 (3. 24);	PañcSi. 16. 5; {@2A@} two	PañcSi. 18. 5.
ĪśvaPraSū.	70	( ) inside the ĪśvaPraSū.	ĪśvaPraSū. i. 7. 1;	ĪśvaPraSū. ii, 3. 12.
RaMā.	69	RaMā. 50-51; NānārthaMa. 36-37;	RaMā. 198; KalpaK. 367. 3; KośaKaTa. 1. 120; 2. 32	RaMā. 107. 17; NyāyRaMā.
PratyabhiHṛ.	69	PratyabhiHṛ. 34. 9 (14);	PratyabhiHṛ. 19. 2 ( 8);	PratyabhiHṛ. 50. 3 ( 20)
Bha.	69	Bha. ii. 140. 20 ( 2. 167)	Bha. ii. 286. 24 (2. 175); RasSa. 124. 5; {@C@} t	Bha. i. 277. 2 ( 1. 90)
VṛHārīSm.	69	Mānaso. iv. 4. 662; VṛHārīSm. 8. 506;	VṛHārīSm. 6. 83;	VṛHārīSm.
RatnaCūKa.	69	RatnaCūKa. 536.	RatnaCūKa. 123;	RatnaCūKa. 213.
MāṇḍūŚi.	68	29; NāraŚi. ii. 1. 3; PārāŚi. 82; BhārŚi. 2; MāṇḍūŚi. 7. 3; Yājña	SvarāṅŚi. 4; MāṇḍūŚi. 9. 10; it is protracted at the end of	MāṇḍūŚi. 10. 2; {@ @} (akramāt)
CaṇḍaKau.	68	CaṇḍaKau. 5. 20 (8)	CaṇḍaKau. 5. 5.	CaṇḍaKau. 4. 23;
RasPraSu.	68	RasPraSu. 12. 20; EI. i. 310. 28;	RasPraSu. 3. 10.	RasPraSu. 3. 5.
Tarkāmṛ.	68	(Ja.) 75B. 4 ( i. 1. 1); PratāYaBhū. 45. 1; Tarkāmṛ. 21. 4;	Tarkāmṛ. 10. 1; 13. 17;	Nyāyāmṛ. 269B. 5; Tarkāmṛ. 24. 17;
AbhinDa.	67	AbhinDa. 206.	AbhinDa. 208;	AbhinDa. 250.
TattvSa.	67	U. vi. 16. 2; ĀpaDS. i(1). 3. 15; TattvSa. (3)	Gī. 13. 29; TattvSa.(3) 123. 4;	TattvSa. (3) 124. 16;
Vyavahāra.	66	(Vyavahāra.) 532. 30.	VīraMi. (Vyavahāra.) 138. 20; {@B@} not	Subodhi. 4. 9 ( 2. 5); VīraMi. (Vyavahāra.) 39. 13;
DhātuKā.	66	DhātuKā. 1. 37.	DhātuKā. 3. 59.	harsh DhātuKā. 1. 46.
PañcPra.	66	BṛĀrUBhVā. i. 5. 360; PañcPra.	or sequence PañcPra.	( i. 3. 26); (v. l. ) PañcPra. 29. 4;
VaiśeSū.	66	x. 3. 9; VaiśeSū.	i. 1. 16; VaiśeSū. v.	VaiśeSū. vi. 1. 5;
MantrBr.	66	MantrBr. i. 8. 5; MantrBr. ii.	MantrBr. i. 8. 5; MantrBr. ii.	TaiĀ. iv. 38. 1 (557. 2); MantrBr. i. 1. 10; i. 1. 14;
MṛtaSaṃ.	65	MṛtaSaṃ. 52. 3 ( 4. 23);	MṛtaSaṃ. 9. 14 ( 1. 15);	MṛtaSaṃ. 42. 16 ( 4. 11)
PuC.	65	PuC. i. 5. 313.	PuC. i. 5. 516; i. 5. 709;	PuC. i. 4. 839; PariPar.
DharmoPra.	65	DharmoPra. 246. 6; EI. iii. 191. 50; JñānBiPra. 21. 9	DharmoPra. 28. 10.	DharmoPra. 59. 9.
MadaKeC.	65	MadaKeC. 69;	MadaKeC. 47;	BrahmaVaiP. iv. 19. 18; MadaKeC. 102.
Buddh.	65	BhāgP. ii. 10. 40; {@F@} (Buddh.)	¦ (akuśaladṛṣṭi-dālana) (Buddh.) shatterer of	¦ (akuśaladharma-tathatā) (Buddh.) the essen-
Prakā.	64	Prakā. 116A. 2 ( ii. 3. 20); 117B. 7 ( ii. 3. 26)	Prakā. 118A. 1 ( ii. 3. 27)	Prakā. 182A. 5 ( iii. 3. 55); {@2@} not produced o
SaSāg.	64	SaSāg. vii. 2. 88;	SaSāg. xii. 19. 127; xviii. 5. 9;	SaSāg. vii. 4. 9.
IśānŚiPa.	64	ŚāraTi. 1. 110; IśānŚiPa. i. 52. 60;	BṛDharmaP. i. 25. 11; IśānŚiPa. i. 1. 52; ĪśānŚi-	IśānŚiPa. i. 9. 51 = ii. 3. 47.
SūryaŚ.	64	SūryaŚ. 9; {@6@} not	SūryaŚ. 78; RāmC.	SūryaŚ. 54; DaśKuC. 120. 16;
Si.	64	Si. 842. 3.	Si. 83. 8;	Si. 390. 6.
AbhisaAlaṅĀ.	63	AbhisaAlaṅĀ. 5. 3.	region AbhisaAlaṅĀ.	AbhisaAlaṅĀ. 216. 5.
AbhisaAlaṅ.	63	AbhisaAlaṅ. 1. 23; AbhidhK.	śanamārga) AbhisaAlaṅ. 3. 14;	AbhisaAlaṅ. 4. 41.
Abhiṣe.	63	Abhiṣe. 6. 22; KulārT.	messenger Abhiṣe.	Abhiṣe. 1. 17; KāśyaS. 60B. 9 (3. 1);
ŚabdaBhePra.	62	TrikāŚe. i. 1. 29; ŚabdaBhePra.(Pu.) 1. 9; MediK. 193. 2; NānārthāSaṃ.	on ŚabdaBhePra.(Ma.) 3. 17; viii) serpent (?) ( ) ŚabdaRa-	meaning of the suffix; cf. Liṅgānu.(Va) 54; ŚabdaBhePra.
VedāntSiSūMañ.	62	VedāntSiSūMañ. 1. 89; {@4Bv@} one of the several equal	one (i. e. Brahman) VedāntSiSūMañ.	VedāntSiSūMañ. 1. 50.
NāgaSa.	62	various parts of the body in Tantras. NāgaSa. 17. 5; TantrSā.(K.) 7. 21;	NāgaSa. 20. 1.	NāgaSa. 15. 13.
YogSū.	62	of the body YogSū. 3. 43;	YogSū. 2. 27);	YogSū. 4. 29;
Ci.	62	(Ci.) 28. 5; NyāyKu. 78. 1; 161. 10; SyādvāMañ. 1	(Ci.) 66. 10.	(Ci.) 322. 6; Vedānt-
UBh.	62	UBh. 416. 2 ( vii. 1. 0)	UBh. 247. 11 ( iv. 15. 5); BrahmSū-	UBh. 357. 14 ( vi. 4. 1)
Śrī.	62	(Śrī.) 1 (6). 4.	(Śrī.) 4. 355; Subhāṣi. 227;	(Śrī.) 3. 532;
ĀrṣeBr.	61	11. 8; 426. 1) ĀrṣeBr. iv. 8. 8;	{@3A@} name of a Sāman ĀrṣeBr.	2 ¦ (akṣarya) name of a ĀrṣeBr. 1. 460
RauhiC.	61	RauhiC. 63; {@1vi@} having no ears i. e. whose	RauhiC. App. 2. 3.	KāśyaS. 176B. 28 (8. 2); RauhiC. 311;
Mi.	61	Mi. (Saṃskāra.) 641. 16; 653. 8.	Mi.(Bhakti.) 157. 28.	Mi.(Bhakti.) 52. 17.
Pañ.	61	Pañ. 4. 5;	Pañ. 222. 18; TātpaṬ.(Vā.) 162. 21 ( i. 1. 5);	Pañ.(Śi.) 2. 44; Purā-
DhātuPā.	60	the Dhātupāṭha; in the tenth (DhātuPā. x. 307-367) prevents	1 ¦ (aṃś-)-U [DhātuPā. tradition does not set up this root, some of	ṃś-) x.P. to divide, to assign (a part) [The DhātuPā. x. 371
UnmaRā.	60	UnmaRā.(Vi.) 95;	UnmaRā.(Bhā.) 12.	UnmaRā. 86.
Bharaṭ.	60	NyāySu.(Ja.) 66B. 10 ( i. 1. 1); Bharaṭ. 5B 1; Nyāyāmṛ. 107A. 8;	Bharaṭ. 19B. 2.	Bharaṭ. 16B. 6;
Sāg.	60	Sāg. xviii. 3. 99; KathāSaSāg. i. 3. 28;	Sāg. xii. 6. 72.	Sāg. xii. 22. 106.
Ta.	60	Ta.(Śrī.) 4. 295; VīraMi. 351. 5 ( 1. 309-311); {@B	Ta. 254 = PadyVe. 702;	Ta.(Ka.) 1. 46; PāṇḍaC. 5. 221;
UBhVā.	60	UBhVā. (Sambandha.) 167.	UBhVā. iv. 3. 1804; iv. 3. 1476.	UBhVā. i. 5. 47; BhāgP. viii. 11. 36; KathāSaSāg. i
CaturJiStu.	60	MahāP. 2. 4; CaturJiStu. 42;	CaturJiStu. 61; ManuBh. ii. 204. 7 (	CaturJiStu. 31.
Jānāśra.	60	Jānāśra. 1. 10 (4);	of syllables Jānāśra. 1. 10 (2); 6. 17 (2)	Jānāśra. 6. 17 (2);
NemiDū.	59	NemiDū. 73; SāhiDa. 561. 5; Subhāṣi. 1123;	Surath. 4. 51; NemiDū. 62; Yādavā. 13. 51; Subhāṣi.	NemiDū. 63; BhāgP. iii. 17. 21.
BhāvPraNi.	59	158. 15; NighŚe. 2160; RājNi. 38. 4; BhāvPraNi. 49. 31; AṣṭāNi. 3. 10;	1274; BhāvPraNi. 92. 31; ParyāMu. 7. 6;	BhāvPraNi. 53. 67.
SamyaKau.	59	SamyaKau. 70. 5.	NītiVā. 24. 22; SamyaKau.	SamyaKau. 2. 10.
PārvPa.	59	PāṇḍaC. 1. 457; PārvPa. 4. 6;	PārvPa. 5. 25; {@D@} not having a creator TattvBi.	ṢaḍdarSa.(Rā.) 52; ŚaṅkaDigVi.(Mā.) 6. 58; PārvPa. 2. 5 (1);
CampaŚreKa.	59	CampaŚreKa. 192.	CampaŚreKa. 19; Hitopa.	CampaŚreKa. 297.
DakṣaSm.	59	DakṣaSm. 2. 43;	DakṣaSm. 7. 52; ViṣṇuP. iii. 13. 25;	53. 1; DakṣaSm. 3. 11; YamaSm.
TaiU.	59	(727. 13) = TaiU. i. 4 ( TaiUBh.	TaiU. 1. 11 = TaiĀ. vii. xi. 2 (Śaṅ. )	II. viii. 8. 1; TaiĀ. ix. 10. 6 (750. 6); TaiU. iii. 10. 6; NṛPūTāU. 2. 4;
VedāntTaSā.	58	4. 13); TattvPrakā. 23A. 11 ( iii. 2. 34); VedāntTaSā. 60. 3.	VedāntTaSā. 60. 8.	VedāntTaSā. 45. 7;
VibhraVi.	58	VibhraVi. 6;	VibhraVi. 63;	VibhraVi. 78;
CitraPaC.	58	CitraPaC. 25; MahāN. 3. 1;	Rāṣṭrau. 3. 5; CitraPaC. 228;	NemiDū. 23; CitraPaC. 510; {@Ciii@} eternal, per-
KīrtiKau.	58	intellect KīrtiKau. 9. 36.	KīrtiKau. 4. 48.	KīrtiKau. 9. 46; Yādavā. 6. 67; 6. 99;
JaineVṛ.	58	JaineVṛ. 367. 28 ( v. 2. 53);	JaineVṛ. 367. 30 ( v. 2. 53);	KāśiVṛ. iii. 2. 68; KātanVṛ. iv. 3. 71; JaineVṛ. 108. 19 (
HariC.	57	HariC. 134.	HariC.(Pa.) 198.	HariC.(Pa.) 23;
BhallaŚ.	57	MālaMā. 9. 183; BhallaŚ. 101; ŚārṅgaPa.	BhallaŚ. 55 = Subhāṣi. 907.	BhallaŚ. 87;
VedavyāSm.	57	VedavyāSm. 3. 52; {@ii@} not producing an effect or act	VedavyāSm. 3. 65.	85; BālamBha. i. 539. 21 ( 1. 249); VedavyāSm. 3. 41;
VyavaMa.	56	VyavaMa. 159. 12.	VyavaMa. 150. 15; BālamBh. ii. 197. 21 ( 2. 135)	VyavaMa. 140. 3; BālamBha. ii. 174. 20 ( 2. 132)
KālīViT.	56	i. 3. 7); GoviBh. 164. 12 ( ii. 3. 41); KālīViT. 28. 21.	KālīViT. 12. 10.	KālīViT. 1. 18.
PārthPa.	55	PārthPa. 12.	PārthPa. 3. 9;	RājTa.(Prā.) 175; PārthPa.
SūktiSu.	55	SūktiSu. 158; PadyāTa. 97;	SūktiSu. 63;	SūktiSu. 32; {@2@} the throw of the sets of dice
PañcSā.	55	PañcSā. 5. 124;	ral i. e. adept, expert PañcSā. 1. 5.	PañcSā. 1. 10.
ĪśvaSi.	55	ĪśvaSi.(Yā.) 76. 16; Kāv-	ĪśvaSi.(Yā.) 72. 16;	MārkP. 68. 22; ĪśvaSi.(U.)
TripuḌi.	54	TripuḌi. 4. 11;	TripuḌi. 4. 2 (7); SamarāSaṃ.	TripuḌi. 1. 36.
BālBhā.	54	HarVi. 50. 32; BālBhā.	BālBhā. 2. 43;	BālBhā. 1. 78 (1);
ViddhaŚā.	54	ViddhaŚā. 2. 4; SubhāRaK. 16. 65.	(i. e. ViddhaŚā. 1. 5	ViddhaŚā. 2. 1 = KavīndraVaSa. 491 = SubhāRaK. 23. 47;
AśvaCi.	54	AśvaCi. 8. 17.	AśvaCi. 8. 17.	AśvaCi. 8. 17.
BhāṣāVṛ.	54	syllables (said of the tongue) BhāṣāVṛ. iv. 1. 51.	JaineVyā. 142. 2 ( ii. 4. 39); BhāṣāVṛ. iii. 4. 54.	5. 11; BhāṣāVṛ. viii. 2. 10.
ŚṛṅgāDī.	54	ŚṛṅgāDī. 1. 14.	ŚṛṅgāDī. 2. 100; {@v@} not complete, not full, not	ŚṛṅgāDī. 3. 22.
Chandonu.	53	Līlā. 8; Chandonu.	Chandonu. 4. 25 (Comm.	Chandonu. 4. 49; The Kośas write
VairāŚ.	53	ĪśānŚīPa. i. 9. 34; VairāŚ.(Pa.) 76; TriṣaśaPuC. i. 7. 149;	VairāŚ.(Pa.) 78.	PārijāHa. 25; VairāŚ.(Pa.) 34; TriṣaŚaPuC. i. 5. 530; iv. 1. 287;
KumāCaSaṃ.	53	PrabaCin. 99. 4; KumāCaSaṃ. 42. 14;	3691; KumāCaSaṃ. 65. 3;	KumāCaSaṃ. 53. 9; (speech)
Khā.	53	Khā. 463. 23; {@B@} not related to, not accompany	Khā. 1037. 5;	Khā. 1101. 16.
KenUVāBh.	53	the doer KenUVāBh. 87. 16	( v. 10. 5); KenUVāBh. 71. 11 ( 1. 2);	KenUVāBh. 88. 1 ( 3. 1)
ŚaktiSaṃT.	53	ŚaktiSaṃT. i. 3. 69; {@9@} one of the 20 types of	ŚaktiSaṃT. i. 1. 132.	ŚaktiSaṃT. i. 6. 20; ŚaktiSaṃT. iii.
DrāhyGS.	53	DrāhyGS. ii. 1. 3;	DrāhyGS. i. 5. 10;	GobhiGS. iii. 3. 34; DrāhyGS.
Va.	52	Va. 3. 4; GaṅgāL. 34; two negatives made of	Va. 3. 3.	Va. 1. 11; {@vi@} suddenly PañcT.
Inst.	52	e successful, to have reached the goal (with Inst. and Dat.)	PāṇdaC. 3. 342; {@1B@} (Inst.	of object and Inst. of means, or Loc. of place and Acc. of subst
HorāSā.	52	Bṛhajjā. 7. 3; YogYā. 5. 19; HorāSā. 7. 16;	HorāSā. 2. 1;	dāya system HorāSā. 7. 9.
KaumuMa.	52	KaumuMa. 1. 28;	KaumuMa. 4. 21; Āna-	indisposed KaumuMa. 2. 2. (1);
TīrthaKa.	52	TīrthaKa. 97. 18.	TīrthaKa. 4. 7.	TīrthaKa. 48. 18.
GauḍKā.	52	inexpressible GauḍKā. 3. 47	GauḍKā. 3. 2. (Śaṅ.	or Pūrvamīmāṃsā) GauḍKā. 4. 90
SamudraMa.	52	(He). 280. 1; SamudraMa. 2. 14 (6);	SamudraMa. 2. 114 (6);	SamudraMa. 1. 57;
ŚivU.	52	water ŚivU. 5. 49.	word) ŚivU. 1. 17; 1. 18;	1. 22; MahāU. 2. 23; 3. 29; ŚivU. 2. 13;
NighŚe.	51	158. 15; NighŚe. 2160; RājNi. 38. 4; BhāvPraNi. 49. 31; AṣṭāN	text ); NighŚe.	NighŚe. 2026.
BālC.	51	BālC. 2. 12; Kād. 33. 8; 35. 13;	1. 13; MadhyaVyā. 1. 9; BālC. 1. 28; [v. l. for	BālC. 3. 13 (1); MārkP.
TaiUBhVā.	51	Kaṇṭhā. 212. 4; TaiUBhVā. 40. 1 (2);	( iv. 3. 33); TaiUBhVā. 142. 19 (2); 144. 2 (2); 147. 23 (2); BṛĀraU	tation of desire TaiUBhVā. 144. 7 (2) =
TejoBiU.	50	0 ( ii. 3. 8); ii. 307. 11 ( iv. 1. 14); TejoBiU. 1. 38;	AparoAnu. 125; TejoBiU. 1. 38.	TejoBiU. 2. 11.
MaṇiKa.	50	610. 6; MaṇiKa. 60. 4.	MaṇiKa. 72. 9.	TattvCin. iii. 61. 4; MaṇiKa. 64. 11.
Sa.	49	Sa. 466; AneKāK. 51; NānārthāSaṃ. ii. 33. 3; Nān	Sa. 115. 5; PratāYaBhū. 440. 8;	Sa. 17. 65.
ViraMi.	49	44. 21; ViraMi. (Rājanīti.) 40. 14;	VīraMi.(Āhnika.) 66. 20; ViraMi.	ViraMi. 897. 4
CaturA.	49	CaturA.(Śau.) 2. 92.	CaturA.(Śau.) 2. 53;	CaturA.(Śau.) 1. 14;
BhartṛNi.	49	BhartṛNi. 5. 25 (1); Subhāṣi. 838; RasiRañ. 117; Bhakt	BhartṛNi. 5. 12;	BhartṛNi. 2. 14; MātaLī. 11. 37; Nārāy. xi. 93. 5;
SindūPra.	49	SindūPra. 75;	SindūPra. 17;	SindūPra. 56;
ŚṛṅgāBhū.	49	ŚṛṅgāBhū. 50.	ŚṛṅgāBhū. 62 (1)	PañcSā. 1. 14; ŚṛṅgāBhū. 7 (4); TantrSa.
HirPiMe.	49	= BaudhPiMe. i. 15. 2 = HirPiMe. xxviii. 2. 10;	RudrāJābāU. 568. 16 (3); HirPiMe. xxix.	S. iii. 7. 4 (158. 23); BaudhPiMe. ii. 4. 6; HirPiMe. xxix. 11. 10;
RasMañ.	49	{@B@} unfrightened RasMañ. 76 (comm.	5. 20; AvantiKa. 184. 7; BhāgP. xii. 1. 16; RasMañ. 31 (2);	loped ( sprouted) youth, very young RasMañ.
ŚaPuC.	49	ŚaPuC. ii. 2. 581; PāṇḍaC. 5. 1; CaitaCa.	ŚaPuC. i. 6. 549; SthānṬ. 355A. 1.	ŚaPuC. i. 5. 395; i. 5. 760; i. 6. 644;
Nṛtyā.	48	Nṛtyā. 79.	Nṛtyā. 201.	Nṛtyā. 851-52; (cf.
ṚtuSaṃ.	48	ṚtuSaṃ. 5. 13.	ṚtuSaṃ. 5. 12;	ṚtuSaṃ. 3. 26;
DhaP.	48	DhaP. i. 12. 9; SkandP. i(1). 15. 20; iv. 11. 158;	DhaP. i. 40. 12; SkandP. i(3). 11. 23; LiṅgaP. i.	DhaP. ii. 131. 40; BṛNāraP. 4. 35;
GS.	48	GS. iii. 11. 2 (177. 10)	GS. iv. 3. 14;	GS. 2. 4; HirGS. i. 1. 10;
Da.	48	Da. 32. 7 (15)	Da. 1. 4 (12); AvantiKa. 83. 9;	Da. 3. 9.
Rājanīti.	47	VīraMi. (Rājanīti.) 16. 18.	44. 21; ViraMi. (Rājanīti.) 40. 14;	VīraMi. (Rājanīti.) 32. 3;
LalitāSa.	47	LalitāSa. 211; LalitāSaBh. 174. 13	LalitāSa.	LalitāSa. 252.
ŚukrNī.	46	NītiPra. 6. 104; ŚukrNī. iv. 5. 301;	ŚukrNī. iv. 7. 406; {@2E@} share of duty	ŚukrNī. 1. 316 f;
CaṇḍīŚ.	46	CaṇḍīŚ. 13; SūryŚ. 26;	190. 12; CaṇḍīŚ. 96;	CaṇḍīŚ. 54; Kāśi. ii.
KaraṇaKu.	46	8. 15 (41); KaraṇaKu. 2. 8 (10); GrahaLā. 1. 10; {@2@} beginning w	KaraṇaKu. 3. 16 (17);	(9. 13); 93. 4 (9. 73); KaraṇaKu. 2. 19
RasiRañ.	46	RasiRañ. 11.	RasiRañ. 5.	BhartṛNi. 5. 25 (1); Subhāṣi. 838; RasiRañ. 117; BhaktiRaSi.
Bārhas.	46	Bārhas. 6. 5;	Bārhas. 5. 26;	Bārhas. 6. 9; NalaCam. 1. 47 (12);
JñānDī.	46	JñānDī. i. 62. 6.	MahāBhā. i. 1. 105 (JñānDī.	fundity MahāBhā. i. 62. 13 (JñānDī. )
KarmaNi.	45	242. 7; KarmaNi. 4B. 4;	ĪśānŚiPa. ii. 67. 14; SubhāRaK. 42. 24; KarmaNi.	KarmaNi. 3A. 11; NyāyMāVi. 52. 10 ( i. 4. 11); Śaṅka
BaudhŚuS.	45	4. 14; BaudhŚuS. 1. 41;	BaudhŚuS. 1. 11; KātyāŚuS. 2. 3; KośaKaTa. i. 6937;	58. 12; iii. 285. 5; BaudhŚuS. 1. 55;
ṢaḍdarSa.	45	93. 8; ṢaḍdarSa.(Rā.) 88;	ṢaḍdarSa.(Ha.) 41;	234B. 2; PārśvC. 6. 675; ṢaḍdarSa.(Rā.) 151; KalpaK. 87. 169.
APrāti.	45	APrāti. 24; {@F@} not involving any	APrāti. 1. 38; P. i. 3. 75; Cāndra-	APrāti. 98; CaturA.(Śau.) 1. 12;
NyāyBiṬ.	45	NyāyBiṬ. 87. 4;	NyāyBiṬ. 75. 4 ( 1. 14); BṛĀraUBhVā. ii. 4. 408; Nyā	NyāyBiṬ. 55. 10
MuṇḍaU.	45	MuṇḍaU. i. 2. 12; (v. l.	MuṇḍaU. i. 2. 13; Rāmā.	MuṇḍaU. i. 1. 5; BhagGī. 3. 15;
NarmaMā.	45	NarmaMā. 2. 83;	system) NarmaMā. 2. 37;	NarmaMā. 3. 60;
TaVi.	44	TaVi. 172. 13.	TaVi. 299. 12; SamarāSū. 31. 16;	TaVi. 366. 7.
Astrol.	44	ous specific parts of the shoulder {@F@} (in Astrol.) a	{@11@} name of a of seven varieties (in Astrol.)	¦ (agra-pati) (Astrol.) presiding planet of the next (to
VasiSm.	44	HariVaṃ. 41. 6; VasiSm. 19. 15;	for VasiSm. 23. 10.	VasiDS. 1. 6 = VasiSm. 1. 5;
Hāsyārṇa.	44	nothing Hāsyārṇa. 2. 16.	Hāsyārṇa. 1. 39 (8)	Hāsyārṇa. 1. 50; MādhavāĀ.
VāNaMā.	44	VāNaMā. 11. 5; MayūMāli. 128. 14 ( ii. 2. 3)	UpaParā. 45. 20; Pūrvotta VāNaMā.	VāNaMā. 7. 14; 7. 16; 8. 3;
PramāSaṃ.	44	proved or disproved PramāSaṃ.	3. 44; PramāSaṃ. 3. 45;	PramāSaṃ. 3. 498;
ŚāntiŚ.	44	82. 8) = PadmP. v. 19. 317 = Hitopa. 4. 87 = ŚāntiŚ. 2. 30 = SūktiRa.	AbhirbuS. 48. 18; ŚatTayī. 269 = ŚāntiŚ.	ŚāntiŚ. 1. 28.
UttaKuC.	44	UttaKuC. 192.	UttaKuC. 475.	UttaKuC. 182;
Nā.	43	(Nā.) iii. 4. 12; BṛBrahmS. iii. 10. 22; (born of	(Nā.) i. 13. 9; {@Av@} evil-doer	PāñcaRā(Nā.) i. 4. 74; {@2@}
PavaDū.	43	PavaDū.(Dh.) 35.	10. 66; PavaDū.(Dh.) 13; PrasaRā. 5. 1 (8)	PavaDū.(Dh.) 11;
ĪśopBh.	43	ĪśopBh. 8. 5 ( 2);	prohibited nature ĪśopBh.(Śaṅ.)	ĪśopBh. 5. 2 ( 1)
CāndrVṛ.	43	498. 17] {@A@} not producing CāndrVṛ. i. 1. 140 =	time (for its study) CāndrVṛ. ii. 2. 68;	JayāS. 21. 8; CāndrVṛ. ii.
Nigh.	43	Nigh. 1. 7; mostly in ṚV.] {@1A@} unguent, ointm	uPra. 1. 655 (48. 15); PrakriKau. ii. 96. 1; Nigh. 2. 18 (	ṚV. x. 13. 3; Nigh. 1. 11;
HaṭPra.	43	10. 46; HaṭPra. 2. 17.	iii. 67. 33; iii. 84. 26; HaṭPra.	KṛṣṇaKa. 2. 51; HaṭPra. 4. 81;
PāñcaRā.	42	PāñcaRā.(Nā.) iii. 2. 27.	PāñcaRā.(Nā.) i. 12. 47; iv. 2. 26; {@C@} a partial or sec	42. 2 (1. 4); LiṅgaP. i. 55. 25; (as Bhānus) PāñcaRā.-
Paribhāṣā.	42	(Paribhāṣā.) 72. 2; RasSa. 167. 3; {@1E@} not causing or	(Paribhāṣā.) 64. 9;	VīraMi. (Paribhāṣā.) 63. 13; 67. 6;
AṅgiSm.	42	AṅgiSm. 9;	AṅgiSm. 61;	AṅgiSm. 153; BṛYamaSm. 3. 69;
Ru.	41	(Ru.) 3. 20 (comm.	(Ru.) 4. 23.	(Ru.) 2. 17; EI. viii. 115. 73.
VaiP.	41	VaiP. i. 1. 22; YātrāPra. 3. 218. {@5A@} a Vedic	VaiP. i. 10. 169.	VaiP. iii. 4. 54; VarāP. 55. 3;
So.	41	(So.) 72. 2 ( i. 2. 19);	So. ii. 20. 1213; ii. 20. 1065; TriṣaŚa-	NyāySu (So.) 71. 22 ( i. 2. 19);
TripuMāPūSt.	41	TripuMāPūSt. 38;	TripuMāPūSt.(Śaṅ.)	EI. i. 141. 6; TripuMāPūSt.(Sā.) 60.
PraśnaU.	41	PraśnaU. 6. 5 (Śaṅ.	PraśnaU. 4. 10 (comm. Śaṅ. );	PraśnaU. 5. 7; ŚvetāU. 3. 21;
MāVi.	41	MāVi. 701. 2 ( xii. 4. 10);	MāVi. 186. 18 ( iii. 6. 12);	MāVi. 181. 14 ( iii. 6. 4);
PārāŚi.	41	AmoghŚi. 29; NāraŚi. ii. 1. 3; PārāŚi. 82; BhārŚi. 2; MāṇḍūŚi. 7. 3; Yājña	PārāŚi. 89; ArthŚā. i	PārāŚi.
Śe.	41	Śe. i. 375. 8.	Śe. ii. 1008. 8.	Śe. ii. 158. 8; RasiRañ. 5;
VarāU.	41	VarāU. 4. 1.	VarāU. 3. 8.	VarāU. 5. 36; {@C@} burning with fire
Ubhayābhi.	41	Ubhayābhi. 13. 5;	Ubhayābhi. 15. 11; {@3@} not produced, not caused (by	Ubhayābhi. 5. 3.
PañcTaPra.	41	SaK. 122. 8; ParyāŚaRa. 2. 263; PañcTaPra. 2. 27.	Lingānu.(Ha.) 8. 10 (comm.) = PañcTaPra. 2. 17 = LaŚabdeŚe. i. 401. 8;	PañcTaPra. 13. 8.
JainaL.	41	soul) in the immediately next birth JainaL.	JainaL.	and cleansing (of the floor), JainaL.
AlaṅkāCin.	40	(comm.); cause ( ) AlaṅkāCin. 50. 18 (comm.	AlaṅkāCin. 29. 22;	ously, to move with a zig-zag course AlaṅkāCin.
ChandoMa.	40	ChandoMa. 6. 5; LakṣmīT. 7. 11;	of) syllables ChandoMa. 1. 4.	Yādavā. 6. 4; ŚaṅkaDigVi.(Mā.) 14. 10; ChandoMa. 2. 121;
PrasthāBhe.	40	PrasthāBhe. 18. 12.	(1. 28); SkandP. i(3B). 3. 13; PrasthāBhe. 14. 14; {@xi@} name	NyāyRaMā. 111. 19; PrasthāBhe. 4. 1;
AparoAnu.	40	AparoAnu. 125; TejoBiU. 1. 38.	AparoAnu. 13.	AparoAnu. 111; CaitaCa. 56. 19 (3)
KaTa.	40	KaTa. i. 6174; {@1E@} a cart NānārthRaMā. 1163; Me	KaTa. 1. 4553; KalpaK. 337. 117; {@2@} might or po	KaTa. 1. 3436; KalpaK. 66. 415; 269. 191.
CaitaCan.	40	CaitaCan. 200. 6 (8)	CaitaCan. 62. 5 (3)	Ra. iv. 56. 6 (7. 207); SūktiRa. 102. 3; CaitaCan. 211. 16 (9);
SuvṛTi.	40	RāmC. 2. 20; SuvṛTi. 2. 8;	VakroJī. 176. 17; SuvṛTi. 3. 18 (2);	SuvṛTi. 3. 13; KathāSaSāg. x. 9. 176; TriṣaŚaPuC.
Dhūrtā.	39	Dhūrtā. 368;	Dhūrtā. 338; Prasā. i. 713. 8.	Dhūrtā. 403.
KāvyālaṅSāSaṃ.	39	KāvyālaṅSāSaṃ.	KāvyālaṅSāSaṃ. 2. 13. 13;	KāvyālaṅSāSaṃ. 1. 21*; PāraS. 7. 417;
NṛtyaK.	39	NṛtyaK. i.	NṛttaRa. 2. 333; Nṛtyā. 367; NṛtyaK. i. 1. 810;	iv. 183. 1 (7. 536); Nṛtyā. 597; NṛtyaK. i. 4. 30.
MahāVīSt.	39	MahāVīSt.(H.) 1. 4;	MahāVīSt.(H.) 2. 1.	MahāVīSt.(J.) 2; MāyāKha. 2A. 11;
NṛsiṃhoTāU.	38	NṛsiṃhoTāU.	NṛsiṃhoTāU. 9;	NṛsiṃhoTāU. 9;
SāṃkhyaTaPra.	38	SāṃkhyaTaPra. 169. 3; NyāyKu. 100. 16; NyāyPari. 383. 16;	SāṃkhyaTaPra. 174. 4;	NaiṣC. 17. 5; 16. 38; PṛthvīVi. 12. 14; SāṃkhyaTaPra.
KulaCūT.	38	KulaCūT. 1. 1; LalitāSa. 88;	KulaCūT. 2. 36.	KulaCūT. 7. 26.
LaṭaMe.	38	LaṭaMe. 1. 32;	RāmC. 12. 47; LaṭaMe. 1. 2;	LaṭaMe. 1. 6.
BṛSarvaAnu.	38	BṛSarvaAnu. 5. 5 (7. 37)	BṛSarvaAnu. 1. 6 (1. 9);	BṛSarvaAnu.
LaJāta.	37	Bṛhajjā. 26. 14; LaJāta. 14. 6;	LaJāta. x. 6. 3.	LaJāta. i. 0. 7;
DevīŚ.	37	DevīŚ. 39 (comm.	3. 89; KośaKaTa. i. 6901; {@6@} manifest DevīŚ.	DevīŚ. 91 (comm. )
Add.	37	, or with the suffix , Uṇā. 4. 66; MAYR. Add. i. p. 545/	Add. 8. 10; {@1H@} name of a Ṛṣi. VṛGauta-	JayāS. 1. 126 (Add. verses); {@Bvi@} to apply by transfer (i. e.
ParamāSā.	37	ParamāSā. 50; {@G@} not contracting (enmity)	ParamāSā. 78;	RāghPāṇ.(Dha.) 5. 58; ParamāSā. 98;
Laghīya.	37	VāsaDa. 276. 4; Laghīya. 1. 50;	able Laghīya. 1. 77;	Laghīya. 1. 25; TattvPradī.(Ci.) 169. 11;
SundaŚ.	37	SundaŚ. 8;	SundaŚ. 41.	SundaŚ. 58;
MādhavāĀ.	37	MādhavāĀ. 34;	MādhavāĀ. 25; RasGaṅ. 296. 5; ŚivLī. 19. 65;	293 = Subhāṣi. 253 = MādhavāĀ. 39.
VasiDS.	37	VasiDS. 1. 6 = VasiSm. 1. 5;	VasiDS. 8. 8;	ŚāṅkhāGS. ii. 12. 6; VasiDS. 2. 12;
BhāṣāPa.	37	BhāṣāPa. 94.	BhāṣāPa. 137;	ĪśvaSi.(U.) 2. 35; BhāṣāPa. 36.
ŚivāL.	37	ŚivāL. 55.	ŚivāL. 27.	ŚivāL. 70.
DhanvaNi.	37	etc.) Vaija. 57. 148; DhanvaNi. 155. 24; RājNi.	752; DhanvaNi. 8. 24; AbhidhāMañ. 103. 3.	DhanvaNi. 151. 3.
BhaṭṭaBhā.	37	(BhaṭṭaBhā. ); {@B@} the state of being proportionate	Sāy. , BhaṭṭaBhā.	TaiBr. I. ii. 1. 7 (BhaṭṭaBhā.
ĀpaManPāṭha.	36	VājaS. 34. 54; ĀpaManPāṭha.	4. 106; ĀpaManPāṭha. i. 12. 5;	ĀpaManPāṭha. ii. 5. 21.
BṛBrahmS.	36	BṛBrahmS. i. 12. 79; iv. 9. 70;	BrahmS. i. 1. 10; BṛBrahmS.	BṛBrahmS. iv. 6. 13;
NṛttaRa.	36	NṛttaRa. 6. 168.	NṛttaRa. 2. 333; Nṛtyā. 367; NṛtyaK. i. 1. 810;	Bhā. i. 137. 18 ( 4. 168); NṛttaRa. 2. 323.
BhVā.	36	BhVā. ii. 3. 184; TattvVai. 17. 25	BhVā. iv. 3. 1865; AnuVyā. 55A. 5	BhVā. iv. 3. 759; i. 2. 37; i. 2. 130;
ŚloSaṃ.	36	ŚloSaṃ. 20. 154.	ŚloSaṃ. 18. 235;	ŚloSaṃ. 1. 13; {@4@} unattainable, difficult to get
KaviKaṇṭhā.	36	HarVi. 14. 57; KaviKaṇṭhā. iv. 1. 13.	KaviKaṇṭhā. 5. 1 (34);	KaviKaṇṭhā. 1. 11.
AnekāNā.	36	ŚabdaRa.(Vā.) 4048; ŚabdaRaSaK. 261. 16; AnekāNā.(Dha.) 35; Viśva-	southern direction AnekāNā.(Dha.) 21.	2. 7; Vaija. 230. 4; AnekāNā.(Dha.) 22; DharK. 416; MediK. 31. 2;
Mugdhopa.	36	ŚāṃkhyaTaPra. 174. 1; Mugdhopa. 51;	Mugdhopa. 17;	Mugdhopa. 58.
C.	36	1 ¦ (akṣ-) I.P. [ DhātuPā. 1. 684; Sāy. C.	HariVaṃ. App. i. 29C. 177; {@C@} name of a disease	C. 8. 16.
GautPiMe.	36	GautPiMe. ii. 6. 13.	GautPiMe. ii. 4. 1; TaiUBh. 213. 2 ( 1. 10) TaiUBhāVā	GautPiMe. i.
PāṇiŚi.	36	PāṇiŚi. 27; LomŚi. 1. 8;	PāṇiŚi. 24 = LomŚi. 3. 7; ŚaiśiŚi. 49.	PāṇiŚi. 33; YājñaŚi. 199.
PraSaṃ.	36	PraSaṃ. 96. 6; {@7@} series of syllables	PraSaṃ. 101. 17; KathāK. 39. 14.	PraSaṃ. 198. 22; ŚivārkaMaDī. i. 279. 9 ( i. 1. 2
Ḍamaru.	36	Ḍamaru. 41.	Ḍamaru. 112(14)	brother Ḍamaru. 3.
Kṣudra.	36	14. 2; Kṣudra. 82. 85;	eight Vairūpa Kṣudra. 91.	PañcBr. ix. 3. 8 = Kṣudra. i. 7 (176. 20);
Hārāva.	35	Hārāva. 37 (L)	Vaija. 69. 52; Hārāva. 79.	dog Hārāva. 221; {@2@} a tree in general
Bhū.	35	Bhū. 47 (1); {@1D@} not doing (an act beneficial	Bhū. 86. 14 ( 22); {@2@} the possibility of not	Bhū. 88. 4 (22); PṛthvīVi. 5. 160;
SāṃkhyaKā.	35	non-doer SāṃkhyaKā. 19;	Yuktidīpikā 84. 2 ( SāṃkhyaKā.	cause, to become not productive SāṃkhyaKā. 67;
SaundL.	35	SaundL. I;	SaundL. 31;	SaundL. 58.
KaliViḍ.	35	KaliViḍ. 90; ŚabdaRa-	VedāntRaMañ. 3. 8 (102. 10); KaliViḍ. 9.	( i. 1. 2); KaliViḍ. 8;
DvirūK.	35	DvirūK.(Ha.) 85.	DvirūK.(Ha.) 85.	ParaNā. 332; ParyāMu. 11. 8; DvirūK.(Ha.) 6; RājNi. 369. 4; Abhidhā
PriyDa.	35	PriyDa. 4. 10; PāraS. 6. 10;	PriyDa. 3. 15;	PriyDa. 3. 5;
NāṭyaDa.	35	NāṭyaDa. 26. 2.	NāṭyaDa. 32. 27 (15); {@ii@} not dropping or falling	NāṭyaDa. 198. 18 (166);
NyāyBi.	35	NyāyBi. 3. 62;	NyāyBi. 3. 60; BṛKathāŚloSaṃ. 12. 73;	NyāyBi. 2. 23;
AOR.	35	eaning being ‘watery course’, cf. MEHENDALE, AOR., 1975, pp. 481-	Kā. i. 2. 9 (AOR.);	SaṅkarKā. ii. 3. 3 (AOR.); ii. 4. 15 (AOR.);
DigVi.	34	DigVi.(Mā.) 6. 41; Vādā. 150. 8;	DigVi.(Mā.) 2. 75;	DigVi.(Mā.) 10. 50.
AṣṭāNi.	34	ghŚe. 2160; RājNi. 38. 4; BhāvPraNi. 49. 31; AṣṭāNi. 3. 10;	AṣṭāNi. 10. 8.	SaduktiKa. 69. 19; AṣṭāNi. 21. 19;
NānārthaRaMā.	34	38; NānārthaRaMā. 52. cf. 10 {@ @}.	NānārthaMa. 72; NānārthaRaMā. 198.	NānārthaMa. 257; NānārthaRaMā. 232; ViśvaLoK. 47. 3; ParaNā. 2600;
KarṇaSu.	34	KarṇaSu. 4. 24.	KarṇaSu. 4. 9.	KarṇaSu. 3. 3;
Deśopa.	34	Deśopa. 3. 9.	Deśopa. 2. 2;	Deśopa. 8. 45; {@B@} destroying (the things
Sā.	34	Sā. 8. 5;	Sā.(K.) 48. 32.	Sā.(Rā.) 69. 7 ( i. 2. 13);
JayaChand.	34	JayaChand. 7. 19;	JayaChand. 8. 6;	1. 18; ChandasSū. 3. 44; JayaChand.
SvapnVā.	34	SvapnVā. 1. 12.	SvapnVā.	SvapnVā. 1. 16
YogŚiU.	34	old age and death YogŚiU. 1. 161.	YogŚiU. 5. 59; {@2@} doctrine or theory of non-duali	YogŚiU. 1. 79; BṛParā-
JaimiUpaSū.	33	equal to five Ghaṭikās (= 2 hours) JaimiUpaSū. iv.	JaimiUpaSū. i. 3. 27; {@B@} in part, partly, pertain-	JaimiUpaSū. iv. 3. 3; iv. 3. 40; {@2@} different part, d
ŚabdaKaDru.	33	sharer quoted in ŚabdaKaDru.	437. 16; 473. 113. MediK. 176. 2; Viśva (in ŚabdaKaDru.); AnekāTi. 2. 5;	DharK. 2579; ViśvaPra. 168. 12; Viśva in ŚabdaKaDru.; comm. by
RaK.	33	RaK. 34. 9; RājTa.(Ka.) 3. 522; 4. 577; SaduktiKa	RaK. 4. 27; SaduktiKa. 3. 34.	RaK. 21. 47.
DhātuVṛ.	33	¦ (aṃs-) X.P. [so found in DhātuPra. x. 359; DhātuVṛ. x. 363;	ii. 1. 157; KaviKaDru. 344; DhātuVṛ. records the forms ,	DhātuVṛ. x. 196.
MattaVi.	33	MattaVi. 6.	MattaVi. 16.	MattaVi. 6;
RukmiHa.	33	RukmiHa. 4. 18; {@B@} not having an agent	RukmiHa. 1. 17; {@2@} unhampered, expert	9. 221; RukmiHa. 1. 10; Yādavā. 4. 106;
ĀpaSm.	33	( i. 175); ĀpaSm.	ĀpaSm. 2. 13; {@C@} not softened, not sticky, not m	ManuSm. 4. 58; ĀpaSm. 9. 21; GobhiSm. 3. 146;
BhagAjju.	33	BhagAjju. 47. 1.	BhagAjju. 25. 5; RāghPāṇ.(Dha.) 15. 42;	UjjvaNīMa. 212. 6; BhagAjju.
LaŚātāSm.	33	BaudhDS. i. 5. 82 = ManuSm. 3. 63; LaŚātāSm.	ManuSm. 3. 235; VasiSm. 11. 32; LaŚātāSm. 107;	LaŚātāSm. 45;
NāmŚil.	33	Bhā. iii. 191. 14; {@2@} the sea, ocean NāmŚil. 1846;	12. 41; NāmŚil. 1822; ŚabdaRa.(Su.) 3. 304; KośaKaTa. 1. 554	{@2@} elder brother NāmŚil. 1794; {@3@} front portion
MuṇḍaUBh.	33	MuṇḍaUBh. 322. 10 ( i. 2. 12); PraśnaUBh. 244. 8 ( 1	MuṇḍaUBh. 323. 14 ( i. 2. 13);	MuṇḍaUBh. iii. 2. 7;
UpadeŚ.	33	UpadeŚ. 68.	UpadeŚ. 14; {@2@} an addicted gambler	ŚivaP. v. 39. 27 (452A. 8); UpadeŚ.
VarivaRaha.	33	PāraS. 23. 61; VarivaRaha. 118; BhāṭṭDī. i. 14. 13 ( i. 1. 7);	VarivaRaha. 10.	VarivaRaha. 152; {@i@} form or nature without limitati
BhāP.	33	BhāP. ix. 34. 29; PadmP. iv.	BhāP. xi. 4. 5.	BhāP. vii. 4. 49.
SvātmNi.	33	SvātmNi. 140; {@2@} not being approached, unapproa-	in general), not an object SvātmNi. 119;	ŚvetāUBh. 50. 2 ( 1. 0); 93. 19 ( 1. 7); SvātmNi.
Lakṣaṇā.	33	portion Lakṣaṇā. 12. 7.	LalitāTriBh. 322. 6 ( 40); Lakṣaṇā.	Lakṣaṇā. 3. 15.
ŚriKaC.	32	thāSaSāg. v. 3. 32; xii. 7. 319; xiv. 3. 43; ŚriKaC. 18. 50; {@D@} without	ŚriKaC. 16. 16. (comm. )	14. 8; DvyāśraKā. 20. 92; ŚriKaC. 3. 17;
BṛYamaSm.	32	1. 7; LaŚaṅkhaSm. 46; BṛYamaSm. 3. 65; BṛParāSm. 8. 172;	AṅgiSm. 153; BṛYamaSm. 3. 69;	AṅgiSm. 163; BṛYamaSm. 4. 17;
ŚaiśiŚi.	32	YājñaŚi. 209; ŚaiśiŚi. 47; ĀpiŚi. 3. 12;	{@B@} the vowel etc. ŚaiśiŚi. 18;	PāṇiŚi. 24 = LomŚi. 3. 7; ŚaiśiŚi. 49.
Vītarā.	32	TriṣaŚaPuC. iii. 1. 342; Vītarā. 13. 1;	Vītarā. 13. 7; TriṣaŚaPuC. iii. 1. 348.	Mugdhopa. 15; Vītarā. 15. 3;
ViṭVṛ.	32	ViṣṇuP. iii. 18. 10; MatsyaP. 108. 13; ViṭVṛ. 15;	1. 82; MudrāRā. 5. 5 (42); ViṭVṛ. 28;	ŚatTrayī. 457; ViṭVṛ. 25;
Gaṅ.	32	Gaṅ. 9. 1.	Gaṅ. 107. 5.	Gaṅ. 227. 7.
ĀraUBhVā.	32	ĀraUBhVā. (Sambandha.) 62;	ĀraUBhVā. i. 4. 1085.	ĀraUBhVā. ii. 3. 43; GoviBh. 132. 12
NānārthMa.	32	rK. 2444; ViśvaPra. 152. 41; MediK. 160. 41; NānārthMa. 1648; Viśva-	25. 14; MediK. 22. 3; NānārthMa. 272; NānārthaRaMā. 267; ViśvaLoK.	. 716; ViśvaPra. 169. 20; ViśvaLoK. 375. 29; NānārthMa. 1811;
PramāLa.	32	PramāLa. 3A. 8.	PramāLa. 2B. 8; ViṣṇuTaNi. 2B. 6;	and Indra PramāLa. 3A. 8.
Krī.	32	Krī. i. 272. 8 ( 2. 203)	Krī. i. 59. 14 ( 1. 50);	Krī. i. 94. 17 ( 1. 102)
JaimiŚS.	32	JaimiŚS. 25; {@1Avii@} name of a Ṛṣi.(SV.)	JaimiŚS. 4; PuṣpSū. ii.	JaimiŚS. 23.
SubāU.	32	BrahmViU. 86; EkāU. 2; SubāU. 3; (v. l.	SubāU. 5;	SubāU. 2; ManuSm. 11. 136;
Ind.	32	six, eight and seven syllables respectively, Ind. St. 8. 239;	Ind. Spr. 3503.	Ind. Spr. 2706.
Dat.	31	ul, to have reached the goal (with Inst. and Dat.)	used with (Acc.) and the person (Abl. or Dat.): (caus.)	¦ (atikram-e) (Dat.) [according to P. iii. 4. 14 pot. par.
ŚiPa.	31	ŚiPa. ii. 28. 83; TriṣaŚaPuC. ii. 3. 542;	ŚiPa. ii. 67. 14; ĪśānŚīPa. ii. 67. 31.	ŚiPa. i. 26. 118; i. 29. 84.
VṛttaRa.	31	(i. e. ) VṛttaRa. 2. 3; {@Ci@} (Music) a predominant	VṛttaRa. 3. 71.	VṛttaRa. 3. 91; Bhāsv. 1. 7; 2. 3; 3. 7; 3. 10; 4. 14
Ku.	31	Ku. 2. 7.	Ku. 2. 19 (13); 2. 16 (17);	Ku. 220. 8.
NītiMañ.	31	NītiMañ. 132; {@B@} a river identified with Yamunā (b	PurāPraSaṃ. 13. 19; PālaGoKa. 38; NītiMañ. 47; ManvaMu.	8. 160; 13. 625; NītiMañ. 24;
Nom.	31	(Nom.) and the person (Acc.) in negative ṚV. ii. 2	indication of the Nom. Case. TaiPrāti. 1. 23	¦ (a-jasādi) other than (Nom. pl. suffix) etc.
ŚivaKePāSt.	31	P.(Ra.) 110. 50; ŚivaKePāSt. 7. 17; RāmC. 21. 61; RāghPāṇ.(Dha.) 4. 11;	4. 7; ŚivaKePāSt. 3;	ŚivaKePāSt. 16;
SaṃhiUBr.	31	SaṃhiUBr. 3. 16;	SaṃhiUBr. 3. 7; SaṃhiUBr. 3. 8.	SaṃhiUBr. 3. 7; SaṃhiUBr. 3. 8.
SaṃviSi.	31	SaṃviSi.	SaṃviSi. 82. 18.	ŚloSaṃ. 11. 26; SaṃviSi. 82. 21;
SiddhāSāU.	31	SiddhāSāU. 387. 2 (5); 389. 12 (6)	373. 22 (7); SiddhāSāU. 386. 18 (5)	SiddhāSāU. 6. 5.
BhramDū.	31	0. 246; VidhiRa. 5 (31. 15); Rāṣṭrau. 9. 62; BhramDū. 46; RasGaṅ.	BhramDū. 46; {@ii@} fiery,	BhramDū. 16.
KauṣīBrU.	31	KauṣīBrU. 2. 10; ChāndoU.	śatru (cf. KauṣīBrU. 4. 1-18) BṛĀra-	; ŚatBr. XIV. vii. 1. 41; BṛĀraU. iv. 3. 36; KauṣīBrU. 4. 19;
DS.	30	DS. 18. 36; BhagGī. 15. 7;	DS. ii. 1. 7; ii. 3. 5; MahāBhā. v. 149. 20;	DS. ii. 8. 7;
TattvSaṃkhyā.	30	ii. 1. 20); TattvSaṃkhyā. 50. 2;	TattvSaṃkhyā. 19. 3;	TattvSaṃkhyā. 46. 5;
KāvyaPra.	30	KāvyaPra. 734. 5 = SaduktiKa. 54. 30; AlaṅkāSa. 89. 10	coitus KāvyaPra. 56. 4 =	KāvyaPra. 428. 1 = Kāvyānu.(He.)
ṚTPrāti.	30	ṚTPrāti. 118; Kātan i. 1. 16 (comm.	ṚTPrāti. 231. (comm.	ṚTPrāti. 40; JaineVyā. 5. 3 ( i. 1. 11)
DaivaVyā.	30	80; DaivaVyā. 41;	DhātuPra. 1. 1012 (74. 13); DaivaVyā. 13;	DaivaVyā. 13; {@4@} name of the son of Yakṣa
Prā.	30	(Prā.) 902.	(Prā.) 849; SāṃkhyaPraBh. 164. 9	Prā. 20. 21;
BhāvŚ.	30	BhāvŚ. 72; HarṣaC. 87. 7 = AlaṅkāSa.	BhāvŚ. 102.	BhāvŚ. 33; {@C@} state of being a base (before a su
BhārŚi.	30	AmoghŚi. 29; NāraŚi. ii. 1. 3; PārāŚi. 82; BhārŚi. 2; MāṇḍūŚi. 7. 3; Yājña	of a syllable BhārŚi. 25.	BhārŚi. 90.
Dū.	30	Dū.(Vā.) 11.	Dū. 160. 4; AdvaiSi. 511. 5.	Dū.(Rū.) 123; ŚivLī. 5. 18; Vidvanmo. 2. 23;
BījGa.	30	BījGa. 1. 13.	BījGa. 6. 78; SiddhāTaVi. 389. 13; {@4@} (L) = de	BījGa. 5. 68; GrahaGa. 20. 21 (3. 15); {@Fiv@} tip
YogVār.	30	YogVār. 1. 1;	YogVār. 1. 4.	YogVār. 1. 4.
Tattvodyo.	30	good) powers Tattvodyo. 1A. 1.	Tattvodyo. 2A. 9; 3A. 6;	Tattvodyo. 5B. 3.
ASS.	30	( ASS. Ed.)	( viii. 1. 26) cf. ASS. Ed. 1933; BālaKrī. i. 24. 14 ( 1. 7);	TaiĀ. vi. 6. 1 (ASS. Ed.);
SuKa.	30	SuKa. 95. 3; TrikāŚe. iii. 3. 86;	SuKa. 25. 19.	SuKa. 107. 10.
Śrāddha.	29	(Śrāddha.) 9. 9; NirṇaSi. 271. 5;	(Śrāddha.) 15. 19; BālamBha. i. 574. 30 ( 1. 250);	ManvaMu. 226. 16 ( 5. 159); VīraMi(Śrāddha.) 84. 20;
ViṣṇuPādāSt.	29	ViṣṇuPādāSt. 49;	13. 6 ( 8); ViṣṇuPādāSt.	ViṣṇuPādāSt. 32;
MahāVīC.	29	MahāVīC. 2. 30 = KāvyaPra.	374. 4; MahāVīC. 6. 12(9); BālaBhā.	MālaMā. 2. 194; MahāVīC. 6. 36;
HaṃsSaṃ.	29	HaṃsSaṃ. 102; {@4@} unchallenged, unrefuted, not disp	HaṃsSaṃ. 6;	HaṃsSaṃ. 23; 85;
TriBrU.	29	TriBrU. 99; AdhyāRā. i. 1. 33;	TriBrU. 40;	TriBrU. 58;
SabhāŚ.	29	RasGaṅ. 327. 6; SabhāŚ. 79;	Mā. 33; SabhāŚ. 12.	SabhāŚ. 98.
VīraMī.	29	( 7. 32); VīraMī. 365. 26 (	VīraMī. 497. 16 ( 2. 68)	VīraMī. 645. 7 (2. 116); ŚukrNī. 2. 105;
LalitāStaRa.	29	LalitāStaRa. 190.	LalitāStaRa. 190.	LalitāStaRa. 173; one of the thousand names of
ĀryaŚāS.	29	ĀryaŚāS. 3. 14; {@1Bii@} not made or manufactured	ĀryaŚāS. 18. 11.	ĀryaŚāS. 4. 11;
Pāṇ.	29	Pāṇ.(Dhā.) 10. 11; RugVi. 4. 16;	Pāṇ.(Dha.) 16. 48; SkandP. i(1).	Pāṇ.(Ka.) 1. 26.
Anekā.	29	180. 3; {@4@} sky, Anekā.(Pa.) 2594; AnekāTi. 2. 4; {@5@} DharK.	{@6@} medicine ( ) AnekāTi. 4. 8; Anekā.(Pa.) 2671.	(Vā.) 726; ParaNā. 546; Anekā.(Pa.) 2930; ViśvaLoK. 339. 58; Kośa-
SarvaAnu.	29	SarvaAnu. x. 34 (comm.	culture SarvaAnu. x. 34 (comm.	or syllables SarvaAnu. 3. 46;
Bhāṭṭi.	29	Bhāṭṭi. 14. 68.	Bhāṭṭi. 6. 15 (comm. );	finger Bhāṭṭi. 11. 41.
PaiṅgU.	29	immutable principle PaiṅgU. 4. 17.	NirvāU. 347. 12; PaiṅgU. 425. 14 (4. 11);	PaiṅgU. 425. 14 (4. 11)
Mus.	28	AgniP. 97. 34; {@B@} (in Mus.) definition	¦ (aṃśa-vikalpana) (in Mus.) variety of (key-	¦ (an-apavādin) (Mus.) non-dissonant, non-dis-
S.	28	S. iii. 9. 73; ŚrīBh.	S. iii. 6. 4; CaraS. iii. 8. 117 (1941 Ed.);	S. 48. 16; PañcBr. xxi. 8. 4;
ĀpaŚuS.	28	ĀpaŚuS. i. 1. 19;	ĀpaŚS. ii. 3. 2 = ĀpaŚuS. ii.	ĀpaŚuS. iii. 9. 9; HirŚS. i. 8. 2; vii. 4. 14; xi.
ŚabdeŚe.	28	ŚabdeŚe. i. 203. 4; {@1N@} not doing (a physical act)	ŚabdeŚe. i. 539. 27.	ŚabdeŚe. i. 377. 15.
DurghVṛ.	28	ŚrīBh. 43. 6 ( i. 1. 1); DurghVṛ. ii. 2. 14;	DurghVṛ. iv. 1. 51.	DurghVṛ. vii. 4. 13; PariVṛ.(Sī.) 2. 8; 2. 15.
RasiJī.	28	PadyaVe. 138 = RasiJī. 139.	Govindabhaṭṭa RasiJī. 139.	RasiJī. 1204;
AtriSm.	28	AtriSm. 7. 14;	AtriSm. 8. 4;	AtriSm. 8. 11; ManuBh. i. 470. 17
ŚātāSm.	28	ŚātāSm. 6. 22;	ŚātāSm. 1. 7.	ŚātāSm. 6
DeviBhāP.	28	v. 18. 30; x. 40. 18; DeviBhāP. viii. 10. 2; (tortoise) TrikāŚe. 3. 328; Nān	1. 145; DeviBhāP. vi. 30. 7; PāṇḍaC. 1. 251;	v. 26. 27; DeviBhāP. viii. 22. 50; JaimiUpaSū. i. 2. 26; BālamBha
ṢaḍrasaNi.	28	in unploughed land ṢaḍrasaNi. 8. 12.	ṢaḍrasaNi. 23. 17.	AbhidhāMañ. 87. 9; ṢaḍrasaNi. 34. 9; ApūNā. 15; {@2@} sulphate of copper
Bhāsv.	28	BrāhmSphuSi. 22. 6; Bhāsv. 5. 7;	Bhāsv. 5. 4.	VṛttaRa. 3. 91; Bhāsv. 1. 7; 2. 3; 3. 7; 3. 10; 4. 14;
Astron.	28	mild, not cruel {@B@} (Math. Astron.) calculable, correct {@4@} not barren,	¦ (akhila-khecara) {@A@} (Astron.) all the sky-roamers	¦ (agnigola-ka) (Astron.) sphere or zone of fire (as
Sneha.	27	Sneha. 158. 4 ( i. 1. 7);	Sneha. 9. 34 ( i. 1. 1); PūrvottaVā-	Sneha. 81. 38 ( i. 1. 5); MīmāKau. i.
KhaṇḍKhā.	27	LaBhāska. 7. 1; KhaṇḍKhā. 2. 16;	KhaṇḍKhā. 149. 9;	KhaṇḍKhā. 2. 17.
ŚārṅgaP.	27	MārkP. 43. 3 = ŚārṅgaP. 4568.	ŚārṅgaP. 703 = Subhāṣi 299; DaṇḍaVi. 39. 4;	ŚārṅgaP. 1932;
TripuVePāSt.	27	TripuVePāSt.	TripuVePāSt. 2.	TripuVePāSt. 52;
CaturSaṃ.	27	CaturSaṃ. 4. 1.	CaturSaṃ. 2. 6;	CaturSaṃ. 3. 7; ĪśānŚiPa. ii.
Raha.	27	Raha. 71.	Raha. 105; SetuBa. 231. 18; {@5@} low family	Raha. 3. 4; BhāṭṭDī. i. 184. 11 ( iii. 1. 3)
PrasaPa.	27	PrasaPa.(VAIDYA) 116. 12.	PrasaPa. 93. 1; 32. 7;	PrasaPa. 248. 11; {@B@} not modifiable (said of Īśvar
ŪruBha.	27	ŪruBha. 40.	ŪruBha. 1. 63;	ŪruBha. 1. 47;
ĪśvaŚ.	27	ĪśvaŚ. 70; {@C@} not of a good family	worldly fetters) ĪśvaŚ. 32; {@2@} giver of sense-	organ ĪśvaŚ. 77.
Āryabh.	27	Āryabh. 4. 26 (87);	Āryabh. 4. 9 (76); EI. xvii. 324. 65;	Āryabh. 1. 2 (6);
PraBh.	27	PraBh. 163. 18 ( 6. 68)	PraBh. 154. 24 ( 6. 35)	PraBh. 128. 36 ( 5. 56); GuruCandr. ii. 156. 13.
DaivaVa.	27	DaivaVa. 2. 9; SamarāSaṃ. 2. 12.	DaivaVa. 4. 5; {@2Eii@} first year of the	RājTa.(Ka.) 8. 3208; DaivaVa. 10. 8; TriṣaŚaPuC.
BṛDeśī.	26	BṛDeśi. 57. 12; BṛDeśī.	57. 13; BṛDeśī. 57. 15;	BṛDeśī. 142. 17.
Nāṭa.	26	Nāṭa. 9. 6.	MahNirVāT. 7. 94; Nāṭa. 17. 4;	. 2343; TantrSā.(K.) 46. 4; Acyutarā. 8. 37; Nāṭa. 21. 14;
ĀrṣeU.	26	occasion, at an improper time ĀrṣeU. 8. 2;	BāṣkaU. 24; ĀrṣeU. 9. 3; MahāBhā. i. 84. 15;	ĀrṣeU. 6. 5;
PrātiSū.	26	PrātiSū. 13. 18;	PrātiSū. 17. 27.	PrātiSū. 23. 1.
Mahimna.	26	Mahimna. 27;	Mahimna. 18 = YaśasCam. ii. 255. 15; {@iii@} Himālaya	PramāVāSvopVṛ. 76. 17; Mahimna. 6;
ĀryāŚ.	26	ĀryāŚ. 17;	ĀryāŚ. 36.	Kuval. 56 (26); ĀryāŚ. 7;
BhaktiRa.	26	BhāvPra.(Śā.). 173. 10 (6); BhaktiRa. 3. 17;	BhaktiRa. 1. 1.	BhaktiRa. 3. 28;
ŚeṣaNā.	26	BhāgP. iii. 19. 2; ŚeṣaNā.	is unbroken) ŚeṣaNā. 1586.	ŚeṣaNā. 1649 = AbhidhāCin. App. 106 (p. 432);
AdhyāU.	26	AdhyāU. 7 = ViveCū. 290;	AdhyāU. 66;	AdhyāU. 58; NyāyVār. 342. 9 ( iii. 1. 1);
KirātāVyā.	26	PāṇḍaC. 11. 98; 5. 141; KarpūC. 7; KirātāVyā. 33 (5); Moha-	KirātāVyā. 1.	2. 46; KirātāVyā. 2;
KuC.	26	KuC. 357; CaitaCa. 217. 1;	KuC. 106. 14.	KuC. 102. 3; ViṣṇuDhaP. ii. 37. 6;
Cārud.	26	Cārud. 1. 25 (9); ŚatTrayī. 150;	Cārud. 3. 7; DaśKuC. 135. 23;	Cārud. 1. 22 (15); DūtVā. 4 (23); PañcRā. 1. 17 (4)
NSP.	26	wonder (v. l. NSP. Ed.) UttaRāC.	(NSP. 1949)	PraboCan. 5. 16 (185. 4) (NSP. Ed. 1935)
NātyaŚā.	25	40. 25; NātyaŚā. 1. 83;	ted: NātyaŚā. 28. 22;	thing ( ) NātyaŚā.
BodhiCaPañ.	25	6. 40); BodhiCaPañ. 24. 26;	125. 8; BodhiCaPañ. 261. 1;	the pupil of the eye BodhiCaPañ. 197. 31;
Arch.	25	array NītiPra. 6. 5; {@5@} (in Arch.) ear-shaped	1872; (in Arch.) ear-shaped moulding	18. 69; (Arch.) the front tooth (of a joint)
PālaGoKa.	25	PālaGoKa. 223.	PurāPraSaṃ. 13. 19; PālaGoKa. 38; NītiMañ. 47; ManvaMu.	PālaGoKa. 26.
HevajraT.	25	HevajraT.	with (viz. HevajraT. i. 2. 1)	HevajraT. i. 10. 26.
ŚivPāKeSt.	25	ŚivPāKeSt. 6; TilaMañ.	ŚivPāKeSt. 18.	ŚivPāKeSt. 5; HarVi. 2. 14; {@2@} dependent
LomŚi.	25	PāṇiŚi. 27; LomŚi. 1. 8;	14. 1; 14. 6; 15. 1; LomŚi.	PāṇiŚi. 24 = LomŚi. 3. 7; ŚaiśiŚi. 49.
VaDuU.	25	VaDuU. 434. 3;	VaDuU. ii. 437. 1;	(678. 3) = VaDuU. ii. 440. 2 = ii. 445. 7 = ii. 450. 10 = ii.
KāBh.	25	KāBh. 93. 12 ( ii. 3. 13); 107. 21 ( ii. 4. 23);	KāBh. 103. 24 ( ii. 4. 4)	KāBh. 127. 3 ( iii. 1. 26)
SaṃnyāU.	25	SaṃnyāU. 2. 23.	SaṃnyāU. 2. 24 = YogVā. v. 34. 68.	SaṃnyāU. 2(92); BaudhŚS. iii.
KauhaŚi.	25	KauhaŚi. 3; MāṇḍūŚi. 2. 12;	KauhaŚi.	KauhaŚi. 9; {@ii@} of the size of an atom,
ChandoMañ.	25	ŚārṅgaPa. 2065; ChandoMañ. 2. 40;	ChandoMañ. 2. 121.	ured garment ChandoMañ.
EkārthaNā.	24	ViśvaLok. 407. 9; NānārthāSaṃ. i. 6. 1; EkārthaNā. 1. 2; NānārthaMa. 11; 12;	19; EkārthaNā. 1. 16;	has been mentioned as a synonym of {@ @} (EkārthaNā. 1. 14) and of
NāmaMā.	24	. 58; ParyāŚaRa. 1. 84; AnekāTi. 1. 8; 1. 5; NāmaMā. 7; Tantrābhi.	brother, NāmaMā.(Dha.) 43; ŚabdaRa.(Su.) 3. 144.	21. 9; ŚabdaRa.(Su.) 3. 186; NāmaMā. 103; = AnekāSa. 325];
AnekāNi.	24	dhāRaMā. 1. 35; AnekāNi. 148; etc. {@2@} name of a guardian deity at	SthānṬ. 49B. 14; AnekāNi. 76; AnekāTi.	AnekāNi. 105;
Sī.	24	PariVṛ(Sī.) 37. 14;	(Sī.) 16. 18; Prasā. i. 142. 18; PāṇiTaVāNaMā. 14	(Sī.) 158. 11;
Malli.	24	KumāSam. 8. 80 reads (Malli.	ŚiśuVa. 19. 113 (Malli. );	Kirātā. 15. 45 (Malli.
SvopVṛ.	24	SvopVṛ. 92. 7.	PramāVār. (SvopVṛ. Ed.) 1. 78; 1. 85.	SvopVṛ. 26. 2.
PraśnoRaMāli.	24	KuṭṭaMa. 380; PraśnoRaMāli. 2;	PraśnoRaMā. 16 = PraśnoRaMāli. 21.	1. 240); PraśnoRaMāli. 57;
Mī.	24	Mī. 2. 3 ( i. 1. 1); KumāDeCa.(So.)	Mī. 83. 9.	Mī. 31. 11; Kāvyānu.(He.) 170. 1;
DaKau.	24	DaKau. 33. 23; 34. 13; BhāṭṭCin. i. 21. 2 ( i.	DaKau. 5. 10; {@3C@} without any attribute MahāBh	DaKau. 55. 26.
BhaktiSū.	24	BhavāBhu. 13; BhaktiSū.(Nā.) 3. 39;	comm. ĀpaŚS. ix. 3. 3; BhaktiSū.(Śā.) ii. 1. 21; {@i@}	BhaktiSū.(Nā.) 1. 10; 1. 9; {@i@} because of being the sa
GaṅgāL.	23	Va. 3. 4; GaṅgāL. 34; two negatives made of are	GaṅgāL. 5; 45; Mukundā. 22 (7)	GaṅgāL. 11.
BrahmaSūBh.	23	NītiMā. 36. 2; BrahmaSūBh.	BrahmaSūBh.(Śaṅ.) 339. 13 ( ii. 1. 31); AitUBh.(Śaṅ.) 271. 14	7. 16); BrahmaSūBh.(Śrī.) ii. 360. 1 ( iii.
TārāŚa.	23	TārāŚa. 54.	TārāŚa. 185.	TārāŚa. 29.
KalyāMaSt.	23	seed KalyāMaSt. 14; BhāvPra-	KalyāMaSt. 30;	{@ii@} of imperishable nature, KalyāMaSt. 30.
SvātmPra.	23	pure) consciousness SvātmPra.	ciousness SvātmPra. 29;	SvātmPra. 32;
MaitreU.	23	MaitreU. 3 (20);	MaitreU. 3 (20)	sists of unlimited bliss MaitreU. 3. 8.
Jo.	23	(Jo.) 728; 821.	(Jo.) 1126;	RājTa. (Jo.) 868.
BhasmJāU.	23	MahāBhā. iii. 165. 13; BhasmJāU. 566. 5;	BhasmJāU. 564. 12; JānaHa.	BhasmJāU. 562. 23;
SāSaṃ.	22	SāSaṃ. 0. 42. {@7A@} name of a king (v. l. )	SāSaṃ. 3. 19.	SāSaṃ. 798; LalitāTriBh. 266. 10
Math.	22	? ); {@Ei@} (Math.) numerator	mild, not cruel {@B@} (Math. Astron.) calculable, correct {@4@} not barre	¦ (ajñātakṣaya-ka) (Math.) that (proportion of a
ĀtmaBo.	22	SūryŚ. 90; ĀtmaBo. 7. 43; MahāP. 27. 89;	ĀtmaBo. 36;	ĀtmaBo. 8; SarvaVeSāSaṃ. 2 =
Nīla.	22	(Nīla. MahāBhā. xii. 122. 32;	MahāBhā. xii. 71. 3 (Nīla. )	MahāBhā. v. 157. 10 (Nīla. ); {@Aiv@} free
DarpaDa.	22	DarpaDa. 3. 1;	faultless DarpaDa. 1. 30.	DarpaDa. 5. 41; KathāSa-
Pā.	22	Pā. 54. 22 ( i. 1. 1); 57. 19 ( i. 1. 1); BṛĀr	Pā. 40. 6 ( i. 1. 0)	(Pā.) 7. 2; GaṇRa. 7. 390] {@1Ai@} sprout, shoot,
PrajāSm.	22	NāṭyaŚā. 23. 62; PrajāSm. 39;	PrajāSm. 1. 63;	PrajāSm. 1. 30.
TattvāRāVār.	22	TattvāRāVār. viii. 9. 3.	TattvāRāVār. viii. 9. 4.	TattvāRāVār. iii. 36. 3
LoK.	22	LoK. 291. 91.	LoK. 336. 43; ŚabdaRaSaK. 300. 8.	LoK. 289. 74.
MadhyaVyā.	22	1. 13; MadhyaVyā. 1. 9; BālC. 1. 28; [v. l. for	MadhyaVyā. 1. 2 (4);	MadhyaVyā. 1. 21;
BodhiCa.	22	BodhiCa. 2. 5;	21. 5; BodhiCa. 9. 47;	BodhiCa. 2. 8; an-
SaBh.	22	SaBh. 117. 29 ( 151)	SaBh. 25. 22.	SaBh. 97. 20 ( 130); AlaṅkāMañ.
Cū.	22	Cū. 489; BṛĀraUBhVā.(Sambandha.)	Cū. 2. 2; (the sage Sanatkumāra)	Cū. 3. 31 (3);
RaSaK.	22	RaSaK. 32. 19 (emended to )	RaSaK. 263. 5.	RaSaK. 158. 7; ParyāŚaRa. 2. 664; {@C@} pertaining
HariStu.	22	(Nā.) iv. 3. 26; HariStu. 39;	HariStu. 26; {@2@} the elements (like earth, water,	HariStu. 39.
Spr.	22	Ind. Spr. 3503.	Ind. Spr. 2706.	Spr. 156 ; {@C@} performance of works not sancti
Ha.	21	119. 6; (Ha.) 48. 10; (He.) 136. 13 and Kośas: AmaK. 1230	ParaNā. 795; DvirūK (Ha.) 136; NāmMā. 25.	19. 56; PāñcaRā(Ha.) i. 12. 8; PāñcaRā.(Nā.) iii. 14. 69;
ChāndoUBr.	21	= VājaS 20. 14 = ChāndoUBr. ii. 2. 8; MānŚS. 53. 21;	ChāndoUBr. ii. 4. 2;	ŚatBr. I. i. 1. 3; ChāndoUBr. i. 6. 9; ĀśvaŚS. I. iii. 12. 13;
Yogācā.	21	Yogācā. 42. 4;	Yogācā. 76. 4;	Yogācā. 79. 4.
VāsuVi.	21	VāsuVi. 2. 8 (comm.	VāsuVi. 3. 16.	VāsuVi. 1. 47; {@Cii@}
Tīrtha.	21	VīraMi. (Tīrtha.) 15. 23; {@C@} caused or brought about	(Tīrtha.) 590. 4.	VīraMi. (Tīrtha.) 391. 7; LalitāSaBh.
VārPari.	21	VārPari. 52. 4.	VārPari. 447. 14; Rāvaṇā. 23. 13;	VārPari. 643. 8; PratyabhiVi. ii. 61. 9
Viṣāpahā.	21	Viṣāpahā. 19; NaiṣC.	Viṣāpahā. 22; AnuVyā. 31A. 7	21. 83; BrahmP. 244. 22; 244. 39; Viṣāpahā. 35; PāṇḍaC. 6. 264; (abstract
Dūtāṅg.	21	Dūtāṅg. 32;	Dūtāṅg. 10; CaturCin. ii(1). 466. 8;	sence (of) Dūtāṅg. 36 (1); {@5@} next, later, in
SūryaSi.	21	SūryaSi. 3. 14;	SūryaSi. 12. 42;	MāṭhVṛ. 8. 25 ( 2); SūryaSi.
AnekāMañ.	21	AbhidhāRaMā. 274; {@13@} AnekāMañ. 81; {@14@}	AnekāMañ. 81; {@15@} NānārthāSaṃ. 1. 44; NānārthSaṃ.	AnekāMañ. 191; Vaija. 224. 2; 97. 168;
DevaBr.	21	to the Sāman-chant DevaBr. 1. 10.	DevaBr. 3. 23; {@ii@} devoid of songs, without songs	ṢaḍviBr. i. 1. 4; DevaBr. 2. 7;
DvyakṣaNā.	21	DvyakṣaNā. 2. 104;	DvyakṣaNā. 2. 110.	NānārthāSaṃ. i. 56. 160; Vaija. 240. 19; DvyakṣaNā. 1. 17;
DṛṣṭāKaŚ.	21	DṛṣṭāKaŚ. 8.	MalliC. 1. 359; DṛṣṭāKaŚ. 66;	DṛṣṭāKaŚ. 53; YātrāPra. 2. 26 (1); GopāKeCan. 48. 6;
KumāDePra.	21	0. 29; v. 81. 48; vii. 882*(1); xviii. 5. 8; KumāDePra. 56. 1; Rāgh. 2. 51.	KumāDePra. 112 + 5. 19; KaṃVa.	KumāDePra. 112 (22). 2;
KathāŚloSaṃ.	21	KathāŚloSaṃ. 4. 92; {@3@} son	KathāŚloSaṃ. 22. 112; ParaS. 19. 65;	KathāŚloSaṃ. 14. 58;
CaurPañ.	21	CaurPañ.(Pariśiṣṭa 1) 31 =	CaurPañ. 110	CaurPañ. 119(KM. part 13);
ArthaŚā.	20	ArthaŚā. ii. 31. 5 (3. 5); {@C@} sprung	ArthaŚā. ii. 154. 4 (4. 8);	ArthaŚā. i. 45. 5 (1. 9);
BrahmViU.	20	BrahmViU. 83;	6; BrahmViU. 81; 83; MahāBhā. i.	DhyānBiU. 63; BrahmViU. 78;
Vaṃ.	20	Vaṃ. 7. 20 = BrahmP. 5. 23; ŚivaP. v. 34. 26 (445	Vaṃ. 109. 50; BrahmāṇḍP. ii. 7. 201; YājñaSm.	Vaṃ. 98. 16; HariVaṃ. 25. 7 = BrahmP.
SaK.	20	SaK. 345. 8.	SaK. 122. 8; ParyāŚaRa. 2. 263; PañcTaPra. 2. 27.	SaK. 332. 13.
ĀpiŚi.	20	YājñaŚi. 209; ŚaiśiŚi. 47; ĀpiŚi. 3. 12;	ĀpiŚi. 4. 2;	ĀpiŚi. 8. 14; PāṇiŚi. 20;
KuA.	20	KuA. i. 111. 2; YogVā. ii. 19. 33;	KuA. i. 90. 2; ŚatDū.	KuA. ii(1). 236. 5; NyāyVārPari. 180. 7;
MimāKau.	20	MimāKau. ii. 88. 15 ( ii. 3. 24); iii(1).	MimāKau. iii(2). 220. 8 ( ii. 2. 18); BhāṭṭCin.	BrahmP. 116. 12; VidhiRa. 2 (10. 12); MimāKau. ii. 197. 2 ( iii. 1. 20)
LaViṣṇuSm.	20	LaViṣṇuSm. 3. 1.	GautDS. i. 3. 7; LaViṣṇuSm. 2. 4;	LaViṣṇuSm. 2. 9.
Ni.	20	Ni. 202. 1; AbhidhāMañ. 272. 3; AnekāSaṃ. 2. 543	Ni. 77. 4; RājNi. 77. 11; ŚesaNā. 1646; SaḍrasaN	Ni. 92; ParyāŚaRa. 2. 292; ŚabdaRa.(Vā.) 1422; P
Ke.	20	(Ke.) 36. 3; NyāySu.(Ja.)	(Ke.) 39. 2.	(Ke.) 59. 13;
CaturDī.	20	piece (in chess) is not hurt) CaturDī.	CaturDī. 15. 19.	CaturDī. 3. 9; ŚivS.
KarṇaBhā.	20	KarṇaBhā. 13 (1); AhirbuS. 2. 32;	KarṇaBhā. 9 (5);	KarṇaBhā. 20(9); LaŚātāSm 172; MatsyaP.
DharmaP.	20	DharmaP. i. 16. 14; BhaviP. 362A. 3 (ii(2). 8. 124)	DharmaP. i. 35. 32; JānaPa. 5. 11;	DharmaP. ii. 5. 11;
UpādhiKha.	20	UpādhiKha. 1B. 2.	butes UpādhiKha. 1B. 1;	UpādhiKha. 1B. 2 (238B. 2); PratāYaBhū. 441. 3;
YogKuU.	20	MuktiU. 2. 72; YogKuU. 3. 35;	heated crucible YogKuU. 1. 76.	ParāTri.(comm.) 206. 3; YogKuU. 3. 18.
BhārPiMe.	20	BhārPiMe. i. 1. 11-13 = HirPiMe. xxviii. 1. 1; BhārPiM	ārPiMe. i. 1. 11-13 = HirPiMe. xxviii. 1. 1; BhārPiMe. i. 3. 13 =	GS. iii. 7. 4 (158. 20); BhārPiMe.
PāramāU.	20	PāramāU. 9. 5 (comm.	PāramāU. 10. 7; {@2@} not pierced, not wounded	PāramāU. 6. 4; 8. 8; 10. 3;
PramāVā.	19	PramāVā. 2. 37;	PramāVā. 1. 153;	PramāVā. 1. 59.
GaṇiNā.	19	GaṇiNā. 99;	GaṇiNā. 56.	GaṇiNā. 20;
LaBhāska.	19	LaBhāska. 7. 1; KhaṇḍKhā. 2. 16;	latitude LaBhāska. 3. 3;	LaBhāska. 3. 16.
KarpūC.	19	KarpūC. 12.	KarpūC. 7.	PāṇḍaC. 11. 98; 5. 141; KarpūC. 7; KirātāVyā. 33 (5); Moha-
KhaḍgaŚ.	19	KhaḍgaŚ. 28.	KhaḍgaŚ. 38 (comm. )	KhaḍgaŚ. 90; {@D@} pro-
VedaVyāSm.	19	VedaVyāSm. 4. 50; {@B@} free from rivals or enemies	VedaVyāSm. 3. 53;	VedaVyāSm. 3. 56.
TripuTāU.	19	TripuTāU. 535. 4.	SūryU. 510. 10; TripuTāU. 539. 11;	TripuTāU. 536. 9; name of an attendant of Śiva
SevyaSev.	19	SevyaSev. 44;	SevyaSev. 13.	( i. 1. 5); SevyaSev. 57;
ŚivārkaMaDi.	19	ŚivārkaMaDi. i. 85. 26 ( i. 1. 1);	ŚivārkaMaDi. i. 483. 6 ( i. 3. 36);	ŚivārkaMaDi. i. 52. 23 ( i. 1. 1);
CāndrVyā.	19	tolerance CāndrVyā. vi. 2. 17 (comm.	CāndrVyā. v. 2. 81; ŚākaṭāVyā. ii. 2. 77; Kātan.	ĀśvaŚS. I. ii. 9. 13; MānŚS. ii. 10. 3; CāndrVyā. ii.
ŚukSa.	19	ŚukSa.	TārāŚa. 186; ŚukSa. 32. 32;	ŚukSa. 25. 24.
BṛJābāU.	19	hotra BṛJābāU. 5. 3;	BṛJābāU. 3. 34.	BṛJābāU. 2 (15)
DhūrtaSa.	19	DhūrtaSa. 83. 4;	DhūrtaSa. 87. 16; SārṅgaPa. 3478; UjjvaNīMa.	of Acyuta DhūrtaSa. 76. 5.
Bharatakośa.	19	Bharatakośa.	[Bharatakośa. 5;	Bharatakośa.
JābālaDaU.	19	JābālaDaU. 3. 4.	JābālaDaU. 5. 14.	4. 16; JābālaDaU. 6. 36; BilvU. 305. 6;
MaitrīU.	19	iii. 14. 3; MaitrīU. 463. 4 (7); KaivaU. 1. 20;	darkness (i. e. nescience) MaitrīU. 428. 8 (6) (comm.	MaitrīU. 419. 24 (6);
SūryŚ.	18	CaṇḍīŚ. 13; SūryŚ. 26;	SūryŚ. 7;	SūryŚ. 45; {@2@} falling in of a minute part
MukuMā.	18	MukuMā. 9.	MukuMā. 33;	MukuMā. 9 (3); Kāvyālaṅ.(Ru.) 2. 28;
SāC.	18	SāC. 7. 12.	SāC. 1. 35.	SāC. 16. 67; PadmP. iv. 36. 46; iv. 11. 16;
Trayī.	18	Trayī. 181; {@D@} devoid of organs	Trayī. 227 = SaduktiKa. 317. 13 = Ekāva. 3. 1 (102.	Trayī. 515.
NaMā.	18	NaMā. 291. 15; ŚivārkaMaDī. i. 25. 10 ( i. 1. 1);	NaMā. 12. 11; LaŚabdeŚe. i. 185. 17;	NaMā. 277. 6;
GitāBh.	18	action GitāBh.	GitāBh.	GitāBh.(Śaṅ.) 23. 17 ( 2. 11)
AmoghŚi.	18	AmoghŚi. 29; NāraŚi. ii. 1. 3; PārāŚi. 82; BhārŚi. 2;	PārāŚi. 3; AmoghŚi. 79.	PārāŚi. 55; 53; 57; AmoghŚi. 36;
LikhiSm.	18	LikhiSm. 20; {@1Avii@} not properly done	LikhiSm. 51;	LikhiSm. 68; {@2@} cremator BrahmVaiP.
NyāPra.	18	NyāPra. 219. 5.	NyāPra. 252. 20; {@ii@} the state of excluding or se	NyāPra. 250. 33; BhāṭṭCin. ii. 53. 17 ( i.
LaHārīSm.	18	LaHārīSm. 103;	LaHārīSm. 24.	(v. l. ) LaHārīSm. 59;
AkṣU.	18	CākṣU. ii. 22. 9; AkṣU. 1.	( 2. 38); AkṣU. 42; SāmaraU. 235. 16;	AkṣU. 14.
St.	18	St. 2.	St. 24.	eight and seven syllables respectively, Ind. St. 8. 239;
TattvārthāSū.	18	of Bhavanavāsin gods called Agnikumāras (cf. TattvārthāSū.	TattvārthāSū. 5. 1;	TattvārthāSū. 7. 16;
AnarghRā.	18	ŚiśuVa. 9. 80; AnarghRā. 7. 82 (5);	AnarghRā. 1. 28;	PañcT. 2. 53 (241. 1); AnarghRā.
GiMS.	18	GiMS. iii(2). 25. 7;	GiMS. iii(1). 36. 16; KāśyaS.	greatly frightening GiMS. iii(1).
KSS.	18	Kād. 222. 16; ( KSS. 29, 1929)	KSS. 29. 1929)	319. 1 ( 3. 6); Loc. (KSS. Ed.) 321. 11 (
KāśiVr.	17	PadaMañ. KāśiVr. P. i. 4. 90;	iv. 4. 16; KāśiVr. iv. 4. 16; GaṇRa. 6. 379 (406); GaṇPā. 169	( ii. 1. 3); PadMañ. KāśiVr. P. iii. 3. 72;
DeC.	17	DeC. 14. 28; ĪśānŚiPa. i. 7. 35; ii.	DeC. 13. 61; {@12@} undisturbed	DeC. 18. 108; SubhāRaK. 4. 33;
NānārthaSaṃ.	17	viii) AnekāSaṃ. 1. 9. ix) NānārthaSaṃ. 83. 56.	NānārthaSaṃ. 33. 24 (?)	Vaija. 270. 58; NānārthaSaṃ. ii. 56. 112.
KātyāŚS.	17	KātyāŚS. vii. 2. 25.	KātyāŚS. xxv. 1. 2 (comm.	KātyāŚS. xvi. 1. 1;
ŚivBhuSt.	17	ŚivBhuSt. 23. 35.	ŚivBhuSt. 18.	275. 12 (10); ŚivBhuSt. 1. 4;
TantraVā.	17	12. (8); TantraVā. 160. 7 ( i. 3. 9);	TantraVā. 495. 10 ( ii. 2. 16); ŚāstrDī. 65. 10 ( i.	TantraVā. 349. 6 ( ii. 1. 1);
BṛDharmP.	17	BṛDharmP. ii. 6. 88.	BṛDharmP. i. 1. 39;	BṛDharmP. i. 53. 6; {@6@} name of a woman created by
ManoDū.	17	ManoDū. 38.	ManvaMu. 71. 6 ( 2. 179); ManoDū. 109; ŚabdaRaSaK. 194. 17; Śṛṅgā-	ManoDū. 77.
MaKā.	17	MaKā. 1. 43.	MaKā. 6. 62.	MaKā. 12. 52.
DevīCatuSt.	17	DevīCatuSt. 8;	DevīCatuSt. 68;	māṇḍP. ii. 50. 27; DevīCatuSt.
PadārthaTaNi.	17	PadārthaTaNi. 49. 2-4; PadārthaTaNi.	PadārthaTaNi. 49. 2-4; PadārthaTaNi.	PadārthaTaNi. 15. 1-3 (LI)
HāsyCū.	17	RāghPāṇ.(Ka.) 13. 21; HāsyCū. 125. 14;	HāsyCū. 129. 17.	JñātāDhaṬ. 23A. 3; HāsyCū.
YogSūVṛ.	17	YogSūVṛ. 1. 51;	Ka. 334. 19 ( ii. 4. 12); YogSūVṛ.	YogSūVṛ. 1. 29;
Philo.	17	¦ (akhyāti-pakṣa) (Philo.) the theory of Akhyāti(as	¦ (akhyāti-mata) (Philo.) the theory of Akhyāti	¦ (akhyāti-vāda) (Philo.) the theory of Akhyāti(as
MuktiU.	17	MuktiU. 2. 72; YogKuU. 3. 35;	MuktiU.	MuktiU. 2. 30.
YamaSm.	17	53. 1; DakṣaSm. 3. 11; YamaSm.	YamaSm. 1;	YamaSm. 1. 32;
MāhāBhā.	17	blindness) MāhāBhā. i. 129. 14.	MāhāBhā. xv. 45. 38;	MāhāBhā. viii. 68. 62;
Nī.	17	Nī. (4)7. 209.	Nī. 4 (7). 210; {@2@} offering gold	Nī. 4 (4). 58; AnekāSaṃ. 3. 18; [the prayer used
KaṭhRuU.	17	KaṭhRuU. 1=KaṭhŚrU. 2 (3);	KaṭhRuU. 27.	KaṭhRuU. 26.
KaS.	17	KaS. 41. 3; ŚatBr. III. vii. 1. 13 (Sāy. );	KaS. 4. 5; MaiS. i. 5. 12; ĀpaŚS. vi.	KaS. 31. 18; MaiU. 6. 5;
Bo.	17	Bo. 8. 33 (83. 10); 18. 2 (123. 8)	Bo. 4. 21 (43. 17) (comm.	Bo. 6. 61 (61. 19)
BālamBhā.	17	BālamBhā. i. 11. 18 ( 1. 6)	254. 23; BālamBhā. i. 94. 16 ( 1. 24)	NirṇaSi. 196. 22 = BālamBhā. i. 14. 30 ( 1. 11);
TattvāBh.	17	TattvāBh.	Siddhasena TattvāBh. 6. 7.	TattvāBh. 242. 17 ( 3. 4); KumāSaṃ.
ChāgU.	17	ChāgU. 2. 1; 2. 3.	ChāgU. 6. 9; Śāṅkhā-	ChāgU. 1. 3;
GORR.	17	Rāmā. iv. 20. 10 (GORR.)	(GORR.) (cf. (v. l. for ii. 62. 13)	Rāmā. iv. 44. 64. (GORR.)
TaKau.	17	TaKau. 213. 6 ( 7); BhaviP. 73B. 14	TaKau. 344. 2 ( 23);	TaKau. 215. 4 ( 7);
UddhāK.	16	UddhāK. 5. 5.	UddhāK. 1. 16; 2. 3; {@1@} name of a city	UddhāK. 3. 2.
L.	16	as a meaning found in L. {@9@} ( ) in part, partly,	Mānaso. ii. 3. 221. {@5@} a day (L.)	AśvaVai. 32. 26; {@ii@} the hump of a bull (L.)
KumāSam.	16	garment KumāSam. 1. 14;	KumāSam. 15. 30;	KumāSam. 9. 19;
Hṛ.	16	Hṛ. vi. 27. 40; SiddhaYo. 22. 104; BhāvPra.(Bhā.	Hṛ. 37. 7 (16); KathāSaSāg. ii. 6. 57; MālinīT.	Hṛ. i. 7. 25; AvantiSuKa. 65. 6; VāsaDa. 191. 2;
KāvyaKaVṛ.	16	KāvyaKaVṛ. 32. 17 (2. 1); {@B@} (of	TriṣaŚaPuC. i. 1. 310; KāvyaKaVṛ. 87. 1	KāvyaKaVṛ. 118. 29 (4. 2);
ĀnandaRa.	16	LakṣmīT. 42. 14; LakṣmīT. 50. 160; ĀnandaRa.	ĀnandaRa. 3. 19.	ĀnandaRa. 8. 0 (2)
BhārArthaPra.	16	BhārArthaPra. v. 42. 20; Lakṣābha. v. 42. 20.	33. 30; MahāBhā. v. 157. 10; BhārArthaPra. v. 33. 30; {@D@} sinful or evil	BhārArthaPra. MahāBhā. v. 75. 14.
ĀraUBh.	16	ĀraUBh. 163. 6 ( i. 4. 17); BṛĀraUBh.	ĀraUBh. 290. 13 ( ii. 3. 6)	ĀraUBh. 388. 8 ( iii. 3. 1);
Ṭ.	16	Ṭ.(Vā.) 156. 14 ( i. 1. 5); SāṃkhyaTaKau. 127. 1 (	Ṭ.(U.) 308. 21 ( 5 (5). 12);	Ṭ.(U.) 75. 18 ( 2. 119);
LaŚaṅkhaSm.	16	1. 7; LaŚaṅkhaSm. 46; BṛYamaSm. 3. 65; BṛParāSm. 8. 172;	LaŚaṅkhaSm. 58; ŚābaBh. 111. 3 (	LaŚaṅkhaSm. 5;
VṛŚātāSm.	16	BrahmP. 7. 49; VṛŚātāSm. 66 (235); {@1Av@} not stipulated or specifie	VṛŚātāSm. 63; ViṣṇuP. i. 9. 63;	ParāSm. 11. 30; BṛParāSm. 9. 26; VṛŚātāSm. 6; half the thumb
VyāḍiPari.	16	VyāḍiPari. 6; 7; PariVṛ.(Sī.) 166. 7;	( i. 4. 2); VyāḍiPari. 80; PariVṛ.(Nī.) 28. 1; PariVṛ (Sī.) 128. 9;	ii. 359. 21 ( v. 1. 84); VyāḍiPari. 16;
ViKā.	16	ViKā. 3. 38.	ViKā. 14. 22; {@1C@} not familiar with, inexperien	ViKā. 9. 43; {@3@} consisting of whole numbers, re
NāḍīVi.	16	) NāḍīVi. 34.	PṛthvīVi. 7. 33; NāḍīVi.	NāḍīVi. 17;
PhiṭSū.	16	the part (like etc.) PhiṭSū. 43;	PhiṭSū. 56; Vār. 1	vi. 3. 9; viii. 4. 7; PhiṭSū. 29; MahāBh. i.
MaṇḍBrU.	16	MaṇḍBrU. 1. 4 (349. 5);	MaṇḍBrU. 2. 1 (349. 11);	BhāvU. 548. 12; MaṇḍBrU. 2. 1 (349. 17);
Bhakti.	16	(Bhakti.) 19. 10.	VīraMi. (Bhakti.) 82. 12; SūktiSu. 3;	(Bhakti.) 89. 4; BālamBha. i. 115. 29 ( 1. 24); {@2@
NāraP.	16	NāraP. 1. 17; SamarāSū.	NāraP. 31. 15; VāmaP. 27. 27;	NāraP. 30. 3.
Vai.	16	Vai. 14. 7; 53. 14;	Vai. 3. 188; ŚārṅgaPa. 1632.	Vai. 32. 10 (1. 25);
SiA.	16	SiA. 199. 27; NyāyMāVi. 8. 3 ( i. 1. 0);	SiA. 255. 17.	SiA. 254. 29; SarvaDaSaṃ.
KṛṣiPa.	16	KṛṣiPa. 49.	KṛṣiPa. 49; BālamBha. i. 584. 8 (	KṛṣiPa. 71; VīraMi.(Saṃskāra.) 365. 4;
ŚṛṅgāVaiTa.	16	ŚṛṅgāVaiTa. 26.	ŚṛṅgāVaiTa. 11.	ŚṛṅgāVaiTa. 36.
PriyaDa.	16	PriyaDa. i. 3 (2); (Karṇa)	5. 41; (with abstract notion) PriyaDa. 3. 7;	HarṣaC. 319. 12; PriyaDa. 2. 7; ŚiśuVa. 15. 38;
Kos.	16	(Kos. Ed.);	iii. 8. 31; PañcT. (Kos. Ed.) 1. 166; 2. 116; Pañcā. 20. 16; 148. 23;	(Kos. Ed.) 1. 359 (76. 23)
JainL.	16	Vandana, Pratikarmaṇa etc.) JainL. 44.	{@ @} etc.; {@ii@} a kind of plant, JainL., cf. {@ @}.	JainL.
Lakṣābha.	15	BhārArthaPra. v. 42. 20; Lakṣābha. v. 42. 20.	Lakṣābha. ); {@2@} not appearing at the proper	Lakṣābha.; BhārBhāDī.; ViṣamaPaVi.);
ŚriBh.	15	ŚriBh. 699. 22 ( iii. 4. 31); VedāntKau. 370. 14 (	4. 17); ŚriBh. 425. 9 ( ii.	PrakaVi. 872. 11; 975. 16; ŚriBh. 695. 16 ( iii. 4. 25);
ŚāṭyāU.	15	iv. 3. 1882; ŚāṭyāU. 5; LakṣmīT. 15. 19;	ŚāṭyāU. 5;	AvyaU. 7; ŚāṭyāU. 33;
PadārthSaṃ.	15	PadārthSaṃ. 140. 1;	PadārthSaṃ. 238. 15;	BṛhaspaSm. 305. 535; PadārthSaṃ. 258. 1; JayāS. 29. 30;
Medi.	15	{@B@} (in Medi.) not deviating from the normal course, not d	TattvVai. 91. 16 ( 2. 22); {@H@} (Medi.) unwholesome	¦ (agni-dīpana) (Medi.) stimulating
KāliViT.	15	KāliViT.	KāliViT. 1. 9; BrahmVaiP.	KāliViT. 20. 2;
LakṣmiT.	15	a wheel) LakṣmiT. 30. 16.	LakṣmiT.	LakṣmiT. 40. 116 (comm.
HāriS.	15	iii. 7. 65; HāriS. iii.	HāriS. iii. 48. 5;	plant (fragrant) HāriS.
ŚrutaBo.	15	ŚrutaBo. 31.	ŚrutaBo. 35; {@Aii@} a pair of syllables (forming a	long ŚrutaBo. 7;
MahāBhāraDī.	15	MahāBhā. v. 1. 10 (MahāBhāraDī. );	(v. l. ) MahāBhā. iv. 65. 6 (MahāBhāraDī.	MahāBhā. v. 38. 7 (MahāBhāraDī. ;
MaitriU.	15	MaitriU. 391. 15(6)	(v. l. ) MaitriU. 460. 13 (6) (comm. )	MaitriU. 438. 6 (6) (comm. )
Bv.	15	nse-organ (P. v. 4. 76); {@iii@} ṣac. ( ) in Bv. when	. vi. 2. 116; in ṚV. a-jára as agent noun, Bv.	first member of a Bv. Cpd. with a cardinal number means ‘multiplie
VādhūlaŚS.	15	Br. 2. 53; VādhūlaŚS. iv. 37. 12;	HirŚS. iii. 7. 18; VādhūlaŚS. iii. 29. 6;	VādhūlaŚS. iii.
RaMañ.	15	RaMañ. 1. 3 (28. 17)	RaMañ. 1. 3 (37. 20)	RaMañ. 1. 4 (62. 8); SāhiDa.
ŚāṇḍU.	15	ŚāṇḍU. 415. 22 (1. 45)	ŚāṇḍU. 417. 13 (1. 68+)	1. 8); (Supreme Self) ŚāṇḍU. 418. 19 (2);
Khila.	15	ṚV. Khila. v. 2. 2.	ṚV. Khila. v. 7 (5). 4;	(Khila.) v. 7 (4). 5; ĀśvaŚS. I. v. 5. 3.
BiṬ.	15	BiṬ. 77. 22; BhāvanāVi. 66. 2;	BiṬ. 47. 22.	BiṬ. 59. 7.
ŚabaBh.	15	ŚabaBh. 2162. 21 ( xi. 2. 63);	ŚabaBh. 1794. 18 ( ix. 4. 52); ŚāstrDī. 735. 2	ŚabaBh. 361. 13 ( iv. 4. 22);
DaSaṃ.	15	DaSaṃ. 15. 168; NyāySu.(Ja.) 9B. 7 (	DaSaṃ. 4. 194; VedāntKau. 11. 10 ( i. 1. 1);	DaSaṃ. 3. 203; ŚaṅkaDigVi.
Par.	15	Par. 11. 25.	Par. 2. 693; RājTa.(Jo.) 494; {@2A@}	Par. 8. 165.
AvyaU.	15	(2. 2); AvyaU. 7; Manva-	stage of life) AvyaU. 1;	AvyaU. 1;
SphuSi.	14	SphuSi. 1. 6; MaBhāsk. 1. 15;	SphuSi. 18. 57.	SphuSi. 15. 15.
BālaṃBha.	14	Bhāsk. i. 110. 17 ( i. 2. 8); BālaṃBha. ii. 253. 21	190. 15; BālaṃBha. iii. 73. 34 ( 3. 23);	BālaṃBha. i. 48. 5 ( 1. 14)
RatiRa.	14	RatiRa. 11. 3; {@B@} (of a cow)	RatiRa. 14. 22;	Bh. 17. 20 ( i. 2. 17); RatiRa. 12. 6;
SāṃkhyaSūVṛ.	14	MānaMe. 171. 5; SāṃkhyaSūVṛ. 297. 5 ( 6. 65);	SāṃkhyaSūVṛ. 14. 1 ( 1. 21)	SāṃkhyaSūVṛ. 255. 13 ( 5. 125)
PārijāHa.	14	PārijāHa. 25; VairāŚ.(Pa.) 34; TriṣaŚaPuC. i. 5. 530;	PārijāHa. 39; TriṣaŚaPuC. i. 3. 301;	VedāSaṃ. 78. 14; LakṣmīT. 1. 34; PārijāHa. 19; KaumuMi. 9. 2;
Śi.	14	Śi. 78; its sound is given as close ( ) Cāndra	wait) VetāPañ(Śi.) 54. 23;	(Śi.) 11. 10;
ŚatBṛ.	14	defect, faultless, defectless ŚatBṛ.	ŚatBṛ. X. ii. 6. 14;	ŚatBṛ. VI. vi. 3. 12;
Lakṣaṇa.	14	(Lakṣaṇa.) 593. 16; ŚāraTi.	314. 8 = (Āhnika.) 340. 25 = (Lakṣaṇa.) 577. 8 = (Saṃskāra.) 932. 20;	VīraMi. 351. 3 ( 1. 310); VīraMi. (Lakṣaṇa.) 197. 21; Hastyāyur. 378. 2
SaṃvaSm.	14	SaṃvaSm. 216;	ManuSm. 2. 69; SaṃvaSm. 8;	SaṃvaSm. 12 = BhāvPra.(Bhā.)
KauṣiBr.	14	KauṣiBr. 18. 4;	KauṣiBr. 1. 1 (1. 18); KauṣīBr. 28. 5 (136. 13);	KauṣiBr. 9. 4 (43. 3)
LātyāŚS.	14	ŚāṅkhāŚS. x. 21. 12; LātyāŚS. i. 9. 22;	MānŚS. 33. 4; LātyāŚS.	Ṛk text) LātyāŚS. vi. 10. 24 (comm.
YaśasCaṃ.	14	YaśasCaṃ. ii. 272. 18;	¦ (akṣumā) YaśasCaṃ. i. 592. 25 comm.	YaśasCaṃ. ii. 228. 1;
KaśiVṛ.	14	KaśiVṛ. P. vii. 3. 48; Nyās. iii. 801. 22 ( vii.	KaśiVṛ. vi. 2. 56;	PadMañ. KaśiVṛ. P. i. 1. 57.
H.	14	MahāVīSt. 2 (H.) 2. 23.	2(H.) 12;	(H.) 1. 105; (v. l. ) KaviKaDru. 100.
PāśBraU.	14	Āhavanīya and Dakṣiṇāgni) PāśBraU. 1;	three (sacred) fires PāśBraU. 1.	PāśBraU. 28; MahāU. 4. 86;
AŚiraU.	14	AŚiraU. 7; KaivaU. 24; NṛsiṃPūTāU. 5. 1 (3); RāmRaU.	AŚiraU. 7 (comm. )	AŚiraU. 7;
SadācāAnu.	14	SadācāAnu. 12;	Kād. 38. 10; SadācāAnu. 8;	PramāVāSvopVṛ. 87. 15; SadācāAnu. 19;
RāmPūTāU.	14	RāmPūTāU. 3. 8.	RāmPūTāU. 9. 9 (comm.	or RāmPūTāU. 9. 9 (Dīpikā
LeSaṃ.	14	LeSaṃ. 256. 8; NirṇaSi. 265. 11;	LeSaṃ. 95. 5;	LeSaṃ. 364. 5 VyutpaVā. 149. 16; Mayū-
SiddhāĀSta.	14	SiddhāĀSta. 41; {@6@} meditation on the (the ancillari	SiddhāĀSta. 26.	SiddhāĀSta. 17.
AṣtāSaṃ.	14	AṣtāSaṃ. i. 171. 23. (1. 34)	AṣtāSaṃ. ii.	AṣtāSaṃ. i. 171. 17 (1. 34); i. 171. 19 (1. 34)
VākyaVṛ.	14	1; HarVi. 38. 73; GuruA. 1; VākyaVṛ. 2;	VākyaVṛ. 1;	VākyaVṛ. 28;
Nyāyāva.	14	Nyāyāva. 28.	Nyāyāva. 9.	Nyāyāva. 32.
ChandaḥSū.	14	ChandaḥSū. 8. 13; Chandonu. 2. 289.	ChandaḥSū. 6. 1;	metre ChandaḥSū. 5. 9.
JPMJGM.	14	PadmP.(Ra.) (JPMJGM., Skt. 24, 1959) 38. 47.	JPMJGM. Sk. 26, 1956) PadmP.(Ra.) 123. 172.	JPMJGM. 26) PadmP.(Ra.) 122. 34.
KṣīraTa.	13	ther explained as KṣīraTa. x. 371; DhātuPā.(He.) 349; Kavikalpa-	in DhātuPā. 1. 87; DhātuVṛ. 1. 88; KṣīraTa. 1. 87; Nyās. 3. 978 ( viii.	KṣīraTa. 1. 435; extention of IE. aks- / P. iii.
KāśīVṛ.	13	after KāśīVṛ. and accented on the last syllable, which doe	1. 22); KāśīVṛ. ii. 4. 42;	Pradī. ii. 177A ( i. 3. 66); PadMañ. KāśīVṛ. P.
DūtGha.	13	DūtGha. 20;	lap Rāmā. vii. 34. 17; DūtGha.	pierced (with sharp objects, thorns, etc.) DūtGha.
YānaSū.	13	YānaSū. 92. 29 (14. 21);	YānaSū. 72. 26 (11. 65)	YānaSū. 66. 14 (11. 46); MaYānaSū.
NirvāT.	13	NirvāT. 5. 189; 10. 142.	NirvāT. 10. 46; {@B@} (agní-dagdha) burnt by fire, h	NirvāT. 5. 199; ŚaktiSaṃT. iii. 21. 22;
MadhyāViBh.	13	MadhyāViBh.	MadhyāViBh. 64. 20;	MadhyāViBh. 74. 27 ( 2. 16)
CāruCaŚ.	13	RāmC. 28. 80; CāruCaŚ. 59;	CāruCaŚ. 93.	Agastya CāruCaŚ. 57; SiṃhāDvā.
PraSū.	13	PraSū. 2. 33 = YogSū. 1. 5 (RājMār.	PraSū. 3. 14; (v. l. ) NyāyVār.	PraSū. 1. 16; SāṃkhyaPraSū. 1. 53;
DūtVā.	13	DūtVā. 12; MatsyaP.	DūtVā. 43;	DūtVā. 54;
SudarŚ.	13	senses SudarŚ. 74.	{@6@} reduced SudarŚ. 84 (comm. );	SudarŚ. 84 (comm.
Pūjā.	13	65; VīraMi.(Śrāddha.) 273. 9 = 305. 11 = (Pūjā.)	CaturCin. i. 356. 3; VīraMi. (Pūjā.)	(Pūjā.) 341. 14.
YaBhū.	13	YaBhū. 342. 3.	YaBhū. 106. 6 = SāhiDa. 296. 5;	YaBhū. 339. 2;
PārśvaC.	13	PārśvaC. 1. 751; {@ii@} soldier of	(called PārśvaC. 6. 622.	PārśvaC. 2. 997;
BāṣkaU.	13	BāṣkaU. 24; ĀrṣeU. 9. 3; MahāBhā. i. 84. 15;	ŚāṅkhāĀ. 7. 4 (27. 6); BāṣkaU.	MaiU. 1. 1; BāṣkaU. 3; 6; 9;
PraPra.	13	PraPra. 98. 22 = PurāPraSaṃ. 126. 10.	PraPra. 67. 1; 81. 34.	PraPra. 35. 8; TantrSā.(K.) 63. 17;
PañcRāRa.	13	PañcRāRa. 116. 6;	PañcRāRa. 168. 1; ŚivārkaMaDī. ii. 435. 30 ( iv. 1. 7	PañcRāRa. 129. 10;
VāSvopVṛ.	13	VāSvopVṛ. 117. 28.	VāSvopVṛ. 103. 11.	VāSvopVṛ. 82. 18;
ParibhāŚe.	13	2. 113) = PariVṛ.(Nī.) 39. 15 = ParibhāŚe. 96; JainePari. 38; Śākaṭā-	Vṛ.(Nī.) 6. 13 = ParibhāŚe. 14; MahāBh. iii. 76. 17 ( vi. 1. 96); iii.	00B. 15 ( v. 4. 152) = PariVṛ.(Nī.) 8. 10 = ParibhāŚe. 16; LaŚabde-
BrahmS.	12	BrahmS. i. 1. 10; BṛBrahmS.	BrahmS. 5. 46; UjjvaNīMa. 71. 1;	BrahmS. 5. 60;
BṛPārāSm.	12	BhāgP. xii. 11. 41; BṛPārāSm. 2. 191; (for month of Caitra)	BṛPārāSm. 9. 40;	BṛPārāSm. 1. 32.
EkīSt.	12	2. 45; EkīSt. 2; is stated in some Kośas as synonym of	= SaduktiKa. 23. 24; EkīSt. 14; HariVi. 3. 6; ĪśānŚiPa. ii. 48. 38; ii.	6. 20; EkīSt. 14.
MastyaP.	12	MastyaP. 23. 45; ViṣṇuP.	23. 92; HariVaṃ. 28. 5; MastyaP.	MastyaP. 215. 73.
PraśnoRaMā.	12	PraśnoRaMā. 3; 17;	PraśnoRaMā. 16 = PraśnoRaMāli. 21.	PraśnoRaMāli. 25 = Hitopa. 1. 122 = PraśnoRaMā. 27;
NaiṣaC.	12	NaiṣaC. 3. 90. {@2@} not for the full period	(v. l. ) NaiṣaC. 4. 84.	NaiṣaC. 17. 190;
ŚaṅkhaLiSm.	12	ŚaṅkhaLiSm. 3; SaṅkarKāBh. 88. 21 ( ii. 2. 43) (used wi	ŚaṅkhaSm. 2. 11; ŚaṅkhaLiSm. 32;	ŚaṅkhaLiSm. 5;
HaṭhPra.	12	HaṭhPra. 1. 65 (comm. );	Rāṣṭrau. 2. 19; 19. 18; HaṭhPra. 2. 69; YātrāPra. 6. 27;	HaṭhPra. 2. 9.
Ṛṣi.	12	Add. 8. 10; {@1H@} name of a Ṛṣi. VṛGauta-	{@iii@} name of a Ṛṣi.(ṚV.) {@iv@} name of a Ṛṣi.(AV.) {@v@} name of a	{@iii@} name of a Ṛṣi.(ṚV.) {@iv@} name of a Ṛṣi.(AV.) {@v@} name of a
JinaCatur.	12	JinaCatur. 3; {@B@} the place which never perishes (i.	JinaCatur. 21.	JinaCatur. 11.
ŚrīkarBh.	12	ŚrīkarBh. 371. 16 ( iii. 3. 33)	i. 3. 13); ŚrīkarBh. 118. 35 ( i. 2. 13); 120. 10 ( i. 2. 15);	ŚivārkaMaDī. i. 256. 21 ( i. 1. 21); ŚrīkarBh. 120. 32 ( i. 2. 16)
PāSau.	12	PāSau. 59. 14 ( i. 2. 14); VedāntDī. 35. 16 (	PāSau. 75. 8 ( i. 2. 32)	PāSau. 233. 8 ( ii. 3. 38); {@B@} only the non-sen
GadyCin.	12	GadyCin. 3. 11; 134. 20;	GadyCin.	GadyCin. 99. 2.
NirguMāPū.	12	NirguMāPū. 1; SarvaVeSāSaṃ. 2;	NirguMāPū. 3;	NirguMāPū. 14; MahāP. 25. 215; 40. 25 (3);
ŚrīVīraSta.	12	respect ŚrīVīraSta. 10.	ŚrīVīraSta. 4.	ŚrīVīraSta.
SiddhāRa.	12	SiddhāRa. 6 (74. 5)	7. 667; SiddhāRa.	SiddhāRa. 8 (97. 17);
GovindA.	12	3. 185); GovindA.	GovindA. 7; ŚivPāKeSt. 28;	Sneha. 11. 7 ( i. 1. 1); GovindA. 9;
RāmRaU.	12	80. 1 (6); RāmRaU. 2. 98 = 2. 102; {@1Aix@} name of the members	AŚiraU. 7; KaivaU. 24; NṛsiṃPūTāU. 5. 1 (3); RāmRaU.	RāmRaU. 2. 42;
RādhU.	12	GopāloTāU. 1 (594. 14); RādhU. 211. 13(3);	RādhU. 211. 13 (3)	RādhU. 211. 3 (3);
MahaBhā.	12	MahaBhā. xiv. App. 4. 1732;	MahaBhā. v. 22. 30;	MahaBhā. iii. 21. 27;
NṛsiṃPūTāU.	12	AŚiraU. 7; KaivaU. 24; NṛsiṃPūTāU. 5. 1 (3); RāmRaU.	NṛsiṃPūTāU. 4. 1;	NṛsiṃPūTāU. 5. 8;
SaṃgīMa.	12	SaṃgīMa. ii. 3. 59.	SaṃgīMa. i. 1. 47; Kāvya-	SaṃgīMa. ii. 2. 10.
Kośāva.	12	241. 13; Kośāva. 37. 6; {@1Bii@} total disappearance	ŚabdaRaSaK. 241. 13; Kośāva. 37. 6; {@1D@} absence, non-existence	SaK. 241. 13; Kośāva. 37. 6; {@3B@} punishment, fine
ĪśāU.	12	ĪśāU. 6; ṢaḍviBr. iv.(v). 6. 4;	VājaS. 40. 7; VājaS.(K.) 40. 1; ĪśāU. 7;	VājaS. 40. 4; ĪśāU. 4; GopāPūTāU. 2. 13;
IE.	11	the language betraying its multiple origin, IE. e, o, a, ṇ, ṃ	[IE. e, etymologically present in words like et	augment [IE. e, originally an independent element express
JyotiVe.	11	JyotiVe. 12 (comm.	JyotiVe. 32;	JyotiVe. 10; JyotiVe. 18;
Ti.	11	Ti.(Rā.) 93.	Ti. 7. 36.	Ti. 9. 18;
NyāyVā.	11	NyāyVā. 187. 19 ( ii. 1. 6);	NyāyVā. 146. 16 ( i. 1. 41)	NyāyBh. 209. 16 ( iii. 2. 31); NyāyVā. 331. 3 ( ii. 2. 67);
NyāyVāPari.	11	3. 194; NyāyVāPari. 181. 4;	6 ( i. 1. 0); TattvVai. 212. 14 ( 4. 31); NyāyVāPari. 10. 4; Dharmo-	or syllables NyāyVāPari. 387. 9.
MūlaMāKā.	11	MūlaMāKā. 8. 2;	MūlaMāKā. 4. 3.	MūlaMāKā. 17. 23.
SiddhiTra.	11	SiddhiTra. 22. 5;	ii. 129. 28 ( 5 (3). 70); SiddhiTra. 22. 4-5; ŚrīBh. 43. 6 ( i. 1. 1);	SiddhiTra.(ĀtmaSi.) 53. 24.
Jam.	11	VetāPañ (Jam.) 130. 19;	(Jam.) 10. 22; Nārāy. ix. 35. 7; {@2@} unmitigated	(Jam.) 84. 21; 114. 12; Vīra-
NilaVi.	11	NilaVi. 70. 13;	NilaVi. 44. 12; 12. 16; 17. 12; 116. 1;	117. 5 (5); NilaVi. 15. 19; 70. 10; JānaPa.
BrĀraUBhVā.	11	BrĀraUBhVā. i. 4. 709; i. 4. 938; i. 4. 1073; i. 4. 1186	BrĀraUBhVā. i. 4. 1347.	BrĀraUBhVā. (Sambandha) 850.
NīMa.	11	NīMa. 83. 7.	NīMa. 96. 8; BhāmiVi. 2. 62; Vidvanmo. 8. 106;	NīMa. 176. 5.
DrāhyāŚS.	11	iv. 12. 13 = DrāhyāŚS. xii. 4. 18.	v. 7. 12 = DrāhyāŚS. xiv. 3. 13;	DrāhyāŚS. ix. 3. 3; Kṣudra. iii. 5. 7;
AdvaTāU.	11	AdvaTāU. 385. 6;	AdvaTāU. 385. 9;	upon AdvaTāU. 385. 9;
Prauḍhā.	11	46; Prauḍhā. 2;	Prauḍhā. 10.	Prauḍhā. 4.
MāyāKha.	11	MahāVīSt.(J.) 2; MāyāKha. 2A. 11;	MāyāKha. 2A. 7.	MāyāKha. 2A. 11; AnuVyā. 2B. 3 ( i. 1. 1);
VakroPañ.	11	VakroPañ. 16;	VakroPañ. 39.	VakroPañ. 23; RāmC.
GāyaRaU.	11	MudgU. 408. 27 (4); KāliU. 402. 18; GāyaRaU. 408. 2;	Gāyatrī verse GāyaRaU.	fingers GāyaRaU. 405. 5.
KāthāSaSāg.	11	RāghPāṇ.(Dha.) 5. 50; 15. 47; KāthāSaSāg. x.	KāthāSaSāg. vii. 6. 13;	KāthāSaSāg. i. 6. 71;
RaSaṃ.	11	RaSaṃ. 257; TilaMañ. 60. 18;	RaSaṃ. 585;	RaSaṃ. 747.
FN.	11	FN.) = KathāSaSāg. x. 4. 192.	) PañcT. 3. 85 (352. 5, FN.)	MudrāRā. 7. 14 (5 FN.);
Rūpāva.	11	Rūpāva. 1. 28 ( iii. 3. 59); MugdhaBo. 2. 55	4. 127; KātanVṛ. ii. 3. 22; Rūpāva. 1. 96 ( viii. 4. 58); Mugdha-	skirts of a city or town) Rūpāva. 1. 40
KaVṛ.	11	KaVṛ. 51. 4 (3. 1); 51. 7 (3. 1)	KaVṛ. 70. 7 (3. 3); VasaViKā. 11. 71; PrabhāC. 132	KaVṛ. 10. 29 (1. 2)
MahāviC.	11	AvantiKa. 108. 7; PadmP.(Ra.) 41. 97; MahāviC. 6. 61 (185. 8);	MahāviC. 2. 38 (6)	MahāviC. App. A.
KenU.	11	KenU. 4. 2 (Śaṅ.	KenU. 1. 2.	KenU. 1. 4; KāṭhU. 1. 14;
MahānāU.	11	TaiĀ. x. 43. 1 (864. 1) (Sāy. ) = MahānāU.	TaiĀ. x. 67. 1; MahānāU. 19. 2; BaudhGS. ii. 8. 11;	168. 24; MahānāU. 11. 7; YogaU 1 . 137;
LaBhāsk.	11	LaBhāsk. 1. 30;	LaBhāsk. 2. 41; KāśiVṛ.	eclipse LaBhāsk. 1. 34.
VaṭuU.	11	AśiraU. 3. 1; CaturveU. 21. 17; VaṭuU. 315. 2; SaurP.	AŚiraU. 4 (1); VaṭuU. 316. 15;	esteemed VaṭuU.
ItihāU.	11	4; ItihāU. 11. 10; TejoBiU. 5. 13; MahāU. 2. 52;	ItihāU. 13. 21; {@1Bi@} who has not set up the (sacr	ItihāU. 13. 22;
ĀryaBh.	10	ĀryaBh. 1. 4 (8); (comm.	ĀryaBh. 3. 14 (60) (comm.	ĀryaBh. 4. 45;
RajTa.	10	RajTa.(Ka.) 3. 473.	RajTa.(Ka.) 8. 2449.	fire RajTa.(Jo.)
AbhidhāCi.	10	AnekāSaṃ. 2. 530; 2. 542; AbhidhāCi. 95; 99; Liṅgānu.(He.) 10. 1; Nānārthā	AbhidhāCi. 99; NānārthaMa. 665; ParaNā. 2597; MediK. 17	AbhidhāCi. 13;
KātyŚuS.	10	KātyŚuS. 1. 5; {@4@} shoulder-like	1. 30; KātyŚuS. 1. 13 (Mahīdharavṛtti	KātyŚuS. 2. 7 (Mahīdharavṛtti
RV.	10	RV. vi. 11. 6; ṚV. viii. 24. 27	RV. i. 155. 6; {@B@} who has no	where, boundless RV. v. 39. 2 = Nir.
PāṇḍC.	10	PāṇḍC. 7. 440;	NaiṣC. 3. 112; PāṇḍC. 5. 270;	PāṇḍC. 13. 481. {@ @} (akāṇḍena) {@A@}
NaiṣkSi.	10	iUBhāVā. 47. 22 (2); BṛĀraUBhVā. iii. 2. 27; NaiṣkSi. 46. 6;	0. 24; NaiṣkSi. 195. 5;	NaiṣkSi. 106. 2.
MadhyāVi.	10	MadhyāVi. 170. 7.	difficulty or strain MadhyāVi. 5. 3;	MadhyāVi. 2. 8 (Bh. )
Triṃśi.	10	Saund. 16. 72; Triṃśi.	Triṃśi. 16;	2. 32; Triṃśi. 13;
SivārkaMaDī.	10	SivārkaMaDī. i. 387. 17 ( i. 2. 25)	SivārkaMaDī. i. 83. 22 ( i. 1. 1)	SivārkaMaDī. i. 394. 26
VāBh.	10	VāBh. 79. 11.	VāBh. 94. 14.	VāBh. 78. 14 (2. 1)
RāmKṛViKā.	10	RāmKṛViKā. 29; (author's comm.	undiminishing or imperishable RāmKṛViKā. 12	intercourse RāmKṛViKā. 24.
HarsaC.	10	HarsaC. 336. 6 (comm. )	HarsaC. 221. 13.	HarsaC. 269. 2.
MṛtyuMāPūSt.	10	MṛtyuMāPūSt. 14;	MṛtyuMāPūSt. 22.	MṛtyuMāPūSt. 40;
DevīBhuSt.	10	female deities] DevīBhuSt. 154. 13;	DevīBhuSt. 10; ChāndoUBh. 309. 12 ( v. 10. 8);	DevīBhuSt. 14;
ĪśānŚiP.	10	46. 23 (462. 4); ĪśānŚiP. ii. 3. 65; RasRaSa. 6. 25; Rasā. 2. 70; Lali	ĪśānŚiP. ii. 59. 17;	ĪśānŚiP. i. 28. 92;
NānārthaMañ.	10	AnekāSaṃ. 2. 270; AnekāK. 443; NānārthaMañ. 967;	NānārthaMañ. 1009.	Saṃ. 7. 62; MediK. 161. 57; NānārthaMañ. 1691 etc.; NānārthāSaṃ.
KaivaU.	10	KaivaU. 1. 14; knowledge devoid of attributes	AŚiraU. 7; KaivaU. 24; NṛsiṃPūTāU. 5. 1 (3); RāmRaU.	or beyond imagination KaivaU. 21;
TriBh.	10	TriBh. 270. 1 ( 7); AdvaiSi.	TriBh. 324. 20 ( 41)	TriBh. 335. 13 ( 47); KāṭhUBh. 157. 1 ( 4. 12); B
ŚātDū.	10	ŚātDū. 167. 11; 82. 6; 168. 2;	ŚātDū. 193. 17; SāṅkhyaPraBh. 36. 29 ( 1. 68); r	ŚātDū.
AjaḍaPraSi.	10	AjaḍaPraSi. 1. 16;	AjaḍaPraSi. 1. 16; LiṅgaP. i. 6. 23;	AjaḍaPraSi. 1. 27;
TattvSaṃkhyāṬ.	10	TattvSaṃkhyāṬ. 5. 4.	27A. 10 ( 2. 2); TattvSaṃkhyāṬ. 33. 1;	TattvSaṃkhyāṬ. 50. 8; ŚrutaPra. ii. 48. 21 (
KathāLa.	10	KathāLa. 1B. 1.	KathāLa. 1B. 2;	KathāLa. 2A. 4; SiddhāSi. i. 3. 7;
RāmBāSta.	10	RāmBāSta. 72; Rāgh. 17. 54; {@ii@} name of a god	Gaṅgāva. 2. 47; RāmBāSta. 70;	Sta. 65; RāmBāSta. 82; ViśvaSta. 123; Liṅgānu.(He.) 36. 4;
ParaHaṃsPaU.	10	JābālaU. 5; ParaHaṃsPaU. 483. 12;	ParaHaṃsPaU. 483. 1; YājñaU. 601. 13 (1);	ParaHaṃsPaU. 484. 13.
YājñaU.	10	YājñaU. 601. 27 (2. 1);	ParaHaṃsPaU. 483. 1; YājñaU. 601. 13 (1);	YājñaU. 601. 21 (1 );
Me.	10	Me. 262. 4.	Me. 2. 2; 7. 5.	Me. 73. 2.
MaśaKa.	10	12. 2; MaśaKa. XI. 7. e.	PañcBr. xii. 3. 22; MaśaKa. i. 4. 15.	ii. 4. 8; MaśaKa. 6. 8B; {@2@} name of a section of the TaiBr.
T.	10	Lakṣmī.T. 29. 39; VedāntSā.(Rā.)	T. ii. 5. 15.	T. i. 13. 125 (comm. ); {@Bix@} lord of a Bhuv
DhyānBiU.	10	DhyānBiU. 18;	DhyānBiU. 19;	DhyānBiU. 63; BrahmViU. 78;
ṢaṭcakraNi.	10	ṢaṭcakraNi. 54; MahāN.	ṢaṭcakraNi. 16.	ṢaṭcakraNi. 14.
Voc.	10	{@2@} substitute for the stem before Voc. Sg.	¦ (athar-ya) (Voc. átharya) flickering ( )	1 ¦ (athar-va) (Voc. átharva) flickering (Agni)
Prāti.	10	Prāti. 2. 10; ṚTPrāti. 130; 186;	22 / PadaPā. and Prāti. take it as a case of final lengthening Tai-	Prāti. 3. 9; VājaPrāti. 3. 124; P. vi. 3. 136; in S
GaṇU.	10	GaṇU. 511. 5;	GaṇU. 571. 18.	AkṣaMāU. 488. 12 = GaṇU. 571. 13 = DevīU. 22 = NārāyU. 5 = MaVākya-
BhaktāSt.	10	BhaktāSt. 48;	BhaktāSt. 12; ŚlokaVār. 6. 232 (789. 5);	BhaktāSt. 10; BṛKathāŚloSaṃ. 27. 44;
KavīndraKa.	10	KavīndraKa.	( 1. 29); KavīndraKa. 3. 6 (20); [ is also identified with	KavīndraKa. 3. 1 (12) (comm.
KāthS.	10	MaiS. i. 10. 10; KāthS. 13. 12;	(without digestion) KāthS. 12. 9;	KāthS. 8. 8;
AmṛNāU.	10	AmṛNāU. 28;	AmṛNāU. 28;	AmṛNāU. 28; SkandP. iii(3). 11. 26;
ŚeṣaVā.	10	SiddhāTaVi. 64. 8; (ŚeṣaVā.)	raMi. 916. 4 ( 3. 224); SiddhāTaVi. 64. 22; ŚeṣaVā. 48. 4;	(ŚeṣaVā.) 29. 2.
GuhyKāU.	10	GuhyKāU. 79;	6. 14; GuhyKāU. 45; ĀśvaŚS. II. vi.	GuhyKāU. 83;
KāṭhakaBrsaṅkalana.	10	MaiS. i. 10. 17 (i. 157. 11); KāṭhakaBrsaṅkalana.	KāṭhakaBrsaṅkalana. 59. 2;	1. 5 (28); PañcBr. iv. 8. 4; JaimiBr. 2. 95; KāṭhakaBrsaṅkalana. 54. 9;
POK.	9	POK. 283; TURN. 1.]	sense, POK. 283.]	1 ¦ (áṃś-a) rarely [1aṃś- POK. 3. 6; TURN 2 / included in
PadmaP.	9	PadmaP. v. 8. 3; {@8@} the Kośas have assigned some	PadmaP. v. 9. 12; iv. 89. 33; v. 20. 166; SaurP. 26.	MatsyaP. 46. 1; PadmaP.
BSS.	9	394. 4 ( ii. 2. 10); Kiraṇā. 66. 3 (BSS.); 230. 14 (BSS.);	ii. 2. 10); Kiraṇā. 66. 3 (BSS.); 230. 14 (BSS.);	Kiraṇā. 230. 12 (BSS.);
SiddhaYo.	9	Hṛ. vi. 27. 40; SiddhaYo. 22. 104; BhāvPra.(Bhā.) vi. 4. 31; vi. 7. 33	SiddhaYo. 8. 16; {@2@} the	SiddhaYo. 80. 16 (comm. );
KathāMañ.	9	KathāMañ. ix. 2. 1020; Kuval. 135 (10);	KathāMañ. ix. 1. 401;	KathāMañ. ix. 3. 75; Auci-
KeCan.	9	KeCan. 76. 34; PādaTā.	KeCan. 118. 29; SaduktiKa. 144. 8;	KeCan. 67. 31.
MatsyP.	9	VāyuP. ii. 50. 47; MatsyP. 112. 17;	MatsyP. 16. 28;	MatsyP. 72. 29;
HetuBi.	9	HetuBi. 56. 23; ManvaMu. 118. 22 ( 3. 157);	production HetuBi. 62. 13;	HetuBi. 62. 2 (HetuBiṬ. 137. 14
TantrVār.	9	TantrVār. 598. 19	TantrVār. 190. 4 ( i. 3. 17);	TantrVār. 7. 9 ( i. 2. 2); 30. 23 ( i. 2. 13);
NirvāU.	9	NirvāU. 346. 15.	Sm. 193. 11; NirvāU. 347. 10; KulārT. 9. 38;	NirvāU. 347. 12; PaiṅgU. 425. 14 (4. 11);
MuṇḍU.	9	MuṇḍU. iii. 2. 1; MuṇḍUBh. 353. 9 ( iii. 2. 1);	MuṇḍU. i. 1. 2 (comm. )	nature MuṇḍU. iii. 1. 7;
AgniveGS.	9	ManuSm. 2. 76; ViṣṇuSm. 55. 10; AgniveGS. ii. 4. 12;	ĀśvaGS. iii. 2. 2 = AgniveGS. ii. 6. 4 (98. 15);	AgniveGS. iii. 2. 6 (128. 18); BhārGS. 2. 17 (49. 10);
MarkP.	9	BṛBrahmS. i. 6. 12; MarkP. 42. 4;	i. 38. 45; MarkP. 58. 11;	MarkP. 11. 3.
GopāloTāU.	9	GopāloTāU. 17 (597. 10)	GopāloTāU. 1 (594. 14); RādhU. 211. 13(3);	GopāloTāU. 16. 1 (596. 25);
KāsiVṛ.	9	girls KāsiVṛ. P. vi. 2. 173; PadMañ. KāśiVṛ. P.	KāsiVṛ. P. iv. 2. 59; ManvaVi. 90. 10	KāsiVṛ. v. 1. 28;
Anyo.	9	Anyo. 408; Rāmāṣṭa. 98; AmaK. 468; AnekāSa. 387;	CitraPaC. 98; Anyo. 2 = PadyaVe. 670;	Anyo. 164; MunāKau.
Nyāyāmr.	9	Nyāyāmr. 376B. 9; Śivārka-	Nyāyāmr. 570B. 7;	TantrRaha. 51. 30; Nyāyāmr. 615A. 2;
ŚrīRāmaBhuSt.	9	ŚrīRāmaBhuSt. 23.	ŚrīRāmaBhuSt. 25.	ŚrīRāmaBhuSt. 23.
Poet.	9	¦ (akramātiśayokti) (Poet.) hyperbole based on	2 ¦ (a-jamukha) (Poet.) not beginning with	¦ (an-anyagāminī) (Poet.) one of the six
D.	9	Nyās. ii. 420D. 6 ( vi. 2. 198)	MahāBhā. iv. App. I. 4D. 42; Rāmā.	paniṣads-ALS. Madras, 1953 A. D.);
VeSāSaṃ.	9	VeSāSaṃ. 931; AdhyāRā. vii. 5. 43;	VeSāSaṃ. 924; {@2@} assuming the form of a mountain	VeSāSaṃ. 322.
Lokokti.	9	organs Lokokti. 60.	Lokokti. 83.	Lokokti. 51.
TattvaPrakā.	9	emancipation TattvaPrakā. 205A. 1 ( iv.	TattvaPrakā. 45A. 8 ( i. 3. 10);	TattvaPrakā. 157B. 12 ( iii. 2. 25); 41A. 2
BhāviP.	9	BhāviP. 859. 4 (iv. 174. 8);	BhāviP. 227B. 9 (i. 153. 47);	178. 96; BhāviP. 110B. 30(i. 62. 14); 284A. 12(i. 191. 10); D
AvadhūU.	9	AvadhūU. 1 = KulārT. 17. 24; {@B@} the nature of	AvadhūU. 13 = PañcDa. 7. 257;	AvadhūU. 9; MahāU. 5. 58; Rām-
KoṭiVi.	9	shed KoṭiVi. 29.	AcyutaRā. 12. 7; KoṭiVi. 71.	KoṭiVi. 4; full of great curiosity
BhāvU.	9	BhāvU. 548. 12; MaṇḍBrU. 2. 1 (349. 17);	MaṇḍBrU. 2. 1 (349. 17); BhāvU. 548. 12;	); BhāvU. 549. 9;
VajraSūU.	9	VajraSūU. 261. 19.	name of a Ṛṣi.(Up.) VajraSūU. 261. 9;	VajraSūU. 260. 21.
ŚuśruS.	9	ŚuśruS. iv. 2. 27; {@C@} not having sexual intercour	ŚuśruS. iv. 7. 33; AṣṭāSaṃ. ii. 81. 5 (4. 13)	ŚuśruS. vi. 39. 118 (comm. ); {@ii@} absence
SiPriSt.	9	SiPriSt. 16 (comm.	SiPriSt. 4.	SiPriSt.
DakṣiMūSt.	9	eyed DakṣiMūSt. 14.	DakṣiMūSt. 10.	DakṣiMūSt. 14.
RasaRaSa.	9	RasaRaSa. 16. 160.	by the heat of fire) RasaRaSa. 2. 152;	RasaRaSa. 29. 47.
BhāṭṭDi.	9	fire-god BhāṭṭDi.	BhāṭṭDi. ii. 274. 3 ( vi. 4. 5)	BhāṭṭDi. ii. 42. 9
VṛGautSm.	9	VṛGautSm. 572. 13 (9); SkandP.	Agnihotra VṛGautSm. 601. 21 (15)	VṛGautSm. 602. 17;
PrāṇāU.	9	. 17 ( v. 1. 17); {@2@} abbreviated name of PrāṇāU.	7; KauśiSū. 106. 7; ĀpaManPāṭha. ii. 15. 15; PrāṇāU. 1. 4;	TripuTāU. 538. 4; PrāṇāU. 1. 6;
ApaŚS.	9	ApaŚS. ix. 4. 1;	{@ii@} to choose in excess ApaŚS. xxiv. 5. 7.	¦ (adhi-gam-) I.P. [Ā. in ApaŚS., MahāBhā., Rāmā.,
VaitāŚS.	9	VaitāŚS. 3. 7; GobhiGS.	violation (of vows) VaitāŚS. 4. 8;	2. 13; NidāSū. 135. 15; VaitāŚS. 26. 1; 40. 7;
BhāvVi.	9	BhāvVi. 13;	BhāvVi. 87; {@Aii@} ( ) to cause to germinate, to pr	BhāvVi. 106; TriṣaŚaPuC. iii.
Upalekha.	9	lessness) Upalekha. 50. 12;	Upalekha. 59. 5;	10. 7; Upalekha. 55. 23.
Vācas.	9	MediK. 169. 148 = ŚabdaRaSak. 311. 11 ( Vācas.)	137. 8; {@5@} (also ) conveyance, vehicle [Vācas.,	ing the cow, MW; very foolish, quite stupid, Vācas.;
CaturJiSta.	9	CaturJiSta. 9.	CaturJiSta. 20;	CaturJiSta. 25; ŚaṅkaDigVi.(Mā.) 15. 86;
SaubhāLaU.	9	SaubhāLaU. 654. 6; {@2B@} auxiliaries (of the Vedas) et	SaubhāLaU. 655. 13;	SaubhāLaU. 654. 17; YogKuU.
SaṃgiRa.	9	fingers, SaṃgiRa. iii. 5. 5 (5. 8)	SaṃgiRa. iv. 178. 4 (7. 519); NṛtyaK.	BhikṣāKā. 6. 4; SaṃgiRa. i. 25. 6
Subrahma.	9	Subrahma. 16; {@B@} appearing on the body, produced on	Subrahma. 9.	ŚāraBhuA. 6; Subrahma. 6;
PṛthviVi.	9	PṛthviVi. 2. 70.	PṛthviVi. 5. 192.	excessive harassment, PṛthviVi. 9. 84.
RākṣaKā.	9	RākṣaKā. 10.	RākṣaKā. 11;	very frequently RākṣaKā. 15;
RāC.	9	RāC. iv. 24 (1); SkandP. iv. 59. 89;	RāC. 2. 28 (7);	RāC. 3. 2 (5)
NādaBiU.	9	NādaBiU. 29.	NādaBiU. 28;	NādaBiU. 41; NāraPaU. 8. 6;
PuṣpBāVi.	9	Pañ. 1. 42; 1. 83; PuṣpBāVi. 15; LaŚābdeŚe. ii. 373. 21; Hāsyārṇa.	TantrRā. 36. 8; PuṣpBāVi. 15; VasaTi. 9. 13;	PuṣpBāVi. 6.
Samaya.	9	(Samaya.) 265. 19; 12. 15; 96. 33; NirṇaSi. 223. 2; {	(Samaya.) 277. 15; {@2A@} annexation (of an auxiliary	(Samaya.) 59. 23;
KālikāKa.	9	clothes KālikāKa. 16.	KālikāKa. 3.	KālikāKa. 59.
BI.	9	(BI. Ed., VP. Ed.)	Kiraṇā. 5. 15 (v. l. in BI. Ed.)	(v. l. BI. 16. 31) NītiSā. 17. 31.
KaC.	9	KaC. 1. 56; TriṣaŚaPuC	KaC. 7. 6;	KaC. 13. 8.
ŚṛṅgārāL.	9	359. 65; ŚṛṅgārāL. 138. 21;	ŚṛṅgārāL. 161. 1;	RasMañ. 11 (3); ŚṛṅgārāL. 145. 12; ŚṛṅgāMañ.(A.) 26. 8;
ŚaṅkhalikhitaDS.	9	ŚaṅkhalikhitaDS. 411;	ŚaṅkhalikhitaDS. 200; KūrmaP. 599. 11 (2. 21); PadmP. i. 58.	ŚaṅkhalikhitaDS. 440; AtriS.
ŚātBr.	9	ŚātBr. I. ii. 1. 12; I. ii.	obedient ŚātBr. III.	in ŚātBr. I. v. 2. 4 = II.
GautŚi.	9	GautŚi. 1. 2 (450); {@1B@} other than the final (in	GautŚi. 1. 2 (450)	GautŚi. 1. 2 (450)
Ava.	9	Ava. i. 118. 14; MaVastuAva. i. 208. 5;	Ava. i. 173. 8;	Ava. i. 95. 10
CāndraVaSū.	8	CāndraVaSū. 38; a nasalized	CāndraVaSū. 31;	CāndraVaSū. 9; BhārŚi. 87;
NānārthRaMā.	8	i. 6. 1; NānārthaMa. 11; NānārthRaMā. 25; EkāNā.(A.) 5; AnekāTi. 1. 5;	38; 39; NānārthRaMā. 25; 26; 52; 53; EkāNā.(vi.) 5; ViśvaPra. 185	Saṃ. i. 47. 57; NāmMā. 45; AgniP. 359. 32; NānārthRaMā. 1085; Nānārth-
CaturDa.	8	CaturDa. 5. 7; {@5Bii@} a group	CaturDa. 3. 106.	CaturDa. 3. 108.
PāñcRā.	8	PāñcRā.(Nā.) iv. 3. 208; {@B@} a fraction	PāñcRā.(Nā.) ii. 3. 37.	BhāgP. iii. 25. 6; PāñcRā.
NītiRa.	8	BṛhaspaSm. 197. 14; NītiRa. 72. 4;	fathomable water NītiRa. 10.	NītiRa. 10.
GuruCan.	8	. 74. 10 ( ii. 2. 12); SiddhāLeSaṃ. 425. 2; GuruCan. i. 93. 21;	GuruCan. i. 50. 15; Jīvān. 321. 4; {@2ii@} natural,	GuruCan. ii. 116. 20; VīraMi.(Paribhāṣā.) 68. 11;
Sarakaṇṭhā.	8	Sarakaṇṭhā. 728. 3; SaduktiKa. 44. 18; SūktiMu. 1. 43;	Sarakaṇṭhā.(Gr.) ii. 1. 43 (TSS. Ed.)	Sarakaṇṭhā. 212. 4 (2)
NalaCa.	8	15. 6; NalaCa. 5. 37.	NalaCa. 6. 42 (34)	NalaCa. 7. 47 (3)
TātpṬ.	8	90. 6; TātpṬ.(Vā.) 358. 16 ( ii. 1. 6);	TātpṬ.(Vā.) 100. 21 ( i. 1. 3); {@11@} not effecting, n	TātpṬ.(U.) 50. 2 ( 2. 47); 49. 17 ( 2. 47);
SāṃkhyPraBh.	8	65. 9 ( 1. 146); SāṃkhyPraBh. 73. 30 ( i. 163);	SāṃkhyPraBh. 65. 10 ( i. 146);	SāṃkhyPraBh. 160. 29 (
SrīKaC.	8	SrīKaC. 19. 21.	SrīKaC. 11. 17 (comm. ); {@11@} (in Poetics) intend	SrīKaC.
DevaSm.	8	DevaSm. 48; PāraS. 12. 429;	DevaSm. 7;	DevaSm. 70.
SvarāṅŚi.	8	SvarāṅŚi. 4; MāṇḍūŚi. 9. 10; it is protracted at the e	SvarāṅŚi. 7; AtriS. 9. 19;	SvarāṅŚi. 11; MāṇḍūŚi. 7. 9;
AnyoMuLa.	8	AnyoMuLa. 32; PadmPrā.	85; AnyoMuLa. 47; {@2C@} complete, full	AnyoMuLa. 32;
ŚāṅgaPa.	8	ākhyā. 29. 1; Pañcā. 71. 13; Hitopa. 2. 146; ŚāṅgaPa. 360;	ŚāṅgaPa. 31. 120; name of	SūktiMu. 35. 3 = ŚāṅgaPa. 1154;
BhojaPra.	8	PrabaCin. 30. 18; ŚārṅgaPa. 777; BhojaPra. 44. 12; Subhāṣi. 843;	BhojaPra. 20. 26.	BhojaPra. 74. 15; SiṃhāDvā. 38. 18; ViraBhā. 2. 29;
NānārthMañ.	8	NānārthMañ. 7 66; ŚabdaRaSaK. 140. 18.	. 381; ŚabdaBhePra.(Ma.) 4. 35; AnekāK. 695; NānārthMañ. 1482;	NānārthMañ. 272; ViśvaLoK. 47. 4; ŚabdaRaSaK. 59. 1;
Rāmāṣṭa.	8	Anyo. 408; Rāmāṣṭa. 98; AmaK. 468; AnekāSa. 387;	145. 8; Rāmāṣṭa. 36;	Rāmāṣṭa. 63; {@Bi@} Sanatkumāra
LaRaK.	8	LaRaK. 3111.	LaRaK. 2080;	LaRaK. 2484.
Rū.	8	(Rū.) 15.	(Rū.) 72.	(Rū.) 7; ŚṛṅgāMañ.(A.) 15. 28;
BrahmSphuSi.	8	BrahmSphuSi. 15. 16;	BrahmSphuSi. 15. 15;	BrahmSphuSi. 1. 17; 1. 26;
LāṅgU.	8	LāṅgU. 215. 5; with pain in	LāṅgU. ii. 216. 14;	LāṅgU. ii. 214. 12; {@2@} whose (digestive) fire is
LakṣmīNṛSt.	8	without limitations LakṣmīNṛSt. 17;	LakṣmīNṛSt. 5; {@B@} of untraceable origin, whose source	incomprehensible, LakṣmīNṛSt. 5.
ŚukRaU.	8	ŚukRaU. 258. 29 (2. 5)	ŚukRaU. 259. 15 (3. 5);	ŚukRaU. 259. 19 (3. 9); {@B@} (anātma-
SuvarṇaMā.	8	SuvarṇaMā. 20;	SuvarṇaMā. 41;	SuvarṇaMā. 86. 31.
YāśasCam.	8	YāśasCam.	YāśasCam. ii. 318. 1.	YāśasCam. i. 276. 6.
BhagaMāPū.	8	BhagaMāPū. 6.	BhagaMāPū. 8;	Kṛṣṇa) BhagaMāPū. 3;
BhavāBhu.	8	BhavāBhu. 15; YaśasCam. i. 9. 7; {@4@} not worth consi	BhavāBhu. 13; BhaktiSū.(Nā.) 3. 39;	BhavāBhu. 12;
NārāyUTāU.	8	SūryU. 510. 13; NārāyUTāU. 83. 5 (3);	PaU. 9. 13; NārāyUTāU. 81. 1 (1); ParamāU. 9. 3; ŚarabhU. 18; Śaṅkh	form NārāyUTāU. 82. 4(2);
SubhāNī.	8	SubhāNī. 2. 4.	AnekāTi. 2. 153; 3. 51; SubhāNī.	SubhāNī.
PārvaPa.	8	PārvaPa. 5. 24 (11)	PārvaPa. 1. 8.	HarṣaC. 254. 12; PārvaPa. 3. 1;
TrisaŚaPuC.	8	TrisaŚaPuC. iv. 7. 137.	TrisaŚaPuC. ii. 3. 793	35. 12; 70. 2; TrisaŚaPuC. iv. 4. 264;
VṛHāriSm.	8	VṛHāriSm. 9. 169; VṛGautaSm.	KulārT. 2. 25; VṛHāriSm. 1. 10;	VṛHāriSm. 8. 226.
MāṇḍūU.	8	MuṇḍaU. i. 1. 6; MāṇḍūU. 7;	MāṇḍūU. 7;	ŚatBr. XIV. vii. 1. 31; MāṇḍūU. 7;
BJP.	8	PadmP.(Ra.) 119. 5(BJP. Ed.)	, BJP. Ed., 1964)	(v. l. , BJP. 1959) PadmP.(Ra.) 119. 3.
RatiMañ.	8	RatiMañ. 14; PratāYaBhū. 55. 3;	TilaMañ. 33. 21; PañcSā. 1. 32; RatiMañ. 5; {@ii@} very short (in duration)	eyes RatiMañ. 6.
Śaunako.	8	Śaunako. 2. 7;	Śaunako. 2. 1;	Śaunako. 1. 4;
ŚastrDī.	8	125. 25 (1. 17); 143. 18 (1. 18); ŚastrDī. 154. 14 ( i.	ŚastrDī. 57. 11	ŚastrDī. 782. 20 ( x. 8. 11); SaṅkarKāBh. 152. 10 (
Kirāṇā.	8	Kirāṇā. 276. 23.	tive of excellence Kirāṇā.	2. 28); KāvyPra. 171. 4; Kirāṇā. 9. 5;
KāmKaVi.	8	KāmKaVi. 49.	IṣṭaSi. 242. 11; KāmKaVi. 19; Kāśi.	KāmKaVi. 45;
AnyāŚ.	8	ŚivLī. 10. 29; AnyāŚ.(Nī.) 61;	Mā. 192. 13; ĀryāŚ. 42; AnyāŚ.	AnyāŚ.(Nī.) 64; {@B@} very hard
R.	8	SubhāRaSaṃ. (R. Schmidt Ed., 1908) 697.	maining in the Absolute NyāySu.(Ja.) 486R. 7 (	1. 22 = DrāhyŚS. (Ed. B. R. SHARMA) xxv. 1. 20.
BrahmaS.	8	BrahmaS. i. 7. 88.	BrahmaS. ii. 3. 27; {@ii@} having more charm or lustr	BrahmaS. 1. 13. 118; VīraMi.(Āhnika.) 98. 17; (Lakṣaṇ
IndSpr.	8	IndSpr. 590.	IndSpr. 3473; {@Aii@}	IndSpr. 3485 (First Ed.); {@2B@} to go again and
AitU.	8	1. 4; AitU. 1 (1). 2;	(comm. ); AitU. 2. 3; ĀpaŚS.	1; AitĀ. ii. 5. 12; AitU. 2. 5;
YogCūU.	8	SkandP. iv. 41. 149; YogCūU. 50; DhyānBiU. 77;	YogCūU. 73;	YogCūU. 78;
Rhet.	8	{@3@} (Rhet.) considering one object as the other (owing	10 ( ii. 2. 19); MahāVyu. 110. 6-7; {@3@} (Rhet.) considering	copulation {@4@} (Rhet.) considering one object as the other (owing
Cpds.	8	as Anaṅga in the Cpds.) NārāyPūTāU. 76. 4 (4) =	(in Cpds.) a kind of house {@1Ai@} fire, ordinary fi	9. 124; (in Cpds.) (fire of jealousy)
VVP.	8	VāsaDa. 24. 1 (comm. Vimarśinī, VVP., p. 33	camels, VāsaDa. 24. 1 (comm. Vimarśinī, VVP., p. 33	(v. l. VVP. Ed., 1904)
ALS.	8	ALS. 8, 1953) TripāMaNāU. 373. 18 (7)	(? ALS. 97) Avalo. 50. 21 ( 2. 28)	paniṣads-ALS. Madras, 1953 A. D.);
PāśSū.	8	PāśSū. 10.	cleansing etc. PāśSū. 12. 10;	); PāśSū. 132. 1;
TURN.	7	POK. 283; TURN. 1.]	¦ (agaru) [TURN. 45; MAYR. / . .	¦ (agní) [IE. MAYR. DEBRU. p. 741; TURN. 55; Pok. 293 /
Mahī.	7	Uṇā.(He.) 527; Mahī. on VājaS. 10. 5;	) VājaS. 20. 27 (Mahī. );	ṚV. x. 82. 6; VājaS. 17. 30 (Mahī.
LiṅgP.	7	LiṅgP. ii.	LiṅgP. i. 98. 143; {@ii@} name of one of the eleven	the seed of the universe LiṅgP. i.
BālamBh.	7	VyavaMa. 150. 15; BālamBh. ii. 197. 21 ( 2. 135)	181. 6; BālamBh. iii. 28. 6	BālamBh. iii. 128. 29 ( 3. 234)
SāstrDī.	7	SāstrDī. 230. 1 ( 3. 2. 20);	SāstrDī. 124. 15 ( i. 1. 5);	SāstrDī. 572. 11 ( ix. 1. 1)
SaraRaU.	7	SaraRaU. 3. 23.	SaraRaU. 2. 9.	SaraRaU. 3. 6;
SaṅkṣeŚā.	7	or aspects SaṅkṣeŚā. 2. 136	SaṅkṣeŚā. 44 (i. 50. 9);	SaṅkṣeŚā. 1. 377 (i. 279. 25);
BrahmaVaiP.	7	BrahmaVaiP. ii. 10. 14; KūrmaP. 230. 1 (1. 21); KalkiP.	BrahmaVaiP. iv. 31. 73;	BrahmaVaiP. iv. 19. 18; MadaKeC. 102.
TaPra.	7	TaPra. 109.	TaPra. 151. 13)	TaPra. 9. 2; KośaKaTa. 1. 2795; KalpaK. 340. 1; Śab
MahāBhāDī.	7	1027. 9; MahāBhāDī. v. 42. 32;	MahāBhā. v. 33. 5; (MahāBhāDī. ;	MahāBhā. v. 137. 9 (JñānDī. and MahāBhāDī. ,
RājaTa.	7	BhāgP. iii. 13. 28; RājaTa.(Jo.) 1144.	RājaTa.(Ka.) 4. 192.	RājaTa.(Ka.) 8. 2126; one who does not belong to the
AsṭāSaṃ.	7	AsṭāSaṃ. i. 182. 21 (1. 37); Hastyāyur. 466. 29	AsṭāSaṃ. i. 219. 25 (2. 5); Kād. 42. 15;	AsṭāSaṃ. i. 118. 12 (1. 22)
NītiŚā.	7	NītiŚā. 4. 37;	NītiŚā. 12. 44; RājNīRa. 29. 20; BṛĀraU-	NītiŚā. 2. 13; RāmC.
ŚāśtrDī.	7	ŚāśtrDī. 146. 12 ( i. 1. 6)	Loc. 4. 17 ( 1. 1); ŚāśtrDī. 249. 2	ŚāśtrDī. 145. 12 ( i. 1. 6);
InduDū.	7	EI. xxi. 285. 28; InduDū. 122; {@B@}	249. 10; InduDū. 48; MūkaPañ. 5. 79;	InduDū. 104.
KaruṇāL.	7	YogVā. iii. 21. 79; KaruṇāL.	KaruṇāL.	KaruṇāL. 5.
Sau.	7	Sau. 175. 17 ( ii. 1. 34); AmṛUda. 4. 61;	Sau. 344. 18 ( iii. 3. 49); BhāvPra.	Sau. 69. 21 ( i. 2. 25)
SṛṅgāPra.	7	Kāvyāda. 3. 138 = SṛṅgāPra. 449. 3;	SṛṅgāPra. 386. 11;	ŚiśuVa. 2. 34 (comm. ) = SṛṅgāPra.
KauṣiGS.	7	KauṣiGS. iii. 9. 47;	MānŚS. 8. 21; 12. 22; 47. 13; KauṣiGS. i. 9. 9;	ŚāṅkhāŚS. iv. 14. 34 = KauṣiGS. v. 3. 23;
ĀtmaBoU.	7	9. 6; ĀtmaBoU. 1;	ce or false knowledge ĀtmaBoU. 26 =	ĀtmaBoU. 2. 3;
ŚārṅgPa.	7	cause (? v. l. ) ŚārṅgPa. 923.	AryāSaŚa. 13 = ŚārṅgPa. 466.	ŚārṅgPa. 1915; SāhiDa. 235. 2;
RāmoTāU.	7	BṛBrahmaS. i. 6. 29; RāmoTāU. 401. 18 (3. (1));	); RāmoTāU. 401. 8 (1. 2) (Dīpikā );	RāmoTāU. 403. 9 (4); NārāyPūTāU. 73. 20 (1);
GaṇePañ.	7	GaṇePañ. 4.	Ratnā. 4. 18 (2); GaṇePañ. 5; PañcPā.	GaṇePañ. 6;
ŚīvārkaMaDī.	7	ŚīvārkaMaDī. i. 360. 20 ( i. 2. 16);	ŚīvārkaMaDī. i. 35. 30 ( i. 1. 1); nature of	1. 4); ŚīvārkaMaDī. ii.
VītaRā.	7	TriṣaŚaPuC. ii. 3. 270; VītaRā. 12. 3.	TriṣaŚaPuC. ii. 6. 485; VītaRā.	RājTa.(Ka.) 1. 223; TriṣaŚaPuC. ii. 3. 387 = VītaRā. 3. 4;
Mītā.	7	Mītā. 318. 23 ( 2. 300)	35A. 10 (i. 13. 27); Mītā. 21. 6 ( 1. 66);	Mītā. 47. 8 ( 1. 136); Bālam-
CāndraPari.	7	CāndraPari. 76; {@1G@} not assumed (the form of somethin	. 1. 162); KātanPari. 4; JainePari. 3 (23) = CāndraPari.	ṣāpāṭha 12; KātanPari. 33; JainePari. 39; CāndraPari. 13; Śākaṭā-
JainePari.	7	JaineVyā. 263. 34 ( iv. 1. 140); JainePari. 88.	113) = PariVṛ.(Nī.) 39. 15 = ParibhāŚe. 96; JainePari. 38; Śākaṭā-	103. 19 ( vi. 1. 162); KātanPari. 4; JainePari. 3 (23) = CāndraPari.
ŚivP.	7	SkandP. i(1). 24. 12 = ŚivP. ii(3). 38. 15	ManuBh. ii. 388. 1 ( 11. 60); ŚivP. i.	ŚivP. vii. 9. 9 (511B. 5); {@C@} incapacity for di
ŚāstraDī.	7	ŚāstraDī. 6. 3 ( i. 1. 1); 97. 2 ( ii. 1. 1); 326. 1	256. 1 ( 9); Bhām. 124. 9 ( i. 1. 5); ŚāstraDī. 71. 13 ( i. 4. 6);	ŚāstraDī. 472. 11 ( vi. 3. 4);
MāliniT.	7	gible sense MāliniT. 4. 13.	MāliniT. 1. 32;	names representing Rudra MāliniT.
Sar.	7	Sar. 85. (1); 86. (6)	Sar. 129 [= AmaK. 1216; ParyāRaMā. 41. 898; Vai	Sar. 33; {@8B@} missing or passing over (the prop
DrāhyāGS.	7	PāraGS. iii. 5. 2; DrāhyāGS. iii. 2. 8;	DrāhyāGS. ii. 1. 5; GobhiGS.	DrāhyāGS. iii. 5. 27;
BhāDī.	7	BhāDī. ); iii. 77. 10; v. 1. 10 (BhārBhāDī. ); Am	BhāDī. );	BhāDī. )
KātyaŚS.	7	KātyaŚS. xiv. 2. 6.	xx. 14. 13; MānŚS. 47. 14; KātyaŚS. v.	KātyaŚS. xvii. 2. 12.
KuṇḍiU.	7	KuṇḍiU.	KaṭhRuU. 1; KuṇḍiU. 1; MuktiU. 2. 65;	KuṇḍiU. 9; SaṃnyāU. 3;
Tri.	7	Tri. 136. 9; {@2@} the state of being unchecked (	Tri. 111. 13.	Tri. 119. 8; BṛKathāK.
ĀnandL.	7	entire earth ĀnandL. 17.	ĀnandL. 5.	ĀnandL. 12;
Ba.	7	Ba. 239. 21.	Ba. 293. 14; NityoNi. 90. 3.	Ba. 12. 25; Bhāsk. i. 50. 20 ( i.
NirāU.	7	delimiting adjuncts NirāU. 255. 8.	NirāU. 255. 19.	374. 9 (7); NirāU. 255. 9; SiddhāSāU. 384. 2 (1);
SaŚa.	7	SaŚa. 99 (comm. )	SaŚa. 33*.	SaŚa. 57.
ĀśvŚS.	7	iii. 16. 2; ĀśvŚS. I. vi. 9. 7; BaudhGS. iii. 7. 27; ĀpaGS. vii	ĀśvŚS. I. iii. 13. 4.	ĀśvŚS. I. v. 14. 10.
Damaru.	7	Damaru. 34.	Ed.); SarvaMaSaṃ. 11. 10; Damaru. 13 (6); LalitāSaBh. 161. 11 ( 202);	Damaru. 81 (2); {@Ci@} what
RājNī.	7	ParamāKā. 70. 36; 173. 9; RājNī. 98. 26; ṢaḍrasaNi. 20. 13; AbhidhāCi.	27. 17; RājNī. 27.	RājNī. 356. 4.
NārāyPūTāU.	7	VidyāTāU. 471. 16; NārāyPūTāU.	as Anaṅga in the Cpds.) NārāyPūTāU. 76. 4 (4) =	RāmoTāU. 403. 9 (4); NārāyPūTāU. 73. 20 (1);
Se.	7	Se. 261. 2.	Se. 52. 14.	Se. 58;
BhavPra.	7	PratāYaBhū. 90. 9; BhavPra.(Śā.) 167. 12 (6)	BhavPra.(Śā.) 73. 19 (3)	BhavPra.(Bhā.)
SimhāDvā.	7	16. 13 (1. 1); SimhāDvā. 19. 2 (20);	PārśvC. 7. 399; SimhāDvā.	ŚatTrayī. 49; Subhāṣi. 3151; SimhāDvā. 122. 3;
GautaSm.	7	GautaSm. 567. 16 (9);	GautaSm. 529. 11 (5);	GautaSm. 576. 22 (10);
ŚivSaṃU.	7	altar ŚivSaṃU. 2 14.	ŚivSaṃU. 2 18; SadānaU. 378. 16;	ṚV.(Khila.) iv. 11. 10; ŚivSaṃU. 2 2; {@2A@} to gather or
PiMe.	7	PiMe. i. 9. 2.	PiMe. i. 8. 11; GautPiMe. ii. 7. 18;	PiMe. i. 19. 3.
PuṣpSū.	7	JaimiŚS. 4; PuṣpSū. ii.	PuṣpSū. ii. 5. 2.	LāṭyāŚS. vii. 5. 13; PuṣpSū.
Jivān.	7	ParamāKā. 114. 96; PadyaVe. 387; Jivān. 42. 3;	NīlaVi. 72. 18; 81. 22; 82. 9; 109. 16; Jivān. 136. 5;	DigVi.(Mā.) 8. 45; Jivān. 336. 2; Variva-
ŚukraNi.	7	ŚukraNi. 4 (5). 145; {@1E@} owned, possessed (with an	ŚukraNi. iv. 5. 61; {@Aiii@} flawless, careful, cauti	ŚukraNi. 3. 302.
TilMañ.	7	TilMañ. 80. 18.	TilMañ. 98. 14; {@ii@} jewel set in	TilMañ. 164. 18.
Gītālaṅ.	7	Gītālaṅ. 2. 14;	Gītālaṅ. 3. 24.	Gītālaṅ. 3. 20.
Yadavā.	7	Yadavā. 17. 56; {@2@} irreverence or displeasing act	Yadavā. 24. 19; BhārCam. 6. 102;	Yadavā. 12. 15.
NyāyK.	7	NyāyK. 42. 3; AbhinBhā. i. 325. 11 (	NyāyK. 6.	NyāyK. 6;
MohaMu.	7	MohaMu. 25;	UttārāC. 4. 26 (1); MohaMu. 18;	MohaMu. 4.
MayānaSū.	7	MayānaSū. 77. 12 (12. 2); ViṣṇuSm. 50. 31; ParāSm. 6.	MayānaSū. 7. 12 (1. 7)	MayānaSū. 110. 17 (16. 46 (2));
TāU.	7	TāU. 2;	TāU. 7.	TāU. 7.
KaṭhU.	7	BṛĀraU. iv. 4. 8; KaṭhU. 1. 21; 2. 13; MuṇḍU. ii.	subtle KaṭhU. 2. 8; KāṭhUBh. 126. 19 ( 2. 8);	KaṭhU.
DīpaKa.	7	5 (13); SūktiRa. 40. 11; DīpaKa. 63. 17 ( 2. 187);	DīpaKa. 39. 14 ( 2. 18)	DīpaKa. 12. 24 ( 1. 81)
Ca.	7	Ca. 262. 22 (10)	Ca. 101. 16 (4); CaitaCa. 142. 10	Ca. 251. 17 (10)
Dvā.	7	Dvā. 69. 3 (13);	Dvā. 153. 0 (7); 160. 4 (5)	Dvā. 31. 8 (2); 95. 2 (4); 143. 6 (8)
BhallāŚ.	7	BhallāŚ. 72; ŚārṅgaP. 1215; Subhāṣi.	BhallāŚ. 70 = Subhāṣi. 967; {@2Bvi@} to	BhallāŚ. 52;
GaṅeP.	7	GaṅeP. ii. 142. 7; Hastyāyur. 645. 11 (4. 15);	GaṅeP. i. 28. 6.	GaṅeP. i. 46. 222; {@3x@} Bṛhaspati
ŚivaS.	7	ŚivaS. 5. 114;	ŚivaS. 3. 89; {@3A@} absence, non-availabi-	ŚivaS. 3. 52;
ChSS.	7	(v. l. ) YājñaSm. 2. 51 (ChSS.,	KātyŚS. (ChSS. Ed. 1939) xv. 8. 24;	NāraS.(ChSS.
SiddhāSiA.	7	SiddhāSiA. i. 9. 21;	SiddhāSiA. i. 39. 12; {@Bi@} not having approached or g	SiddhāSiA. i. 119. 2; {@1Aii@} binding (in
AVPrāyaścitta.	7	AVPrāyaścitta. 4. 2;	AVPrāyaścitta. 4. 2;	AVPrāyaścitta. 4. 2; {@2B@} to deprive of
Sg.	6	active, (IE a in 1st per. Sg. and IE e in 3rd per. Sg. and probably 2nd pe	, (IE a in 1st per. Sg. and IE e in 3rd per. Sg. and probably 2nd per.	@2@} substitute for the stem before Voc. Sg.
ViśvaLok.	6	ViśvaLok. 407. 9; NānārthāSaṃ. i. 6. 1; EkārthaNā. 1.	46. 22; 83. 56; ViśvaLok. 245. 26; 371. 3; KāryKaVṛ. 87. 26 (3. 5); Ka	(Ru.) 7. 25; NānārthāSaṃ. ii. 143. 1094; ViśvaLok. 307. 183; {@ii@} verysharp
Jī.	6	Jī. 44. 22;	Jī. 190. 11.	Jī. 45. 21; AlaṅkāSa. 104. 5;
SaṅgīRa.	6	SaṅgīRa. ii. 177. 4; {@Di@} (Astronomy) the 9th part	SaṅgīRa. I. i. 7. 112;	SaṅgīRa. iv. 92. 5 (7. 314);
VaṃśBr.	6	VaṃśBr. 1. 27; {@6C@} of Śiva	Sāmaveda to Kaśyapa VaṃśBr. 2. 28; {@3xv@} presiding	VaṃśBr. 2. 22; {@2@} name of Skanda or Kārttikeya
BaudhāŚS.	6	BaudhāŚS. ii. 173. 5 (14. 12)	the top of a Yūpa) ĀśvaŚS. II. iii. 7. 17; BaudhāŚS. xx.	BaudhāŚS. i. 82. 8; ĀpaSS. vi. 29. 12;
AcyutaRā.	6	AcyutaRā. 8. 28; Raghunā. 4. 17;	AcyutaRā. 12. 7; KoṭiVi. 71.	AcyutaRā. 2. 53.
ĪśanŚiPa.	6	ĪśanŚiPa. ii. 62. 37.	ĪśanŚiPa. i. 32. 134.	258. 13; ĪśanŚiPa. i. 16. 100; {@2@} free
ĪśānŚīPa.	6	ĪśānŚīPa. i. 9. 34; VairāŚ.(Pa.) 76; TriṣaśaPuC. i.	ŚiPa. ii. 67. 14; ĪśānŚīPa. ii. 67. 31.	ĪśānŚīPa. i. 41. 108; DvyāśraKā.
Pat.	6	plain the form ; Vār. 1 extends it to and Pat. to	, Pat.; KāśiVṛ. P. vii. 2. 9; accent by P. vi. 1.	, quoted by Pat., Uṇā. 3. 70 Ujjvala.
CaSaṃ.	6	CaSaṃ. 31. 27; RājTa.(Jo.) 846.	CaSaṃ. 37. 7.	CaSaṃ. 109. 10; ParaNā. 2225; BallāC.
DevīBhāgP.	6	BhāgP. xi. 7. 26; DevīBhāgP. v. 12. 6;	DevīBhāgP. iii. 1. 18;	DevīBhāgP. i. 2. 40.
ŚākaṭāPari.	6	1. 320 ( P. i. 4. 91); ŚākaṭāPari. 8; PrakriKau. ii. 427. 2; Prasā. i. 402. 16;	tical operation or rule ŚākaṭāPari. 69;	letters or words, verbosity ŚākaṭāPari. 77;
Mār.	6	Mār. 14. 6;	Mār. 39. 12; KāvyPra. 717. 1;	Mār. 3. 14.
Ekāv.	6	Ekāv. viii. 55 (8);	Ekāv. viii. 27 (32) (265. 2); BhikṣāKā. 4. 6;	Ekāv. viii. 9. 1 (225. 3); SarvaDaSaṃ. 5. 187; 15.
RāmāCaṃ.	6	RāmāCaṃ. 4. 45.	RāmāCaṃ. 1. 46.	RāmāCaṃ. 1. 72; RāmāMañ.
NitiVā.	6	NitiVā. 28. 28.	NitiVā. 10. 114;	ii. 266. 7 ( 9. 80); NitiVā. 18. 13;
ĀryāSaŚ.	6	ĀryāSaŚ. 306;	ĀryāSaŚ. 425;	SiddhaHe. iii. 2. 145; ĀryāSaŚ. 374;
Suratho.	6	12. 53; Suratho. 15. 3;	Suratho. 6. 114; RasāSu. 173. 6 (2. 66);	PārthPa. 38 (2); Suratho.
PratybhiVi.	6	PratybhiVi. ii. 291. 3 (	PratybhiVi. ii. 111. 6 (ii. 3. 8);	PratybhiVi. i. 21. 5 ( i. 1. 1) (Bhāsk. ); {@1B@} perf
Sphutā.	6	( 2. 1); Sphutā.	AbhidhK. 4. 125 (Sphutā.	Sphutā. ii. 109. 8 (
VidvanMo.	6	i. e. undesirable VidvanMo. 4. 33.	VidvanMo. 7. 20; {@D@} lacking in thought	VidvanMo. 2. 15.
TīlaMañ.	6	TīlaMañ. 55. 23;	TīlaMañ. 194. 7; (with) no loss of time, (with) no	TīlaMañ. 77. 9.
RājeKaPū.	6	RājeKaPū. 60 = Subhāṣi. 2625;	RājeKaPū. 74; {@3A@} unbroken, not capable of	RājeKaPū. 23 = Subhāṣi. 2616.
TātpaT.	6	TātpaT.(Vā.) 418. 19 ( ii.	sensory organs TātpaT.(U.)	Pañ. 69. 4; TātpaT.(Vā.)
VeṇiSaṃ.	6	VeṇiSaṃ. 5. 161.	noble-minded VeṇiSaṃ. 6. 666 (verse	VeṇiSaṃ. 1. 101.
PaṇḍaC.	6	result, futile PaṇḍaC. 13. 234; {@ii@} not	doing any work, idle, lazy PaṇḍaC. 13. 234.	iv. 738. 19; PaṇḍaC. 3. 317;
Subhāṣī.	6	1. 4 = Tantrākhyā. 80. 19 = Hitopa. 3. 100 = Subhāṣī. 2715;	novel) glance Subhāṣī. 2226.	Subhāṣī. 841; {@ii@} extremely profound, very
ĀśramU.	6	ĀśramU. 3 = PrakaVi.	ĀśramU. 2; Praka-	AVPari. 72 (4). 2; ĀśramU.
ŚivārkaMāDī.	6	ŚivārkaMāDī. ii. 72. 35 ( ii. 2. 12)	ŚivārkaMāDī. ii. 387. 33 ( iii. 4. 12);	NyāyMāVi. 504. 17 ( x. 2. 18); ŚivārkaMāDī. i.
KoBh.	6	KoBh. 409. 13 ( 7. 25)	KoBh. 1. 16 ( 1. 1); PadmP.(Ra.) 39. 117;	KoBh. 104. 12 ( 4. 68);
AkṣMāU.	6	flower AkṣMāU. 486. 10.	AkṣMāU. 486. 12.	AkṣMāU. 486. 19 (5)
ŚivaPāKeSt.	6	continuously ŚivaPāKeSt. 23;	ŚivaPāKeSt. 18; PārvPa. 3. 2; MūkaPañ. 2. 75.	ŚivaPāKeSt. 26.
VedāntaKa.	6	146. 12; VedāntaKa. 431. 6;	VedāntaKa. 434. 21 ( iii. 3. 25)	VedāntaKa. 59. 13 ( i. 1. 3);
RaghuVaṃ.	6	RaghuVaṃ. 3. 13;	RaghuVaṃ. 4. 44.	RaghuVaṃ. 5. 25;
KūrmP.	6	KūrmP. 596. 8 (2. 20);	KūrmP. 123. 2 (1. 12); ŚaṅkaDigVi.	KūrmP. 272. 5; {@ii@} tormenting or burning like
GītāBhā.	6	ViṣṇuP. iv. 15. 14; GītāBhā.(Rā.) 544. 13 ( 11. 12)	GītāBhā.(Rā.) 564. 16 ( 12. 11)	GītāBhā.(Rā.) 598. 2 ( 15. 1)
KauśīBr.	6	KauśīBr. 16. 8 (72. 19);	iii. 6. 1; AitBr. 2. 1 (35); KauśīBr. 2. 8 (7. 7);	KauśīBr. 5. 5 (20. 4); TaiBr. I.
HāsyaCū.	6	HāsyaCū. 125. 3.	1. 82; PṛthvīVi. 2. 41; HāsyaCū.	HāsyaCū. 145. 17;
ŚrīVīraSt.	6	ŚrīVīraSt. 12.	ŚrīVīraSt. 12.	longing to all castes) ŚrīVīraSt. 4.
Subhāsi.	6	Subhāsi. 3411; ŚilpaRa. ii. 24. 76; AnekāSaṃ. 4. 286;	ŚatTrayī. 68 = Subhāsi. 2382;	87. 1 = AlaṅkāSa. 58. 13 = SūktiRa. 191. 1 = Subhāsi. 890 = Kuval. 33;
KaDru.	6	KaDru.]	KaDru.	KaDru.]
Dhi.	6	Dhi. 83. 8; 93. 7;	Dhi. 106. 3; GuruCandr. i. 11. 13; {@4@} negative	Dhi. 64. 4; non-egotism
SiddhHe.	6	i. 3. 59; SiddhHe. ii. 4. 35; MugdhaBo. 4. 16 (42. 18)	1. 199; SiddhHe. iii. 3. 23; MugdhaBo. 8. 45 (85. 20); 18. 14	ŚākaṭaVyā. i. 2. 180; SiddhHe. ii. 1. 10; Inst. sg. MahāBh. iii.
RāgVi.	6	RāgVi. 2. 15.	RāgVi. 4. 42 (comm.	RāgVi. 2. 43; 2. 19; 2. 23.
CaitCa.	6	BhikṣāKā. 11. 13; CaitCa.	CaitCa.	CaitCa. 171. 12 (7)
GītaGo.	6	GītaGo. i. 1. 1.	GītaGo. 7. 10; ŚrīKaC.	GītaGo. 11. 20. 3; EI. xii. 153. 52;
SiTrayī.	6	cognition of what is limited SiTrayī.	SiTrayī.	ii. 3. 18); UpadeSā. 132. 12; SiTrayī. 2. 21;
RaSa.	6	RaSa. 28. 97; PālaGoKa. 78;	RaSa. 9. 43.	RaSa. 5. 239; 11. 34; 14. 64; 20. 166;
SītāSva.	6	SkandP. i(1). 19. 9; i(1). 11. 79; SītāSva. 71;	SītāSva. 100.	KāvyaKaVṛ. 99. 31 (3. 5); SītāSva. 24;
ŚṛṅgāŚ.	6	lessness ŚṛṅgāŚ.(Ja.) 80.	ŚṛṅgāŚ. 60; MahāN. 4. 19; SāhiSā. 2. 28; AmaK. 285	ŚṛṅgāŚ.(Ja.) 50.
MaMa.	6	MaMa. 1. 14 (1); VasaViKā. 3. 7;	MaMa. 3. 10 (1)	MaMa. 5. 14; {@2@} beautification of the body
BhāṭṭaDī.	6	BhāṭṭaDī. iv. 117. 6 ( x. 8. 11);	i. 580. 7 ( i. 4. 29); BhāṭṭaDī. iii.	BhāṭṭaDī. ii. 7. 12 ( iii. 5. 6)
JābālaU.	6	JābālaU. 5; ParaHaṃsPaU. 483. 12;	JābālaU. 4;	HaṃsPaU. 483. 12; YājñaU. 601. 26 (2); JābālaU. 5; BālamBha.
AnnaA.	6	AnnaA. 9; name of one of the	SarvaVeSāSaṃ. 130; ViveCū. 35; AnnaA. 9;	AnnaA. 9.
Dv.	6	¦ (agnīndr-áu) (du.) [Dv. Cpd. accent: VājaPrāti.	¦ (agnī́-parjányau) [du. Dv. Cpd. P. vi. 3. 27;	¦ (agnī́-váruṇau) [du., Dv. Cpd. P. vi. 3. 27; JaineVyā.
Suparṇādhyāya.	6	Suparṇādhyāya. 28. 1;	Suparṇādhyāya. 13. 3;	Suparṇādhyāya. 30. 7;
Viṃśa.	6	knowledge, nescience Viṃśa. 15;	Viṃśa. 12; SarvaSiSaṃ. 4 (1). 13; {@iii@} very litt	Viṃśa. 13;
ViraBhā.	6	ViraBhā. 1. 89;	Acyutarā. 5. 30; ViraBhā. 1. 1;	BhojaPra. 74. 15; SiṃhāDvā. 38. 18; ViraBhā. 2. 29;
SaraKaṇthā.	6	to form ) SaraKaṇthā.(Gr.) ii. 2. 70.	Vikramo. 3. 19; SaraKaṇthā. 681. 4;	SaraKaṇthā. 48. 12.
PadaPā.	6	¦ (aghāy-ú) [cf. P. vii. 4. 37; PadaPā. ; TaiPrāti.	22 / PadaPā. and Prāti. take it as a case of final length	¦ (ádhipat-ya) sovereignty, lordship [PadaPā. for ā́dhi-
ĀnaMandā.	6	ĀnaMandā. 75; Nārāy. x. 51. 3;	ĀnaMandā. 48.	ĀnaMandā. 35;
TSS.	6	HarṣaC. (TSS. Ed.) 307. 1 =	Sarakaṇṭhā.(Gr.) ii. 1. 43 (TSS. Ed.)	(v. l. TSS. Ed.) SaraKaṇṭhā.(Gr.) ii. 2. 124.
JyotiṣaNi.	6	JñātāDhaṬ. 125B. 3; GaṇiNā. 37; JyotiṣaNi.(Rāśi.) 6; {@5A@} name	JyotiṣaNi. RāśiNi. 1; {@5A@} course of the planet Venus	Śe. iii. 3. 81; {@11@} , JyotiṣaNi.(Rāśi.) 12; AbhidhāCin. 1343;
Ve.	6	Ve. 392.	Ve. 120.	Ve. 275; ĀnandRa. 1. 14; [Kośas give synonyms
BrahmaU.	6	BrahmaU. 167. 5;	BrahmaU.	BrahmaU. 168. 19; VaṭuU. 313. 12; SadānaU. 378. 8;
SrutaPra.	6	SrutaPra. iA. 159. 15	its head (i. e. in front) SrutaPra. iA. 12. 13	18. 40); SrutaPra. iA. 39.
Mahābhā.	6	898*(1); HariVaṃ. 2. 51; Mahābhā.	much Mahābhā. xii. 88. 11.	Mahābhā. xii. 161. 24; {@4B@} priceless (i. e. of a
JānaCaCā.	6	JānaCaCā. 63.	JānaCaCā. 80.	JānaCaCā. 21.
HaṃsU.	6	HaṃsU. 2. 0 ( 13)	MahāU. 4. 118; HaṃsU. 1. 3;	HaṃsU. 2. (147. 11); Tātpa-
Yo.	6	Yo. 69. 5; BṛNāraP. 2. 47;	Yo. 70. 14; AnekāSaṃ. 4. 286;	Yo. 23. 44; Hastyāyur. 110. 5 (1. 15);
Hitop.	6	Hitop. 2. 50.	PañcT. 1. 2 (8. 9); Hitop. 2. 8 (3);	Hitop. 1. 43;
IṣṭāSi.	6	IṣṭāSi. 344. 13.	science etc. IṣṭāSi. 61. 5;	IṣṭāSi. 295. 17;
SarvāSi.	6	SarvāSi. 9. 9 (427. 8)	or concealed SarvāSi. 3. 24 (338.	SarvāSi. 1. 20 (123. 4)
Bi.	6	Bi. 46. 2; 48. 1; SiddhāLeSaṃ. 88. 4; SiddhāTa.	Bi. 30. 2; NyāyRa. 56. 12 ( 2. 37);	Bi. 109. 5;
Śa.	6	Śa. 504.	Śa. 16.	Śa. 59; {@ii@} punishment KalpaK. 240. 52.
NṛttaSaṃ.	6	NṛttaSaṃ. 286;	NṛttaSaṃ. 277.	NṛttaSaṃ. 174.
JivanVi.	6	TarkBhā.(Ke.) 60. 2; JivanVi. 59. 2; NyāySu.(Ja.) 173B. 5 ( i. 3. 3);	JivanVi. 97. 18;	JivanVi. 58. 14.
ṢaṭCakraNi.	6	ṢaṭCakraNi. 12.	ṢaṭCakraNi. 43; SūktiSu. 115 = PadyaVe. 70;	ṢaṭCakraNi. 47;
ViSaṃ.	6	ViSaṃ. 6. 21;	ViSaṃ. 13. 1.	ViSaṃ. 2. 3; PadmPrā. 21. 18;
Stu.	6	Stu. 76.	Ind. Stu. 15. 222, FN. 2.	), Ind. Stu. 15. 222. FN. 2; 15. 444 (column 2)
UBr.	6	UBr. 1. 16; Rāmā. vi. 3153*(3);	UBr. 2. 2; LaṚkTanSaṃ. 141; {@ii@} theft	UBr. iii. 4. 12.
SṛṅgāMañ.	6	( i. 1. 4); SṛṅgāMañ.(A.) 10. 3;	SṛṅgāMañ.(A.) 14. 9.	SṛṅgāMañ.(A.) 13. 24.
Alaṅ.	6	Alaṅ. 4. 24 = AbhisaAlaṅĀ. 357. 1;	Alaṅ. 3. 16;	Alaṅ. 1. 54.
MadhyāViSūṬ.	6	MadhyāViSūṬ. 45. 15;	MadhyāViSūṬ. 19. 17;	MadhyāViSūṬ. 41. 8
RājT.	6	RājT.(Ka.) 4. 2244;	RājT.(Ka.) 7. 510; {@1Bii@} not fit to be seen,	RājT.(Ka.) 1. 130.
ŚivākaMaDī.	6	AṇuBh. 87. 19 ( i. 3. 25); ŚivākaMaDī. i.	DaKau. 103. 17 = ŚivākaMaDī. i. 487. 15 ( i. 3. 39);	ŚivākaMaDī. ii. 145. 30
PadyaCū.	6	PadyaCū. 5. 41.	PadyaCū. 1. 58 (comm.	PadyaCū. 6. 22 (comm.
SadānaU.	6	ŚivSaṃU. 2 18; SadānaU. 378. 16;	SadānaU. 378. 14;	BrahmaU. 168. 19; VaṭuU. 313. 12; SadānaU. 378. 8;
SītāU.	6	SītāU. 6;	come into existence SītāU. 6;	the mind AhirbuS. 12. 14; SītāU. 6.
KātanPari.	6	103. 19 ( vi. 1. 162); KātanPari. 4; JainePari. 3 (23) = CāndraPari.	KātanPari. 12;	ṣāpāṭha 12; KātanPari. 33; JainePari. 39; CāndraPari. 13; Śākaṭā-
SūryTāU.	6	SūryTāU.	U. 2. 16; AŚiraU. 5. 1; 5. 8; MahāNāU. 2. 1; SūryTāU.	( 1. 25); SūryTāU. 55. 20 (1);
DakṣiMūA.	6	DakṣiMūA. 9;	DakṣiMūA. 9; {@1Bix@} name of a	DakṣiMūA. 7;
SarvaSāU.	6	MahāU. 4 (128); SarvaSāU. 1;	SarvaSāU. 2; {@5@} investigating, searching, tracing	SarvaSāU. 3 (254. 4)
MahāNāU.	6	1. 6; ŚvetāU. 2. 16; AŚiraU. 5. 1; 5. 8; MahāNāU. 2. 1; SūryTāU.	2 (811. 4) (Sāy. ); MahāNāU. 9. 11	); Baudh.Ds. ii. 7. 9; MahāNāU. 16. 2; {@2B@} (one) who destroys,
KāvyālaṅSūVṛ.	6	KāvyālaṅSūVṛ. iv. 3. 17;	KāvyālaṅSūVṛ.	KāvyālaṅSūVṛ. 5. 2 ( i. 2. 12);
Skt.	5	used in P. i. 3. 2 as an probably because Skt. has no distinctive	GītGo. xii. 24. 17 (Skt. Academy Ed. Sañjivanī	¦ (adri-ghaṭṭa) [Skt. from NIA mountain pass
Pr.	5	¦ (aicadeva) Pr. name of a Brahmin, a donee	¦ (aiculā) Pr. name of a Brahmin	¦ (aibuka) Pr. name of an Arabic king
DaśāvC.	5	DaśāvC. 8. 16;	DaśāvC. 8. 538.	DaśāvC.
TantraSa.	5	TantraSa. 2. 95 = ŚilpaRa. ii. 9. 8.	PārśvC. 6. 758; TantraSa. 10. 104;	{@4@} base of the pilaster TantraSa.
VakroJi.	5	Śāk. 3. 38 = VakroJi.	(Dha.) 11. 9; VakroJi. 106. 5;	VakroJi. 5. 12;
Comm.	5	Chandonu. 4. 25 (Comm.	Comm. TrikaŚe. iii. 3. 110;	Comm. AnekāSaṃ. 2. 108; {@1C@} scrotum
RaSi.	5	RaSi. i. 2. 21; TristhaSe. 20. 7;	RaSi. iv. 9. 4.	RaSi. iii. 4. 24.
KhaṇḍanKha.	5	KhaṇḍanKha. 777. 15;	KhaṇḍanKha. 718. 16;	KhaṇḍanKha. 698. 3;
Bālakrī.	5	Bālakrī. i. 91. 12 ( 1. 96); {@B@} non-performance o	YājñaSm. 2. 36; Bālakrī. i. 279. 6	twice-born Bālakrī. i. 52. 24 ( 1. 38)
SābaBh.	5	SābaBh. 1284. 2 ( iv. 4. 34); 1481. 5 (	SābaBh. 1545. 21 ( vii. 2. 13);	NidāSū. 95. 8 (5. 13); SābaBh. 642. 12
PītāU.	5	PītāU. ii. 422. 8.	PītāU. 422. 7;	PītāU. 421. 16.
ĀgniVeGS.	5	KauśiSū. 86. 14 ĀgniVeGS. ii. 3. 3 (56. 22);	Vi. 941. 7; ĀgniVeGS. i. 6. 1 (64. 11); iii. 12. 1	4. 10; VaikhāŚS. 7. 6; ĀgniVeGS. i. 6. 3 (37. 21)
Alt.	5	¦ (á-kavāri) [DEBR. Alt. Gr. II. 2. p. 288.	¦ (a-kupya) [? PW., pw., and MW. ( ) Alt. Gr. II.	¦ (at-asá) [Alt. Gr. I. 10(átasa?); DEBRU. p. 236;
SṛṅgāTi.	5	SṛṅgāTi.(Rā.) 14 (1); {@E@} without a purpose	SṛṅgāTi.(Rā.) 19.	SṛṅgāTi.(Ru.) 2. 18 = SaduktiKa. 133. 28.
Śau.	5	Aprāti. 34; CaturA (Śau.) 1. 101; LaṚkTanSaṃ. 56; MahāBh. i. 15. 3	(Śau.) 3. 57.	(Śau.) 1. 94.
LaṚkTanSaṃ.	5	Aprāti. 34; CaturA (Śau.) 1. 101; LaṚkTanSaṃ. 56; MahāBh. i. 15. 3	LaṚkTanSaṃ. 57.	LaṚkTanSaṃ. 1; 78;
BṛAraUBhVā.	5	iv. 4. 10; iv. 4. 447; BṛAraUBhVā.	BṛAraUBhVā. iii. 8. 175;	BṛAraUBhVā.(Sambandha.) 568.
Subhaṣi.	5	SkandP. i(2). 1. 46 = SūktiRa. 37. 14; Subhaṣi. 3267;	ŚatTrayī. 24; SūktiMu. 8. 34; Subhaṣi. 464;	= SūktiRa. 153. 10 = Subhaṣi. 2507;
ŚāstrDīPra.	5	Kiraṇā. 120. 9; ŚāstrDīPra.	ŚāstrDīPra. 590. 9 ( i. 1. 6); {@B@} the state of being	ŚāstrDīPra. 63. 28 ( i. 1. 2)
ViṭaVṛ.	5	ViṭaVṛ. 22;	ViṭaVṛ. 1 = Subhāṣi. 10; NītiSā. 1. 54;	MahāBhā. v. 474*(1); ViṭaVṛ. 25.
GilMs.	5	GilMs. iii(2). 160. 9.	) GilMs. iii(2). 37. 1.	GilMs. iii(2). 3. 18;
BṛĀraUBhāVā.	5	BṛĀraUBhāVā. i. 4. 578.	BṛĀraUBhāVā. i. 4. 988;	BṛĀraUBhāVā. i. 4. 841 (comm.
AmaKoUd.	5	Vaija. 129. 74; AmaKoUd. ii. 9. 91;	acc. Āgrāyaṇa, from Nir. 1. 9; from , AmaKoUd.	550B. 3; ( AmaKoUd. 17. 14 ( i. 1. 53));
BhāgGī.	5	Rāmā. ii. 58. 38; BhāgGī. 18. 10;	BhāgGī. 2. 11 = VarāP. 187. 53; AgniP.	1. 29; BhāgGī. 14. 21; VijñāŚ. 88; BṛParāSm. 1. 61; 12. 175
PañcaDa.	5	PañcaDa. 8. 24;	PañcaDa. 6. 27;	PañcaDa. 7. 283 (comm. );
RāPa.	5	RāPa. 3. 46 (1); Ekāva. viii. 2. 39; TirthaKa. 31.	RāPa. 1. 6; SaṃgīRa. i. 102. 3 (1 (4). 7); EI. i	RāPa. 3. 58 (37)
Vaij.	5	AbhidhāRaMā. 3. 30; Vaij. 155. 12; 266. 15; TrikāŚe. 3. 328; AnekāSaṃ.	387; Vaij. 266. 15; AnekāSaṃ. 4. 237; VīśvaPra. 146. 25	(v. l. ) NāmaMāli. 514; Vaij. 117. 163.
Kāśī.	5	( ) bath Kāśī. i. 51. 15	Kāśī. i. 34. 14 ( 1. 74)	Kāśī. ii. 5. 16 ( 5 (1). 11)
Sāk.	5	Sāk. 5. 23. (1)	Sāk. 4. 17; Sara-	permitted or consented Sāk. 4. 12.
SVSaptaLa.	5	SVSaptaLa. 42; YogSū.	SVSaptaLa. 25;	SVSaptaLa. 121; {@B@} absence of apprehension or of cog
PadMāñ.	5	PadMāñ. KāśiVṛ. P. i. 4. 61.	PadMāñ. KāśiVṛ. i. 1. 14;	( iv. 1. 161); PadMāñ. KāśiVṛ. P. iv. 1. 161;
VedārthSaṃ.	5	VedāntSā.(Rā.) 147. 6 ( ii. 1. 13); VedārthSaṃ.	i. 58. 31; VedārthSaṃ. 138. 8;	VedārthSaṃ. 149. 13.
Nīl.	5	MahāBhā. i. 217. 19; (Dev. ; Nīl. ); MatsyaP.	MahāBhā. v. 75. 14 (Nīl.	17. 35 (Nīl. );
ŚāraBhuA.	5	ŚāraBhuA. 137. 3; BṛParāSm. 2. 14; PauṣkS. 41. 84;	ŚāraBhuA. 8.	ŚāraBhuA. 1; Tantrākhyā.
DhaṬ.	5	DhaṬ. 83B. 14; {@3@} an assignment of property for	DhaṬ. 40A. 14, cf. {@ @}.	DhaṬ. 66B. 8; Candrā. 5. 96;
ŚaṅkhāŚS.	5	ŚaṅkhāŚS. vii. 26. 4;	ŚaṅkhāŚS.	ŚaṅkhāŚS. i. 3. 12; i. 8. 10; ii. 3. 5; iii. 8. 8;
GaurīDa.	5	GaurīDa. 4.	12. 376; TattvSaṃ. 1840; GaurīDa. 7;	297. 1 ( 10. 39); ŚatŚlo. 38; GaurīDa. 8; ViṣṇuPādāSt. 9; ŚrīRāmaBhuSt.
TantraRā.	5	TantraRā. 17. 20; 34. 28.	TantraRā. 30. 90.	AmṛUda. 4. 80 (9); 5. 11 (13); ŚṛṅgāSar. 19; TantraRā. 9. 84;
BrU.	5	BrU. 3. 2; KauṣīBr. 7. 4 (30. 5); 7. 4 (30. 20);	BrU. 2. 8 (p. 50) (Ed. Cowell, 1861); SetuBa. 2	BrU. 1. 1; TaiĀ. ii. 19. 1 (275. 2);
VP.	5	NītiSā. 4. 7 (VP. Ed.)	(BI. Ed., VP. Ed.)	ṚtuSaṃ.(VP.
Nyāyamṛ.	5	Nyāyamṛ. 638A. 4.	Nyāyamṛ. 329B. 6;	Nyāyamṛ. 528A. 8;
RomāŚ.	5	RomāŚ. 85.	RomāŚ. 93.	RomāŚ. 10; {@1@} end, top
GopālaPūTāU.	5	GopālaPūTāU. 1. 4.	GopālaPūTāU. 1. 4.	GopālaPūTāU. 1. 5;
AśvaŚā.	5	1. 109; AśvaŚā. 8. 3;	AśvaŚā. 16. 13 etc.)	AśvaŚā. 29. 42; KośaKaTa. 1. 6035; {@1@} name of a
MudgU.	5	MudgU. 408. 27 (4); KāliU. 402. 18; GāyaRaU. 408. 2	MudgU. 409. 8 (4);	by heart MudgU.
Dramat.	5	PāraS. 12. 187; {@5@} (Dramat.) devoid of	{@2A@} resolve, decision of will {@B@} (Dramat.) expression of resolve or	(4); {@2B@} (Dramat.) expression of resolve or determination or s
AcyutA.	5	Agastya AcyutA. 5.	BhagaMāPū. 8; AcyutA. 4;	ṭhā. 127. 4; EI. xii. 13. 2; PāraS. 13. 182; AcyutA. 4;
Para.	5	(Para.) (95) 3606; ViśvaLoK. 310. 209; ŚabdaRa.(Su.	(Para.) (161)3763; AmaK. 1550; ParyāRaMā. 1448; Abh	(Va.) 16; (Ha.) 24. 2; (Para.) (28) 3444] {@i@} joined open palms (as a
DaṇḍVi.	5	DaṇḍVi. 295. 19; Hastyāyur. 389. 9 (3. 6)	DaṇḍVi. 40. 3.	on demerit DaṇḍVi. 19. 14.
AryāSaŚa.	5	AryāSaŚa. 13 = ŚārṅgPa. 466.	AryāSaŚa. 261; RasāSu. 74. 18 (1. 270);	Lakṣaṇā. 12. 1; AryāSaŚa.
ŚkandP.	5	AtriS. 254=ŚkandP. iv. 40. 102; ŚiśuVa. 10. 29;	(iv. 161. 35); ŚkandP. v(3). 39. 7.	ŚkandP. ii(9). 25. 68.
TājiNi.	5	TājiNi. i(1).	TājiNi. iii(1) (5). 107 (359); act of going astray	VasiS. 18. 14; TājiNi. iii. 5. 20
MayūMali.	5	MayūMali.	MayūMali. 234. 16 ( iii. 3. 2);	MayūMali. 415. 13 ( v. 1. 11); {@5@} contrary, opposi
MānaSo.	5	MānaSo. ii. 20. 1071; Māna-	MānaSo. ii. 3. 283.	MānaSo. iii. 1. 237;
KaṭhŚrU.	5	KaṭhRuU. 1=KaṭhŚrU. 2 (3);	KaṭhŚrU. 1;	KaṭhŚrU. 2. (2); KaṭhRuU. 1;
KauṣīU.	5	ŚāṅkhāĀ. 3. 3 (11. 23) = KauṣīU.	(22. 3)= KauṣīU. 3. 8; TaiĀ. vii. 7. 1	KauṣīU. 4. 9;
NitiSā.	5	NitiSā. 2. 27;	NitiSā. 4. 37; AgniP. 238. 22; GaṇeP. ii. 32. 6;	NitiSā. 20. 10;
BṛKathaŚloSaṃ.	5	BṛKathaŚloSaṃ. 17. 175;	Rāmā. vii. 6. 69; BṛKathaŚloSaṃ.	BṛKathaŚloSaṃ. 18. 461.
ŚrīkaC.	5	ŚrīkaC. 2. 22;	PraboCan. 2. 35; ŚrīkaC. 6. 73;	ŚrīkaC. 2. 28 (comm.
SaṃgīPā.	5	SaṃgīPā. 308.	SaṃgīPā. 3. 5;	SaṃgīPā. 505.
PārŚvC.	5	PārŚvC. 3. 71;	be uttered PārŚvC.	YogŚā. 1. 38; PārŚvC. 6. 543;
BṛkathāŚloSaṃ.	5	BṛkathāŚloSaṃ. 6. 22; 14. 35; 18. 539;	BṛkathāŚloSaṃ. 20. 310.	BṛkathāŚloSaṃ. 18. 599;
MantrMāSta.	5	6. 61; 9. 27; MantrMāSta. 2;	MantrMāSta. 7;	MantrMāSta. 250. 6; CaitaCa.
KalpK.	5	KalpK. 34. 130; NāmMā. 38; AnekāTi. 2. 20; RājNi. 2	1. 5813; KalpK. 93. 38; {@iii@} name of a king of Magadha co	6. 921; (v. l. ) KalpK.
NavSāC.	5	BālBhā. 1. 30; 1. 27; NavSāC.	( 5 (2). 46); SarvaVeSāSaṃ. 761; NavSāC. 13. 63;	NavSāC. 10. 27; improper action
SārṅgaPa.	5	DhūrtaSa. 87. 16; SārṅgaPa. 3478; UjjvaNīMa.	SārṅgaPa. 3861;	SārṅgaPa.
LaŚābdeŚe.	5	LaŚābdeŚe. i. 252. 4;	LaŚābdeŚe. i. 42. 10;	LaŚābdeŚe. i. 379. 90; i. 213. 7; {@ii@} (signifying) u
ŚaRa.	5	ŚaRa. 2. 444.	ŚaRa. 2. 2; MediK. 161. 59; DharK. 2368; NānārthaM	ŚaRa. 2. 21; {@3@} indigestion cf. {@ @}; {@4@} Su
GotaSt.	5	GotaSt. 18.	GotaSt. 10; Gurvā. 373; 4. 14;	BhaviP. 321B. 18 (ii(1). 4. 40); GotaSt. 10;
KanDhāSt.	5	KanDhāSt. 1.	KanDhāSt. 4;	KanDhāSt. 4;
PañcTa.	5	BṛSaṃ. 70. 16; Tantrākhyā. 116. 7; PañcTa.	Rā. 1. 54; PañcTa. 3. 76 (346. 6);	MatsyaP. 11. 59; PañcTa. 3. 77 (348. 2); PadmaPrā. 15. 23;
PadmaPrā.	5	PadmaPrā. 6. 5; 10. 20;	PadmaPrā. 6. 12.	MatsyaP. 11. 59; PañcTa. 3. 77 (348. 2); PadmaPrā. 15. 23;
Rañ.	5	Rañ. 40; {@ii@} continuous enjoyment, RasiRañ. 40	Rañ. 73.	Rañ. 39.
GaṅRa.	5	GaṅRa. 7. 426 (450);	3. 73; GaṇPā. 186. 19; GaṅRa. 3. 187 (229);	included in the GaṇPā. 80. 10; GaṅRa. 7. 436 (460);
MaVākyaU.	5	MaVākyaU. 585. 15;	488. 13 = DevīU. 22 = MaVākyaU. 586. 1; RudraJābāU. 569. 26 (3 );	MaVākyaU. 585. 12;
Lī.	5	Lī. 1. 39.	Lī. 11. 5; Vaija. 173. 2; DharK. 431; ŚabdaRa.(V	Lī. 8. 18;
Yā.	5	Yā. 1. 11;	(Yā.) 72. 20; characteristics of unrighteousnes	(Yā.) 72. 25; VedāntKa. 132. 6
SiSūMañ.	5	SiSūMañ. 1. 109.	SiSūMañ. 4. 22 (comm. ); AmaK.	SiSūMañ. 3. 8.
VārāP.	5	( i. 10. 2); UpadeSā. 213. 2; VārāP. 69. 2; BrahmP. 78. 19; PadmP. iv.	VārāP. 189. 3; ManvaVi. 1268. 22 ( 9. 319);	VārāP. 118. 13;
CaturveU.	5	66. 23; CaturveU. 21. 4; MahāU. 1; VāsuU. 406. 9;	AśiraU. 3. 1; CaturveU. 21. 17; VaṭuU. 315. 2; SaurP.	CaturveU. 21. 2;
AuśaSm.	5	AuśaSm. 1; SamarāSū. 5. 85; 10. 107;	AuśaSm. 6; (caus.) to restore to life, to revive	ceptor AuśaSm. 3.
GOS.	5	85. 22 (comm. GOS. Ed. p. 106 )	(v. l. (GOS.)) ViṣṇuDhaP. iii. 40. 18.	(v. l. GOS. Ed.) NyāyRaMā.
NyāySi.	5	Pra. ii. 224. 25 ( ii. 1. 12); NyāySi.	425. 2; iii. 194. 20; NyāySi. 208. 12; NyāySu.(Ja.) 21A. 6 ( i. 1. 1);	NyāySi. 197. 15; ŚaṅkaDigVi.(Mā.) 14. 10;
RāghPān.	5	i. 11. 6; VasiS. 36. 16; RāghPān.(Ka.) 10. 25;	warriors as guests of RāghPān.	RāghPān.(Dha.) 15. 20.
YamunāA.	5	YamunāA. 1. 6; VarāP. 155. 42; PañcT.	calamity YamunāA. 4.	ŚatŚlo. 64; YamunāA. 1. 5;
HaraṣaC.	5	HaraṣaC. 36. 9; 165. 4;	very difficult to discard HaraṣaC.	HaraṣaC. 320. 20; 169. 7;
IndSt.	5	iii. 1. 80; fourteenth night of Karmamāsa, IndSt. 10. 296	Caraṇavyūha in IndSt. III. 269.	537. 4 ( x. 4. 9); IndSt.
M.	5	(M.) 57B. 11 ( iii. 3. 47); PrakaVi. 381. 21;	/ Nom. sg. M. F. P. vii. 2. 107; Kātan. ii. 3. 32; SiddhaH	M. S. APTE Ed. 1907) Hitopa. 0. 4; {@B@} the
SaṃkarKāBh.	5	SaṃkarKāBh. 211. 3 ( iv. 3. 21);	SaṃkarKāBh. 21. 8 ( i. 2. 24);	SaṃkarKāBh.
NilaP.	5	NilaP. 771.	(v. l. ) NilaP. 929.	gods) NilaP. 620;
PārthaPa.	5	PārthaPa. 8.	PraboCan. 2. 11 (24. 17); PārthaPa.	PārthaPa. 51. 6; 18. 2; Pramā-
MantriU.	5	MantriU. 13.	MantriU. 4;	MantriU. 4;
CūliU.	5	Atharvaveda (v. l. ) CūliU. 14	CūliU. 11; MantriU. 11;	CūliU. 5.
Vṛtti.	5	MugdhaBo. 26. 80 (158. 17) (Vṛtti.	(Vṛtti. ); JaimiŚS. 7;	sound CāndraVyā. v. 4. 121 (Vṛtti.
ŚṛṅgāSa.	5	PadyaVe. 234; ŚṛṅgāSa. 88; MahāNā. 4. 9.	ŚārṅgaPa. 3052; ŚṛṅgāSa. 86 (5);	AdbhuDa. 7. 8 (8); ŚṛṅgāSa.
VastuAva.	5	VastuAva. i. 114. 2; {@B@} endurance, sufference, putt	VastuAva. ii. 493. 2; SaddhaPuṇ.	VastuAva. iii. 266. 1; LaṅkāSū.
UpaniSū.	5	UpaniSū. 7. 5;	UpaniSū. 6. 22; GautDS. iii. 1. 18 =	UpaniSū. 2. 20;
DevīU.	5	AkṣaMāU. 488. 12 = GaṇU. 571. 13 = DevīU. 22 = NārāyU. 5 = MaVākya-	488. 13 = DevīU. 22 = MaVākyaU. 586. 1; RudraJābāU. 569. 26 (	DevīU. 10; 17; MahāBh. i. 2. 20
NārāyU.	5	ṣaMāU. 488. 12 = GaṇU. 571. 13 = DevīU. 22 = NārāyU. 5 = MaVākya-	NārāyU. 3; BhasmJāU.	NārāyU. 4;
DattāU.	5	GāyaRaU. 408. 15; DattāU. 1;	ŚāṇḍU. 419. 24 (3. 2); DattāU. 2;	DattāU. 2.
CāṇaRāNīŚā.	5	CāṇaRāNīŚā. 8. 21; ŚiśuVa. 2. 29; SarvaVeSāSaṃ. 225;	CāṇaRāNīŚā. 7. 54; Subhāṣi. 2710;	CāṇaRāNīŚā. 6. 22;
NirU.	5	Nir. 13. 19 = 14. 6 (230. 17); NirU. 28. 16(20);	NirU. 29. 7 (2); (pass.) to become ripe	NirU. 29. 12 (21); Nir. 13. 29 =
DakṣiMūVaMāSt.	5	DakṣiMūVaMāSt. 22;	DakṣiMūVaMāSt. 6;	DakṣiMūVaMāSt. 6;
Tp.	5	74; before a vowel, accented initially in Tp., P. vi. 2. 2,	Tp. Cpd.) SiddhaHe. ii. 4. 96. (Vṛtti	the Tp. Cpd. formed with the word denoting the whole
ŚrīViṣṇuBhuSt.	5	ŚrīViṣṇuBhuSt. 13;	ŚrīViṣṇuBhuSt. 13; {@2Fi@} to remember (with	ŚrīViṣṇuBhuSt. 12;
Vyu.	5	Vyu. 29. 13; {@2@} absence of (deliberate) applic	Vyu. 30. 27.	Vyu. 281. 120; {@1B@} gist of duties
ViṣṇuSa.	5	MahāBhā. xiii. 135. 6 = ViṣṇuSa. 6; Mahā-	Bhā. xiii. 135. 18 = ViṣṇuSa. 18;	ViṣṇuSa. 86 (Śaṅ. );
Mo.	5	(Mo.) 32. 21;	(Mo.) 37. 25;	(Mo.) 3. 13;
JaiNyāMā.	5	207. 10; {@B@} false speech JaiNyāMā. 15	JaiNyāMā. 651. 5 ( xi. 3. 16)	JaiNyāMā. 98. 19 (
ŚilpRa.	5	ŚilpRa. ii. 18. 26;	ŚilpRa. ii. 24. 92.	ŚilpRa. ii. 24. 93; {@2@} the last digit, the number
EkāNā.	4	i. 6. 1; NānārthaMa. 11; NānārthRaMā. 25; EkāNā.(A.) 5; AnekāTi. 1. 5;	38; 39; NānārthRaMā. 25; 26; 52; 53; EkāNā.(vi.) 5; ViśvaPra. 185. 2;	ParaNā. 17; Tantrābhi. iii. 23. 9; EkāNā.
Say.	4	ṚV. x. 31. 3 (Say. );	KātyŚS. xvii. 4. 2 (Say. VājaS.(K.)	ṚV. v. 52. 6 (Say.
TattvVi.	4	SūBh.(Ma.) 59A. 1 ( iii. 3. 55); TattvVi.	AnuVyā. 1A. 2 (1. 1); TattvVi. 1A. 5;	AnuVyā. 4B. 11 ( 1. 1); 27A. 7 ( 2. 2); TattvVi. 1A. 5;
TarkaSaṃ.	4	TarkaSaṃ.(Ā.) 15. 10;	TarkaSaṃ.(Ā.) 37. 12; 51. 5;	TarkaSaṃ.(Ā.) 33. 17;
TaSā.	4	TaSā. 59. 4.	TaSā. 62. 1; VedāntSā.(Rā.) 409. 4 ( iv. 4. 16);	TaSā. 7. 2.
SvātmaNi.	4	SvātmaNi. 50.	SvātmaNi. 105; BālaKrī. ii. 63. 17 ( 3. 165 ? 176);	SvātmaNi. 48.
SātvaTa.	4	SātvaTa. 3. 25.	SātvaTa. 6. 143.	SātvaTa. 6. 149.
Bṛ.	4	Bṛ.	Bṛ. ix. 7. 11; ṢaḍviBr. iv(v). 3. 4;	Bṛ. ii. 5. 9; ĀśvaŚS. II. iii. 11. 13 (but
NāṭyŚā.	4	NāṭyŚā. 1. 63;	NāṭyŚā. 21. 20; VarāṅgaC.	NāṭyŚā. 5. 95; NāṭyaŚā. 11. 17;
SātvT.	4	BhaviP. 476B. 32 (iii(3). 10. 48); SātvT.	SātvT. 7. 52; Hitopa. 0. 21;	SātvT. 2. 47;
Var.	4	Var. 49. 5 ( i. 1. 5);	36. 9; accent by P. vi. 2. 2, Var. 3); (	the rule or restriction Var. 2 P.
AṣṭāSam.	4	vi. 28. 96 (1941 Ed.); vi. 29. 80; AṣṭāSam. i. 154. 15 (1. 29); ii. 1. 14 (4. 2); Aṣṭā-	AṣṭāSam. i. 164. 15 (1. 32); AnarghaRā.	(v. l. ) AṣṭāSam. i. 35. 10 (1. 7)
Kīrātā.	4	Kīrātā. 15. 40.	meritorious deeds Kīrātā. 14. 3.	oatrage Kīrātā. 8. 33
Astro.	4	ParyāRaMā. 922; {@1F@} (in Astro.) it constitutes,	(Saṃskāra.) 1002. 13; {@1Bi@} (Astro.) measure, digit	{@Cii@} (Astro.) name of the zodiacal sign Aries
KaviKaDru.	4	ii. 1. 157; KaviKaDru. 344; DhātuVṛ. records the forms ,	212-242 (as v. l.) KaviKaDru. 344] to speak or to shine	1. 780; KaviKaDru.
KāṭhaS.	4	in distress MaiS. i. 10. 6; KāṭhaS. 36. 1.	KāṭhaS. 35. 10; KapiKaS. 48. 12; ĀpaŚS. xiv. 26. 1;	ṚV. v. 25. 5; KāṭhaS. 2. 15;
ṚkPrāti.	4	ṚkPrāti. 2. 8; VājaPrāti. 1. 46; {@B@} harmful	LāṭyāŚS. iii. 7. 7; ṚkPrāti. 5. 11;	ṚkPrāti. 1. 4;
NyāyaMañ.	4	NyāyaMañ. ii. 198. 20.	NyāyaMañ. i. 87. 15.	(ii. 106. 16); NyāyaMañ. i. 384. 1;
KośaKaT.	4	KośaKaT. 2. 505.	KośaKaT. 2. 3110.	KośaKaT. 1. 7152; 2. 6048; {@3@} roct of a tree N
BṛĀrUBhVā.	4	) BṛĀrUBhVā. i. 3. 85;	BṛĀrUBhVā. i. 5. 360; PañcPra.	BṛĀrUBhVā. iii. 7. 37; BhāgP. x.
BālaBhā.	4	BālaBhā. 2. 42 (1); {@2@} name of a serpent-chief	BālaBhā. 2. 42 (1)	374. 4; MahāVīC. 6. 12(9); BālaBhā.
Śiva.	4	g (enmity) {@H@} not an author {@I@} name of Śiva. {@A@} not a doer	¦ (a-kutaścana) name of Śiva. (having no cause	names of Śiva.
MahāBhāṬ.	4	MahāBhā. v. 33. 30; MahāBhāṬ. v.	BhāraDī. ; MahāBhāṬ.	MahāBhā. iv. 40. 21 (MahāBhāṬ.
NalaCaṃ.	4	NalaCaṃ. 4. 13 (13);	NalaCaṃ. 6. 25 (10);	4. 2; NalaCaṃ. 6. 57;
NātyaDa.	4	MahāP. 1. 72; NātyaDa. 24. 3 (11)	NātyaDa. 136. 2 (96); Nāṭa-	NātyaDa. 25. 22 (2)
KundMā.	4	14. 55; KundMā. 3. 6; MārkP. 43. 6;	KundMā. 4. 12 (1)	KundMā. 4. 22;
TantrāKhyā.	4	TantrāKhyā. 4. 19.	TantrāKhyā. 51. 22 = PañcT. 1. 166 (175. 11);	Rāmā. iii. 1229*; TantrāKhyā.
ŚāṅkaDigVi.	4	desires ŚāṅkaDigVi.	ŚāṅkaDigVi.(Mā.)	ŚāṅkaDigVi.(Mā.) 2. 59; 6. 69; 9. 78;
SāṅkhyaPraBh.	4	SāṅkhyaPraBh. 30. 5 ( 1. 61)	SāṅkhyaPraBh. 129. 11 ( 5. 57);	ŚātDū. 193. 17; SāṅkhyaPraBh. 36. 29 ( 1. 68); root of ne-
UmāMaSt.	4	UmāMaSt. 123. 8.	UmāMaSt. 6; Stotrā. 18. 21;	ŚivaKePāSt. 14; TripuVePāSt. 42; UmāMaSt. 6;
TS.	4	TS. V. v. 13. 1; VS. 24. 35; (v. l. )	TS. VII. v. 12. 1.	ṚV. viii. 42. 3; TS. I. ii. 2. 2; KāṭhS. 2. 3;
BṛAraU.	4	63. 8; ŚatBr. XIV. iv. 2. 28; BṛAraU. i. 4. 15;	BṛAraU. vi. 4. 22; BaudhGS. i. 7. 38; HirGS. i. 25.	1; ŚatBr.(K.) I. i. 4. 25; AitĀ. I. i. 2. 2; BṛAraU. i. 4. 6; ApaŚS. iv.
ŚlokaVā.	4	ŚlokaVā. 6. 23 (735. 6);	352; ŚlokaVā. 2. 174 (98. 3);	ŚlokaVā. 737. 1 (6. 29);
TātPaṬ.	4	TātPaṬ.(Vā.) 519. 2 ( iii. 1. 27)	TātPaṬ.(Vā.) 556. 23 ( iii. 2. 14); SāṃkhyaTaKau. 493. 5	TātPaṬ.(Vā.) 52. 23 ( i. 1. 1);
RamC.	4	EI. vi. 31. 32; RamC. 3. 79; NyāyMañ. i. 260. 31;	RamC. 35. 123.	BṛKathāŚloSaṃ. 14. 49; 12. 75; RamC. 22. 35;
SāṃkhyTaKau.	4	SāṃkhyTaKau. 348. 7 ( 25); ŚivārkaMaDī. ii. 56. 10 ( ii	SāṃkhyTaKau.	SāṃkhyTaKau. 195. 1 ( 5);
ŚāstrDi.	4	TantrVā. 561. 23 ( ii. 2. 27); ŚāstrDi.	ŚāstrDi. 538. 13 ( vii. 3. 8);	ṬupṬ. 267. 4 ( x. 5. 49); ŚāstrDi.
ViśvaSta.	4	ViśvaSta. 75.	Sta. 65; RāmBāSta. 82; ViśvaSta. 123; Liṅgānu.(He.) 36. 4;	ViśvaSta. 32.
Śan.	4	ŚatBr. xiv(7). 2. 6; BṛĀraU. iv. 4. 5 (Śan.	(Śan.) 740. 8 ( iii. 4. 28);	. 16. 2; MahāBhā. vi. 29. 7; BhagGī. 7. 7 (Śan.
ViṣṇuDhP.	4	ViṣṇuDhP. i. 64. 5.	ViṣṇuDhP. ii. 124. 53.	ViṣṇuDhP. ii.
Tilaka.	4	Rāmā. ii. 1. 4 (Tilaka.	Rāmā. i. 6. 16 (Tilaka. )	Rāmā. iii. 19. 12 (Tilaka.
MahāBhāsk.	4	MahāBhāsk. 3. 41; MahāBhāsk. 8. 7;	MahāBhāsk. 3. 41; MahāBhāsk. 8. 7;	BrahmSphuSi. 2. 51; MahāBhāsk. 4. 56; {@ii@} very crooked, curved
RudrāJābāU.	4	RudrāJābāU. 568. 8 (1. 22)	RudrāJābāU. 567. 11 (2);	RudrāJābāU. 568. 16 (3); HirPiMe. xxix.
Lā.	4	Lā. 3. 17.	Lā. 7. 10.	Lā. 4. 11.
SaṃkseŚā.	4	SaṃkseŚā. 2. 1	SaṃkseŚā. 3. 298	SaṃkseŚā. 1. 555 (i. 393. 26);
BhaṭṭiKā.	4	BhaṭṭiKā. 5. 61.	BhaṭṭiKā. 1. 22;	3. 80; BhaṭṭiKā. 9. 78;
AvantiK.	4	ŚatTrayī. 166; AvantiK. 48. 16;	AvantiK. 113. 16.	AvantiK. 60. 11.
AbhirbuS.	4	AbhirbuS. 48. 18; ŚatTayī. 269 = ŚāntiŚ.	AbhirbuS. 10. 47.	JayāS. 16. 46; AbhirbuS.
MayūMā.	4	MayūMā.	i. 27. 19 ( i. 1. 1); i. 51. 5 ( i. 1. 1); MayūMā. 454. 18 ( vi. 1. 7);	MayūMā. 10. 32 ( i. 2. 2);
Pradi.	4	Pradi. ii. 29A. 22 ( i. 2. 32)	Pradi. vi. 4. 8 ( vii. 1. 1); vi. 206. 25	NyāyVārPari. 186. 1; Pradi. v. 338A. 16 ( vi.
SūryU.	4	SūryU. 510. 10; TripuTāU. 539. 11;	SūryU. 510. 13; NārāyUTāU. 83. 5 (3);	SūryU. 509. 27; {@1Ci@} (Philo.) internal organ as
GopīU.	4	GopīU. ii. 67. 11; MahāBhā. xii. 93*. 6;	accent and sandhi?) TaiĀ. x. 11. 2 (827. 4); GopīU.	GopīU.
JaimiBṛ.	4	JaimiBṛ. 3. 324; 3. 369;	a black antilope JaimiBṛ.	i. 5. 291; JaimiBṛ. 1. 349;
BrahmBiU.	4	BrahmBiU. 71.	MaiU. 6. 19; BrahmBiU.	BrahmBiU. 9;
IP.	4	¦ (akṣarī-bhū) IP. to become imperishable	¦ (agni-kāmya) IP. to desire to have	¦ (anu-rāj-) IP. {@i@} to be brilliant in, i. e. to have mast
MalinīT.	4	MalinīT. 19. 81.	{@ @}] MalinīT. 7. 15.	MalinīT. 16. 3; AuciViCa. 6;
KośāKaTa.	4	etc. KośāKaTa. 2. 3493.	SūktiRa. 70. 1; KośāKaTa. 2. 1711; PariVṛ.(Nī.)	172. 162; , KośāKaTa. 1. 7083; , AbhidhāCin. 915;
ṢaḍViBr.	4	2. 110; ṢaḍViBr. i. 3. 12;	2. 48; ṢaḍViBr. iv(v). 2. 1;	III. vii. 11. 5; ṢaḍViBr. i. 6. 19; ĀgniveGS. i. 5. 4 (31. 14);
ŚivPañNaMā.	4	on the forehead ŚivPañNaMā. 9.	ŚivPañNaMā. 17; Nārāy. vi. 23. 9; YātrāPra. 3. 68;	ŚivāpaKṣaSt. 15; ŚivPañNaMā. 2;
RugVī.	4	KalyāKā. 11. 71; RugVī. 49. 29; 54. 8.	CaraS. i. 24. 43; RugVī. 17. 22;	RugVī. 32. 6;
SiddhāHe.	4	3. 38; SiddhāHe. ii. 4. 24; MugdhaBo. 6. 55 (60. 13);	SiddhāHe. ii. 3. 67.	P. i. 4. 90; JaineVyā. i. 4. 11; SiddhāHe. ii. 2. 36; ‘share,
Uda.	4	Uda. 1. 29 (5)	Uda. 3. 11.	Uda. 4. 56.
Tattvoddyo.	4	being unanalysable or without parts Tattvoddyo.	Tattvoddyo. 4B. 5; Guru-	Tattvoddyo. 2B. 3.
DīnākraSt.	4	DīnākraSt. 28.	DīnākraSt. 42.	DīnākraSt. 22 = Subhāṣi. 3526.
PārśvanāSta.	4	form PārśvanāSta. 13.	PārśvanāSta. 3; StavMā. 267. 30;	PārśvanāSta. 10.
NyāSu.	4	NyāSu.(Ja.) 251B. 12 ( ii. 1. 2); {@1@} undisturbed m	NyāSu.(Ja.) 53B. 1 ( i. 1. 1)	NyāSu.(Ja.) 396A. 4 ( ii. 2. 7);
TantraRaha.	4	word TantraRaha. 27. 3.	TantraRaha. 1. 14; Upa-	TantraRaha. 15. 26;
BilvU.	4	BilvU. 306. 5;	BilvU. 306. 16;	4. 16; JābālaDaU. 6. 36; BilvU. 305. 6;
ManvMu.	4	ManvMu. 96. 16 ( 3. 50)	ManvMu. 150. 19 ( 4. 32);	ManvMu. 430. 19
TattvPradi.	4	TattvPradi.(Ci.) 105. 14;	TattvPradi.(Ci.) 32. 7;	TattvPradi.(A.) 237. 5 ( 2. 82);
NyāRaMā.	4	NyāRaMā. 64. 10.	NyāRaMā. 180. 2.	NyāRaMā. 93. 15.
BrahmaP.	4	BrahmaP. 127. 57; BhikṣāKā. 11. 11; Kathā-	BrahmaP. 219. 63;	BrahmaP. 2. 18; ŚivaP. v. 30. 15 (440B. 4); BallāC. 4
MāPūSt.	4	MāPūSt.(Śaṅ.) 102.	MāPūSt. 18; Bhām. 214. 8 ( i.	MāPūSt.(Śaṅ.) 7; 22; BālaKrī.
DhūrtaviSaṃ.	4	129. 1; DhūrtaviSaṃ. 21. 20.	hallo, etc. DhūrtaviSaṃ. 13. 12;	PadmPrā. 23. 9; DhūrtaviSaṃ. 8. 16;
LāṭyŚS.	4	LāṭyŚS. x. 19. 10.	LāṭyŚS. iv. 9. 10 = DrāhyŚS. xii.	LāṭyŚS. iv. 11. 2; ṚPrāti.
Pu.	4	(Pu.) 3. 2; AbhidhāCin. 992; Liṅgānu.(He.) 84. 13	(Pu.) 6. 39; ŚabdaBhePra.(Ma.) 1. 12; ŚabdaRa.(Su	(Pu.) 3. 3; ŚabdaBhePra.(Ma.) 1. 6; DvirūK.(H.) 6
ŚākatāVyā.	4	ŚākatāVyā. i. 1. 68.	ŚākatāVyā. iv. 3. 113 (comm.	marked with the indicatory sound ŚākatāVyā. i. 2. 26
BuddhC.	4	BuddhC. 11. 42;	BuddhC. 5. 48;	BuddhC. 11. 23;
KāŚi.	4	KāŚi. ii. 96. 3 ( 5 (3). 12); NyāyKuA. ii(2). 25.	22. 14; KāŚi. i.	KāŚi. iii. 143. 22 ( 5 (6). 17);
ĀnandMaSt.	4	YātrāPra. 1. 48; 1. 105; ĀnandMaSt.	ĀnandMaSt. 48; RasSa. 240. 1.	ĀnandMaSt. 24;
NitiMā.	4	NitiMā. 3. 12;	NitiMā. 10. 6.	NitiMā. 48. 6;
ŚāṅkhŚS.	4	ĀśvaŚS. I. iv. 8. 24; ŚāṅkhŚS. ix.	ĀśvaŚS. I. ii. 19. 21; ŚāṅkhŚS. iii.	ŚāṅkhŚS. ii. 5. 1 (comm.
ŚaṅkarKāBh.	4	ŚaṅkarKāBh. 22. 24 ( i. 2. 29);	ŚaṅkarKāBh. 47. 2 ( i. 4. 26)	ŚaṅkarKāBh. 40. 11 ( i. 3. 60)
VaikhGS.	4	VaikhŚS. 1. 2; VaikhGS.	1. 8; VaikhGS. 3. 3;	VaikhGS. 4. 11;
PramāVārSvopVṛ.	4	PramāVārSvopVṛ.	PramāVār. 3. 239; PramāVārSvopVṛ.	PramāVārSvopVṛ. 8. 19; ŚlokaVār. 4. 99
RudrHṛU.	4	1. 38; RudrHṛU. 1.	RudrHṛU. 48;	RudrHṛU. 30;
VisṇuP.	4	VisṇuP. ii. 8. 86; MatsyaP. 124. 98; BrahmāṇḍP. i. 2	VisṇuP. iii. 11. 20.	VisṇuP. i. 14. 39;
Śeṣavā.	4	Śeṣavā. 45. 12; {@vi@} foremost YogVā. i.	182. 12; 17. 10 (Śeṣavā.)	(Śeṣavā.) 6. 8.
PuruṣaPa.	4	PuruṣaPa. 9. 11.	PuruṣaPa. 183. 2; Śukra-	PuruṣaPa. 52. 16;
TaiĀr.	4	TaiĀr. vi. 9. 1 (705. 4);	XIV. v. 2. 3; TaiĀr. ii. 19. 1 (274. 2);	TaiĀr. vii. 3. 4 (726. 16); TaiĀr. ii. 20. 1 (277
RājNītiRa.	4	RājNītiRa. 7. 19; ŚukraNī. 5. 69;	xv. 9. 16; RājNītiRa. 26. 20.	RājNītiRa. 3. 8; DīpKa.
LaksmīT.	4	JayāS. 6. 39 = LaksmīT. 25. 16;	2. 25; LaksmīT. 29. 68; {@2D@} accompanied	LaksmīT. 57. 30; {@2Fv@} name of the compiler of Agni
StaRa.	4	StaRa. 162.	StaRa. 169.	StaRa. 125; {@1B@} from inside
BālaC.	4	SuśruS. v. 3. 28; BālaC. 1. 15 =	i. 7. 4; BālaC.	Rāmā. vii. 34. 26; vii. 82. 1 BālaC. 2. 6 (11);
SiSaṃ.	4	SiSaṃ. 5. 17; BhāṭṭCin. i. 4. 18 ( i. 1. 1);	SiSaṃ. 10. 45; RāghPāṇ.(Dha.) 18. 72; SkandP. v(2).	SiSaṃ. 11. 21.
NyāyMā.	4	NyāyMā.-	ŚatDū. 60. 3; 55. 18; 233. 25; NyāyMā.	non-perception NyāyMā.
SabdaRaSaK.	4	9. 29; ViśvaLoK. 189. 28; KośaKaTa. 2. 6360; SabdaRaSaK. 190. 7;	3. 273; KośaKaTa. 1. 6259; KalpaK. 118. 263; SabdaRaSaK. 191. 1.	99. 1; KośaKaTa. 2. 4867; SabdaRaSaK. 103. 8; {@1ii@} pointed dart or
KM.	4	(KM. part 13); 113 (KM. part 13); ViddhaŚā.	(KM. part 13); 113 (KM. part 13); ViddhaŚā.	CaurPañ. 119(KM. part 13);
Kavyānu.	4	AbhinBhā. i. 176. 3 ( 4. 263); Kavyānu.(He.) 395. 15; {@2@} fun-	Kavyānu.(He.) 137. 3;	Kavyānu.(He.)
ĪśāuŚiPa.	4	ĪśāuŚiPa. i. 7. 16.	ĪśāuŚiPa. ii.	ĪśāuŚiPa. i. 27. 93;
GarbhU.	4	GopBr. i. 3. 18; GarbhU.	GarbhU. 5;	GarbhU. 2.
NāḍiVi.	4	NāḍiVi. 41; 11; SmṛtiCan. ii. 257. 1; DīpKa. 4. 11 (	NāḍiVi. 66; 104; GopāKeCan. 56. 6;	1269; 1273; NāḍiVi. 1; ManvaMu. 85. 9 ( 3. 1); 455. 32 ( 11. 3
MāṇḍuŚi.	4	of the thumb MāṇḍuŚi. 4. 13.	MāṇḍuŚi. 12. 9.	MāṇḍuŚi. 6. 9.
Medik.	4	3. 330; ViśvaPra. 29. 2; Medik. 132. 6; ViśvaLoK. 279. 13; KośaKaTa	4. 2); AnekāSaṃ. 4. 286; ViśvaPra. 161. 154; Medik.	Medik. 197. 35; ĀnekāSaṃ. 7. 27; Vaija. 285. 14;
MātaLi.	4	MātaLi. 12. 26.	MātaLi. 12. 18.	MātaLi. 9. 1; 9. 16;
MādhyaŚi.	4	MādhyaŚi. 1. 2;	PārāŚi. 136; MādhyaŚi. 2. 1;	MādhyaŚi. 1. 3; NāraŚi. ii. 2. 9;
ŚiśuVā.	4	cured ŚiśuVā. 14. 49.	ŚiśuVā. 12. 2; {@ii@} pleasing due to	ŚiśuVā. 18. 39; {@1Bii@} which
CaṇḍKau.	4	CaṇḍKau. 2. 33 (6); RāmāCam. 2. 5; KathāSaSāg. i. 4.	LaJāta. 6. 2; CaṇḍKau. iii.	CaṇḍKau. 2. 17;
Edn.	4	HariVaṃ. 11638 (Calcutta Edn.);	200. 17 (Citrashala Press Edn.);	(v. l. Dvivedi Edn.) BṛSaṃ. 45. 9.
CāṇaSāSaṃ.	4	CāṇaSāSaṃ. 2. 95.	SūktiRa. 181. 3; CāṇaSāSaṃ. 3. 21; Śaṅka-	PadmP. i. 29. 29; CāṇaSāSaṃ. 1. 97; {@ii@} not angry
PramāKā.	4	PramāKā. 105. 22.	PramāKā. 97. 17.	PramāKā. 13. 95; 19. 131.
ŚivārkMaDī.	4	ŚivārkMaDī. i. 248. 18 ( i. 1. 21); i.	ŚivārkMaDī. ii. 24. 5 ( ii. 1. 16);	ŚiśuVa. 1. 29; ŚivārkMaDī.
Puṇ.	4	Puṇ. 168. 24; MatsyaP. 154. 355;	Puṇ. 39. 16;	Puṇ. 205. 15;
Amak.	4	1. 37; Amak. 2458; ViṣṇuSaBh.	1. 48); Liṅgānu.(Vā.) 20. 3; Amak. 494;	( 2. 99); Amak. 2624; AnekāSa. 666; Vaija. 254. 1; TrikāŚe.
ŚakaṭāVyā.	4	P. v. 3. 82; ŚakaṭāVyā. iii. 1. 83;	ŚakaṭāVyā. iv. 1. 75;	ŚakaṭāVyā. iii. 3. 180= SiddhaHe. vii. 2. 76.
PaU.	4	PaU. 3. 63; 3. 62; {@2@} frog (cf. MahāBhā. xiii.	PaU. 9. 13; NārāyUTāU. 81. 1 (1); ParamāU. 9. 3;	PaU. 3. 86; KaṭhRuU. 1. 1; KuṇdiU. 9; ParaHaṃsPaU
VīSt.	4	VīSt.(J.) 11.	VīSt. 1(H.) 4;	VīSt.(H.) 2. 1.
ŚākaṭaVyā.	4	ŚākaṭaVyā. iii. 1. 18; SiddhaHe. vi. 3. 24; P. iv.	iii. 3. 50 = CāndraVyā. iii. 3. 48; ŚākaṭaVyā. iii. 1. 163; SiddhaHe. vi.	ŚākaṭaVyā. iii. 2. 4; SiddhaHe. vi. 4. 4 ( ); (duty)
MeghaDū.	4	MeghaDū. 92; SaraKaṇṭhā. 345. 13.	(v. l. ) MeghaDū. 83;	MeghaDū. 6 = AuciViCa. 13 (7) = NemiDū. 6;
Sta.	4	Sta. 65; RāmBāSta. 82; ViśvaSta. 123; Liṅgānu.(	Sta. 1.	Sta. 4; NītiSā. 12. 33;
ŚarabhU.	4	9. 13; NārāyUTāU. 81. 1 (1); ParamāU. 9. 3; ŚarabhU. 18; Śaṅkha-	ŚarabhU. 21.	ŚarabhU. 5; SāmaraU. 274. 16;
VāsuU.	4	66. 23; CaturveU. 21. 4; MahāU. 1; VāsuU. 406. 9;	5. 17; VaradolāU. 147. 5; VāsuU. 406. 24;	66. 11; VāsuU. 405. 27;
NāU.	4	NāU. 369. 11 (6)	NāU. 362. 13 (2); {@Aii@} distinct or specific lo	NāU. 369. 20 (6); TripuTāU. 537. 2;
BhāvaPra.	4	BhāvaPra.(Śā.) 124. 16 (5); SāhDa. 532. 5; Upask. 413. 5 (	BhāvaPra.(Bhā.) 6(4). 289.	ŚārṅgaS. iii. 4. 1; BhāvaPra.(Bhā.)
BhāṭtDī.	4	BhāṭtDī. iv. 83. 12 ( x. 7. 9);	BhāṭtDī. i. 286. 5 ( iii. 3. 14);	2156. 7 ( xi. 2. 53); BhāṭtDī. iv. 167. 15 ( xi. 2. 11)
MahāBha.	4	MahāBha. iii. 186. 80; v. 13. 14; v. 150. 13;	MahāBha. i. 64. 3; Mahā-	MahāBha. vi. 8. 9;
ŚivLi.	4	ŚivLi. 16. 45;	(Nī.) 77; ŚivLi. 18. 45; BhojanKu. 13. 3; AlaṅkāMañ.	ŚivLi. 4. 64; {@ii@} not from a distance, from near
KauśīSū.	4	ŚatBr. I. i. 2. 3; KauśīSū. 3. 5; {@Bii@} then,	AV.(P.) v. 31. 1 = KauśīSū. 72. 21.	KauśīSū. 22. 7; {@Biii@} not having approached a teac
JayaMā.	4	JayaMā. 241. 9	KāmSū. 179. 3 (2. 10); JayaMā. 179. 16	JayaMā. 27. 3 ( 1. 2); {@B@} harmless
MantraBr.	4	MantraBr. ii. 1. 7;	VājaS. 11. 82; AitBr. 11. 2 (291); MantraBr.	ŚatBr. XIV. vi. 7. 31; MantraBr.
KāŚiVṛ.	4	Vṛ. vi. 1. 73; KāŚiVṛ. P. vii. 3. 48.	viii. 1. 55; KāŚiVṛ. viii. 1. 55;	KāŚiVṛ. iv. 3. 100.
Pañcākhyā.	4	PañcT. 4. 17 (387. 33); Pañcākhyā. 237. 5;	Cam. 4. 12 (4); TattvVai. 42. 20 ( 1. 38); Pañcākhyā. 50. 13; PrabhāC.	SkandP. vii(1). 308. 20; Pañcākhyā.
Cal.	4	HariVaṃ. 8158 (Cal. Ed.);	(Cal. Ed.)	(v. l. , Cal. Ed. 1. 1719) HariVaṃ.
BaudhŚs.	4	particular period) BaudhŚs. i. 83. 17;	BaudhŚs. ii. 434. 7.	BaudhŚs. iii. 87. 3; {@2A@} adhering or
RāRa.	4	RāRa. 26. 11; SāhiDa. 266. 3; Upask. 260. 2 ( vi.	RāRa. 139. 6; 140. 3;	RāRa. 176. 2; ManvaMu.
KaṃVā.	4	KaṃVā. 4. 13;	KaṃVā. 3. 13; PadyaVe. 554;	KaṃVā. 3. 6 (4);
PūTāU.	4	PūTāU. 1. 5.	PūTāU. 9. 4; SāmaraU. 258. 3;	PūTāU. 5. 8 (3); SiddhaHe.
Rāma.	4	14. 25; Rāma. i. 6. 2;	(v. l. ) Rāma. ii.	Rāma. i. 852*(1);
SūVṛ.	4	SūVṛ. 1. 49; object other than (misery etc.)	SūVṛ. Ed. 5. 130) SāṃkhyaPraSū. 5. 129;	SūVṛ. 71. 6 ( 1. 32)
LaśabdeŚe.	4	LaśabdeŚe. ii. 365. 14.	LaśabdeŚe. ii. 221. 5; absence of opposites (likes an	LaśabdeŚe. i. 64. 1; i. 64. 14;
NāṭyāŚā.	4	joy NāṭyāŚā. 22. 20.	NāṭyāŚā. 6. 61; AṣṭāSaṃ. i.	NāṭyāŚā. 31. 323;
Prabhāc.	4	8. 536; EI. v. 110. 14; Prabhāc. 209. 14;	Prabhāc. 9. 12;	Prabhāc. 210. 28.
YogaU.	4	YogaU. 102;	YogaU. 74.	YogaU. 83;
SiMañ.	4	SiMañ. 38. 12; LaŚabdeŚe. ii. 400. 2; {@ii@} (bet	SiMañ. 130. 21.	SiMañ. 130. 1; LaŚabdeŚe. i. 382. 5;
NītīMā.	4	NītīMā. 46. 14;	NītīMā. 38. 15.	NītīMā. 3. 2; CaturCin.
MaSaṃ.	4	MaSaṃ. 24. 1.	MaSaṃ. 29 4; MānaMe. 216. 7.	MaSaṃ. 13. 20;
SāṃkhyaSū.	4	SāṃkhyaSū.	SāṃkhyaSū. 1. 79; 6. 52;	TantrRaha. 4. 11; SāṃkhyaSū. 1. 30;
Ved.	4	1 ¦ (á-tra) (Ved. as metrical lengthening mostly at the	6. 43 ; ? Ved. Western, APTE.	¦ (ap-) Ved. to stand by, to obtain
LaṭyāŚS.	4	a Sāman) LaṭyāŚS. x. 2. 8.	LaṭyāŚS. ix. 6. 12; DrāhyŚS. xxvi. 2. 3;	LaṭyāŚS. i. 3. 1;
ChandasCū.	4	YuktiKa. 49. 16; 60. 11; 206. 3; ChandasCū. 2. 97 (3);	ChandasCū. 8. 7 (5); {@Ciii@} lower,	ChandasCū. 2. 240 (4)
Vyū.	4	Vyū. 123. 1; 174. 15; ManuBh. ii. 214. 10	Vyū. 301. 16; 271. 2	Vyū. 183. 30.
SambaSi.	4	SambaSi. 3. 8.	SambaSi. 16.	SambaSi. 3. 3;
BrahmSuBh.	4	28. 9); BrahmSuBh.(Śrī.) ii. 425. 1 ( iv.	102B. 12 ( i. 1. 2); BrahmSuBh.(Śrī.)	BrahmSuBh.(Rā.)
IśopBh.	4	Anu. 111; ĀtmaBo. 56; IśopBh. 8. 19	IśopBh. 20. 2 ( 17);	IśopBh. 7. 11 ( 2);
TantraRa.	4	TantraRa. 173. 11 ( iv. 3. 11); BrahmSūBh.(Bhā.) 60.	TantraRa. 175. 8;	TantraRa. 23. 4;
IśvaSi.	4	IśvaSi.(Yā.) 77. 20.	IśvaSi.(Yā.) 76. 10; Bhām.	IśvaSi.(Yā.) 77. 26.
GāyaU.	4	(726. 5); TaiU. 1. 3; GāyaU. 409. 14;	); GāyaU. 409. 17;	BṛĀraU. v. 14. 1; GāyaU. 409. 1;
BhāVā.	4	BhāVā. 93. 18 (2)	BhāVā. 4. 22 (1);	BhāVā. 196. 15 (3);
Pros.	4	); {@B@} (Pros.) measure of various combina-	NānārthāSaṃ. ii. 37. 58; {@2@} (Pros.)	¦ (adhva-yoga) (Pros.) association with (various
PrapañcaMiKha.	4	PrapañcaMiKha. 240A. 5;	PrapañcaMiKha. 1A. 2;	PrapañcaMiKha. 1A. 4;
TurAU.	4	TurAU. 474. 17;	ment, indifferent TurAU. 474. 16 =	TurAU. 474. 19;
MūlaMaKā.	4	MūlaMaKā. 1. 2; in close	MūlaMaKā. 1. 8;	MūlaMaKā. 18. 7;
MaNāU.	4	MaNāU. 369. 16 (6);	MaNāU. 374. 22 (7)	MaNāU. 374. 13 (7); BhasmJāU. 564. 24;
AśvaŚS.	4	VājaS. 5. 5; VājaS.(K.) 5. 2; AśvaŚS. I.	ManPāṭha. i. 5. 18; AśvaŚS. I. i. 11. 13; HirGS. i. 26. 13; cf.	2. 6; AśvaŚS. I. i. 12. 19 (comm.
HirSŚ.	4	BhārŚS. xii. 1. 2; ĀpaŚS. v. 24. 4; HirSŚ. iii. 5. 13 (326. 30); Lāṭyā-	BhārŚS. viii. 13. 20; HirSŚ.	willing HirSŚ. xxvi. 5. 112 (83. 12); ĀpaDS.
DCPRI.	4	(DCPRI. Ed.); {@ii@} (anartha-vāda) one of the heter	VākyaP. 23. 1 ( 1. 5) (DCPRI.) (comm.	(DCPRI. Ed. 1966) 150. 4 ( 1. 84);
Alch.	4	mmolation {@iv@} fire used for ordeal {@v@} (Alch.) fire	150. 9; {@1Av@} (Alch.) fire for alchemic experiments	¦ (anu-varṇa) {@1@} (Alch.) a type of chemical process wherin
AkṣiU.	4	AkṣiU. 39;	UBh. 274. 2 ( 4. 5); AkṣiU. 20;	(Śā.) 132. 7 (6); AkṣiU. 4. 39; AdhyāU. 3;
ĀtmaU.	4	ĀtmaU. 9; ViveCū. 535;	ĀtmaU. 1. 28; ViveCū. 572;	ĀtmaU. 1; GāyaRaU. 405. 20;
BahvṛU.	4	TejoBiU. 5. 15; BahvṛU.	BahvṛU. 650. 23;	BahvṛU. 650. 21; MahāU. 4. 96; 5. 53; YājñaU. 602. 4
AmṛBiU.	4	AmṛBiU. 9; AvyaU. 1;	or blesses AmṛBiU. 22;	BrahmaU. 168. 22; AmṛBiU. 15; Tripu-
TaNi.	4	TaNi. 7A. 11;	TaNi. 4A. 3;	TaNi. 27. 1.
OI.	4	Rāmā. vii. 29. 18 (OI. Ed. 1972);	(v. l. ) Rāmā. vii. 29. 18 (OI. Ed.);	Rāmā. vii. 51. 5 (OI. Ed.);
Jai.	4	ix. 110. 13; SV.(Kau.) I. v(1). 5. 5; SV(Jai.) i. 42. 5;	(Jai.) iii. 30. 1-2; ṚV.	(Jai.) iii. 31. 11; ṚV. ix. 65. 6 (Sāy.
Nāg.	3	‘like a Brahmin’ (Nāg. ),	‘absence of sin’, ‘other than a horse’ (Nāg.	animals’ (Nāg. ), ‘con-
Rudra.	3	{@B@} name of a form of Rudra. {@C@} name of the son of Kratu {@D@} name of	Rudra. ĀpaŚS.	; Rudra. ); ĀpaŚS. vii.
VādhūDS.	3	ii. 2. 10; VādhūDS.	3. 13; VādhūDS. 3. 22;	VādhūDS. 6. 36; Vādhū-
BṛDeśi.	3	BṛDeśi. 57. 12; BṛDeśī.	music) BṛDeśi. 142. 5.	BṛDeśi. 105. 11;
SvarameKa.	3	ii. 172. 5 (3. 101); iii. 35. 1 (5. 73); SvarameKa. 5. 17; it is variously designa-	SvarameKa. 3. 77.	SvarameKa. 3. 62.
HorāṢaṭPañ.	3	YogYā. 5. 28; HorāṢaṭPañ. 7. 13;	HorāṢaṭPañ. 7. 1; {@1D@} beautiful woman, charming lady,	the lowest caste HorāṢaṭPañ. 7. 10;
PadaMañ.	3	PadaMañ. KāśiVr. P. i. 4. 90;	2. 18); GaṇRa. 1. 8 (20); PadaMañ. KāśiVṛ. P. (iii. 2. 18); Prakri-	206B. 11 ( vi. 2. 143); PadaMañ. KāśiVṛ.
DEBR.	3	48. 58; DEBR. p. 474 ‘cannot be traced to a root’ / from	1 ¦ (aṃh-atí) [DEBR. IE word from a root not traceable	¦ (á-kavāri) [DEBR. Alt. Gr. II. 2. p. 288.
EkāU.	3	hub EkāU. 8.	BrahmViU. 86; EkāU. 2; SubāU. 3; (v. l.	EkāU. 10;
GOLD.	3	¦ (aṃśu-vāṇa) (= aṃśu-bāṇa) (APTE. GOLD.)	state of future bliss. GOLD.]	(adbhuta-gandha) having a wonderful smell [GOLD.,
NayaSāC.	3	NayaSāC. 8. 9.	NayaSāC. 6. 45;	NayaSāC. 9. 23;
Tai.	3	and (in the Tai. school), and 11. 4 notes the absence of the	Tai.UBh. 295. 2 ( 3. 4);	Tai.S. I. ii. 4. 2; MaiS. i. 2. 4 (i. 13. 5); Kāṭ
PrabaCi.	3	SūryŚ. 6 = KāvyPra. 418. 4 = PrabaCi. 45. n. 1.	PrabaCi. 83. 25;	ŚāliC. 3. 129; PrabaCi. 75. 9;
Ramā.	3	Ramā. iii. 45. 29; vi. 92. 4;	Ramā. 2. 351; Vaija. 175. 31; 201. 4; ŚabdaRa.(Vā.	Ramā. i. 30. 16;
NyāyaSu.	3	NyāyaSu.(So.) 29. 5 ( i. 2. 7); DīpKa. 17. 11 (	1B. 5 ( i. 1. 1) (NyāyaSu. ); {@2@} Aja	NyāyaSu.(Ja.) 52A. 4 ( i. 1. 1)
Dhūrta.	3	(Dhūrta. );	KumāDeC.(So.) 19. 10; Dhūrta. 194;	ĀpaŚS. vii. 22. 6 (Dhūrta.
Gī.	3	Gī. 13. 29; TattvSa.(3) 123. 4;	Gī. 2. 56 (Śaṅ. );	Gī. 15. 2;
Kāsi.	3	Kapphiṇā. 4. 19; Kāsi. i. 135. 24 ( 2. 145); BṛĀraUBhVā. i. 4. 98;	188. 5; Kāsi. ii. 127. 19 ( 5 (3). 70);	TantrRa. 249. 6; Kāsi. ii. 49. 13 ( 5 (2). 24);
Dhavalā.	3	body Dhavalā.	Dhavalā.	Dhavalā. ix. 152
Aprāti.	3	Aprāti. 34; CaturA (Śau.) 1. 101; LaṚkTanSaṃ. 56; Ma	Aprāti. 10; 12; 13;	Aprāti. 89;
Abhin.	3	Abhin. ParāTri. 255. 11	Abhin.	Śiva Abhin. ParāTri. 278. 8.
ParāTrī.	3	ParāTrī. 206. 8; (cf. 9 {@ @})	ParāTrī. 207. 5;	ParāTrī. 57. 9.
SaṃPañ.	3	SaṃPañ. 25. 20 ( 18); TātpaṬ.	SaṃPañ. 97. 6 ( 237);	SaṃPañ. 504. 16 ( 1787-1790)
HarṣC.	3	HarṣC. 309. 8.	agonies) HarṣC. 338. 12.	lineage HarṣC.
TaVāNaMā.	3	TaVāNaMā. 41. 4;	TaVāNaMā. 19. 12;	TaVāNaMā. 10. 12; RasGaṅ.
DipKa.	3	DipKa. 5. 7 ( 1. 26);	DipKa.	DipKa. 10. 4 ( 1. 63); {@viii@} not giving (an ans
ŚābBh.	3	MahāBhā. ii. 225*. (3); ŚābBh. 1494. 9 (	MīmāSū. i. 1. 1 (ŚābBh.	MīmāSū. x. 1. 33; ŚābBh. 1818. 11 ( x. 1. 33);
KathāSāSāg.	3	KathāSāSāg. xii. 35. 121; AlaṅkāSa.	KathāSāSāg. ix. 6. 76; x. 7. 25;	KathāSāSāg. xviii. 2. 123.
RāVār.	3	RāVār. vi. 10. 20.	RāVār. ii. 5. 7;	RāVār. 2. 32. 18.
KanaDhāSt.	3	KanaDhāSt. 8; 17; ManuBh. ii. 232. 8 ( 8. 395); ii.	31. 291; KanaDhāSt. 17;	GītāBh.(Śaṅ.) 209. 8 ( 6. 45); KanaDhāSt.
VS.	3	TS. V. v. 13. 1; VS. 24. 35; (v. l. )	, cf. ṚPrāti. 7. 32) TaiS. IV. iii. 12. 3; VS. 15. 4;	1. 38; VS. 10. 19; ŚatBr. v. i. 4. 5;
MahNirVāT.	3	MahNirVāT. 7. 94; Nāṭa. 17. 4;	96B. 8 ( ii. 2. 8); MahNirVāT. 13. 151;	MahNirVāT. 12. 41; VyavaMa. 158. 14;
SamarāSam.	3	SamarāSam. 4. 671.	SamarāSam. 1. 298; SamarāSaṃ. 3. 181;	SamarāSam. 1. 233;
BṛAraUBh.	3	ŚatŚlo. 31; BṛAraUBh. 104. 1 ( i. 4. 7); 161. 14 ( i.	BṛAraUBh. 613. 5; PraboSu. 178;	BṛAraUBh. 247. 12 ( ii. 1. 19);
BṛĀrāUBhVā.	3	BṛĀrāUBhVā. ii. 1. 17.	BṛĀrāUBhVā.(Sambandha.) 888.	BṛĀrāUBhVā. ii. 1. 406;
SaduktīKa.	3	SaduktīKa. 326. 15.	SubhāRaK. 23. 8 = SaduktīKa. 134. 1; {@D@} abounding in or glow-	SaduktīKa. 179. 5 = SūktiMu. 62. 21 = Subhāṣi. 1825;
PañcBṛ.	3	ŚatBr. I. vi. 1. 3; PañcBṛ. vi. 9. 9;	PañcBṛ. viii. 10. 9; xiv. 5. 6;	PañcBṛ. x. 12. 6;
KātyāSm.	3	KātyāSm. 862;	KātyāSm. 931; Mitā. 241. 13 ( 2. 135-136);	NāraSm. 6. 7; KātyāSm. 82; Bṛhaspa-
NyāySūBh.	3	NyāySūBh. 314. 5 ( v. 1. 2)	AhirbuS. 52. 42; NyāySūBh. 61. 4	NyāySūBh. 75. 3 ( ii. 1. 4);
JīvanVī.	3	nature of misery JīvanVī. 41. 11.	JīvanVī. 69. 13.	JīvanVī. 156. 14; {@ii@} of the nature of being
SākaṭāVyā.	3	SākaṭāVyā. i. 1. 51.	SākaṭāVyā. ii. 4. 6;	SākaṭāVyā. i. 2. 183; Dat. pl. ŚākaṭāVyā. i. 2. 181;
PañcaSi.	3	PañcaSi. 13. 5;	PañcaSi. 14. 10;	of an eclipse PañcaSi. 1. 6;
BrahmāṇḍaP.	3	BrahmāṇḍaP. i. 22. 69; LiṅgaP. i. 72. 8;	BrahmāṇḍaP. i. 11. 27;	BrahmāṇḍaP.
SauraP.	3	8. 12 (229. 7); BhaviP. 95B. 20 (i. 52. 15); SauraP. 35. 7;	PadmP. vi. 20. 7; SauraP.	SauraP. 33. 5; {@ii@} (person) called Atri
GaṇaRa.	3	4. 20; GaṇaRa. 6. 481 (497)	GaṇaRa. 7. 432.	12. 112; 132. 27; GaṇaRa. 2. 69 (108)] {@1Ai@} hook {@ii@} goad {@Bi@}
VārāṅgaC.	3	VārāṅgaC. 10. 18.	VārāṅgaC. 31. 83;	undergone (suffering etc.) VārāṅgaC.
Karmapradīpa.	3	Karmapradīpa. i. 4. 7 (68. 1)	1. 31; Karmapradīpa. i. 2. 13 (Calcutta, 1923 Ed.);	Karmapradīpa. (cf. Dharmaśāstra-
GP.	3	included in the gavādigaṇa (GP. 72. 3; GaṇRa. 5. 357) and guṇādigaṇa	(GP. 76. 2)] {@1Ai@} syllable {@ii@} word, speech	BhāgP. iii. 27. 26; (v. l. GP. Ed.)
SāṃgīRa.	3	SāṃgīRa. ii. 341. 14 (4. 357).	SāṃgīRa. iii. 410. 16 (6. 878) (comm. )	cf. SāṃgīRa. 7. 942-44.
BiPra.	3	BiPra. 9. 22; 9. 19.	BiPra. 6. 14;	BiPra. 37. 23; {@2B@} beyond death (i. e. imperisha
Gītā.	3	25. 15 (= Gītā. 3. 15) (cf.	MahāBhā. vi. 24. 34 (= Gītā. 2. 34); ii. 459*;	pronoun or participle) Gītā. 3. 36;
PauskS.	3	PauskS. 34. 60 = PāraS. 6. 88; {@2@} consisting of	PauskS. 19. 91;	PauskS. 38. 186;
KālabhaiA.	3	KālabhaiA. 2.	226; ŚatŚlo. 60; KālabhaiA. 6;	KālabhaiA. 5.
ŚivDr.	3	PramāVār. 3. 310; ŚivDr. 6. 83;	ŚivDr.	ŚivDr. 5. 13.
ĪṣṭaSi.	3	ĪṣṭaSi. 297. 21 (5. 8)	ĪṣṭaSi. 304. 21.	ĪṣṭaSi. 195. 21; 70. 11; 78. 6; 209. 16;
ŚivStu.	3	ŚivStu.(L.) 9.	ŚivStu.(N.) 11.	introspective ŚivStu.(N.) 10.
NanārthāSaṃ.	3	NanārthāSaṃ. i. 151. 1269;	ii. 11. 11; NanārthāSaṃ. ii. 55. 102; NānārthāSaṃ. ii. 60. 152;	NanārthāSaṃ. ii. 126. 898; NānārthāSaṃ. i. 26. 62; An
AṣṭaSaṃ.	3	AṣṭāHṛ. i. 5. 36; AṣṭaSaṃ. i. 24. 1 (1. 6); i. 24. 18 (1. 6);	AṣṭaSaṃ. i. 165. 12 (1. 32);	KāśyaS. 156A. 33; AṣṭaSaṃ. i.
KṛṣṇaA.	3	KṛṣṇaA. 1; BhikṣāKā. 25. 8.	KṛṣṇaA. 8;	KṛṣṇaA. 2.
PāNi.	3	PāNi. 24. 405; BhāvPra.(Bhā.) 6 (2). 245;	PāNi. 3. 48;	PāNi. 12. 185.
SaṃT.	3	SaṃT. i. 2. 91;	SaṃT. i. 3. 20; NityoNi. 131. 28;	SaṃT. i. 5. 23.
ŚuS.	3	ŚuS. ii. 5. 9 = HirŚS. xxv. 2. 9;	ŚuS. vi. 19. 9; HirŚS. xxv. 1. 11; xxv. 1. 13; xx	ŚuS. v. 15. 19 = HirŚS. xxv. 5. 17 (949. 14);
Instr.	3	(Instr.); {@Fi@} indivisible, impartite, absolute {@	replete or fully covered with (Instr.)	¦ (ajñāta-vṛtti) (Instr.) {@i@} in a secret manner
NavasāC.	3	NavasāC. 10. 8;	NavasāC. 8. 18; 8. 56; 17. 72; LiṅgaP. i.	NavasāC. 7. 15 = ŚārṅgaPa. 3295; SaraKaṇṭhā. 551. 4
AdvaiU.	3	AdvaiU. 4. 4.	MaiU. 3. 5; AdvaiU. 5. 11;	53; AdvaiU. 4. 5;
TātpaVr.	3	TātpaVr. 257. 14 ( 2. 100)	TātpaVr. 64. 15 ( 1. 49)	supreme knowledge TātpaVr.
UdaySuK.	3	deity of all Letters UdaySuK. 14. 20.	SamarāSū. 20. 1; UdaySuK. 30. 15; 92. 9;	UdaySuK.
MānSā.	3	MānSā. 24. 24.	MānSā. 9. 204;	the eye of idol) MānSā. 70. 4.
BṛKāthāŚloSaṃ.	3	BṛKāthāŚloSaṃ. 18. 218; 20. 309; {@ @} (a-khedāt)	BṛKāthāŚloSaṃ. 25. 3.	BṛKāthāŚloSaṃ. 19. 58;
ŚrṅgāMañ.	3	ŚrṅgāMañ.(A.) 10. 8.	47. 2; ŚrṅgāMañ.(A.) 4. 2;	repenting ŚrṅgāMañ.(A.) 40. 26.
NaisC.	3	NaisC. 17. 134.	NaisC. 2. 24;	Mā. 8. 23; NaisC. 7. 67;
TriṢaŚaPuC.	3	2. 33 (2); TriṢaŚaPuC. i. 6. 634;	TriṢaŚaPuC. i. 5. 35; ii. 6. 94;	220. 13; Kāvyānu.(He.) 366. 9; TriṢaŚaPuC.
MṛtyulāU.	3	MṛtyulāU. 307. 6; {@2@} not going	25; KālīU. 403. 11; DattāU. 1; MṛtyulāU. 307. 3; RāmRaU. 2. 82; LāṅgU.	MṛtyulāU. 307. 10;
Med.	3	Med. 187. 38.	Saṃ. 4. 96; ViśvaPra. 71. 179; DharaK. 1010; Med.	Med. 89. 27; AnekāTi. 3. 13;
UjjvaNiMa.	3	BhāgP. x. 47. 21 = UjjvaNiMa. 498. 8.	RasāSu. 152. 2 (2. 114); UjjvaNiMa. 420. 3.	UjjvaNiMa. 147. 1; {@D@} two types of called and
JātaPāri.	3	JātaPāri. 12. 139; {@iii@} which is not (installed)	JātaPāri. 14. 53.	JātaPāri. 4. 34.
SthāṇṬ.	3	SthāṇṬ. 292A. 6.	SthāṇṬ. 139B. 10; {@3A@} direction	SthāṇṬ. 88. 1;
SāhīDa.	3	874; SāhīDa. 50. 1; {@ii@} (a	SaraKaṇṭhā. 681. 12 = SaduktiKa. 121. 26 = SāhīDa. 98. 18 = BhojPra. 70. 8.	SāhīDa. 446. 1; SarvaDa-
Abhidhā.	3	NāmaMāli. 346; Vaija. 84. 14; Abhidhā.	of Indra Abhidhā.	. 8; , TrikāŚe. i. 10. 8; , RājNi. 273. 6; Abhidhā.
MayūMāi.	3	has piled up the fire-altar MayūMāi.	MayūMāi. 606. 9 ( ix. 2. 6); {@B@} act of speaking a	MayūMāi. 330. 11
BṛparāSm.	3	BṛparāSm. 7. 84; NīlaP. 804; BrahmP. 99. 2.	BṛparāSm. 5. 70.	YājñaSm. 1. 257; BṛparāSm. 7. 283; LikhiSm. 31;
HammiMaKā.	3	HammiMaKā. 13. 202.	HammiMaKā. 6. 39.	HammiMaKā. 2. 23;
ŚreKa.	3	ŚreKa. 188.	ŚreKa. 398.	ŚreKa. 26; NityoNi.
VedāKau.	3	VedāKau. 248. 22 ( ii. 4. 14)	VedāKau. 169. 23 ( ii. 1. 26)	VedāKau. 64. 18 ( i. 2. 19);
BhePra.	3	BhePra.(Ma.) 4. 35; DharK. 2207; NānārthSaṃ. 4. 29; MediK	BhePra.(Ma.) 4. 18; DharK. 1885; AnekaK. 650; NānārthSaṃ.	AnekāSaṃ. 4. 158; Śabda BhePra.(Ma.) 1. 82; MediK. 100. 63;
No.	3	granthāvali No. 10)	Vār. P. vii. 3. 34 (MahāBh. RSGM. No. 30, 1938);	(v. l. ASS. Ed. No. 136)
Mṛccha.	3	Mṛccha. 2. 13 (22); 8. 27 (9);	Tantrākhyā. 10. 18; PañcT. 1. 48 (32. 8); Mṛccha. 1. 55 (14);	Mṛccha. 9. 19;
MīmāNyāyPra.	3	KandCū. vi. 2. 18; MīmāNyāyPra.	MīmāNyāyPra. 272. 29.	MīmāNyāyPra. 231. 11;
RāmaC.	3	RāmaC. 32. 82.	son) RāmaC.	RāmaC. 9. 10; RāmC. 31. 114;
HaṃsaSaṃ.	3	HaṃsaSaṃ. 63;	HaṃsaSaṃ. 5; RājTa.(Jo.) 382; Nārāy. viii. 26. 3; (to	HaṃsaSaṃ. 86; Nalā-
VīrāMi.	3	VīrāMi.(Saṃskāra.) 170. 23;	VīrāMi.(Lakṣaṇa.) 208. 16; {@3A@} sixty-four minor arts	VīrāMi.(Vyavahāra.) 159. 29; {@2@} absence of censure
PañcaT.	3	PañcaT. 3. 115 (367. 43); Pañcā. 227. 3;	PañcaT. 3. 115 (367. 43); Pañcā.	4. 13; PañcaT. 1. 76 (88. 11);
PādāSt.	3	PādāSt. 35.	PādāSt. 19; KāliViT. 7. 14; 23. 17;	Viṣṇu PādāSt. 5;
UruBha.	3	6. 46; UruBha. 41 (9); Prati. 1. 5 (23);	UruBha. 28 (3); 44 (3);	UruBha. 1. 46 (6);
ŚrṅgāPra.	3	verb conveys etc. (ŚrṅgāPra. 8. 26 )	, (ŚrṅgāPra. 10. 29 ) ex.	RaghuVa. 15. 61; ŚrṅgāPra. 315. 18;
SāmViBr.	3	1. 9; XIV. ix. 4. 8; SāmViBr. ii. 5. 5;	SāmViBr. i. 1. 17 (Sāy. ); ĀśvaŚS. II. vi. 14. 4;	SāmViBr. i. 3. 7.
Mahā.	3	MahāBhā. ix. 16. 54; Mahā.	capable of being seen by its very nature) Mahā.	Mahā. N. 4. 70.
ŚiśnVa.	3	85. 103; ŚiśnVa. 10. 15; MālaMā. 5. 29;	ŚiśnVa. 2. 73.	ŚiśnVa. 5. 28; VyaktiVi. 61. 22; 61. 26.
MālMā.	3	MālMā. 10. 127; 1. 113; UttaRāC. 1. 20;	MālMā. 5. 202 = VakroJī. 12. 7 = SaraKaṇṭhā. 129. 1	MālMā. 6. 238;
DakṣiMūU.	3	limbs DakṣiMūU. 15.	DakṣiMūU. 1;	DakṣiMūU. 4; {@3Fii@} intervening space or joint of sp
TrikaŚe.	3	7. 167; TrikaŚe. iii. 3. 202; AnekāSaṃ. 3. 318;	Comm. TrikaŚe. iii. 3. 110;	BhojanKu. 190. 12; 120. 17; TrikaŚe.
RaghuVā.	3	RaghuVā. 15. 90; ViṣṇuP. iv.	RaghuVā. 18. 26;	RaghuVā. 2. 43;
AnyoŚ.	3	AnyoŚ. 5; {@2@} stretching or twisting	Aparā. 1009. 4 ( 3. 162); AnyoŚ. 37; {@B@} gesticulation,	AnyoŚ. 39.
Paripar.	3	TriṣaŚaPuC. ii. 2. 401; Paripar. 8. 10;	centre Paripar. 2. 393.	thoughts Paripar. 10. 12.
CauraPañ.	3	KathāSaSāg. xiv. 4. 147; CauraPañ. 25;	DarpDa. 2. 5; CauraPañ. 10; CāruCaŚ. 99; 94;	CauraPañ. 14; PrabhāC.
ṢoU.	3	ṢoU. 473. 1.	and reverse orders ṢoU.	ṢoU. 472. 13.
IA.	3	ŚrutaPra. IA. 30. 8 ( i. 1. 1);	anala) [Etym. doubtful: both Drav. and IE./IA.	TURN. and MAYR. I. 33. For IE. or IA. -- (1) (neg.)
ŚivārKaMaDī.	3	ii. 3. 3); VedāntKau. 300. 18 ( iii. 3. 3); ŚivārKaMaDī. ii.	ŚivārKaMaDī. ii. 297. 32 ( iii. 3. 9); ii. 359. 10 ( ii	TantrVār. 647. 10 ( ii. 4. 19); ŚivārKaMaDī. ii. 282. 16 (iii. 3. 1);
DharaK.	3	55. 103 = MediK. 54. 90; DharaK. 711;	ViśvaPra. 71. 179; DharaK. 1010; MediK. 71. 179 =	AnekāSaṃ. 4. 96; ViśvaPra. 71. 179; DharaK. 1010; Med.
JAOS.	3	Atharvaprāyaścitta. 4. 2 (JAOS. xxxiii. 113)	JAOS. 40. 163) AV.(P.) vii. 15. 1;	JAOS.
GaṇīSāSaṃ.	3	GaṇīSāSaṃ. 0. 28; {@3@} name of a parti-	1. 24; 2. 20; MaBhāsk. 3. 65; GaṇīSāSaṃ.	GaṇīSāSaṃ. 6. 83 (1/2) (1); {@2A@} abiding within
BaudhŚŚ.	3	BaudhŚŚ. i.	GopBr. i. 2. 15; BaudhŚŚ. i. 298. 5;	III. i. 2. 4; BaudhŚŚ. ii. 154. 8;
AlaṅĀ.	3	AlaṅĀ. 162. 5.	AlaṅĀ. 79. 23.	AlaṅĀ. 225. 11.
BalamBha.	3	BalamBha. i. 579. 9 ( 1. 250)	BalamBha. i. 349. 27 (	BalamBha. i. 540. 20 ( 1.
ŚāhiDa.	3	PañcDa. 9. 104; Subodhi. 2. 10 ( 2. 2); ŚāhiDa. 131. 4; Subhāṣi.	MudriKu. 1. 23 (6); Kāvyānu.(He.) 201. 13; ŚāhiDa. 426. 8;	NāṭaLaRaK. 1824; ŚāhiDa. 346. 10;
Kauntey.	3	SkandP. ii(8). 7. 9; Kauntey. 1. 45;	Kauntey. 2. 2.	Kauntey. 1. 1.
TattVai.	3	TattVai. 24. 9 ( 1. 19);	TattVai. 7. 27 ( 1. 3); 34. 21 ( 1. 29); ĀtmaTaVi.	TattVai. 5. 23 ( 1. 2)
NemīDū.	3	NemīDū. 125;	2. 173; 5. 517; NemīDū. 16; Ekāva. 4. 6 (10)	SaduktiKa. 28. 30; NemīDū. 13;
BṛkathāMañ.	3	BṛkathāMañ. ix. 2. 716;	BṛkathāMañ. ix. 2. 773;	BṛkathāMañ. xvi. 1. 495;
VaiTa.	3	VaiTa. 11. (comm. )	VaiTa. 11; ŚāliC. 6. 140; VedāntPāSau. 164. 7 ( ii	VaiTa. 39.
VedāntDi.	3	VedāntDi. 77. 4	VedāntDi. 226. 22 ( iv. 1. 19);	VedāntDi. 35. 14 ( i. 2. 17)
ĀśvGS.	3	ĀśvGS. iv. 2. 22.	GopBr. ii. 2. 5 (169. 5); ĀśvGS. i. 23. 1;	ĀśvGS. iii. 12. 13; BhārGS. 2. 28 (62. 2);
YatindraDī.	3	( ii. 1. 28); YatindraDī. 49. 11.	YatindraDī. 76. 25.	YatindraDī. 38. 9.
DūtaVā.	3	DūtaVā. 24; Śāk. 4. 21; MeghDū. 91;	Rāmā. iii. 110*(1); DūtaVā. 52 (1); (caus.) to heat	DūtaVā. 23;
MāṭhVr.	3	MāṭhVr. 34. 3 ( 20);	MāṭhVr. 34. 15 ( 21);	MāṭhVr.
MāyūMāli.	3	MāyūMāli. 354. 18 ( iv. 1. 7); 669. 23 ( x. 2. 16)	MāyūMāli. 582. 24 ( ix. 1. 5)	MāyūMāli. 784. 22 ( x. 8. 11);
TaiA.	3	KapiKaS. 35. 7; TaiA. v. 2. 8 (596. 2)	TaiA. iii. 14. 2 (347. 3);	AV. vi. 50. 1; AV. vi. 71. 1; TaiA. II.
KaviKaLa.	3	KaviKaLa. 166. 9.	) AlaṅkāŚe. 16 (19) = KaviKaLa. 31. 5; {@2B@} tapering stone on a	KṛṣṇaKa. 3. 31; KaviKaLa.
Vāgbhāṭā.	3	Vāgbhāṭā. 2. 4; {@iii@} not studying the Vedas (as a b	HarṣaC. 332. 4; Vāgbhāṭā. 5. 14; Bhāv-	Vāgbhāṭā. 3. 6.
LāṭyaŚS.	3	LāṭyaŚS. ii. 3. 5; VaitāSū. 11. 3;	LāṭyaŚS. iv. 10. 28; DrāhyŚS. xii. 2. 27;	LāṭyaŚS. iii. 3. 23; DrāhyŚS. vii. 3. 22;
PāṇḍuA.	3	PrātaḥSt. 2; PāṇḍuA. 8;	EI. xvii. 342. 25; PāṇḍuA. 6;	PāṇḍuA. 9;
Anuvyā.	3	the author of the Brahmasūtras Anuvyā.	Anuvyā. 55B. 9 ( 3. 4)	Pañ. 224. 26; ĀgaPrā. 61. 15; Anuvyā. 56A. 3 ( 3. 4);
AṣṭāHr.	3	AṣṭāHr. vi. 10. 26; AṣṭāSaṃ. ii. 226. 24 (6. 13); ii	1; 336B. 10; AṣṭāSaṃ. i. 118. 12 (1. 22); AṣṭāHr. iii.	CaraS. vi. 17. 41 (1941 Ed.); AṣṭāHr. iii. 4. 21;
Tais.	3	Tais. IV. iv. 12. 4;	Tais. V. vi. 13. 1; Vājas. 24. 2.	Tais. II. vi. 2. 2; TaiS. V. i. 2. 6; V. v. 1.
KauṣīBṛ.	3	of goats and sheep KauṣīBṛ. 11. 2 (49. 22);	KauṣīBṛ. 11. 5 (51. 2);	stray away KauṣīBṛ. 2. 4 (5. 17);
GautaDS.	3	skin as a garment) GautaDS. i. 3. 33;	KāṭhGS. ii. 3. 1; GautaDS. ii. 6. 1; Nir. 2. 1	GautaDS. iii. 10. 21;
RāghPāṅ.	3	RāghPāṅ.(Dha.) 6. 42; SiddhYo. 72. 16;	(person) RāghPāṅ.(Dha.) 3. 16; {@1B@}	RāghPāṅ.(Dha.) 8. 54.
SthānT.	3	SthānT. 41B. 14.	YogVā. ii. 12. 20; SthānT. 364B. 11; KāvyKaVṛ. 81. 35 (3. 4);	SthānT. 15A. 10; 40B. 4;
PramāMi.	3	PramāMi. 73. 26 ( ii. 1. 35)	PramāMi. 36. 8 ( i. 2. 4)	PramāMi. 12. 11 ( i. 1. 16);
Nyāyra.	3	Nyāyra. 307. 20 ( 5 (3). 145)	NyāyMañ. ii. 89. 16; Nyāyra. 175. 10 ( 4. 131);	Nyāyra. 603. 22 ( 5 (13). 138)
ŚivaDṛ.	3	ŚivaDṛ. 4. 28.	ŚivaDṛ. 2. 25;	ŚivaDṛ.
TatpaṬ.	3	TatpaṬ.(Vā.) 288. 15 ( i. 1. 35)	21. 108; TatpaṬ.(U.)	TatpaṬ.(Vā.) 414. 2 ( ii. 1. 52);
GopaBr.	3	GopaBr. i. 3. 10.	GopaBr. ii. 6. 11; MahāBhā.	GopaBr. ii. 2. 15;
RatiPra.	3	RatiPra. 2. 58; {@5@} adorned, decorated, applied	RatiPra. 6. 42.	RatiPra. 6. 31.
AVPrāti.	3	; used with the preverbs (ŚatBr. AVPrāti.),	AVPrāti. 57.	AVPrāti. 127;
HanuPañ.	3	Hanumat) HanuPañ. 2.	HanuPañ. 1; Skand-	god HanuPañ. 3.
BārhaS.	3	BārhaS. 4. 38; PāraS. 5. 143;	BārhaS.	ousness BrahmāṇḍP. ii. 74. 220; BārhaS.
GaṅgāA.	3	95; GaṅgāA. 8;	GaṅgāA. 6; ŚaṅkaDigVi.(Mā.)	GaṅgāA. 5;
ViṣamaPaVi.	3	{@1J@} under the pretext ViṣamaPaVi. MahāBhā. iv. 33. 4	Lakṣābha.; BhārBhāDī.; ViṣamaPaVi.);	ViṣamaPaVi. );
BṛĀraVBhVā.	3	(Sambandha.) 381; BṛĀraVBhVā. i.	BṛĀraVBhVā. ii. 3. 14; iv. 3. 78; iv. 4. 844.	ii. 3. 4); TātpaṬ.(U.) 304. 2 ( 5 (4). 1); BṛĀraVBhVā.
NānārthāSam.	3	) Uṇā. 4. 139; grind-stone (peṣaṇī), NānārthāSam. i. 47. 53]	maK. 2709; AnekāMañ. 33; AbhidhāRaMā. 5. 85; NānārthāSam. ii. 47.	KośaKaTa. 1. 568; , NānārthāSam. i. 37. 52; , KośaKaTa. 1. 568;
ĀraU.	3	ĀraU. iv. 3. 20; ŚatBr. XIV. vii. 1. 41; BṛĀraU. i	ĀraU. ii. 3. 4; ŚatBr. XIV. vi. 1. 12;	ĀraU. iv. 4. 11 (Śaṅ. );
SaṃkhyaPraBh.	3	YogSā. 55. 13 (3); SaṃkhyaPraBh. 146. 23	SaṃkhyaPraBh. 52. 25 (1. 108);	SaṃkhyaPraBh. 99. 25 ( 3. 44); ({@used as noun@}) (view)
YatīndraMaDī.	3	YatīndraMaDī. 39. 6 (4); GoviBh.	YatīndraMaDī. 75. 1;	YatīndraMaDī. 40. 7; NityoNi. 7. 4;
SūṬ.	3	SūṬ. 69. 5; JñātāDhaṬ. 10B. 6; KathāK. 33. 18;	SūṬ. 125. 2.	SūṬ. 75. 14.
BrahmŚūBh.	3	BrahmŚūBh.(Śaṅ.) 551. 11 ( iii. 1. 20);	BrahmŚūBh.(Śrī.) i. 125. 3 (	BrahmŚūBh.
SarvaDaKan.	3	SarvaDaKan. 41. 7;	SarvaDaKan. 12. 14; 12. 16;	SarvaDaKan. 30. 3; 30. 8;
Saunda.	3	Saunda. 11. 55; MahāP. 21. 88.	ArthŚā. i. 47. 4 (1. 9); Saunda.	Saunda. 6. 42; 8. 5;
RamāMañ.	3	NāraP. 9. 20; RamāMañ. 211. 25;	RamāMañ. 509. 9; ŚārṅgaPa. 1061; Stav-	RamāMañ. 186. 26; Aparā.
KaṭhS.	3	KaṭhS. 7. 9; 21. 4;	MaiS. i. 6. 1 (i. 86. 10); KaṭhS. 7. 13 (i. 76. 17);	KaṭhS. 36. 15 (iii. 82. 1-4); TaiBr. II. vii. 7. 7;
NṛtyaRa.	3	SaṃgiRa. iv. 862. 15 (7. 1623); NṛtyaRa. 3. 40;	NṛtyaRa. 2. 30;	ii. 2. 43; NṛtyaRa. 4. 115;
KāśVṛ.	3	JaineVyā. 84. 28 ( i. 4. 135); PadMañ. KāśVṛ. P. (ii. 4. 62)	KāśVṛ. P. iv. 1. 88.	PadMañ. KāśVṛ. P. ii. 4. 61 (303.
Viṣṇu.	3	Viṣṇu. SkandP. v(1). 63. 135; {@2@} name	Viṣṇu. or Kṛṣṇa	{@ii@} mouth of Viṣṇu. UdaySuKa. 12. 7.
MayūMālī.	3	MayūMālī. 313. 10 (	MayūMālī. 608. 18 ( ix. 2. 8)	MayūMālī. 800. 17 ( xi. 1. 6)
ĀgaPra.	3	ĀgaPra.	ĀgaPra. 10. 18;	ĀgaPra. 5. 16;
Bho.	3	ŚṛṅgāMañ. (Bho.)	(Bho.) 1. 8.	ŚṛṅgāMañ (Bho.). 14. 26.
Bharat.	3	Bharat. 1B. 6;	Bharat. 11. 11;	Bharat. 9A. 6.
CāṇaŚ.	3	CāṇaŚ. 48;	CāṇaŚ. 69; AṣṭāHṛ.	CāṇaŚ. 31; {@4A@} name of a variety of glance (in d
ŚāṅkhaŚS.	3	XIII. iii. 1. 4; XIII. iii. 3. 6; ŚāṅkhaŚS. xiii. 13. 1;	ŚāṅkhaŚS. vi. 8. 9; Rāmā. ii. 183*(2); BuddhaC. 3. 58;	(628. 5); ŚāṅkhaŚS. viii. 1. 7;
BālKrī.	3	BālKrī. ii. 163. 26 ( 3. 278); {@ii@} assump-	BālKrī. i. 250. 13	BālKrī. i. 282. 20 ( 2. 244); {@2@} purchase with p
SphoṭaSi.	3	fig. SphoṭaSi. 258. 3.	PañcPra. 47. 5; SphoṭaSi. 62. 4; Saṃkṣe-	substratum SphoṭaSi. 16. 2;
TattvPraKā.	3	TattvPraKā. 90B. 5 ( ii. 1. 28);	state of being eligible TattvPraKā.	252. 25 ( ii. 4. 20); TattvPraKā. 134B. 11 ( ii. 4. 22); BrahmSūBh.(Śrī.)
SāmāraU.	3	SāmāraU. 280. 23.	SāmāraU. 289. 17; KūrmaP. 102. 14	SāmāraU. 270. 12.
UBhāVā.	3	UBhāVā. 136. 1 (2); 149. 20 (2);	UBhāVā. ii. 1. 440; PadmP. ii. 66. 199;	UBhāVā. 96. 2 (2) (comm.
NānāMañ.	3	NānāMañ. 719; ViśvaLoK. 133. 80; and of in NānāMañ.	NānāMañ. 719; ViśvaLoK. 133. 80; and of in NānāMañ. 1191;	NānāMañ. 728.
SvaraMeKa.	3	SvaraMeKa. 2. 20; {@B@} very subtle, of elemental natur	SvaraMeKa. 2. 46.	SvaraMeKa. 3. 65.
ṚVPrāti.	3	Uvaṭa ṚVPrāti. 14. 8.	¦ (adyá) [metrical lengthening adyā́ ṚVPrāti.	7. 7; ṚVPrāti. 7. 8; 7. 9; VājaPrāti. 3. 114; loss of
NyāyāMṛ.	3	NyāyāMṛ. 472A. 5.	NyāyāMṛ. 628B. 11;	etc. NyāyāMṛ.
GPP.	3	(GPP. Ed.)	Rāmā. ii. 12. 19 (GPP. Ed.) (Govindarāja ) = ii. App.	Rāmā. ii. 9. 34 (GPP. Ed.) (comm.
KhanḍanKhā.	3	a syllogism) KhanḍanKhā.	comm. ] KhanḍanKhā. 617. 24.	KhanḍanKhā.
PaC.	3	PaC. 205; name of a king BhaviP.	PaC. 237; ŚārṅgaPa. 324; 1956; Tattv-	PaC. 494; {@iii@} alternatively
MīmāKan.	3	MīmāKan. i. 109. 4 ( i. 3. 24); i. 287. 25 (	MīmāKan. iii(1). 254. 15 ( ii. 2. 21)	MīmāKan. i. 278. 8 ( i. 4. 24);
ŚāṃkhyaPraBh.	3	ŚāṃkhyaPraBh. 109. 15 ( 3. 84)	ŚāṃkhyaPraBh. 102 24 ( 3. 57); {@2@} to consider, to	Nyāyāmṛ. 156B. 8; 567A. 8; ŚāṃkhyaPraBh. 2. 20
Tr.	3	Tr.ṣaŚaPuC. ii. 6. 158.	ṚV. v. 7. 10 (cf. Geldner's Tr. ‘des Reichen’, but Sāy. ;	(v. l. F. N. 9 on p. 95 in the Tr. by Gelder)
ManvVi.	3	ManuSm. 6. 68 (ManvVi. );	( 1. 22); ManvVi. 905. 15	ManvVi. 280. 6 ( 3. 5);
ArthŚa.	3	ArthŚa. i. 331. 8 (2. 31); {@ii@} a kind	ArthŚa. i. 165. 5 (2.	{@2Aii@} object to be delivered ArthŚa.
Kad.	3	Kad. 13. 20;	Kad. 33. 15;	Kad. 171. 8; (used as noun) (one) whose breath ha
Śak.	3	Śak. 1. 15; 5. 3 (2);	Śak. 5. 4 (3);	KumāSaṃ. 5. 45; Śak. 3. 17; VyaktiVi. 9. 22;
SṛṅgāDī.	3	PurāPraSaṃ. 17. 32; SṛṅgāDī.	lost SṛṅgāDī.	SṛṅgāDī. 1. 43.
CaturJīStu.	3	wives CaturJīStu. 82.	CaturJīStu. 88;	CaturJīStu.
VyūtpaVā.	3	i. 195. 10; Kāśi. iii. 220. 7 ( 5 (10). 1); VyūtpaVā. 148. 13.	VyūtpaVā. 5. 1;	VyūtpaVā. 59. 7;
Avantika.	3	Avantika. 28. 14.	Avantika. 225. 2;	Avantika. 49. 7
SāmaviBr.	3	SāmaviBr. iii. 4. 1 (Sāy. )	@1Aii@} on the ground ŚatBr. I. i. 1. 11 = SāmaviBr. i. 4. 1;	JaimiUBr. i. 3. 4; as Sāman SāmaviBr. i. 1. 8;
IṣtaSi.	3	IṣtaSi. 68. 15;	IṣtaSi. 293. 6; 294. 6;	BrahmSi. 75. 6; IṣtaSi. 48. 11;
RājNiRa.	3	RājNiRa. 9. 14;	RājNiRa. 63. 11.	RājNiRa. 56. 8;
SahṛLī.	3	SahṛLī. 184. 5;	(He.) 26. 1; SahṛLī. 160. 7;	SahṛLī. 184. 9;
EVP.	3	1. 30, 3. 627; RENOU EVP. 13. 128; DEBRU. p. 588; Uṇā. 5. 1;	¦ (ádbhutainas) of extraordinary vitality (EVP. 10. 40;	Vedique p. 138; EVP. 16. 157] a chariot in addition
Arthśā.	3	67. 57; Arthśā. iii. 227. 8 (14. 2)	Arthśā.(KANGLE's Ed.) i. 39. 3 (2. 4)	Arthśā. ii. 149. 5 (4. 7)
Anu.	3	Anu. 111; ĀtmaBo. 56; IśopBh. 8. 19	Anu. 28; ĀtmaBo. 38;	Anu. 3. 2 (5. 6); AVPari. 32. 17; 32. 18;
ĪśāŚiPa.	3	fruit (result) ĪśāŚiPa. ii.	ĪśāŚiPa. ii. 28. 36.	ĪśāŚiPa. i. 4. 8.
TājīNī.	3	TājīNī. i.(2). 49. (118)	trolling, (i. e. ascendant) TājīNī.	TājīNī. 3 (1)(5). 9
GañjīKhe.	3	GañjīKhe. 15.	GañjīKhe. 4;	GañjīKhe. 15;
G.	3	in view of G. ( ) P. ii. 4. 48 may be taken to include bot	ManuSm. (Ed. G.	ŚukraNī. 2. 339 (R. G. Sastri's Ed.); {@B@} (course) causing no
KalyāVṛSta.	3	KalyāVṛSta. 242. 6; {@ii@} around	KalyāVṛSta. 8; ŚivaNāA. 1; ŚivBhuSt. 27;	KanDhāSt. 13; KalyāVṛSta. 12;
Pkt.	3	(Pkt.) EI. ii. 243. 1.	(Pkt.) MaVastuAva. i.	tially in Skt, whereas the second half is in Pkt.) ( not
ŚivaNāA.	3	ŚivaNāA. 9; BrahmVaiP. iv. 19. 29;	KalyāVṛSta. 8; ŚivaNāA. 1; ŚivBhuSt. 27;	ŚivaNāA. 4;
ŚaṅkhāGS.	3	ŚaṅkhāGS. i. 2. 5;	13. 10; ŚaṅkhāGS. iv. 8. 18;	ŚaṅkhāGS. v. 1. 8; BaudhGS. ii.
MugdhBo.	3	PrasaRā. 7. 9 (14); MugdhBo. 5. 2 (45. 11);	18; MugdhBo. 3. 9 (11. 15);	MugdhBo. 7. 56 (72. 19)
BrahmāṇdP.	3	VāyuP. i. 10. 60; BrahmāṇdP. iii.	VāyuP. ii. 37. 215; MatsyaP. 50. 26; BrahmāṇdP. i. 9.	i. 13. 11; BrahmāṇdP.
Tantr.	3	thet of Śiva {@iii@} epithet of Jina {@iv@} (Tantr.)	MahāP. 25. 203; {@3iv@} (Tantr.)	¦ (anukalpa-ka) (Tantr.) secondary procedure
CāndraVr.	3	YājñaSm. 1. 15; CāndraVr.	CāndraVr. iii. 1. 38; KāśiVṛ. iv. 2. 60; JaineVyā.	); CāndraVr.
NṛsiṃṢaCaU.	3	PaiṅgU. 4. 23; NṛsiṃṢaCaU. 85. 15;	NṛsiṃṢaCaU.	84. 8; NṛsiṃṢaCaU.
KālāgniU.	3	KālāgniU. 237. 15; GāyaRaU. 408. 17); {@1Dii@} possess	18. 20; VṛHāriSm. 10. 53; SaṃgīMa. i. 1. 39; KālāgniU. 236.	628. 20; KālāgniU. 237. 10; {@2C@} unmanifested form
YatīndrDī.	3	YatīndrDī. 64. 2.	Raghunā. 1. 33; YatīndrDī. 13. 4;	YatīndrDī. 36. 5; 7. 4; 22. 9;
AkṣaMāU.	3	AkṣaMāU. 488. 12 = GaṇU. 571. 13 = DevīU. 22 = NārāyU	U. 585. 27; SaṅkarU. 219. 8; AkṣaMāU.	AkṣaMāU. 487. 22;
RudraJābāU.	3	488. 13 = DevīU. 22 = MaVākyaU. 586. 1; RudraJābāU. 569. 26 (3 );	RudraJābāU. 567. 13 (1. 3);	RudraJābāU. 569. 27 (3); {@C@} performed during many bir
BrahmU.	3	MahāU. 1 (3); DhyānBiU. 33; BrahmU.	BrahmU. 3 (91. 1); BrahmSūBh.(Rā.) 468. 16 ( ii. 1.	BrahmU. 167. 10; LiṅgaP. ii. 25. 22;
Avy.	3	¦ (adhy-ātmám) [Avy. Cpd.; cf. KāśiVṛ.	BaudhDS. i. 10. 25), and at the end of an Avy. Cpd., P. v. 4. 107;	¦ (anaḍuham) at the end of an Avy. Cpd. like
VIJ.	3	which makes good going, a journey, J. GONDA, VIJ. III.	2. 88, 137, 315, 907, 909; GONDA, VIJ. III. 1-2, 1965, pp. 164-177,	GONDA VIJ. III. 1-2 (1965), pp. 175-77] {@1@} priest {@
KāṭhŚS.	3	KāṭhŚS. 136;	14. 15; 18. 16; KāṭhŚS. 12. 51; 16. 91;	VIŚVA.) KāṭhŚS. 17. 24;
ĀthaDviU.	3	ĀthaDviU. 396. 4;	ĀthaDviU. 395. 21;	ĀthaDviU.
HaṃsṢoU.	3	ledge HaṃsṢoU. 475. 8.	HaṃsṢoU. 474. 15;	653. 11; HaṃsṢoU. 474. 10; TaiS. VII. i. 4. 3;
HerU.	3	(7); AvyaU. 4; SāmaraU. 275. 20; HerU. 391. 4 (10);	HerU.	HerU. 391. 9 (13);
HirŚŚ.	3	DrāhyŚS. v. 2. 5; HirŚŚ. xxvi. 2. 40 (30. 17) (comm.	); HirŚŚ. i. 6. 45 (141. 27)	HirŚŚ. xxvi. 6. 14 (19. 14); ĀpaDS. i(8). 23. 6;
ParaHaṃsU.	3	ParaHaṃsU. 166. 25; JīvanVi. 162. 3; 162. 12;	ParaHaṃsU. 166. 20; JīvanVi. 158. 5 (5)	26; ParaHaṃsU. 166. 17;
GāruU.	3	GāruU.	GāruU. 624. 5; ŚukRaU.	body) GāruU. 624. 28.
Pāṭha.	3	Pāṭha. i. 1. 9; ṚV. x. 85. 10 = AV. xiv. 1. 10;	Pāṭha. ii. 18. 41; BhārGS. ii. 9. 16 = HirGS. ii. 9	Pāṭha. ii. 2. 11; BaudhGS. ii. 5. 16 = BhārGS. 1. 6
DvaU.	3	DvaU. 27. 3;	ii. 43. 37; KulārT. 17. 7; AdvaTāU. 386. 3; DvaU. 27. 10;	BrahmāṇḍP. iii. 43. 37; AdvaTāU. 386. 3; DvaU. 27. 11.
BhārPariśeṣaSū.	3	BhārPariśeṣaSū. 21;	BhārPariśeṣaSū. 13.	BaudhŚS. iii. 363. 4; MānŚS. 174. 1; BhārPariśeṣaSū.
MB.	3	(MB. 1971); {@5@} the state of being causeless, c	east of India) (v. l. Ed. MB. 1981 A. D.)	(v. l. MB. Ed., 1977) AṣṭāHṛ. iii. 5. 21;
LiDS.	3	LiDS. 255;	LiDS. 64;	LiDS. 159; MahāBhā. ii. 17. 22;
SmrtiCan.	3	SmrtiCan. iv. 499. 9;	27; SmrtiCan. v.	ManuSm. 8. 187; SmrtiCan. iv. 424. 14;
UdyaSuKa.	3	UdyaSuKa. 97. 16.	UdyaSuKa. 116. 23;	UdyaSuKa. 132. 22; {@3@} of false course
RāsāSu.	3	RāsāSu. 155. 8 (2. 123);	RāsāSu. 248. 7 (3. 100);	ŚāliC. 6. 160; RāsāSu.
SaṃkṣaŚā.	3	5. 59; SaṃkṣaŚā. 1. 376.	SaṃkṣaŚā.	SaṃkṣaŚā. 3. 125 (ii. 224. 13)
ŚivaU.	3	ŚivaU.	PadmP. ii. 87. 8; ŚivaU. 1; SaurP.	ŚivaU. 7. 112;
Ei.	3	Ei. xix. 102. 6;	Ei. xxv. 185. 50;	mud, i. e. not dirty Ei. xvi.
MīmaSū.	3	44 (2). 8; MīmaSū. iii. 5. 41;	(containing MīmaSū. ii. 1. 48) dealing with continuation	MīmaSū. vi. 8. 23; viii. 1. 31; viii. 3. 5; ix. 2. 1
SūryaTāU.	3	SūryaTāU. 55. 13 (1);	RāmPūTāU. 10. 5; SūryaTāU. 58. 18 (4);	SūryaTāU.
Av.	3	AV. xv. 2. 1; Av. xv. 9. 1; {@Bii@} to	AV. xi. 9. 15; Av.(P.) xvii. 12. 1.	ṚV. viii. 17. 4; Av. xx. 9. 1; ṚV.
LaŚabdeSe.	3	LaŚabdeSe.	LaŚabdeSe. i. 147. 2; ii.	Prasā. i. 957. 13; LaŚabdeSe.
ŚrṅgāBhū.	3	ŚrṅgāBhū. 29 (2); VīraMi.(Rājanīti.) 410. 14;	ŚrṅgāBhū. 71.	ŚrṅgāBhū. 73 (3)
GopāPūTāU.	3	VājaS. 40. 4; ĪśāU. 4; GopāPūTāU. 2. 13;	GopāPūTāU. 1. 5;	GopāPūTāU. 1. 5;
SkandU.	3	SkandU. 2.	gan, i. e. the mind SkandU. 2.	SkandU. 9; 10; BhaviP. 788B. 17 (iv. 126.
ŚaunakaU.	3	end ŚaunakaU. 2. 5;	ŚaunakaU. 2. 1.	ŚaunakaU. 1. 17; {@4A@} concerned with TaiBr.
PraṇU.	3	PraṇU. 36. 18; NānārthāSaṃ. iii. 26. 9; {@5B@} vari	GopBr. i. 1. 26 (18. 13); PraṇU. 35. 8.	GopBr. i. 1. 28 (20. 8); PraṇU. 36. 7.
SiddhāTāVi.	3	SiddhāTāVi.(ŚeṣaVā.)	SiddhāTāVi. 71. 15; 72. 3; {@2A@} another, i. e. paralle	SiddhāTāVi. 240. 10; {@2@} another turret or pinnacle
ŚākṭāVyā.	3	KāśiVṛ. ii. 3. 4; KātanVṛ. ii. 4. 22; ŚākṭāVyā. i. 3. 100;	4. 91; {@2B@} approximate number ŚākṭāVyā. ii. 1. 107; SiddhaHe. iii.	ŚākṭāVyā. ii. 3. 5 (Vṛ.
MāliViT.	3	MāliViT. 15. 26;	MāliViT. 18. 70;	MāliViT. 18. 64; RasGaṅ.
VaikhaŚS.	3	VaikhaŚS. 18. 21.	VaikhaŚS. 11. 9;	HirŚS. xxiv. i. 22 (857. 21); VaikhaŚS. 13. 5;
Āparā.	3	Āparā. 145. 18 ( 1. 104);	Āparā. 115. 5 ( 1. 89)	Āparā. 115. 5
TupṬ.	3	TupṬ. 143. 24 ( vi. 5. 29)	275. 3 ( i. 3. 40); TupṬ. 17. 25 (	TupṬ. 237. 15 (
Divyā.	3	Divyā. 79. 16;	Divyā. 101. 26;	Divyā. 162. 13; cf. DBHS.
Kāt.	2	defined by Kāt. in Vār. on P. iii. 3. 108; P. uses the tec	but Kāt. regards it as a numeral and Pat. follows him	
VaiyāBhūSā.	2	(cited in VaiyāBhūSā. p. 515), illustrated as	words, Darpaṇa VaiyāBhūSā. reads for ; cf.	
SanatSu.	2	SanatSu. 3. 20 (Śaṅ. ); BhāgP. iii. 25. 37;	MahāBhā. v. 43. 15 = SanatSu. 2. 21 (Śaṅ.	
VājPrāti.	2	1. 15; 1. 20 (Uvaṭa ); VājPrāti. 8. 21 (Uvaṭa	TaiPrāti. 9. 7; VājPrāti. 8. 22 (comm. ;	
Du.	2	(Du.) for Aśvinau; ṚV. x. 106. 9 (Sāy.	MahāBh. iii. 306. 21; Inst. Du. Mahā-	
PāñRāRa.	2	PāñRāRa. 65. 6;	PāñRāRa. 42. 12;	
Mayū.	2	RasGaṅ. 78. 13; Mayū.	compatible Mayū.	
Medhā.	2	9. 211 (Medhā. ); Mitā. 249. 8 ( 2. 139)	; {@E@} well-versed, adept ManuSm. 3. 174 (Medhā.	
SivDṛ.	2	SivDṛ. 4. 57.	SivDṛ. 7. 1;	
Jaya.	2	AnuVyā. 21A. 2 ( 2. 1) (Jaya.	time AnuVyā. 69B. 3; (Jaya.	
KosaKaTa.	2	KosaKaTa. 1. 649, 1. 683; AnekāSa. 550; ParaNā 277; Nā	KosaKaTa.	
AneKāK.	2	Sa. 466; AneKāK. 51; NānārthāSaṃ. ii. 33. 3; NānārthSaṃ. 5. 4	AneKāK. 775; ŚabdaRa.	
ŚrīKaCa.	2	ŚrīKaCa.	ŚrīKaCa. 5. 8.	
NyāKa.	2	NyāKa. 163. 22; Kiraṇā. 244. 7.	BālamBha. iii. 207. 9 ( iii. 3. 327); [ NyāKa. 144. 28	
Anat.	2	region of the body {@G@} (in Anat.) various parts and elements of the	25 = BhaviP. 23B. 14 (i. 5. 106); {@1G@} (in Anat.)	
ĪsānŚiPa.	2	ĪsānŚiPa. i. 25. 5; Surath. 7. 59.	iii. 2. 104; ĪsānŚiPa. i. 51. 32;	
OLD.	2	case ending, (BERG., OLD.); or for (AUFR.)] {@1A@} narrowness,	, OLD. being fatigued without having done	
BaudhDhS.	2	BaudhDhS. iv. 6. 5;	BaudhDhS. iv. 8. 1;	
TriṣaśaPuC.	2	ĪśānŚīPa. i. 9. 34; VairāŚ.(Pa.) 76; TriṣaśaPuC. i. 7. 149;	TriṣaśaPuC. iii. 1. 27;	
VikrDeC.	2	VikrDeC. 3. 67;	VikrDeC. 8. 11;	
VarivaRah.	2	VarivaRah. 166 (comm.	VarivaRah. 166 (comm.	
Rāṣṭṛau.	2	Rāṣṭṛau.	Rāṣṭṛau. 1. 14.	
MuMa.	2	Vida MuMa. 3. 6 (1) (comm.	MuMa. 1. 57; 2. 2; 4. 4; Subhā-	
JiStu.	2	JiStu. 36.	JiStu. 56;	
NītīSā.	2	NītīSā. 1. 10; Hitopa. 3. 2; SūktiRa.	NītīSā. 8. 10; JaineVyā. 364. 18 (	
ViṣṇuTaVi.	2	ViṣṇuTaVi. 2A. 4;	ViṣṇuTaVi. 15A. 8.	
Kīraṇā.	2	Kīraṇā. 142. 19.	Kīraṇā. 269. 4.	
BrĀraUBh.	2	BrĀraUBh. 654. 20 ( iv. 4. 23);	BrĀraUBh. 87. 12 ( i. 4. 4);	
PraśnUBh.	2	PraśnUBh. 272. 12 ( 4. 4); {@C@} not under-	PraśnUBh. 303. 17 ( 6. 5);	
BālaKri.	2	18; BālaKri. ii. 34. 10 ( 3. 63); {@B@}	BālaKri. i. 173. 10 ( 1. 266)	
MātaṅgLī.	2	MātaṅgLī. 12. 5; Raghunā.	MātaṅgLī. 1. 24; BṛBrahmS. i. 5. 76;	
Bhikṣā.	2	Bhikṣā. 14. 4; {@5@} not perfor-	Ed.); Bhikṣā.	
KāvyaMī.	2	a poetaster KāvyaMī.	KāvyaMī. 95. 14; {@Avi@} at the	
TattvārthaSū.	2	TattvārthaSū. 6. 5; 8. 10; TattvāRāVā. vi.	TattvārthaSū. 1. 4; JaineVyā.	
TattvāRāVā.	2	TattvārthaSū. 6. 5; 8. 10; TattvāRāVā. vi.	TattvāRāVā. v. 1. 1.	
CāndraŚi.	2	. 26 ( i. 1. 27); Kātan. i. 2. 17; i. 5. 7; CāndraŚi. 27;	Śi. 78; its sound is given as close ( ) CāndraŚi. 23;	
PāñcPā.	2	PāñcPā. 15. 24 ( i. 1. 1); Liṅga-	PāñcPā.	
VarivaRa.	2	4. 19); VarivaRa. 69; {@13@} Viṣṇu	VarivaRa. 32 (comm.	
NyāPari.	2	gence of a result without a cause NyāPari.	NyāPari. III. i. 3. 5;	
DaśkuC.	2	1. 3 (9); HarṣaC. 272. 6; DaśkuC. 27. 25;	DaśkuC. 63. 8.	
MānaŚS.	2	SāmaViBr. i. 6. 7; MānaŚS.	v. 9. 8; MānaŚS. 51. 14;	
DvādaLiSt.	2	UttaRāC. 2. 7 (7); DvādaLiSt.	DvādaLiSt. 7;	
BrNāraP.	2	BrNāraP. 11. 152; (v. l.	SkandP. iii(1). 3. 84; BrNāraP. 5. 25 (F. N.);	
PāṇdaC.	2	PāṇdaC. 3. 342; {@1B@} (Inst.	PāṇdaC. 9. 79;	
SīddhāKau.	2	GaṇRa. 2. 119 (161); SīddhāKau. 179B. 18; SaraKaṇṭhā.(Gr.) iii. 2. 118]	SīddhāKau. 655B. 14 ( P. vi. 2. 191);	
HarVī.	2	HarVī. 30. 51;	HarVī. 6. 61; RāmC.	
Kāvyālaṃ.	2	Kirātā. 5. 10; Kāvyālaṃ.	NāṭyaŚā. 22. 164; Kāvyālaṃ.(Ru.) 13. 3;	
TirthaKa.	2	RāPa. 3. 46 (1); Ekāva. viii. 2. 39; TirthaKa. 31. 21;	TirthaKa. 1. 17.	
VīśvaPra.	2	4. 237; AbhidhāCin. i. 1073; VīśvaPra. 146. 259; NāñārthSaṃ. 7. 62; Nānārthā-	387; Vaij. 266. 15; AnekāSaṃ. 4. 237; VīśvaPra. 146. 259; NānārthāSaṃ.	
AitĀr.	2	AitĀr. I. ii. 4. 22; I. ii. 4. 23;	AitĀr. II. iv. 1. 6;	
YajñaSm.	2	YajñaSm. 1. 355;	YajñaSm. 1. 313;	
ManuBhāvāCan.	2	ManuBhāvāCan. 699. 15 ( 6. 5)	23 ( 8. 392); ManuBhāvāCan.	
JinaS.	2	Kṛṣṇa JinaS.	3. 11; JinaS. 1. 18;	
Virodhā.	2	Virodhā. MahāBhā. iv. 44. 6.	Virodhā. MahāBhā. iv. 16. 6.	
Ujjval.	2	5. 1 (677. 2); {@5@} limited, definite cf. Ujjval.	. 4. 68 as cited in Kaiyaṭa P. i. 1. 63; Ujjval.	
Durga.	2	Durga. Nir. 6. 17] horse, racer (once epithet of	Nir. 9. 6 (161. 1) (Durga.	
KāṭhaGS.	2	KāṭhaGS.	KāṭhaGS. i. 9. 10 = MānGS. i. 4. 9 = VārāGS. 8. 7;	
LalītāSaBh.	2	LalītāSaBh. 71. 29 ( 107); {@iii@} wrong word-order	LalītāSaBh. 176. 9 ( 214);	
DvyāŚraKā.	2	DvyāŚraKā. 7. 27.	DvyāŚraKā. 12. 15; 13. 46;	
YājñSm.	2	YājñSm. 3. 272;	YājñSm. 1. 75; VīraMi.	
Vāgbhaṭa.	2	Vāgbhaṭa.	Vāgbhaṭā. 4. 26; {@ii@} very charming Vāgbhaṭa. 4. 26; name of Śiva	
NaiskaSi.	2	NaiskaSi. 79. 4; 102. 1;	NaiskaSi. 65. 4;	
RatnacūKa.	2	RatnacūKa. 11; {@1G@} absence of medical treatment	RatnacūKa. 113.	
AhirBuS.	2	ĪśānŚiPa. i. 2. 2; AhirBuS.	AhirBuS. 14. 1;	
TattvaSaṃ.	2	TattvaSaṃ. 714;	TattvaSaṃ. 820.	
BhārCaṃ.	2	BhārCaṃ. 4. 65.	faculties BhārCaṃ. 4. 65.	
IṣṭaSī.	2	IṣṭaSī. 242. 23.	a given thing (a jar) IṣṭaSī. 25. 13;	
AbhiSaAlaṅ.	2	AbhiSaAlaṅ. 1. 67; {@ii@} cognition through sense	AbhiSaAlaṅ. 4. 21;	
Lingānu.	2	¦ (a-kṣata) [AmaK. 1800; Lingānu.(Pā.) 109. 9; KośaKa-	Lingānu.(Ha.) 8. 10 (comm.) = PañcTaPra. 2. 17 = LaŚabdeŚe	
LingaP.	2	LingaP. i. 27. 15; BrahmP. 45. 42; Brahm-	LingaP. i. 85. 227; {@B@} destruction of the (physic	
ŚabdKDru.	2	YaśasCam. ii. 247. 6; {@1C@} a in ŚabdKDru. ;	{@1D@} corn in general Bhānu. on AmaK. in ŚabdKDru. ;	
TattvPra.	2	TattvPra. 60A. 6 ( i. 3. 38)	Bh. ii. 95. 1 ( 8. 48); TattvPra. 8A. 12	
MṛgendrT.	2	MṛgendrT. iv. 1. 13.	MṛgendrT. ii. 8. 22.	
RasaSa.	2	RasaSa. 144 (3)	TantrRā. 1. 100; RasaSa. 57;	
VedāutKa.	2	PrakaVi. 64. 13; VedāutKa. 93. 17	5 (3). 131); VedāutKa. 264. 5 ( ii. 2. 12)	
ṢaḍdarśaSa.	2	SarvaDaSaṃ. 8. 35; ṢaḍdarśaSa.(Rā.) 95;	ṢaḍdarśaSa. 13; PraboCa. 2. 4 (21. 1)	
TarkaKau.	2	TarkaKau. 1. 5;	2. 11); TarkaKau.	
PraboCa.	2	ṢaḍdarśaSa. 13; PraboCa. 2. 4 (21. 1)	PraboCa. 5. 3 (83. 7)	
StavaMā.	2	StavaMā. 88. 26.	StavaMā. 267. 17.	
HariVame.	2	HariVame. 45. 24;	HariVame. App. 42 (385);	
DaśvāvaC.	2	DaśvāvaC. 7. 86;	DaśvāvaC. 2. 27.	
SmṛtīCan.	2	SmṛtīCan. v. 446. 2; {@4@} name of Śiva	SmṛtīCan.	
Ujjva.	2	Uṇā. 3. 70 (Ujjva. ) according to which the word is Madhyo-	1. 511; ii. 3. 831; servant, Ujjva. Uṇā. 2. 68.	
ChāndUBh.	2	ChāndUBh. 33. 8 ( i. 3. 6);	ChāndUBh. 182. 9 ( iii. 15. 6); BṛĀraUBh. 335. 10 (	
VariVaRaha.	2	VariVaRaha. 86; {@1C@} vowel	TantrSā.(K.) 84. 9; VariVaRaha. 12; SetuBa. 82. 12;	
AnekāSāṃ.	2	men, Liṅgānu.(Śā.) 119. 5; {@13@} penance, AnekāSāṃ.	¦ (anūka) {@1@} previous birth AnekāSāṃ. 3. 3;	
ŚivarkaMaDī.	2	ŚivarkaMaDī. i. 424. 12 ( i. 3. 11)	ŚivarkaMaDī. i. 145. 10 ( i. 1. 3); Citra-	
ChandasSū.	2	1. 18; ChandasSū. 3. 44; JayaChand.	ChandasSū. 3. 23; ViṣṇuP. i. 5. 56;	
DīPra.	2	DīPra. 21. 27 ( i. 1. 1); 21. 22 ( i. 1. 1);	DīPra. 604. 13 ( i. 1. 7)	
HorāŚā.	2	a verse) HorāŚā. 17. 1;	HorāŚā. 23. 34;	
AupaSūT.	2	syllables, euphonic combination AupaSūT.	AupaSūT. 6. 3 = JñātāDhaṬ. 2B. 14; PrasaRā. 6. 51; Pa	
GELD.	2	GELD. / ( quoted in MahāBh. i.	but GELD. ), pass. ; used	
PraSu.	2	PraSu. 9. 7; {@4i@} name of a of Durgā	PraSu. 3. 57;	
ViṣvaPra.	2	ViṣvaPra. 9. 85; ViśvaLoK. 20. 111; ŚabdaRaSaK.	AnekāSa. 342 = AnekāK. 352; ViṣvaPra. 72. 202; MediK. 74. 215.	
NyāyBīṬ.	2	sense-organs NyāyBīṬ.	NyāyBīṬ. 30. 5 ( 1. 1);	
Pass.	2	VākyaP. 1. 71; {@ii@} Aor. Pass. 1st sg. of (= ghas)	Pass. Part.) JaineVyā. iv. 4. 59 = P. iii. 1.	
Kauṣī.	2	2. 17; AitBr. 1. 3 (18); Kauṣī.	Kauṣī. GS. i. 8. 11;	
ŚaṅkaDīgVi.	2	ŚaṅkaDīgVi.(Mā.) 16. 75.	ŚaṅkaDīgVi.(Mā.) 6. 70; Nalo. 3. 32; 4. 13;	
CākṣU.	2	CākṣU. ii. 22. 9; AkṣU. 1.	AkṣU. 1; CākṣU. 22. 6; 22. 13;	
NaīṣC.	2	ŚatTrayī 605; {@B@} the Kali Age, Nārāyaṇa NaīṣC. 1. 40.	tion for NaīṣC. 5. 21 (comm.	
ŚīlpaRa.	2	PāraS. 16. 290; ŚīlpaRa.	ŚīlpaRa. ii. 25. 82.	
KumāDeCa.	2	Mī. 2. 3 ( i. 1. 1); KumāDeCa.(So.)	TattvMu. 4. 103; KumāDeCa.	
ParṇāParGra.	2	ParṇāParGra. 4. 61;	priceless gems ParṇāParGra.	
Kapphīṇā.	2	Kapphīṇā. 6. 48.	Kapphīṇā. 9. 1; PrakriKau.	
ŚaliC.	2	ŚaliC. 3. 66.	SamarāSaṃ. 1. 8; ŚaliC. 4. 149; PrabhāC. 17. 4;	
DvyākṣaNā.	2	ĀnandRa. 7. 13 (15); DvyākṣaNā. 2. 49;	LiṅgaP. ii. 27. 209 [DvyākṣaNā. 2. 14 gives as the synonym	
ViddhāŚā.	2	ViddhāŚā. 3. 26;	ViddhāŚā. 2. 20; (comm.	
NavaRaMā.	2	NavaRaMā.(Śaṅ.) 9.	NavaRaMā.(Śaṅ.) 8;	
PañcaPā.	2	PañcaPā. 40. 14 ( i. 1. 1);	PañcaPā. 57. 13	
TantraSā.	2	sacrifices TantraSā.(K.) 32. 11.	TantraSā.(A.) 110. 5 (10); {@2D@} musk-	
ŚivaL.	2	ŚivaL. 42.	ŚivaL. 33. 31.	
SīṃhāDvā.	2	SīṃhāDvā. 147. 0 (24);	SīṃhāDvā. 142. 1;	
PrātaḥSt.	2	MuṇḍaUBh. 309. 9 ( i. 1. 6); PrātaḥSt. 2;	PrātaḥSt. 2; PāṇḍuA. 8;	
Vol.	2	Vol. VIII. 80. 8;	KāśyapaDS. 281. 2 (JOR. Madras. Vol. 13, 1939);	
KāliU.	2	MudgU. 408. 27 (4); KāliU. 402. 18; GāyaRaU. 408. 2;	KāliU. 403. 12; 402. 9.	
VāsDa.	2	VāsDa. 90. 1;	VāsDa. 280. 3; DaśKuC.	
SamrāSū.	2	7. 16); SamrāSū. 44. 1;	or chamber SamrāSū. 55. 17; 55.	
JayMa.	2	HarṣaC. 57. 7; JayMa. 227. 20 (	JayMa. 252. 17	
Samarā.	2	Samarā.-	Samarā.	
NyayVārPari.	2	i. 1. 1); NyayVārPari.	NyayVārPari. 587. 17.	
BṛĀrUBh.	2	iii. 9. 26; iv. 4. 22; iv. 5. 15; BṛĀrUBh. 479. 11 ( iii. 9. 26); {@2@} not	{@2@} other than shadow BṛĀrUBh. 445. 1 ( iii.	
Abhise.	2	Abhise. 2. 1; BhāgP. iii. 13. 23;	Abhise. 6. 22 (2); Prati. 1. 15 (2);	
Pok.	2	(agní) [IE. MAYR. DEBRU. p. 741; TURN. 55; Pok. 293 /	¦ (adhi-gā-) III. U. [MAYR. 1. 432; Pok. 463; /P. ii. 4. 45; P.	
VajaS.	2	4. 71; VajaS. 2. 29; {@3xii@} mentioned with Manu	VajaS. 1. 10; VājaS. 2. 15;	
Uvaṭa.	2	īvān. 281. 3; {@11Ai@} year VājaS. 13. 25 (Uvaṭa.	VājaS. 40. 3 (Uvaṭa. ; Mahīdhara	
Nānārthā.	2	hāSaṃ. iii. 16. 114; ŚabdaRa.(Vā.) 4002; Nānārthā.	. 231. 13; AnekāSaṃ. 2. 83; ViśvaPra. 36. 9; Nānārthā.	
AṣṭāaHṛ.	2	1. 7); i. 43. 24 (1. 7); i. 90. 2 (1. 16); AṣṭāaHṛ.	HarṣaC. 200. 8; AṣṭāaHṛ. iii. 14. 13;	
KathāSaSag.	2	KathāSaSag. viii. 6. 225; iv. 1. 122; {@iv@} obsequies,	KathāSaSag. vii. 3. 225;	
AstāSaṃ.	2	AstāSaṃ. i. 189. 7 (1. 38);	AstāSaṃ. i. 3. 21 (1. 1); AṣṭāHṛ. i. 1. 23;	
Eds.	2	ManuBh. i. 292. 20 ( 3. 189=3. 199 of other Eds.)	Eds.) ŚlokaVār. 5 (4). 107 (381. 1);	
ManuBhāvaCan.	2	; ManuBhāvaCan. );	ManvaVi. 342. 27 ( 3. 105); ManuBhāvaCan. 343. 13	
NyāyMāVī.	2	ṬupṬ. 320. 20 ( xii. 1. 24); NyāyMāVī. 671. 13 ( xii. 1. 10);	NyāyMāVī.	
AviMā.	2	known as Avimāraka AviMā. 4. 15 (1); {@2vi@} name of	AviMā. 1. 2 (5); Māla-	
DharmP.	2	DharmP. i. 22. 57; KulārT. 12. 79.	DharmP. i. 23. 56; {@ii@} Indra	
Mīmā.	2	Mīmā.	Mīmā.	
NyāyaRaMā.	2	NyāyaRaMā. 116. 3 ŚāstrDī. 467. 20 ( vi. 2. 7);	344. 15; NyāyaRaMā. 70. 3; PramāMī. 24. 20 ( i. 1. 29); 46. 19	
ŚivaK.	2	MadaPāNi. 17. 271; ViśvaLoK. 45. 13; ŚivaK. 161; {@2@} a species of spider	ŚivaK. 135; {@C@} not passed, not yet happened, fut	
VisṇuDhaP.	2	ii. 397. 27); VisṇuDhaP. ii. 73. 100; {@2@} having the lustre of fire	VisṇuDhaP. i. 76. 7;	
ŚivārkāMaDī.	2	ŚivārkāMaDī. i. 362. 30	ŚivārkāMaDī. i. 312. 19 ( i. 2. 1); i. 475. 17	
KnaṇḍanKhā.	2	fire KnaṇḍanKhā. 469. 2.	Pañ. 164. 2; 165. 5; KnaṇḍanKhā. 59. 1;	
SaṃkarKā.	2	xiv. 1. 8; MānŚS. 88. 19; 158. 10; 200. 14; SaṃkarKā. (Deva-	SaṃkarKā. ii.	
SiddhāLeŚaṃ.	2	SiddhāLeŚaṃ. 424. 8; {@3@} heating	SiddhāLeŚaṃ. 218. 11;	
AsṭāHṛ.	2	AsṭāHṛ. i. 6. 163; i. 11. 7; iv. 5. 23;	AsṭāHṛ. vi. 2. 23 (comm. );	
Agnī.	2	gnisāmya-tā) the state of being similar to Agnī.	¦ (agnīṣomīya-krama) the context of the Agnī.	
Siddhā.	2	uPra. 1. 172 (20. 9); Prasā. i. 534. 18; Siddhā.	Siddhā.	
BharŚS.	2	7. 20; BharŚS. i. 3. 2; ĀpaŚS. i. 2. 10; LāṭyāŚS. ix. 2. 22	ĀpaŚS. xiv. 10. 4; MānŚS. 89. 17; BharŚS. x.	
BrāhmaSphuSi.	2	BrāhmaSphuSi. 2. 48.	BrāhmaSphuSi. 12. 6;	
LaŚabdaŚe.	2	1. 12); LaŚabdaŚe. ii. 240. 4.	i. 4. 93; ii. 3. 46; PariVṛ.(Sī.) 169. 19; LaŚabdaŚe. i. 447. 9; {@3@} to	
ŚiŚuVa.	2	ŚiŚuVa. 3. 30;	ŚiśuVa. 15. 70; ŚiŚuVa. 13. 49;	
YadhiVi.	2	YadhiVi. 1. 93;	YadhiVi. 6. 65; 6. 134;	
PurāPrāSaṃ.	2	PurāPrāSaṃ. 122. 19 = SiṃhāDvā. 6. 4; BhāvŚa.	PurāPrāSaṃ. 78. 1.	
BhāvŚa.	2	PurāPrāSaṃ. 122. 19 = SiṃhāDvā. 6. 4; BhāvŚa.	ŚatTrayī. 6; 827; BhāvŚa.	
BṛSam.	2	tapering BṛSam. 70. 1.	BṛSam. 8. 40.	
Archi.	2	¦ (agrasīma-ka) (Archi.) the farthest limit (end) or	Malayagiri on Nandisūtra 193A. 11; {@14@} (Archi.)	
KandCū.	2	KandCū. vi. 2. 18; MīmāNyāyPra.	KandCū. i. 4. 18; {@Aii@} alert, ever active, vigila	
BṛKathā.	2	form BṛKathā.	73. 69; BṛKathā.	
Śabdakalpadruma.	2	Śabdakalpadruma.	Śabdakalpadruma.	
TaitBr.	2	TaitBr. I. ii. 1. 19.	4. 12; TaitBr. III. i. 2. 8 (Śay.	
SKandP.	2	SKandP. vii(1).	MatsyaP. 153. 5; SKandP. i(2). 21. 5.	
ṢaḍṛVa.	2	ṢaḍṛVa. 12.	ṢaḍṛVa. 19.	
GopākeCan.	2	placed ahead GopākeCan. 60. 29.	139. 12; SmṛtiCan. iii. 109. 20; GopākeCan. 87. 6; ManvaVi. 589. 24 (	
RāghPaṇ.	2	RāghPaṇ.(Ka.) 5. 1;	Saund. 3. 31; RāghPaṇ.(Dha.) 15. 50;	
Nila.	2	MahāBhā. iii. App. 25. (13) (Nila.	MahāBhā. v. 44. 3 (Nila.	
Pārvatī.	2	¦ (agha-ghnī) name of Pārvatī. ( who destroys sins)	one possessing ample food, form of Durgā or Pārvatī.	
SaṃhāDvā.	2	SaṃhāDvā. 83. 3; {@Bii@} impossible, improbable	(22. 10) = Hitopa. 2. 12 = Pañcā. 7. 22 = SaṃhāDvā. 154. 9; NyāyMañ. i.	
MukuMu.	2	MukuMu. 6.	MukuMu. 10.	
SivLī.	2	SivLī. i. 50.	SivLī. 22. 43; {@Cii@} exaggerated statement, very	
ParśvC.	2	ParśvC. 7. 362.	ParśvC. 2. 59;	
NirSi.	2	6. 42; NirSi.	2. 52; 13. 24; NirSi. 248. 1; AśvaVai. 30. 20;	
MātsyaP.	2	MātsyaP. 282. 14; alleviating	i. 2. 5; MātsyaP. 17. 63;	
Daśapādī.	2	datta Daśapādī. 8. 14 (288. 6); );	Daśapādī. 9. 19; Prasā. ii. 641. 15; arrow, Prasā, ii.	
TrṣaŚaPuC.	2	TrṣaŚaPuC. i. 4. 269;	TrṣaŚaPuC. ii. 3. 826;	
MuLa.	2	MuLa. 89; ŚrīKaC. 1. 43;	MuLa. 68.	
ŚabdaRaSak.	2	MediK. 169. 148 = ŚabdaRaSak. 311. 11 ( Vācas.)	mukhaśrāddha) ŚabdaRaSak. 247. 3.	
TriṣaPuC.	2	TriṣaPuC. iii. 2. 70; iii. 7. 35.	xii. 22. 115; TriṣaPuC. i. 3. 60;	
KṛsṇaKa.	2	KṛsṇaKa. 3. 96; ParaśuKS. 4. 5	ŚiPa. i. 15. 60; RājTa.(Ka.) 8. 2653; KṛsṇaKa. 2. 83;	
RajNi.	2	K. 22. 2; NānārthaMañ. 272; ViśvaLoK. 47. 4; RajNi. 395. 20;	415. 3; , ParyāŚaRa. 267; , AmaK. 216; RajNi. 415. 3;	
GaṇiNāMā.	2	GaṇiNāMā. 24; {@6B@} number thirty	GaṇiNāMā. 50; {@1Bi@} destruction, loss, decay, declin	
MāmāKau.	2	MāmāKau. ii. 145. 10 ( iii.	MāmāKau. iii(1). 31. 6 ( i. 2. 9)	
Śubhāṣi.	2	162. 14 = SaduktiKa. 302. 15 = Śubhāṣi. 3458;	3. 112 =ŚārṅgaPa. 266 = Śubhāṣi. 2262;	
SvāhāSu.	2	HariVi. 5. 45; 1. 5; 5. 64; SvāhāSu. 4(9);	MayūSaṃ. 1. 27; SvāhāSu.	
LāŚabdeŚe.	2	LāŚabdeŚe. i. 75. 11.	LāŚabdeŚe. i. 7. 22.	
BālaRā.	2	(Dha.) 14. 22; BālaRā. 9. 10; 7. 85; 8. 6;	BālaRā. 1. 1 (3); BālBhā. i. 7 (2);	
Cr.	2	Rāmā. vii. 102. 2 (Cr. Ed. vii. 92. 2);	Rāmā. vii. 102. 1 (Cr. Ed. vii. 92. 8);	
AlaṅkāSā.	2	ŚrīKaC. 15. 30; AlaṅkāSā.	NavaSāC. 4. 31 = AlaṅkāSā. 182. 13; SāhiDa.	
MayaMā.	2	16. 15; MayaMā. 8. 17;	MayaMā. 17. 7; {@B@} maintenance of the body	
VidhiRā.	2	UpaParā. 12. 14; VidhiRā. 9 (74. 1);	178. 13 ( iv. 1. 8); VidhiRā. 10 (79. 9)	
BhāṭṭiDī.	2	BhāṭṭiDī. ii. 43. 12 ( iii. 7. 4); MayūMāli. 198. 13	word BhāṭṭiDī. iii. 291.	
VedantKa.	2	VedantKa. 367. 14 ( iii. 2. 7); NyāySu.(So.)	to convey the performance (of rites) VedantKa. 229. 20 (	
KāmRāU.	2	KāmRāU. 400. 18; SāmaraU. 240. 15; 243. 1; 264. 16;	KāmRāU. 400. 16;	
AlaṅkāRā.	2	AlaṅkāRā.	rent AlaṅkāRā. 28 (4)	
MallīC.	2	MallīC. 2. 192; 6. 502;	MallīC. 3. 74.	
YuktiSneba.	2	VivaPraSaṃ. 111. 15; YuktiSneba.	3. 18; 3. 21; YuktiSneba. 5. 24 (	
SiddhāŚikhU.	2	SiddhāŚikhU. 381. 9;	SiddhāŚikhU. 383. 13; BṛBrahmaS. i. 6. 86;	
KṛṣṇaU.	2	KṛṣṇaU. 2;	connection) KṛṣṇaU. 3;	
NyāyRā.	2	BhāgP. viii. 10. 49; NyāyRā.	NyāyRā. 324. 11 ( 5 (3). 197);	
ŚabdaRaSa.	2	KalpaK. 143. 100; 379. 21; 402. 200; ŚabdaRaSa. 263. 11; 263. 12;	śaKaTa. 2. 2705; KalpaK. 108. 172; 477. 146; ŚabdaRaSa.(Vā.) 1424]	
HammīMaMā.	2	PadmP. iv. 110. 372; HammīMaMā.	HammīMaMā. 1. 26 (1)	
Roxb.	2	¦ (aṅgāra-sāra) Roxb.	plant (Roxb.) RājNi. 370. 17; {@2@} very	
SāraTi.	2	(deities) SāraTi. 17. 91; {@B@} covering	(Ru.) 11. 19; SāraTi. 2. 71;	
MṛgendraṬ.	2	MṛgendraṬ. ii. 4. 4; ii. 7. 23;	MṛgendraṬ. ii. 8. 100; {@ii@} principal, chief	
RasCaṅ.	2	RasCaṅ. 59. 12; LaCandr. 359. 19;	9. 62; RasCaṅ. 145. 6;	
TattvaVai.	2	TattvaVai. 48. 19; NītiMā. 3. 15;	TattvaVai. 34. 16 ( 1. 29);	
Apara.	2	Apara. 672. 24 ( 2. 72);	SthānṬ. 406B. 9; Apara.	
DeviCatuSt.	2	DeviCatuSt. 14 = TripuMāPūSt.(Śaṅ.) 35;	DeviCatuSt. 52.	
DaśŚlo.	2	DaśŚlo. 4;	MahāBhā. xiii. 14. 56; DaśŚlo. 1;	
ĪśānSiPa.	2	ĪśānSiPa. i. 29. 92.	ĪśānSiPa. i. 52. 11; {@C@} one of the	
NānarthāSaṃ.	2	110. 16; AnekāSaṃ. 3. 11; NānarthāSaṃ. ii. 193. 1668; MediK. 11. 30;	hMa. 490; , AnekāK. 809; , Vaija. 217. 36; NānarthāSaṃ.	
PhitSū.	2	PhitSū. 14; Prasā. ii. 749. 25; SiddhāKau. 625A. 8;	YājñaŚi. 17; 202; PhitSū. 24; 50;	
CūT.	2	CūT. 4. 33.	CūT. 7. 5.	
BaudhāDS.	2	BaudhāDS. i. 5. 13.	AitBr. 37. 6; ChāndoUBr. ii. 1. 10; BaudhāDS. ii.	
Tantra.	2	NyāyMāVi. 247. 6 ( iv. 3. 10); {@Bii@} (Tantra.)	JyotiṣaNi.(Aṅka.) 17; {@3B@} (Tantra.) a word	
Achyutarā.	2	Achyutarā. 11. 35.	Achyutarā. 5. 34 (comm. )	
GuruA.	2	1; HarVi. 38. 73; GuruA. 1; VākyaVṛ. 2;	GuruA. 8;	
XVI.	2	(a-caṇḍāla) not a low-caste man ŚatBr.(K.) XVI. vi.	); ŚatBr. XIV. iii. 1. 19; ŚatBr.(K.) XVI.	
BṛKathāSloSaṃ.	2	BṛKathāSloSaṃ. 7. 51; (who stands in no need of cure)	BṛKathāSloSaṃ. 6. 32;	
SaraKaṇṭḥā.	2	SaraKaṇṭḥā.(Gr.) i. 4. 78.	SaraKaṇṭḥā. 192. 26 (comm.	
JBBRAS.	2	Inscr. of Rudradeva (JBBRAS. x.	JBBRAS. (old series)	
PandmP.	2	PandmP. v. 3. 2; ŚrutaPra.	unstable in nature PandmP.(Ra.) 76. 43.	
BrahmaṇḍP.	2	BrahmaṇḍP. ii. 25. 14;	BrahmaṇḍP. ii. 25.	
KāyāKā.	2	KāyāKā. 19. 75.	KāyāKā. 11. 59.	
YogaŚā.	2	YogaŚā. 4. 97; TriṣaŚaPuC. ii. 3. 188;	Aparā. 1044. 15 ( 3. 227); YogaŚā. 1. 38;	
BhagGi.	2	BhagGi. 8. 9 = MahāBhā.	BhagGi. 2. 24; ViṣṇuSm. 20. 52; ParaS. 24. 25; Bṛ-	
KS.	2	KS. 1. 8 (27. 13);	KS. 8. 3 (238. 19); {@2i@} and, moreover, also (	
PārśvSta.	2	PārśvSta. 10.	PārśvSta. 12.	
ŚaktiSa.	2	ŚaktiSa. ii. 20. 23;	ŚaktiSa. ii. 67. 7.	
SaravaSiSaṃ.	2	4. 6; BrahmSūBh.(Śaṅ.) 358. 16 ( ii. 2. 7); SaravaSiSaṃ.	SaravaSiSaṃ. 12. 42; {@4@} the state of	
PañBr.	2	PañBr. xiii. 6. 9;	S.(K.) 3. 2; AitBr. 1. 6 (30); 32. 12 (832); PañBr. i. 8. 7; TaiBr. II.	
ViCa.	2	ViCa. 39 (31); VyaktiVi. 54. 13;	ViCa. 36 (11); Mīmā-	
ŚabdaRāSaK.	2	gaP. ii. 27. 152; VīraMi.(Rājanīti) 387. 13; ŚabdaRāSaK.	ŚabdaRāSaK. 190. 2; {@5@} bending (?) (‘thrusting’ nt.)	
LaSabdeŚe.	2	LaSabdeŚe. ii. 378. 11.	LaSabdeŚe. ii. 130. 7.	
PāśvC.	2	PāśvC. Praśasti 3; {@1D@} to steer (a boat)	PāśvC. 2. 1039; 2. 312;	
VedaSāŚiSt.	2	VedaSāŚiSt. 7;	55); VedaSāŚiSt.	
ViṣṇuDhap.	2	ViṣṇuDhap. i. 215. 51; NīlaP. 155;	ViṣṇuDhap. i. 210. 5; i. 261. 77; {@4@} name of a Brāhm	
PraśnaJñā.	2	PraśnaJñā. 24; CaturCin. iii(1). 234. 8; iii(2).	KulārT. 5. 7; PraśnaJñā. 51;	
SkandaP.	2	SkandaP. vii(1). 59. 5; AgniP. 84. 12; KūrmaP.	RāghPāṇ.(Dha.) 3. 20; BhāgP. i. 8. 5; SkandaP. ii. (9)2. 3; SubhaDha.	
ŚaṅKaDigVi.	2	BṛĀraUBhVā. i. 4. 152; ŚaṅKaDigVi.(Mā.)	ŚaṅKaDigVi.(Mā.) 12. 51;	
BrahmāndP.	2	BrahmāndP. ii. 66. 30; BrahmP. 10. 21;	BrahmāndP. i. 15. 79;	
Vājas.	2	. 14. 1; VII. iii. 14. 1; MaiS. iii. 14. 19; Vājas. 24. 38; VājaS.	Tais. V. vi. 13. 1; Vājas. 24. 2.	
Sprüche.	2	(v. l. ) Indische Sprüche. 1. 1318 =	Indische Sprüche. 2351;	
AnuBh.	2	AnuBh. 106. 4 ( i. 4. 9)	AnuBh. 6. 17 ( i. 1. 1)	
ŚāṅkaVi.	2	ŚāṅkaVi.(Ā.) 198. 16.	ŚāṅkaVi.(Ā.) 151. 7.	
PañcaPra.	2	MāṭhVṛ. 13. 16 ( 5); PañcaPra. 7. 6; SarvaVeSāSaṃ.	PañcaPra. 23. 3;	
KāmkaVi.	2	KāmkaVi. 10;	KāmkaVi. 23. (comm.	
KkaṇḍanKhā.	2	not arisen KkaṇḍanKhā. 972. 13.	KkaṇḍanKhā. 502. 13 (comm.	
BiU.	2	BiU. 4. 35.	BiU. 6. 87.	
Uṇ.	2	a) male goat [AltGr. II. 1. 118; Hemac. on Uṇ.	SiddhāKau. (Uṇ. 3. 323) 539B. 10; soul	
Vīrami.	2	1462; VīraBhā. 6. 43; ŚilpaRa. ii. 23. 39; Vīrami.(Bhakti) 31. 20; {@Aii@}	Vīrami.(Rājanīti.) 160. 2; 317. 21; {@5@} (the word)	
Kṛṣṇa.	2	ahmāṇḍP. i. 36. 74; {@2Ci@} name of Viṣṇu or Kṛṣṇa.	Kṛṣṇa. {@iii@} one of the names of Gaṇeśa {@iv@} on	
CaŚ.	2	CaŚ. 98; CaturSaṃ. 1. 11;	CaŚ. 57; SiṃhāDvā. 219. 4; ŚārṅgaPa. 1522.	
Tantrakhyā.	2	before Tantrakhyā. 32. 4.	{@C@} very subtle or noble Tantrakhyā.	
JñānaBiPra.	2	JñānaBiPra. 2. 27.	JñānaBiPra. 22. 31; VīraMi.(Vyāvahāra.) 81. 26; 335. 31;	
UpaSū.	2	UpaSū. iv. 4. 32; VaiśeSū. iii. 1. 6; BuddhaC. 3.	UpaSū. i. 4. 1;	
BhāktiSū.	2	BhāktiSū.(Śā.) iii. 2. 6; ViṣṇuP. vi.	BhāktiSū.(Śā.) i. 2. 17; [Kośas give	
Pañcī.	2	ĀtmaBo. 4; Pañcī. 190. 10;	Pañcī. 189. 8;	
PanṣkS.	2	of ignorance PanṣkS. 1. 44;	PanṣkS. 41. 137;	
IsṭaSi.	2	IsṭaSi. 94. 12; 72. 12; 199. 17;	IsṭaSi. 94. 2; YaśasCam. i.	
KāthGS.	2	13. 15); KāthGS. iv. 3. 3; (comm.	KāthGS. i. 4. 6;	
UdayKa.	2	UdayKa. 90. 9;	UdayKa. 11. 8;	
NāṭyaSā.	2	NāṭyaSā. 4. 100(comm. ); NāṭyaŚā.	NāṭyaSā. 18. 53.	
KauśiGS.	2	KauśiGS. v. 8. 5; BaudhGS. i. 7. 29;	{@iii@} not having a dental (letter) KauśiGS. i. 16. 10	
Sāṃkhya.	2	VarāP. 128. 60; 188. 67; Sāṃkhya.	CaraS. i. 8. 14 (1941 Ed.); {@1Siii@} (Sāṃkhya.) water as one of	
SaṃyaKau.	2	iii. 98; MadhuVi. 22. 15; SaṃyaKau. 30. 22; 31. 22; ŚārṅgaPa. 326;	SaṃyaKau. 7. 7;	
Hastāyur.	2	Hastāyur. 147. 6 (1. 18); {@B@} act of anointing (of g	Hastāyur. 335. 21 (2. 71)	
UjjvaNī.	2	UjjvaNī. 40. 1.	UjjvaNī. 81. 5 (comm.	
ŚānkhāŚS.	2	ŚānkhāŚS. i. 15. 10; Baudh-	ŚānkhāŚS. xvii. 13. 12;	
ŚatTra.	2	( i. 4. 25); BhāgP. ii. 2. 4; ŚatTra. 3. 111;	ŚatTra. 268; Lalitā-	
LiSm.	2	LiSm. 9; AṣṭāHṛ. ii. 1. 39;	LiSm. 15;	
YogāBhū.	2	YogāBhū. 74. 17;	YogāBhū. 44. 11.	
RāmCāSta.	2	Jīvān. 408. 3; RāmCāSta. 52; JānaPa. 1. 59;	RāmCāSta. 78.	
MagdhaBo.	2	MagdhaBo. 8. 46 (86. 4); 8. 100	); MagdhaBo. 23. 58 (140. 23)	
LaŚbdeŚe.	2	LaŚbdeŚe. ii. 98. 1; ii. 232. 11.	LaŚbdeŚe. i. 11. 21; i. 354. 21; ii. 580. 13.	
KumāCaVa.	2	KumāCaVa. 137. 6; EI. i. 65. 7;	KumāCaVa. 137. 29;	
PrabaKo.	2	PrabaKo. 93. 5; 97. 23; KumāDeC.	excessive worship PrabaKo. 78. 15 =	
ChandahSū.	2	ChandahSū. 3. 57.	ChandahSū. 3. 11.	
RājMar.	2	NyāyKa. 50. 9; RājMar. 38. 18;	RājMar.	
MānMe.	2	MānMe. 216. 3.	MānMe. 281. 1.	
ŚaṅkaDigVī.	2	ŚaṅkaDigVī.(Mā.) 3. 74; Mukundā.	ŚaṅkaDigVī.(Mā.) 4. 64;	
SāṃkhyāPraBh.	2	SāṃkhyāPraBh. 136. 1 ( 5. 87);	SāṃkhyāPraBh. 13. 9 ( 1. 19);	
YātraPra.	2	waist) YātraPra. 1. 13;	YātraPra. 3. 8; {@1Aii@} death, passing away	
TattvSāṃ.	2	TattvSāṃ. 79.	TattvSāṃ. 725;	
Tantrālo.	2	Tantrālo. 11. 12;	Tantrālo. 11. 8 (comm.);	
PadCan.	2	AmaK. 34 (PadCan. 1. 11 Hiraṇyagarbha- );	PadCan. 2. 239 (285. 7)	
ŚabdaRaK.	2	32. 18; ViśvaLoK. 69. 17; KośaKaTa. 2. 4376; ŚabdaRaK. 78. 1; ŚabdaRa.	2. 4632; ParyāŚaRa. 2. 105; ŚabdaRaK. 187. 2]	
ŚrautaPra.	2	( ii. 4. 17); ŚrautaPra. i.	ŚrautaPra. ii. 99. 16 ( i. 4. 1)	
PūrāPraSaṃ.	2	PūrāPraSaṃ. 116. 19; {@3@} hereafter (said in or about t	PūrāPraSaṃ. 66. 18;	
NīRa.	2	NīRa. 13. 2; Alaṅkā-	NīRa. 52. 6;	
NyāyaK.	2	NyāyaK. 6; a kind of	NyāyaK. 6; non-	
SiddhāSī.	2	SiddhāSī. i. 12. 20.	SiddhāSī. i. 28. 14.	
YogaSā.	2	YogaSā. 68. 2;	YogaSā. 65. 9 (4)	
Chandaścū.	2	Chandaścū. 2. 243 (2); 3. 32 (3); {@Cvi@} in addition,	Chandaścū. 1. 1 (15)	
CitraMi.	2	CitraMi. 2. 5; {@iii@} extreme denseness (of dark-	CitraMi.	
KuṭṭMa.	2	KuṭṭMa. 717.	( 1. 36); KuṭṭMa.	
MāṇḍūUBh.	2	MahāvīC. 1. 55 (1) (v. l.); MāṇḍūUBh. 338. 5 ( ii. 2. 7);	MāṇḍūUBh. 60. 8; GoviBh. 201. 6 ( iii. 2. 13)	
ŚaTrayī.	2	7. 149; ŚaTrayī. 252;	ŚaTrayī. 166; 5; (v. l. )	
KausīBr.	2	KausīBr. 23. 4 (105. 11);	KausīBr. 27. 3 (131. 3); 27. 4	
NṛsiṃhaTāU.	2	NṛsiṃhaTāU. 7.	direction NṛsiṃhaTāU. 2.	
Kāvyalaṅ.	2	Kāvyalaṅ.	of eyes Kāvyalaṅ.(Ru.) 5. 29;	
MohMu.	2	MohMu. 4;	MudrāRā. 4. 12 (38); MohMu.	
KālāVi.	2	KālāVi. 1. 75.	KālāVi. 10. 31;	
Saptarṣis.	2	8); BrahmP. 3. 58; {@ii@} name of one of the Saptarṣis. of the Saptarṣis. of	{@ii@} name of one of the Saptarṣis. of the Saptarṣis. of	
BhramaDū.	2	BhramaDū. 17; Padya-	BhramaDū. 51;	
AvPari.	2	8. 4; 4. 4; {@1B@} very long AvPari.	AvPari. 59 (1). 3; AVPari. 70B	
BṛKathāŚloŚaṃ.	2	Sārā. 18. 15; BṛKathāŚloŚaṃ. 18. 639;	BṛKathāŚloŚaṃ. 22. 122;	
PratāyaBhū.	2	RauhiC. 193; UttaKUC. 70; PratāyaBhū. 307. 4;	PratāyaBhū. 299. 1;	
Bhask.	2	Bhask. i. 60. 21 ( i. 1. 3);	Bhask. i. 54. 18 ( i. 1. 1); {@B@} to trans-	
Aṣṭāhṛ.	2	Aṣṭāhṛ. iii. 7. 10;	AṣṭāSaṃ. ii. 48. 13 (4. 9) = Aṣṭāhṛ. iv. 7. 2;	
ŚaṃgīRa.	2	TriṣaŚaPuC. iv. 2. 2; ŚaṃgīRa. iv. 136. 5. (7. 383); CaturCin. i.	3. 27; ŚaṃgīRa. i. 23. 3 (1 (2). 5);	
YaśaCam.	2	YaśaCam. ii.	YaśaCam. ii. 363. 8; Subodhi. 52. 8	
SaravaDaSaṃ.	2	PrasaRā. 2. 35 (1); SaravaDaSaṃ. 2. 142; CaitaCa.	SaravaDaSaṃ. 2. 164; 9. 81;	
MahāBhārDī.	2	Bhā. v. 35. 46 (MahāBhārDī. )	MahāBhā. v. 34. 39 (MahāBhārDī. Bhār-	
LakṣmīṬ.	2	95. 57; LakṣmīṬ.	LakṣmīṬ. 32. 11.	
VasiSaṃ.	2	VasiSaṃ. 43. 65; RaseCin.	VasiSaṃ. 2. 9.	
BhārBhāDi.	2	BhārBhāDi.); {@3@} excessive, extreme	xiii. 61. 34 (but BhārBhāDi. )	
KalyāKa.	2	MṛtyuMāPūSt. 30; KalyāKa.	KalyāKa. 21. 15 [anything used in place of a of a reg	
Nīti.	2	Nīti. Text Tradition vol. iii. 1800; {@B@} greatly	ness Nīti.	
ŚrṅgāTi.	2	ŚrṅgāTi.(Ru.) 1. 74; ŚārṅgaPa. 1277; Subhā-	ŚrṅgāTi.(Ra.) 200; VasaTi. 36. 22;	
DaśaRū.	2	DaśaRū. 3. 29; Calcutta 1865 = 3. 32 pw.]	DaśaRū. 3. 20; PratāYaBhū. 122. 1; RasāSu. 278. 16	
ViBr.	2	ViBr. i. 4. 3; NṛSiṃPūTāU.	ViBr. i. 4. 3; GopBr. i. 5. 23;	
MahNirvāTa.	2	431; MahNirvāTa. 1. 26.	MahNirvāTa.	
AdbhuSā.	2	result AdbhuSā. 157. 15.	AdbhuSā. 25. 20;	
JīnaŚ.	2	JīnaŚ. 3. 8.	TilaMañ. 159. 18; JīnaŚ. 1. 11; RatiRaha. 11. 16; YuktiKa.	
ŚūktiRa.	2	VāsaDa. 5. 1 = ŚūktiRa.	ŚūktiRa. 181. 20; ŚukSa. 4. 2;	
ŚaṅkhSm.	2	MuṇḍUBh. 338. 8 ( ii. 2. 7); ŚaṅkhSm. 2. 7;	BaudhDS. ii. 5. 27; ŚaṅkhSm.	
LIX.	2	AVPari. LIX. 1. 3; LIX. 1. 14;	AVPari. LIX. 1. 3; LIX. 1. 14;	
BhramaA.	2	132; BhramaA. 5;	BhramaA. 119. 2.	
KenaUBh.	2	KenaUBh. 35. 18 ( 1. 4);	KenaUBh.	
GītaBh.	2	( 3. 2); GītaBh.	GītaBh.(Śaṅ.) 320. 4	
NyāyVāraPari.	2	NyāyVāraPari. 175. 9.	NyāyVāraPari. 525. 13;	
Cf.	2	AlaṅkāKau.(Vi.) 277. 8; SāhiSā. 2. 95; Cf. {@ ,@}	[ ¦ (atītāvekṣā) Cf. {@ @} CaraS. viii. 12. 44	
ChāndoMañ.	2	ChāndoMañ. 2. 213 (1)	SūktiMu. 73. 6; ChāndoMañ. 2. 279.	
ŚivotkaMañ.	2	ŚivotkaMañ. 11; KośaKaTa. 2. 1855;	ŚivotkaMañ. 5; (pass.)	
TrīṣaŚaPuC.	2	TrīṣaŚaPuC. i. 4. 652.	TrīṣaŚaPuC. i. 6. 493.	
KauṣiBrU.	2	ŚāṅkhāĀ. 6. 3 (22. 27) = KauṣiBrU. 4. 2; BṛĀraUBhVā. ii. 1. 51; Vedānt-	4. 15 (18. 17); KauṣiBrU. 2. 15;	
JānaP.	2	JānaP. 4. 35 (7);	JānaP. 3. 87;	
Mahābh.	2	Mahābh. i. 87. 9 ( i. 1. 27); Jaine-	1 P. viii. 3. 65; Mahābh. iii. 442. 13 ( viii. 3. 65), cf. 1 {@ @}.	
RāsRaSa.	2	RāsRaSa. 12. 66; BhāvPra.(Bhā.) 6 (2). 98; ParaNā. 18	RāsRaSa. 11. 128;	
ŚarṅgaPa.	2	208. 21; ŚarṅgaPa. 1768;	Mālavikā. 3. 7 = ŚarṅgaPa. 3376; AvantiKa. 81. 21;	
KumāGuṇo.	2	KumāGuṇo. 34. 3;	KumāGuṇo. 34. 1;	
ṢaḍdSa.	2	ṢaḍdSa.	(Ha.) 69; ṢaḍdSa.(Rā.) 64; BṛĀraUBhVā.	
BṛKāthāMañ.	2	SaraKaṇṭhā. 133. 8; BṛKāthāMañ. i. 2. 19;	RāmāMañ. 3. 5; BṛKāthāMañ. ix. 1. 651.	
ViṣṇuSaNā.	2	ViṣṇuSaNā. 72. 52; {@1iii@} name of a Nāyaka	xiii. 135. 118 = ViṣṇuSaNā. 124. 118; PāñcRā.(Nā.) iv. 3. 168 (? 178);	
TulU.	2	TulU. 70. 18.	TulU. 70. 4.	
Śākaṭā.	2	2. 87; Śākaṭā. iv. 3. 201 = SiddhaHe. v. 1. 173;	Śākaṭā. iv. 4. 20(comm.	
SāmaRaU.	2	SāmaRaU. 251. 2; 280. 4; 288. 21;	SāmaRaU. 281. 17;	
BhallŚ.	2	BhallŚ.	i. 1010; {@ii@} very unsteady or unreliable, BhallŚ. 59;	
ŚāhaBh.	2	ŚāhaBh. 1987. 27 ( x. 6. 3);	v. 4. 19; MīmāSū. ix. 4. 47; ŚāhaBh.	
Vakrojī.	2	Vakrojī. 17. 11; 42. 5;	Kirātā. 1. 3; Vakrojī. 240. 4; CāndraVyā.	
UVāBh.	2	UVāBh. 93. 2 ( 3. 10)	UVāBh. 73. 20 ( 1. 4)	
VaiyāSiMāñ.	2	VaiyāSiMāñ. 38. 13.	VaiyāSiMāñ. 182. 2.	
Vī.	2	Vī. 203. 13 ( 2. 138); ManvaMu. 153. 16 ( 4. 4	UnmaRā (Vī.) 25 (4); BhaktiRaSi. iv.	
PrakaVī.	2	PrakaVī. 496. 15.	PañcPra. 40. 4; PrakaVī. 825. 23; ŚrutaPra. iA. 253. 11 ( i. 1. 1);	
MālaviKā.	2	MālaviKā. 2. 12.	Śāk. 3. 6 (1); MālaviKā. 1. 19;	
BhelaŚ.	2	Saund. 14. 2; BhelaŚ. 30. 25 (1. 18);	6. 16; BhelaŚ. 39. 19 (1. 25);	
VedāntKan.	2	SubhāRaK. 6. 11; VedāntKan. 225. 18 ( ii.	Prakavi. 847. 16; VedāntKan. 313. 13 ( iii. 3. 21);	
Kalpak.	2	Kalpak. 127. 347.	Kalpak. 382. 24.	
ŚāṃgaPa.	2	ŚāṃgaPa. 3943; {@Aii@} greatly stretched	ŚāṃgaPa. 1723; 2223;	
KāmaSū.	2	KāmaSū. 237. 6 (4. 1);	KāmaSū. 121. 25 (2. 4) (JayaMa.	
Etym.	2	¦ (átri) [Etym.? áttri? DEBRU. p. 637; 710; AltGr. III. 399/	1 ¦ (anala) [Etym. doubtful: both Drav. and IE./IA.	
SaraKaṇṭthā.	2	SaraKaṇṭthā.(Gr.) ii. 2. 158.	ŚiśuVa. 4. 36; SaraKaṇṭthā. 204. 23;	
Mayr.	2	2 ¦ (átha) [Mayr. 1. 28; AltGr. III. p. 444; originally	1 ¦ (ánas) [Mayr. I. 33; DEBRU. p. 219; 227; Uṇā.	
SvapnaVā.	2	SvapnaVā. 1. 11;	SvapnaVā. 1. 12 (18); 1. 13 (1);	
ĀśvaSS.	2	ĀśvaŚS. I. i. 11. 3; ĀśvaSS.	ĀśvaSS. II. i. 12. 3.	
IB.	2	IB. 3 ( i. 1. 1); SamarāSaṃ. 1. 156; (used with	KathāL. IB. 8.	
KṣudraSū.	2	Br. 3. 103; KṣudraSū. 124 (193)	Śrīnivāsa KṣudraSū. p. 48, Ed. VVRI, 1974]	
AbhidhāRāMā.	2	2829; AnokāSa. 790; ViśvaLoK. 411. 33; AbhidhāRāMā.	ParyāRaMā. 198; AbhidhāRāMā. 1. 75; DhanvNi. 262. 15; AṣṭāNi.	
NṛPūTāU.	2	TaiĀ. ix. 10. 6 (750. 6); TaiU. iii. 10. 6; NṛPūTāU. 2. 4;	NṛPūTāU. 194. 14 (Adyar Ed. 1953)	
JamiBr.	2	6. 4; x. 6. 9; JamiBr.	PañcBr. xxii. 9. 4; JamiBr.	
AśiraU.	2	AśiraU. 3. 1; CaturveU. 21. 17; VaṭuU. 315. 2; SaurP	(18. 4) = PrāṇU 2 . 35. 2; AśiraU. 5 (14);	
TattvVaī.	2	TattvVaī. 72. 5 (	TattvVaī. 2. 3 ( 1. 1);	
Subbhāṣi.	2	Subbhāṣi. 3525; ŚivārkaMa-	Subbhāṣi. 721.	
Kātau.	2	ending Kātau. iv. 3. 65;	517. 11; P. ii. 3. 17; Kātau. ii. 4. 25;	
LāṭyāSS.	2	LāṭyāSS. vi. 10. 18 (comm.	far away, quite near LāṭyāSS. i. 1. 17;	
HammiMaMa.	2	HammiMaMa. 3. 15	i. 10A. 4; PāṇḍaC. 1. 402; SaduktiKa. 34. 9; HammiMaMa. 5. 2;	
JaiUBr.	2	2. 4; JaiUBr. i. 60. 3; Śāṅkhā-	2. 276; JaiUBr.	
PrakrīKau.	2	PrakrīKau. ii. 360. 5.	PrakrīKau. i. 350. 5; Prasā.	
JaimBr.	2	of a Sāman PañcBr. xv. 3. 6; JaimBr. 3. 345; 3. 248;	PañcBr. xv. 3. 7; JaimBr. 3. 248.	
BṛhaspSm.	2	planet BṛhaspSm.	BṛhaspSm. 112. 76; SmṛtiCan. iv. 348. 14;	
SāṅkhāŚS.	2	SāṅkhāŚS. iv. 15. 19; {@Aii@} not be-	SāṅkhāŚS. xiv. 32. 2; {@2Aii@} to come in	
LaHāriSm.	2	LikhiSm. 47; LaHāriSm. 79;	LaHāriSm. 14;	
Śatrayī.	2	Śatrayī. 851; AmaŚ. 34 = SaraKaṇṭhā. 330. 23 = SāhiDa	Śatrayī. 339; Raghu-	
YatīndraDi.	2	YatīndraDi. 55. 14; {@Ei@} name of one of	YatīndraDi. 34. 8; 90. 2; LaŚabdeŚe. ii. 137. 10; {@2@}	
Drama.	2	¦ (adbhuta-prāpti) (Drama.) occurrence of a wonder-	nce {@2@} guess, conjecture {@3Ai@} (Drama.) name of an of	
ŚatTrayi.	2	Śāk. 1. 29; ŚatTrayi. 202;	ŚatTrayi. 660;	
MahāViSt.	2	SiddhaHe. iii. 1. 130; MahāViSt.(H.) 1. 23 =	MahāViSt. 2 (H.) 17;	
TripuDī.	2	8. 277; TripuDī. 1. 2; KāvyKaVṛ. 112. 13 (4. 1);	TripuDī. 4. 22; AnekāSaṃ.	
Buddha.	2	of a Buddha.	n general), to request (a teacher, generally Buddha. acc.) for	
NaiṣCa.	2	NaiṣCa. 5. 64.	NaiṣCa. 17. 46.	
NīDa.	2	NīDa. 8. 1 = SūktiRa. 168. 4;	NīDa. 13. 7 = SūktiR. a36. 1;	
VyavNir.	2	VyavNir. 221. 6; DīpKa. 38. 18 ( 2. 11); 45. 15 ( 2	1. 2 ( 2. 114); Subodhi. 48. 32 ( 2. 114); VyavNir.	
ŚṛngāSar.	2	ŚṛngāSar. 42.	ŚṛngāSar. 60 (12)	
ŚaṅkaDiVi.	2	the tall mountain ŚaṅkaDiVi.	ŚaṅkaDiVi.(Mā.) 16. 1 (comm. )	
NitiPra.	2	NitiPra. 5. 11; {@Aiii@} under, underneath, lying bel	NitiPra. 6. 94.	
JñātāDhṬ.	2	BhelaS. 6. 16 (1. 6); JñātāDhṬ.	JñātāDhṬ. 149A. 10.	
MāhāBh.	2	P. iii. 2. 15; MāhāBh. ii. 100. 12	MāhāBh. i. 198. 25 ( i. 2. 17);	
MimāSū.	2	MimāSū.	MimāSū. v. 3. 14; ŚābaBh. 1324. 23 ( v. 3.	
Bhe.	2	Bhe. 3. 17; ŚivārkaMaDī. i. 183. 28 ( i. 1. 4);	Bhe. 2. 6; ŚivārkaMaDī. ii. 413. 14 ( iii. 4. 48	
Parā.	2	Parā. 16. 6; ŚivārkaMaDī.	Parā. 48. 21.	
MahaRāPa.	2	22. 9; MahaRāPa.	MalliC. 6. 134; MahaRāPa. 2. 21;	
NāṭLaRaK.	2	NāṭLaRaK. 3220.	(v. l. ChSS. Ed.) NāṭLaRaK. 2196; {@2B@} daughter of	
DvyāśraKa.	2	DvyāśraKa. 19. 113; (comm.	DvyāśraKa. 9. 49; {@3Bii@} not inferior, i. e. equal	
GaneP.	2	GaneP. ii. 128. 24;	ness GaneP. ii. 138. 12;	
ChāndoBr.	2	VājaS. 15. 10; ChāndoBr. ii. 4. 3;	ḍviBr. i. 7. 3; KāṭhakaBrsaṅkalana. 69. 7; ChāndoBr.	
Acyūtarā.	2	Acyūtarā. 10. 19.	127. 19 ( ii. 1. 28); HariVi. 1. 9; Acyūtarā.	
ŚīśuVa.	2	ŚīśuVa. 15. 31.	ŚīśuVa. 5. 21 (comm.	
TantrŚa.	2	TantrŚa. 1. 76;	TantrŚa.	
SaravaVeSāSaṃ.	2	SanatBh. 305. 2 ( 4. 17); SaravaVeSāSaṃ.	SaravaVeSāSaṃ. 791.	
Prādī.	2	Prādī.(Ci.) 9. 2 (comm. )	Prādī. iv. 126A. 18 ( iv. 1. 93)	
SaṅkarU.	2	U. 585. 27; SaṅkarU. 219. 8; AkṣaMāU.	258. 26 (2. 5); SaṅkarU. 218. 11;	
ŚivāpaKṣaSt.	2	ŚivāpaKṣaSt. 15; ŚivPañNaMā. 2;	ŚivāpaKṣaSt. 12; JayaChand.	
IśvaPraSū.	2	IśvaPraSū. i. 8. 9; Bhāsk. i. 418. 21 ( i. 8. 9)	IśvaPraSū. i. 2. 3 (PratyabhiVi. ); Bhāsk.	
Rāghunā.	2	Rāghunā. 3. 29.	Rāghunā. 1. 61.	
BVB.	2	ManvaVi. 514. 29 ( 4. 119) (BVB. 1975 Ed.)	( BVB. Ed., 1972)	
Gorr.	2	Rāmā. iii. 3. 22; iii. 8. 17 (Gorr.); vii. 110. 1;	Rāmā. (Gorr.) vi. 19. 58; ViṣṇuP. iii. 7.	
ŚaṅkhaLikhitaDS.	2	ŚaṅkhaLikhitaDS. 439 = ŚaṅkhaSm. 17. 51 = Aparā. 1186. 14 (	ŚaṅkhaLikhitaDS. 56; CaturCin. iii(1).	
J.	2	goal…which makes good going, a journey, J. GONDA, VIJ. III.	(v. l. J. L. Jaini's Ed.) TattvārthāSū. 2. 27.	
PrakiKau.	2	PrakiKau. ii. 32. 3; Prasā. ii. 32. 12; Siddhā-	KāśiVṛ. i. 1. 68 = PrakiKau. i. 827. 2;	
VaijāBhū.	2	8 ( i. 3. 6); MayūMāli. 20. 21 ( i. 3. 1); VaijāBhū.	VaijāBhū. 103. 8;	
MayāMāli.	2	MayāMāli. 465. 4 (	MayāMāli. 685. 18 ( x. 3. 8)	
SaṃgīRā.	2	1. 4); SaṃgīRā. i. 16. 2 (1 (1). 26);	ĀśvaŚS. II. i. 11. 11; SaṃgīRā. iii.	
SāU.	2	SāU. 389. 1 (6); TripāMaNāU. 373. 19 (7)	SāU. 388. 4 (6)	
VasaVi.	2	VasaVi. 2. 39.	VasaVi. 8. 66.	
YājnaSm.	2	3. 260; YājnaSm. 2. 41; RaghuVa.	YājnaSm. 3. 253;	
AṛthŚā.	2	lower caste AṛthŚā. ii. 38. 6 (3. 6);	AṛthŚā. i. 69. 4 (1. 14);	
El.	2	El. xii. 158. 19.	El. iii. 77. 10.	
JagannāA.	2	JagannāA. 6.	JagannāA.	
ViSt.	2	ViSt.(H.) 1. 29; SyādvāMañ. 29;	ViSt. 2 (H.) 6.	
BṛĀraUBhVa.	2	BṛĀraUBhVa.	vyāSm. 1. 32; 2. 29; BṛĀraUBhVa.	
NyāyaRa.	2	NyāyaRa. 477. 21 ( 5 (8). 15);	NyāyaRa. 598. 9 ( 5 (13). 120)	
ŚivārakaMaDī.	2	ŚivārakaMaDī. ii. 443. 11 ( iv. 1. 16)	ŚivārakaMaDī. i. 260. 26 ( i. 1. 22)	
GOLS.	2	GautDS. i. 6. 9 (GOLS. 1917 Ed.);	(GOLS. 50. 1917);	
KṣuriU.	2	KṣuriU. 12.	( , Adyar, 1920) KṣuriU. 16; VāyuP.	
ManPāṭha.	2	ManPāṭha. i. 5. 18; AśvaŚS. I. i. 11. 13; HirGS. i. 26	ManPāṭha. ii. 11. 30; AV. iii. 9. 6;	
Drav.	2	1 ¦ (anala) [Etym. doubtful: both Drav. and IE./IA.	sources are suggested. For Drav. etym. from ‘fire’, cf. DED,	
NyāMāVi.	2	NyāySā. 2. 4; NyāMāVi. 507. 14 ( x. 2. 24);	NyāMāVi. 699. 8 ( xii. 4. 7)	
NyāvSu.	2	NyāvSu.(Ja.) 363A. 5 ( ii. 2. 6);	NyāvSu.(Ja.) 289B. 7 ( ii. 1. 4)	
DCPI.	2	(DCPI. 1966 Ed.) (comm.	(DCPI. 1966) 3. 1.	
RSGM.	2	Vār. P. vii. 3. 34 (MahāBh. RSGM. No. 30, 1938);	Vār. P. viii. 4. 42 (RSGM. 30,	
AbhiuBhā.	2	AbhiuBhā. i. 18. 14 ( 1. 25)	AbhiuBhā. i.	
PṛĀraUBhVā.	2	PṛĀraUBhVā. i. 4. 506; iv. 3. 1454.	PṛĀraUBhVā. iii. 3. 69; NaiṣkaSi.	
GanḍKā.	2	GanḍKā. 4. 100; Naiṣ-	GanḍKā. 3. 16; PadmP.	
MUSS.	2	by an untrustworthy person MUSS. 13)	volved from the ‘I-consciousness’ (v. l. MUSS. and TSS.	
PiṇḍapitṛBr.	2	Kāṭhakasaṅkalana (PiṇḍapitṛBr.) 68. 12;	PiṇḍapitṛBr. 69. 3; {@1B@} to accompany	
VedāntPāSan.	2	VedāntPāSan. 322. 12 ( iii. 3. 29); VedāntKau.	VedāntPāSan. 94. 20 ( i. 3. 22);	
SaddhaPun.	2	SaddhaPun. 2. 29	SaddhaPun. 23. 7.	
Dhavanyā.	2	Dhavanyā. 311. 5 ( 3. 6);	neither of the two Dhavanyā. 73. 1	
NyāyVārParī.	2	NyāyVārParī.	NyāyVārParī. 521. 3;	
NyāvMañ.	2	NyāvMañ. ii. 201. 6.	NyāvMañ. i.	
SarKaṇṭhā.	2	SarKaṇṭhā. 671. 11;	Kāvyālaṅ.(Bh.) 4. 1; Kāvyāda. 3. 125; SarKaṇṭhā. 35. 24;	
NamMā.	2	Cin. 1106; AnekāNi. 111; NamMā. 62; ŚabdaRa.(Vā.) 248; ParaNā.	NamMā. 29; Vaija. 105. 17; , AbhidhāRaMā. 2. 273;	
BhāŚS.	2	i. 141. 15; BhāŚS. viii. 12. 2; ĀpaŚS. viii. 9. 2; MānŚS. 46. 1	BhāŚS. v. 4. 5; ix. 10. 13; ĀpaŚS. ix.	
Mrcch.	2	Mrcch. 3. 28; BrahmāṇḍP. ii. 47. 87;	(v. l. ) Mrcch. 3. 5; {@1B@} who or which is	
Vāgbhatā.	2	Vāgbhatā. 5. 9; AlaṅkāŚe. 20. 8;	Vāgbhatā. 4. 102.	
PūrvottaVāNāMā.	2	PūrvottaVāNāMā. 26. 14.	PūrvottaVāNāMā. 287. 8.	
Śil.	2	Śil. 1885; , ViśvaLoK. 250. 53; , ŚabdaRa.(Su.)	Śil. 1829; , ŚabdaRa.(Su.) 3. 338; , ŚabdaRa.	
VaikhāŚs.	2	ĀpaŚS. ix. 9. 14; HirŚS. xv. 3. 12 (295. 6); VaikhāŚs. 20. 17.	ĀpaŚS. xii. 24. 14 (comm. ); VaikhāŚs. 15. 31;	
CaṇḍīKuPañ.	2	CaṇḍīKuPañ. 81.	CaṇḍīKuPañ. 72.	
ŚabdaraSaK.	2	2. 6166; ŚabdaraSaK. 189. 14; , MediK. 189. 61; and Kośas	, MediK. 184. 49; ŚabdaraSaK. 334. 2; , TrikāŚe.	
VBSGM.	2	RāghPāṇ.(Ka.) 3. 11 (VBSGM. Ed. comm. --	with intestine and bodily fat (v. l. VBSGM. Ed.)	
RājŚyāU.	2	); RājŚyāU. 423. 10; AVPari. 23 (12). 5;	RājŚyāU. 423. 6;	
KātyŚi.	2	KātyŚi. 12;	KātyŚi. 9;	
VāraŚS.	2	VāraŚS. I. iv. 2. 9; ŚatBr.	VāraŚS. I. i. 5. 17; KātyaŚS. ii. 2. 18; VaitāSū.	
NemīNir.	2	NemīNir. 2. 23;	NemīNir. 7. 25; {@ii@} to pursue after, to proceed to	
NyāyKā.	2	NyāyKā. 210. 5;	NyāyMañ. ii. 185. 13; NyāyKā.	
SārasvaVyā.	2	PārāŚi. 57; SārasvaVyā. i. 1. 23;	SārasvaVyā. i. 1. 25;	
VedāntraMañ.	2	VedāntraMañ. 1. 1	VedāntraMañ. 1. 1 (8. 23); 1. 4 (57. 23);	
Tārkira.	2	Tārkira. 332. 5;	Tārkira. 167. 1; 293. 9;	
Rāṣṭrapālaparipṛcchā.	2	Rāṣṭrapālaparipṛcchā. 39. 18 (L. FIXOT'S	Rāṣṭrapālaparipṛcchā. 4. 12	
Prakavi.	2	Prakavi. 702. 17.	Prakavi. 847. 16; VedāntKan. 313. 13 ( iii. 3. 21);	
Log.	2	AbhidhKoBh. 136. 21 ( 3. 28); {@1Aii@} (Log.)	¦ (an-upasaṃhārya) (used as noun) {@A@} (Log.)	
PamP.	2	PamP.(Ra.) 9. 92; 14. 239;	PamP. v. 16. 24;	
SaṃkṣcŚā.	2	SaṃkṣcŚā. 3. 117	SaṃkṣcŚā. 3. 48 (ii. 176. 10); BhāgP. iii. 32. 9;	
Ḍi.	2	Ḍi. 1. 40; Pūrvotta-	Tripu Ḍi. 3. 28 (5); PārśvC. 6. 16;	
RudrU.	2	RudrU. 308. 14; HaṃsU. 2. 2;	RudrU. 308. 3; {@7@} to confide in, cf. {@ @} {@4@}	
NṛsiṃhottaTāU.	2	NṛsiṃhottaTāU.	recognition NṛsiṃhottaTāU. 7;	
MayuMāli.	2	5. 14 ( i. 1. 0); MayuMāli. 548. 3 ( vii. 4. 1)	MayuMāli.	
PāñcaRāRa.	2	RājTa.(Ka.) 3. 95; PāñcaRāRa. 91. 19;	PāñcaRāRa. 82. 8.	
KośakaTa.	2	KośakaTa. 1. 1359; [better	56; ŚabdaRa.(Vā.). 874; KośakaTa. 1. 3017; , RājNi. 325. 10;	
HirŚs.	2	ĀpaŚS. xxii. 19. 1; HirŚs. xvii. 7. 10 (456. 28); ( )	i. 171. 17; BhārŚS. x. 16. 11; HirŚs. vii. 2. 45 (634. 9); VaikhāŚS. 12. 18;	
Nālābhyu.	2	Nālābhyu. 6. 47;	Nālābhyu. 7. 30;	
Śāy.	2	ṚV. iii. 26. 1 (Śāy.	ṚV. x. 160. 4 (Śāy. ); AV.	
NṛsimṢaCaU.	2	NṛsimṢaCaU. 85. 8; {@2D@}	NṛsimṢaCaU. 85. 8;	
PāñcRāRā.	2	PāñcRāRā. 59. 8; 159. 10;	PāñcRāRā. 11. 20; 37. 8;	
TriṣaŚaPuc.	2	TriṣaŚaPuc. iv. 6. 22.	TriṣaŚaPuc. iii. 5. 63; iii. 5. 171;	
JñānBi.	2	42. 28; JñānBi. 15. 4; BālamBha. i. 83. 13 ( 1. 22);	JñānBi. 27. 25.	
O.	2	SūktiMu. O. 22;	{@2@} sounding variously, SūktiMu. O. 22.	
ṢadviBr.	2	ṢadviBr. v. 4. 2; v. 5. 2;	KauṣīBr. 30. 5 (144. 3); as Ūrj ṢadviBr.	
LalitaTriBh.	2	LalitaTriBh. 262. 13 ( 5)	LalitaTriBh. 343. 15 ( 52)	
KoṣaKaTa.	2	AbhidhāCin. 1114; ParaNā. 897; KoṣaKaTa. 1. 3017;	, KoṣaKaTa. 2. 7917; , KośaKaTa. 2. 7917; also they giv	
PuṣpaSū.	2	or PuṣpaSū. i. 2. 4; {@11B@} the word	LāṭyāŚS. iv. 6. 16; DrāhyŚS. viii. 2. 23; PuṣpaSū. ii. 5. 4;	
AṣṭaHṛ.	2	of splinter inside the throat AṣṭaHṛ.	23 (1. 9); AṣṭaHṛ. i. 7. 70;	
ŚārīU.	2	ŚārīU. 1;	ŚārīU. 5; PañcPra. 71. 3;	
SiddhāŚi.	2	SiddhāŚi. 155. 6 (16. 3); KaraṇaKu. 8. 2 (30)	SiddhāŚi. 231. 13 ( 27. 16);	
YogSāSaṃ.	2	YogSāSaṃ. 29. 2 (2);	YogSāSaṃ. 13. 9(1)	
Dictionary.	2	Practical Vedic Dictionary.	Practical Vedic Dictionary.	
NṛtyaRaK.	2	SaṃgīRa. iv. 178. 1 (7. 517); Nṛtyā. 585; NṛtyaRaK. i. 3. 15 [Kośas	NṛtyaRaK. i. 3. 152; {@ii@} entered inside	
PañcBraU.	2	absorption PañcBraU. 27;	PañcBraU. 18; {@1Aii@} another	
ŚāṇḍiU.	2	ŚāṇḍiU. 414. 28 (1. 31)	ŚāṇḍiU. 414. 29 (1. 32); HaṭhPra. 4. 37.	
ŚāṅkhāA.	2	ŚāṅkhāA. 4. 5 (15. 2); KauṣīBrU. 2. 4;	ŚāṅkhāA. 4. 8 (15. 29); ŚāṅkhāŚS. i. 6. 5; iv. 12. 10	
BaudhŚSS.	2	BaudhŚSS. ii. 18. 13; ii. 22. 4;	BaudhŚSS. ii. 24. 16;	
VarāṅgC.	2	VarāṅgC. 15. 71; (v. l. )	VarāṅgC. 27. 41; PāraS.	
SaraKaṇṭā.	2	105; SaraKaṇṭā. 550. 17; KāvyPra. 20. 4; SubhāRaK. 25. 1; Su	KumāSaṃ. 5. 2; SaraKaṇṭā. 671. 10;	
Rohiṇī.	2	Rohiṇī. Puṣya, Uttaraphālgunī, Viśākhā, Pūrvāṣāḍhā,	{@1@} name of any of the seven asterisms (Rohiṇī.	
Mīmāṃsākośa.	2	a blind man into a well, Mīmāṃsākośa.	tally sits on the palm), Mīmāṃsākośa.	
ManuSṃ.	2	MahāBhā. xiii. 48. 25; ManuSṃ.	47. 4 ( ii. 3. 8); i. 496. 5 ( ii. 4. 79); ManuSṃ.	
PrāṇaU.	2	11. 83; 34. 58; VājaS.(K.) 33. 47; PrāṇaU. 1. 4; VājaS.	PrāṇaU. 1. 6;	
BṛParāSṃ.	2	BṛParāSṃ. 7. 217;	BṛParāSṃ. 12. 70;	
Nt.	2	II. 1. 321; II. 1. 323; II. 1. 43 (Nt.); II. 1. 89 (Nt.); III. 491; III. 579;	321; II. 1. 323; II. 1. 43 (Nt.); II. 1. 89 (Nt.); III. 491; III. 579;	
Ṛv.	2	Ṛv. i. 30. 6; i. 93. 6; i. 95. 1;	Ṛv. v. 62. 2; MaiS. iv. 14. 10	
MadhurāVi.	2	MadhurāVi. 1. 74;	MadhurāVi. 3. 46; {@4@} absence	
GopaKeCan.	2	GopaKeCan. 134.	GopaKeCan. 63. 11;	
Rāmābhyu.	2	Rāmābhyu. 269. 30;	Rāmābhyu. 270. 17.	
VyāvaNi.	2	177. 36; VyāvaNi. 382. 12;	VyāvaNi. 81. 11.	
LaŚadbeŚe.	2	LaŚadbeŚe. i. 494. 8.	LaŚadbeŚe. i. 11. 15; i. 12. 1; i. 12. 28;	
JAS.	2	be meant for another SaṅkarKā. ii. 2. 37 (JAS.	Ed.); SaṅkarKā. ii. 3. 4 (JAS.	
KauśīGS.	2	GS. ii. 5. 3; KauśīGS. ii. 3. 1;	ii. 4. 4; KauśīGS. ii. 2. 12; ii. 2. 15; HirGS. i. 5. 8; Agnive	
BhaṭṭBhā.	2	TaiBr. III. vii. 4. 12; (but BhaṭṭBhā. );	TaiBr. II. ii. 8. 5 (BhaṭṭBhā.	
YājñU.	2	JābālaU. 6 (146. 9); YājñU. 602. 5;	YājñU. 601. 26	
MohRāPa.	2	MohRāPa. 3. 21; 5. 65(2);	MohRāPa. 5. 75.	
AśvVai.	2	AśvVai. 16. 26; Hastyāyur. 483. 25	AśvVai. 30. 71; {@2C@} to expel or drop, cf. {@ @} {	
AbhinaBhā.	2	NāṭyaŚā. 32. 329 (AbhinaBhā.	AbhinaBhā.	
Ḍamarū.	2	Ḍamarū. 75.	Ḍamarū. 17; {@2@} covered ṚV. i. 123. 6;	
NandiKāśi.	1	begin with it. cf. ŚivSū.(Gr.) 1. The NandiKāśi. on it (vv. 3-9)		
CamatCan.	1	CamatCan. 3. 10; ParāTri.		
ParaLaMañ.	1	stanza (attributed to Hari in ParaLaMañ. p. 123) gives six shades of		
Abhi.	1	Abhi. ParāTri. 167. 5; ParāTri.		
AlaṅkCū.	1	31. 9; AlaṅkCū. 20. 1;		
PadārthaRaMā.	1	PadārthaRaMā. p. 5; other meanings given are		
ŚabdKaDru.	1	[quoted from MahāBhā. by ŚabdKaDru. and Vāc. but		
Vāc.	1	[quoted from MahāBhā. by ŚabdKaDru. and Vāc. but		
Tribhā.	1	{@2@} name of the Acc. Tribhā. on TaiPrāti.		
Dr.	1	Dr. 15; probably a denom. from the noun ‘part,		
Kṣīrasvā.	1	(KāśiVṛ.); , Kṣīrasvā. AmaK. 1885;		
HorāPañ.	1	5. 29; HorāPañ. 1. 7;		
CaturCiu.	1	CaturCiu. ii. (2) 901. 15;		
RaseCi.	1	RaseCi. 2. 10;		
BallāCa.	1	BallāCa. 74. 3; {@6E@} a measure		
DvyāKā.	1	DvyāKā. 18. 59;		
SaṅgīPā.	1	SaṅgīPā. 300.		
NyāyaMāVi.	1	443. 21 ( iii. 2. 26); NyāyaMāVi.		
BaudbŚS.	1	BaudbŚS. i. 206. 11; ii.		
Mahe.	1	Skanda-Mahe.		
Nandana.	1	( 5. 120); Nandana. 669. 10; {@6A@} Proper name of a		
KāryKaVṛ.	1	46. 22; 83. 56; ViśvaLok. 245. 26; 371. 3; KāryKaVṛ. 87. 26 (3. 5); KalpaK.		
Campū.	1	Ānanda Vṛndāvana Campū. 427. 12.		
BrKathāMañ.	1	BrKathāMañ. xvi. 1. 606.		
VaiKhāŚS.	1	VaiKhāŚS.		
ŚāriṅgaPa.	1	SūktiMu. 53. 29; ŚāriṅgaPa. 3325;		
Śaivāgama.	1	oon {@6@} name of a mountain {@7@} name of a Śaivāgama. {@1@} the		
Acvutarā.	1	Acvutarā. 8. 11; 8. 3.		
KāvyMi.	1	KāvyMi. 85. 2; LakṣmīT.		
ĪŚānŚiPa.	1	7. 359; ĪŚānŚiPa. ii. 41. 115;		
KathāSaŚāg.	1	shoulder KathāSaŚāg. xii. 17. 2;		
SūśruS.	1	AitĀ. I. ii. 2. 29; SūśruS. iii. 5. 19; 6. 6; CaraS. iv. 7. 6;		
DhātūPā.	1	2 ¦ (aṃh-) I. A. [ DhātūPā. 1. 666; SaraKaṇṭhā (Gr.)		
TattvBo.	1	from Uṇā. 4. 212 (TattvBo. );		
BERG.	1	case ending, (BERG., OLD.); or for (AUFR.)] {@1A@} narrowness,		
AUFR.	1	case ending, (BERG., OLD.); or for (AUFR.)] {@1A@} narrowness,		
Āpaḥ.	1	a (ṚV. vii. 104. 23); Agni(ṚV. vii. 15. 15); Āpaḥ.		
SīśuVa.	1	SīśuVa. 12. 67; Padm-		
LalitāstaRa.	1	5; VīraMi(Bhakti). 60. 6; ParamāKā. 47. 69; LalitāstaRa. 53;		
BhāraŚS.	1	BhāraŚS. xii. 13. 2; {@B@} nearer, closer		
ŚivKePaSt.	1	ŚivKePaSt. 29.		
AdhidhāCi.	1	7. 24; AdhidhāCi. 1114; ŚabdaRa.(Su.) 4. 122.		
Tantras.	1	various parts of the body in Tantras. NāgaSa. 17. 5; TantrSā.(K.) 7. 21;		
EkārthNā.	1	1. 9; EkārthNā. 16;		
Case.	1	indication of the Nom. Case. TaiPrāti. 1. 23		
Tribhāṣya.	1	(comm. , Tribhāṣya. ;		
AlaṅkāCfn.	1	AlaṅkāCfn. 22. 18 (comm.		
SabhāRaK.	1	MālaMā. 1. 2=SabhāRaK. 4. 15; TilaMañ. 36. 8;		
JādaPa.	1	JādaPa. 3. 44.		
ViddhaŚāla.	1	ViddhaŚāla. 3. 21.		
Buddhakṣetra.	1	name of a Buddhakṣetra.		
AbhidhānaRāj.	1	AbhidhānaRāj. 1. 124.		
AbhisaAlaṅkĀ.	1	AbhisaAlaṅkĀ. 277. 1.		
Rāja.	1	(Rāja.) 299. 15;		
Bodhisattva.	1	¦ (akampita-sāgara) name of a Bodhisattva.		
NyāyaBh.	1	NyāyaBh.		
Brahm.	1	eing the instrumental cause (of an effect) Brahm.		
ĀtmTattvVi.	1	ĀtmTattvVi. 120. 16.		
AbhidhaKoBh.	1	AbhidhaKoBh.		
HaṃsaSan.	1	HaṃsaSan. 88;		
Karṇa.	1	out helm or rudder {@5@} without Karṇa. {@1i@} having diminutive ears		
PañcViBr.	1	Sāyaṇa on PañcViBr. viii. 7. 7.		
UpamitiBhaPraKa.	1	UpamitiBhaPraKa. 97. 21.		
SaṃkhyaPraSū.	1	SaṃkhyaPraSū. 1. 105; SarvaDaSaṃ.		
ManuBhā.	1	ManuBhā. i. 341. 2 ( 4. 27);		
SurśruS.	1	ii. i. 62; SurśruS. iv. 2. 42; AṣṭāSaṃ. i. 301. 23 (3. 15);		
Aṇubh.	1	Aṇubh. 176. 6 ( iii. 1. 12)		
KathāLaṬ.	1	KathāLaṬ. 2.		
ŚankaDigVi.	1	ŚankaDigVi.(Mā.) 12. 17;		
TantrRah.	1	TantrRah. 12. 19; {@iii@} unimagined, unthought of,		
AdaiSi.	1	AdaiSi. 287. 1.		
KāvyāMī.	1	YaśasCam. ii. 196. 1; KāvyāMī. 21. 4;		
AṣṭāṅgHṛ.	1	AṣṭāṅgHṛ. i. 2. 35;		
SvoṬ.	1	graha SvoṬ. 3. 27 (p. 82)		
DhaṬī.	1	DhaṬī. 130A. 9.		
BṛhĀrU.	1	BṛhĀrU. iv. 4. 6;		
BrKathāŚloSaṃ.	1	BrKathāŚloSaṃ. 10. 21.		
Jānāsra.	1	Jānāsra. 4. 14; (cf. 9 {@ @})		
VarīvaRa.	1	Bh. 103. 18 ( 136); VarīvaRa. 134; {@16@} the		
PañcRa.	1	PañcRa. 2. 33; Pañcā. 131. 12; 176. 19; 268. 19;		
NyāKuA.	1	cause NyāKuA. ii(1). 238. 9.		
PratyabiVi.	1	PratyabiVi. ii. 187. 1 ( ii. 4. 13); i. 51. 1 ( i. 1.		
PadyVe.	1	Ta. 254 = PadyVe. 702;		
SubhāRak.	1	SubhāRak. 37. 24; KumāCaSaṃ. 51. 11.		
ParaHaṃPaU.	1	ParaHaṃPaU. 485. 5.		
VidyātāU.	1	VidyātāU. 470. 1 (1);		
ŚaraTi.	1	PauṣkS. 33. 58; ŚaraTi. 16. 86;		
ŚivaSū.	1	ŚivaSū. 10; PrakriKau. ii. 333. 7;		
ViṣṇuDh.	1	ViṣṇuDh. P. ii. 51. 8;		
ŚāstraDīPra.	1	Prasā. i. 868. 13; ŚāstraDīPra. 217. 15 ( i. 1. 5);		
Kavyāda.	1	Kavyāda. 3. 153; Gītā-		
PadārthaSam.	1	PadārthaSam. 324. 21;		
Kāvyālāṅ.	1	Kāvyālāṅ.(Ru.) 6. 16;		
UpadeśaSā.	1	UpadeśaSā. 221. 22 (comm. )		
TattvCi.	1	TattvCi. II. ii. 132. 6.		
KarmNi.	1	KarmNi. 2B. 2.		
PṛthvīVī.	1	PṛthvīVī. 8. 96;		
UdayaSuK.	1	UdayaSuK. 43. 5;		
Tippaṇī.	1	MahāP. 34. 11; (Tippaṇī.		
BhelaSa.	1	BhelaSa. 1. 7.		
Jivā.	1	Jivā.) 2. 8.		
Hol.	1	¦ (akāla-holotsava) untimely festival of Hol. ( )		
LXXB.	1	AVPari. LXXB. 7. 23.		
ŚataTrayī.	1	ŚataTrayī. 353; YaśasCam. i. 53. 2;		
RaMa.	1	RaMa. 102. 5 (3. 8); RasiRañ. 117; AmṛUda. 3. 21;		
SvopVr.	1	SvopVr. 46. 20;		
ŚāṃkhyaTaPra.	1	ŚāṃkhyaTaPra. 174. 1; Mugdhopa. 51;		
ParīMuSū.	1	ParīMuSū. 6. 21; 35; 37; 38; 39;		
PrameRaAlaṃ.	1	PrameRaAlaṃ. 6. 39;		
RatnaAva.	1	RatnaAva. ii. 288. 32.		
KāvyalaṅSū.	1	KāvyalaṅSū. i.		
Jyeṣṭhā.	1	RasGaṅ. 518. 16; {@2@} one of the names of Jyeṣṭhā.		
ParyāyRaMā.	1	ParyāyRaMā. 644.		
PañT.	1	{@2@} from nowhere PañT.(Kos.) 68. 25.		
AṇuBhā.	1	AṇuBhā.		
VīkraDeC.	1	VīkraDeC. 9. 98.		
HetuBīT.	1	HetuBīT. 124. 18; Bṛ-		
ŚīvaDṛ.	1	ŚīvaDṛ.		
DharmaSaṃ.	1	AbhidhKoBh. 248. 12 ( 4. 78); DharmaSaṃ. 56; {@G@} (Yoga)		
NyāyVāParī.	1	NyāyVāParī. 734. 5. {@2@} adversity, calamity		
NidāS.	1	person NidāS. 6. 12; cf.		
Pañc.	1	Pañc. Br. xvii. 4. 3 (comm. )		
JātPā.	1	livelihood JātPā.		
NāñārthSaṃ.	1	37; AbhidhāCin. i. 1073; VīśvaPra. 146. 259; NāñārthSaṃ. 7. 62; Nānārthā-		
VīśvaLoK.	1	. iii. 26. 4; MediK. 152. 245; ŚabdaRa. 624; VīśvaLoK. 317. 242;		
RāghPā.	1	RāghPā.(Dha.) 5. 54.		
SākatāVyā.	1	Kātan. iv. 4. 10 (cf. SākatāVyā.		
ManvarthaVi.	1	ManuSm. 9. 136; ManvarthaVi. 1185. 17 ( 9. 136); {@1Eii@} not listed or		
NyāyYā.	1	human agency) NyāyYā. i. 1. 5 (56. 6);		
ViraMī.	1	ViraMī. 485. 1 ( 2. 58); BālamBha.		
Subodhī.	1	Subodhī. 32A. 29 ( 2. 57)		
Interpol.	1	15. Interpol. 31; {@B@} which has not secured any effect,		
BṛNāP.	1	BhāgP. iv. 26. 21; BṛNāP. 9. 130;		
RasGaṃ.	1	BhāmiVi 1. 68 = RasGaṃ. 443. 3; {@ii@} not done before (by a parti-		
Rudradatta.	1	Rudradatta. ĀpaŚS.		
Kārtikeyānutprekṣā.	1	Śubhacandra Kārtikeyānutprekṣā. p. 449		
BhaṭṭDī.	1	BhaṭṭDī. ii. 331. 3 ( vi. 8. 4); {@B@} for which exp		
XL.	1	AVPari. XL. 1. 2.		
SmṛtiCañ.	1	SmṛtiCañ. vi. 131. 8; {@iii@} who has not been consecr		
Kavīndravacanasamuccaya.	1	Kavīndravacanasamuccaya. 498.		
VāynP.	1	VāynP. ii. 15. 60; BrahmāṇḍP. ii. 13. 61; i. 27. 56		
KumāCaSam.	1	KumāCaSam. 103. 24;		
ChandoUBh.	1	ChandoUBh. 419. 11 ( vii. 1. 3);		
AbhidKoBh.	1	AbhidKoBh. 92. 16 ( 2. 55)		
Vīdvanmo.	1	HammīMaKā. 8. 45; Vīdvanmo. 7. 7 (2);		
MahdhyāViBh.	1	MahdhyāViBh. 54. 16 ( 4. 10)		
PratyabhiHr.	1	PratyabhiHr. 48. 13 (20);		
NavaŚāC.	1	NavaŚāC. 1. 83.		
TriBṛU.	1	TriBṛU. 157.		
PārasGS.	1	PārasGS. iii. 3. 6.		
SubhāSī.	1	SubhāSī. 2477; {@ii@} (of weapons)		
BramāṇḍP.	1	VāyuP. i. 52. 75 = BramāṇḍP.		
BhāṭṭCi.	1	not established BhāṭṭCi. i. 22. 31 (		
SīddhāBi.	1	SīddhāBi. 148. 11.		
ŚukṛNī.	1	ŚukṛNī. 4 (5). 107; NītiVā. 11. 15.		
Divyāvadāna.	1	Divyāvadāna. 114. 26; {@C@} not to be blamed, not to be f		
ĀrthŚā.	1	ĀrthŚā. ii. 121. 6 (4. 1)		
MadhyāViBhṬ.	1	MadhyāViBhṬ. 65. 24.		
JaimīUBr.	1	JaimīUBr. iv. 1. 2; {@2@} (with Gen. or Loc.) not acqu		
SīddhaHe.	1	¦ (a-kya) ( ) (a suffix) other than SīddhaHe. i.		
Jinaś.	1	Jinaś. 4. 19;		
TalpaVṛ.	1	TalpaVṛ. 200. 10 ( 2. 49); {@ii@} the theory of the		
LāṭtyāŚS.	1	LāṭtyāŚS. ii. 9. 12.		
SāṃkhyTaPra.	1	SāṃkhyTaPra. 162. 17; Upask. 329. 6 ( vii. 2. 10);		
MayūMāl.	1	MayūMāl. 72. 26 ( i. 4. 6);		
LaghuŚabdeŚe.	1	LaghuŚabdeŚe. ii. 445. 2.		
KālīViTa.	1	KālīViTa. 5. 15; 12. 3;		
Itihāsopaniṣad.	1	Itihāsopaniṣad. 15. 21.		
KātyāŚuS.	1	BaudhŚuS. 1. 11; KātyāŚuS. 2. 3; KośaKaTa. i. 6937;		
AmarK.	1	BhaviP. 22A. 7 (i. 5. 55); AmarK. 2779;		
LaghuBhāsk.	1	LaghuBhāsk. 4. 16;		
PhiSū.	1	PhiSū. 35 / MahāBh. i. 247. 14 ( i. 2. 64); Nyās		
ŚyaiŚā.	1	ŚyaiŚā. 2. 20;		
ŚabdaBhePr.	1	AnekāSaṃ. 2. 543; ŚabdaBhePr.(Ma.) 4. 35; MediK. 180. 2.		
Satyabhāmā.	1	and Satyabhāmā.		
PauṣkṢ.	1	Tantric wheel) PauṣkṢ. 8. 26.		
DaksiMūVaMāSt.	1	DaksiMūVaMāSt. 3;		
DeviPañ.	1	12. 10; DeviPañ.		
PāraskaraGS.	1	PāraskaraGS. ii. 1. 20;		
Bhānu.	1	{@1D@} corn in general Bhānu. on AmaK. in ŚabdKDru. ;		
ŚāṅkhāĀra.	1	ŚāṅkhāĀra. 2. 17		
KandaCūMa.	1	365. 6 (7. 1); KandaCūMa.		
MughaBo.	1	vi. 1. 86); DhātuPra. 4. 1 (89. 4); MughaBo. 26. 69 (157. 10); PadMañ.		
KhāŚS.	1	KhāŚS. 14. 5; BaudhŚS. i. 184. 17;		
NighaŚe.	1	Vaija. 51. 79; NighaŚe. 261. 2031; ŚabdaRa.(Vā.)		
NyāyaVi.	1	ception Laghīya. 1. 45; NyāyaVi. 2. 160;		
Dev.	1	MahāBhā. i. 217. 19; (Dev. ; Nīl. ); MatsyaP.		
BṛahmP.	1	163. 21; BṛahmP. 231. 39; {@3@} of		
KathāSaSā.	1	DarpDa. 7. 58; KathāSaSā. v. 2. 15;		
CaturCi.	1	CaturCi. i. 267. 8;		
TantrR.	1	ŚāraTi. 23. 115; TantrR. 1. 63;		
KalpaKo.	1	KośaKaTa. 775; KalpaKo. 83. 30; ŚabdaRaSaK. 311. 9; {@6ii@} name of		
TattvārthaVār.	1	TattvārthaVār. ix. 6. 19		
NīlP.	1	NīlP. 771;		
TriKāŚe.	1	2 ¦ (a-kṣaya) {@i@} prosperity, TriKāŚe. iii. 3. 123 (comm.);		
MuṇnḍaUBh.	1	MuṇnḍaUBh. 323. 14 ( i. 2. 13);		
KavīndraVaSa.	1	ViddhaŚā. 2. 1 = KavīndraVaSa. 491 = SubhāRaK. 23. 47;		
Kṣemaṅkarī.	1	of the goddess Kṣemaṅkarī. PadmP. v. 30. 163;		
VasSm.	1	vii. 38. 12; VasSm. 11. 19,		
ŚatTayī.	1	AbhirbuS. 48. 18; ŚatTayī. 269 = ŚāntiŚ.		
JānHa.	1	JānHa. 10. 33;		
Aspera.	1	nce, permanence {@17@} the plant Achyranthes Aspera.		
RāmoTāpU.	1	ŚābaBh. 48. 11 ( i. 1. 5); RāmoTāpU. 401. 24;		
YajñaŚi.	1	YajñaŚi. 92; PārāŚi. 19;		
JānāŚra.	1	JānāŚra. 1. 10 (2);		
SaraKanṭhā.	1	SaraKanṭhā. 277. 17.		
Nitimā.	1	Nitimā. 4. 8.		
NidāŚū.	1	NidāŚū. 138. 24 (8. 5)		
GāyRaU.	1	AVPari. 41 (5). 6; GāyRaU. ii.		
AhibruS.	1	AhibruS.		
SāhīSā.	1	SāhīSā. 2. 151.		
Dharma.	1	AbhinBhā. i. 213. 5 ( 5. 17); {@B@} (Dharma.) agreeing or consistent with		
ŚāṅkhaĀ.	1	3. 4 = ŚāṅkhaĀ. 8. 3 (33. 2); BhāgP. xii.		
SāṅkhyaTaKau.	1	SāṅkhyaTaKau. 438. 7 ( 51)		
Ujjvala.	1	, quoted by Pat., Uṇā. 3. 70 Ujjvala.		
SivpañNaMā.	1	nature SivpañNaMā. 10;		
NyāyaVār.	1	NyāyaVār. 120. 5 ( i. 1. 33)		
TripuTāpU.	1	TripuTāpU. 4. 6.		
BhāraDī.	1	BhāraDī. ; MahāBhāṬ.		
Sam.	1	Sam. 5. 11=AlaṅkāSa. 151. 8 = SāhiDa. 601. 13.		
UpadeŚā.	1	organs etc. UpadeŚā. 226. 33 (comm.		
HastyāYur.	1	akṣas ( = 104 MW) HastyāYur.		
PrabhaK.	1	PrabhaK. 89. 5; {@2D@} not		
ĀŚvaGS.	1	ĀŚvaGS. iv. 4. 16;		
IṣaṭaSi.	1	sense-organs IṣaṭaSi. 139. 11.		
Aor.	1	VākyaP. 1. 71; {@ii@} Aor. Pass. 1st sg. of (= ghas)		
Prāsā.	1	Prāsā. on PrakriKau. II. 604. 16; from or		
Sāya.	1	Sāya. ṚV. x. 71. 7; grammatical peculiarities: t		
AśvaŚāstra.	1	340A. 18; AśvaŚāstra. 12. 10 =		
VedāntSiSuMañ.	1	VedāntSiSuMañ. 1. 107.		
BṛKathāŚaloSaṃ.	1	BṛKathāŚaloSaṃ.		
RāmkṛViKā.	1	RāmkṛViKā. 29 (comm. )		
BarpaD.	1	BarpaD. 4. 25.		
Rāgha.	1	7. 6; Rāgha. 8. 7;		
Sarvajña.	1	94. 38 (Sarvajña.		
DāśāvaC.	1	DāśāvaC. 7. 8.		
KuṭṭiMa.	1	diminished KuṭṭiMa. 390.		
ApūNāMā.	1	¦ (akṣībā) cf. , ApūNāMā. 33.		
ŚBK.	1	¦ (akṣīyá) imperishable [DEBRU. p. 791. ŚBK. for ŚB		
XLVI.	1	AVPari. XLVI. (1). 9.		
DrāhGS.	1	DrāhGS. iv. 2. 8.		
CūMa.	1	CūMa. iii. 1. 13.		
TattvaMu.	1	TattvaMu. 1. 54 (comm. )		
VaijK.	1	. 7); 1. 18 (i. 98. 13); 5. 2 (ii. 141. 14); VaijK. 48. 46;		
AhhiDhKoBh.	1	sva(? va)ras) AhhiDhKoBh. 181. 13 ( 3. 94);		
AbhisaAlāṅĀ.	1	AbhisaAlāṅĀ. 485. 12;		
Kṣīra.	1	teers, 2187 horsemen and 3645 foot-soldiers (Kṣīra.)		
Crit.	1	(Crit. Ed.); PadmP.(Ra.) 55. 90.		
ŚrikarBh.	1	ŚrikarBh. 119. 8 ( i. 2. 13)		
ĀṣṭāHṛ.	1	ĀṣṭāHṛ. i. 6. 157 = AṣṭāSaṃ. i. 77. 8 (1. 12);		
AlaṇkāSa.	1	iii. 196. 175; AlaṇkāSa.		
NalāCam.	1	NalāCam. 4. 9 (23); {@2@} not defective, faultless		
SiddhāSt.	1	SiddhāSt. 6.		
SundŚa.	1	SundŚa. 80.		
MaṇḍBṛU.	1	impartite Brahman MaṇḍBṛU. ii. 1. 5.		
MaṭhāU.	1	MaṭhāU.		
TattvaPradī.	1	TattvaPradī.(Ci.) 78. 6.		
MaṇḍaBṛU.	1	MaṇḍaBṛU. 2. 3 (350. 11);		
Śuddhi.	1	VaikhāGS. 3. 9; VīraMi. (Śuddhi.) 11. 9; {@C@} high, tall		
TrlṣaŚaPuC.	1	TrlṣaŚaPuC. iv. 1. 467.		
Astrolo.	1	} perfect, without defect, faultless {@ii@} (Astrolo.) gentle,		
NārāS.	1	NārāS. 5 (0). 8; free from harshness ;		
ŚaṅkaVī.	1	ŚaṅkaVī.(Ā.) 270. 7;		
ŚātŚlo.	1	real beings ŚātŚlo. 89;		
KumāCāSaṃ.	1	14. 45; KumāCāSaṃ. 7. 29;		
Ga.	1	Ga. 69. 7 (9. 76)		
VasaVikā.	1	VasaVikā. 10. 7.		
LakṣmīL.	1	212. 87; LakṣmīL. 21.		
SidhāSāU.	1	SidhāSāU. 387. 21 (6);		
DeśāvaC.	1	DeśāvaC. 8. 582;		
Nityo.	1	Nityo. 59. 9.		
ŚilapaRa.	1	ŚilapaRa. ii. 25. 90.		
GaṅgāLa.	1	GaṅgāLa. 34.		
CaitCan.	1	CaitCan. 5. 2 (1)		
BṛDharP.	1	BhāgP. ii. 5. 17; iii. 25. 19; xi. 20. 30; BṛDharP. i. 47. 62;		
GaṇiSāSāṃ.	1	GaṇiSāSāṃ. 5. 157.		
JīvānVi.	1	JīvānVi. 105. 17.		
PratyābhiHṛ.	1	PratyābhiHṛ. 9. 1 (4); {@5iii@} the condition in which th		
KaṇḍaCū.	1	KaṇḍaCū. iv. 2. 40.		
SahiDa.	1	535. 5; SahiDa. 473. 10; EI. xxi. 44. 4;		
Gaṅgā.	1	ṅga-deśa) region where there is no (river) Gaṅgā.		
SaduktlKa.	1	SaduktlKa. 269. 28;		
Pañca.	1	ture Pañca. 4. 30; Tantrā-		
SevyāSev.	1	Hastyāyur. 336. 4 (2. 71); SevyāSev. 6;		
KaṭhUBh.	1	KaṭhUBh. 126. 16 ( 2. 8);		
Colophon.	1	Colophon.		
TāttvSaṃ.	1	TāttvSaṃ. 701; JayaMa.		
VṛHārSm.	1	VṛHārSm. 7. 104;		
ViśvPra.	1	ViśvPra. 69. 156; 87. 21; DharK. 811; 1363; 1494; {@2		
BhārPraNi.	1	PariPar. 12. 345; BhārPraNi. 152. 47.		
GaṇP.	1	Kaṇṭhā.(Gr.) ii. 3. 4; GaṇP. 71. 63; GaṇRa. 3. 246; MugdhaBo. 4. 12		
Ṛsi.	1	{@viii@} name of a Ṛsi.(Up.) {@ix@} name of the members of a gotra		
VidyāTāU.	1	VidyāTāU. 471. 16; NārāyPūTāU.		
UttaraRā.	1	UttaraRā. 2. 5 (11);		
ŚabdaRasaK.	1	ŚabdaRasaK. 59. 4; {@2@} darkness		
ŚesaNā.	1	Ni. 77. 4; RājNi. 77. 11; ŚesaNā. 1646; SaḍrasaNi. 30. 6.		
SaḍrasaNi.	1	Ni. 77. 4; RājNi. 77. 11; ŚesaNā. 1646; SaḍrasaNi. 30. 6.		
BhaṭṭCin.	1	ŚāstrDī. 45. 2 ( i. 1. 5); BhaṭṭCin. i. 129. 3 ( i. 1. 5);		
ĀṭmaTaVi.	1	ĀṭmaTaVi. 200. 14.		
BṛĀrU.	1	ŚatBr. XIV. vi. 9. 28; XIV. vi. 11. 6; BṛĀrU.		
YanunāA.	1	YanunāA. 4;		
JaineVya.	1	JaineVya. iii. 1. 38.		
AbhidbSa.	1	AbhidbSa. 7. 4;		
VaitŚS.	1	v. 6. 1; VaitŚS. 1. 6; KausīGS. v. 3. 27; v.		
KausīGS.	1	v. 6. 1; VaitŚS. 1. 6; KausīGS. v. 3. 27; v.		
ŚīvaP.	1	(1. 2); SkandP. i(2). 41. 55; ŚīvaP.		
EL.	1	EL. xv. 353. 35; ŚrutaPra. ii. 75. 25 ( i. 3.		
TaīS.	1	TaīS. I. v. 11. 2;		
Suśru.	1	Suśru. vi. 37. 4;		
AṣṭHṛ.	1	AṣṭāSaṃ. ii. 11. 20 (6. 2) = AṣṭHṛ.		
JyotiṣNi.	1	JyotiṣNi.(Aṅka.) 3;		
ĀrṣBr.	1	posed various ĀrṣBr. i. 3. 1; ĀrṣeBr. i. 4. 2;		
JātaP.	1	JātaP. 9. 40; {@11Di@} name of a or division of a		
Virāj.	1	BṛĀraUBhVā. iii. 2. 18; {@20@} Virāj.		
Tantrābhī.	1	Tantrābhī. i. 3. 14;		
NānārthāŚaṃ.	1	NānārthāŚaṃ. ii. 89. 486; AnekāNi. 54; Vaija. 259. 29;		
AnekaSaṃ.	1	75. 5; AnekaSaṃ. 2. 569; NānārthaMa. 1893; Nānārthā-		
AbidhāCin.	1	scarlet colour, AbidhāCin.		
ŚisuVa.	1	ŚisuVa. 1. 54;		
Aṣṭāsaṃ.	1	Aṣṭāsaṃ. ii. 353. 13 (6. 43)		
MaháBhā.	1	MaháBhā. iv. 1134*(2); iv.		
PārāyU.	1	PārāyU. 303. 4.		
VPari.	1	{??} VPari. 45 (1). 18;		
Kullūka.	1	ManuSm. 7. 90 (Kullūka. )		
ĀcamU.	1	ĀcamU. 6. 5.		
ViśrU.	1	ViśrU. ii. 50. 3;		
VisvaLoK.	1	VisvaLoK. 35. 202; cf. {@ @}.		
SuśuS.	1	SuśuS. iv. 33. 27;		
CarSa.	1	CarSa. i. 21. 46		
CuruCandr.	1	CuruCandr. i. 452. 20;		
ŚabdaRaŚaK.	1	NighŚe. 254. 1961; ŚabdaRaŚaK. 254. 4.		
ĀpaŚŚ.	1	ĀpaŚŚ. xix. 13. 1;		
Manvarthacandrikā.	1	16 ( 3. 243); ManvaMu. 498. 2 ( 11. 240); Manvarthacandrikā.		
ParamāNā.	1	ParamāNā. 866.		
VaṛāP.	1	VaṛāP. 74. 4 (330. 10); LiṅgaP. i. 46. 17.		
DvyāśṛaKā.	1	DvyāśṛaKā. 6. 34; gold		
DevīBhā.	1	DevīBhā. vii.		
GobhilSm.	1	GobhilSm. 1. 69; 2. 168; 3. 35; 3. 66;		
KāvyāDa.	1	KāvyāDa. 2. 305;		
ŚaṅkVi.	1	as (its) head ŚaṅkVi.(Ā.) 210. 4.		
Agnihotṛ.	1	; {@3@} the house of an Agnihotṛ.		
Kalyākā.	1	of cauterizing Kalyākā. 21. 32; cf. {@ @}.		
VaikhŚS.	1	VaikhŚS. 1. 2; VaikhGS.		
MaṅkhaK.	1	MediK. 21. 14; {@iii@} gold, RājNi. 206. 9; MaṅkhaK. 101;		
BhāPraNi.	1	(He.) 4. 43; DharK. 268; MediK. 21. 14; BhāPraNi. 54. 82.		
ŚābaBhā.	1	viii. 3. 82; KātanVṛ. ii. 4. 47; ŚābaBhā. 552. 2 ( ii. 2. 27); ṬupṬ.		
ŚabhāŚ.	1	ŚabhāŚ. 27; {@3@} the Sāman called		
ĀśvāŚS.	1	ĀśvāŚS. II. iv. 1. 12; {@Bi@} (sacrifices) such as t		
PrakaPañc.	1	PrakaPañc.		
RasaPraSu.	1	RasaPraSu. 5. 107.		
GheraṇḍaS.	1	. 5); {@iii@} kind of internal purification, GheraṇḍaS.		
Jātapā.	1	Jātapā. 3. 65; LaViṣṇuSm. 2. 4;		
VaikāhŚS.	1	VaikāhŚS. 20. 15.		
MatstaP.	1	MatstaP. 11. 58; PadmP. v. 8. 97.		
KausiGS.	1	v. 6. 35; KausiGS. i. 6. 7;		
LalitāsaBh.	1	LalitāsaBh. 220. 24 ( 288)		
VedāntpāSau.	1	VedāntpāSau. 301. 16 ( iii.		
VādhulaŚS.	1	VādhulaŚS. iii. 18. 4.		
Vaikhā.	1	14. 7; i. 14. 8; ĀpaŚS. i. 11. 1; Vaikhā.		
Nīr.	1	be Agni Nīr. 7. 29 (147. 18); 7. 28 (147. 9)		
AdvaiS.	1	AdvaiS. 249. 2; {@2@} the sun and the moon		
ŚārṅgS.	1	and Soma (i. e. phlegm) ŚārṅgS. i. 2. 18;		
UpaPara.	1	UpaPara. 7. 15; Mīmā-		
BhaudhŚS.	1	BhaudhŚS. iii. 55. 10.		
TāptaṬ.	1	TāptaṬ.(U.) 340. 22 ( 5 (4). 146)		
Lakṣmī.	1	Lakṣmī.T. 29. 39; VedāntSā.(Rā.)		
BhāṭṭṭCan.	1	4. 7); BhāṭṭṭCan. 60. 5 ( xiv. 4. 2)		
Dīpka.	1	816. 16; Dīpka. 6. 5 ( 1. 35); VyavaNi. 283. 13;		
BhārŚŚ.	1	v. 10. 4; KāṭhS. 22. 2; BaudhŚS. ii. 297. 3; BhārŚŚ. v. 17. 4;		
AbhiDa.	1	RājTa.(Ka.) 2. 32; AbhiDa. 3;		
AuciViC.	1	AuciViC. 39 (31); CaturCin.		
SūryaS.	1	SūryaS. 58; {@iii@} placed on the forefront (of a ba		
NānārāthaMa.	1	NānārthSaṃ. 60. 43; NānārāthaMa. 807.		
ŚlokVār.	1	ŚlokVār. 6. 168 (772. 1); KenUBh. 53. 4 ( 3. 6); Chā		
SubhadrāDha.	1	BṛKathāŚloSaṃ. 14. 112; SubhadrāDha. 2. 8 (2);		
JayaMaṅ.	1	36. 9; 62. 6; 69. 5; 153. 21; JayaMaṅ. 240. 5 ( 4. 1); 287. 14 ( 5. 4);		
GopālaKeli.	1	6. 114; 8. 119; GopālaKeli. 116. 3;		
HaṃsaDū.	1	HaṃsaDū.(Vā.) 77; 37;		
CampaŚreK.	1	Subhāṣi. 860; CampaŚreK. 215;		
Mathe.	1	MaBhāsk. 3. 42; {@1B@} (Mathe.) two remainders		
Śeśavā.	1	SiddhāTaVi. 387. 3 (cf. Śeśavā. 48. 19		
AbhisAlaṅ.	1	AbhisAlaṅ. 4. 37; 2. 5;		
VājS.	1	75. 4; ṚV. x. 103. 8 = VājS.		
AṅkāTi.	1	Saṃ. i. 12. 27; NānārthaMa. 218; AṅkāTi. 2. 319.		
Ballā.	1	Ballā. 3. 7. 17.		
AdvaitSi.	1	AdvaitSi. 717. 11; Nyāyāmṛ. 254B. 8;		
ŚāntiVi.	1	Yādavā. 11. 61; ŚāntiVi. 31;		
SidhāMu.	1	SidhāMu. 78. 8 ( 151)		
SidhāTaVi.	1	SidhāTaVi. 132. 3; 132. 7.		
KapKaṭhS.	1	married before her elder sister KapKaṭhS. 47. 7;		
Mahidhara.	1	VājaS. 1. 12 (Mahidhara. ); BhārŚS. ii. 7. 12.		
BījaGa.	1	BījaGa. 5. 68; Līlā. 265.		
PañcaBr.	1	eminent, great PañcaBr. 17. 2;		
ŚaṅkhaSam.	1	ŚaṅkhaSam. 7. 37; ĀnandRa.		
RaguVa.	1	RaguVa. 10. 66;		
POKO.	1	1 ¦ (agh-á) [POKO. p. 8; MAYR. 19; Yāska derives from		
KauṣāBrU.	1	i. 5. 10; KauṣāBrU. 2. 8; PadmP. iv.		
RasaGaṃ.	1	RasaGaṃ. 429. 14;		
ParamāNāMā.	1	58. 1; AnekāTi. 2. 8; ParamāNāMā. 2589; NānārthāSaṃ. 3. 25; Liṅgānu.		
UjjvNīMa.	1	UjjvNīMa. 191. 11.		
ĀryaBha.	1	ĀryaBha. 2. 5 (21);		
ŚāstāSm.	1	ŚāstāSm. 2. 55.		
MahāNirvāT.	1	MahāNirvāT. 12. 73;		
Yātrā.	1	Yātrā. vii. 164.		
ŚvetāśvU.	1	ŚvetāśvU. 3. 5;		
PraKriKau.	1	PraKriKau. ii. 26. 6.		
AneKāSaṃ.	1	Br. 3. 157; {@1C@} ornament, decoration, AneKāSaṃ. 2. 1; ViśvaPra. 5. 38;		
MandāMañ.	1	MandāMañ. 4. 1; {@B@} being within one's reach, bein		
SaṅkalpaSū.	1	SaṅkalpaSū. 6. 3; MānaSā. 34. 72;		
Skanda.	1	Nir. 3. 8 (63. 9) (Skanda. and		
Vivādacintāmaṇī.	1	Vivādacintāmaṇī. 115. 6; {@2@} forming the		
SūktīRa.	1	wrestlers SūktīRa.		
NāṭakaCan.	1	NāṭakaCan. 203; Kośa-		
PurāPraŚaṃ.	1	PurāPraŚaṃ. 126. 14;		
Dru.	1	Dru.]; {@2@} ginger		
PānṣḍaC.	1	12. 28; PānṣḍaC. 1. 35; VīraMi.(Saṃskāra.) 1005. 22; {@2@} pl		
Subhā.	1	SaraKaṇṭhā. 76. 13; Subhā.		
AhinbuS.	1	AhinbuS. 9. 8; ParaS. 7. 33;		
BSOAS.	1	¦ (aṅk-ura) [MAYR. 1. 544; BURROW BSOAS. 12. 366; DEBRU.		
DhāCin.	1	DhāCin. 1118; RājNi. 325. 21; AnekāSaṃ. 3. 511; {@1A		
TrīkāŚe.	1	TrīkāŚe. iii. 3. 326; AnekāSaṃ. 3. 511; {@9@} name of		
BhāvaCan.	1	BhāvaCan. 1135. 1 ( 9. 37)		
ĪśārŚiPa.	1	ĪśārŚiPa. ii. 49. 8.		
CāṇaNiDa.	1	CāṇaNiDa. 11. 3;		
MātaLā.	1	MātaLā. 8. 19; 12. 4;		
MunāKau.	1	Anyo. 164; MunāKau.		
ŚakraNī.	1	KathāK. 12. 10; ŚakraNī.		
TripuMāPuSt.	1	TripuMāPuSt.(Śaṅ.) 96; KulārT. 10. 140;		
Lila.	1	Lila. 269;		
SamadraMa.	1	SamadraMa. 3. 12 (11);		
VikramāDeC.	1	VikramāDeC. 17. 35;		
LahtāSaBh.	1	262; LahtāSaBh. 212. 20 ( 262); {@1Ci@} (in Tantra) the hoo		
ParaśaKS.	1	ParaśaKS. 4. 9 (147. 9); Mah-		
DarpiDa.	1	DarpiDa. 2. 48.		
TripuTaU.	1	goad TripuTaU. 3. 11.		
BhartrNi.	1	BhartrNi. 5. 20 (1)		
DaśaPādī.	1	DaśaPādī. 1. 35, cf. {@ @}.		
Imper.	1	{@B@} O, well {@i@} (with Imper.) {@ii@} (with other tenses, moods and nouns)		
AbhidhāRaMa.	1	synonyms like AbhidhāRaMa. 2. 355; Vaija. 177. 52;		
NīitVā.	1	NīitVā. 7. 1;		
Bhāsva.	1	25. 26; 25. 28; Bhāsva.		
KaraṇaKau.	1	KaraṇaKau. 1. 13 (7)		
Perinaeum.	1	11. 1; {@2@} Perinaeum.		
DaśaŚlo.	1	DaśaŚlo. 4.		
MāmāNyāPra.	1	( i. 3. 9); MāmāNyāPra. 232. 4; 232. 18;		
TriUBr.	1	TriUBr. 1.		
ŚiṃhāDvā.	1	ŚiṃhāDvā. 90. 7 (15); UnmaRā.(Vi.) 28 (2);		
AlaṅkaRa.	1	AlaṅkaRa. 44 (35);		
LalitāŚBh.	1	LalitāŚBh. 227. 3 ( 296)		
BhāṭṭDīi.	1	BhāṭṭDīi. ii. 136. 10 ( iv. 3. 12)		
BalāKrī.	1	BalāKrī. i. 24. 6 ( 1. 7)		
BālāKrī.	1	BālāKrī. i. 149. 16 (		
Apārā.	1	Apārā. 467. 7 ( 1. 227);		
MiāmāKau.	1	MiāmāKau. ii. 335. 5 ( iii. 3. 11)		
SaruP.	1	74. 181; SaruP. 50. 51;		
As.	1	¦ (aṅganā) [Austro-As. MAYR p. 20, DEBRU p. 734/ Jaine-		
AnaṅgaRā.	1	KṛṣṇaKa. 2. 35; AnaṅgaRā.		
AbhidK.	1	AbhidK. 6. 21; YājñaSm. 1. 275;		
DaśaKuC.	1	DaśaKuC. 136. 9.		
TārkiRā.	1	TārkiRā.		
BrahmāVaiP.	1	BrahmāVaiP. i. 26. 99.		
SlokaVār.	1	principal SlokaVār. 23. 73 (866. 4)		
TattvārthaBh.	1	TattvārthaBh. 4. 8)		
SubhāRa.	1	SubhāRa.-		
AnciViCa.	1	3. 60); 335. 6 ( iii. 3. 63); AnciViCa. 18 (11); Kāvyānu.(He.) (comm.)		
NyāyRāMā.	1	NyāyRāMā. 134. 4; ŚāstrDī. 199. 4		
Kāvyānū.	1	3. 20); Kāvyānū.(He.) 137. 3.		
TantrŚā.	1	TantrŚā.(K.) 59. 1; 105. 1;		
MāliC.	1	MāliC. 2. 50;		
BharataKośa.	1	BharataKośa. 6;		
SiddhYa.	1	SiddhYa. 36. 19;		
PavaDu.	1	11. 17; VikraDeC. 1. 3; PavaDu.(Dh.) 42; DvyāśraKā. 3. 72; 5. 106;		
AlāṅkāSa.	1	aṃ. 3. 481; VakroJī. 32. 3; VyaktiVi. 45. 3; AlāṅkāSa. 95. 3;		
SaṃgiRā.	1	SaṃgiRā. iii. 452. 10 (6. 1009)		
CaṇḍīŚi.	1	Kād. 25. 11; HarṣaC. 228. 17; 280. 15; CaṇḍīŚi. 36;		
UdaySaSāg.	1	14. 27; iii. 10. 42; UdaySaSāg. 4. 5;		
LaliVā.	1	LaliVā. 10. 5 (5)		
ViśvaLo.	1	( 1. 117); ViśvaLo. 52. 32; {@B@} deficient in a constituent		
AṣtāHṛ.	1	Ed.); AṣtāHṛ. vi. 2. 22;		
MayaūMāli.	1	MayaūMāli. 793. 17 ( xi. 1. 1)		
NyāyS.	1	( ii. 4. 2); ṬupṬ. 275. 9 ( x. 7. 11); NyāyS. i.		
NaṭyaŚa.	1	NaṭyaŚa. 25. 50;		
RamāCam.	1	RamāCam. 1. 38.		
Yakṣa.	1	¦ (aṅga-sthala) name of a Yakṣa. (v. l.		
NyāyRaMāl.	1	11. 27; NyāyRaMāl. 103. 21; ŚāstrDī. 455. 17 ( vi. 1. 9); Nyāy		
NanārthMañ.	1	MediK. 24. 28; NanārthMañ. 1585; (sight of a crippled person as in-		
Jyotiṣa.	1	Jyotiṣa.		
BrahmāṇṭP.	1	BrahmāṇṭP. ii. 1. 39; MaṭhVṛ. 39. 18 ( 23);		
MaṭhVṛ.	1	BrahmāṇṭP. ii. 1. 39; MaṭhVṛ. 39. 18 ( 23);		
ĪśānŚiPā.	1	ĪśānŚiPā. ii. 26. 91 (12);		
NSEd.	1	Hitopa. (NSEd.) 1. 80 (p. 21); Smṛti-		
Trikāśe.	1	given in Trikāśe. iii. 54. 13; Liṅgānu.(Va.) 71; Liṅgānu.(Śā.)		
KumāCaSām.	1	KumāCaSām. 75. 1.		
Pāncā.	1	Bhā. xii. 142. 30; Pāncā. 203. 3.		
ŚilpaRā.	1	ŚilpaRā. ii. 25. 144.		
AvantiKā.	1	AvantiKā. 170. 20;		
GaṇRā.	1	GaṇRā. 7. 390 (414)		
ĪṣāŚiPa.	1	ĪṣāŚiPa. i. 43. 82 (5); {@B@} powder of burning charc		
Yaśas.	1	charcoal Yaśas.		
ŚvapuVā.	1	ŚvapuVā. 6. 0 (8); BṛKathāŚloSaṃ. 3. 27;		
Śīlāṅka.	1	food, Śīlāṅka. 1. 371. nt.]; {@B@} (fig.) inflamed, stimula		
Atharvaprāyaścitta.	1	Atharvaprāyaścitta. 4. 2 (JAOS. xxxiii. 113)		
Pl.	1	2. 10] (Pl.) {@1A@} name of a semi-divine clan of fire-w		
AirBr.	1	AirBr. 18. 3 (485); ĀśvaŚS.		
NyāS.	1	NyāS. i. 273. 13 ( i. 4. 18); Prasā. i.		
PrakāPañ.	1	PrakāPañ. 240. 9; 94. 4; 280. 16; NyāyKu-		
ChitraPaC.	1	ChitraPaC. 57.		
Tattvo.	1	RatiRa. 14. 3; Tattvo. 2B. 5;		
ĀgamPrā.	1	395. 6; ĀgamPrā. 55. 2; YogVā. iii.		
Pradīiv.	1	Pradīiv. 398B. 22 ( v. 3. 74);		
RatnaCūK.	1	RatnaCūK. 189; 503;		
RājaT.	1	RājaT.(Ka.) 8. 1248.		
YuktiKā.	1	BhelaS. 257. 17 (8. 6); YuktiKā.		
JaimiSū.	1	JaimiSū. iii. 3. 94.		
Nṛṭyā.	1	Nṛṭyā. 63.		
Bhāṣya.	1	3. 86 (Bhāṣya.		
ŚrntaPra.	1	of being a ring ŚrntaPra.		
AvāntiKa.	1	AvāntiKa. 185. 9.		
Gaṇa.	1	. viii. 3. 97; JaineVyā. v. 4. 71 (409. 29); Gaṇa. on P.		
LaghvāśvSm.	1	LaghvāśvSm. 23. 56; ŚaṅkhaSm. 10. 8; BālaKrī. i. 38. 23		
KālīVi.	1	KulārT. 6. 97; KulārT. 6. 98; KālīVi.		
SivaP.	1	SivaP. ii(3). 15 24 (139A. 15); AbninBhā. i. 118. 1		
AbninBhā.	1	SivaP. ii(3). 15 24 (139A. 15); AbninBhā. i. 118. 12 ( 4. 110);		
ŚetuBa.	1	to the thumb etc. ŚetuBa. 74. 12.		
BhāvPr.	1	4. 149; BhāvPr.(Bhā.) 3. 64;		
JṅānBiPra.	1	JṅānBiPra. 16. 9.		
KapiKS.	1	KapiKS. 1. 12; KāṭhS. 1. 12;		
AnaṅgRa.	1	4. 82; AnaṅgRa. 10. 28;		
VarṇaMāSt.	1	VarṇaMāSt. 18;		
Prāṇābha.	1	Prāṇābha. 42.		
VajrapañU.	1	Pra. 1. 63; VajrapañU. 312. 19.		
DhātuVr.	1	DhātuVr. 1. 915 quoting Maitreya;		
Liṅga.	1	BrahmVaiP. iv. 5. 102; SkandP. v(1). 4. 41; Liṅga.		
Vitarā.	1	TriṣaŚaPuC. iii. 1. 344= Vitarā. 13. 3.		
MīnāSt.	1	HarṣaC. 249. 11; MīnāSt. 2; KulārT. 9. 85;		
RasaCin.	1	RasaCin. 8. 36 (92. 29); Haṃs-		
ĀdhiP.	1	ĀdhiP. 13. 9.		
SidddhāTaVi.	1	(Śrī.) 4. 487; SidddhāTaVi. 3. 21; 140. 6; {@ii@} unshakable, fixed, fir		
EkiSt.	1	EkiSt. 18; ĪśānŚiPa. i. 5. 24;		
ŚāPuC.	1	i. 6. 358; Triṣa ŚāPuC. iv. 1. 178;		
Mūkapañ.	1	Mūkapañ. 5. 22.		
KāvyKaVr.	1	KāvyKaVr. 74. 15 (3. 3); {@ii@} unchanging state, perm		
CandaśCū.	1	CandaśCū. ii. 269. 5 (comm. )		
NayāyVi.	1	NayāyVi. 2. 260; {@B@} not involv-		
BṛKathāMaṅ.	1	BṛKathāMaṅ. 11. 65; TriṣaŚaPuC.		
SaṅkaDigVi.	1	SaṅkaDigVi.(Mā.) 10. 60.		
BhiksāKā.	1	BhiksāKā. 38. 12.		
UpasK.	1	212. 17; UpasK. 285. 10 ( vii. 1. 6);		
BahāvPra.	1	BahāvPra.(Śā.) 10. 6(1)		
NīdāSū.	1	thing) fall off NīdāSū.		
CāndryVyā.	1	P. vii. 3. 32 = CāndryVyā. vi. 1. 40 = SaraKaṇṭhā.(Gr.) vii. 1. 51.		
Triṃśī.	1	Triṃśī. 29;		
AbhindhKoBh.	1	1. 11; AbhindhKoBh. 8. 3 (		
VijñaMāSi.	1	Sthiramati VijñaMāSi.		
Tra.	1	Tra.(ĀtmaSi.) 42. 6;		
LaṅkāvaSū.	1	LaṅkāvaSū. 110. 4 (10. 41);		
ŚarvaMaSaṃ.	1	193. 9; ŚarvaMaSaṃ.		
VedāŚaṃ.	1	2. 28); VedāŚaṃ.		
Kāvyātaṅ.	1	Kāvyātaṅ.(Ru.) 3. 8.		
LaVisṇuSm.	1	Bhā. iii. 49. 7; vi. 15. 57; LaVisṇuSm.		
Inscr.	1	Inscr. of Rudradeva (JBBRAS. x.		
Triṃśsi.	1	Triṃśsi. 30; Tantrākhyā. 121. 26;		
KīirtiKau.	1	KīirtiKau. 1. 31; {@A@}. a name of Śiva		
AṣṭtāSaṃ.	1	prehensible power AṣṭtāSaṃ. i.		
DṛṣtāKaŚ.	1	DṛṣtāKaŚ. 51;		
KumāPrasPra.	1	32. 27 ( 1. 310); KumāPrasPra.		
SmiṛtiCan.	1	SmiṛtiCan. vi. 2. 19.		
Böht.	1	or commenced Śāk. 1. 2 (5) (Böht.		
BrāhmāṇḍP.	1	BrāhmāṇḍP. ii. 25. 27;		
ŚamarāSaṃ.	1	ŚamarāSaṃ. 2. 342;		
KicaVa.	1	RāmāCam. 5. 56 (4); KicaVa.		
SaṃkhyāṬ.	1	SaṃkhyāṬ. 46. 3;		
SaḍuktiKa.	1	SaḍuktiKa. 307. 3; {@1ii@} insentient		
TarkŚaṃ.	1	TarkŚaṃ.(Ā.) 51. 25;		
SarvaMaŚaṃ.	1	sentiency SarvaMaŚaṃ. 27. 17.		
AṇuVyā.	1	AṇuVyā. 206A. 8 ( 3. 2)		
JnātāDhaṬ.	1	6. 73); JnātāDhaṬ. 161A. 4.		
ParayāRaMā.	1	AmaK. 2393A; ParayāRaMā. 741; AnekāSaṃ. 2. 60; ŚabdaBhePra.(Ma.)		
AbhiCin.	1	AmaK. 995; Vaija. 65. 7; AbhiCin. 1289.		
PāSt.	1	PāSt. 24.		
TaitS.	1	v. 24. 2; VājaS. 3. 25; TaitS. I. v. 6. 3.		
ŚiBhuSt.	1	PadmP.(Ra.) 97. 84; ŚiBhuSt.		
ŚabhāRa.	1	91. 21; ŚabhāRa. 12; {@C@} faultless,		
Bhāvanā.	1	20. 43 = VājaS(K.) xxii 4. 8; Bhāvanā.		
SarvaVeSaṃ.	1	SarvaVeSaṃ. 761;		
VasantViKā.	1	VasantViKā.		
AcyutaA.	1	AcyutaA. 1; {@1D@} Rāma		
SubhāṣiRaK.	1	SubhāṣiRaK. 22. 1; ŚārṅgaPa.		
Amarakośa.	1	Vyākhyāpradīpa, a commentary on the Amarakośa. He is also called		
Hem.	1	prabha (Tīrthaṅkara) Hem. comm.		
BahāgP.	1	RāmC. 4. 1; having no digits lost, BahāgP. x. 2. 18.		
Nyāyvār.	1	Nyāyvār. 470. 10 ( iv. 1. 21);		
Pūrvā.	1	constellation Pūrvā. Bhādrapadā		
TogYā.	1	BṛSaṃ. 10. 17; 23. 9; TogYā. 7. 11;		
Vasis.	1	9. 42; Vasis. 19. 20;		
Gitālaṅ.	1	Gitālaṅ. 7. 51.		
YaśsCam.	1	YaśsCam. ii.		
ViṣṇDhaP.	1	ViṣṇuP. iii. 1. 15; ii. 1. 34; ViṣṇDhaP. i. 178. 1; {@Cv@} son of		
MugdaBo.	1	meaning of Abl.) MugdaBo. 26. 90		
Śay.	1	4. 12; TaitBr. III. i. 2. 8 (Śay.		
Abhidhāmañ.	1	Abhidhāmañ. 74. 12; {@3A@} name of a son of Maya and Ram		
MīlaP.	1	MīlaP. 924; 942; {@3D@} name of a sacred		
YaśawCam.	1	YaśawCam. i. 36. 2; {@B@} how of Śiva (v. l.		
BhāṣāVr.	1	BhāṣāVr. P. v. 2. 110;		
GanRa.	1	; AbhidhāCin. 201; ŚabdaBhePra.(Ma.) 1. 118; GanRa.		
Kāśivṛ.	1	Kāśivṛ. iv. 2. 125.		
Yogyā.	1	Yogyā. 1. 21; NyāyVār. 502. 18 (		
KātanVr.	1	57. 14 ( i. 3. 61); KātanVr. ii. 5. 5.		
JaineVvā.	1	JaineVvā. 284. 16 ( iv. 2. 133)		
IIIA.	1	BhaviP. IIIA. 14. (i. 62. 22);		
ĪśānŚipa.	1	ĪśānŚipa. ii. 27. 103;		
Nāras.	1	Nāras. 2 (4). 9;		
ŚābaGh.	1	ŚābaGh. 1521. 21 ( vi. 8. 40)		
ṢaḍraSaNi.	1	ṢaḍraSaNi. 22. 5;		
JināŚ.	1	PārāSū. 68. 16; JināŚ. 2. 13;		
ĀyāSaŚa.	1	ĀyāSaŚa. 66;		
Di.	1	Di. 2. 8; ŚivLī. 3. 77;		
GarṣaC.	1	{@4@} not cold, not cool GarṣaC. 64. 1;		
YaśaasCam.	1	YaśaasCam. i. 413. 8;		
YatindraDi.	1	YatindraDi. 51. 8; {@iii@} being what is different from		
TarkBahā.	1	TattvSaṃ. 2000 = TarkBahā.(Mo.) 10. 29.		
Svayaṃguptā.	1	or (Svayaṃguptā. or Śūkaśimbī)		
SaurB.	1	deity) SaurB. 12. 30.		
ŚvopVṛ.	1	ŚvopVṛ. 45. 24;		
PṛamāVāSvopVṛ.	1	PṛamāVāSvopVṛ. 54. 27.		
Ajanayoni.	1	Ajanayoni. i. e. Pracetas)		
SarvaDaŚaṃ.	1	CaturCin. iii(1). 1104. 22; iii(1). 1105. 1; SarvaDaŚaṃ.		
VaiyāBhgū.	1	VaiyāBhgū. 221. 10 ( 50)		
Vaijā.	1	texts NāmaMāli. 340 = Vaijā. 83. 11 = KalpaK. 85. 155;		
Gaṇ.	1	{@A@} goat-footed, CāndraVyā. iii. 2. 48; Gaṇ.		
ŚilpaR.	1	ŚilpaR. i. 12. 3; MayaMa. 9. 127.		
Sarvānu.	1	Sarvānu. 4. 43;		
ŚaktiSaṃ.	1	ŚaktiSaṃ. i. 16. 6; {@1ii@} one belonging to the Ajamī		
Mt.	1	Mt. Meru PṛthvīVi. 10. 42.		
TaīĀ.	1	34. 45; TaīĀ. x. 11. 2 (827. 1); ŚāṅkhāŚS. iii. 5. 9; Kauś		
Paryā.	1	RājNi. 206. 8; {@2@} courtyard Paryā.		
ŚātrDī.	1	ŚātrDī. 111. 2 ( i. 1. 5);		
PrāṇḍaC.	1	KathāSaSāg. xii. 10. 92; PrāṇḍaC. 6. 987 (v. l. for in Bhavanagar		
VaiyaBhū.	1	VaiyaBhū. 140. 13 ( 30);		
MālliC.	1	MālliC. 1. 51;		
RāśiNi.	1	JyotiṣaNi. RāśiNi. 1; {@5A@} course of the planet Venus over th		
Hastyāyūr.	1	SiddhYo. 39. 5; 61. 27; Hastyāyūr. 118. 17 (1. 16); 238. 4 (2. 32);		
BṛUBh.	1	BrahmSūBh.(Śaṅ.) 256. 1 ( i. 4. 16); BṛUBh. 216. 9 ( 2. 1. 0); Jīvan-		
Paṇ.	1	Paṇ.(Ka.) 3. 13; ŚabdaRa.(Vā.) 3675; BhārCam. 8. 5; Ko		
Trayi.	1	Trayi. 160; ArthŚā. ii. 145. 1 (4. 6);		
Hemac.	1	¦ (ajā-vṛṣa) male goat [AltGr. II. 1. 118; Hemac. on Uṇ.		
VedantDī.	1	Bhām. 290. 9 ( i. 4. 8); VedantDī. 68. 4		
KālkiP.	1	KālkiP. ii. 6. 32.		
Kāvyād.	1	Kāvyād. 3. 149.		
TriṣŚaPuCa.	1	TriṣŚaPuCa. ii. 3. 2; ii.		
Ś.	1	Ś. 38; ŚivaP. v. 47. 7 (463A. 9); {@2@} name		
UttārāC.	1	UttārāC. 4. 26 (1); MohaMu. 18;		
ŚāśvaK.	1	141. 109; ŚabdaBhePra.(Ma.) 4. 8; ŚāśvaK. 434; {@Biii@} town, Nānārthā-		
DasKuC.	1	DasKuC. 77. 16.		
BrKathāK.	1	BrKathāK. 73. 149;		
VṛddhaGauSm.	1	3. 199); VṛddhaGauSm. 512. 14; CaturCin. iii(1). 1310. 8;		
DhātuKa.	1	DhātuKa. 1. 86 (comm. )		
PrabaC.	1	PrabaC. 19. 1; KumāPraPra. 37. 15; Nalo.		
Bhādrapadā.	1	(ajaikapa) name of the constellation Pūrvā Bhādrapadā.		
KālpaK.	1	Ra.(Vā.) 97; KālpaK. 372. 22; {@1ii@} name of one of the four son		
NakṣaNi.	1	NakṣaNi. 26; {@2ii@} the presiding deity of		
Bhoja.	1	Uṇādi(Bhoja.) 1. 79.		
Suvṛti.	1	44. 8 ( 1. 127); LakṣmīT. 24. 51; Suvṛti. 2. 24; SaraKaṇṭhā. 393. 21;		
RaMāli.	1	RaMāli. 60. RāmC. 28. 36; CaturJiStu. 54; Kāśi. i. 1		
VyāyKuA.	1	VyāyKuA. ii(1). 54. 10;		
VedānatPāSau.	1	VedāntTaSā. 10. 7; VedānatPāSau. 210. 4 ( ii. 2. 41);		
RrahmSūBh.	1	RrahmSūBh.(Śrī.) i. 351. 3 ( i. 2. 11)		
DurgaSiṃha.	1	KātanVṛ. iii. 1. 20; DurgaSiṃha. KātanVṛ.		
AvadhūŪ.	1	AvadhūŪ. 16; {@ii@} who does not know the truth		
ŚṛṅgāraL.	1	ŚṛṅgāraL. 142. 21;		
LaCaudr.	1	GuruCandr. ii. 165. 20 = LaCaudr. 494. 16;		
AdbyāRā.	1	NāṭyaŚā. 22. 80; AdbyāRā. vii. 7. 74;		
TarkSam.	1	PāṇḍaC. 7. 72; MalliC. 2. 547; TarkSam.(Ā.) 79. 1; CaturCin.		
SaṃkhyaKāBh.	1	SaṃkhyaKāBh. 25. 20 ( 43); MāṭhVṛ. 60. 18 ( 43); {@1Bii		
SarvaVeSāSam.	1	SarvaVeSāSam. 302;		
TattvSam.	1	TattvSam. 2085;		
BrahmāṛḍP.	1	MārkP. 112. 19; BrahmāṛḍP. iii. 7. 75;		
PariPa.	1	PariPa. 11. 97; ) UpādhiKha.		
BṛhaSm.	1	BṛhaSm. 16. 96; JayāS. 1. 65;		
VedāndtKau.	1	VedāndtKau. 210. 8 ( ii. 2. 4)		
BrāhmSpuSi.	1	BrāhmSpuSi. 11. 1;		
AdhvāRā.	1	AdhvāRā. v. 4. 25.		
PāṇŚi.	1	PāṇŚi. 59;		
NyāyāKu.	1	NyāyāKu. 80. 7.		
SvātmaPra.	1	SvātmaPra. 48; VarāṅgaC. 15. 83;		
ĀpaSS.	1	BaudhāŚS. i. 82. 8; ĀpaSS. vi. 29. 12;		
BaudhāPiMe.	1	VārāŚS. I. v. 5. 7; BaudhāPiMe. iii. 9. 3; {@3@}		
JainŚ.	1	MṛgendraT. ii. 8. 231; JainŚ.		
PuṣpBaVi.	1	); PuṣpBaVi. 10;		
SiddhāĀSt.	1	SiddhāĀSt. 9; 38;		
PoK.	1	aṅk- (PoK. 44) P. iii. 2. 59; vi. 3. 92) applied to pre		
SPP.	1	MahāBhā. iv. 826*(2); (SPP. Malli. )		
JayaMañ.	1	(JayaMañ. )		
VīrāBhā.	1	VīrāBhā. 1. 71.		
NaṭyaŚā.	1	posture NaṭyaŚā. 10. 38.		
Bhatti.	1	Bhatti. 9. 40.		
MūlaMādhyaKā.	1	MūlaMādhyaKā. 9. 5 (comm. );		
Cāru.	1	8. 117; Cāru. 1. 19 = BālC. 1. 15 =		
Svapna.	1	Mṛcch. 1. 34; Svapna. 5. 10 = Kāvyāda. 2. 226 = SaraKaṇṭhā. 733. 7		
KulacūT.	1	104. 9; ŚāraTi. 10. 87; KulacūT. 6. 16;		
BṛBrabmaS.	1	. 3. 7; ŚivārkaMaDī. i. 111. 24 ( i. 1. 2); BṛBrabmaS.		
RāsiJī.	1	RāsiJī. 1. 74; ŚṛṅgāMañ(A.) 14. 27;		
BālāmBha.	1	8. 16; BālāmBha. i. 552. 29 ( 1. 249); TantrRā. 3. 59; 17. 3		
AneKāSa.	1	1. 12; MahāN. 6. 13; AneKāSa. 152;		
MedīK.	1	MedīK. 89. 26; AnekāTi. 3. 12; ViśvaLoK. 189. 29; K		
YaśasCām.	1	Cam. ii. 265. 17. (but ‘night’ nt.); YaśasCām. ii.		
AupaṬ.	1	SthānṬ. 232A. 3; AupaṬ. 45A. 14; JñātāDhaṬ. 34B. 4;		
Gal.	1	of Śiva Gal. ; Kośas give additional meanings like		
Hītopa.	1	8. 20 = Hītopa. 2. 10; Rāmā. iv. 36. 5; i.		
ParaśuKaSū.	1	198. 12; ParaśuKaSū. 221. 15 (7. 32); ĪśānŚiPa. i. 16. 56; i. 18.		
Kadrū.	1	Mā. 5. 26; {@1D@} name of a serpent (born of Kadrū.)		
NālaCam.	1	NālaCam. 1. 44 = SūktiMu. 109. 9;		
VarāṅgaCa.	1	VarāṅgaCa. 23. 101.		
MayñMāli.	1	5. 11 ( i. 4. 18); ii. 74. 16 ( i. 4. 18); MayñMāli. 521. 3		
AṣtāSam.	1	AṣtāSam. ii. 4. 25 (4. 1); {@5@} (mountains) Añjana e		
VāraGS.	1	1. 29; MānGS. i. 11. 11; VāraGS. 5. 13;		
KātySS.	1	ĀpaŚS. ii. 13. 2; KātySS. iii. 1. 15;		
LaghuJā.	1	LaghuJā. 1 (0). 1;		
NātyaSā.	1	in Tantra) NātyaSā. 9. 8;		
ŚukaS.	1	(v. l. ) ŚukaS. 67. 12; {@3@} a palm-shaped imple-		
KhilaSūkta.	1	MaiS. iv. 13. 4; KāṭhS. 16. 21; KhilaSūkta. v.		
KalikiP.	1	ĀdiP. 13. 44; GaṇeP. ii. 53. 1; KalikiP. ii. 5. 29; Loc. 115. 18 (		
NānāthaMa.	1	2975; NānārthaSaṃ. 8. 70; MediK. 202. 81; NānāthaMa. 1918; Viśva-		
Brāhmaṇa.	1	Jaiminīya - Ārṣeya - Brāhmaṇa. 1. 499		
YII.	1	{@2@} a kind of script DhātuVṛ. YII. 21.		
ĀrṣeBṛ.	1	(v. l. ) ĀrṣeBṛ. iii. 3. 8.		
RāghPāṇḍ.	1	RāghPāṇḍ.(Dha.) 5. 1;		
NyayKa.	1	PadārthaSaṃ. 175. 3 = NyayKa. 176. 21; BṛSaṃ. 104. 61;		
DhūrtViSaṃ.	1	DhūrtViSaṃ. 23. 13.		
CandraVyā.	1	( ii. 3. 84); CandraVyā. i. 3. 81; CāndraVṛ. i. 3. 81;		
PaṇiTaVāNaMā.	1	iii. 3. 7; Nyās. ii. 197. 9 ( vi. 1. 1); PaṇiTaVāNaMā.		
Kanthā.	1	Kanthā. 267. 8.		
Dvirū.	1	¦ (aṭṭala-ka) tower (v. l. ) Dvirū.(Ha.) 22.		
ParaNāMā.	1	KośaKaTa. 1. 318; ParaNāMā. 154.		
SaraKāṇṭhā.	1	P. v. 2. 35; CāndraVyā. iv. 2. 36; SaraKāṇṭhā.(Gr.) ii. 2. 114;		
Sāmatantra.	1	); Sāmatantra. i. 10. 1.		
ŚābdaRaSaK.	1	ŚābdaRaSaK. 96. 1.		
Ḍhauṇḍhā.	1	¦ (aḍāḍā) name of a demoness called Ḍhauṇḍhā.		
LalitāŚaBh.	1	LalitāŚaBh. 168. 11 ( 207)		
KumaPraPra.	1	1. 24; KumaPraPra. 36. 13;		
PāuṣkS.	1	15. 42; PāuṣkS. 27. 717;		
AbhindhāCin.	1	AbhindhāCin. 202;		
Ṣoḍa.	1	Ṣoḍa. 4. 73;		
MṛgenraT.	1	natural powers etc. MṛgenraT.		
SāṃkhyāPraSū.	1	SāṃkhyāPraSū. 5. 82.		
ŚvetaUBh.	1	ŚvetaUBh. 77. 7 ( 1. 4);		
NalCam.	1	NalCam. 4. 16 (51) (comm.		
LalitāSaBhā.	1	LalitāSaBhā. 165. 34 ( 20)		
ParamāU.	1	PaU. 9. 13; NārāyUTāU. 81. 1 (1); ParamāU. 9. 3; ŚarabhU. 18; Śaṅkha-		
ŚaṃkhyaKāBh.	1	Kirātā. 4. 7; 6. 40; ŚaṃkhyaKāBh. 16. 26 ( 23);		
SūrySī.	1	SūrySī. 7. 19;		
AhirbuSaṃ.	1	(254. 5); AhirbuSaṃ. 2. 49; 14. 20;		
SāṃviSi.	1	MediK. 32. 13; SāṃviSi. 83. 7;		
ParaTri.	1	ParaTri. 20. 11; 256. 5;		
MālinīViT.	1	MālinīViT. 17. 39 (1/2); ĪśānŚi-		
SiddhāMa.	1	TarkKau. 5. 14; SiddhāMa. 8. 15		
KāmaKaVi.	1	KāmaKaVi. 3.		
YogVa.	1	YogVa. iii. 70. 4.		
BrahmSūBṅ.	1	BrahmSūBṅ.(Śaṅ.) 503. 17 ( ii. 4. 7); 511. 1 ( ii. 4. 13);		
ŚaṅkDigVi.	1	ŚaṅkDigVi.(Mā.) 16. 16; NyāySu.(Ja.)		
AbhidhānaRājendra.	1	(Ra.) 85. 18 AbhidhānaRājendra.		
LalitaSaBh.	1	LalitaSaBh. 95. 11 ( 129)		
PratyahhiVi.	1	PratyahhiVi. i. 225. 1 ( i. 5. 6); TātpaṬ.(Vā.) 514. 5 (		
Ānand.	1	lustre Ānand.		
ṢaḍDarSa.	1	ṢaḍDarSa.(Rā.) 36.		
LaCandra.	1	136. 3 ( 5. 87); LaCandra. 837. 41;		
NyāyBhā.	1	NyāyBhā. 239. 9 ( iii. 2. 72);		
Dist.	1	put Dist.) EI. iv. 17. 176.		
ManuS.	1	SuśruS. iv. 26. 26; ManuS. 1. 9;		
AvantiSuKa.	1	Hṛ. i. 7. 25; AvantiSuKa. 65. 6; VāsaDa. 191. 2; AṣṭāSaṃ. i. 35. 19		
SarvaVeSiSaṃ.	1	22. 16 ( i. 2. 2); 26. 13 ( i. 2. 4); SarvaVeSiSaṃ. 435; BṛĀraU-		
Rasārṇa.	1	697. 20; Rasārṇa. 10. 14; AbhinDa. 137; SaduktiKa.		
BhāsK.	1	126; {@2E@} individual BhāsK. ii. 287. 11 ( iv.		
E.	1	Anekā.(Pa.) 2612; {@11@} [musk PW; pw; nt. (E. 897		
ChandoU.	1	AitĀ. ii. 6. 9 (Ṣaḍguruśiṣya ); ChandoU. vi. 3. 1;		
AlāṅkāCin.	1	NītiSā. 14. 25; AlāṅkāCin. 125. 5;		
KumāCaŚaṃ.	1	Surath. 6. 17; KumāCaŚaṃ.		
Part.	1	Pass. Part.) JaineVyā. iv. 4. 59 = P. iii. 1. 124.		
SaraKAṇṭhā.	1	P. i. 1. 2; SaraKAṇṭhā.(Gr) i. 1. 81; P. vi.		
KumaDeC.	1	KumaDeC. 5. 13; KumāDeC.(So.)		
PārvPari.	1	32. 31; KumāPraPra. 52. 15; PārvPari. 2. 3 (4);		
ParāPraSaṃ.	1	ParāPraSaṃ. 42. 4;		
Jīvām.	1	AdbhuDa. 9. 0; Jīvām. 156. 3; Bālam-		
Ṭupṭ.	1	it Ṭupṭ. 146. 5 (		
VāsvopVṛ.	1	VāsvopVṛ. 92. 10; Nyās.		
TriṣaŚāPuC.	1	TriṣaŚāPuC.		
MīmāŚū.	1	MīmāŚū. vi. 4. 45.		
Madhva.	1	supreme being) BrahmSū. iii. 3. 67 (Madhva.		
SaṃviSī.	1	SaṃviSī. 96. 15; VakroJī.		
Neg.	1	¦ (a-tad) (Neg.) other than that, not the same		
SāhDa.	1	BhāvaPra.(Śā.) 124. 16 (5); SāhDa. 532. 5; Upask. 413. 5 ( ix. 2. 11);		
SidhhāLeSaṃ.	1	SidhhāLeSaṃ. 186. 7;		
VidMā.	1	VidMā. 3. 44.		
ŚuvṛTi.	1	ŚuvṛTi. 1. 37.		
KavyPra.	1	{@2@} assuming great length, HarVi. 3. 37 = KavyPra. 786. 4;		
DāyaBhāga.	1	iii. 3. 18; DāyaBhāga. 37. 15;		
CārucaŚ.	1	Śi. 12. 7; CārucaŚ. 128 = ŚārṅgaPa.		
ĀnundRa.	1	ĀnundRa. 7. 35 (11); 2. 16 (6);		
ChaukhambaSS.	1	sleep BhelaS. 8. 1 (ChaukhambaSS.		
PārvP.	1	minded PārvP. 1. 2.		
KathāSasāg.	1	KathāSasāg.		
ŚataŚlo.	1	ŚataŚlo. 25; HariStu. 7;		
SuvṛttaTi.	1	SuvṛttaTi. ii. 43. 27; SūktiMu. 78. 7.		
ĀruU.	1	ĀruU. 1;		
YogaBh.	1	BrahmāṇḍP. i. 20. 12; YogaBh. 152. 17 ( 3. 26);		
TattvaCin.	1	TattvaCin. i. 740. 2; (i. e. cognition of similarity to		
RatnaCū.	1	Kuval. 20 (28); RatnaCū.		
CandrVṛ.	1	1. 23); CandrVṛ. ii. 3. 37] {@A@} bush, thicket		
Varāṅgac.	1	Varāṅgac. 21. 41;		
MadaPaNi.	1	EI. iv. 150. 13; AnekāTi. 2. 32; MadaPaNi. 65. 46;		
VīraMI.	1	VīraMI.(Śrāddha.) 40. 12;		
DvyāśrKā.	1	DvyāśrKā. 9. 77 (comm.		
BRUGMANN.	1	1 ¦ (áti) [BRUGMANN. II. 2. 844; MAYR. I.P. 57/ included in		
ŚaraKaṇṭhā.	1	ddhaHe. iii. 1. 45; MugdhaBo. 6. 88 (64. 9); ŚaraKaṇṭhā.		
CāṇakyaNī.	1	CāṇakyaNī. 3. 12; ŚukraNī. 1. 114;		
ŚusruS.	1	ŚusruS. ii. 5. 13; excessive itching		
KcCan.	1	KcCan. 89. 26; GītGo. vii. 16. 7 (Śaṅkaramiśra		
VayuP.	1	VayuP. ii. 22. 34;		
AbdhuDa.	1	AbdhuDa. 5. 22(1)		
Rugvi.	1	SuśruS. vi. 45. 10 = Rugvi. 9. 12.		
ĀryāŚaŚ.	1	or amorous sport ĀryāŚaŚ. 401.		
KathāŚaSāg.	1	BṛKathāMañ. 16. 556; KathāŚaSāg. xii.		
MahāvīCa.	1	Kād. 81. 6; MahāvīCa. 1.		
CO.	1	NARAYAN & CO.)		
SuktiRa.	1	MahāBhā. viii. 22. 24; SuktiRa.		
SnṛtiCan.	1	SnṛtiCan. iii. 104. 10; EI. viii. 115. 73; ŚāliC. 2. 6		
LaŚrabdeŚe.	1	MahāN. 4. 76; LaŚrabdeŚe. i. 393. 17;		
NāṭyaŚa.	1	NāṭyaŚa. 11. 21;		
NāṭyaŚāā.	1	NāṭyaŚāā. 11. 11; ViṣṇuDhaP. iii. 20. 24; SaṃgiRa.		
Yau.	1	Yau. 3. 1 (95)		
BājC.	1	BājC. 4. 11 (1); {@Aii@} who has transcended or ov		
AngaraghRā.	1	ment of the past AngaraghRā. 4. 12 (1)		
TautrRā.	1	dhiVi. 8. 36; Bhāsk. i. 258. 5 ( i. 5. 14); TautrRā. 6. 67;		
ŚāraTī.	1	ŚāraTī.		
JaineVyai.	1	i. 1. 0); JaineVyai. 61. 7 ( i. 3. 81);		
MaṭsyaP.	1	258. 184; VasiS. 15. 1; 15. 5; MaṭsyaP. 253. 7;		
ŚāṣtraDī.	1	ŚāṣtraDī. 131. 12 ( i. 1. 5); SetuBa. 181. 31; 182.		
CaturJiSt.	1	CaturJiSt. 5.		
DaśvaC.	1	DaśvaC. 5. 8; {@ii@} great depth; DaśāvaC. 5. 8.		
VisṇuSm.	1	VisṇuSm. 31. 1; HarVi. 46. 51;		
BāudhŚŚ.	1	{@i@} too big or unwieldy BāudhŚŚ. iii. 290. 2;		
CaṇḍḍīŚ.	1	CaṇḍḍīŚ. 93; Bhaṭṭi.		
PāravPa.	1	PāravPa. 5. 26;		
ŚivKePāSt.	1	48B. 6; ŚivKePāSt. 12;		
BṛParāSam.	1	BṛParāSam. 5. 168.		
TriṣaŚPuC.	1	1. 26-47); TriṣaŚPuC. ii.		
KośraKaTa.	1	82. 15; KośraKaTa. 1. 2449; ŚabdaRaSaK. 285. 8;		
Pañct.	1	Pañct. 2. 35 (233. 4) = Pāñcā. 144. 24;		
Pāñcā.	1	Pañct. 2. 35 (233. 4) = Pāñcā. 144. 24;		
DevīCatūSt.	1	DevīCatūSt. 58;		
ŚriṅgāSar.	1	ŚriṅgāSar. 116 (4)		
KāvyKaVṛVr.	1	KāvyKaVṛVr. 100. 1 (3. 5);		
Syādvāmañ.	1	Syādvāmañ. 32 (72);		
ŚivDṚ.	1	ŚivDṚ. 1. 13.		
RasGāṅ.	1	MaDī. ii. 90. 31 ( ii. 2. 24); RasGāṅ. 273. 1; BhāmiVi. 2. 54; MūkaPañ.		
KṛViKā.	1	KṛViKā. 21.		
Manaso.	1	Manaso. ii. 18. 990;		
Suhhāṣi.	1	Suhhāṣi. 1117; {@C@} very quickly		
DevīCatuSta.	1	DevīCatuSta. 47; LalitāStaRa. 93;		
Śubodhi.	1	Śubodhi. 54. 22 ( 2. 124)		
Bhāgp.	1	Bhāgp. iii. 14. 1;		
TāiĀ.	1	TāiĀ. x. 1. 11 (776. 6)		
Kūrdmap.	1	Kūrdmap. 608. 18 (2. 22);		
MārP.	1	1. 10); MārP. 19. 17; MatsyaP. 16. 50;		
Rasmañ.	1	Rasmañ. 3; CaitanCa. 120. 10 (5);		
CaitanCa.	1	Rasmañ. 3; CaitanCa. 120. 10 (5);		
Abhidhācin.	1	or Abhidhācin. 499; ViśvaPra. 76. 16; ViśvaLoK. 164. 16;		
JātMā.	1	JātMā. 29. 18 (6. 16); 34. 24 (7. 4);		
ParāSam.	1	ParāSam. 4. 210 (206); Aparā.		
PadārthaSame.	1	after serving a guest PadārthaSame.		
PāṇṭaC.	1	PāṇṭaC. 2. 411 (Bhavnagar Ed.)		
VirāMi.	1	VirāMi.(Āhnika.) 398. 10.		
VedāPañ.	1	ŚārṅgaPa. 1445 = MādhavāĀ. 26 = VedāPañ.(Śi.) 22. 16;		
Rāmāmañ.	1	AdhyāRā. vii. 1. 61; Rāmāmañ.		
TaīBr.	1	VājaS. 30. 22; (K.) 34. 4; TaīBr. III. iv. 19. 1;		
Chandaḥśekhara.	1	Chandaḥśekhara. 221.		
UmaRā.	1	UmaRā.(Vi.) 61 (1)		
Lajāta.	1	Lajāta. xi. 0. 2;		
Gītgo.	1	22. 1; (v. l. ) Gītgo. xii.		
ŚrṅgāSar.	1	ŚrṅgāSar. 126 (1-2)		
Vṛṣabhānujā.	1	Vṛṣabhānujā. 2. 13.		
Rājaniti.	1	(Rājaniti.) 135. 23.		
UttaKUC.	1	RauhiC. 193; UttaKUC. 70; PratāyaBhū. 307. 4;		
SarvnDaSaṃ.	1	SarvnDaSaṃ. 5. 43; SūktiSu. 5; {@iii@}		
Mānass.	1	Mānass. iv. 15. 1608; {@iv@} after a long time		
AdbhuŚāg.	1	AdbhuŚāg. 524. 25.		
Śabdakaustubha.	1	Śabdakaustubha.		
ArthSame.	1	ArthSame. 53. 10; 56. 2;		
ṬuPṬ.	1	ls) ṬuPṬ. 152. 12 ( vii. 1. 1);		
NyāMañ.	1	NyāMañ. i. 128. 20;		
ŚiddhāMu.	1	ŚiddhāMu. 45. 23 ( 80);		
Bālakri.	1	Bālakri. i. 153. 15 ( 1. 225);		
JaiBr.	1	JaiBr. ii. 110 (9) BāyuP. i. 55. 19.		
BāyuP.	1	JaiBr. ii. 110 (9) BāyuP. i. 55. 19.		
GopāKe.	1	SubhāRaK. 17. 31; GopāKe.		
NṛsiṃhoUTāU.	1	NṛsiṃhoUTāU. 7.		
ŚubhāRaSaṃ.	1	ŚubhāRaSaṃ. 612;		
BhojauKu.	1	AṣṭāHṛ. i. 5. 64 = BhojauKu. 169. 7;		
Saṃkṣeśā.	1	Saṃkṣeśā. 3. 128 (ii. 225. 24);		
BhāvS.	1	BhāvS. 38.		
LaksmīL.	1	LaksmīL. 16.		
ĀnandPa.	1	3. 81; ĀnandPa. 4. 0 (10)		
SubhāTaK.	1	SaraKaṇṭhā. 717. 8 = SubhāTaK. 21. 1 = ŚārṅgaPa. 3547;		
Deva.	1	oper time (for a rite) KātyŚS. xxv. 4. 22 (Deva.		
LaŚabdoŚe.	1	4. 66; LaŚabdoŚe. i. 393. 18.		
CaṇḍīS.	1	CaṇḍīS. 10;		
MaynMāli.	1	MaynMāli. 501. 7 ( vi. 5. 14)		
BrBrahmaS.	1	BrBrahmaS. iv. 8. 53;		
Hastyā.	1	Hastyā.		
BhojaKu.	1	BhojaKu. 157. 21 [ŚabdaRaSaK. 27. 2		
DaśsKuC.	1	very rich (in) DaśsKuC. 46. 14.		
ĀgniGS.	1	BhārGS. 2. 17 (49. 10); ĀgniGS. iii. 2. 6 (128. 19);		
AṣṭāSāṃ.	1	AṣṭāSāṃ. i. 93. 15 (1. 17)		
NīlVi.	1	NīlVi. 12. 3.		
AīraUBh.	1	AīraUBh. 425. 9-10 ( iii. 6. 1);		
ĀguiveGS.	1	ĀguiveGS.		
LaghvāśvāSm.	1	LaghvāśvāSm. 23. 84;		
Mahārthamāñjarī.	1	Parimala an Mahārthamāñjarī. 1 (9. 13)		
SamndraMa.	1	SamndraMa. 1. 66 (9);		
TarkSām.	1	322. 15; TarkSām.(Ā.) 11. 4.		
CatuṛCin.	1	CatuṛCin. iii(1). 1093. 22;		
PramāL.	1	PramāL. 2B. 4;		
Tattvprakā.	1	(88. 25); Tattvprakā. 200B. 1 ( iv.		
Nānārtha.	1	PārśvC. 1. 427; Nānārtha.		
SkandPd.	1	SkandPd. iv. 8. 9;		
Dośopa.	1	Dośopa. 3. 1; Śṛṅgā-		
RauhiṇeC.	1	RauhiṇeC. 406;		
RāghPāñ.	1	SkandP. i(2). 1. 81; RāghPāñ.		
VasiṢ.	1	LaJāta. vi. 0. 1; VasiṢ. 29. 72;		
RasRaS.	1	burden RasRaS. 5. 222.		
ParyāŚa.	1	Sārā. 29. 39; ParyāŚa.		
BālaKṛī.	1	BālaKṛī. i. 98. 15 ( 1. 111);		
AupSūṬ.	1	AupSūṬ. 116. 13; JñātāDhaṬ. 40A. 2.		
DeVīBhāP.	1	DeVīBhāP. iv. 6. 4;		
GopāKeGan.	1	GopāKeGan. 89. 2;		
GORRESIO.	1	Rāmā. (GORRESIO.) i. 9. 53;		
Nalābhyū.	1	Nalābhyū. 4. 52.		
ĀnandR.	1	ĀnandR. 5. 51 (13)		
BhātṛNi.	1	BhātṛNi. 2. 11 (1);		
SCHMIDT.	1	SubhāRaSaṃ. 1. 3 (SCHMIDT. Ed.);		
ŚisáuVa.	1	ŚisáuVa. 19. 50 (comm. );		
Hastyāyrur.	1	Hastyāyrur. 609. 16 (4. 5)		
PrabadCin.	1	PrabadCin. 21. 3.		
Rit.	1	¦ (ati-mātrā) {@1@} (in Rit.) very large joining brick		
ĀśCaCū.	1	ĀśCaCū. 1. 6.		
KhadgaŚ.	1	KhadgaŚ.		
VṛGautaSam.	1	VṛGautaSam. 635. 2 (22); BṛKathāK. 69. 16;		
YudhiVī.	1	YudhiVī. 6. 30.		
TīrthaK.	1	TīrthaK. 1. 2.		
Bhāraṭ.	1	BṛNāraP. 7. 72; Bhāraṭ.		
KalyāKāl.	1	KalyāKāl. 5. 8.		
KośasKaTa.	1	KośasKaTa. 1. 1006.		
Dīvyāva.	1	Dīvyāva. 58. 20.		
SthañṬ.	1	into the town SthañṬ. 211A. 3.		
ĪśāanŚiPā.	1	ĪśāanŚiPā. i. 14. 227;		
Appx.	1	(Appx. II) 23.		
VāsaD.	1	VāsaD. 141. 1.		
Rāsnā.	1	¦ (atirasā) {@i@} Rāsnā. ( )		
NṛSiṃPūTāU.	1	ViBr. i. 4. 3; NṛSiṃPūTāU.		
VaradolāU.	1	5. 17; VaradolāU. 147. 5; VāsuU. 406. 24;		
LākṣāBha.	1	; LākṣāBha. ); {@3@} the six intercalary days being the		
Sūryaprajñapti.	1	comm. Sūryaprajñapti. 219B. 7		
TriṣṭhaSe.	1	TriṣṭhaSe. 2. 15.		
TattvCīn.	1	TattvCīn. i. 259. 4; Guru-		
YV.	1	YV. with in the MahāBhā. (iii. 131. 26 (v. l.)		
TrisaŚapuC.	1	TriṣaŚaPuC. i. 2. 332; TrisaŚapuC. ii.		
JñātāDhāṬ.	1	JñātāDhāṬ. 21B. 12;		
Hārāv.	1	¦ (ati-romaśa) {@1@} wild goat Hārāv.		
ĀciP.	1	ĀciP. 23. 47.		
BhīkṣāKā.	1	BhīkṣāKā. 1. 11;		
AnandRa.	1	AnandRa. 2. 35.		
ĀnandaRā.	1	ĀnandaRā. 7. 43 (4); {@2@} extreme lowness, meanness,		
VePāSt.	1	VePāSt. 15.		
HammīMāKā.	1	8. 27; HammīMāKā. 7. 19; LalitāSaBh.		
KośaKaTā.	1	ing too much AmaK. 2095; KośaKaTā. 2. 23; KalpaK.		
Bharāṭ.	1	NaiṣC. 7. 62; SūktiMu. 4. 107; MātaLī. 3. 2; Bharāṭ. 7A. 10;		
DevīBhaP.	1	DevīBhaP. iv. 14. 13;		
Yogśā.	1	Yogśā. 4. 95; TriṣaŚaPuC. iv. 2. 31.		
AdbhutDa.	1	AdbhutDa. 3. 19 (2)		
ṢaḍBr.	1	blame ṢaḍBr. ii. 3. 10;		
DhūrtaVīSaṃ.	1	DhūrtaVīSaṃ. 28. 21;		
BṛKaŚloSaṃ.	1	BṛKaŚloSaṃ. 18. 93; MahāP. 34. 188;		
NādīVi.	1	NādīVi. 79.		
AmaKa.	1	58. 71; AmaKa. 338; Sanat-		
PāṅcRāRa.	1	PāṅcRāRa. 23. 18.		
ŚbdaKaDru.	1	ŚbdaKaDru.]		
ĀryāSaŚā.	1	ĀryāSaŚā. 20;		
KePāSt.	1	KePāSt. 7; PadyāTa. 286; Tila-		
GilMS.	1	KāśyaS. 329B. 35; GilMS.		
Nāga.	1	Śāk. i. 1 (1) = Nāga. 1. 2.(2) = LaṭaMe. i. 3 (2); BṛSaṃ. 1. 8;		
LaŚaṃkhaSm.	1	17. 77; LaŚaṃkhaSm.		
DātVā.	1	DātVā. 48;		
NārŚi.	1	NārŚi. 1. 6. 20;		
DaśāVaC.	1	1. 219); DaśāVaC. 5. 43;		
VSS.	1	comm. BṛSaṃ. 32. 1 (VSS. 1895); {@2@} (Tantra) name of		
VāmāP.	1	VāmāP. 5. 14; 9. 11;		
KapiS.	1	¦ (ati-vyatha) cf. {@ @} KāṭhS. 25. 1; KapiS.		
TarkRa.	1	TarkRa. 8. 9 ( iv. 1. 2); NyāyRaMā. 50. 14;		
TarkSaṃDī.	1	TarkKau. 21. 13; TarkSaṃDī.		
Nyāybodhinī.	1	Nyāybodhinī. 11. 3];		
AdvaiSī.	1	AdvaiSī. 202. 1; 664. 9;		
PārvāPa.	1	PārvāPa. 2. 2 (1)		
ŚākāṭāVyā.	1	ŚākāṭāVyā. ii. 3. 5;		
AnakāSa.	1	RasGaṅ. 405. 3; [AmaK. 2271; 131; AnakāSa.		
PamdP.	1	PamdP.(Ra.) 7. 386; superior know-		
Bālākrī.	1	Bālākrī. ii. 74. 3 ( 3. 208)		
UttaRāCa.	1	UttaRāCa. 5. 4; AlaṅkāSa. 33. 1; {@2@} superior,		
TaiBṛ.	1	VājaS. 30. 22; TaiBṛ. III.		
TājNi.	1	3. 530; TājNi. 3 (1) (6).		
PuSt.	1	PuSt. 10;		
VasiŚ.	1	VasiŚ. 33. 29;		
BṛNārāP.	1	(Ra.) 28. 82; BṛNārāP.		
GadyaCin.	1	GadyaCin.		
Padmañ.	1	MahāBh. ii. 197. 9 ( iv. 1. 3); Padmañ. KāśiVṛ. P. iv. 1. 3;		
JñāDhaṬ.	1	JñāDhaṬ. 42B. 9.		
LaŚabedŚe.	1	LaŚabedŚe. ii. 101. 3.		
PuryāŚaRa.	1	AmaK. 1192; PuryāŚaRa. 604.		
HarīS.	1	HarīS. i. 8. 56.		
KalKiP.	1	delightful KalKiP. iii. 10. 30.		
VīT.	1	VīT. 27. 7; TattvVai.		
Subhusi.	1	Subhusi. 12; {@D@} very auspicious		
BhagMāPū.	1	BhagMāPū. 8;		
BṛĀUBhVā.	1	BṛĀUBhVā. iv. 2. 62;		
ṢatcakraNi.	1	ṢatcakraNi. 48;		
SarvaVaSāSaṃ.	1	SarvaVaSāSaṃ. 584.		
Jaimi.	1	ṚV. ix. 107. 25 = SV. (Jaimi.) i. 53. 10 = SV.(Kau.) I. vi. 1. 3. 12; {@1B		
BhāvPraNī.	1	BhāvPraNī. 89. 1; PañcTaPra. 11. 27; KalpaK. 253. 48;		
KaśyaS.	1	KaśyaS. 256B. 38;		
BalaKrī.	1	BalaKrī. ii. 46. 4 ( 3. 107 (17)); ii. 70. 11 ( 3.		
JñānBinPra.	1	JñānBinPra. 4. 22; {@Av@} extremely soft		
Prāyaścitta.	1	Atharva-Prāyaścitta. 2. 5; {@ii@} to flow excessively		
TailPrāti.	1	TailPrāti. 23. 13.		
ManMatho.	1	ManMatho. 3. 4 (631. 17)		
Desid.	1	MāṇḍūŚi. 6. 6; (Desid.) to try to escape		
BuddhāC.	1	BuddhāC. 9. 71; Saund.		
TatvPrakā.	1	11. 8; TatvPrakā. 47B. 10 ( i. 3. 14);		
BāVi.	1	BāVi. 14; RasSa. 150 (8); {@1Aii@} what has passed		
Praṣā.	1	ŚabdaRa.(Vā.) 4591; Praṣā. i. 300. 7; {@1Ciii@} (referring to) earlier		
VaśvaPra.	1	oK. 408. 14; AnekāSa. 787; Vaija. 285. 23; VaśvaPra. 190. 57;		
CāturDa.	1	CāturDa. 3. 116.		
Rādhikā.	1	(atīta-guṇā) one of the thousand names cf. Rādhikā.		
GuruCaudr.	1	GuruCaudr. i.		
TālpaṬ.	1	TālpaṬ.(Vā.) 175. 23 ( i. 1. 5);		
Manva.	1	HārLa. 33. 12; Manva.		
MahāvīŚt.	1	MahāvīŚt. 1(H.) 1;		
Govindasvāmin.	1	elapsed Govindasvāmin. MaBhāsk.		
LaCancdr.	1	LaCancdr. 445. 40.		
Sneh.	1	Sneh. 150. 20 ( i. 1. 6)		
Kiranā.	1	Kiranā. 120. 10; 321. 3; Upask.		
PadārthTaNi.	1	PadārthTaNi. 23. 3;		
NyayK.	1	NyayK. 8.		
VedāutRaMañ.	1	VedāutRaMañ. 1. 4 (61. 16)		
ŚāraṅgaPa.	1	ŚāraṅgaPa. 2850;		
NāmŚīl.	1	NāmŚīl. 1783; KośaKaTa. 1. 7336; cf. {@ @}.		
Uṇādi.	1	1 ¦ (a-tu) (Gr.) other than the suffix (Uṇādi. and )		
Gūrjaras.	1	¦ (atuccha-gūrjarabhū) great land of the Gūrjaras.		
PāṇīŚi.	1	5. 4; MahāBhā. i. 673*(1); PāṇīŚi. 60; BuddhaC.		
JaīnaPa.	1	JaīnaPa. 1. 37.		
ChāndraVṛ.	1	(comm. ); ChāndraVṛ. v. 3. 84; MugdhaBo. 3. 9 (11. 18);		
MaYānSū.	1	MaYānSū. 53. 11 (10. 14);		
Bhāsvatī.	1	Bhāsvatī. 196. 4 ( YogSū. 2. 18)		
PratāYaBhā.	1	42. 19; PratāYaBhā. 317. 12.		
Perf.	1	¦ (atus) (Gr.) Perf. 3rd du. active ending		
SidddhaHe.	1	SidddhaHe. ii. 1. 115.		
Śākāṭā.	1	case Śākāṭā. iii. 4. 36.		
SrīkarBh.	1	SrīkarBh. 190. 5 ( ii. 4. 18);		
TAPS.	1	( TAPS. L. 9. 73) NāṭaLaRaK. 2196.		
Daśapādi.	1	wind Daśapādi. 5. 39.		
Vīrabhā.	1	Vīrabhā. 5. 54.		
GauDS.	1	GauDS. i. 8. 21; VaikhāGS.		
HariVa.	1	HariVa. 1. 3; ViṣṇuP. v. 12. 9;		
ŚīvLī.	1	ŚīvLī. 9. 14; 13. 21;		
SṛṅgāVaiTa.	1	SṛṅgāVaiTa. 29.		
Nyāyka.	1	Nyāyka. 212. 6 = Kiraṇā. 305. 5.		
SāṃkhyaPraSñ.	1	of miseries SāṃkhyaPraSñ. 6. 5;		
NighaṇṭuPrakāśa.	1	NighaṇṭuPrakāśa.		
VeṇīSāṃ.	1	VeṇīSāṃ. 3. 169.		
KuU.	1	KuU. 1. 44; HaṭPra. 3. 67.		
PaūcaPā.	1	PaūcaPā. 7. 16 ( i. 1. 0); PrakaPañ.		
GuruCandra.	1	GuruCandra. ii. 313. 15;		
KavyālāṅSāSaṃ.	1	KavyālāṅSāSaṃ. 5. 11 (*10);		
TaitvPradī.	1	TaitvPradī.(A.) 103. 6 ( 1. 81);		
YuddhiVi.	1	YuddhiVi. 1. 20;		
DṛṣṭāKaŚa.	1	DṛṣṭāKaŚa. 98;		
ProboSu.	1	ProboSu. 30; KandaCū. iii. 2. 46; iii. 1. 22;		
BṛKathaMañ.	1	BṛKathaMañ. ix. 2. 445.		
SevyaŚev.	1	SevyaŚev. 32.		
TāttvPradi.	1	TāttvPradi.(A.) 213. 2 ( 2. 59);		
PodmP.	1	PodmP.(Ra.) 102. 38; Pari-		
NyāyMāvi.	1	NyāyMāvi. 660. 5		
PrahaCin.	1	PrahaCin. 111. 13.		
YatindrDī.	1	YatindrDī. 20. 1;		
TātpVṛ.	1	TātpVṛ.		
PūrvottVāNaMā.	1	PūrvottVāNaMā. 81. 3.		
SmṛtiCau.	1	SmṛtiCau. iii. 307. 1.		
Sāṃ.	1	Sāṃ. 230. 21;		
ŚaṅkarKā.	1	ŚaṅkarKā. 74. 2 (xv. 1. 15);		
ŚāṃkhyaKāBh.	1	5 (8). 4 (474. 1); ŚāṃkhyaKāBh. 4. 17		
ŚāiC.	1	ŚāiC. 5. 51.		
BrabmāṇḍP.	1	BrabmāṇḍP. iii. 16. 23.		
VarīvaRaha.	1	bliss VarīvaRaha. 139.		
PañDa.	1	PañDa. 12. 79;		
Kappiṇā.	1	Kappiṇā. 11. 6; 15. 8;		
SiddhāKan.	1	SiddhāKan. 162A. 1;		
AnekaTi.	1	AnekaTi. 3. 9; NānārthaMa. 1328; ParaNā. 2633; ViśvaL		
AnekaK.	1	BhePra.(Ma.) 4. 18; DharK. 1885; AnekaK. 650; NānārthSaṃ. 4. 34;		
ParyRaMā.	1	ParyRaMā. 1625; AnekāMañ. 115; Vaija. 239. 1; AnekāSaṃ		
VakreJī.	1	BṛKathāK. 31. 3; VakreJī.		
ĪśānŚi.	1	VikraDeC. 17. 5; ĪśānŚi.		
Kataka.	1	Rāmā. i. 23. 27 (Kataka. )		
SuśrnS.	1	little seed (semen or sperm) SuśrnS.		
PariPār.	1	PariPār. 12. 213.		
ṚPrā.	1	ṚPrā. 16. 54; NāṭyaŚā. 14. 50;		
Chand.	1	Chand. 4. 4; ChandaSū. 41. 5 (4. 7); VṛttaRa. 73. 2		
ChandaSū.	1	Chand. 4. 4; ChandaSū. 41. 5 (4. 7); VṛttaRa. 73. 2 (1. 19);		
GaṇīNā.	1	GaṇīNā. 32.		
Grass.	1	¦ (atyā) mare (Grass.) ṚV. iii. 56. 2		
ŚaṃkaDigVi.	1	ŚaṃkaDigVi.(Mā.) 7. 22;		
AbhiSaAlaṅĀ.	1	sudden flash of intellect AbhiSaAlaṅĀ. 316. 9.		
BandhŚS.	1	BandhŚS. iii. 62. 4.		
VibraVi.	1	VibraVi. 76; NyāyVi. 2. 101;		
HatPra.	1	15. 108; PārśvC. 3. 1040; HatPra. 1. 15; PadmP. ii.		
SamaraSaṃ.	1	SamaraSaṃ. 5. 78;		
MoharāPa.	1	MoharāPa. 3. 58 (3); MalliC. 1. 81;		
TriPuDi.	1	Surath. 7. 74; 2. 57; TriPuDi. 1. 31 (2);		
AbhiMañ.	1	Ni. 77. 4; MadaPāNi. 23. 395; ApūNā. 42B. 2; AbhiMañ. 80. 7;		
AlaṃkāSa.	1	perty of a superior object AlaṃkāSa.		
Mānāso.	1	) Mānāso. iv. 3. 426; {@iv@} mighty, very strong or po		
ViṣṇuPādaSt.	1	ViṣṇuPādaSt. 21;		
Kāda.	1	BṛSaṃ. 68. 13; Kāda. 299. 23;		
SarvaVedāSaṃ.	1	(1. 10); i. 69. 4 (1. 10); VarāṅgaC. 5. 20; SarvaVedāSaṃ. 369;		
ManuBhāvCan.	1	( 3. 236); ManuBhāvCan. 420. 22 ( 3. 236);		
RasRas.	1	DaśKuC. 16. 7; RasRas. 5. 135;		
Rabbā.	1	¦ (atyuṣṇa-rabbā) extremely hot Rabbā. (a kind of		
BhāBhāDī.	1	BhāBhāDī. iv. 55. 19.		
SiddbāLeSaṃ.	1	SiddbāLeSaṃ. 364. 1;		
TaiUBr.	1	MaiS. iv. 13. 9; TaiUBr. III. v. 10. 1;		
SaṅgīMa.	1	SaṅgīMa. i. 1. 37;		
AVParī.	1	AVParī.		
LioṅgaP.	1	LioṅgaP. i. 70. 187;		
BṛParāSaṃ.	1	MārkP. 29. 43; BṛParāSaṃ. 1. 15;		
Geld.	1	ṚV. ii. 8. 5; Geld. atrimanuṣvát?]		
Ety.	1	¦ (atrín) [Ety. ; Uṇā. 4. 68,		
Dīpaka.	1	634. 11 ( 5. 70); Dīpaka. 75. 15 ( 3. 1-2); VīraMi. 758. 7 ( 3. 1-2)		
KanṣīBr.	1	without making haste KanṣīBr.		
LatyāŚS.	1	LatyāŚS. x. 12. 13; ŚābaBh. 1838. 6 ( x. 2. 33)		
BallāŚ.	1	BallāŚ. 53;		
VaṃśaBr.	1	v. 9. 6; VaṃśaBr. 3. 1;		
KalāVī.	1	P. i. 3. 20; KalāVī. 1. 23;		
MahṅvīC.	1	MahṅvīC. 1. 56 (13) (31. 7); UttaRāC. 2. 6		
Hitoppa.	1	Hitoppa. 3. 138;		
SaṃhiUBh.	1	SaṃhiUBh. 1. 9; 1. 17; 1. 19; 3. 20; AitĀ. I. ii.		
MudriKuC.	1	MudriKuC. 2. 0 (1); PratāYaBhū. 219. 1; (used to int		
KathāL.	1	KathāL. IB. 8.		
TāiBr.	1	TāiBr. I. i. 10. 2 (Sāy. ,		
SaṅkaVi.	1	SaṅkaVi.(Ā.) 254. 11.		
GuhyaKālīU.	1	veda GuhyaKālīU. 1.		
PṛaśnaU.	1	PṛaśnaU. 2. 8; MahāBhā. ii.		
Nāray.	1	78. 41; Nāray. i. 2. 9; ViraMi. 363. 6 ( 1. 329); NīlaVi.		
Upaskāra.	1	Sū. i. 1. 1 (Upaskāra. );		
PaPā.	1	¦ (átho) [PaPā. and Kośas treat it as one word and		
ŚrikaC.	1	ŚrikaC. 13. 37 (comm. ); {@5@} or,		
ĀnekāSaṃ.	1	Medik. 197. 35; ĀnekāSaṃ. 7. 27; Vaija. 285. 14; AmaK.		
AnokāSa.	1	2829; AnokāSa. 790; ViśvaLoK. 411. 33; AbhidhāRāMā.		
POR.	1	1 ¦ (ad-) II.P. [MAYR. 1. 28; POR. p. 287; DhātuPā.		
Viśva.	1	xi. 10. 26 = Viśva. xi. 12. 26); ; impf. ,		
BṛĀraCBh.	1	BṛĀraCBh. 93. 11 ( i. 4. 6);		
BhārBhāDiū.	1	BhārBhāDiū. v. 42. 5; {@ @} (āday-) caus.		
DvyaśraKā.	1	SkandP. ii(9). 9. 20; DvyaśraKā. 2. 86; NaiṣC.		
Kapū.	1	Kapū. 21; PāṇḍaC. 6. 393;		
NītiPr.	1	UpadeŚ. 85; ŚukraNī. 4 (1). 52; NītiPr. 7. 64; 8. 22.		
KāthUBh.	1	KāthUBh. 113. 12 ( 1. 19); BālaKrī. i. 234. 12 ( 2.		
Dāyabhāga.	1	199. 23 = Dāyabhāga. 3. 35; PratiYau. 2. 7; 4. 16 (2); BālaKrī. i		
StānṬ.	1	3. 135); StānṬ.		
PārvC.	1	ChāndoU. viii. 8. 5; PārvC. 2. 935; 2. 939;		
KumDeC.	1	KumDeC.(So.) 29. 7; KumāPraPra. 42. 20;		
SarvaVeSiSāSaṃ.	1	SarvaVeSiSāSaṃ. 504; ŚivārkaMaDī. i. 336. 15		
RāmBāṇSta.	1	YudhiVi. 1. 10; 2. 55; RāmBāṇSta.		
KalyāMaSto.	1	KalyāMaSto. 32;		
VarāṇgaC.	1	VarāṇgaC. 14. 11;		
VidvaMuMa.	1	VidvaMuMa. 2. 12 (3)		
VetāPāñ.	1	VetāPāñ.(Śi.) 39. 34; {@Bii@} free from misery,		
TīkāSe.	1	moon day TīkāSe. i. 4. 9.		
TātptṬ.	1	TātptṬ.(U.) 33. 11 (		
SanSu.	1	MahāBhā. v. 45. 17 = SanSu. 4. 23 (Śaṅ. );		
RENOU.	1	about it), Alt. Gr. III. 528-536 I. N. 193; RENOU. Gramm		
PraboSū.	1	PraboSū. 139;		
ChāndoUBṛ.	1	ChāndoUBṛ. i. 6. 19; ChāndoUBr. i. 6. 18;		
Mālvikā.	1	Mālvikā. 5. 19		
ŚuklaYV.	1	kramasūtra of ŚuklaYV. 9B. 37 (8. 32)		
Linn.	1	¦ (adārī) name of a plant (Linn.)		
KumārSaṃ.	1	gods) KumārSaṃ. 13. 47.		
SamarāŚū.	1	SamarāŚū. 15. 40.		
MṛgndraT.	1	MṛgndraT. ii. 8. 184;		
Kaṇthā.	1	Kaṇthā. 2. 16.		
MantrBṛ.	1	ṚV. x. 85. 43; AV. xiv. 2. 40; MantrBṛ. i. 2. 18.		
KarPūC.	1	KarPūC. 25 (9); StavMā. 201. 1 Nārāy. x. 48. 1;		
JānaPari.	1	JānaPari. 1. 34 (4);		
SārāV.	1	SārāV. 10. 106.		
Khyā.	1	Khyā. 89. 20; PañcT. 2. 95 (270. 1);		
VedāntKe.	1	VedāntKe. 142. 9 ( i. 2. 21); TattvPrakā.		
Amṛto.	1	370. 20 ( iii. 3. 52); Amṛto. 4. 69 (1); {@Aiii@} not being known		
JātaPari.	1	zodiac JātaPari. 13. 66.		
RaubiC.	1	RaubiC. 378.		
MahNīrvāT.	1	MahNīrvāT. 8. 137;		
PrākaPañ.	1	PrākaPañ. 204. 22;		
SpoṭSi.	1	SpoṭSi. 38. 7;		
IśānSiPa.	1	IśānSiPa. i. 36. 17 (23)		
PrabaKa.	1	PrabaKa. 19. 3;		
Astrono.	1	PrakaVi. 329. 19; {@ii@} (Astrono.) arriving at an		
ŚarvaDaKau.	1	ŚarvaDaKau. 14. 5;		
SāmkhyaPraBh.	1	SāmkhyaPraBh. 18. 10 ( 1. 30);		
PramāVārSvoVṛ.	1	PramāVārSvoVṛ. 81. 10; {@1@} cause in the form		
BhātṭDī.	1	BhātṭDī. iii. 72. 16 ( ix. 1. 12); VyutpaVā. 161. 7.		
Nyāyasūtravṛtti.	1	85. 25; Nyāyasūtravṛtti. i. 1. 8		
VyavaNī.	1	VyavaNī.		
VitaRā.	1	VitaRā. 7. 2; NyāySu.		
DaivaVya.	1	(He.) 249. 6; DaivaVya. 2. 4; Rāmā-		
AlamkāŚe.	1	Candrā. 2. 43; AlamkāŚe. 21. 3 (7);		
Sāhi.	1	Sāhi.Da. 448. 3.		
KhandanKhā.	1	(v. l. for ) KhandanKhā. 876. 1.		
Imp.	1	¦ (addhaki) [Imp. 2 P. sg. of wīth added before the		
Vyūha.	1	Vyūha. 2, PW. MW.]		
Vārānaśī.	1	ŚākaṭāVyā. ii. 2. 62 (comm. ) [Vārānaśī.		
ŚlvLī.	1	ŚlvLī. 10. 51; SubhāŚ. 10; (actions, in-		
SubhāŚ.	1	ŚlvLī. 10. 51; SubhāŚ. 10; (actions, in-		
NītlSā.	1	UttaRāC. 1. 40; AnarghaRā. 4. 7; NītlSā.		
Sutrath.	1	SaduktiKa. 12. 10; Sutrath.		
GoKa.	1	GoKa. 20; RājTa.(Jo.) 412; RatnaCūKa.		
AvaLo.	1	DaśRū. 4. 78; DaśRū. 3. 34; 4. 44; AvaLo. 109. 4		
KaṃsaVa.	1	KathāSaSāg. xii. 7. 205; vii. 2. 96; KaṃsaVa. 2. 5; KathāKau. 2. 20;		
PādmP.	1	an extraordinary curiosity PādmP.		
PrdmP.	1	PrdmP.(Ra.) 20. 241.		
ŚātiC.	1	ŚātiC. 3. 155;		
PañRā.	1	PañRā.(Nā.) iv. 3. 40 (? 50)		
KavyaKaVṛ.	1	KavyaKaVṛ. 16. 6 (1. 3)		
Tārikā.	1	one of the three or states of the goddess Tārikā. in her		
Caṃ.	1	Caṃ. ii. 185. 1 (comm. )		
Śṛṅgā.	1	AV. vi. 138. 1; Śṛṅgā.		
KOSE.	1	5. 6 (KOSE.); MaBhāsk. 4. 18;		
AbirbuS.	1	AbirbuS. 8. 39; 58. 23; Pramā		
JayaS.	1	PauṣkS. 31. 165; JayaS. 29. 135;		
NS.	1	KaumuMi. 2. 14 (8); [read for of NS. Ed.		
NītyāṢoḍa.	1	NītyāṢoḍa. 1. 6;		
Per.	1	¦ (adyutat-tarām) [3rd Per. sg. aor. of to shine		
Kālacakra.	1	Prasā. i. 365. 11; Kālacakra. 5. 119 (nt)		
ĀraUBhāVā.	1	ĀraUBhāVā. ii. 3. 106;		
SaṅkaKāBh.	1	SaṅkaKāBh. 143 8 ( iii. 2. 41); {@5@} without discipli		
VājA.	1	IV. ii. 2. 3; VājA. 12. 23 (Uvaṭa		
RājaNi.	1	RājaNi. 151. 9;		
KāvyālaṅSu.	1	KāvyālaṅSu. ii. 2. 8; SaraKaṇṭhā. 19. 25; AlaṅkāŚe. 5. 2		
AiBr.	1	AiBr. 18. 6 (496); ŚatBr. VI. vii. 3. 11; KāṭhU.		
Kuvala.	1	= Kuvala. 171 (262) = SūktiSu. 44;		
JñanDī.	1	(JñanDī. ); MahāBhā. vii.		
AlaṅkāSar.	1	VyaktiVi. 8. 16 = AlaṅkāSar. 157. 6;		
MaGaṇaSt.	1	(Mā.) 9. 52; MaGaṇaSt. 9;		
PūrvottaVā.	1	not melted PūrvottaVā.		
NighPra.	1	¦ (adreṣka) , NighPra.		
DīpKā.	1	rā. 56. 23 ( 1. 28); SmṛtiCan. i. 140. 4; DīpKā.		
ŚyāmaDaṇ.	1	KulārT. 1. 7; BrahmSi. 51. 8; ŚyāmaDaṇ. 9. 23;		
MuA.	1	MuA. 1; PraśnaUBh. 291. 18 ( 6. 2); BṛĀraUBh. 7.		
Saṃkṣe.	1	being non-dual Saṃkṣe.		
SarvaVeŚāSaṃ.	1	SarvaVeŚāSaṃ. (Mysore Ed.) 4; {@Bii@} name of the teacher		
ViveCu.	1	duality ViveCu. 364;		
BrahmŚi.	1	BrahmŚi. 4. 1;		
VedāñtSiSūMañ.	1	VedāñtSiSūMañ. 4. 24;		
BhamiVi.	1	RasGaṅ. 237. 2; BhamiVi. App. 9. 19;		
BṛĀraUBhVār.	1	71. 25 (2); BṛĀraUBhVār.(Sambandha.)		
Vidanmo.	1	Vidanmo. 5. 24 (2);		
AdyaiSi.	1	AdyaiSi. 717. 8.		
Śaṃ.	1	(Śaṃ.) 34. 4 ( i. 1. 4); SarvaVeSā-		
Daiva.	1	Daiva. i. 1. 1; Jīvān. 61. 4; {@ii@} without a se		
UttarāC.	1	UttarāC. 1. 39; ĪśvaPraSū. i. 1. 1;		
NyaySu.	1	NyaySu.(Ja.) 485B. 9 ( iii. 2. 1)		
Tārā.	1	goddess Tārā. Kālī-		
ViT.	1	ViT. 12. 2.		
ĀdvaiSi.	1	ĀdvaiSi. 376. 8; 398. 2;		
VīveCū.	1	VīveCū. 355.		
GurnCandr.	1	GurnCandr. ii. 354. 17.		
SamviSi.	1	duality SamviSi. 94. 7.		
KatyŚS.	1	KatyŚS. iii. 8. 7.		
SiddhāTaVf.	1	SiddhāTaVf. 352. 10.		
ParaŚuKS.	1	ParaŚuKS. 10. 68 (281. 24) (comm.		
SoḍhalaNi.	1	SoḍhalaNi. 1. 733; [given as a name of		
VākyPa.	1	than the expression ‘ ’ P. iv. 4. 83; VākyPa. 2. 313.		
ChāgaU.	1	low (by birth), low-born ChāgaU. 2. 8;		
Dhark.	1	AnekāSaṃ. 3. 453; ViśvaPra. 113. 37; Dhark. 1738; AnekāK. 592;		
AmaŚa.	1	AmaŚa. 105 = SaraKaṇṭhā. 550. 17 = Kāvy-		
RatnaCūk.	1	81. 15; RatnaCūk. 532;		
Vaīja.	1	Pra. 176. 26; MediK. 187. 33; , AmaK. 2132; Vaīja.		
ŚāntiŚa.	1	ŚāntiŚa. 2. 13.		
ParyāSaRa.	1	2. 23); ParyāSaRa. 1177; Abhidhā-		
ŚṛngāMañ.	1	ŚṛngāMañ.(A.) 39. 24.		
KūrmāP.	1	superiority KūrmāP. 297. 12 (1. 29)		
Śārā.	1	Śārā. 35. 6.		
ṢaḍviBṛ.	1	3. 3; ṢaḍviBṛ. iv(5). 4. 9;		
RājaMā.	1	RājaMā. 44. 7;		
ŚāṅkhāĀr.	1	ŚāṅkhāĀr. 12. 2 (44. 6); Mān-		
Bodhinī.	1	(v. l. ) NyāyKuA. 3. 23 (Bodhinī. )		
CaṇḍiŚ.	1	aC. 25. 7; 82. 2; 224. 10; 227. 7; 302. 6; CaṇḍiŚ. 1;		
MādhavāA.	1	7. 69; 7. 70; MādhavāA. 31;		
TaṅtrSā.	1	TaṅtrSā.(K.) 76. 13; Acyutarā. 9. 69;		
SundŚ.	1	CitraMī. 2. 4; SundŚ. 80;		
ŚārāTi.	1	ŚārāTi. 7. 87; 12. 76; TantrSā.(K.)		
DeviMā.	1	DeviMā. 86. 12;		
VyaktiVī.	1	leaf like lower lip VyaktiVī.		
SubhāṢi.	1	SaduktiKa. 130. 32; SubhāṢi. 1312;		
MahāNā.	1	PadyaVe. 234; ŚṛṅgāSa. 88; MahāNā. 4. 9.		
KūṭṭMa.	1	KūṭṭMa. 200 (comm. );		
PuṣpaBāVi.	1	PuṣpaBāVi. 6.		
ŚṛṅgaTi.	1	(A.) 53. 5; ŚṛṅgaTi.		
Ragunā.	1	Ragunā. 12. 79;		
RatRaha.	1	RasGaṅ. 695. 5; RatRaha. 15. 101;		
RrtiRaha.	1	RrtiRaha. 13. 32;		
Go.	1	Go. xi. 20. 8.		
Rāghava.	1	i. 73. 21; {@C@} base reply Rāghava.		
SundarŚ.	1	SundarŚ. 92.		
BhallāC.	1	BhallāC. 1. 12; KandaCū. v. 2. 8; CitraMī. 1. 17; Śil		
ŚāṅkhāSS.	1	KauṣiBr. 3. 7 (12. 15); ŚāṅkhāSS.		
Bārhaspa.	1	Bārhaspa. 2. 69; PadārthaSaṃ. 280. 4;		
VedāntPa.	1	VedāntPa. 299. 2; Tarkāmṛ. 2. 15;		
ṢaḍdaSa.	1	SyādvāMañ. 4 (29); 23 (5); ṢaḍdaSa.(Rā.)		
Upāsk.	1	Upāsk.		
ĀdīP.	1	ĀdīP. 3. 13;		
VāvuP.	1	VāvuP. i. 8. 54.		
KāsyaS.	1	KāsyaS. 83A. 16;		
BṛĀṛaUBhVā.	1	BṛĀṛaUBhVā. iv. 3. 1250.		
BhaGī.	1	ness BhaGī. 1. 41.		
DavīBhāP.	1	aP. 356. 12 (1. 38); BrahmVaiP. iii. 34. 39; DavīBhāP. viii. 23. 3;		
Tantrākyā.	1	Tantrākyā. 123. 3;		
CiaraS.	1	CiaraS. vi. 12. 17 (1941 Ed.); CaraS. viii. 6. 20		
LomaŚi.	1	LomaŚi. 7. 9;		
ŚlokaVar.	1	ŚlokaVar. 6. 187 (776. 7); AṣṭāSaṃ.		
PrithvīVi.	1	PrithvīVi. 7. 36; SaṅkarKāBh. 44. 9		
BaudhS.	1	MānGS. ii. 6. 4; BaudhS. i. 2. 28;		
AlaṃkāŚe.	1	TantrSā.(K.) 91. 25 (2); 110. 12; AlaṃkāŚe. 13. 4 (3);		
BrāhmSphSi.	1	BrāhmSphSi. 9. 21;		
KāṭanVṛ.	1	P. vi. 4. 14; Kātan. ii. 2. 20; (KāṭanVṛ.		
CāndṛaVṛ.	1	(CāndṛaVṛ. ); ŚākaṭāVyā. i. 1. 64;		
Vajjracchedikā.	1	Vajjracchedikā. 38. 14 ; {@3@} non-(genuine) metal, other		
ŚivārkaMa.	1	ŚivārkaMa. Dī. i. 8. 8 ( i. 1. 1); BhāṭṭDī. ii. 192. 1		
Vajracchedikā.	1	flow, Vajracchedikā. 39. 12		
BṛhmāṇḍP.	1	ViṣṇuSm. 63. 3; BṛhmāṇḍP. ii. 7. 406;		
Spru.	1	v(1). 6. 69; Ind. Spru. 4528; {@2Aii@}		
W.	1	P.W.) ĀśvaGS. ii. 3. 3;		
NyāyŚiA.	1	ūBh.(Ma.) 69B. 9 ( iv. 2. 9); ŚatDū. 64. 8; NyāyŚiA. 221. 11;		
ŚatTrāyī.	1	ŚatTrayī. 287; 70; ŚatTrāyī.		
BrahmaSphuSi.	1	BrahmaSphuSi. 15. 54.		
MukaPañ.	1	MukaPañ. 5. 71.		
SamarāSā.	1	ii(2). 105. 6; SamarāSā. 39. 21;		
PrabhaC.	1	Kāvyānu.(He.) 140. 7; PrabhaC. 3. 25;		
BhartṛNī.	1	BhartṛNī. 3. 11.		
GaṅgāVa.	1	GaṅgāVa. 5. 27.		
VedāntKaTa.	1	VedāntKaTa. 271. 24;		
GaturCin.	1	GaturCin. iii(1). 1133. 16.		
ŚantiŚi.	1	ŚatTrayī. 315 = ŚantiŚi. 2. 15 = SaduktiKa. 320. 18.		
SūktiRaHā.	1	Kirātā. 13. 61 = SūktiRaHā. 40. 35;		
ŚṛṅgāDi.	1	ŚṛṅgāDi. 3. 10.		
XVII.	1	EI. XVII. 347. 6;		
BheDhi.	1	BheDhi. 26. 3;		
AB.	1	Pradī. i. 541AB. 1 ( i. 1. 66);		
MaṅāBh.	1	relation of locus MaṅāBh. i.		
NyāyVārPāri.	1	NyāyVārPāri. 441. 9.		
NārāP.	1	24. 6; NārāP. 58. 41; BhaviP. 200B. 27 (i. 135. 61); PadmP		
ParyāŚaRā.	1	NānārthāSaṃ. iii. 22. 49; ParyāŚaRā.		
SiddāTaVi.	1	of an arc in between SiddāTaVi. 271. 5.		
UdaySuKā.	1	v. 21. 49; UdaySuKā. 8. 5; KalāVi. 9. 40;		
Yog.	1	i. 1. 1); SāṃkhyaPraBh. 6. 3 ( 1. 1); Yog.		
Pradīpa.	1	1. 49); (Pradīpa. );		
ŚastraDī.	1	ŚastraDī. 446. 2 ( vi. 1. 1); NyāyRaMā. 104. 10; ŚrīB		
DeviBhā.	1	DeviBhā. P. iii. 12. 43; vii. 39. 32;		
SarVeSāSaṃ.	1	SarVeSāSaṃ.		
CaitaC.	1	BallāC. 65. 2; 102. 16; CaitaC.		
BrahmSūBha.	1	iii. 4. 41); BrahmSūBha.(Śrī.) ii. 407. 2 ( iii. 4. 41)		
ŚālīC.	1	ŚālīC. 5. 57; {@4@} to appropriate to oneself, to t		
BhaktiSu.	1	BhaktiSu.(Śā.) ii. 2. 23;		
YogsūVṛ.	1	YogsūVṛ. 1. 1; {@Cii@} accepted, admitted, avowed		
ŚyādvāMañ.	1	ŚyādvāMañ. 25 (5);		
SāṃkyaKāBh.	1	SāṃkyaKāBh. 1. 23 ( 1);		
JñānBiPraka.	1	JñānBiPraka.		
XP.	1	¦ (adhi-gaṇ-) XP. {@i@} to state, to enumerate		
ŚrūtaPra.	1	ŚrūtaPra. iA. 16. 5 ( i. 1. 1); {@B@} who knows the		
ChandaŚCū.	1	ChandaŚCū. ii. 219. 2.		
Bhaṭṭ.	1	greatness Bhaṭṭ. 10. 72;		
GuntDS.	1	who finds or discovers GuntDS. ii. 1. 38;		
Caus.	1	(Caus.) to grant, to bestow upon		
KāhViT.	1	MahāP. 24. 154; KāhViT. 1. 21;		
Campā.	1	¦ (adhi-campam) towards the city of Campā.		
JaīmiBr.	1	JaīmiBr. 1. 291; JaimiUBr. i. 50. 3; {@B@} to surpass		
KatanVṛ.	1	MahāBh. i. 485. 13 ( ii. 4. 47); KatanVṛ.		
RasiJi.	1	RasiJi. 796.		
ŚśuVa.	1	ŚśuVa. 3. 39.		
Aṣṭā.	1	Aṣṭā.		
ŚabbaRa.	1	ŚabbaRa.(Vā.) 824; ParaNā. 720; KośaKaTa. 1. 2828; KalpaK.		
Satya.	1	called Satya. {@Ai@} protector, ruler, king, master, lord,		
Jāta.	1	Jāta. 6. 11; MatsyaP.		
Kumā.	1	Kumā.		
Bodhi.	1	Bodhi.		
CaPañ.	1	CaPañ. 224. 28;		
Vāja.	1	Vāja.(K.) 15. 9; KāṭhS. 17. 5 = MaiS. ii. 8. 6; ŚatBr.		
VājaṢ.	1	25. 10 = VājaS. 14. 5; VājaṢ.(K.) 15. 1; MaiS. ii. 8. 1; ŚatBr.		
AgniVeGS.	1	aS.(K.) xiii. 4. 14; ŚatBr. XII. iv. 3. 4; = AgniVeGS.		
SiddhāTaVī.	1	the additive months SiddhāTaVī. 389. 16; 392. 4.		
Kārṇḍavyūha.	1	Kārṇḍavyūha. 284. 26 (Darbhanga Ed.)		
AbhisaAlaṃ.	1	AbhisaAlaṃ. 2. 20;		
SātvaṬ.	1	SātvaṬ. 1. 51; {@ii@} pertaining to a sacrifice		
Śuklayajuḥsarvānukramaṇikā.	1	Śuklayajuḥsarvānukramaṇikā. i. 454 (p. 9)		
JaiminīyārṣeyaBr.	1	JaiminīyārṣeyaBr. v. 7. 1 (533)]		
KāśīPañ.	1	KāśīPañ. 3.		
Accs.	1	s, P. vii. 3. 43; used with Acc.; with two Accs.		
NĪtiMā.	1	NĪtiMā. 41. 3; NītiMā. 49. 19;		
DePra.	1	DePra. 112-2. 11; KandaCū. i. 4. 46; KathāK. 3. 20;		
Bhallaś.	1	RāmC. 25. 34; RāghPāṇ.(Dha.) 4. 26; Bhallaś. 31 = Subhāṣi. 799;		
Ac.	1	oming in conjunction with (a constellation) (Ac.) {@Ai@} climbed		
BṛKáthāK.	1	BṛKáthāK. 83. 38; {@Ci@} grown		
ŚṛṅgārSar.	1	RājTa.(ŚrI.) 2. 48; ŚṛṅgārSar.		
Kalyā.	1	MahāP. 3. 144; Kalyā.		
PādmaS.	1	PādmaS. iii. 26. 78;		
Vyavahāraprakāśa.	1	vilāsa p. 86; Vyavahāraprakāśa. p. 46;		
AnekāSā.	1	ParamāKā. 161. 1; AnekāSā. 543; Vaija. 265. 6 TrikāŚe. iii. 3. 443;		
NānānthāSaṃ.	1	NānānthāSaṃ. iii. 9. 30; MediK. 188. 47;		
AbhīdhāCin.	1	171. 156; ParyāMu. 22. 28; AbhīdhāCin. 637; MediK. 95. 101; ParyāŚaRa.		
DaśabhūmikāSūtra.	1	DaśabhūmikāSūtra. 75. 24; cf. DBHS.		
Dūtāṅga.	1	Rā. 6. 77 = Dūtāṅga. 45;		
BodhiC.	1	BodhiC. 8. 118.		
BhasmaJāU.	1	MahāBhā. xiii. 151*(4); BhasmaJāU. 564. 4;		
HarṣsaC.	1	HarṣsaC. 27. 1;		
ŚvetāSUBh.	1	ŚvetāSUBh. 75. 11		
BhavṛU.	1	BhavṛU. 651. 2;		
SarvaDaSam.	1	SarvaDaSam. 2. 150;		
SaddhaPuṇḍ.	1	SaddhaPuṇḍ. 237. 17; 149. 30; 193. 29; {@2iv@} (Buddh.)		
VodāntKa.	1	VodāntKa. 226. 7 ( i. 4. 23)		
BrahSūBh.	1	BrahSūBh.(Bhā.) 127. 27 ( ii. 2. 38);		
TBr.	1	(quoted in TBr.) MW. ? better and (not		
ŚyāmU.	1	ŚyāmU. 467. 13;		
VīraSt.	1	VīraSt. 4; TattvSaṃkhyā-		
DaśsāvaC.	1	DaśsāvaC. 1. 5.		
MātaṅgaL.	1	an elephant, MātaṅgaL. 9. 14 [but		
YogRāU.	1	YogRāU. 10 = ŚārṅgaPa. 4355;		
SūMañ.	1	SūMañ. 3. 25.		
GaniSāSaṃ.	1	GaniSāSaṃ. 5. 99; 5. 100.		
ŚāS.	1	ŚāS. 12. 8; Bhām.		
BhagP.	1	BhagP. iv. 22. 49.		
MudgaU.	1	MudgaU. 409. 8;		
Syādvā.	1	Syādvā.		
Padakaumudī.	1	RāghPāṇ.(Dha.) 9. 23 (Padakaumudī.		
Anukramaṇikā.	1	Sāmaveda Anukramaṇikā. 2. 208 (Indische Studien, 17. 361)		
GLOTTA.	1	outhar, GLOTTA. 48. 144 *eudh- ‘swell’; < or ,		
DMGM.	1	kramaṇikā (Ed. VIŚVA. DMGM., Lahore, 1935) 30. 15;		
CSS.	1	( add. in CSS. 18 and 19,		
YajñopavītaBr.	1	AV.(P.) xvi. 104. 7; Kāṭhaka YajñopavītaBr. 115. 6.		
WIS.	1	WIS. 5) RājTa.(Ka.) 7. 1009;		
Kārikā.	1	Kārikā. 158.		
Sk.	1	JPMJGM. Sk. 26, 1956) PadmP.(Ra.) 123. 172.		
ṚṭuSaṃ.	1	ṚṭuSaṃ. 6. 6;		
Kdh.	1	Cpd. formed with the negative particle and Kdh. Cpd. (formed of		
MyūMāli.	1	MyūMāli.		
Daśapādyuṇādi.	1	DEBRU. 532; Daśapādyuṇādi. 9. 107 (1943 Ed.), Kātan.		
GaṇPa.	1	included in GaṇPā. 30. 5; GaṇPa. 33. 22;		
BÓHTLINGK.	1	Śāk. 7. 192 (7) (BÓHTLINGK., 1842 Ed., 112. 9)		
TilaMāñ.	1	TilaMāñ. 35. 12.		
JBRAS.	1	JBRAS. 1946, Abhidharmakośakārikā, Ed. GOKHALE V. V		
Bhikṣuṇīkarmavācanā.	1	Bhikṣuṇīkarmavācanā. 27B. 4; [w. r. for		
Prajñāpāramitā.	1	Prajñāpāramitā. 56. 5		
BhālamBha.	1	VīraMi.(Saṃskāra.) 354. 26; BhālamBha. i. 47. 6 ( 1. 14); {@1C@} what		
VvutpaVā.	1	VvutpaVā. 144. 18;		
LikhitaDS.	1	LikhitaDS. 82; Kād. 45. 5;		
NvāySu.	1	NvāySu.(Ja.) 88B. 1 ( i. 1. 1); 375B. 6 ( ii. 2. 6);		
JñanBiPra.	1	JñanBiPra. 2. 20;		
PuarvottaVāNaMā.	1	PuarvottaVāNaMā. 345. 13; {@2@} absence		
BṛPanāSm.	1	4. 7; BṛPanāSm. 6. 287;		
KonUBh.	1	KonUBh. 43. 12 ( 2. 1);		
GaṅGa.	1	3. 68); GaṅGa. 3. 178 (216);		
HārīSm.	1	HārīSm. 6. 248;		
VedānstSā.	1	VedānstSā.(Sa.) 26. 10; YatīndraDī.		
BṛKāthāK.	1	BṛKāthāK. 10. 90;		
MahNirvāvāT.	1	MahNirvāvāT. 13. 170;		
Brahmā.	1	{@3xiii@} Brahmā. a form of Brahmā BhaviP. 43B. 27		
ParīTri.	1	ParīTri. 255. 11; {@7ii@} sound Śāra-		
SarvasāU.	1	SarvasāU. 4;		
AbhidhāCiu.	1	TrikāŚe. iii. 3. 144; AbhidhāCiu. 163; AnekāSaṃ. 3. 230; ParyāMu.		
ĀdhP.	1	ĀdhP. 24. 61;		
SathānṬ.	1	SathānṬ. 347A. 4; (in time)		
ArdhaNāSt.	1	ArdhaNāSt. 9;		
LalitāPañ.	1	lasting glory LalitāPañ. 6.		
GaṇiSāSam.	1	GaṇiSāSam. 0. 1;		
GaṇaP.	1	GaṇaP. ii. 79. 27; foot of Ananta (i. e. Viṣṇu),		
BrahmSūBa.	1	BrahmSūBa.(Rā.) 454. 14 ( ii. 1. 23)		
Dṛ.	1	Dṛ. 3. 93;		
MahāVya.	1	MahāVya. 184. 4 [name of a king of Mālava, a contem		
PāiśvC.	1	PāiśvC. 3. 41.		
YaśasCadm.	1	YaśasCadm. ii. 291. 24; ii. 294. 2; {@ii@} name of a Ja		
SrikṣāSa.	1	of a work SrikṣāSa. 18. 15		
GirahaGa.	1	GirahaGa. 3. 23 (1. 7)		
APiāti.	1	APiāti. 201 (comm.		
KaśaKaTa.	1	, NāmMā. 141; , KaśaKaTa. 2. 492; ,		
BhāktiRa.	1	BhāktiRa. 3. 13; 3. 17.		
GaṇeBhu.	1	GaṇeBhu. 8;		
IIr.	1	; cf. IIr. ; since Epics means ‘bearing’] bearing th		
ViśvāPra.	1	NighŚe. 2204; ViśvāPra. 67. 130; MediK. 63. 81; NānārthaMa. 724;		
KuṭtaMa.	1	KuṭtaMa. 551.		
VedāntaRaMañ.	1	VedāntaRaMañ. 1. 4 (52. 13)		
Prarā.	1	Prarā. i. 757. 11; SiddhāKau. 488A. 10 ( iii.		
LexiconsAmaK.	1	ŚivLī. 12. 46; [LexiconsAmaK. 2183; Vaija. 211. 128; AbhidhāCin.		
KumāSāṃ.	1	KumāSāṃ. 12. 38.		
YaśasCan.	1	YaśasCan. i. 382. 5.		
TarkSame.	1	TarkSame.(Ā.) 5. 22;		
IṣṭSi.	1	IṣṭSi. 166. 13;		
SpheṭSi.	1	SpheṭSi. 154. 1;		
Pṛthvīvi.	1	Pṛthvīvi. 1. 22; {@4@} a kind		
MaṇḍUBh.	1	MaṇḍUBh. 309. 11 ( i. 1. 6); {@3A@} not having posit		
KauṣīBī.	1	KauṣīBī. 11. 1 (49. 10)		
MaiSi.	1	MaiSi. i. 10. 20 (i. 161. 1);		
TantrRāha.	1	TantrRāha. 35. 11.		
KasthāSaSāg.	1	MahāBhā. vii. 102. 12; KasthāSaSāg.		
HarSaC.	1	HarSaC. 325. 17;		
MahāVyū.	1	ŚikṣāSa. 105. 8; MahāVyū.		
MSS.	1	r, which has not (yet) served its purpose (MSS.		
KaśKuC.	1	KaśKuC. 137. 9.		
BrahmāṇiḍP.	1	BrahmāṇiḍP. ii. 7. 5.		
RāmāSāSt.	1	RāmāSāSt. 3;		
ŚṛṅgāKaTri.	1	barrenness ŚṛṅgāKaTri. 3. 97.		
NāhārthāSaṃ.	1	NāhārthāSaṃ. iii. 2. 8, cf. {@ @}.		
DānLīKā.	1	DānLīKā. 31.		
ŚivārkaMadī.	1	ŚivārkaMadī. i. 32. 34 ( i. 1. 1); i. 115. 2		
SamanāSū.	1	SamanāSū. 8. 22.		
KavyMī.	1	KavyMī. 23. 11;		
VīrāMī.	1	VīrāMī.(Saṃskāra.)		
Kapphiṃā.	1	Kapphiṃā.		
JātaPrā.	1	Sārā. 13. 1; JātaPrā. 7. 72.		
ŪruBh.	1	iii. 2. 1; ŪruBh. 42;		
JāineVyā.	1	MahāBh. ii. 143. 19 ( iii. 3. 15); JāineVyā. 121. 10 ( ii. 3. 14);		
BhāṭtCin.	1	BhāṭtCin. i. 134. 2 ( i. 1. 6)		
KauṣlBr.	1	(551) = KauṣlBr. 21. 2 (93. 12) = KauṣīBr. 22. 5 (99. 10) = A		
KapiKas.	1	KapiKas. 25. 1 (93. 6); 31. 2 (149. 8); VājaS. 11. 83		
MāSt.	1	MāSt. 21.		
ŚivaKePāSi.	1	ŚivaKePāSi. 23.		
DLJP.	1	Cin. 275 (DLJP. 92, 1946); ŚabdaRa.(Vā.) 1858; KalpaK. 448.		
LatitāTriBh.	1	LatitāTriBh. 308. 12 ( 32);		
WS.	1	ViveCū. 320 (VVP. WS. 14)		
RājTā.	1	RājTā.(Ka.) 5. 263;		
KatlāK.	1	KatlāK. 6. 19.		
KāvyālaṅSāSāṃ.	1	KāvyālaṅSāSāṃ. 5. 16.		
UpadeŚa.	1	UpadeŚa. 17.		
ṬīkāSa.	1	(2) , AmaKoUd. i. 1. 54; ṬīkāSa. i. 1. 54; Ujjvala-		
SmṛCan.	1	SmṛtiCan. v. 211. 12; SmṛCan. v.		
MūU.	1	MūU. 9.		
MatysaP.	1	MatysaP. 188. 30 =		
KaŚ.	1	KaŚ. 41.		
BṛJāhāU.	1	BṛJāhāU. 2 (1); ŚivaP. vii(1). 28. 5 (533A. 5);		
BṛKathāMāñ.	1	(persons), BṛKathāMāñ. ix. 2. 1221.		
KatṇaSu.	1	KatṇaSu. 2. 11; numerous architectural patterns		
LāṅkāSū.	1	LāṅkāSū. 3. 85 (83) (80. 17)		
Ī.	1	ŚatBr. Ī. i. 1. 8 = II. i. 4. 2; ŚatBr.(K.) I. i. 4. 1		
ŚābhBh.	1	ŚābhBh. 129. 1 ( i. 2. 14);		
PrahāvC.	1	PrahāvC. 55. 29; TarkBhā.(Ke.) 53. 14;		
NityāŚeḍa.	1	YogSū. 2. 31 = NityāŚeḍa.		
SumukhU.	1	SumukhU. 473. 6;		
ŚanekaDigVi.	1	qualities ŚanekaDigVi.		
SaṃṣeŚā.	1	SaṃṣeŚā. 3. 162 (ii.		
ŚutraPra.	1	ŚutraPra. iA. 138. 18 ( i. 1. 1)		
ParaMāKā.	1	ParaMāKā. 59. 42.		
ŚiśVa.	1	ŚiśVa. 8. 45.		
NītlVā.	1	NītlVā. 14. 6.		
LakṣnīT.	1	LakṣnīT. 13. 37; VedāntKa. 97. 6 ( i.		
BrahmSūBl.	1	BrahmSūBl.(Rā.) 163. 15 ( i. 1. 4);		
YatīndraLi.	1	3. 1); YatīndraLi. 35. 2;		
MaYánaSū.	1	MaYánaSū. 188. 9 (20-21. 59)		
SaṅkārKāBh.	1	single breath SaṅkārKāBh. 179. 19 ( iv. 1. 12);		
KeC.	1	KeC. 36 (5)		
BrahnSūBh.	1	BrahnSūBh.(Śaṅ.) 860. 7 ( iv. 4. 19);		
ṬantrRā.	1	ṬantrRā. 29. 100;		
KāvyPradī.	1	KāvyPradī.		
Rāṣtrau.	1	Rāṣtrau. 10. 38.		
ŚāṭyāyanīU.	1	ŚāṭyāyanīU. 18;		
LaŚubdeŚe.	1	Mañ. KāśiVṛ. P. ii. 1. 5; LaŚubdeŚe. i. 527. 8;		
KāṭhŚṛU.	1	KaṭhRuU. 1; KāṭhŚṛU. 2 (3);		
BS.	1	( , BS. Ed.) TaiĀ. vi. 5. 2		
SuvṛṬi.	1	SuvṛṬi. 1. 31.		
Ttp.	1	, cf. P. v. 4. 107); {@ii@} (at the end of Ttp.		
ŚiddhāKau.	1	KāśiVṛ. vi. 2. 160; ŚiddhāKau. 652B. 13 ( vi. 2. 160);		
BālRa.	1	BālRa. 6. 12 (9); 7. 85 (5); -- (		
AbhisaAlaṅA.	1	AbhisaAlaṅA. 354. 14		
Naiṣka.	1	BṛĀraUBhVā. i. 2. 109; Naiṣka.		
SūktiR.	1	NīDa. 13. 7 = SūktiR. a36. 1;		
Sternbach.	1	CāṇaNīDa. 10. 6 (Sternbach.		
Vyavabāra.	1	VīraMi. (Vyavabāra.) 331. 25.		
AryaŚāS.	1	AryaŚāS. 18. 12;		
NaiṣakaSi.	1	SarvaVeSāSaṃ. 275; NaiṣakaSi.		
DaU.	1	DaU. 1. 12;		
AhidhKoBh.	1	AhidhKoBh. 400. 8 ( 7. 13);		
YogŚa.	1	YogŚa. 4. 100=TriṣaŚaPuC. iv. 2. 317 = CampaŚreKa.		
DuṇḍaVi.	1	DuṇḍaVi. 59. 11-12;		
GovindĀ.	1	JaimiBr. 1. 37; GovindĀ.		
Natābhyu.	1	Natābhyu. 7. 57;		
Jaina.	1	inconsequence {@iv@} (Jaina.) indifference or non-enthusiasm {@v@}		
RasūSu.	1	205. 24; RasūSu. 55. 13 (1. 206); SāhiDa. 133. 2; AlaṅkāKau.(		
VaSū.	1	VaSū. 31.		
PuṣkS.	1	ParaS. 13. 189; PuṣkS. 26. 58; TattvSa.(3) 123. 3;		
Puruṣ.	1	Puruṣ. 106. 7 ( 159)		
ŚāṅC.	1	ŚāṅC. 4. 53; {@2A@} not zealous, not diligent		
ParaBrahmU.	1	ParaBrahmU. 529. 19;		
ParāmāKā.	1	ParāmāKā. 134. 14.		
ŚāṭyāyaniBr.	1	ŚāṭyāyaniBr. 64. 1 (collection of the Fragments of Lost B		
Suhbāṣi.	1	69 = KāvyPra. 788. 2 = VyaktiVi. 104. 10 = Suhbāṣi. 1001; SāhiDa.		
AVŚāntikalpa.	1	AVŚāntikalpa. 17. 3;		
AmṛL.	1	AmṛL. 8.		
ParīPar.	1	ParīPar. 10. 4; {@B@} who or which has not come		
Cā.	1	Cā. 10.		
ŚivārkaMalī.	1	ŚivārkaMalī. i. 12. 31 ( i. 1. 1)		
Bhān.	1	Bhān. 273. 15 ( i. 3. 39)		
BORI.	1	the brilliant stars are not visible BORI. Ed.)		
JnānDī.	1	(JnānDī. ); {@4@} unobtained		
Atharvaprāyaścittāni.	1	Atharvaprāyaścittāni. 4. 2;		
RāmāMāñ.	1	RāmāMāñ. 211. 18;		
NīrṇaSi.	1	NīrṇaSi. 333. 7.		
ŚantiŚ.	1	ŚantiŚ. 4. 28;		
Āhuika.	1	VīraMi. (Āhuika.) 193. 23.		
HaṃsPaU.	1	HaṃsPaU. 483. 12; YājñaU. 601. 26 (2); JābālaU. 5; Bā		
CP.	1	(CP. Ed.) (BhārBhāDī. )		
BaPāC.	1	BaPāC. 29. 6;		
VVRI.	1	hold (v. l. VVRI., 1963)		
SiśuVa.	1	MahāBhā. i. 69. 15; xii. 12. 4; SiśuVa. 16. 7;		
MaYānaSu.	1	Alaṅ. 4. 26; MaYānaSu. 160. 15 (19. 2) [ want of taste, insipidity		
PiṇḍaPitṛBr.	1	PiṇḍaPitṛBr. 68. 5;		
KuṇdiU.	1	PaU. 3. 86; KaṭhRuU. 1. 1; KuṇdiU. 9; ParaHaṃsPaU. 484. 13;		
PṛĀraUBh.	1	PṛĀraUBh.(Śaṅ.) 46. 6 ( i. 3. 2);		
HammīMaKa.	1	HammīMaKa. 8. 55;		
SaṃkhyaTaKau.	1	SaṃkhyaTaKau. 387. 1 ( 37); 276. 3 ( 12);		
PraśuaUBh.	1	PraśuaUBh. 297. 14 ( 6. 3)		
YuktiSnehā.	1	48. 15; YuktiSnehā. 146. 3 ( i. 1. 6);		
Bhāvārtha.	1	BhāgP. viii. 5. 27 (Bhāvārtha.		
Strotrā.	1	Strotrā. 3. 9.		
NārāSm.	1	NārāSm. 173. 3; SmṛtiCan.		
ManyaVi.	1	ManyaVi. 1414. 7 ( 11. 138);		
ŚverāUBh.	1	ŚverāUBh. 215. 10 ( 5. 11);		
TanttvVai.	1	TanttvVai. 141. 15 ( 3. 17); TantrRa. 254. 11;		
VaivāBhū.	1	NyāySu.(Ja.) 77B. 11 ( i. 1. 1); VaivāBhū. 189. 15 ( 36);		
MayūMāti.	1	MayūMāti.		
Khil.	1	AV. xx. 135. 13. Khil. v. 21. 3; ŚāṅkhāŚS. xii. 16. 3; ĀśvaGS. ii.		
NaiṣkaṢi.	1	NaiṣkaṢi. 44. 5.		
ŚivārMaDī.	1	ŚivārMaDī. i. 94. 16 (		
SarvānukramaSū.	1	SarvānukramaSū. 10A. 14; VājaPrāti. 4. 19;		
SadohaPuṇ.	1	LaliVi. 1. 0 (9); SadohaPuṇ. 1. 13;		
VāsaDā.	1	prevented, VāsaDā. 62. 4 (comm. )		
VaiyūBhū.	1	VaiyūBhū. 129. 19		
VyakiVi.	1	VyakiVi. 127. 26.		
Hastvāyur.	1	Hastvāyur.		
HātLa.	1	HātLa. 32. 11;		
Śāṅ.	1	KāṭhU. 5. 14 (Śāṅ. );		
SuhāU.	1	SuhāU. 3;		
JāṭaMā.	1	JāṭaMā. 172. 15 (26. 26)		
VāsāDa.	1	VāsāDa. 268. 7.		
NyāvKa.	1	NyāvKa. 89. 4;		
JRAS.	1	7 (JRAS. London, 1932)		
PratyābhiVi.	1	PratyābhiVi. ii. 131. 1 ( ii. 3. 14); ŚāstrDī. 110. 27 (		
PāṇḍāC.	1	PāṇḍāC.(Bhavnagar		
VṛParāSm.	1	VāyuP. ii. 5. 20; BṛhaspaSm. 83. 19; VṛParāSm. 2. 188; MatsyaP.		
IśāU.	1	; VājaS.(K.) 40. 17; ŚatBr. XIV. viii. 3. 1; IśāU. 17;		
HirVi.	1	HirVi. 43. 366; KulārT. 3. 51;		
MataKeC.	1	MataKeC. 72;		
ṢaḍḍarSa.	1	ṢaḍḍarSa.(Ha.) 61; ṢaḍdarSa.(Rā.) 117;		
AnckāTi.	1	Saṃ. 3. 615; , AnckāTi. 2. 22; Anekā.(Pa.) 2689; ,		
Jayama.	1	KāmSū. 209. 5 (3. 3) (Jayama.		
PrakāVi.	1	BhāgP. v. 19. 20; PrakāVi.		
MāhāU.	1	MāhāU. 5 (148) = YogVā. iv. 44. 18		
SaṭCakraNi.	1	SaṭCakraNi. 26.		
ManyaMu.	1	ManyaMu. 321. 15 ( 8. 175); {@Aix@} non-recurring		
Rāsā.	1	Rāsā. 12. 32.		
PāṇḍDi.	1	PāṇḍDi. 1. 115; 1. 346; 6. 558;		
TripuDi.	1	TripuDi. 2. 8; 3. 20;		
YogaŪ.	1	YogaŪ. 117;		
GaṇḍKā.	1	GaṇḍKā. 2. 17; BṛĀraUBhVā. ii. 1. 2;		
DhaṇḍaVi.	1	place of residence DhaṇḍaVi. 329. 20.		
SumantuDS.	1	SumantuDS. 83. 2;		
TārtkiRa.	1	negated TārtkiRa. 174. 1.		
ŚrukraNī.	1	ŚrukraNī. 4(7). 33.		
VyāvaMa.	1	VyāvaMa. 184. 1.		
TattvPraDī.	1	TattvPraDī.(Ci.) 184. 8.		
BauchŚS.	1	BauchŚS. ii. 74. 3;		
RāmaBhuSt.	1	RāmaBhuSt. 10; RāmC. 11 45;		
RasGane.	1	RasGane. 665. 15.		
GītiŚ.	1	GītiŚ. 39; cf. {@ @}.		
BhāllaŚ.	1	BhāllaŚ. 93; Subhāṣi. 1012;		
PramāVar.	1	PramāVar. 3. 433.		
MabāBhā.	1	MabāBhā. xii. 220. 94;		
ŚākaṭāVya.	1	CāndraVyā. iv. 4. 67; ŚākaṭāVya. ii. 1. 146; SaraKaṇṭhā.(Gr.) v.		
SāmaViBṛ.	1	51. 10; SV. I. ii(2). 3. 1; SāmaViBṛ. i. 4. 15;		
ArthSā.	1	ArthSā. iii. 210. 11 (13. 5);		
VaṭnU.	1	54. 15 (1); VaṭnU. 316. 20; TaiBr.		
KauŚiSū.	1	KauŚiSū. 106. 7; EI. ii. 187. 34;		
ĀryāSaśa.	1	ĀryāSaśa. *38;		
BalāC.	1	iii. 4. 11; BalāC. 52. 18; MahāBhā.		
SarvaVeSāSāṃ.	1	SarvaVeSāSāṃ. 112; NītiSā. 16. 26;		
MāthVṛ.	1	21. 97; MāthVṛ.		
NyāvBh.	1	NyāvBh. 138. 10 ( ii. 2. 28);		
CaṇRa.	1	CaṇRa. 2. 104 (149);		
BāudhŚS.	1	desires TaiS. III. v. 6. 1; BāudhŚS.		
KutṭaMa.	1	KutṭaMa. 807.		
MadaPāNī.	1	MadaPāNī. 7. 112.		
Praśasti.	1	KathāK(Praśasti.) 10; Yaśas-		
SāṃkyaTaPra.	1	SāṃkyaTaPra. 170. 11; ŚāliC.		
ŚṛṅgāTī.	1	faithfulness, devotion ŚṛṅgāTī.(Ru.)		
BṛkAthāŚloSaṃ.	1	BṛkAthāŚloSaṃ. 9. 3;		
KaudaCū.	1	KaudaCū. ii. 7. 15; AnekāK. 799;		
Naigeyānukramaṇi.	1	Naigeyānukramaṇi. 1. 589;		
BhāSk.	1	BhāSk. i. 93. 15 ( i. 2. 3)		
NityāSoḍa.	1	NityāSoḍa. 1. 114.; 1. 200;		
VānāŚS.	1	VānāŚS. I. v. 1. 1; HirŚS. xv. 2. 33 (288. 20); Vaik		
SimihāDvā.	1	299. 22; Mālavikā. 2. 8; SimihāDvā. 16. 6;		
ŚatŚio.	1	ŚatŚio. 25.		
ViayāBhū.	1	ViayāBhū. 96. 6 ( 22)		
KāmuSū.	1	KāmuSū.		
AlāṅkāKau.	1	Mitā. 5. 20 ( 1. 11); AlāṅkāKau.(Vi.) 14. 20; CitraMī. 10. 1;		
AbhidhāCia.	1	RāmC. 21. 91; AbhidhāCia. 1540; {@7@} movement		
GopāKeCau.	1	GopāKeCau. 52. 15.		
GobhiS.	1	GobhiS. 1. 145; MudrāRā. 4. 7 (2);		
AnpaSūṬ.	1	AnpaSūṬ. 64. 11; (pass.) to be imitated		
ValktāŚS.	1	ValktāŚS. I. 8; 18. 7; {@5@} to seek, to look for, to		
Vedāntdī.	1	1. 29); VedāntSā.(Rā.) 54. 3 ( i. 1. 29); Vedāntdī. 29. 9 (		
SāmekhyaPraBh.	1	SāmekhyaPraBh. 30. 11 ( 1. 61); 44. 26 ( 1. 87);		
NānārthSame.	1	ViśvaPra. 93. 95; DharK. 1609; AnekāK. 491; NānārthSame. 90. 1;		
PānśvC.	1	PānśvC. 4. 82; {@2B@} to be followed, to be gone aft		
BālaKrā.	1	BālaKrā. ii. 143. 19 ( 3. 260 (? 266);		
ŚaśuVa.	1	VāyuP. ii. 39. 333; BrahmāṇḍP. iii. 2. 270; ŚaśuVa.		
Harvi.	1	Harvi. 3. 16 (comm. );		
RāmāCin.	1	RāmāCin. 2. 80 (3); 5. 34		
Dhvanyuā.	1	Dhvanyuā. 401. 9 ( 3. 33); 443. 7 ( 3. 33);		
SubhaDhā.	1	Hitopa. 1. 116(2); SubhaDhā. 2. 5 (5);		
SāhiDā.	1	SāhiDā. 341. 7;		
Paras.	1	Paras. 24. 37;		
Godāvarī.	1	(river) Godāvarī. SkandP.		
Vākyap.	1	Vākyap. 3 (3). 11;		
TripaMāPūSt.	1	TripaMāPūSt.(Śaṅ.) 127;		
RājRa.	1	RājRa.(Prā.) 13;		
LaṅgaP.	1	LaṅgaP. ii. 13. 36.		
LiṅgU.	1	LiṅgU. 310. 17.		
SkndP.	1	SkndP. i(3A). 12. 88.		
ŚivāP.	1	ŚivāP.		
GopiU.	1	GopiU. 643. 6;		
KāmakaVi.	1	KāmakaVi. 53; {@4@} to take after, to		
BharamDū.	1	HariVi. 5. 64; BharamDū. 98;		
VarkroJī.	1	ants VarkroJī. 42. 6.		
TilaMant.	1	TilaMant. 241. 6; 99. 11;		
PratāYāBhaū.	1	(174. 6); PratāYāBhaū. 310. 5;		
HammīMakā.	1	HammīMakā. 7. 107;		
BāiRā.	1	BāiRā. 5. 28.		
Rukmiha.	1	Rukmiha. 2. 19;		
Sāhida.	1	(He.) 200. 8; Sāhida. 381. 7; 425. 3; {@2@} the state of being tha		
Acyutanā.	1	Acyutanā.		
NilāVi.	1	NilāVi. 70. 2; {@2@} having		
MaSt.	1	MaSt. 17; CaṇḍaKau. 1. 23 (1);		
RājTas.	1	RājTas. (Ka.) 7. 726.		
LalitrāTriBh.	1	LalitrāTriBh. 350. 18		
Rāṣṭru.	1	CitraMī. 41. 8; Rāṣṭru. 7. 30; 8. 12;		
DharmePra.	1	DharmePra. 15. 18;		
PuraNā.	1	ŚabdaRa.(Vā.) 2288; , ŚabdaRa.(Vā.) 2288; PuraNā. 2070;		
MīnāPañ.	1	MīnāPañ. 4;		
PrakraKau.	1	; CāndraVṛ. i. 4. 113; KāśiVṛ. i. 3. 58; PrakraKau. ii.		
RāNīRa.	1	RāNīRa. 52. 11.		
ŚiśaVa.	1	ŚiśaVa. 19. 30 ( comm.		
SamārāSū.	1	YogVā. i. 10. 33; iii. 2. 16; SamārāSū. 51. 1;		
RājNīRā.	1	RājNīRā. 54. 15.		
MavastuAva.	1	MavastuAva. ii. 212. 17		
KāvyālaṃSāSaṃ.	1	KāvyālaṃSāSaṃ. 6. 7(*8); NānārthāSaṃ.		
PrabaCm.	1	PrabaCm. 69. 17;		
BhāktiRaSi.	1	BhāktiRaSi. iii. 1. 12.		
Sāv.	1	8. 2 (Sāv.		
PāriHa.	1	Vi. 27. 6; PāriHa. 35 (3); MudriKu.		
HeituBiṬ.	1	iii. 2. 8); HeituBiṬ.		
JavāS.	1	4. 11; BrahmāṇḍP. iii. 11. 29; JavāS. 13. 100;		
KātānVṛ.	1	KātānVṛ. iii. 1. 18;		
Prasāi.	1	Prasāi. i. 310. 4; GaṇRa. 1. 13 (29);		
PrakriKan.	1	( 2. 133); PrakriKan. ii. 82. 3;		
BhaikṣāKā.	1	184. 21; BhaikṣāKā. 23. 8;		
ŚivaLi.	1	ŚivaLi. 19. 20;		
GopāioTāU.	1	GopāioTāU. 1. 3 (Vaiṣṇavopa-		
NāṇārthSaṃ.	1	AnekāSa. 788; AnekāSaṃ. 7. 31; NāṇārthSaṃ. 55. 33; AnekāK. 990;		
ŚāṅknāGS.	1	instructed ŚāṅknāGS. i. 12. 3; KauṣīGS.		
NṛṣiṃhoTāU.	1	NṛṣiṃhoTāU. 2.		
RaturCūKa.	1	PañcRāRa. 114. 6; RaturCūKa. 482;		
BhaViP.	1	BhaViP. 418A. 14 (iii(1). 3. 30)		
MaghDū.	1	MaghDū. *7.		
ĪśāṅŚiPa.	1	ĪśāṅŚiPa. ii. 17. 99.		
Pre.	1	¦ (anutapyate-tarām) [ of Pre. pass.		
BhārtṛNi.	1	DigVi.(Mā.) 14. 140; BhārtṛNi.		
SudarU.	1	SudarU.		
MayuāMāli.	1	MayuāMāli. 112. 4 (		
ManuvaVi.	1	194. 25; ManuvaVi. 664. 10 ( 5. 112)		
VatāP.	1	VatāP. 8. 45; ViṣṇuDhaP. i. 49. 24; BṛNāraP. 6. 7		
Rādhā.	1	LalitāSa. 161; {@ii@} one of the epithets of Rādhā.		
DaśvāC.	1	DaśvāC. 9. 8;		
AlaṅkāPa.	1	AlaṅkāPa. 32. 47.		
Gurvī.	1	Gurvī. 212.		
Ucchvāsa.	1	Ucchvāsa. 4,8. 11)		
KhāṇḍanKhā.	1	KhāṇḍanKhā. 253. 15;		
PādārthaTaNi.	1	PādārthaTaNi.		
SāhiŚā.	1	DaśRū. 4. 10; BhāvPra.(Śā.) 15. 23 (1); SāhiŚā. 5. 18;		
KāvyaS.	1	5. 28; KāvyaS. 58B. 8;		
SūktiRā.	1	Rāmā. ii. 61. 20; SūktiRā. 41. 5;		
VāSū.	1	VāSū. 38; YājñaŚi. 1; TaiPrāti. 1. 39; VājaPrāti		
CāndraVaŚū.	1	P. i. 2. 30; CāndraVaŚū. 45; ŚaiśiŚi. 127; KauhaŚi. 4;		
CaturĀ.	1	VājaPrāti. 4. 49; CaturĀ.(Śan.) 1. 15;		
DvyaśyaKā.	1	DvyaśyaKā. 16. 44;		
Naiṣkasi.	1	Naiṣkasi. 172. 7.		
KūmāPraPra.	1	DeC.(So.) 19. 28; KūmāPraPra. 58. 16;		
RaghnVa.	1	RaghnVa. 2. 72 (comm. );		
ŚivārkamaDī.	1	ŚivārkamaDī. i. 103. 17		
SiddhāLaSaṃ.	1	SiddhāLaSaṃ.		
Yādāvā.	1	Yādāvā. 13. 38;		
MāhāP.	1	12. 67; 16. 25; MāhāP. 18. 194;		
PrayāRaMā.	1	{@2@} thinking, meditation PrayāRaMā. 1073; cf.		
ŚṛīKaC.	1	ŚṛīKaC. 2. 58;		
BreahmP.	1	MārkP. 6. 11; BreahmP. 178. 31;		
Prādi.	1	Prādi. i. 61A. 11 ( i. 1. 0); {@ii@} which comes i		
DhūrtaiSaṃ.	1	suaded DhūrtaiSaṃ. 28. 16;		
Saṃyuktāgama.	1	Saṃyuktāgama. i. 3. 1 (572. 13) [to train,		
PāñcT.	1	Tantrākhyā. 125. 25; PāñcT. 4. 6 (377. 11);		
Kāpphiṇā.	1	Kāpphiṇā. 4. 12.		
PañcBR.	1	PañcBR. xx. 14. 5; absence of dependence		
KaṇḍanKhā.	1	KaṇḍanKhā. 1144. 21.		
ManuBha.	1	ManuBha. i. 273. 19 ( 3. 144); {@2B@} not fit		
LanCandr.	1	LanCandr. 364. 27.		
StayMā.	1	StayMā.		
Gaṇra.	1	, Gaṇra. 5. 342 (379)] {@1A@} name of a Sāman		
Alaṅkāra.	1	Alaṅkāra. 7 (34);		
VīdaMā.	1	AṇuBh. 281. 25 ( iii. 4. 20); VīdaMā.		
VedāntSīSūMañ.	1	VedāntSīSūMañ.		
ManuBhl.	1	ManuBhl. ii. 475. 4 ( 12. 86)		
ŚautaPra.	1	5. 15; ŚautaPra. iA. 39. 5 (		
KāśyāS.	1	KāśyāS. 107B. 24.		
ŚāiśiŚi.	1	ŚāiśiŚi. 94 ( MW., APTE) a		
Kāṭhakasaṅkalana.	1	Kāṭhakasaṅkalana. 11. 3.		
ŪrdhvPuU.	1	318. 4; ŪrdhvPuU. 64. 13;		
VedāutKau.	1	VedāutKau. 59. 20 ( i. 2. 14); 216. 9 ( ii. 3. 8);		
Bhāvanāvi.	1	SphoṭSi. 84. 1; Bhāvanāvi. 109. 4;		
ŚlekaVār.	1	ŚlekaVār. 5 (11). 13 (513. 6);		
PrātyabhiVi.	1	applicable PrātyabhiVi. ii.		
MayūlMāli.	1	MayūlMāli. 844. 30 (		
ĀgaPtrā.	1	ĀgaPtrā. 5. 8; TantrRa. 287. 4;		
NyāyraMā.	1	NyāyraMā. 2. 15;		
AlanṃkāMañ.	1	74 (9); AlanṃkāMañ. 118. 17; GuruCandr.		
TāntpaṬ.	1	TāntpaṬ.(Vā.) 194. 21 ( i. 1. 5)		
BrahmSūbh.	1	BrahmSūbh.(Śaṅ.)		
Buddhac.	1	13. 40; 6. 17; Buddhac. 12. 116;		
KāṭhaUBh.	1	KāṭhaUBh. 179. 16 ( 6. 16); DevīCatu-		
VikaraDeC.	1	VikaraDeC. 17. 22; {@B@} possessed of incomparable bri-		
Śabdara.	1	rK. 1779; ViśvaPra. 114. 52; MediK. 119. 58; Śabdara.		
Ānandra.	1	Ānandra. 4. 18.		
Śāstrdī.	1	185. 17 ( 3. 33); Śāstrdī. 49. 4 ( i. 3. 10);		
ŚikṣāSā.	1	ŚikṣāSā. 155. 2		
KāṭhāS.	1	V. iii. 10. 1; KāṭhāS. 20. 10 (ii. 30. 5); KapiKaS. 31. 12 (160. 11		
ṢaḍaviBr.	1	ṢaḍaviBr.		
Hastyāvur.	1	Hastyāvur. 709. 11 (4. 36);		
TilāMañ.	1	TilāMañ. 35. 15;		
Sādhanamālā.	1	Sādhanamālā. 258. 16		
Tantrvā.	1	Tantrvā. 71. 14 ( i. 3. 1)		
Delhi.	1	Nyāyadarśana, Delhi. 1985)		
PramāVāSvonVṛ.	1	PramāVāSvonVṛ. 3. 23.		
Ms.	1	K. H. POTTER, BIBLIOGRAPHY, 1. 223 (Ms.)		
Ślokavār.	1	availability Ślokavār. 5 (5). 73		
PañcPa.	1	PañcPa.		
ĀtamaTaVi.	1	ĀtamaTaVi. 81. 7.		
ĪśvāPraSū.	1	ĪśvāPraSū. i. 7. 4;		
Lalivi.	1	Lalivi. 25. 16 (9);		
SaravaMaSaṃ.	1	SaravaMaSaṃ.		
MāVastuAva.	1	MāVastuAva. i. 134. 6;		
SikṣāSa.	1	SikṣāSa. 232. 7; 236. 13		
TarkKāu.	1	TattvCin. ii(1). 838. 3; TarkKāu. 14. 3; 13. 14;		
ŚivārkaMalā.	1	fit to be combined ŚivārkaMalā. ii. 299. 18		
Vīdā.	1	Vīdā. 121. 5.		
Madī.	1	Madī. ii. 366. 24 ( iii. 3. 45)		
Nīlavi.	1	Nīlavi. 43. 9.		
Anargharā.	1	Anargharā. 7. 51 (comm. );		
PraiVṛ.	1	PraiVṛ.(Sī.) 133. 6; ,		
BṛParāSin.	1	570. 5 (2. 17); PadmP. i. 56. 23; BṛParāSin. 6. 248;		
Śāliho.	1	Śāliho. 336.		
Kh.	1	NyāyVār. 150Kh. 3 ( i. 2. 42)		
PūraPraSaṃ.	1	{@1D@} having attained PūraPraSaṃ.		
ViviTī.	1	TaiĀ. iv. 39. 1 (558. 1); ViviTī.-		
Rāj.	1	SūBh.(Bhā.) 232. 9 ( iv. 2. 16); Rāj.		
Māhavikā.	1	Māhavikā. 5. 9 (57);		
ŚaṭBr.	1	setting up) ŚaṭBr. IV. vi. 8. 10;		
ŚāṅkāŚS.	1	4. 2; ŚāṅkāŚS. iv.		
NyāṭyaŚā.	1	NyāṭyaŚā. 32. 329 (AbhinBhā.		
ŚaṭTrayī.	1	2. 13; ŚaṭTrayī. 649; BhallaŚ.		
Mahāvī.	1	Mahāvī.-		
MahāMā.	1	MahāMā. 2. 114 (comm. );		
AhbinBhā.	1	NāṭyaŚā. 29. 59 (AhbinBhā.		
BharataK.	1	BharataK. 15B;		
NānāithaMa.	1	4. 220; ViśvaPra. 123. 106; AnekāK. 665; NānāithaMa. 1359; Viśva-		
KathāsaSāg.	1	KathāsaSāg. x. 6. 230; KathāSaSāg.		
LaŚabdeŚa.	1	LaŚabdeŚa. i. 386. 8; ii. 167. 7.		
KāmC.	1	KāmC. 2. 91.		
KeśaKaTa.	1	84. 37; MediK. 86. 41; ViśvaLoK. 183. 44; KeśaKaTa. 2. 6076; Śabda-		
DuśKuC.	1	DuśKuC. 83. 14; {@B@} to desire to realize		
PṛJābāU.	1	423. 17 (3. 1); PṛJābāU.		
TantrPaha.	1	TantrPaha. 2. 4; 3. 10;		
NyārKuA.	1	NyārKuA. ii(1). 197. 3;		
BuddbaC.	1	BuddbaC. 14. 3; DaśKuC.		
SiddāMu.	1	SiddāMu. 53. 2 ( 85);		
NavahaMā.	1	NavahaMā.(K.) 8.		
NyāyKnA.	1	NyāyKnA. i. 51. 3; {@B@} impression which results fro		
PratyabhiVl.	1	PratyabhiVl. i. 213. 1 ( i. 5. 5)		
PūrvettaVāNaMā.	1	196. 17 ( iii. 2. 23); PūrvettaVāNaMā. 78. 5;		
GaruCandr.	1	GaruCandr. i. 101. 15; LaCandr. 177. 13;		
RasGafi.	1	RasGafi. 84. 8; Bhāsk. ii. 193. 8 ( ii.		
VenāntKa.	1	VenāntKa. 53. 9 ( i. 1. 2)		
SūU.	1	SūU. 261. 20; AṇuBh. 260. 6 (		
DhārK.	1	265. 8; AnekāSaṃ. 4. 302; ViśvaPra. 167. 58; DhārK. 2540; AnekāK.		
VaīraBhā.	1	VaīraBhā. 8. 25; {@2B@} causing to perceive,		
SāvitrīU.	1	SāvitrīU.		
Ślo.	1	Ślo. 71;		
NayaMa.	1	NayaMa. 13. 28 ( 1. 2);		
HaṃSaṃ.	1	HaṃSaṃ. 53;		
ManāBhā.	1	ManāBhā. iii. 51. 8; {@3E@} to realise (one-		
ŚukaRaU.	1	ŚukaRaU. 3. 6;		
LaiitāTriBh.	1	LaiitāTriBh. 299. 9 ( 27); {@4Ai@} to occupy, i. e. to p		
NayāyMañ.	1	NayāyMañ. ii. 7. 32;		
SṛṅgāBhū.	1	SṛṅgāBhū. 16;		
ParabhāC.	1	ParabhāC. 58. 29;		
La.	1	La. 186. 5; Aparā.		
RāghuVa.	1	Bhā. iii. 24. 16; RāghuVa.		
MālaVikā.	1	MālaVikā. 1. 12.		
DaṇdaVi.	1	PurāPraSaṃ. 52. 11; 86. 7; DaṇdaVi. 318 2;		
KaṭhŚruU.	1	KaṭhŚruU. 1;		
HayaU.	1	iii. 18. 1; iii. 18. 7; HayaU. 2;		
Svarameka.	1	Svarameka. 3. 22;		
TāttvMu.	1	TāttvMu. 1. 44;		
YaktiSneha.	1	YaktiSneha. 108. 30 (		
ŚivākarMaDī.	1	ViṣṇuTaNi. 4A. 3; NyāySiA. 235. 15; ŚivākarMaDī. i. 150. 18		
BarahmSi.	1	BarahmSi. 104. 13.		
NayāySu.	1	NayāySu.(Ja.) 623A. 9 ( iv. 2. 1);		
Nyāyāṃr.	1	Nyāyāṃr. 63A. 8; SāṃkhyaPraBh. 110. 20 ( 4. 4);		
AdvraiSi.	1	AdvraiSi. 365. 9.		
ŚistrDī.	1	ŚistrDī. 24. 17 ( i. 1. 2); 62. 4		
VīraRā.	1	VīraRā. 17. 1; {@B@}		
AdiP.	1	AdiP. 19. 67;		
ViṣṇaDhaP.	1	ViṣṇaDhaP. i. 64. 5.		
BhāṭṭCar.	1	BhāṭṭCar.		
KātyU.	1	question, to object KātyU.		
AbidhKoBh.	1	22; AbidhKoBh. 123. 16 ( 3. 12);		
JMPJGM.	1	with great personalities) (v. l. JMPJGM.		
ŚṛṅgāMāñ.	1	ŚṛṅgāMāñ.(A.) 20. 7.		
Ṭīkā.	1	(v. l. Ṭīkā. BI. Ed.) NītiSā. 12. 35.		
Śiśuva.	1	BrahmāṇḍP. iii. 38. 60; HarṣaC. 260. 16; Śiśuva. 9. 7;		
RāgaPāṇ.	1	RāgaPāṇ.(Dha.) 16. 20;		
SimehāDvā.	1	SimehāDvā. 78. 0 (11);		
ŚūkraNī.	1	note ŚūkraNī.		
ĀaṅkāMañ.	1	5. 0 (3); Nāṭa. 13. 6; ĀaṅkāMañ.		
KhaṇdanKhā.	1	KhaṇdanKhā.		
SaṅkhaLiDS.	1	SaṅkhaLiDS.		
AlañkāKau.	1	AlañkāKau.(Ka.) 225. 18; AmaK. 342; AbhidhāRaMā. 1.		
MahBhāsk.	1	MahBhāsk.		
ŚṛngāPra.	1	iii. 1. 25; ŚṛngāPra. 104. 27; Mugdha Bo. 21. 17 (134. 1); Prakri		
Lalitā.	1	Lalitā. Sa Bh. 120. 23		
PāñcRaRa.	1	PāñcRaRa. 43. 17; 90. 9; ŚaṅkaVi.		
MaiAnu.	1	MaiAnu. 9		
ŚāktiVā.	1	ŚāktiVā. 120. 5.		
Hastyāur.	1	Hastyāur. 601. 2 (4. 5)		
Dakṣa.	1	) name of one of the thirteen daughters of Dakṣa.		
HeuBiṬ.	1	HeuBiṬ. 94. 26; ŚrutaPra.		
BrĀraU.	1	ŚatBr. XIV. v. 4. 12; BrĀraU. ii. 4. 12; ŚatBr. XIV. vii. 3.		
Bhaṭṭabhā.	1	TaiBr. III. ii. 8. 2 ( Bhaṭṭabhā.		
BhāṭṭBhā.	1	vii. 10. 2 (BhāṭṭBhā. ); BaudhŚS. iii. 387.		
VetaPāñ.	1	13. 8; ŚārṅgaPa. 1286; VetaPāñ.(Śi.) 39. 20;		
ParibhāṢe.	1	ParibhāṢe. 18; PariVṛ.(Nī.) 6. 5; PariVṛ.(Sī.) 17. 13;		
PadarthaSaṃ.	1	PadarthaSaṃ. 11. 12;		
AhṅbuS.	1	AhṅbuS. 16. 90; {@B@} subsequent increase or enhance		
NalāBhyu.	1	NalāBhyu. 1. 35;		
VIŚVALOK.	1	of: AmaK. 2573; NānārthaMa. 1044; VIŚVALOK. 209. 146]		
Rāmāi.	1	Rāmāi. App. I(216);		
ŚṛṅgāMaṅ.	1	ŚṛṅgāMaṅ.(Bho.) 21. 10;		
AdyāRā.	1	AdyāRā. iii. 8. 7; {@ii@} which is hearing continuou		
VIŚVALoK.	1	4397; , VIŚVALoK. 56. 57; , ŚabdaRaSaK. 67. 5]		
KATRE.	1	Dictionary of Pāṇini, KATRE.		
ĀpaŚs.	1	); 17. 19 (i. 264. 15); BaudhŚS. ii. 316. 6; ĀpaŚs. xix. 4.		
ŚāṅkhāŚs.	1	ŚāṅkhāŚs. xiv. 33. 18;		
ChadaśCū.	1	metre, ChadaśCū. 2. 73 (3)		
AītĀ.	1	ṚV. x. 124. 9 (Sāy. ); AītĀ. II. iii. 5. 3; {@1B@} sacrifice,		
KālīU.	1	25; KālīU. 403. 11; DattāU. 1; MṛtyulāU. 307. 3; RāmRaU		
ŚūryTāU.	1	213. 8; VaDuU. 426. 7; SaraRaU. 1. 4; ŚūryTāU. 55. 15 (1); SaubhāLaU.		
ṢaḍvīBr.	1	ṢaḍvīBr. ii. 1. 31; ii. 2. 12; ŚatBr. I. vii. 3.		
DrāhyŚs.	1	1. 15; x. 6. 12; DrāhyŚs. xxi. 4. 8; xxii. 1. 15; xxix. 1. 15;		
MānŚs.	1	. 19; BhārŚS. iii. 14. 2; ĀpaŚS. iii. 18. 4; MānŚs. 139.		
VārāGs.	1	VaikhāŚS. 21. 5; VārāGs. 13. 1;		
KātyŚs.	1	KātyŚs. xvii. 12. 9; {@4@} the word		
RāmUTāU.	1	RāmUTāU. 5. 20 (Ed. Adyar. 1953);		
Adyar.	1	RāmUTāU. 5. 20 (Ed. Adyar. 1953);		
VaradottaratāpanīU.	1	(472B. 8); VaradottaratāpanīU. 6 (150.		
CanturCin.	1	CanturCin. iii(2). 668. 13.		
KaṭhŚṛU.	1	v(1). 7. 2; KaṭhRuU. 7; KaṭhŚṛU. 3. 7;		
Ṭippaṇī.	1	e heart is cool, i. e. calm, MahāP. 19. 173 (Ṭippaṇī. )		
Jaimibr.	1	Jaimibr. 1. 102; {@1Bi@} to move about, to wander		
Gopbr.	1	Gopbr. ii. 2. 13 (179. 4); {@2A@} to extend over		
NāraPūTāU.	1	NāraPūTāU. 73. 15 (1)		
ParaBrahmaU.	1	ParaBrahmaU. 528.		
Pw.	1	MahāVyu. 109. 93 ( Pw. union, combination) ;		
KṛṣṇKa.	1	KṛṣṇKa. 2. 79;		
BṛhasPaSm.	1	BṛhasPaSm. 195. 3;		
NārāPaU.	1	iii. 36. 1; NārāPaU.		
YatrāPra.	1	YatrāPra. 3. 110; {@4B@} enjoying consequence )		
BhāvanāVī.	1	BhāvanāVī. 26. 1; SanatBh. 191. 11 ( 1. 6); ParāTri. 1		
PṛthVīVi.	1	PṛthVīVi. 10. 29 (comm.		
ParamāKa.	1	ParamāKa.		
AṣṭātHṛ.	1	AṣṭātHṛ. iv. 11. 50.		
ĀganiveGS.	1	BaudhPiMe. i. 10. 2; ĀganiveGS. iii. 5. 8 (147. 6)		
TārasāU.	1	TārasāU. 3. 9;		
YogaŚiU.	1	YogaŚiU. 3. 25;		
VāsudeU.	1	19; VāsudeU.		
SiddhTa.	1	5; SiddhTa. 14. 21; BhāvPra.(Śā.) 167. 6		
CāndrVaSū.	1	PāṇiŚi. 5; 22; 24; CāndrVaSū. 8; PrakriKau. i. 28. 1;		
LaMādhyaŚi.	1	PārāŚi. 32; 110; LaMādhyaŚi. 12;		
SivSū.	1	MahāBh. i. 28. 17 ( SivSū.(Gr.)5);		
Kirāta.	1	imitated Kirāta. 9. 67;		
HariVam.	1	MahāBhā. i. 59. 18; HariVam. 3. 59; 31.		
ŚākhāŚS.	1	ŚākhāŚS. v. l. l;		
DrahyŚS.	1	35. 22 (2. 9); LāṭyāŚS. i. 1. 7; DrahyŚS.		
Śaṅkarānanda.	1	ŚāṅkhāĀ. 3. 5 (12); KauṣīBrU. 1. 5 (Śaṅkarānanda.		
MaVastaAva.	1	MaVastaAva.		
SāddhaPuṇ.	1	SāddhaPuṇ. 56. 12 ; {@1B@} not lacking or deficient (i		
Surāṅganā.	1	¦ (anūparekhā) name of a heavenly damsel, Surāṅganā.,		
BhāṭṭaBhā.	1	wish) TaiBr. III. iv. 4. 1 (BhāṭṭaBhā.		
JaimiNyāMā.	1	JaimiNyāMā. 461. 7 ( ix. 3. 10)		
Kāṭhakasaṃkalana.	1	Kāṭhakasaṃkalana. 81A. 16;		
JaiMiBr.	1	JaiMiBr. 1. 103; {@3@} falsehood, un-		
CarakaBr.	1	CarakaBr. 106. 8;		
KāśyapaDS.	1	KāśyapaDS. 281. 2 (JOR. Madras. Vol. 13, 1939);		
JOR.	1	KāśyapaDS. 281. 2 (JOR. Madras. Vol. 13, 1939);		
Madras.	1	KāśyapaDS. 281. 2 (JOR. Madras. Vol. 13, 1939);		
ŚivāpaKṣaSi.	1	ŚivāpaKṣaSi. 14;		
Lalāta.	1	Lalāta. 11. 10;		
UjjvaNīMā.	1	UjjvaNīMā. 243. 4.		
TriṣŚaPuC.	1	TriṣŚaPuC. ii. 6. 332.		
KṛṣṇaPuU.	1	KṛṣṇaPuU. 217. 7; {@Bi@} non-seer (of sacred formulae)		
MahāvīSt.	1	MahāvīSt.(H.) 1. 14;		
UjjavaNīMa.	1	PratāYaBhū. 24. 12; RasāSu. 18. 11 (1. 82); UjjavaNīMa. 37. 4; ŚṛṅgāMañ.		
ChandśCū.	1	Chandonu. 8. 17 (ChandśCū.		
ŚivārkaMDī.	1	ŚivārkaMDī. i. 147. 11 ( i. 1. 3);		
NyāyMāñ.	1	NyāyMāñ. i. 43. 11; i. 383. 11; ii. 6. 2; ii.		
BSPS.	1	Nāgeśa 374. 24 ( 4. 1) (BSPS. 1917Ed.)		
ĪśopaBh.	1	ĪśopaBh. 5. 9 (		
PāṇīTaVāNaMā.	1	PāṇīTaVāNaMā. 28. 23;		
Dh.	1	(Dh.) 29.		
ŚāhiSā.	1	ous reasonings or arguments ŚāhiSā. 3. 23.		
VedāntKā.	1	VedāntKā. 310. 5 ( ii. 3. 5(? 6))		
ṚPrātī.	1	ways, variously ṚPrātī.		
AgnīP.	1	43; AgnīP.		
MīmaKau.	1	MīmaKau. iii(2). 215. 20		
ŚṛṅgāPr.	1	ŚṛṅgāPr. 128. 22.		
VaīyāBhū.	1	NyāySu.(Ja.) 137B. 3 ( i. 1. 6); VaīyāBhū.		
ṬantrVā.	1	ṬantrVā.		
KhṇḍanKhā.	1	KhṇḍanKhā. 823. 15.		
AvantīKa.	1	5. 69; AvantīKa. 77. 16; 226. 1; PadmP.		
ŚabdaPra.	1	a. 1. 3017; , TrikāŚe. ii. 4. 2; AgaNi. 56; ŚabdaPra.(Vā.)		
PauṣKS.	1	PauṣKS. 21. 18; {@B@} matchless quality or property		
MāinīT.	1	MāinīT. 3. 49; 4. 15;		
JayaChanda.	1	JayaChanda. 4. 16; 1. 4; 3. 26; Kāvyālaṅ.		
BallaC.	1	LaŚātāSm. 148 = BallaC. 77. 14;		
VedāntSa.	1	5. 22; VedāntSa.(Sa.) 33. 4;		
VaiyaSiMañ.	1	VaiyaSiMañ. 206. 5 (comm.		
TajoBiU.	1	TajoBiU. 6. 55.		
VivaPraSaiṃ.	1	VivaPraSaiṃ. 115. 17.		
BṛĀaUBhVā.	1	BṛĀaUBhVā. i. 5. 32; {@2B@} the		
VājaPrātī.	1	VājaPrātī. 3. 38		
PārśVC.	1	of the harem PārśVC. 6. 949.		
PāśuBraU.	1	PāśuBraU. 2. 3.		
PañcaSā.	1	PañcaSā. 2. 33;		
VīraMii.	1	StavMā. 287. 25; VīraMii.(Āhnika.)		
AbhihāCin.	1	1. 72; Vaija. 11. 34; AbhihāCin. 184; ŚabdaRa.(Vā.) 225; KośaKaTa. 1.		
NānārthSam.	1	AnekāSaṃ. 4. 244; , AnekāK. 494; , NānārthSam. 27. 42;		
Baudh.	1	); Baudh.Ds. ii. 7. 9; MahāNāU. 16. 2; {@2B@} (one) wh		
Ds.	1	); Baudh.Ds. ii. 7. 9; MahāNāU. 16. 2; {@2B@} (one) who d		
AuciVica.	1	24 ( 2. 10); SaraKaṇṭhā. 126. 5; AuciVica. 16 (68); SūktiiRa. 58. 7;		
SūktiiRa.	1	10); SaraKaṇṭhā. 126. 5; AuciVica. 16 (68); SūktiiRa. 58. 7;		
Vallabha.	1	RaghuVa. Add. after 9. 82 (NANDARGIKAR Ed.) (Vallabha. );		
BrahmaSū.	1	(2. 36); BrahmaSū. i. 1. 21 (VedāntKau. );		
AŚirU.	1	AŚirU. 6; ŚivārkaMaDī. i. 309. 17 ( i. 2. 1); Anna		
Yudhi.	1	1); Yudhi.Vi		
KaumuMī.	1	KaumuMī. 10.		
ĀtmaNiA.	1	ĀtmaNiA. 8;		
ŚṛṇgāSar.	1	ŚṛṇgāSar. 127;		
SadānU.	1	VajraSūU. 261. 19; ŚāṭyāU. 27; ŚivU. 7. 127; SadānU.		
MohāRāPa.	1	2. 4 (72. 20); MohāRāPa. 1. 23 (31);		
ViṣṇuPāKeSt.	1	ViṣṇuPāKeSt. 25;		
ŚāṅkhGS.	1	centre ŚāṅkhGS. i. 9. 12;		
JābāDaU.	1	JābāDaU. 4. 55;		
AneKāNā.	1	AnekāNā.(Dha.) 38; , Vaija. 257. 1; AneKāNā.		
AbhidhāC.	1	AnekāSa. 746; AbhidhāC. n. 1460; AnekāK. 616; MediK. 123. 44; ,		
ABHYANKAR.	1	ABHYANKAR.]		
KālīVīT.	1	KālīVīT. 4. 2.		
VaraṅgaC.	1	inside VaraṅgaC.		
Vācaspatya.	1	Vācaspatya.		
MaVstuAva.	1	MaVstuAva. iii. 6. 9.		
PraśnJñā.	1	PraśnJñā. 51;		
PraṇaU.	1	PraṇaU. 37. 2; (with Gen.) AV. ix. 8. 9;		
ŚāṭyāyanīyaBr.	1	JaimiBr. 1. 228; ŚāṭyāyanīyaBr. 64.		
ĀsvaŚS.	1	ĀśvaŚS. I. i. 5. 36; ĀsvaŚS. I. ii.		
JābāU.	1	JābāU.		
NlīlaVi.	1	NlīlaVi. 56. 3.		
AbhidhKobh.	1	18 (AbhidhKobh. )		
AbhidhaSa.	1	AbhidhaSa. 29. 1; MaYānaSū. 30. 2;		
ViṣṇuSaNāBh.	1	sins ViṣṇuSaNāBh. 106. 4 ( 96)		
HirŚuS.	1	ĀpaŚuS. ii. 4. 1; HirŚuS. i. 2. 1; i. 2. 4;		
ŚadbaRaSaK.	1	ŚadbaRaSaK. 285. 5; , TrikāŚe. iii. 3. 246; , Vaija.		
NīlaruU.	1	IV. ii. 8. 3; ŚatBr. VII. iv. 1. 28; NīlaruU. 299. 16 (2); VaDuU. 443. 6; 448. 14;		
Vr.	1	BṛSaṃ. 19. 20; Māṭh Vr. 28. 21 ( 16);		
AŚiU.	1	AŚiU. 1; GāyaRaU. 406. 14;		
SaṇkarKāBh.	1	SaṇkarKāBh. 44. 17 ( i. 4. 16);		
VaradapūrvatāpinīU.	1	VaradapūrvatāpinīU. 2. 3 (JACOB'S Ed. 1916);		
BaudŚS.	1	79; BaudŚS. iii. 218. 2; BhārŚS. i. 9. 1; ApaŚS. i. 9. 5		
GobhGS.	1	HirŚS. ii. 7. 30 (251. 14); GobhGS. iv. 3. 10; KauśiSū. 87. 8;		
PāKeSt.	1	PāKeSt. 25.		
Architecture.	1	Encyclopaedia of Hindu Architecture.		
KapaK.	1	AmaK. 489; KapaK. 346. 21 (comm. )		
JanaHa.	1	JanaHa. 8. 11.		
Intro.	1	ĀryāSaŚa. Intro. 44*; {@B@} gone deep inside, i. e. accumulat		
Gonāmika.	1	Gonāmika. 2. 28.		
DyāśraKā.	1	DyāśraKā. 12. 66 (comm. )		
ŚaṅkhaLīDS.	1	4. 105; ŚaṅkhaLīDS. 106; YamaSm. 32; ŚaṅkhaSm.		
SuśurS.	1	2. 50; SuśurS. vi. 39. 88		
KapikaS.	1	(ii. 73. 9); KapikaS. 35. 7 (182. 14);		
SāṅkhāGS.	1	SāṅkhāGS. iii. 13. 5; KauṣīGS. iii. 15. 5; BhārGS. 2.		
TattvaRāVār.	1	TattvaRāVār. iii. 36. 3;		
NanārthaMa.	1	106; NanārthaMa. 1543; ViśvaLoK. 294. 104; ŚabdaRaSaK. 264. 4		
ŚṛgāSar.	1	ŚṛgāSar. 81.		
NirguMāPu.	1	without NirguMāPu. 8.		
ParsthāBhe.	1	ParsthāBhe. 1. 7; 2. 4;		
VedānKau.	1	VedānKau. 278. 12 ( iii. 2. 10);		
PaghuVa.	1	state of arrogance within, i. e. suppressed, PaghuVa. 2. 7; TriṣaŚaPuC.		
TulasīU.	1	impurity TulasīU. 70. 8.		
LatitāSaBh.	1	lustre LatitāSaBh. 5.		
PūrvuttaVāNaMā.	1	PūrvuttaVāNaMā. 175. 2.		
NyāyṢu.	1	NyāyṢu.(Ja.) 295A. 12 ( ii. 1. 5);		
ViṣṇuTaNir.	1	ViṣṇuTaNir. 12A. 4.		
ParyāRa.	1	of , AmaK. 2037; ParyāRa. 1626; AbhidhāRaMā. 2. 244;		
GarbhaU.	1	GarbhaU. 5;		
ManavaMu.	1	ManavaMu. 505. 22		
SinddhaHe.	1	SinddhaHe. i. 3. 33.		
Haristu.	1	Haristu. 32;		
PaiñgU.	1	JābālaDaU. 4. 58; PaiñgU. 424. 14		
UjjvaNīma.	1	UjjvaNīma. 306. 11; {@B@} clear in thought		
ViśvoLoK.	1	ViśvoLoK. 226. 251; ŚabdaRaSaK. 249. 1; and AnekāSaṃ.		
Pṛthvī.	1	Pṛthvī. 2. 25;		
NarmāMā.	1	NarmāMā. 1. 126;		
ĀlaṅkāMañ.	1	LalitāSaBh. 19. 8 ( 53); ĀlaṅkāMañ. 200.		
GaṅjīKhe.	1	GaṅjīKhe. 21. 25;		
Vyarahāra.	1	(Vyarahāra.) 270. 4.		
PurāPraSāṃ.	1	PurāPraSāṃ. 136. 1.		
Phiṭ.	1	iddhāKau. 623A. 9 ( vi. 1. 210); 625A. 6 ( Phiṭ. 1.		
MūgdhaBo.	1	MūgdhaBo. 26. 72 (157. 22);		
NirṇasaSi.	1	NirṇasaSi. 213. 11; 216.		
PramāVāSropVṛ.	1	PramāVāSropVṛ.		
PṛatyabhiVi.	1	1. 1); PṛatyabhiVi. ii. 133. 1 ( ii. 3. 14);		
Brhajjā.	1	Brhajjā. 2. 7;		
VṛŚātāŚm.	1	VṛŚātāŚm. 19;		
ParNā.	1	VaikhāDS. iii. 1. 13; ParNā. 2599.		
VaiS.	1	VaiS. 18. 6.		
Līla.	1	Līla. 119.		
Vedāntka.	1	Vedāntka. 538. 24 ( iv. 3. 1)		
Arith.	1	SiddhāTaVi.(Śeṣavā.) 51. 4 [(in Arith.) last or greatest root (in the square),		
BrāhmSaphuSi.	1	BrāhmSaphuSi. 3. 34; 3. 37;		
DanḍaVi.	1	DanḍaVi. 177. 18 [name of a plant ( ) (the roots of w		
SūtraP.	1	SūtraP. v. 4. 87) sense ‘excellent’ PrakriKau.		
ŚāṅgaS.	1	ŚāṅgaS.		
Calcutta.	1	6; SuśruS. ii. 95. 12 (Calcutta. Ed.); SiddhYo.		
MaṇḍBrāU.	1	MaṇḍBrāU. 351. 28;		
SkanP.	1	darkness SkanP.		
ĪśvaS.	1	ĪśvaS. 4; RasiRañ.		
SamaraSū.	1	SamaraSū. ii. 92. 8 (57); ii. 111. 1 (57)		
KarthāSaSāg.	1	BṛKathāMañ. ix. 2. 921; KarthāSaSāg. xii.		
Viśvanātha.	1	31. 20 (Śukadeva ); v. 13. 9 (Viśvanātha. Śukadeva and Śrīdhara ;		
NāmaŚil.	1	RaMā. 1. 110; Vaija. 22. 63; NāmaŚil. 1762; ParaNā. 360; , RājNi.		
MahaNirvāT.	1	MahaNirvāT. 3. 95;		
BhārataPra.	1	@} having a blind guide, MahāBhā. v. 67. 14 (BhārataPra.		
MayūMūli.	1	MayūMūli. 92. 24 ( i. 4. 20)		
AlaṅkaSa.	1	AlaṅkaSa. 173. 2; Purā-		
RāmaChāSt.	1	RāmaChāSt. 59 ; ( ) becoming blind,		
Āyurvedīyaśabdakośa.	1	RasRaSa. 27. 67; Āyurvedīyaśabdakośa.		
ŚahdaraSaK.	1	AnekāSaṃ. 3. 6; ViśvaLoK. 7. 32; ŚahdaraSaK. 7. 9; {@3@} kind of game,		
ViśvLoK.	1	MediK. 4. 45; ViśvLoK.		
BṛkathāK.	1	{@1B@} (pass.) to be made blind BṛkathāK.		
YogaYā.	1	BṛSaṃ. 79. 28; YogaYā. 7. 22; 2. 22;		
PraśnoUBh.	1	PraśnoUBh. 240. 17 ( 1. 4); BṛĀraUBh.		
YoŚā.	1	YogŚā. 3. 5; YoŚā. 3. 48;		
HāriC.	1	RasRaSa. 18. 1; HāriC.(Pa.) 37;		
NaīṣkaSi.	1	NaīṣkaSi. 62. 5.		
TantVā.	1	cooking TantVā. 46. 23 (		
GāṇeP.	1	GāṇeP. ii. 55. 41;		
AppI.	1	general) (v. l. ) MahāBhā. xii. AppI. 28 (228);		
Viśiṣṭādvaitakośa.	1	¦ (anna-niyama) restriction over food, Viśiṣṭādvaitakośa.		
AnanA.	1	AnanA. 12 (colophon)		
PrayāŚaRa.	1	194. 15; AtriS. 44; PrayāŚaRa. 803;		
VedavyaSm.	1	VedavyaSm. 1. 14; CaturCin. i. 221. 19;		
ĪśānśiPa.	1	ĪśānśiPa. i. 14.		
BṛYamaSam.	1	BṛYamaSam. 3. 45; {@1Bi@} abstaining from food (as a vo		
TaiUBhaVā.	1	TaiUBhaVā. 95. 8 (2)		
VājaPrati.	1	VājaPrati. 4. 67 (comm. )		
XV.	1	AV. XV. 14. 7; 1B viii call		
Subā.	1	{@1Bxix non-manifest@} ( ) Subā. 14 {@1Bxx@}		
BrahmnSūBh.	1	BrahmnSūBh.(Śrā.) i. 209. 6 ( i. 1. 13);		
VādhuŚS.	1	VādhuŚS. iii. 4. 5;		
ManuŚm.	1	ManuŚm. 3. 82; MarkP. 29. 33; MatsyaP. 16. 4;		
ŚaṅkhaŚm.	1	ŚaṅkhaŚm. 13. 16;		
MeghuVa.	1	MeghuVa. 3. 56; 8. 44;		
VārkyaPa.	1	VārkyaPa. 2. 63;		
ŚānkhāGS.	1	xxvii. 6. 19; ŚānkhāGS.		
AhhidhK.	1	AhhidhK. 4. 92;		
SāmāViBr.	1	SāmāViBr. i. 7. 8;		
ŚṛngāTi.	1	29. 64; ŚṛngāTi.(Ru.) 1.		
SubhDha.	1	SubhDha. 1. 16; 2. 2 (2); MṛtaSaṃ. 6. 10 ( 1. 10);		
CāruCa.	1	CāruCa. 93;		
MajāBhā.	1	MajāBhā. i. 181. 18; {@(with ṛte)@}		
NānarthSaṃ.	1	(Vā.) 3375; , NānarthSaṃ. 7. 65; and they also give as the		
NānarthaMa.	1	DharK. 24; AnekāK. 16; NānarthaMa. 89; and they give as the		
ĀryaSaŚa.	1	2. 4; ĀryaSaŚa. 29; Vāgbhaṭā. 3. 11;		
BhārBhā.	1	MahāBhā. xiii. 45. 24; (BhārBhā. ) {@4A(inanimate) new@}		
Subhāṣ.	1	Subhāṣ. i. 949; {@(used as noun) rest or remaining o		
Māṇḍūśi.	1	Māṇḍūśi. 8. 7;		
SāktiMu.	1	v(3). 150. 18; SāktiMu. 2. 14; PrabaK. 39. 23; {@(used as noun) thir		
CandraVṛ.	1	CandraVṛ. ii. 1. 25; KāśiVṛ. vii. 1. 25;		
ĀPTE.	1	and ĀPTE. ); SV. I. iv(1). 1. 3; SV.(Jai.) MānGS. i.		
TriṣaŚaPaC.	1	TriṣaŚaPaC. iv. 2. 57;		
PadmPa.	1	PadmPa.(Ra.) 98. 23;		
PratāYaBh.	1	Mānaso. iv. 2. 195 (? 395); PratāYaBh. 120. 7		
ViṣnuDhaP.	1	ŚaṅkhaSm. 15. 13; ViṣnuDhaP. ii. 75. 18;		
SaṃkṣeŚa.	1	SaṃkṣeŚa. 1. 334 (i. 248. 10)		
PārāSu.	1	355. 2; PārāSu. 40. 22;		
DHBS.	1	more than two), DHBS.		
Subhāśi.	1	Subhāśi. 1237;		
AlaṅkaŚe.	1	SiddhāBi. 3. 6; AlaṅkaŚe. 22. 4		
Vāgbaṭā.	1	Vāgbaṭā. 4. 141;		
ŚābāBh.	1	ŚābāBh. 605. 9 ( ii. 3. 18);		
AmaKoU.	1	(AmaKoU. ); Jīvān. 324. 7;		
TattvParkā.	1	TattvParkā. 21B. 5 ( i. 1. 20)		
ŚukaSa.	1	; {@3C@} to make otherwise, i. e. to avoid ŚukaSa.		
TattviBi.	1	TattviBi. 9. 2;		
VaijaK.	1	give in the sense of , VaijaK. 288. 20; ŚeṣaNā. 1747;		
SamkṣeŚā.	1	SamkṣeŚā. 2. 174		
SāṃkhyPraSū.	1	SāṃkhyPraSū. 5. 114;		
SāṃkhyaPaBh.	1	SāṃkhyaPaBh.		
TatttvSaṃ.	1	TatttvSaṃ. 1368;		
PramāVārBh.	1	PramāVārBh. 7. 27.		
DaśRu.	1	Cam. ii. 162. 1 (comm. ); DaśRu. 1. 41;		
KhaṇḍaKhā.	1	KhaṇḍaKhā.		
PuraPraSaṃ.	1	Pañcā. 211. 24; PuraPraSaṃ. 4. 6;		
NyāyaKu.	1	(U.) 47. 12 ( 2. 43); TarkSaṃ.(Ā.) 21. 22; NyāyaKu. 18. 3;		
ViviTiKa.	1	ViviTiKa. 61.		
JabālaDaU.	1	50; JabālaDaU.		
TanrVā.	1	TanrVā. 788. 12 ( iii.		
BhāttCan.	1	BhāttCan. 89. 19; ( xv. 3. 7);		
Nyāymṛ.	1	Nyāymṛ. 219B. 6 ( 1. 24);		
KāṭhaŚSSaṃkalana.	1	KāṭhaŚSSaṃkalana. 5. 3; {@1Aii@} another,		
VāsiS.	1	16; VāsiS. 32. 111;		
NyayMa.	1	ViṣṇuSaBh. 24. 3 ( 10); NyayMa. 336. 1;		
BāLaKrī.	1	BāLaKrī. i. 17. 15 ( 1. 7); ,		
RasPraSū.	1	RasPraSū. 1. 100.		
PāncaRā.	1	PāncaRā.(Nā.) i. 2. 26; {@2B@} another quadrant (of a circ		
Saṃskāram.	1	(Saṃskāram.) 129. 3; {@1B@} ({@used as noun@}) (woman) w		
TattvPraka.	1	different context TattvPraka. 26A. 7		
ĀryāSaSa.	1	ĀryāSaSa. 24.		
VedāntSiSūMaṅ.	1	VedāntSiSūMaṅ. 2. 59; {@2C@} mutual absence or difference		
PraSūBh.	1	PraSūBh. 84. 31 ( 2. 34); BṛĀraUBhVā.		
ViddhiRa.	1	ViddhiRa. 7 (36. 19);		
NāmMāli.	1	NāmMāli. 345; Vaija. 84. 13.		
VyuptaVā.	1	root VyuptaVā. 123. 7.		
YogaVā.	1	YogaVā. ii. 17. 35.		
NṛSiṃṢaCaU.	1	NṛSiṃṢaCaU. 85. 13.		
Vāda.	1	Bṛha. 217. 9 ( i. 1. 5); Vāda.		
PiṇḍabrahmāṇḍaU.	1	¦ (anyānanda) PiṇḍabrahmāṇḍaU. 6. 20, VIŚVA.		
SaḍdarSa.	1	PramāVār. 1. 36; TattvSaṃ. 1823; SaḍdarSa.(Rā.) 173;		
AlaṅkāKāu.	1	AlaṅkāKāu.(Vi.) 415. 23.		
SevyaSe.	1	SevyaSe. 48;		
NyāyVar.	1	NyāyVar. 334. 8 ( ii. 2. 67); Khaṇḍan-		
BhktiRaSi.	1	BhktiRaSi. i. 1. 11 (comm.		
Kāvyyānu.	1	316. 8 ( v. 12. 1); Kāvyyānu.(He.)		
VairāŚa.	1	254A. 10 (i. 171. 14); VairāŚa.		
VedantKau.	1	VedāntPāSau. VedantKau.		
Laśabdese.	1	Laśabdese. i. 222. 9; {@2@} having one meaning		
KandaCu.	1	KandaCu. iii. 1. 12.		
AitBṛ.	1	AitBṛ. 13. 13 (386); {@2A@} stepmother's son, stepb		
TripuMāPūst.	1	TripuMāPūst.(Śaṅ.) 198. 40;		
BṛKathāKa.	1	BṛKathāKa. 127. 154.		
BṛYamaŚm.	1	AtriS. 22. 279; AṅgiSm. 43; BṛYamaŚm. 3. 65; ParāSm. 7. 11; VṛŚātāSm. 20;		
Bṛhjjā.	1	Bṛhjjā. 4. 13;		
ĀryāŚaŚa.	1	ĀryāŚaŚa. 29;		
VetaPañ.	1	VetaPañ.(Jam.) 28. 12;		
Trimśi.	1	Trimśi. 18.		
TattvMū.	1	TattvMū. 5. 131		
HarśaC.	1	HarśaC. 117. 5.		
BrahmāSūBh.	1	BrahmāSūBh.(Rā.).		
RājaNīRa.	1	RājaNīRa.		
YogaSūVṛ.	1	YogaSūVṛ.		
MīmāKaū.	1	MīmāKaū. i. 57. 7 ( i. 3. 9)		
JaineVr.	1	JaineVr. 17. 14 ( i. 1. 74);		
DnāhyŚS.	1	DnāhyŚS. x. 4. 7 (comm. ); {@8horizontally straight@		
DvīrūK.	1	DvīrūK.(Ha.) 22; NānārthāSaṃ. ii. 11. 2; ŚabdaRa.(Vā.) 23		
PramāVāSwpVṛ.	1	ŚābaBh. 1966. 1 ( x. 5. 54); PramāVāSwpVṛ. 106. 4;		
BāṭṭCin.	1	BāṭṭCin. i. 138. 2 ( i. 1. 7);		
VatāU.	1	MahāU. 4. 76; VatāU. 2. 63;		
ArthaSaṃ.	1	ArthaSaṃ. 59. 6; MīmāNyāPra. 217. 15;		
Citramī.	1	LaCandr. 379. 38; Citramī.		
VedāntPāri.	1	VedāntPāri. 194. 2;		
Mīmākau.	1	PratāYaBhū. 343. 6; Mīmākau. i. 223. 9 ( i. 4. 8)		
BaudhSS.	1	BaudhSS. ii. 165. 2;		
ŚāṇkhāGS.	1	ŚāṇkhāGS. ii. 5. 1; ĀśvaGS. ii. 5. 1;		
XX.	1	AV. XX. 15. 2; ṚV. x. 27. 17;		
MānaSa.	1	MānaSa. iii. 15. 1638;		
CūKa.	1	CūKa. 487; HammīMaKā. 4. 160;		
Refl.	1	. 9; {@2C@} to inherit, cf. {@ @} {@2B; 3@} (Refl.) to become known		
SiddhānKau.	1	5; KāśiVṛ. P. i. 4. 73; Prasā. i. 519. 16; SiddhānKau. 182A. 3 (		
VaitāŚū.	1	VaitāŚū. 1. 12;		
TāiS.	1	TāiS. VI. iii. 8. 2; ŚatBr.		
HitPiMe.	1	HitPiMe. ii. 8. 3; {@2@} having caused to hold on		
ŚāṅŚS.	1	1. 7 (4. 2); ŚāṅŚS. xvii. 16. 2; {@3@} ( ) to lead into, to ente		
ŚaḍviBr.	1	ŚaḍviBr. i. 5. 8; ŚatBr. XII.		
KāṭhŚrU.	1	KāṭhŚrU. 1. 1		
Lib.	1	(Adyar Lib. Edition); SaṃnyāU. i. 1. 1;		
SiddhāhāSi.	1	SiddhāhāSi. ii. 162. 20.		
Yādava.	1	āṭhGS. iii. 1. 42. BhārGS. 1. 17 (17. 6-10); Yādava. 13. 90;		
YukyiKa.	1	50. 25 (2. 29); YukyiKa. 14. 4;		
TantRaha.	1	PrakaPañ. 389. 8; TantRaha. 31. 6.		
RāgPāṇ.	1	Mānaso. iii. 12. 1298; RāgPāṇ.(Ka.) 13. 1;		
BṛkathāthāMañ.	1	JayaMa. 210. 2 ( 3. 3); BṛkathāthāMañ. ii. 1. 111;		
BhāṭṭCaṇ.	1	BhāṭṭCaṇ. xiv. 2. 2;		
VārSvopVṛ.	1	VārSvopVṛ. 73. 8; YaśasCam.		
TriśaŚaPuC.	1	TriśaŚaPuC. iv. 7. 147;		
SṃṛtiCan.	1	investigated SṃṛtiCan. iii. 57. 5;		
GoRR.	1	Rāmā. v. 91. 20 (GoRR.);		
PañcaBṛU.	1	(9); MuktiU. 2. 6; PañcaBṛU.		
PratyaBhiVi.	1	PratyaBhiVi. i. 202. 5 (		
JoytiVe.	1	JyotiVe. 8; JoytiVe. 24;		
MaitrU.	1	MaitrU. 451. 1(6);		
PrayāMu.	1	AnekāK. 717; PrayāMu. 23. 230; NānārthaMa. 1493; ŚabdaRaSaK. 251.		
ŚāṅkhāBr.	1	ŚāṅkhāBr. 25. 1 (111. 23);		
YātrāPrā.	1	YātrāPrā. 3. 216;		
Mahimn.	1	SaundL. 35; BhavāBhu. 12; Mahimn. 26; SaraKaṇṭhā. 527. 20;		
Vāija.	1	Vāija. 274. 18; MadaPāNi. 50. 2; BhāvPraNi.		
Prakrikau.	1	1441; Prakrikau. ii. 402. 4; while preceding the root and		
CaturJistu.	1	CaturJistu. 70 (comm.		
Katre.	1	(apa-kukṣi) a bad or ill-shaped belly, MW; Katre.		
TattavCin.	1	TattavCin.		
BrahmāḍP.	1	117. 28; ix. 2. 58; BrahmāḍP. ii. 24. 29;		
UdaysuKa.	1	UdaysuKa. 70. 18; BrahmP. 139. 8;		
JñānaDī.	1	MahāBhā. ii. 39. 7 (JñānaDī.		
Iv.	1	(K.) II. i. 3. 8; II. iv. 4. 3; Iv. iv. 1. 11; TaiS. VI. i. 4. 1; VI.		
ItihāsU.	1	ItihāsU. 10. 18;		
Brāhmaṇas.	1	Lost Brāhmaṇas. 43. 20;		
Bham.	1	back to earlier context Bham. 274. 13		
TriṣaSaPuC.	1	TriṣaSaPuC.		
NṛSimhoTāU.	1	NṛSimhoTāU. 6;		
ĀandMaSt.	1	ĀandMaSt. 72;		
ViṣamaŚlo.	1	ViṣamaŚlo. MahāBhā.		
BhavasantāraṇaU.	1	28; YogYā. 2. 33; BhavasantāraṇaU. 5. 13; SiṃhāDvā. 84. 2;		
ŚiVLī.	1	ŚiVLī. 4. 6; (pass.) to be waned, to be decreased,		
Vedavyāsm.	1	Vedavyāsm. 1. 28; {@3@} thrown away, thrown down		
LaKṣaṇā.	1	NyāyKa. 291. 19; LaKṣaṇā.		
ŚārṇgaPa.	1	ŚārṇgaPa. 3720; Sabhāṣi. 2168.		
Sabhāṣi.	1	ŚārṇgaPa. 3720; Sabhāṣi. 2168.		
JñātāDhaT.	1	JñātāDhaT. 5A. 3;		
BhartṛNir.	1	BhartṛNir. 4. 6.		
UdaySuka.	1	UdaySuka. 128. 9.		
ŚārṅgāPa.	1	ŚārṅgāPa.		
Śañ.	1	(Śañ.) 407. 5 ( ii. 2. 35);		
BramaSūBh.	1	BramaSūBh.(Śaṇ.) 581. 15 ( iii. 2. 10);		
ChābdoUBh.	1	(Śaṅ.) 239. 5 ( i. 4. 6); ChābdoUBh. 520. 2 (		
Dvirūk.	1	(Pu.) 3. 2; ŚabdaBhePra.(Ma.) 1. 5; Dvirūk.(Ha.) 5; ŚabdaRa.(Su.) 4. 100;		
GitGo.	1	GitGo. vii. 15. 5;		
LāṭŚS.	1	LāṭŚS. iv. 2. 7; DrāhyāŚS. xi. 2. 8;		
SidhāKau.	1	. 30); Kātan. iv. 5. 60; Prasā. ii. 658. 13; SidhāKau. 573A. 16 (		
Xi.	1	ŚatBr. Xi. v. 5. 1;		
Bhāmivi.	1	RasGaṅ. 670. 12; Bhāmivi. 1. 65.		
Nītipra.	1	Nītipra. 6. 69. {@1B@} free from mud, i. e. clear		
Kalāvi.	1	Kalāvi. 6. 22.		
ViṣṅuDhaP.	1	(2. 34); ViṣṅuDhaP. ii. 73. 178;		
ŚaṅkhLDS.	1	ŚaṅkhLDS. 461; ParāSm. 11. 46 (comm.		
ŚaṅkhLiSm.	1	] ParāSm. 11. 50; ŚaṅkhLiSm. 14; Aparā. 1177. 9 ( 3. 289);		
KāṭhŚSSaṅkalana.	1	KāṭhŚSSaṅkalana. 29. 15;		
ŚaṅkhaliDS.	1	ŚaṅkhaliDS. 12;		
