siglum	count	class	match_type	dcs_title	display_title
MahāBhā.	9337	primary	covered	Mahābhārata	Mahābhārata
A.	6451	structural			
B.	6275	structural			
P.	4517	structural			
ṚV.	4088	primary	covered	Ṛgveda	Ṛgveda
I.	3874	structural			
PadmP.	3506	primary	residue		Padmapurāṇa
SkandP.	3335	primary	covered	Skandapurāṇa	Skandapurāṇa
EI.	3281	secondary			Epigraphia Indica (epigraphy journal)
VīraMi.	3274	primary	residue		
BrahmSūBh.	3204	primary	residue		
Rāmā.	3157	primary	covered	Rāmāyaṇa	Rāmāyaṇa
AV.	3001	primary	covered	Atharvaveda (Śaunaka)	Atharvaveda (Śaunaka)
ŚatBr.	2945	primary	covered	Śatapathabrāhmaṇa	Śatapathabrāhmaṇa
ManuBh.	2890	primary	residue		
NyāySu.	2581	primary	covered	Nyāyasūtra	Nyāyasūtra
TantrVā.	2384	primary	residue		
ŚivārkaMaDī.	2365	primary	residue		
ŚrutaPra.	2318	primary	residue		
BhāgP.	2137	primary	covered	Bhāgavatapurāṇa	Bhāgavatapurāṇa
MayūMāli.	1963	primary	residue		
Ed.	1944	structural			
MahāBh.	1934	primary	residue		Mahābhāṣya (Patañjali)
KāśiVṛ.	1888	primary	covered	Kāśikāvṛtti	Kāśikāvṛtti
MīmāKau.	1878	primary	residue		
BrahmāṇḍP.	1857	primary	residue		Brahmāṇḍapurāṇa
RājTa.	1840	primary	residue		Rājataraṅgiṇī
TātpaṬ.	1836	primary	residue		
BṛĀraUBhVā.	1805	primary	residue		
TilaMañ.	1771	primary	residue		
BālamBha.	1741	primary	residue		
CaraS.	1730	primary	covered	Carakasaṃhitā	Carakasaṃhitā
NyāyMañ.	1730	primary	residue		
II.	1718	structural			
KathāSaSāg.	1715	primary	covered	Kathāsaritsāgara	Kathāsaritsāgara
YaśasCam.	1691	primary	residue		
TriṣaŚaPuC.	1578	primary	residue		
SmṛtiCan.	1570	primary	residue		
TaiS.	1559	primary	covered	Taittirīyasaṃhitā	Taittirīyasaṃhitā
ĀpaŚS.	1559	primary	covered	Āpastambaśrautasūtra	Āpastambaśrautasūtra
BhaviP.	1558	primary	residue		Bhaviṣyapurāṇa
AṣṭāSaṃ.	1515	primary	covered	Aṣṭāṅgasaṃgraha	Aṣṭāṅgasaṃgraha
BhāṭṭDī.	1470	primary	residue		
YogVā.	1396	primary	residue		
Kāśi.	1380	primary	covered	Kāśikāvṛtti	Kāśikāvṛtti
KośaKaTa.	1379	primary	residue		
ŚāstrDī.	1375	primary	residue		
CaturCin.	1363	primary	residue		
Prasā.	1333	primary	residue		Prasāda (grammatical comm.)
ŚābaBh.	1329	primary	covered	Mīmāṃsāsūtrabhāṣya	Mīmāṃsāsūtrabhāṣya
Bhām.	1323	primary	residue		
LaCandr.	1322	primary	residue		
SaraKaṇṭhā.	1317	primary	residue		
KāṭhS.	1296	primary	covered	Kāṭhakasaṃhitā	Kāṭhakasaṃhitā
ĪśānŚiPa.	1293	primary	residue		
GuruCandr.	1293	primary	residue		
MaiS.	1283	primary	covered	Maitrāyaṇīsaṃhitā	Maitrāyaṇīsaṃhitā
RāmC.	1265	primary	residue		
BrahmP.	1249	primary	residue		Brahmapurāṇa
LaŚabdeŚe.	1239	primary	residue		
ViṣṇuP.	1235	primary	covered	Viṣṇupurāṇa	Viṣṇupurāṇa
III.	1217	structural			
App.	1205	structural			
JaimiBr.	1203	primary	covered	Jaiminīyabrāhmaṇa	Jaiminīyabrāhmaṇa
Aparā.	1200	primary	residue		
VedāntKa.	1196	primary	residue		
HarVi.	1195	primary	residue		
ŚivaP.	1190	primary	covered	Śivapurāṇa	Śivapurāṇa
VājaS.	1189	primary	covered	Vājasaneyisaṃhitā (Mādhyandina)	Vājasaneyisaṃhitā (Mādhyandina)
Subhāṣi.	1172	primary	residue		
PāṇḍaC.	1168	primary	residue		
MatsyaP.	1158	primary	covered	Matsyapurāṇa	Matsyapurāṇa
Vaija.	1155	primary	residue		Vaijayantī (kośa)
JaineVyā.	1154	primary	residue		
SuśruS.	1141	primary	covered	Suśrutasaṃhitā	Suśrutasaṃhitā
AgniP.	1136	primary	covered	Agnipurāṇa	Agnipurāṇa
Pradī.	1132	primary	residue		
Nyāyāmṛ.	1128	primary	residue		
TattvPrakā.	1119	primary	residue		
ŚatDū.	1106	primary	residue		
NyāyRa.	1087	primary	residue		
AdvaiSi.	1086	primary	residue		
ArthŚā.	1077	primary	covered	Arthaśāstra	Arthaśāstra
ManvaVi.	1068	primary	residue		
GītāBh.	1066	primary	residue		
RasGaṅ.	1062	primary	residue		
BaudhŚS.	1034	primary	covered	Baudhāyanaśrautasūtra	Baudhāyanaśrautasūtra
ManvaMu.	1022	primary	residue		
AbhinBhā.	1019	primary	residue		
MārkP.	1014	primary	residue		Mārkaṇḍeyapurāṇa
BālaKrī.	1005	primary	residue		
ŚabdaRa.	1000	primary	residue		
BhāvPra.	988	primary	covered	Bhāvaprakāśa	Bhāvaprakāśa
AṇuBh.	975	primary	residue		
AvantiKa.	964	primary	residue		
VāyuP.	961	primary	residue		Vāyupurāṇa
PāraS.	950	primary	residue		
SiddhāKau.	943	primary	residue		
DvyāśraKā.	930	primary	residue		
Yādavā.	928	primary	residue		
HarṣaC.	927	primary	covered	Harṣacarita	Harṣacarita
Hastyāyur.	925	primary	residue		
ManuSm.	923	primary	covered	Manusmṛti	Manusmṛti
ŚiśuVa.	916	primary	residue		Śiśupālavadha (Māgha)
GaṇeP.	915	primary	residue		Gaṇeśapurāṇa
ViṣṇuDhaP.	912	primary	residue		Viṣṇudharmottarapurāṇa
IṣṭaSi.	912	primary	residue		
PrakaVi.	905	primary	residue		
UdaySuKa.	903	primary	residue		
TattvCin.	902	primary	residue		
KalpaK.	892	primary	residue		
BṛĀraUBh.	891	primary	residue		Bṛhadāraṇyakopaniṣadbhāṣya (Śaṅkara)
ŚlokaVār.	891	primary	residue		
Kād.	884	primary	residue		Kādambarī (Bāṇa)
NyāyVār.	876	primary	residue		
ŚārṅgaPa.	875	primary	residue		
NyāyMāVi.	871	primary	residue		
Nyās.	854	primary	residue		
TaiBr.	846	primary	covered	Taittirīyabrāhmaṇa	Taittirīyabrāhmaṇa
PañcT.	846	primary	residue		Pañcatantra
IV.	825	structural			
HirŚS.	814	primary	covered	Hiraṇyakeśiśrautasūtra	Hiraṇyakeśiśrautasūtra
JayaMa.	810	primary	residue		
MahāP.	809	primary	residue		
Vār.	798	primary	residue		Vārttika (Kātyāyana, on Pāṇini)
PrakaPañ.	788	primary	residue		
PadMañ.	784	primary	residue		
Kāvyānu.	779	primary	residue		
LiṅgaP.	778	primary	covered	Liṅgapurāṇa	Liṅgapurāṇa
Mitā.	774	primary	residue		
NyāyPari.	768	primary	residue		
TattvPradī.	765	primary	residue		
NānārthāSaṃ.	762	primary	residue		Nānārthasaṃgraha (kośa)
DaśKuC.	760	primary	covered	Daśakumāracarita	Daśakumāracarita
SāhiDa.	757	primary	residue		Sāhityadarpaṇa
AmaK.	755	primary	covered	Amarakośa	Amarakośa
PrabhāC.	754	primary	residue		
PārśvC.	753	primary	residue		
DevīBhāP.	751	primary	residue		Devībhāgavatapurāṇa
NyāyKa.	748	primary	residue		
PauṣkS.	733	primary	residue		
MānŚS.	729	primary	covered	Mānavaśrautasūtra	Mānavaśrautasūtra
AbhidhāCin.	722	primary	covered	Abhidhānacintāmaṇi	Abhidhānacintāmaṇi
NāṭyaŚā.	716	primary	covered	Nāṭyaśāstra	Nāṭyaśāstra
TattvSaṃ.	703	primary	residue		
V.	702	structural			
Bhāsk.	696	primary	residue		
NaiṣC.	694	primary	residue		Naiṣadhīyacarita
Kiraṇā.	681	primary	residue		
ŚrīKaC.	674	primary	residue		
ĀśvaŚS.	669	primary	covered	Āśvālāyanaśrautasūtra	Āśvālāyanaśrautasūtra
PrakriKau.	667	primary	residue		
Mānaso.	660	primary	residue		
HariVaṃ.	651	primary	covered	Harivaṃśa	Harivaṃśa
SaduktiKa.	647	primary	residue		
Loc.	646	structural			
Upask.	644	primary	residue		
RāghPāṇ.	641	primary	residue		
MediK.	640	primary	residue		Medinīkośa
SetuBa.	639	primary	residue		
ŚaṅkaDigVi.	633	primary	residue		
KhaṇḍanKhā.	632	primary	residue		
AitBr.	631	primary	covered	Aitareyabrāhmaṇa	Aitareyabrāhmaṇa
TarkSaṃ.	627	primary	covered	Tarkasaṃgraha	Tarkasaṃgraha
AnekāSaṃ.	626	primary	residue		Anekārthasaṃgraha (kośa)
VedāntKau.	624	primary	residue		
JayāS.	618	primary	residue		
RaghuVa.	616	primary	residue		Raghuvaṃśa (Kālidāsa)
VivaPraSaṃ.	609	primary	residue		
BṛSaṃ.	596	primary	residue		Bṛhatsaṃhitā (Varāhamihira)
NalaCam.	586	primary	residue		
NyāyKu.	586	primary	residue		
ChāndoUBh.	583	primary	residue		Chāndogyopaniṣadbhāṣya (Śaṅkara)
AṣṭāHṛ.	582	primary	covered	Aṣṭāṅgahṛdayasaṃhitā	Aṣṭāṅgahṛdayasaṃhitā
SūktiRa.	579	primary	residue		
VI.	579	structural			
SiddhaHe.	577	primary	residue		
ŚabdaRaSaK.	577	primary	residue		
AdhyāRā.	576	primary	residue		
PariPar.	570	primary	residue		
KāśyaS.	566	primary	residue		Kāśyapasaṃhitā
YuktiSneha.	564	primary	residue		
KapiKaS.	564	primary	residue		
YātrāPra.	558	primary	residue		
ViśvaLoK.	558	primary	residue		
KāmSū.	558	primary	covered	Kāmasūtra	Kāmasūtra
SamarāSū.	557	primary	residue		
MW.	557	secondary			Monier-Williams, Skt-Eng Dictionary
TaiĀ.	556	primary	covered	Taittirīyāraṇyaka	Taittirīyāraṇyaka
SiddhāTaVi.	556	primary	residue		
NyāyKuA.	554	primary	residue		
KalyāKā.	550	primary	residue		
BṛKathāŚloSaṃ.	546	primary	covered	Bṛhatkathāślokasaṃgraha	Bṛhatkathāślokasaṃgraha
Rāgh.	546	primary	residue		
ViśvaPra.	545	primary	residue		Viśvaprakāśa (kośa)
AhirbuS.	543	primary	residue		
NyāyRaMā.	543	primary	residue		
BrahmVaiP.	543	primary	residue		Brahmavaivartapurāṇa
Sāy.	542	primary	residue		
KātyŚS.	542	primary	covered	Kātyāyanaśrautasūtra	Kātyāyanaśrautasūtra
Gr.	541	structural			
LakṣmīT.	539	primary	residue		
ParaNā.	533	primary	residue		
SamarāSaṃ.	530	primary	residue		
SarvaDaSaṃ.	529	primary	covered	Sarvadarśanasaṃgraha	Sarvadarśanasaṃgraha
SyādvāMañ.	524	primary	residue		
SubhāRaK.	521	primary	residue		
PañcBr.	520	primary	covered	Pañcaviṃśabrāhmaṇa	Pañcaviṃśabrāhmaṇa
LalitāSaBh.	518	primary	residue		
RāmāMañ.	518	primary	residue		
KūrmaP.	512	primary	covered	Kūrmapurāṇa	Kūrmapurāṇa
BhāṭṭCin.	512	primary	residue		
Kirātā.	505	primary	covered	Kirātārjunīya	Kirātārjunīya
BṛKathāMañ.	504	primary	residue		
ŚākaṭāVyā.	502	primary	residue		
VaiyāBhū.	502	primary	residue		
SaṃgīRa.	496	primary	residue		
AnuVyā.	495	primary	residue		
VāmaP.	493	primary	residue		Vāmanapurāṇa
KauṣīBr.	490	primary	covered	Kauṣītakibrāhmaṇa	Kauṣītakibrāhmaṇa
PratyabhiVi.	486	primary	residue		
NayaVi.	484	primary	residue		
GoviBh.	483	primary	residue		
VarāP.	483	primary	covered	Varāhapurāṇa	Varāhapurāṇa
NyāySiA.	481	primary	residue		
NīlaVi.	481	primary	residue		
Pañcā.	480	primary	residue		
Bhā.	479	structural			
KāvyPra.	478	primary	residue		Kāvyaprakāśa (Mammaṭa)
Nir.	475	primary	covered	Nirukta	Nirukta
SaṃkṣeŚā.	475	primary	residue		
VarāṅgaC.	467	primary	residue		
NavaSāC.	459	primary	residue		
TantrRā.	456	primary	residue		
TattvVai.	453	primary	covered	Tattvavaiśāradī	Tattvavaiśāradī
VasiS.	453	primary	residue		
NyāyVārPari.	451	primary	residue		
ŚāṅkhāŚS.	448	primary	covered	Śāṅkhāyanaśrautasūtra	Śāṅkhāyanaśrautasūtra
MalliC.	447	primary	residue		
MugdhaBo.	445	primary	residue		
SarvaDaKau.	443	primary	residue		
CāndraVyā.	442	primary	residue		
VidhiRa.	439	primary	residue		
ŚukraNī.	438	primary	residue		
CāndraVṛ.	435	primary	residue		
BṛParāSm.	434	primary	residue		Bṛhatparāśarasmṛti
Tantrākhyā.	433	primary	covered	Tantrākhyāyikā	Tantrākhyāyikā
Śaṅ.	432	primary	residue		
SiddhYo.	430	primary	residue		
MahāvīC.	429	primary	residue		Mahāvīracarita
Hitopa.	429	primary	covered	Hitopadeśa	Hitopadeśa
VyaktiVi.	427	primary	residue		
MīmāSū.	421	primary	residue		
VII.	420	structural			
PariVṛ.	419	primary	residue		
SūktiMu.	417	primary	residue		
LāṭyāŚS.	417	primary	residue		Lāṭyāyanaśrautasūtra
SāṃkhyaPraBh.	416	primary	residue		
BṛKathāK.	416	primary	residue		
GopBr.	415	primary	covered	Gopathabrāhmaṇa	Gopathabrāhmaṇa
TantrRa.	414	primary	residue		
AbhidhāRaMā.	414	primary	residue		Abhidhānaratnamālā (Halāyudha)
ParamāKā.	414	primary	residue		
ŚatTrayī.	406	primary	covered	Śatakatraya	Śatakatraya
DaṇḍaVi.	406	primary	residue		
Saṃ.	404	structural			
ŚilpaRa.	404	primary	residue		
BrahmSi.	403	primary	residue		
BṛDharmaP.	398	primary	residue		
ŚivLī.	397	primary	residue		
GaṇRa.	395	primary	residue		
Saund.	393	primary	covered	Saundarānanda	Saundarānanda
NyāyBh.	393	primary	covered	Nyāyabhāṣya	Nyāyabhāṣya
ViṣṇuSm.	392	primary	covered	Viṣṇusmṛti	Viṣṇusmṛti
PrabaCin.	390	primary	residue		
TārkiRa.	389	primary	residue		
VedāntDī.	388	primary	residue		
Kāvyālaṅ.	387	primary	covered	Kāvyālaṃkāra	Kāvyālaṃkāra
Ā.	387	structural			
SaurP.	384	primary	residue		
Vā.	381	structural			
DīpKa.	378	primary	residue		
AVPari.	378	primary	residue		
Kapphiṇā.	377	primary	residue		
RugVi.	377	primary	residue		
KandaCū.	375	primary	residue		
RasāSu.	375	primary	residue		
ṬupṬ.	374	primary	residue		
PūrvottaVāNaMā.	374	primary	residue		
BhārŚS.	373	primary	covered	Bhāradvājaśrautasūtra	Bhāradvājaśrautasūtra
Bh.	370	structural			
KātanVṛ.	367	primary	residue		
DharK.	366	primary	residue		
TantrRaha.	366	primary	residue		
SiddhāLeSaṃ.	366	primary	residue		
XIV.	366	structural			
HetuBiṬ.	366	primary	residue		
BhelaS.	365	primary	residue		
ŚaṅkaVi.	361	primary	residue		
MaYānaSū.	360	primary	residue		
RāmāCam.	359	primary	residue		
BaudhDS.	358	primary	covered	Baudhāyanadharmasūtra	Baudhāyanadharmasūtra
VaikhāŚS.	357	primary	covered	Vaikhānasaśrautasūtra	Vaikhānasaśrautasūtra
SaṅkarKāBh.	356	primary	residue		
BṛBrahmaS.	353	primary	residue		
Subodhi.	347	primary	residue		
VikraDeC.	345	primary	residue		
Ekāva.	344	primary	residue		
Nārāy.	344	primary	residue		
RasRaSa.	343	primary	covered	Rasaratnasamuccaya	Rasaratnasamuccaya
KulārT.	343	primary	residue		
ParaS.	343	primary	residue		
PratāYaBhū.	342	primary	residue		
SthānṬ.	342	primary	residue		
NītiVā.	342	primary	residue		
BṛNāraP.	341	primary	residue		
Kuval.	341	primary	residue		
ĀtmaTaVi.	341	primary	residue		
YājñaSm.	340	primary	covered	Yājñavalkyasmṛti	Yājñavalkyasmṛti
TattvMu.	340	primary	residue		
VedāntSā.	338	primary	residue		
PañcaRā.	337	primary	residue		
PañcPā.	336	primary	residue		
AnarghaRā.	336	primary	residue		
NītiSā.	334	primary	residue		
NyāyMa.	333	primary	residue		
ĀnandRa.	331	primary	residue		
Ra.	331	structural			
Śāk.	329	primary	residue		
Bhaṭṭi.	329	primary	residue		
HammīMaKā.	328	primary	residue		
AnekāK.	328	primary	residue		
PramāMī.	326	primary	residue		
VakroJī.	323	primary	residue		
BuddhaC.	320	primary	covered	Buddhacarita	Buddhacarita
AitĀ.	316	primary	covered	Aitareya-Āraṇyaka	Aitareya-Āraṇyaka
TrikāŚe.	314	primary	covered	Trikāṇḍaśeṣa	Trikāṇḍaśeṣa
Sphuṭā.	314	primary	residue		
YudhiVi.	308	primary	residue		
PurāPraSaṃ.	306	primary	residue		
PramāVāSvopVṛ.	306	primary	residue		
Ka.	304	structural			
ĀdiP.	304	primary	residue		
Surath.	303	primary	residue		
NirṇaSi.	302	primary	residue		
VyutpaVā.	302	primary	residue		
KauśiSū.	301	primary	covered	Kauśikasūtra	Kauśikasūtra
YuktiKa.	301	primary	residue		
DaśāvaC.	301	primary	residue		
MānaSā.	300	primary	residue		
StavMā.	300	primary	residue		
PadyaVe.	296	primary	residue		
ŚāraTi.	296	primary	residue		
TarkBhā.	294	primary	residue		
AbhidhKoBh.	293	primary	covered	Abhidharmakośabhāṣya	Abhidharmakośabhāṣya
MānaMe.	293	primary	residue		
AlaṅkāRa.	293	primary	residue		
KumāSaṃ.	292	primary	covered	Kumārasaṃbhava	Kumārasaṃbhava
U.	287	structural			
VasaViKā.	286	primary	residue		
Vi.	284	structural			
HārīS.	283	primary	residue		
Mañ.	283	structural			
PārāSū.	282	primary	residue		
AlaṅkāMañ.	282	primary	residue		
UttaRāC.	281	primary	residue		Uttararāmacarita
PṛthvīVi.	279	primary	residue		
BhāṭṭCan.	279	primary	residue		
PañcDa.	278	primary	residue		
NidāSū.	277	primary	residue		
MaVastuAva.	277	primary	residue		
Raghunā.	271	primary	residue		
MṛgendraT.	270	primary	covered	Mṛgendratantra	Mṛgendratantra
RājNi.	268	primary	covered	Rājanighaṇṭu	Rājanighaṇṭu
TaiUBhāVā.	267	primary	residue		
PramāVār.	264	primary	residue		
SV.	263	primary	residue		Sāmaveda(saṃhitā)
AlaṅkāSa.	261	primary	residue		
TaiUBh.	260	primary	residue		
TattvBi.	260	primary	residue		
HārLa.	258	primary	residue		
VāsaDa.	255	primary	residue		
JānaPa.	255	primary	residue		
TātpaVṛ.	255	primary	residue		
TantrSa.	252	primary	residue		
Kau.	249	structural			
Acyutarā.	249	primary	residue		
ParāTri.	247	primary	residue		
ChāndoU.	247	primary	covered	Chāndogyopaniṣad	Chāndogyopaniṣad
CaitaCa.	247	primary	residue		
MudrāRā.	247	primary	residue		Mudrārākṣasa
NityoNi.	244	primary	residue		
NāraS.	242	primary	residue		
KuṭṭaMa.	242	primary	residue		
BṛĀraU.	241	primary	covered	Bṛhadāraṇyakopaniṣad	Bṛhadāraṇyakopaniṣad
NaiṣkaSi.	241	primary	residue		
GopāKeCan.	241	primary	residue		
PrabaK.	241	primary	residue		
ŚārṅgaS.	240	primary	covered	Śārṅgadharasaṃhitā	Śārṅgadharasaṃhitā
Pra.	240	structural			
BhojanKu.	239	primary	residue		
JīvanVi.	238	primary	residue		
SiddhāSi.	237	primary	residue		
KathāK.	237	primary	residue		
SubhāRaSaṃ.	237	primary	residue		
GautDS.	235	primary	covered	Gautamadharmasūtra	Gautamadharmasūtra
MālaMā.	234	primary	residue		
Bṛha.	234	structural			
JānaHa.	233	primary	residue		
KāvyKaVṛ.	232	primary	residue		
SiṃhāDvā.	229	primary	residue		
MahNirvāT.	228	primary	residue		
ŚāliC.	228	primary	residue		
ĀpaDS.	227	primary	covered	Āpastambadharmasūtra	Āpastambadharmasūtra
VākyaPa.	227	primary	residue		
NītiMā.	226	primary	residue		
Śarka.	226	primary	residue		
Rā.	224	structural			
AnekāSa.	224	primary	residue		
VedāntRaMañ.	222	primary	residue		
ĀtmaSi.	222	primary	residue		
PW.	221	secondary			Böhtlingk-Roth, Petersburger Wörterbuch (grosses)
UjjvaNīMa.	220	primary	residue		
AśvaVai.	219	primary	residue		
ĀgniveGS.	219	primary	residue		
NānārthaMa.	218	primary	residue		
Liṅgānu.	218	primary	residue		
SarvaVeSāSaṃ.	217	primary	residue		
Rāvaṇā.	216	primary	residue		
PadārthaSaṃ.	215	primary	residue		
SiddhāTa.	215	primary	residue		
ĀgaPrā.	215	primary	residue		
DrāhyŚS.	215	primary	covered	Drāhyāyaṇaśrautasūtra	Drāhyāyaṇaśrautasūtra
AnekāTi.	213	primary	residue		
YogŚā.	213	primary	residue		
VākyaP.	211	primary	residue		
PrasaRā.	211	primary	residue		
Kāvyāda.	211	primary	covered	Kāvyādarśa	Kāvyādarśa
VeṇīSaṃ.	209	primary	residue		Veṇīsaṃhāra
BṛhaspaSm.	206	primary	residue		
MahāN.	206	primary	residue		
VārāŚS.	206	primary	covered	Vārāhaśrautasūtra	Vārāhaśrautasūtra
BhagGī.	205	primary	residue		
VetāPañ.	205	primary	covered	Vetālapañcaviṃśatikā	Vetālapañcaviṃśatikā
MālinīT.	204	primary	residue		
ṚPrāti.	201	primary	residue		
Kātan.	201	primary	residue		
JātaMā.	201	primary	residue		
PuruṣPa.	201	primary	residue		
MayaMa.	200	primary	residue		
Ja.	200	structural			
GaṇPā.	199	primary	residue		
KāvyMī.	198	primary	residue		
Jīvān.	195	primary	residue		
NānārthSaṃ.	195	primary	residue		
X.	195	structural			
ŚṛṅgāMañ.	194	primary	residue		
KaṃVa.	192	primary	residue		
AdbhuDa.	192	primary	residue		
LaliVi.	192	primary	covered	Lalitavistara	Lalitavistara
RaseCin.	191	primary	residue		
SiddhāBi.	190	primary	residue		
NāṭaLaRaK.	190	primary	residue		
SāhiSā.	190	primary	residue		
RasSa.	189	primary	residue		
YogBh.	189	primary	covered	Yogasūtrabhāṣya	Yogasūtrabhāṣya
VṛGautaSm.	189	primary	residue		
JaimiUBr.	188	primary	covered	Jaiminīya-Upaniṣad-Brāhmaṇa	Jaiminīya-Upaniṣad-Brāhmaṇa
ŚāṅkhāĀ.	187	primary	covered	Śāṅkhāyanāraṇyaka	Śāṅkhāyanāraṇyaka
KumāPraPra.	186	primary	residue		
PāñcRāRa.	184	primary	residue		
BrāhmSphuSi.	183	primary	residue		
SiddhāMu.	183	primary	residue		
NyāyVi.	182	primary	residue		
CitraMī.	182	primary	residue		
DhātuPra.	180	primary	residue		
Vādā.	179	primary	residue		
Nalābhyu.	179	primary	residue		
RājMār.	178	primary	residue		
ParyāRaMā.	177	primary	residue		
MīmāNyāPra.	177	primary	residue		
KāvyālaṅSū.	174	primary	residue		
KāṭhUBh.	174	primary	residue		
XIII.	174	structural			
TristhaSe.	173	primary	residue		
NayaMañ.	171	primary	residue		
VIII.	171	structural			
TantrSā.	170	primary	residue		
SāmaraU.	170	primary	residue		
Gaṅgāva.	168	primary	residue		
BaudhGS.	168	primary	covered	Baudhāyanagṛhyasūtra	Baudhāyanagṛhyasūtra
VāsiDS.	168	primary	covered	Vasiṣṭhadharmasūtra	Vasiṣṭhadharmasūtra
AlaṅkāŚe.	166	primary	residue		
LalitāTriBh.	166	primary	residue		
AbhidhK.	166	primary	covered	Abhidharmakośa	Abhidharmakośa
VedāntPāSau.	165	primary	residue		
PraboCan.	165	primary	residue		
VādhūŚS.	164	primary	residue		
SūBh.	163	primary	residue		
YatīndraDī.	163	primary	residue		
GobhiGS.	163	primary	covered	Gobhilagṛhyasūtra	Gobhilagṛhyasūtra
GaṇḍVyū.	162	primary	residue		
NīlaP.	161	primary	residue		
YogYā.	161	primary	residue		
Mṛcch.	161	primary	residue		Mṛcchakaṭika
NāmMā.	160	primary	residue		
ŚāṅkhāGS.	159	primary	covered	Śāṅkhāyanagṛhyasūtra	Śāṅkhāyanagṛhyasūtra
BrahmSū.	158	primary	residue		
Mā.	158	structural			
SphoṭSi.	158	primary	residue		
KauṣīGS.	158	primary	covered	Kauṣītakagṛhyasūtra	Kauṣītakagṛhyasūtra
AlaṅkāKau.	158	primary	residue		
VaikhāGS.	155	primary	covered	Vaikhānasagṛhyasūtra	Vaikhānasagṛhyasūtra
NaraP.	154	primary	residue		
Cin.	154	structural			
RatiRaha.	154	primary	residue		
MāṭhVṛ.	153	primary	residue		
VīraBhā.	153	primary	residue		
ViveCū.	153	primary	residue		
BhaktiRaSi.	153	primary	residue		
AmṛUda.	153	primary	residue		
ŚivDṛ.	153	primary	residue		
ChandaśCū.	153	primary	residue		
MaDī.	153	primary	residue		
Bṛhajjā.	152	primary	residue		
ParāSm.	152	primary	covered	Parāśaradharmasaṃhitā	Parāśaradharmasaṃhitā
ĀryāSaŚa.	152	primary	residue		
SāṃkhyaTaKau.	152	primary	covered	Sāṃkhyatattvakaumudī	Sāṃkhyatattvakaumudī
GaṇiSāSaṃ.	151	primary	residue		
XI.	151	structural			
IX.	150	structural			
VedāntPari.	149	primary	residue		
SarvaSiSaṃ.	149	primary	residue		
BhārBhāDī.	149	primary	residue		
UpaParā.	148	primary	residue		
Candr.	147	primary	residue		
Saṃskāra.	146	primary	residue		
ŚvetāUBh.	146	primary	residue		
AgaNi.	146	primary	residue		
ŚaktiVā.	144	primary	residue		
Vidvanmo.	143	primary	residue		
AbhidhāMañ.	143	primary	residue		
ParyāMu.	142	primary	residue		
NyāySū.	142	primary	covered	Nyāyasūtra	Nyāyasūtra
Mukundā.	141	primary	residue		
Acc.	140	structural			
MahāVyu.	140	primary	residue		
BālRā.	140	primary	residue		
VedāSaṃ.	139	primary	residue		
ĀśvaGS.	139	primary	covered	Āśvalāyanagṛhyasūtra	Āśvalāyanagṛhyasūtra
SanatBh.	139	primary	residue		
BhāvanāVi.	139	primary	residue		
KalkiP.	138	primary	residue		
Vṛ.	138	structural			
BallāC.	137	primary	residue		
GītGo.	137	primary	covered	Gītagovinda	Gītagovinda
KaumuMi.	137	primary	residue		
ParyāŚaRa.	135	primary	residue		
MātaLī.	135	primary	residue		
GiMs.	134	primary	residue		
He.	132	structural			
Cam.	132	structural			
K.	132	structural			
JātaPā.	131	primary	residue		
BhikṣāKā.	131	primary	residue		
VyavaNi.	130	primary	residue		
ŚrīBh.	129	primary	residue		
APTE.	128	secondary			Apte, Skt-Eng Dictionary
SubhaDha.	127	primary	residue		
MānGS.	127	primary	covered	Mānavagṛhyasūtra	Mānavagṛhyasūtra
ṢaḍviBr.	126	primary	covered	Ṣaḍviṃśabrāhmaṇa	Ṣaḍviṃśabrāhmaṇa
BhārGS.	126	primary	covered	Bhāradvājagṛhyasūtra	Bhāradvājagṛhyasūtra
VIŚVA.	126	secondary			Vishva Bandhu, Vaidika-Padānukrama-Koṣa (Vedic Word Concordance)
Divyāva.	126	primary	covered	Divyāvadāna	Divyāvadāna
MaiU.	125	primary	residue		
PādaTā.	125	primary	residue		
GobhiSm.	125	primary	residue		
Golā.	124	primary	residue		
Vikramo.	124	primary	residue		Vikramorvaśīya
DEBRU.	124	secondary			Debrunner (Altindische Grammatik)
XII.	124	structural			
Sārā.	123	structural			
HirGS.	123	primary	covered	Hiraṇyakeśigṛhyasūtra	Hiraṇyakeśigṛhyasūtra
Tantrābhi.	122	primary	residue		
SarvaMaSaṃ.	122	primary	residue		
PramāVāBh.	122	primary	residue		
PāṇiTaVāNaMā.	122	primary	residue		
TaiPrāti.	121	primary	residue		
SamaMā.	121	primary	residue		
AltGr.	121	secondary			Wackernagel-Debrunner, Altindische Grammatik
Nalo.	120	primary	residue		
Rasā.	120	primary	residue		
Dhvanyā.	118	primary	residue		Dhvanyāloka (Ānandavardhana)
ŚS.	118	primary	residue		
DBHS.	118	secondary			modern reference (secondary)
AdbhuSāg.	117	primary	residue		
DarpDa.	117	primary	residue		
VājaPrāti.	116	primary	residue		
ĀryaSi.	116	primary	residue		
AupaSūṬ.	116	primary	residue		
KātySm.	116	primary	covered	Kātyāyanasmṛti	Kātyāyanasmṛti
KṛṣṇaKa.	116	primary	residue		
MūkaPañ.	116	primary	residue		
UpadeSā.	116	primary	residue		
Ma.	115	structural			
VasaTi.	115	primary	residue		
LaghvāśvaSm.	115	primary	residue		
BṛDe.	114	primary	residue		
Śā.	114	structural			
BodhiBhū.	114	primary	residue		
BhojPra.	114	primary	residue		
VaiyāSiMañ.	114	primary	residue		
ĀścaCū.	113	primary	residue		
Su.	113	structural			
PāraGS.	113	primary	covered	Pāraskaragṛhyasūtra	Pāraskaragṛhyasūtra
ViviTīKa.	112	primary	residue		
SūrySi.	111	primary	covered	Sūryasiddhānta	Sūryasiddhānta
NemiNir.	111	primary	residue		
ŚṛṅgāTi.	111	primary	residue		
Abl.	111	structural			
DaśRū.	111	primary	residue		Daśarūpaka
AitUBh.	110	primary	residue		
PadyāTa.	109	primary	residue		
KundaMā.	109	primary	residue		
PañcRā.	108	primary	residue		
VaitāSū.	108	primary	covered	Vaitānasūtra	Vaitānasūtra
ViṣṇuSaBh.	107	primary	residue		
PraboSu.	107	primary	residue		
MohaRāPa.	107	primary	residue		
Stotrā.	107	primary	residue		
PramāMā.	106	primary	residue		
Avimā.	106	primary	residue		
Dī.	105	structural			
AnaṅgaRa.	105	primary	residue		
Nāgā.	105	structural			
MadhuVi.	105	primary	residue		
BaudhPiMe.	105	primary	residue		
PraśnaUBh.	105	primary	residue		
NāraSm.	104	primary	covered	Nāradasmṛti	Nāradasmṛti
SāṃkhyaKāBh.	104	primary	covered	Sāṃkhyakārikābhāṣya	Sāṃkhyakārikābhāṣya
Sm.	104	structural			
GrahaGa.	103	primary	residue		
KāṭhGS.	103	primary	covered	Kāṭhakagṛhyasūtra	Kāṭhakagṛhyasūtra
Prati.	103	structural			
TāpaVa.	103	primary	residue		
DhanvNi.	102	primary	covered	Dhanvantarinighaṇṭu	Dhanvantarinighaṇṭu
AbhidhSa.	102	primary	residue		
N.	102	structural			
Jain.	101	primary	residue		
Gen.	101	structural			
BhedaDhi.	101	primary	residue		
SaddhaPuṇ.	101	primary	covered	Saddharmapuṇḍarīkasūtra	Saddharmapuṇḍarīkasūtra
YogSā.	100	primary	residue		
ParaśuKS.	100	primary	residue		
SāmaViBr.	100	primary	covered	Sāmavidhānabrāhmaṇa	Sāmavidhānabrāhmaṇa
HammīMaMa.	99	primary	residue		
Kā.	99	structural			
F.	98	structural			
Vāgbhaṭā.	97	primary	residue		
Mālavikā.	97	primary	residue		Mālavikāgnimitra
SāṃkhyaPraSū.	97	primary	residue		
JaimiGS.	97	primary	covered	Jaiminigṛhyasūtra	Jaiminigṛhyasūtra
Manmatho.	96	primary	residue		
Cpd.	96	secondary			Compendium of Philosophy (Buddhist, secondary)
TarkKau.	96	primary	residue		
ŚivSū.	95	primary	residue		
KalāVi.	95	primary	residue		
SātvaT.	95	primary	residue		
DhūrtaViSaṃ.	95	primary	residue		
TripāMaNāU.	95	primary	residue		
NāmaMāli.	94	primary	residue		
ŚatŚlo.	94	primary	residue		
JinaŚ.	94	primary	residue		
Uṇā.	93	primary	residue		
Vyā.	93	primary	residue		
KathāKau.	93	primary	residue		
ŚṛṅgāSar.	93	primary	residue		
MahāU.	93	primary	residue		
BhārCam.	93	primary	residue		
Māli.	91	primary	residue		
BhāmiVi.	91	primary	residue		
Candrā.	91	primary	residue		
AtriS.	91	primary	residue		
Āhnika.	91	primary	residue		
MaBhāsk.	90	primary	residue		
NāraŚi.	90	primary	residue		
Sū.	89	structural			
TājiNī.	88	primary	residue		
Can.	88	structural			
MeghDū.	88	primary	covered	Meghadūta	Meghadūta
MuṇḍUBh.	88	primary	residue		
Pari.	88	structural			
KumāDeC.	88	primary	residue		
Kaṇṭhā.	87	primary	residue		
ŚivS.	87	primary	residue		
HariVi.	87	primary	residue		
KenUBh.	87	primary	residue		
ViṣṇuTaNi.	86	primary	residue		
Dha.	86	structural			
ŚvetāU.	86	primary	covered	Śvetāśvataropaniṣad	Śvetāśvataropaniṣad
ŚikṣāSa.	86	primary	residue		
ŚaṅkhaSm.	86	primary	residue		
JñātāDhaṬ.	86	primary	residue		
NyāySā.	86	primary	residue		
Gurvā.	86	primary	residue		
Līlā.	85	primary	residue		
AuciViCa.	85	primary	residue		
MudriKu.	85	primary	residue		
SaṅkarKā.	85	primary	residue		
ŚṛṅgāPra.	84	primary	residue		
LaṅkāSū.	84	primary	residue		
VidaMuMa.	83	primary	residue		
GrahaLā.	83	primary	residue		
VaikhāDS.	83	primary	residue		
ŚaṅkhaLiDS.	83	primary	residue		
ArthSaṃ.	82	primary	residue		
VijñāŚ.	82	primary	residue		
AmaŚ.	81	primary	residue		
Avalo.	81	primary	residue		
RasTa.	81	primary	residue		
NītiPra.	80	primary	residue		
NityāṢoḍa.	80	primary	residue		
YājñaŚi.	80	primary	residue		
Mu.	79	primary	residue		
MadaPāNi.	79	primary	residue		
NāraPaU.	79	primary	residue		
PadmPrā.	79	primary	residue		
Rāṣṭrau.	78	primary	residue		
PratiYau.	78	primary	residue		
Ratnā.	77	primary	residue		
HaṃsDū.	77	primary	residue		
JñānBiPra.	77	primary	residue		
VāstuVi.	76	primary	residue		
AnnaU.	76	primary	residue		
MayūSaṃ.	76	primary	residue		
ApūNā.	75	primary	residue		
Pa.	75	primary	residue		
KāṭhU.	75	primary	residue		
VārāGS.	74	primary	residue		
RājNīRa.	74	primary	residue		
Sambandha.	74	primary	residue		
SaptaPa.	74	primary	residue		
Br.	73	primary	residue		
VidaMā.	73	primary	residue		
TattvSaṃPañ.	72	primary	residue		
MAYR.	71	secondary			Mayrhofer, Etymol. Wörterbuch des Altindoarischen
DevīPañ.	71	primary	residue		
CāṇaNīDa.	71	primary	residue		
KīcaVa.	71	primary	residue		
ĀpaGS.	71	primary	residue		
NemiC.	71	primary	residue		
PañcSi.	70	primary	residue		
ĪśvaPraSū.	70	primary	residue		
RaMā.	69	primary	residue		
PratyabhiHṛ.	69	primary	residue		
Bha.	69	primary	residue		
VṛHārīSm.	69	primary	residue		
RatnaCūKa.	69	primary	residue		
MāṇḍūŚi.	68	primary	residue		
CaṇḍaKau.	68	primary	residue		
RasPraSu.	68	primary	residue		
Tarkāmṛ.	68	primary	residue		
AbhinDa.	67	primary	residue		
TattvSa.	67	primary	residue		
Vyavahāra.	66	primary	residue		
DhātuKā.	66	primary	residue		
PañcPra.	66	primary	residue		
VaiśeSū.	66	primary	residue		
MantrBr.	66	primary	residue		
MṛtaSaṃ.	65	primary	residue		
PuC.	65	primary	residue		
DharmoPra.	65	primary	residue		
MadaKeC.	65	primary	residue		
Buddh.	65	primary	residue		
Prakā.	64	primary	residue		
SaSāg.	64	primary	residue		
IśānŚiPa.	64	primary	residue		
SūryaŚ.	64	primary	residue		
Si.	64	primary	residue		
AbhisaAlaṅĀ.	63	primary	residue		
AbhisaAlaṅ.	63	primary	residue		
Abhiṣe.	63	primary	residue		
ŚabdaBhePra.	62	primary	residue		
VedāntSiSūMañ.	62	primary	residue		
NāgaSa.	62	primary	residue		
YogSū.	62	primary	residue		
Ci.	62	primary	residue		
UBh.	62	primary	residue		
Śrī.	62	primary	residue		
ĀrṣeBr.	61	primary	residue		
RauhiC.	61	primary	residue		
Mi.	61	primary	residue		
Pañ.	61	primary	residue		
DhātuPā.	60	primary	residue		
UnmaRā.	60	primary	residue		
Bharaṭ.	60	primary	residue		
Sāg.	60	primary	residue		
Ta.	60	primary	residue		
UBhVā.	60	primary	residue		
CaturJiStu.	60	primary	residue		
Jānāśra.	60	primary	residue		
NemiDū.	59	primary	residue		
BhāvPraNi.	59	primary	residue		
SamyaKau.	59	primary	residue		
PārvPa.	59	primary	residue		
CampaŚreKa.	59	primary	residue		
DakṣaSm.	59	primary	residue		
TaiU.	59	primary	residue		
VedāntTaSā.	58	primary	residue		
VibhraVi.	58	primary	residue		
CitraPaC.	58	primary	residue		
KīrtiKau.	58	primary	residue		
JaineVṛ.	58	primary	residue		
HariC.	57	primary	residue		
BhallaŚ.	57	primary	residue		
VedavyāSm.	57	primary	residue		
VyavaMa.	56	primary	residue		
KālīViT.	56	primary	residue		
PārthPa.	55	primary	residue		
SūktiSu.	55	primary	residue		
PañcSā.	55	primary	residue		
ĪśvaSi.	55	primary	residue		
TripuḌi.	54	primary	residue		
BālBhā.	54	primary	residue		
ViddhaŚā.	54	primary	residue		
AśvaCi.	54	primary	residue		
BhāṣāVṛ.	54	primary	residue		
ŚṛṅgāDī.	54	primary	residue		
Chandonu.	53	primary	residue		
VairāŚ.	53	primary	residue		
KumāCaSaṃ.	53	primary	residue		
Khā.	53	primary	residue		
KenUVāBh.	53	primary	residue		
ŚaktiSaṃT.	53	primary	residue		
DrāhyGS.	53	primary	residue		
Va.	52	primary	residue		
Inst.	52	primary	residue		
HorāSā.	52	primary	residue		
KaumuMa.	52	primary	residue		
TīrthaKa.	52	primary	residue		
GauḍKā.	52	primary	residue		
SamudraMa.	52	primary	residue		
ŚivU.	52	primary	residue		
NighŚe.	51	primary	residue		
BālC.	51	primary	residue		
TaiUBhVā.	51	primary	residue		
TejoBiU.	50	primary	residue		
MaṇiKa.	50	primary	residue		
Sa.	49	primary	residue		
ViraMi.	49	primary	residue		
CaturA.	49	primary	residue		
BhartṛNi.	49	primary	residue		
SindūPra.	49	primary	residue		
ŚṛṅgāBhū.	49	primary	residue		
HirPiMe.	49	primary	residue		
RasMañ.	49	primary	residue		
ŚaPuC.	49	primary	residue		
Nṛtyā.	48	primary	residue		
ṚtuSaṃ.	48	primary	residue		
DhaP.	48	primary	residue		
GS.	48	primary	residue		
Da.	48	primary	residue		
Rājanīti.	47	primary	residue		
LalitāSa.	47	primary	residue		
ŚukrNī.	46	primary	residue		
CaṇḍīŚ.	46	primary	residue		
KaraṇaKu.	46	primary	residue		
RasiRañ.	46	primary	residue		
Bārhas.	46	primary	residue		
JñānDī.	46	primary	residue		
KarmaNi.	45	primary	residue		
BaudhŚuS.	45	primary	residue		
ṢaḍdarSa.	45	primary	residue		
APrāti.	45	primary	residue		
NyāyBiṬ.	45	primary	residue		
MuṇḍaU.	45	primary	residue		
NarmaMā.	45	primary	residue		
TaVi.	44	primary	residue		
Astrol.	44	primary	residue		
VasiSm.	44	primary	residue		
Hāsyārṇa.	44	primary	residue		
VāNaMā.	44	primary	residue		
PramāSaṃ.	44	primary	residue		
ŚāntiŚ.	44	primary	residue		
UttaKuC.	44	primary	residue		
Nā.	43	primary	residue		
PavaDū.	43	primary	residue		
ĪśopBh.	43	primary	residue		
CāndrVṛ.	43	primary	residue		
Nigh.	43	primary	residue		
HaṭPra.	43	primary	residue		
PāñcaRā.	42	primary	residue		
Paribhāṣā.	42	primary	residue		
AṅgiSm.	42	primary	residue		
Ru.	41	primary	residue		
VaiP.	41	primary	residue		
So.	41	primary	residue		
TripuMāPūSt.	41	primary	residue		
PraśnaU.	41	primary	residue		
MāVi.	41	primary	residue		
PārāŚi.	41	primary	residue		
Śe.	41	primary	residue		
VarāU.	41	primary	residue		
Ubhayābhi.	41	primary	residue		
PañcTaPra.	41	primary	residue		
JainaL.	41	primary	residue		
AlaṅkāCin.	40	primary	residue		
ChandoMa.	40	primary	residue		
PrasthāBhe.	40	primary	residue		
AparoAnu.	40	primary	residue		
KaTa.	40	primary	residue		
CaitaCan.	40	primary	residue		
SuvṛTi.	40	primary	residue		
Dhūrtā.	39	primary	residue		
KāvyālaṅSāSaṃ.	39	primary	residue		
NṛtyaK.	39	primary	residue		
MahāVīSt.	39	primary	residue		
NṛsiṃhoTāU.	38	primary	residue		
SāṃkhyaTaPra.	38	primary	residue		
KulaCūT.	38	primary	residue		
LaṭaMe.	38	primary	residue		
BṛSarvaAnu.	38	primary	residue		
LaJāta.	37	primary	residue		
DevīŚ.	37	primary	residue		
Add.	37	structural			
ParamāSā.	37	primary	residue		
Laghīya.	37	primary	residue		
SundaŚ.	37	primary	residue		
MādhavāĀ.	37	primary	residue		
VasiDS.	37	primary	residue		
BhāṣāPa.	37	primary	residue		
ŚivāL.	37	primary	residue		
DhanvaNi.	37	primary	residue		
BhaṭṭaBhā.	37	primary	residue		
ĀpaManPāṭha.	36	primary	residue		
BṛBrahmS.	36	primary	residue		
NṛttaRa.	36	primary	residue		
BhVā.	36	primary	residue		
ŚloSaṃ.	36	primary	residue		
KaviKaṇṭhā.	36	primary	residue		
AnekāNā.	36	primary	residue		
Mugdhopa.	36	primary	residue		
C.	36	structural			
GautPiMe.	36	primary	residue		
PāṇiŚi.	36	primary	residue		
PraSaṃ.	36	primary	residue		
Ḍamaru.	36	primary	residue		
Kṣudra.	36	primary	residue		
Hārāva.	35	primary	residue		
Bhū.	35	primary	residue		
SāṃkhyaKā.	35	primary	residue		
SaundL.	35	primary	residue		
KaliViḍ.	35	primary	residue		
DvirūK.	35	primary	residue		
PriyDa.	35	primary	residue		
NāṭyaDa.	35	primary	residue		
NyāyBi.	35	primary	residue		
AOR.	35	primary	residue		
DigVi.	34	primary	residue		
AṣṭāNi.	34	primary	residue		
NānārthaRaMā.	34	primary	residue		
KarṇaSu.	34	primary	residue		
Deśopa.	34	primary	residue		
Sā.	34	primary	residue		
JayaChand.	34	primary	residue		
SvapnVā.	34	primary	residue		
YogŚiU.	34	primary	residue		
JaimiUpaSū.	33	primary	residue		
ŚabdaKaDru.	33	primary	residue		
RaK.	33	primary	residue		
DhātuVṛ.	33	primary	residue		
MattaVi.	33	primary	residue		
RukmiHa.	33	primary	residue		
ĀpaSm.	33	primary	residue		
BhagAjju.	33	primary	residue		
LaŚātāSm.	33	primary	residue		
NāmŚil.	33	primary	residue		
MuṇḍaUBh.	33	primary	residue		
UpadeŚ.	33	primary	residue		
VarivaRaha.	33	primary	residue		
BhāP.	33	primary	residue		
SvātmNi.	33	primary	residue		
Lakṣaṇā.	33	primary	residue		
ŚriKaC.	32	primary	residue		
BṛYamaSm.	32	primary	residue		
ŚaiśiŚi.	32	primary	residue		
Vītarā.	32	primary	residue		
ViṭVṛ.	32	primary	residue		
Gaṅ.	32	primary	residue		
ĀraUBhVā.	32	primary	residue		
NānārthMa.	32	primary	residue		
PramāLa.	32	primary	residue		
Krī.	32	primary	residue		
JaimiŚS.	32	primary	residue		
SubāU.	32	primary	residue		
Ind.	32	primary	residue		
Dat.	31	structural			
ŚiPa.	31	primary	residue		
VṛttaRa.	31	primary	residue		
Ku.	31	primary	residue		
NītiMañ.	31	primary	residue		
Nom.	31	structural			
ŚivaKePāSt.	31	primary	residue		
SaṃhiUBr.	31	primary	residue		
SaṃviSi.	31	primary	residue		
SiddhāSāU.	31	primary	residue		
BhramDū.	31	primary	residue		
KauṣīBrU.	31	primary	residue		
DS.	30	primary	residue		
TattvSaṃkhyā.	30	primary	residue		
KāvyaPra.	30	primary	residue		
ṚTPrāti.	30	primary	residue		
DaivaVyā.	30	primary	residue		
Prā.	30	primary	residue		
BhāvŚ.	30	primary	residue		
BhārŚi.	30	primary	residue		
Dū.	30	primary	residue		
BījGa.	30	primary	residue		
YogVār.	30	primary	residue		
Tattvodyo.	30	primary	residue		
ASS.	30	primary	residue		
SuKa.	30	primary	residue		
Śrāddha.	29	primary	residue		
ViṣṇuPādāSt.	29	primary	residue		
MahāVīC.	29	primary	residue		
HaṃsSaṃ.	29	primary	residue		
TriBrU.	29	primary	residue		
SabhāŚ.	29	primary	residue		
VīraMī.	29	primary	residue		
LalitāStaRa.	29	primary	residue		
ĀryaŚāS.	29	primary	residue		
Pāṇ.	29	primary	residue		
Anekā.	29	primary	residue		
SarvaAnu.	29	primary	residue		
Bhāṭṭi.	29	primary	residue		
PaiṅgU.	29	primary	residue		
Mus.	28	primary	residue		
S.	28	structural			
ĀpaŚuS.	28	primary	residue		
ŚabdeŚe.	28	primary	residue		
DurghVṛ.	28	primary	residue		
RasiJī.	28	primary	residue		
AtriSm.	28	primary	residue		
ŚātāSm.	28	primary	residue		
DeviBhāP.	28	primary	residue		
ṢaḍrasaNi.	28	primary	residue		
Bhāsv.	28	primary	residue		
Astron.	28	primary	residue		
Sneha.	27	primary	residue		
KhaṇḍKhā.	27	primary	residue		
ŚārṅgaP.	27	primary	residue		
TripuVePāSt.	27	primary	residue		
CaturSaṃ.	27	primary	residue		
Raha.	27	primary	residue		
PrasaPa.	27	primary	residue		
ŪruBha.	27	primary	residue		
ĪśvaŚ.	27	primary	residue		
Āryabh.	27	primary	residue		
PraBh.	27	primary	residue		
DaivaVa.	27	primary	residue		
BṛDeśī.	26	primary	residue		
Nāṭa.	26	primary	residue		
ĀrṣeU.	26	primary	residue		
PrātiSū.	26	primary	residue		
Mahimna.	26	primary	residue		
ĀryāŚ.	26	primary	residue		
BhaktiRa.	26	primary	residue		
ŚeṣaNā.	26	primary	residue		
AdhyāU.	26	primary	residue		
KirātāVyā.	26	primary	residue		
KuC.	26	primary	residue		
Cārud.	26	primary	residue		
NSP.	26	primary	residue		
NātyaŚā.	25	primary	residue		
BodhiCaPañ.	25	primary	residue		
Arch.	25	primary	residue		
PālaGoKa.	25	primary	residue		
HevajraT.	25	primary	residue		
ŚivPāKeSt.	25	primary	residue		
LomŚi.	25	primary	residue		
VaDuU.	25	primary	residue		
KāBh.	25	primary	residue		
SaṃnyāU.	25	primary	residue		
KauhaŚi.	25	primary	residue		
ChandoMañ.	25	primary	residue		
EkārthaNā.	24	primary	residue		
NāmaMā.	24	primary	residue		
AnekāNi.	24	primary	residue		
Sī.	24	primary	residue		
Malli.	24	primary	residue		
SvopVṛ.	24	primary	residue		
PraśnoRaMāli.	24	primary	residue		
Mī.	24	primary	residue		
DaKau.	24	primary	residue		
BhaktiSū.	24	primary	residue		
GaṅgāL.	23	primary	residue		
BrahmaSūBh.	23	primary	residue		
TārāŚa.	23	primary	residue		
KalyāMaSt.	23	primary	residue		
SvātmPra.	23	primary	residue		
MaitreU.	23	primary	residue		
Jo.	23	primary	residue		
BhasmJāU.	23	primary	residue		
SāSaṃ.	22	primary	residue		
Math.	22	primary	residue		
ĀtmaBo.	22	primary	residue		
Nīla.	22	primary	residue		
DarpaDa.	22	primary	residue		
Pā.	22	primary	residue		
PrajāSm.	22	primary	residue		
TattvāRāVār.	22	primary	residue		
LoK.	22	primary	residue		
MadhyaVyā.	22	primary	residue		
BodhiCa.	22	primary	residue		
SaBh.	22	primary	residue		
Cū.	22	primary	residue		
RaSaK.	22	primary	residue		
HariStu.	22	primary	residue		
Spr.	22	primary	residue		
Ha.	21	primary	residue		
ChāndoUBr.	21	primary	residue		
Yogācā.	21	primary	residue		
VāsuVi.	21	primary	residue		
Tīrtha.	21	primary	residue		
VārPari.	21	primary	residue		
Viṣāpahā.	21	primary	residue		
Dūtāṅg.	21	primary	residue		
SūryaSi.	21	primary	residue		
AnekāMañ.	21	primary	residue		
DevaBr.	21	primary	residue		
DvyakṣaNā.	21	primary	residue		
DṛṣṭāKaŚ.	21	primary	residue		
KumāDePra.	21	primary	residue		
KathāŚloSaṃ.	21	primary	residue		
CaurPañ.	21	primary	residue		
ArthaŚā.	20	primary	residue		
BrahmViU.	20	primary	residue		
Vaṃ.	20	primary	residue		
SaK.	20	primary	residue		
ĀpiŚi.	20	primary	residue		
KuA.	20	primary	residue		
MimāKau.	20	primary	residue		
LaViṣṇuSm.	20	primary	residue		
Ni.	20	primary	residue		
Ke.	20	primary	residue		
CaturDī.	20	primary	residue		
KarṇaBhā.	20	primary	residue		
DharmaP.	20	primary	residue		
UpādhiKha.	20	primary	residue		
YogKuU.	20	primary	residue		
BhārPiMe.	20	primary	residue		
PāramāU.	20	primary	residue		
PramāVā.	19	primary	residue		
GaṇiNā.	19	primary	residue		
LaBhāska.	19	primary	residue		
KarpūC.	19	primary	residue		
KhaḍgaŚ.	19	primary	residue		
VedaVyāSm.	19	primary	residue		
TripuTāU.	19	primary	residue		
SevyaSev.	19	primary	residue		
ŚivārkaMaDi.	19	primary	residue		
CāndrVyā.	19	primary	residue		
ŚukSa.	19	primary	residue		
BṛJābāU.	19	primary	residue		
DhūrtaSa.	19	primary	residue		
Bharatakośa.	19	primary	residue		
JābālaDaU.	19	primary	residue		
MaitrīU.	19	primary	residue		
SūryŚ.	18	primary	residue		
MukuMā.	18	primary	residue		
SāC.	18	primary	residue		
Trayī.	18	primary	residue		
NaMā.	18	primary	residue		
GitāBh.	18	primary	residue		
AmoghŚi.	18	primary	residue		
LikhiSm.	18	primary	residue		
NyāPra.	18	primary	residue		
LaHārīSm.	18	primary	residue		
AkṣU.	18	primary	residue		
St.	18	primary	residue		
TattvārthāSū.	18	primary	residue		
AnarghRā.	18	primary	residue		
GiMS.	18	primary	residue		
KSS.	18	primary	residue		
KāśiVr.	17	primary	residue		
DeC.	17	primary	residue		
NānārthaSaṃ.	17	primary	residue		
KātyāŚS.	17	primary	residue		
ŚivBhuSt.	17	primary	residue		
TantraVā.	17	primary	residue		
BṛDharmP.	17	primary	residue		
ManoDū.	17	primary	residue		
MaKā.	17	primary	residue		
DevīCatuSt.	17	primary	residue		
PadārthaTaNi.	17	primary	residue		
HāsyCū.	17	primary	residue		
YogSūVṛ.	17	primary	residue		
Philo.	17	primary	residue		
MuktiU.	17	primary	residue		
YamaSm.	17	primary	residue		
MāhāBhā.	17	primary	residue		
Nī.	17	primary	residue		
KaṭhRuU.	17	primary	residue		
KaS.	17	primary	residue		
Bo.	17	primary	residue		
BālamBhā.	17	primary	residue		
TattvāBh.	17	primary	residue		
ChāgU.	17	primary	residue		
GORR.	17	primary	residue		
TaKau.	17	primary	residue		
UddhāK.	16	primary	residue		
L.	16	structural			
KumāSam.	16	primary	residue		
Hṛ.	16	primary	residue		
KāvyaKaVṛ.	16	primary	residue		
ĀnandaRa.	16	primary	residue		
BhārArthaPra.	16	primary	residue		
ĀraUBh.	16	primary	residue		
Ṭ.	16	structural			
LaŚaṅkhaSm.	16	primary	residue		
VṛŚātāSm.	16	primary	residue		
VyāḍiPari.	16	primary	residue		
ViKā.	16	primary	residue		
NāḍīVi.	16	primary	residue		
PhiṭSū.	16	primary	residue		
MaṇḍBrU.	16	primary	residue		
Bhakti.	16	primary	residue		
NāraP.	16	primary	residue		
Vai.	16	primary	residue		
SiA.	16	primary	residue		
KṛṣiPa.	16	primary	residue		
ŚṛṅgāVaiTa.	16	primary	residue		
PriyaDa.	16	primary	residue		
Kos.	16	primary	residue		
JainL.	16	primary	residue		
Lakṣābha.	15	primary	residue		
ŚriBh.	15	primary	residue		
ŚāṭyāU.	15	primary	residue		
PadārthSaṃ.	15	primary	residue		
Medi.	15	primary	residue		
KāliViT.	15	primary	residue		
LakṣmiT.	15	primary	residue		
HāriS.	15	primary	residue		
ŚrutaBo.	15	primary	residue		
MahāBhāraDī.	15	primary	residue		
MaitriU.	15	primary	residue		
Bv.	15	structural			
VādhūlaŚS.	15	primary	residue		
RaMañ.	15	primary	residue		
ŚāṇḍU.	15	primary	residue		
Khila.	15	primary	residue		
BiṬ.	15	primary	residue		
ŚabaBh.	15	primary	residue		
DaSaṃ.	15	primary	residue		
Par.	15	primary	residue		
AvyaU.	15	primary	residue		
SphuSi.	14	primary	residue		
BālaṃBha.	14	primary	residue		
RatiRa.	14	primary	residue		
SāṃkhyaSūVṛ.	14	primary	residue		
PārijāHa.	14	primary	residue		
Śi.	14	primary	residue		
ŚatBṛ.	14	primary	residue		
Lakṣaṇa.	14	primary	residue		
SaṃvaSm.	14	primary	residue		
KauṣiBr.	14	primary	residue		
LātyāŚS.	14	primary	residue		
YaśasCaṃ.	14	primary	residue		
KaśiVṛ.	14	primary	residue		
H.	14	structural			
PāśBraU.	14	primary	residue		
AŚiraU.	14	primary	residue		
SadācāAnu.	14	primary	residue		
RāmPūTāU.	14	primary	residue		
LeSaṃ.	14	primary	residue		
SiddhāĀSta.	14	primary	residue		
AṣtāSaṃ.	14	primary	residue		
VākyaVṛ.	14	primary	residue		
Nyāyāva.	14	primary	residue		
ChandaḥSū.	14	primary	residue		
JPMJGM.	14	primary	residue		
KṣīraTa.	13	primary	residue		
KāśīVṛ.	13	primary	residue		
DūtGha.	13	primary	residue		
YānaSū.	13	primary	residue		
NirvāT.	13	primary	residue		
MadhyāViBh.	13	primary	residue		
CāruCaŚ.	13	primary	residue		
PraSū.	13	primary	residue		
DūtVā.	13	primary	residue		
SudarŚ.	13	primary	residue		
Pūjā.	13	primary	residue		
YaBhū.	13	primary	residue		
PārśvaC.	13	primary	residue		
BāṣkaU.	13	primary	residue		
PraPra.	13	primary	residue		
PañcRāRa.	13	primary	residue		
VāSvopVṛ.	13	primary	residue		
ParibhāŚe.	13	primary	residue		
BrahmS.	12	primary	residue		
BṛPārāSm.	12	primary	residue		
EkīSt.	12	primary	residue		
MastyaP.	12	primary	residue		
PraśnoRaMā.	12	primary	residue		
NaiṣaC.	12	primary	residue		
ŚaṅkhaLiSm.	12	primary	residue		
HaṭhPra.	12	primary	residue		
Ṛṣi.	12	primary	residue		
JinaCatur.	12	primary	residue		
ŚrīkarBh.	12	primary	residue		
PāSau.	12	primary	residue		
GadyCin.	12	primary	residue		
NirguMāPū.	12	primary	residue		
ŚrīVīraSta.	12	primary	residue		
SiddhāRa.	12	primary	residue		
GovindA.	12	primary	residue		
RāmRaU.	12	primary	residue		
RādhU.	12	primary	residue		
MahaBhā.	12	primary	residue		
NṛsiṃPūTāU.	12	primary	residue		
SaṃgīMa.	12	primary	residue		
Kośāva.	12	primary	residue		
ĪśāU.	12	primary	residue		
IE.	11	structural			
JyotiVe.	11	primary	residue		
Ti.	11	primary	residue		
NyāyVā.	11	primary	residue		
NyāyVāPari.	11	primary	residue		
MūlaMāKā.	11	primary	residue		
SiddhiTra.	11	primary	residue		
Jam.	11	primary	residue		
NilaVi.	11	primary	residue		
BrĀraUBhVā.	11	primary	residue		
NīMa.	11	primary	residue		
DrāhyāŚS.	11	primary	residue		
AdvaTāU.	11	primary	residue		
Prauḍhā.	11	primary	residue		
MāyāKha.	11	primary	residue		
VakroPañ.	11	primary	residue		
GāyaRaU.	11	primary	residue		
KāthāSaSāg.	11	primary	residue		
RaSaṃ.	11	primary	residue		
FN.	11	primary	residue		
Rūpāva.	11	primary	residue		
KaVṛ.	11	primary	residue		
MahāviC.	11	primary	residue		
KenU.	11	primary	residue		
MahānāU.	11	primary	residue		
LaBhāsk.	11	primary	residue		
VaṭuU.	11	primary	residue		
ItihāU.	11	primary	residue		
ĀryaBh.	10	primary	residue		
RajTa.	10	primary	residue		
AbhidhāCi.	10	primary	residue		
KātyŚuS.	10	primary	residue		
RV.	10	primary	residue		
PāṇḍC.	10	primary	residue		
NaiṣkSi.	10	primary	residue		
MadhyāVi.	10	primary	residue		
Triṃśi.	10	primary	residue		
SivārkaMaDī.	10	primary	residue		
VāBh.	10	primary	residue		
RāmKṛViKā.	10	primary	residue		
HarsaC.	10	primary	residue		
MṛtyuMāPūSt.	10	primary	residue		
DevīBhuSt.	10	primary	residue		
ĪśānŚiP.	10	primary	residue		
NānārthaMañ.	10	primary	residue		
KaivaU.	10	primary	residue		
TriBh.	10	primary	residue		
ŚātDū.	10	primary	residue		
AjaḍaPraSi.	10	primary	residue		
TattvSaṃkhyāṬ.	10	primary	residue		
KathāLa.	10	primary	residue		
RāmBāSta.	10	primary	residue		
ParaHaṃsPaU.	10	primary	residue		
YājñaU.	10	primary	residue		
Me.	10	primary	residue		
MaśaKa.	10	primary	residue		
T.	10	structural			
DhyānBiU.	10	primary	residue		
ṢaṭcakraNi.	10	primary	residue		
Voc.	10	structural			
Prāti.	10	primary	residue		
GaṇU.	10	primary	residue		
BhaktāSt.	10	primary	residue		
KavīndraKa.	10	primary	residue		
KāthS.	10	primary	residue		
AmṛNāU.	10	primary	residue		
ŚeṣaVā.	10	primary	residue		
GuhyKāU.	10	primary	residue		
KāṭhakaBrsaṅkalana.	10	primary	residue		
POK.	9	secondary			Pokorny, Indogermanisches etymol. Wörterbuch
PadmaP.	9	primary	residue		
BSS.	9	primary	residue		
SiddhaYo.	9	primary	residue		
KathāMañ.	9	primary	residue		
KeCan.	9	primary	residue		
MatsyP.	9	primary	residue		
HetuBi.	9	primary	residue		
TantrVār.	9	primary	residue		
NirvāU.	9	primary	residue		
MuṇḍU.	9	primary	residue		
AgniveGS.	9	primary	residue		
MarkP.	9	primary	residue		
GopāloTāU.	9	primary	residue		
KāsiVṛ.	9	primary	residue		
Anyo.	9	primary	residue		
Nyāyāmr.	9	primary	residue		
ŚrīRāmaBhuSt.	9	primary	residue		
Poet.	9	primary	residue		
D.	9	structural			
VeSāSaṃ.	9	primary	residue		
Lokokti.	9	primary	residue		
TattvaPrakā.	9	primary	residue		
BhāviP.	9	primary	residue		
AvadhūU.	9	primary	residue		
KoṭiVi.	9	primary	residue		
BhāvU.	9	primary	residue		
VajraSūU.	9	primary	residue		
ŚuśruS.	9	primary	residue		
SiPriSt.	9	primary	residue		
DakṣiMūSt.	9	primary	residue		
RasaRaSa.	9	primary	residue		
BhāṭṭDi.	9	primary	residue		
VṛGautSm.	9	primary	residue		
PrāṇāU.	9	primary	residue		
ApaŚS.	9	primary	residue		
VaitāŚS.	9	primary	residue		
BhāvVi.	9	primary	residue		
Upalekha.	9	primary	residue		
Vācas.	9	primary	residue		
CaturJiSta.	9	primary	residue		
SaubhāLaU.	9	primary	residue		
SaṃgiRa.	9	primary	residue		
Subrahma.	9	primary	residue		
PṛthviVi.	9	primary	residue		
RākṣaKā.	9	primary	residue		
RāC.	9	primary	residue		
NādaBiU.	9	primary	residue		
PuṣpBāVi.	9	primary	residue		
Samaya.	9	primary	residue		
KālikāKa.	9	primary	residue		
BI.	9	primary	residue		
KaC.	9	primary	residue		
ŚṛṅgārāL.	9	primary	residue		
ŚaṅkhalikhitaDS.	9	primary	residue		
ŚātBr.	9	primary	residue		
GautŚi.	9	primary	residue		
Ava.	9	primary	residue		
CāndraVaSū.	8	primary	residue		
NānārthRaMā.	8	primary	residue		
CaturDa.	8	primary	residue		
PāñcRā.	8	primary	residue		
NītiRa.	8	primary	residue		
GuruCan.	8	primary	residue		
Sarakaṇṭhā.	8	primary	residue		
NalaCa.	8	primary	residue		
TātpṬ.	8	primary	residue		
SāṃkhyPraBh.	8	primary	residue		
SrīKaC.	8	primary	residue		
DevaSm.	8	primary	residue		
SvarāṅŚi.	8	primary	residue		
AnyoMuLa.	8	primary	residue		
ŚāṅgaPa.	8	primary	residue		
BhojaPra.	8	primary	residue		
NānārthMañ.	8	primary	residue		
Rāmāṣṭa.	8	primary	residue		
LaRaK.	8	primary	residue		
Rū.	8	primary	residue		
BrahmSphuSi.	8	primary	residue		
LāṅgU.	8	primary	residue		
LakṣmīNṛSt.	8	primary	residue		
ŚukRaU.	8	primary	residue		
SuvarṇaMā.	8	primary	residue		
YāśasCam.	8	primary	residue		
BhagaMāPū.	8	primary	residue		
BhavāBhu.	8	primary	residue		
NārāyUTāU.	8	primary	residue		
SubhāNī.	8	primary	residue		
PārvaPa.	8	primary	residue		
TrisaŚaPuC.	8	primary	residue		
VṛHāriSm.	8	primary	residue		
MāṇḍūU.	8	primary	residue		
BJP.	8	primary	residue		
RatiMañ.	8	primary	residue		
Śaunako.	8	primary	residue		
ŚastrDī.	8	primary	residue		
Kirāṇā.	8	primary	residue		
KāmKaVi.	8	primary	residue		
AnyāŚ.	8	primary	residue		
R.	8	structural			
BrahmaS.	8	primary	residue		
IndSpr.	8	primary	residue		
AitU.	8	primary	residue		
YogCūU.	8	primary	residue		
Rhet.	8	primary	residue		
Cpds.	8	primary	residue		
VVP.	8	primary	residue		
ALS.	8	primary	residue		
PāśSū.	8	primary	residue		
TURN.	7	secondary			Turner, Comparative Dict. of Indo-Aryan
Mahī.	7	primary	residue		
LiṅgP.	7	primary	residue		
BālamBh.	7	primary	residue		
SāstrDī.	7	primary	residue		
SaraRaU.	7	primary	residue		
SaṅkṣeŚā.	7	primary	residue		
BrahmaVaiP.	7	primary	residue		
TaPra.	7	primary	residue		
MahāBhāDī.	7	primary	residue		
RājaTa.	7	primary	residue		
AsṭāSaṃ.	7	primary	residue		
NītiŚā.	7	primary	residue		
ŚāśtrDī.	7	primary	residue		
InduDū.	7	primary	residue		
KaruṇāL.	7	primary	residue		
Sau.	7	primary	residue		
SṛṅgāPra.	7	primary	residue		
KauṣiGS.	7	primary	residue		
ĀtmaBoU.	7	primary	residue		
ŚārṅgPa.	7	primary	residue		
RāmoTāU.	7	primary	residue		
GaṇePañ.	7	primary	residue		
ŚīvārkaMaDī.	7	primary	residue		
VītaRā.	7	primary	residue		
Mītā.	7	primary	residue		
CāndraPari.	7	primary	residue		
JainePari.	7	primary	residue		
ŚivP.	7	primary	residue		
ŚāstraDī.	7	primary	residue		
MāliniT.	7	primary	residue		
Sar.	7	primary	residue		
DrāhyāGS.	7	primary	residue		
BhāDī.	7	primary	residue		
KātyaŚS.	7	primary	residue		
KuṇḍiU.	7	primary	residue		
Tri.	7	primary	residue		
ĀnandL.	7	primary	residue		
Ba.	7	primary	residue		
NirāU.	7	primary	residue		
SaŚa.	7	primary	residue		
ĀśvŚS.	7	primary	residue		
Damaru.	7	primary	residue		
RājNī.	7	primary	residue		
NārāyPūTāU.	7	primary	residue		
Se.	7	primary	residue		
BhavPra.	7	primary	residue		
SimhāDvā.	7	primary	residue		
GautaSm.	7	primary	residue		
ŚivSaṃU.	7	primary	residue		
PiMe.	7	primary	residue		
PuṣpSū.	7	primary	residue		
Jivān.	7	primary	residue		
ŚukraNi.	7	primary	residue		
TilMañ.	7	primary	residue		
Gītālaṅ.	7	primary	residue		
Yadavā.	7	primary	residue		
NyāyK.	7	primary	residue		
MohaMu.	7	primary	residue		
MayānaSū.	7	primary	residue		
TāU.	7	primary	residue		
KaṭhU.	7	primary	residue		
DīpaKa.	7	primary	residue		
Ca.	7	primary	residue		
Dvā.	7	primary	residue		
BhallāŚ.	7	primary	residue		
GaṅeP.	7	primary	residue		
ŚivaS.	7	primary	residue		
ChSS.	7	primary	residue		
SiddhāSiA.	7	primary	residue		
AVPrāyaścitta.	7	primary	residue		
Sg.	6	structural			
ViśvaLok.	6	primary	residue		
Jī.	6	primary	residue		
SaṅgīRa.	6	primary	residue		
VaṃśBr.	6	primary	residue		
BaudhāŚS.	6	primary	residue		
AcyutaRā.	6	primary	residue		
ĪśanŚiPa.	6	primary	residue		
ĪśānŚīPa.	6	primary	residue		
Pat.	6	primary	residue		
CaSaṃ.	6	primary	residue		
DevīBhāgP.	6	primary	residue		
ŚākaṭāPari.	6	primary	residue		
Mār.	6	primary	residue		
Ekāv.	6	primary	residue		
RāmāCaṃ.	6	primary	residue		
NitiVā.	6	primary	residue		
ĀryāSaŚ.	6	primary	residue		
Suratho.	6	primary	residue		
PratybhiVi.	6	primary	residue		
Sphutā.	6	primary	residue		
VidvanMo.	6	primary	residue		
TīlaMañ.	6	primary	residue		
RājeKaPū.	6	primary	residue		
TātpaT.	6	primary	residue		
VeṇiSaṃ.	6	primary	residue		
PaṇḍaC.	6	primary	residue		
Subhāṣī.	6	primary	residue		
ĀśramU.	6	primary	residue		
ŚivārkaMāDī.	6	primary	residue		
KoBh.	6	primary	residue		
AkṣMāU.	6	primary	residue		
ŚivaPāKeSt.	6	primary	residue		
VedāntaKa.	6	primary	residue		
RaghuVaṃ.	6	primary	residue		
KūrmP.	6	primary	residue		
GītāBhā.	6	primary	residue		
KauśīBr.	6	primary	residue		
HāsyaCū.	6	primary	residue		
ŚrīVīraSt.	6	primary	residue		
Subhāsi.	6	primary	residue		
KaDru.	6	primary	residue		
Dhi.	6	primary	residue		
SiddhHe.	6	primary	residue		
RāgVi.	6	primary	residue		
CaitCa.	6	primary	residue		
GītaGo.	6	primary	residue		
SiTrayī.	6	primary	residue		
RaSa.	6	primary	residue		
SītāSva.	6	primary	residue		
ŚṛṅgāŚ.	6	primary	residue		
MaMa.	6	primary	residue		
BhāṭṭaDī.	6	primary	residue		
JābālaU.	6	primary	residue		
AnnaA.	6	primary	residue		
Dv.	6	structural			
Suparṇādhyāya.	6	primary	residue		
Viṃśa.	6	primary	residue		
ViraBhā.	6	primary	residue		
SaraKaṇthā.	6	primary	residue		
PadaPā.	6	primary	residue		
ĀnaMandā.	6	primary	residue		
TSS.	6	primary	residue		
JyotiṣaNi.	6	primary	residue		
Ve.	6	primary	residue		
BrahmaU.	6	primary	residue		
SrutaPra.	6	primary	residue		
Mahābhā.	6	primary	residue		
JānaCaCā.	6	primary	residue		
HaṃsU.	6	primary	residue		
Yo.	6	primary	residue		
Hitop.	6	primary	residue		
IṣṭāSi.	6	primary	residue		
SarvāSi.	6	primary	residue		
Bi.	6	primary	residue		
Śa.	6	primary	residue		
NṛttaSaṃ.	6	primary	residue		
JivanVi.	6	primary	residue		
ṢaṭCakraNi.	6	primary	residue		
ViSaṃ.	6	primary	residue		
Stu.	6	primary	residue		
UBr.	6	primary	residue		
SṛṅgāMañ.	6	primary	residue		
Alaṅ.	6	primary	residue		
MadhyāViSūṬ.	6	primary	residue		
RājT.	6	primary	residue		
ŚivākaMaDī.	6	primary	residue		
PadyaCū.	6	primary	residue		
SadānaU.	6	primary	residue		
SītāU.	6	primary	residue		
KātanPari.	6	primary	residue		
SūryTāU.	6	primary	residue		
DakṣiMūA.	6	primary	residue		
SarvaSāU.	6	primary	residue		
MahāNāU.	6	primary	residue		
KāvyālaṅSūVṛ.	6	primary	residue		
Skt.	5	structural			
Pr.	5	structural			
DaśāvC.	5	primary	residue		
TantraSa.	5	primary	residue		
VakroJi.	5	primary	residue		
Comm.	5	structural			
RaSi.	5	primary	residue		
KhaṇḍanKha.	5	primary	residue		
Bālakrī.	5	primary	residue		
SābaBh.	5	primary	residue		
PītāU.	5	primary	residue		
ĀgniVeGS.	5	primary	residue		
Alt.	5	primary	residue		
SṛṅgāTi.	5	primary	residue		
Śau.	5	primary	residue		
LaṚkTanSaṃ.	5	primary	residue		
BṛAraUBhVā.	5	primary	residue		
Subhaṣi.	5	primary	residue		
ŚāstrDīPra.	5	primary	residue		
ViṭaVṛ.	5	primary	residue		
GilMs.	5	primary	residue		
BṛĀraUBhāVā.	5	primary	residue		
AmaKoUd.	5	primary	residue		
BhāgGī.	5	primary	residue		
PañcaDa.	5	primary	residue		
RāPa.	5	primary	residue		
Vaij.	5	primary	residue		
Kāśī.	5	primary	residue		
Sāk.	5	primary	residue		
SVSaptaLa.	5	primary	residue		
PadMāñ.	5	primary	residue		
VedārthSaṃ.	5	primary	residue		
Nīl.	5	primary	residue		
ŚāraBhuA.	5	primary	residue		
DhaṬ.	5	primary	residue		
ŚaṅkhāŚS.	5	primary	residue		
GaurīDa.	5	primary	residue		
TantraRā.	5	primary	residue		
BrU.	5	primary	residue		
VP.	5	primary	residue		
Nyāyamṛ.	5	primary	residue		
RomāŚ.	5	primary	residue		
GopālaPūTāU.	5	primary	residue		
AśvaŚā.	5	primary	residue		
MudgU.	5	primary	residue		
Dramat.	5	primary	residue		
AcyutA.	5	primary	residue		
Para.	5	primary	residue		
DaṇḍVi.	5	primary	residue		
AryāSaŚa.	5	primary	residue		
ŚkandP.	5	primary	residue		
TājiNi.	5	primary	residue		
MayūMali.	5	primary	residue		
MānaSo.	5	primary	residue		
KaṭhŚrU.	5	primary	residue		
KauṣīU.	5	primary	residue		
NitiSā.	5	primary	residue		
BṛKathaŚloSaṃ.	5	primary	residue		
ŚrīkaC.	5	primary	residue		
SaṃgīPā.	5	primary	residue		
PārŚvC.	5	primary	residue		
BṛkathāŚloSaṃ.	5	primary	residue		
MantrMāSta.	5	primary	residue		
KalpK.	5	primary	residue		
NavSāC.	5	primary	residue		
SārṅgaPa.	5	primary	residue		
LaŚābdeŚe.	5	primary	residue		
ŚaRa.	5	primary	residue		
GotaSt.	5	primary	residue		
KanDhāSt.	5	primary	residue		
PañcTa.	5	primary	residue		
PadmaPrā.	5	primary	residue		
Rañ.	5	primary	residue		
GaṅRa.	5	primary	residue		
MaVākyaU.	5	primary	residue		
Lī.	5	primary	residue		
Yā.	5	primary	residue		
SiSūMañ.	5	primary	residue		
VārāP.	5	primary	residue		
CaturveU.	5	primary	residue		
AuśaSm.	5	primary	residue		
GOS.	5	primary	residue		
NyāySi.	5	primary	residue		
RāghPān.	5	primary	residue		
YamunāA.	5	primary	residue		
HaraṣaC.	5	primary	residue		
IndSt.	5	primary	residue		
M.	5	structural			
SaṃkarKāBh.	5	primary	residue		
NilaP.	5	primary	residue		
PārthaPa.	5	primary	residue		
MantriU.	5	primary	residue		
CūliU.	5	primary	residue		
Vṛtti.	5	primary	residue		
ŚṛṅgāSa.	5	primary	residue		
VastuAva.	5	primary	residue		
UpaniSū.	5	primary	residue		
DevīU.	5	primary	residue		
NārāyU.	5	primary	residue		
DattāU.	5	primary	residue		
CāṇaRāNīŚā.	5	primary	residue		
NirU.	5	primary	residue		
DakṣiMūVaMāSt.	5	primary	residue		
Tp.	5	structural			
ŚrīViṣṇuBhuSt.	5	primary	residue		
Vyu.	5	primary	residue		
ViṣṇuSa.	5	primary	residue		
Mo.	5	primary	residue		
JaiNyāMā.	5	primary	residue		
ŚilpRa.	5	primary	residue		
EkāNā.	4	primary	residue		
Say.	4	primary	residue		
TattvVi.	4	primary	residue		
TarkaSaṃ.	4	primary	residue		
TaSā.	4	primary	residue		
SvātmaNi.	4	primary	residue		
SātvaTa.	4	primary	residue		
Bṛ.	4	structural			
NāṭyŚā.	4	primary	residue		
SātvT.	4	primary	residue		
Var.	4	structural			
AṣṭāSam.	4	primary	residue		
Kīrātā.	4	primary	residue		
Astro.	4	primary	residue		
KaviKaDru.	4	primary	residue		
KāṭhaS.	4	primary	residue		
ṚkPrāti.	4	primary	residue		
NyāyaMañ.	4	primary	residue		
KośaKaT.	4	primary	residue		
BṛĀrUBhVā.	4	primary	residue		
BālaBhā.	4	primary	residue		
Śiva.	4	primary	residue		
MahāBhāṬ.	4	primary	residue		
NalaCaṃ.	4	primary	residue		
NātyaDa.	4	primary	residue		
KundMā.	4	primary	residue		
TantrāKhyā.	4	primary	residue		
ŚāṅkaDigVi.	4	primary	residue		
SāṅkhyaPraBh.	4	primary	residue		
UmāMaSt.	4	primary	residue		
TS.	4	primary	residue		
BṛAraU.	4	primary	residue		
ŚlokaVā.	4	primary	residue		
TātPaṬ.	4	primary	residue		
RamC.	4	primary	residue		
SāṃkhyTaKau.	4	primary	residue		
ŚāstrDi.	4	primary	residue		
ViśvaSta.	4	primary	residue		
Śan.	4	primary	residue		
ViṣṇuDhP.	4	primary	residue		
Tilaka.	4	primary	residue		
MahāBhāsk.	4	primary	residue		
RudrāJābāU.	4	primary	residue		
Lā.	4	primary	residue		
SaṃkseŚā.	4	primary	residue		
BhaṭṭiKā.	4	primary	residue		
AvantiK.	4	primary	residue		
AbhirbuS.	4	primary	residue		
MayūMā.	4	primary	residue		
Pradi.	4	primary	residue		
SūryU.	4	primary	residue		
GopīU.	4	primary	residue		
JaimiBṛ.	4	primary	residue		
BrahmBiU.	4	primary	residue		
IP.	4	primary	residue		
MalinīT.	4	primary	residue		
KośāKaTa.	4	primary	residue		
ṢaḍViBr.	4	primary	residue		
ŚivPañNaMā.	4	primary	residue		
RugVī.	4	primary	residue		
SiddhāHe.	4	primary	residue		
Uda.	4	primary	residue		
Tattvoddyo.	4	primary	residue		
DīnākraSt.	4	primary	residue		
PārśvanāSta.	4	primary	residue		
NyāSu.	4	primary	residue		
TantraRaha.	4	primary	residue		
BilvU.	4	primary	residue		
ManvMu.	4	primary	residue		
TattvPradi.	4	primary	residue		
NyāRaMā.	4	primary	residue		
BrahmaP.	4	primary	residue		
MāPūSt.	4	primary	residue		
DhūrtaviSaṃ.	4	primary	residue		
LāṭyŚS.	4	primary	residue		
Pu.	4	primary	residue		
ŚākatāVyā.	4	primary	residue		
BuddhC.	4	primary	residue		
KāŚi.	4	primary	residue		
ĀnandMaSt.	4	primary	residue		
NitiMā.	4	primary	residue		
ŚāṅkhŚS.	4	primary	residue		
ŚaṅkarKāBh.	4	primary	residue		
VaikhGS.	4	primary	residue		
PramāVārSvopVṛ.	4	primary	residue		
RudrHṛU.	4	primary	residue		
VisṇuP.	4	primary	residue		
Śeṣavā.	4	primary	residue		
PuruṣaPa.	4	primary	residue		
TaiĀr.	4	primary	residue		
RājNītiRa.	4	primary	residue		
LaksmīT.	4	primary	residue		
StaRa.	4	primary	residue		
BālaC.	4	primary	residue		
SiSaṃ.	4	primary	residue		
NyāyMā.	4	primary	residue		
SabdaRaSaK.	4	primary	residue		
KM.	4	primary	residue		
Kavyānu.	4	primary	residue		
ĪśāuŚiPa.	4	primary	residue		
GarbhU.	4	primary	residue		
NāḍiVi.	4	primary	residue		
MāṇḍuŚi.	4	primary	residue		
Medik.	4	primary	residue		
MātaLi.	4	primary	residue		
MādhyaŚi.	4	primary	residue		
ŚiśuVā.	4	primary	residue		
CaṇḍKau.	4	primary	residue		
Edn.	4	primary	residue		
CāṇaSāSaṃ.	4	primary	residue		
PramāKā.	4	primary	residue		
ŚivārkMaDī.	4	primary	residue		
Puṇ.	4	primary	residue		
Amak.	4	primary	residue		
ŚakaṭāVyā.	4	primary	residue		
PaU.	4	primary	residue		
VīSt.	4	primary	residue		
ŚākaṭaVyā.	4	primary	residue		
MeghaDū.	4	primary	residue		
Sta.	4	primary	residue		
ŚarabhU.	4	primary	residue		
VāsuU.	4	primary	residue		
NāU.	4	primary	residue		
BhāvaPra.	4	primary	residue		
BhāṭtDī.	4	primary	residue		
MahāBha.	4	primary	residue		
ŚivLi.	4	primary	residue		
KauśīSū.	4	primary	residue		
JayaMā.	4	primary	residue		
MantraBr.	4	primary	residue		
KāŚiVṛ.	4	primary	residue		
Pañcākhyā.	4	primary	residue		
Cal.	4	primary	residue		
BaudhŚs.	4	primary	residue		
RāRa.	4	primary	residue		
KaṃVā.	4	primary	residue		
PūTāU.	4	primary	residue		
Rāma.	4	primary	residue		
SūVṛ.	4	primary	residue		
LaśabdeŚe.	4	primary	residue		
NāṭyāŚā.	4	primary	residue		
Prabhāc.	4	primary	residue		
YogaU.	4	primary	residue		
SiMañ.	4	primary	residue		
NītīMā.	4	primary	residue		
MaSaṃ.	4	primary	residue		
SāṃkhyaSū.	4	primary	residue		
Ved.	4	structural			
LaṭyāŚS.	4	primary	residue		
ChandasCū.	4	primary	residue		
Vyū.	4	primary	residue		
SambaSi.	4	primary	residue		
BrahmSuBh.	4	primary	residue		
IśopBh.	4	primary	residue		
TantraRa.	4	primary	residue		
IśvaSi.	4	primary	residue		
GāyaU.	4	primary	residue		
BhāVā.	4	primary	residue		
Pros.	4	primary	residue		
PrapañcaMiKha.	4	primary	residue		
TurAU.	4	primary	residue		
MūlaMaKā.	4	primary	residue		
MaNāU.	4	primary	residue		
AśvaŚS.	4	primary	residue		
HirSŚ.	4	primary	residue		
DCPRI.	4	primary	residue		
Alch.	4	primary	residue		
AkṣiU.	4	primary	residue		
ĀtmaU.	4	primary	residue		
BahvṛU.	4	primary	residue		
AmṛBiU.	4	primary	residue		
TaNi.	4	primary	residue		
OI.	4	primary	residue		
Jai.	4	primary	residue		
Nāg.	3	primary	residue		
Rudra.	3	primary	residue		
VādhūDS.	3	primary	residue		
BṛDeśi.	3	primary	residue		
SvarameKa.	3	primary	residue		
HorāṢaṭPañ.	3	primary	residue		
PadaMañ.	3	primary	residue		
DEBR.	3	primary	residue		
EkāU.	3	primary	residue		
GOLD.	3	primary	residue		
NayaSāC.	3	primary	residue		
Tai.	3	primary	residue		
PrabaCi.	3	primary	residue		
Ramā.	3	primary	residue		
NyāyaSu.	3	primary	residue		
Dhūrta.	3	primary	residue		
Gī.	3	primary	residue		
Kāsi.	3	primary	residue		
Dhavalā.	3	primary	residue		
Aprāti.	3	primary	residue		
Abhin.	3	primary	residue		
ParāTrī.	3	primary	residue		
SaṃPañ.	3	primary	residue		
HarṣC.	3	primary	residue		
TaVāNaMā.	3	primary	residue		
DipKa.	3	primary	residue		
ŚābBh.	3	primary	residue		
KathāSāSāg.	3	primary	residue		
RāVār.	3	primary	residue		
KanaDhāSt.	3	primary	residue		
VS.	3	primary	residue		
MahNirVāT.	3	primary	residue		
SamarāSam.	3	primary	residue		
BṛAraUBh.	3	primary	residue		
BṛĀrāUBhVā.	3	primary	residue		
SaduktīKa.	3	primary	residue		
PañcBṛ.	3	primary	residue		
KātyāSm.	3	primary	residue		
NyāySūBh.	3	primary	residue		
JīvanVī.	3	primary	residue		
SākaṭāVyā.	3	primary	residue		
PañcaSi.	3	primary	residue		
BrahmāṇḍaP.	3	primary	residue		
SauraP.	3	primary	residue		
GaṇaRa.	3	primary	residue		
VārāṅgaC.	3	primary	residue		
Karmapradīpa.	3	primary	residue		
GP.	3	primary	residue		
SāṃgīRa.	3	primary	residue		
BiPra.	3	primary	residue		
Gītā.	3	primary	residue		
PauskS.	3	primary	residue		
KālabhaiA.	3	primary	residue		
ŚivDr.	3	primary	residue		
ĪṣṭaSi.	3	primary	residue		
ŚivStu.	3	primary	residue		
NanārthāSaṃ.	3	primary	residue		
AṣṭaSaṃ.	3	primary	residue		
KṛṣṇaA.	3	primary	residue		
PāNi.	3	primary	residue		
SaṃT.	3	primary	residue		
ŚuS.	3	primary	residue		
Instr.	3	structural			
NavasāC.	3	primary	residue		
AdvaiU.	3	primary	residue		
TātpaVr.	3	primary	residue		
UdaySuK.	3	primary	residue		
MānSā.	3	primary	residue		
BṛKāthāŚloSaṃ.	3	primary	residue		
ŚrṅgāMañ.	3	primary	residue		
NaisC.	3	primary	residue		
TriṢaŚaPuC.	3	primary	residue		
MṛtyulāU.	3	primary	residue		
Med.	3	primary	residue		
UjjvaNiMa.	3	primary	residue		
JātaPāri.	3	primary	residue		
SthāṇṬ.	3	primary	residue		
SāhīDa.	3	primary	residue		
Abhidhā.	3	primary	residue		
MayūMāi.	3	primary	residue		
BṛparāSm.	3	primary	residue		
HammiMaKā.	3	primary	residue		
ŚreKa.	3	primary	residue		
VedāKau.	3	primary	residue		
BhePra.	3	primary	residue		
No.	3	structural			
Mṛccha.	3	primary	residue		
MīmāNyāyPra.	3	primary	residue		
RāmaC.	3	primary	residue		
HaṃsaSaṃ.	3	primary	residue		
VīrāMi.	3	primary	residue		
PañcaT.	3	primary	residue		
PādāSt.	3	primary	residue		
UruBha.	3	primary	residue		
ŚrṅgāPra.	3	primary	residue		
SāmViBr.	3	primary	residue		
Mahā.	3	primary	residue		
ŚiśnVa.	3	primary	residue		
MālMā.	3	primary	residue		
DakṣiMūU.	3	primary	residue		
TrikaŚe.	3	primary	residue		
RaghuVā.	3	primary	residue		
AnyoŚ.	3	primary	residue		
Paripar.	3	primary	residue		
CauraPañ.	3	primary	residue		
ṢoU.	3	primary	residue		
IA.	3	primary	residue		
ŚivārKaMaDī.	3	primary	residue		
DharaK.	3	primary	residue		
JAOS.	3	primary	residue		
GaṇīSāSaṃ.	3	primary	residue		
BaudhŚŚ.	3	primary	residue		
AlaṅĀ.	3	primary	residue		
BalamBha.	3	primary	residue		
ŚāhiDa.	3	primary	residue		
Kauntey.	3	primary	residue		
TattVai.	3	primary	residue		
NemīDū.	3	primary	residue		
BṛkathāMañ.	3	primary	residue		
VaiTa.	3	primary	residue		
VedāntDi.	3	primary	residue		
ĀśvGS.	3	primary	residue		
YatindraDī.	3	primary	residue		
DūtaVā.	3	primary	residue		
MāṭhVr.	3	primary	residue		
MāyūMāli.	3	primary	residue		
TaiA.	3	primary	residue		
KaviKaLa.	3	primary	residue		
Vāgbhāṭā.	3	primary	residue		
LāṭyaŚS.	3	primary	residue		
PāṇḍuA.	3	primary	residue		
Anuvyā.	3	primary	residue		
AṣṭāHr.	3	primary	residue		
Tais.	3	primary	residue		
KauṣīBṛ.	3	primary	residue		
GautaDS.	3	primary	residue		
RāghPāṅ.	3	primary	residue		
SthānT.	3	primary	residue		
PramāMi.	3	primary	residue		
Nyāyra.	3	primary	residue		
ŚivaDṛ.	3	primary	residue		
TatpaṬ.	3	primary	residue		
GopaBr.	3	primary	residue		
RatiPra.	3	primary	residue		
AVPrāti.	3	primary	residue		
HanuPañ.	3	primary	residue		
BārhaS.	3	primary	residue		
GaṅgāA.	3	primary	residue		
ViṣamaPaVi.	3	primary	residue		
BṛĀraVBhVā.	3	primary	residue		
NānārthāSam.	3	primary	residue		
ĀraU.	3	primary	residue		
SaṃkhyaPraBh.	3	primary	residue		
YatīndraMaDī.	3	primary	residue		
SūṬ.	3	primary	residue		
BrahmŚūBh.	3	primary	residue		
SarvaDaKan.	3	primary	residue		
Saunda.	3	primary	residue		
RamāMañ.	3	primary	residue		
KaṭhS.	3	primary	residue		
NṛtyaRa.	3	primary	residue		
KāśVṛ.	3	primary	residue		
Viṣṇu.	3	primary	residue		
MayūMālī.	3	primary	residue		
ĀgaPra.	3	primary	residue		
Bho.	3	primary	residue		
Bharat.	3	primary	residue		
CāṇaŚ.	3	primary	residue		
ŚāṅkhaŚS.	3	primary	residue		
BālKrī.	3	primary	residue		
SphoṭaSi.	3	primary	residue		
TattvPraKā.	3	primary	residue		
SāmāraU.	3	primary	residue		
UBhāVā.	3	primary	residue		
NānāMañ.	3	primary	residue		
SvaraMeKa.	3	primary	residue		
ṚVPrāti.	3	primary	residue		
NyāyāMṛ.	3	primary	residue		
GPP.	3	primary	residue		
KhanḍanKhā.	3	primary	residue		
PaC.	3	primary	residue		
MīmāKan.	3	primary	residue		
ŚāṃkhyaPraBh.	3	primary	residue		
Tr.	3	primary	residue		
ManvVi.	3	primary	residue		
ArthŚa.	3	primary	residue		
Kad.	3	primary	residue		
Śak.	3	primary	residue		
SṛṅgāDī.	3	primary	residue		
CaturJīStu.	3	primary	residue		
VyūtpaVā.	3	primary	residue		
Avantika.	3	primary	residue		
SāmaviBr.	3	primary	residue		
IṣtaSi.	3	primary	residue		
RājNiRa.	3	primary	residue		
SahṛLī.	3	primary	residue		
EVP.	3	primary	residue		
Arthśā.	3	primary	residue		
Anu.	3	primary	residue		
ĪśāŚiPa.	3	primary	residue		
TājīNī.	3	primary	residue		
GañjīKhe.	3	primary	residue		
G.	3	structural			
KalyāVṛSta.	3	primary	residue		
Pkt.	3	primary	residue		
ŚivaNāA.	3	primary	residue		
ŚaṅkhāGS.	3	primary	residue		
MugdhBo.	3	primary	residue		
BrahmāṇdP.	3	primary	residue		
Tantr.	3	primary	residue		
CāndraVr.	3	primary	residue		
NṛsiṃṢaCaU.	3	primary	residue		
KālāgniU.	3	primary	residue		
YatīndrDī.	3	primary	residue		
AkṣaMāU.	3	primary	residue		
RudraJābāU.	3	primary	residue		
BrahmU.	3	primary	residue		
Avy.	3	primary	residue		
VIJ.	3	primary	residue		
KāṭhŚS.	3	primary	residue		
ĀthaDviU.	3	primary	residue		
HaṃsṢoU.	3	primary	residue		
HerU.	3	primary	residue		
HirŚŚ.	3	primary	residue		
ParaHaṃsU.	3	primary	residue		
GāruU.	3	primary	residue		
Pāṭha.	3	primary	residue		
DvaU.	3	primary	residue		
BhārPariśeṣaSū.	3	primary	residue		
MB.	3	primary	residue		
LiDS.	3	primary	residue		
SmrtiCan.	3	primary	residue		
UdyaSuKa.	3	primary	residue		
RāsāSu.	3	primary	residue		
SaṃkṣaŚā.	3	primary	residue		
ŚivaU.	3	primary	residue		
Ei.	3	primary	residue		
MīmaSū.	3	primary	residue		
SūryaTāU.	3	primary	residue		
Av.	3	primary	residue		
LaŚabdeSe.	3	primary	residue		
ŚrṅgāBhū.	3	primary	residue		
GopāPūTāU.	3	primary	residue		
SkandU.	3	primary	residue		
ŚaunakaU.	3	primary	residue		
PraṇU.	3	primary	residue		
SiddhāTāVi.	3	primary	residue		
ŚākṭāVyā.	3	primary	residue		
MāliViT.	3	primary	residue		
VaikhaŚS.	3	primary	residue		
Āparā.	3	primary	residue		
TupṬ.	3	primary	residue		
Divyā.	3	primary	residue		
Kāt.	2	primary	residue		
VaiyāBhūSā.	2	primary	residue		
SanatSu.	2	primary	residue		
VājPrāti.	2	primary	residue		
Du.	2	structural			
PāñRāRa.	2	primary	residue		
Mayū.	2	primary	residue		
Medhā.	2	primary	residue		
SivDṛ.	2	primary	residue		
Jaya.	2	primary	residue		
KosaKaTa.	2	primary	residue		
AneKāK.	2	primary	residue		
ŚrīKaCa.	2	primary	residue		
NyāKa.	2	primary	residue		
Anat.	2	primary	residue		
ĪsānŚiPa.	2	primary	residue		
OLD.	2	primary	residue		
BaudhDhS.	2	primary	residue		
TriṣaśaPuC.	2	primary	residue		
VikrDeC.	2	primary	residue		
VarivaRah.	2	primary	residue		
Rāṣṭṛau.	2	primary	residue		
MuMa.	2	primary	residue		
JiStu.	2	primary	residue		
NītīSā.	2	primary	residue		
ViṣṇuTaVi.	2	primary	residue		
Kīraṇā.	2	primary	residue		
BrĀraUBh.	2	primary	residue		
PraśnUBh.	2	primary	residue		
BālaKri.	2	primary	residue		
MātaṅgLī.	2	primary	residue		
Bhikṣā.	2	primary	residue		
KāvyaMī.	2	primary	residue		
TattvārthaSū.	2	primary	residue		
TattvāRāVā.	2	primary	residue		
CāndraŚi.	2	primary	residue		
PāñcPā.	2	primary	residue		
VarivaRa.	2	primary	residue		
NyāPari.	2	primary	residue		
DaśkuC.	2	primary	residue		
MānaŚS.	2	primary	residue		
DvādaLiSt.	2	primary	residue		
BrNāraP.	2	primary	residue		
PāṇdaC.	2	primary	residue		
SīddhāKau.	2	primary	residue		
HarVī.	2	primary	residue		
Kāvyālaṃ.	2	primary	residue		
TirthaKa.	2	primary	residue		
VīśvaPra.	2	primary	residue		
AitĀr.	2	primary	residue		
YajñaSm.	2	primary	residue		
ManuBhāvāCan.	2	primary	residue		
JinaS.	2	primary	residue		
Virodhā.	2	primary	residue		
Ujjval.	2	primary	residue		
Durga.	2	primary	residue		
KāṭhaGS.	2	primary	residue		
LalītāSaBh.	2	primary	residue		
DvyāŚraKā.	2	primary	residue		
YājñSm.	2	primary	residue		
Vāgbhaṭa.	2	primary	residue		
NaiskaSi.	2	primary	residue		
RatnacūKa.	2	primary	residue		
AhirBuS.	2	primary	residue		
TattvaSaṃ.	2	primary	residue		
BhārCaṃ.	2	primary	residue		
IṣṭaSī.	2	primary	residue		
AbhiSaAlaṅ.	2	primary	residue		
Lingānu.	2	primary	residue		
LingaP.	2	primary	residue		
ŚabdKDru.	2	primary	residue		
TattvPra.	2	primary	residue		
MṛgendrT.	2	primary	residue		
RasaSa.	2	primary	residue		
VedāutKa.	2	primary	residue		
ṢaḍdarśaSa.	2	primary	residue		
TarkaKau.	2	primary	residue		
PraboCa.	2	primary	residue		
StavaMā.	2	primary	residue		
HariVame.	2	primary	residue		
DaśvāvaC.	2	primary	residue		
SmṛtīCan.	2	primary	residue		
Ujjva.	2	primary	residue		
ChāndUBh.	2	primary	residue		
VariVaRaha.	2	primary	residue		
AnekāSāṃ.	2	primary	residue		
ŚivarkaMaDī.	2	primary	residue		
ChandasSū.	2	primary	residue		
DīPra.	2	primary	residue		
HorāŚā.	2	primary	residue		
AupaSūT.	2	primary	residue		
GELD.	2	primary	residue		
PraSu.	2	primary	residue		
ViṣvaPra.	2	primary	residue		
NyāyBīṬ.	2	primary	residue		
Pass.	2	structural			
Kauṣī.	2	primary	residue		
ŚaṅkaDīgVi.	2	primary	residue		
CākṣU.	2	primary	residue		
NaīṣC.	2	primary	residue		
ŚīlpaRa.	2	primary	residue		
KumāDeCa.	2	primary	residue		
ParṇāParGra.	2	primary	residue		
Kapphīṇā.	2	primary	residue		
ŚaliC.	2	primary	residue		
DvyākṣaNā.	2	primary	residue		
ViddhāŚā.	2	primary	residue		
NavaRaMā.	2	primary	residue		
PañcaPā.	2	primary	residue		
TantraSā.	2	primary	residue		
ŚivaL.	2	primary	residue		
SīṃhāDvā.	2	primary	residue		
PrātaḥSt.	2	primary	residue		
Vol.	2	structural			
KāliU.	2	primary	residue		
VāsDa.	2	primary	residue		
SamrāSū.	2	primary	residue		
JayMa.	2	primary	residue		
Samarā.	2	primary	residue		
NyayVārPari.	2	primary	residue		
BṛĀrUBh.	2	primary	residue		
Abhise.	2	primary	residue		
Pok.	2	primary	residue		
VajaS.	2	primary	residue		
Uvaṭa.	2	primary	residue		
Nānārthā.	2	primary	residue		
AṣṭāaHṛ.	2	primary	residue		
KathāSaSag.	2	primary	residue		
AstāSaṃ.	2	primary	residue		
Eds.	2	primary	residue		
ManuBhāvaCan.	2	primary	residue		
NyāyMāVī.	2	primary	residue		
AviMā.	2	primary	residue		
DharmP.	2	primary	residue		
Mīmā.	2	primary	residue		
NyāyaRaMā.	2	primary	residue		
ŚivaK.	2	primary	residue		
VisṇuDhaP.	2	primary	residue		
ŚivārkāMaDī.	2	primary	residue		
KnaṇḍanKhā.	2	primary	residue		
SaṃkarKā.	2	primary	residue		
SiddhāLeŚaṃ.	2	primary	residue		
AsṭāHṛ.	2	primary	residue		
Agnī.	2	primary	residue		
Siddhā.	2	primary	residue		
BharŚS.	2	primary	residue		
BrāhmaSphuSi.	2	primary	residue		
LaŚabdaŚe.	2	primary	residue		
ŚiŚuVa.	2	primary	residue		
YadhiVi.	2	primary	residue		
PurāPrāSaṃ.	2	primary	residue		
BhāvŚa.	2	primary	residue		
BṛSam.	2	primary	residue		
Archi.	2	primary	residue		
KandCū.	2	primary	residue		
BṛKathā.	2	primary	residue		
Śabdakalpadruma.	2	primary	residue		
TaitBr.	2	primary	residue		
SKandP.	2	primary	residue		
ṢaḍṛVa.	2	primary	residue		
GopākeCan.	2	primary	residue		
RāghPaṇ.	2	primary	residue		
Nila.	2	primary	residue		
Pārvatī.	2	primary	residue		
SaṃhāDvā.	2	primary	residue		
MukuMu.	2	primary	residue		
SivLī.	2	primary	residue		
ParśvC.	2	primary	residue		
NirSi.	2	primary	residue		
MātsyaP.	2	primary	residue		
Daśapādī.	2	primary	residue		
TrṣaŚaPuC.	2	primary	residue		
MuLa.	2	primary	residue		
ŚabdaRaSak.	2	primary	residue		
TriṣaPuC.	2	primary	residue		
KṛsṇaKa.	2	primary	residue		
RajNi.	2	primary	residue		
GaṇiNāMā.	2	primary	residue		
MāmāKau.	2	primary	residue		
Śubhāṣi.	2	primary	residue		
SvāhāSu.	2	primary	residue		
LāŚabdeŚe.	2	primary	residue		
BālaRā.	2	primary	residue		
Cr.	2	primary	residue		
AlaṅkāSā.	2	primary	residue		
MayaMā.	2	primary	residue		
VidhiRā.	2	primary	residue		
BhāṭṭiDī.	2	primary	residue		
VedantKa.	2	primary	residue		
KāmRāU.	2	primary	residue		
AlaṅkāRā.	2	primary	residue		
MallīC.	2	primary	residue		
YuktiSneba.	2	primary	residue		
SiddhāŚikhU.	2	primary	residue		
KṛṣṇaU.	2	primary	residue		
NyāyRā.	2	primary	residue		
ŚabdaRaSa.	2	primary	residue		
HammīMaMā.	2	primary	residue		
Roxb.	2	primary	residue		
SāraTi.	2	primary	residue		
MṛgendraṬ.	2	primary	residue		
RasCaṅ.	2	primary	residue		
TattvaVai.	2	primary	residue		
Apara.	2	primary	residue		
DeviCatuSt.	2	primary	residue		
DaśŚlo.	2	primary	residue		
ĪśānSiPa.	2	primary	residue		
NānarthāSaṃ.	2	primary	residue		
PhitSū.	2	primary	residue		
CūT.	2	primary	residue		
BaudhāDS.	2	primary	residue		
Tantra.	2	primary	residue		
Achyutarā.	2	primary	residue		
GuruA.	2	primary	residue		
XVI.	2	structural			
BṛKathāSloSaṃ.	2	primary	residue		
SaraKaṇṭḥā.	2	primary	residue		
JBBRAS.	2	primary	residue		
PandmP.	2	primary	residue		
BrahmaṇḍP.	2	primary	residue		
KāyāKā.	2	primary	residue		
YogaŚā.	2	primary	residue		
BhagGi.	2	primary	residue		
KS.	2	primary	residue		
PārśvSta.	2	primary	residue		
ŚaktiSa.	2	primary	residue		
SaravaSiSaṃ.	2	primary	residue		
PañBr.	2	primary	residue		
ViCa.	2	primary	residue		
ŚabdaRāSaK.	2	primary	residue		
LaSabdeŚe.	2	primary	residue		
PāśvC.	2	primary	residue		
VedaSāŚiSt.	2	primary	residue		
ViṣṇuDhap.	2	primary	residue		
PraśnaJñā.	2	primary	residue		
SkandaP.	2	primary	residue		
ŚaṅKaDigVi.	2	primary	residue		
BrahmāndP.	2	primary	residue		
Vājas.	2	primary	residue		
Sprüche.	2	primary	residue		
AnuBh.	2	primary	residue		
ŚāṅkaVi.	2	primary	residue		
PañcaPra.	2	primary	residue		
KāmkaVi.	2	primary	residue		
KkaṇḍanKhā.	2	primary	residue		
BiU.	2	primary	residue		
Uṇ.	2	primary	residue		
Vīrami.	2	primary	residue		
Kṛṣṇa.	2	primary	residue		
CaŚ.	2	primary	residue		
Tantrakhyā.	2	primary	residue		
JñānaBiPra.	2	primary	residue		
UpaSū.	2	primary	residue		
BhāktiSū.	2	primary	residue		
Pañcī.	2	primary	residue		
PanṣkS.	2	primary	residue		
IsṭaSi.	2	primary	residue		
KāthGS.	2	primary	residue		
UdayKa.	2	primary	residue		
NāṭyaSā.	2	primary	residue		
KauśiGS.	2	primary	residue		
Sāṃkhya.	2	primary	residue		
SaṃyaKau.	2	primary	residue		
Hastāyur.	2	primary	residue		
UjjvaNī.	2	primary	residue		
ŚānkhāŚS.	2	primary	residue		
ŚatTra.	2	primary	residue		
LiSm.	2	primary	residue		
YogāBhū.	2	primary	residue		
RāmCāSta.	2	primary	residue		
MagdhaBo.	2	primary	residue		
LaŚbdeŚe.	2	primary	residue		
KumāCaVa.	2	primary	residue		
PrabaKo.	2	primary	residue		
ChandahSū.	2	primary	residue		
RājMar.	2	primary	residue		
MānMe.	2	primary	residue		
ŚaṅkaDigVī.	2	primary	residue		
SāṃkhyāPraBh.	2	primary	residue		
YātraPra.	2	primary	residue		
TattvSāṃ.	2	primary	residue		
Tantrālo.	2	primary	residue		
PadCan.	2	primary	residue		
ŚabdaRaK.	2	primary	residue		
ŚrautaPra.	2	primary	residue		
PūrāPraSaṃ.	2	primary	residue		
NīRa.	2	primary	residue		
NyāyaK.	2	primary	residue		
SiddhāSī.	2	primary	residue		
YogaSā.	2	primary	residue		
Chandaścū.	2	primary	residue		
CitraMi.	2	primary	residue		
KuṭṭMa.	2	primary	residue		
MāṇḍūUBh.	2	primary	residue		
ŚaTrayī.	2	primary	residue		
KausīBr.	2	primary	residue		
NṛsiṃhaTāU.	2	primary	residue		
Kāvyalaṅ.	2	primary	residue		
MohMu.	2	primary	residue		
KālāVi.	2	primary	residue		
Saptarṣis.	2	primary	residue		
BhramaDū.	2	primary	residue		
AvPari.	2	primary	residue		
BṛKathāŚloŚaṃ.	2	primary	residue		
PratāyaBhū.	2	primary	residue		
Bhask.	2	primary	residue		
Aṣṭāhṛ.	2	primary	residue		
ŚaṃgīRa.	2	primary	residue		
YaśaCam.	2	primary	residue		
SaravaDaSaṃ.	2	primary	residue		
MahāBhārDī.	2	primary	residue		
LakṣmīṬ.	2	primary	residue		
VasiSaṃ.	2	primary	residue		
BhārBhāDi.	2	primary	residue		
KalyāKa.	2	primary	residue		
Nīti.	2	primary	residue		
ŚrṅgāTi.	2	primary	residue		
DaśaRū.	2	primary	residue		
ViBr.	2	primary	residue		
MahNirvāTa.	2	primary	residue		
AdbhuSā.	2	primary	residue		
JīnaŚ.	2	primary	residue		
ŚūktiRa.	2	primary	residue		
ŚaṅkhSm.	2	primary	residue		
LIX.	2	primary	residue		
BhramaA.	2	primary	residue		
KenaUBh.	2	primary	residue		
GītaBh.	2	primary	residue		
NyāyVāraPari.	2	primary	residue		
Cf.	2	structural			
ChāndoMañ.	2	primary	residue		
ŚivotkaMañ.	2	primary	residue		
TrīṣaŚaPuC.	2	primary	residue		
KauṣiBrU.	2	primary	residue		
JānaP.	2	primary	residue		
Mahābh.	2	primary	residue		
RāsRaSa.	2	primary	residue		
ŚarṅgaPa.	2	primary	residue		
KumāGuṇo.	2	primary	residue		
ṢaḍdSa.	2	primary	residue		
BṛKāthāMañ.	2	primary	residue		
ViṣṇuSaNā.	2	primary	residue		
TulU.	2	primary	residue		
Śākaṭā.	2	primary	residue		
SāmaRaU.	2	primary	residue		
BhallŚ.	2	primary	residue		
ŚāhaBh.	2	primary	residue		
Vakrojī.	2	primary	residue		
UVāBh.	2	primary	residue		
VaiyāSiMāñ.	2	primary	residue		
Vī.	2	primary	residue		
PrakaVī.	2	primary	residue		
MālaviKā.	2	primary	residue		
BhelaŚ.	2	primary	residue		
VedāntKan.	2	primary	residue		
Kalpak.	2	primary	residue		
ŚāṃgaPa.	2	primary	residue		
KāmaSū.	2	primary	residue		
Etym.	2	primary	residue		
SaraKaṇṭthā.	2	primary	residue		
Mayr.	2	primary	residue		
SvapnaVā.	2	primary	residue		
ĀśvaSS.	2	primary	residue		
IB.	2	primary	residue		
KṣudraSū.	2	primary	residue		
AbhidhāRāMā.	2	primary	residue		
NṛPūTāU.	2	primary	residue		
JamiBr.	2	primary	residue		
AśiraU.	2	primary	residue		
TattvVaī.	2	primary	residue		
Subbhāṣi.	2	primary	residue		
Kātau.	2	primary	residue		
LāṭyāSS.	2	primary	residue		
HammiMaMa.	2	primary	residue		
JaiUBr.	2	primary	residue		
PrakrīKau.	2	primary	residue		
JaimBr.	2	primary	residue		
BṛhaspSm.	2	primary	residue		
SāṅkhāŚS.	2	primary	residue		
LaHāriSm.	2	primary	residue		
Śatrayī.	2	primary	residue		
YatīndraDi.	2	primary	residue		
Drama.	2	primary	residue		
ŚatTrayi.	2	primary	residue		
MahāViSt.	2	primary	residue		
TripuDī.	2	primary	residue		
Buddha.	2	primary	residue		
NaiṣCa.	2	primary	residue		
NīDa.	2	primary	residue		
VyavNir.	2	primary	residue		
ŚṛngāSar.	2	primary	residue		
ŚaṅkaDiVi.	2	primary	residue		
NitiPra.	2	primary	residue		
JñātāDhṬ.	2	primary	residue		
MāhāBh.	2	primary	residue		
MimāSū.	2	primary	residue		
Bhe.	2	primary	residue		
Parā.	2	primary	residue		
MahaRāPa.	2	primary	residue		
NāṭLaRaK.	2	primary	residue		
DvyāśraKa.	2	primary	residue		
GaneP.	2	primary	residue		
ChāndoBr.	2	primary	residue		
Acyūtarā.	2	primary	residue		
ŚīśuVa.	2	primary	residue		
TantrŚa.	2	primary	residue		
SaravaVeSāSaṃ.	2	primary	residue		
Prādī.	2	primary	residue		
SaṅkarU.	2	primary	residue		
ŚivāpaKṣaSt.	2	primary	residue		
IśvaPraSū.	2	primary	residue		
Rāghunā.	2	primary	residue		
BVB.	2	primary	residue		
Gorr.	2	primary	residue		
ŚaṅkhaLikhitaDS.	2	primary	residue		
J.	2	structural			
PrakiKau.	2	primary	residue		
VaijāBhū.	2	primary	residue		
MayāMāli.	2	primary	residue		
SaṃgīRā.	2	primary	residue		
SāU.	2	primary	residue		
VasaVi.	2	primary	residue		
YājnaSm.	2	primary	residue		
AṛthŚā.	2	primary	residue		
El.	2	primary	residue		
JagannāA.	2	primary	residue		
ViSt.	2	primary	residue		
BṛĀraUBhVa.	2	primary	residue		
NyāyaRa.	2	primary	residue		
ŚivārakaMaDī.	2	primary	residue		
GOLS.	2	primary	residue		
KṣuriU.	2	primary	residue		
ManPāṭha.	2	primary	residue		
Drav.	2	primary	residue		
NyāMāVi.	2	primary	residue		
NyāvSu.	2	primary	residue		
DCPI.	2	primary	residue		
RSGM.	2	primary	residue		
AbhiuBhā.	2	primary	residue		
PṛĀraUBhVā.	2	primary	residue		
GanḍKā.	2	primary	residue		
MUSS.	2	primary	residue		
PiṇḍapitṛBr.	2	primary	residue		
VedāntPāSan.	2	primary	residue		
SaddhaPun.	2	primary	residue		
Dhavanyā.	2	primary	residue		
NyāyVārParī.	2	primary	residue		
NyāvMañ.	2	primary	residue		
SarKaṇṭhā.	2	primary	residue		
NamMā.	2	primary	residue		
BhāŚS.	2	primary	residue		
Mrcch.	2	primary	residue		
Vāgbhatā.	2	primary	residue		
PūrvottaVāNāMā.	2	primary	residue		
Śil.	2	primary	residue		
VaikhāŚs.	2	primary	residue		
CaṇḍīKuPañ.	2	primary	residue		
ŚabdaraSaK.	2	primary	residue		
VBSGM.	2	primary	residue		
RājŚyāU.	2	primary	residue		
KātyŚi.	2	primary	residue		
VāraŚS.	2	primary	residue		
NemīNir.	2	primary	residue		
NyāyKā.	2	primary	residue		
SārasvaVyā.	2	primary	residue		
VedāntraMañ.	2	primary	residue		
Tārkira.	2	primary	residue		
Rāṣṭrapālaparipṛcchā.	2	primary	residue		
Prakavi.	2	primary	residue		
Log.	2	primary	residue		
PamP.	2	primary	residue		
SaṃkṣcŚā.	2	primary	residue		
Ḍi.	2	primary	residue		
RudrU.	2	primary	residue		
NṛsiṃhottaTāU.	2	primary	residue		
MayuMāli.	2	primary	residue		
PāñcaRāRa.	2	primary	residue		
KośakaTa.	2	primary	residue		
HirŚs.	2	primary	residue		
Nālābhyu.	2	primary	residue		
Śāy.	2	primary	residue		
NṛsimṢaCaU.	2	primary	residue		
PāñcRāRā.	2	primary	residue		
TriṣaŚaPuc.	2	primary	residue		
JñānBi.	2	primary	residue		
O.	2	structural			
ṢadviBr.	2	primary	residue		
LalitaTriBh.	2	primary	residue		
KoṣaKaTa.	2	primary	residue		
PuṣpaSū.	2	primary	residue		
AṣṭaHṛ.	2	primary	residue		
ŚārīU.	2	primary	residue		
SiddhāŚi.	2	primary	residue		
YogSāSaṃ.	2	primary	residue		
Dictionary.	2	primary	residue		
NṛtyaRaK.	2	primary	residue		
PañcBraU.	2	primary	residue		
ŚāṇḍiU.	2	primary	residue		
ŚāṅkhāA.	2	primary	residue		
BaudhŚSS.	2	primary	residue		
VarāṅgC.	2	primary	residue		
SaraKaṇṭā.	2	primary	residue		
Rohiṇī.	2	primary	residue		
Mīmāṃsākośa.	2	primary	residue		
ManuSṃ.	2	primary	residue		
PrāṇaU.	2	primary	residue		
BṛParāSṃ.	2	primary	residue		
Nt.	2	primary	residue		
Ṛv.	2	primary	residue		
MadhurāVi.	2	primary	residue		
GopaKeCan.	2	primary	residue		
Rāmābhyu.	2	primary	residue		
VyāvaNi.	2	primary	residue		
LaŚadbeŚe.	2	primary	residue		
JAS.	2	primary	residue		
KauśīGS.	2	primary	residue		
BhaṭṭBhā.	2	primary	residue		
YājñU.	2	primary	residue		
MohRāPa.	2	primary	residue		
AśvVai.	2	primary	residue		
AbhinaBhā.	2	primary	residue		
Ḍamarū.	2	primary	residue		
NandiKāśi.	1	primary	residue		
CamatCan.	1	primary	residue		
ParaLaMañ.	1	primary	residue		
Abhi.	1	primary	residue		
AlaṅkCū.	1	primary	residue		
PadārthaRaMā.	1	primary	residue		
ŚabdKaDru.	1	primary	residue		
Vāc.	1	primary	residue		
Tribhā.	1	primary	residue		
Dr.	1	primary	residue		
Kṣīrasvā.	1	primary	residue		
HorāPañ.	1	primary	residue		
CaturCiu.	1	primary	residue		
RaseCi.	1	primary	residue		
BallāCa.	1	primary	residue		
DvyāKā.	1	primary	residue		
SaṅgīPā.	1	primary	residue		
NyāyaMāVi.	1	primary	residue		
BaudbŚS.	1	primary	residue		
Mahe.	1	primary	residue		
Nandana.	1	primary	residue		
KāryKaVṛ.	1	primary	residue		
Campū.	1	primary	residue		
BrKathāMañ.	1	primary	residue		
VaiKhāŚS.	1	primary	residue		
ŚāriṅgaPa.	1	primary	residue		
Śaivāgama.	1	primary	residue		
Acvutarā.	1	primary	residue		
KāvyMi.	1	primary	residue		
ĪŚānŚiPa.	1	primary	residue		
KathāSaŚāg.	1	primary	residue		
SūśruS.	1	primary	residue		
DhātūPā.	1	primary	residue		
TattvBo.	1	primary	residue		
BERG.	1	primary	residue		
AUFR.	1	primary	residue		
Āpaḥ.	1	primary	residue		
SīśuVa.	1	primary	residue		
LalitāstaRa.	1	primary	residue		
BhāraŚS.	1	primary	residue		
ŚivKePaSt.	1	primary	residue		
AdhidhāCi.	1	primary	residue		
Tantras.	1	primary	residue		
EkārthNā.	1	primary	residue		
Case.	1	primary	residue		
Tribhāṣya.	1	primary	residue		
AlaṅkāCfn.	1	primary	residue		
SabhāRaK.	1	primary	residue		
JādaPa.	1	primary	residue		
ViddhaŚāla.	1	primary	residue		
Buddhakṣetra.	1	primary	residue		
AbhidhānaRāj.	1	primary	residue		
AbhisaAlaṅkĀ.	1	primary	residue		
Rāja.	1	primary	residue		
Bodhisattva.	1	primary	residue		
NyāyaBh.	1	primary	residue		
Brahm.	1	primary	residue		
ĀtmTattvVi.	1	primary	residue		
AbhidhaKoBh.	1	primary	residue		
HaṃsaSan.	1	primary	residue		
Karṇa.	1	primary	residue		
PañcViBr.	1	primary	residue		
UpamitiBhaPraKa.	1	primary	residue		
SaṃkhyaPraSū.	1	primary	residue		
ManuBhā.	1	primary	residue		
SurśruS.	1	primary	residue		
Aṇubh.	1	primary	residue		
KathāLaṬ.	1	primary	residue		
ŚankaDigVi.	1	primary	residue		
TantrRah.	1	primary	residue		
AdaiSi.	1	primary	residue		
KāvyāMī.	1	primary	residue		
AṣṭāṅgHṛ.	1	primary	residue		
SvoṬ.	1	primary	residue		
DhaṬī.	1	primary	residue		
BṛhĀrU.	1	primary	residue		
BrKathāŚloSaṃ.	1	primary	residue		
Jānāsra.	1	primary	residue		
VarīvaRa.	1	primary	residue		
PañcRa.	1	primary	residue		
NyāKuA.	1	primary	residue		
PratyabiVi.	1	primary	residue		
PadyVe.	1	primary	residue		
SubhāRak.	1	primary	residue		
ParaHaṃPaU.	1	primary	residue		
VidyātāU.	1	primary	residue		
ŚaraTi.	1	primary	residue		
ŚivaSū.	1	primary	residue		
ViṣṇuDh.	1	primary	residue		
ŚāstraDīPra.	1	primary	residue		
Kavyāda.	1	primary	residue		
PadārthaSam.	1	primary	residue		
Kāvyālāṅ.	1	primary	residue		
UpadeśaSā.	1	primary	residue		
TattvCi.	1	primary	residue		
KarmNi.	1	primary	residue		
PṛthvīVī.	1	primary	residue		
UdayaSuK.	1	primary	residue		
Tippaṇī.	1	primary	residue		
BhelaSa.	1	primary	residue		
Jivā.	1	primary	residue		
Hol.	1	primary	residue		
LXXB.	1	primary	residue		
ŚataTrayī.	1	primary	residue		
RaMa.	1	primary	residue		
SvopVr.	1	primary	residue		
ŚāṃkhyaTaPra.	1	primary	residue		
ParīMuSū.	1	primary	residue		
PrameRaAlaṃ.	1	primary	residue		
RatnaAva.	1	primary	residue		
KāvyalaṅSū.	1	primary	residue		
Jyeṣṭhā.	1	primary	residue		
ParyāyRaMā.	1	primary	residue		
PañT.	1	primary	residue		
AṇuBhā.	1	primary	residue		
VīkraDeC.	1	primary	residue		
HetuBīT.	1	primary	residue		
ŚīvaDṛ.	1	primary	residue		
DharmaSaṃ.	1	primary	residue		
NyāyVāParī.	1	primary	residue		
NidāS.	1	primary	residue		
Pañc.	1	primary	residue		
JātPā.	1	primary	residue		
NāñārthSaṃ.	1	primary	residue		
VīśvaLoK.	1	primary	residue		
RāghPā.	1	primary	residue		
SākatāVyā.	1	primary	residue		
ManvarthaVi.	1	primary	residue		
NyāyYā.	1	primary	residue		
ViraMī.	1	primary	residue		
Subodhī.	1	primary	residue		
Interpol.	1	primary	residue		
BṛNāP.	1	primary	residue		
RasGaṃ.	1	primary	residue		
Rudradatta.	1	primary	residue		
Kārtikeyānutprekṣā.	1	primary	residue		
BhaṭṭDī.	1	primary	residue		
XL.	1	primary	residue		
SmṛtiCañ.	1	primary	residue		
Kavīndravacanasamuccaya.	1	primary	residue		
VāynP.	1	primary	residue		
KumāCaSam.	1	primary	residue		
ChandoUBh.	1	primary	residue		
AbhidKoBh.	1	primary	residue		
Vīdvanmo.	1	primary	residue		
MahdhyāViBh.	1	primary	residue		
PratyabhiHr.	1	primary	residue		
NavaŚāC.	1	primary	residue		
TriBṛU.	1	primary	residue		
PārasGS.	1	primary	residue		
SubhāSī.	1	primary	residue		
BramāṇḍP.	1	primary	residue		
BhāṭṭCi.	1	primary	residue		
SīddhāBi.	1	primary	residue		
ŚukṛNī.	1	primary	residue		
Divyāvadāna.	1	primary	residue		
ĀrthŚā.	1	primary	residue		
MadhyāViBhṬ.	1	primary	residue		
JaimīUBr.	1	primary	residue		
SīddhaHe.	1	primary	residue		
Jinaś.	1	primary	residue		
TalpaVṛ.	1	primary	residue		
LāṭtyāŚS.	1	primary	residue		
SāṃkhyTaPra.	1	primary	residue		
MayūMāl.	1	primary	residue		
LaghuŚabdeŚe.	1	primary	residue		
KālīViTa.	1	primary	residue		
Itihāsopaniṣad.	1	primary	residue		
KātyāŚuS.	1	primary	residue		
AmarK.	1	primary	residue		
LaghuBhāsk.	1	primary	residue		
PhiSū.	1	primary	residue		
ŚyaiŚā.	1	primary	residue		
ŚabdaBhePr.	1	primary	residue		
Satyabhāmā.	1	primary	residue		
PauṣkṢ.	1	primary	residue		
DaksiMūVaMāSt.	1	primary	residue		
DeviPañ.	1	primary	residue		
PāraskaraGS.	1	primary	residue		
Bhānu.	1	primary	residue		
ŚāṅkhāĀra.	1	primary	residue		
KandaCūMa.	1	primary	residue		
MughaBo.	1	primary	residue		
KhāŚS.	1	primary	residue		
NighaŚe.	1	primary	residue		
NyāyaVi.	1	primary	residue		
Dev.	1	primary	residue		
BṛahmP.	1	primary	residue		
KathāSaSā.	1	primary	residue		
CaturCi.	1	primary	residue		
TantrR.	1	primary	residue		
KalpaKo.	1	primary	residue		
TattvārthaVār.	1	primary	residue		
NīlP.	1	primary	residue		
TriKāŚe.	1	primary	residue		
MuṇnḍaUBh.	1	primary	residue		
KavīndraVaSa.	1	primary	residue		
Kṣemaṅkarī.	1	primary	residue		
VasSm.	1	primary	residue		
ŚatTayī.	1	primary	residue		
JānHa.	1	primary	residue		
Aspera.	1	primary	residue		
RāmoTāpU.	1	primary	residue		
YajñaŚi.	1	primary	residue		
JānāŚra.	1	primary	residue		
SaraKanṭhā.	1	primary	residue		
Nitimā.	1	primary	residue		
NidāŚū.	1	primary	residue		
GāyRaU.	1	primary	residue		
AhibruS.	1	primary	residue		
SāhīSā.	1	primary	residue		
Dharma.	1	primary	residue		
ŚāṅkhaĀ.	1	primary	residue		
SāṅkhyaTaKau.	1	primary	residue		
Ujjvala.	1	primary	residue		
SivpañNaMā.	1	primary	residue		
NyāyaVār.	1	primary	residue		
TripuTāpU.	1	primary	residue		
BhāraDī.	1	primary	residue		
Sam.	1	primary	residue		
UpadeŚā.	1	primary	residue		
HastyāYur.	1	primary	residue		
PrabhaK.	1	primary	residue		
ĀŚvaGS.	1	primary	residue		
IṣaṭaSi.	1	primary	residue		
Aor.	1	primary	residue		
Prāsā.	1	primary	residue		
Sāya.	1	primary	residue		
AśvaŚāstra.	1	primary	residue		
VedāntSiSuMañ.	1	primary	residue		
BṛKathāŚaloSaṃ.	1	primary	residue		
RāmkṛViKā.	1	primary	residue		
BarpaD.	1	primary	residue		
Rāgha.	1	primary	residue		
Sarvajña.	1	primary	residue		
DāśāvaC.	1	primary	residue		
KuṭṭiMa.	1	primary	residue		
ApūNāMā.	1	primary	residue		
ŚBK.	1	primary	residue		
XLVI.	1	primary	residue		
DrāhGS.	1	primary	residue		
CūMa.	1	primary	residue		
TattvaMu.	1	primary	residue		
VaijK.	1	primary	residue		
AhhiDhKoBh.	1	primary	residue		
AbhisaAlāṅĀ.	1	primary	residue		
Kṣīra.	1	primary	residue		
Crit.	1	primary	residue		
ŚrikarBh.	1	primary	residue		
ĀṣṭāHṛ.	1	primary	residue		
AlaṇkāSa.	1	primary	residue		
NalāCam.	1	primary	residue		
SiddhāSt.	1	primary	residue		
SundŚa.	1	primary	residue		
MaṇḍBṛU.	1	primary	residue		
MaṭhāU.	1	primary	residue		
TattvaPradī.	1	primary	residue		
MaṇḍaBṛU.	1	primary	residue		
Śuddhi.	1	primary	residue		
TrlṣaŚaPuC.	1	primary	residue		
Astrolo.	1	primary	residue		
NārāS.	1	primary	residue		
ŚaṅkaVī.	1	primary	residue		
ŚātŚlo.	1	primary	residue		
KumāCāSaṃ.	1	primary	residue		
Ga.	1	primary	residue		
VasaVikā.	1	primary	residue		
LakṣmīL.	1	primary	residue		
SidhāSāU.	1	primary	residue		
DeśāvaC.	1	primary	residue		
Nityo.	1	primary	residue		
ŚilapaRa.	1	primary	residue		
GaṅgāLa.	1	primary	residue		
CaitCan.	1	primary	residue		
BṛDharP.	1	primary	residue		
GaṇiSāSāṃ.	1	primary	residue		
JīvānVi.	1	primary	residue		
PratyābhiHṛ.	1	primary	residue		
KaṇḍaCū.	1	primary	residue		
SahiDa.	1	primary	residue		
Gaṅgā.	1	primary	residue		
SaduktlKa.	1	primary	residue		
Pañca.	1	primary	residue		
SevyāSev.	1	primary	residue		
KaṭhUBh.	1	primary	residue		
Colophon.	1	primary	residue		
TāttvSaṃ.	1	primary	residue		
VṛHārSm.	1	primary	residue		
ViśvPra.	1	primary	residue		
BhārPraNi.	1	primary	residue		
GaṇP.	1	primary	residue		
Ṛsi.	1	primary	residue		
VidyāTāU.	1	primary	residue		
UttaraRā.	1	primary	residue		
ŚabdaRasaK.	1	primary	residue		
ŚesaNā.	1	primary	residue		
SaḍrasaNi.	1	primary	residue		
BhaṭṭCin.	1	primary	residue		
ĀṭmaTaVi.	1	primary	residue		
BṛĀrU.	1	primary	residue		
YanunāA.	1	primary	residue		
JaineVya.	1	primary	residue		
AbhidbSa.	1	primary	residue		
VaitŚS.	1	primary	residue		
KausīGS.	1	primary	residue		
ŚīvaP.	1	primary	residue		
EL.	1	primary	residue		
TaīS.	1	primary	residue		
Suśru.	1	primary	residue		
AṣṭHṛ.	1	primary	residue		
JyotiṣNi.	1	primary	residue		
ĀrṣBr.	1	primary	residue		
JātaP.	1	primary	residue		
Virāj.	1	primary	residue		
Tantrābhī.	1	primary	residue		
NānārthāŚaṃ.	1	primary	residue		
AnekaSaṃ.	1	primary	residue		
AbidhāCin.	1	primary	residue		
ŚisuVa.	1	primary	residue		
Aṣṭāsaṃ.	1	primary	residue		
MaháBhā.	1	primary	residue		
PārāyU.	1	primary	residue		
VPari.	1	primary	residue		
Kullūka.	1	primary	residue		
ĀcamU.	1	primary	residue		
ViśrU.	1	primary	residue		
VisvaLoK.	1	primary	residue		
SuśuS.	1	primary	residue		
CarSa.	1	primary	residue		
CuruCandr.	1	primary	residue		
ŚabdaRaŚaK.	1	primary	residue		
ĀpaŚŚ.	1	primary	residue		
Manvarthacandrikā.	1	primary	residue		
ParamāNā.	1	primary	residue		
VaṛāP.	1	primary	residue		
DvyāśṛaKā.	1	primary	residue		
DevīBhā.	1	primary	residue		
GobhilSm.	1	primary	residue		
KāvyāDa.	1	primary	residue		
ŚaṅkVi.	1	primary	residue		
Agnihotṛ.	1	primary	residue		
Kalyākā.	1	primary	residue		
VaikhŚS.	1	primary	residue		
MaṅkhaK.	1	primary	residue		
BhāPraNi.	1	primary	residue		
ŚābaBhā.	1	primary	residue		
ŚabhāŚ.	1	primary	residue		
ĀśvāŚS.	1	primary	residue		
PrakaPañc.	1	primary	residue		
RasaPraSu.	1	primary	residue		
GheraṇḍaS.	1	primary	residue		
Jātapā.	1	primary	residue		
VaikāhŚS.	1	primary	residue		
MatstaP.	1	primary	residue		
KausiGS.	1	primary	residue		
LalitāsaBh.	1	primary	residue		
VedāntpāSau.	1	primary	residue		
VādhulaŚS.	1	primary	residue		
Vaikhā.	1	primary	residue		
Nīr.	1	primary	residue		
AdvaiS.	1	primary	residue		
ŚārṅgS.	1	primary	residue		
UpaPara.	1	primary	residue		
BhaudhŚS.	1	primary	residue		
TāptaṬ.	1	primary	residue		
Lakṣmī.	1	primary	residue		
BhāṭṭṭCan.	1	primary	residue		
Dīpka.	1	primary	residue		
BhārŚŚ.	1	primary	residue		
AbhiDa.	1	primary	residue		
AuciViC.	1	primary	residue		
SūryaS.	1	primary	residue		
NānārāthaMa.	1	primary	residue		
ŚlokVār.	1	primary	residue		
SubhadrāDha.	1	primary	residue		
JayaMaṅ.	1	primary	residue		
GopālaKeli.	1	primary	residue		
HaṃsaDū.	1	primary	residue		
CampaŚreK.	1	primary	residue		
Mathe.	1	primary	residue		
Śeśavā.	1	primary	residue		
AbhisAlaṅ.	1	primary	residue		
VājS.	1	primary	residue		
AṅkāTi.	1	primary	residue		
Ballā.	1	primary	residue		
AdvaitSi.	1	primary	residue		
ŚāntiVi.	1	primary	residue		
SidhāMu.	1	primary	residue		
SidhāTaVi.	1	primary	residue		
KapKaṭhS.	1	primary	residue		
Mahidhara.	1	primary	residue		
BījaGa.	1	primary	residue		
PañcaBr.	1	primary	residue		
ŚaṅkhaSam.	1	primary	residue		
RaguVa.	1	primary	residue		
POKO.	1	primary	residue		
KauṣāBrU.	1	primary	residue		
RasaGaṃ.	1	primary	residue		
ParamāNāMā.	1	primary	residue		
UjjvNīMa.	1	primary	residue		
ĀryaBha.	1	primary	residue		
ŚāstāSm.	1	primary	residue		
MahāNirvāT.	1	primary	residue		
Yātrā.	1	primary	residue		
ŚvetāśvU.	1	primary	residue		
PraKriKau.	1	primary	residue		
AneKāSaṃ.	1	primary	residue		
MandāMañ.	1	primary	residue		
SaṅkalpaSū.	1	primary	residue		
Skanda.	1	primary	residue		
Vivādacintāmaṇī.	1	primary	residue		
SūktīRa.	1	primary	residue		
NāṭakaCan.	1	primary	residue		
PurāPraŚaṃ.	1	primary	residue		
Dru.	1	primary	residue		
PānṣḍaC.	1	primary	residue		
Subhā.	1	primary	residue		
AhinbuS.	1	primary	residue		
BSOAS.	1	primary	residue		
DhāCin.	1	primary	residue		
TrīkāŚe.	1	primary	residue		
BhāvaCan.	1	primary	residue		
ĪśārŚiPa.	1	primary	residue		
CāṇaNiDa.	1	primary	residue		
MātaLā.	1	primary	residue		
MunāKau.	1	primary	residue		
ŚakraNī.	1	primary	residue		
TripuMāPuSt.	1	primary	residue		
Lila.	1	primary	residue		
SamadraMa.	1	primary	residue		
VikramāDeC.	1	primary	residue		
LahtāSaBh.	1	primary	residue		
ParaśaKS.	1	primary	residue		
DarpiDa.	1	primary	residue		
TripuTaU.	1	primary	residue		
BhartrNi.	1	primary	residue		
DaśaPādī.	1	primary	residue		
Imper.	1	primary	residue		
AbhidhāRaMa.	1	primary	residue		
NīitVā.	1	primary	residue		
Bhāsva.	1	primary	residue		
KaraṇaKau.	1	primary	residue		
Perinaeum.	1	primary	residue		
DaśaŚlo.	1	primary	residue		
MāmāNyāPra.	1	primary	residue		
TriUBr.	1	primary	residue		
ŚiṃhāDvā.	1	primary	residue		
AlaṅkaRa.	1	primary	residue		
LalitāŚBh.	1	primary	residue		
BhāṭṭDīi.	1	primary	residue		
BalāKrī.	1	primary	residue		
BālāKrī.	1	primary	residue		
Apārā.	1	primary	residue		
MiāmāKau.	1	primary	residue		
SaruP.	1	primary	residue		
As.	1	primary	residue		
AnaṅgaRā.	1	primary	residue		
AbhidK.	1	primary	residue		
DaśaKuC.	1	primary	residue		
TārkiRā.	1	primary	residue		
BrahmāVaiP.	1	primary	residue		
SlokaVār.	1	primary	residue		
TattvārthaBh.	1	primary	residue		
SubhāRa.	1	primary	residue		
AnciViCa.	1	primary	residue		
NyāyRāMā.	1	primary	residue		
Kāvyānū.	1	primary	residue		
TantrŚā.	1	primary	residue		
MāliC.	1	primary	residue		
BharataKośa.	1	primary	residue		
SiddhYa.	1	primary	residue		
PavaDu.	1	primary	residue		
AlāṅkāSa.	1	primary	residue		
SaṃgiRā.	1	primary	residue		
CaṇḍīŚi.	1	primary	residue		
UdaySaSāg.	1	primary	residue		
LaliVā.	1	primary	residue		
ViśvaLo.	1	primary	residue		
AṣtāHṛ.	1	primary	residue		
MayaūMāli.	1	primary	residue		
NyāyS.	1	primary	residue		
NaṭyaŚa.	1	primary	residue		
RamāCam.	1	primary	residue		
Yakṣa.	1	primary	residue		
NyāyRaMāl.	1	primary	residue		
NanārthMañ.	1	primary	residue		
Jyotiṣa.	1	primary	residue		
BrahmāṇṭP.	1	primary	residue		
MaṭhVṛ.	1	primary	residue		
ĪśānŚiPā.	1	primary	residue		
NSEd.	1	primary	residue		
Trikāśe.	1	primary	residue		
KumāCaSām.	1	primary	residue		
Pāncā.	1	primary	residue		
ŚilpaRā.	1	primary	residue		
AvantiKā.	1	primary	residue		
GaṇRā.	1	primary	residue		
ĪṣāŚiPa.	1	primary	residue		
Yaśas.	1	primary	residue		
ŚvapuVā.	1	primary	residue		
Śīlāṅka.	1	primary	residue		
Atharvaprāyaścitta.	1	primary	residue		
Pl.	1	structural			
AirBr.	1	primary	residue		
NyāS.	1	primary	residue		
PrakāPañ.	1	primary	residue		
ChitraPaC.	1	primary	residue		
Tattvo.	1	primary	residue		
ĀgamPrā.	1	primary	residue		
Pradīiv.	1	primary	residue		
RatnaCūK.	1	primary	residue		
RājaT.	1	primary	residue		
YuktiKā.	1	primary	residue		
JaimiSū.	1	primary	residue		
Nṛṭyā.	1	primary	residue		
Bhāṣya.	1	primary	residue		
ŚrntaPra.	1	primary	residue		
AvāntiKa.	1	primary	residue		
Gaṇa.	1	primary	residue		
LaghvāśvSm.	1	primary	residue		
KālīVi.	1	primary	residue		
SivaP.	1	primary	residue		
AbninBhā.	1	primary	residue		
ŚetuBa.	1	primary	residue		
BhāvPr.	1	primary	residue		
JṅānBiPra.	1	primary	residue		
KapiKS.	1	primary	residue		
AnaṅgRa.	1	primary	residue		
VarṇaMāSt.	1	primary	residue		
Prāṇābha.	1	primary	residue		
VajrapañU.	1	primary	residue		
DhātuVr.	1	primary	residue		
Liṅga.	1	primary	residue		
Vitarā.	1	primary	residue		
MīnāSt.	1	primary	residue		
RasaCin.	1	primary	residue		
ĀdhiP.	1	primary	residue		
SidddhāTaVi.	1	primary	residue		
EkiSt.	1	primary	residue		
ŚāPuC.	1	primary	residue		
Mūkapañ.	1	primary	residue		
KāvyKaVr.	1	primary	residue		
CandaśCū.	1	primary	residue		
NayāyVi.	1	primary	residue		
BṛKathāMaṅ.	1	primary	residue		
SaṅkaDigVi.	1	primary	residue		
BhiksāKā.	1	primary	residue		
UpasK.	1	primary	residue		
BahāvPra.	1	primary	residue		
NīdāSū.	1	primary	residue		
CāndryVyā.	1	primary	residue		
Triṃśī.	1	primary	residue		
AbhindhKoBh.	1	primary	residue		
VijñaMāSi.	1	primary	residue		
Tra.	1	primary	residue		
LaṅkāvaSū.	1	primary	residue		
ŚarvaMaSaṃ.	1	primary	residue		
VedāŚaṃ.	1	primary	residue		
Kāvyātaṅ.	1	primary	residue		
LaVisṇuSm.	1	primary	residue		
Inscr.	1	primary	residue		
Triṃśsi.	1	primary	residue		
KīirtiKau.	1	primary	residue		
AṣṭtāSaṃ.	1	primary	residue		
DṛṣtāKaŚ.	1	primary	residue		
KumāPrasPra.	1	primary	residue		
SmiṛtiCan.	1	primary	residue		
Böht.	1	primary	residue		
BrāhmāṇḍP.	1	primary	residue		
ŚamarāSaṃ.	1	primary	residue		
KicaVa.	1	primary	residue		
SaṃkhyāṬ.	1	primary	residue		
SaḍuktiKa.	1	primary	residue		
TarkŚaṃ.	1	primary	residue		
SarvaMaŚaṃ.	1	primary	residue		
AṇuVyā.	1	primary	residue		
JnātāDhaṬ.	1	primary	residue		
ParayāRaMā.	1	primary	residue		
AbhiCin.	1	primary	residue		
PāSt.	1	primary	residue		
TaitS.	1	primary	residue		
ŚiBhuSt.	1	primary	residue		
ŚabhāRa.	1	primary	residue		
Bhāvanā.	1	primary	residue		
SarvaVeSaṃ.	1	primary	residue		
VasantViKā.	1	primary	residue		
AcyutaA.	1	primary	residue		
SubhāṣiRaK.	1	primary	residue		
Amarakośa.	1	primary	residue		
Hem.	1	primary	residue		
BahāgP.	1	primary	residue		
Nyāyvār.	1	primary	residue		
Pūrvā.	1	primary	residue		
TogYā.	1	primary	residue		
Vasis.	1	primary	residue		
Gitālaṅ.	1	primary	residue		
YaśsCam.	1	primary	residue		
ViṣṇDhaP.	1	primary	residue		
MugdaBo.	1	primary	residue		
Śay.	1	primary	residue		
Abhidhāmañ.	1	primary	residue		
MīlaP.	1	primary	residue		
YaśawCam.	1	primary	residue		
BhāṣāVr.	1	primary	residue		
GanRa.	1	primary	residue		
Kāśivṛ.	1	primary	residue		
Yogyā.	1	primary	residue		
KātanVr.	1	primary	residue		
JaineVvā.	1	primary	residue		
IIIA.	1	primary	residue		
ĪśānŚipa.	1	primary	residue		
Nāras.	1	primary	residue		
ŚābaGh.	1	primary	residue		
ṢaḍraSaNi.	1	primary	residue		
JināŚ.	1	primary	residue		
ĀyāSaŚa.	1	primary	residue		
Di.	1	primary	residue		
GarṣaC.	1	primary	residue		
YaśaasCam.	1	primary	residue		
YatindraDi.	1	primary	residue		
TarkBahā.	1	primary	residue		
Svayaṃguptā.	1	primary	residue		
SaurB.	1	primary	residue		
ŚvopVṛ.	1	primary	residue		
PṛamāVāSvopVṛ.	1	primary	residue		
Ajanayoni.	1	primary	residue		
SarvaDaŚaṃ.	1	primary	residue		
VaiyāBhgū.	1	primary	residue		
Vaijā.	1	primary	residue		
Gaṇ.	1	primary	residue		
ŚilpaR.	1	primary	residue		
Sarvānu.	1	primary	residue		
ŚaktiSaṃ.	1	primary	residue		
Mt.	1	primary	residue		
TaīĀ.	1	primary	residue		
Paryā.	1	primary	residue		
ŚātrDī.	1	primary	residue		
PrāṇḍaC.	1	primary	residue		
VaiyaBhū.	1	primary	residue		
MālliC.	1	primary	residue		
RāśiNi.	1	primary	residue		
Hastyāyūr.	1	primary	residue		
BṛUBh.	1	primary	residue		
Paṇ.	1	primary	residue		
Trayi.	1	primary	residue		
Hemac.	1	primary	residue		
VedantDī.	1	primary	residue		
KālkiP.	1	primary	residue		
Kāvyād.	1	primary	residue		
TriṣŚaPuCa.	1	primary	residue		
Ś.	1	structural			
UttārāC.	1	primary	residue		
ŚāśvaK.	1	primary	residue		
DasKuC.	1	primary	residue		
BrKathāK.	1	primary	residue		
VṛddhaGauSm.	1	primary	residue		
DhātuKa.	1	primary	residue		
PrabaC.	1	primary	residue		
Bhādrapadā.	1	primary	residue		
KālpaK.	1	primary	residue		
NakṣaNi.	1	primary	residue		
Bhoja.	1	primary	residue		
Suvṛti.	1	primary	residue		
RaMāli.	1	primary	residue		
VyāyKuA.	1	primary	residue		
VedānatPāSau.	1	primary	residue		
RrahmSūBh.	1	primary	residue		
DurgaSiṃha.	1	primary	residue		
AvadhūŪ.	1	primary	residue		
ŚṛṅgāraL.	1	primary	residue		
LaCaudr.	1	primary	residue		
AdbyāRā.	1	primary	residue		
TarkSam.	1	primary	residue		
SaṃkhyaKāBh.	1	primary	residue		
SarvaVeSāSam.	1	primary	residue		
TattvSam.	1	primary	residue		
BrahmāṛḍP.	1	primary	residue		
PariPa.	1	primary	residue		
BṛhaSm.	1	primary	residue		
VedāndtKau.	1	primary	residue		
BrāhmSpuSi.	1	primary	residue		
AdhvāRā.	1	primary	residue		
PāṇŚi.	1	primary	residue		
NyāyāKu.	1	primary	residue		
SvātmaPra.	1	primary	residue		
ĀpaSS.	1	primary	residue		
BaudhāPiMe.	1	primary	residue		
JainŚ.	1	primary	residue		
PuṣpBaVi.	1	primary	residue		
SiddhāĀSt.	1	primary	residue		
PoK.	1	primary	residue		
SPP.	1	primary	residue		
JayaMañ.	1	primary	residue		
VīrāBhā.	1	primary	residue		
NaṭyaŚā.	1	primary	residue		
Bhatti.	1	primary	residue		
MūlaMādhyaKā.	1	primary	residue		
Cāru.	1	primary	residue		
Svapna.	1	primary	residue		
KulacūT.	1	primary	residue		
BṛBrabmaS.	1	primary	residue		
RāsiJī.	1	primary	residue		
BālāmBha.	1	primary	residue		
AneKāSa.	1	primary	residue		
MedīK.	1	primary	residue		
YaśasCām.	1	primary	residue		
AupaṬ.	1	primary	residue		
Gal.	1	primary	residue		
Hītopa.	1	primary	residue		
ParaśuKaSū.	1	primary	residue		
Kadrū.	1	primary	residue		
NālaCam.	1	primary	residue		
VarāṅgaCa.	1	primary	residue		
MayñMāli.	1	primary	residue		
AṣtāSam.	1	primary	residue		
VāraGS.	1	primary	residue		
KātySS.	1	primary	residue		
LaghuJā.	1	primary	residue		
NātyaSā.	1	primary	residue		
ŚukaS.	1	primary	residue		
KhilaSūkta.	1	primary	residue		
KalikiP.	1	primary	residue		
NānāthaMa.	1	primary	residue		
Brāhmaṇa.	1	primary	residue		
YII.	1	primary	residue		
ĀrṣeBṛ.	1	primary	residue		
RāghPāṇḍ.	1	primary	residue		
NyayKa.	1	primary	residue		
DhūrtViSaṃ.	1	primary	residue		
CandraVyā.	1	primary	residue		
PaṇiTaVāNaMā.	1	primary	residue		
Kanthā.	1	primary	residue		
Dvirū.	1	primary	residue		
ParaNāMā.	1	primary	residue		
SaraKāṇṭhā.	1	primary	residue		
Sāmatantra.	1	primary	residue		
ŚābdaRaSaK.	1	primary	residue		
Ḍhauṇḍhā.	1	primary	residue		
LalitāŚaBh.	1	primary	residue		
KumaPraPra.	1	primary	residue		
PāuṣkS.	1	primary	residue		
AbhindhāCin.	1	primary	residue		
Ṣoḍa.	1	primary	residue		
MṛgenraT.	1	primary	residue		
SāṃkhyāPraSū.	1	primary	residue		
ŚvetaUBh.	1	primary	residue		
NalCam.	1	primary	residue		
LalitāSaBhā.	1	primary	residue		
ParamāU.	1	primary	residue		
ŚaṃkhyaKāBh.	1	primary	residue		
SūrySī.	1	primary	residue		
AhirbuSaṃ.	1	primary	residue		
SāṃviSi.	1	primary	residue		
ParaTri.	1	primary	residue		
MālinīViT.	1	primary	residue		
SiddhāMa.	1	primary	residue		
KāmaKaVi.	1	primary	residue		
YogVa.	1	primary	residue		
BrahmSūBṅ.	1	primary	residue		
ŚaṅkDigVi.	1	primary	residue		
AbhidhānaRājendra.	1	primary	residue		
LalitaSaBh.	1	primary	residue		
PratyahhiVi.	1	primary	residue		
Ānand.	1	primary	residue		
ṢaḍDarSa.	1	primary	residue		
LaCandra.	1	primary	residue		
NyāyBhā.	1	primary	residue		
Dist.	1	primary	residue		
ManuS.	1	primary	residue		
AvantiSuKa.	1	primary	residue		
SarvaVeSiSaṃ.	1	primary	residue		
Rasārṇa.	1	primary	residue		
BhāsK.	1	primary	residue		
E.	1	structural			
ChandoU.	1	primary	residue		
AlāṅkāCin.	1	primary	residue		
KumāCaŚaṃ.	1	primary	residue		
Part.	1	primary	residue		
SaraKAṇṭhā.	1	primary	residue		
KumaDeC.	1	primary	residue		
PārvPari.	1	primary	residue		
ParāPraSaṃ.	1	primary	residue		
Jīvām.	1	primary	residue		
Ṭupṭ.	1	primary	residue		
VāsvopVṛ.	1	primary	residue		
TriṣaŚāPuC.	1	primary	residue		
MīmāŚū.	1	primary	residue		
Madhva.	1	primary	residue		
SaṃviSī.	1	primary	residue		
Neg.	1	primary	residue		
SāhDa.	1	primary	residue		
SidhhāLeSaṃ.	1	primary	residue		
VidMā.	1	primary	residue		
ŚuvṛTi.	1	primary	residue		
KavyPra.	1	primary	residue		
DāyaBhāga.	1	primary	residue		
CārucaŚ.	1	primary	residue		
ĀnundRa.	1	primary	residue		
ChaukhambaSS.	1	primary	residue		
PārvP.	1	primary	residue		
KathāSasāg.	1	primary	residue		
ŚataŚlo.	1	primary	residue		
SuvṛttaTi.	1	primary	residue		
ĀruU.	1	primary	residue		
YogaBh.	1	primary	residue		
TattvaCin.	1	primary	residue		
RatnaCū.	1	primary	residue		
CandrVṛ.	1	primary	residue		
Varāṅgac.	1	primary	residue		
MadaPaNi.	1	primary	residue		
VīraMI.	1	primary	residue		
DvyāśrKā.	1	primary	residue		
BRUGMANN.	1	primary	residue		
ŚaraKaṇṭhā.	1	primary	residue		
CāṇakyaNī.	1	primary	residue		
ŚusruS.	1	primary	residue		
KcCan.	1	primary	residue		
VayuP.	1	primary	residue		
AbdhuDa.	1	primary	residue		
Rugvi.	1	primary	residue		
ĀryāŚaŚ.	1	primary	residue		
KathāŚaSāg.	1	primary	residue		
MahāvīCa.	1	primary	residue		
CO.	1	primary	residue		
SuktiRa.	1	primary	residue		
SnṛtiCan.	1	primary	residue		
LaŚrabdeŚe.	1	primary	residue		
NāṭyaŚa.	1	primary	residue		
NāṭyaŚāā.	1	primary	residue		
Yau.	1	primary	residue		
BājC.	1	primary	residue		
AngaraghRā.	1	primary	residue		
TautrRā.	1	primary	residue		
ŚāraTī.	1	primary	residue		
JaineVyai.	1	primary	residue		
MaṭsyaP.	1	primary	residue		
ŚāṣtraDī.	1	primary	residue		
CaturJiSt.	1	primary	residue		
DaśvaC.	1	primary	residue		
VisṇuSm.	1	primary	residue		
BāudhŚŚ.	1	primary	residue		
CaṇḍḍīŚ.	1	primary	residue		
PāravPa.	1	primary	residue		
ŚivKePāSt.	1	primary	residue		
BṛParāSam.	1	primary	residue		
TriṣaŚPuC.	1	primary	residue		
KośraKaTa.	1	primary	residue		
Pañct.	1	primary	residue		
Pāñcā.	1	primary	residue		
DevīCatūSt.	1	primary	residue		
ŚriṅgāSar.	1	primary	residue		
KāvyKaVṛVr.	1	primary	residue		
Syādvāmañ.	1	primary	residue		
ŚivDṚ.	1	primary	residue		
RasGāṅ.	1	primary	residue		
KṛViKā.	1	primary	residue		
Manaso.	1	primary	residue		
Suhhāṣi.	1	primary	residue		
DevīCatuSta.	1	primary	residue		
Śubodhi.	1	primary	residue		
Bhāgp.	1	primary	residue		
TāiĀ.	1	primary	residue		
Kūrdmap.	1	primary	residue		
MārP.	1	primary	residue		
Rasmañ.	1	primary	residue		
CaitanCa.	1	primary	residue		
Abhidhācin.	1	primary	residue		
JātMā.	1	primary	residue		
ParāSam.	1	primary	residue		
PadārthaSame.	1	primary	residue		
PāṇṭaC.	1	primary	residue		
VirāMi.	1	primary	residue		
VedāPañ.	1	primary	residue		
Rāmāmañ.	1	primary	residue		
TaīBr.	1	primary	residue		
Chandaḥśekhara.	1	primary	residue		
UmaRā.	1	primary	residue		
Lajāta.	1	primary	residue		
Gītgo.	1	primary	residue		
ŚrṅgāSar.	1	primary	residue		
Vṛṣabhānujā.	1	primary	residue		
Rājaniti.	1	primary	residue		
UttaKUC.	1	primary	residue		
SarvnDaSaṃ.	1	primary	residue		
Mānass.	1	primary	residue		
AdbhuŚāg.	1	primary	residue		
Śabdakaustubha.	1	primary	residue		
ArthSame.	1	primary	residue		
ṬuPṬ.	1	primary	residue		
NyāMañ.	1	primary	residue		
ŚiddhāMu.	1	primary	residue		
Bālakri.	1	primary	residue		
JaiBr.	1	primary	residue		
BāyuP.	1	primary	residue		
GopāKe.	1	primary	residue		
NṛsiṃhoUTāU.	1	primary	residue		
ŚubhāRaSaṃ.	1	primary	residue		
BhojauKu.	1	primary	residue		
Saṃkṣeśā.	1	primary	residue		
BhāvS.	1	primary	residue		
LaksmīL.	1	primary	residue		
ĀnandPa.	1	primary	residue		
SubhāTaK.	1	primary	residue		
Deva.	1	primary	residue		
LaŚabdoŚe.	1	primary	residue		
CaṇḍīS.	1	primary	residue		
MaynMāli.	1	primary	residue		
BrBrahmaS.	1	primary	residue		
Hastyā.	1	primary	residue		
BhojaKu.	1	primary	residue		
DaśsKuC.	1	primary	residue		
ĀgniGS.	1	primary	residue		
AṣṭāSāṃ.	1	primary	residue		
NīlVi.	1	primary	residue		
AīraUBh.	1	primary	residue		
ĀguiveGS.	1	primary	residue		
LaghvāśvāSm.	1	primary	residue		
Mahārthamāñjarī.	1	primary	residue		
SamndraMa.	1	primary	residue		
TarkSām.	1	primary	residue		
CatuṛCin.	1	primary	residue		
PramāL.	1	primary	residue		
Tattvprakā.	1	primary	residue		
Nānārtha.	1	primary	residue		
SkandPd.	1	primary	residue		
Dośopa.	1	primary	residue		
RauhiṇeC.	1	primary	residue		
RāghPāñ.	1	primary	residue		
VasiṢ.	1	primary	residue		
RasRaS.	1	primary	residue		
ParyāŚa.	1	primary	residue		
BālaKṛī.	1	primary	residue		
AupSūṬ.	1	primary	residue		
DeVīBhāP.	1	primary	residue		
GopāKeGan.	1	primary	residue		
GORRESIO.	1	primary	residue		
Nalābhyū.	1	primary	residue		
ĀnandR.	1	primary	residue		
BhātṛNi.	1	primary	residue		
SCHMIDT.	1	primary	residue		
ŚisáuVa.	1	primary	residue		
Hastyāyrur.	1	primary	residue		
PrabadCin.	1	primary	residue		
Rit.	1	primary	residue		
ĀśCaCū.	1	primary	residue		
KhadgaŚ.	1	primary	residue		
VṛGautaSam.	1	primary	residue		
YudhiVī.	1	primary	residue		
TīrthaK.	1	primary	residue		
Bhāraṭ.	1	primary	residue		
KalyāKāl.	1	primary	residue		
KośasKaTa.	1	primary	residue		
Dīvyāva.	1	primary	residue		
SthañṬ.	1	primary	residue		
ĪśāanŚiPā.	1	primary	residue		
Appx.	1	primary	residue		
VāsaD.	1	primary	residue		
Rāsnā.	1	primary	residue		
NṛSiṃPūTāU.	1	primary	residue		
VaradolāU.	1	primary	residue		
LākṣāBha.	1	primary	residue		
Sūryaprajñapti.	1	primary	residue		
TriṣṭhaSe.	1	primary	residue		
TattvCīn.	1	primary	residue		
YV.	1	primary	residue		
TrisaŚapuC.	1	primary	residue		
JñātāDhāṬ.	1	primary	residue		
Hārāv.	1	primary	residue		
ĀciP.	1	primary	residue		
BhīkṣāKā.	1	primary	residue		
AnandRa.	1	primary	residue		
ĀnandaRā.	1	primary	residue		
VePāSt.	1	primary	residue		
HammīMāKā.	1	primary	residue		
KośaKaTā.	1	primary	residue		
Bharāṭ.	1	primary	residue		
DevīBhaP.	1	primary	residue		
Yogśā.	1	primary	residue		
AdbhutDa.	1	primary	residue		
ṢaḍBr.	1	primary	residue		
DhūrtaVīSaṃ.	1	primary	residue		
BṛKaŚloSaṃ.	1	primary	residue		
NādīVi.	1	primary	residue		
AmaKa.	1	primary	residue		
PāṅcRāRa.	1	primary	residue		
ŚbdaKaDru.	1	primary	residue		
ĀryāSaŚā.	1	primary	residue		
KePāSt.	1	primary	residue		
GilMS.	1	primary	residue		
Nāga.	1	primary	residue		
LaŚaṃkhaSm.	1	primary	residue		
DātVā.	1	primary	residue		
NārŚi.	1	primary	residue		
DaśāVaC.	1	primary	residue		
VSS.	1	primary	residue		
VāmāP.	1	primary	residue		
KapiS.	1	primary	residue		
TarkRa.	1	primary	residue		
TarkSaṃDī.	1	primary	residue		
Nyāybodhinī.	1	primary	residue		
AdvaiSī.	1	primary	residue		
PārvāPa.	1	primary	residue		
ŚākāṭāVyā.	1	primary	residue		
AnakāSa.	1	primary	residue		
PamdP.	1	primary	residue		
Bālākrī.	1	primary	residue		
UttaRāCa.	1	primary	residue		
TaiBṛ.	1	primary	residue		
TājNi.	1	primary	residue		
PuSt.	1	primary	residue		
VasiŚ.	1	primary	residue		
BṛNārāP.	1	primary	residue		
GadyaCin.	1	primary	residue		
Padmañ.	1	primary	residue		
JñāDhaṬ.	1	primary	residue		
LaŚabedŚe.	1	primary	residue		
PuryāŚaRa.	1	primary	residue		
HarīS.	1	primary	residue		
KalKiP.	1	primary	residue		
VīT.	1	primary	residue		
Subhusi.	1	primary	residue		
BhagMāPū.	1	primary	residue		
BṛĀUBhVā.	1	primary	residue		
ṢatcakraNi.	1	primary	residue		
SarvaVaSāSaṃ.	1	primary	residue		
Jaimi.	1	primary	residue		
BhāvPraNī.	1	primary	residue		
KaśyaS.	1	primary	residue		
BalaKrī.	1	primary	residue		
JñānBinPra.	1	primary	residue		
Prāyaścitta.	1	primary	residue		
TailPrāti.	1	primary	residue		
ManMatho.	1	primary	residue		
Desid.	1	structural			
BuddhāC.	1	primary	residue		
TatvPrakā.	1	primary	residue		
BāVi.	1	primary	residue		
Praṣā.	1	primary	residue		
VaśvaPra.	1	primary	residue		
CāturDa.	1	primary	residue		
Rādhikā.	1	primary	residue		
GuruCaudr.	1	primary	residue		
TālpaṬ.	1	primary	residue		
Manva.	1	primary	residue		
MahāvīŚt.	1	primary	residue		
Govindasvāmin.	1	primary	residue		
LaCancdr.	1	primary	residue		
Sneh.	1	primary	residue		
Kiranā.	1	primary	residue		
PadārthTaNi.	1	primary	residue		
NyayK.	1	primary	residue		
VedāutRaMañ.	1	primary	residue		
ŚāraṅgaPa.	1	primary	residue		
NāmŚīl.	1	primary	residue		
Uṇādi.	1	primary	residue		
Gūrjaras.	1	primary	residue		
PāṇīŚi.	1	primary	residue		
JaīnaPa.	1	primary	residue		
ChāndraVṛ.	1	primary	residue		
MaYānSū.	1	primary	residue		
Bhāsvatī.	1	primary	residue		
PratāYaBhā.	1	primary	residue		
Perf.	1	primary	residue		
SidddhaHe.	1	primary	residue		
Śākāṭā.	1	primary	residue		
SrīkarBh.	1	primary	residue		
TAPS.	1	primary	residue		
Daśapādi.	1	primary	residue		
Vīrabhā.	1	primary	residue		
GauDS.	1	primary	residue		
HariVa.	1	primary	residue		
ŚīvLī.	1	primary	residue		
SṛṅgāVaiTa.	1	primary	residue		
Nyāyka.	1	primary	residue		
SāṃkhyaPraSñ.	1	primary	residue		
NighaṇṭuPrakāśa.	1	primary	residue		
VeṇīSāṃ.	1	primary	residue		
KuU.	1	primary	residue		
PaūcaPā.	1	primary	residue		
GuruCandra.	1	primary	residue		
KavyālāṅSāSaṃ.	1	primary	residue		
TaitvPradī.	1	primary	residue		
YuddhiVi.	1	primary	residue		
DṛṣṭāKaŚa.	1	primary	residue		
ProboSu.	1	primary	residue		
BṛKathaMañ.	1	primary	residue		
SevyaŚev.	1	primary	residue		
TāttvPradi.	1	primary	residue		
PodmP.	1	primary	residue		
NyāyMāvi.	1	primary	residue		
PrahaCin.	1	primary	residue		
YatindrDī.	1	primary	residue		
TātpVṛ.	1	primary	residue		
PūrvottVāNaMā.	1	primary	residue		
SmṛtiCau.	1	primary	residue		
Sāṃ.	1	primary	residue		
ŚaṅkarKā.	1	primary	residue		
ŚāṃkhyaKāBh.	1	primary	residue		
ŚāiC.	1	primary	residue		
BrabmāṇḍP.	1	primary	residue		
VarīvaRaha.	1	primary	residue		
PañDa.	1	primary	residue		
Kappiṇā.	1	primary	residue		
SiddhāKan.	1	primary	residue		
AnekaTi.	1	primary	residue		
AnekaK.	1	primary	residue		
ParyRaMā.	1	primary	residue		
VakreJī.	1	primary	residue		
ĪśānŚi.	1	primary	residue		
Kataka.	1	primary	residue		
SuśrnS.	1	primary	residue		
PariPār.	1	primary	residue		
ṚPrā.	1	primary	residue		
Chand.	1	primary	residue		
ChandaSū.	1	primary	residue		
GaṇīNā.	1	primary	residue		
Grass.	1	primary	residue		
ŚaṃkaDigVi.	1	primary	residue		
AbhiSaAlaṅĀ.	1	primary	residue		
BandhŚS.	1	primary	residue		
VibraVi.	1	primary	residue		
HatPra.	1	primary	residue		
SamaraSaṃ.	1	primary	residue		
MoharāPa.	1	primary	residue		
TriPuDi.	1	primary	residue		
AbhiMañ.	1	primary	residue		
AlaṃkāSa.	1	primary	residue		
Mānāso.	1	primary	residue		
ViṣṇuPādaSt.	1	primary	residue		
Kāda.	1	primary	residue		
SarvaVedāSaṃ.	1	primary	residue		
ManuBhāvCan.	1	primary	residue		
RasRas.	1	primary	residue		
Rabbā.	1	primary	residue		
BhāBhāDī.	1	primary	residue		
SiddbāLeSaṃ.	1	primary	residue		
TaiUBr.	1	primary	residue		
SaṅgīMa.	1	primary	residue		
AVParī.	1	primary	residue		
LioṅgaP.	1	primary	residue		
BṛParāSaṃ.	1	primary	residue		
Geld.	1	primary	residue		
Ety.	1	primary	residue		
Dīpaka.	1	primary	residue		
KanṣīBr.	1	primary	residue		
LatyāŚS.	1	primary	residue		
BallāŚ.	1	primary	residue		
VaṃśaBr.	1	primary	residue		
KalāVī.	1	primary	residue		
MahṅvīC.	1	primary	residue		
Hitoppa.	1	primary	residue		
SaṃhiUBh.	1	primary	residue		
MudriKuC.	1	primary	residue		
KathāL.	1	primary	residue		
TāiBr.	1	primary	residue		
SaṅkaVi.	1	primary	residue		
GuhyaKālīU.	1	primary	residue		
PṛaśnaU.	1	primary	residue		
Nāray.	1	primary	residue		
Upaskāra.	1	primary	residue		
PaPā.	1	primary	residue		
ŚrikaC.	1	primary	residue		
ĀnekāSaṃ.	1	primary	residue		
AnokāSa.	1	primary	residue		
POR.	1	primary	residue		
Viśva.	1	primary	residue		
BṛĀraCBh.	1	primary	residue		
BhārBhāDiū.	1	primary	residue		
DvyaśraKā.	1	primary	residue		
Kapū.	1	primary	residue		
NītiPr.	1	primary	residue		
KāthUBh.	1	primary	residue		
Dāyabhāga.	1	primary	residue		
StānṬ.	1	primary	residue		
PārvC.	1	primary	residue		
KumDeC.	1	primary	residue		
SarvaVeSiSāSaṃ.	1	primary	residue		
RāmBāṇSta.	1	primary	residue		
KalyāMaSto.	1	primary	residue		
VarāṇgaC.	1	primary	residue		
VidvaMuMa.	1	primary	residue		
VetāPāñ.	1	primary	residue		
TīkāSe.	1	primary	residue		
TātptṬ.	1	primary	residue		
SanSu.	1	primary	residue		
RENOU.	1	secondary			Renou (grammar/philology)
PraboSū.	1	primary	residue		
ChāndoUBṛ.	1	primary	residue		
Mālvikā.	1	primary	residue		
ŚuklaYV.	1	primary	residue		
Linn.	1	primary	residue		
KumārSaṃ.	1	primary	residue		
SamarāŚū.	1	primary	residue		
MṛgndraT.	1	primary	residue		
Kaṇthā.	1	primary	residue		
MantrBṛ.	1	primary	residue		
KarPūC.	1	primary	residue		
JānaPari.	1	primary	residue		
SārāV.	1	primary	residue		
Khyā.	1	primary	residue		
VedāntKe.	1	primary	residue		
Amṛto.	1	primary	residue		
JātaPari.	1	primary	residue		
RaubiC.	1	primary	residue		
MahNīrvāT.	1	primary	residue		
PrākaPañ.	1	primary	residue		
SpoṭSi.	1	primary	residue		
IśānSiPa.	1	primary	residue		
PrabaKa.	1	primary	residue		
Astrono.	1	primary	residue		
ŚarvaDaKau.	1	primary	residue		
SāmkhyaPraBh.	1	primary	residue		
PramāVārSvoVṛ.	1	primary	residue		
BhātṭDī.	1	primary	residue		
Nyāyasūtravṛtti.	1	primary	residue		
VyavaNī.	1	primary	residue		
VitaRā.	1	primary	residue		
DaivaVya.	1	primary	residue		
AlamkāŚe.	1	primary	residue		
Sāhi.	1	primary	residue		
KhandanKhā.	1	primary	residue		
Imp.	1	primary	residue		
Vyūha.	1	primary	residue		
Vārānaśī.	1	primary	residue		
ŚlvLī.	1	primary	residue		
SubhāŚ.	1	primary	residue		
NītlSā.	1	primary	residue		
Sutrath.	1	primary	residue		
GoKa.	1	primary	residue		
AvaLo.	1	primary	residue		
KaṃsaVa.	1	primary	residue		
PādmP.	1	primary	residue		
PrdmP.	1	primary	residue		
ŚātiC.	1	primary	residue		
PañRā.	1	primary	residue		
KavyaKaVṛ.	1	primary	residue		
Tārikā.	1	primary	residue		
Caṃ.	1	primary	residue		
Śṛṅgā.	1	primary	residue		
KOSE.	1	primary	residue		
AbirbuS.	1	primary	residue		
JayaS.	1	primary	residue		
NS.	1	primary	residue		
NītyāṢoḍa.	1	primary	residue		
Per.	1	primary	residue		
Kālacakra.	1	primary	residue		
ĀraUBhāVā.	1	primary	residue		
SaṅkaKāBh.	1	primary	residue		
VājA.	1	primary	residue		
RājaNi.	1	primary	residue		
KāvyālaṅSu.	1	primary	residue		
AiBr.	1	primary	residue		
Kuvala.	1	primary	residue		
JñanDī.	1	primary	residue		
AlaṅkāSar.	1	primary	residue		
MaGaṇaSt.	1	primary	residue		
PūrvottaVā.	1	primary	residue		
NighPra.	1	primary	residue		
DīpKā.	1	primary	residue		
ŚyāmaDaṇ.	1	primary	residue		
MuA.	1	primary	residue		
Saṃkṣe.	1	primary	residue		
SarvaVeŚāSaṃ.	1	primary	residue		
ViveCu.	1	primary	residue		
BrahmŚi.	1	primary	residue		
VedāñtSiSūMañ.	1	primary	residue		
BhamiVi.	1	primary	residue		
BṛĀraUBhVār.	1	primary	residue		
Vidanmo.	1	primary	residue		
AdyaiSi.	1	primary	residue		
Śaṃ.	1	primary	residue		
Daiva.	1	primary	residue		
UttarāC.	1	primary	residue		
NyaySu.	1	primary	residue		
Tārā.	1	primary	residue		
ViT.	1	primary	residue		
ĀdvaiSi.	1	primary	residue		
VīveCū.	1	primary	residue		
GurnCandr.	1	primary	residue		
SamviSi.	1	primary	residue		
KatyŚS.	1	primary	residue		
SiddhāTaVf.	1	primary	residue		
ParaŚuKS.	1	primary	residue		
SoḍhalaNi.	1	primary	residue		
VākyPa.	1	primary	residue		
ChāgaU.	1	primary	residue		
Dhark.	1	primary	residue		
AmaŚa.	1	primary	residue		
RatnaCūk.	1	primary	residue		
Vaīja.	1	primary	residue		
ŚāntiŚa.	1	primary	residue		
ParyāSaRa.	1	primary	residue		
ŚṛngāMañ.	1	primary	residue		
KūrmāP.	1	primary	residue		
Śārā.	1	primary	residue		
ṢaḍviBṛ.	1	primary	residue		
RājaMā.	1	primary	residue		
ŚāṅkhāĀr.	1	primary	residue		
Bodhinī.	1	primary	residue		
CaṇḍiŚ.	1	primary	residue		
MādhavāA.	1	primary	residue		
TaṅtrSā.	1	primary	residue		
SundŚ.	1	primary	residue		
ŚārāTi.	1	primary	residue		
DeviMā.	1	primary	residue		
VyaktiVī.	1	primary	residue		
SubhāṢi.	1	primary	residue		
MahāNā.	1	primary	residue		
KūṭṭMa.	1	primary	residue		
PuṣpaBāVi.	1	primary	residue		
ŚṛṅgaTi.	1	primary	residue		
Ragunā.	1	primary	residue		
RatRaha.	1	primary	residue		
RrtiRaha.	1	primary	residue		
Go.	1	primary	residue		
Rāghava.	1	primary	residue		
SundarŚ.	1	primary	residue		
BhallāC.	1	primary	residue		
ŚāṅkhāSS.	1	primary	residue		
Bārhaspa.	1	primary	residue		
VedāntPa.	1	primary	residue		
ṢaḍdaSa.	1	primary	residue		
Upāsk.	1	primary	residue		
ĀdīP.	1	primary	residue		
VāvuP.	1	primary	residue		
KāsyaS.	1	primary	residue		
BṛĀṛaUBhVā.	1	primary	residue		
BhaGī.	1	primary	residue		
DavīBhāP.	1	primary	residue		
Tantrākyā.	1	primary	residue		
CiaraS.	1	primary	residue		
LomaŚi.	1	primary	residue		
ŚlokaVar.	1	primary	residue		
PrithvīVi.	1	primary	residue		
BaudhS.	1	primary	residue		
AlaṃkāŚe.	1	primary	residue		
BrāhmSphSi.	1	primary	residue		
KāṭanVṛ.	1	primary	residue		
CāndṛaVṛ.	1	primary	residue		
Vajjracchedikā.	1	primary	residue		
ŚivārkaMa.	1	primary	residue		
Vajracchedikā.	1	primary	residue		
BṛhmāṇḍP.	1	primary	residue		
Spru.	1	primary	residue		
W.	1	structural			
NyāyŚiA.	1	primary	residue		
ŚatTrāyī.	1	primary	residue		
BrahmaSphuSi.	1	primary	residue		
MukaPañ.	1	primary	residue		
SamarāSā.	1	primary	residue		
PrabhaC.	1	primary	residue		
BhartṛNī.	1	primary	residue		
GaṅgāVa.	1	primary	residue		
VedāntKaTa.	1	primary	residue		
GaturCin.	1	primary	residue		
ŚantiŚi.	1	primary	residue		
SūktiRaHā.	1	primary	residue		
ŚṛṅgāDi.	1	primary	residue		
XVII.	1	structural			
BheDhi.	1	primary	residue		
AB.	1	primary	residue		
MaṅāBh.	1	primary	residue		
NyāyVārPāri.	1	primary	residue		
NārāP.	1	primary	residue		
ParyāŚaRā.	1	primary	residue		
SiddāTaVi.	1	primary	residue		
UdaySuKā.	1	primary	residue		
Yog.	1	primary	residue		
Pradīpa.	1	primary	residue		
ŚastraDī.	1	primary	residue		
DeviBhā.	1	primary	residue		
SarVeSāSaṃ.	1	primary	residue		
CaitaC.	1	primary	residue		
BrahmSūBha.	1	primary	residue		
ŚālīC.	1	primary	residue		
BhaktiSu.	1	primary	residue		
YogsūVṛ.	1	primary	residue		
ŚyādvāMañ.	1	primary	residue		
SāṃkyaKāBh.	1	primary	residue		
JñānBiPraka.	1	primary	residue		
XP.	1	primary	residue		
ŚrūtaPra.	1	primary	residue		
ChandaŚCū.	1	primary	residue		
Bhaṭṭ.	1	primary	residue		
GuntDS.	1	primary	residue		
Caus.	1	structural			
KāhViT.	1	primary	residue		
Campā.	1	primary	residue		
JaīmiBr.	1	primary	residue		
KatanVṛ.	1	primary	residue		
RasiJi.	1	primary	residue		
ŚśuVa.	1	primary	residue		
Aṣṭā.	1	primary	residue		
ŚabbaRa.	1	primary	residue		
Satya.	1	primary	residue		
Jāta.	1	primary	residue		
Kumā.	1	primary	residue		
Bodhi.	1	primary	residue		
CaPañ.	1	primary	residue		
Vāja.	1	primary	residue		
VājaṢ.	1	primary	residue		
AgniVeGS.	1	primary	residue		
SiddhāTaVī.	1	primary	residue		
Kārṇḍavyūha.	1	primary	residue		
AbhisaAlaṃ.	1	primary	residue		
SātvaṬ.	1	primary	residue		
Śuklayajuḥsarvānukramaṇikā.	1	primary	residue		
JaiminīyārṣeyaBr.	1	primary	residue		
KāśīPañ.	1	primary	residue		
Accs.	1	primary	residue		
NĪtiMā.	1	primary	residue		
DePra.	1	primary	residue		
Bhallaś.	1	primary	residue		
Ac.	1	primary	residue		
BṛKáthāK.	1	primary	residue		
ŚṛṅgārSar.	1	primary	residue		
Kalyā.	1	primary	residue		
PādmaS.	1	primary	residue		
Vyavahāraprakāśa.	1	primary	residue		
AnekāSā.	1	primary	residue		
NānānthāSaṃ.	1	primary	residue		
AbhīdhāCin.	1	primary	residue		
DaśabhūmikāSūtra.	1	primary	residue		
Dūtāṅga.	1	primary	residue		
BodhiC.	1	primary	residue		
BhasmaJāU.	1	primary	residue		
HarṣsaC.	1	primary	residue		
ŚvetāSUBh.	1	primary	residue		
BhavṛU.	1	primary	residue		
SarvaDaSam.	1	primary	residue		
SaddhaPuṇḍ.	1	primary	residue		
VodāntKa.	1	primary	residue		
BrahSūBh.	1	primary	residue		
TBr.	1	primary	residue		
ŚyāmU.	1	primary	residue		
VīraSt.	1	primary	residue		
DaśsāvaC.	1	primary	residue		
MātaṅgaL.	1	primary	residue		
YogRāU.	1	primary	residue		
SūMañ.	1	primary	residue		
GaniSāSaṃ.	1	primary	residue		
ŚāS.	1	primary	residue		
BhagP.	1	primary	residue		
MudgaU.	1	primary	residue		
Syādvā.	1	primary	residue		
Padakaumudī.	1	primary	residue		
Anukramaṇikā.	1	primary	residue		
GLOTTA.	1	primary	residue		
DMGM.	1	primary	residue		
CSS.	1	primary	residue		
YajñopavītaBr.	1	primary	residue		
WIS.	1	primary	residue		
Kārikā.	1	primary	residue		
Sk.	1	primary	residue		
ṚṭuSaṃ.	1	primary	residue		
Kdh.	1	structural			
MyūMāli.	1	primary	residue		
Daśapādyuṇādi.	1	primary	residue		
GaṇPa.	1	primary	residue		
BÓHTLINGK.	1	primary	residue		
TilaMāñ.	1	primary	residue		
JBRAS.	1	primary	residue		
Bhikṣuṇīkarmavācanā.	1	primary	residue		
Prajñāpāramitā.	1	primary	residue		
BhālamBha.	1	primary	residue		
VvutpaVā.	1	primary	residue		
LikhitaDS.	1	primary	residue		
NvāySu.	1	primary	residue		
JñanBiPra.	1	primary	residue		
PuarvottaVāNaMā.	1	primary	residue		
BṛPanāSm.	1	primary	residue		
KonUBh.	1	primary	residue		
GaṅGa.	1	primary	residue		
HārīSm.	1	primary	residue		
VedānstSā.	1	primary	residue		
BṛKāthāK.	1	primary	residue		
MahNirvāvāT.	1	primary	residue		
Brahmā.	1	primary	residue		
ParīTri.	1	primary	residue		
SarvasāU.	1	primary	residue		
AbhidhāCiu.	1	primary	residue		
ĀdhP.	1	primary	residue		
SathānṬ.	1	primary	residue		
ArdhaNāSt.	1	primary	residue		
LalitāPañ.	1	primary	residue		
GaṇiSāSam.	1	primary	residue		
GaṇaP.	1	primary	residue		
BrahmSūBa.	1	primary	residue		
Dṛ.	1	primary	residue		
MahāVya.	1	primary	residue		
PāiśvC.	1	primary	residue		
YaśasCadm.	1	primary	residue		
SrikṣāSa.	1	primary	residue		
GirahaGa.	1	primary	residue		
APiāti.	1	primary	residue		
KaśaKaTa.	1	primary	residue		
BhāktiRa.	1	primary	residue		
GaṇeBhu.	1	primary	residue		
IIr.	1	primary	residue		
ViśvāPra.	1	primary	residue		
KuṭtaMa.	1	primary	residue		
VedāntaRaMañ.	1	primary	residue		
Prarā.	1	primary	residue		
LexiconsAmaK.	1	primary	residue		
KumāSāṃ.	1	primary	residue		
YaśasCan.	1	primary	residue		
TarkSame.	1	primary	residue		
IṣṭSi.	1	primary	residue		
SpheṭSi.	1	primary	residue		
Pṛthvīvi.	1	primary	residue		
MaṇḍUBh.	1	primary	residue		
KauṣīBī.	1	primary	residue		
MaiSi.	1	primary	residue		
TantrRāha.	1	primary	residue		
KasthāSaSāg.	1	primary	residue		
HarSaC.	1	primary	residue		
MahāVyū.	1	primary	residue		
MSS.	1	primary	residue		
KaśKuC.	1	primary	residue		
BrahmāṇiḍP.	1	primary	residue		
RāmāSāSt.	1	primary	residue		
ŚṛṅgāKaTri.	1	primary	residue		
NāhārthāSaṃ.	1	primary	residue		
DānLīKā.	1	primary	residue		
ŚivārkaMadī.	1	primary	residue		
SamanāSū.	1	primary	residue		
KavyMī.	1	primary	residue		
VīrāMī.	1	primary	residue		
Kapphiṃā.	1	primary	residue		
JātaPrā.	1	primary	residue		
ŪruBh.	1	primary	residue		
JāineVyā.	1	primary	residue		
BhāṭtCin.	1	primary	residue		
KauṣlBr.	1	primary	residue		
KapiKas.	1	primary	residue		
MāSt.	1	primary	residue		
ŚivaKePāSi.	1	primary	residue		
DLJP.	1	primary	residue		
LatitāTriBh.	1	primary	residue		
WS.	1	primary	residue		
RājTā.	1	primary	residue		
KatlāK.	1	primary	residue		
KāvyālaṅSāSāṃ.	1	primary	residue		
UpadeŚa.	1	primary	residue		
ṬīkāSa.	1	primary	residue		
SmṛCan.	1	primary	residue		
MūU.	1	primary	residue		
MatysaP.	1	primary	residue		
KaŚ.	1	primary	residue		
BṛJāhāU.	1	primary	residue		
BṛKathāMāñ.	1	primary	residue		
KatṇaSu.	1	primary	residue		
LāṅkāSū.	1	primary	residue		
Ī.	1	structural			
ŚābhBh.	1	primary	residue		
PrahāvC.	1	primary	residue		
NityāŚeḍa.	1	primary	residue		
SumukhU.	1	primary	residue		
ŚanekaDigVi.	1	primary	residue		
SaṃṣeŚā.	1	primary	residue		
ŚutraPra.	1	primary	residue		
ParaMāKā.	1	primary	residue		
ŚiśVa.	1	primary	residue		
NītlVā.	1	primary	residue		
LakṣnīT.	1	primary	residue		
BrahmSūBl.	1	primary	residue		
YatīndraLi.	1	primary	residue		
MaYánaSū.	1	primary	residue		
SaṅkārKāBh.	1	primary	residue		
KeC.	1	primary	residue		
BrahnSūBh.	1	primary	residue		
ṬantrRā.	1	primary	residue		
KāvyPradī.	1	primary	residue		
Rāṣtrau.	1	primary	residue		
ŚāṭyāyanīU.	1	primary	residue		
LaŚubdeŚe.	1	primary	residue		
KāṭhŚṛU.	1	primary	residue		
BS.	1	primary	residue		
SuvṛṬi.	1	primary	residue		
Ttp.	1	primary	residue		
ŚiddhāKau.	1	primary	residue		
BālRa.	1	primary	residue		
AbhisaAlaṅA.	1	primary	residue		
Naiṣka.	1	primary	residue		
SūktiR.	1	primary	residue		
Sternbach.	1	primary	residue		
Vyavabāra.	1	primary	residue		
AryaŚāS.	1	primary	residue		
NaiṣakaSi.	1	primary	residue		
DaU.	1	primary	residue		
AhidhKoBh.	1	primary	residue		
YogŚa.	1	primary	residue		
DuṇḍaVi.	1	primary	residue		
GovindĀ.	1	primary	residue		
Natābhyu.	1	primary	residue		
Jaina.	1	primary	residue		
RasūSu.	1	primary	residue		
VaSū.	1	primary	residue		
PuṣkS.	1	primary	residue		
Puruṣ.	1	primary	residue		
ŚāṅC.	1	primary	residue		
ParaBrahmU.	1	primary	residue		
ParāmāKā.	1	primary	residue		
ŚāṭyāyaniBr.	1	primary	residue		
Suhbāṣi.	1	primary	residue		
AVŚāntikalpa.	1	primary	residue		
AmṛL.	1	primary	residue		
ParīPar.	1	primary	residue		
Cā.	1	primary	residue		
ŚivārkaMalī.	1	primary	residue		
Bhān.	1	primary	residue		
BORI.	1	primary	residue		
JnānDī.	1	primary	residue		
Atharvaprāyaścittāni.	1	primary	residue		
RāmāMāñ.	1	primary	residue		
NīrṇaSi.	1	primary	residue		
ŚantiŚ.	1	primary	residue		
Āhuika.	1	primary	residue		
HaṃsPaU.	1	primary	residue		
CP.	1	primary	residue		
BaPāC.	1	primary	residue		
VVRI.	1	primary	residue		
SiśuVa.	1	primary	residue		
MaYānaSu.	1	primary	residue		
PiṇḍaPitṛBr.	1	primary	residue		
KuṇdiU.	1	primary	residue		
PṛĀraUBh.	1	primary	residue		
HammīMaKa.	1	primary	residue		
SaṃkhyaTaKau.	1	primary	residue		
PraśuaUBh.	1	primary	residue		
YuktiSnehā.	1	primary	residue		
Bhāvārtha.	1	primary	residue		
Strotrā.	1	primary	residue		
NārāSm.	1	primary	residue		
ManyaVi.	1	primary	residue		
ŚverāUBh.	1	primary	residue		
TanttvVai.	1	primary	residue		
VaivāBhū.	1	primary	residue		
MayūMāti.	1	primary	residue		
Khil.	1	primary	residue		
NaiṣkaṢi.	1	primary	residue		
ŚivārMaDī.	1	primary	residue		
SarvānukramaSū.	1	primary	residue		
SadohaPuṇ.	1	primary	residue		
VāsaDā.	1	primary	residue		
VaiyūBhū.	1	primary	residue		
VyakiVi.	1	primary	residue		
Hastvāyur.	1	primary	residue		
HātLa.	1	primary	residue		
Śāṅ.	1	primary	residue		
SuhāU.	1	primary	residue		
JāṭaMā.	1	primary	residue		
VāsāDa.	1	primary	residue		
NyāvKa.	1	primary	residue		
JRAS.	1	primary	residue		
PratyābhiVi.	1	primary	residue		
PāṇḍāC.	1	primary	residue		
VṛParāSm.	1	primary	residue		
IśāU.	1	primary	residue		
HirVi.	1	primary	residue		
MataKeC.	1	primary	residue		
ṢaḍḍarSa.	1	primary	residue		
AnckāTi.	1	primary	residue		
Jayama.	1	primary	residue		
PrakāVi.	1	primary	residue		
MāhāU.	1	primary	residue		
SaṭCakraNi.	1	primary	residue		
ManyaMu.	1	primary	residue		
Rāsā.	1	primary	residue		
PāṇḍDi.	1	primary	residue		
TripuDi.	1	primary	residue		
YogaŪ.	1	primary	residue		
GaṇḍKā.	1	primary	residue		
DhaṇḍaVi.	1	primary	residue		
SumantuDS.	1	primary	residue		
TārtkiRa.	1	primary	residue		
ŚrukraNī.	1	primary	residue		
VyāvaMa.	1	primary	residue		
TattvPraDī.	1	primary	residue		
BauchŚS.	1	primary	residue		
RāmaBhuSt.	1	primary	residue		
RasGane.	1	primary	residue		
GītiŚ.	1	primary	residue		
BhāllaŚ.	1	primary	residue		
PramāVar.	1	primary	residue		
MabāBhā.	1	primary	residue		
ŚākaṭāVya.	1	primary	residue		
SāmaViBṛ.	1	primary	residue		
ArthSā.	1	primary	residue		
VaṭnU.	1	primary	residue		
KauŚiSū.	1	primary	residue		
ĀryāSaśa.	1	primary	residue		
BalāC.	1	primary	residue		
SarvaVeSāSāṃ.	1	primary	residue		
MāthVṛ.	1	primary	residue		
NyāvBh.	1	primary	residue		
CaṇRa.	1	primary	residue		
BāudhŚS.	1	primary	residue		
KutṭaMa.	1	primary	residue		
MadaPāNī.	1	primary	residue		
Praśasti.	1	primary	residue		
SāṃkyaTaPra.	1	primary	residue		
ŚṛṅgāTī.	1	primary	residue		
BṛkAthāŚloSaṃ.	1	primary	residue		
KaudaCū.	1	primary	residue		
Naigeyānukramaṇi.	1	primary	residue		
BhāSk.	1	primary	residue		
NityāSoḍa.	1	primary	residue		
VānāŚS.	1	primary	residue		
SimihāDvā.	1	primary	residue		
ŚatŚio.	1	primary	residue		
ViayāBhū.	1	primary	residue		
KāmuSū.	1	primary	residue		
AlāṅkāKau.	1	primary	residue		
AbhidhāCia.	1	primary	residue		
GopāKeCau.	1	primary	residue		
GobhiS.	1	primary	residue		
AnpaSūṬ.	1	primary	residue		
ValktāŚS.	1	primary	residue		
Vedāntdī.	1	primary	residue		
SāmekhyaPraBh.	1	primary	residue		
NānārthSame.	1	primary	residue		
PānśvC.	1	primary	residue		
BālaKrā.	1	primary	residue		
ŚaśuVa.	1	primary	residue		
Harvi.	1	primary	residue		
RāmāCin.	1	primary	residue		
Dhvanyuā.	1	primary	residue		
SubhaDhā.	1	primary	residue		
SāhiDā.	1	primary	residue		
Paras.	1	primary	residue		
Godāvarī.	1	primary	residue		
Vākyap.	1	primary	residue		
TripaMāPūSt.	1	primary	residue		
RājRa.	1	primary	residue		
LaṅgaP.	1	primary	residue		
LiṅgU.	1	primary	residue		
SkndP.	1	primary	residue		
ŚivāP.	1	primary	residue		
GopiU.	1	primary	residue		
KāmakaVi.	1	primary	residue		
BharamDū.	1	primary	residue		
VarkroJī.	1	primary	residue		
TilaMant.	1	primary	residue		
PratāYāBhaū.	1	primary	residue		
HammīMakā.	1	primary	residue		
BāiRā.	1	primary	residue		
Rukmiha.	1	primary	residue		
Sāhida.	1	primary	residue		
Acyutanā.	1	primary	residue		
NilāVi.	1	primary	residue		
MaSt.	1	primary	residue		
RājTas.	1	primary	residue		
LalitrāTriBh.	1	primary	residue		
Rāṣṭru.	1	primary	residue		
DharmePra.	1	primary	residue		
PuraNā.	1	primary	residue		
MīnāPañ.	1	primary	residue		
PrakraKau.	1	primary	residue		
RāNīRa.	1	primary	residue		
ŚiśaVa.	1	primary	residue		
SamārāSū.	1	primary	residue		
RājNīRā.	1	primary	residue		
MavastuAva.	1	primary	residue		
KāvyālaṃSāSaṃ.	1	primary	residue		
PrabaCm.	1	primary	residue		
BhāktiRaSi.	1	primary	residue		
Sāv.	1	primary	residue		
PāriHa.	1	primary	residue		
HeituBiṬ.	1	primary	residue		
JavāS.	1	primary	residue		
KātānVṛ.	1	primary	residue		
Prasāi.	1	primary	residue		
PrakriKan.	1	primary	residue		
BhaikṣāKā.	1	primary	residue		
ŚivaLi.	1	primary	residue		
GopāioTāU.	1	primary	residue		
NāṇārthSaṃ.	1	primary	residue		
ŚāṅknāGS.	1	primary	residue		
NṛṣiṃhoTāU.	1	primary	residue		
RaturCūKa.	1	primary	residue		
BhaViP.	1	primary	residue		
MaghDū.	1	primary	residue		
ĪśāṅŚiPa.	1	primary	residue		
Pre.	1	primary	residue		
BhārtṛNi.	1	primary	residue		
SudarU.	1	primary	residue		
MayuāMāli.	1	primary	residue		
ManuvaVi.	1	primary	residue		
VatāP.	1	primary	residue		
Rādhā.	1	primary	residue		
DaśvāC.	1	primary	residue		
AlaṅkāPa.	1	primary	residue		
Gurvī.	1	primary	residue		
Ucchvāsa.	1	primary	residue		
KhāṇḍanKhā.	1	primary	residue		
PādārthaTaNi.	1	primary	residue		
SāhiŚā.	1	primary	residue		
KāvyaS.	1	primary	residue		
SūktiRā.	1	primary	residue		
VāSū.	1	primary	residue		
CāndraVaŚū.	1	primary	residue		
CaturĀ.	1	primary	residue		
DvyaśyaKā.	1	primary	residue		
Naiṣkasi.	1	primary	residue		
KūmāPraPra.	1	primary	residue		
RaghnVa.	1	primary	residue		
ŚivārkamaDī.	1	primary	residue		
SiddhāLaSaṃ.	1	primary	residue		
Yādāvā.	1	primary	residue		
MāhāP.	1	primary	residue		
PrayāRaMā.	1	primary	residue		
ŚṛīKaC.	1	primary	residue		
BreahmP.	1	primary	residue		
Prādi.	1	primary	residue		
DhūrtaiSaṃ.	1	primary	residue		
Saṃyuktāgama.	1	primary	residue		
PāñcT.	1	primary	residue		
Kāpphiṇā.	1	primary	residue		
PañcBR.	1	primary	residue		
KaṇḍanKhā.	1	primary	residue		
ManuBha.	1	primary	residue		
LanCandr.	1	primary	residue		
StayMā.	1	primary	residue		
Gaṇra.	1	primary	residue		
Alaṅkāra.	1	primary	residue		
VīdaMā.	1	primary	residue		
VedāntSīSūMañ.	1	primary	residue		
ManuBhl.	1	primary	residue		
ŚautaPra.	1	primary	residue		
KāśyāS.	1	primary	residue		
ŚāiśiŚi.	1	primary	residue		
Kāṭhakasaṅkalana.	1	primary	residue		
ŪrdhvPuU.	1	primary	residue		
VedāutKau.	1	primary	residue		
Bhāvanāvi.	1	primary	residue		
ŚlekaVār.	1	primary	residue		
PrātyabhiVi.	1	primary	residue		
MayūlMāli.	1	primary	residue		
ĀgaPtrā.	1	primary	residue		
NyāyraMā.	1	primary	residue		
AlanṃkāMañ.	1	primary	residue		
TāntpaṬ.	1	primary	residue		
BrahmSūbh.	1	primary	residue		
Buddhac.	1	primary	residue		
KāṭhaUBh.	1	primary	residue		
VikaraDeC.	1	primary	residue		
Śabdara.	1	primary	residue		
Ānandra.	1	primary	residue		
Śāstrdī.	1	primary	residue		
ŚikṣāSā.	1	primary	residue		
KāṭhāS.	1	primary	residue		
ṢaḍaviBr.	1	primary	residue		
Hastyāvur.	1	primary	residue		
TilāMañ.	1	primary	residue		
Sādhanamālā.	1	primary	residue		
Tantrvā.	1	primary	residue		
Delhi.	1	primary	residue		
PramāVāSvonVṛ.	1	primary	residue		
Ms.	1	primary	residue		
Ślokavār.	1	primary	residue		
PañcPa.	1	primary	residue		
ĀtamaTaVi.	1	primary	residue		
ĪśvāPraSū.	1	primary	residue		
Lalivi.	1	primary	residue		
SaravaMaSaṃ.	1	primary	residue		
MāVastuAva.	1	primary	residue		
SikṣāSa.	1	primary	residue		
TarkKāu.	1	primary	residue		
ŚivārkaMalā.	1	primary	residue		
Vīdā.	1	primary	residue		
Madī.	1	primary	residue		
Nīlavi.	1	primary	residue		
Anargharā.	1	primary	residue		
PraiVṛ.	1	primary	residue		
BṛParāSin.	1	primary	residue		
Śāliho.	1	primary	residue		
Kh.	1	primary	residue		
PūraPraSaṃ.	1	primary	residue		
ViviTī.	1	primary	residue		
Rāj.	1	primary	residue		
Māhavikā.	1	primary	residue		
ŚaṭBr.	1	primary	residue		
ŚāṅkāŚS.	1	primary	residue		
NyāṭyaŚā.	1	primary	residue		
ŚaṭTrayī.	1	primary	residue		
Mahāvī.	1	primary	residue		
MahāMā.	1	primary	residue		
AhbinBhā.	1	primary	residue		
BharataK.	1	primary	residue		
NānāithaMa.	1	primary	residue		
KathāsaSāg.	1	primary	residue		
LaŚabdeŚa.	1	primary	residue		
KāmC.	1	primary	residue		
KeśaKaTa.	1	primary	residue		
DuśKuC.	1	primary	residue		
PṛJābāU.	1	primary	residue		
TantrPaha.	1	primary	residue		
NyārKuA.	1	primary	residue		
BuddbaC.	1	primary	residue		
SiddāMu.	1	primary	residue		
NavahaMā.	1	primary	residue		
NyāyKnA.	1	primary	residue		
PratyabhiVl.	1	primary	residue		
PūrvettaVāNaMā.	1	primary	residue		
GaruCandr.	1	primary	residue		
RasGafi.	1	primary	residue		
VenāntKa.	1	primary	residue		
SūU.	1	primary	residue		
DhārK.	1	primary	residue		
VaīraBhā.	1	primary	residue		
SāvitrīU.	1	primary	residue		
Ślo.	1	primary	residue		
NayaMa.	1	primary	residue		
HaṃSaṃ.	1	primary	residue		
ManāBhā.	1	primary	residue		
ŚukaRaU.	1	primary	residue		
LaiitāTriBh.	1	primary	residue		
NayāyMañ.	1	primary	residue		
SṛṅgāBhū.	1	primary	residue		
ParabhāC.	1	primary	residue		
La.	1	primary	residue		
RāghuVa.	1	primary	residue		
MālaVikā.	1	primary	residue		
DaṇdaVi.	1	primary	residue		
KaṭhŚruU.	1	primary	residue		
HayaU.	1	primary	residue		
Svarameka.	1	primary	residue		
TāttvMu.	1	primary	residue		
YaktiSneha.	1	primary	residue		
ŚivākarMaDī.	1	primary	residue		
BarahmSi.	1	primary	residue		
NayāySu.	1	primary	residue		
Nyāyāṃr.	1	primary	residue		
AdvraiSi.	1	primary	residue		
ŚistrDī.	1	primary	residue		
VīraRā.	1	primary	residue		
AdiP.	1	primary	residue		
ViṣṇaDhaP.	1	primary	residue		
BhāṭṭCar.	1	primary	residue		
KātyU.	1	primary	residue		
AbidhKoBh.	1	primary	residue		
JMPJGM.	1	primary	residue		
ŚṛṅgāMāñ.	1	primary	residue		
Ṭīkā.	1	primary	residue		
Śiśuva.	1	primary	residue		
RāgaPāṇ.	1	primary	residue		
SimehāDvā.	1	primary	residue		
ŚūkraNī.	1	primary	residue		
ĀaṅkāMañ.	1	primary	residue		
KhaṇdanKhā.	1	primary	residue		
SaṅkhaLiDS.	1	primary	residue		
AlañkāKau.	1	primary	residue		
MahBhāsk.	1	primary	residue		
ŚṛngāPra.	1	primary	residue		
Lalitā.	1	primary	residue		
PāñcRaRa.	1	primary	residue		
MaiAnu.	1	primary	residue		
ŚāktiVā.	1	primary	residue		
Hastyāur.	1	primary	residue		
Dakṣa.	1	primary	residue		
HeuBiṬ.	1	primary	residue		
BrĀraU.	1	primary	residue		
Bhaṭṭabhā.	1	primary	residue		
BhāṭṭBhā.	1	primary	residue		
VetaPāñ.	1	primary	residue		
ParibhāṢe.	1	primary	residue		
PadarthaSaṃ.	1	primary	residue		
AhṅbuS.	1	primary	residue		
NalāBhyu.	1	primary	residue		
VIŚVALOK.	1	primary	residue		
Rāmāi.	1	primary	residue		
ŚṛṅgāMaṅ.	1	primary	residue		
AdyāRā.	1	primary	residue		
VIŚVALoK.	1	primary	residue		
KATRE.	1	primary	residue		
ĀpaŚs.	1	primary	residue		
ŚāṅkhāŚs.	1	primary	residue		
ChadaśCū.	1	primary	residue		
AītĀ.	1	primary	residue		
KālīU.	1	primary	residue		
ŚūryTāU.	1	primary	residue		
ṢaḍvīBr.	1	primary	residue		
DrāhyŚs.	1	primary	residue		
MānŚs.	1	primary	residue		
VārāGs.	1	primary	residue		
KātyŚs.	1	primary	residue		
RāmUTāU.	1	primary	residue		
Adyar.	1	primary	residue		
VaradottaratāpanīU.	1	primary	residue		
CanturCin.	1	primary	residue		
KaṭhŚṛU.	1	primary	residue		
Ṭippaṇī.	1	primary	residue		
Jaimibr.	1	primary	residue		
Gopbr.	1	primary	residue		
NāraPūTāU.	1	primary	residue		
ParaBrahmaU.	1	primary	residue		
Pw.	1	primary	residue		
KṛṣṇKa.	1	primary	residue		
BṛhasPaSm.	1	primary	residue		
NārāPaU.	1	primary	residue		
YatrāPra.	1	primary	residue		
BhāvanāVī.	1	primary	residue		
PṛthVīVi.	1	primary	residue		
ParamāKa.	1	primary	residue		
AṣṭātHṛ.	1	primary	residue		
ĀganiveGS.	1	primary	residue		
TārasāU.	1	primary	residue		
YogaŚiU.	1	primary	residue		
VāsudeU.	1	primary	residue		
SiddhTa.	1	primary	residue		
CāndrVaSū.	1	primary	residue		
LaMādhyaŚi.	1	primary	residue		
SivSū.	1	primary	residue		
Kirāta.	1	primary	residue		
HariVam.	1	primary	residue		
ŚākhāŚS.	1	primary	residue		
DrahyŚS.	1	primary	residue		
Śaṅkarānanda.	1	primary	residue		
MaVastaAva.	1	primary	residue		
SāddhaPuṇ.	1	primary	residue		
Surāṅganā.	1	primary	residue		
BhāṭṭaBhā.	1	primary	residue		
JaimiNyāMā.	1	primary	residue		
Kāṭhakasaṃkalana.	1	primary	residue		
JaiMiBr.	1	primary	residue		
CarakaBr.	1	primary	residue		
KāśyapaDS.	1	primary	residue		
JOR.	1	primary	residue		
Madras.	1	primary	residue		
ŚivāpaKṣaSi.	1	primary	residue		
Lalāta.	1	primary	residue		
UjjvaNīMā.	1	primary	residue		
TriṣŚaPuC.	1	primary	residue		
KṛṣṇaPuU.	1	primary	residue		
MahāvīSt.	1	primary	residue		
UjjavaNīMa.	1	primary	residue		
ChandśCū.	1	primary	residue		
ŚivārkaMDī.	1	primary	residue		
NyāyMāñ.	1	primary	residue		
BSPS.	1	primary	residue		
ĪśopaBh.	1	primary	residue		
PāṇīTaVāNaMā.	1	primary	residue		
Dh.	1	primary	residue		
ŚāhiSā.	1	primary	residue		
VedāntKā.	1	primary	residue		
ṚPrātī.	1	primary	residue		
AgnīP.	1	primary	residue		
MīmaKau.	1	primary	residue		
ŚṛṅgāPr.	1	primary	residue		
VaīyāBhū.	1	primary	residue		
ṬantrVā.	1	primary	residue		
KhṇḍanKhā.	1	primary	residue		
AvantīKa.	1	primary	residue		
ŚabdaPra.	1	primary	residue		
PauṣKS.	1	primary	residue		
MāinīT.	1	primary	residue		
JayaChanda.	1	primary	residue		
BallaC.	1	primary	residue		
VedāntSa.	1	primary	residue		
VaiyaSiMañ.	1	primary	residue		
TajoBiU.	1	primary	residue		
VivaPraSaiṃ.	1	primary	residue		
BṛĀaUBhVā.	1	primary	residue		
VājaPrātī.	1	primary	residue		
PārśVC.	1	primary	residue		
PāśuBraU.	1	primary	residue		
PañcaSā.	1	primary	residue		
VīraMii.	1	primary	residue		
AbhihāCin.	1	primary	residue		
NānārthSam.	1	primary	residue		
Baudh.	1	primary	residue		
Ds.	1	primary	residue		
AuciVica.	1	primary	residue		
SūktiiRa.	1	primary	residue		
Vallabha.	1	primary	residue		
BrahmaSū.	1	primary	residue		
AŚirU.	1	primary	residue		
Yudhi.	1	primary	residue		
KaumuMī.	1	primary	residue		
ĀtmaNiA.	1	primary	residue		
ŚṛṇgāSar.	1	primary	residue		
SadānU.	1	primary	residue		
MohāRāPa.	1	primary	residue		
ViṣṇuPāKeSt.	1	primary	residue		
ŚāṅkhGS.	1	primary	residue		
JābāDaU.	1	primary	residue		
AneKāNā.	1	primary	residue		
AbhidhāC.	1	primary	residue		
ABHYANKAR.	1	primary	residue		
KālīVīT.	1	primary	residue		
VaraṅgaC.	1	primary	residue		
Vācaspatya.	1	primary	residue		
MaVstuAva.	1	primary	residue		
PraśnJñā.	1	primary	residue		
PraṇaU.	1	primary	residue		
ŚāṭyāyanīyaBr.	1	primary	residue		
ĀsvaŚS.	1	primary	residue		
JābāU.	1	primary	residue		
NlīlaVi.	1	primary	residue		
AbhidhKobh.	1	primary	residue		
AbhidhaSa.	1	primary	residue		
ViṣṇuSaNāBh.	1	primary	residue		
HirŚuS.	1	primary	residue		
ŚadbaRaSaK.	1	primary	residue		
NīlaruU.	1	primary	residue		
Vr.	1	primary	residue		
AŚiU.	1	primary	residue		
SaṇkarKāBh.	1	primary	residue		
VaradapūrvatāpinīU.	1	primary	residue		
BaudŚS.	1	primary	residue		
GobhGS.	1	primary	residue		
PāKeSt.	1	primary	residue		
Architecture.	1	primary	residue		
KapaK.	1	primary	residue		
JanaHa.	1	primary	residue		
Intro.	1	primary	residue		
Gonāmika.	1	primary	residue		
DyāśraKā.	1	primary	residue		
ŚaṅkhaLīDS.	1	primary	residue		
SuśurS.	1	primary	residue		
KapikaS.	1	primary	residue		
SāṅkhāGS.	1	primary	residue		
TattvaRāVār.	1	primary	residue		
NanārthaMa.	1	primary	residue		
ŚṛgāSar.	1	primary	residue		
NirguMāPu.	1	primary	residue		
ParsthāBhe.	1	primary	residue		
VedānKau.	1	primary	residue		
PaghuVa.	1	primary	residue		
TulasīU.	1	primary	residue		
LatitāSaBh.	1	primary	residue		
PūrvuttaVāNaMā.	1	primary	residue		
NyāyṢu.	1	primary	residue		
ViṣṇuTaNir.	1	primary	residue		
ParyāRa.	1	primary	residue		
GarbhaU.	1	primary	residue		
ManavaMu.	1	primary	residue		
SinddhaHe.	1	primary	residue		
Haristu.	1	primary	residue		
PaiñgU.	1	primary	residue		
UjjvaNīma.	1	primary	residue		
ViśvoLoK.	1	primary	residue		
Pṛthvī.	1	primary	residue		
NarmāMā.	1	primary	residue		
ĀlaṅkāMañ.	1	primary	residue		
GaṅjīKhe.	1	primary	residue		
Vyarahāra.	1	primary	residue		
PurāPraSāṃ.	1	primary	residue		
Phiṭ.	1	primary	residue		
MūgdhaBo.	1	primary	residue		
NirṇasaSi.	1	primary	residue		
PramāVāSropVṛ.	1	primary	residue		
PṛatyabhiVi.	1	primary	residue		
Brhajjā.	1	primary	residue		
VṛŚātāŚm.	1	primary	residue		
ParNā.	1	primary	residue		
VaiS.	1	primary	residue		
Līla.	1	primary	residue		
Vedāntka.	1	primary	residue		
Arith.	1	primary	residue		
BrāhmSaphuSi.	1	primary	residue		
DanḍaVi.	1	primary	residue		
SūtraP.	1	primary	residue		
ŚāṅgaS.	1	primary	residue		
Calcutta.	1	primary	residue		
MaṇḍBrāU.	1	primary	residue		
SkanP.	1	primary	residue		
ĪśvaS.	1	primary	residue		
SamaraSū.	1	primary	residue		
KarthāSaSāg.	1	primary	residue		
Viśvanātha.	1	primary	residue		
NāmaŚil.	1	primary	residue		
MahaNirvāT.	1	primary	residue		
BhārataPra.	1	primary	residue		
MayūMūli.	1	primary	residue		
AlaṅkaSa.	1	primary	residue		
RāmaChāSt.	1	primary	residue		
Āyurvedīyaśabdakośa.	1	primary	residue		
ŚahdaraSaK.	1	primary	residue		
ViśvLoK.	1	primary	residue		
BṛkathāK.	1	primary	residue		
YogaYā.	1	primary	residue		
PraśnoUBh.	1	primary	residue		
YoŚā.	1	primary	residue		
HāriC.	1	primary	residue		
NaīṣkaSi.	1	primary	residue		
TantVā.	1	primary	residue		
GāṇeP.	1	primary	residue		
AppI.	1	primary	residue		
Viśiṣṭādvaitakośa.	1	primary	residue		
AnanA.	1	primary	residue		
PrayāŚaRa.	1	primary	residue		
VedavyaSm.	1	primary	residue		
ĪśānśiPa.	1	primary	residue		
BṛYamaSam.	1	primary	residue		
TaiUBhaVā.	1	primary	residue		
VājaPrati.	1	primary	residue		
XV.	1	structural			
Subā.	1	primary	residue		
BrahmnSūBh.	1	primary	residue		
VādhuŚS.	1	primary	residue		
ManuŚm.	1	primary	residue		
ŚaṅkhaŚm.	1	primary	residue		
MeghuVa.	1	primary	residue		
VārkyaPa.	1	primary	residue		
ŚānkhāGS.	1	primary	residue		
AhhidhK.	1	primary	residue		
SāmāViBr.	1	primary	residue		
ŚṛngāTi.	1	primary	residue		
SubhDha.	1	primary	residue		
CāruCa.	1	primary	residue		
MajāBhā.	1	primary	residue		
NānarthSaṃ.	1	primary	residue		
NānarthaMa.	1	primary	residue		
ĀryaSaŚa.	1	primary	residue		
BhārBhā.	1	primary	residue		
Subhāṣ.	1	primary	residue		
Māṇḍūśi.	1	primary	residue		
SāktiMu.	1	primary	residue		
CandraVṛ.	1	primary	residue		
ĀPTE.	1	primary	residue		
TriṣaŚaPaC.	1	primary	residue		
PadmPa.	1	primary	residue		
PratāYaBh.	1	primary	residue		
ViṣnuDhaP.	1	primary	residue		
SaṃkṣeŚa.	1	primary	residue		
PārāSu.	1	primary	residue		
DHBS.	1	primary	residue		
Subhāśi.	1	primary	residue		
AlaṅkaŚe.	1	primary	residue		
Vāgbaṭā.	1	primary	residue		
ŚābāBh.	1	primary	residue		
AmaKoU.	1	primary	residue		
TattvParkā.	1	primary	residue		
ŚukaSa.	1	primary	residue		
TattviBi.	1	primary	residue		
VaijaK.	1	primary	residue		
SamkṣeŚā.	1	primary	residue		
SāṃkhyPraSū.	1	primary	residue		
SāṃkhyaPaBh.	1	primary	residue		
TatttvSaṃ.	1	primary	residue		
PramāVārBh.	1	primary	residue		
DaśRu.	1	primary	residue		
KhaṇḍaKhā.	1	primary	residue		
PuraPraSaṃ.	1	primary	residue		
NyāyaKu.	1	primary	residue		
ViviTiKa.	1	primary	residue		
JabālaDaU.	1	primary	residue		
TanrVā.	1	primary	residue		
BhāttCan.	1	primary	residue		
Nyāymṛ.	1	primary	residue		
KāṭhaŚSSaṃkalana.	1	primary	residue		
VāsiS.	1	primary	residue		
NyayMa.	1	primary	residue		
BāLaKrī.	1	primary	residue		
RasPraSū.	1	primary	residue		
PāncaRā.	1	primary	residue		
Saṃskāram.	1	primary	residue		
TattvPraka.	1	primary	residue		
ĀryāSaSa.	1	primary	residue		
VedāntSiSūMaṅ.	1	primary	residue		
PraSūBh.	1	primary	residue		
ViddhiRa.	1	primary	residue		
NāmMāli.	1	primary	residue		
VyuptaVā.	1	primary	residue		
YogaVā.	1	primary	residue		
NṛSiṃṢaCaU.	1	primary	residue		
Vāda.	1	primary	residue		
PiṇḍabrahmāṇḍaU.	1	primary	residue		
SaḍdarSa.	1	primary	residue		
AlaṅkāKāu.	1	primary	residue		
SevyaSe.	1	primary	residue		
NyāyVar.	1	primary	residue		
BhktiRaSi.	1	primary	residue		
Kāvyyānu.	1	primary	residue		
VairāŚa.	1	primary	residue		
VedantKau.	1	primary	residue		
Laśabdese.	1	primary	residue		
KandaCu.	1	primary	residue		
AitBṛ.	1	primary	residue		
TripuMāPūst.	1	primary	residue		
BṛKathāKa.	1	primary	residue		
BṛYamaŚm.	1	primary	residue		
Bṛhjjā.	1	primary	residue		
ĀryāŚaŚa.	1	primary	residue		
VetaPañ.	1	primary	residue		
Trimśi.	1	primary	residue		
TattvMū.	1	primary	residue		
HarśaC.	1	primary	residue		
BrahmāSūBh.	1	primary	residue		
RājaNīRa.	1	primary	residue		
YogaSūVṛ.	1	primary	residue		
MīmāKaū.	1	primary	residue		
JaineVr.	1	primary	residue		
DnāhyŚS.	1	primary	residue		
DvīrūK.	1	primary	residue		
PramāVāSwpVṛ.	1	primary	residue		
BāṭṭCin.	1	primary	residue		
VatāU.	1	primary	residue		
ArthaSaṃ.	1	primary	residue		
Citramī.	1	primary	residue		
VedāntPāri.	1	primary	residue		
Mīmākau.	1	primary	residue		
BaudhSS.	1	primary	residue		
ŚāṇkhāGS.	1	primary	residue		
XX.	1	structural			
MānaSa.	1	primary	residue		
CūKa.	1	primary	residue		
Refl.	1	primary	residue		
SiddhānKau.	1	primary	residue		
VaitāŚū.	1	primary	residue		
TāiS.	1	primary	residue		
HitPiMe.	1	primary	residue		
ŚāṅŚS.	1	primary	residue		
ŚaḍviBr.	1	primary	residue		
KāṭhŚrU.	1	primary	residue		
Lib.	1	primary	residue		
SiddhāhāSi.	1	primary	residue		
Yādava.	1	primary	residue		
YukyiKa.	1	primary	residue		
TantRaha.	1	primary	residue		
RāgPāṇ.	1	primary	residue		
BṛkathāthāMañ.	1	primary	residue		
BhāṭṭCaṇ.	1	primary	residue		
VārSvopVṛ.	1	primary	residue		
TriśaŚaPuC.	1	primary	residue		
SṃṛtiCan.	1	primary	residue		
GoRR.	1	primary	residue		
PañcaBṛU.	1	primary	residue		
PratyaBhiVi.	1	primary	residue		
JoytiVe.	1	primary	residue		
MaitrU.	1	primary	residue		
PrayāMu.	1	primary	residue		
ŚāṅkhāBr.	1	primary	residue		
YātrāPrā.	1	primary	residue		
Mahimn.	1	primary	residue		
Vāija.	1	primary	residue		
Prakrikau.	1	primary	residue		
CaturJistu.	1	primary	residue		
Katre.	1	primary	residue		
TattavCin.	1	primary	residue		
BrahmāḍP.	1	primary	residue		
UdaysuKa.	1	primary	residue		
JñānaDī.	1	primary	residue		
Iv.	1	primary	residue		
ItihāsU.	1	primary	residue		
Brāhmaṇas.	1	primary	residue		
Bham.	1	primary	residue		
TriṣaSaPuC.	1	primary	residue		
NṛSimhoTāU.	1	primary	residue		
ĀandMaSt.	1	primary	residue		
ViṣamaŚlo.	1	primary	residue		
BhavasantāraṇaU.	1	primary	residue		
ŚiVLī.	1	primary	residue		
Vedavyāsm.	1	primary	residue		
LaKṣaṇā.	1	primary	residue		
ŚārṇgaPa.	1	primary	residue		
Sabhāṣi.	1	primary	residue		
JñātāDhaT.	1	primary	residue		
BhartṛNir.	1	primary	residue		
UdaySuka.	1	primary	residue		
ŚārṅgāPa.	1	primary	residue		
Śañ.	1	primary	residue		
BramaSūBh.	1	primary	residue		
ChābdoUBh.	1	primary	residue		
Dvirūk.	1	primary	residue		
GitGo.	1	primary	residue		
LāṭŚS.	1	primary	residue		
SidhāKau.	1	primary	residue		
Xi.	1	primary	residue		
Bhāmivi.	1	primary	residue		
Nītipra.	1	primary	residue		
Kalāvi.	1	primary	residue		
ViṣṅuDhaP.	1	primary	residue		
ŚaṅkhLDS.	1	primary	residue		
ŚaṅkhLiSm.	1	primary	residue		
KāṭhŚSSaṅkalana.	1	primary	residue		
ŚaṅkhaliDS.	1	primary	residue		
