dict,view,rule,kind,sensitive_to_anusvara_visarga_policy,unit_index,prev_L,prev_pc,prev_k1,prev_iast,next_L,next_pc,next_k1,next_iast
mw,main,M-nasal/Hi-pos/Hf-slot/G-keep,isolated,0,26,168,"1,3",akarA,akarā,169,"1,3",akaraRa,akaraṇa
mw,main,M-nasal/Hi-pos/Hf-slot/G-keep,isolated,0,41,205,"2,1",akalkA,akalkā,207,"2,1",akalkana,akalkana
mw,main,M-nasal/Hi-pos/Hf-slot/G-keep,isolated,0,61,243.1,"2,1",akAraRena,akāraṇena,243.2,"2,1",akAraRe,akāraṇe
mw,main,M-nasal/Hi-pos/Hf-slot/G-keep,isolated,0,62,243.2,"2,1",akAraRe,akāraṇe,243.3,"2,1",akAraRAt,akāraṇāt
mw,main,M-nasal/Hi-pos/Hf-slot/G-keep,isolated,0,68,254,"2,1",akAle,akāle,254.1,"2,1",akAlatas,akālatas
mw,main,M-nasal/Hi-pos/Hf-slot/G-keep,isolated,1,72,268.1,"1308,1",akiMcid,akiṃcid,269,"2,2",akiYcana,akiñcana
mw,main,M-nasal/Hi-pos/Hf-slot/G-keep,isolated,0,90,300,"2,2",akulA,akulā,300.2,"1308,1",akula,akula
mw,main,M-nasal/Hi-pos/Hf-slot/G-keep,isolated,0,152,546,"3,2",akzatA,akṣatā,548,"3,2",akzata,akṣata
mw,main,M-nasal/Hi-pos/Hf-slot/G-keep,isolated,0,161,582,"3,2",akzarA,akṣarā,583,"3,2",akzara,akṣara
mw,main,M-nasal/Hi-pos/Hf-slot/G-keep,isolated,0,247,1194,"6,2",agrA,agrā,1195,"6,2",agra,agra
mw,main,M-nasal/Hi-pos/Hf-slot/G-keep,isolated,0,250,1209,"6,2",agreRa,agreṇa,1210,"6,2",agre,agre
mw,main,M-nasal/Hi-pos/Hf-slot/G-keep,isolated,0,251,1210,"6,2",agre,agre,1334,"6,3",agraBaRa,agrabhaṇa
mw,main,M-nasal/Hi-pos/Hf-slot/G-keep,isolated,0,331,1834.2,"9,1",acireRa,acireṇa,1837,"9,1",acirA,acirā
mw,main,M-nasal/Hi-pos/Hf-slot/G-keep,isolated,0,337,1857.1,"1309,2",acyAvin,acyāvin,1858,"9,1",acCa,accha
mw,main,M-nasal/Hi-pos/Hf-slot/G-keep,isolated,0,350,2037,"9,3",ajA,ajā,2038,"9,3",ajakava,ajakava
mw,main,M-nasal/Hi-pos/Hf-slot/G-keep,isolated,0,362,2073,"10,1",ajapA,ajapā,2074,"10,1",ajapa,ajapa
mw,main,M-nasal/Hi-pos/Hf-slot/G-keep,isolated,0,387,2149.1,"10,2",ajiram,ajiram,2150,"10,2",ajira,ajira
mw,main,M-nasal/Hi-pos/Hf-slot/G-keep,isolated,0,389,2151,"10,2",ajirA,ajirā,2152,"10,2",ajira,ajira
mw,main,M-nasal/Hi-pos/Hf-slot/G-keep,isolated,0,469,2558,"12,2",atasI,atasī,2560,"12,2",atasi,atasi
mw,main,M-nasal/Hi-pos/Hf-slot/G-keep,isolated,0,514,2987,"14,1",atitF,atitṝ,2989.1,"1309,3",atitikzamARa,atitikṣamāṇa
mw,main,M-nasal/Hi-pos/Hf-slot/G-keep,isolated,0,772,3474.1,"17,1",atyAyam,atyāyam,3475,"17,1",atyAyat,atyāyat
mw,main,M-nasal/Hi-pos/Hf-slot/G-keep,isolated,0,813,3609,"18,1",adattA,adattā,3610,"18,1",adatta,adatta
mw,main,M-nasal/Hi-pos/Hf-slot/G-keep,isolated,0,867,3729,"18,3",adUre,adūre,3729.1,"18,3",adUrAt,adūrāt
mw,main,M-nasal/Hi-pos/Hf-slot/G-keep,isolated,0,868,3729.1,"18,3",adUrAt,adūrāt,3729.2,"18,3",adUratas,adūratas
mw,main,M-nasal/Hi-pos/Hf-slot/G-keep,isolated,0,869,3729.2,"18,3",adUratas,adūratas,3730,"18,3",adUra,adūra
mw,main,M-nasal/Hi-pos/Hf-slot/G-keep,isolated,0,894,3855,"19,2",adravya,adravya,3856.1,"1310,1",adyotaka,adyotaka
mw,main,M-nasal/Hi-pos/Hf-slot/G-keep,isolated,0,916,3960,"19,3",aDamA,adhamā,3960.1,"19,3",aDama,adhama
mw,main,M-nasal/Hi-pos/Hf-slot/G-keep,isolated,0,920,3974.1,"19,3",aDarAt,adharāt,3975,"19,3",aDarasmAt,adharasmāt
mw,main,M-nasal/Hi-pos/Hf-slot/G-keep,isolated,0,922,3976,"19,3",aDarA,adharā,3977,"19,3",aDara,adhara
mw,main,M-nasal/Hi-pos/Hf-slot/G-keep,isolated,0,967,4247,"21,1",aDijan,adhijan,4249.1,"1310,2",aDijaNGam,adhijaṅgham
mw,main,M-nasal/Hi-pos/Hf-slot/G-keep,isolated,0,1088,4434,"22,2",aDizu,adhiṣu,4437.1,"1310,3",aDizAdam,adhiṣādam
mw,main,M-nasal/Hi-pos/Hf-slot/G-keep,isolated,0,1170,4676.1,"1310,3",aDyAsyA,adhyāsyā,4677,"23,3",aDyAsaYj,adhyāsañj
mw,main,M-nasal/Hi-pos/Hf-slot/G-keep,isolated,0,1184,4692.1,"23,3",aDyuzite,adhyuṣite,4693,"23,3",aDyuzita,adhyuṣita
mw,main,M-nasal/Hi-pos/Hf-slot/G-keep,isolated,0,1202,4723,"23,3",aDvan,adhvan,4732,"23,3",aDva,adhva
mw,main,M-nasal/Hi-pos/Hf-slot/G-keep,isolated,0,1266,4934,"25,1",anantA,anantā,4938,"25,1",ananta,ananta
mw,main,M-nasal/Hi-pos/Hf-slot/G-keep,isolated,0,1285,5066.1,"1311,1",anapakzepya,anapakṣepya,5067,"25,2",anapakarza,anapakarṣa
mw,main,M-nasal/Hi-pos/Hf-slot/G-keep,isolated,0,1320,5125,"25,3",anapekzA,anapekṣā,5126,"25,3",anapekzam,anapekṣam
mw,main,M-nasal/Hi-pos/Hf-slot/G-keep,isolated,0,1447,5371.1,"27,1",anavekzam,anavekṣam,5372,"27,1",anavekza,anavekṣa
mw,main,M-nasal/Hi-pos/Hf-slot/G-keep,isolated,0,1476,5431.01,"128,1",anAkranda,anākranda,5431.1,"1311,2",anAktAkza,anāktākṣa
mw,main,M-nasal/Hi-pos/Hf-slot/G-keep,isolated,0,1597,5707.2,"1311,2",anAstika,anāstika,5708,"29,1",anAsAdita,anāsādita
mw,main,M-nasal/Hi-pos/Hf-slot/G-keep,isolated,0,1668,5850,"29,3",anirA,anirā,5850.1,"1311,2",aniraSita,aniraśita
mw,main,M-nasal/Hi-pos/Hf-slot/G-keep,isolated,0,1724,5967,"30,2",anizwA,aniṣṭā,5968,"30,2",anizwa,aniṣṭa
mw,main,M-nasal/Hi-pos/Hf-slot/G-keep,isolated,0,1756,6048,"31,1",anIhA,anīhā,6051,"31,1",anILa,anīḻa
mw,main,M-nasal/Hi-pos/Hf-slot/G-keep,isolated,0,1760,6060,"31,1",anukaT,anukath,6063.1,"1311,3",anukaRWI,anukaṇṭhī
mw,main,M-nasal/Hi-pos/Hf-slot/G-keep,isolated,0,1778,6101,"31,2",anukUlA,anukūlā,6103,"31,2",anukUla,anukūla
mw,main,M-nasal/Hi-pos/Hf-slot/G-keep,isolated,0,1784,6131,"31,2",anukfz,anukṛṣ,6139.1,"1311,3",anukalam,anukalam
mw,main,M-nasal/Hi-pos/Hf-slot/G-keep,isolated,0,1817,6220,"32,1",anuguRam,anuguṇam,6221,"32,1",anuguRa,anuguṇa
mw,main,M-nasal/Hi-pos/Hf-slot/G-keep,isolated,0,1901,6422,"33,2",anudA,anudā,6427.1,"1311,3",anudapAna,anudapāna
mw,main,M-nasal/Hi-pos/Hf-slot/G-keep,isolated,0,1965,6549,"34,1",anunI,anunī,6560.1,"1312,1",anuninIzA,anuninīṣā
mw,main,M-nasal/Hi-pos/Hf-slot/G-keep,isolated,0,2000,6641,"34,3",anupamA,anupamā,6645,"34,3",anupamardana,anupamardana
mw,main,M-nasal/Hi-pos/Hf-slot/G-keep,isolated,0,2084,6775,"35,2",anupF,anupṝ,6775.1,"1312,1",anupUraRa,anupūraṇa
mw,main,M-nasal/Hi-pos/Hf-slot/G-keep,isolated,0,2169,6992.4,"1312,2",anumAlinItIram,anumālinītīram,6993,"37,1",anumAdya,anumādya
mw,main,M-nasal/Hi-pos/Hf-slot/G-keep,isolated,0,2174,7003.2,"1312,2",anumroka,anumroka,7004,"37,1",anumuh,anumuh
mw,main,M-nasal/Hi-pos/Hf-slot/G-keep,isolated,0,2226,7170,"38,1",anulomA,anulomā,7171,"38,1",anuloma,anuloma
mw,main,M-nasal/Hi-pos/Hf-slot/G-keep,isolated,0,2231,7185,"38,1",anuvaMSam,anuvaṃśam,7186,"38,1",anuvaMSa,anuvaṃśa
mw,main,M-nasal/Hi-pos/Hf-slot/G-keep,isolated,0,2246,7245,"38,2",anuvah,anuvah,7246.1,"1312,2",anuvas,anuvas
mw,main,M-nasal/Hi-pos/Hf-slot/G-keep,isolated,0,2309,7361,"1312,2",anuvyApin,anuvyāpin,7362,"39,2",anuvyam,anuvyam
mw,main,M-nasal/Hi-pos/Hf-slot/G-keep,isolated,0,2556,7888.3,"1312,3",anoyukta,anoyukta,7889,"42,3",anoMkfta,anoṃkṛta
mw,main,M-nasal/Hi-pos/Hf-slot/G-keep,isolated,0,2569,7913,"42,3",ante,ante,7915,"42,3",antam,antam
mw,main,M-nasal/Hi-pos/Hf-slot/G-keep,isolated,0,2570,7915,"42,3",antam,antam,7915.1,"42,3",anta,anta
mw,main,M-nasal/Hi-pos/Hf-slot/G-keep,isolated,0,2572,7915.11,"1312,3",antena,antena,7915.12,"1312,3",antAya,antāya
mw,main,M-nasal/Hi-pos/Hf-slot/G-keep,isolated,0,2573,7915.12,"1312,3",antAya,antāya,7915.13,"1312,3",antAt,antāt
mw,main,M-nasal/Hi-pos/Hf-slot/G-keep,isolated,0,2574,7915.13,"1312,3",antAt,antāt,7981,"43,1",antaH,antaḥ
mw,main,M-nasal/Hi-pos/Hf-slot/G-keep,isolated,0,2579,8197,"43,3",antaram,antaram,8197.05,"43,3",antara,antara
mw,main,M-nasal/Hi-pos/Hf-slot/G-keep,isolated,0,2581,8197.1,"43,3",antaratas,antaratas,8197.105,"43,3",antara,antara
mw,main,M-nasal/Hi-pos/Hf-slot/G-keep,isolated,0,2634,8730,"46,1",anvaYc,anvañc,8730.2,"46,1",anUci,anūci
mw,main,M-nasal/Hi-pos/Hf-slot/G-keep,isolated,0,2723,8886,"47,2",anvAhf,anvāhṛ,8891.1,"1313,3",anvAhiRq,anvāhiṇḍ
mw,main,M-nasal/Hi-pos/Hf-slot/G-keep,isolated,0,2773,9084.1,"48,2",apagopura,apagopura,9085,"48,2",apagE,apagai
mw,main,M-nasal/Hi-pos/Hf-slot/G-keep,isolated,0,2819,9179,"49,1",apatfp,apatṛp,9180.1,"1313,3",apatAna,apatāna
mw,main,M-nasal/Hi-pos/Hf-slot/G-keep,isolated,0,2830,9227.1,"1313,3",apadarpa,apadarpa,9228,"49,2",apadakziRam,apadakṣiṇam
mw,main,M-nasal/Hi-pos/Hf-slot/G-keep,isolated,0,2947,9409.3,"1314,1",aparAvApa,aparāvāpa,9410,"50,3",apara,apara
mw,main,M-nasal/Hi-pos/Hf-slot/G-keep,isolated,0,2950,9422,"50,3",aparI,aparī,9422.1,"50,3",apara,apara
mw,main,M-nasal/Hi-pos/Hf-slot/G-keep,isolated,0,2953,9426,"50,3",apareRa,apareṇa,9426.05,"50,3",apara,apara
mw,main,M-nasal/Hi-pos/Hf-slot/G-keep,isolated,0,2955,9426.2,"1314,1",aparA,aparā,9481,"50,3",aparaYj,aparañj
mw,main,M-nasal/Hi-pos/Hf-slot/G-keep,isolated,0,3023,9598.3,"1314,1",aparihIyamARa,aparihīyamāṇa,9599,"51,2",aparihARa,aparihāṇa
mw,main,M-nasal/Hi-pos/Hf-slot/G-keep,isolated,0,3031,9609.2,"1314,1",aparkyapfzWa,aparkyapṛṣṭha,9609.3,"1314,1",aparuz,aparuṣ
mw,main,M-nasal/Hi-pos/Hf-slot/G-keep,isolated,0,3051,9630,"51,3",aparvan,aparvan,9631.05,"1314,1",aparvaRi,aparvaṇi
mw,main,M-nasal/Hi-pos/Hf-slot/G-keep,isolated,0,3053,9631.1,"51,3",aparvan,aparvan,9634.1,"1314,1",aparvata,aparvata
mw,main,M-nasal/Hi-pos/Hf-slot/G-keep,isolated,0,3068,9658.1,"1314,2",apavAtA,apavātā,9659,"52,1",apavat,apavat
mw,main,M-nasal/Hi-pos/Hf-slot/G-keep,isolated,0,3094,9707,"52,2",apavIRA,apavīṇā,9708,"52,2",apavIRam,apavīṇam
mw,main,M-nasal/Hi-pos/Hf-slot/G-keep,isolated,0,3103,9753,"52,3",apavyaD,apavyadh,9759.1,"1314,2",apavidyA,apavidyā
mw,main,M-nasal/Hi-pos/Hf-slot/G-keep,isolated,0,3126,9781,"52,3",apaSu,apaśu,9786.1,"1314,2",apaSastra,apaśastra
mw,main,M-nasal/Hi-pos/Hf-slot/G-keep,isolated,0,3148,9839.1,"53,1",apasavyena,apasavyena,9839.11,"1314,2",apasavya,apasavya
mw,main,M-nasal/Hi-pos/Hf-slot/G-keep,isolated,0,3240,10073,"54,3",apAlA,apālā,10074,"54,3",apAlaNka,apālaṅka
mw,main,M-nasal/Hi-pos/Hf-slot/G-keep,isolated,0,3378,10404,"56,3",apodikA,apodikā,10405,"56,3",apodi,apodi
mw,main,M-nasal/Hi-pos/Hf-slot/G-keep,isolated,0,3415,10487,"57,2",aprakASam,aprakāśam,10488,"57,2",aprakASa,aprakāśa
mw,main,M-nasal/Hi-pos/Hf-slot/G-keep,isolated,0,3437,10517,"57,2",aprajA,aprajā,10526,"57,2",aprajajYi,aprajajñi
mw,main,M-nasal/Hi-pos/Hf-slot/G-keep,isolated,0,3447,10539,"57,3",aprati,aprati,10541,"57,3",apratA,apratā
mw,main,M-nasal/Hi-pos/Hf-slot/G-keep,isolated,0,3468,10581,"57,3",apratiBA,apratibhā,10581.1,"1314,3",apratiBawa,apratibhaṭa
mw,main,M-nasal/Hi-pos/Hf-slot/G-keep,isolated,0,3602,10878,"59,3",apvA,apvā,10879.3,"1314,3",apuza,apuṣa
mw,main,M-nasal/Hi-pos/Hf-slot/G-keep,isolated,0,3620,10952,"60,1",abalA,abalā,10955,"60,1",abala,abala
mw,main,M-nasal/Hi-pos/Hf-slot/G-keep,isolated,0,3649,11130,"60,3",aBayA,abhayā,11131,"60,3",aBaya,abhaya
mw,main,M-nasal/Hi-pos/Hf-slot/G-keep,isolated,0,3660,11197.1,"1315,1",aBikarRakUpam,abhikarṇakūpam,11198,"61,1",aBikam,abhikam
mw,main,M-nasal/Hi-pos/Hf-slot/G-keep,isolated,0,3697,11296.1,"1315,1",aBigopAya,abhigopāya,11297,"61,3",aBigE,abhigai
mw,main,M-nasal/Hi-pos/Hf-slot/G-keep,isolated,0,4034,12072,"67,2",aBimuKe,abhimukhe,12073,"67,2",aBimuKI,abhimukhī
mw,main,M-nasal/Hi-pos/Hf-slot/G-keep,isolated,0,4057,12172.1,"1315,2",aBiraSmimAli,abhiraśmimāli,12173,"68,1",aBiram,abhiram
mw,main,M-nasal/Hi-pos/Hf-slot/G-keep,isolated,0,4191,12525.1,"1315,2",aBiSradDA,abhiśraddhā,12526,"70,3",aBiSuc,abhiśuc
mw,main,M-nasal/Hi-pos/Hf-slot/G-keep,isolated,0,4232,12676.1,"1315,2",aBisaMyam,abhisaṃyam,12677,"72,1",aBisaMyatta,abhisaṃyatta
mw,main,M-nasal/Hi-pos/Hf-slot/G-keep,isolated,0,4378,12945.1,"1315,2",aBihiMsana,abhihiṃsana,12946,"74,1",aBihA,abhihā
mw,main,M-nasal/Hi-pos/Hf-slot/G-keep,isolated,0,4431,13132,"75,2",aBoktf,abhoktṛ,13146.1,"1315,2",aBEzajya,abhaiṣajya
mw,main,M-nasal/Hi-pos/Hf-slot/G-keep,isolated,0,4662,13726.1,"1315,3",aBrAja,abhrāja,13727,"79,3",aBrama,abhrama
mw,main,M-nasal/Hi-pos/Hf-slot/G-keep,isolated,0,4692,13848,"80,2",amandam,amandam,13849,"80,2",amanda,amanda
mw,main,M-nasal/Hi-pos/Hf-slot/G-keep,isolated,0,4705,13983,"81,1",amalA,amalā,13987,"81,1",amala,amala
mw,main,M-nasal/Hi-pos/Hf-slot/G-keep,isolated,0,4729,14064,"81,2",amAyA,amāyā,14064.1,"81,2",amAyayA,amāyayā
mw,main,M-nasal/Hi-pos/Hf-slot/G-keep,isolated,0,4733,14072,"81,2",amArgeRa,amārgeṇa,14072.1,"81,3",amArga,amārga
mw,main,M-nasal/Hi-pos/Hf-slot/G-keep,isolated,0,4756,14171.1,"1315,3",amutaHpradAna,amutaḥpradāna,14172,"82,1",amuKa,amukha
mw,main,M-nasal/Hi-pos/Hf-slot/G-keep,isolated,0,4782,14350,"83,1",amocana,amocana,14351,"83,1",amoGa,amogha
mw,main,M-nasal/Hi-pos/Hf-slot/G-keep,isolated,0,4816,14609.1,"84,1",amlI,amlī,14610,"84,1",amla,amla
mw,main,M-nasal/Hi-pos/Hf-slot/G-keep,isolated,0,4818,14655.1,"1316,1",amlowa,amloṭa,14656,"84,2",amlAna,amlāna
mw,main,M-nasal/Hi-pos/Hf-slot/G-keep,isolated,0,4875,15013,"86,2",aram,aram,15022.1,"1316,1",arakta,arakta
mw,main,M-nasal/Hi-pos/Hf-slot/G-keep,isolated,0,4932,15271.1,"87,3",arAlI,arālī,15274,"87,3",arAli,arāli
mw,main,M-nasal/Hi-pos/Hf-slot/G-keep,isolated,0,4943,15392,"88,2",arI|a,arīḻha,15392.1,"1316,1",arIRa,arīṇa
mw,main,M-nasal/Hi-pos/Hf-slot/G-keep,isolated,0,4953,15436.1,"88,2",aruRI,aruṇī,15438,"88,2",aruRa,aruṇa
mw,main,M-nasal/Hi-pos/Hf-slot/G-keep,isolated,0,4964,15496.1,"88,3",aruzI,aruṣī,15498,"88,3",aruza,aruṣa
mw,main,M-nasal/Hi-pos/Hf-slot/G-keep,isolated,0,5001,15756,"90,1",arjunI,arjunī,15762,"90,1",arjuna,arjuna
mw,main,M-nasal/Hi-pos/Hf-slot/G-keep,isolated,0,5004,15797,"90,2",arRA,arṇā,15797.1,"90,2",arRa,arṇa
mw,main,M-nasal/Hi-pos/Hf-slot/G-keep,isolated,0,5042,16522,"94,1",alakA,alakā,16534,"94,1",alakam,alakam
mw,main,M-nasal/Hi-pos/Hf-slot/G-keep,isolated,0,5133,16827,"95,3",alpena,alpena,16829,"95,3",alpAt,alpāt
mw,main,M-nasal/Hi-pos/Hf-slot/G-keep,isolated,0,5144,16958,"96,1",avakA,avakā,16962,"96,2",avakawa,avakaṭa
mw,main,M-nasal/Hi-pos/Hf-slot/G-keep,isolated,0,5254,17292.1,"1317,1",avaqa,avaḍa,17294,"98,3",avawaNka,avaṭaṅka
mw,main,M-nasal/Hi-pos/Hf-slot/G-keep,isolated,0,5258,17297.1,"98,3",avadraNga,avadraṅga,17298,"98,3",avaqIna,avaḍīna
mw,main,M-nasal/Hi-pos/Hf-slot/G-keep,isolated,0,5330,17564.1,"1317,1",avaniHsaraRa,avaniḥsaraṇa,17565,"100,2",avani,avani
mw,main,M-nasal/Hi-pos/Hf-slot/G-keep,isolated,0,5389,17802.2,"1317,1",avamohana,avamohana,17803,"102,1",avamuz,avamuṣ
mw,main,M-nasal/Hi-pos/Hf-slot/G-keep,isolated,0,5393,17809,"102,1",avamUrDaSaya,avamūrdhaśaya,17809.1,"1317,1",avamUrDaka,avamūrdhaka
mw,main,M-nasal/Hi-pos/Hf-slot/G-keep,isolated,0,5406,17859,"102,2",avarA,avarā,17862,"102,2",avara,avara
mw,main,M-nasal/Hi-pos/Hf-slot/G-keep,isolated,0,5408,17863,"102,2",avareRa,avareṇa,17894,"102,3",avaraNgasAha,avaraṅgasāha
mw,main,M-nasal/Hi-pos/Hf-slot/G-keep,isolated,0,5444,18066,"103,3",avalIlA,avalīlā,18066.1,"103,3",avalIlayA,avalīlayā
mw,main,M-nasal/Hi-pos/Hf-slot/G-keep,isolated,0,5468,18124,"104,1",avavyaD,avavyadh,18125.1,"1317,1",avavisraMsita,avavisraṃsita
mw,main,M-nasal/Hi-pos/Hf-slot/G-keep,isolated,0,5574,18500.1,"106,3",avAYcam,avāñcam,18500.2,"106,3",avAcI,avācī
mw,main,M-nasal/Hi-pos/Hf-slot/G-keep,isolated,0,5575,18500.2,"106,3",avAcI,avācī,18500.3,"106,3",avAk,avāk
mw,main,M-nasal/Hi-pos/Hf-slot/G-keep,isolated,0,5592,18575.1,"1317,2",avAruRa,avāruṇa,18576,"107,2",avAraRIya,avāraṇīya
mw,main,M-nasal/Hi-pos/Hf-slot/G-keep,isolated,0,5594,18588.1,"1317,2",avAlamba,avālamba,18589,"107,2",avAruh,avāruh
mw,main,M-nasal/Hi-pos/Hf-slot/G-keep,isolated,0,5615,18638.5,"1317,2",avikopita,avikopita,18639,"107,3",avikala,avikala
mw,main,M-nasal/Hi-pos/Hf-slot/G-keep,isolated,0,5663,18776,"108,2",avitaTena,avitathena,18777,"108,2",avitaTa,avitatha
mw,main,M-nasal/Hi-pos/Hf-slot/G-keep,isolated,0,5683,18809,"108,3",avidite,avidite,18809.1,"108,3",aviditam,aviditam
mw,main,M-nasal/Hi-pos/Hf-slot/G-keep,isolated,0,5689,18815,"108,3",avidUre,avidūre,18816,"108,3",avidUrAt,avidūrāt
mw,main,M-nasal/Hi-pos/Hf-slot/G-keep,isolated,0,5695,18827,"108,3",avidyA,avidyā,18831,"108,3",avidyamAna,avidyamāna
mw,main,M-nasal/Hi-pos/Hf-slot/G-keep,isolated,0,5752,18938.1,"1317,2",avimarSa,avimarśa,18939,"109,2",avimatta,avimatta
mw,main,M-nasal/Hi-pos/Hf-slot/G-keep,isolated,0,5803,19066,"110,2",avizA,aviṣā,19067,"110,2",aviza,aviṣa
mw,main,M-nasal/Hi-pos/Hf-slot/G-keep,isolated,0,5805,19068,"110,2",avizI,aviṣī,19070,"110,2",avizakta,aviṣakta
mw,main,M-nasal/Hi-pos/Hf-slot/G-keep,isolated,0,5846,19142,"110,3",avIrA,avīrā,19144,"110,3",avIra,avīra
mw,main,M-nasal/Hi-pos/Hf-slot/G-keep,isolated,0,5870,19206,"111,1",avelA,avelā,19208,"111,1",avelam,avelam
mw,main,M-nasal/Hi-pos/Hf-slot/G-keep,isolated,0,5894,19255,"111,2",avyaNgA,avyaṅgā,19258,"111,2",avyaNga,avyaṅga
mw,main,M-nasal/Hi-pos/Hf-slot/G-keep,isolated,0,5899,19261.1,"1317,3",avyatI,avyatī,19262,"111,2",avyatikrama,avyatikrama
mw,main,M-nasal/Hi-pos/Hf-slot/G-keep,isolated,0,5900,19262,"111,2",avyatikrama,avyatikrama,19263,"111,2",avyatikIrRa,avyatikīrṇa
mw,main,M-nasal/Hi-pos/Hf-slot/G-keep,isolated,0,5946,19375.1,"1317,3",avyAbADa,avyābādha,19376,"112,1",avyApanna,avyāpanna
mw,main,M-nasal/Hi-pos/Hf-slot/G-keep,isolated,0,6040,19662,"113,3",aSokA,aśokā,19665,"113,3",aSoka,aśoka
mw,main,M-nasal/Hi-pos/Hf-slot/G-keep,isolated,0,6073,19863,"114,3",aSlIka,aślīka,19864.1,"1317,3",aSlizwa,aśliṣṭa
mw,main,M-nasal/Hi-pos/Hf-slot/G-keep,isolated,0,6078,19869.8,"114,3",aSvA,aśvā,19869.805,"114,3",aSva,aśva
mw,main,M-nasal/Hi-pos/Hf-slot/G-keep,isolated,0,6151,20488.7,"118,1",asaNgena,asaṅgena,20488.8,"118,1",asaNgAt,asaṅgāt
mw,main,M-nasal/Hi-pos/Hf-slot/G-keep,isolated,1,6152,20488.8,"118,1",asaNgAt,asaṅgāt,20497,"118,1",asaMgata,asaṃgata
mw,main,M-nasal/Hi-pos/Hf-slot/G-keep,isolated,0,6168,20533,"118,2",asatI,asatī,20534,"118,2",asat,asat
mw,main,M-nasal/Hi-pos/Hf-slot/G-keep,isolated,0,6184,20629,"118,3",asaMdita,asaṃdita,20630.1,"1318,2",asaMdarSana,asaṃdarśana
mw,main,M-nasal/Hi-pos/Hf-slot/G-keep,isolated,0,6196,20653,"119,1",asapatnA,asapatnā,20654,"119,1",asapatna,asapatna
mw,main,M-nasal/Hi-pos/Hf-slot/G-keep,isolated,1,6239,20739,"119,2",asaMpramAda,asaṃpramāda,20739.1,"1318,2",asampramARa,asampramāṇa
mw,main,M-nasal/Hi-pos/Hf-slot/G-keep,isolated,0,6245,20754,"119,3",asaMbADA,asaṃbādhā,20755,"119,3",asaMbADa,asaṃbādha
mw,main,M-nasal/Hi-pos/Hf-slot/G-keep,isolated,0,6258,20797.1,"1318,2",asammozaDarman,asammoṣadharman,20798,"119,3",asaMmfzwa,asaṃmṛṣṭa
mw,main,M-nasal/Hi-pos/Hf-slot/G-keep,isolated,0,6286,20893.1,"120,2",asAmnA,asāmnā,20895,"120,2",asAmayika,asāmayika
mw,main,M-nasal/Hi-pos/Hf-slot/G-keep,isolated,0,6296,20914,"120,2",asArA,asārā,20915,"120,2",asAra,asāra
mw,main,M-nasal/Hi-pos/Hf-slot/G-keep,isolated,0,6307,20975,"120,3",asitA,asitā,20978,"120,3",asiknI,asiknī
mw,main,M-nasal/Hi-pos/Hf-slot/G-keep,isolated,0,6373,21233,"122,1",astA,astā,21242,"122,1",asta,asta
mw,main,M-nasal/Hi-pos/Hf-slot/G-keep,isolated,0,6375,21247,"122,1",astam,astam,21248,"122,1",asta,asta
mw,main,M-nasal/Hi-pos/Hf-slot/G-keep,isolated,0,6377,21250,"122,2",astA,astā,21276.1,"1318,3",astanA,astanā
mw,main,M-nasal/Hi-pos/Hf-slot/G-keep,isolated,0,6397,21367,"122,3",asTAne,asthāne,21369.3,"1318,3",asTAna,asthāna
mw,main,M-nasal/Hi-pos/Hf-slot/G-keep,isolated,0,6458,21717,"124,3",yadahar,yadahar,21761,"124,3",ahara,ahara
mw,main,M-nasal/Hi-pos/Hf-slot/G-keep,isolated,1,6472,21893.1,"1318,3",ahiMkAra,ahiṃkāra,21894,"125,2",ahiMsaka,ahiṃsaka
mw,main,M-nasal/Hi-pos/Hf-slot/G-keep,isolated,0,6506,21992.1,"126,1",ahnAya,ahnāya,21993,"126,1",ahnavAyya,ahnavāyya
mw,main,M-nasal/Hi-pos/Hf-slot/G-keep,isolated,0,6663,22828,"131,1",ANgI,āṅgī,22829,"131,1",ANga,āṅga
mw,main,M-nasal/Hi-pos/Hf-slot/G-keep,isolated,0,6713,23036,"132,2",AjA,ājā,23037,"132,2",Aja,āja
mw,main,M-nasal/Hi-pos/Hf-slot/G-keep,isolated,0,6798,23343,"134,2",Atan,ātan,23355.1,"1319,2",Atati,ātati
mw,main,M-nasal/Hi-pos/Hf-slot/G-keep,isolated,0,6861,23763,"136,2",AdA,ādā,23804.2,"1319,2",AdaDIci,ādadhīci
mw,main,M-nasal/Hi-pos/Hf-slot/G-keep,isolated,0,6866,23813,"136,3",AdO,ādau,23906,"137,1",Adi,ādi
mw,main,M-nasal/Hi-pos/Hf-slot/G-keep,isolated,0,6875,23999.1,"1319,2",AdehadAham,ādehadāham,24000,"137,3",Adih,ādih
mw,main,M-nasal/Hi-pos/Hf-slot/G-keep,isolated,0,6987,24518,"140,2",AnilI,ānilī,24518.1,"140,2",Anila,ānila
mw,main,M-nasal/Hi-pos/Hf-slot/G-keep,isolated,0,7095,24819,"142,2",ApI,āpī,24820,"142,2",Apa,āpa
mw,main,M-nasal/Hi-pos/Hf-slot/G-keep,isolated,0,7157,25006.1,"1319,3",Apoda,āpoda,25007,"143,3",ApU,āpū
mw,main,M-nasal/Hi-pos/Hf-slot/G-keep,isolated,0,7252,25314,"145,3",ABIrI,ābhīrī,25317,"145,3",ABIra,ābhīra
mw,main,M-nasal/Hi-pos/Hf-slot/G-keep,isolated,0,7352,25694.1,"1320,1",AmlocantI,āmlocantī,25695,"147,3",AmlAna,āmlāna
mw,main,M-nasal/Hi-pos/Hf-slot/G-keep,isolated,0,7372,25834,"148,3",AyasI,āyasī,25835,"148,3",Ayasa,āyasa
mw,main,M-nasal/Hi-pos/Hf-slot/G-keep,isolated,0,7391,26019,"149,2",ArA,ārā,26030,"149,3",Ara,āra
mw,main,M-nasal/Hi-pos/Hf-slot/G-keep,isolated,0,7424,26162,"150,2",ArAt,ārāt,26166.1,"1320,1",Ara,āra
mw,main,M-nasal/Hi-pos/Hf-slot/G-keep,isolated,0,7461,26363,"151,2",ArogyA,ārogyā,26364,"151,2",Arogya,ārogya
mw,main,M-nasal/Hi-pos/Hf-slot/G-keep,isolated,0,7476,26413.1,"1320,1",ArcIka,ārcīka,26414,"151,3",Arcatka,ārcatka
mw,main,M-nasal/Hi-pos/Hf-slot/G-keep,isolated,0,7488,26440,"151,3",ArtanA,ārtanā,26440.1,"151,3",Artana,ārtana
mw,main,M-nasal/Hi-pos/Hf-slot/G-keep,isolated,0,7493,26447,"151,3",ArtavI,ārtavī,26448,"151,3",Artava,ārtava
mw,main,M-nasal/Hi-pos/Hf-slot/G-keep,isolated,0,7503,26475,"152,1",ArdrA,ārdrā,26476,"152,1",Ardra,ārdra
mw,main,M-nasal/Hi-pos/Hf-slot/G-keep,isolated,0,7511,26550,"152,2",AryA,āryā,26551.2,"152,2",Arya,ārya
mw,main,M-nasal/Hi-pos/Hf-slot/G-keep,isolated,0,7517,26632,"152,3",ArzI,ārṣī,26633,"152,3",Arza,ārṣa
mw,main,M-nasal/Hi-pos/Hf-slot/G-keep,isolated,0,7520,26646,"153,1",ArzaBI,ārṣabhī,26647,"153,1",ArzaBa,ārṣabha
mw,main,M-nasal/Hi-pos/Hf-slot/G-keep,isolated,1,7529,26670.1,"1320,1",AlaMkArika,ālaṃkārika,26671,"153,1",Alakz,ālakṣ
mw,main,M-nasal/Hi-pos/Hf-slot/G-keep,isolated,0,7555,26793.1,"153,3",AlI,ālī,26794,"153,3",Ali,āli
mw,main,M-nasal/Hi-pos/Hf-slot/G-keep,isolated,0,7568,26870.1,"154,1",AlU,ālū,26871,"154,1",Alu,ālu
mw,main,M-nasal/Hi-pos/Hf-slot/G-keep,isolated,0,7582,26940.1,"1320,2",Allakeya,āllakeya,26941,"154,2",AlohAyana,ālohāyana
mw,main,M-nasal/Hi-pos/Hf-slot/G-keep,isolated,0,7583,26941,"154,2",AlohAyana,ālohāyana,26942,"154,2",Alola,ālola
mw,main,M-nasal/Hi-pos/Hf-slot/G-keep,isolated,0,7634,27072.1,"155,2",AvI,āvī,27073,"155,2",Avika,āvika
mw,main,M-nasal/Hi-pos/Hf-slot/G-keep,isolated,0,7636,27075,"155,2",AvikI,āvikī,27076,"155,2",Avika,āvika
mw,main,M-nasal/Hi-pos/Hf-slot/G-keep,isolated,0,7724,27586,"158,1",AScaryam,āścaryam,27587,"158,1",AScarya,āścarya
mw,main,M-nasal/Hi-pos/Hf-slot/G-keep,isolated,0,7748,27828,"159,2",AzAQI,āṣāḍhī,27829,"159,2",AzAQa,āṣāḍha
mw,main,M-nasal/Hi-pos/Hf-slot/G-keep,isolated,1,7761,27909.1,"1320,2",AsaMjYika,āsaṃjñika,27910,"160,1",Asac,āsac
mw,main,M-nasal/Hi-pos/Hf-slot/G-keep,isolated,1,7765,27947.2,"1320,2",Asaqa,āsaḍa,27948,"160,1",AsaMjYita,āsaṃjñita
mw,main,M-nasal/Hi-pos/Hf-slot/G-keep,isolated,0,7800,28054,"160,3",AsurI,āsurī,28058,"160,3",Asura,āsura
mw,main,M-nasal/Hi-pos/Hf-slot/G-keep,isolated,0,7878,28371,"162,3",AhukI,āhukī,28372,"162,3",Ahuka,āhuka
mw,main,M-nasal/Hi-pos/Hf-slot/G-keep,isolated,0,7928,28719,"164,3",itarA,itarā,28720,"164,3",itarad,itarad
mw,main,M-nasal/Hi-pos/Hf-slot/G-keep,isolated,0,7929,28720,"164,3",itarad,itarad,28721,"164,3",itara,itara
mw,main,M-nasal/Hi-pos/Hf-slot/G-keep,isolated,0,7958,28853.2,"166,1",indIvarI,indīvarī,28853.3,"166,1",indIvarA,indīvarā
mw,main,M-nasal/Hi-pos/Hf-slot/G-keep,isolated,0,7970,29304,"167,3",iBI,ibhī,29304.05,"167,3",iBa,ibha
mw,main,M-nasal/Hi-pos/Hf-slot/G-keep,isolated,0,8089,30102,"172,2",uKA,ukhā,30109.1,"1321,2",uKaqa,ukhaḍa
mw,main,M-nasal/Hi-pos/Hf-slot/G-keep,isolated,0,8095,30128,"172,2",ugrI,ugrī,30129,"172,2",ugra,ugra
mw,main,M-nasal/Hi-pos/Hf-slot/G-keep,isolated,0,8150,30531,"174,2",ucCvi,ucchvi,30534.1,"1321,2",ucCoPa,ucchopha
mw,main,M-nasal/Hi-pos/Hf-slot/G-keep,isolated,0,8181,30651,"175,1",uqumbarI,uḍumbarī,30652,"175,1",uqumbara,uḍumbara
mw,main,M-nasal/Hi-pos/Hf-slot/G-keep,isolated,0,8208,30725,"175,3",utkawA,utkaṭā,30727,"175,3",utkawa,utkaṭa
mw,main,M-nasal/Hi-pos/Hf-slot/G-keep,isolated,0,8257,30886.1,"1321,2",utkrATinI,utkrāthinī,30887,"176,3",utkF,utkṝ
mw,main,M-nasal/Hi-pos/Hf-slot/G-keep,isolated,0,8295,31082,"177,3",uttamam,uttamam,31084,"177,3",uttama,uttama
mw,main,M-nasal/Hi-pos/Hf-slot/G-keep,isolated,0,8297,31089,"177,3",uttamA,uttamā,31368,"179,1",uttamarRa,uttamarṇa
mw,main,M-nasal/Hi-pos/Hf-slot/G-keep,isolated,0,8336,31624,"180,2",utpad,utpad,31672.1,"1321,3",utpattra,utpattra
mw,main,M-nasal/Hi-pos/Hf-slot/G-keep,isolated,0,8341,31683.1,"180,3",utpalI,utpalī,31722,"181,1",utpala,utpala
mw,main,M-nasal/Hi-pos/Hf-slot/G-keep,isolated,0,8369,31781,"181,2",utpyE,utpyai,31782.1,"1321,3",utpuMsana,utpuṃsana
mw,main,M-nasal/Hi-pos/Hf-slot/G-keep,isolated,0,8388,31875.1,"1321,3",utsADana,utsādhana,31876,"182,1",utsara,utsara
mw,main,M-nasal/Hi-pos/Hf-slot/G-keep,isolated,0,8435,32337,"184,2",udantam,udantam,32338,"184,2",udanta,udanta
mw,main,M-nasal/Hi-pos/Hf-slot/G-keep,isolated,0,8800,34103.1,"195,1",upakumBena,upakumbhena,34103.2,"195,1",upakumBe,upakumbhe
mw,main,M-nasal/Hi-pos/Hf-slot/G-keep,isolated,0,8801,34103.2,"195,1",upakumBe,upakumbhe,34103.3,"195,1",upakumBAt,upakumbhāt
mw,main,M-nasal/Hi-pos/Hf-slot/G-keep,isolated,0,8802,34103.3,"195,1",upakumBAt,upakumbhāt,34103.4,"195,1",upakumBA,upakumbhā
mw,main,M-nasal/Hi-pos/Hf-slot/G-keep,isolated,0,8813,34117,"195,2",upakUlam,upakūlam,34117.1,"195,2",upakUlatas,upakūlatas
mw,main,M-nasal/Hi-pos/Hf-slot/G-keep,isolated,0,9044,35052.1,"1322,2",upapAtra,upapātra,35053,"201,3",upapatanIya,upapatanīya
mw,main,M-nasal/Hi-pos/Hf-slot/G-keep,isolated,0,9108,35183,"202,3",upaple,upaple,35184,"202,3",upaplu,upaplu
mw,main,M-nasal/Hi-pos/Hf-slot/G-keep,isolated,0,9135,35279.11,"1322,2",upamanTana,upamanthana,35282,"203,2",upamad,upamad
mw,main,M-nasal/Hi-pos/Hf-slot/G-keep,isolated,0,9203,35619,"205,3",upalA,upalā,35621,"205,3",upala,upala
mw,main,M-nasal/Hi-pos/Hf-slot/G-keep,isolated,0,9496,36718,"213,3",upAnte,upānte,36719,"213,3",upAntam,upāntam
mw,main,M-nasal/Hi-pos/Hf-slot/G-keep,isolated,0,9498,36719.1,"213,3",upAntAt,upāntāt,36720,"213,3",upAnta,upānta
mw,main,M-nasal/Hi-pos/Hf-slot/G-keep,isolated,0,9641,37298,"217,3",urvI,urvī,37300,"217,3",uru,uru
mw,main,M-nasal/Hi-pos/Hf-slot/G-keep,isolated,0,9644,37302.1,"217,3",urvyA,urvyā,37302.2,"217,3",urviyA,urviyā
mw,main,M-nasal/Hi-pos/Hf-slot/G-keep,isolated,0,9645,37302.2,"217,3",urviyA,urviyā,37303,"217,3",uru,uru
mw,main,M-nasal/Hi-pos/Hf-slot/G-keep,isolated,0,9682,37465,"218,3",ulUkI,ulūkī,37465.1,"218,3",ulUka,ulūka
mw,main,M-nasal/Hi-pos/Hf-slot/G-keep,isolated,0,9744,37936.1,"1322,3",uhlaRa,uhlaṇa,37937,"221,1",uhyagAna,uhyagāna
mw,main,M-nasal/Hi-pos/Hf-slot/G-keep,isolated,0,9747,37941.1,"1322,3",UKa,ūkha,37942,"221,1",U,ū
mw,main,M-nasal/Hi-pos/Hf-slot/G-keep,isolated,0,9776,38113.1,"1322,3",UrDvA,ūrdhvā,38114,"222,1",UrDvam,ūrdhvam
mw,main,M-nasal/Hi-pos/Hf-slot/G-keep,isolated,0,9777,38114,"222,1",UrDvam,ūrdhvam,38120,"222,1",UrDva,ūrdhva
mw,main,M-nasal/Hi-pos/Hf-slot/G-keep,isolated,0,9804,38656,"224,3",fkzI,ṛkṣī,38657,"224,3",fkza,ṛkṣa
mw,main,M-nasal/Hi-pos/Hf-slot/G-keep,isolated,0,9830,38800,"225,2",fjvI,ṛjvī,38800.1,"225,2",fju,ṛju
mw,main,M-nasal/Hi-pos/Hf-slot/G-keep,isolated,0,9862,39167.1,"1323,2",ed,ed,39168,"227,3",eka,eka
mw,main,M-nasal/Hi-pos/Hf-slot/G-keep,isolated,0,9864,39179,"227,3",ekA,ekā,39180,"227,3",eka,eka
mw,main,M-nasal/Hi-pos/Hf-slot/G-keep,isolated,0,9871,39988,"231,1",eqI,eḍī,39990,"231,1",eqa,eḍa
mw,main,M-nasal/Hi-pos/Hf-slot/G-keep,isolated,0,9877,40029.6,"231,2",enI,enī,40041,"231,2",etad,etad
mw,main,M-nasal/Hi-pos/Hf-slot/G-keep,isolated,0,9894,40135,"232,1",erakI,erakī,40137,"232,1",eraka,eraka
mw,main,M-nasal/Hi-pos/Hf-slot/G-keep,isolated,0,9920,40257,"233,1",ezA,eṣā,40257.1,"233,1",eza,eṣa
mw,main,M-nasal/Hi-pos/Hf-slot/G-keep,isolated,0,9950,40419,"234,1",EndavI,aindavī,40420,"234,1",Endava,aindava
mw,main,M-nasal/Hi-pos/Hf-slot/G-keep,isolated,0,9953,40426,"234,1",EndrI,aindrī,40434,"234,1",Endra,aindra
mw,main,M-nasal/Hi-pos/Hf-slot/G-keep,isolated,0,9968,40527,"234,3",ElA,ailā,40528,"234,3",Ela,aila
mw,main,M-nasal/Hi-pos/Hf-slot/G-keep,isolated,0,10032,40728,"236,1",ozam,oṣam,40735,"236,1",ozaDi,oṣadhi
mw,main,M-nasal/Hi-pos/Hf-slot/G-keep,isolated,0,10036,40761,"236,1",ozWI,oṣṭhī,40762.1,"236,2",ozWa,oṣṭha
mw,main,M-nasal/Hi-pos/Hf-slot/G-keep,isolated,0,10116,40963.35,"237,3",OdumbarI,audumbarī,40963.45,"237,3",Odumbara,audumbara
mw,main,M-nasal/Hi-pos/Hf-slot/G-keep,isolated,0,10239,41183,"239,2",OrasI,aurasī,41190,"239,2",Orasa,aurasa
mw,main,M-nasal/Hi-pos/Hf-slot/G-keep,isolated,0,10251,41230,"239,3",OrvI,aurvī,41231,"239,3",Orva,aurva
mw,main,M-nasal/Hi-pos/Hf-slot/G-keep,isolated,0,10276,41291,"240,2",OzaDI,auṣadhī,41292,"240,2",OzaDa,auṣadha
mw,main,M-nasal/Hi-pos/Hf-slot/G-keep,isolated,0,10280,41306,"240,2",OzasI,auṣasī,41307,"240,2",Ozasa,auṣasa
mw,main,M-nasal/Hi-pos/Hf-slot/G-keep,isolated,0,10324,41506,"241,3",kakkolI,kakkolī,41507,"241,3",kakkola,kakkola
mw,main,M-nasal/Hi-pos/Hf-slot/G-keep,isolated,0,10331,41531,"241,3",kakzA,kakṣā,41540,"241,3",kakza,kakṣa
mw,main,M-nasal/Hi-pos/Hf-slot/G-keep,isolated,0,10340,41612,"242,1",kaNkA,kaṅkā,41633,"242,2",kaNkawa,kaṅkaṭa
mw,main,M-nasal/Hi-pos/Hf-slot/G-keep,isolated,0,10378,41822,"243,1",kajjalI,kajjalī,41824,"243,1",kajjala,kajjala
mw,main,M-nasal/Hi-pos/Hf-slot/G-keep,isolated,0,10430,42464,"245,3",kaRWI,kaṇṭhī,42550,"246,1",kaRWalA,kaṇṭhalā
mw,main,M-nasal/Hi-pos/Hf-slot/G-keep,isolated,0,10461,42878,"248,1",kadalI,kadalī,42881,"248,1",kadala,kadala
mw,main,M-nasal/Hi-pos/Hf-slot/G-keep,isolated,0,10494,43202,"249,3",kandI,kandī,43237,"249,3",kandara,kandara
mw,main,M-nasal/Hi-pos/Hf-slot/G-keep,isolated,0,10496,43239,"249,3",kandarA,kandarā,43241,"249,3",kandara,kandara
mw,main,M-nasal/Hi-pos/Hf-slot/G-keep,isolated,0,10501,43275,"249,3",kandalI,kandalī,43280,"249,3",kandala,kandala
mw,main,M-nasal/Hi-pos/Hf-slot/G-keep,isolated,0,10518,43394,"250,2",kapAlI,kapālī,43395,"250,2",kapAla,kapāla
mw,main,M-nasal/Hi-pos/Hf-slot/G-keep,isolated,0,10579,44423,"255,1",karawI,karaṭī,44424,"255,1",karawa,karaṭa
mw,main,M-nasal/Hi-pos/Hf-slot/G-keep,isolated,0,10595,44455,"255,1",karamBA,karambhā,44458,"255,1",karamBa,karambha
mw,main,M-nasal/Hi-pos/Hf-slot/G-keep,isolated,0,10612,44501,"255,2",karAlI,karālī,44503,"255,2",karAla,karāla
mw,main,M-nasal/Hi-pos/Hf-slot/G-keep,isolated,0,10625,44559,"255,3",karuRam,karuṇam,44560,"255,3",karuRa,karuṇa
mw,main,M-nasal/Hi-pos/Hf-slot/G-keep,isolated,0,10628,44568,"255,3",karuRI,karuṇī,44569,"255,3",karuRa,karuṇa
mw,main,M-nasal/Hi-pos/Hf-slot/G-keep,isolated,0,10645,44634,"256,1",karkA,karkā,44697,"256,1",karkanDu,karkandhu
mw,main,M-nasal/Hi-pos/Hf-slot/G-keep,isolated,0,10661,44755,"256,2",karkowI,karkoṭī,44756,"256,2",karkowa,karkoṭa
mw,main,M-nasal/Hi-pos/Hf-slot/G-keep,isolated,0,10681,45192,"258,1",karparI,karparī,45193,"258,1",karpara,karpara
mw,main,M-nasal/Hi-pos/Hf-slot/G-keep,isolated,0,10685,45207,"258,2",karpUrA,karpūrā,45208,"258,2",karpUra,karpūra
mw,main,M-nasal/Hi-pos/Hf-slot/G-keep,isolated,0,10699,45528.2,"259,3",karvarI,karvarī,45528.3,"259,3",karvara,karvara
mw,main,M-nasal/Hi-pos/Hf-slot/G-keep,isolated,0,10709,45612,"260,2",kalA,kalā,45682,"260,2",kalaka,kalaka
mw,main,M-nasal/Hi-pos/Hf-slot/G-keep,isolated,0,10720,45719,"260,3",kalandikA,kalandikā,45721,"260,3",kalandara,kalandara
mw,main,M-nasal/Hi-pos/Hf-slot/G-keep,isolated,0,10734,45769,"260,3",kalaSI,kalaśī,45772.1,"260,3",kalaSa,kalaśa
mw,main,M-nasal/Hi-pos/Hf-slot/G-keep,isolated,0,10764,45983,"262,1",kaliNgA,kaliṅgā,45985,"262,1",kaliNga,kaliṅga
mw,main,M-nasal/Hi-pos/Hf-slot/G-keep,isolated,0,10772,46004,"262,1",kalindI,kalindī,46011,"262,1",kalindikA,kalindikā
mw,main,M-nasal/Hi-pos/Hf-slot/G-keep,isolated,0,10778,46025,"262,2",kaluzA,kaluṣā,46026,"262,2",kaluza,kaluṣa
mw,main,M-nasal/Hi-pos/Hf-slot/G-keep,isolated,0,10791,46224,"263,1",kalmazA,kalmaṣā,46225,"263,1",kalmaza,kalmaṣa
mw,main,M-nasal/Hi-pos/Hf-slot/G-keep,isolated,0,10794,46241,"263,1",kalmAzI,kalmāṣī,46243,"263,1",kalmAza,kalmāṣa
mw,main,M-nasal/Hi-pos/Hf-slot/G-keep,isolated,0,10798,46267.1,"263,2",kalye,kalye,46268,"263,2",kalya,kalya
mw,main,M-nasal/Hi-pos/Hf-slot/G-keep,isolated,0,10830,46460,"264,1",kavarI,kavarī,46468,"264,1",kavarakI,kavarakī
mw,main,M-nasal/Hi-pos/Hf-slot/G-keep,isolated,0,10873,46778,"265,3",kazAyA,kaṣāyā,46779,"265,3",kazAya,kaṣāya
mw,main,M-nasal/Hi-pos/Hf-slot/G-keep,isolated,0,10883,46867,"266,1",kasA,kasā,46868,"266,1",kasana,kasana
mw,main,M-nasal/Hi-pos/Hf-slot/G-keep,isolated,0,10918,46955,"266,3",kAkI,kākī,46959,"266,3",kAkA,kākā
mw,main,M-nasal/Hi-pos/Hf-slot/G-keep,isolated,0,10919,46959,"266,3",kAkA,kākā,46965,"266,3",kAka,kāka
mw,main,M-nasal/Hi-pos/Hf-slot/G-keep,isolated,0,10942,47248,"268,1",kAkzI,kākṣī,47250,"268,1",kAkzatava,kākṣatava
mw,main,M-nasal/Hi-pos/Hf-slot/G-keep,isolated,0,11002,47500.86,"269,2",kARqI,kāṇḍī,47577,"269,3",kARqamAyana,kāṇḍamāyana
mw,main,M-nasal/Hi-pos/Hf-slot/G-keep,isolated,0,11022,47659,"270,2",kAdambA,kādambā,47660,"270,2",kAdamba,kādamba
mw,main,M-nasal/Hi-pos/Hf-slot/G-keep,isolated,0,11044,47727,"270,3",kAntA,kāntā,47735,"270,3",kAnta,kānta
mw,main,M-nasal/Hi-pos/Hf-slot/G-keep,isolated,0,11047,47790.1,"271,1",kAntArI,kāntārī,47791,"271,1",kAntAra,kāntāra
mw,main,M-nasal/Hi-pos/Hf-slot/G-keep,isolated,0,11070,47847,"271,2",kApAlI,kāpālī,47849,"271,2",kApAla,kāpāla
mw,main,M-nasal/Hi-pos/Hf-slot/G-keep,isolated,0,11083,47917,"271,3",kApotI,kāpotī,47918,"271,3",kApota,kāpota
mw,main,M-nasal/Hi-pos/Hf-slot/G-keep,isolated,0,11093,47955,"271,3",kAmA,kāmā,47957,"271,3",kAma,kāma
mw,main,M-nasal/Hi-pos/Hf-slot/G-keep,isolated,0,11096,47961,"271,3",kAmena,kāmena,47962,"271,3",kAmAya,kāmāya
mw,main,M-nasal/Hi-pos/Hf-slot/G-keep,isolated,0,11098,47962.1,"271,3",kAme,kāme,47963,"271,3",kAmAt,kāmāt
mw,main,M-nasal/Hi-pos/Hf-slot/G-keep,isolated,0,11099,47963,"271,3",kAmAt,kāmāt,47964,"271,3",kAma,kāma
mw,main,M-nasal/Hi-pos/Hf-slot/G-keep,isolated,0,11119,48512,"274,2",kArI,kārī,48593,"274,3",kAra,kāra
mw,main,M-nasal/Hi-pos/Hf-slot/G-keep,isolated,0,11136,48634,"275,1",kAravellI,kāravellī,48635,"275,1",kAravella,kāravella
mw,main,M-nasal/Hi-pos/Hf-slot/G-keep,isolated,0,11147,48664,"275,1",kArIrI,kārīrī,48665.1,"1324,3",kArIrAdi,kārīrādi
mw,main,M-nasal/Hi-pos/Hf-slot/G-keep,isolated,0,11198,48994,"276,3",kArzRI,kārṣṇī,48995,"276,3",kArzRa,kārṣṇa
mw,main,M-nasal/Hi-pos/Hf-slot/G-keep,isolated,0,11205,49046,"277,1",kAlI,kālī,49062,"277,1",kAla,kāla
mw,main,M-nasal/Hi-pos/Hf-slot/G-keep,isolated,0,11208,49374,"278,2",kAlena,kālena,49379,"278,2",kAlAt,kālāt
mw,main,M-nasal/Hi-pos/Hf-slot/G-keep,isolated,0,11209,49379,"278,2",kAlAt,kālāt,49380,"278,2",kAlasya,kālasya
mw,main,M-nasal/Hi-pos/Hf-slot/G-keep,isolated,0,11211,49382,"278,2",kAle,kāle,49386,"278,2",kAla,kāla
mw,main,M-nasal/Hi-pos/Hf-slot/G-keep,isolated,0,11238,49670,"279,2",kAliNgI,kāliṅgī,49672,"279,2",kAliNga,kāliṅga
mw,main,M-nasal/Hi-pos/Hf-slot/G-keep,isolated,0,11245,49684,"279,3",kAlindI,kālindī,49689,"279,3",kAlinda,kālinda
mw,main,M-nasal/Hi-pos/Hf-slot/G-keep,isolated,0,11276,49765,"280,1",kAvyA,kāvyā,49767,"280,1",kAvya,kāvya
mw,main,M-nasal/Hi-pos/Hf-slot/G-keep,isolated,0,11292,49931,"280,3",kASmIrI,kāśmīrī,49933,"280,3",kASmIra,kāśmīra
mw,main,M-nasal/Hi-pos/Hf-slot/G-keep,isolated,0,11296,49960,"281,1",kASyapI,kāśyapī,49962,"281,1",kASyapa,kāśyapa
mw,main,M-nasal/Hi-pos/Hf-slot/G-keep,isolated,0,11302,49986,"281,1",kAzAyI,kāṣāyī,49987,"281,1",kAzAya,kāṣāya
mw,main,M-nasal/Hi-pos/Hf-slot/G-keep,isolated,0,11331,50152,"281,3",kAhalI,kāhalī,50154,"281,3",kAhala,kāhala
mw,main,M-nasal/Hi-pos/Hf-slot/G-keep,isolated,0,11358,50217,"282,1",kiNkirA,kiṅkirā,50218,"282,1",kiNkira,kiṅkira
mw,main,M-nasal/Hi-pos/Hf-slot/G-keep,isolated,0,11418,50605,"284,2",kilAsI,kilāsī,50606,"284,2",kilAsa,kilāsa
mw,main,M-nasal/Hi-pos/Hf-slot/G-keep,isolated,0,11421,50615,"284,2",kilikilA,kilikilā,50617,"284,2",kilikilaya,kilikilaya
mw,main,M-nasal/Hi-pos/Hf-slot/G-keep,isolated,0,11446,50690,"284,3",kIkasA,kīkasā,50691,"284,3",kIkasa,kīkasa
mw,main,M-nasal/Hi-pos/Hf-slot/G-keep,isolated,0,11453,50712,"284,3",kIwI,kīṭī,50713,"284,3",kIwa,kīṭa
mw,main,M-nasal/Hi-pos/Hf-slot/G-keep,isolated,0,11504,51372,"287,2",kukkurI,kukkurī,51373,"287,2",kukkura,kukkura
mw,main,M-nasal/Hi-pos/Hf-slot/G-keep,isolated,0,11510,51378,"287,2",kukzI,kukṣī,51402,"287,2",kukzila,kukṣila
mw,main,M-nasal/Hi-pos/Hf-slot/G-keep,isolated,0,11593,51796,"289,2",kuRapI,kuṇapī,51797,"289,2",kuRapa,kuṇapa
mw,main,M-nasal/Hi-pos/Hf-slot/G-keep,isolated,0,11608,51853,"289,3",kuRqI,kuṇḍī,51854,"289,3",kuRqa,kuṇḍa
mw,main,M-nasal/Hi-pos/Hf-slot/G-keep,isolated,0,11694,52240,"291,3",kubjA,kubjā,52241,"291,3",kubja,kubja
mw,main,M-nasal/Hi-pos/Hf-slot/G-keep,isolated,0,11708,52291,"292,1",kumArI,kumārī,52312,"292,1",kumAra,kumāra
mw,main,M-nasal/Hi-pos/Hf-slot/G-keep,isolated,0,11726,52499,"293,1",kumBI,kumbhī,52508,"293,1",kumBa,kumbha
mw,main,M-nasal/Hi-pos/Hf-slot/G-keep,isolated,0,11780,52826,"294,3",kulI,kulī,53096,"295,3",kulakka,kulakka
mw,main,M-nasal/Hi-pos/Hf-slot/G-keep,isolated,0,11796,53136,"296,1",kulAlI,kulālī,53144,"296,1",kulAlikA,kulālikā
mw,main,M-nasal/Hi-pos/Hf-slot/G-keep,isolated,0,11809,53168,"296,1",kuliSI,kuliśī,53178,"296,1",kuliSAsana,kuliśāsana
mw,main,M-nasal/Hi-pos/Hf-slot/G-keep,isolated,0,11846,53257,"296,3",kuvalayA,kuvalayā,53258,"296,3",kuvalaya,kuvalaya
mw,main,M-nasal/Hi-pos/Hf-slot/G-keep,isolated,0,11863,53311,"297,1",kuSI,kuśī,53314,"297,1",kuSa,kuśa
mw,main,M-nasal/Hi-pos/Hf-slot/G-keep,isolated,0,11872,53414,"297,2",kuSalI,kuśalī,53416,"297,2",kuSala,kuśala
mw,main,M-nasal/Hi-pos/Hf-slot/G-keep,isolated,0,11874,53421,"297,2",kuSalam,kuśalam,53422,"297,2",kuSala,kuśala
mw,main,M-nasal/Hi-pos/Hf-slot/G-keep,isolated,0,11909,53504,"297,3",kuzWA,kuṣṭhā,53506,"297,3",kuzWa,kuṣṭha
mw,main,M-nasal/Hi-pos/Hf-slot/G-keep,isolated,0,11984,53944,"300,1",kUpI,kūpī,53986,"300,1",kUpat,kūpat
mw,main,M-nasal/Hi-pos/Hf-slot/G-keep,isolated,0,11990,53991,"300,1",kUbarI,kūbarī,53993,"300,1",kUbara,kūbara
mw,main,M-nasal/Hi-pos/Hf-slot/G-keep,isolated,0,12005,54066,"300,2",kUrmI,kūrmī,54067,"300,2",kUrma,kūrma
mw,main,M-nasal/Hi-pos/Hf-slot/G-keep,isolated,0,12025,54141.2,"300,3",kUzmARqI,kūṣmāṇḍī,54141.4,"300,3",kUzmARqa,kūṣmāṇḍa
mw,main,M-nasal/Hi-pos/Hf-slot/G-keep,isolated,0,12045,54731,"304,2",kfcCram,kṛcchram,54732,"304,2",kfcCra,kṛcchra
mw,main,M-nasal/Hi-pos/Hf-slot/G-keep,isolated,0,12047,54737,"304,2",kfcCreRa,kṛcchreṇa,54738,"304,2",kfcCrAt,kṛcchrāt
mw,main,M-nasal/Hi-pos/Hf-slot/G-keep,isolated,0,12048,54738,"304,2",kfcCrAt,kṛcchrāt,54739,"304,2",kfcCra,kṛcchra
mw,main,M-nasal/Hi-pos/Hf-slot/G-keep,isolated,0,12088,55179,"306,3",kfzRO,kṛṣṇau,55180,"306,3",kfzRAs,kṛṣṇās
mw,main,M-nasal/Hi-pos/Hf-slot/G-keep,isolated,0,12089,55180,"306,3",kfzRAs,kṛṣṇās,55181,"306,3",kfzRA,kṛṣṇā
mw,main,M-nasal/Hi-pos/Hf-slot/G-keep,isolated,0,12091,55191,"306,3",kfzRI,kṛṣṇī,55192,"306,3",kfzRa,kṛṣṇa
mw,main,M-nasal/Hi-pos/Hf-slot/G-keep,isolated,0,12095,55565,"308,2",kfsarA,kṛsarā,55566,"308,2",kfsara,kṛsara
mw,main,M-nasal/Hi-pos/Hf-slot/G-keep,isolated,0,12121,55708,"309,1",kedArI,kedārī,55709,"309,1",kedAra,kedāra
mw,main,M-nasal/Hi-pos/Hf-slot/G-keep,isolated,0,12138,55781,"309,2",keralI,keralī,55784,"309,3",kerala,kerala
mw,main,M-nasal/Hi-pos/Hf-slot/G-keep,isolated,0,12152,55863,"310,1",kevalam,kevalam,55867,"310,1",kevala,kevala
mw,main,M-nasal/Hi-pos/Hf-slot/G-keep,isolated,0,12155,55870,"310,1",kevalI,kevalī,55872,"310,1",kevala,kevala
mw,main,M-nasal/Hi-pos/Hf-slot/G-keep,isolated,0,12162,55920,"310,1",keSI,keśī,56100,"310,3",keSa,keśa
mw,main,M-nasal/Hi-pos/Hf-slot/G-keep,isolated,0,12167,56112,"310,3",kesarA,kesarā,56113,"310,3",kesara,kesara
mw,main,M-nasal/Hi-pos/Hf-slot/G-keep,isolated,0,12168,56113,"310,3",kesara,kesara,56163.1,"1325,2",keSAnI,keśānī
mw,main,M-nasal/Hi-pos/Hf-slot/G-keep,isolated,0,12190,56205,"311,2",kEtavI,kaitavī,56206,"311,2",kEtava,kaitava
mw,main,M-nasal/Hi-pos/Hf-slot/G-keep,isolated,0,12204,56246,"311,2",kEravI,kairavī,56248,"311,2",kErava,kairava
mw,main,M-nasal/Hi-pos/Hf-slot/G-keep,isolated,0,12230,56348,"312,1",kokI,kokī,56371,"312,1",kokaTu,kokathu
mw,main,M-nasal/Hi-pos/Hf-slot/G-keep,isolated,0,12247,56414,"312,2",koNkaRA,koṅkaṇā,56416,"312,2",koNkaRa,koṅkaṇa
mw,main,M-nasal/Hi-pos/Hf-slot/G-keep,isolated,0,12257,56435,"312,2",kowA,koṭā,56436,"312,2",kowa,koṭa
mw,main,M-nasal/Hi-pos/Hf-slot/G-keep,isolated,0,12282,56626,"313,2",komalA,komalā,56627,"313,2",komala,komala
mw,main,M-nasal/Hi-pos/Hf-slot/G-keep,isolated,0,12292,56679,"313,3",kolA,kolā,56681,"313,3",kola,kola
mw,main,M-nasal/Hi-pos/Hf-slot/G-keep,isolated,0,12306,56773,"314,1",koSI,kośī,56857,"314,2",koSala,kośala
mw,main,M-nasal/Hi-pos/Hf-slot/G-keep,isolated,0,12309,56858.1,"314,2",koSAtakI,kośātakī,56858.3,"314,2",koSAtaka,kośātaka
mw,main,M-nasal/Hi-pos/Hf-slot/G-keep,isolated,0,12394,57144,"316,1",kOtsI,kautsī,57145,"316,1",kOtsa,kautsa
mw,main,M-nasal/Hi-pos/Hf-slot/G-keep,isolated,0,12397,57152,"316,1",kOTumI,kauthumī,57153,"316,1",kOTuma,kauthuma
mw,main,M-nasal/Hi-pos/Hf-slot/G-keep,isolated,0,12426,57211,"316,2",kOmArI,kaumārī,57214,"316,3",kOmAra,kaumāra
mw,main,M-nasal/Hi-pos/Hf-slot/G-keep,isolated,0,12429,57236,"316,3",kOmudI,kaumudī,57244,"316,3",kOmuda,kaumuda
mw,main,M-nasal/Hi-pos/Hf-slot/G-keep,isolated,0,12444,57319,"317,1",kOlI,kaulī,57320,"317,1",kOla,kaula
mw,main,M-nasal/Hi-pos/Hf-slot/G-keep,isolated,0,12487,57518,"318,2",kOzItakI,kauṣītakī,57520,"318,2",kOzItaka,kauṣītaka
mw,main,M-nasal/Hi-pos/Hf-slot/G-keep,isolated,0,12571,58352,"322,3",krUram,krūram,58353,"322,3",krUra,krūra
mw,main,M-nasal/Hi-pos/Hf-slot/G-keep,isolated,0,12573,58357,"322,3",krUrA,krūrā,58358,"322,3",krUra,krūra
mw,main,M-nasal/Hi-pos/Hf-slot/G-keep,isolated,0,12583,58436,"323,1",kroqI,kroḍī,58438,"323,1",kroqa,kroḍa
mw,main,M-nasal/Hi-pos/Hf-slot/G-keep,isolated,0,12592,58480,"323,1",krOYcI,krauñcī,58482,"323,1",krOYca,krauñca
mw,main,M-nasal/Hi-pos/Hf-slot/G-keep,isolated,0,12641,58748,"324,3",kzaRam,kṣaṇam,58749,"325,1",kzaRa,kṣaṇa
mw,main,M-nasal/Hi-pos/Hf-slot/G-keep,isolated,0,12643,58750,"325,1",kzaRena,kṣaṇena,58751,"325,1",kzaRAt,kṣaṇāt
mw,main,M-nasal/Hi-pos/Hf-slot/G-keep,isolated,0,12644,58751,"325,1",kzaRAt,kṣaṇāt,58752,"325,1",kzaRa,kṣaṇa
mw,main,M-nasal/Hi-pos/Hf-slot/G-keep,isolated,0,12646,58754,"325,1",kzaRezu,kṣaṇeṣu,58755,"325,1",kzaRa,kṣaṇa
mw,main,M-nasal/Hi-pos/Hf-slot/G-keep,isolated,0,12656,58996.2,"326,1",kzapA,kṣapā,58997,"326,1",kzap,kṣap
mw,main,M-nasal/Hi-pos/Hf-slot/G-keep,isolated,0,12733,60258,"332,1",kzetrI,kṣetrī,60259,"332,1",kzetra,kṣetra
mw,main,M-nasal/Hi-pos/Hf-slot/G-keep,isolated,0,12738,60375,"332,3",kzemeRa,kṣemeṇa,60376,"332,3",kzema,kṣema
mw,main,M-nasal/Hi-pos/Hf-slot/G-keep,isolated,0,12740,60378,"332,3",kzemEs,kṣemais,60379,"332,3",kzemA,kṣemā
mw,main,M-nasal/Hi-pos/Hf-slot/G-keep,isolated,0,12741,60379,"332,3",kzemA,kṣemā,60383,"332,3",kzema,kṣema
mw,main,M-nasal/Hi-pos/Hf-slot/G-keep,isolated,0,12764,60575,"333,3",kzOmI,kṣaumī,60576,"333,3",kzOma,kṣauma
mw,main,M-nasal/Hi-pos/Hf-slot/G-keep,isolated,0,12767,60584,"333,3",kzOrI,kṣaurī,60585,"333,3",kzOra,kṣaura
mw,main,M-nasal/Hi-pos/Hf-slot/G-keep,isolated,0,12770,60600,"333,3",kzmA,kṣmā,60601,"333,3",kzmayA,kṣmayā
mw,main,M-nasal/Hi-pos/Hf-slot/G-keep,isolated,0,12783,60690,"334,2",KA,khā,60691,"334,2",Ka,kha
mw,main,M-nasal/Hi-pos/Hf-slot/G-keep,isolated,0,12802,60921,"335,1",KawI,khaṭī,60941,"335,2",KawakkikA,khaṭakkikā
mw,main,M-nasal/Hi-pos/Hf-slot/G-keep,isolated,0,12811,60949,"335,2",KawwA,khaṭṭā,60956,"335,2",Kawwana,khaṭṭana
mw,main,M-nasal/Hi-pos/Hf-slot/G-keep,isolated,0,12846,61365,"337,1",KarI,kharī,61490,"337,3",KarawaKarawA,kharaṭakharaṭā
mw,main,M-nasal/Hi-pos/Hf-slot/G-keep,isolated,0,12871,61594,"338,1",KalI,khalī,61640,"338,2",KalaKalAya,khalakhalāya
mw,main,M-nasal/Hi-pos/Hf-slot/G-keep,isolated,0,12904,61704,"338,3",KasA,khasā,61712,"338,3",Kasama,khasama
mw,main,M-nasal/Hi-pos/Hf-slot/G-keep,isolated,0,12951,61848,"339,2",KArI,khārī,61864,"339,3",KAragrIvi,khāragrīvi
mw,main,M-nasal/Hi-pos/Hf-slot/G-keep,isolated,0,13044,62155,"341,2",gA,gā,62156,"341,2",ga,ga
mw,main,M-nasal/Hi-pos/Hf-slot/G-keep,isolated,0,13085,62983,"345,1",ganDA,gandhā,62987,"345,1",ganDa,gandha
mw,main,M-nasal/Hi-pos/Hf-slot/G-keep,isolated,0,13089,63293,"346,2",ganDarvI,gandharvī,63295,"346,2",ganDarva,gandharva
mw,main,M-nasal/Hi-pos/Hf-slot/G-keep,isolated,0,13110,63725,"348,2",garI,garī,63726,"348,2",gara,gara
mw,main,M-nasal/Hi-pos/Hf-slot/G-keep,isolated,0,13120,63833,"349,1",gargI,gargī,63850,"349,1",gargara,gargara
mw,main,M-nasal/Hi-pos/Hf-slot/G-keep,isolated,0,13123,63856,"349,1",gargarI,gargarī,63857.1,"349,1",gargara,gargara
mw,main,M-nasal/Hi-pos/Hf-slot/G-keep,isolated,0,13219,64873,"354,1",gAruqI,gāruḍī,64874,"354,1",gAruqa,gāruḍa
mw,main,M-nasal/Hi-pos/Hf-slot/G-keep,isolated,0,13223,64892,"354,1",gArgI,gārgī,64936,"354,2",gArgarya,gārgarya
mw,main,M-nasal/Hi-pos/Hf-slot/G-keep,isolated,0,13274,65435,"356,3",guqI,guḍī,65489,"356,3",guqacI,guḍacī
mw,main,M-nasal/Hi-pos/Hf-slot/G-keep,isolated,0,13305,66010,"359,2",gurvI,gurvī,66013,"359,2",guru,guru
mw,main,M-nasal/Hi-pos/Hf-slot/G-keep,isolated,0,13317,66190,"360,1",gulI,gulī,66201,"360,1",gulaYcakanda,gulañcakanda
mw,main,M-nasal/Hi-pos/Hf-slot/G-keep,isolated,0,13372,66866,"363,2",gErI,gairī,66883,"363,3",gErakaMvUla,gairakaṃvūla
mw,main,M-nasal/Hi-pos/Hf-slot/G-keep,isolated,0,13397,67869,"368,1",gopI,gopī,67980,"368,3",gopAlava,gopālava
mw,main,M-nasal/Hi-pos/Hf-slot/G-keep,isolated,0,13406,68003,"368,3",golA,golā,68035,"368,3",golattikA,golattikā
mw,main,M-nasal/Hi-pos/Hf-slot/G-keep,isolated,0,13430,68089,"369,1",gOqI,gauḍī,68090,"369,1",gOqa,gauḍa
mw,main,M-nasal/Hi-pos/Hf-slot/G-keep,isolated,0,13437,68148,"369,2",gOtamI,gautamī,68174,"369,2",gOtamasa,gautamasa
mw,main,M-nasal/Hi-pos/Hf-slot/G-keep,isolated,0,13453,68252,"370,1",gOrI,gaurī,68268.1,"370,1",gOra,gaura
mw,main,M-nasal/Hi-pos/Hf-slot/G-keep,isolated,0,13489,69083,"374,1",grIvA,grīvā,69087,"374,1",grIva,grīva
mw,main,M-nasal/Hi-pos/Hf-slot/G-keep,isolated,0,13493,69100,"374,2",grIzmI,grīṣmī,69100.1,"374,2",grIzma,grīṣma
mw,main,M-nasal/Hi-pos/Hf-slot/G-keep,isolated,0,13517,69211,"375,1",GA,ghā,69212,"375,1",Ga,gha
mw,main,M-nasal/Hi-pos/Hf-slot/G-keep,isolated,0,13519,69214,"375,1",GA,ghā,69215,"375,1",GaMz,ghaṃṣ
mw,main,M-nasal/Hi-pos/Hf-slot/G-keep,isolated,0,13603,70172,"379,2",Goram,ghoram,70173,"379,2",Gora,ghora
mw,main,M-nasal/Hi-pos/Hf-slot/G-keep,isolated,0,13606,70178,"379,2",GorI,ghorī,70179,"379,2",Gora,ghora
mw,main,M-nasal/Hi-pos/Hf-slot/G-keep,isolated,0,13636,70363,"380,3",cakrI,cakrī,70365,"380,3",cakra,cakra
mw,main,M-nasal/Hi-pos/Hf-slot/G-keep,isolated,0,13777,72788.1,"1327,1",cARqikA,cāṇḍikā,72789,"392,1",cARqAla,cāṇḍāla
mw,main,M-nasal/Hi-pos/Hf-slot/G-keep,isolated,0,13812,73051,"393,2",cArI,cārī,73135,"393,3",cAramika,cāramika
mw,main,M-nasal/Hi-pos/Hf-slot/G-keep,isolated,0,13816,73146,"393,3",cArvI,cārvī,73244,"394,1",cArcika,cārcika
mw,main,M-nasal/Hi-pos/Hf-slot/G-keep,isolated,0,13839,73417,"395,1",cikkA,cikkā,73420,"395,1",cikkaRa,cikkaṇa
mw,main,M-nasal/Hi-pos/Hf-slot/G-keep,isolated,0,13894,74211,"398,3",cireRa,cireṇa,74213.1,"398,3",cirAya,cirāya
mw,main,M-nasal/Hi-pos/Hf-slot/G-keep,isolated,0,13895,74213.1,"398,3",cirAya,cirāya,74215,"398,3",cirAt,cirāt
mw,main,M-nasal/Hi-pos/Hf-slot/G-keep,isolated,0,13896,74215,"398,3",cirAt,cirāt,74217,"398,3",cirasya,cirasya
mw,main,M-nasal/Hi-pos/Hf-slot/G-keep,isolated,0,13898,74219,"398,3",cire,cire,74334,"399,1",ciraRwI,ciraṇṭī
mw,main,M-nasal/Hi-pos/Hf-slot/G-keep,isolated,0,13940,74464,"399,3",cIrI,cīrī,74495,"399,3",cIralli,cīralli
mw,main,M-nasal/Hi-pos/Hf-slot/G-keep,isolated,0,13958,74523.35,"399,3",cukrI,cukrī,74523.4,"399,3",cukrA,cukrā
mw,main,M-nasal/Hi-pos/Hf-slot/G-keep,isolated,0,13990,74613,"400,2",cundI,cundī,74613.1,"1327,2",cundikA,cundikā
mw,main,M-nasal/Hi-pos/Hf-slot/G-keep,isolated,0,14014,74728,"400,3",cUqA,cūḍā,74740,"401,1",cUqa,cūḍa
mw,main,M-nasal/Hi-pos/Hf-slot/G-keep,isolated,0,14087,75198,"403,1",cOrI,caurī,75239,"403,2",cOraNgin,cauraṅgin
mw,main,M-nasal/Hi-pos/Hf-slot/G-keep,isolated,0,14104,75356,"404,1",CA,chā,75359,"404,1",Caga,chaga
mw,main,M-nasal/Hi-pos/Hf-slot/G-keep,isolated,0,14136,75756,"405,3",CAgI,chāgī,75791,"405,3",CAgaRa,chāgaṇa
mw,main,M-nasal/Hi-pos/Hf-slot/G-keep,isolated,0,14185,76143,"407,2",Co,cho,76146.1,"1327,2",Cittapa,chittapa
mw,main,M-nasal/Hi-pos/Hf-slot/G-keep,isolated,0,14194,76162,"407,3",jA,jā,76165,"407,3",ja,ja
mw,main,M-nasal/Hi-pos/Hf-slot/G-keep,isolated,0,14239,76630,"409,3",jaWareRa,jaṭhareṇa,76631,"409,3",jaWara,jaṭhara
mw,main,M-nasal/Hi-pos/Hf-slot/G-keep,isolated,0,14278,77598,"413,3",jarA,jarā,77728,"414,2",jarawI,jaraṭī
mw,main,M-nasal/Hi-pos/Hf-slot/G-keep,isolated,0,14301,77769,"414,2",jalA,jalā,78285,"416,1",jalaqA,jalaḍā
mw,main,M-nasal/Hi-pos/Hf-slot/G-keep,isolated,0,14312,78319,"416,2",javAt,javāt,78351,"416,2",javanAla,javanāla
mw,main,M-nasal/Hi-pos/Hf-slot/G-keep,isolated,0,14342,78486,"417,1",jANgalI,jāṅgalī,78488,"417,1",jANgala,jāṅgala
mw,main,M-nasal/Hi-pos/Hf-slot/G-keep,isolated,0,14360,78563,"417,3",jAtA,jātā,78564.1,"417,3",jAta,jāta
mw,main,M-nasal/Hi-pos/Hf-slot/G-keep,isolated,0,14368,78775,"418,2",jAtUkarRI,jātūkarṇī,78776,"418,2",jAtUkarRa,jātūkarṇa
mw,main,M-nasal/Hi-pos/Hf-slot/G-keep,isolated,0,14415,79063,"419,3",jAlI,jālī,79064,"419,3",jAla,jāla
mw,main,M-nasal/Hi-pos/Hf-slot/G-keep,isolated,0,14476,79455,"421,3",jihmam,jihmam,79456,"421,3",jihma,jihma
mw,main,M-nasal/Hi-pos/Hf-slot/G-keep,isolated,0,14480,79490,"422,1",jihvA,jihvā,79496.1,"422,1",jihva,jihva
mw,main,M-nasal/Hi-pos/Hf-slot/G-keep,isolated,0,14589,80962,"428,2",JA,jhā,80963,"428,2",JagaJagAya,jhagajhagāya
mw,main,M-nasal/Hi-pos/Hf-slot/G-keep,isolated,0,14604,81011,"428,3",JarI,jharī,81016,"428,3",JarasI,jharasī
mw,main,M-nasal/Hi-pos/Hf-slot/G-keep,isolated,0,14611,81025,"428,3",JarJarI,jharjharī,81029,"428,3",JarJarita,jharjharita
mw,main,M-nasal/Hi-pos/Hf-slot/G-keep,isolated,0,14620,81042,"429,1",JallI,jhallī,81046,"429,1",JallanA,jhallanā
mw,main,M-nasal/Hi-pos/Hf-slot/G-keep,isolated,0,14666,81168,"429,2",wA,ṭā,81170,"429,2",wakka,ṭakka
mw,main,M-nasal/Hi-pos/Hf-slot/G-keep,isolated,0,14746,81332,"430,2",qA,ḍā,81334,"430,2",qakkArI,ḍakkārī
mw,main,M-nasal/Hi-pos/Hf-slot/G-keep,isolated,0,14798,81434,"430,3",qimBA,ḍimbhā,81435,"430,3",qimBa,ḍimbha
mw,main,M-nasal/Hi-pos/Hf-slot/G-keep,isolated,0,14803,81449.1,"1328,1",quRQi,ḍuṇḍhi,81452,"431,1",quRqula,ḍuṇḍula
mw,main,M-nasal/Hi-pos/Hf-slot/G-keep,isolated,0,14816,81465,"431,1",qoqI,ḍoḍī,81467,"431,1",qoqahI,ḍoḍahī
mw,main,M-nasal/Hi-pos/Hf-slot/G-keep,isolated,0,14826,81489,"431,1",QakkA,ḍhakkā,81492,"431,1",Qakkana,ḍhakkana
mw,main,M-nasal/Hi-pos/Hf-slot/G-keep,isolated,0,14847,81565,"431,2",tA,tā,81566,"431,2",taMs,taṃs
mw,main,M-nasal/Hi-pos/Hf-slot/G-keep,isolated,0,14873,81665,"432,1",tawI,taṭī,81666,"432,1",tawa,taṭa
mw,main,M-nasal/Hi-pos/Hf-slot/G-keep,isolated,0,14893,81809,"432,3",taturi,taturi,81811,"432,3",tat,tat
mw,main,M-nasal/Hi-pos/Hf-slot/G-keep,isolated,0,14916,83005.2,"438,2",tamAm,tamām,83006,"438,2",tamaNga,tamaṅga
mw,main,M-nasal/Hi-pos/Hf-slot/G-keep,isolated,0,14928,83036,"438,3",tarI,tarī,83203,"439,2",tarakza,tarakṣa
mw,main,M-nasal/Hi-pos/Hf-slot/G-keep,isolated,0,14950,83308,"439,3",taruRI,taruṇī,83313,"439,3",taruRa,taruṇa
mw,main,M-nasal/Hi-pos/Hf-slot/G-keep,isolated,0,14979,83503.72,"440,3",talA,talā,83552,"440,3",talaBa,talabha
mw,main,M-nasal/Hi-pos/Hf-slot/G-keep,isolated,0,14994,83597.2,"441,1",tallI,tallī,83598,"441,1",tallakzaRa,tallakṣaṇa
mw,main,M-nasal/Hi-pos/Hf-slot/G-keep,isolated,0,15025,83708,"441,3",tAqI,tāḍī,83710,"441,3",tAqam,tāḍam
mw,main,M-nasal/Hi-pos/Hf-slot/G-keep,isolated,0,15046,83890,"442,2",tApI,tāpī,83891,"442,2",tApa,tāpa
mw,main,M-nasal/Hi-pos/Hf-slot/G-keep,isolated,0,15063,84248,"443,3",tArA,tārā,84413,"444,2",tArawI,tāraṭī
mw,main,M-nasal/Hi-pos/Hf-slot/G-keep,isolated,0,15087,84519,"445,1",tAlI,tālī,84524,"445,1",tAla,tāla
mw,main,M-nasal/Hi-pos/Hf-slot/G-keep,isolated,0,15151,84982,"447,1",timI,timī,85001,"447,1",timira,timira
mw,main,M-nasal/Hi-pos/Hf-slot/G-keep,isolated,0,15153,85008,"447,1",timirA,timirā,85009,"447,1",timira,timira
mw,main,M-nasal/Hi-pos/Hf-slot/G-keep,isolated,0,15193,85531,"449,1",tIrI,tīrī,85533,"449,1",tIra,tīra
mw,main,M-nasal/Hi-pos/Hf-slot/G-keep,isolated,0,15234,85842,"450,1",tuRqI,tuṇḍī,85843,"450,1",tuRqa,tuṇḍa
mw,main,M-nasal/Hi-pos/Hf-slot/G-keep,isolated,0,15251,85926,"450,2",tubarI,tubarī,85929,"450,2",tubara,tubara
mw,main,M-nasal/Hi-pos/Hf-slot/G-keep,isolated,0,15261,85946,"450,3",tumbI,tumbī,85948,"450,3",tumbA,tumbā
mw,main,M-nasal/Hi-pos/Hf-slot/G-keep,isolated,0,15262,85948,"450,3",tumbA,tumbā,85962,"450,3",tumbara,tumbara
mw,main,M-nasal/Hi-pos/Hf-slot/G-keep,isolated,0,15311,86360,"452,2",tURI,tūṇī,86382,"452,2",tURava,tūṇava
mw,main,M-nasal/Hi-pos/Hf-slot/G-keep,isolated,0,15322,86410.3,"452,3",tUrBis,tūrbhis,86430,"452,3",tUra,tūra
mw,main,M-nasal/Hi-pos/Hf-slot/G-keep,isolated,0,15330,86454,"452,3",tUlI,tūlī,86459,"452,3",tUla,tūla
mw,main,M-nasal/Hi-pos/Hf-slot/G-keep,isolated,0,15437,87296,"456,2",tOdI,taudī,87297,"456,2",tOdAdika,taudādika
mw,main,M-nasal/Hi-pos/Hf-slot/G-keep,isolated,0,15457,87332.2,"456,3",tmanA,tmanā,87332.3,"456,3",tman,tman
mw,main,M-nasal/Hi-pos/Hf-slot/G-keep,isolated,0,15480,87451,"457,2",trayI,trayī,87508,"457,2",trayayAyya,trayayāyya
mw,main,M-nasal/Hi-pos/Hf-slot/G-keep,isolated,0,15542,89221,"464,3",dA,dā,89222,"464,3",da,da
mw,main,M-nasal/Hi-pos/Hf-slot/G-keep,isolated,0,15544,89224,"464,3",dA,dā,89225,"464,3",da,da
mw,main,M-nasal/Hi-pos/Hf-slot/G-keep,isolated,0,15546,89229,"464,3",dA,dā,89230,"464,3",daMS,daṃś
mw,main,M-nasal/Hi-pos/Hf-slot/G-keep,isolated,0,15566,89804,"467,3",dattA,dattā,89806,"467,3",datta,datta
mw,main,M-nasal/Hi-pos/Hf-slot/G-keep,isolated,0,15577,90004,"468,2",daDfz,dadhṛṣ,90005,"468,2",daDfk,dadhṛk
mw,main,M-nasal/Hi-pos/Hf-slot/G-keep,isolated,0,15601,90371.7,"470,1",darI,darī,90371.8,"470,1",daram,daram
mw,main,M-nasal/Hi-pos/Hf-slot/G-keep,isolated,0,15621,90809.1,"471,3",daSA,daśā,91079,"472,3",daSana,daśana
mw,main,M-nasal/Hi-pos/Hf-slot/G-keep,isolated,0,15643,91519.2,"475,1",dAkziRA,dākṣiṇā,91519.3,"475,1",dAkziRa,dākṣiṇa
mw,main,M-nasal/Hi-pos/Hf-slot/G-keep,isolated,0,15651,91564,"475,2",dARqA,dāṇḍā,91565,"475,2",dARqa,dāṇḍa
mw,main,M-nasal/Hi-pos/Hf-slot/G-keep,isolated,0,15667,91620,"475,3",dAntA,dāntā,91626,"475,3",dAnta,dānta
mw,main,M-nasal/Hi-pos/Hf-slot/G-keep,isolated,0,15678,91645.2,"475,3",dArI,dārī,91664,"475,3",dAra,dāra
mw,main,M-nasal/Hi-pos/Hf-slot/G-keep,isolated,0,15701,91818,"476,2",dAlI,dālī,91819,"476,2",dAla,dāla
mw,main,M-nasal/Hi-pos/Hf-slot/G-keep,isolated,0,15774,92747,"481,1",dIdI,dīdī,92747.1,"481,1",dIdi,dīdi
mw,main,M-nasal/Hi-pos/Hf-slot/G-keep,isolated,0,15781,92964,"481,3",dIrGam,dīrgham,92965,"481,3",dIrGa,dīrgha
mw,main,M-nasal/Hi-pos/Hf-slot/G-keep,isolated,0,15783,92973,"481,3",dIrGA,dīrghā,92976,"481,3",dIrGa,dīrgha
mw,main,M-nasal/Hi-pos/Hf-slot/G-keep,isolated,0,15790,93405,"483,2",duHKam,duḥkham,93406,"483,2",duHKa,duḥkha
mw,main,M-nasal/Hi-pos/Hf-slot/G-keep,isolated,0,15815,93593,"484,1",dunduBI,dundubhī,93595,"484,1",dunduBi,dundubhi
mw,main,M-nasal/Hi-pos/Hf-slot/G-keep,isolated,0,15836,94728,"488,2",dulI,dulī,94729,"488,2",duliduha,duliduha
mw,main,M-nasal/Hi-pos/Hf-slot/G-keep,isolated,0,15857,94905,"489,2",dUreRa,dūreṇa,94906,"489,2",dUratareRa,dūratareṇa
mw,main,M-nasal/Hi-pos/Hf-slot/G-keep,isolated,0,15860,94911,"489,2",dUre,dūre,94912,"489,2",dUratare,dūratare
mw,main,M-nasal/Hi-pos/Hf-slot/G-keep,isolated,0,15862,94913,"489,2",dUre,dūre,95034,"490,1",dUrakta,dūrakta
mw,main,M-nasal/Hi-pos/Hf-slot/G-keep,isolated,0,15918,95539.02,"492,3",devI,devī,95540.55,"492,3",deva,deva
mw,main,M-nasal/Hi-pos/Hf-slot/G-keep,isolated,0,15933,96729,"497,1",dEteyI,daiteyī,96730,"497,1",dEteya,daiteya
mw,main,M-nasal/Hi-pos/Hf-slot/G-keep,isolated,0,15942,96788.40,"497,2",dEvI,daivī,96788.50,"497,2",dEva,daiva
mw,main,M-nasal/Hi-pos/Hf-slot/G-keep,isolated,0,15944,96788.7,"497,2",dEvAt,daivāt,96927,"498,1",dEvantyAyana,daivantyāyana
mw,main,M-nasal/Hi-pos/Hf-slot/G-keep,isolated,0,15970,97012,"498,2",dozA,doṣā,97026,"498,2",doza,doṣa
mw,main,M-nasal/Hi-pos/Hf-slot/G-keep,isolated,0,15974,97130,"499,1",dohA,dohā,97150,"499,1",dohaqikA,dohaḍikā
mw,main,M-nasal/Hi-pos/Hf-slot/G-keep,isolated,0,15996,97267,"499,3",dOhitrI,dauhitrī,97268,"499,3",dOhitra,dauhitra
mw,main,M-nasal/Hi-pos/Hf-slot/G-keep,isolated,0,16030,97761,"501,3",drAkzA,drākṣā,97762,"501,3",drAkza,drākṣa
mw,main,M-nasal/Hi-pos/Hf-slot/G-keep,isolated,0,16055,97983,"502,3",druhI,druhī,97984,"502,3",druhaRa,druhaṇa
mw,main,M-nasal/Hi-pos/Hf-slot/G-keep,isolated,0,16084,98138.1,"503,2",dvayI,dvayī,98138.2,"503,2",dvaya,dvaya
mw,main,M-nasal/Hi-pos/Hf-slot/G-keep,isolated,0,16086,98138.6,"503,2",dvayam,dvayam,98138.8,"503,2",dvaya,dvaya
mw,main,M-nasal/Hi-pos/Hf-slot/G-keep,isolated,1,16090,98308,"504,2",dvAMdvika,dvāṃdvika,98309,"504,2",dvAH,dvāḥ
mw,main,M-nasal/Hi-pos/Hf-slot/G-keep,isolated,0,16108,99233,"508,1",DA,dhā,99235,"508,1",Dak,dhak
mw,main,M-nasal/Hi-pos/Hf-slot/G-keep,isolated,0,16117,99246,"508,1",DawI,dhaṭī,99250,"508,1",DawikA,dhaṭikā
mw,main,M-nasal/Hi-pos/Hf-slot/G-keep,isolated,0,16141,99757,"510,1",DarA,dharā,99764,"510,1",Dara,dhara
mw,main,M-nasal/Hi-pos/Hf-slot/G-keep,isolated,0,16179,100924.1,"515,1",DvAnta,dhvānta,100925,"515,1",DAnDA,dhāndhā
mw,main,M-nasal/Hi-pos/Hf-slot/G-keep,isolated,0,16219,101333,"517,1",DIram,dhīram,101334,"517,1",DIra,dhīra
mw,main,M-nasal/Hi-pos/Hf-slot/G-keep,isolated,0,16221,101337,"517,1",DIrA,dhīrā,101341,"517,1",DIra,dhīra
mw,main,M-nasal/Hi-pos/Hf-slot/G-keep,isolated,0,16279,102097,"520,3",DOtI,dhautī,102098,"520,3",DOta,dhauta
mw,main,M-nasal/Hi-pos/Hf-slot/G-keep,isolated,0,16316,102313,"521,3",DruvA,dhruvā,102319,"521,3",Druva,dhruva
mw,main,M-nasal/Hi-pos/Hf-slot/G-keep,isolated,0,16319,102323.1,"521,3",DruvAya,dhruvāya,102323.55,"521,3",Druva,dhruva
mw,main,M-nasal/Hi-pos/Hf-slot/G-keep,isolated,0,16341,102723.65,"523,3",nA,nā,102724,"523,3",naMSa,naṃśa
mw,main,M-nasal/Hi-pos/Hf-slot/G-keep,isolated,0,16353,102748,"524,1",nakulI,nakulī,102749,"524,1",nakula,nakula
mw,main,M-nasal/Hi-pos/Hf-slot/G-keep,isolated,0,16357,102770,"524,1",naktam,naktam,102771,"524,1",nakta,nakta
mw,main,M-nasal/Hi-pos/Hf-slot/G-keep,isolated,0,16359,102773,"524,1",naktA,naktā,102773.1,"524,1",nakta,nakta
mw,main,M-nasal/Hi-pos/Hf-slot/G-keep,isolated,0,16364,102814,"524,1",nakrA,nakrā,102815,"524,1",nakra,nakra
mw,main,M-nasal/Hi-pos/Hf-slot/G-keep,isolated,0,16409,103692,"527,2",naptrI,naptrī,103693,"527,2",napAt,napāt
mw,main,M-nasal/Hi-pos/Hf-slot/G-keep,isolated,0,16433,104042,"529,1",narI,narī,104043,"529,1",nara,nara
mw,main,M-nasal/Hi-pos/Hf-slot/G-keep,isolated,0,16436,104234.6,"529,3",narikA,narikā,104261,"529,3",naraNga,naraṅga
mw,main,M-nasal/Hi-pos/Hf-slot/G-keep,isolated,0,16455,104392,"530,2",nalI,nalī,104393,"530,2",nala,nala
mw,main,M-nasal/Hi-pos/Hf-slot/G-keep,isolated,0,16462,104483,"530,3",navA,navā,104483.1,"530,3",nava,nava
mw,main,M-nasal/Hi-pos/Hf-slot/G-keep,isolated,0,16477,104873,"532,3",nahi,nahi,104874.1,"1329,2",nasra,nasra
mw,main,M-nasal/Hi-pos/Hf-slot/G-keep,isolated,0,16487,104953,"533,1",nAgI,nāgī,104954,"533,1",nAga,nāga
mw,main,M-nasal/Hi-pos/Hf-slot/G-keep,isolated,0,16492,105235,"533,3",nAgarI,nāgarī,105238,"534,1",nAgara,nāgara
mw,main,M-nasal/Hi-pos/Hf-slot/G-keep,isolated,0,16524,105499,"535,1",nAdeyI,nādeyī,105500,"535,1",nAdeya,nādeya
mw,main,M-nasal/Hi-pos/Hf-slot/G-keep,isolated,0,16556,105891,"536,3",nArI,nārī,105892,"536,3",nAra,nāra
mw,main,M-nasal/Hi-pos/Hf-slot/G-keep,isolated,0,16561,106041.6,"537,2",nAradA,nāradā,106041.7,"537,2",nArada,nārada
mw,main,M-nasal/Hi-pos/Hf-slot/G-keep,isolated,0,16566,106084,"537,2",nArAcI,nārācī,106085,"537,2",nArAca,nārāca
mw,main,M-nasal/Hi-pos/Hf-slot/G-keep,isolated,0,16570,106099,"537,2",nArASaMsI,nārāśaṃsī,106099.1,"537,2",nArASaMsa,nārāśaṃsa
mw,main,M-nasal/Hi-pos/Hf-slot/G-keep,isolated,0,16590,106127,"537,3",nAlI,nālī,106131,"537,3",nAla,nāla
mw,main,M-nasal/Hi-pos/Hf-slot/G-keep,isolated,0,16598,106171.1,"538,1",nAvA,nāvā,106187,"538,1",nAvana,nāvana
mw,main,M-nasal/Hi-pos/Hf-slot/G-keep,isolated,0,16607,106200,"538,1",nASI,nāśī,106222,"538,1",nASira,nāśira
mw,main,M-nasal/Hi-pos/Hf-slot/G-keep,isolated,0,16634,107765.1,"1329,3",niHzku,niḥṣku,107766,"544,1",niHziD,niḥṣidh
mw,main,M-nasal/Hi-pos/Hf-slot/G-keep,isolated,0,16656,107816.2,"544,2",nikawe,nikaṭe,107816.3,"544,2",nikawAt,nikaṭāt
mw,main,M-nasal/Hi-pos/Hf-slot/G-keep,isolated,0,16768,108272.11,"1329,3",nijihvika,nijihvika,108273,"547,1",nijiGfkzayat,nijighṛkṣayat
mw,main,M-nasal/Hi-pos/Hf-slot/G-keep,isolated,0,16798,108343,"547,2",nityA,nityā,108347,"547,2",nitya,nitya
mw,main,M-nasal/Hi-pos/Hf-slot/G-keep,isolated,0,16893,108894,"550,3",niBftA,nibhṛtā,108895,"550,3",niBftam,nibhṛtam
mw,main,M-nasal/Hi-pos/Hf-slot/G-keep,isolated,0,16894,108895,"550,3",niBftam,nibhṛtam,108897,"550,3",niBfta,nibhṛta
mw,main,M-nasal/Hi-pos/Hf-slot/G-keep,isolated,0,17187,110247.1,"1329,3",nivAsita,nivāsita,110248,"559,1",nivah,nivah
mw,main,M-nasal/Hi-pos/Hf-slot/G-keep,isolated,0,17211,110433,"560,2",nivezw,niveṣṭ,110438,"560,2",nivezI,niveṣī
mw,main,M-nasal/Hi-pos/Hf-slot/G-keep,isolated,0,17222,110555,"561,1",niSAna,niśāna,110556,"561,1",niSAtaya,niśātaya
mw,main,M-nasal/Hi-pos/Hf-slot/G-keep,isolated,0,17268,110718,"561,3",nizaDA,niṣadhā,110720,"561,3",nizaDa,niṣadha
mw,main,M-nasal/Hi-pos/Hf-slot/G-keep,isolated,0,17357,111044.1,"564,1",nisargeRa,nisargeṇa,111044.2,"564,1",nisargAt,nisargāt
mw,main,M-nasal/Hi-pos/Hf-slot/G-keep,isolated,0,17397,111131,"564,2",nisvaram,nisvaram,111132,"564,2",nisvara,nisvara
mw,main,M-nasal/Hi-pos/Hf-slot/G-keep,isolated,0,17444,111758.4,"567,1",nU,nū,111759,"567,2",nu,nu
mw,main,M-nasal/Hi-pos/Hf-slot/G-keep,isolated,0,17468,112202,"569,2",nepAlI,nepālī,112204,"569,2",nepAla,nepāla
mw,main,M-nasal/Hi-pos/Hf-slot/G-keep,isolated,0,17583,112813.1,"572,2",nyAyena,nyāyena,112813.2,"572,2",nyAyAt,nyāyāt
mw,main,M-nasal/Hi-pos/Hf-slot/G-keep,isolated,0,17602,112998,"573,1",nyUnam,nyūnam,112999,"573,1",nyUna,nyūna
mw,main,M-nasal/Hi-pos/Hf-slot/G-keep,isolated,0,17617,113045,"573,2",pA,pā,113046,"573,2",pa,pa
mw,main,M-nasal/Hi-pos/Hf-slot/G-keep,isolated,0,17619,113050,"573,2",pA,pā,113051,"573,2",paMS,paṃś
mw,main,M-nasal/Hi-pos/Hf-slot/G-keep,isolated,0,17643,113532,"575,3",pajJawikA,pajjhaṭikā,113533,"575,3",pajihawikA,pajihaṭikā
mw,main,M-nasal/Hi-pos/Hf-slot/G-keep,isolated,0,17675,114446,"579,3",pawwI,paṭṭī,114513,"579,3",pawwana,paṭṭana
mw,main,M-nasal/Hi-pos/Hf-slot/G-keep,isolated,0,17705,115087,"582,2",pattanA,pattanā,115088,"582,2",pattana,pattana
mw,main,M-nasal/Hi-pos/Hf-slot/G-keep,isolated,0,17722,115540,"584,2",padmA,padmā,115547,"584,2",padma,padma
mw,main,M-nasal/Hi-pos/Hf-slot/G-keep,isolated,0,17730,115854,"585,2",panasI,panasī,115855,"585,2",panasa,panasa
mw,main,M-nasal/Hi-pos/Hf-slot/G-keep,isolated,0,17753,116025,"586,2",parA,parā,116030.1,"586,2",para,para
mw,main,M-nasal/Hi-pos/Hf-slot/G-keep,isolated,0,17756,116046,"586,2",pareRa,pareṇa,116048,"586,2",pare,pare
mw,main,M-nasal/Hi-pos/Hf-slot/G-keep,isolated,0,17757,116048,"586,2",pare,pare,116048.1,"586,2",para,para
mw,main,M-nasal/Hi-pos/Hf-slot/G-keep,isolated,0,17783,116799,"589,3",parAYc,parāñc,116805,"590,1",parAk,parāk
mw,main,M-nasal/Hi-pos/Hf-slot/G-keep,isolated,0,18442,119355,"605,3",parIman,parīman,119355.1,"605,3",parImaRi,parīmaṇi
mw,main,M-nasal/Hi-pos/Hf-slot/G-keep,isolated,0,18462,119448,"606,1",parkawI,parkaṭī,119450,"606,1",parkawa,parkaṭa
mw,main,M-nasal/Hi-pos/Hf-slot/G-keep,isolated,0,18465,119458,"606,2",parjanyA,parjanyā,119458.1,"606,2",parjanI,parjanī
mw,main,M-nasal/Hi-pos/Hf-slot/G-keep,isolated,0,18492,119657,"607,1",paryante,paryante,119658,"607,1",paryanta,paryanta
mw,main,M-nasal/Hi-pos/Hf-slot/G-keep,isolated,0,18621,120203,"610,1",palASI,palāśī,120206,"610,1",palASa,palāśa
mw,main,M-nasal/Hi-pos/Hf-slot/G-keep,isolated,0,18626,120235,"610,1",palita,palita,120239,"610,1",paliknI,paliknī
mw,main,M-nasal/Hi-pos/Hf-slot/G-keep,isolated,0,18646,120353,"610,3",pavA,pavā,120496,"611,2",pavaru,pavaru
mw,main,M-nasal/Hi-pos/Hf-slot/G-keep,isolated,0,18664,120790,"612,3",paspaSA,paspaśā,120791,"612,3",paspaSa,paspaśa
mw,main,M-nasal/Hi-pos/Hf-slot/G-keep,isolated,0,18684,121246,"614,3",pAYcAlI,pāñcālī,121247,"614,3",pAYcAla,pāñcāla
mw,main,M-nasal/Hi-pos/Hf-slot/G-keep,isolated,0,18690,121284,"614,3",pAwI,pāṭī,121312,"615,1",pAwaccara,pāṭaccara
mw,main,M-nasal/Hi-pos/Hf-slot/G-keep,isolated,0,18693,121314,"615,1",pAwalI,pāṭalī,121315,"615,1",pAwala,pāṭala
mw,main,M-nasal/Hi-pos/Hf-slot/G-keep,isolated,0,18695,121320,"615,1",pAwalA,pāṭalā,121325,"615,1",pAwala,pāṭala
mw,main,M-nasal/Hi-pos/Hf-slot/G-keep,isolated,0,18754,122166.25,"618,2",pApA,pāpā,122166.30,"618,2",pApa,pāpa
mw,main,M-nasal/Hi-pos/Hf-slot/G-keep,isolated,0,18758,122166.50,"618,2",pApayAmuyA,pāpayāmuyā,122324,"619,1",pApacaka,pāpacaka
mw,main,M-nasal/Hi-pos/Hf-slot/G-keep,isolated,0,18781,122400,"619,2",pArI,pārī,122499,"620,1",pAra,pāra
mw,main,M-nasal/Hi-pos/Hf-slot/G-keep,isolated,0,18810,122644,"620,3",pArAvatI,pārāvatī,122647,"620,3",pArAvata,pārāvata
mw,main,M-nasal/Hi-pos/Hf-slot/G-keep,isolated,0,18816,122665,"620,3",pArASarI,pārāśarī,122666,"620,3",pArASara,pārāśara
mw,main,M-nasal/Hi-pos/Hf-slot/G-keep,isolated,0,18831,122838,"621,2",pArucCepI,pārucchepī,122839,"621,2",pArucCepa,pārucchepa
mw,main,M-nasal/Hi-pos/Hf-slot/G-keep,isolated,0,18894,123246,"623,2",pAvA,pāvā,123311,"623,3",pAvan,pāvan
mw,main,M-nasal/Hi-pos/Hf-slot/G-keep,isolated,0,18903,123326,"623,3",pASI,pāśī,123365,"623,3",pASava,pāśava
mw,main,M-nasal/Hi-pos/Hf-slot/G-keep,isolated,0,18967,124281,"627,2",pinAkI,pinākī,124282,"627,2",pinAka,pināka
mw,main,M-nasal/Hi-pos/Hf-slot/G-keep,isolated,0,18990,124353,"627,3",pippalI,pippalī,124354,"627,3",pippala,pippala
mw,main,M-nasal/Hi-pos/Hf-slot/G-keep,isolated,0,19001,124402,"628,1",piyAla,piyāla,124406,"628,1",pimpari,pimpari
mw,main,M-nasal/Hi-pos/Hf-slot/G-keep,isolated,0,19028,124742,"629,3",pItA,pītā,124745,"629,3",pIta,pīta
mw,main,M-nasal/Hi-pos/Hf-slot/G-keep,isolated,0,19057,125141,"631,1",puNgI,puṅgī,125142,"631,1",puNgala,puṅgala
mw,main,M-nasal/Hi-pos/Hf-slot/G-keep,isolated,0,19079,125347,"632,1",puRyA,puṇyā,125350,"632,1",puRya,puṇya
mw,main,M-nasal/Hi-pos/Hf-slot/G-keep,isolated,0,19086,125499,"632,3",putrI,putrī,125502.1,"632,3",putra,putra
mw,main,M-nasal/Hi-pos/Hf-slot/G-keep,isolated,0,19132,126460,"637,1",puruzI,puruṣī,126461,"637,1",puruza,puruṣa
mw,main,M-nasal/Hi-pos/Hf-slot/G-keep,isolated,0,19145,126649,"638,1",pulI,pulī,126650,"638,1",pula,pula
mw,main,M-nasal/Hi-pos/Hf-slot/G-keep,isolated,0,19157,126737,"638,2",pulomA,pulomā,126751,"638,2",pulomat,pulomat
mw,main,M-nasal/Hi-pos/Hf-slot/G-keep,isolated,0,19191,127556,"642,1",pUrI,pūrī,127557,"642,1",pUra,pūra
mw,main,M-nasal/Hi-pos/Hf-slot/G-keep,isolated,0,19196,127826,"643,1",pUrvA,pūrvā,127829,"643,1",pUrva,pūrva
mw,main,M-nasal/Hi-pos/Hf-slot/G-keep,isolated,0,19225,128731,"647,1",pfSnI,pṛśnī,128732,"647,1",pfSni,pṛśni
mw,main,M-nasal/Hi-pos/Hf-slot/G-keep,isolated,0,19233,128814.1,"647,3",pfzwitas,pṛṣṭitas,128820,"647,3",pfzwi,pṛṣṭi
mw,main,M-nasal/Hi-pos/Hf-slot/G-keep,isolated,0,19317,129212,"649,3",pESAcI,paiśācī,129215,"649,3",pESAca,paiśāca
mw,main,M-nasal/Hi-pos/Hf-slot/G-keep,isolated,0,19328,129242,"650,1",powI,poṭī,129251,"650,1",powala,poṭala
mw,main,M-nasal/Hi-pos/Hf-slot/G-keep,isolated,0,19346,129334,"650,2",polI,polī,129337,"650,2",polinda,polinda
mw,main,M-nasal/Hi-pos/Hf-slot/G-keep,isolated,0,19380,129449,"651,1",pOtrI,pautrī,129462,"651,1",pOtra,pautra
mw,main,M-nasal/Hi-pos/Hf-slot/G-keep,isolated,0,19389,129497,"651,1",pOrI,paurī,129498,"651,1",pOra,paura
mw,main,M-nasal/Hi-pos/Hf-slot/G-keep,isolated,0,19405,129564,"651,2",pOruzI,pauruṣī,129566,"651,2",pOruza,pauruṣa
mw,main,M-nasal/Hi-pos/Hf-slot/G-keep,isolated,0,19415,129655,"652,1",pOlastya,paulastya,129664,"652,1",pOlastI,paulastī
mw,main,M-nasal/Hi-pos/Hf-slot/G-keep,isolated,0,19427,129688,"652,1",pOzI,pauṣī,129689,"652,1",pOza,pauṣa
mw,main,M-nasal/Hi-pos/Hf-slot/G-keep,isolated,0,19438,129725,"652,2",pOzpI,pauṣpī,129732,"652,2",pOzpaYji,pauṣpañji
mw,main,M-nasal/Hi-pos/Hf-slot/G-keep,isolated,0,19472,129823.1,"653,1",prakAmam,prakāmam,129823.2,"653,1",prakAmatas,prakāmatas
mw,main,M-nasal/Hi-pos/Hf-slot/G-keep,isolated,0,19585,130698.1,"1330,3",pracerita,pracerita,130699,"657,2",pracika,pracika
mw,main,M-nasal/Hi-pos/Hf-slot/G-keep,isolated,0,19724,132274,"665,2",pratiGozin,pratighoṣin,132275,"665,2",pratiGoziRI,pratighoṣiṇī
mw,main,M-nasal/Hi-pos/Hf-slot/G-keep,isolated,0,20077,133710,"674,1",pratIpam,pratīpam,133711,"674,1",pratIpa,pratīpa
mw,main,M-nasal/Hi-pos/Hf-slot/G-keep,isolated,0,20102,133801,"674,3",pratyakzeRa,pratyakṣeṇa,133802,"674,3",pratyakze,pratyakṣe
mw,main,M-nasal/Hi-pos/Hf-slot/G-keep,isolated,0,20104,133872,"674,3",pratyaYc,pratyañc,133880,"675,1",pratIcI,pratīcī
mw,main,M-nasal/Hi-pos/Hf-slot/G-keep,isolated,0,20305,134603,"679,2",pradakziRam,pradakṣiṇam,134605,"679,2",pradakziRa,pradakṣiṇa
mw,main,M-nasal/Hi-pos/Hf-slot/G-keep,isolated,0,20394,135108,"682,1",prapaTA,prapathā,135109,"682,1",prapaTa,prapatha
mw,main,M-nasal/Hi-pos/Hf-slot/G-keep,isolated,0,20414,135189,"682,2",prapitAmahI,prapitāmahī,135190,"682,2",prapitAmaha,prapitāmaha
mw,main,M-nasal/Hi-pos/Hf-slot/G-keep,isolated,0,20460,135293,"683,2",prabalam,prabalam,135294,"683,2",prabala,prabala
mw,main,M-nasal/Hi-pos/Hf-slot/G-keep,isolated,0,20468,135326,"683,2",prabAlikA,prabālikā,135327,"683,2",prabAlika,prabālika
mw,main,M-nasal/Hi-pos/Hf-slot/G-keep,isolated,0,20640,136718.25,"690,2",pravaRe,pravaṇe,136718.30,"690,2",pravaRa,pravaṇa
mw,main,M-nasal/Hi-pos/Hf-slot/G-keep,isolated,0,20654,136783,"690,3",pravarA,pravarā,136784,"690,3",pravara,pravara
mw,main,M-nasal/Hi-pos/Hf-slot/G-keep,isolated,0,20855,137721,"696,1",prazWI,praṣṭhī,137726,"696,2",prazWiv,praṣṭhiv
mw,main,M-nasal/Hi-pos/Hf-slot/G-keep,isolated,0,20984,138748,"701,3",prahvI,prahvī,138756,"701,3",prahval,prahval
mw,main,M-nasal/Hi-pos/Hf-slot/G-keep,isolated,0,21023,139189,"703,3",prAYc,prāñc,139198,"703,3",prAcI,prācī
mw,main,M-nasal/Hi-pos/Hf-slot/G-keep,isolated,0,21024,139198,"703,3",prAcI,prācī,139200,"703,3",prAk,prāk
mw,main,M-nasal/Hi-pos/Hf-slot/G-keep,isolated,0,21026,139200.1,"703,3",prAN,prāṅ,139201,"703,3",prAk,prāk
mw,main,M-nasal/Hi-pos/Hf-slot/G-keep,isolated,0,21028,139213,"703,3",prAcA,prācā,139215,"703,3",prAcas,prācas
mw,main,M-nasal/Hi-pos/Hf-slot/G-keep,isolated,0,21077,140128,"708,1",prAyam,prāyam,140188,"708,2",prAyatya,prāyatya
mw,main,M-nasal/Hi-pos/Hf-slot/G-keep,isolated,0,21275,141407,"714,3",plakzA,plakṣā,141436,"715,1",plakzar,plakṣar
mw,main,M-nasal/Hi-pos/Hf-slot/G-keep,isolated,0,21327,141712,"716,2",ParParIkA,pharpharīkā,141714,"716,2",ParParIka,pharpharīka
mw,main,M-nasal/Hi-pos/Hf-slot/G-keep,isolated,0,21381,142240,"718,3",PenI,phenī,142240.1,"718,3",Pena,phena
mw,main,M-nasal/Hi-pos/Hf-slot/G-keep,isolated,0,21397,142358,"719,2",bakulI,bakulī,142359,"719,2",bakula,bakula
mw,main,M-nasal/Hi-pos/Hf-slot/G-keep,isolated,0,21420,142429,"719,3",badarI,badarī,142430,"719,3",badara,badara
mw,main,M-nasal/Hi-pos/Hf-slot/G-keep,isolated,0,21480,142939,"722,1",barbarI,barbarī,142940,"722,1",barbara,barbara
mw,main,M-nasal/Hi-pos/Hf-slot/G-keep,isolated,0,21525,143449,"724,2",balvI,balvī,143450,"724,2",balvaja,balvaja
mw,main,M-nasal/Hi-pos/Hf-slot/G-keep,isolated,0,21560,144242.70,"727,2",bARA,bāṇā,144242.75,"727,2",bARa,bāṇa
mw,main,M-nasal/Hi-pos/Hf-slot/G-keep,isolated,0,21587,144415,"728,2",bABravI,bābhravī,144416,"728,2",bABrava,bābhrava
mw,main,M-nasal/Hi-pos/Hf-slot/G-keep,isolated,0,21602,144488,"728,3",bAlA,bālā,144495,"728,3",bAla,bāla
mw,main,M-nasal/Hi-pos/Hf-slot/G-keep,isolated,0,21641,145063,"731,1",bAhyA,bāhyā,145064,"731,1",bAhya,bāhya
mw,main,M-nasal/Hi-pos/Hf-slot/G-keep,isolated,0,21644,145065.2,"731,1",bAhyena,bāhyena,145065.3,"731,1",bAhye,bāhye
mw,main,M-nasal/Hi-pos/Hf-slot/G-keep,isolated,0,21645,145065.3,"731,1",bAhye,bāhye,145066,"731,1",bAhyAt,bāhyāt
mw,main,M-nasal/Hi-pos/Hf-slot/G-keep,isolated,0,21669,145232,"731,3",bimbI,bimbī,145234,"731,3",bimba,bimba
mw,main,M-nasal/Hi-pos/Hf-slot/G-keep,isolated,0,21689,145525,"733,1",bIBatsA,bībhatsā,145526,"733,1",bIBatsa,bībhatsa
mw,main,M-nasal/Hi-pos/Hf-slot/G-keep,isolated,0,21707,145563,"733,1",budbudA,budbudā,145564,"733,1",budbuda,budbuda
mw,main,M-nasal/Hi-pos/Hf-slot/G-keep,isolated,0,21794,147488.2,"1331,1",brUs,brūs,147489,"742,1",bruva,bruva
mw,main,M-nasal/Hi-pos/Hf-slot/G-keep,isolated,0,21800,147502.2,"742,2",BA,bhā,147502.5,"742,2",Ba,bha
mw,main,M-nasal/Hi-pos/Hf-slot/G-keep,isolated,0,21832,148102.1,"1331,1",Bawila,bhaṭila,148105,"745,1",BawaBawAya,bhaṭabhaṭāya
mw,main,M-nasal/Hi-pos/Hf-slot/G-keep,isolated,0,21837,148112,"745,1",BawwA,bhaṭṭā,148113,"745,1",Bawwa,bhaṭṭa
mw,main,M-nasal/Hi-pos/Hf-slot/G-keep,isolated,0,21861,148674.1,"747,2",BareRa,bhareṇa,148674.2,"747,2",BarAt,bharāt
mw,main,M-nasal/Hi-pos/Hf-slot/G-keep,isolated,0,21862,148674.2,"747,2",BarAt,bharāt,148867,"748,1",Baraga,bharaga
mw,main,M-nasal/Hi-pos/Hf-slot/G-keep,isolated,0,21947,149788,"752,2",BARqI,bhāṇḍī,149789,"752,2",BARqa,bhāṇḍa
mw,main,M-nasal/Hi-pos/Hf-slot/G-keep,isolated,0,21967,149956,"753,2",BAratI,bhāratī,149957,"753,2",BArata,bhārata
mw,main,M-nasal/Hi-pos/Hf-slot/G-keep,isolated,0,21970,150010,"753,2",BAradvAjI,bhāradvājī,150014,"753,2",BAradvAja,bhāradvāja
mw,main,M-nasal/Hi-pos/Hf-slot/G-keep,isolated,0,21975,150033.1,"753,3",BAravI,bhāravī,150034,"753,3",BAravi,bhāravi
mw,main,M-nasal/Hi-pos/Hf-slot/G-keep,isolated,0,21987,150051,"753,3",BArgI,bhārgī,150059,"753,3",BArgaleSvaratIrTa,bhārgaleśvaratīrtha
mw,main,M-nasal/Hi-pos/Hf-slot/G-keep,isolated,0,21990,150073,"753,3",BArgavI,bhārgavī,150079,"753,3",BArgava,bhārgava
mw,main,M-nasal/Hi-pos/Hf-slot/G-keep,isolated,0,22010,150207.1,"754,2",BAvena,bhāvena,150474,"755,2",BAvaqa,bhāvaḍa
mw,main,M-nasal/Hi-pos/Hf-slot/G-keep,isolated,0,22029,150724.2,"756,3",BiRqItaka,bhiṇḍītaka,150725,"756,3",BiRqimAla,bhiṇḍimāla
mw,main,M-nasal/Hi-pos/Hf-slot/G-keep,isolated,0,22114,152640,"765,2",BfNgI,bhṛṅgī,152642,"765,2",BfNga,bhṛṅga
mw,main,M-nasal/Hi-pos/Hf-slot/G-keep,isolated,0,22158,153007,"767,1",BEravI,bhairavī,153008,"767,1",BErava,bhairava
mw,main,M-nasal/Hi-pos/Hf-slot/G-keep,isolated,0,22170,153125,"767,2",BogA,bhogā,153126,"767,2",Boga,bhoga
mw,main,M-nasal/Hi-pos/Hf-slot/G-keep,isolated,0,22188,153375,"768,3",BOtI,bhautī,153376,"768,3",BOta,bhauta
mw,main,M-nasal/Hi-pos/Hf-slot/G-keep,isolated,0,22192,153401,"768,3",BOmI,bhaumī,153402,"768,3",BOma,bhauma
mw,main,M-nasal/Hi-pos/Hf-slot/G-keep,isolated,0,22249,153882,"771,2",mA,mā,153890,"771,2",ma,ma
mw,main,M-nasal/Hi-pos/Hf-slot/G-keep,isolated,0,22259,153923,"771,2",makarI,makarī,153965,"771,3",makaranda,makaranda
mw,main,M-nasal/Hi-pos/Hf-slot/G-keep,isolated,0,22292,154098,"772,2",maGA,maghā,154100,"772,2",maGa,magha
mw,main,M-nasal/Hi-pos/Hf-slot/G-keep,isolated,0,22312,154164,"772,3",maNgalI,maṅgalī,154165,"772,3",maNgala,maṅgala
mw,main,M-nasal/Hi-pos/Hf-slot/G-keep,isolated,0,22374,154930,"775,3",maRqalI,maṇḍalī,154932,"775,3",maRqala,maṇḍala
mw,main,M-nasal/Hi-pos/Hf-slot/G-keep,isolated,0,22379,155016,"776,1",maRqUkI,maṇḍūkī,155020,"776,1",maRqUka,maṇḍūka
mw,main,M-nasal/Hi-pos/Hf-slot/G-keep,isolated,0,22428,156352,"781,3",maDyA,madhyā,156356,"781,3",maDya,madhya
mw,main,M-nasal/Hi-pos/Hf-slot/G-keep,isolated,0,22458,157628,"787,2",manTarA,mantharā,157629,"787,2",manTara,manthara
mw,main,M-nasal/Hi-pos/Hf-slot/G-keep,isolated,0,22502,157987,"789,1",mayA,mayā,158000,"789,1",maya,maya
mw,main,M-nasal/Hi-pos/Hf-slot/G-keep,isolated,0,22504,158003,"789,1",mayI,mayī,158004,"789,2",maya,maya
mw,main,M-nasal/Hi-pos/Hf-slot/G-keep,isolated,0,22517,158050,"789,2",mayUrI,mayūrī,158052,"789,2",mayUra,mayūra
mw,main,M-nasal/Hi-pos/Hf-slot/G-keep,isolated,0,22569,158577,"791,3",marmarI,marmarī,158578.1,"791,3",marmara,marmara
mw,main,M-nasal/Hi-pos/Hf-slot/G-keep,isolated,0,22582,158642,"792,1",malA,malā,158643,"792,1",mala,mala
mw,main,M-nasal/Hi-pos/Hf-slot/G-keep,isolated,0,22587,158769,"792,2",malanA,malanā,158770,"792,2",malana,malana
mw,main,M-nasal/Hi-pos/Hf-slot/G-keep,isolated,0,22607,158882,"793,1",mallA,mallā,158886,"793,1",malla,malla
mw,main,M-nasal/Hi-pos/Hf-slot/G-keep,isolated,0,22646,159106,"794,1",masurA,masurā,159131,"794,1",masurakzita,masurakṣita
mw,main,M-nasal/Hi-pos/Hf-slot/G-keep,isolated,0,22719,161977,"805,3",mAGI,māghī,161998,"805,3",mAGamA,māghamā
mw,main,M-nasal/Hi-pos/Hf-slot/G-keep,isolated,0,22773,162173,"806,3",mAtI,mātī,162174,"806,3",mAtaMga,mātaṃga
mw,main,M-nasal/Hi-pos/Hf-slot/G-keep,isolated,0,22815,162546,"808,2",mADavI,mādhavī,162547,"808,2",mADava,mādhava
mw,main,M-nasal/Hi-pos/Hf-slot/G-keep,isolated,0,22819,162674,"808,3",mADurI,mādhurī,162677,"808,3",mADura,mādhura
mw,main,M-nasal/Hi-pos/Hf-slot/G-keep,isolated,0,22829,162835,"809,3",mAnI,mānī,162837,"809,3",mAna,māna
mw,main,M-nasal/Hi-pos/Hf-slot/G-keep,isolated,0,22834,162885,"809,3",mAnavI,mānavī,162891,"809,3",mAnava,mānava
mw,main,M-nasal/Hi-pos/Hf-slot/G-keep,isolated,0,22838,162935,"810,1",mAnasI,mānasī,162938,"810,1",mAnasa,mānasa
mw,main,M-nasal/Hi-pos/Hf-slot/G-keep,isolated,0,22848,162985.4,"810,2",mAnuzI,mānuṣī,162985.6,"810,2",mAnuza,mānuṣa
mw,main,M-nasal/Hi-pos/Hf-slot/G-keep,isolated,0,22878,163078,"811,1",mAyA,māyā,163185,"811,2",mAyaRa,māyaṇa
mw,main,M-nasal/Hi-pos/Hf-slot/G-keep,isolated,0,22892,163222,"811,3",mArI,mārī,163270,"811,3",mArakata,mārakata
mw,main,M-nasal/Hi-pos/Hf-slot/G-keep,isolated,0,22904,163291,"812,1",mArIcI,mārīcī,163294.1,"812,1",mArIca,mārīca
mw,main,M-nasal/Hi-pos/Hf-slot/G-keep,isolated,0,22910,163305.70,"812,1",mArutI,mārutī,163305.75,"812,1",mAruta,māruta
mw,main,M-nasal/Hi-pos/Hf-slot/G-keep,isolated,0,22948,163602,"813,2",mAlA,mālā,163603,"813,2",mAla,māla
mw,main,M-nasal/Hi-pos/Hf-slot/G-keep,isolated,0,22956,163784,"814,1",mAlavI,mālavī,163789,"814,1",mAlava,mālava
mw,main,M-nasal/Hi-pos/Hf-slot/G-keep,isolated,0,23025,164154,"816,1",mitrA,mitrā,164157,"816,1",mitra,mitra
mw,main,M-nasal/Hi-pos/Hf-slot/G-keep,isolated,0,23092,164746.1,"819,2",mukum,mukum,164747,"819,2",mukuwa,mukuṭa
mw,main,M-nasal/Hi-pos/Hf-slot/G-keep,isolated,0,23095,164752,"819,2",mukuwI,mukuṭī,164753,"819,2",mukuwa,mukuṭa
mw,main,M-nasal/Hi-pos/Hf-slot/G-keep,isolated,0,23109,164857.1,"819,3",muKena,mukhena,165075,"820,2",muKaRqI,mukhaṇḍī
mw,main,M-nasal/Hi-pos/Hf-slot/G-keep,isolated,0,23334,168143,"834,1",mEtrI,maitrī,168144,"834,1",mEtra,maitra
mw,main,M-nasal/Hi-pos/Hf-slot/G-keep,isolated,0,23355,168308,"834,3",mokI,mokī,168317,"834,3",mokalin,mokalin
mw,main,M-nasal/Hi-pos/Hf-slot/G-keep,isolated,0,23360,168410.4,"835,2",moGA,moghā,168410.6,"835,2",moGam,mogham
mw,main,M-nasal/Hi-pos/Hf-slot/G-keep,isolated,0,23364,168428,"835,2",mocI,mocī,168429,"835,2",moca,moca
mw,main,M-nasal/Hi-pos/Hf-slot/G-keep,isolated,0,23369,168471,"835,2",mowakI,moṭakī,168472,"835,2",mowaka,moṭaka
mw,main,M-nasal/Hi-pos/Hf-slot/G-keep,isolated,0,23384,168543,"835,3",morI,morī,168545,"835,3",moraka,moraka
mw,main,M-nasal/Hi-pos/Hf-slot/G-keep,isolated,0,23387,168549,"835,3",morawA,moraṭā,168550,"835,3",morawa,moraṭa
mw,main,M-nasal/Hi-pos/Hf-slot/G-keep,isolated,0,23424,168756,"836,3",mOnI,maunī,168757,"837,1",mOna,mauna
mw,main,M-nasal/Hi-pos/Hf-slot/G-keep,isolated,0,23464,168992,"838,2",yA,yā,168997,"838,2",yakan,yakan
mw,main,M-nasal/Hi-pos/Hf-slot/G-keep,isolated,0,23511,170784,"848,1",yavanI,yavanī,170786,"848,1",yavana,yavana
mw,main,M-nasal/Hi-pos/Hf-slot/G-keep,isolated,0,23563,171405,"851,2",yAdavI,yādavī,171407,"851,2",yAdava,yādava
mw,main,M-nasal/Hi-pos/Hf-slot/G-keep,isolated,0,23594,171527,"852,1",yAvI,yāvī,171537,"852,1",yAva,yāva
mw,main,M-nasal/Hi-pos/Hf-slot/G-keep,isolated,0,23597,171558,"852,1",yAvati,yāvati,171559,"852,1",yAvat,yāvat
mw,main,M-nasal/Hi-pos/Hf-slot/G-keep,isolated,0,23626,171693.1,"1331,3",yUropaKaRqa,yūropakhaṇḍa,171694,"853,1",yu,yu
mw,main,M-nasal/Hi-pos/Hf-slot/G-keep,isolated,0,23663,172232.1,"856,1",yUkA,yūkā,172235,"856,1",yUkara,yūkara
mw,main,M-nasal/Hi-pos/Hf-slot/G-keep,isolated,0,23728,173024,"859,3",rI,rī,173025,"859,3",ra,ra
mw,main,M-nasal/Hi-pos/Hf-slot/G-keep,isolated,0,23774,174501,"865,2",raTI,rathī,174786,"866,2",raTa,ratha
mw,main,M-nasal/Hi-pos/Hf-slot/G-keep,isolated,0,23803,175256.1,"868,3",rayeRa,rayeṇa,175256.2,"868,3",rayAt,rayāt
mw,main,M-nasal/Hi-pos/Hf-slot/G-keep,isolated,0,23804,175256.2,"868,3",rayAt,rayāt,175264,"868,3",rayaka,rayaka
mw,main,M-nasal/Hi-pos/Hf-slot/G-keep,isolated,0,23818,175312,"868,3",ravA,ravā,175335,"868,3",ravaka,ravaka
mw,main,M-nasal/Hi-pos/Hf-slot/G-keep,isolated,0,23838,176012.1,"1332,1",rAka,rāka,176049,"871,3",rA,rā
mw,main,M-nasal/Hi-pos/Hf-slot/G-keep,isolated,0,23864,176951,"875,2",rAjasI,rājasī,176953,"875,2",rAjasAi,rājasāi
mw,main,M-nasal/Hi-pos/Hf-slot/G-keep,isolated,0,23876,177025,"875,3",rARA,rāṇā,177039,"875,3",rARaqya,rāṇaḍya
mw,main,M-nasal/Hi-pos/Hf-slot/G-keep,isolated,0,23899,177288,"877,1",rAmI,rāmī,177289,"877,1",rAma,rāma
mw,main,M-nasal/Hi-pos/Hf-slot/G-keep,isolated,0,24112,180006,"890,1",rolA,rolā,180008,"890,1",rolamba,rolamba
mw,main,M-nasal/Hi-pos/Hf-slot/G-keep,isolated,0,24121,180183,"890,3",rOkzacitta,raukṣacitta,180186,"890,3",rOkzaka,raukṣaka
mw,main,M-nasal/Hi-pos/Hf-slot/G-keep,isolated,0,24128,180197.52,"891,1",rOdrI,raudrī,180197.84,"891,1",rOdra,raudra
mw,main,M-nasal/Hi-pos/Hf-slot/G-keep,isolated,0,24135,180223,"891,1",rOpyA,raupyā,180224,"891,1",rOpya,raupya
mw,main,M-nasal/Hi-pos/Hf-slot/G-keep,isolated,0,24149,180314,"891,3",lA,lā,180315,"891,3",la,la
mw,main,M-nasal/Hi-pos/Hf-slot/G-keep,isolated,0,24172,180796,"893,3",laGvI,laghvī,180799,"893,3",laGu,laghu
mw,main,M-nasal/Hi-pos/Hf-slot/G-keep,isolated,0,24248,181797,"898,2",lalAmI,lalāmī,181799,"898,2",lalAma,lalāma
mw,main,M-nasal/Hi-pos/Hf-slot/G-keep,isolated,0,24253,181826,"898,2",lallA,lallā,181829,"898,2",lallara,lallara
mw,main,M-nasal/Hi-pos/Hf-slot/G-keep,isolated,0,24258,181847.1,"898,2",lavam,lavam,181882,"898,3",lavawa,lavaṭa
mw,main,M-nasal/Hi-pos/Hf-slot/G-keep,isolated,0,24262,181896,"898,3",lavaRI,lavaṇī,181897,"898,3",lavaRa,lavaṇa
mw,main,M-nasal/Hi-pos/Hf-slot/G-keep,isolated,0,24304,182123,"900,1",lANgalI,lāṅgalī,182125,"900,1",lANgala,lāṅgala
mw,main,M-nasal/Hi-pos/Hf-slot/G-keep,isolated,0,24318,182227.1,"900,2",lAqyA,lāḍyā,182228,"900,2",lAqika,lāḍika
mw,main,M-nasal/Hi-pos/Hf-slot/G-keep,isolated,0,24463,183217,"906,1",lENgI,laiṅgī,183218,"906,1",lENga,laiṅga
mw,main,M-nasal/Hi-pos/Hf-slot/G-keep,isolated,0,24503,183792,"908,3",lohI,lohī,183793,"908,3",loha,loha
mw,main,M-nasal/Hi-pos/Hf-slot/G-keep,isolated,0,24520,184113,"909,3",lOhA,lauhā,184114,"909,3",lOha,lauha
mw,main,M-nasal/Hi-pos/Hf-slot/G-keep,isolated,0,24529,184157.60,"910,1",vA,vā,184157.80,"910,1",va,va
mw,main,M-nasal/Hi-pos/Hf-slot/G-keep,isolated,0,24632,185410,"915,3",vatsA,vatsā,185410.1,"915,3",vatsa,vatsa
mw,main,M-nasal/Hi-pos/Hf-slot/G-keep,isolated,0,24652,185702,"917,1",vaDrI,vadhrī,185704,"917,1",vaDra,vadhra
mw,main,M-nasal/Hi-pos/Hf-slot/G-keep,isolated,0,24690,186462,"920,2",vayI,vayī,186470,"920,2",vayam,vayam
mw,main,M-nasal/Hi-pos/Hf-slot/G-keep,isolated,0,24696,186779.16,"922,1",varam,varam,186779.22,"922,1",vara,vara
mw,main,M-nasal/Hi-pos/Hf-slot/G-keep,isolated,0,24699,186779.46,"922,1",varI,varī,186779.50,"922,1",vara,vara
mw,main,M-nasal/Hi-pos/Hf-slot/G-keep,isolated,0,24803,188380,"929,1",valh,valh,188380.1,"929,1",balh,balh
mw,main,M-nasal/Hi-pos/Hf-slot/G-keep,isolated,0,24895,190291.1,"938,1",vAjeBis,vājebhis,190458,"938,3",vAji,vāji
mw,main,M-nasal/Hi-pos/Hf-slot/G-keep,isolated,0,24902,190496,"939,1",vAwI,vāṭī,190499,"939,1",vAwa,vāṭa
mw,main,M-nasal/Hi-pos/Hf-slot/G-keep,isolated,0,24918,190555,"939,2",vARI,vāṇī,190556,"939,2",vARa,vāṇa
mw,main,M-nasal/Hi-pos/Hf-slot/G-keep,isolated,0,24939,190622,"939,3",vAtsI,vātsī,190623,"939,3",vAtsa,vātsa
mw,main,M-nasal/Hi-pos/Hf-slot/G-keep,isolated,0,24974,190983,"941,2",vAmA,vāmā,190990,"941,2",vAmayA,vāmayā
mw,main,M-nasal/Hi-pos/Hf-slot/G-keep,isolated,0,24976,190991,"941,2",vAmI,vāmī,190996,"941,2",vAma,vāma
mw,main,M-nasal/Hi-pos/Hf-slot/G-keep,isolated,0,24978,191046.1,"941,2",vAmam,vāmam,191095,"941,3",vAman,vāman
mw,main,M-nasal/Hi-pos/Hf-slot/G-keep,isolated,0,24982,191121,"941,3",vAmanI,vāmanī,191126,"942,1",vAmana,vāmana
mw,main,M-nasal/Hi-pos/Hf-slot/G-keep,isolated,0,24995,191200,"942,2",vAyasI,vāyasī,191202,"942,2",vAyasa,vāyasa
mw,main,M-nasal/Hi-pos/Hf-slot/G-keep,isolated,0,25010,191435.1,"1332,2",vArI,vārī,191586,"943,3",vAra,vāra
mw,main,M-nasal/Hi-pos/Hf-slot/G-keep,isolated,0,25012,191590.55,"943,3",vArA,vārā,191590.60,"943,3",vAra,vāra
mw,main,M-nasal/Hi-pos/Hf-slot/G-keep,isolated,0,25033,191741,"944,2",vArAhI,vārāhī,191742,"944,2",vArAha,vārāha
mw,main,M-nasal/Hi-pos/Hf-slot/G-keep,isolated,0,25038,191789,"944,3",vAruRI,vāruṇī,191790,"944,3",vAruRa,vāruṇa
mw,main,M-nasal/Hi-pos/Hf-slot/G-keep,isolated,0,25050,191849,"945,1",vArkzI,vārkṣī,191850,"945,1",vArkza,vārkṣa
mw,main,M-nasal/Hi-pos/Hf-slot/G-keep,isolated,0,25058,191868,"945,1",vArtikA,vārtikā,191951,"945,2",vArtantavIya,vārtantavīya
mw,main,M-nasal/Hi-pos/Hf-slot/G-keep,isolated,0,25078,192013,"945,3",vArzI,vārṣī,192036,"946,1",vArza,vārṣa
mw,main,M-nasal/Hi-pos/Hf-slot/G-keep,isolated,0,25089,192089,"946,1",vAlI,vālī,192148,"946,2",vAla,vāla
mw,main,M-nasal/Hi-pos/Hf-slot/G-keep,isolated,0,25151,192458,"948,1",vAsavI,vāsavī,192461,"948,1",vAsava,vāsava
mw,main,M-nasal/Hi-pos/Hf-slot/G-keep,isolated,0,25165,192499,"948,2",vAsizWI,vāsiṣṭhī,192502,"948,2",vAsizWa,vāsiṣṭha
mw,main,M-nasal/Hi-pos/Hf-slot/G-keep,isolated,0,25171,192565,"948,3",vAsukI,vāsukī,192566,"948,3",vAsuki,vāsuki
mw,main,M-nasal/Hi-pos/Hf-slot/G-keep,isolated,0,25205,193808,"953,3",vikawA,vikaṭā,193812,"953,3",vikawa,vikaṭa
mw,main,M-nasal/Hi-pos/Hf-slot/G-keep,isolated,0,25340,194823,"959,1",vicitram,vicitram,194825,"959,1",vicitra,vicitra
mw,main,M-nasal/Hi-pos/Hf-slot/G-keep,isolated,0,25342,194829,"959,1",vicitrA,vicitrā,194833,"959,1",vicitra,vicitra
mw,main,M-nasal/Hi-pos/Hf-slot/G-keep,isolated,0,25389,195216,"961,1",vijjA,vijjā,195222,"961,1",vijjala,vijjala
mw,main,M-nasal/Hi-pos/Hf-slot/G-keep,isolated,0,25391,195224,"961,1",vijjalA,vijjalā,195225,"961,1",vijjala,vijjala
mw,main,M-nasal/Hi-pos/Hf-slot/G-keep,isolated,0,25469,195619.1,"963,2",veT,veth,195620,"963,2",viTak,vithak
mw,main,M-nasal/Hi-pos/Hf-slot/G-keep,isolated,0,25502,196152.1,"966,1",vidUram,vidūram,196169,"966,1",vidUraTa,vidūratha
mw,main,M-nasal/Hi-pos/Hf-slot/G-keep,isolated,0,25509,196245,"966,2",videhA,videhā,196246,"966,2",videha,videha
mw,main,M-nasal/Hi-pos/Hf-slot/G-keep,isolated,0,25726,197784,"974,3",vipulA,vipulā,197787,"974,3",vipula,vipula
mw,main,M-nasal/Hi-pos/Hf-slot/G-keep,isolated,0,25858,198662,"979,3",vimalA,vimalā,198668,"979,3",vimala,vimala
mw,main,M-nasal/Hi-pos/Hf-slot/G-keep,isolated,0,25906,199067.40,"982,1",virajA,virajā,199067.60,"982,1",viraja,viraja
mw,main,M-nasal/Hi-pos/Hf-slot/G-keep,isolated,0,25949,199511,"984,2",virUpA,virūpā,199515,"984,2",virUpa,virūpa
mw,main,M-nasal/Hi-pos/Hf-slot/G-keep,isolated,0,25967,199708,"985,2",vilAtA,vilātā,199710,"985,2",vilAtavya,vilātavya
mw,main,M-nasal/Hi-pos/Hf-slot/G-keep,isolated,0,25995,199888,"986,2",vilomI,vilomī,199889,"986,2",viloma,viloma
mw,main,M-nasal/Hi-pos/Hf-slot/G-keep,isolated,0,26089,200524,"990,1",viSAlI,viśālī,200525,"990,1",viSAla,viśāla
mw,main,M-nasal/Hi-pos/Hf-slot/G-keep,isolated,0,26138,200998,"992,3",viSvA,viśvā,201007,"992,3",viSva,viśva
mw,main,M-nasal/Hi-pos/Hf-slot/G-keep,isolated,0,26149,201933,"996,3",vizamI,viṣamī,201934,"996,3",vizama,viṣama
mw,main,M-nasal/Hi-pos/Hf-slot/G-keep,isolated,0,26260,203035,"1002,2",visrA,visrā,203036,"1002,2",visra,visra
mw,main,M-nasal/Hi-pos/Hf-slot/G-keep,isolated,0,26338,203955,"1007,1",vILu,vīḻu,203956,"1007,1",vIlaka,vīlaka
mw,main,M-nasal/Hi-pos/Hf-slot/G-keep,isolated,0,26381,204767,"1011,2",vfntA,vṛntā,204769,"1011,2",vfnta,vṛnta
mw,main,M-nasal/Hi-pos/Hf-slot/G-keep,isolated,0,26384,204788,"1011,2",vfndA,vṛndā,204791,"1011,2",vfnda,vṛnda
mw,main,M-nasal/Hi-pos/Hf-slot/G-keep,isolated,0,26389,204832,"1011,3",vfSI,vṛśī,204833,"1011,3",vfSa,vṛśa
mw,main,M-nasal/Hi-pos/Hf-slot/G-keep,isolated,0,26430,205540,"1014,3",vetA,vetā,205541,"1014,3",vetaRqa,vetaṇḍa
mw,main,M-nasal/Hi-pos/Hf-slot/G-keep,isolated,0,26435,205554,"1014,3",vetasI,vetasī,205555,"1014,3",vetasa,vetasa
mw,main,M-nasal/Hi-pos/Hf-slot/G-keep,isolated,0,26443,206148,"1018,1",vedA,vedā,206149,"1018,1",vedaRqa,vedaṇḍa
mw,main,M-nasal/Hi-pos/Hf-slot/G-keep,isolated,0,26487,206535,"1019,3",vesarI,vesarī,206536,"1019,3",vesara,vesara
mw,main,M-nasal/Hi-pos/Hf-slot/G-keep,isolated,0,26490,206538,"1019,3",veh,veh,206538.1,"1019,3",beh,beh
mw,main,M-nasal/Hi-pos/Hf-slot/G-keep,isolated,0,26533,206690,"1020,3",vEKAnasI,vaikhānasī,206692,"1020,3",vEKAnasa,vaikhānasa
mw,main,M-nasal/Hi-pos/Hf-slot/G-keep,isolated,0,26559,206757,"1021,1",vEjayantI,vaijayantī,206768,"1021,1",vEjayanta,vaijayanta
mw,main,M-nasal/Hi-pos/Hf-slot/G-keep,isolated,0,26611,206938,"1022,1",vEdI,vaidī,206939,"1022,1",vEdagDa,vaidagdha
mw,main,M-nasal/Hi-pos/Hf-slot/G-keep,isolated,0,26643,207069,"1022,3",vEdyI,vaidyī,207171,"1022,3",vEdyasika,vaidyasika
mw,main,M-nasal/Hi-pos/Hf-slot/G-keep,isolated,0,26661,207214,"1023,1",vEDftA,vaidhṛtā,207215,"1023,1",vEDfta,vaidhṛta
mw,main,M-nasal/Hi-pos/Hf-slot/G-keep,isolated,0,26815,207726,"1026,1",vEvasvatI,vaivasvatī,207730,"1026,1",vEvasvata,vaivasvata
mw,main,M-nasal/Hi-pos/Hf-slot/G-keep,isolated,0,26822,207751,"1026,1",vESantA,vaiśantā,207752,"1026,1",vESanta,vaiśanta
mw,main,M-nasal/Hi-pos/Hf-slot/G-keep,isolated,0,26833,207779,"1026,2",vESAKI,vaiśākhī,207782,"1026,2",vESAKa,vaiśākha
mw,main,M-nasal/Hi-pos/Hf-slot/G-keep,isolated,0,26849,207840,"1026,3",vESyA,vaiśyā,207841,"1026,3",vESya,vaiśya
mw,main,M-nasal/Hi-pos/Hf-slot/G-keep,isolated,0,26857,207881,"1026,3",vESvI,vaiśvī,207882,"1026,3",vESva,vaiśva
mw,main,M-nasal/Hi-pos/Hf-slot/G-keep,isolated,0,26874,208019,"1027,3",vEzRavI,vaiṣṇavī,208026,"1027,3",vEzRava,vaiṣṇava
mw,main,M-nasal/Hi-pos/Hf-slot/G-keep,isolated,0,26894,208115,"1028,1",vEhAyasam,vaihāyasam,208116,"1028,1",vEhAyasa,vaihāyasa
mw,main,M-nasal/Hi-pos/Hf-slot/G-keep,isolated,0,26896,208119,"1028,1",vEhAyasI,vaihāyasī,208120,"1028,1",vEhAyasa,vaihāyasa
mw,main,M-nasal/Hi-pos/Hf-slot/G-keep,isolated,0,27169,209701,"1037,1",vyAdIrRa,vyādīrṇa,209702,"1037,1",vyAdIp,vyādīp
mw,main,M-nasal/Hi-pos/Hf-slot/G-keep,isolated,0,27211,209944,"1038,3",vyAlI,vyālī,209945,"1038,3",vyAla,vyāla
mw,main,M-nasal/Hi-pos/Hf-slot/G-keep,isolated,0,27352,211185,"1045,3",SakA,śakā,211201,"1045,3",Saka,śaka
mw,main,M-nasal/Hi-pos/Hf-slot/G-keep,isolated,0,27366,211322,"1046,2",SakunI,śakunī,211323,"1046,2",Sakuna,śakuna
mw,main,M-nasal/Hi-pos/Hf-slot/G-keep,isolated,0,27390,211556,"1047,3",SaNKA,śaṅkhā,211556.1,"1047,3",SaNKa,śaṅkha
mw,main,M-nasal/Hi-pos/Hf-slot/G-keep,isolated,0,27429,212609,"1052,2",SabarI,śabarī,212610,"1052,2",Sabara,śabara
mw,main,M-nasal/Hi-pos/Hf-slot/G-keep,isolated,0,27459,213462,"1056,2",SarI,śarī,213463,"1056,2",Sara,śara
mw,main,M-nasal/Hi-pos/Hf-slot/G-keep,isolated,0,27497,214044,"1058,3",SarvarI,śarvarī,214045,"1058,3",Sarvara,śarvara
mw,main,M-nasal/Hi-pos/Hf-slot/G-keep,isolated,0,27547,214671,"1061,2",SAkA,śākā,214672,"1061,2",SAka,śāka
mw,main,M-nasal/Hi-pos/Hf-slot/G-keep,isolated,0,27569,214931,"1062,3",SAkrI,śākrī,214932,"1062,3",SAkra,śākra
mw,main,M-nasal/Hi-pos/Hf-slot/G-keep,isolated,0,27575,215022,"1063,1",SAMkarI,śāṃkarī,215023,"1063,1",SAMkara,śāṃkara
mw,main,M-nasal/Hi-pos/Hf-slot/G-keep,isolated,0,27617,215285,"1064,2",SAntA,śāntā,215293,"1064,2",SAnta,śānta
mw,main,M-nasal/Hi-pos/Hf-slot/G-keep,isolated,0,27620,215462,"1065,1",SAMtanavI,śāṃtanavī,215463,"1065,1",SAMtanava,śāṃtanava
mw,main,M-nasal/Hi-pos/Hf-slot/G-keep,isolated,0,27631,215513,"1065,2",SAbarI,śābarī,215515,"1065,2",SAbara,śābara
mw,main,M-nasal/Hi-pos/Hf-slot/G-keep,isolated,0,27647,215603,"1065,3",SAmbarI,śāmbarī,215605,"1065,3",SAmbara,śāmbara
mw,main,M-nasal/Hi-pos/Hf-slot/G-keep,isolated,0,27653,215630,"1065,3",SAmBavI,śāmbhavī,215631,"1065,3",SAmBava,śāmbhava
mw,main,M-nasal/Hi-pos/Hf-slot/G-keep,isolated,0,27664,215663,"1066,1",SArI,śārī,215666,"1066,1",SAra,śāra
mw,main,M-nasal/Hi-pos/Hf-slot/G-keep,isolated,0,27669,215725,"1066,2",SAradI,śāradī,215728,"1066,2",SArada,śārada
mw,main,M-nasal/Hi-pos/Hf-slot/G-keep,isolated,0,27682,215854,"1066,3",SArNgI,śārṅgī,215855,"1066,3",SArNga,śārṅga
mw,main,M-nasal/Hi-pos/Hf-slot/G-keep,isolated,0,27696,215937,"1067,1",SAlA,śālā,215938,"1067,1",SAla,śāla
mw,main,M-nasal/Hi-pos/Hf-slot/G-keep,isolated,0,27698,215938.1,"1067,1",SAlam,śālam,216064,"1067,3",SAla,śāla
mw,main,M-nasal/Hi-pos/Hf-slot/G-keep,isolated,0,27727,216230,"1068,2",SAlvA,śālvā,216231,"1068,2",SAlva,śālva
mw,main,M-nasal/Hi-pos/Hf-slot/G-keep,isolated,0,27737,216274,"1068,3",SASvatI,śāśvatī,216275,"1068,3",SASvata,śāśvata
mw,main,M-nasal/Hi-pos/Hf-slot/G-keep,isolated,0,27761,216586,"1070,2",SiKI,śikhī,216588,"1070,2",SiKaka,śikhaka
mw,main,M-nasal/Hi-pos/Hf-slot/G-keep,isolated,0,27822,217253.1,"1073,1",sil,sil,217271,"1073,1",SilamAnaKAna,śilamānakhāna
mw,main,M-nasal/Hi-pos/Hf-slot/G-keep,isolated,0,27829,217421,"1073,3",SilInDrI,śilīndhrī,217424,"1073,3",SilInDra,śilīndhra
mw,main,M-nasal/Hi-pos/Hf-slot/G-keep,isolated,0,27837,217445,"1073,3",SilpI,śilpī,217446,"1073,3",Silpa,śilpa
mw,main,M-nasal/Hi-pos/Hf-slot/G-keep,isolated,0,27841,217530,"1074,2",SivA,śivā,217531,"1074,2",Siva,śiva
mw,main,M-nasal/Hi-pos/Hf-slot/G-keep,isolated,0,27854,217983,"1076,1",SiSirA,śiśirā,217985,"1076,1",SiSira,śiśira
mw,main,M-nasal/Hi-pos/Hf-slot/G-keep,isolated,0,27872,218200,"1077,2",SIGrA,śīghrā,218202,"1077,2",SIGra,śīghra
mw,main,M-nasal/Hi-pos/Hf-slot/G-keep,isolated,0,27878,218283,"1077,3",SItA,śītā,218287,"1077,3",SIta,śīta
mw,main,M-nasal/Hi-pos/Hf-slot/G-keep,isolated,0,27907,218759,"1072,3",SukI,śukī,218761,"1079,3",Suka,śuka
mw,main,M-nasal/Hi-pos/Hf-slot/G-keep,isolated,0,27910,218879,"1080,1",SuktA,śuktā,218880,"1080,1",Sukta,śukta
mw,main,M-nasal/Hi-pos/Hf-slot/G-keep,isolated,0,27916,219170,"1081,1",SuNgI,śuṅgī,219173,"1081,1",SuNga,śuṅga
mw,main,M-nasal/Hi-pos/Hf-slot/G-keep,isolated,0,27933,219559,"1082,3",SunA,śunā,219560,"1082,3",Suna,śuna
mw,main,M-nasal/Hi-pos/Hf-slot/G-keep,isolated,0,27935,219561,"1082,3",Sunam,śunam,219574,"1082,3",Suna,śuna
mw,main,M-nasal/Hi-pos/Hf-slot/G-keep,isolated,0,27961,220143,"1085,2",SUkA,śūkā,220169,"1085,3",SUkara,śūkara
mw,main,M-nasal/Hi-pos/Hf-slot/G-keep,isolated,0,27992,220540.1,"1087,2",SfNgI,śṛṅgī,220540.55,"1087,2",SfNga,śṛṅga
mw,main,M-nasal/Hi-pos/Hf-slot/G-keep,isolated,0,28001,220795,"1088,2",SeKarI,śekharī,220796,"1088,2",SeKara,śekhara
mw,main,M-nasal/Hi-pos/Hf-slot/G-keep,isolated,0,28017,220848,"1088,3",SevA,śevā,220849,"1088,3",Seva,śeva
mw,main,M-nasal/Hi-pos/Hf-slot/G-keep,isolated,0,28025,220896,"1089,1",SezI,śeṣī,220897,"1089,1",Seza,śeṣa
mw,main,M-nasal/Hi-pos/Hf-slot/G-keep,isolated,0,28047,221021,"1089,3",SEbI,śaibī,221028,"1089,3",SEbala,śaibala
mw,main,M-nasal/Hi-pos/Hf-slot/G-keep,isolated,0,28059,221053,"1089,3",SElI,śailī,221054,"1089,3",SEla,śaila
mw,main,M-nasal/Hi-pos/Hf-slot/G-keep,isolated,0,28071,221233,"1090,2",SEvI,śaivī,221234,"1090,2",SEva,śaiva
mw,main,M-nasal/Hi-pos/Hf-slot/G-keep,isolated,0,28177,222053,"1094,2",SyAmA,śyāmā,222065,"1094,3",SyAma,śyāma
mw,main,M-nasal/Hi-pos/Hf-slot/G-keep,isolated,0,28199,222632,"1097,2",SravaRA,śravaṇā,222633,"1097,2",SravaRa,śravaṇa
mw,main,M-nasal/Hi-pos/Hf-slot/G-keep,isolated,0,28201,222679,"1097,2",SravaRA,śravaṇā,222680,"1097,2",SravaRa,śravaṇa
mw,main,M-nasal/Hi-pos/Hf-slot/G-keep,isolated,0,28203,222681,"1097,2",SravaRI,śravaṇī,222682,"1097,2",SravaRa,śravaṇa
mw,main,M-nasal/Hi-pos/Hf-slot/G-keep,isolated,0,28247,223730,"1102,2",SreyasI,śreyasī,223732,"1102,2",Sreyas,śreyas
mw,main,M-nasal/Hi-pos/Hf-slot/G-keep,isolated,0,28260,223968,"1103,3",SlakzRam,ślakṣṇam,223969,"1103,3",SlakzRa,ślakṣṇa
mw,main,M-nasal/Hi-pos/Hf-slot/G-keep,isolated,0,28286,224195,"1105,1",Svan,śvan,224195.1,"1105,1",SunI,śunī
mw,main,M-nasal/Hi-pos/Hf-slot/G-keep,isolated,0,28288,224195.55,"1105,1",Svan,śvan,224342.1,"1332,3",SvaDiti,śvadhiti
mw,main,M-nasal/Hi-pos/Hf-slot/G-keep,isolated,0,28298,224363,"1105,3",SvaSurI,śvaśurī,224364.1,"1105,3",SvaSura,śvaśura
mw,main,M-nasal/Hi-pos/Hf-slot/G-keep,isolated,0,28304,224468,"1106,2",SvAtram,śvātram,224469,"1106,2",SvAtra,śvātra
mw,main,M-nasal/Hi-pos/Hf-slot/G-keep,isolated,0,28327,224926,"1108,1",zaRQI,ṣaṇḍhī,224927,"1108,1",zaRQa,ṣaṇḍha
mw,main,M-nasal/Hi-pos/Hf-slot/G-keep,isolated,0,28332,224940,"1108,1",zaz,ṣaṣ,224942,"1108,1",zaw,ṣaṭ
mw,main,M-nasal/Hi-pos/Hf-slot/G-keep,isolated,0,28379,225591.4,"1111,2",sA,sā,225591.5,"1111,2",sa,sa
mw,main,M-nasal/Hi-pos/Hf-slot/G-keep,isolated,0,28650,227456,"1123,1",saMhitA,saṃhitā,227457,"1123,1",saMhita,saṃhita
mw,main,M-nasal/Hi-pos/Hf-slot/G-keep,isolated,0,28691,227934,"1125,2",saMkawA,saṃkaṭā,227935,"1125,2",saMkawa,saṃkaṭa
mw,main,M-nasal/Hi-pos/Hf-slot/G-keep,isolated,0,28878,229499,"1134,2",satI,satī,229500,"1134,2",sat,sat
mw,main,M-nasal/Hi-pos/Hf-slot/G-keep,isolated,0,28928,231056.1,"1141,1",sanam,sanam,231105,"1141,2",sana,sana
mw,main,M-nasal/Hi-pos/Hf-slot/G-keep,isolated,0,29036,231962,"1146,2",saMnikuYc,saṃnikuñc,231963,"1146,2",saMnikIrRa,saṃnikīrṇa
mw,main,M-nasal/Hi-pos/Hf-slot/G-keep,isolated,0,29119,233009,"1152,1",samA,samā,233010,"1152,1",sama,sama
mw,main,M-nasal/Hi-pos/Hf-slot/G-keep,isolated,0,29121,233019,"1152,1",samam,samam,233022.1,"1152,1",sama,sama
mw,main,M-nasal/Hi-pos/Hf-slot/G-keep,isolated,0,29129,233335.2,"1153,3",samakze,samakṣe,233335.3,"1153,3",samakzatas,samakṣatas
mw,main,M-nasal/Hi-pos/Hf-slot/G-keep,isolated,0,29134,233358,"1153,3",samaNgA,samaṅgā,233362,"1153,3",samaNgala,samaṅgala
mw,main,M-nasal/Hi-pos/Hf-slot/G-keep,isolated,0,29221,233552,"1155,1",samantA,samantā,233554,"1155,1",samanta,samanta
mw,main,M-nasal/Hi-pos/Hf-slot/G-keep,isolated,0,29224,233555.3,"1155,1",samantAt,samantāt,233555.4,"1155,1",samantatas,samantatas
mw,main,M-nasal/Hi-pos/Hf-slot/G-keep,isolated,0,29335,233792,"1157,1",samaryAdam,samaryādam,233793,"1157,1",samaryAda,samaryāda
mw,main,M-nasal/Hi-pos/Hf-slot/G-keep,isolated,0,29442,234235,"1160,1",samAnam,samānam,234236,"1160,1",samAna,samāna
mw,main,M-nasal/Hi-pos/Hf-slot/G-keep,isolated,0,29444,234237,"1160,1",samAnI,samānī,234238,"1160,1",samAna,samāna
mw,main,M-nasal/Hi-pos/Hf-slot/G-keep,isolated,0,29826,235936,"1171,2",sampA,sampā,235936.1,"1171,3",sampac,sampac
mw,main,M-nasal/Hi-pos/Hf-slot/G-keep,isolated,0,30175,237298,"1181,2",samyaYc,samyañc,237304,"1181,2",samIcI,samīcī
mw,main,M-nasal/Hi-pos/Hf-slot/G-keep,isolated,0,30183,237451,"1182,1",sarI,sarī,237452,"1182,1",sara,sara
mw,main,M-nasal/Hi-pos/Hf-slot/G-keep,isolated,0,30201,237806,"1183,3",sarasA,sarasā,237818,"1183,3",sarasamprata,sarasamprata
mw,main,M-nasal/Hi-pos/Hf-slot/G-keep,isolated,0,30227,237923,"1184,1",sarpI,sarpī,237925,"1184,1",sarpa,sarpa
mw,main,M-nasal/Hi-pos/Hf-slot/G-keep,isolated,0,30233,238110,"1184,3",sarvam,sarvam,238111,"1184,3",sarva,sarva
mw,main,M-nasal/Hi-pos/Hf-slot/G-keep,isolated,0,30291,240102.4,"1193,3",sahA,sahā,240443,"1195,1",sahaMsapAta,sahaṃsapāta
mw,main,M-nasal/Hi-pos/Hf-slot/G-keep,isolated,0,30363,240991,"1197,3",sAkUtam,sākūtam,240992,"1197,3",sAkUta,sākūta
mw,main,M-nasal/Hi-pos/Hf-slot/G-keep,isolated,0,30410,241292,"1199,2",sANguzWA,sāṅguṣṭhā,241292.1,"1199,2",sANguzWam,sāṅguṣṭham
mw,main,M-nasal/Hi-pos/Hf-slot/G-keep,isolated,0,30520,241889,"1202,3",sAnandA,sānandā,241890,"1202,3",sAnandam,sānandam
mw,main,M-nasal/Hi-pos/Hf-slot/G-keep,isolated,0,30691,242526,"1206,3",sAmudrI,sāmudrī,242527,"1206,3",sAmudra,sāmudra
mw,main,M-nasal/Hi-pos/Hf-slot/G-keep,isolated,0,30737,242683,"1207,2",sAyam,sāyam,242683.1,"1207,2",sAya,sāya
mw,main,M-nasal/Hi-pos/Hf-slot/G-keep,isolated,0,30751,242828,"1208,1",sArI,sārī,242829,"1208,1",sAra,sāra
mw,main,M-nasal/Hi-pos/Hf-slot/G-keep,isolated,0,30773,243060,"1209,1",sArasvatI,sārasvatī,243062,"1209,1",sArasvata,sārasvata
mw,main,M-nasal/Hi-pos/Hf-slot/G-keep,isolated,0,30826,243310,"1210,2",sAlA,sālā,243316,"1210,2",sAla,sāla
mw,main,M-nasal/Hi-pos/Hf-slot/G-keep,isolated,0,30859,243370,"1210,3",sAvikA,sāvikā,243371,"1210,3",sAvaka,sāvaka
mw,main,M-nasal/Hi-pos/Hf-slot/G-keep,isolated,0,30894,243454,"1211,2",sAvitrI,sāvitrī,243455,"1211,2",sAvitra,sāvitra
mw,main,M-nasal/Hi-pos/Hf-slot/G-keep,isolated,0,30942,243585.1,"1333,2",sAhapadIna,sāhapadīna,243589,"1212,2",sAhakAyana,sāhakāyana
mw,main,M-nasal/Hi-pos/Hf-slot/G-keep,isolated,0,30976,243749,"1213,1",siMhI,siṃhī,243997,"1213,3",siMhARa,siṃhāṇa
mw,main,M-nasal/Hi-pos/Hf-slot/G-keep,isolated,0,30993,244067,"1214,2",sitA,sitā,244075,"1214,2",sita,sita
mw,main,M-nasal/Hi-pos/Hf-slot/G-keep,isolated,0,30999,244757,"1217,1",siDmA,sidhmā,244759,"1217,1",siDma,sidhma
mw,main,M-nasal/Hi-pos/Hf-slot/G-keep,isolated,0,31002,244773,"1217,1",sinI,sinī,244774,"1217,1",sina,sina
mw,main,M-nasal/Hi-pos/Hf-slot/G-keep,isolated,0,31008,244792,"1217,1",sindUrI,sindūrī,244796,"1217,1",sindUra,sindūra
mw,main,M-nasal/Hi-pos/Hf-slot/G-keep,isolated,0,31019,244927,"1217,3",siprA,siprā,244930,"1217,3",sipra,sipra
mw,main,M-nasal/Hi-pos/Hf-slot/G-keep,isolated,0,31210,249838,"1236,2",suvarRI,suvarṇī,249839,"1236,2",suvarRa,suvarṇa
mw,main,M-nasal/Hi-pos/Hf-slot/G-keep,isolated,0,31251,250866,"1240,2",sUktA,sūktā,250867,"1240,2",sUkta,sūkta
mw,main,M-nasal/Hi-pos/Hf-slot/G-keep,isolated,0,31254,250913,"1240,3",sUkzmA,sūkṣmā,250917,"1240,3",sUkzma,sūkṣma
mw,main,M-nasal/Hi-pos/Hf-slot/G-keep,isolated,0,31265,251146,"1241,2",sUtyA,sūtyā,251147,"1241,2",sUtI,sūtī
mw,main,M-nasal/Hi-pos/Hf-slot/G-keep,isolated,0,31266,251147,"1241,2",sUtI,sūtī,251168,"1241,3",sUtave,sūtave
mw,main,M-nasal/Hi-pos/Hf-slot/G-keep,isolated,0,31431,252466,"1248,1",sEnDavI,saindhavī,252467,"1248,1",sEnDava,saindhava
mw,main,M-nasal/Hi-pos/Hf-slot/G-keep,isolated,0,31543,252735,"1249,3",somI,somī,252736,"1249,3",soma,soma
mw,main,M-nasal/Hi-pos/Hf-slot/G-keep,isolated,0,31638,253496.1,"1253,1",sOparRI,sauparṇī,253496.2,"1253,1",sOparRa,sauparṇa
mw,main,M-nasal/Hi-pos/Hf-slot/G-keep,isolated,0,31656,253524,"1253,2",sObalI,saubalī,253525,"1253,2",sObala,saubala
mw,main,M-nasal/Hi-pos/Hf-slot/G-keep,isolated,0,31699,253769,"1254,3",sOrI,saurī,253773,"1254,3",sOra,saura
mw,main,M-nasal/Hi-pos/Hf-slot/G-keep,isolated,0,31707,253860,"1255,1",sOraBI,saurabhī,253861,"1255,1",sOraBa,saurabha
mw,main,M-nasal/Hi-pos/Hf-slot/G-keep,isolated,0,31743,253984,"1255,3",sOvIrI,sauvīrī,253985,"1255,3",sOvIra,sauvīra
mw,main,M-nasal/Hi-pos/Hf-slot/G-keep,isolated,0,32037,257777,"1275,1",svA,svā,257778,"1275,1",sva,sva
mw,main,M-nasal/Hi-pos/Hf-slot/G-keep,isolated,0,32053,258761,"1279,2",svacCA,svacchā,258762,"1279,2",svacCa,svaccha
mw,main,M-nasal/Hi-pos/Hf-slot/G-keep,isolated,0,32169,259586,"1283,2",svAgatA,svāgatā,259587,"1283,2",svAgata,svāgata
mw,main,M-nasal/Hi-pos/Hf-slot/G-keep,isolated,0,32210,259716,"1284,1",svAyamBuvI,svāyambhuvī,259717,"1284,1",svAyamBuva,svāyambhuva
mw,main,M-nasal/Hi-pos/Hf-slot/G-keep,isolated,0,32279,260031.42,"1286,1",hA,hā,260031.44,"1286,1",ha,ha
mw,main,M-nasal/Hi-pos/Hf-slot/G-keep,isolated,0,32281,260035,"1286,1",hA,hā,260036,"1286,1",haMsa,haṃsa
mw,main,M-nasal/Hi-pos/Hf-slot/G-keep,isolated,0,32283,260063,"1286,2",haMsI,haṃsī,260066.1,"1286,2",haMsa,haṃsa
mw,main,M-nasal/Hi-pos/Hf-slot/G-keep,isolated,0,32335,260929,"1289,3",harI,harī,260929.1,"1289,3",hari,hari
mw,main,M-nasal/Hi-pos/Hf-slot/G-keep,isolated,0,32386,262148,"1294,3",hastA,hastā,262150,"1294,3",hasta,hasta
mw,main,M-nasal/Hi-pos/Hf-slot/G-keep,isolated,0,32405,262636,"1297,1",hAwakI,hāṭakī,262637,"1297,1",hAwaka,hāṭaka
mw,main,M-nasal/Hi-pos/Hf-slot/G-keep,isolated,0,32425,262669,"1297,1",hAyanI,hāyanī,262670,"1297,1",hAyana,hāyana
mw,main,M-nasal/Hi-pos/Hf-slot/G-keep,isolated,0,32466,262879,"1298,2",hitA,hitā,262881,"1298,2",hita,hita
mw,main,M-nasal/Hi-pos/Hf-slot/G-keep,isolated,0,32482,263147,"1299,2",hirA,hirā,263151,"1299,3",hirakut,hirakut
mw,main,M-nasal/Hi-pos/Hf-slot/G-keep,isolated,0,32509,263420,"1300,3",hIrA,hīrā,263424,"1300,3",hIra,hīra
mw,main,M-nasal/Hi-pos/Hf-slot/G-keep,isolated,0,32512,263437,"1300,3",hIluka,hīluka,263438,"1300,3",hIlanA,hīlanā
mw,main,M-nasal/Hi-pos/Hf-slot/G-keep,isolated,0,32634,264618.2,"1306,2",holA,holā,264622,"1306,2",holaka,holaka
pwg,main,M-nasal/Hi-sib/Hf-slot/G-keep,isolated,0,142,158,1-0013,akrILant,akrīḻant,159,1-0013,akrIyamARa,akrīyamāṇa
pwg,main,M-nasal/Hi-sib/Hf-slot/G-keep,isolated,0,749,782,1-0058,aNGAri,aṅghāri,783,1-0058,aNGas,aṅghas
pwg,main,M-nasal/Hi-sib/Hf-slot/G-keep,isolated,0,1981,2065,1-0155,aDoSuka,adhośuka,2066,1-0155,aDokzaja,adhokṣaja
pwg,main,M-nasal/Hi-sib/Hf-slot/G-keep,isolated,0,2607,2721,1-0199,anukArin,anukārin,2722,1-0199,akArya,akārya
pwg,main,M-nasal/Hi-sib/Hf-slot/G-keep,isolated,0,2911,3031,1-0221,anuvelam,anuvelam,3032,1-0221,anurvellita,anurvellita
pwg,main,M-nasal/Hi-sib/Hf-slot/G-keep,isolated,0,3434,3562,1-0267,anyasTAstotra,anyasthāstotra,3563,1-0267,anyad,anyad
pwg,main,M-nasal/Hi-sib/Hf-slot/G-keep,isolated,0,3691,3827,1-0286,aparakASakftsna,aparakāśakṛtsna,3828,1-0286,apakASi,apakāśi
pwg,main,M-nasal/Hi-sib/Hf-slot/G-keep,isolated,0,4092,4239,1-0314,apraklapta,apraklapta,4240,1-0315,apraketa,apraketa
pwg,main,M-nasal/Hi-sib/Hf-slot/G-keep,isolated,0,4635,4799,1-0352,aBisaMDaka,abhisaṃdhaka,4800,1-0352,aBisaMTA,abhisaṃthā
pwg,main,M-nasal/Hi-sib/Hf-slot/G-keep,isolated,0,5298,5485,1-0396,ayuktarUpa,ayuktarūpa,5486,1-0396,ayukCada,ayukchada
pwg,main,M-nasal/Hi-sib/Hf-slot/G-keep,isolated,0,5435,5629,1-0409,karalu,karalu,5630,1-0409,araluka,araluka
pwg,main,M-nasal/Hi-sib/Hf-slot/G-keep,isolated,0,5647,5854,1-0430,arjunakARqa,arjunakāṇḍa,5855,1-0430,arjanaDvaja,arjanadhvaja
pwg,main,M-nasal/Hi-sib/Hf-slot/G-keep,isolated,0,5858,6073,1-0453,azaRI,aṣaṇī,6074,1-0453,arsas,arsas
pwg,main,M-nasal/Hi-sib/Hf-slot/G-keep,isolated,0,5989,6208,1-0463,kalpa,kalpa,6209,1-0464,alpaka,alpaka
pwg,main,M-nasal/Hi-sib/Hf-slot/G-keep,isolated,0,6035,6257,1-0469,avaklapti,avaklapti,6258,1-0469,avakeSa,avakeśa
pwg,main,M-nasal/Hi-sib/Hf-slot/G-keep,isolated,0,7315,7595,1-0566,asruta,asruta,7596,1-0566,aSreDant,aśredhant
pwg,main,M-nasal/Hi-sib/Hf-slot/G-keep,isolated,0,7453,7740,1-0578,aheLayant,aheḻayant,7741,1-0578,aheru,aheru
pwg,main,M-nasal/Hi-sib/Hf-slot/G-keep,isolated,0,7467,7754,1-0580,ahnIya,ahnīya,7755,1-0580,ahnaya,ahnaya
pwg,main,M-nasal/Hi-sib/Hf-slot/G-keep,isolated,0,7929,8231,1-0616,Atapana,ātapana,8232,1-0616,Atapatra,ātapatra
pwg,main,M-nasal/Hi-sib/Hf-slot/G-keep,isolated,0,7931,8233,1-0616,Atapant,ātapant,8234,1-0616,Atapatraka,ātapatraka
pwg,main,M-nasal/Hi-sib/Hf-slot/G-keep,isolated,0,9256,9604,1-0720,ASuboDa,āśubodha,9605,1-0720,ASuPala,āśuphala
pwg,main,M-nasal/Hi-sib/Hf-slot/G-keep,isolated,0,9353,9704,1-0728,AzAQI,āṣāḍhī,9705,1-0728,AzAQa,āṣāḍha
pwg,main,M-nasal/Hi-sib/Hf-slot/G-keep,isolated,0,10650,11045,1-0900,utpalAvatI,utpalāvatī,11046,1-0900,utpalavarRA,utpalavarṇā
pwg,main,M-nasal/Hi-sib/Hf-slot/G-keep,isolated,0,10846,11243,1-0915,udara,udara,11244,1-0915,udagranTi,udagranthi
pwg,main,M-nasal/Hi-sib/Hf-slot/G-keep,isolated,0,11263,11668,1-0943,upaklapta,upaklapta,11669,1-0943,upakoSA,upakośā
pwg,main,M-nasal/Hi-sib/Hf-slot/G-keep,isolated,0,11402,11808,1-0953,upadeSatA,upadeśatā,11809,1-0953,upadeSaka,upadeśaka
pwg,main,M-nasal/Hi-sib/Hf-slot/G-keep,isolated,0,12142,12557,1-1006,ulmuzImant,ulmuṣīmant,12558,1-1006,ulba,ulba
pwg,main,M-nasal/Hi-sib/Hf-slot/G-keep,isolated,0,12346,12772,1-1024,UrRAsUtra,ūrṇāsūtra,12773,1-1024,URAstukA,ūṇāstukā
pwg,main,M-nasal/Hi-sib/Hf-slot/G-keep,isolated,0,12777,13219,1-1072,etacetas,etacetas,13220,1-1072,ekacodana,ekacodana
pwg,main,M-nasal/Hi-sib/Hf-slot/G-keep,isolated,0,13290,13758,1-1117,okodanI,okodanī,13759,1-1117,okUlaka,okūlaka
pwg,main,M-nasal/Hi-sib/Hf-slot/G-keep,isolated,0,13721,14148.208,1-1145,anurkAya,anurkāya,14148.212,1-1145,anucara,anucara
pwg,main,M-nasal/Hi-sib/Hf-slot/G-keep,isolated,0,13804,14148.540,1-1145,usriya,usriya,14148.544,1-1145,upavyAKyAna,upavyākhyāna
pwg,main,M-nasal/Hi-sib/Hf-slot/G-keep,isolated,0,13821,14148.608,1-1147,aGArin,aghārin,14148.612,1-1147,aGAy,aghāy
pwg,main,M-nasal/Hi-sib/Hf-slot/G-keep,isolated,0,13850,14148.728,1-1147,an,an,14148.732,1-1147,ac,ac
pwg,main,M-nasal/Hi-sib/Hf-slot/G-keep,isolated,0,14613,14877,2-0064,kapitTaparRI,kapitthaparṇī,14878,2-0064,katitTAsya,katitthāsya
pwg,main,M-nasal/Hi-sib/Hf-slot/G-keep,isolated,0,14630,14894,2-0066,kapiladyuti,kapiladyuti,14895,2-0066,kapilakrAkzA,kapilakrākṣā
pwg,main,M-nasal/Hi-sib/Hf-slot/G-keep,isolated,0,14631,14895,2-0066,kapilakrAkzA,kapilakrākṣā,14896,2-0066,kadiladruma,kadiladruma
pwg,main,M-nasal/Hi-sib/Hf-slot/G-keep,isolated,0,14791,15057,2-0080,kambojamuRqa,kambojamuṇḍa,15058,2-0080,kambavAtAyin,kambavātāyin
pwg,main,M-nasal/Hi-sib/Hf-slot/G-keep,isolated,0,14796,15062,2-0080,kamra,kamra,15063,2-0080,kambant,kambant
pwg,main,M-nasal/Hi-sib/Hf-slot/G-keep,isolated,1,15062,15337,2-0124,karRaMDAriRI,karṇaṃdhāriṇī,15338,2-0124,karRanAda,karṇanāda
pwg,main,M-nasal/Hi-sib/Hf-slot/G-keep,isolated,0,15141,15416,2-0128,karRowiriwirA,karṇoṭiriṭirā,15417,2-0128,karRendu,karṇendu
pwg,main,M-nasal/Hi-sib/Hf-slot/G-keep,isolated,0,15143,15418,2-0128,karRopakarRikA,karṇopakarṇikā,15419,2-0128,karRoRa,karṇoṇa
pwg,main,M-nasal/Hi-sib/Hf-slot/G-keep,isolated,0,15388,15676,2-0157,kalahu,kalahu,15677,2-0157,kalahin,kalahin
pwg,main,M-nasal/Hi-sib/Hf-slot/G-keep,isolated,0,15955,16257,2-0211,kAtyAyanIya,kātyāyanīya,16258,2-0211,kAtfRa,kātṛṇa
pwg,main,M-nasal/Hi-sib/Hf-slot/G-keep,isolated,0,16415,16736,2-0251,kAlakaRwaka,kālakaṇṭaka,16737,2-0251,kARakaRWa,kāṇakaṇṭha
pwg,main,M-nasal/Hi-sib/Hf-slot/G-keep,isolated,0,16718,17048,2-0274,kASyapIya,kāśyapīya,17049,2-0274,kASyapIbAlAkyAmAWarIputra,kāśyapībālākyāmāṭharīputra
pwg,main,M-nasal/Hi-sib/Hf-slot/G-keep,isolated,0,16933,17268,2-0291,kirAtatikta,kirātatikta,17269,2-0291,kitArArjunIya,kitārārjunīya
pwg,main,M-nasal/Hi-sib/Hf-slot/G-keep,isolated,0,17457,17807,2-0335,kuveriRa,kuveriṇa,17808,2-0335,kubja,kubja
pwg,main,M-nasal/Hi-sib/Hf-slot/G-keep,isolated,0,17843,18200,2-0362,kuvalakuRa,kuvalakuṇa,18201,2-0362,kubalaprasTa,kubalaprastha
pwg,main,M-nasal/Hi-sib/Hf-slot/G-keep,isolated,0,18133,18496,2-0384,kUvarin,kūvarin,18497,2-0384,kUma,kūma
pwg,main,M-nasal/Hi-sib/Hf-slot/G-keep,isolated,0,18174,18539,2-0387,kUlvaja,kūlvaja,18540,2-0387,kUlya,kūlya
pwg,main,M-nasal/Hi-sib/Hf-slot/G-keep,isolated,0,18647,19022,2-0425,ketumAla,ketumāla,19023,2-0426,ketunAlin,ketunālin
pwg,main,M-nasal/Hi-sib/Hf-slot/G-keep,isolated,1,18822,19197,2-0437,kEMdAsa,kaiṃdāsa,19198,2-0437,kEnara,kainara
pwg,main,M-nasal/Hi-sib/Hf-slot/G-keep,isolated,0,19642,20034,2-0518,klIvatA,klīvatā,20035,2-0518,klIbatva,klībatva
pwg,main,M-nasal/Hi-sib/Hf-slot/G-keep,isolated,0,20434,20849,2-0591,KaqonmattA,khaḍonmattā,20850,2-0591,KaNga,khaṅga
pwg,main,M-nasal/Hi-sib/Hf-slot/G-keep,isolated,0,20628,21043,2-0604,KarvavAsin,kharvavāsin,21044,2-0604,KarbaSAKa,kharbaśākha
pwg,main,M-nasal/Hi-sib/Hf-slot/G-keep,isolated,0,20630,21045,2-0604,KarvurA,kharvurā,21046,2-0604,KarbUja,kharbūja
pwg,main,M-nasal/Hi-sib/Hf-slot/G-keep,isolated,0,20655,21070,2-0608,Kalevusam,khalevusam,21071,2-0608,Kaleyavam,khaleyavam
pwg,main,M-nasal/Hi-sib/Hf-slot/G-keep,isolated,0,20664,21079,2-0608,KallikA,khallikā,21080,2-0608,KallAsara,khallāsara
pwg,main,M-nasal/Hi-sib/Hf-slot/G-keep,isolated,0,20905,21325,2-0628,gaganaDvaja,gaganadhvaja,21326,2-0628,gagaRapuzpa,gagaṇapuṣpa
pwg,main,M-nasal/Hi-sib/Hf-slot/G-keep,isolated,0,20908,21328,2-0628,gaganamUrDan,gaganamūrdhan,21329,2-0628,gagaRavihArin,gagaṇavihārin
pwg,main,M-nasal/Hi-sib/Hf-slot/G-keep,isolated,0,20914,21334,2-0628,gaganAmbu,gaganāmbu,21335,2-0628,gagaRecara,gagaṇecara
pwg,main,M-nasal/Hi-sib/Hf-slot/G-keep,isolated,0,21369,21795,2-0664,gaBasti,gabhasti,21796,2-0664,gaBastala,gabhastala
pwg,main,M-nasal/Hi-sib/Hf-slot/G-keep,isolated,0,21382,21808,2-0665,gamBIravedin,gambhīravedin,21809,2-0665,gaBIravepas,gabhīravepas
pwg,main,M-nasal/Hi-sib/Hf-slot/G-keep,isolated,0,21385,21811,2-0666,gamBIrasvAmin,gambhīrasvāmin,21812,2-0666,gaBIrikA,gabhīrikā
pwg,main,M-nasal/Hi-sib/Hf-slot/G-keep,isolated,0,21463,21894,2-0696,margaraka,margaraka,21895,2-0696,gargaSiras,gargaśiras
pwg,main,M-nasal/Hi-sib/Hf-slot/G-keep,isolated,0,22490,22949,2-0785,gfhASrayA,gṛhāśrayā,22950,2-0785,gfhASman,gṛhāśman
pwg,main,M-nasal/Hi-sib/Hf-slot/G-keep,isolated,0,23321,23790,2-0860,grAmIya,grāmīya,23791,2-0860,gAmIyaka,gāmīyaka
pwg,main,M-nasal/Hi-sib/Hf-slot/G-keep,isolated,0,23548,24021,2-0883,Garvavant,gharvavant,24022,2-0883,GarmavicarcikA,gharmavicarcikā
pwg,main,M-nasal/Hi-sib/Hf-slot/G-keep,isolated,0,23623,24098,2-0888,GulaYca,ghulañca,24099,2-0888,GulaGulArava,ghulaghulārava
pwg,main,M-nasal/Hi-sib/Hf-slot/G-keep,isolated,0,24850,25340,2-1008,ciKalla,cikhalla,25341,2-1008,ciklida,ciklida
pwg,main,M-nasal/Hi-sib/Hf-slot/G-keep,isolated,0,25177,25676,2-1038,cIv,cīv,25677,2-1038,cIB,cībh
pwg,main,M-nasal/Hi-sib/Hf-slot/G-keep,isolated,0,25571,26083,2-1077,Cand,chand,26084,2-1077,Cad,chad
pwg,main,M-nasal/Hi-sib/Hf-slot/G-keep,isolated,0,25801,26305.065,2-1101,anurkAya,anurkāya,26305.070,2-1101,anukUla,anukūla
pwg,main,M-nasal/Hi-sib/Hf-slot/G-keep,isolated,0,25825,26305.185,2-1101,arTay,arthay,26305.190,2-1101,arGa,argha
pwg,main,M-nasal/Hi-sib/Hf-slot/G-keep,isolated,0,25873,26305.430,2-1103,Uru,ūru,26305.435,2-1103,uzaRa,uṣaṇa
pwg,main,M-nasal/Hi-sib/Hf-slot/G-keep,isolated,0,25881,26305.470,2-1103,ozaDi,oṣadhi,26305.475,2-1103,upacAyin,upacāyin
pwg,main,M-nasal/Hi-sib/Hf-slot/G-keep,isolated,0,25908,26305.620,2-1103,kArzwya,kārṣṭya,26305.625,2-1103,kARakaRWa,kāṇakaṇṭha
pwg,main,M-nasal/Hi-sib/Hf-slot/G-keep,isolated,0,25918,26305.670,2-1103,kowacakra,koṭacakra,26305.675,2-1103,kojAgara,kojāgara
pwg,main,M-nasal/Hi-sib/Hf-slot/G-keep,isolated,0,26020,26394,3-0008,jaNgiqa,jaṅgiḍa,26395,3-0008,jaNgala,jaṅgala
pwg,main,M-nasal/Hi-sib/Hf-slot/G-keep,isolated,0,26458,26842,3-0055,jarhila,jarhila,26843,3-0055,jarya,jarya
pwg,main,M-nasal/Hi-sib/Hf-slot/G-keep,isolated,0,26702,27088,3-0066,jalonnAda,jalonnāda,27089,3-0066,jalodBava,jalodbhava
pwg,main,M-nasal/Hi-sib/Hf-slot/G-keep,isolated,0,27320,27725,3-0128,jUq,jūḍ,27726,3-0128,jUwa,jūṭa
pwg,main,M-nasal/Hi-sib/Hf-slot/G-keep,isolated,0,27548,27963,3-0159,jyEzWasAmika,jyaiṣṭhasāmika,27964,3-0159,jyezWastoma,jyeṣṭhastoma
pwg,main,M-nasal/Hi-sib/Hf-slot/G-keep,isolated,0,28818,29257,3-0299,tAmi,tāmi,29258,3-0299,tAmAleya,tāmāleya
pwg,main,M-nasal/Hi-sib/Hf-slot/G-keep,isolated,0,30596,31074,3-0439,trimalla,trimalla,31075,3-0440,trimantu,trimantu
pwg,main,M-nasal/Hi-sib/Hf-slot/G-keep,isolated,0,31442,31944,3-0510,dantaPala,dantaphala,31945,3-0510,dantaprakzAlana,dantaprakṣālana
pwg,main,M-nasal/Hi-sib/Hf-slot/G-keep,isolated,0,31500,32002,3-0513,danturita,danturita,32003,3-0513,danturacCada,danturacchada
pwg,main,M-nasal/Hi-sib/Hf-slot/G-keep,isolated,0,32317,32876,3-0612,didyut,didyut,32877,3-0613,dityOhI,dityauhī
pwg,main,M-nasal/Hi-sib/Hf-slot/G-keep,isolated,0,32403,32965,3-0621,dIvAkIrtya,dīvākīrtya,32966,3-0621,divAcara,divācara
pwg,main,M-nasal/Hi-sib/Hf-slot/G-keep,isolated,0,32661,33233,3-0656,dIrGapallava,dīrghapallava,33234,3-0656,dIrGapad,dīrghapad
pwg,main,M-nasal/Hi-sib/Hf-slot/G-keep,isolated,1,32777,33353,3-0664,duHSa,duḥśa,33354,3-0664,dukUla,dukūla
pwg,main,M-nasal/Hi-sib/Hf-slot/G-keep,isolated,0,33275,33870,3-0697,dullala,dullala,33871,3-0697,dubanyasad,dubanyasad
pwg,main,M-nasal/Hi-sib/Hf-slot/G-keep,isolated,0,33332,33931,3-0705,duzkft,duṣkṛt,33932,3-0705,duzkata,duṣkata
pwg,main,M-nasal/Hi-sib/Hf-slot/G-keep,isolated,0,33352,33951,3-0706,duzwuti,duṣṭuti,33952,3-0706,duzwu,duṣṭu
pwg,main,M-nasal/Hi-sib/Hf-slot/G-keep,isolated,0,33354,33953,3-0706,duzyaca,duṣyaca,33954,3-0706,duzpatana,duṣpatana
pwg,main,M-nasal/Hi-sib/Hf-slot/G-keep,isolated,0,33747,34354,3-0734,dfzwigocara,dṛṣṭigocara,34355,3-0734,dfzwiguRa,dṛṣṭiguṇa
pwg,main,M-nasal/Hi-sib/Hf-slot/G-keep,isolated,0,34153,34775,3-0763,devAvI,devāvī,34776,3-0763,davAvfD,davāvṛdh
pwg,main,M-nasal/Hi-sib/Hf-slot/G-keep,isolated,0,34448,35076,3-0784,dOrgatya,daurgatya,35077,3-0784,dorganDya,dorgandhya
pwg,main,M-nasal/Hi-sib/Hf-slot/G-keep,isolated,0,34668,35305,3-0800,dravyaprakfti,dravyaprakṛti,35306,3-0800,dravyatva,dravyatva
pwg,main,M-nasal/Hi-sib/Hf-slot/G-keep,isolated,0,35102,35751,3-0836,dvipadikA,dvipadikā,35752,3-0836,dipari,dipari
pwg,main,M-nasal/Hi-sib/Hf-slot/G-keep,isolated,0,35409,36069,3-0857,DanArDa,dhanārdha,36070,3-0857,DanArTin,dhanārthin
pwg,main,M-nasal/Hi-sib/Hf-slot/G-keep,isolated,0,35469,36132,3-0861,DanOzen,dhanauṣen,36133,3-0861,Danozman,dhanoṣman
pwg,main,M-nasal/Hi-sib/Hf-slot/G-keep,isolated,0,35798,36471,3-0900,Davalatva,dhavalatva,36472,3-0900,Dabalapakza,dhabalapakṣa
pwg,main,M-nasal/Hi-sib/Hf-slot/G-keep,isolated,0,36298,37010,3-0991,Dfzwokta,dhṛṣṭokta,37011,3-0991,Dfzwi,dhṛṣṭi
pwg,main,M-nasal/Hi-sib/Hf-slot/G-keep,isolated,0,36482,37199,3-1009,DvajinyutsavasaMketa,dhvajinyutsavasaṃketa,37200,3-1009,Dvaji,dhvaji
pwg,main,M-nasal/Hi-sib/Hf-slot/G-keep,isolated,0,36509,37228,3-1011,DvAsara,dhvāsara,37229,3-1011,Dvasti,dhvasti
pwg,main,M-nasal/Hi-sib/Hf-slot/G-keep,isolated,0,36538,37257,3-1012,DvAntonmeza,dhvāntonmeṣa,37258,3-1012,Dvat,dhvat
pwg,main,M-nasal/Hi-sib/Hf-slot/G-keep,isolated,0,36638,37259.510,3-1015,DA,dhā,37259.525,3-1015,koka,koka
pwg,main,M-nasal/Hi-sib/Hf-slot/G-keep,isolated,0,37753,38394,4-0106,nAnda,nānda,38395,4-0106,nAntra,nāntra
pwg,main,M-nasal/Hi-sib/Hf-slot/G-keep,isolated,0,37798,38439,4-0110,nABivarza,nābhivarṣa,38440,4-0110,nABila,nābhila
pwg,main,M-nasal/Hi-sib/Hf-slot/G-keep,isolated,0,37926,38569,4-0123,nAlAnda,nālānda,38570,4-0123,nAlandara,nālandara
pwg,main,M-nasal/Hi-sib/Hf-slot/G-keep,isolated,0,38556,39214,4-0177,nirahaMkAra,nirahaṃkāra,39215,4-0177,nirahaMkata,nirahaṃkata
pwg,main,M-nasal/Hi-sib/Hf-slot/G-keep,isolated,0,38630,39290,4-0182,nirAhAvant,nirāhāvant,39291,4-0183,nirAhAra,nirāhāra
pwg,main,M-nasal/Hi-sib/Hf-slot/G-keep,isolated,0,38898,39569,4-0202,nirmAd,nirmād,39570,4-0202,nirmATin,nirmāthin
pwg,main,M-nasal/Hi-sib/Hf-slot/G-keep,isolated,0,39297,39984,4-0235,viHSarkara,viḥśarkara,39985,4-0235,niHSalAka,niḥśalāka
pwg,main,M-nasal/Hi-sib/Hf-slot/G-keep,isolated,0,39420,40108,4-0246,nizkfti,niṣkṛti,40109,4-0246,nizkapa,niṣkapa
pwg,main,M-nasal/Hi-sib/Hf-slot/G-keep,isolated,1,39436,40124,4-0247,nizkrayaRa,niṣkrayaṇa,40125,4-0247,niHkrAmaRa,niḥkrāmaṇa
pwg,main,M-nasal/Hi-sib/Hf-slot/G-keep,isolated,0,39553,40242,4-0255,nizPena,niṣphena,40243,4-0255,nipyanda,nipyanda
pwg,main,M-nasal/Hi-sib/Hf-slot/G-keep,isolated,0,39911,40608,4-0295,nIvara,nīvara,40609,4-0295,nIvan,nīvan
pwg,main,M-nasal/Hi-sib/Hf-slot/G-keep,isolated,0,40020,40722,4-0309,nfmAdana,nṛmādana,40723,4-0309,namiTuna,namithuna
pwg,main,M-nasal/Hi-sib/Hf-slot/G-keep,isolated,0,40038,40742,4-0311,nfSaMsavant,nṛśaṃsavant,40743,4-0311,naSaMsya,naśaṃsya
pwg,main,M-nasal/Hi-sib/Hf-slot/G-keep,isolated,0,40047,40751,4-0311,nfzA,nṛṣā,40752,4-0311,nazAc,naṣāc
pwg,main,M-nasal/Hi-sib/Hf-slot/G-keep,isolated,0,40288,40996,4-0327,nEzaDIya,naiṣadhīya,40997,4-0327,carita,carita
pwg,main,M-nasal/Hi-sib/Hf-slot/G-keep,isolated,0,40428,41137,4-0338,nyUNKay,nyūṅkhay,41138,4-0338,nyUNKanIya,nyūṅkhanīya
pwg,main,M-nasal/Hi-sib/Hf-slot/G-keep,isolated,0,40534,41246,4-0350,prakzIndra,prakṣīndra,41247,4-0350,pakzIya,pakṣīya
pwg,main,M-nasal/Hi-sib/Hf-slot/G-keep,isolated,0,40592,41304,4-0354,paNgu,paṅgu,41305,4-0354,paNkuka,paṅkuka
pwg,main,M-nasal/Hi-sib/Hf-slot/G-keep,isolated,0,40940,41665,4-0382,puwutfRaka,puṭutṛṇaka,41666,4-0382,pawutva,paṭutva
pwg,main,M-nasal/Hi-sib/Hf-slot/G-keep,isolated,0,41006,41732,4-0389,paRavanDa,paṇavandha,41733,4-0389,paRava,paṇava
pwg,main,M-nasal/Hi-sib/Hf-slot/G-keep,isolated,0,41217,41948,4-0418,pattropaskara,pattropaskara,41949,4-0418,pattrIya,pattrīya
pwg,main,M-nasal/Hi-sib/Hf-slot/G-keep,isolated,0,42201,42954,4-0536,parivarhavant,parivarhavant,42955,4-0536,paribAD,paribādh
pwg,main,M-nasal/Hi-sib/Hf-slot/G-keep,isolated,0,42293,43048,4-0542,parirakzin,parirakṣin,43049,4-0542,parirakzaya,parirakṣaya
pwg,main,M-nasal/Hi-sib/Hf-slot/G-keep,isolated,0,42628,43387,4-0567,parohu,parohu,43388,4-0567,paroku,paroku
pwg,main,M-nasal/Hi-sib/Hf-slot/G-keep,isolated,0,42736,43496,4-0575,parv,parv,43497,4-0575,parmAqi,parmāḍi
pwg,main,M-nasal/Hi-sib/Hf-slot/G-keep,isolated,0,42929,43691,4-0591,pAlAlina,pālālina,43692,4-0591,palAva,palāva
pwg,main,M-nasal/Hi-sib/Hf-slot/G-keep,isolated,0,43133,43900,4-0614,paSvEzwi,paśvaiṣṭi,43901,4-0614,paSvayana,paśvayana
pwg,main,M-nasal/Hi-sib/Hf-slot/G-keep,isolated,0,43370,44149,4-0635,pARivanDa,pāṇivandha,44150,4-0635,pARiBuj,pāṇibhuj
pwg,main,M-nasal/Hi-sib/Hf-slot/G-keep,isolated,0,43561,44349,4-0651,pApapAlikA,pāpapālikā,44350,4-0651,pAdapASa,pādapāśa
pwg,main,M-nasal/Hi-sib/Hf-slot/G-keep,isolated,0,43900,44699,4-0674,pArASarya,pārāśarya,44700,4-0674,pAraSaryAyaRa,pāraśaryāyaṇa
pwg,main,M-nasal/Hi-sib/Hf-slot/G-keep,isolated,0,44414,45222,4-0716,piturBft,piturbhṛt,45223,4-0716,pitumant,pitumant
pwg,main,M-nasal/Hi-sib/Hf-slot/G-keep,isolated,0,44461,45270,4-0719,pitfvAnDava,pitṛvāndhava,45271,4-0719,pitfBUti,pitṛbhūti
pwg,main,M-nasal/Hi-sib/Hf-slot/G-keep,isolated,0,44651,45462,4-0738,pIWaBU,pīṭhabhū,45463,4-0738,paWimarda,paṭhimarda
pwg,main,M-nasal/Hi-sib/Hf-slot/G-keep,isolated,0,44874,45694,4-0755,puwodaka,puṭodaka,45695,4-0755,puw,puṭ
pwg,main,M-nasal/Hi-sib/Hf-slot/G-keep,isolated,0,46147,46989,4-0858,pfTakzetra,pṛthakṣetra,46990,4-0858,pfTakcara,pṛthakcara
pwg,main,M-nasal/Hi-sib/Hf-slot/G-keep,isolated,0,46532,47382,4-0883,potAla,potāla,47383,4-0884,potalaka,potalaka
pwg,main,M-nasal/Hi-sib/Hf-slot/G-keep,isolated,0,47014,47876,4-0921,pracIvala,pracīvala,47877,4-0921,pracIra,pracīra
pwg,main,M-nasal/Hi-sib/Hf-slot/G-keep,isolated,0,48982,49878,4-1078,pravIra,pravīra,49879,4-1079,pravArabAhu,pravārabāhu
pwg,main,M-nasal/Hi-sib/Hf-slot/G-keep,isolated,0,49181,50080,4-1096,prasavi,prasavi,50081,4-1096,prasavasTalI,prasavasthalī
pwg,main,M-nasal/Hi-sib/Hf-slot/G-keep,isolated,0,49408,50311,4-1114,prahrAsa,prahrāsa,50312,4-1114,prahrAdi,prahrādi
pwg,main,M-nasal/Hi-sib/Hf-slot/G-keep,isolated,0,49540,50446,4-1122,prAGAra,prāghāra,50447,4-1122,prAGarmasad,prāgharmasad
pwg,main,M-nasal/Hi-sib/Hf-slot/G-keep,isolated,0,50046,50959,4-1157,prASvameDa,prāśvamedha,50960,4-1157,prASya,prāśya
pwg,main,M-nasal/Hi-sib/Hf-slot/G-keep,isolated,0,50795,51684.38,4-1217,prakzIndra,prakṣīndra,51684.39,4-1217,paYjara,pañjara
pwg,main,M-nasal/Hi-sib/Hf-slot/G-keep,isolated,0,50803,51684.49,4-1219,pArayati,pārayati,51684.50,4-1219,parastrI,parastrī
pwg,main,M-nasal/Hi-sib/Hf-slot/G-keep,isolated,0,51783,52664,5-0085,viWa,viṭha,52665,5-0085,biq,biḍ
pwg,main,M-nasal/Hi-sib/Hf-slot/G-keep,isolated,0,52018,52899,5-0099,budDEqUka,buddhaiḍūka,52900,5-0099,budDi,buddhi
pwg,main,M-nasal/Hi-sib/Hf-slot/G-keep,isolated,0,52663,53551,5-0147,brahmasAvarRa,brahmasāvarṇa,53552,5-0147,brahmasArvArRa,brahmasārvārṇa
pwg,main,M-nasal/Hi-sib/Hf-slot/G-keep,isolated,0,53069,53963,5-0192,Badanta,bhadanta,53964,5-0192,Bawantagopadatta,bhaṭantagopadatta
pwg,main,M-nasal/Hi-sib/Hf-slot/G-keep,isolated,0,53120,54014,5-0197,Badrapura,bhadrapura,54015,5-0197,BadrapIWa,bhadrapīṭha
pwg,main,M-nasal/Hi-sib/Hf-slot/G-keep,isolated,0,53309,54205,5-0215,Barmas,bharmas,54206,5-0215,Bargasvant,bhargasvant
pwg,main,M-nasal/Hi-sib/Hf-slot/G-keep,isolated,0,53458,54355,5-0227,Basita,bhasita,54356,5-0227,BamamUha,bhamamūha
pwg,main,M-nasal/Hi-sib/Hf-slot/G-keep,isolated,0,53813,54718,5-0263,BAvavanDana,bhāvavandhana,54719,5-0263,BAvaboDaka,bhāvabodhaka
pwg,main,M-nasal/Hi-sib/Hf-slot/G-keep,isolated,0,53828,54733,5-0263,BASataka,bhāśataka,54734,5-0263,BAvaSabalA,bhāvaśabalā
pwg,main,M-nasal/Hi-sib/Hf-slot/G-keep,isolated,0,53885,54792,5-0275,BAsAy,bhāsāy,54793,5-0275,BAsan,bhāsan
pwg,main,M-nasal/Hi-sib/Hf-slot/G-keep,isolated,0,54395,55313,5-0342,BUtAvizwa,bhūtāviṣṭa,55314,5-0342,BUtAviSa,bhūtāviśa
pwg,main,M-nasal/Hi-sib/Hf-slot/G-keep,isolated,0,54560,55480,5-0353,BUmyanantara,bhūmyanantara,55481,5-0353,BUmya,bhūmya
pwg,main,M-nasal/Hi-sib/Hf-slot/G-keep,isolated,0,54654,55574,5-0359,BUliNgA,bhūliṅgā,55575,5-0359,BUliNgaSakuna,bhūliṅgaśakuna
pwg,main,M-nasal/Hi-sib/Hf-slot/G-keep,isolated,0,54710,55631,5-0366,BfgvISvaratIrTa,bhṛgvīśvaratīrtha,55632,5-0366,BfgvandIya,bhṛgvandīya
pwg,main,M-nasal/Hi-sib/Hf-slot/G-keep,isolated,0,54761,55682,5-0369,BftyA,bhṛtyā,55683,5-0369,BftyatA,bhṛtyatā
pwg,main,M-nasal/Hi-sib/Hf-slot/G-keep,isolated,0,55297,56241,5-0427,maNgalacCAya,maṅgalacchāya,56242,5-0427,maNgalagiri,maṅgalagiri
pwg,main,M-nasal/Hi-sib/Hf-slot/G-keep,isolated,0,55305,56249,5-0427,maNgalapura,maṅgalapura,56250,5-0427,maNgapuzpa,maṅgapuṣpa
pwg,main,M-nasal/Hi-sib/Hf-slot/G-keep,isolated,0,55380,56327,5-0435,maYcakASraya,mañcakāśraya,56328,5-0435,maYcakAmura,mañcakāmura
pwg,main,M-nasal/Hi-sib/Hf-slot/G-keep,isolated,0,55551,56499,5-0446,maRwi,maṇṭi,56500,5-0446,maRw,maṇṭ
pwg,main,M-nasal/Hi-sib/Hf-slot/G-keep,isolated,0,55752,56703,5-0467,maTra,mathra,56704,5-0467,maTya,mathya
pwg,main,M-nasal/Hi-sib/Hf-slot/G-keep,isolated,1,55915,56867,5-0482,madraMkara,madraṃkara,56868,5-0482,madragAra,madragāra
pwg,main,M-nasal/Hi-sib/Hf-slot/G-keep,isolated,0,56126,57081,5-0495,maDuSvAsA,madhuśvāsā,57082,5-0495,maDuput,madhuput
pwg,main,M-nasal/Hi-sib/Hf-slot/G-keep,isolated,0,56153,57108,5-0497,maDuhastya,madhuhastya,57109,5-0497,maDuka,madhuka
pwg,main,M-nasal/Hi-sib/Hf-slot/G-keep,isolated,0,56236,57193,5-0505,maDyaSIra,madhyaśīra,57194,5-0505,maDyaSAyin,madhyaśāyin
pwg,main,M-nasal/Hi-sib/Hf-slot/G-keep,isolated,0,56246,57203,5-0506,maDyAkzaravistaralipi,madhyākṣaravistaralipi,57204,5-0506,maDyA,madhyā
pwg,main,M-nasal/Hi-sib/Hf-slot/G-keep,isolated,0,56543,57505,5-0539,mantravIja,mantravīja,57506,5-0539,mantraBAzya,mantrabhāṣya
pwg,main,M-nasal/Hi-sib/Hf-slot/G-keep,isolated,0,56711,57678,5-0556,mandrayu,mandrayu,57679,5-0556,madrAjanI,madrājanī
pwg,main,M-nasal/Hi-sib/Hf-slot/G-keep,isolated,0,57014,57987,5-0588,marmAvin,marmāvin,57988,5-0589,marmaka,marmaka
pwg,main,M-nasal/Hi-sib/Hf-slot/G-keep,isolated,0,57101,58075,5-0599,malAvaha,malāvaha,58076,5-0599,malAri,malāri
pwg,main,M-nasal/Hi-sib/Hf-slot/G-keep,isolated,0,57196,58170,5-0605,mazi,maṣi,58171,5-0605,mazarARa,maṣarāṇa
pwg,main,M-nasal/Hi-sib/Hf-slot/G-keep,isolated,0,57691,58697,5-0639,mahAbArhata,mahābārhata,58698,5-0639,mahAbahu,mahābahu
pwg,main,M-nasal/Hi-sib/Hf-slot/G-keep,isolated,1,58352,59396,5-0687,mAqaTa,māḍatha,59397,5-0687,mAMScatu,māṃścatu
pwg,main,M-nasal/Hi-sib/Hf-slot/G-keep,isolated,0,58436,59482,5-0691,mAkzikASraya,mākṣikāśraya,59483,5-0691,mAkzika,mākṣika
pwg,main,M-nasal/Hi-sib/Hf-slot/G-keep,isolated,0,58709,59761,5-0716,mADavAnala,mādhavānala,59762,5-0716,mADavaSrama,mādhavaśrama
pwg,main,M-nasal/Hi-sib/Hf-slot/G-keep,isolated,0,59205,60273,5-0759,mAsavarttikA,māsavarttikā,60274,5-0759,mAsala,māsala
pwg,main,M-nasal/Hi-sib/Hf-slot/G-keep,isolated,0,60230,61339,5-0863,mUlapuliSasidDAnta,mūlapuliśasiddhānta,61340,5-0863,mUlapAka,mūlapāka
pwg,main,M-nasal/Hi-sib/Hf-slot/G-keep,isolated,0,60321,61432,5-0867,mUzyAyaRa,mūṣyāyaṇa,61433,5-0867,mUzariHPa,mūṣariḥpha
pwg,main,M-nasal/Hi-sib/Hf-slot/G-keep,isolated,0,60486,61599,5-0878,mfLayAku,mṛḻayāku,61600,5-0878,mfqAku,mṛḍāku
pwg,main,M-nasal/Hi-sib/Hf-slot/G-keep,isolated,0,60490,61603,5-0878,mfLIka,mṛḻīka,61604,5-0878,mfRAla,mṛṇāla
pwg,main,M-nasal/Hi-sib/Hf-slot/G-keep,isolated,0,60677,61793,5-0891,meKalAvant,mekhalāvant,61794,5-0891,meKalArvin,mekhalārvin
pwg,main,M-nasal/Hi-sib/Hf-slot/G-keep,isolated,0,60779,61899,5-0895,meDya,medhya,61900,5-0895,meNganATa,meṅganātha
pwg,main,M-nasal/Hi-sib/Hf-slot/G-keep,isolated,0,60864,61985,5-0902,meDira,medhira,61986,5-0902,maDizWa,madhiṣṭha
pwg,main,M-nasal/Hi-sib/Hf-slot/G-keep,isolated,0,61146,62269,5-0924,mOktimAlA,mauktimālā,62270,5-0924,mOktikaratna,mauktikaratna
pwg,main,M-nasal/Hi-sib/Hf-slot/G-keep,isolated,0,61262,62387,5-0934,mliC,mlich,62388,5-0934,mlicCa,mliccha
pwg,main,M-nasal/Hi-sib/Hf-slot/G-keep,isolated,0,61267,62392,5-0934,mleC,mlech,62393,5-0934,mlecCa,mleccha
pwg,main,M-nasal/Hi-sib/Hf-slot/G-keep,isolated,0,61898,63034,5-0965,atisvara,atisvara,63035,5-0965,atikASa,atikāśa
pwg,main,M-nasal/Hi-sib/Hf-slot/G-keep,isolated,0,61908,63044,5-0965,anonimittam,anonimittam,63045,5-0965,atka,atka
pwg,main,M-nasal/Hi-sib/Hf-slot/G-keep,isolated,0,62085,63223,5-0972,aDivala,adhivala,63224,5-0972,aDibADitar,adhibādhitar
pwg,main,M-nasal/Hi-sib/Hf-slot/G-keep,isolated,0,62197,63340,5-0977,aDveSa,adhveśa,63341,5-0977,aDvAna,adhvāna
pwg,main,M-nasal/Hi-sib/Hf-slot/G-keep,isolated,0,62290,63435,5-0980,anaSana,anaśana,63436,5-0980,anam,anam
pwg,main,M-nasal/Hi-sib/Hf-slot/G-keep,isolated,0,62596,63745,5-0992,anuSAyin,anuśāyin,63746,5-0992,anuSAya,anuśāya
pwg,main,M-nasal/Hi-sib/Hf-slot/G-keep,isolated,0,62684,63834,5-0995,anehas,anehas,63835,5-0995,anekAntika,anekāntika
pwg,main,M-nasal/Hi-sib/Hf-slot/G-keep,isolated,0,63347,64505,5-1022,aBimarSana,abhimarśana,64506,5-1022,aBimarSan,abhimarśan
pwg,main,M-nasal/Hi-sib/Hf-slot/G-keep,isolated,0,63766,64928,5-1037,ayasya,ayasya,64929,5-1037,apAtayAma,apātayāma
pwg,main,M-nasal/Hi-sib/Hf-slot/G-keep,isolated,0,63958,65124,5-1046,arTavanDa,arthavandha,65125,5-1046,arTamAtra,arthamātra
pwg,main,M-nasal/Hi-sib/Hf-slot/G-keep,isolated,0,64157,65328,5-1056,avakA,avakā,65329,5-1056,avakaSa,avakaśa
pwg,main,M-nasal/Hi-sib/Hf-slot/G-keep,isolated,0,64896,66083,5-1087,AkUpAra,ākūpāra,66084,5-1087,Akati,ākati
pwg,main,M-nasal/Hi-sib/Hf-slot/G-keep,isolated,0,65231,66424,5-1102,ADyamana,ādhyamana,66425,5-1102,ADarya,ādharya
pwg,main,M-nasal/Hi-sib/Hf-slot/G-keep,isolated,0,65412,66606,5-1110,Apsarasa,āpsarasa,66607,5-1110,Aplaka,āplaka
pwg,main,M-nasal/Hi-sib/Hf-slot/G-keep,isolated,0,65558,66755,5-1116,Arava,ārava,66756,5-1116,ArabDavya,ārabdhavya
pwg,main,M-nasal/Hi-sib/Hf-slot/G-keep,isolated,0,65613,66810,5-1118,ArDya,ārdhya,66811,5-1118,Arca,ārca
pwg,main,M-nasal/Hi-sib/Hf-slot/G-keep,isolated,0,65970,67170,5-1139,iLAdaDa,iḻādadha,67171,5-1139,iqAvant,iḍāvant
pwg,main,M-nasal/Hi-sib/Hf-slot/G-keep,isolated,0,67272,68490,5-1199,upeya,upeya,68491,5-1199,upedaka,upedaka
pwg,main,M-nasal/Hi-sib/Hf-slot/G-keep,isolated,1,67777,69009,5-1222,evaMnyAya,evaṃnyāya,69010,5-1222,evaMvrata,evaṃvrata
pwg,main,M-nasal/Hi-sib/Hf-slot/G-keep,isolated,0,67836,69068,5-1223,EndrAvAruRa,aindrāvāruṇa,69069,5-1224,EndraSira,aindraśira
pwg,main,M-nasal/Hi-sib/Hf-slot/G-keep,isolated,0,68245,69479,5-1240,kaTanIya,kathanīya,69480,5-1241,katT,katth
pwg,main,M-nasal/Hi-sib/Hf-slot/G-keep,isolated,0,68785,70027,5-1267,kalyahogaRane,kalyahogaṇane,70028,5-1267,kali,kali
pwg,main,M-nasal/Hi-sib/Hf-slot/G-keep,isolated,0,69236,70484,5-1286,kArdameya,kārdameya,70485,5-1286,kArdami,kārdami
pwg,main,M-nasal/Hi-sib/Hf-slot/G-keep,isolated,0,69342,70592,5-1291,kAlAya,kālāya,70593,5-1291,kAlApaka,kālāpaka
pwg,main,M-nasal/Hi-sib/Hf-slot/G-keep,isolated,0,69523,70777,5-1297,kisora,kisora,70778,5-1297,kizku,kiṣku
pwg,main,M-nasal/Hi-sib/Hf-slot/G-keep,isolated,0,69628,70883,5-1301,kuwumbin,kuṭumbin,70884,5-1302,kuw,kuṭ
pwg,main,M-nasal/Hi-sib/Hf-slot/G-keep,isolated,0,69915,71172,5-1312,kuloddeSa,kuloddeśa,71173,5-1312,kulamala,kulamala
pwg,main,M-nasal/Hi-sib/Hf-slot/G-keep,isolated,0,69925,71182,5-1312,kuvala,kuvala,71183,5-1312,kubalaprasTa,kubalaprastha
pwg,main,M-nasal/Hi-sib/Hf-slot/G-keep,isolated,0,70361,71622,5-1329,kowaparAja,koṭaparāja,71623,5-1329,kAwara,kāṭara
pwg,main,M-nasal/Hi-sib/Hf-slot/G-keep,isolated,0,70423,71684,5-1331,kozaja,koṣaja,71685,5-1331,koSaDAnya,kośadhānya
pwg,main,M-nasal/Hi-sib/Hf-slot/G-keep,isolated,0,70425,71686,5-1331,kozaDAvana,koṣadhāvana,71687,5-1331,koSaPala,kośaphala
pwg,main,M-nasal/Hi-sib/Hf-slot/G-keep,isolated,0,71122,72396,5-1362,gaganaromanTa,gaganaromantha,72397,5-1362,gagaRAnanda,gagaṇānanda
pwg,main,M-nasal/Hi-sib/Hf-slot/G-keep,isolated,0,71301,72576,5-1369,gamBIraSIla,gambhīraśīla,72577,5-1369,gaBIrikA,gabhīrikā
pwg,main,M-nasal/Hi-sib/Hf-slot/G-keep,isolated,0,71537,72819,5-1381,guRadeva,guṇadeva,72820,5-1381,gaRaniDi,gaṇanidhi
pwg,main,M-nasal/Hi-sib/Hf-slot/G-keep,isolated,0,71559,72841,5-1382,guRAnanda,guṇānanda,72842,5-1382,guRanandI,guṇanandī
pwg,main,M-nasal/Hi-sib/Hf-slot/G-keep,isolated,0,71601,72885,5-1384,gurumattA,gurumattā,72886,5-1384,guramant,guramant
pwg,main,M-nasal/Hi-sib/Hf-slot/G-keep,isolated,0,71854,73139,5-1393,gORasAropA,gauṇasāropā,73140,5-1393,gORasADyavasAnA,gauṇasādhyavasānā
pwg,main,M-nasal/Hi-sib/Hf-slot/G-keep,isolated,0,71880,73165,5-1394,gOrIvara,gaurīvara,73166,5-1394,gOrAvrata,gaurāvrata
pwg,main,M-nasal/Hi-sib/Hf-slot/G-keep,isolated,0,72908,74205,5-1438,jayaDara,jayadhara,74206,5-1438,japanfsiMha,japanṛsiṃha
pwg,main,M-nasal/Hi-sib/Hf-slot/G-keep,isolated,0,73012,74309,5-1441,jAwAlikA,jāṭālikā,74310,5-1441,jAwAkarRIputra,jāṭākarṇīputra
pwg,main,M-nasal/Hi-sib/Hf-slot/G-keep,isolated,0,73693,74993,5-1468,tArAmaya,tārāmaya,74994,5-1468,tarAvalI,tarāvalī
pwg,main,M-nasal/Hi-sib/Hf-slot/G-keep,isolated,0,73740,75040,5-1470,tirohay,tirohay,75041,5-1470,tirAhnya,tirāhnya
pwg,main,M-nasal/Hi-sib/Hf-slot/G-keep,isolated,0,74066,75368,5-1481,trisaraka,trisaraka,75369,5-1481,trimuparRa,trimuparṇa
pwg,main,M-nasal/Hi-sib/Hf-slot/G-keep,isolated,0,74150,75452,5-1484,daRqakAsana,daṇḍakāsana,75453,5-1484,daRqakAzWa,daṇḍakāṣṭha
pwg,main,M-nasal/Hi-sib/Hf-slot/G-keep,isolated,0,74915,76232,5-1511,dozAmanya,doṣāmanya,76233,5-1511,dAzAy,dāṣāy
pwg,main,M-nasal/Hi-sib/Hf-slot/G-keep,isolated,0,74918,76235,5-1511,dohe,dohe,76236,5-1511,dohaka,dohaka
pwg,main,M-nasal/Hi-sib/Hf-slot/G-keep,isolated,0,75040,76361,5-1516,dvArvant,dvārvant,76362,5-1516,dvApazwa,dvāpaṣṭa
pwg,main,M-nasal/Hi-sib/Hf-slot/G-keep,isolated,0,75435,76766,5-1533,nAgnajit,nāgnajit,76767,5-1533,nagnahu,nagnahu
pwg,main,M-nasal/Hi-sib/Hf-slot/G-keep,isolated,0,76053,77396,5-1556,nivicikitsa,nivicikitsa,77397,5-1556,nirvimarSa,nirvimarśa
pwg,main,M-nasal/Hi-sib/Hf-slot/G-keep,isolated,0,76269,77615,5-1564,nIsOra,nīsaura,77616,5-1564,nIsARa,nīsāṇa
pwg,main,M-nasal/Hi-sib/Hf-slot/G-keep,isolated,0,77045,78399,5-1593,pAWikAyana,pāṭhikāyana,78400,5-1593,pAWAna,pāṭhāna
pwg,main,M-nasal/Hi-sib/Hf-slot/G-keep,isolated,0,78202,79567,5-1633,prAkzAlana,prākṣālana,79568,5-1633,prAkzaMsTa,prākṣaṃstha
pwg,main,M-nasal/Hi-sib/Hf-slot/G-keep,isolated,0,79181,80561,5-1670,mahAmarutvatIya,mahāmarutvatīya,80562,5-1670,mahaHmAtra,mahaḥmātra
pwg,main,M-nasal/Hi-sib/Hf-slot/G-keep,isolated,0,79394,80779,5-1676,mlecCa,mleccha,80780,5-1677,mokzay,mokṣay
pwg,main,M-nasal/Hi-sib/Hf-slot/G-keep,isolated,0,79516,80888,6-0013,yajIyaMs,yajīyaṃs,80889,6-0013,yaj,yaj
pwg,main,M-nasal/Hi-sib/Hf-slot/G-keep,isolated,0,79745,81122,6-0031,yatimETuna,yatimaithuna,81123,6-0031,yatiBrazwa,yatibhraṣṭa
pwg,main,M-nasal/Hi-sib/Hf-slot/G-keep,isolated,0,80054,81435,6-0051,yaTezwam,yatheṣṭam,81437,6-0051,yaTetam,yathetam
pwg,main,M-nasal/Hi-sib/Hf-slot/G-keep,isolated,0,80406,81804,6-0095,yazwImaDu,yaṣṭīmadhu,81805,6-0095,yazwAhva,yaṣṭāhva
pwg,main,M-nasal/Hi-sib/Hf-slot/G-keep,isolated,0,80444,81845,6-0116,yAjanIya,yājanīya,81846,6-0116,yajamAna,yajamāna
pwg,main,M-nasal/Hi-sib/Hf-slot/G-keep,isolated,0,80483,81885,6-0119,yAtayAman,yātayāman,81886,6-0119,yAtayAmatva,yātayāmatva
pwg,main,M-nasal/Hi-sib/Hf-slot/G-keep,isolated,0,80512,81918,6-0122,yAtrin,yātrin,81919,6-0122,yAtrAtsava,yātrātsava
pwg,main,M-nasal/Hi-sib/Hf-slot/G-keep,isolated,0,80841,82269,6-0176,yuvatIzwA,yuvatīṣṭā,82270,6-0176,yuvat,yuvat
pwg,main,M-nasal/Hi-sib/Hf-slot/G-keep,isolated,0,80956,82384,6-0186,yogacara,yogacara,82385,6-0186,yogacandrikA,yogacandrikā
pwg,main,M-nasal/Hi-sib/Hf-slot/G-keep,isolated,0,81267,82698,6-0209,raktatuRqaka,raktatuṇḍaka,82699,6-0209,raktataRA,raktataṇā
pwg,main,M-nasal/Hi-sib/Hf-slot/G-keep,isolated,1,81567,83007,6-0234,rajaqadvAsa,rajaḍadvāsa,83008,6-0234,rajaHputra,rajaḥputra
pwg,main,M-nasal/Hi-sib/Hf-slot/G-keep,isolated,0,81597,83037,6-0236,rajanImuKa,rajanīmukha,83038,6-0236,rajanAya,rajanāya
pwg,main,M-nasal/Hi-sib/Hf-slot/G-keep,isolated,0,81647,83088,6-0241,raYjanaka,rañjanaka,83089,6-0241,rajYanadru,rajñanadru
pwg,main,M-nasal/Hi-sib/Hf-slot/G-keep,isolated,0,82103,83554,6-0272,raByaMs,rabhyaṃs,83555,6-0272,raBodA,rabhodā
pwg,main,M-nasal/Hi-sib/Hf-slot/G-keep,isolated,0,82881,84354,6-0332,rARAyanIyi,rāṇāyanīyi,84355,6-0333,rARa,rāṇa
pwg,main,M-nasal/Hi-sib/Hf-slot/G-keep,isolated,0,82972,84447,6-0341,rADAmedin,rādhāmedin,84448,6-0341,rADAmADava,rādhāmādhava
pwg,main,M-nasal/Hi-sib/Hf-slot/G-keep,isolated,0,83764,85270,6-0435,revant,revant,85271,6-0436,revatIBava,revatībhava
pwg,main,M-nasal/Hi-sib/Hf-slot/G-keep,isolated,0,84109,85626,6-0464,lakzaRka,lakṣaṇka,85627,6-0464,lakzaRajYa,lakṣaṇajña
pwg,main,M-nasal/Hi-sib/Hf-slot/G-keep,isolated,0,84374,85897,6-0491,laYCana,lañchana,85898,6-0491,laYcA,lañcā
pwg,main,M-nasal/Hi-sib/Hf-slot/G-keep,isolated,0,84436,85960,6-0494,latAvezwina,latāveṣṭina,85961,6-0494,latAvezwitaka,latāveṣṭitaka
pwg,main,M-nasal/Hi-sib/Hf-slot/G-keep,isolated,0,84511,86037,6-0511,laya,laya,86038,6-0512,mayana,mayana
pwg,main,M-nasal/Hi-sib/Hf-slot/G-keep,isolated,0,84715,86245,6-0529,lAWy,lāṭhy,86246,6-0529,lAwyAyana,lāṭyāyana
pwg,main,M-nasal/Hi-sib/Hf-slot/G-keep,isolated,1,84790,86322,6-0533,lAvaRyaMmaYjarI,lāvaṇyaṃmañjarī,86323,6-0533,lAvaRyamaya,lāvaṇyamaya
pwg,main,M-nasal/Hi-sib/Hf-slot/G-keep,isolated,0,84829,86361,6-0539,lirgu,lirgu,86362,6-0539,liN,liṅ
pwg,main,M-nasal/Hi-sib/Hf-slot/G-keep,isolated,0,85085,86626,6-0574,lehya,lehya,86627,6-0574,laKa,lakha
pwg,main,M-nasal/Hi-sib/Hf-slot/G-keep,isolated,0,85178,86719,6-0584,lolavistAra,lolavistāra,86720,6-0584,lokavIra,lokavīra
pwg,main,M-nasal/Hi-sib/Hf-slot/G-keep,isolated,0,85719,87269,6-0617,vaNke,vaṅke,87270,6-0617,vaNkawaka,vaṅkaṭaka
pwg,main,M-nasal/Hi-sib/Hf-slot/G-keep,isolated,0,85778,87330,6-0629,vacasyu,vacasyu,87331,6-0629,vacasya,vacasya
pwg,main,M-nasal/Hi-sib/Hf-slot/G-keep,isolated,0,85870,87423,6-0635,vajraraTa,vajraratha,87424,6-0635,vajrada,vajrada
pwg,main,M-nasal/Hi-sib/Hf-slot/G-keep,isolated,0,85999,87554,6-0643,vaqikA,vaḍikā,87555,6-0643,baqiSa,baḍiśa
pwg,main,M-nasal/Hi-sib/Hf-slot/G-keep,isolated,0,86254,87813,6-0670,vanavarbarikA,vanavarbarikā,87814,6-0670,vanabarhiRa,vanabarhiṇa
pwg,main,M-nasal/Hi-sib/Hf-slot/G-keep,isolated,0,86425,87989,6-0681,vanDur,vandhur,87990,6-0681,banDur,bandhur
pwg,main,M-nasal/Hi-sib/Hf-slot/G-keep,isolated,0,86460,88030,6-0688,vaptavya,vaptavya,88031,6-0688,bappa,bappa
pwg,main,M-nasal/Hi-sib/Hf-slot/G-keep,isolated,1,87038,88638,6-0801,varzaMpuzpa,varṣaṃpuṣpa,88639,6-0801,varzaprAvan,varṣaprāvan
pwg,main,M-nasal/Hi-sib/Hf-slot/G-keep,isolated,0,87159,88763,6-0810,valkaloDra,valkalodhra,88764,6-0810,valkabant,valkabant
pwg,main,M-nasal/Hi-sib/Hf-slot/G-keep,isolated,0,87888,89517,6-0896,vAjavastya,vājavastya,89518,6-0896,vAjaBarman,vājabharman
pwg,main,M-nasal/Hi-sib/Hf-slot/G-keep,isolated,0,88002,89635,6-0904,vARinI,vāṇinī,89636,6-0905,vARitA,vāṇitā
pwg,main,M-nasal/Hi-sib/Hf-slot/G-keep,isolated,0,88010,89645,6-0905,vARIvilAsa,vāṇīvilāsa,89646,6-0905,bAReya,bāṇeya
pwg,main,M-nasal/Hi-sib/Hf-slot/G-keep,isolated,0,88433,90099,6-0933,vAyuvIja,vāyuvīja,90100,6-0933,vAyuBakza,vāyubhakṣa
pwg,main,M-nasal/Hi-sib/Hf-slot/G-keep,isolated,0,88656,90335,6-0946,vArRavaka,vārṇavaka,90336,6-0946,vArRaka,vārṇaka
pwg,main,M-nasal/Hi-sib/Hf-slot/G-keep,isolated,0,88692,90371,6-0949,vArdara,vārdara,90372,6-0949,bArdala,bārdala
pwg,main,M-nasal/Hi-sib/Hf-slot/G-keep,isolated,0,90185,91946,6-1083,viDvaMsana,vidhvaṃsana,91947,6-1083,viDaMsin,vidhaṃsin
pwg,main,M-nasal/Hi-sib/Hf-slot/G-keep,isolated,0,90324,92086,6-1094,vinizpeza,viniṣpeṣa,92087,6-1094,vinivesin,vinivesin
pwg,main,M-nasal/Hi-sib/Hf-slot/G-keep,isolated,0,90354,92116,6-1096,vindu,vindu,92119,6-1097,bindupratizWAnamaya,bindupratiṣṭhānamaya
pwg,main,M-nasal/Hi-sib/Hf-slot/G-keep,isolated,0,90670,92445,6-1124,vivAgatva,vivāgatva,92446,6-1124,viBAgaBinna,vibhāgabhinna
pwg,main,M-nasal/Hi-sib/Hf-slot/G-keep,isolated,0,91143,92938,6-1166,vilAyaka,vilāyaka,92939,6-1166,bilAyana,bilāyana
pwg,main,M-nasal/Hi-sib/Hf-slot/G-keep,isolated,0,91647,93455,6-1227,viSvatfpta,viśvatṛpta,93456,6-1227,viSvatUrti,viśvatūrti
pwg,main,M-nasal/Hi-sib/Hf-slot/G-keep,isolated,0,91830,93642,6-1236,visvasfj,visvasṛj,93643,6-1236,viSvasfzwi,viśvasṛṣṭi
pwg,main,M-nasal/Hi-sib/Hf-slot/G-keep,isolated,0,92089,93916,6-1256,vizAsya,viṣāsya,93917,6-1256,vizAstra,viṣāstra
pwg,main,M-nasal/Hi-sib/Hf-slot/G-keep,isolated,0,92408,94242,6-1280,visraMsin,visraṃsin,94243,6-1280,visraMsikA,visraṃsikā
pwg,main,M-nasal/Hi-sib/Hf-slot/G-keep,isolated,0,92536,94383,6-1292,vILuharas,vīḻuharas,94384,6-1292,vIqvaNga,vīḍvaṅga
pwg,main,M-nasal/Hi-sib/Hf-slot/G-keep,isolated,0,92609,94463,6-1298,vIragavAkza,vīragavākṣa,94464,6-1298,bIragotra,bīragotra
pwg,main,M-nasal/Hi-sib/Hf-slot/G-keep,isolated,1,92844,94699,6-1311,vfkzaMmUlika,vṛkṣaṃmūlika,94700,6-1311,vfkzamfdBU,vṛkṣamṛdbhū
pwg,main,M-nasal/Hi-sib/Hf-slot/G-keep,isolated,0,92968,94830,6-1324,vftraha,vṛtraha,94831,6-1324,vatrahatya,vatrahatya
pwg,main,M-nasal/Hi-sib/Hf-slot/G-keep,isolated,0,93124,94990,6-1337,vfzaRy,vṛṣaṇy,94991,6-1337,vfzaRASva,vṛṣaṇāśva
pwg,main,M-nasal/Hi-sib/Hf-slot/G-keep,isolated,0,93344,95215,6-1354,veRuhotra,veṇuhotra,95216,6-1354,veRA,veṇā
pwg,main,M-nasal/Hi-sib/Hf-slot/G-keep,isolated,0,93549,95436,6-1369,vedyA,vedyā,95437,6-1369,vedyarDa,vedyardha
pwg,main,M-nasal/Hi-sib/Hf-slot/G-keep,isolated,0,93815,95708,6-1395,vEtAlika,vaitālika,95709,6-1396,bEtAlin,baitālin
pwg,main,M-nasal/Hi-sib/Hf-slot/G-keep,isolated,0,94062,95955,6-1411,vErADayya,vairādhayya,95956,6-1411,vErAtaNka,vairātaṅka
pwg,main,M-nasal/Hi-sib/Hf-slot/G-keep,isolated,0,94096,95990,6-1413,vErohitya,vairohitya,95991,6-1413,bEla,baila
pwg,main,M-nasal/Hi-sib/Hf-slot/G-keep,isolated,0,94496,96395,6-1453,vyavasTAratnamAlA,vyavasthāratnamālā,96396,6-1453,vyabasTAsArasaMgraha,vyabasthāsārasaṃgraha
pwg,main,M-nasal/Hi-sib/Hf-slot/G-keep,isolated,0,95027,96938,6-1502,vrAji,vrāji,96939,6-1502,vrajin,vrajin
pwg,main,M-nasal/Hi-sib/Hf-slot/G-keep,isolated,1,95046,96958,6-1503,vrIqAvant,vrīḍāvant,96959,6-1504,vrIMs,vrīṃs
pwg,main,M-nasal/Hi-sib/Hf-slot/G-keep,isolated,0,95096,96987.21,6-1511,lokAvartana,lokāvartana,96987.22,6-1511,lokasTiti,lokasthiti
pwg,main,M-nasal/Hi-sib/Hf-slot/G-keep,isolated,0,95122,96987.56,6-1511,vyaD,vyadh,96987.58,6-1511,govapuza,govapuṣa
pwg,main,M-nasal/Hi-sib/Hf-slot/G-keep,isolated,0,95245,97117,7-0018,SAktatva,śāktatva,97118,7-0018,Saktideva,śaktideva
pwg,main,M-nasal/Hi-sib/Hf-slot/G-keep,isolated,0,96343,98245,7-0105,Sarvaparvata,śarvaparvata,98246,7-0105,Sarvan,śarvan
pwg,main,M-nasal/Hi-sib/Hf-slot/G-keep,isolated,0,96440,98343,7-0112,SavasOSInarezu,śavasauśīnareṣu,98344,7-0112,SavasAna,śavasāna
pwg,main,M-nasal/Hi-sib/Hf-slot/G-keep,isolated,0,96515,98420,7-0116,SaSiBft,śaśibhṛt,98421,7-0116,SaSiBUzaRa,śaśibhūṣaṇa
pwg,main,M-nasal/Hi-sib/Hf-slot/G-keep,isolated,0,96683,98608,7-0130,SAkekzu,śākekṣu,98609,7-0130,SAkftka,śākṛtka
pwg,main,M-nasal/Hi-sib/Hf-slot/G-keep,isolated,0,96982,98915,7-0150,SAradAtilaka,śāradātilaka,98916,7-0150,SAradaka,śāradaka
pwg,main,M-nasal/Hi-sib/Hf-slot/G-keep,isolated,0,97032,98966,7-0152,SArNKalatodi,śārṅkhalatodi,98967,7-0152,SArga,śārga
pwg,main,M-nasal/Hi-sib/Hf-slot/G-keep,isolated,0,97441,99391,7-0188,Sivi,śivi,99392,7-0188,Sibika,śibika
pwg,main,M-nasal/Hi-sib/Hf-slot/G-keep,isolated,1,98401,100370,7-0259,SuMni,śuṃni,100371,7-0259,SuniMDama,śuniṃdhama
pwg,main,M-nasal/Hi-sib/Hf-slot/G-keep,isolated,0,98853,100837,7-0295,SevfDa,śevṛdha,100838,7-0295,Savya,śavya
pwg,main,M-nasal/Hi-sib/Hf-slot/G-keep,isolated,0,99176,101166,7-0317,SONgIputra,śauṅgīputra,101167,7-0317,SANgIya,śāṅgīya
pwg,main,M-nasal/Hi-sib/Hf-slot/G-keep,isolated,0,100215,102246,7-0424,SvetakuzWa,śvetakuṣṭha,102248,7-0424,SvetakuYjara,śvetakuñjara
pwg,main,M-nasal/Hi-sib/Hf-slot/G-keep,isolated,0,100882,102943,7-0473,savftamantra,savṛtamantra,102944,7-0473,saMvfti,saṃvṛti
pwg,main,M-nasal/Hi-sib/Hf-slot/G-keep,isolated,0,100938,102999,7-0478,saSayAnumitirahasya,saśayānumitirahasya,103000,7-0478,saMSayAlu,saṃśayālu
pwg,main,M-nasal/Hi-sib/Hf-slot/G-keep,isolated,0,100951,103012,7-0478,saMSiSvan,saṃśiśvan,103013,7-0478,saMSiSrIzu,saṃśiśrīṣu
pwg,main,M-nasal/Hi-sib/Hf-slot/G-keep,isolated,0,100978,103040,7-0481,saSrutya,saśrutya,103041,7-0481,saMSreziRa,saṃśreṣiṇa
pwg,main,M-nasal/Hi-sib/Hf-slot/G-keep,isolated,0,101786,103864,7-0565,saYjimant,sañjimant,103865,7-0565,saYjinI,sañjinī
pwg,main,M-nasal/Hi-sib/Hf-slot/G-keep,isolated,0,102084,104176,7-0587,sasyasad,sasyasad,104177,7-0587,satyasaMDa,satyasaṃdha
pwg,main,M-nasal/Hi-sib/Hf-slot/G-keep,isolated,0,102263,104367,7-0611,sadohavirDAnin,sadohavirdhānin,104368,7-0611,sadoza,sadoṣa
pwg,main,M-nasal/Hi-sib/Hf-slot/G-keep,isolated,0,103020,105147,7-0670,savarDu,savardhu,105148,7-0670,sabala,sabala
pwg,main,M-nasal/Hi-sib/Hf-slot/G-keep,isolated,0,103177,105314,7-0685,sasantAloka,sasantāloka,105315,7-0685,samantAvalokita,samantāvalokita
pwg,main,M-nasal/Hi-sib/Hf-slot/G-keep,isolated,0,103540,105684,7-0710,samAvadvIrya,samāvadvīrya,105685,7-0710,samAvadBAj,samāvadbhāj
pwg,main,M-nasal/Hi-sib/Hf-slot/G-keep,isolated,1,103947,106094,7-0742,saMpUrRavrata,saṃpūrṇavrata,106095,7-0742,sapUrti,sapūrti
pwg,main,M-nasal/Hi-sib/Hf-slot/G-keep,isolated,0,104496,106656,7-0811,sarpirilA,sarpirilā,106657,7-0811,sapirgrIva,sapirgrīva
pwg,main,M-nasal/Hi-sib/Hf-slot/G-keep,isolated,0,104821,106989,7-0828,sarvavarRa,sarvavarṇa,106990,7-0828,sarvarRikA,sarvarṇikā
pwg,main,M-nasal/Hi-sib/Hf-slot/G-keep,isolated,0,105052,107230,7-0838,salavaRa,salavaṇa,107231,7-0838,salalUka,salalūka
pwg,main,M-nasal/Hi-sib/Hf-slot/G-keep,isolated,0,105156,107340,7-0844,savid,savid,107341,7-0844,savitar,savitar
pwg,main,M-nasal/Hi-sib/Hf-slot/G-keep,isolated,0,105182,107367,7-0846,savIvaDatA,savīvadhatā,107368,7-0846,saMvft,saṃvṛt
pwg,main,M-nasal/Hi-sib/Hf-slot/G-keep,isolated,0,105510,107707,7-0873,sahasraraSmi,sahasraraśmi,107708,7-0873,savasraraSmitanaya,savasraraśmitanaya
pwg,main,M-nasal/Hi-sib/Hf-slot/G-keep,isolated,0,105549,107746,7-0874,sahasrASuja,sahasrāśuja,107747,7-0875,sahasrAkza,sahasrākṣa
pwg,main,M-nasal/Hi-sib/Hf-slot/G-keep,isolated,0,106645,108869,7-0962,sAvErisole,sāvairisole,108870,7-0962,sAvaka,sāvaka
pwg,main,M-nasal/Hi-sib/Hf-slot/G-keep,isolated,0,108050,110339,7-1063,sudevana,sudevana,110340,7-1063,sudivi,sudivi
pwg,main,M-nasal/Hi-sib/Hf-slot/G-keep,isolated,0,108755,111079,7-1105,surakta,surakta,111080,7-1105,saraktaka,saraktaka
pwg,main,M-nasal/Hi-sib/Hf-slot/G-keep,isolated,0,109957,112330,7-1174,sUryaketu,sūryaketu,112331,7-1174,sUryakAla,sūryakāla
pwg,main,M-nasal/Hi-sib/Hf-slot/G-keep,isolated,0,110257,112632,7-1189,senAsTAna,senāsthāna,112633,7-1189,senAvyUha,senāvyūha
pwg,main,M-nasal/Hi-sib/Hf-slot/G-keep,isolated,0,111091,113478,7-1241,skanDAgni,skandhāgni,113479,7-1241,skanDAkza,skandhākṣa
pwg,main,M-nasal/Hi-sib/Hf-slot/G-keep,isolated,0,111460,113856,7-1279,strEzUya,straiṣūya,113857,7-1279,strErAjaka,strairājaka
pwg,main,M-nasal/Hi-sib/Hf-slot/G-keep,isolated,0,111950,114359,7-1363,sparSaka,sparśaka,114360,7-1363,starSatA,starśatā
pwg,main,M-nasal/Hi-sib/Hf-slot/G-keep,isolated,0,112321,114734,7-1403,sravadrarBA,sravadrarbhā,114735,7-1403,sravadraNga,sravadraṅga
pwg,main,M-nasal/Hi-sib/Hf-slot/G-keep,isolated,0,112373,114788,7-1410,srekaparRa,srekaparṇa,114789,7-1410,sraman,sraman
pwg,main,M-nasal/Hi-sib/Hf-slot/G-keep,isolated,0,112690,115124,7-1438,svayamudrIrRa,svayamudrīrṇa,115125,7-1438,svayamudGAwita,svayamudghāṭita
pwg,main,M-nasal/Hi-sib/Hf-slot/G-keep,isolated,0,113508,115965,7-1493,hataputra,hataputra,115966,7-1493,hatapitar,hatapitar
pwg,main,M-nasal/Hi-sib/Hf-slot/G-keep,isolated,0,113924,116393,7-1562,haryAtman,haryātman,116394,7-1562,harpAnanda,harpānanda
pwg,main,M-nasal/Hi-sib/Hf-slot/G-keep,isolated,0,113976,116446,7-1568,halin,halin,116447,7-1568,haliNgu,haliṅgu
pwg,main,M-nasal/Hi-sib/Hf-slot/G-keep,isolated,0,114511,116996,7-1619,himajyotis,himajyotis,116997,7-1619,himajJawi,himajjhaṭi
pwg,main,M-nasal/Hi-sib/Hf-slot/G-keep,isolated,0,115319,117824,7-1673,hrasvajAtya,hrasvajātya,117825,7-1673,hrastataRqula,hrastataṇḍula
pwg,main,M-nasal/Hi-sib/Hf-slot/G-keep,isolated,0,115665,118182,7-1692,analA,analā,118183,7-1692,anarvaRa,anarvaṇa
pwg,main,M-nasal/Hi-sib/Hf-slot/G-keep,isolated,0,115698,118215,7-1693,anuklapti,anuklapti,118216,7-1693,anuktasidDi,anuktasiddhi
pwg,main,M-nasal/Hi-sib/Hf-slot/G-keep,isolated,0,116121,118638,7-1704,avyavikanyAya,avyavikanyāya,118639,7-1705,abratavant,abratavant
pwg,main,M-nasal/Hi-sib/Hf-slot/G-keep,isolated,0,116131,118649,7-1705,aSreyaMs,aśreyaṃs,118650,7-1705,ava,ava
pwg,main,M-nasal/Hi-sib/Hf-slot/G-keep,isolated,0,116488,119010,7-1716,udrAracUqaka,udrāracūḍaka,119011,7-1716,udgrahaRikA,udgrahaṇikā
pwg,main,M-nasal/Hi-sib/Hf-slot/G-keep,isolated,0,117301,119831,7-1740,grumuzwi,grumuṣṭi,119832,7-1740,graT,grath
pwg,main,M-nasal/Hi-sib/Hf-slot/G-keep,isolated,0,117528,120062,7-1747,wuRwuka,ṭuṇṭuka,120063,7-1747,waRwuka,ṭaṇṭuka
pwg,main,M-nasal/Hi-sib/Hf-slot/G-keep,isolated,0,117697,120234,7-1751,daSata,daśata,120235,7-1751,darh,darh
pwg,main,M-nasal/Hi-sib/Hf-slot/G-keep,isolated,0,117731,120270,7-1753,deSya,deśya,120271,7-1753,dih,dih
pwg,main,M-nasal/Hi-sib/Hf-slot/G-keep,isolated,0,118454,121001,7-1773,praklapti,praklapti,121002,7-1773,prakramitar,prakramitar
pwg,main,M-nasal/Hi-sib/Hf-slot/G-keep,isolated,0,118707,121255,7-1781,vahusAhasra,vahusāhasra,121256,7-1781,bahuhastika,bahuhastika
pwg,main,M-nasal/Hi-sib/Hf-slot/G-keep,isolated,0,119504,122069,7-1804,viqambaka,viḍambaka,122070,7-1804,biqOjas,biḍaujas
pwg,main,M-nasal/Hi-sib/Hf-slot/G-keep,isolated,0,119591,122159,7-1807,vILuharas,vīḻuharas,122160,7-1807,vITImArga,vīthīmārga
pwg,main,M-nasal/Hi-sib/Hf-slot/G-keep,isolated,0,119742,122311,7-1811,SAkinI,śākinī,122312,7-1811,SAkala,śākala
pwg,main,M-nasal/Hi-sib/Hf-slot/G-keep,isolated,0,120063,122633,7-1820,suBUma,subhūma,122634,7-1820,suBAjas,subhājas
pw,main,M-nasal/Hi-sib/Hf-slot/G-keep,isolated,0,262,279,1-004-a,akzapari,akṣapari,280,1-004-a,akzaparAjaya,akṣaparājaya
pw,main,M-nasal/Hi-sib/Hf-slot/G-keep,isolated,0,1825,1878,1-022-c,atiprApti,atiprāpti,1879,1-022-c,atiprARapriya,atiprāṇapriya
pw,main,M-nasal/Hi-sib/Hf-slot/G-keep,isolated,0,2265,2328,1-027-b,atyuvISi,atyuvīśi,2329,1-027-b,atyulbaRa,atyulbaṇa
pw,main,M-nasal/Hi-sib/Hf-slot/G-keep,isolated,0,2651,2735,1-032-b,aDarmizWa,adharmiṣṭha,2736,1-032-b,aDarmaSaraRa,adharmaśaraṇa
pw,main,M-nasal/Hi-sib/Hf-slot/G-keep,isolated,0,2901,2992,1-035-c,aDoSuka,adhośuka,2993,1-035-c,aDok,adhok
pw,main,M-nasal/Hi-sib/Hf-slot/G-keep,isolated,0,2992,3085,1-036-b,aDyAtmam,adhyātmam,3086,1-036-c,aDyAtmapradIpikA,adhyātmapradīpikā
pw,main,M-nasal/Hi-sib/Hf-slot/G-keep,isolated,1,3462,3564,1-042-a,anaBisaMDipUrvaka,anabhisaṃdhipūrvaka,3565,1-042-a,anaBisaMvanDa,anabhisaṃvandha
pw,main,M-nasal/Hi-sib/Hf-slot/G-keep,isolated,0,4236,4375,1-051-c,anucCedAtmaka,anucchedātmaka,4376,1-051-c,anucCUsant,anucchūsant
pw,main,M-nasal/Hi-sib/Hf-slot/G-keep,isolated,1,5272,5432,1-064-b,antaHsTa,antaḥstha,5433,1-064-b,antasTAcCandas,antasthācchandas
pw,main,M-nasal/Hi-sib/Hf-slot/G-keep,isolated,0,5766,5941,1-070-b,apadaSa,apadaśa,5942,1-070-b,apadamukta,apadamukta
pw,main,M-nasal/Hi-sib/Hf-slot/G-keep,isolated,0,6225,6417,1-075-c,apAnarUpa,apānarūpa,6418,1-075-c,apAnadA,apānadā
pw,main,M-nasal/Hi-sib/Hf-slot/G-keep,isolated,0,7665,7895,1-092-c,aByavakarzaRa,abhyavakarṣaṇa,7896,1-092-c,aByalaMkAra,abhyalaṃkāra
pw,main,M-nasal/Hi-sib/Hf-slot/G-keep,isolated,0,7703,7933,1-093-a,aByAtmam,abhyātmam,7934,1-093-a,aByAtmataram,abhyātmataram
pw,main,M-nasal/Hi-sib/Hf-slot/G-keep,isolated,0,8603,8860,1-103-b,ayogra,ayogra,8861,1-103-b,ayoga,ayoga
pw,main,M-nasal/Hi-sib/Hf-slot/G-keep,isolated,0,9515,9804,1-115-b,aryI,aryī,9805,1-115-b,aryaka,aryaka
pw,main,M-nasal/Hi-sib/Hf-slot/G-keep,isolated,0,9532,9822,1-115-b,arvant,arvant,9824,1-115-b,arvanas,arvanas
pw,main,M-nasal/Hi-sib/Hf-slot/G-keep,isolated,0,9573,9865,1-116-b,maNgalyArhA,maṅgalyārhā,9866,1-116-b,arhaccandrasUri,arhaccandrasūri
pw,main,M-nasal/Hi-sib/Hf-slot/G-keep,isolated,0,9578,9870,1-116-b,arhatva,arhatva,9871,1-116-b,arhattva,arhattva
pw,main,M-nasal/Hi-sib/Hf-slot/G-keep,isolated,0,9791,10090,1-119-a,alpatejas,alpatejas,10091,1-119-a,alpatA,alpatā
pw,main,M-nasal/Hi-sib/Hf-slot/G-keep,isolated,0,11748,12125,1-142-b,azwAdaSAkzara,aṣṭādaśākṣara,12126,1-142-b,azwAdaSaBujA,aṣṭādaśabhujā
pw,main,M-nasal/Hi-sib/Hf-slot/G-keep,isolated,0,12221,12626,1-150-a,asiDArA,asidhārā,12627,1-150-a,asiDAraka,asidhāraka
pw,main,M-nasal/Hi-sib/Hf-slot/G-keep,isolated,1,12669,13090,1-155-a,ahaMmana,ahaṃmana,13091,1-155-a,ahaHpati,ahaḥpati
pw,main,M-nasal/Hi-sib/Hf-slot/G-keep,isolated,0,12833,13257,1-156-c,ahirbuDnyas,ahirbudhnyas,13258,1-157-a,ahirbuDnyadevatA,ahirbudhnyadevatā
pw,main,M-nasal/Hi-sib/Hf-slot/G-keep,isolated,0,12870,13295,1-157-b,aheLant,aheḻant,13296,1-157-b,ahetu,ahetu
pw,main,M-nasal/Hi-sib/Hf-slot/G-keep,isolated,0,13639,14078,1-166-b,AtAyin,ātāyin,14079,1-166-b,AtAmra,ātāmra
pw,main,M-nasal/Hi-sib/Hf-slot/G-keep,isolated,0,13918,14366,1-170-a,Adikartar,ādikartar,14367,1-170-a,AdikarRI,ādikarṇī
pw,main,M-nasal/Hi-sib/Hf-slot/G-keep,isolated,0,14091,14543,1-172-a,yitA,yitā,14544,1-172-a,ADAra,ādhāra
pw,main,M-nasal/Hi-sib/Hf-slot/G-keep,isolated,0,15646,16140,1-191-a,ASIrvAcaka,āśīrvācaka,16141,1-191-a,ASIrvant,āśīrvant
pw,main,M-nasal/Hi-sib/Hf-slot/G-keep,isolated,0,16185,16703,1-201-c,icCu,icchu,16704,1-201-c,icC,icch
pw,main,M-nasal/Hi-sib/Hf-slot/G-keep,isolated,0,16571,17098,1-206-b,indrAgnyorayanam,indrāgnyorayanam,17099,1-206-b,indrAgnidevatA,indrāgnidevatā
pw,main,M-nasal/Hi-sib/Hf-slot/G-keep,isolated,0,16625,17153,1-207-a,indriyAyatana,indriyāyatana,17154,1-207-a,indriyAtman,indriyātman
pw,main,M-nasal/Hi-sib/Hf-slot/G-keep,isolated,0,17018,17567,1-214-a,IzaRin,īṣaṇin,17568,1-214-a,IzacCvAsa,īṣacchvāsa
pw,main,M-nasal/Hi-sib/Hf-slot/G-keep,isolated,0,17518,18082,1-220-c,utKAtin,utkhātin,18083,1-220-c,utKalI,utkhalī
pw,main,M-nasal/Hi-sib/Hf-slot/G-keep,isolated,0,18297,18876,1-230-b,udAharaRAvalI,udāharaṇāvalī,18877,1-230-b,udAharaRacandrikA,udāharaṇacandrikā
pw,main,M-nasal/Hi-sib/Hf-slot/G-keep,isolated,0,20634,21273,1-260-b,fktas,ṛktas,21274,1-260-b,fktantra,ṛktantra
pw,main,M-nasal/Hi-sib/Hf-slot/G-keep,isolated,0,21284,21945,1-268-b,ekaviMSatyaratni,ekaviṃśatyaratni,21946,1-268-b,ekaviMSatisaMsTa,ekaviṃśatisaṃstha
pw,main,M-nasal/Hi-sib/Hf-slot/G-keep,isolated,0,21285,21946,1-268-b,ekaviMSatisaMsTa,ekaviṃśatisaṃstha,21947,1-268-b,ekaviMSatitama,ekaviṃśatitama
pw,main,M-nasal/Hi-sib/Hf-slot/G-keep,isolated,0,21880,22574,1-276-a,ESvaryavivaraRa,aiśvaryavivaraṇa,22575,1-276-a,ESvaryavant,aiśvaryavant
pw,main,M-nasal/Hi-sib/Hf-slot/G-keep,isolated,0,22483,23191,2-002-b,kakKawapattraka,kakkhaṭapattraka,23192,2-002-b,kakkala,kakkala
pw,main,M-nasal/Hi-sib/Hf-slot/G-keep,isolated,0,22755,23465,2-005-c,kawukaviwapa,kaṭukaviṭapa,23466,2-005-c,kawukaraYja,kaṭukarañja
pw,main,M-nasal/Hi-sib/Hf-slot/G-keep,isolated,0,22776,23486,2-005-c,kawutumbI,kaṭutumbī,23487,2-006-a,kawutumbinI,kaṭutumbinī
pw,main,M-nasal/Hi-sib/Hf-slot/G-keep,isolated,0,23082,23793,2-009-b,katipayena,katipayena,23794,2-009-b,katipayaTa,katipayatha
pw,main,M-nasal/Hi-sib/Hf-slot/G-keep,isolated,0,23657,24376,2-016-b,kaPin,kaphin,24377,2-016-b,kaPiRa,kaphiṇa
pw,main,M-nasal/Hi-sib/Hf-slot/G-keep,isolated,0,23805,24535,2-021-b,karakawa,karakaṭa,24536,2-021-b,karakacaturTI,karakacaturthī
pw,main,M-nasal/Hi-sib/Hf-slot/G-keep,isolated,0,25329,26089,2-043-a,kAkiRI,kākiṇī,26090,2-043-a,kAkiRika,kākiṇika
pw,main,M-nasal/Hi-sib/Hf-slot/G-keep,isolated,0,25371,26134,2-043-c,kANkata,kāṅkata,26135,2-043-c,kAgni,kāgni
pw,main,M-nasal/Hi-sib/Hf-slot/G-keep,isolated,0,27440,28257,2-070-c,kuYjara,kuñjara,28258,2-070-c,kuYjakuwIra,kuñjakuṭīra
pw,main,M-nasal/Hi-sib/Hf-slot/G-keep,isolated,0,28080,28912,2-079-a,kumBabIjaka,kumbhabījaka,28913,2-079-a,kumBabila,kumbhabila
pw,main,M-nasal/Hi-sib/Hf-slot/G-keep,isolated,0,28835,29690,2-087-c,kUwakft,kūṭakṛt,29691,2-087-c,kUwakin,kūṭakin
pw,main,M-nasal/Hi-sib/Hf-slot/G-keep,isolated,0,28963,29821,2-089-b,kUrmikA,kūrmikā,29822,2-089-b,kUrmi,kūrmi
pw,main,M-nasal/Hi-sib/Hf-slot/G-keep,isolated,0,29424,30293,2-095-a,kfzisaMgraha,kṛṣisaṃgraha,30294,2-095-a,kfziBAgin,kṛṣibhāgin
pw,main,M-nasal/Hi-sib/Hf-slot/G-keep,isolated,0,30365,31241,2-105-c,kosalavideha,kosalavideha,31242,2-105-c,kosalajA,kosalajā
pw,main,M-nasal/Hi-sib/Hf-slot/G-keep,isolated,0,30849,31734,2-113-b,kramavfdDi,kramavṛddhi,31735,2-113-b,kramaleKA,kramalekhā
pw,main,M-nasal/Hi-sib/Hf-slot/G-keep,isolated,0,31117,32007,2-117-a,kroqaloman,kroḍaloman,32008,2-117-a,kroqamallaka,kroḍamallaka
pw,main,M-nasal/Hi-sib/Hf-slot/G-keep,isolated,0,31789,32710,2-128-a,kzIrodanandana,kṣīrodanandana,32711,2-128-a,kzIrodaDi,kṣīrodadhi
pw,main,M-nasal/Hi-sib/Hf-slot/G-keep,isolated,0,32429,33363,2-135-b,KaRqapARi,khaṇḍapāṇi,33364,2-135-b,KaRqapAka,khaṇḍapāka
pw,main,M-nasal/Hi-sib/Hf-slot/G-keep,isolated,0,32923,33864,2-141-b,Kurd,khurd,33865,2-141-b,KuroparibanDana,khuroparibandhana
pw,main,M-nasal/Hi-sib/Hf-slot/G-keep,isolated,0,34035,34994,2-159-b,garmud,garmud,34995,2-159-b,garmut,garmut
pw,main,M-nasal/Hi-sib/Hf-slot/G-keep,isolated,0,34237,35205,2-163-a,gARqAlI,gāṇḍālī,35206,2-163-a,gARqavya,gāṇḍavya
pw,main,M-nasal/Hi-sib/Hf-slot/G-keep,isolated,0,35201,36193,2-176-a,gfh,gṛh,36194,2-176-a,gfzwyA,gṛṣṭyā
pw,main,M-nasal/Hi-sib/Hf-slot/G-keep,isolated,0,35236,36228,2-176-b,gfhadAha,gṛhadāha,36229,2-176-b,gfhadAsikA,gṛhadāsikā
pw,main,M-nasal/Hi-sib/Hf-slot/G-keep,isolated,0,36682,37703,2-196-b,GawIgraha,ghaṭīgraha,37704,2-196-b,GawIkA,ghaṭīkā
pw,main,M-nasal/Hi-sib/Hf-slot/G-keep,isolated,0,38369,39415,2-220-a,carvaRa,carvaṇa,39416,2-220-a,carvawi,carvaṭi
pw,main,M-nasal/Hi-sib/Hf-slot/G-keep,isolated,0,38436,39486,2-221-b,cAkravarmaRa,cākravarmaṇa,39487,2-221-b,cAkrapAleya,cākrapāleya
pw,main,M-nasal/Hi-sib/Hf-slot/G-keep,isolated,0,38528,39579,2-222-b,cAtuzprAharika,cātuṣprāharika,39580,2-222-b,cAtuzprASya,cātuṣprāśya
pw,main,M-nasal/Hi-sib/Hf-slot/G-keep,isolated,0,40528,41626,2-252-b,janmacintAmaRi,janmacintāmaṇi,41627,2-252-b,janmagfha,janmagṛha
pw,main,M-nasal/Hi-sib/Hf-slot/G-keep,isolated,0,40680,41782,2-254-c,jayadAman,jayadāman,41783,2-254-c,jayataSrI,jayataśrī
pw,main,M-nasal/Hi-sib/Hf-slot/G-keep,isolated,0,41335,42454,2-262-c,jAtAyana,jātāyana,42455,2-262-c,jAtAyatyA,jātāyatyā
pw,main,M-nasal/Hi-sib/Hf-slot/G-keep,isolated,1,43158,44322,3-006-a,tadAnIMdugDa,tadānīṃdugdha,44323,3-006-a,tadAnIntana,tadānīntana
pw,main,M-nasal/Hi-sib/Hf-slot/G-keep,isolated,0,43822,45002,3-018-c,talamIna,talamīna,45003,3-018-c,talabadDa,talabaddha
pw,main,M-nasal/Hi-sib/Hf-slot/G-keep,isolated,0,44571,45763,3-028-b,tindukI,tindukī,45764,3-028-b,tindukinI,tindukinī
pw,main,M-nasal/Hi-sib/Hf-slot/G-keep,isolated,0,47691,48959,3-068-c,danturay,danturay,48960,3-068-c,danturacCada,danturacchada
pw,main,M-nasal/Hi-sib/Hf-slot/G-keep,isolated,0,47787,49060,3-070-c,darImuKa,darīmukha,49062,3-070-c,darIman,darīman
pw,main,M-nasal/Hi-sib/Hf-slot/G-keep,isolated,0,49304,50657,3-095-c,dIrGapallava,dīrghapallava,50658,3-095-c,dIrGapad,dīrghapad
pw,main,M-nasal/Hi-sib/Hf-slot/G-keep,isolated,0,49506,50867,3-098-a,dudruma,dudruma,50868,3-098-a,dudDara,duddhara
pw,main,M-nasal/Hi-sib/Hf-slot/G-keep,isolated,0,51205,52632,3-119-b,devAy,devāy,52633,3-119-c,devABimuKa,devābhimukha
pw,main,M-nasal/Hi-sib/Hf-slot/G-keep,isolated,0,52488,53945,3-135-c,dviDAleKya,dvidhālekhya,53946,3-135-c,dviDarvaha,dvidharvaha
pw,main,M-nasal/Hi-sib/Hf-slot/G-keep,isolated,0,52832,54299,3-139-c,dvyaNgulautkarzam,dvyaṅgulautkarṣam,54300,3-139-c,dvyaNgula,dvyaṅgula
pw,main,M-nasal/Hi-sib/Hf-slot/G-keep,isolated,0,53585,55080,3-156-a,DAtuprasakta,dhātuprasakta,55081,3-156-b,DAtupradIpa,dhātupradīpa
pw,main,M-nasal/Hi-sib/Hf-slot/G-keep,isolated,0,54010,55549,3-163-c,DUpin,dhūpin,55550,3-163-c,DUpika,dhūpika
pw,main,M-nasal/Hi-sib/Hf-slot/G-keep,isolated,0,55287,56847,3-182-b,naradika,naradika,56848,3-182-b,naradanta,naradanta
pw,main,M-nasal/Hi-sib/Hf-slot/G-keep,isolated,0,55563,57134,3-185-c,navanItabanDa,navanītabandha,57135,3-185-c,navanItapfSni,navanītapṛśni
pw,main,M-nasal/Hi-sib/Hf-slot/G-keep,isolated,0,60201,61903,4-006-a,paYcaDAvanDyAprakASa,pañcadhāvandhyāprakāśa,61904,4-006-a,paYcaDAraRaka,pañcadhāraṇaka
pw,main,M-nasal/Hi-sib/Hf-slot/G-keep,isolated,0,62778,64542,4-048-c,parutka,parutka,64543,4-048-c,parut,parut
pw,main,M-nasal/Hi-sib/Hf-slot/G-keep,isolated,0,65260,67098,4-085-a,pipAsA,pipāsā,67099,4-085-a,pipAsavant,pipāsavant
pw,main,M-nasal/Hi-sib/Hf-slot/G-keep,isolated,0,66176,68039,4-098-b,purastAdudDAra,purastāduddhāra,68040,4-098-b,purastAdudarka,purastādudarka
pw,main,M-nasal/Hi-sib/Hf-slot/G-keep,isolated,0,67173,69057,4-112-c,pUrvajAti,pūrvajāti,69058,4-112-c,pUrvajA,pūrvajā
pw,main,M-nasal/Hi-sib/Hf-slot/G-keep,isolated,0,67533,69422,4-117-a,pfTASva,pṛthāśva,69423,4-117-a,pfTABU,pṛthābhū
pw,main,M-nasal/Hi-sib/Hf-slot/G-keep,isolated,0,67806,69698,4-120-b,pfzWya,pṛṣṭhya,69699,4-120-b,pfzWopatApa,pṛṣṭhopatāpa
pw,main,M-nasal/Hi-sib/Hf-slot/G-keep,isolated,0,67838,69730,4-121-a,perA,perā,69731,4-121-a,peraRi,peraṇi
pw,main,M-nasal/Hi-sib/Hf-slot/G-keep,isolated,0,68324,70231,4-127-a,prakaraRasama,prakaraṇasama,70232,4-127-a,prakaraRaSas,prakaraṇaśas
pw,main,M-nasal/Hi-sib/Hf-slot/G-keep,isolated,0,70647,72606,4-161-c,praBAnIya,prabhānīya,72607,4-161-c,praBAnanA,prabhānanā
pw,main,M-nasal/Hi-sib/Hf-slot/G-keep,isolated,0,71513,73493,4-174-c,prasavi,prasavi,73494,4-174-c,prasavasTalI,prasavasthalī
pw,main,M-nasal/Hi-sib/Hf-slot/G-keep,isolated,0,73789,75828,4-209-a,banDyASva,bandhyāśva,75829,4-209-a,bandDra,banddhra
pw,main,M-nasal/Hi-sib/Hf-slot/G-keep,isolated,0,75043,77119,4-226-b,biSAyaka,biśāyaka,77120,4-226-b,biSa,biśa
pw,main,M-nasal/Hi-sib/Hf-slot/G-keep,isolated,0,76115,78210,4-240-c,brahmopeta,brahmopeta,78211,4-240-c,brahmopanetar,brahmopanetar
pw,main,M-nasal/Hi-sib/Hf-slot/G-keep,isolated,0,76499,78604,4-247-c,BawwAraharicandra,bhaṭṭāraharicandra,78605,4-247-c,BawwArakAmaWa,bhaṭṭārakāmaṭha
pw,main,M-nasal/Hi-sib/Hf-slot/G-keep,isolated,0,77541,79665,4-263-a,BAvitaBAvana,bhāvitabhāvana,79666,4-263-b,BAvitabudDi,bhāvitabuddhi
pw,main,M-nasal/Hi-sib/Hf-slot/G-keep,isolated,0,78326,80469,4-278-a,BUpAlastotra,bhūpālastotra,80470,4-278-a,BUpAlasAhi,bhūpālasāhi
pw,main,M-nasal/Hi-sib/Hf-slot/G-keep,isolated,0,78445,80590,4-279-b,BUmyanantara,bhūmyanantara,80591,4-279-b,BUmya,bhūmya
pw,main,M-nasal/Hi-sib/Hf-slot/G-keep,isolated,0,78495,80640,4-280-a,BUridAvant,bhūridāvant,80641,4-280-a,BUridAvan,bhūridāvan
pw,main,M-nasal/Hi-sib/Hf-slot/G-keep,isolated,0,79340,81510,5-003-a,maNgalagIta,maṅgalagīta,81511,5-003-a,maNgalagiri,maṅgalagiri
pw,main,M-nasal/Hi-sib/Hf-slot/G-keep,isolated,0,79695,81870,5-008-a,maRqalanyAsa,maṇḍalanyāsa,81871,5-008-a,maRqalanftya,maṇḍalanṛtya
pw,main,M-nasal/Hi-sib/Hf-slot/G-keep,isolated,0,80563,82753,5-020-b,maDvasy,madhvasy,82754,5-020-b,maDvasahasranAmaBAzya,madhvasahasranāmabhāṣya
pw,main,M-nasal/Hi-sib/Hf-slot/G-keep,isolated,0,80596,82787,5-021-c,manavaSas,manavaśas,82788,5-021-c,mananya,mananya
pw,main,M-nasal/Hi-sib/Hf-slot/G-keep,isolated,0,81135,83338,5-029-c,mandikukura,mandikukura,83339,5-029-c,mandi,mandi
pw,main,M-nasal/Hi-sib/Hf-slot/G-keep,isolated,0,81659,83873,5-038-b,malimlusenA,malimlusenā,83874,5-038-b,malimluc,malimluc
pw,main,M-nasal/Hi-sib/Hf-slot/G-keep,isolated,0,84339,86662,5-075-c,mAsavartikA,māsavartikā,86663,5-075-c,mAsala,māsala
pw,main,M-nasal/Hi-sib/Hf-slot/G-keep,isolated,0,85036,87386,5-086-a,muKeBava,mukhebhava,87387,5-086-a,muKendu,mukhendu
pw,main,M-nasal/Hi-sib/Hf-slot/G-keep,isolated,0,85599,87970,5-096-b,mUlapuliSasidDAnta,mūlapuliśasiddhānta,87971,5-096-b,mUlapAka,mūlapāka
pw,main,M-nasal/Hi-sib/Hf-slot/G-keep,isolated,0,85911,88287,5-100-a,mfLayAku,mṛḻayāku,88288,5-100-a,mfqAku,mṛḍāku
pw,main,M-nasal/Hi-sib/Hf-slot/G-keep,isolated,0,86900,89293,5-113-b,mliC,mlich,89294,5-113-b,mlicCa,mliccha
pw,main,M-nasal/Hi-sib/Hf-slot/G-keep,isolated,0,86906,89299,5-113-b,mleC,mlech,89300,5-113-b,mlecCa,mleccha
pw,main,M-nasal/Hi-sib/Hf-slot/G-keep,isolated,0,87861,90270,5-130-a,yamatIrTa,yamatīrtha,90271,5-130-a,yamatA,yamatā
pw,main,M-nasal/Hi-sib/Hf-slot/G-keep,isolated,0,88433,90870,5-140-b,yAyAvara,yāyāvara,90871,5-140-b,yAyazwi,yāyaṣṭi
pw,main,M-nasal/Hi-sib/Hf-slot/G-keep,isolated,0,88490,90930,5-141-a,yAvadgamam,yāvadgamam,90931,5-141-a,yAvagfhItin,yāvagṛhītin
pw,main,M-nasal/Hi-sib/Hf-slot/G-keep,isolated,0,90166,92643,5-167-c,raTo|a,rathoḻha,92644,5-167-c,raTotsava,rathotsava
pw,main,M-nasal/Hi-sib/Hf-slot/G-keep,isolated,0,95593,98201,6-017-b,vanDyAduhitar,vandhyāduhitar,98202,6-017-b,vandyAputra,vandyāputra
pw,main,M-nasal/Hi-sib/Hf-slot/G-keep,isolated,0,96286,98933,6-037-a,varmavant,varmavant,98934,6-037-a,varmay,varmay
pw,main,M-nasal/Hi-sib/Hf-slot/G-keep,isolated,0,96603,99258,6-042-a,vaSAyita,vaśāyita,99259,6-042-a,vaSAyAta,vaśāyāta
pw,main,M-nasal/Hi-sib/Hf-slot/G-keep,isolated,0,97145,99827,6-053-a,vAgdaRqaka,vāgdaṇḍaka,99828,6-053-a,vAkyadIpikA,vākyadīpikā
pw,main,M-nasal/Hi-sib/Hf-slot/G-keep,isolated,0,97942,100667,6-064-b,vAmaBAzin,vāmabhāṣin,100668,6-064-b,vAmaBAj,vāmabhāj
pw,main,M-nasal/Hi-sib/Hf-slot/G-keep,isolated,0,99386,102205,6-086-a,vijAvan,vijāvan,102206,6-086-a,vijAvatI,vijāvatī
pw,main,M-nasal/Hi-sib/Hf-slot/G-keep,isolated,0,99532,102351,6-087-c,viWala,viṭhala,102352,6-087-c,viwWala,viṭṭhala
pw,main,M-nasal/Hi-sib/Hf-slot/G-keep,isolated,1,100320,103169,6-100-c,viniHsfti,viniḥsṛti,103170,6-100-c,vinisfptAhuti,vinisṛptāhuti
pw,main,M-nasal/Hi-sib/Hf-slot/G-keep,isolated,0,101655,104553,6-124-a,viSAKavant,viśākhavant,104554,6-124-a,viSAKala,viśākhala
pw,main,M-nasal/Hi-sib/Hf-slot/G-keep,isolated,0,102420,105346,6-135-a,vizAsya,viṣāsya,105347,6-135-a,vizAstra,viṣāstra
pw,main,M-nasal/Hi-sib/Hf-slot/G-keep,isolated,0,102935,105870,6-142-a,viheWana,viheṭhana,105871,6-142-a,viheWa,viheṭha
pw,main,M-nasal/Hi-sib/Hf-slot/G-keep,isolated,0,102973,105917,6-143-a,vILupARi,vīḻupāṇi,105918,6-143-a,vIquharas,vīḍuharas
pw,main,M-nasal/Hi-sib/Hf-slot/G-keep,isolated,0,102975,105919,6-143-a,vILuharzin,vīḻuharṣin,105920,6-143-a,vIqvaNga,vīḍvaṅga
pw,main,M-nasal/Hi-sib/Hf-slot/G-keep,isolated,0,103490,106451,6-149-c,vftya,vṛtya,106452,6-149-c,vfttvAya,vṛttvāya
pw,main,M-nasal/Hi-sib/Hf-slot/G-keep,isolated,0,103718,106683,6-153-a,vfzaRy,vṛṣaṇy,106684,6-153-a,vfzaRASva,vṛṣaṇāśva
pw,main,M-nasal/Hi-sib/Hf-slot/G-keep,isolated,0,104557,107553,6-164-c,vEcitya,vaicitya,107554,6-164-c,vEcittya,vaicittya
pw,main,M-nasal/Hi-sib/Hf-slot/G-keep,isolated,0,104596,107593,6-165-b,vEqUryaSeKara,vaiḍūryaśekhara,107594,6-165-b,vEqUryaSfNga,vaiḍūryaśṛṅga
pw,main,M-nasal/Hi-sib/Hf-slot/G-keep,isolated,0,105996,109014,6-187-c,vraRana,vraṇana,109015,6-187-c,vraRatA,vraṇatā
pw,main,M-nasal/Hi-sib/Hf-slot/G-keep,isolated,0,107116,110159,6-204-a,SapaTottaram,śapathottaram,110160,6-204-a,SapaTeyya,śapatheyya
pw,main,M-nasal/Hi-sib/Hf-slot/G-keep,isolated,0,108738,111864,6-226-c,SAlikAnATa,śālikānātha,111865,6-226-c,SAlikAcArya,śālikācārya
pw,main,M-nasal/Hi-sib/Hf-slot/G-keep,isolated,1,110316,113486,6-249-c,SudDAntapAlaka,śuddhāntapālaka,113487,6-249-c,SudDAntaHpura,śuddhāntaḥpura
pw,main,M-nasal/Hi-sib/Hf-slot/G-keep,isolated,0,110318,113488,6-249-c,SudDABIrI,śuddhābhīrī,113489,6-249-c,SudDAntayuj,śuddhāntayuj
pw,main,M-nasal/Hi-sib/Hf-slot/G-keep,isolated,0,111039,114230,6-260-b,SElaSeKara,śailaśekhara,114231,6-260-b,SElaSfNga,śailaśṛṅga
pw,main,M-nasal/Hi-sib/Hf-slot/G-keep,isolated,0,111759,114980,6-270-b,SrAvakatva,śrāvakatva,114981,6-270-b,SrAvakakftya,śrāvakakṛtya
pw,main,M-nasal/Hi-sib/Hf-slot/G-keep,isolated,0,112291,115532,6-280-b,Srotavya,śrotavya,115533,6-280-b,SrotaApatti,śrotaāpatti
pw,main,M-nasal/Hi-sib/Hf-slot/G-keep,isolated,0,114074,117358,7-014-c,saganDin,sagandhin,117359,7-014-c,saganDarvApsaraska,sagandharvāpsaraska
pw,main,M-nasal/Hi-sib/Hf-slot/G-keep,isolated,0,114428,117715,7-021-a,saMGAwikA,saṃghāṭikā,117716,7-021-a,saMGAwi,saṃghāṭi
pw,main,M-nasal/Hi-sib/Hf-slot/G-keep,isolated,0,114654,117950,7-025-c,saYjimant,sañjimant,117951,7-025-c,saYjinI,sañjinī
pw,main,M-nasal/Hi-sib/Hf-slot/G-keep,isolated,0,114854,118159,7-028-b,sattvalakzaRA,sattvalakṣaṇā,118160,7-028-b,sattvant,sattvant
pw,main,M-nasal/Hi-sib/Hf-slot/G-keep,isolated,0,115992,119349,7-047-b,sapin,sapin,119350,7-047-b,sapiDAna,sapidhāna
pw,main,M-nasal/Hi-sib/Hf-slot/G-keep,isolated,0,116160,119520,7-049-b,saptavant,saptavant,119521,7-049-b,saptavaDri,saptavadhri
pw,main,M-nasal/Hi-sib/Hf-slot/G-keep,isolated,0,117724,121119,7-072-a,saMbADavartin,saṃbādhavartin,121120,7-072-a,saMbADana,saṃbādhana
pw,main,M-nasal/Hi-sib/Hf-slot/G-keep,isolated,0,117734,121129,7-072-b,saMboDyaNga,saṃbodhyaṅga,121130,7-072-b,saMboDya,saṃbodhya
pw,main,M-nasal/Hi-sib/Hf-slot/G-keep,isolated,0,117919,121320,7-075-b,samyagvyAyAma,samyagvyāyāma,121321,7-075-b,samyagvijayin,samyagvijayin
pw,main,M-nasal/Hi-sib/Hf-slot/G-keep,isolated,0,118108,121518,7-079-c,sarojanman,sarojanman,121519,7-079-c,sarojadfS,sarojadṛś
pw,main,M-nasal/Hi-sib/Hf-slot/G-keep,isolated,0,119003,122439,7-093-b,salomaDi,salomadhi,122440,7-093-b,salomatva,salomatva
pw,main,M-nasal/Hi-sib/Hf-slot/G-keep,isolated,0,119289,122732,7-097-b,sasitopala,sasitopala,122733,7-097-b,sasitotpalamAlin,sasitotpalamālin
pw,main,M-nasal/Hi-sib/Hf-slot/G-keep,isolated,0,120308,123777,7-112-c,sADiBUtADidEva,sādhibhūtādhidaiva,123778,7-112-c,sADin,sādhin
pw,main,M-nasal/Hi-sib/Hf-slot/G-keep,isolated,0,120374,123845,7-113-c,sADvAsADu,sādhvāsādhu,123846,7-113-c,sADvAcAra,sādhvācāra
pw,main,M-nasal/Hi-sib/Hf-slot/G-keep,isolated,0,121990,125512,7-137-a,sItArAmAnujIya,sītārāmānujīya,125513,7-137-a,sItArAmastotra,sītārāmastotra
pw,main,M-nasal/Hi-sib/Hf-slot/G-keep,isolated,0,122445,125995,7-143-a,suganDimUla,sugandhimūla,125996,7-143-a,suganDimustaka,sugandhimustaka
pw,main,M-nasal/Hi-sib/Hf-slot/G-keep,isolated,0,124116,127745,7-165-a,sulatAna,sulatāna,127746,7-165-a,sulagna,sulagna
pw,main,M-nasal/Hi-sib/Hf-slot/G-keep,isolated,0,124721,128382,7-173-a,susarva,susarva,128383,7-173-a,susartu,susartu
pw,main,M-nasal/Hi-sib/Hf-slot/G-keep,isolated,0,126381,130087,7-195-a,sOraBeyI,saurabheyī,130088,7-195-a,sOraBeyaka,saurabheyaka
pw,main,M-nasal/Hi-sib/Hf-slot/G-keep,isolated,0,126820,130536,7-202-c,stukAsargam,stukāsargam,130537,7-202-c,stukAvin,stukāvin
pw,main,M-nasal/Hi-sib/Hf-slot/G-keep,isolated,0,127066,130788,7-206-a,strEzUya,straiṣūya,130789,7-206-a,strErAjaka,strairājaka
pw,main,M-nasal/Hi-sib/Hf-slot/G-keep,isolated,0,127451,131179,7-217-a,sTUlaroma,sthūlaroma,131180,7-217-a,sTUlay,sthūlay
pw,main,M-nasal/Hi-sib/Hf-slot/G-keep,isolated,1,129130,132920,7-243-c,svAMkfta,svāṃkṛta,132921,7-243-c,svANkika,svāṅkika
pw,main,M-nasal/Hi-sib/Hf-slot/G-keep,isolated,0,129372,133170,7-247-a,svAhAsuDAkara,svāhāsudhākara,133171,7-247-a,svAhAra,svāhāra
pw,main,M-nasal/Hi-sib/Hf-slot/G-keep,isolated,0,129382,133180,7-247-a,svAhvAna,svāhvāna,133181,7-247-a,svAhya,svāhya
pw,main,M-nasal/Hi-sib/Hf-slot/G-keep,isolated,0,130197,134023,7-264-b,halin,halin,134024,7-264-b,haliNgu,haliṅgu
pw,main,M-nasal/Hi-sib/Hf-slot/G-keep,isolated,0,131255,135111,7-280-b,hfdayakzoBa,hṛdayakṣobha,135112,7-280-b,hfdayaklama,hṛdayaklama
pw,main,M-nasal/Hi-sib/Hf-slot/G-keep,isolated,0,131370,135228,7-281-b,hfdvartin,hṛdvartin,135229,7-281-b,hfdvaRwaka,hṛdvaṇṭaka
pw,main,M-nasal/Hi-sib/Hf-slot/G-keep,isolated,0,131605,135471,7-284-b,hezin,heṣin,135472,7-284-b,hezita,heṣita
pw,main,M-nasal/Hi-sib/Hf-slot/G-keep,isolated,0,131868,135744,7-287-c,hrezin,hreṣin,135745,7-287-c,hrezita,hreṣita
pw,main,M-nasal/Hi-sib/Hf-slot/G-keep,isolated,0,132006,200101,1-283-a,agadaveda,agadaveda,200102,1-283-a,agadaMkAra,agadaṃkāra
pw,main,M-nasal/Hi-sib/Hf-slot/G-keep,isolated,0,133625,201731,1-299-a,upavatsyadBakta,upavatsyadbhakta,201732,1-299-a,uparizwAllakzman,upariṣṭāllakṣman
pw,main,M-nasal/Hi-sib/Hf-slot/G-keep,isolated,0,135009,203120,2-299-c,KaqgalakzaRa,khaḍgalakṣaṇa,203121,2-299-c,KaqIna,khaḍīna
pw,main,M-nasal/Hi-sib/Hf-slot/G-keep,isolated,0,135074,203185,2-300-b,Gar,ghar,203186,2-300-b,GawikAcalamAhAtmya,ghaṭikācalamāhātmya
pw,main,M-nasal/Hi-sib/Hf-slot/G-keep,isolated,1,135523,203635,3-250-c,antakArin,antakārin,203636,3-250-c,antaHpArSva,antaḥpārśva
pw,main,M-nasal/Hi-sib/Hf-slot/G-keep,isolated,0,136086,204200,3-257-a,udakAMsya,udakāṃsya,204201,3-257-a,udakaprasravaRAnvita,udakaprasravaṇānvita
pw,main,M-nasal/Hi-sib/Hf-slot/G-keep,isolated,0,136278,204392,3-259-a,karikumBa,karikumbha,204393,3-259-a,karamBa,karambha
pw,main,M-nasal/Hi-sib/Hf-slot/G-keep,isolated,0,136344,204458,3-259-c,kuwumbaparigraha,kuṭumbaparigraha,204459,3-259-c,kuw,kuṭ
pw,main,M-nasal/Hi-sib/Hf-slot/G-keep,isolated,0,136800,204915,3-264-c,DarmfpASa,dharmṛpāśa,204916,3-264-c,Darmaviplava,dharmaviplava
pw,main,M-nasal/Hi-sib/Hf-slot/G-keep,isolated,0,136954,205071,4-292-a,stAnana,stānana,205072,4-292-a,anAyAta,anāyāta
pw,main,M-nasal/Hi-sib/Hf-slot/G-keep,isolated,0,137076,205193,4-293-c,aprayAnt,aprayānt,205194,4-293-c,apayAtaM,apayātaṃ
pw,main,M-nasal/Hi-sib/Hf-slot/G-keep,isolated,0,137645,205763,4-300-c,dvipAtra,dvipātra,205764,4-300-c,dviDABAvam,dvidhābhāvam
pw,main,M-nasal/Hi-sib/Hf-slot/G-keep,isolated,0,137919,206039,5-241-a,ajIvani,ajīvani,206040,5-241-a,ajanya,ajanya
pw,main,M-nasal/Hi-sib/Hf-slot/G-keep,isolated,0,138721,206843,5-249-c,Izatsvinna,īṣatsvinna,206844,5-249-c,izIkAYji,iṣīkāñji
pw,main,M-nasal/Hi-sib/Hf-slot/G-keep,isolated,0,138754,206876,5-250-a,udakotsecana,udakotsecana,206877,5-250-a,udakiSaras,udakiśaras
pw,main,M-nasal/Hi-sib/Hf-slot/G-keep,isolated,0,139745,207873,5-261-a,prAcInamAtrAvAsas,prācīnamātrāvāsas,207874,5-261-a,prAcInapratIcitas,prācīnapratīcitas
pw,main,M-nasal/Hi-sib/Hf-slot/G-keep,isolated,1,140841,208972,6-302-a,triHsamfdDatva,triḥsamṛddhatva,208973,6-302-a,trisatya,trisatya
pw,main,M-nasal/Hi-sib/Hf-slot/G-keep,isolated,0,140956,209087,6-303-b,padyakAdambarI,padyakādambarī,209088,6-303-b,padmAy,padmāy
pw,main,M-nasal/Hi-sib/Hf-slot/G-keep,isolated,0,141468,209604,7-290-b,ajA,ajā,209605,7-290-b,akzAnta,akṣānta
pw,main,M-nasal/Hi-sib/Hf-slot/G-keep,isolated,0,141512,209648,7-290-c,agadaveda,agadaveda,209649,7-290-c,agadaMkAra,agadaṃkāra
pw,main,M-nasal/Hi-sib/Hf-slot/G-keep,isolated,0,141867,210004,7-292-c,awwa,aṭṭa,210005,7-292-c,awana,aṭana
pw,main,M-nasal/Hi-sib/Hf-slot/G-keep,isolated,0,142997,211137,7-299-b,anizwusava,aniṣṭusava,211138,7-299-b,anizwubDa,aniṣṭubdha
pw,main,M-nasal/Hi-sib/Hf-slot/G-keep,isolated,0,143840,211984,7-304-c,aprativiDAna,apratividhāna,211985,7-304-c,apratividDa,apratividdha
pw,main,M-nasal/Hi-sib/Hf-slot/G-keep,isolated,0,143935,212079,7-305-a,aprItikft,aprītikṛt,212080,7-305-a,aprItamanas,aprītamanas
pw,main,M-nasal/Hi-sib/Hf-slot/G-keep,isolated,0,144422,212566,7-308-a,ayuktiyukta,ayuktiyukta,212567,7-308-a,ayukCada,ayukchada
pw,main,M-nasal/Hi-sib/Hf-slot/G-keep,isolated,0,145392,213540,7-314-b,asaMNga,asaṃṅga,213541,7-314-b,asaMgata,asaṃgata
pw,main,M-nasal/Hi-sib/Hf-slot/G-keep,isolated,0,145998,214147,7-318-b,AnuvanDika,ānuvandhika,214148,7-318-b,AnumatI,ānumatī
pw,main,M-nasal/Hi-sib/Hf-slot/G-keep,isolated,0,146107,214256,7-319-a,Ayasta,āyasta,214257,7-319-a,Ayacana,āyacana
pw,main,M-nasal/Hi-sib/Hf-slot/G-keep,isolated,0,146720,214875,7-323-c,udakkUla,udakkūla,214876,7-323-c,udakaprasravaRa,udakaprasravaṇa
pw,main,M-nasal/Hi-sib/Hf-slot/G-keep,isolated,0,146723,214878,7-323-c,udakya,udakya,214879,7-323-c,udakiSaras,udakiśaras
pw,main,M-nasal/Hi-sib/Hf-slot/G-keep,isolated,0,146882,215037,7-324-c,upanapana,upanapana,215038,7-324-c,upatapant,upatapant
pw,main,M-nasal/Hi-sib/Hf-slot/G-keep,isolated,0,146984,215139,7-325-b,upasasADAna,upasasādhāna,215140,7-325-b,upasaMpadA,upasaṃpadā
pw,main,M-nasal/Hi-sib/Hf-slot/G-keep,isolated,1,147059,215214,7-326-a,uraHSiram,uraḥśiram,215215,7-326-a,uram,uram
pw,main,M-nasal/Hi-sib/Hf-slot/G-keep,isolated,0,147063,215218,7-326-a,uruDAra,urudhāra,215219,7-326-a,urudrapsa,urudrapsa
pw,main,M-nasal/Hi-sib/Hf-slot/G-keep,isolated,0,147096,215251,7-326-b,uzRIzavijaya,uṣṇīṣavijaya,215252,7-326-b,uzRIpaSiraska,uṣṇīpaśiraska
pw,main,M-nasal/Hi-sib/Hf-slot/G-keep,isolated,0,147127,215282,7-326-c,UrDvajvalana,ūrdhvajvalana,215283,7-326-c,UrDvaktampa,ūrdhvaktampa
pw,main,M-nasal/Hi-sib/Hf-slot/G-keep,isolated,0,147170,215325,7-326-d,hAraka,hāraka,215326,7-326-d,fta,ṛta
pw,main,M-nasal/Hi-sib/Hf-slot/G-keep,isolated,0,147397,215552,7-328-b,ozaDrivanaspatimant,oṣadhrivanaspatimant,215553,7-328-b,ozaDihoma,oṣadhihoma
pw,main,M-nasal/Hi-sib/Hf-slot/G-keep,isolated,0,147478,215634,7-328-d,kaWAhaka,kaṭhāhaka,215635,7-328-d,kawidAna,kaṭidāna
pw,main,M-nasal/Hi-sib/Hf-slot/G-keep,isolated,0,147850,216009,7-331-d,kArAdvIpa,kārādvīpa,216010,7-331-d,kArAdDotriyA,kārāddhotriyā
pw,main,M-nasal/Hi-sib/Hf-slot/G-keep,isolated,0,147959,216118,7-332-c,kirmira,kirmira,216119,7-332-c,kirIwavatsa,kirīṭavatsa
pw,main,M-nasal/Hi-sib/Hf-slot/G-keep,isolated,0,147986,216145,7-332-c,kukkuwArAma,kukkuṭārāma,216146,7-332-d,kukusa,kukusa
pw,main,M-nasal/Hi-sib/Hf-slot/G-keep,isolated,0,148327,216486,7-335-b,krAnta,krānta,216487,7-335-b,krama,krama
pw,main,M-nasal/Hi-sib/Hf-slot/G-keep,isolated,0,148345,216504,7-335-b,krIqAkapitva,krīḍākapitva,216505,7-335-b,kIqAtAla,kīḍātāla
pw,main,M-nasal/Hi-sib/Hf-slot/G-keep,isolated,0,148754,216918,7-338-c,gfYjanaka,gṛñjanaka,216919,7-338-c,gadDi,gaddhi
pw,main,M-nasal/Hi-sib/Hf-slot/G-keep,isolated,0,148795,216959,7-339-a,goLikA,goḻikā,216960,7-339-a,gotrika,gotrika
pw,main,M-nasal/Hi-sib/Hf-slot/G-keep,isolated,0,149297,217463,7-342-d,janidivasa,janidivasa,217464,7-342-d,janAnta,janānta
pw,main,M-nasal/Hi-sib/Hf-slot/G-keep,isolated,1,149657,217825,7-345-c,tAvaMtka,tāvaṃtka,217826,7-345-c,tAvadviDa,tāvadvidha
pw,main,M-nasal/Hi-sib/Hf-slot/G-keep,isolated,0,149731,217899,7-346-b,tUzRoMviprakramaRa,tūṣṇoṃviprakramaṇa,217900,7-346-b,tUzRIMsAra,tūṣṇīṃsāra
pw,main,M-nasal/Hi-sib/Hf-slot/G-keep,isolated,0,149854,218022,7-347-b,dakziRatOpacAra,dakṣiṇataupacāra,218023,7-347-b,dakziRataHsad,dakṣiṇataḥsad
pw,main,M-nasal/Hi-sib/Hf-slot/G-keep,isolated,0,150477,218655,7-352-b,nApinaBARqa,nāpinabhāṇḍa,218656,7-352-b,nApitaSAlikA,nāpitaśālikā
pw,main,M-nasal/Hi-sib/Hf-slot/G-keep,isolated,0,150580,218758,7-353-a,nirjAqya,nirjāḍya,218759,7-353-b,nirktara,nirktara
pw,main,M-nasal/Hi-sib/Hf-slot/G-keep,isolated,0,150731,218909,7-354-c,netrapeya,netrapeya,218910,7-354-c,natravAr,natravār
pw,main,M-nasal/Hi-sib/Hf-slot/G-keep,isolated,0,150894,219073,7-356-a,padmasOganDika,padmasaugandhika,219074,7-356-a,padmacala,padmacala
pw,main,M-nasal/Hi-sib/Hf-slot/G-keep,isolated,0,150979,219159,7-356-d,pariBAzaka,paribhāṣaka,219160,7-356-d,paribuBukzita,paribubhukṣita
pw,main,M-nasal/Hi-sib/Hf-slot/G-keep,isolated,0,151000,219180,7-356-d,parivyAkulI,parivyākulī,219181,7-356-d,parivyaya,parivyaya
pw,main,M-nasal/Hi-sib/Hf-slot/G-keep,isolated,0,151351,219531,7-359-d,pOsya,pausya,219532,7-359-d,pORaki,pauṇaki
pw,main,M-nasal/Hi-sib/Hf-slot/G-keep,isolated,0,151448,219628,7-360-d,pratimAsaMprokzaRa,pratimāsaṃprokṣaṇa,219629,7-360-d,pratimArga,pratimārga
pw,main,M-nasal/Hi-sib/Hf-slot/G-keep,isolated,0,151608,219788,7-362-a,pravyAharaRa,pravyāharaṇa,219789,7-362-a,pravepita,pravepita
pw,main,M-nasal/Hi-sib/Hf-slot/G-keep,isolated,0,151737,219917,7-363-b,Pullapadmotpalavant,phullapadmotpalavant,219918,7-363-b,Pull,phull
pw,main,M-nasal/Hi-sib/Hf-slot/G-keep,isolated,0,151827,220007,7-364-a,bAhuvimarda,bāhuvimarda,220008,7-364-a,bAhulya,bāhulya
pw,main,M-nasal/Hi-sib/Hf-slot/G-keep,isolated,0,151950,220130,7-365-a,Basala,bhasala,220131,7-365-a,Basad,bhasad
pw,main,M-nasal/Hi-sib/Hf-slot/G-keep,isolated,0,151961,220141,7-365-a,BAgyavEzamya,bhāgyavaiṣamya,220142,7-365-a,BAkArin,bhākārin
pw,main,M-nasal/Hi-sib/Hf-slot/G-keep,isolated,0,152289,220470,7-367-d,mArga,mārga,220471,7-367-d,mAyAviDijYa,māyāvidhijña
pw,main,M-nasal/Hi-sib/Hf-slot/G-keep,isolated,0,152294,220475,7-368-a,mArgapariRAyaka,mārgapariṇāyaka,220476,7-368-a,mAgaSoBA,māgaśobhā
pw,main,M-nasal/Hi-sib/Hf-slot/G-keep,isolated,0,152398,220580,7-369-a,meDa,medha,220581,7-369-a,meGapuzpa,meghapuṣpa
pw,main,M-nasal/Hi-sib/Hf-slot/G-keep,isolated,0,152453,220635,7-369-c,yaTApi,yathāpi,220636,7-369-c,yaTAkulam,yathākulam
pw,main,M-nasal/Hi-sib/Hf-slot/G-keep,isolated,0,152628,220811,7-371-b,ruz,ruṣ,220812,7-371-b,rukmiRIharaRa,rukmiṇīharaṇa
pw,main,M-nasal/Hi-sib/Hf-slot/G-keep,isolated,0,152730,220913,7-372-b,va,va,220914,7-372-b,lOkAkza,laukākṣa
pw,main,M-nasal/Hi-sib/Hf-slot/G-keep,isolated,0,152775,220959,7-372-d,varANgarUpin,varāṅgarūpin,220960,7-372-d,barArDya,barārdhya
pw,main,M-nasal/Hi-sib/Hf-slot/G-keep,isolated,0,153170,221356,7-376-d,vyavacArayitavya,vyavacārayitavya,221357,7-376-d,vyacCid,vyacchid
pw,main,M-nasal/Hi-sib/Hf-slot/G-keep,isolated,0,153187,221373,7-377-a,vyAGraketu,vyāghraketu,221374,7-377-a,vyAGmAtaka,vyāghmātaka
pw,main,M-nasal/Hi-sib/Hf-slot/G-keep,isolated,0,153481,221667,7-380-a,sadAmudita,sadāmudita,221668,7-380-a,madeha,madeha
pw,main,M-nasal/Hi-sib/Hf-slot/G-keep,isolated,0,154015,222202,7-386-a,aBiSaNkA,abhiśaṅkā,222203,7-386-a,aBipava,abhipava
pw,main,M-nasal/Hi-sib/Hf-slot/G-keep,isolated,0,154051,222238,7-386-b,avamocana,avamocana,222239,7-386-b,avamarapAWaka,avamarapāṭhaka
pw,main,M-nasal/Hi-sib/Hf-slot/G-keep,isolated,0,154091,222278,7-386-d,ihArTin,ihārthin,222279,7-386-d,ir,ir
pw,main,M-nasal/Hi-sib/Hf-slot/G-keep,isolated,0,154209,222396,7-387-d,jyotkArita,jyotkārita,222397,7-387-d,jyot,jyot
pw,main,M-nasal/Hi-sib/Hf-slot/G-keep,isolated,0,154303,222490,7-388-d,patAkAy,patākāy,222491,7-388-d,pataMgASman,pataṃgāśman
ap,heads,M-nasal/Hi-pos/Hf-drop/G-keep,isolated,0,34,273,0021-2,aGArin,aghārin,274,0021-2,aGarma,agharma
ap,heads,M-nasal/Hi-pos/Hf-drop/G-keep,isolated,0,44,336,0027-2,aNgIkf,aṅgīkṛ,337,0027-2,aNgIkAraH,aṅgīkāraḥ
ap,heads,M-nasal/Hi-pos/Hf-drop/G-keep,isolated,0,59,478,0034-2,aYj,añj,498,0036-1,akta,akta
ap,heads,M-nasal/Hi-pos/Hf-drop/G-keep,isolated,0,80,586,0040-1,atikrAntiH,atikrāntiḥ,587,0040-1,atikramaRam,atikramaṇam
ap,heads,M-nasal/Hi-pos/Hf-drop/G-keep,isolated,0,87,593,0040-2,atigam,atigam,594,0040-2,atiga,atiga
ap,heads,M-nasal/Hi-pos/Hf-drop/G-keep,isolated,0,109,618,0041-1,aticCedaH,aticchedaḥ,619,0041-1,aticCandaH,aticchandaḥ
ap,heads,M-nasal/Hi-pos/Hf-drop/G-keep,isolated,0,121,631,0041-2,atitF,atitṝ,632,0041-2,atitaraRam,atitaraṇam
ap,heads,M-nasal/Hi-pos/Hf-drop/G-keep,isolated,0,125,635,0042-1,atiTin,atithin,636,0042-1,atiTigvaH,atithigvaḥ
ap,heads,M-nasal/Hi-pos/Hf-drop/G-keep,isolated,0,131,641,0042-1,atideSaH,atideśaḥ,642,0042-1,atidIpyaH,atidīpyaḥ
ap,heads,M-nasal/Hi-pos/Hf-drop/G-keep,isolated,0,151,662,0043-1,atipAtya,atipātya,663,0043-1,atipatraH,atipatraḥ
ap,heads,M-nasal/Hi-pos/Hf-drop/G-keep,isolated,0,154,665,0043-1,atipad,atipad,667,0043-1,atipattiH,atipattiḥ
ap,heads,M-nasal/Hi-pos/Hf-drop/G-keep,isolated,0,162,674,0043-1,atiprabanDaH,atiprabandhaḥ,675,0043-1,atiprage,atiprage
ap,heads,M-nasal/Hi-pos/Hf-drop/G-keep,isolated,0,178,690,0044-1,atiBU,atibhū,691,0044-1,atiBavaH,atibhavaḥ
ap,heads,M-nasal/Hi-pos/Hf-drop/G-keep,isolated,0,185,697,0044-1,atimAna,atimāna,698,0044-1,atimartya,atimartya
ap,heads,M-nasal/Hi-pos/Hf-drop/G-keep,isolated,0,211,723,0044-2,atiric,atiric,724,0045-1,atirikta,atirikta
ap,heads,M-nasal/Hi-pos/Hf-drop/G-keep,isolated,0,213,725,0045-1,atireka,atireka,726,0045-1,atiruc,atiruc
ap,heads,M-nasal/Hi-pos/Hf-drop/G-keep,isolated,0,239,751,0045-2,ativAhita,ativāhita,752,0046-1,ativAdaH,ativādaḥ
ap,heads,M-nasal/Hi-pos/Hf-drop/G-keep,isolated,0,246,758,0046-1,ativft,ativṛt,759,0046-1,ativartanam,ativartanam
ap,heads,M-nasal/Hi-pos/Hf-drop/G-keep,isolated,0,249,761,0046-2,ativfttiH,ativṛttiḥ,762,0046-2,ativarDanam,ativardhanam
ap,heads,M-nasal/Hi-pos/Hf-drop/G-keep,isolated,0,251,763,0046-2,ativfdDa,ativṛddha,764,0046-2,ativizWita,ativiṣṭhita
ap,heads,M-nasal/Hi-pos/Hf-drop/G-keep,isolated,0,264,776,0047-1,atiSI,atiśī,777,0047-1,atiSayaH,atiśayaḥ
ap,heads,M-nasal/Hi-pos/Hf-drop/G-keep,isolated,1,283,796,0047-2,atisAntapanam,atisāntapanam,797,0047-2,atisAMvatsara,atisāṃvatsara
ap,heads,M-nasal/Hi-pos/Hf-drop/G-keep,isolated,0,286,799,0047-2,atisf,atisṛ,800,0047-2,atisara,atisara
ap,heads,M-nasal/Hi-pos/Hf-drop/G-keep,isolated,0,290,803,0048-1,atisfj,atisṛj,804,0048-1,atisargaH,atisargaḥ
ap,heads,M-nasal/Hi-pos/Hf-drop/G-keep,isolated,0,296,809,0048-1,atisparSa,atisparśa,810,0048-1,atisnehaH,atisnehaḥ
ap,heads,M-nasal/Hi-pos/Hf-drop/G-keep,isolated,0,304,817,0049-1,atyayin,atyayin,818,0049-1,atIndriya,atīndriya
ap,heads,M-nasal/Hi-pos/Hf-drop/G-keep,isolated,1,323,836,0049-2,atnam,atnam,837,0049-2,atnaH,atnaḥ
ap,heads,M-nasal/Hi-pos/Hf-drop/G-keep,isolated,0,347,860,0050-2,atyAnandA,atyānandā,861,0050-2,atyADAnam,atyādhānam
ap,heads,M-nasal/Hi-pos/Hf-drop/G-keep,isolated,0,365,878,0051-1,atratya,atratya,879,0051-2,atra,atra
ap,heads,M-nasal/Hi-pos/Hf-drop/G-keep,isolated,0,377,890,0052-2,aTo,atho,891,0052-2,aTariH,athariḥ
ap,heads,M-nasal/Hi-pos/Hf-drop/G-keep,isolated,0,379,892,0052-2,aTaryati,atharyati,893,0052-2,aTarya,atharya
ap,heads,M-nasal/Hi-pos/Hf-drop/G-keep,isolated,0,383,896,0052-2,aTarvan,atharvan,897,0053-1,aTarvaRiH,atharvaṇiḥ
ap,heads,M-nasal/Hi-pos/Hf-drop/G-keep,isolated,0,390,903,0053-1,ad,ad,904,0053-1,attf,attṛ
ap,heads,M-nasal/Hi-pos/Hf-drop/G-keep,isolated,0,393,906,0053-1,Adana,ādana,907,0053-1,adaMzwra,adaṃṣṭra
ap,heads,M-nasal/Hi-pos/Hf-drop/G-keep,isolated,0,450,963,0056-1,adreSya,adreśya,964,0056-1,adEnya,adainya
ap,heads,M-nasal/Hi-pos/Hf-drop/G-keep,isolated,0,455,968,0056-1,adohaH,adohaḥ,969,0056-1,adoza,adoṣa
ap,heads,M-nasal/Hi-pos/Hf-drop/G-keep,isolated,0,497,1012,0059-1,aDarIBU,adharībhū,1013,0059-1,aDarIRa,adharīṇa
ap,heads,M-nasal/Hi-pos/Hf-drop/G-keep,isolated,0,499,1014,0059-1,aDaredyuH,adharedyuḥ,1015,0059-1,aDarasmAt,adharasmāt
ap,heads,M-nasal/Hi-pos/Hf-drop/G-keep,isolated,0,501,1016,0059-1,aDarAYc,adharāñc,1017,0059-2,aDarAcIna,adharācīna
ap,heads,M-nasal/Hi-pos/Hf-drop/G-keep,isolated,0,511,1026,0060-2,aDopahAsaH,adhopahāsaḥ,1027,0060-2,aDastana,adhastana
ap,heads,M-nasal/Hi-pos/Hf-drop/G-keep,isolated,0,521,1036,0061-2,aDikf,adhikṛ,1037,0062-1,aDikaraRam,adhikaraṇam
ap,heads,M-nasal/Hi-pos/Hf-drop/G-keep,isolated,0,528,1043,0063-1,aDikArin,adhikārin,1044,0063-1,aDikAritA,adhikāritā
ap,heads,M-nasal/Hi-pos/Hf-drop/G-keep,isolated,0,537,1053,0063-2,aDigam,adhigam,1054,0063-2,aDigata,adhigata
ap,heads,M-nasal/Hi-pos/Hf-drop/G-keep,isolated,0,540,1056,0063-2,aDigamya,adhigamya,1057,0063-2,aDigantf,adhigantṛ
ap,heads,M-nasal/Hi-pos/Hf-drop/G-keep,isolated,0,559,1076,0064-1,aDinI,adhinī,1077,0064-1,aDinAyaH,adhināyaḥ
ap,heads,M-nasal/Hi-pos/Hf-drop/G-keep,isolated,0,605,1123,0065-2,aDivac,adhivac,1124,0065-2,aDivaktf,adhivaktṛ
ap,heads,M-nasal/Hi-pos/Hf-drop/G-keep,isolated,0,608,1126,0065-2,aDivAkaH,adhivākaḥ,1127,0065-2,aDivas,adhivas
ap,heads,M-nasal/Hi-pos/Hf-drop/G-keep,isolated,0,611,1130,0066-1,aDyuzita,adhyuṣita,1131,0066-1,aDivAs,adhivās
ap,heads,M-nasal/Hi-pos/Hf-drop/G-keep,isolated,0,620,1143,0066-2,aDiSI,adhiśī,1144,0066-2,aDiSayita,adhiśayita
ap,heads,M-nasal/Hi-pos/Hf-drop/G-keep,isolated,0,622,1145,0066-2,aDiSri,adhiśri,1146,0066-2,aDiSrayaH,adhiśrayaḥ
ap,heads,M-nasal/Hi-pos/Hf-drop/G-keep,isolated,0,629,1152,0067-1,aDizWita,adhiṣṭhita,1153,0067-1,aDizWAtf,adhiṣṭhātṛ
ap,heads,M-nasal/Hi-pos/Hf-drop/G-keep,isolated,0,647,1170,0068-2,aDyetf,adhyetṛ,1171,0068-2,aDIkAraH,adhīkāraḥ
ap,heads,M-nasal/Hi-pos/Hf-drop/G-keep,isolated,0,679,1202,0069-2,aDyavaso,adhyavaso,1203,0069-2,aDyavasAnam,adhyavasānam
ap,heads,M-nasal/Hi-pos/Hf-drop/G-keep,isolated,0,687,1210,0069-2,aDyasTi,adhyasthi,1211,0069-2,aDyas,adhyas
ap,heads,M-nasal/Hi-pos/Hf-drop/G-keep,isolated,0,689,1213,0070-1,aDyAsaH,adhyāsaḥ,1214,0070-1,aDyAkram,adhyākram
ap,heads,M-nasal/Hi-pos/Hf-drop/G-keep,isolated,1,728,1258,0072-2,ananam,ananam,1259,0072-2,anaMSa,anaṃśa
ap,heads,M-nasal/Hi-pos/Hf-drop/G-keep,isolated,0,734,1264,0072-2,anakza,anakṣa,1265,0072-2,anakadunduBiH,anakadundubhiḥ
ap,heads,M-nasal/Hi-pos/Hf-drop/G-keep,isolated,0,750,1280,0073-2,anaquh,anaḍuh,1281,0073-2,anaqutka,anaḍutka
ap,heads,M-nasal/Hi-pos/Hf-drop/G-keep,isolated,0,769,1299,0074-2,anantya,anantya,1300,0074-2,anantavat,anantavat
ap,heads,M-nasal/Hi-pos/Hf-drop/G-keep,isolated,0,770,1300,0074-2,anantavat,anantavat,1301,0074-2,anantara,anantara
ap,heads,M-nasal/Hi-pos/Hf-drop/G-keep,isolated,0,772,1302,0075-1,anantarIya,anantarīya,1303,0075-1,anantarayaH,anantarayaḥ
ap,heads,M-nasal/Hi-pos/Hf-drop/G-keep,isolated,0,884,1414,0079-2,anavekzaka,anavekṣaka,1415,0079-2,anavekza,anavekṣa
ap,heads,M-nasal/Hi-pos/Hf-drop/G-keep,isolated,0,915,1445,0080-2,anAgAmuka,anāgāmuka,1446,0080-2,anAganDita,anāgandhita
ap,heads,M-nasal/Hi-pos/Hf-drop/G-keep,isolated,0,922,1452,0081-1,anAtman,anātman,1453,0081-1,anAtmaka,anātmaka
ap,heads,M-nasal/Hi-pos/Hf-drop/G-keep,isolated,0,955,1485,0082-1,anAman,anāman,1486,0082-1,anAmaka,anāmaka
ap,heads,M-nasal/Hi-pos/Hf-drop/G-keep,isolated,0,957,1487,0082-1,anAmA,anāmā,1488,0082-1,anAmaya,anāmaya
ap,heads,M-nasal/Hi-pos/Hf-drop/G-keep,isolated,0,970,1500,0082-2,anAvara,anāvara,1501,0082-2,anArata,anārata
ap,heads,M-nasal/Hi-pos/Hf-drop/G-keep,isolated,0,1015,1545,0084-2,anAsvAdita,anāsvādita,1546,0084-2,anAsrAva,anāsrāva
ap,heads,M-nasal/Hi-pos/Hf-drop/G-keep,isolated,0,1049,1579,0085-2,animizam,animiṣam,1580,0085-2,animiza,animiṣa
ap,heads,M-nasal/Hi-pos/Hf-drop/G-keep,isolated,0,1075,1605,0087-1,anirvida,anirvida,1606,0087-1,anirviRRa,anirviṇṇa
ap,heads,M-nasal/Hi-pos/Hf-drop/G-keep,isolated,0,1077,1607,0087-1,anirvedaH,anirvedaḥ,1608,0087-1,anirvfta,anirvṛta
ap,heads,M-nasal/Hi-pos/Hf-drop/G-keep,isolated,0,1082,1612,0087-2,aniloqita,aniloḍita,1613,0087-2,anilamBasamADiH,anilambhasamādhiḥ
ap,heads,M-nasal/Hi-pos/Hf-drop/G-keep,isolated,0,1083,1613,0087-2,anilamBasamADiH,anilambhasamādhiḥ,1614,0087-2,anirloqita,anirloḍita
ap,heads,M-nasal/Hi-pos/Hf-drop/G-keep,isolated,0,1088,1618,0087-2,aniveSana,aniveśana,1619,0087-2,anivizwa,aniviṣṭa
ap,heads,M-nasal/Hi-pos/Hf-drop/G-keep,isolated,0,1096,1626,0088-1,anizwfta,aniṣṭṛta,1627,0088-1,anizwA,aniṣṭā
ap,heads,M-nasal/Hi-pos/Hf-drop/G-keep,isolated,0,1108,1638,0088-2,anIca,anīca,1639,0088-2,anicidarSin,anicidarśin
ap,heads,M-nasal/Hi-pos/Hf-drop/G-keep,isolated,0,1136,1673,0090-1,anukf,anukṛ,1674,0090-2,anukara,anukara
ap,heads,M-nasal/Hi-pos/Hf-drop/G-keep,isolated,0,1144,1681,0090-2,anukrIH,anukrīḥ,1682,0090-2,anukIrRa,anukīrṇa
ap,heads,M-nasal/Hi-pos/Hf-drop/G-keep,isolated,0,1148,1685,0090-2,anukfz,anukṛṣ,1686,0090-2,anukarzaH,anukarṣaḥ
ap,heads,M-nasal/Hi-pos/Hf-drop/G-keep,isolated,0,1152,1689,0090-2,anukxp,anukḷp,1690,0090-2,anukalpaH,anukalpaḥ
ap,heads,M-nasal/Hi-pos/Hf-drop/G-keep,isolated,0,1166,1708,0091-2,anugam,anugam,1709,0091-2,anuga,anuga
ap,heads,M-nasal/Hi-pos/Hf-drop/G-keep,isolated,0,1172,1714,0092-1,anugAmuka,anugāmuka,1715,0092-1,anugarj,anugarj
ap,heads,M-nasal/Hi-pos/Hf-drop/G-keep,isolated,0,1184,1727,0092-2,anugE,anugai,1728,0092-2,anugItam,anugītam
ap,heads,M-nasal/Hi-pos/Hf-drop/G-keep,isolated,0,1189,1733,0092-2,anugrAhya,anugrāhya,1734,0092-2,anugrAhaka,anugrāhaka
ap,heads,M-nasal/Hi-pos/Hf-drop/G-keep,isolated,0,1190,1734,0092-2,anugrAhaka,anugrāhaka,1735,0092-2,anugrAsakaH,anugrāsakaḥ
ap,heads,M-nasal/Hi-pos/Hf-drop/G-keep,isolated,0,1195,1741,0093-1,anucArakaH,anucārakaḥ,1742,0093-1,anucarciH,anucarciḥ
ap,heads,M-nasal/Hi-pos/Hf-drop/G-keep,isolated,0,1202,1749,0093-1,anujan,anujan,1750,0093-1,anuja,anuja
ap,heads,M-nasal/Hi-pos/Hf-drop/G-keep,isolated,0,1215,1766,0094-1,anutApin,anutāpin,1767,0094-1,anutara,anutara
ap,heads,M-nasal/Hi-pos/Hf-drop/G-keep,isolated,0,1221,1772,0094-1,anutUlayati,anutūlayati,1773,0094-1,anutUlanam,anutūlanam
ap,heads,M-nasal/Hi-pos/Hf-drop/G-keep,isolated,0,1223,1774,0094-1,anutF,anutṝ,1775,0094-1,anutaram,anutaram
ap,heads,M-nasal/Hi-pos/Hf-drop/G-keep,isolated,0,1246,1797,0095-1,anudeyI,anudeyī,1798,0095-1,anudAtta,anudātta
ap,heads,M-nasal/Hi-pos/Hf-drop/G-keep,isolated,0,1253,1805,0095-2,anudeSin,anudeśin,1806,0095-2,anudfS,anudṛś
ap,heads,M-nasal/Hi-pos/Hf-drop/G-keep,isolated,0,1254,1806,0095-2,anudfS,anudṛś,1807,0095-2,anudarSanam,anudarśanam
ap,heads,M-nasal/Hi-pos/Hf-drop/G-keep,isolated,0,1257,1809,0095-2,anudrazwf,anudraṣṭṛ,1810,0095-2,anudErGya,anudairghya
ap,heads,M-nasal/Hi-pos/Hf-drop/G-keep,isolated,0,1275,1829,0096-1,anuDyE,anudhyai,1830,0096-1,anuDyA,anudhyā
ap,heads,M-nasal/Hi-pos/Hf-drop/G-keep,isolated,0,1282,1836,0096-1,anunAdin,anunādin,1837,0096-1,anunand,anunand
ap,heads,M-nasal/Hi-pos/Hf-drop/G-keep,isolated,0,1290,1844,0096-2,anunI,anunī,1845,0096-2,anunaya,anunaya
ap,heads,M-nasal/Hi-pos/Hf-drop/G-keep,isolated,0,1293,1847,0096-2,anunItiH,anunītiḥ,1848,0096-2,anunAyaka,anunāyaka
ap,heads,M-nasal/Hi-pos/Hf-drop/G-keep,isolated,0,1307,1864,0097-1,anupAtin,anupātin,1865,0097-1,anupaTa,anupatha
ap,heads,M-nasal/Hi-pos/Hf-drop/G-keep,isolated,0,1313,1871,0097-2,anupadInA,anupadīnā,1872,0097-2,anupadavI,anupadavī
ap,heads,M-nasal/Hi-pos/Hf-drop/G-keep,isolated,0,1322,1880,0098-1,anupameya,anupameya,1881,0098-1,anupamardanam,anupamardanam
ap,heads,M-nasal/Hi-pos/Hf-drop/G-keep,isolated,0,1337,1895,0098-2,anupaskfta,anupaskṛta,1896,0098-2,anupaskAra,anupaskāra
ap,heads,M-nasal/Hi-pos/Hf-drop/G-keep,isolated,0,1347,1908,0099-1,anupAlanam,anupālanam,1909,0099-1,anupAkfta,anupākṛta
ap,heads,M-nasal/Hi-pos/Hf-drop/G-keep,isolated,0,1351,1912,0099-1,anupAtam,anupātam,1913,0099-1,anupAtakam,anupātakam
ap,heads,M-nasal/Hi-pos/Hf-drop/G-keep,isolated,0,1356,1917,0099-1,anupAluH,anupāluḥ,1918,0099-1,anupArSva,anupārśva
ap,heads,M-nasal/Hi-pos/Hf-drop/G-keep,isolated,0,1389,1953,0100-1,anuplu,anuplu,1954,0100-1,anuplavaH,anuplavaḥ
ap,heads,M-nasal/Hi-pos/Hf-drop/G-keep,isolated,0,1391,1955,0100-1,anubanD,anubandh,1956,0100-2,anubadDa,anubaddha
ap,heads,M-nasal/Hi-pos/Hf-drop/G-keep,isolated,0,1411,1975,0101-2,anuBogaH,anubhogaḥ,1976,0101-2,anuBU,anubhū
ap,heads,M-nasal/Hi-pos/Hf-drop/G-keep,isolated,0,1412,1976,0101-2,anuBU,anubhū,1977,0101-2,anuBavaH,anubhavaḥ
ap,heads,M-nasal/Hi-pos/Hf-drop/G-keep,isolated,0,1421,1985,0102-2,anuBf,anubhṛ,1986,0102-2,anuBartf,anubhartṛ
ap,heads,M-nasal/Hi-pos/Hf-drop/G-keep,isolated,0,1424,1988,0102-2,anumad,anumad,1989,0102-2,anumatta,anumatta
ap,heads,M-nasal/Hi-pos/Hf-drop/G-keep,isolated,0,1426,1990,0102-2,anumAdya,anumādya,1991,0102-2,anuman,anuman
ap,heads,M-nasal/Hi-pos/Hf-drop/G-keep,isolated,0,1427,1991,0102-2,anuman,anuman,1992,0102-2,anumata,anumata
ap,heads,M-nasal/Hi-pos/Hf-drop/G-keep,isolated,0,1442,2010,0103-2,anumeya,anumeya,2011,0103-2,anumArgam,anumārgam
ap,heads,M-nasal/Hi-pos/Hf-drop/G-keep,isolated,0,1448,2016,0103-2,anumodanam,anumodanam,2017,0103-2,anumf,anumṛ
ap,heads,M-nasal/Hi-pos/Hf-drop/G-keep,isolated,0,1449,2017,0103-2,anumf,anumṛ,2018,0103-2,anumaraRam,anumaraṇam
ap,heads,M-nasal/Hi-pos/Hf-drop/G-keep,isolated,0,1457,2026,0104-1,anuyAyin,anuyāyin,2027,0104-1,anuyAjaH,anuyājaḥ
ap,heads,M-nasal/Hi-pos/Hf-drop/G-keep,isolated,0,1459,2028,0104-1,anuyuj,anuyuj,2029,0104-1,anuyukta,anuyukta
ap,heads,M-nasal/Hi-pos/Hf-drop/G-keep,isolated,0,1467,2036,0104-1,anuyojya,anuyojya,2037,0104-2,anuyojanam,anuyojanam
ap,heads,M-nasal/Hi-pos/Hf-drop/G-keep,isolated,0,1469,2038,0104-2,anuraYj,anurañj,2039,0104-2,anurakta,anurakta
ap,heads,M-nasal/Hi-pos/Hf-drop/G-keep,isolated,0,1476,2045,0104-2,anurAgin,anurāgin,2046,0104-2,anuraRanam,anuraṇanam
ap,heads,M-nasal/Hi-pos/Hf-drop/G-keep,isolated,0,1481,2050,0105-1,anurasita,anurasita,2051,0105-1,anurasaH,anurasaḥ
ap,heads,M-nasal/Hi-pos/Hf-drop/G-keep,isolated,0,1488,2058,0105-1,anurodanam,anurodanam,2059,0105-1,anuruD,anurudh
ap,heads,M-nasal/Hi-pos/Hf-drop/G-keep,isolated,0,1489,2059,0105-1,anuruD,anurudh,2060,0105-2,anurudDa,anuruddha
ap,heads,M-nasal/Hi-pos/Hf-drop/G-keep,isolated,0,1493,2063,0105-2,anuroDin,anurodhin,2064,0105-2,anuruh,anuruh
ap,heads,M-nasal/Hi-pos/Hf-drop/G-keep,isolated,0,1503,2073,0106-1,anulepaka,anulepaka,2074,0106-1,anulIna,anulīna
ap,heads,M-nasal/Hi-pos/Hf-drop/G-keep,isolated,0,1512,2082,0106-2,anuvac,anuvac,2083,0106-2,anuvaktf,anuvaktṛ
ap,heads,M-nasal/Hi-pos/Hf-drop/G-keep,isolated,0,1520,2090,0107-1,anUcAna,anūcāna,2091,0107-1,anuvatsaraH,anuvatsaraḥ
ap,heads,M-nasal/Hi-pos/Hf-drop/G-keep,isolated,0,1525,2095,0107-2,anuvAdya,anuvādya,2096,0107-2,anuvartana,anuvartana
ap,heads,M-nasal/Hi-pos/Hf-drop/G-keep,isolated,0,1530,2101,0107-2,anuvAsin,anuvāsin,2102,0107-2,anuvasita,anuvasita
ap,heads,M-nasal/Hi-pos/Hf-drop/G-keep,isolated,0,1536,2109,0108-1,anuvid,anuvid,2110,0108-1,anuvitta,anuvitta
ap,heads,M-nasal/Hi-pos/Hf-drop/G-keep,isolated,0,1539,2112,0108-1,anuviDa,anuvidha,2113,0108-1,anuvidDa,anuviddha
ap,heads,M-nasal/Hi-pos/Hf-drop/G-keep,isolated,0,1542,2117,0108-1,anuvihita,anuvihita,2118,0108-1,anuvinaS,anuvinaś
ap,heads,M-nasal/Hi-pos/Hf-drop/G-keep,isolated,0,1547,2122,0108-1,anuveSya,anuveśya,2123,0108-1,anuviSvaH,anuviśvaḥ
ap,heads,M-nasal/Hi-pos/Hf-drop/G-keep,isolated,0,1551,2126,0108-1,anuvft,anuvṛt,2127,0108-2,anuvartanam,anuvartanam
ap,heads,M-nasal/Hi-pos/Hf-drop/G-keep,isolated,0,1562,2137,0109-1,anuvyaD,anuvyadh,2138,0109-1,anuvidDa,anuviddha
ap,heads,M-nasal/Hi-pos/Hf-drop/G-keep,isolated,0,1570,2146,0109-2,anuvrAjya,anuvrājya,2147,0109-2,anuvrata,anuvrata
ap,heads,M-nasal/Hi-pos/Hf-drop/G-keep,isolated,0,1579,2158,0110-1,anuSizwiH,anuśiṣṭiḥ,2159,0110-1,anuSikzin,anuśikṣin
ap,heads,M-nasal/Hi-pos/Hf-drop/G-keep,isolated,0,1582,2161,0110-1,anuSI,anuśī,2162,0110-1,anuSayaH,anuśayaḥ
ap,heads,M-nasal/Hi-pos/Hf-drop/G-keep,isolated,0,1593,2173,0110-2,anuSru,anuśru,2174,0110-2,anuSravaH,anuśravaḥ
ap,heads,M-nasal/Hi-pos/Hf-drop/G-keep,isolated,0,1597,2177,0111-1,anuzaYj,anuṣañj,2178,0111-1,anuzak,anuṣak
ap,heads,M-nasal/Hi-pos/Hf-drop/G-keep,isolated,0,1608,2189,0111-2,anuzWA,anuṣṭhā,2190,0111-2,anuzWa,anuṣṭha
ap,heads,M-nasal/Hi-pos/Hf-drop/G-keep,isolated,1,1616,2197,0112-1,anuzWita,anuṣṭhita,2198,0112-1,anuzWiH,anuṣṭhiḥ
ap,heads,M-nasal/Hi-pos/Hf-drop/G-keep,isolated,0,1620,2201,0112-1,anuzvaDa,anuṣvadha,2202,0112-1,anuzyandaH,anuṣyandaḥ
ap,heads,M-nasal/Hi-pos/Hf-drop/G-keep,isolated,0,1624,2206,0112-1,anusaMtan,anusaṃtan,2207,0112-2,anusaMtatiH,anusaṃtatiḥ
ap,heads,M-nasal/Hi-pos/Hf-drop/G-keep,isolated,1,1626,2208,0112-2,anusaMDA,anusaṃdhā,2211,0112-2,anusaMhita,anusaṃhita
ap,heads,M-nasal/Hi-pos/Hf-drop/G-keep,isolated,0,1629,2213,0112-2,anusami,anusami,2214,0112-2,anusamayaH,anusamayaḥ
ap,heads,M-nasal/Hi-pos/Hf-drop/G-keep,isolated,1,1631,2215,0113-1,anusaMbadDa,anusaṃbaddha,2216,0113-1,anusaMsftiH,anusaṃsṛtiḥ
ap,heads,M-nasal/Hi-pos/Hf-drop/G-keep,isolated,0,1642,2227,0113-1,anusf,anusṛ,2228,0113-1,anusaraH,anusaraḥ
ap,heads,M-nasal/Hi-pos/Hf-drop/G-keep,isolated,0,1646,2231,0113-2,anusArataH,anusārataḥ,2232,0113-2,anusAraka,anusāraka
ap,heads,M-nasal/Hi-pos/Hf-drop/G-keep,isolated,0,1651,2236,0113-2,anusfp,anusṛp,2237,0113-2,anusarpaH,anusarpaḥ
ap,heads,M-nasal/Hi-pos/Hf-drop/G-keep,isolated,0,1663,2248,0114-1,anusPura,anusphura,2249,0114-1,anusamAhAraH,anusamāhāraḥ
ap,heads,M-nasal/Hi-pos/Hf-drop/G-keep,isolated,0,1665,2250,0114-1,anusmf,anusmṛ,2251,0114-1,anusmaraRam,anusmaraṇam
ap,heads,M-nasal/Hi-pos/Hf-drop/G-keep,isolated,0,1672,2257,0114-1,anuhuNkf,anuhuṅkṛ,2258,0114-1,anuhuNkAraH,anuhuṅkāraḥ
ap,heads,M-nasal/Hi-pos/Hf-drop/G-keep,isolated,0,1674,2259,0114-1,anuhf,anuhṛ,2260,0114-1,anuharaRam,anuharaṇam
ap,heads,M-nasal/Hi-pos/Hf-drop/G-keep,isolated,0,1679,2264,0114-2,anUkyam,anūkyam,2265,0114-2,anUkASaH,anūkāśaḥ
ap,heads,M-nasal/Hi-pos/Hf-drop/G-keep,isolated,0,1717,2302,0116-2,anejat,anejat,2303,0116-2,anekIkf,anekīkṛ
ap,heads,M-nasal/Hi-pos/Hf-drop/G-keep,isolated,1,1722,2307,0116-2,anenas,anenas,2308,0116-2,anenaH,anenaḥ
ap,heads,M-nasal/Hi-pos/Hf-drop/G-keep,isolated,0,1729,2314,0117-1,anEkyam,anaikyam,2315,0117-1,anEkAntyam,anaikāntyam
ap,heads,M-nasal/Hi-pos/Hf-drop/G-keep,isolated,0,1743,2345,0124-2,antari,antari,2346,0124-2,antarayaH,antarayaḥ
ap,heads,M-nasal/Hi-pos/Hf-drop/G-keep,isolated,0,1745,2347,0124-2,antarita,antarita,2348,0125-1,antarikzam,antarikṣam
ap,heads,M-nasal/Hi-pos/Hf-drop/G-keep,isolated,0,1750,2352,0125-2,antargam,antargam,2353,0125-2,antargata,antargata
ap,heads,M-nasal/Hi-pos/Hf-drop/G-keep,isolated,0,1756,2359,0126-1,antarhita,antarhita,2360,0126-1,antarBU,antarbhū
ap,heads,M-nasal/Hi-pos/Hf-drop/G-keep,isolated,0,1757,2360,0126-1,antarBU,antarbhū,2361,0126-1,antarBava,antarbhava
ap,heads,M-nasal/Hi-pos/Hf-drop/G-keep,isolated,0,1766,2369,0126-2,antikA,antikā,2370,0126-2,antika,antika
ap,heads,M-nasal/Hi-pos/Hf-drop/G-keep,isolated,1,1773,2376,0127-1,antram,antram,2377,0127-2,antraMDamiH,antraṃdhamiḥ
ap,heads,M-nasal/Hi-pos/Hf-drop/G-keep,isolated,0,1778,2391,0128-2,anDIBU,andhībhū,2392,0128-2,anDas,andhas
ap,heads,M-nasal/Hi-pos/Hf-drop/G-keep,isolated,0,1786,2399,0129-2,annAvfD,annāvṛdh,2400,0129-2,annaMBawwaH,annaṃbhaṭṭaḥ
ap,heads,M-nasal/Hi-pos/Hf-drop/G-keep,isolated,1,1794,2407,0131-1,anyataredyuH,anyataredyuḥ,2408,0131-1,anyataH,anyataḥ
ap,heads,M-nasal/Hi-pos/Hf-drop/G-keep,isolated,0,1798,2411,0131-2,anyaTA,anyathā,2412,0132-1,anyaTayati,anyathayati
ap,heads,M-nasal/Hi-pos/Hf-drop/G-keep,isolated,0,1807,2420,0132-1,anyonya,anyonya,2421,0132-2,anyaNga,anyaṅga
ap,heads,M-nasal/Hi-pos/Hf-drop/G-keep,isolated,0,1817,2430,0133-1,anvaYc,anvañc,2431,0133-1,anvak,anvak
ap,heads,M-nasal/Hi-pos/Hf-drop/G-keep,isolated,0,1836,2450,0133-2,anvAgam,anvāgam,2451,0133-2,anvAgata,anvāgata
ap,heads,M-nasal/Hi-pos/Hf-drop/G-keep,isolated,0,1847,2461,0134-1,anvAhita,anvāhita,2462,0134-1,anvADyaH,anvādhyaḥ
ap,heads,M-nasal/Hi-pos/Hf-drop/G-keep,isolated,0,1853,2467,0134-1,anvAraB,anvārabh,2468,0134-1,anvArabDa,anvārabdha
ap,heads,M-nasal/Hi-pos/Hf-drop/G-keep,isolated,0,1866,2482,0134-2,anvi,anvi,2483,0134-2,anvayaH,anvayaḥ
ap,heads,M-nasal/Hi-pos/Hf-drop/G-keep,isolated,0,1875,2492,0135-2,anvezaka,anveṣaka,2493,0135-2,anvIkz,anvīkṣ
ap,heads,M-nasal/Hi-pos/Hf-drop/G-keep,isolated,0,1887,2506,0136-2,apakf,apakṛ,2507,0136-2,apakaraRam,apakaraṇam
ap,heads,M-nasal/Hi-pos/Hf-drop/G-keep,isolated,0,1895,2514,0137-1,apakriyA,apakriyā,2515,0137-1,apakfz,apakṛṣ
ap,heads,M-nasal/Hi-pos/Hf-drop/G-keep,isolated,0,1896,2515,0137-1,apakfz,apakṛṣ,2516,0137-1,apakarzaH,apakarṣaḥ
ap,heads,M-nasal/Hi-pos/Hf-drop/G-keep,isolated,0,1901,2520,0137-2,apakF,apakṝ,2521,0137-2,apakiraRam,apakiraṇam
ap,heads,M-nasal/Hi-pos/Hf-drop/G-keep,isolated,0,1906,2525,0137-2,apakva,apakva,2526,0137-2,apakram,apakram
ap,heads,M-nasal/Hi-pos/Hf-drop/G-keep,isolated,0,1910,2532,0137-2,apakzi,apakṣi,2533,0138-1,apakzayaH,apakṣayaḥ
ap,heads,M-nasal/Hi-pos/Hf-drop/G-keep,isolated,0,1913,2535,0138-1,apakzIyamARapakzaH,apakṣīyamāṇapakṣaḥ,2536,0138-1,apakzip,apakṣip
ap,heads,M-nasal/Hi-pos/Hf-drop/G-keep,isolated,0,1917,2539,0138-1,apagam,apagam,2540,0138-1,apaga,apaga
ap,heads,M-nasal/Hi-pos/Hf-drop/G-keep,isolated,0,1920,2542,0138-1,apagamaH,apagamaḥ,2543,0138-1,apagatiH,apagatiḥ
ap,heads,M-nasal/Hi-pos/Hf-drop/G-keep,isolated,0,1924,2546,0138-1,apagopura,apagopura,2547,0138-1,apagalBa,apagalbha
ap,heads,M-nasal/Hi-pos/Hf-drop/G-keep,isolated,0,1927,2549,0138-1,apagur,apagur,2550,0138-2,apagAram,apagāram
ap,heads,M-nasal/Hi-pos/Hf-drop/G-keep,isolated,0,1938,2561,0138-2,apacArin,apacārin,2562,0139-1,apacAy,apacāy
ap,heads,M-nasal/Hi-pos/Hf-drop/G-keep,isolated,0,1940,2565,0139-1,apaci,apaci,2566,0139-1,apacayaH,apacayaḥ
ap,heads,M-nasal/Hi-pos/Hf-drop/G-keep,isolated,0,1943,2568,0139-1,apacitiH,apacitiḥ,2569,0139-1,apacit,apacit
ap,heads,M-nasal/Hi-pos/Hf-drop/G-keep,isolated,0,1949,2574,0139-2,apacyu,apacyu,2575,0139-2,apacyavaH,apacyavaḥ
ap,heads,M-nasal/Hi-pos/Hf-drop/G-keep,isolated,0,1952,2577,0139-2,apajAtaH,apajātaḥ,2578,0139-2,apajargurARa,apajargurāṇa
ap,heads,M-nasal/Hi-pos/Hf-drop/G-keep,isolated,0,1954,2579,0139-2,apaji,apaji,2580,0139-2,apajayaH,apajayaḥ
ap,heads,M-nasal/Hi-pos/Hf-drop/G-keep,isolated,0,1970,2596,0140-1,apatnIka,apatnīka,2597,0140-1,apatIrTa,apatīrtha
ap,heads,M-nasal/Hi-pos/Hf-drop/G-keep,isolated,0,1972,2598,0140-1,apatfp,apatṛp,2599,0140-1,apatarpaRam,apatarpaṇam
ap,heads,M-nasal/Hi-pos/Hf-drop/G-keep,isolated,0,1974,2600,0140-1,apatyam,apatyam,2601,0140-2,apattra,apattra
ap,heads,M-nasal/Hi-pos/Hf-drop/G-keep,isolated,0,1993,2621,0141-2,apadeSya,apadeśya,2622,0141-2,apadiSam,apadiśam
ap,heads,M-nasal/Hi-pos/Hf-drop/G-keep,isolated,0,2002,2631,0141-2,apaDyE,apadhyai,2632,0141-2,apaDyAnam,apadhyānam
ap,heads,M-nasal/Hi-pos/Hf-drop/G-keep,isolated,0,2010,2641,0142-1,apanI,apanī,2642,0142-1,apanayaH,apanayaḥ
ap,heads,M-nasal/Hi-pos/Hf-drop/G-keep,isolated,0,2014,2645,0142-1,apanud,apanud,2646,0142-2,apanuttiH,apanuttiḥ
ap,heads,M-nasal/Hi-pos/Hf-drop/G-keep,isolated,0,2039,2673,0143-1,apamarSaH,apamarśaḥ,2674,0143-1,apaman,apaman
ap,heads,M-nasal/Hi-pos/Hf-drop/G-keep,isolated,0,2048,2682,0143-1,apamfj,apamṛj,2683,0143-1,apamArjanam,apamārjanam
ap,heads,M-nasal/Hi-pos/Hf-drop/G-keep,isolated,0,2060,2696,0144-2,aparedyuH,aparedyuḥ,2697,0144-2,aparaYj,aparañj
ap,heads,M-nasal/Hi-pos/Hf-drop/G-keep,isolated,0,2061,2697,0144-2,aparaYj,aparañj,2698,0144-2,aparakta,aparakta
ap,heads,M-nasal/Hi-pos/Hf-drop/G-keep,isolated,0,2063,2699,0144-2,aparAgaH,aparāgaḥ,2700,0145-1,aparatiH,aparatiḥ
ap,heads,M-nasal/Hi-pos/Hf-drop/G-keep,isolated,0,2068,2704,0145-1,aparAYc,aparāñc,2705,0145-1,aparAjita,aparājita
ap,heads,M-nasal/Hi-pos/Hf-drop/G-keep,isolated,0,2071,2707,0145-1,aparAD,aparādh,2708,0145-2,aparAdDa,aparāddha
ap,heads,M-nasal/Hi-pos/Hf-drop/G-keep,isolated,0,2088,2724,0146-1,apariRItA,apariṇītā,2725,0146-1,apariRAmaH,apariṇāmaḥ
ap,heads,M-nasal/Hi-pos/Hf-drop/G-keep,isolated,0,2090,2726,0146-1,aparipara,aparipara,2727,0146-1,aparinizWita,apariniṣṭhita
ap,heads,M-nasal/Hi-pos/Hf-drop/G-keep,isolated,0,2101,2737,0146-1,aparisara,aparisara,2738,0146-1,aparisaMKyAnam,aparisaṃkhyānam
ap,heads,M-nasal/Hi-pos/Hf-drop/G-keep,isolated,1,2102,2738,0146-1,aparisaMKyAnam,aparisaṃkhyānam,2739,0146-1,aparisaMsTita,aparisaṃsthita
ap,heads,M-nasal/Hi-pos/Hf-drop/G-keep,isolated,0,2133,2770,0147-1,apavAcanam,apavācanam,2771,0147-1,apavatsa,apavatsa
ap,heads,M-nasal/Hi-pos/Hf-drop/G-keep,isolated,0,2138,2775,0147-2,apavAdaka,apavādaka,2776,0147-2,apavana,apavana
ap,heads,M-nasal/Hi-pos/Hf-drop/G-keep,isolated,0,2147,2784,0148-1,apoQa,apoḍha,2785,0148-1,apavAsaH,apavāsaḥ
ap,heads,M-nasal/Hi-pos/Hf-drop/G-keep,isolated,0,2155,2792,0148-1,apavf,apavṛ,2793,0148-1,apavarakaH,apavarakaḥ
ap,heads,M-nasal/Hi-pos/Hf-drop/G-keep,isolated,0,2161,2798,0148-1,apavftiH,apavṛtiḥ,2799,0148-1,apavfj,apavṛj
ap,heads,M-nasal/Hi-pos/Hf-drop/G-keep,isolated,0,2162,2799,0148-1,apavfj,apavṛj,2800,0148-2,apavargaH,apavargaḥ
ap,heads,M-nasal/Hi-pos/Hf-drop/G-keep,isolated,0,2168,2805,0148-2,apavft,apavṛt,2806,0148-2,apavartaH,apavartaḥ
ap,heads,M-nasal/Hi-pos/Hf-drop/G-keep,isolated,0,2174,2811,0149-1,apavyaD,apavyadh,2812,0149-1,apavidDa,apaviddha
ap,heads,M-nasal/Hi-pos/Hf-drop/G-keep,isolated,0,2203,2840,0150-1,apasyu,apasyu,2841,0150-1,apasadaH,apasadaḥ
ap,heads,M-nasal/Hi-pos/Hf-drop/G-keep,isolated,0,2213,2850,0150-2,apasf,apasṛ,2851,0150-2,apasaraH,apasaraḥ
ap,heads,M-nasal/Hi-pos/Hf-drop/G-keep,isolated,0,2218,2855,0150-2,apasfta,apasṛta,2856,0150-2,apasfj,apasṛj
ap,heads,M-nasal/Hi-pos/Hf-drop/G-keep,isolated,0,2220,2857,0150-2,apasfzwa,apasṛṣṭa,2858,0150-2,apasfp,apasṛp
ap,heads,M-nasal/Hi-pos/Hf-drop/G-keep,isolated,0,2221,2858,0150-2,apasfp,apasṛp,2859,0151-1,apasarpaH,apasarpaḥ
ap,heads,M-nasal/Hi-pos/Hf-drop/G-keep,isolated,0,2234,2871,0151-1,apaspfS,apaspṛś,2872,0151-1,apasparSa,apasparśa
ap,heads,M-nasal/Hi-pos/Hf-drop/G-keep,isolated,0,2238,2875,0151-1,apasmAraH,apasmāraḥ,2876,0151-1,apasmaraRam,apasmaraṇam
ap,heads,M-nasal/Hi-pos/Hf-drop/G-keep,isolated,0,2246,2883,0151-2,apahan,apahan,2884,0151-2,apaha,apaha
ap,heads,M-nasal/Hi-pos/Hf-drop/G-keep,isolated,0,2256,2897,0152-1,apahf,apahṛ,2898,0152-1,apaharaRam,apaharaṇam
ap,heads,M-nasal/Hi-pos/Hf-drop/G-keep,isolated,0,2267,2909,0152-2,apAkf,apākṛ,2910,0152-2,apAkaraRam,apākaraṇam
ap,heads,M-nasal/Hi-pos/Hf-drop/G-keep,isolated,0,2269,2911,0152-2,apAkarman,apākarman,2912,0152-2,apAkarizRu,apākariṣṇu
ap,heads,M-nasal/Hi-pos/Hf-drop/G-keep,isolated,0,2272,2914,0152-2,apAkftiH,apākṛtiḥ,2915,0153-1,apAkIrRa,apākīrṇa
ap,heads,M-nasal/Hi-pos/Hf-drop/G-keep,isolated,0,2287,2929,0153-2,apAdA,apādā,2931,0153-2,apAtta,apātta
ap,heads,M-nasal/Hi-pos/Hf-drop/G-keep,isolated,1,2292,2939,0154-1,apAMpitta,apāṃpitta,2940,0154-1,apAmArgaH,apāmārgaḥ
ap,heads,M-nasal/Hi-pos/Hf-drop/G-keep,isolated,0,2305,2954,0154-2,apAvft,apāvṛt,2955,0154-2,apAvartanam,apāvartanam
ap,heads,M-nasal/Hi-pos/Hf-drop/G-keep,isolated,0,2309,2958,0154-2,apASri,apāśri,2959,0154-2,apASraya,apāśraya
ap,heads,M-nasal/Hi-pos/Hf-drop/G-keep,isolated,0,2317,2966,0155-1,apAsta,apāsta,2967,0155-1,apAsaNgaH,apāsaṅgaḥ
ap,heads,M-nasal/Hi-pos/Hf-drop/G-keep,isolated,0,2336,2986,0156-1,apihita,apihita,2987,0156-1,apinadDa,apinaddha
ap,heads,M-nasal/Hi-pos/Hf-drop/G-keep,isolated,0,2350,3000,0156-2,apyayanam,apyayanam,3001,0156-2,apIcya,apīcya
ap,heads,M-nasal/Hi-pos/Hf-drop/G-keep,isolated,0,2356,3006,0156-2,apuMstvam,apuṃstvam,3007,0156-2,apuMskA,apuṃskā
ap,heads,M-nasal/Hi-pos/Hf-drop/G-keep,isolated,0,2388,3038,0158-1,ape,ape,3039,0158-1,apAyaH,apāyaḥ
ap,heads,M-nasal/Hi-pos/Hf-drop/G-keep,isolated,0,2391,3041,0158-1,apeta,apeta,3042,0158-2,apekz,apekṣ
ap,heads,M-nasal/Hi-pos/Hf-drop/G-keep,isolated,0,2394,3044,0159-1,apekzya,apekṣya,3045,0159-1,apekzita,apekṣita
ap,heads,M-nasal/Hi-pos/Hf-drop/G-keep,isolated,0,2408,3062,0159-2,aptur,aptur,3063,0159-2,aptu,aptu
ap,heads,M-nasal/Hi-pos/Hf-drop/G-keep,isolated,0,2417,3071,0160-1,apyadIkzitaH,apyadīkṣitaḥ,3072,0160-1,apyaYc,apyañc
ap,heads,M-nasal/Hi-pos/Hf-drop/G-keep,isolated,0,2445,3099,0160-2,aprajas,aprajas,3100,0160-2,aprajajYi,aprajajñi
ap,heads,M-nasal/Hi-pos/Hf-drop/G-keep,isolated,0,2503,3157,0162-2,apramAda,apramāda,3158,0162-2,apramaya,apramaya
ap,heads,M-nasal/Hi-pos/Hf-drop/G-keep,isolated,0,2517,3171,0163-1,aprayucCat,aprayucchat,3172,0163-1,aprayukta,aprayukta
ap,heads,M-nasal/Hi-pos/Hf-drop/G-keep,isolated,0,2524,3178,0163-1,apravfttiH,apravṛttiḥ,3179,0163-1,apravIta,apravīta
ap,heads,M-nasal/Hi-pos/Hf-drop/G-keep,isolated,0,2532,3186,0163-2,aprasAdaH,aprasādaḥ,3187,0163-2,aprasava,aprasava
ap,heads,M-nasal/Hi-pos/Hf-drop/G-keep,isolated,0,2534,3188,0163-2,aprasUta,aprasūta,3189,0163-2,aprasahizRu,aprasahiṣṇu
ap,heads,M-nasal/Hi-pos/Hf-drop/G-keep,isolated,0,2550,3204,0164-1,aprADAnya,aprādhānya,3205,0164-1,aprARa,aprāṇa
ap,heads,M-nasal/Hi-pos/Hf-drop/G-keep,isolated,0,2586,3240,0165-2,abanDra,abandhra,3241,0165-2,abanDu,abandhu
ap,heads,M-nasal/Hi-pos/Hf-drop/G-keep,isolated,0,2603,3257,0166-1,aboDya,abodhya,3258,0166-1,abuDna,abudhna
ap,heads,M-nasal/Hi-pos/Hf-drop/G-keep,isolated,0,2607,3261,0166-2,abjinI,abjinī,3262,0166-2,abjas,abjas
ap,heads,M-nasal/Hi-pos/Hf-drop/G-keep,isolated,0,2622,3276,0167-1,abrahman,abrahman,3277,0167-1,abrahmatA,abrahmatā
ap,heads,M-nasal/Hi-pos/Hf-drop/G-keep,isolated,0,2637,3291,0167-2,aBayaMdadaH,abhayaṃdadaḥ,3292,0167-2,aBayaMkara,abhayaṃkara
ap,heads,M-nasal/Hi-pos/Hf-drop/G-keep,isolated,0,2658,3312,0169-1,aBikAmika,abhikāmika,3313,0169-1,aBikamp,abhikamp
ap,heads,M-nasal/Hi-pos/Hf-drop/G-keep,isolated,0,2662,3319,0169-1,aBikf,abhikṛ,3320,0169-1,aBikaraRam,abhikaraṇam
ap,heads,M-nasal/Hi-pos/Hf-drop/G-keep,isolated,0,2680,3342,0169-2,aBigam,abhigam,3343,0169-2,aBigantf,abhigantṛ
ap,heads,M-nasal/Hi-pos/Hf-drop/G-keep,isolated,0,2685,3347,0170-1,aBigAmuka,abhigāmuka,3348,0170-1,aBigarj,abhigarj
ap,heads,M-nasal/Hi-pos/Hf-drop/G-keep,isolated,0,2690,3354,0170-1,aBigoptf,abhigoptṛ,3355,0170-1,aBigur,abhigur
ap,heads,M-nasal/Hi-pos/Hf-drop/G-keep,isolated,0,2695,3359,0170-1,aBigF,abhigṝ,3360,0170-1,aBigaraH,abhigaraḥ
ap,heads,M-nasal/Hi-pos/Hf-drop/G-keep,isolated,0,2697,3361,0170-1,aBigE,abhigai,3362,0170-2,aBigIta,abhigīta
ap,heads,M-nasal/Hi-pos/Hf-drop/G-keep,isolated,0,2700,3364,0170-2,aBigrah,abhigrah,3367,0170-2,aBigfhIta,abhigṛhīta
ap,heads,M-nasal/Hi-pos/Hf-drop/G-keep,isolated,0,2704,3370,0170-2,aBiGf,abhighṛ,3371,0170-2,aBiGAraH,abhighāraḥ
ap,heads,M-nasal/Hi-pos/Hf-drop/G-keep,isolated,0,2713,3385,0171-1,aBijan,abhijan,3386,0171-1,aBija,abhija
ap,heads,M-nasal/Hi-pos/Hf-drop/G-keep,isolated,0,2721,3393,0171-2,aBiji,abhiji,3394,0171-2,aBijayaH,abhijayaḥ
ap,heads,M-nasal/Hi-pos/Hf-drop/G-keep,isolated,0,2727,3400,0172-1,aBijYA,abhijñā,3401,0172-1,aBijYa,abhijña
ap,heads,M-nasal/Hi-pos/Hf-drop/G-keep,isolated,0,2736,3409,0172-2,aBitAqanam,abhitāḍanam,3410,0172-2,aBitap,abhitap
ap,heads,M-nasal/Hi-pos/Hf-drop/G-keep,isolated,0,2738,3412,0172-2,aBitApaH,abhitāpaḥ,3413,0172-2,aBitarAm,abhitarām
ap,heads,M-nasal/Hi-pos/Hf-drop/G-keep,isolated,0,2743,3417,0173-1,aBitvaramARakaH,abhitvaramāṇakaḥ,3418,0173-1,aBitarpaRam,abhitarpaṇam
ap,heads,M-nasal/Hi-pos/Hf-drop/G-keep,isolated,0,2747,3421,0173-1,aBidfS,abhidṛś,3422,0173-1,aBidarSanam,abhidarśanam
ap,heads,M-nasal/Hi-pos/Hf-drop/G-keep,isolated,0,2751,3425,0173-1,aBidru,abhidru,3427,0173-1,aBidravaH,abhidravaḥ
ap,heads,M-nasal/Hi-pos/Hf-drop/G-keep,isolated,0,2753,3428,0173-1,aBidruh,abhidruh,3429,0173-1,aBidrugDa,abhidrugdha
ap,heads,M-nasal/Hi-pos/Hf-drop/G-keep,isolated,0,2760,3436,0173-2,aBiDAnam,abhidhānam,3437,0174-1,aBiDAnakam,abhidhānakam
ap,heads,M-nasal/Hi-pos/Hf-drop/G-keep,isolated,0,2764,3440,0174-1,aBihita,abhihita,3441,0174-2,aBiDAnI,abhidhānī
ap,heads,M-nasal/Hi-pos/Hf-drop/G-keep,isolated,0,2768,3446,0174-2,aBiDyE,abhidhyai,3447,0174-2,aBiDyA,abhidhyā
ap,heads,M-nasal/Hi-pos/Hf-drop/G-keep,isolated,0,2793,3478,0176-1,aBinizpad,abhiniṣpad,3479,0176-1,aBinizpattiH,abhiniṣpattiḥ
ap,heads,M-nasal/Hi-pos/Hf-drop/G-keep,isolated,0,2797,3482,0176-1,aBinI,abhinī,3483,0176-1,aBinayaH,abhinayaḥ
ap,heads,M-nasal/Hi-pos/Hf-drop/G-keep,isolated,0,2801,3486,0176-2,aBineya,abhineya,3487,0176-2,aBinetf,abhinetṛ
ap,heads,M-nasal/Hi-pos/Hf-drop/G-keep,isolated,0,2802,3487,0176-2,aBinetf,abhinetṛ,3488,0176-2,aBinunna,abhinunna
ap,heads,M-nasal/Hi-pos/Hf-drop/G-keep,isolated,0,2807,3493,0176-2,aBipad,abhipad,3494,0177-1,aBipattiH,abhipattiḥ
ap,heads,M-nasal/Hi-pos/Hf-drop/G-keep,isolated,0,2809,3495,0177-1,aBipanna,abhipanna,3496,0177-1,aBipadma,abhipadma
ap,heads,M-nasal/Hi-pos/Hf-drop/G-keep,isolated,0,2818,3505,0177-2,aBipF,abhipṝ,3506,0177-2,aBipUraRam,abhipūraṇam
ap,heads,M-nasal/Hi-pos/Hf-drop/G-keep,isolated,0,2822,3509,0177-2,aBipraRI,abhipraṇī,3510,0177-2,aBipraRayaH,abhipraṇayaḥ
ap,heads,M-nasal/Hi-pos/Hf-drop/G-keep,isolated,0,2830,3517,0177-2,aBipravft,abhipravṛt,3518,0177-2,aBipravartanam,abhipravartanam
ap,heads,M-nasal/Hi-pos/Hf-drop/G-keep,isolated,0,2837,3524,0177-2,aBipre,abhipre,3525,0177-2,aBiprAya,abhiprāya
ap,heads,M-nasal/Hi-pos/Hf-drop/G-keep,isolated,0,2841,3528,0178-1,aBiplu,abhiplu,3529,0178-1,aBiplavaH,abhiplavaḥ
ap,heads,M-nasal/Hi-pos/Hf-drop/G-keep,isolated,0,2851,3541,0178-2,aBiBU,abhibhū,3542,0178-2,aBiBavaH,abhibhavaḥ
ap,heads,M-nasal/Hi-pos/Hf-drop/G-keep,isolated,0,2862,3552,0179-1,aBimAdyatka,abhimādyatka,3553,0179-1,aBiman,abhiman
ap,heads,M-nasal/Hi-pos/Hf-drop/G-keep,isolated,0,2863,3553,0179-1,aBiman,abhiman,3554,0179-1,aBimata,abhimata
ap,heads,M-nasal/Hi-pos/Hf-drop/G-keep,isolated,0,2873,3563,0179-2,aBimAnuka,abhimānuka,3564,0179-2,aBimantr,abhimantr
ap,heads,M-nasal/Hi-pos/Hf-drop/G-keep,isolated,0,2885,3576,0180-2,aBimuKIkf,abhimukhīkṛ,3577,0180-2,aBimuKIkaraRam,abhimukhīkaraṇam
ap,heads,M-nasal/Hi-pos/Hf-drop/G-keep,isolated,0,2888,3579,0180-2,aBimfd,abhimṛd,3580,0180-2,aBimardaH,abhimardaḥ
ap,heads,M-nasal/Hi-pos/Hf-drop/G-keep,isolated,0,2891,3582,0180-2,aBimfS,abhimṛś,3583,0180-2,aBimarSaH,abhimarśaḥ
ap,heads,M-nasal/Hi-pos/Hf-drop/G-keep,isolated,0,2899,3591,0181-1,aBiyAtf,abhiyātṛ,3592,0181-1,aBiyAtiH,abhiyātiḥ
ap,heads,M-nasal/Hi-pos/Hf-drop/G-keep,isolated,0,2901,3593,0181-1,aBiyAnam,abhiyānam,3594,0181-1,aBiyAc,abhiyāc
ap,heads,M-nasal/Hi-pos/Hf-drop/G-keep,isolated,0,2903,3596,0181-1,aBiyuj,abhiyuj,3597,0181-2,aBiyukta,abhiyukta
ap,heads,M-nasal/Hi-pos/Hf-drop/G-keep,isolated,0,2913,3608,0182-1,aBiraYj,abhirañj,3609,0182-1,aBirakta,abhirakta
ap,heads,M-nasal/Hi-pos/Hf-drop/G-keep,isolated,0,2916,3611,0182-1,aBiram,abhiram,3612,0182-1,aBirata,abhirata
ap,heads,M-nasal/Hi-pos/Hf-drop/G-keep,isolated,0,2920,3615,0182-1,aBirAma,abhirāma,3616,0182-2,aBiramBita,abhirambhita
ap,heads,M-nasal/Hi-pos/Hf-drop/G-keep,isolated,0,2924,3619,0182-2,aBirADanam,abhirādhanam,3620,0182-2,aBirAdDa,abhirāddha
ap,heads,M-nasal/Hi-pos/Hf-drop/G-keep,isolated,0,2936,3635,0183-1,aBilApaH,abhilāpaḥ,3636,0183-1,aBilamBanam,abhilambhanam
ap,heads,M-nasal/Hi-pos/Hf-drop/G-keep,isolated,0,2940,3641,0183-1,aBilAzaka,abhilāṣaka,3642,0183-1,aBilAvaH,abhilāvaḥ
ap,heads,M-nasal/Hi-pos/Hf-drop/G-keep,isolated,0,2952,3655,0183-2,aBivAdya,abhivādya,3656,0183-2,aBivand,abhivand
ap,heads,M-nasal/Hi-pos/Hf-drop/G-keep,isolated,0,2956,3660,0183-2,aBivAsas,abhivāsas,3661,0183-2,aBivaha,abhivaha
ap,heads,M-nasal/Hi-pos/Hf-drop/G-keep,isolated,0,2959,3663,0183-2,aBivAhya,abhivāhya,3664,0184-1,aBivAnyA,abhivānyā
ap,heads,M-nasal/Hi-pos/Hf-drop/G-keep,isolated,0,2969,3675,0184-1,aBivft,abhivṛt,3676,0184-1,aBivartin,abhivartin
ap,heads,M-nasal/Hi-pos/Hf-drop/G-keep,isolated,0,2970,3676,0184-1,aBivartin,abhivartin,3677,0184-2,aBivartanam,abhivartanam
ap,heads,M-nasal/Hi-pos/Hf-drop/G-keep,isolated,1,2971,3677,0184-2,aBivartanam,abhivartanam,3678,0184-2,aBivartaH,abhivartaḥ
ap,heads,M-nasal/Hi-pos/Hf-drop/G-keep,isolated,0,2973,3679,0184-2,aBivfD,abhivṛdh,3680,0184-2,aBivfdDiH,abhivṛddhiḥ
ap,heads,M-nasal/Hi-pos/Hf-drop/G-keep,isolated,0,2975,3681,0184-2,aBivfz,abhivṛṣ,3683,0184-2,aBivarzaRam,abhivarṣaṇam
ap,heads,M-nasal/Hi-pos/Hf-drop/G-keep,isolated,0,2979,3686,0184-2,aBivyaYj,abhivyañj,3687,0184-2,aBivyakta,abhivyakta
ap,heads,M-nasal/Hi-pos/Hf-drop/G-keep,isolated,0,2987,3697,0185-1,aBivyAhf,abhivyāhṛ,3699,0185-1,aBivyAharaRam,abhivyāharaṇam
ap,heads,M-nasal/Hi-pos/Hf-drop/G-keep,isolated,0,2994,3707,0185-1,aBiSastiH,abhiśastiḥ,3708,0185-1,aBiSaNk,abhiśaṅk
ap,heads,M-nasal/Hi-pos/Hf-drop/G-keep,isolated,0,2997,3713,0185-2,aBiSApanam,abhiśāpanam,3714,0185-2,aBiSabdita,abhiśabdita
ap,heads,M-nasal/Hi-pos/Hf-drop/G-keep,isolated,0,3010,3728,0185-2,aBiSruta,abhiśruta,3729,0185-2,aBiSrI,abhiśrī
ap,heads,M-nasal/Hi-pos/Hf-drop/G-keep,isolated,0,3011,3729,0185-2,aBiSrI,abhiśrī,3730,0185-2,aBiSriz,abhiśriṣ
ap,heads,M-nasal/Hi-pos/Hf-drop/G-keep,isolated,0,3018,3736,0186-1,aBizaYj,abhiṣañj,3737,0186-1,aBizakta,abhiṣakta
ap,heads,M-nasal/Hi-pos/Hf-drop/G-keep,isolated,0,3026,3744,0186-1,aBizic,abhiṣic,3745,0186-2,aBizikta,abhiṣikta
ap,heads,M-nasal/Hi-pos/Hf-drop/G-keep,isolated,0,3031,3749,0186-2,aBizecanIya,abhiṣecanīya,3750,0186-2,aBizu,abhiṣu
ap,heads,M-nasal/Hi-pos/Hf-drop/G-keep,isolated,0,3032,3750,0186-2,aBizu,abhiṣu,3751,0186-2,aBizavaH,abhiṣavaḥ
ap,heads,M-nasal/Hi-pos/Hf-drop/G-keep,isolated,0,3037,3755,0187-1,aBizuta,abhiṣuta,3756,0187-1,aBizukaH,abhiṣukaḥ
ap,heads,M-nasal/Hi-pos/Hf-drop/G-keep,isolated,0,3045,3763,0187-1,aBizwu,abhiṣṭu,3765,0187-1,aBizwavaH,abhiṣṭavaḥ
ap,heads,M-nasal/Hi-pos/Hf-drop/G-keep,isolated,0,3055,3776,0187-2,aBisaMskf,abhisaṃskṛ,3777,0187-2,aBisaMskAraH,abhisaṃskāraḥ
ap,heads,M-nasal/Hi-pos/Hf-drop/G-keep,isolated,0,3061,3782,0187-2,aBisaMKyA,abhisaṃkhyā,3783,0187-2,aBisaMKya,abhisaṃkhya
ap,heads,M-nasal/Hi-pos/Hf-drop/G-keep,isolated,0,3069,3790,0187-2,aBisaMDA,abhisaṃdhā,3791,0188-1,aBisaMDaH,abhisaṃdhaḥ
ap,heads,M-nasal/Hi-pos/Hf-drop/G-keep,isolated,0,3079,3800,0188-1,aBisaMpAtaH,abhisaṃpātaḥ,3801,0188-1,aBisaMpad,abhisaṃpad
ap,heads,M-nasal/Hi-pos/Hf-drop/G-keep,isolated,0,3080,3801,0188-1,aBisaMpad,abhisaṃpad,3802,0188-2,aBisaMpattiH,abhisaṃpattiḥ
ap,heads,M-nasal/Hi-pos/Hf-drop/G-keep,isolated,0,3093,3816,0188-2,aBisf,abhisṛ,3817,0188-2,aBisaraH,abhisaraḥ
ap,heads,M-nasal/Hi-pos/Hf-drop/G-keep,isolated,0,3102,3825,0189-1,aBisfj,abhisṛj,3826,0189-1,aBisargaH,abhisargaḥ
ap,heads,M-nasal/Hi-pos/Hf-drop/G-keep,isolated,0,3110,3833,0189-2,aBisvf,abhisvṛ,3834,0189-2,aBisvar,abhisvar
ap,heads,M-nasal/Hi-pos/Hf-drop/G-keep,isolated,0,3114,3837,0189-2,aBihan,abhihan,3838,0189-2,aBihata,abhihata
ap,heads,M-nasal/Hi-pos/Hf-drop/G-keep,isolated,0,3116,3839,0189-2,aBihatiH,abhihatiḥ,3840,0189-2,aBiGAtaH,abhighātaḥ
ap,heads,M-nasal/Hi-pos/Hf-drop/G-keep,isolated,0,3121,3844,0190-1,aBihUtiH,abhihūtiḥ,3845,0190-1,aBihasya,abhihasya
ap,heads,M-nasal/Hi-pos/Hf-drop/G-keep,isolated,0,3125,3848,0190-1,aBihu,abhihu,3849,0190-1,aBihavaH,abhihavaḥ
ap,heads,M-nasal/Hi-pos/Hf-drop/G-keep,isolated,0,3127,3850,0190-1,aBihomaH,abhihomaḥ,3851,0190-1,aBihf,abhihṛ
ap,heads,M-nasal/Hi-pos/Hf-drop/G-keep,isolated,0,3128,3851,0190-1,aBihf,abhihṛ,3852,0190-1,aBiharaH,abhiharaḥ
ap,heads,M-nasal/Hi-pos/Hf-drop/G-keep,isolated,0,3139,3862,0190-2,aByayaH,abhyayaḥ,3863,0190-2,aBI,abhī
ap,heads,M-nasal/Hi-pos/Hf-drop/G-keep,isolated,0,3160,3883,0191-1,aBIlu,abhīlu,3884,0191-1,aBIlApaH,abhīlāpaḥ
ap,heads,M-nasal/Hi-pos/Hf-drop/G-keep,isolated,0,3172,3899,0191-2,aBuYjat,abhuñjat,3900,0191-2,aBugna,abhugna
ap,heads,M-nasal/Hi-pos/Hf-drop/G-keep,isolated,0,3179,3906,0191-2,aBUmiH,abhūmiḥ,3907,0191-2,aBayaHsaMnivfttiH,abhayaḥsaṃnivṛttiḥ
ap,heads,M-nasal/Hi-pos/Hf-drop/G-keep,isolated,0,3196,3923,0192-1,aByaYj,abhyañj,3924,0192-1,aByakta,abhyakta
ap,heads,M-nasal/Hi-pos/Hf-drop/G-keep,isolated,0,3208,3936,0193-1,aByantarIkf,abhyantarīkṛ,3937,0193-1,aByantarIkaraRam,abhyantarīkaraṇam
ap,heads,M-nasal/Hi-pos/Hf-drop/G-keep,isolated,0,3226,3967,0193-2,aByavahita,abhyavahita,3968,0193-2,aByavaskand,abhyavaskand
ap,heads,M-nasal/Hi-pos/Hf-drop/G-keep,isolated,0,3228,3970,0194-1,aByavahf,abhyavahṛ,3971,0194-1,aByavaharaRam,abhyavaharaṇam
ap,heads,M-nasal/Hi-pos/Hf-drop/G-keep,isolated,0,3233,3975,0194-1,aByave,abhyave,3976,0194-1,aByavAyanam,abhyavāyanam
ap,heads,M-nasal/Hi-pos/Hf-drop/G-keep,isolated,0,3236,3979,0194-1,aByASa,abhyāśa,3980,0194-1,aByas,abhyas
ap,heads,M-nasal/Hi-pos/Hf-drop/G-keep,isolated,0,3239,3985,0194-2,aByAsin,abhyāsin,3986,0194-2,aByasUyati,abhyasūyati
ap,heads,M-nasal/Hi-pos/Hf-drop/G-keep,isolated,0,3240,3986,0194-2,aByasUyati,abhyasūyati,3987,0195-1,aByasUya,abhyasūya
ap,heads,M-nasal/Hi-pos/Hf-drop/G-keep,isolated,0,3254,4000,0195-1,aByAgam,abhyāgam,4001,0195-1,aByAgata,abhyāgata
ap,heads,M-nasal/Hi-pos/Hf-drop/G-keep,isolated,0,3268,4014,0195-2,aByAdA,abhyādā,4015,0195-2,aByAtta,abhyātta
ap,heads,M-nasal/Hi-pos/Hf-drop/G-keep,isolated,0,3272,4019,0195-2,aByAhita,abhyāhita,4020,0195-2,aByAnta,abhyānta
ap,heads,M-nasal/Hi-pos/Hf-drop/G-keep,isolated,1,3276,4023,0195-2,aByAyam,abhyāyam,4024,0196-1,aByAyaMsenya,abhyāyaṃsenya
ap,heads,M-nasal/Hi-pos/Hf-drop/G-keep,isolated,0,3283,4030,0196-1,aByAvft,abhyāvṛt,4031,0196-1,aByAvartaH,abhyāvartaḥ
ap,heads,M-nasal/Hi-pos/Hf-drop/G-keep,isolated,0,3291,4038,0196-1,aByAhan,abhyāhan,4039,0196-1,aByAhata,abhyāhata
ap,heads,M-nasal/Hi-pos/Hf-drop/G-keep,isolated,0,3294,4041,0196-1,aByAhf,abhyāhṛ,4042,0196-1,aByAhAraH,abhyāhāraḥ
ap,heads,M-nasal/Hi-pos/Hf-drop/G-keep,isolated,0,3308,4059,0196-2,aByudi,abhyudi,4060,0197-1,aByudaya,abhyudaya
ap,heads,M-nasal/Hi-pos/Hf-drop/G-keep,isolated,0,3312,4063,0197-1,aByudgam,abhyudgam,4064,0197-1,aByudga,abhyudga
ap,heads,M-nasal/Hi-pos/Hf-drop/G-keep,isolated,0,3318,4069,0197-1,aByudyam,abhyudyam,4070,0197-1,aByudyata,abhyudyata
ap,heads,M-nasal/Hi-pos/Hf-drop/G-keep,isolated,0,3322,4073,0197-1,aByupagam,abhyupagam,4074,0197-2,aByupagata,abhyupagata
ap,heads,M-nasal/Hi-pos/Hf-drop/G-keep,isolated,0,3326,4077,0197-2,aByupapad,abhyupapad,4078,0197-2,aByupapattiH,abhyupapattiḥ
ap,heads,M-nasal/Hi-pos/Hf-drop/G-keep,isolated,0,3333,4084,0197-2,aByupe,abhyupe,4085,0198-1,aByupAyaH,abhyupāyaḥ
ap,heads,M-nasal/Hi-pos/Hf-drop/G-keep,isolated,0,3338,4089,0198-1,aByuzya,abhyuṣya,4090,0198-1,aByuzita,abhyuṣita
ap,heads,M-nasal/Hi-pos/Hf-drop/G-keep,isolated,0,3356,4293,0209-1,amvlaH,amvlaḥ,4294,0209-1,amlAna,amlāna
ap,heads,M-nasal/Hi-pos/Hf-drop/G-keep,isolated,0,3373,4388,0214-1,araRyam,araṇyam,4389,0214-2,araRyakam,araṇyakam
ap,heads,M-nasal/Hi-pos/Hf-drop/G-keep,isolated,0,3377,4392,0214-2,araRyenUcyaH,araṇyenūcyaḥ,4393,0214-2,araRyetilakaH,araṇyetilakaḥ
ap,heads,M-nasal/Hi-pos/Hf-drop/G-keep,isolated,0,3389,4404,0215-1,arapas,arapas,4405,0215-1,arapacanaH,arapacanaḥ
ap,heads,M-nasal/Hi-pos/Hf-drop/G-keep,isolated,1,3391,4406,0215-1,aram,aram,4407,0215-1,araMkf,araṃkṛ
ap,heads,M-nasal/Hi-pos/Hf-drop/G-keep,isolated,0,3400,4415,0215-2,aramiz,aramiṣ,4416,0215-2,aramaRa,aramaṇa
ap,heads,M-nasal/Hi-pos/Hf-drop/G-keep,isolated,0,3403,4418,0215-2,araram,araram,4419,0215-2,ararakA,ararakā
ap,heads,M-nasal/Hi-pos/Hf-drop/G-keep,isolated,1,3438,4453,0217-1,ariMdama,ariṃdama,4454,0217-1,arikta,arikta
ap,heads,M-nasal/Hi-pos/Hf-drop/G-keep,isolated,0,3447,4462,0217-1,arizam,ariṣam,4463,0217-2,arizaRya,ariṣaṇya
ap,heads,M-nasal/Hi-pos/Hf-drop/G-keep,isolated,0,3460,4475,0218-1,aruj,aruj,4476,0218-1,arugRa,arugṇa
ap,heads,M-nasal/Hi-pos/Hf-drop/G-keep,isolated,0,3467,4482,0218-2,arudDa,aruddha,4483,0218-2,aruta,aruta
ap,heads,M-nasal/Hi-pos/Hf-drop/G-keep,isolated,0,3539,4605,0230-2,aryARI,aryāṇī,4606,0230-2,aryaman,aryaman
ap,heads,M-nasal/Hi-pos/Hf-drop/G-keep,isolated,0,3547,4622,0231-2,arSin,arśin,4623,0231-2,arSasAna,arśasāna
ap,heads,M-nasal/Hi-pos/Hf-drop/G-keep,isolated,0,3552,4663,0233-2,alaMkf,alaṃkṛ,4664,0234-1,alaMkaraRam,alaṃkaraṇam
ap,heads,M-nasal/Hi-pos/Hf-drop/G-keep,isolated,0,3565,4676,0234-2,alarkaH,alarkaḥ,4677,0234-2,alapas,alapas
ap,heads,M-nasal/Hi-pos/Hf-drop/G-keep,isolated,0,3573,4684,0234-2,alasya,alasya,4685,0234-2,alasikA,alasikā
ap,heads,M-nasal/Hi-pos/Hf-drop/G-keep,isolated,1,3588,4699,0235-1,alin,alin,4700,0235-1,aliMSaH,aliṃśaḥ
ap,heads,M-nasal/Hi-pos/Hf-drop/G-keep,isolated,0,3658,4782,0238-2,avakfta,avakṛta,4783,0238-2,avakft,avakṛt
ap,heads,M-nasal/Hi-pos/Hf-drop/G-keep,isolated,0,3659,4783,0238-2,avakft,avakṛt,4784,0238-2,avakartaH,avakartaḥ
ap,heads,M-nasal/Hi-pos/Hf-drop/G-keep,isolated,0,3663,4787,0238-2,avakfz,avakṛṣ,4788,0238-2,avakarzaRam,avakarṣaṇam
ap,heads,M-nasal/Hi-pos/Hf-drop/G-keep,isolated,0,3666,4790,0239-1,avakF,avakṝ,4791,0239-1,avakIrRa,avakīrṇa
ap,heads,M-nasal/Hi-pos/Hf-drop/G-keep,isolated,0,3669,4793,0239-1,avakxp,avakḷp,4794,0239-1,avakalpita,avakalpita
ap,heads,M-nasal/Hi-pos/Hf-drop/G-keep,isolated,0,3684,4811,0239-2,avakrI,avakrī,4812,0239-2,avakrayaH,avakrayaḥ
ap,heads,M-nasal/Hi-pos/Hf-drop/G-keep,isolated,0,3695,4822,0239-2,avakzi,avakṣi,4823,0239-2,avakzayaH,avakṣayaḥ
ap,heads,M-nasal/Hi-pos/Hf-drop/G-keep,isolated,0,3698,4825,0240-1,avakzIRa,avakṣīṇa,4826,0240-1,avakzip,avakṣip
ap,heads,M-nasal/Hi-pos/Hf-drop/G-keep,isolated,0,3701,4829,0240-1,avakzepaRam,avakṣepaṇam,4830,0240-1,avakzu,avakṣu
ap,heads,M-nasal/Hi-pos/Hf-drop/G-keep,isolated,0,3709,4843,0240-2,avagam,avagam,4844,0240-2,avagata,avagata
ap,heads,M-nasal/Hi-pos/Hf-drop/G-keep,isolated,0,3716,4850,0240-2,avagAh,avagāh,4851,0240-2,avagAQa,avagāḍha
ap,heads,M-nasal/Hi-pos/Hf-drop/G-keep,isolated,0,3727,4866,0241-1,avagE,avagai,4867,0241-1,avagIta,avagīta
ap,heads,M-nasal/Hi-pos/Hf-drop/G-keep,isolated,0,3729,4868,0241-2,avagrah,avagrah,4869,0241-2,avagfhIta,avagṛhīta
ap,heads,M-nasal/Hi-pos/Hf-drop/G-keep,isolated,0,3739,4881,0242-1,avaGozaH,avaghoṣaḥ,4882,0242-1,avaGUrR,avaghūrṇ
ap,heads,M-nasal/Hi-pos/Hf-drop/G-keep,isolated,0,3741,4885,0242-1,avaGfz,avaghṛṣ,4886,0242-1,avaGarzaRam,avagharṣaṇam
ap,heads,M-nasal/Hi-pos/Hf-drop/G-keep,isolated,0,3749,4897,0242-2,avacaskara,avacaskara,4898,0242-2,avacandramasam,avacandramasam
ap,heads,M-nasal/Hi-pos/Hf-drop/G-keep,isolated,0,3755,4904,0242-2,avaci,avaci,4905,0242-2,avacayaH,avacayaḥ
ap,heads,M-nasal/Hi-pos/Hf-drop/G-keep,isolated,0,3772,4924,0243-1,avacCedya,avacchedya,4925,0243-1,avacCurita,avacchurita
ap,heads,M-nasal/Hi-pos/Hf-drop/G-keep,isolated,0,3774,4926,0243-1,avaji,avaji,4927,0243-1,avajayaH,avajayaḥ
ap,heads,M-nasal/Hi-pos/Hf-drop/G-keep,isolated,0,3793,4946,0244-1,avataMsayati,avataṃsayati,4947,0244-1,avataMsakaH,avataṃsakaḥ
ap,heads,M-nasal/Hi-pos/Hf-drop/G-keep,isolated,0,3798,4951,0244-1,avatAqanam,avatāḍanam,4952,0244-1,avatan,avatan
ap,heads,M-nasal/Hi-pos/Hf-drop/G-keep,isolated,0,3799,4952,0244-1,avatan,avatan,4953,0244-1,avatata,avatata
ap,heads,M-nasal/Hi-pos/Hf-drop/G-keep,isolated,0,3802,4955,0244-1,avatAnaH,avatānaḥ,4956,0244-2,avatap,avatap
ap,heads,M-nasal/Hi-pos/Hf-drop/G-keep,isolated,0,3804,4958,0244-2,avatApin,avatāpin,4959,0244-2,avatamasam,avatamasam
ap,heads,M-nasal/Hi-pos/Hf-drop/G-keep,isolated,0,3807,4961,0244-2,avatas,avatas,4962,0244-2,avatarpaRam,avatarpaṇam
ap,heads,M-nasal/Hi-pos/Hf-drop/G-keep,isolated,0,3809,4963,0244-2,avatF,avatṝ,4964,0245-1,avataraH,avataraḥ
ap,heads,M-nasal/Hi-pos/Hf-drop/G-keep,isolated,0,3829,4983,0245-2,avadAhaH,avadāhaḥ,4984,0245-2,avadAta,avadāta
ap,heads,M-nasal/Hi-pos/Hf-drop/G-keep,isolated,0,3835,4989,0246-1,avadF,avadṝ,4990,0246-1,avadaraRam,avadaraṇam
ap,heads,M-nasal/Hi-pos/Hf-drop/G-keep,isolated,0,3840,4994,0246-1,avadyat,avadyat,4995,0246-1,avatta,avatta
ap,heads,M-nasal/Hi-pos/Hf-drop/G-keep,isolated,0,3851,5005,0246-2,avaDya,avadhya,5006,0246-2,avaDarzya,avadharṣya
ap,heads,M-nasal/Hi-pos/Hf-drop/G-keep,isolated,0,3857,5015,0247-1,avahita,avahita,5016,0247-1,avaDAv,avadhāv
ap,heads,M-nasal/Hi-pos/Hf-drop/G-keep,isolated,0,3861,5030,0247-2,avaDf,avadhṛ,5031,0247-2,avaDAraH,avadhāraḥ
ap,heads,M-nasal/Hi-pos/Hf-drop/G-keep,isolated,0,3869,5038,0248-1,avaDyE,avadhyai,5039,0248-1,avaDyAnam,avadhyānam
ap,heads,M-nasal/Hi-pos/Hf-drop/G-keep,isolated,0,3874,5044,0248-1,avanam,avanam,5045,0248-1,avanakzatram,avanakṣatram
ap,heads,M-nasal/Hi-pos/Hf-drop/G-keep,isolated,0,3876,5046,0248-1,avanam,avanam,5047,0248-1,avanata,avanata
ap,heads,M-nasal/Hi-pos/Hf-drop/G-keep,isolated,0,3882,5052,0248-2,avanAmin,avanāmin,5053,0248-2,avanard,avanard
ap,heads,M-nasal/Hi-pos/Hf-drop/G-keep,isolated,0,3884,5054,0248-2,avanah,avanah,5055,0248-2,avanadDa,avanaddha
ap,heads,M-nasal/Hi-pos/Hf-drop/G-keep,isolated,0,3886,5056,0248-2,avanAhaH,avanāhaḥ,5057,0248-2,avanAwa,avanāṭa
ap,heads,M-nasal/Hi-pos/Hf-drop/G-keep,isolated,0,3889,5059,0248-2,avanij,avanij,5060,0248-2,avanikta,avanikta
ap,heads,M-nasal/Hi-pos/Hf-drop/G-keep,isolated,0,3891,5061,0248-2,avanejya,avanejya,5062,0248-2,avanejanam,avanejanam
ap,heads,M-nasal/Hi-pos/Hf-drop/G-keep,isolated,0,3892,5062,0248-2,avanejanam,avanejanam,5063,0249-1,avaniScayaH,avaniścayaḥ
ap,heads,M-nasal/Hi-pos/Hf-drop/G-keep,isolated,0,3896,5066,0249-1,avanI,avanī,5067,0249-1,avanayaH,avanayaḥ
ap,heads,M-nasal/Hi-pos/Hf-drop/G-keep,isolated,0,3907,5077,0249-2,avapAwikA,avapāṭikā,5078,0249-2,avapat,avapat
ap,heads,M-nasal/Hi-pos/Hf-drop/G-keep,isolated,0,3910,5082,0249-2,avapAtanam,avapātanam,5083,0249-2,avapad,avapad
ap,heads,M-nasal/Hi-pos/Hf-drop/G-keep,isolated,0,3913,5085,0249-2,avapAdaH,avapādaḥ,5086,0249-2,avapAka,avapāka
ap,heads,M-nasal/Hi-pos/Hf-drop/G-keep,isolated,0,3931,5107,0250-1,avabuD,avabudh,5108,0250-2,avabudDa,avabuddha
ap,heads,M-nasal/Hi-pos/Hf-drop/G-keep,isolated,0,3938,5114,0250-2,avaBaYj,avabhañj,5115,0250-2,avaBaNga,avabhaṅga
ap,heads,M-nasal/Hi-pos/Hf-drop/G-keep,isolated,0,3945,5125,0251-1,avaBedin,avabhedin,5126,0251-1,avaBuj,avabhuj
ap,heads,M-nasal/Hi-pos/Hf-drop/G-keep,isolated,0,3946,5126,0251-1,avaBuj,avabhuj,5127,0251-1,avaBugna,avabhugna
ap,heads,M-nasal/Hi-pos/Hf-drop/G-keep,isolated,0,3952,5132,0251-1,avaman,avaman,5133,0251-1,avamata,avamata
ap,heads,M-nasal/Hi-pos/Hf-drop/G-keep,isolated,0,3959,5139,0251-2,avamAnin,avamānin,5140,0251-2,avamanTa,avamantha
ap,heads,M-nasal/Hi-pos/Hf-drop/G-keep,isolated,0,3964,5144,0251-2,avamocanam,avamocanam,5145,0251-2,avamUrcC,avamūrcch
ap,heads,M-nasal/Hi-pos/Hf-drop/G-keep,isolated,0,3967,5147,0251-2,avamfj,avamṛj,5148,0251-2,avamArjanam,avamārjanam
ap,heads,M-nasal/Hi-pos/Hf-drop/G-keep,isolated,0,3969,5149,0251-2,avamfd,avamṛd,5150,0251-2,avamardaH,avamardaḥ
ap,heads,M-nasal/Hi-pos/Hf-drop/G-keep,isolated,0,3973,5153,0252-1,avamfS,avamṛś,5154,0252-1,avamarSaH,avamarśaḥ
ap,heads,M-nasal/Hi-pos/Hf-drop/G-keep,isolated,0,3979,5160,0252-1,avayAj,avayāj,5161,0252-1,avayavaH,avayavaḥ
ap,heads,M-nasal/Hi-pos/Hf-drop/G-keep,isolated,0,3995,5177,0253-1,avaryati,avaryati,5178,0253-1,avaram,avaram
ap,heads,M-nasal/Hi-pos/Hf-drop/G-keep,isolated,0,3996,5178,0253-1,avaram,avaram,5179,0253-1,avarata,avarata
ap,heads,M-nasal/Hi-pos/Hf-drop/G-keep,isolated,0,4002,5184,0253-1,avaruD,avarudh,5185,0253-1,avarudDa,avaruddha
ap,heads,M-nasal/Hi-pos/Hf-drop/G-keep,isolated,0,4009,5191,0253-2,avaroDin,avarodhin,5192,0253-2,avaruh,avaruh
ap,heads,M-nasal/Hi-pos/Hf-drop/G-keep,isolated,0,4019,5201,0254-1,avarohin,avarohin,5202,0254-1,avarUpa,avarūpa
ap,heads,M-nasal/Hi-pos/Hf-drop/G-keep,isolated,0,4041,5230,0255-2,avalepanam,avalepanam,5231,0255-2,avalih,avalih
ap,heads,M-nasal/Hi-pos/Hf-drop/G-keep,isolated,0,4047,5236,0255-2,avalehya,avalehya,5237,0255-2,avalI,avalī
ap,heads,M-nasal/Hi-pos/Hf-drop/G-keep,isolated,0,4054,5246,0255-2,avalopya,avalopya,5247,0255-2,avaleKaH,avalekhaḥ
ap,heads,M-nasal/Hi-pos/Hf-drop/G-keep,isolated,0,4065,5263,0256-1,avavAdaH,avavādaḥ,5264,0256-2,avavarakaH,avavarakaḥ
ap,heads,M-nasal/Hi-pos/Hf-drop/G-keep,isolated,1,4076,5275,0256-2,avaSyaMBAvin,avaśyaṃbhāvin,5276,0256-2,avaSyaka,avaśyaka
ap,heads,M-nasal/Hi-pos/Hf-drop/G-keep,isolated,0,4078,5277,0256-2,avaSyakatA,avaśyakatā,5278,0256-2,avaSakTikA,avaśakthikā
ap,heads,M-nasal/Hi-pos/Hf-drop/G-keep,isolated,0,4088,5287,0257-1,avaSezita,avaśeṣita,5288,0257-1,avaSInaH,avaśīnaḥ
ap,heads,M-nasal/Hi-pos/Hf-drop/G-keep,isolated,0,4091,5290,0257-1,avaSF,avaśṝ,5291,0257-1,avaSIrRa,avaśīrṇa
ap,heads,M-nasal/Hi-pos/Hf-drop/G-keep,isolated,0,4098,5297,0257-2,avazwamB,avaṣṭambh,5298,0257-2,avazwabDa,avaṣṭabdha
ap,heads,M-nasal/Hi-pos/Hf-drop/G-keep,isolated,0,4101,5300,0257-2,avazwamBamaya,avaṣṭambhamaya,5301,0257-2,avazwamBanam,avaṣṭambhanam
ap,heads,M-nasal/Hi-pos/Hf-drop/G-keep,isolated,0,4106,5305,0258-1,avasvat,avasvat,5306,0258-1,avasaH,avasaḥ
ap,heads,M-nasal/Hi-pos/Hf-drop/G-keep,isolated,0,4109,5308,0258-1,avasaYj,avasañj,5309,0258-1,avasakta,avasakta
ap,heads,M-nasal/Hi-pos/Hf-drop/G-keep,isolated,0,4111,5310,0258-1,avasaYjanam,avasañjanam,5311,0258-1,avasajjanam,avasajjanam
ap,heads,M-nasal/Hi-pos/Hf-drop/G-keep,isolated,0,4122,5321,0258-2,avasAdin,avasādin,5322,0258-2,avasaBa,avasabha
ap,heads,M-nasal/Hi-pos/Hf-drop/G-keep,isolated,0,4124,5323,0258-2,avasf,avasṛ,5324,0259-1,avasaraH,avasaraḥ
ap,heads,M-nasal/Hi-pos/Hf-drop/G-keep,isolated,0,4132,5331,0259-1,avasic,avasic,5332,0259-1,avasikta,avasikta
ap,heads,M-nasal/Hi-pos/Hf-drop/G-keep,isolated,0,4136,5335,0259-1,avasecanam,avasecanam,5336,0259-1,avasupta,avasupta
ap,heads,M-nasal/Hi-pos/Hf-drop/G-keep,isolated,0,4138,5337,0259-1,avasfj,avasṛj,5338,0259-1,avasargaH,avasargaḥ
ap,heads,M-nasal/Hi-pos/Hf-drop/G-keep,isolated,0,4142,5341,0259-2,avaso,avaso,5342,0259-2,avasA,avasā
ap,heads,M-nasal/Hi-pos/Hf-drop/G-keep,isolated,0,4145,5344,0259-2,avasAnam,avasānam,5345,0259-2,avasAnaka,avasānaka
ap,heads,M-nasal/Hi-pos/Hf-drop/G-keep,isolated,0,4155,5357,0260-1,avaskF,avaskṝ,5358,0260-1,avaskaraH,avaskaraḥ
ap,heads,M-nasal/Hi-pos/Hf-drop/G-keep,isolated,0,4162,5364,0260-2,avastF,avastṝ,5365,0260-2,avastaraRam,avastaraṇam
ap,heads,M-nasal/Hi-pos/Hf-drop/G-keep,isolated,0,4167,5369,0260-2,avasTA,avasthā,5370,0260-2,avasTaH,avasthaḥ
ap,heads,M-nasal/Hi-pos/Hf-drop/G-keep,isolated,0,4181,5383,0261-2,avasvat,avasvat,5384,0261-2,avasyandanam,avasyandanam
ap,heads,M-nasal/Hi-pos/Hf-drop/G-keep,isolated,0,4188,5391,0261-2,avahan,avahan,5392,0261-2,avahatiH,avahatiḥ
ap,heads,M-nasal/Hi-pos/Hf-drop/G-keep,isolated,0,4190,5393,0261-2,avahananam,avahananam,5394,0261-2,avaGAtaH,avaghātaḥ
ap,heads,M-nasal/Hi-pos/Hf-drop/G-keep,isolated,0,4195,5399,0261-2,avahAsya,avahāsya,5400,0261-2,avahastaH,avahastaḥ
ap,heads,M-nasal/Hi-pos/Hf-drop/G-keep,isolated,0,4198,5403,0262-1,avahIna,avahīna,5404,0262-1,avahAlikA,avahālikā
ap,heads,M-nasal/Hi-pos/Hf-drop/G-keep,isolated,0,4201,5406,0262-1,avahf,avahṛ,5407,0262-1,avaharaRam,avaharaṇam
ap,heads,M-nasal/Hi-pos/Hf-drop/G-keep,isolated,0,4213,5418,0262-2,avAkka,avākka,5419,0262-2,avAkF,avākṝ
ap,heads,M-nasal/Hi-pos/Hf-drop/G-keep,isolated,0,4214,5419,0262-2,avAkF,avākṝ,5420,0262-2,avAkaraH,avākaraḥ
ap,heads,M-nasal/Hi-pos/Hf-drop/G-keep,isolated,0,4219,5424,0262-2,avAcya,avācya,5425,0262-2,avAcCid,avācchid
ap,heads,M-nasal/Hi-pos/Hf-drop/G-keep,isolated,0,4222,5427,0262-2,avAYcita,avāñcita,5428,0262-2,avAk,avāk
ap,heads,M-nasal/Hi-pos/Hf-drop/G-keep,isolated,0,4225,5430,0263-1,avAYcita,avāñcita,5431,0263-1,avAcya,avācya
ap,heads,M-nasal/Hi-pos/Hf-drop/G-keep,isolated,0,4237,5452,0263-2,avArya,avārya,5453,0263-2,avAraRa,avāraṇa
ap,heads,M-nasal/Hi-pos/Hf-drop/G-keep,isolated,0,4241,5456,0263-2,avArya,avārya,5457,0263-2,avArikA,avārikā
ap,heads,M-nasal/Hi-pos/Hf-drop/G-keep,isolated,0,4252,5467,0264-1,avitA,avitā,5468,0264-1,avikaca,avikaca
ap,heads,M-nasal/Hi-pos/Hf-drop/G-keep,isolated,0,4264,5479,0264-2,avikriyAtmaka,avikriyātmaka,5480,0264-2,avikrama,avikrama
ap,heads,M-nasal/Hi-pos/Hf-drop/G-keep,isolated,0,4269,5484,0264-2,avikzita,avikṣita,5485,0264-2,avikzit,avikṣit
ap,heads,M-nasal/Hi-pos/Hf-drop/G-keep,isolated,0,4313,5529,0265-2,avidAhin,avidāhin,5530,0265-2,avidasya,avidasya
ap,heads,M-nasal/Hi-pos/Hf-drop/G-keep,isolated,0,4334,5550,0266-2,avineya,avineya,5551,0266-2,avinaSvara,avinaśvara
ap,heads,M-nasal/Hi-pos/Hf-drop/G-keep,isolated,0,4339,5555,0266-2,avinivfttiH,avinivṛttiḥ,5556,0266-2,avinirRayaH,avinirṇayaḥ
ap,heads,M-nasal/Hi-pos/Hf-drop/G-keep,isolated,0,4344,5560,0267-1,avipAka,avipāka,5561,0267-1,avipad,avipad
ap,heads,M-nasal/Hi-pos/Hf-drop/G-keep,isolated,0,4368,5584,0267-2,avirAma,avirāma,5585,0267-2,avirala,avirala
ap,heads,M-nasal/Hi-pos/Hf-drop/G-keep,isolated,0,4375,5591,0267-2,aviroDaH,avirodhaḥ,5592,0268-1,avirecanam,avirecanam
ap,heads,M-nasal/Hi-pos/Hf-drop/G-keep,isolated,0,4406,5622,0268-2,aviSvAsa,aviśvāsa,5623,0268-2,aviSvasta,aviśvasta
ap,heads,M-nasal/Hi-pos/Hf-drop/G-keep,isolated,0,4465,5689,0270-2,avEyAtyam,avaiyātyam,5690,0270-2,avEyAkaraRa,avaiyākaraṇa
ap,heads,M-nasal/Hi-pos/Hf-drop/G-keep,isolated,0,4506,5730,0272-2,avyavahita,avyavahita,5731,0272-2,avyavasAyaH,avyavasāyaḥ
ap,heads,M-nasal/Hi-pos/Hf-drop/G-keep,isolated,0,4526,5750,0273-1,avyApya,avyāpya,5751,0273-1,avyApAra,avyāpāra
ap,heads,M-nasal/Hi-pos/Hf-drop/G-keep,isolated,0,4528,5752,0273-1,avyAyAma,avyāyāma,5753,0273-1,avyAyata,avyāyata
ap,heads,M-nasal/Hi-pos/Hf-drop/G-keep,isolated,0,4546,5770,0274-1,aSin,aśin,5771,0274-1,aSakunaH,aśakunaḥ
ap,heads,M-nasal/Hi-pos/Hf-drop/G-keep,isolated,0,4587,5811,0275-2,aSizya,aśiṣya,5812,0275-2,aSizWa,aśiṣṭha
ap,heads,M-nasal/Hi-pos/Hf-drop/G-keep,isolated,0,4599,5823,0275-2,aSoDana,aśodhana,5824,0275-2,aSuBa,aśubha
ap,heads,M-nasal/Hi-pos/Hf-drop/G-keep,isolated,0,4630,5854,0277-2,aSmIraH,aśmīraḥ,5855,0277-2,aSmanta,aśmanta
ap,heads,M-nasal/Hi-pos/Hf-drop/G-keep,isolated,0,4635,5859,0277-2,aSrin,aśrin,5860,0277-2,aSradDa,aśraddha
ap,heads,M-nasal/Hi-pos/Hf-drop/G-keep,isolated,0,4636,5860,0277-2,aSradDa,aśraddha,5861,0277-2,aSraddaDAna,aśraddadhāna
ap,heads,M-nasal/Hi-pos/Hf-drop/G-keep,isolated,0,4641,5865,0277-2,aSrAnta,aśrānta,5866,0278-1,aSravaRa,aśravaṇa
ap,heads,M-nasal/Hi-pos/Hf-drop/G-keep,isolated,0,4643,5867,0278-1,aSrAvya,aśrāvya,5868,0278-1,aSrAtas,aśrātas
ap,heads,M-nasal/Hi-pos/Hf-drop/G-keep,isolated,0,4647,5871,0278-1,aSrimat,aśrimat,5872,0278-1,aSrita,aśrita
ap,heads,M-nasal/Hi-pos/Hf-drop/G-keep,isolated,0,4656,5880,0278-2,aSrOta,aśrauta,5881,0278-2,aSruti,aśruti
ap,heads,M-nasal/Hi-pos/Hf-drop/G-keep,isolated,0,4667,5891,0280-2,aSvA,aśvā,5892,0280-2,aSvaka,aśvaka
ap,heads,M-nasal/Hi-pos/Hf-drop/G-keep,isolated,0,4690,5914,0281-2,aSvya,aśvya,5915,0282-1,aSvanta,aśvanta
ap,heads,M-nasal/Hi-pos/Hf-drop/G-keep,isolated,0,4696,5946,0286-1,astf,astṛ,5947,0286-2,astaH,astaḥ
ap,heads,M-nasal/Hi-pos/Hf-drop/G-keep,isolated,0,4707,5957,0287-1,astuMkAra,astuṃkāra,5958,0287-1,asaMkrAntaH,asaṃkrāntaḥ
ap,heads,M-nasal/Hi-pos/Hf-drop/G-keep,isolated,1,4708,5958,0287-1,asaMkrAntaH,asaṃkrāntaḥ,5959,0287-1,asaMyata,asaṃyata
ap,heads,M-nasal/Hi-pos/Hf-drop/G-keep,isolated,0,4766,6016,0289-1,asatkf,asatkṛ,6017,0289-1,asatkarman,asatkarman
ap,heads,M-nasal/Hi-pos/Hf-drop/G-keep,isolated,1,4783,6033,0289-2,asanna,asanna,6034,0289-2,asaMDAnam,asaṃdhānam
ap,heads,M-nasal/Hi-pos/Hf-drop/G-keep,isolated,0,4790,6040,0290-1,asaMnihita,asaṃnihita,6041,0290-1,asaMnivfttiH,asaṃnivṛttiḥ
ap,heads,M-nasal/Hi-pos/Hf-drop/G-keep,isolated,0,4831,6083,0291-2,asaMBUtiH,asaṃbhūtiḥ,6084,0291-2,asaMBAzya,asaṃbhāṣya
ap,heads,M-nasal/Hi-pos/Hf-drop/G-keep,isolated,0,4843,6095,0291-2,asaMmohaH,asaṃmohaḥ,6096,0291-2,asaMmfzwa,asaṃmṛṣṭa
ap,heads,M-nasal/Hi-pos/Hf-drop/G-keep,isolated,0,4857,6109,0292-1,asahizRu,asahiṣṇu,6110,0292-1,asahAya,asahāya
ap,heads,M-nasal/Hi-pos/Hf-drop/G-keep,isolated,0,4885,6137,0293-2,asiknI,asiknī,6138,0293-2,asiknikA,asiknikā
ap,heads,M-nasal/Hi-pos/Hf-drop/G-keep,isolated,0,4894,6146,0294-2,asumat,asumat,6147,0294-2,asuKa,asukha
ap,heads,M-nasal/Hi-pos/Hf-drop/G-keep,isolated,0,4899,6151,0294-2,asunva,asunva,6152,0294-2,asutara,asutara
ap,heads,M-nasal/Hi-pos/Hf-drop/G-keep,isolated,0,4906,6158,0295-1,asurya,asurya,6159,0295-2,asuratvam,asuratvam
ap,heads,M-nasal/Hi-pos/Hf-drop/G-keep,isolated,0,4907,6159,0295-2,asuratvam,asuratvam,6160,0295-2,asurakza,asurakṣa
ap,heads,M-nasal/Hi-pos/Hf-drop/G-keep,isolated,0,4920,6172,0295-2,asUtiH,asūtiḥ,6173,0295-2,asUkzaRam,asūkṣaṇam
ap,heads,M-nasal/Hi-pos/Hf-drop/G-keep,isolated,0,4923,6175,0295-2,asUyati,asūyati,6176,0295-2,asUyaka,asūyaka
ap,heads,M-nasal/Hi-pos/Hf-drop/G-keep,isolated,0,4934,6186,0296-1,asfpAwaH,asṛpāṭaḥ,6187,0296-2,asfRi,asṛṇi
ap,heads,M-nasal/Hi-pos/Hf-drop/G-keep,isolated,0,4940,6192,0296-2,asevita,asevita,6193,0296-2,asevA,asevā
ap,heads,M-nasal/Hi-pos/Hf-drop/G-keep,isolated,0,4946,6198,0296-2,askanna,askanna,6199,0296-2,askandita,askandita
ap,heads,M-nasal/Hi-pos/Hf-drop/G-keep,isolated,0,4973,6225,0297-2,asTi,asthi,6226,0298-1,asTanvat,asthanvat
ap,heads,M-nasal/Hi-pos/Hf-drop/G-keep,isolated,0,4978,6230,0298-1,asTErya,asthairya,6231,0298-1,asTUriH,asthūriḥ
ap,heads,M-nasal/Hi-pos/Hf-drop/G-keep,isolated,0,4991,6243,0298-2,aspfzwiH,aspṛṣṭiḥ,6244,0298-2,aspazwa,aspaṣṭa
ap,heads,M-nasal/Hi-pos/Hf-drop/G-keep,isolated,0,4997,6249,0298-2,asmad,asmad,6250,0298-2,asmatrA,asmatrā
ap,heads,M-nasal/Hi-pos/Hf-drop/G-keep,isolated,0,5002,6254,0298-2,asmAka,asmāka,6255,0298-2,asmantam,asmantam
ap,heads,M-nasal/Hi-pos/Hf-drop/G-keep,isolated,0,5007,6259,0299-1,asmftiH,asmṛtiḥ,6260,0299-1,asmi,asmi
ap,heads,M-nasal/Hi-pos/Hf-drop/G-keep,isolated,0,5021,6273,0299-2,asvatvam,asvatvam,6274,0299-2,asvacCanda,asvacchanda
ap,heads,M-nasal/Hi-pos/Hf-drop/G-keep,isolated,0,5033,6285,0299-2,asvADyAyaH,asvādhyāyaḥ,6286,0299-2,asvasTa,asvastha
ap,heads,M-nasal/Hi-pos/Hf-drop/G-keep,isolated,0,5035,6287,0299-2,asvAsTyam,asvāsthyam,6288,0299-2,asvAmika,asvāmika
ap,heads,M-nasal/Hi-pos/Hf-drop/G-keep,isolated,0,5045,6297,0300-1,ahantya,ahantya,6298,0300-1,ahan,ahan
ap,heads,M-nasal/Hi-pos/Hf-drop/G-keep,isolated,1,5048,6300,0300-2,aham,aham,6301,0301-1,ahaMyu,ahaṃyu
ap,heads,M-nasal/Hi-pos/Hf-drop/G-keep,isolated,1,5059,6311,0302-2,ahikaH,ahikaḥ,6312,0302-2,ahiMsaka,ahiṃsaka
ap,heads,M-nasal/Hi-pos/Hf-drop/G-keep,isolated,0,5080,6332,0303-1,aheLat,aheḻat,6333,0303-1,aheruH,aheruḥ
ap,heads,M-nasal/Hi-pos/Hf-drop/G-keep,isolated,1,5092,6346,0304-2,Am,ām,6347,0304-2,AMhaspatya,āṃhaspatya
ap,heads,M-nasal/Hi-pos/Hf-drop/G-keep,isolated,1,5093,6347,0304-2,AMhaspatya,āṃhaspatya,6348,0304-2,AH,āḥ
ap,heads,M-nasal/Hi-pos/Hf-drop/G-keep,isolated,0,5098,6352,0304-2,Akamp,ākamp,6356,0304-2,Akatyam,ākatyam
ap,heads,M-nasal/Hi-pos/Hf-drop/G-keep,isolated,0,5121,6394,0307-1,AkulIBU,ākulībhū,6395,0307-1,AkuliH,ākuliḥ
ap,heads,M-nasal/Hi-pos/Hf-drop/G-keep,isolated,0,5127,6400,0307-1,Akf,ākṛ,6401,0307-1,AkaraH,ākaraḥ
ap,heads,M-nasal/Hi-pos/Hf-drop/G-keep,isolated,0,5136,6409,0307-2,Akfz,ākṛṣ,6410,0308-1,AkarzaH,ākarṣaḥ
ap,heads,M-nasal/Hi-pos/Hf-drop/G-keep,isolated,0,5144,6417,0308-1,AkF,ākṝ,6418,0308-1,AkarikaH,ākarikaḥ
ap,heads,M-nasal/Hi-pos/Hf-drop/G-keep,isolated,0,5159,6438,0309-2,AkrI,ākrī,6439,0309-2,AkrayaH,ākrayaḥ
ap,heads,M-nasal/Hi-pos/Hf-drop/G-keep,isolated,0,5183,6470,0311-1,Akzepin,ākṣepin,6471,0311-1,AkzIba,ākṣība
ap,heads,M-nasal/Hi-pos/Hf-drop/G-keep,isolated,1,5192,6479,0311-1,AKaRqiH,ākhaṇḍiḥ,6480,0311-1,AKaH,ākhaḥ
ap,heads,M-nasal/Hi-pos/Hf-drop/G-keep,isolated,0,5205,6492,0311-2,AKyA,ākhyā,6493,0311-2,AKya,ākhya
ap,heads,M-nasal/Hi-pos/Hf-drop/G-keep,isolated,1,5209,6496,0312-1,AKyAtika,ākhyātika,6497,0312-1,AKyAtiH,ākhyātiḥ
ap,heads,M-nasal/Hi-pos/Hf-drop/G-keep,isolated,0,5212,6499,0312-1,AKyAnam,ākhyānam,6500,0312-1,AKyAnakam,ākhyānakam
ap,heads,M-nasal/Hi-pos/Hf-drop/G-keep,isolated,0,5218,6505,0312-2,Agam,āgam,6506,0312-2,Aga,āga
ap,heads,M-nasal/Hi-pos/Hf-drop/G-keep,isolated,0,5226,6513,0313-2,Agamavat,āgamavat,6514,0313-2,Agamanam,āgamanam
ap,heads,M-nasal/Hi-pos/Hf-drop/G-keep,isolated,0,5233,6520,0313-2,AgAmuka,āgāmuka,6521,0313-2,AgaraH,āgaraḥ
ap,heads,M-nasal/Hi-pos/Hf-drop/G-keep,isolated,0,5247,6535,0314-1,AgUrtin,āgūrtin,6536,0314-1,Agurava,āgurava
ap,heads,M-nasal/Hi-pos/Hf-drop/G-keep,isolated,0,5251,6539,0314-1,AgE,āgai,6540,0314-1,AgAtf,āgātṛ
ap,heads,M-nasal/Hi-pos/Hf-drop/G-keep,isolated,0,5277,6572,0315-2,AGozaRam,āghoṣaṇam,6573,0315-2,AGUrR,āghūrṇ
ap,heads,M-nasal/Hi-pos/Hf-drop/G-keep,isolated,0,5279,6575,0315-2,AGf,āghṛ,6576,0315-2,AGAraH,āghāraḥ
ap,heads,M-nasal/Hi-pos/Hf-drop/G-keep,isolated,0,5283,6581,0315-2,ANkzI,āṅkṣī,6582,0315-2,ANkuSikaH,āṅkuśikaḥ
ap,heads,M-nasal/Hi-pos/Hf-drop/G-keep,isolated,0,5288,6586,0316-1,ANgika,āṅgika,6587,0316-1,ANgAram,āṅgāram
ap,heads,M-nasal/Hi-pos/Hf-drop/G-keep,isolated,0,5303,6606,0316-2,AcAmya,ācāmya,6607,0316-2,AcayaH,ācayaḥ
ap,heads,M-nasal/Hi-pos/Hf-drop/G-keep,isolated,0,5316,6622,0318-1,AcIrRa,ācīrṇa,6623,0318-1,AcaraRyati,ācaraṇyati
ap,heads,M-nasal/Hi-pos/Hf-drop/G-keep,isolated,0,5326,6635,0318-2,AcCAdin,ācchādin,6636,0318-2,AcCAkaH,ācchākaḥ
ap,heads,M-nasal/Hi-pos/Hf-drop/G-keep,isolated,0,5329,6638,0318-2,AcCedaH,ācchedaḥ,6639,0318-2,AcCurita,ācchurita
ap,heads,M-nasal/Hi-pos/Hf-drop/G-keep,isolated,0,5334,6643,0318-2,AjaniH,ājaniḥ,6644,0318-2,Aja,āja
ap,heads,M-nasal/Hi-pos/Hf-drop/G-keep,isolated,0,5346,6657,0319-1,AjAneyya,ājāneyya,6658,0319-1,AjapAdam,ājapādam
ap,heads,M-nasal/Hi-pos/Hf-drop/G-keep,isolated,0,5352,6663,0319-1,Aji,āji,6664,0319-1,Ajayanam,ājayanam
ap,heads,M-nasal/Hi-pos/Hf-drop/G-keep,isolated,0,5361,6679,0319-2,AjYA,ājñā,6680,0319-2,AjYapta,ājñapta
ap,heads,M-nasal/Hi-pos/Hf-drop/G-keep,isolated,0,5374,6693,0320-2,AYjanI,āñjanī,6694,0320-2,AYjanikyam,āñjanikyam
ap,heads,M-nasal/Hi-pos/Hf-drop/G-keep,isolated,1,5397,6716,0321-1,AQyaMBavizRu,āḍhyaṃbhaviṣṇu,6717,0321-1,AQyatA,āḍhyatā
ap,heads,M-nasal/Hi-pos/Hf-drop/G-keep,isolated,0,5409,6728,0321-2,AtaYc,ātañc,6729,0321-2,AtaNkaH,ātaṅkaḥ
ap,heads,M-nasal/Hi-pos/Hf-drop/G-keep,isolated,0,5412,6731,0321-2,Atan,ātan,6732,0322-1,Atata,ātata
ap,heads,M-nasal/Hi-pos/Hf-drop/G-keep,isolated,0,5418,6737,0322-1,AtAnaH,ātānaḥ,6738,0322-1,Atap,ātap
ap,heads,M-nasal/Hi-pos/Hf-drop/G-keep,isolated,0,5438,6759,0322-2,AtizWam,ātiṣṭham,6760,0323-1,AtizWadgu,ātiṣṭhadgu
ap,heads,M-nasal/Hi-pos/Hf-drop/G-keep,isolated,0,5446,6767,0323-1,Atodyam,ātodyam,6768,0323-1,Atura,ātura
ap,heads,M-nasal/Hi-pos/Hf-drop/G-keep,isolated,0,5449,6770,0323-1,Atfd,ātṛd,6771,0323-1,Atardanam,ātardanam
ap,heads,M-nasal/Hi-pos/Hf-drop/G-keep,isolated,0,5452,6773,0323-1,Atfp,ātṛp,6774,0323-1,AtarpaRam,ātarpaṇam
ap,heads,M-nasal/Hi-pos/Hf-drop/G-keep,isolated,0,5455,6776,0323-2,AtF,ātṝ,6777,0323-2,AtaraH,ātaraḥ
ap,heads,M-nasal/Hi-pos/Hf-drop/G-keep,isolated,0,5459,6780,0323-2,Atman,ātman,6781,0325-2,Atmaka,ātmaka
ap,heads,M-nasal/Hi-pos/Hf-drop/G-keep,isolated,1,5466,6787,0326-1,AtmaMBari,ātmaṃbhari,6788,0326-1,Atmanvat,ātmanvat
ap,heads,M-nasal/Hi-pos/Hf-drop/G-keep,isolated,0,5481,6803,0326-2,Adazwa,ādaṣṭa,6804,0326-2,AdaGna,ādaghna
ap,heads,M-nasal/Hi-pos/Hf-drop/G-keep,isolated,0,5486,6808,0327-1,AdA,ādā,6809,0327-1,Ada,āda
ap,heads,M-nasal/Hi-pos/Hf-drop/G-keep,isolated,0,5496,6818,0327-2,Adeya,ādeya,6819,0327-2,AdAdika,ādādika
ap,heads,M-nasal/Hi-pos/Hf-drop/G-keep,isolated,0,5502,6824,0328-2,Adima,ādima,6825,0328-2,AditA,āditā
ap,heads,M-nasal/Hi-pos/Hf-drop/G-keep,isolated,0,5505,6827,0328-2,Adya,ādya,6828,0328-2,Aditeya,āditeya
ap,heads,M-nasal/Hi-pos/Hf-drop/G-keep,isolated,0,5517,6840,0329-2,Adezwf,ādeṣṭṛ,6841,0329-2,AdIp,ādīp
ap,heads,M-nasal/Hi-pos/Hf-drop/G-keep,isolated,0,5521,6844,0329-2,Adf,ādṛ,6845,0329-2,AdaraH,ādaraḥ
ap,heads,M-nasal/Hi-pos/Hf-drop/G-keep,isolated,0,5529,6852,0330-1,AdfS,ādṛś,6853,0330-1,AdarSaH,ādarśaḥ
ap,heads,M-nasal/Hi-pos/Hf-drop/G-keep,isolated,0,5534,6857,0330-1,AdF,ādṝ,6858,0330-1,Adardira,ādardira
ap,heads,M-nasal/Hi-pos/Hf-drop/G-keep,isolated,0,5550,6878,0331-1,ADIkf,ādhīkṛ,6879,0331-1,ADIkaraRam,ādhīkaraṇam
ap,heads,M-nasal/Hi-pos/Hf-drop/G-keep,isolated,0,5554,6882,0331-2,AhitiH,āhitiḥ,6883,0331-2,ADikaraRikaH,ādhikaraṇikaḥ
ap,heads,M-nasal/Hi-pos/Hf-drop/G-keep,isolated,0,5566,6894,0332-1,ADu,ādhu,6895,0332-1,ADavaH,ādhavaḥ
ap,heads,M-nasal/Hi-pos/Hf-drop/G-keep,isolated,0,5571,6899,0332-1,ADUta,ādhūta,6900,0332-1,ADunika,ādhunika
ap,heads,M-nasal/Hi-pos/Hf-drop/G-keep,isolated,0,5573,6901,0332-1,ADf,ādhṛ,6902,0332-1,ADAraH,ādhāraḥ
ap,heads,M-nasal/Hi-pos/Hf-drop/G-keep,isolated,0,5579,6907,0332-1,ADfz,ādhṛṣ,6908,0332-1,ADarzaH,ādharṣaḥ
ap,heads,M-nasal/Hi-pos/Hf-drop/G-keep,isolated,0,5593,6924,0333-1,ADyE,ādhyai,6925,0333-1,ADI,ādhī
ap,heads,M-nasal/Hi-pos/Hf-drop/G-keep,isolated,0,5610,6951,0334-1,Anam,ānam,6952,0334-1,Anata,ānata
ap,heads,M-nasal/Hi-pos/Hf-drop/G-keep,isolated,0,5621,6962,0334-2,Anah,ānah,6963,0334-2,AnadDa,ānaddha
ap,heads,M-nasal/Hi-pos/Hf-drop/G-keep,isolated,0,5624,6965,0334-2,AnAhika,ānāhika,6966,0334-2,AnATyam,ānāthyam
ap,heads,M-nasal/Hi-pos/Hf-drop/G-keep,isolated,0,5628,6969,0334-2,AnI,ānī,6970,0334-2,AnayaH,ānayaḥ
ap,heads,M-nasal/Hi-pos/Hf-drop/G-keep,isolated,0,5636,6977,0335-1,Aneya,āneya,6978,0335-1,Anetf,ānetṛ
ap,heads,M-nasal/Hi-pos/Hf-drop/G-keep,isolated,0,5637,6978,0335-1,Anetf,ānetṛ,6979,0335-1,AnIla,ānīla
ap,heads,M-nasal/Hi-pos/Hf-drop/G-keep,isolated,0,5642,6983,0335-1,Anugatyam,ānugatyam,6984,0335-1,Anugatika,ānugatika
ap,heads,M-nasal/Hi-pos/Hf-drop/G-keep,isolated,0,5683,7025,0336-1,AntyaH,āntyaḥ,7026,0336-1,AntaHpurika,āntaḥpurika
ap,heads,M-nasal/Hi-pos/Hf-drop/G-keep,isolated,0,5714,7074,0338-2,ApAtya,āpātya,7075,0338-2,Apatya,āpatya
ap,heads,M-nasal/Hi-pos/Hf-drop/G-keep,isolated,0,5717,7077,0338-2,Apad,āpad,7078,0339-1,ApattiH,āpattiḥ
ap,heads,M-nasal/Hi-pos/Hf-drop/G-keep,isolated,0,5719,7079,0339-1,Apad,āpad,7080,0339-1,Apaccika,āpaccika
ap,heads,M-nasal/Hi-pos/Hf-drop/G-keep,isolated,0,5724,7084,0339-1,ApAdanam,āpādanam,7085,0339-1,ApadevaH,āpadevaḥ
ap,heads,M-nasal/Hi-pos/Hf-drop/G-keep,isolated,0,5740,7105,0339-2,ApiSaliH,āpiśaliḥ,7106,0340-1,ApiSala,āpiśala
ap,heads,M-nasal/Hi-pos/Hf-drop/G-keep,isolated,0,5749,7118,0340-1,ApF,āpṝ,7119,0340-1,ApUra,āpūra
ap,heads,M-nasal/Hi-pos/Hf-drop/G-keep,isolated,0,5763,7132,0340-2,ApyE,āpyai,7133,0340-2,ApI,āpī
ap,heads,M-nasal/Hi-pos/Hf-drop/G-keep,isolated,0,5772,7141,0341-1,ApracC,āpracch,7142,0341-1,ApfcCA,āpṛcchā
ap,heads,M-nasal/Hi-pos/Hf-drop/G-keep,isolated,0,5784,7153,0341-2,Aplu,āplu,7154,0341-2,AplavaH,āplavaḥ
ap,heads,M-nasal/Hi-pos/Hf-drop/G-keep,isolated,0,5794,7163,0341-2,AbanD,ābandh,7164,0341-2,AbadDa,ābaddha
ap,heads,M-nasal/Hi-pos/Hf-drop/G-keep,isolated,0,5818,7190,0342-2,ABAtiH,ābhātiḥ,7191,0342-2,ABARakaH,ābhāṇakaḥ
ap,heads,M-nasal/Hi-pos/Hf-drop/G-keep,isolated,0,5847,7223,0343-2,ABUka,ābhūka,7224,0343-2,ABugna,ābhugna
ap,heads,M-nasal/Hi-pos/Hf-drop/G-keep,isolated,0,5852,7229,0344-1,ABf,ābhṛ,7230,0344-1,ABaraRam,ābharaṇam
ap,heads,M-nasal/Hi-pos/Hf-drop/G-keep,isolated,0,5869,7246,0344-2,AmBIyaH,āmbhīyaḥ,7247,0344-2,Ama,āma
ap,heads,M-nasal/Hi-pos/Hf-drop/G-keep,isolated,0,5872,7249,0345-1,AmatA,āmatā,7250,0345-1,AmaYju,āmañju
ap,heads,M-nasal/Hi-pos/Hf-drop/G-keep,isolated,0,5896,7278,0346-1,Amis,āmis,7279,0346-1,AmizI,āmiṣī
ap,heads,M-nasal/Hi-pos/Hf-drop/G-keep,isolated,0,5903,7287,0346-1,Amuc,āmuc,7288,0346-1,Amukta,āmukta
ap,heads,M-nasal/Hi-pos/Hf-drop/G-keep,isolated,0,5906,7290,0346-1,AmokzaRam,āmokṣaṇam,7291,0346-1,AmupaH,āmupaḥ
ap,heads,M-nasal/Hi-pos/Hf-drop/G-keep,isolated,0,5912,7296,0346-2,Amfd,āmṛd,7297,0346-2,AmardaH,āmardaḥ
ap,heads,M-nasal/Hi-pos/Hf-drop/G-keep,isolated,0,5915,7299,0346-2,AmfS,āmṛś,7300,0346-2,AmarSaH,āmarśaḥ
ap,heads,M-nasal/Hi-pos/Hf-drop/G-keep,isolated,0,5924,7308,0346-2,Amodin,āmodin,7309,0347-1,AmodakaH,āmodakaḥ
ap,heads,M-nasal/Hi-pos/Hf-drop/G-keep,isolated,0,5950,7339,0348-1,Ayin,āyin,7340,0348-1,AyaHSUlika,āyaḥśūlika
ap,heads,M-nasal/Hi-pos/Hf-drop/G-keep,isolated,0,5953,7345,0348-1,AyAgaH,āyāgaḥ,7346,0348-1,Ayat,āyat
ap,heads,M-nasal/Hi-pos/Hf-drop/G-keep,isolated,0,5958,7355,0348-2,Ayam,āyam,7356,0348-2,Ayata,āyata
ap,heads,M-nasal/Hi-pos/Hf-drop/G-keep,isolated,0,5967,7364,0349-1,AyAmin,āyāmin,7365,0349-1,AyallakaH,āyallakaḥ
ap,heads,M-nasal/Hi-pos/Hf-drop/G-keep,isolated,0,5974,7372,0349-2,AyAsin,āyāsin,7373,0349-2,Ayasa,āyasa
ap,heads,M-nasal/Hi-pos/Hf-drop/G-keep,isolated,0,5980,7383,0350-1,Ayuj,āyuj,7384,0350-1,Ayukta,āyukta
ap,heads,M-nasal/Hi-pos/Hf-drop/G-keep,isolated,0,5983,7386,0350-1,Ayojanam,āyojanam,7387,0350-1,Ayuta,āyuta
ap,heads,M-nasal/Hi-pos/Hf-drop/G-keep,isolated,0,5986,7392,0350-1,AyoDanam,āyodhanam,7393,0350-1,Ayus,āyus
ap,heads,M-nasal/Hi-pos/Hf-drop/G-keep,isolated,0,5987,7393,0350-1,Ayus,āyus,7394,0350-2,Ayuzmat,āyuṣmat
ap,heads,M-nasal/Hi-pos/Hf-drop/G-keep,isolated,0,5988,7394,0350-2,Ayuzmat,āyuṣmat,7395,0350-2,Ayuzam,āyuṣam
ap,heads,M-nasal/Hi-pos/Hf-drop/G-keep,isolated,0,6000,7406,0351-1,AraNgaraH,āraṅgaraḥ,7407,0351-1,AragvaDaH,āragvadhaḥ
ap,heads,M-nasal/Hi-pos/Hf-drop/G-keep,isolated,0,6012,7418,0351-2,AraB,ārabh,7419,0351-2,ArabDa,ārabdha
ap,heads,M-nasal/Hi-pos/Hf-drop/G-keep,isolated,0,6020,7426,0352-1,AramBin,ārambhin,7427,0352-1,Aram,āram
ap,heads,M-nasal/Hi-pos/Hf-drop/G-keep,isolated,0,6021,7427,0352-1,Aram,āram,7428,0352-1,Arata,ārata
ap,heads,M-nasal/Hi-pos/Hf-drop/G-keep,isolated,0,6026,7432,0352-1,ArAmikaH,ārāmikaḥ,7433,0352-1,ArambaRam,ārambaṇam
ap,heads,M-nasal/Hi-pos/Hf-drop/G-keep,isolated,0,6033,7439,0352-2,ArAttAt,ārāttāt,7440,0352-2,ArAtiH,ārātiḥ
ap,heads,M-nasal/Hi-pos/Hf-drop/G-keep,isolated,0,6042,7454,0353-1,Arecita,ārecita,7455,0353-1,Aritrika,āritrika
ap,heads,M-nasal/Hi-pos/Hf-drop/G-keep,isolated,0,6044,7456,0353-1,Aru,āru,7457,0353-1,AravaH,āravaḥ
ap,heads,M-nasal/Hi-pos/Hf-drop/G-keep,isolated,1,6047,7459,0353-1,Arutam,ārutam,7460,0353-1,AruH,āruḥ
ap,heads,M-nasal/Hi-pos/Hf-drop/G-keep,isolated,0,6052,7464,0353-1,Arocana,ārocana,7465,0353-1,Aruj,āruj
ap,heads,M-nasal/Hi-pos/Hf-drop/G-keep,isolated,0,6059,7471,0353-2,AroDanam,ārodhanam,7472,0353-2,AruzI,āruṣī
ap,heads,M-nasal/Hi-pos/Hf-drop/G-keep,isolated,0,6062,7474,0353-2,Aruh,āruh,7475,0354-1,Arurukzu,ārurukṣu
ap,heads,M-nasal/Hi-pos/Hf-drop/G-keep,isolated,0,6078,7490,0354-2,Arohin,ārohin,7491,0354-2,ArU,ārū
ap,heads,M-nasal/Hi-pos/Hf-drop/G-keep,isolated,0,6104,7516,0355-2,Artimat,ārtimat,7517,0355-2,ArtagalaH,ārtagalaḥ
ap,heads,M-nasal/Hi-pos/Hf-drop/G-keep,isolated,0,6116,7528,0356-1,ArdratA,ārdratā,7529,0356-1,Ardraka,ārdraka
ap,heads,M-nasal/Hi-pos/Hf-drop/G-keep,isolated,1,6119,7531,0356-1,ArdrikA,ārdrikā,7532,0356-1,ArdDam,ārddham
ap,heads,M-nasal/Hi-pos/Hf-drop/G-keep,isolated,0,6134,7546,0357-2,Arzeya,ārṣeya,7547,0357-2,ArzaBa,ārṣabha
ap,heads,M-nasal/Hi-pos/Hf-drop/G-keep,isolated,0,6144,7559,0357-2,Alagna,ālagna,7560,0357-2,AlagardaH,ālagardaḥ
ap,heads,M-nasal/Hi-pos/Hf-drop/G-keep,isolated,0,6149,7564,0358-1,AlApya,ālāpya,7565,0358-1,AlApin,ālāpin
ap,heads,M-nasal/Hi-pos/Hf-drop/G-keep,isolated,0,6150,7565,0358-1,AlApin,ālāpin,7566,0358-1,AlaB,ālabh
ap,heads,M-nasal/Hi-pos/Hf-drop/G-keep,isolated,0,6151,7566,0358-1,AlaB,ālabh,7567,0358-1,AlabDa,ālabdha
ap,heads,M-nasal/Hi-pos/Hf-drop/G-keep,isolated,0,6157,7572,0358-1,AlamBin,ālambhin,7573,0358-1,Alamb,ālamb
ap,heads,M-nasal/Hi-pos/Hf-drop/G-keep,isolated,0,6174,7593,0359-1,AleKya,ālekhya,7594,0359-1,AliNg,āliṅg
ap,heads,M-nasal/Hi-pos/Hf-drop/G-keep,isolated,0,6177,7600,0359-2,AlindaH,ālindaḥ,7601,0359-2,Alin,ālin
ap,heads,M-nasal/Hi-pos/Hf-drop/G-keep,isolated,0,6180,7604,0359-2,Alimpanam,ālimpanam,7605,0359-2,Alipta,ālipta
ap,heads,M-nasal/Hi-pos/Hf-drop/G-keep,isolated,0,6182,7606,0359-2,Alepa,ālepa,7607,0359-2,Alih,ālih
ap,heads,M-nasal/Hi-pos/Hf-drop/G-keep,isolated,0,6184,7608,0359-2,AlI,ālī,7610,0359-2,AlayaH,ālayaḥ
ap,heads,M-nasal/Hi-pos/Hf-drop/G-keep,isolated,0,6186,7611,0359-2,AlIna,ālīna,7612,0359-2,AlIQa,ālīḍha
ap,heads,M-nasal/Hi-pos/Hf-drop/G-keep,isolated,0,6195,7620,0360-1,Aloqita,āloḍita,7621,0360-1,AluRwanam,āluṇṭanam
ap,heads,M-nasal/Hi-pos/Hf-drop/G-keep,isolated,0,6218,7652,0361-1,AvApika,āvāpika,7653,0361-1,AvayaH,āvayaḥ
ap,heads,M-nasal/Hi-pos/Hf-drop/G-keep,isolated,0,6223,7657,0361-1,Avarhita,āvarhita,7658,0361-1,AvarIvas,āvarīvas
ap,heads,M-nasal/Hi-pos/Hf-drop/G-keep,isolated,0,6230,7664,0361-1,AvaSyam,āvaśyam,7665,0361-1,AvaSyaka,āvaśyaka
ap,heads,M-nasal/Hi-pos/Hf-drop/G-keep,isolated,0,6235,7673,0361-2,AvAsya,āvāsya,7674,0361-2,AvasAna,āvasāna
ap,heads,M-nasal/Hi-pos/Hf-drop/G-keep,isolated,0,6238,7676,0361-2,AvAs,āvās,7677,0362-1,AvasTika,āvasthika
ap,heads,M-nasal/Hi-pos/Hf-drop/G-keep,isolated,0,6242,7683,0362-1,AvAhanam,āvāhanam,7684,0362-1,AvAlam,āvālam
ap,heads,M-nasal/Hi-pos/Hf-drop/G-keep,isolated,0,6249,7690,0362-2,Avid,āvid,7691,0362-2,Avitta,āvitta
ap,heads,M-nasal/Hi-pos/Hf-drop/G-keep,isolated,0,6257,7698,0362-2,Avedin,āvedin,7699,0362-2,AvidUryam,āvidūryam
ap,heads,M-nasal/Hi-pos/Hf-drop/G-keep,isolated,0,6267,7708,0363-1,AveSika,āveśika,7709,0363-1,Avis,āvis
ap,heads,M-nasal/Hi-pos/Hf-drop/G-keep,isolated,0,6268,7709,0363-1,Avis,āvis,7710,0363-1,AvirBU,āvirbhū
ap,heads,M-nasal/Hi-pos/Hf-drop/G-keep,isolated,0,6269,7710,0363-1,AvirBU,āvirbhū,7711,0363-1,AvirBAvaH,āvirbhāvaḥ
ap,heads,M-nasal/Hi-pos/Hf-drop/G-keep,isolated,0,6274,7715,0363-1,Avizkf,āviṣkṛ,7716,0363-1,AvizkaraRam,āviṣkaraṇam
ap,heads,M-nasal/Hi-pos/Hf-drop/G-keep,isolated,0,6280,7721,0363-2,AvIrajA,āvīrajā,7722,0363-2,AvIta,āvīta
ap,heads,M-nasal/Hi-pos/Hf-drop/G-keep,isolated,0,6286,7727,0363-2,Avf,āvṛ,7728,0363-2,Avaraka,āvaraka
ap,heads,M-nasal/Hi-pos/Hf-drop/G-keep,isolated,0,6292,7733,0363-2,AvAraH,āvāraḥ,7734,0363-2,AvarikA,āvarikā
ap,heads,M-nasal/Hi-pos/Hf-drop/G-keep,isolated,0,6295,7736,0364-1,AvftiH,āvṛtiḥ,7737,0364-1,Avfj,āvṛj
ap,heads,M-nasal/Hi-pos/Hf-drop/G-keep,isolated,0,6296,7737,0364-1,Avfj,āvṛj,7738,0364-1,Avarjaka,āvarjaka
ap,heads,M-nasal/Hi-pos/Hf-drop/G-keep,isolated,0,6300,7741,0364-1,Avft,āvṛt,7742,0364-1,AvartaH,āvartaḥ
ap,heads,M-nasal/Hi-pos/Hf-drop/G-keep,isolated,0,6314,7757,0365-1,AvyaD,āvyadh,7758,0365-1,AvidDa,āviddha
ap,heads,M-nasal/Hi-pos/Hf-drop/G-keep,isolated,0,6329,7773,0365-2,ASin,āśin,7774,0365-2,ASaMs,āśaṃs
ap,heads,M-nasal/Hi-pos/Hf-drop/G-keep,isolated,0,6331,7780,0366-1,ASas,āśas,7781,0366-1,ASak,āśak
ap,heads,M-nasal/Hi-pos/Hf-drop/G-keep,isolated,0,6333,7784,0366-1,ASikzA,āśikṣā,7785,0366-1,ASaNk,āśaṅk
ap,heads,M-nasal/Hi-pos/Hf-drop/G-keep,isolated,0,6343,7798,0366-2,ASAvat,āśāvat,7799,0366-2,ASAQaH,āśāḍhaḥ
ap,heads,M-nasal/Hi-pos/Hf-drop/G-keep,isolated,0,6347,7803,0366-2,ASis,āśis,7804,0367-1,ASiYjita,āśiñjita
ap,heads,M-nasal/Hi-pos/Hf-drop/G-keep,isolated,0,6353,7809,0367-1,ASI,āśī,7811,0367-1,ASayaH,āśayaḥ
ap,heads,M-nasal/Hi-pos/Hf-drop/G-keep,isolated,0,6357,7814,0367-2,ASumat,āśumat,7815,0367-2,ASiman,āśiman
ap,heads,M-nasal/Hi-pos/Hf-drop/G-keep,isolated,0,6373,7830,0368-1,ASyE,āśyai,7831,0368-1,ASyAna,āśyāna
ap,heads,M-nasal/Hi-pos/Hf-drop/G-keep,isolated,0,6380,7837,0368-2,ASri,āśri,7838,0368-2,ASrayaH,āśrayaḥ
ap,heads,M-nasal/Hi-pos/Hf-drop/G-keep,isolated,1,6385,7842,0369-1,ASrita,āśrita,7843,0369-1,ASriH,āśriḥ
ap,heads,M-nasal/Hi-pos/Hf-drop/G-keep,isolated,0,6387,7844,0369-2,ASru,āśru,7845,0369-2,ASrava,āśrava
ap,heads,M-nasal/Hi-pos/Hf-drop/G-keep,isolated,0,6408,7866,0370-1,ASvIyam,āśvīyam,7867,0370-1,ASvalAyanaH,āśvalāyanaḥ
ap,heads,M-nasal/Hi-pos/Hf-drop/G-keep,isolated,0,6428,7887,0371-2,AsyA,āsyā,7888,0371-2,AsA,āsā
ap,heads,M-nasal/Hi-pos/Hf-drop/G-keep,isolated,0,6429,7888,0371-2,AsA,āsā,7889,0371-2,AsaMsAra,āsaṃsāra
ap,heads,M-nasal/Hi-pos/Hf-drop/G-keep,isolated,1,6433,7892,0371-2,AsaMbADa,āsaṃbādha,7893,0371-2,AsaYj,āsañj
ap,heads,M-nasal/Hi-pos/Hf-drop/G-keep,isolated,0,6434,7893,0371-2,AsaYj,āsañj,7894,0371-2,Asakta,āsakta
ap,heads,M-nasal/Hi-pos/Hf-drop/G-keep,isolated,0,6441,7900,0372-1,Asad,āsad,7901,0372-1,AsattiH,āsattiḥ
ap,heads,M-nasal/Hi-pos/Hf-drop/G-keep,isolated,0,6448,7907,0372-2,AsAdita,āsādita,7908,0372-2,Asan,āsan
ap,heads,M-nasal/Hi-pos/Hf-drop/G-keep,isolated,0,6450,7909,0372-2,Asanvat,āsanvat,7910,0372-2,Asanya,āsanya
ap,heads,M-nasal/Hi-pos/Hf-drop/G-keep,isolated,0,6451,7910,0372-2,Asanya,āsanya,7911,0372-2,AsandaH,āsandaḥ
ap,heads,M-nasal/Hi-pos/Hf-drop/G-keep,isolated,0,6461,7920,0373-1,AsiDAram,āsidhāram,7921,0373-1,Asic,āsic
ap,heads,M-nasal/Hi-pos/Hf-drop/G-keep,isolated,0,6462,7921,0373-1,Asic,āsic,7923,0373-1,Asikta,āsikta
ap,heads,M-nasal/Hi-pos/Hf-drop/G-keep,isolated,0,6467,7927,0373-1,AsecanakaH,āsecanakaḥ,7928,0373-1,AsiD,āsidh
ap,heads,M-nasal/Hi-pos/Hf-drop/G-keep,isolated,0,6471,7931,0373-1,AseDaka,āsedhaka,7932,0373-1,Asu,āsu
ap,heads,M-nasal/Hi-pos/Hf-drop/G-keep,isolated,0,6472,7932,0373-1,Asu,āsu,7933,0373-1,AsavaH,āsavaḥ
ap,heads,M-nasal/Hi-pos/Hf-drop/G-keep,isolated,0,6479,7939,0373-2,AsurIya,āsurīya,7940,0373-2,AsurAyaRaH,āsurāyaṇaḥ
ap,heads,M-nasal/Hi-pos/Hf-drop/G-keep,isolated,0,6492,7955,0374-1,Astf,āstṛ,7956,0374-1,AstaraH,āstaraḥ
ap,heads,M-nasal/Hi-pos/Hf-drop/G-keep,isolated,0,6498,7961,0374-2,AstIrRa,āstīrṇa,7962,0374-2,AstArakaH,āstārakaḥ
ap,heads,M-nasal/Hi-pos/Hf-drop/G-keep,isolated,1,6528,7992,0375-2,AsyaMDaya,āsyaṃdhaya,7993,0375-2,Asyandanam,āsyandanam
ap,heads,M-nasal/Hi-pos/Hf-drop/G-keep,isolated,0,6542,8006,0376-1,AsvAdya,āsvādya,8007,0376-1,Asvanita,āsvanita
ap,heads,M-nasal/Hi-pos/Hf-drop/G-keep,isolated,0,6547,8011,0376-2,Ahan,āhan,8012,0376-2,Ahata,āhata
ap,heads,M-nasal/Hi-pos/Hf-drop/G-keep,isolated,0,6553,8017,0376-2,Ahanas,āhanas,8018,0376-2,AGAtaH,āghātaḥ
ap,heads,M-nasal/Hi-pos/Hf-drop/G-keep,isolated,0,6562,8027,0377-1,Ahu,āhu,8028,0377-1,AhavaH,āhavaḥ
ap,heads,M-nasal/Hi-pos/Hf-drop/G-keep,isolated,0,6570,8035,0377-1,AhutIkf,āhutīkṛ,8036,0377-1,AhukaH,āhukaḥ
ap,heads,M-nasal/Hi-pos/Hf-drop/G-keep,isolated,0,6573,8038,0377-1,Ahf,āhṛ,8039,0377-2,Ahara,āhara
ap,heads,M-nasal/Hi-pos/Hf-drop/G-keep,isolated,0,6589,8054,0378-2,Ahvf,āhvṛ,8055,0378-2,AhUrya,āhūrya
ap,heads,M-nasal/Hi-pos/Hf-drop/G-keep,isolated,0,6591,8056,0378-2,Ahvfta,āhvṛta,8057,0378-2,AhvarakaH,āhvarakaḥ
ap,heads,M-nasal/Hi-pos/Hf-drop/G-keep,isolated,0,6595,8060,0378-2,Ahve,āhve,8061,0378-2,AhavaH,āhavaḥ
ap,heads,M-nasal/Hi-pos/Hf-drop/G-keep,isolated,0,6618,8083,0379-a2,izyat,iṣyat,8084,0379-a2,ikawaH,ikaṭaḥ
ap,heads,M-nasal/Hi-pos/Hf-drop/G-keep,isolated,0,6640,8113,0381-1,iqaspatiH,iḍaspatiḥ,8114,0381-1,iqaH,iḍaḥ
ap,heads,M-nasal/Hi-pos/Hf-drop/G-keep,isolated,0,6644,8117,0381-1,iqAvat,iḍāvat,8118,0381-1,iqAcikA,iḍācikā
ap,heads,M-nasal/Hi-pos/Hf-drop/G-keep,isolated,1,6673,8146,0383-1,idam,idam,8147,0383-1,idaMtana,idaṃtana
ap,heads,M-nasal/Hi-pos/Hf-drop/G-keep,isolated,1,6678,8151,0383-1,idaMmaya,idaṃmaya,8152,0383-1,idaMyu,idaṃyu
ap,heads,M-nasal/Hi-pos/Hf-drop/G-keep,isolated,1,6681,8154,0383-1,idAnIm,idānīm,8155,0383-1,idAnIMtana,idānīṃtana
ap,heads,M-nasal/Hi-pos/Hf-drop/G-keep,isolated,0,6687,8164,0383-2,invakA,invakā,8165,0383-2,indambaram,indambaram
ap,heads,M-nasal/Hi-pos/Hf-drop/G-keep,isolated,0,6703,8180,0386-2,indrasvat,indrasvat,8181,0386-2,indrayu,indrayu
ap,heads,M-nasal/Hi-pos/Hf-drop/G-keep,isolated,0,6709,8186,0387-1,inD,indh,8187,0387-1,idDa,iddha
ap,heads,M-nasal/Hi-pos/Hf-drop/G-keep,isolated,0,6726,8204,0388-1,iyattA,iyattā,8205,0388-1,iyattaka,iyattaka
ap,heads,M-nasal/Hi-pos/Hf-drop/G-keep,isolated,0,6734,8243,0389-1,iz,iṣ,8244,0389-2,icCaka,icchaka
ap,heads,M-nasal/Hi-pos/Hf-drop/G-keep,isolated,0,6758,8267,0390-2,izyaH,iṣyaḥ,8268,0390-2,izikA,iṣikā
ap,heads,M-nasal/Hi-pos/Hf-drop/G-keep,isolated,0,6761,8270,0391-1,izustrikARqA,iṣustrikāṇḍā,8271,0391-1,izuka,iṣuka
ap,heads,M-nasal/Hi-pos/Hf-drop/G-keep,isolated,0,6768,8277,0391-1,izvaH,iṣvaḥ,8278,0391-1,izkf,iṣkṛ
ap,heads,M-nasal/Hi-pos/Hf-drop/G-keep,isolated,0,6769,8278,0391-1,izkf,iṣkṛ,8279,0391-1,izkartf,iṣkartṛ
ap,heads,M-nasal/Hi-pos/Hf-drop/G-keep,isolated,0,6791,8312,0392-2,Idfkza,īdṛkṣa,8313,0392-2,IdfktA,īdṛktā
ap,heads,M-nasal/Hi-pos/Hf-drop/G-keep,isolated,0,6806,8342,0393-2,ISAvAsyam,īśāvāsyam,8343,0393-2,ISanam,īśanam
ap,heads,M-nasal/Hi-pos/Hf-drop/G-keep,isolated,0,6809,8345,0393-2,ISitf,īśitṛ,8346,0393-2,ISitavya,īśitavya
ap,heads,M-nasal/Hi-pos/Hf-drop/G-keep,isolated,0,6822,8369,0395-a1,ukAraH,ukāraḥ,8370,0395-a1,ukAnahaH,ukānahaḥ
ap,heads,M-nasal/Hi-pos/Hf-drop/G-keep,isolated,0,6842,8415,0398-1,uccAwita,uccāṭita,8416,0398-1,uccawA,uccaṭā
ap,heads,M-nasal/Hi-pos/Hf-drop/G-keep,isolated,0,6849,8424,0398-2,uccArita,uccārita,8425,0398-2,uccAraka,uccāraka
ap,heads,M-nasal/Hi-pos/Hf-drop/G-keep,isolated,0,6851,8426,0398-2,uccAryamARa,uccāryamāṇa,8427,0398-2,uccal,uccal
ap,heads,M-nasal/Hi-pos/Hf-drop/G-keep,isolated,0,6854,8432,0398-2,ucci,ucci,8433,0398-2,uccayaH,uccayaḥ
ap,heads,M-nasal/Hi-pos/Hf-drop/G-keep,isolated,0,6869,8450,0399-1,ucCid,ucchid,8451,0399-1,ucCittiH,ucchittiḥ
ap,heads,M-nasal/Hi-pos/Hf-drop/G-keep,isolated,0,6874,8455,0399-1,ucCedin,ucchedin,8456,0399-1,ucCiras,ucchiras
ap,heads,M-nasal/Hi-pos/Hf-drop/G-keep,isolated,0,6878,8460,0399-2,ucCezaH,uccheṣaḥ,8461,0399-2,ucCIrzaka,ucchīrṣaka
ap,heads,M-nasal/Hi-pos/Hf-drop/G-keep,isolated,0,6883,8465,0399-2,ucCozuka,ucchoṣuka,8466,0399-2,ucCuzmam,ucchuṣmam
ap,heads,M-nasal/Hi-pos/Hf-drop/G-keep,isolated,0,6892,8474,0400-1,ucCri,ucchri,8475,0400-1,ucCrayaH,ucchrayaḥ
ap,heads,M-nasal/Hi-pos/Hf-drop/G-keep,isolated,0,6904,8488,0400-2,ucCvAsin,ucchvāsin,8489,0400-2,ucC,ucch
ap,heads,M-nasal/Hi-pos/Hf-drop/G-keep,isolated,0,6907,8491,0400-2,ujjAsanam,ujjāsanam,8492,0401-1,ujjayanI,ujjayanī
ap,heads,M-nasal/Hi-pos/Hf-drop/G-keep,isolated,0,6912,8497,0401-1,ujjeza,ujjeṣa,8498,0401-1,ujjihAna,ujjihāna
ap,heads,M-nasal/Hi-pos/Hf-drop/G-keep,isolated,0,6913,8498,0401-1,ujjihAna,ujjihāna,8499,0401-1,ujjiGra,ujjighra
ap,heads,M-nasal/Hi-pos/Hf-drop/G-keep,isolated,0,6931,8532,0402-1,uqqI,uḍḍī,8533,0402-1,uqqayanam,uḍḍayanam
ap,heads,M-nasal/Hi-pos/Hf-drop/G-keep,isolated,0,6941,8542,0402-1,uRqrapuzpam,uṇḍrapuṣpam,8543,0402-1,uQram,uḍhram
ap,heads,M-nasal/Hi-pos/Hf-drop/G-keep,isolated,0,6949,8551,0402-2,utkAyate,utkāyate,8552,0402-2,utkayati,utkayati
ap,heads,M-nasal/Hi-pos/Hf-drop/G-keep,isolated,0,6950,8552,0402-2,utkayati,utkayati,8553,0402-2,utkaca,utkaca
ap,heads,M-nasal/Hi-pos/Hf-drop/G-keep,isolated,0,6969,8573,0403-2,utkalita,utkalita,8574,0403-2,utkalApa,utkalāpa
ap,heads,M-nasal/Hi-pos/Hf-drop/G-keep,isolated,0,6979,8583,0404-1,utkuwam,utkuṭam,8584,0404-1,utkuwaka,utkuṭaka
ap,heads,M-nasal/Hi-pos/Hf-drop/G-keep,isolated,0,6990,8595,0404-1,utkft,utkṛt,8596,0404-1,utkartanam,utkartanam
ap,heads,M-nasal/Hi-pos/Hf-drop/G-keep,isolated,0,6992,8597,0404-1,utkfz,utkṛṣ,8598,0404-1,utkarza,utkarṣa
ap,heads,M-nasal/Hi-pos/Hf-drop/G-keep,isolated,0,6999,8604,0404-2,utkF,utkṝ,8605,0404-2,utkara,utkara
ap,heads,M-nasal/Hi-pos/Hf-drop/G-keep,isolated,0,7007,8612,0405-1,utkFt,utkṝt,8613,0405-1,utkIrtanam,utkīrtanam
ap,heads,M-nasal/Hi-pos/Hf-drop/G-keep,isolated,0,7022,8630,0405-2,utkroSaH,utkrośaḥ,8631,0405-2,utkrodaH,utkrodaḥ
ap,heads,M-nasal/Hi-pos/Hf-drop/G-keep,isolated,0,7027,8635,0405-2,utkleSana,utkleśana,8636,0405-2,utkledaH,utkledaḥ
ap,heads,M-nasal/Hi-pos/Hf-drop/G-keep,isolated,0,7038,8648,0406-1,utKAtin,utkhātin,8649,0406-1,utKalA,utkhalā
ap,heads,M-nasal/Hi-pos/Hf-drop/G-keep,isolated,0,7052,8662,0406-2,uttAnita,uttānita,8663,0407-1,uttap,uttap
ap,heads,M-nasal/Hi-pos/Hf-drop/G-keep,isolated,0,7055,8667,0407-1,uttApita,uttāpita,8668,0407-1,uttam,uttam
ap,heads,M-nasal/Hi-pos/Hf-drop/G-keep,isolated,1,7060,8679,0409-2,uttaratara,uttaratara,8680,0409-2,uttarataH,uttarataḥ
ap,heads,M-nasal/Hi-pos/Hf-drop/G-keep,isolated,0,7067,8686,0409-2,uttaredyuH,uttaredyuḥ,8687,0409-2,uttaraNga,uttaraṅga
ap,heads,M-nasal/Hi-pos/Hf-drop/G-keep,isolated,0,7078,8697,0410-1,uttejita,uttejita,8698,0410-1,uttuNga,uttuṅga
ap,heads,M-nasal/Hi-pos/Hf-drop/G-keep,isolated,0,7082,8701,0410-1,uttolanam,uttolanam,8702,0410-1,uttuzaH,uttuṣaḥ
ap,heads,M-nasal/Hi-pos/Hf-drop/G-keep,isolated,0,7084,8703,0410-1,uttF,uttṝ,8704,0410-2,uttara,uttara
ap,heads,M-nasal/Hi-pos/Hf-drop/G-keep,isolated,0,7101,8721,0410-2,utTA,utthā,8722,0411-1,utTa,uttha
ap,heads,M-nasal/Hi-pos/Hf-drop/G-keep,isolated,0,7113,8733,0411-2,utpAcita,utpācita,8734,0411-2,utpacizRu,utpaciṣṇu
ap,heads,M-nasal/Hi-pos/Hf-drop/G-keep,isolated,0,7120,8741,0412-1,utpAwin,utpāṭin,8742,0412-1,utpat,utpat
ap,heads,M-nasal/Hi-pos/Hf-drop/G-keep,isolated,0,7124,8750,0412-2,utpAtika,utpātika,8751,0412-2,utpatAka,utpatāka
ap,heads,M-nasal/Hi-pos/Hf-drop/G-keep,isolated,0,7127,8753,0412-2,utpad,utpad,8754,0412-2,utpattiH,utpattiḥ
ap,heads,M-nasal/Hi-pos/Hf-drop/G-keep,isolated,0,7133,8759,0413-1,utpAdin,utpādin,8760,0413-1,utpAdikA,utpādikā
ap,heads,M-nasal/Hi-pos/Hf-drop/G-keep,isolated,0,7136,8762,0413-1,utpAdya,utpādya,8763,0413-1,utpala,utpala
ap,heads,M-nasal/Hi-pos/Hf-drop/G-keep,isolated,0,7151,8780,0413-2,utpU,utpū,8781,0413-2,utpavanam,utpavanam
ap,heads,M-nasal/Hi-pos/Hf-drop/G-keep,isolated,0,7162,8794,0414-2,utplu,utplu,8795,0414-2,utplavaH,utplavaḥ
ap,heads,M-nasal/Hi-pos/Hf-drop/G-keep,isolated,0,7169,8801,0414-2,utPulla,utphulla,8802,0414-2,utPalam,utphalam
ap,heads,M-nasal/Hi-pos/Hf-drop/G-keep,isolated,0,7179,8811,0415-1,utsaYjanam,utsañjanam,8812,0415-1,utsakta,utsakta
ap,heads,M-nasal/Hi-pos/Hf-drop/G-keep,isolated,0,7181,8813,0415-1,utsad,utsad,8814,0415-1,utsattiH,utsattiḥ
ap,heads,M-nasal/Hi-pos/Hf-drop/G-keep,isolated,0,7188,8820,0415-2,utsAdita,utsādita,8821,0415-2,utsavaH,utsavaḥ
ap,heads,M-nasal/Hi-pos/Hf-drop/G-keep,isolated,0,7195,8827,0416-1,utsic,utsic,8828,0416-1,utsikta,utsikta
ap,heads,M-nasal/Hi-pos/Hf-drop/G-keep,isolated,0,7199,8831,0416-1,utsecanam,utsecanam,8832,0416-1,utsu,utsu
ap,heads,M-nasal/Hi-pos/Hf-drop/G-keep,isolated,0,7205,8841,0416-2,utsftiH,utsṛtiḥ,8842,0416-2,utsaraH,utsaraḥ
ap,heads,M-nasal/Hi-pos/Hf-drop/G-keep,isolated,0,7210,8846,0416-2,utsfj,utsṛj,8847,0416-2,utsargaH,utsargaḥ
ap,heads,M-nasal/Hi-pos/Hf-drop/G-keep,isolated,0,7217,8853,0417-1,utsrazwukAma,utsraṣṭukāma,8854,0417-1,utsfp,utsṛp
ap,heads,M-nasal/Hi-pos/Hf-drop/G-keep,isolated,0,7218,8854,0417-1,utsfp,utsṛp,8855,0417-1,utsarpaH,utsarpaḥ
ap,heads,M-nasal/Hi-pos/Hf-drop/G-keep,isolated,0,7224,8860,0417-2,utsmi,utsmi,8861,0417-2,utsmayaH,utsmayaḥ
ap,heads,M-nasal/Hi-pos/Hf-drop/G-keep,isolated,0,7232,8869,0417-2,udam,udam,8870,0417-2,udakam,udakam
ap,heads,M-nasal/Hi-pos/Hf-drop/G-keep,isolated,0,7236,8873,0418-1,udakeviSIrRa,udakeviśīrṇa,8874,0418-1,udakala,udakala
ap,heads,M-nasal/Hi-pos/Hf-drop/G-keep,isolated,0,7242,8880,0418-2,udAjaH,udājaḥ,8881,0418-2,udaYc,udañc
ap,heads,M-nasal/Hi-pos/Hf-drop/G-keep,isolated,0,7243,8881,0418-2,udaYc,udañc,8882,0418-2,udakta,udakta
ap,heads,M-nasal/Hi-pos/Hf-drop/G-keep,isolated,0,7246,8884,0419-1,udac,udac,8885,0419-1,udaktAt,udaktāt
ap,heads,M-nasal/Hi-pos/Hf-drop/G-keep,isolated,0,7252,8890,0419-1,udIcya,udīcya,8891,0419-1,udaYjali,udañjali
ap,heads,M-nasal/Hi-pos/Hf-drop/G-keep,isolated,0,7258,8896,0419-1,udAnaH,udānaḥ,8897,0419-2,udan,udan
ap,heads,M-nasal/Hi-pos/Hf-drop/G-keep,isolated,0,7260,8898,0420-1,udanvat,udanvat,8899,0420-1,udanya,udanya
ap,heads,M-nasal/Hi-pos/Hf-drop/G-keep,isolated,0,7263,8901,0420-1,udanyu,udanyu,8902,0420-1,udak,udak
ap,heads,M-nasal/Hi-pos/Hf-drop/G-keep,isolated,0,7273,8911,0420-2,udaram,udaram,8912,0420-2,udaraka,udaraka
ap,heads,M-nasal/Hi-pos/Hf-drop/G-keep,isolated,0,7278,8916,0420-2,udarya,udarya,8917,0420-2,udarAwaH,udarāṭaḥ
ap,heads,M-nasal/Hi-pos/Hf-drop/G-keep,isolated,0,7279,8917,0420-2,udarAwaH,udarāṭaḥ,8918,0420-2,udaraTiH,udarathiḥ
ap,heads,M-nasal/Hi-pos/Hf-drop/G-keep,isolated,0,7287,8925,0421-1,udavasya,udavasya,8926,0421-1,udavasitam,udavasitam
ap,heads,M-nasal/Hi-pos/Hf-drop/G-keep,isolated,0,7289,8927,0421-1,udaSru,udaśru,8928,0421-1,udaSrayaRam,udaśrayaṇam
ap,heads,M-nasal/Hi-pos/Hf-drop/G-keep,isolated,0,7292,8933,0421-1,udAsaH,udāsaḥ,8934,0421-1,udAjaH,udājaḥ
ap,heads,M-nasal/Hi-pos/Hf-drop/G-keep,isolated,0,7309,8954,0422-2,udAhf,udāhṛ,8955,0422-2,udAharaRam,udāharaṇam
ap,heads,M-nasal/Hi-pos/Hf-drop/G-keep,isolated,0,7314,8959,0422-2,udi,udi,8960,0422-2,udaya,udaya
ap,heads,M-nasal/Hi-pos/Hf-drop/G-keep,isolated,0,7322,8967,0423-2,udezyat,udeṣyat,8968,0423-2,udIkz,udīkṣ
ap,heads,M-nasal/Hi-pos/Hf-drop/G-keep,isolated,0,7334,8982,0424-1,udeyivas,udeyivas,8983,0424-1,udejaya,udejaya
ap,heads,M-nasal/Hi-pos/Hf-drop/G-keep,isolated,0,7339,8987,0424-2,udgam,udgam,8988,0424-2,udgata,udgata
ap,heads,M-nasal/Hi-pos/Hf-drop/G-keep,isolated,0,7351,8999,0424-2,udgF,udgṝ,9000,0425-1,udgAraH,udgāraḥ
ap,heads,M-nasal/Hi-pos/Hf-drop/G-keep,isolated,0,7356,9004,0425-1,udgE,udgai,9005,0425-1,udgAtf,udgātṛ
ap,heads,M-nasal/Hi-pos/Hf-drop/G-keep,isolated,0,7360,9008,0425-2,udgItiH,udgītiḥ,9009,0425-2,udgItaka,udgītaka
ap,heads,M-nasal/Hi-pos/Hf-drop/G-keep,isolated,0,7363,9011,0425-2,udgranT,udgranth,9013,0425-2,udgraTanam,udgrathanam
ap,heads,M-nasal/Hi-pos/Hf-drop/G-keep,isolated,0,7366,9015,0425-2,udgrah,udgrah,9016,0425-2,udgraBaRam,udgrabhaṇam
ap,heads,M-nasal/Hi-pos/Hf-drop/G-keep,isolated,0,7375,9024,0426-1,udGAtin,udghātin,9025,0426-1,udGaw,udghaṭ
ap,heads,M-nasal/Hi-pos/Hf-drop/G-keep,isolated,0,7381,9030,0426-1,udGAwita,udghāṭita,9031,0426-1,udGawwakaH,udghaṭṭakaḥ
ap,heads,M-nasal/Hi-pos/Hf-drop/G-keep,isolated,0,7389,9039,0426-2,udGozaH,udghoṣaḥ,9040,0426-2,udGfz,udghṛṣ
ap,heads,M-nasal/Hi-pos/Hf-drop/G-keep,isolated,0,7390,9040,0426-2,udGfz,udghṛṣ,9041,0426-2,udGarzaRam,udgharṣaṇam
ap,heads,M-nasal/Hi-pos/Hf-drop/G-keep,isolated,0,7399,9049,0426-2,uddAnta,uddānta,9050,0427-1,uddAnam,uddānam
ap,heads,M-nasal/Hi-pos/Hf-drop/G-keep,isolated,0,7400,9050,0427-1,uddAnam,uddānam,9051,0427-1,uddAnakaH,uddānakaḥ
ap,heads,M-nasal/Hi-pos/Hf-drop/G-keep,isolated,0,7403,9053,0427-1,uddita,uddita,9054,0427-1,uddalana,uddalana
ap,heads,M-nasal/Hi-pos/Hf-drop/G-keep,isolated,0,7416,9067,0427-2,uddezwf,uddeṣṭṛ,9068,0427-2,uddIp,uddīp
ap,heads,M-nasal/Hi-pos/Hf-drop/G-keep,isolated,0,7419,9075,0428-1,uddfS,uddṛś,9076,0428-1,uddarSanam,uddarśanam
ap,heads,M-nasal/Hi-pos/Hf-drop/G-keep,isolated,0,7427,9083,0428-1,udDan,uddhan,9084,0428-1,udData,uddhata
ap,heads,M-nasal/Hi-pos/Hf-drop/G-keep,isolated,0,7437,9093,0428-2,udDA,uddhā,9094,0428-2,ujjihAnA,ujjihānā
ap,heads,M-nasal/Hi-pos/Hf-drop/G-keep,isolated,0,7441,9097,0428-2,udDita,uddhita,9098,0428-2,udDAnta,uddhānta
ap,heads,M-nasal/Hi-pos/Hf-drop/G-keep,isolated,0,7445,9107,0429-1,udDfzita,uddhṛṣita,9108,0429-1,udDf,uddhṛ
ap,heads,M-nasal/Hi-pos/Hf-drop/G-keep,isolated,0,7446,9108,0429-1,udDf,uddhṛ,9109,0429-2,udDaraRam,uddharaṇam
ap,heads,M-nasal/Hi-pos/Hf-drop/G-keep,isolated,1,7449,9111,0429-2,udDArakaviDiH,uddhārakavidhiḥ,9112,0429-2,udDAraH,uddhāraḥ
ap,heads,M-nasal/Hi-pos/Hf-drop/G-keep,isolated,0,7455,9117,0430-1,udDmA,uddhmā,9118,0430-1,udDama,uddhama
ap,heads,M-nasal/Hi-pos/Hf-drop/G-keep,isolated,0,7460,9122,0430-1,udbanD,udbandh,9123,0430-1,udbadDa,udbaddha
ap,heads,M-nasal/Hi-pos/Hf-drop/G-keep,isolated,0,7469,9131,0430-1,udbuD,udbudh,9132,0430-1,udbudDa,udbuddha
ap,heads,M-nasal/Hi-pos/Hf-drop/G-keep,isolated,0,7472,9134,0430-2,udboDaka,udbodhaka,9135,0430-2,udbfMhaRa,udbṛṃhaṇa
ap,heads,M-nasal/Hi-pos/Hf-drop/G-keep,isolated,0,7481,9146,0431-1,udBedaH,udbhedaḥ,9147,0431-1,udBU,udbhū
ap,heads,M-nasal/Hi-pos/Hf-drop/G-keep,isolated,0,7482,9147,0431-1,udBU,udbhū,9148,0431-1,udBavaH,udbhavaḥ
ap,heads,M-nasal/Hi-pos/Hf-drop/G-keep,isolated,0,7493,9160,0431-2,udyam,udyam,9161,0431-2,udyata,udyata
ap,heads,M-nasal/Hi-pos/Hf-drop/G-keep,isolated,0,7494,9161,0431-2,udyata,udyata,9162,0431-2,udyat,udyat
ap,heads,M-nasal/Hi-pos/Hf-drop/G-keep,isolated,0,7502,9169,0432-1,udyAmaH,udyāmaḥ,9170,0432-1,udyA,udyā
ap,heads,M-nasal/Hi-pos/Hf-drop/G-keep,isolated,0,7504,9178,0432-1,udyuj,udyuj,9179,0432-1,udyukta,udyukta
ap,heads,M-nasal/Hi-pos/Hf-drop/G-keep,isolated,0,7511,9185,0432-2,udrin,udrin,9186,0432-2,udraNkaH,udraṅkaḥ
ap,heads,M-nasal/Hi-pos/Hf-drop/G-keep,isolated,0,7515,9189,0432-2,udric,udric,9190,0432-2,udrikta,udrikta
ap,heads,M-nasal/Hi-pos/Hf-drop/G-keep,isolated,0,7520,9194,0432-2,udrecaka,udrecaka,9195,0432-2,udruja,udruja
ap,heads,M-nasal/Hi-pos/Hf-drop/G-keep,isolated,0,7527,9202,0432-2,udvApaH,udvāpaḥ,9203,0433-1,udvam,udvam
ap,heads,M-nasal/Hi-pos/Hf-drop/G-keep,isolated,0,7530,9206,0433-1,udvAmin,udvāmin,9207,0433-1,udvayas,udvayas
ap,heads,M-nasal/Hi-pos/Hf-drop/G-keep,isolated,0,7536,9212,0433-1,udvAsya,udvāsya,9213,0433-1,udvasa,udvasa
ap,heads,M-nasal/Hi-pos/Hf-drop/G-keep,isolated,0,7538,9214,0433-1,udvah,udvah,9215,0433-1,udUQa,udūḍha
ap,heads,M-nasal/Hi-pos/Hf-drop/G-keep,isolated,0,7546,9222,0433-2,udvAhin,udvāhin,9223,0433-2,udvahni,udvahni
ap,heads,M-nasal/Hi-pos/Hf-drop/G-keep,isolated,0,7548,9224,0433-2,udvoQf,udvoḍhṛ,9225,0433-2,udvAdanam,udvādanam
ap,heads,M-nasal/Hi-pos/Hf-drop/G-keep,isolated,0,7554,9230,0434-1,udvij,udvij,9231,0434-1,udvigna,udvigna
ap,heads,M-nasal/Hi-pos/Hf-drop/G-keep,isolated,0,7557,9233,0434-1,udvejin,udvejin,9234,0434-1,udvejana,udvejana
ap,heads,M-nasal/Hi-pos/Hf-drop/G-keep,isolated,0,7559,9235,0434-1,udvejayitf,udvejayitṛ,9236,0434-1,udvivarhaRam,udvivarhaṇam
ap,heads,M-nasal/Hi-pos/Hf-drop/G-keep,isolated,0,7565,9242,0434-2,udvft,udvṛt,9243,0434-2,udvarta,udvarta
ap,heads,M-nasal/Hi-pos/Hf-drop/G-keep,isolated,0,7572,9249,0435-1,udvfh,udvṛh,9250,0435-1,udvarhita,udvarhita
ap,heads,M-nasal/Hi-pos/Hf-drop/G-keep,isolated,0,7588,9267,0435-2,unna,unna,9268,0435-2,undaruH,undaruḥ
ap,heads,M-nasal/Hi-pos/Hf-drop/G-keep,isolated,0,7591,9270,0435-2,unnAdaH,unnādaḥ,9271,0435-2,unnam,unnam
ap,heads,M-nasal/Hi-pos/Hf-drop/G-keep,isolated,0,7592,9271,0435-2,unnam,unnam,9272,0435-2,unnata,unnata
ap,heads,M-nasal/Hi-pos/Hf-drop/G-keep,isolated,0,7600,9279,0436-1,unnAmaH,unnāmaḥ,9280,0436-1,unnaya,unnaya
ap,heads,M-nasal/Hi-pos/Hf-drop/G-keep,isolated,0,7603,9282,0436-1,unnah,unnah,9283,0436-1,unnadDa,unnaddha
ap,heads,M-nasal/Hi-pos/Hf-drop/G-keep,isolated,0,7606,9285,0436-1,unnAhaH,unnāhaḥ,9286,0436-1,unnABa,unnābha
ap,heads,M-nasal/Hi-pos/Hf-drop/G-keep,isolated,0,7611,9290,0436-1,unnI,unnī,9291,0436-2,unnayaH,unnayaḥ
ap,heads,M-nasal/Hi-pos/Hf-drop/G-keep,isolated,0,7626,9308,0437-1,unmATin,unmāthin,9309,0437-1,unmad,unmad
ap,heads,M-nasal/Hi-pos/Hf-drop/G-keep,isolated,0,7627,9309,0437-1,unmad,unmad,9310,0437-1,unmatta,unmatta
ap,heads,M-nasal/Hi-pos/Hf-drop/G-keep,isolated,0,7638,9320,0437-2,unmAduka,unmāduka,9321,0437-2,unmanas,unmanas
ap,heads,M-nasal/Hi-pos/Hf-drop/G-keep,isolated,0,7643,9325,0437-2,unmanIBU,unmanībhū,9326,0437-2,unmanIBAvaH,unmanībhāvaḥ
ap,heads,M-nasal/Hi-pos/Hf-drop/G-keep,isolated,0,7651,9333,0438-1,unmeya,unmeya,9334,0438-1,unmArga,unmārga
ap,heads,M-nasal/Hi-pos/Hf-drop/G-keep,isolated,0,7658,9342,0438-1,unmezin,unmeṣin,9343,0438-1,unmIl,unmīl
ap,heads,M-nasal/Hi-pos/Hf-drop/G-keep,isolated,0,7663,9349,0438-2,unmuc,unmuc,9350,0438-2,unmukta,unmukta
ap,heads,M-nasal/Hi-pos/Hf-drop/G-keep,isolated,0,7665,9351,0438-2,unmocanam,unmocanam,9352,0439-1,unmudra,unmudra
ap,heads,M-nasal/Hi-pos/Hf-drop/G-keep,isolated,0,7666,9352,0439-1,unmudra,unmudra,9353,0439-1,unmugDa,unmugdha
ap,heads,M-nasal/Hi-pos/Hf-drop/G-keep,isolated,0,7669,9357,0439-1,unmfj,unmṛj,9358,0439-1,unmArjanam,unmārjanam
ap,heads,M-nasal/Hi-pos/Hf-drop/G-keep,isolated,0,7672,9360,0439-1,unmfzwa,unmṛṣṭa,9361,0439-1,unmfd,unmṛd
ap,heads,M-nasal/Hi-pos/Hf-drop/G-keep,isolated,0,7673,9361,0439-1,unmfd,unmṛd,9362,0439-1,unmardanam,unmardanam
ap,heads,M-nasal/Hi-pos/Hf-drop/G-keep,isolated,0,7696,9388,0440-1,upakf,upakṛ,9389,0440-2,upakaryA,upakaryā
ap,heads,M-nasal/Hi-pos/Hf-drop/G-keep,isolated,0,7697,9389,0440-2,upakaryA,upakaryā,9390,0440-2,upakaraRam,upakaraṇam
ap,heads,M-nasal/Hi-pos/Hf-drop/G-keep,isolated,0,7708,9400,0441-1,upakF,upakṝ,9401,0441-1,upakiraRam,upakiraṇam
ap,heads,M-nasal/Hi-pos/Hf-drop/G-keep,isolated,0,7711,9403,0441-1,upakxp,upakḷp,9404,0441-1,upakalpaH,upakalpaḥ
ap,heads,M-nasal/Hi-pos/Hf-drop/G-keep,isolated,0,7717,9409,0441-1,upakram,upakram,9410,0441-1,upakrantf,upakrantṛ
ap,heads,M-nasal/Hi-pos/Hf-drop/G-keep,isolated,0,7732,9424,0441-2,upakzi,upakṣi,9425,0441-2,upakzaya,upakṣaya
ap,heads,M-nasal/Hi-pos/Hf-drop/G-keep,isolated,0,7736,9428,0441-2,upakzetf,upakṣetṛ,9429,0441-2,upakzip,upakṣip
ap,heads,M-nasal/Hi-pos/Hf-drop/G-keep,isolated,0,7744,9436,0442-1,upagam,upagam,9437,0442-1,upaga,upaga
ap,heads,M-nasal/Hi-pos/Hf-drop/G-keep,isolated,0,7751,9443,0442-2,upajigamizu,upajigamiṣu,9444,0442-2,upagAh,upagāh
ap,heads,M-nasal/Hi-pos/Hf-drop/G-keep,isolated,0,7760,9452,0442-2,upagohya,upagohya,9453,0443-1,upagF,upagṝ
ap,heads,M-nasal/Hi-pos/Hf-drop/G-keep,isolated,0,7762,9454,0443-1,upagE,upagai,9455,0443-1,upagA,upagā
ap,heads,M-nasal/Hi-pos/Hf-drop/G-keep,isolated,0,7788,9486,0444-2,upacArya,upacārya,9487,0444-2,upacarma,upacarma
ap,heads,M-nasal/Hi-pos/Hf-drop/G-keep,isolated,0,7790,9488,0444-2,upaci,upaci,9489,0444-2,upacayaH,upacayaḥ
ap,heads,M-nasal/Hi-pos/Hf-drop/G-keep,isolated,0,7801,9499,0445-1,upacCanna,upacchanna,9500,0445-1,upacCand,upacchand
ap,heads,M-nasal/Hi-pos/Hf-drop/G-keep,isolated,0,7803,9503,0445-1,upacyavaH,upacyavaḥ,9504,0445-1,upacCal,upacchal
ap,heads,M-nasal/Hi-pos/Hf-drop/G-keep,isolated,0,7806,9506,0445-1,upajan,upajan,9507,0445-1,upaja,upaja
ap,heads,M-nasal/Hi-pos/Hf-drop/G-keep,isolated,0,7811,9511,0445-2,upajAtiH,upajātiḥ,9512,0445-2,upajap,upajap
ap,heads,M-nasal/Hi-pos/Hf-drop/G-keep,isolated,0,7814,9515,0445-2,upajApaka,upajāpaka,9516,0445-2,upajarasam,upajarasam
ap,heads,M-nasal/Hi-pos/Hf-drop/G-keep,isolated,0,7835,9547,0446-2,upatApin,upatāpin,9548,0446-2,upatalpaH,upatalpaḥ
ap,heads,M-nasal/Hi-pos/Hf-drop/G-keep,isolated,0,7847,9562,0447-1,upadAsuka,upadāsuka,9563,0447-1,upadA,upadā
ap,heads,M-nasal/Hi-pos/Hf-drop/G-keep,isolated,0,7850,9566,0447-2,upadIkf,upadīkṛ,9567,0447-2,upadAnam,upadānam
ap,heads,M-nasal/Hi-pos/Hf-drop/G-keep,isolated,0,7854,9570,0447-2,upadehaH,upadehaḥ,9571,0447-2,upadiS,upadiś
ap,heads,M-nasal/Hi-pos/Hf-drop/G-keep,isolated,0,7863,9580,0448-1,upadezwf,upadeṣṭṛ,9581,0448-1,upadI,upadī
ap,heads,M-nasal/Hi-pos/Hf-drop/G-keep,isolated,0,7867,9584,0448-1,upadfS,upadṛś,9585,0448-1,upadarSaka,upadarśaka
ap,heads,M-nasal/Hi-pos/Hf-drop/G-keep,isolated,0,7872,9589,0448-1,upadrazwf,upadraṣṭṛ,9590,0448-1,upadevaH,upadevaḥ
ap,heads,M-nasal/Hi-pos/Hf-drop/G-keep,isolated,0,7876,9593,0448-1,upadru,upadru,9594,0448-2,upadravaH,upadravaḥ
ap,heads,M-nasal/Hi-pos/Hf-drop/G-keep,isolated,0,7891,9609,0449-2,upahitiH,upahitiḥ,9610,0449-2,upaDAtuH,upadhātuḥ
ap,heads,M-nasal/Hi-pos/Hf-drop/G-keep,isolated,0,7897,9615,0449-2,upaDf,upadhṛ,9616,0449-2,upaDAraRam,upadhāraṇam
ap,heads,M-nasal/Hi-pos/Hf-drop/G-keep,isolated,0,7908,9627,0450-1,upanam,upanam,9628,0450-1,upanata,upanata
ap,heads,M-nasal/Hi-pos/Hf-drop/G-keep,isolated,0,7912,9631,0450-1,upanAmuka,upanāmuka,9632,0450-1,upanah,upanah
ap,heads,M-nasal/Hi-pos/Hf-drop/G-keep,isolated,0,7913,9632,0450-1,upanah,upanah,9633,0450-1,upanadDa,upanaddha
ap,heads,M-nasal/Hi-pos/Hf-drop/G-keep,isolated,0,7917,9636,0450-1,upanAhanam,upanāhanam,9637,0450-2,upanAgaraH,upanāgaraḥ
ap,heads,M-nasal/Hi-pos/Hf-drop/G-keep,isolated,0,7926,9647,0450-2,upanihita,upanihita,9648,0450-2,upanipat,upanipat
ap,heads,M-nasal/Hi-pos/Hf-drop/G-keep,isolated,0,7930,9651,0450-2,upanibanD,upanibandh,9652,0450-2,upanibadDa,upanibaddha
ap,heads,M-nasal/Hi-pos/Hf-drop/G-keep,isolated,0,7948,9669,0451-2,upanI,upanī,9670,0451-2,upanayaH,upanayaḥ
ap,heads,M-nasal/Hi-pos/Hf-drop/G-keep,isolated,0,7957,9678,0452-1,upanetf,upanetṛ,9679,0452-1,upanunna,upanunna
ap,heads,M-nasal/Hi-pos/Hf-drop/G-keep,isolated,0,7968,9691,0452-2,upapad,upapad,9692,0453-1,upapattiH,upapattiḥ
ap,heads,M-nasal/Hi-pos/Hf-drop/G-keep,isolated,0,7973,9696,0453-2,upapAdya,upapādya,9697,0453-2,upapAduka,upapāduka
ap,heads,M-nasal/Hi-pos/Hf-drop/G-keep,isolated,0,7974,9697,0453-2,upapAduka,upapāduka,9698,0453-2,upapadam,upapadam
ap,heads,M-nasal/Hi-pos/Hf-drop/G-keep,isolated,0,7989,9713,0454-1,upapOrika,upapaurika,9714,0454-1,upapurARam,upapurāṇam
ap,heads,M-nasal/Hi-pos/Hf-drop/G-keep,isolated,0,8000,9724,0454-1,upaplu,upaplu,9725,0454-1,upaplavaH,upaplavaḥ
ap,heads,M-nasal/Hi-pos/Hf-drop/G-keep,isolated,0,8009,9733,0454-2,upabfMhin,upabṛṃhin,9734,0454-2,upabahu,upabahu
ap,heads,M-nasal/Hi-pos/Hf-drop/G-keep,isolated,0,8015,9739,0454-2,upaBuj,upabhuj,9740,0454-2,upaBuktiH,upabhuktiḥ
ap,heads,M-nasal/Hi-pos/Hf-drop/G-keep,isolated,0,8020,9744,0454-2,upaBogya,upabhogya,9745,0455-1,upaBogin,upabhogin
ap,heads,M-nasal/Hi-pos/Hf-drop/G-keep,isolated,0,8021,9745,0455-1,upaBogin,upabhogin,9746,0455-1,upaBUzaRam,upabhūṣaṇam
ap,heads,M-nasal/Hi-pos/Hf-drop/G-keep,isolated,0,8026,9752,0455-1,upamaSravas,upamaśravas,9753,0455-1,upamantr,upamantr
ap,heads,M-nasal/Hi-pos/Hf-drop/G-keep,isolated,0,8036,9765,0455-2,upameya,upameya,9766,0456-1,upamAtiH,upamātiḥ
ap,heads,M-nasal/Hi-pos/Hf-drop/G-keep,isolated,0,8038,9767,0456-1,upamImAMsA,upamīmāṃsā,9768,0456-1,upamAtf,upamātṛ
ap,heads,M-nasal/Hi-pos/Hf-drop/G-keep,isolated,0,8044,9773,0456-1,upamfd,upamṛd,9774,0456-1,upamardaH,upamardaḥ
ap,heads,M-nasal/Hi-pos/Hf-drop/G-keep,isolated,0,8052,9781,0456-1,upayAjaH,upayājaḥ,9782,0456-2,upayantram,upayantram
ap,heads,M-nasal/Hi-pos/Hf-drop/G-keep,isolated,0,8054,9783,0456-2,upayam,upayam,9784,0456-2,upayantf,upayantṛ
ap,heads,M-nasal/Hi-pos/Hf-drop/G-keep,isolated,0,8058,9787,0456-2,upayAmaH,upayāmaḥ,9788,0456-2,upayA,upayā
ap,heads,M-nasal/Hi-pos/Hf-drop/G-keep,isolated,0,8062,9798,0457-1,upayuj,upayuj,9799,0457-1,upayukta,upayukta
ap,heads,M-nasal/Hi-pos/Hf-drop/G-keep,isolated,0,8065,9801,0457-1,upayogin,upayogin,9802,0457-1,upayogitA,upayogitā
ap,heads,M-nasal/Hi-pos/Hf-drop/G-keep,isolated,0,8070,9806,0457-2,uparatAti,uparatāti,9807,0457-2,uparaYj,uparañj
ap,heads,M-nasal/Hi-pos/Hf-drop/G-keep,isolated,0,8071,9807,0457-2,uparaYj,uparañj,9808,0457-2,uparakta,uparakta
ap,heads,M-nasal/Hi-pos/Hf-drop/G-keep,isolated,0,8075,9811,0457-2,uparAgaH,uparāgaḥ,9812,0457-2,uparakzaH,uparakṣaḥ
ap,heads,M-nasal/Hi-pos/Hf-drop/G-keep,isolated,0,8080,9816,0457-2,uparam,uparam,9817,0457-2,uparata,uparata
ap,heads,M-nasal/Hi-pos/Hf-drop/G-keep,isolated,0,8087,9823,0458-1,uparAvaH,uparāvaḥ,9824,0458-1,uparasaH,uparasaḥ
ap,heads,M-nasal/Hi-pos/Hf-drop/G-keep,isolated,0,8093,9829,0458-2,uparuD,uparudh,9830,0459-1,uparudDa,uparuddha
ap,heads,M-nasal/Hi-pos/Hf-drop/G-keep,isolated,0,8098,9834,0459-1,uparoDin,uparodhin,9835,0459-1,uparUpakam,uparūpakam
ap,heads,M-nasal/Hi-pos/Hf-drop/G-keep,isolated,0,8104,9844,0459-2,upalaB,upalabh,9845,0459-2,upalabDa,upalabdha
ap,heads,M-nasal/Hi-pos/Hf-drop/G-keep,isolated,0,8110,9850,0460-1,upalamBanam,upalambhanam,9851,0460-1,upalaBya,upalabhya
ap,heads,M-nasal/Hi-pos/Hf-drop/G-keep,isolated,0,8112,9852,0460-1,upalipsA,upalipsā,9853,0460-1,upalal,upalal
ap,heads,M-nasal/Hi-pos/Hf-drop/G-keep,isolated,0,8120,9860,0460-1,upalepin,upalepin,9861,0460-1,upalI,upalī
ap,heads,M-nasal/Hi-pos/Hf-drop/G-keep,isolated,0,8130,9870,0460-2,upavAdin,upavādin,9871,0460-2,upavanam,upavanam
ap,heads,M-nasal/Hi-pos/Hf-drop/G-keep,isolated,0,8142,9890,0461-1,upozita,upoṣita,9891,0461-1,upavah,upavah
ap,heads,M-nasal/Hi-pos/Hf-drop/G-keep,isolated,0,8144,9892,0461-1,upoQa,upoḍha,9893,0461-1,upavaham,upavaham
ap,heads,M-nasal/Hi-pos/Hf-drop/G-keep,isolated,0,8145,9893,0461-1,upavaham,upavaham,9894,0461-1,upavahanam,upavahanam
ap,heads,M-nasal/Hi-pos/Hf-drop/G-keep,isolated,0,8149,9897,0461-1,upavAhyaH,upavāhyaḥ,9898,0461-1,upavA,upavā
ap,heads,M-nasal/Hi-pos/Hf-drop/G-keep,isolated,0,8157,9905,0461-1,upavedaH,upavedaḥ,9906,0461-2,upaviS,upaviś
ap,heads,M-nasal/Hi-pos/Hf-drop/G-keep,isolated,0,8161,9909,0461-2,upaveSin,upaveśin,9910,0461-2,upaviSramBayya,upaviśrambhayya
ap,heads,M-nasal/Hi-pos/Hf-drop/G-keep,isolated,0,8163,9911,0461-2,upavezwf,upaveṣṭṛ,9912,0461-2,upavizaH,upaviṣaḥ
ap,heads,M-nasal/Hi-pos/Hf-drop/G-keep,isolated,0,8168,9916,0461-2,upavItam,upavītam,9917,0461-2,upavItakam,upavītakam
ap,heads,M-nasal/Hi-pos/Hf-drop/G-keep,isolated,0,8173,9921,0462-1,upavft,upavṛt,9922,0462-1,upavartaH,upavartaḥ
ap,heads,M-nasal/Hi-pos/Hf-drop/G-keep,isolated,0,8187,9938,0462-1,upaSAntin,upaśāntin,9939,0462-2,upaSaya,upaśaya
ap,heads,M-nasal/Hi-pos/Hf-drop/G-keep,isolated,0,8198,9949,0462-2,upaSI,upaśī,9950,0462-2,upaSaya,upaśaya
ap,heads,M-nasal/Hi-pos/Hf-drop/G-keep,isolated,0,8204,9955,0462-2,upaSoBanam,upaśobhanam,9956,0463-1,upaSUra,upaśūra
ap,heads,M-nasal/Hi-pos/Hf-drop/G-keep,isolated,0,8225,9980,0463-2,upasaMskf,upasaṃskṛ,9981,0463-2,upasaMskaraRam,upasaṃskaraṇam
ap,heads,M-nasal/Hi-pos/Hf-drop/G-keep,isolated,0,8226,9981,0463-2,upasaMskaraRam,upasaṃskaraṇam,9982,0463-2,upasaMsfzwa,upasaṃsṛṣṭa
ap,heads,M-nasal/Hi-pos/Hf-drop/G-keep,isolated,0,8229,9984,0463-2,upasaMhf,upasaṃhṛ,9985,0463-2,upasaMharaRam,upasaṃharaṇam
ap,heads,M-nasal/Hi-pos/Hf-drop/G-keep,isolated,0,8240,9996,0464-1,upasaYj,upasañj,9997,0464-1,upasakta,upasakta
ap,heads,M-nasal/Hi-pos/Hf-drop/G-keep,isolated,0,8242,9998,0464-1,upasad,upasad,9999,0464-1,upasattiH,upasattiḥ
ap,heads,M-nasal/Hi-pos/Hf-drop/G-keep,isolated,0,8249,10005,0464-2,upasAdanam,upasādanam,10006,0464-2,upasaMtAnaH,upasaṃtānaḥ
ap,heads,M-nasal/Hi-pos/Hf-drop/G-keep,isolated,1,8251,10007,0464-2,upasaMDA,upasaṃdhā,10008,0464-2,upasaMhita,upasaṃhita
ap,heads,M-nasal/Hi-pos/Hf-drop/G-keep,isolated,0,8258,10015,0464-2,upasaMpad,upasaṃpad,10016,0464-2,upasaMpattiH,upasaṃpattiḥ
ap,heads,M-nasal/Hi-pos/Hf-drop/G-keep,isolated,0,8269,10027,0465-1,upasf,upasṛ,10028,0465-1,upasara,upasara
ap,heads,M-nasal/Hi-pos/Hf-drop/G-keep,isolated,0,8273,10031,0465-1,upasfj,upasṛj,10032,0465-1,upasargaH,upasargaḥ
ap,heads,M-nasal/Hi-pos/Hf-drop/G-keep,isolated,0,8277,10035,0465-2,upasfzwa,upasṛṣṭa,10036,0466-1,upasfp,upasṛp
ap,heads,M-nasal/Hi-pos/Hf-drop/G-keep,isolated,0,8278,10036,0466-1,upasfp,upasṛp,10037,0466-1,upasarpaH,upasarpaḥ
ap,heads,M-nasal/Hi-pos/Hf-drop/G-keep,isolated,0,8286,10047,0466-1,upaskf,upaskṛ,10048,0466-1,upaskaraH,upaskaraḥ
ap,heads,M-nasal/Hi-pos/Hf-drop/G-keep,isolated,0,8292,10053,0466-2,upastamB,upastambh,10054,0466-2,upastabDa,upastabdha
ap,heads,M-nasal/Hi-pos/Hf-drop/G-keep,isolated,0,8298,10059,0466-2,upastu,upastu,10061,0466-2,upastavaH,upastavaḥ
ap,heads,M-nasal/Hi-pos/Hf-drop/G-keep,isolated,0,8300,10062,0466-2,upastf,upastṛ,10063,0466-2,upastaraRam,upastaraṇam
ap,heads,M-nasal/Hi-pos/Hf-drop/G-keep,isolated,0,8305,10067,0467-1,upasTA,upasthā,10068,0467-1,upasTa,upastha
ap,heads,M-nasal/Hi-pos/Hf-drop/G-keep,isolated,0,8317,10079,0468-1,upasnehayati,upasnehayati,10080,0468-1,upasnuta,upasnuta
ap,heads,M-nasal/Hi-pos/Hf-drop/G-keep,isolated,0,8319,10081,0468-1,upaspfS,upaspṛś,10082,0468-1,upasparSaH,upasparśaḥ
ap,heads,M-nasal/Hi-pos/Hf-drop/G-keep,isolated,0,8326,10088,0468-2,upahan,upahan,10089,0468-2,upahata,upahata
ap,heads,M-nasal/Hi-pos/Hf-drop/G-keep,isolated,0,8332,10094,0468-2,upahantf,upahantṛ,10095,0468-2,upaGAtaH,upaghātaḥ
ap,heads,M-nasal/Hi-pos/Hf-drop/G-keep,isolated,0,8339,10102,0468-2,upahAsya,upahāsya,10103,0469-1,upahastikA,upahastikā
ap,heads,M-nasal/Hi-pos/Hf-drop/G-keep,isolated,0,8342,10106,0469-1,upahf,upahṛ,10107,0469-1,upaharaRam,upaharaṇam
ap,heads,M-nasal/Hi-pos/Hf-drop/G-keep,isolated,0,8352,10116,0469-2,upahve,upahve,10117,0469-2,upahavaH,upahavaḥ
ap,heads,M-nasal/Hi-pos/Hf-drop/G-keep,isolated,0,8360,10124,0469-2,upAkf,upākṛ,10125,0470-1,upAkaraRam,upākaraṇam
ap,heads,M-nasal/Hi-pos/Hf-drop/G-keep,isolated,0,8368,10133,0470-1,upAgam,upāgam,10134,0470-2,upAgata,upāgata
ap,heads,M-nasal/Hi-pos/Hf-drop/G-keep,isolated,0,8382,10148,0470-2,upAdA,upādā,10149,0471-1,upAtta,upātta
ap,heads,M-nasal/Hi-pos/Hf-drop/G-keep,isolated,0,8385,10151,0471-1,upAdeya,upādeya,10152,0471-2,upAdikaH,upādikaḥ
ap,heads,M-nasal/Hi-pos/Hf-drop/G-keep,isolated,0,8390,10156,0471-2,upAhita,upāhita,10157,0471-2,upADyAyaH,upādhyāyaḥ
ap,heads,M-nasal/Hi-pos/Hf-drop/G-keep,isolated,0,8395,10161,0472-1,upAnah,upānah,10162,0472-1,upAnayanam,upānayanam
ap,heads,M-nasal/Hi-pos/Hf-drop/G-keep,isolated,0,8406,10172,0472-1,upAram,upāram,10173,0472-2,upArata,upārata
ap,heads,M-nasal/Hi-pos/Hf-drop/G-keep,isolated,0,8421,10190,0472-2,upAvfta,upāvṛta,10191,0472-2,upAvft,upāvṛt
ap,heads,M-nasal/Hi-pos/Hf-drop/G-keep,isolated,0,8422,10191,0472-2,upAvft,upāvṛt,10192,0473-1,upAvartanam,upāvartanam
ap,heads,M-nasal/Hi-pos/Hf-drop/G-keep,isolated,0,8428,10197,0473-1,upASri,upāśri,10198,0473-1,upASrayaH,upāśrayaḥ
ap,heads,M-nasal/Hi-pos/Hf-drop/G-keep,isolated,0,8433,10215,0473-2,upAhf,upāhṛ,10216,0474-1,upAhAraH,upāhāraḥ
ap,heads,M-nasal/Hi-pos/Hf-drop/G-keep,isolated,0,8435,10217,0474-1,upe,upe,10218,0474-1,upAyaH,upāyaḥ
ap,heads,M-nasal/Hi-pos/Hf-drop/G-keep,isolated,0,8445,10227,0474-2,upeyivas,upeyivas,10228,0474-2,upekz,upekṣ
ap,heads,M-nasal/Hi-pos/Hf-drop/G-keep,isolated,0,8457,10243,0475-1,upodbalayati,upodbalayati,10244,0475-1,upodbalaka,upodbalaka
ap,heads,M-nasal/Hi-pos/Hf-drop/G-keep,isolated,0,8461,10247,0475-1,upoh,upoh,10248,0475-1,upoQa,upoḍha
ap,heads,M-nasal/Hi-pos/Hf-drop/G-keep,isolated,0,8470,10265,0476-1,umyam,umyam,10266,0476-1,umbaraH,umbaraḥ
ap,heads,M-nasal/Hi-pos/Hf-drop/G-keep,isolated,0,8482,10277,0476-2,urarIkf,urarīkṛ,10278,0476-2,urarIkAraH,urarīkāraḥ
ap,heads,M-nasal/Hi-pos/Hf-drop/G-keep,isolated,0,8490,10285,0477-1,urasvat,urasvat,10286,0477-1,urasya,urasya
ap,heads,M-nasal/Hi-pos/Hf-drop/G-keep,isolated,0,8496,10291,0477-1,urIkf,urīkṛ,10292,0477-1,urIkAra,urīkāra
ap,heads,M-nasal/Hi-pos/Hf-drop/G-keep,isolated,0,8501,10296,0477-2,uruvuH,uruvuḥ,10297,0477-2,uruYjirA,uruñjirā
ap,heads,M-nasal/Hi-pos/Hf-drop/G-keep,isolated,0,8510,10305,0477-2,urvyUti,urvyūti,10306,0477-2,ururI,ururī
ap,heads,M-nasal/Hi-pos/Hf-drop/G-keep,isolated,0,8541,10346,0479-1,ulmukaH,ulmukaḥ,10347,0479-1,ulbaRa,ulbaṇa
ap,heads,M-nasal/Hi-pos/Hf-drop/G-keep,isolated,0,8550,10357,0479-2,ullalita,ullalita,10358,0479-2,ullalayati,ullalayati
ap,heads,M-nasal/Hi-pos/Hf-drop/G-keep,isolated,0,8556,10367,0480-1,ullAsin,ullāsin,10368,0480-1,ullAGa,ullāgha
ap,heads,M-nasal/Hi-pos/Hf-drop/G-keep,isolated,0,8558,10369,0480-1,ullAGatA,ullāghatā,10370,0480-1,ullap,ullap
ap,heads,M-nasal/Hi-pos/Hf-drop/G-keep,isolated,0,8567,10379,0480-2,ulleKin,ullekhin,10380,0480-2,ulliNgita,ulliṅgita
ap,heads,M-nasal/Hi-pos/Hf-drop/G-keep,isolated,0,8587,10399,0481-1,uSenya,uśenya,10400,0481-1,uSatI,uśatī
ap,heads,M-nasal/Hi-pos/Hf-drop/G-keep,isolated,0,8610,10450,0483-a1,UDas,ūdhas,10451,0483-a1,UDanyam,ūdhanyam
ap,heads,M-nasal/Hi-pos/Hf-drop/G-keep,isolated,0,8619,10463,0483-a2,UruH,ūruḥ,10464,0484-1,UravyaH,ūravyaḥ
ap,heads,M-nasal/Hi-pos/Hf-drop/G-keep,isolated,0,8641,10486,0485-2,Urmimat,ūrmimat,10487,0485-2,UrmikA,ūrmikā
ap,heads,M-nasal/Hi-pos/Hf-drop/G-keep,isolated,0,8647,10492,0486-1,Urvya,ūrvya,10493,0486-1,UrvarA,ūrvarā
ap,heads,M-nasal/Hi-pos/Hf-drop/G-keep,isolated,0,8668,10532,0487-2,fc,ṛc,10534,0488-1,fgma,ṛgma
ap,heads,M-nasal/Hi-pos/Hf-drop/G-keep,isolated,0,8703,10574,0490-1,ftAvfD,ṛtāvṛdh,10575,0490-1,ftayu,ṛtayu
ap,heads,M-nasal/Hi-pos/Hf-drop/G-keep,isolated,0,8705,10576,0490-1,ftena,ṛtena,10577,0490-1,ftiH,ṛtiḥ
ap,heads,M-nasal/Hi-pos/Hf-drop/G-keep,isolated,0,8712,10583,0490-2,ftumat,ṛtumat,10584,0490-2,ftavya,ṛtavya
ap,heads,M-nasal/Hi-pos/Hf-drop/G-keep,isolated,0,8715,10586,0490-2,ftviya,ṛtviya,10587,0490-2,fte,ṛte
ap,heads,M-nasal/Hi-pos/Hf-drop/G-keep,isolated,0,8719,10590,0491-1,fD,ṛdh,10591,0491-1,fdDa,ṛddha
ap,heads,M-nasal/Hi-pos/Hf-drop/G-keep,isolated,0,8724,10595,0491-1,fDat,ṛdhat,10596,0491-1,fDaj,ṛdhaj
ap,heads,M-nasal/Hi-pos/Hf-drop/G-keep,isolated,0,8745,10616,0492-2,fzIvan,ṛṣīvan,10617,0492-2,fzikaH,ṛṣikaḥ
ap,heads,M-nasal/Hi-pos/Hf-drop/G-keep,isolated,0,8760,10654,0499-1,ekIBU,ekībhū,10655,0499-1,ekIBAvaH,ekībhāvaḥ
ap,heads,M-nasal/Hi-pos/Hf-drop/G-keep,isolated,0,8771,10672,0499-2,enI,enī,10673,0499-2,etagva,etagva
ap,heads,M-nasal/Hi-pos/Hf-drop/G-keep,isolated,0,8775,10676,0499-2,etiH,etiḥ,10677,0499-2,etad,etad
ap,heads,M-nasal/Hi-pos/Hf-drop/G-keep,isolated,0,8803,10710,0501-1,elIkA,elīkā,10711,0501-1,elAyati,elāyati
ap,heads,M-nasal/Hi-pos/Hf-drop/G-keep,isolated,1,8865,10784,0503-2,EdaMparyam,aidaṃparyam,10785,0503-2,EdaMyugIna,aidaṃyugīna
ap,heads,M-nasal/Hi-pos/Hf-drop/G-keep,isolated,0,8892,10811,0504-2,Elavila,ailavila,10812,0504-2,ElavaH,ailavaḥ
ap,heads,M-nasal/Hi-pos/Hf-drop/G-keep,isolated,0,8915,10834,0505-a1,okya,okya,10835,0505-a1,okaRaH,okaṇaḥ
ap,heads,M-nasal/Hi-pos/Hf-drop/G-keep,isolated,0,8968,10892,0508-1,OkTikyam,aukthikyam,10893,0508-1,OkTam,auktham
ap,heads,M-nasal/Hi-pos/Hf-drop/G-keep,isolated,0,8976,10900,0508-1,Occyam,auccyam,10901,0508-1,OccEHSravasaH,auccaiḥśravasaḥ
ap,heads,M-nasal/Hi-pos/Hf-drop/G-keep,isolated,0,8991,10915,0508-2,Otkyam,autkyam,10916,0508-2,Otkarzyam,autkarṣyam
ap,heads,M-nasal/Hi-pos/Hf-drop/G-keep,isolated,0,9057,10981,0510-2,OpanAyika,aupanāyika,10982,0510-2,OpanAyanika,aupanāyanika
ap,heads,M-nasal/Hi-pos/Hf-drop/G-keep,isolated,0,9098,11022,0511-2,OpasTyam,aupasthyam,11023,0511-2,OpasTika,aupasthika
ap,heads,M-nasal/Hi-pos/Hf-drop/G-keep,isolated,0,9126,11051,0512-2,OlAnam,aulānam,11052,0512-2,OrvaSeyaH,aurvaśeyaḥ
ap,heads,M-nasal/Hi-pos/Hf-drop/G-keep,isolated,0,9145,11070,0513-2,Ozasya,auṣasya,11071,0513-2,Ozasika,auṣasika
ap,heads,M-nasal/Hi-pos/Hf-drop/G-keep,isolated,1,9158,11083,0514-1,kambUlam,kambūlam,11084,0514-1,kaMSaH,kaṃśaḥ
ap,heads,M-nasal/Hi-pos/Hf-drop/G-keep,isolated,0,9165,11118,0516-1,kakzIkfta,kakṣīkṛta,11119,0516-1,kakzAyate,kakṣāyate
ap,heads,M-nasal/Hi-pos/Hf-drop/G-keep,isolated,0,9177,11150,0517-2,kacAkaci,kacākaci,11151,0517-2,kacaNganam,kacaṅganam
ap,heads,M-nasal/Hi-pos/Hf-drop/G-keep,isolated,0,9190,11163,0518-1,kacCowikA,kacchoṭikā,11164,0518-1,kacCuH,kacchuḥ
ap,heads,M-nasal/Hi-pos/Hf-drop/G-keep,isolated,0,9228,11280,0522-1,kaRitam,kaṇitam,11281,0522-1,kaRaH,kaṇaḥ
ap,heads,M-nasal/Hi-pos/Hf-drop/G-keep,isolated,0,9234,11286,0522-2,kaRIka,kaṇīka,11287,0522-2,kaRapaH,kaṇapaḥ
ap,heads,M-nasal/Hi-pos/Hf-drop/G-keep,isolated,0,9246,11322,0524-2,kaRqita,kaṇḍita,11323,0524-2,kaRqarA,kaṇḍarā
ap,heads,M-nasal/Hi-pos/Hf-drop/G-keep,isolated,0,9262,11338,0525-1,kaRqvoGaH,kaṇḍvoghaḥ,11339,0525-1,kaRqolaH,kaṇḍolaḥ
ap,heads,M-nasal/Hi-pos/Hf-drop/G-keep,isolated,0,9280,11356,0525-2,katiSas,katiśas,11357,0525-2,katamAlaH,katamālaḥ
ap,heads,M-nasal/Hi-pos/Hf-drop/G-keep,isolated,0,9288,11376,0526-2,kaTIkf,kathīkṛ,11378,0526-2,kaTam,katham
ap,heads,M-nasal/Hi-pos/Hf-drop/G-keep,isolated,1,9289,11378,0526-2,kaTam,katham,11379,0527-1,kaTaMtA,kathaṃtā
ap,heads,M-nasal/Hi-pos/Hf-drop/G-keep,isolated,0,9292,11381,0527-1,kadanam,kadanam,11382,0527-1,kad,kad
ap,heads,M-nasal/Hi-pos/Hf-drop/G-keep,isolated,0,9321,11449,0530-1,kanyA,kanyā,11450,0530-1,kanyakA,kanyakā
ap,heads,M-nasal/Hi-pos/Hf-drop/G-keep,isolated,0,9329,11488,0532-1,kaPin,kaphin,11489,0532-1,kaPaRiH,kaphaṇiḥ
ap,heads,M-nasal/Hi-pos/Hf-drop/G-keep,isolated,0,9374,11570,0536-2,karin,karin,11571,0536-2,kariRI,kariṇī
ap,heads,M-nasal/Hi-pos/Hf-drop/G-keep,isolated,0,9377,11573,0537-1,karIrikA,karīrikā,11574,0537-1,karIrakam,karīrakam
ap,heads,M-nasal/Hi-pos/Hf-drop/G-keep,isolated,0,9413,11667,0541-1,karman,karman,11668,0543-1,karmaWa,karmaṭha
ap,heads,M-nasal/Hi-pos/Hf-drop/G-keep,isolated,0,9417,11671,0543-1,karmizWa,karmiṣṭha,11672,0543-1,karmandin,karmandin
ap,heads,M-nasal/Hi-pos/Hf-drop/G-keep,isolated,0,9438,11697,0544-2,kalita,kalita,11698,0544-2,kalakaH,kalakaḥ
ap,heads,M-nasal/Hi-pos/Hf-drop/G-keep,isolated,0,9463,11722,0546-1,kalikA,kalikā,11723,0546-1,kalANkuraH,kalāṅkuraḥ
ap,heads,M-nasal/Hi-pos/Hf-drop/G-keep,isolated,0,9473,11732,0546-2,kalAmbiH,kalāmbiḥ,11733,0546-2,kalAmakaH,kalāmakaḥ
ap,heads,M-nasal/Hi-pos/Hf-drop/G-keep,isolated,0,9517,11780,0549-2,kahlAram,kahlāram,11781,0549-2,kav,kav
ap,heads,M-nasal/Hi-pos/Hf-drop/G-keep,isolated,0,9524,11824,0551-1,kazARaH,kaṣāṇaḥ,11825,0551-1,kazAkuH,kaṣākuḥ
ap,heads,M-nasal/Hi-pos/Hf-drop/G-keep,isolated,0,9528,11828,0551-1,kazwiH,kaṣṭiḥ,11829,0551-1,kazAya,kaṣāya
ap,heads,M-nasal/Hi-pos/Hf-drop/G-keep,isolated,0,9586,11890,0554-1,kAcita,kācita,11891,0554-1,kAcana,kācana
ap,heads,M-nasal/Hi-pos/Hf-drop/G-keep,isolated,0,9627,11938,0555-2,kAtyAyanIya,kātyāyanīya,11939,0555-2,kAtuH,kātuḥ
ap,heads,M-nasal/Hi-pos/Hf-drop/G-keep,isolated,0,9633,11944,0556-1,kAdambinI,kādambinī,11945,0556-1,kAdambaram,kādambaram
ap,heads,M-nasal/Hi-pos/Hf-drop/G-keep,isolated,0,9654,11965,0557-1,kAndiS,kāndiś,11966,0557-1,kAndigBUta,kāndigbhūta
ap,heads,M-nasal/Hi-pos/Hf-drop/G-keep,isolated,0,9686,11997,0559-2,kAmalin,kāmalin,11998,0559-2,kAmalikA,kāmalikā
ap,heads,M-nasal/Hi-pos/Hf-drop/G-keep,isolated,0,9695,12006,0559-2,kAmyakaH,kāmyakaḥ,12007,0560-1,kAmaWa,kāmaṭha
ap,heads,M-nasal/Hi-pos/Hf-drop/G-keep,isolated,0,9716,12027,0560-2,kAyin,kāyin,12028,0560-2,kAyamAnam,kāyamānam
ap,heads,M-nasal/Hi-pos/Hf-drop/G-keep,isolated,0,9724,12035,0561-1,kAraRam,kāraṇam,12036,0561-2,kAraRaka,kāraṇaka
ap,heads,M-nasal/Hi-pos/Hf-drop/G-keep,isolated,0,9733,12044,0561-2,kArin,kārin,12045,0562-1,kAraRqaH,kāraṇḍaḥ
ap,heads,M-nasal/Hi-pos/Hf-drop/G-keep,isolated,0,9753,12064,0562-2,kAruRyam,kāruṇyam,12065,0562-2,kAruRqikA,kāruṇḍikā
ap,heads,M-nasal/Hi-pos/Hf-drop/G-keep,isolated,0,9804,12115,0565-1,kArzman,kārṣman,12116,0565-1,kArzika,kārṣika
ap,heads,M-nasal/Hi-pos/Hf-drop/G-keep,isolated,0,9819,12130,0567-2,kAlinI,kālinī,12131,0567-2,kAlakuYcaH,kālakuñcaḥ
ap,heads,M-nasal/Hi-pos/Hf-drop/G-keep,isolated,0,9835,12146,0568-1,kAlIyam,kālīyam,12147,0568-1,kAlIyakaH,kālīyakaḥ
ap,heads,M-nasal/Hi-pos/Hf-drop/G-keep,isolated,0,9857,12189,0569-2,kAzWam,kāṣṭham,12190,0570-1,kAzWakam,kāṣṭhakam
ap,heads,M-nasal/Hi-pos/Hf-drop/G-keep,isolated,0,9860,12192,0570-1,kAzWikA,kāṣṭhikā,12193,0570-1,kAzWA,kāṣṭhā
ap,heads,M-nasal/Hi-pos/Hf-drop/G-keep,isolated,0,9872,12212,0570-2,kiMSulukaH,kiṃśulukaḥ,12213,0570-2,ki,ki
ap,heads,M-nasal/Hi-pos/Hf-drop/G-keep,isolated,1,9883,12240,0571-2,kim,kim,12242,0572-2,kiMvaraH,kiṃvaraḥ
ap,heads,M-nasal/Hi-pos/Hf-drop/G-keep,isolated,0,9910,12268,0574-1,kilikilitam,kilikilitam,12269,0574-1,kilAwaH,kilāṭaḥ
ap,heads,M-nasal/Hi-pos/Hf-drop/G-keep,isolated,0,9915,12273,0574-1,kiliYjam,kiliñjam,12274,0574-1,kiliYjakaH,kiliñjakaḥ
ap,heads,M-nasal/Hi-pos/Hf-drop/G-keep,isolated,0,9957,12342,0577-2,kucita,kucita,12343,0577-2,kucara,kucara
ap,heads,M-nasal/Hi-pos/Hf-drop/G-keep,isolated,0,9969,12360,0578-1,kuwika,kuṭika,12361,0578-1,kuwaH,kuṭaḥ
ap,heads,M-nasal/Hi-pos/Hf-drop/G-keep,isolated,0,9985,12376,0578-2,kuwIraH,kuṭīraḥ,12377,0579-1,kuwIkA,kuṭīkā
ap,heads,M-nasal/Hi-pos/Hf-drop/G-keep,isolated,0,10032,12450,0581-2,kutonimitta,kutonimitta,12451,0581-2,kutukam,kutukam
ap,heads,M-nasal/Hi-pos/Hf-drop/G-keep,isolated,0,10054,12478,0582-1,kuntalikA,kuntalikā,12479,0582-1,kuntayaH,kuntayaḥ
ap,heads,M-nasal/Hi-pos/Hf-drop/G-keep,isolated,0,10058,12482,0582-1,kundr,kundr,12483,0582-1,kunT,kunth
ap,heads,M-nasal/Hi-pos/Hf-drop/G-keep,isolated,0,10061,12485,0582-2,kundinI,kundinī,12486,0582-2,kundamaH,kundamaḥ
ap,heads,M-nasal/Hi-pos/Hf-drop/G-keep,isolated,0,10072,12496,0583-1,kopin,kopin,12497,0583-1,kupaH,kupaḥ
ap,heads,M-nasal/Hi-pos/Hf-drop/G-keep,isolated,0,10075,12499,0583-1,kupinda,kupinda,12500,0583-1,kupinin,kupinin
ap,heads,M-nasal/Hi-pos/Hf-drop/G-keep,isolated,0,10116,12627,0589-1,kuvalayin,kuvalayin,12628,0589-1,kuvalayita,kuvalayita
ap,heads,M-nasal/Hi-pos/Hf-drop/G-keep,isolated,0,10130,12642,0589-2,kuSeSayam,kuśeśayam,12643,0589-2,kuSala,kuśala
ap,heads,M-nasal/Hi-pos/Hf-drop/G-keep,isolated,0,10194,12769,0597-2,kftyavat,kṛtyavat,12770,0597-2,kfkaH,kṛkaḥ
ap,heads,M-nasal/Hi-pos/Hf-drop/G-keep,isolated,0,10199,12774,0598-1,kfkalA,kṛkalā,12775,0598-1,kfkalaH,kṛkalaḥ
ap,heads,M-nasal/Hi-pos/Hf-drop/G-keep,isolated,0,10214,12789,0598-2,kfntanikA,kṛntanikā,12790,0598-2,kftrima,kṛtrima
ap,heads,M-nasal/Hi-pos/Hf-drop/G-keep,isolated,0,10251,12832,0600-2,kfzwiH,kṛṣṭiḥ,12833,0600-2,kfzkaraH,kṛṣkaraḥ
ap,heads,M-nasal/Hi-pos/Hf-drop/G-keep,isolated,0,10263,12844,0602-1,kFt,kṝt,12845,0602-1,kIrtanIya,kīrtanīya
ap,heads,M-nasal/Hi-pos/Hf-drop/G-keep,isolated,0,10269,12853,0602-2,kekAvalaH,kekāvalaḥ,12854,0602-2,kekARaH,kekāṇaḥ
ap,heads,M-nasal/Hi-pos/Hf-drop/G-keep,isolated,0,10337,12963,0607-2,kowiSaH,koṭiśaḥ,12964,0607-2,kowiraH,koṭiraḥ
ap,heads,M-nasal/Hi-pos/Hf-drop/G-keep,isolated,0,10364,12990,0608-2,korita,korita,12991,0608-2,koraRqaH,koraṇḍaḥ
ap,heads,M-nasal/Hi-pos/Hf-drop/G-keep,isolated,0,10379,13005,0609-1,koSin,kośin,13006,0609-1,koSalikam,kośalikam
ap,heads,M-nasal/Hi-pos/Hf-drop/G-keep,isolated,0,10406,13032,0610-1,kOwika,kauṭika,13033,0610-1,kOwaBI,kauṭabhī
ap,heads,M-nasal/Hi-pos/Hf-drop/G-keep,isolated,0,10502,13144,0615-1,krAntuH,krāntuḥ,13145,0615-1,kravaRa,kravaṇa
ap,heads,M-nasal/Hi-pos/Hf-drop/G-keep,isolated,0,10517,13159,0616-1,krI,krī,13161,0616-1,krayaH,krayaḥ
ap,heads,M-nasal/Hi-pos/Hf-drop/G-keep,isolated,0,10527,13170,0616-2,kreya,kreya,13171,0616-2,krIq,krīḍ
ap,heads,M-nasal/Hi-pos/Hf-drop/G-keep,isolated,0,10533,13185,0617-1,kroTaH,krothaḥ,13186,0617-1,kruD,krudh
ap,heads,M-nasal/Hi-pos/Hf-drop/G-keep,isolated,0,10534,13186,0617-1,kruD,krudh,13188,0617-1,krudDa,kruddha
ap,heads,M-nasal/Hi-pos/Hf-drop/G-keep,isolated,0,10541,13194,0617-2,kroDin,krodhin,13195,0617-2,krunT,krunth
ap,heads,M-nasal/Hi-pos/Hf-drop/G-keep,isolated,0,10548,13202,0618-1,kroSana,krośana,13203,0618-1,krUra,krūra
ap,heads,M-nasal/Hi-pos/Hf-drop/G-keep,isolated,0,10552,13206,0618-2,kroqIkf,kroḍīkṛ,13207,0618-2,kroqIkaraRam,kroḍīkaraṇam
ap,heads,M-nasal/Hi-pos/Hf-drop/G-keep,isolated,0,10567,13222,0619-1,klAntiH,klāntiḥ,13223,0619-1,klav,klav
ap,heads,M-nasal/Hi-pos/Hf-drop/G-keep,isolated,0,10576,13231,0619-1,kleduH,kleduḥ,13232,0619-1,klind,klind
ap,heads,M-nasal/Hi-pos/Hf-drop/G-keep,isolated,0,10586,13243,0619-2,kleSin,kleśin,13244,0619-2,klItakikA,klītakikā
ap,heads,M-nasal/Hi-pos/Hf-drop/G-keep,isolated,0,10596,13255,0620-1,kvatya,kvatya,13256,0620-1,kvaR,kvaṇ
ap,heads,M-nasal/Hi-pos/Hf-drop/G-keep,isolated,0,10598,13259,0620-2,kvARaH,kvāṇaḥ,13260,0620-2,kvaT,kvath
ap,heads,M-nasal/Hi-pos/Hf-drop/G-keep,isolated,0,10600,13264,0620-2,kvATaH,kvāthaḥ,13265,0620-2,kvAcitka,kvācitka
ap,heads,M-nasal/Hi-pos/Hf-drop/G-keep,isolated,0,10625,13299,0622-2,kzam,kṣam,13300,0622-2,kzantavya,kṣantavya
ap,heads,M-nasal/Hi-pos/Hf-drop/G-keep,isolated,0,10632,13306,0622-2,kzamAvat,kṣamāvat,13307,0622-2,kzamApayati,kṣamāpayati
ap,heads,M-nasal/Hi-pos/Hf-drop/G-keep,isolated,0,10633,13307,0622-2,kzamApayati,kṣamāpayati,13308,0622-2,kzamApanam,kṣamāpanam
ap,heads,M-nasal/Hi-pos/Hf-drop/G-keep,isolated,0,10640,13314,0623-1,kzAmya,kṣāmya,13315,0623-1,kzamp,kṣamp
ap,heads,M-nasal/Hi-pos/Hf-drop/G-keep,isolated,0,10649,13327,0623-2,kzArita,kṣārita,13328,0623-2,kzal,kṣal
ap,heads,M-nasal/Hi-pos/Hf-drop/G-keep,isolated,0,10653,13331,0624-1,kzAlita,kṣālita,13332,0624-1,kzavaH,kṣavaḥ
ap,heads,M-nasal/Hi-pos/Hf-drop/G-keep,isolated,0,10665,13343,0624-1,kzi,kṣi,13344,0624-2,kzayaH,kṣayaḥ
ap,heads,M-nasal/Hi-pos/Hf-drop/G-keep,isolated,0,10679,13357,0625-2,kzIRatA,kṣīṇatā,13358,0625-2,kziR,kṣiṇ
ap,heads,M-nasal/Hi-pos/Hf-drop/G-keep,isolated,0,10701,13380,0626-2,kzepya,kṣepya,13381,0626-2,kziyA,kṣiyā
ap,heads,M-nasal/Hi-pos/Hf-drop/G-keep,isolated,0,10714,13394,0627-1,kzIreyI,kṣīreyī,13395,0627-1,kzIrAvI,kṣīrāvī
ap,heads,M-nasal/Hi-pos/Hf-drop/G-keep,isolated,0,10717,13398,0627-2,kzu,kṣu,13400,0627-2,kzavaH,kṣavaḥ
ap,heads,M-nasal/Hi-pos/Hf-drop/G-keep,isolated,1,10722,13404,0627-2,kzutaH,kṣutaḥ,13405,0627-2,kzuH,kṣuḥ
ap,heads,M-nasal/Hi-pos/Hf-drop/G-keep,isolated,0,10725,13407,0627-2,kzud,kṣud,13408,0627-2,kzuRRa,kṣuṇṇa
ap,heads,M-nasal/Hi-pos/Hf-drop/G-keep,isolated,0,10740,13422,0628-2,kzodIyas,kṣodīyas,13423,0628-2,kzuD,kṣudh
ap,heads,M-nasal/Hi-pos/Hf-drop/G-keep,isolated,0,10741,13423,0628-2,kzuD,kṣudh,13424,0628-2,kzud,kṣud
ap,heads,M-nasal/Hi-pos/Hf-drop/G-keep,isolated,0,10750,13433,0628-2,kzuBita,kṣubhita,13434,0628-2,kzubDa,kṣubdha
ap,heads,M-nasal/Hi-pos/Hf-drop/G-keep,isolated,0,10753,13436,0629-1,kzoBaRam,kṣobhaṇam,13437,0629-1,kzumA,kṣumā
ap,heads,M-nasal/Hi-pos/Hf-drop/G-keep,isolated,0,10762,13450,0630-1,kzetrIyati,kṣetrīyati,13451,0630-1,kzetrIkf,kṣetrīkṛ
ap,heads,M-nasal/Hi-pos/Hf-drop/G-keep,isolated,0,10776,13469,0630-2,kzOdreyam,kṣaudreyam,13470,0630-2,kzOdrakyam,kṣaudrakyam
ap,heads,M-nasal/Hi-pos/Hf-drop/G-keep,isolated,0,10779,13472,0630-2,kzOram,kṣauram,13473,0630-2,kzOrapavyam,kṣaurapavyam
ap,heads,M-nasal/Hi-pos/Hf-drop/G-keep,isolated,0,10803,13526,0634-2,KawvA,khaṭvā,13527,0634-2,Kawvayati,khaṭvayati
ap,heads,M-nasal/Hi-pos/Hf-drop/G-keep,isolated,0,10811,13534,0634-2,KaqgArIwaH,khaḍgārīṭaḥ,13535,0634-2,Kaqgavat,khaḍgavat
ap,heads,M-nasal/Hi-pos/Hf-drop/G-keep,isolated,0,10828,13570,0636-1,KAnam,khānam,13571,0636-1,KAnaka,khānaka
ap,heads,M-nasal/Hi-pos/Hf-drop/G-keep,isolated,0,10833,13575,0636-1,Keya,kheya,13576,0636-2,KapUraH,khapūraḥ
ap,heads,M-nasal/Hi-pos/Hf-drop/G-keep,isolated,0,10839,13581,0636-2,KarI,kharī,13582,0636-2,Karaka,kharaka
ap,heads,M-nasal/Hi-pos/Hf-drop/G-keep,isolated,0,10852,13602,0637-1,Karvita,kharvita,13603,0637-1,KarvawaH,kharvaṭaḥ
ap,heads,M-nasal/Hi-pos/Hf-drop/G-keep,isolated,0,10870,13643,0638-2,KARqam,khāṇḍam,13644,0638-2,KAqavaH,khāḍavaḥ
ap,heads,M-nasal/Hi-pos/Hf-drop/G-keep,isolated,0,10889,13671,0639-1,Kewita,kheṭita,13672,0639-1,Kid,khid
ap,heads,M-nasal/Hi-pos/Hf-drop/G-keep,isolated,0,10895,13677,0639-2,Kedin,khedin,13678,0639-2,KidiraH,khidiraḥ
ap,heads,M-nasal/Hi-pos/Hf-drop/G-keep,isolated,0,10904,13688,0640-1,Kur,khur,13689,0640-1,KuNgAhaH,khuṅgāhaḥ
ap,heads,M-nasal/Hi-pos/Hf-drop/G-keep,isolated,0,10919,13708,0640-2,KeSarIram,kheśarīram,13709,0640-2,Kel,khel
ap,heads,M-nasal/Hi-pos/Hf-drop/G-keep,isolated,0,10956,13806,0646-2,gadgadita,gadgadita,13807,0646-2,gadgadayati,gadgadayati
ap,heads,M-nasal/Hi-pos/Hf-drop/G-keep,isolated,0,10968,13831,0648-1,gam,gam,13832,0648-2,gata,gata
ap,heads,M-nasal/Hi-pos/Hf-drop/G-keep,isolated,0,10986,13849,0650-1,gamya,gamya,13850,0650-1,gamBArikA,gambhārikā
ap,heads,M-nasal/Hi-pos/Hf-drop/G-keep,isolated,0,10998,13861,0650-2,garita,garita,13862,0650-2,garalliH,garalliḥ
ap,heads,M-nasal/Hi-pos/Hf-drop/G-keep,isolated,0,11023,13894,0653-1,garBin,garbhin,13895,0653-1,garBaRqaH,garbhaṇḍaḥ
ap,heads,M-nasal/Hi-pos/Hf-drop/G-keep,isolated,0,11046,13937,0654-2,gavizWi,gaviṣṭhi,13938,0654-2,gavizWa,gaviṣṭha
ap,heads,M-nasal/Hi-pos/Hf-drop/G-keep,isolated,0,11053,13944,0655-1,gavyUtam,gavyūtam,13945,0655-1,gavequH,gaveḍuḥ
ap,heads,M-nasal/Hi-pos/Hf-drop/G-keep,isolated,0,11059,13960,0655-2,gANga,gāṅga,13961,0655-2,gAganaH,gāganaḥ
ap,heads,M-nasal/Hi-pos/Hf-drop/G-keep,isolated,0,11080,13981,0656-1,gARqIvin,gāṇḍīvin,13982,0656-1,gARqI,gāṇḍī
ap,heads,M-nasal/Hi-pos/Hf-drop/G-keep,isolated,0,11085,13986,0656-2,gAtram,gātram,13987,0656-2,gAtrakam,gātrakam
ap,heads,M-nasal/Hi-pos/Hf-drop/G-keep,isolated,0,11108,14012,0657-2,gAyatrI,gāyatrī,14013,0657-2,gAyatrin,gāyatrin
ap,heads,M-nasal/Hi-pos/Hf-drop/G-keep,isolated,0,11118,14022,0658-1,gArdaBa,gārdabha,14023,0658-1,gAdDarTam,gāddhartham
ap,heads,M-nasal/Hi-pos/Hf-drop/G-keep,isolated,0,11139,14043,0658-2,gAh,gāh,14044,0658-2,gAQa,gāḍha
ap,heads,M-nasal/Hi-pos/Hf-drop/G-keep,isolated,0,11205,14150,0665-1,gopyakaH,gopyakaḥ,14151,0665-1,guP,guph
ap,heads,M-nasal/Hi-pos/Hf-drop/G-keep,isolated,0,11208,14154,0665-1,gumPanA,gumphanā,14155,0665-1,gumawI,gumaṭī
ap,heads,M-nasal/Hi-pos/Hf-drop/G-keep,isolated,0,11218,14164,0666-2,gurviRI,gurviṇī,14165,0666-2,gurd,gurd
ap,heads,M-nasal/Hi-pos/Hf-drop/G-keep,isolated,0,11222,14168,0666-2,gulyaH,gulyaḥ,14169,0666-2,gulikaH,gulikaḥ
ap,heads,M-nasal/Hi-pos/Hf-drop/G-keep,isolated,0,11235,14188,0667-2,gUhA,gūhā,14189,0667-2,gU,gū
ap,heads,M-nasal/Hi-pos/Hf-drop/G-keep,isolated,0,11246,14208,0668-1,gfD,gṛdh,14210,0668-1,gfdDa,gṛddha
ap,heads,M-nasal/Hi-pos/Hf-drop/G-keep,isolated,0,11250,14213,0668-1,gfDyam,gṛdhyam,14214,0668-1,gfDya,gṛdhya
ap,heads,M-nasal/Hi-pos/Hf-drop/G-keep,isolated,0,11254,14217,0668-2,gfDrikA,gṛdhrikā,14218,0668-2,gfDU,gṛdhū
ap,heads,M-nasal/Hi-pos/Hf-drop/G-keep,isolated,0,11262,14239,0670-1,gF,gṝ,14240,0670-2,gIrRa,gīrṇa
ap,heads,M-nasal/Hi-pos/Hf-drop/G-keep,isolated,0,11273,14250,0670-2,gE,gai,14251,0670-2,gAtavya,gātavya
ap,heads,M-nasal/Hi-pos/Hf-drop/G-keep,isolated,0,11294,14274,0674-2,gozpadam,goṣpadam,14275,0675-1,gojikARaH,gojikāṇaḥ
ap,heads,M-nasal/Hi-pos/Hf-drop/G-keep,isolated,0,11318,14299,0675-2,gohiram,gohiram,14300,0675-2,gocyaH,gocyaḥ
ap,heads,M-nasal/Hi-pos/Hf-drop/G-keep,isolated,0,11360,14354,0678-1,grAsaH,grāsaḥ,14355,0678-1,grah,grah
ap,heads,M-nasal/Hi-pos/Hf-drop/G-keep,isolated,0,11361,14355,0678-1,grah,grah,14356,0678-2,gfhIta,gṛhīta
ap,heads,M-nasal/Hi-pos/Hf-drop/G-keep,isolated,0,11367,14361,0679-2,grahaRam,grahaṇam,14362,0679-2,grahaRaka,grahaṇaka
ap,heads,M-nasal/Hi-pos/Hf-drop/G-keep,isolated,0,11375,14369,0680-1,grAham,grāham,14370,0680-1,grAhaka,grāhaka
ap,heads,M-nasal/Hi-pos/Hf-drop/G-keep,isolated,0,11382,14376,0680-2,grAhya,grāhya,14377,0680-2,grAmaH,grāmaḥ
ap,heads,M-nasal/Hi-pos/Hf-drop/G-keep,isolated,0,11393,14387,0681-1,grAmya,grāmya,14388,0681-2,grAmerukam,grāmerukam
ap,heads,M-nasal/Hi-pos/Hf-drop/G-keep,isolated,0,11414,14409,0682-2,glE,glai,14410,0682-2,glapanam,glapanam
ap,heads,M-nasal/Hi-pos/Hf-drop/G-keep,isolated,0,11435,14430,0683-2,GawI,ghaṭī,14431,0683-2,GawiGawaH,ghaṭighaṭaḥ
ap,heads,M-nasal/Hi-pos/Hf-drop/G-keep,isolated,0,11446,14452,0685-1,GanIyati,ghanīyati,14453,0685-1,GanAGana,ghanāghana
ap,heads,M-nasal/Hi-pos/Hf-drop/G-keep,isolated,0,11454,14471,0686-1,GAsiH,ghāsiḥ,14472,0686-1,GAwaH,ghāṭaḥ
ap,heads,M-nasal/Hi-pos/Hf-drop/G-keep,isolated,0,11488,14515,0687-2,Gozavat,ghoṣavat,14516,0687-2,GozaRam,ghoṣaṇam
ap,heads,M-nasal/Hi-pos/Hf-drop/G-keep,isolated,0,11490,14517,0687-2,Gozayitnu,ghoṣayitnu,14518,0687-2,GusfRam,ghusṛṇam
ap,heads,M-nasal/Hi-pos/Hf-drop/G-keep,isolated,0,11496,14526,0687-2,Gf,ghṛ,14527,0687-2,GAraH,ghāraḥ
ap,heads,M-nasal/Hi-pos/Hf-drop/G-keep,isolated,0,11501,14531,0688-1,GftelI,ghṛtelī,14532,0688-1,GfR,ghṛṇ
ap,heads,M-nasal/Hi-pos/Hf-drop/G-keep,isolated,0,11509,14539,0688-2,Gfz,ghṛṣ,14540,0688-2,GarzaH,gharṣaḥ
ap,heads,M-nasal/Hi-pos/Hf-drop/G-keep,isolated,0,11540,14577,0690-2,cakram,cakram,14578,0691-2,cakraka,cakraka
ap,heads,M-nasal/Hi-pos/Hf-drop/G-keep,isolated,0,11543,14580,0691-2,cakriH,cakriḥ,14581,0691-2,cakrAkI,cakrākī
ap,heads,M-nasal/Hi-pos/Hf-drop/G-keep,isolated,0,11564,14618,0693-1,cawulola,caṭulola,14619,0693-1,cawacawA,caṭacaṭā
ap,heads,M-nasal/Hi-pos/Hf-drop/G-keep,isolated,0,11570,14632,0693-2,caRqIkf,caṇḍīkṛ,14633,0693-2,caRqAtaH,caṇḍātaḥ
ap,heads,M-nasal/Hi-pos/Hf-drop/G-keep,isolated,0,11577,14640,0693-2,cAtana,cātana,14641,0693-2,catur,catur
ap,heads,M-nasal/Hi-pos/Hf-drop/G-keep,isolated,0,11586,14649,0695-1,catvAriMSat,catvāriṃśat,14650,0695-1,catura,catura
ap,heads,M-nasal/Hi-pos/Hf-drop/G-keep,isolated,0,11597,14685,0697-2,capalA,capalā,14686,0697-2,capalaka,capalaka
ap,heads,M-nasal/Hi-pos/Hf-drop/G-keep,isolated,0,11620,14743,0700-1,carcita,carcita,14744,0700-1,carcas,carcas
ap,heads,M-nasal/Hi-pos/Hf-drop/G-keep,isolated,0,11630,14753,0700-2,carmam,carmam,14754,0700-2,carmaRvatI,carmaṇvatī
ap,heads,M-nasal/Hi-pos/Hf-drop/G-keep,isolated,0,11632,14755,0700-2,carman,carman,14756,0700-2,carmaRya,carmaṇya
ap,heads,M-nasal/Hi-pos/Hf-drop/G-keep,isolated,0,11650,14777,0701-2,calukaH,calukaḥ,14778,0701-2,caliH,caliḥ
ap,heads,M-nasal/Hi-pos/Hf-drop/G-keep,isolated,0,11663,14790,0702-1,cAkreya,cākreya,14791,0702-1,cAkrAyaRaH,cākrāyaṇaḥ
ap,heads,M-nasal/Hi-pos/Hf-drop/G-keep,isolated,0,11719,14846,0704-1,cApin,cāpin,14847,0704-1,cApalam,cāpalam
ap,heads,M-nasal/Hi-pos/Hf-drop/G-keep,isolated,0,11758,14888,0705-2,ci,ci,14889,0706-1,cayaH,cayaḥ
ap,heads,M-nasal/Hi-pos/Hf-drop/G-keep,isolated,0,11766,14896,0706-1,ceya,ceya,14897,0706-2,cikita,cikita
ap,heads,M-nasal/Hi-pos/Hf-drop/G-keep,isolated,0,11790,14926,0707-1,ciYciqaH,ciñciḍaḥ,14927,0707-1,cicCilAH,cicchilāḥ
ap,heads,M-nasal/Hi-pos/Hf-drop/G-keep,isolated,0,11796,14934,0707-2,cinmAtram,cinmātram,14935,0707-2,citta,citta
ap,heads,M-nasal/Hi-pos/Hf-drop/G-keep,isolated,0,11806,14944,0708-2,cetomat,cetomat,14945,0708-2,citra,citra
ap,heads,M-nasal/Hi-pos/Hf-drop/G-keep,isolated,0,11816,14954,0710-1,citrIkf,citrīkṛ,14955,0710-1,citrIkaraRam,citrīkaraṇam
ap,heads,M-nasal/Hi-pos/Hf-drop/G-keep,isolated,0,11835,14980,0711-1,cirAyati,cirāyati,14981,0711-1,ciramBaRaH,cirambhaṇaḥ
ap,heads,M-nasal/Hi-pos/Hf-drop/G-keep,isolated,0,11855,15007,0712-1,cIram,cīram,15008,0712-1,cIrakaH,cīrakaḥ
ap,heads,M-nasal/Hi-pos/Hf-drop/G-keep,isolated,1,11859,15011,0712-1,cIrin,cīrin,15012,0712-1,cIriH,cīriḥ
ap,heads,M-nasal/Hi-pos/Hf-drop/G-keep,isolated,0,11892,15049,0713-1,codya,codya,15050,0713-1,cundI,cundī
ap,heads,M-nasal/Hi-pos/Hf-drop/G-keep,isolated,0,11895,15052,0713-1,copana,copana,15053,0713-1,cubukaH,cubukaḥ
ap,heads,M-nasal/Hi-pos/Hf-drop/G-keep,isolated,0,11910,15070,0713-2,coritakam,coritakam,15071,0713-2,curiH,curiḥ
ap,heads,M-nasal/Hi-pos/Hf-drop/G-keep,isolated,0,11921,15091,0714-1,cUqika,cūḍika,15092,0714-1,cUqAmlam,cūḍāmlam
ap,heads,M-nasal/Hi-pos/Hf-drop/G-keep,isolated,0,11934,15112,0715-1,cUlin,cūlin,15113,0715-1,cUlikA,cūlikā
ap,heads,M-nasal/Hi-pos/Hf-drop/G-keep,isolated,0,11939,15119,0715-1,cozyam,coṣyam,15120,0715-1,cft,cṛt
ap,heads,M-nasal/Hi-pos/Hf-drop/G-keep,isolated,0,11953,15141,0715-2,cEttasika,caittasika,15142,0716-1,cEtta,caitta
ap,heads,M-nasal/Hi-pos/Hf-drop/G-keep,isolated,0,11960,15148,0716-1,cEtrI,caitrī,15149,0716-1,cEtraraTam,caitraratham
ap,heads,M-nasal/Hi-pos/Hf-drop/G-keep,isolated,0,11967,15155,0716-1,cocam,cocam,15156,0716-1,cocakaH,cocakaḥ
ap,heads,M-nasal/Hi-pos/Hf-drop/G-keep,isolated,0,11979,15167,0716-2,cOryam,cauryam,15168,0716-2,cOryakam,cauryakam
ap,heads,M-nasal/Hi-pos/Hf-drop/G-keep,isolated,0,11981,15169,0716-2,cyu,cyu,15170,0716-2,cyavanaH,cyavanaḥ
ap,heads,M-nasal/Hi-pos/Hf-drop/G-keep,isolated,0,11987,15175,0717-1,cyutiH,cyutiḥ,15176,0717-2,cyut,cyut
ap,heads,M-nasal/Hi-pos/Hf-drop/G-keep,isolated,0,11989,15177,0717-2,cyotam,cyotam,15178,0717-2,cyupaH,cyupaḥ
ap,heads,M-nasal/Hi-pos/Hf-drop/G-keep,isolated,0,12009,15201,0718-1,CannavIram,channavīram,15202,0718-1,CanacCan,chanacchan
ap,heads,M-nasal/Hi-pos/Hf-drop/G-keep,isolated,0,12021,15224,0719-1,Calikam,chalikam,15225,0719-1,Calanam,chalanam
ap,heads,M-nasal/Hi-pos/Hf-drop/G-keep,isolated,0,12036,15239,0719-2,CAdam,chādam,15240,0719-2,CAdanam,chādanam
ap,heads,M-nasal/Hi-pos/Hf-drop/G-keep,isolated,0,12043,15246,0719-2,CAyA,chāyā,15247,0720-1,CAyaka,chāyaka
ap,heads,M-nasal/Hi-pos/Hf-drop/G-keep,isolated,0,12050,15253,0720-1,Cid,chid,15254,0720-1,CittiH,chittiḥ
ap,heads,M-nasal/Hi-pos/Hf-drop/G-keep,isolated,0,12071,15274,0721-1,Cedya,chedya,15275,0721-1,CucCuH,chucchuḥ
ap,heads,M-nasal/Hi-pos/Hf-drop/G-keep,isolated,0,12081,15285,0721-2,Curitam,churitam,15286,0721-2,CuraRam,churaṇam
ap,heads,M-nasal/Hi-pos/Hf-drop/G-keep,isolated,0,12096,15300,0721-2,Co,cho,15301,0722-1,CAta,chāta
ap,heads,M-nasal/Hi-pos/Hf-drop/G-keep,isolated,1,12104,15308,0722-a1,jam,jam,15309,0722-a1,jaMs,jaṃs
ap,heads,M-nasal/Hi-pos/Hf-drop/G-keep,isolated,0,12147,15363,0724-2,jaqIBU,jaḍībhū,15364,0724-2,jaqIBAvaH,jaḍībhāvaḥ
ap,heads,M-nasal/Hi-pos/Hf-drop/G-keep,isolated,0,12162,15434,0728-2,jayantiH,jayantiḥ,15435,0728-2,jayadraTaH,jayadrathaḥ
ap,heads,M-nasal/Hi-pos/Hf-drop/G-keep,isolated,0,12171,15443,0729-1,jaratikA,jaratikā,15444,0729-1,jarataH,jarataḥ
ap,heads,M-nasal/Hi-pos/Hf-drop/G-keep,isolated,0,12201,15473,0731-2,jaleSayaH,jaleśayaḥ,15474,0731-2,jalAza,jalāṣa
ap,heads,M-nasal/Hi-pos/Hf-drop/G-keep,isolated,0,12210,15487,0731-2,javina,javina,15488,0731-2,javanikA,javanikā
ap,heads,M-nasal/Hi-pos/Hf-drop/G-keep,isolated,0,12229,15506,0732-2,jAgf,jāgṛ,15507,0732-2,jAgarA,jāgarā
ap,heads,M-nasal/Hi-pos/Hf-drop/G-keep,isolated,0,12230,15507,0732-2,jAgarA,jāgarā,15508,0732-2,jAgara,jāgara
ap,heads,M-nasal/Hi-pos/Hf-drop/G-keep,isolated,0,12237,15514,0732-2,jAgfvi,jāgṛvi,15515,0732-2,jAgartiH,jāgartiḥ
ap,heads,M-nasal/Hi-pos/Hf-drop/G-keep,isolated,0,12256,15533,0734-1,jAtya,jātya,15534,0734-1,jAtu,jātu
ap,heads,M-nasal/Hi-pos/Hf-drop/G-keep,isolated,0,12264,15541,0734-2,jAnam,jānam,15542,0734-2,jAnakI,jānakī
ap,heads,M-nasal/Hi-pos/Hf-drop/G-keep,isolated,0,12276,15553,0734-2,jApya,jāpya,15554,0734-2,jApanam,jāpanam
ap,heads,M-nasal/Hi-pos/Hf-drop/G-keep,isolated,0,12288,15565,0735-1,jAmbavam,jāmbavam,15566,0735-1,jAmbavat,jāmbavat
ap,heads,M-nasal/Hi-pos/Hf-drop/G-keep,isolated,0,12304,15581,0735-2,jAlam,jālam,15582,0736-1,jAlakam,jālakam
ap,heads,M-nasal/Hi-pos/Hf-drop/G-keep,isolated,0,12310,15587,0736-1,jAlinI,jālinī,15588,0736-1,jAlanDaraH,jālandharaḥ
ap,heads,M-nasal/Hi-pos/Hf-drop/G-keep,isolated,0,12319,15596,0736-2,jAham,jāham,15597,0736-2,jAhakaH,jāhakaḥ
ap,heads,M-nasal/Hi-pos/Hf-drop/G-keep,isolated,0,12323,15600,0736-2,ji,ji,15601,0736-2,jayaH,jayaḥ
ap,heads,M-nasal/Hi-pos/Hf-drop/G-keep,isolated,0,12333,15610,0737-2,jita,jita,15611,0737-2,jit,jit
ap,heads,M-nasal/Hi-pos/Hf-drop/G-keep,isolated,0,12340,15617,0737-2,jetf,jetṛ,15618,0737-2,jiH,jiḥ
ap,heads,M-nasal/Hi-pos/Hf-drop/G-keep,isolated,0,12358,15635,0738-1,jivri,jivri,15636,0738-1,jim,jim
ap,heads,M-nasal/Hi-pos/Hf-drop/G-keep,isolated,0,12361,15638,0738-1,jillikaH,jillikaḥ,15639,0738-1,jinv,jinv
ap,heads,M-nasal/Hi-pos/Hf-drop/G-keep,isolated,0,12363,15640,0738-2,jiz,jiṣ,15641,0738-2,jivAjivaH,jivājivaḥ
ap,heads,M-nasal/Hi-pos/Hf-drop/G-keep,isolated,0,12393,15694,0741-1,jUrya,jūrya,15695,0741-1,jul,jul
ap,heads,M-nasal/Hi-pos/Hf-drop/G-keep,isolated,0,12397,15699,0741-2,juzya,juṣya,15700,0741-2,juzwa,juṣṭa
ap,heads,M-nasal/Hi-pos/Hf-drop/G-keep,isolated,0,12400,15702,0741-2,jozaRam,joṣaṇam,15703,0741-2,juzkaH,juṣkaḥ
ap,heads,M-nasal/Hi-pos/Hf-drop/G-keep,isolated,0,12412,15715,0742-1,jUtiH,jūtiḥ,15716,0742-1,jUkaH,jūkaḥ
ap,heads,M-nasal/Hi-pos/Hf-drop/G-keep,isolated,0,12421,15732,0742-2,jF,jṝ,15733,0742-2,jAraka,jāraka
ap,heads,M-nasal/Hi-pos/Hf-drop/G-keep,isolated,0,12434,15758,0743-2,joNgam,joṅgam,15759,0743-2,joNgawaH,joṅgaṭaḥ
ap,heads,M-nasal/Hi-pos/Hf-drop/G-keep,isolated,0,12441,15765,0743-2,jozya,joṣya,15766,0743-2,jozA,joṣā
ap,heads,M-nasal/Hi-pos/Hf-drop/G-keep,isolated,0,12445,15769,0743-2,jYA,jñā,15770,0743-2,jYa,jña
ap,heads,M-nasal/Hi-pos/Hf-drop/G-keep,isolated,0,12453,15777,0744-1,jYAteyam,jñāteyam,15778,0744-1,jYAtf,jñātṛ
ap,heads,M-nasal/Hi-pos/Hf-drop/G-keep,isolated,0,12455,15779,0744-1,jYAnam,jñānam,15780,0744-2,jYAnataH,jñānataḥ
ap,heads,M-nasal/Hi-pos/Hf-drop/G-keep,isolated,0,12458,15782,0744-2,jYAnin,jñānin,15783,0744-2,jYAnitvam,jñānitvam
ap,heads,M-nasal/Hi-pos/Hf-drop/G-keep,isolated,0,12467,15791,0745-1,jyA,jyā,15792,0745-1,jIta,jīta
ap,heads,M-nasal/Hi-pos/Hf-drop/G-keep,isolated,0,12470,15794,0745-1,jyeya,jyeya,15795,0745-1,jyA,jyā
ap,heads,M-nasal/Hi-pos/Hf-drop/G-keep,isolated,0,12479,15803,0745-2,jyEzWyam,jyaiṣṭhyam,15804,0745-2,jyu,jyu
ap,heads,M-nasal/Hi-pos/Hf-drop/G-keep,isolated,1,12483,15818,0746-2,jyOtsna,jyautsna,15819,0746-2,jyOH,jyauḥ
ap,heads,M-nasal/Hi-pos/Hf-drop/G-keep,isolated,0,12512,15860,0748-1,JalaYJalA,jhalañjhalā,15861,0748-1,JalaYJalaH,jhalañjhalaḥ
ap,heads,M-nasal/Hi-pos/Hf-drop/G-keep,isolated,0,12517,15865,0748-1,Jallakam,jhallakam,15866,0748-1,JallakaRWaH,jhallakaṇṭhaḥ
ap,heads,M-nasal/Hi-pos/Hf-drop/G-keep,isolated,0,12543,15892,0748-2,JillI,jhillī,15893,0748-2,JillikaH,jhillikaḥ
ap,heads,M-nasal/Hi-pos/Hf-drop/G-keep,isolated,0,12552,15901,0748-2,JUziRI,jhūṣiṇī,15902,0748-2,JUz,jhūṣ
ap,heads,M-nasal/Hi-pos/Hf-drop/G-keep,isolated,0,12581,15941,0749-a2,wepanam,ṭepanam,15942,0749-a2,wippaRI,ṭippaṇī
ap,heads,M-nasal/Hi-pos/Hf-drop/G-keep,isolated,0,12625,15994,0751-2,qI,ḍī,15995,0751-2,qayanam,ḍayanam
ap,heads,M-nasal/Hi-pos/Hf-drop/G-keep,isolated,0,12647,16016,0752-2,QOlaH,ḍhaulaḥ,16017,0752-2,QOk,ḍhauk
ap,heads,M-nasal/Hi-pos/Hf-drop/G-keep,isolated,1,12653,16024,0752-b1,takAravipulA,takāravipulā,16025,0752-b1,taMs,taṃs
ap,heads,M-nasal/Hi-pos/Hf-drop/G-keep,isolated,0,12678,16060,0754-1,tAqyamAna,tāḍyamāna,16061,0754-1,taqagaH,taḍagaḥ
ap,heads,M-nasal/Hi-pos/Hf-drop/G-keep,isolated,0,12696,16082,0754-2,tatpraKyanyAyaH,tatprakhyanyāyaḥ,16083,0755-1,tattvam,tattvam
ap,heads,M-nasal/Hi-pos/Hf-drop/G-keep,isolated,0,12697,16083,0755-1,tattvam,tattvam,16084,0755-1,tattvataH,tattvataḥ
ap,heads,M-nasal/Hi-pos/Hf-drop/G-keep,isolated,1,12708,16094,0757-1,tadAnIm,tadānīm,16095,0757-1,tadAnIMtana,tadānīṃtana
ap,heads,M-nasal/Hi-pos/Hf-drop/G-keep,isolated,0,12713,16099,0757-1,tanmaya,tanmaya,16100,0757-1,tan,tan
ap,heads,M-nasal/Hi-pos/Hf-drop/G-keep,isolated,0,12714,16100,0757-1,tan,tan,16101,0757-2,tata,tata
ap,heads,M-nasal/Hi-pos/Hf-drop/G-keep,isolated,0,12733,16119,0758-2,tanUkf,tanūkṛ,16120,0758-2,tanUkaraRam,tanūkaraṇam
ap,heads,M-nasal/Hi-pos/Hf-drop/G-keep,isolated,0,12735,16121,0758-2,tanvI,tanvī,16122,0758-2,tantiH,tantiḥ
ap,heads,M-nasal/Hi-pos/Hf-drop/G-keep,isolated,0,12749,16145,0760-1,tanyutaH,tanyutaḥ,16146,0760-1,tanmaya,tanmaya
ap,heads,M-nasal/Hi-pos/Hf-drop/G-keep,isolated,0,12778,16174,0762-1,tApyam,tāpyam,16175,0762-1,tam,tam
ap,heads,M-nasal/Hi-pos/Hf-drop/G-keep,isolated,0,12780,16180,0762-1,tAnta,tānta,16181,0762-1,tamas,tamas
ap,heads,M-nasal/Hi-pos/Hf-drop/G-keep,isolated,0,12792,16192,0762-2,tamomaya,tamomaya,16193,0762-2,tama,tama
ap,heads,M-nasal/Hi-pos/Hf-drop/G-keep,isolated,0,12821,16223,0764-1,taruSa,taruśa,16224,0764-1,taruwaH,taruṭaḥ
ap,heads,M-nasal/Hi-pos/Hf-drop/G-keep,isolated,0,12837,16251,0765-1,tArRiH,tārṇiḥ,16252,0765-1,tard,tard
ap,heads,M-nasal/Hi-pos/Hf-drop/G-keep,isolated,0,12868,16312,0766-2,tAqajaH,tāḍajaḥ,16313,0766-2,tAqakA,tāḍakā
ap,heads,M-nasal/Hi-pos/Hf-drop/G-keep,isolated,0,12885,16329,0767-1,tAtparyam,tātparyam,16330,0767-2,tAtparyaka,tātparyaka
ap,heads,M-nasal/Hi-pos/Hf-drop/G-keep,isolated,0,12887,16331,0767-2,tAtparyataH,tātparyataḥ,16332,0767-2,tAttvika,tāttvika
ap,heads,M-nasal/Hi-pos/Hf-drop/G-keep,isolated,0,12909,16353,0768-1,tApIjam,tāpījam,16354,0768-1,tApI,tāpī
ap,heads,M-nasal/Hi-pos/Hf-drop/G-keep,isolated,0,12916,16360,0768-1,tAmisraH,tāmisraḥ,16361,0768-2,tAmiH,tāmiḥ
ap,heads,M-nasal/Hi-pos/Hf-drop/G-keep,isolated,0,12926,16370,0769-1,tAmriman,tāmriman,16371,0769-1,tAmrayam,tāmrayam
ap,heads,M-nasal/Hi-pos/Hf-drop/G-keep,isolated,0,12955,16403,0771-1,tAlI,tālī,16404,0771-1,tAlakam,tālakam
ap,heads,M-nasal/Hi-pos/Hf-drop/G-keep,isolated,0,12985,16433,0772-1,tejanam,tejanam,16434,0772-1,tijilaH,tijilaḥ
ap,heads,M-nasal/Hi-pos/Hf-drop/G-keep,isolated,0,12987,16435,0772-1,titOH,titauḥ,16436,0772-1,titikzA,titikṣā
ap,heads,M-nasal/Hi-pos/Hf-drop/G-keep,isolated,0,12993,16441,0772-2,tittirIka,tittirīka,16442,0772-2,titilam,titilam
ap,heads,M-nasal/Hi-pos/Hf-drop/G-keep,isolated,1,13005,16453,0772-2,timita,timita,16454,0772-2,timiH,timiḥ
ap,heads,M-nasal/Hi-pos/Hf-drop/G-keep,isolated,0,13018,16466,0773-1,tiraskf,tiraskṛ,16467,0773-1,tiraskara,tiraskara
ap,heads,M-nasal/Hi-pos/Hf-drop/G-keep,isolated,0,13025,16474,0773-2,tirohita,tirohita,16475,0773-2,tiroBU,tirobhū
ap,heads,M-nasal/Hi-pos/Hf-drop/G-keep,isolated,0,13026,16475,0773-2,tiroBU,tirobhū,16476,0773-2,tiroBAvaH,tirobhāvaḥ
ap,heads,M-nasal/Hi-pos/Hf-drop/G-keep,isolated,0,13027,16476,0773-2,tiroBAvaH,tirobhāvaḥ,16477,0773-2,tirasyati,tirasyati
ap,heads,M-nasal/Hi-pos/Hf-drop/G-keep,isolated,0,13030,16479,0773-2,tiryac,tiryac,16480,0774-1,tiryak,tiryak
ap,heads,M-nasal/Hi-pos/Hf-drop/G-keep,isolated,0,13032,16481,0774-1,tiryaktA,tiryaktā,16482,0774-1,tiraScI,tiraścī
ap,heads,M-nasal/Hi-pos/Hf-drop/G-keep,isolated,0,13044,16493,0775-1,tilvaH,tilvaḥ,16494,0775-1,tilitsaH,tilitsaḥ
ap,heads,M-nasal/Hi-pos/Hf-drop/G-keep,isolated,0,13082,16558,0778-1,todanam,todanam,16559,0778-1,tund,tund
ap,heads,M-nasal/Hi-pos/Hf-drop/G-keep,isolated,0,13092,16575,0778-1,tumbiH,tumbiḥ,16576,0778-1,tumbaruH,tumbaruḥ
ap,heads,M-nasal/Hi-pos/Hf-drop/G-keep,isolated,0,13099,16582,0778-2,turI,turī,16583,0778-2,turakin,turakin
ap,heads,M-nasal/Hi-pos/Hf-drop/G-keep,isolated,0,13112,16595,0779-1,turya,turya,16596,0779-1,turuzkAH,turuṣkāḥ
ap,heads,M-nasal/Hi-pos/Hf-drop/G-keep,isolated,0,13119,16608,0780-1,tolya,tolya,16609,0780-1,tulasAriRI,tulasāriṇī
ap,heads,M-nasal/Hi-pos/Hf-drop/G-keep,isolated,0,13134,16625,0780-2,tozin,toṣin,16626,0780-2,tuzaH,tuṣaḥ
ap,heads,M-nasal/Hi-pos/Hf-drop/G-keep,isolated,0,13169,16674,0782-1,tfRQa,tṛṇḍha,16675,0782-1,tfkz,tṛkṣ
ap,heads,M-nasal/Hi-pos/Hf-drop/G-keep,isolated,0,13174,16683,0782-2,tfRIkf,tṛṇīkṛ,16684,0782-2,tfRatA,tṛṇatā
ap,heads,M-nasal/Hi-pos/Hf-drop/G-keep,isolated,0,13182,16691,0783-1,tfd,tṛd,16692,0783-1,tfRRa,tṛṇṇa
ap,heads,M-nasal/Hi-pos/Hf-drop/G-keep,isolated,0,13184,16693,0783-1,tfp,tṛp,16694,0783-1,tarpaRa,tarpaṇa
ap,heads,M-nasal/Hi-pos/Hf-drop/G-keep,isolated,0,13193,16702,0783-1,tfpra,tṛpra,16703,0783-1,tfpataH,tṛpataḥ
ap,heads,M-nasal/Hi-pos/Hf-drop/G-keep,isolated,0,13199,16708,0783-2,tfz,tṛṣ,16709,0783-2,tarzaH,tarṣaḥ
ap,heads,M-nasal/Hi-pos/Hf-drop/G-keep,isolated,0,13210,16719,0783-2,tfzya,tṛṣya,16720,0783-2,tfzwa,tṛṣṭa
ap,heads,M-nasal/Hi-pos/Hf-drop/G-keep,isolated,0,13213,16722,0783-2,tF,tṝ,16723,0784-1,tara,tara
ap,heads,M-nasal/Hi-pos/Hf-drop/G-keep,isolated,0,13257,16774,0786-1,tElam,tailam,16775,0786-1,tElakam,tailakam
ap,heads,M-nasal/Hi-pos/Hf-drop/G-keep,isolated,0,13262,16779,0786-1,tElInam,tailīnam,16780,0786-1,tElaNgaH,tailaṅgaḥ
ap,heads,M-nasal/Hi-pos/Hf-drop/G-keep,isolated,0,13266,16783,0786-1,tokavat,tokavat,16784,0786-1,tokakaH,tokakaḥ
ap,heads,M-nasal/Hi-pos/Hf-drop/G-keep,isolated,0,13293,16811,0787-1,tyaj,tyaj,16812,0787-1,tyakta,tyakta
ap,heads,M-nasal/Hi-pos/Hf-drop/G-keep,isolated,0,13303,16821,0787-2,tyAjya,tyājya,16822,0787-2,tyad,tyad
ap,heads,M-nasal/Hi-pos/Hf-drop/G-keep,isolated,0,13320,16845,0788-2,trAsita,trāsita,16846,0788-2,trA,trā
ap,heads,M-nasal/Hi-pos/Hf-drop/G-keep,isolated,0,13326,16852,0792-2,triMSatkam,triṃśatkam,16853,0792-2,triMSatiH,triṃśatiḥ
ap,heads,M-nasal/Hi-pos/Hf-drop/G-keep,isolated,0,13333,16861,0793-1,trowiH,troṭiḥ,16862,0793-1,trup,trup
ap,heads,M-nasal/Hi-pos/Hf-drop/G-keep,isolated,0,13337,16865,0793-1,trE,trai,16866,0793-1,trARa,trāṇa
ap,heads,M-nasal/Hi-pos/Hf-drop/G-keep,isolated,0,13354,16882,0793-2,trErASikam,trairāśikam,16883,0793-2,trErASika,trairāśika
ap,heads,M-nasal/Hi-pos/Hf-drop/G-keep,isolated,0,13374,16903,0794-1,tvAzwra,tvāṣṭra,16904,0794-1,tvaMkAraH,tvaṃkāraḥ
ap,heads,M-nasal/Hi-pos/Hf-drop/G-keep,isolated,0,13378,16908,0794-2,tvacam,tvacam,16909,0794-2,tvacanam,tvacanam
ap,heads,M-nasal/Hi-pos/Hf-drop/G-keep,isolated,0,13384,16914,0794-2,tvAca,tvāca,16915,0794-2,tvaYc,tvañc
ap,heads,M-nasal/Hi-pos/Hf-drop/G-keep,isolated,0,13389,16919,0794-2,tvar,tvar,16920,0794-2,tUrRa,tūrṇa
ap,heads,M-nasal/Hi-pos/Hf-drop/G-keep,isolated,0,13400,16930,0795-1,tvAzwra,tvāṣṭra,16931,0795-2,tvAdfS,tvādṛś
ap,heads,M-nasal/Hi-pos/Hf-drop/G-keep,isolated,0,13411,16943,0795-a1,Toqanam,thoḍanam,16944,0795-a2,TutkAraH,thutkāraḥ
ap,heads,M-nasal/Hi-pos/Hf-drop/G-keep,isolated,0,13433,16965,0796-2,dazwa,daṣṭa,16966,0796-2,daMs,daṃs
ap,heads,M-nasal/Hi-pos/Hf-drop/G-keep,isolated,0,13464,17031,0801-2,daB,dabh,17032,0801-2,dabDiH,dabdhiḥ
ap,heads,M-nasal/Hi-pos/Hf-drop/G-keep,isolated,0,13470,17047,0802-2,dAntiH,dāntiḥ,17048,0802-2,damaH,damaḥ
ap,heads,M-nasal/Hi-pos/Hf-drop/G-keep,isolated,0,13490,17071,0803-2,daridrA,daridrā,17072,0803-2,daridra,daridra
ap,heads,M-nasal/Hi-pos/Hf-drop/G-keep,isolated,0,13519,17109,0805-1,daSan,daśan,17110,0805-2,daSaka,daśaka
ap,heads,M-nasal/Hi-pos/Hf-drop/G-keep,isolated,0,13527,17117,0806-1,daSin,daśin,17118,0806-1,daSana,daśana
ap,heads,M-nasal/Hi-pos/Hf-drop/G-keep,isolated,0,13541,17131,0806-2,dah,dah,17135,0806-2,dagDa,dagdha
ap,heads,M-nasal/Hi-pos/Hf-drop/G-keep,isolated,0,13549,17142,0807-1,dAhya,dāhya,17143,0807-1,dahara,dahara
ap,heads,M-nasal/Hi-pos/Hf-drop/G-keep,isolated,0,13552,17145,0807-1,dA,dā,17146,0807-2,datta,datta
ap,heads,M-nasal/Hi-pos/Hf-drop/G-keep,isolated,0,13556,17149,0808-1,datram,datram,17150,0808-1,dattrima,dattrima
ap,heads,M-nasal/Hi-pos/Hf-drop/G-keep,isolated,0,13567,17160,0808-2,dAnam,dānam,17161,0808-2,dAnakam,dānakam
ap,heads,M-nasal/Hi-pos/Hf-drop/G-keep,isolated,0,13577,17170,0809-1,deya,deya,17171,0809-1,dAkza,dākṣa
ap,heads,M-nasal/Hi-pos/Hf-drop/G-keep,isolated,0,13591,17184,0809-2,dAkzyam,dākṣyam,17185,0809-2,dAkzikanTA,dākṣikanthā
ap,heads,M-nasal/Hi-pos/Hf-drop/G-keep,isolated,0,13602,17195,0809-2,dARqikaH,dāṇḍikaḥ,17196,0809-2,dAka,dāka
ap,heads,M-nasal/Hi-pos/Hf-drop/G-keep,isolated,0,13609,17206,0810-1,dAmam,dāmam,17207,0810-1,dAman,dāman
ap,heads,M-nasal/Hi-pos/Hf-drop/G-keep,isolated,0,13623,17220,0810-2,dArikA,dārikā,17221,0810-2,dArava,dārava
ap,heads,M-nasal/Hi-pos/Hf-drop/G-keep,isolated,0,13628,17225,0811-1,dArI,dārī,17226,0811-1,dAradaH,dāradaḥ
ap,heads,M-nasal/Hi-pos/Hf-drop/G-keep,isolated,0,13648,17245,0811-2,dAlam,dālam,17246,0811-2,dAlanam,dālanam
ap,heads,M-nasal/Hi-pos/Hf-drop/G-keep,isolated,0,13658,17255,0812-1,dASeyaH,dāśeyaḥ,17256,0812-1,dASatayI,dāśatayī
ap,heads,M-nasal/Hi-pos/Hf-drop/G-keep,isolated,0,13691,17298,0813-2,divam,divam,17299,0814-1,divan,divan
ap,heads,M-nasal/Hi-pos/Hf-drop/G-keep,isolated,0,13707,17315,0816-1,deSanA,deśanā,17316,0816-1,dizRuH,diṣṇuḥ
ap,heads,M-nasal/Hi-pos/Hf-drop/G-keep,isolated,0,13709,17317,0816-1,dih,dih,17319,0816-1,digDa,digdha
ap,heads,M-nasal/Hi-pos/Hf-drop/G-keep,isolated,0,13716,17325,0816-2,dInatA,dīnatā,17326,0816-2,dIkz,dīkṣ
ap,heads,M-nasal/Hi-pos/Hf-drop/G-keep,isolated,0,13726,17356,0818-2,dIrGIBU,dīrghībhū,17357,0819-1,dIrGikA,dīrghikā
ap,heads,M-nasal/Hi-pos/Hf-drop/G-keep,isolated,0,13731,17361,0819-1,dUna,dūna,17362,0819-1,duHK,duḥkh
ap,heads,M-nasal/Hi-pos/Hf-drop/G-keep,isolated,0,13739,17376,0819-2,dundamaH,dundamaḥ,17377,0819-2,duD,dudh
ap,heads,M-nasal/Hi-pos/Hf-drop/G-keep,isolated,0,13755,17396,0824-2,duvasyati,duvasyati,17397,0824-2,duvasana,duvasana
ap,heads,M-nasal/Hi-pos/Hf-drop/G-keep,isolated,0,13775,17418,0825-2,dozin,doṣin,17419,0825-2,duzWu,duṣṭhu
ap,heads,M-nasal/Hi-pos/Hf-drop/G-keep,isolated,0,13779,17422,0827-1,duh,duh,17423,0827-1,dugDa,dugdha
ap,heads,M-nasal/Hi-pos/Hf-drop/G-keep,isolated,0,13789,17432,0827-2,dohya,dohya,17433,0827-2,duhitf,duhitṛ
ap,heads,M-nasal/Hi-pos/Hf-drop/G-keep,isolated,1,13796,17457,0829-1,dfP,dṛph,17458,0829-1,dfMh,dṛṃh
ap,heads,M-nasal/Hi-pos/Hf-drop/G-keep,isolated,0,13804,17465,0829-2,dfQIkf,dṛḍhīkṛ,17466,0829-2,dfQIkaraRam,dṛḍhīkaraṇam
ap,heads,M-nasal/Hi-pos/Hf-drop/G-keep,isolated,0,13810,17471,0830-1,dfp,dṛp,17472,0830-1,darpa,darpa
ap,heads,M-nasal/Hi-pos/Hf-drop/G-keep,isolated,0,13817,17478,0830-1,dfB,dṛbh,17479,0830-1,dfbDa,dṛbdha
ap,heads,M-nasal/Hi-pos/Hf-drop/G-keep,isolated,0,13822,17483,0830-1,dfS,dṛś,17485,0830-2,darSa,darśa
ap,heads,M-nasal/Hi-pos/Hf-drop/G-keep,isolated,0,13844,17506,0832-2,dfzwin,dṛṣṭin,17507,0832-2,dfSad,dṛśad
ap,heads,M-nasal/Hi-pos/Hf-drop/G-keep,isolated,0,13849,17511,0832-2,dF,dṝ,17512,0833-1,dIrRa,dīrṇa
ap,heads,M-nasal/Hi-pos/Hf-drop/G-keep,isolated,0,13870,17561,0837-2,dehin,dehin,17562,0837-2,dehalA,dehalā
ap,heads,M-nasal/Hi-pos/Hf-drop/G-keep,isolated,0,13885,17628,0840-2,dOrgrahaH,daurgrahaḥ,17629,0840-2,dOrgyam,daurgyam
ap,heads,M-nasal/Hi-pos/Hf-drop/G-keep,isolated,0,13928,17673,0841-2,dyotanikA,dyotanikā,17674,0841-2,dyotani,dyotani
ap,heads,M-nasal/Hi-pos/Hf-drop/G-keep,isolated,0,13932,17677,0841-2,dyotis,dyotis,17678,0841-2,dyumat,dyumat
ap,heads,M-nasal/Hi-pos/Hf-drop/G-keep,isolated,0,13959,17706,0843-1,dravyam,dravyam,17707,0843-2,dravyakaH,dravyakaḥ
ap,heads,M-nasal/Hi-pos/Hf-drop/G-keep,isolated,0,13980,17734,0844-1,drAvya,drāvya,17735,0844-1,drAviqaH,drāviḍaḥ
ap,heads,M-nasal/Hi-pos/Hf-drop/G-keep,isolated,0,13986,17741,0844-2,drutiH,drutiḥ,17742,0844-2,dru,dru
ap,heads,M-nasal/Hi-pos/Hf-drop/G-keep,isolated,0,13988,17743,0844-2,druta,druta,17744,0844-2,druq,druḍ
ap,heads,M-nasal/Hi-pos/Hf-drop/G-keep,isolated,0,13995,17753,0845-1,druh,druh,17755,0845-1,drugDa,drugdha
ap,heads,M-nasal/Hi-pos/Hf-drop/G-keep,isolated,0,14001,17760,0845-1,drohin,drohin,17761,0845-2,druhaH,druhaḥ
ap,heads,M-nasal/Hi-pos/Hf-drop/G-keep,isolated,0,14033,17794,0847-1,dvAram,dvāram,17795,0847-2,dvArakA,dvārakā
ap,heads,M-nasal/Hi-pos/Hf-drop/G-keep,isolated,0,14042,17803,0849-2,dvitIyAkf,dvitīyākṛ,17804,0849-2,dvitIyaka,dvitīyaka
ap,heads,M-nasal/Hi-pos/Hf-drop/G-keep,isolated,0,14045,17806,0849-2,dvitIyin,dvitīyin,17807,0849-2,dvitIyavat,dvitīyavat
ap,heads,M-nasal/Hi-pos/Hf-drop/G-keep,isolated,0,14051,17812,0850-1,dvis,dvis,17813,0850-1,dviz,dviṣ
ap,heads,M-nasal/Hi-pos/Hf-drop/G-keep,isolated,0,14060,17822,0850-1,dvezya,dveṣya,17823,0850-2,dvIpaH,dvīpaḥ
ap,heads,M-nasal/Hi-pos/Hf-drop/G-keep,isolated,0,14074,17836,0851-1,dvEDIkf,dvaidhīkṛ,17837,0851-1,dvEDIkaraRam,dvaidhīkaraṇam
ap,heads,M-nasal/Hi-pos/Hf-drop/G-keep,isolated,0,14077,17839,0851-1,dvEDIBU,dvaidhībhū,17840,0851-1,dvEDIBAvaH,dvaidhībhāvaḥ
ap,heads,M-nasal/Hi-pos/Hf-drop/G-keep,isolated,0,14105,17867,0852-1,Danam,dhanam,17868,0852-2,DanakaH,dhanakaḥ
ap,heads,M-nasal/Hi-pos/Hf-drop/G-keep,isolated,0,14115,17877,0853-1,DanIyatI,dhanīyatī,17878,0853-1,DanASrI,dhanāśrī
ap,heads,M-nasal/Hi-pos/Hf-drop/G-keep,isolated,0,14119,17881,0853-1,Danus,dhanus,17882,0853-1,Danuzmat,dhanuṣmat
ap,heads,M-nasal/Hi-pos/Hf-drop/G-keep,isolated,0,14125,17887,0853-2,Danvam,dhanvam,17888,0853-2,Danvan,dhanvan
ap,heads,M-nasal/Hi-pos/Hf-drop/G-keep,isolated,0,14175,18007,0862-1,Dita,dhita,18008,0862-1,Dik,dhik
ap,heads,M-nasal/Hi-pos/Hf-drop/G-keep,isolated,0,14177,18009,0862-1,Dikkf,dhikkṛ,18010,0862-1,DikkAraH,dhikkāraḥ
ap,heads,M-nasal/Hi-pos/Hf-drop/G-keep,isolated,0,14182,18014,0862-1,Dipsu,dhipsu,18015,0862-1,Dinv,dhinv
ap,heads,M-nasal/Hi-pos/Hf-drop/G-keep,isolated,0,14204,18054,0864-1,Duvitram,dhuvitram,18055,0864-1,DuvanaH,dhuvanaḥ
ap,heads,M-nasal/Hi-pos/Hf-drop/G-keep,isolated,0,14217,18098,0866-1,Df,dhṛ,18099,0866-1,DArayaH,dhārayaḥ
ap,heads,M-nasal/Hi-pos/Hf-drop/G-keep,isolated,1,14224,18105,0867-1,DftiMbanD,dhṛtiṃbandh,18106,0867-1,Dftimat,dhṛtimat
ap,heads,M-nasal/Hi-pos/Hf-drop/G-keep,isolated,0,14227,18108,0867-1,DftvarI,dhṛtvarī,18109,0867-1,Dfj,dhṛj
ap,heads,M-nasal/Hi-pos/Hf-drop/G-keep,isolated,0,14250,18138,0868-2,DOteyam,dhauteyam,18139,0868-2,DOtari,dhautari
ap,heads,M-nasal/Hi-pos/Hf-drop/G-keep,isolated,0,14265,18158,0869-1,DyE,dhyai,18159,0869-1,DyA,dhyā
ap,heads,M-nasal/Hi-pos/Hf-drop/G-keep,isolated,0,14275,18169,0869-1,DrAjiH,dhrājiḥ,18170,0869-1,DraR,dhraṇ
ap,heads,M-nasal/Hi-pos/Hf-drop/G-keep,isolated,0,14290,18195,0870-2,DvastiH,dhvastiḥ,18196,0870-2,Dvaj,dhvaj
ap,heads,M-nasal/Hi-pos/Hf-drop/G-keep,isolated,0,14294,18208,0871-2,DvAnaH,dhvānaḥ,18209,0871-2,Dvasta,dhvasta
ap,heads,M-nasal/Hi-pos/Hf-drop/G-keep,isolated,0,14295,18209,0871-2,Dvasta,dhvasta,18210,0871-2,Dvasira,dhvasira
ap,heads,M-nasal/Hi-pos/Hf-drop/G-keep,isolated,0,14308,18222,0872-2,naktam,naktam,18223,0872-2,naktan,naktan
ap,heads,M-nasal/Hi-pos/Hf-drop/G-keep,isolated,0,14309,18223,0872-2,naktan,naktan,18224,0872-2,naktakaH,naktakaḥ
ap,heads,M-nasal/Hi-pos/Hf-drop/G-keep,isolated,0,14324,18247,0874-1,naj,naj,18248,0874-1,nagna,nagna
ap,heads,M-nasal/Hi-pos/Hf-drop/G-keep,isolated,1,14329,18252,0874-1,nagnaMBavizRu,nagnaṃbhaviṣṇu,18253,0874-1,nagnamuzitapraKya,nagnamuṣitaprakhya
ap,heads,M-nasal/Hi-pos/Hf-drop/G-keep,isolated,0,14349,18273,0875-1,naqvABUH,naḍvābhūḥ,18274,0875-1,naqaha,naḍaha
ap,heads,M-nasal/Hi-pos/Hf-drop/G-keep,isolated,0,14375,18324,0878-1,naBya,nabhya,18325,0878-1,naBAkaH,nabhākaḥ
ap,heads,M-nasal/Hi-pos/Hf-drop/G-keep,isolated,0,14386,18355,0880-1,narya,narya,18356,0880-1,narakaH,narakaḥ
ap,heads,M-nasal/Hi-pos/Hf-drop/G-keep,isolated,0,14390,18359,0880-2,narizyantaH,nariṣyantaḥ,18360,0880-2,narizWA,nariṣṭhā
ap,heads,M-nasal/Hi-pos/Hf-drop/G-keep,isolated,0,14407,18382,0881-1,narmAyitam,narmāyitam,18383,0881-1,narmarA,narmarā
ap,heads,M-nasal/Hi-pos/Hf-drop/G-keep,isolated,0,14416,18399,0882-1,navIBAvaH,navībhāvaḥ,18400,0882-1,navan,navan
ap,heads,M-nasal/Hi-pos/Hf-drop/G-keep,isolated,0,14417,18400,0882-1,navan,navan,18401,0882-2,navaka,navaka
ap,heads,M-nasal/Hi-pos/Hf-drop/G-keep,isolated,0,14429,18413,0883-2,nazwiH,naṣṭiḥ,18414,0883-2,naSAkaH,naśākaḥ
ap,heads,M-nasal/Hi-pos/Hf-drop/G-keep,isolated,0,14434,18419,0883-2,nastas,nastas,18420,0883-2,nastakam,nastakam
ap,heads,M-nasal/Hi-pos/Hf-drop/G-keep,isolated,0,14447,18436,0885-1,nAgin,nāgin,18437,0885-1,nAgara,nāgara
ap,heads,M-nasal/Hi-pos/Hf-drop/G-keep,isolated,0,14451,18440,0885-2,nAgareyaka,nāgareyaka,18441,0885-2,nAgarIwaH,nāgarīṭaḥ
ap,heads,M-nasal/Hi-pos/Hf-drop/G-keep,isolated,0,14471,18460,0886-2,nAqIkA,nāḍīkā,18461,0886-2,nAqikelaH,nāḍikelaḥ
ap,heads,M-nasal/Hi-pos/Hf-drop/G-keep,isolated,0,14502,18494,0887-2,nABAgaH,nābhāgaḥ,18495,0887-2,nABasa,nābhasa
ap,heads,M-nasal/Hi-pos/Hf-drop/G-keep,isolated,0,14509,18501,0888-1,nABya,nābhya,18502,0888-1,nABogaH,nābhogaḥ
ap,heads,M-nasal/Hi-pos/Hf-drop/G-keep,isolated,0,14512,18504,0888-2,nAman,nāman,18505,0889-1,nAmaka,nāmaka
ap,heads,M-nasal/Hi-pos/Hf-drop/G-keep,isolated,1,14517,18509,0889-1,nAmika,nāmika,18510,0889-1,nAmiH,nāmiḥ
ap,heads,M-nasal/Hi-pos/Hf-drop/G-keep,isolated,0,14550,18542,0890-2,nAlIkinI,nālīkinī,18543,0890-2,nAlandaH,nālandaḥ
ap,heads,M-nasal/Hi-pos/Hf-drop/G-keep,isolated,0,14556,18548,0890-2,nAvya,nāvya,18549,0890-2,nAvanam,nāvanam
ap,heads,M-nasal/Hi-pos/Hf-drop/G-keep,isolated,0,14598,18605,0892-2,niHsf,niḥsṛ,18606,0892-2,niHsaraRam,niḥsaraṇam
ap,heads,M-nasal/Hi-pos/Hf-drop/G-keep,isolated,0,14607,18614,0892-2,niHsvana,niḥsvana,18615,0892-2,niHsravaH,niḥsravaḥ
ap,heads,M-nasal/Hi-pos/Hf-drop/G-keep,isolated,0,14613,18620,0893-1,nikAmanam,nikāmanam,18621,0893-1,nikaraH,nikaraḥ
ap,heads,M-nasal/Hi-pos/Hf-drop/G-keep,isolated,0,14632,18639,0893-2,nikf,nikṛ,18640,0893-2,nikAraH,nikāraḥ
ap,heads,M-nasal/Hi-pos/Hf-drop/G-keep,isolated,0,14637,18644,0894-1,nikftin,nikṛtin,18645,0894-1,nikft,nikṛt
ap,heads,M-nasal/Hi-pos/Hf-drop/G-keep,isolated,0,14638,18645,0894-1,nikft,nikṛt,18646,0894-1,nikartanam,nikartanam
ap,heads,M-nasal/Hi-pos/Hf-drop/G-keep,isolated,0,14641,18648,0894-1,nikfz,nikṛṣ,18649,0894-1,nikarzaRam,nikarṣaṇam
ap,heads,M-nasal/Hi-pos/Hf-drop/G-keep,isolated,0,14656,18666,0894-2,nikzeptf,nikṣeptṛ,18667,0894-2,nikzuBA,nikṣubhā
ap,heads,M-nasal/Hi-pos/Hf-drop/G-keep,isolated,0,14659,18670,0894-2,niKAta,nikhāta,18671,0895-1,niKarva,nikharva
ap,heads,M-nasal/Hi-pos/Hf-drop/G-keep,isolated,0,14668,18681,0895-1,nigAdaH,nigādaḥ,18682,0895-1,nigam,nigam
ap,heads,M-nasal/Hi-pos/Hf-drop/G-keep,isolated,0,14674,18691,0895-2,nigF,nigṝ,18692,0895-2,nigaraH,nigaraḥ
ap,heads,M-nasal/Hi-pos/Hf-drop/G-keep,isolated,0,14685,18702,0896-1,nigrah,nigrah,18703,0896-1,nigfhIta,nigṛhīta
ap,heads,M-nasal/Hi-pos/Hf-drop/G-keep,isolated,0,14698,18715,0896-2,niGfz,nighṛṣ,18716,0896-2,niGarzaH,nigharṣaḥ
ap,heads,M-nasal/Hi-pos/Hf-drop/G-keep,isolated,0,14704,18721,0896-2,nici,nici,18722,0896-2,nicayaH,nicayaḥ
ap,heads,M-nasal/Hi-pos/Hf-drop/G-keep,isolated,0,14708,18725,0897-1,nicita,nicita,18726,0897-1,nicikI,nicikī
ap,heads,M-nasal/Hi-pos/Hf-drop/G-keep,isolated,0,14719,18736,0897-1,nij,nij,18737,0897-1,nikta,nikta
ap,heads,M-nasal/Hi-pos/Hf-drop/G-keep,isolated,0,14749,18767,0899-1,nideSin,nideśin,18768,0899-1,nidfS,nidṛś
ap,heads,M-nasal/Hi-pos/Hf-drop/G-keep,isolated,0,14750,18768,0899-1,nidfS,nidṛś,18769,0899-1,nidarSaka,nidarśaka
ap,heads,M-nasal/Hi-pos/Hf-drop/G-keep,isolated,0,14765,18785,0899-2,niDyE,nidhyai,18786,0900-1,nidiDyAsaH,nididhyāsaḥ
ap,heads,M-nasal/Hi-pos/Hf-drop/G-keep,isolated,0,14773,18794,0900-1,ninAdin,ninādin,18795,0900-1,ninayanam,ninayanam
ap,heads,M-nasal/Hi-pos/Hf-drop/G-keep,isolated,0,14777,18799,0900-1,ninI,ninī,18800,0900-1,ninayanam,ninayanam
ap,heads,M-nasal/Hi-pos/Hf-drop/G-keep,isolated,0,14789,18819,0901-1,nipAtin,nipātin,18820,0901-1,nipalASam,nipalāśam
ap,heads,M-nasal/Hi-pos/Hf-drop/G-keep,isolated,0,14793,18824,0901-1,nipItiH,nipītiḥ,18825,0901-1,nipAkaH,nipākaḥ
ap,heads,M-nasal/Hi-pos/Hf-drop/G-keep,isolated,0,14801,18834,0901-2,nibanD,nibandh,18835,0901-2,nibadDa,nibaddha
ap,heads,M-nasal/Hi-pos/Hf-drop/G-keep,isolated,0,14825,18859,0902-2,nimasj,nimasj,18860,0903-1,nimagna,nimagna
ap,heads,M-nasal/Hi-pos/Hf-drop/G-keep,isolated,0,14832,18867,0903-1,nimittam,nimittam,18868,0903-1,nimittakam,nimittakam
ap,heads,M-nasal/Hi-pos/Hf-drop/G-keep,isolated,0,14840,18876,0903-2,nimezaRam,nimeṣaṇam,18877,0903-2,nimIl,nimīl
ap,heads,M-nasal/Hi-pos/Hf-drop/G-keep,isolated,0,14851,18893,0904-1,niyam,niyam,18894,0904-2,niyata,niyata
ap,heads,M-nasal/Hi-pos/Hf-drop/G-keep,isolated,0,14861,18903,0905-1,niyAmakatA,niyāmakatā,18904,0905-1,niyavaH,niyavaḥ
ap,heads,M-nasal/Hi-pos/Hf-drop/G-keep,isolated,0,14863,18905,0905-1,niyAnam,niyānam,18906,0905-1,niyAtana,niyātana
ap,heads,M-nasal/Hi-pos/Hf-drop/G-keep,isolated,0,14865,18907,0905-1,niyuj,niyuj,18908,0905-2,niyukta,niyukta
ap,heads,M-nasal/Hi-pos/Hf-drop/G-keep,isolated,0,14875,18917,0906-1,niyojyaH,niyojyaḥ,18918,0906-1,niyut,niyut
ap,heads,M-nasal/Hi-pos/Hf-drop/G-keep,isolated,0,14882,18925,0911-2,niram,niram,18926,0911-2,nirata,nirata
ap,heads,M-nasal/Hi-pos/Hf-drop/G-keep,isolated,0,14888,18933,0912-1,nirAsaH,nirāsaḥ,18934,0912-1,nirasa,nirasa
ap,heads,M-nasal/Hi-pos/Hf-drop/G-keep,isolated,0,14892,18937,0912-1,nirAkf,nirākṛ,18938,0912-1,nirAkaraRam,nirākaraṇam
ap,heads,M-nasal/Hi-pos/Hf-drop/G-keep,isolated,0,14901,18946,0912-2,nirAsaH,nirāsaḥ,18947,0912-2,nirAmAluH,nirāmāluḥ
ap,heads,M-nasal/Hi-pos/Hf-drop/G-keep,isolated,0,14909,18956,0913-1,niruD,nirudh,18957,0913-1,nirudDa,niruddha
ap,heads,M-nasal/Hi-pos/Hf-drop/G-keep,isolated,0,14911,18958,0913-1,niroDaH,nirodhaḥ,18959,0913-1,nirUQa,nirūḍha
ap,heads,M-nasal/Hi-pos/Hf-drop/G-keep,isolated,1,14920,18975,0914-1,nirgam,nirgam,18976,0914-1,nirgaH,nirgaḥ
ap,heads,M-nasal/Hi-pos/Hf-drop/G-keep,isolated,0,14926,18981,0914-1,nirgrAhya,nirgrāhya,18982,0914-1,nirgUQaH,nirgūḍhaḥ
ap,heads,M-nasal/Hi-pos/Hf-drop/G-keep,isolated,0,14930,18985,0914-1,nirGarzaRam,nirgharṣaṇam,18986,0914-1,nirGarzaRaka,nirgharṣaṇaka
ap,heads,M-nasal/Hi-pos/Hf-drop/G-keep,isolated,0,14938,18993,0914-2,nirji,nirji,18994,0914-2,nirjayaH,nirjayaḥ
ap,heads,M-nasal/Hi-pos/Hf-drop/G-keep,isolated,0,14942,18997,0914-2,nirJarin,nirjharin,18998,0914-2,nirJariRI,nirjhariṇī
ap,heads,M-nasal/Hi-pos/Hf-drop/G-keep,isolated,0,14947,19002,0914-2,nirRij,nirṇij,19003,0914-2,nirRikta,nirṇikta
ap,heads,M-nasal/Hi-pos/Hf-drop/G-keep,isolated,0,14953,19008,0915-1,nirRejanam,nirṇejanam,19009,0915-1,nirRI,nirṇī
ap,heads,M-nasal/Hi-pos/Hf-drop/G-keep,isolated,0,14954,19009,0915-1,nirRI,nirṇī,19010,0915-1,nirRayaH,nirṇayaḥ
ap,heads,M-nasal/Hi-pos/Hf-drop/G-keep,isolated,0,14960,19015,0915-1,nirRetf,nirṇetṛ,19016,0915-1,nirRud,nirṇud
ap,heads,M-nasal/Hi-pos/Hf-drop/G-keep,isolated,0,14966,19021,0915-1,nirdah,nirdah,19022,0915-1,nirdagDa,nirdagdha
ap,heads,M-nasal/Hi-pos/Hf-drop/G-keep,isolated,0,14980,19035,0915-2,nirDOta,nirdhauta,19036,0915-2,nirDU,nirdhū
ap,heads,M-nasal/Hi-pos/Hf-drop/G-keep,isolated,0,14982,19039,0916-1,nirDf,nirdhṛ,19040,0916-1,nirDAraH,nirdhāraḥ
ap,heads,M-nasal/Hi-pos/Hf-drop/G-keep,isolated,0,14987,19044,0916-1,nirbanD,nirbandh,19045,0916-1,nirbadDa,nirbaddha
ap,heads,M-nasal/Hi-pos/Hf-drop/G-keep,isolated,0,14999,19059,0916-2,nirBedya,nirbhedya,19060,0916-2,nirBugna,nirbhugna
ap,heads,M-nasal/Hi-pos/Hf-drop/G-keep,isolated,0,15002,19062,0916-2,nirmanT,nirmanth,19063,0916-2,nirmaTaH,nirmathaḥ
ap,heads,M-nasal/Hi-pos/Hf-drop/G-keep,isolated,0,15005,19065,0916-2,nirmATin,nirmāthin,19066,0917-1,nirmA,nirmā
ap,heads,M-nasal/Hi-pos/Hf-drop/G-keep,isolated,0,15009,19070,0917-1,nirmitiH,nirmitiḥ,19071,0917-1,nirmAlya,nirmālya
ap,heads,M-nasal/Hi-pos/Hf-drop/G-keep,isolated,0,15011,19072,0917-1,nirmuc,nirmuc,19073,0917-1,nirmukta,nirmukta
ap,heads,M-nasal/Hi-pos/Hf-drop/G-keep,isolated,0,15017,19078,0917-2,nirmocanam,nirmocanam,19079,0917-2,nirmUl,nirmūl
ap,heads,M-nasal/Hi-pos/Hf-drop/G-keep,isolated,0,15019,19081,0917-2,nirmfj,nirmṛj,19082,0917-2,nirmArjanam,nirmārjanam
ap,heads,M-nasal/Hi-pos/Hf-drop/G-keep,isolated,0,15023,19086,0917-2,niryAtita,niryātita,19087,0917-2,niryAtanam,niryātanam
ap,heads,M-nasal/Hi-pos/Hf-drop/G-keep,isolated,0,15024,19087,0917-2,niryAtanam,niryātanam,19088,0917-2,niryA,niryā
ap,heads,M-nasal/Hi-pos/Hf-drop/G-keep,isolated,0,15036,19110,0918-2,nirvApaH,nirvāpaḥ,19111,0918-2,nirvayanI,nirvayanī
ap,heads,M-nasal/Hi-pos/Hf-drop/G-keep,isolated,0,15042,19117,0918-2,nirvAsya,nirvāsya,19118,0918-2,nirvah,nirvah
ap,heads,M-nasal/Hi-pos/Hf-drop/G-keep,isolated,0,15044,19120,0919-1,nirvAhitf,nirvāhitṛ,19121,0919-1,nirvAhaH,nirvāhaḥ
ap,heads,M-nasal/Hi-pos/Hf-drop/G-keep,isolated,0,15047,19123,0919-1,nirvAhin,nirvāhin,19124,0919-1,nirvA,nirvā
ap,heads,M-nasal/Hi-pos/Hf-drop/G-keep,isolated,0,15049,19131,0919-2,nirvid,nirvid,19132,0919-2,nirviRRa,nirviṇṇa
ap,heads,M-nasal/Hi-pos/Hf-drop/G-keep,isolated,0,15051,19133,0919-2,nirvedaH,nirvedaḥ,19134,0919-2,nirviS,nirviś
ap,heads,M-nasal/Hi-pos/Hf-drop/G-keep,isolated,0,15054,19136,0920-1,nirveSaH,nirveśaḥ,19137,0920-1,nirvf,nirvṛ
ap,heads,M-nasal/Hi-pos/Hf-drop/G-keep,isolated,0,15055,19137,0920-1,nirvf,nirvṛ,19138,0920-1,nirvArita,nirvārita
ap,heads,M-nasal/Hi-pos/Hf-drop/G-keep,isolated,0,15058,19140,0920-1,nirvftiH,nirvṛtiḥ,19141,0920-1,nirvft,nirvṛt
ap,heads,M-nasal/Hi-pos/Hf-drop/G-keep,isolated,0,15059,19141,0920-1,nirvft,nirvṛt,19142,0920-1,nirvartaka,nirvartaka
ap,heads,M-nasal/Hi-pos/Hf-drop/G-keep,isolated,0,15068,19150,0920-2,nirvyaD,nirvyadh,19151,0920-2,nirvidDa,nirviddha
ap,heads,M-nasal/Hi-pos/Hf-drop/G-keep,isolated,0,15076,19158,0920-2,nirhf,nirhṛ,19159,0921-1,nirharaRam,nirharaṇam
ap,heads,M-nasal/Hi-pos/Hf-drop/G-keep,isolated,0,15084,19168,0921-1,nilI,nilī,19169,0921-1,nilayaH,nilayaḥ
ap,heads,M-nasal/Hi-pos/Hf-drop/G-keep,isolated,0,15093,19178,0921-2,nivApakaH,nivāpakaḥ,19179,0921-2,nivara,nivara
ap,heads,M-nasal/Hi-pos/Hf-drop/G-keep,isolated,0,15102,19187,0922-1,nivAsin,nivāsin,19188,0922-1,nivah,nivah
ap,heads,M-nasal/Hi-pos/Hf-drop/G-keep,isolated,0,15104,19190,0922-1,nivAta,nivāta,19191,0922-1,nivAku,nivāku
ap,heads,M-nasal/Hi-pos/Hf-drop/G-keep,isolated,0,15113,19200,0922-2,nivedyam,nivedyam,19201,0922-2,nivirISa,nivirīśa
ap,heads,M-nasal/Hi-pos/Hf-drop/G-keep,isolated,0,15119,19206,0923-1,niveSanam,niveśanam,19207,0923-1,niviSeza,niviśeṣa
ap,heads,M-nasal/Hi-pos/Hf-drop/G-keep,isolated,0,15123,19210,0923-1,nivf,nivṛ,19211,0923-1,nivAraH,nivāraḥ
ap,heads,M-nasal/Hi-pos/Hf-drop/G-keep,isolated,0,15127,19214,0923-2,nivftiH,nivṛtiḥ,19215,0923-2,nivft,nivṛt
ap,heads,M-nasal/Hi-pos/Hf-drop/G-keep,isolated,0,15128,19215,0923-2,nivft,nivṛt,19216,0923-2,nivartaka,nivartaka
ap,heads,M-nasal/Hi-pos/Hf-drop/G-keep,isolated,0,15147,19236,0924-2,niSAmita,niśāmita,19237,0924-2,niSaraRam,niśaraṇam
ap,heads,M-nasal/Hi-pos/Hf-drop/G-keep,isolated,0,15153,19242,0925-1,niSitiH,niśitiḥ,19243,0925-1,niSAdaH,niśādaḥ
ap,heads,M-nasal/Hi-pos/Hf-drop/G-keep,isolated,0,15163,19252,0925-1,niScala,niścala,19253,0925-1,niScar,niścar
ap,heads,M-nasal/Hi-pos/Hf-drop/G-keep,isolated,0,15165,19254,0925-1,niScArakam,niścārakam,19255,0925-1,niScavanaH,niścavanaḥ
ap,heads,M-nasal/Hi-pos/Hf-drop/G-keep,isolated,0,15167,19256,0925-1,niSci,niści,19257,0925-1,niScayaH,niścayaḥ
ap,heads,M-nasal/Hi-pos/Hf-drop/G-keep,isolated,0,15180,19269,0925-2,nizaYj,niṣañj,19270,0925-2,nizaNgaH,niṣaṅgaḥ
ap,heads,M-nasal/Hi-pos/Hf-drop/G-keep,isolated,0,15184,19273,0925-2,nizad,niṣad,19275,0926-1,nizaRRa,niṣaṇṇa
ap,heads,M-nasal/Hi-pos/Hf-drop/G-keep,isolated,0,15192,19282,0926-1,nizAdin,niṣādin,19283,0926-1,nizaDa,niṣadha
ap,heads,M-nasal/Hi-pos/Hf-drop/G-keep,isolated,0,15195,19285,0926-1,nizic,niṣic,19286,0926-2,nizikta,niṣikta
ap,heads,M-nasal/Hi-pos/Hf-drop/G-keep,isolated,0,15199,19289,0926-2,nizecanam,niṣecanam,19290,0926-2,niziD,niṣidh
ap,heads,M-nasal/Hi-pos/Hf-drop/G-keep,isolated,0,15200,19290,0926-2,niziD,niṣidh,19291,0926-2,nizidDa,niṣiddha
ap,heads,M-nasal/Hi-pos/Hf-drop/G-keep,isolated,0,15204,19294,0926-2,nizeDin,niṣedhin,19295,0926-2,nizUd,niṣūd
ap,heads,M-nasal/Hi-pos/Hf-drop/G-keep,isolated,0,15209,19305,0927-1,nizkAlanam,niṣkālanam,19306,0927-1,nizkas,niṣkas
ap,heads,M-nasal/Hi-pos/Hf-drop/G-keep,isolated,0,15219,19316,0927-2,nizkozaRakam,niṣkoṣaṇakam,19317,0927-2,nizkuhaH,niṣkuhaḥ
ap,heads,M-nasal/Hi-pos/Hf-drop/G-keep,isolated,0,15221,19318,0927-2,nizkf,niṣkṛ,19319,0927-2,nizkAraRam,niṣkāraṇam
ap,heads,M-nasal/Hi-pos/Hf-drop/G-keep,isolated,0,15224,19321,0927-2,nizkftiH,niṣkṛtiḥ,19322,0927-2,nizkft,niṣkṛt
ap,heads,M-nasal/Hi-pos/Hf-drop/G-keep,isolated,0,15225,19322,0927-2,nizkft,niṣkṛt,19323,0927-2,nizkartanam,niṣkartanam
ap,heads,M-nasal/Hi-pos/Hf-drop/G-keep,isolated,0,15227,19324,0927-2,nizkfz,niṣkṛṣ,19325,0927-2,nizkarzaH,niṣkarṣaḥ
ap,heads,M-nasal/Hi-pos/Hf-drop/G-keep,isolated,0,15233,19333,0928-1,nizkrI,niṣkrī,19334,0928-1,nizkrayaH,niṣkrayaḥ
ap,heads,M-nasal/Hi-pos/Hf-drop/G-keep,isolated,0,15240,19342,0928-1,nizwApaH,niṣṭāpaḥ,19343,0928-2,nizwAnakaH,niṣṭānakaḥ
ap,heads,M-nasal/Hi-pos/Hf-drop/G-keep,isolated,0,15247,19349,0928-2,nizWita,niṣṭhita,19350,0928-2,nizWAnam,niṣṭhānam
ap,heads,M-nasal/Hi-pos/Hf-drop/G-keep,isolated,0,15250,19352,0928-2,nizWiv,niṣṭhiv,19353,0929-1,nizWita,niṣṭhita
ap,heads,M-nasal/Hi-pos/Hf-drop/G-keep,isolated,0,15254,19356,0929-1,nizWyUtiH,niṣṭhyūtiḥ,19357,0929-1,nizWura,niṣṭhura
ap,heads,M-nasal/Hi-pos/Hf-drop/G-keep,isolated,0,15259,19362,0929-1,nizpAtaH,niṣpātaḥ,19363,0929-1,nizpatrAkftiH,niṣpatrākṛtiḥ
ap,heads,M-nasal/Hi-pos/Hf-drop/G-keep,isolated,0,15261,19364,0929-1,nizpad,niṣpad,19365,0929-1,nizpattiH,niṣpattiḥ
ap,heads,M-nasal/Hi-pos/Hf-drop/G-keep,isolated,0,15264,19367,0929-2,nizpAdanam,niṣpādanam,19368,0929-2,nizpanda,niṣpanda
ap,heads,M-nasal/Hi-pos/Hf-drop/G-keep,isolated,0,15269,19373,0929-2,nizpU,niṣpū,19374,0929-2,nizpavanam,niṣpavanam
ap,heads,M-nasal/Hi-pos/Hf-drop/G-keep,isolated,1,15276,19380,0932-1,nisaMpAta,nisaṃpāta,19381,0932-1,niHsAnaH,niḥsānaḥ
ap,heads,M-nasal/Hi-pos/Hf-drop/G-keep,isolated,0,15280,19384,0932-1,nisfj,nisṛj,19385,0932-1,nisargaH,nisargaḥ
ap,heads,M-nasal/Hi-pos/Hf-drop/G-keep,isolated,0,15287,19391,0932-2,nistodaH,nistodaḥ,19392,0932-2,nistF,nistṝ
ap,heads,M-nasal/Hi-pos/Hf-drop/G-keep,isolated,0,15288,19392,0932-2,nistF,nistṝ,19393,0932-2,nistaraRam,nistaraṇam
ap,heads,M-nasal/Hi-pos/Hf-drop/G-keep,isolated,0,15300,19404,0933-1,nihan,nihan,19405,0933-1,nihata,nihata
ap,heads,M-nasal/Hi-pos/Hf-drop/G-keep,isolated,0,15305,19409,0933-1,nihiMsanam,nihiṃsanam,19410,0933-1,nihAkA,nihākā
ap,heads,M-nasal/Hi-pos/Hf-drop/G-keep,isolated,0,15310,19414,0933-1,nihnu,nihnu,19415,0933-2,nihnavaH,nihnavaḥ
ap,heads,M-nasal/Hi-pos/Hf-drop/G-keep,isolated,0,15321,19426,0934-1,neya,neya,19427,0934-1,nIkA,nīkā
ap,heads,M-nasal/Hi-pos/Hf-drop/G-keep,isolated,0,15339,19444,0935-1,nIram,nīram,19445,0935-1,nIraNgI,nīraṅgī
ap,heads,M-nasal/Hi-pos/Hf-drop/G-keep,isolated,1,15355,19468,0936-2,nuta,nuta,19469,0936-2,nuH,nuḥ
ap,heads,M-nasal/Hi-pos/Hf-drop/G-keep,isolated,0,15357,19470,0936-2,nutiH,nutiḥ,19471,0936-2,nuq,nuḍ
ap,heads,M-nasal/Hi-pos/Hf-drop/G-keep,isolated,0,15359,19472,0936-2,nud,nud,19473,0937-1,nutta,nutta
ap,heads,M-nasal/Hi-pos/Hf-drop/G-keep,isolated,0,15367,19485,0938-1,nfvat,nṛvat,19486,0938-1,nfgaH,nṛgaḥ
ap,heads,M-nasal/Hi-pos/Hf-drop/G-keep,isolated,0,15382,19505,0938-2,netrI,netrī,19506,0938-2,netram,netram
ap,heads,M-nasal/Hi-pos/Hf-drop/G-keep,isolated,0,15402,19531,0939-2,nEkaSas,naikaśas,19532,0939-2,nEkawika,naikaṭika
ap,heads,M-nasal/Hi-pos/Hf-drop/G-keep,isolated,0,15410,19539,0940-1,nEcASAKa,naicāśākha,19540,0940-1,nEcakI,naicakī
ap,heads,M-nasal/Hi-pos/Hf-drop/G-keep,isolated,0,15415,19544,0940-1,nEtyam,naityam,19545,0940-1,nEtyaka,naityaka
ap,heads,M-nasal/Hi-pos/Hf-drop/G-keep,isolated,0,15457,19586,0941-1,nElyam,nailyam,19587,0941-1,nErvAhika,nairvāhika
ap,heads,M-nasal/Hi-pos/Hf-drop/G-keep,isolated,0,15469,19598,0941-2,nEzkarmyam,naiṣkarmyam,19599,0941-2,nEzkartfka,naiṣkartṛka
ap,heads,M-nasal/Hi-pos/Hf-drop/G-keep,isolated,0,15478,19607,0942-1,nEzWyam,naiṣṭhyam,19608,0942-1,nEzWuryam,naiṣṭhuryam
ap,heads,M-nasal/Hi-pos/Hf-drop/G-keep,isolated,0,15492,19621,0942-2,nyakkf,nyakkṛ,19622,0942-2,nyakkaraRam,nyakkaraṇam
ap,heads,M-nasal/Hi-pos/Hf-drop/G-keep,isolated,0,15494,19623,0942-2,nyagBU,nyagbhū,19624,0942-2,nyagBAvaH,nyagbhāvaḥ
ap,heads,M-nasal/Hi-pos/Hf-drop/G-keep,isolated,0,15496,19625,0942-2,nyagBAvita,nyagbhāvita,19626,0942-2,nyakza,nyakṣa
ap,heads,M-nasal/Hi-pos/Hf-drop/G-keep,isolated,0,15504,19634,0943-1,nyaYj,nyañj,19635,0943-1,nyakta,nyakta
ap,heads,M-nasal/Hi-pos/Hf-drop/G-keep,isolated,0,15515,19647,0943-2,nyAsIkf,nyāsīkṛ,19648,0943-2,nyAkyam,nyākyam
ap,heads,M-nasal/Hi-pos/Hf-drop/G-keep,isolated,0,15525,19657,0944-2,nyocanI,nyocanī,19658,0944-2,nyubj,nyubj
ap,heads,M-nasal/Hi-pos/Hf-drop/G-keep,isolated,0,15548,19696,0946-2,paNkeSaya,paṅkeśaya,19697,0946-2,paNkaRaH,paṅkaṇaḥ
ap,heads,M-nasal/Hi-pos/Hf-drop/G-keep,isolated,0,15557,19705,0947-1,pac,pac,19706,0947-2,paktiH,paktiḥ
ap,heads,M-nasal/Hi-pos/Hf-drop/G-keep,isolated,1,15567,19715,0948-1,pacaMpacA,pacaṃpacā,19716,0948-1,pacakaH,pacakaḥ
ap,heads,M-nasal/Hi-pos/Hf-drop/G-keep,isolated,0,15581,19729,0948-2,paYcaTuH,pañcathuḥ,19730,0948-2,paYc,pañc
ap,heads,M-nasal/Hi-pos/Hf-drop/G-keep,isolated,0,15583,19754,0952-1,paYjaram,pañjaram,19755,0952-1,paYjarakaH,pañjarakaḥ
ap,heads,M-nasal/Hi-pos/Hf-drop/G-keep,isolated,0,15590,19761,0952-2,pawamaya,paṭamaya,19762,0952-2,pawaccaraH,paṭaccaraḥ
ap,heads,M-nasal/Hi-pos/Hf-drop/G-keep,isolated,0,15594,19765,0952-2,pawalam,paṭalam,19766,0952-2,pawalakaH,paṭalakaḥ
ap,heads,M-nasal/Hi-pos/Hf-drop/G-keep,isolated,0,15605,19776,0953-1,pawu,paṭu,19777,0953-1,pawiman,paṭiman
ap,heads,M-nasal/Hi-pos/Hf-drop/G-keep,isolated,0,15614,19785,0953-2,pawwikA,paṭṭikā,19786,0953-2,pawwalam,paṭṭalam
ap,heads,M-nasal/Hi-pos/Hf-drop/G-keep,isolated,0,15633,19812,0954-2,paRya,paṇya,19813,0955-1,paRaParam,paṇapharam
ap,heads,M-nasal/Hi-pos/Hf-drop/G-keep,isolated,0,15666,19845,0956-2,patvan,patvan,19846,0956-2,pataYcikA,patañcikā
ap,heads,M-nasal/Hi-pos/Hf-drop/G-keep,isolated,0,15681,19860,0957-1,patnItvam,patnītvam,19861,0957-1,patita,patita
ap,heads,M-nasal/Hi-pos/Hf-drop/G-keep,isolated,0,15687,19866,0957-2,patram,patram,19867,0958-1,patrakam,patrakam
ap,heads,M-nasal/Hi-pos/Hf-drop/G-keep,isolated,0,15692,19871,0958-1,patrin,patrin,19872,0958-1,patriRI,patriṇī
ap,heads,M-nasal/Hi-pos/Hf-drop/G-keep,isolated,0,15694,19873,0958-1,patrI,patrī,19874,0958-2,patnI,patnī
ap,heads,M-nasal/Hi-pos/Hf-drop/G-keep,isolated,0,15707,19887,0959-1,padam,padam,19888,0960-2,padakam,padakam
ap,heads,M-nasal/Hi-pos/Hf-drop/G-keep,isolated,0,15713,19893,0960-2,padAtin,padātin,19894,0960-2,padAtikaH,padātikaḥ
ap,heads,M-nasal/Hi-pos/Hf-drop/G-keep,isolated,0,15720,19900,0960-2,padvan,padvan,19901,0960-2,padga,padga
ap,heads,M-nasal/Hi-pos/Hf-drop/G-keep,isolated,0,15722,19902,0961-1,panna,panna,19903,0961-1,padma,padma
ap,heads,M-nasal/Hi-pos/Hf-drop/G-keep,isolated,0,15746,19941,0965-2,paratvam,paratvam,19942,0965-2,paratra,paratra
ap,heads,M-nasal/Hi-pos/Hf-drop/G-keep,isolated,1,15753,19948,0966-2,paramatA,paramatā,19949,0966-2,paraMtapa,paraṃtapa
ap,heads,M-nasal/Hi-pos/Hf-drop/G-keep,isolated,1,15755,19950,0966-2,paraMpadam,paraṃpadam,19951,0966-2,paramezWa,parameṣṭha
ap,heads,M-nasal/Hi-pos/Hf-drop/G-keep,isolated,0,15763,19958,0967-1,paravattA,paravattā,19959,0967-1,paraYjaH,parañjaḥ
ap,heads,M-nasal/Hi-pos/Hf-drop/G-keep,isolated,0,15776,19971,0968-1,parAkf,parākṛ,19972,0968-1,parAkaraRam,parākaraṇam
ap,heads,M-nasal/Hi-pos/Hf-drop/G-keep,isolated,0,15784,19981,0968-1,parAgam,parāgam,19982,0968-1,parAgata,parāgata
ap,heads,M-nasal/Hi-pos/Hf-drop/G-keep,isolated,0,15790,19987,0968-2,parAji,parāji,19988,0968-2,parAjayaH,parājayaḥ
ap,heads,M-nasal/Hi-pos/Hf-drop/G-keep,isolated,0,15803,20001,0969-1,parABU,parābhū,20002,0969-1,parABavaH,parābhavaḥ
ap,heads,M-nasal/Hi-pos/Hf-drop/G-keep,isolated,0,15811,20009,0969-1,parAmfS,parāmṛś,20010,0969-2,parAmarSaH,parāmarśaḥ
ap,heads,M-nasal/Hi-pos/Hf-drop/G-keep,isolated,0,15815,20013,0969-2,parAri,parāri,20014,0969-2,parAyaRa,parāyaṇa
ap,heads,M-nasal/Hi-pos/Hf-drop/G-keep,isolated,0,15821,20019,0969-2,parAvidDaH,parāviddhaḥ,20020,0969-2,parAvat,parāvat
ap,heads,M-nasal/Hi-pos/Hf-drop/G-keep,isolated,0,15823,20021,0969-2,parAvft,parāvṛt,20022,0969-2,parAvartaH,parāvartaḥ
ap,heads,M-nasal/Hi-pos/Hf-drop/G-keep,isolated,0,15827,20025,0969-2,parAvfttiH,parāvṛttiḥ,20026,0969-2,parAvahaH,parāvahaḥ
ap,heads,M-nasal/Hi-pos/Hf-drop/G-keep,isolated,0,15833,20039,0970-1,parAhan,parāhan,20040,0970-1,parAhata,parāhata
ap,heads,M-nasal/Hi-pos/Hf-drop/G-keep,isolated,0,15851,20060,0971-1,parikfz,parikṛṣ,20061,0971-1,parikarzaH,parikarṣaḥ
ap,heads,M-nasal/Hi-pos/Hf-drop/G-keep,isolated,0,15854,20063,0971-1,parikF,parikṝ,20064,0971-1,parikIrRa,parikīrṇa
ap,heads,M-nasal/Hi-pos/Hf-drop/G-keep,isolated,0,15856,20065,0971-1,parikFt,parikṝt,20066,0971-1,parikIrtanam,parikīrtanam
ap,heads,M-nasal/Hi-pos/Hf-drop/G-keep,isolated,0,15859,20068,0971-1,parikxp,parikḷp,20069,0971-2,parikalpanam,parikalpanam
ap,heads,M-nasal/Hi-pos/Hf-drop/G-keep,isolated,0,15868,20078,0971-2,parikrI,parikrī,20079,0971-2,parikrayaH,parikrayaḥ
ap,heads,M-nasal/Hi-pos/Hf-drop/G-keep,isolated,0,15873,20083,0972-1,parikleSaH,parikleśaḥ,20084,0972-1,parikledaH,parikledaḥ
ap,heads,M-nasal/Hi-pos/Hf-drop/G-keep,isolated,0,15878,20088,0972-1,parikzA,parikṣā,20089,0972-1,parikzavaH,parikṣavaḥ
ap,heads,M-nasal/Hi-pos/Hf-drop/G-keep,isolated,0,15882,20092,0972-1,parikzi,parikṣi,20093,0972-1,parikzayaH,parikṣayaḥ
ap,heads,M-nasal/Hi-pos/Hf-drop/G-keep,isolated,0,15884,20094,0972-1,parikzIRa,parikṣīṇa,20095,0972-1,parikzit,parikṣit
ap,heads,M-nasal/Hi-pos/Hf-drop/G-keep,isolated,0,15887,20098,0972-1,parikzepaH,parikṣepaḥ,20099,0972-2,parikzIva,parikṣīva
ap,heads,M-nasal/Hi-pos/Hf-drop/G-keep,isolated,0,15897,20111,0972-2,parigam,parigam,20112,0972-2,parigata,parigata
ap,heads,M-nasal/Hi-pos/Hf-drop/G-keep,isolated,0,15905,20119,0973-1,parigE,parigai,20120,0973-1,parigIti,parigīti
ap,heads,M-nasal/Hi-pos/Hf-drop/G-keep,isolated,0,15907,20121,0973-1,parigrah,parigrah,20122,0973-1,parigfhIta,parigṛhīta
ap,heads,M-nasal/Hi-pos/Hf-drop/G-keep,isolated,0,15931,20151,0974-2,paricArya,paricārya,20152,0974-2,paricAritam,paricāritam
ap,heads,M-nasal/Hi-pos/Hf-drop/G-keep,isolated,0,15933,20153,0974-2,paricIrRa,paricīrṇa,20154,0974-2,paricarmaRyam,paricarmaṇyam
ap,heads,M-nasal/Hi-pos/Hf-drop/G-keep,isolated,0,15936,20156,0974-2,parici,parici,20157,0974-2,paricayaH,paricayaḥ
ap,heads,M-nasal/Hi-pos/Hf-drop/G-keep,isolated,0,15948,20171,0975-1,paricCid,paricchid,20172,0975-1,paricCittiH,paricchittiḥ
ap,heads,M-nasal/Hi-pos/Hf-drop/G-keep,isolated,0,15955,20178,0975-2,paricyu,paricyu,20179,0975-2,paricyavanam,paricyavanam
ap,heads,M-nasal/Hi-pos/Hf-drop/G-keep,isolated,0,15963,20186,0976-1,parijYA,parijñā,20187,0976-1,parijYaptiH,parijñaptiḥ
ap,heads,M-nasal/Hi-pos/Hf-drop/G-keep,isolated,0,15972,20195,0976-1,pariRam,pariṇam,20196,0976-1,pariRata,pariṇata
ap,heads,M-nasal/Hi-pos/Hf-drop/G-keep,isolated,1,15976,20199,0976-2,pariRAmaka,pariṇāmaka,20200,0976-2,pariRAmaH,pariṇāmaḥ
ap,heads,M-nasal/Hi-pos/Hf-drop/G-keep,isolated,0,15977,20200,0976-2,pariRAmaH,pariṇāmaḥ,20201,0976-2,pariRah,pariṇah
ap,heads,M-nasal/Hi-pos/Hf-drop/G-keep,isolated,0,15978,20201,0976-2,pariRah,pariṇah,20202,0977-1,pariRadDa,pariṇaddha
ap,heads,M-nasal/Hi-pos/Hf-drop/G-keep,isolated,0,15986,20209,0977-1,pariRI,pariṇī,20210,0977-1,pariRayaH,pariṇayaḥ
ap,heads,M-nasal/Hi-pos/Hf-drop/G-keep,isolated,0,15995,20218,0977-1,pariRetf,pariṇetṛ,20219,0977-1,pariRIvita,pariṇīvita
ap,heads,M-nasal/Hi-pos/Hf-drop/G-keep,isolated,0,16000,20225,0977-2,paritApin,paritāpin,20226,0977-2,paritark,paritark
ap,heads,M-nasal/Hi-pos/Hf-drop/G-keep,isolated,0,16005,20234,0977-2,paritozaRa,paritoṣaṇa,20235,0977-2,paritfp,paritṛp
ap,heads,M-nasal/Hi-pos/Hf-drop/G-keep,isolated,0,16006,20235,0977-2,paritfp,paritṛp,20236,0977-2,paritarpaRam,paritarpaṇam
ap,heads,M-nasal/Hi-pos/Hf-drop/G-keep,isolated,0,16010,20239,0978-1,parityaj,parityaj,20240,0978-1,parityakta,parityakta
ap,heads,M-nasal/Hi-pos/Hf-drop/G-keep,isolated,0,16018,20247,0978-1,paritrE,paritrai,20248,0978-1,paritrARam,paritrāṇam
ap,heads,M-nasal/Hi-pos/Hf-drop/G-keep,isolated,0,16020,20249,0978-1,paridaraH,paridaraḥ,20250,0978-1,paridaMSita,paridaṃśita
ap,heads,M-nasal/Hi-pos/Hf-drop/G-keep,isolated,0,16023,20253,0978-1,paridAhaH,paridāhaḥ,20254,0978-2,paridazwa,paridaṣṭa
ap,heads,M-nasal/Hi-pos/Hf-drop/G-keep,isolated,0,16031,20262,0978-2,paridyUna,paridyūna,20263,0978-2,paridizwa,paridiṣṭa
ap,heads,M-nasal/Hi-pos/Hf-drop/G-keep,isolated,0,16037,20272,0979-1,pariDiH,paridhiḥ,20273,0979-1,pariDAraRam,paridhāraṇam
ap,heads,M-nasal/Hi-pos/Hf-drop/G-keep,isolated,0,16056,20292,0979-2,paripaRam,paripaṇam,20293,0979-2,paripaRanam,paripaṇanam
ap,heads,M-nasal/Hi-pos/Hf-drop/G-keep,isolated,0,16062,20300,0979-2,paripanTaH,paripanthaḥ,20301,0979-2,paripaTaka,paripathaka
ap,heads,M-nasal/Hi-pos/Hf-drop/G-keep,isolated,0,16085,20329,0980-2,paripracC,paripracch,20330,0980-2,paripfcCA,paripṛcchā
ap,heads,M-nasal/Hi-pos/Hf-drop/G-keep,isolated,0,16087,20331,0980-2,paripraSnaH,paripraśnaḥ,20332,0980-2,paripravac,paripravac
ap,heads,M-nasal/Hi-pos/Hf-drop/G-keep,isolated,0,16092,20336,0980-2,pariplu,pariplu,20337,0981-1,pariplava,pariplava
ap,heads,M-nasal/Hi-pos/Hf-drop/G-keep,isolated,0,16099,20345,0981-1,paribfMh,paribṛṃh,20346,0981-1,paribarhaH,paribarhaḥ
ap,heads,M-nasal/Hi-pos/Hf-drop/G-keep,isolated,0,16112,20360,0981-2,pariBuj,paribhuj,20361,0981-2,pariBukta,paribhukta
ap,heads,M-nasal/Hi-pos/Hf-drop/G-keep,isolated,0,16115,20363,0981-2,pariBogaH,paribhogaḥ,20364,0981-2,pariBU,paribhū
ap,heads,M-nasal/Hi-pos/Hf-drop/G-keep,isolated,0,16116,20364,0981-2,pariBU,paribhū,20365,0982-1,pariBavaH,paribhavaḥ
ap,heads,M-nasal/Hi-pos/Hf-drop/G-keep,isolated,0,16130,20381,0982-2,pariBrazwa,paribhraṣṭa,20382,0982-2,pariBfzwa,paribhṛṣṭa
ap,heads,M-nasal/Hi-pos/Hf-drop/G-keep,isolated,0,16145,20400,0983-1,parimeya,parimeya,20401,0983-1,parimATin,parimāthin
ap,heads,M-nasal/Hi-pos/Hf-drop/G-keep,isolated,0,16151,20407,0983-1,parimuc,parimuc,20408,0983-1,parimukti,parimukti
ap,heads,M-nasal/Hi-pos/Hf-drop/G-keep,isolated,0,16153,20409,0983-1,parimuh,parimuh,20410,0983-1,parimugDa,parimugdha
ap,heads,M-nasal/Hi-pos/Hf-drop/G-keep,isolated,0,16156,20412,0983-2,parimohanam,parimohanam,20413,0983-2,parimfj,parimṛj
ap,heads,M-nasal/Hi-pos/Hf-drop/G-keep,isolated,0,16157,20413,0983-2,parimfj,parimṛj,20414,0983-2,parimArjaH,parimārjaḥ
ap,heads,M-nasal/Hi-pos/Hf-drop/G-keep,isolated,0,16160,20416,0983-2,parimfd,parimṛd,20417,0983-2,parimardaH,parimardaḥ
ap,heads,M-nasal/Hi-pos/Hf-drop/G-keep,isolated,0,16163,20419,0983-2,parimfS,parimṛś,20420,0983-2,parimarSaH,parimarśaḥ
ap,heads,M-nasal/Hi-pos/Hf-drop/G-keep,isolated,0,16165,20421,0983-2,parimfzwa,parimṛṣṭa,20422,0983-2,parimfz,parimṛṣ
ap,heads,M-nasal/Hi-pos/Hf-drop/G-keep,isolated,0,16166,20422,0983-2,parimfz,parimṛṣ,20423,0983-2,parimarzaH,parimarṣaḥ
ap,heads,M-nasal/Hi-pos/Hf-drop/G-keep,isolated,0,16173,20429,0984-1,parimlE,parimlai,20430,0984-1,parimlAna,parimlāna
ap,heads,M-nasal/Hi-pos/Hf-drop/G-keep,isolated,0,16180,20439,0984-1,pariraB,parirabh,20440,0984-1,parirabDa,parirabdha
ap,heads,M-nasal/Hi-pos/Hf-drop/G-keep,isolated,0,16191,20451,0984-1,parilopaH,parilopaḥ,20452,0984-2,parileKaH,parilekhaḥ
ap,heads,M-nasal/Hi-pos/Hf-drop/G-keep,isolated,0,16202,20463,0984-2,parivAdin,parivādin,20464,0984-2,parivargaH,parivargaḥ
ap,heads,M-nasal/Hi-pos/Hf-drop/G-keep,isolated,0,16211,20473,0985-1,parivAhin,parivāhin,20474,0985-1,parivApaH,parivāpaḥ
ap,heads,M-nasal/Hi-pos/Hf-drop/G-keep,isolated,0,16228,20490,0985-2,parivezwf,pariveṣṭṛ,20491,0985-2,parivihAraH,parivihāraḥ
ap,heads,M-nasal/Hi-pos/Hf-drop/G-keep,isolated,0,16232,20494,0985-2,parivfQa,parivṛḍha,20495,0985-2,parivf,parivṛ
ap,heads,M-nasal/Hi-pos/Hf-drop/G-keep,isolated,0,16233,20495,0985-2,parivf,parivṛ,20496,0985-2,parivAraH,parivāraḥ
ap,heads,M-nasal/Hi-pos/Hf-drop/G-keep,isolated,0,16239,20501,0986-1,parivftiH,parivṛtiḥ,20502,0986-1,parivft,parivṛt
ap,heads,M-nasal/Hi-pos/Hf-drop/G-keep,isolated,0,16240,20502,0986-1,parivft,parivṛt,20503,0986-1,parivartaH,parivartaḥ
ap,heads,M-nasal/Hi-pos/Hf-drop/G-keep,isolated,0,16249,20511,0986-2,parivfttiH,parivṛttiḥ,20512,0986-2,parivfkRa,parivṛkṇa
ap,heads,M-nasal/Hi-pos/Hf-drop/G-keep,isolated,0,16251,20513,0986-2,parivfD,parivṛdh,20514,0986-2,parivarDakaH,parivardhakaḥ
ap,heads,M-nasal/Hi-pos/Hf-drop/G-keep,isolated,1,16259,20521,0986-2,parivedanIyA,parivedanīyā,20522,0986-2,parivedaH,parivedaḥ
ap,heads,M-nasal/Hi-pos/Hf-drop/G-keep,isolated,0,16273,20540,0987-1,pariSezaRam,pariśeṣaṇam,20541,0987-1,pariSIlanam,pariśīlanam
ap,heads,M-nasal/Hi-pos/Hf-drop/G-keep,isolated,0,16275,20542,0987-2,pariSuD,pariśudh,20543,0987-2,pariSudDa,pariśuddha
ap,heads,M-nasal/Hi-pos/Hf-drop/G-keep,isolated,0,16278,20545,0987-2,pariSoDaH,pariśodhaḥ,20546,0987-2,pariSuSrUzA,pariśuśrūṣā
ap,heads,M-nasal/Hi-pos/Hf-drop/G-keep,isolated,0,16281,20549,0987-2,pariSozaH,pariśoṣaḥ,20550,0987-2,pariSUnya,pariśūnya
ap,heads,M-nasal/Hi-pos/Hf-drop/G-keep,isolated,0,16299,20567,0988-1,parizkand,pariṣkand,20568,0988-1,parizkaRRa,pariṣkaṇṇa
ap,heads,M-nasal/Hi-pos/Hf-drop/G-keep,isolated,0,16303,20571,0988-1,parizkf,pariṣkṛ,20572,0988-1,parizkaraH,pariṣkaraḥ
ap,heads,M-nasal/Hi-pos/Hf-drop/G-keep,isolated,0,16314,20582,0988-2,parizvaj,pariṣvaj,20583,0988-2,parizvakta,pariṣvakta
ap,heads,M-nasal/Hi-pos/Hf-drop/G-keep,isolated,0,16326,20595,0989-1,parisamApta,parisamāpta,20596,0989-1,parisamApanam,parisamāpanam
ap,heads,M-nasal/Hi-pos/Hf-drop/G-keep,isolated,0,16330,20599,0989-1,parisf,parisṛ,20600,0989-1,parisaraH,parisaraḥ
ap,heads,M-nasal/Hi-pos/Hf-drop/G-keep,isolated,0,16335,20604,0989-1,parisfp,parisṛp,20605,0989-2,parisarpaH,parisarpaḥ
ap,heads,M-nasal/Hi-pos/Hf-drop/G-keep,isolated,0,16339,20608,0989-2,paristf,paristṛ,20609,0989-2,paristaraH,paristaraḥ
ap,heads,M-nasal/Hi-pos/Hf-drop/G-keep,isolated,0,16358,20628,0990-1,parihAsaH,parihāsaḥ,20629,0990-1,parihastaH,parihastaḥ
ap,heads,M-nasal/Hi-pos/Hf-drop/G-keep,isolated,0,16361,20634,0990-1,parihIRa,parihīṇa,20635,0990-1,parihAwakam,parihāṭakam
ap,heads,M-nasal/Hi-pos/Hf-drop/G-keep,isolated,0,16364,20637,0990-1,parihf,parihṛ,20638,0990-1,pariharaRam,pariharaṇam
ap,heads,M-nasal/Hi-pos/Hf-drop/G-keep,isolated,0,16374,20647,0990-2,parIta,parīta,20648,0990-2,parIkz,parīkṣ
ap,heads,M-nasal/Hi-pos/Hf-drop/G-keep,isolated,0,16381,20659,0991-1,parIram,parīram,20660,0991-1,parIraRam,parīraṇam
ap,heads,M-nasal/Hi-pos/Hf-drop/G-keep,isolated,0,16400,20678,0992-1,paromAtra,paromātra,20679,0992-1,parojaras,parojaras
ap,heads,M-nasal/Hi-pos/Hf-drop/G-keep,isolated,0,16433,20727,0993-2,paryavaso,paryavaso,20728,0993-2,paryavasAnam,paryavasānam
ap,heads,M-nasal/Hi-pos/Hf-drop/G-keep,isolated,0,16444,20742,0994-1,paryAsita,paryāsita,20743,0994-1,paryAkula,paryākula
ap,heads,M-nasal/Hi-pos/Hf-drop/G-keep,isolated,0,16448,20746,0994-1,paryAgam,paryāgam,20747,0994-1,paryAgata,paryāgata
ap,heads,M-nasal/Hi-pos/Hf-drop/G-keep,isolated,0,16456,20758,0995-1,paryAyaSaH,paryāyaśaḥ,20759,0995-1,paryAyata,paryāyata
ap,heads,M-nasal/Hi-pos/Hf-drop/G-keep,isolated,0,16495,20810,0997-1,palita,palita,20811,0997-1,palalaH,palalaḥ
ap,heads,M-nasal/Hi-pos/Hf-drop/G-keep,isolated,0,16496,20811,0997-1,palalaH,palalaḥ,20812,0997-1,palakza,palakṣa
ap,heads,M-nasal/Hi-pos/Hf-drop/G-keep,isolated,0,16502,20817,0997-1,palAy,palāy,20822,0997-1,palA,palā
ap,heads,M-nasal/Hi-pos/Hf-drop/G-keep,isolated,0,16504,20823,0997-1,palAliH,palāliḥ,20824,0997-1,palAlaH,palālaḥ
ap,heads,M-nasal/Hi-pos/Hf-drop/G-keep,isolated,0,16519,20838,0997-2,palyaSanaH,palyaśanaḥ,20839,0997-2,palyaNkaH,palyaṅkaḥ
ap,heads,M-nasal/Hi-pos/Hf-drop/G-keep,isolated,0,16541,20860,0998-2,pavita,pavita,20861,0998-2,pavAkA,pavākā
ap,heads,M-nasal/Hi-pos/Hf-drop/G-keep,isolated,0,16544,20863,0998-2,pavya,pavya,20864,0998-2,pavitra,pavitra
ap,heads,M-nasal/Hi-pos/Hf-drop/G-keep,isolated,0,16554,20874,0999-1,paz,paṣ,20875,0999-1,paSu,paśu
ap,heads,M-nasal/Hi-pos/Hf-drop/G-keep,isolated,0,16556,20876,0999-1,paSuH,paśuḥ,20877,0999-2,paSavya,paśavya
ap,heads,M-nasal/Hi-pos/Hf-drop/G-keep,isolated,1,16576,20897,1000-2,pAtavya,pātavya,20898,1000-2,pAMSavaH,pāṃśavaḥ
ap,heads,M-nasal/Hi-pos/Hf-drop/G-keep,isolated,0,16578,20899,1000-2,pAMsuH,pāṃsuḥ,20900,1001-1,pAMsaka,pāṃsaka
ap,heads,M-nasal/Hi-pos/Hf-drop/G-keep,isolated,0,16623,20944,1002-2,pAYcAlI,pāñcālī,20945,1002-2,pAYcAlikA,pāñcālikā
ap,heads,M-nasal/Hi-pos/Hf-drop/G-keep,isolated,0,16632,20953,1003-1,pAwita,pāṭita,20954,1003-1,pAwala,pāṭala
ap,heads,M-nasal/Hi-pos/Hf-drop/G-keep,isolated,0,16640,20961,1003-1,pAwalyA,pāṭalyā,20962,1003-1,pAwalika,pāṭalika
ap,heads,M-nasal/Hi-pos/Hf-drop/G-keep,isolated,0,16649,20970,1003-2,pAWita,pāṭhita,20971,1003-2,pAWika,pāṭhika
ap,heads,M-nasal/Hi-pos/Hf-drop/G-keep,isolated,0,16652,20973,1003-2,pAWInaH,pāṭhīnaḥ,20974,1004-1,pAWadvya,pāṭhadvya
ap,heads,M-nasal/Hi-pos/Hf-drop/G-keep,isolated,1,16658,20979,1004-1,pARiMDaya,pāṇiṃdhaya,20980,1004-1,pARika,pāṇika
ap,heads,M-nasal/Hi-pos/Hf-drop/G-keep,isolated,0,16687,21008,1005-2,pAtya,pātya,21009,1005-2,pAtakaH,pātakaḥ
ap,heads,M-nasal/Hi-pos/Hf-drop/G-keep,isolated,0,16700,21021,1006-1,pAtram,pātram,21022,1006-2,pAtrakam,pātrakam
ap,heads,M-nasal/Hi-pos/Hf-drop/G-keep,isolated,0,16732,21053,1008-2,pAdya,pādya,21054,1008-2,pAdakramikaH,pādakramikaḥ
ap,heads,M-nasal/Hi-pos/Hf-drop/G-keep,isolated,0,16737,21058,1008-2,pAnam,pānam,21059,1008-2,pAnakam,pānakam
ap,heads,M-nasal/Hi-pos/Hf-drop/G-keep,isolated,0,16755,21076,1009-2,pAyam,pāyam,21077,1009-2,pAyaka,pāyaka
ap,heads,M-nasal/Hi-pos/Hf-drop/G-keep,isolated,0,16760,21081,1010-1,pAyya,pāyya,21082,1010-1,pAyasa,pāyasa
ap,heads,M-nasal/Hi-pos/Hf-drop/G-keep,isolated,0,16768,21254,1016-1,pipAlayizuH,pipālayiṣuḥ,21255,1016-1,pAlakApyaH,pālakāpyaḥ
ap,heads,M-nasal/Hi-pos/Hf-drop/G-keep,isolated,0,16770,21256,1016-1,pAlaNkaH,pālaṅkaḥ,21257,1016-1,pAlakyaH,pālakyaḥ
ap,heads,M-nasal/Hi-pos/Hf-drop/G-keep,isolated,0,16792,21278,1016-2,pAvya,pāvya,21279,1017-1,pAvaraH,pāvaraḥ
ap,heads,M-nasal/Hi-pos/Hf-drop/G-keep,isolated,0,16801,21287,1017-1,pASIkfta,pāśīkṛta,21288,1017-1,pASin,pāśin
ap,heads,M-nasal/Hi-pos/Hf-drop/G-keep,isolated,0,16803,21289,1017-1,pASyA,pāśyā,21290,1017-1,pASava,pāśava
ap,heads,M-nasal/Hi-pos/Hf-drop/G-keep,isolated,0,16831,21317,1018-2,picuH,picuḥ,21318,1018-2,picavyaH,picavyaḥ
ap,heads,M-nasal/Hi-pos/Hf-drop/G-keep,isolated,0,16837,21326,1018-2,picCam,piccham,21327,1018-2,picCakaH,picchakaḥ
ap,heads,M-nasal/Hi-pos/Hf-drop/G-keep,isolated,0,16839,21328,1018-2,picCala,picchala,21329,1018-2,picCakA,picchakā
ap,heads,M-nasal/Hi-pos/Hf-drop/G-keep,isolated,0,16877,21390,1022-1,pittam,pittam,21391,1022-1,pittakaH,pittakaḥ
ap,heads,M-nasal/Hi-pos/Hf-drop/G-keep,isolated,0,16885,21402,1022-2,pihita,pihita,21403,1022-2,pinah,pinah
ap,heads,M-nasal/Hi-pos/Hf-drop/G-keep,isolated,0,16886,21403,1022-2,pinah,pinah,21404,1022-2,pinadDa,pinaddha
ap,heads,M-nasal/Hi-pos/Hf-drop/G-keep,isolated,0,16931,21475,1025-2,pItin,pītin,21476,1025-2,pItikA,pītikā
ap,heads,M-nasal/Hi-pos/Hf-drop/G-keep,isolated,0,16944,21497,1027-1,puMstvam,puṃstvam,21498,1027-1,puMvat,puṃvat
ap,heads,M-nasal/Hi-pos/Hf-drop/G-keep,isolated,0,16993,21555,1030-1,poTita,pothita,21556,1030-1,pudgala,pudgala
ap,heads,M-nasal/Hi-pos/Hf-drop/G-keep,isolated,0,16995,21557,1030-1,punT,punth,21558,1030-1,punar,punar
ap,heads,M-nasal/Hi-pos/Hf-drop/G-keep,isolated,0,17004,21567,1031-2,puraMdaraH,puraṃdaraḥ,21568,1031-2,puraMjaraH,puraṃjaraḥ
ap,heads,M-nasal/Hi-pos/Hf-drop/G-keep,isolated,0,17013,21576,1032-1,puraskf,puraskṛ,21577,1032-1,puraskaraRam,puraskaraṇam
ap,heads,M-nasal/Hi-pos/Hf-drop/G-keep,isolated,0,17021,21584,1032-2,puroDA,purodhā,21585,1032-2,puroDas,purodhas
ap,heads,M-nasal/Hi-pos/Hf-drop/G-keep,isolated,0,17027,21590,1032-2,purohita,purohita,21591,1033-1,purA,purā
ap,heads,M-nasal/Hi-pos/Hf-drop/G-keep,isolated,0,17029,21592,1033-1,purAtana,purātana,21593,1033-1,purA,purā
ap,heads,M-nasal/Hi-pos/Hf-drop/G-keep,isolated,0,17037,21600,1033-2,purIzam,purīṣam,21601,1033-2,purIzaRaH,purīṣaṇaḥ
ap,heads,M-nasal/Hi-pos/Hf-drop/G-keep,isolated,0,17040,21603,1033-2,purIzita,purīṣita,21604,1033-2,purIzamaH,purīṣamaḥ
ap,heads,M-nasal/Hi-pos/Hf-drop/G-keep,isolated,0,17058,21642,1036-1,puzwiH,puṣṭiḥ,21643,1036-1,puzkaram,puṣkaram
ap,heads,M-nasal/Hi-pos/Hf-drop/G-keep,isolated,0,17072,21669,1038-2,pU,pū,21670,1038-2,punIta,punīta
ap,heads,M-nasal/Hi-pos/Hf-drop/G-keep,isolated,0,17077,21674,1038-2,pUniH,pūniḥ,21675,1038-2,pUgaH,pūgaḥ
ap,heads,M-nasal/Hi-pos/Hf-drop/G-keep,isolated,0,17083,21687,1039-1,pUtkf,pūtkṛ,21688,1039-1,pUtkArI,pūtkārī
ap,heads,M-nasal/Hi-pos/Hf-drop/G-keep,isolated,0,17084,21688,1039-1,pUtkArI,pūtkārī,21689,1039-1,pUtanaH,pūtanaḥ
ap,heads,M-nasal/Hi-pos/Hf-drop/G-keep,isolated,0,17106,21712,1041-1,pUryya,pūryya,21713,1041-1,pUruzaH,pūruṣaḥ
ap,heads,M-nasal/Hi-pos/Hf-drop/G-keep,isolated,0,17112,21734,1043-2,pfc,pṛc,21735,1043-2,pfkta,pṛkta
ap,heads,M-nasal/Hi-pos/Hf-drop/G-keep,isolated,0,17176,21874,1049-1,potAyitam,potāyitam,21875,1049-1,potana,potana
ap,heads,M-nasal/Hi-pos/Hf-drop/G-keep,isolated,0,17185,21883,1049-1,poplUyamAna,poplūyamāna,21884,1049-1,poTA,pothā
ap,heads,M-nasal/Hi-pos/Hf-drop/G-keep,isolated,0,17197,21895,1049-2,pozya,poṣya,21896,1049-2,pozaDaH,poṣadhaḥ
ap,heads,M-nasal/Hi-pos/Hf-drop/G-keep,isolated,0,17227,21925,1050-2,pOreya,paureya,21926,1050-2,pOraMdara,pauraṃdara
ap,heads,M-nasal/Hi-pos/Hf-drop/G-keep,isolated,0,17257,21955,1051-2,pOrvAhRika,paurvāhṇika,21956,1051-2,pOrvArDa,paurvārdha
ap,heads,M-nasal/Hi-pos/Hf-drop/G-keep,isolated,0,17260,21958,1051-2,pOlastyaH,paulastyaḥ,21959,1051-2,pOlastI,paulastī
ap,heads,M-nasal/Hi-pos/Hf-drop/G-keep,isolated,0,17277,21975,1052-1,pyAy,pyāy,21976,1052-1,pyAna,pyāna
ap,heads,M-nasal/Hi-pos/Hf-drop/G-keep,isolated,0,17284,21982,1052-1,prOgam,praugam,21983,1052-1,prakaca,prakaca
ap,heads,M-nasal/Hi-pos/Hf-drop/G-keep,isolated,0,17287,21985,1052-1,prakawanam,prakaṭanam,21986,1052-1,prakawati,prakaṭati
ap,heads,M-nasal/Hi-pos/Hf-drop/G-keep,isolated,0,17294,21996,1052-2,prakAlana,prakālana,21997,1052-2,prakalA,prakalā
ap,heads,M-nasal/Hi-pos/Hf-drop/G-keep,isolated,0,17307,22017,1053-2,prakopita,prakopita,22018,1053-2,prakulam,prakulam
ap,heads,M-nasal/Hi-pos/Hf-drop/G-keep,isolated,0,17310,22020,1053-2,prakf,prakṛ,22021,1054-1,prakaraH,prakaraḥ
ap,heads,M-nasal/Hi-pos/Hf-drop/G-keep,isolated,0,17316,22026,1054-1,prakAraH,prakāraḥ,22027,1054-2,prakarman,prakarman
ap,heads,M-nasal/Hi-pos/Hf-drop/G-keep,isolated,0,17321,22031,1055-1,prakriyA,prakriyā,22032,1055-2,prakfz,prakṛṣ
ap,heads,M-nasal/Hi-pos/Hf-drop/G-keep,isolated,0,17322,22032,1055-2,prakfz,prakṛṣ,22033,1055-2,prakarzaH,prakarṣaḥ
ap,heads,M-nasal/Hi-pos/Hf-drop/G-keep,isolated,0,17329,22039,1055-2,prakF,prakṝ,22040,1055-2,prakiraRam,prakiraṇam
ap,heads,M-nasal/Hi-pos/Hf-drop/G-keep,isolated,0,17333,22043,1056-1,prakFt,prakṝt,22044,1056-1,prakIrtanam,prakīrtanam
ap,heads,M-nasal/Hi-pos/Hf-drop/G-keep,isolated,1,17335,22045,1056-1,prakIrtita,prakīrtita,22046,1056-1,prakIrtiH,prakīrtiḥ
ap,heads,M-nasal/Hi-pos/Hf-drop/G-keep,isolated,0,17338,22048,1056-1,prakxp,prakḷp,22049,1056-1,prakalpaka,prakalpaka
ap,heads,M-nasal/Hi-pos/Hf-drop/G-keep,isolated,0,17348,22058,1056-2,prakram,prakram,22059,1056-2,prakrantf,prakrantṛ
ap,heads,M-nasal/Hi-pos/Hf-drop/G-keep,isolated,0,17364,22074,1057-1,prakzi,prakṣi,22075,1057-1,prakzapaRam,prakṣapaṇam
ap,heads,M-nasal/Hi-pos/Hf-drop/G-keep,isolated,0,17367,22077,1057-1,prakzIRa,prakṣīṇa,22078,1057-1,prakzip,prakṣip
ap,heads,M-nasal/Hi-pos/Hf-drop/G-keep,isolated,0,17370,22081,1057-1,prakzepaRam,prakṣepaṇam,22082,1057-1,prakzIvita,prakṣīvita
ap,heads,M-nasal/Hi-pos/Hf-drop/G-keep,isolated,0,17372,22083,1057-1,prakzud,prakṣud,22084,1057-1,prakzuRRa,prakṣuṇṇa
ap,heads,M-nasal/Hi-pos/Hf-drop/G-keep,isolated,0,17381,22092,1057-2,praKyA,prakhyā,22093,1057-2,praKya,prakhya
ap,heads,M-nasal/Hi-pos/Hf-drop/G-keep,isolated,0,17391,22102,1058-1,pragam,pragam,22103,1058-1,pragata,pragata
ap,heads,M-nasal/Hi-pos/Hf-drop/G-keep,isolated,0,17395,22106,1058-1,pragAman,pragāman,22107,1058-1,pragarjanam,pragarjanam
ap,heads,M-nasal/Hi-pos/Hf-drop/G-keep,isolated,0,17404,22118,1058-2,praguRIBU,praguṇībhū,22119,1058-2,praguRanam,praguṇanam
ap,heads,M-nasal/Hi-pos/Hf-drop/G-keep,isolated,0,17412,22126,1058-2,pragrah,pragrah,22127,1058-2,pragfhIta,pragṛhīta
ap,heads,M-nasal/Hi-pos/Hf-drop/G-keep,isolated,0,17438,22159,1060-1,pracArin,pracārin,22160,1060-1,pracal,pracal
ap,heads,M-nasal/Hi-pos/Hf-drop/G-keep,isolated,0,17440,22164,1060-1,pracAlanam,pracālanam,22165,1060-1,pracalA,pracalā
ap,heads,M-nasal/Hi-pos/Hf-drop/G-keep,isolated,0,17447,22171,1060-2,praci,praci,22172,1060-2,pracayaH,pracayaḥ
ap,heads,M-nasal/Hi-pos/Hf-drop/G-keep,isolated,0,17452,22176,1060-2,praceya,praceya,22177,1060-2,pracud,pracud
ap,heads,M-nasal/Hi-pos/Hf-drop/G-keep,isolated,0,17458,22182,1060-2,pracodin,pracodin,22183,1061-1,pracura,pracura
ap,heads,M-nasal/Hi-pos/Hf-drop/G-keep,isolated,0,17466,22190,1061-1,pracelam,pracelam,22191,1061-1,pracelakaH,pracelakaḥ
ap,heads,M-nasal/Hi-pos/Hf-drop/G-keep,isolated,0,17474,22200,1061-2,pracCAdita,pracchādita,22201,1061-2,pracCardaka,pracchardaka
ap,heads,M-nasal/Hi-pos/Hf-drop/G-keep,isolated,0,17481,22207,1061-2,pracCedanam,pracchedanam,22208,1061-2,pracCila,pracchila
ap,heads,M-nasal/Hi-pos/Hf-drop/G-keep,isolated,0,17483,22209,1061-2,pracyu,pracyu,22210,1061-2,pracyavaH,pracyavaḥ
ap,heads,M-nasal/Hi-pos/Hf-drop/G-keep,isolated,1,17491,22217,1061-2,prajan,prajan,22218,1062-1,prajaH,prajaḥ
ap,heads,M-nasal/Hi-pos/Hf-drop/G-keep,isolated,0,17503,22229,1062-2,prajAvat,prajāvat,22230,1062-2,prajalp,prajalp
ap,heads,M-nasal/Hi-pos/Hf-drop/G-keep,isolated,0,17506,22235,1062-2,prajAgf,prajāgṛ,22236,1062-2,prajAgaraH,prajāgaraḥ
ap,heads,M-nasal/Hi-pos/Hf-drop/G-keep,isolated,0,17513,22242,1063-1,prajU,prajū,22243,1063-1,prajavaH,prajavaḥ
ap,heads,M-nasal/Hi-pos/Hf-drop/G-keep,isolated,0,17519,22248,1063-1,prajYA,prajñā,22249,1063-1,prajYa,prajña
ap,heads,M-nasal/Hi-pos/Hf-drop/G-keep,isolated,0,17532,22263,1063-2,prajvAlanam,prajvālanam,22264,1063-2,prajvAraH,prajvāraḥ
ap,heads,M-nasal/Hi-pos/Hf-drop/G-keep,isolated,0,17538,22271,1063-2,praRAdaH,praṇādaḥ,22272,1063-2,praRam,praṇam
ap,heads,M-nasal/Hi-pos/Hf-drop/G-keep,isolated,0,17539,22272,1063-2,praRam,praṇam,22273,1064-1,praRata,praṇata
ap,heads,M-nasal/Hi-pos/Hf-drop/G-keep,isolated,0,17543,22276,1064-1,praRAmaH,praṇāmaḥ,22277,1064-1,praRavaH,praṇavaḥ
ap,heads,M-nasal/Hi-pos/Hf-drop/G-keep,isolated,0,17549,22282,1064-1,pranazwa,pranaṣṭa,22283,1064-1,praRasa,praṇasa
ap,heads,M-nasal/Hi-pos/Hf-drop/G-keep,isolated,1,17555,22288,1064-2,praRigad,praṇigad,22289,1064-2,praRiMsita,praṇiṃsita
ap,heads,M-nasal/Hi-pos/Hf-drop/G-keep,isolated,0,17560,22294,1064-2,praRihita,praṇihita,22295,1065-1,praRinAdaH,praṇinādaḥ
ap,heads,M-nasal/Hi-pos/Hf-drop/G-keep,isolated,0,17564,22299,1065-1,praRI,praṇī,22300,1065-1,praRayaH,praṇayaḥ
ap,heads,M-nasal/Hi-pos/Hf-drop/G-keep,isolated,0,17575,22310,1066-1,praReya,praṇeya,22311,1066-1,praRu,praṇu
ap,heads,M-nasal/Hi-pos/Hf-drop/G-keep,isolated,0,17577,22313,1066-1,praRud,praṇud,22314,1066-1,praRutta,praṇutta
ap,heads,M-nasal/Hi-pos/Hf-drop/G-keep,isolated,0,17581,22317,1066-1,praRodita,praṇodita,22318,1066-1,praRejanam,praṇejanam
ap,heads,M-nasal/Hi-pos/Hf-drop/G-keep,isolated,0,17583,22319,1066-1,pratan,pratan,22320,1066-2,pratata,pratata
ap,heads,M-nasal/Hi-pos/Hf-drop/G-keep,isolated,0,17588,22324,1066-2,pratAnin,pratānin,22325,1066-2,pratana,pratana
ap,heads,M-nasal/Hi-pos/Hf-drop/G-keep,isolated,0,17595,22335,1067-1,pratApin,pratāpin,22336,1067-1,pratam,pratam
ap,heads,M-nasal/Hi-pos/Hf-drop/G-keep,isolated,0,17607,22351,1070-2,pratikf,pratikṛ,22352,1070-2,pratikaraH,pratikaraḥ
ap,heads,M-nasal/Hi-pos/Hf-drop/G-keep,isolated,0,17616,22360,1071-1,pratikriyA,pratikriyā,22361,1071-1,pratikfzwa,pratikṛṣṭa
ap,heads,M-nasal/Hi-pos/Hf-drop/G-keep,isolated,0,17624,22369,1071-2,pratikzepaH,pratikṣepaḥ,22370,1071-2,pratikzutam,pratikṣutam
ap,heads,M-nasal/Hi-pos/Hf-drop/G-keep,isolated,0,17629,22374,1071-2,pratigam,pratigam,22375,1071-2,pratigata,pratigata
ap,heads,M-nasal/Hi-pos/Hf-drop/G-keep,isolated,0,17633,22378,1071-2,pratigarhita,pratigarhita,22379,1071-2,pratigarj,pratigarj
ap,heads,M-nasal/Hi-pos/Hf-drop/G-keep,isolated,0,17635,22381,1071-2,pratigrah,pratigrah,22382,1071-2,pratigfhIta,pratigṛhīta
ap,heads,M-nasal/Hi-pos/Hf-drop/G-keep,isolated,0,17674,22423,1073-1,pratidA,pratidā,22424,1073-1,pratidatta,pratidatta
ap,heads,M-nasal/Hi-pos/Hf-drop/G-keep,isolated,0,17677,22426,1073-1,pratideya,pratideya,22427,1073-1,pratidAraRam,pratidāraṇam
ap,heads,M-nasal/Hi-pos/Hf-drop/G-keep,isolated,0,17688,22438,1073-2,pratiDiH,pratidhiḥ,22439,1073-2,pratiDAvanam,pratidhāvanam
ap,heads,M-nasal/Hi-pos/Hf-drop/G-keep,isolated,0,17694,22444,1073-2,pratinAdita,pratinādita,22445,1073-2,pratinand,pratinand
ap,heads,M-nasal/Hi-pos/Hf-drop/G-keep,isolated,0,17706,22457,1074-1,pratiniveSaH,pratiniveśaḥ,22458,1074-1,pratinivartanam,pratinivartanam
ap,heads,M-nasal/Hi-pos/Hf-drop/G-keep,isolated,0,17712,22463,1074-1,pratipad,pratipad,22464,1074-2,pratipattiH,pratipattiḥ
ap,heads,M-nasal/Hi-pos/Hf-drop/G-keep,isolated,0,17723,22474,1075-1,pratipAdyamAna,pratipādyamāna,22475,1075-1,pratipAduka,pratipāduka
ap,heads,M-nasal/Hi-pos/Hf-drop/G-keep,isolated,0,17733,22486,1075-2,pratipF,pratipṝ,22487,1075-2,pratipUraRam,pratipūraṇam
ap,heads,M-nasal/Hi-pos/Hf-drop/G-keep,isolated,0,17748,22503,1076-1,pratibanD,pratibandh,22504,1076-1,pratibadDa,pratibaddha
ap,heads,M-nasal/Hi-pos/Hf-drop/G-keep,isolated,1,17755,22510,1076-1,pratibanDin,pratibandhin,22511,1076-2,pratibanDiH,pratibandhiḥ
ap,heads,M-nasal/Hi-pos/Hf-drop/G-keep,isolated,0,17756,22511,1076-2,pratibanDiH,pratibandhiḥ,22512,1076-2,pratibandDftA,pratibanddhṛtā
ap,heads,M-nasal/Hi-pos/Hf-drop/G-keep,isolated,0,17762,22520,1076-2,pratibuD,pratibudh,22521,1076-2,pratibudDa,pratibuddha
ap,heads,M-nasal/Hi-pos/Hf-drop/G-keep,isolated,0,17771,22529,1077-1,pratiBAgaH,pratibhāgaḥ,22530,1077-1,pratiBA,pratibhā
ap,heads,M-nasal/Hi-pos/Hf-drop/G-keep,isolated,1,17776,22535,1077-1,pratiBAvat,pratibhāvat,22536,1077-1,pratiBAvaH,pratibhāvaḥ
ap,heads,M-nasal/Hi-pos/Hf-drop/G-keep,isolated,0,17783,22545,1077-2,pratiBedanam,pratibhedanam,22546,1077-2,pratiBUH,pratibhūḥ
ap,heads,M-nasal/Hi-pos/Hf-drop/G-keep,isolated,0,17784,22546,1077-2,pratiBUH,pratibhūḥ,22547,1077-2,pratiBAvaH,pratibhāvaḥ
ap,heads,M-nasal/Hi-pos/Hf-drop/G-keep,isolated,0,17792,22555,1078-1,pratimita,pratimita,22556,1078-1,pratimArgakaH,pratimārgakaḥ
ap,heads,M-nasal/Hi-pos/Hf-drop/G-keep,isolated,0,17794,22557,1078-1,pratimuc,pratimuc,22558,1078-1,pratimukta,pratimukta
ap,heads,M-nasal/Hi-pos/Hf-drop/G-keep,isolated,0,17801,22565,1078-1,pratiyAtanA,pratiyātanā,22566,1078-2,pratiyam,pratiyam
ap,heads,M-nasal/Hi-pos/Hf-drop/G-keep,isolated,0,17804,22570,1078-2,pratiyuD,pratiyudh,22571,1078-2,pratiyudDam,pratiyuddham
ap,heads,M-nasal/Hi-pos/Hf-drop/G-keep,isolated,0,17806,22572,1078-2,pratiyoDaH,pratiyodhaḥ,22573,1078-2,pratiyogaH,pratiyogaḥ
ap,heads,M-nasal/Hi-pos/Hf-drop/G-keep,isolated,0,17809,22575,1078-2,pratiyogin,pratiyogin,22576,1078-2,pratiyogitA,pratiyogitā
ap,heads,M-nasal/Hi-pos/Hf-drop/G-keep,isolated,0,17816,22582,1078-2,pratiruD,pratirudh,22583,1078-2,pratirudDa,pratiruddha
ap,heads,M-nasal/Hi-pos/Hf-drop/G-keep,isolated,0,17820,22586,1079-1,pratiroDanam,pratirodhanam,22587,1079-1,pratirUQa,pratirūḍha
ap,heads,M-nasal/Hi-pos/Hf-drop/G-keep,isolated,0,17827,22593,1079-1,prativac,prativac,22595,1079-1,prativaktavya,prativaktavya
ap,heads,M-nasal/Hi-pos/Hf-drop/G-keep,isolated,0,17832,22599,1079-1,prativAcikam,prativācikam,22600,1079-1,prativad,prativad
ap,heads,M-nasal/Hi-pos/Hf-drop/G-keep,isolated,0,17835,22602,1079-1,prativAdin,prativādin,22603,1079-1,prativaD,prativadh
ap,heads,M-nasal/Hi-pos/Hf-drop/G-keep,isolated,0,17839,22606,1079-2,prativApaH,prativāpaḥ,22607,1079-2,prativarRakam,prativarṇakam
ap,heads,M-nasal/Hi-pos/Hf-drop/G-keep,isolated,0,17877,22646,1080-1,pratiSru,pratiśru,22647,1080-1,pratiSravaH,pratiśravaḥ
ap,heads,M-nasal/Hi-pos/Hf-drop/G-keep,isolated,0,17882,22651,1080-2,pratiziD,pratiṣidh,22652,1080-2,pratizidDa,pratiṣiddha
ap,heads,M-nasal/Hi-pos/Hf-drop/G-keep,isolated,0,17892,22661,1080-2,pratizWA,pratiṣṭhā,22662,1081-1,pratizWa,pratiṣṭha
ap,heads,M-nasal/Hi-pos/Hf-drop/G-keep,isolated,0,17897,22666,1081-1,pratizWAsu,pratiṣṭhāsu,22667,1081-1,pratizWApayitf,pratiṣṭhāpayitṛ
ap,heads,M-nasal/Hi-pos/Hf-drop/G-keep,isolated,0,17909,22678,1081-2,pratisaMvedanam,pratisaṃvedanam,22679,1081-2,pratisaMviDAnam,pratisaṃvidhānam
ap,heads,M-nasal/Hi-pos/Hf-drop/G-keep,isolated,0,17913,22682,1081-2,pratisaMhf,pratisaṃhṛ,22683,1081-2,pratisaMhAraH,pratisaṃhāraḥ
ap,heads,M-nasal/Hi-pos/Hf-drop/G-keep,isolated,1,17924,22693,1082-1,pratisaMDA,pratisaṃdhā,22694,1082-1,pratisaMhita,pratisaṃhita
ap,heads,M-nasal/Hi-pos/Hf-drop/G-keep,isolated,0,17935,22704,1082-2,pratisf,pratisṛ,22705,1082-2,pratisaraRam,pratisaraṇam
ap,heads,M-nasal/Hi-pos/Hf-drop/G-keep,isolated,0,17949,22718,1082-2,pratihan,pratihan,22719,1083-1,pratihata,pratihata
ap,heads,M-nasal/Hi-pos/Hf-drop/G-keep,isolated,1,17954,22723,1083-1,pratihita,pratihita,22724,1083-1,pratihiMsA,pratihiṃsā
ap,heads,M-nasal/Hi-pos/Hf-drop/G-keep,isolated,0,17957,22726,1083-1,pratihf,pratihṛ,22727,1083-1,pratiharaRam,pratiharaṇam
ap,heads,M-nasal/Hi-pos/Hf-drop/G-keep,isolated,0,17967,22736,1083-2,pratItiH,pratītiḥ,22737,1083-2,pratIka,pratīka
ap,heads,M-nasal/Hi-pos/Hf-drop/G-keep,isolated,0,17975,22748,1084-1,pratIcya,pratīcya,22749,1084-1,pratIcCakaH,pratīcchakaḥ
ap,heads,M-nasal/Hi-pos/Hf-drop/G-keep,isolated,0,17978,22751,1084-1,pratInDakaH,pratīndhakaḥ,22752,1084-1,pratInAhaH,pratīnāhaḥ
ap,heads,M-nasal/Hi-pos/Hf-drop/G-keep,isolated,0,17989,22763,1084-2,pratIhAsaH,pratīhāsaḥ,22764,1084-2,pratIhArI,pratīhārī
ap,heads,M-nasal/Hi-pos/Hf-drop/G-keep,isolated,0,17992,22767,1084-2,pratodaH,pratodaḥ,22768,1084-2,pratuzwiH,pratuṣṭiḥ
ap,heads,M-nasal/Hi-pos/Hf-drop/G-keep,isolated,0,17997,22772,1085-1,pratfd,pratṛd,22773,1085-1,pratardana,pratardana
ap,heads,M-nasal/Hi-pos/Hf-drop/G-keep,isolated,0,17999,22774,1085-1,pratF,pratṝ,22775,1085-1,prataraH,prataraḥ
ap,heads,M-nasal/Hi-pos/Hf-drop/G-keep,isolated,0,18019,22795,1086-1,pratyaBijYAnam,pratyabhijñānam,22796,1086-1,pratyaBijYAta,pratyabhijñāta
ap,heads,M-nasal/Hi-pos/Hf-drop/G-keep,isolated,0,18055,22842,1087-2,pratyAgam,pratyāgam,22843,1087-2,pratyAgatiH,pratyāgatiḥ
ap,heads,M-nasal/Hi-pos/Hf-drop/G-keep,isolated,0,18086,22874,1088-2,pratyAhf,pratyāhṛ,22875,1088-2,pratyAharaRam,pratyāharaṇam
ap,heads,M-nasal/Hi-pos/Hf-drop/G-keep,isolated,0,18100,22889,1089-1,pratyudgam,pratyudgam,22890,1089-1,pratyudgata,pratyudgata
ap,heads,M-nasal/Hi-pos/Hf-drop/G-keep,isolated,0,18109,22898,1089-1,pratyupakf,pratyupakṛ,22899,1089-1,pratyupakAraH,pratyupakāraḥ
ap,heads,M-nasal/Hi-pos/Hf-drop/G-keep,isolated,0,18127,22916,1089-2,pratyUh,pratyūh,22917,1089-2,pratyUQa,pratyūḍha
ap,heads,M-nasal/Hi-pos/Hf-drop/G-keep,isolated,0,18133,22922,1090-1,praTas,prathas,22923,1090-1,praTama,prathama
ap,heads,M-nasal/Hi-pos/Hf-drop/G-keep,isolated,0,18144,22933,1090-2,praTukaH,prathukaḥ,22934,1091-1,praTama,prathama
ap,heads,M-nasal/Hi-pos/Hf-drop/G-keep,isolated,0,18152,22941,1091-1,pradah,pradah,22942,1091-1,pradagDa,pradagdha
ap,heads,M-nasal/Hi-pos/Hf-drop/G-keep,isolated,0,18154,22943,1091-1,pradAhaH,pradāhaḥ,22944,1091-2,pradA,pradā
ap,heads,M-nasal/Hi-pos/Hf-drop/G-keep,isolated,0,18155,22944,1091-2,pradA,pradā,22945,1091-2,prada,prada
ap,heads,M-nasal/Hi-pos/Hf-drop/G-keep,isolated,0,18158,22947,1091-2,pradAnam,pradānam,22948,1091-2,pradAnakam,pradānakam
ap,heads,M-nasal/Hi-pos/Hf-drop/G-keep,isolated,0,18163,22952,1091-2,pradeya,pradeya,22953,1091-2,pradiv,pradiv
ap,heads,M-nasal/Hi-pos/Hf-drop/G-keep,isolated,0,18169,22959,1092-1,pradeSanI,pradeśanī,22960,1092-1,pradih,pradih
ap,heads,M-nasal/Hi-pos/Hf-drop/G-keep,isolated,0,18170,22960,1092-1,pradih,pradih,22961,1092-1,pradigDa,pradigdha
ap,heads,M-nasal/Hi-pos/Hf-drop/G-keep,isolated,0,18173,22963,1092-1,pradehanam,pradehanam,22964,1092-1,pradIp,pradīp
ap,heads,M-nasal/Hi-pos/Hf-drop/G-keep,isolated,0,18179,22975,1092-2,pradozaka,pradoṣaka,22976,1092-2,pradfS,pradṛś
ap,heads,M-nasal/Hi-pos/Hf-drop/G-keep,isolated,0,18180,22976,1092-2,pradfS,pradṛś,22977,1092-2,pradarSaH,pradarśaḥ
ap,heads,M-nasal/Hi-pos/Hf-drop/G-keep,isolated,0,18188,22985,1093-1,pradyotanam,pradyotanam,22986,1093-1,pradyumnaH,pradyumnaḥ
ap,heads,M-nasal/Hi-pos/Hf-drop/G-keep,isolated,0,18192,22989,1093-1,pradru,pradru,22990,1093-1,pradrava,pradrava
ap,heads,M-nasal/Hi-pos/Hf-drop/G-keep,isolated,0,18211,23011,1094-1,praDf,pradhṛ,23012,1094-1,praDAraRa,pradhāraṇa
ap,heads,M-nasal/Hi-pos/Hf-drop/G-keep,isolated,0,18213,23013,1094-1,praDfz,pradhṛṣ,23014,1094-1,praDarzaH,pradharṣaḥ
ap,heads,M-nasal/Hi-pos/Hf-drop/G-keep,isolated,0,18220,23021,1094-2,praDyE,pradhyai,23022,1094-2,praDyAnam,pradhyānam
ap,heads,M-nasal/Hi-pos/Hf-drop/G-keep,isolated,0,18229,23033,1094-2,pranft,pranṛt,23034,1094-2,pranartita,pranartita
ap,heads,M-nasal/Hi-pos/Hf-drop/G-keep,isolated,0,18240,23044,1095-1,prapAWita,prapāṭhita,23045,1095-1,prapaRaH,prapaṇaḥ
ap,heads,M-nasal/Hi-pos/Hf-drop/G-keep,isolated,0,18245,23051,1095-1,prapAtin,prapātin,23052,1095-1,prapaTa,prapatha
ap,heads,M-nasal/Hi-pos/Hf-drop/G-keep,isolated,0,18251,23060,1095-2,prapAdaH,prapādaḥ,23061,1095-2,prapannAqaH,prapannāḍaḥ
ap,heads,M-nasal/Hi-pos/Hf-drop/G-keep,isolated,0,18263,23072,1096-1,prapAnam,prapānam,23073,1096-1,prapAnakam,prapānakam
ap,heads,M-nasal/Hi-pos/Hf-drop/G-keep,isolated,0,18274,23084,1096-1,prapUrvagaH,prapūrvagaḥ,23085,1096-1,prapuzpita,prapuṣpita
ap,heads,M-nasal/Hi-pos/Hf-drop/G-keep,isolated,0,18277,23087,1096-1,prapF,prapṝ,23088,1096-1,prapUraka,prapūraka
ap,heads,M-nasal/Hi-pos/Hf-drop/G-keep,isolated,0,18288,23098,1096-2,prabanD,prabandh,23099,1096-2,prabadDa,prabaddha
ap,heads,M-nasal/Hi-pos/Hf-drop/G-keep,isolated,0,18299,23109,1097-1,prabAD,prabādh,23113,1097-1,prabahlikA,prabahlikā
ap,heads,M-nasal/Hi-pos/Hf-drop/G-keep,isolated,0,18305,23118,1097-1,prabuD,prabudh,23119,1097-2,prabudDa,prabuddha
ap,heads,M-nasal/Hi-pos/Hf-drop/G-keep,isolated,0,18315,23128,1097-2,praBaYj,prabhañj,23129,1097-2,praBagna,prabhagna
ap,heads,M-nasal/Hi-pos/Hf-drop/G-keep,isolated,0,18325,23139,1098-1,praBAvatI,prabhāvatī,23140,1098-1,praBAgaH,prabhāgaḥ
ap,heads,M-nasal/Hi-pos/Hf-drop/G-keep,isolated,0,18332,23151,1098-2,praBedaka,prabhedaka,23152,1098-2,praBU,prabhū
ap,heads,M-nasal/Hi-pos/Hf-drop/G-keep,isolated,0,18333,23152,1098-2,praBU,prabhū,23153,1099-1,praBava,prabhava
ap,heads,M-nasal/Hi-pos/Hf-drop/G-keep,isolated,0,18339,23158,1099-1,praBAvavat,prabhāvavat,23159,1099-1,praBAvaka,prabhāvaka
ap,heads,M-nasal/Hi-pos/Hf-drop/G-keep,isolated,0,18359,23187,1100-1,pramATin,pramāthin,23188,1100-2,pramad,pramad
ap,heads,M-nasal/Hi-pos/Hf-drop/G-keep,isolated,0,18360,23188,1100-2,pramad,pramad,23189,1100-2,pramatta,pramatta
ap,heads,M-nasal/Hi-pos/Hf-drop/G-keep,isolated,0,18374,23202,1101-1,pramAdin,pramādin,23203,1101-1,pramanas,pramanas
ap,heads,M-nasal/Hi-pos/Hf-drop/G-keep,isolated,0,18382,23211,1101-1,pramARam,pramāṇam,23212,1101-2,pramARaka,pramāṇaka
ap,heads,M-nasal/Hi-pos/Hf-drop/G-keep,isolated,0,18395,23224,1102-1,prameya,prameya,23225,1102-1,pramAtAmahaH,pramātāmahaḥ
ap,heads,M-nasal/Hi-pos/Hf-drop/G-keep,isolated,0,18401,23230,1102-1,pramedita,pramedita,23231,1102-1,pramI,pramī
ap,heads,M-nasal/Hi-pos/Hf-drop/G-keep,isolated,0,18404,23239,1102-2,pramuc,pramuc,23240,1102-2,pramukta,pramukta
ap,heads,M-nasal/Hi-pos/Hf-drop/G-keep,isolated,0,18408,23243,1102-2,pramocanam,pramocanam,23244,1102-2,pramud,pramud
ap,heads,M-nasal/Hi-pos/Hf-drop/G-keep,isolated,0,18414,23250,1103-1,pramodin,pramodin,23251,1103-1,pramuz,pramuṣ
ap,heads,M-nasal/Hi-pos/Hf-drop/G-keep,isolated,0,18416,23253,1103-1,pramozaH,pramoṣaḥ,23254,1103-1,pramuh,pramuh
ap,heads,M-nasal/Hi-pos/Hf-drop/G-keep,isolated,0,18417,23254,1103-1,pramuh,pramuh,23255,1103-1,pramugDa,pramugdha
ap,heads,M-nasal/Hi-pos/Hf-drop/G-keep,isolated,0,18421,23258,1103-1,pramohita,pramohita,23259,1103-1,pramfta,pramṛta
ap,heads,M-nasal/Hi-pos/Hf-drop/G-keep,isolated,0,18422,23259,1103-1,pramfta,pramṛta,23260,1103-1,pramfj,pramṛj
ap,heads,M-nasal/Hi-pos/Hf-drop/G-keep,isolated,0,18423,23260,1103-1,pramfj,pramṛj,23261,1103-1,pramArjanam,pramārjanam
ap,heads,M-nasal/Hi-pos/Hf-drop/G-keep,isolated,0,18429,23266,1103-2,pramlE,pramlai,23267,1103-2,pramlAna,pramlāna
ap,heads,M-nasal/Hi-pos/Hf-drop/G-keep,isolated,0,18432,23271,1103-2,prayam,prayam,23272,1103-2,prayata,prayata
ap,heads,M-nasal/Hi-pos/Hf-drop/G-keep,isolated,0,18438,23277,1104-1,prayAmaH,prayāmaḥ,23278,1104-1,prayas,prayas
ap,heads,M-nasal/Hi-pos/Hf-drop/G-keep,isolated,0,18440,23279,1104-1,prayAsaH,prayāsaḥ,23280,1104-1,prayas,prayas
ap,heads,M-nasal/Hi-pos/Hf-drop/G-keep,isolated,0,18444,23291,1104-2,prayuj,prayuj,23292,1104-2,prayukta,prayukta
ap,heads,M-nasal/Hi-pos/Hf-drop/G-keep,isolated,0,18457,23304,1105-2,prayojya,prayojya,23305,1105-2,prayuta,prayuta
ap,heads,M-nasal/Hi-pos/Hf-drop/G-keep,isolated,0,18464,23311,1105-2,prarocana,prarocana,23312,1106-1,prarudita,prarudita
ap,heads,M-nasal/Hi-pos/Hf-drop/G-keep,isolated,0,18477,23327,1106-1,pralApin,pralāpin,23328,1106-2,pralaB,pralabh
ap,heads,M-nasal/Hi-pos/Hf-drop/G-keep,isolated,0,18480,23330,1106-2,pralamBanam,pralambhanam,23331,1106-2,pralabDa,pralabdha
ap,heads,M-nasal/Hi-pos/Hf-drop/G-keep,isolated,0,18489,23339,1106-2,pralI,pralī,23340,1106-2,pralayaH,pralayaḥ
ap,heads,M-nasal/Hi-pos/Hf-drop/G-keep,isolated,0,18493,23343,1107-1,praloWanam,praloṭhanam,23344,1107-1,pralupta,pralupta
ap,heads,M-nasal/Hi-pos/Hf-drop/G-keep,isolated,0,18495,23345,1107-1,praluB,pralubh,23346,1107-1,pralubDa,pralubdha
ap,heads,M-nasal/Hi-pos/Hf-drop/G-keep,isolated,0,18501,23351,1107-1,praloBya,pralobhya,23352,1107-1,pralUna,pralūna
ap,heads,M-nasal/Hi-pos/Hf-drop/G-keep,isolated,0,18508,23358,1107-1,pravac,pravac,23359,1107-2,pravaktavya,pravaktavya
ap,heads,M-nasal/Hi-pos/Hf-drop/G-keep,isolated,0,18512,23362,1107-2,pravacanIya,pravacanīya,23363,1107-2,pravagaH,pravagaḥ
ap,heads,M-nasal/Hi-pos/Hf-drop/G-keep,isolated,0,18525,23376,1108-1,pravAdin,pravādin,23377,1108-1,pravap,pravap
ap,heads,M-nasal/Hi-pos/Hf-drop/G-keep,isolated,0,18527,23380,1108-1,pravApin,pravāpin,23381,1108-1,pravayaRam,pravayaṇam
ap,heads,M-nasal/Hi-pos/Hf-drop/G-keep,isolated,0,18542,23396,1108-2,pravAsya,pravāsya,23397,1108-2,pravah,pravah
ap,heads,M-nasal/Hi-pos/Hf-drop/G-keep,isolated,0,18546,23403,1109-1,pravAhanam,pravāhanam,23404,1109-1,pravAhaRI,pravāhaṇī
ap,heads,M-nasal/Hi-pos/Hf-drop/G-keep,isolated,0,18550,23407,1109-1,pravAhI,pravāhī,23408,1109-1,pravahliH,pravahliḥ
ap,heads,M-nasal/Hi-pos/Hf-drop/G-keep,isolated,0,18570,23428,1109-2,pravicArita,pravicārita,23429,1109-2,pravical,pravical
ap,heads,M-nasal/Hi-pos/Hf-drop/G-keep,isolated,0,18582,23442,1110-1,praviBaj,pravibhaj,23443,1110-1,praviBakta,pravibhakta
ap,heads,M-nasal/Hi-pos/Hf-drop/G-keep,isolated,0,18602,23462,1110-2,praveSya,praveśya,23463,1110-2,praviSlezaH,praviśleṣaḥ
ap,heads,M-nasal/Hi-pos/Hf-drop/G-keep,isolated,0,18613,23474,1110-2,pravft,pravṛt,23475,1111-1,pravartaH,pravartaḥ
ap,heads,M-nasal/Hi-pos/Hf-drop/G-keep,isolated,0,18623,23484,1111-2,pravfD,pravṛdh,23485,1111-2,pravarDanam,pravardhanam
ap,heads,M-nasal/Hi-pos/Hf-drop/G-keep,isolated,0,18627,23488,1111-2,pravfz,pravṛṣ,23489,1112-1,pravarzaH,pravarṣaḥ
ap,heads,M-nasal/Hi-pos/Hf-drop/G-keep,isolated,0,18637,23498,1112-1,pravedita,pravedita,23499,1112-1,pravedanam,pravedanam
ap,heads,M-nasal/Hi-pos/Hf-drop/G-keep,isolated,0,18650,23515,1112-2,pravrAjanam,pravrājanam,23516,1112-2,pravraScanaH,pravraścanaḥ
ap,heads,M-nasal/Hi-pos/Hf-drop/G-keep,isolated,0,18655,23525,1113-1,praSasya,praśasya,23526,1113-1,praSattvan,praśattvan
ap,heads,M-nasal/Hi-pos/Hf-drop/G-keep,isolated,0,18661,23534,1113-2,praSAmaH,praśāmaḥ,23535,1113-2,praSAKa,praśākha
ap,heads,M-nasal/Hi-pos/Hf-drop/G-keep,isolated,0,18666,23542,1113-2,praSizwiH,praśiṣṭiḥ,23543,1113-2,praSiTila,praśithila
ap,heads,M-nasal/Hi-pos/Hf-drop/G-keep,isolated,0,18691,23569,1114-2,prasaYj,prasañj,23570,1114-2,prasakta,prasakta
ap,heads,M-nasal/Hi-pos/Hf-drop/G-keep,isolated,0,18700,23578,1115-1,prasad,prasad,23579,1115-1,prasattiH,prasattiḥ
ap,heads,M-nasal/Hi-pos/Hf-drop/G-keep,isolated,0,18709,23587,1116-1,prasedivas,prasedivas,23588,1116-1,prasandAnam,prasandānam
ap,heads,M-nasal/Hi-pos/Hf-drop/G-keep,isolated,0,18722,23601,1116-2,prasAhaH,prasāhaḥ,23602,1116-2,prasAtikA,prasātikā
ap,heads,M-nasal/Hi-pos/Hf-drop/G-keep,isolated,0,18731,23610,1116-2,prasiD,prasidh,23611,1117-1,prasidDa,prasiddha
ap,heads,M-nasal/Hi-pos/Hf-drop/G-keep,isolated,0,18737,23616,1117-1,prasuptiH,prasuptiḥ,23617,1117-1,prasu,prasu
ap,heads,M-nasal/Hi-pos/Hf-drop/G-keep,isolated,0,18738,23617,1117-1,prasu,prasu,23618,1117-1,prasavaH,prasavaḥ
ap,heads,M-nasal/Hi-pos/Hf-drop/G-keep,isolated,0,18751,23630,1117-2,prasUnakam,prasūnakam,23631,1117-2,prasU,prasū
ap,heads,M-nasal/Hi-pos/Hf-drop/G-keep,isolated,0,18753,23632,1117-2,prasf,prasṛ,23633,1118-1,prasaraH,prasaraḥ
ap,heads,M-nasal/Hi-pos/Hf-drop/G-keep,isolated,0,18764,23643,1118-2,prasfmara,prasṛmara,23644,1118-2,prasfj,prasṛj
ap,heads,M-nasal/Hi-pos/Hf-drop/G-keep,isolated,0,18766,23645,1118-2,prasfzwa,prasṛṣṭa,23646,1118-2,prasfp,prasṛp
ap,heads,M-nasal/Hi-pos/Hf-drop/G-keep,isolated,0,18767,23646,1118-2,prasfp,prasṛp,23647,1118-2,prasarpaH,prasarpaḥ
ap,heads,M-nasal/Hi-pos/Hf-drop/G-keep,isolated,0,18788,23670,1119-2,prastu,prastu,23671,1119-2,prastavaH,prastavaḥ
ap,heads,M-nasal/Hi-pos/Hf-drop/G-keep,isolated,0,18797,23679,1120-1,prasTA,prasthā,23680,1120-1,prasTa,prastha
ap,heads,M-nasal/Hi-pos/Hf-drop/G-keep,isolated,0,18809,23691,1120-2,prasnu,prasnu,23692,1120-2,prasnavaH,prasnavaḥ
ap,heads,M-nasal/Hi-pos/Hf-drop/G-keep,isolated,0,18818,23701,1121-1,prasPowanam,prasphoṭanam,23702,1121-1,prasPur,prasphur
ap,heads,M-nasal/Hi-pos/Hf-drop/G-keep,isolated,0,18824,23710,1121-1,prasru,prasru,23711,1121-1,prasravaH,prasravaḥ
ap,heads,M-nasal/Hi-pos/Hf-drop/G-keep,isolated,0,18834,23720,1121-2,prasvApana,prasvāpana,23721,1121-2,prasvAdas,prasvādas
ap,heads,M-nasal/Hi-pos/Hf-drop/G-keep,isolated,0,18839,23725,1121-2,prasvedita,prasvedita,23726,1121-2,prasvf,prasvṛ
ap,heads,M-nasal/Hi-pos/Hf-drop/G-keep,isolated,0,18841,23727,1121-2,prahan,prahan,23728,1121-2,prahaRanam,prahaṇanam
ap,heads,M-nasal/Hi-pos/Hf-drop/G-keep,isolated,0,18844,23730,1121-2,prahatiH,prahatiḥ,23731,1121-2,prahaRemiH,prahaṇemiḥ
ap,heads,M-nasal/Hi-pos/Hf-drop/G-keep,isolated,0,18849,23738,1122-1,prahAsin,prahāsin,23739,1122-1,prahastaH,prahastaḥ
ap,heads,M-nasal/Hi-pos/Hf-drop/G-keep,isolated,0,18855,23745,1122-1,prahIRa,prahīṇa,23746,1122-1,prahi,prahi
ap,heads,M-nasal/Hi-pos/Hf-drop/G-keep,isolated,0,18856,23746,1122-1,prahi,prahi,23747,1122-1,prahAyyaH,prahāyyaḥ
ap,heads,M-nasal/Hi-pos/Hf-drop/G-keep,isolated,0,18863,23753,1122-2,prahf,prahṛ,23754,1122-2,praharaH,praharaḥ
ap,heads,M-nasal/Hi-pos/Hf-drop/G-keep,isolated,0,18866,23756,1122-2,praharaRam,praharaṇam,23757,1122-2,praharaRakalikA,praharaṇakalikā
ap,heads,M-nasal/Hi-pos/Hf-drop/G-keep,isolated,0,18876,23766,1123-1,prahfz,prahṛṣ,23767,1123-1,praharzaH,praharṣaḥ
ap,heads,M-nasal/Hi-pos/Hf-drop/G-keep,isolated,0,18889,23779,1123-2,prahlAd,prahlād,23780,1123-2,prahlanna,prahlanna
ap,heads,M-nasal/Hi-pos/Hf-drop/G-keep,isolated,0,18891,23781,1123-2,prahlanniH,prahlanniḥ,23782,1123-2,prahrAdaH,prahrādaḥ
ap,heads,M-nasal/Hi-pos/Hf-drop/G-keep,isolated,0,18893,23783,1123-2,prahlAdaka,prahlādaka,23784,1123-2,prahnAdana,prahnādana
ap,heads,M-nasal/Hi-pos/Hf-drop/G-keep,isolated,0,18930,23822,1125-1,prANgam,prāṅgam,23823,1125-1,prANgaRam,prāṅgaṇam
ap,heads,M-nasal/Hi-pos/Hf-drop/G-keep,isolated,0,18936,23828,1126-1,prAcyaka,prācyaka,23829,1126-1,prAcaRqyam,prācaṇḍyam
ap,heads,M-nasal/Hi-pos/Hf-drop/G-keep,isolated,0,18969,23862,1128-1,prARin,prāṇin,23863,1128-2,prARAyya,prāṇāyya
ap,heads,M-nasal/Hi-pos/Hf-drop/G-keep,isolated,0,18987,23880,1129-1,prAtipada,prātipada,23881,1129-1,prAtipaTikaH,prātipathikaḥ
ap,heads,M-nasal/Hi-pos/Hf-drop/G-keep,isolated,0,19016,23909,1129-2,prAdus,prādus,23910,1129-2,prAduras,prāduras
ap,heads,M-nasal/Hi-pos/Hf-drop/G-keep,isolated,0,19018,23911,1129-2,prAdurBU,prādurbhū,23912,1130-1,prAdurBAvaH,prādurbhāvaḥ
ap,heads,M-nasal/Hi-pos/Hf-drop/G-keep,isolated,0,19044,23946,1131-2,prABavam,prābhavam,23947,1131-2,prABavatyam,prābhavatyam
ap,heads,M-nasal/Hi-pos/Hf-drop/G-keep,isolated,0,19062,23964,1132-2,prAyaScittin,prāyaścittin,23965,1132-2,prAyaScitIya,prāyaścitīya
ap,heads,M-nasal/Hi-pos/Hf-drop/G-keep,isolated,0,19066,23968,1132-2,prAyeRa,prāyeṇa,23969,1132-2,prAyARika,prāyāṇika
ap,heads,M-nasal/Hi-pos/Hf-drop/G-keep,isolated,0,19069,23971,1132-2,prAyuD,prāyudh,23972,1132-2,prAyudDezin,prāyuddheṣin
ap,heads,M-nasal/Hi-pos/Hf-drop/G-keep,isolated,0,19075,23977,1132-2,prAraB,prārabh,23978,1132-2,prArabDa,prārabdha
ap,heads,M-nasal/Hi-pos/Hf-drop/G-keep,isolated,0,19098,24007,1133-2,prAvf,prāvṛ,24008,1133-2,prAvaraH,prāvaraḥ
ap,heads,M-nasal/Hi-pos/Hf-drop/G-keep,isolated,0,19124,24034,1134-2,prASitram,prāśitram,24035,1134-2,prASastyam,prāśastyam
ap,heads,M-nasal/Hi-pos/Hf-drop/G-keep,isolated,1,19141,24072,1136-2,priyaMdada,priyaṃdada,24073,1136-2,priyaMvada,priyaṃvada
ap,heads,M-nasal/Hi-pos/Hf-drop/G-keep,isolated,1,19159,24091,1137-2,prItimat,prītimat,24092,1137-2,prIH,prīḥ
ap,heads,M-nasal/Hi-pos/Hf-drop/G-keep,isolated,0,19167,24103,1138-1,pretya,pretya,24104,1138-1,prekz,prekṣ
ap,heads,M-nasal/Hi-pos/Hf-drop/G-keep,isolated,0,19191,24143,1139-2,prezya,preṣya,24144,1139-2,prezWa,preṣṭha
ap,heads,M-nasal/Hi-pos/Hf-drop/G-keep,isolated,0,19194,24146,1140-1,prEyam,praiyam,24147,1140-1,prEyakam,praiyakam
ap,heads,M-nasal/Hi-pos/Hf-drop/G-keep,isolated,0,19261,24222,1141-2,prozyapApIyAn,proṣyapāpīyān,24223,1141-2,prozWaH,proṣṭhaḥ
ap,heads,M-nasal/Hi-pos/Hf-drop/G-keep,isolated,0,19264,24225,1141-2,proha,proha,24226,1141-2,proQa,proḍha
ap,heads,M-nasal/Hi-pos/Hf-drop/G-keep,isolated,0,19269,24230,1142-1,prORa,prauṇa,24231,1142-1,prOkta,praukta
ap,heads,M-nasal/Hi-pos/Hf-drop/G-keep,isolated,0,19277,24241,1142-2,plu,plu,24242,1142-2,plava,plava
ap,heads,M-nasal/Hi-pos/Hf-drop/G-keep,isolated,0,19281,24245,1143-1,plavatvam,plavatvam,24246,1143-1,plavaNgamaH,plavaṅgamaḥ
ap,heads,M-nasal/Hi-pos/Hf-drop/G-keep,isolated,0,19293,24257,1143-2,pluz,pluṣ,24258,1143-2,plukziH,plukṣiḥ
ap,heads,M-nasal/Hi-pos/Hf-drop/G-keep,isolated,0,19299,24263,1143-2,plozaRa,ploṣaṇa,24264,1143-2,plus,plus
ap,heads,M-nasal/Hi-pos/Hf-drop/G-keep,isolated,0,19323,24298,1145-1,Palam,phalam,24299,1146-2,Palakam,phalakam
ap,heads,M-nasal/Hi-pos/Hf-drop/G-keep,isolated,0,19339,24314,1147-1,PalIkf,phalīkṛ,24315,1147-1,PalIkaraRam,phalīkaraṇam
ap,heads,M-nasal/Hi-pos/Hf-drop/G-keep,isolated,0,19348,24323,1147-1,PAlgunikaH,phālgunikaḥ,24324,1147-1,Palyam,phalyam
ap,heads,M-nasal/Hi-pos/Hf-drop/G-keep,isolated,0,19366,24341,1147-2,PiwsUtram,phiṭsūtram,24342,1147-2,PiNgakaH,phiṅgakaḥ
ap,heads,M-nasal/Hi-pos/Hf-drop/G-keep,isolated,0,19415,24411,1150-1,banD,bandh,24412,1150-2,badDa,baddha
ap,heads,M-nasal/Hi-pos/Hf-drop/G-keep,isolated,0,19442,24438,1153-1,baBriH,babhriḥ,24439,1153-1,baBravI,babhravī
ap,heads,M-nasal/Hi-pos/Hf-drop/G-keep,isolated,0,19451,24447,1153-2,barv,barv,24448,1153-2,barbawaH,barbaṭaḥ
ap,heads,M-nasal/Hi-pos/Hf-drop/G-keep,isolated,0,19468,24464,1154-1,barhis,barhis,24465,1154-1,barhizka,barhiṣka
ap,heads,M-nasal/Hi-pos/Hf-drop/G-keep,isolated,0,19472,24468,1154-2,balam,balam,24469,1155-2,balakaH,balakaḥ
ap,heads,M-nasal/Hi-pos/Hf-drop/G-keep,isolated,0,19477,24473,1155-2,balAyate,balāyate,24474,1155-2,balalaH,balalaḥ
ap,heads,M-nasal/Hi-pos/Hf-drop/G-keep,isolated,0,19481,24477,1155-2,balA,balā,24478,1156-1,balatI,balatī
ap,heads,M-nasal/Hi-pos/Hf-drop/G-keep,isolated,0,19492,24488,1156-1,balAham,balāham,24489,1156-1,balAhakaH,balāhakaḥ
ap,heads,M-nasal/Hi-pos/Hf-drop/G-keep,isolated,0,19505,24501,1157-1,balya,balya,24502,1157-1,balivardaH,balivardaḥ
ap,heads,M-nasal/Hi-pos/Hf-drop/G-keep,isolated,0,19516,24512,1157-1,bahlikAH,bahlikāḥ,24513,1157-2,bavaH,bavaḥ
ap,heads,M-nasal/Hi-pos/Hf-drop/G-keep,isolated,0,19526,24522,1157-2,bahis,bahis,24523,1158-1,bahizka,bahiṣka
ap,heads,M-nasal/Hi-pos/Hf-drop/G-keep,isolated,0,19528,24524,1158-1,bahizkf,bahiṣkṛ,24525,1158-1,bahizkaraRam,bahiṣkaraṇam
ap,heads,M-nasal/Hi-pos/Hf-drop/G-keep,isolated,0,19536,24532,1160-1,bahutara,bahutara,24533,1160-1,bahutama,bahutama
ap,heads,M-nasal/Hi-pos/Hf-drop/G-keep,isolated,1,19537,24533,1160-1,bahutama,bahutama,24534,1160-1,bahutaH,bahutaḥ
ap,heads,M-nasal/Hi-pos/Hf-drop/G-keep,isolated,0,19545,24541,1160-2,bahulikA,bahulikā,24542,1160-2,bahulatA,bahulatā
ap,heads,M-nasal/Hi-pos/Hf-drop/G-keep,isolated,0,19548,24544,1160-2,bahulIkf,bahulīkṛ,24545,1160-2,bahulIkaraRam,bahulīkaraṇam
ap,heads,M-nasal/Hi-pos/Hf-drop/G-keep,isolated,0,19552,24548,1160-2,bahulIBU,bahulībhū,24549,1160-2,bahulIBAvaH,bahulībhāvaḥ
ap,heads,M-nasal/Hi-pos/Hf-drop/G-keep,isolated,0,19559,24555,1160-2,bAQaBIkaraH,bāḍhabhīkaraḥ,24556,1160-2,bAqavaH,bāḍavaḥ
ap,heads,M-nasal/Hi-pos/Hf-drop/G-keep,isolated,0,19589,24593,1163-2,bAlikA,bālikā,24594,1163-2,bAlavaH,bālavaḥ
ap,heads,M-nasal/Hi-pos/Hf-drop/G-keep,isolated,0,19591,24595,1163-2,bAliH,bāliḥ,24596,1163-2,bAlAkiH,bālākiḥ
ap,heads,M-nasal/Hi-pos/Hf-drop/G-keep,isolated,0,19620,24624,1165-1,bAhumat,bāhumat,24625,1165-1,bAhuguRyam,bāhuguṇyam
ap,heads,M-nasal/Hi-pos/Hf-drop/G-keep,isolated,0,19640,24645,1166-1,biWam,biṭham,24646,1166-1,biWakam,biṭhakam
ap,heads,M-nasal/Hi-pos/Hf-drop/G-keep,isolated,0,19671,24685,1167-2,bis,bis,24693,1168-1,bilhaRaH,bilhaṇaḥ
ap,heads,M-nasal/Hi-pos/Hf-drop/G-keep,isolated,0,19673,24694,1168-1,bIjam,bījam,24695,1168-2,bIjakaH,bījakaḥ
ap,heads,M-nasal/Hi-pos/Hf-drop/G-keep,isolated,0,19689,24717,1169-1,buD,budh,24718,1169-2,budDa,buddha
ap,heads,M-nasal/Hi-pos/Hf-drop/G-keep,isolated,0,19699,24727,1170-2,buDya,budhya,24728,1170-2,buDnaH,budhnaḥ
ap,heads,M-nasal/Hi-pos/Hf-drop/G-keep,isolated,0,19702,24730,1170-2,bunD,bundh,24731,1170-2,buDuDAna,budhudhāna
ap,heads,M-nasal/Hi-pos/Hf-drop/G-keep,isolated,0,19721,24753,1171-1,bfsaya,bṛsaya,24754,1171-1,bfMh,bṛṃh
ap,heads,M-nasal/Hi-pos/Hf-drop/G-keep,isolated,0,19755,24790,1177-1,brahmam,brahmam,24791,1177-1,brahmaRya,brahmaṇya
ap,heads,M-nasal/Hi-pos/Hf-drop/G-keep,isolated,0,19782,24817,1178-2,brU,brū,24818,1179-2,bruva,bruva
ap,heads,M-nasal/Hi-pos/Hf-drop/G-keep,isolated,0,19860,24918,1184-2,Bayam,bhayam,24919,1185-1,Bayanam,bhayanam
ap,heads,M-nasal/Hi-pos/Hf-drop/G-keep,isolated,1,19861,24919,1185-1,Bayanam,bhayanam,24920,1185-1,BayaMkara,bhayaṃkara
ap,heads,M-nasal/Hi-pos/Hf-drop/G-keep,isolated,0,19866,24924,1185-2,BareRa,bhareṇa,24925,1185-2,BarawaH,bharaṭaḥ
ap,heads,M-nasal/Hi-pos/Hf-drop/G-keep,isolated,0,19896,24957,1186-2,Barmam,bharmam,24958,1186-2,BarmaRyA,bharmaṇyā
ap,heads,M-nasal/Hi-pos/Hf-drop/G-keep,isolated,0,19897,24958,1186-2,BarmaRyA,bharmaṇyā,24959,1186-2,Barm,bharm
ap,heads,M-nasal/Hi-pos/Hf-drop/G-keep,isolated,0,19910,24978,1188-1,BavAnI,bhavānī,24979,1188-1,BavAdfkza,bhavādṛkṣa
ap,heads,M-nasal/Hi-pos/Hf-drop/G-keep,isolated,0,19922,24990,1188-1,Bavya,bhavya,24991,1188-2,BavadIya,bhavadīya
ap,heads,M-nasal/Hi-pos/Hf-drop/G-keep,isolated,0,19924,24992,1188-2,BAvatka,bhāvatka,24993,1188-2,Baz,bhaṣ
ap,heads,M-nasal/Hi-pos/Hf-drop/G-keep,isolated,0,19935,25007,1189-1,Basman,bhasman,25008,1189-1,BasmatA,bhasmatā
ap,heads,M-nasal/Hi-pos/Hf-drop/G-keep,isolated,0,19952,25025,1190-1,BAgin,bhāgin,25026,1190-1,BAgavata,bhāgavata
ap,heads,M-nasal/Hi-pos/Hf-drop/G-keep,isolated,0,19960,25033,1190-2,BANgInam,bhāṅgīnam,25034,1190-2,BANgakaH,bhāṅgakaḥ
ap,heads,M-nasal/Hi-pos/Hf-drop/G-keep,isolated,0,19975,25049,1191-1,BARqam,bhāṇḍam,25050,1191-2,BARqakaH,bhāṇḍakaḥ
ap,heads,M-nasal/Hi-pos/Hf-drop/G-keep,isolated,0,19991,25065,1191-2,BAnam,bhānam,25066,1191-2,BAnatas,bhānatas
ap,heads,M-nasal/Hi-pos/Hf-drop/G-keep,isolated,0,20002,25081,1192-2,BArikA,bhārikā,25082,1192-2,BAraNgI,bhāraṅgī
ap,heads,M-nasal/Hi-pos/Hf-drop/G-keep,isolated,0,20034,25113,1195-2,BAvitram,bhāvitram,25114,1195-2,BAvitA,bhāvitā
ap,heads,M-nasal/Hi-pos/Hf-drop/G-keep,isolated,0,20040,25119,1196-1,BAvyatA,bhāvyatā,25120,1196-1,BAvata,bhāvata
ap,heads,M-nasal/Hi-pos/Hf-drop/G-keep,isolated,0,20054,25143,1197-1,BAsvara,bhāsvara,25144,1197-1,BAsmana,bhāsmana
ap,heads,M-nasal/Hi-pos/Hf-drop/G-keep,isolated,0,20059,25154,1197-2,Bid,bhid,25155,1198-1,Bittam,bhittam
ap,heads,M-nasal/Hi-pos/Hf-drop/G-keep,isolated,0,20084,25179,1199-2,BI,bhī,25180,1199-2,Biyas,bhiyas
ap,heads,M-nasal/Hi-pos/Hf-drop/G-keep,isolated,0,20092,25187,1199-2,Betavya,bhetavya,25188,1199-2,BIma,bhīma
ap,heads,M-nasal/Hi-pos/Hf-drop/G-keep,isolated,1,20095,25190,1200-1,BImaram,bhīmaram,25191,1200-2,BImaraH,bhīmaraḥ
ap,heads,M-nasal/Hi-pos/Hf-drop/G-keep,isolated,0,20102,25197,1200-2,BIlukaH,bhīlukaḥ,25198,1200-2,BIrU,bhīrū
ap,heads,M-nasal/Hi-pos/Hf-drop/G-keep,isolated,0,20110,25205,1201-1,Buj,bhuj,25206,1201-2,Bukta,bhukta
ap,heads,M-nasal/Hi-pos/Hf-drop/G-keep,isolated,0,20166,25274,1209-1,Bftrima,bhṛtrima,25275,1209-1,BfkuMSaH,bhṛkuṃśaḥ
ap,heads,M-nasal/Hi-pos/Hf-drop/G-keep,isolated,0,20193,25304,1210-2,BeRqA,bheṇḍā,25305,1210-2,BeqraH,bheḍraḥ
ap,heads,M-nasal/Hi-pos/Hf-drop/G-keep,isolated,0,20266,25384,1214-2,Brazwa,bhraṣṭa,25385,1214-2,BraMs,bhraṃs
ap,heads,M-nasal/Hi-pos/Hf-drop/G-keep,isolated,0,20281,25416,1216-1,BrAtfvyaH,bhrātṛvyaḥ,25417,1216-1,BrAtftvam,bhrātṛtvam
ap,heads,M-nasal/Hi-pos/Hf-drop/G-keep,isolated,0,20302,25437,1216-2,BrukuwiH,bhrukuṭiḥ,25438,1217-1,BrI,bhrī
ap,heads,M-nasal/Hi-pos/Hf-drop/G-keep,isolated,0,20316,25455,1218-1,makarin,makarin,25456,1218-1,makarikA,makarikā
ap,heads,M-nasal/Hi-pos/Hf-drop/G-keep,isolated,0,20318,25457,1218-1,makarI,makarī,25458,1218-1,makarandaH,makarandaḥ
ap,heads,M-nasal/Hi-pos/Hf-drop/G-keep,isolated,0,20334,25481,1218-2,magandaH,magandaḥ,25482,1218-2,magaDaH,magadhaḥ
ap,heads,M-nasal/Hi-pos/Hf-drop/G-keep,isolated,1,20349,25515,1220-1,majjanam,majjanam,25516,1220-1,majjanaH,majjanaḥ
ap,heads,M-nasal/Hi-pos/Hf-drop/G-keep,isolated,0,20373,25570,1223-1,maRqita,maṇḍita,25572,1223-1,maRqarI,maṇḍarī
ap,heads,M-nasal/Hi-pos/Hf-drop/G-keep,isolated,0,20384,25582,1224-1,maRqalIkf,maṇḍalīkṛ,25583,1224-1,maRqalIkaraRam,maṇḍalīkaraṇam
ap,heads,M-nasal/Hi-pos/Hf-drop/G-keep,isolated,0,20418,25616,1226-1,maTya,mathya,25617,1226-1,maTurA,mathurā
ap,heads,M-nasal/Hi-pos/Hf-drop/G-keep,isolated,0,20454,25653,1230-2,maDurikA,madhurikā,25654,1230-2,maDuratA,madhuratā
ap,heads,M-nasal/Hi-pos/Hf-drop/G-keep,isolated,0,20484,25683,1233-1,mantf,mantṛ,25684,1233-1,manas,manas
ap,heads,M-nasal/Hi-pos/Hf-drop/G-keep,isolated,0,20491,25690,1234-2,manasvin,manasvin,25691,1234-2,manasvitA,manasvitā
ap,heads,M-nasal/Hi-pos/Hf-drop/G-keep,isolated,0,20495,25694,1234-2,manomaya,manomaya,25695,1235-1,manAk,manāk
ap,heads,M-nasal/Hi-pos/Hf-drop/G-keep,isolated,0,20517,25738,1238-2,mandIBU,mandībhū,25739,1238-2,mandawaH,mandaṭaḥ
ap,heads,M-nasal/Hi-pos/Hf-drop/G-keep,isolated,0,20550,25771,1240-1,mamApatAlaH,mamāpatālaḥ,25772,1240-1,mab,mab
ap,heads,M-nasal/Hi-pos/Hf-drop/G-keep,isolated,0,20558,25790,1240-2,marataH,marataḥ,25791,1240-2,maraRIya,maraṇīya
ap,heads,M-nasal/Hi-pos/Hf-drop/G-keep,isolated,0,20560,25792,1240-2,mariman,mariman,25793,1241-1,maranda,maranda
ap,heads,M-nasal/Hi-pos/Hf-drop/G-keep,isolated,0,20583,25815,1241-2,marUvaka,marūvaka,25816,1242-1,marUkaH,marūkaḥ
ap,heads,M-nasal/Hi-pos/Hf-drop/G-keep,isolated,0,20600,25832,1242-2,mardita,mardita,25833,1242-2,mardalaH,mardalaḥ
ap,heads,M-nasal/Hi-pos/Hf-drop/G-keep,isolated,0,20605,25837,1243-1,marmika,marmika,25838,1243-1,marmara,marmara
ap,heads,M-nasal/Hi-pos/Hf-drop/G-keep,isolated,0,20638,25919,1246-1,mastam,mastam,25920,1246-2,mastakaH,mastakaḥ
ap,heads,M-nasal/Hi-pos/Hf-drop/G-keep,isolated,1,20640,25921,1246-2,mastikam,mastikam,25922,1246-2,mastiH,mastiḥ
ap,heads,M-nasal/Hi-pos/Hf-drop/G-keep,isolated,0,20675,25959,1254-2,mahizmat,mahiṣmat,25960,1254-2,mahizWa,mahiṣṭha
ap,heads,M-nasal/Hi-pos/Hf-drop/G-keep,isolated,0,20724,26033,1258-1,mAtuleyaH,mātuleyaḥ,26034,1258-1,mAtuliNgaH,mātuliṅgaḥ
ap,heads,M-nasal/Hi-pos/Hf-drop/G-keep,isolated,0,20778,26087,1261-2,mAnayitf,mānayitṛ,26088,1261-2,mAnanam,mānanam
ap,heads,M-nasal/Hi-pos/Hf-drop/G-keep,isolated,0,20783,26092,1261-2,mAnin,mānin,26093,1261-2,mAnitA,mānitā
ap,heads,M-nasal/Hi-pos/Hf-drop/G-keep,isolated,0,20784,26093,1261-2,mAnitA,mānitā,26094,1261-2,mAnaHSila,mānaḥśila
ap,heads,M-nasal/Hi-pos/Hf-drop/G-keep,isolated,0,20808,26118,1263-1,mApanam,māpanam,26119,1263-1,mApatyaH,māpatyaḥ
ap,heads,M-nasal/Hi-pos/Hf-drop/G-keep,isolated,0,20819,26129,1263-2,mAyin,māyin,26130,1263-2,mAyAtiH,māyātiḥ
ap,heads,M-nasal/Hi-pos/Hf-drop/G-keep,isolated,0,20832,26142,1264-1,mArI,mārī,26143,1264-1,mArakata,mārakata
ap,heads,M-nasal/Hi-pos/Hf-drop/G-keep,isolated,0,20872,26191,1266-2,mAlAkA,mālākā,26192,1266-2,mAlakOSaH,mālakauśaḥ
ap,heads,M-nasal/Hi-pos/Hf-drop/G-keep,isolated,0,20887,26206,1267-1,mAlyavat,mālyavat,26207,1267-1,mAlinyam,mālinyam
ap,heads,M-nasal/Hi-pos/Hf-drop/G-keep,isolated,0,20905,26225,1268-1,mAsya,māsya,26226,1268-1,mAsaraH,māsaraḥ
ap,heads,M-nasal/Hi-pos/Hf-drop/G-keep,isolated,0,20926,26272,1269-2,mitrIyati,mitrīyati,26273,1269-2,mitrAvaruRO,mitrāvaruṇau
ap,heads,M-nasal/Hi-pos/Hf-drop/G-keep,isolated,0,20931,26283,1270-1,miTunIBU,mithunībhū,26284,1270-1,miTunIBAvaH,mithunībhāvaḥ
ap,heads,M-nasal/Hi-pos/Hf-drop/G-keep,isolated,0,20937,26289,1270-2,minna,minna,26290,1270-2,midDam,middham
ap,heads,M-nasal/Hi-pos/Hf-drop/G-keep,isolated,0,20955,26321,1271-2,mIQa,mīḍha,26322,1271-2,mihikA,mihikā
ap,heads,M-nasal/Hi-pos/Hf-drop/G-keep,isolated,0,21003,26379,1275-2,mOKa,maukha,26380,1275-2,muKaRqI,mukhaṇḍī
ap,heads,M-nasal/Hi-pos/Hf-drop/G-keep,isolated,0,21018,26395,1276-2,muYjAwaH,muñjāṭaḥ,26396,1276-2,muYjaram,muñjaram
ap,heads,M-nasal/Hi-pos/Hf-drop/G-keep,isolated,0,21041,26419,1277-2,mudgazwaH,mudgaṣṭaḥ,26420,1277-2,mudga,mudga
ap,heads,M-nasal/Hi-pos/Hf-drop/G-keep,isolated,0,21043,26421,1277-2,mudrA,mudrā,26422,1277-2,mudraRam,mudraṇam
ap,heads,M-nasal/Hi-pos/Hf-drop/G-keep,isolated,0,21074,26463,1279-2,muzwa,muṣṭa,26464,1279-2,muzkaH,muṣkaḥ
ap,heads,M-nasal/Hi-pos/Hf-drop/G-keep,isolated,0,21090,26488,1280-2,mUQatA,mūḍhatā,26489,1280-2,muhira,muhira
ap,heads,M-nasal/Hi-pos/Hf-drop/G-keep,isolated,0,21112,26511,1281-2,mUrcC,mūrcch,26512,1281-2,mUrKalikA,mūrkhalikā
ap,heads,M-nasal/Hi-pos/Hf-drop/G-keep,isolated,0,21129,26528,1282-2,mUlam,mūlam,26529,1283-2,mUlaka,mūlaka
ap,heads,M-nasal/Hi-pos/Hf-drop/G-keep,isolated,0,21154,26583,1286-2,mftiman,mṛtiman,26584,1286-2,mftaRqaH,mṛtaṇḍaḥ
ap,heads,M-nasal/Hi-pos/Hf-drop/G-keep,isolated,0,21164,26596,1287-1,mfnmaya,mṛnmaya,26597,1287-1,mfdaNkuraH,mṛdaṅkuraḥ
ap,heads,M-nasal/Hi-pos/Hf-drop/G-keep,isolated,0,21173,26605,1287-2,mfdula,mṛdula,26606,1287-2,mfdunnakam,mṛdunnakam
ap,heads,M-nasal/Hi-pos/Hf-drop/G-keep,isolated,0,21177,26610,1287-2,mfDas,mṛdhas,26611,1287-2,mfDam,mṛdham
ap,heads,M-nasal/Hi-pos/Hf-drop/G-keep,isolated,0,21306,26768,1294-1,mOKyam,maukhyam,26769,1294-1,mOKariH,maukhariḥ
ap,heads,M-nasal/Hi-pos/Hf-drop/G-keep,isolated,0,21359,26828,1296-1,mlE,mlai,26829,1296-2,mlAta,mlāta
ap,heads,M-nasal/Hi-pos/Hf-drop/G-keep,isolated,0,21371,26840,1297-2,yakzin,yakṣin,26841,1297-2,yakziRI,yakṣiṇī
ap,heads,M-nasal/Hi-pos/Hf-drop/G-keep,isolated,0,21382,26873,1299-2,yatnavat,yatnavat,26874,1299-2,yata,yata
ap,heads,M-nasal/Hi-pos/Hf-drop/G-keep,isolated,0,21397,26888,1303-2,yadIya,yadīya,26889,1303-2,yadA,yadā
ap,heads,M-nasal/Hi-pos/Hf-drop/G-keep,isolated,0,21418,26933,1307-1,yavamat,yavamat,26934,1307-1,yavanaH,yavanaḥ
ap,heads,M-nasal/Hi-pos/Hf-drop/G-keep,isolated,0,21481,27011,1310-2,yAnam,yānam,27012,1310-2,yAnakam,yānakam
ap,heads,M-nasal/Hi-pos/Hf-drop/G-keep,isolated,0,21498,27028,1311-2,yAmIraH,yāmīraḥ,27029,1311-2,yAmalam,yāmalam
ap,heads,M-nasal/Hi-pos/Hf-drop/G-keep,isolated,0,21516,27046,1312-2,yAvanIpriyA,yāvanīpriyā,27047,1312-2,yAvanAlaH,yāvanālaḥ
ap,heads,M-nasal/Hi-pos/Hf-drop/G-keep,isolated,1,21534,27064,1313-2,yugam,yugam,27065,1313-2,yugaMDaraH,yugaṃdharaḥ
ap,heads,M-nasal/Hi-pos/Hf-drop/G-keep,isolated,0,21537,27067,1314-1,yugalam,yugalam,27068,1314-1,yugalakam,yugalakam
ap,heads,M-nasal/Hi-pos/Hf-drop/G-keep,isolated,0,21548,27080,1314-2,yuYjAna,yuñjāna,27081,1314-2,yuYj,yuñj
ap,heads,M-nasal/Hi-pos/Hf-drop/G-keep,isolated,0,21551,27087,1315-1,yuD,yudh,27088,1315-1,yudDa,yuddha
ap,heads,M-nasal/Hi-pos/Hf-drop/G-keep,isolated,0,21563,27099,1315-2,yodDf,yoddhṛ,27100,1315-2,yunT,yunth
ap,heads,M-nasal/Hi-pos/Hf-drop/G-keep,isolated,0,21568,27104,1315-2,yuvan,yuvan,27105,1316-1,yuvakaH,yuvakaḥ
ap,heads,M-nasal/Hi-pos/Hf-drop/G-keep,isolated,0,21581,27117,1316-1,yUTya,yūthya,27118,1316-1,yUTikA,yūthikā
ap,heads,M-nasal/Hi-pos/Hf-drop/G-keep,isolated,0,21633,27171,1320-2,yOvanIya,yauvanīya,27172,1320-2,yOvanASvaH,yauvanāśvaḥ
ap,heads,M-nasal/Hi-pos/Hf-drop/G-keep,isolated,0,21690,27276,1328-2,raD,radh,27277,1328-2,radDa,raddha
ap,heads,M-nasal/Hi-pos/Hf-drop/G-keep,isolated,0,21696,27282,1328-2,ranDita,randhita,27283,1328-2,rantavya,rantavya
ap,heads,M-nasal/Hi-pos/Hf-drop/G-keep,isolated,0,21710,27316,1330-1,rarP,rarph,27317,1330-1,rarAwam,rarāṭam
ap,heads,M-nasal/Hi-pos/Hf-drop/G-keep,isolated,0,21740,27346,1333-1,rasya,rasya,27347,1333-1,rasnam,rasnam
ap,heads,M-nasal/Hi-pos/Hf-drop/G-keep,isolated,0,21761,27379,1334-2,rAjan,rājan,27380,1336-2,rAjatA,rājatā
ap,heads,M-nasal/Hi-pos/Hf-drop/G-keep,isolated,0,21768,27386,1336-2,rAjAyate,rājāyate,27387,1337-1,rAjasAt,rājasāt
ap,heads,M-nasal/Hi-pos/Hf-drop/G-keep,isolated,0,21772,27390,1337-1,rAjyam,rājyam,27391,1337-1,rAjasa,rājasa
ap,heads,M-nasal/Hi-pos/Hf-drop/G-keep,isolated,0,21775,27393,1337-1,rAjIPalaH,rājīphalaḥ,27394,1337-1,rAjikA,rājikā
ap,heads,M-nasal/Hi-pos/Hf-drop/G-keep,isolated,0,21790,27408,1337-2,rAtriH,rātriḥ,27409,1338-1,rAtraka,rātraka
ap,heads,M-nasal/Hi-pos/Hf-drop/G-keep,isolated,0,21799,27417,1338-1,rAD,rādh,27418,1338-1,rAdDa,rāddha
ap,heads,M-nasal/Hi-pos/Hf-drop/G-keep,isolated,0,21827,27446,1340-2,rAzwram,rāṣṭram,27447,1340-2,rAzwrakaH,rāṣṭrakaḥ
ap,heads,M-nasal/Hi-pos/Hf-drop/G-keep,isolated,0,21863,27492,1342-2,riS,riś,27493,1342-2,ririkzat,ririkṣat
ap,heads,M-nasal/Hi-pos/Hf-drop/G-keep,isolated,0,21872,27502,1342-2,rizva,riṣva,27503,1342-2,riziH,riṣiḥ
ap,heads,M-nasal/Hi-pos/Hf-drop/G-keep,isolated,0,21876,27507,1342-2,rIRa,rīṇa,27508,1342-2,rIjyA,rījyā
ap,heads,M-nasal/Hi-pos/Hf-drop/G-keep,isolated,0,21887,27518,1343-1,ruta,ruta,27519,1343-1,ruka,ruka
ap,heads,M-nasal/Hi-pos/Hf-drop/G-keep,isolated,0,21890,27521,1343-1,rukmin,rukmin,27522,1343-1,rukmiRI,rukmiṇī
ap,heads,M-nasal/Hi-pos/Hf-drop/G-keep,isolated,0,21919,27553,1345-1,ruD,rudh,27554,1345-1,rudDa,ruddha
ap,heads,M-nasal/Hi-pos/Hf-drop/G-keep,isolated,0,21938,27575,1346-1,rUQiH,rūḍhiḥ,27576,1346-1,ruharuhikA,ruharuhikā
ap,heads,M-nasal/Hi-pos/Hf-drop/G-keep,isolated,0,21961,27615,1348-2,retas,retas,27616,1348-2,retam,retam
ap,heads,M-nasal/Hi-pos/Hf-drop/G-keep,isolated,0,21962,27616,1348-2,retam,retam,27617,1348-2,retanam,retanam
ap,heads,M-nasal/Hi-pos/Hf-drop/G-keep,isolated,0,21977,27642,1349-1,rEvatakaH,raivatakaḥ,27643,1349-1,rEtika,raitika
ap,heads,M-nasal/Hi-pos/Hf-drop/G-keep,isolated,0,22045,27711,1352-1,rOmam,raumam,27712,1352-1,rOmaka,raumaka
ap,heads,M-nasal/Hi-pos/Hf-drop/G-keep,isolated,0,22066,27746,1355-1,lagnikA,lagnikā,27747,1355-1,laga,laga
ap,heads,M-nasal/Hi-pos/Hf-drop/G-keep,isolated,0,22072,27752,1355-1,laGu,laghu,27753,1355-2,laGayati,laghayati
ap,heads,M-nasal/Hi-pos/Hf-drop/G-keep,isolated,0,22112,27815,1358-1,laB,labh,27816,1358-2,labDa,labdha
ap,heads,M-nasal/Hi-pos/Hf-drop/G-keep,isolated,0,22141,27855,1360-2,lalAwam,lalāṭam,27856,1360-2,lalAwakam,lalāṭakam
ap,heads,M-nasal/Hi-pos/Hf-drop/G-keep,isolated,0,22181,27896,1362-2,lasta,lasta,27897,1362-2,lasj,lasj
ap,heads,M-nasal/Hi-pos/Hf-drop/G-keep,isolated,0,22223,27948,1364-1,lAlam,lālam,27949,1364-1,lAlaka,lālaka
ap,heads,M-nasal/Hi-pos/Hf-drop/G-keep,isolated,0,22230,27955,1364-2,lAlAyate,lālāyate,27956,1364-2,lAlAwika,lālāṭika
ap,heads,M-nasal/Hi-pos/Hf-drop/G-keep,isolated,0,22257,27982,1365-1,lAsyam,lāsyam,27983,1365-2,lAsPowanI,lāsphoṭanī
ap,heads,M-nasal/Hi-pos/Hf-drop/G-keep,isolated,0,22264,27994,1365-2,liNK,liṅkh,27995,1365-2,liguH,liguḥ
ap,heads,M-nasal/Hi-pos/Hf-drop/G-keep,isolated,0,22268,27998,1366-1,liNgam,liṅgam,27999,1366-2,liNgakaH,liṅgakaḥ
ap,heads,M-nasal/Hi-pos/Hf-drop/G-keep,isolated,0,22290,28030,1367-2,lIQa,līḍha,28031,1367-2,lI,lī
ap,heads,M-nasal/Hi-pos/Hf-drop/G-keep,isolated,0,22293,28033,1367-2,lIna,līna,28034,1367-2,lIkkA,līkkā
ap,heads,M-nasal/Hi-pos/Hf-drop/G-keep,isolated,0,22319,28070,1369-1,luB,lubh,28071,1369-2,lubDa,lubdha
ap,heads,M-nasal/Hi-pos/Hf-drop/G-keep,isolated,0,22328,28085,1370-1,lU,lū,28094,1370-1,xN,ḷṅ
ap,heads,M-nasal/Hi-pos/Hf-drop/G-keep,isolated,0,22339,28104,1370-2,leKin,lekhin,28105,1370-2,leKita,lekhita
ap,heads,M-nasal/Hi-pos/Hf-drop/G-keep,isolated,0,22374,28145,1373-2,lokasAt,lokasāt,28146,1373-2,lokaMpfRa,lokaṃpṛṇa
ap,heads,M-nasal/Hi-pos/Hf-drop/G-keep,isolated,0,22379,28150,1374-1,locam,locam,28151,1374-1,locakaH,locakaḥ
ap,heads,M-nasal/Hi-pos/Hf-drop/G-keep,isolated,0,22415,28189,1375-1,loman,loman,28190,1375-1,lomaka,lomaka
ap,heads,M-nasal/Hi-pos/Hf-drop/G-keep,isolated,0,22477,28256,1379-1,vakrIBU,vakrībhū,28257,1379-1,vakrama,vakrama
ap,heads,M-nasal/Hi-pos/Hf-drop/G-keep,isolated,0,22482,28265,1379-2,vaNk,vaṅk,28267,1379-2,vagalA,vagalā
ap,heads,M-nasal/Hi-pos/Hf-drop/G-keep,isolated,0,22484,28268,1379-2,vagAhaH,vagāhaḥ,28269,1379-2,vakaraH,vakaraḥ
ap,heads,M-nasal/Hi-pos/Hf-drop/G-keep,isolated,0,22493,28280,1379-2,vac,vac,28281,1380-1,vakman,vakman
ap,heads,M-nasal/Hi-pos/Hf-drop/G-keep,isolated,0,22500,28287,1380-1,vacandA,vacandā,28288,1380-1,vacanam,vacanam
ap,heads,M-nasal/Hi-pos/Hf-drop/G-keep,isolated,0,22509,28296,1380-2,vacuzyaH,vacuṣyaḥ,28297,1380-2,ukta,ukta
ap,heads,M-nasal/Hi-pos/Hf-drop/G-keep,isolated,1,22527,28321,1382-2,vawikaH,vaṭikaḥ,28322,1382-2,vawiH,vaṭiḥ
ap,heads,M-nasal/Hi-pos/Hf-drop/G-keep,isolated,1,22551,28358,1383-2,vataRqaH,vataṇḍaḥ,28359,1383-2,vataMsaH,vataṃsaḥ
ap,heads,M-nasal/Hi-pos/Hf-drop/G-keep,isolated,0,22560,28367,1384-1,vatsikA,vatsikā,28368,1384-1,vatsaraH,vatsaraḥ
ap,heads,M-nasal/Hi-pos/Hf-drop/G-keep,isolated,0,22568,28405,1385-2,van,van,28406,1386-1,vata,vata
ap,heads,M-nasal/Hi-pos/Hf-drop/G-keep,isolated,0,22571,28408,1387-1,vanaspatiH,vanaspatiḥ,28409,1387-1,vananam,vananam
ap,heads,M-nasal/Hi-pos/Hf-drop/G-keep,isolated,0,22582,28419,1387-1,vanecara,vanecara,28420,1387-2,vanita,vanita
ap,heads,M-nasal/Hi-pos/Hf-drop/G-keep,isolated,0,22638,28632,1397-1,varmika,varmika,28633,1397-1,varmaRaH,varmaṇaḥ
ap,heads,M-nasal/Hi-pos/Hf-drop/G-keep,isolated,0,22659,28653,1398-1,varzuka,varṣuka,28654,1398-2,varzizWa,varṣiṣṭha
ap,heads,M-nasal/Hi-pos/Hf-drop/G-keep,isolated,0,22662,28656,1398-2,varzmam,varṣmam,28657,1398-2,varzman,varṣman
ap,heads,M-nasal/Hi-pos/Hf-drop/G-keep,isolated,0,22697,28768,1403-2,vasumat,vasumat,28769,1403-2,vasukaH,vasukaḥ
ap,heads,M-nasal/Hi-pos/Hf-drop/G-keep,isolated,0,22705,28790,1404-2,vasnam,vasnam,28791,1404-2,vasnanam,vasnanam
ap,heads,M-nasal/Hi-pos/Hf-drop/G-keep,isolated,0,22710,28795,1404-2,vasyas,vasyas,28796,1404-2,vaMh,vaṃh
ap,heads,M-nasal/Hi-pos/Hf-drop/G-keep,isolated,0,22712,28797,1404-2,vah,vah,28798,1405-1,UQa,ūḍha
ap,heads,M-nasal/Hi-pos/Hf-drop/G-keep,isolated,0,22722,28807,1405-2,vahita,vahita,28808,1405-2,vahantaH,vahantaḥ
ap,heads,M-nasal/Hi-pos/Hf-drop/G-keep,isolated,0,22726,28811,1405-2,vahitram,vahitram,28812,1405-2,vahitrakarRaH,vahitrakarṇaḥ
ap,heads,M-nasal/Hi-pos/Hf-drop/G-keep,isolated,0,22728,28813,1405-2,vahis,vahis,28814,1405-2,vahizka,vahiṣka
ap,heads,M-nasal/Hi-pos/Hf-drop/G-keep,isolated,0,22755,28841,1407-1,vAc,vāc,28842,1408-2,vANmaya,vāṅmaya
ap,heads,M-nasal/Hi-pos/Hf-drop/G-keep,isolated,0,22761,28847,1408-2,vAcanam,vācanam,28848,1408-2,vAcanakam,vācanakam
ap,heads,M-nasal/Hi-pos/Hf-drop/G-keep,isolated,0,22813,28933,1412-2,vAdyam,vādyam,28934,1412-2,vAdyakam,vādyakam
ap,heads,M-nasal/Hi-pos/Hf-drop/G-keep,isolated,0,22814,28934,1412-2,vAdyakam,vādyakam,28935,1412-2,vAdara,vādara
ap,heads,M-nasal/Hi-pos/Hf-drop/G-keep,isolated,0,22823,28944,1413-1,vADU,vādhū,28945,1413-1,vADalam,vādhalam
ap,heads,M-nasal/Hi-pos/Hf-drop/G-keep,isolated,1,22846,28967,1413-2,vApita,vāpita,28968,1413-2,vApiH,vāpiḥ
ap,heads,M-nasal/Hi-pos/Hf-drop/G-keep,isolated,0,22861,28982,1414-2,vAmila,vāmila,28983,1414-2,vAmikA,vāmikā
ap,heads,M-nasal/Hi-pos/Hf-drop/G-keep,isolated,1,22883,29004,1416-1,vAratram,vāratram,29005,1416-1,vAraMvAram,vāraṃvāram
ap,heads,M-nasal/Hi-pos/Hf-drop/G-keep,isolated,0,22900,29021,1417-1,vAruRya,vāruṇya,29022,1417-1,vAruRqaH,vāruṇḍaḥ
ap,heads,M-nasal/Hi-pos/Hf-drop/G-keep,isolated,0,22973,29095,1420-1,vAsitA,vāsitā,29096,1420-1,vAsataH,vāsataḥ
ap,heads,M-nasal/Hi-pos/Hf-drop/G-keep,isolated,0,23004,29126,1421-2,vAstozpatiH,vāstoṣpatiḥ,29127,1421-2,vAsteya,vāsteya
ap,heads,M-nasal/Hi-pos/Hf-drop/G-keep,isolated,0,23021,29161,1422-2,vikam,vikam,29162,1422-2,vikaNkawaH,vikaṅkaṭaḥ
ap,heads,M-nasal/Hi-pos/Hf-drop/G-keep,isolated,0,23042,29189,1423-2,vikalIkf,vikalīkṛ,29190,1423-2,vikalIkaraRam,vikalīkaraṇam
ap,heads,M-nasal/Hi-pos/Hf-drop/G-keep,isolated,0,23043,29190,1423-2,vikalIkaraRam,vikalīkaraṇam,29191,1423-2,vikalA,vikalā
ap,heads,M-nasal/Hi-pos/Hf-drop/G-keep,isolated,0,23050,29199,1424-1,vikAsanam,vikāsanam,29200,1424-1,vikasvara,vikasvara
ap,heads,M-nasal/Hi-pos/Hf-drop/G-keep,isolated,0,23058,29211,1424-2,vikuRWam,vikuṇṭham,29212,1424-2,vikuRWa,vikuṇṭha
ap,heads,M-nasal/Hi-pos/Hf-drop/G-keep,isolated,0,23066,29219,1424-2,vikf,vikṛ,29220,1424-2,vikAraH,vikāraḥ
ap,heads,M-nasal/Hi-pos/Hf-drop/G-keep,isolated,0,23075,29228,1425-1,vikfz,vikṛṣ,29229,1425-1,vikarzaH,vikarṣaḥ
ap,heads,M-nasal/Hi-pos/Hf-drop/G-keep,isolated,0,23079,29232,1425-2,vikF,vikṝ,29233,1425-2,vikiraH,vikiraḥ
ap,heads,M-nasal/Hi-pos/Hf-drop/G-keep,isolated,0,23083,29236,1425-2,vikxp,vikḷp,29237,1425-2,vikalpaH,vikalpaḥ
ap,heads,M-nasal/Hi-pos/Hf-drop/G-keep,isolated,0,23096,29253,1426-2,vikrAntf,vikrāntṛ,29254,1426-2,vikrasraH,vikrasraḥ
ap,heads,M-nasal/Hi-pos/Hf-drop/G-keep,isolated,0,23099,29256,1426-2,vikrI,vikrī,29257,1426-2,vikrayaH,vikrayaḥ
ap,heads,M-nasal/Hi-pos/Hf-drop/G-keep,isolated,0,23104,29261,1426-2,vikreya,vikreya,29262,1426-2,vikrIqaH,vikrīḍaḥ
ap,heads,M-nasal/Hi-pos/Hf-drop/G-keep,isolated,0,23123,29281,1427-2,vikzepaRam,vikṣepaṇam,29282,1427-2,vikzIRakaH,vikṣīṇakaḥ
ap,heads,M-nasal/Hi-pos/Hf-drop/G-keep,isolated,0,23129,29287,1427-2,viKra,vikhra,29288,1427-2,viKaRqita,vikhaṇḍita
ap,heads,M-nasal/Hi-pos/Hf-drop/G-keep,isolated,0,23140,29302,1428-1,vigam,vigam,29303,1428-1,vigata,vigata
ap,heads,M-nasal/Hi-pos/Hf-drop/G-keep,isolated,0,23146,29311,1428-2,vigAh,vigāh,29312,1428-2,vigAQa,vigāḍha
ap,heads,M-nasal/Hi-pos/Hf-drop/G-keep,isolated,0,23151,29316,1428-2,vigE,vigai,29317,1428-2,vigAnam,vigānam
ap,heads,M-nasal/Hi-pos/Hf-drop/G-keep,isolated,0,23155,29320,1429-1,vigrah,vigrah,29321,1429-1,vigfhIta,vigṛhīta
ap,heads,M-nasal/Hi-pos/Hf-drop/G-keep,isolated,0,23186,29364,1430-2,vicArin,vicārin,29365,1430-2,vicarcikA,vicarcikā
ap,heads,M-nasal/Hi-pos/Hf-drop/G-keep,isolated,0,23195,29376,1431-1,vici,vici,29377,1431-1,vicayaH,vicayaḥ
ap,heads,M-nasal/Hi-pos/Hf-drop/G-keep,isolated,1,23199,29380,1431-1,vicitiH,vicitiḥ,29381,1431-1,viciH,viciḥ
ap,heads,M-nasal/Hi-pos/Hf-drop/G-keep,isolated,0,23219,29405,1432-1,vicCid,vicchid,29406,1432-1,vicCittiH,vicchittiḥ
ap,heads,M-nasal/Hi-pos/Hf-drop/G-keep,isolated,0,23223,29409,1432-2,vicCedanam,vicchedanam,29410,1432-2,vicCur,vicchur
ap,heads,M-nasal/Hi-pos/Hf-drop/G-keep,isolated,0,23226,29416,1432-2,vij,vij,29417,1432-2,vigna,vigna
ap,heads,M-nasal/Hi-pos/Hf-drop/G-keep,isolated,0,23232,29422,1432-2,vijitf,vijitṛ,29423,1432-2,vijan,vijan
ap,heads,M-nasal/Hi-pos/Hf-drop/G-keep,isolated,0,23236,29430,1433-1,vijAtIya,vijātīya,29431,1433-1,vijapilam,vijapilam
ap,heads,M-nasal/Hi-pos/Hf-drop/G-keep,isolated,0,23240,29434,1433-1,vijala,vijala,29435,1433-1,vijarjara,vijarjara
ap,heads,M-nasal/Hi-pos/Hf-drop/G-keep,isolated,0,23245,29439,1433-1,viji,viji,29440,1433-1,vijayaH,vijayaḥ
ap,heads,M-nasal/Hi-pos/Hf-drop/G-keep,isolated,0,23252,29446,1433-2,vijitiH,vijitiḥ,29447,1433-2,vijiGatsa,vijighatsa
ap,heads,M-nasal/Hi-pos/Hf-drop/G-keep,isolated,0,23264,29462,1434-1,vijYA,vijñā,29463,1434-1,vijYa,vijña
ap,heads,M-nasal/Hi-pos/Hf-drop/G-keep,isolated,0,23288,29497,1435-2,viqam,viḍam,29498,1435-2,viqaNga,viḍaṅga
ap,heads,M-nasal/Hi-pos/Hf-drop/G-keep,isolated,0,23302,29516,1436-1,vitaTya,vitathya,29517,1436-1,vitaTayati,vitathayati
ap,heads,M-nasal/Hi-pos/Hf-drop/G-keep,isolated,0,23305,29519,1436-1,vitan,vitan,29520,1436-1,vitata,vitata
ap,heads,M-nasal/Hi-pos/Hf-drop/G-keep,isolated,0,23327,29543,1437-1,vitunnam,vitunnam,29544,1437-1,vitunnakam,vitunnakam
ap,heads,M-nasal/Hi-pos/Hf-drop/G-keep,isolated,0,23329,29545,1437-1,vitfpta,vitṛpta,29546,1437-1,vituzwa,vituṣṭa
ap,heads,M-nasal/Hi-pos/Hf-drop/G-keep,isolated,0,23332,29548,1437-1,vitF,vitṝ,29549,1437-1,vitaraRam,vitaraṇam
ap,heads,M-nasal/Hi-pos/Hf-drop/G-keep,isolated,0,23345,29566,1438-1,viduzaH,viduṣaḥ,29567,1438-1,vidaMSaH,vidaṃśaḥ
ap,heads,M-nasal/Hi-pos/Hf-drop/G-keep,isolated,0,23373,29596,1439-2,vidF,vidṝ,29597,1439-2,vidAraH,vidāraḥ
ap,heads,M-nasal/Hi-pos/Hf-drop/G-keep,isolated,0,23399,29623,1441-1,vidru,vidru,29624,1441-1,vidravaH,vidravaḥ
ap,heads,M-nasal/Hi-pos/Hf-drop/G-keep,isolated,0,23405,29629,1441-1,vidrutiH,vidrutiḥ,29630,1441-1,vidrARa,vidrāṇa
ap,heads,M-nasal/Hi-pos/Hf-drop/G-keep,isolated,0,23421,29645,1441-2,viDavyam,vidhavyam,29646,1441-2,viDavA,vidhavā
ap,heads,M-nasal/Hi-pos/Hf-drop/G-keep,isolated,0,23427,29652,1442-1,viDAnam,vidhānam,29653,1442-2,viDAnakam,vidhānakam
ap,heads,M-nasal/Hi-pos/Hf-drop/G-keep,isolated,0,23435,29660,1443-1,viDeya,vidheya,29661,1443-2,viDuH,vidhuḥ
ap,heads,M-nasal/Hi-pos/Hf-drop/G-keep,isolated,0,23444,29670,1444-1,viDU,vidhū,29671,1444-1,viDuvanam,vidhuvanam
ap,heads,M-nasal/Hi-pos/Hf-drop/G-keep,isolated,0,23451,29677,1444-1,viDf,vidhṛ,29678,1444-1,viDAraRam,vidhāraṇam
ap,heads,M-nasal/Hi-pos/Hf-drop/G-keep,isolated,0,23461,29690,1444-2,vinam,vinam,29691,1444-2,vinata,vinata
ap,heads,M-nasal/Hi-pos/Hf-drop/G-keep,isolated,0,23473,29704,1445-1,vinASanam,vināśanam,29705,1445-1,vinasa,vinasa
ap,heads,M-nasal/Hi-pos/Hf-drop/G-keep,isolated,0,23484,29715,1445-2,vinikF,vinikṝ,29716,1445-2,vinikIrRa,vinikīrṇa
ap,heads,M-nasal/Hi-pos/Hf-drop/G-keep,isolated,0,23502,29734,1446-1,viniyam,viniyam,29735,1446-1,viniyata,viniyata
ap,heads,M-nasal/Hi-pos/Hf-drop/G-keep,isolated,0,23505,29737,1446-1,viniyuj,viniyuj,29738,1446-1,viniyukta,viniyukta
ap,heads,M-nasal/Hi-pos/Hf-drop/G-keep,isolated,0,23510,29743,1446-2,vinirji,vinirji,29744,1446-2,vinirjayaH,vinirjayaḥ
ap,heads,M-nasal/Hi-pos/Hf-drop/G-keep,isolated,0,23512,29745,1446-2,vinirRI,vinirṇī,29746,1446-2,vinirRayaH,vinirṇayaḥ
ap,heads,M-nasal/Hi-pos/Hf-drop/G-keep,isolated,0,23517,29750,1446-2,vinirmuc,vinirmuc,29751,1446-2,vinirmuktiH,vinirmuktiḥ
ap,heads,M-nasal/Hi-pos/Hf-drop/G-keep,isolated,0,23524,29757,1446-2,viniveSanam,viniveśanam,29758,1446-2,vinivf,vinivṛ
ap,heads,M-nasal/Hi-pos/Hf-drop/G-keep,isolated,0,23527,29762,1447-1,viniSci,viniści,29763,1447-1,viniScayaH,viniścayaḥ
ap,heads,M-nasal/Hi-pos/Hf-drop/G-keep,isolated,0,23535,29770,1447-1,vinI,vinī,29771,1447-1,vinaya,vinaya
ap,heads,M-nasal/Hi-pos/Hf-drop/G-keep,isolated,0,23544,29779,1447-2,vineyaH,vineyaḥ,29780,1447-2,vinud,vinud
ap,heads,M-nasal/Hi-pos/Hf-drop/G-keep,isolated,0,23559,29797,1448-2,vipac,vipac,29798,1448-2,vipaktrima,vipaktrima
ap,heads,M-nasal/Hi-pos/Hf-drop/G-keep,isolated,0,23566,29804,1449-1,vipAwita,vipāṭita,29805,1449-1,vipaR,vipaṇ
ap,heads,M-nasal/Hi-pos/Hf-drop/G-keep,isolated,0,23569,29811,1449-1,vipad,vipad,29812,1449-1,vipattiH,vipattiḥ
ap,heads,M-nasal/Hi-pos/Hf-drop/G-keep,isolated,0,23579,29821,1449-2,viparivft,viparivṛt,29822,1449-2,viparivartanam,viparivartanam
ap,heads,M-nasal/Hi-pos/Hf-drop/G-keep,isolated,0,23586,29828,1450-1,viparyAyaH,viparyāyaḥ,29829,1450-1,viparyas,viparyas
ap,heads,M-nasal/Hi-pos/Hf-drop/G-keep,isolated,0,23612,29855,1451-2,viprakf,viprakṛ,29856,1451-2,viprakAraH,viprakāraḥ
ap,heads,M-nasal/Hi-pos/Hf-drop/G-keep,isolated,0,23617,29860,1451-2,viprakfz,viprakṛṣ,29861,1451-2,viprakarzaH,viprakarṣaḥ
ap,heads,M-nasal/Hi-pos/Hf-drop/G-keep,isolated,0,23624,29867,1451-2,vipratipad,vipratipad,29868,1451-2,vipratipattiH,vipratipattiḥ
ap,heads,M-nasal/Hi-pos/Hf-drop/G-keep,isolated,0,23636,29879,1452-1,vipramuc,vipramuc,29880,1452-1,vipramukta,vipramukta
ap,heads,M-nasal/Hi-pos/Hf-drop/G-keep,isolated,0,23638,29881,1452-1,viprayuj,viprayuj,29882,1452-1,viprayukta,viprayukta
ap,heads,M-nasal/Hi-pos/Hf-drop/G-keep,isolated,0,23642,29886,1452-2,vipralApaH,vipralāpaḥ,29887,1452-2,vipralaB,vipralabh
ap,heads,M-nasal/Hi-pos/Hf-drop/G-keep,isolated,0,23643,29887,1452-2,vipralaB,vipralabh,29888,1452-2,vipralabDa,vipralabdha
ap,heads,M-nasal/Hi-pos/Hf-drop/G-keep,isolated,0,23653,29898,1453-1,vipraloBin,vipralobhin,29899,1453-1,vipralokaH,vipralokaḥ
ap,heads,M-nasal/Hi-pos/Hf-drop/G-keep,isolated,0,23655,29900,1453-1,vipravAdaH,vipravādaḥ,29901,1453-1,vipravas,vipravas
ap,heads,M-nasal/Hi-pos/Hf-drop/G-keep,isolated,0,23659,29905,1453-1,viprozita,viproṣita,29906,1453-1,vipraSnikA,vipraśnikā
ap,heads,M-nasal/Hi-pos/Hf-drop/G-keep,isolated,0,23668,29914,1453-2,viplu,viplu,29915,1453-2,viplava,viplava
ap,heads,M-nasal/Hi-pos/Hf-drop/G-keep,isolated,0,23680,29926,1454-1,vibanD,vibandh,29927,1454-1,vibadDa,vibaddha
ap,heads,M-nasal/Hi-pos/Hf-drop/G-keep,isolated,0,23686,29932,1454-1,vibuD,vibudh,29933,1454-1,vibudDa,vibuddha
ap,heads,M-nasal/Hi-pos/Hf-drop/G-keep,isolated,0,23690,29936,1454-1,viboDaH,vibodhaḥ,29937,1454-1,vibuBUzA,vibubhūṣā
ap,heads,M-nasal/Hi-pos/Hf-drop/G-keep,isolated,0,23694,29940,1454-2,viBaj,vibhaj,29941,1454-2,viBakta,vibhakta
ap,heads,M-nasal/Hi-pos/Hf-drop/G-keep,isolated,0,23698,29944,1454-2,viBaYj,vibhañj,29945,1454-2,viBaNgaH,vibhaṅgaḥ
ap,heads,M-nasal/Hi-pos/Hf-drop/G-keep,isolated,0,23704,29951,1455-1,viBAtam,vibhātam,29952,1455-1,viBAgaH,vibhāgaḥ
ap,heads,M-nasal/Hi-pos/Hf-drop/G-keep,isolated,0,23718,29967,1455-2,viBedaH,vibhedaḥ,29968,1455-2,viBI,vibhī
ap,heads,M-nasal/Hi-pos/Hf-drop/G-keep,isolated,0,23725,29974,1456-1,viButA,vibhutā,29975,1456-1,viBugna,vibhugna
ap,heads,M-nasal/Hi-pos/Hf-drop/G-keep,isolated,0,23727,29976,1456-1,viBU,vibhū,29977,1456-1,viBAvaH,vibhāvaḥ
ap,heads,M-nasal/Hi-pos/Hf-drop/G-keep,isolated,0,23739,29993,1457-1,viBrazwa,vibhraṣṭa,29994,1457-1,viBram,vibhram
ap,heads,M-nasal/Hi-pos/Hf-drop/G-keep,isolated,0,23742,29998,1457-1,viBrAntiH,vibhrāntiḥ,29999,1457-1,viBrAj,vibhrāj
ap,heads,M-nasal/Hi-pos/Hf-drop/G-keep,isolated,0,23746,30003,1457-1,vimATaH,vimāthaḥ,30004,1457-2,vimad,vimad
ap,heads,M-nasal/Hi-pos/Hf-drop/G-keep,isolated,0,23747,30004,1457-2,vimad,vimad,30005,1457-2,vimatta,vimatta
ap,heads,M-nasal/Hi-pos/Hf-drop/G-keep,isolated,0,23751,30008,1457-2,viman,viman,30009,1457-2,vimata,vimata
ap,heads,M-nasal/Hi-pos/Hf-drop/G-keep,isolated,0,23757,30014,1457-2,vimAnita,vimānita,30015,1458-1,vimanas,vimanas
ap,heads,M-nasal/Hi-pos/Hf-drop/G-keep,isolated,0,23773,30030,1458-2,vimuc,vimuc,30031,1458-2,vimukta,vimukta
ap,heads,M-nasal/Hi-pos/Hf-drop/G-keep,isolated,0,23777,30034,1458-2,vimuh,vimuh,30035,1458-2,vimugDa,vimugdha
ap,heads,M-nasal/Hi-pos/Hf-drop/G-keep,isolated,0,23782,30039,1459-1,vimfd,vimṛd,30040,1459-1,vimardaH,vimardaḥ
ap,heads,M-nasal/Hi-pos/Hf-drop/G-keep,isolated,0,23787,30044,1459-1,vimfS,vimṛś,30045,1459-1,vimarSaH,vimarśaḥ
ap,heads,M-nasal/Hi-pos/Hf-drop/G-keep,isolated,0,23797,30054,1459-2,vimlApanam,vimlāpanam,30055,1459-2,vimbaH,vimbaḥ
ap,heads,M-nasal/Hi-pos/Hf-drop/G-keep,isolated,0,23806,30063,1459-2,viyam,viyam,30064,1459-2,viyatam,viyatam
ap,heads,M-nasal/Hi-pos/Hf-drop/G-keep,isolated,0,23814,30073,1460-1,viyuj,viyuj,30075,1460-1,viyukta,viyukta
ap,heads,M-nasal/Hi-pos/Hf-drop/G-keep,isolated,0,23829,30091,1460-2,viraYj,virañj,30093,1460-2,virakta,virakta
ap,heads,M-nasal/Hi-pos/Hf-drop/G-keep,isolated,0,23836,30099,1461-1,viram,viram,30100,1461-1,virata,virata
ap,heads,M-nasal/Hi-pos/Hf-drop/G-keep,isolated,0,23841,30104,1461-1,virAmaRam,virāmaṇam,30105,1461-1,virala,virala
ap,heads,M-nasal/Hi-pos/Hf-drop/G-keep,isolated,0,23856,30120,1462-1,virAD,virādh,30121,1462-1,virAdDa,virāddha
ap,heads,M-nasal/Hi-pos/Hf-drop/G-keep,isolated,0,23866,30130,1462-1,viru,viru,30131,1462-2,virAvaH,virāvaḥ
ap,heads,M-nasal/Hi-pos/Hf-drop/G-keep,isolated,0,23870,30134,1462-2,viruta,viruta,30135,1462-2,virugRa,virugṇa
ap,heads,M-nasal/Hi-pos/Hf-drop/G-keep,isolated,0,23872,30136,1462-2,viruc,viruc,30137,1462-2,virukmat,virukmat
ap,heads,M-nasal/Hi-pos/Hf-drop/G-keep,isolated,0,23878,30142,1462-2,viruD,virudh,30143,1462-2,virudDa,viruddha
ap,heads,M-nasal/Hi-pos/Hf-drop/G-keep,isolated,0,23882,30146,1463-1,viroDin,virodhin,30147,1463-1,virulaH,virulaḥ
ap,heads,M-nasal/Hi-pos/Hf-drop/G-keep,isolated,0,23888,30152,1463-2,virohaH,virohaḥ,30153,1463-2,virUkzaRam,virūkṣaṇam
ap,heads,M-nasal/Hi-pos/Hf-drop/G-keep,isolated,0,23901,30165,1464-1,vilam,vilam,30166,1464-1,vilakz,vilakṣ
ap,heads,M-nasal/Hi-pos/Hf-drop/G-keep,isolated,0,23908,30181,1464-2,vilApanam,vilāpanam,30182,1464-2,vilaB,vilabh
ap,heads,M-nasal/Hi-pos/Hf-drop/G-keep,isolated,0,23921,30202,1465-2,vilAsinI,vilāsinī,30203,1465-2,vilAgam,vilāgam
ap,heads,M-nasal/Hi-pos/Hf-drop/G-keep,isolated,0,23927,30209,1465-2,vileKanam,vilekhanam,30210,1466-1,viliNga,viliṅga
ap,heads,M-nasal/Hi-pos/Hf-drop/G-keep,isolated,0,23935,30220,1466-1,vilepin,vilepin,30221,1466-1,vilI,vilī
ap,heads,M-nasal/Hi-pos/Hf-drop/G-keep,isolated,0,23941,30226,1466-1,viloqita,viloḍita,30227,1466-1,viluRWanam,viluṇṭhanam
ap,heads,M-nasal/Hi-pos/Hf-drop/G-keep,isolated,0,23947,30233,1466-2,viloptf,viloptṛ,30234,1466-2,viluB,vilubh
ap,heads,M-nasal/Hi-pos/Hf-drop/G-keep,isolated,0,23951,30238,1466-2,viloBanIya,vilobhanīya,30239,1466-2,vilul,vilul
ap,heads,M-nasal/Hi-pos/Hf-drop/G-keep,isolated,0,23970,30261,1467-2,vivAdin,vivādin,30262,1467-2,vivatsA,vivatsā
ap,heads,M-nasal/Hi-pos/Hf-drop/G-keep,isolated,0,23973,30264,1467-2,vivaDikaH,vivadhikaḥ,30265,1467-2,vivaDA,vivadhā
ap,heads,M-nasal/Hi-pos/Hf-drop/G-keep,isolated,0,23982,30273,1468-1,vivAsita,vivāsita,30274,1468-1,vivasana,vivasana
ap,heads,M-nasal/Hi-pos/Hf-drop/G-keep,isolated,0,23988,30280,1468-1,vivAhyaH,vivāhyaḥ,30281,1468-2,vivAkaH,vivākaḥ
ap,heads,M-nasal/Hi-pos/Hf-drop/G-keep,isolated,0,23992,30284,1468-2,vivic,vivic,30285,1468-2,vivikta,vivikta
ap,heads,M-nasal/Hi-pos/Hf-drop/G-keep,isolated,0,23997,30289,1468-2,vivf,vivṛ,30290,1469-1,vivaraRam,vivaraṇam
ap,heads,M-nasal/Hi-pos/Hf-drop/G-keep,isolated,0,24000,30292,1469-1,vivftiH,vivṛtiḥ,30293,1469-1,vivfj,vivṛj
ap,heads,M-nasal/Hi-pos/Hf-drop/G-keep,isolated,0,24001,30293,1469-1,vivfj,vivṛj,30294,1469-1,vivarjanam,vivarjanam
ap,heads,M-nasal/Hi-pos/Hf-drop/G-keep,isolated,0,24005,30297,1469-1,vivft,vivṛt,30298,1469-1,vivartaH,vivartaḥ
ap,heads,M-nasal/Hi-pos/Hf-drop/G-keep,isolated,0,24011,30303,1469-2,vivfD,vivṛdh,30304,1469-2,vivarDanam,vivardhanam
ap,heads,M-nasal/Hi-pos/Hf-drop/G-keep,isolated,0,24023,30317,1470-2,viSam,viśam,30318,1470-2,viSaNk,viśaṅk
ap,heads,M-nasal/Hi-pos/Hf-drop/G-keep,isolated,0,24050,30354,1472-2,viSezya,viśeṣya,30355,1473-1,viSIla,viśīla
ap,heads,M-nasal/Hi-pos/Hf-drop/G-keep,isolated,0,24052,30356,1473-1,viSuD,viśudh,30357,1473-1,viSudDa,viśuddha
ap,heads,M-nasal/Hi-pos/Hf-drop/G-keep,isolated,0,24056,30360,1473-1,viSoDya,viśodhya,30361,1473-1,viSUnya,viśūnya
ap,heads,M-nasal/Hi-pos/Hf-drop/G-keep,isolated,0,24060,30364,1473-1,viSF,viśṝ,30365,1473-1,viSIrRa,viśīrṇa
ap,heads,M-nasal/Hi-pos/Hf-drop/G-keep,isolated,0,24071,30377,1473-2,viSrAmaH,viśrāmaḥ,30378,1473-2,viSramB,viśrambh
ap,heads,M-nasal/Hi-pos/Hf-drop/G-keep,isolated,0,24072,30378,1473-2,viSramB,viśrambh,30379,1473-2,viSrabDa,viśrabdha
ap,heads,M-nasal/Hi-pos/Hf-drop/G-keep,isolated,0,24098,30405,1475-2,viSvaha,viśvaha,30406,1475-2,viSvas,viśvas
ap,heads,M-nasal/Hi-pos/Hf-drop/G-keep,isolated,0,24101,30411,1475-2,viSvAsanam,viśvāsanam,30412,1475-2,viSvAcI,viśvācī
ap,heads,M-nasal/Hi-pos/Hf-drop/G-keep,isolated,0,24112,30423,1476-1,vizam,viṣam,30424,1476-2,vizaYj,viṣañj
ap,heads,M-nasal/Hi-pos/Hf-drop/G-keep,isolated,0,24113,30424,1476-2,vizaYj,viṣañj,30425,1476-2,vizakta,viṣakta
ap,heads,M-nasal/Hi-pos/Hf-drop/G-keep,isolated,0,24116,30427,1477-1,vizad,viṣad,30428,1477-1,vizaRRa,viṣaṇṇa
ap,heads,M-nasal/Hi-pos/Hf-drop/G-keep,isolated,0,24120,30431,1477-1,vizAdin,viṣādin,30432,1477-1,vizama,viṣama
ap,heads,M-nasal/Hi-pos/Hf-drop/G-keep,isolated,0,24124,30435,1477-2,vizamIBU,viṣamībhū,30436,1477-2,vizamIBAvaH,viṣamībhāvaḥ
ap,heads,M-nasal/Hi-pos/Hf-drop/G-keep,isolated,0,24131,30442,1478-2,vizah,viṣah,30444,1478-2,vizalaH,viṣalaḥ
ap,heads,M-nasal/Hi-pos/Hf-drop/G-keep,isolated,0,24142,30454,1478-2,vizuvam,viṣuvam,30455,1478-2,vizuvat,viṣuvat
ap,heads,M-nasal/Hi-pos/Hf-drop/G-keep,isolated,0,24144,30456,1479-1,vizk,viṣk,30457,1479-1,vizUciH,viṣūciḥ
ap,heads,M-nasal/Hi-pos/Hf-drop/G-keep,isolated,0,24156,30472,1479-2,vizwamB,viṣṭambh,30473,1479-2,vizwabDa,viṣṭabdha
ap,heads,M-nasal/Hi-pos/Hf-drop/G-keep,isolated,0,24173,30492,1480-2,vizvadryac,viṣvadryac,30493,1480-2,vizvaRanam,viṣvaṇanam
ap,heads,M-nasal/Hi-pos/Hf-drop/G-keep,isolated,0,24177,30496,1480-2,visA,visā,30497,1480-2,visaMyukta,visaṃyukta
ap,heads,M-nasal/Hi-pos/Hf-drop/G-keep,isolated,0,24201,30520,1481-1,visf,visṛ,30521,1481-1,visaraH,visaraḥ
ap,heads,M-nasal/Hi-pos/Hf-drop/G-keep,isolated,0,24204,30523,1481-1,visArin,visārin,30524,1481-1,visAriRI,visāriṇī
ap,heads,M-nasal/Hi-pos/Hf-drop/G-keep,isolated,0,24208,30527,1481-2,visfmara,visṛmara,30528,1481-2,visfj,visṛj
ap,heads,M-nasal/Hi-pos/Hf-drop/G-keep,isolated,0,24209,30528,1481-2,visfj,visṛj,30530,1481-2,visargaH,visargaḥ
ap,heads,M-nasal/Hi-pos/Hf-drop/G-keep,isolated,0,24215,30535,1482-1,visfzwiH,visṛṣṭiḥ,30536,1482-1,visfp,visṛp
ap,heads,M-nasal/Hi-pos/Hf-drop/G-keep,isolated,0,24216,30536,1482-1,visfp,visṛp,30537,1482-1,visarpaH,visarpaḥ
ap,heads,M-nasal/Hi-pos/Hf-drop/G-keep,isolated,0,24222,30542,1482-1,vistf,vistṛ,30543,1482-1,vistaraH,vistaraḥ
ap,heads,M-nasal/Hi-pos/Hf-drop/G-keep,isolated,0,24239,30560,1483-1,visPUrjitam,visphūrjitam,30561,1483-1,visPuliNgaH,visphuliṅgaḥ
ap,heads,M-nasal/Hi-pos/Hf-drop/G-keep,isolated,0,24244,30565,1483-1,vismi,vismi,30566,1483-1,vismayaH,vismayaḥ
ap,heads,M-nasal/Hi-pos/Hf-drop/G-keep,isolated,0,24251,30572,1483-2,vismera,vismera,30573,1483-2,vismf,vismṛ
ap,heads,M-nasal/Hi-pos/Hf-drop/G-keep,isolated,0,24252,30573,1483-2,vismf,vismṛ,30574,1483-2,vismaraRam,vismaraṇam
ap,heads,M-nasal/Hi-pos/Hf-drop/G-keep,isolated,1,24256,30577,1483-2,visram,visram,30578,1483-2,visraMs,visraṃs
ap,heads,M-nasal/Hi-pos/Hf-drop/G-keep,isolated,0,24258,30581,1483-2,visrasta,visrasta,30582,1483-2,visras,visras
ap,heads,M-nasal/Hi-pos/Hf-drop/G-keep,isolated,0,24259,30582,1483-2,visras,visras,30583,1483-2,visrabDa,visrabdha
ap,heads,M-nasal/Hi-pos/Hf-drop/G-keep,isolated,0,24261,30584,1484-1,visru,visru,30585,1484-1,visravaH,visravaḥ
ap,heads,M-nasal/Hi-pos/Hf-drop/G-keep,isolated,0,24273,30596,1484-1,vihan,vihan,30597,1484-1,vihata,vihata
ap,heads,M-nasal/Hi-pos/Hf-drop/G-keep,isolated,0,24280,30608,1484-2,vihIna,vihīna,30609,1484-2,vihAnaH,vihānaḥ
ap,heads,M-nasal/Hi-pos/Hf-drop/G-keep,isolated,0,24286,30614,1485-1,vihf,vihṛ,30615,1485-1,viharaH,viharaḥ
ap,heads,M-nasal/Hi-pos/Hf-drop/G-keep,isolated,0,24293,30621,1485-1,vihArin,vihārin,30622,1485-1,vihAravat,vihāravat
ap,heads,M-nasal/Hi-pos/Hf-drop/G-keep,isolated,0,24311,30644,1486-1,vIjanaH,vījanaḥ,30645,1486-1,vIja,vīja
ap,heads,M-nasal/Hi-pos/Hf-drop/G-keep,isolated,0,24339,30672,1487-2,vIrAyate,vīrāyate,30673,1487-2,vIraRam,vīraṇam
ap,heads,M-nasal/Hi-pos/Hf-drop/G-keep,isolated,0,24361,30694,1488-2,vftiMkara,vṛtiṃkara,30695,1488-2,vfk,vṛk
ap,heads,M-nasal/Hi-pos/Hf-drop/G-keep,isolated,0,24365,30704,1489-1,vfj,vṛj,30705,1489-1,vfkta,vṛkta
ap,heads,M-nasal/Hi-pos/Hf-drop/G-keep,isolated,0,24378,30717,1491-2,vfD,vṛdh,30718,1491-2,vfdDa,vṛddha
ap,heads,M-nasal/Hi-pos/Hf-drop/G-keep,isolated,0,24398,30742,1493-1,vfzaRvasu,vṛṣaṇvasu,30743,1493-1,vfzaRa,vṛṣaṇa
ap,heads,M-nasal/Hi-pos/Hf-drop/G-keep,isolated,0,24416,30760,1494-1,vfzya,vṛṣya,30761,1494-1,vfzayaH,vṛṣayaḥ
ap,heads,M-nasal/Hi-pos/Hf-drop/G-keep,isolated,0,24452,30815,1497-1,vedya,vedya,30816,1497-1,vedavatI,vedavatī
ap,heads,M-nasal/Hi-pos/Hf-drop/G-keep,isolated,0,24464,30827,1497-2,veDyam,vedhyam,30828,1497-2,veDas,vedhas
ap,heads,M-nasal/Hi-pos/Hf-drop/G-keep,isolated,0,24482,30855,1498-2,veSavat,veśavat,30856,1498-2,veSakaH,veśakaḥ
ap,heads,M-nasal/Hi-pos/Hf-drop/G-keep,isolated,0,24485,30858,1498-2,veSikA,veśikā,30859,1498-2,veSantaH,veśantaḥ
ap,heads,M-nasal/Hi-pos/Hf-drop/G-keep,isolated,0,24494,30867,1499-1,vezavAraH,veṣavāraḥ,30868,1499-1,vezaRam,veṣaṇam
ap,heads,M-nasal/Hi-pos/Hf-drop/G-keep,isolated,0,24504,30888,1499-2,vEkakzam,vaikakṣam,30889,1499-2,vEkakzakam,vaikakṣakam
ap,heads,M-nasal/Hi-pos/Hf-drop/G-keep,isolated,0,24552,30936,1501-1,vERukaH,vaiṇukaḥ,30937,1501-1,vERikaH,vaiṇikaḥ
ap,heads,M-nasal/Hi-pos/Hf-drop/G-keep,isolated,0,24630,31014,1503-2,vEyarTyam,vaiyarthyam,31015,1503-2,vEyaDikaraRyam,vaiyadhikaraṇyam
ap,heads,M-nasal/Hi-pos/Hf-drop/G-keep,isolated,0,24643,31027,1504-1,vErAyitam,vairāyitam,31028,1504-1,vEraktam,vairaktam
ap,heads,M-nasal/Hi-pos/Hf-drop/G-keep,isolated,0,24701,31085,1506-1,vEzamyam,vaiṣamyam,31086,1506-1,vEzamezava,vaiṣameṣava
ap,heads,M-nasal/Hi-pos/Hf-drop/G-keep,isolated,0,24744,31132,1507-1,vyaNkuSa,vyaṅkuśa,31133,1507-1,vyagra,vyagra
ap,heads,M-nasal/Hi-pos/Hf-drop/G-keep,isolated,0,24749,31137,1507-1,vyaNgulam,vyaṅgulam,31138,1507-1,vyaNgAra,vyaṅgāra
ap,heads,M-nasal/Hi-pos/Hf-drop/G-keep,isolated,0,24755,31144,1507-2,vyaYj,vyañj,31145,1507-2,vyakta,vyakta
ap,heads,M-nasal/Hi-pos/Hf-drop/G-keep,isolated,0,24765,31154,1508-1,vyatikF,vyatikṝ,31155,1508-1,vyatikara,vyatikara
ap,heads,M-nasal/Hi-pos/Hf-drop/G-keep,isolated,0,24776,31165,1508-2,vyatiric,vyatiric,31166,1508-2,vyatirikta,vyatirikta
ap,heads,M-nasal/Hi-pos/Hf-drop/G-keep,isolated,0,24784,31173,1509-1,vyatizaYj,vyatiṣañj,31174,1509-1,vyatizakta,vyatiṣakta
ap,heads,M-nasal/Hi-pos/Hf-drop/G-keep,isolated,0,24791,31181,1509-2,vyatyayaH,vyatyayaḥ,31182,1509-2,vyatIpAtaH,vyatīpātaḥ
ap,heads,M-nasal/Hi-pos/Hf-drop/G-keep,isolated,0,24802,31202,1510-1,vyapagam,vyapagam,31203,1510-1,vyapagata,vyapagata
ap,heads,M-nasal/Hi-pos/Hf-drop/G-keep,isolated,0,24816,31217,1510-2,vyapavft,vyapavṛt,31218,1510-2,vyapavartanam,vyapavartanam
ap,heads,M-nasal/Hi-pos/Hf-drop/G-keep,isolated,0,24853,31263,1512-2,vyavahita,vyavahita,31264,1513-1,vyavaDAraRakalpanA,vyavadhāraṇakalpanā
ap,heads,M-nasal/Hi-pos/Hf-drop/G-keep,isolated,0,24856,31266,1513-1,vyavaso,vyavaso,31267,1513-1,vyavasAyaH,vyavasāyaḥ
ap,heads,M-nasal/Hi-pos/Hf-drop/G-keep,isolated,0,24869,31280,1514-1,vyavahf,vyavahṛ,31281,1514-1,vyavaharaRam,vyavaharaṇam
ap,heads,M-nasal/Hi-pos/Hf-drop/G-keep,isolated,0,24880,31291,1514-2,vyave,vyave,31292,1514-2,vyavAyaH,vyavāyaḥ
ap,heads,M-nasal/Hi-pos/Hf-drop/G-keep,isolated,0,24896,31313,1515-2,vyAkf,vyākṛ,31314,1516-1,vyAkaraRam,vyākaraṇam
ap,heads,M-nasal/Hi-pos/Hf-drop/G-keep,isolated,0,24926,31345,1517-1,vyAdA,vyādā,31346,1517-1,vyAtta,vyātta
ap,heads,M-nasal/Hi-pos/Hf-drop/G-keep,isolated,0,24933,31353,1517-1,vyADin,vyādhin,31354,1517-1,vyADAmaH,vyādhāmaḥ
ap,heads,M-nasal/Hi-pos/Hf-drop/G-keep,isolated,0,24942,31369,1518-1,vyApad,vyāpad,31370,1518-1,vyApattiH,vyāpattiḥ
ap,heads,M-nasal/Hi-pos/Hf-drop/G-keep,isolated,0,24949,31376,1518-1,vyApf,vyāpṛ,31377,1518-1,vyApAraH,vyāpāraḥ
ap,heads,M-nasal/Hi-pos/Hf-drop/G-keep,isolated,0,24966,31393,1518-2,vyAyam,vyāyam,31394,1518-2,vyAyata,vyāyata
ap,heads,M-nasal/Hi-pos/Hf-drop/G-keep,isolated,0,24988,31417,1519-2,vyAvft,vyāvṛt,31418,1519-2,vyAvartaH,vyāvartaḥ
ap,heads,M-nasal/Hi-pos/Hf-drop/G-keep,isolated,0,24995,31424,1520-2,vyAsaYj,vyāsañj,31425,1520-2,vyAsakta,vyāsakta
ap,heads,M-nasal/Hi-pos/Hf-drop/G-keep,isolated,0,25000,31429,1520-2,vyAhan,vyāhan,31430,1520-2,vyAhata,vyāhata
ap,heads,M-nasal/Hi-pos/Hf-drop/G-keep,isolated,0,25005,31434,1520-2,vyAhf,vyāhṛ,31435,1520-2,vyAharaRam,vyāharaṇam
ap,heads,M-nasal/Hi-pos/Hf-drop/G-keep,isolated,0,25019,31450,1521-1,vyutpad,vyutpad,31451,1521-1,vyutpattiH,vyutpattiḥ
ap,heads,M-nasal/Hi-pos/Hf-drop/G-keep,isolated,0,25022,31453,1521-2,vyutpAdanam,vyutpādanam,31454,1521-2,vyutta,vyutta
ap,heads,M-nasal/Hi-pos/Hf-drop/G-keep,isolated,0,25029,31461,1521-2,vyuparamaH,vyuparamaḥ,31462,1521-2,vyuparata,vyuparata
ap,heads,M-nasal/Hi-pos/Hf-drop/G-keep,isolated,0,25036,31471,1522-1,vyUh,vyūh,31472,1522-1,vyUQa,vyūḍha
ap,heads,M-nasal/Hi-pos/Hf-drop/G-keep,isolated,0,25059,31495,1523-2,vratika,vratika,31496,1523-2,vratatiH,vratatiḥ
ap,heads,M-nasal/Hi-pos/Hf-drop/G-keep,isolated,0,25086,31536,1525-1,Sakam,śakam,31537,1525-1,SakawaH,śakaṭaḥ
ap,heads,M-nasal/Hi-pos/Hf-drop/G-keep,isolated,0,25115,31565,1527-1,SakyatA,śakyatā,31566,1527-1,Saktu,śaktu
ap,heads,M-nasal/Hi-pos/Hf-drop/G-keep,isolated,0,25127,31583,1528-1,SaNkuH,śaṅkuḥ,31584,1528-1,SaNkavyam,śaṅkavyam
ap,heads,M-nasal/Hi-pos/Hf-drop/G-keep,isolated,0,25148,31610,1529-2,Satam,śatam,31611,1530-2,Sataka,śataka
ap,heads,M-nasal/Hi-pos/Hf-drop/G-keep,isolated,0,25154,31616,1530-2,Satin,śatin,31617,1530-2,SataponaH,śataponaḥ
ap,heads,M-nasal/Hi-pos/Hf-drop/G-keep,isolated,0,25156,31618,1530-2,SataponakaH,śataponakaḥ,31619,1530-2,Satanam,śatanam
ap,heads,M-nasal/Hi-pos/Hf-drop/G-keep,isolated,0,25169,31631,1531-1,Sanna,śanna,31632,1531-1,Sana,śana
ap,heads,M-nasal/Hi-pos/Hf-drop/G-keep,isolated,0,25226,31700,1536-2,SaraRya,śaraṇya,31701,1536-2,SaraRI,śaraṇī
ap,heads,M-nasal/Hi-pos/Hf-drop/G-keep,isolated,0,25228,31702,1536-2,SaraRyuH,śaraṇyuḥ,31703,1536-2,SaraRqaH,śaraṇḍaḥ
ap,heads,M-nasal/Hi-pos/Hf-drop/G-keep,isolated,0,25245,31719,1537-1,SarIram,śarīram,31720,1537-2,SarIrakam,śarīrakam
ap,heads,M-nasal/Hi-pos/Hf-drop/G-keep,isolated,0,25249,31723,1537-2,SarkarA,śarkarā,31724,1538-1,SarkarakaH,śarkarakaḥ
ap,heads,M-nasal/Hi-pos/Hf-drop/G-keep,isolated,0,25263,31737,1538-1,SarmaraH,śarmaraḥ,31738,1538-1,SarmaRya,śarmaṇya
ap,heads,M-nasal/Hi-pos/Hf-drop/G-keep,isolated,0,25286,31765,1539-1,Salyam,śalyam,31766,1539-2,SalyakaH,śalyakaḥ
ap,heads,M-nasal/Hi-pos/Hf-drop/G-keep,isolated,0,25298,31792,1540-2,SastiH,śastiḥ,31793,1540-2,Sas,śas
ap,heads,M-nasal/Hi-pos/Hf-drop/G-keep,isolated,0,25300,31794,1540-2,Sastram,śastram,31795,1541-1,Sastrakam,śastrakam
ap,heads,M-nasal/Hi-pos/Hf-drop/G-keep,isolated,0,25313,31807,1541-2,SAkarI,śākarī,31808,1541-2,SAkaMBarI,śākaṃbharī
ap,heads,M-nasal/Hi-pos/Hf-drop/G-keep,isolated,0,25324,31818,1542-1,SAkuneyaH,śākuneyaḥ,31819,1542-1,SAkunin,śākunin
ap,heads,M-nasal/Hi-pos/Hf-drop/G-keep,isolated,0,25345,31845,1543-1,SANKikaH,śāṅkhikaḥ,31846,1543-1,SANKAyanaH,śāṅkhāyanaḥ
ap,heads,M-nasal/Hi-pos/Hf-drop/G-keep,isolated,0,25378,31889,1545-1,SApita,śāpita,31890,1545-1,SApaWikaH,śāpaṭhikaḥ
ap,heads,M-nasal/Hi-pos/Hf-drop/G-keep,isolated,0,25404,31915,1545-2,SAyin,śāyin,31916,1545-2,SAyakaH,śāyakaḥ
ap,heads,M-nasal/Hi-pos/Hf-drop/G-keep,isolated,0,25472,32072,1552-2,Sibiram,śibiram,32073,1552-2,SibiraTaH,śibirathaḥ
ap,heads,M-nasal/Hi-pos/Hf-drop/G-keep,isolated,0,25502,32120,1555-2,SiSnam,śiśnam,32121,1555-2,SiSivadAna,śiśivadāna
ap,heads,M-nasal/Hi-pos/Hf-drop/G-keep,isolated,0,25506,32124,1555-2,Sizpam,śiṣpam,32125,1555-2,Sizwa,śiṣṭa
ap,heads,M-nasal/Hi-pos/Hf-drop/G-keep,isolated,0,25544,32165,1557-2,SIrzam,śīrṣam,32166,1557-2,SIrzakaH,śīrṣakaḥ
ap,heads,M-nasal/Hi-pos/Hf-drop/G-keep,isolated,0,25577,32221,1560-2,SuD,śudh,32222,1560-2,SudDa,śuddha
ap,heads,M-nasal/Hi-pos/Hf-drop/G-keep,isolated,1,25588,32241,1562-1,SuBaMBAvuka,śubhaṃbhāvuka,32242,1562-1,SuBakaH,śubhakaḥ
ap,heads,M-nasal/Hi-pos/Hf-drop/G-keep,isolated,0,25607,32275,1563-2,SUkavat,śūkavat,32276,1563-2,SUkaraH,śūkaraḥ
ap,heads,M-nasal/Hi-pos/Hf-drop/G-keep,isolated,0,25614,32282,1564-1,SUdrARI,śūdrāṇī,32283,1564-1,SUdrakaH,śūdrakaḥ
ap,heads,M-nasal/Hi-pos/Hf-drop/G-keep,isolated,0,25635,32315,1565-2,SfNgam,śṛṅgam,32316,1566-1,SfNgakaH,śṛṅgakaḥ
ap,heads,M-nasal/Hi-pos/Hf-drop/G-keep,isolated,0,25654,32334,1566-2,SfD,śṛdh,32335,1566-2,SfdDa,śṛddha
ap,heads,M-nasal/Hi-pos/Hf-drop/G-keep,isolated,0,25732,32430,1570-2,Sozin,śoṣin,32431,1570-2,SoziRI,śoṣiṇī
ap,heads,M-nasal/Hi-pos/Hf-drop/G-keep,isolated,0,25752,32452,1571-1,SORqI,śauṇḍī,32453,1571-1,SORqira,śauṇḍira
ap,heads,M-nasal/Hi-pos/Hf-drop/G-keep,isolated,0,25757,32457,1571-1,SOnam,śaunam,32458,1571-1,SOnakaH,śaunakaḥ
ap,heads,M-nasal/Hi-pos/Hf-drop/G-keep,isolated,0,25772,32472,1571-2,SOvana,śauvana,32473,1571-2,SOva,śauva
ap,heads,M-nasal/Hi-pos/Hf-drop/G-keep,isolated,0,25778,32478,1571-2,Scyut,ścyut,32479,1571-2,ScotaH,ścotaḥ
ap,heads,M-nasal/Hi-pos/Hf-drop/G-keep,isolated,0,25814,32518,1573-1,SrahAnam,śrahānam,32519,1573-1,SradDA,śraddhā
ap,heads,M-nasal/Hi-pos/Hf-drop/G-keep,isolated,0,25815,32519,1573-1,SradDA,śraddhā,32520,1573-1,SradDa,śraddha
ap,heads,M-nasal/Hi-pos/Hf-drop/G-keep,isolated,0,25833,32541,1574-2,Sravasyam,śravasyam,32542,1574-2,Sravasyati,śravasyati
ap,heads,M-nasal/Hi-pos/Hf-drop/G-keep,isolated,0,25841,32570,1575-2,SrI,śrī,32572,1576-2,SriyaMmanya,śriyaṃmanya
ap,heads,M-nasal/Hi-pos/Hf-drop/G-keep,isolated,0,25858,32588,1578-1,SreRIBU,śreṇībhū,32589,1578-1,SreRI,śreṇī
ap,heads,M-nasal/Hi-pos/Hf-drop/G-keep,isolated,0,25890,32630,1579-2,Slezin,śleṣin,32631,1579-2,SlezA,śleṣā
ap,heads,M-nasal/Hi-pos/Hf-drop/G-keep,isolated,0,25891,32631,1579-2,SlezA,śleṣā,32632,1579-2,SlIpadam,ślīpadam
ap,heads,M-nasal/Hi-pos/Hf-drop/G-keep,isolated,0,25895,32635,1580-1,Slezman,śleṣman,32636,1580-1,SlezmakaH,śleṣmakaḥ
ap,heads,M-nasal/Hi-pos/Hf-drop/G-keep,isolated,0,25898,32638,1580-1,Slezmika,śleṣmika,32639,1580-1,SlezmAtaH,śleṣmātaḥ
ap,heads,M-nasal/Hi-pos/Hf-drop/G-keep,isolated,0,25908,32652,1580-2,Svan,śvan,32653,1580-2,SvakaH,śvakaḥ
ap,heads,M-nasal/Hi-pos/Hf-drop/G-keep,isolated,0,25924,32673,1581-1,SvAsin,śvāsin,32674,1581-1,Svas,śvas
ap,heads,M-nasal/Hi-pos/Hf-drop/G-keep,isolated,0,25927,32676,1581-2,Svi,śvi,32677,1581-2,SvAkarRaH,śvākarṇaḥ
ap,heads,M-nasal/Hi-pos/Hf-drop/G-keep,isolated,0,25943,32698,1582-2,Svetram,śvetram,32699,1582-2,Svind,śvind
ap,heads,M-nasal/Hi-pos/Hf-drop/G-keep,isolated,0,25953,32708,1583-1,zaz,ṣaṣ,32709,1584-1,zawka,ṣaṭka
ap,heads,M-nasal/Hi-pos/Hf-drop/G-keep,isolated,0,25975,32730,1585-1,zoqaSan,ṣoḍaśan,32731,1585-2,zoqaSa,ṣoḍaśa
ap,heads,M-nasal/Hi-pos/Hf-drop/G-keep,isolated,0,25977,32732,1585-2,zoqaSaDA,ṣoḍaśadhā,32733,1585-2,zoqaSaka,ṣoḍaśaka
ap,heads,M-nasal/Hi-pos/Hf-drop/G-keep,isolated,0,25993,32749,1585-a2,saMyam,saṃyam,32750,1586-1,saMyata,saṃyata
ap,heads,M-nasal/Hi-pos/Hf-drop/G-keep,isolated,0,26003,32763,1586-2,saMyuj,saṃyuj,32764,1586-2,saMyukta,saṃyukta
ap,heads,M-nasal/Hi-pos/Hf-drop/G-keep,isolated,0,26009,32769,1587-1,saMyojanam,saṃyojanam,32770,1587-1,saMyuta,saṃyuta
ap,heads,M-nasal/Hi-pos/Hf-drop/G-keep,isolated,0,26014,32777,1587-1,saMraYj,saṃrañj,32778,1587-1,saMrakta,saṃrakta
ap,heads,M-nasal/Hi-pos/Hf-drop/G-keep,isolated,0,26016,32779,1587-2,saMrAgaH,saṃrāgaḥ,32780,1587-2,saMraB,saṃrabh
ap,heads,M-nasal/Hi-pos/Hf-drop/G-keep,isolated,0,26017,32780,1587-2,saMraB,saṃrabh,32781,1587-2,saMrabDa,saṃrabdha
ap,heads,M-nasal/Hi-pos/Hf-drop/G-keep,isolated,0,26020,32783,1587-2,saMramBin,saṃrambhin,32784,1587-2,saMram,saṃram
ap,heads,M-nasal/Hi-pos/Hf-drop/G-keep,isolated,0,26022,32785,1587-2,saMrAD,saṃrādh,32787,1587-2,saMrAdDiH,saṃrāddhiḥ
ap,heads,M-nasal/Hi-pos/Hf-drop/G-keep,isolated,0,26028,32792,1588-1,saMruD,saṃrudh,32793,1588-1,saMrudDa,saṃruddha
ap,heads,M-nasal/Hi-pos/Hf-drop/G-keep,isolated,0,26031,32795,1588-1,saMroDanam,saṃrodhanam,32796,1588-1,saMruh,saṃruh
ap,heads,M-nasal/Hi-pos/Hf-drop/G-keep,isolated,0,26034,32798,1588-1,saMrohaRam,saṃrohaṇam,32799,1588-1,saMrozita,saṃroṣita
ap,heads,M-nasal/Hi-pos/Hf-drop/G-keep,isolated,0,26040,32805,1588-2,saMlApakaH,saṃlāpakaḥ,32806,1588-2,saMlalita,saṃlalita
ap,heads,M-nasal/Hi-pos/Hf-drop/G-keep,isolated,0,26043,32808,1588-2,saMlIQa,saṃlīḍha,32809,1588-2,saMlI,saṃlī
ap,heads,M-nasal/Hi-pos/Hf-drop/G-keep,isolated,0,26044,32809,1588-2,saMlI,saṃlī,32810,1588-2,saMlayaH,saṃlayaḥ
ap,heads,M-nasal/Hi-pos/Hf-drop/G-keep,isolated,0,26049,32814,1588-2,saMloqanam,saṃloḍanam,32815,1588-2,saMlulita,saṃlulita
ap,heads,M-nasal/Hi-pos/Hf-drop/G-keep,isolated,0,26056,32822,1589-1,saMvAdin,saṃvādin,32823,1589-1,saMvAcyam,saṃvācyam
ap,heads,M-nasal/Hi-pos/Hf-drop/G-keep,isolated,0,26058,32824,1589-1,saMvAvadUka,saṃvāvadūka,32825,1589-1,saMvananam,saṃvananam
ap,heads,M-nasal/Hi-pos/Hf-drop/G-keep,isolated,0,26068,32834,1589-2,saMvAsaH,saṃvāsaḥ,32835,1589-2,saMvasaTaH,saṃvasathaḥ
ap,heads,M-nasal/Hi-pos/Hf-drop/G-keep,isolated,0,26074,32842,1589-2,saMvAhita,saṃvāhita,32843,1589-2,saMvAsita,saṃvāsita
ap,heads,M-nasal/Hi-pos/Hf-drop/G-keep,isolated,0,26077,32845,1590-1,saMvij,saṃvij,32846,1590-1,saMvigna,saṃvigna
ap,heads,M-nasal/Hi-pos/Hf-drop/G-keep,isolated,0,26081,32849,1590-1,saMvid,saṃvid,32850,1590-1,saMvittiH,saṃvittiḥ
ap,heads,M-nasal/Hi-pos/Hf-drop/G-keep,isolated,0,26089,32857,1590-2,saMvedanam,saṃvedanam,32858,1590-2,saMviD,saṃvidh
ap,heads,M-nasal/Hi-pos/Hf-drop/G-keep,isolated,0,26092,32861,1590-2,saMviDAnam,saṃvidhānam,32862,1590-2,saMviDAnakam,saṃvidhānakam
ap,heads,M-nasal/Hi-pos/Hf-drop/G-keep,isolated,0,26095,32864,1590-2,saMviBaj,saṃvibhaj,32865,1590-2,saMviBakta,saṃvibhakta
ap,heads,M-nasal/Hi-pos/Hf-drop/G-keep,isolated,0,26098,32867,1590-2,saMviBAgin,saṃvibhāgin,32868,1590-2,saMviBA,saṃvibhā
ap,heads,M-nasal/Hi-pos/Hf-drop/G-keep,isolated,0,26103,32872,1591-1,saMveSanam,saṃveśanam,32873,1591-1,saMvIkzaRam,saṃvīkṣaṇam
ap,heads,M-nasal/Hi-pos/Hf-drop/G-keep,isolated,0,26107,32876,1591-1,saMvf,saṃvṛ,32877,1591-1,saMvaraH,saṃvaraḥ
ap,heads,M-nasal/Hi-pos/Hf-drop/G-keep,isolated,0,26112,32881,1591-2,saMvftiH,saṃvṛtiḥ,32882,1591-2,saMvfkta,saṃvṛkta
ap,heads,M-nasal/Hi-pos/Hf-drop/G-keep,isolated,0,26114,32883,1591-2,saMvft,saṃvṛt,32884,1591-2,saMvartaH,saṃvartaḥ
ap,heads,M-nasal/Hi-pos/Hf-drop/G-keep,isolated,0,26122,32891,1592-1,saMvfD,saṃvṛdh,32892,1592-1,saMvarDaka,saṃvardhaka
ap,heads,M-nasal/Hi-pos/Hf-drop/G-keep,isolated,0,26130,32899,1592-1,saMvyas,saṃvyas,32900,1592-1,saMvyavahAraH,saṃvyavahāraḥ
ap,heads,M-nasal/Hi-pos/Hf-drop/G-keep,isolated,0,26133,32902,1592-1,saMvye,saṃvye,32903,1592-1,saMvyAnam,saṃvyānam
ap,heads,M-nasal/Hi-pos/Hf-drop/G-keep,isolated,0,26141,32912,1592-2,saMSI,saṃśī,32913,1592-2,saMSayaH,saṃśayaḥ
ap,heads,M-nasal/Hi-pos/Hf-drop/G-keep,isolated,0,26147,32918,1593-1,saMSuD,saṃśudh,32919,1593-1,saMSudDa,saṃśuddha
ap,heads,M-nasal/Hi-pos/Hf-drop/G-keep,isolated,0,26150,32921,1593-1,saMSoDanam,saṃśodhanam,32922,1593-1,saMSUna,saṃśūna
ap,heads,M-nasal/Hi-pos/Hf-drop/G-keep,isolated,0,26154,32925,1593-1,saMSri,saṃśri,32926,1593-1,saMSrayaH,saṃśrayaḥ
ap,heads,M-nasal/Hi-pos/Hf-drop/G-keep,isolated,0,26158,32929,1593-2,saMSru,saṃśru,32930,1593-2,saMSravaH,saṃśravaḥ
ap,heads,M-nasal/Hi-pos/Hf-drop/G-keep,isolated,0,26167,32939,1593-2,saMsaYj,saṃsañj,32940,1593-2,saMsakta,saṃsakta
ap,heads,M-nasal/Hi-pos/Hf-drop/G-keep,isolated,0,26169,32941,1594-1,saMsajjamAna,saṃsajjamāna,32942,1594-1,saMsaktiH,saṃsaktiḥ
ap,heads,M-nasal/Hi-pos/Hf-drop/G-keep,isolated,0,26173,32946,1594-1,saMsAdaH,saṃsādaḥ,32947,1594-1,saMsaha,saṃsaha
ap,heads,M-nasal/Hi-pos/Hf-drop/G-keep,isolated,0,26177,32950,1594-1,saMsiD,saṃsidh,32951,1594-1,saMsidDa,saṃsiddha
ap,heads,M-nasal/Hi-pos/Hf-drop/G-keep,isolated,0,26182,32956,1594-2,saMsf,saṃsṛ,32957,1594-2,saMsaraRam,saṃsaraṇam
ap,heads,M-nasal/Hi-pos/Hf-drop/G-keep,isolated,0,26186,32960,1594-2,saMsftiH,saṃsṛtiḥ,32961,1594-2,saMsfj,saṃsṛj
ap,heads,M-nasal/Hi-pos/Hf-drop/G-keep,isolated,0,26187,32961,1594-2,saMsfj,saṃsṛj,32962,1595-1,saMsargaH,saṃsargaḥ
ap,heads,M-nasal/Hi-pos/Hf-drop/G-keep,isolated,0,26195,32969,1595-1,saMsfzwin,saṃsṛṣṭin,32970,1595-1,saMsfp,saṃsṛp
ap,heads,M-nasal/Hi-pos/Hf-drop/G-keep,isolated,0,26196,32970,1595-1,saMsfp,saṃsṛp,32971,1595-1,saMsarpaH,saṃsarpaḥ
ap,heads,M-nasal/Hi-pos/Hf-drop/G-keep,isolated,0,26202,32977,1595-2,saMskf,saṃskṛ,32978,1595-2,saMskaraRam,saṃskaraṇam
ap,heads,M-nasal/Hi-pos/Hf-drop/G-keep,isolated,0,26211,32986,1596-2,saMstamB,saṃstambh,32987,1596-2,saMstabDa,saṃstabdha
ap,heads,M-nasal/Hi-pos/Hf-drop/G-keep,isolated,0,26215,32990,1596-2,saMstu,saṃstu,32991,1596-2,saMstavaH,saṃstavaḥ
ap,heads,M-nasal/Hi-pos/Hf-drop/G-keep,isolated,0,26221,32996,1596-2,saMstf,saṃstṛ,32997,1596-2,saMstaraH,saṃstaraḥ
ap,heads,M-nasal/Hi-pos/Hf-drop/G-keep,isolated,0,26226,33001,1597-1,saMsTA,saṃsthā,33002,1597-1,saMsTa,saṃstha
ap,heads,M-nasal/Hi-pos/Hf-drop/G-keep,isolated,0,26235,33010,1598-1,saMspfS,saṃspṛś,33011,1598-1,saMsparSaH,saṃsparśaḥ
ap,heads,M-nasal/Hi-pos/Hf-drop/G-keep,isolated,0,26242,33017,1598-1,saMsmf,saṃsmṛ,33018,1598-1,saMsmaraRam,saṃsmaraṇam
ap,heads,M-nasal/Hi-pos/Hf-drop/G-keep,isolated,0,26248,33023,1598-1,saMhan,saṃhan,33024,1598-1,saMhata,saṃhata
ap,heads,M-nasal/Hi-pos/Hf-drop/G-keep,isolated,0,26255,33030,1598-2,saMhavanam,saṃhavanam,33031,1598-2,saMSUna,saṃśūna
ap,heads,M-nasal/Hi-pos/Hf-drop/G-keep,isolated,0,26261,33036,1599-1,saMhf,saṃhṛ,33037,1599-1,saMharaRam,saṃharaṇam
ap,heads,M-nasal/Hi-pos/Hf-drop/G-keep,isolated,0,26268,33043,1599-2,saMhfz,saṃhṛṣ,33044,1599-2,saMharzaH,saṃharṣaḥ
ap,heads,M-nasal/Hi-pos/Hf-drop/G-keep,isolated,0,26320,33110,1601-2,saMkAlanam,saṃkālanam,33111,1601-2,saMkazwam,saṃkaṣṭam
ap,heads,M-nasal/Hi-pos/Hf-drop/G-keep,isolated,0,26329,33120,1602-1,saMkocanam,saṃkocanam,33121,1602-1,saMkula,saṃkula
ap,heads,M-nasal/Hi-pos/Hf-drop/G-keep,isolated,0,26333,33124,1602-1,saMkfz,saṃkṛṣ,33125,1602-1,saMkarzaRam,saṃkarṣaṇam
ap,heads,M-nasal/Hi-pos/Hf-drop/G-keep,isolated,0,26335,33126,1602-1,saMkF,saṃkṝ,33127,1602-2,saMkaraH,saṃkaraḥ
ap,heads,M-nasal/Hi-pos/Hf-drop/G-keep,isolated,0,26341,33132,1602-2,saMkFt,saṃkṝt,33133,1602-2,saMkIrtanam,saṃkīrtanam
ap,heads,M-nasal/Hi-pos/Hf-drop/G-keep,isolated,0,26343,33134,1602-2,saMkxp,saṃkḷp,33135,1603-1,saMkalpaH,saṃkalpaḥ
ap,heads,M-nasal/Hi-pos/Hf-drop/G-keep,isolated,0,26365,33160,1604-1,saMkzi,saṃkṣi,33161,1604-1,saMkzayaH,saṃkṣayaḥ
ap,heads,M-nasal/Hi-pos/Hf-drop/G-keep,isolated,0,26369,33166,1604-2,saMkzepaRam,saṃkṣepaṇam,33167,1604-2,saMkzuB,saṃkṣubh
ap,heads,M-nasal/Hi-pos/Hf-drop/G-keep,isolated,0,26374,33171,1604-2,saMKyA,saṃkhyā,33172,1604-2,saMKyaka,saṃkhyaka
ap,heads,M-nasal/Hi-pos/Hf-drop/G-keep,isolated,0,26382,33179,1605-1,saMgin,saṃgin,33180,1605-1,saMgaRikA,saṃgaṇikā
ap,heads,M-nasal/Hi-pos/Hf-drop/G-keep,isolated,0,26384,33181,1605-1,saMgam,saṃgam,33182,1605-1,saMgata,saṃgata
ap,heads,M-nasal/Hi-pos/Hf-drop/G-keep,isolated,0,26397,33194,1605-2,saMgF,saṃgṝ,33195,1605-2,saMgIrRa,saṃgīrṇa
ap,heads,M-nasal/Hi-pos/Hf-drop/G-keep,isolated,0,26399,33196,1605-2,saMgE,saṃgai,33197,1605-2,saMgIta,saṃgīta
ap,heads,M-nasal/Hi-pos/Hf-drop/G-keep,isolated,0,26404,33201,1606-1,saMgrah,saṃgrah,33202,1606-1,saMgfhIta,saṃgṛhīta
ap,heads,M-nasal/Hi-pos/Hf-drop/G-keep,isolated,0,26411,33208,1606-2,saMgrAhin,saṃgrāhin,33209,1606-2,saMgrAm,saṃgrām
ap,heads,M-nasal/Hi-pos/Hf-drop/G-keep,isolated,0,26422,33225,1607-1,saMGfz,saṃghṛṣ,33226,1607-2,saMGarzaH,saṃgharṣaḥ
ap,heads,M-nasal/Hi-pos/Hf-drop/G-keep,isolated,0,26450,33273,1609-1,saMcArin,saṃcārin,33274,1609-1,saMcal,saṃcal
ap,heads,M-nasal/Hi-pos/Hf-drop/G-keep,isolated,0,26452,33277,1609-1,saMcAlI,saṃcālī,33278,1609-1,saMcaskArayizu,saṃcaskārayiṣu
ap,heads,M-nasal/Hi-pos/Hf-drop/G-keep,isolated,0,26456,33281,1609-1,saMci,saṃci,33282,1609-1,saMcayaH,saṃcayaḥ
ap,heads,M-nasal/Hi-pos/Hf-drop/G-keep,isolated,0,26469,33297,1609-2,saMCid,saṃchid,33299,1609-2,saMcCedaH,saṃcchedaḥ
ap,heads,M-nasal/Hi-pos/Hf-drop/G-keep,isolated,1,26472,33302,1609-2,saMjan,saṃjan,33303,1609-2,saYjaH,sañjaḥ
ap,heads,M-nasal/Hi-pos/Hf-drop/G-keep,isolated,0,26475,33305,1609-2,saMjAta,saṃjāta,33306,1609-2,saMjap,saṃjap
ap,heads,M-nasal/Hi-pos/Hf-drop/G-keep,isolated,0,26484,33316,1610-1,saMjYA,saṃjñā,33317,1610-1,saMjYa,saṃjña
ap,heads,M-nasal/Hi-pos/Hf-drop/G-keep,isolated,0,26495,33327,1611-1,saMjYin,saṃjñin,33328,1611-1,saMjYita,saṃjñita
ap,heads,M-nasal/Hi-pos/Hf-drop/G-keep,isolated,0,26517,33352,1612-2,satItvam,satītvam,33353,1612-2,satata,satata
ap,heads,M-nasal/Hi-pos/Hf-drop/G-keep,isolated,0,26535,33370,1613-1,satrAyate,satrāyate,33371,1613-1,sattrin,sattrin
ap,heads,M-nasal/Hi-pos/Hf-drop/G-keep,isolated,0,26536,33371,1613-1,sattrin,sattrin,33372,1613-1,sattrA,sattrā
ap,heads,M-nasal/Hi-pos/Hf-drop/G-keep,isolated,0,26539,33374,1613-1,sattvam,sattvam,33375,1613-2,sattvakaH,sattvakaḥ
ap,heads,M-nasal/Hi-pos/Hf-drop/G-keep,isolated,1,26555,33395,1615-2,sadanam,sadanam,33396,1615-2,sadaH,sadaḥ
ap,heads,M-nasal/Hi-pos/Hf-drop/G-keep,isolated,0,26583,33423,1616-2,saDryaYc,sadhryañc,33424,1616-2,saDrIcI,sadhrīcī
ap,heads,M-nasal/Hi-pos/Hf-drop/G-keep,isolated,0,26589,33455,1617-2,saMtan,saṃtan,33456,1617-2,saMtata,saṃtata
ap,heads,M-nasal/Hi-pos/Hf-drop/G-keep,isolated,0,26594,33460,1618-1,saMtAnikA,saṃtānikā,33461,1618-1,saMtap,saṃtap
ap,heads,M-nasal/Hi-pos/Hf-drop/G-keep,isolated,0,26598,33466,1618-2,saMtApita,saṃtāpita,33467,1618-2,saMtam,saṃtam
ap,heads,M-nasal/Hi-pos/Hf-drop/G-keep,isolated,0,26607,33479,1618-2,saMtozaRam,saṃtoṣaṇam,33480,1618-2,saMtfRRa,saṃtṛṇṇa
ap,heads,M-nasal/Hi-pos/Hf-drop/G-keep,isolated,0,26609,33481,1619-1,saMtF,saṃtṝ,33482,1619-1,saMtaraRam,saṃtaraṇam
ap,heads,M-nasal/Hi-pos/Hf-drop/G-keep,isolated,0,26612,33484,1619-1,saMtyaj,saṃtyaj,33485,1619-1,saMtyakta,saṃtyakta
ap,heads,M-nasal/Hi-pos/Hf-drop/G-keep,isolated,0,26620,33496,1619-1,saMdAhaH,saṃdāhaḥ,33497,1619-2,saMdAtf,saṃdātṛ
ap,heads,M-nasal/Hi-pos/Hf-drop/G-keep,isolated,0,26622,33498,1619-2,saMdAnam,saṃdānam,33499,1619-2,saMdAnakam,saṃdānakam
ap,heads,M-nasal/Hi-pos/Hf-drop/G-keep,isolated,0,26633,33509,1619-2,saMdeSakam,saṃdeśakam,33510,1619-2,saMdih,saṃdih
ap,heads,M-nasal/Hi-pos/Hf-drop/G-keep,isolated,0,26634,33510,1619-2,saMdih,saṃdih,33511,1620-1,saMdigDa,saṃdigdha
ap,heads,M-nasal/Hi-pos/Hf-drop/G-keep,isolated,0,26639,33515,1620-1,saMdehya,saṃdehya,33516,1620-1,saMdI,saṃdī
ap,heads,M-nasal/Hi-pos/Hf-drop/G-keep,isolated,0,26644,33523,1620-2,saMdUzita,saṃdūṣita,33524,1620-2,saMduh,saṃduh
ap,heads,M-nasal/Hi-pos/Hf-drop/G-keep,isolated,0,26646,33525,1620-2,saMdfB,saṃdṛbh,33526,1620-2,saMdarBaH,saṃdarbhaḥ
ap,heads,M-nasal/Hi-pos/Hf-drop/G-keep,isolated,0,26649,33528,1620-2,saMdfS,saṃdṛś,33529,1620-2,saMdarSaH,saṃdarśaḥ
ap,heads,M-nasal/Hi-pos/Hf-drop/G-keep,isolated,0,26671,33551,1622-1,saMDeya,saṃdheya,33552,1622-1,saMDukz,saṃdhukṣ
ap,heads,M-nasal/Hi-pos/Hf-drop/G-keep,isolated,0,26673,33555,1622-1,saMDf,saṃdhṛ,33556,1622-1,saMDAraRam,saṃdhāraṇam
ap,heads,M-nasal/Hi-pos/Hf-drop/G-keep,isolated,0,26680,33562,1622-2,saMnAdaH,saṃnādaḥ,33563,1622-2,saMnam,saṃnam
ap,heads,M-nasal/Hi-pos/Hf-drop/G-keep,isolated,0,26681,33563,1622-2,saMnam,saṃnam,33564,1622-2,saMnata,saṃnata
ap,heads,M-nasal/Hi-pos/Hf-drop/G-keep,isolated,0,26685,33567,1623-1,saMnah,saṃnah,33568,1623-1,saMnadDa,saṃnaddha
ap,heads,M-nasal/Hi-pos/Hf-drop/G-keep,isolated,0,26695,33577,1623-2,saMniDA,saṃnidhā,33578,1623-2,saMniDam,saṃnidham
ap,heads,M-nasal/Hi-pos/Hf-drop/G-keep,isolated,0,26712,33596,1624-1,saMniruD,saṃnirudh,33597,1624-1,saMnirudDa,saṃniruddha
ap,heads,M-nasal/Hi-pos/Hf-drop/G-keep,isolated,0,26719,33603,1624-2,saMniveSanam,saṃniveśanam,33604,1624-2,saMnivft,saṃnivṛt
ap,heads,M-nasal/Hi-pos/Hf-drop/G-keep,isolated,0,26723,33609,1624-2,saMnI,saṃnī,33610,1624-2,saMnayanam,saṃnayanam
ap,heads,M-nasal/Hi-pos/Hf-drop/G-keep,isolated,0,26729,33622,1625-2,sapatrAkf,sapatrākṛ,33623,1625-2,sapatrAkaraRam,sapatrākaraṇam
ap,heads,M-nasal/Hi-pos/Hf-drop/G-keep,isolated,0,26748,33641,1626-1,saptan,saptan,33642,1626-2,saptaka,saptaka
ap,heads,M-nasal/Hi-pos/Hf-drop/G-keep,isolated,0,26793,33689,1629-1,samatA,samatā,33690,1629-1,samakza,samakṣa
ap,heads,M-nasal/Hi-pos/Hf-drop/G-keep,isolated,0,26813,33716,1630-1,samanvi,samanvi,33717,1630-1,samanvayaH,samanvayaḥ
ap,heads,M-nasal/Hi-pos/Hf-drop/G-keep,isolated,0,26849,33758,1631-2,samave,samave,33759,1631-2,samavAyaH,samavāyaḥ
ap,heads,M-nasal/Hi-pos/Hf-drop/G-keep,isolated,0,26861,33773,1632-1,samAkarRitakam,samākarṇitakam,33774,1632-1,samAkaraRam,samākaraṇam
ap,heads,M-nasal/Hi-pos/Hf-drop/G-keep,isolated,0,26864,33776,1632-2,samAkfz,samākṛṣ,33777,1632-2,samAkarzin,samākarṣin
ap,heads,M-nasal/Hi-pos/Hf-drop/G-keep,isolated,0,26873,33787,1632-2,samAgam,samāgam,33788,1632-2,samAgata,samāgata
ap,heads,M-nasal/Hi-pos/Hf-drop/G-keep,isolated,0,26900,33819,1634-2,samAnI,samānī,33820,1634-2,samAnayanam,samānayanam
ap,heads,M-nasal/Hi-pos/Hf-drop/G-keep,isolated,0,26904,33832,1635-1,samApad,samāpad,33833,1635-1,samApattiH,samāpattiḥ
ap,heads,M-nasal/Hi-pos/Hf-drop/G-keep,isolated,0,26919,33851,1635-2,samAyuj,samāyuj,33852,1635-2,samAyukta,samāyukta
ap,heads,M-nasal/Hi-pos/Hf-drop/G-keep,isolated,0,26921,33853,1635-2,samAyogaH,samāyogaḥ,33854,1635-2,samAyuta,samāyuta
ap,heads,M-nasal/Hi-pos/Hf-drop/G-keep,isolated,0,26935,33867,1636-1,samAlaB,samālabh,33868,1636-1,samAlabDa,samālabdha
ap,heads,M-nasal/Hi-pos/Hf-drop/G-keep,isolated,0,26938,33870,1636-1,samAlamBaH,samālambhaḥ,33871,1636-1,samAlamb,samālamb
ap,heads,M-nasal/Hi-pos/Hf-drop/G-keep,isolated,0,26942,33876,1636-2,samAlya,samālya,33877,1636-2,samAlokanam,samālokanam
ap,heads,M-nasal/Hi-pos/Hf-drop/G-keep,isolated,0,26947,33881,1636-2,samAvAsita,samāvāsita,33882,1636-2,samAvAyaH,samāvāyaḥ
ap,heads,M-nasal/Hi-pos/Hf-drop/G-keep,isolated,0,26953,33887,1636-2,samAveSanam,samāveśanam,33888,1636-2,samAvf,samāvṛ
ap,heads,M-nasal/Hi-pos/Hf-drop/G-keep,isolated,0,26955,33890,1636-2,samAvft,samāvṛt,33891,1637-1,samAvartanam,samāvartanam
ap,heads,M-nasal/Hi-pos/Hf-drop/G-keep,isolated,0,26960,33895,1637-1,samASri,samāśri,33896,1637-1,samASrayaH,samāśrayaḥ
ap,heads,M-nasal/Hi-pos/Hf-drop/G-keep,isolated,0,26970,33906,1637-2,samAsyA,samāsyā,33907,1637-2,samAsaYj,samāsañj
ap,heads,M-nasal/Hi-pos/Hf-drop/G-keep,isolated,0,26971,33907,1637-2,samAsaYj,samāsañj,33908,1637-2,samAsakta,samāsakta
ap,heads,M-nasal/Hi-pos/Hf-drop/G-keep,isolated,0,26975,33911,1637-2,samAsarjanam,samāsarjanam,33912,1637-2,samAsad,samāsad
ap,heads,M-nasal/Hi-pos/Hf-drop/G-keep,isolated,0,26976,33912,1637-2,samAsad,samāsad,33913,1637-2,samAsattiH,samāsattiḥ
ap,heads,M-nasal/Hi-pos/Hf-drop/G-keep,isolated,0,26980,33916,1637-2,samAhf,samāhṛ,33917,1637-2,samAhara,samāhara
ap,heads,M-nasal/Hi-pos/Hf-drop/G-keep,isolated,0,26987,33923,1638-1,samAhftya,samāhṛtya,33924,1638-1,samAhita,samāhita
ap,heads,M-nasal/Hi-pos/Hf-drop/G-keep,isolated,0,26989,33925,1638-1,samAhve,samāhve,33926,1638-1,samAhvaH,samāhvaḥ
ap,heads,M-nasal/Hi-pos/Hf-drop/G-keep,isolated,0,26996,33939,1638-2,saminD,samindh,33940,1638-2,samidDa,samiddha
ap,heads,M-nasal/Hi-pos/Hf-drop/G-keep,isolated,0,27005,33948,1638-2,samIkf,samīkṛ,33949,1639-1,samIkaraRam,samīkaraṇam
ap,heads,M-nasal/Hi-pos/Hf-drop/G-keep,isolated,0,27009,33952,1639-1,samIyate,samīyate,33953,1639-1,samIkz,samīkṣ
ap,heads,M-nasal/Hi-pos/Hf-drop/G-keep,isolated,0,27030,33981,1639-2,samucci,samucci,33982,1639-2,samuccayaH,samuccayaḥ
ap,heads,M-nasal/Hi-pos/Hf-drop/G-keep,isolated,0,27032,33983,1640-1,samucCid,samucchid,33984,1640-1,samucCittiH,samucchittiḥ
ap,heads,M-nasal/Hi-pos/Hf-drop/G-keep,isolated,0,27035,33986,1640-1,samucCri,samucchri,33987,1640-1,samucCrayaH,samucchrayaḥ
ap,heads,M-nasal/Hi-pos/Hf-drop/G-keep,isolated,0,27050,34003,1640-2,samutTA,samutthā,34004,1640-2,samutTa,samuttha
ap,heads,M-nasal/Hi-pos/Hf-drop/G-keep,isolated,0,27055,34008,1640-2,samutpAwaH,samutpāṭaḥ,34009,1640-2,samutpat,samutpat
ap,heads,M-nasal/Hi-pos/Hf-drop/G-keep,isolated,0,27057,34011,1640-2,samutpad,samutpad,34012,1640-2,samutpattiH,samutpattiḥ
ap,heads,M-nasal/Hi-pos/Hf-drop/G-keep,isolated,0,27062,34016,1640-2,samutsavaH,samutsavaḥ,34017,1640-2,samutsargaH,samutsargaḥ
ap,heads,M-nasal/Hi-pos/Hf-drop/G-keep,isolated,0,27081,34036,1641-2,samudgam,samudgam,34037,1641-2,samudga,samudga
ap,heads,M-nasal/Hi-pos/Hf-drop/G-keep,isolated,0,27090,34045,1642-1,samudDf,samuddhṛ,34046,1642-1,samudDaraRam,samuddharaṇam
ap,heads,M-nasal/Hi-pos/Hf-drop/G-keep,isolated,0,27107,34064,1642-2,samunnam,samunnam,34065,1642-2,samunnata,samunnata
ap,heads,M-nasal/Hi-pos/Hf-drop/G-keep,isolated,0,27111,34068,1642-2,samunnah,samunnah,34069,1642-2,samunnadDa,samunnaddha
ap,heads,M-nasal/Hi-pos/Hf-drop/G-keep,isolated,0,27115,34072,1643-1,samunnI,samunnī,34073,1643-1,samunnayaH,samunnayaḥ
ap,heads,M-nasal/Hi-pos/Hf-drop/G-keep,isolated,0,27143,34107,1643-2,samfD,samṛdh,34108,1643-2,samfdDa,samṛddha
ap,heads,M-nasal/Hi-pos/Hf-drop/G-keep,isolated,0,27150,34117,1644-1,saMpAWaH,saṃpāṭhaḥ,34118,1644-1,saMpat,saṃpat
ap,heads,M-nasal/Hi-pos/Hf-drop/G-keep,isolated,0,27154,34121,1644-2,saMpAtin,saṃpātin,34122,1644-2,saMpad,saṃpad
ap,heads,M-nasal/Hi-pos/Hf-drop/G-keep,isolated,0,27158,34125,1644-2,saMpAdanam,saṃpādanam,34126,1644-2,saMpattiH,saṃpattiḥ
ap,heads,M-nasal/Hi-pos/Hf-drop/G-keep,isolated,0,27162,34129,1645-1,saMpare,saṃpare,34130,1645-1,saMparAyaH,saṃparāyaḥ
ap,heads,M-nasal/Hi-pos/Hf-drop/G-keep,isolated,0,27165,34132,1645-1,saMpareta,saṃpareta,34133,1645-1,saMparigrahaH,saṃparigrahaḥ
ap,heads,M-nasal/Hi-pos/Hf-drop/G-keep,isolated,0,27172,34139,1645-1,saMpezaRam,saṃpeṣaṇam,34140,1645-1,saMpIq,saṃpīḍ
ap,heads,M-nasal/Hi-pos/Hf-drop/G-keep,isolated,0,27181,34152,1645-2,saMpfc,saṃpṛc,34153,1645-2,saMparkaH,saṃparkaḥ
ap,heads,M-nasal/Hi-pos/Hf-drop/G-keep,isolated,0,27190,34161,1646-1,saMpratipad,saṃpratipad,34162,1646-1,saMpratipattiH,saṃpratipattiḥ
ap,heads,M-nasal/Hi-pos/Hf-drop/G-keep,isolated,0,27194,34165,1646-1,saMpratiroDakaH,saṃpratirodhakaḥ,34166,1646-1,saMpratiBAsaH,saṃpratibhāsaḥ
ap,heads,M-nasal/Hi-pos/Hf-drop/G-keep,isolated,0,27198,34171,1646-1,saMpratyayaH,saṃpratyayaḥ,34172,1646-2,saMpratIkzA,saṃpratīkṣā
ap,heads,M-nasal/Hi-pos/Hf-drop/G-keep,isolated,0,27200,34173,1646-2,saMpradA,saṃpradā,34174,1646-2,saMprattiH,saṃprattiḥ
ap,heads,M-nasal/Hi-pos/Hf-drop/G-keep,isolated,0,27206,34179,1646-2,saMpraDf,saṃpradhṛ,34180,1646-2,saMpraDAraRam,saṃpradhāraṇam
ap,heads,M-nasal/Hi-pos/Hf-drop/G-keep,isolated,0,27219,34193,1647-1,saMprayuj,saṃprayuj,34194,1647-1,saMprayukta,saṃprayukta
ap,heads,M-nasal/Hi-pos/Hf-drop/G-keep,isolated,0,27226,34201,1647-1,saMpraveSaH,saṃpraveśaḥ,34202,1647-1,saMpravft,saṃpravṛt
ap,heads,M-nasal/Hi-pos/Hf-drop/G-keep,isolated,0,27227,34202,1647-1,saMpravft,saṃpravṛt,34203,1647-2,saMpravartanam,saṃpravartanam
ap,heads,M-nasal/Hi-pos/Hf-drop/G-keep,isolated,0,27241,34219,1647-2,saMprI,saṃprī,34220,1647-2,saMpriyam,saṃpriyam
ap,heads,M-nasal/Hi-pos/Hf-drop/G-keep,isolated,0,27248,34227,1648-1,saMplu,saṃplu,34228,1648-1,saMplavaH,saṃplavaḥ
ap,heads,M-nasal/Hi-pos/Hf-drop/G-keep,isolated,0,27255,34234,1648-1,saMbam,saṃbam,34235,1648-1,saMbanD,saṃbandh
ap,heads,M-nasal/Hi-pos/Hf-drop/G-keep,isolated,0,27256,34235,1648-1,saMbanD,saṃbandh,34236,1648-1,saMbadDa,saṃbaddha
ap,heads,M-nasal/Hi-pos/Hf-drop/G-keep,isolated,0,27264,34246,1648-2,saMbuD,saṃbudh,34247,1648-2,saMbudDa,saṃbuddha
ap,heads,M-nasal/Hi-pos/Hf-drop/G-keep,isolated,0,27268,34250,1649-1,saMboDanam,saṃbodhanam,34251,1649-1,saMbfMhaRam,saṃbṛṃhaṇam
ap,heads,M-nasal/Hi-pos/Hf-drop/G-keep,isolated,0,27271,34253,1649-1,saMBaj,saṃbhaj,34254,1649-1,saMBakta,saṃbhakta
ap,heads,M-nasal/Hi-pos/Hf-drop/G-keep,isolated,0,27281,34266,1649-2,saMBedaH,saṃbhedaḥ,34267,1649-2,saMBuj,saṃbhuj
ap,heads,M-nasal/Hi-pos/Hf-drop/G-keep,isolated,0,27282,34267,1649-2,saMBuj,saṃbhuj,34268,1649-2,saMBukta,saṃbhukta
ap,heads,M-nasal/Hi-pos/Hf-drop/G-keep,isolated,0,27290,34275,1649-2,saMBojanIya,saṃbhojanīya,34276,1649-2,saMBU,saṃbhū
ap,heads,M-nasal/Hi-pos/Hf-drop/G-keep,isolated,0,27291,34276,1649-2,saMBU,saṃbhū,34277,1650-1,saMBavaH,saṃbhavaḥ
ap,heads,M-nasal/Hi-pos/Hf-drop/G-keep,isolated,0,27301,34286,1650-2,saMBf,saṃbhṛ,34287,1650-2,saMBAraH,saṃbhāraḥ
ap,heads,M-nasal/Hi-pos/Hf-drop/G-keep,isolated,0,27308,34295,1651-1,saMmad,saṃmad,34296,1651-1,saMmatta,saṃmatta
ap,heads,M-nasal/Hi-pos/Hf-drop/G-keep,isolated,0,27311,34298,1651-1,saMmAdaH,saṃmādaḥ,34299,1651-1,saMman,saṃman
ap,heads,M-nasal/Hi-pos/Hf-drop/G-keep,isolated,0,27312,34299,1651-1,saMman,saṃman,34300,1651-2,saMmata,saṃmata
ap,heads,M-nasal/Hi-pos/Hf-drop/G-keep,isolated,0,27316,34303,1651-2,saMmAnanam,saṃmānanam,34304,1651-2,saMmantr,saṃmantr
ap,heads,M-nasal/Hi-pos/Hf-drop/G-keep,isolated,0,27320,34308,1651-2,saMmAtura,saṃmātura,34309,1651-2,saMmA,saṃmā
ap,heads,M-nasal/Hi-pos/Hf-drop/G-keep,isolated,0,27325,34313,1651-2,saMmelanam,saṃmelanam,34314,1652-1,saMmiSr,saṃmiśr
ap,heads,M-nasal/Hi-pos/Hf-drop/G-keep,isolated,0,27336,34325,1652-1,saMmUrcCanam,saṃmūrcchanam,34326,1652-1,saMmUrcCajaH,saṃmūrcchajaḥ
ap,heads,M-nasal/Hi-pos/Hf-drop/G-keep,isolated,0,27337,34326,1652-1,saMmUrcCajaH,saṃmūrcchajaḥ,34327,1652-1,saMmuh,saṃmuh
ap,heads,M-nasal/Hi-pos/Hf-drop/G-keep,isolated,0,27338,34327,1652-1,saMmuh,saṃmuh,34328,1652-1,saMmugDa,saṃmugdha
ap,heads,M-nasal/Hi-pos/Hf-drop/G-keep,isolated,0,27343,34332,1652-2,saMmohanam,saṃmohanam,34333,1652-2,saMmfj,saṃmṛj
ap,heads,M-nasal/Hi-pos/Hf-drop/G-keep,isolated,0,27344,34333,1652-2,saMmfj,saṃmṛj,34334,1652-2,saMmArjakaH,saṃmārjakaḥ
ap,heads,M-nasal/Hi-pos/Hf-drop/G-keep,isolated,0,27348,34337,1652-2,saMmfzwa,saṃmṛṣṭa,34338,1652-2,saMmfta,saṃmṛta
ap,heads,M-nasal/Hi-pos/Hf-drop/G-keep,isolated,0,27350,34339,1652-2,saMmfd,saṃmṛd,34340,1652-2,saMmardaH,saṃmardaḥ
ap,heads,M-nasal/Hi-pos/Hf-drop/G-keep,isolated,0,27387,34382,1654-1,sarasvatI,sarasvatī,34383,1654-2,sarasara,sarasara
ap,heads,M-nasal/Hi-pos/Hf-drop/G-keep,isolated,0,27414,34416,1655-2,sarpis,sarpis,34417,1655-2,sarpizmat,sarpiṣmat
ap,heads,M-nasal/Hi-pos/Hf-drop/G-keep,isolated,0,27463,34489,1659-1,savrIqa,savrīḍa,34490,1659-1,savyezwf,savyeṣṭṛ
ap,heads,M-nasal/Hi-pos/Hf-drop/G-keep,isolated,0,27481,34521,1660-1,sahizRutA,sahiṣṇutā,34522,1660-1,saha,saha
ap,heads,M-nasal/Hi-pos/Hf-drop/G-keep,isolated,0,27483,34523,1661-1,sahatA,sahatā,34524,1661-1,sahakAra,sahakāra
ap,heads,M-nasal/Hi-pos/Hf-drop/G-keep,isolated,0,27490,34530,1661-1,sahasram,sahasram,34531,1661-2,sahasraka,sahasraka
ap,heads,M-nasal/Hi-pos/Hf-drop/G-keep,isolated,0,27531,34571,1662-2,sAMsidDika,sāṃsiddhika,34572,1662-2,sAMsidDavyam,sāṃsiddhavyam
ap,heads,M-nasal/Hi-pos/Hf-drop/G-keep,isolated,0,27541,34582,1663-1,sAkalyam,sākalyam,34583,1663-1,sAkalyaka,sākalyaka
ap,heads,M-nasal/Hi-pos/Hf-drop/G-keep,isolated,0,27547,34588,1663-1,sAketam,sāketam,34589,1663-1,sAketakaH,sāketakaḥ
ap,heads,M-nasal/Hi-pos/Hf-drop/G-keep,isolated,0,27553,34594,1663-2,sAkzyam,sākṣyam,34595,1663-2,sAkzara,sākṣara
ap,heads,M-nasal/Hi-pos/Hf-drop/G-keep,isolated,0,27584,34625,1664-2,sAcIna,sācīna,34626,1664-2,sAcivyam,sācivyam
ap,heads,M-nasal/Hi-pos/Hf-drop/G-keep,isolated,0,27596,34638,1665-1,sAtiSaya,sātiśaya,34639,1665-1,sAtinA,sātinā
ap,heads,M-nasal/Hi-pos/Hf-drop/G-keep,isolated,0,27600,34642,1665-1,sAtmya,sātmya,34643,1665-1,sAttvika,sāttvika
ap,heads,M-nasal/Hi-pos/Hf-drop/G-keep,isolated,0,27629,34671,1667-1,sADyavat,sādhyavat,34672,1667-1,sADayantaH,sādhayantaḥ
ap,heads,M-nasal/Hi-pos/Hf-drop/G-keep,isolated,0,27640,34682,1667-2,sADu,sādhu,34683,1667-2,sADiman,sādhiman
ap,heads,M-nasal/Hi-pos/Hf-drop/G-keep,isolated,0,27644,34686,1668-1,sADutA,sādhutā,34687,1668-1,sADukaH,sādhukaḥ
ap,heads,M-nasal/Hi-pos/Hf-drop/G-keep,isolated,0,27657,34699,1668-1,sAnumat,sānumat,34700,1668-1,sAnukampa,sānukampa
ap,heads,M-nasal/Hi-pos/Hf-drop/G-keep,isolated,0,27682,34725,1669-1,sAMnAhuka,sāṃnāhuka,34726,1669-1,sAMnAyyaH,sāṃnāyyaḥ
ap,heads,M-nasal/Hi-pos/Hf-drop/G-keep,isolated,0,27728,34817,1672-2,sAyam,sāyam,34818,1673-1,sAyakaH,sāyakaḥ
ap,heads,M-nasal/Hi-pos/Hf-drop/G-keep,isolated,0,27739,34828,1673-2,sAravat,sāravat,34829,1673-2,sAraka,sāraka
ap,heads,M-nasal/Hi-pos/Hf-drop/G-keep,isolated,0,27880,34970,1679-1,sAhyam,sāhyam,34971,1679-1,sAhna,sāhna
ap,heads,M-nasal/Hi-pos/Hf-drop/G-keep,isolated,0,27885,34993,1679-2,sic,sic,34994,1680-1,sikta,sikta
ap,heads,M-nasal/Hi-pos/Hf-drop/G-keep,isolated,0,27890,34998,1680-1,siYcanam,siñcanam,34999,1680-1,siYcatA,siñcatā
ap,heads,M-nasal/Hi-pos/Hf-drop/G-keep,isolated,0,27900,35008,1680-2,siD,sidh,35009,1680-2,sidDa,siddha
ap,heads,M-nasal/Hi-pos/Hf-drop/G-keep,isolated,0,27947,35060,1683-2,sItya,sītya,35061,1683-2,sItAnakaH,sītānakaḥ
ap,heads,M-nasal/Hi-pos/Hf-drop/G-keep,isolated,0,27965,35078,1684-2,sIlam,sīlam,35079,1684-2,sIlanDaH,sīlandhaḥ
ap,heads,M-nasal/Hi-pos/Hf-drop/G-keep,isolated,0,27971,35084,1684-2,sIsam,sīsam,35085,1684-2,sIsajam,sīsajam
ap,heads,M-nasal/Hi-pos/Hf-drop/G-keep,isolated,0,27979,35098,1692-1,suKin,sukhin,35099,1692-1,suKaMGuRaH,sukhaṃghuṇaḥ
ap,heads,M-nasal/Hi-pos/Hf-drop/G-keep,isolated,0,28020,35139,1694-2,suraBimat,surabhimat,35140,1694-2,suraBita,surabhita
ap,heads,M-nasal/Hi-pos/Hf-drop/G-keep,isolated,0,28041,35160,1695-2,suzumRaH,suṣumṇaḥ,35161,1695-2,suzupsA,suṣupsā
ap,heads,M-nasal/Hi-pos/Hf-drop/G-keep,isolated,0,28061,35197,1697-2,sUtyA,sūtyā,35198,1697-2,sUtparam,sūtparam
ap,heads,M-nasal/Hi-pos/Hf-drop/G-keep,isolated,0,28087,35239,1700-2,sUryAy,sūryāy,35240,1700-2,sUrata,sūrata
ap,heads,M-nasal/Hi-pos/Hf-drop/G-keep,isolated,0,28095,35286,1701-2,sF,sṝ,35287,1701-2,sIrRiH,sīrṇiḥ
ap,heads,M-nasal/Hi-pos/Hf-drop/G-keep,isolated,0,28099,35294,1702-1,secanam,secanam,35295,1702-1,secanakam,secanakam
ap,heads,M-nasal/Hi-pos/Hf-drop/G-keep,isolated,0,28101,35296,1702-1,secanI,secanī,35297,1702-1,segavaH,segavaḥ
ap,heads,M-nasal/Hi-pos/Hf-drop/G-keep,isolated,0,28161,35455,1708-1,sOnikaH,saunikaḥ,35456,1708-1,sOnandam,saunandam
ap,heads,M-nasal/Hi-pos/Hf-drop/G-keep,isolated,0,28175,35469,1708-2,sOBIkaH,saubhīkaḥ,35470,1708-2,sOBagam,saubhagam
ap,heads,M-nasal/Hi-pos/Hf-drop/G-keep,isolated,0,28208,35502,1710-1,sOraBeya,saurabheya,35503,1710-1,sOraBI,saurabhī
ap,heads,M-nasal/Hi-pos/Hf-drop/G-keep,isolated,0,28241,35535,1711-1,sOvIram,sauvīram,35536,1711-1,sOvIrakaH,sauvīrakaḥ
ap,heads,M-nasal/Hi-pos/Hf-drop/G-keep,isolated,0,28262,35557,1711-2,skandanam,skandanam,35558,1711-2,skanttf,skanttṛ
ap,heads,M-nasal/Hi-pos/Hf-drop/G-keep,isolated,0,28266,35561,1711-2,skanna,skanna,35562,1711-2,skanD,skandh
ap,heads,M-nasal/Hi-pos/Hf-drop/G-keep,isolated,0,28268,35567,1712-2,skamB,skambh,35568,1712-2,skabDa,skabdha
ap,heads,M-nasal/Hi-pos/Hf-drop/G-keep,isolated,0,28284,35593,1713-2,staB,stabh,35594,1713-2,stabDa,stabdha
ap,heads,M-nasal/Hi-pos/Hf-drop/G-keep,isolated,0,28304,35625,1715-1,stAvya,stāvya,35626,1715-1,stAvakaH,stāvakaḥ
ap,heads,M-nasal/Hi-pos/Hf-drop/G-keep,isolated,0,28305,35626,1715-1,stAvakaH,stāvakaḥ,35627,1715-1,staveyyaH,staveyyaḥ
ap,heads,M-nasal/Hi-pos/Hf-drop/G-keep,isolated,0,28306,35627,1715-1,staveyyaH,staveyyaḥ,35628,1715-1,stavarakaH,stavarakaḥ
ap,heads,M-nasal/Hi-pos/Hf-drop/G-keep,isolated,0,28326,35657,1716-1,stftiH,stṛtiḥ,35658,1716-1,stfkz,stṛkṣ
ap,heads,M-nasal/Hi-pos/Hf-drop/G-keep,isolated,0,28334,35666,1716-2,stEnyam,stainyam,35667,1716-2,step,step
ap,heads,M-nasal/Hi-pos/Hf-drop/G-keep,isolated,0,28350,35686,1717-1,styE,styai,35687,1717-1,styAna,styāna
ap,heads,M-nasal/Hi-pos/Hf-drop/G-keep,isolated,0,28370,35718,1719-2,sTA,sthā,35719,1719-2,sTa,stha
ap,heads,M-nasal/Hi-pos/Hf-drop/G-keep,isolated,0,28375,35723,1720-1,sTAnam,sthānam,35724,1720-2,sTAnakam,sthānakam
ap,heads,M-nasal/Hi-pos/Hf-drop/G-keep,isolated,0,28404,35752,1723-1,sTitimat,sthitimat,35753,1723-1,sTARqilaH,sthāṇḍilaḥ
ap,heads,M-nasal/Hi-pos/Hf-drop/G-keep,isolated,0,28407,35755,1723-1,sTAlam,sthālam,35756,1723-1,sTAlakaH,sthālakaḥ
ap,heads,M-nasal/Hi-pos/Hf-drop/G-keep,isolated,0,28440,35795,1725-1,snA,snā,35796,1725-1,snapana,snapana
ap,heads,M-nasal/Hi-pos/Hf-drop/G-keep,isolated,0,28452,35807,1726-1,snAsyat,snāsyat,35808,1726-1,snAyuH,snāyuḥ
ap,heads,M-nasal/Hi-pos/Hf-drop/G-keep,isolated,0,28458,35813,1726-1,snih,snih,35814,1726-1,snigDa,snigdha
ap,heads,M-nasal/Hi-pos/Hf-drop/G-keep,isolated,0,28478,35854,1728-1,sparzwf,sparṣṭṛ,35855,1728-1,sparz,sparṣ
ap,heads,M-nasal/Hi-pos/Hf-drop/G-keep,isolated,1,28502,35894,1729-1,sParaRam,spharaṇam,35895,1729-1,sParaH,spharaḥ
ap,heads,M-nasal/Hi-pos/Hf-drop/G-keep,isolated,0,28506,35898,1729-2,sPAwIkam,sphāṭīkam,35899,1729-2,sPAwita,sphāṭita
ap,heads,M-nasal/Hi-pos/Hf-drop/G-keep,isolated,0,28508,35900,1729-2,sPAy,sphāy,35901,1729-2,sPAta,sphāta
ap,heads,M-nasal/Hi-pos/Hf-drop/G-keep,isolated,0,28512,35904,1729-2,sPItiH,sphītiḥ,35905,1729-2,sPAra,sphāra
ap,heads,M-nasal/Hi-pos/Hf-drop/G-keep,isolated,0,28544,35940,1731-1,sPUrjitam,sphūrjitam,35941,1731-1,sPul,sphul
ap,heads,M-nasal/Hi-pos/Hf-drop/G-keep,isolated,0,28562,35962,1732-1,smaravatI,smaravatī,35963,1732-1,smaraRam,smaraṇam
ap,heads,M-nasal/Hi-pos/Hf-drop/G-keep,isolated,0,28571,35971,1732-2,smi,smi,35972,1732-2,smayaH,smayaḥ
ap,heads,M-nasal/Hi-pos/Hf-drop/G-keep,isolated,0,28577,35977,1732-2,smitiH,smitiḥ,35978,1732-2,smiw,smiṭ
ap,heads,M-nasal/Hi-pos/Hf-drop/G-keep,isolated,0,28585,35985,1733-2,syand,syand,35986,1733-2,syadaH,syadaḥ
ap,heads,M-nasal/Hi-pos/Hf-drop/G-keep,isolated,0,28599,36002,1734-1,syotaH,syotaḥ,36003,1734-1,syUmaH,syūmaḥ
ap,heads,M-nasal/Hi-pos/Hf-drop/G-keep,isolated,0,28605,36011,1734-2,srastiH,srastiḥ,36012,1734-2,sraMh,sraṃh
ap,heads,M-nasal/Hi-pos/Hf-drop/G-keep,isolated,0,28608,36014,1734-2,sraj,sraj,36015,1734-2,sragvat,sragvat
ap,heads,M-nasal/Hi-pos/Hf-drop/G-keep,isolated,0,28618,36024,1735-1,sravantI,sravantī,36025,1735-1,sravadraNgaH,sravadraṅgaḥ
ap,heads,M-nasal/Hi-pos/Hf-drop/G-keep,isolated,0,28633,36044,1735-2,srOGna,sraughna,36045,1735-2,sruc,sruc
ap,heads,M-nasal/Hi-pos/Hf-drop/G-keep,isolated,1,28648,36059,1738-1,svatvam,svatvam,36060,1738-1,svaMg,svaṃg
ap,heads,M-nasal/Hi-pos/Hf-drop/G-keep,isolated,0,28652,36063,1738-1,svaYj,svañj,36064,1738-1,svaNgaH,svaṅgaḥ
ap,heads,M-nasal/Hi-pos/Hf-drop/G-keep,isolated,0,28676,36097,1740-2,svarya,svarya,36098,1740-2,svargaH,svargaḥ
ap,heads,M-nasal/Hi-pos/Hf-drop/G-keep,isolated,0,28681,36102,1741-1,svarRam,svarṇam,36103,1741-1,svarRaka,svarṇaka
ap,heads,M-nasal/Hi-pos/Hf-drop/G-keep,isolated,0,28722,36147,1742-2,svAmin,svāmin,36148,1743-1,svAmitA,svāmitā
ap,heads,M-nasal/Hi-pos/Hf-drop/G-keep,isolated,0,28725,36150,1743-1,svAmyam,svāmyam,36151,1743-1,svAmnAya,svāmnāya
ap,heads,M-nasal/Hi-pos/Hf-drop/G-keep,isolated,0,28748,36175,1744-1,svIkf,svīkṛ,36176,1744-1,svIkaraRam,svīkaraṇam
ap,heads,M-nasal/Hi-pos/Hf-drop/G-keep,isolated,0,28790,36224,1746-2,hannam,hannam,36225,1746-2,han,han
ap,heads,M-nasal/Hi-pos/Hf-drop/G-keep,isolated,0,28791,36225,1746-2,han,han,36226,1747-1,hata,hata
ap,heads,M-nasal/Hi-pos/Hf-drop/G-keep,isolated,0,28803,36237,1747-2,hantf,hantṛ,36238,1747-2,haTaH,hathaḥ
ap,heads,M-nasal/Hi-pos/Hf-drop/G-keep,isolated,0,28843,36282,1750-2,harmyam,harmyam,36283,1751-1,harmikA,harmikā
ap,heads,M-nasal/Hi-pos/Hf-drop/G-keep,isolated,0,28871,36355,1755-1,hApanam,hāpanam,36356,1755-1,hANgaraH,hāṅgaraḥ
ap,heads,M-nasal/Hi-pos/Hf-drop/G-keep,isolated,0,28885,36369,1755-2,hAritakaH,hāritakaḥ,36370,1755-2,hArahUraH,hārahūraḥ
ap,heads,M-nasal/Hi-pos/Hf-drop/G-keep,isolated,0,28889,36373,1755-2,hArin,hārin,36374,1755-2,hAridraH,hāridraḥ
ap,heads,M-nasal/Hi-pos/Hf-drop/G-keep,isolated,0,28910,36394,1756-2,hAsAH,hāsāḥ,36395,1756-2,hAsakaH,hāsakaḥ
ap,heads,M-nasal/Hi-pos/Hf-drop/G-keep,isolated,0,28912,36396,1756-2,hAsikA,hāsikā,36397,1756-2,hAsana,hāsana
ap,heads,M-nasal/Hi-pos/Hf-drop/G-keep,isolated,0,28915,36399,1756-2,hAsya,hāsya,36400,1756-2,hAsas,hāsas
ap,heads,M-nasal/Hi-pos/Hf-drop/G-keep,isolated,0,28931,36429,1758-1,hiNgulu,hiṅgulu,36430,1758-1,hiNgulikA,hiṅgulikā
ap,heads,M-nasal/Hi-pos/Hf-drop/G-keep,isolated,0,28957,36460,1759-2,himya,himya,36461,1759-2,himb,himb
ap,heads,M-nasal/Hi-pos/Hf-drop/G-keep,isolated,0,28962,36465,1759-2,hiraRyam,hiraṇyam,36466,1760-1,hiraRyakaH,hiraṇyakaḥ
ap,heads,M-nasal/Hi-pos/Hf-drop/G-keep,isolated,0,28977,36485,1761-1,hIlam,hīlam,36486,1761-1,hIlanA,hīlanā
ap,heads,M-nasal/Hi-pos/Hf-drop/G-keep,isolated,0,29011,36559,1764-2,hemam,hemam,36560,1764-2,heman,heman
ap,heads,M-nasal/Hi-pos/Hf-drop/G-keep,isolated,0,29012,36560,1764-2,heman,heman,36561,1765-1,hemakam,hemakam
ap,heads,M-nasal/Hi-pos/Hf-drop/G-keep,isolated,0,29015,36563,1765-1,hemya,hemya,36564,1765-1,hemantaH,hemantaḥ
ap,heads,M-nasal/Hi-pos/Hf-drop/G-keep,isolated,0,29020,36568,1765-1,heram,heram,36569,1765-1,herakaH,herakaḥ
ap,heads,M-nasal/Hi-pos/Hf-drop/G-keep,isolated,0,29077,36634,1767-1,hnu,hnu,36635,1767-1,hnavaH,hnavaḥ
ap,heads,M-nasal/Hi-pos/Hf-drop/G-keep,isolated,0,29093,36656,1767-2,hrAsanam,hrāsanam,36657,1768-1,hrAd,hrād
ap,heads,M-nasal/Hi-pos/Hf-drop/G-keep,isolated,0,29104,36672,1768-1,hrepita,hrepita,36673,1768-1,hrIC,hrīch
ap,heads,M-nasal/Hi-pos/Hf-drop/G-keep,isolated,0,29120,36697,1768-2,hvf,hvṛ,36698,1768-2,hvaras,hvaras
ap,heads,M-nasal/Hi-pos/Hf-drop/G-keep,isolated,0,29123,36700,1768-2,hve,hve,36701,1768-2,hvA,hvā
wil,main,M-pos/Hi-pos/Hf-slot/G-degem,isolated,0,4,8,001,aMSaBAj,aṃśabhāj,9,001,aMSana,aṃśana
wil,main,M-pos/Hi-pos/Hf-slot/G-degem,isolated,0,18,22,001,aMSya,aṃśya,23,001,aMSu,aṃśu
wil,main,M-pos/Hi-pos/Hf-slot/G-degem,isolated,0,57,63,002,akarmman,akarmman,64,002,akarmmakft,akarmmakṛt
wil,main,M-pos/Hi-pos/Hf-slot/G-degem,isolated,0,109,115,003,akroDa,akrodha,116,003,akriya,akriya
wil,main,M-pos/Hi-pos/Hf-slot/G-degem,isolated,0,113,119,003,akledya,akledya,120,003,aklama,aklama
wil,main,M-pos/Hi-pos/Hf-slot/G-degem,isolated,0,117,123,003,akleSa,akleśa,124,003,aklikA,aklikā
wil,main,M-pos/Hi-pos/Hf-slot/G-degem,isolated,0,127,134,003,akzadyUtika,akṣadyūtika,135,003,akzadfS,akṣadṛś
wil,main,M-pos/Hi-pos/Hf-slot/G-degem,isolated,0,155,162,004,akzaravinyAsa,akṣaravinyāsa,163,004,akzaramuKa,akṣaramukha
wil,main,M-pos/Hi-pos/Hf-slot/G-degem,isolated,0,170,177,004,akzigola,akṣigola,178,004,akzigata,akṣigata
wil,main,M-pos/Hi-pos/Hf-slot/G-degem,isolated,0,195,202,005,aKAdya,akhādya,203,005,aKAdita,akhādita
wil,main,M-pos/Hi-pos/Hf-slot/G-degem,isolated,0,229,237,006,aguru,aguru,238,006,agupta,agupta
wil,main,M-pos/Hi-pos/Hf-slot/G-degem,isolated,0,259,267,006,agnidamanI,agnidamanī,268,006,agnidagDa,agnidagdha
wil,main,M-pos/Hi-pos/Hf-slot/G-degem,isolated,0,279,287,007,agnirahita,agnirahita,288,007,agnirajas,agnirajas
wil,main,M-pos/Hi-pos/Hf-slot/G-degem,isolated,0,422,434,010,aNgaskanDa,aṅgaskandha,435,010,aNgava,aṅgava
wil,main,M-pos/Hi-pos/Hf-slot/G-degem,isolated,0,491,503,012,acalADipa,acalādhipa,504,012,acalaBrAtf,acalabhrātṛ
wil,main,M-pos/Hi-pos/Hf-slot/G-degem,isolated,0,510,522,012,acyutAgraja,acyutāgraja,523,012,acCa,accha
wil,main,M-pos/Hi-pos/Hf-slot/G-degem,isolated,0,539,552,013,ajaryya,ajaryya,553,013,ajara,ajara
wil,main,M-pos/Hi-pos/Hf-slot/G-degem,isolated,0,598,611,014,aYjalikArikA,añjalikārikā,612,014,aYjalikarmman,añjalikarmman
wil,main,M-pos/Hi-pos/Hf-slot/G-degem,isolated,0,612,626,014,awavika,aṭavika,627,014,awala,aṭala
wil,main,M-pos/Hi-pos/Hf-slot/G-degem,isolated,0,704,719,016,atitIvra,atitīvra,720,016,atitIkzRa,atitīkṣṇa
wil,main,M-pos/Hi-pos/Hf-slot/G-degem,isolated,0,740,755,017,atimaryyAda,atimaryyāda,756,017,atimarttya,atimarttya
wil,main,M-pos/Hi-pos/Hf-slot/G-degem,isolated,0,770,785,017,ativyayin,ativyayin,786,017,ativyaTA,ativyathā
wil,main,M-pos/Hi-pos/Hf-slot/G-degem,isolated,0,781,796,018,atiSayokti,atiśayokti,797,018,atiSayana,atiśayana
wil,main,M-pos/Hi-pos/Hf-slot/G-degem,isolated,1,785,800,018,atisaYcaya,atisañcaya,801,018,atisaMhita,atisaṃhita
wil,main,M-pos/Hi-pos/Hf-slot/G-degem,isolated,0,797,812,018,atIndriya,atīndriya,813,018,atIkzRa,atīkṣṇa
wil,main,M-pos/Hi-pos/Hf-slot/G-degem,isolated,0,864,879,019,atriBAradvAjikA,atribhāradvājikā,880,019,atura,atura
wil,main,M-pos/Hi-pos/Hf-slot/G-degem,isolated,0,872,887,019,aTarvvan,atharvvan,888,019,aTarvvaRi,atharvvaṇi
wil,main,M-pos/Hi-pos/Hf-slot/G-degem,isolated,0,881,896,020,adaRqya,adaṇḍya,897,020,adaRqanIya,adaṇḍanīya
wil,main,M-pos/Hi-pos/Hf-slot/G-degem,isolated,0,887,902,020,adamya,adamya,903,020,adaBra,adabhra
wil,main,M-pos/Hi-pos/Hf-slot/G-degem,isolated,0,923,938,020,adyAvaDi,adyāvadhi,939,020,adyaSvIna,adyaśvīna
wil,main,M-pos/Hi-pos/Hf-slot/G-degem,isolated,0,952,967,021,aDaHprastara,adhaḥprastara,968,021,aDaHpuzpI,adhaḥpuṣpī
wil,main,M-pos/Hi-pos/Hf-slot/G-degem,isolated,0,989,1005,022,aDikatara,adhikatara,1006,022,aDikatama,adhikatama
wil,main,M-pos/Hi-pos/Hf-slot/G-degem,isolated,0,1004,1020,022,aDikramaRa,adhikramaṇa,1021,022,aDikfti,adhikṛti
wil,main,M-pos/Hi-pos/Hf-slot/G-degem,isolated,0,1050,1066,023,aDizWAna,adhiṣṭhāna,1067,023,aDizWAtf,adhiṣṭhātṛ
wil,main,M-pos/Hi-pos/Hf-slot/G-degem,isolated,0,1112,1128,024,aDyAtmika,adhyātmika,1129,024,aDyAtmadfS,adhyātmadṛś
wil,main,M-pos/Hi-pos/Hf-slot/G-degem,isolated,0,1140,1156,025,aDvagAmin,adhvagāmin,1157,025,aDvagaBogya,adhvagabhogya
wil,main,M-pos/Hi-pos/Hf-slot/G-degem,isolated,0,1214,1230,027,ananyahfta,ananyahṛta,1231,027,ananyahAryya,ananyahāryya
wil,main,M-pos/Hi-pos/Hf-slot/G-degem,isolated,0,1232,1248,027,anaBimata,anabhimata,1249,027,anaBijYa,anabhijña
wil,main,M-pos/Hi-pos/Hf-slot/G-degem,isolated,0,1317,1333,029,anArjava,anārjava,1334,029,anArata,anārata
wil,main,M-pos/Hi-pos/Hf-slot/G-degem,isolated,0,1402,1418,030,anizpanna,aniṣpanna,1419,030,anizidDa,aniṣiddha
wil,main,M-pos/Hi-pos/Hf-slot/G-degem,isolated,0,1410,1426,031,anIcAnuvarttin,anīcānuvarttin,1427,031,anIcadarSin,anīcadarśin
wil,main,M-pos/Hi-pos/Hf-slot/G-degem,isolated,0,1469,1485,032,anujJita,anujjhita,1486,032,anujIvin,anujīvin
wil,main,M-pos/Hi-pos/Hf-slot/G-degem,isolated,0,1517,1533,033,anupadizwa,anupadiṣṭa,1534,033,anupadam,anupadam
wil,main,M-pos/Hi-pos/Hf-slot/G-degem,isolated,0,1525,1541,033,anuprapanna,anuprapanna,1542,033,anupaBukta,anupabhukta
wil,main,M-pos/Hi-pos/Hf-slot/G-degem,isolated,0,1544,1560,033,anuprApta,anuprāpta,1561,033,anupuzpa,anupuṣpa
wil,main,M-pos/Hi-pos/Hf-slot/G-degem,isolated,0,1646,1662,036,anuSIlana,anuśīlana,1663,036,anuSizwa,anuśiṣṭa
wil,main,M-pos/Hi-pos/Hf-slot/G-degem,isolated,0,1660,1676,036,anuzRa,anuṣṇa,1677,036,anuzWAtavya,anuṣṭhātavya
wil,main,M-pos/Hi-pos/Hf-slot/G-degem,isolated,0,1698,1714,037,anekAkAra,anekākāra,1715,037,anekapa,anekapa
wil,main,M-pos/Hi-pos/Hf-slot/G-degem,isolated,0,1702,1718,037,anekaSa,anekaśa,1719,037,anekaDA,anekadhā
wil,main,M-pos/Hi-pos/Hf-slot/G-degem,isolated,0,1708,1724,037,anEkya,anaikya,1725,037,anEkAnta,anaikānta
wil,main,M-pos/Hi-pos/Hf-slot/G-degem,isolated,0,1722,1738,037,antaHsveda,antaḥsveda,1739,037,anta,anta
wil,main,M-pos/Hi-pos/Hf-slot/G-degem,isolated,0,1732,1748,038,antaratama,antaratama,1749,038,antarajYa,antarajña
wil,main,M-pos/Hi-pos/Hf-slot/G-degem,isolated,0,1752,1768,038,antarjvalana,antarjvalana,1769,038,antarjAta,antarjāta
wil,main,M-pos/Hi-pos/Hf-slot/G-degem,isolated,0,1862,1879,040,anyat,anyat,1880,040,anyagAmin,anyagāmin
wil,main,M-pos/Hi-pos/Hf-slot/G-degem,isolated,0,1891,1908,041,anyAyin,anyāyin,1909,041,anyAyavftta,anyāyavṛtta
wil,main,M-pos/Hi-pos/Hf-slot/G-degem,isolated,0,1932,1949,042,apaHsAnta,apaḥsānta,1950,042,ap,ap
wil,main,M-pos/Hi-pos/Hf-slot/G-degem,isolated,0,1938,1955,042,apakalaNka,apakalaṅka,1956,042,apakarza,apakarṣa
wil,main,M-pos/Hi-pos/Hf-slot/G-degem,isolated,0,1943,1960,042,apakArin,apakārin,1961,042,apakArArTin,apakārārthin
wil,main,M-pos/Hi-pos/Hf-slot/G-degem,isolated,0,1952,1969,042,apakvatA,apakvatā,1970,042,apakrama,apakrama
wil,main,M-pos/Hi-pos/Hf-slot/G-degem,isolated,0,2007,2024,043,apaDvasta,apadhvasta,2025,043,apaDyAna,apadhyāna
wil,main,M-pos/Hi-pos/Hf-slot/G-degem,isolated,0,2031,2048,044,aparatva,aparatva,2049,044,aparati,aparati
wil,main,M-pos/Hi-pos/Hf-slot/G-degem,isolated,0,2130,2147,046,apasarjana,apasarjana,2148,046,apasaraRa,apasaraṇa
wil,main,M-pos/Hi-pos/Hf-slot/G-degem,isolated,0,2173,2190,047,apAcya,apācya,2191,047,apAcIna,apācīna
wil,main,M-pos/Hi-pos/Hf-slot/G-degem,isolated,0,2196,2213,047,apAvftti,apāvṛtti,2214,047,apAvftta,apāvṛtta
wil,main,M-pos/Hi-pos/Hf-slot/G-degem,isolated,0,2301,2318,049,apratiyatnapUrvva,apratiyatnapūrvva,2319,049,apratibanDa,apratibandha
wil,main,M-pos/Hi-pos/Hf-slot/G-degem,isolated,0,2305,2322,049,apratirUpakaTA,apratirūpakathā,2323,049,apratikArita,apratikārita
wil,main,M-pos/Hi-pos/Hf-slot/G-degem,isolated,0,2309,2326,049,apratizWita,apratiṣṭhita,2327,049,apratizidDa,apratiṣiddha
wil,main,M-pos/Hi-pos/Hf-slot/G-degem,isolated,0,2357,2374,050,aprApti,aprāpti,2375,050,aprATa,aprātha
wil,main,M-pos/Hi-pos/Hf-slot/G-degem,isolated,0,2401,2418,051,abjanetra,abjanetra,2419,051,abjadfS,abjadṛś
wil,main,M-pos/Hi-pos/Hf-slot/G-degem,isolated,0,2520,2537,054,aBinizpanna,abhiniṣpanna,2538,054,aBinizWAna,abhiniṣṭhāna
wil,main,M-pos/Hi-pos/Hf-slot/G-degem,isolated,0,2524,2541,054,aBineya,abhineya,2542,054,aBinetf,abhinetṛ
wil,main,M-pos/Hi-pos/Hf-slot/G-degem,isolated,0,2543,2560,054,aBimantrita,abhimantrita,2561,054,aBimantf,abhimantṛ
wil,main,M-pos/Hi-pos/Hf-slot/G-degem,isolated,1,2601,2618,056,aBiSapta,abhiśapta,2619,056,aBiSaMsana,abhiśaṃsana
wil,main,M-pos/Hi-pos/Hf-slot/G-degem,isolated,0,2606,2623,056,aBiSasti,abhiśasti,2624,056,aBiSabdita,abhiśabdita
wil,main,M-pos/Hi-pos/Hf-slot/G-degem,isolated,0,2629,2646,056,aBisara,abhisara,2647,056,aBisambanDa,abhisambandha
wil,main,M-pos/Hi-pos/Hf-slot/G-degem,isolated,0,2685,2702,057,aByantarAyAma,abhyantarāyāma,2703,057,aByanujYAta,abhyanujñāta
wil,main,M-pos/Hi-pos/Hf-slot/G-degem,isolated,0,2703,2720,058,aByasya,abhyasya,2721,058,aByasta,abhyasta
wil,main,M-pos/Hi-pos/Hf-slot/G-degem,isolated,0,2732,2749,058,aByudyata,abhyudyata,2750,058,aByudDfta,abhyuddhṛta
wil,main,M-pos/Hi-pos/Hf-slot/G-degem,isolated,0,2750,2767,059,aBraMliha,abhraṃliha,2768,059,aBra,abhra
wil,main,M-pos/Hi-pos/Hf-slot/G-degem,isolated,0,2785,2803,059,amantavya,amantavya,2804,059,amanuzya,amanuṣya
wil,main,M-pos/Hi-pos/Hf-slot/G-degem,isolated,0,2835,2853,060,amAMsa,amāṃsa,2854,060,amA,amā
wil,main,M-pos/Hi-pos/Hf-slot/G-degem,isolated,0,2853,2871,061,amAvAsyA,amāvāsyā,2872,061,amAya,amāya
wil,main,M-pos/Hi-pos/Hf-slot/G-degem,isolated,0,2881,2899,061,amUdfSa,amūdṛśa,2900,061,amUdfkza,amūdṛkṣa
wil,main,M-pos/Hi-pos/Hf-slot/G-degem,isolated,0,2890,2908,062,amftatA,amṛtatā,2909,062,amftataraNgiRI,amṛtataraṅgiṇī
wil,main,M-pos/Hi-pos/Hf-slot/G-degem,isolated,0,2901,2919,062,amftasrut,amṛtasrut,2920,062,amftasodara,amṛtasodara
wil,main,M-pos/Hi-pos/Hf-slot/G-degem,isolated,0,2968,2986,063,ambuvAsI,ambuvāsī,2987,063,ambuvAsinI,ambuvāsinī
wil,main,M-pos/Hi-pos/Hf-slot/G-degem,isolated,0,2974,2992,063,asAdana,asādana,2993,063,ambusecanI,ambusecanī
wil,main,M-pos/Hi-pos/Hf-slot/G-degem,isolated,0,2979,2997,063,amBassTa,ambhasstha,2998,063,amBassU,ambhassū
wil,main,M-pos/Hi-pos/Hf-slot/G-degem,isolated,0,2996,3014,064,amlatA,amlatā,3015,064,amlaka,amlaka
wil,main,M-pos/Hi-pos/Hf-slot/G-degem,isolated,0,3009,3027,064,amlavetasa,amlavetasa,3028,064,amlavAsuka,amlavāsuka
wil,main,M-pos/Hi-pos/Hf-slot/G-degem,isolated,0,3034,3053,064,ayaTAvat,ayathāvat,3054,064,ayaTAbalam,ayathābalam
wil,main,M-pos/Hi-pos/Hf-slot/G-degem,isolated,0,3261,3282,069,arjunatas,arjunatas,3283,069,arjunacCavi,arjunacchavi
wil,main,M-pos/Hi-pos/Hf-slot/G-degem,isolated,0,3268,3289,069,arRavamandira,arṇavamandira,3290,069,arRavapota,arṇavapota
wil,main,M-pos/Hi-pos/Hf-slot/G-degem,isolated,0,3285,3307,069,arTatas,arthatas,3308,069,arTatattva,arthatattva
wil,main,M-pos/Hi-pos/Hf-slot/G-degem,isolated,0,3356,3378,071,ardDaBAj,arddhabhāj,3379,071,ardDaBAgika,arddhabhāgika
wil,main,M-pos/Hi-pos/Hf-slot/G-degem,isolated,0,3454,3478,073,alaNkriyA,alaṅkriyā,3479,073,alaNkfta,alaṅkṛta
wil,main,M-pos/Hi-pos/Hf-slot/G-degem,isolated,0,3461,3485,073,alajja,alajja,3486,073,alajI,alajī
wil,main,M-pos/Hi-pos/Hf-slot/G-degem,isolated,0,3466,3490,073,alabDa,alabdha,3491,073,alanDUma,alandhūma
wil,main,M-pos/Hi-pos/Hf-slot/G-degem,isolated,0,3524,3548,074,alolupa,alolupa,3549,074,alolutva,alolutva
wil,main,M-pos/Hi-pos/Hf-slot/G-degem,isolated,0,3553,3577,075,alpavizaya,alpaviṣaya,3578,075,alpavidya,alpavidya
wil,main,M-pos/Hi-pos/Hf-slot/G-degem,isolated,0,3627,3652,077,avagrAha,avagrāha,3653,077,avagfhya,avagṛhya
wil,main,M-pos/Hi-pos/Hf-slot/G-degem,isolated,0,3849,3874,081,avazwamBana,avaṣṭambhana,3875,081,avazwamBa,avaṣṭambha
wil,main,M-pos/Hi-pos/Hf-slot/G-degem,isolated,0,4009,4035,084,avinivarttin,avinivarttin,4036,084,avinirmoka,avinirmoka
wil,main,M-pos/Hi-pos/Hf-slot/G-degem,isolated,1,4202,4228,088,aSiras,aśiras,4229,088,aSiraHsnAna,aśiraḥsnāna
wil,main,M-pos/Hi-pos/Hf-slot/G-degem,isolated,0,4217,4243,088,aSuzka,aśuṣka,4244,088,aSuci,aśuci
wil,main,M-pos/Hi-pos/Hf-slot/G-degem,isolated,0,4268,4294,089,aSravaRa,aśravaṇa,4295,089,aSrama,aśrama
wil,main,M-pos/Hi-pos/Hf-slot/G-degem,isolated,0,4283,4309,089,aSlAGya,aślāghya,4310,089,aSlAGanIya,aślāghanīya
wil,main,M-pos/Hi-pos/Hf-slot/G-degem,isolated,0,4347,4373,091,aSvAvarohaka,aśvāvarohaka,4374,091,aSvArohin,aśvārohin
wil,main,M-pos/Hi-pos/Hf-slot/G-degem,isolated,0,4368,4394,091,azwagAD,aṣṭagādh,4395,091,azwagava,aṣṭagava
wil,main,M-pos/Hi-pos/Hf-slot/G-degem,isolated,0,4377,4403,092,azwI,aṣṭī,4404,092,azwama,aṣṭama
wil,main,M-pos/Hi-pos/Hf-slot/G-degem,isolated,0,4405,4431,092,azWIvat,aṣṭhīvat,4432,092,azWIlikA,aṣṭhīlikā
wil,main,M-pos/Hi-pos/Hf-slot/G-degem,isolated,0,4422,4448,093,asaMhAryya,asaṃhāryya,4449,093,asa,asa
wil,main,M-pos/Hi-pos/Hf-slot/G-degem,isolated,0,4498,4524,094,asamavAyin,asamavāyin,4525,094,asamarTa,asamartha
wil,main,M-pos/Hi-pos/Hf-slot/G-degem,isolated,0,4586,4612,096,asiDArA,asidhārā,4613,096,asidDa,asiddha
wil,main,M-pos/Hi-pos/Hf-slot/G-degem,isolated,0,4795,4822,100,asveda,asveda,4823,100,asra,asra
wil,main,M-pos/Hi-pos/Hf-slot/G-degem,isolated,0,4833,4861,100,ahalya,ahalya,4862,101,aharza,aharṣa
wil,main,M-pos/Hi-pos/Hf-slot/G-degem,isolated,0,4879,4907,102,ahorAtra,ahorātra,4908,102,ahobata,ahobata
wil,main,M-pos/Hi-pos/Hf-slot/G-degem,isolated,0,4955,4987,103,AkfzyamARa,ākṛṣyamāṇa,4988,103,Akfzwavat,ākṛṣṭavat
wil,main,M-pos/Hi-pos/Hf-slot/G-degem,isolated,0,5074,5106,106,ANgAra,āṅgāra,5107,106,ANgaka,āṅgaka
wil,main,M-pos/Hi-pos/Hf-slot/G-degem,isolated,0,5159,5191,108,Awavika,āṭavika,5192,108,AwarUza,āṭarūṣa
wil,main,M-pos/Hi-pos/Hf-slot/G-degem,isolated,0,5221,5253,109,AtmajYAna,ātmajñāna,5254,109,Atmagata,ātmagata
wil,main,M-pos/Hi-pos/Hf-slot/G-degem,isolated,0,5274,5307,110,Atmopama,ātmopama,5308,110,AtmopajIvin,ātmopajīvin
wil,main,M-pos/Hi-pos/Hf-slot/G-degem,isolated,0,5275,5308,110,AtmopajIvin,ātmopajīvin,5309,110,AtmodBava,ātmodbhava
wil,main,M-pos/Hi-pos/Hf-slot/G-degem,isolated,0,5348,5381,112,ADijYa,ādhijña,5382,112,ADikAraRya,ādhikāraṇya
wil,main,M-pos/Hi-pos/Hf-slot/G-degem,isolated,0,5423,5456,113,Anulomya,ānulomya,5457,113,Anulomika,ānulomika
wil,main,M-pos/Hi-pos/Hf-slot/G-degem,isolated,0,5436,5470,113,AntargaRika,āntargaṇika,5471,113,AntarIkza,āntarīkṣa
wil,main,M-pos/Hi-pos/Hf-slot/G-degem,isolated,0,5446,5481,114,Anna,ānna,5482,114,AnDra,āndhra
wil,main,M-pos/Hi-pos/Hf-slot/G-degem,isolated,0,5465,5501,114,ApadDarmma,āpaddharmma,5502,114,ApadA,āpadā
wil,main,M-pos/Hi-pos/Hf-slot/G-degem,isolated,0,5496,5532,115,Aptagarvva,āptagarvva,5533,115,AptagarBA,āptagarbhā
wil,main,M-pos/Hi-pos/Hf-slot/G-degem,isolated,0,5560,5596,116,AmayAvin,āmayāvin,5597,116,AmayAvitva,āmayāvitva
wil,main,M-pos/Hi-pos/Hf-slot/G-degem,isolated,0,5620,5656,117,AyatArdDa,āyatārddha,5657,117,Ayatana,āyatana
wil,main,M-pos/Hi-pos/Hf-slot/G-degem,isolated,0,5632,5668,117,Ayavyaya,āyavyaya,5669,117,Ayallaka,āyallaka
wil,main,M-pos/Hi-pos/Hf-slot/G-degem,isolated,0,5644,5680,118,AyuHSeza,āyuḥśeṣa,5681,118,Ayu,āyu
wil,main,M-pos/Hi-pos/Hf-slot/G-degem,isolated,0,5656,5692,118,Ayuzmat,āyuṣmat,5693,118,Ayuzwoma,āyuṣṭoma
wil,main,M-pos/Hi-pos/Hf-slot/G-degem,isolated,0,5685,5721,119,AramBa,ārambha,5722,119,AraBya,ārabhya
wil,main,M-pos/Hi-pos/Hf-slot/G-degem,isolated,0,5733,5769,119,Arttvijya,ārttvijya,5770,119,ArttyapaharaRa,ārttyapaharaṇa
wil,main,M-pos/Hi-pos/Hf-slot/G-degem,isolated,0,5773,5809,120,AlamBya,ālambhya,5810,120,Alamba,ālamba
wil,main,M-pos/Hi-pos/Hf-slot/G-degem,isolated,0,5984,6020,125,ASvIna,āśvīna,6021,125,ASvineya,āśvineya
wil,main,M-pos/Hi-pos/Hf-slot/G-degem,isolated,0,5992,6028,125,Asa,āsa,6029,126,As,ās
wil,main,M-pos/Hi-pos/Hf-slot/G-degem,isolated,0,6071,6108,127,AsvAnta,āsvānta,6109,127,AsvAda,āsvāda
wil,main,M-pos/Hi-pos/Hf-slot/G-degem,isolated,0,6098,6135,128,AhitANka,āhitāṅka,6136,128,AhitAgni,āhitāgni
wil,main,M-pos/Hi-pos/Hf-slot/G-degem,isolated,0,6188,6227,130,itaHitas,itaḥitas,6228,130,it,it
wil,main,M-pos/Hi-pos/Hf-slot/G-degem,isolated,0,6198,6237,130,itastatas,itastatas,6238,130,itaScetas,itaścetas
wil,main,M-pos/Hi-pos/Hf-slot/G-degem,isolated,1,6214,6253,131,idam,idam,6254,131,idaMkAryyA,idaṃkāryyā
wil,main,M-pos/Hi-pos/Hf-slot/G-degem,isolated,0,6269,6308,132,indrapuzpA,indrapuṣpā,6309,132,indrapurohitA,indrapurohitā
wil,main,M-pos/Hi-pos/Hf-slot/G-degem,isolated,0,6284,6323,132,indravrata,indravrata,6324,132,indravfdDA,indravṛddhā
wil,main,M-pos/Hi-pos/Hf-slot/G-degem,isolated,0,6421,6466,135,Ira,īra,6467,135,Iyivas,īyivas
wil,main,M-pos/Hi-pos/Hf-slot/G-degem,isolated,0,6461,6509,136,IzadguRa,īṣadguṇa,6510,136,IzatpARqu,īṣatpāṇḍu
wil,main,M-pos/Hi-pos/Hf-slot/G-degem,isolated,0,6594,6645,138,ucCreya,ucchreya,6646,139,ucCUsana,ucchūsana
wil,main,M-pos/Hi-pos/Hf-slot/G-degem,isolated,0,6596,6647,139,ucCUsita,ucchūsita,6648,139,ucCUsa,ucchūsa
wil,main,M-pos/Hi-pos/Hf-slot/G-degem,isolated,0,6633,6685,139,uRqerakasraj,uṇḍerakasraj,6686,139,uQra,uḍhra
wil,main,M-pos/Hi-pos/Hf-slot/G-degem,isolated,0,6661,6713,140,utkuYcitA,utkuñcitā,6714,140,utkIrttana,utkīrttana
wil,main,M-pos/Hi-pos/Hf-slot/G-degem,isolated,0,6749,6801,142,uttarADikArin,uttarādhikārin,6802,142,uttarADikAritA,uttarādhikāritā
wil,main,M-pos/Hi-pos/Hf-slot/G-degem,isolated,0,6804,6856,143,utpatitf,utpatitṛ,6857,143,utpatita,utpatita
wil,main,M-pos/Hi-pos/Hf-slot/G-degem,isolated,1,6857,6909,144,utsarpiRI,utsarpiṇī,6910,144,utsarppa,utsarppa
wil,main,M-pos/Hi-pos/Hf-slot/G-degem,isolated,0,7022,7074,148,udGana,udghana,7075,148,udGawwana,udghaṭṭana
wil,main,M-pos/Hi-pos/Hf-slot/G-degem,isolated,0,7035,7087,148,udJa,udjha,7088,148,udGuzwa,udghuṣṭa
wil,main,M-pos/Hi-pos/Hf-slot/G-degem,isolated,0,7068,7120,149,udDarttf,uddharttṛ,7121,149,udDaraRa,uddharaṇa
wil,main,M-pos/Hi-pos/Hf-slot/G-degem,isolated,0,7180,7232,151,unnamita,unnamita,7233,151,unnamayya,unnamayya
wil,main,M-pos/Hi-pos/Hf-slot/G-degem,isolated,0,7250,7302,153,upakrozwf,upakroṣṭṛ,7303,153,upakxpta,upakḷpta
wil,main,M-pos/Hi-pos/Hf-slot/G-degem,isolated,0,7293,7345,154,upajIvikA,upajīvikā,7346,154,upajIvana,upajīvana
wil,main,M-pos/Hi-pos/Hf-slot/G-degem,isolated,0,7382,7434,156,upamardaka,upamardaka,7435,156,upama,upama
wil,main,M-pos/Hi-pos/Hf-slot/G-degem,isolated,0,7424,7476,157,upalakzya,upalakṣya,7477,157,upalakzaRa,upalakṣaṇa
wil,main,M-pos/Hi-pos/Hf-slot/G-degem,isolated,0,7430,7482,157,upalamBa,upalambha,7483,157,upalaBya,upalabhya
wil,main,M-pos/Hi-pos/Hf-slot/G-degem,isolated,0,7476,7528,158,upasaMgrAhya,upasaṃgrāhya,7529,158,upasaMgfhya,upasaṃgṛhya
wil,main,M-pos/Hi-pos/Hf-slot/G-degem,isolated,0,7508,7560,159,upasTapatra,upasthapatra,7561,159,upasTanigraha,upasthanigraha
wil,main,M-pos/Hi-pos/Hf-slot/G-degem,isolated,0,7569,7621,160,upAyin,upāyin,7622,160,upAyayoga,upāyayoga
wil,main,M-pos/Hi-pos/Hf-slot/G-degem,isolated,0,7572,7624,160,upArjjita,upārjjita,7625,160,upArata,upārata
wil,main,M-pos/Hi-pos/Hf-slot/G-degem,isolated,0,7613,7665,161,uptivid,uptivid,7666,161,uptima,uptima
wil,main,M-pos/Hi-pos/Hf-slot/G-degem,isolated,0,7642,7695,162,uraHsTala,uraḥsthala,7696,162,uraHsUtrikA,uraḥsūtrikā
wil,main,M-pos/Hi-pos/Hf-slot/G-degem,isolated,0,7643,7696,162,uraHsUtrikA,uraḥsūtrikā,7697,162,ura,ura
wil,main,M-pos/Hi-pos/Hf-slot/G-degem,isolated,0,7675,7728,163,urutara,urutara,7729,163,urutama,urutama
wil,main,M-pos/Hi-pos/Hf-slot/G-degem,isolated,0,7712,7765,163,ulUKalika,ulūkhalika,7766,163,ulUKalaka,ulūkhalaka
wil,main,M-pos/Hi-pos/Hf-slot/G-degem,isolated,0,7724,7777,163,ullaNGya,ullaṅghya,7778,164,ullaNGitaSAsana,ullaṅghitaśāsana
wil,main,M-pos/Hi-pos/Hf-slot/G-degem,isolated,0,7769,7823,164,uzya,uṣya,7824,164,uzwra,uṣṭra
wil,main,M-pos/Hi-pos/Hf-slot/G-degem,isolated,0,7909,7971,167,fksaMhitA,ṛksaṃhitā,7972,167,fkza,ṛkṣa
wil,main,M-pos/Hi-pos/Hf-slot/G-degem,isolated,0,7919,7982,168,fca,ṛca,7983,168,fc,ṛc
wil,main,M-pos/Hi-pos/Hf-slot/G-degem,isolated,0,7967,8032,168,ftuvftti,ṛtuvṛtti,8033,168,fturAja,ṛturāja
wil,main,M-pos/Hi-pos/Hf-slot/G-degem,isolated,0,8126,8196,172,ekAvalI,ekāvalī,8197,172,ekArTa,ekārtha
wil,main,M-pos/Hi-pos/Hf-slot/G-degem,isolated,0,8387,8467,177,kakKa,kakkha,8468,177,kakanda,kakanda
wil,main,M-pos/Hi-pos/Hf-slot/G-degem,isolated,0,8836,8924,187,kanyAdAna,kanyādāna,8925,187,kanyAdAtf,kanyādātṛ
wil,main,M-pos/Hi-pos/Hf-slot/G-degem,isolated,0,8903,8991,189,kapiSAyana,kapiśāyana,8992,189,kapiSAputra,kapiśāputra
wil,main,M-pos/Hi-pos/Hf-slot/G-degem,isolated,0,8914,9002,189,kapuzwikA,kapuṣṭikā,9003,189,kapucCala,kapucchala
wil,main,M-pos/Hi-pos/Hf-slot/G-degem,isolated,0,8929,9017,189,kapolarAga,kapolarāga,9018,189,kapolaPalaka,kapolaphalaka
wil,main,M-pos/Hi-pos/Hf-slot/G-degem,isolated,0,8949,9037,190,kama,kama,9038,190,kam,kam
wil,main,M-pos/Hi-pos/Hf-slot/G-degem,isolated,0,9062,9150,192,karAgrapallava,karāgrapallava,9151,192,karamba,karamba
wil,main,M-pos/Hi-pos/Hf-slot/G-degem,isolated,0,9124,9212,194,karuRAmallI,karuṇāmallī,9213,194,karuRAmaya,karuṇāmaya
wil,main,M-pos/Hi-pos/Hf-slot/G-degem,isolated,0,9226,9315,196,karRasrAva,karṇasrāva,9316,196,karRasPowA,karṇasphoṭā
wil,main,M-pos/Hi-pos/Hf-slot/G-degem,isolated,0,9620,9714,205,kastUrImallikA,kastūrīmallikā,9715,205,kastUrikA,kastūrikā
wil,main,M-pos/Hi-pos/Hf-slot/G-degem,isolated,0,9625,9719,205,kasvara,kasvara,9720,205,kalhAra,kalhāra
wil,main,M-pos/Hi-pos/Hf-slot/G-degem,isolated,0,9892,9989,211,kAmAtman,kāmātman,9990,211,kAmAtmatA,kāmātmatā
wil,main,M-pos/Hi-pos/Hf-slot/G-degem,isolated,0,9894,9991,211,kAmADizWita,kāmādhiṣṭhita,9992,211,kAmADikAra,kāmādhikāra
wil,main,M-pos/Hi-pos/Hf-slot/G-degem,isolated,0,9967,10064,213,kAramBA,kārambhā,10065,213,kAramihikA,kāramihikā
wil,main,M-pos/Hi-pos/Hf-slot/G-degem,isolated,0,10065,10163,215,kAryyodDAra,kāryyoddhāra,10164,216,kAyyAdyukta,kāyyādyukta
wil,main,M-pos/Hi-pos/Hf-slot/G-degem,isolated,0,10069,10167,216,kArSya,kārśya,10168,216,kArSmarI,kārśmarī
wil,main,M-pos/Hi-pos/Hf-slot/G-degem,isolated,0,10085,10184,216,kAlakaRWaka,kālakaṇṭhaka,10185,216,kAlakacu,kālakacu
wil,main,M-pos/Hi-pos/Hf-slot/G-degem,isolated,0,10089,10188,216,kAlakalAya,kālakalāya,10189,216,kAlakaraRa,kālakaraṇa
wil,main,M-pos/Hi-pos/Hf-slot/G-degem,isolated,0,10108,10207,216,kAlaYjara,kālañjara,10208,217,kAlajYa,kālajña
wil,main,M-pos/Hi-pos/Hf-slot/G-degem,isolated,0,10120,10219,217,kAlaparRa,kālaparṇa,10220,217,kAlaparivAsa,kālaparivāsa
wil,main,M-pos/Hi-pos/Hf-slot/G-degem,isolated,0,10261,10362,220,kAsundIvawikA,kāsundīvaṭikā,10363,220,kAsamardda,kāsamardda
wil,main,M-pos/Hi-pos/Hf-slot/G-degem,isolated,0,10432,10539,224,kukarmman,kukarmman,10540,224,kukarmmakArin,kukarmmakārin
wil,main,M-pos/Hi-pos/Hf-slot/G-degem,isolated,0,10531,10643,226,kuwumbin,kuṭumbin,10644,226,kuwumbArTa,kuṭumbārtha
wil,main,M-pos/Hi-pos/Hf-slot/G-degem,isolated,0,10596,10709,228,kuRqina,kuṇḍina,10710,228,kuRqin,kuṇḍin
wil,main,M-pos/Hi-pos/Hf-slot/G-degem,isolated,0,10787,10902,232,kurvvARa,kurvvāṇa,10903,232,kurvvat,kurvvat
wil,main,M-pos/Hi-pos/Hf-slot/G-degem,isolated,0,10837,10953,234,kulasTiti,kulasthiti,10954,234,kulastrI,kulastrī
wil,main,M-pos/Hi-pos/Hf-slot/G-degem,isolated,0,10855,10971,234,kulAyanilAyin,kulāyanilāyin,10972,234,kulAyanilAyitA,kulāyanilāyitā
wil,main,M-pos/Hi-pos/Hf-slot/G-degem,isolated,0,10863,10979,234,kulAhala,kulāhala,10980,234,kulAhaka,kulāhaka
wil,main,M-pos/Hi-pos/Hf-slot/G-degem,isolated,0,10888,11004,235,kulodgata,kulodgata,11005,235,kulotpanna,kulotpanna
wil,main,M-pos/Hi-pos/Hf-slot/G-degem,isolated,0,10925,11042,235,kuSaya,kuśaya,11043,235,kuSapuzpa,kuśapuṣpa
wil,main,M-pos/Hi-pos/Hf-slot/G-degem,isolated,0,10930,11047,236,kuSalava,kuśalava,11048,236,kuSalabudDi,kuśalabuddhi
wil,main,M-pos/Hi-pos/Hf-slot/G-degem,isolated,0,10933,11050,236,kuSavAri,kuśavāri,11051,236,kuSalava,kuśalava
wil,main,M-pos/Hi-pos/Hf-slot/G-degem,isolated,0,10943,11060,236,kuSAlmali,kuśālmali,11061,236,kuSAraRi,kuśāraṇi
wil,main,M-pos/Hi-pos/Hf-slot/G-degem,isolated,0,10974,11091,237,kuzWahft,kuṣṭhahṛt,11092,237,kuzWahantf,kuṣṭhahantṛ
wil,main,M-pos/Hi-pos/Hf-slot/G-degem,isolated,0,11019,11136,237,kusvapna,kusvapna,11137,237,kusma,kusma
wil,main,M-pos/Hi-pos/Hf-slot/G-degem,isolated,1,11204,11327,242,kftasaNketa,kṛtasaṅketa,11328,242,kftasaMsarga,kṛtasaṃsarga
wil,main,M-pos/Hi-pos/Hf-slot/G-degem,isolated,0,11284,11407,244,kfdara,kṛdara,11408,244,kfdanta,kṛdanta
wil,main,M-pos/Hi-pos/Hf-slot/G-degem,isolated,0,11295,11419,244,kfpAlu,kṛpālu,11420,244,kfpAmaya,kṛpāmaya
wil,main,M-pos/Hi-pos/Hf-slot/G-degem,isolated,0,11346,11472,245,kfzRaMSrita,kṛṣṇaṃśrita,11473,245,kfzRa,kṛṣṇa
wil,main,M-pos/Hi-pos/Hf-slot/G-degem,isolated,0,11385,11511,246,kfzRalavaRa,kṛṣṇalavaṇa,11512,246,kfzRala,kṛṣṇala
wil,main,M-pos/Hi-pos/Hf-slot/G-degem,isolated,0,11586,11713,250,koca,koca,11714,250,koNkaRa,koṅkaṇa
wil,main,M-pos/Hi-pos/Hf-slot/G-degem,isolated,0,11661,11788,252,koSasTa,kośastha,11789,252,koSalika,kośalika
wil,main,M-pos/Hi-pos/Hf-slot/G-degem,isolated,0,11742,11869,254,kOrmma,kaurmma,11870,254,kOrpya,kaurpya
wil,main,M-pos/Hi-pos/Hf-slot/G-degem,isolated,0,11908,12037,258,krIqana,krīḍana,12038,258,krIqat,krīḍat
wil,main,M-pos/Hi-pos/Hf-slot/G-degem,isolated,0,11920,12049,258,kruYca,kruñca,12050,258,kruYc,kruñc
wil,main,M-pos/Hi-pos/Hf-slot/G-degem,isolated,0,11925,12054,258,kruDa,krudha,12055,258,kruD,krudh
wil,main,M-pos/Hi-pos/Hf-slot/G-degem,isolated,0,11951,12080,259,kroYcapadA,kroñcapadā,12081,259,kroYcadAraRa,kroñcadāraṇa
wil,main,M-pos/Hi-pos/Hf-slot/G-degem,isolated,0,12123,12258,262,kzayavAyu,kṣayavāyu,12259,262,kzayayukti,kṣayayukti
wil,main,M-pos/Hi-pos/Hf-slot/G-degem,isolated,0,12143,12279,262,kzavikA,kṣavikā,12280,262,kzavaTu,kṣavathu
wil,main,M-pos/Hi-pos/Hf-slot/G-degem,isolated,0,12207,12345,264,kzipnu,kṣipnu,12346,264,kzipta,kṣipta
wil,main,M-pos/Hi-pos/Hf-slot/G-degem,isolated,0,12248,12387,265,kzIrapAyin,kṣīrapāyin,12388,265,kzIrapAyiR,kṣīrapāyiṇ
wil,main,M-pos/Hi-pos/Hf-slot/G-degem,isolated,0,12265,12404,265,kzIrAbDitanayA,kṣīrābdhitanayā,12405,265,kzIrAnnAda,kṣīrānnāda
wil,main,M-pos/Hi-pos/Hf-slot/G-degem,isolated,0,12315,12455,266,kzuDa,kṣudha,12456,266,kzuD,kṣudh
wil,main,M-pos/Hi-pos/Hf-slot/G-degem,isolated,0,12351,12493,267,kzetravid,kṣetravid,12494,267,kzetrarASi,kṣetrarāśi
wil,main,M-pos/Hi-pos/Hf-slot/G-degem,isolated,0,12382,12524,267,kzoqa,kṣoḍa,12525,267,kzojana,kṣojana
wil,main,M-pos/Hi-pos/Hf-slot/G-degem,isolated,0,12495,12641,270,KaqgaleKA,khaḍgalekhā,12642,270,KaqgarAwa,khaḍgarāṭa
wil,main,M-pos/Hi-pos/Hf-slot/G-degem,isolated,0,12507,12653,270,KaRqakarRa,khaṇḍakarṇa,12654,270,KaRqakaTA,khaṇḍakathā
wil,main,M-pos/Hi-pos/Hf-slot/G-degem,isolated,0,12530,12676,270,KaRqitavya,khaṇḍitavya,12677,270,KaRqitavigraha,khaṇḍitavigraha
wil,main,M-pos/Hi-pos/Hf-slot/G-degem,isolated,0,12599,12745,272,Karba,kharba,12746,272,Karja,kharja
wil,main,M-pos/Hi-pos/Hf-slot/G-degem,isolated,0,12607,12753,272,Karppara,kharppara,12754,272,KardDa,kharddha
wil,main,M-pos/Hi-pos/Hf-slot/G-degem,isolated,0,12665,12813,273,KastanI,khastanī,12814,273,KasKasa,khaskhasa
wil,main,M-pos/Hi-pos/Hf-slot/G-degem,isolated,0,12779,12933,275,gagaRADvaga,gagaṇādhvaga,12934,275,gagaRapuzpa,gagaṇapuṣpa
wil,main,M-pos/Hi-pos/Hf-slot/G-degem,isolated,0,12796,12950,276,gaNgAdvAra,gaṅgādvāra,12951,276,gaNgAtIra,gaṅgātīra
wil,main,M-pos/Hi-pos/Hf-slot/G-degem,isolated,0,12937,13094,279,gatapratyAgata,gatapratyāgata,13095,279,gatadina,gatadina
wil,main,M-pos/Hi-pos/Hf-slot/G-degem,isolated,0,12963,13120,279,gatvA,gatvā,13121,279,gatyUna,gatyūna
wil,main,M-pos/Hi-pos/Hf-slot/G-degem,isolated,0,13036,13195,281,ganDamodana,gandhamodana,13196,281,ganDamETuna,gandhamaithuna
wil,main,M-pos/Hi-pos/Hf-slot/G-degem,isolated,0,13147,13308,284,garddaBAjina,garddabhājina,13309,284,garddaBaSAka,garddabhaśāka
wil,main,M-pos/Hi-pos/Hf-slot/G-degem,isolated,1,13154,13315,284,gardDin,garddhin,13316,284,garDa,gardha
wil,main,M-pos/Hi-pos/Hf-slot/G-degem,isolated,0,13229,13393,286,galestanI,galestanī,13394,286,galU,galū
wil,main,M-pos/Hi-pos/Hf-slot/G-degem,isolated,0,13332,13500,288,gArdDya,gārddhya,13501,288,gArdDa,gārddha
wil,main,M-pos/Hi-pos/Hf-slot/G-degem,isolated,0,13357,13525,289,girikandara,girikandara,13526,289,girikadalI,girikadalī
wil,main,M-pos/Hi-pos/Hf-slot/G-degem,isolated,0,13375,13543,289,girimAna,girimāna,13544,289,giriBid,giribhid
wil,main,M-pos/Hi-pos/Hf-slot/G-degem,isolated,0,13457,13627,291,guRagrAhin,guṇagrāhin,13628,291,guRagfhya,guṇagṛhya
wil,main,M-pos/Hi-pos/Hf-slot/G-degem,isolated,0,13485,13655,292,guRavESezya,guṇavaiśeṣya,13656,292,guRavfkzaka,guṇavṛkṣaka
wil,main,M-pos/Hi-pos/Hf-slot/G-degem,isolated,0,13488,13658,292,guRasampad,guṇasampad,13659,292,guRasaNga,guṇasaṅga
wil,main,M-pos/Hi-pos/Hf-slot/G-degem,isolated,0,13563,13735,293,gururatna,gururatna,13736,293,gurudEvata,gurudaivata
wil,main,M-pos/Hi-pos/Hf-slot/G-degem,isolated,0,13578,13750,294,gurvvarTam,gurvvartham,13751,294,gurvvaNganA,gurvvaṅganā
wil,main,M-pos/Hi-pos/Hf-slot/G-degem,isolated,0,13669,13843,296,gfhadvAra,gṛhadvāra,13844,296,gfhadruma,gṛhadruma
wil,main,M-pos/Hi-pos/Hf-slot/G-degem,isolated,0,13710,13884,297,gfhItavidya,gṛhītavidya,13885,297,gfhItadiS,gṛhītadiś
wil,main,M-pos/Hi-pos/Hf-slot/G-degem,isolated,0,13715,13889,297,gfhopakaraRa,gṛhopakaraṇa,13890,297,gfhotpAta,gṛhotpāta
wil,main,M-pos/Hi-pos/Hf-slot/G-degem,isolated,0,13753,13927,298,gogozWa,gogoṣṭha,13928,298,gogfzwi,gogṛṣṭi
wil,main,M-pos/Hi-pos/Hf-slot/G-degem,isolated,0,13758,13932,298,goGna,goghna,13933,298,goGfta,goghṛta
wil,main,M-pos/Hi-pos/Hf-slot/G-degem,isolated,0,13832,14006,300,gopin,gopin,14007,300,gopikA,gopikā
wil,main,M-pos/Hi-pos/Hf-slot/G-degem,isolated,0,14016,14193,304,grahaRIruj,grahaṇīruj,14194,304,grahaRIya,grahaṇīya
wil,main,M-pos/Hi-pos/Hf-slot/G-degem,isolated,0,14082,14259,305,grAmyakarkkawI,grāmyakarkkaṭī,14260,306,grAmyakanda,grāmyakanda
wil,main,M-pos/Hi-pos/Hf-slot/G-degem,isolated,0,14128,14306,307,glOtf,glautṛ,14307,307,glO,glau
wil,main,M-pos/Hi-pos/Hf-slot/G-degem,isolated,0,14153,14334,307,GawwanA,ghaṭṭanā,14335,307,GawwajIvin,ghaṭṭajīvin
wil,main,M-pos/Hi-pos/Hf-slot/G-degem,isolated,0,14165,14346,308,GaRwAvIja,ghaṇṭāvīja,14347,308,GaRwAravA,ghaṇṭāravā
wil,main,M-pos/Hi-pos/Hf-slot/G-degem,isolated,0,14184,14365,308,Ganatva,ghanatva,14366,308,Ganatola,ghanatola
wil,main,M-pos/Hi-pos/Hf-slot/G-degem,isolated,0,14207,14388,308,Ganasvana,ghanasvana,14389,308,Ganasamaya,ghanasamaya
wil,main,M-pos/Hi-pos/Hf-slot/G-degem,isolated,0,14223,14404,309,Ganopala,ghanopala,14405,309,GanoparudDa,ghanoparuddha
wil,main,M-pos/Hi-pos/Hf-slot/G-degem,isolated,0,14241,14422,309,GarmmArtta,gharmmārtta,14423,309,GarmmAmbu,gharmmāmbu
wil,main,M-pos/Hi-pos/Hf-slot/G-degem,isolated,0,14364,14551,312,GrAtvA,ghrātvā,14552,312,GrAti,ghrāti
wil,main,M-pos/Hi-pos/Hf-slot/G-degem,isolated,0,14414,14604,313,cakravyUha,cakravyūha,14605,313,cakravfdDi,cakravṛddhi
wil,main,M-pos/Hi-pos/Hf-slot/G-degem,isolated,0,14490,14680,315,caRqAlikA,caṇḍālikā,14681,315,caRqAMSu,caṇḍāṃśu
wil,main,M-pos/Hi-pos/Hf-slot/G-degem,isolated,0,14544,14734,316,catussama,catussama,14735,316,catusriMSajjAtakajYa,catusriṃśajjātakajña
wil,main,M-pos/Hi-pos/Hf-slot/G-degem,isolated,0,14560,14751,316,candrakavat,candrakavat,14752,316,candrakalA,candrakalā
wil,main,M-pos/Hi-pos/Hf-slot/G-degem,isolated,0,14571,14762,317,candraBAgA,candrabhāgā,14763,317,candrapraBa,candraprabha
wil,main,M-pos/Hi-pos/Hf-slot/G-degem,isolated,0,14598,14789,317,candrArdDa,candrārddha,14790,317,candrApIqa,candrāpīḍa
wil,main,M-pos/Hi-pos/Hf-slot/G-degem,isolated,0,14657,14851,319,caraRArdDa,caraṇārddha,14852,319,caraRAnamita,caraṇānamita
wil,main,M-pos/Hi-pos/Hf-slot/G-degem,isolated,0,14676,14870,319,caritArTa,caritārtha,14871,319,caritaguRatva,caritaguṇatva
wil,main,M-pos/Hi-pos/Hf-slot/G-degem,isolated,1,14692,14886,320,carcita,carcita,14887,320,carcca,carcca
wil,main,M-pos/Hi-pos/Hf-slot/G-degem,isolated,0,14732,14926,320,carmmAvfta,carmmāvṛta,14927,320,carmmAmBas,carmmāmbhas
wil,main,M-pos/Hi-pos/Hf-slot/G-degem,isolated,0,14818,15013,322,cAndrAyaRavrata,cāndrāyaṇavrata,15014,322,cAndrAyaRaviDAna,cāndrāyaṇavidhāna
wil,main,M-pos/Hi-pos/Hf-slot/G-degem,isolated,0,14853,15048,323,cArivAc,cārivāc,15049,323,cAritra,cāritra
wil,main,M-pos/Hi-pos/Hf-slot/G-degem,isolated,0,14919,15115,324,cita,cita,15116,325,cit,cit
wil,main,M-pos/Hi-pos/Hf-slot/G-degem,isolated,0,14941,15137,325,cittavedanA,cittavedanā,15138,325,cittaBava,cittabhava
wil,main,M-pos/Hi-pos/Hf-slot/G-degem,isolated,1,14946,15142,325,cittasamunnati,cittasamunnati,15143,325,cittasaMhati,cittasaṃhati
wil,main,M-pos/Hi-pos/Hf-slot/G-degem,isolated,0,14948,15144,325,cittahft,cittahṛt,15145,325,cittahArin,cittahārin
wil,main,M-pos/Hi-pos/Hf-slot/G-degem,isolated,0,14961,15158,325,citrakara,citrakara,15159,325,citrakambala,citrakambala
wil,main,M-pos/Hi-pos/Hf-slot/G-degem,isolated,0,14998,15195,326,citraleKA,citralekhā,15196,326,citraliKita,citralikhita
wil,main,M-pos/Hi-pos/Hf-slot/G-degem,isolated,0,15028,15225,327,cintayat,cintayat,15226,327,cintanIya,cintanīya
wil,main,M-pos/Hi-pos/Hf-slot/G-degem,isolated,0,15069,15266,328,ciram,ciram,15267,328,cirapravAsin,cirapravāsin
wil,main,M-pos/Hi-pos/Hf-slot/G-degem,isolated,0,15243,15448,331,cezwAnirUpaRa,ceṣṭānirūpaṇa,15449,331,cezwAnASa,ceṣṭānāśa
wil,main,M-pos/Hi-pos/Hf-slot/G-degem,isolated,0,15301,15507,333,cyutotsAha,cyutotsāha,15508,333,cyuti,cyuti
wil,main,M-pos/Hi-pos/Hf-slot/G-degem,isolated,0,15353,15562,334,CarddiGna,charddighna,15563,334,CardikAripu,chardikāripu
wil,main,M-pos/Hi-pos/Hf-slot/G-degem,isolated,0,15398,15607,335,CikkA,chikkā,15608,335,Cikkaka,chikkaka
wil,main,M-pos/Hi-pos/Hf-slot/G-degem,isolated,0,15404,15613,335,Cida,chida,15614,335,Cid,chid
wil,main,M-pos/Hi-pos/Hf-slot/G-degem,isolated,0,15500,15713,337,jagadvala,jagadvala,15714,337,jagadyoni,jagadyoni
wil,main,M-pos/Hi-pos/Hf-slot/G-degem,isolated,0,15606,15821,339,janAv,janāv,15822,339,janAnta,janānta
wil,main,M-pos/Hi-pos/Hf-slot/G-degem,isolated,0,15657,15873,340,japitvA,japitvā,15874,340,japita,japita
wil,main,M-pos/Hi-pos/Hf-slot/G-degem,isolated,0,15662,15878,340,jama,jama,15879,340,jam,jam
wil,main,M-pos/Hi-pos/Hf-slot/G-degem,isolated,0,15691,15907,341,jayat,jayat,15908,341,jayaQakkA,jayaḍhakkā
wil,main,M-pos/Hi-pos/Hf-slot/G-degem,isolated,0,15699,15915,341,jayapAla,jayapāla,15916,341,jayaDvani,jayadhvani
wil,main,M-pos/Hi-pos/Hf-slot/G-degem,isolated,0,15747,15963,342,jarhila,jarhila,15964,342,jartsa,jartsa
wil,main,M-pos/Hi-pos/Hf-slot/G-degem,isolated,0,15767,15984,343,jalakriyA,jalakriyā,15985,343,jalakeSa,jalakeśa
wil,main,M-pos/Hi-pos/Hf-slot/G-degem,isolated,0,15993,16212,347,jAtisvaBAva,jātisvabhāva,16213,347,jAtismara,jātismara
wil,main,M-pos/Hi-pos/Hf-slot/G-degem,isolated,0,16026,16245,348,jAmbavOzWa,jāmbavauṣṭha,16246,348,jAmbabat,jāmbabat
wil,main,M-pos/Hi-pos/Hf-slot/G-degem,isolated,0,16073,16293,349,jiGAMsu,jighāṃsu,16294,349,jiGAMsat,jighāṃsat
wil,main,M-pos/Hi-pos/Hf-slot/G-degem,isolated,0,16141,16361,351,jihvAsvAda,jihvāsvāda,16362,351,jihvASata,jihvāśata
wil,main,M-pos/Hi-pos/Hf-slot/G-degem,isolated,0,16162,16382,351,jIrRodyAna,jīrṇodyāna,16383,351,jIrRodDAra,jīrṇoddhāra
wil,main,M-pos/Hi-pos/Hf-slot/G-degem,isolated,0,16180,16401,352,jIvanaviqambana,jīvanaviḍambana,16402,352,jIvanayoni,jīvanayoni
wil,main,M-pos/Hi-pos/Hf-slot/G-degem,isolated,0,16195,16416,352,jIvamandira,jīvamandira,16417,352,jIvaBUta,jīvabhūta
wil,main,M-pos/Hi-pos/Hf-slot/G-degem,isolated,0,16219,16441,352,jIvotsarga,jīvotsarga,16442,352,jIvin,jīvin
wil,main,M-pos/Hi-pos/Hf-slot/G-degem,isolated,0,16234,16456,353,jula,jula,16457,353,jurva,jurva
wil,main,M-pos/Hi-pos/Hf-slot/G-degem,isolated,0,16243,16465,353,juhUvat,juhūvat,16466,353,juhUrARa,juhūrāṇa
wil,main,M-pos/Hi-pos/Hf-slot/G-degem,isolated,0,16345,16570,355,jyezWAvApya,jyeṣṭhāvāpya,16571,355,jyezWaSvaSrU,jyeṣṭhaśvaśrū
wil,main,M-pos/Hi-pos/Hf-slot/G-degem,isolated,0,16652,16890,363,tataHpraBfti,tataḥprabhṛti,16891,363,tata,tata
wil,main,M-pos/Hi-pos/Hf-slot/G-degem,isolated,0,16672,16911,363,tattvAvaboDa,tattvāvabodha,16912,363,tattvABiyoga,tattvābhiyoga
wil,main,M-pos/Hi-pos/Hf-slot/G-degem,isolated,0,16676,16915,363,tatpUrvva,tatpūrvva,16916,363,tatpuruza,tatpuruṣa
wil,main,M-pos/Hi-pos/Hf-slot/G-degem,isolated,0,16688,16928,363,taTAviDa,tathāvidha,16929,363,taTArAja,tathārāja
wil,main,M-pos/Hi-pos/Hf-slot/G-degem,isolated,0,16709,16949,364,tadviDa,tadvidha,16950,364,tadDita,taddhita
wil,main,M-pos/Hi-pos/Hf-slot/G-degem,isolated,0,16720,16960,364,tanutravat,tanutravat,16961,364,tanutyAga,tanutyāga
wil,main,M-pos/Hi-pos/Hf-slot/G-degem,isolated,0,16784,17024,366,tapaHsTalI,tapaḥsthalī,17025,366,tapa,tapa
wil,main,M-pos/Hi-pos/Hf-slot/G-degem,isolated,0,16808,17048,366,taponuBAva,taponubhāva,17049,366,taponizWa,taponiṣṭha
wil,main,M-pos/Hi-pos/Hf-slot/G-degem,isolated,0,16825,17065,367,tamaHsTita,tamaḥsthita,17066,367,tama,tama
wil,main,M-pos/Hi-pos/Hf-slot/G-degem,isolated,0,16854,17095,367,tamomaya,tamomaya,17096,367,tamomaRi,tamomaṇi
wil,main,M-pos/Hi-pos/Hf-slot/G-degem,isolated,0,16878,17120,368,tarambuja,tarambuja,17121,368,tarapaRya,tarapaṇya
wil,main,M-pos/Hi-pos/Hf-slot/G-degem,isolated,0,16897,17139,368,tarin,tarin,17140,368,taritf,taritṛ
wil,main,M-pos/Hi-pos/Hf-slot/G-degem,isolated,0,16918,17160,369,taruviwapa,taruviṭapa,17161,369,tarurAja,tarurāja
wil,main,M-pos/Hi-pos/Hf-slot/G-degem,isolated,0,17005,17249,371,tAqaNka,tāḍaṅka,17250,371,tAqaGa,tāḍagha
wil,main,M-pos/Hi-pos/Hf-slot/G-degem,isolated,0,17088,17332,373,tAmraparRI,tāmraparṇī,17333,373,tAmrapatra,tāmrapatra
wil,main,M-pos/Hi-pos/Hf-slot/G-degem,isolated,0,17357,17605,379,tucCaDAnyaka,tucchadhānyaka,17606,379,tucCadru,tucchadru
wil,main,M-pos/Hi-pos/Hf-slot/G-degem,isolated,0,17583,17839,384,tfza,tṛṣa,17840,384,tfz,tṛṣ
wil,main,M-pos/Hi-pos/Hf-slot/G-degem,isolated,0,17627,17885,385,tEttirIyaka,taittirīyaka,17886,385,tEgmya,taigmya
wil,main,M-pos/Hi-pos/Hf-slot/G-degem,isolated,0,17677,17935,386,toyaprasAdanaPala,toyaprasādanaphala,17936,386,toyaprazWA,toyapraṣṭhā
wil,main,M-pos/Hi-pos/Hf-slot/G-degem,isolated,0,17858,18120,390,tripOruza,tripauruṣa,18121,390,tripuzA,tripuṣā
wil,main,M-pos/Hi-pos/Hf-slot/G-degem,isolated,0,17995,18257,393,tvagBedaka,tvagbhedaka,18258,393,tvakza,tvakṣa
wil,main,M-pos/Hi-pos/Hf-slot/G-degem,isolated,0,18006,18268,393,tvaca,tvaca,18269,393,tvac,tvac
wil,main,M-pos/Hi-pos/Hf-slot/G-degem,isolated,0,18034,18296,394,tviza,tviṣa,18297,394,tviz,tviṣ
wil,main,M-pos/Hi-pos/Hf-slot/G-degem,isolated,0,18173,18441,397,dattrima,dattrima,18442,397,datteya,datteya
wil,main,M-pos/Hi-pos/Hf-slot/G-degem,isolated,0,18177,18445,397,dadat,dadat,18446,397,dada,dada
wil,main,M-pos/Hi-pos/Hf-slot/G-degem,isolated,0,18246,18515,399,dantavyasana,dantavyasana,18516,399,dantavezwa,dantaveṣṭa
wil,main,M-pos/Hi-pos/Hf-slot/G-degem,isolated,0,18259,18528,399,dantAvala,dantāvala,18529,399,dantAyuDa,dantāyudha
wil,main,M-pos/Hi-pos/Hf-slot/G-degem,isolated,0,18277,18546,399,dama,dama,18547,399,dam,dam
wil,main,M-pos/Hi-pos/Hf-slot/G-degem,isolated,0,18332,18603,400,dardru,dardru,18604,400,dardU,dardū
wil,main,M-pos/Hi-pos/Hf-slot/G-degem,isolated,0,18336,18607,401,dardrURa,dardrūṇa,18608,401,dardrurogin,dardrurogin
wil,main,M-pos/Hi-pos/Hf-slot/G-degem,isolated,0,18444,18717,403,daSAsTiti,daśāsthiti,18718,403,daSArha,daśārha
wil,main,M-pos/Hi-pos/Hf-slot/G-degem,isolated,0,18452,18725,403,daSendriya,daśendriya,18726,403,daSin,daśin
wil,main,M-pos/Hi-pos/Hf-slot/G-degem,isolated,0,18625,18902,407,dAsanandinI,dāsanandinī,18903,407,dAsadAsI,dāsadāsī
wil,main,M-pos/Hi-pos/Hf-slot/G-degem,isolated,0,18663,18940,408,diNmuKa,diṅmukha,18941,408,diNnAga,diṅnāga
wil,main,M-pos/Hi-pos/Hf-slot/G-degem,isolated,0,18674,18951,408,didfkzu,didṛkṣu,18952,408,didfkzAvat,didṛkṣāvat
wil,main,M-pos/Hi-pos/Hf-slot/G-degem,isolated,0,18710,18987,409,diva,diva,18988,409,div,div
wil,main,M-pos/Hi-pos/Hf-slot/G-degem,isolated,0,18762,19039,410,diSa,diśa,19040,410,diS,diś
wil,main,M-pos/Hi-pos/Hf-slot/G-degem,isolated,0,18857,19136,412,dIrGapAdapa,dīrghapādapa,19137,412,dIrGapAd,dīrghapād
wil,main,M-pos/Hi-pos/Hf-slot/G-degem,isolated,0,18892,19171,413,dIrGAyus,dīrghāyus,19172,413,dIrGAyuzya,dīrghāyuṣya
wil,main,M-pos/Hi-pos/Hf-slot/G-degem,isolated,0,18912,19192,413,duHKasaMvardDita,duḥkhasaṃvarddhita,19193,413,duHKasaMyoga,duḥkhasaṃyoga
wil,main,M-pos/Hi-pos/Hf-slot/G-degem,isolated,1,19044,19324,416,durduruwa,durduruṭa,19325,416,durddazwa,durddaṣṭa
wil,main,M-pos/Hi-pos/Hf-slot/G-degem,isolated,1,19047,19327,416,durdDaruwa,durddharuṭa,19328,416,durdritA,durdritā
wil,main,M-pos/Hi-pos/Hf-slot/G-degem,isolated,1,19050,19330,416,durdDarza,durddharṣa,19331,416,durDara,durdhara
wil,main,M-pos/Hi-pos/Hf-slot/G-degem,isolated,1,19055,19335,416,durnivAra,durnivāra,19336,416,durnnirIkzya,durnnirīkṣya
wil,main,M-pos/Hi-pos/Hf-slot/G-degem,isolated,0,19057,19337,416,durvva,durvva,19338,416,durbbala,durbbala
wil,main,M-pos/Hi-pos/Hf-slot/G-degem,isolated,0,19063,19343,416,durBikza,durbhikṣa,19344,416,durBAgya,durbhāgya
wil,main,M-pos/Hi-pos/Hf-slot/G-degem,isolated,0,19143,19423,418,duha,duha,19424,418,duh,duh
wil,main,M-pos/Hi-pos/Hf-slot/G-degem,isolated,0,19243,19524,420,dfQArtti,dṛḍhārtti,19525,420,dfQABakti,dṛḍhābhakti
wil,main,M-pos/Hi-pos/Hf-slot/G-degem,isolated,0,19263,19544,421,dfSa,dṛśa,19545,421,dfS,dṛś
wil,main,M-pos/Hi-pos/Hf-slot/G-degem,isolated,0,19399,19681,424,devavallaBa,devavallabha,19682,424,devavara,devavara
wil,main,M-pos/Hi-pos/Hf-slot/G-degem,isolated,0,19406,19688,424,devasaBya,devasabhya,19689,424,devasanDa,devasandha
wil,main,M-pos/Hi-pos/Hf-slot/G-degem,isolated,0,19424,19706,424,devAlA,devālā,19707,424,devArha,devārha
wil,main,M-pos/Hi-pos/Hf-slot/G-degem,isolated,0,19466,19748,425,dehasAra,dehasāra,19749,425,dehavat,dehavat
wil,main,M-pos/Hi-pos/Hf-slot/G-degem,isolated,1,19525,19807,426,doga,doga,19808,426,doHSiKara,doḥśikhara
wil,main,M-pos/Hi-pos/Hf-slot/G-degem,isolated,0,19605,19888,428,dyuta,dyuta,19889,428,dyut,dyut
wil,main,M-pos/Hi-pos/Hf-slot/G-degem,isolated,0,19731,20017,430,druha,druha,20018,430,draha,draha
wil,main,M-pos/Hi-pos/Hf-slot/G-degem,isolated,0,19830,20117,433,dvijanman,dvijanman,20118,433,dvijadAsa,dvijadāsa
wil,main,M-pos/Hi-pos/Hf-slot/G-degem,isolated,0,19838,20125,433,dvijavraRa,dvijavraṇa,20126,433,dvijabruva,dvijabruva
wil,main,M-pos/Hi-pos/Hf-slot/G-degem,isolated,0,19861,20148,433,dvitIyatva,dvitīyatva,20149,433,dvitIyatriPalA,dvitīyatriphalā
wil,main,M-pos/Hi-pos/Hf-slot/G-degem,isolated,0,19868,20155,433,dvidanta,dvidanta,20156,433,dvidaRqi,dvidaṇḍi
wil,main,M-pos/Hi-pos/Hf-slot/G-degem,isolated,0,19928,20215,435,dviza,dviṣa,20216,435,dviz,dviṣ
wil,main,M-pos/Hi-pos/Hf-slot/G-degem,isolated,0,20116,20405,439,DarASaya,dharāśaya,20406,439,DarAmara,dharāmara
wil,main,M-pos/Hi-pos/Hf-slot/G-degem,isolated,0,20165,20454,440,DarmmaBrAtf,dharmmabhrātṛ,20455,440,DarmmaBikzuka,dharmmabhikṣuka
wil,main,M-pos/Hi-pos/Hf-slot/G-degem,isolated,0,20308,20599,443,DArADvani,dhārādhvani,20600,443,DArADara,dhārādhara
wil,main,M-pos/Hi-pos/Hf-slot/G-degem,isolated,0,20340,20631,444,DigvaRa,dhigvaṇa,20632,444,DigdaRqa,dhigdaṇḍa
wil,main,M-pos/Hi-pos/Hf-slot/G-degem,isolated,0,20431,20725,446,DUmralocana,dhūmralocana,20726,446,DUmraruc,dhūmraruc
wil,main,M-pos/Hi-pos/Hf-slot/G-degem,isolated,0,20528,20823,448,DyAnayoga,dhyānayoga,20824,448,DyAnapara,dhyānapara
wil,main,M-pos/Hi-pos/Hf-slot/G-degem,isolated,0,20529,20824,448,DyAnapara,dhyānapara,20825,448,DyAnatatpara,dhyānatatpara
wil,main,M-pos/Hi-pos/Hf-slot/G-degem,isolated,0,20564,20862,449,Dvajavat,dhvajavat,20863,449,DvajarAjin,dhvajarājin
wil,main,M-pos/Hi-pos/Hf-slot/G-degem,isolated,1,20595,20895,450,naHkzudra,naḥkṣudra,20896,450,naMSuka,naṃśuka
wil,main,M-pos/Hi-pos/Hf-slot/G-degem,isolated,0,20677,20979,451,nawaparRa,naṭaparṇa,20980,451,nawapatrikA,naṭapatrikā
wil,main,M-pos/Hi-pos/Hf-slot/G-degem,isolated,0,20681,20983,452,nawasajYaka,naṭasajñaka,20984,452,nawaSrezWa,naṭaśreṣṭha
wil,main,M-pos/Hi-pos/Hf-slot/G-degem,isolated,0,20741,21045,453,nandanta,nandanta,21046,453,nandanamAlA,nandanamālā
wil,main,M-pos/Hi-pos/Hf-slot/G-degem,isolated,0,20744,21048,453,nandayanta,nandayanta,21049,453,nandapAla,nandapāla
wil,main,M-pos/Hi-pos/Hf-slot/G-degem,isolated,0,20853,21158,455,naravizvaRa,naraviṣvaṇa,21159,455,nararUpa,nararūpa
wil,main,M-pos/Hi-pos/Hf-slot/G-degem,isolated,0,21224,21531,464,niHSalAka,niḥśalāka,21532,464,niHSabda,niḥśabda
wil,main,M-pos/Hi-pos/Hf-slot/G-degem,isolated,1,21238,21545,464,niHsaNga,niḥsaṅga,21546,464,niHsaMjYa,niḥsaṃjña
wil,main,M-pos/Hi-pos/Hf-slot/G-degem,isolated,0,21258,21565,464,niHsvAdu,niḥsvādu,21566,464,ni,ni
wil,main,M-pos/Hi-pos/Hf-slot/G-degem,isolated,0,21292,21599,465,nikzipta,nikṣipta,21600,465,nikzipat,nikṣipat
wil,main,M-pos/Hi-pos/Hf-slot/G-degem,isolated,0,21422,21730,468,nindAstuti,nindāstuti,21731,468,ninaNkzu,ninaṅkṣu
wil,main,M-pos/Hi-pos/Hf-slot/G-degem,isolated,0,21519,21827,470,niyuYjAna,niyuñjāna,21828,470,niyujya,niyujya
wil,main,M-pos/Hi-pos/Hf-slot/G-degem,isolated,0,21531,21839,471,niyojita,niyojita,21840,471,niyojanIya,niyojanīya
wil,main,M-pos/Hi-pos/Hf-slot/G-degem,isolated,0,21539,21847,471,niraNkuSatva,niraṅkuśatva,21848,471,niragni,niragni
wil,main,M-pos/Hi-pos/Hf-slot/G-degem,isolated,0,21548,21856,471,nirantarAla,nirantarāla,21857,471,nirantarAByAsa,nirantarābhyāsa
wil,main,M-pos/Hi-pos/Hf-slot/G-degem,isolated,0,21605,21913,472,nirAhAra,nirāhāra,21914,472,nirAspada,nirāspada
wil,main,M-pos/Hi-pos/Hf-slot/G-degem,isolated,0,21613,21921,472,nirIkzyamARa,nirīkṣyamāṇa,21922,473,nirIkzita,nirīkṣita
wil,main,M-pos/Hi-pos/Hf-slot/G-degem,isolated,0,21620,21928,473,nirucyamAna,nirucyamāna,21929,473,nirucCAsa,nirucchāsa
wil,main,M-pos/Hi-pos/Hf-slot/G-degem,isolated,0,21627,21935,473,nirudDaSamavftti,niruddhaśamavṛtti,21936,473,niruddrAva,niruddrāva
wil,main,M-pos/Hi-pos/Hf-slot/G-degem,isolated,0,21629,21937,473,nirudvigna,nirudvigna,21938,473,nirudyoga,nirudyoga
wil,main,M-pos/Hi-pos/Hf-slot/G-degem,isolated,0,21647,21955,473,niroDa,nirodha,21956,473,nirfti,nirṛti
wil,main,M-pos/Hi-pos/Hf-slot/G-degem,isolated,0,21894,22202,479,niSamya,niśamya,22203,479,niSamayat,niśamayat
wil,main,M-pos/Hi-pos/Hf-slot/G-degem,isolated,0,21937,22245,480,niSopaSAya,niśopaśāya,22246,480,niSEta,niśaita
wil,main,M-pos/Hi-pos/Hf-slot/G-degem,isolated,0,21961,22269,480,nizaDa,niṣadha,22270,480,nizaRRa,niṣaṇṇa
wil,main,M-pos/Hi-pos/Hf-slot/G-degem,isolated,0,21979,22288,481,nizkarmman,niṣkarmman,22289,481,nizkaruRa,niṣkaruṇa
wil,main,M-pos/Hi-pos/Hf-slot/G-degem,isolated,0,21981,22290,481,nizkala,niṣkala,22291,481,nizkarza,niṣkarṣa
wil,main,M-pos/Hi-pos/Hf-slot/G-degem,isolated,0,22006,22315,481,nizwya,niṣṭya,22316,481,nizwapta,niṣṭapta
wil,main,M-pos/Hi-pos/Hf-slot/G-degem,isolated,0,22016,22325,482,nizWyUti,niṣṭhyūti,22326,482,nizWeva,niṣṭheva
wil,main,M-pos/Hi-pos/Hf-slot/G-degem,isolated,0,22043,22352,482,nizprayojana,niṣprayojana,22353,482,nizpfha,niṣpṛha
wil,main,M-pos/Hi-pos/Hf-slot/G-degem,isolated,0,22056,22365,483,nistaraRa,nistaraṇa,22366,483,nistabDa,nistabdha
wil,main,M-pos/Hi-pos/Hf-slot/G-degem,isolated,0,22161,22470,485,nIlapAcanaBARqa,nīlapācanabhāṇḍa,22471,485,nIlapadma,nīlapadma
wil,main,M-pos/Hi-pos/Hf-slot/G-degem,isolated,0,22185,22494,485,nIlAmbujanman,nīlāmbujanman,22495,485,nIlABa,nīlābha
wil,main,M-pos/Hi-pos/Hf-slot/G-degem,isolated,0,22233,22544,486,nfpanIti,nṛpanīti,22545,486,nfpati,nṛpati
wil,main,M-pos/Hi-pos/Hf-slot/G-degem,isolated,0,22265,22576,487,netraja,netraja,22577,487,netracCada,netracchada
wil,main,M-pos/Hi-pos/Hf-slot/G-degem,isolated,0,22324,22635,488,nErfta,nairṛta,22636,488,nErukta,nairukta
wil,main,M-pos/Hi-pos/Hf-slot/G-degem,isolated,0,22441,22754,491,pakziSAvaka,pakṣiśāvaka,22755,491,pakziSAlA,pakṣiśālā
wil,main,M-pos/Hi-pos/Hf-slot/G-degem,isolated,0,22481,22794,492,paNgula,paṅgula,22795,492,paNgugrAha,paṅgugrāha
wil,main,M-pos/Hi-pos/Hf-slot/G-degem,isolated,0,22541,22855,493,paYcapallava,pañcapallava,22856,493,paYcaparRI,pañcaparṇī
wil,main,M-pos/Hi-pos/Hf-slot/G-degem,isolated,0,22642,22957,496,pawwana,paṭṭana,22958,496,pawwadevI,paṭṭadevī
wil,main,M-pos/Hi-pos/Hf-slot/G-degem,isolated,0,22683,22999,497,paRqitammanya,paṇḍitammanya,23000,497,paRqitamAnin,paṇḍitamānin
wil,main,M-pos/Hi-pos/Hf-slot/G-degem,isolated,0,22768,23085,498,patraraTa,patraratha,23086,498,patraraYjana,patrarañjana
wil,main,M-pos/Hi-pos/Hf-slot/G-degem,isolated,0,22788,23105,499,patrin,patrin,23106,499,patrapUga,patrapūga
wil,main,M-pos/Hi-pos/Hf-slot/G-degem,isolated,0,22806,23124,499,pada,pada,23125,499,pad,pad
wil,main,M-pos/Hi-pos/Hf-slot/G-degem,isolated,0,22958,23276,503,paradeSin,paradeśin,23277,503,paradeSasevin,paradeśasevin
wil,main,M-pos/Hi-pos/Hf-slot/G-degem,isolated,0,22961,23279,503,paradvezin,paradveṣin,23280,503,paradravya,paradravya
wil,main,M-pos/Hi-pos/Hf-slot/G-degem,isolated,0,23004,23322,504,paramarzi,paramarṣi,23323,504,paramarmmajYa,paramarmmajña
wil,main,M-pos/Hi-pos/Hf-slot/G-degem,isolated,0,23021,23339,504,paramAvaDi,paramāvadhi,23340,504,paramArhata,paramārhata
wil,main,M-pos/Hi-pos/Hf-slot/G-degem,isolated,1,23047,23365,505,parasaNgata,parasaṅgata,23366,505,parasaMjYaka,parasaṃjñaka
wil,main,M-pos/Hi-pos/Hf-slot/G-degem,isolated,0,23075,23393,505,parAgavat,parāgavat,23394,505,parAgata,parāgata
wil,main,M-pos/Hi-pos/Hf-slot/G-degem,isolated,0,23203,23521,508,paricyuta,paricyuta,23522,508,paricCada,paricchada
wil,main,M-pos/Hi-pos/Hf-slot/G-degem,isolated,0,23321,23639,511,parimalita,parimalita,23640,511,parimarSa,parimarśa
wil,main,M-pos/Hi-pos/Hf-slot/G-degem,isolated,0,23326,23644,511,parimArgya,parimārgya,23645,511,parimARa,parimāṇa
wil,main,M-pos/Hi-pos/Hf-slot/G-degem,isolated,0,23598,23918,516,paryyaSru,paryyaśru,23919,517,paryyavazwabDa,paryyavaṣṭabdha
wil,main,M-pos/Hi-pos/Hf-slot/G-degem,isolated,0,23602,23922,517,paryyasyat,paryyasyat,23923,517,paryyasta,paryyasta
wil,main,M-pos/Hi-pos/Hf-slot/G-degem,isolated,0,23667,23988,518,palava,palava,23989,518,palala,palala
wil,main,M-pos/Hi-pos/Hf-slot/G-degem,isolated,0,23679,24000,518,palAyamAna,palāyamāna,24001,518,palAyanaparAyaRa,palāyanaparāyaṇa
wil,main,M-pos/Hi-pos/Hf-slot/G-degem,isolated,0,23787,24110,521,pAMSuva,pāṃśuva,24111,521,pAMSura,pāṃśura
wil,main,M-pos/Hi-pos/Hf-slot/G-degem,isolated,0,23793,24116,521,pAMsu,pāṃsu,24117,521,pA,pā
wil,main,M-pos/Hi-pos/Hf-slot/G-degem,isolated,0,23833,24157,522,pAYcayAjYika,pāñcayājñika,24158,522,pAYcaBOtika,pāñcabhautika
wil,main,M-pos/Hi-pos/Hf-slot/G-degem,isolated,0,23918,24242,524,pARqurapfzWa,pāṇḍurapṛṣṭha,24243,524,pARquradruma,pāṇḍuradruma
wil,main,M-pos/Hi-pos/Hf-slot/G-degem,isolated,0,23947,24272,524,pAtya,pātya,24273,524,pAttra,pāttra
wil,main,M-pos/Hi-pos/Hf-slot/G-degem,isolated,0,24139,24465,528,pAradeSya,pāradeśya,24466,528,pAradfSvan,pāradṛśvan
wil,main,M-pos/Hi-pos/Hf-slot/G-degem,isolated,0,24315,24643,533,picaRqila,picaṇḍila,24644,533,picaRqikA,picaṇḍikā
wil,main,M-pos/Hi-pos/Hf-slot/G-degem,isolated,0,24402,24733,535,pitFkTa,pitṝktha,24734,535,pitfkarmman,pitṛkarmman
wil,main,M-pos/Hi-pos/Hf-slot/G-degem,isolated,0,24404,24735,535,pitfkAryya,pitṛkāryya,24736,535,pitfkAnana,pitṛkānana
wil,main,M-pos/Hi-pos/Hf-slot/G-degem,isolated,0,24665,24999,540,puRyaSloka,puṇyaśloka,25000,541,puRyayoga,puṇyayoga
wil,main,M-pos/Hi-pos/Hf-slot/G-degem,isolated,0,24691,25025,541,puttrikABarttf,puttrikābharttṛ,25026,541,puttrikAprasU,puttrikāprasū
wil,main,M-pos/Hi-pos/Hf-slot/G-degem,isolated,0,24716,25050,542,punarjanman,punarjanman,25051,542,punarjanmajaya,punarjanmajaya
wil,main,M-pos/Hi-pos/Hf-slot/G-degem,isolated,0,24736,25070,542,puraHsPurat,puraḥsphurat,25071,542,pura,pura
wil,main,M-pos/Hi-pos/Hf-slot/G-degem,isolated,0,24760,25095,543,puraskriyA,puraskriyā,25096,543,puraskfta,puraskṛta
wil,main,M-pos/Hi-pos/Hf-slot/G-degem,isolated,0,24794,25129,544,puruzatva,puruṣatva,25130,544,puruzatrA,puruṣatrā
wil,main,M-pos/Hi-pos/Hf-slot/G-degem,isolated,0,24796,25131,544,puruzadantikA,puruṣadantikā,25132,544,puruzadaDna,puruṣadadhna
wil,main,M-pos/Hi-pos/Hf-slot/G-degem,isolated,0,24813,25148,544,puruzArTa,puruṣārtha,25149,544,puruzAyus,puruṣāyus
wil,main,M-pos/Hi-pos/Hf-slot/G-degem,isolated,0,24929,25266,547,puzpaSUnya,puṣpaśūnya,25267,547,puzpaSAlin,puṣpaśālin
wil,main,M-pos/Hi-pos/Hf-slot/G-degem,isolated,0,24980,25318,548,pUtkArI,pūtkārī,25319,548,pUta,pūta
wil,main,M-pos/Hi-pos/Hf-slot/G-degem,isolated,0,25004,25342,548,pUtipuzpikA,pūtipuṣpikā,25343,548,pUtinasya,pūtinasya
wil,main,M-pos/Hi-pos/Hf-slot/G-degem,isolated,0,25091,25433,550,pUrvvasara,pūrvvasara,25434,550,pUrvvasanDyA,pūrvvasandhyā
wil,main,M-pos/Hi-pos/Hf-slot/G-degem,isolated,0,25343,25687,555,pOrvvapadika,paurvvapadika,25688,555,pOrvvadehika,paurvvadehika
wil,main,M-pos/Hi-pos/Hf-slot/G-degem,isolated,0,25345,25689,555,pOrvvArdDika,paurvvārddhika,25690,555,pOrvvAparyya,paurvvāparyya
wil,main,M-pos/Hi-pos/Hf-slot/G-degem,isolated,0,25378,25722,556,prakaSa,prakaśa,25723,556,prakarza,prakarṣa
wil,main,M-pos/Hi-pos/Hf-slot/G-degem,isolated,0,25424,25768,558,prakrIqita,prakrīḍita,25769,558,prakxpta,prakḷpta
wil,main,M-pos/Hi-pos/Hf-slot/G-degem,isolated,0,25499,25843,559,pracAla,pracāla,25844,559,pracAra,pracāra
wil,main,M-pos/Hi-pos/Hf-slot/G-degem,isolated,0,25513,25857,560,pracyuta,pracyuta,25858,560,pracCa,praccha
wil,main,M-pos/Hi-pos/Hf-slot/G-degem,isolated,1,25589,25933,561,praRiGnat,praṇighnat,25934,561,praRiMsita,praṇiṃsita
wil,main,M-pos/Hi-pos/Hf-slot/G-degem,isolated,0,25709,26053,564,pratipattimat,pratipattimat,26054,564,pratipattiparANmuKa,pratipattiparāṅmukha
wil,main,M-pos/Hi-pos/Hf-slot/G-degem,isolated,0,25772,26116,566,pratimendu,pratimendu,26117,566,pratimUzikA,pratimūṣikā
wil,main,M-pos/Hi-pos/Hf-slot/G-degem,isolated,0,25799,26143,566,prativApa,prativāpa,26144,566,prativAdin,prativādin
wil,main,M-pos/Hi-pos/Hf-slot/G-degem,isolated,0,25945,26289,570,pratyaBivAda,pratyabhivāda,26290,570,pratyaBiyoga,pratyabhiyoga
wil,main,M-pos/Hi-pos/Hf-slot/G-degem,isolated,0,25964,26308,570,pratyAkAra,pratyākāra,26309,570,pratyAkalita,pratyākalita
wil,main,M-pos/Hi-pos/Hf-slot/G-degem,isolated,0,25992,26336,571,pratyuta,pratyuta,26337,571,pratyuktrama,pratyuktrama
wil,main,M-pos/Hi-pos/Hf-slot/G-degem,isolated,0,26002,26346,571,pratyudgamanIya,pratyudgamanīya,26347,571,pratyudgamana,pratyudgamana
wil,main,M-pos/Hi-pos/Hf-slot/G-degem,isolated,0,26054,26398,572,pradyumna,pradyumna,26399,572,pradyutita,pradyutita
wil,main,M-pos/Hi-pos/Hf-slot/G-degem,isolated,0,26083,26427,573,praDvanayat,pradhvanayat,26428,573,praDmA,pradhmā
wil,main,M-pos/Hi-pos/Hf-slot/G-degem,isolated,0,26176,26520,575,pramaTAlaya,pramathālaya,26521,575,pramaTADipa,pramathādhipa
wil,main,M-pos/Hi-pos/Hf-slot/G-degem,isolated,0,26291,26635,578,pralambita,pralambita,26636,578,pralabDa,pralabdha
wil,main,M-pos/Hi-pos/Hf-slot/G-degem,isolated,0,26301,26645,578,praloWita,praloṭhita,26646,578,praloWana,praloṭhana
wil,main,M-pos/Hi-pos/Hf-slot/G-degem,isolated,0,26309,26653,578,pravacanIya,pravacanīya,26654,578,pravacanapawu,pravacanapaṭu
wil,main,M-pos/Hi-pos/Hf-slot/G-degem,isolated,0,26408,26753,580,praSamita,praśamita,26754,580,praSamayya,praśamayya
wil,main,M-pos/Hi-pos/Hf-slot/G-degem,isolated,0,26417,26762,580,praSAntoja,praśāntoja,26763,580,praSAnti,praśānti
wil,main,M-pos/Hi-pos/Hf-slot/G-degem,isolated,0,26596,26942,585,prAkkUla,prākkūla,26943,585,prAkkAla,prākkāla
wil,main,M-pos/Hi-pos/Hf-slot/G-degem,isolated,0,26604,26950,585,prAksanDyA,prāksandhyā,26951,585,prAkSirasa,prākśirasa
wil,main,M-pos/Hi-pos/Hf-slot/G-degem,isolated,0,26640,26987,585,prAcya,prācya,26988,586,prAcC,prācch
wil,main,M-pos/Hi-pos/Hf-slot/G-degem,isolated,0,26715,27062,587,prAtipadika,prātipadika,27063,587,prAtipaTika,prātipathika
wil,main,M-pos/Hi-pos/Hf-slot/G-degem,isolated,0,26760,27107,588,prAptArTa,prāptārtha,27108,588,prAptAparADa,prāptāparādha
wil,main,M-pos/Hi-pos/Hf-slot/G-degem,isolated,0,26777,27124,588,prAyika,prāyika,27125,588,prAyaScitta,prāyaścitta
wil,main,M-pos/Hi-pos/Hf-slot/G-degem,isolated,0,26894,27241,591,prekzyamARa,prekṣyamāṇa,27242,591,prekzA,prekṣā
wil,main,M-pos/Hi-pos/Hf-slot/G-degem,isolated,0,26933,27280,592,prerita,prerita,27281,592,pretyaBAva,pretyabhāva
wil,main,M-pos/Hi-pos/Hf-slot/G-degem,isolated,0,26989,27338,593,prOQi,prauḍhi,27339,593,prOQapAda,prauḍhapāda
wil,main,M-pos/Hi-pos/Hf-slot/G-degem,isolated,0,27006,27356,593,plAvya,plāvya,27357,593,plAvin,plāvin
wil,main,M-pos/Hi-pos/Hf-slot/G-degem,isolated,0,27032,27385,594,Pawa,phaṭa,27386,594,Paw,phaṭ
wil,main,M-pos/Hi-pos/Hf-slot/G-degem,isolated,0,27064,27419,595,Palakozaka,phalakoṣaka,27420,595,PalakfzRa,phalakṛṣṇa
wil,main,M-pos/Hi-pos/Hf-slot/G-degem,isolated,0,27067,27422,595,PalagrAhin,phalagrāhin,27423,595,PalaKaRqana,phalakhaṇḍana
wil,main,M-pos/Hi-pos/Hf-slot/G-degem,isolated,0,27075,27430,595,Palanivftti,phalanivṛtti,27431,595,Palanirvftti,phalanirvṛtti
wil,main,M-pos/Hi-pos/Hf-slot/G-degem,isolated,0,27102,27457,595,PalAnusaraRa,phalānusaraṇa,27458,595,PalAkANkzA,phalākāṅkṣā
wil,main,M-pos/Hi-pos/Hf-slot/G-degem,isolated,0,27114,27469,596,Palin,phalin,27470,596,PalABoga,phalābhoga
wil,main,M-pos/Hi-pos/Hf-slot/G-degem,isolated,0,27122,27477,596,Palopeta,phalopeta,27478,596,Palotpati,phalotpati
wil,main,M-pos/Hi-pos/Hf-slot/G-degem,isolated,0,27191,27548,597,baqavAhfta,baḍavāhṛta,27549,597,baqavAmuKa,baḍavāmukha
wil,main,M-pos/Hi-pos/Hf-slot/G-degem,isolated,0,27236,27595,598,baDvA,badhvā,27596,598,baDraM,badhraṃ
wil,main,M-pos/Hi-pos/Hf-slot/G-degem,isolated,0,27280,27642,599,baladviz,baladviṣ,27643,599,baladeva,baladeva
wil,main,M-pos/Hi-pos/Hf-slot/G-degem,isolated,0,27310,27672,600,balAnvita,balānvita,27673,600,balAnuja,balānuja
wil,main,M-pos/Hi-pos/Hf-slot/G-degem,isolated,0,27314,27676,600,balAvalepa,balāvalepa,27677,600,balAya,balāya
wil,main,M-pos/Hi-pos/Hf-slot/G-degem,isolated,0,27380,27742,602,bahudoza,bahudoṣa,27743,602,bahudfzwa,bahudṛṣṭa
wil,main,M-pos/Hi-pos/Hf-slot/G-degem,isolated,0,27403,27765,602,bahumArga,bahumārga,27766,602,bahumAna,bahumāna
wil,main,M-pos/Hi-pos/Hf-slot/G-degem,isolated,0,27429,27791,603,bahuspfS,bahuspṛś,27792,603,bahusantati,bahusantati
wil,main,M-pos/Hi-pos/Hf-slot/G-degem,isolated,0,27437,27799,603,bahvarTa,bahvartha,27800,603,bahvapatya,bahvapatya
wil,main,M-pos/Hi-pos/Hf-slot/G-degem,isolated,0,27460,27823,603,bADyamAna,bādhyamāna,27824,603,bADita,bādhita
wil,main,M-pos/Hi-pos/Hf-slot/G-degem,isolated,0,27490,27853,604,bAlavAsas,bālavāsas,27854,604,bAlavAyaja,bālavāyaja
wil,main,M-pos/Hi-pos/Hf-slot/G-degem,isolated,0,27558,27923,605,budDivinASa,buddhivināśa,27924,605,budDiBft,buddhibhṛt
wil,main,M-pos/Hi-pos/Hf-slot/G-degem,isolated,0,27584,27950,606,buBUzu,bubhūṣu,27951,606,buBUrzu,bubhūrṣu
wil,main,M-pos/Hi-pos/Hf-slot/G-degem,isolated,0,27599,27967,606,boDayat,bodhayat,27968,606,bodDavya,boddhavya
wil,main,M-pos/Hi-pos/Hf-slot/G-degem,isolated,0,27668,28036,608,brahmaveda,brahmaveda,28037,608,brahmavfkza,brahmavṛkṣa
wil,main,M-pos/Hi-pos/Hf-slot/G-degem,isolated,0,27675,28043,608,brahmasarpa,brahmasarpa,28044,608,brahmasamBava,brahmasambhava
wil,main,M-pos/Hi-pos/Hf-slot/G-degem,isolated,0,27859,28229,612,BadrASva,bhadrāśva,28230,612,BadrASraya,bhadrāśraya
wil,main,M-pos/Hi-pos/Hf-slot/G-degem,isolated,0,27886,28256,613,BayArtta,bhayārtta,28257,613,BayAnaka,bhayānaka
wil,main,M-pos/Hi-pos/Hf-slot/G-degem,isolated,0,28017,28391,616,BAgArTin,bhāgārthin,28392,616,BAgAnubanDajAti,bhāgānubandhajāti
wil,main,M-pos/Hi-pos/Hf-slot/G-degem,isolated,0,28046,28421,617,BARqivAha,bhāṇḍivāha,28422,617,BARqila,bhāṇḍila
wil,main,M-pos/Hi-pos/Hf-slot/G-degem,isolated,0,28128,28504,619,BAvodaya,bhāvodaya,28505,619,BAvuka,bhāvuka
wil,main,M-pos/Hi-pos/Hf-slot/G-degem,isolated,0,28142,28518,619,BAsa,bhāsa,28519,619,BAs,bhās
wil,main,M-pos/Hi-pos/Hf-slot/G-degem,isolated,0,28153,28529,619,BAsvara,bhāsvara,28530,619,BAsmana,bhāsmana
wil,main,M-pos/Hi-pos/Hf-slot/G-degem,isolated,0,28165,28541,620,BikzASin,bhikṣāśin,28542,620,BikzArha,bhikṣārha
wil,main,M-pos/Hi-pos/Hf-slot/G-degem,isolated,0,28284,28663,622,Buvanyu,bhuvanyu,28664,622,Buvanatraya,bhuvanatraya
wil,main,M-pos/Hi-pos/Hf-slot/G-degem,isolated,0,28300,28680,623,BUgarBa,bhūgarbha,28681,623,BUgara,bhūgara
wil,main,M-pos/Hi-pos/Hf-slot/G-degem,isolated,0,28333,28713,623,BUtaveSI,bhūtaveśī,28714,623,BUtavfkza,bhūtavṛkṣa
wil,main,M-pos/Hi-pos/Hf-slot/G-degem,isolated,0,28336,28716,623,BUtasarga,bhūtasarga,28717,623,BUtasaYcAra,bhūtasañcāra
wil,main,M-pos/Hi-pos/Hf-slot/G-degem,isolated,0,28391,28771,624,BUmiBft,bhūmibhṛt,28772,624,BUmipiSAca,bhūmipiśāca
wil,main,M-pos/Hi-pos/Hf-slot/G-degem,isolated,0,28790,29181,634,maRqalAyita,maṇḍalāyita,29182,634,maRqalADISa,maṇḍalādhīśa
wil,main,M-pos/Hi-pos/Hf-slot/G-degem,isolated,0,28873,29265,636,madanavaSa,madanavaśa,29266,636,madanalalita,madanalalita
wil,main,M-pos/Hi-pos/Hf-slot/G-degem,isolated,0,28939,29331,638,maDukeSawa,madhukeśaṭa,29332,638,maDukft,madhukṛt
wil,main,M-pos/Hi-pos/Hf-slot/G-degem,isolated,0,28969,29361,638,maDumat,madhumat,29362,638,maDuBid,madhubhid
wil,main,M-pos/Hi-pos/Hf-slot/G-degem,isolated,0,29031,29423,640,maDyamaloka,madhyamaloka,29424,640,maDyamaBftaka,madhyamabhṛtaka
wil,main,M-pos/Hi-pos/Hf-slot/G-degem,isolated,0,29192,29586,643,manmana,manmana,29587,643,manmaTin,manmathin
wil,main,M-pos/Hi-pos/Hf-slot/G-degem,isolated,0,29398,29797,648,mastakAKya,mastakākhya,29798,648,mastakamUlaka,mastakamūlaka
wil,main,M-pos/Hi-pos/Hf-slot/G-degem,isolated,0,29411,29811,648,mahadvila,mahadvila,29812,648,mahadASraya,mahadāśraya
wil,main,M-pos/Hi-pos/Hf-slot/G-degem,isolated,0,29459,29859,649,mahAdeva,mahādeva,29860,649,mahAdundu,mahādundu
wil,main,M-pos/Hi-pos/Hf-slot/G-degem,isolated,0,29548,29948,651,mahArha,mahārha,29949,651,mahArAzwra,mahārāṣṭra
wil,main,M-pos/Hi-pos/Hf-slot/G-degem,isolated,0,29576,29976,652,mahASaNKa,mahāśaṅkha,29977,652,mahASakti,mahāśakti
wil,main,M-pos/Hi-pos/Hf-slot/G-degem,isolated,0,29707,30108,655,mAWya,māṭhya,30109,655,mAWara,māṭhara
wil,main,M-pos/Hi-pos/Hf-slot/G-degem,isolated,1,29880,30286,659,mArdDava,mārddhava,30287,659,mArdvIka,mārdvīka
wil,main,M-pos/Hi-pos/Hf-slot/G-degem,isolated,0,30023,30431,662,mInaraNga,mīnaraṅga,30432,662,mInara,mīnara
wil,main,M-pos/Hi-pos/Hf-slot/G-degem,isolated,0,30028,30436,662,mInAlaya,mīnālaya,30437,662,mInAmrIRa,mīnāmrīṇa
wil,main,M-pos/Hi-pos/Hf-slot/G-degem,isolated,0,30083,30491,664,muKanivAsinI,mukhanivāsinī,30492,664,muKanirIkzaka,mukhanirīkṣaka
wil,main,M-pos/Hi-pos/Hf-slot/G-degem,isolated,0,30149,30557,665,muda,muda,30558,665,mud,mud
wil,main,M-pos/Hi-pos/Hf-slot/G-degem,isolated,0,30182,30590,666,mura,mura,30591,666,mur,mur
wil,main,M-pos/Hi-pos/Hf-slot/G-degem,isolated,0,30255,30666,667,mUtrapuwa,mūtrapuṭa,30667,667,mUtragranTi,mūtragranthi
wil,main,M-pos/Hi-pos/Hf-slot/G-degem,isolated,0,30436,30852,671,mfda,mṛda,30853,671,mfd,mṛd
wil,main,M-pos/Hi-pos/Hf-slot/G-degem,isolated,0,30457,30873,671,mfdula,mṛdula,30874,671,mfduromavat,mṛduromavat
wil,main,M-pos/Hi-pos/Hf-slot/G-degem,isolated,1,30680,31101,676,mruca,mruca,31102,676,mruMca,mruṃca
wil,main,M-pos/Hi-pos/Hf-slot/G-degem,isolated,0,30691,31112,677,mleCa,mlecha,31113,677,mlecCa,mleccha
wil,main,M-pos/Hi-pos/Hf-slot/G-degem,isolated,0,30772,31195,679,yata,yata,31196,679,yat,yat
wil,main,M-pos/Hi-pos/Hf-slot/G-degem,isolated,0,30930,31356,683,yaSasvin,yaśasvin,31357,683,yaSasya,yaśasya
wil,main,M-pos/Hi-pos/Hf-slot/G-degem,isolated,0,30948,31374,683,yAcamAna,yācamāna,31375,683,yAcanIya,yācanīya
wil,main,M-pos/Hi-pos/Hf-slot/G-degem,isolated,0,30953,31379,683,yAcyamAna,yācyamāna,31380,683,yAcYA,yācñā
wil,main,M-pos/Hi-pos/Hf-slot/G-degem,isolated,0,30960,31386,683,yAjya,yājya,31387,683,yAjuza,yājuṣa
wil,main,M-pos/Hi-pos/Hf-slot/G-degem,isolated,0,31068,31496,686,yuja,yuja,31497,686,yuj,yuj
wil,main,M-pos/Hi-pos/Hf-slot/G-degem,isolated,0,31072,31500,686,yuta,yuta,31501,686,yut,yut
wil,main,M-pos/Hi-pos/Hf-slot/G-degem,isolated,0,31077,31505,686,yudDa,yuddha,31506,686,yudGaraNga,yudgharaṅga
wil,main,M-pos/Hi-pos/Hf-slot/G-degem,isolated,0,31081,31509,686,yuDa,yudha,31510,686,yuD,yudh
wil,main,M-pos/Hi-pos/Hf-slot/G-degem,isolated,1,31267,31698,691,raktasaNkocaka,raktasaṅkocaka,31699,691,raktasaMjYa,raktasaṃjña
wil,main,M-pos/Hi-pos/Hf-slot/G-degem,isolated,0,31578,32017,698,rasAntara,rasāntara,32018,698,rasasindUra,rasasindūra
wil,main,M-pos/Hi-pos/Hf-slot/G-degem,isolated,0,31642,32082,700,rAja,rāja,32083,700,rAj,rāj
wil,main,M-pos/Hi-pos/Hf-slot/G-degem,isolated,0,31645,32085,700,rAjakara,rājakara,32086,700,rAjakadamba,rājakadamba
wil,main,M-pos/Hi-pos/Hf-slot/G-degem,isolated,0,31670,32110,700,rAjadvAra,rājadvāra,32111,700,rAjadroha,rājadroha
wil,main,M-pos/Hi-pos/Hf-slot/G-degem,isolated,0,31736,32176,702,rAjasarpa,rājasarpa,32177,702,rAjasaBA,rājasabhā
wil,main,M-pos/Hi-pos/Hf-slot/G-degem,isolated,0,31939,32385,707,ruksadman,ruksadman,32386,707,rukza,rukṣa
wil,main,M-pos/Hi-pos/Hf-slot/G-degem,isolated,0,31943,32389,707,ruca,ruca,32390,707,ruc,ruc
wil,main,M-pos/Hi-pos/Hf-slot/G-degem,isolated,0,31955,32401,707,ruja,ruja,32402,707,ruj,ruj
wil,main,M-pos/Hi-pos/Hf-slot/G-degem,isolated,0,31968,32414,707,ruda,ruda,32415,707,rud,rud
wil,main,M-pos/Hi-pos/Hf-slot/G-degem,isolated,0,31979,32425,708,rudraBU,rudrabhū,32426,708,rudrabali,rudrabali
wil,main,M-pos/Hi-pos/Hf-slot/G-degem,isolated,0,31985,32431,708,rudrAvAsa,rudrāvāsa,32432,708,rudrAri,rudrāri
wil,main,M-pos/Hi-pos/Hf-slot/G-degem,isolated,0,32004,32450,708,ruza,ruṣa,32451,708,ruz,ruṣ
wil,main,M-pos/Hi-pos/Hf-slot/G-degem,isolated,0,32045,32495,709,reja,reja,32496,709,rej,rej
wil,main,M-pos/Hi-pos/Hf-slot/G-degem,isolated,0,32078,32529,710,reza,reṣa,32530,710,rez,reṣ
wil,main,M-pos/Hi-pos/Hf-slot/G-degem,isolated,0,32159,32611,712,rosaMsA,rosaṃsā,32612,712,roza,roṣa
wil,main,M-pos/Hi-pos/Hf-slot/G-degem,isolated,0,32254,32709,714,laGuvfttitA,laghuvṛttitā,32710,714,laGumUla,laghumūla
wil,main,M-pos/Hi-pos/Hf-slot/G-degem,isolated,0,32494,32957,720,liNgAlikA,liṅgālikā,32958,720,liNgArccana,liṅgārccana
wil,main,M-pos/Hi-pos/Hf-slot/G-degem,isolated,0,32533,32998,721,luca,luca,32999,721,luc,luc
wil,main,M-pos/Hi-pos/Hf-slot/G-degem,isolated,0,32535,33000,721,luYcita,luñcita,33001,721,luja,luja
wil,main,M-pos/Hi-pos/Hf-slot/G-degem,isolated,0,32672,33139,725,lopya,lopya,33140,725,loptra,loptra
wil,main,M-pos/Hi-pos/Hf-slot/G-degem,isolated,0,32790,33259,727,vaMSAvalI,vaṃśāvalī,33260,727,vaMSAnucarita,vaṃśānucarita
wil,main,M-pos/Hi-pos/Hf-slot/G-degem,isolated,0,32887,33358,729,vacanIyatA,vacanīyatā,33359,729,vacanamAtra,vacanamātra
wil,main,M-pos/Hi-pos/Hf-slot/G-degem,isolated,0,32922,33393,730,vajrANga,vajrāṅga,33394,730,vajrAGAta,vajrāghāta
wil,main,M-pos/Hi-pos/Hf-slot/G-degem,isolated,0,32977,33450,731,vatsatara,vatsatara,33451,731,vatsatantrI,vatsatantrī
wil,main,M-pos/Hi-pos/Hf-slot/G-degem,isolated,0,33021,33496,732,vanaCid,vanachid,33497,732,vanacCeda,vanaccheda
wil,main,M-pos/Hi-pos/Hf-slot/G-degem,isolated,0,33171,33649,735,varamuKI,varamukhī,33650,735,varam,varam
wil,main,M-pos/Hi-pos/Hf-slot/G-degem,isolated,0,33247,33725,737,varjjita,varjjita,33726,737,varjjanIya,varjjanīya
wil,main,M-pos/Hi-pos/Hf-slot/G-degem,isolated,0,33329,33808,739,vardDita,varddhita,33809,739,vardDApana,varddhāpana
wil,main,M-pos/Hi-pos/Hf-slot/G-degem,isolated,1,33333,33812,739,vardDra,varddhra,33813,739,varDa,vardha
wil,main,M-pos/Hi-pos/Hf-slot/G-degem,isolated,0,33367,33847,740,varzANga,varṣāṅga,33848,740,varzAGoza,varṣāghoṣa
wil,main,M-pos/Hi-pos/Hf-slot/G-degem,isolated,0,33563,34050,744,vastvaBAva,vastvabhāva,34051,744,vastya,vastya
wil,main,M-pos/Hi-pos/Hf-slot/G-degem,isolated,0,33688,34177,747,vAgmUla,vāgmūla,34178,747,vAgmAtra,vāgmātra
wil,main,M-pos/Hi-pos/Hf-slot/G-degem,isolated,0,33771,34260,749,vAta,vāta,34261,749,vAt,vāt
wil,main,M-pos/Hi-pos/Hf-slot/G-degem,isolated,0,33798,34287,749,vAtaraMhas,vātaraṃhas,34288,749,vAtara,vātara
wil,main,M-pos/Hi-pos/Hf-slot/G-degem,isolated,0,33815,34304,750,vAtavyADi,vātavyādhi,34305,750,vAtavErin,vātavairin
wil,main,M-pos/Hi-pos/Hf-slot/G-degem,isolated,0,33945,34434,752,vAyusamBava,vāyusambhava,34435,752,vAyusama,vāyusama
wil,main,M-pos/Hi-pos/Hf-slot/G-degem,isolated,0,34048,34537,755,vArdDuzya,vārddhuṣya,34538,755,vArdDa,vārddha
wil,main,M-pos/Hi-pos/Hf-slot/G-degem,isolated,0,34100,34590,756,vAsakasajjA,vāsakasajjā,34591,756,vAsakarRI,vāsakarṇī
wil,main,M-pos/Hi-pos/Hf-slot/G-degem,isolated,0,34235,34726,759,vikirat,vikirat,34727,759,vikiraRa,vikiraṇa
wil,main,M-pos/Hi-pos/Hf-slot/G-degem,isolated,0,34262,34753,760,vikrayAnuSaya,vikrayānuśaya,34754,760,vikrayaRa,vikrayaṇa
wil,main,M-pos/Hi-pos/Hf-slot/G-degem,isolated,0,34340,34831,761,viGana,vighana,34832,761,viGawwana,vighaṭṭana
wil,main,M-pos/Hi-pos/Hf-slot/G-degem,isolated,0,34409,34900,763,vicyuta,vicyuta,34901,763,vicCa,viccha
wil,main,M-pos/Hi-pos/Hf-slot/G-degem,isolated,0,34415,34906,763,viCAya,vichāya,34907,763,vicCitti,vicchitti
wil,main,M-pos/Hi-pos/Hf-slot/G-degem,isolated,0,34502,34995,765,viqa,viḍa,34996,765,viq,viḍ
wil,main,M-pos/Hi-pos/Hf-slot/G-degem,isolated,0,34537,35030,766,vitaraRa,vitaraṇa,35031,766,vitamas,vitamas
wil,main,M-pos/Hi-pos/Hf-slot/G-degem,isolated,0,34569,35063,767,vida,vida,35064,767,vid,vid
wil,main,M-pos/Hi-pos/Hf-slot/G-degem,isolated,0,34651,35145,769,vidyutvat,vidyutvat,35146,769,vidyutpriya,vidyutpriya
wil,main,M-pos/Hi-pos/Hf-slot/G-degem,isolated,0,34734,35230,771,viDeyamArga,vidheyamārga,35231,771,viDeyapada,vidheyapada
wil,main,M-pos/Hi-pos/Hf-slot/G-degem,isolated,0,34991,35487,777,viBAsita,vibhāsita,35488,777,biBitsu,bibhitsu
wil,main,M-pos/Hi-pos/Hf-slot/G-degem,isolated,0,35009,35505,778,viBedana,vibhedana,35506,778,biBrat,bibhrat
wil,main,M-pos/Hi-pos/Hf-slot/G-degem,isolated,0,35325,35822,785,vivftsitf,vivṛtsitṛ,35823,785,vivftti,vivṛtti
wil,main,M-pos/Hi-pos/Hf-slot/G-degem,isolated,0,35341,35838,786,viSa,viśa,35840,786,viS,viś
wil,main,M-pos/Hi-pos/Hf-slot/G-degem,isolated,0,35496,35994,789,viSvAsaprada,viśvāsaprada,35995,789,viSvAsapratipanna,viśvāsapratipanna
wil,main,M-pos/Hi-pos/Hf-slot/G-degem,isolated,0,35508,36006,790,viza,viṣa,36007,790,viz,viṣ
wil,main,M-pos/Hi-pos/Hf-slot/G-degem,isolated,0,35559,36057,791,vizamASana,viṣamāśana,36058,791,vizamAkza,viṣamākṣa
wil,main,M-pos/Hi-pos/Hf-slot/G-degem,isolated,0,35574,36072,791,vizayAtmaka,viṣayātmaka,36073,791,vizayavAsin,viṣayavāsin
wil,main,M-pos/Hi-pos/Hf-slot/G-degem,isolated,0,35625,36123,792,vizwaBa,viṣṭabha,36124,792,vizwabDa,viṣṭabdha
wil,main,M-pos/Hi-pos/Hf-slot/G-degem,isolated,0,35662,36160,793,visaMyoga,visaṃyoga,36161,793,visa,visa
wil,main,M-pos/Hi-pos/Hf-slot/G-degem,isolated,0,35835,36336,797,vItaMsa,vītaṃsa,36337,797,vIta,vīta
wil,main,M-pos/Hi-pos/Hf-slot/G-degem,isolated,0,35988,36493,801,vfttyarTam,vṛttyartham,36494,801,vfttyanuprAsa,vṛttyanuprāsa
wil,main,M-pos/Hi-pos/Hf-slot/G-degem,isolated,0,36143,36650,805,vegavattara,vegavattara,36651,805,vegavattama,vegavattama
wil,main,M-pos/Hi-pos/Hf-slot/G-degem,isolated,0,36212,36720,806,vedasaMhitA,vedasaṃhitā,36721,806,vedas,vedas
wil,main,M-pos/Hi-pos/Hf-slot/G-degem,isolated,0,36284,36795,808,veSaBft,veśabhṛt,36796,808,veSana,veśana
wil,main,M-pos/Hi-pos/Hf-slot/G-degem,isolated,0,36382,36895,811,vEDavya,vaidhavya,36896,811,vEDarmmya,vaidharmmya
wil,main,M-pos/Hi-pos/Hf-slot/G-degem,isolated,0,36436,36949,812,vElakzya,vailakṣya,36950,812,vElakzaRya,vailakṣaṇya
wil,main,M-pos/Hi-pos/Hf-slot/G-degem,isolated,0,36450,36963,812,vESezika,vaiśeṣika,36964,812,vESizwA,vaiśiṣṭā
wil,main,M-pos/Hi-pos/Hf-slot/G-degem,isolated,0,36523,37036,814,vyaYjita,vyañjita,37037,814,vyaYjijizu,vyañjijiṣu
wil,main,M-pos/Hi-pos/Hf-slot/G-degem,isolated,0,36554,37067,814,vyaDa,vyadha,37068,814,vyaGa,vyagha
wil,main,M-pos/Hi-pos/Hf-slot/G-degem,isolated,0,36727,37241,819,vyApin,vyāpin,37242,819,vyApAra,vyāpāra
wil,main,M-pos/Hi-pos/Hf-slot/G-degem,isolated,0,36782,37296,820,vyAhAra,vyāhāra,37297,820,vyAharaRa,vyāharaṇa
wil,main,M-pos/Hi-pos/Hf-slot/G-degem,isolated,0,36804,37318,821,vyUQoraska,vyūḍhoraska,37319,821,vyUQi,vyūḍhi
wil,main,M-pos/Hi-pos/Hf-slot/G-degem,isolated,0,36823,37337,821,vyomamudgara,vyomamudgara,37338,821,vyomamAya,vyomamāya
wil,main,M-pos/Hi-pos/Hf-slot/G-degem,isolated,0,37007,37526,826,SaNkuvfkza,śaṅkuvṛkṣa,37527,826,SaNkura,śaṅkura
wil,main,M-pos/Hi-pos/Hf-slot/G-degem,isolated,0,37324,37851,833,Sarmmavat,śarmmavat,37852,833,Sarmmara,śarmmara
wil,main,M-pos/Hi-pos/Hf-slot/G-degem,isolated,0,37330,37858,833,SarvvARI,śarvvāṇī,37859,833,SarvvarIka,śarvvarīka
wil,main,M-pos/Hi-pos/Hf-slot/G-degem,isolated,0,37460,37992,836,SAkavAleya,śākavāleya,37993,836,SAkamBarI,śākambharī
wil,main,M-pos/Hi-pos/Hf-slot/G-degem,isolated,0,37766,38305,843,SiTilita,śithilita,38306,843,SiTilabala,śithilabala
wil,main,M-pos/Hi-pos/Hf-slot/G-degem,isolated,0,37954,38495,848,SItakfcCra,śītakṛcchra,38496,848,SItakumBa,śītakumbha
wil,main,M-pos/Hi-pos/Hf-slot/G-degem,isolated,0,37995,38536,849,SItya,śītya,38537,849,SItkAra,śītkāra
wil,main,M-pos/Hi-pos/Hf-slot/G-degem,isolated,0,38035,38577,849,SuMSumAra,śuṃśumāra,38578,849,Su,śu
wil,main,M-pos/Hi-pos/Hf-slot/G-degem,isolated,0,38071,38614,850,Sukriya,śukriya,38615,850,SukraSizya,śukraśiṣya
wil,main,M-pos/Hi-pos/Hf-slot/G-degem,isolated,0,38096,38639,851,Suca,śuca,38640,851,Suc,śuc
wil,main,M-pos/Hi-pos/Hf-slot/G-degem,isolated,0,38107,38650,851,SuwIryya,śuṭīryya,38651,851,SuwIratA,śuṭīratā
wil,main,M-pos/Hi-pos/Hf-slot/G-degem,isolated,0,38243,38792,854,SUdrAvedin,śūdrāvedin,38793,854,SUdrABAryya,śūdrābhāryya
wil,main,M-pos/Hi-pos/Hf-slot/G-degem,isolated,0,38467,39019,859,SOceya,śauceya,39020,859,SOcepsu,śaucepsu
wil,main,M-pos/Hi-pos/Hf-slot/G-degem,isolated,0,38477,39029,859,SOdra,śaudra,39030,859,SOdDodani,śauddhodani
wil,main,M-pos/Hi-pos/Hf-slot/G-degem,isolated,0,38695,39251,865,SrutimUla,śrutimūla,39252,865,SrutimaRqala,śrutimaṇḍala
wil,main,M-pos/Hi-pos/Hf-slot/G-degem,isolated,0,38727,39284,865,Srotas,śrotas,39285,865,Srotavya,śrotavya
wil,main,M-pos/Hi-pos/Hf-slot/G-degem,isolated,0,38805,39366,867,Svasa,śvasa,39367,867,Svas,śvas
wil,main,M-pos/Hi-pos/Hf-slot/G-degem,isolated,0,38865,39426,868,SvetaraTa,śvetaratha,39427,868,SvetaraYjana,śvetarañjana
wil,main,M-pos/Hi-pos/Hf-slot/G-degem,isolated,0,38914,39476,869,zaqftu,ṣaḍṛtu,39477,870,zaNgava,ṣaṅgava
wil,main,M-pos/Hi-pos/Hf-slot/G-degem,isolated,0,39218,39782,876,saMsismayizamARa,saṃsismayiṣamāṇa,39783,876,saMsisfkzu,saṃsisṛkṣu
wil,main,M-pos/Hi-pos/Hf-slot/G-degem,isolated,0,39241,39805,877,saMstara,saṃstara,39806,877,saMstabDa,saṃstabdha
wil,main,M-pos/Hi-pos/Hf-slot/G-degem,isolated,0,39244,39808,877,saMstamBanIya,saṃstambhanīya,39809,877,saMstaBya,saṃstabhya
wil,main,M-pos/Hi-pos/Hf-slot/G-degem,isolated,0,39298,39862,879,sakarmman,sakarmman,39863,879,sakarmmaka,sakarmmaka
wil,main,M-pos/Hi-pos/Hf-slot/G-degem,isolated,1,39489,40056,883,saYjvArin,sañjvārin,40057,883,saMjYa,saṃjña
wil,main,M-pos/Hi-pos/Hf-slot/G-degem,isolated,0,39520,40088,884,satkarmman,satkarmman,40089,884,satkadamba,satkadamba
wil,main,M-pos/Hi-pos/Hf-slot/G-degem,isolated,0,39531,40099,884,satra,satra,40100,884,sattra,sattra
wil,main,M-pos/Hi-pos/Hf-slot/G-degem,isolated,0,39606,40174,886,sadaMSavadana,sadaṃśavadana,40175,886,sada,sada
wil,main,M-pos/Hi-pos/Hf-slot/G-degem,isolated,0,39630,40198,887,sadABavya,sadābhavya,40199,887,sadABadrA,sadābhadrā
wil,main,M-pos/Hi-pos/Hf-slot/G-degem,isolated,0,39646,40214,887,sadman,sadman,40215,887,sadmaciti,sadmaciti
wil,main,M-pos/Hi-pos/Hf-slot/G-degem,isolated,0,39660,40228,887,saDarmman,sadharmman,40229,887,saDarmmacAriRI,sadharmmacāriṇī
wil,main,M-pos/Hi-pos/Hf-slot/G-degem,isolated,0,39676,40244,888,sanAtana,sanātana,40245,888,sanAt,sanāt
wil,main,M-pos/Hi-pos/Hf-slot/G-degem,isolated,0,39729,40297,889,sandigDamati,sandigdhamati,40298,889,sandigDaniScaya,sandigdhaniścaya
wil,main,M-pos/Hi-pos/Hf-slot/G-degem,isolated,0,39742,40310,889,sandfzwa,sandṛṣṭa,40311,889,sandfSyamAna,sandṛśyamāna
wil,main,M-pos/Hi-pos/Hf-slot/G-degem,isolated,0,39827,40395,891,sanniveSa,sanniveśa,40396,891,sannivftta,sannivṛtta
wil,main,M-pos/Hi-pos/Hf-slot/G-degem,isolated,0,39834,40402,891,sanmArga,sanmārga,40403,891,sannyasana,sannyasana
wil,main,M-pos/Hi-pos/Hf-slot/G-degem,isolated,0,39843,40411,892,sapatrAkfti,sapatrākṛti,40412,892,sapatna,sapatna
wil,main,M-pos/Hi-pos/Hf-slot/G-degem,isolated,0,39926,40494,894,samatriBuja,samatribhuja,40495,894,samatIta,samatīta
wil,main,M-pos/Hi-pos/Hf-slot/G-degem,isolated,0,39988,40556,895,samavarttin,samavarttin,40557,895,samavanata,samavanata
wil,main,M-pos/Hi-pos/Hf-slot/G-degem,isolated,0,39996,40564,895,samavAyin,samavāyin,40565,895,samavAyikAraRa,samavāyikāraṇa
wil,main,M-pos/Hi-pos/Hf-slot/G-degem,isolated,0,40073,40641,897,samAyuta,samāyuta,40642,897,samAmnAya,samāmnāya
wil,main,M-pos/Hi-pos/Hf-slot/G-degem,isolated,0,40112,40680,898,samAsavat,samāsavat,40681,898,samAsarjaRa,samāsarjaṇa
wil,main,M-pos/Hi-pos/Hf-slot/G-degem,isolated,0,40147,40715,899,samIkriyA,samīkriyā,40716,899,samIkfta,samīkṛta
wil,main,M-pos/Hi-pos/Hf-slot/G-degem,isolated,0,40348,40916,903,sampraSna,sampraśna,40917,903,sampravftta,sampravṛtta
wil,main,M-pos/Hi-pos/Hf-slot/G-degem,isolated,0,40447,41016,906,samyac,samyac,41017,906,samyagukta,samyagukta
wil,main,M-pos/Hi-pos/Hf-slot/G-degem,isolated,0,40680,41252,911,sarvvASraya,sarvvāśraya,41253,911,sarvvASramin,sarvvāśramin
wil,main,M-pos/Hi-pos/Hf-slot/G-degem,isolated,0,40763,41335,912,sasveda,sasveda,41336,913,sastri,sastri
wil,main,M-pos/Hi-pos/Hf-slot/G-degem,isolated,0,40923,41495,916,sAtisAra,sātisāra,41496,916,sAtilaka,sātilaka
wil,main,M-pos/Hi-pos/Hf-slot/G-degem,isolated,0,41015,41588,918,sAnvaya,sānvaya,41589,918,sAnnyAsika,sānnyāsika
wil,main,M-pos/Hi-pos/Hf-slot/G-degem,isolated,0,41051,41625,919,sAmiBukta,sāmibhukta,41626,919,sAmipIta,sāmipīta
wil,main,M-pos/Hi-pos/Hf-slot/G-degem,isolated,0,41052,41626,919,sAmipIta,sāmipīta,41627,919,sAmiDenya,sāmidhenya
wil,main,M-pos/Hi-pos/Hf-slot/G-degem,isolated,1,41122,41696,921,sArpizka,sārpiṣka,41697,921,sArppa,sārppa
wil,main,M-pos/Hi-pos/Hf-slot/G-degem,isolated,0,41166,41740,922,sAvarRi,sāvarṇi,41741,922,sAvarRalakzya,sāvarṇalakṣya
wil,main,M-pos/Hi-pos/Hf-slot/G-degem,isolated,0,41214,41788,923,siMhavikrAnta,siṃhavikrānta,41789,923,siMhala,siṃhala
wil,main,M-pos/Hi-pos/Hf-slot/G-degem,isolated,0,41267,41841,924,sitANka,sitāṅka,41842,924,sitAgra,sitāgra
wil,main,M-pos/Hi-pos/Hf-slot/G-degem,isolated,0,41278,41852,924,sitASva,sitāśva,41853,924,sitAlikA,sitālikā
wil,main,M-pos/Hi-pos/Hf-slot/G-degem,isolated,0,41516,42092,929,sutaNgama,sutaṅgama,42093,929,sujYAta,sujñāta
wil,main,M-pos/Hi-pos/Hf-slot/G-degem,isolated,0,41566,42142,930,sudfS,sudṛś,42143,930,sudfQa,sudṛḍha
wil,main,M-pos/Hi-pos/Hf-slot/G-degem,isolated,0,41632,42208,932,suparvvan,suparvvan,42209,932,suparyyApta,suparyyāpta
wil,main,M-pos/Hi-pos/Hf-slot/G-degem,isolated,0,41692,42268,933,suBogIna,subhogīna,42269,933,suBErava,subhairava
wil,main,M-pos/Hi-pos/Hf-slot/G-degem,isolated,0,41709,42285,934,sumantrita,sumantrita,42286,934,sumantu,sumantu
wil,main,M-pos/Hi-pos/Hf-slot/G-degem,isolated,0,41749,42326,935,suradviz,suradviṣ,42327,935,suradruma,suradruma
wil,main,M-pos/Hi-pos/Hf-slot/G-degem,isolated,0,41871,42448,937,suvidita,suvidita,42449,937,suvid,suvid
wil,main,M-pos/Hi-pos/Hf-slot/G-degem,isolated,0,41920,42497,938,suzWu,suṣṭhu,42498,938,suSma,suśma
wil,main,M-pos/Hi-pos/Hf-slot/G-degem,isolated,0,41926,42503,938,susavI,susavī,42504,938,susampad,susampad
wil,main,M-pos/Hi-pos/Hf-slot/G-degem,isolated,0,41940,42517,938,susvapna,susvapna,42518,938,susnAta,susnāta
wil,main,M-pos/Hi-pos/Hf-slot/G-degem,isolated,0,41979,42557,939,sUciKAta,sūcikhāta,42558,939,sUcikAmuKa,sūcikāmukha
wil,main,M-pos/Hi-pos/Hf-slot/G-degem,isolated,0,41989,42567,940,sUcImuKa,sūcīmukha,42568,940,sUcIBedya,sūcībhedya
wil,main,M-pos/Hi-pos/Hf-slot/G-degem,isolated,0,42006,42584,940,sUttara,sūttara,42585,940,sUtta,sūtta
wil,main,M-pos/Hi-pos/Hf-slot/G-degem,isolated,0,42019,42598,940,sUtratarkuwI,sūtratarkuṭī,42599,940,sUtratantu,sūtratantu
wil,main,M-pos/Hi-pos/Hf-slot/G-degem,isolated,0,42101,42682,942,sfja,sṛja,42683,942,sfj,sṛj
wil,main,M-pos/Hi-pos/Hf-slot/G-degem,isolated,0,42104,42685,942,sfRi,sṛṇi,42686,942,sfjyamAna,sṛjyamāna
wil,main,M-pos/Hi-pos/Hf-slot/G-degem,isolated,0,42244,42827,945,somasutvan,somasutvan,42828,945,somasutA,somasutā
wil,main,M-pos/Hi-pos/Hf-slot/G-degem,isolated,0,42369,42953,948,sKalanmati,skhalanmati,42954,948,sKalana,skhalana
wil,main,M-pos/Hi-pos/Hf-slot/G-degem,isolated,0,42430,43017,950,stfMha,stṛṃha,43018,950,stf,stṛ
wil,main,M-pos/Hi-pos/Hf-slot/G-degem,isolated,0,42460,43049,950,strIGna,strīghna,43050,950,strIGoza,strīghoṣa
wil,main,M-pos/Hi-pos/Hf-slot/G-degem,isolated,0,42667,43259,955,sniwa,sniṭa,43260,955,snigDa,snigdha
wil,main,M-pos/Hi-pos/Hf-slot/G-degem,isolated,0,42669,43261,955,snigDatA,snigdhatā,43262,955,snigDataRqula,snigdhataṇḍula
wil,main,M-pos/Hi-pos/Hf-slot/G-degem,isolated,0,42725,43320,956,spfSa,spṛśa,43321,956,spfS,spṛś
wil,main,M-pos/Hi-pos/Hf-slot/G-degem,isolated,0,42737,43332,956,spfhA,spṛhā,43333,956,spfhanIya,spṛhanīya
wil,main,M-pos/Hi-pos/Hf-slot/G-degem,isolated,0,42952,43553,961,svagfha,svagṛha,43554,961,svagupta,svagupta
wil,main,M-pos/Hi-pos/Hf-slot/G-degem,isolated,0,42989,43590,961,svaDarmmasTa,svadharmmastha,43591,961,svaDarmmasKalana,svadharmmaskhalana
wil,main,M-pos/Hi-pos/Hf-slot/G-degem,isolated,0,43040,43642,962,svara,svara,43643,962,svar,svar
wil,main,M-pos/Hi-pos/Hf-slot/G-degem,isolated,0,43064,43666,963,svargata,svargata,43667,963,svargagamana,svargagamana
wil,main,M-pos/Hi-pos/Hf-slot/G-degem,isolated,0,43078,43680,963,svargArohaRa,svargārohaṇa,43681,963,svargArUQa,svargārūḍha
wil,main,M-pos/Hi-pos/Hf-slot/G-degem,isolated,0,43188,43791,965,svAmin,svāmin,43792,965,svAmikAryya,svāmikāryya
wil,main,M-pos/Hi-pos/Hf-slot/G-degem,isolated,0,43243,43846,966,svEravftta,svairavṛtta,43847,967,svEratA,svairatā
wil,main,M-pos/Hi-pos/Hf-slot/G-degem,isolated,0,43508,44117,972,hastikarRadala,hastikarṇadala,44118,972,hastikanda,hastikanda
wil,main,M-pos/Hi-pos/Hf-slot/G-degem,isolated,0,43671,44282,976,himAnI,himānī,44283,976,himAnila,himānila
wil,main,M-pos/Hi-pos/Hf-slot/G-degem,isolated,0,43730,44341,977,hurcCa,hurccha,44342,977,huta,huta
wil,main,M-pos/Hi-pos/Hf-slot/G-degem,isolated,0,43915,44528,981,hrasizWa,hrasiṣṭha,44529,981,hrasiman,hrasiman
wil,main,M-pos/Hi-pos/Hf-slot/G-degem,isolated,0,43944,44559,981,hrepita,hrepita,44560,981,hruqa,hruḍa
skd,main,M-pos/Hi-pos/Hf-slot/G-degem,isolated,1,1,3,1-001-a,aH,aḥ,4,1-001-b,afRI,aṛṇī
skd,main,M-pos/Hi-pos/Hf-slot/G-degem,isolated,0,13,15,1-001-c,aMSumatPalA,aṃśumatphalā,16,1-001-c,aMSumatI,aṃśumatī
skd,main,M-pos/Hi-pos/Hf-slot/G-degem,isolated,0,88,92,1-004-a,akravyAdaH,akravyādaḥ,93,1-004-b,akramaH,akramaḥ
skd,main,M-pos/Hi-pos/Hf-slot/G-degem,isolated,1,124,130,1-005-c,akzaraH,akṣaraḥ,131,1-005-c,akzaraM,akṣaraṃ
skd,main,M-pos/Hi-pos/Hf-slot/G-degem,isolated,0,134,140,1-006-a,akzaravinyAsaH,akṣaravinyāsaḥ,141,1-006-a,akzaramuKaH,akṣaramukhaḥ
skd,main,M-pos/Hi-pos/Hf-slot/G-degem,isolated,0,152,158,1-006-c,akzIvaM,akṣīvaṃ,159,1-006-c,akzIbaH,akṣībaḥ
skd,main,M-pos/Hi-pos/Hf-slot/G-degem,isolated,0,184,192,1-007-c,agarhitaH,agarhitaḥ,193,1-007-c,agaru,agaru
skd,main,M-pos/Hi-pos/Hf-slot/G-degem,isolated,1,190,198,1-008-a,agADaH,agādhaḥ,199,1-008-a,agADaM,agādhaṃ
skd,main,M-pos/Hi-pos/Hf-slot/G-degem,isolated,0,219,227,1-009-b,agnijvAlA,agnijvālā,228,1-009-b,agnijihvA,agnijihvā
skd,main,M-pos/Hi-pos/Hf-slot/G-degem,isolated,0,227,235,1-009-c,agnivardDanaM,agnivarddhanaṃ,236,1-009-c,agniBaM,agnibhaṃ
skd,main,M-pos/Hi-pos/Hf-slot/G-degem,isolated,0,241,249,1-010-a,agnivAhaH,agnivāhaḥ,250,1-010-a,agnibAhuH,agnibāhuḥ
skd,main,M-pos/Hi-pos/Hf-slot/G-degem,isolated,0,373,386,1-015-a,aNgAratElaM,aṅgāratailaṃ,387,1-015-a,aNgArakamaRiH,aṅgārakamaṇiḥ
skd,main,M-pos/Hi-pos/Hf-slot/G-degem,isolated,0,499,517,1-019-b,ajInapatrI,ajīnapatrī,518,1-019-b,ajinayoniH,ajinayoniḥ
skd,main,M-pos/Hi-pos/Hf-slot/G-degem,isolated,0,510,528,1-022-c,ajyezWavfttiH,ajyeṣṭhavṛttiḥ,529,1-023-a,ajEkapAt,ajaikapāt
skd,main,M-pos/Hi-pos/Hf-slot/G-degem,isolated,1,587,610,1-025-b,ataH,ataḥ,611,1-025-b,ataeva,ataeva
skd,main,M-pos/Hi-pos/Hf-slot/G-degem,isolated,0,626,650,1-026-c,atipanTAH,atipanthāḥ,651,1-026-c,atipatraH,atipatraḥ
skd,main,M-pos/Hi-pos/Hf-slot/G-degem,isolated,0,664,689,1-030-c,atisArakI,atisārakī,690,1-030-c,atisAmyA,atisāmyā
skd,main,M-pos/Hi-pos/Hf-slot/G-degem,isolated,1,688,714,1-031-b,atyantagAmI,atyantagāmī,715,1-031-c,atyantaH,atyantaḥ
skd,main,M-pos/Hi-pos/Hf-slot/G-degem,isolated,0,752,780,1-035-b,adButasvanaH,adbhutasvanaḥ,781,1-035-b,adButasAraH,adbhutasāraḥ
skd,main,M-pos/Hi-pos/Hf-slot/G-degem,isolated,0,780,809,1-036-a,aDaHpuzpI,adhaḥpuṣpī,810,1-036-b,aDaHkziptaH,adhaḥkṣiptaḥ
skd,main,M-pos/Hi-pos/Hf-slot/G-degem,isolated,0,823,855,1-038-a,aDimAsaH,adhimāsaḥ,856,1-038-a,aDimAMsakaH,adhimāṃsakaḥ
skd,main,M-pos/Hi-pos/Hf-slot/G-degem,isolated,0,834,866,1-039-b,aDizWAnaM,adhiṣṭhānaṃ,867,1-039-b,aDikziptaH,adhikṣiptaḥ
skd,main,M-pos/Hi-pos/Hf-slot/G-degem,isolated,0,859,891,1-040-a,aDovAyuH,adhovāyuḥ,892,1-040-a,aDokzajaH,adhokṣajaḥ
skd,main,M-pos/Hi-pos/Hf-slot/G-degem,isolated,0,865,897,1-040-b,aDyaSanaM,adhyaśanaṃ,898,1-040-b,aDyakzaH,adhyakṣaḥ
skd,main,M-pos/Hi-pos/Hf-slot/G-degem,isolated,0,953,989,1-045-b,anahaNkftiH,anahaṅkṛtiḥ,990,1-045-b,anakzaH,anakṣaḥ
skd,main,M-pos/Hi-pos/Hf-slot/G-degem,isolated,0,1018,1056,1-047-b,anilAmayaH,anilāmayaḥ,1057,1-047-b,anirlocitaH,anirlocitaḥ
skd,main,M-pos/Hi-pos/Hf-slot/G-degem,isolated,0,1025,1063,1-047-c,anizpannaH,aniṣpannaḥ,1064,1-047-c,anikzuH,anikṣuḥ
skd,main,M-pos/Hi-pos/Hf-slot/G-degem,isolated,0,1052,1091,1-048-c,anugavInaH,anugavīnaḥ,1092,1-048-c,anugamaH,anugamaḥ
skd,main,M-pos/Hi-pos/Hf-slot/G-degem,isolated,0,1093,1132,1-050-b,anuBUtiH,anubhūtiḥ,1133,1-050-b,anuBUtAdyavismftiH,anubhūtādyavismṛtiḥ
skd,main,M-pos/Hi-pos/Hf-slot/G-degem,isolated,0,1145,1185,1-052-b,anuhAra,anuhāra,1186,1-052-b,anukzaRaM,anukṣaṇaṃ
skd,main,M-pos/Hi-pos/Hf-slot/G-degem,isolated,0,1194,1239,1-054-a,antaritaM,antaritaṃ,1240,1-054-a,antarikzaM,antarikṣaṃ
skd,main,M-pos/Hi-pos/Hf-slot/G-degem,isolated,0,1197,1242,1-054-a,antarIyaM,antarīyaṃ,1243,1-054-a,antarIkzaM,antarīkṣaṃ
skd,main,M-pos/Hi-pos/Hf-slot/G-degem,isolated,1,1210,1255,1-054-b,antardDiH,antarddhiḥ,1256,1-054-b,antardvAraM,antardvāraṃ
skd,main,M-pos/Hi-pos/Hf-slot/G-degem,isolated,0,1305,1353,1-061-c,anvazwakA,anvaṣṭakā,1354,1-061-c,anvakzaH,anvakṣaḥ
skd,main,M-pos/Hi-pos/Hf-slot/G-degem,isolated,0,1373,1421,1-064-a,aparatvaM,aparatvaṃ,1422,1-064-a,aparatiH,aparatiḥ
skd,main,M-pos/Hi-pos/Hf-slot/G-degem,isolated,0,1473,1521,1-068-b,apAstaM,apāstaṃ,1522,1-068-b,apAkzaM,apākṣaṃ
skd,main,M-pos/Hi-pos/Hf-slot/G-degem,isolated,0,1492,1541,1-069-a,apeyaM,apeyaṃ,1542,1-069-a,apekzaRIyaM,apekṣaṇīyaṃ
skd,main,M-pos/Hi-pos/Hf-slot/G-degem,isolated,0,1518,1567,1-070-a,apratyayaH,apratyayaḥ,1568,1-070-a,apratyakzaH,apratyakṣaḥ
skd,main,M-pos/Hi-pos/Hf-slot/G-degem,isolated,0,1591,1641,1-072-a,aBayA,abhayā,1642,1-072-a,aBakzyaM,abhakṣyaṃ
skd,main,M-pos/Hi-pos/Hf-slot/G-degem,isolated,1,1673,1724,1-075-c,aBizavaH,abhiṣavaḥ,1725,1-075-c,aBizavaM,abhiṣavaṃ
skd,main,M-pos/Hi-pos/Hf-slot/G-degem,isolated,0,1700,1754,1-078-b,aBIzwA,abhīṣṭā,1755,1-078-b,aBIkzRaM,abhīkṣṇaṃ
skd,main,M-pos/Hi-pos/Hf-slot/G-degem,isolated,0,1708,1763,1-078-c,aByaNgaH,abhyaṅgaḥ,1764,1-078-c,aByaNkzaH,abhyaṅkṣaḥ
skd,main,M-pos/Hi-pos/Hf-slot/G-degem,isolated,0,1772,1827,1-081-b,ama,ama,1829,1-081-b,am,am
skd,main,M-pos/Hi-pos/Hf-slot/G-degem,isolated,0,1825,1883,1-085-c,amUrttaH,amūrttaḥ,1884,1-085-c,amUdfSaH,amūdṛśaḥ
skd,main,M-pos/Hi-pos/Hf-slot/G-degem,isolated,0,1837,1895,1-086-b,amftavallI,amṛtavallī,1896,1-086-b,amftarasA,amṛtarasā
skd,main,M-pos/Hi-pos/Hf-slot/G-degem,isolated,0,1969,2029,1-091-c,ayAnayInaH,ayānayīnaḥ,2030,1-091-c,ayantritaH,ayantritaḥ
skd,main,M-pos/Hi-pos/Hf-slot/G-degem,isolated,1,2196,2270,1-108-a,arbbudaH,arbbudaḥ,2271,1-108-c,arbbuda,arbbuda
skd,main,M-pos/Hi-pos/Hf-slot/G-degem,isolated,0,2244,2323,1-119-a,alaNkriyA,alaṅkriyā,2324,1-119-a,alaNkftaH,alaṅkṛtaḥ
skd,main,M-pos/Hi-pos/Hf-slot/G-degem,isolated,0,2259,2339,1-120-a,alasekzaRA,alasekṣaṇā,2340,1-120-a,alakzaRaM,alakṣaṇaṃ
skd,main,M-pos/Hi-pos/Hf-slot/G-degem,isolated,0,2263,2343,1-120-b,alAvuH,alāvuḥ,2344,1-120-b,alAraM,alāraṃ
skd,main,M-pos/Hi-pos/Hf-slot/G-degem,isolated,1,2367,2450,1-124-b,avadAtaH,avadātaḥ,2451,1-124-b,avadAtaM,avadātaṃ
skd,main,M-pos/Hi-pos/Hf-slot/G-degem,isolated,0,2383,2467,1-125-a,avaDUtaH,avadhūtaḥ,2468,1-125-c,abaDyaM,abadhyaṃ
skd,main,M-pos/Hi-pos/Hf-slot/G-degem,isolated,0,2400,2484,1-126-b,avantI,avantī,2485,1-126-b,abanDyaH,abandhyaḥ
skd,main,M-pos/Hi-pos/Hf-slot/G-degem,isolated,1,2405,2489,1-126-c,avamaH,avamaḥ,2490,1-126-c,avamaM,avamaṃ
skd,main,M-pos/Hi-pos/Hf-slot/G-degem,isolated,1,2418,2502,1-127-a,avaraH,avaraḥ,2503,1-127-a,avaraM,avaraṃ
skd,main,M-pos/Hi-pos/Hf-slot/G-degem,isolated,0,2442,2527,1-127-c,avalambitaM,avalambitaṃ,2528,1-127-c,avalakzaH,avalakṣaḥ
skd,main,M-pos/Hi-pos/Hf-slot/G-degem,isolated,1,2454,2539,1-128-c,avalokitaH,avalokitaḥ,2540,1-128-c,avalokitaM,avalokitaṃ
skd,main,M-pos/Hi-pos/Hf-slot/G-degem,isolated,1,2468,2553,1-129-a,avasaH,avasaḥ,2554,1-129-a,avasaM,avasaṃ
skd,main,M-pos/Hi-pos/Hf-slot/G-degem,isolated,0,2504,2589,1-130-a,avahelitaM,avahelitaṃ,2590,1-130-a,avakzutaM,avakṣutaṃ
skd,main,M-pos/Hi-pos/Hf-slot/G-degem,isolated,0,2531,2616,1-131-a,avAstavaM,avāstavaṃ,2617,1-131-a,avAkzaH,avākṣaḥ
skd,main,M-pos/Hi-pos/Hf-slot/G-degem,isolated,1,2534,2620,1-131-a,avikawaH,avikaṭaḥ,2622,1-131-a,avikaM,avikaṃ
skd,main,M-pos/Hi-pos/Hf-slot/G-degem,isolated,0,2601,2689,1-134-c,avelA,avelā,2690,1-134-c,avekzaRaM,avekṣaṇaṃ
skd,main,M-pos/Hi-pos/Hf-slot/G-degem,isolated,0,2607,2695,1-134-c,avoDaH,avodhaḥ,2696,1-134-c,avokzaRaM,avokṣaṇaṃ
skd,main,M-pos/Hi-pos/Hf-slot/G-degem,isolated,0,2608,2696,1-134-c,avokzaRaM,avokṣaṇaṃ,2697,1-135-a,abdaH,abdaḥ
skd,main,M-pos/Hi-pos/Hf-slot/G-degem,isolated,1,2610,2698,1-135-a,avyaktaH,avyaktaḥ,2699,1-135-a,avyaktaM,avyaktaṃ
skd,main,M-pos/Hi-pos/Hf-slot/G-degem,isolated,0,2640,2729,1-136-b,aSakyaM,aśakyaṃ,2730,1-136-b,aSaktaM,aśaktaṃ
skd,main,M-pos/Hi-pos/Hf-slot/G-degem,isolated,0,2658,2747,1-136-c,aSiSvI,aśiśvī,2748,1-136-c,aSikzitaM,aśikṣitaṃ
skd,main,M-pos/Hi-pos/Hf-slot/G-degem,isolated,0,2758,2850,1-147-a,aSvavit,aśvavit,2851,1-147-a,aSvavadyaH,aśvavadyaḥ
skd,main,M-pos/Hi-pos/Hf-slot/G-degem,isolated,0,2770,2862,1-147-b,aSvAvarohakaH,aśvāvarohakaḥ,2863,1-147-b,aSvAkzaH,aśvākṣaḥ
skd,main,M-pos/Hi-pos/Hf-slot/G-degem,isolated,0,2826,2920,1-151-c,asatIsUnuH,asatīsūnuḥ,2921,1-151-c,asat,asat
skd,main,M-pos/Hi-pos/Hf-slot/G-degem,isolated,0,2834,2928,1-152-a,asanaparRI,asanaparṇī,2929,1-152-a,asan,asan
skd,main,M-pos/Hi-pos/Hf-slot/G-degem,isolated,1,2859,2954,1-153-a,asAraH,asāraḥ,2955,1-153-a,asAraM,asāraṃ
skd,main,M-pos/Hi-pos/Hf-slot/G-degem,isolated,0,2860,2955,1-153-a,asAraM,asāraṃ,2957,1-153-b,asAkzAt,asākṣāt
skd,main,M-pos/Hi-pos/Hf-slot/G-degem,isolated,0,2901,2998,1-154-b,asusTaH,asusthaḥ,2999,1-154-c,asukzaRaM,asukṣaṇaṃ
skd,main,M-pos/Hi-pos/Hf-slot/G-degem,isolated,0,2904,3001,1-154-c,asUryyampaSyA,asūryyampaśyā,3002,1-154-c,asUrkzaRam,asūrkṣaṇam
skd,main,M-pos/Hi-pos/Hf-slot/G-degem,isolated,0,2905,3002,1-154-c,asUrkzaRam,asūrkṣaṇam,3003,1-154-c,asUkzaRaM,asūkṣaṇaṃ
skd,main,M-pos/Hi-pos/Hf-slot/G-degem,isolated,1,2915,3012,1-155-a,astaH,astaḥ,3013,1-155-a,astaM,astaṃ
skd,main,M-pos/Hi-pos/Hf-slot/G-degem,isolated,1,2970,3069,1-156-c,asraH,asraḥ,3070,1-156-c,asraM,asraṃ
skd,main,M-pos/Hi-pos/Hf-slot/G-degem,isolated,1,3019,3120,1-159-b,ahAryyaH,ahāryyaḥ,3121,1-159-b,ahAryyaM,ahāryyaṃ
skd,main,M-pos/Hi-pos/Hf-slot/G-degem,isolated,1,3021,3122,1-159-b,ahiH,ahiḥ,3123,1-159-b,ahiMsrA,ahiṃsrā
skd,main,M-pos/Hi-pos/Hf-slot/G-degem,isolated,0,3168,3271,1-166-c,ArGyaM,ārghyaṃ,3272,1-166-c,AN,āṅ
skd,main,M-pos/Hi-pos/Hf-slot/G-degem,isolated,0,3271,3375,1-172-a,AtmavIraH,ātmavīraḥ,3376,1-172-b,AtmaBUH,ātmabhūḥ
skd,main,M-pos/Hi-pos/Hf-slot/G-degem,isolated,0,3404,3512,1-177-c,ApatikaH,āpatikaḥ,3513,1-177-c,Apat,āpat
skd,main,M-pos/Hi-pos/Hf-slot/G-degem,isolated,0,3416,3524,1-178-a,ApastamvaH,āpastamvaḥ,3525,1-178-a,ApastamBinI,āpastambhinī
skd,main,M-pos/Hi-pos/Hf-slot/G-degem,isolated,0,3450,3562,1-179-a,AplutavratI,āplutavratī,3563,1-179-a,AGA,āghā
skd,main,M-pos/Hi-pos/Hf-slot/G-degem,isolated,0,3477,3589,1-179-c,ABIlaH,ābhīlaḥ,3590,1-179-c,ABIkzRaM,ābhīkṣṇaṃ
skd,main,M-pos/Hi-pos/Hf-slot/G-degem,isolated,0,3553,3667,1-187-a,AyurvvedI,āyurvvedī,3668,1-187-a,AyuryogaH,āyuryogaḥ
skd,main,M-pos/Hi-pos/Hf-slot/G-degem,isolated,0,3689,3809,1-193-a,AvarttanI,āvarttanī,3810,1-193-a,AvarttanamaRiH,āvarttanamaṇiḥ
skd,main,M-pos/Hi-pos/Hf-slot/G-degem,isolated,0,3694,3814,1-193-a,AvalI,āvalī,3815,1-193-a,AbalyaM,ābalyaṃ
skd,main,M-pos/Hi-pos/Hf-slot/G-degem,isolated,1,3752,3872,1-194-c,ASIH,āśīḥ,3873,1-194-c,ASI,āśī
skd,main,M-pos/Hi-pos/Hf-slot/G-degem,isolated,1,3756,3876,1-194-c,ASuH,āśuḥ,3877,1-194-c,ASu,āśu
skd,main,M-pos/Hi-pos/Hf-slot/G-degem,isolated,1,3793,3914,1-196-a,AsaktaH,āsaktaḥ,3915,1-196-a,AsaktaM,āsaktaṃ
skd,main,M-pos/Hi-pos/Hf-slot/G-degem,isolated,1,3814,3935,1-197-b,AsuraH,āsuraḥ,3936,1-197-b,AsuraM,āsuraṃ
skd,main,M-pos/Hi-pos/Hf-slot/G-degem,isolated,0,3941,4074,1-204-b,iwa,iṭa,4075,1-204-b,iw,iṭ
skd,main,M-pos/Hi-pos/Hf-slot/G-degem,isolated,0,4040,4174,1-212-a,indravfdDA,indravṛddhā,4175,1-212-a,indravfkzaH,indravṛkṣaḥ
skd,main,M-pos/Hi-pos/Hf-slot/G-degem,isolated,0,4115,4254,1-214-c,izwikA,iṣṭikā,4255,1-215-a,izwakApaTaM,iṣṭakāpathaṃ
skd,main,M-pos/Hi-pos/Hf-slot/G-degem,isolated,0,4136,4279,1-215-c,IKa,īkha,4280,1-215-c,Ikza,īkṣa
skd,main,M-pos/Hi-pos/Hf-slot/G-degem,isolated,1,4321,4476,1-223-b,utkalaH,utkalaḥ,4477,1-223-b,utkalaM,utkalaṃ
skd,main,M-pos/Hi-pos/Hf-slot/G-degem,isolated,0,4328,4483,1-223-c,utkUwaM,utkūṭaṃ,4484,1-223-c,utkuRaH,utkuṇaḥ
skd,main,M-pos/Hi-pos/Hf-slot/G-degem,isolated,0,4433,4591,1-228-a,utprekzA,utprekṣā,4592,1-228-a,utaplavanaM,utaplavanaṃ
skd,main,M-pos/Hi-pos/Hf-slot/G-degem,isolated,0,4496,4654,1-233-a,udaravyADiH,udaravyādhiḥ,4655,1-233-a,udararogaH,udararogaḥ
skd,main,M-pos/Hi-pos/Hf-slot/G-degem,isolated,1,4572,4732,1-241-a,udDataH,uddhataḥ,4733,1-241-a,udDataM,uddhataṃ
skd,main,M-pos/Hi-pos/Hf-slot/G-degem,isolated,1,4582,4742,1-241-b,udDAraH,uddhāraḥ,4743,1-241-b,udDAraM,uddhāraṃ
skd,main,M-pos/Hi-pos/Hf-slot/G-degem,isolated,1,4884,5052,1-262-b,upAMSuH,upāṃśuḥ,5053,1-262-b,upAMSu,upāṃśu
skd,main,M-pos/Hi-pos/Hf-slot/G-degem,isolated,0,5030,5204,1-275-b,uSIk,uśīk,5205,1-275-b,uSik,uśik
skd,main,M-pos/Hi-pos/Hf-slot/G-degem,isolated,0,5231,5418,1-288-c,fzIkaH,ṛṣīkaḥ,5419,1-288-c,fzikulyA,ṛṣikulyā
skd,main,M-pos/Hi-pos/Hf-slot/G-degem,isolated,0,5529,5733,1-315-b,OzmyaM,auṣmyaṃ,5734,1-315-b,aM,aṃ
skd,main,M-pos/Hi-pos/Hf-slot/G-degem,isolated,1,5534,5740,2-001-c,kaH,kaḥ,5742,2-002-a,kaMSaH,kaṃśaḥ
skd,main,M-pos/Hi-pos/Hf-slot/G-degem,isolated,0,5554,5762,2-003-a,kakudmAn,kakudmān,5763,2-003-a,kakudmatI,kakudmatī
skd,main,M-pos/Hi-pos/Hf-slot/G-degem,isolated,0,5652,5864,2-007-b,kaYcI,kañcī,5865,2-007-b,kaja,kaja
skd,main,M-pos/Hi-pos/Hf-slot/G-degem,isolated,0,5841,6070,2-014-c,kaRWaPalaH,kaṇṭhaphalaḥ,6071,2-014-c,kaRwaPalA,kaṇṭaphalā
skd,main,M-pos/Hi-pos/Hf-slot/G-degem,isolated,0,5859,6088,2-015-b,kaRWyaH,kaṇṭhyaḥ,6089,2-015-b,kaRWAgniH,kaṇṭhāgniḥ
skd,main,M-pos/Hi-pos/Hf-slot/G-degem,isolated,0,5948,6179,2-019-a,kanakakzAraH,kanakakṣāraḥ,6180,2-019-a,kaRakadaRqakaM,kaṇakadaṇḍakaṃ
skd,main,M-pos/Hi-pos/Hf-slot/G-degem,isolated,0,6080,6314,2-024-b,kapilADArA,kapilādhārā,6315,2-024-b,kapilaSiMSapA,kapilaśiṃśapā
skd,main,M-pos/Hi-pos/Hf-slot/G-degem,isolated,0,6133,6368,2-027-b,kama,kama,6370,2-027-b,kam,kam
skd,main,M-pos/Hi-pos/Hf-slot/G-degem,isolated,0,6161,6397,2-028-b,kampillakaH,kampillakaḥ,6398,2-028-b,kampaH,kampaḥ
skd,main,M-pos/Hi-pos/Hf-slot/G-degem,isolated,0,6495,6740,2-054-b,karmmasAkzI,karmmasākṣī,6741,2-054-b,karmmakzamaH,karmmakṣamaḥ
skd,main,M-pos/Hi-pos/Hf-slot/G-degem,isolated,0,6508,6753,2-054-c,karvvuraH,karvvuraḥ,6754,2-055-a,karvvarI,karvvarī
skd,main,M-pos/Hi-pos/Hf-slot/G-degem,isolated,1,6574,6825,2-057-c,kalahaH,kalahaḥ,6827,2-057-c,kalahaMsaH,kalahaṃsaḥ
skd,main,M-pos/Hi-pos/Hf-slot/G-degem,isolated,0,6696,6953,2-068-b,kavivedI,kavivedī,6954,2-068-b,kaviyaM,kaviyaṃ
skd,main,M-pos/Hi-pos/Hf-slot/G-degem,isolated,0,6915,7179,2-082-c,kARqavAriRI,kāṇḍavāriṇī,7180,2-083-a,kARqaruhA,kāṇḍaruhā
skd,main,M-pos/Hi-pos/Hf-slot/G-degem,isolated,0,7033,7304,2-089-c,kAmavfntA,kāmavṛntā,7305,2-089-c,kAmavfkzaH,kāmavṛkṣaḥ
skd,main,M-pos/Hi-pos/Hf-slot/G-degem,isolated,0,7107,7379,2-099-c,kAravellI,kāravellī,7380,2-100-a,kAramihikA,kāramihikā
skd,main,M-pos/Hi-pos/Hf-slot/G-degem,isolated,1,7143,7416,2-107-b,kArpAsaH,kārpāsaḥ,7417,2-107-b,kArpAsaM,kārpāsaṃ
skd,main,M-pos/Hi-pos/Hf-slot/G-degem,isolated,0,7554,7844,2-133-c,kukkuwavrataM,kukkuṭavrataṃ,7845,2-133-c,kukkuwamaRqapaH,kukkuṭamaṇḍapaḥ
skd,main,M-pos/Hi-pos/Hf-slot/G-degem,isolated,0,7603,7896,2-136-a,kuYjarapippalI,kuñjarapippalī,7897,2-136-a,kuYjarakzAramUlaM,kuñjarakṣāramūlaṃ
skd,main,M-pos/Hi-pos/Hf-slot/G-degem,isolated,0,7655,7955,2-138-a,kudmalaH,kudmalaḥ,7956,2-138-a,kuWa,kuṭha
skd,main,M-pos/Hi-pos/Hf-slot/G-degem,isolated,0,7919,8239,2-153-a,kulanAyikA,kulanāyikā,8240,2-153-a,kulanakzatraM,kulanakṣatraṃ
skd,main,M-pos/Hi-pos/Hf-slot/G-degem,isolated,0,8016,8342,2-160-b,kuSalavO,kuśalavau,8343,2-160-b,kuSalapraSnaH,kuśalapraśnaḥ
skd,main,M-pos/Hi-pos/Hf-slot/G-degem,isolated,0,8128,8462,2-169-a,kUwapUrvvaM,kūṭapūrvvaṃ,8463,2-169-b,kUwapAlakaH,kūṭapālakaḥ
skd,main,M-pos/Hi-pos/Hf-slot/G-degem,isolated,1,8133,8467,2-169-b,kUwasTaH,kūṭasthaḥ,8468,2-169-c,kUwasTaM,kūṭasthaṃ
skd,main,M-pos/Hi-pos/Hf-slot/G-degem,isolated,0,8134,8468,2-169-c,kUwasTaM,kūṭasthaṃ,8469,2-169-c,kUwasAkzI,kūṭasākṣī
skd,main,M-pos/Hi-pos/Hf-slot/G-degem,isolated,0,8345,8692,2-183-b,kfzRaparRI,kṛṣṇaparṇī,8693,2-183-b,kfzRapakzaH,kṛṣṇapakṣaḥ
skd,main,M-pos/Hi-pos/Hf-slot/G-degem,isolated,0,8375,8722,2-184-b,kfzRavallI,kṛṣṇavallī,8723,2-184-b,kfzRavallikA,kṛṣṇavallikā
skd,main,M-pos/Hi-pos/Hf-slot/G-degem,isolated,0,8376,8723,2-184-b,kfzRavallikA,kṛṣṇavallikā,8724,2-184-b,kfzRavarvvarakaH,kṛṣṇavarvvarakaḥ
skd,main,M-pos/Hi-pos/Hf-slot/G-degem,isolated,0,8887,9254,2-218-c,kriyAvAn,kriyāvān,9255,2-218-c,kriyAvAdI,kriyāvādī
skd,main,M-pos/Hi-pos/Hf-slot/G-degem,isolated,0,8983,9356,2-222-a,klIvakaM,klīvakaṃ,9357,2-222-b,klItakikA,klītakikā
skd,main,M-pos/Hi-pos/Hf-slot/G-degem,isolated,0,9109,9490,2-232-b,kzArasinDuH,kṣārasindhuḥ,9491,2-232-c,kzAramelakaH,kṣāramelakaḥ
skd,main,M-pos/Hi-pos/Hf-slot/G-degem,isolated,0,9170,9557,2-236-a,kzIrakaRWaH,kṣīrakaṇṭhaḥ,9558,2-236-a,kzIrakaRwakaH,kṣīrakaṇṭakaḥ
skd,main,M-pos/Hi-pos/Hf-slot/G-degem,isolated,0,9206,9593,2-237-c,kzIrasPawikaH,kṣīrasphaṭikaḥ,9594,2-237-c,kzIrakzavaH,kṣīrakṣavaḥ
skd,main,M-pos/Hi-pos/Hf-slot/G-degem,isolated,0,9240,9630,2-240-a,kzuda,kṣuda,9631,2-240-a,kzud,kṣud
skd,main,M-pos/Hi-pos/Hf-slot/G-degem,isolated,0,9243,9633,2-240-a,kzudraH,kṣudraḥ,9635,2-240-a,kzadrakaRwakArI,kṣadrakaṇṭakārī
skd,main,M-pos/Hi-pos/Hf-slot/G-degem,isolated,0,9247,9638,2-240-b,kzudrakAravellI,kṣudrakāravellī,9639,2-240-b,kzudrakAralikA,kṣudrakāralikā
skd,main,M-pos/Hi-pos/Hf-slot/G-degem,isolated,0,9263,9654,2-244-c,kzudratvaM,kṣudratvaṃ,9655,2-244-c,kzudratulasI,kṣudratulasī
skd,main,M-pos/Hi-pos/Hf-slot/G-degem,isolated,0,9286,9677,2-246-c,kzudravArttAkI,kṣudravārttākī,9678,2-246-c,kzudravArttAkinI,kṣudravārttākinī
skd,main,M-pos/Hi-pos/Hf-slot/G-degem,isolated,0,9326,9717,2-248-b,kzuDArttaH,kṣudhārttaḥ,9718,2-248-b,kzuDABijananaH,kṣudhābhijananaḥ
skd,main,M-pos/Hi-pos/Hf-slot/G-degem,isolated,0,9335,9726,2-248-c,kzupAluH,kṣupāluḥ,9727,2-248-c,kzupaqoqamuzwiH,kṣupaḍoḍamuṣṭiḥ
skd,main,M-pos/Hi-pos/Hf-slot/G-degem,isolated,0,9384,9778,2-261-a,kzetrasImA,kṣetrasīmā,9779,2-261-a,kzetrajIvaH,kṣetrajīvaḥ
skd,main,M-pos/Hi-pos/Hf-slot/G-degem,isolated,1,9830,10244,2-283-c,KewakaH,kheṭakaḥ,10245,2-283-c,KewaH,kheṭaḥ
skd,main,M-pos/Hi-pos/Hf-slot/G-degem,isolated,0,9937,10357,2-292-b,gaqalavaRaM,gaḍalavaṇaṃ,10358,2-292-b,gaqadeSajaM,gaḍadeśajaṃ
skd,main,M-pos/Hi-pos/Hf-slot/G-degem,isolated,0,9946,10366,2-292-c,gaqqarikA,gaḍḍarikā,10367,2-292-c,gaqqakaH,gaḍḍakaḥ
skd,main,M-pos/Hi-pos/Hf-slot/G-degem,isolated,0,10208,10634,2-309-a,garavrataH,garavrataḥ,10635,2-309-a,garaBaH,garabhaḥ
skd,main,M-pos/Hi-pos/Hf-slot/G-degem,isolated,1,10385,10819,2-322-b,gAtrasaNkocI,gātrasaṅkocī,10820,2-322-b,gAtrasaMplavaH,gātrasaṃplavaḥ
skd,main,M-pos/Hi-pos/Hf-slot/G-degem,isolated,0,10637,11084,2-341-b,gurupatrA,gurupatrā,11085,2-341-b,garumarddalaH,garumarddalaḥ
skd,main,M-pos/Hi-pos/Hf-slot/G-degem,isolated,0,10754,11205,2-351-a,gfhameDI,gṛhamedhī,11206,2-351-a,gfhameDinI,gṛhamedhinī
skd,main,M-pos/Hi-pos/Hf-slot/G-degem,isolated,0,10819,11274,2-353-c,goGnaH,goghnaḥ,11275,2-353-c,goGftaM,goghṛtaṃ
skd,main,M-pos/Hi-pos/Hf-slot/G-degem,isolated,0,10964,11421,2-363-a,gorAwI,gorāṭī,11422,2-363-a,gorAwikA,gorāṭikā
skd,main,M-pos/Hi-pos/Hf-slot/G-degem,isolated,0,11340,11815,2-394-a,GulaYcaH,ghulañcaḥ,11816,2-394-a,GulaGulAravaH,ghulaghulāravaḥ
skd,main,M-pos/Hi-pos/Hf-slot/G-degem,isolated,1,11496,11979,2-415-c,cakzurvvahanaM,cakṣurvvahanaṃ,11980,2-415-c,cakzuHSravAH,cakṣuḥśravāḥ
skd,main,M-pos/Hi-pos/Hf-slot/G-degem,isolated,0,11568,12059,2-419-b,catuHPalA,catuḥphalā,12060,2-419-b,catuHpuRqraH,catuḥpuṇḍraḥ
skd,main,M-pos/Hi-pos/Hf-slot/G-degem,isolated,0,11612,12104,2-423-b,catussamaM,catussamaṃ,12105,2-423-b,catustriMSat,catustriṃśat
skd,main,M-pos/Hi-pos/Hf-slot/G-degem,isolated,0,11613,12105,2-423-b,catustriMSat,catustriṃśat,12106,2-423-b,catustriMSajjAtajYaH,catustriṃśajjātajñaḥ
skd,main,M-pos/Hi-pos/Hf-slot/G-degem,isolated,1,11626,12121,2-423-c,candanaH,candanaḥ,12122,2-424-a,candanaM,candanaṃ
skd,main,M-pos/Hi-pos/Hf-slot/G-degem,isolated,0,11775,12276,2-436-c,carmmaM,carmmaṃ,12277,2-436-c,carmma,carmma
skd,main,M-pos/Hi-pos/Hf-slot/G-degem,isolated,0,11789,12290,2-437-b,carmmadUzikA,carmmadūṣikā,12291,2-437-b,carmmataraNgaH,carmmataraṅgaḥ
skd,main,M-pos/Hi-pos/Hf-slot/G-degem,isolated,0,11889,12396,2-442-a,cAndrAKyaM,cāndrākhyaṃ,12397,2-442-a,cAndraBAgA,cāndrabhāgā
skd,main,M-pos/Hi-pos/Hf-slot/G-degem,isolated,0,11979,12490,2-447-a,ciYcI,ciñcī,12491,2-447-a,ciYcAmlaM,ciñcāmlaṃ
skd,main,M-pos/Hi-pos/Hf-slot/G-degem,isolated,0,11984,12496,2-447-a,cita,cita,12499,2-447-b,cit,cit
skd,main,M-pos/Hi-pos/Hf-slot/G-degem,isolated,0,12279,12804,2-460-a,cevI,cevī,12805,2-460-a,cela,cela
skd,main,M-pos/Hi-pos/Hf-slot/G-degem,isolated,0,12446,12976,2-491-b,CAyAvyavahAraH,chāyāvyavahāraḥ,12977,2-492-b,CAyABft,chāyābhṛt
skd,main,M-pos/Hi-pos/Hf-slot/G-degem,isolated,0,12522,13056,2-497-a,jagatsAkzI,jagatsākṣī,13057,2-497-a,jagatI,jagatī
skd,main,M-pos/Hi-pos/Hf-slot/G-degem,isolated,0,12679,13222,2-512-c,jama,jama,13223,2-512-c,jam,jam
skd,main,M-pos/Hi-pos/Hf-slot/G-degem,isolated,1,12689,13232,2-513-a,jambuH,jambuḥ,13233,2-513-a,jambu,jambu
skd,main,M-pos/Hi-pos/Hf-slot/G-degem,isolated,0,12737,13280,2-517-b,jaraRA,jaraṇā,13281,2-517-b,jaraRadrumaH,jaraṇadrumaḥ
skd,main,M-pos/Hi-pos/Hf-slot/G-degem,isolated,0,12742,13286,2-517-c,jaratkArupriyA,jaratkārupriyā,13287,2-517-c,jaratI,jaratī
skd,main,M-pos/Hi-pos/Hf-slot/G-degem,isolated,0,12864,13409,2-524-c,jalaviqAlaH,jalaviḍālaḥ,13410,2-524-c,jalabindujA,jalabindujā
skd,main,M-pos/Hi-pos/Hf-slot/G-degem,isolated,0,12898,13443,2-525-c,jalArdrA,jalārdrā,13444,2-525-c,jalArRavaH,jalārṇavaḥ
skd,main,M-pos/Hi-pos/Hf-slot/G-degem,isolated,1,12931,13477,2-526-c,jalOkAH,jalaukāḥ,13478,2-527-b,jalOkA,jalaukā
skd,main,M-pos/Hi-pos/Hf-slot/G-degem,isolated,0,12992,13541,2-530-a,jAtavedAH,jātavedāḥ,13542,2-530-a,jAtarUpaM,jātarūpaṃ
skd,main,M-pos/Hi-pos/Hf-slot/G-degem,isolated,0,13256,13816,2-542-c,jfmBitaM,jṛmbhitaṃ,13817,2-542-c,jfmBiRI,jṛmbhiṇī
skd,main,M-pos/Hi-pos/Hf-slot/G-degem,isolated,1,13337,13904,2-550-c,jyotizkAH,jyotiṣkāḥ,13905,2-550-c,jyotizkA,jyotiṣkā
skd,main,M-pos/Hi-pos/Hf-slot/G-degem,isolated,0,13505,14076,2-572-c,WaWaM,ṭhaṭhaṃ,14077,2-572-c,waWaWaM,ṭaṭhaṭhaṃ
skd,main,M-pos/Hi-pos/Hf-slot/G-degem,isolated,0,13572,14147,2-575-b,QAlI,ḍhālī,14148,2-575-c,QAmarA,ḍhāmarā
skd,main,M-pos/Hi-pos/Hf-slot/G-degem,isolated,1,13673,14262,2-581-b,tatiH,tatiḥ,14263,2-581-b,tati,tati
skd,main,M-pos/Hi-pos/Hf-slot/G-degem,isolated,0,13739,14336,2-584-a,tantuparvva,tantuparvva,14337,2-584-a,tantunAgaH,tantunāgaḥ
skd,main,M-pos/Hi-pos/Hf-slot/G-degem,isolated,0,14168,14784,2-613-c,tAlaBft,tālabhṛt,14785,2-613-c,tAlapralambaM,tālapralambaṃ
skd,main,M-pos/Hi-pos/Hf-slot/G-degem,isolated,0,14973,15625,2-662-c,trivftparRI,trivṛtparṇī,15626,2-662-c,trivftA,trivṛtā
skd,main,M-pos/Hi-pos/Hf-slot/G-degem,isolated,0,15083,15737,2-667-c,tvanca,tvanca,15739,2-667-c,tvadIyaM,tvadīyaṃ
skd,main,M-pos/Hi-pos/Hf-slot/G-degem,isolated,1,15116,15771,2-669-b,daH,daḥ,15772,2-669-b,daMSaH,daṃśaḥ
skd,main,M-pos/Hi-pos/Hf-slot/G-degem,isolated,0,15212,15870,2-678-c,dattApradAnikaM,dattāpradānikaṃ,15871,2-678-c,dattAtmA,dattātmā
skd,main,M-pos/Hi-pos/Hf-slot/G-degem,isolated,0,15294,15952,2-683-c,dantArbbudaM,dantārbbudaṃ,15953,2-683-c,dantAyuDaH,dantāyudhaḥ
skd,main,M-pos/Hi-pos/Hf-slot/G-degem,isolated,0,15382,16043,2-688-c,darvvarIkaH,darvvarīkaḥ,16044,2-688-c,darvvawaH,darvvaṭaḥ
skd,main,M-pos/Hi-pos/Hf-slot/G-degem,isolated,0,15477,16144,2-697-b,dasrO,dasrau,16145,2-697-c,dasradevatA,dasradevatā
skd,main,M-pos/Hi-pos/Hf-slot/G-degem,isolated,1,15564,16236,2-705-a,dArAH,dārāḥ,16237,2-705-a,dArA,dārā
skd,main,M-pos/Hi-pos/Hf-slot/G-degem,isolated,0,15707,16389,2-711-c,divAnDA,divāndhā,16390,2-711-c,divAnDakI,divāndhakī
skd,main,M-pos/Hi-pos/Hf-slot/G-degem,isolated,1,15933,16621,2-724-a,dugDam,dugdham,16622,2-725-a,dugDaH,dugdhaḥ
skd,main,M-pos/Hi-pos/Hf-slot/G-degem,isolated,0,16323,17025,2-746-a,devAjIvaH,devājīvaḥ,17026,2-746-a,devajIvI,devajīvī
skd,main,M-pos/Hi-pos/Hf-slot/G-degem,isolated,0,16502,17208,2-756-c,dyuniSaM,dyuniśaṃ,17209,2-756-c,dyunivAsI,dyunivāsī
skd,main,M-pos/Hi-pos/Hf-slot/G-degem,isolated,0,16539,17245,2-758-b,dravatvaM,dravatvaṃ,17246,2-758-b,dravatpatrI,dravatpatrī
skd,main,M-pos/Hi-pos/Hf-slot/G-degem,isolated,0,16556,17262,2-759-c,drADimA,drādhimā,17263,2-759-c,drAGizWaH,drāghiṣṭhaḥ
skd,main,M-pos/Hi-pos/Hf-slot/G-degem,isolated,0,16641,17351,2-763-a,drohI,drohī,17352,2-763-a,droRAyanaH,droṇāyanaḥ
skd,main,M-pos/Hi-pos/Hf-slot/G-degem,isolated,0,16989,17706,2-787-c,DarmmasAvarRiH,dharmmasāvarṇiḥ,17707,2-787-c,DarmmasAraH,dharmmasāraḥ
skd,main,M-pos/Hi-pos/Hf-slot/G-degem,isolated,0,17155,17872,2-798-a,DImAn,dhīmān,17873,2-798-a,DImatI,dhīmatī
skd,main,M-pos/Hi-pos/Hf-slot/G-degem,isolated,0,17165,17883,2-798-c,DIvA,dhīvā,17884,2-798-c,DIvaraH,dhīvaraḥ
skd,main,M-pos/Hi-pos/Hf-slot/G-degem,isolated,0,17401,18140,2-813-c,nakva,nakva,18141,2-813-c,naktaM,naktaṃ
skd,main,M-pos/Hi-pos/Hf-slot/G-degem,isolated,0,17647,18396,2-833-b,naramAninI,naramāninī,18397,2-833-b,naramAnikA,naramānikā
skd,main,M-pos/Hi-pos/Hf-slot/G-degem,isolated,0,18342,19102,2-892-c,nirJarI,nirjharī,19104,2-892-c,nirJariRI,nirjhariṇī
skd,main,M-pos/Hi-pos/Hf-slot/G-degem,isolated,0,18585,19346,2-905-c,nizWyUtiH,niṣṭhyūtiḥ,19347,2-905-c,nizWevaH,niṣṭhevaḥ
skd,main,M-pos/Hi-pos/Hf-slot/G-degem,isolated,0,18636,19398,2-907-c,nispandataraM,nispandataraṃ,19399,2-907-c,nistfhaH,nistṛhaḥ
skd,main,M-pos/Hi-pos/Hf-slot/G-degem,isolated,1,18647,19409,2-908-a,nihitaM,nihitaṃ,19410,2-908-a,nihiMsanaM,nihiṃsanaṃ
skd,main,M-pos/Hi-pos/Hf-slot/G-degem,isolated,0,18652,19414,2-908-b,nihrAdaH,nihrādaḥ,19415,2-908-b,nikzaRaM,nikṣaṇaṃ
skd,main,M-pos/Hi-pos/Hf-slot/G-degem,isolated,0,18982,19752,3-002-b,pakzAGAtaH,pakṣāghātaḥ,19753,3-002-c,pakzacaraH,pakṣacaraḥ
skd,main,M-pos/Hi-pos/Hf-slot/G-degem,isolated,0,19089,19864,3-007-c,paYcatayaM,pañcatayaṃ,19865,3-007-c,paYcatanmAtraM,pañcatanmātraṃ
skd,main,M-pos/Hi-pos/Hf-slot/G-degem,isolated,0,19230,20010,3-018-c,pawuparRI,paṭuparṇī,20011,3-018-c,pawarUpaH,paṭarūpaḥ
skd,main,M-pos/Hi-pos/Hf-slot/G-degem,isolated,0,19286,20068,3-020-c,paRqitammanyaH,paṇḍitammanyaḥ,20069,3-020-c,paRqitamAnI,paṇḍitamānī
skd,main,M-pos/Hi-pos/Hf-slot/G-degem,isolated,1,19317,20101,3-023-a,patiH,patiḥ,20103,3-023-c,patiMvarA,patiṃvarā
skd,main,M-pos/Hi-pos/Hf-slot/G-degem,isolated,0,19323,20108,3-025-c,pateraH,pateraḥ,20110,3-025-c,pataNgaM,pataṅgaṃ
skd,main,M-pos/Hi-pos/Hf-slot/G-degem,isolated,0,19615,20409,3-054-a,parAkaH,parākaḥ,20410,3-054-b,parAk,parāk
skd,main,M-pos/Hi-pos/Hf-slot/G-degem,isolated,0,19750,20544,3-061-c,parivarhaH,parivarhaḥ,20545,3-061-c,pariBavaH,paribhavaḥ
skd,main,M-pos/Hi-pos/Hf-slot/G-degem,isolated,0,19788,20582,3-064-a,parivfhitaM,parivṛhitaṃ,20583,3-064-a,parivfQaH,parivṛḍhaḥ
skd,main,M-pos/Hi-pos/Hf-slot/G-degem,isolated,0,19795,20589,3-064-b,parivedinI,parivedinī,20590,3-064-b,parivedanIyA,parivedanīyā
skd,main,M-pos/Hi-pos/Hf-slot/G-degem,isolated,0,19824,20618,3-066-a,parizkandaH,pariṣkandaḥ,20619,3-066-a,parizkaRaH,pariṣkaṇaḥ
skd,main,M-pos/Hi-pos/Hf-slot/G-degem,isolated,1,20077,20882,3-085-c,paSuH,paśuḥ,20883,3-086-c,paSu,paśu
skd,main,M-pos/Hi-pos/Hf-slot/G-degem,isolated,1,20106,20916,3-088-a,pAH,pāḥ,20917,3-088-a,pAMSavaH,pāṃśavaḥ
skd,main,M-pos/Hi-pos/Hf-slot/G-degem,isolated,0,20234,21047,3-104-b,pARqaveyaH,pāṇḍaveyaḥ,21048,3-104-c,pARqavABIlaH,pāṇḍavābhīlaḥ
skd,main,M-pos/Hi-pos/Hf-slot/G-degem,isolated,0,20250,21064,3-107-a,pARqumft,pāṇḍumṛt,21065,3-107-a,pARqu,pāṇḍu
skd,main,M-pos/Hi-pos/Hf-slot/G-degem,isolated,1,20281,21095,3-108-c,pAtraH,pātraḥ,21096,3-108-c,pAtraM,pātraṃ
skd,main,M-pos/Hi-pos/Hf-slot/G-degem,isolated,0,20291,21105,3-109-b,pAtropakaraRaM,pātropakaraṇaṃ,21106,3-109-b,pAttraM,pāttraṃ
skd,main,M-pos/Hi-pos/Hf-slot/G-degem,isolated,0,20412,21227,3-119-c,pArakaH,pārakaḥ,21228,3-119-c,pArak,pārak
skd,main,M-pos/Hi-pos/Hf-slot/G-degem,isolated,1,20419,21234,3-119-c,pAraRaH,pāraṇaḥ,21235,3-119-c,pAraRaM,pāraṇaṃ
skd,main,M-pos/Hi-pos/Hf-slot/G-degem,isolated,0,20641,21458,3-138-b,picCaladalA,picchaladalā,21459,3-138-b,picCabARaH,picchabāṇaḥ
skd,main,M-pos/Hi-pos/Hf-slot/G-degem,isolated,1,20850,21673,3-157-b,pItaH,pītaḥ,21674,3-157-c,pItaM,pītaṃ
skd,main,M-pos/Hi-pos/Hf-slot/G-degem,isolated,0,20865,21688,3-158-a,pItatuRqaH,pītatuṇḍaḥ,21689,3-158-a,pItatA,pītatā
skd,main,M-pos/Hi-pos/Hf-slot/G-degem,isolated,0,20937,21762,3-161-a,pIvA,pīvā,21764,3-161-a,pIvarA,pīvarā
skd,main,M-pos/Hi-pos/Hf-slot/G-degem,isolated,0,21373,22220,3-221-c,pUrvva,pūrvva,22221,3-222-a,pUrbbaH,pūrbbaḥ
skd,main,M-pos/Hi-pos/Hf-slot/G-degem,isolated,1,21377,22224,3-222-a,pUrvvajAH,pūrvvajāḥ,22225,3-222-a,pUrvvajA,pūrvvajā
skd,main,M-pos/Hi-pos/Hf-slot/G-degem,isolated,0,21409,22256,3-224-a,pUrvvedyuH,pūrvvedyuḥ,22257,3-224-b,pUrvva,pūrvva
skd,main,M-pos/Hi-pos/Hf-slot/G-degem,isolated,0,21416,22263,3-224-b,pUzAsuhft,pūṣāsuhṛt,22264,3-224-b,pUzA,pūṣā
skd,main,M-pos/Hi-pos/Hf-slot/G-degem,isolated,0,21552,22409,3-234-a,pEtfzvasreyaH,paitṛṣvasreyaḥ,22410,3-234-a,pEtfzvasrIyaH,paitṛṣvasrīyaḥ
skd,main,M-pos/Hi-pos/Hf-slot/G-degem,isolated,0,21582,22441,3-235-b,potikA,potikā,22442,3-235-b,potAsaH,potāsaḥ
skd,main,M-pos/Hi-pos/Hf-slot/G-degem,isolated,0,21588,22447,3-235-c,polindaH,polindaḥ,22448,3-235-c,polikA,polikā
skd,main,M-pos/Hi-pos/Hf-slot/G-degem,isolated,0,21788,22652,3-250-b,praRayI,praṇayī,22653,3-250-b,praRayinI,praṇayinī
skd,main,M-pos/Hi-pos/Hf-slot/G-degem,isolated,1,22048,22914,3-273-a,pratyudgamanIyaM,pratyudgamanīyaṃ,22915,3-273-a,pratyudgamaH,pratyudgamaḥ
skd,main,M-pos/Hi-pos/Hf-slot/G-degem,isolated,0,22146,23015,3-282-c,praBAvAn,prabhāvān,23016,3-282-c,praBAvatI,prabhāvatī
skd,main,M-pos/Hi-pos/Hf-slot/G-degem,isolated,1,22516,23394,3-310-a,prARAH,prāṇāḥ,23395,3-310-c,prARA,prāṇā
skd,main,M-pos/Hi-pos/Hf-slot/G-degem,isolated,0,22576,23454,3-319-a,prAmAdyaH,prāmādyaḥ,23455,3-319-a,prAmARikaH,prāmāṇikaḥ
skd,main,M-pos/Hi-pos/Hf-slot/G-degem,isolated,1,22630,23510,3-367-b,priyaH,priyaḥ,23511,3-367-b,priyaMvadaH,priyaṃvadaḥ
skd,main,M-pos/Hi-pos/Hf-slot/G-degem,isolated,0,22715,23600,3-373-a,prertvA,prertvā,23601,3-373-a,prertvarI,prertvarī
skd,main,M-pos/Hi-pos/Hf-slot/G-degem,isolated,0,22779,23669,3-377-b,plukziH,plukṣiḥ,23670,3-377-c,plu,plu
skd,main,M-pos/Hi-pos/Hf-slot/G-degem,isolated,0,22885,23782,3-382-a,PalADyakzaM,phalādhyakṣaṃ,23783,3-382-a,PalAdanaH,phalādanaḥ
skd,main,M-pos/Hi-pos/Hf-slot/G-degem,isolated,0,23122,24030,3-399-a,balavAn,balavān,24031,3-399-a,balavardDinI,balavarddhinī
skd,main,M-pos/Hi-pos/Hf-slot/G-degem,isolated,1,23278,24191,3-412-b,bahuSatruH,bahuśatruḥ,24192,3-412-b,bahuSaH,bahuśaḥ
skd,main,M-pos/Hi-pos/Hf-slot/G-degem,isolated,0,23563,24485,3-449-a,brahmarAtriH,brahmarātriḥ,24486,3-449-b,brahmarAkzasaH,brahmarākṣasaḥ
skd,main,M-pos/Hi-pos/Hf-slot/G-degem,isolated,0,23575,24497,3-450-b,brahmavAdI,brahmavādī,24498,3-450-b,brahmavAdinI,brahmavādinī
skd,main,M-pos/Hi-pos/Hf-slot/G-degem,isolated,0,23596,24518,3-451-c,brahmahA,brahmahā,24519,3-451-c,brahmahaviH,brahmahaviḥ
skd,main,M-pos/Hi-pos/Hf-slot/G-degem,isolated,0,23632,24554,3-460-c,brAhyaRyaM,brāhyaṇyaṃ,24555,3-460-c,brAhmaRyaH,brāhmaṇyaḥ
skd,main,M-pos/Hi-pos/Hf-slot/G-degem,isolated,0,23746,24676,3-478-b,BARqilaH,bhāṇḍilaḥ,24677,3-478-b,BaRqilaH,bhaṇḍilaḥ
skd,main,M-pos/Hi-pos/Hf-slot/G-degem,isolated,0,23779,24712,3-480-c,BadraparRA,bhadraparṇā,24713,3-480-c,BadrapaRI,bhadrapaṇī
skd,main,M-pos/Hi-pos/Hf-slot/G-degem,isolated,0,23868,24803,3-486-a,BarmmaM,bharmmaṃ,24804,3-486-a,Barmma,bharmma
skd,main,M-pos/Hi-pos/Hf-slot/G-degem,isolated,0,23870,24805,3-486-a,BarmmaRyA,bharmmaṇyā,24806,3-486-a,BarBa,bharbha
skd,main,M-pos/Hi-pos/Hf-slot/G-degem,isolated,0,23909,24846,3-487-c,BavABIzwaH,bhavābhīṣṭaḥ,24847,3-487-c,BavAbDiH,bhavābdhiḥ
skd,main,M-pos/Hi-pos/Hf-slot/G-degem,isolated,0,24048,24990,3-504-c,BAlANkaH,bhālāṅkaḥ,24991,3-504-c,BAlalocanaH,bhālalocanaḥ
skd,main,M-pos/Hi-pos/Hf-slot/G-degem,isolated,0,24080,25023,3-509-c,BAsa,bhāsa,25024,3-510-a,BAs,bhās
skd,main,M-pos/Hi-pos/Hf-slot/G-degem,isolated,0,24115,25060,3-511-c,BittipAtanaH,bhittipātanaḥ,25061,3-511-c,Bit,bhit
skd,main,M-pos/Hi-pos/Hf-slot/G-degem,isolated,0,24192,25143,3-519-a,BujAntakaH,bhujāntakaḥ,25144,3-519-a,BujagASanaH,bhujagāśanaḥ
skd,main,M-pos/Hi-pos/Hf-slot/G-degem,isolated,1,24220,25171,3-521-b,BuvarlokaH,bhuvarlokaḥ,25172,3-521-b,BuvaH,bhuvaḥ
skd,main,M-pos/Hi-pos/Hf-slot/G-degem,isolated,0,24417,25375,3-538-c,BfgusutaH,bhṛgusutaḥ,25376,3-538-c,BfgulApatiH,bhṛgulāpatiḥ
skd,main,M-pos/Hi-pos/Hf-slot/G-degem,isolated,0,24618,25586,3-560-a,BrukuwiH,bhrukuṭiḥ,25587,3-560-a,BrakuwI,bhrakuṭī
skd,main,M-pos/Hi-pos/Hf-slot/G-degem,isolated,0,24709,25680,3-566-c,maNginI,maṅginī,25681,3-566-c,maNkzaRaM,maṅkṣaṇaṃ
skd,main,M-pos/Hi-pos/Hf-slot/G-degem,isolated,0,24710,25681,3-566-c,maNkzaRaM,maṅkṣaṇaṃ,25682,3-566-c,maNkza,maṅkṣa
skd,main,M-pos/Hi-pos/Hf-slot/G-degem,isolated,0,24813,25792,3-579-a,maRqalAyitaM,maṇḍalāyitaṃ,25793,3-579-a,maRqalADISaH,maṇḍalādhīśaḥ
skd,main,M-pos/Hi-pos/Hf-slot/G-degem,isolated,0,24872,25855,3-584-a,matsyabanDI,matsyabandhī,25856,3-584-a,matsyabanDinI,matsyabandhinī
skd,main,M-pos/Hi-pos/Hf-slot/G-degem,isolated,0,24913,25900,3-588-a,madanANkuSaH,madanāṅkuśaḥ,25901,3-588-a,madanAgrakaH,madanāgrakaḥ
skd,main,M-pos/Hi-pos/Hf-slot/G-degem,isolated,0,24933,25920,3-588-c,madahetuH,madahetuḥ,25921,3-588-c,madasTalaM,madasthalaṃ
skd,main,M-pos/Hi-pos/Hf-slot/G-degem,isolated,0,24956,25943,3-591-b,madodDataH,madoddhataḥ,25944,3-591-b,madodagrA,madodagrā
skd,main,M-pos/Hi-pos/Hf-slot/G-degem,isolated,0,24968,25955,3-595-a,madyavAsinI,madyavāsinī,25956,3-595-a,madyabIjaM,madyabījaṃ
skd,main,M-pos/Hi-pos/Hf-slot/G-degem,isolated,0,25056,26045,3-600-c,maDuratvacaH,madhuratvacaḥ,26046,3-601-a,maDuratrayaM,madhuratrayaṃ
skd,main,M-pos/Hi-pos/Hf-slot/G-degem,isolated,0,25128,26120,3-604-a,maDyamalokaH,madhyamalokaḥ,26121,3-604-a,maDyamaBftakaH,madhyamabhṛtakaḥ
skd,main,M-pos/Hi-pos/Hf-slot/G-degem,isolated,0,25342,26348,3-639-a,marutaH,marutaḥ,26349,3-639-a,marut,marut
skd,main,M-pos/Hi-pos/Hf-slot/G-degem,isolated,0,25450,26457,3-645-c,malAvahaM,malāvahaṃ,26458,3-646-a,malAriH,malāriḥ
skd,main,M-pos/Hi-pos/Hf-slot/G-degem,isolated,0,25605,26622,3-656-b,mahAjavaH,mahājavaḥ,26623,3-656-b,mahAjambuH,mahājambuḥ
skd,main,M-pos/Hi-pos/Hf-slot/G-degem,isolated,1,25726,26744,3-668-a,mahAmuniH,mahāmuniḥ,26745,3-668-a,mahAmuni,mahāmuni
skd,main,M-pos/Hi-pos/Hf-slot/G-degem,isolated,1,25772,26790,3-670-c,mahArdDaH,mahārddhaḥ,26791,3-670-c,mahArdrakaM,mahārdrakaṃ
skd,main,M-pos/Hi-pos/Hf-slot/G-degem,isolated,0,25776,26794,3-670-c,mahAlayaH,mahālayaḥ,26795,3-670-c,mahAlakzmIH,mahālakṣmīḥ
skd,main,M-pos/Hi-pos/Hf-slot/G-degem,isolated,0,25790,26808,3-671-b,mahAvasaH,mahāvasaḥ,26809,3-671-b,mahAvakzAH,mahāvakṣāḥ
skd,main,M-pos/Hi-pos/Hf-slot/G-degem,isolated,0,25807,26825,3-674-b,mahAvfhatI,mahāvṛhatī,26826,3-674-b,mahAvfkzaH,mahāvṛkṣaḥ
skd,main,M-pos/Hi-pos/Hf-slot/G-degem,isolated,0,25887,26905,3-679-b,mahizAsurahantrI,mahiṣāsurahantrī,26906,3-679-b,mahizAkzaH,mahiṣākṣaḥ
skd,main,M-pos/Hi-pos/Hf-slot/G-degem,isolated,0,26044,27070,3-695-c,mAtfmuKaH,mātṛmukhaḥ,27071,3-695-c,mAtfbanDuH,mātṛbandhuḥ
skd,main,M-pos/Hi-pos/Hf-slot/G-degem,isolated,0,26399,27435,3-726-c,mInAlayaH,mīnālayaḥ,27436,3-726-c,mInAkzI,mīnākṣī
skd,main,M-pos/Hi-pos/Hf-slot/G-degem,isolated,1,26413,27449,3-728-c,mukundakaH,mukundakaḥ,27450,3-728-c,mukuH,mukuḥ
skd,main,M-pos/Hi-pos/Hf-slot/G-degem,isolated,0,26458,27494,3-735-b,muKanivAsinI,mukhanivāsinī,27495,3-735-b,muKanirIkzakaH,mukhanirīkṣakaḥ
skd,main,M-pos/Hi-pos/Hf-slot/G-degem,isolated,0,26595,27645,3-752-c,muza,muṣa,27647,3-753-a,muz,muṣ
skd,main,M-pos/Hi-pos/Hf-slot/G-degem,isolated,0,26673,27729,3-761-a,mUrdDAvasiktaH,mūrddhāvasiktaḥ,27730,3-761-b,mUrdDA,mūrddhā
skd,main,M-pos/Hi-pos/Hf-slot/G-degem,isolated,0,26682,27739,3-762-b,mUlakarmma,mūlakarmma,27740,3-762-b,mUlakamUlA,mūlakamūlā
skd,main,M-pos/Hi-pos/Hf-slot/G-degem,isolated,0,26853,27918,3-773-b,mfda,mṛda,27919,3-773-b,mfd,mṛd
skd,main,M-pos/Hi-pos/Hf-slot/G-degem,isolated,0,26894,27964,3-775-a,mfzArTakaM,mṛṣārthakaṃ,27965,3-775-a,mfzADyAyI,mṛṣādhyāyī
skd,main,M-pos/Hi-pos/Hf-slot/G-degem,isolated,0,26910,27981,3-775-c,meKalA,mekhalā,27982,3-776-a,meKalakanyakA,mekhalakanyakā
skd,main,M-pos/Hi-pos/Hf-slot/G-degem,isolated,1,26973,28045,3-779-c,medajaH,medajaḥ,28046,3-779-c,medaHsArA,medaḥsārā
skd,main,M-pos/Hi-pos/Hf-slot/G-degem,isolated,0,27249,28325,4-010-a,yajvA,yajvā,28326,4-010-b,yajvanAMpatiH,yajvanāṃpatiḥ
skd,main,M-pos/Hi-pos/Hf-slot/G-degem,isolated,0,27390,28475,4-026-a,yAvAnI,yāvānī,28476,4-026-b,yavApatyaM,yavāpatyaṃ
skd,main,M-pos/Hi-pos/Hf-slot/G-degem,isolated,1,27461,28547,4-032-c,yAtuH,yātuḥ,28548,4-033-a,yAtu,yātu
skd,main,M-pos/Hi-pos/Hf-slot/G-degem,isolated,0,27663,28759,4-062-c,yojanA,yojanā,28760,4-062-c,yojanavallI,yojanavallī
skd,main,M-pos/Hi-pos/Hf-slot/G-degem,isolated,0,27684,28780,4-067-a,yozitpriyA,yoṣitpriyā,28781,4-067-a,yozitA,yoṣitā
skd,main,M-pos/Hi-pos/Hf-slot/G-degem,isolated,1,27709,28805,4-069-c,raH,raḥ,28806,4-069-c,raMhaH,raṃhaḥ
skd,main,M-pos/Hi-pos/Hf-slot/G-degem,isolated,0,27906,29007,4-082-c,raNgAvatArI,raṅgāvatārī,29008,4-082-c,raNgAriH,raṅgāriḥ
skd,main,M-pos/Hi-pos/Hf-slot/G-degem,isolated,0,28071,29176,4-094-a,ranDitaM,randhitaṃ,29177,4-094-a,ranDaM,randhaṃ
skd,main,M-pos/Hi-pos/Hf-slot/G-degem,isolated,0,28134,29244,4-098-a,ravilohaM,ravilohaṃ,29245,4-098-b,ravilocanaH,ravilocanaḥ
skd,main,M-pos/Hi-pos/Hf-slot/G-degem,isolated,0,28225,29337,4-109-a,rasyA,rasyā,29338,4-109-b,raMha,raṃha
skd,main,M-pos/Hi-pos/Hf-slot/G-degem,isolated,0,28283,29399,4-114-b,rAjajambUH,rājajambūḥ,29400,4-114-b,rAjajakzmA,rājajakṣmā
skd,main,M-pos/Hi-pos/Hf-slot/G-degem,isolated,0,28354,29470,4-125-b,rAjasaParaH,rājasapharaḥ,29471,4-125-b,rAjaSayyA,rājaśayyā
skd,main,M-pos/Hi-pos/Hf-slot/G-degem,isolated,0,28375,29491,4-126-b,rAjahAsakaH,rājahāsakaḥ,29492,4-126-b,rAjakzavakaH,rājakṣavakaḥ
skd,main,M-pos/Hi-pos/Hf-slot/G-degem,isolated,0,28380,29496,4-128-c,rAjAnujIvI,rājānujīvī,29497,4-129-b,rAjAdanI,rājādanī
skd,main,M-pos/Hi-pos/Hf-slot/G-degem,isolated,0,28541,29660,4-162-a,ripuGAtinI,ripughātinī,29661,4-162-a,rinPa,rinpha
skd,main,M-pos/Hi-pos/Hf-slot/G-degem,isolated,0,28577,29701,4-163-b,rukaH,rukaḥ,29702,4-163-b,ruk,ruk
skd,main,M-pos/Hi-pos/Hf-slot/G-degem,isolated,0,28589,29714,4-164-c,ruksadma,ruksadma,29715,4-164-c,rukzaH,rukṣaḥ
skd,main,M-pos/Hi-pos/Hf-slot/G-degem,isolated,0,28613,29741,4-167-b,ruwa,ruṭa,29744,4-167-b,ruw,ruṭ
skd,main,M-pos/Hi-pos/Hf-slot/G-degem,isolated,0,28645,29777,4-172-a,rudrAvAsaH,rudrāvāsaḥ,29778,4-172-a,rudrAriH,rudrāriḥ
skd,main,M-pos/Hi-pos/Hf-slot/G-degem,isolated,0,28657,29790,4-172-c,ruvukaH,ruvukaḥ,29791,4-172-c,ruvuk,ruvuk
skd,main,M-pos/Hi-pos/Hf-slot/G-degem,isolated,0,28711,29847,4-176-c,recyaH,recyaḥ,29848,4-176-c,recanaM,recanaṃ
skd,main,M-pos/Hi-pos/Hf-slot/G-degem,isolated,0,28811,29952,4-187-c,romaM,romaṃ,29953,4-187-c,roma,roma
skd,main,M-pos/Hi-pos/Hf-slot/G-degem,isolated,0,29236,30414,4-223-c,liNgAlikA,liṅgālikā,30415,4-223-c,liNganI,liṅganī
skd,main,M-pos/Hi-pos/Hf-slot/G-degem,isolated,0,29294,30484,4-225-c,lupa,lupa,30486,4-225-c,lup,lup
skd,main,M-pos/Hi-pos/Hf-slot/G-degem,isolated,0,29398,30594,4-233-a,loRAraM,loṇāraṃ,30595,4-233-a,loRAmlA,loṇāmlā
skd,main,M-pos/Hi-pos/Hf-slot/G-degem,isolated,1,29515,30714,4-240-a,vaH,vaḥ,30716,4-240-b,vaMSaH,vaṃśaḥ
skd,main,M-pos/Hi-pos/Hf-slot/G-degem,isolated,0,29543,30744,4-241-b,vaMSAnucaritaM,vaṃśānucaritaṃ,30745,4-241-c,vaMSANkuraH,vaṃśāṅkuraḥ
skd,main,M-pos/Hi-pos/Hf-slot/G-degem,isolated,0,29575,30777,4-243-a,vakranAlaM,vakranālaṃ,30778,4-243-a,vaktranAsikaH,vaktranāsikaḥ
skd,main,M-pos/Hi-pos/Hf-slot/G-degem,isolated,0,30061,31306,4-277-b,varjjitaH,varjjitaḥ,31307,4-277-b,varjjanIyaM,varjjanīyaṃ
skd,main,M-pos/Hi-pos/Hf-slot/G-degem,isolated,1,30184,31438,4-296-c,varzAH,varṣāḥ,31439,4-297-a,varzAMSaH,varṣāṃśaḥ
skd,main,M-pos/Hi-pos/Hf-slot/G-degem,isolated,0,30220,31478,4-298-b,vahirmuKaH,vahirmukhaḥ,31479,4-298-b,varhizadaH,varhiṣadaḥ
skd,main,M-pos/Hi-pos/Hf-slot/G-degem,isolated,0,30262,31522,4-300-b,valmIkiH,valmīkiḥ,31523,4-300-b,valmIkaSIrzaM,valmīkaśīrṣaṃ
skd,main,M-pos/Hi-pos/Hf-slot/G-degem,isolated,0,30653,31931,4-331-c,vAdAmaM,vādāmaṃ,31932,4-331-c,vAdAnyaH,vādānyaḥ
skd,main,M-pos/Hi-pos/Hf-slot/G-degem,isolated,0,30688,31967,4-335-b,vAntihft,vāntihṛt,31968,4-335-b,vAntidA,vāntidā
skd,main,M-pos/Hi-pos/Hf-slot/G-degem,isolated,0,30766,32047,4-346-a,vAravARaH,vāravāṇaḥ,32048,4-346-a,vArabuzA,vārabuṣā
skd,main,M-pos/Hi-pos/Hf-slot/G-degem,isolated,0,30845,32128,4-351-a,vArkzyaM,vārkṣyaṃ,32129,4-351-a,vArkzI,vārkṣī
skd,main,M-pos/Hi-pos/Hf-slot/G-degem,isolated,1,30858,32143,4-352-b,vArttikaH,vārttikaḥ,32144,4-352-b,vArttikaM,vārttikaṃ
skd,main,M-pos/Hi-pos/Hf-slot/G-degem,isolated,0,30880,32165,4-353-b,vAryyudBavaM,vāryyudbhavaṃ,32166,4-353-b,vAryyaM,vāryyaṃ
skd,main,M-pos/Hi-pos/Hf-slot/G-degem,isolated,0,30881,32166,4-353-b,vAryyaM,vāryyaṃ,32167,4-353-b,vArASiH,vārāśiḥ
skd,main,M-pos/Hi-pos/Hf-slot/G-degem,isolated,1,31005,32292,4-370-a,vAhlikaH,vāhlikaḥ,32293,4-370-a,vAhlikaM,vāhlikaṃ
skd,main,M-pos/Hi-pos/Hf-slot/G-degem,isolated,1,31010,32297,4-370-a,viH,viḥ,32298,4-370-a,viMSaH,viṃśaḥ
skd,main,M-pos/Hi-pos/Hf-slot/G-degem,isolated,0,31045,32334,4-371-c,vikazA,vikaṣā,32335,4-371-c,vakasvaraH,vakasvaraḥ
skd,main,M-pos/Hi-pos/Hf-slot/G-degem,isolated,0,31118,32408,4-376-c,vigamaH,vigamaḥ,32409,4-376-c,viganDakaH,vigandhakaḥ
skd,main,M-pos/Hi-pos/Hf-slot/G-degem,isolated,0,31194,32488,4-380-a,vijapilaM,vijapilaṃ,32489,4-380-a,vijanmA,vijanmā
skd,main,M-pos/Hi-pos/Hf-slot/G-degem,isolated,0,31254,32549,4-383-c,viwiH,viṭiḥ,32550,4-383-c,viw,viṭ
skd,main,M-pos/Hi-pos/Hf-slot/G-degem,isolated,0,31279,32575,4-384-c,viqOjAH,viḍaujāḥ,32576,4-384-c,viq,viḍ
skd,main,M-pos/Hi-pos/Hf-slot/G-degem,isolated,0,31427,32733,4-396-c,viDAH,vidhāḥ,32734,4-396-c,viGAtA,vighātā
skd,main,M-pos/Hi-pos/Hf-slot/G-degem,isolated,0,31518,32827,4-405-b,vinDyavAsI,vindhyavāsī,32828,4-405-b,vinDyavAsinI,vindhyavāsinī
skd,main,M-pos/Hi-pos/Hf-slot/G-degem,isolated,0,31537,32847,4-406-b,vipaTaH,vipathaḥ,32848,4-406-b,vipat,vipat
skd,main,M-pos/Hi-pos/Hf-slot/G-degem,isolated,0,31571,32883,4-408-c,vipratisAraH,vipratisāraḥ,32884,4-408-c,vipratizidDaM,vipratiṣiddhaṃ
skd,main,M-pos/Hi-pos/Hf-slot/G-degem,isolated,1,31698,33013,4-417-a,virajAH,virajāḥ,33014,4-417-a,virajA,virajā
skd,main,M-pos/Hi-pos/Hf-slot/G-degem,isolated,0,31857,33175,4-433-b,vivruvan,vivruvan,33176,4-433-b,vivoQA,vivoḍhā
skd,main,M-pos/Hi-pos/Hf-slot/G-degem,isolated,0,31914,33235,4-436-b,viSezaviDiH,viśeṣavidhiḥ,33236,4-436-b,viSezaRaM,viśeṣaṇaṃ
skd,main,M-pos/Hi-pos/Hf-slot/G-degem,isolated,0,31947,33270,4-438-a,viSvaketuH,viśvaketuḥ,33271,4-438-a,viSvak,viśvak
skd,main,M-pos/Hi-pos/Hf-slot/G-degem,isolated,0,32049,33375,4-448-b,vizamasTaH,viṣamasthaḥ,33376,4-448-b,vizamaSizwaH,viṣamaśiṣṭaḥ
skd,main,M-pos/Hi-pos/Hf-slot/G-degem,isolated,1,32117,33446,4-452-c,vizRuH,viṣṇuḥ,33447,4-457-b,vizRufkzaM,viṣṇuṛkṣaṃ
skd,main,M-pos/Hi-pos/Hf-slot/G-degem,isolated,0,32144,33473,4-460-c,vizRuSilA,viṣṇuśilā,33474,4-460-c,vizRu,viṣṇu
skd,main,M-pos/Hi-pos/Hf-slot/G-degem,isolated,0,32227,33557,4-465-b,vihAyAH,vihāyāḥ,33558,4-465-b,vihAyasaM,vihāyasaṃ
skd,main,M-pos/Hi-pos/Hf-slot/G-degem,isolated,0,32291,33621,4-469-c,vInAvAdakaH,vīnāvādakaḥ,33622,4-469-c,vIRAsyaH,vīṇāsyaḥ
skd,main,M-pos/Hi-pos/Hf-slot/G-degem,isolated,0,32322,33654,4-473-a,vIraparRaM,vīraparṇaṃ,33655,4-473-a,vIrapatnI,vīrapatnī
skd,main,M-pos/Hi-pos/Hf-slot/G-degem,isolated,0,32389,33724,4-477-b,vfkzaBavanaM,vṛkṣabhavanaṃ,33725,4-477-b,vfkzaBakzA,vṛkṣabhakṣā
skd,main,M-pos/Hi-pos/Hf-slot/G-degem,isolated,0,32578,33932,4-492-a,vfhatIpatiH,vṛhatīpatiḥ,33933,4-492-a,vfhat,vṛhat
skd,main,M-pos/Hi-pos/Hf-slot/G-degem,isolated,0,32606,33960,4-492-c,vfhadvIjaH,vṛhadvījaḥ,33961,4-492-c,vfhadBawwArikA,vṛhadbhaṭṭārikā
skd,main,M-pos/Hi-pos/Hf-slot/G-degem,isolated,0,32636,33990,4-494-b,veRiveDanI,veṇivedhanī,33991,4-494-b,veRimADavaH,veṇimādhavaḥ
skd,main,M-pos/Hi-pos/Hf-slot/G-degem,isolated,0,32691,34045,4-502-c,vedAraH,vedāraḥ,34046,4-503-a,vedAByAsaH,vedābhyāsaḥ
skd,main,M-pos/Hi-pos/Hf-slot/G-degem,isolated,0,33115,34476,4-550-a,vyApikA,vyāpikā,34477,4-550-b,vyApAraH,vyāpāraḥ
skd,main,M-pos/Hi-pos/Hf-slot/G-degem,isolated,0,33235,34600,4-564-c,vrIqa,vrīḍa,34601,4-564-c,brIqaH,brīḍaḥ
skd,main,M-pos/Hi-pos/Hf-slot/G-degem,isolated,1,33257,34623,5-001-b,SaH,śaḥ,34624,5-001-b,SaMyuH,śaṃyuḥ
skd,main,M-pos/Hi-pos/Hf-slot/G-degem,isolated,0,33468,34843,5-015-a,SatapatrI,śatapatrī,34844,5-015-b,SatapatrikA,śatapatrikā
skd,main,M-pos/Hi-pos/Hf-slot/G-degem,isolated,0,33518,34894,5-017-c,SatyaH,śatyaḥ,34895,5-017-c,SattriH,śattriḥ
skd,main,M-pos/Hi-pos/Hf-slot/G-degem,isolated,1,33700,35082,5-033-a,SardDaH,śarddhaḥ,35083,5-033-a,SardDaMjahaH,śarddhaṃjahaḥ
skd,main,M-pos/Hi-pos/Hf-slot/G-degem,isolated,0,33703,35085,5-033-a,Sarvva,śarvva,35086,5-033-a,Sarmma,śarmma
skd,main,M-pos/Hi-pos/Hf-slot/G-degem,isolated,0,33705,35087,5-033-a,SarmmA,śarmmā,35088,5-033-c,SarmmaraH,śarmmaraḥ
skd,main,M-pos/Hi-pos/Hf-slot/G-degem,isolated,0,33848,35237,5-042-c,SAkavAleyaH,śākavāleyaḥ,35238,5-042-c,SAkamBarI,śākambharī
skd,main,M-pos/Hi-pos/Hf-slot/G-degem,isolated,0,33894,35283,5-044-c,SAKAmlA,śākhāmlā,35284,5-044-c,SAKAmfgaH,śākhāmṛgaḥ
skd,main,M-pos/Hi-pos/Hf-slot/G-degem,isolated,1,33946,35335,5-046-b,SAntaH,śāntaḥ,35337,5-046-c,SAntaM,śāntaṃ
skd,main,M-pos/Hi-pos/Hf-slot/G-degem,isolated,0,34085,35480,5-067-b,SAskulikaM,śāskulikaṃ,35481,5-067-b,SAsa,śāsa
skd,main,M-pos/Hi-pos/Hf-slot/G-degem,isolated,0,34340,35742,5-105-b,SivApriyaH,śivāpriyaḥ,35743,5-105-b,SivApIqaH,śivāpīḍaḥ
skd,main,M-pos/Hi-pos/Hf-slot/G-degem,isolated,0,34463,35872,5-111-c,SItyaM,śītyaṃ,35873,5-111-c,SItkAraH,śītkāraḥ
skd,main,M-pos/Hi-pos/Hf-slot/G-degem,isolated,0,34467,35876,5-111-c,SIDupaH,śīdhupaḥ,35877,5-111-c,SIDuganDaH,śīdhugandhaḥ
skd,main,M-pos/Hi-pos/Hf-slot/G-degem,isolated,0,34478,35888,5-112-a,SIrRamAlA,śīrṇamālā,35889,5-112-a,SIrRapatraH,śīrṇapatraḥ
skd,main,M-pos/Hi-pos/Hf-slot/G-degem,isolated,0,34503,35915,5-113-a,Suka,śuka,35916,5-113-a,Suk,śuk
skd,main,M-pos/Hi-pos/Hf-slot/G-degem,isolated,0,34522,35934,5-114-a,SukavarhaM,śukavarhaṃ,35935,5-114-a,Sukam,śukam
skd,main,M-pos/Hi-pos/Hf-slot/G-degem,isolated,0,34596,36012,5-119-b,SuwIryyaM,śuṭīryyaṃ,36013,5-119-b,Suwa,śuṭa
skd,main,M-pos/Hi-pos/Hf-slot/G-degem,isolated,1,34644,36064,5-123-b,SuBaH,śubhaḥ,36065,5-123-c,SuBaMyuH,śubhaṃyuḥ
skd,main,M-pos/Hi-pos/Hf-slot/G-degem,isolated,0,34679,36100,5-124-c,SuSruvAn,śuśruvān,36101,5-124-c,SaSrUH,śaśrūḥ
skd,main,M-pos/Hi-pos/Hf-slot/G-degem,isolated,1,34703,36124,5-125-b,SuzmaH,śuṣmaḥ,36125,5-125-b,Suzma,śuṣma
skd,main,M-pos/Hi-pos/Hf-slot/G-degem,isolated,0,34708,36129,5-126-a,SUkakowaH,śūkakoṭaḥ,36130,5-126-a,SUkakIwakaH,śūkakīṭakaḥ
skd,main,M-pos/Hi-pos/Hf-slot/G-degem,isolated,0,34710,36131,5-126-a,SUkatfRaM,śūkatṛṇaṃ,36132,5-126-a,SUkaqI,śūkaḍī
skd,main,M-pos/Hi-pos/Hf-slot/G-degem,isolated,0,34775,36197,5-130-b,SUrmmiH,śūrmmiḥ,36198,5-130-b,SarmmikA,śarmmikā
skd,main,M-pos/Hi-pos/Hf-slot/G-degem,isolated,0,34804,36227,5-133-a,SUlyapAkaH,śūlyapākaḥ,36228,5-133-a,SUya,śūya
skd,main,M-pos/Hi-pos/Hf-slot/G-degem,isolated,0,34895,36322,5-137-b,SElavIjaH,śailavījaḥ,36323,5-137-b,SElaBittiH,śailabhittiḥ
skd,main,M-pos/Hi-pos/Hf-slot/G-degem,isolated,0,35038,36470,5-146-b,SmaSAnaveSmA,śmaśānaveśmā,36471,5-146-b,SmaSAnavAsinI,śmaśānavāsinī
skd,main,M-pos/Hi-pos/Hf-slot/G-degem,isolated,0,35185,36628,5-167-b,SrImAn,śrīmān,36630,5-167-c,SrImalApahA,śrīmalāpahā
skd,main,M-pos/Hi-pos/Hf-slot/G-degem,isolated,0,35191,36635,5-168-b,SrIrasaH,śrīrasaḥ,36636,5-168-b,SrIraNgapattanaM,śrīraṅgapattanaṃ
skd,main,M-pos/Hi-pos/Hf-slot/G-degem,isolated,0,35231,36676,5-170-b,SrutArTaH,śrutārthaḥ,36677,5-170-b,SrutAyuH,śrutāyuḥ
skd,main,M-pos/Hi-pos/Hf-slot/G-degem,isolated,0,35434,36890,5-183-c,SvetavAsAH,śvetavāsāḥ,36891,5-183-c,SvetavAH,śvetavāḥ
skd,main,M-pos/Hi-pos/Hf-slot/G-degem,isolated,1,35442,36898,5-183-c,SvetaSigruH,śvetaśigruḥ,36899,5-184-a,SvetaSiMSapA,śvetaśiṃśapā
skd,main,M-pos/Hi-pos/Hf-slot/G-degem,isolated,0,35460,36916,5-184-b,SvetraM,śvetraṃ,36917,5-184-b,SvetOhI,śvetauhī
skd,main,M-pos/Hi-pos/Hf-slot/G-degem,isolated,0,35468,36926,5-185-a,zawa,ṣaṭa,36927,5-185-a,zaw,ṣaṭ
skd,main,M-pos/Hi-pos/Hf-slot/G-degem,isolated,1,35646,37126,5-199-b,saH,saḥ,37127,5-199-b,saMgrAhI,saṃgrāhī
skd,main,M-pos/Hi-pos/Hf-slot/G-degem,isolated,0,35660,37140,5-200-a,saMyadvaraH,saṃyadvaraḥ,37141,5-200-a,saMyattA,saṃyattā
skd,main,M-pos/Hi-pos/Hf-slot/G-degem,isolated,0,35714,37194,5-203-a,saMvittiH,saṃvittiḥ,37195,5-203-a,saMvit,saṃvit
skd,main,M-pos/Hi-pos/Hf-slot/G-degem,isolated,1,35812,37294,5-208-c,saMhftiH,saṃhṛtiḥ,37295,5-208-c,saMkzayaH,saṃkṣayaḥ
skd,main,M-pos/Hi-pos/Hf-slot/G-degem,isolated,0,35815,37297,5-208-c,saMkzepaH,saṃkṣepaḥ,37298,5-208-c,saMkzubDaH,saṃkṣubdhaḥ
skd,main,M-pos/Hi-pos/Hf-slot/G-degem,isolated,0,35820,37302,5-208-c,sakA,sakā,37303,5-208-c,sakawaH,sakaṭaḥ
skd,main,M-pos/Hi-pos/Hf-slot/G-degem,isolated,0,35832,37314,5-209-b,sakulyaH,sakulyaḥ,37315,5-209-b,sakulI,sakulī
skd,main,M-pos/Hi-pos/Hf-slot/G-degem,isolated,0,35879,37361,5-212-a,saNkalpayoniH,saṅkalpayoniḥ,37362,5-212-a,saNkamukaH,saṅkamukaḥ
skd,main,M-pos/Hi-pos/Hf-slot/G-degem,isolated,0,35981,37466,5-221-a,saYcArI,sañcārī,37467,5-221-b,saYcAriRI,sañcāriṇī
skd,main,M-pos/Hi-pos/Hf-slot/G-degem,isolated,0,36025,37510,5-223-a,sateraH,sateraḥ,37511,5-223-a,sat,sat
skd,main,M-pos/Hi-pos/Hf-slot/G-degem,isolated,0,36041,37528,5-224-b,satrAjit,satrājit,37529,5-224-b,sattriH,sattriḥ
skd,main,M-pos/Hi-pos/Hf-slot/G-degem,isolated,0,36092,37580,5-231-a,satyApanA,satyāpanā,37581,5-231-a,satyAdyaH,satyādyaḥ
skd,main,M-pos/Hi-pos/Hf-slot/G-degem,isolated,1,36103,37591,5-231-b,sadana,sadana,37592,5-231-b,sadaH,sadaḥ
skd,main,M-pos/Hi-pos/Hf-slot/G-degem,isolated,0,36139,37627,5-236-c,sadyoBAvI,sadyobhāvī,37628,5-236-c,saduH,saduḥ
skd,main,M-pos/Hi-pos/Hf-slot/G-degem,isolated,0,36295,37789,5-260-c,saptamagodAvaraM,saptamagodāvaraṃ,37790,5-260-c,saptacCadaH,saptacchadaḥ
skd,main,M-pos/Hi-pos/Hf-slot/G-degem,isolated,0,36535,38033,5-277-c,samudBUtaH,samudbhūtaḥ,38034,5-277-c,samudayaM,samudayaṃ
skd,main,M-pos/Hi-pos/Hf-slot/G-degem,isolated,0,36598,38096,5-281-a,sampattiH,sampattiḥ,38097,5-281-a,sampat,sampat
skd,main,M-pos/Hi-pos/Hf-slot/G-degem,isolated,0,36749,38256,5-294-a,saritsutaH,saritsutaḥ,38257,5-294-a,saritAMnATaH,saritāṃnāthaḥ
skd,main,M-pos/Hi-pos/Hf-slot/G-degem,isolated,0,36787,38295,5-295-b,sarjjI,sarjjī,38296,5-295-b,sarjjaH,sarjjaḥ
skd,main,M-pos/Hi-pos/Hf-slot/G-degem,isolated,1,36830,38339,5-302-b,sarvvaH,sarvvaḥ,38341,5-302-c,sarvvaMsahA,sarvvaṃsahā
skd,main,M-pos/Hi-pos/Hf-slot/G-degem,isolated,0,36888,38399,5-307-c,sarvvarttuPalaM,sarvvarttuphalaṃ,38400,5-307-c,sarvvarakzaRakavacaM,sarvvarakṣaṇakavacaṃ
skd,main,M-pos/Hi-pos/Hf-slot/G-degem,isolated,1,36901,38412,5-308-b,sarvvasaNgataH,sarvvasaṅgataḥ,38413,5-308-b,sarvvasaMsargalavanaM,sarvvasaṃsargalavanaṃ
skd,main,M-pos/Hi-pos/Hf-slot/G-degem,isolated,0,36922,38433,5-309-a,sarvvArTAnusADinI,sarvvārthānusādhinī,38434,5-309-b,sarvvArTasidDaH,sarvvārthasiddhaḥ
skd,main,M-pos/Hi-pos/Hf-slot/G-degem,isolated,0,36942,38453,5-311-b,sallakI,sallakī,38454,5-311-b,saMvaraM,saṃvaraṃ
skd,main,M-pos/Hi-pos/Hf-slot/G-degem,isolated,0,37120,38638,5-324-c,sAcivyaM,sācivyaṃ,38639,5-325-a,sAcivAwikA,sācivāṭikā
skd,main,M-pos/Hi-pos/Hf-slot/G-degem,isolated,0,37321,38850,5-340-c,sArivA,sārivā,38851,5-340-c,sAri,sāri
skd,main,M-pos/Hi-pos/Hf-slot/G-degem,isolated,0,37434,38965,5-347-b,sikatilaH,sikatilaḥ,38966,5-347-b,sik,sik
skd,main,M-pos/Hi-pos/Hf-slot/G-degem,isolated,0,37485,39017,5-348-b,sitaSivaM,sitaśivaṃ,39018,5-348-b,sitaSiMSapA,sitaśiṃśapā
skd,main,M-pos/Hi-pos/Hf-slot/G-degem,isolated,0,37618,39153,5-353-c,sinDulavaRaM,sindhulavaṇaṃ,39154,5-353-c,sinDu,sindhu
skd,main,M-pos/Hi-pos/Hf-slot/G-degem,isolated,1,37770,39312,5-365-b,suganDiH,sugandhiḥ,39313,5-365-c,suganDi,sugandhi
skd,main,M-pos/Hi-pos/Hf-slot/G-degem,isolated,0,37849,39391,5-368-c,sudaSanaH,sudaśanaḥ,39392,5-369-a,sudarSanacUrRaM,sudarśanacūrṇaṃ
skd,main,M-pos/Hi-pos/Hf-slot/G-degem,isolated,0,37949,39497,5-374-a,supanTAH,supanthāḥ,39498,5-374-a,supadmaH,supadmaḥ
skd,main,M-pos/Hi-pos/Hf-slot/G-degem,isolated,0,37977,39526,5-375-a,supUrakaH,supūrakaḥ,39527,5-375-a,sup,sup
skd,main,M-pos/Hi-pos/Hf-slot/G-degem,isolated,0,38223,39781,5-386-a,suvarRakaH,suvarṇakaḥ,39782,5-386-a,suvaRnakadalI,suvaṇnakadalī
skd,main,M-pos/Hi-pos/Hf-slot/G-degem,isolated,0,38237,39795,5-386-c,suvarRI,suvarṇī,39796,5-386-c,suvayAH,suvayāḥ
skd,main,M-pos/Hi-pos/Hf-slot/G-degem,isolated,0,38254,39812,5-387-a,suvinItA,suvinītā,39813,5-387-a,subIjaH,subījaḥ
skd,main,M-pos/Hi-pos/Hf-slot/G-degem,isolated,0,38280,39839,5-388-a,suSIvikA,suśīvikā,39840,5-388-a,suSImaH,suśīmaḥ
skd,main,M-pos/Hi-pos/Hf-slot/G-degem,isolated,0,38304,39864,5-389-a,susavI,susavī,39865,5-389-b,susampat,susampat
skd,main,M-pos/Hi-pos/Hf-slot/G-degem,isolated,0,38402,39966,5-393-b,sUtikAvAsaH,sūtikāvāsaḥ,39967,5-393-b,sUtikArogaH,sūtikārogaḥ
skd,main,M-pos/Hi-pos/Hf-slot/G-degem,isolated,0,38812,40391,5-430-c,skanDavandanA,skandhavandanā,40392,5-430-c,skanDamallakaH,skandhamallakaḥ
skd,main,M-pos/Hi-pos/Hf-slot/G-degem,isolated,0,38917,40500,5-435-c,stoma,stoma,40501,5-435-c,stoBaM,stobhaṃ
skd,main,M-pos/Hi-pos/Hf-slot/G-degem,isolated,0,38938,40521,5-441-b,strIparaH,strīparaḥ,40522,5-441-c,strIpaRyopajIvI,strīpaṇyopajīvī
skd,main,M-pos/Hi-pos/Hf-slot/G-degem,isolated,1,39111,40703,5-451-b,sTUlaSAwikA,sthūlaśāṭikā,40704,5-451-b,sTUlaSAwiH,sthūlaśāṭiḥ
skd,main,M-pos/Hi-pos/Hf-slot/G-degem,isolated,0,39131,40723,5-452-a,sTOrI,sthaurī,40724,5-452-a,sTOReyaM,sthauṇeyaṃ
skd,main,M-pos/Hi-pos/Hf-slot/G-degem,isolated,0,39370,40976,5-465-c,sraka,sraka,40977,5-465-c,srak,srak
skd,main,M-pos/Hi-pos/Hf-slot/G-degem,isolated,1,39406,41014,5-467-a,sruvAvfkzaH,sruvāvṛkṣaḥ,41015,5-467-a,sruH,sruḥ
skd,main,M-pos/Hi-pos/Hf-slot/G-degem,isolated,1,39410,41018,5-467-a,srotaH,srotaḥ,41019,5-467-b,srotaISaH,srotaīśaḥ
skd,main,M-pos/Hi-pos/Hf-slot/G-degem,isolated,0,39415,41023,5-467-b,srotoYjanaM,srotoñjanaṃ,41024,5-467-c,srotAvahA,srotāvahā
skd,main,M-pos/Hi-pos/Hf-slot/G-degem,isolated,0,39465,41078,5-473-c,svapnakft,svapnakṛt,41079,5-473-c,svapnak,svapnak
skd,main,M-pos/Hi-pos/Hf-slot/G-degem,isolated,1,39475,41088,5-474-a,svayaMhArikA,svayaṃhārikā,41089,5-474-b,svayaMkftaH,svayaṃkṛtaḥ
skd,main,M-pos/Hi-pos/Hf-slot/G-degem,isolated,1,39479,41092,5-474-b,svayamupasTitaH,svayamupasthitaḥ,41093,5-474-b,svayaMpraBaH,svayaṃprabhaḥ
skd,main,M-pos/Hi-pos/Hf-slot/G-degem,isolated,1,39482,41095,5-474-c,svayamBuvaH,svayambhuvaḥ,41096,5-474-c,svayaMBuvA,svayaṃbhuvā
skd,main,M-pos/Hi-pos/Hf-slot/G-degem,isolated,0,39485,41098,5-474-c,svara,svara,41099,5-474-c,svar,svar
skd,main,M-pos/Hi-pos/Hf-slot/G-degem,isolated,0,39517,41131,5-486-a,svargiriH,svargiriḥ,41132,5-486-a,svargibaDUH,svargibadhūḥ
skd,main,M-pos/Hi-pos/Hf-slot/G-degem,isolated,0,39555,41169,5-488-a,svarRayUTI,svarṇayūthī,41170,5-488-a,svarRanlatA,svarṇanlatā
skd,main,M-pos/Hi-pos/Hf-slot/G-degem,isolated,0,39582,41196,5-489-a,svavAminI,svavāminī,41197,5-489-a,svabIjaH,svabījaḥ
skd,main,M-pos/Hi-pos/Hf-slot/G-degem,isolated,0,39644,41263,5-492-c,svAyamBuvI,svāyambhuvī,41264,5-492-c,svarAw,svarāṭ
skd,main,M-pos/Hi-pos/Hf-slot/G-degem,isolated,1,39683,41304,5-499-a,haH,haḥ,41305,5-499-a,haMsaH,haṃsaḥ
skd,main,M-pos/Hi-pos/Hf-slot/G-degem,isolated,1,39703,41324,5-500-c,haMsavAhanaH,haṃsavāhanaḥ,41325,5-501-a,haMmANGriH,haṃmāṅghriḥ
skd,main,M-pos/Hi-pos/Hf-slot/G-degem,isolated,0,39754,41375,5-503-a,hana,hana,41376,5-503-a,han,han
skd,main,M-pos/Hi-pos/Hf-slot/G-degem,isolated,0,39772,41394,5-504-b,havuzA,havuṣā,41395,5-504-b,hambA,hambā
skd,main,M-pos/Hi-pos/Hf-slot/G-degem,isolated,0,39876,41502,5-518-a,hAralocanaH,hāralocanaḥ,41503,5-518-a,harivarzaM,harivarṣaṃ
skd,main,M-pos/Hi-pos/Hf-slot/G-degem,isolated,0,39877,41503,5-518-a,harivarzaM,harivarṣaṃ,41504,5-518-a,harivaMSaH,harivaṃśaḥ
skd,main,M-pos/Hi-pos/Hf-slot/G-degem,isolated,0,39896,41522,5-520-c,hariharAtmakaH,hariharātmakaḥ,41523,5-520-c,haritakI,haritakī
skd,main,M-pos/Hi-pos/Hf-slot/G-degem,isolated,1,39946,41577,5-525-c,havaH,havaḥ,41578,5-525-c,hava,hava
skd,main,M-pos/Hi-pos/Hf-slot/G-degem,isolated,0,40200,41841,5-539-b,himAhvayaH,himāhvayaḥ,41842,5-539-b,himASrayA,himāśrayā
skd,main,M-pos/Hi-pos/Hf-slot/G-degem,isolated,0,40298,41942,5-545-a,hftkampaH,hṛtkampaḥ,41943,5-545-a,hftaM,hṛtaṃ
skd,main,M-pos/Hi-pos/Hf-slot/G-degem,isolated,0,40482,42138,5-554-a,hrasvaH,hrasvaḥ,42139,5-554-b,asvaH,asvaḥ
skd,main,M-pos/Hi-pos/Hf-slot/G-degem,isolated,0,40536,42195,5-555-c,hve,hve,42196,5-555-c,La,ḻa
vcp,main,M-pos/Hi-pos/Hf-drop/G-degem,isolated,0,22,26,"0037,a",aMsatra,aṃsatra,27,"0037,a",aMsakUwa,aṃsakūṭa
vcp,main,M-pos/Hi-pos/Hf-drop/G-degem,isolated,0,100,105,"0041,a",akrAntA,akrāntā,106,"0041,a",akratu,akratu
vcp,main,M-pos/Hi-pos/Hf-drop/G-degem,isolated,0,139,145,"0044,a",akzaracaRa,akṣaracaṇa,146,"0044,b",akzaracaYcu,akṣaracañcu
vcp,main,M-pos/Hi-pos/Hf-drop/G-degem,isolated,0,145,151,"0044,b",akzaranyAsa,akṣaranyāsa,152,"0044,b",akzarajIvika,akṣarajīvika
vcp,main,M-pos/Hi-pos/Hf-drop/G-degem,isolated,0,197,203,"0046,b",aKewika,akheṭika,204,"0046,b",aKAta,akhāta
vcp,main,M-pos/Hi-pos/Hf-drop/G-degem,isolated,0,235,244,"0048,b",agnAvizRu,agnāviṣṇu,245,"0048,b",agnAyI,agnāyī
vcp,main,M-pos/Hi-pos/Hf-drop/G-degem,isolated,0,311,320,"0059,b",agnivardDaka,agnivarddhaka,321,"0059,b",agnivarRRa,agnivarṇṇa
vcp,main,M-pos/Hi-pos/Hf-drop/G-degem,isolated,0,338,347,"0061,b",agnistamBa,agnistambha,348,"0061,b",agnizvAtta,agniṣvātta
vcp,main,M-pos/Hi-pos/Hf-drop/G-degem,isolated,1,374,383,"0065,b",agratas,agratas,384,"0065,b",agrataHsara,agrataḥsara
vcp,main,M-pos/Hi-pos/Hf-drop/G-degem,isolated,0,416,425,"0067,b",agregA,agregā,426,"0067,b",agrega,agrega
vcp,main,M-pos/Hi-pos/Hf-drop/G-degem,isolated,0,481,493,"0071,b",aNkowa,aṅkoṭa,494,"0071,b",aNkIlaka,aṅkīlaka
vcp,main,M-pos/Hi-pos/Hf-drop/G-degem,isolated,0,483,495,"0071,b",aNkolikA,aṅkolikā,496,"0071,b",aNkolasAra,aṅkolasāra
vcp,main,M-pos/Hi-pos/Hf-drop/G-degem,isolated,0,496,509,"0075,a",aNganApriya,aṅganāpriya,510,"0075,a",aNgadanirvyUha,aṅgadanirvyūha
vcp,main,M-pos/Hi-pos/Hf-drop/G-degem,isolated,0,511,524,"0076,a",aNgarAja,aṅgarāja,525,"0076,a",aNgarAj,aṅgarāj
vcp,main,M-pos/Hi-pos/Hf-drop/G-degem,isolated,0,528,541,"0078,a",aNgahAra,aṅgahāra,542,"0078,a",aNgahAni,aṅgahāni
vcp,main,M-pos/Hi-pos/Hf-drop/G-degem,isolated,0,537,550,"0079,b",aNgArakArin,aṅgārakārin,551,"0079,b",aNgArakamaRi,aṅgārakamaṇi
vcp,main,M-pos/Hi-pos/Hf-drop/G-degem,isolated,0,810,834,"0097,b",ata,ata,837,"0097,b",at,at
vcp,main,M-pos/Hi-pos/Hf-drop/G-degem,isolated,0,875,901,"0101,a",atinu,atinu,902,"0101,a",atinidra,atinidra
vcp,main,M-pos/Hi-pos/Hf-drop/G-degem,isolated,0,951,977,"0105,a",ativeDa,ativedha,978,"0105,a",ativegita,ativegita
vcp,main,M-pos/Hi-pos/Hf-drop/G-degem,isolated,0,1053,1079,"0110,a",atyukti,atyukti,1080,"0110,a",atyuktA,atyuktā
vcp,main,M-pos/Hi-pos/Hf-drop/G-degem,isolated,0,1150,1177,"0118,b",adridviz,adridviṣ,1178,"0118,b",adridugDa,adridugdha
vcp,main,M-pos/Hi-pos/Hf-drop/G-degem,isolated,0,1229,1256,"0125,b",aDikatara,adhikatara,1257,"0125,b",aDikatama,adhikatama
vcp,main,M-pos/Hi-pos/Hf-drop/G-degem,isolated,0,1244,1271,"0129,a",aDikArTavacana,adhikārthavacana,1272,"0129,a",aDikAma,adhikāma
vcp,main,M-pos/Hi-pos/Hf-drop/G-degem,isolated,0,1420,1447,"0142,b",aDvaramImAMsA,adhvaramīmāṃsā,1448,"0142,b",aDvaraTa,adhvaratha
vcp,main,M-pos/Hi-pos/Hf-drop/G-degem,isolated,1,1603,1632,"0153,b",anahaNkArin,anahaṅkārin,1633,"0153,b",anahaMkfta,anahaṃkṛta
vcp,main,M-pos/Hi-pos/Hf-drop/G-degem,isolated,1,1605,1634,"0153,b",anahaNkfti,anahaṅkṛti,1635,"0153,b",anahaMvAdin,anahaṃvādin
vcp,main,M-pos/Hi-pos/Hf-drop/G-degem,isolated,0,1671,1700,"0160,a",anAvila,anāvila,1701,"0160,a",anAvidDa,anāviddha
vcp,main,M-pos/Hi-pos/Hf-drop/G-degem,isolated,0,1819,1848,"0173,b",anuttAna,anuttāna,1849,"0173,b",anuttaraNga,anuttaraṅga
vcp,main,M-pos/Hi-pos/Hf-drop/G-degem,isolated,0,1874,1903,"0175,b",anupada,anupada,1904,"0175,b",anupad,anupad
vcp,main,M-pos/Hi-pos/Hf-drop/G-degem,isolated,0,2017,2046,"0185,b",anuviDAyin,anuvidhāyin,2047,"0185,b",anuvidDa,anuviddha
vcp,main,M-pos/Hi-pos/Hf-drop/G-degem,isolated,0,2058,2087,"0188,b",anuzwubgarBA,anuṣṭubgarbhā,2088,"0188,b",anuzaRqa,anuṣaṇḍa
vcp,main,M-pos/Hi-pos/Hf-drop/G-degem,isolated,0,2089,2118,"0190,a",anusyUta,anusyūta,2119,"0190,a",anusamAhAra,anusamāhāra
vcp,main,M-pos/Hi-pos/Hf-drop/G-degem,isolated,0,2112,2141,"0191,a",anUrusAraTi,anūrusārathi,2142,"0191,a",anUrADa,anūrādha
vcp,main,M-pos/Hi-pos/Hf-drop/G-degem,isolated,0,2153,2182,"0194,b",anodana,anodana,2183,"0194,b",anoNkfta,anoṅkṛta
vcp,main,M-pos/Hi-pos/Hf-drop/G-degem,isolated,0,2193,2222,"0198,a",antama,antama,2223,"0198,a",antapAla,antapāla
vcp,main,M-pos/Hi-pos/Hf-drop/G-degem,isolated,0,2261,2290,"0203,a",antarmuKa,antarmukha,2291,"0203,a",antarmAtfkA,antarmātṛkā
vcp,main,M-pos/Hi-pos/Hf-drop/G-degem,isolated,0,2292,2321,"0205,a",antassalila,antassalila,2322,"0205,b",antastApa,antastāpa
vcp,main,M-pos/Hi-pos/Hf-drop/G-degem,isolated,0,2350,2380,"0210,b",anDamBAvuka,andhambhāvuka,2381,"0210,b",anDam,andham
vcp,main,M-pos/Hi-pos/Hf-drop/G-degem,isolated,0,2352,2382,"0210,b",anDAhi,andhāhi,2383,"0210,b",anDavartman,andhavartman
vcp,main,M-pos/Hi-pos/Hf-drop/G-degem,isolated,0,2357,2387,"0211,a",anDula,andhula,2388,"0211,a",anDa,andha
vcp,main,M-pos/Hi-pos/Hf-drop/G-degem,isolated,0,2449,2479,"0218,b",anvavAya,anvavāya,2480,"0218,b",anvayavyatirekin,anvayavyatirekin
vcp,main,M-pos/Hi-pos/Hf-drop/G-degem,isolated,0,2478,2508,"0220,b",anvizwa,anviṣṭa,2509,"0220,b",anviti,anviti
vcp,main,M-pos/Hi-pos/Hf-drop/G-degem,isolated,0,2493,2523,"0221,a",apakarmman,apakarmman,2524,"0221,a",apakarttf,apakarttṛ
vcp,main,M-pos/Hi-pos/Hf-drop/G-degem,isolated,0,2544,2574,"0224,a",apaYcIkfta,apañcīkṛta,2575,"0224,a",apajaya,apajaya
vcp,main,M-pos/Hi-pos/Hf-drop/G-degem,isolated,0,2818,2849,"0242,b",apAkriyA,apākriyā,2850,"0243,a",apAktAt,apāktāt
vcp,main,M-pos/Hi-pos/Hf-drop/G-degem,isolated,0,2884,2915,"0247,a",apIcya,apīcya,2916,"0247,a",apijU,apijū
vcp,main,M-pos/Hi-pos/Hf-drop/G-degem,isolated,0,2980,3011,"0259,a",apratikAra,apratikāra,3012,"0259,a",apratikarmman,apratikarmman
vcp,main,M-pos/Hi-pos/Hf-drop/G-degem,isolated,0,3005,3036,"0261,b",apratisaMKyAniroDa,apratisaṃkhyānirodha,3037,"0261,b",apratiSruta,apratiśruta
vcp,main,M-pos/Hi-pos/Hf-drop/G-degem,isolated,0,3126,3157,"0270,a",abuDya,abudhya,3158,"0270,a",abuDna,abudhna
vcp,main,M-pos/Hi-pos/Hf-drop/G-degem,isolated,0,3145,3176,"0272,a",abdasAra,abdasāra,3177,"0272,a",abdavAhana,abdavāhana
vcp,main,M-pos/Hi-pos/Hf-drop/G-degem,isolated,0,3170,3201,"0273,b",abBrotTa,abbhrottha,3202,"0273,b",abBri,abbhri
vcp,main,M-pos/Hi-pos/Hf-drop/G-degem,isolated,0,3213,3244,"0284,a",aBikrama,abhikrama,3245,"0284,a",aBikftvan,abhikṛtvan
vcp,main,M-pos/Hi-pos/Hf-drop/G-degem,isolated,0,3275,3306,"0288,b",aBidrA,abhidrā,3307,"0288,b",aBidipsu,abhidipsu
vcp,main,M-pos/Hi-pos/Hf-drop/G-degem,isolated,0,3532,3563,"0307,b",aBihvrat,abhihvrat,3564,"0307,b",aBihUti,abhihūti
vcp,main,M-pos/Hi-pos/Hf-drop/G-degem,isolated,0,3587,3618,"0310,a",aByaDva,abhyadhva,3619,"0310,a",aByakzRa,abhyakṣṇa
vcp,main,M-pos/Hi-pos/Hf-drop/G-degem,isolated,0,3673,3704,"0314,a",aByudyata,abhyudyata,3705,"0314,a",aByudDfta,abhyuddhṛta
vcp,main,M-pos/Hi-pos/Hf-drop/G-degem,isolated,0,3684,3715,"0314,b",aByupetyASuSrUzA,abhyupetyāśuśrūṣā,3716,"0314,b",aByupetyA,abhyupetyā
vcp,main,M-pos/Hi-pos/Hf-drop/G-degem,isolated,0,3686,3717,"0314,b",aByuzita,abhyuṣita,3718,"0314,b",aByuza,abhyuṣa
vcp,main,M-pos/Hi-pos/Hf-drop/G-degem,isolated,1,3692,3724,"0315,a",aBraka,abhraka,3725,"0315,a",aBraMliha,abhraṃliha
vcp,main,M-pos/Hi-pos/Hf-drop/G-degem,isolated,0,3717,3749,"0316,a",ama,ama,3752,"0316,a",am,am
vcp,main,M-pos/Hi-pos/Hf-drop/G-degem,isolated,0,3725,3759,"0318,b",amatra,amatra,3760,"0318,b",amatta,amatta
vcp,main,M-pos/Hi-pos/Hf-drop/G-degem,isolated,0,3772,3806,"0320,b",amasa,amasa,3807,"0320,b",amalina,amalina
vcp,main,M-pos/Hi-pos/Hf-drop/G-degem,isolated,0,3782,3816,"0321,b",amAya,amāya,3817,"0321,b",amAnin,amānin
vcp,main,M-pos/Hi-pos/Hf-drop/G-degem,isolated,0,3786,3820,"0321,b",amAvasyA,amāvasyā,3821,"0321,b",amAvasu,amāvasu
vcp,main,M-pos/Hi-pos/Hf-drop/G-degem,isolated,0,3888,3922,"0328,a",ambarOkas,ambaraukas,3923,"0328,b",ambara,ambara
vcp,main,M-pos/Hi-pos/Hf-drop/G-degem,isolated,0,3938,3972,"0332,a",ambuvihAra,ambuvihāra,3973,"0332,a",ambuvisravA,ambuvisravā
vcp,main,M-pos/Hi-pos/Hf-drop/G-degem,isolated,1,3947,3981,"0332,b",amBas,ambhas,3982,"0333,a",amBaHsAra,ambhaḥsāra
vcp,main,M-pos/Hi-pos/Hf-drop/G-degem,isolated,0,3953,3987,"0333,a",amBojazaRqa,ambhojaṣaṇḍa,3988,"0333,a",amBojajanman,ambhojajanman
vcp,main,M-pos/Hi-pos/Hf-drop/G-degem,isolated,0,4027,4062,"0339,b",ayanavalana,ayanavalana,4063,"0339,b",ayanaja,ayanaja
vcp,main,M-pos/Hi-pos/Hf-drop/G-degem,isolated,0,4072,4107,"0344,b",ayugmanetra,ayugmanetra,4108,"0344,b",ayugmacCada,ayugmacchada
vcp,main,M-pos/Hi-pos/Hf-drop/G-degem,isolated,0,4270,4307,"0361,a",aruza,aruṣa,4308,"0361,a",aruz,aruṣ
vcp,main,M-pos/Hi-pos/Hf-drop/G-degem,isolated,0,4335,4375,"0364,a",arcatri,arcatri,4376,"0364,a",arcattrya,arcattrya
vcp,main,M-pos/Hi-pos/Hf-drop/G-degem,isolated,0,4423,4464,"0373,a",arTopamA,arthopamā,4465,"0373,a",arTopakzepaka,arthopakṣepaka
vcp,main,M-pos/Hi-pos/Hf-drop/G-degem,isolated,0,4494,4537,"0378,a",ardDodayAsana,arddhodayāsana,4538,"0378,a",ardDendumOli,arddhendumauli
vcp,main,M-pos/Hi-pos/Hf-drop/G-degem,isolated,0,4520,4563,"0380,a",arvvAc,arvvāc,4564,"0380,a",arvAgvasu,arvāgvasu
vcp,main,M-pos/Hi-pos/Hf-drop/G-degem,isolated,0,4572,4618,"0409,a",alaYjura,alañjura,4619,"0409,a",alaYjIvika,alañjīvika
vcp,main,M-pos/Hi-pos/Hf-drop/G-degem,isolated,0,4576,4622,"0409,a",alanDana,alandhana,4623,"0409,a",alantarAm,alantarām
vcp,main,M-pos/Hi-pos/Hf-drop/G-degem,isolated,0,4587,4633,"0409,b",alaya,alaya,4634,"0409,b",alambusA,alambusā
vcp,main,M-pos/Hi-pos/Hf-drop/G-degem,isolated,0,4589,4635,"0409,b",alarka,alarka,4636,"0410,a",alapas,alapas
vcp,main,M-pos/Hi-pos/Hf-drop/G-degem,isolated,0,4596,4642,"0410,b",alAbU,alābū,4643,"0410,b",alAbumaya,alābumaya
vcp,main,M-pos/Hi-pos/Hf-drop/G-degem,isolated,0,4672,4719,"0416,b",avakuYcana,avakuñcana,4720,"0416,b",avakIrRivratam,avakīrṇivratam
vcp,main,M-pos/Hi-pos/Hf-drop/G-degem,isolated,0,4826,4873,"0429,a",avanAya,avanāya,4874,"0429,a",avanAma,avanāma
vcp,main,M-pos/Hi-pos/Hf-drop/G-degem,isolated,0,4877,4924,"0432,a",avamAnin,avamānin,4925,"0432,a",avamAnanIya,avamānanīya
vcp,main,M-pos/Hi-pos/Hf-drop/G-degem,isolated,0,4988,5036,"0445,b",avasarpin,avasarpin,5037,"0445,b",avasarga,avasarga
vcp,main,M-pos/Hi-pos/Hf-drop/G-degem,isolated,0,5049,5097,"0448,b",avAkSruti,avākśruti,5098,"0448,b",avAkin,avākin
vcp,main,M-pos/Hi-pos/Hf-drop/G-degem,isolated,0,5052,5100,"0448,b",avANmuKa,avāṅmukha,5101,"0448,b",avANmanasagocara,avāṅmanasagocara
vcp,main,M-pos/Hi-pos/Hf-drop/G-degem,isolated,0,5056,5104,"0449,a",avAta,avāta,5105,"0449,a",avAYcita,avāñcita
vcp,main,M-pos/Hi-pos/Hf-drop/G-degem,isolated,0,5057,5105,"0449,a",avAYcita,avāñcita,5106,"0449,a",avAcyadeSa,avācyadeśa
vcp,main,M-pos/Hi-pos/Hf-drop/G-degem,isolated,0,5128,5176,"0458,a",avidugDa,avidugdha,5177,"0458,a",avidita,avidita
vcp,main,M-pos/Hi-pos/Hf-drop/G-degem,isolated,0,5129,5177,"0458,a",avidita,avidita,5178,"0458,a",avidAhin,avidāhin
vcp,main,M-pos/Hi-pos/Hf-drop/G-degem,isolated,0,5198,5246,"0463,a",aviSvAsin,aviśvāsin,5247,"0463,a",aviSlizwa,aviśliṣṭa
vcp,main,M-pos/Hi-pos/Hf-drop/G-degem,isolated,0,5257,5305,"0466,a",avda,avda,5306,"0466,a",abdapa,abdapa
vcp,main,M-pos/Hi-pos/Hf-drop/G-degem,isolated,0,5280,5328,"0469,b",avyaBicArin,avyabhicārin,5329,"0470,a",avyaBicAra,avyabhicāra
vcp,main,M-pos/Hi-pos/Hf-drop/G-degem,isolated,0,5313,5361,"0472,b",avyutpanna,avyutpanna,5362,"0472,b",avyutTiti,avyutthiti
vcp,main,M-pos/Hi-pos/Hf-drop/G-degem,isolated,0,5321,5370,"0473,a",aSakti,aśakti,5371,"0473,b",aSakumBI,aśakumbhī
vcp,main,M-pos/Hi-pos/Hf-drop/G-degem,isolated,0,5450,5499,"0497,a",aSrOta,aśrauta,5500,"0497,a",aSAGA,aśāghā
vcp,main,M-pos/Hi-pos/Hf-drop/G-degem,isolated,0,5462,5511,"0505,a",aSvaKura,aśvakhura,5512,"0505,a",aSvakinI,aśvakinī
vcp,main,M-pos/Hi-pos/Hf-drop/G-degem,isolated,0,5583,5633,"0518,a",azwadiS,aṣṭadiś,5634,"0518,a",azwadikkariRI,aṣṭadikkariṇī
vcp,main,M-pos/Hi-pos/Hf-drop/G-degem,isolated,0,5591,5641,"0518,b",azwapAd,aṣṭapād,5642,"0518,b",azwapadikA,aṣṭapadikā
vcp,main,M-pos/Hi-pos/Hf-drop/G-degem,isolated,0,5634,5684,"0525,b",azwAviMSatitattva,aṣṭāviṃśatitattva,5685,"0526,a",azwAra,aṣṭāra
vcp,main,M-pos/Hi-pos/Hf-drop/G-degem,isolated,0,5726,5778,"0541,b",asamaYjasa,asamañjasa,5779,"0541,b",asamaYjas,asamañjas
vcp,main,M-pos/Hi-pos/Hf-drop/G-degem,isolated,0,5735,5787,"0542,b",asamazwa,asamaṣṭa,5788,"0542,b",asamavAyikAraRa,asamavāyikāraṇa
vcp,main,M-pos/Hi-pos/Hf-drop/G-degem,isolated,0,5802,5854,"0550,b",asAmarTya,asāmarthya,5855,"0550,b",asAmayika,asāmayika
vcp,main,M-pos/Hi-pos/Hf-drop/G-degem,isolated,0,5861,5915,"0558,a",asurAryya,asurāryya,5916,"0558,a",asurADipa,asurādhipa
vcp,main,M-pos/Hi-pos/Hf-drop/G-degem,isolated,0,5865,5919,"0558,a",asuzvi,asuṣvi,5920,"0558,a",asulaBa,asulabha
vcp,main,M-pos/Hi-pos/Hf-drop/G-degem,isolated,0,5982,6036,"0570,b",asmad,asmad,6037,"0570,b",asmattrA,asmattrā
vcp,main,M-pos/Hi-pos/Hf-drop/G-degem,isolated,0,6142,6199,"0586,b",ahorAtra,ahorātra,6200,"0586,b",ahoraTantara,ahorathantara
vcp,main,M-pos/Hi-pos/Hf-drop/G-degem,isolated,0,6152,6209,"0586,b",ahruta,ahruta,6210,"0586,b",ahrIka,ahrīka
vcp,main,M-pos/Hi-pos/Hf-drop/G-degem,isolated,0,6159,6216,"0587,a",Akampita,ākampita,6217,"0587,a",Akatya,ākatya
vcp,main,M-pos/Hi-pos/Hf-drop/G-degem,isolated,0,6213,6270,"0600,a",AkIrRRa,ākīrṇṇa,6271,"0600,a",AkIm,ākīm
vcp,main,M-pos/Hi-pos/Hf-drop/G-degem,isolated,0,6223,6280,"0600,b",AkUta,ākūta,6281,"0600,b",AkURita,ākūṇita
vcp,main,M-pos/Hi-pos/Hf-drop/G-degem,isolated,0,6264,6321,"0603,a",AkzEtrajYa,ākṣaitrajña,6322,"0603,a",Akzepin,ākṣepin
vcp,main,M-pos/Hi-pos/Hf-drop/G-degem,isolated,0,6282,6339,"0603,b",AKuBuj,ākhubhuj,6340,"0604,a",AKukarIza,ākhukarīṣa
vcp,main,M-pos/Hi-pos/Hf-drop/G-degem,isolated,0,6392,6450,"0625,a",Acatura,ācatura,6451,"0625,a",Acakzus,ācakṣus
vcp,main,M-pos/Hi-pos/Hf-drop/G-degem,isolated,0,6402,6460,"0630,a",Acarita,ācarita,6461,"0630,a",AcaraRIya,ācaraṇīya
vcp,main,M-pos/Hi-pos/Hf-drop/G-degem,isolated,0,6787,6845,"0710,a",ADAyaka,ādhāyaka,6846,"0710,a",ADAnika,ādhānika
vcp,main,M-pos/Hi-pos/Hf-drop/G-degem,isolated,0,6935,6993,"0732,b",Anfta,ānṛta,6994,"0732,b",AnfRya,ānṛṇya
vcp,main,M-pos/Hi-pos/Hf-drop/G-degem,isolated,0,6946,7004,"0733,a",AntarAgArika,āntarāgārika,7005,"0733,a",AntaraprapaYca,āntaraprapañca
vcp,main,M-pos/Hi-pos/Hf-drop/G-degem,isolated,0,7014,7073,"0744,a",ApAtalikA,āpātalikā,7074,"0744,b",ApAtatas,āpātatas
vcp,main,M-pos/Hi-pos/Hf-drop/G-degem,isolated,0,7070,7129,"0752,b",AplAva,āplāva,7130,"0752,b",AplAbita,āplābita
vcp,main,M-pos/Hi-pos/Hf-drop/G-degem,isolated,0,7306,7365,"0795,a",Arati,ārati,7366,"0795,a",Arata,ārata
vcp,main,M-pos/Hi-pos/Hf-drop/G-degem,isolated,0,7372,7431,"0805,a",Aropita,āropita,7432,"0805,a",AropaRIya,āropaṇīya
vcp,main,M-pos/Hi-pos/Hf-drop/G-degem,isolated,0,7385,7444,"0806,a",Arkzoda,ārkṣoda,7445,"0806,a",Arkza,ārkṣa
vcp,main,M-pos/Hi-pos/Hf-drop/G-degem,isolated,0,7389,7448,"0806,a",Argala,ārgala,7449,"0806,a",ArgabaDa,ārgabadha
vcp,main,M-pos/Hi-pos/Hf-drop/G-degem,isolated,1,7422,7481,"0811,a",ArdDika,ārddhika,7482,"0811,b",Ardra,ārdra
vcp,main,M-pos/Hi-pos/Hf-drop/G-degem,isolated,0,7426,7485,"0812,a",ArdramAzA,ārdramāṣā,7486,"0812,a",Ardram,ārdram
vcp,main,M-pos/Hi-pos/Hf-drop/G-degem,isolated,0,7428,7487,"0812,a",ArdraSAka,ārdraśāka,7488,"0812,a",Ardravfkza,ārdravṛkṣa
vcp,main,M-pos/Hi-pos/Hf-drop/G-degem,isolated,0,7568,7627,"0828,b",AvalI,āvalī,7628,"0828,b",Avalita,āvalita
vcp,main,M-pos/Hi-pos/Hf-drop/G-degem,isolated,0,7613,7672,"0831,a",Avuka,āvuka,7673,"0831,a",AvIracUrRRa,āvīracūrṇṇa
vcp,main,M-pos/Hi-pos/Hf-drop/G-degem,isolated,0,7794,7853,"0878,a",Asa,āsa,7854,"0878,b",As,ās
vcp,main,M-pos/Hi-pos/Hf-drop/G-degem,isolated,0,7834,7893,"0889,b",AsiDAra,āsidhāra,7894,"0889,b",AsidDa,āsiddha
vcp,main,M-pos/Hi-pos/Hf-drop/G-degem,isolated,0,8025,8086,"0912,a",ikzuvAlikA,ikṣuvālikā,8087,"0912,a",ikzuvAwI,ikṣuvāṭī
vcp,main,M-pos/Hi-pos/Hf-drop/G-degem,isolated,0,8041,8103,"0913,a",iNgila,iṅgila,8104,"0913,a",iNgita,iṅgita
vcp,main,M-pos/Hi-pos/Hf-drop/G-degem,isolated,0,8052,8114,"0918,b",icCita,icchita,8115,"0918,b",icCa,iccha
vcp,main,M-pos/Hi-pos/Hf-drop/G-degem,isolated,0,8066,8128,"0921,a",iqvara,iḍvara,8129,"0921,a",iqIya,iḍīya
vcp,main,M-pos/Hi-pos/Hf-drop/G-degem,isolated,0,8078,8140,"0924,a",itastatas,itastatas,8141,"0924,a",itas,itas
vcp,main,M-pos/Hi-pos/Hf-drop/G-degem,isolated,0,8192,8255,"0949,a",indranetra,indranetra,8256,"0949,a",indranIla,indranīla
vcp,main,M-pos/Hi-pos/Hf-drop/G-degem,isolated,0,8198,8261,"0949,b",indrapuzpI,indrapuṣpī,8262,"0949,b",indrapurohita,indrapurohita
vcp,main,M-pos/Hi-pos/Hf-drop/G-degem,isolated,0,8323,8387,"0983,b",ivAruSuktikA,ivāruśuktikā,8388,"0983,b",ila,ila
vcp,main,M-pos/Hi-pos/Hf-drop/G-degem,isolated,0,8336,8403,"0985,b",iza,iṣa,8407,"0986,b",iz,iṣ
vcp,main,M-pos/Hi-pos/Hf-drop/G-degem,isolated,0,8343,8413,"0987,a",izIkA,iṣīkā,8414,"0987,a",izira,iṣira
vcp,main,M-pos/Hi-pos/Hf-drop/G-degem,isolated,0,8393,8463,"1005,a",izwIkfta,iṣṭīkṛta,8464,"1005,a",izwa,iṣṭa
vcp,main,M-pos/Hi-pos/Hf-drop/G-degem,isolated,0,8473,8550,"1012,a",ISitf,īśitṛ,8551,"1012,a",ISitavya,īśitavya
vcp,main,M-pos/Hi-pos/Hf-drop/G-degem,isolated,0,8566,8648,"1061,b",uccalita,uccalita,8649,"1061,b",uccalalAwA,uccalalāṭā
vcp,main,M-pos/Hi-pos/Hf-drop/G-degem,isolated,0,8567,8649,"1061,b",uccalalAwA,uccalalāṭā,8650,"1061,b",uccanIca,uccanīca
vcp,main,M-pos/Hi-pos/Hf-drop/G-degem,isolated,0,8588,8670,"1066,a",ucCAstra,ucchāstra,8671,"1066,a",ucCAsana,ucchāsana
vcp,main,M-pos/Hi-pos/Hf-drop/G-degem,isolated,0,8618,8700,"1068,b",ucCvasita,ucchvasita,8701,"1068,b",ucCAsa,ucchāsa
vcp,main,M-pos/Hi-pos/Hf-drop/G-degem,isolated,0,8698,8784,"1078,a",utkAsikA,utkāsikā,8785,"1078,a",utkAsana,utkāsana
vcp,main,M-pos/Hi-pos/Hf-drop/G-degem,isolated,0,8883,8969,"1123,a",utpAwana,utpāṭana,8970,"1123,a",utpAwaka,utpāṭaka
vcp,main,M-pos/Hi-pos/Hf-drop/G-degem,isolated,0,8919,9006,"1129,a",utsaNgin,utsaṅgin,9007,"1129,a",utsaNgita,utsaṅgita
vcp,main,M-pos/Hi-pos/Hf-drop/G-degem,isolated,0,8984,9071,"1136,b",udacamasa,udacamasa,9072,"1136,b",udac,udac
vcp,main,M-pos/Hi-pos/Hf-drop/G-degem,isolated,0,9094,9181,"1167,a",udgama,udgama,9182,"1167,a",udgatA,udgatā
vcp,main,M-pos/Hi-pos/Hf-drop/G-degem,isolated,0,9151,9238,"1176,b",udyota,udyota,9239,"1177,a",uddrAva,uddrāva
vcp,main,M-pos/Hi-pos/Hf-drop/G-degem,isolated,0,9268,9356,"1188,a",undura,undura,9357,"1188,b",udurakarRI,udurakarṇī
vcp,main,M-pos/Hi-pos/Hf-drop/G-degem,isolated,0,9630,9718,"1283,b",uparati,uparati,9719,"1284,a",uparaYjaka,uparañjaka
vcp,main,M-pos/Hi-pos/Hf-drop/G-degem,isolated,0,9872,9960,"1356,b",upAvftta,upāvṛtta,9961,"1356,b",upAvft,upāvṛt
vcp,main,M-pos/Hi-pos/Hf-drop/G-degem,isolated,0,9919,10008,"1363,a",uBayatomuKa,ubhayatomukha,10009,"1363,a",uBayataSSIrzRI,ubhayataśśīrṣṇī
vcp,main,M-pos/Hi-pos/Hf-drop/G-degem,isolated,0,10070,10163,"1377,a",uzas,uṣas,10164,"1377,a",uza,uṣa
vcp,main,M-pos/Hi-pos/Hf-drop/G-degem,isolated,0,10074,10167,"1377,a",uzatI,uṣatī,10168,"1377,b",uzat,uṣat
vcp,main,M-pos/Hi-pos/Hf-drop/G-degem,isolated,0,10206,10306,"1391,b",UrdDvam,ūrddhvam,10307,"1391,b",UrdDamanTin,ūrddhamanthin
vcp,main,M-pos/Hi-pos/Hf-drop/G-degem,isolated,0,10223,10323,"1393,a",UrdDvAyana,ūrddhvāyana,10324,"1393,a",UrdDvAmnAya,ūrddhvāmnāya
vcp,main,M-pos/Hi-pos/Hf-drop/G-degem,isolated,0,10317,10426,"1417,b",fRaYcaya,ṛṇañcaya,10427,"1417,b",fRacit,ṛṇacit
vcp,main,M-pos/Hi-pos/Hf-drop/G-degem,isolated,0,10326,10435,"1428,a",fRAvan,ṛṇāvan,10436,"1428,a",fRAntaka,ṛṇāntaka
vcp,main,M-pos/Hi-pos/Hf-drop/G-degem,isolated,0,10330,10439,"1428,a",fRin,ṛṇin,10440,"1428,a",fRiDanicakra,ṛṇidhanicakra
vcp,main,M-pos/Hi-pos/Hf-drop/G-degem,isolated,0,10436,10546,"1454,b",fzisAh,ṛṣisāh,10547,"1455,a",fzizARa,ṛṣiṣāṇa
vcp,main,M-pos/Hi-pos/Hf-drop/G-degem,isolated,0,10441,10551,"1455,a",fzisvara,ṛṣisvara,10552,"1455,a",fzisarga,ṛṣisarga
vcp,main,M-pos/Hi-pos/Hf-drop/G-degem,isolated,0,10443,10553,"1455,a",fzI,ṛṣī,10554,"1455,a",fzika,ṛṣika
vcp,main,M-pos/Hi-pos/Hf-drop/G-degem,isolated,0,10611,10726,"1487,b",ekAdaSan,ekādaśan,10727,"1487,b",ekAdaSadvAra,ekādaśadvāra
vcp,main,M-pos/Hi-pos/Hf-drop/G-degem,isolated,0,10615,10730,"1487,b",ekAdaSI,ekādaśī,10731,"1499,a",ekAdaSaguru,ekādaśaguru
vcp,main,M-pos/Hi-pos/Hf-drop/G-degem,isolated,0,10632,10747,"1520,a",ekAvalI,ekāvalī,10748,"1520,a",ekAbdA,ekābdā
vcp,main,M-pos/Hi-pos/Hf-drop/G-degem,isolated,0,10833,10956,"1556,b",oqI,oḍī,10957,"1556,b",oqa,oḍa
vcp,main,M-pos/Hi-pos/Hf-drop/G-degem,isolated,0,11034,11158,"1581,a",OrdDvadEhika,aurddhvadaihika,11159,"1582,a",OrdDvadamika,aurddhvadamika
vcp,main,M-pos/Hi-pos/Hf-drop/G-degem,isolated,0,11057,11181,"1594,a",Ozastya,auṣastya,11182,"1594,a",Ozasika,auṣasika
vcp,main,M-pos/Hi-pos/Hf-drop/G-degem,isolated,0,11062,11186,"1594,a",OzwraraTa,auṣṭraratha,11187,"1594,a",OzwAyaRa,auṣṭāyaṇa
vcp,main,M-pos/Hi-pos/Hf-drop/G-degem,isolated,0,11081,11205,"1598,b",X,ḹ,11206,"1598,b",a,a
vcp,main,M-pos/Hi-pos/Hf-drop/G-degem,isolated,0,11225,11354,"1616,b",kacCurAkzasa,kacchurākṣasa,11355,"1617,a",kacCumatI,kacchumatī
vcp,main,M-pos/Hi-pos/Hf-drop/G-degem,isolated,0,11513,11657,"1640,b",kada,kada,11659,"1640,b",kad,kad
vcp,main,M-pos/Hi-pos/Hf-drop/G-degem,isolated,0,11537,11682,"1642,b",kandalIkusuma,kandalīkusuma,11683,"1642,b",kadalIdaRqa,kadalīdaṇḍa
vcp,main,M-pos/Hi-pos/Hf-drop/G-degem,isolated,0,11560,11705,"1644,b",kanakapala,kanakapala,11706,"1644,b",kanakapatra,kanakapatra
vcp,main,M-pos/Hi-pos/Hf-drop/G-degem,isolated,0,11585,11730,"1646,b",kanizWapada,kaniṣṭhapada,11731,"1647,a",kanizWaka,kaniṣṭhaka
vcp,main,M-pos/Hi-pos/Hf-drop/G-degem,isolated,0,11734,11881,"1670,b",kapilASva,kapilāśva,11882,"1670,b",kapilAdAna,kapilādāna
vcp,main,M-pos/Hi-pos/Hf-drop/G-degem,isolated,0,11973,12121,"1698,b",karANgaRa,karāṅgaṇa,12122,"1698,b",karAGAta,karāghāta
vcp,main,M-pos/Hi-pos/Hf-drop/G-degem,isolated,0,11993,12141,"1699,a",karinAsikA,karināsikā,12142,"1699,a",karin,karin
vcp,main,M-pos/Hi-pos/Hf-drop/G-degem,isolated,0,12248,12399,"1737,b",karmmapravacanIya,karmmapravacanīya,12400,"1738,a",karmmanyAsa,karmmanyāsa
vcp,main,M-pos/Hi-pos/Hf-drop/G-degem,isolated,0,12254,12405,"1739,a",karmmamUla,karmmamūla,12406,"1739,b",karmmamImAMsA,karmmamīmāṃsā
vcp,main,M-pos/Hi-pos/Hf-drop/G-degem,isolated,0,12365,12520,"1790,b",kalAwIna,kalāṭīna,12521,"1790,b",kalAjAjI,kalājājī
vcp,main,M-pos/Hi-pos/Hf-drop/G-degem,isolated,0,12452,12607,"1829,a",kalyARayoga,kalyāṇayoga,12608,"1829,a",kalyARakft,kalyāṇakṛt
vcp,main,M-pos/Hi-pos/Hf-drop/G-degem,isolated,0,12479,12635,"1831,a",kavaza,kavaṣa,12636,"1831,a",kavaz,kavaṣ
vcp,main,M-pos/Hi-pos/Hf-drop/G-degem,isolated,0,12510,12666,"1834,b",kavyavAha,kavyavāha,12667,"1834,b",kavyavAh,kavyavāh
vcp,main,M-pos/Hi-pos/Hf-drop/G-degem,isolated,0,12685,12848,"1857,a",kAcita,kācita,12849,"1857,a",kAcit,kācit
vcp,main,M-pos/Hi-pos/Hf-drop/G-degem,isolated,0,12742,12905,"1861,a",kARqavAriRI,kāṇḍavāriṇī,12906,"1861,a",kARqalAva,kāṇḍalāva
vcp,main,M-pos/Hi-pos/Hf-drop/G-degem,isolated,0,12885,13048,"1897,a",kAmanDamin,kāmandhamin,13049,"1897,a",kAmanIyaka,kāmanīyaka
vcp,main,M-pos/Hi-pos/Hf-drop/G-degem,isolated,0,12908,13071,"1899,a",kAmalAyana,kāmalāyana,13072,"1899,a",kAmalAkzI,kāmalākṣī
vcp,main,M-pos/Hi-pos/Hf-drop/G-degem,isolated,0,12961,13124,"1905,b",kAmpilya,kāmpilya,13125,"1906,a",kApillakA,kāpillakā
vcp,main,M-pos/Hi-pos/Hf-drop/G-degem,isolated,0,12993,13156,"1938,a",kArakaviBaktiH,kārakavibhaktiḥ,13157,"1938,a",kArakara,kārakara
vcp,main,M-pos/Hi-pos/Hf-drop/G-degem,isolated,0,13028,13191,"1942,b",kArAyikA,kārāyikā,13192,"1942,b",kArADunI,kārādhunī
vcp,main,M-pos/Hi-pos/Hf-drop/G-degem,isolated,0,13064,13227,"1956,a",kArttikeyaprasU,kārttikeyaprasū,13228,"1956,a",kArttAyaRi,kārttāyaṇi
vcp,main,M-pos/Hi-pos/Hf-drop/G-degem,isolated,0,13306,13470,"2029,b",kAvyapradIpa,kāvyapradīpa,13471,"2029,b",kAvyacOra,kāvyacaura
vcp,main,M-pos/Hi-pos/Hf-drop/G-degem,isolated,0,13336,13502,"2038,a",kASeya,kāśeya,13503,"2038,a",kASISa,kāśīśa
vcp,main,M-pos/Hi-pos/Hf-drop/G-degem,isolated,0,13593,13766,"2061,b",kIlita,kīlita,13767,"2061,b",kIyat,kīyat
vcp,main,M-pos/Hi-pos/Hf-drop/G-degem,isolated,0,13613,13790,"2063,a",kukkuwavrata,kukkuṭavrata,13791,"2063,a",kukkuwamaRqapa,kukkuṭamaṇḍapa
vcp,main,M-pos/Hi-pos/Hf-drop/G-degem,isolated,0,13654,13833,"2067,b",kujyA,kujyā,13834,"2068,a",kujJawi,kujjhaṭi
vcp,main,M-pos/Hi-pos/Hf-drop/G-degem,isolated,0,13708,13891,"2071,a",kuwIra,kuṭīra,13892,"2071,a",kuwIcara,kuṭīcara
vcp,main,M-pos/Hi-pos/Hf-drop/G-degem,isolated,0,13885,14081,"2104,b",kuvera,kuvera,14082,"2104,b",kuberAkzI,kuberākṣī
vcp,main,M-pos/Hi-pos/Hf-drop/G-degem,isolated,0,13942,14140,"2113,a",kumudvatISa,kumudvatīśa,14141,"2113,a",kumudvatIvIja,kumudvatīvīja
vcp,main,M-pos/Hi-pos/Hf-drop/G-degem,isolated,0,13967,14165,"2118,b",kumBalA,kumbhalā,14166,"2118,b",kumBabila,kumbhabila
vcp,main,M-pos/Hi-pos/Hf-drop/G-degem,isolated,0,14153,14353,"2139,b",kuleSvara,kuleśvara,14354,"2139,b",kuleya,kuleya
vcp,main,M-pos/Hi-pos/Hf-drop/G-degem,isolated,0,14181,14381,"2141,a",kuvAda,kuvāda,14382,"2141,a",kubAhula,kubāhula
vcp,main,M-pos/Hi-pos/Hf-drop/G-degem,isolated,0,14247,14449,"2154,a",kuzIda,kuṣīda,14450,"2154,a",kuzItaka,kuṣītaka
vcp,main,M-pos/Hi-pos/Hf-drop/G-degem,isolated,0,14266,14468,"2158,a",kuzWin,kuṣṭhin,14469,"2158,a",kuzWita,kuṣṭhita
vcp,main,M-pos/Hi-pos/Hf-drop/G-degem,isolated,0,14340,14547,"2164,a",kUwaja,kūṭaja,14548,"2164,a",kUwakArzApaRa,kūṭakārṣāpaṇa
vcp,main,M-pos/Hi-pos/Hf-drop/G-degem,isolated,0,14342,14549,"2164,a",kUwapUrvva,kūṭapūrvva,14550,"2164,a",kUwapAlaka,kūṭapālaka
vcp,main,M-pos/Hi-pos/Hf-drop/G-degem,isolated,0,14350,14557,"2164,b",kUwAyus,kūṭāyus,14558,"2164,b",kUwAyuDa,kūṭāyudha
vcp,main,M-pos/Hi-pos/Hf-drop/G-degem,isolated,0,14388,14597,"2167,b",kUrmmaviBAga,kūrmmavibhāga,14598,"2168,b",kUrmmapfzWa,kūrmmapṛṣṭha
vcp,main,M-pos/Hi-pos/Hf-drop/G-degem,isolated,0,14394,14604,"2169,a",kUlavatI,kūlavatī,14605,"2169,a",kUlacara,kūlacara
vcp,main,M-pos/Hi-pos/Hf-drop/G-degem,isolated,0,14428,14640,"2177,a",kfta,kṛta,14643,"2177,a",kft,kṛt
vcp,main,M-pos/Hi-pos/Hf-drop/G-degem,isolated,0,14509,14723,"2191,a",kftrima,kṛtrima,14724,"2191,b",kfttrimaDUpa,kṛttrimadhūpa
vcp,main,M-pos/Hi-pos/Hf-drop/G-degem,isolated,0,14639,14858,"2215,b",kfzRamallikA,kṛṣṇamallikā,14859,"2215,b",kfzRamatsya,kṛṣṇamatsya
vcp,main,M-pos/Hi-pos/Hf-drop/G-degem,isolated,0,14688,14907,"2220,a",kfzRAnadI,kṛṣṇānadī,14908,"2220,b",kfzRADvan,kṛṣṇādhvan
vcp,main,M-pos/Hi-pos/Hf-drop/G-degem,isolated,0,14722,14944,"2230,b",ketu,ketu,14945,"2232,b",kAlaketuH,kālaketuḥ
vcp,main,M-pos/Hi-pos/Hf-drop/G-degem,isolated,0,14812,15034,"2246,a",keSamArjjana,keśamārjjana,15035,"2246,a",kaSamuzwi,kaśamuṣṭi
vcp,main,M-pos/Hi-pos/Hf-drop/G-degem,isolated,0,14902,15124,"2261,a",kokanada,kokanada,15125,"2261,a",kokatadacCavi,kokatadacchavi
vcp,main,M-pos/Hi-pos/Hf-drop/G-degem,isolated,0,14984,15206,"2267,b",koladala,koladala,15207,"2267,b",kolagiri,kolagiri
vcp,main,M-pos/Hi-pos/Hf-drop/G-degem,isolated,0,15037,15259,"2274,a",kohala,kohala,15260,"2274,a",kohanIya,kohanīya
vcp,main,M-pos/Hi-pos/Hf-drop/G-degem,isolated,0,15191,15413,"2281,a",kOSya,kauśya,15414,"2281,a",kOSArava,kauśārava
vcp,main,M-pos/Hi-pos/Hf-drop/G-degem,isolated,0,15195,15417,"2281,a",kOzItakin,kauṣītakin,15418,"2281,b",kOtakI,kautakī
vcp,main,M-pos/Hi-pos/Hf-drop/G-degem,isolated,0,15228,15451,"2284,b",kratupuruza,kratupuruṣa,15452,"2285,b",kratupaSu,kratupaśu
vcp,main,M-pos/Hi-pos/Hf-drop/G-degem,isolated,0,15242,15466,"2287,a",kraTanaka,krathanaka,15467,"2287,a",kraTakESika,krathakaiśika
vcp,main,M-pos/Hi-pos/Hf-drop/G-degem,isolated,0,15253,15479,"2304,b",kramaRa,kramaṇa,15480,"2304,b",kramajawA,kramajaṭā
vcp,main,M-pos/Hi-pos/Hf-drop/G-degem,isolated,0,15327,15553,"2328,a",kriyAByupagama,kriyābhyupagama,15554,"2328,a",kriyAByAvftti,kriyābhyāvṛtti
vcp,main,M-pos/Hi-pos/Hf-drop/G-degem,isolated,0,15363,15591,"2336,b",kruDa,krudha,15592,"2336,b",kruD,krudh
vcp,main,M-pos/Hi-pos/Hf-drop/G-degem,isolated,0,15409,15637,"2339,b",kroDahantf,krodhahantṛ,15638,"2340,a",kroDasamBava,krodhasambhava
vcp,main,M-pos/Hi-pos/Hf-drop/G-degem,isolated,0,15420,15648,"2340,b",krozwukameKalA,kroṣṭukamekhalā,15649,"2340,b",krozwakarRRa,kroṣṭakarṇṇa
vcp,main,M-pos/Hi-pos/Hf-drop/G-degem,isolated,0,15437,15665,"2342,b",krOYcasUdana,krauñcasūdana,15666,"2342,b",krOYcavat,krauñcavat
vcp,main,M-pos/Hi-pos/Hf-drop/G-degem,isolated,0,15440,15668,"2342,b",krOYcArAti,krauñcārāti,15669,"2342,b",krOYcAraRya,krauñcāraṇya
vcp,main,M-pos/Hi-pos/Hf-drop/G-degem,isolated,0,15443,15671,"2342,b",krOzwrAyaRya,krauṣṭrāyaṇya,15672,"2342,b",krOzwuki,krauṣṭuki
vcp,main,M-pos/Hi-pos/Hf-drop/G-degem,isolated,0,15467,15701,"2345,a",klIba,klība,15703,"2347,a",kx,kḷ
vcp,main,M-pos/Hi-pos/Hf-drop/G-degem,isolated,0,15544,15783,"2361,b",kzantf,kṣantṛ,15784,"2361,b",kzantavya,kṣantavya
vcp,main,M-pos/Hi-pos/Hf-drop/G-degem,isolated,0,15546,15785,"2361,b",kzapa,kṣapa,15787,"2361,b",kzap,kṣap
vcp,main,M-pos/Hi-pos/Hf-drop/G-degem,isolated,0,15581,15824,"2367,a",kzareja,kṣareja,15825,"2367,a",kzaraRa,kṣaraṇa
vcp,main,M-pos/Hi-pos/Hf-drop/G-degem,isolated,0,15658,15904,"2372,b",kzipa,kṣipa,15906,"2373,b",kzip,kṣip
vcp,main,M-pos/Hi-pos/Hf-drop/G-degem,isolated,0,15711,15960,"2377,a",kzIravarga,kṣīravarga,15961,"2377,b",kzIramorawa,kṣīramoraṭa
vcp,main,M-pos/Hi-pos/Hf-drop/G-degem,isolated,0,15725,15974,"2378,a",kzIraSukla,kṣīraśukla,15975,"2378,a",kzIraSukrA,kṣīraśukrā
vcp,main,M-pos/Hi-pos/Hf-drop/G-degem,isolated,0,15835,16087,"2384,a",kzudrervAru,kṣudrervāru,16088,"2384,a",kzudodumbarikA,kṣudodumbarikā
vcp,main,M-pos/Hi-pos/Hf-drop/G-degem,isolated,0,15989,16248,"2414,a",KagaRa,khagaṇa,16249,"2414,a",Kagagati,khagagati
vcp,main,M-pos/Hi-pos/Hf-drop/G-degem,isolated,0,16066,16331,"2461,a",KaqgiDenu,khaḍgidhenu,16332,"2461,a",KaNgin,khaṅgin
vcp,main,M-pos/Hi-pos/Hf-drop/G-degem,isolated,0,16128,16394,"2465,b",KanI,khanī,16395,"2466,a",Kanitrima,khanitrima
vcp,main,M-pos/Hi-pos/Hf-drop/G-degem,isolated,0,16200,16466,"2468,b",Karva,kharva,16467,"2469,a",Karbawa,kharbaṭa
vcp,main,M-pos/Hi-pos/Hf-drop/G-degem,isolated,0,16204,16470,"2469,a",KarvurA,kharvurā,16471,"2469,a",Karbuja,kharbuja
vcp,main,M-pos/Hi-pos/Hf-drop/G-degem,isolated,0,16245,16512,"2471,b",Kasa,khasa,16513,"2471,b",KaSIra,khaśīra
vcp,main,M-pos/Hi-pos/Hf-drop/G-degem,isolated,0,16324,16593,"2477,a",Kilya,khilya,16594,"2477,a",Kilezu,khileṣu
vcp,main,M-pos/Hi-pos/Hf-drop/G-degem,isolated,0,16386,16665,"2481,a",KyApana,khyāpana,16666,"2481,a",Kaqgakoza,khaḍgakoṣa
vcp,main,M-pos/Hi-pos/Hf-drop/G-degem,isolated,0,16387,16666,"2481,a",Kaqgakoza,khaḍgakoṣa,16667,"2481,a",KaNgawa,khaṅgaṭa
vcp,main,M-pos/Hi-pos/Hf-drop/G-degem,isolated,0,16435,16715,"2492,b",gaNgodBeda,gaṅgodbheda,16716,"2492,b",gaNgojJa,gaṅgojjha
vcp,main,M-pos/Hi-pos/Hf-drop/G-degem,isolated,0,16575,16861,"2511,a",gaRqakI,gaṇḍakī,16862,"2511,b",gaRqakArI,gaṇḍakārī
vcp,main,M-pos/Hi-pos/Hf-drop/G-degem,isolated,0,16577,16863,"2511,b",gaRqakAlI,gaṇḍakālī,16864,"2511,b",kaRqakIputra,kaṇḍakīputra
vcp,main,M-pos/Hi-pos/Hf-drop/G-degem,isolated,0,16614,16900,"2513,b",gatarasa,gatarasa,16901,"2513,b",gataBarttfkA,gatabharttṛkā
vcp,main,M-pos/Hi-pos/Hf-drop/G-degem,isolated,0,16658,16947,"2519,a",gaDya,gadhya,16948,"2519,a",gaDa,gadha
vcp,main,M-pos/Hi-pos/Hf-drop/G-degem,isolated,0,16663,16952,"2519,b",gantrI,gantrī,16953,"2519,b",gantIraTa,gantīratha
vcp,main,M-pos/Hi-pos/Hf-drop/G-degem,isolated,0,16944,17239,"2560,b",garBita,garbhita,17240,"2560,b",garBANka,garbhāṅka
vcp,main,M-pos/Hi-pos/Hf-drop/G-degem,isolated,0,17072,17374,"2569,b",gARqavya,gāṇḍavya,17375,"2569,b",gARqa,gāṇḍa
vcp,main,M-pos/Hi-pos/Hf-drop/G-degem,isolated,0,17092,17395,"2570,b",gAtrAvaraRa,gātrāvaraṇa,17396,"2570,b",gAtrasammita,gātrasammita
vcp,main,M-pos/Hi-pos/Hf-drop/G-degem,isolated,0,17129,17433,"2579,a",gAyatrI,gāyatrī,17434,"2584,a",gAyatrin,gāyatrin
vcp,main,M-pos/Hi-pos/Hf-drop/G-degem,isolated,1,17357,17670,"2609,a",guRasaNga,guṇasaṅga,17671,"2609,a",guRasaMKyAna,guṇasaṃkhyāna
vcp,main,M-pos/Hi-pos/Hf-drop/G-degem,isolated,1,17455,17777,"2625,a",gurviRI,gurviṇī,17778,"2625,a",gurvvAditya,gurvvāditya
vcp,main,M-pos/Hi-pos/Hf-drop/G-degem,isolated,0,17461,17783,"2625,b",gulI,gulī,17784,"2625,b",gulaguDA,gulagudhā
vcp,main,M-pos/Hi-pos/Hf-drop/G-degem,isolated,0,17629,17956,"2679,a",gfheruha,gṛheruha,17957,"2679,a",gfhenarddin,gṛhenarddin
vcp,main,M-pos/Hi-pos/Hf-drop/G-degem,isolated,0,17662,17991,"2682,b",gokirAwikA,gokirāṭikā,17992,"2682,b",gokirAwA,gokirāṭā
vcp,main,M-pos/Hi-pos/Hf-drop/G-degem,isolated,0,17672,18001,"2683,a",gogozWa,gogoṣṭha,18002,"2683,a",gogfzwi,gogṛṣṭi
vcp,main,M-pos/Hi-pos/Hf-drop/G-degem,isolated,0,17675,18004,"2683,a",goGna,goghna,18005,"2683,b",goGfta,goghṛta
vcp,main,M-pos/Hi-pos/Hf-drop/G-degem,isolated,0,17693,18022,"2695,b",gojihvA,gojihvā,18023,"2695,b",goji,goji
vcp,main,M-pos/Hi-pos/Hf-drop/G-degem,isolated,0,17703,18032,"2696,a",gotamAnvaya,gotamānvaya,18033,"2696,a",gotamastoma,gotamastoma
vcp,main,M-pos/Hi-pos/Hf-drop/G-degem,isolated,0,17835,18165,"2714,a",gomatallikA,gomatallikā,18166,"2714,a",gomata,gomata
vcp,main,M-pos/Hi-pos/Hf-drop/G-degem,isolated,0,17976,18306,"2727,a",gosava,gosava,18307,"2727,b",goSaSas,gośaśas
vcp,main,M-pos/Hi-pos/Hf-drop/G-degem,isolated,0,18125,18457,"2743,a",grastf,grastṛ,18458,"2743,a",grastAsta,grastāsta
vcp,main,M-pos/Hi-pos/Hf-drop/G-degem,isolated,0,18133,18467,"2747,b",grahagocara,grahagocara,18468,"2750,a",grahagati,grahagati
vcp,main,M-pos/Hi-pos/Hf-drop/G-degem,isolated,0,18275,18609,"2776,b",grEzmI,graiṣmī,18610,"2776,b",grEzmaka,graiṣmaka
vcp,main,M-pos/Hi-pos/Hf-drop/G-degem,isolated,0,18308,18648,"2779,a",GawarAja,ghaṭarāja,18649,"2779,a",Gawaparyyasana,ghaṭaparyyasana
vcp,main,M-pos/Hi-pos/Hf-drop/G-degem,isolated,0,18489,18841,"2797,b",GUrRRita,ghūrṇṇita,18842,"2797,b",GUrRRikA,ghūrṇṇikā
vcp,main,M-pos/Hi-pos/Hf-drop/G-degem,isolated,0,18558,18914,"2802,b",GoRwA,ghoṇṭā,18915,"2802,b",GoRasa,ghoṇasa
vcp,main,M-pos/Hi-pos/Hf-drop/G-degem,isolated,0,18588,18944,"2804,a",GrARa,ghrāṇa,18945,"2804,b",GARaja,ghāṇaja
vcp,main,M-pos/Hi-pos/Hf-drop/G-degem,isolated,0,18631,18991,"2838,a",cakrapadmAwa,cakrapadmāṭa,18992,"2838,a",cakrapada,cakrapada
vcp,main,M-pos/Hi-pos/Hf-drop/G-degem,isolated,0,18705,19065,"2842,b",cakzus,cakṣus,19066,"2843,a",cakzuzyA,cakṣuṣyā
vcp,main,M-pos/Hi-pos/Hf-drop/G-degem,isolated,0,18741,19103,"2848,a",caRa,caṇa,19106,"2848,a",caR,caṇ
vcp,main,M-pos/Hi-pos/Hf-drop/G-degem,isolated,0,18879,19243,"2881,b",catustriMSat,catustriṃśat,19244,"2881,b",catustriMSajjAtaka,catustriṃśajjātaka
vcp,main,M-pos/Hi-pos/Hf-drop/G-degem,isolated,0,18960,19327,"2891,b",candravaSa,candravaśa,19328,"2891,b",candravartman,candravartman
vcp,main,M-pos/Hi-pos/Hf-drop/G-degem,isolated,0,19216,19597,"2910,a",cAturBadra,cāturbhadra,19598,"2910,a",cAturTika,cāturthika
vcp,main,M-pos/Hi-pos/Hf-drop/G-degem,isolated,0,19218,19599,"2910,a",cAturvarRya,cāturvarṇya,19600,"2910,b",cAturBadrAvaleha,cāturbhadrāvaleha
vcp,main,M-pos/Hi-pos/Hf-drop/G-degem,isolated,0,19340,19725,"2929,b",cicCiwiNga,cicchiṭiṅga,19726,"2929,b",cicCakti,cicchakti
vcp,main,M-pos/Hi-pos/Hf-drop/G-degem,isolated,0,19345,19730,"2930,a",ciYciqa,ciñciḍa,19731,"2930,a",ciYcAwaka,ciñcāṭaka
vcp,main,M-pos/Hi-pos/Hf-drop/G-degem,isolated,0,19370,19760,"2941,b",cittaviBrama,cittavibhrama,19761,"2941,b",cittala,cittala
vcp,main,M-pos/Hi-pos/Hf-drop/G-degem,isolated,0,19382,19773,"2942,b",citrakaRWa,citrakaṇṭha,19774,"2942,b",citrakaguwikA,citrakaguṭikā
vcp,main,M-pos/Hi-pos/Hf-drop/G-degem,isolated,0,19397,19788,"2943,b",citraganDa,citragandha,19789,"2943,b",citragata,citragata
vcp,main,M-pos/Hi-pos/Hf-drop/G-degem,isolated,0,19544,19937,"2953,a",cilicima,cilicima,19938,"2953,a",cilamInaka,cilamīnaka
vcp,main,M-pos/Hi-pos/Hf-drop/G-degem,isolated,0,19580,19975,"2954,b",cIraparRa,cīraparṇa,19976,"2954,b",cIranivasana,cīranivasana
vcp,main,M-pos/Hi-pos/Hf-drop/G-degem,isolated,0,19607,20003,"2956,a",cucU,cucū,20004,"2956,a",cucupA,cucupā
vcp,main,M-pos/Hi-pos/Hf-drop/G-degem,isolated,0,19610,20006,"2956,a",cucyU,cucyū,20007,"2956,a",cucya,cucya
vcp,main,M-pos/Hi-pos/Hf-drop/G-degem,isolated,0,19629,20030,"2956,b",curU,curū,20031,"2956,b",cumuri,cumuri
vcp,main,M-pos/Hi-pos/Hf-drop/G-degem,isolated,0,19672,20078,"2961,a",cUrRidAsI,cūrṇidāsī,20079,"2961,a",cUrRikA,cūrṇikā
vcp,main,M-pos/Hi-pos/Hf-drop/G-degem,isolated,0,19740,20148,"2967,b",cEtraraTya,caitrarathya,20149,"2967,b",cEtramaKa,caitramakha
vcp,main,M-pos/Hi-pos/Hf-drop/G-degem,isolated,0,19774,20182,"2972,b",colakin,colakin,20183,"2972,b",coragaReSa,coragaṇeśa
vcp,main,M-pos/Hi-pos/Hf-drop/G-degem,isolated,0,19822,20233,"2976,b",Catrapuzpa,chatrapuṣpa,20234,"2976,b",CattraBaNga,chattrabhaṅga
vcp,main,M-pos/Hi-pos/Hf-drop/G-degem,isolated,1,19842,20256,"2977,b",Candaka,chandaka,20257,"2977,b",CandaHparRRa,chandaḥparṇṇa
vcp,main,M-pos/Hi-pos/Hf-drop/G-degem,isolated,0,19879,20295,"2983,b",CAgamuKa,chāgamukha,20296,"2983,b",CAgamitra,chāgamitra
vcp,main,M-pos/Hi-pos/Hf-drop/G-degem,isolated,0,19909,20325,"2997,b",CAyAyantra,chāyāyantra,20326,"2997,b",CAyAmAna,chāyāmāna
vcp,main,M-pos/Hi-pos/Hf-drop/G-degem,isolated,0,19925,20341,"2999,a",Cida,chida,20342,"2999,b",Cid,chid
vcp,main,M-pos/Hi-pos/Hf-drop/G-degem,isolated,0,19954,20371,"3000,b",CuCundara,chuchundara,20372,"3000,b",CucCu,chucchu
vcp,main,M-pos/Hi-pos/Hf-drop/G-degem,isolated,0,19995,20419,"3003,b",jagaccakzus,jagaccakṣus,20420,"3003,b",jakzAdi,jakṣādi
vcp,main,M-pos/Hi-pos/Hf-drop/G-degem,isolated,0,19998,20422,"3003,b",jagatkarttf,jagatkarttṛ,20423,"3003,b",jagacCanda,jagacchanda
vcp,main,M-pos/Hi-pos/Hf-drop/G-degem,isolated,0,20003,20427,"3004,a",jagatsetu,jagatsetu,20428,"3004,a",jagatI,jagatī
vcp,main,M-pos/Hi-pos/Hf-drop/G-degem,isolated,0,20027,20451,"3011,b",jagmi,jagmi,20452,"3011,b",jaguri,jaguri
vcp,main,M-pos/Hi-pos/Hf-drop/G-degem,isolated,0,20091,20516,"3015,a",jaqatva,jaḍatva,20517,"3015,a",jaqakriya,jaḍakriya
vcp,main,M-pos/Hi-pos/Hf-drop/G-degem,isolated,0,20300,20731,"3058,a",jaratkArupriyA,jaratkārupriyā,20732,"3058,a",jaratin,jaratin
vcp,main,M-pos/Hi-pos/Hf-drop/G-degem,isolated,0,20316,20747,"3060,b",jarAsanDavaDa,jarāsandhavadha,20748,"3060,b",jarAsanDajit,jarāsandhajit
vcp,main,M-pos/Hi-pos/Hf-drop/G-degem,isolated,0,20319,20750,"3061,a",jaritf,jaritṛ,20751,"3061,a",jaritAri,jaritāri
vcp,main,M-pos/Hi-pos/Hf-drop/G-degem,isolated,0,20356,20789,"3066,a",jalakeSa,jalakeśa,20790,"3066,a",jalaketu,jalaketu
vcp,main,M-pos/Hi-pos/Hf-drop/G-degem,isolated,0,20440,20873,"3070,b",jalamArjjAra,jalamārjjāra,20874,"3070,b",jalamAtfkA,jalamātṛkā
vcp,main,M-pos/Hi-pos/Hf-drop/G-degem,isolated,0,20548,20982,"3078,b",jalodvatagati,jalodvatagati,20983,"3078,b",jalodBava,jalodbhava
vcp,main,M-pos/Hi-pos/Hf-drop/G-degem,isolated,0,20690,21128,"3113,b",jAmadagnya,jāmadagnya,21129,"3113,b",jAmadagneya,jāmadagneya
vcp,main,M-pos/Hi-pos/Hf-drop/G-degem,isolated,0,20792,21232,"3120,a",jitendriya,jitendriya,21233,"3120,a",jituma,jituma
vcp,main,M-pos/Hi-pos/Hf-drop/G-degem,isolated,0,20823,21263,"3122,a",jihvASalya,jihvāśalya,21264,"3122,a",jihvAvat,jihvāvat
vcp,main,M-pos/Hi-pos/Hf-drop/G-degem,isolated,0,20981,21430,"3144,b",jetf,jetṛ,21431,"3144,b",jetavya,jetavya
vcp,main,M-pos/Hi-pos/Hf-drop/G-degem,isolated,0,21041,21492,"3154,b",jYAnadarpaRa,jñānadarpaṇa,21493,"3154,b",jYAnada,jñānada
vcp,main,M-pos/Hi-pos/Hf-drop/G-degem,isolated,0,21082,21535,"3161,b",jyEzWI,jyaiṣṭhī,21536,"3162,a",jyEzWineya,jyaiṣṭhineya
vcp,main,M-pos/Hi-pos/Hf-drop/G-degem,isolated,0,21095,21548,"3162,b",jyotirvIja,jyotirvīja,21549,"3162,b",jyotirloka,jyotirloka
vcp,main,M-pos/Hi-pos/Hf-drop/G-degem,isolated,1,21098,21551,"3163,a",jyotiScakra,jyotiścakra,21552,"3163,a",jyotiHSAstra,jyotiḥśāstra
vcp,main,M-pos/Hi-pos/Hf-drop/G-degem,isolated,0,21139,21593,"3181,b",jvarAryyaBra,jvarāryyabhra,21594,"3181,b",jvarArirasa,jvarārirasa
vcp,main,M-pos/Hi-pos/Hf-drop/G-degem,isolated,0,21352,21818,"3193,a",Qola,ḍhola,21819,"3193,a",QakkAQolapriyA,ḍhakkāḍholapriyā
vcp,main,M-pos/Hi-pos/Hf-drop/G-degem,isolated,0,21484,21964,"3211,b",tatpadArTaH,tatpadārthaḥ,21965,"3212,a",tatpadABiDaH,tatpadābhidhaḥ
vcp,main,M-pos/Hi-pos/Hf-drop/G-degem,isolated,0,21507,21989,"3216,a",tadarTa,tadartha,21990,"3216,a",tadananyatva,tadananyatva
vcp,main,M-pos/Hi-pos/Hf-drop/G-degem,isolated,0,21528,22010,"3218,a",tadrAja,tadrāja,22011,"3218,a",tadra,tadra
vcp,main,M-pos/Hi-pos/Hf-drop/G-degem,isolated,0,21595,22079,"3223,a",tantuvardDana,tantuvarddhana,22080,"3223,a",tantula,tantula
vcp,main,M-pos/Hi-pos/Hf-drop/G-degem,isolated,0,21614,22098,"3229,a",tantrikA,tantrikā,22099,"3229,a",tantri,tantri
vcp,main,M-pos/Hi-pos/Hf-drop/G-degem,isolated,0,21622,22106,"3229,a",tandrA,tandrā,22107,"3229,b",tandrayu,tandrayu
vcp,main,M-pos/Hi-pos/Hf-drop/G-degem,isolated,0,21631,22115,"3229,b",tanvI,tanvī,22116,"3229,b",tanmaya,tanmaya
vcp,main,M-pos/Hi-pos/Hf-drop/G-degem,isolated,0,21690,22178,"3236,b",taptavAluka,taptavāluka,22179,"3236,b",taptarahasa,taptarahasa
vcp,main,M-pos/Hi-pos/Hf-drop/G-degem,isolated,0,21753,22242,"3242,b",taratsamandIya,taratsamandīya,22243,"3242,b",taratama,taratama
vcp,main,M-pos/Hi-pos/Hf-drop/G-degem,isolated,0,21799,22288,"3252,b",tarutf,tarutṛ,22289,"3252,b",tarutulikA,tarutulikā
vcp,main,M-pos/Hi-pos/Hf-drop/G-degem,isolated,0,21813,22302,"3253,a",taruza,taruṣa,22304,"3253,a",taruz,taruṣ
vcp,main,M-pos/Hi-pos/Hf-drop/G-degem,isolated,0,21827,22318,"3257,a",tarkina,tarkina,22319,"3257,a",tarkin,tarkin
vcp,main,M-pos/Hi-pos/Hf-drop/G-degem,isolated,0,21891,22384,"3263,b",talpakIwa,talpakīṭa,22385,"3263,b",talpaka,talpaka
vcp,main,M-pos/Hi-pos/Hf-drop/G-degem,isolated,0,21929,22423,"3265,b",tAqakeya,tāḍakeya,22424,"3265,b",tAqakAyana,tāḍakāyana
vcp,main,M-pos/Hi-pos/Hf-drop/G-degem,isolated,0,21958,22452,"3267,b",tAdfSa,tādṛśa,22453,"3267,b",tAdfS,tādṛś
vcp,main,M-pos/Hi-pos/Hf-drop/G-degem,isolated,0,22056,22550,"3276,a",tAmrAKya,tāmrākhya,22551,"3276,a",tAmrAkza,tāmrākṣa
vcp,main,M-pos/Hi-pos/Hf-drop/G-degem,isolated,0,22071,22565,"3277,b",tArakAkza,tārakākṣa,22566,"3277,b",tArakabrahma,tārakabrahma
vcp,main,M-pos/Hi-pos/Hf-drop/G-degem,isolated,0,22076,22570,"3278,a",tArakita,tārakita,22571,"3278,a",tArakiRI,tārakiṇī
vcp,main,M-pos/Hi-pos/Hf-drop/G-degem,isolated,0,22265,22762,"3301,a",tintiqIdyUta,tintiḍīdyūta,22763,"3301,a",tintiqikA,tintiḍikā
vcp,main,M-pos/Hi-pos/Hf-drop/G-degem,isolated,0,22321,22822,"3305,a",tilantuda,tilantuda,22823,"3305,a",tiladvAdaSI,tiladvādaśī
vcp,main,M-pos/Hi-pos/Hf-drop/G-degem,isolated,0,22434,22937,"3322,a",tuNgaveRA,tuṅgaveṇā,22938,"3322,a",tuNgarasa,tuṅgarasa
vcp,main,M-pos/Hi-pos/Hf-drop/G-degem,isolated,0,22473,22981,"3324,b",tudAdi,tudādi,22982,"3324,b",tuda,tuda
vcp,main,M-pos/Hi-pos/Hf-drop/G-degem,isolated,0,22703,23231,"3343,b",tfRapuzpa,tṛṇapuṣpa,23232,"3343,b",tfRapulI,tṛṇapulī
vcp,main,M-pos/Hi-pos/Hf-drop/G-degem,isolated,0,22759,23291,"3345,b",tfpAnA,tṛpānā,23292,"3345,b",tfpala,tṛpala
vcp,main,M-pos/Hi-pos/Hf-drop/G-degem,isolated,0,22770,23302,"3346,a",tfza,tṛṣa,23303,"3346,a",tfz,tṛṣ
vcp,main,M-pos/Hi-pos/Hf-drop/G-degem,isolated,0,22890,23423,"3353,a",totas,totas,23424,"3353,a",toqana,toḍana
vcp,main,M-pos/Hi-pos/Hf-drop/G-degem,isolated,0,22925,23458,"3354,b",toyasUcaka,toyasūcaka,23459,"3355,a",toyavimba,toyavimba
vcp,main,M-pos/Hi-pos/Hf-drop/G-degem,isolated,0,23024,23561,"3361,a",triMSatka,triṃśatka,23562,"3361,a",triMSati,triṃśati
vcp,main,M-pos/Hi-pos/Hf-drop/G-degem,isolated,0,23032,23569,"3361,b",trikakuB,trikakubh,23570,"3362,a",trikakubDAman,trikakubdhāman
vcp,main,M-pos/Hi-pos/Hf-drop/G-degem,isolated,0,23155,23692,"3370,a",tripAda,tripāda,23693,"3370,a",tripAd,tripād
vcp,main,M-pos/Hi-pos/Hf-drop/G-degem,isolated,1,23187,23724,"3375,b",triPalAdyaGfta,triphalādyaghṛta,23725,"3375,b",triHPalIkfta,triḥphalīkṛta
vcp,main,M-pos/Hi-pos/Hf-drop/G-degem,isolated,0,23260,23797,"3383,b",trivftparRI,trivṛtparṇī,23798,"3383,b",trivfttA,trivṛttā
vcp,main,M-pos/Hi-pos/Hf-drop/G-degem,isolated,0,23326,23863,"3390,a",trisrotasI,trisrotasī,23864,"3390,a",trispfSA,trispṛśā
vcp,main,M-pos/Hi-pos/Hf-drop/G-degem,isolated,0,23327,23864,"3390,a",trispfSA,trispṛśā,23865,"3390,a",trisnAna,trisnāna
vcp,main,M-pos/Hi-pos/Hf-drop/G-degem,isolated,0,23355,23893,"3392,b",trEDas,traidhas,23894,"3392,b",trEDarmmya,traidharmmya
vcp,main,M-pos/Hi-pos/Hf-drop/G-degem,isolated,0,23417,23955,"3397,a",tryavi,tryavi,23956,"3397,a",tryabda,tryabda
vcp,main,M-pos/Hi-pos/Hf-drop/G-degem,isolated,0,23465,24003,"3401,a",tvaca,tvaca,24004,"3401,a",tvac,tvac
vcp,main,M-pos/Hi-pos/Hf-drop/G-degem,isolated,0,23477,24016,"3401,b",tvanca,tvanca,24018,"3401,b",tvadviDa,tvadvidha
vcp,main,M-pos/Hi-pos/Hf-drop/G-degem,isolated,0,23505,24045,"3402,b",tviza,tviṣa,24046,"3403,a",tviz,tviṣ
vcp,main,M-pos/Hi-pos/Hf-drop/G-degem,isolated,0,23517,24057,"3403,a",tsAruka,tsāruka,24058,"3403,a",tryabdaspfS,tryabdaspṛś
vcp,main,M-pos/Hi-pos/Hf-drop/G-degem,isolated,0,23648,24194,"3436,a",daRqamAnava,daṇḍamānava,24195,"3436,a",daRqamAtaNga,daṇḍamātaṅga
vcp,main,M-pos/Hi-pos/Hf-drop/G-degem,isolated,0,23692,24238,"3458,b",datra,datra,24239,"3458,b",dattrima,dattrima
vcp,main,M-pos/Hi-pos/Hf-drop/G-degem,isolated,0,23716,24263,"3461,a",daDipayas,dadhipayas,24264,"3461,a",daDipayaAdi,dadhipayaādi
vcp,main,M-pos/Hi-pos/Hf-drop/G-degem,isolated,0,23737,24284,"3461,b",daDIci,dadhīci,24285,"3462,a",daDIcAsTi,dadhīcāsthi
vcp,main,M-pos/Hi-pos/Hf-drop/G-degem,isolated,0,23750,24297,"3462,b",danu,danu,24298,"3463,a",danAyu,danāyu
vcp,main,M-pos/Hi-pos/Hf-drop/G-degem,isolated,0,23787,24334,"3466,b",dantavalka,dantavalka,24335,"3466,b",dantavartti,dantavartti
vcp,main,M-pos/Hi-pos/Hf-drop/G-degem,isolated,0,23933,24484,"3476,b",dalanirmoka,dalanirmoka,24485,"3476,b",dalana,dalana
vcp,main,M-pos/Hi-pos/Hf-drop/G-degem,isolated,0,24045,24598,"3506,a",daSAmaya,daśāmaya,24599,"3506,a",daSApavitra,daśāpavitra
vcp,main,M-pos/Hi-pos/Hf-drop/G-degem,isolated,0,24077,24633,"3510,b",dahanapluzwa,dahanapluṣṭa,24634,"3510,b",dahanapriyA,dahanapriyā
vcp,main,M-pos/Hi-pos/Hf-drop/G-degem,isolated,0,24158,24717,"3542,b",dAnasAgara,dānasāgara,24718,"3542,b",dAnayogya,dānayogya
vcp,main,M-pos/Hi-pos/Hf-drop/G-degem,isolated,0,24200,24760,"3556,b",dAridrya,dāridrya,24761,"3557,b",dArita,dārita
vcp,main,M-pos/Hi-pos/Hf-drop/G-degem,isolated,0,24420,24984,"3585,a",diva,diva,24988,"3585,b",div,div
vcp,main,M-pos/Hi-pos/Hf-drop/G-degem,isolated,0,24455,25022,"3587,b",divitmat,divitmat,25023,"3587,b",divitA,divitā
vcp,main,M-pos/Hi-pos/Hf-drop/G-degem,isolated,0,24504,25071,"3597,a",diSa,diśa,25072,"3598,a",diS,diś
vcp,main,M-pos/Hi-pos/Hf-drop/G-degem,isolated,0,24700,25271,"3621,a",duHsaha,duḥsaha,25272,"3621,a",duHzupta,duḥṣupta
vcp,main,M-pos/Hi-pos/Hf-drop/G-degem,isolated,0,24724,25295,"3623,b",dugDASman,dugdhāśman,25296,"3623,b",dugDAmra,dugdhāmra
vcp,main,M-pos/Hi-pos/Hf-drop/G-degem,isolated,0,24857,25429,"3637,b",durnAman,durnāman,25430,"3637,b",durdama,durdama
vcp,main,M-pos/Hi-pos/Hf-drop/G-degem,isolated,0,24917,25489,"3643,a",durmUlya,durmūlya,25490,"3643,a",durmaDas,durmadhas
vcp,main,M-pos/Hi-pos/Hf-drop/G-degem,isolated,0,24966,25538,"3647,a",durhana,durhana,25539,"3647,a",durhaRAyu,durhaṇāyu
vcp,main,M-pos/Hi-pos/Hf-drop/G-degem,isolated,0,24989,25562,"3648,a",duScikya,duścikya,25563,"3648,a",daScyavana,daścyavana
vcp,main,M-pos/Hi-pos/Hf-drop/G-degem,isolated,0,25003,25576,"3649,b",duzwacArin,duṣṭacārin,25577,"3649,b",duzwagaja,duṣṭagaja
vcp,main,M-pos/Hi-pos/Hf-drop/G-degem,isolated,0,25053,25627,"3656,b",dUna,dūna,25628,"3656,b",dU,dū
vcp,main,M-pos/Hi-pos/Hf-drop/G-degem,isolated,0,25187,25765,"3670,a",dfSa,dṛśa,25766,"3671,a",dfS,dṛś
vcp,main,M-pos/Hi-pos/Hf-drop/G-degem,isolated,0,25241,25822,"3676,a",devakIya,devakīya,25823,"3676,a",devakIputra,devakīputra
vcp,main,M-pos/Hi-pos/Hf-drop/G-degem,isolated,0,25252,25833,"3676,b",devalAtabila,devalātabila,25834,"3676,b",devagaRa,devagaṇa
vcp,main,M-pos/Hi-pos/Hf-drop/G-degem,isolated,0,25326,25907,"3736,b",devanAman,devanāman,25908,"3736,b",devanA,devanā
vcp,main,M-pos/Hi-pos/Hf-drop/G-degem,isolated,0,25538,26119,"3753,a",deSIya,deśīya,26120,"3753,a",deSita,deśita
vcp,main,M-pos/Hi-pos/Hf-drop/G-degem,isolated,0,25565,26146,"3755,a",dehAtmavAdin,dehātmavādin,26147,"3755,a",dehAtmapratyaya,dehātmapratyaya
vcp,main,M-pos/Hi-pos/Hf-drop/G-degem,isolated,0,25593,26174,"3756,b",dErGya,dairghya,26175,"3756,b",dEnya,dainya
vcp,main,M-pos/Hi-pos/Hf-drop/G-degem,isolated,0,25712,26293,"3770,b",dOrgraha,daurgraha,26294,"3770,b",dOrgAyaRa,daurgāyaṇa
vcp,main,M-pos/Hi-pos/Hf-drop/G-degem,isolated,0,25723,26304,"3771,a",dOrhfda,daurhṛda,26305,"3771,a",dOrhArdda,daurhārdda
vcp,main,M-pos/Hi-pos/Hf-drop/G-degem,isolated,0,25765,26349,"3773,a",dyumatsena,dyumatsena,26350,"3773,a",dyumat,dyumat
vcp,main,M-pos/Hi-pos/Hf-drop/G-degem,isolated,0,25807,26391,"3776,a",dravatpatrI,dravatpatrī,26392,"3776,a",dravat,dravat
vcp,main,M-pos/Hi-pos/Hf-drop/G-degem,isolated,0,25848,26433,"3783,a",drAGizWa,drāghiṣṭha,26434,"3783,a",drAGiman,drāghiman
vcp,main,M-pos/Hi-pos/Hf-drop/G-degem,isolated,0,25884,26472,"3786,b",drupadI,drupadī,26473,"3786,b",drupadAditya,drupadāditya
vcp,main,M-pos/Hi-pos/Hf-drop/G-degem,isolated,0,25947,26538,"3790,b",drORIja,drauṇīja,26539,"3790,b",drORAyana,drauṇāyana
vcp,main,M-pos/Hi-pos/Hf-drop/G-degem,isolated,0,26023,26614,"3808,b",dvAragopa,dvāragopa,26615,"3808,b",dvArakeSa,dvārakeśa
vcp,main,M-pos/Hi-pos/Hf-drop/G-degem,isolated,0,26054,26645,"3813,a",dviguRAkf,dviguṇākṛ,26646,"3813,a",dviguRAkarRa,dviguṇākarṇa
vcp,main,M-pos/Hi-pos/Hf-drop/G-degem,isolated,0,26083,26674,"3814,b",dvijopAsaka,dvijopāsaka,26675,"3814,b",dvijottama,dvijottama
vcp,main,M-pos/Hi-pos/Hf-drop/G-degem,isolated,0,26127,26718,"3821,a",dviparRI,dviparṇī,26719,"3821,a",dvipamada,dvipamada
vcp,main,M-pos/Hi-pos/Hf-drop/G-degem,isolated,0,26149,26740,"3822,a",dvimUzali,dvimūṣali,26741,"3822,a",dvimUrdDa,dvimūrddha
vcp,main,M-pos/Hi-pos/Hf-drop/G-degem,isolated,0,26234,26827,"3829,b",dvezapakza,dveṣapakṣa,26828,"3829,b",dvez,dveṣ
vcp,main,M-pos/Hi-pos/Hf-drop/G-degem,isolated,0,26248,26841,"3831,a",dvEDam,dvaidham,26842,"3831,a",dvEDa,dvaidha
vcp,main,M-pos/Hi-pos/Hf-drop/G-degem,isolated,0,26289,26882,"3833,b",dvyopaSa,dvyopaśa,26883,"3833,b",dvArakASilA,dvārakāśilā
vcp,main,M-pos/Hi-pos/Hf-drop/G-degem,isolated,0,26291,26884,"3835,a",DakAraH,dhakāraḥ,26885,"3835,a",Da,dha
vcp,main,M-pos/Hi-pos/Hf-drop/G-degem,isolated,0,26298,26891,"3835,b",DawI,dhaṭī,26892,"3835,b",Dawin,dhaṭin
vcp,main,M-pos/Hi-pos/Hf-drop/G-degem,isolated,0,26411,27008,"3847,b",DaraRIkIlaka,dharaṇīkīlaka,27009,"3847,b",DaraRiDft,dharaṇidhṛt
vcp,main,M-pos/Hi-pos/Hf-drop/G-degem,isolated,0,26434,27031,"3854,a",Darmmakarmman,dharmmakarmman,27032,"3854,a",DarmmakaTAdaridra,dharmmakathādaridra
vcp,main,M-pos/Hi-pos/Hf-drop/G-degem,isolated,0,26473,27070,"3857,a",Darmapattana,dharmapattana,27071,"3857,a",Darmapati,dharmapati
vcp,main,M-pos/Hi-pos/Hf-drop/G-degem,isolated,0,26821,27427,"3901,a",DUmANga,dhūmāṅga,27428,"3901,a",DUmAgni,dhūmāgni
vcp,main,M-pos/Hi-pos/Hf-drop/G-degem,isolated,0,26931,27543,"3911,a",DoyI,dhoyī,27544,"3911,a",Doqa,dhoḍa
vcp,main,M-pos/Hi-pos/Hf-drop/G-degem,isolated,0,27000,27612,"3915,b",Drasa,dhrasa,27613,"3915,b",Dra,dhra
vcp,main,M-pos/Hi-pos/Hf-drop/G-degem,isolated,0,27016,27629,"3918,b",DruvasanDi,dhruvasandhi,27630,"3918,b",Druvas,dhruvas
vcp,main,M-pos/Hi-pos/Hf-drop/G-degem,isolated,0,27071,27687,"3925,a",nakAraH,nakāraḥ,27688,"3925,a",na,na
vcp,main,M-pos/Hi-pos/Hf-drop/G-degem,isolated,0,27144,27760,"3934,a",nakzatrezwi,nakṣatreṣṭi,27761,"3934,b",nakzatrezwakA,nakṣatreṣṭakā
vcp,main,M-pos/Hi-pos/Hf-drop/G-degem,isolated,0,27191,27808,"3937,a",nagaramArga,nagaramārga,27809,"3937,b",nagaranDrakara,nagarandhrakara
vcp,main,M-pos/Hi-pos/Hf-drop/G-degem,isolated,0,27542,28167,"3988,a",navadaSan,navadaśan,28168,"3988,a",navadala,navadala
vcp,main,M-pos/Hi-pos/Hf-drop/G-degem,isolated,0,27564,28189,"3990,b",navavaDU,navavadhū,28190,"3991,b",navaBAga,navabhāga
vcp,main,M-pos/Hi-pos/Hf-drop/G-degem,isolated,0,27619,28244,"4000,a",nazwaScezwatA,naṣṭaśceṣṭatā,28245,"4000,a",nazwajAtaka,naṣṭajātaka
vcp,main,M-pos/Hi-pos/Hf-drop/G-degem,isolated,0,27626,28251,"4006,a",nasa,nasa,28253,"4006,a",nas,nas
vcp,main,M-pos/Hi-pos/Hf-drop/G-degem,isolated,0,27746,28372,"4018,a",nAgAntaka,nāgāntaka,28373,"4018,a",nAgAnanda,nāgānanda
vcp,main,M-pos/Hi-pos/Hf-drop/G-degem,isolated,0,27810,28436,"4028,a",nAqIsvarasaYcAra,nāḍīsvarasañcāra,28437,"4030,a",nAqIsneha,nāḍīsneha
vcp,main,M-pos/Hi-pos/Hf-drop/G-degem,isolated,0,27865,28492,"4038,b",nABivarza,nābhivarṣa,28493,"4038,b",nABila,nābhila
vcp,main,M-pos/Hi-pos/Hf-drop/G-degem,isolated,0,27971,28598,"4051,b",nAsinDaya,nāsindhaya,28599,"4051,b",nAsikA,nāsikā
vcp,main,M-pos/Hi-pos/Hf-drop/G-degem,isolated,0,27999,28626,"4055,b",niHzama,niḥṣama,28627,"4055,b",niHzanDi,niḥṣandhi
vcp,main,M-pos/Hi-pos/Hf-drop/G-degem,isolated,1,28002,28629,"4055,b",niHsampAta,niḥsampāta,28630,"4055,b",niHsaMSaya,niḥsaṃśaya
vcp,main,M-pos/Hi-pos/Hf-drop/G-degem,isolated,0,28058,28685,"4058,a",nikzuBA,nikṣubhā,28686,"4058,a",nikzipta,nikṣipta
vcp,main,M-pos/Hi-pos/Hf-drop/G-degem,isolated,0,28347,28974,"4086,b",nirAhAra,nirāhāra,28975,"4086,b",niraNgiRI,niraṅgiṇī
vcp,main,M-pos/Hi-pos/Hf-drop/G-degem,isolated,0,28351,28978,"4086,b",nirIza,nirīṣa,28979,"4086,b",nirISvara,nirīśvara
vcp,main,M-pos/Hi-pos/Hf-drop/G-degem,isolated,0,28371,28998,"4088,b",nirUha,nirūha,28999,"4090,a",nifti,niṛti
vcp,main,M-pos/Hi-pos/Hf-drop/G-degem,isolated,0,28425,29052,"4096,a",nirdahas,nirdahas,29053,"4096,a",nirdahana,nirdahana
vcp,main,M-pos/Hi-pos/Hf-drop/G-degem,isolated,0,28442,29069,"4098,a",nirvarhaRa,nirvarhaṇa,29070,"4098,a",nirbADa,nirbādha
vcp,main,M-pos/Hi-pos/Hf-drop/G-degem,isolated,0,28520,29147,"4104,a",nirvitarka,nirvitarka,29148,"4104,a",nirviRRa,nirviṇṇa
vcp,main,M-pos/Hi-pos/Hf-drop/G-degem,isolated,0,28566,29193,"4107,b",nivAnyA,nivānyā,29194,"4107,b",nivAnyavatsA,nivānyavatsā
vcp,main,M-pos/Hi-pos/Hf-drop/G-degem,isolated,0,28699,29327,"4117,a",nizkAsa,niṣkāsa,29328,"4117,a",nizkASita,niṣkāśita
vcp,main,M-pos/Hi-pos/Hf-drop/G-degem,isolated,1,28728,29356,"4119,a",nizWA,niṣṭhā,29357,"4119,b",niHzWA,niḥṣṭhā
vcp,main,M-pos/Hi-pos/Hf-drop/G-degem,isolated,0,28795,29423,"4123,b",nistIpa,nistīpa,29424,"4123,b",nistarhaRa,nistarhaṇa
vcp,main,M-pos/Hi-pos/Hf-drop/G-degem,isolated,0,28811,29439,"4124,a",nissnehaPalA,nissnehaphalā,29440,"4124,a",nispanda,nispanda
vcp,main,M-pos/Hi-pos/Hf-drop/G-degem,isolated,0,28816,29444,"4124,b",nissva,nissva,29445,"4124,b",nisvAna,nisvāna
vcp,main,M-pos/Hi-pos/Hf-drop/G-degem,isolated,0,28980,29608,"4137,b",nIvra,nīvra,29609,"4137,b",nIvft,nīvṛt
vcp,main,M-pos/Hi-pos/Hf-drop/G-degem,isolated,0,29113,29743,"4147,a",nepAlajA,nepālajā,29744,"4147,a",nepAlakambala,nepālakambala
vcp,main,M-pos/Hi-pos/Hf-drop/G-degem,isolated,0,29124,29754,"4147,b",neyArTatA,neyārthatā,29755,"4147,b",nemiSa,nemiśa
vcp,main,M-pos/Hi-pos/Hf-drop/G-degem,isolated,0,29303,29933,"4177,a",paktf,paktṛ,29934,"4177,a",pakti,pakti
vcp,main,M-pos/Hi-pos/Hf-drop/G-degem,isolated,0,29338,29970,"4178,b",pakzAnta,pakṣānta,29971,"4178,b",pakzAdi,pakṣādi
vcp,main,M-pos/Hi-pos/Hf-drop/G-degem,isolated,0,29388,30022,"4181,b",pacatya,pacatya,30023,"4181,b",pacati,pacati
vcp,main,M-pos/Hi-pos/Hf-drop/G-degem,isolated,0,29475,30109,"4188,a",paYcapradIpa,pañcapradīpa,30110,"4188,a",paYcapuzpa,pañcapuṣpa
vcp,main,M-pos/Hi-pos/Hf-drop/G-degem,isolated,0,29490,30124,"4189,b",paYcamahiza,pañcamahiṣa,30125,"4189,b",paYcamahApAtaka,pañcamahāpātaka
vcp,main,M-pos/Hi-pos/Hf-drop/G-degem,isolated,0,29591,30225,"4199,a",paYcozman,pañcoṣman,30226,"4199,a",paYcodana,pañcodana
vcp,main,M-pos/Hi-pos/Hf-drop/G-degem,isolated,0,29599,30233,"4199,b",pawa,paṭa,30237,"4200,a",paw,paṭ
vcp,main,M-pos/Hi-pos/Hf-drop/G-degem,isolated,0,29671,30310,"4203,a",paRAyita,paṇāyita,30311,"4203,a",paRAdi,paṇādi
vcp,main,M-pos/Hi-pos/Hf-drop/G-degem,isolated,0,29701,30343,"4204,b",pataYcikA,patañcikā,30344,"4204,b",pataYcala,patañcala
vcp,main,M-pos/Hi-pos/Hf-drop/G-degem,isolated,0,29706,30348,"4211,b",patatri,patatri,30349,"4211,b",patattra,patattra
vcp,main,M-pos/Hi-pos/Hf-drop/G-degem,isolated,0,29741,30383,"4219,b",pattaNga,pattaṅga,30384,"4219,b",patta,patta
vcp,main,M-pos/Hi-pos/Hf-drop/G-degem,isolated,0,29776,30418,"4221,b",pattraleKA,pattralekhā,30419,"4221,b",pattrala,pattrala
vcp,main,M-pos/Hi-pos/Hf-drop/G-degem,isolated,0,29786,30428,"4222,a",pattrasirA,pattrasirā,30429,"4222,a",pattraSfNgI,pattraśṛṅgī
vcp,main,M-pos/Hi-pos/Hf-drop/G-degem,isolated,0,29807,30449,"4222,b",pattropaskara,pattropaskara,30450,"4222,b",pattyorRa,pattyorṇa
vcp,main,M-pos/Hi-pos/Hf-drop/G-degem,isolated,0,29881,30529,"4225,b",padmakara,padmakara,30530,"4225,b",padmakanda,padmakanda
vcp,main,M-pos/Hi-pos/Hf-drop/G-degem,isolated,0,29917,30565,"4230,a",padmavfkza,padmavṛkṣa,30566,"4230,a",padmavIja,padmavīja
vcp,main,M-pos/Hi-pos/Hf-drop/G-degem,isolated,0,29966,30614,"4231,b",papuri,papuri,30615,"4231,b",papukzeRya,papukṣeṇya
vcp,main,M-pos/Hi-pos/Hf-drop/G-degem,isolated,0,30009,30658,"4233,a",paraHsahasra,paraḥsahasra,30659,"4233,a",paraurvI,paraurvī
vcp,main,M-pos/Hi-pos/Hf-drop/G-degem,isolated,0,30103,30752,"4239,a",paraSurAma,paraśurāma,30753,"4239,b",paraSuDara,paraśudhara
vcp,main,M-pos/Hi-pos/Hf-drop/G-degem,isolated,0,30119,30768,"4240,a",parAke,parāke,30769,"4240,a",parAkASa,parākāśa
vcp,main,M-pos/Hi-pos/Hf-drop/G-degem,isolated,0,30280,30929,"4249,a",pariDisTa,paridhistha,30930,"4249,a",pariDipatiKecara,paridhipatikhecara
vcp,main,M-pos/Hi-pos/Hf-drop/G-degem,isolated,0,30288,30937,"4249,a",paripana,paripana,30938,"4249,a",paripati,paripati
vcp,main,M-pos/Hi-pos/Hf-drop/G-degem,isolated,0,30312,30961,"4249,b",parivarha,parivarha,30962,"4249,b",pariBava,paribhava
vcp,main,M-pos/Hi-pos/Hf-drop/G-degem,isolated,0,30408,31057,"4258,b",paristoma,paristoma,31058,"4258,b",parizWala,pariṣṭhala
vcp,main,M-pos/Hi-pos/Hf-drop/G-degem,isolated,0,30411,31060,"4258,b",parispanda,parispanda,31061,"4258,b",parizvaNga,pariṣvaṅga
vcp,main,M-pos/Hi-pos/Hf-drop/G-degem,isolated,1,30413,31062,"4258,b",parisaMvatsara,parisaṃvatsara,31063,"4258,b",parisaMKyA,parisaṃkhyā
vcp,main,M-pos/Hi-pos/Hf-drop/G-degem,isolated,0,30527,31180,"4266,a",paryyaNkabanDa,paryyaṅkabandha,31181,"4266,a",paryyagnikfta,paryyagnikṛta
vcp,main,M-pos/Hi-pos/Hf-drop/G-degem,isolated,0,30740,31398,"4281,a",paScimAnUpaka,paścimānūpaka,31399,"4281,a",paScimarAtra,paścimarātra
vcp,main,M-pos/Hi-pos/Hf-drop/G-degem,isolated,0,30766,31425,"4283,a",pAMsukulI,pāṃsukulī,31426,"4283,a",pAMSukUla,pāṃśukūla
vcp,main,M-pos/Hi-pos/Hf-drop/G-degem,isolated,0,30801,31460,"4286,a",pAkAri,pākāri,31461,"4286,a",pAkaru,pākaru
vcp,main,M-pos/Hi-pos/Hf-drop/G-degem,isolated,0,30824,31483,"4288,a",pAYcAlikA,pāñcālikā,31484,"4288,a",pAYcavarzika,pāñcavarṣika
vcp,main,M-pos/Hi-pos/Hf-drop/G-degem,isolated,0,30899,31558,"4294,a",pARItaka,pāṇītaka,31559,"4294,a",pARihoma,pāṇihoma
vcp,main,M-pos/Hi-pos/Hf-drop/G-degem,isolated,0,30970,31629,"4302,a",pAtropakaraRa,pātropakaraṇa,31630,"4302,a",pAttra,pāttra
vcp,main,M-pos/Hi-pos/Hf-drop/G-degem,isolated,0,31034,31693,"4304,b",pAdAmbu,pādāmbu,31694,"4304,b",pAdAByaYjana,pādābhyañjana
vcp,main,M-pos/Hi-pos/Hf-drop/G-degem,isolated,0,31089,31748,"4309,a",pApayakzman,pāpayakṣman,31749,"4309,a",pApamukta,pāpamukta
vcp,main,M-pos/Hi-pos/Hf-drop/G-degem,isolated,0,31156,31816,"4314,a",pArAvata,pārāvata,31817,"4314,a",pArApAra,pārāpāra
vcp,main,M-pos/Hi-pos/Hf-drop/G-degem,isolated,0,31253,31913,"4320,a",pArzika,pārṣika,31914,"4320,a",pArzata,pārṣata
vcp,main,M-pos/Hi-pos/Hf-drop/G-degem,isolated,0,31355,32016,"4325,a",piNgalA,piṅgalā,32017,"4325,a",piNgalalOha,piṅgalalauha
vcp,main,M-pos/Hi-pos/Hf-drop/G-degem,isolated,0,31361,32022,"4325,a",piNgAsya,piṅgāsya,32023,"4325,b",piNgAkza,piṅgākṣa
vcp,main,M-pos/Hi-pos/Hf-drop/G-degem,isolated,0,31409,32072,"4327,a",piwwaka,piṭṭaka,32073,"4327,a",piwwa,piṭṭa
vcp,main,M-pos/Hi-pos/Hf-drop/G-degem,isolated,0,31538,32201,"4338,a",pippalISroRi,pippalīśroṇi,32202,"4338,a",pippalImUla,pippalīmūla
vcp,main,M-pos/Hi-pos/Hf-drop/G-degem,isolated,0,31546,32209,"4338,a",pibdamAnA,pibdamānā,32210,"4338,a",pibdana,pibdana
vcp,main,M-pos/Hi-pos/Hf-drop/G-degem,isolated,0,31582,32246,"4339,b",pizwapUra,piṣṭapūra,32247,"4339,b",pizwapAkaBft,piṣṭapākabhṛt
vcp,main,M-pos/Hi-pos/Hf-drop/G-degem,isolated,0,31615,32281,"4345,b",pItakAzWa,pītakāṣṭha,32282,"4345,b",pItakAlA,pītakālā
vcp,main,M-pos/Hi-pos/Hf-drop/G-degem,isolated,1,31720,32386,"4350,a",pukkaSa,pukkaśa,32387,"4350,b",puMkzIra,puṃkṣīra
vcp,main,M-pos/Hi-pos/Hf-drop/G-degem,isolated,0,31730,32397,"4350,b",pucCadA,pucchadā,32398,"4350,b",pucCaRqaka,pucchaṇḍaka
vcp,main,M-pos/Hi-pos/Hf-drop/G-degem,isolated,0,31836,32506,"4361,b",putrya,putrya,32507,"4361,b",putrezwi,putreṣṭi
vcp,main,M-pos/Hi-pos/Hf-drop/G-degem,isolated,0,31874,32546,"4363,b",pumas,pumas,32547,"4364,a",pumanujA,pumanujā
vcp,main,M-pos/Hi-pos/Hf-drop/G-degem,isolated,0,31880,32552,"4364,a",puraHsara,puraḥsara,32553,"4364,a",pura,pura
vcp,main,M-pos/Hi-pos/Hf-drop/G-degem,isolated,0,31899,32571,"4365,a",puramArga,puramārga,32572,"4365,a",puramAninI,puramāninī
vcp,main,M-pos/Hi-pos/Hf-drop/G-degem,isolated,0,31970,32643,"4373,b",purUravasa,purūravasa,32644,"4373,b",pururAvan,pururāvan
vcp,main,M-pos/Hi-pos/Hf-drop/G-degem,isolated,0,32040,32717,"4381,b",pulAlikA,pulālikā,32718,"4381,b",pulAyita,pulāyita
vcp,main,M-pos/Hi-pos/Hf-drop/G-degem,isolated,0,32047,32724,"4381,b",puloman,puloman,32725,"4381,b",pulomajA,pulomajā
vcp,main,M-pos/Hi-pos/Hf-drop/G-degem,isolated,0,32140,32821,"4391,b",puzpavanta,puṣpavanta,32822,"4391,b",puzpavatI,puṣpavatī
vcp,main,M-pos/Hi-pos/Hf-drop/G-degem,isolated,0,32271,32958,"4398,b",pUrRakUwa,pūrṇakūṭa,32959,"4398,b",pUrRakumBaH,pūrṇakumbhaḥ
vcp,main,M-pos/Hi-pos/Hf-drop/G-degem,isolated,0,32307,32994,"4405,b",pUrva,pūrva,32995,"4405,b",pUryya,pūryya
vcp,main,M-pos/Hi-pos/Hf-drop/G-degem,isolated,0,32359,33047,"4411,a",pUrvaSEla,pūrvaśaila,33048,"4411,a",pUrvaSakTa,pūrvaśaktha
vcp,main,M-pos/Hi-pos/Hf-drop/G-degem,isolated,0,32400,33092,"4412,b",pfkze,pṛkṣe,33093,"4412,b",pfkzuD,pṛkṣudh
vcp,main,M-pos/Hi-pos/Hf-drop/G-degem,isolated,0,32417,33110,"4413,b",pfTakparRI,pṛthakparṇī,33111,"4413,b",pfTakkzetra,pṛthakkṣetra
vcp,main,M-pos/Hi-pos/Hf-drop/G-degem,isolated,0,32422,33115,"4413,b",pfTagviDa,pṛthagvidha,33116,"4413,b",pfTagbIja,pṛthagbīja
vcp,main,M-pos/Hi-pos/Hf-drop/G-degem,isolated,0,32428,33121,"4413,b",pfTin,pṛthin,33122,"4413,b",pfTavI,pṛthavī
vcp,main,M-pos/Hi-pos/Hf-drop/G-degem,isolated,0,32486,33179,"4416,b",pfzadbala,pṛṣadbala,33180,"4416,b",pfzadDra,pṛṣaddhra
vcp,main,M-pos/Hi-pos/Hf-drop/G-degem,isolated,0,32570,33265,"4420,a",pENgala,paiṅgala,33266,"4420,a",pENgarAyana,paiṅgarāyana
vcp,main,M-pos/Hi-pos/Hf-drop/G-degem,isolated,0,32577,33272,"4420,a",pEyavana,paiyavana,33273,"4420,a",pEYjUza,paiñjūṣa
vcp,main,M-pos/Hi-pos/Hf-drop/G-degem,isolated,0,32621,33316,"4421,b",potarakza,potarakṣa,33317,"4421,b",potanakapriya,potanakapriya
vcp,main,M-pos/Hi-pos/Hf-drop/G-degem,isolated,0,32627,33322,"4422,a",potimatsyaka,potimatsyaka,33323,"4422,a",potikA,potikā
vcp,main,M-pos/Hi-pos/Hf-drop/G-degem,isolated,0,32840,33536,"4432,b",pracetasI,pracetasī,33537,"4432,b",pracetas,pracetas
vcp,main,M-pos/Hi-pos/Hf-drop/G-degem,isolated,0,32842,33538,"4432,b",pracetf,pracetṛ,33539,"4432,b",pracetuna,pracetuna
vcp,main,M-pos/Hi-pos/Hf-drop/G-degem,isolated,0,32861,33557,"4433,b",prajaNGa,prajaṅgha,33558,"4433,b",prajagmi,prajagmi
vcp,main,M-pos/Hi-pos/Hf-drop/G-degem,isolated,0,32875,33571,"4433,b",prajAtA,prajātā,33572,"4433,b",prajAtantu,prajātantu
vcp,main,M-pos/Hi-pos/Hf-drop/G-degem,isolated,0,32942,33638,"4436,b",pratAs,pratās,33639,"4436,b",pratAraka,pratāraka
vcp,main,M-pos/Hi-pos/Hf-drop/G-degem,isolated,0,32981,33677,"4441,a",praticCandas,praticchandas,33678,"4441,a",praticCandaka,praticchandaka
vcp,main,M-pos/Hi-pos/Hf-drop/G-degem,isolated,0,33082,33778,"4449,b",pratiyogin,pratiyogin,33779,"4449,b",pratiyogitAvacCedaka,pratiyogitāvacchedaka
vcp,main,M-pos/Hi-pos/Hf-drop/G-degem,isolated,0,33130,33827,"4454,b",pratiSrutkA,pratiśrutkā,33828,"4454,b",pratiSruti,pratiśruti
vcp,main,M-pos/Hi-pos/Hf-drop/G-degem,isolated,1,33145,33842,"4455,a",pratisaNkrama,pratisaṅkrama,33843,"4455,b",pratisaMKyA,pratisaṃkhyā
vcp,main,M-pos/Hi-pos/Hf-drop/G-degem,isolated,0,33182,33879,"4457,a",pratihAsa,pratihāsa,33880,"4457,a",pratihara,pratihara
vcp,main,M-pos/Hi-pos/Hf-drop/G-degem,isolated,0,33193,33890,"4459,a",pratIcya,pratīcya,33891,"4459,a",pratIcCaka,pratīcchaka
vcp,main,M-pos/Hi-pos/Hf-drop/G-degem,isolated,0,33408,34106,"4472,a",prabanDana,prabandhana,34107,"4472,a",prabanDakalpanA,prabandhakalpanā
vcp,main,M-pos/Hi-pos/Hf-drop/G-degem,isolated,0,33436,34134,"4474,b",praBAtIrTa,prabhātīrtha,34135,"4474,b",praBAtIra,prabhātīra
vcp,main,M-pos/Hi-pos/Hf-drop/G-degem,isolated,0,33677,34376,"4495,a",prazwf,praṣṭṛ,34377,"4495,a",prazwi,praṣṭi
vcp,main,M-pos/Hi-pos/Hf-drop/G-degem,isolated,1,33684,34383,"4495,b",prasakzin,prasakṣin,34384,"4495,b",prasaMKyAna,prasaṃkhyāna
vcp,main,M-pos/Hi-pos/Hf-drop/G-degem,isolated,0,33886,34586,"4506,b",prAcyAyana,prācyāyana,34587,"4506,b",prAcC,prācch
vcp,main,M-pos/Hi-pos/Hf-drop/G-degem,isolated,0,33896,34596,"4507,a",prAjin,prājin,34597,"4507,a",prAjitf,prājitṛ
vcp,main,M-pos/Hi-pos/Hf-drop/G-degem,isolated,0,33956,34656,"4519,b",prAtaHkftya,prātaḥkṛtya,34657,"4519,b",prAtaHkAla,prātaḥkāla
vcp,main,M-pos/Hi-pos/Hf-drop/G-degem,isolated,0,34121,34821,"4531,a",priyavada,priyavada,34822,"4531,a",priyaka,priyaka
vcp,main,M-pos/Hi-pos/Hf-drop/G-degem,isolated,0,34235,34940,"4541,b",proYCana,proñchana,34941,"4541,b",projJita,projjhita
vcp,main,M-pos/Hi-pos/Hf-drop/G-degem,isolated,0,34309,35019,"4546,b",psura,psura,35020,"4548,a",pizwapaSu,piṣṭapaśu
vcp,main,M-pos/Hi-pos/Hf-drop/G-degem,isolated,0,34320,35031,"4549,b",PaYjipatrikA,phañjipatrikā,35032,"4550,a",PaYji,phañji
vcp,main,M-pos/Hi-pos/Hf-drop/G-degem,isolated,0,34322,35033,"4550,a",Pawa,phaṭa,35034,"4550,a",Paw,phaṭ
vcp,main,M-pos/Hi-pos/Hf-drop/G-degem,isolated,0,34327,35040,"4550,a",PaRAdi,phaṇādi,35041,"4550,a",PaRaDara,phaṇadhara
vcp,main,M-pos/Hi-pos/Hf-drop/G-degem,isolated,0,34362,35078,"4551,b",Palapura,phalapura,35079,"4551,b",Palakayantra,phalakayantra
vcp,main,M-pos/Hi-pos/Hf-drop/G-degem,isolated,0,34404,35120,"4553,a",PalaSrezWa,phalaśreṣṭha,35121,"4553,a",PalaSa,phalaśa
vcp,main,M-pos/Hi-pos/Hf-drop/G-degem,isolated,0,34432,35148,"4554,a",Palotpatti,phalotpatti,35149,"4554,a",PalecCuka,phalecchuka
vcp,main,M-pos/Hi-pos/Hf-drop/G-degem,isolated,0,34470,35187,"4556,a",Pullalocana,phullalocana,35188,"4556,a",PullarIka,phullarīka
vcp,main,M-pos/Hi-pos/Hf-drop/G-degem,isolated,0,34474,35191,"4556,a",PenakA,phenakā,35192,"4556,a",PeRadugDA,pheṇadugdhā
vcp,main,M-pos/Hi-pos/Hf-drop/G-degem,isolated,0,34479,35196,"4556,a",PenikA,phenikā,35197,"4556,a",PeRila,pheṇila
vcp,main,M-pos/Hi-pos/Hf-drop/G-degem,isolated,0,34515,35236,"4557,b",bavadarIpatra,bavadarīpatra,35237,"4557,b",badarIPalA,badarīphalā
vcp,main,M-pos/Hi-pos/Hf-drop/G-degem,isolated,0,34580,35306,"4560,b",barhivAhana,barhivāhana,35307,"4561,a",barhipuzpa,barhipuṣpa
vcp,main,M-pos/Hi-pos/Hf-drop/G-degem,isolated,1,34582,35308,"4561,a",barhirmuKa,barhirmukha,35309,"4561,a",barhiHSuzman,barhiḥśuṣman
vcp,main,M-pos/Hi-pos/Hf-drop/G-degem,isolated,0,34587,35313,"4561,a",barhizya,barhiṣya,35314,"4561,a",barhizWa,barhiṣṭha
vcp,main,M-pos/Hi-pos/Hf-drop/G-degem,isolated,0,34630,35360,"4565,a",balinandana,balinandana,35361,"4565,a",balina,balina
vcp,main,M-pos/Hi-pos/Hf-drop/G-degem,isolated,0,34631,35361,"4565,a",balina,balina,35362,"4565,a",balin,balin
vcp,main,M-pos/Hi-pos/Hf-drop/G-degem,isolated,0,34643,35373,"4565,a",balIyas,balīyas,35374,"4565,a",balIbarda,balībarda
vcp,main,M-pos/Hi-pos/Hf-drop/G-degem,isolated,0,34810,35541,"4572,b",bAlISa,bālīśa,35542,"4572,b",bAlihan,bālihan
vcp,main,M-pos/Hi-pos/Hf-drop/G-degem,isolated,0,34822,35553,"4573,a",bAlvajaBArika,bālvajabhārika,35554,"4573,a",bAlya,bālya
vcp,main,M-pos/Hi-pos/Hf-drop/G-degem,isolated,0,34912,35647,"4578,b",bukkana,bukkana,35648,"4578,b",bukkan,bukkan
vcp,main,M-pos/Hi-pos/Hf-drop/G-degem,isolated,0,34960,35700,"4587,b",bUkka,būkka,35701,"4587,b",buvadukTa,buvaduktha
vcp,main,M-pos/Hi-pos/Hf-drop/G-degem,isolated,0,35021,35761,"4589,a",bfhadDarmmapurARa,bṛhaddharmmapurāṇa,35762,"4589,a",bfhadDana,bṛhaddhana
vcp,main,M-pos/Hi-pos/Hf-drop/G-degem,isolated,0,35093,35833,"4593,b",brahmacArin,brahmacārin,35834,"4593,b",brahmacAriRI,brahmacāriṇī
vcp,main,M-pos/Hi-pos/Hf-drop/G-degem,isolated,0,35096,35836,"4594,a",brahmajYa,brahmajña,35837,"4594,a",brahmajawA,brahmajaṭā
vcp,main,M-pos/Hi-pos/Hf-drop/G-degem,isolated,0,35105,35845,"4594,b",brahmatva,brahmatva,35846,"4594,b",brahmatuNga,brahmatuṅga
vcp,main,M-pos/Hi-pos/Hf-drop/G-degem,isolated,0,35129,35869,"4598,b",brahmabindu,brahmabindu,35870,"4598,b",brahmabaDyA,brahmabadhyā
vcp,main,M-pos/Hi-pos/Hf-drop/G-degem,isolated,0,35192,35932,"4602,a",brahmasAvarRi,brahmasāvarṇi,35933,"4602,a",brahmasamBava,brahmasambhava
vcp,main,M-pos/Hi-pos/Hf-drop/G-degem,isolated,0,35212,35952,"4608,b",brahmABijAtA,brahmābhijātā,35953,"4608,b",brahmAnanda,brahmānanda
vcp,main,M-pos/Hi-pos/Hf-drop/G-degem,isolated,0,35230,35970,"4610,a",brahmopanetf,brahmopanetṛ,35971,"4610,a",brahmopanizad,brahmopaniṣad
vcp,main,M-pos/Hi-pos/Hf-drop/G-degem,isolated,0,35255,35995,"4616,a",brAhmaRya,brāhmaṇya,35996,"4616,a",brAhmaRI,brāhmaṇī
vcp,main,M-pos/Hi-pos/Hf-drop/G-degem,isolated,0,35263,36003,"4617,a",BakAra,bhakāra,36004,"4617,a",BakakzA,bhakakṣā
vcp,main,M-pos/Hi-pos/Hf-drop/G-degem,isolated,0,35284,36025,"4630,b",BakzikA,bhakṣikā,36026,"4630,b",BakzakAra,bhakṣakāra
vcp,main,M-pos/Hi-pos/Hf-drop/G-degem,isolated,0,35307,36048,"4632,a",BagaSAstra,bhagaśāstra,36049,"4632,a",Bagavat,bhagavat
vcp,main,M-pos/Hi-pos/Hf-drop/G-degem,isolated,0,35387,36135,"4639,a",BadrakAra,bhadrakāra,36136,"4639,a",BadrakAya,bhadrakāya
vcp,main,M-pos/Hi-pos/Hf-drop/G-degem,isolated,0,35435,36183,"4640,b",BadraSrO,bhadraśrau,36184,"4640,b",BadraSreRya,bhadraśreṇya
vcp,main,M-pos/Hi-pos/Hf-drop/G-degem,isolated,0,35635,36388,"4651,a",BAjin,bhājin,36389,"4651,a",BAjita,bhājita
vcp,main,M-pos/Hi-pos/Hf-drop/G-degem,isolated,0,35660,36413,"4652,a",BAnumatI,bhānumatī,36414,"4652,a",BAnumat,bhānumat
vcp,main,M-pos/Hi-pos/Hf-drop/G-degem,isolated,0,35738,36492,"4668,a",BAzAsama,bhāṣāsama,36493,"4668,a",BAzApAda,bhāṣāpāda
vcp,main,M-pos/Hi-pos/Hf-drop/G-degem,isolated,0,35782,36538,"4671,a",Bida,bhida,36540,"4671,a",Bid,bhid
vcp,main,M-pos/Hi-pos/Hf-drop/G-degem,isolated,0,35814,36571,"4672,b",Billowa,bhilloṭa,36572,"4672,b",BillI,bhillī
vcp,main,M-pos/Hi-pos/Hf-drop/G-degem,isolated,0,35823,36581,"4672,b",BissawA,bhissaṭā,36582,"4672,b",Bissa,bhissa
vcp,main,M-pos/Hi-pos/Hf-drop/G-degem,isolated,0,35852,36612,"4673,b",BImAdevI,bhīmādevī,36613,"4673,b",BImAdi,bhīmādi
vcp,main,M-pos/Hi-pos/Hf-drop/G-degem,isolated,0,35886,36649,"4675,b",BujagAntaka,bhujagāntaka,36650,"4675,b",BujagaBojin,bhujagabhojin
vcp,main,M-pos/Hi-pos/Hf-drop/G-degem,isolated,0,35936,36699,"4678,a",Buvarloka,bhuvarloka,36700,"4678,a",Buvam,bhuvam
vcp,main,M-pos/Hi-pos/Hf-drop/G-degem,isolated,1,35998,36765,"4687,a",BUtasaYcArin,bhūtasañcārin,36766,"4687,a",BUtasaMplava,bhūtasaṃplava
vcp,main,M-pos/Hi-pos/Hf-drop/G-degem,isolated,0,36034,36801,"4688,a",BUDra,bhūdhra,36802,"4688,a",BUDAtrI,bhūdhātrī
vcp,main,M-pos/Hi-pos/Hf-drop/G-degem,isolated,0,36095,36862,"4692,a",BUmyanantara,bhūmyanantara,36863,"4692,a",BUmya,bhūmya
vcp,main,M-pos/Hi-pos/Hf-drop/G-degem,isolated,0,36100,36867,"4692,b",BUyas,bhūyas,36869,"4692,b",BUyaSas,bhūyaśas
vcp,main,M-pos/Hi-pos/Hf-drop/G-degem,isolated,0,36382,37160,"4711,b",makAraH,makāraḥ,37161,"4712,a",ma,ma
vcp,main,M-pos/Hi-pos/Hf-drop/G-degem,isolated,0,36432,37213,"4713,b",maganda,maganda,37214,"4713,b",magaRa,magaṇa
vcp,main,M-pos/Hi-pos/Hf-drop/G-degem,isolated,0,36455,37238,"4715,a",maNgalyaka,maṅgalyaka,37239,"4715,a",maNgalakusumA,maṅgalakusumā
vcp,main,M-pos/Hi-pos/Hf-drop/G-degem,isolated,0,36535,37322,"4717,b",maRipuzpaka,maṇipuṣpaka,37323,"4717,b",maRipura,maṇipura
vcp,main,M-pos/Hi-pos/Hf-drop/G-degem,isolated,0,36574,37361,"4720,a",maRqalADipa,maṇḍalādhipa,37362,"4720,a",maRqalAkfta,maṇḍalākṛta
vcp,main,M-pos/Hi-pos/Hf-drop/G-degem,isolated,0,36811,37603,"4733,b",maDyadeSa,madhyadeśa,37604,"4733,b",maDyadina,madhyadina
vcp,main,M-pos/Hi-pos/Hf-drop/G-degem,isolated,0,36822,37614,"4734,a",maDyameSvara,madhyameśvara,37615,"4734,a",maDyamAharaRa,madhyamāharaṇa
vcp,main,M-pos/Hi-pos/Hf-drop/G-degem,isolated,1,36831,37629,"4734,a",manaqa,manaḍa,37630,"4734,a",manaHSilA,manaḥśilā
vcp,main,M-pos/Hi-pos/Hf-drop/G-degem,isolated,0,37111,37917,"4742,b",mahAprAsAda,mahāprāsāda,37918,"4742,b",mahAprARa,mahāprāṇa
vcp,main,M-pos/Hi-pos/Hf-drop/G-degem,isolated,0,37144,37950,"4744,a",mahAlaya,mahālaya,37951,"4744,a",mahAlakzmI,mahālakṣmī
vcp,main,M-pos/Hi-pos/Hf-drop/G-degem,isolated,0,37145,37951,"4744,a",mahAlakzmI,mahālakṣmī,37952,"4744,a",mahAnIlasarasvatI,mahānīlasarasvatī
vcp,main,M-pos/Hi-pos/Hf-drop/G-degem,isolated,0,37159,37965,"4744,b",mahAvfhatI,mahāvṛhatī,37966,"4744,b",mahAvfkza,mahāvṛkṣa
vcp,main,M-pos/Hi-pos/Hf-drop/G-degem,isolated,0,37435,38249,"4753,a",mitra,mitra,38250,"4753,b",mittrayu,mittrayu
vcp,main,M-pos/Hi-pos/Hf-drop/G-degem,isolated,0,37641,38476,"4759,a",mUrdDanya,mūrddhanya,38477,"4759,a",mUrdDan,mūrddhan
vcp,main,M-pos/Hi-pos/Hf-drop/G-degem,isolated,0,37682,38522,"4760,b",mfganetrA,mṛganetrā,38523,"4760,b",mfganABijA,mṛganābhijā
vcp,main,M-pos/Hi-pos/Hf-drop/G-degem,isolated,0,37715,38555,"4761,b",mfgezwa,mṛgeṣṭa,38556,"4761,b",mfgekzaRA,mṛgekṣaṇā
vcp,main,M-pos/Hi-pos/Hf-drop/G-degem,isolated,0,37742,38583,"4762,a",mfda,mṛda,38584,"4762,a",mfd,mṛd
vcp,main,M-pos/Hi-pos/Hf-drop/G-degem,isolated,0,37851,38698,"4765,a",mEtrAvaruRa,maitrāvaruṇa,38699,"4765,a",mEttrI,maittrī
vcp,main,M-pos/Hi-pos/Hf-drop/G-degem,isolated,0,37959,38811,"4769,a",yajYavallI,yajñavallī,38812,"4769,a",yajYavarAha,yajñavarāha
vcp,main,M-pos/Hi-pos/Hf-drop/G-degem,isolated,0,38025,38881,"4774,a",yamadagni,yamadagni,38882,"4774,a",yamaja,yamaja
vcp,main,M-pos/Hi-pos/Hf-drop/G-degem,isolated,0,38082,38938,"4776,a",yazwf,yaṣṭṛ,38939,"4776,a",yazwi,yaṣṭi
vcp,main,M-pos/Hi-pos/Hf-drop/G-degem,isolated,0,38146,39002,"4778,a",yAvattAvat,yāvattāvat,39003,"4778,a",yAvatiTa,yāvatitha
vcp,main,M-pos/Hi-pos/Hf-drop/G-degem,isolated,0,38162,39021,"4778,b",yugapad,yugapad,39022,"4778,b",yugapattra,yugapattra
vcp,main,M-pos/Hi-pos/Hf-drop/G-degem,isolated,0,38173,39032,"4779,a",yuja,yuja,39036,"4779,a",yuj,yuj
vcp,main,M-pos/Hi-pos/Hf-drop/G-degem,isolated,0,38180,39043,"4779,a",yuDa,yudha,39044,"4779,b",yuD,yudh
vcp,main,M-pos/Hi-pos/Hf-drop/G-degem,isolated,0,38539,39417,"4797,a",rasasTAna,rasasthāna,39418,"4797,a",rasasindUra,rasasindūra
vcp,main,M-pos/Hi-pos/Hf-drop/G-degem,isolated,0,38594,39475,"4801,b",rAjakalpa,rājakalpa,39476,"4801,b",rAjakarkawI,rājakarkaṭī
vcp,main,M-pos/Hi-pos/Hf-drop/G-degem,isolated,0,38605,39486,"4801,b",rAjajambU,rājajambū,39487,"4801,b",rAjajakzman,rājajakṣman
vcp,main,M-pos/Hi-pos/Hf-drop/G-degem,isolated,0,38611,39492,"4802,a",rAjaDustUraka,rājadhustūraka,39493,"4802,a",rAjaDarmma,rājadharmma
vcp,main,M-pos/Hi-pos/Hf-drop/G-degem,isolated,0,38644,39525,"4803,a",rAjavallI,rājavallī,39526,"4803,a",rAjavat,rājavat
vcp,main,M-pos/Hi-pos/Hf-drop/G-degem,isolated,0,38779,39663,"4808,b",ripuYjaya,ripuñjaya,39664,"4808,b",rinPa,rinpha
vcp,main,M-pos/Hi-pos/Hf-drop/G-degem,isolated,0,38809,39696,"4809,b",rucaka,rucaka,39697,"4809,b",ruc,ruc
vcp,main,M-pos/Hi-pos/Hf-drop/G-degem,isolated,0,38816,39703,"4809,b",ruja,ruja,39705,"4809,b",ruj,ruj
vcp,main,M-pos/Hi-pos/Hf-drop/G-degem,isolated,0,38824,39716,"4810,a",rudAdi,rudādi,39717,"4810,a",rudantikA,rudantikā
vcp,main,M-pos/Hi-pos/Hf-drop/G-degem,isolated,0,38935,39837,"4814,b",roDas,rodhas,39838,"4814,b",roDavakrA,rodhavakrā
vcp,main,M-pos/Hi-pos/Hf-drop/G-degem,isolated,0,38995,39898,"4817,a",lakAro,lakāro,39899,"4817,b",la,la
vcp,main,M-pos/Hi-pos/Hf-drop/G-degem,isolated,0,39205,40132,"4828,b",limpAka,limpāka,40133,"4828,b",libi,libi
vcp,main,M-pos/Hi-pos/Hf-drop/G-degem,isolated,0,39357,40305,"4836,b",vakAraH,vakāraḥ,40306,"4837,a",va,va
vcp,main,M-pos/Hi-pos/Hf-drop/G-degem,isolated,1,39410,40359,"4839,a",vakzas,vakṣas,40360,"4839,a",vakzaHsTala,vakṣaḥsthala
vcp,main,M-pos/Hi-pos/Hf-drop/G-degem,isolated,0,39425,40374,"4839,b",vaNgAri,vaṅgāri,40375,"4839,b",vaNkzaRa,vaṅkṣaṇa
vcp,main,M-pos/Hi-pos/Hf-drop/G-degem,isolated,0,39579,40547,"4846,b",vandipAWa,vandipāṭha,40548,"4846,b",vandin,vandin
vcp,main,M-pos/Hi-pos/Hf-drop/G-degem,isolated,0,39625,40594,"4848,a",varamuKI,varamukhī,40595,"4848,a",varam,varam
vcp,main,M-pos/Hi-pos/Hf-drop/G-degem,isolated,1,39771,40744,"4857,a",varhikusuma,varhikusuma,40745,"4857,a",varhiHpuzpa,varhiḥpuṣpa
vcp,main,M-pos/Hi-pos/Hf-drop/G-degem,isolated,0,39774,40747,"4857,b",varhizWa,varhiṣṭha,40748,"4857,b",varhiRa,varhiṇa
vcp,main,M-pos/Hi-pos/Hf-drop/G-degem,isolated,0,39979,40966,"4871,b",vAcaMyama,vācaṃyama,40967,"4871,b",vAca,vāca
vcp,main,M-pos/Hi-pos/Hf-drop/G-degem,isolated,0,39984,40971,"4872,a",vAcaspati,vācaspati,40972,"4872,a",vAc,vāc
vcp,main,M-pos/Hi-pos/Hf-drop/G-degem,isolated,0,40076,41064,"4877,a",vAdira,vādira,41065,"4877,a",vAditra,vāditra
vcp,main,M-pos/Hi-pos/Hf-drop/G-degem,isolated,0,40083,41072,"4878,a",vArDrIRasa,vārdhrīṇasa,41073,"4878,a",vAna,vāna
vcp,main,M-pos/Hi-pos/Hf-drop/G-degem,isolated,0,40099,41088,"4879,b",vAntihft,vāntihṛt,41089,"4879,b",vAntidA,vāntidā
vcp,main,M-pos/Hi-pos/Hf-drop/G-degem,isolated,0,40103,41092,"4880,a",vApita,vāpita,41093,"4880,a",vApi,vāpi
vcp,main,M-pos/Hi-pos/Hf-drop/G-degem,isolated,1,40152,41141,"4882,b",vAramuKyA,vāramukhyā,41142,"4882,b",vAraMvAram,vāraṃvāram
vcp,main,M-pos/Hi-pos/Hf-drop/G-degem,isolated,0,40221,41210,"4885,a",vArdDuzya,vārddhuṣya,41211,"4885,a",vArdDInasa,vārddhīnasa
vcp,main,M-pos/Hi-pos/Hf-drop/G-degem,isolated,0,40250,41240,"4886,b",vAsakasajjA,vāsakasajjā,41241,"4886,b",vAsakarRI,vāsakarṇī
vcp,main,M-pos/Hi-pos/Hf-drop/G-degem,isolated,0,40312,41303,"4890,a",vikarttana,vikarttana,41304,"4890,a",vikara,vikara
vcp,main,M-pos/Hi-pos/Hf-drop/G-degem,isolated,0,40332,41323,"4891,b",vikurvARa,vikurvāṇa,41324,"4891,b",vikukzi,vikukṣi
vcp,main,M-pos/Hi-pos/Hf-drop/G-degem,isolated,0,40387,41378,"4896,a",viGnanAyaka,vighnanāyaka,41379,"4896,a",viGnakArin,vighnakārin
vcp,main,M-pos/Hi-pos/Hf-drop/G-degem,isolated,0,40420,41414,"4897,a",vijapila,vijapila,41415,"4897,a",vijanman,vijanman
vcp,main,M-pos/Hi-pos/Hf-drop/G-degem,isolated,0,40486,41483,"4899,b",vida,vida,41488,"4900,a",vid,vid
vcp,main,M-pos/Hi-pos/Hf-drop/G-degem,isolated,0,40634,41636,"4912,a",viprakAzWa,viprakāṣṭha,41637,"4912,a",viprakarza,viprakarṣa
vcp,main,M-pos/Hi-pos/Hf-drop/G-degem,isolated,0,40712,41714,"4917,a",virajastamas,virajastamas,41715,"4917,a",virajas,virajas
vcp,main,M-pos/Hi-pos/Hf-drop/G-degem,isolated,0,40748,41750,"4919,b",viroDin,virodhin,41751,"4919,b",viroDABAsa,virodhābhāsa
vcp,main,M-pos/Hi-pos/Hf-drop/G-degem,isolated,0,40804,41808,"4922,a",viSalyakft,viśalyakṛt,41809,"4922,a",viSalyakaraRI,viśalyakaraṇī
vcp,main,M-pos/Hi-pos/Hf-drop/G-degem,isolated,0,40888,41892,"4926,a",viSvAtman,viśvātman,41893,"4926,a",viSvaDAman,viśvadhāman
vcp,main,M-pos/Hi-pos/Hf-drop/G-degem,isolated,0,40899,41903,"4926,b",viza,viṣa,41906,"4926,b",viz,viṣ
vcp,main,M-pos/Hi-pos/Hf-drop/G-degem,isolated,0,40927,41933,"4932,b",vizamasTa,viṣamastha,41934,"4933,a",vizamaSizwa,viṣamaśiṣṭa
vcp,main,M-pos/Hi-pos/Hf-drop/G-degem,isolated,0,41123,42131,"4944,a",vIravatsA,vīravatsā,42132,"4944,a",vIrabAhu,vīrabāhu
vcp,main,M-pos/Hi-pos/Hf-drop/G-degem,isolated,0,41159,42172,"4946,a",vfkzaBavana,vṛkṣabhavana,42173,"4946,a",vfkzaBakzA,vṛkṣabhakṣā
vcp,main,M-pos/Hi-pos/Hf-drop/G-degem,isolated,0,41175,42190,"4946,b",vfta,vṛta,42193,"4946,b",vft,vṛt
vcp,main,M-pos/Hi-pos/Hf-drop/G-degem,isolated,0,41233,42252,"4955,a",vfScikapriyA,vṛścikapriyā,42253,"4955,a",vfScikakarRI,vṛścikakarṇī
vcp,main,M-pos/Hi-pos/Hf-drop/G-degem,isolated,0,41293,42319,"4958,a",vfhatkASa,vṛhatkāśa,42320,"4958,a",vfhatkAlaSAka,vṛhatkālaśāka
vcp,main,M-pos/Hi-pos/Hf-drop/G-degem,isolated,0,41405,42435,"4970,a",vellita,vellita,42436,"4970,a",velli,velli
vcp,main,M-pos/Hi-pos/Hf-drop/G-degem,isolated,0,41479,42511,"4976,a",vEDeya,vaidheya,42512,"4976,a",vEDarmya,vaidharmya
vcp,main,M-pos/Hi-pos/Hf-drop/G-degem,isolated,0,41738,42778,"4994,b",vraRAsrAva,vraṇāsrāva,42779,"4995,a",vraRaha,vraṇaha
vcp,main,M-pos/Hi-pos/Hf-drop/G-degem,isolated,0,41768,42810,"5072,a",vlI,vlī,42811,"5072,a",vajra,vajra
vcp,main,M-pos/Hi-pos/Hf-drop/G-degem,isolated,0,41772,42814,"5072,b",SakAraH,śakāraḥ,42815,"5072,b",Sa,śa
vcp,main,M-pos/Hi-pos/Hf-drop/G-degem,isolated,0,41945,42998,"5082,a",SatArus,śatārus,42999,"5082,a",SatAyus,śatāyus
vcp,main,M-pos/Hi-pos/Hf-drop/G-degem,isolated,0,41951,43004,"5082,b",Satya,śatya,43005,"5082,b",Sattru,śattru
vcp,main,M-pos/Hi-pos/Hf-drop/G-degem,isolated,0,42074,43133,"5089,a",Sarkarodaka,śarkarodaka,43134,"5089,a",Sarkarika,śarkarika
vcp,main,M-pos/Hi-pos/Hf-drop/G-degem,isolated,0,42126,43193,"5091,a",SaSalAYCana,śaśalāñchana,43194,"5091,a",SaSabindu,śaśabindu
vcp,main,M-pos/Hi-pos/Hf-drop/G-degem,isolated,0,42479,43554,"5111,b",SilpakArin,śilpakārin,43555,"5111,b",SilpakA,śilpakā
vcp,main,M-pos/Hi-pos/Hf-drop/G-degem,isolated,0,42488,43563,"5112,a",SivajYAna,śivajñāna,43564,"5112,a",SivacaturdaSI,śivacaturdaśī
vcp,main,M-pos/Hi-pos/Hf-drop/G-degem,isolated,0,42515,43590,"5116,b",SivApriyA,śivāpriyā,43591,"5116,b",SivApIqa,śivāpīḍa
vcp,main,M-pos/Hi-pos/Hf-drop/G-degem,isolated,0,42529,43604,"5120,b",Sivezwa,śiveṣṭa,43605,"5120,b",SivIraTa,śivīratha
vcp,main,M-pos/Hi-pos/Hf-drop/G-degem,isolated,0,42661,43743,"5127,a",SuklakzIrA,śuklakṣīrā,43744,"5127,a",Suklakarmman,śuklakarmman
vcp,main,M-pos/Hi-pos/Hf-drop/G-degem,isolated,0,42684,43766,"5127,b",Suca,śuca,43768,"5127,b",Suc,śuc
vcp,main,M-pos/Hi-pos/Hf-drop/G-degem,isolated,0,42741,43830,"5129,b",SumBamardinI,śumbhamardinī,43831,"5129,b",SumBapurI,śumbhapurī
vcp,main,M-pos/Hi-pos/Hf-drop/G-degem,isolated,0,42774,43866,"5131,b",SUkarakanda,śūkarakanda,43867,"5131,b",SUkadaMzwraka,śūkadaṃṣṭraka
vcp,main,M-pos/Hi-pos/Hf-drop/G-degem,isolated,0,42791,43883,"5134,a",SUdrAvedin,śūdrāvedin,43884,"5134,a",SUdrAnna,śūdrānna
vcp,main,M-pos/Hi-pos/Hf-drop/G-degem,isolated,0,42987,44087,"5146,b",SOdra,śaudra,44088,"5146,b",SOdDodani,śauddhodani
vcp,main,M-pos/Hi-pos/Hf-drop/G-degem,isolated,0,43343,44463,"5163,a",zakAraH,ṣakāraḥ,44464,"5163,b",za,ṣa
vcp,main,M-pos/Hi-pos/Hf-drop/G-degem,isolated,0,43432,44556,"5170,a",zAtvaRatvika,ṣātvaṇatvika,44557,"5170,a",zARmAsika,ṣāṇmāsika
vcp,main,M-pos/Hi-pos/Hf-drop/G-degem,isolated,0,43441,44567,"5170,a",zimBa,ṣimbha,44568,"5170,a",zima,ṣima
vcp,main,M-pos/Hi-pos/Hf-drop/G-degem,isolated,0,43464,44598,"5171,a",zoqaSan,ṣoḍaśan,44599,"5171,a",zoqaSa,ṣoḍaśa
vcp,main,M-pos/Hi-pos/Hf-drop/G-degem,isolated,1,43471,44605,"5171,b",zoqaSANGri,ṣoḍaśāṅghri,44606,"5171,b",zoqaSAMSu,ṣoḍaśāṃśu
vcp,main,M-pos/Hi-pos/Hf-drop/G-degem,isolated,0,43520,44659,"5173,b",sakAra,sakāra,44660,"5173,b",sa,sa
vcp,main,M-pos/Hi-pos/Hf-drop/G-degem,isolated,0,43535,44674,"5174,a",saMyata,saṃyata,44675,"5174,a",saMyat,saṃyat
vcp,main,M-pos/Hi-pos/Hf-drop/G-degem,isolated,0,43546,44685,"5174,b",saMyuj,saṃyuj,44686,"5174,b",saMyukta,saṃyukta
vcp,main,M-pos/Hi-pos/Hf-drop/G-degem,isolated,0,43563,44702,"5176,a",saMvatsara,saṃvatsara,44703,"5176,a",saMvat,saṃvat
vcp,main,M-pos/Hi-pos/Hf-drop/G-degem,isolated,0,43649,44788,"5190,a",saMhatala,saṃhatala,44789,"5190,a",saMhatapuzpikA,saṃhatapuṣpikā
vcp,main,M-pos/Hi-pos/Hf-drop/G-degem,isolated,0,43650,44789,"5190,a",saMhatapuzpikA,saṃhatapuṣpikā,44790,"5190,a",saMhatajAnu,saṃhatajānu
vcp,main,M-pos/Hi-pos/Hf-drop/G-degem,isolated,0,43693,44832,"5191,b",saNkaTA,saṅkathā,44833,"5191,b",saNkawAkza,saṅkaṭākṣa
vcp,main,M-pos/Hi-pos/Hf-drop/G-degem,isolated,1,43720,44859,"5195,b",saNkrAnta,saṅkrānta,44860,"5195,b",saMkrAnti,saṃkrānti
vcp,main,M-pos/Hi-pos/Hf-drop/G-degem,isolated,0,43723,44862,"5203,a",saNKyAta,saṅkhyāta,44863,"5203,a",saNKAvat,saṅkhāvat
vcp,main,M-pos/Hi-pos/Hf-drop/G-degem,isolated,0,43781,44921,"5204,b",saYcitrA,sañcitrā,44922,"5204,b",saYcita,sañcita
vcp,main,M-pos/Hi-pos/Hf-drop/G-degem,isolated,0,43831,44971,"5207,a",satyatapas,satyatapas,44972,"5207,b",satyaGfti,satyaghṛti
vcp,main,M-pos/Hi-pos/Hf-drop/G-degem,isolated,0,43908,45049,"5210,a",saDarmman,sadharmman,45050,"5210,a",saDarmmacAriRI,sadharmmacāriṇī
vcp,main,M-pos/Hi-pos/Hf-drop/G-degem,isolated,0,43923,45064,"5210,b",sanAtana,sanātana,45065,"5210,b",sanAt,sanāt
vcp,main,M-pos/Hi-pos/Hf-drop/G-degem,isolated,0,44074,45215,"5227,b",saBAsad,sabhāsad,45216,"5228,b",saBApati,sabhāpati
vcp,main,M-pos/Hi-pos/Hf-drop/G-degem,isolated,0,44083,45224,"5228,b",samakza,samakṣa,45225,"5228,b",samakoRa,samakoṇa
vcp,main,M-pos/Hi-pos/Hf-drop/G-degem,isolated,0,44130,45271,"5230,a",samavarttin,samavarttin,45272,"5230,a",samavakAra,samavakāra
vcp,main,M-pos/Hi-pos/Hf-drop/G-degem,isolated,0,44215,45356,"5236,b",samuccita,samuccita,45357,"5236,b",samuccara,samuccara
vcp,main,M-pos/Hi-pos/Hf-drop/G-degem,isolated,0,44219,45360,"5236,b",samucCrita,samucchrita,45361,"5236,b",samucCalita,samucchalita
vcp,main,M-pos/Hi-pos/Hf-drop/G-degem,isolated,0,44221,45362,"5236,b",samucCvasita,samucchvasita,45363,"5236,b",samucCAsa,samucchāsa
vcp,main,M-pos/Hi-pos/Hf-drop/G-degem,isolated,0,44250,45391,"5237,a",samudvata,samudvata,45392,"5237,a",samudDaraRa,samuddharaṇa
vcp,main,M-pos/Hi-pos/Hf-drop/G-degem,isolated,0,44252,45393,"5237,b",samudDfta,samuddhṛta,45394,"5237,b",samudDarttf,samuddharttṛ
vcp,main,M-pos/Hi-pos/Hf-drop/G-degem,isolated,0,44268,45409,"5238,a",samudrayAna,samudrayāna,45410,"5238,a",samudrayAtrA,samudrayātrā
vcp,main,M-pos/Hi-pos/Hf-drop/G-degem,isolated,0,44392,45535,"5248,a",sarawa,saraṭa,45536,"5248,a",saraw,saraṭ
vcp,main,M-pos/Hi-pos/Hf-drop/G-degem,isolated,0,44422,45565,"5249,b",saritsuta,saritsuta,45566,"5249,b",saritAmpati,saritāmpati
vcp,main,M-pos/Hi-pos/Hf-drop/G-degem,isolated,0,44425,45568,"5249,b",sarila,sarila,45569,"5249,b",sariman,sariman
vcp,main,M-pos/Hi-pos/Hf-drop/G-degem,isolated,0,44465,45609,"5257,a",sarpanAmA,sarpanāmā,45610,"5257,a",sarpadamanI,sarpadamanī
vcp,main,M-pos/Hi-pos/Hf-drop/G-degem,isolated,0,44482,45626,"5257,b",sarpis,sarpis,45627,"5257,b",sarpiRI,sarpiṇī
vcp,main,M-pos/Hi-pos/Hf-drop/G-degem,isolated,0,44488,45632,"5257,b",sarvasahA,sarvasahā,45633,"5258,a",sarvakarttf,sarvakarttṛ
vcp,main,M-pos/Hi-pos/Hf-drop/G-degem,isolated,1,44542,45686,"5260,b",sarvasaNgata,sarvasaṅgata,45687,"5260,b",sarvasaMsargalavaRa,sarvasaṃsargalavaṇa
vcp,main,M-pos/Hi-pos/Hf-drop/G-degem,isolated,1,44622,45767,"5264,a",sahapAna,sahapāna,45768,"5264,a",sahapAMSukila,sahapāṃśukila
vcp,main,M-pos/Hi-pos/Hf-drop/G-degem,isolated,0,44651,45797,"5268,a",sahasrARIka,sahasrāṇīka,45798,"5268,a",sahasrAkza,sahasrākṣa
vcp,main,M-pos/Hi-pos/Hf-drop/G-degem,isolated,0,44696,45842,"5270,a",sAkAra,sākāra,45843,"5270,a",sAkaruRqa,sākaruṇḍa
vcp,main,M-pos/Hi-pos/Hf-drop/G-degem,isolated,0,44730,45877,"5274,b",sAtvat,sātvat,45878,"5275,a",sAttvata,sāttvata
vcp,main,M-pos/Hi-pos/Hf-drop/G-degem,isolated,0,44839,45988,"5284,b",sAyikA,sāyikā,45989,"5284,b",sAyam,sāyam
vcp,main,M-pos/Hi-pos/Hf-drop/G-degem,isolated,0,44914,46064,"5288,a",sAsra,sāsra,46065,"5288,a",sAsTitAmrArdDa,sāsthitāmrārddha
vcp,main,M-pos/Hi-pos/Hf-drop/G-degem,isolated,0,44988,46138,"5293,a",sitasAyakA,sitasāyakā,46139,"5293,a",sitaSimbika,sitaśimbika
vcp,main,M-pos/Hi-pos/Hf-drop/G-degem,isolated,0,45107,46258,"5299,b",sImantonnayana,sīmantonnayana,46259,"5300,a",sIman,sīman
vcp,main,M-pos/Hi-pos/Hf-drop/G-degem,isolated,0,45176,46328,"5310,a",suganDamUlA,sugandhamūlā,46329,"5310,a",suganDa,sugandha
vcp,main,M-pos/Hi-pos/Hf-drop/G-degem,isolated,0,45316,46468,"5314,b",supUraka,supūraka,46469,"5314,b",sup,sup
vcp,main,M-pos/Hi-pos/Hf-drop/G-degem,isolated,0,45500,46652,"5321,b",suvarRA,suvarṇā,46653,"5321,b",suvayas,suvayas
vcp,main,M-pos/Hi-pos/Hf-drop/G-degem,isolated,0,45947,47108,"5342,a",stunBa,stunbha,47109,"5342,a",stutivrata,stutivrata
vcp,main,M-pos/Hi-pos/Hf-drop/G-degem,isolated,0,45978,47143,"5345,a",strIDava,strīdhava,47144,"5345,a",strIDarmma,strīdharmma
vcp,main,M-pos/Hi-pos/Hf-drop/G-degem,isolated,0,46034,47201,"5353,b",sTApatya,sthāpatya,47202,"5353,b",sTApaka,sthāpaka
vcp,main,M-pos/Hi-pos/Hf-drop/G-degem,isolated,0,46076,47243,"5356,b",sTUlAniKanananyAya,sthūlānikhanananyāya,47244,"5356,b",sTUra,sthūra
vcp,main,M-pos/Hi-pos/Hf-drop/G-degem,isolated,0,46155,47323,"5366,b",snehavidDa,snehaviddha,47324,"5366,b",snehavasti,snehavasti
vcp,main,M-pos/Hi-pos/Hf-drop/G-degem,isolated,0,46213,47391,"5370,b",sPuwita,sphuṭita,47392,"5370,b",sPuwi,sphuṭi
vcp,main,M-pos/Hi-pos/Hf-drop/G-degem,isolated,0,46307,47493,"5375,a",srimBa,srimbha,47494,"5375,a",sriBa,sribha
vcp,main,M-pos/Hi-pos/Hf-drop/G-degem,isolated,0,46320,47506,"5375,b",srotas,srotas,47507,"5375,b",srotaISa,srotaīśa
vcp,main,M-pos/Hi-pos/Hf-drop/G-degem,isolated,0,46337,47523,"5376,a",svacCamaRi,svacchamaṇi,47524,"5376,a",svacCabAluka,svacchabāluka
vcp,main,M-pos/Hi-pos/Hf-drop/G-degem,isolated,0,46375,47563,"5381,b",svara,svara,47564,"5381,b",svar,svar
vcp,main,M-pos/Hi-pos/Hf-drop/G-degem,isolated,0,46389,47577,"5382,b",svarAlu,svarālu,47578,"5382,b",svarAj,svarāj
vcp,main,M-pos/Hi-pos/Hf-drop/G-degem,isolated,0,46485,47674,"5387,b",svAdulatA,svādulatā,47675,"5387,b",svAdupuzpa,svādupuṣpa
vcp,main,M-pos/Hi-pos/Hf-drop/G-degem,isolated,0,46526,47715,"5395,a",hakAraH,hakāraḥ,47716,"5395,b",ha,ha
vcp,main,M-pos/Hi-pos/Hf-drop/G-degem,isolated,0,46547,47736,"5396,a",haMsArUQa,haṃsārūḍha,47737,"5396,a",haMsABiKya,haṃsābhikhya
vcp,main,M-pos/Hi-pos/Hf-drop/G-degem,isolated,0,46553,47742,"5396,b",haYje,hañje,47743,"5396,b",haYji,hañji
vcp,main,M-pos/Hi-pos/Hf-drop/G-degem,isolated,0,46641,47833,"5418,a",haritparRa,haritparṇa,47834,"5418,a",harita,harita
vcp,main,M-pos/Hi-pos/Hf-drop/G-degem,isolated,0,46677,47869,"5420,a",harivAt,harivāt,47870,"5420,a",harivarza,harivarṣa
vcp,main,M-pos/Hi-pos/Hf-drop/G-degem,isolated,0,46724,47917,"5421,b",halIsaka,halīsaka,47918,"5421,b",halISA,halīśā
vcp,main,M-pos/Hi-pos/Hf-drop/G-degem,isolated,0,46801,47997,"5424,a",hAra,hāra,47998,"5424,a",hAPikA,hāphikā
vcp,main,M-pos/Hi-pos/Hf-drop/G-degem,isolated,0,46873,48071,"5427,a",hindola,hindola,48072,"5427,a",hindu,hindu
vcp,main,M-pos/Hi-pos/Hf-drop/G-degem,isolated,0,46903,48101,"5428,a",himAlaya,himālaya,48102,"5428,a",himAbja,himābja
vcp,main,M-pos/Hi-pos/Hf-drop/G-degem,isolated,0,46968,48170,"5432,b",hUrcCana,hūrcchana,48171,"5432,b",hUrava,hūrava
vcp,main,M-pos/Hi-pos/Hf-drop/G-degem,isolated,0,46977,48180,"5433,a",hftkampa,hṛtkampa,48181,"5433,a",hft,hṛt
vcp,main,M-pos/Hi-pos/Hf-drop/G-degem,isolated,0,47015,48224,"5435,a",hetvapahnuti,hetvapahnuti,48225,"5435,a",hetvantara,hetvantara
vcp,main,M-pos/Hi-pos/Hf-drop/G-degem,isolated,0,47112,48322,"5440,a",hrasa,hrasa,48323,"5440,a",hramimana,hramimana
