dict,view,rule,units,segments,descents_raw,descent_rate_raw,descents,descent_rate,displaced,displaced_rate
mw,all,M-pos/Hi-pos/Hf-slot/G-keep,202928,1,17480,0.086139,17480,0.086139,58610,0.288822
mw,all,M-pos/Hi-pos/Hf-slot/G-degem,202928,1,17485,0.086164,17485,0.086164,58620,0.288871
mw,all,M-pos/Hi-pos/Hf-s/G-keep,202928,1,17536,0.086415,17536,0.086415,58659,0.289063
mw,all,M-pos/Hi-pos/Hf-s/G-degem,202928,1,17541,0.08644,17541,0.08644,58669,0.289112
mw,all,M-pos/Hi-pos/Hf-drop/G-keep,202928,1,17490,0.086189,17490,0.086189,58623,0.288886
mw,all,M-pos/Hi-pos/Hf-drop/G-degem,202928,1,17495,0.086213,17495,0.086213,58633,0.288935
mw,all,M-pos/Hi-sib/Hf-slot/G-keep,202928,1,17556,0.086514,17556,0.086514,58994,0.290714
mw,all,M-pos/Hi-sib/Hf-slot/G-degem,202928,1,17561,0.086539,17561,0.086539,59004,0.290763
mw,all,M-pos/Hi-sib/Hf-s/G-keep,202928,1,17607,0.086765,17607,0.086765,59037,0.290926
mw,all,M-pos/Hi-sib/Hf-s/G-degem,202928,1,17612,0.08679,17612,0.08679,59047,0.290975
mw,all,M-pos/Hi-sib/Hf-drop/G-keep,202928,1,17566,0.086563,17566,0.086563,59007,0.290778
mw,all,M-pos/Hi-sib/Hf-drop/G-degem,202928,1,17571,0.086588,17571,0.086588,59017,0.290827
mw,all,M-pos/Hi-s/Hf-slot/G-keep,202928,1,17582,0.086642,17582,0.086642,59138,0.291424
mw,all,M-pos/Hi-s/Hf-slot/G-degem,202928,1,17587,0.086667,17587,0.086667,59148,0.291473
mw,all,M-pos/Hi-s/Hf-s/G-keep,202928,1,17561,0.086539,17561,0.086539,59153,0.291497
mw,all,M-pos/Hi-s/Hf-s/G-degem,202928,1,17566,0.086563,17566,0.086563,59163,0.291547
mw,all,M-pos/Hi-s/Hf-drop/G-keep,202928,1,17592,0.086691,17592,0.086691,59146,0.291463
mw,all,M-pos/Hi-s/Hf-drop/G-degem,202928,1,17597,0.086716,17597,0.086716,59156,0.291512
mw,all,M-nasal/Hi-pos/Hf-slot/G-keep,202928,1,16981,0.08368,16981,0.08368,56494,0.278394
mw,all,M-nasal/Hi-pos/Hf-slot/G-degem,202928,1,16986,0.083705,16986,0.083705,56504,0.278444
mw,all,M-nasal/Hi-pos/Hf-s/G-keep,202928,1,17036,0.083951,17036,0.083951,56543,0.278636
mw,all,M-nasal/Hi-pos/Hf-s/G-degem,202928,1,17041,0.083976,17041,0.083976,56553,0.278685
mw,all,M-nasal/Hi-pos/Hf-drop/G-keep,202928,1,16990,0.083725,16990,0.083725,56506,0.278453
mw,all,M-nasal/Hi-pos/Hf-drop/G-degem,202928,1,16995,0.083749,16995,0.083749,56516,0.278503
mw,all,M-nasal/Hi-sib/Hf-slot/G-keep,202928,1,17057,0.084055,17057,0.084055,56898,0.280385
mw,all,M-nasal/Hi-sib/Hf-slot/G-degem,202928,1,17062,0.084079,17062,0.084079,56908,0.280434
mw,all,M-nasal/Hi-sib/Hf-s/G-keep,202928,1,17107,0.084301,17107,0.084301,56941,0.280597
mw,all,M-nasal/Hi-sib/Hf-s/G-degem,202928,1,17112,0.084326,17112,0.084326,56951,0.280646
mw,all,M-nasal/Hi-sib/Hf-drop/G-keep,202928,1,17066,0.084099,17066,0.084099,56910,0.280444
mw,all,M-nasal/Hi-sib/Hf-drop/G-degem,202928,1,17071,0.084124,17071,0.084124,56920,0.280494
mw,all,M-nasal/Hi-s/Hf-slot/G-keep,202928,1,17083,0.084183,17083,0.084183,57038,0.281075
mw,all,M-nasal/Hi-s/Hf-slot/G-degem,202928,1,17088,0.084208,17088,0.084208,57048,0.281124
mw,all,M-nasal/Hi-s/Hf-s/G-keep,202928,1,17061,0.084075,17061,0.084075,57052,0.281144
mw,all,M-nasal/Hi-s/Hf-s/G-degem,202928,1,17066,0.084099,17066,0.084099,57062,0.281193
mw,all,M-nasal/Hi-s/Hf-drop/G-keep,202928,1,17092,0.084227,17092,0.084227,57045,0.28111
mw,all,M-nasal/Hi-s/Hf-drop/G-degem,202928,1,17097,0.084252,17097,0.084252,57055,0.281159
mw,all,M-nasal_m/Hi-pos/Hf-slot/G-keep,202928,1,17634,0.086898,17634,0.086898,59468,0.29305
mw,all,M-nasal_m/Hi-pos/Hf-slot/G-degem,202928,1,17639,0.086923,17639,0.086923,59478,0.293099
mw,all,M-nasal_m/Hi-pos/Hf-s/G-keep,202928,1,17687,0.087159,17687,0.087159,59517,0.293291
mw,all,M-nasal_m/Hi-pos/Hf-s/G-degem,202928,1,17692,0.087184,17692,0.087184,59527,0.29334
mw,all,M-nasal_m/Hi-pos/Hf-drop/G-keep,202928,1,17641,0.086933,17641,0.086933,59479,0.293104
mw,all,M-nasal_m/Hi-pos/Hf-drop/G-degem,202928,1,17646,0.086957,17646,0.086957,59489,0.293153
mw,all,M-nasal_m/Hi-sib/Hf-slot/G-keep,202928,1,17710,0.087273,17710,0.087273,59865,0.295006
mw,all,M-nasal_m/Hi-sib/Hf-slot/G-degem,202928,1,17715,0.087297,17715,0.087297,59875,0.295055
mw,all,M-nasal_m/Hi-sib/Hf-s/G-keep,202928,1,17758,0.087509,17758,0.087509,59908,0.295218
mw,all,M-nasal_m/Hi-sib/Hf-s/G-degem,202928,1,17763,0.087534,17763,0.087534,59918,0.295267
mw,all,M-nasal_m/Hi-sib/Hf-drop/G-keep,202928,1,17717,0.087307,17717,0.087307,59876,0.29506
mw,all,M-nasal_m/Hi-sib/Hf-drop/G-degem,202928,1,17722,0.087332,17722,0.087332,59886,0.29511
mw,all,M-nasal_m/Hi-s/Hf-slot/G-keep,202928,1,17731,0.087376,17731,0.087376,60004,0.295691
mw,all,M-nasal_m/Hi-s/Hf-slot/G-degem,202928,1,17736,0.087401,17736,0.087401,60014,0.29574
mw,all,M-nasal_m/Hi-s/Hf-s/G-keep,202928,1,17707,0.087258,17707,0.087258,60018,0.29576
mw,all,M-nasal_m/Hi-s/Hf-s/G-degem,202928,1,17712,0.087283,17712,0.087283,60028,0.295809
mw,all,M-nasal_m/Hi-s/Hf-drop/G-keep,202928,1,17738,0.087411,17738,0.087411,60010,0.295721
mw,all,M-nasal_m/Hi-s/Hf-drop/G-degem,202928,1,17743,0.087435,17743,0.087435,60020,0.29577
mw,all,M-m/Hi-pos/Hf-slot/G-keep,202928,1,18127,0.089328,18127,0.089328,61299,0.302073
mw,all,M-m/Hi-pos/Hf-slot/G-degem,202928,1,18132,0.089352,18132,0.089352,61309,0.302122
mw,all,M-m/Hi-pos/Hf-s/G-keep,202928,1,18180,0.089589,18180,0.089589,61348,0.302314
mw,all,M-m/Hi-pos/Hf-s/G-degem,202928,1,18185,0.089614,18185,0.089614,61358,0.302363
mw,all,M-m/Hi-pos/Hf-drop/G-keep,202928,1,18134,0.089362,18134,0.089362,61310,0.302127
mw,all,M-m/Hi-pos/Hf-drop/G-degem,202928,1,18139,0.089387,18139,0.089387,61320,0.302176
mw,all,M-m/Hi-sib/Hf-slot/G-keep,202928,1,18203,0.089702,18203,0.089702,61677,0.303935
mw,all,M-m/Hi-sib/Hf-slot/G-degem,202928,1,18208,0.089727,18208,0.089727,61687,0.303985
mw,all,M-m/Hi-sib/Hf-s/G-keep,202928,1,18251,0.089939,18251,0.089939,61720,0.304147
mw,all,M-m/Hi-sib/Hf-s/G-degem,202928,1,18256,0.089963,18256,0.089963,61730,0.304197
mw,all,M-m/Hi-sib/Hf-drop/G-keep,202928,1,18210,0.089737,18210,0.089737,61688,0.30399
mw,all,M-m/Hi-sib/Hf-drop/G-degem,202928,1,18215,0.089761,18215,0.089761,61698,0.304039
mw,all,M-m/Hi-s/Hf-slot/G-keep,202928,1,18224,0.089806,18224,0.089806,61820,0.30464
mw,all,M-m/Hi-s/Hf-slot/G-degem,202928,1,18229,0.08983,18229,0.08983,61830,0.304689
mw,all,M-m/Hi-s/Hf-s/G-keep,202928,1,18200,0.089687,18200,0.089687,61835,0.304714
mw,all,M-m/Hi-s/Hf-s/G-degem,202928,1,18205,0.089712,18205,0.089712,61845,0.304763
mw,all,M-m/Hi-s/Hf-drop/G-keep,202928,1,18231,0.08984,18231,0.08984,61826,0.30467
mw,all,M-m/Hi-s/Hf-drop/G-degem,202928,1,18236,0.089865,18236,0.089865,61836,0.304719
mw,all,ascii,202928,22,78862,0.388623,78841,0.388559,185012,0.911713
mw,all,roman,202928,3905,68403,0.337082,64499,0.324078,108882,0.536555
mw,print,M-pos/Hi-pos/Hf-slot/G-keep,198568,1,16647,0.083836,16647,0.083836,56931,0.286708
mw,print,M-pos/Hi-pos/Hf-slot/G-degem,198568,1,16652,0.083861,16652,0.083861,56941,0.286758
mw,print,M-pos/Hi-pos/Hf-s/G-keep,198568,1,16703,0.084118,16703,0.084118,56979,0.28695
mw,print,M-pos/Hi-pos/Hf-s/G-degem,198568,1,16708,0.084143,16708,0.084143,56989,0.287
mw,print,M-pos/Hi-pos/Hf-drop/G-keep,198568,1,16657,0.083886,16657,0.083886,56944,0.286773
mw,print,M-pos/Hi-pos/Hf-drop/G-degem,198568,1,16662,0.083911,16662,0.083911,56954,0.286824
mw,print,M-pos/Hi-sib/Hf-slot/G-keep,198568,1,16725,0.084228,16725,0.084228,57309,0.288611
mw,print,M-pos/Hi-sib/Hf-slot/G-degem,198568,1,16730,0.084254,16730,0.084254,57319,0.288662
mw,print,M-pos/Hi-sib/Hf-s/G-keep,198568,1,16776,0.084485,16776,0.084485,57351,0.288823
mw,print,M-pos/Hi-sib/Hf-s/G-degem,198568,1,16781,0.084511,16781,0.084511,57361,0.288873
mw,print,M-pos/Hi-sib/Hf-drop/G-keep,198568,1,16735,0.084279,16735,0.084279,57322,0.288677
mw,print,M-pos/Hi-sib/Hf-drop/G-degem,198568,1,16740,0.084304,16740,0.084304,57332,0.288727
mw,print,M-pos/Hi-s/Hf-slot/G-keep,198568,1,16750,0.084354,16750,0.084354,57445,0.289296
mw,print,M-pos/Hi-s/Hf-slot/G-degem,198568,1,16755,0.08438,16755,0.08438,57455,0.289347
mw,print,M-pos/Hi-s/Hf-s/G-keep,198568,1,16729,0.084249,16729,0.084249,57460,0.289372
mw,print,M-pos/Hi-s/Hf-s/G-degem,198568,1,16734,0.084274,16734,0.084274,57470,0.289422
mw,print,M-pos/Hi-s/Hf-drop/G-keep,198568,1,16760,0.084405,16760,0.084405,57453,0.289337
mw,print,M-pos/Hi-s/Hf-drop/G-degem,198568,1,16765,0.08443,16765,0.08443,57463,0.289387
mw,print,M-nasal/Hi-pos/Hf-slot/G-keep,198568,1,16151,0.081338,16151,0.081338,54837,0.276162
mw,print,M-nasal/Hi-pos/Hf-slot/G-degem,198568,1,16156,0.081363,16156,0.081363,54847,0.276213
mw,print,M-nasal/Hi-pos/Hf-s/G-keep,198568,1,16206,0.081615,16206,0.081615,54885,0.276404
mw,print,M-nasal/Hi-pos/Hf-s/G-degem,198568,1,16211,0.08164,16211,0.08164,54895,0.276454
mw,print,M-nasal/Hi-pos/Hf-drop/G-keep,198568,1,16160,0.081383,16160,0.081383,54849,0.276223
mw,print,M-nasal/Hi-pos/Hf-drop/G-degem,198568,1,16165,0.081408,16165,0.081408,54859,0.276273
mw,print,M-nasal/Hi-sib/Hf-slot/G-keep,198568,1,16229,0.081731,16229,0.081731,55235,0.278167
mw,print,M-nasal/Hi-sib/Hf-slot/G-degem,198568,1,16234,0.081756,16234,0.081756,55245,0.278217
mw,print,M-nasal/Hi-sib/Hf-s/G-keep,198568,1,16279,0.081982,16279,0.081982,55277,0.278378
mw,print,M-nasal/Hi-sib/Hf-s/G-degem,198568,1,16284,0.082008,16284,0.082008,55287,0.278429
mw,print,M-nasal/Hi-sib/Hf-drop/G-keep,198568,1,16238,0.081776,16238,0.081776,55247,0.278227
mw,print,M-nasal/Hi-sib/Hf-drop/G-degem,198568,1,16243,0.081801,16243,0.081801,55257,0.278277
mw,print,M-nasal/Hi-s/Hf-slot/G-keep,198568,1,16254,0.081857,16254,0.081857,55368,0.278836
mw,print,M-nasal/Hi-s/Hf-slot/G-degem,198568,1,16259,0.081882,16259,0.081882,55378,0.278887
mw,print,M-nasal/Hi-s/Hf-s/G-keep,198568,1,16232,0.081746,16232,0.081746,55382,0.278907
mw,print,M-nasal/Hi-s/Hf-s/G-degem,198568,1,16237,0.081771,16237,0.081771,55392,0.278957
mw,print,M-nasal/Hi-s/Hf-drop/G-keep,198568,1,16263,0.081902,16263,0.081902,55375,0.278872
mw,print,M-nasal/Hi-s/Hf-drop/G-degem,198568,1,16268,0.081927,16268,0.081927,55385,0.278922
mw,print,M-nasal_m/Hi-pos/Hf-slot/G-keep,198568,1,16805,0.084631,16805,0.084631,57760,0.290883
mw,print,M-nasal_m/Hi-pos/Hf-slot/G-degem,198568,1,16810,0.084657,16810,0.084657,57770,0.290933
mw,print,M-nasal_m/Hi-pos/Hf-s/G-keep,198568,1,16858,0.084898,16858,0.084898,57808,0.291124
mw,print,M-nasal_m/Hi-pos/Hf-s/G-degem,198568,1,16863,0.084923,16863,0.084923,57818,0.291175
mw,print,M-nasal_m/Hi-pos/Hf-drop/G-keep,198568,1,16812,0.084667,16812,0.084667,57771,0.290938
mw,print,M-nasal_m/Hi-pos/Hf-drop/G-degem,198568,1,16817,0.084692,16817,0.084692,57781,0.290988
mw,print,M-nasal_m/Hi-sib/Hf-slot/G-keep,198568,1,16883,0.085024,16883,0.085024,58151,0.292852
mw,print,M-nasal_m/Hi-sib/Hf-slot/G-degem,198568,1,16888,0.085049,16888,0.085049,58161,0.292902
mw,print,M-nasal_m/Hi-sib/Hf-s/G-keep,198568,1,16931,0.085266,16931,0.085266,58193,0.293063
mw,print,M-nasal_m/Hi-sib/Hf-s/G-degem,198568,1,16936,0.085291,16936,0.085291,58203,0.293114
mw,print,M-nasal_m/Hi-sib/Hf-drop/G-keep,198568,1,16890,0.085059,16890,0.085059,58162,0.292907
mw,print,M-nasal_m/Hi-sib/Hf-drop/G-degem,198568,1,16895,0.085085,16895,0.085085,58172,0.292958
mw,print,M-nasal_m/Hi-s/Hf-slot/G-keep,198568,1,16903,0.085125,16903,0.085125,58282,0.293512
mw,print,M-nasal_m/Hi-s/Hf-slot/G-degem,198568,1,16908,0.08515,16908,0.08515,58292,0.293562
mw,print,M-nasal_m/Hi-s/Hf-s/G-keep,198568,1,16879,0.085004,16879,0.085004,58296,0.293582
mw,print,M-nasal_m/Hi-s/Hf-s/G-degem,198568,1,16884,0.085029,16884,0.085029,58306,0.293632
mw,print,M-nasal_m/Hi-s/Hf-drop/G-keep,198568,1,16910,0.08516,16910,0.08516,58288,0.293542
mw,print,M-nasal_m/Hi-s/Hf-drop/G-degem,198568,1,16915,0.085185,16915,0.085185,58298,0.293592
mw,print,M-m/Hi-pos/Hf-slot/G-keep,198568,1,17296,0.087104,17296,0.087104,59573,0.300013
mw,print,M-m/Hi-pos/Hf-slot/G-degem,198568,1,17301,0.087129,17301,0.087129,59583,0.300063
mw,print,M-m/Hi-pos/Hf-s/G-keep,198568,1,17349,0.087371,17349,0.087371,59621,0.300255
mw,print,M-m/Hi-pos/Hf-s/G-degem,198568,1,17354,0.087396,17354,0.087396,59631,0.300305
mw,print,M-m/Hi-pos/Hf-drop/G-keep,198568,1,17303,0.087139,17303,0.087139,59584,0.300068
mw,print,M-m/Hi-pos/Hf-drop/G-degem,198568,1,17308,0.087165,17308,0.087165,59594,0.300119
mw,print,M-m/Hi-sib/Hf-slot/G-keep,198568,1,17374,0.087497,17374,0.087497,59946,0.301892
mw,print,M-m/Hi-sib/Hf-slot/G-degem,198568,1,17379,0.087522,17379,0.087522,59956,0.301942
mw,print,M-m/Hi-sib/Hf-s/G-keep,198568,1,17422,0.087739,17422,0.087739,59988,0.302103
mw,print,M-m/Hi-sib/Hf-s/G-degem,198568,1,17427,0.087764,17427,0.087764,59998,0.302153
mw,print,M-m/Hi-sib/Hf-drop/G-keep,198568,1,17381,0.087532,17381,0.087532,59957,0.301947
mw,print,M-m/Hi-sib/Hf-drop/G-degem,198568,1,17386,0.087557,17386,0.087557,59967,0.301997
mw,print,M-m/Hi-s/Hf-slot/G-keep,198568,1,17394,0.087598,17394,0.087598,60080,0.302566
mw,print,M-m/Hi-s/Hf-slot/G-degem,198568,1,17399,0.087623,17399,0.087623,60090,0.302617
mw,print,M-m/Hi-s/Hf-s/G-keep,198568,1,17370,0.087477,17370,0.087477,60095,0.302642
mw,print,M-m/Hi-s/Hf-s/G-degem,198568,1,17375,0.087502,17375,0.087502,60105,0.302692
mw,print,M-m/Hi-s/Hf-drop/G-keep,198568,1,17401,0.087633,17401,0.087633,60086,0.302597
mw,print,M-m/Hi-s/Hf-drop/G-degem,198568,1,17406,0.087658,17406,0.087658,60096,0.302647
mw,print,ascii,198568,23,77180,0.388685,77158,0.388617,180693,0.90998
mw,print,roman,198568,3841,67116,0.338002,63276,0.324947,106342,0.535544
mw,main,M-pos/Hi-pos/Hf-slot/G-keep,32683,1,1049,0.032097,1049,0.032097,1542,0.04718
mw,main,M-pos/Hi-pos/Hf-slot/G-degem,32683,1,1050,0.032128,1050,0.032128,1543,0.047211
mw,main,M-pos/Hi-pos/Hf-s/G-keep,32683,1,1055,0.032281,1055,0.032281,1548,0.047364
mw,main,M-pos/Hi-pos/Hf-s/G-degem,32683,1,1056,0.032311,1056,0.032311,1549,0.047395
mw,main,M-pos/Hi-pos/Hf-drop/G-keep,32683,1,1051,0.032158,1051,0.032158,1544,0.047242
mw,main,M-pos/Hi-pos/Hf-drop/G-degem,32683,1,1052,0.032189,1052,0.032189,1545,0.047272
mw,main,M-pos/Hi-sib/Hf-slot/G-keep,32683,1,1063,0.032526,1063,0.032526,1590,0.048649
mw,main,M-pos/Hi-sib/Hf-slot/G-degem,32683,1,1064,0.032556,1064,0.032556,1591,0.04868
mw,main,M-pos/Hi-sib/Hf-s/G-keep,32683,1,1069,0.032709,1069,0.032709,1596,0.048833
mw,main,M-pos/Hi-sib/Hf-s/G-degem,32683,1,1070,0.03274,1070,0.03274,1597,0.048863
mw,main,M-pos/Hi-sib/Hf-drop/G-keep,32683,1,1065,0.032587,1065,0.032587,1592,0.04871
mw,main,M-pos/Hi-sib/Hf-drop/G-degem,32683,1,1066,0.032617,1066,0.032617,1593,0.048741
mw,main,M-pos/Hi-s/Hf-slot/G-keep,32683,1,1083,0.033138,1083,0.033138,1615,0.049414
mw,main,M-pos/Hi-s/Hf-slot/G-degem,32683,1,1084,0.033168,1084,0.033168,1616,0.049445
mw,main,M-pos/Hi-s/Hf-s/G-keep,32683,1,1087,0.03326,1087,0.03326,1621,0.049598
mw,main,M-pos/Hi-s/Hf-s/G-degem,32683,1,1088,0.03329,1088,0.03329,1622,0.049628
mw,main,M-pos/Hi-s/Hf-drop/G-keep,32683,1,1085,0.033199,1085,0.033199,1617,0.049475
mw,main,M-pos/Hi-s/Hf-drop/G-degem,32683,1,1086,0.033229,1086,0.033229,1618,0.049506
mw,main,M-nasal/Hi-pos/Hf-slot/G-keep,32683,1,928,0.028395,928,0.028395,999,0.030566
mw,main,M-nasal/Hi-pos/Hf-slot/G-degem,32683,1,929,0.028425,929,0.028425,1000,0.030597
mw,main,M-nasal/Hi-pos/Hf-s/G-keep,32683,1,933,0.028548,933,0.028548,1004,0.030719
mw,main,M-nasal/Hi-pos/Hf-s/G-degem,32683,1,934,0.028578,934,0.028578,1005,0.03075
mw,main,M-nasal/Hi-pos/Hf-drop/G-keep,32683,1,929,0.028425,929,0.028425,1000,0.030597
mw,main,M-nasal/Hi-pos/Hf-drop/G-degem,32683,1,930,0.028456,930,0.028456,1001,0.030628
mw,main,M-nasal/Hi-sib/Hf-slot/G-keep,32683,1,942,0.028823,942,0.028823,1047,0.032035
mw,main,M-nasal/Hi-sib/Hf-slot/G-degem,32683,1,943,0.028854,943,0.028854,1048,0.032066
mw,main,M-nasal/Hi-sib/Hf-s/G-keep,32683,1,947,0.028976,947,0.028976,1052,0.032188
mw,main,M-nasal/Hi-sib/Hf-s/G-degem,32683,1,948,0.029007,948,0.029007,1053,0.032219
mw,main,M-nasal/Hi-sib/Hf-drop/G-keep,32683,1,943,0.028854,943,0.028854,1048,0.032066
mw,main,M-nasal/Hi-sib/Hf-drop/G-degem,32683,1,944,0.028884,944,0.028884,1049,0.032096
mw,main,M-nasal/Hi-s/Hf-slot/G-keep,32683,1,962,0.029435,962,0.029435,1072,0.0328
mw,main,M-nasal/Hi-s/Hf-slot/G-degem,32683,1,963,0.029466,963,0.029466,1073,0.032831
mw,main,M-nasal/Hi-s/Hf-s/G-keep,32683,1,965,0.029527,965,0.029527,1077,0.032953
mw,main,M-nasal/Hi-s/Hf-s/G-degem,32683,1,966,0.029558,966,0.029558,1078,0.032984
mw,main,M-nasal/Hi-s/Hf-drop/G-keep,32683,1,963,0.029466,963,0.029466,1073,0.032831
mw,main,M-nasal/Hi-s/Hf-drop/G-degem,32683,1,964,0.029496,964,0.029496,1074,0.032861
mw,main,M-nasal_m/Hi-pos/Hf-slot/G-keep,32683,1,1099,0.033627,1099,0.033627,1698,0.051954
mw,main,M-nasal_m/Hi-pos/Hf-slot/G-degem,32683,1,1100,0.033658,1100,0.033658,1699,0.051984
mw,main,M-nasal_m/Hi-pos/Hf-s/G-keep,32683,1,1103,0.033749,1103,0.033749,1703,0.052107
mw,main,M-nasal_m/Hi-pos/Hf-s/G-degem,32683,1,1104,0.03378,1104,0.03378,1704,0.052137
mw,main,M-nasal_m/Hi-pos/Hf-drop/G-keep,32683,1,1099,0.033627,1099,0.033627,1698,0.051954
mw,main,M-nasal_m/Hi-pos/Hf-drop/G-degem,32683,1,1100,0.033658,1100,0.033658,1699,0.051984
mw,main,M-nasal_m/Hi-sib/Hf-slot/G-keep,32683,1,1113,0.034055,1113,0.034055,1746,0.053422
mw,main,M-nasal_m/Hi-sib/Hf-slot/G-degem,32683,1,1114,0.034086,1114,0.034086,1747,0.053453
mw,main,M-nasal_m/Hi-sib/Hf-s/G-keep,32683,1,1117,0.034178,1117,0.034178,1751,0.053575
mw,main,M-nasal_m/Hi-sib/Hf-s/G-degem,32683,1,1118,0.034208,1118,0.034208,1752,0.053606
mw,main,M-nasal_m/Hi-sib/Hf-drop/G-keep,32683,1,1113,0.034055,1113,0.034055,1746,0.053422
mw,main,M-nasal_m/Hi-sib/Hf-drop/G-degem,32683,1,1114,0.034086,1114,0.034086,1747,0.053453
mw,main,M-nasal_m/Hi-s/Hf-slot/G-keep,32683,1,1128,0.034514,1128,0.034514,1771,0.054187
mw,main,M-nasal_m/Hi-s/Hf-slot/G-degem,32683,1,1129,0.034545,1129,0.034545,1772,0.054218
mw,main,M-nasal_m/Hi-s/Hf-s/G-keep,32683,1,1130,0.034576,1130,0.034576,1776,0.05434
mw,main,M-nasal_m/Hi-s/Hf-s/G-degem,32683,1,1131,0.034606,1131,0.034606,1777,0.054371
mw,main,M-nasal_m/Hi-s/Hf-drop/G-keep,32683,1,1128,0.034514,1128,0.034514,1771,0.054187
mw,main,M-nasal_m/Hi-s/Hf-drop/G-degem,32683,1,1129,0.034545,1129,0.034545,1772,0.054218
mw,main,M-m/Hi-pos/Hf-slot/G-keep,32683,1,1220,0.037329,1220,0.037329,2193,0.067099
mw,main,M-m/Hi-pos/Hf-slot/G-degem,32683,1,1221,0.03736,1221,0.03736,2194,0.06713
mw,main,M-m/Hi-pos/Hf-s/G-keep,32683,1,1224,0.037452,1224,0.037452,2198,0.067252
mw,main,M-m/Hi-pos/Hf-s/G-degem,32683,1,1225,0.037482,1225,0.037482,2199,0.067283
mw,main,M-m/Hi-pos/Hf-drop/G-keep,32683,1,1220,0.037329,1220,0.037329,2193,0.067099
mw,main,M-m/Hi-pos/Hf-drop/G-degem,32683,1,1221,0.03736,1221,0.03736,2194,0.06713
mw,main,M-m/Hi-sib/Hf-slot/G-keep,32683,1,1234,0.037758,1234,0.037758,2241,0.068568
mw,main,M-m/Hi-sib/Hf-slot/G-degem,32683,1,1235,0.037788,1235,0.037788,2242,0.068598
mw,main,M-m/Hi-sib/Hf-s/G-keep,32683,1,1238,0.03788,1238,0.03788,2246,0.068721
mw,main,M-m/Hi-sib/Hf-s/G-degem,32683,1,1239,0.037911,1239,0.037911,2247,0.068751
mw,main,M-m/Hi-sib/Hf-drop/G-keep,32683,1,1234,0.037758,1234,0.037758,2241,0.068568
mw,main,M-m/Hi-sib/Hf-drop/G-degem,32683,1,1235,0.037788,1235,0.037788,2242,0.068598
mw,main,M-m/Hi-s/Hf-slot/G-keep,32683,1,1249,0.038217,1249,0.038217,2266,0.069333
mw,main,M-m/Hi-s/Hf-slot/G-degem,32683,1,1250,0.038247,1250,0.038247,2267,0.069363
mw,main,M-m/Hi-s/Hf-s/G-keep,32683,1,1251,0.038278,1251,0.038278,2271,0.069486
mw,main,M-m/Hi-s/Hf-s/G-degem,32683,1,1252,0.038309,1252,0.038309,2272,0.069516
mw,main,M-m/Hi-s/Hf-drop/G-keep,32683,1,1249,0.038217,1249,0.038217,2266,0.069333
mw,main,M-m/Hi-s/Hf-drop/G-degem,32683,1,1250,0.038247,1250,0.038247,2267,0.069363
mw,main,ascii,32683,21,13112,0.401199,13092,0.400833,28105,0.859927
mw,main,roman,32683,713,11921,0.364757,11209,0.35061,18157,0.555549
pwg,all,M-pos/Hi-pos/Hf-slot/G-keep,120172,10,1163,0.009678,1154,0.009604,2927,0.024357
pwg,all,M-pos/Hi-pos/Hf-slot/G-degem,120172,10,1171,0.009744,1162,0.00967,2941,0.024473
pwg,all,M-pos/Hi-pos/Hf-s/G-keep,120172,10,1163,0.009678,1154,0.009604,2927,0.024357
pwg,all,M-pos/Hi-pos/Hf-s/G-degem,120172,10,1171,0.009744,1162,0.00967,2941,0.024473
pwg,all,M-pos/Hi-pos/Hf-drop/G-keep,120172,10,1163,0.009678,1154,0.009604,2927,0.024357
pwg,all,M-pos/Hi-pos/Hf-drop/G-degem,120172,10,1171,0.009744,1162,0.00967,2941,0.024473
pwg,all,M-pos/Hi-sib/Hf-slot/G-keep,120172,10,1024,0.008521,1015,0.008447,2516,0.020937
pwg,all,M-pos/Hi-sib/Hf-slot/G-degem,120172,10,1032,0.008588,1023,0.008514,2530,0.021053
pwg,all,M-pos/Hi-sib/Hf-s/G-keep,120172,10,1024,0.008521,1015,0.008447,2516,0.020937
pwg,all,M-pos/Hi-sib/Hf-s/G-degem,120172,10,1032,0.008588,1023,0.008514,2530,0.021053
pwg,all,M-pos/Hi-sib/Hf-drop/G-keep,120172,10,1024,0.008521,1015,0.008447,2516,0.020937
pwg,all,M-pos/Hi-sib/Hf-drop/G-degem,120172,10,1032,0.008588,1023,0.008514,2530,0.021053
pwg,all,M-pos/Hi-s/Hf-slot/G-keep,120172,10,1172,0.009753,1163,0.009679,2925,0.02434
pwg,all,M-pos/Hi-s/Hf-slot/G-degem,120172,10,1180,0.009819,1171,0.009745,2939,0.024457
pwg,all,M-pos/Hi-s/Hf-s/G-keep,120172,10,1172,0.009753,1163,0.009679,2925,0.02434
pwg,all,M-pos/Hi-s/Hf-s/G-degem,120172,10,1180,0.009819,1171,0.009745,2939,0.024457
pwg,all,M-pos/Hi-s/Hf-drop/G-keep,120172,10,1172,0.009753,1163,0.009679,2925,0.02434
pwg,all,M-pos/Hi-s/Hf-drop/G-degem,120172,10,1180,0.009819,1171,0.009745,2939,0.024457
pwg,all,M-nasal/Hi-pos/Hf-slot/G-keep,120172,10,528,0.004394,519,0.004319,838,0.006973
pwg,all,M-nasal/Hi-pos/Hf-slot/G-degem,120172,10,536,0.00446,527,0.004386,852,0.00709
pwg,all,M-nasal/Hi-pos/Hf-s/G-keep,120172,10,528,0.004394,519,0.004319,838,0.006973
pwg,all,M-nasal/Hi-pos/Hf-s/G-degem,120172,10,536,0.00446,527,0.004386,852,0.00709
pwg,all,M-nasal/Hi-pos/Hf-drop/G-keep,120172,10,528,0.004394,519,0.004319,838,0.006973
pwg,all,M-nasal/Hi-pos/Hf-drop/G-degem,120172,10,536,0.00446,527,0.004386,852,0.00709
pwg,all,M-nasal/Hi-sib/Hf-slot/G-keep,120172,10,388,0.003229,379,0.003154,408,0.003395
pwg,all,M-nasal/Hi-sib/Hf-slot/G-degem,120172,10,396,0.003295,387,0.003221,422,0.003512
pwg,all,M-nasal/Hi-sib/Hf-s/G-keep,120172,10,388,0.003229,379,0.003154,408,0.003395
pwg,all,M-nasal/Hi-sib/Hf-s/G-degem,120172,10,396,0.003295,387,0.003221,422,0.003512
pwg,all,M-nasal/Hi-sib/Hf-drop/G-keep,120172,10,388,0.003229,379,0.003154,408,0.003395
pwg,all,M-nasal/Hi-sib/Hf-drop/G-degem,120172,10,396,0.003295,387,0.003221,422,0.003512
pwg,all,M-nasal/Hi-s/Hf-slot/G-keep,120172,10,537,0.004469,528,0.004394,820,0.006824
pwg,all,M-nasal/Hi-s/Hf-slot/G-degem,120172,10,545,0.004535,536,0.004461,834,0.00694
pwg,all,M-nasal/Hi-s/Hf-s/G-keep,120172,10,537,0.004469,528,0.004394,820,0.006824
pwg,all,M-nasal/Hi-s/Hf-s/G-degem,120172,10,545,0.004535,536,0.004461,834,0.00694
pwg,all,M-nasal/Hi-s/Hf-drop/G-keep,120172,10,537,0.004469,528,0.004394,820,0.006824
pwg,all,M-nasal/Hi-s/Hf-drop/G-degem,120172,10,545,0.004535,536,0.004461,834,0.00694
pwg,all,M-nasal_m/Hi-pos/Hf-slot/G-keep,120172,10,1014,0.008438,1005,0.008364,2835,0.023591
pwg,all,M-nasal_m/Hi-pos/Hf-slot/G-degem,120172,10,1022,0.008505,1013,0.00843,2849,0.023708
pwg,all,M-nasal_m/Hi-pos/Hf-s/G-keep,120172,10,1014,0.008438,1005,0.008364,2835,0.023591
pwg,all,M-nasal_m/Hi-pos/Hf-s/G-degem,120172,10,1022,0.008505,1013,0.00843,2849,0.023708
pwg,all,M-nasal_m/Hi-pos/Hf-drop/G-keep,120172,10,1014,0.008438,1005,0.008364,2835,0.023591
pwg,all,M-nasal_m/Hi-pos/Hf-drop/G-degem,120172,10,1022,0.008505,1013,0.00843,2849,0.023708
pwg,all,M-nasal_m/Hi-sib/Hf-slot/G-keep,120172,10,874,0.007273,865,0.007199,2413,0.02008
pwg,all,M-nasal_m/Hi-sib/Hf-slot/G-degem,120172,10,882,0.00734,873,0.007265,2427,0.020196
pwg,all,M-nasal_m/Hi-sib/Hf-s/G-keep,120172,10,874,0.007273,865,0.007199,2413,0.02008
pwg,all,M-nasal_m/Hi-sib/Hf-s/G-degem,120172,10,882,0.00734,873,0.007265,2427,0.020196
pwg,all,M-nasal_m/Hi-sib/Hf-drop/G-keep,120172,10,874,0.007273,865,0.007199,2413,0.02008
pwg,all,M-nasal_m/Hi-sib/Hf-drop/G-degem,120172,10,882,0.00734,873,0.007265,2427,0.020196
pwg,all,M-nasal_m/Hi-s/Hf-slot/G-keep,120172,10,1014,0.008438,1005,0.008364,2821,0.023475
pwg,all,M-nasal_m/Hi-s/Hf-slot/G-degem,120172,10,1022,0.008505,1013,0.00843,2835,0.023591
pwg,all,M-nasal_m/Hi-s/Hf-s/G-keep,120172,10,1014,0.008438,1005,0.008364,2821,0.023475
pwg,all,M-nasal_m/Hi-s/Hf-s/G-degem,120172,10,1022,0.008505,1013,0.00843,2835,0.023591
pwg,all,M-nasal_m/Hi-s/Hf-drop/G-keep,120172,10,1014,0.008438,1005,0.008364,2821,0.023475
pwg,all,M-nasal_m/Hi-s/Hf-drop/G-degem,120172,10,1022,0.008505,1013,0.00843,2835,0.023591
pwg,all,M-m/Hi-pos/Hf-slot/G-keep,120172,10,1456,0.012116,1447,0.012042,4209,0.035025
pwg,all,M-m/Hi-pos/Hf-slot/G-degem,120172,10,1464,0.012183,1455,0.012109,4223,0.035141
pwg,all,M-m/Hi-pos/Hf-s/G-keep,120172,10,1456,0.012116,1447,0.012042,4209,0.035025
pwg,all,M-m/Hi-pos/Hf-s/G-degem,120172,10,1464,0.012183,1455,0.012109,4223,0.035141
pwg,all,M-m/Hi-pos/Hf-drop/G-keep,120172,10,1456,0.012116,1447,0.012042,4209,0.035025
pwg,all,M-m/Hi-pos/Hf-drop/G-degem,120172,10,1464,0.012183,1455,0.012109,4223,0.035141
pwg,all,M-m/Hi-sib/Hf-slot/G-keep,120172,10,1317,0.010959,1308,0.010885,3802,0.031638
pwg,all,M-m/Hi-sib/Hf-slot/G-degem,120172,10,1325,0.011026,1316,0.010952,3816,0.031754
pwg,all,M-m/Hi-sib/Hf-s/G-keep,120172,10,1317,0.010959,1308,0.010885,3802,0.031638
pwg,all,M-m/Hi-sib/Hf-s/G-degem,120172,10,1325,0.011026,1316,0.010952,3816,0.031754
pwg,all,M-m/Hi-sib/Hf-drop/G-keep,120172,10,1317,0.010959,1308,0.010885,3802,0.031638
pwg,all,M-m/Hi-sib/Hf-drop/G-degem,120172,10,1325,0.011026,1316,0.010952,3816,0.031754
pwg,all,M-m/Hi-s/Hf-slot/G-keep,120172,10,1456,0.012116,1447,0.012042,4208,0.035016
pwg,all,M-m/Hi-s/Hf-slot/G-degem,120172,10,1464,0.012183,1455,0.012109,4222,0.035133
pwg,all,M-m/Hi-s/Hf-s/G-keep,120172,10,1456,0.012116,1447,0.012042,4208,0.035016
pwg,all,M-m/Hi-s/Hf-s/G-degem,120172,10,1464,0.012183,1455,0.012109,4222,0.035133
pwg,all,M-m/Hi-s/Hf-drop/G-keep,120172,10,1456,0.012116,1447,0.012042,4208,0.035016
pwg,all,M-m/Hi-s/Hf-drop/G-degem,120172,10,1464,0.012183,1455,0.012109,4222,0.035133
pwg,all,ascii,120172,66,44406,0.369523,44341,0.369182,104517,0.869728
pwg,all,roman,120172,2474,39042,0.324887,36569,0.310702,60779,0.505767
pwg,print,M-pos/Hi-pos/Hf-slot/G-keep,120163,10,1162,0.00967,1153,0.009596,2926,0.02435
pwg,print,M-pos/Hi-pos/Hf-slot/G-degem,120163,10,1170,0.009737,1161,0.009663,2940,0.024467
pwg,print,M-pos/Hi-pos/Hf-s/G-keep,120163,10,1162,0.00967,1153,0.009596,2926,0.02435
pwg,print,M-pos/Hi-pos/Hf-s/G-degem,120163,10,1170,0.009737,1161,0.009663,2940,0.024467
pwg,print,M-pos/Hi-pos/Hf-drop/G-keep,120163,10,1162,0.00967,1153,0.009596,2926,0.02435
pwg,print,M-pos/Hi-pos/Hf-drop/G-degem,120163,10,1170,0.009737,1161,0.009663,2940,0.024467
pwg,print,M-pos/Hi-sib/Hf-slot/G-keep,120163,10,1023,0.008514,1014,0.008439,2515,0.02093
pwg,print,M-pos/Hi-sib/Hf-slot/G-degem,120163,10,1031,0.00858,1022,0.008506,2529,0.021046
pwg,print,M-pos/Hi-sib/Hf-s/G-keep,120163,10,1023,0.008514,1014,0.008439,2515,0.02093
pwg,print,M-pos/Hi-sib/Hf-s/G-degem,120163,10,1031,0.00858,1022,0.008506,2529,0.021046
pwg,print,M-pos/Hi-sib/Hf-drop/G-keep,120163,10,1023,0.008514,1014,0.008439,2515,0.02093
pwg,print,M-pos/Hi-sib/Hf-drop/G-degem,120163,10,1031,0.00858,1022,0.008506,2529,0.021046
pwg,print,M-pos/Hi-s/Hf-slot/G-keep,120163,10,1171,0.009745,1162,0.009671,2924,0.024334
pwg,print,M-pos/Hi-s/Hf-slot/G-degem,120163,10,1179,0.009812,1170,0.009738,2938,0.02445
pwg,print,M-pos/Hi-s/Hf-s/G-keep,120163,10,1171,0.009745,1162,0.009671,2924,0.024334
pwg,print,M-pos/Hi-s/Hf-s/G-degem,120163,10,1179,0.009812,1170,0.009738,2938,0.02445
pwg,print,M-pos/Hi-s/Hf-drop/G-keep,120163,10,1171,0.009745,1162,0.009671,2924,0.024334
pwg,print,M-pos/Hi-s/Hf-drop/G-degem,120163,10,1179,0.009812,1170,0.009738,2938,0.02445
pwg,print,M-nasal/Hi-pos/Hf-slot/G-keep,120163,10,527,0.004386,518,0.004311,837,0.006966
pwg,print,M-nasal/Hi-pos/Hf-slot/G-degem,120163,10,535,0.004452,526,0.004378,851,0.007082
pwg,print,M-nasal/Hi-pos/Hf-s/G-keep,120163,10,527,0.004386,518,0.004311,837,0.006966
pwg,print,M-nasal/Hi-pos/Hf-s/G-degem,120163,10,535,0.004452,526,0.004378,851,0.007082
pwg,print,M-nasal/Hi-pos/Hf-drop/G-keep,120163,10,527,0.004386,518,0.004311,837,0.006966
pwg,print,M-nasal/Hi-pos/Hf-drop/G-degem,120163,10,535,0.004452,526,0.004378,851,0.007082
pwg,print,M-nasal/Hi-sib/Hf-slot/G-keep,120163,10,387,0.003221,378,0.003146,407,0.003387
pwg,print,M-nasal/Hi-sib/Hf-slot/G-degem,120163,10,395,0.003287,386,0.003213,421,0.003504
pwg,print,M-nasal/Hi-sib/Hf-s/G-keep,120163,10,387,0.003221,378,0.003146,407,0.003387
pwg,print,M-nasal/Hi-sib/Hf-s/G-degem,120163,10,395,0.003287,386,0.003213,421,0.003504
pwg,print,M-nasal/Hi-sib/Hf-drop/G-keep,120163,10,387,0.003221,378,0.003146,407,0.003387
pwg,print,M-nasal/Hi-sib/Hf-drop/G-degem,120163,10,395,0.003287,386,0.003213,421,0.003504
pwg,print,M-nasal/Hi-s/Hf-slot/G-keep,120163,10,536,0.004461,527,0.004386,819,0.006816
pwg,print,M-nasal/Hi-s/Hf-slot/G-degem,120163,10,544,0.004527,535,0.004453,833,0.006932
pwg,print,M-nasal/Hi-s/Hf-s/G-keep,120163,10,536,0.004461,527,0.004386,819,0.006816
pwg,print,M-nasal/Hi-s/Hf-s/G-degem,120163,10,544,0.004527,535,0.004453,833,0.006932
pwg,print,M-nasal/Hi-s/Hf-drop/G-keep,120163,10,536,0.004461,527,0.004386,819,0.006816
pwg,print,M-nasal/Hi-s/Hf-drop/G-degem,120163,10,544,0.004527,535,0.004453,833,0.006932
pwg,print,M-nasal_m/Hi-pos/Hf-slot/G-keep,120163,10,1013,0.00843,1004,0.008356,2833,0.023576
pwg,print,M-nasal_m/Hi-pos/Hf-slot/G-degem,120163,10,1021,0.008497,1012,0.008423,2847,0.023693
pwg,print,M-nasal_m/Hi-pos/Hf-s/G-keep,120163,10,1013,0.00843,1004,0.008356,2833,0.023576
pwg,print,M-nasal_m/Hi-pos/Hf-s/G-degem,120163,10,1021,0.008497,1012,0.008423,2847,0.023693
pwg,print,M-nasal_m/Hi-pos/Hf-drop/G-keep,120163,10,1013,0.00843,1004,0.008356,2833,0.023576
pwg,print,M-nasal_m/Hi-pos/Hf-drop/G-degem,120163,10,1021,0.008497,1012,0.008423,2847,0.023693
pwg,print,M-nasal_m/Hi-sib/Hf-slot/G-keep,120163,10,873,0.007265,864,0.007191,2411,0.020064
pwg,print,M-nasal_m/Hi-sib/Hf-slot/G-degem,120163,10,881,0.007332,872,0.007257,2425,0.020181
pwg,print,M-nasal_m/Hi-sib/Hf-s/G-keep,120163,10,873,0.007265,864,0.007191,2411,0.020064
pwg,print,M-nasal_m/Hi-sib/Hf-s/G-degem,120163,10,881,0.007332,872,0.007257,2425,0.020181
pwg,print,M-nasal_m/Hi-sib/Hf-drop/G-keep,120163,10,873,0.007265,864,0.007191,2411,0.020064
pwg,print,M-nasal_m/Hi-sib/Hf-drop/G-degem,120163,10,881,0.007332,872,0.007257,2425,0.020181
pwg,print,M-nasal_m/Hi-s/Hf-slot/G-keep,120163,10,1013,0.00843,1004,0.008356,2819,0.02346
pwg,print,M-nasal_m/Hi-s/Hf-slot/G-degem,120163,10,1021,0.008497,1012,0.008423,2833,0.023576
pwg,print,M-nasal_m/Hi-s/Hf-s/G-keep,120163,10,1013,0.00843,1004,0.008356,2819,0.02346
pwg,print,M-nasal_m/Hi-s/Hf-s/G-degem,120163,10,1021,0.008497,1012,0.008423,2833,0.023576
pwg,print,M-nasal_m/Hi-s/Hf-drop/G-keep,120163,10,1013,0.00843,1004,0.008356,2819,0.02346
pwg,print,M-nasal_m/Hi-s/Hf-drop/G-degem,120163,10,1021,0.008497,1012,0.008423,2833,0.023576
pwg,print,M-m/Hi-pos/Hf-slot/G-keep,120163,10,1455,0.012109,1446,0.012035,4207,0.035011
pwg,print,M-m/Hi-pos/Hf-slot/G-degem,120163,10,1463,0.012175,1454,0.012101,4221,0.035127
pwg,print,M-m/Hi-pos/Hf-s/G-keep,120163,10,1455,0.012109,1446,0.012035,4207,0.035011
pwg,print,M-m/Hi-pos/Hf-s/G-degem,120163,10,1463,0.012175,1454,0.012101,4221,0.035127
pwg,print,M-m/Hi-pos/Hf-drop/G-keep,120163,10,1455,0.012109,1446,0.012035,4207,0.035011
pwg,print,M-m/Hi-pos/Hf-drop/G-degem,120163,10,1463,0.012175,1454,0.012101,4221,0.035127
pwg,print,M-m/Hi-sib/Hf-slot/G-keep,120163,10,1316,0.010952,1307,0.010878,3800,0.031624
pwg,print,M-m/Hi-sib/Hf-slot/G-degem,120163,10,1324,0.011018,1315,0.010944,3814,0.03174
pwg,print,M-m/Hi-sib/Hf-s/G-keep,120163,10,1316,0.010952,1307,0.010878,3800,0.031624
pwg,print,M-m/Hi-sib/Hf-s/G-degem,120163,10,1324,0.011018,1315,0.010944,3814,0.03174
pwg,print,M-m/Hi-sib/Hf-drop/G-keep,120163,10,1316,0.010952,1307,0.010878,3800,0.031624
pwg,print,M-m/Hi-sib/Hf-drop/G-degem,120163,10,1324,0.011018,1315,0.010944,3814,0.03174
pwg,print,M-m/Hi-s/Hf-slot/G-keep,120163,10,1455,0.012109,1446,0.012035,4206,0.035002
pwg,print,M-m/Hi-s/Hf-slot/G-degem,120163,10,1463,0.012175,1454,0.012101,4220,0.035119
pwg,print,M-m/Hi-s/Hf-s/G-keep,120163,10,1455,0.012109,1446,0.012035,4206,0.035002
pwg,print,M-m/Hi-s/Hf-s/G-degem,120163,10,1463,0.012175,1454,0.012101,4220,0.035119
pwg,print,M-m/Hi-s/Hf-drop/G-keep,120163,10,1455,0.012109,1446,0.012035,4206,0.035002
pwg,print,M-m/Hi-s/Hf-drop/G-degem,120163,10,1463,0.012175,1454,0.012101,4220,0.035119
pwg,print,ascii,120163,66,44401,0.369509,44336,0.369168,104510,0.869735
pwg,print,roman,120163,2474,39038,0.324878,36565,0.310692,60772,0.505746
pwg,main,M-pos/Hi-pos/Hf-slot/G-keep,120163,10,1162,0.00967,1153,0.009596,2926,0.02435
pwg,main,M-pos/Hi-pos/Hf-slot/G-degem,120163,10,1170,0.009737,1161,0.009663,2940,0.024467
pwg,main,M-pos/Hi-pos/Hf-s/G-keep,120163,10,1162,0.00967,1153,0.009596,2926,0.02435
pwg,main,M-pos/Hi-pos/Hf-s/G-degem,120163,10,1170,0.009737,1161,0.009663,2940,0.024467
pwg,main,M-pos/Hi-pos/Hf-drop/G-keep,120163,10,1162,0.00967,1153,0.009596,2926,0.02435
pwg,main,M-pos/Hi-pos/Hf-drop/G-degem,120163,10,1170,0.009737,1161,0.009663,2940,0.024467
pwg,main,M-pos/Hi-sib/Hf-slot/G-keep,120163,10,1023,0.008514,1014,0.008439,2515,0.02093
pwg,main,M-pos/Hi-sib/Hf-slot/G-degem,120163,10,1031,0.00858,1022,0.008506,2529,0.021046
pwg,main,M-pos/Hi-sib/Hf-s/G-keep,120163,10,1023,0.008514,1014,0.008439,2515,0.02093
pwg,main,M-pos/Hi-sib/Hf-s/G-degem,120163,10,1031,0.00858,1022,0.008506,2529,0.021046
pwg,main,M-pos/Hi-sib/Hf-drop/G-keep,120163,10,1023,0.008514,1014,0.008439,2515,0.02093
pwg,main,M-pos/Hi-sib/Hf-drop/G-degem,120163,10,1031,0.00858,1022,0.008506,2529,0.021046
pwg,main,M-pos/Hi-s/Hf-slot/G-keep,120163,10,1171,0.009745,1162,0.009671,2924,0.024334
pwg,main,M-pos/Hi-s/Hf-slot/G-degem,120163,10,1179,0.009812,1170,0.009738,2938,0.02445
pwg,main,M-pos/Hi-s/Hf-s/G-keep,120163,10,1171,0.009745,1162,0.009671,2924,0.024334
pwg,main,M-pos/Hi-s/Hf-s/G-degem,120163,10,1179,0.009812,1170,0.009738,2938,0.02445
pwg,main,M-pos/Hi-s/Hf-drop/G-keep,120163,10,1171,0.009745,1162,0.009671,2924,0.024334
pwg,main,M-pos/Hi-s/Hf-drop/G-degem,120163,10,1179,0.009812,1170,0.009738,2938,0.02445
pwg,main,M-nasal/Hi-pos/Hf-slot/G-keep,120163,10,527,0.004386,518,0.004311,837,0.006966
pwg,main,M-nasal/Hi-pos/Hf-slot/G-degem,120163,10,535,0.004452,526,0.004378,851,0.007082
pwg,main,M-nasal/Hi-pos/Hf-s/G-keep,120163,10,527,0.004386,518,0.004311,837,0.006966
pwg,main,M-nasal/Hi-pos/Hf-s/G-degem,120163,10,535,0.004452,526,0.004378,851,0.007082
pwg,main,M-nasal/Hi-pos/Hf-drop/G-keep,120163,10,527,0.004386,518,0.004311,837,0.006966
pwg,main,M-nasal/Hi-pos/Hf-drop/G-degem,120163,10,535,0.004452,526,0.004378,851,0.007082
pwg,main,M-nasal/Hi-sib/Hf-slot/G-keep,120163,10,387,0.003221,378,0.003146,407,0.003387
pwg,main,M-nasal/Hi-sib/Hf-slot/G-degem,120163,10,395,0.003287,386,0.003213,421,0.003504
pwg,main,M-nasal/Hi-sib/Hf-s/G-keep,120163,10,387,0.003221,378,0.003146,407,0.003387
pwg,main,M-nasal/Hi-sib/Hf-s/G-degem,120163,10,395,0.003287,386,0.003213,421,0.003504
pwg,main,M-nasal/Hi-sib/Hf-drop/G-keep,120163,10,387,0.003221,378,0.003146,407,0.003387
pwg,main,M-nasal/Hi-sib/Hf-drop/G-degem,120163,10,395,0.003287,386,0.003213,421,0.003504
pwg,main,M-nasal/Hi-s/Hf-slot/G-keep,120163,10,536,0.004461,527,0.004386,819,0.006816
pwg,main,M-nasal/Hi-s/Hf-slot/G-degem,120163,10,544,0.004527,535,0.004453,833,0.006932
pwg,main,M-nasal/Hi-s/Hf-s/G-keep,120163,10,536,0.004461,527,0.004386,819,0.006816
pwg,main,M-nasal/Hi-s/Hf-s/G-degem,120163,10,544,0.004527,535,0.004453,833,0.006932
pwg,main,M-nasal/Hi-s/Hf-drop/G-keep,120163,10,536,0.004461,527,0.004386,819,0.006816
pwg,main,M-nasal/Hi-s/Hf-drop/G-degem,120163,10,544,0.004527,535,0.004453,833,0.006932
pwg,main,M-nasal_m/Hi-pos/Hf-slot/G-keep,120163,10,1013,0.00843,1004,0.008356,2833,0.023576
pwg,main,M-nasal_m/Hi-pos/Hf-slot/G-degem,120163,10,1021,0.008497,1012,0.008423,2847,0.023693
pwg,main,M-nasal_m/Hi-pos/Hf-s/G-keep,120163,10,1013,0.00843,1004,0.008356,2833,0.023576
pwg,main,M-nasal_m/Hi-pos/Hf-s/G-degem,120163,10,1021,0.008497,1012,0.008423,2847,0.023693
pwg,main,M-nasal_m/Hi-pos/Hf-drop/G-keep,120163,10,1013,0.00843,1004,0.008356,2833,0.023576
pwg,main,M-nasal_m/Hi-pos/Hf-drop/G-degem,120163,10,1021,0.008497,1012,0.008423,2847,0.023693
pwg,main,M-nasal_m/Hi-sib/Hf-slot/G-keep,120163,10,873,0.007265,864,0.007191,2411,0.020064
pwg,main,M-nasal_m/Hi-sib/Hf-slot/G-degem,120163,10,881,0.007332,872,0.007257,2425,0.020181
pwg,main,M-nasal_m/Hi-sib/Hf-s/G-keep,120163,10,873,0.007265,864,0.007191,2411,0.020064
pwg,main,M-nasal_m/Hi-sib/Hf-s/G-degem,120163,10,881,0.007332,872,0.007257,2425,0.020181
pwg,main,M-nasal_m/Hi-sib/Hf-drop/G-keep,120163,10,873,0.007265,864,0.007191,2411,0.020064
pwg,main,M-nasal_m/Hi-sib/Hf-drop/G-degem,120163,10,881,0.007332,872,0.007257,2425,0.020181
pwg,main,M-nasal_m/Hi-s/Hf-slot/G-keep,120163,10,1013,0.00843,1004,0.008356,2819,0.02346
pwg,main,M-nasal_m/Hi-s/Hf-slot/G-degem,120163,10,1021,0.008497,1012,0.008423,2833,0.023576
pwg,main,M-nasal_m/Hi-s/Hf-s/G-keep,120163,10,1013,0.00843,1004,0.008356,2819,0.02346
pwg,main,M-nasal_m/Hi-s/Hf-s/G-degem,120163,10,1021,0.008497,1012,0.008423,2833,0.023576
pwg,main,M-nasal_m/Hi-s/Hf-drop/G-keep,120163,10,1013,0.00843,1004,0.008356,2819,0.02346
pwg,main,M-nasal_m/Hi-s/Hf-drop/G-degem,120163,10,1021,0.008497,1012,0.008423,2833,0.023576
pwg,main,M-m/Hi-pos/Hf-slot/G-keep,120163,10,1455,0.012109,1446,0.012035,4207,0.035011
pwg,main,M-m/Hi-pos/Hf-slot/G-degem,120163,10,1463,0.012175,1454,0.012101,4221,0.035127
pwg,main,M-m/Hi-pos/Hf-s/G-keep,120163,10,1455,0.012109,1446,0.012035,4207,0.035011
pwg,main,M-m/Hi-pos/Hf-s/G-degem,120163,10,1463,0.012175,1454,0.012101,4221,0.035127
pwg,main,M-m/Hi-pos/Hf-drop/G-keep,120163,10,1455,0.012109,1446,0.012035,4207,0.035011
pwg,main,M-m/Hi-pos/Hf-drop/G-degem,120163,10,1463,0.012175,1454,0.012101,4221,0.035127
pwg,main,M-m/Hi-sib/Hf-slot/G-keep,120163,10,1316,0.010952,1307,0.010878,3800,0.031624
pwg,main,M-m/Hi-sib/Hf-slot/G-degem,120163,10,1324,0.011018,1315,0.010944,3814,0.03174
pwg,main,M-m/Hi-sib/Hf-s/G-keep,120163,10,1316,0.010952,1307,0.010878,3800,0.031624
pwg,main,M-m/Hi-sib/Hf-s/G-degem,120163,10,1324,0.011018,1315,0.010944,3814,0.03174
pwg,main,M-m/Hi-sib/Hf-drop/G-keep,120163,10,1316,0.010952,1307,0.010878,3800,0.031624
pwg,main,M-m/Hi-sib/Hf-drop/G-degem,120163,10,1324,0.011018,1315,0.010944,3814,0.03174
pwg,main,M-m/Hi-s/Hf-slot/G-keep,120163,10,1455,0.012109,1446,0.012035,4206,0.035002
pwg,main,M-m/Hi-s/Hf-slot/G-degem,120163,10,1463,0.012175,1454,0.012101,4220,0.035119
pwg,main,M-m/Hi-s/Hf-s/G-keep,120163,10,1455,0.012109,1446,0.012035,4206,0.035002
pwg,main,M-m/Hi-s/Hf-s/G-degem,120163,10,1463,0.012175,1454,0.012101,4220,0.035119
pwg,main,M-m/Hi-s/Hf-drop/G-keep,120163,10,1455,0.012109,1446,0.012035,4206,0.035002
pwg,main,M-m/Hi-s/Hf-drop/G-degem,120163,10,1463,0.012175,1454,0.012101,4220,0.035119
pwg,main,ascii,120163,66,44401,0.369509,44336,0.369168,104510,0.869735
pwg,main,roman,120163,2474,39038,0.324878,36565,0.310692,60772,0.505746
pw,all,M-pos/Hi-pos/Hf-slot/G-keep,166476,9,3003,0.018039,2995,0.017992,5820,0.03496
pw,all,M-pos/Hi-pos/Hf-slot/G-degem,166476,9,3012,0.018093,3004,0.018046,5841,0.035086
pw,all,M-pos/Hi-pos/Hf-s/G-keep,166476,9,3003,0.018039,2995,0.017992,5820,0.03496
pw,all,M-pos/Hi-pos/Hf-s/G-degem,166476,9,3012,0.018093,3004,0.018046,5841,0.035086
pw,all,M-pos/Hi-pos/Hf-drop/G-keep,166476,9,3003,0.018039,2995,0.017992,5820,0.03496
pw,all,M-pos/Hi-pos/Hf-drop/G-degem,166476,9,3012,0.018093,3004,0.018046,5841,0.035086
pw,all,M-pos/Hi-sib/Hf-slot/G-keep,166476,9,2785,0.016729,2777,0.016682,5187,0.031158
pw,all,M-pos/Hi-sib/Hf-slot/G-degem,166476,9,2794,0.016783,2786,0.016736,5208,0.031284
pw,all,M-pos/Hi-sib/Hf-s/G-keep,166476,9,2785,0.016729,2777,0.016682,5187,0.031158
pw,all,M-pos/Hi-sib/Hf-s/G-degem,166476,9,2794,0.016783,2786,0.016736,5208,0.031284
pw,all,M-pos/Hi-sib/Hf-drop/G-keep,166476,9,2785,0.016729,2777,0.016682,5187,0.031158
pw,all,M-pos/Hi-sib/Hf-drop/G-degem,166476,9,2794,0.016783,2786,0.016736,5208,0.031284
pw,all,M-pos/Hi-s/Hf-slot/G-keep,166476,9,2999,0.018015,2991,0.017968,5824,0.034984
pw,all,M-pos/Hi-s/Hf-slot/G-degem,166476,9,3008,0.018069,3000,0.018022,5845,0.03511
pw,all,M-pos/Hi-s/Hf-s/G-keep,166476,9,2999,0.018015,2991,0.017968,5824,0.034984
pw,all,M-pos/Hi-s/Hf-s/G-degem,166476,9,3008,0.018069,3000,0.018022,5845,0.03511
pw,all,M-pos/Hi-s/Hf-drop/G-keep,166476,9,2999,0.018015,2991,0.017968,5824,0.034984
pw,all,M-pos/Hi-s/Hf-drop/G-degem,166476,9,3008,0.018069,3000,0.018022,5845,0.03511
pw,all,M-nasal/Hi-pos/Hf-slot/G-keep,166476,9,2180,0.013095,2172,0.013048,2664,0.016002
pw,all,M-nasal/Hi-pos/Hf-slot/G-degem,166476,9,2189,0.013149,2181,0.013102,2685,0.016128
pw,all,M-nasal/Hi-pos/Hf-s/G-keep,166476,9,2180,0.013095,2172,0.013048,2664,0.016002
pw,all,M-nasal/Hi-pos/Hf-s/G-degem,166476,9,2189,0.013149,2181,0.013102,2685,0.016128
pw,all,M-nasal/Hi-pos/Hf-drop/G-keep,166476,9,2180,0.013095,2172,0.013048,2664,0.016002
pw,all,M-nasal/Hi-pos/Hf-drop/G-degem,166476,9,2189,0.013149,2181,0.013102,2685,0.016128
pw,all,M-nasal/Hi-sib/Hf-slot/G-keep,166476,9,1960,0.011774,1952,0.011726,2004,0.012038
pw,all,M-nasal/Hi-sib/Hf-slot/G-degem,166476,9,1969,0.011828,1961,0.01178,2025,0.012164
pw,all,M-nasal/Hi-sib/Hf-s/G-keep,166476,9,1960,0.011774,1952,0.011726,2004,0.012038
pw,all,M-nasal/Hi-sib/Hf-s/G-degem,166476,9,1969,0.011828,1961,0.01178,2025,0.012164
pw,all,M-nasal/Hi-sib/Hf-drop/G-keep,166476,9,1960,0.011774,1952,0.011726,2004,0.012038
pw,all,M-nasal/Hi-sib/Hf-drop/G-degem,166476,9,1969,0.011828,1961,0.01178,2025,0.012164
pw,all,M-nasal/Hi-s/Hf-slot/G-keep,166476,9,2173,0.013053,2165,0.013006,2645,0.015888
pw,all,M-nasal/Hi-s/Hf-slot/G-degem,166476,9,2182,0.013107,2174,0.01306,2666,0.016014
pw,all,M-nasal/Hi-s/Hf-s/G-keep,166476,9,2173,0.013053,2165,0.013006,2645,0.015888
pw,all,M-nasal/Hi-s/Hf-s/G-degem,166476,9,2182,0.013107,2174,0.01306,2666,0.016014
pw,all,M-nasal/Hi-s/Hf-drop/G-keep,166476,9,2173,0.013053,2165,0.013006,2645,0.015888
pw,all,M-nasal/Hi-s/Hf-drop/G-degem,166476,9,2182,0.013107,2174,0.01306,2666,0.016014
pw,all,M-nasal_m/Hi-pos/Hf-slot/G-keep,166476,9,2862,0.017192,2854,0.017145,5551,0.033344
pw,all,M-nasal_m/Hi-pos/Hf-slot/G-degem,166476,9,2871,0.017246,2863,0.017199,5572,0.03347
pw,all,M-nasal_m/Hi-pos/Hf-s/G-keep,166476,9,2862,0.017192,2854,0.017145,5551,0.033344
pw,all,M-nasal_m/Hi-pos/Hf-s/G-degem,166476,9,2871,0.017246,2863,0.017199,5572,0.03347
pw,all,M-nasal_m/Hi-pos/Hf-drop/G-keep,166476,9,2862,0.017192,2854,0.017145,5551,0.033344
pw,all,M-nasal_m/Hi-pos/Hf-drop/G-degem,166476,9,2871,0.017246,2863,0.017199,5572,0.03347
pw,all,M-nasal_m/Hi-sib/Hf-slot/G-keep,166476,9,2642,0.01587,2634,0.015823,4904,0.029458
pw,all,M-nasal_m/Hi-sib/Hf-slot/G-degem,166476,9,2651,0.015924,2643,0.015877,4925,0.029584
pw,all,M-nasal_m/Hi-sib/Hf-s/G-keep,166476,9,2642,0.01587,2634,0.015823,4904,0.029458
pw,all,M-nasal_m/Hi-sib/Hf-s/G-degem,166476,9,2651,0.015924,2643,0.015877,4925,0.029584
pw,all,M-nasal_m/Hi-sib/Hf-drop/G-keep,166476,9,2642,0.01587,2634,0.015823,4904,0.029458
pw,all,M-nasal_m/Hi-sib/Hf-drop/G-degem,166476,9,2651,0.015924,2643,0.015877,4925,0.029584
pw,all,M-nasal_m/Hi-s/Hf-slot/G-keep,166476,9,2844,0.017084,2836,0.017036,5542,0.03329
pw,all,M-nasal_m/Hi-s/Hf-slot/G-degem,166476,9,2853,0.017138,2845,0.01709,5563,0.033416
pw,all,M-nasal_m/Hi-s/Hf-s/G-keep,166476,9,2844,0.017084,2836,0.017036,5542,0.03329
pw,all,M-nasal_m/Hi-s/Hf-s/G-degem,166476,9,2853,0.017138,2845,0.01709,5563,0.033416
pw,all,M-nasal_m/Hi-s/Hf-drop/G-keep,166476,9,2844,0.017084,2836,0.017036,5542,0.03329
pw,all,M-nasal_m/Hi-s/Hf-drop/G-degem,166476,9,2853,0.017138,2845,0.01709,5563,0.033416
pw,all,M-m/Hi-pos/Hf-slot/G-keep,166476,9,3450,0.020724,3442,0.020677,7644,0.045917
pw,all,M-m/Hi-pos/Hf-slot/G-degem,166476,9,3459,0.020778,3451,0.020731,7665,0.046043
pw,all,M-m/Hi-pos/Hf-s/G-keep,166476,9,3450,0.020724,3442,0.020677,7644,0.045917
pw,all,M-m/Hi-pos/Hf-s/G-degem,166476,9,3459,0.020778,3451,0.020731,7665,0.046043
pw,all,M-m/Hi-pos/Hf-drop/G-keep,166476,9,3450,0.020724,3442,0.020677,7644,0.045917
pw,all,M-m/Hi-pos/Hf-drop/G-degem,166476,9,3459,0.020778,3451,0.020731,7665,0.046043
pw,all,M-m/Hi-sib/Hf-slot/G-keep,166476,9,3231,0.019408,3223,0.019361,7017,0.04215
pw,all,M-m/Hi-sib/Hf-slot/G-degem,166476,9,3240,0.019462,3232,0.019415,7038,0.042276
pw,all,M-m/Hi-sib/Hf-s/G-keep,166476,9,3231,0.019408,3223,0.019361,7017,0.04215
pw,all,M-m/Hi-sib/Hf-s/G-degem,166476,9,3240,0.019462,3232,0.019415,7038,0.042276
pw,all,M-m/Hi-sib/Hf-drop/G-keep,166476,9,3231,0.019408,3223,0.019361,7017,0.04215
pw,all,M-m/Hi-sib/Hf-drop/G-degem,166476,9,3240,0.019462,3232,0.019415,7038,0.042276
pw,all,M-m/Hi-s/Hf-slot/G-keep,166476,9,3432,0.020616,3424,0.020569,7653,0.045971
pw,all,M-m/Hi-s/Hf-slot/G-degem,166476,9,3441,0.02067,3433,0.020623,7674,0.046097
pw,all,M-m/Hi-s/Hf-s/G-keep,166476,9,3432,0.020616,3424,0.020569,7653,0.045971
pw,all,M-m/Hi-s/Hf-s/G-degem,166476,9,3441,0.02067,3433,0.020623,7674,0.046097
pw,all,M-m/Hi-s/Hf-drop/G-keep,166476,9,3432,0.020616,3424,0.020569,7653,0.045971
pw,all,M-m/Hi-s/Hf-drop/G-degem,166476,9,3441,0.02067,3433,0.020623,7674,0.046097
pw,all,ascii,166476,94,63175,0.379486,63082,0.37914,146242,0.878457
pw,all,roman,166476,3304,55264,0.331966,51961,0.318443,85770,0.515209
pw,print,M-pos/Hi-pos/Hf-slot/G-keep,154431,9,1258,0.008146,1250,0.008095,3820,0.024736
pw,print,M-pos/Hi-pos/Hf-slot/G-degem,154431,9,1268,0.008211,1260,0.008159,3842,0.024878
pw,print,M-pos/Hi-pos/Hf-s/G-keep,154431,9,1258,0.008146,1250,0.008095,3820,0.024736
pw,print,M-pos/Hi-pos/Hf-s/G-degem,154431,9,1268,0.008211,1260,0.008159,3842,0.024878
pw,print,M-pos/Hi-pos/Hf-drop/G-keep,154431,9,1258,0.008146,1250,0.008095,3820,0.024736
pw,print,M-pos/Hi-pos/Hf-drop/G-degem,154431,9,1268,0.008211,1260,0.008159,3842,0.024878
pw,print,M-pos/Hi-sib/Hf-slot/G-keep,154431,9,1053,0.006819,1045,0.006767,3229,0.020909
pw,print,M-pos/Hi-sib/Hf-slot/G-degem,154431,9,1063,0.006883,1055,0.006832,3251,0.021051
pw,print,M-pos/Hi-sib/Hf-s/G-keep,154431,9,1053,0.006819,1045,0.006767,3229,0.020909
pw,print,M-pos/Hi-sib/Hf-s/G-degem,154431,9,1063,0.006883,1055,0.006832,3251,0.021051
pw,print,M-pos/Hi-sib/Hf-drop/G-keep,154431,9,1053,0.006819,1045,0.006767,3229,0.020909
pw,print,M-pos/Hi-sib/Hf-drop/G-degem,154431,9,1063,0.006883,1055,0.006832,3251,0.021051
pw,print,M-pos/Hi-s/Hf-slot/G-keep,154431,9,1263,0.008178,1255,0.008127,3836,0.02484
pw,print,M-pos/Hi-s/Hf-slot/G-degem,154431,9,1273,0.008243,1265,0.008192,3858,0.024982
pw,print,M-pos/Hi-s/Hf-s/G-keep,154431,9,1263,0.008178,1255,0.008127,3836,0.02484
pw,print,M-pos/Hi-s/Hf-s/G-degem,154431,9,1273,0.008243,1265,0.008192,3858,0.024982
pw,print,M-pos/Hi-s/Hf-drop/G-keep,154431,9,1263,0.008178,1255,0.008127,3836,0.02484
pw,print,M-pos/Hi-s/Hf-drop/G-degem,154431,9,1273,0.008243,1265,0.008192,3858,0.024982
pw,print,M-nasal/Hi-pos/Hf-slot/G-keep,154431,9,465,0.003011,457,0.002959,881,0.005705
pw,print,M-nasal/Hi-pos/Hf-slot/G-degem,154431,9,475,0.003076,467,0.003024,903,0.005847
pw,print,M-nasal/Hi-pos/Hf-s/G-keep,154431,9,465,0.003011,457,0.002959,881,0.005705
pw,print,M-nasal/Hi-pos/Hf-s/G-degem,154431,9,475,0.003076,467,0.003024,903,0.005847
pw,print,M-nasal/Hi-pos/Hf-drop/G-keep,154431,9,465,0.003011,457,0.002959,881,0.005705
pw,print,M-nasal/Hi-pos/Hf-drop/G-degem,154431,9,475,0.003076,467,0.003024,903,0.005847
pw,print,M-nasal/Hi-sib/Hf-slot/G-keep,154431,9,258,0.001671,250,0.001619,263,0.001703
pw,print,M-nasal/Hi-sib/Hf-slot/G-degem,154431,9,268,0.001735,260,0.001684,285,0.001845
pw,print,M-nasal/Hi-sib/Hf-s/G-keep,154431,9,258,0.001671,250,0.001619,263,0.001703
pw,print,M-nasal/Hi-sib/Hf-s/G-degem,154431,9,268,0.001735,260,0.001684,285,0.001845
pw,print,M-nasal/Hi-sib/Hf-drop/G-keep,154431,9,258,0.001671,250,0.001619,263,0.001703
pw,print,M-nasal/Hi-sib/Hf-drop/G-degem,154431,9,268,0.001735,260,0.001684,285,0.001845
pw,print,M-nasal/Hi-s/Hf-slot/G-keep,154431,9,467,0.003024,459,0.002972,874,0.005659
pw,print,M-nasal/Hi-s/Hf-slot/G-degem,154431,9,477,0.003089,469,0.003037,896,0.005802
pw,print,M-nasal/Hi-s/Hf-s/G-keep,154431,9,467,0.003024,459,0.002972,874,0.005659
pw,print,M-nasal/Hi-s/Hf-s/G-degem,154431,9,477,0.003089,469,0.003037,896,0.005802
pw,print,M-nasal/Hi-s/Hf-drop/G-keep,154431,9,467,0.003024,459,0.002972,874,0.005659
pw,print,M-nasal/Hi-s/Hf-drop/G-degem,154431,9,477,0.003089,469,0.003037,896,0.005802
pw,print,M-nasal_m/Hi-pos/Hf-slot/G-keep,154431,9,1131,0.007324,1123,0.007272,3602,0.023324
pw,print,M-nasal_m/Hi-pos/Hf-slot/G-degem,154431,9,1141,0.007388,1133,0.007337,3624,0.023467
pw,print,M-nasal_m/Hi-pos/Hf-s/G-keep,154431,9,1131,0.007324,1123,0.007272,3602,0.023324
pw,print,M-nasal_m/Hi-pos/Hf-s/G-degem,154431,9,1141,0.007388,1133,0.007337,3624,0.023467
pw,print,M-nasal_m/Hi-pos/Hf-drop/G-keep,154431,9,1131,0.007324,1123,0.007272,3602,0.023324
pw,print,M-nasal_m/Hi-pos/Hf-drop/G-degem,154431,9,1141,0.007388,1133,0.007337,3624,0.023467
pw,print,M-nasal_m/Hi-sib/Hf-slot/G-keep,154431,9,924,0.005983,916,0.005932,2997,0.019407
pw,print,M-nasal_m/Hi-sib/Hf-slot/G-degem,154431,9,934,0.006048,926,0.005997,3019,0.019549
pw,print,M-nasal_m/Hi-sib/Hf-s/G-keep,154431,9,924,0.005983,916,0.005932,2997,0.019407
pw,print,M-nasal_m/Hi-sib/Hf-s/G-degem,154431,9,934,0.006048,926,0.005997,3019,0.019549
pw,print,M-nasal_m/Hi-sib/Hf-drop/G-keep,154431,9,924,0.005983,916,0.005932,2997,0.019407
pw,print,M-nasal_m/Hi-sib/Hf-drop/G-degem,154431,9,934,0.006048,926,0.005997,3019,0.019549
pw,print,M-nasal_m/Hi-s/Hf-slot/G-keep,154431,9,1122,0.007265,1114,0.007214,3605,0.023344
pw,print,M-nasal_m/Hi-s/Hf-slot/G-degem,154431,9,1132,0.00733,1124,0.007279,3627,0.023486
pw,print,M-nasal_m/Hi-s/Hf-s/G-keep,154431,9,1122,0.007265,1114,0.007214,3605,0.023344
pw,print,M-nasal_m/Hi-s/Hf-s/G-degem,154431,9,1132,0.00733,1124,0.007279,3627,0.023486
pw,print,M-nasal_m/Hi-s/Hf-drop/G-keep,154431,9,1122,0.007265,1114,0.007214,3605,0.023344
pw,print,M-nasal_m/Hi-s/Hf-drop/G-degem,154431,9,1132,0.00733,1124,0.007279,3627,0.023486
pw,print,M-m/Hi-pos/Hf-slot/G-keep,154431,9,1693,0.010963,1685,0.010912,5524,0.03577
pw,print,M-m/Hi-pos/Hf-slot/G-degem,154431,9,1703,0.011028,1695,0.010976,5546,0.035912
pw,print,M-m/Hi-pos/Hf-s/G-keep,154431,9,1693,0.010963,1685,0.010912,5524,0.03577
pw,print,M-m/Hi-pos/Hf-s/G-degem,154431,9,1703,0.011028,1695,0.010976,5546,0.035912
pw,print,M-m/Hi-pos/Hf-drop/G-keep,154431,9,1693,0.010963,1685,0.010912,5524,0.03577
pw,print,M-m/Hi-pos/Hf-drop/G-degem,154431,9,1703,0.011028,1695,0.010976,5546,0.035912
pw,print,M-m/Hi-sib/Hf-slot/G-keep,154431,9,1487,0.009629,1479,0.009578,4939,0.031982
pw,print,M-m/Hi-sib/Hf-slot/G-degem,154431,9,1497,0.009694,1489,0.009642,4961,0.032124
pw,print,M-m/Hi-sib/Hf-s/G-keep,154431,9,1487,0.009629,1479,0.009578,4939,0.031982
pw,print,M-m/Hi-sib/Hf-s/G-degem,154431,9,1497,0.009694,1489,0.009642,4961,0.032124
pw,print,M-m/Hi-sib/Hf-drop/G-keep,154431,9,1487,0.009629,1479,0.009578,4939,0.031982
pw,print,M-m/Hi-sib/Hf-drop/G-degem,154431,9,1497,0.009694,1489,0.009642,4961,0.032124
pw,print,M-m/Hi-s/Hf-slot/G-keep,154431,9,1684,0.010905,1676,0.010853,5545,0.035906
pw,print,M-m/Hi-s/Hf-slot/G-degem,154431,9,1694,0.010969,1686,0.010918,5567,0.036048
pw,print,M-m/Hi-s/Hf-s/G-keep,154431,9,1684,0.010905,1676,0.010853,5545,0.035906
pw,print,M-m/Hi-s/Hf-s/G-degem,154431,9,1694,0.010969,1686,0.010918,5567,0.036048
pw,print,M-m/Hi-s/Hf-drop/G-keep,154431,9,1684,0.010905,1676,0.010853,5545,0.035906
pw,print,M-m/Hi-s/Hf-drop/G-degem,154431,9,1694,0.010969,1686,0.010918,5567,0.036048
pw,print,ascii,154431,91,58202,0.376883,58112,0.376519,135634,0.878282
pw,print,roman,154431,3121,51355,0.332545,48235,0.318783,79225,0.513012
pw,main,M-pos/Hi-pos/Hf-slot/G-keep,154431,9,1258,0.008146,1250,0.008095,3820,0.024736
pw,main,M-pos/Hi-pos/Hf-slot/G-degem,154431,9,1268,0.008211,1260,0.008159,3842,0.024878
pw,main,M-pos/Hi-pos/Hf-s/G-keep,154431,9,1258,0.008146,1250,0.008095,3820,0.024736
pw,main,M-pos/Hi-pos/Hf-s/G-degem,154431,9,1268,0.008211,1260,0.008159,3842,0.024878
pw,main,M-pos/Hi-pos/Hf-drop/G-keep,154431,9,1258,0.008146,1250,0.008095,3820,0.024736
pw,main,M-pos/Hi-pos/Hf-drop/G-degem,154431,9,1268,0.008211,1260,0.008159,3842,0.024878
pw,main,M-pos/Hi-sib/Hf-slot/G-keep,154431,9,1053,0.006819,1045,0.006767,3229,0.020909
pw,main,M-pos/Hi-sib/Hf-slot/G-degem,154431,9,1063,0.006883,1055,0.006832,3251,0.021051
pw,main,M-pos/Hi-sib/Hf-s/G-keep,154431,9,1053,0.006819,1045,0.006767,3229,0.020909
pw,main,M-pos/Hi-sib/Hf-s/G-degem,154431,9,1063,0.006883,1055,0.006832,3251,0.021051
pw,main,M-pos/Hi-sib/Hf-drop/G-keep,154431,9,1053,0.006819,1045,0.006767,3229,0.020909
pw,main,M-pos/Hi-sib/Hf-drop/G-degem,154431,9,1063,0.006883,1055,0.006832,3251,0.021051
pw,main,M-pos/Hi-s/Hf-slot/G-keep,154431,9,1263,0.008178,1255,0.008127,3836,0.02484
pw,main,M-pos/Hi-s/Hf-slot/G-degem,154431,9,1273,0.008243,1265,0.008192,3858,0.024982
pw,main,M-pos/Hi-s/Hf-s/G-keep,154431,9,1263,0.008178,1255,0.008127,3836,0.02484
pw,main,M-pos/Hi-s/Hf-s/G-degem,154431,9,1273,0.008243,1265,0.008192,3858,0.024982
pw,main,M-pos/Hi-s/Hf-drop/G-keep,154431,9,1263,0.008178,1255,0.008127,3836,0.02484
pw,main,M-pos/Hi-s/Hf-drop/G-degem,154431,9,1273,0.008243,1265,0.008192,3858,0.024982
pw,main,M-nasal/Hi-pos/Hf-slot/G-keep,154431,9,465,0.003011,457,0.002959,881,0.005705
pw,main,M-nasal/Hi-pos/Hf-slot/G-degem,154431,9,475,0.003076,467,0.003024,903,0.005847
pw,main,M-nasal/Hi-pos/Hf-s/G-keep,154431,9,465,0.003011,457,0.002959,881,0.005705
pw,main,M-nasal/Hi-pos/Hf-s/G-degem,154431,9,475,0.003076,467,0.003024,903,0.005847
pw,main,M-nasal/Hi-pos/Hf-drop/G-keep,154431,9,465,0.003011,457,0.002959,881,0.005705
pw,main,M-nasal/Hi-pos/Hf-drop/G-degem,154431,9,475,0.003076,467,0.003024,903,0.005847
pw,main,M-nasal/Hi-sib/Hf-slot/G-keep,154431,9,258,0.001671,250,0.001619,263,0.001703
pw,main,M-nasal/Hi-sib/Hf-slot/G-degem,154431,9,268,0.001735,260,0.001684,285,0.001845
pw,main,M-nasal/Hi-sib/Hf-s/G-keep,154431,9,258,0.001671,250,0.001619,263,0.001703
pw,main,M-nasal/Hi-sib/Hf-s/G-degem,154431,9,268,0.001735,260,0.001684,285,0.001845
pw,main,M-nasal/Hi-sib/Hf-drop/G-keep,154431,9,258,0.001671,250,0.001619,263,0.001703
pw,main,M-nasal/Hi-sib/Hf-drop/G-degem,154431,9,268,0.001735,260,0.001684,285,0.001845
pw,main,M-nasal/Hi-s/Hf-slot/G-keep,154431,9,467,0.003024,459,0.002972,874,0.005659
pw,main,M-nasal/Hi-s/Hf-slot/G-degem,154431,9,477,0.003089,469,0.003037,896,0.005802
pw,main,M-nasal/Hi-s/Hf-s/G-keep,154431,9,467,0.003024,459,0.002972,874,0.005659
pw,main,M-nasal/Hi-s/Hf-s/G-degem,154431,9,477,0.003089,469,0.003037,896,0.005802
pw,main,M-nasal/Hi-s/Hf-drop/G-keep,154431,9,467,0.003024,459,0.002972,874,0.005659
pw,main,M-nasal/Hi-s/Hf-drop/G-degem,154431,9,477,0.003089,469,0.003037,896,0.005802
pw,main,M-nasal_m/Hi-pos/Hf-slot/G-keep,154431,9,1131,0.007324,1123,0.007272,3602,0.023324
pw,main,M-nasal_m/Hi-pos/Hf-slot/G-degem,154431,9,1141,0.007388,1133,0.007337,3624,0.023467
pw,main,M-nasal_m/Hi-pos/Hf-s/G-keep,154431,9,1131,0.007324,1123,0.007272,3602,0.023324
pw,main,M-nasal_m/Hi-pos/Hf-s/G-degem,154431,9,1141,0.007388,1133,0.007337,3624,0.023467
pw,main,M-nasal_m/Hi-pos/Hf-drop/G-keep,154431,9,1131,0.007324,1123,0.007272,3602,0.023324
pw,main,M-nasal_m/Hi-pos/Hf-drop/G-degem,154431,9,1141,0.007388,1133,0.007337,3624,0.023467
pw,main,M-nasal_m/Hi-sib/Hf-slot/G-keep,154431,9,924,0.005983,916,0.005932,2997,0.019407
pw,main,M-nasal_m/Hi-sib/Hf-slot/G-degem,154431,9,934,0.006048,926,0.005997,3019,0.019549
pw,main,M-nasal_m/Hi-sib/Hf-s/G-keep,154431,9,924,0.005983,916,0.005932,2997,0.019407
pw,main,M-nasal_m/Hi-sib/Hf-s/G-degem,154431,9,934,0.006048,926,0.005997,3019,0.019549
pw,main,M-nasal_m/Hi-sib/Hf-drop/G-keep,154431,9,924,0.005983,916,0.005932,2997,0.019407
pw,main,M-nasal_m/Hi-sib/Hf-drop/G-degem,154431,9,934,0.006048,926,0.005997,3019,0.019549
pw,main,M-nasal_m/Hi-s/Hf-slot/G-keep,154431,9,1122,0.007265,1114,0.007214,3605,0.023344
pw,main,M-nasal_m/Hi-s/Hf-slot/G-degem,154431,9,1132,0.00733,1124,0.007279,3627,0.023486
pw,main,M-nasal_m/Hi-s/Hf-s/G-keep,154431,9,1122,0.007265,1114,0.007214,3605,0.023344
pw,main,M-nasal_m/Hi-s/Hf-s/G-degem,154431,9,1132,0.00733,1124,0.007279,3627,0.023486
pw,main,M-nasal_m/Hi-s/Hf-drop/G-keep,154431,9,1122,0.007265,1114,0.007214,3605,0.023344
pw,main,M-nasal_m/Hi-s/Hf-drop/G-degem,154431,9,1132,0.00733,1124,0.007279,3627,0.023486
pw,main,M-m/Hi-pos/Hf-slot/G-keep,154431,9,1693,0.010963,1685,0.010912,5524,0.03577
pw,main,M-m/Hi-pos/Hf-slot/G-degem,154431,9,1703,0.011028,1695,0.010976,5546,0.035912
pw,main,M-m/Hi-pos/Hf-s/G-keep,154431,9,1693,0.010963,1685,0.010912,5524,0.03577
pw,main,M-m/Hi-pos/Hf-s/G-degem,154431,9,1703,0.011028,1695,0.010976,5546,0.035912
pw,main,M-m/Hi-pos/Hf-drop/G-keep,154431,9,1693,0.010963,1685,0.010912,5524,0.03577
pw,main,M-m/Hi-pos/Hf-drop/G-degem,154431,9,1703,0.011028,1695,0.010976,5546,0.035912
pw,main,M-m/Hi-sib/Hf-slot/G-keep,154431,9,1487,0.009629,1479,0.009578,4939,0.031982
pw,main,M-m/Hi-sib/Hf-slot/G-degem,154431,9,1497,0.009694,1489,0.009642,4961,0.032124
pw,main,M-m/Hi-sib/Hf-s/G-keep,154431,9,1487,0.009629,1479,0.009578,4939,0.031982
pw,main,M-m/Hi-sib/Hf-s/G-degem,154431,9,1497,0.009694,1489,0.009642,4961,0.032124
pw,main,M-m/Hi-sib/Hf-drop/G-keep,154431,9,1487,0.009629,1479,0.009578,4939,0.031982
pw,main,M-m/Hi-sib/Hf-drop/G-degem,154431,9,1497,0.009694,1489,0.009642,4961,0.032124
pw,main,M-m/Hi-s/Hf-slot/G-keep,154431,9,1684,0.010905,1676,0.010853,5545,0.035906
pw,main,M-m/Hi-s/Hf-slot/G-degem,154431,9,1694,0.010969,1686,0.010918,5567,0.036048
pw,main,M-m/Hi-s/Hf-s/G-keep,154431,9,1684,0.010905,1676,0.010853,5545,0.035906
pw,main,M-m/Hi-s/Hf-s/G-degem,154431,9,1694,0.010969,1686,0.010918,5567,0.036048
pw,main,M-m/Hi-s/Hf-drop/G-keep,154431,9,1684,0.010905,1676,0.010853,5545,0.035906
pw,main,M-m/Hi-s/Hf-drop/G-degem,154431,9,1694,0.010969,1686,0.010918,5567,0.036048
pw,main,ascii,154431,91,58202,0.376883,58112,0.376519,135634,0.878282
pw,main,roman,154431,3121,51355,0.332545,48235,0.318783,79225,0.513012
ap,all,M-pos/Hi-pos/Hf-slot/G-keep,90167,3,13052,0.144755,13050,0.144736,28865,0.320128
ap,all,M-pos/Hi-pos/Hf-slot/G-degem,90167,3,13051,0.144744,13049,0.144725,28868,0.320161
ap,all,M-pos/Hi-pos/Hf-s/G-keep,90167,3,17186,0.190604,17184,0.190586,33090,0.366986
ap,all,M-pos/Hi-pos/Hf-s/G-degem,90167,3,17185,0.190593,17183,0.190575,33093,0.367019
ap,all,M-pos/Hi-pos/Hf-drop/G-keep,90167,3,12971,0.143857,12969,0.143838,28757,0.31893
ap,all,M-pos/Hi-pos/Hf-drop/G-degem,90167,3,12970,0.143846,12968,0.143827,28760,0.318964
ap,all,M-pos/Hi-sib/Hf-slot/G-keep,90167,3,13066,0.14491,13064,0.144892,28882,0.320317
ap,all,M-pos/Hi-sib/Hf-slot/G-degem,90167,3,13065,0.144899,13063,0.14488,28885,0.32035
ap,all,M-pos/Hi-sib/Hf-s/G-keep,90167,3,17199,0.190748,17197,0.19073,33103,0.36713
ap,all,M-pos/Hi-sib/Hf-s/G-degem,90167,3,17198,0.190737,17196,0.190719,33106,0.367163
ap,all,M-pos/Hi-sib/Hf-drop/G-keep,90167,3,12985,0.144012,12983,0.143993,28774,0.319119
ap,all,M-pos/Hi-sib/Hf-drop/G-degem,90167,3,12984,0.144001,12982,0.143982,28777,0.319152
ap,all,M-pos/Hi-s/Hf-slot/G-keep,90167,3,13049,0.144722,13047,0.144703,28824,0.319673
ap,all,M-pos/Hi-s/Hf-slot/G-degem,90167,3,13048,0.144711,13046,0.144692,28827,0.319707
ap,all,M-pos/Hi-s/Hf-s/G-keep,90167,3,17179,0.190526,17177,0.190508,33048,0.36652
ap,all,M-pos/Hi-s/Hf-s/G-degem,90167,3,17178,0.190515,17176,0.190497,33051,0.366553
ap,all,M-pos/Hi-s/Hf-drop/G-keep,90167,3,12968,0.143824,12966,0.143805,28716,0.318476
ap,all,M-pos/Hi-s/Hf-drop/G-degem,90167,3,12967,0.143813,12965,0.143794,28719,0.318509
ap,all,M-nasal/Hi-pos/Hf-slot/G-keep,90167,3,12906,0.143136,12904,0.143117,27955,0.310036
ap,all,M-nasal/Hi-pos/Hf-slot/G-degem,90167,3,12905,0.143125,12903,0.143106,27958,0.310069
ap,all,M-nasal/Hi-pos/Hf-s/G-keep,90167,3,17046,0.189051,17044,0.189033,32249,0.357659
ap,all,M-nasal/Hi-pos/Hf-s/G-degem,90167,3,17045,0.18904,17043,0.189022,32252,0.357692
ap,all,M-nasal/Hi-pos/Hf-drop/G-keep,90167,3,12830,0.142293,12828,0.142274,27857,0.308949
ap,all,M-nasal/Hi-pos/Hf-drop/G-degem,90167,3,12829,0.142282,12827,0.142263,27860,0.308982
ap,all,M-nasal/Hi-sib/Hf-slot/G-keep,90167,3,12920,0.143291,12918,0.143272,27965,0.310147
ap,all,M-nasal/Hi-sib/Hf-slot/G-degem,90167,3,12919,0.14328,12917,0.143261,27968,0.31018
ap,all,M-nasal/Hi-sib/Hf-s/G-keep,90167,3,17059,0.189195,17057,0.189177,32255,0.357725
ap,all,M-nasal/Hi-sib/Hf-s/G-degem,90167,3,17058,0.189184,17056,0.189166,32258,0.357758
ap,all,M-nasal/Hi-sib/Hf-drop/G-keep,90167,3,12844,0.142448,12842,0.142429,27867,0.30906
ap,all,M-nasal/Hi-sib/Hf-drop/G-degem,90167,3,12843,0.142437,12841,0.142418,27870,0.309093
ap,all,M-nasal/Hi-s/Hf-slot/G-keep,90167,3,12903,0.143103,12901,0.143084,27907,0.309503
ap,all,M-nasal/Hi-s/Hf-slot/G-degem,90167,3,12902,0.143092,12900,0.143073,27910,0.309537
ap,all,M-nasal/Hi-s/Hf-s/G-keep,90167,3,17039,0.188974,17037,0.188956,32200,0.357115
ap,all,M-nasal/Hi-s/Hf-s/G-degem,90167,3,17038,0.188963,17036,0.188945,32203,0.357148
ap,all,M-nasal/Hi-s/Hf-drop/G-keep,90167,3,12827,0.14226,12825,0.142241,27809,0.308417
ap,all,M-nasal/Hi-s/Hf-drop/G-degem,90167,3,12826,0.142249,12824,0.14223,27812,0.30845
ap,all,M-nasal_m/Hi-pos/Hf-slot/G-keep,90167,3,13066,0.14491,13064,0.144892,28898,0.320494
ap,all,M-nasal_m/Hi-pos/Hf-slot/G-degem,90167,3,13065,0.144899,13063,0.14488,28901,0.320527
ap,all,M-nasal_m/Hi-pos/Hf-s/G-keep,90167,3,17218,0.190959,17216,0.190941,33154,0.367695
ap,all,M-nasal_m/Hi-pos/Hf-s/G-degem,90167,3,17217,0.190948,17215,0.19093,33157,0.367729
ap,all,M-nasal_m/Hi-pos/Hf-drop/G-keep,90167,3,13002,0.144201,13000,0.144182,28829,0.319729
ap,all,M-nasal_m/Hi-pos/Hf-drop/G-degem,90167,3,13001,0.14419,12999,0.144171,28832,0.319762
ap,all,M-nasal_m/Hi-sib/Hf-slot/G-keep,90167,3,13080,0.145066,13078,0.145047,28912,0.320649
ap,all,M-nasal_m/Hi-sib/Hf-slot/G-degem,90167,3,13079,0.145055,13077,0.145036,28915,0.320683
ap,all,M-nasal_m/Hi-sib/Hf-s/G-keep,90167,3,17231,0.191103,17229,0.191085,33163,0.367795
ap,all,M-nasal_m/Hi-sib/Hf-s/G-degem,90167,3,17230,0.191092,17228,0.191074,33166,0.367829
ap,all,M-nasal_m/Hi-sib/Hf-drop/G-keep,90167,3,13016,0.144356,13014,0.144337,28843,0.319884
ap,all,M-nasal_m/Hi-sib/Hf-drop/G-degem,90167,3,13015,0.144345,13013,0.144326,28846,0.319917
ap,all,M-nasal_m/Hi-s/Hf-slot/G-keep,90167,3,13062,0.144866,13060,0.144847,28855,0.320017
ap,all,M-nasal_m/Hi-s/Hf-slot/G-degem,90167,3,13061,0.144855,13059,0.144836,28858,0.320051
ap,all,M-nasal_m/Hi-s/Hf-s/G-keep,90167,3,17210,0.19087,17208,0.190852,33109,0.367196
ap,all,M-nasal_m/Hi-s/Hf-s/G-degem,90167,3,17209,0.190859,17207,0.190841,33112,0.36723
ap,all,M-nasal_m/Hi-s/Hf-drop/G-keep,90167,3,12998,0.144156,12996,0.144137,28786,0.319252
ap,all,M-nasal_m/Hi-s/Hf-drop/G-degem,90167,3,12997,0.144145,12995,0.144126,28789,0.319285
ap,all,M-m/Hi-pos/Hf-slot/G-keep,90167,3,13156,0.145909,13154,0.14589,29419,0.326272
ap,all,M-m/Hi-pos/Hf-slot/G-degem,90167,3,13155,0.145898,13153,0.145879,29422,0.326306
ap,all,M-m/Hi-pos/Hf-s/G-keep,90167,3,17307,0.191946,17305,0.191928,33636,0.373041
ap,all,M-m/Hi-pos/Hf-s/G-degem,90167,3,17306,0.191935,17304,0.191917,33639,0.373074
ap,all,M-m/Hi-pos/Hf-drop/G-keep,90167,3,13092,0.145199,13090,0.14518,29350,0.325507
ap,all,M-m/Hi-pos/Hf-drop/G-degem,90167,3,13091,0.145188,13089,0.145169,29353,0.32554
ap,all,M-m/Hi-sib/Hf-slot/G-keep,90167,3,13170,0.146064,13168,0.146045,29436,0.326461
ap,all,M-m/Hi-sib/Hf-slot/G-degem,90167,3,13169,0.146053,13167,0.146034,29439,0.326494
ap,all,M-m/Hi-sib/Hf-s/G-keep,90167,3,17320,0.19209,17318,0.192072,33648,0.373174
ap,all,M-m/Hi-sib/Hf-s/G-degem,90167,3,17319,0.192079,17317,0.192061,33651,0.373207
ap,all,M-m/Hi-sib/Hf-drop/G-keep,90167,3,13106,0.145354,13104,0.145335,29367,0.325696
ap,all,M-m/Hi-sib/Hf-drop/G-degem,90167,3,13105,0.145343,13103,0.145324,29370,0.325729
ap,all,M-m/Hi-s/Hf-slot/G-keep,90167,3,13152,0.145864,13150,0.145845,29380,0.32584
ap,all,M-m/Hi-s/Hf-slot/G-degem,90167,3,13151,0.145853,13149,0.145834,29383,0.325873
ap,all,M-m/Hi-s/Hf-s/G-keep,90167,3,17299,0.191857,17297,0.191839,33595,0.372586
ap,all,M-m/Hi-s/Hf-s/G-degem,90167,3,17298,0.191846,17296,0.191828,33598,0.37262
ap,all,M-m/Hi-s/Hf-drop/G-keep,90167,3,13088,0.145154,13086,0.145136,29311,0.325075
ap,all,M-m/Hi-s/Hf-drop/G-degem,90167,3,13087,0.145143,13085,0.145124,29314,0.325108
ap,all,ascii,90167,22,35203,0.390424,35182,0.390282,80169,0.889117
ap,all,roman,90167,1791,31997,0.354868,30207,0.341801,49956,0.554039
ap,print,M-pos/Hi-pos/Hf-slot/G-keep,80555,2,9669,0.120031,9668,0.12002,23561,0.292483
ap,print,M-pos/Hi-pos/Hf-slot/G-degem,80555,2,9671,0.120056,9670,0.120045,23565,0.292533
ap,print,M-pos/Hi-pos/Hf-s/G-keep,80555,2,13018,0.161606,13017,0.161595,27038,0.335646
ap,print,M-pos/Hi-pos/Hf-s/G-degem,80555,2,13020,0.161631,13019,0.16162,27042,0.335696
ap,print,M-pos/Hi-pos/Hf-drop/G-keep,80555,2,9602,0.1192,9601,0.119189,23468,0.291329
ap,print,M-pos/Hi-pos/Hf-drop/G-degem,80555,2,9604,0.119224,9603,0.119213,23472,0.291379
ap,print,M-pos/Hi-sib/Hf-slot/G-keep,80555,2,9683,0.120205,9682,0.120194,23572,0.29262
ap,print,M-pos/Hi-sib/Hf-slot/G-degem,80555,2,9685,0.12023,9684,0.120219,23576,0.29267
ap,print,M-pos/Hi-sib/Hf-s/G-keep,80555,2,13031,0.161767,13030,0.161757,27044,0.335721
ap,print,M-pos/Hi-sib/Hf-s/G-degem,80555,2,13033,0.161792,13032,0.161782,27048,0.335771
ap,print,M-pos/Hi-sib/Hf-drop/G-keep,80555,2,9616,0.119373,9615,0.119362,23479,0.291465
ap,print,M-pos/Hi-sib/Hf-drop/G-degem,80555,2,9618,0.119398,9617,0.119387,23483,0.291515
ap,print,M-pos/Hi-s/Hf-slot/G-keep,80555,2,9666,0.119994,9665,0.119983,23519,0.291962
ap,print,M-pos/Hi-s/Hf-slot/G-degem,80555,2,9668,0.120019,9667,0.120008,23523,0.292012
ap,print,M-pos/Hi-s/Hf-s/G-keep,80555,2,13010,0.161507,13009,0.161496,26989,0.335038
ap,print,M-pos/Hi-s/Hf-s/G-degem,80555,2,13012,0.161531,13011,0.161521,26993,0.335088
ap,print,M-pos/Hi-s/Hf-drop/G-keep,80555,2,9599,0.119162,9598,0.119151,23426,0.290808
ap,print,M-pos/Hi-s/Hf-drop/G-degem,80555,2,9601,0.119187,9600,0.119176,23430,0.290857
ap,print,M-nasal/Hi-pos/Hf-slot/G-keep,80555,2,9513,0.118095,9512,0.118084,22683,0.281584
ap,print,M-nasal/Hi-pos/Hf-slot/G-degem,80555,2,9515,0.11812,9514,0.118109,22687,0.281634
ap,print,M-nasal/Hi-pos/Hf-s/G-keep,80555,2,12872,0.159793,12871,0.159783,26220,0.325492
ap,print,M-nasal/Hi-pos/Hf-s/G-degem,80555,2,12874,0.159818,12873,0.159808,26224,0.325542
ap,print,M-nasal/Hi-pos/Hf-drop/G-keep,80555,2,9454,0.117362,9453,0.117351,22601,0.280566
ap,print,M-nasal/Hi-pos/Hf-drop/G-degem,80555,2,9456,0.117387,9455,0.117376,22605,0.280616
ap,print,M-nasal/Hi-sib/Hf-slot/G-keep,80555,2,9527,0.118268,9526,0.118258,22687,0.281634
ap,print,M-nasal/Hi-sib/Hf-slot/G-degem,80555,2,9529,0.118293,9528,0.118282,22691,0.281683
ap,print,M-nasal/Hi-sib/Hf-s/G-keep,80555,2,12885,0.159955,12884,0.159944,26219,0.325479
ap,print,M-nasal/Hi-sib/Hf-s/G-degem,80555,2,12887,0.15998,12886,0.159969,26223,0.325529
ap,print,M-nasal/Hi-sib/Hf-drop/G-keep,80555,2,9468,0.117536,9467,0.117525,22605,0.280616
ap,print,M-nasal/Hi-sib/Hf-drop/G-degem,80555,2,9470,0.117561,9469,0.11755,22609,0.280665
ap,print,M-nasal/Hi-s/Hf-slot/G-keep,80555,2,9510,0.118057,9509,0.118047,22634,0.280976
ap,print,M-nasal/Hi-s/Hf-slot/G-degem,80555,2,9512,0.118082,9511,0.118071,22638,0.281025
ap,print,M-nasal/Hi-s/Hf-s/G-keep,80555,2,12864,0.159694,12863,0.159684,26164,0.324797
ap,print,M-nasal/Hi-s/Hf-s/G-degem,80555,2,12866,0.159719,12865,0.159709,26168,0.324846
ap,print,M-nasal/Hi-s/Hf-drop/G-keep,80555,2,9451,0.117325,9450,0.117314,22552,0.279958
ap,print,M-nasal/Hi-s/Hf-drop/G-degem,80555,2,9453,0.11735,9452,0.117339,22556,0.280007
ap,print,M-nasal_m/Hi-pos/Hf-slot/G-keep,80555,2,9682,0.120193,9681,0.120182,23572,0.29262
ap,print,M-nasal_m/Hi-pos/Hf-slot/G-degem,80555,2,9684,0.120217,9683,0.120207,23576,0.29267
ap,print,M-nasal_m/Hi-pos/Hf-s/G-keep,80555,2,13052,0.162028,13051,0.162018,27076,0.336118
ap,print,M-nasal_m/Hi-pos/Hf-s/G-degem,80555,2,13054,0.162053,13053,0.162042,27080,0.336168
ap,print,M-nasal_m/Hi-pos/Hf-drop/G-keep,80555,2,9634,0.119597,9633,0.119586,23517,0.291937
ap,print,M-nasal_m/Hi-pos/Hf-drop/G-degem,80555,2,9636,0.119622,9635,0.119611,23521,0.291987
ap,print,M-nasal_m/Hi-sib/Hf-slot/G-keep,80555,2,9696,0.120366,9695,0.120356,23581,0.292732
ap,print,M-nasal_m/Hi-sib/Hf-slot/G-degem,80555,2,9698,0.120391,9697,0.12038,23585,0.292781
ap,print,M-nasal_m/Hi-sib/Hf-s/G-keep,80555,2,13065,0.162189,13064,0.162179,27080,0.336168
ap,print,M-nasal_m/Hi-sib/Hf-s/G-degem,80555,2,13067,0.162214,13066,0.162204,27084,0.336217
ap,print,M-nasal_m/Hi-sib/Hf-drop/G-keep,80555,2,9648,0.119771,9647,0.11976,23526,0.292049
ap,print,M-nasal_m/Hi-sib/Hf-drop/G-degem,80555,2,9650,0.119795,9649,0.119784,23530,0.292099
ap,print,M-nasal_m/Hi-s/Hf-slot/G-keep,80555,2,9678,0.120143,9677,0.120132,23530,0.292099
ap,print,M-nasal_m/Hi-s/Hf-slot/G-degem,80555,2,9680,0.120168,9679,0.120157,23534,0.292148
ap,print,M-nasal_m/Hi-s/Hf-s/G-keep,80555,2,13043,0.161916,13042,0.161906,27026,0.335497
ap,print,M-nasal_m/Hi-s/Hf-s/G-degem,80555,2,13045,0.161941,13044,0.161931,27030,0.335547
ap,print,M-nasal_m/Hi-s/Hf-drop/G-keep,80555,2,9630,0.119547,9629,0.119536,23475,0.291416
ap,print,M-nasal_m/Hi-s/Hf-drop/G-degem,80555,2,9632,0.119572,9631,0.119561,23479,0.291465
ap,print,M-m/Hi-pos/Hf-slot/G-keep,80555,2,9770,0.121285,9769,0.121274,24067,0.298765
ap,print,M-m/Hi-pos/Hf-slot/G-degem,80555,2,9772,0.12131,9771,0.121299,24071,0.298814
ap,print,M-m/Hi-pos/Hf-s/G-keep,80555,2,13138,0.163096,13137,0.163085,27537,0.341841
ap,print,M-m/Hi-pos/Hf-s/G-degem,80555,2,13140,0.16312,13139,0.16311,27541,0.341891
ap,print,M-m/Hi-pos/Hf-drop/G-keep,80555,2,9722,0.120689,9721,0.120678,24012,0.298082
ap,print,M-m/Hi-pos/Hf-drop/G-degem,80555,2,9724,0.120714,9723,0.120703,24016,0.298132
ap,print,M-m/Hi-sib/Hf-slot/G-keep,80555,2,9784,0.121459,9783,0.121448,24079,0.298914
ap,print,M-m/Hi-sib/Hf-slot/G-degem,80555,2,9786,0.121484,9785,0.121473,24083,0.298963
ap,print,M-m/Hi-sib/Hf-s/G-keep,80555,2,13151,0.163257,13150,0.163247,27544,0.341928
ap,print,M-m/Hi-sib/Hf-s/G-degem,80555,2,13153,0.163282,13152,0.163271,27548,0.341978
ap,print,M-m/Hi-sib/Hf-drop/G-keep,80555,2,9736,0.120863,9735,0.120852,24024,0.298231
ap,print,M-m/Hi-sib/Hf-drop/G-degem,80555,2,9738,0.120888,9737,0.120877,24028,0.298281
ap,print,M-m/Hi-s/Hf-slot/G-keep,80555,2,9766,0.121235,9765,0.121225,24029,0.298293
ap,print,M-m/Hi-s/Hf-slot/G-degem,80555,2,9768,0.12126,9767,0.121249,24033,0.298343
ap,print,M-m/Hi-s/Hf-s/G-keep,80555,2,13129,0.162984,13128,0.162973,27491,0.34127
ap,print,M-m/Hi-s/Hf-s/G-degem,80555,2,13131,0.163009,13130,0.162998,27495,0.34132
ap,print,M-m/Hi-s/Hf-drop/G-keep,80555,2,9718,0.12064,9717,0.120629,23974,0.29761
ap,print,M-m/Hi-s/Hf-drop/G-degem,80555,2,9720,0.120664,9719,0.120653,23978,0.29766
ap,print,ascii,80555,22,30918,0.383817,30897,0.383656,71073,0.882292
ap,print,roman,80555,1672,28108,0.348934,26437,0.335142,43857,0.544435
ap,main,M-pos/Hi-pos/Hf-slot/G-keep,44403,1,4898,0.11031,4898,0.11031,8565,0.192892
ap,main,M-pos/Hi-pos/Hf-slot/G-degem,44403,1,4900,0.110355,4900,0.110355,8569,0.192982
ap,main,M-pos/Hi-pos/Hf-s/G-keep,44403,1,7659,0.172492,7659,0.172492,11157,0.251267
ap,main,M-pos/Hi-pos/Hf-s/G-degem,44403,1,7661,0.172537,7661,0.172537,11161,0.251357
ap,main,M-pos/Hi-pos/Hf-drop/G-keep,44403,1,4811,0.108351,4811,0.108351,8443,0.190145
ap,main,M-pos/Hi-pos/Hf-drop/G-degem,44403,1,4813,0.108396,4813,0.108396,8447,0.190235
ap,main,M-pos/Hi-sib/Hf-slot/G-keep,44403,1,4904,0.110445,4904,0.110445,8602,0.193726
ap,main,M-pos/Hi-sib/Hf-slot/G-degem,44403,1,4906,0.110491,4906,0.110491,8606,0.193816
ap,main,M-pos/Hi-sib/Hf-s/G-keep,44403,1,7665,0.172627,7665,0.172627,11193,0.252078
ap,main,M-pos/Hi-sib/Hf-s/G-degem,44403,1,7667,0.172672,7667,0.172672,11197,0.252168
ap,main,M-pos/Hi-sib/Hf-drop/G-keep,44403,1,4817,0.108486,4817,0.108486,8480,0.190978
ap,main,M-pos/Hi-sib/Hf-drop/G-degem,44403,1,4819,0.108531,4819,0.108531,8484,0.191068
ap,main,M-pos/Hi-s/Hf-slot/G-keep,44403,1,4909,0.110558,4909,0.110558,8620,0.194131
ap,main,M-pos/Hi-s/Hf-slot/G-degem,44403,1,4911,0.110603,4911,0.110603,8624,0.194221
ap,main,M-pos/Hi-s/Hf-s/G-keep,44403,1,7668,0.172695,7668,0.172695,11209,0.252438
ap,main,M-pos/Hi-s/Hf-s/G-degem,44403,1,7670,0.17274,7670,0.17274,11213,0.252528
ap,main,M-pos/Hi-s/Hf-drop/G-keep,44403,1,4822,0.108599,4822,0.108599,8498,0.191383
ap,main,M-pos/Hi-s/Hf-drop/G-degem,44403,1,4824,0.108644,4824,0.108644,8502,0.191474
ap,main,M-nasal/Hi-pos/Hf-slot/G-keep,44403,1,4779,0.10763,4779,0.10763,7778,0.175168
ap,main,M-nasal/Hi-pos/Hf-slot/G-degem,44403,1,4781,0.107675,4781,0.107675,7782,0.175258
ap,main,M-nasal/Hi-pos/Hf-s/G-keep,44403,1,7569,0.170465,7569,0.170465,10444,0.235209
ap,main,M-nasal/Hi-pos/Hf-s/G-degem,44403,1,7571,0.17051,7571,0.17051,10448,0.235299
ap,main,M-nasal/Hi-pos/Hf-drop/G-keep,44403,1,4718,0.106256,4718,0.106256,7691,0.173209
ap,main,M-nasal/Hi-pos/Hf-drop/G-degem,44403,1,4720,0.106302,4720,0.106302,7695,0.173299
ap,main,M-nasal/Hi-sib/Hf-slot/G-keep,44403,1,4785,0.107765,4785,0.107765,7817,0.176047
ap,main,M-nasal/Hi-sib/Hf-slot/G-degem,44403,1,4787,0.10781,4787,0.10781,7821,0.176137
ap,main,M-nasal/Hi-sib/Hf-s/G-keep,44403,1,7575,0.1706,7575,0.1706,10482,0.236065
ap,main,M-nasal/Hi-sib/Hf-s/G-degem,44403,1,7577,0.170645,7577,0.170645,10486,0.236155
ap,main,M-nasal/Hi-sib/Hf-drop/G-keep,44403,1,4724,0.106392,4724,0.106392,7730,0.174087
ap,main,M-nasal/Hi-sib/Hf-drop/G-degem,44403,1,4726,0.106437,4726,0.106437,7734,0.174177
ap,main,M-nasal/Hi-s/Hf-slot/G-keep,44403,1,4790,0.107878,4790,0.107878,7835,0.176452
ap,main,M-nasal/Hi-s/Hf-slot/G-degem,44403,1,4792,0.107923,4792,0.107923,7839,0.176542
ap,main,M-nasal/Hi-s/Hf-s/G-keep,44403,1,7578,0.170668,7578,0.170668,10498,0.236425
ap,main,M-nasal/Hi-s/Hf-s/G-degem,44403,1,7580,0.170713,7580,0.170713,10502,0.236516
ap,main,M-nasal/Hi-s/Hf-drop/G-keep,44403,1,4729,0.106504,4729,0.106504,7748,0.174493
ap,main,M-nasal/Hi-s/Hf-drop/G-degem,44403,1,4731,0.106549,4731,0.106549,7752,0.174583
ap,main,M-nasal_m/Hi-pos/Hf-slot/G-keep,44403,1,4824,0.108644,4824,0.108644,8382,0.188771
ap,main,M-nasal_m/Hi-pos/Hf-slot/G-degem,44403,1,4826,0.108689,4826,0.108689,8386,0.188861
ap,main,M-nasal_m/Hi-pos/Hf-s/G-keep,44403,1,7628,0.171794,7628,0.171794,11032,0.248452
ap,main,M-nasal_m/Hi-pos/Hf-s/G-degem,44403,1,7630,0.171839,7630,0.171839,11036,0.248542
ap,main,M-nasal_m/Hi-pos/Hf-drop/G-keep,44403,1,4777,0.107585,4777,0.107585,8327,0.187532
ap,main,M-nasal_m/Hi-pos/Hf-drop/G-degem,44403,1,4779,0.10763,4779,0.10763,8331,0.187622
ap,main,M-nasal_m/Hi-sib/Hf-slot/G-keep,44403,1,4830,0.108779,4830,0.108779,8420,0.189627
ap,main,M-nasal_m/Hi-sib/Hf-slot/G-degem,44403,1,4832,0.108824,4832,0.108824,8424,0.189717
ap,main,M-nasal_m/Hi-sib/Hf-s/G-keep,44403,1,7634,0.171929,7634,0.171929,11069,0.249285
ap,main,M-nasal_m/Hi-sib/Hf-s/G-degem,44403,1,7636,0.171974,7636,0.171974,11073,0.249375
ap,main,M-nasal_m/Hi-sib/Hf-drop/G-keep,44403,1,4783,0.10772,4783,0.10772,8365,0.188388
ap,main,M-nasal_m/Hi-sib/Hf-drop/G-degem,44403,1,4785,0.107765,4785,0.107765,8369,0.188478
ap,main,M-nasal_m/Hi-s/Hf-slot/G-keep,44403,1,4834,0.108869,4834,0.108869,8438,0.190032
ap,main,M-nasal_m/Hi-s/Hf-slot/G-degem,44403,1,4836,0.108914,4836,0.108914,8442,0.190122
ap,main,M-nasal_m/Hi-s/Hf-s/G-keep,44403,1,7636,0.171974,7636,0.171974,11085,0.249645
ap,main,M-nasal_m/Hi-s/Hf-s/G-degem,44403,1,7638,0.172019,7638,0.172019,11089,0.249735
ap,main,M-nasal_m/Hi-s/Hf-drop/G-keep,44403,1,4787,0.10781,4787,0.10781,8383,0.188794
ap,main,M-nasal_m/Hi-s/Hf-drop/G-degem,44403,1,4789,0.107856,4789,0.107856,8387,0.188884
ap,main,M-m/Hi-pos/Hf-slot/G-keep,44403,1,4870,0.10968,4870,0.10968,8808,0.198365
ap,main,M-m/Hi-pos/Hf-slot/G-degem,44403,1,4872,0.109725,4872,0.109725,8812,0.198455
ap,main,M-m/Hi-pos/Hf-s/G-keep,44403,1,7672,0.172785,7672,0.172785,11430,0.257415
ap,main,M-m/Hi-pos/Hf-s/G-degem,44403,1,7674,0.17283,7674,0.17283,11434,0.257505
ap,main,M-m/Hi-pos/Hf-drop/G-keep,44403,1,4823,0.108621,4823,0.108621,8753,0.197126
ap,main,M-m/Hi-pos/Hf-drop/G-degem,44403,1,4825,0.108666,4825,0.108666,8757,0.197216
ap,main,M-m/Hi-sib/Hf-slot/G-keep,44403,1,4876,0.109815,4876,0.109815,8845,0.199198
ap,main,M-m/Hi-sib/Hf-slot/G-degem,44403,1,4878,0.10986,4878,0.10986,8849,0.199288
ap,main,M-m/Hi-sib/Hf-s/G-keep,44403,1,7678,0.17292,7678,0.17292,11466,0.258226
ap,main,M-m/Hi-sib/Hf-s/G-degem,44403,1,7680,0.172965,7680,0.172965,11470,0.258316
ap,main,M-m/Hi-sib/Hf-drop/G-keep,44403,1,4829,0.108756,4829,0.108756,8790,0.19796
ap,main,M-m/Hi-sib/Hf-drop/G-degem,44403,1,4831,0.108801,4831,0.108801,8794,0.19805
ap,main,M-m/Hi-s/Hf-slot/G-keep,44403,1,4880,0.109905,4880,0.109905,8863,0.199604
ap,main,M-m/Hi-s/Hf-slot/G-degem,44403,1,4882,0.10995,4882,0.10995,8867,0.199694
ap,main,M-m/Hi-s/Hf-s/G-keep,44403,1,7680,0.172965,7680,0.172965,11482,0.258586
ap,main,M-m/Hi-s/Hf-s/G-degem,44403,1,7682,0.17301,7682,0.17301,11486,0.258676
ap,main,M-m/Hi-s/Hf-drop/G-keep,44403,1,4833,0.108846,4833,0.108846,8808,0.198365
ap,main,M-m/Hi-s/Hf-drop/G-degem,44403,1,4835,0.108891,4835,0.108891,8812,0.198455
ap,main,ascii,44403,21,15154,0.341291,15134,0.340994,38090,0.857825
ap,main,roman,44403,994,13597,0.306225,12604,0.290355,22101,0.497737
ap,heads,M-pos/Hi-pos/Hf-slot/G-keep,29128,1,2847,0.097744,2847,0.097744,5221,0.179243
ap,heads,M-pos/Hi-pos/Hf-slot/G-degem,29128,1,2849,0.097813,2849,0.097813,5225,0.179381
ap,heads,M-pos/Hi-pos/Hf-s/G-keep,29128,1,4211,0.144574,4211,0.144574,6317,0.21687
ap,heads,M-pos/Hi-pos/Hf-s/G-degem,29128,1,4213,0.144642,4213,0.144642,6321,0.217008
ap,heads,M-pos/Hi-pos/Hf-drop/G-keep,29128,1,2806,0.096337,2806,0.096337,5174,0.17763
ap,heads,M-pos/Hi-pos/Hf-drop/G-degem,29128,1,2808,0.096405,2808,0.096405,5178,0.177767
ap,heads,M-pos/Hi-sib/Hf-slot/G-keep,29128,1,2852,0.097916,2852,0.097916,5251,0.180273
ap,heads,M-pos/Hi-sib/Hf-slot/G-degem,29128,1,2854,0.097985,2854,0.097985,5255,0.180411
ap,heads,M-pos/Hi-sib/Hf-s/G-keep,29128,1,4216,0.144745,4216,0.144745,6346,0.217866
ap,heads,M-pos/Hi-sib/Hf-s/G-degem,29128,1,4218,0.144814,4218,0.144814,6350,0.218003
ap,heads,M-pos/Hi-sib/Hf-drop/G-keep,29128,1,2811,0.096508,2811,0.096508,5204,0.17866
ap,heads,M-pos/Hi-sib/Hf-drop/G-degem,29128,1,2813,0.096577,2813,0.096577,5208,0.178797
ap,heads,M-pos/Hi-s/Hf-slot/G-keep,29128,1,2857,0.098088,2857,0.098088,5261,0.180617
ap,heads,M-pos/Hi-s/Hf-slot/G-degem,29128,1,2859,0.098156,2859,0.098156,5265,0.180754
ap,heads,M-pos/Hi-s/Hf-s/G-keep,29128,1,4221,0.144917,4221,0.144917,6356,0.218209
ap,heads,M-pos/Hi-s/Hf-s/G-degem,29128,1,4223,0.144986,4223,0.144986,6360,0.218347
ap,heads,M-pos/Hi-s/Hf-drop/G-keep,29128,1,2816,0.09668,2816,0.09668,5214,0.179003
ap,heads,M-pos/Hi-s/Hf-drop/G-degem,29128,1,2818,0.096749,2818,0.096749,5218,0.17914
ap,heads,M-nasal/Hi-pos/Hf-slot/G-keep,29128,1,2748,0.094345,2748,0.094345,4638,0.159228
ap,heads,M-nasal/Hi-pos/Hf-slot/G-degem,29128,1,2750,0.094414,2750,0.094414,4642,0.159366
ap,heads,M-nasal/Hi-pos/Hf-s/G-keep,29128,1,4132,0.141862,4132,0.141862,5777,0.198332
ap,heads,M-nasal/Hi-pos/Hf-s/G-degem,29128,1,4134,0.14193,4134,0.14193,5781,0.198469
ap,heads,M-nasal/Hi-pos/Hf-drop/G-keep,29128,1,2725,0.093556,2725,0.093556,4609,0.158233
ap,heads,M-nasal/Hi-pos/Hf-drop/G-degem,29128,1,2727,0.093624,2727,0.093624,4613,0.15837
ap,heads,M-nasal/Hi-sib/Hf-slot/G-keep,29128,1,2753,0.094517,2753,0.094517,4670,0.160327
ap,heads,M-nasal/Hi-sib/Hf-slot/G-degem,29128,1,2755,0.094586,2755,0.094586,4674,0.160464
ap,heads,M-nasal/Hi-sib/Hf-s/G-keep,29128,1,4137,0.142033,4137,0.142033,5808,0.199396
ap,heads,M-nasal/Hi-sib/Hf-s/G-degem,29128,1,4139,0.142102,4139,0.142102,5812,0.199533
ap,heads,M-nasal/Hi-sib/Hf-drop/G-keep,29128,1,2730,0.093727,2730,0.093727,4641,0.159331
ap,heads,M-nasal/Hi-sib/Hf-drop/G-degem,29128,1,2732,0.093796,2732,0.093796,4645,0.159469
ap,heads,M-nasal/Hi-s/Hf-slot/G-keep,29128,1,2758,0.094689,2758,0.094689,4680,0.16067
ap,heads,M-nasal/Hi-s/Hf-slot/G-degem,29128,1,2760,0.094757,2760,0.094757,4684,0.160807
ap,heads,M-nasal/Hi-s/Hf-s/G-keep,29128,1,4142,0.142205,4142,0.142205,5818,0.199739
ap,heads,M-nasal/Hi-s/Hf-s/G-degem,29128,1,4144,0.142273,4144,0.142273,5822,0.199876
ap,heads,M-nasal/Hi-s/Hf-drop/G-keep,29128,1,2735,0.093899,2735,0.093899,4651,0.159675
ap,heads,M-nasal/Hi-s/Hf-drop/G-degem,29128,1,2737,0.093968,2737,0.093968,4655,0.159812
ap,heads,M-nasal_m/Hi-pos/Hf-slot/G-keep,29128,1,2796,0.095993,2796,0.095993,5052,0.173441
ap,heads,M-nasal_m/Hi-pos/Hf-slot/G-degem,29128,1,2798,0.096062,2798,0.096062,5056,0.173579
ap,heads,M-nasal_m/Hi-pos/Hf-s/G-keep,29128,1,4193,0.143956,4193,0.143956,6188,0.212442
ap,heads,M-nasal_m/Hi-pos/Hf-s/G-degem,29128,1,4195,0.144024,4195,0.144024,6192,0.212579
ap,heads,M-nasal_m/Hi-pos/Hf-drop/G-keep,29128,1,2786,0.09565,2786,0.09565,5041,0.173064
ap,heads,M-nasal_m/Hi-pos/Hf-drop/G-degem,29128,1,2788,0.095719,2788,0.095719,5045,0.173201
ap,heads,M-nasal_m/Hi-sib/Hf-slot/G-keep,29128,1,2801,0.096165,2801,0.096165,5083,0.174506
ap,heads,M-nasal_m/Hi-sib/Hf-slot/G-degem,29128,1,2803,0.096234,2803,0.096234,5087,0.174643
ap,heads,M-nasal_m/Hi-sib/Hf-s/G-keep,29128,1,4198,0.144127,4198,0.144127,6218,0.213472
ap,heads,M-nasal_m/Hi-sib/Hf-s/G-degem,29128,1,4200,0.144196,4200,0.144196,6222,0.213609
ap,heads,M-nasal_m/Hi-sib/Hf-drop/G-keep,29128,1,2791,0.095822,2791,0.095822,5072,0.174128
ap,heads,M-nasal_m/Hi-sib/Hf-drop/G-degem,29128,1,2793,0.09589,2793,0.09589,5076,0.174265
ap,heads,M-nasal_m/Hi-s/Hf-slot/G-keep,29128,1,2805,0.096302,2805,0.096302,5093,0.174849
ap,heads,M-nasal_m/Hi-s/Hf-slot/G-degem,29128,1,2807,0.096371,2807,0.096371,5097,0.174986
ap,heads,M-nasal_m/Hi-s/Hf-s/G-keep,29128,1,4202,0.144265,4202,0.144265,6228,0.213815
ap,heads,M-nasal_m/Hi-s/Hf-s/G-degem,29128,1,4204,0.144333,4204,0.144333,6232,0.213952
ap,heads,M-nasal_m/Hi-s/Hf-drop/G-keep,29128,1,2795,0.095959,2795,0.095959,5082,0.174471
ap,heads,M-nasal_m/Hi-s/Hf-drop/G-degem,29128,1,2797,0.096028,2797,0.096028,5086,0.174609
ap,heads,M-m/Hi-pos/Hf-slot/G-keep,29128,1,2850,0.097847,2850,0.097847,5386,0.184908
ap,heads,M-m/Hi-pos/Hf-slot/G-degem,29128,1,2852,0.097916,2852,0.097916,5390,0.185045
ap,heads,M-m/Hi-pos/Hf-s/G-keep,29128,1,4246,0.145775,4246,0.145775,6503,0.223256
ap,heads,M-m/Hi-pos/Hf-s/G-degem,29128,1,4248,0.145844,4248,0.145844,6507,0.223393
ap,heads,M-m/Hi-pos/Hf-drop/G-keep,29128,1,2840,0.097504,2840,0.097504,5375,0.18453
ap,heads,M-m/Hi-pos/Hf-drop/G-degem,29128,1,2842,0.097573,2842,0.097573,5379,0.184668
ap,heads,M-m/Hi-sib/Hf-slot/G-keep,29128,1,2855,0.098019,2855,0.098019,5416,0.185938
ap,heads,M-m/Hi-sib/Hf-slot/G-degem,29128,1,2857,0.098088,2857,0.098088,5420,0.186075
ap,heads,M-m/Hi-sib/Hf-s/G-keep,29128,1,4251,0.145947,4251,0.145947,6532,0.224252
ap,heads,M-m/Hi-sib/Hf-s/G-degem,29128,1,4253,0.146016,4253,0.146016,6536,0.224389
ap,heads,M-m/Hi-sib/Hf-drop/G-keep,29128,1,2845,0.097676,2845,0.097676,5405,0.18556
ap,heads,M-m/Hi-sib/Hf-drop/G-degem,29128,1,2847,0.097744,2847,0.097744,5409,0.185698
ap,heads,M-m/Hi-s/Hf-slot/G-keep,29128,1,2859,0.098156,2859,0.098156,5426,0.186281
ap,heads,M-m/Hi-s/Hf-slot/G-degem,29128,1,2861,0.098225,2861,0.098225,5430,0.186419
ap,heads,M-m/Hi-s/Hf-s/G-keep,29128,1,4255,0.146084,4255,0.146084,6542,0.224595
ap,heads,M-m/Hi-s/Hf-s/G-degem,29128,1,4257,0.146153,4257,0.146153,6546,0.224732
ap,heads,M-m/Hi-s/Hf-drop/G-keep,29128,1,2849,0.097813,2849,0.097813,5415,0.185904
ap,heads,M-m/Hi-s/Hf-drop/G-degem,29128,1,2851,0.097882,2851,0.097882,5419,0.186041
ap,heads,ascii,29128,21,10921,0.374944,10901,0.374515,24672,0.84702
ap,heads,roman,29128,643,9984,0.342775,9342,0.327962,15682,0.538382
ap,heads_nest,M-pos/Hi-pos/Hf-slot/G-keep,27212,1,2350,0.086362,2350,0.086362,4141,0.152176
ap,heads_nest,M-pos/Hi-pos/Hf-slot/G-degem,27212,1,2352,0.086436,2352,0.086436,4145,0.152323
ap,heads_nest,M-pos/Hi-pos/Hf-s/G-keep,27212,1,3521,0.129396,3521,0.129396,5164,0.189769
ap,heads_nest,M-pos/Hi-pos/Hf-s/G-degem,27212,1,3523,0.12947,3523,0.12947,5168,0.189916
ap,heads_nest,M-pos/Hi-pos/Hf-drop/G-keep,27212,1,2309,0.084855,2309,0.084855,4094,0.150448
ap,heads_nest,M-pos/Hi-pos/Hf-drop/G-degem,27212,1,2311,0.084929,2311,0.084929,4098,0.150595
ap,heads_nest,M-pos/Hi-sib/Hf-slot/G-keep,27212,1,2354,0.086509,2354,0.086509,4167,0.153131
ap,heads_nest,M-pos/Hi-sib/Hf-slot/G-degem,27212,1,2356,0.086583,2356,0.086583,4171,0.153278
ap,heads_nest,M-pos/Hi-sib/Hf-s/G-keep,27212,1,3525,0.129543,3525,0.129543,5190,0.190725
ap,heads_nest,M-pos/Hi-sib/Hf-s/G-degem,27212,1,3527,0.129617,3527,0.129617,5194,0.190872
ap,heads_nest,M-pos/Hi-sib/Hf-drop/G-keep,27212,1,2313,0.085002,2313,0.085002,4120,0.151404
ap,heads_nest,M-pos/Hi-sib/Hf-drop/G-degem,27212,1,2315,0.085076,2315,0.085076,4124,0.151551
ap,heads_nest,M-pos/Hi-s/Hf-slot/G-keep,27212,1,2359,0.086693,2359,0.086693,4177,0.153498
ap,heads_nest,M-pos/Hi-s/Hf-slot/G-degem,27212,1,2361,0.086766,2361,0.086766,4181,0.153645
ap,heads_nest,M-pos/Hi-s/Hf-s/G-keep,27212,1,3530,0.129727,3530,0.129727,5200,0.191092
ap,heads_nest,M-pos/Hi-s/Hf-s/G-degem,27212,1,3532,0.1298,3532,0.1298,5204,0.191239
ap,heads_nest,M-pos/Hi-s/Hf-drop/G-keep,27212,1,2318,0.085186,2318,0.085186,4130,0.151771
ap,heads_nest,M-pos/Hi-s/Hf-drop/G-degem,27212,1,2320,0.08526,2320,0.08526,4134,0.151918
ap,heads_nest,M-nasal/Hi-pos/Hf-slot/G-keep,27212,1,2252,0.082761,2252,0.082761,3588,0.131854
ap,heads_nest,M-nasal/Hi-pos/Hf-slot/G-degem,27212,1,2254,0.082834,2254,0.082834,3592,0.132001
ap,heads_nest,M-nasal/Hi-pos/Hf-s/G-keep,27212,1,3443,0.12653,3443,0.12653,4650,0.17088
ap,heads_nest,M-nasal/Hi-pos/Hf-s/G-degem,27212,1,3445,0.126603,3445,0.126603,4654,0.171027
ap,heads_nest,M-nasal/Hi-pos/Hf-drop/G-keep,27212,1,2229,0.081915,2229,0.081915,3559,0.130788
ap,heads_nest,M-nasal/Hi-pos/Hf-drop/G-degem,27212,1,2231,0.081989,2231,0.081989,3563,0.130935
ap,heads_nest,M-nasal/Hi-sib/Hf-slot/G-keep,27212,1,2256,0.082908,2256,0.082908,3616,0.132883
ap,heads_nest,M-nasal/Hi-sib/Hf-slot/G-degem,27212,1,2258,0.082981,2258,0.082981,3620,0.13303
ap,heads_nest,M-nasal/Hi-sib/Hf-s/G-keep,27212,1,3447,0.126677,3447,0.126677,4678,0.171909
ap,heads_nest,M-nasal/Hi-sib/Hf-s/G-degem,27212,1,3449,0.12675,3449,0.12675,4682,0.172056
ap,heads_nest,M-nasal/Hi-sib/Hf-drop/G-keep,27212,1,2233,0.082062,2233,0.082062,3587,0.131817
ap,heads_nest,M-nasal/Hi-sib/Hf-drop/G-degem,27212,1,2235,0.082136,2235,0.082136,3591,0.131964
ap,heads_nest,M-nasal/Hi-s/Hf-slot/G-keep,27212,1,2261,0.083091,2261,0.083091,3626,0.13325
ap,heads_nest,M-nasal/Hi-s/Hf-slot/G-degem,27212,1,2263,0.083165,2263,0.083165,3630,0.133397
ap,heads_nest,M-nasal/Hi-s/Hf-s/G-keep,27212,1,3452,0.12686,3452,0.12686,4688,0.172277
ap,heads_nest,M-nasal/Hi-s/Hf-s/G-degem,27212,1,3454,0.126934,3454,0.126934,4692,0.172424
ap,heads_nest,M-nasal/Hi-s/Hf-drop/G-keep,27212,1,2238,0.082246,2238,0.082246,3597,0.132184
ap,heads_nest,M-nasal/Hi-s/Hf-drop/G-degem,27212,1,2240,0.08232,2240,0.08232,3601,0.132331
ap,heads_nest,M-nasal_m/Hi-pos/Hf-slot/G-keep,27212,1,2300,0.084525,2300,0.084525,3971,0.145928
ap,heads_nest,M-nasal_m/Hi-pos/Hf-slot/G-degem,27212,1,2302,0.084598,2302,0.084598,3975,0.146075
ap,heads_nest,M-nasal_m/Hi-pos/Hf-s/G-keep,27212,1,3504,0.128771,3504,0.128771,5035,0.185029
ap,heads_nest,M-nasal_m/Hi-pos/Hf-s/G-degem,27212,1,3506,0.128845,3506,0.128845,5039,0.185176
ap,heads_nest,M-nasal_m/Hi-pos/Hf-drop/G-keep,27212,1,2290,0.084157,2290,0.084157,3960,0.145524
ap,heads_nest,M-nasal_m/Hi-pos/Hf-drop/G-degem,27212,1,2292,0.084231,2292,0.084231,3964,0.145671
ap,heads_nest,M-nasal_m/Hi-sib/Hf-slot/G-keep,27212,1,2304,0.084672,2304,0.084672,3998,0.14692
ap,heads_nest,M-nasal_m/Hi-sib/Hf-slot/G-degem,27212,1,2306,0.084745,2306,0.084745,4002,0.147067
ap,heads_nest,M-nasal_m/Hi-sib/Hf-s/G-keep,27212,1,3508,0.128918,3508,0.128918,5062,0.186021
ap,heads_nest,M-nasal_m/Hi-sib/Hf-s/G-degem,27212,1,3510,0.128992,3510,0.128992,5066,0.186168
ap,heads_nest,M-nasal_m/Hi-sib/Hf-drop/G-keep,27212,1,2294,0.084304,2294,0.084304,3987,0.146516
ap,heads_nest,M-nasal_m/Hi-sib/Hf-drop/G-degem,27212,1,2296,0.084378,2296,0.084378,3991,0.146663
ap,heads_nest,M-nasal_m/Hi-s/Hf-slot/G-keep,27212,1,2308,0.084819,2308,0.084819,4008,0.147288
ap,heads_nest,M-nasal_m/Hi-s/Hf-slot/G-degem,27212,1,2310,0.084892,2310,0.084892,4012,0.147435
ap,heads_nest,M-nasal_m/Hi-s/Hf-s/G-keep,27212,1,3512,0.129065,3512,0.129065,5072,0.186388
ap,heads_nest,M-nasal_m/Hi-s/Hf-s/G-degem,27212,1,3514,0.129139,3514,0.129139,5076,0.186535
ap,heads_nest,M-nasal_m/Hi-s/Hf-drop/G-keep,27212,1,2298,0.084451,2298,0.084451,3997,0.146884
ap,heads_nest,M-nasal_m/Hi-s/Hf-drop/G-degem,27212,1,2300,0.084525,2300,0.084525,4001,0.147031
ap,heads_nest,M-m/Hi-pos/Hf-slot/G-keep,27212,1,2354,0.086509,2354,0.086509,4280,0.157284
ap,heads_nest,M-m/Hi-pos/Hf-slot/G-degem,27212,1,2356,0.086583,2356,0.086583,4284,0.157431
ap,heads_nest,M-m/Hi-pos/Hf-s/G-keep,27212,1,3557,0.130719,3557,0.130719,5329,0.195833
ap,heads_nest,M-m/Hi-pos/Hf-s/G-degem,27212,1,3559,0.130793,3559,0.130793,5333,0.19598
ap,heads_nest,M-m/Hi-pos/Hf-drop/G-keep,27212,1,2344,0.086142,2344,0.086142,4269,0.156879
ap,heads_nest,M-m/Hi-pos/Hf-drop/G-degem,27212,1,2346,0.086215,2346,0.086215,4273,0.157026
ap,heads_nest,M-m/Hi-sib/Hf-slot/G-keep,27212,1,2358,0.086656,2358,0.086656,4306,0.158239
ap,heads_nest,M-m/Hi-sib/Hf-slot/G-degem,27212,1,2360,0.08673,2360,0.08673,4310,0.158386
ap,heads_nest,M-m/Hi-sib/Hf-s/G-keep,27212,1,3561,0.130866,3561,0.130866,5355,0.196788
ap,heads_nest,M-m/Hi-sib/Hf-s/G-degem,27212,1,3563,0.13094,3563,0.13094,5359,0.196935
ap,heads_nest,M-m/Hi-sib/Hf-drop/G-keep,27212,1,2348,0.086289,2348,0.086289,4295,0.157835
ap,heads_nest,M-m/Hi-sib/Hf-drop/G-degem,27212,1,2350,0.086362,2350,0.086362,4299,0.157982
ap,heads_nest,M-m/Hi-s/Hf-slot/G-keep,27212,1,2362,0.086803,2362,0.086803,4316,0.158606
ap,heads_nest,M-m/Hi-s/Hf-slot/G-degem,27212,1,2364,0.086877,2364,0.086877,4320,0.158753
ap,heads_nest,M-m/Hi-s/Hf-s/G-keep,27212,1,3565,0.131013,3565,0.131013,5365,0.197156
ap,heads_nest,M-m/Hi-s/Hf-s/G-degem,27212,1,3567,0.131087,3567,0.131087,5369,0.197303
ap,heads_nest,M-m/Hi-s/Hf-drop/G-keep,27212,1,2352,0.086436,2352,0.086436,4305,0.158202
ap,heads_nest,M-m/Hi-s/Hf-drop/G-degem,27212,1,2354,0.086509,2354,0.086509,4309,0.158349
ap,heads_nest,ascii,27212,21,10170,0.373746,10150,0.373285,22942,0.843084
ap,heads_nest,roman,27212,632,9434,0.346698,8803,0.331189,14586,0.536014
wil,all,M-pos/Hi-pos/Hf-slot/G-keep,43963,1,752,0.017106,752,0.017106,866,0.019698
wil,all,M-pos/Hi-pos/Hf-slot/G-degem,43963,1,726,0.016514,726,0.016514,801,0.01822
wil,all,M-pos/Hi-pos/Hf-s/G-keep,43963,1,753,0.017128,753,0.017128,867,0.019721
wil,all,M-pos/Hi-pos/Hf-s/G-degem,43963,1,727,0.016537,727,0.016537,802,0.018243
wil,all,M-pos/Hi-pos/Hf-drop/G-keep,43963,1,752,0.017106,752,0.017106,866,0.019698
wil,all,M-pos/Hi-pos/Hf-drop/G-degem,43963,1,726,0.016514,726,0.016514,801,0.01822
wil,all,M-pos/Hi-sib/Hf-slot/G-keep,43963,1,782,0.017788,782,0.017788,971,0.022087
wil,all,M-pos/Hi-sib/Hf-slot/G-degem,43963,1,756,0.017197,756,0.017197,906,0.020608
wil,all,M-pos/Hi-sib/Hf-s/G-keep,43963,1,783,0.017811,783,0.017811,972,0.02211
wil,all,M-pos/Hi-sib/Hf-s/G-degem,43963,1,757,0.017219,757,0.017219,907,0.020631
wil,all,M-pos/Hi-sib/Hf-drop/G-keep,43963,1,782,0.017788,782,0.017788,971,0.022087
wil,all,M-pos/Hi-sib/Hf-drop/G-degem,43963,1,756,0.017197,756,0.017197,906,0.020608
wil,all,M-pos/Hi-s/Hf-slot/G-keep,43963,1,790,0.01797,790,0.01797,1043,0.023724
wil,all,M-pos/Hi-s/Hf-slot/G-degem,43963,1,764,0.017379,764,0.017379,978,0.022246
wil,all,M-pos/Hi-s/Hf-s/G-keep,43963,1,790,0.01797,790,0.01797,1044,0.023747
wil,all,M-pos/Hi-s/Hf-s/G-degem,43963,1,764,0.017379,764,0.017379,979,0.022269
wil,all,M-pos/Hi-s/Hf-drop/G-keep,43963,1,790,0.01797,790,0.01797,1043,0.023724
wil,all,M-pos/Hi-s/Hf-drop/G-degem,43963,1,764,0.017379,764,0.017379,978,0.022246
wil,all,M-nasal/Hi-pos/Hf-slot/G-keep,43963,1,755,0.017174,755,0.017174,871,0.019812
wil,all,M-nasal/Hi-pos/Hf-slot/G-degem,43963,1,729,0.016583,729,0.016583,806,0.018334
wil,all,M-nasal/Hi-pos/Hf-s/G-keep,43963,1,756,0.017197,756,0.017197,872,0.019835
wil,all,M-nasal/Hi-pos/Hf-s/G-degem,43963,1,730,0.016605,730,0.016605,807,0.018356
wil,all,M-nasal/Hi-pos/Hf-drop/G-keep,43963,1,755,0.017174,755,0.017174,871,0.019812
wil,all,M-nasal/Hi-pos/Hf-drop/G-degem,43963,1,729,0.016583,729,0.016583,806,0.018334
wil,all,M-nasal/Hi-sib/Hf-slot/G-keep,43963,1,785,0.017856,785,0.017856,977,0.022223
wil,all,M-nasal/Hi-sib/Hf-slot/G-degem,43963,1,759,0.017265,759,0.017265,912,0.020745
wil,all,M-nasal/Hi-sib/Hf-s/G-keep,43963,1,786,0.017879,786,0.017879,978,0.022246
wil,all,M-nasal/Hi-sib/Hf-s/G-degem,43963,1,760,0.017288,760,0.017288,913,0.020767
wil,all,M-nasal/Hi-sib/Hf-drop/G-keep,43963,1,785,0.017856,785,0.017856,977,0.022223
wil,all,M-nasal/Hi-sib/Hf-drop/G-degem,43963,1,759,0.017265,759,0.017265,912,0.020745
wil,all,M-nasal/Hi-s/Hf-slot/G-keep,43963,1,793,0.018038,793,0.018038,1049,0.023861
wil,all,M-nasal/Hi-s/Hf-slot/G-degem,43963,1,767,0.017447,767,0.017447,984,0.022382
wil,all,M-nasal/Hi-s/Hf-s/G-keep,43963,1,793,0.018038,793,0.018038,1050,0.023884
wil,all,M-nasal/Hi-s/Hf-s/G-degem,43963,1,767,0.017447,767,0.017447,985,0.022405
wil,all,M-nasal/Hi-s/Hf-drop/G-keep,43963,1,793,0.018038,793,0.018038,1049,0.023861
wil,all,M-nasal/Hi-s/Hf-drop/G-degem,43963,1,767,0.017447,767,0.017447,984,0.022382
wil,all,M-nasal_m/Hi-pos/Hf-slot/G-keep,43963,1,887,0.020177,887,0.020177,1513,0.034415
wil,all,M-nasal_m/Hi-pos/Hf-slot/G-degem,43963,1,861,0.019585,861,0.019585,1448,0.032937
wil,all,M-nasal_m/Hi-pos/Hf-s/G-keep,43963,1,888,0.020199,888,0.020199,1514,0.034438
wil,all,M-nasal_m/Hi-pos/Hf-s/G-degem,43963,1,862,0.019608,862,0.019608,1449,0.03296
wil,all,M-nasal_m/Hi-pos/Hf-drop/G-keep,43963,1,887,0.020177,887,0.020177,1513,0.034415
wil,all,M-nasal_m/Hi-pos/Hf-drop/G-degem,43963,1,861,0.019585,861,0.019585,1448,0.032937
wil,all,M-nasal_m/Hi-sib/Hf-slot/G-keep,43963,1,917,0.020859,917,0.020859,1618,0.036804
wil,all,M-nasal_m/Hi-sib/Hf-slot/G-degem,43963,1,891,0.020268,891,0.020268,1553,0.035325
wil,all,M-nasal_m/Hi-sib/Hf-s/G-keep,43963,1,918,0.020882,918,0.020882,1619,0.036826
wil,all,M-nasal_m/Hi-sib/Hf-s/G-degem,43963,1,892,0.02029,892,0.02029,1554,0.035348
wil,all,M-nasal_m/Hi-sib/Hf-drop/G-keep,43963,1,917,0.020859,917,0.020859,1618,0.036804
wil,all,M-nasal_m/Hi-sib/Hf-drop/G-degem,43963,1,891,0.020268,891,0.020268,1553,0.035325
wil,all,M-nasal_m/Hi-s/Hf-slot/G-keep,43963,1,924,0.021018,924,0.021018,1691,0.038464
wil,all,M-nasal_m/Hi-s/Hf-slot/G-degem,43963,1,898,0.020427,898,0.020427,1626,0.036986
wil,all,M-nasal_m/Hi-s/Hf-s/G-keep,43963,1,924,0.021018,924,0.021018,1692,0.038487
wil,all,M-nasal_m/Hi-s/Hf-s/G-degem,43963,1,898,0.020427,898,0.020427,1627,0.037008
wil,all,M-nasal_m/Hi-s/Hf-drop/G-keep,43963,1,924,0.021018,924,0.021018,1691,0.038464
wil,all,M-nasal_m/Hi-s/Hf-drop/G-degem,43963,1,898,0.020427,898,0.020427,1626,0.036986
wil,all,M-m/Hi-pos/Hf-slot/G-keep,43963,1,893,0.020313,893,0.020313,1523,0.034643
wil,all,M-m/Hi-pos/Hf-slot/G-degem,43963,1,867,0.019722,867,0.019722,1458,0.033164
wil,all,M-m/Hi-pos/Hf-s/G-keep,43963,1,894,0.020336,894,0.020336,1524,0.034666
wil,all,M-m/Hi-pos/Hf-s/G-degem,43963,1,868,0.019744,868,0.019744,1459,0.033187
wil,all,M-m/Hi-pos/Hf-drop/G-keep,43963,1,893,0.020313,893,0.020313,1523,0.034643
wil,all,M-m/Hi-pos/Hf-drop/G-degem,43963,1,867,0.019722,867,0.019722,1458,0.033164
wil,all,M-m/Hi-sib/Hf-slot/G-keep,43963,1,923,0.020995,923,0.020995,1626,0.036986
wil,all,M-m/Hi-sib/Hf-slot/G-degem,43963,1,897,0.020404,897,0.020404,1561,0.035507
wil,all,M-m/Hi-sib/Hf-s/G-keep,43963,1,924,0.021018,924,0.021018,1627,0.037008
wil,all,M-m/Hi-sib/Hf-s/G-degem,43963,1,898,0.020427,898,0.020427,1562,0.03553
wil,all,M-m/Hi-sib/Hf-drop/G-keep,43963,1,923,0.020995,923,0.020995,1626,0.036986
wil,all,M-m/Hi-sib/Hf-drop/G-degem,43963,1,897,0.020404,897,0.020404,1561,0.035507
wil,all,M-m/Hi-s/Hf-slot/G-keep,43963,1,930,0.021155,930,0.021155,1699,0.038646
wil,all,M-m/Hi-s/Hf-slot/G-degem,43963,1,904,0.020563,904,0.020563,1634,0.037168
wil,all,M-m/Hi-s/Hf-s/G-keep,43963,1,930,0.021155,930,0.021155,1700,0.038669
wil,all,M-m/Hi-s/Hf-s/G-degem,43963,1,904,0.020563,904,0.020563,1635,0.03719
wil,all,M-m/Hi-s/Hf-drop/G-keep,43963,1,930,0.021155,930,0.021155,1699,0.038646
wil,all,M-m/Hi-s/Hf-drop/G-degem,43963,1,904,0.020563,904,0.020563,1634,0.037168
wil,all,ascii,43963,21,16392,0.372867,16372,0.372582,37675,0.856971
wil,all,roman,43963,945,14260,0.324371,13316,0.309545,21949,0.499261
wil,print,M-pos/Hi-pos/Hf-slot/G-keep,43963,1,752,0.017106,752,0.017106,866,0.019698
wil,print,M-pos/Hi-pos/Hf-slot/G-degem,43963,1,726,0.016514,726,0.016514,801,0.01822
wil,print,M-pos/Hi-pos/Hf-s/G-keep,43963,1,753,0.017128,753,0.017128,867,0.019721
wil,print,M-pos/Hi-pos/Hf-s/G-degem,43963,1,727,0.016537,727,0.016537,802,0.018243
wil,print,M-pos/Hi-pos/Hf-drop/G-keep,43963,1,752,0.017106,752,0.017106,866,0.019698
wil,print,M-pos/Hi-pos/Hf-drop/G-degem,43963,1,726,0.016514,726,0.016514,801,0.01822
wil,print,M-pos/Hi-sib/Hf-slot/G-keep,43963,1,782,0.017788,782,0.017788,971,0.022087
wil,print,M-pos/Hi-sib/Hf-slot/G-degem,43963,1,756,0.017197,756,0.017197,906,0.020608
wil,print,M-pos/Hi-sib/Hf-s/G-keep,43963,1,783,0.017811,783,0.017811,972,0.02211
wil,print,M-pos/Hi-sib/Hf-s/G-degem,43963,1,757,0.017219,757,0.017219,907,0.020631
wil,print,M-pos/Hi-sib/Hf-drop/G-keep,43963,1,782,0.017788,782,0.017788,971,0.022087
wil,print,M-pos/Hi-sib/Hf-drop/G-degem,43963,1,756,0.017197,756,0.017197,906,0.020608
wil,print,M-pos/Hi-s/Hf-slot/G-keep,43963,1,790,0.01797,790,0.01797,1043,0.023724
wil,print,M-pos/Hi-s/Hf-slot/G-degem,43963,1,764,0.017379,764,0.017379,978,0.022246
wil,print,M-pos/Hi-s/Hf-s/G-keep,43963,1,790,0.01797,790,0.01797,1044,0.023747
wil,print,M-pos/Hi-s/Hf-s/G-degem,43963,1,764,0.017379,764,0.017379,979,0.022269
wil,print,M-pos/Hi-s/Hf-drop/G-keep,43963,1,790,0.01797,790,0.01797,1043,0.023724
wil,print,M-pos/Hi-s/Hf-drop/G-degem,43963,1,764,0.017379,764,0.017379,978,0.022246
wil,print,M-nasal/Hi-pos/Hf-slot/G-keep,43963,1,755,0.017174,755,0.017174,871,0.019812
wil,print,M-nasal/Hi-pos/Hf-slot/G-degem,43963,1,729,0.016583,729,0.016583,806,0.018334
wil,print,M-nasal/Hi-pos/Hf-s/G-keep,43963,1,756,0.017197,756,0.017197,872,0.019835
wil,print,M-nasal/Hi-pos/Hf-s/G-degem,43963,1,730,0.016605,730,0.016605,807,0.018356
wil,print,M-nasal/Hi-pos/Hf-drop/G-keep,43963,1,755,0.017174,755,0.017174,871,0.019812
wil,print,M-nasal/Hi-pos/Hf-drop/G-degem,43963,1,729,0.016583,729,0.016583,806,0.018334
wil,print,M-nasal/Hi-sib/Hf-slot/G-keep,43963,1,785,0.017856,785,0.017856,977,0.022223
wil,print,M-nasal/Hi-sib/Hf-slot/G-degem,43963,1,759,0.017265,759,0.017265,912,0.020745
wil,print,M-nasal/Hi-sib/Hf-s/G-keep,43963,1,786,0.017879,786,0.017879,978,0.022246
wil,print,M-nasal/Hi-sib/Hf-s/G-degem,43963,1,760,0.017288,760,0.017288,913,0.020767
wil,print,M-nasal/Hi-sib/Hf-drop/G-keep,43963,1,785,0.017856,785,0.017856,977,0.022223
wil,print,M-nasal/Hi-sib/Hf-drop/G-degem,43963,1,759,0.017265,759,0.017265,912,0.020745
wil,print,M-nasal/Hi-s/Hf-slot/G-keep,43963,1,793,0.018038,793,0.018038,1049,0.023861
wil,print,M-nasal/Hi-s/Hf-slot/G-degem,43963,1,767,0.017447,767,0.017447,984,0.022382
wil,print,M-nasal/Hi-s/Hf-s/G-keep,43963,1,793,0.018038,793,0.018038,1050,0.023884
wil,print,M-nasal/Hi-s/Hf-s/G-degem,43963,1,767,0.017447,767,0.017447,985,0.022405
wil,print,M-nasal/Hi-s/Hf-drop/G-keep,43963,1,793,0.018038,793,0.018038,1049,0.023861
wil,print,M-nasal/Hi-s/Hf-drop/G-degem,43963,1,767,0.017447,767,0.017447,984,0.022382
wil,print,M-nasal_m/Hi-pos/Hf-slot/G-keep,43963,1,887,0.020177,887,0.020177,1513,0.034415
wil,print,M-nasal_m/Hi-pos/Hf-slot/G-degem,43963,1,861,0.019585,861,0.019585,1448,0.032937
wil,print,M-nasal_m/Hi-pos/Hf-s/G-keep,43963,1,888,0.020199,888,0.020199,1514,0.034438
wil,print,M-nasal_m/Hi-pos/Hf-s/G-degem,43963,1,862,0.019608,862,0.019608,1449,0.03296
wil,print,M-nasal_m/Hi-pos/Hf-drop/G-keep,43963,1,887,0.020177,887,0.020177,1513,0.034415
wil,print,M-nasal_m/Hi-pos/Hf-drop/G-degem,43963,1,861,0.019585,861,0.019585,1448,0.032937
wil,print,M-nasal_m/Hi-sib/Hf-slot/G-keep,43963,1,917,0.020859,917,0.020859,1618,0.036804
wil,print,M-nasal_m/Hi-sib/Hf-slot/G-degem,43963,1,891,0.020268,891,0.020268,1553,0.035325
wil,print,M-nasal_m/Hi-sib/Hf-s/G-keep,43963,1,918,0.020882,918,0.020882,1619,0.036826
wil,print,M-nasal_m/Hi-sib/Hf-s/G-degem,43963,1,892,0.02029,892,0.02029,1554,0.035348
wil,print,M-nasal_m/Hi-sib/Hf-drop/G-keep,43963,1,917,0.020859,917,0.020859,1618,0.036804
wil,print,M-nasal_m/Hi-sib/Hf-drop/G-degem,43963,1,891,0.020268,891,0.020268,1553,0.035325
wil,print,M-nasal_m/Hi-s/Hf-slot/G-keep,43963,1,924,0.021018,924,0.021018,1691,0.038464
wil,print,M-nasal_m/Hi-s/Hf-slot/G-degem,43963,1,898,0.020427,898,0.020427,1626,0.036986
wil,print,M-nasal_m/Hi-s/Hf-s/G-keep,43963,1,924,0.021018,924,0.021018,1692,0.038487
wil,print,M-nasal_m/Hi-s/Hf-s/G-degem,43963,1,898,0.020427,898,0.020427,1627,0.037008
wil,print,M-nasal_m/Hi-s/Hf-drop/G-keep,43963,1,924,0.021018,924,0.021018,1691,0.038464
wil,print,M-nasal_m/Hi-s/Hf-drop/G-degem,43963,1,898,0.020427,898,0.020427,1626,0.036986
wil,print,M-m/Hi-pos/Hf-slot/G-keep,43963,1,893,0.020313,893,0.020313,1523,0.034643
wil,print,M-m/Hi-pos/Hf-slot/G-degem,43963,1,867,0.019722,867,0.019722,1458,0.033164
wil,print,M-m/Hi-pos/Hf-s/G-keep,43963,1,894,0.020336,894,0.020336,1524,0.034666
wil,print,M-m/Hi-pos/Hf-s/G-degem,43963,1,868,0.019744,868,0.019744,1459,0.033187
wil,print,M-m/Hi-pos/Hf-drop/G-keep,43963,1,893,0.020313,893,0.020313,1523,0.034643
wil,print,M-m/Hi-pos/Hf-drop/G-degem,43963,1,867,0.019722,867,0.019722,1458,0.033164
wil,print,M-m/Hi-sib/Hf-slot/G-keep,43963,1,923,0.020995,923,0.020995,1626,0.036986
wil,print,M-m/Hi-sib/Hf-slot/G-degem,43963,1,897,0.020404,897,0.020404,1561,0.035507
wil,print,M-m/Hi-sib/Hf-s/G-keep,43963,1,924,0.021018,924,0.021018,1627,0.037008
wil,print,M-m/Hi-sib/Hf-s/G-degem,43963,1,898,0.020427,898,0.020427,1562,0.03553
wil,print,M-m/Hi-sib/Hf-drop/G-keep,43963,1,923,0.020995,923,0.020995,1626,0.036986
wil,print,M-m/Hi-sib/Hf-drop/G-degem,43963,1,897,0.020404,897,0.020404,1561,0.035507
wil,print,M-m/Hi-s/Hf-slot/G-keep,43963,1,930,0.021155,930,0.021155,1699,0.038646
wil,print,M-m/Hi-s/Hf-slot/G-degem,43963,1,904,0.020563,904,0.020563,1634,0.037168
wil,print,M-m/Hi-s/Hf-s/G-keep,43963,1,930,0.021155,930,0.021155,1700,0.038669
wil,print,M-m/Hi-s/Hf-s/G-degem,43963,1,904,0.020563,904,0.020563,1635,0.03719
wil,print,M-m/Hi-s/Hf-drop/G-keep,43963,1,930,0.021155,930,0.021155,1699,0.038646
wil,print,M-m/Hi-s/Hf-drop/G-degem,43963,1,904,0.020563,904,0.020563,1634,0.037168
wil,print,ascii,43963,21,16392,0.372867,16372,0.372582,37675,0.856971
wil,print,roman,43963,945,14260,0.324371,13316,0.309545,21949,0.499261
wil,main,M-pos/Hi-pos/Hf-slot/G-keep,43963,1,752,0.017106,752,0.017106,866,0.019698
wil,main,M-pos/Hi-pos/Hf-slot/G-degem,43963,1,726,0.016514,726,0.016514,801,0.01822
wil,main,M-pos/Hi-pos/Hf-s/G-keep,43963,1,753,0.017128,753,0.017128,867,0.019721
wil,main,M-pos/Hi-pos/Hf-s/G-degem,43963,1,727,0.016537,727,0.016537,802,0.018243
wil,main,M-pos/Hi-pos/Hf-drop/G-keep,43963,1,752,0.017106,752,0.017106,866,0.019698
wil,main,M-pos/Hi-pos/Hf-drop/G-degem,43963,1,726,0.016514,726,0.016514,801,0.01822
wil,main,M-pos/Hi-sib/Hf-slot/G-keep,43963,1,782,0.017788,782,0.017788,971,0.022087
wil,main,M-pos/Hi-sib/Hf-slot/G-degem,43963,1,756,0.017197,756,0.017197,906,0.020608
wil,main,M-pos/Hi-sib/Hf-s/G-keep,43963,1,783,0.017811,783,0.017811,972,0.02211
wil,main,M-pos/Hi-sib/Hf-s/G-degem,43963,1,757,0.017219,757,0.017219,907,0.020631
wil,main,M-pos/Hi-sib/Hf-drop/G-keep,43963,1,782,0.017788,782,0.017788,971,0.022087
wil,main,M-pos/Hi-sib/Hf-drop/G-degem,43963,1,756,0.017197,756,0.017197,906,0.020608
wil,main,M-pos/Hi-s/Hf-slot/G-keep,43963,1,790,0.01797,790,0.01797,1043,0.023724
wil,main,M-pos/Hi-s/Hf-slot/G-degem,43963,1,764,0.017379,764,0.017379,978,0.022246
wil,main,M-pos/Hi-s/Hf-s/G-keep,43963,1,790,0.01797,790,0.01797,1044,0.023747
wil,main,M-pos/Hi-s/Hf-s/G-degem,43963,1,764,0.017379,764,0.017379,979,0.022269
wil,main,M-pos/Hi-s/Hf-drop/G-keep,43963,1,790,0.01797,790,0.01797,1043,0.023724
wil,main,M-pos/Hi-s/Hf-drop/G-degem,43963,1,764,0.017379,764,0.017379,978,0.022246
wil,main,M-nasal/Hi-pos/Hf-slot/G-keep,43963,1,755,0.017174,755,0.017174,871,0.019812
wil,main,M-nasal/Hi-pos/Hf-slot/G-degem,43963,1,729,0.016583,729,0.016583,806,0.018334
wil,main,M-nasal/Hi-pos/Hf-s/G-keep,43963,1,756,0.017197,756,0.017197,872,0.019835
wil,main,M-nasal/Hi-pos/Hf-s/G-degem,43963,1,730,0.016605,730,0.016605,807,0.018356
wil,main,M-nasal/Hi-pos/Hf-drop/G-keep,43963,1,755,0.017174,755,0.017174,871,0.019812
wil,main,M-nasal/Hi-pos/Hf-drop/G-degem,43963,1,729,0.016583,729,0.016583,806,0.018334
wil,main,M-nasal/Hi-sib/Hf-slot/G-keep,43963,1,785,0.017856,785,0.017856,977,0.022223
wil,main,M-nasal/Hi-sib/Hf-slot/G-degem,43963,1,759,0.017265,759,0.017265,912,0.020745
wil,main,M-nasal/Hi-sib/Hf-s/G-keep,43963,1,786,0.017879,786,0.017879,978,0.022246
wil,main,M-nasal/Hi-sib/Hf-s/G-degem,43963,1,760,0.017288,760,0.017288,913,0.020767
wil,main,M-nasal/Hi-sib/Hf-drop/G-keep,43963,1,785,0.017856,785,0.017856,977,0.022223
wil,main,M-nasal/Hi-sib/Hf-drop/G-degem,43963,1,759,0.017265,759,0.017265,912,0.020745
wil,main,M-nasal/Hi-s/Hf-slot/G-keep,43963,1,793,0.018038,793,0.018038,1049,0.023861
wil,main,M-nasal/Hi-s/Hf-slot/G-degem,43963,1,767,0.017447,767,0.017447,984,0.022382
wil,main,M-nasal/Hi-s/Hf-s/G-keep,43963,1,793,0.018038,793,0.018038,1050,0.023884
wil,main,M-nasal/Hi-s/Hf-s/G-degem,43963,1,767,0.017447,767,0.017447,985,0.022405
wil,main,M-nasal/Hi-s/Hf-drop/G-keep,43963,1,793,0.018038,793,0.018038,1049,0.023861
wil,main,M-nasal/Hi-s/Hf-drop/G-degem,43963,1,767,0.017447,767,0.017447,984,0.022382
wil,main,M-nasal_m/Hi-pos/Hf-slot/G-keep,43963,1,887,0.020177,887,0.020177,1513,0.034415
wil,main,M-nasal_m/Hi-pos/Hf-slot/G-degem,43963,1,861,0.019585,861,0.019585,1448,0.032937
wil,main,M-nasal_m/Hi-pos/Hf-s/G-keep,43963,1,888,0.020199,888,0.020199,1514,0.034438
wil,main,M-nasal_m/Hi-pos/Hf-s/G-degem,43963,1,862,0.019608,862,0.019608,1449,0.03296
wil,main,M-nasal_m/Hi-pos/Hf-drop/G-keep,43963,1,887,0.020177,887,0.020177,1513,0.034415
wil,main,M-nasal_m/Hi-pos/Hf-drop/G-degem,43963,1,861,0.019585,861,0.019585,1448,0.032937
wil,main,M-nasal_m/Hi-sib/Hf-slot/G-keep,43963,1,917,0.020859,917,0.020859,1618,0.036804
wil,main,M-nasal_m/Hi-sib/Hf-slot/G-degem,43963,1,891,0.020268,891,0.020268,1553,0.035325
wil,main,M-nasal_m/Hi-sib/Hf-s/G-keep,43963,1,918,0.020882,918,0.020882,1619,0.036826
wil,main,M-nasal_m/Hi-sib/Hf-s/G-degem,43963,1,892,0.02029,892,0.02029,1554,0.035348
wil,main,M-nasal_m/Hi-sib/Hf-drop/G-keep,43963,1,917,0.020859,917,0.020859,1618,0.036804
wil,main,M-nasal_m/Hi-sib/Hf-drop/G-degem,43963,1,891,0.020268,891,0.020268,1553,0.035325
wil,main,M-nasal_m/Hi-s/Hf-slot/G-keep,43963,1,924,0.021018,924,0.021018,1691,0.038464
wil,main,M-nasal_m/Hi-s/Hf-slot/G-degem,43963,1,898,0.020427,898,0.020427,1626,0.036986
wil,main,M-nasal_m/Hi-s/Hf-s/G-keep,43963,1,924,0.021018,924,0.021018,1692,0.038487
wil,main,M-nasal_m/Hi-s/Hf-s/G-degem,43963,1,898,0.020427,898,0.020427,1627,0.037008
wil,main,M-nasal_m/Hi-s/Hf-drop/G-keep,43963,1,924,0.021018,924,0.021018,1691,0.038464
wil,main,M-nasal_m/Hi-s/Hf-drop/G-degem,43963,1,898,0.020427,898,0.020427,1626,0.036986
wil,main,M-m/Hi-pos/Hf-slot/G-keep,43963,1,893,0.020313,893,0.020313,1523,0.034643
wil,main,M-m/Hi-pos/Hf-slot/G-degem,43963,1,867,0.019722,867,0.019722,1458,0.033164
wil,main,M-m/Hi-pos/Hf-s/G-keep,43963,1,894,0.020336,894,0.020336,1524,0.034666
wil,main,M-m/Hi-pos/Hf-s/G-degem,43963,1,868,0.019744,868,0.019744,1459,0.033187
wil,main,M-m/Hi-pos/Hf-drop/G-keep,43963,1,893,0.020313,893,0.020313,1523,0.034643
wil,main,M-m/Hi-pos/Hf-drop/G-degem,43963,1,867,0.019722,867,0.019722,1458,0.033164
wil,main,M-m/Hi-sib/Hf-slot/G-keep,43963,1,923,0.020995,923,0.020995,1626,0.036986
wil,main,M-m/Hi-sib/Hf-slot/G-degem,43963,1,897,0.020404,897,0.020404,1561,0.035507
wil,main,M-m/Hi-sib/Hf-s/G-keep,43963,1,924,0.021018,924,0.021018,1627,0.037008
wil,main,M-m/Hi-sib/Hf-s/G-degem,43963,1,898,0.020427,898,0.020427,1562,0.03553
wil,main,M-m/Hi-sib/Hf-drop/G-keep,43963,1,923,0.020995,923,0.020995,1626,0.036986
wil,main,M-m/Hi-sib/Hf-drop/G-degem,43963,1,897,0.020404,897,0.020404,1561,0.035507
wil,main,M-m/Hi-s/Hf-slot/G-keep,43963,1,930,0.021155,930,0.021155,1699,0.038646
wil,main,M-m/Hi-s/Hf-slot/G-degem,43963,1,904,0.020563,904,0.020563,1634,0.037168
wil,main,M-m/Hi-s/Hf-s/G-keep,43963,1,930,0.021155,930,0.021155,1700,0.038669
wil,main,M-m/Hi-s/Hf-s/G-degem,43963,1,904,0.020563,904,0.020563,1635,0.03719
wil,main,M-m/Hi-s/Hf-drop/G-keep,43963,1,930,0.021155,930,0.021155,1699,0.038646
wil,main,M-m/Hi-s/Hf-drop/G-degem,43963,1,904,0.020563,904,0.020563,1634,0.037168
wil,main,ascii,43963,21,16392,0.372867,16372,0.372582,37675,0.856971
wil,main,roman,43963,945,14260,0.324371,13316,0.309545,21949,0.499261
skd,all,M-pos/Hi-pos/Hf-slot/G-keep,40886,1,807,0.019738,807,0.019738,854,0.020887
skd,all,M-pos/Hi-pos/Hf-slot/G-degem,40886,1,791,0.019347,791,0.019347,827,0.020227
skd,all,M-pos/Hi-pos/Hf-s/G-keep,40886,1,4042,0.098863,4042,0.098863,4136,0.101159
skd,all,M-pos/Hi-pos/Hf-s/G-degem,40886,1,4027,0.098496,4027,0.098496,4111,0.100548
skd,all,M-pos/Hi-pos/Hf-drop/G-keep,40886,1,2004,0.049016,2004,0.049016,2059,0.05036
skd,all,M-pos/Hi-pos/Hf-drop/G-degem,40886,1,1991,0.048698,1991,0.048698,2038,0.049846
skd,all,M-pos/Hi-sib/Hf-slot/G-keep,40886,1,835,0.020423,835,0.020423,930,0.022746
skd,all,M-pos/Hi-sib/Hf-slot/G-degem,40886,1,819,0.020032,819,0.020032,903,0.022086
skd,all,M-pos/Hi-sib/Hf-s/G-keep,40886,1,4062,0.099352,4062,0.099352,4206,0.102871
skd,all,M-pos/Hi-sib/Hf-s/G-degem,40886,1,4047,0.098985,4047,0.098985,4181,0.10226
skd,all,M-pos/Hi-sib/Hf-drop/G-keep,40886,1,2032,0.0497,2032,0.0497,2134,0.052194
skd,all,M-pos/Hi-sib/Hf-drop/G-degem,40886,1,2019,0.049382,2019,0.049382,2113,0.05168
skd,all,M-pos/Hi-s/Hf-slot/G-keep,40886,1,848,0.020741,848,0.020741,976,0.023871
skd,all,M-pos/Hi-s/Hf-slot/G-degem,40886,1,832,0.02035,832,0.02035,949,0.023211
skd,all,M-pos/Hi-s/Hf-s/G-keep,40886,1,4044,0.098912,4044,0.098912,4247,0.103874
skd,all,M-pos/Hi-s/Hf-s/G-degem,40886,1,4029,0.098545,4029,0.098545,4222,0.103263
skd,all,M-pos/Hi-s/Hf-drop/G-keep,40886,1,2045,0.050018,2045,0.050018,2180,0.053319
skd,all,M-pos/Hi-s/Hf-drop/G-degem,40886,1,2032,0.0497,2032,0.0497,2159,0.052805
skd,all,M-nasal/Hi-pos/Hf-slot/G-keep,40886,1,811,0.019836,811,0.019836,872,0.021328
skd,all,M-nasal/Hi-pos/Hf-slot/G-degem,40886,1,795,0.019445,795,0.019445,845,0.020667
skd,all,M-nasal/Hi-pos/Hf-s/G-keep,40886,1,4048,0.099009,4048,0.099009,4155,0.101624
skd,all,M-nasal/Hi-pos/Hf-s/G-degem,40886,1,4033,0.098643,4033,0.098643,4130,0.101013
skd,all,M-nasal/Hi-pos/Hf-drop/G-keep,40886,1,2010,0.049162,2010,0.049162,2077,0.0508
skd,all,M-nasal/Hi-pos/Hf-drop/G-degem,40886,1,1997,0.048844,1997,0.048844,2056,0.050286
skd,all,M-nasal/Hi-sib/Hf-slot/G-keep,40886,1,839,0.020521,839,0.020521,948,0.023186
skd,all,M-nasal/Hi-sib/Hf-slot/G-degem,40886,1,823,0.02013,823,0.02013,921,0.022526
skd,all,M-nasal/Hi-sib/Hf-s/G-keep,40886,1,4068,0.099499,4068,0.099499,4225,0.103336
skd,all,M-nasal/Hi-sib/Hf-s/G-degem,40886,1,4053,0.099132,4053,0.099132,4200,0.102725
skd,all,M-nasal/Hi-sib/Hf-drop/G-keep,40886,1,2038,0.049847,2038,0.049847,2152,0.052634
skd,all,M-nasal/Hi-sib/Hf-drop/G-degem,40886,1,2025,0.049529,2025,0.049529,2131,0.052121
skd,all,M-nasal/Hi-s/Hf-slot/G-keep,40886,1,852,0.020839,852,0.020839,994,0.024312
skd,all,M-nasal/Hi-s/Hf-slot/G-degem,40886,1,836,0.020448,836,0.020448,967,0.023651
skd,all,M-nasal/Hi-s/Hf-s/G-keep,40886,1,4050,0.099058,4050,0.099058,4266,0.104339
skd,all,M-nasal/Hi-s/Hf-s/G-degem,40886,1,4035,0.098691,4035,0.098691,4241,0.103727
skd,all,M-nasal/Hi-s/Hf-drop/G-keep,40886,1,2051,0.050165,2051,0.050165,2198,0.053759
skd,all,M-nasal/Hi-s/Hf-drop/G-degem,40886,1,2038,0.049847,2038,0.049847,2177,0.053246
skd,all,M-nasal_m/Hi-pos/Hf-slot/G-keep,40886,1,2597,0.06352,2597,0.06352,3099,0.075796
skd,all,M-nasal_m/Hi-pos/Hf-slot/G-degem,40886,1,2585,0.063226,2585,0.063226,3079,0.075307
skd,all,M-nasal_m/Hi-pos/Hf-s/G-keep,40886,1,4615,0.112878,4615,0.112878,5490,0.134276
skd,all,M-nasal_m/Hi-pos/Hf-s/G-degem,40886,1,4601,0.112535,4601,0.112535,5466,0.133689
skd,all,M-nasal_m/Hi-pos/Hf-drop/G-keep,40886,1,2577,0.06303,2577,0.06303,3080,0.075331
skd,all,M-nasal_m/Hi-pos/Hf-drop/G-degem,40886,1,2565,0.062737,2565,0.062737,3060,0.074842
skd,all,M-nasal_m/Hi-sib/Hf-slot/G-keep,40886,1,2625,0.064204,2625,0.064204,3173,0.077606
skd,all,M-nasal_m/Hi-sib/Hf-slot/G-degem,40886,1,2613,0.063911,2613,0.063911,3153,0.077117
skd,all,M-nasal_m/Hi-sib/Hf-s/G-keep,40886,1,4635,0.113367,4635,0.113367,5559,0.135963
skd,all,M-nasal_m/Hi-sib/Hf-s/G-degem,40886,1,4621,0.113024,4621,0.113024,5535,0.135376
skd,all,M-nasal_m/Hi-sib/Hf-drop/G-keep,40886,1,2605,0.063715,2605,0.063715,3154,0.077141
skd,all,M-nasal_m/Hi-sib/Hf-drop/G-degem,40886,1,2593,0.063422,2593,0.063422,3134,0.076652
skd,all,M-nasal_m/Hi-s/Hf-slot/G-keep,40886,1,2638,0.064522,2638,0.064522,3218,0.078707
skd,all,M-nasal_m/Hi-s/Hf-slot/G-degem,40886,1,2626,0.064229,2626,0.064229,3198,0.078217
skd,all,M-nasal_m/Hi-s/Hf-s/G-keep,40886,1,4617,0.112927,4617,0.112927,5599,0.136942
skd,all,M-nasal_m/Hi-s/Hf-s/G-degem,40886,1,4603,0.112584,4603,0.112584,5575,0.136355
skd,all,M-nasal_m/Hi-s/Hf-drop/G-keep,40886,1,2618,0.064033,2618,0.064033,3199,0.078242
skd,all,M-nasal_m/Hi-s/Hf-drop/G-degem,40886,1,2606,0.06374,2606,0.06374,3179,0.077753
skd,all,M-m/Hi-pos/Hf-slot/G-keep,40886,1,2599,0.063569,2599,0.063569,3103,0.075894
skd,all,M-m/Hi-pos/Hf-slot/G-degem,40886,1,2587,0.063275,2587,0.063275,3083,0.075405
skd,all,M-m/Hi-pos/Hf-s/G-keep,40886,1,4617,0.112927,4617,0.112927,5493,0.134349
skd,all,M-m/Hi-pos/Hf-s/G-degem,40886,1,4603,0.112584,4603,0.112584,5469,0.133762
skd,all,M-m/Hi-pos/Hf-drop/G-keep,40886,1,2579,0.063079,2579,0.063079,3084,0.075429
skd,all,M-m/Hi-pos/Hf-drop/G-degem,40886,1,2567,0.062786,2567,0.062786,3064,0.07494
skd,all,M-m/Hi-sib/Hf-slot/G-keep,40886,1,2627,0.064253,2627,0.064253,3177,0.077704
skd,all,M-m/Hi-sib/Hf-slot/G-degem,40886,1,2615,0.06396,2615,0.06396,3157,0.077215
skd,all,M-m/Hi-sib/Hf-s/G-keep,40886,1,4637,0.113416,4637,0.113416,5562,0.136037
skd,all,M-m/Hi-sib/Hf-s/G-degem,40886,1,4623,0.113073,4623,0.113073,5538,0.13545
skd,all,M-m/Hi-sib/Hf-drop/G-keep,40886,1,2607,0.063764,2607,0.063764,3158,0.077239
skd,all,M-m/Hi-sib/Hf-drop/G-degem,40886,1,2595,0.063471,2595,0.063471,3138,0.07675
skd,all,M-m/Hi-s/Hf-slot/G-keep,40886,1,2640,0.064571,2640,0.064571,3222,0.078804
skd,all,M-m/Hi-s/Hf-slot/G-degem,40886,1,2628,0.064278,2628,0.064278,3202,0.078315
skd,all,M-m/Hi-s/Hf-s/G-keep,40886,1,4619,0.112975,4619,0.112975,5602,0.137015
skd,all,M-m/Hi-s/Hf-s/G-degem,40886,1,4605,0.112633,4605,0.112633,5578,0.136428
skd,all,M-m/Hi-s/Hf-drop/G-keep,40886,1,2620,0.064082,2620,0.064082,3203,0.07834
skd,all,M-m/Hi-s/Hf-drop/G-degem,40886,1,2608,0.063789,2608,0.063789,3183,0.077851
skd,all,ascii,40886,22,17128,0.418931,17107,0.418633,35315,0.863743
skd,all,roman,40886,865,15708,0.3842,14844,0.370905,22481,0.549846
skd,print,M-pos/Hi-pos/Hf-slot/G-keep,40538,1,481,0.011866,481,0.011866,524,0.012926
skd,print,M-pos/Hi-pos/Hf-slot/G-degem,40538,1,467,0.01152,467,0.01152,500,0.012334
skd,print,M-pos/Hi-pos/Hf-s/G-keep,40538,1,3757,0.092681,3757,0.092681,3803,0.093813
skd,print,M-pos/Hi-pos/Hf-s/G-degem,40538,1,3744,0.09236,3744,0.09236,3781,0.093271
skd,print,M-pos/Hi-pos/Hf-drop/G-keep,40538,1,1693,0.041764,1693,0.041764,1729,0.042651
skd,print,M-pos/Hi-pos/Hf-drop/G-degem,40538,1,1682,0.041493,1682,0.041493,1711,0.042207
skd,print,M-pos/Hi-sib/Hf-slot/G-keep,40538,1,509,0.012556,509,0.012556,600,0.014801
skd,print,M-pos/Hi-sib/Hf-slot/G-degem,40538,1,495,0.012211,495,0.012211,576,0.014209
skd,print,M-pos/Hi-sib/Hf-s/G-keep,40538,1,3777,0.093174,3777,0.093174,3873,0.09554
skd,print,M-pos/Hi-sib/Hf-s/G-degem,40538,1,3764,0.092853,3764,0.092853,3851,0.094997
skd,print,M-pos/Hi-sib/Hf-drop/G-keep,40538,1,1721,0.042455,1721,0.042455,1804,0.044501
skd,print,M-pos/Hi-sib/Hf-drop/G-degem,40538,1,1710,0.042184,1710,0.042184,1786,0.044057
skd,print,M-pos/Hi-s/Hf-slot/G-keep,40538,1,523,0.012902,523,0.012902,646,0.015936
skd,print,M-pos/Hi-s/Hf-slot/G-degem,40538,1,509,0.012556,509,0.012556,622,0.015344
skd,print,M-pos/Hi-s/Hf-s/G-keep,40538,1,3759,0.09273,3759,0.09273,3914,0.096551
skd,print,M-pos/Hi-s/Hf-s/G-degem,40538,1,3746,0.092409,3746,0.092409,3892,0.096009
skd,print,M-pos/Hi-s/Hf-drop/G-keep,40538,1,1735,0.0428,1735,0.0428,1850,0.045636
skd,print,M-pos/Hi-s/Hf-drop/G-degem,40538,1,1724,0.042529,1724,0.042529,1832,0.045192
skd,print,M-nasal/Hi-pos/Hf-slot/G-keep,40538,1,485,0.011964,485,0.011964,542,0.01337
skd,print,M-nasal/Hi-pos/Hf-slot/G-degem,40538,1,471,0.011619,471,0.011619,518,0.012778
skd,print,M-nasal/Hi-pos/Hf-s/G-keep,40538,1,3763,0.092829,3763,0.092829,3822,0.094282
skd,print,M-nasal/Hi-pos/Hf-s/G-degem,40538,1,3750,0.092508,3750,0.092508,3800,0.093739
skd,print,M-nasal/Hi-pos/Hf-drop/G-keep,40538,1,1699,0.041912,1699,0.041912,1747,0.043095
skd,print,M-nasal/Hi-pos/Hf-drop/G-degem,40538,1,1688,0.041641,1688,0.041641,1729,0.042651
skd,print,M-nasal/Hi-sib/Hf-slot/G-keep,40538,1,513,0.012655,513,0.012655,618,0.015245
skd,print,M-nasal/Hi-sib/Hf-slot/G-degem,40538,1,499,0.01231,499,0.01231,594,0.014653
skd,print,M-nasal/Hi-sib/Hf-s/G-keep,40538,1,3783,0.093322,3783,0.093322,3892,0.096009
skd,print,M-nasal/Hi-sib/Hf-s/G-degem,40538,1,3770,0.093001,3770,0.093001,3870,0.095466
skd,print,M-nasal/Hi-sib/Hf-drop/G-keep,40538,1,1727,0.042603,1727,0.042603,1822,0.044945
skd,print,M-nasal/Hi-sib/Hf-drop/G-degem,40538,1,1716,0.042332,1716,0.042332,1804,0.044501
skd,print,M-nasal/Hi-s/Hf-slot/G-keep,40538,1,527,0.013,527,0.013,664,0.01638
skd,print,M-nasal/Hi-s/Hf-slot/G-degem,40538,1,513,0.012655,513,0.012655,640,0.015788
skd,print,M-nasal/Hi-s/Hf-s/G-keep,40538,1,3765,0.092878,3765,0.092878,3933,0.09702
skd,print,M-nasal/Hi-s/Hf-s/G-degem,40538,1,3752,0.092557,3752,0.092557,3911,0.096477
skd,print,M-nasal/Hi-s/Hf-drop/G-keep,40538,1,1741,0.042948,1741,0.042948,1868,0.04608
skd,print,M-nasal/Hi-s/Hf-drop/G-degem,40538,1,1730,0.042677,1730,0.042677,1850,0.045636
skd,print,M-nasal_m/Hi-pos/Hf-slot/G-keep,40538,1,2292,0.056541,2292,0.056541,2769,0.068306
skd,print,M-nasal_m/Hi-pos/Hf-slot/G-degem,40538,1,2282,0.056294,2282,0.056294,2752,0.067887
skd,print,M-nasal_m/Hi-pos/Hf-s/G-keep,40538,1,4336,0.106964,4336,0.106964,5158,0.127239
skd,print,M-nasal_m/Hi-pos/Hf-s/G-degem,40538,1,4324,0.106668,4324,0.106668,5137,0.126721
skd,print,M-nasal_m/Hi-pos/Hf-drop/G-keep,40538,1,2272,0.056048,2272,0.056048,2750,0.067838
skd,print,M-nasal_m/Hi-pos/Hf-drop/G-degem,40538,1,2262,0.055801,2262,0.055801,2733,0.067418
skd,print,M-nasal_m/Hi-sib/Hf-slot/G-keep,40538,1,2320,0.057232,2320,0.057232,2843,0.070132
skd,print,M-nasal_m/Hi-sib/Hf-slot/G-degem,40538,1,2310,0.056985,2310,0.056985,2826,0.069712
skd,print,M-nasal_m/Hi-sib/Hf-s/G-keep,40538,1,4356,0.107457,4356,0.107457,5227,0.128941
skd,print,M-nasal_m/Hi-sib/Hf-s/G-degem,40538,1,4344,0.107161,4344,0.107161,5206,0.128423
skd,print,M-nasal_m/Hi-sib/Hf-drop/G-keep,40538,1,2300,0.056738,2300,0.056738,2824,0.069663
skd,print,M-nasal_m/Hi-sib/Hf-drop/G-degem,40538,1,2290,0.056492,2290,0.056492,2807,0.069244
skd,print,M-nasal_m/Hi-s/Hf-slot/G-keep,40538,1,2334,0.057577,2334,0.057577,2888,0.071242
skd,print,M-nasal_m/Hi-s/Hf-slot/G-degem,40538,1,2324,0.05733,2324,0.05733,2871,0.070822
skd,print,M-nasal_m/Hi-s/Hf-s/G-keep,40538,1,4338,0.107013,4338,0.107013,5267,0.129927
skd,print,M-nasal_m/Hi-s/Hf-s/G-degem,40538,1,4326,0.106717,4326,0.106717,5246,0.129409
skd,print,M-nasal_m/Hi-s/Hf-drop/G-keep,40538,1,2314,0.057084,2314,0.057084,2869,0.070773
skd,print,M-nasal_m/Hi-s/Hf-drop/G-degem,40538,1,2304,0.056837,2304,0.056837,2852,0.070354
skd,print,M-m/Hi-pos/Hf-slot/G-keep,40538,1,2294,0.05659,2294,0.05659,2773,0.068405
skd,print,M-m/Hi-pos/Hf-slot/G-degem,40538,1,2284,0.056344,2284,0.056344,2756,0.067986
skd,print,M-m/Hi-pos/Hf-s/G-keep,40538,1,4338,0.107013,4338,0.107013,5161,0.127313
skd,print,M-m/Hi-pos/Hf-s/G-degem,40538,1,4326,0.106717,4326,0.106717,5140,0.126795
skd,print,M-m/Hi-pos/Hf-drop/G-keep,40538,1,2274,0.056097,2274,0.056097,2754,0.067936
skd,print,M-m/Hi-pos/Hf-drop/G-degem,40538,1,2264,0.05585,2264,0.05585,2737,0.067517
skd,print,M-m/Hi-sib/Hf-slot/G-keep,40538,1,2322,0.057281,2322,0.057281,2847,0.07023
skd,print,M-m/Hi-sib/Hf-slot/G-degem,40538,1,2312,0.057034,2312,0.057034,2830,0.069811
skd,print,M-m/Hi-sib/Hf-s/G-keep,40538,1,4358,0.107507,4358,0.107507,5230,0.129015
skd,print,M-m/Hi-sib/Hf-s/G-degem,40538,1,4346,0.107211,4346,0.107211,5209,0.128497
skd,print,M-m/Hi-sib/Hf-drop/G-keep,40538,1,2302,0.056788,2302,0.056788,2828,0.069762
skd,print,M-m/Hi-sib/Hf-drop/G-degem,40538,1,2292,0.056541,2292,0.056541,2811,0.069342
skd,print,M-m/Hi-s/Hf-slot/G-keep,40538,1,2336,0.057626,2336,0.057626,2892,0.07134
skd,print,M-m/Hi-s/Hf-slot/G-degem,40538,1,2326,0.05738,2326,0.05738,2875,0.070921
skd,print,M-m/Hi-s/Hf-s/G-keep,40538,1,4340,0.107063,4340,0.107063,5270,0.130001
skd,print,M-m/Hi-s/Hf-s/G-degem,40538,1,4328,0.106767,4328,0.106767,5249,0.129483
skd,print,M-m/Hi-s/Hf-drop/G-keep,40538,1,2316,0.057133,2316,0.057133,2873,0.070872
skd,print,M-m/Hi-s/Hf-drop/G-degem,40538,1,2306,0.056886,2306,0.056886,2856,0.070452
skd,print,ascii,40538,20,16935,0.417766,16916,0.417493,35027,0.864053
skd,print,roman,40538,876,15514,0.382712,14639,0.369094,22069,0.544403
skd,main,M-pos/Hi-pos/Hf-slot/G-keep,40538,1,481,0.011866,481,0.011866,524,0.012926
skd,main,M-pos/Hi-pos/Hf-slot/G-degem,40538,1,467,0.01152,467,0.01152,500,0.012334
skd,main,M-pos/Hi-pos/Hf-s/G-keep,40538,1,3757,0.092681,3757,0.092681,3803,0.093813
skd,main,M-pos/Hi-pos/Hf-s/G-degem,40538,1,3744,0.09236,3744,0.09236,3781,0.093271
skd,main,M-pos/Hi-pos/Hf-drop/G-keep,40538,1,1693,0.041764,1693,0.041764,1729,0.042651
skd,main,M-pos/Hi-pos/Hf-drop/G-degem,40538,1,1682,0.041493,1682,0.041493,1711,0.042207
skd,main,M-pos/Hi-sib/Hf-slot/G-keep,40538,1,509,0.012556,509,0.012556,600,0.014801
skd,main,M-pos/Hi-sib/Hf-slot/G-degem,40538,1,495,0.012211,495,0.012211,576,0.014209
skd,main,M-pos/Hi-sib/Hf-s/G-keep,40538,1,3777,0.093174,3777,0.093174,3873,0.09554
skd,main,M-pos/Hi-sib/Hf-s/G-degem,40538,1,3764,0.092853,3764,0.092853,3851,0.094997
skd,main,M-pos/Hi-sib/Hf-drop/G-keep,40538,1,1721,0.042455,1721,0.042455,1804,0.044501
skd,main,M-pos/Hi-sib/Hf-drop/G-degem,40538,1,1710,0.042184,1710,0.042184,1786,0.044057
skd,main,M-pos/Hi-s/Hf-slot/G-keep,40538,1,523,0.012902,523,0.012902,646,0.015936
skd,main,M-pos/Hi-s/Hf-slot/G-degem,40538,1,509,0.012556,509,0.012556,622,0.015344
skd,main,M-pos/Hi-s/Hf-s/G-keep,40538,1,3759,0.09273,3759,0.09273,3914,0.096551
skd,main,M-pos/Hi-s/Hf-s/G-degem,40538,1,3746,0.092409,3746,0.092409,3892,0.096009
skd,main,M-pos/Hi-s/Hf-drop/G-keep,40538,1,1735,0.0428,1735,0.0428,1850,0.045636
skd,main,M-pos/Hi-s/Hf-drop/G-degem,40538,1,1724,0.042529,1724,0.042529,1832,0.045192
skd,main,M-nasal/Hi-pos/Hf-slot/G-keep,40538,1,485,0.011964,485,0.011964,542,0.01337
skd,main,M-nasal/Hi-pos/Hf-slot/G-degem,40538,1,471,0.011619,471,0.011619,518,0.012778
skd,main,M-nasal/Hi-pos/Hf-s/G-keep,40538,1,3763,0.092829,3763,0.092829,3822,0.094282
skd,main,M-nasal/Hi-pos/Hf-s/G-degem,40538,1,3750,0.092508,3750,0.092508,3800,0.093739
skd,main,M-nasal/Hi-pos/Hf-drop/G-keep,40538,1,1699,0.041912,1699,0.041912,1747,0.043095
skd,main,M-nasal/Hi-pos/Hf-drop/G-degem,40538,1,1688,0.041641,1688,0.041641,1729,0.042651
skd,main,M-nasal/Hi-sib/Hf-slot/G-keep,40538,1,513,0.012655,513,0.012655,618,0.015245
skd,main,M-nasal/Hi-sib/Hf-slot/G-degem,40538,1,499,0.01231,499,0.01231,594,0.014653
skd,main,M-nasal/Hi-sib/Hf-s/G-keep,40538,1,3783,0.093322,3783,0.093322,3892,0.096009
skd,main,M-nasal/Hi-sib/Hf-s/G-degem,40538,1,3770,0.093001,3770,0.093001,3870,0.095466
skd,main,M-nasal/Hi-sib/Hf-drop/G-keep,40538,1,1727,0.042603,1727,0.042603,1822,0.044945
skd,main,M-nasal/Hi-sib/Hf-drop/G-degem,40538,1,1716,0.042332,1716,0.042332,1804,0.044501
skd,main,M-nasal/Hi-s/Hf-slot/G-keep,40538,1,527,0.013,527,0.013,664,0.01638
skd,main,M-nasal/Hi-s/Hf-slot/G-degem,40538,1,513,0.012655,513,0.012655,640,0.015788
skd,main,M-nasal/Hi-s/Hf-s/G-keep,40538,1,3765,0.092878,3765,0.092878,3933,0.09702
skd,main,M-nasal/Hi-s/Hf-s/G-degem,40538,1,3752,0.092557,3752,0.092557,3911,0.096477
skd,main,M-nasal/Hi-s/Hf-drop/G-keep,40538,1,1741,0.042948,1741,0.042948,1868,0.04608
skd,main,M-nasal/Hi-s/Hf-drop/G-degem,40538,1,1730,0.042677,1730,0.042677,1850,0.045636
skd,main,M-nasal_m/Hi-pos/Hf-slot/G-keep,40538,1,2292,0.056541,2292,0.056541,2769,0.068306
skd,main,M-nasal_m/Hi-pos/Hf-slot/G-degem,40538,1,2282,0.056294,2282,0.056294,2752,0.067887
skd,main,M-nasal_m/Hi-pos/Hf-s/G-keep,40538,1,4336,0.106964,4336,0.106964,5158,0.127239
skd,main,M-nasal_m/Hi-pos/Hf-s/G-degem,40538,1,4324,0.106668,4324,0.106668,5137,0.126721
skd,main,M-nasal_m/Hi-pos/Hf-drop/G-keep,40538,1,2272,0.056048,2272,0.056048,2750,0.067838
skd,main,M-nasal_m/Hi-pos/Hf-drop/G-degem,40538,1,2262,0.055801,2262,0.055801,2733,0.067418
skd,main,M-nasal_m/Hi-sib/Hf-slot/G-keep,40538,1,2320,0.057232,2320,0.057232,2843,0.070132
skd,main,M-nasal_m/Hi-sib/Hf-slot/G-degem,40538,1,2310,0.056985,2310,0.056985,2826,0.069712
skd,main,M-nasal_m/Hi-sib/Hf-s/G-keep,40538,1,4356,0.107457,4356,0.107457,5227,0.128941
skd,main,M-nasal_m/Hi-sib/Hf-s/G-degem,40538,1,4344,0.107161,4344,0.107161,5206,0.128423
skd,main,M-nasal_m/Hi-sib/Hf-drop/G-keep,40538,1,2300,0.056738,2300,0.056738,2824,0.069663
skd,main,M-nasal_m/Hi-sib/Hf-drop/G-degem,40538,1,2290,0.056492,2290,0.056492,2807,0.069244
skd,main,M-nasal_m/Hi-s/Hf-slot/G-keep,40538,1,2334,0.057577,2334,0.057577,2888,0.071242
skd,main,M-nasal_m/Hi-s/Hf-slot/G-degem,40538,1,2324,0.05733,2324,0.05733,2871,0.070822
skd,main,M-nasal_m/Hi-s/Hf-s/G-keep,40538,1,4338,0.107013,4338,0.107013,5267,0.129927
skd,main,M-nasal_m/Hi-s/Hf-s/G-degem,40538,1,4326,0.106717,4326,0.106717,5246,0.129409
skd,main,M-nasal_m/Hi-s/Hf-drop/G-keep,40538,1,2314,0.057084,2314,0.057084,2869,0.070773
skd,main,M-nasal_m/Hi-s/Hf-drop/G-degem,40538,1,2304,0.056837,2304,0.056837,2852,0.070354
skd,main,M-m/Hi-pos/Hf-slot/G-keep,40538,1,2294,0.05659,2294,0.05659,2773,0.068405
skd,main,M-m/Hi-pos/Hf-slot/G-degem,40538,1,2284,0.056344,2284,0.056344,2756,0.067986
skd,main,M-m/Hi-pos/Hf-s/G-keep,40538,1,4338,0.107013,4338,0.107013,5161,0.127313
skd,main,M-m/Hi-pos/Hf-s/G-degem,40538,1,4326,0.106717,4326,0.106717,5140,0.126795
skd,main,M-m/Hi-pos/Hf-drop/G-keep,40538,1,2274,0.056097,2274,0.056097,2754,0.067936
skd,main,M-m/Hi-pos/Hf-drop/G-degem,40538,1,2264,0.05585,2264,0.05585,2737,0.067517
skd,main,M-m/Hi-sib/Hf-slot/G-keep,40538,1,2322,0.057281,2322,0.057281,2847,0.07023
skd,main,M-m/Hi-sib/Hf-slot/G-degem,40538,1,2312,0.057034,2312,0.057034,2830,0.069811
skd,main,M-m/Hi-sib/Hf-s/G-keep,40538,1,4358,0.107507,4358,0.107507,5230,0.129015
skd,main,M-m/Hi-sib/Hf-s/G-degem,40538,1,4346,0.107211,4346,0.107211,5209,0.128497
skd,main,M-m/Hi-sib/Hf-drop/G-keep,40538,1,2302,0.056788,2302,0.056788,2828,0.069762
skd,main,M-m/Hi-sib/Hf-drop/G-degem,40538,1,2292,0.056541,2292,0.056541,2811,0.069342
skd,main,M-m/Hi-s/Hf-slot/G-keep,40538,1,2336,0.057626,2336,0.057626,2892,0.07134
skd,main,M-m/Hi-s/Hf-slot/G-degem,40538,1,2326,0.05738,2326,0.05738,2875,0.070921
skd,main,M-m/Hi-s/Hf-s/G-keep,40538,1,4340,0.107063,4340,0.107063,5270,0.130001
skd,main,M-m/Hi-s/Hf-s/G-degem,40538,1,4328,0.106767,4328,0.106767,5249,0.129483
skd,main,M-m/Hi-s/Hf-drop/G-keep,40538,1,2316,0.057133,2316,0.057133,2873,0.070872
skd,main,M-m/Hi-s/Hf-drop/G-degem,40538,1,2306,0.056886,2306,0.056886,2856,0.070452
skd,main,ascii,40538,20,16935,0.417766,16916,0.417493,35027,0.864053
skd,main,roman,40538,876,15514,0.382712,14639,0.369094,22069,0.544403
vcp,all,M-pos/Hi-pos/Hf-slot/G-keep,48931,2,2055,0.041999,2054,0.041979,2230,0.045574
vcp,all,M-pos/Hi-pos/Hf-slot/G-degem,48931,2,1986,0.040589,1985,0.040569,2079,0.042488
vcp,all,M-pos/Hi-pos/Hf-s/G-keep,48931,2,2057,0.04204,2056,0.04202,2232,0.045615
vcp,all,M-pos/Hi-pos/Hf-s/G-degem,48931,2,1988,0.040629,1987,0.04061,2081,0.042529
vcp,all,M-pos/Hi-pos/Hf-drop/G-keep,48931,2,2054,0.041978,2053,0.041959,2229,0.045554
vcp,all,M-pos/Hi-pos/Hf-drop/G-degem,48931,2,1985,0.040568,1984,0.040549,2078,0.042468
vcp,all,M-pos/Hi-sib/Hf-slot/G-keep,48931,2,2067,0.042244,2066,0.042224,2321,0.047434
vcp,all,M-pos/Hi-sib/Hf-slot/G-degem,48931,2,1998,0.040834,1997,0.040814,2170,0.044348
vcp,all,M-pos/Hi-sib/Hf-s/G-keep,48931,2,2069,0.042285,2068,0.042265,2323,0.047475
vcp,all,M-pos/Hi-sib/Hf-s/G-degem,48931,2,2000,0.040875,1999,0.040855,2172,0.044389
vcp,all,M-pos/Hi-sib/Hf-drop/G-keep,48931,2,2066,0.042224,2065,0.042204,2320,0.047414
vcp,all,M-pos/Hi-sib/Hf-drop/G-degem,48931,2,1997,0.040813,1996,0.040794,2169,0.044328
vcp,all,M-pos/Hi-s/Hf-slot/G-keep,48931,2,2086,0.042632,2085,0.042613,2394,0.048926
vcp,all,M-pos/Hi-s/Hf-slot/G-degem,48931,2,2017,0.041222,2016,0.041203,2243,0.04584
vcp,all,M-pos/Hi-s/Hf-s/G-keep,48931,2,2088,0.042673,2087,0.042654,2396,0.048967
vcp,all,M-pos/Hi-s/Hf-s/G-degem,48931,2,2019,0.041263,2018,0.041243,2245,0.045881
vcp,all,M-pos/Hi-s/Hf-drop/G-keep,48931,2,2085,0.042612,2084,0.042592,2393,0.048906
vcp,all,M-pos/Hi-s/Hf-drop/G-degem,48931,2,2016,0.041202,2015,0.041182,2242,0.04582
vcp,all,M-nasal/Hi-pos/Hf-slot/G-keep,48931,2,2058,0.04206,2057,0.042041,2267,0.046331
vcp,all,M-nasal/Hi-pos/Hf-slot/G-degem,48931,2,1989,0.04065,1988,0.04063,2116,0.043245
vcp,all,M-nasal/Hi-pos/Hf-s/G-keep,48931,2,2060,0.042101,2059,0.042081,2269,0.046371
vcp,all,M-nasal/Hi-pos/Hf-s/G-degem,48931,2,1991,0.040691,1990,0.040671,2118,0.043285
vcp,all,M-nasal/Hi-pos/Hf-drop/G-keep,48931,2,2057,0.04204,2056,0.04202,2266,0.04631
vcp,all,M-nasal/Hi-pos/Hf-drop/G-degem,48931,2,1988,0.040629,1987,0.04061,2115,0.043224
vcp,all,M-nasal/Hi-sib/Hf-slot/G-keep,48931,2,2070,0.042305,2069,0.042286,2358,0.04819
vcp,all,M-nasal/Hi-sib/Hf-slot/G-degem,48931,2,2001,0.040895,2000,0.040876,2207,0.045104
vcp,all,M-nasal/Hi-sib/Hf-s/G-keep,48931,2,2072,0.042346,2071,0.042327,2360,0.048231
vcp,all,M-nasal/Hi-sib/Hf-s/G-degem,48931,2,2003,0.040936,2002,0.040916,2209,0.045145
vcp,all,M-nasal/Hi-sib/Hf-drop/G-keep,48931,2,2069,0.042285,2068,0.042265,2357,0.04817
vcp,all,M-nasal/Hi-sib/Hf-drop/G-degem,48931,2,2000,0.040875,1999,0.040855,2206,0.045084
vcp,all,M-nasal/Hi-s/Hf-slot/G-keep,48931,2,2089,0.042694,2088,0.042674,2431,0.049682
vcp,all,M-nasal/Hi-s/Hf-slot/G-degem,48931,2,2020,0.041283,2019,0.041264,2280,0.046596
vcp,all,M-nasal/Hi-s/Hf-s/G-keep,48931,2,2091,0.042735,2090,0.042715,2433,0.049723
vcp,all,M-nasal/Hi-s/Hf-s/G-degem,48931,2,2022,0.041324,2021,0.041305,2282,0.046637
vcp,all,M-nasal/Hi-s/Hf-drop/G-keep,48931,2,2088,0.042673,2087,0.042654,2430,0.049662
vcp,all,M-nasal/Hi-s/Hf-drop/G-degem,48931,2,2019,0.041263,2018,0.041243,2279,0.046576
vcp,all,M-nasal_m/Hi-pos/Hf-slot/G-keep,48931,2,2200,0.044962,2199,0.044943,2841,0.058061
vcp,all,M-nasal_m/Hi-pos/Hf-slot/G-degem,48931,2,2132,0.043572,2131,0.043553,2691,0.054996
vcp,all,M-nasal_m/Hi-pos/Hf-s/G-keep,48931,2,2202,0.045003,2201,0.044984,2843,0.058102
vcp,all,M-nasal_m/Hi-pos/Hf-s/G-degem,48931,2,2134,0.043613,2133,0.043594,2693,0.055037
vcp,all,M-nasal_m/Hi-pos/Hf-drop/G-keep,48931,2,2199,0.044942,2198,0.044922,2840,0.058041
vcp,all,M-nasal_m/Hi-pos/Hf-drop/G-degem,48931,2,2131,0.043552,2130,0.043532,2690,0.054975
vcp,all,M-nasal_m/Hi-sib/Hf-slot/G-keep,48931,2,2212,0.045207,2211,0.045188,2932,0.059921
vcp,all,M-nasal_m/Hi-sib/Hf-slot/G-degem,48931,2,2144,0.043818,2143,0.043798,2782,0.056856
vcp,all,M-nasal_m/Hi-sib/Hf-s/G-keep,48931,2,2214,0.045248,2213,0.045229,2934,0.059962
vcp,all,M-nasal_m/Hi-sib/Hf-s/G-degem,48931,2,2146,0.043859,2145,0.043839,2784,0.056896
vcp,all,M-nasal_m/Hi-sib/Hf-drop/G-keep,48931,2,2211,0.045187,2210,0.045167,2931,0.059901
vcp,all,M-nasal_m/Hi-sib/Hf-drop/G-degem,48931,2,2143,0.043797,2142,0.043778,2781,0.056835
vcp,all,M-nasal_m/Hi-s/Hf-slot/G-keep,48931,2,2229,0.045555,2228,0.045535,3005,0.061413
vcp,all,M-nasal_m/Hi-s/Hf-slot/G-degem,48931,2,2161,0.044165,2160,0.044146,2855,0.058347
vcp,all,M-nasal_m/Hi-s/Hf-s/G-keep,48931,2,2231,0.045596,2230,0.045576,3007,0.061454
vcp,all,M-nasal_m/Hi-s/Hf-s/G-degem,48931,2,2163,0.044206,2162,0.044186,2857,0.058388
vcp,all,M-nasal_m/Hi-s/Hf-drop/G-keep,48931,2,2228,0.045534,2227,0.045515,3004,0.061393
vcp,all,M-nasal_m/Hi-s/Hf-drop/G-degem,48931,2,2160,0.044145,2159,0.044125,2854,0.058327
vcp,all,M-m/Hi-pos/Hf-slot/G-keep,48931,2,2216,0.045289,2215,0.04527,2860,0.05845
vcp,all,M-m/Hi-pos/Hf-slot/G-degem,48931,2,2148,0.043899,2147,0.04388,2710,0.055384
vcp,all,M-m/Hi-pos/Hf-s/G-keep,48931,2,2218,0.04533,2217,0.045311,2862,0.058491
vcp,all,M-m/Hi-pos/Hf-s/G-degem,48931,2,2150,0.04394,2149,0.043921,2712,0.055425
vcp,all,M-m/Hi-pos/Hf-drop/G-keep,48931,2,2215,0.045269,2214,0.045249,2859,0.058429
vcp,all,M-m/Hi-pos/Hf-drop/G-degem,48931,2,2147,0.043879,2146,0.043859,2709,0.055364
vcp,all,M-m/Hi-sib/Hf-slot/G-keep,48931,2,2228,0.045534,2227,0.045515,2950,0.060289
vcp,all,M-m/Hi-sib/Hf-slot/G-degem,48931,2,2160,0.044145,2159,0.044125,2800,0.057223
vcp,all,M-m/Hi-sib/Hf-s/G-keep,48931,2,2230,0.045575,2229,0.045556,2952,0.06033
vcp,all,M-m/Hi-sib/Hf-s/G-degem,48931,2,2162,0.044186,2161,0.044166,2802,0.057264
vcp,all,M-m/Hi-sib/Hf-drop/G-keep,48931,2,2227,0.045514,2226,0.045494,2949,0.060269
vcp,all,M-m/Hi-sib/Hf-drop/G-degem,48931,2,2159,0.044124,2158,0.044105,2799,0.057203
vcp,all,M-m/Hi-s/Hf-slot/G-keep,48931,2,2245,0.045882,2244,0.045862,3023,0.061781
vcp,all,M-m/Hi-s/Hf-slot/G-degem,48931,2,2177,0.044492,2176,0.044473,2873,0.058715
vcp,all,M-m/Hi-s/Hf-s/G-keep,48931,2,2247,0.045923,2246,0.045903,3025,0.061822
vcp,all,M-m/Hi-s/Hf-s/G-degem,48931,2,2179,0.044533,2178,0.044513,2875,0.058756
vcp,all,M-m/Hi-s/Hf-drop/G-keep,48931,2,2244,0.045861,2243,0.045842,3022,0.06176
vcp,all,M-m/Hi-s/Hf-drop/G-degem,48931,2,2176,0.044472,2175,0.044452,2872,0.058695
vcp,all,ascii,48931,26,18996,0.388228,18971,0.387915,42156,0.86154
vcp,all,roman,48931,965,16668,0.34065,15704,0.327399,25838,0.52805
vcp,print,M-pos/Hi-pos/Hf-slot/G-keep,47156,2,817,0.017326,816,0.017305,946,0.020061
vcp,print,M-pos/Hi-pos/Hf-slot/G-degem,47156,2,745,0.015799,744,0.015778,798,0.016923
vcp,print,M-pos/Hi-pos/Hf-s/G-keep,47156,2,819,0.017368,818,0.017347,948,0.020103
vcp,print,M-pos/Hi-pos/Hf-s/G-degem,47156,2,747,0.015841,746,0.015821,800,0.016965
vcp,print,M-pos/Hi-pos/Hf-drop/G-keep,47156,2,816,0.017305,815,0.017284,945,0.02004
vcp,print,M-pos/Hi-pos/Hf-drop/G-degem,47156,2,744,0.015778,743,0.015757,797,0.016901
vcp,print,M-pos/Hi-sib/Hf-slot/G-keep,47156,2,840,0.017814,839,0.017793,1038,0.022012
vcp,print,M-pos/Hi-sib/Hf-slot/G-degem,47156,2,768,0.016287,767,0.016266,890,0.018874
vcp,print,M-pos/Hi-sib/Hf-s/G-keep,47156,2,842,0.017856,841,0.017835,1040,0.022054
vcp,print,M-pos/Hi-sib/Hf-s/G-degem,47156,2,770,0.016329,769,0.016308,892,0.018916
vcp,print,M-pos/Hi-sib/Hf-drop/G-keep,47156,2,839,0.017792,838,0.017772,1037,0.021991
vcp,print,M-pos/Hi-sib/Hf-drop/G-degem,47156,2,767,0.016266,766,0.016245,889,0.018852
vcp,print,M-pos/Hi-s/Hf-slot/G-keep,47156,2,852,0.018068,851,0.018047,1109,0.023518
vcp,print,M-pos/Hi-s/Hf-slot/G-degem,47156,2,780,0.016541,779,0.01652,961,0.020379
vcp,print,M-pos/Hi-s/Hf-s/G-keep,47156,2,854,0.01811,853,0.01809,1111,0.02356
vcp,print,M-pos/Hi-s/Hf-s/G-degem,47156,2,782,0.016584,781,0.016563,963,0.020422
vcp,print,M-pos/Hi-s/Hf-drop/G-keep,47156,2,851,0.018047,850,0.018026,1108,0.023496
vcp,print,M-pos/Hi-s/Hf-drop/G-degem,47156,2,779,0.01652,778,0.016499,960,0.020358
vcp,print,M-nasal/Hi-pos/Hf-slot/G-keep,47156,2,824,0.017474,823,0.017453,982,0.020824
vcp,print,M-nasal/Hi-pos/Hf-slot/G-degem,47156,2,752,0.015947,751,0.015927,834,0.017686
vcp,print,M-nasal/Hi-pos/Hf-s/G-keep,47156,2,826,0.017517,825,0.017496,984,0.020867
vcp,print,M-nasal/Hi-pos/Hf-s/G-degem,47156,2,754,0.01599,753,0.015969,836,0.017728
vcp,print,M-nasal/Hi-pos/Hf-drop/G-keep,47156,2,823,0.017453,822,0.017432,981,0.020803
vcp,print,M-nasal/Hi-pos/Hf-drop/G-degem,47156,2,751,0.015926,750,0.015905,833,0.017665
vcp,print,M-nasal/Hi-sib/Hf-slot/G-keep,47156,2,847,0.017962,846,0.017941,1074,0.022775
vcp,print,M-nasal/Hi-sib/Hf-slot/G-degem,47156,2,775,0.016435,774,0.016414,926,0.019637
vcp,print,M-nasal/Hi-sib/Hf-s/G-keep,47156,2,849,0.018004,848,0.017984,1076,0.022818
vcp,print,M-nasal/Hi-sib/Hf-s/G-degem,47156,2,777,0.016478,776,0.016457,928,0.019679
vcp,print,M-nasal/Hi-sib/Hf-drop/G-keep,47156,2,846,0.017941,845,0.01792,1073,0.022754
vcp,print,M-nasal/Hi-sib/Hf-drop/G-degem,47156,2,774,0.016414,773,0.016393,925,0.019616
vcp,print,M-nasal/Hi-s/Hf-slot/G-keep,47156,2,859,0.018217,858,0.018196,1145,0.024281
vcp,print,M-nasal/Hi-s/Hf-slot/G-degem,47156,2,787,0.01669,786,0.016669,997,0.021143
vcp,print,M-nasal/Hi-s/Hf-s/G-keep,47156,2,861,0.018259,860,0.018238,1147,0.024324
vcp,print,M-nasal/Hi-s/Hf-s/G-degem,47156,2,789,0.016732,788,0.016711,999,0.021185
vcp,print,M-nasal/Hi-s/Hf-drop/G-keep,47156,2,858,0.018195,857,0.018174,1144,0.02426
vcp,print,M-nasal/Hi-s/Hf-drop/G-degem,47156,2,786,0.016668,785,0.016648,996,0.021121
vcp,print,M-nasal_m/Hi-pos/Hf-slot/G-keep,47156,2,969,0.020549,968,0.020528,1556,0.032997
vcp,print,M-nasal_m/Hi-pos/Hf-slot/G-degem,47156,2,898,0.019044,897,0.019023,1409,0.02988
vcp,print,M-nasal_m/Hi-pos/Hf-s/G-keep,47156,2,971,0.020592,970,0.020571,1558,0.033039
vcp,print,M-nasal_m/Hi-pos/Hf-s/G-degem,47156,2,900,0.019086,899,0.019065,1411,0.029922
vcp,print,M-nasal_m/Hi-pos/Hf-drop/G-keep,47156,2,968,0.020528,967,0.020507,1555,0.032976
vcp,print,M-nasal_m/Hi-pos/Hf-drop/G-degem,47156,2,897,0.019022,896,0.019002,1408,0.029858
vcp,print,M-nasal_m/Hi-sib/Hf-slot/G-keep,47156,2,992,0.021037,991,0.021016,1648,0.034948
vcp,print,M-nasal_m/Hi-sib/Hf-slot/G-degem,47156,2,921,0.019531,920,0.019511,1501,0.031831
vcp,print,M-nasal_m/Hi-sib/Hf-s/G-keep,47156,2,994,0.021079,993,0.021059,1650,0.03499
vcp,print,M-nasal_m/Hi-sib/Hf-s/G-degem,47156,2,923,0.019574,922,0.019553,1503,0.031873
vcp,print,M-nasal_m/Hi-sib/Hf-drop/G-keep,47156,2,991,0.021016,990,0.020995,1647,0.034927
vcp,print,M-nasal_m/Hi-sib/Hf-drop/G-degem,47156,2,920,0.01951,919,0.019489,1500,0.031809
vcp,print,M-nasal_m/Hi-s/Hf-slot/G-keep,47156,2,1002,0.021249,1001,0.021228,1719,0.036453
vcp,print,M-nasal_m/Hi-s/Hf-slot/G-degem,47156,2,931,0.019743,930,0.019723,1572,0.033336
vcp,print,M-nasal_m/Hi-s/Hf-s/G-keep,47156,2,1004,0.021291,1003,0.021271,1721,0.036496
vcp,print,M-nasal_m/Hi-s/Hf-s/G-degem,47156,2,933,0.019786,932,0.019765,1574,0.033379
vcp,print,M-nasal_m/Hi-s/Hf-drop/G-keep,47156,2,1001,0.021228,1000,0.021207,1718,0.036432
vcp,print,M-nasal_m/Hi-s/Hf-drop/G-degem,47156,2,930,0.019722,929,0.019701,1571,0.033315
vcp,print,M-m/Hi-pos/Hf-slot/G-keep,47156,2,981,0.020804,980,0.020783,1574,0.033379
vcp,print,M-m/Hi-pos/Hf-slot/G-degem,47156,2,910,0.019298,909,0.019277,1427,0.030261
vcp,print,M-m/Hi-pos/Hf-s/G-keep,47156,2,983,0.020846,982,0.020825,1576,0.033421
vcp,print,M-m/Hi-pos/Hf-s/G-degem,47156,2,912,0.01934,911,0.01932,1429,0.030304
vcp,print,M-m/Hi-pos/Hf-drop/G-keep,47156,2,980,0.020783,979,0.020762,1573,0.033357
vcp,print,M-m/Hi-pos/Hf-drop/G-degem,47156,2,909,0.019277,908,0.019256,1426,0.03024
vcp,print,M-m/Hi-sib/Hf-slot/G-keep,47156,2,1004,0.021291,1003,0.021271,1665,0.035308
vcp,print,M-m/Hi-sib/Hf-slot/G-degem,47156,2,933,0.019786,932,0.019765,1518,0.032191
vcp,print,M-m/Hi-sib/Hf-s/G-keep,47156,2,1006,0.021334,1005,0.021313,1667,0.035351
vcp,print,M-m/Hi-sib/Hf-s/G-degem,47156,2,935,0.019828,934,0.019807,1520,0.032233
vcp,print,M-m/Hi-sib/Hf-drop/G-keep,47156,2,1003,0.02127,1002,0.02125,1664,0.035287
vcp,print,M-m/Hi-sib/Hf-drop/G-degem,47156,2,932,0.019765,931,0.019744,1517,0.03217
vcp,print,M-m/Hi-s/Hf-slot/G-keep,47156,2,1014,0.021504,1013,0.021483,1736,0.036814
vcp,print,M-m/Hi-s/Hf-slot/G-degem,47156,2,943,0.019998,942,0.019977,1589,0.033697
vcp,print,M-m/Hi-s/Hf-s/G-keep,47156,2,1016,0.021546,1015,0.021525,1738,0.036856
vcp,print,M-m/Hi-s/Hf-s/G-degem,47156,2,945,0.02004,944,0.02002,1591,0.033739
vcp,print,M-m/Hi-s/Hf-drop/G-keep,47156,2,1013,0.021482,1012,0.021462,1735,0.036793
vcp,print,M-m/Hi-s/Hf-drop/G-degem,47156,2,942,0.019977,941,0.019956,1588,0.033675
vcp,print,ascii,47156,21,17935,0.380341,17915,0.380078,40626,0.861523
vcp,print,roman,47156,976,15874,0.336635,14899,0.322629,24249,0.514229
vcp,main,M-pos/Hi-pos/Hf-slot/G-keep,47156,2,817,0.017326,816,0.017305,946,0.020061
vcp,main,M-pos/Hi-pos/Hf-slot/G-degem,47156,2,745,0.015799,744,0.015778,798,0.016923
vcp,main,M-pos/Hi-pos/Hf-s/G-keep,47156,2,819,0.017368,818,0.017347,948,0.020103
vcp,main,M-pos/Hi-pos/Hf-s/G-degem,47156,2,747,0.015841,746,0.015821,800,0.016965
vcp,main,M-pos/Hi-pos/Hf-drop/G-keep,47156,2,816,0.017305,815,0.017284,945,0.02004
vcp,main,M-pos/Hi-pos/Hf-drop/G-degem,47156,2,744,0.015778,743,0.015757,797,0.016901
vcp,main,M-pos/Hi-sib/Hf-slot/G-keep,47156,2,840,0.017814,839,0.017793,1038,0.022012
vcp,main,M-pos/Hi-sib/Hf-slot/G-degem,47156,2,768,0.016287,767,0.016266,890,0.018874
vcp,main,M-pos/Hi-sib/Hf-s/G-keep,47156,2,842,0.017856,841,0.017835,1040,0.022054
vcp,main,M-pos/Hi-sib/Hf-s/G-degem,47156,2,770,0.016329,769,0.016308,892,0.018916
vcp,main,M-pos/Hi-sib/Hf-drop/G-keep,47156,2,839,0.017792,838,0.017772,1037,0.021991
vcp,main,M-pos/Hi-sib/Hf-drop/G-degem,47156,2,767,0.016266,766,0.016245,889,0.018852
vcp,main,M-pos/Hi-s/Hf-slot/G-keep,47156,2,852,0.018068,851,0.018047,1109,0.023518
vcp,main,M-pos/Hi-s/Hf-slot/G-degem,47156,2,780,0.016541,779,0.01652,961,0.020379
vcp,main,M-pos/Hi-s/Hf-s/G-keep,47156,2,854,0.01811,853,0.01809,1111,0.02356
vcp,main,M-pos/Hi-s/Hf-s/G-degem,47156,2,782,0.016584,781,0.016563,963,0.020422
vcp,main,M-pos/Hi-s/Hf-drop/G-keep,47156,2,851,0.018047,850,0.018026,1108,0.023496
vcp,main,M-pos/Hi-s/Hf-drop/G-degem,47156,2,779,0.01652,778,0.016499,960,0.020358
vcp,main,M-nasal/Hi-pos/Hf-slot/G-keep,47156,2,824,0.017474,823,0.017453,982,0.020824
vcp,main,M-nasal/Hi-pos/Hf-slot/G-degem,47156,2,752,0.015947,751,0.015927,834,0.017686
vcp,main,M-nasal/Hi-pos/Hf-s/G-keep,47156,2,826,0.017517,825,0.017496,984,0.020867
vcp,main,M-nasal/Hi-pos/Hf-s/G-degem,47156,2,754,0.01599,753,0.015969,836,0.017728
vcp,main,M-nasal/Hi-pos/Hf-drop/G-keep,47156,2,823,0.017453,822,0.017432,981,0.020803
vcp,main,M-nasal/Hi-pos/Hf-drop/G-degem,47156,2,751,0.015926,750,0.015905,833,0.017665
vcp,main,M-nasal/Hi-sib/Hf-slot/G-keep,47156,2,847,0.017962,846,0.017941,1074,0.022775
vcp,main,M-nasal/Hi-sib/Hf-slot/G-degem,47156,2,775,0.016435,774,0.016414,926,0.019637
vcp,main,M-nasal/Hi-sib/Hf-s/G-keep,47156,2,849,0.018004,848,0.017984,1076,0.022818
vcp,main,M-nasal/Hi-sib/Hf-s/G-degem,47156,2,777,0.016478,776,0.016457,928,0.019679
vcp,main,M-nasal/Hi-sib/Hf-drop/G-keep,47156,2,846,0.017941,845,0.01792,1073,0.022754
vcp,main,M-nasal/Hi-sib/Hf-drop/G-degem,47156,2,774,0.016414,773,0.016393,925,0.019616
vcp,main,M-nasal/Hi-s/Hf-slot/G-keep,47156,2,859,0.018217,858,0.018196,1145,0.024281
vcp,main,M-nasal/Hi-s/Hf-slot/G-degem,47156,2,787,0.01669,786,0.016669,997,0.021143
vcp,main,M-nasal/Hi-s/Hf-s/G-keep,47156,2,861,0.018259,860,0.018238,1147,0.024324
vcp,main,M-nasal/Hi-s/Hf-s/G-degem,47156,2,789,0.016732,788,0.016711,999,0.021185
vcp,main,M-nasal/Hi-s/Hf-drop/G-keep,47156,2,858,0.018195,857,0.018174,1144,0.02426
vcp,main,M-nasal/Hi-s/Hf-drop/G-degem,47156,2,786,0.016668,785,0.016648,996,0.021121
vcp,main,M-nasal_m/Hi-pos/Hf-slot/G-keep,47156,2,969,0.020549,968,0.020528,1556,0.032997
vcp,main,M-nasal_m/Hi-pos/Hf-slot/G-degem,47156,2,898,0.019044,897,0.019023,1409,0.02988
vcp,main,M-nasal_m/Hi-pos/Hf-s/G-keep,47156,2,971,0.020592,970,0.020571,1558,0.033039
vcp,main,M-nasal_m/Hi-pos/Hf-s/G-degem,47156,2,900,0.019086,899,0.019065,1411,0.029922
vcp,main,M-nasal_m/Hi-pos/Hf-drop/G-keep,47156,2,968,0.020528,967,0.020507,1555,0.032976
vcp,main,M-nasal_m/Hi-pos/Hf-drop/G-degem,47156,2,897,0.019022,896,0.019002,1408,0.029858
vcp,main,M-nasal_m/Hi-sib/Hf-slot/G-keep,47156,2,992,0.021037,991,0.021016,1648,0.034948
vcp,main,M-nasal_m/Hi-sib/Hf-slot/G-degem,47156,2,921,0.019531,920,0.019511,1501,0.031831
vcp,main,M-nasal_m/Hi-sib/Hf-s/G-keep,47156,2,994,0.021079,993,0.021059,1650,0.03499
vcp,main,M-nasal_m/Hi-sib/Hf-s/G-degem,47156,2,923,0.019574,922,0.019553,1503,0.031873
vcp,main,M-nasal_m/Hi-sib/Hf-drop/G-keep,47156,2,991,0.021016,990,0.020995,1647,0.034927
vcp,main,M-nasal_m/Hi-sib/Hf-drop/G-degem,47156,2,920,0.01951,919,0.019489,1500,0.031809
vcp,main,M-nasal_m/Hi-s/Hf-slot/G-keep,47156,2,1002,0.021249,1001,0.021228,1719,0.036453
vcp,main,M-nasal_m/Hi-s/Hf-slot/G-degem,47156,2,931,0.019743,930,0.019723,1572,0.033336
vcp,main,M-nasal_m/Hi-s/Hf-s/G-keep,47156,2,1004,0.021291,1003,0.021271,1721,0.036496
vcp,main,M-nasal_m/Hi-s/Hf-s/G-degem,47156,2,933,0.019786,932,0.019765,1574,0.033379
vcp,main,M-nasal_m/Hi-s/Hf-drop/G-keep,47156,2,1001,0.021228,1000,0.021207,1718,0.036432
vcp,main,M-nasal_m/Hi-s/Hf-drop/G-degem,47156,2,930,0.019722,929,0.019701,1571,0.033315
vcp,main,M-m/Hi-pos/Hf-slot/G-keep,47156,2,981,0.020804,980,0.020783,1574,0.033379
vcp,main,M-m/Hi-pos/Hf-slot/G-degem,47156,2,910,0.019298,909,0.019277,1427,0.030261
vcp,main,M-m/Hi-pos/Hf-s/G-keep,47156,2,983,0.020846,982,0.020825,1576,0.033421
vcp,main,M-m/Hi-pos/Hf-s/G-degem,47156,2,912,0.01934,911,0.01932,1429,0.030304
vcp,main,M-m/Hi-pos/Hf-drop/G-keep,47156,2,980,0.020783,979,0.020762,1573,0.033357
vcp,main,M-m/Hi-pos/Hf-drop/G-degem,47156,2,909,0.019277,908,0.019256,1426,0.03024
vcp,main,M-m/Hi-sib/Hf-slot/G-keep,47156,2,1004,0.021291,1003,0.021271,1665,0.035308
vcp,main,M-m/Hi-sib/Hf-slot/G-degem,47156,2,933,0.019786,932,0.019765,1518,0.032191
vcp,main,M-m/Hi-sib/Hf-s/G-keep,47156,2,1006,0.021334,1005,0.021313,1667,0.035351
vcp,main,M-m/Hi-sib/Hf-s/G-degem,47156,2,935,0.019828,934,0.019807,1520,0.032233
vcp,main,M-m/Hi-sib/Hf-drop/G-keep,47156,2,1003,0.02127,1002,0.02125,1664,0.035287
vcp,main,M-m/Hi-sib/Hf-drop/G-degem,47156,2,932,0.019765,931,0.019744,1517,0.03217
vcp,main,M-m/Hi-s/Hf-slot/G-keep,47156,2,1014,0.021504,1013,0.021483,1736,0.036814
vcp,main,M-m/Hi-s/Hf-slot/G-degem,47156,2,943,0.019998,942,0.019977,1589,0.033697
vcp,main,M-m/Hi-s/Hf-s/G-keep,47156,2,1016,0.021546,1015,0.021525,1738,0.036856
vcp,main,M-m/Hi-s/Hf-s/G-degem,47156,2,945,0.02004,944,0.02002,1591,0.033739
vcp,main,M-m/Hi-s/Hf-drop/G-keep,47156,2,1013,0.021482,1012,0.021462,1735,0.036793
vcp,main,M-m/Hi-s/Hf-drop/G-degem,47156,2,942,0.019977,941,0.019956,1588,0.033675
vcp,main,ascii,47156,21,17935,0.380341,17915,0.380078,40626,0.861523
vcp,main,roman,47156,976,15874,0.336635,14899,0.322629,24249,0.514229
