dict,L,k1,n_preverb_sub,preverbs
cae,301,aNKay,1,pari
cae,340,ac,7,apa|A|ud|ni|pari|vi|sam
cae,384,aj,9,apa|aBi|ava|A|ud|upa|nis|vi|sam
cae,443,aYj,8,anu|aBi|A|ni|prati|vi|aBivi|sam
cae,468,at,1,sam
cae,989,an,6,apa|ud|pra|vi|sam|anusam
cae,2512,am,1,aBi
cae,2871,arTay,3,aBi|pra|sam
cae,3062,av,2,upa|pra
cae,3444,aS,4,aBi|upa|vi|sam
cae,3445,aS,3,ati|upa|sam
cae,3613,as,8,ati|api|aBi|upa|pari|pra|prati|sam
cae,3614,as,16,apa|aBi|ud|vyud|ni|upani|vini|saMni|nis|parA|pari|vipari|pra|prati|vi|sam
cae,3957,AkarRay,1,upa
cae,4319,Ap,13,anu|aBi|ava|samava|pari|pra|anupra|samanupra|saMpra|anusaMpra|vi|sam|parisam
cae,4772,As,6,aDi|ud|upa|samupa|pari|sam
cae,4880,i,43,acCa|ati|aByati|vyati|aDi|samaDi|anu|antar|apa|vyapa|api|aBi|ava|samava|A|aByA|udA|upA|paryA|pratyA|samA|ud|apod|aByud|samud|upa|aByupa|samupa|ni|nis|parA|pari|vipari|saMpari|pra|anupra|aBipra|prati|vi|aBivi|sam|anusam|aBisam
cae,5030,iz,4,anu|pra|anupra|saMpra
cae,5031,iz,7,anu|paryanu|samanu|aBi|pari|prati|vi
cae,5077,Ikz,25,apa|aBi|ava|anvava|pratyava|samava|ud|samud|upa|samupa|nis|pari|pra|aBipra|utpra|upapra|aBisaMpra|prati|saMprati|vi|anuvi|aBivi|udvi|sam|aBisam
cae,5087,INK,1,pra
cae,5089,Ij,1,sam
cae,5090,Iq,4,pra|upapra|prati|sam
cae,5099,Ips,2,aBi|pari
cae,5104,Ir,7,A|nyA|ud|aByud|samud|pra|sam
cae,5135,Iz,3,apa|A|vi
cae,5160,ukz,9,anu|aBi|ava|A|pari|pra|saMpra|vi|sam
cae,5161,ukz,1,sam
cae,5179,uc,2,ni|sam
cae,5242,ujJ,1,pra
cae,5270,utkaRW,2,pra|sam
cae,5436,ud,4,anu|aBi|ni|vi
cae,5664,unmUl,1,sam
cae,5975,ubj,2,ni|nis
cae,5976,uB,2,ni|sam
cae,6062,uz,3,ud|ni|prati
cae,6141,UrRu,2,apa|aBi
cae,6198,Uh,17,aDi|apa|vyapa|aBi|ava|ud|aByud|vyud|upa|samupa|nis|pari|prati|vi|prativi|sam|parisam
cae,6199,Uh,2,api|aBi
cae,6208,f,12,anu|apa|aBi|A|ud|upa|ni|nis|pra|prati|vi|sam
cae,6231,fc,3,aBi|pra|sam
cae,6236,fj,5,aBi|A|ni|pra|sam
cae,6237,fj,3,ati|anu|upa
cae,6309,fd,3,aBi|vi|sam
cae,6314,fD,3,anu|vi|sam
cae,6328,fz,5,anu|aBi|pari|vi|sam
cae,6329,fz,1,ni
cae,6520,ej,3,apa|ud|sam
cae,6560,eD,1,sam
cae,6922,katT,1,vi
cae,6932,kaTay,4,pari|pra|vi|sam
cae,7064,kamp,5,anu|aBi|pra|vi|sam
cae,7254,kal,5,A|upa|pari|pra|sam
cae,7375,kaz,3,apa|ud|ni
cae,7412,kANkz,6,anu|A|pratyA|samA|pra|prati
cae,7718,kAS,6,aBi|ava|nis|saMpra|vi|sam
cae,7846,kIrtay,3,anu|pari|sam
cae,7870,kuc,1,sam
cae,7938,kutsay,1,aBi
cae,7957,kup,3,pari|pra|sam
cae,8130,kuz,1,nis
cae,8181,kUj,1,anu
cae,8198,kUq,1,upa
cae,8199,kUR,2,ni|vi
cae,8214,kUrd,2,ud|pra
cae,8222,kUl,1,ava
cae,8251,kft,8,apa|ava|ud|ni|pari|pra|vi|sam
cae,8341,kfp,1,anu
cae,8350,kfpAy,1,anu
cae,8372,kfz,19,ati|anu|apa|vyapa|ava|A|apA|vyA|samA|ud|ni|saMni|nis|pari|pra|vipra|saMpra|vi|sam
cae,8407,kxp,8,aBi|ava|upa|pari|pra|vi|sam|upasam
cae,8610,krand,6,aBi|ava|A|pra|vi|sam
cae,8616,kram,29,ati|aByati|vyati|aDi|anu|apa|aBi|samaBi|ava|aDyA|samA|ud|vyud|upa|samupa|ni|nis|aBinis|upanis|parA|pari|pra|saMpra|prati|vi|anuvi|nirvi|sam|anusam
cae,8671,krI,8,apa|aBi|ava|A|nis|pari|vi|sam
cae,8695,kruD,3,aBi|prati|sam
cae,8701,kruS,8,anu|aBi|A|ud|upa|pra|vi|sam
cae,8735,klam,2,pari|vi
cae,8743,kliS,1,ati
cae,8755,kvaR,1,ud
cae,8789,kzap,1,sam
cae,8800,kzam,2,aBi|sam
cae,8822,kzar,9,aBi|anu|aBi|A|upa|prati|pra|vi|sam
cae,8824,kzal,1,pra
cae,8827,kzA,2,pra|sam
cae,8843,kzi,6,aDi|A|upa|pari|prati|sam
cae,8844,kzi,2,apa|pari
cae,8861,kzip,19,aDi|apa|aBi|ava|A|vyA|samA|ud|samud|upa|ni|upani|vini|pari|pra|prati|vi|pravi|sam
cae,8901,kzud,2,ava|pra
cae,8907,kzuD,1,vi
cae,8915,kzuB,1,pra vi
cae,8985,kzRu,2,ava|sam
cae,9042,KaRqay,1,vi
cae,9049,Kan,8,aBi|ud|prod|ni|nis|pari|pra|vi
cae,9093,KAd,1,pra
cae,9113,Kid,7,A|ud|ni|nis|pari|vi|sam
cae,9186,gaRay,2,ava|pari
cae,9240,gad,3,ni|praRi|vini
cae,9285,gam,40,acCa|acCA|ati|aDi|samaDi|anu|samanu|antar|apa|vyapa|api|aBi|ava|A|aDyA|anvA|aByA|upA|nyA|paryA|pratyA|samA|ud|apod|aByud|pratyud|upa|aByupa|samupa|ni|upani|nis|vinis|parA|pari|pra|pra/ti|vi|sam|aBisam
cae,9314,garj,6,anu|aBi|pra|prati|vi|sam
cae,9355,garh,2,*ni|vi
cae,9362,gal,4,ava|pra|vi|pravi
cae,9398,gA,19,acCa|ati|aDi|anu|antar|apa|api|aBi|ava|A|upA|paryA|ud|upa|nis|pari|pra|vi|sam
cae,9399,gA,11,acCa|anu|aBi|A|ud|upa|ni|pra|aBipra|vi|sam
cae,9458,gAh,7,ati|aBi|ava|ud|upa|pra|vi
cae,9562,guRW,3,ava|samava|A
cae,9574,gur,4,apa|ava|A|ud
cae,9614,guh,5,apa|ava|ud|upa|ni
cae,9631,gf,8,anu|aBi|A|pratyA|upa|pra|prati|sam
cae,9641,gfD,2,anu|prati
cae,9654,gfBAya,3,anu|ud|sam
cae,9772,gopAy,1,aBi
cae,9865,graT,2,ud|vi
cae,9881,graB,19,anu|apa|aBi|ava|A|ud|upa|ni|saMni|pari|saMpari|pra|saMpra|prati|vi|sam|anusam|upasam|pratisam
cae,9884,gras,5,A|upa|pari|pra|sam
cae,9951,glA,1,pra
cae,9958,Gaw,4,ud|pra|vi|sam
cae,9967,Gaww,4,ava|pari|vi|sam
cae,10029,GAtay,4,vyA|ni|prati|vi
cae,10039,Guz,5,ava|A|ud|vi|sam
cae,10043,GUrR,4,ava|A|pari|vi
cae,10047,Gf,1,vyA
cae,10077,Gfz,4,ava|ud|ni|nis
cae,10103,GrA,3,ava|A|samA
cae,10139,cakz,12,anu|aBi|ava|A|pratyA|vyA|pari|pra|saMpra|prati|vi|sam
cae,10165,caw,2,ud|vi
cae,10327,cam,1,A
cae,10347,car,24,a/cCa|ati|aDi|anu|antar|apa|aBi|vyaBi|ava|A|samA|aByud|prod|vyud|upa|nis|parA|pari|pra|saMpra|vi|pravi|sam|anusam
cae,10403,cal,8,A|ud|samud|pari|pra|vi|pravi|sam
cae,10452,cAy,2,apa|ni
cae,10484,ci,12,aDi|apa|ava|A|ud|samud|samupa|pari|pra|vi|saMvi|sam
cae,10504,cit,4,A|pra|vi|sam
cae,10574,cint,6,anu|samanu|pari|pra|vi|sam
cae,10638,cud,5,aBi|pari|pra|aBi|sam
cae,10641,cumb,2,vyati|pari
cae,10662,cUrRay,1,ava
cae,10690,cezw,4,A|pari|vi|sam
cae,10745,cyu,6,A|ud|pari|pra|anupra|vi
cae,10763,Cad,2,upa|sam
cae,10799,Calay,1,upa
cae,10803,CA,3,ava|A|pra
cae,10831,Cid,8,antar|ava|vyava|A|samud|pari|pra|vi
cae,10852,Cur,2,A|vi
cae,10855,Cfd,3,A|pra|vi
cae,10871,jakz,1,pra
cae,10957,jan,11,aDi|anu|aBi|A|ud|upa|samupa|pra|prati|vi|sam
cae,11030,jap,3,A|upa|sam
cae,11181,jalp,6,aBi|upa|pari|pra|vi|sam
cae,11198,jas,2,ud|ni
cae,11331,ji,12,apa|aBi|ava|A|nis|vinis|parA|pari|pra|prati|vi|sam
cae,11362,jinv,2,pra|upapra
cae,11397,jIv,8,ati|anu|A|ud|upa|pratyupa|vi|sam
cae,11465,juz,3,aBi|upa|prati
cae,11475,jU,1,pra
cae,11487,jUrv,2,ni|sam
cae,11488,jf,1,sam
cae,11489,jf,2,prati|sam
cae,11490,jfmB,5,ud|pari|pra|vi|sam
cae,11504,jeh,1,vi
cae,11528,jYA,18,anu|aByanu|aBi|pratyaBi|samaBi|ava|A|samA|upa|nis|pari|pra|prati|saMprati|vi|aBivi|sam|aBisam
cae,11576,jyA,1,aDi
cae,11625,jvar,2,sam|anusam
cae,11629,jval,5,aBi|ud|aBipra|aBivi|sam
cae,11712,qI,3,ud|prod|pra
cae,11726,QOk,1,upa
cae,11729,taMs,3,aBi|pari|vi
cae,11730,tak,1,nis
cae,11738,takz,8,anu|apa|A|ud|nis|pra|vi|sam
cae,11752,taYc,1,A
cae,11890,tan,13,aDi|anu|aBi|ava|A|anvA|vyA|samA|pari|pra|vi|sam|anusam
cae,11956,tap,15,ati|anu|pratyanu|aBi|A|aByA|ud|upa|nis|pari|pra|prati|vi|sam|aBisam
cae,12003,tam,3,A|ud|pra
cae,12075,taruz,1,A
cae,12082,tark,3,pari|vi|sam
cae,12087,tarj,3,aBi|pari|sam
cae,12302,tij,1,ud
cae,12411,tu,1,ud
cae,12440,tud,4,A|ni|pra|vi
cae,12483,tul,3,A|ud|sam
cae,12522,tuS,1,ni
cae,12524,tuz,3,upa|pari|sam
cae,12587,tf,13,ati|aBi|ava|A|ud|aByud|samud|ni|nis|pra|vipra|vi|sam
cae,12627,tfd,5,anu|aBi|A|vi|sam
cae,12629,tfp,6,aBi|A|pari|pra|vi|sam
cae,12640,tfz,1,vi
cae,12654,tfh,1,vi
cae,12755,tyaj,4,aBi|samaBi|pari|sam
cae,12768,trap,1,apa
cae,12788,tras,7,apa|ud|samud|nis|parA|pra|vi
cae,12795,trA,1,pari
cae,13071,tvar,3,ati|pari|pra
cae,13112,daMS,3,nis|pari|sam
cae,13179,daG,1,ati
cae,13305,daB,2,A|upa
cae,13336,day,2,ava|vi
cae,13394,dal,3,ava|ud|vi
cae,13447,daSasy,1,A
cae,13479,dah,11,ati|anu|upa|ni|nis|vinis|pari|pra|prati|vi|sam
cae,13483,dA,18,anu|aBi|A|apA|aByA|upA|samupA|pratyA|vyA|samA|ud|parA|pari|pra|saMpra|prati|vi|sam
cae,13485,dA,5,ava|nis|samava|A|vi
cae,13486,dA,3,A|vi|sam
cae,13706,div,3,ati|prati|vi
cae,13707,div,1,pari
cae,13769,diS,23,ati|anu|samanu|apa|vyapa|A|upA|pratyA|vyA|samA|ud|samud|upa|pratyupa|samupa|nis|aBinis|vinis|pari|pra|saMpra|sam|pratisam
cae,13776,dih,1,aBi
cae,13777,dI,2,nis|pari
cae,13779,dIkz,1,aBi
cae,13794,dIDi,6,anu|aBi|A|ud|prati|vi
cae,13857,du,5,aBi|A|pari|pra|vi
cae,14063,durmanAy,1,ati
cae,14178,duz,3,pra|vi|sam
cae,14237,duh,4,nis|vipra|vi|sam
cae,14295,dUzay,3,pra|vi|sam
cae,14303,df,6,ava|A|nis|pari|pra|vi
cae,14304,df,2,atyA|pratyA
cae,14332,dfB,1,sam
cae,14698,dyut,5,aBi|ud|pra|vi|sam
cae,14791,drA,3,apa|aBi|vi
cae,14792,drA,2,ava|ni
cae,14806,dru,15,ati|aDi|anu|apa|aBi|A|samA|ud|upa|nis|pari|pra|vipra|vi|sam
cae,14823,druh,1,aBi
cae,14995,dviz,2,pra|vi
cae,15138,Danv,4,acCa|anu|pra|sam
cae,15299,Dav,1,ava
cae,15311,DA,43,aDi|anu|antar|apa|api|aBi|pratyaBi|ava|vyava|A|atyA|aDyA|anvA|aByA|upA|vyA|samA|upasamA|ud|upa|tiras|ni|aDini|apani|aBini|upani|praRi|vini|saMni|nis|pari|vipari|puras|pra|prati|vi|prativi|saMvi|sam|anusam|aBisam|upasam|pratisam
cae,15313,DA,2,upa|nis
cae,15393,DAv,15,ati|anu|apa|api|aBi|ava|A|upa|nis|pari|pra|prati|vi|anuvi|sam
cae,15394,DAv,5,A|ni|pra|vi|sam
cae,15462,DU,12,apa|aBi|ava|vyava|A|ud|samud|nis|vinis|pra|vi|sam
cae,15467,DUnay,1,ava
cae,15471,DUpay,4,ava|A|upa|pra
cae,15541,Dfz,7,apa|aBi|A|pra|saMpra|prati|vi
cae,15581,DyA,9,anu|samanu|apa|aBi|ava|ni|nis|pra|sam
cae,15614,DvaMs,5,apa|ava|ni|vini|pra
cae,15627,Dvan,1,aBi
cae,15670,nakz,4,aBi|ava|pari|pra
cae,15730,naw,1,*ud
cae,15746,nad,7,anu|ud|upa|ni|prati|vi|sam
cae,15777,nand,5,aBi|pratyaBi|samaBi|A|prati
cae,15801,naB,1,ud
cae,15830,nam,13,ati|anu|aBi|ava|A|ud|samud|ni|pari|pra|aBipra|prati|vi
cae,15841,namasy,1,sam
cae,15929,nard,4,aBi|prati|vi|sam
cae,16027,nas,1,sam
cae,16038,nah,8,apa|api|ava|A|ud|upa|pari|sam
cae,16121,nAT,1,anu
cae,16298,nikz,1,vi
cae,16381,nid,1,prati
cae,17164,nI,30,acCa|ati|anu|pratyanu|apa|vyapa|aBi|ava|aByava|vyava|samava|A|udA|upA|paryA|pratyA|samA|ud|samud|upa|samupa|ni|nis|parA|pari|pra|saMpra|prati|vi|sam
cae,17233,nu,7,acCa|anu|aBi|A|pra|aBipra|sam
cae,17234,nu,2,apa|aBi
cae,17237,nud,11,apa|vyapa|apA|vyapA|nis|parA|pra|prati|vi|sam|upasam
cae,17252,nft,6,anu|A|upa|pari|pra|sam
cae,17527,pac,2,pari|vi
cae,17631,paw,3,ava|ud|vi
cae,17664,paW,4,anu|pari|pra|vi
cae,17673,paR,1,vi
cae,17706,pat,23,acCa|ati|anu|antar|aBi|samaBi|ava|A|aByA|samA|ud|aByud|samud|ni|praRi|vini|saMni|nis|parA|pari|pra|vi|sam
cae,17727,patay,2,acCa|vi
cae,17814,pad,31,ati|anu|apa|api|aBi|ava|A|aByA|pratyA|vyA|samA|ud|vyud|samud|upa|aByupa|ni|anuni|nis|aBinis|pra|anupra|aBipra|saMpra|prati|viprati|saMprati|vi|sam|aBisam|upasam
cae,17887,pan,2,A|vi
cae,18568,palAy,2,pra|vi
cae,18671,pA,6,A|ni|pari|pra|vi|sam
cae,18673,pA,5,aBi|ni|nis|pari|pra
cae,19029,pAlay,6,anu|aBi|pari|pra|prati|sam
cae,19189,pinv,1,pra
cae,19216,piS,1,aBi
cae,19233,piz,5,nis|pra|prati|vi|sam
cae,19249,pI,2,aBi|A
cae,19256,pIq,10,aBi|ava|A|ud|upa|ni|nis|pari|pra|sam
cae,19580,puz,2,ud|upa
cae,19639,pU,9,ati|aBi|A|ud|nis|parA|pari|vi|sam
cae,19644,pUj,5,aBi|pari|pra|prati|sam
cae,19806,pf,6,aBi|A|ni|pari|pra|sam
cae,19807,pf,2,ati|nis
cae,19812,pfc,4,A|upa|vi|sam
cae,20044,pyA,3,A|samA|pra
cae,20170,praC,7,anu|A|upA|pari|prati|vi|sam
cae,20600,praT,5,anu|aBi|A|prati|vi
cae,21450,prI,2,A|sam
cae,21465,pru,5,ati|apa|aBi|ud|ni
cae,21466,pruT,1,pra
cae,21467,pruz,3,aBi|pari|vi
cae,21587,plu,12,aBi|samaBi|ava|A|upanyA|samA|ud|upa|pari|pra|vi|sam
cae,21621,Pal,3,ud|prati|vi
cae,21622,Pal,1,prati
cae,21740,banD,11,anu|ava|A|ud|upa|ni|pari|pra|prati|sam|aBisam
cae,21986,bAD,13,ati|apa|aBi|ava|A|ud|ni|nis|pari|pra|prati|vi|sam
cae,22186,buD,10,anu|ava|samava|A|ud|ni|pra|prati|vi|sam
cae,22212,bfh,5,aBi|upa|samupa|pari|sam
cae,22473,brU,13,acCA|ati|aDi|anu|apa|A|ud|upa|nis|pra|prati|vi|sam
cae,22494,Bakz,2,pari|sam
cae,22537,Baj,10,apa|A|anvA|nis|pari|prati|vi|pravi|saMvi|sam
cae,22543,BaYj,6,aBi|ava|nis|pra|vi|sam
cae,22559,BaR,1,prati
cae,22735,BA,12,ati|anu|aBi|ava|A|ud|nis|pra|prati|saMprati|vi|sam
cae,22862,BAz,10,anu|apa|aBi|A|vyA|pari|pra|prati|vi|sam
cae,22876,BAs,9,ava|A|ud|samud|nis|pari|pra|prati|vi
cae,22917,Bid,8,ava|ud|pari|pra|prati|vi|sam|anusam
cae,22947,BI,2,ni|vi
cae,22987,Buj,5,ava|ni|nis|pari|pra
cae,22988,Buj,5,anu|aBi|upa|pari|sam
cae,23018,Bur,1,pari
cae,23040,BU,20,ati|anu|samanu|antar|apa|aBi|A|anvA|aByA|ud|samud|upa|tiras|nis|parA|pari|pra|prati|sam|aBisam
cae,23194,BUz,5,A|upa|pari|prati|vi
cae,23205,Bf,13,apa|ava|A|paryA|samA|ud|upa|nis|pari|pra|aBipra|vi|sam
cae,23218,Bfjj,3,ava|pari|sam
cae,23320,BraMS,3,pra|vi|sam
cae,23325,Bram,5,ud|pari|pra|vi|sam
cae,23458,majj,6,ud|upa|ni|saMni|nis|pra
cae,23508,maRq,1,pari
cae,23575,maT,8,aBi|A|ud|upa|nis|pra|vi|sam
cae,23583,mad,8,anu|aBi|ud|upa|pra|aBipra|vi|sam
cae,23774,man,10,ati|anu|ava|aBi|ava|aByava|pari|prati|vi|sam
cae,23894,mantray,9,anu|aBi|A|upA|upa|ni|pari|prati|sam
cae,24138,mah,1,sam
cae,24469,mA,9,anu|upa|nis|aBinis|vinis|pari|pra|vi|sam
cae,24779,mi,5,ud|ni|pra|vi|sam
cae,24875,mil,1,sam
cae,24885,miSray,1,vi
cae,24888,miz,2,ud|ni
cae,24893,mih,4,aBi|ava|ni|pra
cae,24897,mI,3,A|ud|pra
cae,24907,mIl,5,A|ud|prod|ni|sam
cae,24910,mIv,3,A|pra|prati
cae,24998,muc,15,ati|aBi|ava|A|ud|upa|nis|vinis|pari|pra|vipra|prati|vi|pravi|sam
cae,25016,mud,2,anu|prati
cae,25027,mudray,2,ud|vi
cae,25067,muzAy,1,A
cae,25085,muh,4,ati|vyA|pra|vi
cae,25104,mUtray,1,ava
cae,25113,mUrC,1,sam
cae,25155,mf,3,anu|aBi|pari
cae,25156,mf,3,upa|ni|pra
cae,25159,mfkz,2,aBi|ni
cae,25174,mfgay,2,pari|vi
cae,25217,mfj,12,anu|apa|ava|A|ud|upa|ni|nis|pari|pra|vi|sam
cae,25227,mfR,4,ni|pra|vi|sam
cae,25265,mfd,7,aBi|ava|ud|ni|pari|pra|vi
cae,25287,mfD,1,pari
cae,25296,mfS,9,anu|aBi|ava|A|parA|pari|pra|vi|sam
cae,25297,mfz,4,api|A|upa|pra
cae,25417,mokzay,1,vi
cae,25497,myakz,5,apa|A|ni|parA|sam
cae,25507,mlA,3,pari|pra|vi
cae,25513,mluc,4,anu|upa|ni|aBini
cae,25546,yaj,8,anu|apa|api|ava|A|pari|pra|sam
cae,25639,yat,12,aDi|A|anvA|upa|ni|nis|pratinis|pari|pra|prati|vi|sam
cae,25828,yantray,3,upa|ni|sam
cae,25833,yam,17,aDi|anu|antar|A|aByA|samA|ud|prod|samud|upa|ni|vini|pra|pratipra|saMpra|vi|sam
cae,25929,yas,2,A|pra
cae,25934,yA,35,acCa|ati|anu|apa|pratyapa|vyapa|aBi|ava|A|atyA|aByA|upA|pratyA|samA|ud|pratyud|upa|aByupa|pratyupa|samupa|ni|nis|aBinis|pari|pra|anupra|aBipra|pratipra|saMpra|prati|vi|sam|anusam|aBisam|pratisam
cae,25937,yAc,6,anu|aBi|A|nis|pra|saMpra
cae,26068,yu,5,A|paryA|ni|pra|sam
cae,26070,yu,4,apa|nis|pra|vi
cae,26105,yuj,16,anu|aBi|pratyaBi|A|samA|ud|upa|ni|vini|saMni|pra|anupra|vipra|saMpra|vi|sam
cae,26119,yuD,7,aBi|A|ud|ni|pra|prati|sam
cae,26169,yez,1,nis
cae,26282,rakz,8,anu|aBi|A|pari|pra|prati|vi|sam
cae,26349,rac,3,A|upa|vi
cae,26354,raj,6,anu|apa|aBi|upa|vi|sam
cae,26399,raw,1,A
cae,26560,rad,2,pra|vi
cae,26567,raD,1,ni
cae,26586,rapS,2,pra|vi
cae,26590,raB,10,anu|A|anvA|samanvA|aByA|prA|pari|saMpari|sam|aBisam
cae,26600,ram,10,anu|aBi|upAva|A|upA|upa|vyupa|ni|pari|vi
cae,26667,ras,2,aBi|A
cae,26704,rah,1,vi
cae,26718,rA,1,sam
cae,26720,rA,1,aBi
cae,26746,rAj,7,anu|nis|pari|vi|ativi|anuvi|sam
cae,26930,rAD,8,apa|aBi|ava|A|upA|samA|vi|sam
cae,26999,ri,6,anu|A|ni|nis|vi|sam
cae,27025,riP,2,ava|A
cae,27042,rih,3,A|pari|sam
cae,27046,ru,3,aBi|pra|vi
cae,27066,ruc,8,ati|aBi|ud|upa|pra|prati|vi|sam
cae,27078,ruj,4,ava|A|pra|vi
cae,27089,rud,3,anu|pra|vi
cae,27104,ruD,1,vi
cae,27105,ruD,13,anu|apa|ava|samava|A|upa|ni|saMni|pari|pra|prati|vi|sam
cae,27135,ruh,18,ati|aDi|anu|api|aBi|ava|A|atyA|aDyA|anvA|aByA|upA|samA|upa|pra|prati|vi|sam
cae,27161,rUpay,1,ni
cae,27186,rej,2,pra|sam
cae,27335,lakzay,7,aBi|A|upA|upa|samupa|vi|sam
cae,27354,lag,3,ava|A|vi
cae,27393,laNG,4,ati|aBi|ud|vi
cae,27398,lajj,1,vi
cae,27425,lap,8,apa|aBi|A|ud|samud|pra|vi|sam
cae,27443,laB,13,anu|aBi|A|anvA|upA|samA|upa|pratyupa|samupa|pra|vipra|vi|sam
cae,27450,lamb,10,ava|A|vyA|samA|ud|pari|pra|prati|vi|pravi
cae,27515,laz,3,aBi|samaBi|A
cae,27516,las,4,ud|prod|samud|vi
cae,27573,liK,11,aBi|A|samA|ud|prod|samud|pari|pra|prati|vi|sam
cae,27595,lip,8,anu|ava|A|upa|ni|pra|vi|sam
cae,27606,lih,8,ava|A|ud|upa|nis|pari|vi|sam
cae,27609,lI,12,aBi|ava|vyava|A|ni|saMni|pra|saMpra|prati|vi|pravi|sam
cae,27629,luYc,1,ava
cae,27632,luW,3,ud|pari|pra
cae,27633,luW,1,nis
cae,27642,lup,10,apa|ava|A|vyA|ud|pari|pra|vipra|vi|sam
cae,27650,luB,10,anu|aBi|A|upa|pari|pra|vipra|saMpra|prati|sam
cae,27658,lU,9,ava|A|nyA|vyA|nis|pari|pra|vipra|vi
cae,27695,lok,6,aBi|ava|A|pari|vi|pravi
cae,27899,vac,14,acCa|aDi|anu|aByanu|aBi|A|upa|nis|pra|pratipra|saMpra|prati|vi|sam
cae,27941,vaYc,7,acCa|aBi|A|upa|pari|pra|sam
cae,27992,vad,17,acCa|ati|anu|ava|aBi|pratyaBi|ava|vyava|A|ud|pratyud|nis|pari|pra|prati|vi|sam
cae,28006,vaD,10,apa|aBi|A|ud|upa|ni|nis|parA|pra|vi
cae,28048,van,6,aBi|A|aByA|upa|pra|sam
cae,28124,vand,4,aBi|pari|pra|prati
cae,28144,vap,2,pari|pra
cae,28145,vap,12,anu|apa|api|A|ud|upa|ni|nis|parA|pari|pra|prati
cae,28170,vam,2,aBi|ud
cae,28319,varRay,8,anu|samanu|aBi|vyA|upa|nis|vinis|sam
cae,28409,val,1,vi
cae,28439,valg,6,aBi|ava|A|vyA|pra|sam
cae,28466,vaS,1,aBi
cae,28494,vas,2,apa|vi
cae,28495,vas,9,aDi|anu|aBi|ni|pari|pra|prati|vi|sam
cae,28496,vas,16,aDi|anu|A|aDyA|samA|ud|upa|ni|saMni|nis|pari|pra|vipra|prati|vi|sam
cae,28602,vah,20,ati|anu|apa|aBi|A|anvA|udA|samA|ud|ud|upa|samupa|ni|nis|parA|pari|pra|prati|vi|sam
cae,28629,vA,7,A|samA|ud|pari|pra|vi|sam
cae,28630,vA,9,anu|aBi|ava|upa|nis|parA|pra|vi|sam
cae,28730,vAYC,3,aBi|samaBi|sam
cae,29016,vAsay,1,aDi
cae,29257,viGnay,1,sam
cae,29263,vic,2,apa|vi
cae,29314,vij,5,ud|samud|pra|vi|sam
cae,29438,vid,9,anu|A|ni|vini|pari|pra|prati|vi|sam
cae,29440,vid,7,aDi|anu|aBi|A|nis|pari|sam
cae,29547,viD,1,upa
cae,29682,vip,5,ud|pari|pra|vi|sam
cae,30370,viz,2,upa|pari
cae,30616,vI,9,ati|apa|aBi|ava|A|upa|ni|pra|prati
cae,30627,vIj,7,anu|aBi|A|ud|upa|pari|sam
cae,30710,vf,18,anu|apa|api|aBi|A|apA|prA|samA|ni|vini|nis|pari|saMpari|pra|prati|vi|sam|aBisam
cae,30741,vfj,12,apa|api|ava|A|vyA|samA|ud|ni|parA|pari|pra|sam
cae,30744,vft,45,acCa|ati|vyati|aDi|anu|samanu|antar|apa|vyapa|aBi|samaBi|A|anvA|apA|aByA|upA|aByupA|paryA|anuparyA|aBiparyA|pratyA|vyA|samA|aBisamA|ud|upa|ni|aBini|upani|pratini|vini|saMni|nis|aBinis|parA|pari|vipari|saMpari|pra|atipra|aBipra|saMpra|vi|sam|aBisam
cae,30809,vfD,11,ati|anu|aBi|A|pari|pra|atipra|saMpra|vi|saMvi|sam
cae,30826,vfz,5,aBi|ava|pra|prati|vi
cae,31015,ven,2,anu|apa
cae,31034,vell,2,ud|vi
cae,31063,vezw,11,anu|apa|aBi|A|ud|upa|ni|nis|pari|vi|sam
cae,31236,vyac,1,sam
cae,31259,vyaT,3,pra|saMpra|vi
cae,31267,vyaD,15,ati|vyati|anu|apa|aBi|ava|A|ni|nis|parA|pari|pra|prati|vi|sam
cae,31348,vyA,7,apa|api|A|upa|ni|pari|sam
cae,31482,vraj,16,ati|anu|apa|aBi|A|pratyA|ud|pratyud|upa|pratyupa|pari|pra|aBipra|sam|anusam|upasam
cae,31526,vraSc,8,api|ava|A|ni|pari|pra|vi|sam
cae,31554,SaMs,10,ati|anu|aBi|A|samA|ud|pra|vi|sam|upasam
cae,31565,Sak,6,anu|A|upa|pari|pra|sam
cae,31581,Sakalay,1,vi
cae,31629,SaNk,7,ati|aBi|A|upa|pari|vi|sam
cae,31678,Sat,6,apa|vyava|ni|pra|vi|sam
cae,31811,Sap,4,aBi|pari|prati|sam
cae,31832,Sabday,3,anu|aBi|sam
cae,31844,Sam,7,aBi|samava|upa|vyupa|ni|pra|sam
cae,31846,Sam,7,anuni|samanuni|aBini|upani|praRi|vini|saMni
cae,32117,Sas,1,vi
cae,32144,SA,5,ati|ava|A|ni|sam
cae,32337,SAs,10,anu|aByanu|samanu|aBi|A|ud|pra|saMpra|vi|sam
cae,32379,Sikz,6,anu|aBi|A|prati|vi|sam
cae,32409,SiYj,2,vi|sam
cae,32594,Siz,6,ati|apa|ava|Ud|vi|pravi
cae,32610,SI,12,ati|vyati|aDi|anu|aBi|A|anvA|pratyA|upa|pari|pra|sam
cae,32712,SIlay,1,pari
cae,32758,Suc,12,anu|apa|aBi|A|ud|ni|nis|pari|pra|anupra|prati|sam
cae,32819,SuD,5,pari (SuDyati|˚te|vi (SuDyati|˚te|sam
cae,32836,SuB,1,pra
cae,32838,SuB,7,ati|aBi|upa|pari|prati|vi|sam
cae,32904,Suz,1,A
cae,32996,Sf,9,api|ava|ni|nis|parA|pari|pra|vi|sam
cae,33193,SnaT,2,apa|ni
cae,33216,SyA,1,A
cae,33256,SraT,2,anu|vi
cae,33277,Sram,4,aBi|upa|pari|vi
cae,33345,Sri,20,aDi|samaDi|apa|aBi|A|apA|vyapA|upA|samA|ud|aByud|pratyud|samud|upa|pari|pra|vi|sam|aBisam|upasam
cae,33354,SrI,1,aBi
cae,33398,Sru,14,ati|anu|aBi|A|aByA|upa|samupa|pari|pra|prati|vi|sam|aBisam|pratisam
cae,33495,SlAG,1,sam
cae,33504,Sliz,8,A|upA|samA|upa|vi|sam|aBisam|upasam
cae,33523,SvaYc,1,ud
cae,33554,Svas,16,aBi|A|paryA|pratyA|ud|proda|samud|ni|nis|vinis|pra|aBipra|vi|ativi|aBivi|parivi
cae,33562,SvA,3,ud|pra|vi
cae,33576,Svit,2,ava|vi
cae,33715,zWiv,4,aBi|ni|aBini|prati
cae,34241,sac,9,anu|apa|aBi|A|upa|ni|pra|prati|sam
cae,34346,saYj,12,vyati|anu|aBi|ava|A|vyA|samA|ni|pra|saMpra|vi|sam
cae,34537,sad,30,ati|anu|ava|ava|A|aDyA|aByA|upA|nyA|pratyA|samA|upod|samud|upa|aByupa|pratyupa|samupa|ni|aDini|aBini|upani|parini|vini|saMni|pari|pra|aBipra|saMpra|vi|sam
cae,34668,san,3,A|pra|sam
cae,34928,sapary,1,vi
cae,36189,sah,10,aBi|ud|aByud|prod|samud|pra|saMpra|prati|vi|sam
cae,36414,sA,13,aBi|ava|aDyava|anvava|udava|upAva|nirava|paryava|prati|vyava|samava|ud|vi
cae,36519,sAD,4,upa|pari|pra|sam
cae,36593,sAntvay,2,aBi|upa
cae,36847,sic,14,anu|aBi|samaBi|ava|A|samA|ud|upa|ni|nis|pari|pra|vi|sam
cae,36908,siD,8,apa|vyA|ud|ni|nis|pra|prati|saMprati
cae,36909,siD,3,aBi|pra|sam
cae,36938,siv,7,vyati|ud|pari|pra|prati|vi|sam
cae,36977,su,2,aDi|A
cae,37831,sU,6,apa|aBi|A|nis|pra|saMpra
cae,37852,sUcay,4,aBi|A|upa|pra
cae,37882,sUtray,2,A|vi
cae,37886,sUd,3,aBi|ni|vini
cae,37962,sf,22,anu|apa|vyapa|api|aBi|samava|A|ud|prod|samud|upa|nis|aBinis|pari|pra|vipra|saMpra|prati|vi|pravi|sam|aBisam
cae,37977,sfj,21,ati|anu|api|aBi|ava|aByava|upAva|vyava|samava|A|samA|ud|samud|upa|nis|pra|prati|vi|anuvi|aBivi|sam
cae,37987,sfp,27,ati|aDi|anu|samanu|apa|aBi|ava|anvava|upAva|paryAva|vyava|A|upodA|ud|upod|samud|upa|samupa|nis|vinis|pari|pra|prati|vi|sam|anusam|upasam
cae,38024,sev,6,anu|A|upa|ni|pari|sam
cae,38251,skand,9,ati|aBi|ava|aByava|samava|A|pari|pra|sam
cae,38267,skamB,4,A|upa|prati|vi
cae,38277,stan,2,aBi|nis
cae,38313,stamB,11,ava|paryava|samava|ud|upa|prati|vi|sam|aBisam|parisam|pratisam
cae,38334,stiG,2,ati|pra
cae,38341,stu,6,anu|aBi|upa|vi|sam|aBisam
cae,38348,stuB,6,anu|aBi|vyava|pari|pra|prati
cae,38352,stf,10,aBi|ava|A|samA|upa|ni|pari|pra|vi|sam
cae,38460,sTA,48,ati|aDi|anu|antar|apa|api|aBi|ava|paryava|pratyava|vyava|samava|A|anvA|upA|samupA|samA|ud|anUd|aByud|upod|prod|pratyud|vyud|samud|upa|anUpa|aByupa|paryupa|pratyupa|samupa|ni|parini|nis|pari|pra|atipra|anupra|aBipra|vipra|saMpra|prati|saMprati|vi|anuvi|sam|anusam|aBisam
cae,38558,snA,4,ud|ni|pra|sam
cae,38596,snu,1,pra
cae,38618,spand,5,A|pari|pra|vi|sam
cae,38647,spf,5,apa|ava|A|nis|vi
cae,38648,spfD,4,aDi|pra|prati|vi
cae,38651,spfS,9,aDi|anu|aBi|A|ud|upa|samupa|pari|sam
cae,38659,spfh,1,sam
cae,38674,sPAy,2,A|vi
cae,38683,sPuw,3,A|pra|vi
cae,38691,sPur,4,apa|ava|pari|pra
cae,38698,sPUrj,2,aBi|vi
cae,38736,smi,5,ava|ud|aByud|pra|vi
cae,38740,smf,7,anu|apa|upa|pra|prati|vi|sam
cae,38753,syad,10,acCa|anu|aBi|ava|A|ni|pra|pari|vi|sam
cae,38770,sraMs,3,ava|vyava|vi
cae,38800,sru,13,ati|aDi|aBi|ava|A|ni|nis|pari|pra|aBipra|saMpra|vi|sam
cae,38851,svaj,6,aBi|pari|aBipari|saMpari|sam|aBisam
cae,38872,svad,1,A
cae,38893,svan,6,ava|A|pari|pra|prati|vi
cae,38903,svap,2,ni|pra
cae,38992,svar,4,ati|aBi|ava|sam
cae,39224,svid,2,pra|sam
cae,39303,han,25,apa|aBi|ava|A|aByA|pratyA|vyA|samA|ud|upa|ni|aBini|praRi|pratini|vini|saMni|nis|parA|pari|pra|aBipra|vipra|prati|vi|sam
cae,39409,hary,3,aBi|A|prati
cae,39503,has,8,apa|ava|upa|pari|pra|saMpra|vi|saMvi
cae,39570,hA,13,ati|anu|apa|aBi|ud|aByud|prod|pratyud|samud|ni|pra|vi|sam
cae,39571,hA,10,apa|ava|ni|pari|pra|vipra|prati|vi|pravi|sam
cae,39630,hiMs,1,upa
cae,39794,hu,8,aDi|aBi|ava|A|upa|pra|prati|sam
cae,39838,hUrC,2,anu|vi
cae,39840,hf,42,ati|vyati|aDi|anu|apa|aBi|ava|aByava|vyava|A|anvA|aByA|udA|samudA|upA|samupA|upanyA|paryA|pratyA|vyA|anuvyA|aBivyA|pravyA|samA|anusamA|ud|aByud|samaByud|prod|samud|nis|vinis|pari|vipari|pra|anupra|saMpra|prati|vi|sam|upasam|pratisam
cae,39893,hfz,8,anu|aBi|ud|pari|pra|saMpra|prati|sam
cae,39952,hez,1,aBi
cae,40010,hnu,3,apa|ni|apani
cae,40026,hrAd,2,ni|sam
cae,40048,hlAd,2,A|pra
cae,40058,hval,1,vi
cae,40067,hvf,3,A|upa|vi
pw,249,akz,2,nis|sam
pw,843,aGAy,1,aBi
pw,919,aNKay,1,pari
pw,1095,ac,14,anu|apa|ava|A|ud|vyud|samud|upa|ni|upani|pari|prati|vi|sam
pw,1208,aj,12,ati|apa|aBi|ava|A|aByA|ud|upa|nis|pra|vi|sam
pw,1430,aYj,13,anu|antar|aBi|A|samA|ud|upa|ni|prati|vi|anuvi|aBivi|sam
pw,1476,aw,1,pari
pw,1581,at,3,aBi|ava|sam
pw,2386,ad,7,api|ava|A|pra|prati|vi|sam
pw,3171,an,15,apa|aByapa|ava|vyava|udA|ud|aByud|parA|pra|anupra|aBipra|vi|aBivi|sam|anusam
pw,8059,am,4,aBi|pari|vi|sam
pw,8901,ar,13,anu|apa|aBi|A|ud|upa|ni|nis|pra|prati|vi|sam|aBisam
pw,9324,arc,7,anu|aBi|samaBi|pra|aBipra|prati|sam
pw,9345,arC,12,apa|aBi|ava|A|ud|upa|ni|nis|saMnis|pra|vi|sam
pw,9346,arj,13,ati|apyati|aByati|anu|api|ava|anvava|samava|samA|ud|upa|samupa|pra
pw,9475,arTay,6,aBi|pra|aBipra|saMpra|prati|sam
pw,9574,ard,9,ati|aBi|ud|ni|nis|pra|prati|vi|sam
pw,9580,arD,6,aDi|anu|A|upa|vi|sam
pw,9858,arz,6,anu|aBi|pari|pra|vi|sam
pw,9859,arz,7,aDi|ud|upa|ni|pari|pra|vi
pw,9863,arh,4,ati|aBi|pra|sam
pw,10171,av,7,anu|aBi|ud|upa|pra|saMpra|sam
pw,10406,avaDIray,1,sam
pw,11445,aS,14,anu|aBi|A|ud|upa|samupa|pari|pra|prati|vi|anuvi|sam|anusam|upasam
pw,11446,aS,8,ati|upa|samupa|nis|pari|pra|aBipra|vi
pw,11524,aSAy,1,vi
pw,12183,as,14,ati|vyati|anu|vyatyanu|apa|api|aBi|upa|ni|pari|pra|prati|vi|sam
pw,12184,as,45,ati|vyati|aDi|anu|apa|udapa|api|aBi|samaBi|ava|anvava|aByava|A|ud|anUd|paryud|vyud|aBivyud|udvyud|upa|vyupa|ni|aBini|upani|parini|pratini|vini|saMni|upasaMni|nis|aBinis|parA|pari|vipari|saMpari|pra|anupra|aBipra|pratipra|prati|vi|pravi|sam|anusam|upasam
pw,13080,ah,9,aDi|anu|aBi|nis|parA|pari|pra|prati|vi
pw,13120,aham,1,kar
pw,13359,AkarRay,2,upa|sam
pw,14843,Ap,28,anu|aBi|ava|pratyava|samava|A|ud|upa|samupa|pari|saMpari|pra|anupra|samanupra|aBipra|upapra|paripra|saMparipra|saMpra|anusaMpra|aBisaMpra|upasaMpra|prati|vi|aBivi|sam|anusam|parisam
pw,15671,ArdrI,1,prati
pw,15847,AliNg,2,prati|sam
pw,16311,As,12,aDi|samaDi|anu|antar|ud|upa|paryupa|samupa|pari|prati|sam|pratisam
pw,16624,i,131,punar|punar|acCa|ati|anvati|apAti|aByati|upAti|antarupAti|prAti|vyati|samati|aDi|upADi|prADi|pratyaDi|samaDi|anu|samanu|antar|apa|vyapa|vyapeta|api|aBi|udaBi|samaBi|ava|anvava|aByava|samaByava|Ava|upAva|nita/rAm|paryava|pratyava|aBipratyava|vyava|anuvyava|samava|A|punar|acCA|atyA|anvA|aByA|samaByA|avA|udA|anUdA|aByudA|upodA|upA|aByupA|nyA|nirA|parA|paryA|anuparyA|aBiparyA|pratyA|prA|samA|aBisamA|upasamA|parisamA|ud|anUd|apod|aByud|upod|prod|pratyud|samud|upa|aDyupa|aByupa|samaByupa|samopa|pratyupa|vyupa|samupa|dus|ni|aBini|upani|nis|parA|anuparA|apaparA|aBiparA|upaparA|pratiparA|viparA|saMparA|pari|anupari|aBipari|pratipari|vipari|prativipari|saMpari|palA|prapalA|vipalA|saMpalA|pali|upapali|vipali|pra|anupra|apapra|aBipra|upapra|paripra|vipra|saMpra|prati|Aprati|saMprati|pla|upapla|vi|anuvi|aBivi|parivi|sam|atisam|anusam|aBisam|upasam
pw,16680,iNk,1,vi
pw,16683,iNg,3,ud|vi|sam
pw,16848,iD,10,anu|aBi|A|pari|pra|saMpra|prati|sam|aBisam|upasam
pw,16861,inakz,2,ud|sam
pw,17174,inv,7,ava|A|upa|pra|prati|vi|sam
pw,17198,iyakz,2,aBi|pra
pw,17212,irajy,1,pra
pw,17219,irasya,1,aBi
pw,17247,il,1,ava
pw,17277,iz,13,prADi|anu|samanu|api|pari|pra|anupra|aBipra|upapra|nipra|paripra|saMpra|sam
pw,17279,iz,9,aDi|anu|paryanu|samanu|antar|aBi|pari|prati|vi
pw,17286,izaRy,1,sam
pw,17429,Ikz,55,aDi|anu|apa|vyapa|aBi|ava|anvava|aByava|upAva|nyava|nirava|paryava|pratyava|samava|A|ud|aByud|pratyud|samud|upa|aByupa|samupa|nis|saMnis|parA|pari|upapari|pra|anupra|aBipra|samaBipra|Apra|utpra|upapra|vipra|saMpra|aBisaMpra|prati|saMprati|vi|anuvi|samanuvi|aBivi|samaBivi|udvi|samudvi|upavi|prativi|saMvi|aBisaMvi|sam|anusam|aBisam|prasam|pratisam
pw,17444,INK,3,samA|pari|pra
pw,17448,Ij,2,apa|sam
pw,17452,Iq,1,pra
pw,17476,Ir,17,aBi|vyava|A|nyA|samA|ud|aByud|pratyud|samud|ni|pra|aBipra|saMpra|prati|vi|sam|aBisam
pw,17511,IS,1,pari
pw,17563,Iz,11,ati|apa|A|upA|pratyA|ud|samud|upa|prati|vi|sam
pw,17603,Ih,2,prati|sam
pw,17610,u,2,A|vi
pw,17654,ukz,13,anu|aBi|ud|upa|nis|pari|anupari|aBipari|pra|saMpra|vi|aBivi|sam
pw,17656,ukz,1,sam
pw,17728,uc,3,aBi|ni|sam
pw,17894,ujJ,2,pra|sam
pw,17902,uYC,1,pra
pw,17969,utkaRW,2,pra|sam
pw,18556,ud,6,anu|ava|upa|ni|vi|sam
pw,20456,ubj,7,ud|ni|aBini|nis|vi|sam|aBisam
pw,20459,uB,4,apa|ni|pra|sam
pw,20775,ullAGay,1,pra
pw,20826,uz,7,aBi|ud|upa|samupa|ni|prati|sam
pw,21065,UrRu,8,apa|pratyapa|aBi|A|pari|pra|saMpra|vi
pw,21249,Uh,30,ati|vyati|aDi|apa|avApa|vyapa|samapa|aBi|ava|ud|apod|aByud|pratyud|vyud|upa|samupa|ni|nis|pari|vipari|pra|prati|vi|anuvi|nirvi|prativi|sam|aBisam|upasam|parisam
pw,21250,Uh,9,ati|anu|api|aBi|vyA|ni|nis|vi|sam
pw,22174,ej,3,ud|pra|sam
pw,22184,eqakIy,1,upa
pw,22253,eD,3,aDi|upa|sam
pw,22355,ez,2,ati|upa
pw,22613,oK,1,parA
pw,23285,kac,3,A|ud|vi
pw,23520,kaww,1,A
pw,23587,kaR,1,ni
pw,23804,katT,1,vi
pw,23827,kaTay,6,anu|ni|pari|pra|vi|sam
pw,23929,kan,1,A
pw,24394,kam,4,anu|aBi|ni|pra
pw,24467,kamp,14,anu|samanu|aBi|A|ud|pari|saMpari|pra|anupra|aBipra|saMpra|prati|vi|sam
pw,24518,kaya,1,cid
pw,24527,kar,52,ati|vyati|aDi|anu|apa|pratyapa|api|aBi|aram|alam|ava|anvava|A|atyA|anvA|apA|vyapA|avA|udA|upA|aByupA|pratyupA|samupA|nyA|nirA|paryA|prA|samA|upasamA|is|ud|upa|pratyupa|ni|prani|vini|nis|aBinis|upanis|vinis|parA|pari|pra|vipra|saMpra|prati|vi|anuvi|sam|aBisam|upasam|pratisam
pw,24529,kar,33,vyati|anu|apa|aBi|ava|anvava|aByava|paryava|vyava|samava|A|apA|avA|ayA|samA|ud|samud|upa|ni|vini|saMni|nis|parA|pari|anupari|pra|vipra|sampra|prati|vi|anuvi|pravi|sam
pw,25074,kart,16,samaDi|anu|apa|api|ava|ud|samud|upa|ni|vini|nis|pari|pra|vi|aDivi|sam
pw,25075,kart,2,ud|pari
pw,25327,karS,5,anu|ava|pari|pra|vi
pw,25332,karz,34,ati|anu|apa|vyapa|aBi|ava|aByava|vyava|A|apA|vyapA|aByA|aByupA|paryA|pratyA|vyA|samA|ud|apod|pratyud|samud|upa|samupa|ni|saMni|nis|parA|pari|pra|vipra|saMpra|prati|vi|sam
pw,25333,karz,5,A|pari|pra|prati|vi
pw,25348,kal,9,ava|vyava|A|pratyA|ud|pari|sam|pratyAsam|utsam
pw,25349,kal,7,ud|upa|nis|pari|pra|sam|anusam
pw,25585,kalp,15,anu|samanu|aBi|ava|A|ud|upa|samupa|pari|pra|saMpra|prati|vi|sam|upasam
pw,25876,kaz,5,apa|A|ud|ni|nis
pw,25906,kas,7,ud|nis|pra|vi|anuvi|pravi|sam
pw,25947,kA,3,anu|A|sam
pw,26137,kANkz,11,anu|aBi|ava|A|aByA|pratyA|samA|pari|pra|prati|vi
pw,27513,kAS,18,ati|anu|aBi|ava|A|ud|ni|saMni|nis|pra|aBipra|saMpra|prati|vi|anuvi|pravi|sam|pratisam
pw,27667,kAs,1,ud
pw,28059,kIrtay,9,anu|samanu|samaBi|ud|pari|saMpari|pra|saMpra|sam
pw,28209,kuc,8,anu|ava|A|samA|ud|saMni|vi|sam
pw,28272,kuw,1,pra
pw,28273,kuw,3,ud|vi|sam
pw,28344,kuww,1,vi
pw,28430,kuRW,1,vi
pw,28431,kuRW,1,ava
pw,28543,kutsay,1,aBi
pw,28555,kuT,2,ni|pra
pw,28645,kunT,1,prani
pw,28666,kup,5,ati|pari|pra|prati|sam
pw,29491,kuz,7,anu|aBi|ava|nis|aBinis|vi|sam
pw,29624,kuha,1,cid
pw,29663,kU,1,A
pw,29664,kU,1,cid
pw,29676,kUj,14,anu|aBi|ava|A|ud|prod|upa|ni|nis|pari|pra|prati|vi|sam
pw,29736,kUq,1,upa
pw,29738,kUR,2,ni|vi
pw,29794,kUrd,3,ati|ud|pra
pw,29824,kUl,1,ava
pw,30179,kfpAy,1,anu
pw,30312,kfzRa,1,pakza
pw,30600,ketay,1,sam
pw,31622,knUy,1,aBi
pw,31643,krakz,1,ava
pw,31683,kraT,1,ud
pw,31691,krand,11,anu|aBi|ava|aByava|A|samA|ni|pari|pra|vi|sam
pw,31700,krap,1,anu
pw,31701,kram,67,ati|atyati|aByati|samaByati|vyati|samati|aDi|anu|samanu|apa|anvapa|aByapa|vyapa|aBi|samaBi|ava|anvava|A|atyA|aDyA|anvA|apA|aByA|upA|samupA|nirA|pratyA|samA|ud|a/Di|atyud|anUd|aByud|upod|pratyud|vyud|samud|upa|pratyupa|samupa|ni|anuni|aBini|nis|anunis|aBinis|upanis|vinis|parA|pari|anupari|vipari|saMpari|pra|aBipra|saMpra|prati|anuprati|vi|aDivi|anuvi|nirvi|sam|anusam|aBisam|upasam|pratisam
pw,31877,krI,11,anu|apa|aBi|ava|A|upa|nis|pari|pra|vi|sam
pw,31879,krIq,12,aDi|anu|ava|A|samA|upa|ni|pari|pra|vi|sam|parisam
pw,31941,kruD,6,aBi|samaBi|pari|prati|sam|aBisam
pw,31948,kruS,20,ati|anu|apa|aBi|ava|A|aByA|pratyA|vyA|samA|ud|aByud|prod|samud|upa|pari|pra|vi|sam|aBisam
pw,32105,klam,2,pari|vi
pw,32109,klav,1,vi
pw,32111,klid,9,ava|A|samA|ud|upa|pari|pra|vi|sam
pw,32121,kliS,7,ud|samud|pari|pra|saMpra|vi|sam
pw,32163,kvaR,4,upa|ni|pari|pra
pw,32169,kvaT,4,ud|ni|nis|pari
pw,32285,kzad,1,aBi
pw,32288,kzan,5,up|pari|vi|aBivi|parivi
pw,32293,kzap,1,sam
pw,32328,kzam,2,aBi|sam
pw,32389,kzar,13,ati|aByati|anu|aBi|ava|A|upa|pari|pra|aBipra|pla|vi|sam
pw,32400,kzal,5,ava|pari|pra|aBipra|vi
pw,32406,kzA,8,apa|api|ava|pari|pra|sampra|vi|sam
pw,32479,kzi,6,aDi|A|upa|pari|prati|sam
pw,32480,kzi,1,aDi
pw,32481,kzi,9,nu|apa|ava|upa|nis|pari|pra|vi|sam
pw,32538,kzip,30,ati|aDi|apa|aBi|ava|samava|A|paryA|vyA|samA|ud|prod|samud|upa|ni|upani|pratini|vini|saMni|nis|parA|pari|pra|saMpra|prati|vi|sam|aBisam|upasam|parisam
pw,32588,kzIb,1,pra
pw,32716,kzu,2,ava|pari
pw,32728,kzud,4,ava|pra|vi|sam
pw,32846,kzuD,1,vi
pw,32869,kzuB,6,ni|pra|saMpra|vi|parivi|sam
pw,33131,kzRu,4,ava|A|pra|sam
pw,33144,kzmAy,1,vi
pw,33153,kzviq,1,A
pw,33155,kzvid,3,ud|ni|pra
pw,33207,Kac,2,ud|pari
pw,33375,KaRqay,5,ava|A|ud|pari|vi
pw,33413,Kad,1,prani
pw,33442,Kan,10,aBi|A|ud|prod|samud|ni|nis|pari|pra|vi
pw,33683,KA,1,prod
pw,33733,KAd,6,ava|A|prani|pra|vi|sam
pw,33814,Kid,8,A|ud|ni|nis|pari|pra|vi|sam
pw,33845,Kud,1,pra
pw,33947,KyA,32,ati|anu|antar|aBi|ava|A|anvA|aByA|udA|upA|pratyA|vyA|anuvyA|upavyA|samA|upa|parA|pari|saMpari|pra|prati|vi|aBivi|pravi|˚KyAta|sam|anusam|aBisam|upasam|parisam|prasam|pratisam
pw,34238,gaRay,9,bahu|aDi|anu|ava|A|pari|pra|vi|sam
pw,34408,gad,12,anu|praRyA|ni|aBini|pariRi|praRi|pratini|vini|pari|pra|prati|vi
pw,34409,gad,1,pra
pw,34456,gaD,2,A|pari
pw,34676,gam,69,acCa|ati|upAti|vyati|aDi|samaDi|anu|samanu|antar|apa|vyapa|api|aBi|samaBi|aram|ava|aDyava|pratyava|vyava|samava|A|aDyA|anvA|samanvA|aByA|samaByA|punar|avA|samudA|upA|aByupA|paryupA|samupA|nyA|pratinyA|paryA|pratyA|saMpratyA|samA|aBisamA|ud|apod|aByud|prod|pratyud|samud|upa|aByupa|samupa|ni|upani|saMni|vini|nis|aBinis|vinis|saMnis|parA|anuparA|pari|pra|vipra|prati|vi|pravi|sam|anusam|aBisam|upasam
pw,34731,gar,14,anu|apa|api|aBi|A|pratyA|upa|pra|saMpra|prati|aBiprati|vi|sam|aBisam
pw,34732,gar,9,apa|ava|ud|pratyud|samud|upa|ni|nis|sam
pw,34733,gar,4,anu|ud|pra|prati
pw,34807,garj,11,ati|anu|aBi|samaBi|ud|pari|pra|saMpra|prati|vi|sam
pw,34859,garD,4,anu|aBi|pra|prati
pw,35007,garh,4,ava|ni|pari|vi
pw,35015,gal,11,ava|A|paryA|samA|ud|ni|nis|pari|pra|vi|pravi
pw,35016,gal,1,ni
pw,35130,gavez,1,pari
pw,35160,gA,38,acCa|ati|vyati|aDi|anu|samanu|antar|apa|api|aBi|ava|anvava|samaByava|anuvyava|A|anvA|aByA|samaByA|udA|upA|paryA|anuparyA|ud|aByud|pratyud|upa|ni|nis|parA|pari|anupari|vipari|pra|apapra|upapra|prati|vi|sam
pw,35162,gA,19,acCa|anu|samanu|apa|aBi|ava|A|ud|prod|pratyud|upa|ni|pari|pra|aBipra|vipra|saMpra|vi|sam
pw,35409,gAh,15,ati|aBi|ava|aByava|vyava|samA|ud|upa|pra|aBipra|saMpra|prati|vi|pravi|sam
pw,35586,gu,1,prati
pw,35588,gu,1,vi
pw,35617,guYj,1,samud
pw,35732,guRay,4,anu|pari|pra|sam
pw,35816,guRW,4,ava|samava|A|pari
pw,35860,gup,10,aDi|anu|aBi|upa|nis|pari|prati|vi|sam|aBisam
pw,35894,gur,7,ati|apa|aBi|ava|A|ud|pra
pw,36016,gulPay,1,upavi
pw,36035,guh,12,apa|samaBi|ava|samava|ud|upa|samupa|ni|vini|pari|vi|sam
pw,36188,gfBAy,6,anu|samA|ud|prati|sam|Asam
pw,36659,gopay,3,aBi|pra|sam
pw,36679,gopAy,2,aBi|pari
pw,37263,graT,9,anu|A|ud|samud|upa|ni|pra|vi|sam
pw,37314,graB,43,ati|anu|samanu|apa|api|aBi|ava|pratyava|vyava|A|upA|samA|ud|upod|pratyud|samud|upa|ni|upani|pratini|vini|saMni|nis|pratinis|pari|saMpari|pra|paripra|pratipra|saMpra|prati|upaprati|saMprati|vi|saha|sArDam|sam|anusam|apisam|aBisam|upasam|pratisam|saha
pw,37319,gras,6,aBi|A|upa|pari|pra|sam
pw,37625,glA,4,ava|pari|aBipari|pra
pw,37654,Gaw,8,apa|A|ud|samud|pari|pra|vi|sam
pw,37713,Gaww,9,anu|ava|A|ud|upa|pari|vi|parivi|sam
pw,37829,Gar,6,aBi|pratyaBi|A|prA|vyA|vi
pw,37879,Garz,12,ava|A|ud|samud|ni|saMni|nis|pari|pra|saMpra|vi|sam
pw,37886,Gas,5,api|ud|ni|pra|vi
pw,37904,GAtay,8,aBi|ava|vyA|upod|ni|nis|prati|vi
pw,37929,Guw,2,ava|vyA
pw,37964,Guz,14,anu|ava|A|vyA|ud|prod|upa|nis|pari|pra|vi|udvi|sam|parisam
pw,37965,Guz,1,ni
pw,37976,GUrR,4,ava|A|vyA|vi
pw,38163,GrA,14,anu|aBi|ava|A|upA|samupA|vyA|samA|ud|upa|samupa|pari|vi|sam
pw,38182,cak,2,ud|pra
pw,38187,cakAs,1,sam
pw,38350,cakz,24,anu|aBi|ava|A|anvA|aByA|udA|nirA|pratyA|vyA|samA|pari|pra|aBipra|saMpra|prati|vi|aBivi|udvi|pravi|sam|avasam|parisam|prasam
pw,38432,caw,2,ud|vi
pw,38569,cat,3,nis|pra|vi
pw,39162,cam,5,A|anvA|paryA|samA|vi
pw,39232,car,57,acCa|ati|vyati|aDi|anu|antar|apa|aBi|pratyaBi|vyaBi|ava|anvava|aByava|A|aDyA|aByA|udA|aByudA|samudA|upA|samupA|upanyA|paryA|samA|anusamA|ud|aByud|prod|pratyud|vyud|anuvyud|samud|upa|dus|ni|nis|vinis|parA|pari|saMpari|pra|saMpra|prati|vi|anuvi|aBivi|parivi|pravi|saMpravi|anusaMvi|sam|anusam|aBisam|upasam|parisam|pratisam|visam
pw,39266,caraRy,2,A|ud
pw,39316,carc,1,vi
pw,39330,cart,10,ati|ava|A|upa|ni|nis|pari|pra|vi|sam
pw,39426,cal,12,A|ud|prod|samud|ni|pari|pra|saMpra|vi|anuvi|pravi|sam
pw,39657,cAy,2,apa|ni
pw,39789,ci,24,aDi|anu|apa|ava|A|anvA|avA|samA|ud|aByud|samud|upa|samupa|ni|pariRi|saMni|pari|pra|saMpra|vi|saMvi|sam|aBisam|parisam
pw,39790,ci,13,anu|apa|ava|upa|ni|nis|aBinis|parinis|vinis|pari|vi|pravi|sam
pw,39876,cit,8,anu|apa|A|pra|atipra|vi|pravi|sam
pw,40058,citray,1,ud
pw,40147,citrIy,1,ati
pw,40181,cint,17,anu|samanu|aBi|vyA|nis|pari|saMpari|pra|vipra|prati|vi|anuvi|pravi|saMvi|sam|anusam|aBisam
pw,40326,cihnay,1,aBi
pw,40439,cud,8,aBi|ni|pari|pra|aBipra|saMpra|prati|sam
pw,40443,cup,2,ni|pra
pw,40453,cumb,4,vyati|ud|pari|vi
pw,40545,cUrRay,3,ava|vini|pra
pw,40564,cUz,2,A|sam
pw,40638,cezw,7,ati|A|samA|pari|vi|pravi|sam
pw,40817,cyu,14,apa|A|ud|upa|nis|pari|pra|atipra|anupra|aBipra|saMpra|prati|vi|sam
pw,40881,Cad,19,anu|apa|aBi|samaBi|ava|samava|A|samA|ud|apod|samud|upa|samupa|pari|pra|vipra|prati|vi|sam
pw,40883,Cad,4,ava|upa|vi|sam
pw,40981,Card,2,A|pra
pw,40999,Calay,1,upa
pw,41015,CA,4,anu|ava|A|pra
pw,41118,Cid,21,ati|antar|apa|samapa|ava|paryava|vyava|A|avA|upA|samA|ud|vyud|samud|pari|vipari|pra|saMpra|prati|vi|sam
pw,41166,Cuw,1,A
pw,41167,Cuq,1,pra
pw,41173,Cur,3,ava|A|vi
pw,41215,jakz,5,apa|pari|pra|prati|vi
pw,41349,jaNgah,1,aBivi
pw,41470,jan,30,vyati|aDi|anu|samanu|apa|api|aBi|samaBi|ava|A|udA|pratyA|ud|upa|samupa|nis|pari|pra|anupra|apapra|aBipra|upapra|prapra|saMpra|prati|vi|sam|aBisam|upasam|pratisam
pw,41675,jap,8,anu|aBi|A|upa|pari|pra|prati|sam
pw,41697,jaB,1,aBi
pw,41878,jar,5,anu|nis|pari|pra|sam
pw,41880,jar,2,prati|sam
pw,42294,jalp,9,vyati|anu|aBi|upa|pari|pra|prati|vi|sam
pw,42331,jas,3,ud|prod|ni
pw,42736,ji,24,ati|vyati|aDi|anu|apa|aBi|pratyaBi|ava|A|ud|anUd|aByud|upa|nis|aBinis|parinis|pratinis|vinis|parA|pari|pra|prati|vi|sam
pw,42804,jin,1,nis
pw,42844,jinv,3,A|pra|upapra
pw,42868,jihma,1,i
pw,42965,jIv,13,punar|ati|anu|A|ud|aByud|pratyud|upa|pra|prati|vi|sam|pratisam
pw,43157,juz,9,anu|aBi|ava|samA|upa|nis|pra|prati|sam
pw,43178,jU,2,api|pra
pw,43200,jUrv,2,ni|sam
pw,43230,jeh,1,vi
pw,43318,jYA,36,ati|anu|aByanu|pratyaByanu|pratyanu|samanu|apa|aBi|pratyaBi|samaBi|ava|A|aByA|samA|upa|samupa|praRi|nis|vinis|pari|pra|anupra|aBipra|pratipra|saMpra|prati|saMprati|vi|na|aBivi|pravi|prativi|saMvi|sam|aBisam|pratisam
pw,43453,jyA,4,aDi|upa|pari|pra
pw,43479,jyut,1,ava
pw,43527,jyok,1,kar
pw,43620,jramB,10,ava|aBi|vyA|ud|samud|pari|pra|vi|pravi|sam
pw,43624,jri,2,upa|pari
pw,43627,jvar,4,pra|sam|anusam|aBisam
pw,43647,jval,15,apa|aBi|ava|aByava|ud|prod|samud|upa|pra|atipra|aBipra|saMpra|prati|aBivi|sam
pw,43687,Jaw,1,ud
pw,43805,waNkay,3,ud|nis|vi
pw,43854,wIk,2,A|ud
pw,43908,qamb,1,vi
pw,43966,qI,13,ati|aBi|ava|ud|prod|ni|nis|parA|pari|pra|vi|sam|avasam
pw,44021,QOk,1,upa
pw,44032,taMs,7,aBi|A|upa|nis|parA|pari|vi
pw,44034,tak,3,nis|pari|pra
pw,44059,takz,8,anu|apa|ava|A|nis|pra|vi|sam
pw,44080,taNk,1,pra
pw,44092,taYc,3,A|aByA|upA
pw,44108,taq,7,aBi|ava|A|pari|pra|vi|sam
pw,44363,tan,32,ati|vyati|aDi|anu|apa|aBi|ava|aByava|A|anvA|aByA|udA|paryA|pratyA|vyA|samA|ud|ni|atinis|pari|pra|aBipra|vi|anuvi|aBivi|Avi|pravi|sam|anusam|aBisam|upasam|parisam
pw,44564,tap,26,ati|anu|apratyanu|samanu|aBi|ava|A|aByA|ud|upa|samupa|ni|nis|vinis|pari|vipari|pra|aBipra|asaMpra|prati|vi|pravi|sam|atisam|aBisam|parisam
pw,44680,tam,8,ava|A|ud|ni|pari|pra|atipra|sam
pw,44750,tar,29,ati|vyati|anu|apa|aBi|ava|samava|A|aByA|ud|aByud|prod|pratyud|samud|upa|ni|nis|pari|pra|aBipra|upapra|vipra|saMpra|prati|vi|pravi|sam|anusam|aBisam
pw,44879,taruz,1,A
pw,44891,tark,9,anu|nis|pari|pra|saMpra|prati|vi|saMvi|sam
pw,44938,tarj,7,aBi|samaBi|A|ud|pari|vi|sam
pw,44950,tard,13,ati|anu|aBi|ava|A|ud|upa|ni|pari|pra|saMpra|vi|sam
pw,44959,tarp,11,ati|anu|apa|aBi|ava|A|ni/|pari|pra|vi|sam
pw,44974,tarz,3,anu|pari|vi
pw,44985,tarh,2,nis|vi
pw,45373,tAy,2,vi|sam
pw,45709,tij,4,ud|ni|prati|sam
pw,45912,til,1,pra
pw,46155,tu,2,ud|sam
pw,46207,tuj,1,A
pw,46250,tud,12,anu|ava|A|ud|ni|anuni|nis|pari|pra|prati|vi|sam
pw,46287,tump,1,pra
pw,46394,turv,1,pra
pw,46401,tul,3,A|ud|sam
pw,46402,tula,2,i|DA
pw,46502,tuS,1,ni
pw,46504,tuz,6,aBi|upa|pari|pra|saMpra|sam
pw,47188,tyaj,9,aBi|samaBi|ni|nis|pari|saMpari|vi|sam|aBisam
pw,47217,trap,2,apa|vyapa
pw,47279,tras,12,apa|ava|ud|vyud|samud|nis|parA|pari|pra|vi|sam|aBisam
pw,47288,trA,2,pari|sam
pw,47973,truw,1,ud
pw,48195,tvakz,1,pra
pw,48240,tvat,1,BU
pw,48259,tvar,5,ati|aBi|pari|pra|sam
pw,48300,tviz,1,A
pw,48322,tsar,3,aBi|ava|upa
pw,48352,daMS,9,ava|A|ud|upa|nis|pari|vi|sam|aBisam
pw,48389,daMh,1,ati
pw,48548,daG,3,ati|A|pra
pw,48973,daB,3,aBi|A|upa
pw,48981,dam,3,A|ud|pra
pw,49022,day,2,ava|vi
pw,49037,dar,15,anu|apa|ava|vyava|A|ud|ni|nis|pari|pra|aBipra|prati|vi|udvi|pravi
pw,49038,dar,4,A|atyA|pratyA|samA
pw,49082,darp,3,ati|samud|pra
pw,49096,darB,3,anu|pi|sam
pw,49141,darS,25,ati|aDi|anu|vyapa|aBi|ava|A|pratyA|vyA|ud|aByud|upa|samupa|ni|saMni|parA|pari|pra|upapra|saMpra|prati|vi|aBivi|sam|anusam
pw,49183,darh,2,ud|anUd
pw,49184,dal,5,ava|ud|nis|vi|sam
pw,49410,daSasy,2,A|sam
pw,49467,das,6,apa|upa|anUpa|pra|vi|sam
pw,49485,dah,22,ati|anu|apa|api|aBi|ava|A|aByA|upa|ni|nis|anunis|vinis|pari|saMpari|pra|saMpra|prati|vi|sam|vyatisam|anusam
pw,49511,dA,38,ati|anu|aBi|ava|aByava|A|anvA|apA|aByA|samaByA|udA|upA|aByupA|samupA|paryA|prA|pratyA|vyA|apavyA|aBivyA|samA|ud|upa|ni|pariRi|praRi|nis|parA|pari|pra|atipra|anupra|upapra|pratipra|saMpra|prati|vi|sam
pw,49513,dA,15,api|ava|aByava|nirava|paryava|pratyava|vyava|samava|A|pariRI|praRi|nis|pari|vi|sam
pw,49514,dA,5,A|ud|ni|vi|sam
pw,49515,dA,2,pariRi|praRi
pw,49517,dA,4,ava|paryava|vyava|A
pw,49917,dAS,2,ati|vi
pw,49962,dAs,1,aBi
pw,50250,div,7,ati|aDi|aBi|A|pra|prati|vi
pw,50251,div,2,A|pari
pw,50420,diS,38,ati|aDi|anu|samanu|apa|vyapa|aBi|ava|samava|A|anvA|aByA|upA|nirA|pratyA|vyA|samA|pratisamA|ud|aByud|samud|upa|pratyupa|samupa|ni|nis|aBinis|pratinis|vinis|parA|pari|pra|aBipra|saMpra|prati|sam|anusam|pratisam
pw,50444,dih,13,anu|aBi|ava|A|ud|upa|ni|pariRi|nis|pari|pra|sam|aBisam
pw,50447,dI,2,nis|pari
pw,50450,dI,1,upa
pw,50452,dIkz,3,aBi|upa|sam
pw,50483,dIdi,5,aBi|A|ni|pra|sam
pw,50489,dIDi,10,anu|aBi|ava|A|anvA|ud|ni|pra|prati|vi
pw,50512,dIp,16,ati|aBi|ava|A|upA|vyA|ud|pratyud|samud|upa|pari|pra|saMpra|prati|vi|sam
pw,50768,du,5,aBi|A|pari|pra|vi
pw,51308,durmanAy,1,pari
pw,51552,duz,8,anu|aBi|upa|pra|vipra|saMpra|vi|sam
pw,51746,duh,11,aBi|ava|aByava|A|upa|nis|pra|vi — pra|prati|vi|sam
pw,51788,dUra,1,tyaj
pw,51892,dUzay,7,aBi|upa|pra|aBipra|pratipra|vi|sam
pw,53169,dyu,1,pra
pw,53184,dyut,11,aBi|ava|A|ud|samud|nis|pra|saMpra|vi|saMvi|sam
pw,53186,dyut,2,vyaBi|A
pw,53396,drA,3,apa|aBi|vi
pw,53397,drA,4,ava|ni|pariRi|vi
pw,53420,drAq,1,ud
pw,53447,dru,41,acCa|ati|aDi|anu|samanu|apa|aBi|samaBi|vyava|samava|A|anvA|aByA|udA|paryA|prA|saMprA|pratyA|samA|ud|anUd|aByud|upa|opa|pratyupa|samupa|nis|pari|nis|pari|vipari|pra|aBipra|A/|vipra|saMpra|prati|vi|aBivi|pravi|sam
pw,53515,druh,4,aBi|pra|prati|vi
pw,53531,drek,1,pra
pw,54133,dviz,5,anu|pari|pra|vi|sam
pw,54354,Dan,1,pra
pw,54549,Danv,6,acCa|anu|aBi|pra|paripra|sam
pw,54574,Dam,18,anu|apa|api|aBi|ava|A|atyA|upA|pratyA|samA|ud|upa|nis|parA|pra|vi|sam|aBisam
pw,54596,Dar,19,aDi|aBi|ava|paryava|vyava|A|nyA|ud|upa|anUpa|ni|vini|nis|pari|pra|saMpra|prati|vi|sam
pw,54992,Darz,12,apa|aBi|ava|A|upa|pari|pra|aBipra|saMpra|prati|vi|sam
pw,55004,Dav,1,ni
pw,55032,DA,87,ati|aDi|anu|vyanu|antar|apa|api|samapi|aBi|pratyaBi|samaBi|ava|anvava|aByava|upAva|paryava|pratyava|vyava|saMvyava|samava|A|atyA|aDyA|antarA|anvA|apA|aByA|udA|upA|pratyupA|nyA|nirA|paryA|anuparyA|aBiparyA|prA|vyA|samA|anusamA|aBisamA|upasamA|pratisamA|ud|upa|anUpa|aByupa|pratyupa|tiras|ni|aDini|apani|aBini|unni|upani|parini|praRi|saMpraRi|pratini|vini|saMni|nis|vinis|pari|vipari|pi|puras|pra|prati|anuprati|vi|ativi|aDivi|anuvi|aBivi|pravi|prativi|saMvi|sam|atisam|aDisam|anusam|aBisam|samaBisam|upasam|prasam|pratisam|visam
pw,55034,DA,8,anu|nirava|ud|upa|nis|pariRi|pra|prati
pw,55351,DAv,31,ati|anu|samanu|apa|api|aBi|pratyaBi|samaBi|ava|vyava|A|anvA|upA|samA|upa|samupa|nis|parA|pari|vipari|pra|aDipra|anupra|vipra|saMpra|prati|vi|anuvi|aBivi|parivi|sam
pw,55352,DAv,8,anu|A|vyud|ni|nis|pra|vi|sam
pw,55372,Di,1,aBi
pw,55413,DI,2,A|ni
pw,55479,Dunay,1,A
pw,55514,DU,21,apa|aBi|ava|vyava|A|vyA|samA|ud|samud|upa|ni|nis|vinis|pravinis|pari|pra|vi|anuvi|Avi|pravi|sam
pw,55528,DUnay,2,ava|vi
pw,55539,DUpay,8,anu|ava|A|ud|upa|nis|pra|vi
pw,55546,DUpAy,1,vi
pw,55577,DUmay,2,A|pra
pw,55682,DUlay,2,ava|ud
pw,55874,DyA,20,ati|anu|samanu|apa|samapa|aBi|samaBi|ava|A|samA|upa|ni|aBini|praRi|nis|pari|pra|saMpra|prati|sam
pw,55926,Draj,1,pra
pw,56004,DvaMs,16,ati|anu|apa|aBi|ava|A|ud|samud|upa|ni|vini|pari|pra|prati|vi|pravi
pw,56052,Dvan,4,apa|aBi|pra|prati
pw,56181,nakz,7,acCa|aBi|ava|upa|pari|pra|aBipra
pw,56379,naw,1,ud
pw,56444,nad,19,anu|vyanu|aBi|A|ud|prod|samud|upa|ni|pariRi|pari|pra|aBipra|vipra|saMpra|prati|vi|anuvi|sam
pw,56516,nand,10,anu|aBi|pratyaBi|samaBi|A|samA|pari|prati|saMprati|vi
pw,56635,naB,2,ud|pra
pw,56698,nam,30,ati|aDi|anu|apa|aBi|ava|aByava|upAva|A|ud|aByud|samaByud|prod|pratyud|samud|upa|samupa|ni|nis|aBinis|pari|vipari|pra|aBipra|saMpra|prati|vi|sam|aBisam|upasam
pw,56720,namasy,1,sam
pw,56817,nara,1,nara
pw,56961,nart,14,aDi|anu|aBi|A|aByA|upa|ni|aBini|pari|pra|saMpra|prati|vi|sam
pw,56975,nard,9,aBi|ava|A|ni|pra|prati|vi|anuvi|sam
pw,57246,naS,14,anu|apa|vyapa|ava|nis|pari|pra|atipra|vipra|saMpra|vi|anuvi|pravi|sam
pw,57248,naS,7,acCa|aBi|ud|pari|pra|vi|sam
pw,57296,nas,1,sam
pw,57318,nah,25,anu|apa|api|aBi|ava|paryava|prAva|A|upA|nirA|paryA|prA|pratyA|vyA|ud|samud|upa|ni|pari|prati|vi|sam|apisam|aBisam|upasam
pw,57708,nAT,2,anu|upa
pw,58185,niMs,2,pari|pra
pw,58274,nikz,3,anu|pra|vi
pw,58410,nij,8,ava|aByava|prAva|pratyava|nis|parinis|pra|vi
pw,58507,nid,4,parini|pra|prati|vi
pw,60495,nI,66,acCa|ati|aByati|vyati|aDi|anu|paryanu|pratyanu|apa|vyapa|api|aBi|prABi|ava|aByava|A|anvA|aByA|samaByA|udA|aByudA|samudA|upA|samupA|nyA|paryA|prA|pratyA|vyA|samA|pratisamA|ud|anud|aByud|upod|prod|samud|upa|vyupa|samupa|ni|aBini|avani|upani|saMni|nis|vinis|parA|pratiparA|upasaMparA|pari|anupari|prapari|vipari|pra|atipra|aBipra|vipra|saMpra|prati|vi|aBivi|prativi|saMvi|sam|aBisam
pw,60824,nu,13,acCa|anu|aBi|A|anvA|pari|pra|aBipra|saMpra|prati|vi|sam|aBisam
pw,60826,nu,7,ati|anu|apa|aBi|ava|vi|sam
pw,60834,nud,24,ati|apa|vyapa|aBi|ava|paryava|apA|vyapA|upA|upa|nis|aBinis|parA|pari|pra|atipra|anupra|vipra|saMpra|prati|vi|aBivi|sam|upasam
pw,61095,ned,1,ati
pw,61524,nyUNKay,1,prati
pw,61760,pac,13,anu|aBi|A|ud|ni|praRi|pari|pra|aBipra|saMpra|vi|sam|aBisam
pw,62236,paw,7,ava|A|ud|samud|vini|vinis|vi
pw,62354,paW,10,ati|vyati|anu|aBi|ud|ni|pari|pra|vi|sam
pw,62374,paR,3,A|pra|vi
pw,62448,pat,42,acCa|ati|anu|pra/|vi/|antar|aBi|samaBi|ava|aByava|A|aByA|paryA|samA|ud|anUd|aByud|prod|samud|upa|A/ — u/pa|ni|aBini|upani|pariRi|praRi|pratini|vini|saMni|nis|aBinis|vinis|parA|anuparA|pari|vipari|pra|anupra|nizpra|prati|vi|sam
pw,62487,patay,4,acCa|antar|A|vi
pw,62668,paty,1,aBi
pw,62679,paT,1,api
pw,62713,pad,55,ati|anu|samanu|apa|api|anvapi|anvapi|aBi|samaBi|ava|paryava|vyava|A|aByA|pratyA|vyA|samA|aBisamA|ud|upod|prod|pratyud|vyud|samud|upa|aDyupa|aByupa|pratyupa|samupa|ni|anuni|aBini|upani|pariRi|nis|anunis|aBinis|parinis|vinis|saMnis|pari|pra|atipra|anupra|aBipra|saMpra|aBisaMpra|prati|aBiprati|viprati|saMprati|vi|sam|aBisam|upasam
pw,63010,pan,2,A|vi
pw,63141,par,17,ati|anu|aBi|samaBi|ava|A|samA|ud|upa|ni|nis|pari|saMpari|pra|aBipra|prati|sam
pw,63142,par,7,ati|pra/ a/ti|apa|A|ud|nis|sam
pw,63143,par,2,A|vyA
pw,64624,parc,9,aDi|anu|api|A|upa|nis|pra|vi|sam
pw,65025,palyaNgay,1,vi
pw,65135,paS,20,ati|anu|samanu|antar|apa|aBi|ava|A|ud|parA|pari|pra|aBipra|saMpra|prati|vi|anuvi|aBivi|sam|prasam
pw,65309,pA,20,ati|anu|antar|aBi|ava|anvava|A|samA|ud|anUd|upa|ni|vini|nis|pari|pra|anupra|prati|vi|sam
pw,65311,pA,7,aDi|anu|aBi|ni|nis|pari|pra
pw,65313,pA,2,anUd|pratyud
pw,66559,pAlay,12,ati|anu|samanu|aBi|samaBi|ni|pari|saMpari|pra|prati|saMprati|sam
pw,66642,pASay,2,ava|vi
pw,66862,piRqay,4,ava|ud|pari|sam
pw,67089,pinv,1,pra
pw,67149,pibd,1,A
pw,67164,piS,5,anu|aBi|A|nis|vi
pw,67218,piz,15,anu|ava|A|ud|samud|ni|prani|nis|vinis|pari|pra|prati|aBiprati|vi|sam
pw,67262,pI,4,aBi|A|ud|pra
pw,67280,pIq,22,ati|aBi|samaBi|ava|samava|A|ud|samud|upa|ni|aBini|upani|vini|nis|vinis|pari|pra|aBipra|saMpra|prati|vi|sam
pw,67413,pIy,1,ni
pw,67546,puYjay,2,ava|ud
pw,67556,puw,2,pari|sam
pw,67779,puT,8,aBi|ava|A|samA|ni|pra|vi|sam
pw,68018,puras,1,DA
pw,68137,puru,1,si/mA
pw,68482,puz,5,anu|ud|pari|pra|vi
pw,68750,pU,16,ati|anu|aBi|A|samA|ud|samud|ni|nis|pratinis|parA|pari|pra|vi|sam|aBisam
pw,68762,pUj,11,anu|aBi|samaBi|pari|saMpari|pra|saMpra|prati|saMprati|sam|aBisam
pw,68884,pUy,1,A
pw,69364,pfTak,2,kar|BU
pw,70193,pyA,4,A|pratyA|samA|pra
pw,70376,prakz,1,A
pw,70585,praC,15,ati|anu|aByanu|samanu|aBi|A|upA|samA|upa|pari|saMpari|prati|vi|sam|upasam
pw,72194,praT,7,anu|aBi|A|ni|pari|vi|sam
pw,72262,pradakziRa,1,kar
pw,73787,prA,2,A|vi
pw,74810,priyAy,1,ni
pw,74820,prI,5,aBi|A|pari|anupra|sam
pw,74850,pru,7,ati|apa|aBi|A|ud|upa|vi
pw,74852,pruT,2,apa|pra
pw,74853,pruz,3,aBi|ud|pari
pw,74857,pruzAy,2,aBi|A
pw,75194,plu,32,samati|aDi|anu|apa|aBi|samaBi|ava|anvava|samava|A|udA|nyA|upanyA|pari|pratyA|samA|ud|samud|upa|samupa|upani|nis|pari|anupari|aBipari|saMpari|pra|prati|vi|anuvi|sam|aBisam
pw,75201,pluz,3,A|nis|vi
pw,75214,psA,2,pariRi|sam
pw,75235,PaR,1,A
pw,75293,Pal,7,ud|prod|samud|pra|prati|vi|sam
pw,75294,Pal,2,prati|vi
pw,75595,baMh,3,ava|ni|sam
pw,75768,banD,26,anu|paryanu|samanu|api|aBi|ava|A|samA|ud|prod|samuda|upa|ni|upani|vini|saMni|nis|pari|pra|prati|vi|sam|anusam|aBisam|upasam|pratisam
pw,75887,barh,15,ati|ava|A|ud|samud|ni|vini|saMni|nis|pari|pra|upapra|vi|udvi|sam
pw,75888,barh,9,ati|aBi|ud|upa|samupa|ni|pari|vi|sam
pw,76248,bahis,2,kar|BU
pw,76652,bAD,16,ati|aDi|anu|apa|aBi|ava|A|ud|upa|ni|nis|pra|saMpra|prati|vi|sam
pw,76862,bAzpAy,1,ati
pw,77335,buD,21,anu|ava|samava|A|ud|prod|samud|ni|saMni|pari|pra|anupra|vipra|saMpra|prati|saMprati|vi|aBivi|sam|aBisam|pratisam
pw,78307,brU,19,punar|acCA|ati|aDi|anu|apa|aBi|ava|A|pratyA|ud|upa|nis|pari|pra|pratipra|prati|vi|sam
pw,78380,Bakz,5,vyava|upa|pari|prati|sam
pw,78541,Baj,17,anu|apa|aBi|A|anvA|upa|nis|pari|pra|prati|vi|anuvi|aBivi|pravi|prativi|saMvi|sam
pw,78555,BaYj,18,apa|aBi|ava|A|vyA|ud|upa|ni|nis|vinis|pari|pra|aBipra|saMpra|prati|vi|sam|aBisam
pw,78620,BaR,1,prati
pw,78630,BaRq,1,prati
pw,78809,Ban,1,A
pw,78864,Bar,27,ati|anu|apa|aBi|ava|A|aDyA|upA|paryA|samA|ud|aDyud|paryud|upa|ni|saMni|nis|parA|pari|pra|aBipra|prati|vi|sam|anusam|aBisam|upasam
pw,78974,Barts,14,aBi|ava|ava|ud|ni|nis|ava|ud|ni|nis|aBinis|vinis|pari|sam
pw,78991,Bal,4,ni|vini|nis|sam
pw,79164,Bas,2,nis|pra
pw,79236,BA,24,ati|na|ati|vyAti|anu|aBi|ava|A|samA|ud|ni|nis|vinis|pra|anupra|saMpra|prati|viprati|saMprati|vi|aBivi|A-vi|saMvi|sam
pw,79680,BAz,21,aDi|anu|apa|aBi|pratyaBi|samaBi|ava|A|vyA|samA|ud|pari|pra|saMpra|prati|saMprati|vi|saMvi|sam|upasam|prasam
pw,79706,BAs,11,ava|pratyava|vyava|A|ud|samud|nis|pari|pra|prati|vi
pw,79806,Bid,23,vyati|anu|antar|apa|aBi|ava|A|ud|prod|ni|nis|vinis|parA|pari|pra|upapra|saMpra|prati|vi|pravi|sam|anusam|upasam
pw,79902,BI,7,ati|A|ni|pari|pra|vi|sam
pw,80049,Buj,12,ava|pratyava|A|vyA|ni|nis|vinis|pari|pra|vi|pravi|sam
pw,80051,Buj,13,aDi|anu|aBi|A|samA|upa|pratyupa|samupa|pari|pra|prati|vi|sam
pw,80140,Bur,2,pari|sam
pw,80202,BU,52,na|kva|ati|pra|vyati|aDi|anu|pratyanu|samanu|antar|apa|api|aBi|atyaBi|pratyaBi|A|punar|anvA|aByA|paryA|pratyA|Avis|prAvis|ud|prod|pratyud|samud|upa|tiras|ni|praRi|nis|parA|anuparA|pari|saMpari|punar|pra|anupra|aBipra|upapra|prati|vi|anuvi|pravi|prativi|saMvi|sam|anusam|aBisam|parisam|pratisam
pw,80714,BUz,5,A|upA|upa|pari|vi
pw,80715,BUz,11,ati|aBi|A|upa|pari|pra|anupra|upapra|prati|vi|sam
pw,81112,Bos,1,Bos
pw,81157,Byas,1,ud
pw,81159,BraMS,9,anu|apa|A|ni|pari|saMpari|pra|vi|sam
pw,81174,Brajj,3,ava|pari|sam
pw,81180,Bram,8,ud|samud|upa|pari|pra|vi|sam|upasam
pw,81222,BrAj,5,pari|pra|vi|aDivi|sam
pw,81348,maMh,1,vi
pw,81485,maNk,1,pra
pw,81501,maNg,1,pra
pw,81590,majj,13,ava|A|ud|samud|upa|ni|upani|vini|saMni|nis|pra|vi|sam
pw,81621,maYc,1,nis
pw,81845,maRq,2,pari|prati
pw,82071,maT,17,aDi|aBi|ava|A|ud|prod|samud|upa|ni|nis|vinis|saMnis|pari|pra|vi|aBivi|sam
pw,82080,maTAy,2,ud|pari
pw,82097,mad,13,anu|aBi|ava|ud|prod|upa|pari|pra|aBipra|vipra|saMpra|vi|sam
pw,82099,mad,2,ni|upani
pw,82767,man,22,ba/hu|ati|aDi|anu|samanu|apa|aBi|ava|aByava|A|pratyA|samA|upa|ni|pari|pra|aBipra|prati|vi|sam|anusam|aBisam
pw,82822,manasy,1,aBi
pw,83129,mantray,16,anu|aBi|samaBi|A|udA|upA|samA|upa|aByupa|ni|aBini|upani|saMni|pari|prati|sam
pw,83514,mar,6,anu|aBi|A|upa|pari|pra
pw,83515,mar,10,A|A|upa|pAri|ni|pari|ni|pra|aBipra|vi
pw,83662,marC,1,aBi
pw,83663,marj,22,anu|apa|aBi|ava|A|apA|vyA|ud|samud|upa|ni|nis|parA|pari|pra|vipra|saMpra|prati|vi|anuvi|aBivi|saM
pw,83667,marq,1,pra
pw,83693,mard,18,ati|apa|aBi|ava|A|aByA|vyA|ud|upa|ni|parA|pari|pra|saMpra|prati|vi|saMvi|sam
pw,83701,marD,3,pari|vi|sam
pw,83763,marS,25,ati|vyati|aByaDi|anu|apa|aBi|pratyaBi|ava|anvava|pratyava|samava|A|ud|parA|anuparA|upopa pa/rA|pratiparA|pari|aBipra|prati|vi|anuvi|pravi|sam|aBisam
pw,83766,marz,8,na|apa|api|A|upa|pari|pra|vi
pw,84045,mah,2,A|sam
pw,85533,mA,19,anu|apa|aBi|ava|ud|upa|ni|pariRi|nis|aBinis|parinis|vinis|pravinis|saMnis|pari|pra|prati|vi|sam
pw,85535,mA,3,anu|A|pariRi
pw,85536,mA,5,apa|ni|pariRi|vini|vi
pw,86391,mArg,4,anu|pari|saMpari|prati
pw,86748,mi,11,anu|ud|upa|ni|praRi|aBinis|pari|pra|prati|vi|sam
pw,86749,mi,4,A|parA|vi|sam
pw,86751,mikz,2,A|sam
pw,86889,miT,2,aBi|pratyaBi
pw,86908,miTus,1,Bu
pw,86916,miTyA,2,pra-vart|BU
pw,86973,mid,3,ati|anu|pra
pw,87001,mil,3,pari|sam|aBisam
pw,87029,miSray,8,vyati|anu|vyA|anu|vyA|vi|sam|pratisam
pw,87041,miz,5,ud|prod|pratyud|samud|ni
pw,87058,mih,9,ati|aBi|ava|upa|ni|pari|pra|prati|sam
pw,87071,mI,4,anu|A|uda|pra
pw,87118,mIl,13,anu|aBi|A|vyA|ud|prod|samud|ni|vini|saMni|pra|saM|aBisam
pw,87122,mIv,4,A|ni|pra|prati
pw,87422,muc,30,ati|aDi|vyapa|aBi|ava|vyava|A|paryA|vyA|ud|prod|samud|upa|nis|aDinis|aBinis|vinis|pari|vipari|pra|anupra|paripra|pratipra|vipra|saMpra|prati|saMprati|vi|pravi|sam
pw,87473,muw,4,ava|ud|pari|prati
pw,87518,mud,11,anu|aByanu|aBi|A|ud|saMpari|pra|anupra|saMpra|prati|sam
pw,87558,mudray,3,ud|pari|vi
pw,87690,muz,10,aBi|ava|A|ud|nis|pari|pra|saMpra|vi|sam
pw,87696,muzAy,2,A|pra
pw,87763,muh,17,ati|vyati|anu|aBi|vyA|ud|nis|vinis|pari|pra|vipra|saMpra|prati|vi|sam|aBisam|visam
pw,87841,mUtray,3,ava|pra|sam
pw,87878,mUrC,8,aBi|ava|ud|prod|pra|vi|sam|aBisam
pw,88144,mfgay,3,pari|pra|vi
pw,88296,mfR,2,A|pra
pw,89017,mokzay,7,A|pari|pra|saMpra|prati|vi|sam
pw,89261,mnA,3,A|pratyA|samA
pw,89262,myakz,5,apa|A|ni|parA|sam
pw,89263,mrakz,3,aBi|ni|sam
pw,89267,mrad,2,pra|vi
pw,89274,mrit,2,nis|vi
pw,89275,mruc,2,ni|aBini
pw,89278,mreq,2,A|upani
pw,89284,mlA,6,aBi|A|pari|vipari|pra|vi
pw,89296,mluc,8,anu|apa|upa|ni|aBini|ni|aBini|pra
pw,89298,mlup,2,upa|aBini
pw,89385,yaj,15,ati|anu|apa|aBi|ava|nirava|A|samA|upa|atyupa|pari|pra|prati|anupra|sam
pw,89668,yat,20,aDi|anu|A|atyA|anvA|vyA|samA|upa|ni|nis|pratinis|pari|pra|saMpra|prati|vi|aDivi|sam|aBisam|pratisam
pw,90222,yantray,3,upa|ni|sam
pw,90244,yaB,1,pra
pw,90246,yam,38,aDi|anu|antar|A|apA|aByA|udA|upA|nirA|paryA|vyA|samA|aBisamA|ud|aByud|upod|prod|pratyud|samud|upa|ni|pratini|vini|saMni|nis|pari|pra|atipra|anupra|Apra|upapra|pratipra|saMpra|prati|vi|sam|aBisam|upasam
pw,90603,yas,9,ava|A|samA|ud|ni|nis|pra|saMpra|sam
pw,90611,yA,71,acCa|ati|vyati|samati|aDi|anu|antar|apa|aByapa|vyApa|pratyapa|vyapa|api|aBi|pratyaBi|samaBi|ava|A|punar|atyA|anvA|aByA|udA|upA|aByupA|samupA|paryA|anuparyA|prA|pratyA|samA|aBisamA|ud|aByud|pratyud|samud|upa|aByupa|upopa|pratyupa|samupa|ni|pariRi|praRi|nis|aBinis|pratinis|vinis|parA|pari|anupari|pra|anupra|samanupra|aBipra|upapra|paripra|pratipra|vipra|saMpra|anusaMpra|aBisaMpra|upasaMpra|prati|vi|aBivi|sam|anusam|aBisam|upasam|pratisam
pw,90623,yAc,11,pu/nar|anu|pratyanu|aBi|samaBi|A|upa|nis|pra|saMpra|sam
pw,90984,yu,17,vyati|anu|aBi|A|aByA|udA|paryA|samA|ud|ni|pari|pra|pratipra|prati|vi|pravi|sam
pw,90986,yu,5,apa|apa|nis|pra|vi
pw,91091,yuC,2,nirA|pra
pw,91092,yuj,41,aDi|anu|aByanu|samanu|apa|aBi|pratyaBi|A|aByA|upA|samupA|vyA|samA|aBisamA|ud|samud|upa|paryupa|vyupa|samupa|ni|anuni|upani|vini|saMni|nis|pra|atipra|anupra|aBipra|pratipra|vipra|saMpra|prati|vi|sam|anusam|aBisam|upasam|prati|visam
pw,91144,yuD,11,anu|aBi|A|prA|ud|ni|pra|saMpra|prati|sam|pratisam
pw,91164,yup,2,A|sam
pw,91303,yez,1,nis
pw,91857,rakz,14,aDi|anu|aBi|samaBi|ava|A|upa|prani|pari|saMpari|pra|prati|vi|sam
pw,92049,rac,4,A|upa|samupa|vi
pw,92058,raj,11,anu|apa|aBi|samaBi|ud|upa|prati|vi|sam|anusam|aBisam
pw,92157,raYj,5,aBi|A|ni|pra|sam
pw,92167,raw,2,A|pari
pw,92660,rad,2,pra|vi
pw,92674,raD,3,upa|ni|pari
pw,92678,ran,2,ni|vi
pw,92704,rap,4,A|pari|pra|prati
pw,92706,rapS,2,pra|vi
pw,92713,raB,20,anu|aBi|A|anvA|vyanvA|samanvA|aByA|samupA|prA|pratyA|vyA|samA|anusamA|upasamA|pari|saMpari|sam|anusam|aBisam|pratisam
pw,92727,ram,19,ati|anu|apa|aBi|ava|upAva|A|upA|vyupA|samA|ud|upa|vyupa|ni|pari|prati|vi|pravi|sam
pw,92756,ramb,2,ava|A
pw,92759,ramB,1,upa
pw,92905,ras,6,anu|aBi|A|ni|prati|vi
pw,93104,rah,1,vi
pw,93138,rA,2,vyati|sam
pw,93140,rA,1,aBi
pw,93243,rAj,15,ati|anu|apa|aBi|upa|nis|pari|prati|vi|ativi|aDivi|anuvi|aBivi|saMvi|sam
pw,93808,rAD,13,anu|apa|aBi|ava|A|upA|samA|upa|pra|prati|vi|sam|aBisam
pw,94127,rAs,1,pari
pw,94174,ri,7,anu|A|ni|nis|pra|vi|saM
pw,94198,riK,1,A
pw,94207,ric,11,ati|atyati|aByati|vyati|anu|A|ud|samud|ni|pra|vi
pw,94216,rip,1,api
pw,94230,riP,4,vyapa|ava|A|vi
pw,94231,riB,2,aBi|vi
pw,94247,riS,2,A|vi
pw,94252,riz,3,anu|aBi|A
pw,94271,rih,4,A|pari|prati|sam
pw,94291,ru,8,anu|aBi|A|upa|pra|prati|vi|sam
pw,94350,ruc,16,ati|anu|aBi|ava|A|ud|upa|nis|pari|pra|saMpra|prati|vi|ativi|aBivi|sam
pw,94394,ruj,10,aBi|ava|A|samA|ud|samupa|pari|pra|vi|sam
pw,94418,rud,9,anu|aBi|ava|upA|upa|ni|pra|vi|sam
pw,94551,ruD,4,ava|ud|pra|vi
pw,94552,ruD,29,anu|apa|vyapa|aBi|ava|avAva|paryava|pratyava|samava|A|samA|ud|upa|pratyupa|samupa|ni|upani|saMni|pari|pra|saMpra|prati|vi|prativi|sam|atisam|aBisam|upasam|pratisam
pw,94571,rup,1,A
pw,94605,ruz,5,aBi|A|saMpra|vi|sam
pw,94617,ruh,47,ati|vyati|aDi|anvaDi|upADi|samaDi|anu|vyapa|api|samapi|aBi|samaBi|ava|aDyava|anvava|aByava|upAva|pratyava|aBipratyava|vyava|A|atyA|aDyA|anvA|upAnvA|samanvA|aByA|avA|udA|upA|samupA|paryA|prA|pratyA|samA|anusamA|aBisamA|upa|ni|nis|pra|anupra|aBipra|prati|vi|sam|upasam
pw,94635,rUkzay,1,vi
pw,94686,rUpay,3,ni|pra|vi
pw,94736,rUz,1,sam
pw,94764,rej,2,pra|sam
pw,95308,lakzay,12,ati|anu|aBi|A|upA|samA|upa|aByupa|samupa|saMprati|vi|sam
pw,95413,lag,7,anu|ava|A|samA|pari|vi|saM
pw,95594,laNg,1,vi
pw,95602,laNG,12,ati|aBi|ava|A|ud|samud|pari|prati|vi|ativi|saMvi|sam
pw,95614,lajj,3,aDi|vi|sam
pw,95717,lap,14,anu|apa|aBi|A|upA|samA|ud|samud|pra|vipra|saMpra|vi|pravi|sam
pw,95752,laB,18,anu|aBi|A|anvA|upA|paryA|pratyA|samA|upa|pratyupa|samupa|pari|pra|vipra|prati|vi|pravi|sam
pw,95766,lamb,16,ava|vyava|samava|A|aDyA|apA|vyA|samA|ud|samud|pari|pra|aBipra|prati|vi|pravi
pw,95809,lal,6,anu|upA|ud|upa|vi|sam
pw,95953,laz,3,apa|aBi|samaBi
pw,95959,las,13,anu|aBi|ud|atyud|aByud|paryud|pratyud|prod|samud|upa|pari|vi|pravi
pw,95975,lA,1,A
pw,96042,lAYC,1,nis
pw,96179,liK,19,apa|aBi|ava|vyava|A|vyA|samA|ud|prod|samud|upa|nis|vinis|pari|vipari|pra|prati|vi|sam
pw,96182,liKApay,1,vi
pw,96221,liNgay,1,ud
pw,96251,lip,13,anu|aBi|ava|A|samA|upa|paryupa|ni|pari|pra|vi|pravi|sam
pw,96281,liS,2,A|vi
pw,96284,lih,12,ava|A|pratyA|ud|upa|nis|pari|pra|prati|vi|sam|parisam
pw,96287,lI,25,anu|apa|aBi|ava|vyava|samava|A|pratyA|ud|upa|ni|apani|aBini|saMni|pra|vipra|saMpra|prati|vi|anuvi|aBivi|pravi|saMpravi|sam|pratisam
pw,96345,luYc,5,ava|A|ud|nis|vi
pw,96351,luW,8,aDi|aBi|ud|nis|parinis|pari|pra|vi
pw,96352,luW,1,nis
pw,96357,luq,11,ava|A|vyA|samA|nis|pari|vipra|prati|vi|ativi|sam
pw,96358,luRw,2,nis|vi
pw,96362,luRW,4,ava|ud|nis|vi
pw,96376,lup,19,apa|aBi|ava|anvava|samava|A|vyA|ud|samud|ni|nis|pari|vipari|pra|vipra|saMpra|vi|pravi|sam
pw,96390,luB,13,anu|aBi|ava|A|upa|pari|pra|upapra|vipra|saMpra|prati|vi|sam
pw,96397,lul,5,aBi|A|ud|vi|sam
pw,96408,lU,12,vyati|aBi|ava|A|nyA|vyA|ud|nis|pari|pra|vipra|vi
pw,96525,lok,11,aBi|ava|samava|A|prA|samA|ud|pari|vi|pravi|sam
pw,96718,loc,8,A|anvA|avA|paryA|samA|ud|nis|vi
pw,97294,vakz,1,ati
pw,97357,vac,22,acCa|ati|aDi|anu|aByanu|apa|aBi|A|ud|upa|ni|nis|parA|pari|pra|anupra|paripra|pratipra|saMpra|prati|vi|sam
pw,97586,vaYc,10,acCa|anu|aBi|A|ud|upa|nis|pari|pra|sam
pw,97787,vad,38,acCa|ati|aByati|aDi|anu|aByanu|apa|aBi|pratyaBi|samaBi|ava|vyava|A|samA|ud|pratyud|upa|pratyupa|ni|nis|aBinis|parA|aBiparA|pari|pra|anupra|aBipra|upapra|vipra|saMpra|prati|vi|prativi|sam|upasam|parisam|pratisam|visam
pw,97822,vaD,12,apa|aBi|samaBi|A|ud|upa|ni|nis|parA|pra|prati|vi
pw,97889,van,6,api|aBi|A|ni|pra|sam
pw,98162,vand,6,anu|aBi|pari|pra|prati|sam
pw,98218,vap,4,pari|pra|anupra|vi
pw,98219,vap,31,aDi|anu|apa|api|aBi|A|aDyA|anvA|paryA|pratyA|vyA|samA|ud|upa|ni|upani|parini|saMni|nis|anunis|aBinis|parinis|pratinis|vinis|saMnis|parA|pari|pra|prati|vi|sam
pw,98269,vam,7,aBi|A|ud|samud|nis|vinis|parA
pw,98342,var,32,anu|apa|api|aBi|A|apA|upA|samupA|paryA|prA|saMprA|vyA|samA|ud|ni|AdAya|upani|pratini|vini|saMni|nis|parinis|pari|aBipari|saMpari|pra|prati|vi|sam|aBisam|samaBisam|parisam
pw,98343,var,11,apa|aBi|A|vyA|ud|nis|pari|pra|prati|vi|sam
pw,98691,varj,25,aDi|anu|apa|vyapa|samapa|api|aBi|ava|A|apA|prA|vyA|parivyA|samA|ud|ni|anuni|parA|pari|saMpari|pra|anupra|prati|vi|sam
pw,98758,varRay,12,anu|samanu|aBi|vyA|upa|ni|nis|vinis|pari|pra|vi|sam
pw,98820,vart,81,acCa|ati|aByati|vyati|samati|aDi|anu|samanu|apa|vyapa|samapa|api|aBi|samaBi|aByava|nyava|samava|A|raTam|anvatyA|anvA|apA|aByA|udA|upA|aByupA|paryupA|nyA|paryA|anuparyA|apaparyA|aBiparyA|upaparyA|pratiparyA|viparyA|prA|pratyA|vyA|samA|aBisamA|upasamA|ud|samud|upa|samupa|ni|na|anuni|aBini|upani|aByupani|parini|pratini|vini|samni|nis|aBinis|upanis|vinis|parA|viparA|pari|anupari|vipari|saMpari|pra|atipra|anupra|aBipra|upapra|paripra|pratipra|saMpra|aBisaMpra|prati|vi|ativi|anuvi|sam|aDisam|aBisam
pw,98874,varD,22,ati|aDi|anu|aBi|samaBi|A|ud|ni|pari|pra|atipra|aBipra|pratipra|saMpra|prati|vi|aBivi|pravi|saMvi|sam|atisam|aBisam
pw,98955,varz,15,ati|anu|aBi|samaBi|ava|A|ud|nis|pari|pra|aBipra|saMpra|prati|vi|sam
pw,99036,varzAlI,1,kar
pw,99073,val,4,ati|A|vi|sam
pw,99132,valg,8,ati|aBi|A|vyA|parA|pra|vi|sam
pw,99151,valmI,1,vallI
pw,99212,valh,2,upa|pra
pw,99220,vaS,4,anu|aBi|A|samA
pw,99285,vazaw,1,kar
pw,99299,vas,5,aDi|apa|vi|aBivi|parivi
pw,99300,vas,13,aDi|anu|aBi|upa|ni|pratini|saMni|pari|pra|prati|vi|sam|aBisam
pw,99302,vas,34,aDi|aDi|anu|samanu|antar|aBi|A|aDyA|udA|upA|samA|ud|anUd|aByud|paryud|upa|samupa|ni|aDini|saMni|nis|pari|pra|atipra|apapra|vipra|saMpra|prati|vi|nirvi|sam|saha|aDisam|aBisam
pw,99304,vas,1,anu
pw,99305,vas,5,ud|ni|nis|pari|pra
pw,99637,vastray,1,sam
pw,99671,vah,38,ati|samati|aDi|anu|apa|pratyapa|vyapa|aBi|A|anvA|aByA|udA|samudA|upA|nirA|samA|ud|prod|samud|upa|upa|samupa|ni|pariRi|nis|pratinis|parA|pari|pra|atipra|anupra|aBipra|saMpra|prati|vi|saMvi|sam|anusam
pw,99683,vahanI,1,kar
pw,99757,vahnisAt,1,kar
pw,99767,vA,19,ati|anu|apa|aBi|ava|A|ud|anUd|upa|upa|nis|anunis|parinis|parA|pra|vi|anuvi|sam|anusam
pw,99768,vA,9,ati|apa|aBi|ud|upa|nis|pra|atipra|vi
pw,99769,vA,4,acCa|A|aByA|upa
pw,99770,vA,13,apa|A|samA|ud|upa|nis|pari|pra|atipra|anupra|saMpra|vi|sam
pw,100028,vAcika,1,vinASa
pw,100089,vAjaBft,1,BaradvAjasya
pw,100092,vAjay,1,upa
pw,100156,vAjI,1,kar
pw,100166,vAYC,2,aBi|samaBi
pw,100196,vAqabIya,1,jyotis
pw,100596,vApay,1,nis
pw,100699,vAmI,1,kar
pw,101304,vAS,8,anu|pratyanu|aBi|ud|ni|pra|prati|sam
pw,101362,vAsay,6,aDi|anu|aBi|A|samA|sam
pw,101505,vAh,2,pra|saMpra
pw,101961,viGnay,1,sam
pw,101971,vic,7,apa|aDyapa|ud|pra|vi|pravi|sam
pw,102084,vicCAy,1,nyA
pw,102100,vij,10,aBi|A|samA|ud|paryud|prod|samud|pra|vi|sam
pw,102524,vid,23,anu|samanu|aBi|vyava|A|samA|upa|ni|atini|vini|saMni|nis|pari|pra|anupra|pratipra|prati|saMprati|vi|sam|anusam|aBisam|pratisam
pw,102526,vid,13,aDi|anu|aBi|A|upa|nis|parinis|pari|pra|prati|vi|sam|aBisam
pw,102870,viD,2,upa|prati
pw,103025,vinay,1,vi
pw,103246,vip,8,ud|pari|pra|aBipra|saMpra|vi|pravi|sam
pw,103979,virajI,1,kar
pw,104000,viralaviralI,1,BU
pw,104004,viralI,1,kar
pw,104016,virAga,1,nAnA˚
pw,104038,virAwsu,1,vAmadevya
pw,104058,virAvin,1,mahArAva˚
pw,104075,viruta,1,vi
pw,104082,virudDa,1,vi
pw,104097,virUQa,1,vi
pw,104157,vilakzI,1,kar
pw,104161,vilaNGita,1,vi
pw,104171,vilambita,1,vi
pw,104179,vilasita,1,vi
pw,104181,vilAtar,1,vi
pw,104182,vilAtavya,1,vi
pw,104194,vilAzin,1,vi
pw,104230,viliKas,1,vi
pw,104235,vilipta,1,vi
pw,104242,viluWita,1,vi
pw,104252,viletar,1,vi
pw,104253,viletavya,1,vi
pw,104264,vilokita,1,vi
pw,104343,vivarRamaRI,1,kar
pw,104361,vivaSI,1,kar
pw,104417,vivikta,1,vi
pw,104422,viviktI,1,kar
pw,104451,vivfta,1,vi
pw,104458,vivftta,1,vi
pw,104466,vivfhas,1,vi
pw,104497,viS,50,punar|aDi|anu|apa|aBi|A|anvA|aByA|upA|samupA|nyA|nirA|prA|vyA|samA|upa|aDyupa|anUpa|aByupa|upopa|samupopa|paryupa|pratyupa|vyupa|samupa|ni|aDini|aBini|upani|pariRi|praRi|pratini|vini|saMni|aBisaMni|nis|pari|pari|pra|anupra|aBipra|pratipra|saMpra|vi|anuvi|sam|anusam|aBisam|upasam|pratisam
pw,104514,viSadI,1,kar
pw,104578,viSAlay,1,pra
pw,104583,viSAlika,1,viSAla
pw,104590,viSiKAntara,2,anu|ati
pw,104600,viSizwa,1,vi
pw,104650,viSezaRI,1,kar
pw,104676,viSokI,1,kar
pw,104716,viSrAnta,1,vi
pw,104726,viSrI,1,kar
pw,104727,viSruta,1,vi
pw,105027,viSvasta,1,vi
pw,105113,viz,8,A|upa|ni|nis|nis|pari|pravi|sam
pw,105303,vizahya,1,kartum
pw,105391,vizw,1,A
pw,105436,vizWAsAt,1,as
pw,105876,vI,9,ati|aBi|ava|A|upA|upA|ni|pra|prati
pw,105878,vI,5,apa|aBi|A|ud|pra
pw,105880,vI,1,A
pw,105905,vIj,7,anu|aBi|A|ud|upa|pari|sam
pw,106103,vIray,1,anu
pw,106804,vfzAy,2,A|ud
pw,107289,veD,2,pra|saMpra
pw,107306,ven,2,anu|apa
pw,107331,vel,1,ud
pw,107355,vell,4,anu|ud|vi|sam
pw,107444,vezw,19,anu|apa|aBi|A|samA|ud|upa|ni|upani|nis|pari|saMpari|pra|saMpra|prati|vi|sam|aBisam|pratisam
pw,108251,vyac,1,ud
pw,108314,vyaT,5,pari|pra|saMpra|vi|sam
pw,108331,vyaD,24,ati|vyati|anu|apa|vyapa|aBi|ava|A|upA|vyA|samA|ud|upa|ni|aDini|nis|parA|pari|pra|atipra|anupra|prati|vi|sam
pw,108532,vyA,15,aDi|apa|api|aBi|ava|A|ud|upa|ni|pari|prati|sam|anusam|aBisam|upasam
pw,108831,vyAseDa,1,vart
pw,108892,vyuzi,1,vi
pw,108895,vyuzwa,1,vi
pw,108902,vyUQa,2,vi|vi
pw,108912,vyUh,1,prati
pw,108921,vyUhI,1,kar
pw,108973,vraj,26,ati|vyati|anu|samanu|apa|aBi|A|udA|pratyudA|upA|pratyA|samA|ud|pratyud|upa|pratyupa|nis|pari|pra|anupra|aBipra|vipra|prati|sam|anusam|upasam
pw,109019,vraRay,1,nis
pw,109064,vratay,1,upa
pw,109111,vraSc,9,api|ava|A|ni|nis|pari|pra|vi|sam
pw,109182,vlI,5,aBi|nis|pra|vi|sam
pw,109198,SaMs,22,ati|aDi|anu|aBi|ava|A|udA|upA|pratyA|samA|ud|nis|parA|pra|atipra|samatipra|aBipra|prati|vi|aBivi|sam|upasam
pw,109210,Sak,7,anu|pari|pra|saMpra|prati|sam|na
pw,109211,Sak,2,A|upa
pw,109260,Sakalay,1,vi
pw,109491,SaNk,11,ati|vyati|aBi|A|upA|upa|pari|prati|vi|aBivi|sam
pw,109720,Sat,9,apa|ava|vyava|A|ni|parA|pra|vi|sam
pw,110106,Sad,4,vyava|A|pari|pra
pw,110149,Sap,7,anu|aBi|ava|pari|prati|vi|sam
pw,110251,Sabday,6,ati|anu|aBi|pari|vi|sam
pw,110319,Sam,17,anu|aBi|ava|vyava|samava|upa|aByupa|vyupa|samupa|ni|praRi|pari|pra|anupra|saMpra|prati|sam
pw,110321,Sam,8,ni|anuni|samanuni|aBini|upani|praRi|vini|saMni
pw,110496,Sar,17,vyati|anu/|api|ava|A|ni|nis|parA|pari|pra|saMpra|prati|vi|aBivi|nirvi|pravi|sam
pw,110498,Sar,4,aDi|ud|saMpari|aBisam
pw,110633,Saravyay,1,ati
pw,110774,SarD,2,pra|atipra
pw,110775,SarD,2,ava|vi
pw,110834,Sal,3,ud|prod|samud
pw,110946,SaS,1,ud
pw,111074,Sas,5,api|A|pari|pra|vi
pw,111155,SA,3,ava|A|ni
pw,111156,SA,5,ati|ni|nis|sam|visam
pw,111981,SAs,14,anu|aByanu|samanu|aBi|A|saMprA|samA|ud|ni|pra|saMpra|prati|vi|sam
pw,112078,Sikz,5,anu|aBi|A|upa|sam
pw,112079,Sikz,4,A|upa|prati|vi
pw,112180,SiNG,2,ud|upa
pw,112186,SiYj,4,A|pari|vi|sam
pw,112254,SiTilay,1,pari
pw,112319,Sir,1,A
pw,112826,Siz,13,ati|apa|ava|paryava|pratyava|samava|ud|nis|pari|vi|pravi|prativi|sam
pw,112857,SI,5,ati|aBi|ava|upa|nis
pw,112858,SI,19,ati|vyati|aDi|samaDi|anu|apa|aBi|A|anvA|pratyA|ud|upa|ni|nis|pari|pra|prati|vi|sam
pw,113138,SIlay,4,ati|anu|pari|sam
pw,113351,Suc,13,anu|samanu|apa|aBi|A|ud|ni|nis|pari|pra|anupra|prati|sam
pw,113514,SuD,7,pari|pra|aBipra|vi|pravi|sam|parisam
pw,113547,SuB,1,pra
pw,113549,SuB,11,ati|anu|aBi|samaBi|upa|ni|pari|pra|prati|vi|sam
pw,113698,Suz,10,anu|ava|ud|samud|upa|pari|saMpari|prati|vi|sam
pw,113700,Suz,1,A
pw,114622,Scut,8,aBi|ava|anvava|vyava|A|ni|pra|vi
pw,114626,SnaT,4,apa|aBi|ni|parini
pw,114670,SyA,9,aBi|samaBi|ava|A|pra|prati|sam|aBisam|avasam
pw,114802,Srat,1,na
pw,114803,SraT,4,anu|ni|pra|vi
pw,114807,SraTAy,3,ava|ud|vi
pw,114841,Sram,10,aBi|A|upa|ni|pari|saMpari|prati|vi|parivi|sam
pw,114864,SramB,6,ni|pra|vi|ativi|upavi|prativi
pw,114914,Sravasy,1,A
pw,114929,SrA,4,aDi|A|ni|pra
pw,115014,Sri,44,aDi|pratyaDi|samaDi|anu|apa|aByapa|aBi|ava|upAva|A|anvA|apA|vyapA|saMvyapA|upA|samupA|pratyA|vyA|samA|pratisamA|ud|aByud|prod|pratyud|samud|upa|ni|aBini|upani|upanis|vinis|parA|pari|saMpari|pra|atipra|upapra|saMpra|prati|vi|sam|aBisam|upasam|pratisam
pw,115027,Sriz,3,aBi|A|sam
pw,115030,SrI,1,aBi
pw,115031,SrI,2,aBi|sam
pw,115312,Sru,19,ati|anu|aBi|A|aByA|pratyA|samA|upa|samupa|pari|pra|atipra|prati|saMprati|vi|aBivi|sam|aBisam|pratisam
pw,115313,Sru,4,A|pra|vi|sam
pw,115448,Sruz,1,A
pw,115601,SlakzRay,1,sam
pw,115607,SlaT,2,A|vi
pw,115621,SlAG,2,upa|sam
pw,115630,Sliz,10,A|upA|samA|upa|ni|vi|pravi|sam|aBisam|upasam
pw,115690,Slokay,2,upa|sam
pw,115726,SvaYc,1,ud
pw,115799,Svas,25,anu|apa|aBi|ava|A|paryA|prA|pratyA|samA|ud|prod|samud|upa|ni|vini|nis|atinis|vinis|parA|pra|aBipra|vi|ativi|aBivi|parivi
pw,115822,SvA,4,ud|pra|vi|sam
pw,115877,Svit,2,ava|vi
pw,116214,zaqaSra,1,sra
pw,116246,zaqguRI,1,kar
pw,116336,zaRmuKa,1,DAraRI
pw,116488,zWiv,10,aBi|ava|ni|apani|aBini|avani|vini|nis|pra|prati
pw,116493,zWu,1,nis
pw,116496,zvazk,1,pari
pw,117739,sac,10,anu|apa|aBi|A|upa|ni|pra|prati|vi|sam
pw,117741,sac,1,A
pw,117872,saYc,1,A
pw,117928,saYj,25,ati|vyati|anu|aBi|ava|A|aDyA|aByA|upA|nirA|pratyA|vyA|samA|ud|upa|ni|pari|pra|anupra|saMpra|prati|vi|aDivi|aBivi|sam
pw,118430,sad,48,ati|aDi|anu|aBi|ava|pratyava|vyava|samava|A|atyA|aDyA|aByA|upA|nyA|pratyA|samA|ud|aByud|upod|prod|pratyud|vyud|samud|upa|anUpa|aByupa|pratyupa|samupa|ni|aDini|aBini|upani|parini|vini|saMni|pari|pra|atipra|anupra|aBipra|upapra|vipra|saMpra|prati|vi|anuvi|pravi|sam
pw,118767,san,4,aBi|A|pra|sam
pw,119035,saMDay,2,ati|prati
pw,119266,sap,1,aBi
pw,119321,sapary,1,vi
pw,119736,saBAjay,1,aDi
pw,121351,sar,55,acCa|ati|anu|atyanu|aByanu|vyanu|apa|apScAt|vyapa|api|aBi|atyaBi|ava|aByava|samava|A|atyA|apA|pratyA|vyA|ud|anUd|prod|pratyud|samud|upa|aByupa|pratyupa|samupa|ni|vini|aBinis|samaBinis|vinis|anuvinis|parA|upaparA|pari|pra|atipra|anupra|aBipra|upapra|pratipra|vipra|saMpra|prati|viprati|vi|anuvi|pravi|sam|anusam|aBisam|upasam
pw,121554,sarj,2,ud|aByud
pw,121556,sarj,55,ati|aByati|samati|anu|aByanu|apa|vyapa|api|pratyapi|aBi|ava|atyava|anvava|aByava|upAva|nyava|pratyava|vyava|samava|A|aDyA|upA|samA|ud|anUd|aByud|paryud|vyud|samud|upa|nirupa|samupa|ni|pratini|saMni|nis|aBinis|pratinis|parA|pari|pra|anupra|paripra|pratipra|vi|anuvi|aBivi|udvi|prativi|saMvi|sam|anusam|upasam|parisam|pratisam
pw,121574,sarp,43,ati|vyati|aDi|samaDi|anu|samanu|apa|pratyapa|vyapa|aBi|ava|anvava|upAva|paryava|pratyava|vyava|A|udA|upodA|samA|ud|prod|˚vyud|samud|upa|samupa|vini|nis|aBinis|vinis|pari|pra|anupra|aBipra|pratipra|vipra|saMpra|vi|anuvi|sam|anusam|upasam|visam
pw,122667,saSc,1,anu
pw,122680,sas,1,vi
pw,122811,sah,13,aBi|ud|aByud|prod|ni|nis|pari|pra|aBipra|saMpra|prati|vi|sam
pw,122814,saha,1,grah
pw,123351,sA,22,aBi|ava|aDyava|anvava|udava|aByudava|upAva|nirava|paryava|prAva|pratyava|vyava|anuvyava|saMvyava|samava|ni|pariRi|praRi|pari|pra|vi|sam
pw,123731,sAD,6,anu|upa|pari|pra|saMpra|sam
pw,123924,sAntvay,1,aBi
pw,124828,si,4,ati|A|ud|pra
pw,124829,si,1,pra
pw,124985,sic,38,anvati|vyati|aDi|anu|apa|aBi|anvaBi|apABi|samaBi|ava|A|anvA|aByA|avA|aBiparyA|pratyA|vyA|samA|aBisamA|ud|aByud|prod|vyud|samud|upa|ni|parini|saMni|nis|parA|pari|anupari|pra|saMpra|prati|vi|anuvi|sam
pw,125322,siD,18,anu|apa|aBi|ava|A|vyA|ud|samud|upa|ni|nis|parA|pari|pra|prati|viprati|saMprati|vi
pw,125323,siD,6,anu|aBi|upa|pra|saMpra|sam
pw,125467,siv,11,vyati|anu|aBi|A|ud|ni|pari|pra|prati|vi|sam
pw,125604,su,11,aDi|aBi|atyaBi|A|ud|nis|pari|pra|vi|sam|aBisam
pw,128531,sU,14,anu|apa|aBi|A|ud|ni|nis|parA|pari˚|pra|aDipra|aBipra|pratipra|vi
pw,128533,sU,7,aBi|pra|anupra|aBipra|saMpra|vi|sam
pw,128630,sUcay,1,aBi
pw,128779,sUtray,3,A|samA|vi
pw,128807,sUd,4,aBi|ni|vini|pra
pw,129287,sev,18,ati|vyati|anu|aBi|A|pratyA|samA|upa|aByupa|samupa|ni|upani|parini|saMni|pari|prati|vi|sam
pw,130228,skad,19,ati|aDi|anu|aBi|pratyaBi|ava|aByava|paryava|pratyava|samava|A|samA|ud|upa|pari|pra|aBipra|vi|sam
pw,130306,skaB,6,apa|A|upa|ni|prati|vi
pw,130308,skaBAy,2,aBi|vi
pw,130331,sku,4,ava|A|ni|prati
pw,130332,skund,1,pra
pw,130333,skuB,1,vi
pw,130342,sKal,6,apa|pari|pra|prati|vi|sam
pw,130348,stan,7,aBi|nis|aBinis|parinis|vinis|pra|vi
pw,130430,staB,21,anu|apa|aBi|ava|paryava|samava|ud|pratyud|upa|samupa|ni|parA|pari|pra|prati|vi|anuvi|sam|aBisam|parisam|pratisam
pw,130432,staBAy,2,upa|vi
pw,130467,star,26,anu|aBi|ava|samava|A|upA|prA|pratyA|samA|upa|ni|nis|pari|saMpari|pra|anupra|aBipra|upapra|vi|ativi|anuvi|avi|pravi|sam|aBisam|parisam
pw,130514,stiG,2,ati|pra
pw,130530,stu,16,ati|anu|aBi|samaBi|A|upa|ni|pari|pra|aBipra|saMpra|prati|vi|sam|aBisam|parisam
pw,130563,stuB,10,anu|aBi|vyava|A|ni|pari|pra|prati|vi|sam
pw,130642,styA,3,ni|pra|sam
pw,130874,sTA,73,ati|vyati|aDi|samaDi|anu|samanu|antar|apa|api|aBi|samaBi|ava|anvava|aByava|paryava|pratyava|vyava|samava|A|anvA|apa|udA|upA|samupA|prA|pratyA|vyA|anuvyA|samA|ud|aDyud|anUd|aByud|samaByud|upod|paryud|prod|pratyud|vyud|samud|upa|anUpa|aByupa|paryupa|pratyupa|samupa|ni|parini|nis|parinis|pari|pra|atipra|anupra|aBipra|pratipra|vipra|saMpra|prati|anuprati|aBiprati|saMprati|vi|anuvi|aBivi|upavi|sam|anusam|aBisam|upasam|parisam|pratisam|visam
pw,131257,snA,10,apa|aBi|apa|A|ud|ni|pra|prati|vi|sam
pw,131332,snih,4,aBi|upa|pra|sam
pw,131337,snu,3,pra|avapra|vyatipra
pw,131391,spand,8,A|upa|ni|aBini|pari|pra|vi|sam
pw,131399,spar,5,apa|ava|A|nis|vi
pw,131406,sparD,6,aDi|pari|pra|prati|vi|sam
pw,131415,sparS,15,aDi|anu|apa|aBi|A|ud|upa|pratyupa|samupa|ni|pari|sam|anusam|aBisam|parisam
pw,131453,spaS,4,anu|prati|vi|sam
pw,131473,spUrD,1,pra
pw,131493,spfhay,1,sam
pw,131517,sPar,3,nis|pari|vi
pw,131520,sPal,3,A|vi|sam
pw,131533,sPAy,4,A|pari|vi|sam
pw,131556,sPuw,5,A|pari|pra|vi|sam
pw,131584,sPur,11,anu|apa|vyapa|ava|ni|nis|pari|pra|prati|vi|sam
pw,131600,sPUrj,3,aBi|ava|vi
pw,131651,smar,13,anu|pratyanu|samanu|apa|upa|ni|vini|pra|prati|vi|sam|anusam|aBisam
pw,131718,smi,10,aBi|ava|ud|aByud|upa|pari|pra|vi|anuvi|sam
pw,131744,smftivartman,1,i
pw,131762,syad,21,acCa|ati|anu|aBi|samaBi|ava|aByava|A|upA|upa|ni|aBini|nis|pari|pra|paripra|vi|anuvi|aBivi|sam|anusam
pw,131815,sraMs,9,ati|ava|vyava|A|ud|pari|pra|vi|anuvi
pw,131864,srA,1,pra
pw,131887,sru,23,ati|samati|aDi|aBi|ava|anvava|vyava|samava|A|upa|ni|vini|nis|anuparA|pari|anupari|pra|aBipra|avapra|saMpra|vi|sam|aBisam
pw,131988,svagA,1,kar
pw,132031,svaj,7,aBi|ni|pari|aBipari|saMpari|vi|sam
pw,132069,svad,4,A|samA|prati|sam
pw,132127,svan,10,aDi|anu|ava|A|ni|nis|pari|pra|prati|vi
pw,132155,svap,11,anu|ava|dus|ni|nis|pra|aBipra|saMpra|prati|vi|sam
pw,132413,svar,13,ati|anu|samanu|aBi|ava|upa|ni|nis|pari|pra|prati|sam|aBisam
pw,132414,svar,2,pratyA|prati
pw,133184,svid,6,A|ud|upa|pari|pra|sam
pw,133454,had,1,upa
pw,133457,han,61,ati|vyati|anu|antar|apa|vyapa|api|aBi|samaBi|ava|aDyava|anvava|aByava|pratyava|A|apA|aByA|udA|upA|nirA|pratyA|vyA|prativyA|samA|ud|upod|samud|upa|samupa|ni|aBini|upani|pariRi|praRi|pratini|vini|saMni|nis|atinis|aDinis|parinis|vinis|parA|pari|aBipari|pra|aBipra|nipra|nizpra|vipra|prati|saMprati|vi|anuvi|Avi|pravi|prativi|sam|aBisam|pratisam|visam
pw,133572,har,99,ati|aByati|pratyati|vyati|aDi|anu|apa|vyapa|aBi|pratyaBi|ava|anvava|aByava|upAva|aByupAva|pratyava|vyava|saMvyava|samava|A|punar|atyA|aDyA|anvA|samanvA|vyapA|apyA|aByA|udA|anUdA|aByudA|upodA|pratyudA|samudA|upA|aByupA|pratyupA|samupA|upanyA|paryA|pratiparyA|pratyA|vyA|ativyA|anuvyA|apavyA|aBivyA|samaBivyA|anusamaBivyA|pravyA|samA|anusamA|aBisamA|upasamA|ud|aDyud|anUd|apod|aByud|samaByud|upod|prod|pratyud|vyud|samud|upa|aByupa|pratyupa|samupa|ni|aBini|nis|aBinis|upanis|vinis|parA|pratiparA|pari|anupari|aBipari|vipari|saMpari|pra|anupra|aBipra|pratipra|saMpra|prati|vi|aBivi|parivi|saMpravi|saMvi|sam|anusam|aBisam|upasam|samupasam|pratisam
pw,133573,har,1,aBi
pw,133935,hary,4,aBi|A|prati|vi
pw,133953,harz,18,anu|aBi|samaBi|ava|A|vyA|ud|prod|samud|ni|pari|pra|saMpra|prati|vi|sam|parisam|pratisam
pw,134145,has,17,ati|vyati|apa|aBi|vyaBi|ava|vyava|samava|ud|upa|pari|pra|aBipra|samaBipra|saMpra|vi|saMvi
pw,134348,hA,22,ati|anu|apa|aBi|ud|atyud|anUd|aByud|prod|pratyud|samud|upa|ni|nis|parA|pra|atipra|aBipra|vi|sam|parisam|pratisam
pw,134349,hA,21,apa|vyapa|api|ava|vyava|samava|A|apA|samud|upa|ni|nis|pari|pra|vipra|saMpra|prati|vi|pravi|prativi|sam
pw,134538,hi,11,apa|api|A|pari|pra|anupra|aBipra|upapra|pratipra|saMpra|sam
pw,134540,hiMs,7,vyati|ava|A|upa|ni|prati|vi
pw,134592,hiRq,3,A|anvA|pari
pw,134928,hIq,1,ni
pw,134973,hu,12,aDi|apa|aBi|ava|A|ud|aByud|upa|nis|pra|prati|sam
pw,134974,hu,3,aBi|A|sAmA
pw,135028,hum,2,kar|kar
pw,135070,hUrC,2,anu|vi
pw,135259,heW,1,vi
pw,135445,hel,2,ava|vi
pw,135465,hez,1,aBi
pw,135644,hnu,9,apa|api|ni|atini|apani|aBini|vini|pari|vi
pw,135645,hmal,2,apa|vi
pw,135665,hras,4,apa|nis|pra|prati
pw,135694,hrAd,5,anu|ni|nis|pra|sam
pw,135714,hrI,1,sam
pw,135733,hru,3,aBi|pari|vi
pw,135754,hlAd,3,A|pra|sam
pw,135770,hvar,10,aBi|ava|A|upa|samupa|pari|pra|prati|vi|sam
pw,135774,hval,5,pari|pra|vi|parivi|saMvi
pw,135777,hvA,27,ati|anu|aBi|prABi|ava|A|atyA|anvA|aByA|upA|paryA|pratyA|vyA|samA|ud|upa|paryupa|pratyupa|samupa|ni|nis|pari|pra|pratipra|prati|vi|sam
pw,201221,arD,1,vi
pw,201420,as,1,aBisam
pw,201462,asUy,1,aBi
pw,201621,As,1,anu
pw,201625,i,3,prADi|ud|aBipalA
pw,202668,AhlAdayitar,2,palyA|atipari
pw,202923,kar,1,ud
pw,203058,kUq,1,ni
pw,203059,kUR,1,vi
pw,203988,as,2,anvaDi|pratinim
pw,204092,Ap,2,paryava|sam
pw,204383,kar,1,pravi
pw,204515,kram,1,prati
pw,204604,graB,1,aBipari
pw,204662,ci,1,samaByud
pw,204686,jan,1,pratyA
pw,204986,ac,2,ni|prati
pw,205313,arTay,1,sam
pw,205357,as,5,A|upa|praRi|pari|pratisam
pw,205593,gar,1,vini
pw,205596,gAh,1,pra
pw,205652,jan,1,parivi
pw,205850,pad,1,pratyA
pw,205855,par,1,vyA
pw,206426,arC,1,A
pw,206865,utpuMsay,1,samud
pw,206942,Uh,3,vinis|pra|nirvi
pw,207003,kar,2,paryA|vi
pw,207157,gam,1,nis
pw,207255,cumb,1,A
pw,207339,tar,2,samava|ud
pw,207469,drA,1,vini
pw,207491,DA,2,aByupa|aBisam
pw,207518,naw,1,vi
pw,207611,nI,3,samava|upa|aBipra
pw,207665,pat,1,aBisam
pw,208094,mA,2,A|sam
pw,208160,ruMz,2,aDi|prati
pw,208655,i,1,atipari
pw,209028,DA,2,vini|sam
pw,209337,vaYc,1,vi
pw,209341,varmay,1,sam
pw,209866,ac,3,samud|ni|prati
pw,209993,aYj,1,pravi
pw,212696,arC,3,A|upa|nis
pw,212731,arTay,2,pra|sam
pw,212755,arD,1,vi
pw,212914,av,1,aBi
pw,213486,as,13,aDi|anvaDi|A|ud|upa|aDini|upani|praRi|pratinis|pari|vipari|aBisam|pratisam
pw,213689,asUy,1,aBi
pw,214162,Ap,4,ava|payarva|vi|sam
pw,214444,As,1,anu
pw,214506,i,12,prADi|anu|samudA|palyA|ud|upopa|upani|atipari|aBipalA|upasaMpra|prati|vi
pw,214592,irasy,1,aBi
pw,214598,iz,2,upa|atipra
pw,214627,Ikz,6,samaBi|niraByava|aDyupa|pratyupa|samupa|upapari
pw,214638,Ir,2,vi|sam
pw,214680,uc,1,sam
pw,215305,Uh,6,vinis|aBipari|pra|anupra|nirvi|prativi
pw,215741,kamp,1,ud
pw,215749,kayASuBIya,8,anvava|aByA|paryA|ud|vi|pravi|sam|aBisam
pw,215750,kar,1,avasam
pw,215844,karz,4,apod|samud|viprati|sam
pw,215847,kal,2,anu|samA
pw,215879,kalp,2,pravi|sam
pw,215926,kas,1,nis
pw,216082,kAS,1,sam
pw,216152,kuc,1,sam
pw,216184,kutsay,1,vi
pw,216291,kUq,1,ni
pw,216485,kram,6,pratyati|apa|pratyud|samud|pari|prati
pw,216486,krAnta,1,pratisam
pw,216502,krI,1,pari
pw,216503,krIq,1,sam
pw,216511,kruS,2,pari|prati
pw,216523,klid,2,A|samA
pw,216553,kzam,1,anu
pw,216564,kzA,1,saMpra
pw,216582,kzip,4,A|ativi|aBivi|pravi
pw,216696,KyA,2,samA|pratisam
pw,216760,gad,1,pari
pw,216783,gam,4,A|aByud|nis|upanis
pw,216790,gar,1,aBiprati
pw,216791,gar,3,ud|prod|vini
pw,216833,gA,4,aDi|ava|pra|vi
pw,216834,gA,1,ava
pw,216857,gAh,2,pra|mam
pw,216893,gup,1,vi
pw,216908,guh,1,ni
pw,216970,gopay,1,vi
pw,217016,graT,1,ud
pw,217019,graB,7,anu|upod|nis|anupari|aBipari|prati|vi
pw,217066,Gaww,2,vyA|samA
pw,217089,Guz,1,ud
pw,217129,cakz,2,aBipra|vi
pw,217227,car,4,anvaByava|upa|pari|anupari
pw,217293,ci,2,pratyaBi|samaByud
pw,217348,cumb,1,pari
pw,217399,Cad,2,upa|vi
pw,217423,Cid,1,vipra
pw,217429,Cur,1,A
pw,217452,jan,5,ava|pratyA|nis|pra|parivi
pw,217559,ji,2,apa|aBinis
pw,217572,jIv,1,aBi
pw,217607,jYA,2,anu|pra
pw,217673,takz,3,A|nis|pari
pw,217715,tan,2,pra|pravi
pw,217757,tar,5,samava|ud|vyud|pratinis|pra
pw,217770,tark,3,pari|pra|anuvi
pw,217868,tud,1,ud
pw,218014,daMS,1,vi
pw,218020,dakziRa,1,A — diS
pw,218065,daB,1,prati
pw,218080,darS,2,pra|aBipra
pw,218102,dA,5,upA|vyA|nirvyA|samA|pari
pw,218104,dA,1,pari
pw,218133,dAS,1,A
pw,218158,diS,3,samA|ud|sam
pw,218162,dIkz,1,anu
pw,218177,du,1,saMpari
pw,218248,dUzay,1,pra
pw,218329,dyut,1,ava
pw,218354,drA,1,vini
pw,218436,Dar,1,saMpra
pw,218476,DA,10,anvava|samA|aByupa|anuni|vini|saMpi|pra|vi|sam|aBisam
pw,218494,DAv,2,aBivi|sam
pw,218506,DU,2,A|samud
pw,218526,DyA,1,ni
pw,218551,naw,1,vi
pw,218554,nad,1,aBivi
pw,218559,nand,2,samaBi|samA
pw,218570,nam,5,nis|vipari|aBipra|samaBipra|sam
pw,218612,naS,2,pra|vipra
pw,218872,nI,10,samanu|vyava|samava|samudA|upa|pi|pra|atipra|aBipra|aBivi
pw,218912,ned,1,pra
pw,219020,paw,2,pari|vi
pw,219037,pat,4,samA|aByud|aBini|aBisam
pw,219058,pad,9,aByava|pratyA|aByupa|vyupa|ni|parinis|anuprati|viprati|sam
pw,219087,par,1,vyA
pw,219088,par,1,vi
pw,219256,pA,1,nis
pw,219374,pIq,3,ud|ni|aBinis
pw,219462,pU,1,ava
pw,219900,plu,2,samA|anupari
pw,219918,Pull,1,ud
pw,219930,banD,2,A|vini
pw,219988,bAD,1,vyA
pw,220032,buD,1,vi
pw,220115,Bar,1,prati
pw,220163,BAs,1,prati
pw,220168,Bid,2,ava|upapra
pw,220193,BU,2,ud|samud
pw,220297,maT,1,pari
pw,220330,man,3,samanu|saMprod|prati
pw,220446,mA,3,A|pra|sam
pw,220493,mi,1,sam
pw,220494,miYj,2,ni|sam
pw,220536,muc,3,pra|vi|pratisam
pw,220546,mud,1,pratisam
pw,220560,mUrC,1,vi
pw,220628,yat,1,anvA
pw,220668,yam,3,parini|pratini|aBisam
pw,220678,yA,6,vyatI|aBi|A|pari|pra|aBipra
pw,220700,yuj,5,nis|pra|atipra|visaMpra|pratisam
pw,220759,ran,1,saMpra
pw,220790,rAD,2,sam|aBisam
pw,220799,ri,1,ni
pw,220811,ruz,1,aDi
pw,220814,rud,1,aBi
pw,220819,ruD,2,samupa|prativi
pw,220823,ruh,2,vyupa|vi
pw,220847,lakzay,2,samaBi|A
pw,220854,laNg,1,ati
pw,220857,laNG,1,prod
pw,220858,laq,1,upa
pw,220888,lul,2,pari|vi
pw,220894,lok,3,vyava|samud|prati
pw,220922,vac,1,vi
pw,220927,vaYc,1,vi
pw,220952,var,2,pra|saMpra
pw,220966,varRay,2,sam|anusam
pw,220967,vart,5,antar|ud|pari|saMpari|pratisaMni
pw,220974,varmay,1,sam
pw,220998,vas,1,aBivi
pw,220999,vas,1,vi
pw,221008,vah,3,aBi|samud|prati
pw,221231,viS,1,manas
pw,221385,vraj,1,anupra
pw,221543,SramB,1,pratipra
pw,221547,Sri,2,saMni|nis
pw,221551,Sru,1,upa
pw,221647,saYj,3,aBi|vi|sam
pw,221657,sad,6,ud|anUpa|aBipra|samaBipra|vipra|sam
pw,221739,samI,1,BU
pw,221792,sar,6,ati|vyati|aBi|pratyava|aBipra|vyapasam
pw,221800,sarj,5,prod|pratini|pratinis|prativini|vi
pw,221900,sic,1,ni
pw,221987,star,1,pratyA
pw,221998,sTA,1,vyud
pw,222008,sPar,1,pari
pw,222020,sru,1,pra
pw,222039,har,1,pratyud
pw,222055,hA,1,aBivi
pw,222088,ac,1,ud
pw,222244,as,2,pra|utpra
pw,222341,kuT,1,pari
pw,222493,par,2,vipari|vi
pwg,41,aMsay,1,vi
pwg,165,akz,2,nis|sam
pwg,606,aGAy,1,aBi
pwg,666,aNKay,1,pari
pwg,667,aNg,2,pali|vipali
pwg,791,ac,8,apa|A|ud|upa|ni|pari|vi|sam
pwg,871,aj,10,apa|aBi|ava|A|aByA|ud|upa|nis|vi|sam
pwg,1052,aYj,10,aDi|antar|aBi|A|ni|pra|prati|vi|aBivi|sam
pwg,1087,aw,1,pari
pwg,1188,at,3,aBi|ava|sam
pwg,1655,ad,5,ava|A|pra|vi|sam
pwg,2199,an,14,apa|aByapa|ava|ud|aByud|upa|parA|pari|pra|anupra|aBipra|vi|aBivi|sam
pwg,5034,am,3,aBi|vi|sam
pwg,5535,ar,14,anu|apa|aBi|ava|A|ud|upa|ni|nis|pra|prati|vi|sam|aBisam
pwg,5818,arc,7,anu|aBi|samaBi|pra|aBipra|prati|sam
pwg,5842,arC,10,apa|aBi|A|avA|upa|ni|nis|pra|vi|sam
pwg,5843,arC,1,sam
pwg,5844,arj,10,ati|apyati|anu|api|ava|anvava|samava|ud|upa|pra
pwg,5847,arj,4,aBi|A|ni|sam
pwg,5903,arTay,6,aBi|pra|aBipra|saMpra|prati|sam
pwg,5935,ard,9,ati|aBi|ud|ni|nis|pra|prati|vi|sam
pwg,5940,arD,6,aDi|anu|A|upa|vi|sam
pwg,6070,arz,5,aBi|pari|pra|vi|sam
pwg,6071,arz,5,ud|upa|ni|pari|vi
pwg,6075,arh,3,ati|aBi|pra
pwg,6233,av,6,anu|ud|upa|pra|saMpra|sam
pwg,6878,aS,12,anu|aBi|A|ud|upa|pari|pra|vi|anuvi|sam|anusam|upasam
pwg,6879,aS,9,ati|A|upa|samupa|nis|pari|pra|vi|sam
pwg,7256,as,13,ati|vyati|anu|api|aBi|Avis|upa|ni|pari|pra|prati|prAdus|vi
pwg,7257,as,36,ati|vyati|aDi|anu|apa|aBi|ava|aByava|A|ud|anUd|paryud|vyud|upa|vyupa|ni|aBini|upani|samupani|parini|pratini|vini|saMni|nis|parA|pari|vipari|pra|anupra|aBipra|pratipra|prati|vi|sam|anusam|upasam
pwg,7452,asUy,1,aBi
pwg,7606,ah,1,sam
pwg,7607,ah,6,aDi|anu|nis|pra|prati|vi
pwg,7777,AkarRay,1,sam
pwg,8712,Ap,22,aBi|ava|pratyava|samava|ud|upa|pari|saMpari|pra|anupra|samanupra|aBipra|upapra|saMpra|anusaMpra|aBisaMpra|upasaMpra|vi|aBivi|sam|anusam|parisam
pwg,9394,AliNg,2,prati|sam
pwg,9721,As,12,aDi|samaDi|anu|A|ud|upa|paryupa|samupa|pari|prati|sam|pratisam
pwg,9940,i,114,acCa|ati|anvati|aByati|upAti|antarupAti|vyati|samati|aDi|prADi|pratyaDi|samaDi|anu|samanu|antar|apa|vyapa|api|aBi|samaBi|ava|anvava|aByava|samaByava|upAva|paryava|pratyava|aBipratyava|vyava|anuvyava|samava|astam|aByastam|A|acCA|atyA|anvA|aByA|samaByA|udA|anUdA|aByudA|upodA|upA|aByupA|nyA|nirA|paryA|anuparyA|aBiparyA|pratyA|aBipratyA|samA|aBisamA|upasamA|ud|anUd|apod|aByud|upod|prod|pratyud|samud|upa|aDyupa|aByupa|samaByupa|samopa|pratyupa|samupa|dus|ni|aBini|upani|nis|parA|anuparA|aBiparA|upaparA|pratiparA|viparA|pari|anupari|aBipari|pratipari|vipari|prativipari|saMpari|palA|prapalA|vipalA|saMpalA|pali|upapali|vipali|pra|anupra|apapra|aBipra|upapra|paripra|vipra|saMpra|prati|saMprati|pla|vi|anuvi|aBivi|sam|atisam|anusam|aBisam|upasam
pwg,9980,iNg,2,ud|sam
pwg,10088,iD,6,anu|aBi|A|pra|sam|pratisam
pwg,10096,in,6,A|upa|pra|prati|vi|sam
pwg,10098,inakz,2,ud|sam
pwg,10304,iyakz,2,aBi|pra
pwg,10314,irajy,1,pra
pwg,10319,irasy,1,aBi
pwg,10344,il,1,ava
pwg,10371,iz,9,anu|api|pra|anupra|aBipra|upapra|nipra|paripra|saMpra
pwg,10373,iz,9,aDi|anu|paryanu|samanu|aBi|A|pari|prati|saMprati
pwg,10374,iz,1,anu
pwg,10381,izaRy,1,sam
pwg,10470,Ikz,51,aDi|anu|samanu|apa|vyapa|aBi|ava|anvava|aByava|upAva|nirava|paryava|pratyava|samava|A|ud|aByud|pratyud|samud|upa|aByupa|samupa|nis|saMnis|parA|pari|pra|anupra|aBipra|samaBipra|Apra|utpra|upapra|vipra|saMpra|aBisaMpra|prati|saMprati|vi|anuvi|aBivi|samaBivi|udvi|samudvi|upavi|prativi|saMvi|sam|anusam|aBisam|prasam
pwg,10478,INK,3,pari|pra|sam
pwg,10484,Iq,3,pra|upapra|prati
pwg,10503,Ir,13,A|nyA|ud|aByud|samud|ni|pra|aBipra|saMpra|prati|vi|sam|aBisam
pwg,10559,Iz,9,apa|A|upA|ud|samud|upa|prati|vi|sam
pwg,10571,Ih,1,sam
pwg,10579,u,2,A|vi
pwg,10605,ukz,13,anu|aBi|ava|A|ud|upa|nis|pari|pra|saMpra|vi|aBivi|sam
pwg,10606,ukz,2,ati|sam
pwg,10654,uc,3,aBi|ni|sam
pwg,10750,ujJ,2,pra|sam
pwg,10753,uYC,1,pra
pwg,10790,utkaRW,1,sam
pwg,11137,ud,6,aBi|ava|upa|ni|vi|sam
pwg,11627,unmUlay,1,sam
pwg,12367,ubj,7,ud|aByud|ni|aBini|nis|vi|sam
pwg,12369,uB,3,apa|pra|sam
pwg,12602,uz,8,aBi|ava|ud|upa|samupa|ni|prati|sam
pwg,12775,UrRu,6,apa|aBi|A|pra|saMpra|vi
pwg,12883,Uh,26,ati|aDi|apa|avApa|vyapa|aBi|ava|ud|aByud|pratyud|vyud|upa|samupa|nis|pari|vipari|pra|prati|vi|anuvi|nirvi|prativi|sam|aBisam|upasam|parisam
pwg,12884,Uh,5,ati|apa|api|aBi|ni
pwg,13470,ej,4,apa|ud|pra|sam
pwg,13512,eD,3,aDi|e|sam
pwg,13581,ez,3,ati|upa|pari
pwg,13761,oK,1,parA
pwg,14266,kac,2,A|vi
pwg,14331,kaw,1,pra
pwg,14613,katT,2,A|vi
pwg,14625,kaTay,3,anu|pra|sam
pwg,14692,kan,2,A|sam
pwg,14989,kam,3,anu|aBi|ni
pwg,15024,kamp,12,anu|samanu|aBi|A|ud|pra|anupra|aBipra|saMpra|prati|vi|sam
pwg,15071,kar,42,ati|aDi|anu|apa|aBi|A|atyA|apA|aByA|avA|udA|upA|aByupA|samupA|nyA|nirA|paryA|vyA|samA|upasamA|is|ud|upa|pratyupa|ni|prani|vini|nis|aBinis|upanis|parA|pari|pra|vipra|saMpra|prati|vi|anuvi|sam|aBisam|upasam|pratisam
pwg,15073,kar,31,vyati|anu|apa|aBi|ava|anvava|aByava|paryava|samava|A|apA|avA|vyA|samA|ud|samud|upa|ni|vini|saMni|parA|pari|anupari|pra|vipra|saMpra|prati|vi|anuvi|pravi|sam
pwg,15421,kart,16,samaDi|anu|apa|api|ava|ud|samud|upa|ni|vini|nis|pari|pra|vi|aDivi|sam
pwg,15422,kart,2,ud|pari
pwg,15586,karS,2,ava|vi
pwg,15590,karz,29,ati|anu|apa|vyapa|aBi|ava|aByava|vyava|A|apA|vyapA|paryA|vyA|samA|ud|apod|samud|upa|samupa|ni|saMni|nis|parA|pari|pra|vipra|prati|vi|sam
pwg,15591,karz,3,pari|prati|vi
pwg,15603,kal,8,ava|vyava|A|pratyA|ud|pari|sam|pratyAsam
pwg,15604,kal,5,ud|pari|pra|sam|anusam
pwg,15749,kalp,15,anu|samanu|aBi|ava|A|ud|upa|samupa|pari|pra|sapraM|prati|vi|sam|upasam
pwg,15914,kaz,4,apa|A|ud|ni
pwg,15941,kas,7,ud|nis|pra|vi|anuvi|pravi|sam
pwg,16114,kANkz,9,anu|aBi|A|aByA|pratyA|samA|pra|prati|vi
pwg,16988,kAS,15,anu|aBi|ava|A|ud|ni|saMni|nis|pra|aBipra|saMpra|prati|vi|anuvi|sam
pwg,17097,kAs,1,ud
pwg,17370,kIrtay,8,anu|samaBi|ud|pari|saMpari|pra|saMpra|sam
pwg,17467,kuc,7,anu|ava|A|ud|ni|vi|sam
pwg,17509,kuw,3,ud|vi|sam
pwg,17510,kuw,2,ava|pra
pwg,17621,kuRW,1,vi
pwg,17694,kutsay,2,aBi|ava
pwg,17701,kuT,1,pra
pwg,17753,kunT,2,kunT|prani
pwg,17767,kup,4,ati|pari|pra|sam
pwg,18291,kuz,4,anu|aBi|ava|nis
pwg,18409,kU,1,A
pwg,18420,kUj,11,anu|aBi|A|ud|upa|ni|nis|pari|prati|vi|sam
pwg,18510,kUrd,3,ati|ud|pra
pwg,18525,kUl,1,ava
pwg,18751,kfpAy,1,anu
pwg,19013,ketay,1,sam
pwg,19708,knUy,1,aBi
pwg,19756,krand,10,anu|aBi|ava|A|samA|ni|pari|pra|vi|sam
pwg,19763,krap,1,anu
pwg,19764,kram,59,ati|atyati|aByati|vyati|samati|aDi|anu|samanu|apa|aByapa|vyapa|aBi|samaBi|ava|anvava|A|atyA|aDyA|anvA|apA|aByA|upA|samupA|nirA|samA|ud|atyud|anUd|aByud|upod|vyud|samud|upa|samupa|ni|anuni|aBini|nis|aBinis|upanis|vinis|parA|pari|anupari|vipari|saMpari|pra|aBipra|saMpra|prati|anuprati|vi|aDivi|anuvi|nirvi|sam|anusam|upasam|pratisam
pwg,19863,krI,9,apa|aBi|ava|A|upa|nis|pari|vi|sam
pwg,19866,krIq,11,anu|ava|A|samA|upa|ni|pari|pra|vi|sam|parisam
pwg,19905,kruD,7,aBi|samaBi|pari|prati|sam|aBisam|pratisam
pwg,19912,kruS,20,ati|anu|apa|aBi|ava|A|aByA|pratyA|vyA|samA|ud|aByud|prod|samud|upa|pari|pra|vi|sam|aBisam
pwg,20014,klam,2,pari|vi
pwg,20018,klav,1,vi
pwg,20020,klid,8,ava|A|samA|ud|pari|pra|vi|sam
pwg,20025,kliS,6,ud|samud|upa|pari|vi|sam
pwg,20059,kvaR,3,upa|ni|pra
pwg,20063,kvaT,2,ud|nis
pwg,20138,kzad,1,aBi
pwg,20140,kzan,5,upa|pari|vi|aBivi|parivi
pwg,20144,kzap,1,sam
pwg,20162,kzam,3,aBi|ava|sam
pwg,20198,kzar,12,ati|aByati|anu|aBi|ava|A|upa|pari|pra|aBipra|vi|sam
pwg,20208,kzal,5,ava|pari|pra|aBipra|vi
pwg,20213,kzA,3,ava|pra|saMpra
pwg,20253,kzAray,1,A
pwg,20272,kzi,6,aDi|anu|A|upa|pari|prati
pwg,20273,kzi,1,aDi
pwg,20274,kzi,9,anu|apa|api|ava|upa|pari|pra|vi|sam
pwg,20315,kzip,29,ati|aDi|apa|aBi|ava|samava|A|paryA|vyA|samA|ud|samud|upa|ni|upani|pratini|vini|nis|vinis|parA|pari|pra|saMpra|prati|vi|sam|aBisam|upasam|parisam
pwg,20433,kzIv,1,pra
pwg,20435,kzu,1,ava
pwg,20447,kzud,4,ava|pra|vi|sam
pwg,20531,kzuD,1,vi
pwg,20546,kzuB,4,pra|saMpra|vi|sam
pwg,20722,kzRu,4,ava|A|pra|sam
pwg,20733,kzmAy,1,vi
pwg,20739,kzviq,2,A|pra
pwg,20741,kzvid,1,pra
pwg,20782,Kac,1,ud
pwg,20894,KaRqay,5,ava|A|ud|pari|vi
pwg,20919,Kad,1,prani
pwg,20941,Kan,9,aBi|A|ud|prod|samud|ni|nis|pari|vi
pwg,21155,KAd,3,A|prani|sam
pwg,21215,Kid,6,A|ud|ni|pari|pra|sam
pwg,21236,Kud,1,pra
pwg,21311,KyA,31,ati|anu|antar|aBi|ava|A|anvA|aByA|udA|upA|pratyA|vyA|anuvyA|upavyA|samA|upa|parA|pari|saMpari|pra|prati|vi|aBivi|pravi|sam|anusam|aBisam|upasam|parisam|prasam|pratisam
pwg,21498,gaRay,6,aDi|anu|ava|pari|pra|vi
pwg,21607,gad,9,praRyA|ni|aBini|pariRi|praRi|pratini|pari|prati|vi
pwg,21638,gaD,2,A|pari
pwg,21814,gam,62,acCa|ati|upAti|vyati|aDi|samaDi|anu|samanu|antar|apa|vyapa|api|aBi|samaBi|aram|ava|pratyava|samava|astam|A|aDyA|anvA|samanvA|aByA|samaByA|samudA|upA|aByupA|samupA|nyA|paryA|pratyA|saMpratyA|samA|aBisamA|ud|aByud|prod|pratyud|samud|upa|aByupa|samupa|ni|upani|saMni|nis|aBinis|vinis|saMnis|parA|pari|punar|pra|vipra|prati|vi|pravi|sam|aBisam|upasam|saha
pwg,21847,gar,13,anu|apa|api|aBi|A|pratyA|upa|pra|saMpra|prati|aBiprati|sam|aBisam
pwg,21848,gar,6,ava|ud|upa|ni|nis|sam
pwg,21849,gar,3,anu|pra|prati
pwg,21898,garj,9,anu|aBi|samaBi|pari|pra|saMpra|prati|vi|sam
pwg,21937,garD,2,anu|prati
pwg,22041,garh,5,ava|ni|pari|prati|vi
pwg,22048,gal,9,ava|A|paryA|samA|ud|ni|nis|pari|vi
pwg,22088,galB,2,ava|pra
pwg,22170,gA,36,acCa|ati|vyati|aDi|anu|samanu|antar|apa|api|aBi|ava|anvava|anuvyava|aByastam|A|anvA|aByA|samaByA|udA|upA|paryA|anuparyA|ud|aByud|pratyud|upa|ni|nis|parA|pari|anupari|pra|upapra|prati|vi|sam
pwg,22171,gA,16,acCa|anu|aBi|ava|A|ud|prod|pratyud|upa|ni|pari|pra|aBipra|saMpra|vi|sam
pwg,22362,gAh,13,ati|aBi|ava|vyava|ud|upa|pra|aBipra|saMpra|prati|vi|pravi|sam
pwg,22497,gu,1,prati
pwg,22498,gu,1,vi
pwg,22587,guRay,3,anuguRita|pari|praguRita
pwg,22628,guRW,1,ava
pwg,22667,gup,10,aDi|anu|aBi|upa|nis|pari|prati|vi|sam|aBisam
pwg,22683,gur,7,ati|apa|aBi|ava|A|ud|pra
pwg,22745,guh,9,apa|ava|ud|upa|samupa|ni|vini|vi|sam
pwg,23182,gopay,2,aBi|pra
pwg,23196,gopAy,2,aBi|pari
pwg,23621,graT,7,A|ud|samud|upa|ni|vi|sam
pwg,23656,graB,38,ati|anu|samanu|apa|api|aBi|ava|pratyava|vyava|A|upA|samA|ud|upod|pratyud|samud|upa|ni|upani|pratini|vini|saMni|nis|pari|saMpari|pra|paripra|pratipra|saMpra|prati|saMprati|vi|sam|anusam|aBisam|upasam|pratisam|saha
pwg,23661,gras,5,aBi|A|upa|pra|sam
pwg,23861,glA,5,ava|pari|aBipari|pra|vi
pwg,23883,Gaw,7,A|vyA|ud|pari|pra|vi|sam
pwg,23918,Gaww,7,anu|ava|A|ud|pari|vi|sam
pwg,24000,Gar,4,aBi|pratyaBi|A|vyA
pwg,24037,Garz,11,ava|A|ud|ni|saMni|nis|pari|pra|saMpra|vi|sam
pwg,24043,Gas,4,api|ud|pra|vi
pwg,24080,Guw,2,ava|vyA
pwg,24100,Guz,13,anu|ava|A|vyA|ud|prod|upa|nis|pra|vi|udvi|sam|parisam
pwg,24101,Guz,1,ni
pwg,24110,GUrR,5,ava|A|vyA|pari|vi
pwg,24247,GrA,13,anu|aBi|ava|A|upA|samupA|samA|ud|upa|samupa|pari|vi|sam
pwg,24261,cak,2,ud|pra
pwg,24382,cakz,23,anu|aBi|ava|A|anvA|aByA|udA|pratyA|saMpratyA|vyA|samA|pari|pra|aBipra|saMpra|prati|vi|aBivi|pravi|sam|avasam|parisam|prasam
pwg,24449,caw,1,ud
pwg,24519,cat,3,nis|pra|vi
pwg,24850,cam,5,A|anvA|paryA|samA|vi
pwg,24902,car,52,ati|vyati|aDi|anu|antar|apa|aBi|pratyaBi|vyaBi|ava|anvava|aByava|nyava|A|aDyA|anvA|aByA|udA|samudA|upA|samupA|upanyA|paryA|samA|anusamA|ud|aByud|prod|pratyud|vyud|anuvyud|samud|upa|dus|nis|vinis|parA|pari|pra|saMpra|prati|vi|anuvi|aBivi|parivi|pravi|anusaMvi|sam|anusam|aBisam|upasam|pratisam
pwg,24921,caraRy,2,A|ud
pwg,24962,carc,1,anu
pwg,24974,cart,10,ati|ava|A|upa|ni|nis|pari|pra|vi|sam
pwg,25044,cal,10,A|ud|samud|pari|pra|saMpra|vi|anuvi|pravi|sam
pwg,25297,ci,27,aDi|anu|apa|ava|A|anvA|avA|paryA|samA|ud|aByud|samud|upa|samupa|ni|Ani|pariRi|saMni|pari|pra|vipra|saMpra|vi|saMvi|sam|aBisam|parisam
pwg,25298,ci,13,anu|apa|ava|upa|ni|nis|aBinis|avanis|vinis|pari|vi|pravi|sam
pwg,25300,ci,2,apa|ni
pwg,25362,cit,7,anu|apa|A|pra|atipra|vi|sam
pwg,25554,cint,16,anu|samanu|aBi|vyA|nis|pari|saMpari|pra|vipra|prati|vi|anuvi|pravi|sam|anusam|aBisam
pwg,25655,cihnay,2,aBi|pari
pwg,25746,cud,8,aBi|pari|pra|aBipra|saMpra|prati|sam|sama
pwg,25750,cup,1,pra
pwg,25758,cumb,2,pari|vi
pwg,25822,cUrRay,5,ava|vini|pra|vi|sam
pwg,25836,cUz,2,A|sam
pwg,25894,cezw,5,ati|A|pari|vi|sam
pwg,26032,cyu,13,apa|A|ud|upa|nis|pari|pra|atipra|anupra|aBipra|saMpra|vi|sam
pwg,26080,Cad,17,anu|aBi|samaBi|ava|samava|A|samA|ud|apod|samud|upa|samupa|pari|pra|prati|vi|sam
pwg,26081,Cad,4,ava|upa|vi|sam
pwg,26132,Card,2,A|pra
pwg,26160,CA,4,anu|ava|A|pra
pwg,26237,Cid,20,anu|antar|apa|ava|paryava|vyava|A|avA|upA|samA|ud|vyud|samud|pari|vipari|pra|saMpra|prati|vi|sam
pwg,26278,Cur,3,ava|A|vi
pwg,26309,jaMh,1,aBivi
pwg,26313,jakz,3,apa|pra|vi
pwg,26483,jan,27,vyati|aDi|anu|samanu|apa|api|aBi|samaBi|ava|A|udA|ud|upa|samupa|nis|pari|pra|anupra|apapra|aBipra|upapra|saMpra|prati|vi|sam|aBisam|pratisam
pwg,26634,jap,8,anu|aBi|A|upa|pari|pra|prati|sam
pwg,26652,jaB,1,aBi
pwg,26655,jam,1,pra
pwg,26778,jar,4,anu|nis|pari|pra
pwg,26780,jar,2,prati|sam
pwg,27096,jalp,9,vyati|anu|aBi|upa|pari|pra|prati|vi|sam
pwg,27128,jas,2,ud|ni
pwg,27412,ji,21,ati|vyati|aDi|anu|apa|aBi|ava|A|ud|anUd|nis|aBinis|parinis|pratinis|vinis|parA|pari|pra|prati|vi|sam
pwg,27485,jinv,2,pra|upapra
pwg,27572,jIv,10,ati|anu|A|ud|aByud|pratyud|upa|vi|sam|pratisam
pwg,27701,juz,9,anu|aBi|ava|samA|upa|nis|pra|prati|sam
pwg,27722,jU,2,api|pra
pwg,27744,jUrv,2,ni|sam
pwg,27772,jeh,1,vi
pwg,27838,jYA,34,anu|aByanu|pratyaByanu|pratyanu|samanu|apa|aBi|pratyaBi|samaBi|ava|A|aByA|samA|upa|samupa|praRi|nis|vinis|pari|pra|anupra|aBipra|pratipra|saMpra|prati|saMprati|vi|aBivi|pravi|prativi|saMvi|sam|aBisam|pratisam
pwg,27918,jyA,4,aDi|upa|pari|pra
pwg,27942,jyut,1,ava
pwg,28046,jramB,6,aBi|ud|samud|pra|vi|sam
pwg,28050,jri,2,upa|pari
pwg,28053,jvar,3,sam|anusam|aBisam
pwg,28063,jval,12,aBi|ava|ud|prod|samud|upa|pra|aBipra|saMpra|prati|aBivi|sam
pwg,28087,Jaw,1,ud
pwg,28174,waNk,1,vi
pwg,28216,wIk,1,A
pwg,28253,qamb,1,vi
pwg,28292,qI,12,ati|aBi|ava|ud|prod|ni|parA|pari|pra|vi|sam|avasam
pwg,28326,QOk,1,upa
pwg,28332,taMs,6,aBi|A|upa|nis|pari|vi
pwg,28334,tak,2,nis|pra
pwg,28354,takz,9,anu|apa|ava|A|ud|nis|pra|vi|sam
pwg,28380,taYc,2,A|aByA
pwg,28392,taq,8,aBi|ava|A|pari|pra|prati|vi|sam
pwg,28552,tan,30,ati|vyati|aDi|anu|apa|aBi|ava|aByava|A|anvA|aByA|udA|paryA|pratyA|vyA|samA|ud|ni|atinis|pari|pra|vi|anuvi|aBivi|Avi|pravi|sam|anusam|aBisam|upasam
pwg,28717,tap,27,ati|anu|pratyanu|samanu|aBi|ava|A|aByA|ud|upa|samupa|ni|nis|vinis|pari|vipari|paScAt|pra|aBipra|saMpra|prati|vi|pravi|sam|atisam|aBisam|parisam
pwg,28811,tam,6,A|ud|ni|pari|pra|sam
pwg,28871,tar,25,ati|vyati|anu|apa|aBi|ava|samava|A|aByA|ud|aByud|prod|pratyud|samud|upa|ni|nis|pra|aBipra|upapra|vipra|vi|sam|anusam|aBisam
pwg,28981,tark,8,anu|nis|pari|pra|saMpra|vi|saMvi|sam
pwg,29010,tarj,7,aBi|samaBi|A|ud|pari|vi|sam
pwg,29018,tard,11,ati|anu|aBi|ava|A|ud|ni|pari|pra|vi|sam
pwg,29022,tarp,11,ati|anu|apa|aBi|ava|A|ni|pari|pra|vi|sam
pwg,29034,tarz,2,anu|vi
pwg,29041,tarh,1,vi
pwg,29349,tAy,2,vi|sam
pwg,29589,tij,3,ud|ni|sam
pwg,29737,til,1,pra
pwg,29908,tu,2,ud|sam
pwg,29953,tuj,1,A
pwg,29994,tud,10,anu|A|ud|ni|anuni|nis|pari|pra|vi|sam
pwg,30015,tup,1,pra
pwg,30106,tul,3,A|ud|sam
pwg,30185,tuS,1,ni
pwg,30187,tuz,5,upa|pari|pra|saMpra|sam
pwg,30736,tyaj,8,samaBi|ni|nis|pari|saMpari|vi|sam|aBisam
pwg,30762,trap,2,apa|vyapa
pwg,30811,tras,11,apa|ava|ud|samud|nis|parA|pari|pra|vi|sam|aBisam
pwg,30821,trA,2,pari|sam
pwg,31431,tvakz,1,pra
pwg,31483,tvar,5,ati|aBi|pari|pra|sam
pwg,31516,tviz,1,ava
pwg,31538,tsar,3,aBi|ava|upa
pwg,31564,daMS,9,ava|A|ud|upa|nis|pari|vi|sam|aBisam
pwg,31698,daG,3,ati|A|pra
pwg,32014,daB,3,aBi|A|upa
pwg,32021,dam,3,A|ud|pra
pwg,32053,day,3,ava|nirava|vi
pwg,32063,dar,12,anu|apa|ava|vyava|A|ud|ni|nis|pari|pra|aBipra|vi
pwg,32064,dar,4,A|atyA|pratyA|samA
pwg,32104,darp,2,ati|pra
pwg,32116,darB,3,anu|api|sam
pwg,32146,darS,21,ati|anu|vyapa|aBi|ava|A|vyA|ud|aByud|upa|ni|saMni|parA|pari|pra|upapra|saMpra|prati|vi|sam|anusam
pwg,32166,darh,2,ud|anUd
pwg,32167,dal,5,ava|ud|nis|vi|sam
pwg,32316,daSasy,2,A|sam
pwg,32358,das,7,apa|ud|upa|anUpa|pra|vi|sam
pwg,32377,dah,21,ati|anu|apa|api|aBi|ava|A|upa|ni|nis|anunis|vinis|pari|saMpari|pra|saMpra|prati|vi|sam|vyatisam|anusam
pwg,32399,dA,37,ati|anu|aBi|ava|A|anvA|apA|aByA|samaByA|udA|upA|aByupA|samupA|paryA|prA|pratyA|vyA|apavyA|aBivyA|samA|ud|upa|ni|pariRi|praRi|nis|parA|pari|pra|atipra|anupra|upapra|pratipra|saMpra|prati|vi|sam
pwg,32401,dA,14,api|ava|aByava|nirava|paryava|vyava|samava|A|pariRi|praRi|nis|pari|vi|sam
pwg,32402,dA,5,A|ud|ni|vi|sam
pwg,32403,dA,1,pariRi
pwg,32405,dA,2,ava|vyava
pwg,32707,dAS,2,ati|vi
pwg,32746,dAs,1,aBi
pwg,32937,div,6,ati|aDi|A|pra|prati|vi
pwg,32938,div,2,A|pari
pwg,33063,diS,37,ati|anu|samanu|apa|vyapa|aBi|ava|vyava|samava|A|anvA|aByA|upA|nirA|pratyA|vyA|samA|pratisamA|ud|samud|upa|pratyupa|samupa|ni|nis|aBinis|pratinis|vinis|parA|pari|pra|aBipra|saMpra|prati|sam|anusam|pratisam
pwg,33077,dih,12,aBi|ava|A|ud|upa|ni|pariRi|praRi|nis|pari|pra|sam
pwg,33079,dI,2,nis|pari
pwg,33080,dI,5,aBi|A|ni|pra|sam
pwg,33082,dI,2,upa|pra
pwg,33084,dIkz,2,upa|sam
pwg,33120,dIp,17,ati|aBi|ava|A|upA|vyA|ud|pratyud|samud|upa|pari|pra|saMpra|prati|vi|aBivi|sam
pwg,33323,du,5,aBi|A|pari|pra|vi
pwg,33916,duz,10,anu|aBi|upa|pra|aBipra|vipra|saMpra|prati|vi|sam
pwg,34073,duh,10,ava|A|upa|nis|pra|vipra|prati|vi|pravi|sam
pwg,35162,dyut,10,aBi|ava|A|ud|samud|nis|pra|vi|aBivi|sam
pwg,35164,dyut,1,A
pwg,35320,drA,5,apa|aBi|pra|aBipra|vi
pwg,35321,drA,4,ava|ni|pariRi|vi
pwg,35335,drAq,1,ud
pwg,35359,dru,39,ati|aDi|anu|samanu|apa|aBi|samaBi|vyava|samava|A|anvA|aByA|udA|upA|paryA|prA|saMprA|pratyA|samA|ud|anUd|aByud|samud|upa|pratyupa|samupa|nis|parA|pari|vipari|pra|aBipra|vipra|saMpra|prati|vi|aBivi|pravi|sam
pwg,35412,druh,3,aBi|prati|vi
pwg,35428,drek,1,pra
pwg,35846,dviz,4,anu|pra|vi|sam
pwg,36005,Dan,1,pra
pwg,36142,Danv,4,aBi|pra|paripra|sam
pwg,36169,Dam,16,anu|apa|api|aBi|A|atyA|upA|samA|ud|upa|nis|parA|pra|vi|sam|aBisam
pwg,36186,Dar,16,aDi|aBi|ava|A|nyA|ud|upa|anUpa|ni|nis|pari|pra|saMpra|prati|vi|sam
pwg,36454,Darz,12,apa|aBi|ava|A|ud|upa|pari|pra|saMpra|prati|vi|sam
pwg,36464,Dav,1,ava
pwg,36484,DA,82,ati|aDi|anu|vyanu|antar|apa|api|anvapi|samapi|aBi|pratyaBi|samaBi|ava|aByava|pratyava|vyava|saMvyava|samava|A|atyA|aDyA|antarA|anvA|apA|aByA|udA|upA|pratyupA|nyA|nirA|paryA|anuparyA|aBiparyA|vyA|samA|anusamA|aBisamA|upasamA|pratisamA|Avis|ud|upa|anUpa|aByupa|pratyupa|tiras|ni|aDini|apani|aBini|upani|pariRi|praRi|saMpraRi|pratini|vini|saMni|nis|pari|vipari|puras|pra|prati|anuprati|vi|ativi|aDivi|anuvi|aBivi|pravi|prativi|saMvi|Srat|sam|atisam|aDisam|anusam|aBisam|samaBisam|upasam|prasam|pratisam
pwg,36486,DA,5,anu|ud|upa|pariRi|nis
pwg,36704,DAv,30,ati|anu|samanu|apa|aBi|pratyaBi|samaBi|ava|vyava|A|anvA|upA|samA|upa|samupa|nis|parA|pari|vipari|pra|aDipra|anupra|vipra|saMpra|prati|vi|anuvi|aBivi|parivi|sam
pwg,36705,DAv,8,anu|A|vyud|ni|nis|pra|vi|sam
pwg,36722,Di,1,aBi
pwg,36757,DI,11,anu|aBi|ava|A|anvA|upA|ud|ni|pra|prati|vi
pwg,36802,Dukz,1,sam
pwg,36804,Dunay,1,A
pwg,36831,DU,19,apa|aBi|ava|vyava|A|vyA|samA|ud|samud|upa|ni|nis|vinis|pravinis|pari|pra|vi|pravi|sam
pwg,36842,DUnay,2,ava|vi
pwg,36849,DUpay,7,anu|ava|A|ud|upa|pra|vi
pwg,36853,DUpAy,1,vi
pwg,36876,DUmay,2,A|pra
pwg,37095,DyA,20,ati|anu|samanu|apa|samapa|aBi|samaBi|ava|A|samA|upa|ni|aBini|praRi|nis|pari|pra|saMpra|prati|sam
pwg,37174,DvaMs,15,ati|apa|aBi|ava|A|ud|samud|upa|ni|vini|pari|pra|prati|vi|pravi
pwg,37209,Dvan,3,apa|aBi|pra
pwg,37307,nakz,6,acCa|aBi|ava|pari|pra|aBipra
pwg,37456,naw,1,ud
pwg,37504,nad,20,anu|vyanu|aBi|A|ud|prod|samud|upa|ni|pariRi|pari|pra|aBipra|vipra|saMpra|prati|vi|anuvi|aBivi|sam
pwg,37555,nand,9,anu|aBi|pratyaBi|samaBi|A|pari|prati|saMprati|vi
pwg,37634,naB,2,ud|pra
pwg,37694,nam,26,ati|aDi|anu|apa|aBi|ava|aByava|A|ud|aByud|samaByud|prod|samud|upa|ni|nis|pari|vipari|pra|aBipra|saMpra|prati|vi|sam|aBisam|upasam
pwg,37710,namasy,1,sam
pwg,37862,nart,13,aDi|anu|A|aByA|upa|ni|aBini|pari|pra|saMpra|prati|vi|sam
pwg,37873,nard,8,aBi|ava|A|ni|pra|prati|vi|anuvi
pwg,38048,naS,14,anu|apa|vyapa|ava|nis|pari|pra|atipra|vipra|saMpra|vi|anuvi|pravi|sam
pwg,38050,naS,7,acCa|aBi|ud|pari|pra|vi|sam
pwg,38077,nas,1,sam
pwg,38095,nah,21,apa|api|aBi|ava|paryava|prAva|A|nirA|paryA|pratyA|vyA|ud|samud|upa|ni|pari|pra|vi|sam|aBisam|upasam
pwg,38340,nAT,1,upa
pwg,38728,nikz,3,anu|pra|vi
pwg,38823,nij,7,ava|aByava|prAva|nis|parinis|pra|vi
pwg,38876,nid,4,pari|pra|prati|vi
pwg,40379,nI,66,acCa|ati|aByati|vyati|aDi|anu|paryanu|pratyanu|antar|apa|vyapa|api|aBi|ava|aByava|vyava|samava|A|anvA|aByA|samaByA|avA|udA|aByudA|samudA|upA|samupA|nyA|paryA|pratyA|vyA|samA|ud|anUd|aByud|upod|prod|samud|upa|vyupa|samupa|ni|aBini|avani|upani|saMni|nis|vinis|parA|pratiparA|upasaMparA|pari|anupari|vipari|pra|atipra|aBipra|paripra|vipra|saMpra|prati|vi|aBivi|saMvi|sam|aBisam
pwg,40623,nu,10,acCa|anu|aBi|A|anvA|pari|pra|aBipra|sam|aBisam
pwg,40624,nu,6,ati|anu|apa|aBi|ava|vi
pwg,40628,nud,23,ati|apa|vyapa|aBi|ava|paryava|apA|vyapA|upA|upa|nis|aBinis|parA|pari|pra|atipra|anupra|saMpra|prati|vi|aBivi|sam|upasam
pwg,40818,ned,1,ati
pwg,41137,nyUNKay,1,prati
pwg,41311,pac,14,anu|aBi|A|ud|ni|praRi|nis|pari|pra|aBipra|saMpra|vi|sam|aBisam
pwg,41313,pac,1,pra
pwg,41628,paw,6,ava|A|ud|samud|vini|vi
pwg,41710,paW,9,ati|vyati|anu|apa|aBi|ni|pari|pra|sam
pwg,41725,paR,2,A|vi
pwg,41788,pat,41,acCA|ati|anu|antar|aBi|samaBi|ava|aByava|A|aByA|upA|paryA|samA|ud|anUd|aByud|prod|samud|upa|ni|aBini|upani|pariRi|praRi|vini|saMni|nis|aBinis|vinis|parA|anuparA|pari|vipari|pra|anupra|nizpra|prati|vi|anuvi|sam|aBisam
pwg,41790,pat,1,aBi
pwg,41971,paT,1,api
pwg,42000,pad,47,ati|anu|samanu|apa|api|aBi|samaBi|ava|vyava|A|aByA|pratyA|vyA|samA|aBisamA|ud|upod|prod|pratyud|vyud|samud|upa|aByupa|pratyupa|samupa|ni|anuni|upani|pariRi|praRi|nis|aBinis|pari|pra|atipra|anupra|aBipra|saMpra|aBisaMpra|prati|aBiprati|viprati|saMprati|vi|sam|aBisam|upasam
pwg,42215,pan,2,A|vi
pwg,42307,par,17,ati|anu|aBi|samaBi|ava|A|samA|ud|upa|ni|nis|pari|saMpari|pra|aBipra|prati|sam
pwg,42308,par,7,ati|apa|ud|samud|nis|pra|sam
pwg,42309,par,2,A|vyA
pwg,43412,parc,8,anu|api|A|upa|nis|pra|vi|sam
pwg,43685,palAy,1,pra
pwg,43801,paS,18,ati|anu|samanu|antar|aBi|ava|A|ud|parA|pari|pra|aBipra|saMpra|prati|vi|anuvi|aBivi|sam
pwg,43920,pA,17,ati|anu|antar|aBi|ava|anvava|A|samA|ud|anUd|ni|nis|pari|pra|anupra|vi|sam
pwg,43922,pA,6,aDi|aBi|ni|nis|pari|pra
pwg,44920,pAlay,11,ati|anu|samanu|aBi|samaBi|ni|pari|pra|prati|saMprati|sam
pwg,44987,pASay,2,ava|vi
pwg,45168,piRqay,1,sam
pwg,45339,pinv,1,pra
pwg,45384,pibd,1,A
pwg,45397,piS,5,anu|aBi|A|nis|vi
pwg,45431,piz,14,anu|ava|A|ud|samud|ni|prani|nis|vinis|pari|pra|prati|aBiprati|sam
pwg,45453,pI,4,aBi|A|samA|pra
pwg,45466,pIq,21,aBi|samaBi|ava|samava|A|ud|samud|upa|ni|aBini|upani|vini|nis|vinis|pari|pra|aBipra|saMpra|prati|vi|sam
pwg,45565,pIy,2,ni|prati
pwg,45669,puYjay,1,ud
pwg,45680,puw,2,ud|pari
pwg,45838,puT,7,aBi|ava|A|ni|pra|vi|sam
pwg,46344,puz,5,anu|pari|pra|vi|sam
pwg,46562,pU,14,ati|anu|aBi|A|samA|ud|ni|nis|pratinis|parA|pari|vi|sam|aBisam
pwg,46573,pUj,11,anu|aBi|samaBi|pari|saMpari|pra|saMpra|prati|saMprati|sam|aBisam
pwg,46664,pUy,1,A
pwg,47920,praC,15,ati|anu|aByanu|samanu|aBi|A|upA|samA|upa|pari|saMpari|prati|vi|sam|upasam
pwg,49080,praT,7,anu|aBi|A|ni|pari|vi|sam
pwg,50324,prA,1,A
pwg,51077,prI,5,aBi|A|pari|anupra|sam
pwg,51099,pru,7,ati|apa|aBi|A|ud|upa|vi
pwg,51101,pruT,2,apa|pra
pwg,51102,pruz,5,aBi|A|ud|pari|vi
pwg,51365,plu,26,anu|apa|aBi|samaBi|ava|samava|A|udA|upanyA|paryA|pratyA|samA|ud|samud|upa|samupa|upani|pari|aBipari|saMpari|pra|prati|vi|anuvi|sam|aBisam
pwg,51370,pluz,3,A|nis|vi
pwg,51381,psA,2,pariRi|sam
pwg,51399,PaR,2,A|vi
pwg,51453,Pal,7,ud|prod|ni|pra|prati|vi|sam
pwg,51454,Pal,1,vi
pwg,51686,baMh,3,ava|ni|sam
pwg,51753,banD,20,anu|paryanu|api|ava|A|samA|ud|samud|upa|ni|upani|saMni|nis|pari|pra|vi|sam|anusam|aBisam|upasam
pwg,51853,barh,12,ati|A|ud|samud|ni|vini|saMni|nis|pra|upapra|vi|sam
pwg,51854,barh,7,ati|aBi|upa|samupa|ni|pari|sam
pwg,52395,bAD,17,ati|aDi|anu|apa|aBi|ava|A|ud|upa|ni|nis|pari|pra|saMpra|prati|vi|sam
pwg,52927,buD,21,anu|ava|samava|A|ud|prod|samud|ni|saMni|pari|pra|anupra|vipra|saMpra|prati|saMprati|vi|aBivi|sam|aBisam|pratisam
pwg,53686,brU,18,acCA|ati|aDi|anu|apa|aBi|ava|A|pratyA|ud|upa|nis|pari|pra|pratipra|prati|vi|sam
pwg,53742,Bakz,5,vyava|upa|pari|prati|sam
pwg,53862,Baj,16,anu|apa|aBi|A|anvA|upa|nis|pari|pra|prati|vi|aBivi|pravi|prativi|saMvi|sam
pwg,53875,BaYj,16,aBi|ava|vyA|ud|upa|ni|nis|vinis|pari|pra|aBipra|saMpra|prati|vi|sam|aBisam
pwg,53935,BaR,1,prati
pwg,54099,Ban,1,A
pwg,54144,Bar,26,ati|anu|apa|aBi|ava|A|aDyA|upA|paryA|samA|ud|aDyud|paryud|upa|ni|saMni|nis|parA|pari|pra|aBipra|prati|vi|sam|aBisam|upasam
pwg,54228,Barts,7,aBi|ava|ud|nis|aBinis|pari|sam
pwg,54241,Bal,2,ni|sam
pwg,54350,Bas,2,nis|pra
pwg,54387,BA,21,ati|vyati|anu|aBi|ava|A|samA|ud|ni|nis|pra|anupra|saMpra|prati|viprati|saMprati|vi|aBivi|Avi|saMvi|sam
pwg,54756,BAz,20,anu|apa|aBi|pratyaBi|samaBi|ava|A|vyA|samA|ud|pari|pra|saMpra|prati|saMprati|vi|saMvi|sam|upasam|prasam
pwg,54780,BAs,9,ava|A|ud|nis|pari|pra|prati|vi|nirvi
pwg,54863,Bid,21,anu|apa|ava|A|ud|prod|ni|prani|nis|vinis|parA|pari|pra|upapra|saMpra|prati|vi|pravi|sam|anusam|upasam
pwg,54938,BI,6,A|ni|pari|pra|vi|sam
pwg,55048,Buj,11,ava|pratyava|A|vyA|nis|vinis|pari|pra|vi|pravi|sam
pwg,55050,Buj,12,aDi|anu|aBi|A|upa|pratyupa|samupa|pari|pra|prati|vi|sam
pwg,55118,Bur,2,pari|sam
pwg,55166,BU,40,ati|vyati|anu|pratyanu|samanu|antar|apa|api|aBi|atyaBi|pratyaBi|A|anvA|aByA|paryA|pratyA|Avis|ud|prod|samud|upa|ni|prani|nis|parA|anuparA|pari|saMpari|pra|anupra|aBipra|upapra|prati|vi|anuvi|sam|anusam|aBisam|parisam|pratisam
pwg,55588,BUz,5,A|upA|upa|pari|vi
pwg,55589,BUz,11,ati|A|upa|pari|pra|anupra|aBipra|upapra|prati|vi|sam
pwg,55938,Byas,1,ud
pwg,55940,BraMS,8,apa|A|ni|pari|saMpari|pra|vi|sam
pwg,55954,Brajj,3,ava|pari|sam
pwg,55960,Bram,8,ud|samud|upa|pari|pra|vi|sam|upasam
pwg,55999,BrAj,3,pari|pra|vi
pwg,56104,maMh,1,vi
pwg,56233,maNg,1,pra
pwg,56300,majj,13,ava|A|ud|samud|upa|ni|upani|vini|saMni|nis|pra|vi|sam
pwg,56503,maRq,2,pari|prati
pwg,56682,maT,18,aDi|aBi|ava|A|ud|prod|samud|upa|ni|nis|vinis|saMnis|pra|aBipra|saMpra|vi|aBivi|sam
pwg,56705,mad,13,anu|aBi|ava|ud|prod|upa|pari|pra|aBipra|vipra|saMpra|vi|sam
pwg,56706,mad,2,ni|upani
pwg,57252,man,18,ati|aDi|anu|samanu|apa|aBi|ava|aByava|A|upa|pari|pra|aBipra|prati|vi|sam|anusam|aBisam
pwg,57292,manasy,1,aBi
pwg,57513,mantray,14,anu|aBi|A|upA|samA|upa|aByupa|ni|aBini|upani|saMni|pari|prati|sam
pwg,57784,mar,6,anu|aBi|A|upa|pari|pra
pwg,57785,mar,5,A|upa|pari|pra|aBipra
pwg,57924,marj,22,anu|apa|aBi|ava|A|apA|vyA|ud|samud|upa|ni|nis|parA|pari|pra|vipra|saMpra|prati|vi|anuvi|aBivi|sam
pwg,57928,marq,1,aBi
pwg,57930,marR,5,A|ni|pra|vi|sam
pwg,57948,mard,17,ati|apa|aBi|ava|A|aByA|vyA|ud|upa|ni|parA|pari|pra|saMpra|prati|vi|sam
pwg,57955,marD,1,pari
pwg,58004,marS,25,ati|vyati|anu|apa|aBi|pratyaBi|ava|anvava|pratyava|samava|A|ud|parA|anuparA|upaparA|pratiparA|pari|pra|aBipra|prati|vi|anuvi|pravi|saMvi|sam
pwg,58007,marz,8,apa|api|A|paryA|upa|pari|pra|vi
pwg,58231,mah,2,A|sam
pwg,59391,mA,5,anu|A|pariRi|praRi|vi
pwg,59392,mA,20,anu|apa|aBi|ava|ud|upa|ni|pariRi|praRi|nis|aBinis|parinis|pratinis|vinis|saMnis|pari|pra|prati|vi|sam
pwg,59394,mA,5,apa|ni|pariRi|praRi|vini
pwg,60056,mArg,3,anu|pari|saMpari
pwg,60352,mi,10,apa|ud|upa|ni|praRi|pari|pra|prati|vi|sam
pwg,60353,mi,3,A|ud|pra
pwg,60355,mikz,2,A|sam
pwg,60477,miT,2,aBi|pratyaBi
pwg,60541,mid,2,anu|pra
pwg,60565,mil,2,pari|sam
pwg,60591,miSray,6,vyati|anu|vyA|vi|sam|pratisam
pwg,60603,miz,4,ud|pratyud|samud|ni
pwg,60618,mih,9,ati|aBi|ava|upa|ni|pari|pra|prati|sam
pwg,60662,mIl,12,anu|aBi|A|vyA|ud|prod|samud|ni|vini|saMni|pra|sam
pwg,60666,mIv,4,A|ni|pra|prati
pwg,60883,muc,27,ati|aDi|aBi|ava|vyava|A|paryA|vyA|ud|upa|nis|aDinis|aBinis|vinis|pari|vipari|pra|anupra|paripra|pratipra|vipra|saMpra|prati|saMprati|vi|pravi|sam
pwg,60923,muw,4,ava|ud|pari|prati
pwg,60962,mud,11,anu|aByanu|aBi|A|ud|saMpari|pra|anupra|saMpra|prati|sam
pwg,60993,mudray,2,ud|vi
pwg,61106,muz,8,ava|A|ud|nis|pari|pra|saMpra|vi
pwg,61162,muh,16,vyati|anu|aBi|vyA|ud|nis|vinis|pari|pra|vipra|saMpra|prati|vi|sam|aBisam|visam
pwg,61232,mUtray,2,ava|sam
pwg,61262,mUrC,7,aBi|ava|ud|pra|vi|sam|aBisam
pwg,61307,mUl,3,ud|samunmUlay|nirmUlay
pwg,61490,mfgay,3,pari|pra|vi
pwg,62164,mokzay,7,A|pari|pra|saMpra|prati|vi|sam
pwg,62360,mnA,5,anu|A|pratyA|samA|pari
pwg,62361,myakz,4,apa|A|ni|sam
pwg,62362,mrakz,3,aBi|ni|sam
pwg,62366,mrad,2,pra|vi
pwg,62373,mrit,2,nis|vi
pwg,62374,mruc,2,ni|aBini
pwg,62377,mreq,2,A|upani
pwg,62381,mlA,6,aBi|A|pari|vipari|pra|vi
pwg,62389,mluc,6,anu|apa|upa|ni|aBini|pra
pwg,62391,mlup,2,upa|aBini
pwg,62698,aNkay,1,upa
pwg,62766,ac,17,aDi|anu|apa|api|aBi|ava|A|ud|paryud|upa|ni|parA|pari|pra|prati|vi|sam
pwg,62859,aYj,12,aDi|anu|aBi|A|ud|upa|ni|pra|vi|aBivi|pravi|sam
pwg,63095,ad,3,api|ni|prati
pwg,63342,an,5,pra|anupra|aBipra|aBivi|sam
pwg,64707,am,1,sam
pwg,64954,ar,6,ud|upa|nis|pari|prati|sam
pwg,65058,arc,5,aBi|samaBi|pra|prati|sam
pwg,65069,arC,5,ava|avA|nis|vi|sam
pwg,65070,arj,3,aByati|samA|upa
pwg,65071,arj,1,pra
pwg,65091,art,1,aBi
pwg,65126,arTay,4,aBi|pra|prati|sam
pwg,65159,ard,2,aBi|pra
pwg,65162,arD,3,A|vi|sam
pwg,65227,arz,1,ud
pwg,65228,arz,2,ni|pari
pwg,65232,arh,1,sam
pwg,65321,av,1,upa
pwg,65675,aS,3,A|upa|samupa
pwg,65676,aS,4,upa|pari|pra|sam
pwg,65826,as,6,anu|upa|ni|pari|pra|sam
pwg,65827,as,24,ati|aDi|udapa|api|aBi|anvava|ud|paryud|vyud|aBivyud|ni|upani|vini|upasaMni|nis|aBinis|parA|pari|vipari|pra|utpra|prati|vi|sam
pwg,65920,asUy,1,aBi
pwg,65977,ah,5,anu|aBi|parA|pari|vi
pwg,66546,Ap,12,ava|upa|samupa|pari|pra|anupra|aBipra|paripra|prati|vi|sam|parisam
pwg,66889,AliNg,1,sam
pwg,67042,As,6,aDi|anu|ud|upa|paryupa|sam
pwg,67140,i,58,ati|aByati|upAti|vyati|samati|aDi|upADi|prADi|anu|samanu|apa|vyapa|api|aBi|samaBi|ava|anvava|upAva|pratyava|vyava|samava|A|udA|pratyA|samA|parisamA|ud|aByud|prod|samud|upa|aDyupa|aByupa|samopa|pratyupa|vyupa|samupa|ni|nis|parA|saMparA|pari|anupari|vipari|palA|pra|aBipra|vipra|saMpra|prati|saMprati|pla|vi|anuvi|parivi|sam|anusam|aBisam
pwg,67152,iNg,2,ud|vi
pwg,67208,iD,1,pari
pwg,67330,iz,5,prADi|anu|pra|anupra|paripra
pwg,67331,iz,4,anu|aBi|prati|vi
pwg,67369,Ikz,22,aDi|apa|ava|nyava|pratyava|samava|ud|upa|nis|saMnis|pari|pra|utpra|vipra|saMpra|prati|vi|aBivi|sam|aBisam|prasam|pratisam
pwg,67377,INK,1,vi
pwg,67379,Ij,2,apa|sam
pwg,67380,Iq,2,sam|prasam
pwg,67391,Ir,9,aBi|vyava|A|ud|aByud|pratyud|samud|pra|aBipra
pwg,67412,IS,1,pari
pwg,67441,Iz,1,A
pwg,67452,Ih,2,prati|sam
pwg,67467,ukz,6,aBi|ava|nis|pari|pra|sam
pwg,67487,uc,2,ni|sam
pwg,67542,ujJ,1,pra
pwg,67575,utkaRW,1,pra
pwg,67785,ud,3,aBi|ni|sam
pwg,68500,uB,1,apa
pwg,68600,ullAGay,1,pra
pwg,68622,uz,3,aBi|upa|prati
pwg,68699,UrRu,1,pra
pwg,68742,Uh,16,vyati|aDi|apa|samapa|ud|apod|upa|samupa|nis|pari|prati|vi|nirvi|prativi|sam|parisam
pwg,68743,Uh,2,ni|sam
pwg,68974,ej,1,apa
pwg,69488,kaTay,2,ni|pari
pwg,69675,kam,3,aBi|ni|pra
pwg,69710,kamp,6,A|pari|saMpari|pra|saMpra|vi
pwg,69731,kar,28,vyati|aDi|anu|apa|pratyapa|api|ava|A|anvA|apA|upA|pratyupA|samupA|nirA|prA|vyA|upa|pratyupa|nis|vinis|parA|pari|pra|vipra|prati|vi|sam|pratisam
pwg,69732,kar,1,pra
pwg,69733,kar,15,apa|aBi|ava|anvava|vyava|A|avA|paryA|vyA|ud|pari|pra|vi|pravi|sam
pwg,69878,kart,6,apa|ava|ud|nis|pari|pra
pwg,69953,karS,2,pari|pra
pwg,69955,karz,19,apa|vyapa|vyava|A|apA|aByA|aByupA|pratyA|ud|pratyud|samud|upa|ni|saMni|nis|pari|pra|vipra|saMpra
pwg,69963,kal,5,A|pratyA|ud|pari|sam
pwg,69964,kal,3,ud|nis|sam
pwg,70053,kalp,5,ava|pari|pra|vi|sam
pwg,70170,kaz,3,ud|ni|nis
pwg,70181,kas,1,vi
pwg,70234,kANkz,3,pari|pra|prati
pwg,70653,kAS,5,pra|prati|vi|pravi|pratisam
pwg,70792,kIrtay,2,saMpari|pra
pwg,70835,kuc,3,ud|ni|sam
pwg,70884,kuw,1,vi
pwg,70993,kup,2,pra|prati
pwg,71220,kuz,2,aBi|nis
pwg,71263,kUj,1,vi
pwg,71275,kUR,1,vi
pwg,71837,kraT,1,ud
pwg,71840,krand,2,aByava|A
pwg,71841,kram,25,ati|samaByati|vyati|samati|anu|apa|aByapa|aBi|A|apA|nirA|samA|ud|pratyud|upa|nis|aBinis|parA|pari|pra|prati|vi|sam|upasam|pratisam
pwg,71900,krI,2,vi|sam
pwg,71901,krIq,4,aDi|ni|pra|vi
pwg,71919,kruS,4,apa|ud|upa|pari
pwg,71955,klid,3,A|pra|vi
pwg,71957,kliS,2,pari|sam
pwg,71970,kvaR,1,pari
pwg,71971,kvaT,1,nis
pwg,71992,kzan,1,vi
pwg,72027,kzar,3,A|upa|pra
pwg,72028,kzal,2,pari|pra
pwg,72031,kzA,4,apa|api|pari|sam
pwg,72048,kzi,1,prati
pwg,72049,kzi,7,api|ava|upa|nis|pra|vi|sam
pwg,72074,kzip,16,aDi|ava|A|vyA|ud|samud|upa|ni|vini|saMni|nis|vinis|pari|prati|vi|sam
pwg,72102,kzu,1,pari
pwg,72124,kzuB,1,ni
pwg,72261,KaRqay,3,ava|pari|vi
pwg,72270,Kan,5,ud|prod|samud|ni|pra
pwg,72334,KAd,2,A|pra
pwg,72351,Kid,2,nis|vi
pwg,72384,KyA,12,anvA|pratyA|vyA|anuvyA|samA|pari|pra|prati|vi|pravi|sam|parisam
pwg,72486,gaRay,3,A|pari|vi
pwg,72530,gad,5,anu|ni|praRi|vini|pra
pwg,72578,gam,35,ati|aDi|anu|vyapa|api|aBi|samaBi|ava|vyava|A|aDyA|anvA|samaByA|aByupA|paryupA|nyA|paryA|pratinyA|samA|ud|apod|upa|aByupa|samupa|ni|upani|saMni|nis|pari|vi|sam|anusam|aBisam|upasam|sama
pwg,72589,gar,4,aBi|aByA|prati|sam
pwg,72590,gar,3,ud|pratyud|ni
pwg,72591,gar,3,ud|pra|prati
pwg,72610,garj,4,aBi|ud|pra|prati
pwg,72623,garD,2,aBi|pra
pwg,72664,gal,3,ni|nis|vi
pwg,72672,galB,1,pra
pwg,72694,gA,3,aBi|pari|vipari
pwg,72695,gA,7,anu|ava|A|ud|upa|pra|saMpra
pwg,72760,gAh,2,ava|vi
pwg,72827,guRay,1,anu
pwg,72852,guRW,3,ava|samava|A
pwg,72856,gup,2,aDi|anu
pwg,72871,gur,1,ava
pwg,72905,guh,5,samaBi|samava|upa|ni|pari
pwg,73175,graT,2,ud|pra
pwg,73181,graB,15,anu|samanu|aBi|ava|upA|ud|upod|upa|ni|pari|pra|prati|upaprati|vi|sam
pwg,73182,gras,2,A|pari
pwg,73248,Gaw,4,vyA|ud|vi|sam
pwg,73268,Gaww,5,ava|A|samud|pari|sam
pwg,73285,Gar,1,prA
pwg,73288,Garz,2,ava|ni
pwg,73304,Guw,1,vyA
pwg,73311,Guz,3,ud|prod|pari
pwg,73313,GUrR,3,A|vyA|vi
pwg,73340,GrA,3,anu|ava|vyA
pwg,73347,cakAs,1,sam
pwg,73381,cakz,9,anu|A|nirA|vyA|pari|pra|saMpra|vi|udvi
pwg,73447,cat,1,pra
pwg,73618,car,21,ati|aDi|aBi|vyaBi|ava|A|aByudA|samudA|samA|ud|pratyud|upa|ni|pari|saMpari|prati|vi|pravi|saMpravi|sam|parisam
pwg,73642,carc,1,vi
pwg,73663,cal,4,ud|prod|vi|sam
pwg,73735,ci,7,apa|avA|ud|upa|ni|pra|vi
pwg,73736,ci,7,apa|ava|upa|nis|parinis|pari|vi
pwg,73754,cit,3,vi|savi|sam
pwg,73835,cint,4,pari|vi|pravi|saMvi
pwg,73883,cud,2,pra|sama
pwg,73887,cumb,1,pari
pwg,73925,cezw,2,A|vi
pwg,73971,cyu,4,pari|pra|prati|vi
pwg,73996,Cad,7,ava|A|ud|apod|pra|vipra|prati
pwg,73997,Cad,1,upa
pwg,74023,Card,1,A
pwg,74032,CA,4,ava|A|vi|nyAvi
pwg,74051,Cid,5,ava|A|samud|pari|vi
pwg,74059,Cur,1,vi
pwg,74139,jan,2,aBi|upa
pwg,74225,jar,1,nis
pwg,74284,jalp,1,pari
pwg,74293,jas,2,prod|ni
pwg,74383,ji,4,apa|vinis|parA|vi
pwg,74434,jIv,6,A|aByud|pratyud|upa|pra|sam
pwg,74482,juz,2,anu|upa
pwg,74519,jYA,17,ati|anu|pratyaByanu|apa|aBi|pratyaBi|ava|A|upa|nis|pari|pratipra|prati|vi|prativi|saMvi|sam
pwg,74568,jyut,1,ava
pwg,74611,jramB,2,ud|vi
pwg,74612,jvar,1,sam
pwg,74617,jval,6,ava|ud|samud|pra|saMpra|sam
pwg,74644,waNk,1,nis
pwg,74715,takz,1,anu
pwg,74796,tan,7,A|samA|pra|vi|pravi|sam|parisam
pwg,74844,tap,6,aBi|ud|upa|pari|pra|prati
pwg,74860,tam,2,ava|ni
pwg,74867,tar,11,ava|ud|prod|nis|pari|pra|prati|vi|pravi|sam|anusam
pwg,74892,tark,2,pari|prati
pwg,74915,tarj,1,sam
pwg,74920,tard,3,upa|pra|sam
pwg,74921,tarp,3,pari|vi|sam
pwg,75096,tud,2,prati|sam
pwg,75119,tul,1,sam
pwg,75134,tuz,3,aBi|pari|sam
pwg,75228,tyaj,1,pari
pwg,75243,tras,2,pari|vi
pwg,75416,tvar,2,ati|pra
pwg,75427,daMS,2,A|nis
pwg,75497,dam,1,ud
pwg,75515,dar,5,pari|prati|vi|udvi|pravi
pwg,75526,darp,1,pra
pwg,75532,darS,2,pratyA|ni
pwg,75540,dal,1,vi
pwg,75578,dah,5,anu|ni|pra|vi|sam
pwg,75584,dA,10,anu|A|aByA|upA|samupA|vyA|samA|pari|pra|saMpra
pwg,75585,dA,2,ava|vi
pwg,75586,dA,1,vi
pwg,75730,div,1,aBi
pwg,75764,diS,7,anu|A|vyA|ud|samud|upa|pari
pwg,75768,dih,3,ni|sam|aBisam
pwg,75778,dIp,2,pra|vi
pwg,75809,du,1,pra
pwg,76003,duz,3,upa|pra|vi
pwg,76032,duh,2,nis|pra
pwg,76260,dyut,1,vi
pwg,76320,dru,6,anu|aBi|aByud|upa|saMpra|vi
pwg,76327,druh,1,pra
pwg,76472,Dam,3,aBi|A|pratyA
pwg,76478,Dar,9,ava|paryava|ud|upa|ni|nis|pari|vi|sam
pwg,76548,Darz,2,pari|sam
pwg,76560,DA,25,antar|api|aBi|samaBi|ava|upAva|vyava|A|atyA|anvA|samA|upa|ni|unni|upani|praRi|saMni|pari|prati|vi|prativi|sam|anusam|aBisam|prasam
pwg,76607,DAv,6,nis|parA|pari|pra|anupra|saMpra
pwg,76639,DU,10,ava|vyava|vyA|ud|samud|ni|pari|vi|anuvi|pravi
pwg,76687,DyA,3,aBi|upa|praRi
pwg,76709,DvaMs,5,anu|apa|vini|prati|vi
pwg,76776,nad,2,ud|pari
pwg,76786,nand,2,pratyaBi|samaBi
pwg,76812,nam,13,anu|aBi|ava|A|ud|pratyud|samud|upa|ni|nis|pari|pra|vi
pwg,76849,nart,5,anu|aBi|upa|pra|sam
pwg,76853,nard,3,aBi|vi|sam
pwg,76899,naS,2,nis|pravi
pwg,76913,nah,4,api|ud|pari|sam
pwg,77104,nij,3,pratyava|nis|pra
pwg,77118,nid,1,pari
pwg,77582,nI,13,anu|apa|A|upA|pratyA|ud|upa|samupa|ni|pari|pra|vi|sam
pwg,77619,nu,1,pra
pwg,77622,nud,7,ava|upA|aBinis|pra|saMpra|vi|sam
pwg,77877,paw,3,ud|vinis|vi
pwg,77892,paW,5,ati|anu|pari|pra|vi
pwg,77895,paR,1,pra
pwg,77908,pat,13,ati|aBi|A|aByA|ud|aByud|ni|pratini|parA|pari|pra|vi|sam
pwg,77943,pad,20,ati|samanu|aBi|A|samA|ud|pratyud|vyud|samud|upa|samupa|nis|pra|anupra|prati|viprati|saMprati|vi|sam|aBisam
pwg,78024,par,8,aBi|ava|A|ni|pari|pra|prati|sam
pwg,78025,par,1,ati
pwg,78026,par,1,vyA
pwg,78348,paS,2,pra|prati
pwg,78370,pA,3,A|nis|pra
pwg,78372,pA,2,anUd|pratyud
pwg,78550,pAlay,2,pra|prati
pwg,78651,pI,1,ud
pwg,78658,pIq,3,nis|pra|prati
pwg,78840,pUj,1,pra
pwg,79081,praC,2,A|sam
pwg,79693,prI,1,A
pwg,79736,plu,9,aDi|anu|aBi|samaBi|A|ud|pari|vi|sam
pwg,79737,pluz,1,vi
pwg,79824,banD,6,anu|A|ud|ni|upani|pari
pwg,79852,barh,1,upa
pwg,79906,bAD,1,aDi
pwg,79965,buD,2,ava|ud
pwg,80043,brU,1,sam
pwg,80067,Baj,2,A|vi
pwg,80071,BaYj,1,nis
pwg,80102,Bar,3,ni|pari|sam
pwg,80114,Barts,2,ni|vinis
pwg,80136,BA,6,ava|A|ud|nis|vinis|vi
pwg,80183,BAz,3,samaBi|A|pari
pwg,80190,BAs,3,vyava|ud|prati
pwg,80199,Bid,4,ud|vi|pravi|sam
pwg,80219,Buj,4,anu|samA|samupa|sam
pwg,80224,BU,4,anu|ud|pari|pra
pwg,80282,BraMS,1,vi
pwg,80284,Brajj,1,ava
pwg,80285,Bram,5,ud|pari|pra|vi|sam
pwg,80310,majj,2,ud|ni
pwg,80347,maT,6,aDi|nis|vinis|pari|pra|vi
pwg,80354,mad,4,ud|pra|vi|sam
pwg,80410,man,6,ava|A|upa|ni|pra|aBipra
pwg,80440,mantray,4,aBi|upA|upa|nis
pwg,80473,mar,1,anu
pwg,80474,mar,2,ni|pra
pwg,80487,marj,4,apa|aBi|pra|anuvi
pwg,80490,mard,1,pra
pwg,80500,marS,3,A|parA|pravi
pwg,80603,mA,4,anu|apa|ud|parinis
pwg,80690,miz,1,ni
pwg,80706,muc,3,nis|prati|vi
pwg,80709,mud,1,pra
pwg,80780,mokzay,1,vi
pwg,80800,mluc,1,ni
pwg,80813,yakz,1,pra
pwg,80867,yaj,14,ati|anu|apa|aBi|ava|nirava|A|samA|upa|atyupa|pari|pra|prati|sam
pwg,81094,yat,19,aDi|anu|A|atyA|anvA|samA|upa|ni|nis|pratinis|pari|pra|saMpra|prati|vi|aDivi|sam|aBisam|pratisam
pwg,81508,yantray,3,upa|ni|sam
pwg,81523,yaB,2,pra|prati
pwg,81526,yam,36,aDi|anu|antar|A|aByA|udA|upA|nirA|paryA|vyA|samA|aBisamA|ud|aByud|upod|prod|pratyud|samud|upa|ni|pariRi|pratini|vini|saMni|pari|pra|atipra|anupra|Apra|upapra|pratipra|saMpra|prati|vi|sam|upasam
pwg,81807,yas,9,ava|A|samA|ud|ni|nis|pra|vi|sam
pwg,81815,yA,71,acCa|ati|vyati|samati|aDi|anu|samanu|antar|apa|aByapa|pratyapa|vyapa|vyApa|api|aBi|pratyaBi|samaBi|ava|A|atyA|aByA|udA|upA|aByupA|samupA|paryA|anuparyA|prA|upaprA|pratiprA|pratyA|samA|aBisamA|ud|aByud|pratyud|samud|upa|aByupa|upopa|pratyupa|samupa|ni|pariRi|praRi|nis|aBinis|pratinis|vinis|parA|pari|anupari|pra|anupra|aBipra|upapra|paripra|pratipra|vipra|saMpra|anusaMpra|aBisaMpra|upasaMpra|prati|vi|aBivi|sam|anusam|aBisam|upasam|pratisam
pwg,81827,yAc,11,anu|pratyanu|api|aBi|samaBi|A|upa|nis|pra|saMpra|sam
pwg,82108,yu,15,vyati|aBi|A|aByA|udA|samA|ud|ni|pari|pra|pratipra|prati|vi|pravi|sam
pwg,82109,yu,5,apa|ava|nis|pra|vi
pwg,82185,yucC,1,pra
pwg,82186,yuj,41,aDi|anu|aByanu|paryanu|samanu|apa|aBi|pratyaBi|A|upA|samupA|vyA|samA|aBisamA|ud|samud|upa|vyupa|samupa|ni|anuni|upani|vini|saMni|nis|vinis|pra|atipra|anupra|aBipra|pratipra|vipra|saMpra|prati|vi|sam|anusam|aBisam|upasam|pratisam|visam
pwg,82233,yuD,11,anu|aBi|A|prA|ud|ni|pra|saMpra|prati|sam|pratisam
pwg,82252,yup,2,A|sam
pwg,82366,yez,1,nis
pwg,82848,rakz,12,aDi|anu|aBi|ava|A|upa|pari|saMpari|pra|prati|vi|sam
pwg,82999,rac,3,A|upa|vi
pwg,83005,raj,11,anu|apa|aBi|samaBi|ud|upa|prati|vi|sam|anusam|aBisam
pwg,83092,raw,2,A|pari
pwg,83494,rad,2,pra|vi
pwg,83506,raD,3,upa|ni|pari
pwg,83511,ran,2,ni|vi
pwg,83534,rap,4,A|pari|pra|prati
pwg,83536,rapS,1,vi
pwg,83542,raB,19,aBi|A|anvA|vyanvA|samanvA|aByA|samupA|prA|pratyA|vyA|samA|anusamA|upasamA|pari|saMpari|sam|anusam|aBisam|prati
pwg,83556,ram,20,ati|anu|apa|aBi|ava|upAva|A|upA|vyupA|samA|ud|upa|vyupa|ni|pari|pra|prati|vi|pravi|sam
pwg,83584,ramb,2,ava|A
pwg,83587,ramB,1,upa
pwg,83704,ras,4,anu|aBi|A|vi
pwg,83873,rah,1,vi
pwg,83892,rA,2,vyati|sam
pwg,83894,rA,1,aBi
pwg,83977,rAj,14,ati|anu|aBi|upa|nis|pari|prati|vi|ativi|aDivi|anuvi|aBivi|saMvi|sam
pwg,84433,rAD,13,anu|apa|aBi|ava|A|upA|samA|upa|pra|prati|vi|sam|aBisam
pwg,84683,rAs,1,pari
pwg,84723,ri,7,anu|A|ni|nis|pra|vi|sam
pwg,84750,riK,1,A
pwg,84758,ric,11,ati|atyati|vyati|anu|aBi|A|ud|samud|ni|pra|vi
pwg,84766,rip,1,api
pwg,84777,riP,2,ava|A
pwg,84778,riB,2,aBi|vi
pwg,84795,riS,2,A|vi
pwg,84799,riz,3,anu|aBi|A
pwg,84816,rih,4,A|pari|prati|sam
pwg,84835,ru,7,anu|aBi|A|upa|prati|vi|sam
pwg,84873,ruc,16,ati|anu|aBi|ava|A|ud|upa|nis|pari|pra|saMpra|prati|vi|ativi|aBivi|sam
pwg,84911,ruj,9,ava|A|samA|ud|samupa|pari|pra|vi|sam
pwg,84934,rud,6,anu|aBi|ava|upA|pra|vi
pwg,85041,ruD,4,ava|ud|pra|vi
pwg,85042,ruD,28,anu|apa|vyapa|aBi|ava|paryava|pratyava|samava|A|samA|ud|upa|pratyupa|samupa|ni|upani|saMni|pari|pra|saMpra|prati|vi|prativi|sam|atisam|aBisam|upasam|pratisam
pwg,85085,ruz,5,aBi|A|saMpra|vi|sam
pwg,85093,ruh,47,ati|vyati|aDi|anvaDi|upADi|samaDi|anu|vyapa|api|samapi|aBi|samaBi|ava|aDyava|anvava|aByava|upAva|pratyava|aBipratyava|vyava|A|atyA|aDyA|anvA|upAnvA|samanvA|aByA|avA|udA|upA|samupA|paryA|prA|pratyA|samA|anusamA|aBisamA|upa|ni|nis|pra|anupra|aBipra|prati|vi|sam|upasam
pwg,85110,rUkzay,1,vi
pwg,85148,rUpay,3,ni|pra|vi
pwg,85183,rUz,1,sam
pwg,85207,rej,2,pra|sam
pwg,85641,lakzay,11,ati|aBi|A|upA|samA|upa|aByupa|samupa|saMprati|vi|sam
pwg,85715,lag,7,anu|ava|A|samA|pari|vi|sam
pwg,85874,laNG,11,ati|aBi|ava|ud|samud|pari|prati|vi|ativi|saMvi|sam
pwg,85886,lajj,3,aDi|vi|sam
pwg,85971,lap,11,anu|apa|aBi|A|samA|ud|pra|vipra|vi|pravi|sam
pwg,85996,laB,18,anu|aBi|A|anvA|upA|pratyA|samA|ud|upa|pratyupa|samupa|pari|pra|vipra|prati|vi|pravi|sam
pwg,86010,lamb,15,ava|samava|A|aDyA|apA|vyA|samA|ud|samud|pari|pra|aBipra|prati|vi|pravi
pwg,86045,lal,4,upA|ud|upa|sam
pwg,86156,laz,5,apa|aBi|samaBi|A|pari
pwg,86163,las,8,anu|aBi|ud|prod|samud|pari|vi|pravi
pwg,86354,liK,17,apa|aBi|ava|A|vyA|samA|ud|prod|samud|upa|nis|vinis|pari|pra|prati|vi|sam
pwg,86381,liNgay,1,ud
pwg,86404,lip,12,anu|aBi|ava|A|samA|upa|paryupa|ni|pari|pra|vi|sam
pwg,86437,lih,11,ava|A|pratyA|ud|nis|pari|pra|prati|vi|sam|parisam
pwg,86440,lI,23,anu|apa|aBi|ava|vyava|samava|A|pratyA|ud|upa|ni|apani|aBini|saMni|pra|vipra|saMpra|prati|vi|anuvi|aBivi|pravi|sam
pwg,86488,luYc,4,ava|A|ud|vi
pwg,86494,luW,6,ud|nis|parinis|pari|pra|vi
pwg,86495,luW,1,nis
pwg,86499,luq,10,A|vyA|samA|nis|pari|vipra|prati|vi|ativi|sam
pwg,86500,luRw,2,nis|vi
pwg,86504,luRW,4,ava|ud|nis|vi
pwg,86517,lup,17,apa|aBi|ava|anvava|A|vyA|ud|samud|ni|pari|vipari|pra|vipra|saMpra|vi|pravi|sam
pwg,86526,luB,13,anu|aBi|ava|A|upa|pari|pra|upapra|vipra|saMpra|prati|vi|sam
pwg,86530,lul,5,aBi|A|ud|vi|sam
pwg,86539,lU,10,vyati|aBi|A|nyA|vyA|ud|nis|pra|vipra|vi
pwg,86635,lok,10,aBi|ava|samava|A|samA|ud|pari|vi|pravi|sam
pwg,86785,loc,7,A|anvA|avA|paryA|samA|ud|nis
pwg,87302,vac,22,acCa|ati|aDi|anu|aByanu|apa|aBi|A|ud|upa|ni|nis|parA|pari|pra|anupra|paripra|pratipra|saMpra|prati|vi|sam
pwg,87492,vaYc,9,acCa|anu|aBi|A|ud|upa|nis|pari|sam
pwg,87647,vad,36,acCa|ati|aByati|aDi|anu|aByanu|apa|aBi|pratyaBi|samaBi|ava|vyava|A|samA|ud|pratyud|upa|pratyupa|ni|nis|aBinis|parA|aBiparA|pari|pra|anupra|upapra|vipra|saMpra|prati|vi|sam|upasam|parisam|pratisam|visam
pwg,87675,vaD,13,apa|aBi|samaBi|A|aByA|ud|upa|ni|nis|parA|pra|prati|vi
pwg,87736,van,6,api|aBi|A|ni|pra|sam
pwg,87964,vand,6,anu|aBi|pari|pra|prati|sam
pwg,88003,vap,2,pari|pra
pwg,88004,vap,31,aDi|anu|apa|api|aBi|A|aDyA|anvA|paryA|pratyA|vyA|samA|ud|upa|ni|upani|pariRi|saMni|nis|anunis|aBinis|parinis|pratinis|saMnis|parA|pari|pra|aBipra|prati|vi|sam
pwg,88042,vam,6,aBi|A|ud|nis|vinis|parA
pwg,88101,var,28,anu|apa|api|aBi|A|apA|upA|samupA|paryA|prA|vyA|samA|ud|ni|upani|pratini|vini|saMni|nis|pari|aBipari|saMpari|pra|prati|vi|sam|aBisam|samaBisam
pwg,88102,var,11,apa|aBi|A|vyA|ud|nis|pari|pra|prati|vi|sam
pwg,88405,varj,25,aDi|anu|apa|vyapa|samapa|api|aBi|ava|A|apA|prA|vyA|parivyA|samA|ud|ni|anuni|parA|pari|saMpari|pra|anupra|prati|vi|sam
pwg,88455,varRay,10,anu|samanu|aBi|vyA|upa|ni|nis|vinis|pra|sam
pwg,88503,vart,78,acCa|ati|aByati|vyati|samati|aDi|anu|samanu|apa|vyapa|samapa|api|aBi|samaBi|ava|aByava|nyava|samava|A|anvA|apA|aByA|udA|upA|aByupA|paryupA|nyA|paryA|anuparyA|apaparyA|aBiparyA|upaparyA|pratiparyA|viparyA|prA|pratyA|vyA|samA|aBisamA|upasamA|ud|samud|upa|samupa|ni|anuni|aBini|upani|aByupani|parini|pratini|vini|saMni|nis|aBinis|upanis|vinis|parA|pari|anupari|vipari|saMpari|pra|atipra|anupra|aBipra|upapra|paripra|pratipra|saMpra|aBisaMpra|prati|vi|ativi|anuvi|sam|aDisam|aBisam
pwg,88549,varD,20,ati|aDi|anu|aBi|samaBi|A|ud|ni|pari|pra|aBipra|pratipra|saMpra|prati|vi|aBivi|pravi|saMvi|sam|aBisam
pwg,88611,varz,15,ati|anu|aBi|samaBi|ava|A|ud|nis|pari|pra|aBipra|saMpra|prati|vi|sam
pwg,88697,val,3,A|vi|sam
pwg,88767,valg,7,aBi|A|vyA|parA|pra|vi|sam
pwg,88834,valh,2,upa|pra
pwg,88839,vaS,2,aBi|samA
pwg,88913,vas,5,aDi|apa|vi|aBivi|parivi
pwg,88914,vas,13,aDi|anu|aBi|upa|ni|pratini|saMni|pari|pra|prati|vi|sam|aBisam
pwg,88916,vas,29,aDi|anu|samanu|antar|aBi|A|aDyA|udA|upA|samA|ud|paryud|samud|upa|samupa|ni|aDini|saMni|nis|pari|pra|apapra|vipra|prati|vi|nirvi|sam|aDisam|aBisam
pwg,88918,vas,1,anu
pwg,88919,vas,5,ud|ni|nis|pari|pra
pwg,89199,vah,37,ati|vyati|samati|aDi|anu|apa|pratyapa|vyapa|aBi|A|anvA|aByA|udA|samudA|upA|nirA|samA|ud|prod|samud|upa|samupa|ni|pariRi|praRi|nis|parA|pari|pra|atipra|anupra|aBipra|prati|vi|nirvi|sam|anusam
pwg,89277,vA,19,ati|anu|apa|aBi|ava|A|ud|anUd|upa|pariRi|nis|anunis|parinis|parA|pra|vi|anuvi|sam|anusam
pwg,89278,vA,8,ati|aBi|ud|upa|nis|pra|atipra|vi
pwg,89279,vA,2,aByA|upa
pwg,89280,vA,13,apa|A|samA|ud|upa|nis|pari|pra|atipra|anupra|saMpra|vi|sam
pwg,89523,vAjay,1,upa
pwg,89582,vAYC,4,aBi|samaBi|sam|aBisam
pwg,90523,vAS,8,anu|pratyanu|aBi|ud|ni|pra|prati|sam
pwg,90578,vAsay,5,aDi|anu|aBi|A|sam
pwg,90701,vAh,1,pra
pwg,91083,viGnay,1,sam
pwg,91096,vic,5,apa|aTyapa|pra|vi|pravi
pwg,91216,vij,10,aBi|A|samA|ud|paryud|prod|samud|pra|vi|sam
pwg,91581,vid,22,anu|samanu|aBi|vyava|A|samA|ni|atini|vini|saMni|nis|pari|pra|anupra|pratipra|prati|saMprati|vi|sam|anusam|aBisam|pratisam
pwg,91583,vid,13,aDi|anu|aBi|A|upa|nis|parinis|pari|pra|prati|vi|sam|aBisam
pwg,91835,viD,1,upa
pwg,92152,vip,8,ud|pari|pra|aBipra|saMpra|vi|pravi|sam
pwg,93196,viS,48,aDi|anu|apa|aBi|A|anvA|aByA|upA|samupA|nyA|nirA|prA|vyA|samA|upa|aDyupa|anUpa|aByupa|upopa|samupopa|paryupa|pratyupa|vyupa|samupa|ni|aDini|aBini|pratyaBini|upani|pariRi|praRi|pratini|vini|saMni|aBisaMni|nis|pari|pra|anupra|aBipra|pratipra|saMpra|vi|anuvi|sam|anusam|aBisam|upasam
pwg,93713,viz,7,A|upa|ni|nis|pari|pra|sam
pwg,94345,vI,10,ati|apa|aBi|ava|A|upA|upa|ni|pra|prati
pwg,94347,vI,5,apa|aBi|A|ud|pra
pwg,94349,vI,1,A
pwg,94370,vIj,7,anu|aBi|A|ud|upa|pari|sam
pwg,95090,vfzAy,2,A|ud
pwg,95452,ven,3,anu|apa|vi
pwg,95474,vel,1,ud
pwg,95487,vell,3,anu|ud|vi
pwg,95554,vezw,18,anu|apa|aBi|A|samA|ud|upa|ni|upani|nis|pari|saMpari|pra|saMpra|prati|vi|sam|pratisam
pwg,96220,vyac,2,ud|sam
pwg,96268,vyaT,5,pari|pra|saMpra|vi|sam
pwg,96281,vyaD,24,ati|vyati|anu|apa|vyapa|aBi|ava|A|upA|vyA|samA|ud|upa|ni|aDini|nis|parA|pari|pra|atipra|vipra|prati|vi|sam
pwg,96461,vyA,13,aDi|apa|api|aBi|ava|A|ud|upa|ni|pari|sam|anusam|upasam
pwg,96768,vyUh,1,prati
pwg,96821,vraj,26,ati|vyati|anu|samanu|apa|aBi|A|udA|pratyudA|upA|pratyA|samA|ud|pratyud|upa|pratyupa|nis|pari|pra|anupra|aBipra|vipra|prati|sam|anusam|upasam
pwg,96864,vraRay,1,nis
pwg,96901,vratay,1,upa
pwg,96929,vraSc,9,api|ava|A|ni|nis|pari|pra|vi|sam
pwg,96986,vlI,4,aBi|nis|pra|sam
pwg,97001,SaMs,22,ati|aDi|anu|aBi|ava|A|udA|upA|pratyA|samA|ud|nis|parA|pra|atipra|samatipra|aBipra|prati|vi|aBivi|sam|upasam
pwg,97013,Sak,5,anu|pari|pra|prati|sam
pwg,97014,Sak,2,A|upa
pwg,97244,SaNk,11,ati|vyati|aBi|A|upA|upa|pari|prati|vi|aBivi|sam
pwg,97434,Sat,7,apa|ava|ni|parA|pra|vi|sam
pwg,97732,Sad,4,vyava|A|pari|pra
pwg,97760,Sap,6,anu|aBi|ava|pari|prati|sam
pwg,97843,Sabday,5,anu|aBi|pari|vi|sam
pwg,97899,Sam,16,anu|aBi|ava|samava|upa|aByupa|vyupa|samupa|ni|praRi|pari|pra|anupra|saMpra|prati|sam
pwg,97901,Sam,8,ni|anuni|samanuni|aBini|upani|praRi|vini|saMni
pwg,98029,Sar,16,vyati|anu|api|ava|A|ni|nis|parA|pari|pra|prati|vi|aBivi|nirvi|pravi|sam
pwg,98205,SarD,2,pra|atipra
pwg,98206,SarD,2,ava|vi
pwg,98258,Sal,3,ud|prod|samud
pwg,98354,SaS,1,ud
pwg,98457,Sas,6,api|aBi|A|pari|pra|vi
pwg,98509,SA,3,ava|A|ni
pwg,98510,SA,4,ati|ni|sam|visam
pwg,99142,SAs,13,anu|aByanu|samanu|aBi|A|saMprA|ud|ni|nis|pra|saMpra|prati|sam
pwg,99221,Sikz,5,anu|aBi|A|upa|sam
pwg,99222,Sikz,4,A|upa|prati|vi
pwg,99302,SiNG,2,ud|upa
pwg,99308,SiYj,4,A|pari|vi|sam
pwg,99812,Siz,12,ati|apa|ava|paryava|samava|ud|nis|pari|vi|pravi|prativi|sam
pwg,99827,SI,4,ati|aBi|ava|nis
pwg,99828,SI,18,ati|vyati|aDi|samaDi|anu|aBi|A|anvA|pratyA|ud|upa|ni|nis|pari|pra|prati|vi|sam
pwg,100050,SIlay,4,ati|anu|pari|sam
pwg,100213,Suc,12,anu|samanu|apa|aBi|A|ud|ni|nis|pari|pra|anupra|sam
pwg,100350,SuD,7,pari|pra|aBipra|vi|pravi|sam|parisam
pwg,100384,SuB,1,pra
pwg,100386,SuB,11,ati|anu|aBi|samaBi|upa|ni|pari|pra|prati|vi|sam
pwg,100516,Suz,10,anu|ava|ud|samud|upa|pari|pra|prati|vi|sam
pwg,100518,Suz,1,A
pwg,101272,Scut,6,aBi|ava|vyava|A|ni|pra
pwg,101276,SnaT,4,apa|aBi|ni|parini
pwg,101312,SyA,10,aBi|samaBi|ava|samava|A|pra|prati|sam|aBisam|avasam
pwg,101414,SraR,1,vi
pwg,101416,SraT,6,anu|ana|ud|ni|pra|vi
pwg,101446,Sram,8,A|upa|ni|pari|saMpari|vi|parivi|sam
pwg,101467,SramB,6,ni|pra|vi|ativi|upavi|prativi
pwg,101501,Sravasy,1,A
pwg,101517,SrA,3,aDi|A|ni
pwg,101574,Sri,43,aDi|pratyaDi|samaDi|anu|apa|aByapa|aBi|ava|upAva|A|anvA|apA|vyapA|saMvyapA|upA|samupA|pratyA|vyA|samA|pratisamA|ud|aByud|prod|pratyud|samud|upa|ni|aBini|upani|upanis|vinis|parA|pari|saMpari|pra|upapra|saMpra|prati|vi|sam|aBisam|upasam|pratisam
pwg,101589,Sriz,3,aBi|A|sam
pwg,101592,SrI,3,aBi|A|sam
pwg,101797,Sru,17,anu|aBi|A|pratyA|samA|upa|samupa|pari|pra|atipra|prati|saMprati|vi|aBivi|sam|aBisam|pratisam
pwg,101798,Sru,4,A|pra|vi|sam
pwg,102014,SlakzRay,1,sam
pwg,102019,SlaT,2,A|vi
pwg,102029,SlAG,1,sam
pwg,102040,Sliz,11,A|upA|samA|upa|ni|pra|vi|pravi|sam|aBisam|upasam
pwg,102076,Slokay,2,upa|sam
pwg,102102,SvaYc,1,ud
pwg,102166,Svas,26,anu|apa|aBi|ava|A|paryA|prA|pratyA|samA|ud|prod|samud|upa|ni|vini|nis|atinis|vinis|parA|pra|aBipra|prati|vi|ativi|aBivi|parivi
pwg,102183,SvA,4,ud|pra|vi|sam
pwg,102224,Svit,2,ava|vi
pwg,102712,zWiv,9,aBi|ava|ni|aBini|avani|vini|nis|pra|prati
pwg,102721,zvazk,1,pari
pwg,103700,sac,10,anu|apa|aBi|A|upa|ni|pra|prati|vi|sam
pwg,103843,saYj,25,ati|vyati|anu|aBi|ava|A|aDyA|aByA|upA|nirA|pratyA|vyA|samA|ud|upa|ni|pari|pra|anupra|saMpra|prati|vi|aDivi|aBivi|sam
pwg,103889,saMjYita,2,aBisaMjYita|AsaMjYita
pwg,104247,sad,43,anu|aBi|ava|pratyava|vyava|samava|A|atyA|aDyA|aByA|upA|nyA|pratyA|samA|ud|aByud|upod|prod|pratyud|vyud|samud|upa|aByupa|samupa|ni|aDini|aBini|upani|parini|vini|saMni|pari|pra|atipra|anupra|aBipra|upapra|saMpra|prati|vi|anuvi|pravi|sam
pwg,104496,san,4,aBi|A|pra|sam
pwg,104716,saMDay,4,ati|anu|aBi|prati
pwg,104890,sap,1,aBi
pwg,104930,sapary,1,vi
pwg,105185,saBAjay,1,aDi
pwg,106410,sar,53,acCA|ati|vyati|anu|atyanu|aByanu|vyanu|apa|vyapa|api|aBi|atyaBi|ava|aByava|samava|A|atyA|apA|pratyA|vyA|ud|anUd|prod|samud|upa|aByupa|pratyupa|samupa|ni|nis|aBinis|samaBinis|vinis|anuvinis|parA|upaparA|pari|pra|atipra|anupra|aBipra|upapra|vipra|saMpra|prati|viprati|vi|anuvi|pravi|sam|anusam|aBisam|upasam
pwg,106567,sarj,2,ud|aByud
pwg,106569,sarj,52,ati|aByati|samati|anu|aByanu|apa|vyapa|api|aBi|ava|atyava|anvava|aByava|upAva|nyava|pratyava|vyava|samava|A|aDyA|upA|samA|ud|anUd|aByud|paryud|vyud|samud|upa|nirupa|ni|pratini|saMni|nis|aBinis|pratinis|vinis|parA|pari|pra|prati|vi|anuvi|aBivi|udvi|prativi|saMvi|sam|anusam|upasam|parisam|pratisam
pwg,106590,sarp,45,ati|vyati|aDi|samaDi|anu|samanu|apa|pratyapa|vyapa|aBi|samaBi|ava|anvava|upAva|paryava|pratyava|vyava|A|udA|upodA|ud|upod|prod|vyud|samud|upa|samupa|vini|nis|aBinis|vinis|pari|pra|anupra|aBipra|pratipra|vipra|saMpra|prati|vi|anuvi|sam|anusam|upasam|visam
pwg,107420,sas,1,vi
pwg,107462,sah,14,aBi|ud|aByud|prod|samud|ni|nis|pari|pra|aBipra|saMpra|prati|vi|sam
pwg,107857,sA,22,aBi|ava|aDyava|anvava|udava|aByudava|upAva|nirava|paryava|prAva|pratyava|vyava|anuvyava|saMvyava|samava|ni|pariRi|praRi|pari|pra|vi|saM
pwg,108179,sAD,6,anu|upa|pari|pra|saMpra|sam
pwg,108327,sAntvay,3,aBi|upa|pari
pwg,109003,si,6,ati|A|ud|pra|si|pra
pwg,109138,sic,33,anvati|vyati|anu|apa|aBi|anvaBi|samaBi|ava|A|anvA|aByA|avA|aBiparyA|vyA|samA|aBisamA|ud|aByud|upod|prod|samud|upa|ni|saMni|nis|parA|pari|pra|saMpra|prati|vi|anuvi|sam
pwg,109440,siD,18,anu|apa|aBi|ava|A|vyA|ud|samud|upa|ni|nis|parA|pari|pra|prati|viprati|saMprati|vi
pwg,109441,siD,5,anu|aBi|pra|saMpra|sam
pwg,109668,sIv,10,anu|aBi|A|ud|ni|pari|pra|prati|vi|sam
pwg,109679,su,11,aDi|aBi|A|ud|ni|nis|pari|pra|vi|sam|aBisam
pwg,109680,su,14,anu|apa|aBi|A|ud|ni|nis|parA|pari|pra|aDipra|aBipra|pratipra|vi
pwg,109682,su,7,nis|pra|anupra|aBipra|saMpra|vi|sam
pwg,112094,sUcay,4,aBi|upa|pra|sam
pwg,112214,sUtray,1,A
pwg,112232,sUd,5,aBi|ni|vini|saMni|pra
pwg,112655,sev,18,ati|vyati|anu|aBi|A|pratyA|samA|upa|aByupa|samupa|ni|upani|parini|saMni|pari|prati|vi|sam
pwg,113425,skand,18,ati|aDi|anu|aBi|pratyaBi|ava|aByava|paryava|pratyava|samava|A|samA|ud|pari|pra|aBipra|vi|sam
pwg,113490,skaB,7,apa|aBi|A|upa|ni|prati|vi
pwg,113505,sku,4,ava|A|nis|prati
pwg,113507,skuB,1,vi
pwg,113514,sKal,6,apa|pari|pra|prati|vi|sam
pwg,113519,stan,6,aBi|nis|aBinis|vinis|pra|vi
pwg,113579,staB,21,anu|apa|aBi|ava|paryava|samava|ud|pratyud|upa|samupa|ni|parA|pari|pra|prati|vi|anuvi|sam|aBisam|parisam|pratisam
pwg,113615,star,24,anu|aBi|ava|samava|A|upA|prA|pratyA|samA|upa|ni|nis|pari|pra|anupra|aBipra|upapra|vi|ativi|anuvi|pravi|sam|aBisam|parisam
pwg,113665,stu,17,ati|anu|aBi|samaBi|A|upa|ni|nizwavan|pari|pra|aBipra|saMpra|prati|vi|sam|aBisam|parisam
pwg,113688,stuB,9,anu|aBi|vyava|A|pari|pra|prati|vi|sam
pwg,113754,styA,3,ni|pra|sam
pwg,113928,sTA,73,ati|vyati|aDi|samaDi|anu|samanu|antar|apa|api|aBi|samaBi|ava|anvava|aByava|paryava|pratyava|vyava|samava|A|anvA|apA|udA|upA|samupA|prA|pratyA|vyA|anuvyA|samA|ud|aDyud|anUd|aByud|samaByud|upod|paryud|prod|pratyud|vyud|samud|upa|anUpa|aByupa|paryupa|pratyupa|samupa|ni|parini|nis|parinis|pari|pra|atipra|anupra|aBipra|pratyaBipra|pratipra|vipra|saMpra|prati|anuprati|saMprati|vi|anuvi|aBivi|upavi|sam|anusam|aBisam|upasam|parisam|pratisam|visam
pwg,114231,snA,10,apa|aBi|ava|A|ud|ni|pra|prati|vi|sam
pwg,114291,snih,4,aBi|upa|pra|sam
pwg,114295,snu,2,pra|avapra
pwg,114339,spand,8,A|upa|ni|aBini|pari|pra|vi|sam
pwg,114345,spar,5,apa|ava|A|nis|vi
pwg,114351,sparD,6,aDi|pari|pra|prati|vi|sam
pwg,114357,sparS,16,aDi|anu|apa|aBi|A|ud|upa|paryupa|pratyupa|samupa|ni|pari|sam|anusam|aBisam|parisam
pwg,114391,sparh,1,sam
pwg,114392,spaS,3,prati|vi|sam
pwg,114408,spUrD,1,pra
pwg,114447,sPar,3,ni|pari|vi
pwg,114450,sPal,4,A|samud|vi|sam
pwg,114463,sPAy,2,A|sam
pwg,114485,sPuw,5,A|pari|pra|vi|sam
pwg,114506,sPur,11,anu|apa|vyapa|ava|ni|nis|pari|pra|prati|vi|sam
pwg,114512,sPul,1,vi
pwg,114521,sPUrj,3,aBi|ava|vi
pwg,114561,smar,13,anu|pratyanu|samanu|apa|upa|vini|pra|prati|vi|sam|anusam|aBisam|pratisam
pwg,114612,smi,11,aBi|ava|ud|aByud|ku|upa|pari|pra|vi|anuvi|sam
pwg,114658,syad,20,acCa|ati|anu|aBi|samaBi|ava|aByava|A|upA|ni|aBini|nis|pari|pra|paripra|vi|anuvi|aBivi|sam|anusam
pwg,114704,sraMs,10,ati|aBi|ava|vyava|A|pari|pra|vi|anuvi|sam
pwg,114765,sru,21,ati|samati|aDi|aBi|ava|anvava|vyava|A|upa|ni|nis|anuparA|pari|anupari|pra|aBipra|avapra|saMpra|vi|sam|aBisam
pwg,114872,svaj,8,aBi|ni|pari|aBipari|saMpari|vi|sam|aBisam
pwg,114908,svad,4,A|samA|prati|sam
pwg,114959,svan,10,aDi|anu|ava|A|ni|nis|pari|pra|prati|vi
pwg,114981,svap,11,anu|ava|dus|ni|nis|pra|aBipra|saMpra|prati|vi|sam
pwg,115159,svar,12,ati|anu|samanu|aBi|ava|upa|ni|nis|pari|pra|sam|aBisam
pwg,115160,svar,2,pratyA|prati
pwg,115773,svid,5,A|upa|pari|pra|sam
pwg,115986,had,1,upa
pwg,115989,han,57,ati|vyati|anu|antar|apa|vyapa|api|aBi|ava|aDyava|anvava|pratyava|A|apA|aByA|udA|upA|pratyA|vyA|prativyA|samA|ud|upod|samud|upa|samupa|ni|aBini|upani|pariRi|praRi|pratini|vini|saMni|nis|atinis|aDinis|parinis|vinis|parA|pari|aBipari|pra|aBipra|nipra|vipra|prati|saMprati|vi|anuvi|Avi|pravi|prativi|sam|aBisam|pratisam|visam
pwg,116085,har,89,ati|pratyati|vyati|aDi|anu|apa|vyapa|aBi|pratyaBi|samaBi|ava|anvava|aByava|upAva|aByupAva|pratyava|vyava|saMvyava|samava|A|aDyA|anvA|apA|vyapA|apyA|aByA|udA|aByudA|upodA|pratyudA|samudA|upA|aByupA|pratyupA|samupA|upanyA|paryA|pratiparyA|pratyA|vyA|anuvyA|apavyA|aBivyA|samaBivyA|anusamaBivyA|pravyA|samA|anusamA|aBisamA|upasamA|ud|aDyud|anUd|apod|aByud|samaByud|upod|prod|pratyud|vyud|samud|upa|pratyupa|samupa|ni|nis|vinis|parA|pratiparA|pari|anupari|aBipari|vipari|saMpari|pra|anupra|pratipra|saMpra|prati|vi|aBivi|parivi|saMpravi|saMvi|sam|anusam|upasam|samupasam|pratisam
pwg,116086,har,1,aBi
pwg,116381,hary,5,aBi|A|pra|prati|vi
pwg,116395,harz,17,anu|aBi|samaBi|ava|A|ud|prod|samud|ni|pari|saMpari|pra|saMpra|prati|sam|parisam|pratisam
pwg,116549,has,16,ati|vyati|apa|aBi|vyaBi|ava|vyava|samava|ud|upa|pari|pra|saMpra|prati|vi|saMvi
pwg,116718,hA,23,ati|anu|apa|aBi|ud|atyud|anUd|aByud|prod|pratyud|samud|upa|ni|nis|anunis|parA|pra|atipra|aBipra|vi|sam|parisam|pratisam
pwg,116719,hA,20,apa|vyapa|ava|vyava|samava|A|apA|samud|upa|ni|nis|pari|pra|vipra|saMpra|prati|vi|pravi|prativi|sam
pwg,116886,hi,10,apa|A|pari|pra|anupra|aBipra|upapra|pratipra|saMpra|sam
pwg,116888,hiMs,6,vyati|A|upa|ni|prati|vi
pwg,116934,hiRq,1,pari
pwg,117209,hIq,2,ava|vi
pwg,117242,hu,12,aDi|apa|aBi|ava|A|ud|aByud|upa|nis|pra|prati|sam
pwg,117248,huMkar,1,anu
pwg,117322,hUrC,2,anu|vi
pwg,117651,hez,2,aBi|prati
pwg,117794,hnu,9,apa|api|ni|atini|apani|aBini|vini|pari|vi
pwg,117814,hras,4,apa|nis|pra|prati
pwg,117841,hrAd,5,anu|ni|nis|pra|sam
pwg,117859,hrI,1,sam
pwg,117876,hru,4,aBi|vyA|pari|vi
pwg,117897,hlAd,3,A|pra|sam
pwg,117913,hvar,10,aBi|ava|A|upa|samupa|pari|pra|prati|vi|sam
pwg,117917,hval,4,pari|pra|vi|saMvi
pwg,117919,hvA,27,ati|anu|api|aBi|prABi|ava|A|anvA|aByA|upA|paryA|pratyA|vyA|samA|ud|upa|paryupa|pratyupa|samupa|ni|nis|pari|pra|pratipra|prati|vi|sam
pwg,118037,ac,5,anu|A|ud|samud|ni
pwg,118058,aYcay,1,samud
pwg,118158,an,1,aBipra
pwg,118521,ar,1,sam
pwg,118553,arTay,1,samaBi
pwg,118576,av,2,anu|sam
pwg,118640,aS,1,samupa
pwg,118657,as,4,vyatyanu|apa|pari|sam
pwg,118658,as,8,aBi|samaBi|udvyud|nis|pari|vipari|saMpari|upasam
pwg,118771,Ap,5,ava|pra|saMparipra|sam|parisam
pwg,118881,As,1,upa
pwg,118907,i,13,ati|aBi|ava|samava|A|ud|aByud|prod|samud|aByupa|apaparA|saMprati|vi
pwg,118931,iz,2,A|prati
pwg,118938,Ikz,2,parA|sam
pwg,118941,Ir,1,sam
pwg,118997,ud,1,ni
pwg,119176,Uh,2,prativi|sam
pwg,119177,Uh,3,anu|aBi|vyA
pwg,119329,kar,6,apa|aBi|pra|vipra|vi|sam
pwg,119331,kar,3,ud|pra|vi
pwg,119359,karz,2,upa|prati
pwg,119362,kal,2,upa|pra
pwg,119491,kuc,1,sam
pwg,119545,kuz,1,aBinis
pwg,119634,kram,4,aByati|nis|sam|upasam
pwg,119664,kzip,2,pra|vi
pwg,119669,kzud,1,vi
pwg,119689,KaRqay,1,A
pwg,119706,Kid,1,pari
pwg,119718,KyA,1,sam
pwg,119742,gam,8,A|upA|ud|upa|ni|vini|vinis|sam
pwg,119750,garj,1,pari
pwg,119778,gAh,2,aByava|prati
pwg,119832,graT,1,vi
pwg,119835,graB,6,samanu|upa|pari|prati|vi|apisam
pwg,119851,Gaww,1,sam
pwg,119912,car,5,A|ud|upa|sam|visam
pwg,119940,ci,2,vi|sam
pwg,119941,ci,1,vinis
pwg,119974,Cid,1,pra
pwg,120030,ji,1,sam
pwg,120055,jval,1,pra
pwg,120091,tan,1,vi
pwg,120103,tar,1,vi
pwg,120226,dar,1,vi
pwg,120242,dA,3,aByA|upA|vyA
pwg,120380,dru,2,samava|vipra
pwg,120410,Dam,2,ava|vi
pwg,120411,Dar,5,A|ni|pari|pra|saMpra
pwg,120417,Darz,1,upa
pwg,120421,DA,8,aByupa|vipari|vi|anuvi|prativi|sam|upasam|visam
pwg,120436,DI,2,anu|pra
pwg,120442,DU,1,vinis
pwg,120460,DvaMs,1,ud
pwg,120478,nam,4,apa|ava|pari|vipari
pwg,120485,nart,1,prati
pwg,120651,nI,3,pari|atipra|sam
pwg,120662,nu,1,prati
pwg,120663,nud,1,vi
pwg,120704,pat,1,vipari
pwg,120719,pad,9,samaBi|paryava|prod|samupa|vinis|prati|viprati|vi|upasam
pwg,120733,par,1,ni
pwg,120734,par,1,vyA
pwg,120943,puz,1,sam
pwg,120956,pUj,1,saMprati
pwg,121223,banD,3,anu|ud|ni
pwg,121233,barh,1,vi
pwg,121295,buD,2,pra|sam
pwg,121326,BaYj,1,vi
pwg,121336,Bar,2,ni|pra
pwg,121351,BA,1,pra
pwg,121374,BAz,2,aBi|vi
pwg,121383,Bid,2,pra|vi
pwg,121386,Buj,1,pra
pwg,121391,BU,5,paryA|pra|anupra|saMvi|sam
pwg,121445,maT,1,pari
pwg,121499,marj,2,pra|vi
pwg,121500,mard,1,saMvi
pwg,121503,marz,1,sam
pwg,121548,mA,1,sam
pwg,121592,mi,1,pra
pwg,121602,miz,1,ni
pwg,121616,muc,1,aBi
pwg,121624,muz,1,sam
pwg,121659,yaj,1,anupra
pwg,121662,yat,1,anvA
pwg,121686,yam,2,samud|sam
pwg,121695,yas,1,saMpra
pwg,121697,yA,3,samA|nis|vi
pwg,121711,yu,1,sam
pwg,121712,yu,1,vi
pwg,121718,yuj,6,aBi|A|vyA|paryupa|saMni|pra
pwg,121738,rakz,2,samaBi|A
pwg,121787,ruc,1,prati
pwg,121793,ruD,1,vi
pwg,121795,ruh,1,A
pwg,121829,lap,1,saMpra
pwg,121831,lamb,2,vi|pravi
pwg,121853,luW,1,nis
pwg,121905,vad,1,pra
pwg,121922,var,4,A|apA|prA|sam
pwg,121943,vart,4,ati|upani|aBinis|pra
pwg,121947,varD,2,ud|saMvi
pwg,121963,vaS,1,A
pwg,121967,vas,2,apa|vi
pwg,121969,vas,3,aDi|ni|vi
pwg,121979,vah,5,ati|ud|saMpra|vi|saMvi
pwg,121982,vA,2,upa|sam
pwg,122074,vid,1,ni
pwg,122075,vid,2,aDi|pra
pwg,122127,viS,4,aBini|nis|aBipra|sam
pwg,122155,vI,1,pra
pwg,122230,vyaD,4,apa|A|ud|sam
pwg,122257,SaMs,1,aBi
pwg,122282,Sam,1,anuni
pwg,122292,Sar,2,pravi|sam
pwg,122351,SI,1,ati
pwg,122428,zWiv,2,ni|nis
pwg,122468,saYj,3,ud|pra|sam
pwg,122482,sad,2,ud|samud
pwg,122557,sah,1,prati
pwg,122569,sA,1,vyava
pwg,122672,skand,1,A
pwg,122685,sTA,4,anu|aBi|samava|pratyud
pwg,122696,sparh,1,ni
pwg,122726,han,4,anu|antar|A|upod
pwg,122727,har,1,vyud
wil,2,a,1,a
wil,597,aYca,5,pra|prati|ut|ava|parA
wil,619,awa,1,pari
wil,645,aRa,1,pra
wil,1437,anu,1,anukarttuM
wil,3039,aya,1,prati
wil,3493,alam,1,alaYjIvikaH
wil,3594,ava,2,avagantuM|avamaH
wil,4195,aSa,1,pra
wil,4449,asa,10,anu|apa|ni|nir|pari|pra|vi|vi|sama|sama
wil,5485,Apa,6,vi|aBi|pari|saM|upa|saM
wil,6028,Asa,6,aDi|aBi|ut|upa|nir|pra
wil,6163,i,12,ut|aBi|ati|anu|aBi|apa|aBi|upa|nir|prati|vi|sama
wil,6403,iza,3,aBi|prati|anu
wil,6443,I,1,ut
wil,6444,Ikza,12,apa|aBi|ava|ut|upa|nir|pari|pra|vi|prati|sama|prati
wil,6466,Ira,3,ut|pra|sam
wil,6525,Iha,1,sam
wil,6615,ucCa,1,pra
wil,6665,uYJa,1,pra
wil,7667,ubja,1,ni
wil,7860,uha,1,vi
wil,7953,Uha,3,pra|vi|sam
wil,7987,fja,1,a
wil,8354,olaqa,1,laqi
wil,8582,kawa,1,pra
wil,8657,kaWa,1,ud
wil,8940,kapa,1,anu
wil,9267,karRa,1,AN
wil,9482,kala,4,AN|pari|vi|sama
wil,9706,kasa,1,vi
wil,10309,kASa,2,nir|pra
wil,10574,kuca,2,ut|vi
wil,10769,kupa,1,pra
wil,10905,kula,2,AN|vi
wil,11079,kuza,2,ava|nir
wil,11168,kUja,1,pari
wil,11243,kf,21,ati|aDi|anu|apa|AN|ut|ud|upa|upa|tiras|dur|nir|pari|para|pra|prati|prati|vi|vi|sama|su
wil,11458,kfza,6,apa|ava|AN|ut|sama|sama
wil,11553,kF,7,apa|ava|AN|prati|vi|sama|aBi
wil,11953,krama,14,ati|anu|aBi|apa|AN|ut|upa|nir|para|pra|pari|vi|vi|sam
wil,12034,krI,1,vi
wil,12035,krIqa,4,anu|ava|AN|pari
wil,12059,kruSa,4,anu|AN|upa|pra
wil,12266,kzara,2,saM|A
wil,12337,kzipa,10,aDi|ava|AN|ut|ni|pra|vi|vi|sama|sam
wil,12922,KyA,8,aBi|A|vi|su|ku|prati|sam|saM
wil,13244,gama,19,anu|AN|aDi|apa|ava|ut|upa|upa|dur|ni|nir|pari|pari|prati|vi|sam|sama|sama|su
wil,13369,gala,2,ava|vi
wil,13516,gAha,2,ava|vi
wil,13897,gF,2,nir|sam
wil,13910,gE,2,ud|vi
wil,14159,granTa,1,ud
wil,14185,graha,9,anu|ava|ut|upa|ni|pari|prati|vi|sam
wil,14332,Gawwa,2,pari|vi
wil,14467,Guza,1,AN
wil,14691,catur,1,priyacatur
wil,14807,cama,2,AN|vi
wil,14838,cara,12,ati|aBi|anu|AN|ut|upa|pari|pra|vi|sam|sama|vi
wil,14938,cala,1,pra
wil,15083,ci,4,apa|upa|nir|vi
wil,15866,japa,1,upa
wil,16280,ji,1,vi
wil,16386,jIva,3,AN|upa|saM
wil,16521,jYA,10,anu|apa|ava|upa|pari|pra|prati|prati|vi|sam
wil,16760,qaba,1,vi
wil,16787,qI,6,ava|ut|pari|pra|sam|sam
wil,16819,Rama,3,ava|pra|ut
wil,16825,Raha,1,saBa
wil,16835,RI,18,kroDamvinayate|gaRqaM vinayati|anu|apa|aBi|AN|ut|upa|dur|nir|pari|pra|vi|vi|vi|sam|sam|sama
wil,16838,Ru,1,AN
wil,16839,Ruda,4,apa|nir|vi|saM
wil,16845,taka,1,vi
wil,16853,takza,1,sam
wil,17020,tapa,3,ut|anu|pari
wil,17852,tF,8,ava|AN|ut|dur|nir|pra|vi|sam
wil,18296,tviza,1,ava
wil,18669,daSa,2,upa|sam
wil,18752,dA,4,AN|pra|vi|sama
wil,19039,diSa,12,apa|AN|ud|upa|nir|pra|prati|vi|vi|sam|sam|sama
wil,19385,duza,1,pra
wil,19544,dfSa,1,ut
wil,19989,dru,8,anu|aBi|AN|upa|pra|vi|sam|sam
wil,20521,DA,21,anu|api|aBi|aBi|ava|AN|upa|upa|ni|pari|pra|pra|prati|vi|vi|sama|sama|prati|sama|sama|upa
wil,20617,DAva,6,anu|aBi|AN|pari|vi|sam
wil,20641,DI,1,antar
wil,20688,DU,3,ava|nir|vi
wil,20761,Df,1,apa
wil,21009,nada,4,vi|AN|aBi|prati
wil,22921,pawa,2,ut|vi
wil,23013,pata,13,ati|aBi|AN|ut|ni|nir|pari|pra|vi|sam|sam|sam|sam
wil,23124,pada,14,aBi|anu|AN|ut|upa|upa|pra|pra|prati|vi|vi|vi|sam|sam
wil,23384,parA,1,parAkrama
wil,23458,pari,1,parikarttuM
wil,25199,puza,1,pari
wil,25304,pUja,1,sam
wil,27366,plu,2,ut|vi
wil,27599,banDa,4,AN|anu|ni|sama
wil,27932,buDa,2,prati|prati
wil,28162,Baja,2,vi|pra
wil,28182,BaRa,1,prati
wil,28378,BA,2,AN|pra
wil,28518,BAsa,1,pra
wil,28669,BU,11,aDi|anu|aBi|ut|parA|pra|prati|pari|vi|vi|saM
wil,28960,Brama,3,pari|vi|sam
wil,29221,matra,2,AN|ni
wil,29255,mada,1,ni
wil,29446,mana,4,anu|aBi|ava|sama
wil,30183,mAna,1,apa
wil,30523,muca,2,pra|vi
wil,30700,mUla,1,ud
wil,30801,mfja,1,apa
wil,30885,mfSa,2,parA|vi
wil,30886,mfza,2,AN|vi
wil,31110,mluca,1,aBi
wil,31195,yata,1,nir
wil,31283,yama,7,ni|ut|vi|sam|AN|sam|upa
wil,31364,yasa,2,AN|nir
wil,31368,yA,10,anu|aBi|AN|upa|nir|pra|prati|prati|sama|sama
wil,31496,yuja,11,anu|aBi|ut|upa|ni|pra|vi|vi|vi|sam|sam
wil,31723,rakza,1,pari
wil,31806,raYja,2,anu|apa
wil,31937,raBa,1,pari
wil,31939,rama,3,AN|upa|upa
wil,32048,raha,1,vi
wil,32082,rAja,1,nir
wil,32249,rADa,2,apa|AN
wil,32340,rica,2,ati|vi
wil,32414,ruda,1,upa
wil,32433,ruDa,5,aBi|ava|upa|prati|sam
wil,32455,ruha,5,aDi|aDi|ava|AN|pra
wil,32466,rUpa,1,ni
wil,32659,lakza,2,upa|sam
wil,32688,laGa,1,ut
wil,32778,lapa,8,anu|apa|AN|pra|prati|vi|vi|sama
wil,32781,laba,3,ava|AN|vi
wil,32792,laBa,2,upa|upa
wil,32862,lasa,2,ut|vi
wil,32947,liga,1,AN
wil,32985,lI,2,AN|pra
wil,33027,luBa,1,pra
wil,33119,loca,1,AN
wil,33347,vaca,1,pra
wil,33461,vada,12,anu|apa|aBi|upa|nir|pari|pra|prati|vi|vi|vi|sama
wil,33980,vasa,5,aDi|upa|ni|pra|sam
wil,34122,vA,1,nir
wil,35063,vida,5,ni|sam|ni|prati|pari
wil,35838,viSa,9,AN|upa|ni|ni|nir|pari|sama|sam|sam
wil,36288,vI,1,sam
wil,36408,vf,7,apa|AN|ni|pari|vi|sam|sam
wil,36458,vfja,1,apa
wil,36466,vfta,13,ati|anu|apa|AN|ni|ni|pari|pra|prati|vi|vi|vi|sama
wil,37346,vraja,1,pari
wil,37412,SaMsa,3,aBi|AN|pra
wil,37419,Saka,1,AN
wil,37684,Sabda,2,pra|prati
wil,37706,Sama,3,upa|ni|pra
wil,37937,Sasa,1,aBi
wil,38184,SAsa,1,AN
wil,38878,SF,1,vi
wil,39170,Sri,5,AN|apa|ut|vi|apa
wil,39229,Sru,2,prati|vi
wil,39366,Svasa,4,AN|ut|nir|vi
wil,39455,zaYja,3,ava|vi|AN
wil,39499,zada,9,AN|ava|AN|ut|upa|ni|pra|vi|sam
wil,39527,zaha,3,ut|pra|vi
wil,39538,zi,3,aDi|vi|vi
wil,39539,zica,1,aBi
wil,39542,ziDa,2,ni|pra
wil,39547,zu,2,aBi|pra
wil,39602,zWA,18,aDi|anu|ava|AN|ut|upa|ni|pari|pra|pra|prati|vi|vi|sam|sama|sama|sama|pra
wil,39616,zmi,1,vi
wil,42675,sf,7,anu|apa|aBi|upa|nir|pra|vi
wil,42682,sfja,2,ut|sam
wil,42693,sfpa,2,apa|upa
wil,42918,skanda,1,ava
wil,43018,stf,1,vi
wil,43320,spfSa,1,upa
wil,43456,smf,1,vi
wil,43471,syanda,1,anu
wil,43599,svana,1,vi
wil,43827,svf,1,sam
wil,43911,hana,8,aBi|AN|ni|pra|prati|vi|sam|Gan
wil,44370,hf,33,anu|apa|aBi|aBi|aBi|aBi|vi|ava|ut|ud|upa|upa|ni|nir|nir|pari|pra|prati|prati|prati|vi|vi|vi|sam|sam|sam|aBi|vi|sam|ut|sam|sam|vi
wil,44515,hnu,1,apa
wil,44578,hve,4,upa|ni|vi|AN
