dict,L,k1,kind,target
ae,6113,lecture,cf,paropadeSe pAMqityaM
ae,10814,unite,cf,bahUnAmapyasArARAM saMhatiH kAryasADikA
ap,30,aMhriH,cf,aNGri
ap,224.020,agastyodayaH,cf,prasasAdodayAdamBaH
ap,268.002,aGam,cf,aMhoduHKavyasanezvaGam
ap,303,aNg,cf,aNk
ap,394.002,ajaH,cf,candramA
ap,1010,aDara,cf,ambara
ap,1051,aDikzip,cf,aDikzipadabjanetra
ap,1204,aDyavasAyaH,cf,prativizayADyavasAyo
ap,1370.002,anarTaH,cf,CidrezvanarTA
ap,1370.020,anarTAntaram,cf,AramBo
ap,1634,anIkaH,cf,anIkastu
ap,2131,anuvfttiH,cf,vAcAnuvfttiH
ap,2261.002,anuhAryaH,cf,anvAhArya
ap,2286,anUzara,cf,uttama
ap,2298.050,anekapaH,cf,dvipa
ap,2380,anduH,cf,nUpura
ap,2400,annaMBawwaH,cf,kASIgamanamAtreRa
ap,2401,anya,cf,itara
ap,2553,apaGanaH,cf,aNga
ap,2588,apaWa,cf,apaca
ap,2742,aparihvfta,cf,aparihvftASca
ap,2828,apaScima,cf,uttama
ap,3011,aputrikA,cf,akftA
ap,3461,aBiniDAnam,cf,avagraha
ap,3524,aBipre,cf,aBipreta
ap,3583,aBimarSaH,cf,AtmAnaM
ap,3745,aBizikta,cf,mUrDABizikta
ap,3768.020,aBizyandiramaRam,cf,SAKAnagaram
ap,3785,aBisatvan,cf,aBivIra
ap,3855,aBihAraH,cf,aBihAro'Biyoge
ap,3897,aBukta,cf,pIta
ap,4144.004,amarA,cf,amarAvatI
ap,4219,amUdfS,cf,anyAdfSa
ap,4299,ayana,cf,sAyana
ap,4323.086,ayaHSUlam,cf,AyaHSUlika
ap,4406,aram,cf,alam
ap,4465.034,arizwapuram,cf,arizwASritapuram
ap,4516.086,arkabanDuH,cf,SudDodano
ap,4564.040,arTAgamaH,cf,arTAgamo
ap,4577,ard,cf,ardeH
ap,4661,alam,cf,Ala
ap,4972.002,avatIrRam,cf,padmAvatIrRapUrRA
ap,5349,avasAyin,cf,antyAvasAyin
ap,5751.002,avyApAraH,cf,avyApArezu
ap,5820.004,aSuciH,cf,vESAKe
ap,5850.032,aSmaganDA,cf,aSvaganDA
ap,5923.166,azwavargaH,cf,jIvakarzaBakO
ap,6295.002,ahatam,cf,aprahata
ap,6382,AkASaH,cf,SrutivizayaguRA
ap,6382,AkASaH,cf,AkASaBAzitam
ap,6487,AKuH,cf,potrimUzikayorAKuH
ap,6621,AcAryAnI,cf,AcAryAnI
ap,6697,AYjalikyam,cf,AYjAnikyam
ap,6713,AQakika,cf,Acitika
ap,6780.084,AtmajA,cf,nagAtmajA
ap,6881.020,AhitAgni,cf,agnyAhita
ap,6954,AnamaH,cf,durAnama
ap,6970,AnayaH,cf,upanaya
ap,6972,AnAyin,cf,jAlamAnAyavfndayoH
ap,7141,ApracC,cf,ApfcCa
ap,7154.020,Aplavavratin,cf,snAtaka
ap,7370,AyAsaH,cf,anAyAsa
ap,7402.006,ArA,cf,ara
ap,7423,AramBaH,cf,AramBasya
ap,7589.004,AliH,cf,Avali
ap,7604,Alimpanam,cf,AdIpana
ap,7684,AvAlam,cf,AlavAlam
ap,7803,ASis,cf,ASI
ap,7834,ASramaH,cf,sa
ap,7834.036,ASramalakzaRam,cf,meKalAjinadaRqena
ap,7896.002,AsaNgaH,cf,uttarAsaNga
ap,8033.002,Ahutam,cf,paYcamahAyajYa
ap,8087.068,ikzumehaH,cf,maDumeha
ap,8095,iNg,cf,iNgya
ap,8098.002,iNgitam,cf,iNgitaM
ap,8137,itihAsaH,cf,AryAdibahuvyAKyAnaM
ap,8171.076,induvratam,cf,cAndrAyaRa
ap,8196.026,iBAnanaH,cf,gajAnana
ap,8211,iraRam,cf,iriRa
ap,8263,izwiH,cf,upasaMKyAna
ap,8285.034,ihalokaH,cf,Sreyo
ap,8288,IH,cf,IrISvaro
ap,8314,Int,cf,ata
ap,8381.022,ukzataraH,cf,vatsatara
ap,8433,uccayaH,cf,Siloccaya
ap,8486,ucCvAsaH,cf,aDyAya
ap,8492,ujjayanI,cf,avanti
ap,8654,uttaMsaH,cf,karRottaMsa
ap,8670.022,uttamADama,cf,BakzayitvA
ap,8801,utPulla,cf,uttAna
ap,8856.002,utsarpiRI,cf,avasarpiRI
ap,8870.102,udakavAdyam,cf,jalataraNga
ap,8870.106,udakaSAntiH,cf,SAntyudakam
ap,8897.050,udapAnaH,cf,kUpamaRqUka
ap,8911.042,udarapozaRam,cf,udaraMBari
ap,9004,udgE,cf,udgAtf
ap,9245,udvartanam,cf,sAyaRa
ap,9245,udvartanam,cf,udvftta
ap,9465,upagrahaH,cf,kriyate
ap,9477,upacakzus,cf,upanetram
ap,9564.002,upadA,cf,AtaScopasarge
ap,9564.002,upadA,cf,prIRayitvopadABiH
ap,9822,uparavaH,cf,pIWapAdacatuzwayAkAro
ap,9827,uparizwAt,cf,uparyuparizwAn
ap,9892.002,upoQA,cf,vAvAtA
ap,9992,upasaMKyAnam,cf,izwi
ap,10028.002,upasaraH,cf,upasaro
ap,10125,upAkaraRam,cf,upAkarman
ap,10126,upAkarman,cf,SrAvaRI
ap,10310,urRanABaH,cf,UrRanABa
ap,10333,ulUkaH,cf,kaTamulUkaSabda
ap,10341,ulUluDvaniH,cf,uccErulUluDvanimuccacAra
ap,10348,ullaH,cf,ulliH
ap,10422,uzA,cf,uKA
ap,10475,Urjita,cf,bARAkzarEreva
ap,10483.174,UrDvasrotas,cf,UrDvaretas
ap,10517.002,UhinI,cf,akzOhiRI
ap,10520,f,cf,kimaBIrurarAryase
ap,10543,fj,cf,arj
ap,10563.002,fRam,cf,jAyamAno
ap,10606,fllarI,cf,JallarI
ap,10628,x,cf,xrmlecCo
ap,10632.069,ekArTaH,cf,ekArTanAmamAlA
ap,10632.138,ekakuRqalaH,cf,ekakuRqala
ap,10632.208,ekatAlaH,cf,tOryatrikam
ap,10632.320,ekapari,cf,akzapari
ap,10666.022,eqamUka,cf,aneqamUka
ap,10680,etarhi,cf,idAnIm
ap,10686,ediDizuHpatiH,cf,agrediDizuH
ap,11209,kawaMkawerI,cf,dAruharidrA
ap,11263,kaq,cf,kaRq
ap,11357,katamAlaH,cf,KatamAla
ap,11403,kanana,cf,kARa
ap,11419,kanerA,cf,kaRerA
ap,11427,kandawwam,cf,kandowa
ap,11485.032,kapolaBittiH,cf,gaRqaBitti
ap,11537.114,karapIqanam,cf,pARipIqana
ap,11598.024,karkarAnDukaH,cf,anDakUpa
ap,11630,karRewiriwirA,cf,karRecuracurA
ap,11667.080,karmakzetram,cf,karmaBUmi
ap,11667.134,karmapravacanIyaH,cf,upasarga
ap,11667.168,karmaSIla,cf,karmaSIlastu
ap,11756.002,kalpaH,cf,kalpadruma
ap,11756.042,kalpalatA,cf,kalpataru
ap,11783.022,kavacahara,cf,varmahara
ap,11808.022,kavyavAh,cf,kavyavAhanaH
ap,11839,kasaH,cf,kaza
ap,11860.072,kAkaDvajaH,cf,Orva
ap,11882,kAgaH,cf,kAka
ap,11891,kAcana,cf,kacela
ap,11919.040,kARqapfzWaH,cf,kARqaspfzWaH
ap,11942,kAdambaH,cf,kAdambamArgaRaSarAH
ap,11958.020,kAntANGridohadaH,cf,kAntAcaraRadohadaH
ap,11989,kAmaH,cf,arTa
ap,12120,kArzRiH,cf,aBimanyu
ap,12177.006,kASmIram,cf,kastUrikAM
ap,12306,kIrtiH,cf,KaqgAdipraBavA
ap,12331.028,kukkuwamaRqapaH,cf,muktimaRqapa
ap,12355,kuYj,cf,kUj
ap,12394,kuwwihArikA,cf,kuwahArikA
ap,12398,kuWaH,cf,kuwa
ap,12415,kuqI,cf,kuwI
ap,12434.028,kuRqagolam,cf,paradArezu
ap,12503,kupyam,cf,syAt
ap,12530.050,kumBamaRqUkaH,cf,kUpamaRqUka
ap,12563,kururI,cf,kurarI
ap,12757,kf,cf,tfRIkf
ap,12790.002,kftrimaH,cf,kftrimaH
ap,12831.024,kfzwapacya,cf,akfzwapacya
ap,12834.002,kfzRaH,cf,bahiriva
ap,12834.026,kfzRADvan,cf,kfzRavartman
ap,12834.080,kfzRatAlu,cf,SAlihotra
ap,12851.002,kekaram,cf,Akekara
ap,12862,kedara,cf,kekara
ap,12987,koraH,cf,koraka
ap,13035,kOwavI,cf,kowwavI
ap,13045,kORqinyaH,cf,takrakORqinyanyAya
ap,13047.026,kOtukodayam,cf,utsava
ap,13069,kOmudI,cf,candrikA
ap,13167.002,krItakaH,cf,krIta
ap,13280.026,kzatrapatiH,cf,Catrapati
ap,13280.028,kzatrabanDuH,cf,brahmabanDu
ap,13325,kzArayati,cf,Akzar
ap,13444.020,kzullatAtaH,cf,Kulla
ap,13453.002,kzemaH,cf,yogakzema
ap,13513,KawakaH,cf,Gawaka
ap,13533.039,KaqgapatraH,cf,asipatra
ap,13534,KaqgArIwaH,cf,asiDArA
ap,13766.002,gaRanA,cf,kaTA
ap,13813.194,ganDahArikA,cf,ganDakArikA
ap,13844.002,gamakaH,cf,svarotTAnaprakArastu
ap,13851.020,gamBIravedin,cf,cirakAlena
ap,13910,galaH,cf,ajAgalastana
ap,13910.052,galahastaH,cf,arDacandra
ap,13991,gADa,cf,agADa
ap,14008,gAmBIryam,cf,BISokakroDaharzAdyEH
ap,14050,gir,cf,girDIH
ap,14077,guYjaH,cf,gucCa
ap,14085,guqa,cf,guqAkeSaH
ap,14097.142,guRamuzwiH,cf,patAkA
ap,14167,gulaH,cf,guqa
ap,14220,gfBam,cf,gfham
ap,14245,gez,cf,gavez
ap,14268,go,cf,caradgava
ap,14268.424,gosAvitrI,cf,gAyatrI
ap,14290.006,golaH,cf,kuRqa
ap,14420.044,GawadAsI,cf,kumBadAsI
ap,14635,caRqAla,cf,karmacARqAla
ap,14677,candrikA,cf,kOmudI
ap,14684,capala,cf,cApala
ap,14748,carpawaH,cf,capewa
ap,14777,calukaH,cf,culuka
ap,14888,ci,cf,cAy
ap,14889,cayaH,cf,agnicaya
ap,14992,cillakA,cf,JillikA
ap,15110.002,cUlA,cf,cUqA
ap,15413,jaB,cf,yaB
ap,15417,jampatI,cf,dampatI
ap,15466.098,jalocCvAsaH,cf,parIvAha
ap,15497.020,jahallakzaRA,cf,ajahatsvArTA
ap,15633.024,jinayoniH,cf,ajinayoni
ap,15687,juwikA,cf,cUqA
ap,15779,jYAnam,cf,jYAnayoga
ap,15903,JF,cf,jF
ap,16090.065,tadguRaH,cf,atadguRasaMvijYAna
ap,16113,tanu,cf,tanvaNgI
ap,16118.044,tanUhradaH,cf,tanuhrada
ap,16132,tantrA,cf,tandrA
ap,16273,talit,cf,taqit
ap,16500,tIk,cf,wIk
ap,16549,tuRqila,cf,tundila
ap,16602.048,tulApuruzaH,cf,tulAdAna
ap,16723,tara,cf,dustara
ap,16776,tElaMpAtA,cf,SyEnaMpAtA
ap,16810,tman,cf,Atman
ap,16848.177,tridaSaH,cf,indragopa
ap,16886,trEvargika,cf,trivarga
ap,16978,dakziRIkf,cf,pradakziRa
ap,16987.116,daRqapraRAmaH,cf,sAzwANganamaskAra
ap,17160,dAnam,cf,kanyAdAna
ap,17266,dAsaH,cf,gupta
ap,17305.066,divyaratnam,cf,cintAmaRi
ap,17413,dozaH,cf,dozA
ap,17464,dfQayati,cf,draQayati
ap,17482,dfmPU,cf,dfnPU
ap,17495.030,dfkkzepaH,cf,dfgjyA
ap,17504.022,dfzwAntaH,cf,dizwAnta
ap,17517.286,devamAtfka,cf,vitanvati
ap,17517.400,devasuziH,cf,udAna
ap,17663,dyu,cf,adyu
ap,17683.042,dyUtamaRqalam,cf,dyUtakaramaRqalI
ap,17684,dyUna,cf,paridyUna
ap,17770,drE,cf,drA
ap,17799.088,dvijaH,cf,brahmabanDu
ap,17799.198,dviraH,cf,dvirePa
ap,17832,dvEtam,cf,advEta
ap,17834,dvEtIyIka,cf,tArtIMyIka
ap,17847,dvEmAtfka,cf,devamAtfka
ap,17867.044,Danozman,cf,arTozman
ap,17881,Danus,cf,Danvan
ap,17890,Danvantaram,cf,daRqa
ap,17891,DanvantariH,cf,caturdaSaratna
ap,17918.056,DarmAstikAyaH,cf,astikAya
ap,18005,Di,cf,saMDA
ap,18053,DuvakA,cf,DruvakA
ap,18054,Duvitram,cf,Davitra
ap,18143,DOritakam,cf,DOrita
ap,18146,DOryam,cf,DoraRam
ap,18202,DvaR,cf,Dvan
ap,18205,Dvananam,cf,aYjana
ap,18275.002,natam,cf,natatawe
ap,18285.052,nadImAtfka,cf,devamAtfka
ap,18319.068,naBolih,cf,aBraMliha
ap,18324.002,naByam,cf,nABi
ap,18350.058,narakeSarin,cf,narasiMha
ap,18350.071,naranArAyaRO,cf,sTAne
ap,18437.006,nAgarI,cf,devanAgarI
ap,18438.004,nAgarakaH,cf,nAgarikapraRiDiH
ap,18516,nAyikA,cf,anyastrI
ap,18728,niculaH,cf,nicola
ap,18754,nid,cf,nind
ap,18768,nidfS,cf,nidarSanA
ap,18780,niDA,cf,niDyE
ap,18923,nir,cf,a
ap,19155,nirvyUQiH,cf,niryUha
ap,19200,nivedyam,cf,nEvedya
ap,19225,nivyUQam,cf,nirvyUQa
ap,19264,niSrayaRI,cf,niHSrayaRI
ap,19267,niSvAsaH,cf,niHSvAsa
ap,19275,nizaRRa,cf,vizaRRa
ap,19283.004,nizaDaH,cf,nizAda
ap,19317,nizkuhaH,cf,nizkuwa
ap,19319,nizkAraRam,cf,nikAraRa
ap,19329,nizkramaH,cf,upanizkramaRa
ap,19379,nis,cf,dus
ap,19383.002,nisUdanam,cf,nizUdana
ap,19419,nihrAdaH,cf,nirhrAda
ap,19482.028,nfkesarin,cf,narasiMha
ap,19482.084,nfsiMhaH,cf,narasiMha
ap,19645,nyAsaH,cf,arTAntaranyAsa
ap,19673,pakzaH,cf,pUrvapakza
ap,19673,pakzaH,cf,hasta
ap,19698,paNktiH,cf,paNktipAvana
ap,19717.020,pacataBfjjatA,cf,KAdatamodatA
ap,19732.031,paYcAjam,cf,paYcagavya
ap,19732.048,paYcAvasTaH,cf,paYcatva
ap,19732.050,paYcAvikam,cf,paYcagavya
ap,19732.241,paYcaBujaH,cf,paYcakoRa
ap,19732.296,paYcavargaH,cf,mahAyajYa
ap,19732.338,paYcaSuklam,cf,triSuklam
ap,19749,paYcAlikA,cf,pAYcAlikA
ap,19762,pawaccaraH,cf,pAwaccara
ap,19772.020,pawikzepaH,cf,apawIkzepa
ap,19776,pawu,cf,aGawitaGawanApawIyasI
ap,19847,patAkaH,cf,tripatAka
ap,19887.078,padakramaH,cf,krama
ap,19914,pan,cf,paR
ap,19929.056,payovrataH,cf,aditipayovratam
ap,19945.098,paramahaMsaH,cf,kuwIcaka
ap,20017,parAvasuH,cf,parABava
ap,20041,pari,cf,akzapari
ap,20048,parikartf,cf,parivettf
ap,20258,paridAyin,cf,parivettf
ap,20640,parihAraH,cf,parigraha
ap,20709,paryaNkaH,cf,avasakTikA
ap,20784,paryuzita,cf,aparyuzita
ap,20798,parSuH,cf,paraSu
ap,20832,paliGaH,cf,pariGa
ap,20908,pAkalaH,cf,kUwapAkala
ap,21062.030,pAnIyaSAlA,cf,prapA
ap,21100,pArayati,cf,vaktuM
ap,21117.002,pAramitA,cf,dAnapAramitA
ap,21235.077,pArSvasTaH,cf,pAripArSvaka
ap,21379.002,piRqIraH,cf,qiRqIra
ap,21450,pizwapaH,cf,vizwapa
ap,21607.074,puruzapaSuH,cf,narapaSu
ap,21701.002,pUrakaH,cf,recaka
ap,21710.002,pUrtam,cf,izwapUrta
ap,21715.120,pUrvanipAtaH,cf,paranipAta
ap,21726,pUlaH,cf,pUladAnam
ap,21730,pUz,cf,puz
ap,21861,pEzwI,cf,gOqI
ap,21863.002,pogaRqaH,cf,apogaRqa
ap,21976,pyAna,cf,pIna
ap,22157,pracAraH,cf,aDyakzapracAraH
ap,22272,praRam,cf,daRqapraRAma
ap,22345.222,pratipakzita,cf,satpratipakza
ap,22663,pratizWA,cf,prARapratizWA
ap,22933,praTukaH,cf,pfTuka
ap,23211,pramARam,cf,anuBava
ap,23226,pramApaRam,cf,pramApaRanizRAtEH
ap,23267,pramlAna,cf,parimlAna
ap,23328,pralaB,cf,vipralaB
ap,23736,prahAsaH,cf,praBAsa
ap,23751,prahutaH,cf,ahutaM
ap,23937.042,prAptapaYcatva,cf,paYcatva
ap,24100.062,pretapakzaH,cf,pitfpakza
ap,24220,prozaDaH,cf,pozaDa
ap,24287,PaRikArAH,cf,karRikArAH
ap,24292,Param,cf,Palaka
ap,24299,Palakam,cf,tawa
ap,24299.022,Palakapuram,cf,Palapura
ap,24307,PalAyozit,cf,PaqiNgA
ap,24342,PiNgakaH,cf,kaliNga
ap,24356,PuliNgaH,cf,PiraNga
ap,24364.022,PeRASaniH,cf,namuci
ap,24415,banDana,cf,nibanDana
ap,24420,banDuH,cf,kzatrabanDu
ap,24431,banDUra,cf,banDura
ap,24490,baliH,cf,cirajIvin
ap,24530.040,bahUdakaH,cf,kuwIcaka
ap,24530.062,bahukramaH,cf,kama
ap,24561,bARaH,cf,uzA
ap,24561.060,bARavAraH,cf,vArabARaH
ap,24619.020,bAhAbAhavi,cf,bAhUbAhavi
ap,24773.026,boDapUrva,cf,aboDapUrva
ap,24789.197,brahmadEtyaH,cf,brahmagraha
ap,24789.392,brahmavedin,cf,brahmavid
ap,24789.430,brahmasAyujyam,cf,brahmaBUya
ap,24820,BaH,cf,aNga
ap,24894,BaRqaH,cf,Baqa
ap,24948.041,BartfvratA,cf,pativratA
ap,25007.056,BasmarogaH,cf,BasmAgni
ap,25028,BAgIraTI,cf,BAgIraTI
ap,25151.002,BikzukI,cf,BikzuRI
ap,25168.002,BinduH,cf,bindu
ap,25242,BUman,cf,puMBUman
ap,25245,BUmiH,cf,BUmikA
ap,25280,BfNgaH,cf,Bramara
ap,25287,Bfj,cf,Brasj
ap,25414.034,BrAtfdvitIyA,cf,yamadvitIyA
ap,25462,makuwam,cf,mukuwa
ap,25512,macarcikA,cf,udGaH
ap,25526,maYjariH,cf,maYjarIpiYjarita
ap,25554,maRiH,cf,ratna
ap,25592,matallikA,cf,udDaH
ap,25669.002,maDyamaH,cf,maDyamavyAyoga
ap,25684,manas,cf,kAma
ap,25684.088,manodaRqaH,cf,tridaRqin
ap,25706,manuH,cf,matsyAvatAra
ap,25708.024,manuzyakAraH,cf,puruzakAra
ap,25732.042,mandodarI,cf,ahalyA
ap,25775.002,mayaH,cf,tripura
ap,25809,maruttaH,cf,tadapyeza
ap,25926,mahaH,cf,mahas
ap,25943.730,mahAraTaH,cf,manoraTa
ap,25958,mahizI,cf,mAhizika
ap,25971,mAMsala,cf,aMsala
ap,26151.030,mArutavratam,cf,praviSya
ap,26168,mArj,cf,mfj
ap,26265.002,mitram,cf,maRqala
ap,26285,miTunecaraH,cf,dvandvacara
ap,26321,mIQa,cf,devamIQa
ap,26421.032,mudrAmArgaH,cf,brahmaranDra
ap,26513.002,mUrcCanam,cf,mUrcCA
ap,26549,mUzyAyaRa,cf,AmuzyAyaRa
ap,26588.052,mftyulokaH,cf,martyaloka
ap,26672,meruH,cf,dvIpa
ap,26857,yajus,cf,mantra
ap,26908.064,yamadvitIyA,cf,BrAtfdvitIyA
ap,26912,yamanikA,cf,javanikA
ap,26930,yavaH,cf,java
ap,26936,yavanikA,cf,javanikA
ap,26946.042,yaSaHSeza,cf,kIrtiSeza
ap,26992,yAtikaH,cf,yAtrika
ap,27029,yAmalam,cf,rudrayAmala
ap,27059,yukta,cf,yuktacetas
ap,27068,yugalakam,cf,yugma
ap,27127.168,yogaSAyin,cf,yoganidrA
ap,27156.002,yOktikaH,cf,narmasaciva
ap,27176,yvAgulI,cf,yavAgU
ap,27218,raNGas,cf,raMhas
ap,27261.054,raTakaraH,cf,yogAdrUQirbalIyasI
ap,27341.002,rasikaH,cf,arasika
ap,27345,rasonaH,cf,lasona
ap,27379.322,rAjavidyA,cf,rAjanaya
ap,27379.352,rAjasUyaH,cf,samrAw
ap,27395,rAjilaH,cf,quRquBa
ap,27413,rAtriMmanya,cf,rajaniMmanya
ap,27540,ruRw,cf,luRw
ap,27548.026,rudrAvAsaH,cf,pitfsadmagocaraH
ap,27553,ruD,cf,ruh
ap,27670,roDas,cf,tawa
ap,27723,lakuwaH,cf,laguqa
ap,27740,lakzya,cf,alakzya
ap,27770,laNgUlam,cf,lANgUla
ap,27776,laC,cf,lakz
ap,27778,lajj,cf,lasj
ap,27788,laYjaH,cf,kakzA
ap,27883,laS,cf,las
ap,27908,lAkzA,cf,alakta
ap,27914,lAGavam,cf,budDilAGava
ap,27932,lAq,cf,laq
ap,27993,liKyaH,cf,likzA
ap,27998,liNgam,cf,paYcakoza
ap,28035.052,lIlAkalahaH,cf,praRayakalaha
ap,28047,luw,cf,luW
ap,28084,luh,cf,luB
ap,28096,leKaH,cf,leKAkIrRa
ap,28326,vawuH,cf,bawu
ap,28352.004,vaRqA,cf,raRqA
ap,28385,vadya,cf,avadya
ap,28459.020,vaprABiGAtaH,cf,tawAGAta
ap,28620,varDApanam,cf,pUrRapAtra
ap,28631,varman,cf,dAsa
ap,28692,valkalaH,cf,cIraparigrahAH
ap,28717,vallaBAyitam,cf,puruzAyita
ap,28764,vasizWaH,cf,viSvAmitra
ap,28786.038,vastragranTiH,cf,nIvi
ap,28816.034,vahnigarBaH,cf,agnigarBa
ap,28821,vA,cf,ca
ap,28841.054,vAgguliH,cf,tAmbUlakaraNkavAhin
ap,28841.070,vAgdaRqaH,cf,tridaRqa
ap,28860,vAcya,cf,lakzya
ap,28860.002,vAcyam,cf,lakzya
ap,28883,vAq,cf,bAq
ap,28992.074,vAyuBakzaH,cf,pavanASana
ap,29006,vAralA,cf,varaRwA
ap,29091,vAsanA,cf,BAvanA
ap,29094.002,vAsitam,cf,vAsanA
ap,29098.002,vAsantaH,cf,malayasamIra
ap,29098.004,vAsantI,cf,vasantotsava
ap,29203,vikAlikA,cf,mAnaranDrA
ap,29220,vikAraH,cf,vikfti
ap,29247,vikramaH,cf,trivikrama
ap,29381,viciH,cf,vIci
ap,29560.002,viTurA,cf,viDurA
ap,29612,vidyA,cf,avidyA
ap,29648,viDA,cf,kf
ap,29713,vinAhaH,cf,vInAha
ap,29825.032,viparItaratam,cf,puruzAyita
ap,30096,viraRam,cf,vIraRa
ap,30247.020,vilomotpanna,cf,pratilomaja
ap,30281,vivAkaH,cf,prAqvivAka
ap,30296.002,vivfktA,cf,viviktA
ap,30317,viSam,cf,bisa
ap,30350.006,viSezakaH,cf,viSezokti
ap,30396.036,viSvakarman,cf,tvazwf
ap,30471,vizwapaH,cf,trivizwapa
ap,30505,visaMkawa,cf,viSaMkawa
ap,30666.028,vIrAsanam,cf,paryaNka
ap,30709,vft,cf,vAvft
ap,30747,vfzaBaH,cf,fzaBa
ap,30758.024,vfzwijIvana,cf,devamAtfka
ap,30789,veRuH,cf,triveRu
ap,30789.024,veRudalam,cf,veRuvEdala
ap,30851,velliH,cf,valli
ap,31103,vowA,cf,powA
ap,31134.020,vyaNgArTaH,cf,vyaNgaya
ap,31143,vyajanam,cf,bAlavyajana
ap,31240,vyaBicArin,cf,viBAva
ap,31244,vyaya,cf,avyaya
ap,31342,vyAqaH,cf,vyAla
ap,31355,vyADiH,cf,ADi
ap,31398,vyAyogaH,cf,maDyamavyAyoga
ap,31410,vyAvahArika,cf,prAtiBAsika
ap,31423,vyAsaH,cf,cirajIvin
ap,31495,vratika,cf,yajamAna
ap,31505,vrI,cf,vf
ap,31520,vlekz,cf,vekz
ap,31568.032,SakragopaH,cf,indragopa
ap,31571,SakrukaH,cf,sakrukaH
ap,31587.030,SaNKakzIram,cf,Kapuzpa
ap,31607.002,SaRqam,cf,zaRqa
ap,31634.026,SaniprasUH,cf,saMjYA
ap,31638,SantanuH,cf,BIzma
ap,31695,SaraH,cf,SarAgni
ap,31736,Sarman,cf,varman
ap,31739,SarmizWA,cf,devayAnI
ap,31755.022,SalAkApari,cf,pari
ap,31789,Sas,cf,SaMs
ap,31802.004,SAkawam,cf,SAkaSAkawa
ap,31833,SAkvaraH,cf,SAkkara
ap,31916,SAyakaH,cf,sAyaka
ap,31920,SAraNgaH,cf,sAraNga
ap,31921,SAraNgI,cf,sAraNgI
ap,31946,SArdUlaH,cf,kuYjara
ap,31953.032,SAlavezwaH,cf,sAlaH
ap,32015,SikTam,cf,sikTa
ap,32078.040,SiroDarA,cf,kambuSiroDiH
ap,32188.038,Sukladeha,cf,SuklavfttiH
ap,32219,SutudriH,cf,Satadru
ap,32299,SUlaH,cf,ayaHSUla
ap,32321.036,SfNgArasahAyaH,cf,narmasaciva
ap,32406.002,SoRaH,cf,lohita
ap,32466,SOryam,cf,AraBawI
ap,32492.002,SyAmakam,cf,SyAmAka
ap,32549.040,SrAdDamitraH,cf,SrAdDam
ap,32576,Sru,cf,Su
ap,32579,SrutiH,cf,karRa
ap,32582,SruvA,cf,sruvA
ap,32608,SrOzaw,cf,vazaw
ap,32634,SlIla,cf,aSlIla
ap,32645,SloR,cf,SroR
ap,32704,zaRqaH,cf,KaRqa
ap,32708.067,zaqguRam,cf,zANguRya
ap,32960,saMsftiH,cf,saMsAra
ap,32980.024,saMskArarahita,cf,vrAtya
ap,33473,saMtiH,cf,sati
ap,33623,sapatrAkaraRam,cf,nizpatrAkaraRa
ap,33665,saParaH,cf,SaPara
ap,34054.028,samudrAruH,cf,rAmasetu
ap,34119,saMpAtaH,cf,qIna
ap,34353.024,sarajam,cf,Saraja
ap,34368,saratniH,cf,rali
ap,34386.002,sarAvaH,cf,SarAva
ap,34392,sariram,cf,salila
ap,34421.164,sarvanAman,cf,suw
ap,34447,sallakA,cf,SallakI
ap,34482.004,savyam,cf,apasavya
ap,34579,sAkam,cf,SAka
ap,34602,sAgaraH,cf,sagara
ap,34619,sAMgamaH,cf,saMgama
ap,34758,sAmaYjasyam,cf,asamaYjasa
ap,34936.020,sAvitrIpatitaH,cf,vrAtya
ap,34977,siMhaH,cf,BavedvarRAgamAdDaMsaH
ap,35101,suw,cf,sarvanAmasTAna
ap,35117,sudi,cf,vadi
ap,35155,suziH,cf,Suzi
ap,35172.006,sUkzmam,cf,sAvadya
ap,35236.112,sUryavilokanam,cf,upanizkramaRam
ap,35306,senA,cf,devasenA
ap,35308,sePaH,cf,SePa
ap,35368.008,sotprAsam,cf,vyAjastuti
ap,35404.022,somAyanam,cf,cAndrAyaRa
ap,35404.136,somasutA,cf,somodBavA
ap,35445,sOtrAntikAH,cf,sOgata
ap,35455,sOnikaH,cf,SOnika
ap,35563.030,skanDacApaH,cf,Sikya
ap,35565,skanDikaH,cf,skanDavAha
ap,35585.046,stanatawaH,cf,tawa
ap,35620.002,stavakaH,cf,stabaka
ap,35723.026,sTAnAseDaH,cf,AseDa
ap,35732,sTApanam,cf,puMsavana
ap,35742.020,sTAyiBAvaH,cf,vyaBicAriBAva
ap,35799.002,snAtaH,cf,snAtaka
ap,36054.006,svaH,cf,Dana
ap,36078.002,svanitam,cf,stanita
ap,36111,svaSuraH,cf,SvaSura
ap,36196,haMsaH,cf,mAnasa
ap,36196,haMsaH,cf,kavihaMsa
ap,36218,haQakkaH,cf,QakkA
ap,36219,haRqA,cf,haYjA
ap,36299,halA,cf,haRqA
ap,36348,hahA,cf,hAhA
ap,36477,hI,cf,hi
ap,36478.004,hInA,cf,dInA
ap,36580,hevAkaH,cf,hevAkin
ap,36664,hriRIyA,cf,hraRIyA
ap90,29,aMhriH,cf,aMGri
ap90,269,aMg,cf,aMk
ap90,431,aMjanaH,cf,dAridryaM
ap90,1236,anarTa,cf,CidrezvanarTA
ap90,1243,analaH,cf,nAgnistfpyati
ap90,2031,anuhArya,cf,anvAhArya
ap90,2053,anUzara,cf,uttama
ap90,2056,anfc,cf,taTA'
ap90,2058,anfRa,cf,jAyamAno
ap90,2064,aneka,cf,dvipa
ap90,2142,aMduH,cf,nUpura
ap90,2161,anya,cf,itara
ap90,2334,apaWa,cf,apaca
ap90,2557,apaScima,cf,uttama
ap90,2722,aputrikA,cf,akftA
ap90,3136,aBiniDAnaM,cf,avagraha
ap90,3194,aBipre,cf,aBipreta
ap90,3421,aBizyaMdin,cf,SAKAnagaraM
ap90,3435,aBisatvan,cf,aBivIra
ap90,3541,aBukta,cf,pIta
ap90,3772,amara,cf,amarAvatI
ap90,3843,amUdfS,cf,anyAdfSa
ap90,3916,ayana,cf,sAyana
ap90,4016,araM,cf,alaM
ap90,4068,arizwa,cf,arizwASritapuraM
ap90,4231,alaM,cf,Ala
ap90,4634,avaMtiH,cf,ayoDyA
ap90,4885,avasAyin,cf,aMtyAvasAyin
ap90,5671,ahata,cf,aprahata
ap90,6036,AMjalikyaM,cf,AMjanikyaM
ap90,6051,AQakika,cf,Acitika
ap90,6115,Atman,cf,nagAtmajA
ap90,6214,Ahita,cf,agnyAhita
ap90,6285,AnamaH,cf,durAnama
ap90,6301,AnayaH,cf,upanaya
ap90,6465,AplavaH,cf,snAtaka
ap90,6542,Ama,cf,ravedyamAnajvaraM
ap90,6656,AyAsaH,cf,anAyAsa
ap90,6685,AraH,cf,ara
ap90,6852,Ali,cf,Avali
ap90,6867,AliMpanaM,cf,AdIpana
ap90,6934,AvAlaM,cf,AlavAlaM
ap90,7037,ASis,cf,ASI
ap90,7124,AsaMga,cf,uttarAsaMga
ap90,7245,Ahuta,cf,paMcayajYa
ap90,7297,ikzuH,cf,maDumeha
ap90,7303,iMg,cf,iMgya
ap90,7365,iMduH,cf,cAMdrAyaRa
ap90,7389,iBaH,cf,gajAnana
ap90,7404,iraRaM,cf,iriRa
ap90,7450,izwiH,cf,upasaMKyAna
ap90,7500,IMt,cf,at
ap90,7535,IzaH,cf,iza
ap90,7561,ukzan,cf,vatsatara
ap90,7607,uccayaH,cf,Siloccaya
ap90,7657,ucCvAsaH,cf,aDyAya
ap90,7663,ujjayanI,cf,avaMti
ap90,7807,uttaMsaH,cf,karRottaMsa
ap90,7939,utPulla,cf,uttAna
ap90,7995,udakaM,cf,SAMtyudakaM
ap90,8020,udan,cf,kUpamaMqUka
ap90,8111,udgE,cf,udgAtf
ap90,8126,udGaH,cf,matallikAmacarcikA
ap90,8513,upacakzus,cf,upanetraM
ap90,8949,upasaMKyAnaM,cf,izwi
ap90,9066,upAkaraRaM,cf,upAkarman
ap90,9067,upAkarman,cf,SrAvaRI
ap90,9227,urRanABaH,cf,UrRanABa
ap90,9326,uzA,cf,uKA
ap90,9378,UrDva,cf,UrDvaretas
ap90,9410,Uhin,cf,akzOhiRI
ap90,9435,fj,cf,arj
ap90,9518,eka,cf,tOryatrikaM
ap90,9518,eka,cf,akzapari
ap90,9546,eqa,cf,aneqamUka
ap90,9559,etarhi,cf,idAnIM
ap90,9565,ediDizuHpatiH,cf,agrediDizuH
ap90,9738,ozaDiH,cf,puzRAmi
ap90,10029,kawaMkawerI,cf,dAruharidrA
ap90,10072,kaq,cf,kaMq
ap90,10157,katamAlaH,cf,KatamAla
ap90,10200,kanana,cf,kARa
ap90,10213,kanerA,cf,kaRerA
ap90,10221,kaMdawwaM,cf,kaMdowa
ap90,10274,kapolaH,cf,gaMqamitti
ap90,10322,kara,cf,pARipIqana
ap90,10375,karkara,cf,aMDakUpa
ap90,10433,karman,cf,karmaBUmi
ap90,10517,kalpa,cf,kalpadruma
ap90,10517,kalpa,cf,kalpataru
ap90,10542,kavacaH,cf,varmahara
ap90,10576,kaSyapaH,cf,kaSyapastasya
ap90,10594,kasaH,cf,kaza
ap90,10628,kAgaH,cf,kAka
ap90,10637,kAcana,cf,kacela
ap90,10716,kAmaH,cf,arTa
ap90,11018,kuMj,cf,kUj
ap90,11055,kuwwihArikA,cf,kuwahArikA
ap90,11059,kuWaH,cf,kuwa
ap90,11076,kuqI,cf,kuwI
ap90,11168,kuMBaH,cf,kUpamaMqUka
ap90,11200,kururI,cf,kurarI
ap90,11373,kf,cf,tfRIkf
ap90,11440,kfzwa,cf,akfzwapacya
ap90,11443,kfzRa,cf,kfzRavartman
ap90,11459,kekara,cf,Akekara
ap90,11469,kedara,cf,kekara
ap90,11571,koraH,cf,koraka
ap90,11611,kOwavI,cf,kowwabI
ap90,11639,kOmudI,cf,caMdrikA
ap90,11725,krItaka,cf,krIta
ap90,11822,kzatraH,cf,brahmabaMDu
ap90,11862,kzArayati,cf,Akzar
ap90,11968,kzulla,cf,Kulla
ap90,11977,kzema,cf,yogakzema
ap90,12033,KawakaH,cf,Gawaka
ap90,12052,KaqgaH,cf,asipatra
ap90,12053,KaqgArIwaH,cf,asiDArA
ap90,12256,gaRanaM,cf,kaTA
ap90,12391,galaH,cf,ajAgalastana
ap90,12391,galaH,cf,arDacaMdra
ap90,12460,gADa,cf,agADa
ap90,12541,guMjaH,cf,gucCa
ap90,12624,gulaH,cf,guqa
ap90,12671,gfBaM,cf,gfhaM
ap90,12693,gez,cf,gavez
ap90,12713,go,cf,jaradgava
ap90,12731,golaH,cf,kuMqa
ap90,12850,GawaH,cf,kuMBadAsI
ap90,13049,caMqAla,cf,karmacAqAla
ap90,13088,caMdrikA,cf,kOmudI
ap90,13095,capala,cf,cApala
ap90,13153,carpawaH,cf,capewa
ap90,13179,calukaH,cf,culuka
ap90,13280,ci,cf,cAy
ap90,13281,cayaH,cf,agnicaya
ap90,13376,cillakA,cf,JillikA
ap90,13484,cUlaH,cf,cUqA
ap90,13759,jaB,cf,yaB
ap90,13763,jaMpatI,cf,daMpatI
ap90,13808,jala,cf,parIvAha
ap90,13838,jahat,cf,ajahatsvArTA
ap90,14003,juwikA,cf,cUqA
ap90,14078,jYAnaM,cf,jYAnayoga
ap90,14184,JF,cf,jF
ap90,14340,tad,cf,atadguRasaMvijYAna
ap90,14360,tanu,cf,tanvaMgI
ap90,14365,tanU,cf,tanuTada
ap90,14378,taMtrA,cf,taMdrA
ap90,14511,talit,cf,taqit
ap90,14709,tIk,cf,wIk
ap90,14758,tuMqila,cf,tuMdila
ap90,14806,tulA,cf,tulAdAna
ap90,14911,tara,cf,dustara
ap90,14961,tElaMpAtA,cf,SyEnaMpAtA
ap90,14988,tman,cf,Atman
ap90,15023,tri,cf,iMdragopa
ap90,15060,trEvargika,cf,trivarga
ap90,15141,dakziRIkf,cf,pradakziRa
ap90,15403,dAsaH,cf,gupta
ap90,15438,divya,cf,ciMtAmaRi
ap90,15469,dIpaka,cf,vadaMti
ap90,15536,dozaH,cf,dozA
ap90,15577,dfQayati,cf,draQayati
ap90,15595,dfMPU,cf,dfnPU
ap90,15613,dfzwa,cf,dizwAMta
ap90,15626,deva,cf,udAna
ap90,15750,dyu,cf,adyu
ap90,15845,drE,cf,drA
ap90,15869,dvi,cf,brahmabaMGu
ap90,15869,dvi,cf,dvirePa
ap90,15903,dvEtIyIka,cf,tArtIyIka
ap90,15915,dvEmAtfka,cf,devamAtfka
ap90,15932,DanaM,cf,arTozman
ap90,15944,Danus,cf,Danvan
ap90,15952,DanvaMtaraM,cf,daMqa
ap90,15953,DanvaMtariH,cf,caturdaSaratna
ap90,15976,DarmaH,cf,astikAya
ap90,16056,Di,cf,saMDA
ap90,16099,DuvakA,cf,DruvakA
ap90,16100,DuvitraM,cf,Davitra
ap90,16180,DOritakaM,cf,DOrita
ap90,16183,DOryaM,cf,DoraRaM
ap90,16236,DvaR,cf,Dvan
ap90,16308,nadI,cf,devamAtfka
ap90,16340,naBas,cf,aBrAMliha
ap90,16345,naBya,cf,nABi
ap90,16369,naraH,cf,narasiMha
ap90,16370,naraMgaM,cf,narAMga
ap90,16446,nAgara,cf,devanAgarI
ap90,16514,nAyikA,cf,anyastrI
ap90,16523,nArAyaRaH,cf,UrUdBavA
ap90,16688,niculaH,cf,nicola
ap90,16712,nid,cf,niMd
ap90,16725,nidfS,cf,nidarSanA
ap90,16735,niDA,cf,niDyE
ap90,16862,nir,cf,a
ap90,17061,nirvyUQiH,cf,niryUha
ap90,17101,nivedyaM,cf,nEvedya
ap90,17124,nivyUQaM,cf,nirvyUQa
ap90,17155,niSrayaRI,cf,niHSrayaRI
ap90,17157,niSvAsaH,cf,niHSvAsa
ap90,17165,nizaRRa,cf,vizaRRa
ap90,17173,nizaDa,cf,nizAda
ap90,17202,nizkuhaH,cf,nizkuwa
ap90,17204,nizkAraRaM,cf,nikAraRaM
ap90,17214,nizkramaH,cf,upanizkramaRa
ap90,17254,nis,cf,dus
ap90,17292,nihrAdaH,cf,nirTAda
ap90,17348,nf,cf,narasiMha
ap90,17348,nf,cf,narasiMha
ap90,17489,nyAyaH,cf,kftasya
ap90,17538,pakzaH,cf,pUvapakza
ap90,17538,pakzaH,cf,hasta
ap90,17560,paMktiH,cf,paMktipAvana
ap90,17588,paMcan,cf,paMcatva
ap90,17588,paMcan,cf,mahAyajYa
ap90,17603,paMcAlikA,cf,pAMcAlikA
ap90,17614,pawaccaraH,cf,pAwaccara
ap90,17621,pawiH,cf,apawIkzepa
ap90,17743,pan,cf,paR
ap90,17772,parama,cf,kuwIcaka
ap90,17851,pari,cf,akzapari
ap90,17857,parikartf,cf,parivettf
ap90,18034,paridAyin,cf,parivettf
ap90,18348,parihAraH,cf,parigraha
ap90,18406,paryaMkaH,cf,avasakTikA
ap90,18462,paryuzita,cf,aparyuzita
ap90,18501,paliGaH,cf,pariGa
ap90,18557,pAkalaH,cf,kUwapAkala
ap90,18691,pAnIya,cf,prapA
ap90,18843,pArSva,cf,pAripArSvaka
ap90,18964,piMqIra,cf,qiMqIra
ap90,19023,pizwapaH,cf,vizwapa
ap90,19157,puruzaH,cf,narapaSu
ap90,19244,pUraka,cf,recaka
ap90,19256,pUrva,cf,paranipAta
ap90,19271,pUz,cf,puz
ap90,19380,pEzwI,cf,gOqI
ap90,19382,pogaMqa,cf,apogaMqa
ap90,19481,pyAna,cf,pIna
ap90,19739,praRam,cf,daMqapraRAma
ap90,19801,prati,cf,satpratipakza
ap90,20291,praTukaH,cf,pfTuka
ap90,20544,pramARaM,cf,anuBava
ap90,20643,pralaB,cf,vipralaB
ap90,20997,prahAsaH,cf,praBAsa
ap90,21170,prApta,cf,paMcatva
ap90,21306,preta,cf,pitfpakza
ap90,21464,ParaM,cf,Palaka
ap90,21470,PalakaM,cf,tawa
ap90,21519,PeRaH,cf,namuci
ap90,21561,baMDuH,cf,kzatrabaMDu
ap90,21570,baMDUra,cf,baMDura
ap90,21619,baliH,cf,cirajIvin
ap90,21648,bahu,cf,kuwIcaka
ap90,21648,bahu,cf,krama
ap90,21674,bARaH,cf,uzA
ap90,21674,bARaH,cf,vArabARaH
ap90,21724,bAhA,cf,bAhUbAhavi
ap90,21847,boDa,cf,aboDapUrva
ap90,21860,brahman,cf,brahmavid
ap90,21860,brahman,cf,brahmaBUya
ap90,21888,BaH,cf,aMga
ap90,21953,BaMqaH,cf,Baqa
ap90,21995,Bartf,cf,pativratA
ap90,22046,Basman,cf,BasmAgni
ap90,22187,BiMdu,cf,biMdu
ap90,22254,BUman,cf,puMBUman
ap90,22257,BUmiH,cf,BUmikA
ap90,22289,BfMgaH,cf,Bramara
ap90,22296,Bfj,cf,Brasj
ap90,22405,BrAtf,cf,yamadvitIyA
ap90,22448,makuwaM,cf,mukuwa
ap90,22489,macarcikA,cf,udDa
ap90,22525,maRiH,cf,ratna
ap90,22559,matallikA,cf,udDa
ap90,22635,manas,cf,kAma
ap90,22635,manas,cf,tridaMqin
ap90,22652,manuH,cf,matsyAvatAra
ap90,22653,manuzya,cf,puruzakAra
ap90,22674,maMda,cf,ahalyA
ap90,22713,maya,cf,tripura
ap90,22743,maruttaH,cf,tadapyeza
ap90,22788,malayaH,cf,apagatadAkziRya
ap90,22849,mahaH,cf,mahas
ap90,22865,mahA,cf,manoraTa
ap90,22887,mAMsala,cf,aMsala
ap90,23055,mArj,cf,mfj
ap90,23143,mitraH,cf,maMqala
ap90,23162,miTunecaraH,cf,dvaMdvacara
ap90,23275,mudrA,cf,brahmaraMDra
ap90,23353,mUrcCana,cf,mUrcCA
ap90,23418,mftyuH,cf,martyaloka
ap90,23493,meruH,cf,dvIpa
ap90,23649,yajus,cf,maMtra
ap90,23695,yama,cf,BrAtfdvitIyA
ap90,23698,yamanikA,cf,javanikA
ap90,23716,yavanikA,cf,eza
ap90,23726,yaSas,cf,kIrtiSeza
ap90,23828,yugalakaM,cf,yugma
ap90,23870,yogaH,cf,yoganidrA
ap90,23894,yOktika,cf,narmasaciva
ap90,23949,raMGas,cf,raMhas
ap90,24054,rasika,cf,arasika
ap90,24058,rasonaH,cf,lasona
ap90,24086,rAjan,cf,rAjanaya
ap90,24086,rAjan,cf,samrAd
ap90,24098,rAjilaH,cf,quMquBa
ap90,24110,rAtriMmanya,cf,rajaniMmanya
ap90,24223,ruMw,cf,luMw
ap90,24231,rudra,cf,pitfsadmagocaraH
ap90,24234,ruD,cf,ruh
ap90,24383,lakuwaH,cf,laguqa
ap90,24398,lakzya,cf,alakzya
ap90,24424,laMgUlaM,cf,lAMgUla
ap90,24430,laC,cf,lakz
ap90,24432,lajj,cf,lasj
ap90,24442,laMjaH,cf,kakzA
ap90,24525,laS,cf,las
ap90,24547,lAkzA,cf,alakta
ap90,24569,lAq,cf,laq
ap90,24621,liKyaH,cf,likzA
ap90,24626,liMgaM,cf,pacaMkoza
ap90,24658,lIlA,cf,praRayakalah
ap90,24668,luw,cf,luW
ap90,24700,luh,cf,luB
ap90,24895,vawuH,cf,bawu
ap90,24920,vaMqa,cf,raMqA
ap90,24949,vadya,cf,avadya
ap90,25067,varAhaH,cf,vasati
ap90,25155,varDApanaM,cf,pUrRapAtra
ap90,25162,varman,cf,dAsa
ap90,25217,valkalaH,cf,cIraparigrahAH
ap90,25239,vallaBAyitaM,cf,puruzAyita
ap90,25278,vasizWaH,cf,viSvAmitra
ap90,25297,vastraM,cf,nIbi
ap90,25321,vahniH,cf,agnigarBa
ap90,25324,vA,cf,ca
ap90,25341,vAc,cf,tridaMqa
ap90,25357,vAcya,cf,lakzya
ap90,25357,vAcya,cf,lakzya
ap90,25459,vAyuH,cf,pavanASana
ap90,25472,vAralA,cf,varawA
ap90,25548,vAsanA,cf,BAvanA
ap90,25549,vAsita,cf,vAsanA
ap90,25553,vAsaMta,cf,malayasamIra
ap90,25553,vAsaMta,cf,vasaMtrotsava
ap90,25635,vikAlikA,cf,mAnaraMDrA
ap90,25648,vikAraH,cf,vikfti
ap90,25669,vikramaH,cf,trivikrama
ap90,25778,viciH,cf,vIci
ap90,25919,viTuraH,cf,viDurA
ap90,25957,vidyA,cf,avidyA
ap90,25984,viDA,cf,kf
ap90,26037,vinAhaH,cf,vInAha
ap90,26331,viraRaM,cf,vIraRa
ap90,26485,vivAkaH,cf,praqavivAka
ap90,26499,vivfkta,cf,viviktA
ap90,26519,viSaM,cf,bisa
ap90,26590,viSva,cf,tvazwf
ap90,26649,vizwapaH,cf,trivizwapa
ap90,26678,visaMkawa,cf,viSaMkawa
ap90,26851,vft,cf,vAvft
ap90,26858,vfdDa,cf,vayovfdDa
ap90,26881,vfzaBaH,cf,fzaBa
ap90,26976,velliH,cf,valli
ap90,27190,vyajanaM,cf,bAlavyajana
ap90,27268,vyaBicArin,cf,viBAva
ap90,27270,vyaya,cf,avyaya
ap90,27348,vyAqaH,cf,vyAla
ap90,27359,vyADiH,cf,ADi
ap90,27404,vyAvahArika,cf,prAtiBAsika
ap90,27416,vyAsaH,cf,cirajIvin
ap90,27474,vratin,cf,yajamAna
ap90,27485,vrI,cf,vf
ap90,27555,SaMKaH,cf,Kapuzpa
ap90,27575,SaMqaH,cf,zaMqa
ap90,27599,SaniH,cf,saMjYA
ap90,27601,SaMtanuH,cf,BIzma
ap90,27687,SarmizWA,cf,devayAnI
ap90,27703,SalAkA,cf,pari
ap90,27747,SAkawa,cf,SAkaSAkawa
ap90,27748,SAkawAyanaH,cf,vyAkaraRe
ap90,27773,SAkvaraH,cf,SAkkara
ap90,27839,SAyakaH,cf,sAyaka
ap90,27842,SAraMgaH,cf,sAraMga
ap90,27843,SAraMgI,cf,sAraMgI
ap90,27861,SArdUlaH,cf,kuMjara
ap90,27864,SAlaH,cf,sAla
ap90,27916,SikTaM,cf,sikTa
ap90,28091,SutudriH,cf,Satadru
ap90,28184,SfMgAraH,cf,narmasaciva
ap90,28252,SoRa,cf,lohita
ap90,28303,SOryaM,cf,AraBawI
ap90,28326,SyAmakaH,cf,SyAmAka
ap90,28402,Sru,cf,Su
ap90,28405,SrutiH,cf,karRa
ap90,28408,SruvA,cf,sruvA
ap90,28431,SrOzaw,cf,vazaw
ap90,28453,SlIla,cf,aSlIla
ap90,28463,SloR,cf,SroR
ap90,28515,zaMqaH,cf,KaMqa
ap90,28519,zaz,cf,zAqguRya
ap90,28742,saMskAraH,cf,vrAtya
ap90,29143,saMtiH,cf,sati
ap90,29278,saParaH,cf,SaPara
ap90,29569,samudra,cf,rAmasetu
ap90,29618,saMpAtaH,cf,qIna
ap90,29805,sara,cf,Saraja
ap90,29818,saratniH,cf,rItna
ap90,29833,sarAva,cf,SarAva
ap90,29839,sarilaM,cf,salila
ap90,29864,sarva,cf,suw
ap90,29884,sallakA,cf,SallakI
ap90,29910,savya,cf,apasavya
ap90,29983,sAkaM,cf,SAka
ap90,29996,sAgaraH,cf,sagara
ap90,30008,sAMgamaH,cf,saMgama
ap90,30106,sAmaMjasyaM,cf,asamaMjasa
ap90,30234,sAvitrI,cf,vrAtya
ap90,30363,suw,cf,sarvanAmasTAna
ap90,30378,sudi,cf,vadi
ap90,30408,suziH,cf,Suzi
ap90,30421,sUkzma,cf,sAvadya
ap90,30478,sUryaH,cf,uMpanizkramaRaM
ap90,30535,senA,cf,devasenA
ap90,30536,sePaH,cf,SePa
ap90,30580,sotprAsa,cf,vyAjastuti
ap90,30604,somaH,cf,somodBavA
ap90,30638,sOnikaH,cf,SOnika
ap90,30714,skaMDaH,cf,Sikya
ap90,30716,skaMDikaH,cf,skaMDavAha
ap90,30734,stanaH,cf,tawa
ap90,30763,stavaka,cf,stavaka
ap90,30850,sTAnaM,cf,AseDa
ap90,30858,sTApanaM,cf,puMsavana
ap90,30907,snAta,cf,snAtaka
ap90,31121,sva,cf,Dana
ap90,31141,svanita,cf,stanita
ap90,31231,haMsaH,cf,mAnasa
ap90,31307,halA,cf,haMqA
ap90,31350,hahA,cf,hAhA
ap90,31453,hI,cf,hi
ap90,31533,hevAkaH,cf,hevAkin
ap90,31606,hriRIyA,cf,hfRIyA
cae,306,aNga,cf,vedANga
cae,828,aDa,cf,aTa
cae,829,aDA,cf,aTa
cae,1619,antara,cf,atrAntare
cae,1645,antaruzya,cf,daSAntaruzya
cae,1690,antika,cf,janAttikam
cae,2220,abda,cf,varza
cae,2738,arajas,cf,ra
cae,2738,arajas,cf,jas
cae,3269,avAntaradeSa,cf,diS
cae,3574,aSvahfdaya,cf,akzahfdaya
cae,3825,asta,cf,udaya
cae,4305,Anulomya,cf,anuloma
cae,4880,i,cf,gam
cae,4911,iti,cf,aTa
cae,5250,uYCaSila,cf,SiloYCa
cae,5460,udaYjali,cf,aYjali
cae,5477,udayagiri,cf,asta
cae,5478,udayaSEla,cf,asta
cae,6216,fkzara,cf,anfkzara
cae,6363,ekajAti,cf,dvijAti
cae,6478,ekAtapatra,cf,Atapatra
cae,6893,kaRWagata,cf,kaRWavartin
cae,7173,karta,cf,garta
cae,7478,kApAla,cf,kApAlin
cae,7541,kAmijana,cf,jana
cae,7734,kAzWaBft,cf,kA
cae,7734,kAzWaBft,cf,zWA
cae,7786,kiMpuruza,cf,kiMnara
cae,7787,kiMpuruza,cf,kiMnara
cae,8222,kUl,cf,kUq
cae,8280,kftalakzaRa,cf,kftANka
cae,8297,kftAYjali,cf,aYjali
cae,8372,kfz,cf,kfS
cae,8482,kESika,cf,kraTakESika
cae,8753,kloSa,cf,kro
cae,8753,kloSa,cf,Sa
cae,9185,gaRapAWa,cf,gaRa
cae,9198,gaReSa,cf,gaRa
cae,9519,guRa,cf,gaRakarman
cae,9542,guRavant,cf,guRa
cae,9609,gulgulu,cf,gu
cae,9609,gulgulu,cf,ggulu
cae,9693,gfhASrama,cf,gfhasTa
cae,9758,goDa,cf,angulitra
cae,9891,grahaRa,cf,graha
cae,9928,grAsa,cf,gra
cae,9928,grAsa,cf,ha
cae,10234,caturvarga,cf,trivarga
cae,10705,cEtraviBAvarI,cf,cEtra
cae,11086,jar,cf,car
cae,11718,qORquBa,cf,quRquBa
cae,11728,ta,cf,sa
cae,11898,tanizWa,cf,Atma
cae,11898,tanizWa,cf,n
cae,11899,tanIyaMs,cf,Atma
cae,11899,tanIyaMs,cf,n
cae,12103,tala,cf,aNgulitra
cae,12178,tAntava,cf,ta
cae,12178,tAntava,cf,ntu
cae,12379,tizya,cf,kfSA
cae,12379,tizya,cf,nu
cae,12380,tizya,cf,kfSA
cae,12380,tizya,cf,nu
cae,12875,tripizwapa,cf,tridiva
cae,12897,triBuvana,cf,tripaTa
cae,12912,triloka,cf,triBuvana
cae,12922,trivarga,cf,caturvarga
cae,12922,trivarga,cf,triguRa
cae,12970,trisrotas,cf,tripaTa
cae,12986,trEpura,cf,tripura
cae,12991,trElokya,cf,triloka
cae,13430,daSamIsTa,cf,daSama
cae,13669,diti,cf,a
cae,13669,diti,cf,diti
cae,14335,dfS,cf,paS
cae,14911,dvika,cf,kAka
cae,15960,navagva,cf,da
cae,15960,navagva,cf,Sagva
cae,16036,nasyota,cf,nasyA
cae,16179,nAmatas,cf,nA
cae,16179,nAmatas,cf,man
cae,16212,nArAyaRa,cf,nara
cae,16250,nAsikArajju,cf,nasyA
cae,16256,nAsya,cf,na
cae,16256,nAsya,cf,sya
cae,17164,nI,cf,I
cae,17658,pawwa,cf,pawa
cae,18051,parAyaRa,cf,pa
cae,18051,parAyaRa,cf,ra
cae,18146,pariRAyaka,cf,pariRIta
cae,18152,pariRetf,cf,pariRIta
cae,18535,parvata,cf,nArada
cae,18611,paS,cf,spaS
cae,19673,pUtIka,cf,pUtika
cae,20332,pratipaccandra,cf,pratipa
cae,20332,pratipaccandra,cf,d
cae,21217,prAYjali,cf,aYjali
cae,21728,badDAYjali,cf,aYjali
cae,21791,barhiRa,cf,barha
cae,21792,barhin,cf,barha
cae,21801,bala,cf,vala
cae,22099,bAhvfcya,cf,bahvfca
cae,22769,BAjana,cf,pA
cae,22769,BAjana,cf,tra
cae,22804,BArata,cf,Barata
cae,22819,BArAkrAnta,cf,BarAkrAnta
cae,22924,Bindu,cf,bindu
cae,23133,BUmipa,cf,BUpa
cae,23134,BUmipati,cf,BUpa
cae,23135,BUmipAla,cf,BUpa
cae,23141,BUmiBuj,cf,BUBuj
cae,23142,BUmiBft,cf,BUBuj
cae,23333,BrastA,cf,BastrA
cae,23956,mandAra,cf,mandara
cae,24749,mAvilambam,cf,mAciram
cae,24879,miSa,cf,Bawwa
cae,25035,muni,cf,f
cae,25035,muni,cf,zi
cae,25184,mfgarocanA,cf,gorocanA
cae,25809,yadu,cf,turva
cae,25809,yadu,cf,Sa
cae,25881,yavanikA,cf,javanikA
cae,25934,yA,cf,gam
cae,26289,rakzas,cf,paTira
cae,26289,rakzas,cf,kzas
cae,26643,rarAwa,cf,lalA
cae,26643,rarAwa,cf,wa
cae,26732,rAkzA,cf,lAkzA
cae,27036,riz,cf,riS
cae,27146,rUpa,cf,daSarUpa
cae,27239,rocana,cf,gorocanA
cae,27239,rocana,cf,ra
cae,27239,rocana,cf,jas
cae,27317,rOhiRa,cf,ro
cae,27317,rOhiRa,cf,hita
cae,27320,rOhI,cf,rohI
cae,27325,lakz,cf,lakzay
cae,27546,lAla,cf,lalla
cae,27588,liNgasTa,cf,liNgin
cae,27974,vataMsa,cf,avataMsa
cae,28048,van,cf,vanitA
cae,28111,vanu,cf,vanu
cae,28111,vanu,cf,s
cae,28329,varRASrama,cf,ASama
cae,28507,vasantabanDu,cf,vasanta
cae,28602,vah,cf,udA
cae,28602,vah,cf,udA
cae,29714,vipAwa,cf,vipAWa
cae,29716,vipAWa,cf,vipAwa
cae,30296,viSvadeva,cf,vi
cae,30296,viSvadeva,cf,Sva
cae,30710,vf,cf,UrRu
cae,30712,vfka,cf,avfka
cae,30800,vfdDi,cf,guRa
cae,30906,veRi,cf,ekaveRi
cae,30907,veRI,cf,ekaveRi
cae,31273,vyaDvara,cf,vyadvara
cae,31418,vyAyAma,cf,vyAma
cae,31574,Sakan,cf,Sa
cae,31574,Sakan,cf,kft
cae,31575,Sakan,cf,Sa
cae,31575,Sakan,cf,kft
cae,31596,Sakft,cf,Sakan
cae,31653,SaNKAntara,cf,BujAntara
cae,31885,Sambala,cf,saMvala
cae,32067,Savarta,cf,Svavarta
cae,32293,SAlaBa,cf,pataMgavftti
cae,32303,SAlAvfka,cf,sAlAvfka
cae,33353,Sriz,cf,Srliz
cae,33700,zazWAMSavftti,cf,zaqBAga
cae,33801,saMvala,cf,Sambala
cae,34367,saMjYA,cf,saMjYa
cae,34898,sanyaMs,cf,sa
cae,34898,sanyaMs,cf,nIyaMs
cae,35307,samAnodaka,cf,sapiRqa
cae,35354,samAvarta,cf,samAvftta
cae,35799,sarja,cf,rajjusarja
cae,36487,sAYjali,cf,aYjali
cae,36611,sAptapada,cf,sapta
cae,36611,sAptapada,cf,pad
cae,37933,sUryakAnta,cf,candrakAnta
cae,37942,sUryaputra,cf,sUryaja
cae,37962,sf,cf,aBi
cae,38209,sOmI,cf,sOmya
cae,38752,sya,cf,tya
cae,38820,sva,cf,Atman
cae,38980,svayaMBu,cf,svayaMBU
cae,39324,hayattattva,cf,hayavidyA
cae,39444,halikzRa,cf,ha
cae,39444,halikzRa,cf,lIkzRa
cae,39513,hasta,cf,pARi
cae,39525,hastaGna,cf,aNgulitra
cae,39541,hastAYjali,cf,aYjali
cae,39546,hastAvApa,cf,hastaGna
cae,39948,hel,cf,hIq
mw,4.4,a,cf,a/-karRa
mw,4.5,a,cf,a-kupya
mw,4.7,a,cf,a/-tUrta
mw,87,aMs,cf,aMS
mw,107,aMh,cf,aNG
mw,110,aMhri,cf,aNGri
mw,117.1,aMhatI,cf,aMhati
mw,120,aMhas,cf,aGa/
mw,121,aMhaspati,cf,AMhaspatya
mw,134,ak,cf,ag
mw,139,akaca,cf,ut-
mw,374,akOSala,cf,AkOSala
mw,423.4,akzitavya,cf,azwa-karRa
mw,428,akza,cf,-karRa
mw,478,akzadyUta,cf,AkzadyUtika
mw,516,akzAvApa,cf,akza-vApa
mw,622,akzarA,cf,a-kza/ra
mw,630,akzAralavaRa,cf,kzAra-lavaRa
mw,661,akzacaraRa,cf,AkzapAda
mw,762,ag,cf,aNg
mw,799.2,agama,cf,a-ga
mw,813,agarI,cf,garI
mw,815,agaru,cf,aguru
mw,816,agartamit,cf,garta-mi/t
mw,842,agAra,cf,AgAra
mw,844.1,agArin,cf,an-agArin
mw,852,aguRa,cf,nirguRa
mw,874,agocara,cf,dfzwy-agocara
mw,933,agnija,cf,-garBa
mw,935,agnijAra,cf,-garBa
mw,1003,agnibAhu,cf,-vAha
mw,1027,agnimAruti,cf,AgnimAruta
mw,1101,agnizWa,cf,-zWikA
mw,1105,agnizWikA,cf,-zWa
mw,1148,agnihotrAhuti,cf,Ahuti
mw,1148.1,agnihotrezwi,cf,izwi
mw,1153,agnID,cf,agniD
mw,1189,agnisAt,cf,BasmasAt
mw,1220,agraja,cf,jA/
mw,1300,agrima,cf,a/gre
mw,1381.2,aGaRwa,cf,GaRwa
mw,1460.2,aNkAvaNka,cf,akAvaNka/
mw,1484,aNkUza,cf,aNgUza
mw,1485.1,aNkya,cf,aNki
mw,1492,aNg,cf,ag
mw,1492,aNg,cf,aNk
mw,1621,aNgati,cf,aNkati
mw,1634,aNgAra,cf,agni
mw,1702,aNguri,cf,an-aNguri
mw,1758,aNGri,cf,aMhri
mw,1865,acCaBalla,cf,Balla
mw,2007,ajAkzIra,cf,aja-kzira/
mw,2046,ajagAva,cf,AjagAva
mw,2175,ajIti,cf,a/-jyAni
mw,2240.1,ajra,cf,ajira
mw,2243,ajyAni,cf,a/-jIti
mw,2248,ajyezWa,cf,a/-kanizWa
mw,2294,aYjanikA,cf,aYjalikA
mw,2416.3,aRu,cf,srag-aRu
mw,2499,atawa,cf,atala
mw,2505,atad,cf,a-sa
mw,3125,atimAnita,cf,atimAna/
mw,3298,atisev,cf,ati-sevA
mw,3574,aTarvI,cf,aTari
mw,3574.1,aTarvI,cf,viSpalA
mw,3743,adfSya,cf,a-dreSya
mw,3799,adDyAlohakarRa,cf,aDirUQa-ka/rna
mw,3829,adya,cf,anna/dya
mw,3879.1,adriDft,cf,govarDana
mw,3917,advayavAdin,cf,advEta-vAdin
mw,4135,aDikadanta,cf,aDi-danta
mw,4136,aDikadina,cf,aDi-dina
mw,4137,aDikamAMsArman,cf,aDimAMsa
mw,4353,aDirUQAkarRa,cf,aDIloha-ka/rRa
mw,4425.1,aDiSIlaSikzA,cf,aDicitta-S˚
mw,4899,ananaNgamejaya,cf,an-aNgamejaya
mw,5001,anantaraya,cf,antaraya
mw,5200,anambara,cf,dig-ambara
mw,5659,anAvayas,cf,Avaya/
mw,5704,anAzwra,cf,ati-nAzwra/
mw,5749.1,ani,cf,aRi
mw,5931,anilASin,cf,vAyu-Bakza
mw,5998.5,anI,cf,aRi
mw,6164,anukrI,cf,pari-krI
mw,6380.1,anuttarapUjA,cf,vandana
mw,6441,anudita,cf,a-vadya/
mw,6890,anubanDya,cf,anU-ba/nDya
mw,7008,anumaraRa,cf,saha-maraRa
mw,7127,anuruD,cf,anU-ru/D
mw,7181.2,anulomikI,cf,an-utpattika-Darma-kzAnti
mw,7248,anuvA,cf,anuvA
mw,7449,anuzak,cf,Anuza/k
mw,7714,anUtpA,cf,ut-
mw,7744,anUpa,cf,AnUpa
mw,7867,anena,cf,enI/
mw,7900,ant,cf,and
mw,7955,antAvasAyin,cf,ante-'vasAyin
mw,8106,antardaDAna,cf,antar-√ DA
mw,8207,antaradiSA,cf,antarA-diS
mw,8240,antaraya,cf,a/n-antaraya
mw,8311,antarvas,cf,antar-uzya
mw,8386,antra,cf,Antra/
mw,8560,anya,cf,a/nyA
mw,8684,anyonya,cf,paraspara
mw,8764,anvart,cf,anvA
mw,8962,apa,cf,apa-pAWa
mw,9024,apakF,cf,ava-√ s-kF
mw,9062,apaga,cf,a/n-apaga
mw,9071,apagara,cf,aBigara/
mw,9092.1,apaGAwilA,cf,ava-GawarikA
mw,9155,apawIkzepeRa,cf,pawIkzepa
mw,9209.1,apaTadAyin,cf,a-panTa-d˚
mw,9266,apaDfz,cf,an-apaDfzya
mw,9331,apapitva,cf,aBi-pitva/
mw,9331,apapitva,cf,api-tva/
mw,9586,aparivfta,cf,a/-parIvfta
mw,9605,aparIvfta,cf,a-parivfta
mw,9657.1,apavaktra,cf,apara-v˚
mw,9710,apavf,cf,apA-
mw,9710,apavf,cf,apA-
mw,9778,apaSAtaya,cf,Sad
mw,9806,apazWa,cf,apAzWa/
mw,9824,apasyA,cf,sv-apasyA/
mw,9834,apasarjana,cf,apa-√ vfj
mw,9835,apasalavi,cf,ava-salavi
mw,9862,apaskara,cf,avaskara
mw,9880,apasPur,cf,a/n-apasPur
mw,9895,apahanana,cf,apa-GA/ta
mw,10041,apApavasyasa,cf,pApa-vasyasa/
mw,10043,apAmaMBavizRu,cf,pAmaM-BavizRu/
mw,10047,apAmitya,cf,apa-mi/tya
mw,10079,apAvf,cf,apa-
mw,10080,apAvft,cf,a/n-apAvft
mw,10104,apAzWa,cf,apazWa
mw,10139,apitva,cf,apa-pitva/
mw,10177,apiDAnI,cf,pi-DAna
mw,10181,apihita,cf,pi-hita
mw,10185,apinadDa,cf,pi-nadDa
mw,10253,apInasa,cf,pI-nasa
mw,10305,apUpa,cf,pUpa
mw,10458,apyarDam,cf,aBy-arDa/s
mw,10478,aprakfzwa,cf,apa-kfzwa
mw,10525,aprajAtA,cf,a-prajA
mw,10546,apratikareRa,cf,a-pratA/
mw,10608,apratizwabDa,cf,a-pratistabDa
mw,10619,apratistabDa,cf,a-pratizwabDa
mw,10688,apramaya,cf,a-prAmi-satya
mw,10720,aprayAvam,cf,a/-prAyu
mw,10836,aprAmisatya,cf,a-pra/maya
mw,10838,aprAyu,cf,a/-prayAvam
mw,10879,apuvAya,cf,anvart
mw,10943,abaDA,cf,a-bADA
mw,10948,abanDya,cf,a-vanDya
mw,11026,abja,cf,padma
mw,11082,abliNga,cf,abdEvata
mw,11131,aBaya,cf,a/Baya-tama
mw,11201,aBikAmam,cf,ABikAmika
mw,11247.1,aBikzadA,cf,aBi-kzattf/
mw,11296,aBigara,cf,apagara
mw,11393,aBijit,cf,ABijita
mw,11413,aBijYA,cf,zaq-aB˚
mw,11496,aBidruh,cf,a/n-aBidruh
mw,11506,aBiDA,cf,aBi/-hIta
mw,11506,aBiDA,cf,aBi/-hita
mw,11597,aBinava,cf,-kAlidAsa
mw,11627,aBininartam,cf,aBy-A-gAram
mw,11637,aBinimluc,cf,ni-√ mruc
mw,11673,aBinizkArin,cf,aBi-kf/tvarI
mw,11740,aBipitva,cf,apa-pitva/
mw,11756,aBiparipluta,cf,aBi-pluta
mw,11821,aBipraRaya,cf,praRaya
mw,11822,aBipraRIta,cf,pra-RI
mw,11828,aBipratigF,cf,prati-
mw,11886,aBiprasfta,cf,prasfta
mw,11891,aBiprasTA,cf,ati-pra-√ sTA
mw,11937,aBipluta,cf,aBi-pari-pluta
mw,11990,aBimad,cf,aBi-
mw,12007,aBimantf,cf,aBi-mati
mw,12041,aBimAnuka,cf,a/n-aBimAnuka
mw,12051,aBimand,cf,aBi-√ mad
mw,12156,aBiyojana,cf,aBi-√ yuj
mw,12160,aBirakz,cf,aBi-rakzita
mw,12167,aBiraYj,cf,aBi-raYjita
mw,12247,aBilApa,cf,aBIlApala/p
mw,12284,aBivAdaka,cf,aBi-vandaka
mw,12298,aBivAnyA,cf,ni-vAnyA^
mw,12330,aBivAS,cf,aBi-√ vaS
mw,12380,aBiviSaMs,cf,vi-√ SaMs
mw,12508,aBiSApa,cf,aBI-SApa
mw,12510,aBiSApajvara,cf,aBi-Sastaka
mw,12615,aBizavaRIs,cf,aDi-za/vaRa
mw,12636,aBizwi,cf,sv-aBizwi/
mw,12757,aBisaMjYita,cf,saMjYita
mw,12761,aBisatvan,cf,aBi/-vIra
mw,12868,aBisAyam,cf,aBi-prAta/r
mw,12942,aBihary,cf,aBi-√ hf
mw,12975,aBihAra,cf,ABi-hArika
mw,13005,aBI,cf,aBy-aya
mw,13015,aBIka,cf,a/nUka
mw,13032,aBIpa,cf,anUpa/
mw,13040,aBImodamud,cf,aBIlApa-la/p
mw,13046,aBIlApalap,cf,aBImoda-mu/d
mw,13061,aBIzwa,cf,-tama
mw,13087,aBujizyAtva,cf,a-BO/jizya
mw,13094,aBuva,cf,a-Bva
mw,13146,aBOjizya,cf,a-Bujizya
mw,13204,aByanUkta,cf,aByukta
mw,13254,aByart,cf,anvart
mw,13310,aByavahf,cf,aBy-ava-√ nI
mw,13365,aByastam,cf,aBi-ni-√ mruc
mw,13390.1,aByAgAram,cf,-apa-gAram
mw,13450,aByAram,cf,Ara/
mw,13452,aByArUQa,cf,a/n-
mw,13453,aByAroha,cf,a/nneg
mw,13541,aByudAnI,cf,ud-A√ nI
mw,13700,aBrapuzpa,cf,ambara-puzpa
mw,13745,aBva,cf,a-Buva
mw,13748,am,cf,aBy-√ am
mw,13748,am,cf,a/n-Amayat
mw,13768,ama,cf,amu
mw,13778,amaRqa,cf,AmaRqa
mw,13802,amaDyama,cf,a/-kanizWa
mw,13980,amala,cf,amara-ratna
mw,13990,amalamaRi,cf,amara-ratna
mw,14000,amalAtaka,cf,amilAtaka
mw,14010,amahIyu,cf,AmahIyava
mw,14019,amAvAsya,cf,AmAvAsya/
mw,14198.54,amfta,cf,amfta-Buj
mw,14263,amftasahodara,cf,-banDu
mw,14277,amftApiDAna,cf,amfto/pasta/raRa
mw,14392,ambaka,cf,try-ambaka
mw,14413,ambarapuzpa,cf,aBra-puzpa
mw,14460,ambi,cf,ambI/
mw,14467,ambikA,cf,ambAlikA
mw,14495,ambucArin,cf,ap-cara
mw,14558.1,ambuhasta,cf,jala-dvIpa
mw,14563,ambya,cf,ambI/
mw,14566,amBas,cf,aBra/
mw,14599,amBiRI,cf,AmBfRI
mw,14600,amBfRa,cf,a/mBas
mw,14602,amBfRa,cf,amBfRI
mw,14663,aya,cf,aByastam a/ya
mw,14679,ayana,cf,jyotizAm-ayana
mw,14745,ayantra,cf,paSv-a/yantra
mw,14771,ayaskarRI,cf,aDIloha-ka/rRa
mw,14798,ayaHSaya,cf,ayA-Saya/
mw,14820,ayopAzwi,cf,apazWa
mw,14865,ayAnaya,cf,aya
mw,14873,ayASaya,cf,avA-SfNga/
mw,14876,ayAsya,cf,ayA/s
mw,14917,ayukCada,cf,sapta-parRa
mw,14981,aye,cf,ayi
mw,14985,ayogU,cf,A/yogava
mw,15006,ara,cf,samara/
mw,15043,arawu,cf,aralu
mw,15075,araRyaketu,cf,araRI-ketu
mw,15096,araRyayAna,cf,-gata
mw,15150,arati,cf,ara
mw,15155,aratni,cf,ratni
mw,15163.1,araDra,cf,raDra
mw,15171.1,aram,cf,a/lam
mw,15194,ararAkA,cf,ararAkya
mw,15203,ararya,cf,arA
mw,15250,arAti,cf,zaq-varga
mw,15267,arAla,cf,ara/
mw,15285,ari,cf,arAti
mw,15352,arizwa,cf,arizwaka
mw,15366,arizwa,cf,arizwagfha
mw,15433,aruRa,cf,aruRa/
mw,15461,aruRAgraja,cf,aruRa/nuja
mw,15464.1,aruRAmnAyaviDi,cf,aruRIya-viDi
mw,15475,aruRi,cf,AruRi
mw,15495,aruza,cf,arUza
mw,15532,are,cf,arare
mw,15580,arka,cf,arka-koSI
mw,15586,arka,cf,arka-cikitsA
mw,15624.1,arkaprakASa,cf,-cikitsA
mw,15642,arkaSaSiSatru,cf,-ripu
mw,15682.1,arG,cf,arh
mw,15689,arGabalAbala,cf,arGasya hrAsaM vfdDiM va
mw,15745,arjuna,cf,fjra/
mw,15790,arjunAva,cf,ArjunAda
mw,15807,arRava,cf,a/rRa
mw,15829,arRoniDi,cf,arRava-pat
mw,15838,artikA,cf,atti
mw,15847,arTa,cf,Dana
mw,15852,arTa,cf,arTa-SabdO
mw,15906,arTadarSaka,cf,akza-d˚
mw,15924,arTapati,cf,ArTa-patya
mw,15984,arTaSAstra,cf,-vidyA
mw,15984,arTaSAstra,cf,-cintana
mw,15986,arTaSOca,cf,-prayoga
mw,15998,arTasambanDa,cf,-banDa
mw,16088,arTIya,cf,evam-arTIya
mw,16113,arDa,cf,a/py-arDam
mw,16139,arDagaNgA,cf,arDajAhnavI
mw,16150,arDacandra,cf,arDacandra-muKa
mw,16175,arDadivasa,cf,arDa-rAtra
mw,16196,arDaparyaNka,cf,paryaNka
mw,16221,arDaBeda,cf,ardita
mw,16221,arDaBeda,cf,ava-Bedaka
mw,16244,arDarca,cf,-fca/
mw,16329,arDika,cf,ArDika
mw,16366,arbudi,cf,ny-a/rbudi
mw,16385.2,aryI,cf,aryARI
mw,16420,arvan,cf,a/rAvan
mw,16483,arh,cf,Anfcu/H
mw,16511,ala,cf,ali
mw,16511,ala,cf,alin
mw,16514,alagardA,cf,alI-garda
mw,16618,alaMkf,cf,a/raM-√ kfta
mw,16619,alaMkfta,cf,a/raM-kfta
mw,16621,alaMkfti,cf,-kAra
mw,16636,alaMprajanana,cf,alaM prajAyAH
mw,16639,alaMmanas,cf,ara/maRas
mw,16658,alale,cf,arare
mw,16743,aliNgin,cf,sa-liNgin
mw,16744,aliYjara,cf,alaYjara
mw,16764,alIka,cf,alika
mw,16789,ale,cf,are
mw,16839,alpatara,cf,alpIyas
mw,16935,alpIyas,cf,alpa-tara
mw,16940,ava,cf,nirava/
mw,16943,avana,cf,an-avana
mw,16985,avakuwAra,cf,ava-kawa
mw,17010,avakF,cf,a/va-kIrRa
mw,17010,avakF,cf,ava-√ s-kF
mw,17031,avakrakzin,cf,kra/kzamARa
mw,17148,avagrah,cf,ava-grAham
mw,17167,avagrAha,cf,ava-graha
mw,17171,avaGawarikA,cf,GAwarI
mw,17215,avacarantikA,cf,pravar tamanaka/
mw,17293,avata,cf,avatka/
mw,17296,avawIwa,cf,ava-nAwa
mw,17413,avatta,cf,catur-avatta/
mw,17419,avadAnya,cf,aBy-avad˚
mw,17437,avadrE,cf,an-avadrARa/
mw,17488,avaDUta,cf,avakzuta
mw,17501,avaDUlana,cf,DUli
mw,17537,avaDvasta,cf,apa-Dvasta
mw,17555,avanAmita,cf,an-avanAmita-vEjayanta
mw,17557,avanard,cf,ni-√ nard
mw,17638,avantI,cf,Avantya
mw,17665,avapAka,cf,vapA/
mw,17666,avapAtrita,cf,apa-pAtrita
mw,17747,avaBedaka,cf,arDa-Beda
mw,17824,avamarSam,cf,a/n-avam˚
mw,17872,avaraparam,cf,avaras-para/
mw,17910,avaruD,cf,anu√ ruD
mw,17936,avaroDikA,cf,ava-rudDikA
mw,17995,avarti,cf,a/va-fti
mw,18017,avalamba,cf,nir-avat˚
mw,18047,avalepa,cf,an-
mw,18107,avavad,cf,dur-avavada
mw,18139.1,avaSyam,cf,AvaSyaka
mw,18159,avaSezam,cf,nir-av
mw,18189,avazwabDa,cf,ava-stabDa
mw,18203,avazvan,cf,ava-√ svan
mw,18208,avas,cf,-sv-a/vas
mw,18221,avASfNga,cf,ayA-Saya/
mw,18224,avasaYj,cf,ava-√ sfj
mw,18252,avasAda,cf,nir-av˚
mw,18311,avasarpa,cf,apa-sarpa
mw,18320,avasAna,cf,ava-mocana
mw,18371,avaskF,cf,apa √ s-kF
mw,18375,avaskara,cf,ava-kara
mw,18385,avastAra,cf,nir-av˚
mw,18390,avasTa,cf,upa/-sTa
mw,18392,avasTA,cf,anavasTa
mw,18402,avasTAna,cf,an-av˚
mw,18410,avasTita,cf,an-av˚
mw,18432,avasvan,cf,ava-zvan
mw,18443,avahanana,cf,aDy-avah˚
mw,18455,avahAlikA,cf,nir av˚
mw,18495,avAgra,cf,avAg-agra
mw,18517.1,avANniraya,cf,tiyaN-nir˚
mw,18613,avi,cf,aDi
mw,18616,aviganDikA,cf,aja-ganDA
mw,18681.1,avikzipa,cf,giri-kzipa
mw,18691,avigna,cf,a-viGnA
mw,18821,avidDakarRA,cf,vidDa-karRA
mw,18997,avilA,cf,a/vi
mw,19039,aviSeza,cf,tan-mAtra
mw,19067,aviza,cf,taviza
mw,19171,ave,cf,AvE
mw,19186,aveRi,cf,aveRika
mw,19261,avyat,cf,a-vI
mw,19416,aS,cf,A/Sita
mw,19442,aSItama,cf,aSIta-tann
mw,19700,aSnat,cf,a/n-aSnat
mw,19706,aSna,cf,a/San
mw,19710,aSmaka,cf,avanty-aSmakAs
mw,19719,aSmanmaya,cf,aSma-ma/ya
mw,19720,aSmanvat,cf,aSma-vat
mw,19726,aSmaganDA,cf,aSva-ganDA
mw,19806,aSri,cf,aSra
mw,19915,aSvadA,cf,a/n-aSva-dA
mw,19971,aSvameDika,cf,A/SvameDika
mw,19979,aSvayuj,cf,ASvayuja
mw,20001.1,aSvavat,cf,a/SvA-vat
mw,20004,aSvavAra,cf,ASvavAra
mw,20092,aSvaka,cf,aSmaka
mw,20129,aSvala,cf,ASvalAyana
mw,20141,aSvinI,cf,aSvinI-putrO
mw,20166.4,azAQa,cf,AzAQi
mw,20169,azwa,cf,nir-√ akz
mw,20178,azwakftvas,cf,azwO/ kf/tvas
mw,20181,azwagava,cf,azwA-gava
mw,20249,azwastanA,cf,azwA/stanA
mw,20289,azwApruz,cf,azwA-pada
mw,20341,azwi,cf,jara/d-azwi
mw,20344,azWIvat,cf,Urv-azWIva/
mw,20354,as,cf,vy-as
mw,20354,as,cf,vy-as
mw,20359,asa,cf,a-tad
mw,20817,asavye,cf,apa-savya
mw,20924,asi,cf,asI
mw,20950,asimeda,cf,ahi-mAra
mw,20964,asita,cf,asura
mw,20988,asitapucCaka,cf,kAla-pucCaka
mw,21030,asutfp,cf,paSu-tf/p
mw,21059,asurI,cf,AsurI
mw,21085,asurAhva,cf,kAMsya
mw,21091,asukas,cf,amuka
mw,21149,asUrta,cf,sUrta
mw,21151,asUrya,cf,a-sU/rta
mw,21160,asfkpAta,cf,asf-pAwa
mw,21196,asoQa,cf,a/-zAQa
mw,21224,askfDoyu,cf,kfDu/
mw,21265,astamIke,cf,samIka/
mw,21273,astaka,cf,sv-astaka/
mw,21389,asTija,cf,akzaja
mw,21428,asTika,cf,an-asTika
mw,21509,asmAka,cf,a/pAka
mw,21509,asmAka,cf,AsmAka/
mw,21533,asra,cf,a/sfj
mw,21561,asrIvi,cf,rAja-vi
mw,21562,asrIvI,cf,vI
mw,21715,ahar,cf,a/haS ca kfzRa/m a/har a/rjunam ca
mw,21740,aharlokA,cf,BA/j
mw,21835,ahidviz,cf,-jit
mw,21839.1,ahinilvayanI,cf,-nirvlayanI/
mw,21890,ahI,cf,ahISu/va
mw,21915,ahitA,cf,hitA/
mw,21945,ahIraRi,cf,a/hi
mw,22015.85,A,cf,A-jarasa/m
mw,22015.85,A,cf,A-kopa
mw,22037,Akan,cf,A-√ kA
mw,22074,Akalla,cf,Akula-kft
mw,22082,AkA,cf,A-√ kan
mw,22150.2,AkASAnantyAyatanopaga,cf,AkASAnantyAyatana
mw,22158.2,AkiMcanyAyatanopaga,cf,AkiMcanyAyatana
mw,22243,Akarza,cf,Akarza-Palaka
mw,22291,Ake,cf,a/pAka
mw,22291.05,Ake,cf,akzi
mw,22319,Akrama,cf,dur-Akr˚
mw,22362,AklI,cf,vi-klI
mw,22386,Akzit,cf,a/nAkzit
mw,22460.1,AKuyAna,cf,-ga
mw,22475.1,AKaRqalASA,cf,AKaRqalakakuB
mw,22544,Agata,cf,a/n-Agata
mw,22643,AgAraDUma,cf,gfha-D˚
mw,22656,Agara,cf,amA-vAsya/
mw,22672,AgnipAvamAnI,cf,Agneya-pAv˚
mw,22709,Agneya,cf,AgnimAruta/
mw,22854,ANgUzya,cf,aNgozi/n
mw,22894,AcaraRa,cf,sv-Ac˚
mw,22983,Acopaca,cf,Aca-parAca
mw,23016,AcCfd,cf,a/n-ACfRRa
mw,23152,AjIvya,cf,sv-Aj˚
mw,23154,AjYA,cf,a/n-AjAnat
mw,23220,AYjanagiri,cf,aYjana
mw,23233,AYjineya,cf,aYjanikA
mw,23238,Awa,cf,Ataka
mw,23247,Awi,cf,Aqi
mw,23251,AwIkana,cf,AwIlaka
mw,23299,AQyamBavizRu,cf,an-AQyam-BavizRu
mw,23311,ARi,cf,aRi
mw,23337,AtaNka,cf,nirAt˚
mw,23346,Atata,cf,a/n-At˚
mw,23355,AtAyin,cf,AtApin
mw,23392.1,Ati,cf,Aqi
mw,23434,Atura,cf,an-Atura/
mw,23455,Atman,cf,tma/n
mw,23515,Atmatantra,cf,sva-tantra
mw,23644,Atmastuti,cf,stutIr
mw,23659,AtmADIna,cf,Atma-vIra
mw,23710,Atmya,cf,an-
mw,23763,AdA,cf,punar-AdAyam
mw,23817,Adikartf,cf,-kara
mw,23900,Adyakavi,cf,Adi-kavi
mw,23910.40,Aditya,cf,punar-vasu
mw,23968,Adinava,cf,AdInava
mw,24103,ADAna,cf,agny-A˚
mw,24143,ADeya,cf,agnyA˚
mw,24187,ADI,cf,A-DyE
mw,24215,ADara,cf,dur˚
mw,24240,ADarza,cf,dur˚
mw,24251,ADarzya,cf,an˚
mw,24254,ADfzwa,cf,an˚
mw,24255,ADfzwi,cf,an˚
mw,24271,ADmApana,cf,Salya
mw,24286,ADyE,cf,A-√ DI
mw,24409,Anandamaya,cf,Ananda
mw,24465,Anama,cf,dur˚
mw,24598,AnurAhati,cf,AnuhArati
mw,24620,Anuzak,cf,anuzak
mw,24645,AnUpa,cf,anUpa
mw,24678,AnEpuRa,cf,a-nEpuRa
mw,24679,AnESvarya,cf,an-ESvarya
mw,24743.1,Ap,cf,apna
mw,24745,Apa,cf,dur˚
mw,24870,Apatkalpa,cf,Apad-Darma
mw,24908,ApayA,cf,ApagA
mw,24913,Apala,cf,ApAla
mw,24970,ApAla,cf,Apala
mw,25040,Apeyatva,cf,Apyeya
mw,25058,Apya,cf,vApya
mw,25068,ApInavat,cf,ApyAna-vat
mw,25172.1,APIna,cf,a-Pena
mw,25203,Abila,cf,Avila
mw,25210,Abfh,cf,A-vfh
mw,25448,AmaRqa,cf,amaRqa
mw,25581,AmfRa,cf,an-A˚
mw,25582,Amfta,cf,an-A˚
mw,25815,Ayavan,cf,ayava
mw,25849,AyAna,cf,ayAna
mw,25866,Ayu,cf,Ayus
mw,25875,AyuHpati,cf,Ayuzpati
mw,25879,AyuHzwoma,cf,A/yus
mw,25923,Ayus,cf,Ayu
mw,26162,ArAt,cf,Are/
mw,26211,AriS,cf,A-liS
mw,26213,Arih,cf,A-lih
mw,26245,Aroga,cf,A-rAga
mw,26274,Aruzkara,cf,aruz˚
mw,26528,ArDika,cf,arDa-sIrin
mw,26631,Arza,cf,vivAha
mw,26790,Ali,cf,ali
mw,26794,Ali,cf,Avali
mw,26803,Alin,cf,alin
mw,26841,AliYjara,cf,aliYjara
mw,26842,Alinda,cf,alinda
mw,26959,Avanta,cf,avanta
mw,27000,Avaya,cf,Avi
mw,27005,Avayas,cf,aBi-vayas
mw,27013.5,AvalI,cf,Avali
mw,27349,Avraska,cf,an˚
mw,27352,ASa,cf,dur˚
mw,27355,ASa,cf,prAtar-ASa
mw,27356,ASaka,cf,an˚
mw,27725,ASliz,cf,A-Sre/za
mw,27826.1,AzAQa,cf,su-z˚
mw,27867,Asita,cf,dur-˚
mw,28051,Asura,cf,vivAha
mw,28232.1,AsPura,cf,A-sPAra
mw,28355,Ahuta,cf,BUta-yajYa
mw,28501,AhAva,cf,A-hvAna
mw,28537.1,i,cf,i/tara
mw,28539,i,cf,ay
mw,28539,i,cf,ita
mw,28543,ita,cf,anita
mw,28686,iqa,cf,ila
mw,28693,iqA,cf,id
mw,28731,itaretara,cf,anyo'nya
mw,28786,itIka,cf,Ijika
mw,28858,indu,cf,i/ndra
mw,28916,induvrata,cf,cAndrAyaRa
mw,28924,indUra,cf,undura
mw,29125,indraSrezWa,cf,indra-jyezWa
mw,29207,indrARI,cf,indra
mw,29342,ir,cf,il
mw,29356.50,irA,cf,iqA
mw,29380,irin,cf,irasya
mw,29412.1,ilAvfta,cf,varza
mw,29418,ilivila,cf,iqaviqa
mw,29421,ilISa,cf,illiSa
mw,29427,illiSa,cf,ilISa
mw,29445,izavya,cf,anizavya^
mw,29540,iz,cf,iw-cara
mw,29667.1,is,cf,iz-√ kf
mw,29740,Idfkza,cf,tadfkza
mw,29747,Int,cf,ant
mw,29761,Ir,cf,Il
mw,29778,IryApaTa,cf,EryApaTikI
mw,29820,Il,cf,Ir
mw,29975,IzikA,cf,izIkA
mw,30015,uktapuMska,cf,BAzita-puMska
mw,30492,ucCvas,cf,uc-CvAsita
mw,30555.2,ujjiGra,cf,jiGra
mw,30729,utkawikAsana,cf,utkuwaka
mw,30825,utkuRa,cf,matkuRa
mw,30851,utkfz,cf,ut-kfzwa
mw,31026,uttaTya,cf,utaTya
mw,31076,uttama,cf,an-uttama
mw,31101,uttamapuruza,cf,maDyama-puruza
mw,31154,uttarA,cf,uttara-PalgunI
mw,31226,uttarapakza,cf,pUrva-pakza
mw,31251,uttaraprozWapadA,cf,prozWapadA
mw,31256,uttaraBadrapadA,cf,BAdrapadA
mw,31332,uttarAzAQA,cf,azAQA
mw,31433,uttara,cf,dur-uttara
mw,31479,utTA,cf,ut-tamB
mw,31731,utpAdaka,cf,UrDvapAda
mw,32053,utsrotas,cf,UrDva-srotas
mw,32060,utta,cf,unna
mw,32144,udaka,cf,upa-√ spfS
mw,32186,udakavAdya,cf,jala-taraNgiRI
mw,32327,udan,cf,vy-√ an
mw,32430,udaSru,cf,ud-asra
mw,32760.1,udgAla,cf,ud-gAra
mw,32791,udgE,cf,ud-gAtf/
mw,33059.1,uddrutya,cf,anu-√ dru
mw,33149,udDUzaRa,cf,ud-DuzaRa
mw,33417,udyatparvata,cf,udaya-giri
mw,33517,udruja,cf,kUlam-udruja
mw,33534,udvana,cf,pravaRa
mw,33566,udvasa,cf,dur-vasa
mw,33615,udvA,cf,ud-√ vE
mw,33723,udvftta,cf,un-maRqala
mw,33901,unmad,cf,un-mand
mw,33934,unmadita,cf,a/n-unmadita
mw,34426,upacakra,cf,cakra
mw,34441,upacarita,cf,upa-cAra
mw,34840,upaDUmitA,cf,pra-DUmita
mw,34857,upaDvasta,cf,Dvasta
mw,34925.1,upaniDyAtavya,cf,ni-√ DyE
mw,35217,upabfh,cf,upa-√ vfMh
mw,35297,upamanyu,cf,Opamanyava
mw,35489,uparanDra,cf,ranDra
mw,35541,uparipAtra,cf,UrDva-pAtra
mw,35547,uparibfhatI,cf,uparizwAd-bfhatI
mw,35587,uparizwAdbfhatI,cf,purastAd-bf˚
mw,35783,upavAka,cf,indra-yava
mw,36211,upasecana,cf,anupa˚
mw,36310,upasti,cf,aBi-zwi
mw,36320,upastf,cf,gfnIzaRi
mw,36335,upasTA,cf,upasTita
mw,36398,upasTita,cf,sTita
mw,36638,upAtta,cf,A-tta
mw,36702,upAnah,cf,an-upA˚
mw,36803,upAvasfzwa,cf,upa-sfzwa
mw,37042,upoh,cf,upa-√ vah
mw,37081,uBayaSiras,cf,-muKa
mw,37193,umbI,cf,ulumbA
mw,37221,uraRa,cf,UrRu
mw,37229,uraBra,cf,OraBra
mw,37234.1,urarI,cf,urasi kftvA
mw,37280,urogama,cf,uraM-ga
mw,37283,uroja,cf,urasi-ja
mw,37375,urvI,cf,uru/
mw,37431.1,urvAru,cf,irvAru
mw,37457,ulumbA,cf,umbI
mw,37496,ulUpa,cf,ulapa
mw,37498,ulUli,cf,ululi
mw,37666,uSAnA,cf,uSAna/
mw,37695,uza,cf,Uza
mw,37705,uzaRA,cf,UzaRa
mw,37738,uzAkala,cf,uzaH˚
mw,37856,uza,cf,uSa-dah
mw,37941.2,UKa,cf,uKa
mw,37967.1,UQA,cf,an-UDA
mw,37969,URi,cf,oRi/
mw,37972,UtIka,cf,pUtIka
mw,38092.4,UrRA,cf,u/raRa
mw,38185,UrDvadeha,cf,OrDvadehika
mw,38191,UrDvaMdama,cf,OrDvaMdamika
mw,38216.1,UrDvaBAgahara,cf,UrDva-BAga
mw,38352,Uzman,cf,uzman
mw,38393,UQa,cf,aByUQa
mw,38689,fkzalA,cf,fcCa/rA
mw,38696,fc,cf,arka/
mw,38707,fksaMSita,cf,ASAsaMSita
mw,38758,fc,cf,fg-veda
mw,38760,fca,cf,tryfca
mw,38776,fj,cf,arj
mw,38845,fjra,cf,a/rjuna
mw,38930,fD,cf,fDa/d
mw,38930,fD,cf,rAD
mw,38983,fSya,cf,riSya
mw,39002,fzaBa,cf,vfzaBa
mw,39004,fzaBa,cf,puruzarzaBa
mw,39045,fzwizeRa,cf,rizwi
mw,39047,fzi,cf,fzi-kft
mw,39103,fziloka,cf,deva-loka
mw,39105,fziSfNga,cf,fSya-Sf˚
mw,39280,ekatAna,cf,tAna
mw,39435,ekapAda,cf,eka-pa/d
mw,39713,ekahaMsa,cf,haMsa
mw,39779,ekAtmya,cf,EkAtmya
mw,39981,ejaya,cf,janam-ejaya
mw,39997,eqaka,cf,Eqaka
mw,40095,ediDizuHpati,cf,agre-diDizu
mw,40115,ena,cf,eRa
mw,40158,elavila,cf,Elavila
mw,40168.1,elAvAluka,cf,elav˚
mw,40194,evam,cf,evaM-vi/d
mw,40240.2,evAza,cf,ye/v˚
mw,40283,ehas,cf,an-eha/s
mw,40365,Eqa,cf,Ela
mw,40379,Eqaviqa,cf,Elavila
mw,40504,ErAvata,cf,nAga
mw,40539,Elavila,cf,Eqaviqa
mw,40590,oka,cf,an-oka-SAyin
mw,40614,oGa,cf,OGa
mw,40625,ojas,cf,ugra
mw,40655,oqikA,cf,odana/
mw,40696,odman,cf,olla
mw,40705,oMkAra,cf,vijayoMkAra
mw,40721,olaRq,cf,ulaq
mw,40728.1,ozadAvan,cf,ozizWa-d˚
mw,40816,OGa,cf,oGa
mw,40837,OqavA,cf,oqava
mw,40848,OtaTya,cf,OcaTya/
mw,41031.1,OpajaNGani,cf,˚janDani
mw,41071,Opamya,cf,anOp˚
mw,41227,Orva,cf,vaqavA-muKa
mw,41254,OlUkya,cf,ulUka
mw,41335,kavarga,cf,varga/
mw,41371,kaMsa,cf,ayas-kaMsa
mw,41413,kakAwikA,cf,kfkAwikA
mw,41414,kakuYjala,cf,kapiYjala
mw,41415,kakuWa,cf,kakkawa
mw,41426,kakud,cf,tri-kakud
mw,41463,kakuB,cf,kakud
mw,41492,kakuBAkAra,cf,kakuBa
mw,41493,kakuBAdanI,cf,nalI
mw,41515,kakza,cf,kac
mw,41542,kakzapa,cf,kacCapa
mw,41547,kakzaSAya,cf,kaNka-SAya
mw,41574,kakzIkf,cf,aNgI-√ kf
mw,41581,kakzyA,cf,badDa-kakzya
mw,41632,kaNkaSAya,cf,kakza-SAya
mw,41651,kaNkaRI,cf,kakzA
mw,41710.1,kac,cf,kaYc
mw,41718,kacA,cf,a-kaca
mw,41726,kacapASa,cf,keSa-pASa
mw,41731,kacAkaci,cf,keSA-keSi
mw,41736,kacela,cf,kAcana
mw,41744,kacu,cf,kacvI
mw,41750,kaccara,cf,kaNkara
mw,41752.1,kacCa,cf,kakza
mw,41835.1,kaYc,cf,kac
mw,41854,kaYcukita,cf,pulakakaYcukita
mw,41874,kaMjavadana,cf,vadanakaMja
mw,41894,kaw,cf,caw
mw,41896,kawa,cf,kawi
mw,41906,kawa,cf,ut-kawa
mw,42028,kawiproTa,cf,kata-pr˚
mw,42127,kawUzaRa,cf,UzaRa
mw,42161,kawvara,cf,kawura
mw,42164.1,kawakawA,cf,kiwakiwAya
mw,42167,kawuNkatA,cf,KawuNka
mw,42179,kaWamarda,cf,kawa-marda
mw,42180,kaWara,cf,kaWina
mw,42185,kaWikA,cf,kaWinI
mw,42195,kaWina,cf,vaMSa-kaWina
mw,42214,kaWilla,cf,kaWalya
mw,42216,kaWillaka,cf,kaWiYjara
mw,42258,kaq,cf,kaRq
mw,42273,kaqandikA,cf,kalandikA
mw,42288,kaR,cf,can
mw,42302,kaRa,cf,kanizWa
mw,42341.3,kaRIci,cf,kanIci
mw,42354,kaReru,cf,kareRu
mw,42355,kaRw,cf,kaw
mw,42356,kaRwa,cf,tri-kaRwa
mw,42388,kaRwaka,cf,karaka˚
mw,42389,kaRwaka,cf,kaRwakita
mw,42391,kaRwaka,cf,kzudra-Satru
mw,42413,kaRwakaPala,cf,kaRwaki-Pala
mw,42457,kaRWa,cf,A-kaRWa-tfpta
mw,42458,kaRWa,cf,sanna-kaRWa
mw,42467,kaRWakubja,cf,aDara-kaRWa
mw,42525,kaRWABaraRa,cf,kavika˚
mw,42530,kaRWevidDa,cf,kARWevidDi
mw,42550,kaRWalA,cf,kaRqola
mw,42560,kaRq,cf,kaq
mw,42567,kaRqikA,cf,kARqa
mw,42569,kaRqIra,cf,gaRqIra
mw,42581,kaRqU,cf,sa-kaRqUka
mw,42611,kaRqola,cf,kaRWAla
mw,42612,kaRqolI,cf,kawola
mw,42638,kaRvAya,cf,kaRva
mw,42656,katikftvas,cf,kati
mw,42675,katamAla,cf,kacamAla
mw,42690,katr,cf,kart
mw,42749,kaTodGAta,cf,udGAtyaka
mw,42790,kadamba,cf,kAdamba
mw,42807,kadambikA,cf,kalambikA
mw,42854,kadvara,cf,kaNkara
mw,42860,kattryAdi,cf,kAttreyaka
mw,42869,kadaka,cf,kandaka
mw,42875,kadara,cf,kaNkara
mw,42909,kadrUka,cf,gadrUka
mw,42914,kaDapriya,cf,aDapriya
mw,42916,kaDi,cf,kaM-Di
mw,42917.1,kan,cf,kA
mw,42937,kanakagErika,cf,kAYcana-gE˚
mw,42996,kanakAcala,cf,hema-parvata
mw,43015,kana,cf,kaRa
mw,43024,kanAnakA,cf,kanI/nakA
mw,43032,kanizWA,cf,kaRa
mw,43166,kanIci,cf,kaRIci
mw,43169,kanerA,cf,kaRerA
mw,43217,kandasaMjYa,cf,kanda
mw,43227,kandotTa,cf,kandowa
mw,43311,kaMDa,cf,kaM-da
mw,43351,kaparda,cf,ca/tuz-kaparda
mw,43380,kapAla,cf,trikapAla
mw,43390,kapAla,cf,kapAla-saMDi
mw,43416,kapAlaka,cf,kApAlika
mw,43424,kapAlin,cf,kApAlika
mw,43458,kapiDvaja,cf,-ketana
mw,43473,kapiraTa,cf,-praBu
mw,43627,kapiYjalAda,cf,kApiYjalAdi
mw,43628,kapiYjalArma,cf,arma
mw,43698,kaPa,cf,abDik˚
mw,43736,kab,cf,kav
mw,43909,kamanDa,cf,kabanDa
mw,43915,kampa,cf,BUmi-kampa
mw,43943,kampin,cf,SiraH-kampin
mw,43951,kampya,cf,a-kampya
mw,43969,kambala,cf,kamala
mw,43972,kambalacArAyaRIya,cf,odana-pARinIya
mw,44021,kamboja,cf,kAmboja
mw,44037,kara,cf,duHKakara
mw,44037.2,kara,cf,Izatkara
mw,44039,karakawa,cf,karawa
mw,44042,karakamala,cf,-padma
mw,44049,karakoza,cf,-kalASa
mw,44052,karagrahaRa,cf,pARi-gr˚
mw,44105,karapattrikA,cf,-pattra
mw,44111,karapAtra,cf,-pattra
mw,44158,karavAla,cf,-pAla
mw,44174,karavIra,cf,kara-vIra-pura
mw,44185,karavIrapura,cf,karavIra
mw,44232,karotpala,cf,-kamala
mw,44240,karaRa,cf,antakaraRa
mw,44240.54,karaRa,cf,karaRa-prayoga
mw,44240.66,karaRa,cf,antaH-karaRa
mw,44267,karaRi,cf,a-karaRi
mw,44295,karaBaka,cf,karaBa-grAma
mw,44300,kari,cf,Sakft-k˚
mw,44319,karipattra,cf,tAlISa-pattra
mw,44393,karakAyu,cf,kanakAyu
mw,44430,karawu,cf,karewavyA
mw,44473,karavI,cf,karvarI
mw,44530,karira,cf,karIra
mw,44610,karequka,cf,karawu
mw,44616,karowaka,cf,karkowaka
mw,44621,karka,cf,karaNka
mw,44674,karkawAhvA,cf,-SfNgI
mw,44680,karkawaka,cf,karkawa
mw,44691,karkawu,cf,karawu
mw,44707,karkara,cf,karPara
mw,44711,karkara,cf,karaNka
mw,44715,karkarAnDaka,cf,karka/nDu
mw,44775,karcUra,cf,karbura
mw,44776,karcUraka,cf,karbUraka
mw,44779,karRa,cf,apikarRa/
mw,44955,karRAkarRi,cf,keSAkeSi
mw,45021,karRi,cf,karRika
mw,45113,kartf,cf,Baya-kartf
mw,45114,kartf,cf,suvarRa-kartf
mw,45146,kard,cf,pard
mw,45147,karda,cf,kardama
mw,45236,karPara,cf,karkara
mw,45278,karman,cf,karma-pAka
mw,45296,karmakArin,cf,tat-k˚
mw,45301,karmakft,cf,tIkzRa-k˚
mw,45310,karmakzetra,cf,-BUmi
mw,45315,karmaGAta,cf,-kzaya
mw,45356,karmapAka,cf,-vipAka
mw,45376,karmaBUmi,cf,-kzetra
mw,45376,karmaBUmi,cf,Pala-BUmi
mw,45393,karmaraNga,cf,-Pala
mw,45483,karmaka,cf,a-k˚
mw,45500,karmara,cf,karmAra
mw,45502,karmaraka,cf,karma-raNga
mw,45519,karmIRa,cf,anuzwu/p-karmI/Ra
mw,45522,karv,cf,Karv
mw,45525.1,karvawa,cf,kAvawa
mw,45528.4,karvara,cf,karbu
mw,45531,karSana,cf,karzaRa
mw,45552,karzaRa,cf,keSa-k˚
mw,45553,karzaRa,cf,Danuz-k˚
mw,45562,karzi,cf,kA/rzi
mw,45594,kalana,cf,kalaka
mw,45595,kalana,cf,kalaNka
mw,45641,kalatUlikA,cf,-kURikA
mw,45654,kalanAda,cf,-haMsa
mw,45659,kalamUka,cf,kalla-mUka
mw,45704,kalawa,cf,kuwala
mw,45705,kalata,cf,Kalati
mw,45742,kalamba,cf,kaqamba
mw,45752,kalala,cf,kalana
mw,45753,kalalaja,cf,kala-kala
mw,45757,kalaviNka,cf,kalaNka
mw,45762,kalaSa,cf,stana-k˚
mw,45819,kalahu,cf,karahu
mw,45831,kalA,cf,kalana
mw,45861,kalApa,cf,jawA-k˚
mw,45861.28,kalApa,cf,kriyA-k˚
mw,45861.44,kalApa,cf,kalApa-grAma
mw,45883,kalAvikala,cf,kalavi/Nka
mw,45900,kalikA,cf,kAnta-k˚
mw,45903,kalAkula,cf,halAhala
mw,45910,kalADika,cf,kalAvika
mw,45913,kalAmaka,cf,kalama
mw,45923,kalASuri,cf,kalacuri
mw,45924,kalAhaka,cf,kAhala
mw,45994,kaliYja,cf,kiliYja
mw,46055,kalka,cf,kaluza
mw,46072,kalpa,cf,paSu-k˚
mw,46074,kalpa,cf,vikalpa
mw,46080,kalpa,cf,praBAta-k˚
mw,46089,kalpa,cf,-Bava
mw,46097,kalpataru,cf,paYca-vfkza
mw,46097,kalpataru,cf,saMkalpa-vizaya
mw,46109,kalpadruma,cf,kavi-k˚
mw,46130,kalpalatA,cf,kavik˚
mw,46162,kalpAnta,cf,pralaya
mw,46173,kalpaka,cf,kalpanI
mw,46221,kalmaza,cf,jala-k˚
mw,46245,kalmAzakaRWa,cf,nIla-kaRWa
mw,46256,kalya,cf,a-k˚
mw,46263,kalya,cf,kala
mw,46268,kalya,cf,kadambarI
mw,46275,kalyapAla,cf,SaRqika
mw,46409,kav,cf,kab
mw,46418,kava,cf,kavatnu/
mw,46427,kavaca,cf,bIja
mw,46432,kavacapattra,cf,BUrja-pattra
mw,46443,kavaqa,cf,kavala
mw,46453,kavayI,cf,kavikA
mw,46468,kavarakI,cf,vandi
mw,46469,kavarga,cf,varga
mw,46488,kavaz,cf,kavi/
mw,46496,kavasa,cf,ka/vaca
mw,46499,kavAwa,cf,kavawI
mw,46506,kavAra,cf,kavela
mw,46518,kavi,cf,a/Ngiras
mw,46532,kavi,cf,kava/z
mw,46539,kavi,cf,kavikA
mw,46540,kavi,cf,kambi
mw,46542,kavikamalasadman,cf,kamala
mw,46550,kavicCad,cf,Cad
mw,46600,kavikA,cf,kavayI
mw,46605,kavIya,cf,kaviya
mw,46624,kavyavAhana,cf,kravya-v˚
mw,46627,kavUla,cf,kaMvUla
mw,46629,kavela,cf,kavAra
mw,46632,kaSa,cf,kaSIkA/
mw,46633,kaSa,cf,prakaSa/
mw,46636,kaSaplaka,cf,plaka
mw,46650,kaSya,cf,kASya
mw,46654,kaSas,cf,kaSo-jU/
mw,46667,kaSIkA,cf,ka/Sa
mw,46675,kaSeruyajYa,cf,kASeruyajYika
mw,46683.1,kaSojU,cf,kaz
mw,46694,kaSmIra,cf,kASmIra
mw,46704,kaSyapa,cf,kASyapa
mw,46708,kaSyapa,cf,kASyapeya
mw,46779,kazAya,cf,kAzAya
mw,46789,kazAyavasana,cf,kazAya
mw,46861,kas,cf,kaS
mw,46877,kasun,cf,vi-sf/pas
mw,46882,kastIra,cf,kAstIra
mw,46896,kasmAt,cf,a-kasmAt
mw,46905,kahlAra,cf,kalhAra
mw,46909,kA,cf,anu-
mw,46910,kAMSi,cf,kAMsya
mw,46945,kAka,cf,kE
mw,46946,kAka,cf,tIrTa-kAka
mw,47011,kAkadanta,cf,SaSa-vizARa
mw,47017,kAkaDvaja,cf,Orva
mw,47162,kAkaruka,cf,kAka-rava
mw,47177,kAkalIrava,cf,kala-rava
mw,47183,kAkAla,cf,kAka
mw,47207,kAku,cf,sevA-kAku
mw,47218,kAkud,cf,kakud
mw,47225,kAkuBa,cf,pragATa
mw,47233,kAkola,cf,kAka
mw,47236,kAkola,cf,kulAla
mw,47266,kAga,cf,kAka
mw,47284,kANkzI,cf,kAkzI
mw,47288,kANguka,cf,kaNgu
mw,47322,kAcana,cf,kacela
mw,47336,kAcCa,cf,kAkzI
mw,47345,kAYc,cf,kac
mw,47355,kAYcana,cf,kAYcana-praBa
mw,47422,kAYcI,cf,kAYci
mw,47427,kAYcIguRasTAna,cf,kAYcIpada
mw,47452,kAwAkza,cf,kAwa/
mw,47477,kARaBUti,cf,a/-kARa
mw,47489,kARUka,cf,kARa/
mw,47500,kARqa,cf,KaRqa
mw,47500,kARqa,cf,tri-k˚
mw,47500,kARqa,cf,tri-k˚
mw,47500.35,kARqa,cf,kARqa-Bagna
mw,47500.60,kARqa,cf,a-kARqa
mw,47526,kARqapfzWa,cf,kARqa-spfzwa
mw,47547,kARqavIRA,cf,kARqola-vIRA
mw,47550,kARqaspfzwa,cf,-pfzWa
mw,47565,kARqAla,cf,kARqola
mw,47567,kARqikA,cf,laNkA
mw,47575,kARqerI,cf,kIqera
mw,47595,kARvya,cf,kARva
mw,47613,kAtala,cf,kAtara
mw,47615,kAtalAyana,cf,kAtarAyaRa
mw,47616,kAti,cf,fRa-ci/t
mw,47623,kAtu,cf,kAwa/
mw,47624,kAtfRa,cf,kattfRa
mw,47689.1,kAna,cf,kvARa
mw,47714,kAnIna,cf,kanInaka
mw,47723,kAnta,cf,sUrya-k˚
mw,47746,kAntalOha,cf,loha-kAnta
mw,47748,kAntAyasa,cf,-pAzARa
mw,47771,kAntidAyaka,cf,kAlIyaka
mw,47783,kAntInagarI,cf,kAnti-pura
mw,47811,kAMdama,cf,gAM-dama
mw,47857,kApAlin,cf,kapAlin
mw,47945,kAma,cf,kAma-deva
mw,47948,kAma,cf,kAma-pAla
mw,47965,kAma,cf,go-k˚
mw,47965,kAma,cf,tyaktu-k˚
mw,47994,kAmaKaqgadalA,cf,svarRa-ketakI
mw,48045,kAmataru,cf,-vfkza
mw,48047.1,kAmatas,cf,a-kAma-tas
mw,48162,kAmareKA,cf,-leKA
mw,48165,kAmaleKA,cf,-reKA
mw,48267,kAmAvasAyitA,cf,yatra-kAm˚
mw,48267.1,kAmAvasAyitva,cf,yatra-kAm˚
mw,48416,kAmpilya,cf,kampila
mw,48515,kAraka,cf,siMha-k˚
mw,48551,kAraRatas,cf,kArya-k˚
mw,48608,kAraRqa,cf,karaRqa
mw,48611,kAraRqavyUha,cf,karaRqa-vy˚
mw,48622,kAramBA,cf,kar˚
mw,48625,kAravallI,cf,kAravella
mw,48971,kArzApaRa,cf,karz
mw,48980,kArzi,cf,karzi/
mw,48985,kArzika,cf,tila-k˚
mw,49129,kAlapAlaka,cf,-kuzWa
mw,49131,kAlapucCa,cf,asita-pucCaka
mw,49133,kAlapucCaka,cf,asita-pucCaka
mw,49181,kAlavAla,cf,-pAlaka
mw,49185,kAlavfkza,cf,kulatTa
mw,49231,kAlAmuKa,cf,kAlI-m˚
mw,49286,kAlakavfkzIya,cf,kAla-v˚
mw,49326,kAlItanaya,cf,haMsakAlI-t˚
mw,49331,kAlImuKa,cf,kAlA-m˚
mw,49382,kAle,cf,a-kAle
mw,49391,kAlakArita,cf,kAla-kfta
mw,49415,kAlacakra,cf,ava-sarpiRI
mw,49486,kAlaBft,cf,-kft
mw,49612,kAlya,cf,kalya
mw,49617,kAlakIla,cf,kalakala
mw,49676,kAliYjara,cf,kAlaYj˚
mw,49736,kAvawa,cf,karvawa
mw,49904,kASya,cf,kASa
mw,50117,kAsara,cf,kA-sfti
mw,50123,kAsU,cf,kASU
mw,50137,kAhakA,cf,kAhalA
mw,50238.1,kiwa,cf,kIluza
mw,50242,kiwi,cf,kira
mw,50254,kiwwa,cf,tila-k˚
mw,50267,kiRva,cf,taRqula-k˚
mw,50268,kiRvin,cf,kinDin
mw,50277,kitava,cf,DUrta
mw,50294.1,kim,cf,uta/
mw,50323,kiMSuka,cf,palASa/
mw,50352,kiMkartavyatA,cf,iti-kart˚
mw,50366,kiMcanya,cf,a-kiMcana
mw,50382,kiMjapya,cf,kiM-dAna
mw,50389,kiMtuGna,cf,kiM-s-tu-Gna
mw,50400,kiMnara,cf,vA-nara
mw,50489,kira,cf,mft-kirA
mw,50490,kira,cf,kiwi
mw,50517,kirika,cf,gir˚
mw,50520,kirAwa,cf,kirIwa
mw,50524,kirAta,cf,kubja-k˚
mw,50568,kirmira,cf,karbara
mw,50591,kilakila,cf,kilikila
mw,50625,kilima,cf,deva-dAru
mw,50671,kis,cf,na/kis
mw,50692,kIkasa,cf,kEkasa
mw,50711,kIwa,cf,SUra-k˚
mw,50739,kIdfkza,cf,Idfkza
mw,50749,kIna,cf,kIra
mw,50773.1,kIri,cf,karuRa
mw,50824,kIrtiSeza,cf,AleKya-S˚
mw,50895.1,kIlinI,cf,adri-kIlA
mw,50896,kIvat,cf,ki/yat
mw,50898,kISa,cf,ambu-k˚
mw,50902,kISaparRI,cf,keSa-p˚
mw,51083,kupuruza,cf,kA-pur˚
mw,51085,kupUya,cf,ka-p˚
mw,51091,kubanDa,cf,aNka-banDa
mw,51134,kumodaka,cf,kOmodakI
mw,51311,kukUvAc,cf,ku-ku-vAc
mw,51313,kukola,cf,koli
mw,51320,kukkuwa,cf,kukkura
mw,51326,kukkuwI,cf,kOkkuwika
mw,51334,kukkuwamaRqapa,cf,mukti-maRqapa
mw,51361,kukkuwImarkawIvrata,cf,kukkuwa-vrata
mw,51375,kukkuvAc,cf,kukU-vAc
mw,51417,kuc,cf,kuYc
mw,51445,kujamBala,cf,kumBila
mw,51446,kujjiSa,cf,kuqiSa
mw,51462,kuYcikA,cf,keli-k˚
mw,51513,kuYjala,cf,kAYjika
mw,51515,kuw,cf,kuww
mw,51516,kuwa,cf,kuwi
mw,51525,kuwaja,cf,indra-yava
mw,51608,kuwIra,cf,kuYja-k˚
mw,51644,kuwuNgaka,cf,kuwaNka
mw,51677,kuwwa,cf,aSma-k˚
mw,51684,kuwwaka,cf,aSma-k˚
mw,51692,kuwwana,cf,SilA-k˚
mw,51712,kuwwAra,cf,kuwIra
mw,51716,kuWa,cf,kuwa
mw,51762,kuqmala,cf,stana-k˚
mw,51796,kuRapI,cf,viw-sArikA
mw,51803,kuRAru,cf,kuRi
mw,51824,kuRW,cf,guRW
mw,51824,kuRW,cf,avakuRWana
mw,51840,kuRWita,cf,vi-
mw,51845,kuRqa,cf,agni-kuRqa
mw,51875,kuRqapAyin,cf,kORqapAyina
mw,51892,kuRqAvfza,cf,kuRqIviza
mw,51952,kuRqalikA,cf,vAta-k˚
mw,51976,kuRqIviza,cf,kuRqI-vfza
mw,51983.40,kutas,cf,a-kutoBaya
mw,51983.45,kutas,cf,akutaScid-Baya
mw,51990,kutasta,cf,kOtasta
mw,51994,kutuka,cf,kOtuka
mw,52007,kutUhala,cf,kOtUhala
mw,52031,kutsa,cf,kO/tsa
mw,52035,kutsAyana,cf,kOtsAyana
mw,52049,kuTumin,cf,kuWumi
mw,52053,kudAla,cf,kuddAla
mw,52087,kunAla,cf,kuRAla
mw,52133,kuntI,cf,karRa
mw,52133,kuntI,cf,mAdrI
mw,52180,kundr,cf,kud
mw,52241,kubja,cf,nyubja
mw,52289,kumAra,cf,kumAraka
mw,52290,kumAra,cf,kumAlaka
mw,52446.1,kumudaSyenI,cf,SyenI
mw,52518,kumBakAmalA,cf,kumBa-pAda
mw,52548,kumBamaRqUka,cf,kUpa-maRqUka
mw,52568,kumBARqa,cf,kumBa/-muzka
mw,52715,kuru,cf,kOrava
mw,52760,kuruwa,cf,kuraRwa
mw,52783,kuruvinda,cf,kuru-bilvaka
mw,52816,kula,cf,kula-giri
mw,52820,kula,cf,kOla
mw,52929,kulaBftyA,cf,kumAra-BftyA
mw,52990,kulAkula,cf,kula-vAra
mw,53008,kulADAraka,cf,kula-DAr˚
mw,53086,kulya,cf,rAja-k˚
mw,53102,kulawA,cf,kumAra-k˚
mw,53106,kulatTa,cf,aSvatTa
mw,53111,kulatTikA,cf,araRyak˚
mw,53234,kulva,cf,a/ti-k˚
mw,53238,kuva,cf,kuvala
mw,53258,kuvalaya,cf,kuvala
mw,53302,kuSa,cf,kASa
mw,53304,kuSa,cf,kuSIlava
mw,53308,kuSA,cf,ka/SA
mw,53309,kuSA,cf,ka/SA
mw,53343,kuSavatI,cf,kuSA-vatI
mw,53441,kuSAmba,cf,kUS˚
mw,53470,kuSIlava,cf,kuSin
mw,53496,kuzumBa,cf,kusumBa
mw,53548,kuzmARqa,cf,kUzm˚
mw,53574,kusIda,cf,kuzIda
mw,53694,kustumbarI,cf,tumburI
mw,53790,kUcikA,cf,kUrcikA
mw,53827,kUwa,cf,kuwaja
mw,53832,kUwa,cf,kuwa
mw,53922,kURakucCa,cf,kORakutsya
mw,53937,kUpa,cf,anUpa/
mw,54031,kUrcikA,cf,kUcikA
mw,54100,kUla,cf,aja-kUlA
mw,54122,kUlikA,cf,kURikA
mw,54135,kUSAmba,cf,kuS˚
mw,54148,kf,cf,kftakzaRa
mw,54172,kfta,cf,kfta-jYa
mw,54251,kftadAra,cf,dAra-kriyA
mw,54362.1,kftavIrya,cf,kArtavIrya
mw,54559,kfti,cf,kftyA
mw,54569,kftikara,cf,kftyA-rAvaRa
mw,54675.1,kftvas,cf,kft
mw,54683,kf,cf,kAru/
mw,54688,kfka,cf,kf/kAwa
mw,54691,kfkaRa,cf,kfkara
mw,54787,kftti,cf,kuwI
mw,54807,kfntana,cf,tantu-
mw,54858,kfp,cf,kfpAya
mw,54874,kfpaRa,cf,kArpaRya
mw,54902,kfpAya,cf,kfpaRyu/
mw,54914,kfpARI,cf,ajAkfpARIya
mw,55007,kfmuka,cf,kArmuka
mw,55009,kfvi,cf,kri/vi
mw,55052,kfSikA,cf,kArSakeya
mw,55065,kfSana,cf,UrDva/-k˚
mw,55130,kfzwi,cf,carzaRi/
mw,55202,kfzRa,cf,kA/rzRa
mw,55215,kfzRakApotI,cf,Sveta-k˚
mw,55497,kfzRAYjanagiri,cf,aYj˚
mw,55594,kekayI,cf,kEkeya
mw,55595,kekara,cf,kedara
mw,55613,kecuka,cf,kacu
mw,55745,kenipa,cf,Ake-nipa/
mw,55758,kendra,cf,dvitIya-k˚
mw,55760,kep,cf,gep
mw,55794,kelaka,cf,kekala
mw,55817,kelikuYcikA,cf,kal˚
mw,55854,kev,cf,sev
mw,55855,kevawa,cf,avawa/
mw,56073,keSin,cf,kapardin
mw,56106,keSawa,cf,mAtf-
mw,56185,kEcCikila,cf,kElik˚
mw,56241,kEralI,cf,kErAla
mw,56266,kErAlI,cf,kEralI
mw,56285,kEvarta,cf,kev˚
mw,56371,kokaTu,cf,˚ka-deva
mw,56411,koNka,cf,kONka
mw,56430,kowa,cf,kowwa
mw,56431,kowa,cf,kuwI
mw,56436,kowa,cf,a-
mw,56449,kowarapuzpa,cf,koWara-puzpI
mw,56508,kowIvarza,cf,kORqI-vfza
mw,56514,kowwapAla,cf,kowa-p˚
mw,56528,koWara,cf,kowara
mw,56531,koqya,cf,kotya
mw,56541,koRakuRa,cf,kola-k˚
mw,56577,konva,cf,kola-giri
mw,56578,konvaSira,cf,kolvagireya
mw,56666,kola,cf,kroqa
mw,56668,kola,cf,kroqa
mw,56682,kola,cf,kuvala
mw,56690,kolakuRa,cf,koRa-k˚
mw,56728,kolUka,cf,ulUka
mw,56730,kollaka,cf,konva
mw,56738,kovidAra,cf,kuddala
mw,56753,koSa,cf,bIja-
mw,56800,koSaDAnya,cf,koSI-D˚
mw,56856,koSya,cf,ni-koSya/
mw,56858.1,koSAtakI,cf,mahA-k˚
mw,56909,kozWila,cf,kOzW˚
mw,56968,kONkaRodBUta,cf,koNkARa
mw,57048,kOWuma,cf,kOTuma
mw,57053,kORakutsya,cf,kURakucCa
mw,57077,kORqinya,cf,vidarBI-k˚
mw,57087,kORqIvfsya,cf,kowI-varza
mw,57209,kOmAra,cf,-parvata
mw,57237,kOmudI,cf,candrikA
mw,57318.1,kOla,cf,kola
mw,57542,kOzWavitka,cf,kOzwacitka
mw,57583,kOstuBa,cf,kust˚
mw,57601,knaMs,cf,kuMS
mw,57602,knaT,cf,kraT
mw,57603,knas,cf,knaMs
mw,57604,knasa,cf,caknasa
mw,57613,kmar,cf,hvf
mw,57618,kraMS,cf,knaMs
mw,57635,krakaRa,cf,kfkaRa
mw,57662,kratu,cf,a-
mw,57669,kratujit,cf,-vi/d
mw,57699,kratuvid,cf,-ji/t
mw,57705,kratusTalA,cf,ftu-sT˚
mw,57713,kraT,cf,knaT
mw,57747,krandya,cf,parja/nya-k˚
mw,57748,krap,cf,kfp
mw,57749,kram,cf,˚mita/
mw,57751,krama,cf,kAla-k˚
mw,57860,kramya,cf,saha-k˚
mw,57871,krAnta,cf,vizRu-krama
mw,57903,kramuka,cf,kfm˚
mw,58087,krivi,cf,krE/vya
mw,58087.1,krivirdatI,cf,kfvI
mw,58208,krIqin,cf,Sva-k˚
mw,58221,kruYc,cf,krOYca/
mw,58229,kruq,cf,kraqana
mw,58297,krumuka,cf,kfmuka/
mw,58306,kroSa,cf,klo/Sa
mw,58306,kroSa,cf,karRa-k˚
mw,58346,krUra,cf,sTUra/
mw,58353,krUra,cf,kUra
mw,58386,krUraDUrta,cf,kfzRa-dattUraka
mw,58433,kroqa,cf,krOqa
mw,58445,kroqapattra,cf,kroqa
mw,58463,kroTa,cf,krunT
mw,58541,kladIvat,cf,klid
mw,58542,kland,cf,krand
mw,58587,kledana,cf,kaPa
mw,58598,klind,cf,kland
mw,58610,klizwa,cf,kleS
mw,58613,klizwavartman,cf,klinna-v˚
mw,58673,kleS,cf,klizwa
mw,58719,kvATi,cf,kumBa-janman
mw,58741,kzaRa,cf,kfta-kzaRa
mw,58742,kzaRa,cf,datta-kzaRa
mw,58749,kzaRa,cf,tat-kzaRam
mw,58773,kzaRadyuti,cf,-praBA
mw,58794,kzaRavfzwi,cf,sadyo-v˚
mw,58803,kzaRikatA,cf,kzaRa-BaNga
mw,58832,kzatrapa,cf,mahA-kz˚
mw,58900,kzattf,cf,anukz˚
mw,58916,kzan,cf,a-kzaRvat
mw,58959,kzati,cf,kzata-vftti
mw,58981,kzap,cf,kzip
mw,58984,kzapaRa,cf,akza-kz˚
mw,59030,kzam,cf,kzamApaya
mw,59035,kzam,cf,dyA/va-kzA/mA
mw,59036,kzam,cf,kzmA
mw,59109,kzAnta,cf,kzama
mw,59141,kzar,cf,kzAra
mw,59141,kzar,cf,kzArita
mw,59198,kzAralavaRavarjana,cf,a-kz˚
mw,59221,kzAraka,cf,-jAta
mw,59228,kzAraRA,cf,A-kzArRA
mw,59274,kzaya,cf,uru-
mw,59275,kzaya,cf,yama-kz˚
mw,59290,kziti,cf,uru-
mw,59293,kziti,cf,kfzwi/
mw,59295,kziti,cf,uru-
mw,59445,kziti,cf,a/-
mw,59485,kzIyamARa,cf,a/
mw,59502,kzip,cf,kAlakzepa
mw,59577,kziprasaMDi,cf,kzEpra
mw,59588,kzepa,cf,apawI-kz˚
mw,59649,kziv,cf,zWiv
mw,59654,kzIb,cf,kziv
mw,59665,kzIra,cf,-svAmin
mw,59687,kzIraGfta,cf,-sarpis
mw,59793,kzIrAbDijA,cf,˚ra-sAgara-sutA
mw,59886,kzuRRa,cf,akz˚
mw,60045,kzudrikA,cf,kzudra-GaRwikA
mw,60142,kzoBa,cf,bala-kz˚
mw,60154,kzumA,cf,kzOma
mw,60157,kzur,cf,Cur
mw,60159,kzura,cf,-pra
mw,60167,kzurI,cf,CurI
mw,60204,kzurikA,cf,CurikA
mw,60233,kzullakavESvadeva,cf,mahA-v˚
mw,60241,kzetra,cf,sasya-kz˚
mw,60259,kzetra,cf,a/-kz˚
mw,60317,kzetravid,cf,a/-kz˚
mw,60346,kzetrin,cf,a-kz˚
mw,60368,kzema,cf,kzema-yoga
mw,60385,kzemakarI,cf,kzemaM-k˚
mw,60410,kzemaDanvan,cf,-Dftvan
mw,60516,kzow,cf,Kow
mw,60517,kzoqa,cf,a-kzoBa
mw,60548,kzomaka,cf,kzema
mw,60574,kzOma,cf,kzoma
mw,60580,kzOmaka,cf,kzom˚
mw,60629,kzmIl,cf,mIl
mw,60638,kzveqa,cf,karRa-kz˚
mw,60641,kzveqa,cf,viza
mw,60699,Kaga,cf,-ga-pati
mw,60787,KaBrAnti,cf,-kAminI
mw,60799,KaSaya,cf,-sama
mw,60801,KaSarIrin,cf,-mUrti-mat
mw,60803,Kasama,cf,-Saya
mw,60809,KasinDu,cf,-camasa
mw,60812,KasPawika,cf,AkASa-sP˚
mw,60818,Kolka,cf,Ka-K˚
mw,60848,KeSaya,cf,Ka-S˚
mw,60852,KakKara,cf,hikkala
mw,60869,Kaja,cf,-kf/t
mw,60914,Kawa,cf,kaPa
mw,60919,Kawa,cf,kawa
mw,60928,Kawaka,cf,Gawaka
mw,60982,Kaq,cf,KaRq
mw,61004,Kaqga,cf,eka-cara
mw,61020,Kaqgapattra,cf,asi-p˚
mw,61065,Kaqgin,cf,Kadga
mw,61074,KaRqa,cf,zaRqa
mw,61077,KaRqa,cf,kedAra-K˚
mw,61089,KaRqa,cf,uttara-
mw,61141,KaRqaSAKA,cf,kARqa-S˚
mw,61189,KaRqava,cf,KARq˚
mw,61213,KaRqin,cf,KaRqana-kAra
mw,61220,KaRqu,cf,KARqava
mw,61224,KaRvaKA,cf,KEmaKA
mw,61231,KadikA,cf,KAjika
mw,61266,Kana,cf,mft-K˚
mw,61284,Kaninetra,cf,KanI-n˚
mw,61306,KAtA,cf,deva-K˚
mw,61311,KAtaka,cf,KAdaka
mw,61323,KAnaka,cf,kUpa-
mw,61480,KariMDama,cf,KAriM-D˚
mw,61481,KariMDaya,cf,KAriM-D˚
mw,61487,KarIvfza,cf,˚ra-vfzaBa
mw,61508,KargalA,cf,Kf/g˚
mw,61539,KarjUrikA,cf,piRqa-
mw,61552,Karpara,cf,karpara
mw,61566,Karva,cf,a/-
mw,61581,Kal,cf,Kall
mw,61642,Kalati,cf,kulva
mw,61650,KaliSa,cf,KaSewa
mw,61659,KalUrikA,cf,KuralI
mw,61698,Kaz,cf,kaz
mw,61777,KARqika,cf,KaRq˚
mw,61794,KAdaka,cf,KAtaka
mw,61817,KAdya,cf,KaRqa-K˚
mw,61821,KAdi,cf,vf/za-
mw,61854,KAriMDama,cf,KariM-D˚
mw,61855,KAriMDaya,cf,KariM-D˚
mw,61886,KASi,cf,Kasa
mw,61901.1,Kewana,cf,AKewa
mw,61912,Kidra,cf,a/-Kidra-yAman
mw,61932,Kedin,cf,a-Keditva
mw,61972,Kuqaka,cf,Kulaka
mw,61976,KuRq,cf,kzodayati
mw,62005,KuralI,cf,KalUrikA
mw,62013,Kulla,cf,kzulla
mw,62027,Kewa,cf,A-Kewa
mw,62045,Keqa,cf,ganDa-K˚
mw,62079,KEmaKA,cf,KaRvaKA
mw,62090,Koqa,cf,Kora
mw,62101,Kola,cf,mUrDa-K˚
mw,62148,ga,cf,antarikza-
mw,62149,ga,cf,anya-strI-
mw,62150,ga,cf,kaRWa-
mw,62152,ga,cf,a-
mw,62153,ga,cf,Cando-
mw,62174,gaganapuzpa,cf,Ka-p˚
mw,62218,gaNgadAsa,cf,gaNgA-a˚
mw,62262,gaNgAmaha,cf,gANgAmahika
mw,62288,gaNgAhrada,cf,gANga
mw,62336,gajaturaMgavilasita,cf,fzaBa-gaja-v˚
mw,62418,gajAKya,cf,gaja-skanDa
mw,62473,gaYjA,cf,gagana-
mw,62484,gaqA,cf,tfRa-g˚
mw,62489,gaqaka,cf,paNka-g˚
mw,62490,gaqayanta,cf,gaRq˚
mw,62491,gaqayitnu,cf,garday˚
mw,62502,gaqu,cf,dor-g˚
mw,62510,gaqula,cf,gaRqula
mw,62522,gaQAdeSa,cf,gaqa
mw,62525,gaRa,cf,-devatA
mw,62534,gaRa,cf,-cCandas
mw,62540,gaRA,cf,ahar-
mw,62547,gaRakAri,cf,gARagAri
mw,62583.20,gaRapati,cf,mahA-g˚
mw,62644,gaReSatApinI,cf,gaRapati-pUrva-t˚
mw,62689,gaRanIya,cf,gaReya
mw,62737,gaReru,cf,kaR˚
mw,62749,gaRq,cf,gaRqA
mw,62750,gaRqa,cf,galla
mw,62750,gaRqa,cf,-karawa
mw,62758,gaRqa,cf,gaRqaka
mw,62759,gaRqa,cf,gaRqIra
mw,62760,gaRqa,cf,-grAma
mw,62766,gaRqA,cf,gaqu
mw,62782,gaRqaPalaka,cf,-Bitti
mw,62828,gaRqayanta,cf,gaq˚
mw,62840,gaRqIrI,cf,gARq˚
mw,62844,gaRqut,cf,garmut
mw,62862,gaRqolapAda,cf,kaRq˚
mw,62879,gadA,cf,a-gada/
mw,62903,gadADara,cf,kOmodakI
mw,62959,gaDita,cf,A/-
mw,62961,gaDya,cf,vA/ja-ganDya
mw,62972,ganDa,cf,-jala
mw,63146,ganDarasa,cf,rasa-ganDa
mw,63278,ganDarva,cf,-gfhIta
mw,63331,ganDAri,cf,gAnD˚
mw,63345,gaBasti,cf,syU/ma-g˚
mw,63357,gaBizak,cf,Anuza/k
mw,63549,gati,cf,karmapravacanIya
mw,63682,gaya,cf,SaMgaya/
mw,63695,gayA,cf,budDa-g˚
mw,63772,garizWa,cf,gavizWa
mw,63915,garda,cf,galda
mw,63925.1,gardaBakzIra,cf,mfga-kz˚
mw,63944,gardaBikA,cf,kIwa-
mw,63946,gardaBi,cf,haya-g˚
mw,63976,garBa,cf,amfta-
mw,64156,garBya,cf,sa-g˚
mw,64161,garmut,cf,gaRqut
mw,64162,garmut,cf,gArmUta/
mw,64281,galestanI,cf,ajAgala-stana
mw,64285,galaqA,cf,jal˚
mw,64299,galoqya,cf,gAl˚
mw,64300,galda,cf,ga/rda
mw,64303.1,galB,cf,garv
mw,64308,galla,cf,ajagallikA
mw,64339,gavyUti,cf,a-
mw,64340,gava,cf,guru-gavI/
mw,64340,gava,cf,zaq-gava/
mw,64349,gavAkzajAla,cf,jAla-g˚
mw,64374,gavASva,cf,go-aSva/
mw,64388,gavaya,cf,go-mfga/
mw,64416,gavya,cf,paYcag˚
mw,64417,gavyadfQa,cf,go-rocanA
mw,64430,gavalgaRa,cf,gAvalgaRi
mw,64460,gah,cf,gaBa/
mw,64460,gah,cf,jaMh
mw,64494,gA,cf,a-gA
mw,64499,gAtu,cf,a/rizwa-g˚
mw,64521,gAtraruha,cf,aNga-r˚
mw,64532,gAtrasamplava,cf,plava
mw,64566,gATA,cf,fg-gATA
mw,64575,gATAnArASaMsI,cf,nArASaMsI/
mw,64599,gAna,cf,araRya-
mw,64629,gAyatravepas,cf,gATa/-Sravas
mw,64663,gANga,cf,gANgAyani
mw,64759,gAD,cf,gAh
mw,64759,gAD,cf,garD
mw,64788,gAnDarva,cf,ganDarva-vivAha
mw,64789,gAnDarva,cf,-kalA
mw,64812,gAnDAra,cf,ganD˚
mw,64842,gAmin,cf,mAtf-g˚
mw,64847,gAmin,cf,agra-
mw,64866,gAra,cf,madra-g˚
mw,64892,gArgI,cf,gargI
mw,64920,gArgya,cf,daSa-
mw,64931,gArgyAyaRaka,cf,gArgaka
mw,64948,gArdaBin,cf,gardaBila
mw,64971,gArhapata,cf,kuru-g˚
mw,64986,gAlaqi,cf,jAl˚
mw,65011,gAloqya,cf,gal˚
mw,65011,gAloqya,cf,aNka-loqya
mw,65024,gAh,cf,gAD
mw,65089,gIrvat,cf,gi/rvan
mw,65105,giri,cf,guru/
mw,65105,giri,cf,pa/rvan
mw,65112,giri,cf,gErika
mw,65134,girikzit,cf,gErikzita/
mw,65199,giribAnDava,cf,-tra
mw,65260,girISA,cf,giri-SA
mw,65269,girikA,cf,caRqa-g˚
mw,65280,gilagila,cf,timiM-
mw,65287,giloqya,cf,gal˚
mw,65320,gItakA,cf,daSa-gItikA
mw,65333,gIrRa,cf,gara-gIrRa/
mw,65340,gu,cf,priya/Mgu
mw,65340.1,gu,cf,agre-gU/
mw,65341,gu,cf,prati-
mw,65342,gu,cf,vi-gUna
mw,65351,guggulu,cf,kaRa-
mw,65356.1,guNguma,cf,GuNG˚
mw,65359,gucCa,cf,arDa-
mw,65361,gucCakaRiSa,cf,bahutara-kaR˚
mw,65392,guYj,cf,sam-ud-√ guYj
mw,65406,guYjana,cf,maDu-
mw,65416,guwikA,cf,guqa
mw,65422,guq,cf,guRq
mw,65423,guqa,cf,guwikA
mw,65424,guqa,cf,giri-
mw,65435,guqI,cf,gOqa
mw,65479,guqaka,cf,nABi-g˚
mw,65496,guqUcI,cf,kanda-
mw,65519,guRa,cf,-mAtra
mw,65522,guRa,cf,-kAra
mw,65523,guRa,cf,-kAra
mw,65526,guRA,cf,nir-
mw,65527,guRakaraRqavyUha,cf,kar˚
mw,65528,guRakarI,cf,-kirI
mw,65787,guRaya,cf,saM-
mw,65799,guRita,cf,aRu-
mw,65822,guRW,cf,guRq
mw,65822,guRW,cf,ava-
mw,65826,guRWita,cf,ava-
mw,65827,guRq,cf,guRW
mw,65859,gud,cf,gUrd
mw,65883,guD,cf,guRW
mw,65883,guD,cf,gUrd
mw,65892,gundrA,cf,guRqra
mw,65905,gupta,cf,gUQa-d˚
mw,65910,gupta,cf,candra-
mw,65933,guptaSIla,cf,SIla-g˚
mw,65939,guptArma,cf,a/rman-
mw,65957,guptikA,cf,svara-gupti
mw,65978,gur,cf,ati-
mw,65978,gur,cf,gUr
mw,65980,gUrta,cf,aBi/-
mw,65987,guru,cf,giri/
mw,66014,gurukaRWa,cf,guruRwaka
mw,66052,gurutalpABigamana,cf,gOrutalpika
mw,66114,gurumuzwi,cf,gru-m˚
mw,66178,guruRwaka,cf,guru-kaRWa
mw,66181,gurjara,cf,gUrj˚
mw,66191,gulI,cf,gola
mw,66222,gulPita,cf,vi-gulPa
mw,66269,guhA,cf,prati-g˚
mw,66316,guhyaguru,cf,gfhya-g˚
mw,66348,gUQadaRqa,cf,gupta/
mw,66412,gf,cf,Gf
mw,66427,gftsa,cf,raTa-gftsa/
mw,66434.1,gfD,cf,anu-
mw,66492,gfBAya,cf,anu-
mw,66493,gfBi,cf,ga/rBa
mw,66493,gfBi,cf,pa/q-
mw,66496,gfBIta,cf,gf/Bi
mw,66503,gfha,cf,caRqikA-
mw,66513,gfha,cf,anti-
mw,66515,gfhakanyA,cf,kanyakA
mw,66587,gfhabaBru,cf,geha-nakula
mw,66706,gfhaya,cf,gfBa/yat
mw,66821,gez,cf,gav-ez
mw,66856,geya,cf,ASIr-
mw,66863,gezRa,cf,aBi-
mw,66884,go,cf,gavAm
mw,66884.12,go,cf,-putra
mw,66957.2,goKapiNgali,cf,gocCA
mw,66970,gogozWa,cf,gavAM g˚
mw,67016,gocArin,cf,mfga-c˚
mw,67038.10,gotama,cf,gOtama/
mw,67038.30,gotama,cf,-dama
mw,67067,gotra,cf,-Bi/d
mw,67082,gotraBid,cf,adri-Bi/d
mw,67113,godA,cf,anu-godam
mw,67124,godari,cf,gotra-Bi/d
mw,67128,godAnIya,cf,apara-godAna
mw,67141,godoha,cf,gAM-doha-saMne/jana
mw,67170,goDenu,cf,gODenuka
mw,67173,gonanda,cf,-narda
mw,67176,gonandI,cf,-narda
mw,67178,gonarda,cf,-nandI
mw,67179,gonarda,cf,-nanda
mw,67190,gonasI,cf,-nAsa
mw,67204,gonAsa,cf,-nasa
mw,67215.50,gopati,cf,go-pa/
mw,67219,gopada,cf,gozp˚
mw,67226,gopA,cf,gopa/
mw,67303,goputra,cf,gopA-p˚
mw,67383,gomAtf,cf,pf/Sni-m˚
mw,67439,gomeDa,cf,gavAM-m˚
mw,67566,govinata,cf,-vitata
mw,67568,govinda,cf,gotra-Bi/d
mw,67608,govizARika,cf,muKa
mw,67665,gozaKi,cf,-saKi
mw,67667,gozaRi,cf,-sa/ni
mw,67679,gozAdI,cf,-sAda
mw,67725,gosaKi,cf,-zaKi
mw,67744,gosAda,cf,-zAdI/
mw,67745,gosAdi,cf,-zAdI/
mw,67747,gosAvitrI,cf,gAyatrI
mw,67760,gosTAna,cf,-zWA/na
mw,67782.5,gozpadamAtra,cf,go-pada
mw,67787,gocCA,cf,go-Ka
mw,67804,goRI,cf,gORika
mw,67814,goRqakirI,cf,gORqa-k˚
mw,67833,goDA,cf,go/
mw,67864,gopa,cf,go-pati
mw,67867,gopA,cf,gOpeya
mw,67874,gopI,cf,ahi-
mw,67940,gopaya,cf,gup
mw,67940,gopaya,cf,aBi-
mw,67943,gopAya,cf,gup
mw,67943,gopAya,cf,aBi-
mw,67999,gola,cf,golla
mw,68008,golA,cf,gala-golin
mw,68044,golla,cf,gola
mw,68105,gOqaBftyapura,cf,anDra-Bftya
mw,68115,gOqakamfga,cf,gOra-Kara
mw,68139,gORqakirI,cf,goRq˚
mw,68147,gOtama,cf,BAradvAja
mw,68188,gODeraka,cf,goD˚
mw,68208,gOpAli,cf,gop˚
mw,68242,gOra,cf,-candra
mw,68247,gOra,cf,kanaka-
mw,68251,gOrA,cf,gOlA
mw,68270,gOraKara,cf,gOqaka-mfga
mw,68282,gOramantra,cf,˚rI-m˚
mw,68350,gOrIpUjA,cf,-caturTI
mw,68352,gOrImantra,cf,˚ra-m˚
mw,68455,graTila,cf,grahila
mw,68465,granTa,cf,uttara-
mw,68487,granTi,cf,udara-
mw,68518,granTika,cf,kAla-granTi
mw,68531,granTinikA,cf,Cinna-g˚
mw,68591,grah,cf,gfhaya
mw,68591,grah,cf,gfhaya
mw,68596,graha,cf,aNkuSa-
mw,68596.24,graha,cf,a-
mw,68596.62,grahAya,cf,guda-
mw,68722.1,grahaRa,cf,kara-
mw,68746,grahi,cf,Pala-
mw,68759,grahItf,cf,pARi-
mw,68762,grABa,cf,uda-
mw,68763.05,grAha,cf,karRa-
mw,68779.2,grAham,cf,nAma-grA/h˚
mw,68802,grAhya,cf,a-
mw,68812,grAhyA,cf,dur-
mw,68823,grAma,cf,indriya-
mw,68828,grAma,cf,arizwa-
mw,68989,grAmiRI,cf,˚ma-RI
mw,69005,grAmegeya,cf,˚ma-g˚
mw,69087,grIva,cf,a/sita-
mw,69153,glahA,cf,akza-
mw,69159,gluc,cf,gluYc
mw,69162,glucukAyani,cf,glOcukAyana
mw,69163,gluYc,cf,gluc
mw,69168,glev,cf,gev
mw,69169,glez,cf,gez
mw,69210,Ga,cf,jIva-
mw,69210,Ga,cf,pariGa
mw,69217,GagG,cf,kaK
mw,69231,Gawa,cf,-karpara
mw,69240,GawI,cf,˚wI-Gawa
mw,69242,GawI,cf,dur-
mw,69290,Gawaka,cf,Gawa-dAsI
mw,69309,GawAla,cf,GAw˚
mw,69315,GawiGawa,cf,Gawin
mw,69341,GawIyantra,cf,ara-Gawwa
mw,69346,Gaww,cf,Gaw
mw,69349,GawwI,cf,ara-
mw,69364,GaRwa,cf,Gawin
mw,69365,GaRwa,cf,matsya-
mw,69368,GaRwA,cf,GawI
mw,69409,GaRwikA,cf,kzudra-
mw,69420,GaRwu,cf,ni-G˚
mw,69421,GaRqa,cf,GuRqa
mw,69429,Gana,cf,-SyAma
mw,69436,Gana,cf,ambu-
mw,69524,GanavAhana,cf,meGa-v˚
mw,69591,Gamb,cf,Garb
mw,69628,Garb,cf,Gamb
mw,69642,Garmaga,cf,uzRa-ga
mw,69692,Gas,cf,jakz
mw,69695,Gasa,cf,ud-
mw,69697,Gasi,cf,GAsi/
mw,69704,Gasra,cf,GraMsa/
mw,69721,GAwA,cf,kara-
mw,69721.1,GAwA,cf,Gawa
mw,69725,GAwarI,cf,apaGAwilA
mw,69728,GAwAla,cf,Gaw˚
mw,69755,GAtanI,cf,˚tinI
mw,69755,GAtanI,cf,kravya-
mw,69767,GAtinI,cf,anDaka-
mw,69778,GiRR,cf,GuRR
mw,69785,Guw,cf,ava-Gowita
mw,69797,GuR,cf,GUrR
mw,69818,GumaGumAya,cf,gumagumAyita
mw,69819,Gur,cf,Gora/
mw,69847,GuzwAnna,cf,ava-
mw,69849,Guzya,cf,Gora-
mw,69859,Goza,cf,a-G˚
mw,69877,GozA,cf,Atma-
mw,69910,GoziRI,cf,grAma-Gozi/n
mw,69953,GftacyutA,cf,-Scu/t
mw,70025,GftasTalA,cf,ftu-sT˚
mw,70064,GftelI,cf,tEla-pAyikA
mw,70076,GfRA,cf,nir-
mw,70091,GfRi,cf,hfRI/yamAna
mw,70092,GfRi,cf,A/-
mw,70115,Garza,cf,danta-
mw,70120,GarzaRI,cf,kara-
mw,70128,Gfzwi,cf,gfzwi
mw,70140,Gowa,cf,Guw
mw,70156,Gonasa,cf,go-n˚
mw,70170,Gora,cf,Gur
mw,70173,Gora,cf,-Goratara
mw,70184,Gora,cf,DIra
mw,70188,Goratara,cf,-Goratara
mw,70219,GolI,cf,araRya-
mw,70239,Gna,cf,arTa-
mw,70295,cak,cf,kan
mw,70296,caka,cf,kuwI-
mw,70301,cakitA,cf,uc-
mw,70306,cakAs,cf,kAS
mw,70326,cakkalaka,cf,cakra-banDa
mw,70329,cakra,cf,-Brama
mw,70351,cakra,cf,cakrikA
mw,70355,cakra,cf,-vAka/
mw,70365,cakra,cf,a-
mw,70373,cakragoptf,cf,-rakza
mw,70387,cakratIrTa,cf,cakra
mw,70452,cakraBedinI,cf,-bAnDava
mw,70524,cakravAlaDi,cf,vakr˚
mw,70526.1,cakravftta,cf,˚kru-v˚
mw,70541,cakrasvAmin,cf,-Bft
mw,70553,cakrANga,cf,˚kra-pAda
mw,70588,cakraka,cf,cakra-maRqalin
mw,70597,cakrala,cf,cakkala
mw,70621,cakrin,cf,sa-
mw,70637,cakri,cf,uru-ca/kri
mw,70644,cakzaRa,cf,viSva/-
mw,70652,cakzas,cf,a/pAka-
mw,70663,cakzuHSruti,cf,dfk-S˚
mw,70725,cakzus,cf,a-
mw,70733,caKvas,cf,Ka/
mw,70761,caccapuwa,cf,cAca-p˚
mw,70797,caYcu,cf,-tEla
mw,70830,caw,cf,uc-
mw,70868.4,cawu,cf,cAwu
mw,70883,caR,cf,can
mw,70885,caRa,cf,akzara-
mw,70929,caRqI,cf,uc-
mw,70933,caRqakApAlika,cf,zaRq˚
mw,70941,caRqaGaRwA,cf,caRqikaGaRwa
mw,70964,caRqamuRqA,cf,carma-m˚
mw,71007,caRqikaGaRwa,cf,caRqa-GaRwA
mw,71046,caRqAta,cf,caRqI-kusuma
mw,71064,cat,cf,niS-
mw,71064,cat,cf,cAtaka
mw,71120,catuHsama,cf,-SAKa
mw,71178,caturaha,cf,atri-c˚
mw,71186,caturiqaspadastoBa,cf,iqas-pade/
mw,71193,caturUzaRa,cf,-jAta
mw,71263,caturmahArAjika,cf,cAt˚
mw,71267.25,caturmuKa,cf,-tva
mw,71334.1,caturhotf,cf,-hotra
mw,71335,caturhotra,cf,˚tf
mw,71340,catura,cf,upa-
mw,71341,caturam,cf,A-
mw,71412,catuzpaTa,cf,catur-ASramin
mw,71422,catuzparRI,cf,-pattrI
mw,71474,catvaravAsinI,cf,catuzpaTa-niketA
mw,71489,catura,cf,cAt˚
mw,71500,caturaka,cf,mahA-
mw,71509,cad,cf,cat
mw,71515,can,cf,kan
mw,71516,canas,cf,sa/-
mw,71545.01,candana,cf,ku-
mw,71576,candalA,cf,˚dralA
mw,71611,candrI,cf,arDa-
mw,71713,candrapura,cf,cAndr˚
mw,71748,candraBAgA,cf,cAndr˚
mw,71762.1,candramasA,cf,-vaSA
mw,71764,candramA,cf,-masA
mw,71807,candravaMSa,cf,candra-ja
mw,71807,candravaMSa,cf,sUrya-v˚
mw,71810.6,candravatI,cf,˚drA-v˚
mw,71825,candravasA,cf,-masA
mw,71848,candraSeKara,cf,-parvata
mw,71993,candrimA,cf,pUrRimA
mw,72023,capalA,cf,mahA-
mw,72049,cam,cf,A
mw,72055,camakasUkta,cf,nam˚
mw,72080,camara,cf,cAm˚
mw,72119,camUru,cf,sam˚
mw,72122,camp,cf,kamp
mw,72164,campU,cf,gaNgA-
mw,72173,car,cf,vi-
mw,72190,carI,cf,carawi
mw,72240,caraRa,cf,tapaS-
mw,72243,caraRa,cf,dvi-
mw,72289,caraRya,cf,A-
mw,72307,carita,cf,uttara-rAma-
mw,72324,caritrA,cf,cAr˚
mw,72354,caryA,cf,brahma-
mw,72413,carcikA,cf,Garma-
mw,72422,carci,cf,hEmac˚
mw,72440,carpawI,cf,parp˚
mw,72502,carmamuRqA,cf,caRqa-
mw,72511,carmavat,cf,loha-c˚
mw,72546,carman,cf,gala-
mw,72562,carv,cf,cUrR
mw,72581,carzaRi,cf,pra/-
mw,72587,cal,cf,car
mw,72587,cal,cf,caYcala
mw,72587,cal,cf,a/-vicAcala
mw,72600.1,cala,cf,a-
mw,72751,cAcali,cf,a/-vi-
mw,72761,cAwu,cf,cawu
mw,72820,cAturjAtaka,cf,kawu-
mw,72886,cAtura,cf,galla-cAturI
mw,72910,cAndra,cf,gORa
mw,72942,cAndrAyaRa,cf,pipIlikAmaDya
mw,72949,cAnDanAyana,cf,OpacanDani
mw,72953,cApa,cf,indraSakra-
mw,72965,cApavawa,cf,upa-v˚
mw,73019,cAmuRqA,cf,carma-muRqA
mw,73035,cAy,cf,ce/ru
mw,73074,cAraka,cf,go-
mw,73114,cAritra,cf,SAmitra
mw,73302,caya,cf,saM-
mw,73303,caya,cf,agni-
mw,73310,cit,cf,kaNka-
mw,73335,citi,cf,iDma-
mw,73366,ci,cf,a/paciti
mw,73379,cikina,cf,cikka
mw,73390,cikIrzu,cf,upahArI-
mw,73401,cikura,cf,cikka
mw,73433,cikkira,cf,cikura
mw,73445,ciNgaqa,cf,uc-ciNgawa
mw,73459,ciYcA,cf,kAka-
mw,73480,cikitAyana,cf,cEk˚
mw,73490,cikitvas,cf,a/-
mw,73518,cit,cf,apa-cit
mw,73520,cit,cf,sa-
mw,73546,citta,cf,iha-
mw,73591,cittaviBrama,cf,-Brama
mw,73630,citti,cf,a/-
mw,73685,citra,cf,a-
mw,73764,citrapakza,cf,-kaRWa
mw,73765.1,citrapakzmatA,cf,-keSatA
mw,73807,citrabarha,cf,˚hin
mw,73842.80,citraraTI,cf,cEtraraTa
mw,73865,citravana,cf,citraka
mw,73879,citravAhana,cf,cEtra-vAhanI
mw,73906.60,citrasenA,cf,cEtraseni
mw,73939.1,citrANgulitA,cf,-keSatA
mw,73983,citraka,cf,˚tra-hasta
mw,73992,citrita,cf,vi-
mw,74004,citrIya,cf,ati-
mw,74048,cetanA,cf,a-
mw,74069,cetas,cf,a-ceta/s
mw,74109,cintaka,cf,kArya-
mw,74174,cipiwa,cf,piccita
mw,74192,cipya,cf,kipya
mw,74193,cipya,cf,CippikA
mw,74340,ciri,cf,jiri
mw,74348,cirBawa,cf,carB˚
mw,74349,cirBawI,cf,gaja-cirBawA
mw,74351,cirBiwa,cf,indracirBiwI
mw,74354,cil,cf,cela
mw,74357,cilamIlikA,cf,cilim˚
mw,74369,cilla,cf,culla
mw,74383,cilli,cf,cilla
mw,74456,cIra,cf,cIvara
mw,74466,cIrI,cf,kuSa-
mw,74490,cIriRI,cf,kuSa-cIrA
mw,74494,cIrIvAka,cf,cIrukA
mw,74495.1,cIralli,cf,cirilla
mw,74548,cuYcu,cf,akzara-
mw,74550,cuYcu,cf,cucundarI
mw,74558,cuw,cf,cuww
mw,74559,cuww,cf,puww
mw,74566,cuRwI,cf,cORwya
mw,74575,coda,cf,raDracoda/
mw,74582,codana,cf,fzi-
mw,74612,cunda,cf,mahA-
mw,74614,cup,cf,gale-copaka
mw,74725,cUqa,cf,kU/wa
mw,74740,cUqa,cf,cUla
mw,74790,cUta,cf,kapi-
mw,74821,cUrRayoga,cf,vAsa-
mw,74834,cUrRI,cf,eka-
mw,74859,cUlA,cf,uc-
mw,74873,cUlin,cf,vi-
mw,74874,cUz,cf,saM-
mw,74876,cUzaRa,cf,A-
mw,74922,ced,cf,ned
mw,74940,cerapAda,cf,Ira-p˚
mw,74948,cela,cf,ku-
mw,74961,celaka,cf,cE/laki
mw,74979,cezwA,cf,a-
mw,75032,cEtika,cf,cEtya-sEla
mw,75051,cEtyaSEla,cf,cEtika
mw,75086,cEtrAyaRa,cf,jEt˚
mw,75104,cEla,cf,ce/laka
mw,75110,cElaka,cf,celuka
mw,75115,cokza,cf,cukzA
mw,75175,cOqi,cf,cOli
mw,75185,cOdrAyaRa,cf,Odr˚
mw,75196,cOra,cf,cora
mw,75276,cyavana,cf,duS-cyavana/
mw,75281,cyavanaprASa,cf,cyAvana
mw,75317,cyuta,cf,a/-
mw,75337,cyuti,cf,sa/-
mw,75356,CA,cf,Cad
mw,75358,CA,cf,CA
mw,75377.1,CagaRa,cf,CAg˚
mw,75403,CattrA,cf,ati-
mw,75437,Cattraka,cf,CAttr˚
mw,75458,Cad,cf,A-
mw,75461,Cada,cf,alpa-
mw,75464,Cada,cf,a-yuk-
mw,75472,Cadana,cf,mallikA-
mw,75482,Cadis,cf,CAdizeya
mw,75506,Cadman,cf,kUwa-
mw,75561,Canda,cf,maDu-cC˚
mw,75563,Canda,cf,prati
mw,75573,Canda,cf,sva-
mw,75746,Cavi,cf,kfzRa-cC˚
mw,75794,CAgavya,cf,˚va
mw,75911,Cittvara,cf,Catt˚
mw,75912,Cid,cf,uKa-cCi/d
mw,75913,Cid,cf,darpa-
mw,75940,Cidra,cf,a/-
mw,75979,CinnA,cf,a/-
mw,76027,Ceda,cf,fRa-
mw,76035,Cedaka,cf,granTi-
mw,76053,Cedya,cf,kuqya-
mw,76058,CippikA,cf,cipya
mw,76071,Cowita,cf,A-cC˚
mw,76073,Cuq,cf,pra-
mw,76078,Cup,cf,a-cCuptA
mw,76098,CUrikA,cf,sTUrikA
mw,76102,Cfd,cf,A-
mw,76137,CemuRqA,cf,CA
mw,76143,Co,cf,anu-
mw,76164,jA,cf,jA
mw,76177.1,jaMh,cf,aBi-vi-
mw,76179,jaMhas,cf,kfzRa/-
mw,76187,jakz,cf,pra-
mw,76194,jagDa,cf,apa-
mw,76199,jagDi,cf,kalya-
mw,76472,jaNgala,cf,dIrGa-
mw,76502,jaja,cf,jAjin
mw,76527,jawI,cf,tri-
mw,76538,jawAtaNka,cf,kawaNkawa
mw,76618,jawula,cf,jatu-maRi
mw,76643,jaWarAgni,cf,jAWara
mw,76649,jaqa,cf,ja/|u
mw,76712,jatuputraka,cf,jaya-p˚
mw,76750,janaMgama,cf,jalaM-g˚
mw,76803,janaloka,cf,janas
mw,76813,janaSruta,cf,jAnaSruti
mw,76905,janana,cf,indra-
mw,76929,jani,cf,gnA/
mw,76981,janI,cf,jAmi/
mw,76986,janu,cf,sa-
mw,76994,januzA,cf,aNga-
mw,77008,jantu,cf,kziti-
mw,77183,jaB,cf,aBi-
mw,77208,jamBa,cf,ku-
mw,77221,jamBaka,cf,jfmB˚
mw,77234,jamBana,cf,kaRva-
mw,77267.5,jambu,cf,AQaka-
mw,77324,jaya,cf,Atma-
mw,77596,jara,cf,go-jara
mw,77602,jarA,cf,˚rA-saMDa
mw,77603,jarA,cf,vi-jara/
mw,77666.1,jarasa,cf,vItajanma-
mw,77694,jarAyu,cf,jyo/tir-
mw,77698,jaritA,cf,jaritf/
mw,77703,jarUTa,cf,˚ra-dvi/z
mw,77737,jaritf,cf,˚ta
mw,77761,jala,cf,jal
mw,78266,jalUkA,cf,jAlUka
mw,78286,jalAladInAhakavarasAha,cf,jallAladIndra
mw,78298,jalpa,cf,citra-
mw,78315,ja|u,cf,jaqa
mw,78334,javana,cf,DI-ja/v˚
mw,78341,javas,cf,makzU/-
mw,78361,jaza,cf,Jaza/
mw,78362,jas,cf,uj-
mw,78380.1,jahatsvArTA,cf,a-
mw,78386,jahita,cf,pra-
mw,78433,jAgarA,cf,ko-
mw,78473,jAGanI,cf,pfTu-jaGana
mw,78482,jANgala,cf,kuru-
mw,78488,jANgala,cf,fzi-jANgalikI
mw,78540,jARqaka,cf,SARqika
mw,78676,jAti,cf,antya-
mw,78740,jAtIya,cf,vi
mw,78760,jAtu,cf,janu/zA
mw,78821.1,jAni,cf,arunDatI
mw,78846,jAnuka,cf,UrDva-
mw,78875,jAbAla,cf,mahA-
mw,78900,jAmAtf,cf,yAm˚
mw,78906,jAmi,cf,sapta/-
mw,78907,jAmi,cf,jAM-Dita/
mw,78911,jAmi,cf,˚mI
mw,78915,jAmi,cf,a/-
mw,78977,jAyampatI,cf,˚yAm-patika
mw,78987,jAyAmpatika,cf,˚yam-patI
mw,79064,jAla,cf,a/yo-
mw,79109,jAlikA,cf,mfga-jAlikA
mw,79169,jAha,cf,akzi-
mw,79195,jit,cf,go-
mw,79196,jit,cf,aBimAti-ji/t
mw,79197,jit,cf,kAsa-
mw,79246,jiti,cf,puro/-
mw,79251,jitvan,cf,sa-ji/tvan
mw,79252,jitvara,cf,sa-ji/tvarI
mw,79264,jiGatsA,cf,vi-jiGatsa/
mw,79399,jinv,cf,A-
mw,79408,jiri,cf,ciri
mw,79428,jizRu,cf,parA-
mw,79456,jihma,cf,A
mw,79460,jihmaga,cf,a-
mw,79491,jihvA,cf,sapta/-jihva
mw,79495,jihvA,cf,dvi/-
mw,79559,jIra,cf,go/-
mw,79562.1,jIradAnu,cf,jIva-a˚
mw,79622,jIv,cf,˚pita
mw,79622,jIv,cf,jijyUzita
mw,79640,jIvA,cf,tri-
mw,79644,jIva,cf,ati-
mw,79785,jIvaka,cf,akzara-
mw,79845,jIvanI,cf,a/-
mw,79920,jIvita,cf,a-
mw,79988,juNg,cf,yuNg
mw,80002,jumara,cf,jOm˚
mw,80005,jur,cf,a-jurya/
mw,80014,jUrya,cf,a-jurya/
mw,80018,juz,cf,nikftiM-
mw,80023,juz,cf,sa-
mw,80037,juzwa,cf,a/-
mw,80068,jU,cf,jinv
mw,80068,jU,cf,pra-
mw,80078,jU,cf,apI-
mw,80083,jUta,cf,a/dri-
mw,80089,jUti,cf,ra/Ta-
mw,80098,jUr,cf,jvar
mw,80115,jUrv,cf,ni-
mw,80118,jUza,cf,juzkaka
mw,80122,jfmB,cf,jaB
mw,80153,jF,cf,jur
mw,80167,jetf,cf,˚ta-vana
mw,80175,jeza,cf,uj-
mw,80186,jeh,cf,jaB
mw,80188,jE,cf,kzE
mw,80218,jEnendra,cf,jin˚
mw,80248,jEvAtfka,cf,jIvA/tu
mw,80270,joNga,cf,juNga
mw,80272,joNgaka,cf,˚gala
mw,80290,jozam,cf,a/-
mw,80302,jozya,cf,a/-
mw,80318,jYA,cf,˚psyamAna
mw,80359,jYAti,cf,sam-banDin
mw,80398,jYAnacakzus,cf,dIrGa
mw,80435.1,jYAnamArga,cf,karma-
mw,80508,jYAs,cf,a/-
mw,80519,jman,cf,jmA/
mw,80519.1,jman,cf,u/pa-
mw,80523,jyA,cf,ji
mw,80523,jyA,cf,pari-
mw,80526,jIta,cf,a/-
mw,80536,jyAni,cf,a/-
mw,80550,jyeya,cf,a-jyeya/ta/
mw,80569,jyezWA,cf,˚zWa-lakzmI/
mw,80630,jyezWinI,cf,jyEzWineya/
mw,80633,jyEzWI,cf,mahA-jyEzWI
mw,80641,jyA,cf,aDi-
mw,80662,jyut,cf,ava-
mw,80666.1,jyoti,cf,daSa-
mw,80668,jyotirata,cf,˚tI-raTa
mw,80711,jyotirmilin,cf,nIlamIlika
mw,80766,jyotizka,cf,˚tika
mw,80797,jyotis,cf,da/kziRA-
mw,80851,jri,cf,upa-
mw,80857,jvar,cf,jval
mw,80857,jvar,cf,anu-saM-
mw,80979,Jaw,cf,uj-Jawita
mw,81012,JarI,cf,nir-
mw,81015,Jarat,cf,kzar
mw,81024,JarJarA,cf,fcCarA
mw,81047,JallarI,cf,JalarI
mw,81055,JallikA,cf,JalA
mw,81078,JAMkfta,cf,JaM-k˚
mw,81089,JAwkArin,cf,JaN-k˚Arin
mw,81147,JF,cf,JarJarita
mw,81170,wakka,cf,wAka
mw,81184,waNkawIka,cf,jatA-waNka
mw,81195,waNkaRa,cf,taNg˚
mw,81199,waMkAra,cf,wAM-k˚
mw,81238,wik,cf,wIk
mw,81239.1,wikka,cf,bfhaw-
mw,81264,wIk,cf,wik
mw,81264,wIk,cf,A-wIkana
mw,81342,qamara,cf,qAm˚
mw,81348,qamb,cf,vi-
mw,81354,qambara,cf,A-
mw,81366,qavitTa,cf,qAmBiwwa
mw,81367.1,qahAla,cf,qAh˚
mw,81370,qAkinI,cf,SAk˚
mw,81388,qAmBiwwa,cf,qavitTa
mw,81394,qAhAla,cf,qah˚
mw,81415,qitTa,cf,qavitTa
mw,81422.70,qimba,cf,ujjUwa-
mw,81429,qimBa,cf,mba
mw,81435,qimBa,cf,toya-
mw,81442,qI,cf,uq-
mw,81447,qIna,cf,ati-
mw,81455,qumba,cf,go-
mw,81488,Qakka,cf,wakka
mw,81489,QakkA,cf,gaja-
mw,81523,QOk,cf,upa
mw,81525,QOkana,cf,upa-
mw,81566,taMs,cf,vi-√ taMs
mw,81566.1,taMs,cf,ta/sara
mw,81570.1,tak,cf,niz-wak
mw,81599,takrAwa,cf,daDi-cAra
mw,81602,takz,cf,tvakz
mw,81604,takza,cf,kOwa-
mw,81605,takza,cf,˚kzaka
mw,81620,takzaka,cf,˚kza
mw,81650.3,taNka,cf,A-
mw,81653,taNgaRa,cf,waNk˚
mw,81660,taYc,cf,A
mw,81664,tawa,cf,SroRi-
mw,81666,tawa,cf,a-
mw,81707.1,taqataqiti,cf,tawatawa
mw,81730,taRqaka,cf,tARq˚
mw,81732,taRqA,cf,tARqa
mw,81738,taRqi,cf,sudivA-
mw,81742,taRqu,cf,tARqava
mw,81781,tata,cf,tAta
mw,81785,tatAmaha,cf,pra-
mw,81806,tatoBavat,cf,tatra-B˚
mw,81813,tatkartavya,cf,iti-k˚
mw,81822,tatkAlam,cf,tAtkAlika
mw,81956.1,tatsamanantaram,cf,tadanant˚
mw,81966.2,tacCIla,cf,tAcCIlika
mw,81985,tatraBavatI,cf,atra-B˚
mw,81996.1,taTA,cf,yaTA-taTam
mw,82025,taTArAja,cf,-gata
mw,82046.05,tad,cf,idam
mw,82121,tadDarman,cf,tAdDarmya
mw,82126.1,tadDita,cf,mOdakika
mw,82148,tadvan,cf,yad-van
mw,82180,tadAnIm,cf,id˚
mw,82229,tat,cf,purI-ta/t
mw,82246,tati,cf,tanti/
mw,82246,tati,cf,tamas-
mw,82248,tati,cf,punas-
mw,82277,tanu,cf,duz-wanu
mw,82369,tanU,cf,Atma/n
mw,82390.1,tanUnaptf,cf,tAnUnaptra/
mw,82404,tanUSuBra,cf,˚nU/zu SuBra/
mw,82423,tantu,cf,kula-
mw,82429,tantu,cf,kAzWa-
mw,82457,tantuvAya,cf,rajaka-
mw,82479,tantra,cf,Atma-
mw,82480,tantra,cf,zazwi-
mw,82485,tantra,cf,˚trin
mw,82505,tantrI,cf,ku-tantrI
mw,82538,tantrikA,cf,apa-
mw,82581,tand,cf,a/-tandra
mw,82597.1,tandrI,cf,sambADa-tandrI/
mw,82608,tap,cf,a/-
mw,82613,tapa,cf,A-
mw,82616,tapa,cf,mahA-
mw,82621,tapa,cf,a-
mw,82646,tapat,cf,tApatya
mw,82653,tapana,cf,mahA-
mw,82655,tapana,cf,Agneya
mw,82670,tapana,cf,gopAla-
mw,82867,tam,cf,a/-tameru
mw,82887,tamaka,cf,pra-
mw,82892,tamana,cf,nAga-tamanI
mw,82899,tamas,cf,timira
mw,82904.1,tamasvan,cf,a/m˚
mw,82913.3,tamaska,cf,nis-
mw,82943,tamisra,cf,su-
mw,83013,tampA,cf,˚mbA
mw,83020,taya,cf,tAya
mw,83021,tara,cf,vftra-ta/ra
mw,83022.1,taratamatas,cf,tAratamya
mw,83025,tara,cf,raTaMtara/
mw,83028,tara,cf,dus-
mw,83036,tarI,cf,˚ri
mw,83036,tarI,cf,nis-tarIka
mw,83045.1,taravAri,cf,tala-vAraRa
mw,83055,taraMga,cf,ut-
mw,83061,taraMga,cf,ut-
mw,83064,taraMgaka,cf,nArI-
mw,83087,taraRa,cf,UrDva-
mw,83096,taraRi,cf,go-
mw,83113,taratsama,cf,taratsala
mw,83157,taritA,cf,tvar˚
mw,83208.1,tarawI,cf,tAr˚
mw,83213,tarambuja,cf,KarbUja
mw,83214,tarala,cf,taraMga
mw,83257,taru,cf,naBas-
mw,83289,taruzaRqa,cf,-KaRqa
mw,83295,tarukza,cf,talukza
mw,83299,taruRa,cf,tarRa
mw,83325,taruRaka,cf,tarR˚
mw,83353,tarka,cf,a-
mw,83355,tarkakarman,cf,-sADya
mw,83389,tarkasADya,cf,˚rku-karman
mw,83406,tarku,cf,niz-warkya/
mw,83415,tarkuka,cf,para-
mw,83459,tarpaRa,cf,GrARa-
mw,83462,tarpaRa,cf,fzi-
mw,83478,tarPitf,cf,turPa/ri
mw,83493,tarzita,cf,wriz˚
mw,83500,tarhaRa,cf,dasyu-ta/rh˚
mw,83501.1,tarhi,cf,eta/r˚
mw,83503,tala,cf,naBas-
mw,83503.04,tala,cf,aDas-
mw,83503.80,talA,cf,a-
mw,83560,talina,cf,˚luna
mw,83572,talima,cf,˚la-vAraRa
mw,83574,talukza,cf,ta/rukza
mw,83579,talka,cf,tala
mw,83600,tallaja,cf,go-
mw,83611,tavas,cf,ta/vIyas
mw,83613,tavas,cf,pra/-
mw,83635,tavIza,cf,tarIza
mw,83642,tavyas,cf,a/-
mw,83646,tazwa,cf,su/-
mw,83651,tazwf,cf,tva/zwf
mw,83653,tas,cf,taMs
mw,83659,taskara,cf,a-taskara/
mw,83676,tasTAna,cf,a/-
mw,83695,tAjika,cf,tarj˚
mw,83744,tARqa,cf,taRqa
mw,83762,tAt,cf,aDa/s-tAt
mw,83816,tAdurI,cf,dardura
mw,83836,tAna,cf,eka-
mw,83891,tApa,cf,paScAt-
mw,83906,tApana,cf,indra-
mw,83989,tAmarasa,cf,tAmra
mw,84027.4,tAmisra,cf,anDa-
mw,84072,tAmrI,cf,˚mra-pAtra
mw,84212,tAmrAku,cf,˚mra-dvIpa
mw,84221,tAy,cf,vi-
mw,84246,tAra,cf,tIra
mw,84248,tArA,cf,stf/
mw,84416,tAratamyena,cf,tara-tama-tas
mw,84502,tAla,cf,-jYa
mw,84512,tAla,cf,-vana
mw,84515,tAla,cf,kAkatAlIya
mw,84516,tAla,cf,manas-
mw,84524,tAla,cf,ucca-
mw,84740,tik,cf,stiG
mw,84763,tikta,cf,anArya-
mw,84766,tiktA,cf,kAka-
mw,84771,tiktaGfta,cf,˚ktaha
mw,84902,tittiri,cf,ku-
mw,84912,tiTi,cf,janma-
mw,84942,tiniSa,cf,timiSa
mw,85003,timira,cf,-vana
mw,85009,timira,cf,vi-
mw,85036,timiSa,cf,tiniSa
mw,85038,timiza,cf,rAja-
mw,85040,timIra,cf,˚mira
mw,85055,tiraScIna,cf,A
mw,85105.1,tirohnya,cf,tEr˚
mw,85110.1,tiryakkAram,cf,tIraya
mw,85203,tirIwa,cf,kir˚
mw,85211,tirya,cf,tiriya
mw,85215,tila,cf,-puzpa
mw,85219,tila,cf,kfzRa-
mw,85224,tilakalkaja,cf,tEl˚
mw,85230,tilakiwwa,cf,tEl˚
mw,85262,tilaparRika,cf,tEl˚
mw,85268,tilapIqa,cf,tEl˚
mw,85304,tilodara,cf,˚la-vratin
mw,85323,tilakA,cf,eRa-
mw,85356,tilvila,cf,iBya-
mw,85368,tizya,cf,upa-
mw,85412,tIkzRa,cf,-varman
mw,85429,tIkzRA,cf,a-
mw,85526,tIkzRIyas,cf,te/kzRizWam
mw,85529,tIra,cf,tIvra
mw,85647,tIrTya,cf,sa-
mw,85705,tu,cf,ut-
mw,85732,tugAkzIrI,cf,tukA-kz˚
mw,85744,tuNga,cf,Bfgu-
mw,85795.1,tuc,cf,tu/j
mw,85813,tuj,cf,A-tuji/
mw,85821,tuYja,cf,tuja
mw,85843,tuRqa,cf,asTi-
mw,85854,tuRqikA,cf,tund˚
mw,85866,tutAta,cf,tOtAtika
mw,85879.1,tud,cf,to/ttra
mw,85884,tuda,cf,ut-
mw,85892,tund,cf,ni-√ tud
mw,85921.05,tup,cf,tuB
mw,85921.55,tuP,cf,tuB
mw,85936.1,tuB,cf,stuB
mw,85943,tump,cf,pra-stump
mw,85943.1,tumP,cf,pra-stump
mw,85971,tumra,cf,tUtuma/
mw,85972,tur,cf,tF
mw,85975,tur,cf,ap-
mw,86058,tura,cf,A-
mw,86098,turv,cf,pra-
mw,86265,tuz,cf,tUzRI/m
mw,86279,tuza,cf,a-
mw,86358,tUR,cf,kUR
mw,86391,tUtuji,cf,a/-
mw,86393,tUtuma,cf,tu/mra
mw,86426,tUrta,cf,a/-
mw,86431,tUra,cf,arDa-
mw,86434,tUrya,cf,sa-
mw,86445,tUl,cf,anu-tUlaya
mw,86459,tUla,cf,a/pa-
mw,86484,tUlikA,cf,akzara-
mw,86489,tUli,cf,turI
mw,86496,tUza,cf,kfzRa/-
mw,86506,tUzRIMgaNga,cf,uzRI-g˚
mw,86521.1,tf,cf,tArA
mw,86523,tfMhaRa,cf,ta/rh˚
mw,86532,tfca,cf,try-fca
mw,86599,tfRabinduSaras,cf,tArRabindavIya
mw,86680,tfRyA,cf,a-
mw,86683.1,tfRAmalla,cf,tri-m˚
mw,86720,tfd,cf,tard
mw,86722,tfdila,cf,a/-
mw,86723,tfp,cf,tfP
mw,86735,tfpu,cf,asu-
mw,86760,tfpra,cf,trapizWa
mw,86765,tfP,cf,tfp
mw,86765,tfP,cf,tarPitf
mw,86790,tfzita,cf,a/-
mw,86808,tfzRA,cf,ati-
mw,86816,tfh,cf,vi-
mw,86817,tF,cf,pra-ta/r˚
mw,86817.1,tF,cf,ta/ra
mw,86829,tejasiMha,cf,˚jaH-s˚
mw,86850,tejanI,cf,tEj˚
mw,86874,tejas,cf,a-
mw,86884.4,tejasvatI,cf,˚jo-v˚
mw,87105,tElika,cf,mUrDa-
mw,87126,toka,cf,ava-tokA
mw,87165,todya,cf,A-
mw,87185,toyakrIqA,cf,jala-kr˚
mw,87204,toyaDi,cf,kzIra-t˚
mw,87254,toraRa,cf,ut-
mw,87273,tozaRa,cf,su-
mw,87318,tOlika,cf,uda-
mw,87324,tOlvali,cf,ajA-
mw,87356,tyaj,cf,tanu-
mw,87374,tyAga,cf,Atma-
mw,87404,tyAdAyani,cf,tAd˚
mw,87415,traNga,cf,dr˚
mw,87422,trap,cf,apa-
mw,87524,trasnu,cf,a/-
mw,87526,trA,cf,a/n-agni-
mw,87532,trARa,cf,aNguli-
mw,87574,trikakud,cf,tri-kUwa
mw,87587,trikawu,cf,kawu-traya
mw,87589,trikawuka,cf,kawu-traya
mw,87748,tridamaTavastukuSala,cf,-daRqa
mw,87811.7,tridozApaha,cf,-daRqa
mw,87847,trinavaha,cf,triRava/
mw,87924,triparva,cf,-kARqa
mw,87952,tripizwapa,cf,-vizw˚
mw,87977,tripurA,cf,-puwA
mw,88123,trimUrti,cf,trayI-deha
mw,88155,trirAtra,cf,aSva-
mw,88170,triliNga,cf,-guRa
mw,88260,trividya,cf,trayI-tanu
mw,88261,trividyA,cf,trayI/vidyA/
mw,88296,trivfzan,cf,trEvfzRa/
mw,88562,trika,cf,eka-
mw,88568,trika,cf,kawu-
mw,88580,trita,cf,trEtana/
mw,88604,triyUha,cf,ukanAha
mw,88608,truw,cf,ut-
mw,88647,trE,cf,pari-
mw,88713,trErASika,cf,krama-
mw,88800,trotala,cf,toqala
mw,88847,tryambaka,cf,tri-mAtf/
mw,88903,tryAhala,cf,Aha/lak
mw,88985,tvota,cf,i/ndra-
mw,88987.1,tvakz,cf,pra-tvakzARa/
mw,89002,tvaktra,cf,niz-wv˚
mw,89071,tvaca,cf,guqa-
mw,89087,tvar,cf,tur
mw,89109,tvaritodita,cf,tUrta/
mw,89118,tvazwf,cf,tva/zwA-va/rUtrI
mw,89140.1,tvAva,cf,tvE/
mw,89141,tviz,cf,ava-
mw,89173.1,tvE,cf,tvA/va/
mw,89175,tsar,cf,aBi-
mw,89180,tsaru,cf,sumati/-
mw,89208,Turv,cf,turv
mw,89219,da,cf,agni-
mw,89226,da,cf,a-panna-
mw,89231,daMS,cf,˚SU/ka
mw,89243,daMSa,cf,kzamA-
mw,89273,daMSman,cf,tfzwa/-
mw,89277,daMzwra,cf,a/yo-
mw,89302,daMsas,cf,puru-
mw,89306,daMsu,cf,guru/
mw,89315,dakodara,cf,udak˚
mw,89322,dakza,cf,-kratu/
mw,89338,dakza,cf,a-tUrta-
mw,89372,dakzasuta,cf,-pitf
mw,89389.36,dakziRA,cf,aBaya-
mw,89524.1,dakziRit,cf,pra-
mw,89528,dakziRIya,cf,a-
mw,89530,dakziRya,cf,a-
mw,89543,dagDa,cf,agni-
mw,89565,daG,cf,a/-pascA-daGvan
mw,89565,daG,cf,daNG
mw,89565,daG,cf,ati-
mw,89566,daGna,cf,aMsa-
mw,89568,daNG,cf,daG
mw,89571,daRqa,cf,ikzu-
mw,89571.04,daRqa,cf,ikzu-
mw,89571.24,daRqa,cf,-BAsa
mw,89571.28,daRqa,cf,-vyuha
mw,89571.30,daRqa,cf,-pAta
mw,89571.32,daRqa,cf,nyasta-
mw,89571.34,daRqa,cf,vAg-
mw,89571.38,daRqa,cf,gupta/
mw,89749,daRqana,cf,a-Darma-
mw,89756,daRqAra,cf,˚qaBft
mw,89806,datta,cf,a/-
mw,89872.1,dattvA,cf,a/-
mw,89966,daDisamudra,cf,-vAri
mw,89992,daDyac,cf,˚Di-krA/
mw,89992,daDyac,cf,ATarvaRa/
mw,90034,dantI,cf,iBa-dantA
mw,90215,dantya,cf,a-
mw,90232,daBa,cf,a-
mw,90239,daBra,cf,dahra
mw,90243,daBra,cf,a/-
mw,90248.11,dampati,cf,dan
mw,90258,dama,cf,dur-
mw,90332,damBin,cf,a-
mw,90342,day,cf,ava-
mw,90344,dayA,cf,a-daya/
mw,90433,dardura,cf,kUpa-
mw,90434,dardura,cf,jala-
mw,90458,daridra,cf,mahA-
mw,90475,darpa,cf,ati-
mw,90552,darva,cf,pUrRa-darva/
mw,90557,darva,cf,dArva
mw,90562,darvi,cf,dru/
mw,90563,darvi,cf,vi-darvya
mw,90579,darvIhoma,cf,dArvIhOmika
mw,90616,darSata,cf,viSva/-
mw,90633,darSana,cf,pApa-
mw,90643,darSana,cf,danta-
mw,90648,darSanI,cf,a-
mw,90651,darSanapaTa,cf,a-
mw,90672,darSanIya,cf,a-
mw,90697,darSin,cf,pApa-
mw,90698.4,darSivas,cf,pratyakza-
mw,90700,dal,cf,ava-
mw,90701,dala,cf,aRqa
mw,90703,dala,cf,aDara-
mw,90755,dalana,cf,nir-
mw,90766,dalita,cf,saM-
mw,90769,dalmi,cf,darma/
mw,90785,dava,cf,dAva
mw,90790,davAgni,cf,dAv˚
mw,90792,davAnala,cf,dAv˚
mw,90916,daSamAsya,cf,a/-
mw,91018,daSArRA,cf,dAS˚
mw,91024.5,daSArhI,cf,sudaSArhakula
mw,91037,daSASvameDa,cf,dAS˚
mw,91060,daSataya,cf,dAs˚
mw,91063.1,daSan,cf,a/-
mw,91092,daSasya,cf,dAS
mw,91099,daSA,cf,vastra-
mw,91121,daSeraka,cf,dasra
mw,91122,daSeraka,cf,dAS˚
mw,91123,daSeraka,cf,agniveSa-
mw,91129,das,cf,apa-
mw,91135,dasma,cf,˚syu
mw,91146,dasra,cf,daSeraka
mw,91153,dasyu,cf,trasa/-
mw,91159,dasyuhatya,cf,SuzRa-h˚
mw,91164,dah,cf,˚kzA
mw,91227.1,dAtf,cf,kanyA-
mw,91227.7,dAtf,cf,a-
mw,91242,dAna,cf,kanyA-
mw,91243,dAna,cf,prARa-
mw,91244,dAna,cf,brahma-
mw,91248,dAna,cf,udaka-
mw,91316,dAnika,cf,aDyayana-
mw,91318,dAnin,cf,agre-
mw,91336,dAman,cf,a-
mw,91338,dAya,cf,Sata-
mw,91340,dAya,cf,su-
mw,91346,dAyaka,cf,agni-
mw,91363,dAtu,cf,su-
mw,91370,dAna,cf,vasu-
mw,91390,dAnu,cf,dAnava
mw,91391,dAnu,cf,Ardra/-
mw,91398,dAya,cf,Sata/-
mw,91412.1,dAyavIra,cf,dAna-v˚
mw,91413,dAyahara,cf,brahma-
mw,91425,dA,cf,A-
mw,91429,dAmagranTi,cf,granTika
mw,91465,dAman,cf,ASA-d˚
mw,91472,dAta,cf,ava-
mw,91482,dAkzAyaRa,cf,-yajYa
mw,91486,dAkzAyaRa,cf,-hasta/
mw,91543,dAqaka,cf,dAQA
mw,91556,dAqI,cf,doqI
mw,91569,dARqapAtA,cf,tElam-
mw,91614,dAnta,cf,damya
mw,91636.1,dAmalipta,cf,tAma-
mw,91642,dAmBika,cf,baka
mw,91645,dAra,cf,BU-
mw,91645.1,dAra,cf,udara-
mw,91652,dAraka,cf,loha-
mw,91655,dArikA,cf,pAda-
mw,91656,dAri,cf,veRu-
mw,91664,dAra,cf,kfta-
mw,91800,dArvawa,cf,darBawa
mw,91802,dArvan,cf,darvA
mw,91816,dAla,cf,dala-ja
mw,91819,dAla,cf,rajju-
mw,91824.1,dAlima,cf,dAdima
mw,91835,dAlmi,cf,dalmi
mw,91851,dAS,cf,daSasya
mw,91853,dAS,cf,dU-
mw,91858,dASu,cf,a/-
mw,91861,dASuri,cf,a/-
mw,91881,dASapura,cf,daSa-
mw,91922,dAsa,cf,dasyu
mw,91927,dAsa,cf,kAli-
mw,91960,dAsaka,cf,dAS˚
mw,91986,dAsera,cf,dAS˚
mw,91989,dAseraka,cf,dAS˚
mw,91991,dAseraka,cf,dAS˚
mw,92004,dAha,cf,dig-
mw,92053,diRqi,cf,QuRQi
mw,92057,dita,cf,ud-
mw,92069,dita,cf,nir-
mw,92074,dityavah,cf,turya-vah
mw,92101,didyu,cf,aSma-
mw,92120,diDizUpapati,cf,agre-diDizu
mw,92123,dina,cf,svayaM-
mw,92169,dinapraRI,cf,tiTi-
mw,92178,dinamUrDan,cf,udaya/
mw,92181,dinarASi,cf,ahar-gaRa
mw,92214,dinnAgrAma,cf,Darma-
mw,92225,dilIpa,cf,qilli
mw,92227,dilha,cf,dihlA
mw,92231,div,cf,dyAvA-pfTivI
mw,92231.8,div,cf,dyu/
mw,92239.1,diva,cf,a/har-
mw,92261,divan,cf,prati-
mw,92266,divaspfTivyO,cf,dyAvA-pfTivyO
mw,92292,divAkara,cf,arka/
mw,92382.05,divya,cf,-cakzus
mw,92465,dIvana,cf,devana
mw,92468,dIvi,cf,divi
mw,92523,digambarI,cf,-vastra
mw,92532,digjaya,cf,-vijaya
mw,92592,diS,cf,upa-
mw,92592,diS,cf,dik-pati
mw,92594,diS,cf,dig-Agata
mw,92608,diSA,cf,antara-
mw,92630.1,dizwagamana,cf,dizwA gatiH
mw,92644,dihlA,cf,dilha
mw,92645,dI,cf,qi
mw,92645,dI,cf,qI
mw,92655,dIdivi,cf,didivi
mw,92656,dIdivi,cf,didIvi
mw,92703,dIkzA,cf,viraha-
mw,92738,dIkzitavimita,cf,prAcIna-vaMSa
mw,92746,dIkzin,cf,gaRa-
mw,92836,dIpikA,cf,kula-
mw,92844,dIpana,cf,agni-
mw,92856,dIpana,cf,dIna
mw,92876,dIpinI,cf,dIpana
mw,92936,dIpti,cf,gfha-
mw,92942,dIptiketu,cf,dIpta-
mw,92973,dIrGA,cf,˚GikA
mw,93038.1,dIrGatamasorka,cf,-tapas
mw,93038.2,dIrGatamasovrata,cf,-tapas
mw,93059,dIrGadarSin,cf,dUra-
mw,93113,dIrGapavana,cf,-mAruta
mw,93161,dIrGarata,cf,-surata
mw,93255,dIrGAyus,cf,Ayuzmat
mw,93260,dIrGAyuzwva,cf,˚yu-tva
mw,93326,duHzaha,cf,duH-s˚
mw,93349,duHsama,cf,duHz˚
mw,93403,duHKa,cf,su-Ka/
mw,93508,dugDa,cf,go-rakza-
mw,93557,duqi,cf,duli
mw,93559,duRquBa,cf,dunduBa
mw,93581,dunduBa,cf,duRquBa
mw,93584,dunduBa,cf,anaka-
mw,93616,durodara,cf,dura-daBna
mw,93828,durizwa,cf,˚IzaRA
mw,93835,durIzaRA,cf,-izwi
mw,93958,durRaSa,cf,dU-R˚
mw,93962,durRAman,cf,-nAman
mw,93977,durdara,cf,duro-
mw,93995,durdurUwa,cf,-DurUwa
mw,94022,durDara,cf,-Darza
mw,94025,durDarA,cf,duruDarA
mw,94034,durDarza,cf,Dara
mw,94040,durDA,cf,-Dita
mw,94046,durDI,cf,dU-QI
mw,94048,durDurUwa,cf,DUr-voDf
mw,94048,durDurUwa,cf,-durUwa
mw,94054,durnAman,cf,-RAman
mw,94174,durmanas,cf,dOr-manasAyana
mw,94244,duryoDana,cf,su-y˚
mw,94325,durvAsa,cf,-vAsas
mw,94404,durvrata,cf,dOr-vratya
mw,94420,durhfdaya,cf,dOr-h˚
mw,94428,durga,cf,ab-
mw,94472,durgA,cf,-pUjA
mw,94487,durgAmAhAtmya,cf,devI-m˚
mw,94501,durgAhlAda,cf,˚gAvallaBa
mw,94585,duzwara,cf,dus-t˚
mw,94666,duzprIti,cf,jana-
mw,94678,dustara,cf,z-w˚
mw,94721,durv,cf,Durv
mw,94723,dul,cf,tul
mw,94728,dulI,cf,dOleya
mw,94735,duvas,cf,agregU
mw,94754,duzwa,cf,karma-
mw,94758,duzwa,cf,Sruti-
mw,94798,dUza,cf,kora-
mw,94807,dUzaRa,cf,arA-ti-d˚
mw,94814,dUzaRa,cf,arTad˚
mw,94826,dUzi,cf,arAti-d˚
mw,94829,dUzI,cf,˚zikA
mw,94837,dUzin,cf,kanyA-
mw,94848,duh,cf,du/GAna
mw,94848,duh,cf,duDukzu
mw,94850,duh,cf,kAma-
mw,94862,dUtaka,cf,dava
mw,94865,dU,cf,a/-dU
mw,94866,dUta,cf,dUra/
mw,94886,dUtaka,cf,deva-
mw,94893,dUpra,cf,dfpra
mw,94940,dUradarSin,cf,dIrGa-d˚
mw,94959,dUrapArA,cf,duz-p˚
mw,94980,dUraSravas,cf,˚re-Sr˚
mw,95030,dUreSravas,cf,˚ra-Sr˚
mw,95032,dUreSruta,cf,dOre-
mw,95038,dUrvA,cf,ali-
mw,95053,dUrSa,cf,dUSya
mw,95058,dUlikA,cf,tUlI
mw,95059,dUSya,cf,dUrSa
mw,95062,dUzya,cf,kalpa-
mw,95063,dUzyA,cf,cUzA
mw,95065,df,cf,A-√ df
mw,95070,dfMhaRa,cf,keSa-d˚
mw,95089,dfQacyuta,cf,dArQa-c˚
mw,95102,dfQadasyu,cf,dfQasyu
mw,95142,dfQamuzwi,cf,gAQa-m˚
mw,95183,dfQahanu,cf,˚Qa-D˚
mw,95204,dfQaya,cf,draQaya
mw,95222,dfgBU,cf,dfnPU
mw,95229,dfti,cf,dArteya
mw,95244,dfmBU,cf,dfgBU
mw,95247,dfpta,cf,a/-d˚
mw,95251,dfpyat,cf,a/-d˚
mw,95252,dfpra,cf,dUpra
mw,95256,dfbDa,cf,saM-d˚
mw,95303,dfgviza,cf,dfg-
mw,95310,dfS,cf,Ayurveda-d˚
mw,95316,dfSa,cf,I-d˚
mw,95333,dfSIkA,cf,citra-
mw,95382,dfzwanazwatA,cf,kzaRa-df˚-n˚
mw,95406,dfzwAnta,cf,dizw˚
mw,95459.1,dfzwiviza,cf,dfg-
mw,95505,deya,cf,brahma-
mw,95511,deya,cf,a-
mw,95521,deva,cf,tri-daSa
mw,95521,deva,cf,deva-patnI
mw,95527,deva,cf,BU-d˚
mw,95527,deva,cf,atiTi-d˚
mw,95527,deva,cf,kziti-
mw,95528,deva,cf,devf
mw,95542,devafzi,cf,˚varzi
mw,95543,devakaqa,cf,devI-kfti
mw,95553,devakavaca,cf,devI-
mw,95555,devakAnta,cf,candra-
mw,95560,devakirI,cf,-girI
mw,95577,devakrI,cf,-kirI
mw,95592,devaganDarva,cf,-gAnDAra
mw,95600,devagAnDAra,cf,-ganDarva
mw,95603,devagiri,cf,-pUrva
mw,95605,devagirI,cf,-kirI
mw,95611,devaguhya,cf,-rahasya
mw,95638,devajana,cf,dEva-
mw,95653,devataru,cf,cEtya
mw,95664,devatAlaka,cf,-tAq˚
mw,95674,devatva,cf,-tA
mw,95743,devadroRI,cf,droRI
mw,95760,devanala,cf,-nAla
mw,95839,devapraSna,cf,dEva-
mw,95844,devapriya,cf,devAnAm-
mw,95857,devabrahman,cf,-rzi
mw,95883,devamaYjara,cf,-kOstuBa
mw,95901,devamAtfka,cf,nadI-
mw,95929,devayajYa,cf,dEva-yajYi
mw,95939,devayAtu,cf,dEva-yAtava
mw,95966,devaraTa,cf,dEva-
mw,95969,devarahasya,cf,-guhya
mw,95988,devarAta,cf,dEva-rAti
mw,95995,devarzi,cf,brahmarzi
mw,96015.4,devavat,cf,-vAyu
mw,96046,devavfkza,cf,-taru
mw,96164,devahU,cf,pitf-
mw,96191,devAwa,cf,patny-Awa
mw,96241,devArpaRa,cf,mad-arp˚
mw,96259,devAvfDa,cf,dEvA-v˚
mw,96312,devaka,cf,dEvaka
mw,96315,devaka,cf,˚vikA
mw,96319,devikA,cf,-havis
mw,96321,devikA,cf,dAvika
mw,96337,devatA,cf,deva
mw,96354,devatApUjana,cf,deva-pUjA
mw,96380,devatya,cf,eka-
mw,96395,devaya,cf,a/-
mw,96432,devin,cf,akza-
mw,96437,devI,cf,deva/
mw,96491,devIrApaka,cf,-M-Diyaka
mw,96577,deSopadeSa,cf,˚Sa-nirRaya
mw,96584,deSika,cf,a-
mw,96608,deSIya,cf,paYca-varzaka-
mw,96614,deSya,cf,tad-
mw,96615,deSya,cf,deSa-ja
mw,96626,dezRa,cf,kumAra-
mw,96643,dehakoSa,cf,-Di
mw,96651,dehaja,cf,tanu-
mw,96656,dehada,cf,pAra-
mw,96660,dehaDAtf,cf,DAtu
mw,96673,dehaBft,cf,-Buj
mw,96681,dehamBaravArttika,cf,udaram-B˚
mw,96718,dehikA,cf,ud-
mw,96788.50,dEva,cf,kula-
mw,96809,dEvadIpa,cf,deva-
mw,96816,dEvapraSna,cf,deva-
mw,96817,dEvapraSna,cf,upa-Sruti
mw,96819,dEvayuga,cf,dEtya-
mw,96853,dEvopahata,cf,dEva-h˚
mw,96861,dEvadatta,cf,deva-dattIya
mw,96900,dEvaka,cf,sa-
mw,96908,dEvata,cf,ab-
mw,96914,dEvatya,cf,devatya
mw,96942,dESika,cf,deSika
mw,96951,do,cf,ava-√ do
mw,96951,do,cf,day
mw,96956,dogDf,cf,a-
mw,96964.1,doGa,cf,maDu-
mw,96965,doqI,cf,qodI
mw,96996,dolAyAtrA,cf,dola
mw,97014,dozA,cf,doza/s
mw,97031,doza,cf,tridoza
mw,97042,dozagrAhin,cf,guRa-
mw,97103,dos,cf,bAhu
mw,97120,dorlatikA,cf,-daRqa
mw,97123.1,dosTa,cf,pArSva-sTa
mw,97137,dohana,cf,kAma-
mw,97139,dohana,cf,go-
mw,97141,dohana,cf,kAMsya
mw,97146,dohin,cf,kAma-dohinI
mw,97149,dohya,cf,duhya
mw,97248,dOlmi,cf,dalmi
mw,97263.1,dOhfdinI,cf,dohada
mw,97283,dyukAma,cf,dyOkAmi
mw,97286,dyuga,cf,Ke-cara
mw,97298,dyudantin,cf,dik-karin
mw,97334,dyumETuna,cf,divA-mETunin
mw,97341,dyuloka,cf,dyO-l˚
mw,97354,dyAmpAta,cf,dEyAmpAti
mw,97392,dyut,cf,danta-
mw,97416,dyutita,cf,dyotita
mw,97418,dyota,cf,Ka-
mw,97421,dyotaka,cf,Ka-
mw,97426,dyotana,cf,Ka-
mw,97446,dyotita,cf,dyut˚
mw,97460,dyut,cf,aBivi-
mw,97466,dyU,cf,akza-
mw,97467,dyU,cf,dIv
mw,97472,dyUtakaramaRqalI,cf,dyUtamaRqala
mw,97511,dyUna,cf,pa/ri-
mw,97513,dyUna,cf,dyuta
mw,97518,dra,cf,uttara-dra/
mw,97522,draNgA,cf,udr˚
mw,97523,draQaya,cf,qfQaya
mw,97533,drapsa,cf,indu
mw,97543,dram,cf,drA
mw,97635,dravya,cf,eka-
mw,97636,dravya,cf,a-
mw,97706,draviqa,cf,dAviqa
mw,97751,drahya,cf,drAhyAyaRa
mw,97774,drAK,cf,DrAk
mw,97785,drANkz,cf,DrANkz
mw,97787,drAq,cf,DrAq
mw,97829,drAvin,cf,laGu-
mw,97830,drAvin,cf,pitta-
mw,97847,dru,cf,mita-
mw,97854,druta,cf,druRa
mw,97875,druti,cf,garBa-
mw,97879,dru,cf,indra-
mw,97947.4,druRI,cf,droRa
mw,97951,druh,cf,aBi-
mw,97955,druh,cf,ni/drA-
mw,97982,druha,cf,draha
mw,97993,drURa,cf,druRa
mw,97994,drek,cf,Drek
mw,97999,dreSya,cf,a-
mw,98000,drE,cf,ni-
mw,98007,droRa,cf,-meGa
mw,98008,droRa,cf,-kAka
mw,98009,droRa,cf,druRa
mw,98028,droRakAka,cf,above
mw,98050,droRavfzwi,cf,droRa
mw,98056,droRAsa,cf,dru-Rasa
mw,98085,dromiRa,cf,drAmila
mw,98101.6,dva,cf,dvA
mw,98109,dvaMdva,cf,devatA-
mw,98137,dvaMdvIBU,cf,˚dva-BUta
mw,98153,dvayin,cf,asad-dvayin
mw,98198,dvAdaSa,cf,aSva-
mw,98268,dvAdaSAkza,cf,˚Sa-locana
mw,98271.1,dvAdaSAkzaramantra,cf,dvAdaSa-pattraka
mw,98317,dvAra,cf,nava-
mw,98397,dvika,cf,kAka
mw,98433,dvicatvAriMSat,cf,dvA-
mw,98449,dvijAti,cf,-janman
mw,98475,dvidatta,cf,dvEdatti
mw,98486,dvidevata,cf,-dEvatyA
mw,98497,dviDAtu,cf,-deha
mw,98530,dvipaYcASat,cf,dvA-
mw,98539,dvipadikA,cf,-pAdya
mw,98549,dvipAttva,cf,-pad
mw,98557,dvipAdikA,cf,-padikA
mw,98560,dvipAyin,cf,-pa
mw,98602,dvimAtfja,cf,dvEmAtura
mw,98614,dvimuni,cf,tri
mw,98671,dvivArzika,cf,Una-
mw,98730,dvizaMDi,cf,-saMDi
mw,98737,dvizAhasra,cf,-sAh˚
mw,98758,dvisahasra,cf,-zAh˚
mw,98776,dvihalya,cf,-sItya
mw,98800,dvija,cf,upa-nayana
mw,98806,dvijA,cf,-jA/
mw,98824,dvijabanDu,cf,kzatra-
mw,98872,dvita,cf,trita/
mw,98874,dvitavana,cf,dvEtavana
mw,98931,dvirApa,cf,dvi-pa
mw,98967,dviza,cf,-tA
mw,99008,dvIpa,cf,-samBava
mw,99023,dvIpaSatru,cf,˚pis˚
mw,99033,dvIpiSatru,cf,dvIpikA
mw,99034,dvIpikA,cf,dvIpaSatru
mw,99040,dvIpya,cf,dvIpa-samBava
mw,99042,dvIpya,cf,dvEpAyana
mw,99043,dvIpyA,cf,dvIpikA
mw,99045,dveDA,cf,tre-DA
mw,99077,dvEmAtfka,cf,deva-M˚
mw,99095,dvEta,cf,-vAda
mw,99101,dvEtavAdin,cf,a-dv˚
mw,99112,dvEtIyaka,cf,dvitIyaka
mw,99115,dvEDa,cf,a-
mw,99145,dvEzaRIyA,cf,dnezaRIya
mw,99228,Da,cf,a-doma-Da/
mw,99235,Dak,cf,dakziRa-daG
mw,99243,Dawa,cf,tulA-
mw,99256,Dan,cf,DaR
mw,99257,Dan,cf,Danv
mw,99335,DanadA,cf,-da
mw,99446,DanAyus,cf,van˚
mw,99496,Danya,cf,Danika
mw,99523,Danu,cf,Danv-antara
mw,99526.1,Danu,cf,Danv
mw,99537,Danvantara,cf,˚tari
mw,99627,Danus,cf,Danu
mw,99635,Danus,cf,˚nur-durga
mw,99637,DanDa,cf,DAnDya
mw,99641,Danva,cf,izu-
mw,99656,Danvan,cf,asTi-
mw,99659,Danvan,cf,Danu
mw,99662,Danvan,cf,Danu
mw,99684,Danvin,cf,izu-
mw,99701,Dama,cf,karaM-
mw,99712,Damana,cf,mAyA-
mw,99727,Damara,cf,Damana
mw,99732,Damitra,cf,Dav˚
mw,99738,Dammala,cf,˚milla
mw,99744,Daya,cf,AsyaM-
mw,99749,Dara,cf,aMSu-
mw,99750,Dara,cf,kziti-
mw,99778,DaraRa,cf,kAma-
mw,99779,DaraRa,cf,pfTivI-
mw,99780,DaraRa,cf,Damana
mw,99792,DaraRiDara,cf,pfTu-DaraRi-D˚
mw,99793,DaraRiDara,cf,˚RI-D˚
mw,99798,DaraRisuta,cf,-ja
mw,99800,DaraRI,cf,˚Ra
mw,99804,DaraRI,cf,˚Ri-koSa
mw,99831,DaraRIBft,cf,-Dft
mw,99841,DaraRIya,cf,Siro-
mw,99870,Dariman,cf,˚ma-meya
mw,99911,Darma,cf,daSa-D˚arma-gata
mw,99926,Darma,cf,Darma-sUtra
mw,100005,DarmacAriRI,cf,saha-Darma-c˚
mw,100059,DarmadogDrI,cf,-duGA
mw,100066,Darmadvezin,cf,-Gna
mw,100090,Darmanandana,cf,-ja
mw,100115,DarmapatnI,cf,-dAra
mw,100134,Darmaputra,cf,-janman
mw,100137,Darmaputraka,cf,pArvatI-Darmaputraka
mw,100169,DarmaBaginI,cf,-BrAtf
mw,100177,DarmaBft,cf,-Dft
mw,100179,DarmaBrAtf,cf,-BaginI
mw,100215,DarmarAj,cf,rAja-Darman
mw,100275,DarmavfdDa,cf,-Dfk
mw,100369,DarmANgA,cf,Darma-rAj
mw,100447,DarmAha,cf,˚ma-vAsara
mw,100460,Darmottara,cf,vizRu-D˚
mw,100464,DarmopadeSa,cf,˚ma-mAtra
mw,100483,Darman,cf,an-ucCitti-
mw,100483,Darman,cf,uYCa-
mw,100483,Darman,cf,dasyu-
mw,100483,Darman,cf,cid-D˚
mw,100483,Darman,cf,vinASa-
mw,100494,DarmiRI,cf,DArmiReya
mw,100509,Darmya,cf,tad-
mw,100511,Darmya,cf,-DArmyAyaRa
mw,100515,DaruRa,cf,DAru
mw,100523,Darza,cf,dur-
mw,100551,DarziRI,cf,˚zaRI
mw,100607,DA,cf,diDizA/yya
mw,100618,DAtu,cf,trivizwi-
mw,100620,DAtu,cf,purIza
mw,100621,DAtu,cf,-garBa
mw,100658,DAtupuzpikA,cf,DAtf-
mw,100718,DAtf,cf,vasu-
mw,100726,DAtfpuzpikA,cf,DAtu-
mw,100738,DAtrI,cf,DAyas
mw,100750,DAna,cf,uda-
mw,100751,DAna,cf,agni-
mw,100752,DAnI,cf,aNgAra-
mw,100807,DAnyaDenu,cf,-gava
mw,100835,DAnyaSEladAna,cf,-parvata-dAna-viDi
mw,100841,DAnyAcala,cf,DAnya-parvata
mw,100851.2,DAnyaka,cf,DanyAka
mw,100869,DAman,cf,maDyamaM DAma vizRoH
mw,100898,DAyas,cf,ari-
mw,100926,DAnDya,cf,DanDa
mw,100944,DAra,cf,karRa-
mw,100947,DAraka,cf,kula-
mw,100964,DAraRa,cf,SvAsa-
mw,100973,DAraRaka,cf,a-
mw,100975,DAraRA,cf,˚Ra
mw,101022,DAriRI,cf,BUta-
mw,101023,DAriRI,cf,˚raRI
mw,101038,DAra,cf,tEla-
mw,101045,DArA,cf,tri-
mw,101050,DArA,cf,vana-
mw,101094.1,DAraka,cf,tri-
mw,101127,DArtarAzwra,cf,nir-
mw,101171,DAva,cf,asi-
mw,101176,DAvana,cf,manaHSilA-candana-D˚
mw,101185,Di,cf,ambu-
mw,101186,Dita,cf,hita/
mw,101186,Dita,cf,dur-
mw,101193,Di,cf,pi
mw,101206,Dikz,cf,Dukz
mw,101224,DizaRA,cf,agADa-
mw,101240,DizRya,cf,kxpta-
mw,101241,DizRya,cf,DizaRa
mw,101254,DI,cf,dIDI
mw,101369,DIlawI,cf,DItA
mw,101401,DunI,cf,dyu-Duni
mw,101422,Dur,cf,akza-
mw,101454,DurIRa,cf,uttara-
mw,101464,Durya,cf,kula-
mw,101480,Dustura,cf,DattUra
mw,101481,DU,cf,ni-
mw,101481,DU,cf,Dav
mw,101519,DUpanetra,cf,DUma-
mw,101530,DUpaka,cf,˚pika
mw,101533,DUpana,cf,˚paya
mw,101578,DUmaprASa,cf,-pa
mw,101601,DUmAkza,cf,˚madarSin
mw,101620,DUmana,cf,DUpana
mw,101649,DUmra,cf,DUmrAyaRa
mw,101677,DUmravarRA,cf,su-DUmra-v˚
mw,101700,DUmrAyaRa,cf,DOmr˚
mw,101737,DUr,cf,DUrv
mw,101760,DUrRa,cf,DURa
mw,101761,DUrv,cf,Dvf
mw,101763,DUrta,cf,kaWa-
mw,101801,DUsara,cf,Dvasira
mw,101830,Dfta,cf,DArteya
mw,101886,Dfti,cf,carzaRI-
mw,101929,Dftvan,cf,kzema-
mw,101932,Dfj,cf,Draj
mw,101946,Dfzwa,cf,a/-
mw,101951,Dfzwa,cf,DArzwa
mw,101985,DfzRaj,cf,˚za/j
mw,101989,DfzRu,cf,daDfz
mw,102003,De,cf,anu-√ De
mw,102014,Denu,cf,Gfta-
mw,102014,Denu,cf,asi-
mw,102032,Denuka,cf,DEn˚
mw,102065,Deya,cf,nAma-
mw,102086,Doyin,cf,DoI-kavi
mw,102095,DOta,cf,DUta/
mw,102116,DOtaya,cf,DOta-Sila
mw,102135,DOmra,cf,DUma
mw,102136,DOmrAyaRa,cf,DUmrAyaRa
mw,102142,DOritaka,cf,Dorita
mw,102144,DOreya,cf,puruza-
mw,102156,Dma,cf,tURa-
mw,102174,DyAma,cf,SyAma
mw,102238,DyAnAvacara,cf,˚na-gocara
mw,102254,Dra,cf,aMsa-DrI
mw,102255,Draj,cf,Dfj
mw,102265,DraR,cf,Dvan
mw,102266,Dras,cf,uDras
mw,102272,DrANkz,cf,DmANkz
mw,102278,Drij,cf,Draj
mw,102286,Druva,cf,Dru
mw,102342,Druvanftya,cf,-gIta-n˚
mw,102377,DruvakA,cf,DuvakA
mw,102394,Drek,cf,drek
mw,102420,Dvaja,cf,makara-
mw,102424,Dvaja,cf,puM-
mw,102448,Dvajavat,cf,Dvaja
mw,102497,Dvan,cf,˚nayat
mw,102502,Dvanana,cf,karRa-
mw,102544,Dvas,cf,parRa-
mw,102548,Dvasira,cf,DUsara
mw,102567,DvANkz,cf,DmANkz
mw,102568,DvANkza,cf,tIrTa-
mw,102589,DvANkzapuzwa,cf,kAka-p˚
mw,102600,DvAna,cf,prati-
mw,102614.1,Dvf,cf,DUrv
mw,102615,Dvft,cf,satya-
mw,102623,nakiMcana,cf,a-k˚
mw,102659,nayuta,cf,a-y˚
mw,102675,nAti,cf,an-ati-
mw,102740,nakula,cf,nAkulI
mw,102768,nakta,cf,˚sA/-naktA
mw,102773.1,nakta,cf,nak
mw,102775.4,naktacArin,cf,naktaM-c˚
mw,102817,nakra,cf,nA/kra
mw,102818,nakraketana,cf,makara-k˚
mw,102827,nakzatra,cf,nakz dyAm
mw,102934,nakzatrin,cf,˚tra-nemi
mw,102938,naKa,cf,naGamAra
mw,102987,naKAnaKi,cf,keSA-keSi
mw,102995,naKAli,cf,˚Ka-SaNKa
mw,103014,naga,cf,a/-ga
mw,103014,naga,cf,sa-naga
mw,103015,naga,cf,kula-giri
mw,103121,naGamAra,cf,naKa/
mw,103134,nagnA,cf,nagaRA
mw,103153,nagnAcArya,cf,nagna/
mw,103176,naw,cf,un-√ naw
mw,103176,naw,cf,naq
mw,103205,nawasaMjYaka,cf,-BUzaRa
mw,103220,nawwakalyARa,cf,nawa-n˚
mw,103226,naq,cf,naw
mw,103234,naqvalA,cf,nAqvaleya
mw,103240,naqa,cf,nala
mw,103244,naqakUbara,cf,nala-
mw,103268,nata,cf,vAma-
mw,103269,nata,cf,nati
mw,103311,nada,cf,nadI
mw,103337,nadI,cf,ku-nadikA
mw,103337,nadI,cf,upa-nadi
mw,103380,nadImuKa,cf,nandI-m˚
mw,103391,nadIzRa,cf,ati-n˚
mw,103398,nadAla,cf,kumBI-
mw,103406,nadDi,cf,barsa-
mw,103425,nanda,cf,nandana
mw,103440,nanda,cf,-parvata
mw,103441,nandA,cf,nandi
mw,103444,nandA,cf,nanAndf
mw,103509,nandana,cf,˚daka
mw,103511,nandana,cf,˚daka
mw,103523,nandanA,cf,kula-
mw,103525,nandana,cf,˚daka
mw,103542,nandApurARa,cf,nandI-p˚
mw,103556,nandikara,cf,nandana
mw,103590,nandivarDana,cf,nandana
mw,103602,nandivfkza,cf,˚dI-vf˚
mw,103603,nandivfkzaka,cf,˚dI-vf˚
mw,103613,nandISvara,cf,nandin
mw,103651,nandin,cf,nAndin
mw,103653,nandin,cf,˚ndi-varDana
mw,103654,nandin,cf,nandi
mw,103680,nandImuKa,cf,˚ndi-m˚
mw,103706,naBa,cf,naBas
mw,103710,naBaga,cf,naBAga
mw,103751,naBas,cf,naBa
mw,103819,naBAga,cf,naBa-ga
mw,103837,namana,cf,nf-
mw,103983,nayana,cf,naya
mw,104026,nara,cf,nf
mw,104030,nara,cf,-yantra
mw,104031,nara,cf,puruza
mw,104032,nara,cf,-sUnu
mw,104168,narahari,cf,-siMha
mw,104173,narANga,cf,naraNga
mw,104197,narendra,cf,dur-n˚
mw,104241,narakaripu,cf,-jit
mw,104266,narizwA,cf,narma
mw,104271,narkuwa,cf,nakuwa
mw,104273,narkuwaka,cf,nardawaka
mw,104274,narta,cf,nitya-
mw,104291,nartana,cf,˚nA-gfha
mw,104299,nartayitf,cf,˚taka
mw,104305,nartin,cf,vaMSa-n˚
mw,104308,narda,cf,go-n˚
mw,104317,nardita,cf,vfza
mw,104318,nardin,cf,gehe-n˚
mw,104319,nardawaka,cf,narkuwaka
mw,104321,narb,cf,namb
mw,104322,narma,cf,narman
mw,104380,nala,cf,naqa/
mw,104390,nala,cf,-setu
mw,104392,nalI,cf,nawI
mw,104393,nala,cf,nalina
mw,104394,nala,cf,nal
mw,104403,nalada,cf,narada
mw,104439,nalinadala,cf,nalinI-dala
mw,104440,nalinadala,cf,puzkara
mw,104489,navakAlidAsa,cf,aBinava-k˚
mw,104501,navatara,cf,na/vIyas
mw,104545,navavarikA,cf,-kArikA
mw,104622,navakara,cf,-hasta
mw,104629.2,navagva,cf,daSa-gva
mw,104658,navamuKa,cf,-dvAra
mw,104687,navavyUha,cf,catur-v˚
mw,104706,navahasta,cf,-kara
mw,104727,navAhnikaBAzya,cf,BAzya-n˚
mw,104730,navata,cf,ekadvA-
mw,104760,naS,cf,ninaNkzu
mw,104765,naSitf,cf,naMzwf
mw,104829.1,nas,cf,nAsA
mw,104834,nasa,cf,apI-n˚
mw,104840,nastatas,cf,pat-ta-tas
mw,104843,nastita,cf,nastota
mw,104845,nasyA,cf,nAsya
mw,104855,nah,cf,akzA-na/h
mw,104857,nahasra,cf,un-n˚
mw,104874,nahimAtra,cf,na-mAtra
mw,104876,nAka,cf,tri-diva
mw,104920,nAkulI,cf,nakulezwA
mw,104926,nAkra,cf,nakra
mw,104939,nAga,cf,fzaBa
mw,104976,nAgaKaRqa,cf,-dvIpa
mw,105012,nAgadvIpa,cf,nAga-KaRqa
mw,105013,nAgaDanvan,cf,-vartman
mw,105056,nAgabanDa,cf,-pASa
mw,105070,nAgaBaginI,cf,-mAtf
mw,105072,nAgaBUzaRa,cf,-cUqa
mw,105074,nAgaBft,cf,-Bid
mw,105101,nAgaruka,cf,-raNga
mw,105132,nAgavITI,cf,nAgA
mw,105134,nAgavfkza,cf,-ruka
mw,105145,nAgasuganDA,cf,nAkulI
mw,105222,nAgara,cf,upa-n˚
mw,105231,nAgara,cf,nAga-raNga
mw,105259,nAgaraka,cf,nAgara-nfpati
mw,105266,nAgarika,cf,-vftti
mw,105287,nAciketa,cf,tri-RAciketa
mw,105295,nAwa,cf,nawa
mw,105331,nAweya,cf,˚wAra
mw,105365,nAqi,cf,nAqI
mw,105369,nAqiMDama,cf,pAYca-janya-nAqiM-D˚
mw,105399,nAqIjaNGa,cf,nAli-j˚
mw,105404,nAqItaraMga,cf,nArI-t˚
mw,105406,nAqIdatta,cf,nAqikA-d˚
mw,105407,nAqIdeha,cf,vigraha
mw,105439,nAqIca,cf,nAqikA-pattra
mw,105448.05,nAT,cf,nAD
mw,105450,nATa,cf,sa-
mw,105503,nAD,cf,nAT
mw,105642,nApitI,cf,vaptf
mw,105653,nABa,cf,abja-nABa
mw,105656,nABi,cf,-kfntana
mw,105662,nABi,cf,maRqala-nABi-tA
mw,105683,nABinAqI,cf,garba-n
mw,105712,nABAga,cf,naBa-ga
mw,105760,nAmaDeya,cf,kiM-n˚
mw,105822,nAmaka,cf,aNGri
mw,105827,nAman,cf,nama-gotra
mw,105828,nAman,cf,nAma-DAraka
mw,105830,nAman,cf,sva-
mw,105847,nAya,cf,aSva-
mw,105850,nAyaka,cf,a-nAyaka
mw,105853,nAyaka,cf,nAyakAya
mw,105858,nAyaka,cf,nAyikA-cUrRa
mw,105867,nAyikA,cf,kula-n˚
mw,105872,nAyin,cf,ayuta-
mw,105898,nAracandra,cf,nara c˚
mw,105999,nArika,cf,nAra/
mw,106007,nArItaraMgaka,cf,nAqI-t˚
mw,106034,nAraNga,cf,nAga-raNga
mw,106074,nArasiMhacUrRa,cf,nara-s˚-c˚
mw,106081,nArAca,cf,arDa-
mw,106085,nArAca,cf,nar˚
mw,106107,nAriNgakanda,cf,nAraNga-pattraka
mw,106121,nAla,cf,nAqa
mw,106130,nAlI,cf,nAlIka
mw,106138,nAlaka,cf,cAru-n˚
mw,106138.4,nAlikA,cf,nAla
mw,106144,nAlijaNGa,cf,nAqI-j˚
mw,106148,nAlika,cf,zaRR˚
mw,106171,nAva,cf,arDa-n˚
mw,106197,nASa,cf,karma-nASA
mw,106203,nASaka,cf,ku-n˚
mw,106204,nASaka,cf,arTa-n˚
mw,106215,nASin,cf,a-n˚
mw,106226,nAsA,cf,gaja-n˚
mw,106239,nAsApAka,cf,GrARa-p˚
mw,106254,nAsAviroka,cf,-ranDra
mw,106303,nAha,cf,nAsA-n˚
mw,106315,niMs,cf,nikz
mw,106316,niMsin,cf,netra-
mw,106332,niHSabdam,cf,ni-S˚
mw,106479,niHspanda,cf,niz-p˚
mw,106664,niravaskfta,cf,an-avaskara
mw,106732,nirADAna,cf,antar-AD˚
mw,106784,nirAloka,cf,Atma-n˚
mw,107001,nirjAlmaka,cf,-jarjalpa
mw,107014,nirdawa,cf,A-df
mw,107030,nirdara,cf,-dawa
mw,107223,nirmoha,cf,nir-moka
mw,107264,nirvana,cf,-vaRa
mw,107266,nirvaruRam,cf,a-v˚
mw,107403,nirhasta,cf,nEr-h˚
mw,107522,nizpattra,cf,˚trA √ kf
mw,107638,nizPena,cf,a-P˚
mw,107639,nis,cf,niH-√ kzi
mw,107639,nis,cf,nirvana
mw,107639,nis,cf,nir-arTa
mw,107639,nis,cf,niH-SUnya
mw,107751,niHSfNKaRa,cf,SfNKARikA
mw,107809,niHsrAva,cf,ni-srAva
mw,107824.10,nikAma,cf,yadA-nikA/mam
mw,107847,nikAzam,cf,hiraRya-nik˚
mw,107849.2,nikARamakzi,cf,akzi-nikARam
mw,107857,nikASa,cf,nI-k˚
mw,107918,nikftiprajYa,cf,˚ta-pr˚
mw,107934,nikfntana,cf,naKa-
mw,107963,nikoSya,cf,koSya
mw,107972,nikz,cf,niMs
mw,107973,nikza,cf,puzpa-n˚
mw,108005,niKAna,cf,nEKAnya
mw,108016,niKilena,cf,a-K˚
mw,108041,nigam,cf,ni-gama
mw,108077,nigut,cf,nEguta
mw,108095,nigF,cf,ni-√ gal
mw,108099,nigaraRa,cf,ni-gaRa
mw,108101,nigAraka,cf,ni-gAlaka
mw,108104,nigIrRa,cf,a-nig˚
mw,108110,nigranTana,cf,nir-gr˚
mw,108131,nigraha,cf,-sTAna
mw,108155,niGa,cf,a-Ga
mw,108157,niGaRwa,cf,GaRwA
mw,108193,nicaka,cf,nEcakya
mw,108204,nici,cf,ni-kAya
mw,108205,nicaya,cf,alpa-n˚
mw,108206,nicaya,cf,vaDU-n˚
mw,108215,nicita,cf,nEcitya
mw,108223,nicikI,cf,nEcikI
mw,108247,nicCavi,cf,licCavi
mw,108286,niRqikA,cf,tiRwI
mw,108287,niRya,cf,ni-Ri/k
mw,108317,nitambin,cf,su-n˚
mw,108326,nituRqa,cf,nEtuRqi
mw,108337,nitya,cf,ni-ja
mw,108340,nitya,cf,tapo-n˚
mw,108410,nityasaMhfzwa,cf,saMGfzwa
mw,108459,nidaRqa,cf,nyasta-d˚
mw,108479,nidAna,cf,ni-banDana
mw,108501,nidigDikA,cf,nir-dagDikA
mw,108525,nidarSana,cf,svapna-nid˚
mw,108558,nidrAyoga,cf,yoganidrA
mw,108588,niDAna,cf,daRqa-n˚
mw,108590,niDAna,cf,garBa-n˚
mw,108607.06,niDi,cf,niDi-datta
mw,108627,niDruva,cf,nEDruva
mw,108646,ninard,cf,ava-√ nard
mw,108650,ninayana,cf,svaDA-n˚
mw,108664,nindaka,cf,brAhmaRa-
mw,108698,nipAta,cf,para-
mw,108705,nipAtana,cf,daRqa-n˚
mw,108737,nipa,cf,Ake-n˚
mw,108788,niPena,cf,a-P˚
mw,108831,nibanDana,cf,izu-n˚
mw,108852,nibiqa,cf,ni-Kila
mw,108862,nibusIkfta,cf,nir-b˚
mw,108936,nimA,cf,nime
mw,108938,nimAna,cf,a-nim˚
mw,108939,nimita,cf,cakzur-n˚
mw,108945,nimi,cf,ni-miza
mw,108957,nimitta,cf,dur-n˚
mw,108992,nimittin,cf,nimitta-n˚
mw,108997,nimiSra,cf,nEmiSra
mw,109000,nimiz,cf,a-nimizat
mw,109001,nimiz,cf,a-nimiz
mw,109024,nimIl,cf,ni-mIlita
mw,109028,nimIlana,cf,padma-
mw,109031,nimIlikA,cf,iBanimIlikA
mw,109057,nimeya,cf,nEmeya
mw,109072,nimnanABi,cf,nimagna-n˚
mw,109076,nimnABimuKa,cf,-pravaRa
mw,109103,nimluc,cf,aBi-nimluc
mw,109121.18,niyata,cf,a-n˚
mw,109193,niyuj,cf,kapota
mw,109209,niyoga,cf,-pASa
mw,109291,nirazwa,cf,mahA-n˚
mw,109341,nirAga,cf,nI-r˚
mw,109363,niriNginI,cf,nI-raNgI
mw,109370,nirIkzaRa,cf,dur-n˚
mw,109408,niruja,cf,nI-r˚
mw,109450,nirUQa,cf,nir-UQa
mw,109559,nirJara,cf,Jara
mw,109562,nirJara,cf,nirRara
mw,109577,nirRara,cf,nirJara
mw,109595,nirRaya,cf,-pAda
mw,109655,nirdI,cf,nir-qIna
mw,109748,nirBfta,cf,nir-Bawa
mw,109811,nirmoka,cf,nir-moha
mw,109826,nirmArga,cf,a/-nirm˚
mw,109837,niryAtaka,cf,preta-
mw,109838,niryAtana,cf,vEra-
mw,109853,niryARa,cf,nir-RAyana
mw,109861,niryAtf,cf,nirdAtf
mw,109868,niryAma,cf,ni-y˚
mw,109879,niryukti,cf,nir-ukti
mw,109889,niryUha,cf,nir-yAsa
mw,109895,nirleKana,cf,jihvA-nirl˚
mw,109910,nirlopApahAraka,cf,ni-lup
mw,109914,nirvac,cf,nir-ukta
mw,109919,nirvacanIya,cf,a-nirv˚
mw,109952,nirvAsana,cf,ud-vAs˚
mw,109972,nirvARa,cf,a-nirv˚
mw,110000,nirvARaruci,cf,nirmARa-rati
mw,110044,nirveSa,cf,anirv˚
mw,110095,nirvE,cf,nir-vA
mw,110118,nirvyUha,cf,niryUha
mw,110120,nirvraRita,cf,nirvraRa
mw,110124,nirvlayanI,cf,ahi-nirvl˚
mw,110128,nirhata,cf,ulkA-nirh˚
mw,110131,nirhf,cf,nir-jihIrzu
mw,110141,nirhAra,cf,˚hArin
mw,110175,nilI,cf,ni-rI
mw,110176,nilaya,cf,a-nil˚
mw,110188.1,nilInaka,cf,nElInaka
mw,110201,nivanA,cf,ni-vatA
mw,110204,nivapana,cf,nirvapaRa
mw,110223,nivasana,cf,kawI-niv˚
mw,110249,nivaha,cf,duHKa-
mw,110298.30,nivizwa,cf,nir-vizwa
mw,110337,nivIrya,cf,nir-v˚
mw,110341,nivaraRa,cf,sarva-niv-vizkamBin
mw,110342,nivAra,cf,dur-niv˚
mw,110448,nivyUQa,cf,nir-v˚
mw,110454,nivIta,cf,ni-vfta
mw,110459,niS,cf,dyu-
mw,110461,niSa,cf,a-
mw,110494.2,niSAwaka,cf,kOSika
mw,110539,niSabda,cf,niH-S
mw,110544,niSAnta,cf,yaTA-n˚
mw,110556,niSAtaya,cf,Sad
mw,110563,niSAvana,cf,SaRa
mw,110565,niSi,cf,ni-So
mw,110568,niSitA,cf,niS
mw,110591,niSo,cf,ni-Si
mw,110596,niSotrA,cf,ni-sftA
mw,110598,niScapraca,cf,AcaparAca
mw,110613,niScayin,cf,kfta-niSc˚
mw,110621,niSciti,cf,pAWa-niSc˚
mw,110683,nizadana,cf,uzwra-niz˚
mw,110710,nizAdin,cf,˚zAdita
mw,110717,nizaDa,cf,ni-zAda
mw,110731,nizah,cf,nI-zah
mw,110759,niziDa,cf,nEziDa
mw,110810,nizkAsa,cf,˚Sa
mw,110824,nizkASa,cf,˚sa
mw,110833,nizkuwa,cf,-kuha
mw,110838,nizkuwI,cf,nis-truwI
mw,110852,nizkf,cf,iz-kf
mw,110855,nizkfta,cf,a-nizkfta
mw,110909,nizwarkya,cf,tarku
mw,110921,nizWa,cf,Darma-
mw,110967,nizRa,cf,ni-Sna
mw,111065,nisinDu,cf,sinDu
mw,111066,nisunda,cf,sunda
mw,111068,nisusUz,cf,aBi-s˚
mw,111087,nistf,cf,a-nizwfta
mw,111107,nistruwI,cf,niz-kuwi
mw,111122,nisrAva,cf,niH-sr˚
mw,111125,nisvana,cf,niH-sv˚
mw,111134,nihan,cf,a-nihatya
mw,111156,nihita,cf,ni-hata
mw,111162,nihAra,cf,nir-h˚
mw,111163,nihAra,cf,nI-h˚
mw,111181,nihrAd,cf,nir-hr˚
mw,111182,nihrAda,cf,nir-hr˚
mw,111188,nihava,cf,ni-hnava
mw,111189,nI,cf,agra-RI
mw,111264,nI,cf,nyAya
mw,111278,nIvAha,cf,ni-v˚
mw,111288,nIhAra,cf,ni-hAra
mw,111289,nIhAra,cf,nir-h˚
mw,111294,nIkzaRa,cf,nekzaRa
mw,111356.2,nIcEs,cf,uccEs
mw,111373,nIDra,cf,nIvra
mw,111374,nIpa,cf,dvIpa
mw,111445,nIlA,cf,nIlI
mw,111503,nIlagala,cf,-kaRWa
mw,111573,nIlapora,cf,-Gora
mw,111671,nIlABa,cf,nIla-Ba
mw,111676,nIlAmbara,cf,nIla-vasana
mw,111724,nIliRI,cf,nIlI
mw,111741,nIv,cf,tIv
mw,111813.1,nf,cf,nara
mw,111815,nfkalpa,cf,nArkalpi
mw,111850,nfnamana,cf,nAr-namani
mw,111881,nfmara,cf,nArmara
mw,111885,nfmiTuna,cf,-yugma
mw,111887,nfmeDa,cf,-yajYa
mw,111903,nfSaMsa,cf,narA-s˚
mw,111914,nfzadvara,cf,ni-zadvara/
mw,111922,nfsiMha,cf,nara-s˚
mw,112023,nfpezwa,cf,nfpa-priya
mw,112031,nft,cf,A-√ nft
mw,112031,nft,cf,naw
mw,112064,nekzaRa,cf,nIkzaRa
mw,112065,nega,cf,nEgeya
mw,112069,nejameza,cf,nEgameza
mw,112079,netf,cf,daRqa-n˚
mw,112084,netf,cf,netra
mw,112096,netra,cf,nayana
mw,112097,netra,cf,netf
mw,112174,ned,cf,ati-ned
mw,112182,nedIyas,cf,nedizWa
mw,112223,nema,cf,nemi/
mw,112236,nemaSAha,cf,nemi-S˚
mw,112246,nemi,cf,nimi
mw,112264,nemin,cf,nemi/
mw,112299,nEkazI,cf,ni-kaza
mw,112398,nEzWya,cf,-zWika
mw,112507,nEcikI,cf,nIcaka
mw,112515,nEtyaka,cf,nEmittika
mw,112549,nEyagroDa,cf,nEyyagroDa
mw,112632,nOdaRqa,cf,nOkA-d˚
mw,112723.15,nyaYc,cf,nyak
mw,112723.50,nyak,cf,nyak-
mw,112769,nyAsa,cf,akzara-
mw,112770,nyAsa,cf,deha-
mw,112774,nyAsa,cf,yaTA-nyAsam
mw,112874,nyAyaprasTAnamArga,cf,-paTa
mw,113042,pa,cf,aMhri-
mw,113044,pa,cf,aja-
mw,113058,pakvaSa,cf,pakkaRa
mw,113063,pakza,cf,gArDra-p˚
mw,113064,pakza,cf,nis-tvak-p˚
mw,113076,pakza,cf,pUrva-
mw,113107,pakzacara,cf,jala-pakza-c˚
mw,113131,pakzaDara,cf,-cara
mw,113200,pakzaka,cf,sa-
mw,113209,pakzatipuwa,cf,pakza-p˚
mw,113272,pakzman,cf,pakzma-pAta
mw,113292,paNka,cf,kuNkuma-
mw,113354,paNkin,cf,mala-
mw,113369.3,paNkti,cf,-grIva
mw,113396,paNgu,cf,-vAsara
mw,113398,paNgugraha,cf,paNka-g˚
mw,113399,paNgugraha,cf,makara
mw,113414,pac,cf,kim-pacAna
mw,113417.4,pakti,cf,loka-
mw,113433,pakva,cf,dviz-
mw,113467,paca,cf,alpam-
mw,113486,pacana,cf,anvAhArya-
mw,113508.1,pajra,cf,pAjas
mw,113566,paYcakoSa,cf,koSa
mw,113620,paYcajana,cf,pAYcajanya
mw,113635,paYcatattva,cf,tattva
mw,113662,paYcatva,cf,-tA
mw,113681,paYcadrAviqajAti,cf,paYca-gOqa-brAhmaRa-j˚
mw,113801,paYcamakAra,cf,-tattva
mw,113809,paYcamahiza,cf,paYca-gavya
mw,113829,paYcayajYa,cf,paYca-mahAyajYa
mw,113883,paYcavadanastotra,cf,paYcavaktra-st˚
mw,113884,paYcavanDura,cf,tri-v˚
mw,113952,paYcaSAstra,cf,-rAtra
mw,113966,paYcaSErIzaka,cf,SirIza
mw,114030.7,paYcAgnisADana,cf,paYcatapas
mw,114035,paYcANga,cf,paYca-Badra
mw,114040,paYcANgagupta,cf,paYca-g˚
mw,114055,paYcAja,cf,ca-gavya
mw,114056,paYcAtapA,cf,˚ca-tapas
mw,114100,paYcAvika,cf,paYca-gavya
mw,114167,paYcama,cf,paYca-tattva
mw,114186,paYcamI,cf,pAYcAli
mw,114199,paYcASikA,cf,cOra-paYcASikA
mw,114203,paYcASat,cf,triM-Sat
mw,114228,paYcAla,cf,pAtAla
mw,114228,paYcAla,cf,apara-
mw,114231,paYcAla,cf,pAYc˚
mw,114263,paw,cf,pawa
mw,114264,pawa,cf,marut-
mw,114271,pawI,cf,apawI
mw,114293,pawAkzepa,cf,apawI-kzepa
mw,114332,pawi,cf,pawI
mw,114336,pawikAvetravAnavikalpa,cf,pawwikA-vetra-bARa-v˚
mw,114358,pawAka,cf,pEw˚
mw,114359,pawAkA,cf,patAkA
mw,114360,pawAlukA,cf,jalukA
mw,114382,pawu,cf,tri-
mw,114385,pawu,cf,vAk-
mw,114419,pawizWa,cf,vacana-
mw,114427,pawola,cf,pawu
mw,114432,pawolikA,cf,dIrGa-pawolikA
mw,114435,pawwa,cf,tAmra-
mw,114436,pawwa,cf,lalAwa-
mw,114440,pawwa,cf,cIna-p˚
mw,114449,pawwI,cf,-nivasana
mw,114480,pawwAMSuka,cf,aMSu-pawwa
mw,114510,pawwikAvetrabARavikalpa,cf,pawikA-vetra-vAna-v˚
mw,114513,pawwana,cf,deva-pallI-
mw,114515,pawwalA,cf,pattalA
mw,114518,pawwi,cf,patti
mw,114550,paR,cf,paRAya
mw,114569,paRaDA,cf,paRyaM-Da
mw,114606,paRin,cf,pARina
mw,114613,paRya,cf,jYAna-
mw,114643,paRyAnDA,cf,paRa-DA
mw,114651,paRqa,cf,paRqra
mw,114694,paRqra,cf,paRqa
mw,114698,pat,cf,pataya/t
mw,114699,pat,cf,akzi-pa/t
mw,114714,pataMga,cf,pata-ga
mw,114729,pataMgakAnta,cf,sUrya-k˚
mw,114751,patatra,cf,pattra
mw,114789,patama,cf,patasa
mw,114797,patAka,cf,tri-p˚
mw,114820,patAkinI,cf,DvajinI
mw,114834,patitasAvitrIka,cf,sAvitrI-patita
mw,114857,pattra,cf,pawwa
mw,114858,pattra,cf,asi-
mw,114863,pattrakfcCra,cf,parRa-k˚
mw,114865,pattragupta,cf,pakza-g˚
mw,114971.1,pattraka,cf,karRa-
mw,114981,pattrikA,cf,danta-
mw,115000,patvan,cf,ASU-
mw,115020,patiMvarA,cf,svayaM-vara
mw,115068,patnI,cf,pati
mw,115082,patnIka,cf,a-
mw,115088,pattana,cf,Darma-
mw,115104,paT,cf,panT
mw,115116,paTanvat,cf,paTi-mat
mw,115149,paTin,cf,karRa-
mw,115152.1,paTin,cf,paTa
mw,115198,pad,cf,SrI-vizRu-padI
mw,115200.1,pad,cf,pada
mw,115221,pada,cf,dvi-
mw,115242,padakrama,cf,citra-padakramam
mw,115255,padagotra,cf,-devatA
mw,115271,padadevatA,cf,-gotra
mw,115288,padapAWa,cf,pada
mw,115288,padapAWa,cf,krama
mw,115315,padavid,cf,-jYA
mw,115318,padavI,cf,-vAya
mw,115366,padAnuzaNga,cf,pad-anuz˚
mw,115375,padAntara,cf,a-pad˚
mw,115447,padya,cf,arDa-
mw,115451,padya,cf,paj-ja
mw,115537,padma,cf,mahA-padma
mw,115540,padmA,cf,padma-SrI
mw,115545,padmA,cf,padma-priyA
mw,115613,padmanABi,cf,-nABa
mw,115629,padmapAda,cf,pAda-padma
mw,115651,padmaBASa,cf,-hAsa
mw,115683,padmavatI,cf,padmA-vatI
mw,115685,padmavanabAnDava,cf,padma-banDu
mw,115686,padmavanabAnDavavaMSa,cf,sUrya-v˚
mw,115703,padmazaRqa,cf,-KaRqa
mw,115724,padmahAsa,cf,-BAsa
mw,115745,padmAvatI,cf,˚dma-v˚
mw,115808,padminI,cf,abjinI
mw,115820,padminIvallaBa,cf,-kAnta
mw,115833,pan,cf,paR
mw,115859,panasikA,cf,pinasa
mw,115861,panT,cf,paT
mw,115918,payaskarRI,cf,daDi-karRa
mw,115981,payoDra,cf,-Dara
mw,116066,parakzetra,cf,kzetra
mw,116067,parakzetra,cf,kzetriya
mw,116167,parapuzwa,cf,-Bft
mw,116195,paraBAva,cf,-BUta
mw,116222,paramAra,cf,-mftyu
mw,116224,paramftyu,cf,-mAra
mw,116290,paraSvas,cf,paraH-Svas
mw,116345,parAparaguru,cf,parAt-parag˚
mw,116416,parEDita,cf,para-Bfta
mw,116420,parodvaha,cf,para-Bfta
mw,116438,parauru,cf,paro-varIyas
mw,116531,paramARu,cf,Bftya-p˚
mw,116648,paraspara,cf,anyo'nya
mw,116669,parasmE,cf,Atmane
mw,116715,paraRa,cf,aritra-
mw,116736,paraSava,cf,pAraSavya
mw,116814,parAgvasu,cf,parA-v˚
mw,116844,parAYja,cf,paraYja
mw,116879,parABava,cf,parAvasu
mw,116885,parABUta,cf,a/-parAB˚
mw,116926,parAvasu,cf,parAg-v˚
mw,116927,parAvasu,cf,parABava
mw,116953,parAvftti,cf,a-parAv˚
mw,116959,parAvidDa,cf,pari-vidDa
mw,116992,parAsikta,cf,a/-parAs˚
mw,117026,parikalkana,cf,kalkana
mw,117028,parikANkzita,cf,pArikANkzin
mw,117043,parikf,cf,pari-z-kf
mw,117062,parikarman,cf,˚kara
mw,117071,parikriyA,cf,agni-parikriyA
mw,117072,parikriyA,cf,rAjya-parik˚
mw,117121,parikraya,cf,prARaparikr˚
mw,117130,parikruS,cf,-cukruSur
mw,117168,parikzit,cf,parI-kzit
mw,117200,parigaR,cf,aparigaRayat
mw,117205,parigaRita,cf,a-parig˚
mw,117250,parigrah,cf,pari-graha
mw,117405,paricaya,cf,rati-p˚
mw,117476,parijanman,cf,pari-jman
mw,117508,parijman,cf,pari-janman
mw,117512,parijvan,cf,pari-jman
mw,117585,pariRAha,cf,parI-RAha
mw,117599,pariRaya,cf,nava-pariRayA
mw,117715,paridahana,cf,parId˚
mw,117746,paridfQa,cf,pAri-dfQi
mw,117823,parinirmitavaSavartin,cf,paranirmita-v˚-v˚
mw,117883,paripAka,cf,parI-p˚
mw,117926,paripAlaka,cf,pAl
mw,118246,parimARa,cf,parIm˚
mw,118298,parimArgya,cf,mfjya
mw,118308,parimfjya,cf,˚mArgya
mw,118357,pariyARa,cf,paryARa
mw,118391,pariramBa,cf,parIr˚
mw,118403,paririh,cf,pari-lih
mw,118409,parila,cf,pArila
mw,118432,parilehin,cf,pari-rih
mw,118460,parivAda,cf,parI-v˚
mw,118486,parivApa,cf,parI-v˚
mw,118490,parivApya,cf,parI-v˚
mw,118525,parivAha,cf,parI-v˚
mw,118555,parivettf,cf,parI-vettf
mw,118581,pariveza,cf,parI-v˚
mw,118587,parivezaRa,cf,˚veSana
mw,118605,parivAra,cf,parI-v˚
mw,118620,parivarga,cf,a-parivargam
mw,118634,parivft,cf,-vartana
mw,118728,parividDa,cf,parA-v˚
mw,118823,pariSfta,cf,pari-srut
mw,118874,parizahA,cf,parI-z˚
mw,118878,parizeka,cf,parI-z˚
mw,118882,pariziD,cf,pari-siD
mw,118902,parizkf,cf,upa-skf
mw,118902,parizkf,cf,pari-kf
mw,118916,parizwi,cf,aBi-zwi
mw,119012,parisAvakIya,cf,aBi-sAvakIya
mw,119014,parisiD,cf,pari-ziD
mw,119022,parisara,cf,parI-s˚
mw,119032,parisaryA,cf,parI-s˚
mw,119034,parisAraka,cf,pAriS˚
mw,119047,parisarpa,cf,parIs˚
mw,119063,paristaraRikA,cf,anu-sta/raRI
mw,119132,parihAsa,cf,parI-h˚
mw,119159,parihf,cf,-jihIrzA
mw,119178.44,parihAra,cf,pari-graha
mw,119178.60,parihAra,cf,parI-h˚
mw,119180,parihAraka,cf,˚haraka
mw,119186,parihArya,cf,˚hartavya
mw,119187,parihArya,cf,pArihArya
mw,119211,parIkzit,cf,pari-kzit
mw,119217,parIRAma,cf,pari-R˚
mw,119221,parIRAha,cf,pari-R˚
mw,119230,parIDAna,cf,pariD˚
mw,119234,parIpAka,cf,pari-p˚
mw,119236,parImARa,cf,pari-m˚
mw,119239,parIvarta,cf,pari-v˚
mw,119244,parIvApa,cf,pari-v˚
mw,119247,parIvAra,cf,pari-v˚
mw,119251,parIveza,cf,pari-v˚
mw,119254,parISeza,cf,pari-S˚
mw,119257,parIsara,cf,pari-s˚
mw,119259,parIsarpa,cf,pari-s˚
mw,119373,paru,cf,pa/rus
mw,119423.1,parut,cf,parAri
mw,119445,parozRI,cf,paruzRI
mw,119609,parb,cf,parp
mw,119611,paryak,cf,praty-aYc
mw,119807,paryAptavat,cf,a-pary˚
mw,119921,paryoga,cf,paryARa
mw,119923,parv,cf,pUrv
mw,119978,parvata,cf,-dAna
mw,120046,parvan,cf,parus
mw,120070,parvasa,cf,parvata
mw,120077,parSu,cf,pAraSava
mw,120082,parSu,cf,paraSu
mw,120089,parz,cf,pfz
mw,120171,palakza,cf,balakza
mw,120187,palAyana,cf,paly-ayana
mw,120195,palASa,cf,paraSu-p˚
mw,120264,palyaNka,cf,pary-aNka
mw,120315,pallavamaya,cf,sulalita-latA-p˚
mw,120375,pavanacakra,cf,cakra-vAta
mw,120431,pavitf,cf,pavItf
mw,120477,pavitrArohaRa,cf,˚ropaRa
mw,120501,pavi,cf,pAvaka
mw,120516,paS,cf,dfS
mw,120526.1,paS,cf,paz
mw,120534,paSu,cf,nara-p˚
mw,120554,paSuGna,cf,-han
mw,120579,paSunATa,cf,-patI
mw,120688,paSviz,cf,gav-iz
mw,120693.1,paSca,cf,uc-ca
mw,120764,paScimaraNga,cf,pUrva-r˚
mw,120782,pastya,cf,paS-ca
mw,120796,pA,cf,agre-
mw,120804,pAtra,cf,pattra
mw,120859,pAtrIRa,cf,pAtrika
mw,120868,pAna,cf,aDara-
mw,120934,pAvan,cf,asfk-
mw,120944,pAvan,cf,aBiSasti-
mw,120959,pAMsu,cf,rajas
mw,121011,pAMsura,cf,pAMsuva
mw,121014,pAMsula,cf,kula-p˚
mw,121022,pAMsuva,cf,pAMsura
mw,121069,pAkaPala,cf,kfzRa-P˚
mw,121108,pAkin,cf,a-
mw,121116,pAkya,cf,bahu-
mw,121204.6,pAYcajanyaDama,cf,above
mw,121204.61,pAYcajanyaDara,cf,above
mw,121204.62,pAYcajanyanAdin,cf,above
mw,121282,pAwA,cf,pAWA
mw,121372,pAwIra,cf,pawIra
mw,121402,pAWaka,cf,Darma-
mw,121426,pARa,cf,paRa
mw,121625,pARqara,cf,-vAsas
mw,121661,pARqavAraRi,cf,˚va-vahni
mw,121671,pARquka,cf,˚qUka
mw,121682,pARqurA,cf,pARqarA
mw,121697,pARqUka,cf,pARquka
mw,121747,pAtana,cf,akza-
mw,121788,pAtin,cf,antaH-
mw,121862,pATona,cf,pArTona
mw,121916,pAdatra,cf,apa-pAdatra
mw,121995,pAdavalimIka,cf,valm˚
mw,121996,pAdavigraha,cf,pAda-v˚
mw,122099,pAdAti,cf,padAti
mw,122222,pApapurI,cf,pApApurI
mw,122274,pApasUdanatIrTa,cf,-vinASana-t˚
mw,122329,pApApurI,cf,pApapurI
mw,122360,pAyaka,cf,tEla-
mw,122365,pAyin,cf,ambu-
mw,122441,pArAyaRa,cf,DAtu-p˚
mw,122457,pAraka,cf,udra-p˚
mw,122481,pArIRa,cf,trivarya-p˚
mw,122555,pArawIwa,cf,pArAruka
mw,122561,pArada,cf,pArata
mw,122634,pArAruka,cf,pArawIwa
mw,122657,pArAvatASva,cf,˚ta-savarRa
mw,122698,pArijAta,cf,dAna-
mw,122739,pAriplavA,cf,pari-plavA
mw,122828,pAriSa,cf,pArIza
mw,122830,pArIndra,cf,pArindra
mw,122841,pAruzaka,cf,parUzaka
mw,122845,pAruzya,cf,tvak-p˚
mw,122848,pAruzya,cf,daRqa-p˚
mw,122860,pArGawa,cf,pArpara
mw,122993,pArvateya,cf,˚tIya
mw,123072,pArSvya,cf,antaH-pArSvya
mw,123143,pAlI,cf,pAli
mw,123144,pAlakavirAja,cf,SrI-k˚-r˚
mw,123159,pAlaka,cf,pAla
mw,123168,pAli,cf,go-pAli
mw,123184,pAlakApya,cf,pAlakAvya
mw,123207,pAli,cf,karRa-
mw,123346,pASaka,cf,kaRWa-
mw,123392,pASI,cf,pAza/Ra
mw,123417,pAzARa,cf,pASI
mw,123446,pAhAqikA,cf,pahAqI
mw,123467,pikkA,cf,piccA
mw,123501,piccawa,cf,tila-p˚
mw,123504,piccA,cf,pikkA
mw,123531,picCaka,cf,citra-p˚
mw,123556,pijavana,cf,pEjavana
mw,123559,piYj,cf,pfc
mw,123564,piNga,cf,pENgi
mw,123566,piNgA,cf,piNgala-jya
mw,123567,piNgA,cf,go-rocanA
mw,123645,piNgalajya,cf,piNgA
mw,123686,piYja,cf,pari-p˚
mw,123711,piYjala,cf,ut-piYjala
mw,123713,piYjalI,cf,piYjula
mw,123725,piYjewa,cf,piYjawa
mw,123734,piwaka,cf,tri-p˚
mw,123741,piwwaka,cf,kiwwa
mw,123759,piWInas,cf,pEWInasi
mw,123763,piRqa,cf,ayaH-
mw,123777,piRqa,cf,-pAta
mw,123802,piRqadA,cf,sa-piRqa
mw,123810,piRqanivftti,cf,-sambanDa
mw,123850,piRqalepa,cf,-tarkaka
mw,123885,piRqaka,cf,tri-p˚
mw,123898,piRqana,cf,piRqala
mw,123903,piRqala,cf,piRqana
mw,123916,piRqi,cf,piRqI
mw,123917,piRqitElika,cf,piRqatElaka
mw,124028,pitfdatta,cf,pitfka
mw,124033,pitfdina,cf,-tiTi
mw,124147,pitfhU,cf,deva-hU
mw,124170,pitfka,cf,jIva-
mw,124196,pitta,cf,kaPa
mw,124203,pittaGna,cf,-han
mw,124211,pittarakta,cf,rakta-pitta
mw,124225,pittaGnI,cf,-Gna
mw,124241,pittala,cf,BUrja-pattra
mw,124282,pinAka,cf,nAka
mw,124298,pinyAsa,cf,piRyAka
mw,124343,pippakA,cf,pippIkA
mw,124388,pippikA,cf,piwwaka
mw,124397,piba,cf,tri-
mw,124408,piyAka,cf,priyAka
mw,124409,pil,cf,pel
mw,124420,pilla,cf,pEllya
mw,124423,piS,cf,viSva-
mw,124463,piSAcaBAzya,cf,pESAca-B˚
mw,124464,piSAcaBikzA,cf,-dakziRA
mw,124483,piSAcikA,cf,ASA-
mw,124561,pizwapUra,cf,Gfta-p˚
mw,124600,pis,cf,piz
mw,124647,pIWikA,cf,pUrvapIWikA
mw,124651,pIqaka,cf,tAlu-p˚
mw,124652,pIqana,cf,cakzu-p˚
mw,124658,pIqana,cf,graha-p˚
mw,124664,pIqA,cf,pIqana
mw,124666,pIqA,cf,graha-p˚
mw,124668,pIqA,cf,ApIqa
mw,124699,pItatEla,cf,tEla-pIta
mw,124711,pItavipIta,cf,Bukta-viBukta
mw,124726,pItudAru,cf,pIta-dAru
mw,124731,pITa,cf,go-p˚
mw,124734,pITi,cf,pIti/
mw,124735,pITin,cf,koSa-p˚
mw,124819,pItavarRaka,cf,gargara
mw,124867,pItakamAkzika,cf,pIta-m˚
mw,124961,pInasa,cf,apI-nasa
mw,124991,pIlukuRa,cf,pElukuRa
mw,125000,pIluvaha,cf,pEluvahaka
mw,125004,pIluka,cf,kAka-pIluka
mw,125005,pIluka,cf,pIlaka
mw,125007,pIlaka,cf,pipIla
mw,125071,puMgava,cf,kuru-p˚
mw,125105,puMsavat,cf,puMs-vat
mw,125108,puMsAnuja,cf,pum-anuja
mw,125110,puMska,cf,uktap˚
mw,125140,puNga,cf,puYja
mw,125148,pucCadA,cf,putra-dA
mw,125163,pucCaka,cf,krozwu-pucCikA
mw,125169,pucCawi,cf,mucuwI
mw,125196,puwa,cf,-Beda
mw,125197,puwa,cf,Uza-
mw,125199,puwa,cf,puwa-pAka
mw,125219,puwAYjali,cf,aYjali
mw,125237,puwannawa,cf,kuwannawa
mw,125327,puRqra,cf,UrDva-p˚
mw,125331,puRqranagara,cf,pORqranAgara
mw,125429,puRyavarDana,cf,puRqra-v˚
mw,125482,puta,cf,SrI-puwa
mw,125494,putra,cf,dfzat-p˚
mw,125604,putraka,cf,kftrima-
mw,125617,putrikA,cf,asiKaqga
mw,125628,putriya,cf,a-p˚
mw,125658,puna,cf,kim-p˚
mw,125725,punarupanayana,cf,punaH-saMskAra
mw,125745,punarRava,cf,-nava
mw,125755,punarnava,cf,punar-R˚
mw,125755.1,punarnava,cf,-Bava
mw,125768,punarBava,cf,-nava
mw,125785,punaryAman,cf,yAta-y˚
mw,125828,punaHsaMskAra,cf,punar-upanayana
mw,125863,pupPusa,cf,PupPusa
mw,125903.4,puras,cf,pra purA
mw,125941,purastAdanUka,cf,prAg-an˚
mw,125960,purA,cf,pra
mw,125971,purAga,cf,pura-ga
mw,125989,purARa,cf,paYca-lakzaRa
mw,126028,purARaka,cf,tri-p˚
mw,126061,puroqAS,cf,kapAla
mw,126129,purohitikA,cf,puro-DikA
mw,126134.04,pura,cf,antaH-p˚
mw,126134.56,pura,cf,pura-jit
mw,126134.60,purA,cf,agni-purA
mw,126178,purAvatI,cf,pura-mAlinI
mw,126219,purIkAya,cf,puri-k˚
mw,126244,puraRqa,cf,puruRqa
mw,126253,puravI,cf,puruvI
mw,126256,purAwaNka,cf,pOraRwaka
mw,126266,purItat,cf,parI-tat
mw,126302,puru,cf,pUru
mw,126321,puruja,cf,puruha
mw,126333,puruda,cf,purawa
mw,126404,puruSizwa,cf,pOruSizwi
mw,126430,purUruc,cf,puru-ruc
mw,126439,puruza,cf,tat-p˚
mw,126471,puruzakesarin,cf,nara-siMha
mw,126477,puruzaGnI,cf,pUruza-han
mw,126641,purv,cf,pF
mw,126701,pulAyita,cf,arDa-p˚
mw,126726,pulimat,cf,pulomat
mw,126729,pulIkoya,cf,kulikaya
mw,126730,pulIkA,cf,kulIkA
mw,126735,puluza,cf,pOluzi
mw,126751,pulomat,cf,pulimat
mw,126754,pulkasa,cf,pOlkasa/
mw,126761,puz,cf,viSva-p˚
mw,126762,puza,cf,graha-p˚
mw,126766,puzka,cf,pOzka-jiti
mw,126894,puzkala,cf,puzka
mw,127129,puzpalikza,cf,-nikza
mw,127264,puzpya,cf,puzp
mw,127279,puzyamitra,cf,puzpa-m˚
mw,127282,puzyaraTa,cf,puzpa-r˚
mw,127290,puzpalaka,cf,puzkalaka
mw,127291,puzpasa,cf,pupPusa
mw,127295,pust,cf,bust
mw,127307,pU,cf,pav
mw,127312,pU,cf,anna-
mw,127317,pUta,cf,puta
mw,127337,pUtayavam,cf,pUyamAna-y˚
mw,127350,pUyamAnayavam,cf,pUta-y˚
mw,127353,pUga,cf,puYja
mw,127371,pUgatiTa,cf,gaRat˚
mw,127430,pUR,cf,puR
mw,127457,pUpa,cf,apUpa
mw,127487,pUtiKaza,cf,-GAsa
mw,127536,pUtIka,cf,pUtika
mw,127546,pUyoda,cf,pUya-vaha
mw,127548,pUra,cf,pARi-
mw,127549,pUra,cf,kAma-
mw,127552,pUra,cf,Gfta-
mw,127554,pUra,cf,pUraRa
mw,127559,pUra,cf,pUrikA
mw,127730,pUrRAnaka,cf,pUrRa-pAtra
mw,127789,pUrtaDarma,cf,pUrta
mw,127792,pUrti,cf,pAda-p˚
mw,127798,pUrtin,cf,pUrta
mw,127913,pUrvatApanIya,cf,uttara-tApanIya
mw,128015,pUrvapUrvAnugaRqikA,cf,apara-gaRqikA
mw,128029,pUrvaPalgunI,cf,uttara-PalgunI
mw,128055,pUrvamadra,cf,pOrvam˚
mw,128085.11,pUrvavat,cf,Seza-vat
mw,128297,pUzan,cf,pUza-rAti
mw,128300,pf,cf,Sak
mw,128302,pfkkA,cf,spfkkA
mw,128304,pfkTa,cf,rikTa
mw,128314,pfc,cf,pfj
mw,128319,pfc,cf,Gfta-
mw,128327,pfj,cf,an-ava-pfgRa
mw,128362,pfT,cf,praT
mw,128379,pfTAraRi,cf,pARqava-vahni
mw,128444,pfTagyogakaraRa,cf,yoga-viBAga
mw,128456,pfTi,cf,pfTI
mw,128487,pfTivIdyAvA,cf,dyAvA-pfTivI
mw,128490,pfTivIMdadA,cf,pfTivi-dA
mw,128522,pfTI,cf,pfTi
mw,128565,pfTujman,cf,-gman
mw,128670,pfTvI,cf,pfTivI
mw,128732.1,pfSni,cf,pfz
mw,128755,pfz,cf,pfSni
mw,128759,pfzaDra,cf,pfSni-Dara
mw,128795,pfzadvala,cf,-aSva
mw,128796,pfzadvARa,cf,pArzadvARa
mw,128799,pfzAtaka,cf,pfzad-Ajya
mw,128813,pfzwaparRI,cf,pfSni-p˚
mw,128814,pfzwi,cf,parSu
mw,128819,pfzwyA,cf,prazwi
mw,128820,pfzwi,cf,spfzwi
mw,128821,pfzwi,cf,pfSni
mw,128824,pfzWa,cf,Gfta-p˚
mw,128825,pfzWa,cf,gfha-p˚
mw,128909,pF,cf,udara-p˚
mw,128911,pecaka,cf,kfzRa-p˚
mw,128931,pewaka,cf,koSa-pewaka
mw,128942,peR,cf,pER
mw,128953,peya,cf,Srotra-p˚
mw,128963,peru,cf,meru
mw,128978,peruBawwa,cf,perama-B˚
mw,128994,peSa,cf,puru-
mw,129022,peSI,cf,piSita
mw,129025,peSI,cf,peSikA
mw,129041,peza,cf,SilA-p˚
mw,129042,peza,cf,pizwa-p˚
mw,129043,pezaka,cf,ganDaka-pezikA
mw,129086,pENgyAyanabrAhmaRa,cf,pENgAyani-br˚
mw,129101,pEYjUza,cf,piYjUza
mw,129115,pER,cf,peR
mw,129157,pEtra,cf,pitf-tIrTa
mw,129183,pEppalAyani,cf,pippalAyani
mw,129213,pESAcI,cf,piSAca-BAzA
mw,129217,pESAcika,cf,cUlikA-p˚
mw,129233,pogaRqa,cf,a-p˚
mw,129237,powa,cf,pota
mw,129262,pota,cf,powa
mw,129278,potABa,cf,potAsa
mw,129279,potaka,cf,pota
mw,129281,potaka,cf,gfha-p˚
mw,129302,potrI,cf,pOtrI
mw,129313,potra,cf,pota
mw,129326,poTakI,cf,powika
mw,129335,polikA,cf,pUlikA
mw,129336,polI,cf,pUlikA
mw,129337,polinda,cf,padAra
mw,129343,pozaRa,cf,pakza-p˚
mw,129434,pOtava,cf,potu
mw,129639,pOrvapadika,cf,Ottarap˚
mw,129680,pOlomI,cf,pulomA
mw,129696,pOzaDa,cf,pozaDa
mw,129743,pyE,cf,pi
mw,129752.2,pra,cf,pra-vftti
mw,129752.3,pra,cf,pra-caRqa
mw,129752.4,pra,cf,pra-pitAmaha
mw,129752.75,pra,cf,puras
mw,129754,pra,cf,AkUti-
mw,129755,pra,cf,ikzu-
mw,129756,prauga,cf,hiraRya-p˚
mw,129767,prakaca,cf,ut-k˚
mw,129768,prakawa,cf,ava-k˚
mw,129799,prakampya,cf,duz-prak˚
mw,129811,prakaSa,cf,nirudDa-p˚
mw,129818,prakARqa,cf,go-
mw,129819,prakARqa,cf,pra-gaRqa
mw,129924,prakuYca,cf,kuYci
mw,129973,prakaraRa,cf,nyAyapr˚
mw,129989,prakAra,cf,tri-
mw,129991,prakAraka,cf,tat-
mw,130133,prakfzwakeSAKya,cf,pra-vAla
mw,130208,prakKara,cf,pra-kzara
mw,130218,prakrama,cf,-BaNga
mw,130256,praklinnavartman,cf,klinna-v˚
mw,130274,prakzara,cf,pra-Kara
mw,130277,prakzAlaka,cf,sadyaH-p˚
mw,130336,praKara,cf,prakKara
mw,130371,pragaRqa,cf,pra-kARqa
mw,130394,pragarjana,cf,siMha-
mw,130482,pragraha,cf,graha
mw,130498,pragraha,cf,pra/Yjali-pragr˚
mw,130518,pragrIva,cf,grIvA
mw,130529,praGawAvid,cf,CAttra-g˚
mw,130530,praGawwaka,cf,pra-Gawaka
mw,130621,pracAra,cf,BikzA-
mw,130644,pracalaka,cf,˚calAka
mw,130657,pracalAka,cf,˚calaka
mw,130678,pracaya,cf,puzpa-
mw,130688,pracAyikA,cf,puzpa-
mw,130727,pracodita,cf,a-prac˚
mw,130780,pracCAdana,cf,piplu-
mw,130795,pracCedaka,cf,pra-cCAdaka
mw,130854,prajas,cf,duz-
mw,130855.1,prajAtA,cf,fta-
mw,130857,prajA,cf,pra-ja
mw,130861,prajA,cf,-nizeka
mw,130895,prajApAli,cf,go-pAli
mw,130900.20,prajAvatI,cf,vIra-
mw,130916,prajeSvara,cf,prAjeSvara
mw,130922,prajAni,cf,jAti
mw,130924,prajAyinI,cf,vIra-
mw,130976,prajYa,cf,nikfti-
mw,130980,prajYapta,cf,vEdya-
mw,131125,praRAlI,cf,pAWa-
mw,131127,praRAlikA,cf,sruk-praR˚
mw,131235,praRayana,cf,agni-
mw,131236,praRayana,cf,SradDA-
mw,131266.16,praRIta,cf,manaH-
mw,131330,pratana,cf,pra-tna
mw,131394,pratala,cf,pAtAla
mw,131398.16,prati,cf,prati-candra
mw,131398.20,prati,cf,prati-kzaRam
mw,131398.56,prati,cf,mAm praty araRyavat pratiBAti
mw,131407,pratikalpa,cf,apr˚
mw,131444,pratikUlavisarpin,cf,-pravartin
mw,131507,pratitURI,cf,pra-tURI
mw,131538,pratiDura,cf,apratiD˚
mw,131541,pratinaptf,cf,praRapAt
mw,131585,pratipad,cf,prati-√ pad
mw,131600,pratipARa,cf,-paRa
mw,131655,pratibala,cf,a-p˚
mw,131671,pratibimbaya,cf,˚bita
mw,131694,pratimaRWaka,cf,maRWaka
mw,131744,pratiraTa,cf,a-p˚
mw,131756,pratirUpa,cf,-Dfk
mw,131872,pratiSaraRaBUta,cf,-saraRa
mw,131881,pratiSAsana,cf,a-p˚
mw,131950,pratyagra,cf,agraha
mw,131971,pratyaNgam,cf,-vartin
mw,132144,pratikAra,cf,pratIk˚
mw,132151,pratikArya,cf,pratI-k˚
mw,132169,pratikF,cf,prati-s-√ kF
mw,132241,pratigrahaRa,cf,a/-pratig˚
mw,132252,pratigrAhya,cf,a-pratig˚
mw,132253,pratigrAhya,cf,˚gfhya
mw,132255,pratiGa,cf,a-p˚
mw,132262,pratiGAta,cf,pratI-G˚
mw,132360,pratijYApita,cf,pra-jYApita
mw,132399,pratidarSa,cf,pratI-d˚
mw,132424,pratiDfz,cf,a-pratiDfzwa
mw,132442,pratinAha,cf,pratI-nAha
mw,132450,pratinigrAhya,cf,˚nirgr˚
mw,132464,pratinirgrAhya,cf,prati-nigr˚
mw,132497,pratinoda,cf,a/-pr˚
mw,132520,pratipatti,cf,a-pratp˚
mw,132548,pratipattUrya,cf,˚patti-pawaha
mw,132607,pratipAna,cf,pratI-p˚
mw,132726,pratibanDa,cf,varzapr˚
mw,132750,pratiboDa,cf,pratI-b˚
mw,132879,pratimAna,cf,pratI-m˚
mw,132911,pratiyatna,cf,a-pr˚-pUrva
mw,132936,pratiyogin,cf,a-pratiy˚
mw,132950,pratiyoDin,cf,a-pratiy˚
mw,132967,pratirADa,cf,pratI-r˚
mw,133009,pratilih,cf,prati-√ rih
mw,133047,prativApa,cf,pratI-v˚
mw,133059,prativAha,cf,pratI-v˚
mw,133109,prativAraRa,cf,duz-prativ˚
mw,133135,pratiSaMs,cf,a/-pratiSaMsat
mw,133202,pratizaYj,cf,prati-saNgin
mw,133243,pratizkaSa,cf,kaSA
mw,133251,pratizwamBin,cf,pratistamB
mw,133375,pratisaMKyAniroDa,cf,a-pr˚-n˚
mw,133407,pratisaMDita,cf,saMDaya
mw,133468,pratiskIrRa,cf,prati-√ kF
mw,133473,pratistabDa,cf,prati-zwabDa
mw,133474,pratisnAta,cf,prati-zRAta
mw,133522,pratihf,cf,prati-jihIrzu
mw,133525,pratihartf,cf,pratI-h˚
mw,133547,pratihArya,cf,a-pr
mw,133562,pratIkArya,cf,prati-k˚
mw,133565,pratIGAta,cf,prati-G˚
mw,133569,pratIdarSa,cf,prati-d˚
mw,133570,pratInAha,cf,prati-n˚
mw,133573,pratIpAna,cf,prati-p˚
mw,133575,pratImAna,cf,prati-m˚
mw,133580,pratIvAha,cf,prati-v˚
mw,133581,pratIvI,cf,prati-√ vI
mw,133586,pratIhartf,cf,prati-h˚
mw,133593,pratIhAsa,cf,prati-h˚
mw,133700,pratIpa,cf,anUpa
mw,133763,pratara,cf,duz-
mw,133796,pratyakza,cf,pramARa
mw,133888,pratIka,cf,anUka
mw,133893,pratIka,cf,Gfta-p˚
mw,133899,pratIka,cf,prati-pr˚
mw,133975,pratyagraTa,cf,prAtyagraTi
mw,134046,pratyaBiskandana,cf,praty-aBiyoga
mw,134475,praTana,cf,pra-Gana
mw,134519,praTamakalpika,cf,prATama-k˚
mw,134557,praTamamaYjarI,cf,paWa-m˚
mw,134612,pradakziRAvartanABitA,cf,˚Ra-gAmitA
mw,134631,pradarvidA,cf,pra-ParvidA
mw,134645,prada,cf,anna-
mw,134775,pradfS,cf,pra√ paS
mw,134874,praDana,cf,Da/na
mw,134914,praDAnatA,cf,SarIra-p˚
mw,134929,praDAnaSizwa,cf,anvAcaya-S˚
mw,134955,praDAvana,cf,pavana
mw,134971,praDf,cf,daRqaM-√ Df
mw,135004,praDvaMsana,cf,prADvaMsana
mw,135083,prapatana,cf,haMsa-
mw,135144,prapannAqa,cf,prapunAwa
mw,135166,prapARa,cf,pra-pAna
mw,135175,prapAlaka,cf,pAl
mw,135192,prapitva,cf,apa-pitva
mw,135286,prabaBra,cf,pravaBra/
mw,135287,prabarha,cf,pra-varha
mw,135361,praboDotsava,cf,nArAyaRapraboD˚
mw,135383,prabrU,cf,ni-
mw,135510,praBinna,cf,-karawa
mw,135519,praBedaka,cf,carma-praBedikA
mw,135539,praBavana,cf,meru-praB˚
mw,135601.1,praBUtva,cf,praBu-tva
mw,135629,praBUzRu,cf,˚BavizRu
mw,135666,pramaRas,cf,pramanas
mw,135696,pramATa,cf,drOpadI-pr˚
mw,135701,pramATa,cf,pramaTa
mw,135772,pramAdin,cf,pra-nATin
mw,135778,pramanas,cf,pra-maRas
mw,135779,pramantra,cf,pra-mAtra
mw,135842,pramARaBUta,cf,-jYa
mw,135888,pramita,cf,mAsa-pram˚
mw,135970,pramuKa,cf,prIti-p˚
mw,136001,pramocana,cf,unmocana-pramocana/
mw,136035,pramodana,cf,sa-p˚
mw,136037,pramodamAna,cf,sadA-pramudita
mw,136115,pramF,cf,pra-mfR
mw,136133,pramrad,cf,pra-mfd
mw,136148,prayAga,cf,tri-veRI
mw,136150,prayAga,cf,pra-yoga
mw,136164,prayAja,cf,anu-yAja
mw,136199,prayatAtman,cf,prayatamAnasa
mw,136199.1,prayatAtmavat,cf,prayatamAnasa
mw,136211,prayAsa,cf,a-prayAsena
mw,136231,prayARaka,cf,a-pray˚
mw,136264,prayuta,cf,a-pray˚
mw,136330,prayoga,cf,pra-yAga
mw,136487,praroha,cf,dfQap˚
mw,136571,pralambin,cf,tri-pr˚
mw,136683,pravacana,cf,sAMKya-pravacana-BAzya
mw,136718,pravaRa,cf,vag-vana/
mw,136718.35,pravaRa,cf,udak-
mw,136740,pravad,cf,a-pravadat
mw,136769,pravaBra,cf,prabaBra
mw,136797,pravarasena,cf,-nfpati
mw,136856,pravaha,cf,-vAka
mw,136869,pravAha,cf,-vaha
mw,136899,pravahli,cf,pravalha
mw,136899.1,pravahlikA,cf,pravalha
mw,136899.2,pravahlI,cf,pravalha
mw,136932,pravAlavat,cf,bahu-puzpa-pravAla-vat
mw,136980,pravijahya,cf,pra-vi
mw,137072,pravizwa,cf,maDya-prav˚
mw,137090,praveSa,cf,-BAgika
mw,137096.1,praveSaka,cf,vizkamBaka
mw,137128,pravizA,cf,upa-vizA
mw,137148,pravIta,cf,a-prav˚
mw,137156,pravItin,cf,upa-vItin
mw,137157,pravIra,cf,aBi/-vIra
mw,137216,pravarta,cf,pra-vftta
mw,137224,pravartaka,cf,pra-vfttaka
mw,137343,pravarzin,cf,UrDva-prav˚
mw,137348,pravfQa,cf,pra-
mw,137356,pravega,cf,Sara-pr˚
mw,137358,pravewa,cf,pra-vata
mw,137375,praveraya,cf,vel
mw,137381,pravezwa,cf,pra-kozWa
mw,137439,pravraScana,cf,iDma-pr˚
mw,137449,praSaMsA,cf,aprastuta-p˚
mw,137459,praSaMstavya,cf,˚Sastavya
mw,137477,praSastavya,cf,-SaMstavya
mw,137480,praSasya,cf,˚SaMsya
mw,137510,praSAn,cf,˚SAm
mw,137535,praSAm,cf,˚SAn
mw,137588,praSuSruka,cf,pra-suSruta
mw,137599,praSna,cf,kuSala-p˚
mw,137601,praSna,cf,divya-
mw,137703,praSlaTa,cf,pra-SraTa
mw,137712,prazwi,cf,aBi-zwi
mw,137725,prazWOhI,cf,pazWavah
mw,137763,prasakti,cf,a-pras˚
mw,137837,prasAda,cf,ambu-p˚
mw,137842,prasAda,cf,duz-p˚
mw,137877,prasAdaka,cf,su-p˚
mw,137878,prasAdana,cf,ambu-p˚
mw,137883,prasAdana,cf,Sruti-p˚
mw,137886,prasAdanIya,cf,guru-p˚
mw,137906,prasaBa,cf,pra-sahya
mw,137949,prasAtikA,cf,prasADikA
mw,137957,prasADikA,cf,pracAtikA
mw,137998,prasita,cf,pra-si
mw,138022,prasuSruta,cf,pra-SuSruka
mw,138063,prasU,cf,pitf-pr˚
mw,138080,prasUtikA,cf,naSyat-pr˚
mw,138081,prasUtikA,cf,sakft-pr˚
mw,138125,prasAraRa,cf,sam-pras˚
mw,138139,prasArin,cf,vAk-pras˚
mw,138192,prasarpin,cf,˚sarpaka
mw,138244,prastava,cf,a-pr˚
mw,138306,prastaraRa,cf,rukma-pr˚
mw,138327,prasTa,cf,vana-pr˚
mw,138331,prasTa,cf,indra-
mw,138341,prasTAna,cf,mahA-pr˚
mw,138553,prahAsa,cf,˚hasa
mw,138597,prahAyya,cf,˚heya
mw,138618,prahi,cf,pra-Di
mw,138619,prahitu,cf,pra-hita
mw,138628,prahf,cf,jihIrzu
mw,138635,praharaka,cf,arDa-praharikA
mw,138639,praharaRa,cf,kfta-pr˚
mw,138668.1,prahArya,cf,pra-hAyya^
mw,138680,praharzaRa,cf,˚zula
mw,138681,praharzaRI,cf,˚ziRI
mw,138692,praharziRI,cf,˚zaRI
mw,138694,praharzula,cf,˚zaRa
mw,138708,praheRaka,cf,pra-helaka
mw,138710,prahelaka,cf,pra-heRaka
mw,138720,prahrAda,cf,pra-hlAda
mw,138731,prahlAda,cf,pra-hrAda
mw,138743,prahlAdIya,cf,pra-hrAdi
mw,138757,prahvala,cf,prakula
mw,138762,prA,cf,antarikza-
mw,138863,prADA,cf,pra-DA
mw,138870,prADeya,cf,karRa-prADeya
mw,138897,prAmARika,cf,pra-mARika
mw,138945,prAvawa,cf,pra-vawa
mw,138997,prAseva,cf,pra-s˚
mw,139007,prAsTAnika,cf,mahA-pr˚
mw,139014,prAharika,cf,cAtuz-prAh˚
mw,139113,prAGuRa,cf,prahuRa
mw,139126,prAcikA,cf,pra/jika
mw,139136,prAjika,cf,prAcikA
mw,139140,prAjipakzin,cf,vAji-p˚
mw,139343,prAgBAra,cf,prAcIna-p˚
mw,139440,prAcInavaMSa,cf,prAg-v˚
mw,139456,prAcEs,cf,uccEs
mw,139489,prAYjali,cf,aYjali
mw,139501,prARa,cf,pati-
mw,139767,prARihitA,cf,prARahitA
mw,139774,prARahitA,cf,prARAha
mw,139827,prAtaHprahara,cf,prahara
mw,139904,prAtiveSya,cf,AnuveSya
mw,139948,prATamakalpika,cf,praTama-kalpika
mw,140126,prAya,cf,Arya-
mw,140274,prAvf,cf,apA-√ vf
mw,140275,prAvara,cf,mahI-pr˚
mw,140329,prASa,cf,Gfta-
mw,140333,prASana,cf,anna-pr˚
mw,140334,prASana,cf,amfta-pr˚
mw,140335,prASanI,cf,rasa-pr˚
mw,140352,prAS,cf,Sabda-pr˚
mw,140353,prAS,cf,prati-prAS
mw,140360,prASU,cf,satya-pr˚
mw,140361,prASnika,cf,bahu-pr˚
mw,140438,priya,cf,priya-DAnyaka
mw,140701,priyAya,cf,prIyAya
mw,140735,prItikara,cf,a-p˚
mw,140785,prIyAya,cf,priyAya
mw,140790,prema,cf,sa-p˚
mw,140854,prIRa,cf,pra-Ra
mw,140856,pru,cf,ati-√ pru
mw,140858,pruT,cf,proT
mw,140859,proTa,cf,pfTu-p˚
mw,141025,prekzin,cf,mfga-p˚
mw,141243,proT,cf,pruT
mw,141439,plab,cf,plu
mw,141444,plAy,cf,pla-√ kzar
mw,141464,plIhASatru,cf,˚ha-S˚
mw,141520,plavana,cf,prAg-udak-pl˚
mw,141535,plAvana,cf,jala-pl˚
mw,141561,pluti,cf,pluta
mw,141562,pluti,cf,maRqUka-pl˚
mw,141564,pluz,cf,pruz
mw,141579,plev,cf,peb
mw,141584,psA,cf,mnA
mw,141585,psaras,cf,deva/-psaras
mw,141595,psu,cf,aruRa/-
mw,141600,Pakk,cf,PakkikA
mw,141624,PaRa,cf,Pena
mw,141715,ParParIka,cf,parParIka
mw,141719,Pal,cf,pal
mw,141719,Pal,cf,PAlita
mw,141719.1,Pal,cf,sPaw
mw,141724,Pala,cf,puzpa
mw,141800,PalapAka,cf,pAka-Pala
mw,141857.5,PalavatI,cf,PalinI
mw,141887.1,PalasTa,cf,-saMsTa
mw,141920,PalAmlapaYcaka,cf,amla-paYca
mw,141964.04,Palaka,cf,nava-PalikA
mw,141964.20,Palaka,cf,SAri-P˚
mw,141964.28,Palaka,cf,sPawika-P˚
mw,141964.32,Palaka,cf,aMsa-
mw,141967,Palakapura,cf,Pala-pura
mw,142034,PAlaKelA,cf,PaRi-
mw,142059,PullaPAla,cf,Palla
mw,142075,PalAyozit,cf,PaqiNgA
mw,142143,PAlgunIBava,cf,PalgunI-B˚
mw,142219,PuliNga,cf,PiraNga
mw,142222,PullarIka,cf,Pullaka
mw,142226,PewkAra,cf,Pet
mw,142256,PenASani,cf,PenavAhin
mw,142257,PenAhAra,cf,Pena-pa
mw,142262,Penala,cf,Penila
mw,142296,baMh,cf,bahala
mw,142353,bakura,cf,bAkura
mw,142408,baqiSa,cf,bariSI
mw,142413,baRqa,cf,paRqa
mw,142482,baDyoga,cf,bADyoga
mw,142483,baDva,cf,bADva
mw,142524,badDa,cf,jAta
mw,142602,badDAYjali,cf,aYjali
mw,142656,banDa,cf,paYca-
mw,142684,banDakI,cf,banDyA
mw,142689,banDana,cf,BAva-b˚
mw,142725,banDitra,cf,vaDitra
mw,142727,banDin,cf,dfQabanDinI
mw,142728,banDin,cf,matsya-banDin
mw,142729,banDin,cf,Pala-b˚
mw,142730,banDin,cf,vAtsalya-b˚
mw,142731,banDu,cf,kzatra-
mw,142767,banDupfC,cf,pfzwa-banDu
mw,142782,banDuka,cf,banDula
mw,142784,banDukI,cf,banDakI
mw,142790,banDura,cf,baDira
mw,142828,banDya,cf,vanDya
mw,142839.1,babiru,cf,bAveru
mw,142842,babbula,cf,varvUra
mw,142897,bamBArava,cf,BamBArava
mw,142900,barawa,cf,barbawa
mw,142917,barbawa,cf,barawa
mw,142947,barbari,cf,varvara
mw,142966,barh,cf,bfh
mw,143087,balA,cf,ati-b˚
mw,143231,balAnIka,cf,bala-sena
mw,143245,balAvasTa,cf,bala-sTa
mw,143258,balaka,cf,valaka
mw,143273,balin,cf,balasTa
mw,143344,bali,cf,vali
mw,143378,baliBft,cf,-hft
mw,143379,baliBoja,cf,Buj
mw,143406,balika,cf,valika
mw,143414,baliSa,cf,baqiSa
mw,143420,balIha,cf,balhika
mw,143434,ballava,cf,go-b˚
mw,143486,bahalA,cf,bahulA
mw,143501,bahu,cf,bahu-tfRa
mw,143585,bahutarakaRiSa,cf,gucCakaRiSa
mw,143588,bahutA,cf,-tva
mw,143598,bahutva,cf,bahu-tA
mw,143684,bahupAyya,cf,nf-pArya
mw,143885,bahuvrIhi,cf,tat-puruza
mw,143915,bahusadAcAra,cf,-samudA/cAra
mw,144017,bahulAnta,cf,bahura-maDya
mw,144160,bahiryoga,cf,antar-y˚
mw,144169,bahirvAsas,cf,a-bahirv˚
mw,144190,bahizkuwIcara,cf,bahiS-cara
mw,144232,bAjabahAduracandra,cf,bAhAdura
mw,144242.05,bARa,cf,paYca-b˚
mw,144318,bAD,cf,vaD
mw,144365,bADita,cf,a-bADita
mw,144474,bAla,cf,vAla
mw,144615,bAlayajYopavItaka,cf,bAlo/pavIta
mw,144622,bAlarAja,cf,bAla-sUrya
mw,144624,bAlarAmAyaRa,cf,mahArAm˚
mw,144672.1,bAlAdIkzita,cf,bAla-d˚
mw,144745,bAlandana,cf,BAlandana
mw,144754,bAlIvardineya,cf,balIvardineya
mw,144771,bAlbajika,cf,balbajika
mw,144904,bAhirvedika,cf,bahir-vedika
mw,144941,bAhutA,cf,deva/-tA
mw,144944,bAhudaRqa,cf,Buja-d˚
mw,144972,bAhumaDya,cf,jaNGA-jaGanya
mw,145003,bAhusamBava,cf,bAhu-ja
mw,145009,bAhuka,cf,hrasvabAhuka
mw,145012,bAhUbAhavi,cf,bAhA-bAhavi
mw,145025,bAhudantin,cf,bahudantI-suta
mw,145078,bAhyaprakfti,cf,prakfti
mw,145087,bAhyAMsa,cf,bahir-jAnu
mw,145092,bAhyArTa,cf,bAhya arTa
mw,145112,biqAla,cf,˚laka
mw,145121,biqAlavratika,cf,bEqAla-vr˚
mw,145129,bid,cf,Bid
mw,145133,bidala,cf,vi-dala
mw,145138,bindavi,cf,bEndavi
mw,145142,bindu,cf,-Pala
mw,145205,bibibABavat,cf,BU
mw,145206,biboDayizu,cf,buboDayizu
mw,145304,bilva,cf,billa
mw,145334,bilvaka,cf,bElvaki
mw,145336,bilvakIyA,cf,bElvaka
mw,145368,bisanAsikA,cf,-kaRWikA
mw,145374,bisavartman,cf,-granTi
mw,145501,bIjaryA,cf,bIja-ruhA-√ kf
mw,145502,bIjala,cf,bEjala
mw,145516,bIjya,cf,mahA-b˚
mw,145525,bIBatsA,cf,a/-b˚
mw,145535,bIriRa,cf,vIriRa
mw,145551,bukkasa,cf,pukkasa
mw,145557,buqabuqa,cf,budbuda
mw,145558,bud,cf,bund
mw,145560,budbuda,cf,buqabuqa
mw,145644,budDi,cf,indriya
mw,145647,budDi,cf,budDi-tattva
mw,145732,budDIndriya,cf,indriya
mw,145736,buD,cf,uzarbu/D
mw,145737,buD,cf,a-buD
mw,145738,buDa,cf,uzar-buDa
mw,145781,buboDayizu,cf,biboDayizu
mw,145819,boDavAsara,cf,boDanI
mw,145837,boDana,cf,bAla-boDinI
mw,145869,boDAyanasUtra,cf,bODAyana
mw,145914,boDitavya,cf,boDayitavya
mw,145918,boDin,cf,jYAna-
mw,145921,boDeya,cf,adDA-b˚
mw,145959,bODeya,cf,boDeya
mw,145966,buDnaroga,cf,braDna
mw,145974,bunD,cf,bund
mw,146002,buvam,cf,sa-buva
mw,146081,bfhajjAtaka,cf,svalpa-jAtaka
mw,146313,bfhadraRa,cf,bfhat-kzaRa
mw,146395,bfhaspati,cf,brahmaRas-pati
mw,146440,bekurA,cf,bakura
mw,146443,beqA,cf,veqa
mw,146447,bembArava,cf,bamBA-r˚
mw,146451,bEjaladeva,cf,bIjala
mw,146514,bEzka,cf,vezka
mw,146521,bopaRRaBawwIya,cf,bApaRRa
mw,146525,bohitTa,cf,vahitra
mw,146526,bODnya,cf,bODeya
mw,146532,braDna,cf,vizwap
mw,146536,braDna,cf,braDma
mw,146544,braDma,cf,braDna
mw,146547,brahman,cf,brahma-veda
mw,146551,brahman,cf,brahma-carya
mw,146602,brahmakUrca,cf,paYcagavya
mw,146653,brahmacarya,cf,-cArin
mw,146662,brahmacArin,cf,ASrama
mw,146773,brahmadeya,cf,Atma-s˚
mw,146774.1,brahmadeyAtmasaMtAna,cf,Atma-s˚
mw,146804,brahmapattra,cf,-pAdapa
mw,146817,brahmapAdapa,cf,-pattra
mw,146825,brahmapitf,cf,-nABa
mw,146835,brahmaputrI,cf,-nadI
mw,146856,brahmapuzpa,cf,brAhmapuzpi
mw,146915,brahmamImAMsA,cf,-sUtra
mw,146921,brahmameDyA,cf,-boDyA
mw,146945,brahmarakzas,cf,-rAkzasa
mw,146971,brahmarzi,cf,deva-rzi
mw,147123,brahmastamba,cf,brAhmastambi
mw,147127,brahmasTala,cf,-pura
mw,147140,brahmahuta,cf,brAhmya-huta
mw,147233,brahmodyA,cf,brahmavadya
mw,147238,brahmopanetf,cf,˚padeSa-netf
mw,147367,brAhmaRabruva,cf,dvija-bruva
mw,147388,brAhmaRavarcasa,cf,brahma-v˚
mw,147396,brAhmaRaSramaRanyAyAt,cf,SramaRa
mw,147425,brAhmaRikA,cf,brAhmaRI
mw,147440,brAhmaRI,cf,sa-brAhmaRika
mw,147441,brAhmaRI,cf,brAhmaRikA
mw,147457,brAhmaRya,cf,a-br˚
mw,147467,brAhmI,cf,-putra
mw,147492,bruva,cf,kzatriya-
mw,147494,bruvARa,cf,brahma-br˚
mw,147502.4,BA,cf,agni-Ba
mw,147502.5,Ba,cf,nakzatra
mw,147529,BaMsas,cf,Basa/d
mw,147530,BakaBakAya,cf,Beka
mw,147530,BakaBakAya,cf,bakabakAya
mw,147531,BakkikA,cf,PaqiNgA
mw,147534,Bakz,cf,Bikz
mw,147534,Bakz,cf,biBakzayizu
mw,147546,BakzikA,cf,ikzu-B˚
mw,147547,BakzikA,cf,uzwra-B˚
mw,147548,BakzaRa,cf,dAqima-
mw,147565,Bakzivan,cf,Bakti-va/n
mw,147585,BagalA,cf,BAgala
mw,147598,Baj,cf,Bikz
mw,147660,Bakti,cf,kzetra-
mw,147747,Baktivan,cf,Bakzi-va/n
mw,147748,Baktivas,cf,Bakzi-va/n
mw,147771,BagadAraRa,cf,BagaM-dara
mw,147782,BagaMdara,cf,Baga-dAraRa
mw,147897,BagIraTa,cf,Bagin
mw,147926,Bajagovindastotra,cf,Bagavad-govinda
mw,147928.1,BaYj,cf,Braj
mw,147946,BagnapAdarkza,cf,puzkara
mw,147987,BaNga,cf,vastra-B˚
mw,148005,BaNgAsura,cf,BANgAsuri
mw,148066,BaNgyaSravas,cf,BaNga-Sravas
mw,148085,BaYjipattrikA,cf,PaYji-pattrikA
mw,148092,Bawa,cf,Bawwa
mw,148119,BawwadIpikA,cf,Bawa-d˚
mw,148124,BawwaprakASa,cf,Bawa-pr˚
mw,148144,BawwasvAmin,cf,Bawwi
mw,148161,BawwArikA,cf,jayA-
mw,148178,Baqa,cf,Bawa
mw,148179,BaqaharImAtftIrTa,cf,BawaBawa-m˚
mw,148213,BaRqana,cf,BARqana
mw,148218,BaRqi,cf,BfRqi
mw,148271,Badra,cf,-nAman
mw,148440,Badravarman,cf,BAdravarmaRa
mw,148470,BadrasAman,cf,BAdrasAma
mw,148538,BadrAnagara,cf,Badra-pura
mw,148550,BadrAkf,cf,madrA
mw,148556,Bandadizwi,cf,kranda/d-izwi
mw,148667,Bara,cf,ftam-
mw,148776,BaraTa,cf,Barata
mw,148783,Baras,cf,viSva-
mw,148784,Bari,cf,Atmam-
mw,148862,Barman,cf,arizwa-
mw,148866,Barvara,cf,BArvara
mw,148870,BaraheSvaravftti,cf,Bareha-nagarI
mw,148882,BarehanagarI,cf,Baraha-pAla
mw,148917,BarmyASva,cf,hary-aSva
mw,148918,Barv,cf,Barb
mw,148920,Barvu,cf,BarCu
mw,148923,Bal,cf,ni-
mw,148924,Bala,cf,bal
mw,148925,Bala,cf,Balla
mw,148935,Balla,cf,acCa-Balla
mw,148966,BallAwa,cf,Balla
mw,149034,BavaBAva,cf,-manyu
mw,149044,Bavamanyu,cf,-BAva
mw,149107,Bavat,cf,atra-
mw,149138,Bavana,cf,SAli-B˚
mw,149154,BavantI,cf,satI
mw,149155,Bavanti,cf,BavantI
mw,149160,BavAnI,cf,indrARI
mw,149196,Bavitf,cf,tiro-B˚
mw,149200,Bavitra,cf,BAvitra
mw,149212,BavizRu,cf,anDam-
mw,149240,BavIyas,cf,BavizWa
mw,149289,Bas,cf,psA
mw,149289,Bas,cf,Barts
mw,149303,BastrakA,cf,BastrAkA
mw,149306,BastrA,cf,mAtrA-
mw,149343,BasmapraharaRa,cf,-bARa
mw,149376,BasmAcala,cf,Basma-kUwa
mw,149400,Basman,cf,Basma-DAraRa
mw,149418.1,BA,cf,Ban
mw,149443,BAtu,cf,BAnu
mw,149485,BAnudina,cf,-vAra
mw,149513,BAnuraTa,cf,-mat
mw,149516,BAnuvAra,cf,-dina
mw,149533.1,BAkuri,cf,bAkura/
mw,149606,BAgavata,cf,BAgavata-p˚
mw,149662,BAgIraTI,cf,nava-dvIpa
mw,149708,BAjana,cf,pAtra
mw,149718,BAjanavArika,cf,-cArikA
mw,149742,BAMkAra,cf,BerI-B˚
mw,149785,BARaka,cf,Darma-B˚
mw,149786,BARikA,cf,BARa
mw,149793,BARqa,cf,-vAdana
mw,149798,BARqa,cf,putra-
mw,149934,BAraka,cf,PaRi-BArikA
mw,149954,BArata,cf,Barata
mw,150010,BAradvAjI,cf,BA/radvAjI-pu/tra
mw,150026,BAradvAjin,cf,˚jIya
mw,150041,BAruRqa,cf,BAraRqa
mw,150102,BArNgI,cf,BArgI
mw,150156,BAluka,cf,Balla
mw,150207,BAva,cf,-samanvita
mw,150264,BAvamiSra,cf,BAva-prakASa
mw,150305,BAvasiMha,cf,-vilAsa
mw,150435,BAvitra,cf,Bavitra
mw,150442,BAvin,cf,loka-B˚
mw,150452,BAvuka,cf,anDamB˚
mw,150457,BAvukA,cf,BAvakA
mw,150459,BAvuka,cf,BAvika
mw,150460,BAvya,cf,BAvin
mw,150463,BAvya,cf,dur-B˚
mw,150473,BAvyaraTa,cf,BAvya
mw,150479,BAz,cf,BaR
mw,150525,BAzya,cf,mahA-BAzya
mw,150552,BAs,cf,BA
mw,150695,Bikzita,cf,SUdra-B˚
mw,150716,Bikzuka,cf,Bikzu
mw,150727,Bid,cf,bindDi-lavaRA
mw,150727,Bid,cf,BidApana
mw,150733,Bitti,cf,kapola-
mw,150748,Bid,cf,aSma-
mw,150754,BidA,cf,dur-Bida
mw,150772,Bidya,cf,pUr-Bi/dya
mw,150777,Bindu,cf,bindu
mw,150778,Bindu,cf,nindu
mw,150780,BindDilavaRA,cf,paca-lavaRA
mw,150957,BizRaja,cf,Bizaja
mw,150969.1,BI,cf,Byas
mw,150970,Biyas,cf,Biya/se
mw,151020,BImagava,cf,BEmagava
mw,151038,BImanagara,cf,-pura
mw,151062,BImaraTI,cf,kAla-rAtrI
mw,151086.2,BImasena,cf,BIma/
mw,151099,BImEkAdaSI,cf,BIma-dvAdaSI
mw,151112,BIru,cf,Peru
mw,151150,BIluka,cf,BallUka
mw,151151,BIzaka,cf,BImaka
mw,151155,BIzaRa,cf,BayAnaka
mw,151209,Bu,cf,agni-
mw,151210,BuHKAra,cf,BUHKAra
mw,151217,Buj,cf,Bujam
mw,151273,BujABuji,cf,keSA-keSi
mw,151342,BujAmaDya,cf,Buja-m˚
mw,151345,Buji,cf,da/Sa-
mw,151347,Bujyu,cf,BujaMga-ga
mw,151348,Buj,cf,buBukzA
mw,151350,Bukta,cf,Bukta-pIta
mw,151373,Bukti,cf,pakza-B˚
mw,151386,Buj,cf,kzitiB˚
mw,151392,Bujizya,cf,a-B˚
mw,151429,BuRika,cf,BORikyA
mw,151430,BuRq,cf,huRq
mw,151432,Bumanyu,cf,Bavan-manyu
mw,151449,BuruRqa,cf,BAraRqa
mw,151456,BU,cf,buD
mw,151456,BU,cf,kfzRI-√ BU
mw,151456,BU,cf,BAvita
mw,151548,BU,cf,akzi-
mw,151618,BUtfRa,cf,BU-s-tfRa
mw,151625,BUdeva,cf,-sura
mw,151667.35,BUpati,cf,BU-pAla
mw,151672,BUpala,cf,-Pala
mw,151693,BUpura,cf,-gfha
mw,151699,BUPala,cf,-pala
mw,151738,BUliNga,cf,BOliNgI
mw,151741,BUloka,cf,BUr-l˚
mw,151765,BUsura,cf,-deva
mw,151769,BUstfRa,cf,BU-tfRa
mw,151799,BUta,cf,mahA-B˚
mw,152019,BUtejya,cf,BUta-yajYa
mw,152027,BUtoqqAmara,cf,BUta-qAmara
mw,152071,BUtibali,cf,BUta-b˚
mw,152082,BUtivAhana,cf,BUta-v˚
mw,152094,BUma,cf,udaka-
mw,152106,BUmanyu,cf,Bumanyu
mw,152109,BUmi,cf,BUmi-traya
mw,152119,BUmi,cf,viSvAsa-
mw,152229,BUmiSaya,cf,BU-S˚
mw,152235,BUmizWa,cf,paraB˚
mw,152305,BUyasA,cf,yad BUyasA
mw,152317,BUyizWa,cf,SUdra-B˚
mw,152335,BUr,cf,Bu/vas
mw,152342,BUrloka,cf,BU-loka
mw,152381,BUriDAman,cf,-dyumna
mw,152443,BUzRu,cf,alamBUzRu
mw,152444,BUHKAra,cf,BuHKAra
mw,152460,BUrjakaRwaka,cf,Bfjya-kaRwa
mw,152495,Bft,cf,izu-
mw,152500,Bfta,cf,kzIra-B˚
mw,152526,BftyA,cf,kumAra-BftyA
mw,152531,BftyaparamARu,cf,padAti-lava
mw,152563,Bfgu,cf,Bfgu-smfti
mw,152564,Bfgu,cf,Bfgu-saMhitA
mw,152571,Bfgu,cf,Bfgu-patana
mw,152597,BfguBUmi,cf,Barga-BUmi
mw,152682,BfNgariwi,cf,BfNgin
mw,152685,BfNgarola,cf,varola
mw,152701,BfNgin,cf,BfNgariwi
mw,152710,Bfj,cf,Brajj
mw,152720,BfRIya,cf,BrI
mw,152722,BfRqi,cf,BaRqi
mw,152731,BfS,cf,BraMS
mw,152732,BfSa,cf,BraS
mw,152732,BfSa,cf,suBfta
mw,152760,Bfzwi,cf,hfz
mw,152760,Bfzwi,cf,saha/sra-
mw,152767,Beka,cf,Bela
mw,152774,Bekuri,cf,bAkura
mw,152776,Beqa,cf,eqa
mw,152777,Beqa,cf,Bela
mw,152786,BeRqa,cf,BERqaka
mw,152792,Beda,cf,rahasya-B˚
mw,152795,Beda,cf,SilA-B˚
mw,152797,Beda,cf,arDaB˚
mw,152804,Beda,cf,BrUB˚
mw,152807,Beda,cf,kukzi-B˚
mw,152830,Bedapratyaya,cf,-dfzwi
mw,152849,Bedaka,cf,Bedya
mw,152854,Bedana,cf,hfdaya-granTi-B˚
mw,152891,Bedya,cf,Bedaka
mw,152911,BeruRqa,cf,Peru
mw,152923,Bela,cf,Beqa
mw,152928,Bez,cf,BI
mw,153041,BEraveSa,cf,BErava-tarjaka
mw,153089,Bogavat,cf,mahA-B˚
mw,153140,Bogadeha,cf,aDizWAna-d˚
mw,153144,BogapAla,cf,Bogika
mw,153199,BogIna,cf,pitf-BogIRa
mw,153311,Bojas,cf,Bo/jase
mw,153315,Bojin,cf,a-SrAdDa-B˚
mw,153325,BojyA,cf,BojA
mw,153335,BojyasamBava,cf,rasa
mw,153338,Bowa,cf,mahA-B˚
mw,153442,BOvana,cf,BOmana
mw,153446,Byas,cf,BI
mw,153448,BraMS,cf,BfS
mw,153448,BraMS,cf,BfS
mw,153448,BraMS,cf,BrA/Sya
mw,153489,Brajj,cf,Bfj
mw,153489,Brajj,cf,Bfj
mw,153489.1,Brajj,cf,BrAj
mw,153491,Bfjj,cf,bahu-Bfjj
mw,153511,BrAzwra,cf,BrAS
mw,153538,BramakuwI,cf,Bramat-k˚
mw,153549,BramaRa,cf,pawaha-Br˚
mw,153553,BramaRavilasita,cf,Bramara-v˚
mw,153556,Bramatkuwi,cf,BramakuwI
mw,153565,BramarI,cf,BramaRI
mw,153592,BramarAmbAkzetra,cf,BrAmarI
mw,153612,Brami,cf,saMvatsara-
mw,153620,Bramita,cf,BrAmita
mw,153659,BrAmara,cf,BrAmaka
mw,153669,BrAmita,cf,Bramita
mw,153678.1,BrAj,cf,Bfgu
mw,153734,BrAtfka,cf,a-
mw,153761,BrAS,cf,BlAS
mw,153766,BrI,cf,BfRIya
mw,153892,maMh,cf,mah
mw,153896,maMhanIya,cf,mah
mw,153912,makara,cf,makara-ketana
mw,153917,makara,cf,makara-kuRqala
mw,153962,makarIpattra,cf,pattra-BaNga
mw,154000,makura,cf,mukura
mw,154003,makula,cf,mukula
mw,154006,makuzWa,cf,mukuzWa
mw,154009,makk,cf,mask
mw,154014,makz,cf,mrakz
mw,154023,makzu,cf,makzU/
mw,154024,makzu,cf,mAkzavya
mw,154026.1,makzU,cf,maNkzu
mw,154031,maK,cf,maNK
mw,154115,maGazwu,cf,makazwu
mw,154117,maNk,cf,maNg
mw,154118,maNku,cf,durm˚
mw,154128,maNkzaRa,cf,maNKuRa
mw,154129,maNkzu,cf,makzu
mw,154130,maNK,cf,maK
mw,154139,maNg,cf,maNk
mw,154141,maNga,cf,maRqa
mw,154142,maNga,cf,maga
mw,154191,maNgaladevatA,cf,brahma-m˚
mw,154199,maNgalapura,cf,maNgala
mw,154337,mac,cf,maYc
mw,154339,macakruka,cf,maNkaRaka
mw,154340,macarcikA,cf,go-m˚
mw,154347,majj,cf,mimaNkzA
mw,154376,majjala,cf,majjana
mw,154378,majjA,cf,nirmajja
mw,154426,maYj,cf,mArj
mw,154430,maYjara,cf,deva-
mw,154438,maYjarI,cf,pradIpa-m˚
mw,154459,maYji,cf,aNgAra-maYjI
mw,154471,maYjI,cf,maYji
mw,154472,maYjI,cf,maYjA
mw,154545,mawaka,cf,mftaka
mw,154553,mawwa,cf,maqqu
mw,154585,maqqu,cf,mawwa
mw,154599,maRi,cf,kaRWa-m˚
mw,154811,maRisara,cf,muktA-m˚
mw,154838,maRIcaka,cf,maRIvaka
mw,154856,maRqa,cf,daDi-m˚
mw,154860,maRqa,cf,maRqUka
mw,154872,maRqapa,cf,maRwapI
mw,154884,maRqavAwa,cf,maRqala-v˚
mw,154889.1,maRqaka,cf,maRWaka
mw,154889.3,maRqaka,cf,mandaka
mw,154895,maRqanapriya,cf,priya-m˚
mw,154903,maRqika,cf,maRqaka
mw,154911,maRqarI,cf,mARqarika
mw,154914,maRqala,cf,maRqalaka
mw,154941,maRqalapattrikA,cf,maRqali-p˚
mw,154947,maRqalavawa,cf,maRqalin
mw,154948,maRqalavartin,cf,cakra-v˚
mw,154950,maRqalavAwa,cf,maRqa-v˚
mw,155037,maRqUkaSikzA,cf,mARqUkI-S
mw,155039,maRqUkAnuvftti,cf,maRqUka-pluti
mw,155072,matIkf,cf,dur-matI-kfta
mw,155073,matsa,cf,macCa
mw,155075,matsagaRwa,cf,matsya-GaRwa
mw,155083,matsarin,cf,a-m˚
mw,155087,matsya,cf,matsa
mw,155094,matsya,cf,matsa
mw,155107,matsyaGaRwa,cf,matsagaRwa
mw,155127,matsyapurARa,cf,matsyA/vatAra
mw,155181,matsyopajIvin,cf,matsya-jIvat
mw,155188,maT,cf,maDumaT
mw,155198,maTanAcala,cf,manTa-SEta
mw,155200,maTi,cf,maTi/n
mw,155209,maTin,cf,paTin
mw,155217,maTra,cf,maTna/
mw,155223,maTu,cf,mATava/
mw,155224,maTura,cf,mATura
mw,155283,madryak,cf,asmadrya/Yc
mw,155288,mad,cf,mand
mw,155386,madaBaYjinI,cf,-GnI
mw,155726,madrAkf,cf,BadrA-
mw,155741,madi,cf,matya
mw,155758,madDaka,cf,madraka
mw,155914,maDupati,cf,-mati
mw,155924,maDuparkika,cf,mADup˚
mw,156051,maDulatA,cf,maDura-l˚
mw,156159,maDUcCizwa,cf,maDu-Sizwa
mw,156320,maDvakza,cf,maDuka-locana
mw,156326,maDvazWIlA,cf,maDu-zWilA
mw,156442,maDyasUtra,cf,maDya-reKA
mw,156454,maDyasTitA,cf,-sTa-tA
mw,156490,maDyama,cf,maDya
mw,156531,maDyamapuruza,cf,praTama-puruza
mw,156536,maDyamareKA,cf,maDya-reKA
mw,156564.3,maDyamikA,cf,mADyamika
mw,156646,matavacas,cf,mAtavacasa
mw,156778,manas,cf,drazwu-m˚
mw,156806,manasvinI,cf,manasija
mw,156813,manasA,cf,viza-harI
mw,156835,manaska,cf,gata-m˚
mw,156849,manAyI,cf,manAvI/
mw,156852,manAvI,cf,manA/yI
mw,156863,manIzita,cf,yaTA-m˚
mw,156991,manus,cf,ma/nur-hita
mw,157208,manohvA,cf,mano 'BiDA
mw,157217,manorhata,cf,ma/nur-hita
mw,157225,manti,cf,mati
mw,157577,manTana,cf,amfta-m˚
mw,157593,manTAvala,cf,mAnTAla/
mw,157605,manTin,cf,UrDva-m˚
mw,157610,manTya,cf,maTya
mw,157614,manTara,cf,A
mw,157626,manTara,cf,manTaparvata
mw,157647,mandana,cf,maRqana
mw,157684,mand,cf,upa-ni-√ mand
mw,157697,manda,cf,mandra
mw,157818,mandaka,cf,maRqaka
mw,157824,mandara,cf,meru
mw,157878,mandira,cf,mandurA
mw,157922,manmaTa,cf,mandeha
mw,158024,mayuzwaka,cf,makuzwaka
mw,158141,maraRAlasa,cf,vahitra-karRa
mw,158145,marAyu,cf,dur-marAyu/
mw,158156,maranda,cf,makaranda
mw,158188,marizwaka,cf,mayazwaka
mw,158193,marIci,cf,marIci-toya
mw,158246,marucCadA,cf,maDu-cCadA
mw,158254,marudeSya,cf,marud-izwa
mw,158268,maruBU,cf,BU-ruha
mw,158292,maruka,cf,marUka
mw,158294,marucIpawwana,cf,marIci-pattana
mw,158295,maruwA,cf,maruRqA
mw,158299,marut,cf,marIci
mw,158331,marutsaKa,cf,vAyu-s˚
mw,158348,marudizwa,cf,maru-deSya
mw,158385,marunDa,cf,marUnDa
mw,158387,marula,cf,marAla
mw,158449,markaqikA,cf,markawaka
mw,158450,marka,cf,marc
mw,158454,markara,cf,mArkara
mw,158461,marc,cf,mfc
mw,158462,marj,cf,mfj
mw,158499,marda,cf,ari-
mw,158500,marda,cf,graha-m˚
mw,158501,marda,cf,aNga-m˚
mw,158516,mardin,cf,ripu-
mw,158517,mardinI,cf,medinI
mw,158518,marb,cf,barb
mw,158522,marman,cf,antar-m˚
mw,158550,marmavid,cf,para-marma-jYa
mw,158588,marya,cf,maya
mw,158592,maryA,cf,marIci
mw,158616,marv,cf,marb
mw,158617,marSa,cf,prati-marSa
mw,158624,marza,cf,a-
mw,158630,marzita,cf,a-marzita
mw,158634,mal,cf,mall
mw,158649,malakUwa,cf,mAlA-kuwa
mw,158650,malakozWaka,cf,malla-kozwaka
mw,158654,malaGna,cf,-hantf
mw,158657,malaja,cf,malaka
mw,158706,malahantf,cf,-Gna
mw,158766,malada,cf,malaka
mw,158770,malana,cf,pari-mala
mw,158826,malayAvatI,cf,malaya-vatI
mw,158828,malayodBava,cf,malaya-ja
mw,158829,malayU,cf,mala-pU
mw,158840,malimluc,cf,deva-m˚
mw,158845,malimluca,cf,mala-mAsa
mw,158858,mall,cf,mal
mw,158859,malli,cf,mali
mw,158885,mallA,cf,mallikA
mw,158922,mallavAstu,cf,mAllavAstava
mw,158993,mallu,cf,Balla
mw,158995,malva,cf,mAlvya
mw,159000,mav,cf,mavy
mw,159003,mavy,cf,mav
mw,159004,maS,cf,miS
mw,159054,mazmazAkf,cf,masmasA/
mw,159063,masana,cf,maz
mw,159076,mastakaluNga,cf,mastuluNga
mw,159088,mastuluNga,cf,mastaka-luNga
mw,159098,masi,cf,mazI-BAvuka
mw,159151,mah,cf,maMh
mw,159156,maha,cf,maKa
mw,159190,mahaka,cf,mAhaki
mw,159201,mahat,cf,mahABUta
mw,159256,mahadbila,cf,mahA-b˚
mw,159284,mahas,cf,vyAhfti
mw,159339,mahAkalopa,cf,-kAlopa
mw,159342,mahAkalyARa,cf,kalyARaka
mw,159344,mahAkavi,cf,-kAvya
mw,159389,mahAkAlopa,cf,-kalopa
mw,159411,mahAkuha,cf,-guha
mw,159434,mahAkratu,cf,-yajYa
mw,159457,mahAgaja,cf,dik-karin
mw,159498,mahAguha,cf,-kuha
mw,159559,mahAcamasa,cf,mAhAcamasya
mw,159746,mahAdeva,cf,Siva-tantra
mw,159946,mahApaYcamUla,cf,paYca-m˚
mw,159993,mahAparAhRa,cf,-niSA
mw,160067,mahApfzWa,cf,-pfzWya
mw,160125,mahAprARa,cf,alpa-p˚
mw,160185,mahAbila,cf,mahad-b˚
mw,160186,mahAbIja,cf,-retas
mw,160224,mahABaya,cf,Baya
mw,160239,mahABAgya,cf,mAhABAgya
mw,160304,mahAmaKa,cf,-yajYa
mw,160396,mahAmAyUrI,cf,-mayUrI
mw,160398,mahAmArakata,cf,-marakata
mw,160400,mahAmArI,cf,mArI
mw,160401,mahAmArga,cf,-paTa
mw,160474,mahAmbuka,cf,-meGa
mw,160477,mahAyakza,cf,yakza-pati
mw,160546,mahAraTa,cf,raTa
mw,160551,mahAraTa,cf,mano-raTa
mw,160649,mahAroman,cf,-loman
mw,160653,mahArOdrI,cf,-rudrI
mw,160691,mahAloman,cf,-roman
mw,160719,mahAvarAha,cf,-vArAha
mw,160740,mahAvArAha,cf,-varAha
mw,160742,mahAvArttika,cf,mAhAv˚
mw,160935,mahASAla,cf,-SIla
mw,160959,mahASIla,cf,-SAla
mw,161039,mahAsaMDivigraha,cf,-sAMDivigrahika
mw,161040,mahAsanna,cf,-sat-tvA
mw,161077,mahAsAMDivigrahika,cf,-saMDi-vigraha
mw,161131.7,mahAsenanareSvara,cf,mahasena-n˚
mw,161160,mahAsragvin,cf,-mAla
mw,161182,mahAhavis,cf,havis
mw,161193,mahAhna,cf,-niSA
mw,161197,mahAhrada,cf,tIrTa-m˚
mw,161226,mahendramantrin,cf,-guru
mw,161419,mahidAsabuDa,cf,mahI-dAsa-Bawwa
mw,161445,mahiman,cf,mahimastava
mw,161518,mahI,cf,urvI
mw,161545,mahIdAsa,cf,mahi-d˚
mw,161555,mahIDra,cf,parvata
mw,161604,mahIsaha,cf,-ruha
mw,161614,mahIyatva,cf,mAhIyatva
mw,161651,mahirakula,cf,mihira-k˚
mw,161652,mahilA,cf,mahelA
mw,161664,mahilAropya,cf,mihil˚
mw,161683,mahlaRa,cf,malhaRa
mw,161687,mAkim,cf,na-kim
mw,161697,mA,cf,nir-√ mA
mw,161699,mAta,cf,deva-mAta
mw,161713,mAtra,cf,aNguzWa-
mw,161715,mAtra,cf,tri-m˚
mw,161716,mAtra,cf,padAti-
mw,161717,mAtratas,cf,BUmi-zWa-m˚
mw,161722.1,mAtrikA,cf,mAtrika
mw,161744,mAtrACandas,cf,akzara-
mw,161917,mAkali,cf,mAtali
mw,161925,mAkzavya,cf,maNkzavya
mw,161938,mAkzIka,cf,mAkzika
mw,161959,mAgaDI,cf,arDa-m˚
mw,162010,mANkzavyAyaRI,cf,mAkzavya
mw,162027,mAca,cf,mAWa
mw,162030,mAcala,cf,kari-
mw,162033,mAcikA,cf,gfha-m˚
mw,162033,mAcikA,cf,kAka-m˚
mw,162035,mAcIpattra,cf,maYci-p˚
mw,162053,mAWa,cf,mAca
mw,162062,mAWarI,cf,kASyapI-bAlAkyA-mAWarI-pu/tra
mw,162067,mAWI,cf,mAwi
mw,162071,mAqa,cf,madya-d˚
mw,162088,mARava,cf,daRqa-m˚
mw,162091,mARavaka,cf,mADavya-
mw,162144,mARqavI,cf,vA/tsI-mARqavI-pu/tra
mw,162220,mAtAlava,cf,mAnTAla/
mw,162238,mAtf,cf,mAtarapitarO
mw,162241,mAtf,cf,dvi-m˚
mw,162242,mAtf,cf,saptam˚
mw,162307,mAtfbanDU,cf,brahmab˚
mw,162350,mAtaripuruza,cf,pitari-SUra
mw,162380,mAtura,cf,dvE-
mw,162464,mATa,cf,mAWa
mw,162480,mAda,cf,ganDa-
mw,162654,mADUkara,cf,mADu-k˚
mw,162667,mADvIka,cf,maDu-mADvIka
mw,162686,mADUka,cf,mADuka
mw,162718,mAn,cf,man
mw,162719,mAna,cf,Atma-m˚
mw,162870,mAnaka,cf,mARaka
mw,162871,mAnikA,cf,mAnI
mw,162907,mAnavasUtra,cf,-gfhya-
mw,162964,mAnasottara,cf,uttaramAnasa
mw,162983,mAnInDa,cf,maRitTa
mw,163015,mAnTAla,cf,manTAvala
mw,163025,mAndAra,cf,mandAra
mw,163037,mAnDAtf,cf,manDAtf
mw,163042,mAnDAla,cf,mAnTAla/
mw,163063,mAma,cf,tAta
mw,163074,mAmuKI,cf,mAmakI
mw,163118,mAyApur,cf,mAyA
mw,163143.4,mAyAvatI,cf,-devI
mw,163166,mAyiBEravatantra,cf,mAyika-BErava
mw,163181,mAyin,cf,durm˚
mw,163189,mAyu,cf,dur-m˚
mw,163192,mAyuka,cf,pra-mAyu
mw,163193,mAyurAja,cf,mayu-r˚
mw,163217,mAra,cf,paSu-m˚
mw,163246,mAraka,cf,tri-
mw,163247,mAraka,cf,lohamAraka
mw,163256,mAraRa,cf,maraRa
mw,163264,mArin,cf,pUrva-
mw,163265,mArin,cf,jantu-m˚
mw,163279,mAricika,cf,vyakta-m˚
mw,163281,mAriza,cf,mArza
mw,163306,mArutakopana,cf,vAta-k˚
mw,163363,mArg,cf,mfg
mw,163372,mArga,cf,AmArga
mw,163380,mArga,cf,mfga-mada
mw,163442,mArgaka,cf,prati-m˚
mw,163468,mArgava,cf,mArgAra
mw,163519,mArjAraka,cf,mArjAra
mw,163538,mArzwi,cf,nir-mArzwi
mw,163546,mArtaRqa,cf,Cando-
mw,163592,mArza,cf,mAriza
mw,163637,mAlA,cf,akza-
mw,163639,mAlA,cf,nAma-m˚
mw,163640,mAlA,cf,krama-mAlA
mw,163692,mAli,cf,yAjYa-
mw,163701,mAlin,cf,mAli
mw,163814,mAlavarti,cf,mAnavartika
mw,163825,mAlinya,cf,vadana-m
mw,163834,mAluka,cf,kfzRa-m˚
mw,163843,mAlla,cf,mAlu
mw,163885,mAzaka,cf,paYca-m˚
mw,163886,mAzi,cf,mAza-SarAvi
mw,163892,mAzya,cf,dvi-
mw,163895,mAs,cf,candra-
mw,163963,mAsya,cf,dvi-
mw,163979,mAhA,cf,mahA
mw,163993,mAhAtmya,cf,devI-m˚
mw,164026,mAhendrI,cf,mAheyI
mw,164085,mit,cf,garta-
mw,164094,mikz,cf,sam-√ mikz
mw,164147,mitra,cf,medin
mw,164148,mitra,cf,mitrA-v˚
mw,164236,mitravarDa,cf,mEtravarDaka
mw,164254,mitraSis,cf,ASis
mw,164268,mitrahan,cf,-Gna
mw,164322,miTu,cf,miTU
mw,164446,minv,cf,ninv
mw,164449,mimata,cf,mEmata
mw,164460,mirA,cf,mIra
mw,164465,mil,cf,melApaka
mw,164482,miS,cf,maS
mw,164483,miSara,cf,misara
mw,164484,miSi,cf,mizikA
mw,164490,miSra,cf,miSra-vAta
mw,164491,miSra,cf,kfzRa-
mw,164492,miSra,cf,DAnyam˚
mw,164496,miSra,cf,-Dana
mw,164522,miSraSabda,cf,miSra-ja
mw,164532,miSraRa,cf,vAN-m˚
mw,164547,miz,cf,un-
mw,164569,misara,cf,miSara
mw,164574.5,misi,cf,miSi
mw,164606,mihilAropya,cf,mahilAropya
mw,164621,mInaganDA,cf,matsya-g˚
mw,164662,mImAMsaka,cf,kAvya-m˚
mw,164666,mImAMsA,cf,kAvya-m˚
mw,164712,mImAMsya,cf,a-m˚
mw,164716.2,mIlana,cf,mIlita
mw,164726,mIv,cf,pIv
mw,164733,mu,cf,mU
mw,164765,mukunda,cf,muku
mw,164799,mukura,cf,karRa-
mw,164838,muKa,cf,diN-m˚
mw,164838,muKa,cf,aDo-m˚
mw,164838,muKa,cf,prAN-muKam
mw,164843,muKa,cf,payo-m˚
mw,164869,muKacapewikA,cf,durjanam˚
mw,164913,muKaBagA,cf,muKe-BagA
mw,164987,muKasamBava,cf,ja
mw,165082,muc,cf,mokz
mw,165216,mukti,cf,fRa-m˚
mw,165299,muculinda,cf,mucalinda
mw,165302,muYc,cf,mac
mw,165307,muYja,cf,mOYja
mw,165331,muYjavawa,cf,muYjA-v˚
mw,165344,muYjAvawa,cf,muYja-vawa
mw,165355,muw,cf,prati-√ muw
mw,165356,muwa,cf,nir-muwa
mw,165404,muRqAyasa,cf,muRqa-loha
mw,165417,muRqana,cf,muRW
mw,165420,muRqanaka,cf,muRqaSAli
mw,165440,muRqISvaratIrTa,cf,muRqeSv˚
mw,165535,mudrA,cf,aNguli-m˚
mw,165584,mudrita,cf,mudrA
mw,165600,muni,cf,-traya
mw,165606,muni,cf,mOneya
mw,165700,mur,cf,A-mur
mw,165701,mura,cf,muru
mw,165734,muraRqa,cf,muruRqa
mw,165755,murudeSa,cf,maru-d˚
mw,165756,muruNgI,cf,muraNgI
mw,165852,murv,cf,mUrvA
mw,165859,muz,cf,mus
mw,165859,muz,cf,munuzizu
mw,165904,muzwAmuzwi,cf,kacA-kaci
mw,165930,muzwimAndya,cf,-deSa
mw,165968,musala,cf,cakra-m˚
mw,165984,musalAmusali,cf,muzwAmuzwi
mw,166049,muhira,cf,muhera
mw,166164,mU,cf,mav
mw,166195,mUwa,cf,muwa
mw,166311,mUrDa,cf,dvi
mw,166318,mUrvA,cf,murv
mw,166318,mUrvA,cf,mOrva
mw,166369,mUlatva,cf,tan-m˚
mw,166371,mUladeva,cf,-Badra
mw,166375,mUladvAravatI,cf,laGu-dv˚
mw,166396,mUlaprakfti,cf,prakfti
mw,166408,mUlaBadra,cf,-deva
mw,166521,mUlikArTa,cf,yoga
mw,166522,mUlin,cf,Palam˚
mw,166679,mftARqa,cf,mArtARqa
mw,166681,mftARqa,cf,mftaRqa
mw,166683,mftASana,cf,mfta-Braj
mw,166748,mftyuBftya,cf,-sevaka
mw,166784,mftyuka,cf,sva-cCanda-m˚
mw,166791,mfg,cf,mArg
mw,166815,mfgakzIra,cf,mfgI-k˚
mw,166823,mfgacArin,cf,go-c˚
mw,166861,mfganABi,cf,nABi
mw,166881,mfgaprekzin,cf,vfka-p˚
mw,166890,mfgamandA,cf,-vatI
mw,166918,mfgarocanA,cf,go-r˚
mw,166979,mfgANka,cf,mfga-vAhana
mw,167030,mfgAsya,cf,mfga-muKa
mw,167080,mfgayAraRya,cf,mfga-kAnana
mw,167105,mfgIkzIra,cf,mfga-k˚
mw,167114,mfc,cf,marc
mw,167115,mfkta,cf,a/-mfkta
mw,167121,mfj,cf,marj
mw,167141,mfzwa,cf,mizwa
mw,167175,mfqitf,cf,marqitf
mw,167184,mfR,cf,mF
mw,167219,mfd,cf,mrad
mw,167269,mfdaMga,cf,mardala
mw,167280,mfdi,cf,mArdeya
mw,167293,mfdu,cf,g
mw,167295,mfdvI,cf,mfdvIkA
mw,167459,mF,cf,mf
mw,167462,me,cf,apa-
mw,167492,meKalA,cf,sAgara-m˚
mw,167498,meKalA,cf,nitamba
mw,167518,meGa,cf,meGamAna
mw,167526,meGa,cf,-giri
mw,167696,meGAqambara,cf,meGa-qamb˚
mw,167699,meGAnandin,cf,meGa-suhfd
mw,167753,meWa,cf,meRqa
mw,167758,meQa,cf,meWa
mw,167957,meDyAtiTi,cf,meDa/tiTi
mw,167959,meDI,cf,meTI
mw,167997,meru,cf,-devI
mw,168053,melAnanda,cf,-mandA
mw,168071,meza,cf,nejam˚
mw,168073,mezI,cf,me/SI
mw,168103,mezaka,cf,jIvam˚
mw,168108,meha,cf,a/-meha
mw,168112,mehapAwa,cf,meda-p˚
mw,168128,mehin,cf,ikzu-
mw,168135,mEtra,cf,mEtreyaka
mw,168140,mEtra,cf,cEtra
mw,168300,mEreyaka,cf,mEtreyaka
mw,168305,moka,cf,nir-m˚
mw,168325,mokza,cf,garBa-
mw,168330,mokza,cf,riRa-
mw,168396,mokzaRa,cf,rakta-m˚
mw,168447,mocana,cf,fRa-m˚
mw,168469,mowaka,cf,modaka
mw,168475,mowana,cf,aNguli-m˚
mw,168493,moda,cf,Amoda
mw,168523,modamAna,cf,mOdamAnika
mw,168535,modinI,cf,modana
mw,168553,moraRa,cf,morawa
mw,168651,mOkali,cf,mOkuli
mw,168654,mOkuli,cf,mOkali
mw,168661,mOktikaprasavA,cf,muktA-prasU
mw,168705,mOYjin,cf,nAga-m˚OYjin
mw,168724,mOtra,cf,a-mOtra-DOta
mw,168856,mOsala,cf,-parvan
mw,168870,mnA,cf,man
mw,168872,myakz,cf,apa-
mw,168874,mrakza,cf,tuvi-mr˚
mw,168891,mruc,cf,mluc
mw,168891,mruc,cf,ni-
mw,168895,mrew,cf,mlew
mw,168896,mreq,cf,A-
mw,168901,mluc,cf,mruc
mw,168901,mluc,cf,anu-
mw,168936,mlew,cf,mrew
mw,168937,mlev,cf,mev
mw,168976,ya,cf,ya/d
mw,169114,yaj,cf,ya/ja-mAna
mw,169114,yaj,cf,i/yakzati
mw,169221,yajYa,cf,mahA-y˚
mw,169273,yajYadattA,cf,yajYa-dattaka
mw,169500,yajYopavIta,cf,prAcInAvItin
mw,169500,yajYopavIta,cf,upanayana
mw,169698.1,yaTAgata,cf,-jAta
mw,169913.60,yaTArTavarRa,cf,-˚rha-v˚
mw,170227,yadu,cf,yAdava
mw,170303,yantra,cf,kUpa-
mw,170372,yantrita,cf,a-
mw,170381,yantriRI,cf,yantraRI
mw,170394,yama,cf,-dUtaka
mw,170405,yamakowi,cf,yava-kowi
mw,170445,yamadvIpa,cf,yava-d˚
mw,170564,yamalaSAnti,cf,-jananaS˚
mw,170574,yamAnikA,cf,kzetra-y˚
mw,170578,yamita,cf,a-yamita
mw,170678,yavanAlaja,cf,yava-kzAra
mw,170814,yavanikA,cf,javanikA
mw,170824,yavAza,cf,ye/vAza
mw,170896,yaSoda,cf,yaSo-DA
mw,170970,yazwi,cf,maRi-
mw,170976,yazwigfha,cf,-grAma
mw,170980,yazwinivAsa,cf,vAsayazwi
mw,170981,yazwiprAna,cf,yazwy-utTAna
mw,171002,yas,cf,yez
mw,171003,yaska,cf,yAska
mw,171004,yasta,cf,A-
mw,171018,yA,cf,yApita
mw,171070,yAtrA,cf,gaNgA-
mw,171071,yAtrA,cf,deva-y˚
mw,171078,yAtrA,cf,yoga-y˚
mw,171092.1,yAtrAsaMDAna,cf,saMDAya-gamana
mw,171100,yAtrika,cf,yAtrA
mw,171138,yApanIya,cf,˚pana
mw,171171,yAmavatI,cf,yAminI
mw,171217,yAvan,cf,akzRa-
mw,171235,yAgasUtra,cf,yajYa-sUtra
mw,171272,yAj,cf,hayameDa-yAj
mw,171277,yAjaka,cf,grAma-
mw,171342,yAjuza,cf,tEttirIya-saMhitA
mw,171346,yAt,cf,tA/t
mw,171347,yAcCrezWa,cf,yAvac-Cr˚
mw,171408,yAdavakoSa,cf,yAdava-prakASa
mw,171467,yAmya,cf,dakziRa
mw,171472,yAmyA,cf,yAmyA
mw,171487,yAmala,cf,rudra-yAmala
mw,171682,yu,cf,yuC
mw,171694,yu,cf,yuj
mw,171730,yuC,cf,pra-√ yuC
mw,171752,yuktA,cf,yukta-rasA
mw,171866,yugapad,cf,yuga-Sa/ram
mw,171882,yugaSaram,cf,-pad
mw,171926,yugma,cf,yuga
mw,171962,yuj,cf,aSva-
mw,172009,yut,cf,jut
mw,172012,yuD,cf,yavIyu/D
mw,172090,yuDAji,cf,yODAjaya
mw,172139,yup,cf,yUpa
mw,172141,yupita,cf,a/-yupita
mw,172142,yopana,cf,jana-
mw,172175,yuvamArin,cf,a-yuvam˚
mw,172188,yuvati,cf,yuvA/
mw,172230,yuzmAka,cf,yuzmAkam
mw,172309,yUz,cf,jUz
mw,172312,yUs,cf,yU
mw,172318,yevAza,cf,yavAza
mw,172333,yoga,cf,yoga-nanda
mw,172358,yoga,cf,yoga-viBAga
mw,172373,yogakzema,cf,kzema-yoga
mw,172660,yogitA,cf,yogin
mw,172742,yojaka,cf,yudDa-y˚
mw,172765,yojanaka,cf,padayojanikA
mw,172827,yoDya,cf,a-y˚
mw,172834,yoni,cf,yonI-pozaRa
mw,172885,yonin,cf,nIca-y˚
mw,172888,yozaRA,cf,yuvan
mw,172930,yOgikarUQa,cf,yoga-r˚
mw,172935,yOw,cf,yowaka
mw,172935.1,yOq,cf,yOw
mw,173004,yOziRya,cf,yozan
mw,173007,yvAgulI,cf,yavAgU
mw,173028,raMh,cf,laNG
mw,173053,rakza,cf,kzetra-
mw,173064,rakzaka,cf,aNga-
mw,173091,rakzA,cf,mahA-r˚
mw,173169,rakzohan,cf,rakzo-Gna
mw,173179,raK,cf,raNK
mw,173182,raGu,cf,laGu
mw,173223,raGuvaMSa,cf,mahA-kAvya
mw,173239,raGusyada,cf,-zyad
mw,173260,raNK,cf,raK
mw,173263,raNG,cf,raMh
mw,173276,racana,cf,keSa-r˚
mw,173307,raji,cf,fju
mw,173308,rajizWa,cf,f/jizWa
mw,173312,rajju,cf,rasanA
mw,173345,rakta,cf,raNga
mw,173744,rakti,cf,raktikA
mw,173860,raja,cf,nI-
mw,173963,rajas,cf,go-r˚
mw,174033,raYjana,cf,jana-raYjanI
mw,174062,raYjinI,cf,raYjanI
mw,174071,raW,cf,raw
mw,174075,raR,cf,ram
mw,174196,raRvita,cf,raRv
mw,174210,raRqa,cf,baRqa
mw,174222,raRv,cf,ramb
mw,174226,ratU,cf,ft
mw,174231,ratna,cf,maRi
mw,174429,ratnahavis,cf,ratni/n
mw,174430,ratnahasta,cf,-garBa
mw,174660,raTaspati,cf,va/nas-pa/ti
mw,174699,raTAraTi,cf,naKA-naKi
mw,174786,raTa,cf,mano-raTa
mw,174809,raD,cf,rAD
mw,174825,ranDas,cf,rAnDasa
mw,174842,ranDra,cf,upa-r˚
mw,174843,ranDra,cf,Cidra
mw,174860,rap,cf,lap
mw,174862,rapas,cf,repas
mw,174867,raP,cf,fP
mw,174870,raB,cf,graB
mw,174870,raB,cf,raBas
mw,174870,raB,cf,anv-A-
mw,174921,ramBAvrata,cf,-tftIyA
mw,175029,ratimadA,cf,rate-m˚
mw,175086,rama,cf,mano-r˚
mw,175097,ramaRa,cf,kzapA-r˚
mw,175106,ramaRa,cf,ramaWa
mw,175212,ramra,cf,ramaRa
mw,175238,ramP,cf,fP
mw,175239,ramb,cf,lamb
mw,175240,ramb,cf,raRv
mw,175250,ray,cf,lay
mw,175253,raya,cf,saMvatsarar˚
mw,175276,rayivat,cf,revat
mw,175288,rayyAvawwa,cf,raTAvawwa
mw,175297,rarP,cf,raP
mw,175407.1,ravizeRa,cf,mihira-lakzmI
mw,175410,ravisaMjYaka,cf,-loha
mw,175433,raSanAkalApa,cf,raSmi-kalApa
mw,175443,raSmi,cf,raSanA
mw,175468,raSmirAja,cf,raSmi-pa/ti
mw,175474,raSman,cf,a-raSma/n
mw,175500,rasa,cf,upa-
mw,175658,rasaratna,cf,-maya
mw,175842,rasA,cf,-tala
mw,175880,rasika,cf,a-r˚
mw,175905,rasikA,cf,raSanA
mw,175920,rasuna,cf,laSuna
mw,176039,rAta,cf,asmad-
mw,176048,rAvan,cf,a-r˚
mw,176051,rAkiRI,cf,qAkinI
mw,176087,rAK,cf,lAK
mw,176089,rAga,cf,mUrDaja-r˚
mw,176161,rAgazAqava,cf,rAga-KARqava
mw,176194,rAG,cf,lAG
mw,176246,rAj,cf,raj
mw,176246,rAj,cf,rAjita
mw,176247.2,rAj,cf,SaNKa-r˚
mw,176394,rAjaDustUraka,cf,-DattUra
mw,176566,rAjayoga,cf,yoga
mw,176591,rAjarzi,cf,devarzi
mw,176795,rAjAvarta,cf,rAja-v˚
mw,176834,rAjan,cf,rAjanya
mw,176960,rAji,cf,rAjI
mw,177014,rAWa,cf,rAQa
mw,177020,rAQa,cf,rAWa
mw,177024,rARa,cf,rAja-rARaka
mw,177029,rARikA,cf,rAja-rARaka
mw,177047,rAtula,cf,rAhula
mw,177117,rAtra,cf,ati-
mw,177118,rAtraka,cf,paYca-r˚
mw,177122,rAtrika,cf,eka-
mw,177153,rAD,cf,fD
mw,177153,rAD,cf,rADyate
mw,177153.1,rAD,cf,iraD
mw,177186,rADA,cf,nakzatra
mw,177188,rADA,cf,-BeDin
mw,177202,rADAjanmAzwamI,cf,kfzRa-j˚
mw,177211,rADABedin,cf,-veDin
mw,177229,rADAveDin,cf,rADA
mw,177230,rADAveDin,cf,-Bedin
mw,177241,rADi,cf,kfzwa/rADi
mw,177264,rAma,cf,rAtri
mw,177533,rAmasaras,cf,-hrada
mw,177713,rAyaBAwI,cf,raya
mw,177776,rASika,cf,rASi
mw,177841,rAzwrIya,cf,rAzwriya
mw,177846,rAsa,cf,rAsaka
mw,177885,rAsnA,cf,raSanA
mw,177899,rAhu,cf,graha
mw,177899,rAhu,cf,graha
mw,177945,ri,cf,ati-ri
mw,177953,riK,cf,riNK
mw,177953,riK,cf,A-√ riK
mw,177968,riNg,cf,riNK
mw,178032,riwi,cf,BfNgi-
mw,178040,rip,cf,lip
mw,178040,rip,cf,ripta/
mw,178088,riP,cf,rimP
mw,178088,riP,cf,rePa
mw,178094,rePa,cf,repa
mw,178101,rePas,cf,repas
mw,178104,riBvan,cf,rihvan
mw,178109,reBA,cf,reBAya
mw,178117,rimP,cf,riP
mw,178128,rirI,cf,rIrI
mw,178131,riS,cf,riz
mw,178131,riS,cf,riz
mw,178139,riz,cf,riS
mw,178139,riz,cf,riS
mw,178147,rizwa,cf,a/rizwa
mw,178149,rizwa,cf,rizwi
mw,178150,rizwa,cf,a-rizwa
mw,178158,rizwatAti,cf,Siva-tAti
mw,178174,rihAyas,cf,riBvan
mw,178176,rIQA,cf,avalIQA
mw,178179,rI,cf,li
mw,178204,rIjyA,cf,rIQA
mw,178235,ruMz,cf,aDi-
mw,178240,rukza,cf,vfkza
mw,178367,rucitA,cf,-samAna-r˚
mw,178469,ruja,cf,valaM-r˚
mw,178488,ruw,cf,ruW
mw,178489,ruW,cf,ruw
mw,178493,ruRW,cf,luRW
mw,178506,rud,cf,rurudizA
mw,178522,rudra,cf,rudrI
mw,178527,rudra,cf,BavA-r˚
mw,178529,rudra,cf,rudra-japa
mw,178603,rudraputra,cf,-sAvarRi
mw,178660,rudrasAvarRi,cf,-putra
mw,178672,rudrasfzwi,cf,-sarga
mw,178685,rudrahUti,cf,rudra/-hotf
mw,178688,rudrahotf,cf,rudra/-hUti
mw,178732,rudriya,cf,Sata-r˚
mw,178733,rudriya,cf,rudra/
mw,178751,ruD,cf,nada
mw,178755,ruD,cf,ruDat
mw,178779,ruDikrA,cf,daDi-krA
mw,178790,roDa,cf,roDas
mw,178812,roDas,cf,tawa
mw,178824,ruDira,cf,rohita
mw,178829,ruDira,cf,Sonita-pura
mw,178856,rup,cf,lup
mw,178878,ruru,cf,rOrava
mw,178899,ruvu,cf,uruvu
mw,178900,ruvuka,cf,rUvuka
mw,178902,ruS,cf,ruz
mw,178905,ruSaNgu,cf,ruzaNgu
mw,178910.1,ruSadgu,cf,ruSaNgu
mw,178916,ruz,cf,ruS
mw,178916,ruz,cf,ruzat
mw,178916,ruz,cf,ruzat
mw,178922,ruzadraTa,cf,ruSad-r˚
mw,178960,ruh,cf,ropita
mw,178962,ruh,cf,amBo-
mw,178963,ruha,cf,aNga-
mw,179062,rUpa,cf,Gora-r˚
mw,179118,rUpaDara,cf,kAma-r˚
mw,179125,rUpaDft,cf,viviDa-r˚
mw,179127,rUpaDeya,cf,nAma-D˚
mw,179215,rUpaka,cf,-tAla
mw,179275,rUvuka,cf,ruvuka
mw,179278,rUza,cf,rUkza
mw,179289,rUzita,cf,rUkza
mw,179295,reka,cf,Beka
mw,179322,recana,cf,reca
mw,179327,recanaka,cf,recin
mw,179334,recin,cf,recanaka
mw,179348,reKA,cf,-mAtram
mw,179363,rej,cf,rAj
mw,179377,reRu,cf,reRukA
mw,179383,reRukakAwa,cf,kakAwikA
mw,179410,reRukA,cf,reRu
mw,179411,reRukA,cf,reRu-kArikA
mw,179446,retasa,cf,agni-
mw,179465,retra,cf,vetra
mw,179479,rerihARa,cf,lelihAna
mw,179502,revata,cf,revataka
mw,179504,revata,cf,reva
mw,179520,reza,cf,raTa-r˚
mw,179540,rAyaspoza,cf,bahu-r˚
mw,179589,rEkva,cf,rayikva
mw,179701,rogAKya,cf,roga
mw,179715,rogAhvaya,cf,roga
mw,179743,rocakin,cf,a-roc˚
mw,179787,rocas,cf,sva/-r˚
mw,179799,rocuka,cf,arocuka/
mw,179800,rocya,cf,ro/c
mw,179805,roq,cf,loq
mw,179805,roq,cf,rOq
mw,179814,rodas,cf,rodasI/
mw,179851,ropaka,cf,rUpaka
mw,179873,roma,cf,bfhad-roma
mw,179890,romaka,cf,rOmaka
mw,179893,roman,cf,loman
mw,179894,roman,cf,mayUra-r˚
mw,179899,romakUpa,cf,-ranDra
mw,179902,romagucCa,cf,cAmara
mw,179960,romAlI,cf,roma-rAji
mw,179971,roma,cf,a-
mw,179974,romaSa,cf,lomaSa
mw,180018,roha,cf,aSva-r˚
mw,180039,rohaRa,cf,kzata-r˚
mw,180114,rohiRIzeRa,cf,rohiRi-z˚
mw,180126,rohita,cf,lohita
mw,180170,rohidaSva,cf,rOhidaSva
mw,180194,rOw,cf,roq
mw,180203,rOdradarSana,cf,rudra-d˚
mw,180239,rOmya,cf,rOma
mw,180246,rOmaharzaRaka,cf,lOma-h˚
mw,180247,rOmaharzaRi,cf,lOma-h˚
mw,180264,rOSadaSva,cf,rOhidaSva
mw,180295,rOhidaSva,cf,rOSadaSva
mw,180296,rOhiz,cf,rohiz
mw,180313,la,cf,lava
mw,180316,lak,cf,rak
mw,180326,lakta,cf,gUTa-l˚
mw,180332,lakza,cf,labDa-l˚
mw,180332,lakza,cf,AkASa-badDa-lakza
mw,180333,lakza,cf,-supta
mw,180365,lakzaveDin,cf,lakzya-v˚
mw,180413,lakzaRalakzaRA,cf,lakzaRA
mw,180521,lakzmI,cf,lakzmIka
mw,180540,lakzmIkAnta,cf,kallAleSo lakzmI-k˚
mw,180659,lakzmIka,cf,gata-
mw,180675,lakzya,cf,-supta
mw,180692,lakzyaveDin,cf,lakza-veDin
mw,180694,lakzyasupta,cf,lakza-sapta
mw,180700,lakzyIkf,cf,lakzI-√ kf
mw,180702,laK,cf,laNK
mw,180704,lag,cf,lakz
mw,180760,lagAlikA,cf,nagAnikA
mw,180761,lagaqa,cf,laqaha
mw,180767,laguqa,cf,lakuwa
mw,181095,laNkeSvara,cf,laNkA-nATa
mw,181104,laNK,cf,laK
mw,181109,laNgana,cf,laNGana
mw,181121,laNG,cf,raMh
mw,181150,laC,cf,lakz
mw,181152,laj,cf,lajj
mw,181187,lajjinI,cf,lajjarI
mw,181193,laYj,cf,luYj
mw,181202,law,cf,raw
mw,181209,lawwa,cf,laqqa
mw,181234,laq,cf,lal
mw,181237,laqaha,cf,lawaBa
mw,181242,laqqa,cf,lawwa
mw,181246,laRq,cf,olaRq
mw,181247,laRqa,cf,leRqa
mw,181250,latA,cf,BrU-l˚
mw,181330,latu,cf,lAtavya
mw,181338,lap,cf,rap
mw,181359,laB,cf,raB
mw,181359,laB,cf,lamBita
mw,181362,labDa,cf,labDi
mw,181433,lamBaka,cf,varza-lamBaka
mw,181485,lampApawaha,cf,lambA-p˚
mw,181486,lamPa,cf,Jampa
mw,181545,lambikA,cf,lambikA-kokilA
mw,181577,lambuka,cf,lambaka
mw,181583,lay,cf,ray
mw,181587,lal,cf,laq
mw,181637,lalita,cf,-pura
mw,181726,lAlasiMha,cf,lalla
mw,181753,lAlika,cf,lAvika
mw,181790,lalAwya,cf,rarAtya
mw,181834,lava,cf,padAti-l˚
mw,181840,lava,cf,lala
mw,181842,lava,cf,kuSI-lava
mw,181881,lavya,cf,eka-
mw,181893,lavaRA,cf,lAvaRya
mw,181982,laSuna,cf,rasuna
mw,181985,laz,cf,las
mw,181992,las,cf,ras
mw,181992,las,cf,laS
mw,181994,lasa,cf,a-lasa/
mw,182003,lasikA,cf,lasIkA
mw,182015,lAsa,cf,rAsa
mw,182033,lAsin,cf,raNga-lAsinI
mw,182049,lahika,cf,kahika
mw,182050,lahoqa,cf,kahoqa
mw,182057,lAti,cf,deva-l˚
mw,182059,lAkinI,cf,qAkinI
mw,182070,lAkzA,cf,rAkzA
mw,182116,lANgala,cf,lag
mw,182122,lANgala,cf,lANgUla
mw,182143,lANgalaka,cf,paYca-l˚
mw,182144,lANgalakamArga,cf,lANgala-padDati
mw,182151,lANgalin,cf,PAla-kuddAla-l˚
mw,182160,lANgulinI,cf,lANgUlinI
mw,182161,lANgulegfhya,cf,lANgale-gfhya
mw,182173,lANgUlinI,cf,lANgulinI
mw,182184,lAYC,cf,laC
mw,182220,lAq,cf,laq
mw,182246,lAbukI,cf,alAbu-vIRA
mw,182287,lAvaRika,cf,uda-
mw,182357,leKa,cf,reKa
mw,182358,leKa,cf,kUwa-l˚
mw,182397,leKanI,cf,Gfta-l˚
mw,182409,leKanika,cf,leKIlaka
mw,182414,leKA,cf,reKA
mw,182415,leKA,cf,candra-
mw,182417,leKA,cf,mfga-
mw,182431,leKiRI,cf,leKana
mw,182475,liNK,cf,laK
mw,182476,liNg,cf,A-√ liNg
mw,182477,liNga,cf,lakza
mw,182483,liNga,cf,puM-l˚
mw,182486,liNga,cf,kAvya-l˚
mw,182514,liNgaDara,cf,suhfl-l˚
mw,182576,liNgABawwIya,cf,liNga-B˚
mw,182595,liNgin,cf,dvija-l˚
mw,182615,lip,cf,rip
mw,182659,limpawa,cf,lampawa
mw,182707,lizwa,cf,vi-lizwa
mw,182721,lezwu,cf,lozwa
mw,182727,lih,cf,maDu-l˚
mw,182753,lI,cf,rI
mw,182753,lI,cf,lelAya
mw,182758,laya,cf,a-laya
mw,182780,layaSudDa,cf,laya
mw,182901,luw,cf,rut
mw,182903,lowana,cf,loqana
mw,182921,loWitaka,cf,loRitaka
mw,182926,luRw,cf,ruRw
mw,182935,luRW,cf,ruRW
mw,182935,luRW,cf,nir-
mw,182956,lup,cf,rup
mw,182964,lupta,cf,SaSa-l˚
mw,183003,lopin,cf,maDyama-pada-t˚
mw,183021,lubDaka,cf,mfga-vyADa
mw,183105,lolat,cf,lul
mw,183120,luz,cf,lUs
mw,183124,luh,cf,luB
mw,183133,lU,cf,eka-lU
mw,183141,lUna,cf,lUma
mw,183177,lUma,cf,lUna
mw,183181,lUz,cf,luz
mw,183195,leRqa,cf,laRqa
mw,183196,leta,cf,lota
mw,183496,lokAntAdri,cf,cakra-vAla
mw,183516,lokAloka,cf,cakra-vAla
mw,183559,logAkza,cf,lOgAkzi
mw,183563,loca,cf,lota
mw,183624,loRitaka,cf,loWitaka
mw,183625,lota,cf,leta
mw,183631,loDa,cf,ruDira
mw,183673,lomaharza,cf,romah˚
mw,183729,lomASa,cf,lomaSA
mw,183733,lolamba,cf,rolamba
mw,183734,lolikA,cf,lowikA
mw,183742,loluBa,cf,lolupa
mw,183780,loha,cf,rohi
mw,183821,lohatAraRI,cf,-cAriRI
mw,183890,lohAsava,cf,lOhAsava
mw,183900,lohita,cf,rohita
mw,183961,lohitapittin,cf,rakta-p˚
mw,184064,lOkika,cf,brahma-l˚
mw,184086,lOq,cf,low
mw,184109,lOSa,cf,lOpsa
mw,184116,lOhacAraka,cf,loha-dAraka
mw,184140,lOhitya,cf,lohitya
mw,184160,vaMSa,cf,prAcIna-v˚
mw,184177,vaMSakaWina,cf,vAMSakaTinika
mw,184223,vaMSanAlikA,cf,nAqikA
mw,184316,vaMSin,cf,sva-v˚
mw,184320,vaMSI,cf,vaMSika
mw,184329,vaMSIvAdya,cf,vaMSi-v˚
mw,184391,vakratAla,cf,-nAla
mw,184412,vakranAla,cf,-tAla
mw,184490,vaNkasena,cf,vaNga-s˚
mw,184526,vakzaRa,cf,vi-
mw,184528,vakzaRa,cf,vakzas
mw,184538,vakzas,cf,vakzaRa
mw,184540,vakzaskAra,cf,karaRqaka
mw,184554,vakzu,cf,vaNkzu
mw,184556,vaK,cf,vaNK
mw,184574,vaNkzu,cf,vaNka
mw,184575,vaNkzu,cf,vakzu
mw,184576,vaNK,cf,vaK
mw,184596,vaNgasena,cf,vaNka-s˚
mw,184603,vaNgana,cf,vaNga
mw,184614,vaNGa,cf,vaNga
mw,184628,vakti,cf,ukti
mw,184658,vaktratAla,cf,vakra-t˚
mw,184659,vaktratuRqa,cf,vakra-t˚
mw,184721,vacana,cf,eka-
mw,184800,vajra,cf,-vyUha
mw,184804,vajra,cf,-lepa
mw,184823,vajra,cf,vAkya-
mw,184849,vajrakIwa,cf,-daMzwra
mw,184864,vajracaYcu,cf,-tuRqa
mw,184875,vajraRaKA,cf,-naKa
mw,184922,vajranaKa,cf,-RaKA
mw,184933.1,vajrapaYjara,cf,nfsiMha-paYjara
mw,184951,vajrapura,cf,-nagara
mw,185008,vajravArAhI,cf,-kAlikA
mw,185067,vajrAKya,cf,vajra-pAzARa
mw,185114,vajrivat,cf,adri-vas
mw,185124,vajaARa,cf,vajra-hURa
mw,185141,vaYcanA,cf,SIla-v˚
mw,185176,vawa,cf,nyag-roDa
mw,185206,vawAkara,cf,vawAraka
mw,185208,vawASraya,cf,vawavAsin
mw,185247,vawara,cf,vAwara
mw,185248,vawAku,cf,vAwAkavi
mw,185254,vawwaka,cf,vawaka
mw,185257,vaWara,cf,vawara
mw,185266,vaqabA,cf,aSvinI
mw,185275,vaqabAgni,cf,Orva
mw,185291,vadaBIkAra,cf,bABI-kara
mw,185301,vaRa,cf,Dig-v˚
mw,185344,vaRwa,cf,baRqa
mw,185371,vaRqara,cf,baRqa
mw,185380,vataRqa,cf,taRqa-vataRqa
mw,185410.55,vatsa,cf,vatsara
mw,185481,vatsaka,cf,vatsa
mw,185508,vatsAra,cf,vatsara
mw,185558,vadAvada,cf,carAcara
mw,185558,vadAvada,cf,a-vadAvada
mw,185571,vadAma,cf,bAdAma
mw,185575,vadi,cf,vadya
mw,185579,vaD,cf,bAD
mw,185604,vaDaBUmi,cf,vaDya-B˚
mw,185660,vaDryaSva,cf,vADryaSva
mw,185664,vaDU,cf,UQA
mw,185668,vaDU,cf,vaDU/-mat
mw,185691,vaDUka,cf,sa-v˚
mw,185700,vaDyoza,cf,baDyoga
mw,185701,vaDra,cf,banD
mw,185710,van,cf,saM-√ van
mw,185710,van,cf,vanIvan
mw,185719,vana,cf,araRya
mw,185768,vanagrahaRa,cf,-grAhin
mw,185771,vanagrAhin,cf,-grahaRa
mw,185947,vanavAsya,cf,-vAsin
mw,186075,vanas,cf,yajYa-vanas
mw,186076,vanas,cf,vanar
mw,186086.1,vani,cf,rAyas-poza-v˚
mw,186097,vanitArAjya,cf,strI-r˚
mw,186101,vanitf,cf,vantf/
mw,186128,vanekiMSuka,cf,bilvaka
mw,186133,vanebilvaka,cf,-kiMSuka
mw,186138,vanesad,cf,vanasad
mw,186142,vantf,cf,va/nitri
mw,186155,vanya,cf,cakzur-v˚
mw,186179,vand,cf,vad
mw,186246,vanDura,cf,tri-v˚
mw,186392,vaprI,cf,vamrI
mw,186393,vapra,cf,varDra
mw,186455,vamra,cf,vAmI
mw,186470,vayam,cf,asma
mw,186474,vayas,cf,vIti
mw,186517,vayuna,cf,a-vayuna
mw,186588,varaRqa,cf,-lambuka
mw,186622,varAwI,cf,varAdI
mw,186629,varAqi,cf,varAwI
mw,186635,varARasI,cf,varaRasI
mw,186668,varuRa,cf,loka-pAla
mw,186674,varuRa,cf,varaRa
mw,186766,varUTin,cf,lalanA-v˚
mw,186825,varadA,cf,vara-pradA
mw,186920,varavarRa,cf,su-v˚
mw,186993,varAli,cf,varAqI
mw,186994,varAlikA,cf,vAr˚
mw,187023,varawa,cf,varuwa
mw,187128,varAhapurARa,cf,purARa
mw,187162,varI,cf,vAr
mw,187171,varIzu,cf,ravIzu
mw,187183,vareRa,cf,varola
mw,187198.10,varga,cf,varga-dvitIya
mw,187198.25,varga,cf,maRqala
mw,187198.30,varga,cf,Binna-v˚
mw,187224,vargIya,cf,arTa-
mw,187225,vargya,cf,mad-v˚
mw,187264,varcasa,cf,brahma-v˚
mw,187304,varRa,cf,-tAla
mw,187404,varRavftta,cf,mAtrA-vftta
mw,187471,varRakacitrita,cf,varRa-c˚
mw,187487,varRanIya,cf,SoRita-v˚
mw,187520,varRyasama,cf,a-varRya-sama
mw,187525,varRu,cf,vArRava
mw,187533,vartaka,cf,guru-v˚
mw,187567,vartani,cf,vartman
mw,187597,vartI,cf,mUtra-v˚
mw,187605,vartikA,cf,yoga-v˚
mw,187606,vartikA,cf,citra-v˚
mw,187624,vartin,cf,nideSa-v˚
mw,187626,vartin,cf,guru-v˚
mw,187669,vartman,cf,dyUta-v˚
mw,187681,varDa,cf,varDra
mw,187687,varDana,cf,puRqra-v˚
mw,187721,varDanI,cf,vArDani
mw,187787.1,varDman,cf,antra-varDman
mw,187812,varmahara,cf,kavaca-h˚
mw,187845,varza,cf,varzA
mw,188035,varzuka,cf,ratna-v˚
mw,188075,val,cf,bal
mw,188090,valaka,cf,balaka
mw,188125,vali,cf,bali
mw,188125,vali,cf,tri-v˚
mw,188155,valIka,cf,tri-valIka
mw,188189,valkala,cf,bAzkala
mw,188244,valB,cf,valg
mw,188248,valmI,cf,vamra
mw,188250,valmIkUwa,cf,vamrI-kUwa
mw,188253,valmIka,cf,vamrI-kUwa
mw,188271,vall,cf,val
mw,188280,vallaka,cf,vallaBaka
mw,188324,vallaBaka,cf,vallaka
mw,188325,vallaBAyita,cf,puruzAyiSa
mw,188344,vallija,cf,vallI-ja
mw,188351,vallikA,cf,aNGri-vallikA
mw,188380,valh,cf,barh
mw,188380.1,balh,cf,barh
mw,188384,vavUla,cf,vavvola
mw,188393,vavvola,cf,vavUla
mw,188398,vaSa,cf,veSa
mw,188448,vaSAyAta,cf,mArga-v˚
mw,188470,vaSika,cf,vaSi/n
mw,188498,vaSIra,cf,vasira
mw,188521,vaSa,cf,vasA
mw,188542,vaSIra,cf,vasira
mw,188560.1,vas,cf,vasar
mw,188668,vasAti,cf,uzA
mw,188674,vasizWa,cf,va/sIyas
mw,188703,vasIyas,cf,vasizWa
mw,188758,vasutti,cf,Baga-tti
mw,188788,vasudevatA,cf,vasu-devatA
mw,188945,vasuzeRa,cf,karRa
mw,189098,uzitaMgavIna,cf,ASitaM-g˚
mw,189119,vasta,cf,upa-vasta
mw,189128,vastu,cf,-vinimaya
mw,189177,vastya,cf,pastya
mw,189192,vasika,cf,vaSika
mw,189201,vask,cf,vazk
mw,189233,vasnasA,cf,snAyu
mw,189238,vah,cf,vanIvA/hana
mw,189253,vah,cf,anaq-uh
mw,189254,vaha,cf,ganDa-
mw,189255,vaha,cf,para-loka-v˚
mw,189259,vaha,cf,dur-
mw,189356,vahniDOta,cf,-SudDa
mw,189432,vahedaka,cf,bahewaka
mw,189436,vA,cf,vAjaya
mw,189438,vAta,cf,vAyu
mw,189500,vAtapaRqa,cf,vAtaka-piRqaka
mw,189521,vAtaprameha,cf,vAta-meha
mw,189539,vAtarakta,cf,-SoRita
mw,189558,vAtavat,cf,vAtA/-vat
mw,189559,vAtavat,cf,vAtavata
mw,189586,vAtasuta,cf,-putra
mw,189613,vAtAda,cf,bAqAma
mw,189639,vAtAvat,cf,vAtAvata
mw,189665,vAtakapiRqaka,cf,vAta-paRqa
mw,189704,vAtika,cf,vAtIka
mw,189716,vAtIka,cf,vAtika
mw,189734,vAtUla,cf,vAtula
mw,189744,vAna,cf,nir-vARa
mw,189763,vAkinI,cf,qAkinI
mw,189782,vAgAyana,cf,vAgmAyana
mw,189801,vANkz,cf,kANkz
mw,189867,vAkSalya,cf,-Calya
mw,189878,vAka,cf,cakra-v˚
mw,190116,vAgya,cf,vAg-yata
mw,190272,vAja,cf,ugra
mw,190272,vAja,cf,sahasA
mw,190291.1,vAjeBis,cf,sahasA
mw,190295,vAjaganDya,cf,gaDA
mw,190363,vAjaya,cf,vaj
mw,190382,vAjasaneyisaMhitA,cf,vAjin
mw,190398,vAjipIta,cf,vAja-p˚
mw,190414,vAjivizWA,cf,aSva-tTa
mw,190419,vAjita,cf,gfDra-v˚
mw,190427,vAjin,cf,aSva
mw,190461,vAYC,cf,van
mw,190515,vAwya,cf,vawwaka
mw,190524,vAwara,cf,vawara
mw,190527,vAwwaka,cf,vAwya
mw,190530.3,vAqaba,cf,vAqabya
mw,190561,vARin,cf,bARin
mw,190601,vARijyaka,cf,Darma-v˚
mw,190602,vARI,cf,vARi
mw,190605,vARyavida,cf,vAyovida
mw,190607,vAt,cf,vAtaya
mw,190609,vAta,cf,vivasvad-v˚
mw,190619,vAtAma,cf,bAdAma
mw,190796,vAdala,cf,bAdara
mw,190811,vADUla,cf,bADUla
mw,190820,vADrIRasa,cf,varDrARasa
mw,190933,vAnyA,cf,api-
mw,190935,vApadaRqa,cf,vAna-
mw,190951,vApI,cf,krIqA-v˚
mw,190980,vAma,cf,-deva
mw,190993,vAmI,cf,uzwra-v˚
mw,191146,vAmanavrata,cf,vAmana-dvAdaSI-vrata
mw,191229,vAyu,cf,ni-yu/t
mw,191233,vAyu,cf,-grasta
mw,191365,vAyusavitf,cf,vAyosAvitra/
mw,191411,vArgara,cf,vAdgala
mw,191469,vAritas,cf,vArita
mw,191590,vAra,cf,dur-v˚
mw,191590.25,vAra,cf,dina
mw,191590.55,vArA,cf,-kanyakA
mw,191593,vArapASi,cf,-vAsi
mw,191595,vArabARa,cf,bARa-v˚
mw,191596,vArabuzA,cf,vAraRa-busA
mw,191616,vAravAsi,cf,-pASi
mw,191626,vAraka,cf,Sata-vArakam
mw,191689,vAra,cf,aSasta-
mw,191698,vAryavfta,cf,vara-vfta
mw,191710,vArawA,cf,vAralA
mw,191721,vAralA,cf,vArawA
mw,191738,vArAha,cf,-kanda
mw,191785,vAruRa,cf,vAruRi
mw,191867,vArtaka,cf,vartaka
mw,191893,vArttA,cf,vArttAka
mw,191909,vArttAvftti,cf,-karman
mw,191933,vArttika,cf,tantra-v˚
mw,191951,vArtantavIya,cf,vAratantavIya
mw,191956,vArdara,cf,bAdara
mw,191996,vArbawa,cf,vAvuwa
mw,192027,vArzika,cf,tri-
mw,192100,vAlaDipriya,cf,vAla-priya
mw,192193,vAlukela,cf,elavAluka
mw,192195,vAlUka,cf,vAluka
mw,192207,vAlguda,cf,vAg-guda
mw,192225,vAlvaNgiri,cf,vAluka
mw,192243,vAvuwa,cf,vArbawa
mw,192255,vASana,cf,Gora-v˚
mw,192259,vASin,cf,Gora-v˚
mw,192280,vASurA,cf,vAsurA
mw,192304,vAsa,cf,kfzRavAsa
mw,192311,vAsaka,cf,aSudDa-v˚
mw,192316,vAsas,cf,vAso-yuga
mw,192317,vAsas,cf,barhiRa-v˚
mw,192355,vAsasajjA,cf,vAsaka-s˚
mw,192361,vAsakasajjA,cf,vAsa-sajjA
mw,192488,vAsi,cf,vASI
mw,192530,vAsuBa,cf,vasuBa
mw,192575,vAsurA,cf,vASurA
mw,192602,vAstu,cf,-maya
mw,192668,vAstuhoma,cf,-yAga
mw,192695,vAsra,cf,vAsara
mw,192697,vAh,cf,pra-√ vAh
mw,192727,vAhaka,cf,vAhyakI
mw,192754,vAhas,cf,ukTa-
mw,192775,vAhitTa,cf,aSvatTa
mw,192788,vAhinI,cf,akzOhiRI
mw,192804,vAhya,cf,bAhya
mw,192812,vAhyakI,cf,vAhaka
mw,192815,vAhawa,cf,bAhawa
mw,192832,vi,cf,vi-√ Bid
mw,192832.1,vi,cf,vi-citra
mw,192832.1,vi,cf,vi-karAla
mw,192832.1,vi,cf,vi-viDa
mw,192832.1,vi,cf,vi-loma
mw,192832.1,vi,cf,vi-SIla
mw,192832.1,vi,cf,vi-kacCa
mw,192832.2,vi,cf,vi-jAmi
mw,192834,vikakara,cf,-kakara
mw,193064.3,vitanu,cf,anaNga
mw,193073,vitala,cf,pAtAla
mw,193115,vidArva,cf,vi-darvya
mw,193296,vipriya,cf,-preman
mw,193297,vipreman,cf,-priya
mw,193315,viBaNgi,cf,BaNgi
mw,193563,viSaNkawa,cf,-saMkawa
mw,193581,viSAKala,cf,viSAKa
mw,193655,vizkanDa,cf,sa/M-skanDa
mw,193797,vikawa,cf,ut-
mw,193873,vikas,cf,vi/-kasta
mw,193873,vikas,cf,vikasita
mw,193910,vikANkzA,cf,vi-kANkza
mw,193942,vikusuka,cf,vi/-kasuka
mw,194146,vikalpita,cf,a-vikalpa
mw,194227,vikramAditya,cf,saMvat
mw,194249,vikrAntivarman,cf,viSrAnti-v˚
mw,194399,vikzoBa,cf,a/-v˚
mw,194414,viKAnasa,cf,vEKAnasa
mw,194416,viKanas,cf,vi-KAnasa
mw,194445,vigata,cf,vidUra-vigata
mw,194453,vigatadvaMdva,cf,dvaMdva
mw,194514,vigAha,cf,dur-vigAha
mw,194519,vigulPa,cf,vi-Palka
mw,194535,vigrah,cf,vi-graha
mw,194542,vigraha,cf,vi-√ grah
mw,194544,vigraha,cf,jamad-agni
mw,194580,viGaww,cf,vi-√ Gaw
mw,194682,vic,cf,vij
mw,194683,vikta,cf,vi-vikta
mw,194895,vicezwA,cf,dur-vicezwa
mw,194949,vicCo,cf,viC
mw,194956,vij,cf,vic
mw,194959,vigra,cf,jiGra
mw,194988,viji,cf,vi-jApayitf
mw,195047,vijaya,cf,-kzetra
mw,195228,vijjalaviqa,cf,vijila-bindu
mw,195231,vijYA,cf,vi-jYIpsu
mw,195337,viw,cf,biw
mw,195395,viq,cf,biw
mw,195397,viqa,cf,viq-lavaRa
mw,195438,viqUraja,cf,vEqurya
mw,195447,vitaMsa,cf,vI-t˚
mw,195548,vitastA,cf,paYca-nada
mw,195619,viT,cf,veT
mw,195619.1,veT,cf,viT
mw,195637,vida,cf,ko-
mw,195638,vida,cf,dur-v˚
mw,195639,vida,cf,bida
mw,195641,vidaBft,cf,vEdaBfta
mw,195653,vidaTin,cf,vEdaTina
mw,195690,vidyA,cf,kAla-jAta-v˚
mw,195697,vidyA,cf,vidyAmaRi
mw,195712,vidyAcaRa,cf,-cuYcu
mw,195865,vidyAvedavratavat,cf,vidyA-vrata-sn˚
mw,195908,vidvattara,cf,viduz-wara
mw,195930,vidvas,cf,vidvat-tara
mw,195939,vid,cf,vivitsita
mw,195994,vidadaSva,cf,vEdadaSvi
mw,196004,vidyamAna,cf,a-vid˚
mw,196053,vidala,cf,bidala
mw,196181,vidfS,cf,vi-√ paS
mw,196225.1,videvam,cf,su-deva
mw,196227,videSa,cf,-sTa
mw,196242,videha,cf,vi-deGa/
mw,196345,vidyudvarRA,cf,vidyutparRA
mw,196448,vidveziRI,cf,˚zaRI
mw,196471,viD,cf,marmA-
mw,196487.2,viDa,cf,vi-DAna
mw,196488,viDA,cf,eka-
mw,196489,viDA,cf,asmad-
mw,196815,vinAha,cf,vI-nAha
mw,196817,vinam,cf,-nAmita
mw,196822,vinata,cf,-nAma
mw,196905,vinAwa,cf,nAqa
mw,196909,viniHSvas,cf,vi-ni-√ Svas
mw,196952,viniGna,cf,ni-Gna
mw,197149,viniSvas,cf,vi-niH-√ Svas
mw,197335,vindu,cf,go-
mw,197357,vinDyanivAsin,cf,-vAsin
mw,197361,vinDyapulika,cf,-culika
mw,197435,vipra,cf,paRqita
mw,197452,vipracit,cf,-citti
mw,197455.2,vipracitti,cf,-cit
mw,197540,vipaYcaya,cf,pra-paYcaya
mw,197761,vipAWa,cf,vi-pAwa
mw,197811,vipulaka,cf,pulaka
mw,197863,vipraSna,cf,vEpraSnika
mw,197866,viprajitti,cf,vipra-citti
mw,197915,vipraduh,cf,pravi-√ duh
mw,198023,vipru,cf,vi-plu
mw,198105,viPalPa,cf,vi-gulPa
mw,198216,viBAga,cf,yoga-v˚
mw,198309,viBAzA,cf,vi-kalpa
mw,198389,viBIdaka,cf,vi-Bedaka
mw,198538.1,viBUzRu,cf,vi-BU
mw,198572,viBrama,cf,-BAzita
mw,198798,vimukta,cf,-SApa
mw,198843,vimocanIya,cf,dunduBi-
mw,198857,vimohana,cf,naraka
mw,198935,vimfz,cf,vi-√ mfS
mw,199034,viyogin,cf,cakravAka
mw,199105,viraNga,cf,vEraNgika
mw,199265,virAD,cf,a-virADayat
mw,199300,viriYca,cf,viraYca
mw,199312,virizwa,cf,vi-lizwa
mw,199335,viroka,cf,nAsA-viroka
mw,199479,viropaRa,cf,vraRa-viropaRa
mw,199503,virUpa,cf,virUpa-cakzus
mw,199531,virUpAkza,cf,tri-locana
mw,199553,vil,cf,pil
mw,199553,vil,cf,bil
mw,199587,vilaNGya,cf,-lakzaRa
mw,199753,vilizwa,cf,vi-rizwa
mw,199773,vilApana,cf,vi-layana
mw,199789,viluW,cf,vi-√ luq
mw,199803,viluRW,cf,vi-√ luW
mw,199814,viluptasAvitrIka,cf,patita-s˚
mw,199820,vilopa,cf,a-vil˚
mw,199839,vilulita,cf,vi-luq
mw,199874,vilowa,cf,vi-loqa
mw,199938,vivAka,cf,prAq-v˚
mw,199980,vivaDa,cf,vaDu
mw,199980,vivaDa,cf,vi-
mw,199980.66,vIvaDA,cf,vfdDa-v˚
mw,200006,vivas,cf,vyuz
mw,200023,vivasvat,cf,-smfti
mw,200091,vivAhya,cf,a-viv˚
mw,200218,vivf,cf,vy-√ UrRu
mw,200292,vivartavAda,cf,pariRAma-vAdA
mw,200322,vivfttA,cf,vi-vritA
mw,200362,viven,cf,a/-vivenat
mw,200400,viSampa,cf,vESampAyana
mw,200450,viSalA,cf,vESAlI
mw,200608,viSeza,cf,viSeza-pratipatti
mw,200609,viSeza,cf,vi-Sezaka
mw,200685.1,viSezaka,cf,pattrav˚
mw,200685.65,viSezaka,cf,yugma
mw,200732,viSIta,cf,vESIti
mw,200744,viSudDa,cf,cakra
mw,200802,viSozaRa,cf,vraRa-viS˚
mw,200838,viSoBagIna,cf,veSa-BagIna
mw,200869,viSrAntavigrahakaTa,cf,vi-graha
mw,200941,viSri,cf,visri
mw,200996,viSva,cf,viSve-deva
mw,201024,viSvakArya,cf,-karman
mw,201116,viSvaDA,cf,viSva/Da
mw,201143,viSvanATaBawwa,cf,-kavi-rAja
mw,201185,viSvapsan,cf,Basad
mw,201189,viSvapsu,cf,viSvA-psu
mw,201233,viSvamAnuza,cf,viSva/-manus
mw,201315,viSvavasu,cf,viSvA/-vasu
mw,201519,viSvadAnIm,cf,tadAnIm
mw,201527,viSvADAyas,cf,viSva-D˚
mw,201530,viSvApsu,cf,viSva/-psu
mw,201533,viSvArAj,cf,viSva-rAj
mw,201565,viSveBojas,cf,viSva-B˚
mw,201566,viSvevedas,cf,viSva-B˚
mw,201624,viwka,cf,karRa-
mw,201646,viz,cf,jarad-vi/z
mw,201650,viza,cf,dur-v˚
mw,201681,vizaGna,cf,-han
mw,201712,vizadarSanamftyuka,cf,viza-mftyu
mw,201726,vizaDAtrI,cf,manasA
mw,201771,vizamftyu,cf,viza-darSana-mftyuka
mw,201819.1,vizAgnipa,cf,viza-kaRWa
mw,201853,vizAsvAda,cf,maDv-ApAta
mw,201868,vizwI,cf,aBi-
mw,201875,vizWABUdAraka,cf,viq-varAha
mw,201979,vizamavilocana,cf,-nayana
mw,202025,vizaya,cf,Sruti-vizaya
mw,202025,vizaya,cf,Sruti-vizaya-guRa
mw,202128,vizARa,cf,KarI-
mw,202135,vizARa,cf,-BUta
mw,202174,vizuva,cf,vizuva/t
mw,202255,vizvadryaYc,cf,tadryaYc
mw,202270,vizka,cf,vikka
mw,202287,vizkamBa,cf,praveSaka
mw,202327,vizwapatraya,cf,loka-tr˚
mw,202398,vizRu,cf,bali
mw,202398,vizRu,cf,vEzRava
mw,202398,vizRu,cf,avatAra
mw,202580,vizRurAta,cf,-datta
mw,202662,vizparDas,cf,vi-√ sparD
mw,202665,vizparDA,cf,vi-sparDA
mw,202668,vizpuliNgaka,cf,vizPuli/Nga
mw,202678,vizyanda,cf,vi-zpanda
mw,202681,vizyandana,cf,vi-zpanda
mw,202689,vizvARa,cf,ava-zvARa
mw,202786,visarga,cf,-cumbana
mw,202793,visargin,cf,loka-vis˚
mw,202812,visarjanIya,cf,vi-sarga
mw,202865,vistara,cf,vi-stAra
mw,202883,vistAra,cf,vi-stara
mw,202921,visparDA,cf,vi-zparDas
mw,202922,vispazwa,cf,vizpa/S
mw,202929,visPar,cf,vi-√ sPur
mw,202955,visPur,cf,vi-√ sPar
mw,202957,visPuraRa,cf,budDi-visPuraRa
mw,202967,visPuliNga,cf,vi-zPuliNga
mw,203047,visraMs,cf,vi-sra/s
mw,203086,visrAvya,cf,a-visr˚
mw,203092,visruh,cf,vI-ruD
mw,203093,visvan,cf,vi-zvan
mw,203118,vihary,cf,a-viharyata-kratu
mw,203167,vihAyas,cf,vi-yat
mw,203168.1,vihAyasaHsTalI,cf,vi-yat
mw,203168.2,vihAyasastala,cf,vi-yat
mw,203202,vihita,cf,su-vihita
mw,203204,vihitakzaRa,cf,kfta-kz˚
mw,203292,vihru,cf,vi-√ hvf
mw,203313,vihvf,cf,vi-√ hru
mw,203313,vihvf,cf,a-vihvarat
mw,203323,vihavyA,cf,˚havIya
mw,203330,vI,cf,deva-vI/
mw,203396,vI,cf,hiraRya-vI/
mw,203397,vIta,cf,kftsna-v˚
mw,203399,vItasUtra,cf,ni-
mw,203520,vItaMsa,cf,vi-t˚
mw,203523,vItta,cf,parI-tta
mw,203549,vInA,cf,vIRA
mw,203765,vIraviruda,cf,SUra-Sloka
mw,203780,vIraSayyA,cf,vIra-sTAna
mw,203783,vIraSAyin,cf,-Saya
mw,203822,vIrahaRa,cf,-han
mw,203886,vIriRa,cf,bIriRa
mw,203892,vIriRI,cf,vIraRI
mw,203947,vIruD,cf,vi-sruh
mw,203970,vuq,cf,vruq
mw,203978,vf,cf,UrRu
mw,204069,vfTApalita,cf,-vfdDa
mw,204083,vfTAvfdDa,cf,-palita
mw,204096,vfka,cf,vfkRa
mw,204110,vfka,cf,vArkeRya
mw,204169,vfkalA,cf,vArkali
mw,204189,vfkzaKaRqa,cf,-zaRqa
mw,204298,vfkzaka,cf,ganDa-
mw,204309,vfj,cf,varjita
mw,204340,vft,cf,vartamAna
mw,204349,vftta,cf,kiM-v˚
mw,204471,vfttAkzepa,cf,BavizyadAkzepa
mw,204508,vftti,cf,uYCa-v˚
mw,204577,vfdDa,cf,vfdDa-kAtyAyana
mw,204622,vfdDacARakya,cf,laGu-cARakya-rAja-nIti
mw,204656,vfdDamanu,cf,bfhan-manu
mw,204661,vfdDayAjYavalkya,cf,bfhad-y˚
mw,204858,vfz,cf,vivarzizu
mw,204873,vfza,cf,vf/Sa
mw,204943,vfzaBAnu,cf,vArzaBAnavI
mw,204960,vfzazaRqa,cf,vfkaKaRqa
mw,204965,vfzasfkkin,cf,viza-SfNgin
mw,204982,vfzAntaka,cf,vfza-Satru
mw,205023,vfzaBara,cf,Bf
mw,205057,vfzadgu,cf,fzad-gu
mw,205067,vfzaBa,cf,fzaBa
mw,205082,vfzaBA,cf,vITi
mw,205156,vfzAgir,cf,varzAgiri
mw,205157,vfzAdarBa,cf,vfza-d˚
mw,205158,vfzAdarBi,cf,vfza-d˚
mw,205163,vfzASIla,cf,vfza-S˚
mw,205177,vfzwa,cf,vfzwi
mw,205180,vfzwi,cf,puzpa-
mw,205181,vfzwi,cf,salila
mw,205183,vfzwi,cf,vfzwa
mw,205210,vfzRa,cf,vfdDa/-vfzRa
mw,205271,ve,cf,Uy
mw,205292,vekawa,cf,vEkawika
mw,205316,vegatara,cf,vega
mw,205351,vegasara,cf,vesara
mw,205423,veqA,cf,vewI
mw,205425,veR,cf,ven
mw,205426,veRa,cf,veRu
mw,205427,veRa,cf,vERa
mw,205436,veRi,cf,eka-veRi
mw,205437,veRi,cf,triv˚
mw,205440,veRimADava,cf,veRI-mADava-banDu
mw,205529,veRuka,cf,veRu-pa
mw,205541,vetaRqa,cf,vitaRqa
mw,205543,vetana,cf,vartana
mw,205551,vetasa,cf,veta
mw,205569,vetasinI,cf,vedasinI
mw,205586,vetAlaBawwa,cf,nava-ratna
mw,205599,vetra,cf,veRu
mw,205634,vetrAvatI,cf,vetra-vatI
mw,205713,vedapadadarpaRa,cf,padapAWa
mw,205755,vedamuKa,cf,-vadana
mw,205771,vedavatI,cf,vedasinI
mw,205774,vedavadana,cf,-muKa
mw,205796,vedavidyAvratasnAta,cf,snAtaka
mw,205826,vedaSiras,cf,-Sira
mw,205936,vedas,cf,keta-
mw,205937,vedANga,cf,yAska
mw,205937,vedANga,cf,sUtra
mw,206027,vedAntasAra,cf,-pradIpa
mw,206064,veditf,cf,sarva-v˚
mw,206066,vedin,cf,sarva-v˚
mw,206132,vedikA,cf,vedaka
mw,206145,vedyAstaraRa,cf,veda-st˚
mw,206149,vedaRqa,cf,vitaRqa
mw,206150,vedamuKya,cf,veDa-m˚
mw,206234,vennA,cf,veRA
mw,206263,vela,cf,vipina
mw,206270,vel,cf,ud-vela
mw,206314,veluva,cf,vela
mw,206318,vella,cf,vellUra
mw,206332,velli,cf,valli
mw,206343,vellUra,cf,vella
mw,206353,veSa,cf,veSavAwa
mw,206366,veSaBagIna,cf,veSo-B˚
mw,206394,veSika,cf,vESika
mw,206397,veSoBagIna,cf,veSa-BaginI
mw,206451,veza,cf,BUta-vezI
mw,206454,veza,cf,prAtar-v˚
mw,206477,vezka,cf,vezwa
mw,206478,vezw,cf,vizw
mw,206488,vezwAvAra,cf,vesavAra
mw,206497,vezwana,cf,aNguli-v˚
mw,206534,vesara,cf,vega-sara
mw,206542,vehAra,cf,vihAra
mw,206558,vEkawika,cf,vekawa
mw,206568,vEkarRa,cf,vEkarReya
mw,206571,vEkarReya,cf,vEkarRa
mw,206709,vEKAraka,cf,Kara
mw,206720,vEGawika,cf,vEkawika
mw,206724,vENki,cf,vEki
mw,206788,vEjAtya,cf,vEyatya
mw,206800,vEqUrya,cf,vidUra-ja
mw,206833,vERAvata,cf,vIRA-vat
mw,206849,vEtaMsika,cf,dyUta-vEt˚
mw,206883,vEtasena,cf,vEtasa/
mw,207054,vEdehI,cf,˚hI-maya
mw,207212,vEDfta,cf,vy-atipAta
mw,207246,vEnaDfta,cf,vEtaDfta
mw,207308,vEpulya,cf,mahA-vEpulya-s˚
mw,207341,vEBAra,cf,vEhAra
mw,207475,vEyApftyakara,cf,vEyAvftti-kara
mw,207513,vEradeya,cf,vIra-d˚
mw,207687,vEla,cf,bEla
mw,207699,vElakzya,cf,sa-vElakzyam
mw,207762,vESalI,cf,vi-SalA
mw,207764,vESasa,cf,vi-Sasana
mw,207950,vESvAnarI,cf,-paTa
mw,207966,vESvAmanasa,cf,vESva-m˚
mw,208004,vEzkira,cf,vizkira-rasa
mw,208010,vEzwuBa,cf,vEzRava
mw,208084,vEzRuta,cf,vETRava
mw,208123,vEhAra,cf,vEBAra
mw,208133,vokkARa,cf,bokaRa
mw,208179,voraka,cf,volaka
mw,208185,volaka,cf,voraka
mw,208201,vyaMsa,cf,vy-aMSa
mw,208202,vyakza,cf,nirakza
mw,208354,vyac,cf,vic
mw,208369,vyajanacAmara,cf,cAmaravyajana
mw,208463,vyaYjana,cf,hInavy˚
mw,208482,vyaqa,cf,vyAqi
mw,208532,vyatipAta,cf,vy-atI-pAta
mw,208669,vyadvara,cf,vyaDvara/
mw,208684,vyaDvara,cf,vy-advara/
mw,208713,vyap,cf,vyay
mw,208767,vyaparopaRa,cf,keSa-vy˚
mw,208842,vyaBicAra,cf,a-vy˚
mw,208859,vyaBicArin,cf,˚ri-BAva
mw,209165,vyavahArapada,cf,-mAtfkA
mw,209171,vyavahArapAda,cf,vyavahArasya praTamaH pAdaH
mw,209172,vyavahAraprApta,cf,-jYa
mw,209238,vyavahftitattva,cf,vyavahAra-t˚
mw,209490,vyAkzepa,cf,a-vy˚
mw,209547,vyAGAraRa,cf,dig-vy˚
mw,209551,vyAGra,cf,citra-vy˚
mw,209552,vyAGra,cf,fzaBa
mw,209566,vyAGratala,cf,-dala
mw,209580,vyAGranAyaka,cf,-sevaka
mw,209628,vyAGrAsyA,cf,vyAgkra-vaktrA
mw,209641,vyAja,cf,ac
mw,209669,vyAqa,cf,vyAla
mw,209695,vyAdiS,cf,vy-A-√ diS
mw,209816,vyApad,cf,vy-Apanna
mw,209819,vyApad,cf,vi-pad
mw,209866,vyAma,cf,vy-AyAma
mw,209943,vyAla,cf,vyAqa
mw,210022,vyAvfta,cf,vy-Avftta
mw,210024,vyAvfti,cf,vy-avftti
mw,210038,vyAvartana,cf,vigraha-vyAvartanI
mw,210079,vyAvftti,cf,paraspara-vy˚
mw,210186,vyutTA,cf,vy-ut-√ pad
mw,210201,vyutpad,cf,vy-utTA
mw,210262,vyupAram,cf,vy-upa-√ ram
mw,210275,vyuz,cf,A-vyuzam
mw,210290,vyuzwitrirAtra,cf,vyuzwa-tr˚
mw,210298,vyuzwi,cf,upa-√ vas
mw,210301,vyUrRu,cf,vi-√ vf
mw,210307,vyUha,cf,caraRa-vy˚
mw,210313,vyUha,cf,catur-
mw,210338,vyfdDa,cf,a-vy˚
mw,210386,vyomaDvani,cf,-Sabda
mw,210391,vyomapuzpa,cf,Ka-p˚
mw,210397,vyomamfga,cf,vyomin
mw,210425,vyomin,cf,vyoma-mfga
mw,210427,vyoza,cf,vyuz
mw,210432,vraj,cf,gam
mw,210448,vrAji,cf,DrAji
mw,210451,vraja,cf,vfji
mw,210567,vrata,cf,asi-DArA-vrata
mw,210568,vrata,cf,maDu-vr˚
mw,210599,vrataDArin,cf,mOna-v˚
mw,210622,vrataBft,cf,samAna-v˚
mw,210631,vratalopa,cf,snAtaka/v˚
mw,210655,vratasTa,cf,kanyA-vrata-sTA
mw,210711,vraSc,cf,vfk
mw,210757,vrAtyayajYa,cf,-stoma
mw,210763,vrI,cf,vf
mw,210765,vrIq,cf,vIq
mw,210793,vrIhimata,cf,vrEhi-matya
mw,210821,vlag,cf,aBi-vlaNga/
mw,210822,vlI,cf,vrI
mw,210874,Sasta,cf,a/-S˚
mw,210958,SaktiDara,cf,kanaka-Sakti
mw,211024,Saktin,cf,raTa-Sakti
mw,211026,SaktIvat,cf,Sakti
mw,211060,Sakragopa,cf,indra-g˚
mw,211129,Sakrasuta,cf,-nandana
mw,211133,SakrAKya,cf,ulUka
mw,211160,Sakla,cf,Sakna
mw,211181,Saka,cf,Sakan
mw,211192,SakapURa,cf,SAkapURi
mw,211203,Saka,cf,-kAla
mw,211235,Sakawa,cf,rohiRI-S˚
mw,211251,Sakawavila,cf,SakawAvila
mw,211272,SakawikA,cf,mfc-CakawikA
mw,211291,Sakala,cf,Salka
mw,211388,Sakunda,cf,Sata-kunda
mw,211416,Sakkari,cf,Sakvara
mw,211428,SaNka,cf,SaNkana
mw,211470,SaNkila,cf,SaNKa
mw,211474,SaNku,cf,SaNkA-
mw,211528,SaNkuci,cf,sAMkuci
mw,211530,SaNkulA,cf,danta-SaNku
mw,211559,SaNKakAra,cf,SaNKika
mw,211718.1,SacIpati,cf,kziti-S˚
mw,211734,SatIkarRa,cf,SakawIk˚
mw,211737,SaW,cf,Saw
mw,211740,SaW,cf,SuW
mw,211768,SaQI,cf,Sawi
mw,211800,SaRWa,cf,zaRQa
mw,211809,SaRqila,cf,SARqila
mw,211841.2,Satakratu,cf,kziti-Satakr˚
mw,211841.3,SatakratuprasTa,cf,indra-pr˚
mw,211862,Satagva,cf,daSa-gva
mw,211870,SataGnI,cf,-han
mw,211914,SatadakziRa,cf,a/-Sata-d˚
mw,211989,SatapaTabrAhmaRa,cf,yajur-veda
mw,212045,Satapora,cf,-Gora
mw,212078,SatamaKa,cf,-kratu
mw,212147,Satalumpa,cf,Satru-lummpa
mw,212155,Satavani,cf,SAtavaneya
mw,212165,SatavalSa,cf,Sata/-balSa
mw,212226,SatasAhasraka,cf,-sahasraka
mw,212343,SateSa,cf,grAma-S˚
mw,212362,Sataka,cf,amaru-
mw,212368,SatAmaGa,cf,maGa-van
mw,212380,Satin,cf,go-Satin
mw,212438,SatruMtapa,cf,SAtruMtapi
mw,212457,Satrulumpa,cf,Sata-l˚
mw,212474,Satruhan,cf,Satru-Gna
mw,212481,SatvarI,cf,SarvarI
mw,212498,Sani,cf,manda
mw,212498,Sani,cf,nIla-vAsas
mw,212523,SanEScara,cf,Sani
mw,212529,SanEs,cf,uccEs
mw,212532,Sanaka,cf,SaRaka
mw,212533,SanakAvali,cf,SaRa
mw,212535,SanaparRI,cf,sana
mw,212543,Sap,cf,SApita
mw,212576,SaPa,cf,pAda
mw,212586,SaPAkza,cf,SAPAkzi
mw,212598,Sabara,cf,Sabala
mw,212616,SabarasvAmin,cf,Sabara-BAzya
mw,212623,Sabala,cf,Sabara
mw,212630,Sabala,cf,Sabara
mw,212733,SabdabARAgraveDin,cf,Sabda-veDin
mw,212742,SabdaBft,cf,Sabda-pati
mw,212814,SabdaSeza,cf,praBu-Sabda-S˚
mw,212826,SabdasADana,cf,Sabda-veDin
mw,212841,SabdahIna,cf,Sabda-cyuta
mw,212874,SabdArTa,cf,arTa-SabdO
mw,212902,SabdAya,cf,Sabd
mw,212920,Sama,cf,Saya
mw,212987,Samita,cf,SAnta
mw,213004,Samira,cf,SamIra
mw,213006,SamI,cf,Sa/mi
mw,213008,SamI,cf,-jAti
mw,213030,SamIvat,cf,SAmIvata
mw,213044,SamyA,cf,-kzepa
mw,213059,SampAka,cf,SamyA
mw,213064,SamBara,cf,SAmBara
mw,213069,Sammad,cf,SAmmada
mw,213107,SaMkarA,cf,SaM-garA
mw,213143,SaMkarapuzpa,cf,SarkarA-p˚
mw,213187.1,SaMkarAcAryavijayaqiRqima,cf,SaMkara-digvijaya-q˚
mw,213250,SamBUnATa,cf,SamBun˚
mw,213251,SamBUrAjacaritra,cf,SamBur˚
mw,213261,SamPalI,cf,SambalI
mw,213263,Samba,cf,Sambi/n
mw,213269,Samba,cf,Sambara
mw,213270,Samba,cf,SaM-vat
mw,213318,SambalI,cf,SamBalI
mw,213332,SambUka,cf,Sambuka
mw,213339,SamBalI,cf,SamPalI
mw,213349,Saya,cf,divA-S˚
mw,213357,SayA,cf,SayyA
mw,213361,SayaRqaka,cf,SayA/Rqaka
mw,213402,SayARqa,cf,SayaRqa
mw,213404,SayARqaka,cf,SayaRqaka
mw,213482,Saratalpa,cf,-paYjara
mw,213493,SaraDAna,cf,Sava-D˚
mw,213629,SaryA,cf,Salya
mw,213665,SaraRa,cf,-deva
mw,213692,SaraRIkf,cf,a-SaraRIkfta
mw,213711,Sarad,cf,varza
mw,213731,SaraccandrikA,cf,pariRata
mw,213759,SaraBa,cf,azwa-pad
mw,213799,SaraBoji,cf,SaraBa-rAja-vilAsa
mw,213929,SarIrin,cf,Ka-s˚
mw,213963,SarkarApuzpa,cf,SaMkara-p˚
mw,213980,SarkarI,cf,SakvarI
mw,213987,Sarkowa,cf,SArkowa
mw,214004,SarpaRAvat,cf,SaryaRA-vat
mw,214005,Sarb,cf,Sarv
mw,214041,Sarv,cf,Sarb
mw,214043,Sarvara,cf,Sabara
mw,214047,Sarvarin,cf,SArvarin
mw,214061,SarzIkA,cf,sarzIkA
mw,214062,Sal,cf,uc-Cal
mw,214077,Sala,cf,tri-
mw,214123,Salya,cf,upa-S˚
mw,214125,Salya,cf,karma-S˚
mw,214141,Salyakartf,cf,kriyA
mw,214161,SalyaSAstra,cf,Ayur-veda
mw,214175,Salyaka,cf,sa-Salka
mw,214203,SalaBa,cf,SaraBa
mw,214214,SalAwu,cf,SalAlu
mw,214217,SalAtura,cf,SAlAturIya
mw,214222,SalAvat,cf,SAlAvat
mw,214225,Salka,cf,Sakala
mw,214237,Salmali,cf,SAlmali
mw,214241,Salva,cf,sa/lva
mw,214255,SavaDAna,cf,Sara-D˚
mw,214442,SaSiBft,cf,nava-SaSi-B˚
mw,214649.1,Sas,cf,alpa-Sas
mw,214695,SAkabilva,cf,-vindaka
mw,214753,SAkawa,cf,ikzu-S˚
mw,214754,SAkina,cf,ikzu-
mw,214810,SAkali,cf,Sakalin
mw,214892,SAktra,cf,SAkta
mw,214894,SAkman,cf,Sakman
mw,214945,SAK,cf,SlAK
mw,214954,SAKA,cf,dvAra-S˚
mw,214992,SAKAraRqa,cf,-daRqa
mw,215012,SAKin,cf,SAKi
mw,215039,SANkucI,cf,SaNkuci
mw,215068,SAcigu,cf,aDri-gu
mw,215086,SAwyAyana,cf,-homa
mw,215106,SAqava,cf,Pala-S˚
mw,215108,SARa,cf,SAna
mw,215170,SAta,cf,Sita
mw,215175,SAtAtapa,cf,vfdDa-S˚
mw,215188,SAtana,cf,garBa-S˚
mw,215262,SAnita,cf,SARita
mw,215328,SAntasumati,cf,SAnta-mati
mw,215439,SAntistava,cf,bfhac-CAnti-st˚
mw,215507,SAPeya,cf,SApeya
mw,215511,SAbara,cf,sAvara
mw,215517,SAbara,cf,SAmbara
mw,215561,SAman,cf,sAman
mw,215606,SAmbara,cf,SAbara
mw,215644,SAyaka,cf,koSa-
mw,215650,SAyin,cf,aDaH-
mw,215656,SAr,cf,SF
mw,215675,SAri,cf,SAri-putra
mw,215716,SArada,cf,rajju-SArada
mw,215852,SArNga,cf,SArga
mw,215880,SArNgideva,cf,SArNga-deva
mw,215895,SArdUla,cf,vyAGra
mw,215925,SArvarin,cf,Sarvarin
mw,215926,SAl,cf,SAq
mw,215989,SAlANkI,cf,SAla-BaYjikA
mw,215994,SAlA,cf,SAKA
mw,215995,SAlA,cf,SAlinI
mw,216013,SAlAmuKIya,cf,-dvArya
mw,216024,SAlAvfka,cf,sAlAvfka/
mw,216040,SAlin,cf,SAl
mw,216082,SAlaBa,cf,pataMga-vftti
mw,216091,SAlAkya,cf,Ayur-veda
mw,216103,SAlAra,cf,SalAka
mw,216109,SAli,cf,SAli-vAhana
mw,216168,SAlI,cf,SyAla
mw,216202,SAlmali,cf,Salmali/
mw,216202,SAlmali,cf,kUta-S˚
mw,216215,SAlmalin,cf,SAlmali-sTa
mw,216228,SAlva,cf,Salva
mw,216248,SAva,cf,SiSu
mw,216248,SAva,cf,mfga-SAva
mw,216284,SAzkula,cf,Suzkala
mw,216290,SAs,cf,SaMs
mw,216290,SAs,cf,Siz
mw,216297,SAsaka,cf,mahI-S˚
mw,216393,SAstradfzwi,cf,-tattva-jYa
mw,216457,SAstrin,cf,satata-S˚
mw,216496,SiMh,cf,uc-CiMhana
mw,216589,SiKaRqa,cf,SiKA
mw,216616,SiKaRqin,cf,citra-S˚
mw,216654,SiKAjawa,cf,-muRqa
mw,216671,SiKAmuRqa,cf,-jawa
mw,216701,SiKara,cf,-daSanA
mw,216828,SiNG,cf,upa-√ SiNG
mw,216830,SiNGaRa,cf,SiNgin
mw,216839,SiNGARikA,cf,SfNKaRikA
mw,216870,Sitadru,cf,sita-dru
mw,216872,SitAman,cf,SitIman
mw,216874,Siti,cf,sita
mw,216883,SitikaRWa,cf,nIla-k˚
mw,216898,SiticCada,cf,sita-cC˚
mw,216901,Sitipakza,cf,sita-p˚
mw,217055,SimiSimAya,cf,simisim˚
mw,217056,SimizIpada,cf,SamanIzada
mw,217086.1,Siras,cf,SIrzan
mw,217249,SirIzikA,cf,ambu-SirIzikA
mw,217295,SilAja,cf,Sila-ja
mw,217383,Silaja,cf,SilA-ja
mw,217424,SilInDra,cf,uc-Cil˚
mw,217431,SilUza,cf,SElUza
mw,217439,Silpa,cf,su-Silpa
mw,217497,Siva,cf,Savas
mw,217513,Siva,cf,Siva-bIja
mw,217550,SivakAYcI,cf,vizRu-kAYcI
mw,217773,SivarAtri,cf,Siva-caturdaSI
mw,217786,SivarUpya,cf,SEva-rUpya
mw,217852,SivasUtra,cf,spanda-sUtra
mw,217966,Sivipizwa,cf,Sipivizwa
mw,217977,SiSira,cf,ftu
mw,218022,SiSu,cf,kumAra
mw,218092,SiSna,cf,SiSan
mw,218275,SIta,cf,SIna
mw,218382,SItaSUka,cf,sita-SUka
mw,218525,SIna,cf,SIta
mw,218550,SIri,cf,sirA
mw,218589,SIrta,cf,SrIta/
mw,218619,SIrzavirecana,cf,vir˚
mw,218648,SIrzan,cf,a-
mw,218653,SIrzeBAra,cf,SIrza-B˚
mw,218655,SIl,cf,SIlita
mw,218656,SIla,cf,guRa-
mw,218659,SIla,cf,paYca-SIla
mw,218667,SIlagupta,cf,gupta-SIla
mw,218744,Su,cf,Sav
mw,218840,SukaSArika,cf,sArikA-pralApana
mw,218848,SukasArikApralApana,cf,SArika
mw,218878,Sukta,cf,Sukra
mw,218914,Suktimat,cf,kula-giri
mw,218926,Sukra,cf,Sukla
mw,218943,Sukra,cf,Sukla
mw,218949,Sukra,cf,Sukla
mw,218972,SukrapiS,cf,Su/cipeSas
mw,219011,Sukrala,cf,mAMsa-S˚
mw,219037,Sukla,cf,Sukra
mw,219051,Sukla,cf,Sukra
mw,219184,Suc,cf,saM-√ Suc
mw,219184,Suc,cf,So/Sucat
mw,219208,Suci,cf,Sukra
mw,219308,Suj,cf,Svaj
mw,219313,SuW,cf,SuRW
mw,219320,SuRW,cf,SuW
mw,219335,SuRqaroha,cf,SuRWa
mw,219348,SuRqArocanikA,cf,SuRqI-r˚
mw,219359,SuRqimUzikA,cf,ganDa-SuRqinI
mw,219360,SuRqI,cf,kaRWa
mw,219362,SuRqIrocanikA,cf,SuRqA-r˚
mw,219365,Sudi,cf,vadi
mw,219390,SudDakarRa,cf,SOdDakarRi
mw,219412,SudDapArzRi,cf,viSudDa-p˚
mw,219568,SunAsIra,cf,vasuMDarA-Sun˚
mw,219593,Sunaka,cf,SOnaka
mw,219607,SunolANgUla,cf,SunaH-pucCa
mw,219616,SuB,cf,SuBAna/
mw,219616,SuB,cf,SoBita
mw,219634,SuBa,cf,SOBa
mw,219815,SuBradantI,cf,SuBa-dantI
mw,219849,SumBadeSa,cf,sumBa
mw,219860,Sulk,cf,Svalk
mw,219873,SulkaSAlA,cf,SOlkaSAlika
mw,219882,SulkikA,cf,SOlkikeya
mw,219956,Suzka,cf,Suzkawa-varman
mw,219998,SuzkAkzipAka,cf,Suzka-pAka
mw,220018,Suzkala,cf,SOzkala
mw,220027,Suz,cf,Svas
mw,220062,SUna,cf,SUnya
mw,220093,SUnyatA,cf,a-SUnyatA
mw,220103,SUnyabindu,cf,bindu
mw,220140,SUka,cf,dIrGa-S˚
mw,220263,SUra,cf,-tama
mw,220374,SUrmi,cf,sUrmi
mw,220450,SUlaka,cf,SUkala
mw,220451,SUlavata,cf,SUla-vat
mw,220463,SUlika,cf,SUlIka
mw,220509,SfNKalatodin,cf,SArNKalatodi
mw,220522,SfNKARikA,cf,SiNGARikA
mw,220531,SfNga,cf,SfNgAra
mw,220552,SfNgapura,cf,SfNgeri-p˚
mw,220554,SfNgapriya,cf,SfNga-vAdya-priya
mw,220566,SfNgavAdyapriya,cf,SfNga-priya
mw,220619,SfNgAra,cf,-DArin
mw,220756,Sfta,cf,SrAta/
mw,220811,SeRavI,cf,ratna-SeRA
mw,220814,Sepa,cf,paru-cCepa
mw,220821,SePa,cf,SaPa/
mw,220835,SeraBa,cf,SaraBa
mw,220838,Selaga,cf,se/laga
mw,220840,Sev,cf,sev
mw,220842,Seva,cf,Sepa
mw,220865,Sevala,cf,SEvala
mw,220869,SevalinI,cf,SEvalinI
mw,220881,Seza,cf,kaTA-S˚
mw,220926,SezaBUta,cf,SezA
mw,220986,SEKya,cf,SEkya
mw,221032,SErika,cf,sErika
mw,221181,SElI,cf,SElya
mw,221205,SElAlin,cf,SElUza
mw,221275,SEvya,cf,SEbya
mw,221277,SEvala,cf,Sevala
mw,221333,So,cf,ni-√ So
mw,221333,So,cf,saM-√ So
mw,221338,SoMsAmas,cf,Som
mw,221339,SoMsAvas,cf,Som
mw,221340,SoMsAva,cf,Som
mw,221539,SoDapattra,cf,SudDi-p˚
mw,221585,SoPa,cf,SoTa
mw,221601,SoBakft,cf,SuBa-kft
mw,221652,SoBAvatI,cf,SoBana-vatI
mw,221663,Som,cf,SoMs
mw,221694,Soza,cf,SUza
mw,221764,SOwa,cf,SOqa
mw,221774,SOqa,cf,SOwa
mw,221823,SOnakI,cf,laGu-
mw,221857,SOBika,cf,sOBika
mw,221941,Scand,cf,cand
mw,221945,Scut,cf,cyut
mw,221945,Scut,cf,aBi-
mw,221960,SnABASnOzwIya,cf,SnOzwa
mw,221964,SnOzwa,cf,SnaBASnOzwIya
mw,222010,SmaSru,cf,Sman
mw,222029,SmIl,cf,mIl
mw,222270,SyenakapotIya,cf,Sibi
mw,222288,Syenabfhat,cf,-vfzaka
mw,222299,SyenopadeSa,cf,Syena-karaRa
mw,222332,SradDA,cf,Sra/t
mw,222349,SradDAdeva,cf,SrAdDa-d˚
mw,222382,SraT,cf,SlaT
mw,222394,SranTana,cf,hima-Sr˚
mw,222401,Sram,cf,vi-√ SraM
mw,222401,Sram,cf,grAmaya
mw,222476,SramB,cf,ni-SfmBa/
mw,222477,Sraya,cf,A-Sraya
mw,222486,SrAya,cf,uc-CrAya
mw,222497,SravaRa,cf,a-SravaRAt
mw,222502,SravaRa,cf,SrAvaka
mw,222597,SrAvaRa,cf,SrOta
mw,222613,SrAvikAtva,cf,SrAvaka-tva
mw,222627,SravaRa,cf,sravaRa
mw,222628,SravaRa,cf,tri-vikrama
mw,222641,SravaRA,cf,SravizWA
mw,222686,SrA,cf,SrI
mw,222687,Sfta,cf,SrIta
mw,222703,SrAta,cf,Sfta/
mw,222809,SrAdDin,cf,a-Sr˚
mw,222838,Srita,cf,kazwa-Sr˚
mw,222856,Sriz,cf,aBi-Sri/z
mw,222857,SrI,cf,SrA
mw,222857,SrI,cf,aBi-
mw,222861,SrI,cf,Sriya/se
mw,222861,SrI,cf,SrI-putra
mw,222873,SrIkaRWa,cf,nIla-k˚
mw,223154,SrIBrAtf,cf,lakzmI
mw,223183,SrImuKa,cf,SrI-suKa
mw,223273,SrIvfkzaka,cf,SrI-vatsa
mw,223275,SrIvfkzakin,cf,SrI-vatsakin
mw,223306,SrIsahodara,cf,SrI-putra
mw,223335,SrIka,cf,gata-
mw,223381,SrIla,cf,a-SrIla
mw,223386,SryAhva,cf,padmA
mw,223393,Sru,cf,Sro/zamARa
mw,223403,Srut,cf,karRa-
mw,223418,Srutafzi,cf,Sruta-rzi
mw,223535,Srutarvan,cf,SrOtarvaRa
mw,223668,Sruti,cf,sruti
mw,223676,Srumat,cf,Sromata
mw,223690,SrewI,cf,SreRi
mw,223702,SreRisTAna,cf,ASrama
mw,223710,SreRIkfta,cf,SreRi-kf˚
mw,223715,SreDI,cf,SrewI
mw,223720,SrERya,cf,SreRya
mw,223747,Sreyasa,cf,ahaM-
mw,223783,SrezWaSAka,cf,vara-pota
mw,223801,SroR,cf,SloR
mw,223805,SroRA,cf,SrARA
mw,223879,Srotrasvin,cf,Sata-svin
mw,223896,Sromata,cf,Sru-mat
mw,223897,SrozamARa,cf,Sruzwi
mw,223959,SrOzaw,cf,vazaw
mw,223992,SlaNk,cf,SraNk
mw,223993,SlaNg,cf,SraNg
mw,224010,SlAK,cf,SAK
mw,224027,SlAGin,cf,Atma-Sl˚
mw,224043,Sliz,cf,Slezita
mw,224147,SlIla,cf,a-SlIla
mw,224190,Svac,cf,uc-CvaYc
mw,224199,SvakarRa,cf,SvA-k˚
mw,224252,SvapucCa,cf,SvA-p˚
mw,224303,SvAkarRa,cf,Sva-k˚
mw,224304,SvAkunda,cf,Sva-k˚
mw,224305,SvAdaMzwra,cf,Sva-k˚
mw,224306,SvAdanta,cf,Sva-k˚
mw,224447,Svastana,cf,a-Sv˚
mw,224472,SvAtrya,cf,SvAtra
mw,224494,Svit,cf,Svetaya
mw,224503,Svitya,cf,SvEtya
mw,224523,Sveta,cf,-ketu
mw,224540,Sveta,cf,-dvIpa
mw,224902,zaww,cf,saww
mw,224903,zawwaka,cf,zAqava
mw,224905,zaRqa,cf,vana
mw,224907,zaRqa,cf,nIlaz˚
mw,225284,zaRmAsika,cf,zARmAs˚
mw,225300,zazwa,cf,dvA-z˚
mw,225304,zazwitama,cf,zazwa
mw,225310,zazwipaTika,cf,zAzwipaTa
mw,225356,zazWAMSa,cf,zaq-BAga
mw,225508,zazk,cf,zvazk
mw,225517,zAqava,cf,KAqava
mw,225536,zARmAsika,cf,zaR-
mw,225538,zARmAsya,cf,zaR-mAya
mw,225554,zurAjima,cf,zar˚
mw,225555,zurAsARa,cf,Kur˚
mw,225568,zWIvi,cf,suvarRa-
mw,225586,sakAraBeda,cf,Sa-kAra-Beda
mw,225592,sa,cf,palu-za/
mw,225596.1,sa,cf,sa-kopa
mw,225620,saMyadvara,cf,sampad-vara
mw,225626,saMyam,cf,-yamita
mw,225789,saMrakza,cf,sAMrakzya
mw,225791,saMrakzaka,cf,SAli-saMrakzikA
mw,225799,saMrakzin,cf,satya-rakzin
mw,225849,saMrAj,cf,sam-rAj
mw,225948,saMlih,cf,saM-√ rih
mw,225980,saMvat,cf,ni-va/t
mw,225984,saMvatsara,cf,pari-v˚
mw,226074,saMvanana,cf,saM-vadana
mw,226125,saMvah,cf,sam-
mw,226135,saMvAha,cf,saM-vAsa
mw,226166,saMvicetavya,cf,vi-cetavya
mw,226294,saMveSaka,cf,gfha-s˚
mw,226398,saMvarta,cf,droRa
mw,226399,saMvarta,cf,BImanAda
mw,226406,saMvarta,cf,-smFti
mw,226415,saMvartaka,cf,sAM-v˚
mw,226494,saMvyavahAra,cf,loka-s˚
mw,226529.1,saMSakalA,cf,SakalA
mw,226607,saMSokaja,cf,sveda-ja
mw,226655,saMSita,cf,sAMSitya
mw,226676,saMSraya,cf,kali-s˚
mw,226786,saMsAda,cf,strI-zasMsAda/
mw,226922,saMsarga,cf,saM-nipAta
mw,226958,saMsfzwa,cf,-mETuna
mw,226973.3,saMsfzwi,cf,saMkara
mw,227010,saMskf,cf,saM-kf
mw,227010,saMskf,cf,saM-skAra
mw,227010,saMskf,cf,saM-skfta
mw,227101,saMstamB,cf,-staBya
mw,227126,saMstava,cf,asaMsi˚
mw,227182,saMsTa,cf,saMsTA
mw,227197,saMsTA,cf,paYca-varga
mw,227212,saMsTAna,cf,dUra-s˚
mw,227235,saMsTApana,cf,arGa-s˚
mw,227253,saMsTita,cf,duH-
mw,227322,saMsPewa,cf,saM-Pewa
mw,227368.1,saMhatala,cf,saMhata-
mw,227465,saMhitA,cf,bfhat-s˚
mw,227519,saMhAra,cf,veRI-s˚
mw,227536,saMhAraka,cf,asTi-s˚
mw,227564,saMharza,cf,saM-Garza
mw,227842,sakTa,cf,aYji-
mw,227853,sag,cf,sTag
mw,227922,saG,cf,sah
mw,227981,saMkaluza,cf,kaluza-yoni
mw,228047,saMkula,cf,A-kula
mw,228093,saMkara,cf,yoni-s˚
mw,228128,saMkIrRa,cf,-nAga
mw,228167,saMkalpadurgaBaYjana,cf,saMkalpa-smfti-d˚
mw,228206,saMketa,cf,sAketa
mw,228280,saMkrAnta,cf,a-s˚
mw,228283,saMkrAnti,cf,kUwa-s˚
mw,228299,saMkrAmin,cf,BUta-s˚
mw,228350.1,saMkziptaBArata,cf,saM-kzepa-B˚
mw,228370.4,saMkzepaBArata,cf,saMkzipta-B˚
mw,228401,saMKya,cf,go-s˚
mw,228406,saMKyaka,cf,sahasra-s˚
mw,228456,saMKyeya,cf,a-s˚
mw,228507,saMgamajYAna,cf,-SrI-jY˚
mw,228511,saMgamaSrIjYAna,cf,saMgama-jY˚
mw,228559,saMgfBAya,cf,saM-√ grah
mw,228732,saMGagupta,cf,saMGa-pati
mw,228741,saMGapati,cf,saMGa-gupta
mw,228767,saMGAta,cf,saMGARaka
mw,228775,saMGAta,cf,saMhAta
mw,228802,saMGAwi,cf,Bikzu-s˚
mw,228827,saNGARaka,cf,siNG˚
mw,228852,sac,cf,sap
mw,228968,sajanya,cf,-janIya
mw,229023,sajj,cf,sajjaya
mw,229031,sajjakarman,cf,sajya-karman
mw,229063,saMcakAs,cf,kAS
mw,229065,saMcakz,cf,ava-
mw,229152,saMcAku,cf,saM-cakzas
mw,229187,saMcintya,cf,duH-saMc˚
mw,229190,saYcu,cf,saYca
mw,229210,saMCardana,cf,rAhu-grasana
mw,229371,saMjYaka,cf,nawa-
mw,229450,sawA,cf,SawA
mw,229466,sawwaka,cf,Sawwaka
mw,229490,sat,cf,sat-kalpavfkza
mw,229504,sat,cf,sat-√ kf
mw,229620,satpramuditA,cf,sadA-pramudita
mw,229748,sattvaBArata,cf,satya-B˚
mw,229959,satyaBArata,cf,sattva-B˚
mw,230181,satyApana,cf,satyApaya
mw,230463.1,satobfhatI,cf,sataH-paNkti
mw,230500,satvat,cf,sAtvata
mw,230504,saTUtkAra,cf,ambU-kfta
mw,230506,satta,cf,pra-satta/
mw,230507,satti,cf,ni/-zatti
mw,230550,sad,cf,adma-
mw,230552,sada,cf,barhi-
mw,230553,sada,cf,Sada
mw,230644,sAda,cf,pra-sAda
mw,230753,sadAtoyA,cf,sadA-nIrA
mw,230864,sadyas,cf,sadi/vas
mw,230995,saDavA,cf,vi-DavA
mw,231032,sanana,cf,su-zaRana
mw,231035,sani,cf,aSva-
mw,231047,sanIhAra,cf,sanIhAra
mw,231056,sana,cf,sanaka
mw,231069,sanatkumAra,cf,sanaka
mw,231117,sanandana,cf,sanaka
mw,231187,saMtata,cf,sa-tata
mw,231205,saMtati,cf,saM-nati
mw,231210,saMtateyu,cf,saM-nateyu
mw,231546,saMdfS,cf,sam-√ paS
mw,231602,saMDABAzita,cf,saM-DAya
mw,231602.1,saMDABAzya,cf,saM-DAya
mw,231602.2,saMDAvacana,cf,saM-DAya
mw,231622,saMDAna,cf,nIla-saMDAna-BARqa
mw,231922,saMnatihoma,cf,saMtati-h˚
mw,231923,saMnateyu,cf,saM-tateyu
mw,231997,saMniDAna,cf,a-s˚
mw,232005,saMniDi,cf,a-s˚
mw,232210,sap,cf,sac
mw,232212,sapa,cf,Se/pa
mw,232272,saparzatka,cf,parizatka
mw,232294,sapitva,cf,apapitva
mw,232379,sapru,cf,pru
mw,232384,sapsara,cf,psaras
mw,232432,sapta,cf,tri-zapta/
mw,232432.2,sapta,cf,sapta-mahA-B˚
mw,232550,saptaBaNginaya,cf,BaNga
mw,232568,saptamahABAga,cf,saptan
mw,232609,saptavAdin,cf,-BaNgin
mw,232632,saptaSatI,cf,-Sataka
mw,232789,sapti,cf,sapta-s˚
mw,232861,sabva,cf,sa-bu/vam
mw,232862,saB,cf,pra-saBam
mw,232986,sam,cf,Sam
mw,232987,sam,cf,samarTa
mw,232988,sama,cf,samaha
mw,232989,sama,cf,samAna
mw,233150,samarUpya,cf,rUpya
mw,233218,samasTalI,cf,antarvedI
mw,233247,samAnta,cf,sa/manta
mw,233372,samAja,cf,dyUta-s˚
mw,233422,samad,cf,sa/mana
mw,233469,samana,cf,a-samana/
mw,233799,samala,cf,Samala
mw,234005,samahyA,cf,sam-ajyA
mw,234087,samAcam,cf,A-√ cam
mw,234147,samADAna,cf,-rUpaka
mw,234219,samAhitikA,cf,samADimatikA
mw,234238,samAna,cf,SAKA-s˚
mw,234337,samAnAKyAna,cf,samAna-Ky˚
mw,234468,samAma,cf,vy-Ama
mw,234637,samAvartana,cf,saMskAra
mw,234682,samASrita,cf,˚ASrayaRIya
mw,234864,samAyin,cf,a-s˚
mw,234975,samIdA,cf,samitA
mw,234978,samIpa,cf,saMDivelA-s˚
mw,235038,samukzita,cf,vakz
mw,235218,samudra,cf,udra/
mw,235556,samunnatalANgula,cf,sam-udData-l˚
mw,235773,samUra,cf,camUru
mw,235783,samUh,cf,saM-√ vah
mw,235850,samarpaRa,cf,Atma-s˚
mw,235919,sameqI,cf,BeqI
mw,235945,sampAWya,cf,a-s˚
mw,235970,sampAti,cf,saM-yAti
mw,236017,sampadvasu,cf,saMyad-v˚
mw,236127,sampaS,cf,saM-√ dfS
mw,236147,sampeza,cf,sAmpezika
mw,236158,sampuwa,cf,puwa
mw,236349,sampratipatti,cf,pratyavaskanda
mw,236451,sampradfS,cf,sam-pra√ paS
mw,236482,sampraBinna,cf,mada
mw,236911,samBeda,cf,a/-s˚
mw,236952,samBavya,cf,a-s˚
mw,236965,samBAvanIya,cf,a-s˚
mw,237209,sammud,cf,svAdu-s˚
mw,237258,sammfj,cf,mArj
mw,237396,samrAja,cf,saM-√ rAj
mw,237439,sara,cf,anu-
mw,237441,sara,cf,prati-
mw,237451,sarI,cf,sari
mw,237565,sarasika,cf,sArasa
mw,237624,sarasvatIsUtra,cf,-prakryA
mw,237631,sari,cf,sara
mw,237663,sarira,cf,salila
mw,237676,sarojarAga,cf,padmar˚
mw,237785,saraNga,cf,sAraNga
mw,237788,saraRqa,cf,SaraRqa
mw,237789,saratni,cf,ratni
mw,237900,sarjikA,cf,sarji
mw,237907,sarj,cf,arj
mw,237917,sarpa,cf,pIWa-
mw,237918,sarpa,cf,nAga
mw,238107,sarva,cf,sarva-nAman
mw,238170,sarvakeSin,cf,-vezin
mw,238418,sarvanikzepA,cf,-vikzepatA
mw,238534,sarvaBUtarutagrahaRI,cf,sarva-ruta-saMgrahiRi-lipI
mw,238633,sarvarAsa,cf,-rasa
mw,238687,sarvavarman,cf,Sarva-v˚
mw,238702,sarvavikzepatA,cf,-nikzepA
mw,238775,sarvaSAntikft,cf,-damana
mw,238889,sarvasUtra,cf,sArvas˚
mw,239256,sarvARI,cf,SarvARI
mw,239283,sala,cf,sara
mw,239287,salila,cf,sarira/
mw,239288,salilA,cf,su-pArA
mw,239392,saleka,cf,leka
mw,239428,savalatA,cf,soma-l˚
mw,239430,savana,cf,tri-zavaRa
mw,239462,sava,cf,savitf
mw,239470,savana,cf,satya/-s˚
mw,239512.10,savarRa,cf,a-s˚
mw,239512.35,savarRA,cf,saraMyU
mw,239667,savara,cf,Sabara
mw,239786,sazwuB,cf,anu-
mw,239790,sasa,cf,sasya/
mw,239967,sah,cf,sAsahi/
mw,239967,sah,cf,sahas
mw,240034,sahAmpati,cf,saka-pati
mw,240089,sAQa,cf,a-zAQa
mw,240103,sahafzaBa,cf,saharz˚
mw,240281,sahamUra,cf,sa-mUla
mw,240283,sahamftA,cf,saha-maraRa
mw,240501,sahasra,cf,sahasra-kiraRa
mw,240633,sahasrabudDi,cf,-DI
mw,240839,sahasrIya,cf,varza-s˚
mw,240851,sA,cf,ap-
mw,240955,sAkam,cf,sAci
mw,240988,sAkuruRqa,cf,sa-k˚
mw,241073,sAKi,cf,SAKi
mw,241083,sAgara,cf,guRa-Soka-
mw,241120,sAgaraparipfcCA,cf,sAgara-nAga-rAja-p˚
mw,241130,sAgarameKala,cf,sapta-sAgara-m˚
mw,241189,sAMkaTya,cf,Darma-s˚
mw,241201,sAMkuci,cf,SaNkuci
mw,241270,sAMKyAyana,cf,SANKAyana
mw,241308,sAMGAwikA,cf,saM-GAwikA
mw,241319,sAcaya,cf,pfzwi-
mw,241454,sAtvat,cf,satvat
mw,241558,sADanatA,cf,bahu-s˚
mw,241590,sADaya,cf,sADizWa
mw,241812,sADAra,cf,niH-
mw,242071,sAnmAtura,cf,san-m˚
mw,242339,sAmodBava,cf,sAma-jAta
mw,242349,sAmanI,cf,sAmnI
mw,242509,sAmIpya,cf,sAlokya
mw,242517,sAmudga,cf,mudga
mw,242531,sAmudranizkuwa,cf,samudra-n˚
mw,242592,sAmprata,cf,a-s˚
mw,242601,sAmpradAyika,cf,a-s˚
mw,242760,sAyujya,cf,sAlokya
mw,242809,sAra,cf,para
mw,242853,sAraja,cf,sara-ja
mw,242883,sAraparRI,cf,SAl-p˚
mw,242972,sAraNga,cf,kfzRa-s˚
mw,242976,sAraNgapARi,cf,-samuccaya
mw,242986,sAraNgI,cf,SArNgI
mw,243022,sArasa,cf,rAja-s˚
mw,243078,sArasvatasUtra,cf,sarasvatIs˚
mw,243108,sArI,cf,viw-s˚
mw,243225,sArvakarmika,cf,-kArmika
mw,243230,sArvakArmika,cf,-karmika
mw,243302,sArzwi,cf,fzi
mw,243305,sArzwitA,cf,sAlokya
mw,243355,sAva,cf,prAtaH-
mw,243412,sAvarRa,cf,sAvarRi
mw,243418,sAvarRi,cf,dakza-
mw,243446,sAvitra,cf,graha
mw,243490,sAvitrIpaYjara,cf,gAyatrI-p˚
mw,243523,sASikya,cf,SASika
mw,243526,sASIrka,cf,an-ASIrka
mw,243735,siMha,cf,puruza-s˚
mw,243735,siMha,cf,siMhadvAr
mw,243773,siMhatala,cf,saMha-t˚
mw,243902,siMhavijfmBita,cf,-vizkamBita
mw,244005,sik,cf,sic
mw,244026,sigfqI,cf,SimfqI
mw,244027,siNgaBUpAla,cf,siMha-B˚
mw,244032,sic,cf,sisikzA
mw,244057,siw,cf,Siw
mw,244192,sitasAra,cf,-mAraka
mw,244252,sitAhvaya,cf,Sukra
mw,244287,sitikaRWa,cf,Siti-k˚
mw,244294,sitIvAra,cf,siti-v˚
mw,244297,siD,cf,aBi-
mw,244324,sidDa,cf,sAlokya
mw,244327,sidDa,cf,jina
mw,244550,sidDAnta,cf,sama-s˚
mw,244696,sidDikzetra,cf,sidDa-kz˚
mw,244709,sidDiprAya,cf,sidDa-pr˚
mw,244788,sinduvAra,cf,sinDu-v˚
mw,244884,sinDuvAra,cf,-pAra-ja
mw,244945,simbatikA,cf,simbikA
mw,245035,sihuRqa,cf,sIh˚
mw,245039,sItA,cf,sIma/n
mw,245120,sIm,cf,id
mw,245135,sImaliNga,cf,sImA-l˚
mw,245219,sIlAra,cf,SIlAra-vaMSa
mw,245235,sIhuRqa,cf,seh˚
mw,245296,sutaMgama,cf,sOtaMgami
mw,245298,sutaMjaya,cf,sutaM-gama
mw,245611,suKa,cf,duHKa
mw,245746,suKarAtri,cf,sOrAtrika
mw,245822,suKasupti,cf,sOKasuptika
mw,245824.1,suKasuptikApraSna,cf,suKa-Sayita-pracCaka
mw,245849,suKAplava,cf,suKa-pl˚
mw,245934,suKAvala,cf,suKInala
mw,245944,suKInala,cf,suKAvala
mw,246349,suw,cf,sarva-nAma-sTAna
mw,246350,suwaNka,cf,taM-kAra
mw,246377,sutapas,cf,su-tapa
mw,246382,sutamAm,cf,-tarAm
mw,246393,sutala,cf,loka
mw,246479,sudaMSita,cf,pari-d˚
mw,246502,sudatta,cf,sUtta
mw,246726,suduha,cf,su-duGa
mw,246877,suDft,cf,Dfti
mw,246879,suDfti,cf,-Dft
mw,247118,suniyukta,cf,su-niry˚
mw,247151,sunizWita,cf,-niHzW˚
mw,247189,sunetf,cf,un-netf
mw,247196,sunetrA,cf,su-pAra
mw,247204,sunaPA,cf,anaPA
mw,247267,sundarAnanda,cf,sundara-n˚
mw,247885,subalaputra,cf,sObala
mw,247905,subAhu,cf,-Satru
mw,248179,suma,cf,su-manas
mw,248268.1,sumanas,cf,-manokasa
mw,248288,sumanAsya,cf,-manA-muKa
mw,248483,sumatitsaru,cf,su-matI-√ kf
mw,248504,sumBa,cf,SumBa-deSa
mw,248530,suyavasa,cf,sOyavasi
mw,248885,suvarcikA,cf,su-varjikA
mw,248909,suvarjikA,cf,su-varcikA
mw,248994,suvAsinI,cf,sva-v˚
mw,248999,suvAha,cf,bAha
mw,249038,suvida,cf,su-vidat
mw,249162,suvfkti,cf,su-vita
mw,249414,suralAsikA,cf,svara-l˚
mw,249547,surendragopa,cf,indra-g˚
mw,249624,suraBi,cf,surA
mw,249778,suruNga,cf,su-raNga
mw,249779,suruNgA,cf,suraNgA
mw,249784,surURqa,cf,muruRqa
mw,249792,suleka,cf,leka
mw,250014,suvita,cf,sv-ita/
mw,250034,suSama,cf,sOSami
mw,250169.40,suSruta,cf,SrOzat
mw,250201,suzadman,cf,sOzadmana
mw,250204,suzama,cf,su-sama
mw,250243,suzumRa,cf,brahma-ranDra
mw,250297,suzi,cf,deva-s˚
mw,250324,suzWu,cf,duH-zWu
mw,250384,susaKi,cf,su-zaKi
mw,250430,susama,cf,su-zama
mw,250506,susikta,cf,suz˚
mw,250548,sustuta,cf,-zwuta
mw,250558,susTala,cf,su-sTAla
mw,250629,sussala,cf,sOssala
mw,250630,suh,cf,sah
mw,250730,sUka,cf,sfka
mw,250784,sUtika,cf,sOtikya
mw,250813,sUna,cf,pra-sUna
mw,250828,sU,cf,sU-nara
mw,250829,sUkara,cf,SU-kara
mw,250926,sUkzmawikka,cf,bfhaw-wikka
mw,251025,sUci,cf,sUkzma
mw,251025,sUci,cf,-pattra
mw,251025,sUci,cf,sUnA
mw,251072,sUcika,cf,sOcika
mw,251077,sUcikA,cf,SUcikA
mw,251109,sUcImuKa,cf,-vaktra
mw,251159,sUtaputra,cf,sUta-ja
mw,251162,sUtaputraka,cf,sUta-ja
mw,251174,sUya,cf,rAja-s˚
mw,251176,sUtta,cf,Atta
mw,251181,sUtTita,cf,sOtTiti
mw,251186,sUtra,cf,-pAta
mw,251234,sUtranaqa,cf,sOtranAqi
mw,251242,sUtrapiwaka,cf,tri-piwaka
mw,251306,sUda,cf,sUpa
mw,251326,sUdi,cf,sUda-vat
mw,251335,sUnara,cf,sundara
mw,251353,sUnA,cf,sUna
mw,251354,sUnA,cf,sUdanA
mw,251373,sUpa,cf,sUda
mw,251401,sUpat,cf,kUpat
mw,251440,sUramasa,cf,sOramasA
mw,251449,sUraRa,cf,sUra-kanda
mw,251574,sUryapura,cf,-nagara
mw,251627,sUryampaSya,cf,a-sUryam-paSyA
mw,251702,sUryasUkta,cf,sUryA-s˚
mw,251814,sUri,cf,sUrta
mw,251822,sUrta,cf,a-sU/rta
mw,251838,sf,cf,sal
mw,251838,sf,cf,sarisrara/
mw,251843,sfta,cf,sUrta
mw,251861,sfmara,cf,sfmala
mw,251898,sfgAlI,cf,sfgAlikA
mw,251954,sfzwi,cf,manoraTa-sf˚
mw,252010,sfpa,cf,sfpra
mw,252011,sfpa,cf,sfma
mw,252018,sfpra,cf,sarpi/s
mw,252034,sfB,cf,siB
mw,252035,sfma,cf,sfpa
mw,252038,sF,cf,SF
mw,252045,sek,cf,srek
mw,252081,segava,cf,syagavi
mw,252255,sela,cf,selu
mw,252260,selu,cf,sela
mw,252378,sehuRqa,cf,sIh˚
mw,252380,sehnoka,cf,sohnoka
mw,252383,sEMhakaroRa,cf,Ajaka-r˚
mw,252487,sEraMDra,cf,mahI-Dra
mw,252497,sErika,cf,sEriBa
mw,252512,sEriBa,cf,sErika
mw,252541,soQa,cf,sAQa
mw,252547,soQAmitra,cf,sOQAmitri
mw,252716,soma,cf,indu
mw,252864,somapA,cf,-pa/
mw,252985,somarOdra,cf,somA-r˚
mw,253109,somAgni,cf,sOmAgna
mw,253129,somApa,cf,sOmApa/
mw,253199,somAla,cf,komala
mw,253246,solloka,cf,solUka
mw,253271,sohnoka,cf,solloka
mw,253385,sOtrika,cf,Avika-s˚
mw,253627,sOBika,cf,SO˚
mw,253638,sOmapOza,cf,sOmApOzRa
mw,253646,sOmApOzRa,cf,somA-pOzRa
mw,253713,sOmanasa,cf,I
mw,253737,sOmilla,cf,somila
mw,253838,sOryamArutaka,cf,vAtAtapika
mw,253893,sOrAva,cf,sOrasa
mw,254077,skand,cf,skanD
mw,254080,skanda,cf,a/
mw,254083,skanda,cf,-graha
mw,254083,skanda,cf,-putra
mw,254086,skanda,cf,skanDa
mw,254131,skandaka,cf,skanDaka
mw,254146,skandya,cf,a-garta-sk˚
mw,254149,skanna,cf,a-sk˚
mw,254163,skanDa,cf,kari-
mw,254257,sku,cf,A-√ sku
mw,254259,skund,cf,pra-skunda
mw,254273,sKala,cf,apa-sKala/
mw,254430,staBa,cf,stuBa
mw,254449,stambamitra,cf,stamBam˚
mw,254548,stamBana,cf,jala-stamBana
mw,254561,stamBitaramBa,cf,ramBA-stamBana
mw,254568,stamBinI,cf,BramaRI
mw,254586,stAmu,cf,stavat
mw,254588,sti,cf,u/pa-sti
mw,254591,stip,cf,step
mw,254593,stiBi,cf,stabaka
mw,254595,stiBi,cf,stamBa
mw,254599,stim,cf,tim
mw,254601,stimita,cf,stamBita
mw,254609,stimitanayana,cf,stabDadfzwi
mw,254694,stutivrata,cf,-pAWaka
mw,254722,stotrarAja,cf,stava-rAja
mw,254760,stomavfdDi,cf,-varDana
mw,254776,stupa,cf,stUpa
mw,254798,stunaka,cf,stuBa
mw,254801,stuB,cf,anu-
mw,254819,stuBa,cf,tuBa
mw,254821,stumB,cf,stamB
mw,254843,stara,cf,pra-
mw,254849,starIman,cf,suzwar˚
mw,254858,stf,cf,tf/
mw,254868,stfkz,cf,tfkz
mw,254870,stfh,cf,tfh
mw,254871,stega,cf,tega
mw,254882,step,cf,stip
mw,254908,styena,cf,stesa
mw,254951,strIgraha,cf,-kzetra
mw,255076,strIloka,cf,-rAjya
mw,255159,sTagara,cf,tagara
mw,255175,sTaRqilaSa,cf,giri-Sa
mw,255193,sTapuwa,cf,sTagu
mw,255298,sTAlin,cf,kara-sT˚
mw,255324,sTapati,cf,nizAda-sT˚
mw,255336,sTA,cf,agni-zWA
mw,255373,sTAtra,cf,BUri-sT˚
mw,255440,sTAnasTAna,cf,sTAna
mw,255467,sTAnaka,cf,patAkA-sT˚
mw,255489,sTAneyogin,cf,sTAna-yoga
mw,255508,sTApanA,cf,sTA-paka
mw,255574,sTAyin,cf,sTAyi-BAva
mw,255589,sTAvara,cf,-rAja
mw,255614,sTAsnu,cf,sTAvara
mw,255652,sTitaliNga,cf,sTiral˚
mw,255733,sTiragati,cf,SanEScara
mw,255882,sTAgala,cf,sTagala
mw,255893,sTAsaka,cf,sTakara
mw,255920,sTavira,cf,sTAvara
mw,255972,sTUra,cf,sTUla
mw,255985,sTUrin,cf,sTOrin
mw,256001,sTUma,cf,syUma
mw,256005,sTUla,cf,yaTA-sT˚
mw,256007,sTUla,cf,sTUla-SarIra
mw,256109,sTUlalakzatva,cf,sTUlalakza
mw,256165,sTUlAzwIva,cf,sTOlAzwIvi
mw,256179,sTUlin,cf,sTUrin
mw,256200,snA,cf,snu
mw,256200,snA,cf,sizRAsu
mw,256207,snA,cf,Gfta-
mw,256225,snAna,cf,zaw-karman
mw,256225,snAna,cf,snAtaka
mw,256269,snAyu,cf,snE
mw,256431,snehana,cf,a-sn˚
mw,256445,snehiti,cf,snI/hiti
mw,256456,snu,cf,pra-√ snu
mw,256479,snuh,cf,sIhuRqa
mw,256516,spandolikA,cf,syand˚
mw,256521,sparD,cf,spfh
mw,256602,spfS,cf,pispfkzu
mw,256606,sparSa,cf,sTAna
mw,256655,sparSAsahatva,cf,sparSAsaha
mw,256658,sparSozmasaMDi,cf,Uzman
mw,256804,sPal,cf,sKal
mw,256856,sPiww,cf,sPiw
mw,256860,sPuw,cf,sPaw
mw,256914,sPuwita,cf,sPuRw
mw,256922,sPowa,cf,narma-sP˚
mw,256965,sPut,cf,Put
mw,256968,sPur,cf,sPar
mw,257015,sPul,cf,sPal
mw,257034,sPUrja,cf,narma-sP˚
mw,257055,sPyakft,cf,sPEyakfta
mw,257075,smi,cf,upa-√ smi
mw,257167,smaraSatru,cf,an-aNga
mw,257170,smaraSAsana,cf,-Satru
mw,257178,smarahara,cf,-Satru
mw,257200,smaraRa,cf,smfti
mw,257218,smarya,cf,smara-smarya
mw,257400,sya,cf,tya/
mw,257402,syagavi,cf,segava
mw,257469,syamantaka,cf,kOstuBa
mw,257490,syumna,cf,syUmaka/
mw,257566,srakva,cf,sfkva
mw,257568,sraj,cf,rajju-sarja
mw,257600,sradDU,cf,SarDa
mw,257614,sriD,cf,a/-sreDat
mw,257630,sravaRa,cf,aSva-sr˚
mw,257656,srAvin,cf,garBa-sr˚
mw,257670,sruva,cf,sru/c
mw,257691,srota,cf,prati-
mw,257716,srotoja,cf,sroto-'Yjana
mw,257725,srOta,cf,SrOta
mw,257835,svagrAma,cf,sOvagrAmika
mw,257997,svapiS,cf,svApiSi
mw,258213,svavAsinI,cf,su-v˚
mw,258266,svasic,cf,su-si/c
mw,258364,svADyAyin,cf,nitya-sv˚
mw,258436,svAvasu,cf,sva/-v˚
mw,258748,svaNg,cf,SvaNg
mw,258776,svaj,cf,pari-zvaj
mw,258792,svadita,cf,su-Sruta
mw,258850,svAdumfdu,cf,sOvAdumfdava
mw,258909,svan,cf,pari-zvan
mw,258981,svapnanaMSana,cf,sv-apna
mw,259026,svapnaj,cf,a/-sv˚
mw,259075,svameka,cf,su-meKa
mw,259079,svar,cf,svf
mw,259152,svarloka,cf,Buvar-
mw,259155.1,svarvat,cf,svar-RiDana
mw,259155.2,svarvanniDana,cf,svar-RiDana
mw,259375,svarRalABa,cf,-nABa
mw,259410,svard,cf,svad
mw,259493,svasti,cf,svasti-devI
mw,259624,svAtta,cf,agni-zvAtta/
mw,259699,svAmika,cf,niH-
mw,259776,svAhA,cf,dur-AhA
mw,259801,svid,cf,kuvid
mw,260009,svftIka,cf,smftIka
mw,260151,haMsarAmapraSna,cf,-cakra-pr˚
mw,260201,haMsakAyana,cf,hAMs˚
mw,260205,haMsira,cf,hasira
mw,260209,haMho,cf,ham
mw,260231,hawwa,cf,awwa
mw,260256,haWapradIpikA,cf,-yoga
mw,260288,haRqA,cf,haYjA
mw,260297,han,cf,vaD
mw,260450,hantu,cf,su-h˚
mw,260546,ham,cf,haMho
mw,260549,hamIpurya,cf,hammIra
mw,260560,hay,cf,hayat
mw,260645,hayaSIrza,cf,-Siras
mw,260664,hayAsya,cf,haya-grIva
mw,260669,hayana,cf,hAyana
mw,260825,hAraBUrA,cf,-hUrA
mw,260835.1,hArahUrA,cf,hara-h˚
mw,260853,hAram,cf,sarvasvah˚
mw,260924,hari,cf,hari-varza
mw,260964,harigopaka,cf,indra-g˚
mw,260982,harinEgumezin,cf,nEgameza
mw,260996,haridarBa,cf,harid-garBa
mw,261145,hariyojana,cf,hAriy˚
mw,261235.1,hariScandra,cf,sOBa
mw,261319,harihetihUti,cf,cakra-vAka
mw,261625,harmita,cf,Garma
mw,261642,harmyezWA,cf,Garmye-zWA
mw,261658,harza,cf,SrI-harza
mw,261825,hAla,cf,halaDara
mw,261858,hAlAhala,cf,halAhala
mw,261932,havirDAna,cf,havir-DAman
mw,261941,havirDAman,cf,havir-DAna
mw,261965,havizkft,cf,hAvizkfta
mw,262133,hasira,cf,haMsira
mw,262144,hasta,cf,keSa-h˚
mw,262169,hastagrAha,cf,-grABa/
mw,262184,hastatra,cf,-Gna/
mw,262277,hastAhasti,cf,keSA-keSi
mw,262432,hastin,cf,dantah˚
mw,262488,hahala,cf,halAhala
mw,262489,hahava,cf,hAhava
mw,262630,hAkinI,cf,qAkinI
mw,262649,hAqikA,cf,haRqikA
mw,262663,hAmbIrI,cf,nawwa-hambIrA
mw,262666,hAyana,cf,hayana
mw,262679,hAyi,cf,hAi
mw,262713,hAhava,cf,hahava
mw,262717,hi,cf,hay
mw,262729,hi,cf,ha
mw,262738,hiMsaka,cf,hiMsA-karman
mw,262790,hikkA,cf,hekkA
mw,262809,hiNgunAqikA,cf,nAqI-hiNgu
mw,262850,hiRq,cf,A-
mw,262851,hiRqaka,cf,rata-h˚
mw,262867,hita,cf,Dita
mw,262937,hintAla,cf,tAla
mw,262946,hindolaya,cf,andolaya
mw,262955,hima,cf,hima-kara
mw,262957,himA,cf,varza/
mw,263003,himaJawi,cf,ku-jjhawi
mw,263148,hirA,cf,hitA
mw,263315,hiraRyavAha,cf,-bAhu
mw,263366,hiraRyava,cf,su/-
mw,263380,hiruk,cf,huruk
mw,263384,hila,cf,hetu-h˚
mw,263395,hillola,cf,hindola
mw,263404.2,hI,cf,hIhI
mw,263406,hIq,cf,heq
mw,263438,hIlanA,cf,helana
mw,263529,huRq,cf,BuRq
mw,263530,huRqa,cf,huqa
mw,263538,huRqana,cf,vi-huRqana
mw,263578,hula,cf,huqa
mw,263588,hulu,cf,huqu
mw,263599,huhava,cf,hahava
mw,263608,hUq,cf,hruq
mw,263626,hf,cf,jihIrzA
mw,263626,hf,cf,saM-√ hf
mw,263664,hfRIya,cf,a/-hf˚
mw,263802,hfdayaleKa,cf,hfl-l˚
mw,263873,hfdika,cf,hArdikya
mw,263934,hfzIkeSa,cf,hfzI-vat
mw,263949,hfzwa,cf,hfzita
mw,263977,heq,cf,hel
mw,263977,heq,cf,vi-√ hel
mw,264002,hetika,cf,Sakti-
mw,264197,hemaDAnya,cf,homa-D˚
mw,264203,hemaparvata,cf,mahAdAna
mw,264246,hemaviBramasUtra,cf,hEm˚
mw,264258,hemasAra,cf,-tAra
mw,264383,hel,cf,hil
mw,264385,helana,cf,hil
mw,264387,helA,cf,avahelA
mw,264415,hez,cf,hrez
mw,264457,hEraRvatI,cf,hiraRvatI
mw,264470,hoq,cf,huq
mw,264643,hnu,cf,apa-
mw,264650,hmal,cf,hval
mw,264662,hrag,cf,hlag
mw,264664,hrada,cf,hrAd
mw,264692,hrasva,cf,laGu
mw,264704,hrasvakuSa,cf,-darBa
mw,264747,hrAd,cf,hlAd
mw,264747,hrAd,cf,nir-
mw,264768,hriRIya,cf,hfnIya
mw,264788,hrIka,cf,nir-hrIka
mw,264821,hrOq,cf,hruq
mw,264823,hlag,cf,hrag
mw,264826,hlas,cf,hras
mw,264827,hlAd,cf,hrAd
mw,264841,hlAdinI,cf,hrAdi-nI
mw,264858,hval,cf,hvf
mw,264863,hvf,cf,hval
pwg,8,aMSa,vgl,aMsa
pwg,14,aMSala,vgl,aMsala
pwg,26,aMSumatPalA,vgl,BAnuPalA
pwg,39,aMsaBAra,vgl,aMseBAra
pwg,43,aMsApay,vgl,aMSApay
pwg,44,aMseBAra,vgl,aMsaBAra
pwg,45,aMseBArika,vgl,aMsaBArika
pwg,47,aMh,vgl,aMhri
pwg,49,aMhati,vgl,aMhas
pwg,49,aMhati,vgl,aMhu
pwg,49,aMhati,vgl,aMhura
pwg,49,aMhati,vgl,aGa
pwg,49,aMhati,vgl,aNGas
pwg,50,aMhati,vgl,aMhatI
pwg,61,aMhri,vgl,aNGri
pwg,64,ak,vgl,ag
pwg,79,akarmaka,vgl,sakarmaka
pwg,95,akARqa,vgl,akARqe
pwg,111,akAlajaladodaya,vgl,akAlameGodaya
pwg,112,akAlameGodaya,vgl,akAlajaladodaya
pwg,118,akutas,vgl,akutoBaya
pwg,124,akula,vgl,nakulA
pwg,127,akUpAra,vgl,akUvAra
pwg,127,akUpAra,vgl,AkUvAra
pwg,127,akUpAra,vgl,kUpAra
pwg,127,akUpAra,vgl,avArapAra
pwg,127,akUpAra,vgl,dUrapAra
pwg,147,aktA,vgl,aktu
pwg,148,aktu,vgl,aktA/
pwg,149,akna,vgl,nyakna
pwg,165,akz,vgl,aS
pwg,175,akzadarSaka,vgl,akzadfS
pwg,176,akzadfS,vgl,akzadarSaka
pwg,185,akzapawala,vgl,akzapAwaka
pwg,188,akzapAwaka,vgl,akzadarSaka
pwg,188,akzapAwaka,vgl,akzadfS
pwg,188,akzapAwaka,vgl,akzapawala
pwg,191,akzamA,vgl,akzAnti
pwg,205,akzaracaYcu,vgl,akzaracaRa
pwg,205,akzaracaYcu,vgl,akzaracuYcu
pwg,205,akzaracaYcu,vgl,akzarajIvaka
pwg,205,akzaracaYcu,vgl,ajarajIvika
pwg,205,akzaracaYcu,vgl,akzarajIvin
pwg,206,akzaracaRa,vgl,akzaracaYcu
pwg,207,akzaracuYcu,vgl,akzaracaYcu
pwg,209,akzarajIvaka,vgl,akzarajIvika
pwg,210,akzarajIvika,vgl,akzarajIvaka
pwg,211,akzarajIvin,vgl,akzarajIvaka
pwg,213,akzaranyAsa,vgl,akzaravinyAsa
pwg,218,akzaravinyAsa,vgl,akzaranyAsa
pwg,220,akzarasaMsTAna,vgl,akzaranyAsa
pwg,229,akzasUtra,vgl,akzamAlA
pwg,230,akzAgrakIla,vgl,akzAgrakIlaka
pwg,233,akzAnti,vgl,akzamA
pwg,235,akzArAlavaRASin,vgl,akzAralavaRa
pwg,239,akzika,vgl,akzIka
pwg,240,akzikUwa,vgl,akzikUwaka
pwg,241,akzikUwaka,vgl,akzikUwa
pwg,254,akziva,vgl,akzIva
pwg,258,akzIva,vgl,akziva
pwg,268,akzEtrajYya,vgl,A˚
pwg,269,akzowa,vgl,akzoqa
pwg,269,akzowa,vgl,akzoqaka
pwg,269,akzowa,vgl,Akzowa
pwg,269,akzowa,vgl,Akzoqa
pwg,290,aKila,vgl,aKilena
pwg,293,aKewika,vgl,AKewika
pwg,295,aKedin,vgl,aKeditva
pwg,299,aga,vgl,ag
pwg,300,aga,vgl,agacCa
pwg,300,aga,vgl,agama
pwg,301,agacCa,vgl,aga
pwg,301,agacCa,vgl,agama
pwg,309,agama,vgl,aga
pwg,309,agama,vgl,agacCa
pwg,310,agamya,vgl,agamyAgamana
pwg,311,agamyAgamana,vgl,agamyAgamanIya
pwg,313,agarI,vgl,garI
pwg,313,agarI,vgl,KarAgarI
pwg,314,agaru,vgl,aguru
pwg,317,agasti,vgl,agastya
pwg,327,agADa,vgl,AgADa
pwg,329,agAra,vgl,AgAra
pwg,329,agAra,vgl,agnyagAra
pwg,329,agAra,vgl,anagAra
pwg,333,agu,vgl,ago
pwg,335,aguru,vgl,agaru
pwg,335,aguru,vgl,aguruSiMSapA
pwg,336,aguruSiMSapA,vgl,aguru
pwg,340,ago,vgl,agu
pwg,345,agOkas,vgl,nagOkas
pwg,350,agnika,vgl,agniraja
pwg,363,agnigarBa,vgl,agnidIptA
pwg,372,agnijanman,vgl,agniBU
pwg,385,agnitraya,vgl,agnitretA
pwg,388,agnida,vgl,agnidAyaka
pwg,389,agnidagDa,vgl,agnizvAtta
pwg,389,agnidagDa,vgl,anagnidagDa
pwg,396,agnidIpta,vgl,agnigarBA
pwg,402,agninakzatra,vgl,agnidevA
pwg,405,agninunna,vgl,agnimUQa
pwg,411,agnipucCa,vgl,yajYapucCa
pwg,420,agniBU,vgl,agnijanman
pwg,437,agniyojana,vgl,agnivimocana
pwg,439,agniraja,vgl,agnika
pwg,446,agnivant,vgl,agnimant
pwg,453,agnivAha,vgl,vAyuvAha
pwg,455,agnivimocana,vgl,agniyojana
pwg,458,agnivIrya,vgl,agnivIja
pwg,460,agnivESya,vgl,AgniveSya
pwg,461,agnivESyAyana,vgl,AgniveSyAyana
pwg,469,agniSeKara,vgl,agniSiKa
pwg,492,agnihotrahavaRI,vgl,havirgrahaRI
pwg,509,agnyagAra,vgl,agniSAla
pwg,512,agnyADAna,vgl,agnyADeya
pwg,515,agnyAhita,vgl,agnyADAna
pwg,515,agnyAhita,vgl,agnyADeya
pwg,526,agraja,vgl,agrajanman
pwg,526,agraja,vgl,agrajA
pwg,526,agraja,vgl,agrajAtaka
pwg,526,agraja,vgl,agrajAti
pwg,528,agrajanman,vgl,agraja
pwg,530,agrajAtaka,vgl,agraja
pwg,531,agrajAti,vgl,agraja
pwg,538,agranaKa,vgl,naKAgra
pwg,539,agranAsikA,vgl,nAsikAgra
pwg,559,agraha,vgl,gfhin
pwg,561,agrahAyaRa,vgl,AgrahAyaRa
pwg,565,agrAnIka,vgl,agra
pwg,571,agriya,vgl,agrIya
pwg,572,agrIya,vgl,agriya
pwg,590,agrya,vgl,agriya
pwg,591,aGa,vgl,aMhas
pwg,591,aGa,vgl,aNGas
pwg,596,aGay,vgl,aGAy
pwg,601,aGaSaMsa,vgl,aGaSaMsin
pwg,606,aGAy,vgl,aGay
pwg,614,aGoracakzus,vgl,aGora
pwg,621,aGnya,vgl,aGnya/
pwg,624,aNk,vgl,aNkay
pwg,624,aNk,vgl,aNg
pwg,624,aNk,vgl,aNgay
pwg,628,aNkati,vgl,aNgati
pwg,628,aNkati,vgl,aYcati
pwg,632,aNkapAli,vgl,aNkapAlikA
pwg,632,aNkapAli,vgl,aNkapAlI
pwg,632,aNkapAli,vgl,aNgapAli
pwg,633,aNkapAlikA,vgl,aNkolikA
pwg,635,aNkabanDa,vgl,kubanDa
pwg,636,aNkay,vgl,aNk
pwg,636,aNkay,vgl,aNg
pwg,636,aNkay,vgl,aNgay
pwg,637,aNkaloqya,vgl,aNgaloqya
pwg,638,aNkas,vgl,aNka
pwg,639,aNkasa,vgl,aNka
pwg,640,aNkANka,vgl,aNkupa
pwg,643,aNkI,vgl,aNkin
pwg,645,aNkuwa,vgl,aNka
pwg,645,aNkuwa,vgl,aNkuSa
pwg,646,aNkupa,vgl,aNkANka
pwg,646,aNkupa,vgl,aNkura
pwg,647,aNkura,vgl,aNkUra
pwg,655,aNkUyant,vgl,aNka
pwg,655,aNkUyant,vgl,aNkas
pwg,656,aNkUra,vgl,aNkura
pwg,658,aNkowa,vgl,aNkoWa
pwg,658,aNkowa,vgl,aNkola
pwg,658,aNkowa,vgl,aNkolaka
pwg,658,aNkowa,vgl,aNkollasAra
pwg,667,aNg,vgl,aNk
pwg,675,aNgajanus,vgl,aNgaja
pwg,676,aNgajvara,vgl,aNgaBeda
pwg,677,aNgaRa,vgl,aNgana
pwg,678,aNgati,vgl,aNkati
pwg,686,aNgaBeda,vgl,aNgajvara
pwg,687,aNgamarda,vgl,aNgamardaka
pwg,687,aNgamarda,vgl,aNgamardin
pwg,694,aNgarAj,vgl,aNgarAja
pwg,699,aNgaloqya,vgl,aNkaloqya
pwg,707,aNgahAra,vgl,aNgahAri
pwg,711,aNgADipa,vgl,aNgarAj
pwg,716,aNgArakuzWaka,vgl,aNgAra
pwg,717,aNgAraDAnikA,vgl,aNgAraDAnI
pwg,717,aNgAraDAnikA,vgl,aNgArapAtrI
pwg,717,aNgAraDAnikA,vgl,aNgAraSakawI
pwg,725,aNgAravallarI,vgl,aNgAravallI
pwg,726,aNgAravallI,vgl,aNgAravallarI
pwg,738,aNgir,vgl,aNgira
pwg,740,aNgiras,vgl,aNgira
pwg,740,aNgiras,vgl,aNgirastama
pwg,740,aNgiras,vgl,aNgirasvat
pwg,740,aNgiras,vgl,aNgirasvant
pwg,740,aNgiras,vgl,aNgirasa
pwg,745,aNgirasvant,vgl,marutvant
pwg,752,aNguri,vgl,aNga
pwg,752,aNguri,vgl,aNgurI
pwg,752,aNguri,vgl,aNguli
pwg,752,aNguri,vgl,aNguzWa
pwg,756,aNgula,vgl,aNguri
pwg,756,aNgula,vgl,aNgulaka
pwg,756,aNgula,vgl,aNguli
pwg,756,aNgula,vgl,aNguzWa
pwg,758,aNguli,vgl,aNga
pwg,758,aNguli,vgl,aNguri
pwg,758,aNguli,vgl,aNgula
pwg,758,aNguli,vgl,aNgulI
pwg,758,aNguli,vgl,aNguzWa
pwg,761,aNgulitrARa,vgl,goDA
pwg,773,aNguzWa,vgl,aNga
pwg,773,aNguzWa,vgl,aNguri
pwg,773,aNguzWa,vgl,aNgula
pwg,773,aNguzWa,vgl,aNguli
pwg,775,aNgUza,vgl,aNgozin
pwg,775,aNgUza,vgl,ANgUza
pwg,777,aNgozin,vgl,aNgUza
pwg,779,aNG,vgl,aMh
pwg,780,aNGa,vgl,aMhas
pwg,780,aNGa,vgl,aNGas
pwg,781,aNGas,vgl,aMhas
pwg,781,aNGas,vgl,aNGa
pwg,784,aNGri,vgl,aMhri
pwg,784,aNGri,vgl,aNG
pwg,785,aNGrinAmaka,vgl,aNGrinAman
pwg,786,aNGrinAman,vgl,aNGrinAmaka
pwg,788,aNGriparRI,vgl,aNGrivalli
pwg,791,ac,vgl,aYcay
pwg,791,ac,vgl,udAca
pwg,791,ac,vgl,nyAca
pwg,811,acit,vgl,acitti
pwg,811,acit,vgl,acetAna
pwg,813,acitti,vgl,acit
pwg,813,acitti,vgl,acetAna
pwg,818,aciradyuti,vgl,acirapraBa
pwg,818,aciradyuti,vgl,aciraBAs
pwg,818,aciradyuti,vgl,acirarocis
pwg,818,aciradyuti,vgl,acirAMSu
pwg,818,aciradyuti,vgl,acirABa
pwg,819,acirapraBa,vgl,aciradyuti
pwg,820,aciraBAs,vgl,aciradyuti
pwg,821,aciram,vgl,acirAt
pwg,821,aciram,vgl,acireRa
pwg,822,acirarocis,vgl,aciradyuti
pwg,823,acirAMSu,vgl,aciradyuti
pwg,824,acirAt,vgl,aciram
pwg,824,acirAt,vgl,acireRa
pwg,826,acireRa,vgl,aciram
pwg,826,acireRa,vgl,acirAt
pwg,830,acetAna,vgl,acit
pwg,830,acetAna,vgl,acitti
pwg,836,acCa,vgl,acCAvAka
pwg,836,acCa,vgl,acCeta
pwg,836,acCa,vgl,acCokti
pwg,838,acCaBalla,vgl,acCa
pwg,856,acCowana,vgl,AcCodana
pwg,867,acyutamUrti,vgl,acyuta
pwg,889,ajagAva,vgl,ajagava
pwg,893,ajawA,vgl,ajaqA
pwg,893,ajawA,vgl,ajJawA
pwg,895,ajatva,vgl,ajAtva
pwg,896,ajaTyA,vgl,aviTyA
pwg,899,ajana,vgl,goajana
pwg,903,ajani,vgl,aSvAjani
pwg,908,ajapada,vgl,ajapAda
pwg,910,ajapAda,vgl,ajapAd
pwg,955,ajAtaSatru,vgl,ajAtAri
pwg,963,ajAneya,vgl,AjAneya
pwg,964,ajAntrI,vgl,antrI
pwg,964,ajAntrI,vgl,CagalAntrI
pwg,973,aji,vgl,aYji
pwg,974,ajikA,vgl,ajakA
pwg,982,ajinapatrA,vgl,˚patrikA
pwg,982,ajinapatrA,vgl,˚patrI
pwg,984,ajinapatrI,vgl,˚patrA
pwg,998,ajIkava,vgl,ajakava
pwg,998,ajIkava,vgl,ajagava
pwg,998,ajIkava,vgl,ajagAva
pwg,998,ajIkava,vgl,Ajagava
pwg,1001,ajItapunarvaRya,vgl,aparijyAni
pwg,1022,ajJawA,vgl,ajawA
pwg,1035,ajma,vgl,ajman
pwg,1039,ajra,vgl,urvajra
pwg,1049,aYcay,vgl,aYj
pwg,1053,aYjaka,vgl,AYjika
pwg,1079,aYji,vgl,aji
pwg,1087,aw,vgl,at
pwg,1092,awani,vgl,awanI
pwg,1096,awarUzaka,vgl,AwarUza
pwg,1097,awavi,vgl,awavI
pwg,1110,awwana,vgl,aqqana
pwg,1119,awwAwwahAsa,vgl,awwahAsa
pwg,1121,awwAla,vgl,awwAlaka
pwg,1129,aW,vgl,aw
pwg,1129,aW,vgl,aRW
pwg,1135,aqqana,vgl,aqq
pwg,1135,aqqana,vgl,ajJala
pwg,1135,aqqana,vgl,awwana
pwg,1137,aR,vgl,an
pwg,1138,aRaka,vgl,aRiman
pwg,1138,aRaka,vgl,aRu
pwg,1138,aRaka,vgl,anaka
pwg,1138,aRaka,vgl,ARaka
pwg,1142,aRi,vgl,ARi
pwg,1153,aRu,vgl,aRi
pwg,1153,aRu,vgl,aRiman
pwg,1153,aRu,vgl,aRizWa
pwg,1153,aRu,vgl,aRIyaMs
pwg,1153,aRu,vgl,kaRa
pwg,1159,aRuBA,vgl,acirapraBA
pwg,1159,aRuBA,vgl,aciraBAs
pwg,1168,aRW,vgl,aw
pwg,1168,aRW,vgl,aW
pwg,1169,aRqa,vgl,ARqa
pwg,1176,aRqaja,vgl,ARqaja
pwg,1178,aRqaDara,vgl,aRqa
pwg,1183,aRqAlu,vgl,aRqaja
pwg,1188,at,vgl,aw
pwg,1214,atasi,vgl,atasAyya
pwg,1216,atikaTa,vgl,itikaTa
pwg,1217,atikaTA,vgl,itikaTA
pwg,1245,atiguhA,vgl,guhA
pwg,1289,atiTin,vgl,atiTi
pwg,1314,atinivft,vgl,atipAdanivft
pwg,1328,atipAdanivft,vgl,atinivft
pwg,1366,atimarSa,vgl,vyatimarSa
pwg,1375,atimukta,vgl,atimuktaka
pwg,1378,atimukti,vgl,atimokza
pwg,1385,atiyaSa,vgl,atiyaSas
pwg,1407,atireka,vgl,atIreka
pwg,1410,atiromaSa,vgl,atilomaSa
pwg,1418,atilomaSa,vgl,atiromaSa
pwg,1433,ativiza,vgl,vizA
pwg,1433,ativiza,vgl,prativizA
pwg,1433,ativiza,vgl,upavizA
pwg,1456,atiSarvara,vgl,apiSarvara
pwg,1478,atisaMDita,vgl,atisaMDAna
pwg,1487,atisAra,vgl,atIsAra
pwg,1540,atorTam,vgl,atonimittam
pwg,1542,atkIla,vgl,utkIla
pwg,1548,atti,vgl,attA
pwg,1550,atna,vgl,atnu
pwg,1551,atnu,vgl,atna
pwg,1613,atraBavant,vgl,tatraBavant
pwg,1636,aTarya,vgl,aTari
pwg,1639,aTarvaRa,vgl,aTarvan
pwg,1644,aTarvaveda,vgl,aTarvan
pwg,1644,aTarvaveda,vgl,aTarvANgiras
pwg,1644,aTarvaveda,vgl,brahmaveda
pwg,1684,adaya,vgl,nirdaya
pwg,1717,aditija,vgl,aditinandana
pwg,1734,adfpita,vgl,apradfpita
pwg,1862,aDapriya,vgl,kaDapriya
pwg,1889,aDarottara,vgl,uttarADara
pwg,1903,aDas,vgl,aDama
pwg,1907,aDastAt,vgl,aDas
pwg,1910,aDAmArgava,vgl,apAmArga
pwg,1914,aDi,vgl,aDas
pwg,1917,aDika,vgl,aDikam
pwg,1921,aDikaraRa,vgl,aDikAra
pwg,1926,aDikarmakara,vgl,SuSrUzaka
pwg,1927,aDikarmakft,vgl,SuSrUzaka
pwg,1936,aDikAra,vgl,aDikaraRa
pwg,1945,aDikzepa,vgl,aDyaDikzepa
pwg,1959,aDijihva,vgl,dvijihva
pwg,1964,aDityakA,vgl,upatyakA
pwg,1975,aDipa,vgl,aDipA
pwg,1975,aDipa,vgl,janADipa
pwg,1975,aDipa,vgl,nagarADipa
pwg,1975,aDipa,vgl,narADipa
pwg,1975,aDipa,vgl,manujADipa
pwg,1975,aDipa,vgl,surADipa
pwg,1991,aDimanTa,vgl,aDImanTa
pwg,1991,aDimanTa,vgl,hatADimanTa
pwg,1991,aDimanTa,vgl,manTa
pwg,2007,aDirAja,vgl,ajirADirAja
pwg,2022,aDivAsa,vgl,aDIvAsa
pwg,2045,aDIna,vgl,aDyaDIna
pwg,2045,aDIna,vgl,anaDInaka
pwg,2045,aDIna,vgl,parADIna
pwg,2045,aDIna,vgl,svADIna
pwg,2064,aDoakza,vgl,aDo'kzam
pwg,2077,aDoBakta,vgl,pragBakta
pwg,2094,aDyaRqA,vgl,aDyARqA
pwg,2174,aDvan,vgl,kfzRADvan
pwg,2174,aDvan,vgl,prADvan
pwg,2174,aDvan,vgl,vyaDvan
pwg,2187,aDvaraSrI,vgl,yajYaSrI
pwg,2189,aDvarIy,vgl,aDvary
pwg,2195,aDvADipa,vgl,aDveSa
pwg,2199,an,vgl,anavAnam
pwg,2201,ana,vgl,anavant
pwg,2206,anakadunduBa,vgl,AnakadunduBi
pwg,2220,anagnidagDa,vgl,agnidagDa
pwg,2243,anaquhI,vgl,anaqvAhI
pwg,2246,anaqvAhI,vgl,anaquhI
pwg,2251,anativyADya,vgl,ativyADin
pwg,2251,anativyADya,vgl,anAvyADa
pwg,2267,anantajit,vgl,ananta
pwg,2271,anantatftIyA,vgl,anantavrata
pwg,2278,anantara,vgl,anantaram
pwg,2297,anantya,vgl,Anantya
pwg,2312,anapakarman,vgl,anapakriyA
pwg,2326,anapavAcana,vgl,apavaktar
pwg,2362,anambara,vgl,nagna
pwg,2386,analadIpana,vgl,agnidIpana
pwg,2420,anavarArDya,vgl,parArDya
pwg,2437,anavekzam,vgl,anapekza
pwg,2454,anasUya,vgl,anusUyA
pwg,2456,anasUyA,vgl,anasUya
pwg,2460,anasTa,vgl,anasTan
pwg,2460,anasTa,vgl,anasTika
pwg,2476,anAga,vgl,anAgas
pwg,2482,anAgas,vgl,anAga
pwg,2554,anAyuDa,vgl,yajYAyuDa
pwg,2555,anAyuzA,vgl,anAyus
pwg,2568,anAryaka,vgl,anAryaja
pwg,2568,anAryaka,vgl,aguru
pwg,2572,anAryatikta,vgl,kirAtatikta
pwg,2584,anAvraska,vgl,yUpavraska
pwg,2596,anAsTAna,vgl,anAramBaRa
pwg,2606,anikzu,vgl,ikzutulyA
pwg,2624,anibadDa,vgl,anAyata
pwg,2633,animizam,vgl,a/nimizA
pwg,2639,animezam,vgl,animizam
pwg,2681,anIka,vgl,caturanIka
pwg,2681,anIka,vgl,jyotiranIka
pwg,2681,anIka,vgl,tigmAnIka
pwg,2681,anIka,vgl,tryanIka
pwg,2681,anIka,vgl,purvaRIka
pwg,2681,anIka,vgl,svanIka
pwg,2696,anu,vgl,nu
pwg,2698,anuka,vgl,aBika
pwg,2709,anukaraRa,vgl,anukfti
pwg,2730,anukftya,vgl,anAnukftya
pwg,2737,anukrI,vgl,sadyaHkrI
pwg,2777,anutara,vgl,Atara
pwg,2779,anutarzaRa,vgl,anutarza
pwg,2780,anutApa,vgl,sAnutApa
pwg,2800,anudita,vgl,avadya
pwg,2840,anupadInA,vgl,anupadam
pwg,2859,anupAvftta,vgl,u˚
pwg,2861,anupuzpa,vgl,Sara
pwg,2862,anupUrva,vgl,anupUrvya
pwg,2862,anupUrva,vgl,anupUrvaSas
pwg,2876,anupraveSa,vgl,anuveSa
pwg,2888,anuboDa,vgl,praboDana
pwg,2901,anuBUti,vgl,anuBava
pwg,2926,anumlocA,vgl,pramlocA
pwg,3000,anuvazawkAra,vgl,vazawkAra
pwg,3007,anuvAkyA,vgl,yAjyA
pwg,3007,anuvAkyA,vgl,puro'nuvAkyA
pwg,3018,anuvAsya,vgl,anuvAsana
pwg,3033,anuveSa,vgl,anupraveSa
pwg,3063,anuzak,vgl,Anuzak
pwg,3077,anuzWu,vgl,anuzWA
pwg,3077,anuzWu,vgl,anuzWuyA
pwg,3077,anuzWu,vgl,anuzWyA
pwg,3080,anuzWyA,vgl,anuzWu
pwg,3082,anuzRagu,vgl,SItagu
pwg,3096,anusaraRa,vgl,anusAra
pwg,3121,anuha,vgl,aRuha
pwg,3130,anUka,vgl,anvaYc
pwg,3168,anfca,vgl,anfc
pwg,3176,anftadeva,vgl,antideva
pwg,3185,anekaja,vgl,dvija
pwg,3187,anekapa,vgl,dvipa
pwg,3215,ant,vgl,and
pwg,3215,ant,vgl,Int
pwg,3254,antacara,vgl,antapAla
pwg,3256,antapAla,vgl,antacara
pwg,3258,antama,vgl,antara
pwg,3268,antaradiSA,vgl,antarAdiS
pwg,3268,antaradiSA,vgl,antardeSa
pwg,3281,antarAdiS,vgl,antaradiSA
pwg,3281,antarAdiS,vgl,antardeSa
pwg,3292,antarikza,vgl,antarIkza
pwg,3312,antargatamanas,vgl,antarmanas
pwg,3315,antarGaRa,vgl,antarGana
pwg,3315,antarGaRa,vgl,antarhanana
pwg,3340,antarmanas,vgl,antargatamanas
pwg,3353,antarvaMSika,vgl,antaHpurika
pwg,3353,antarvaMSika,vgl,antarveSmika
pwg,3356,antarvami,vgl,antraMDami
pwg,3369,antarhanana,vgl,antarGaRa
pwg,3369,antarhanana,vgl,antarGana
pwg,3380,antaHSilA,vgl,antraSilA
pwg,3403,anti,vgl,antikA
pwg,3409,antideva,vgl,anftadeva
pwg,3416,anteguru,vgl,maDyeguru
pwg,3432,antyavipulA,vgl,Adivi˚
pwg,3432,antyavipulA,vgl,uBayavi˚
pwg,3433,antyAvasAyin,vgl,antAvasAyin
pwg,3437,antrakUja,vgl,antravikUjana
pwg,3438,antraMDami,vgl,antarvami
pwg,3445,andikA,vgl,antika
pwg,3451,andolay,vgl,dolay
pwg,3451,andolay,vgl,hindolay
pwg,3451,andolay,vgl,hillolay
pwg,3468,anDatAmasa,vgl,anDAtamasa
pwg,3477,anDas,vgl,anDa
pwg,3479,anDAtamasa,vgl,anDatAmasa
pwg,3523,anya,vgl,anyatara
pwg,3523,anya,vgl,anyatama
pwg,3525,anyakAma,vgl,anyatkAma
pwg,3534,anyajAta,vgl,anyakfta
pwg,3538,anyatama,vgl,anyatara
pwg,3539,anyatara,vgl,anyatama
pwg,3539,anyatara,vgl,anyatarasyAm
pwg,3549,anyatkAma,vgl,anyakAma
pwg,3572,anyapuzwa,vgl,kAkapuzwa
pwg,3572,anyapuzwa,vgl,anyaBft
pwg,3572,anyapuzwa,vgl,anyaBfta
pwg,3572,anyapuzwa,vgl,anyavApa
pwg,3573,anyapUrvA,vgl,ananyapUrvA
pwg,3575,anyaBft,vgl,anyapuzwa
pwg,3579,anyamAtfja,vgl,anyodarya
pwg,3590,anyavApa,vgl,anyapuzwa
pwg,3608,anyonya,vgl,itaretara
pwg,3618,anvaya,vgl,anvavAya
pwg,3622,anvavacAra,vgl,anvavAyana
pwg,3624,anvavAya,vgl,anvaya
pwg,3625,anvavAyana,vgl,anvavacAra
pwg,3633,anvAdeSa,vgl,anudeSa
pwg,3633,anvAdeSa,vgl,anUkta
pwg,3633,anvAdeSa,vgl,anUkti
pwg,3644,anvAramBaRIyA,vgl,AramBaRIyA
pwg,3674,apakarman,vgl,apakriyA
pwg,3674,apakarman,vgl,apAkarman
pwg,3688,apakrama,vgl,apakrAma
pwg,3691,apakrAma,vgl,apakrama
pwg,3730,apawAntara,vgl,apadAntara
pwg,3738,apatAnaka,vgl,apatantra
pwg,3764,apadakziRam,vgl,apasavyam
pwg,3765,apadAna,vgl,avadAna
pwg,3795,apapAtra,vgl,apapAtrita
pwg,3796,apapAtrita,vgl,apapAtra
pwg,3809,apama,vgl,apara
pwg,3817,apamityaka,vgl,Apa˚
pwg,3824,apara,vgl,avara
pwg,3846,aparapara,vgl,aparaspara
pwg,3850,aparam,vgl,apara/m
pwg,3867,aparAdDapfzatka,vgl,aparAdDezu
pwg,3870,aparADa,vgl,anaparADa
pwg,3872,aparADaya,vgl,uparADaya
pwg,3874,aparAnta,vgl,parAnta
pwg,3877,aparAparaRa,vgl,paraMpara
pwg,3877,aparAparaRa,vgl,paraspara
pwg,3931,apavaktar,vgl,apavAcana
pwg,3932,apavana,vgl,upavana
pwg,3935,apavarga,vgl,apavarjana
pwg,3936,apavarjana,vgl,apasarjana
pwg,3940,apavAda,vgl,avavAda
pwg,3944,apavAritaka,vgl,apavArya
pwg,3963,apaSabda,vgl,apaMBraSa
pwg,3977,apaSraya,vgl,upaSrI
pwg,3980,apazWa,vgl,apAzWa
pwg,3984,apas,vgl,apnas
pwg,3984,apas,vgl,Apas
pwg,3984,apas,vgl,naryApas
pwg,3990,apasarjana,vgl,apavarjana
pwg,3991,apasarpa,vgl,avasarpa
pwg,4039,apAka,vgl,apAkA
pwg,4039,apAka,vgl,apAkacakzas
pwg,4039,apAka,vgl,apAkAt
pwg,4039,apAka,vgl,apAkesTa
pwg,4065,apAcIna,vgl,avAcIna
pwg,4066,apAcya,vgl,apAYc
pwg,4097,apAMpitta,vgl,appitta
pwg,4100,apAra,vgl,avAra
pwg,4102,apArRa,vgl,aByarRa
pwg,4115,apAzWa,vgl,apazWa
pwg,4149,apIti,vgl,apyaya
pwg,4150,apInasa,vgl,pInasa
pwg,4152,apu,vgl,aptu
pwg,4169,apUpa,vgl,pUpa
pwg,4198,apogaRqa,vgl,pogaRqa
pwg,4201,apodikA,vgl,upodikA
pwg,4214,aptas,vgl,apas
pwg,4214,aptas,vgl,apnas
pwg,4214,aptas,vgl,Apas
pwg,4216,aptur,vgl,aptu
pwg,4227,appitta,vgl,apAMpitta
pwg,4229,apya,vgl,Apya
pwg,4232,apyaya,vgl,apIti
pwg,4238,aprakfzwa,vgl,apakfzwa
pwg,4248,apraja,vgl,aprajas
pwg,4256,aprati,vgl,apratA
pwg,4291,apradfpita,vgl,adfpita
pwg,4335,aprAyus,vgl,aprAyu
pwg,4382,abanDya,vgl,PalAbanDya
pwg,4414,abjavAhana,vgl,abdavAhana
pwg,4424,abdavAhana,vgl,abjavAhana
pwg,4428,abdEvata,vgl,abliNga
pwg,4438,abDyagni,vgl,vaqavAgni
pwg,4450,abliNga,vgl,abdEvata
pwg,4466,aBava,vgl,aBAva
pwg,4470,aBAva,vgl,aBava
pwg,4480,aBikftvan,vgl,aBikaraRa
pwg,4480,aBikftvan,vgl,kftvarI
pwg,4540,aBidakziRam,vgl,pradakziRam
pwg,4561,aBiDyA,vgl,aBiDyAna
pwg,4581,aBinizkArin,vgl,aBikftvan
pwg,4594,aBipitva,vgl,apapitva
pwg,4599,aBipradakziRam,vgl,aBidakziRam
pwg,4600,aBipraBaNgin,vgl,aBiBaNga
pwg,4605,aBiprAtar,vgl,aBisAyam
pwg,4648,aBimAti,vgl,˚mAtin
pwg,4650,aBimAtin,vgl,˚mAti
pwg,4662,aBimuKam,vgl,aBimuKe
pwg,4664,aBimuKe,vgl,aBimuKam
pwg,4694,aBilApa,vgl,aBIlApalap
pwg,4704,aBivandana,vgl,aBivAdana
pwg,4714,aBivAdana,vgl,aBivandana
pwg,4750,aBiSApa,vgl,aBISApa
pwg,4760,aBizaNga,vgl,aBIzaNga
pwg,4762,aBizavaRI,vgl,aDizavaRa
pwg,4779,aBizwi,vgl,svaBizwi
pwg,4788,aBizyandiramaRa,vgl,SAKAnagara
pwg,4796,aBisattvan,vgl,aBivIra
pwg,4814,aBisAyam,vgl,aBiprAtar
pwg,4863,aBISu,vgl,aBIzu
pwg,4887,aByaDika,vgl,aDika
pwg,4898,aByamita,vgl,aByAnta
pwg,4909,aByarTanIya,vgl,aByarTya
pwg,4912,aByarDa,vgl,apyarDam
pwg,4913,aByarDayajvan,vgl,pratyarDi
pwg,4946,aByAnta,vgl,aByamita
pwg,4959,aByAsa,vgl,aByASa
pwg,4972,aByudaya,vgl,AByudayika
pwg,4976,aByudgama,vgl,aByutTAna
pwg,4983,aByuza,vgl,aByUza
pwg,5023,aBri,vgl,anaBri
pwg,5035,ama,vgl,amA
pwg,5035,ama,vgl,amAt
pwg,5035,ama,vgl,amu
pwg,5036,ama,vgl,amavant
pwg,5038,amaRqa,vgl,maRqa
pwg,5098,amarDant,vgl,amfDra
pwg,5117,amAjur,vgl,pitfzad
pwg,5132,amAvAsya,vgl,AmAvAsya
pwg,5145,amitraKAda,vgl,vftraKAda
pwg,5152,amitray,vgl,amitrAy
pwg,5157,amitrAy,vgl,amitray
pwg,5168,amiza,vgl,Amiza
pwg,5171,amIva,vgl,anamIva
pwg,5182,amutas,vgl,adas
pwg,5185,amuTA,vgl,amuyA
pwg,5187,amumuyaYc,vgl,adadryaYc
pwg,5202,amftagati,vgl,amftamatI
pwg,5206,amftataraMgiRI,vgl,amfta
pwg,5208,amftadIDiti,vgl,amfta
pwg,5225,amftavallI,vgl,amfta
pwg,5242,amftAsaNga,vgl,amftotpanna
pwg,5255,amfDra,vgl,amarDant
pwg,5278,amb,vgl,amB
pwg,5279,amba,vgl,ambA
pwg,5282,ambayA,vgl,ambi
pwg,5299,ambi,vgl,ambayA
pwg,5302,ambikeya,vgl,Ambikeya
pwg,5309,ambukeSara,vgl,amlakeSara
pwg,5348,amBas,vgl,aBra
pwg,5348,amBas,vgl,ambu
pwg,5360,amBoda,vgl,ambuda
pwg,5373,amla,vgl,amba
pwg,5373,amla,vgl,ambla
pwg,5376,amlakeSara,vgl,ambukeSara
pwg,5392,amlaloRikA,vgl,ambazWa
pwg,5431,ayana,vgl,AgrAyaRa
pwg,5431,ayana,vgl,rasAyana
pwg,5431,ayana,vgl,svastyayana
pwg,5449,ayas,vgl,Ayasa
pwg,5462,ayasmaya,vgl,ayomaya
pwg,5486,ayukCada,vgl,saptaparRa
pwg,5488,ayugizu,vgl,paYcezu
pwg,5491,ayugmanetra,vgl,ayuNnetra
pwg,5493,ayuNnetra,vgl,trinetra
pwg,5498,ayutajit,vgl,ayutAjit
pwg,5501,ayutAjit,vgl,ayutajit
pwg,5501,ayutAjit,vgl,SatAjit
pwg,5501,ayutAjit,vgl,sahasrAjit
pwg,5511,ayogava,vgl,Ayogava
pwg,5526,ayopAzWi,vgl,apAzWa
pwg,5527,ayomaya,vgl,ayasmaya
pwg,5537,ara,vgl,aram
pwg,5553,arawu,vgl,araqu
pwg,5581,araRyanfpati,vgl,araRyarAj
pwg,5586,araRyarAj,vgl,araRyanfpati
pwg,5599,araRyOkas,vgl,vAnaprasTa
pwg,5604,aratni,vgl,ratni
pwg,5629,karalu,vgl,arawu
pwg,5661,arigUrta,vgl,arizwuta
pwg,5665,aritra,vgl,nityAritra
pwg,5665,aritra,vgl,svaritra
pwg,5688,arizwapura,vgl,arizwASritapura
pwg,5695,arizwASritapura,vgl,arizwapura
pwg,5698,arizwuta,vgl,arigUrta
pwg,5704,aru,vgl,aruRa
pwg,5711,aruRa,vgl,aruza
pwg,5739,aruza,vgl,aruRa
pwg,5742,aruzka,vgl,aruzkara
pwg,5744,arus,vgl,aru
pwg,5754,are,vgl,re
pwg,5754,are,vgl,arare
pwg,5773,arkacikitsA,vgl,arkaprakASa
pwg,5784,arkaprakASa,vgl,arkacikitsA
pwg,5799,arkasUnu,vgl,arkatanaya
pwg,5807,argaqa,vgl,argala
pwg,5808,argala,vgl,argaqa
pwg,5831,arci,vgl,arcis
pwg,5878,artikA,vgl,attikA
pwg,5903,arTay,vgl,aByarTana
pwg,5926,arTin,vgl,arTay
pwg,5941,arDa,vgl,sArDam
pwg,5950,arDagaNgA,vgl,arDajAhnavI
pwg,5955,arDacandra,vgl,arDendu
pwg,5958,arDajAhnavI,vgl,arDagaNgA
pwg,5990,arDavEnASika,vgl,pUrRavEnASika
pwg,6002,arDin,vgl,svarDin
pwg,6004,arDendu,vgl,arDacandra
pwg,6013,arP,vgl,riP
pwg,6014,arb,vgl,arv
pwg,6016,arbudi,vgl,nyarbudi
pwg,6026,arya,vgl,aryARI
pwg,6037,arv,vgl,arb
pwg,6045,arvavasu,vgl,arvAgvasu
pwg,6053,arvAgvasu,vgl,arvavasu
pwg,6058,arvAvasu,vgl,arvAgvasu
pwg,6071,arz,vgl,fzwi
pwg,6075,arh,vgl,arGa
pwg,6075,arh,vgl,aByarhaRIya
pwg,6076,arha,vgl,anarha
pwg,6076,arha,vgl,yaTArha
pwg,6102,alagarda,vgl,alagarDa
pwg,6102,alagarda,vgl,alIgarda
pwg,6122,alajI,vgl,anDAlajI
pwg,6159,alAsya,vgl,alasa
pwg,6162,alika,vgl,alIka
pwg,6174,alina,vgl,alinda
pwg,6177,alipaka,vgl,ali
pwg,6177,alipaka,vgl,alimaka
pwg,6177,alipaka,vgl,alimpaka
pwg,6177,alipaka,vgl,alimbaka
pwg,6181,alimaka,vgl,alipaka
pwg,6185,alIka,vgl,vyalIka
pwg,6240,avakawikA,vgl,avakuwArikA
pwg,6241,avakara,vgl,avaskara
pwg,6249,avakASa,vgl,aByavakASa
pwg,6249,avakASa,vgl,aBrAvakASika
pwg,6249,avakASa,vgl,aBrAvakASin
pwg,6254,avakuwAra,vgl,avakawa
pwg,6255,avakuwArikA,vgl,avakawikA
pwg,6277,avagaRqa,vgl,yuvagaRqa
pwg,6284,avagAQa,vgl,gAQa
pwg,6338,avata,vgl,avawa
pwg,6339,avataMsa,vgl,avataMsaka
pwg,6351,avatAna,vgl,aSvAvatAna
pwg,6365,avadaraRa,vgl,avadAraRa
pwg,6377,avadya,vgl,anavadya
pwg,6377,avadya,vgl,Areavadya
pwg,6377,avadya,vgl,guhadavadya
pwg,6377,avadya,vgl,niravadya
pwg,6377,avadya,vgl,miToavadyapA
pwg,6378,avadyagohana,vgl,guhadavadya
pwg,6415,avanAwa,vgl,avawIwa
pwg,6415,avanAwa,vgl,avaBrawa
pwg,6443,avapAtrita,vgl,apapAtrita
pwg,6495,avara,vgl,parAvara
pwg,6505,avaravrata,vgl,arkavrata
pwg,6506,avaraSilA,vgl,pUrvaSilA
pwg,6507,avaraSEla,vgl,pUrvaSEla
pwg,6514,avarIRa,vgl,aDarIRa
pwg,6532,avarohikA,vgl,aSvArohA
pwg,6532,avarohikA,vgl,aSvAvarohikA
pwg,6580,avavAda,vgl,apavAda
pwg,6592,avaSyA,vgl,avaSyAya
pwg,6601,avas,vgl,svavas
pwg,6611,avasarpa,vgl,apasarpa
pwg,6615,avasA,vgl,anavasa
pwg,6615,avasA,vgl,pinAkAvasa
pwg,6635,avaskara,vgl,anavaskara
pwg,6665,avahela,vgl,hela
pwg,6672,avAkpuzpI,vgl,aDaHpuzpI
pwg,6701,avArapAra,vgl,pArAvAra
pwg,6703,avArikA,vgl,avarikA
pwg,6720,avikzit,vgl,Avikzita
pwg,6724,avigna,vgl,Avigna
pwg,6833,avekzA,vgl,anavekzaka
pwg,6833,avekzA,vgl,anavekzam
pwg,6853,avyaTa,vgl,avyaTA
pwg,6855,avyaTA,vgl,avyaTa
pwg,6862,avyaya,vgl,avya
pwg,6884,aSana,vgl,aDyaSana
pwg,6884,aSana,vgl,anaSana
pwg,6884,aSana,vgl,piSitASana
pwg,6884,aSana,vgl,hutASana
pwg,6939,aSokatrirAtra,vgl,aSokapUrRimA
pwg,6939,aSokatrirAtra,vgl,aSokazazWI
pwg,6939,aSokatrirAtra,vgl,aSokAzwamI
pwg,6941,aSokapUrRimA,vgl,aSokatrirAtra
pwg,6946,aSokazazWI,vgl,aSokatrirAtra
pwg,6948,aSokAzwamI,vgl,aSokatrirAtra
pwg,6953,aSna,vgl,aSan
pwg,6960,aSmaganDA,vgl,aSvaganDA
pwg,6961,aSmagarBa,vgl,aSmayoni
pwg,6963,aSmaGna,vgl,aSmaBid
pwg,6974,aSmanmaya,vgl,aSmamaya
pwg,6975,aSmanvant,vgl,aSmavant
pwg,6981,aSmamaya,vgl,aSmanmaya
pwg,6982,aSmayoni,vgl,aSmagarBa
pwg,6985,aSmarIGna,vgl,tiktaSAka
pwg,6988,aSmavant,vgl,aSmanvant
pwg,6994,aSmAntaka,vgl,aSmantaka
pwg,6999,aSmotTa,vgl,aSmaja
pwg,7012,aSri,vgl,aSra
pwg,7017,aSrIka,vgl,aSlIka
pwg,7018,aSrIra,vgl,aSlIla
pwg,7019,aSru,vgl,aSra
pwg,7037,aSvaka,vgl,aSmaka
pwg,7039,aSvakarRa,vgl,aSvakarRaka
pwg,7041,aSvakinI,vgl,aSvinI
pwg,7046,aSvaganDA,vgl,aSmaganDA
pwg,7051,aSvaGna,vgl,aSvamAra
pwg,7056,aSvatarASva,vgl,ASvatarASvi
pwg,7070,aSvadA,vgl,anaSvadA
pwg,7074,aSvanibanDika,vgl,aSvabanDa
pwg,7075,aSvanirRij,vgl,aSvapeSas
pwg,7076,aSvanta,vgl,aSmanta
pwg,7096,aSvabuDya,vgl,aSvapeSas
pwg,7097,aSvamahizikA,vgl,aSvAri
pwg,7098,aSvamAra,vgl,aSvaGna
pwg,7098,aSvamAra,vgl,aSvahantar
pwg,7101,aSvamuKa,vgl,aSvavadana
pwg,7103,aSvameDa,vgl,ASvameDa
pwg,7105,aSvameDika,vgl,ASvameDika
pwg,7113,aSvayuja,vgl,ASvayuja
pwg,7122,aSvala,vgl,ASvalAyana
pwg,7125,aSvavaktra,vgl,aSvamuKa
pwg,7127,aSvavadana,vgl,aSvamuKa
pwg,7129,aSvavaha,vgl,aSvavAha
pwg,7132,aSvavAraRa,vgl,aSvAri
pwg,7152,aSvasA,vgl,aSvazA
pwg,7174,aSvAri,vgl,aSvavAraRa
pwg,7179,aSvika,vgl,aSvaka
pwg,7187,aSvya,vgl,svaSvya
pwg,7206,azwataya,vgl,azwAtaya
pwg,7208,azwadaMzwra,vgl,azwAdaMzwra
pwg,7228,azwaSravaRa,vgl,azwakarRa
pwg,7233,azwAtaya,vgl,azwataya
pwg,7246,azwi,vgl,jaradazwi
pwg,7246,azwi,vgl,vyazwi
pwg,7246,azwi,vgl,samazwi
pwg,7247,azwi,vgl,atyazwi
pwg,7256,as,vgl,aBizwi
pwg,7257,as,vgl,atyAsa
pwg,7257,as,vgl,aDyAsa
pwg,7257,as,vgl,upanyAsa
pwg,7257,as,vgl,anuprAsa
pwg,7305,asan,vgl,asfj
pwg,7306,asana,vgl,izvasana
pwg,7307,asana,vgl,aSana
pwg,7332,asamavARa,vgl,ayugizu
pwg,7332,asamavARa,vgl,asamasAyaka
pwg,7332,asamavARa,vgl,asamezu
pwg,7393,asiDArA,vgl,AsiDAra
pwg,7396,asiDenu,vgl,asiputrI
pwg,7408,asimeda,vgl,arimeda
pwg,7408,asimeda,vgl,ahimedaka
pwg,7436,asurarAj,vgl,asurADipa
pwg,7442,asurADipa,vgl,asurarAj
pwg,7452,asUy,vgl,aByasUyaka
pwg,7454,asUyA,vgl,anasUya
pwg,7473,asecana,vgl,Asecanaka
pwg,7497,astAGa,vgl,astAga
pwg,7497,astAGa,vgl,asTAga
pwg,7497,astAGa,vgl,asTAGa
pwg,7499,asti,vgl,svasti
pwg,7512,astrakaRwaka,vgl,asrakaRWa
pwg,7519,asTa,vgl,anasTa
pwg,7526,asTika,vgl,anasTika
pwg,7564,asmanta,vgl,aSmanta
pwg,7686,ahiGnI,vgl,ahihan
pwg,7687,ahicCatra,vgl,ahikzatra
pwg,7696,ahinAmaBft,vgl,ahiBft
pwg,7701,ahiPeRa,vgl,aPena
pwg,7707,ahiBft,vgl,ahinAmaBft
pwg,7721,ahihan,vgl,ahiGnI
pwg,7727,ahIra,vgl,aBIra
pwg,7727,ahIra,vgl,ABIra
pwg,7730,ahISuva,vgl,ahI
pwg,7745,ahopuruzikA,vgl,Aho˚
pwg,7773,Akara,vgl,nikara
pwg,7773,Akara,vgl,saMkara
pwg,7788,Akalya,vgl,Akalpa
pwg,7791,Akaza,vgl,nikaza
pwg,7795,AkANkza,vgl,AkANkzA
pwg,7801,AkAra,vgl,Akfti
pwg,7803,AkAraRa,vgl,AkaraRa
pwg,7817,AkASamAMsI,vgl,aBramAMsI
pwg,7824,AkASasPawika,vgl,KasPawika
pwg,7836,Akula,vgl,paryAkula
pwg,7836,Akula,vgl,vyAkula
pwg,7836,Akula,vgl,saMkula
pwg,7836,Akula,vgl,samAkula
pwg,7844,AkUti,vgl,AkUta
pwg,7848,Akfti,vgl,AkAra
pwg,7854,Akenipa,vgl,kenipa
pwg,7874,AklI,vgl,viklI
pwg,7882,Akzit,vgl,anAkzit
pwg,7910,AKuga,vgl,AKuraTa
pwg,7914,AKuraTa,vgl,AKuga
pwg,7960,AgAtar,vgl,AgAna
pwg,7962,AgAna,vgl,AgAtar
pwg,7965,AgAmin,vgl,anAgAmin
pwg,7967,AgAra,vgl,agAra
pwg,7967,AgAra,vgl,agnyAgAra
pwg,7967,AgAra,vgl,Agara
pwg,7982,AgniveSya,vgl,agnivESya
pwg,7983,AgniveSyAyana,vgl,agnivESyAyana
pwg,7989,AgnIDra,vgl,agnIDra
pwg,8006,AGawwaka,vgl,AGAwa
pwg,8019,AGrAta,vgl,GrA
pwg,8034,ANgUza,vgl,aNgUza
pwg,8055,AcAmanaka,vgl,Acamanaka
pwg,8057,AcAra,vgl,anAcAra
pwg,8076,AcAryAnI,vgl,AcAryA
pwg,8095,AcCodana,vgl,acCowana
pwg,8095,AcCodana,vgl,Akzodana
pwg,8095,AcCodana,vgl,AKewa
pwg,8095,AcCodana,vgl,AKewaka
pwg,8104,Ajagava,vgl,ajakAva
pwg,8106,Ajanana,vgl,AjAti
pwg,8119,AjAti,vgl,Ajanana
pwg,8138,AjIva,vgl,ajAjIva
pwg,8139,AjIvaka,vgl,AjIvin
pwg,8141,AjIvin,vgl,AjIvaka
pwg,8176,Awi,vgl,Aqi
pwg,8178,Awikya,vgl,Awika
pwg,8180,AwIkana,vgl,AwIlaka
pwg,8180,AwIkana,vgl,AlIQaka
pwg,8183,AwIlaka,vgl,AwIkana
pwg,8193,AqU,vgl,Atu
pwg,8208,ARi,vgl,aRi
pwg,8210,ARqa,vgl,aRqa
pwg,8210,ARqa,vgl,aDyARqa
pwg,8210,ARqa,vgl,mArtARqa
pwg,8211,ARqaja,vgl,aRqaja
pwg,8238,AtapABAva,vgl,anAtapa
pwg,8252,AtAlI,vgl,tAlI
pwg,8253,Ati,vgl,Awi
pwg,8266,Atu,vgl,AqU
pwg,8271,AtfRRa,vgl,SatAtfRRa
pwg,8271,AtfRRa,vgl,svayamAtfRRa
pwg,8282,Atmaka,vgl,anAtmaka
pwg,8290,AtmaguptA,vgl,svayaMguptA
pwg,8294,Atmaja,vgl,AtmasaMBava
pwg,8311,AtmanIna,vgl,AtmavIra
pwg,8312,Atmanepada,vgl,parasmEpada
pwg,8315,Atmanvant,vgl,Atmavant
pwg,8339,Atmavant,vgl,anAtmavant
pwg,8344,AtmavIra,vgl,AtmanIna
pwg,8350,AtmasaMBava,vgl,Atmaja
pwg,8355,AtmADIna,vgl,AtmanIna
pwg,8379,Adara,vgl,atyAdara
pwg,8382,AdaraRa,vgl,anAdaraRa
pwg,8393,AdAna,vgl,vratAdAna
pwg,8400,AdAyin,vgl,asaMmatAdAyin
pwg,8406,Adikara,vgl,Adikartar
pwg,8409,Adikavi,vgl,AdikAvya
pwg,8413,AdikAvya,vgl,Adikavi
pwg,8439,Adin,vgl,annAdin
pwg,8439,Adin,vgl,kevalAdin
pwg,8440,Adinava,vgl,AdInava
pwg,8450,Adimant,vgl,anAdimant
pwg,8477,AdeSana,vgl,vratAdeSana
pwg,8483,Adyakavi,vgl,Adikavi
pwg,8485,AdyamAzaka,vgl,mAza
pwg,8495,ADarmika,vgl,aDArmika
pwg,8506,ADArmika,vgl,ADarmika
pwg,8519,ADirAjya,vgl,aDirAjya
pwg,8532,ADmAna,vgl,pratyADmAna
pwg,8537,ADyAtmika,vgl,aDyAtmika
pwg,8588,Anandi,vgl,nandi
pwg,8595,Anaya,vgl,upanaya
pwg,8661,Anuzak,vgl,anuzak
pwg,8675,Anfta,vgl,Anarta
pwg,8677,AnfSaMsa,vgl,AnfSaMsya
pwg,8692,AntarveSmika,vgl,anta˚
pwg,8696,Antra,vgl,antra
pwg,8700,Andolana,vgl,andolana
pwg,8712,Ap,vgl,anApta
pwg,8712,Ap,vgl,aBivyApaka
pwg,8722,ApaRa,vgl,antarApaRa
pwg,8729,Apatti,vgl,arTApatti
pwg,8733,Apad,vgl,anApad
pwg,8765,Api,vgl,anApi
pwg,8765,Api,vgl,sumnaApi
pwg,8765,Api,vgl,svApi
pwg,8792,Apomaya,vgl,apomaya
pwg,8802,Apti,vgl,atyApti
pwg,8807,Apya,vgl,anApya
pwg,8833,APUka,vgl,aPena
pwg,8834,AbadDa,vgl,AbanDa
pwg,8836,AbanDa,vgl,AbadDa
pwg,8843,Abilam,vgl,udbila
pwg,8852,ABA,vgl,acirABA
pwg,8861,ABAsvara,vgl,ABAsura
pwg,8868,ABiDA,vgl,aBiDA
pwg,8885,ABu,vgl,ABUka
pwg,8886,ABU,vgl,ABUti
pwg,8886,ABU,vgl,anABU
pwg,8886,ABU,vgl,svABU
pwg,8891,ABoga,vgl,Boga
pwg,8910,Amanasya,vgl,amAnasya
pwg,8910,Amanasya,vgl,AmAnasya
pwg,8916,Amantrya,vgl,Amantrita
pwg,8940,AmASaya,vgl,pakvADAna
pwg,8982,Ambikeya,vgl,ambikeya
pwg,9012,Ayatana,vgl,anAyatana
pwg,9013,Ayatanavant,vgl,anAyatanavant
pwg,9021,Ayatti,vgl,Ayati
pwg,9034,AyaskAra,vgl,ayaskAra
pwg,9048,Ayin,vgl,AvasAyin
pwg,9050,Ayu,vgl,Ayus
pwg,9050,Ayu,vgl,adabDAyu
pwg,9050,Ayu,vgl,kzitAyu
pwg,9050,Ayu,vgl,dIrGAyu
pwg,9050,Ayu,vgl,viSvAyu
pwg,9050,Ayu,vgl,vfdDAyu
pwg,9050,Ayu,vgl,sarvAyu
pwg,9052,Ayuj,vgl,svAyuj
pwg,9054,AyuDa,vgl,indrAyuDa
pwg,9054,AyuDa,vgl,izvAyuDa
pwg,9054,AyuDa,vgl,ugrAyuDa
pwg,9054,AyuDa,vgl,tigmAyuDa
pwg,9054,AyuDa,vgl,yajYAyuDa
pwg,9054,AyuDa,vgl,svAyuDa
pwg,9068,Ayurveda,vgl,aSvAyurveda
pwg,9083,Ayuzya,vgl,anAyuzya
pwg,9106,Arawa,vgl,Arawwa
pwg,9110,Araqava,vgl,arawva
pwg,9119,AraRyamudgA,vgl,araRyamudga
pwg,9122,AradDa,vgl,Arawwa
pwg,9122,AradDa,vgl,Aradvant
pwg,9123,Aradvant,vgl,Arawwa
pwg,9123,Aradvant,vgl,AradDa
pwg,9129,ArambaRa,vgl,anArambaRa
pwg,9130,AramBa,vgl,citrArpitAramBa
pwg,9132,AramBaRa,vgl,anAramBaRa
pwg,9141,ArA,vgl,ArAgra
pwg,9142,ArAga,vgl,Aroga
pwg,9148,ArAt,vgl,ArakAt
pwg,9148,ArAt,vgl,ArAttAt
pwg,9148,ArAt,vgl,Are
pwg,9166,ArAva,vgl,Arava
pwg,9195,Aruzkara,vgl,aruzkara
pwg,9203,Areka,vgl,reka
pwg,9208,Aroga,vgl,ArAga
pwg,9209,Arogya,vgl,anArogya
pwg,9214,Aropa,vgl,SarAropa
pwg,9229,Arkza,vgl,Arkzya
pwg,9238,ArGya,vgl,arDya
pwg,9262,Arti,vgl,arti
pwg,9275,Ardra,vgl,sArdra
pwg,9287,ArDaDAtuka,vgl,sArvaDAtuka
pwg,9293,ArDuka,vgl,arDuka
pwg,9297,Arya,vgl,anArya
pwg,9333,AryAsaNga,vgl,AryasaMGa
pwg,9335,Arza,vgl,anArza
pwg,9367,Alaya,vgl,nilaya
pwg,9367,Alaya,vgl,laya
pwg,9367,Alaya,vgl,himAlaya
pwg,9370,AlavAla,vgl,alavAla
pwg,9370,AlavAla,vgl,AvAla
pwg,9388,Ali,vgl,ali
pwg,9388,Ali,vgl,Alin
pwg,9397,AliNgin,vgl,AliNgya
pwg,9401,Alin,vgl,alin
pwg,9415,AleKyaSeza,vgl,nAmaSeza
pwg,9429,Ava,vgl,yuva
pwg,9444,AvayAj,vgl,avayAj
pwg,9447,Avarta,vgl,AgamAvartA
pwg,9447,Avarta,vgl,udAvarta
pwg,9447,Avarta,vgl,SambUkAvarta
pwg,9459,Avasati,vgl,niSA
pwg,9459,Avasati,vgl,niSITa
pwg,9476,AvAsa,vgl,BUtAvAsa
pwg,9492,Avila,vgl,anAvila
pwg,9492,Avila,vgl,paryAvila
pwg,9504,AvItin,vgl,prAcInAvItin
pwg,9506,Avft,vgl,anAvft
pwg,9506,Avft,vgl,dakziRAvft
pwg,9506,Avft,vgl,pradakziRAvftka
pwg,9522,AveSa,vgl,svAveSa
pwg,9546,ASaya,vgl,AmASaya
pwg,9546,ASaya,vgl,garBASaya
pwg,9546,ASaya,vgl,jalASaya
pwg,9546,ASaya,vgl,toyASaya
pwg,9546,ASaya,vgl,pakvASaya
pwg,9548,ASara,vgl,ASira
pwg,9579,ASir,vgl,gavASir
pwg,9579,ASir,vgl,daDyASir
pwg,9579,ASir,vgl,durASir
pwg,9579,ASir,vgl,yavASir
pwg,9579,ASir,vgl,rasASir
pwg,9579,ASir,vgl,samASir
pwg,9581,ASira,vgl,ASara
pwg,9582,ASirvAda,vgl,ASIrvAda
pwg,9587,ASI,vgl,ASIviza
pwg,9591,ASIrdA,vgl,anASIrdA
pwg,9595,ASu,vgl,anASu
pwg,9599,ASugAmin,vgl,ASuga
pwg,9610,ASuSukzaRi,vgl,SuSukvani
pwg,9618,ASOca,vgl,aSOca
pwg,9625,ASma,vgl,ASmana
pwg,9684,ASvameDika,vgl,aSvameDika
pwg,9694,ASvAsa,vgl,ucCvAsa
pwg,9700,ASvina,vgl,ASvIna
pwg,9705,AzAQa,vgl,azAQa
pwg,9707,AzAQaBava,vgl,AzAQABU
pwg,9721,As,vgl,anvAsana
pwg,9724,Asa,vgl,izvAsa
pwg,9729,AsaNga,vgl,uttarAsaNga
pwg,9739,Asan,vgl,As
pwg,9774,Asuti,vgl,BUryAsuti
pwg,9775,Asuti,vgl,GftAsuti
pwg,9775,Asuti,vgl,sarpirAsuti
pwg,9808,AstArapaNkti,vgl,prastArapaNkti
pwg,9808,AstArapaNkti,vgl,vistArapa˚
pwg,9808,AstArapaNkti,vgl,saMstArapa˚
pwg,9832,AsPowaka,vgl,akzowa
pwg,9832,AsPowaka,vgl,AKowa
pwg,9836,AsmAka,vgl,asmAka
pwg,9871,Ahanasya,vgl,vyAhanasya
pwg,9881,Ahavana,vgl,GftAhavana
pwg,9896,AhitAgni,vgl,agnyAhita
pwg,9908,AhU,vgl,varzAhU
pwg,9914,Aho,vgl,utAho
pwg,9925,Ahvaya,vgl,Ahvayana
pwg,9925,Ahvaya,vgl,AhvA
pwg,9926,Ahvayana,vgl,Ahvaya
pwg,9929,Ahvaraka,vgl,AhvAraka
pwg,9931,AhvA,vgl,amftAhva
pwg,9940,i,vgl,antarita
pwg,9940,i,vgl,antaraya
pwg,9940,i,vgl,anapeta
pwg,9940,i,vgl,apAya
pwg,9940,i,vgl,apIti
pwg,9940,i,vgl,apyaya
pwg,9940,i,vgl,aBIti
pwg,9940,i,vgl,avAya
pwg,9940,i,vgl,anvavAya
pwg,9940,i,vgl,anvavAyana
pwg,9940,i,vgl,aByavAyana
pwg,9940,i,vgl,Aya
pwg,9940,i,vgl,Ayana
pwg,9940,i,vgl,Ayin
pwg,9940,i,vgl,aByudaya
pwg,9940,i,vgl,aByupAya
pwg,9940,i,vgl,nyAya
pwg,9940,i,vgl,aparIta
pwg,9940,i,vgl,asaMyant
pwg,9942,ikkawa,vgl,itkawa
pwg,9950,ikzutulyA,vgl,anikzu
pwg,9963,ikzura,vgl,kzura
pwg,9980,iNg,vgl,INK
pwg,9990,icCA,vgl,anicCA
pwg,9995,ijjala,vgl,hijjala
pwg,9999,iw,vgl,aw
pwg,10000,iwa,vgl,iwasUna
pwg,10000,iwa,vgl,iRqva
pwg,10004,iwcara,vgl,itvara
pwg,10004,iwcara,vgl,iqvara
pwg,10008,iqA,vgl,irA
pwg,10011,iqikA,vgl,iqA
pwg,10015,iRqva,vgl,iwa
pwg,10015,iRqva,vgl,iwasUna
pwg,10026,itaredyus,vgl,anyedyus
pwg,10026,itaredyus,vgl,aparedyus
pwg,10031,itika,vgl,EtikAyana
pwg,10041,itiSa,vgl,EtiSAyana
pwg,10042,itihAsa,vgl,Etihya
pwg,10049,itTam,vgl,itTA
pwg,10056,itya,vgl,anaByAsamitya
pwg,10064,id,vgl,ned
pwg,10077,idA,vgl,idAvatsara
pwg,10085,idDA,vgl,adDA
pwg,10090,iDma,vgl,aniDma
pwg,10090,iDma,vgl,sviDma
pwg,10120,indupuzpikA,vgl,indrapuzpA
pwg,10133,indUra,vgl,undura
pwg,10133,indUra,vgl,unduru
pwg,10157,indrajAlika,vgl,EndrajAlika
pwg,10187,indrapuzpA,vgl,indupuzpikA
pwg,10191,indraprasTa,vgl,KARqavaprasTa
pwg,10191,indraprasTa,vgl,SakraprasTa
pwg,10203,indrayava,vgl,indra
pwg,10278,inDa,vgl,agniminDa
pwg,10285,iBa,vgl,iBya
pwg,10286,iBa,vgl,iByA
pwg,10287,iBakaRA,vgl,hastikaRA
pwg,10287,iBakaRA,vgl,gajapippalI
pwg,10287,iBakaRA,vgl,hastipi˚
pwg,10288,iBakeSara,vgl,nAgakeSara
pwg,10290,iBadantA,vgl,nAgadantI
pwg,10293,iBamAcala,vgl,iBAri
pwg,10321,irA,vgl,iqA
pwg,10321,irA,vgl,anira
pwg,10327,irAvant,vgl,ErAvata
pwg,10327,irAvant,vgl,ErAvatI
pwg,10327,irAvant,vgl,sErAvata
pwg,10329,iriRa,vgl,IriRa
pwg,10333,irimbiWi,vgl,SirimbiWa
pwg,10339,irya,vgl,irasy
pwg,10347,ilava,vgl,Elaba
pwg,10367,iva,vgl,atIva
pwg,10371,iz,vgl,aSvezita
pwg,10371,iz,vgl,indrezita
pwg,10371,iz,vgl,devezita
pwg,10371,iz,vgl,puruzezita
pwg,10371,iz,vgl,martyezita
pwg,10371,iz,vgl,yuzmezita
pwg,10371,iz,vgl,rajezita
pwg,10371,iz,vgl,Sunezita
pwg,10373,iz,vgl,icCA
pwg,10373,iz,vgl,icCu
pwg,10373,iz,vgl,aDyezaRa
pwg,10373,iz,vgl,anveza
pwg,10374,iz,vgl,ez
pwg,10375,iz,vgl,Iz
pwg,10378,iza,vgl,Iza
pwg,10379,izaRay,vgl,izaRy
pwg,10380,izaRi,vgl,pretIzaRi
pwg,10381,izaRy,vgl,izaRay
pwg,10386,izastut,vgl,izavant
pwg,10413,izUya,vgl,izaDy
pwg,10420,izwakA,vgl,izwikA
pwg,10421,izwakApaTa,vgl,izwikApaTika
pwg,10440,izwin,vgl,anizwin
pwg,10446,izma,vgl,Izma
pwg,10448,izya,vgl,izma
pwg,10449,izva,vgl,Izva
pwg,10470,Ikz,vgl,anvIkzaRa
pwg,10470,Ikz,vgl,apekzaRIya
pwg,10470,Ikz,vgl,avekzaRa
pwg,10470,Ikz,vgl,anvavekzA
pwg,10470,Ikz,vgl,upekzaRIya
pwg,10470,Ikz,vgl,apratIkzam
pwg,10470,Ikz,vgl,duzprativIkzya
pwg,10496,Int,vgl,ant
pwg,10496,Int,vgl,and
pwg,10499,Ipsu,vgl,arTepsu
pwg,10504,IraRa,vgl,samIraRa
pwg,10506,IriRa,vgl,iriRa
pwg,10523,IrzyA,vgl,IrzA
pwg,10525,Irzyu,vgl,Irzu
pwg,10529,Ivant,vgl,iyant
pwg,10532,ISa,vgl,anISa
pwg,10532,ISa,vgl,kzitISa
pwg,10532,ISa,vgl,lokeSa
pwg,10532,ISa,vgl,vitteSa
pwg,10532,ISa,vgl,vedISa
pwg,10551,ISvara,vgl,anISvara
pwg,10585,uktapuMska,vgl,BAzitapuMska
pwg,10587,ukti,vgl,acCoukti
pwg,10587,ukti,vgl,anyo'nyoukti
pwg,10587,ukti,vgl,namOukti
pwg,10587,ukti,vgl,satyoukti
pwg,10587,ukti,vgl,sUktoukti
pwg,10588,ukTa,vgl,anukTa
pwg,10605,ukz,vgl,aByukzaRa
pwg,10605,ukz,vgl,avokzaRa
pwg,10605,ukz,vgl,paryukzaRa
pwg,10605,ukz,vgl,prokzaRa
pwg,10605,ukz,vgl,saMprokzaRI
pwg,10623,uKulI,vgl,muKulI
pwg,10626,ugra,vgl,anugra
pwg,10626,ugra,vgl,satyamugra
pwg,10655,ucaTa,vgl,ukTa
pwg,10662,uccaRqa,vgl,caRqa
pwg,10668,uccanIca,vgl,uccAvaca
pwg,10669,uccandra,vgl,avacandramasa
pwg,10681,ucciNgawa,vgl,ucciwiNga
pwg,10681,ucciNgawa,vgl,ciNgawa
pwg,10681,ucciNgawa,vgl,cicciwiNga
pwg,10684,uccUla,vgl,avacUla
pwg,10687,uccEHSravas,vgl,OccEHSravasa
pwg,10701,ucCizwa,vgl,maDUcCizwa
pwg,10721,ucCraya,vgl,ucCrAya
pwg,10731,uC,vgl,uz
pwg,10740,ujjihAna,vgl,OjjihAni
pwg,10747,ujjya,vgl,vijya
pwg,10768,uqqayana,vgl,uqqIna
pwg,10779,uta,vgl,u
pwg,10788,utkawa,vgl,avakawa
pwg,10788,utkawa,vgl,prakawa
pwg,10788,utkawa,vgl,saMkawa
pwg,10798,utkara,vgl,Akara
pwg,10798,utkara,vgl,nikara
pwg,10798,utkara,vgl,saMkara
pwg,10805,utkarzaka,vgl,apakarzaka
pwg,10813,utkalita,vgl,utkalikA
pwg,10828,utkuRa,vgl,kolakuRa
pwg,10828,utkuRa,vgl,matkuRa
pwg,10843,utkroda,vgl,utkUrdana
pwg,10870,uttama,vgl,anuttama
pwg,10870,uttama,vgl,upottama
pwg,10877,uttamaSAKa,vgl,aDamaSAKa
pwg,10879,uttamANga,vgl,aDamANga
pwg,10888,uttara,vgl,aDarottara
pwg,10888,uttara,vgl,anuttara
pwg,10888,uttara,vgl,ahamuttara
pwg,10888,uttara,vgl,caturuttara
pwg,10890,uttarakARqa,vgl,adButottarakARqa
pwg,10890,uttarakARqa,vgl,aDyAtmottarakARqa
pwg,10900,uttarajyotiza,vgl,prAgjyotiza
pwg,10909,uttaraDurIRa,vgl,dakziRaDurIRa
pwg,10911,uttarapakza,vgl,pakza
pwg,10913,uttarapaTa,vgl,uttarApaTa
pwg,10915,uttarapada,vgl,Ottarapadika
pwg,10917,uttaraparigrAha,vgl,parigraha
pwg,10924,uttarapracCada,vgl,uttaracCada
pwg,10926,uttaram,vgl,uttarAm
pwg,10940,uttaravAdin,vgl,pUrvavAdin
pwg,10948,uttarA,vgl,uttarApaTa
pwg,10948,uttarA,vgl,uttarAsad
pwg,10951,uttarADara,vgl,aDarottara
pwg,10953,uttarApaTa,vgl,dakziRApaTa
pwg,10954,uttarAm,vgl,uttaram
pwg,10955,uttarAyaRa,vgl,ayana
pwg,10955,uttarAyaRa,vgl,dakziRAyana
pwg,10965,uttarAha,vgl,OttarAha
pwg,10967,uttarikA,vgl,uttAnikA
pwg,10981,uttAnapad,vgl,uttAnapAda
pwg,10983,uttAnapAda,vgl,uttAnapad
pwg,10983,uttAnapAda,vgl,OttAnapAda
pwg,10983,uttAnapAda,vgl,˚pAdi
pwg,10988,uttAnikA,vgl,uttarikA
pwg,11033,utpatti,vgl,anutpattika
pwg,11062,utpAda,vgl,OtpAda
pwg,11079,utpuwaka,vgl,paripowaka
pwg,11081,utpozaDa,vgl,upozaDa
pwg,11092,utsa,vgl,Otsa
pwg,11092,utsa,vgl,OtsAyana
pwg,11102,utsarga,vgl,Otsargika
pwg,11106,utsaryA,vgl,upasaryA
pwg,11116,utsAha,vgl,anutsAha
pwg,11124,utsuka,vgl,utka
pwg,11124,utsuka,vgl,anutsuka
pwg,11124,utsuka,vgl,Otsukya
pwg,11124,utsuka,vgl,samutsuka
pwg,11137,ud,vgl,undana
pwg,11137,ud,vgl,vyundana
pwg,11138,uda,vgl,acCoda
pwg,11138,uda,vgl,aruRoda
pwg,11138,uda,vgl,kzIroda
pwg,11138,uda,vgl,GftamaRqoda
pwg,11138,uda,vgl,lavaRoda
pwg,11138,uda,vgl,SItodA
pwg,11149,udakadAyin,vgl,ekodaka
pwg,11168,udakila,vgl,udakala
pwg,11177,udakpaTa,vgl,uttarApaTa
pwg,11208,udan,vgl,uda
pwg,11208,udan,vgl,udaka
pwg,11229,udameGa,vgl,OdameGi
pwg,11240,udayASva,vgl,udayiBadra
pwg,11242,udayiBadra,vgl,udayASva
pwg,11246,udaraTi,vgl,udAraTi
pwg,11261,udarka,vgl,udfc
pwg,11269,udavasita,vgl,avasita
pwg,11287,udAja,vgl,udaja
pwg,11288,udAtta,vgl,anudAtta
pwg,11308,udAvasu,vgl,upAvasu
pwg,11329,udumbara,vgl,Odumbara
pwg,11336,udUKala,vgl,ulUKala
pwg,11350,udgAtar,vgl,OdgAtra
pwg,11352,udgAra,vgl,amlodgAra
pwg,11393,uddAlin,vgl,uddAlaka
pwg,11395,uddita,vgl,dA
pwg,11412,udDamacUqA,vgl,viDamacUqA
pwg,11417,udDaraRa,vgl,samudDaraRa
pwg,11435,udDura,vgl,viDura
pwg,11436,udDuzaRa,vgl,udDUzaRa
pwg,11450,udbila,vgl,Odbilya
pwg,11453,udBawa,vgl,anudBawa
pwg,11483,udyama,vgl,udyAma
pwg,11524,udvAna,vgl,udDAna
pwg,11524,udvAna,vgl,udDmAna
pwg,11524,udvAna,vgl,udvAnta
pwg,11531,udvAsa,vgl,udvAsas
pwg,11567,unnaya,vgl,unnAya
pwg,11579,unnetra,vgl,Onnetra
pwg,11581,unmajjana,vgl,majjana
pwg,11597,unmanTa,vgl,unmATa
pwg,11601,unmATa,vgl,unmanTa
pwg,11603,unmAda,vgl,unmada
pwg,11618,unmuKa,vgl,aBimuKa
pwg,11618,unmuKa,vgl,saMmuKa
pwg,11627,unmUlay,vgl,nirmUlay
pwg,11631,unmeza,vgl,unmiza
pwg,11640,upakaraRa,vgl,upaskara
pwg,11646,upakalpa,vgl,anukalpa
pwg,11678,upakrIqA,vgl,upanftya
pwg,11722,upaGna,vgl,maDUpaGna
pwg,11727,upacara,vgl,upacAra
pwg,11766,upajIvanIya,vgl,anupajIvanIya
pwg,11769,upajozam,vgl,jozam
pwg,11771,upajman,vgl,jman
pwg,11790,upadarSaka,vgl,darSaka
pwg,11797,upadiS,vgl,pradiS
pwg,11797,upadiS,vgl,vidiS
pwg,11801,upadIkA,vgl,utpAdikA
pwg,11801,upadIkA,vgl,upajihvikA
pwg,11801,upadIkA,vgl,upadehikA
pwg,11818,upadehikA,vgl,upajihvikA
pwg,11818,upadehikA,vgl,upadIkA
pwg,11831,upaDi,vgl,upaDA
pwg,11831,upaDi,vgl,upaDAna
pwg,11831,upaDi,vgl,upADi
pwg,11835,upaDeya,vgl,upaDAna
pwg,11844,upananda,vgl,nanda
pwg,11852,upanAyana,vgl,OpanAyanika
pwg,11857,upanikzepa,vgl,nikzepa
pwg,11862,upanipAtin,vgl,upapAtin
pwg,11870,upanftya,vgl,upakrIqA
pwg,11875,upapakzya,vgl,Opapakzya
pwg,11887,upapAtin,vgl,upanipAtin
pwg,11889,upapAdaka,vgl,anupapAdaka
pwg,11894,upapArSva,vgl,upapakza
pwg,11899,upapfc,vgl,Apfk
pwg,11919,upabda,vgl,dUrOpabda
pwg,11919,upabda,vgl,Sabda
pwg,11919,upabda,vgl,svabdin
pwg,11943,upamA,vgl,anupama
pwg,11948,upamAna,vgl,upamA
pwg,11954,upamit,vgl,mit
pwg,11960,upayaj,vgl,upayAja
pwg,11963,upayama,vgl,upayAma
pwg,11983,upara,vgl,uparatAt
pwg,11983,upara,vgl,upala
pwg,11989,uparama,vgl,uparAma
pwg,11991,uparava,vgl,uparAva
pwg,11992,uparasa,vgl,upaDAtu
pwg,11997,uparAma,vgl,uparama
pwg,11998,uparAva,vgl,uparava
pwg,11999,upari,vgl,uparizwAt
pwg,12025,upala,vgl,upara
pwg,12063,upavasaTya,vgl,OpavasaTya
pwg,12088,upavItin,vgl,prAcInopavIta
pwg,12095,upaveSi,vgl,OpaveSi
pwg,12096,upaveSin,vgl,upaveSa
pwg,12096,upaveSin,vgl,upaveSana
pwg,12120,upaSrI,vgl,apaSraya
pwg,12126,upazwut,vgl,upastut
pwg,12142,upasada,vgl,anUpasadam
pwg,12163,upasaryA,vgl,upasara
pwg,12179,upaskara,vgl,upakaraRa
pwg,12196,upasTa,vgl,upasTA
pwg,12200,upasTA,vgl,sUpasTA
pwg,12202,upasTAna,vgl,agnyupasTAna
pwg,12203,upasTAnIya,vgl,upasTeya
pwg,12213,upasTeya,vgl,upasTAnIya
pwg,12217,upasparSana,vgl,upasparSa
pwg,12240,upahAsa,vgl,aDopahAsa
pwg,12248,upAka,vgl,anUka
pwg,12248,upAka,vgl,apAka
pwg,12248,upAka,vgl,aBIka
pwg,12248,upAka,vgl,pratIka
pwg,12252,upAkfta,vgl,kar
pwg,12267,upAcAra,vgl,upacAra
pwg,12269,upAje,vgl,anvAje
pwg,12276,upADi,vgl,upaDA
pwg,12276,upADi,vgl,upaDi
pwg,12285,upAnta,vgl,upAntya
pwg,12291,upAya,vgl,upakrama
pwg,12292,upAyana,vgl,sUpAyana
pwg,12311,upAvI,vgl,avI
pwg,12324,upAsitavya,vgl,upAsya
pwg,12325,upAstamayam,vgl,upodayam
pwg,12325,upAstamayam,vgl,upavyuzasam
pwg,12328,upAsya,vgl,upAsitavya
pwg,12330,upika,vgl,upaka
pwg,12352,upodayam,vgl,upAstamayam
pwg,12356,upodGAta,vgl,udGAta
pwg,12360,upozaDa,vgl,utpozaDa
pwg,12367,ubj,vgl,samudga
pwg,12374,uBayatodant,vgl,uBayAdant
pwg,12377,uBayadyus,vgl,uBayedyus
pwg,12384,uBayAkarRi,vgl,uBAkarRi
pwg,12384,uBayAkarRi,vgl,uBAYjali
pwg,12385,uBayAdant,vgl,uBayatodant
pwg,12386,uBayAdanti,vgl,uBAdanti
pwg,12386,uBayAdanti,vgl,uBApARi
pwg,12386,uBayAdanti,vgl,uBAbAhu
pwg,12388,uBayAhasti,vgl,uBAhasti
pwg,12391,uBayedyus,vgl,uBayadyus
pwg,12392,uBAkarRi,vgl,uBayAkarRi
pwg,12393,um,vgl,uMkAra
pwg,12401,umAsahAya,vgl,umApati
pwg,12423,uraBra,vgl,OraBra
pwg,12424,urarI,vgl,urI
pwg,12424,urarI,vgl,UrI
pwg,12424,urarI,vgl,UrarI
pwg,12431,urasija,vgl,uroja
pwg,12440,urasya,vgl,Orasa
pwg,12448,uru,vgl,variman
pwg,12474,urumuRqa,vgl,rurumuRqa
pwg,12498,uroja,vgl,urasija
pwg,12503,urjihAnA,vgl,ujjihAna
pwg,12508,urv,vgl,turv
pwg,12517,urvarI,vgl,urvarA
pwg,12520,urvAru,vgl,urvAru
pwg,12529,ula,vgl,ura
pwg,12537,ulupin,vgl,ulapin
pwg,12537,ulupin,vgl,ulUpin
pwg,12539,ululi,vgl,ulUlu
pwg,12551,ulUlu,vgl,ululi
pwg,12552,ulkA,vgl,ulkuzI
pwg,12552,ulkA,vgl,ulmuka
pwg,12556,ulkuzI,vgl,ulkA
pwg,12556,ulkuzI,vgl,ulmuka
pwg,12558,ulba,vgl,avakolba
pwg,12558,ulba,vgl,nAnolba
pwg,12558,ulba,vgl,samAnolva
pwg,12561,ulmuka,vgl,ulkA
pwg,12561,ulmuka,vgl,ulkuzI
pwg,12564,ullakasana,vgl,ullala
pwg,12567,ullala,vgl,ullakasana
pwg,12586,uvawa,vgl,Uawa
pwg,12587,uSaNgava,vgl,uzaNgu
pwg,12587,uSaNgava,vgl,uzadgu
pwg,12593,uSij,vgl,OSija
pwg,12595,uSInara,vgl,OSInara
pwg,12602,uz,vgl,aByuza
pwg,12606,uza,vgl,uzA
pwg,12608,uza,vgl,Uza
pwg,12609,uzaNgu,vgl,uSaNgava
pwg,12610,uzaRa,vgl,UzaRa
pwg,12613,uzadraTa,vgl,ruzadraTa
pwg,12618,uzas,vgl,uzA
pwg,12633,uzwar,vgl,ukzan
pwg,12633,uzwar,vgl,uzwra
pwg,12634,uzwra,vgl,uzwar
pwg,12638,uzwraDUsarapucCikA,vgl,vfScikAlI
pwg,12642,uzwrikA,vgl,uzwrI
pwg,12643,uzRa,vgl,anuzRa
pwg,12643,uzRa,vgl,kaduzRa
pwg,12643,uzRa,vgl,kavozRa
pwg,12643,uzRa,vgl,kozRa
pwg,12674,uzma,vgl,uzman
pwg,12677,uzman,vgl,Uzman
pwg,12686,usra,vgl,uzwar
pwg,12694,uh,vgl,Uh
pwg,12695,uhan,vgl,UhanI
pwg,12714,Uti,vgl,akzitoti
pwg,12714,Uti,vgl,acCidroti
pwg,12714,Uti,vgl,anUti
pwg,12714,Uti,vgl,antyUti
pwg,12714,Uti,vgl,itaUti
pwg,12714,Uti,vgl,urvyUti
pwg,12714,Uti,vgl,citroti
pwg,12714,Uti,vgl,tvoti
pwg,12714,Uti,vgl,SatamUti
pwg,12714,Uti,vgl,Satoti
pwg,12714,Uti,vgl,sadyaUti
pwg,12714,Uti,vgl,sahasroti
pwg,12717,UDan,vgl,acCidroDnI
pwg,12717,UDan,vgl,aDyUDnI
pwg,12717,UDan,vgl,anUDas
pwg,12717,UDan,vgl,kIlAloDnI
pwg,12717,UDan,vgl,kuRqoGnI
pwg,12717,UDan,vgl,GawoDnI
pwg,12717,UDan,vgl,rapSadUDan
pwg,12717,UDan,vgl,smadUDnI
pwg,12718,UDanya,vgl,UDasya
pwg,12720,UDasya,vgl,UDanya
pwg,12722,Una,vgl,anUna
pwg,12722,Una,vgl,nyUna
pwg,12723,Unaka,vgl,anUnaka
pwg,12731,Uravya,vgl,Uruja
pwg,12737,UruPalaka,vgl,SroRiPalaka
pwg,12763,UrRanABi,vgl,UrRavABi
pwg,12766,UrRavABi,vgl,UrRanABi
pwg,12782,UrDvakaca,vgl,vikaca
pwg,12839,UrDvasrotas,vgl,utsrotas
pwg,12859,Urvya,vgl,sUrvya
pwg,12869,UzaRa,vgl,uzaRa
pwg,12873,UzA,vgl,uzA
pwg,12878,Uzman,vgl,uzman
pwg,12883,Uh,vgl,apohya
pwg,12885,Uha,vgl,UhagAna
pwg,12886,Uha,vgl,atyUha
pwg,12887,UhagAna,vgl,UhyagAna
pwg,12889,UhanI,vgl,uhan
pwg,12892,UhyagAna,vgl,UhagAna
pwg,12910,fkzama,vgl,fksama
pwg,12913,fkzalA,vgl,fcCarA
pwg,12914,fkzavant,vgl,fkza
pwg,12940,fcIza,vgl,fjIza
pwg,12942,fceyu,vgl,fteyu
pwg,12952,fjIza,vgl,fcIza
pwg,12973,fjUka,vgl,fjIka
pwg,12988,fRacit,vgl,fRaMcaya
pwg,12990,fRaMcaya,vgl,fRacit
pwg,13002,fRin,vgl,anfRin
pwg,13003,fta,vgl,anfta
pwg,13006,ftajAta,vgl,ftaprajAta
pwg,13017,ftaparRa,vgl,ftuparRa
pwg,13025,ftaBAga,vgl,ArtaBAga
pwg,13035,ftavya,vgl,ftviya
pwg,13035,ftavya,vgl,ftvya
pwg,13053,ftIyA,vgl,artana
pwg,13053,ftIyA,vgl,fti
pwg,13055,ftu,vgl,anftu
pwg,13059,ftujit,vgl,ftajit
pwg,13061,ftuDAman,vgl,ftaDAman
pwg,13063,ftuparRa,vgl,ftaparRa
pwg,13076,ftuSas,vgl,ftuTA
pwg,13080,ftusamaya,vgl,ftukAla
pwg,13080,ftusamaya,vgl,ftuvelA
pwg,13114,fBva,vgl,fBu
pwg,13119,fSa,vgl,ArSa
pwg,13134,fzi,vgl,ekarzi
pwg,13134,fzi,vgl,yaTarzi
pwg,13134,fzi,vgl,viprarzi
pwg,13135,fzika,vgl,fcIka
pwg,13150,fziproktA,vgl,fzyaproktA
pwg,13171,fzwi,vgl,rizwi
pwg,13234,ekatA,vgl,ekatva
pwg,13239,ekatodant,vgl,anyataratodanta
pwg,13239,ekatodant,vgl,uBayatodant
pwg,13239,ekatodant,vgl,uBayAdant
pwg,13244,ekatva,vgl,ekatA
pwg,13246,ekadaRqin,vgl,tridaRqin
pwg,13265,ekaDura,vgl,sarvaDura
pwg,13266,ekaDurAvaha,vgl,sarvaDurAvaha
pwg,13267,ekaDurIRa,vgl,sarvaDurIRa
pwg,13300,ekapAda,vgl,ekapad
pwg,13342,ekalavya,vgl,ekalU
pwg,13344,ekaliNga,vgl,ekapiNga
pwg,13345,ekalU,vgl,ekalavya
pwg,13389,ekaSruti,vgl,EkaSrutya
pwg,13412,ekANga,vgl,ekadeha
pwg,13427,ekAnudizwa,vgl,ekoddizwa
pwg,13430,ekAntaduHzamA,vgl,ekAntasuzamA
pwg,13434,ekAntasuzamA,vgl,ekAntaduHzamA
pwg,13467,ekodaka,vgl,samAnodaka
pwg,13468,ekoddizwa,vgl,ekAnudizwa
pwg,13476,eW,vgl,heW
pwg,13483,eqUka,vgl,EqUka
pwg,13485,eRa,vgl,eta
pwg,13502,etar,vgl,parAparEtar
pwg,13502,etar,vgl,paryetar
pwg,13502,etar,vgl,puraetar
pwg,13511,ediDizuHpati,vgl,diDizu
pwg,13513,eDa,vgl,citEDa
pwg,13520,enas,vgl,anenas
pwg,13520,enas,vgl,adButEnas
pwg,13520,enas,vgl,vyenas
pwg,13529,eraka,vgl,Erakya
pwg,13530,eraNga,vgl,elaNga
pwg,13537,ervAru,vgl,irvAru
pwg,13538,ela,vgl,elada
pwg,13538,ela,vgl,elu
pwg,13538,ela,vgl,Ela
pwg,13540,elaNga,vgl,eraNga
pwg,13541,elada,vgl,ela
pwg,13542,elapura,vgl,elApura
pwg,13543,elavAlu,vgl,Aluka
pwg,13543,elavAlu,vgl,elvavAluka
pwg,13543,elavAlu,vgl,Eleya
pwg,13543,elavAlu,vgl,vAluka
pwg,13543,elavAlu,vgl,harivAluka
pwg,13549,elApura,vgl,elapura
pwg,13550,elAy,vgl,kelAy
pwg,13550,elAy,vgl,KelAy
pwg,13552,elu,vgl,ela
pwg,13581,ez,vgl,Iz
pwg,13581,ez,vgl,gavez
pwg,13589,ezavIra,vgl,EzAvIra
pwg,13591,ezin,vgl,ASArEzin
pwg,13591,ezin,vgl,durRihitEzin
pwg,13591,ezin,vgl,DanEzin
pwg,13591,ezin,vgl,SakalyEzin
pwg,13591,ezin,vgl,SUnyEzin
pwg,13615,Ekalavya,vgl,ekalavya
pwg,13629,EkAdaSina,vgl,ekAdaSina
pwg,13663,EtaSa,vgl,EtiSAyana
pwg,13712,ErAvaRa,vgl,ErAvata
pwg,13720,Elaba,vgl,vyElaba
pwg,13753,oka,vgl,anokaha
pwg,13754,okaRa,vgl,matkuRa
pwg,13758,okodanI,vgl,okaRa
pwg,13761,oK,vgl,rAK
pwg,13761,oK,vgl,lAK
pwg,13761,oK,vgl,drAK
pwg,13761,oK,vgl,DrAK
pwg,13764,oGa,vgl,OGa
pwg,13791,oRi,vgl,daSoRi
pwg,13796,odana,vgl,amftodana
pwg,13796,odana,vgl,paYcOdana
pwg,13796,odana,vgl,brahmOdana
pwg,13796,odana,vgl,vyodana
pwg,13796,odana,vgl,SatOdana
pwg,13804,opaSa,vgl,goopaSa
pwg,13804,opaSa,vgl,svOpaSa
pwg,13804,opaSa,vgl,hfdayopaSa
pwg,13806,om,vgl,oMkAra
pwg,13816,ola,vgl,olla
pwg,13818,olaRq,vgl,laRq
pwg,13819,olla,vgl,ola
pwg,13820,oSizWahan,vgl,ozizWadAvan
pwg,13825,ozaDi,vgl,OzaDi
pwg,13830,ozaDIpati,vgl,OzaDIpati
pwg,13836,ozizWadAvan,vgl,oSizWahan
pwg,13839,ozWa,vgl,uttarozWa
pwg,13846,ozWaroga,vgl,ozWakopa
pwg,13873,OGa,vgl,oGa
pwg,13874,OcaTya,vgl,OtaTya
pwg,13893,OtaTya,vgl,OcaTya
pwg,13901,Ottara,vgl,Otra
pwg,13902,OttarapaTika,vgl,uttarapaTika
pwg,13958,Odumbara,vgl,udumbara
pwg,13984,Onnetra,vgl,unnetra
pwg,14037,Opavastra,vgl,upavasta
pwg,14037,Opavastra,vgl,upavAsa
pwg,14037,Opavastra,vgl,Opavasta
pwg,14085,Orasa,vgl,OraSa
pwg,14086,OrasAyani,vgl,OraSAyani
pwg,14087,Oraska,vgl,urasya
pwg,14091,OrRaka,vgl,OrRika
pwg,14092,OrRanABa,vgl,OrRavABa
pwg,14096,OrRika,vgl,OrRaka
pwg,14099,OrDvadeha,vgl,UrDvadeha
pwg,14101,OrDvadEhika,vgl,pOrvadEhika
pwg,14104,OrDvasrotasika,vgl,UrDrasrotas
pwg,14131,OzaDIpati,vgl,ozaDi
pwg,14135,Ozasya,vgl,uzasya
pwg,14149,ka,vgl,katama
pwg,14149,ka,vgl,katara
pwg,14149,ka,vgl,kati
pwg,14149,ka,vgl,kaTam
pwg,14149,ka,vgl,kaTA
pwg,14149,ka,vgl,kad
pwg,14149,ka,vgl,kadA
pwg,14149,ka,vgl,kam
pwg,14149,ka,vgl,kaya
pwg,14149,ka,vgl,kayA
pwg,14149,ka,vgl,karhi
pwg,14149,ka,vgl,kava
pwg,14149,ka,vgl,kasmAt
pwg,14149,ka,vgl,kA
pwg,14149,ka,vgl,ki
pwg,14149,ka,vgl,kim
pwg,14149,ka,vgl,ku
pwg,14149,ka,vgl,kena
pwg,14150,ka,vgl,kAya
pwg,14162,kaMsika,vgl,arDakaMsika
pwg,14165,kakajAkfta,vgl,kikira
pwg,14167,kakara,vgl,kakkawa
pwg,14172,kakuYjala,vgl,kapiYjala
pwg,14175,kakud,vgl,kakuda
pwg,14175,kakud,vgl,kakuB
pwg,14180,kakudmant,vgl,kakudvant
pwg,14185,kakundara,vgl,kakudmatI
pwg,14193,kakkawa,vgl,kakara
pwg,14195,kakkola,vgl,kolaka
pwg,14199,kakza,vgl,kakzya
pwg,14199,kakza,vgl,kakzyA
pwg,14203,kakzapa,vgl,kacCapa
pwg,14204,kakzapuwa,vgl,kakzApuwi
pwg,14205,kakzaruhA,vgl,kakzotTA
pwg,14206,kakzaSAya,vgl,kaNkaSAya
pwg,14207,kakzasena,vgl,kAkzaseni
pwg,14208,kakzApawa,vgl,kakzapuwa
pwg,14212,kakzAvekzaka,vgl,kakzyAvekzaka
pwg,14215,kakzIvant,vgl,kAkzIvant
pwg,14217,kakzotTA,vgl,kakzaruhA
pwg,14219,kakzya,vgl,kakza
pwg,14238,kaNkata,vgl,vikaNkata
pwg,14238,kaNkata,vgl,satInakaNkata
pwg,14249,kaNkara,vgl,kaccara
pwg,14249,kaNkara,vgl,kawura
pwg,14249,kaNkara,vgl,kawvara
pwg,14249,kaNkara,vgl,kadara
pwg,14249,kaNkara,vgl,kadvara
pwg,14253,kaNkaSAya,vgl,kakzaSAya
pwg,14257,kaNkuzWa,vgl,kAlakuzwa
pwg,14259,kaNkeru,vgl,kaNka
pwg,14262,kaNgu,vgl,priyaNgu
pwg,14265,kaNgula,vgl,aNguli
pwg,14266,kac,vgl,kaYc
pwg,14267,kaca,vgl,akaca
pwg,14267,kaca,vgl,utkaca
pwg,14267,kaca,vgl,UrDvakaca
pwg,14267,kaca,vgl,vikaca
pwg,14268,kacaNgana,vgl,karANgaRa
pwg,14268,kacaNgana,vgl,aNgaRa
pwg,14275,kacAkaci,vgl,keSAkeSi
pwg,14294,kacCu,vgl,kapikacCu
pwg,14298,kacCUmatI,vgl,kacCurA
pwg,14302,kacCora,vgl,kacCurA
pwg,14305,kaja,vgl,amBoja
pwg,14313,kaYc,vgl,kac
pwg,14317,kaYcuka,vgl,utkaYcuka
pwg,14321,kaYculikA,vgl,kaYcuka
pwg,14323,kaYjaka,vgl,kaYjana
pwg,14323,kaYjaka,vgl,kaYjala
pwg,14324,kaMjaja,vgl,padmagarBa
pwg,14326,kaMjanABa,vgl,padmanABa
pwg,14327,kaYjara,vgl,kaYjAra
pwg,14328,kaYjala,vgl,kaYjaka
pwg,14328,kaYjala,vgl,kaYjana
pwg,14329,kaYjAra,vgl,kaYjara
pwg,14334,kawakawa,vgl,kawaNkawa
pwg,14347,kawapUtana,vgl,pUtanA
pwg,14361,kawAwaNka,vgl,kawaNkawa
pwg,14376,kawillaka,vgl,kaWillaka
pwg,14390,kawukaraYja,vgl,kawaSarkarA
pwg,14398,kawucAturjAtaka,vgl,kawutrika
pwg,14409,kawupAka,vgl,kawuvipAka
pwg,14416,kawura,vgl,kaNkara
pwg,14416,kawura,vgl,kaccara
pwg,14416,kawura,vgl,kawvara
pwg,14416,kawura,vgl,kadara
pwg,14416,kawura,vgl,kadvara
pwg,14428,kawolakapAda,vgl,kaRqolakapAda
pwg,14428,kawolakapAda,vgl,gaRqolakapAda
pwg,14431,kawvara,vgl,kaNkara
pwg,14431,kawvara,vgl,kaccara
pwg,14431,kawvara,vgl,kawura
pwg,14431,kawvara,vgl,kadara
pwg,14431,kawvara,vgl,kadvara
pwg,14433,kaW,vgl,kaWera
pwg,14434,kaWa,vgl,kAWaka
pwg,14436,kaWara,vgl,kaWina
pwg,14441,kaWiYjara,vgl,kaWillaka
pwg,14442,kaWina,vgl,kaWora
pwg,14445,kaWinikA,vgl,vAMSakaWinika
pwg,14448,kaWera,vgl,kaW
pwg,14450,kaWora,vgl,kaWina
pwg,14452,kaq,vgl,kaRq
pwg,14453,kaqa,vgl,jaqa
pwg,14455,kaqaMkarIya,vgl,kaqaMgarIya
pwg,14461,kaqamba,vgl,kalamba
pwg,14463,kaqitula,vgl,kawItala
pwg,14466,kaRa,vgl,iBakaRA
pwg,14466,kaRa,vgl,hastikaRA
pwg,14466,kaRa,vgl,kanA
pwg,14466,kaRa,vgl,kanizWa
pwg,14466,kaRa,vgl,kanIyaMs
pwg,14466,kaRa,vgl,kanyA
pwg,14470,kaRaBa,vgl,kaRA
pwg,14484,kaRIci,vgl,kanIci
pwg,14485,kaRIyaMs,vgl,kanIyaMs
pwg,14488,kaRera,vgl,kaReru
pwg,14489,kaReru,vgl,gaReru
pwg,14495,kaRwakaPala,vgl,kaRwakiPala
pwg,14496,kaRwakaBuj,vgl,kaRwakASAna
pwg,14506,kaRwakASana,vgl,kaRwakaBuj
pwg,14514,kaRwakIdruma,vgl,kaRwakin
pwg,14531,kaRW,vgl,utkaRW
pwg,14532,kaRWa,vgl,aDarakaRWa
pwg,14532,kaRWa,vgl,utkaRW
pwg,14532,kaRWa,vgl,utkaRWA
pwg,14532,kaRWa,vgl,pratikaRWam
pwg,14532,kaRWa,vgl,SitikaRWa
pwg,14532,kaRWa,vgl,SuzkakaRWa
pwg,14533,kaRWaka,vgl,kaRwaka
pwg,14546,kaRWavartin,vgl,kaRWagata
pwg,14555,kaRWIla,vgl,kaRWAla
pwg,14559,kaRq,vgl,kaq
pwg,14564,kaRqikA,vgl,kARqa
pwg,14567,kaRqura,vgl,kaRqUra
pwg,14579,kaRqUrA,vgl,kaRqurA
pwg,14581,kaRqola,vgl,kawola
pwg,14581,kaRqola,vgl,gaRqola
pwg,14583,kaRqolakapAda,vgl,kaRqolakapAda
pwg,14584,kaRqolavIRA,vgl,kawolavIRA
pwg,14609,katImuza,vgl,rAmuza
pwg,14616,katr,vgl,kartr
pwg,14616,katr,vgl,kart
pwg,14625,kaTay,vgl,anukaTana
pwg,14625,kaTay,vgl,prakaTana
pwg,14625,kaTay,vgl,saMkaTA
pwg,14642,kaTAvaSeza,vgl,kaTIkfta
pwg,14645,kaTIkar,vgl,kaTAvaSeza
pwg,14651,kadaka,vgl,kandaka
pwg,14658,kadamba,vgl,kadambaka
pwg,14668,kadala,vgl,kandalI
pwg,14668,kadala,vgl,araRyakadalI
pwg,14668,kadala,vgl,aSmakadalI
pwg,14679,kaduzRa,vgl,kavozRa
pwg,14679,kaduzRa,vgl,kozRa
pwg,14683,kadru,vgl,kAdraveya
pwg,14689,kadvara,vgl,kaNkara
pwg,14689,kadvara,vgl,kaccara
pwg,14689,kadvara,vgl,kawura
pwg,14689,kadvara,vgl,kawvara
pwg,14689,kadvara,vgl,kadara
pwg,14690,kaDapriya,vgl,aDapriya
pwg,14696,kanakaDvaja,vgl,kanakANgada
pwg,14703,kanakamuni,vgl,kanakAhvaya
pwg,14708,kanakavatI,vgl,kanakAvatI
pwg,14711,kanakaSakti,vgl,SaktiDara
pwg,14712,kanakANgada,vgl,kanakaDvaja
pwg,14716,kanakAraka,vgl,kAYcanAra
pwg,14716,kanakAraka,vgl,kAntAra
pwg,14718,kanakAvatI,vgl,kanakavatI
pwg,14725,kanana,vgl,kARa
pwg,14730,kanA,vgl,kanizWa
pwg,14730,kanA,vgl,kanIna
pwg,14730,kanA,vgl,kanIyaMs
pwg,14730,kanA,vgl,kanyA
pwg,14734,kanizWa,vgl,akanizWa
pwg,14737,kanIci,vgl,kaRIci
pwg,14738,kanIna,vgl,kanA
pwg,14738,kanIna,vgl,kanizWa
pwg,14738,kanIna,vgl,kanIyaMs
pwg,14741,kanIyasa,vgl,kanyasa
pwg,14749,kand,vgl,kad
pwg,14749,kand,vgl,krand
pwg,14749,kand,vgl,kland
pwg,14753,kandawa,vgl,kandowa
pwg,14753,kandawa,vgl,kandota
pwg,14772,kandala,vgl,kadala
pwg,14774,kandalita,vgl,kandalin
pwg,14776,kandalIkusuma,vgl,kandala
pwg,14778,kandavarDana,vgl,kanda
pwg,14780,kandaSUraRa,vgl,kanda
pwg,14785,kandArha,vgl,kanda
pwg,14794,kandowa,vgl,kandawa
pwg,14794,kandowa,vgl,kandota
pwg,14795,kandota,vgl,kandawa
pwg,14804,kanyakubja,vgl,kanyAkubja
pwg,14804,kanyakubja,vgl,kAnyakubja
pwg,14806,kanyanA,vgl,kanA
pwg,14806,kanyanA,vgl,kanyA
pwg,14806,kanyanA,vgl,kanyalA
pwg,14809,kanyA,vgl,kanA
pwg,14809,kanyA,vgl,kanizWa
pwg,14809,kanyA,vgl,kanIna
pwg,14809,kanyA,vgl,kanIyaMs
pwg,14810,kanyAkA,vgl,kanyakA
pwg,14812,kanyAkUpa,vgl,kanyAtIrTa
pwg,14812,kanyAkUpa,vgl,kanyAhrada
pwg,14814,kanyAtIrTa,vgl,kanyAkUpa
pwg,14814,kanyAtIrTa,vgl,kanyAhrada
pwg,14827,kanyAhrada,vgl,kanyAkUpa
pwg,14827,kanyAhrada,vgl,kanyAtIrTa
pwg,14837,kaparda,vgl,dakziRataskaparda
pwg,14837,kaparda,vgl,sukaparda
pwg,14842,kapAwa,vgl,kavAwa
pwg,14853,kapAlasaMDi,vgl,kapAla
pwg,14864,kapiketana,vgl,kapiDvaja
pwg,14864,kapiketana,vgl,vAnaraketana
pwg,14870,kapija,vgl,kapi
pwg,14874,kapitEla,vgl,kapi
pwg,14878,katitTAsya,vgl,golANgUla
pwg,14881,kapiDvaja,vgl,kapiketana
pwg,14882,kapinAman,vgl,kapi
pwg,14889,kapiraTa,vgl,kapipraBu
pwg,14891,kapila,vgl,kapiSa
pwg,14904,kapilAYjana,vgl,kapiSAYjana
pwg,14917,kapiSa,vgl,kapila
pwg,14918,kapiSAYjana,vgl,kapilAYjana
pwg,14919,kapiSIkA,vgl,kapiSA
pwg,14922,kapizWala,vgl,kApizWala
pwg,14942,kapotacaraRA,vgl,kapotavARA
pwg,14942,kapotacaraRA,vgl,kapotANGri
pwg,14943,kapotapAka,vgl,kApotapAkya
pwg,14954,kapotasAra,vgl,kapota
pwg,14956,kapotANGri,vgl,kapotacaraRA
pwg,14957,kapotAYjana,vgl,kapota
pwg,14966,kapyAKya,vgl,kapi
pwg,14967,kaPa,vgl,abDikaPa
pwg,14970,kaPaRi,vgl,kaPoRi
pwg,14979,kaPoRi,vgl,kaPaRi
pwg,14981,kab,vgl,kav
pwg,14988,kam,vgl,Sam
pwg,14989,kam,vgl,kan
pwg,14989,kam,vgl,nikAma
pwg,14995,kamana,vgl,kAmana
pwg,15006,kamaladevI,vgl,kamalavatI
pwg,15009,kamalayoni,vgl,padmayoni
pwg,15024,kamp,vgl,Akampa
pwg,15024,kamp,vgl,aBi
pwg,15031,kampila,vgl,kAmpilla
pwg,15036,kamba,vgl,kamBa
pwg,15037,kambara,vgl,karbura
pwg,15056,kamboja,vgl,kambu
pwg,15057,kambojamuRqa,vgl,yavanamuRqa
pwg,15059,kamBa,vgl,kamba
pwg,15071,kar,vgl,aDikaraRa
pwg,15071,kar,vgl,aDikAra
pwg,15071,kar,vgl,aDikfta
pwg,15071,kar,vgl,anukara
pwg,15071,kar,vgl,˚karaRa
pwg,15071,kar,vgl,˚kartar
pwg,15071,kar,vgl,˚kAra
pwg,15071,kar,vgl,˚kArin
pwg,15071,kar,vgl,˚kArya
pwg,15071,kar,vgl,˚kfti
pwg,15071,kar,vgl,˚kftya
pwg,15071,kar,vgl,˚krI
pwg,15071,kar,vgl,anAnukftya
pwg,15071,kar,vgl,apakartar
pwg,15071,kar,vgl,apakarman
pwg,15071,kar,vgl,apakAra
pwg,15071,kar,vgl,apakArin
pwg,15071,kar,vgl,apakfta
pwg,15071,kar,vgl,apakftya
pwg,15071,kar,vgl,apakriyA
pwg,15071,kar,vgl,apacikIrzA
pwg,15071,kar,vgl,aBikaraRa
pwg,15071,kar,vgl,aBikftvan
pwg,15071,kar,vgl,anAkfta
pwg,15071,kar,vgl,AkAra
pwg,15071,kar,vgl,AkAraRa
pwg,15071,kar,vgl,AkAraRIya
pwg,15071,kar,vgl,Akfta
pwg,15071,kar,vgl,Akfti
pwg,15071,kar,vgl,Askra
pwg,15071,kar,vgl,apAkaraRa
pwg,15071,kar,vgl,upAkaraRa
pwg,15071,kar,vgl,vyAkaraRa
pwg,15071,kar,vgl,vyAkAra
pwg,15071,kar,vgl,vyAkfti
pwg,15071,kar,vgl,izkartar
pwg,15071,kar,vgl,izkftAhAva
pwg,15071,kar,vgl,upakaraRa
pwg,15071,kar,vgl,upakartar
pwg,15071,kar,vgl,upakAra
pwg,15071,kar,vgl,nikAra
pwg,15071,kar,vgl,nikAraRa
pwg,15071,kar,vgl,nikArin
pwg,15071,kar,vgl,nikfti
pwg,15071,kar,vgl,nikftin
pwg,15071,kar,vgl,nikftvan
pwg,15071,kar,vgl,anizkfta
pwg,15071,kar,vgl,nizkartar
pwg,15071,kar,vgl,nizkfta
pwg,15071,kar,vgl,aBinizkArin
pwg,15072,kar,vgl,kAru
pwg,15072,kar,vgl,kIri
pwg,15072,kar,vgl,kIrti
pwg,15073,kar,vgl,avakara
pwg,15073,kar,vgl,avakIrRin
pwg,15073,kar,vgl,Akara
pwg,15073,kar,vgl,Akula
pwg,15073,kar,vgl,vyAkula
pwg,15073,kar,vgl,samAkula
pwg,15073,kar,vgl,utkara
pwg,15073,kar,vgl,utkAra
pwg,15073,kar,vgl,utkArikA
pwg,15073,kar,vgl,utkira
pwg,15073,kar,vgl,parikara
pwg,15073,kar,vgl,saMkara
pwg,15073,kar,vgl,saMkula
pwg,15084,karakalaSa,vgl,karakoza
pwg,15086,karakAyu,vgl,kanakAyu
pwg,15106,karawa,vgl,Aharakarawa
pwg,15109,karawu,vgl,karewavyA
pwg,15109,karawu,vgl,karewu
pwg,15109,karawu,vgl,karkawa
pwg,15109,karawu,vgl,karkawu
pwg,15109,karawu,vgl,karkarAwuka
pwg,15109,karawu,vgl,karkarewu
pwg,15119,karaRqaka,vgl,puzpa˚
pwg,15119,karaRqaka,vgl,yoga˚
pwg,15121,karaRqavyUha,vgl,kAraRqavyUha
pwg,15127,karada,vgl,karaprada
pwg,15138,karapAla,vgl,karabAla
pwg,15139,karapAlikA,vgl,karabAlikA
pwg,15141,karaPu,vgl,kalahu
pwg,15154,karaBU,vgl,kAraBU
pwg,15157,karamarin,vgl,kArA
pwg,15172,karavI,vgl,karvarI
pwg,15172,karavI,vgl,kavarI
pwg,15172,karavI,vgl,kAvarI
pwg,15173,karavIka,vgl,karavIra
pwg,15174,karavIra,vgl,kAravIreya
pwg,15184,karasna,vgl,kara
pwg,15189,karANgaRa,vgl,aNgaRa
pwg,15194,karAyikA,vgl,kArAyikA
pwg,15197,karAlaka,vgl,karAlika
pwg,15209,karipa,vgl,kariva
pwg,15215,karimAcala,vgl,gajamAcala
pwg,15218,kariva,vgl,karipa
pwg,15232,karIza,vgl,AKukarIza
pwg,15238,karuRapuRqarIka,vgl,mahAkaruRapuRqarIka
pwg,15244,karutTAma,vgl,aSvatTAman
pwg,15248,karULatin,vgl,karUza
pwg,15249,karUza,vgl,kArUza
pwg,15253,karewu,vgl,karawu
pwg,15253,karewu,vgl,karkawa
pwg,15253,karewu,vgl,karkawu
pwg,15253,karewu,vgl,karkarAwuka
pwg,15253,karewu,vgl,karkarewu
pwg,15260,karevara,vgl,karenara
pwg,15261,karowa,vgl,karowi
pwg,15262,karowaka,vgl,karkowaka
pwg,15267,karka,vgl,karkawa
pwg,15269,karkawa,vgl,karkara
pwg,15277,karkawi,vgl,karkawI
pwg,15280,karkawu,vgl,karawu
pwg,15287,karkara,vgl,karkawa
pwg,15291,karkarAwuka,vgl,karawu
pwg,15295,karkarIkA,vgl,karkarI
pwg,15297,karkarewu,vgl,karawu
pwg,15298,karkaSa,vgl,karkawa
pwg,15299,karkaSacCada,vgl,karkaSadala
pwg,15301,karkaSadala,vgl,karkaSacCada
pwg,15308,karkowa,vgl,karkowaka
pwg,15310,karcUra,vgl,karbura
pwg,15310,karcUra,vgl,karbUra
pwg,15316,karRaka,vgl,kfmikarRaka
pwg,15326,karRacCidra,vgl,karRapuwa
pwg,15326,karRacCidra,vgl,˚ranDra
pwg,15326,karRacCidra,vgl,˚vivara
pwg,15326,karRacCidra,vgl,karRAYjali
pwg,15327,karRajapa,vgl,karRajApa
pwg,15329,karRajApa,vgl,karRajapa
pwg,15329,karRajApa,vgl,karRejapa
pwg,15333,karRadarpaRa,vgl,karRamukura
pwg,15348,karRapuwa,vgl,karRacCidra
pwg,15348,karRapuwa,vgl,˚ranDra
pwg,15348,karRapuwa,vgl,˚vivara
pwg,15348,karRapuwa,vgl,karRAYjali
pwg,15362,karRamukura,vgl,karRadarpaRa
pwg,15366,karRaranDra,vgl,karRacCidra
pwg,15366,karRaranDra,vgl,˚puwa
pwg,15366,karRaranDra,vgl,˚vivara
pwg,15366,karRaranDra,vgl,karRAYjali
pwg,15373,karRavivara,vgl,karRacCidra
pwg,15373,karRavivara,vgl,˚puwa
pwg,15373,karRavivara,vgl,˚ranDra
pwg,15373,karRavivara,vgl,karRAYjali
pwg,15392,karRAYjali,vgl,karRacCidra
pwg,15395,karRAQaka,vgl,parRAQaka
pwg,15414,karRecurucurA,vgl,karRowiriwirA
pwg,15421,kart,vgl,avakarta
pwg,15421,kart,vgl,utkartana
pwg,15429,kartari,vgl,kartarI
pwg,15455,kardamaka,vgl,kardama
pwg,15462,karpawa,vgl,kArpawika
pwg,15465,karpaRa,vgl,kaRapa
pwg,15466,karpara,vgl,Gawakarpara
pwg,15466,karpara,vgl,mUrDakarparI
pwg,15471,karpAsa,vgl,kArpAsa
pwg,15473,karpUraka,vgl,karbUraka
pwg,15483,karPara,vgl,karkara
pwg,15486,karbu,vgl,karbura
pwg,15490,karbura,vgl,karbUra
pwg,15490,karbura,vgl,karvara
pwg,15490,karbura,vgl,kirmIra
pwg,15496,karmaka,vgl,akarmaka
pwg,15496,karmaka,vgl,sakarmaka
pwg,15505,karmakft,vgl,aDikarmakft
pwg,15508,karmakzetra,vgl,karmaBUmi
pwg,15529,karmapAka,vgl,karmavipAka
pwg,15535,karmaBUmi,vgl,karmakzetra
pwg,15553,karmavipAka,vgl,karmapAka
pwg,15561,karmasa,vgl,karmaSrezWa
pwg,15575,karmin,vgl,anAryakarmin
pwg,15577,karmIRa,vgl,alaMkarmIRa
pwg,15580,karv,vgl,Karv
pwg,15580,karv,vgl,garv
pwg,15583,karvawaka,vgl,karvawa
pwg,15585,karvara,vgl,karbura
pwg,15586,karS,vgl,karSana
pwg,15589,karSya,vgl,kArSya
pwg,15589,karSya,vgl,kArzya
pwg,15590,karz,vgl,anukarza
pwg,15590,karz,vgl,anukarzaRa
pwg,15590,karz,vgl,anukfzwa
pwg,15590,karz,vgl,Anukfzwa
pwg,15590,karz,vgl,apakarza
pwg,15590,karz,vgl,avakfzwa
pwg,15590,karz,vgl,Akarza
pwg,15590,karz,vgl,utkarza
pwg,15590,karz,vgl,saMnikarza
pwg,15590,karz,vgl,viprakarza
pwg,15596,karzaRI,vgl,karziRI
pwg,15603,kal,vgl,Akalana
pwg,15603,kal,vgl,utkalita
pwg,15603,kal,vgl,utkalikA
pwg,15613,kalakUwa,vgl,kAlakUwa
pwg,15614,kalakURikA,vgl,kalakUjikA
pwg,15625,kalawa,vgl,kuwala
pwg,15627,kalatUlikA,vgl,kalakURikA
pwg,15646,kalamba,vgl,kaqamba
pwg,15646,kalamba,vgl,kadamba
pwg,15646,kalamba,vgl,kalambU
pwg,15653,kalarava,vgl,kalakaRWa
pwg,15653,kalarava,vgl,kalaGoza
pwg,15654,kalala,vgl,kalana
pwg,15655,kalalaja,vgl,kalakala
pwg,15659,kalaSa,vgl,kalaSi
pwg,15676,kalahu,vgl,karaPu
pwg,15678,kalA,vgl,akala
pwg,15678,kalA,vgl,nizkala
pwg,15678,kalA,vgl,sakala
pwg,15680,kalAkula,vgl,halAhala
pwg,15691,kalAnunAdin,vgl,kAlAnunAdin
pwg,15692,kalAntara,vgl,kalA
pwg,15695,kalApagrAma,vgl,kalApadvIpa
pwg,15703,kalAmaka,vgl,kalama
pwg,15711,kalAvika,vgl,kalADika
pwg,15712,kalAvikala,vgl,kalaviNka
pwg,15733,kalila,vgl,kaluza
pwg,15736,kaluza,vgl,saMkaluza
pwg,15736,kaluza,vgl,kalmaza
pwg,15743,kalka,vgl,kaluza
pwg,15743,kalka,vgl,kalmaza
pwg,15743,kalka,vgl,kilviza
pwg,15744,kalkana,vgl,akalkana
pwg,15746,kalkala,vgl,akalkala
pwg,15749,kalp,vgl,aprakxpta
pwg,15750,kalpa,vgl,akalpa
pwg,15750,kalpa,vgl,anukalpa
pwg,15750,kalpa,vgl,upakalpa
pwg,15750,kalpa,vgl,janakalpa
pwg,15750,kalpa,vgl,purAkalpa
pwg,15750,kalpa,vgl,mahAkalpa
pwg,15758,kalpana,vgl,asatkalpanA
pwg,15764,kalpalatA,vgl,kavikalpalatA
pwg,15769,kalpavfkza,vgl,kalpakataru
pwg,15769,kalpavfkza,vgl,kalpataru
pwg,15769,kalpavfkza,vgl,˚dru
pwg,15769,kalpavfkza,vgl,˚druma
pwg,15769,kalpavfkza,vgl,˚pAdapa
pwg,15769,kalpavfkza,vgl,˚mahIruh
pwg,15769,kalpavfkza,vgl,˚latA
pwg,15769,kalpavfkza,vgl,˚latikA
pwg,15769,kalpavfkza,vgl,˚vallI
pwg,15769,kalpavfkza,vgl,˚viwapin
pwg,15775,kalpin,vgl,aDikalpin
pwg,15781,kalmaza,vgl,kaluza
pwg,15781,kalmaza,vgl,kalka
pwg,15781,kalmaza,vgl,kalmAza
pwg,15781,kalmaza,vgl,kilviza
pwg,15782,kalmAza,vgl,akalmAza
pwg,15783,kalmAzakaRWa,vgl,nIlakaRWa
pwg,15793,kalyapAlaka,vgl,kalyApAlaka
pwg,15794,kalyavarta,vgl,prAtarASa
pwg,15826,kavaqa,vgl,kavala
pwg,15832,kavayI,vgl,kavikA
pwg,15834,kavarakI,vgl,vandi
pwg,15840,kavaza,vgl,kAvazeya
pwg,15841,kavasa,vgl,kavaca
pwg,15847,kavAri,vgl,akavAri
pwg,15847,kavAri,vgl,akava
pwg,15847,kavAri,vgl,kavatnu
pwg,15850,kavi,vgl,kavika
pwg,15850,kavi,vgl,kavikA
pwg,15850,kavi,vgl,kaviya
pwg,15850,kavi,vgl,kavIya
pwg,15854,kavikalpadruma,vgl,kavirahasya
pwg,15877,kavIy,vgl,kavy
pwg,15881,kavela,vgl,kavAra
pwg,15882,kavozRa,vgl,kaduzRa
pwg,15882,kavozRa,vgl,kozRa
pwg,15895,kaSipu,vgl,hiraRyakaSipu
pwg,15897,kaSIkA,vgl,kaSa
pwg,15906,kaSmaSa,vgl,kaSmala
pwg,15907,kaSmIra,vgl,kASmIra
pwg,15908,kaSmIrajanman,vgl,kASmIra˚
pwg,15910,kaSya,vgl,kASya
pwg,15914,kaz,vgl,kaza
pwg,15914,kaz,vgl,kazaRa
pwg,15914,kaz,vgl,kAza
pwg,15921,kazAputra,vgl,nikazAtmaja
pwg,15922,kazAya,vgl,paYcakazAya
pwg,15933,kazIkA,vgl,kaSIkA
pwg,15934,kazerukA,vgl,kaSerukA
pwg,15936,kazwa,vgl,sukazwa
pwg,15941,kas,vgl,vikasuka
pwg,15941,kas,vgl,vikAsin
pwg,15956,kasPila,vgl,kazPila
pwg,15958,kasmAt,vgl,akasmAt
pwg,15997,kAkajAta,vgl,kAkapuzwa
pwg,15999,kAkaRantikA,vgl,kAkaciYcA
pwg,15999,kAkaRantikA,vgl,kAkatiktA
pwg,15999,kAkaRantikA,vgl,kAkaRi
pwg,15999,kAkaRantikA,vgl,kAkiRI
pwg,16000,kAkaRi,vgl,kAkiRI
pwg,16020,kAkaparRI,vgl,kAkamudgA
pwg,16024,kAkapuzwa,vgl,anyapuzwa
pwg,16024,kAkapuzwa,vgl,anyaBft
pwg,16024,kAkapuzwa,vgl,anyaBfta
pwg,16024,kAkapuzwa,vgl,kAkajAta
pwg,16024,kAkapuzwa,vgl,parapuzwa
pwg,16024,kAkapuzwa,vgl,paraBft
pwg,16024,kAkapuzwa,vgl,paraBfta
pwg,16030,kAkaBIru,vgl,kAkAri
pwg,16049,kAkalIrava,vgl,kalarava
pwg,16066,kAkARqolA,vgl,kAkARqA
pwg,16071,kAkAla,vgl,kAka
pwg,16074,kAkiRI,vgl,kAkaRi
pwg,16074,kAkiRI,vgl,kAkaRantikA
pwg,16074,kAkiRI,vgl,kAkinI
pwg,16077,kAkila,vgl,kAkala
pwg,16078,kAkIya,vgl,SvetakAkIya
pwg,16081,kAkud,vgl,kAkuda
pwg,16081,kAkud,vgl,kakud
pwg,16101,kAkza,vgl,kawAkza
pwg,16114,kANkz,vgl,anukANkzin
pwg,16114,kANkz,vgl,aBikANkzA
pwg,16114,kANkz,vgl,AkANkza
pwg,16120,kANguka,vgl,kaNgu
pwg,16123,kAcana,vgl,kacela
pwg,16126,kAcamala,vgl,kAca
pwg,16143,kAcCI,vgl,kAkzI
pwg,16146,kAYc,vgl,kac
pwg,16154,kAYcanagErika,vgl,svarRagErika
pwg,16162,kAYcanasaMDi,vgl,kapAlasaMDi
pwg,16175,kAwa,vgl,kAwya
pwg,16192,kARUka,vgl,kARa
pwg,16199,kARqa,vgl,arjunakARqa
pwg,16199,kARqa,vgl,ikzu˚
pwg,16199,kARqa,vgl,ugra˚
pwg,16199,kARqa,vgl,uttara˚
pwg,16199,kARqa,vgl,pra˚
pwg,16199,kARqa,vgl,uzwrakARqI
pwg,16204,kARqakIlaka,vgl,kARqanIla
pwg,16216,kARqapfzWa,vgl,kARqaspfzwa
pwg,16219,kARqaruhA,vgl,kARqeruhA
pwg,16223,kARqavIRA,vgl,kaRqolavIRA
pwg,16225,kARqaspfzwa,vgl,kARqapfzWa
pwg,16234,kARqola,vgl,kaRqola
pwg,16237,kARvAyana,vgl,kARvyAyana
pwg,16240,kARvya,vgl,kARva
pwg,16247,kAtala,vgl,kAtara
pwg,16248,kAtalAyana,vgl,kAtarAyaRa
pwg,16251,kAtu,vgl,kAwa
pwg,16256,kAtyAyana,vgl,kakudakAtyAyana
pwg,16256,kAtyAyana,vgl,mahAkAtyAyana
pwg,16258,kAtfRa,vgl,kattfRa
pwg,16277,kAnanOkas,vgl,vanOkas
pwg,16293,kAntaloha,vgl,lohakAnta
pwg,16294,kAntANGridohada,vgl,aSoka
pwg,16297,kAntAyasa,vgl,kAntaloha
pwg,16306,kAntipura,vgl,kAntInagarI
pwg,16308,kAntInagarI,vgl,kAntipura
pwg,16313,kAnda,vgl,kAndAviza
pwg,16334,kApitTa,vgl,paYcakApitTa
pwg,16351,kApota,vgl,kapota
pwg,16356,kApya,vgl,kApeya
pwg,16363,kAma,vgl,akAma
pwg,16363,kAma,vgl,akzakAma
pwg,16363,kAma,vgl,kAmatas
pwg,16363,kAma,vgl,kAmam
pwg,16363,kAma,vgl,devakAma
pwg,16363,kAma,vgl,yatkAma
pwg,16395,kAmatas,vgl,akAmatas
pwg,16396,kAmatAla,vgl,kAmajAna
pwg,16404,kAmaduh,vgl,izwakAmaduh
pwg,16444,kAmareKA,vgl,kAmaleKA
pwg,16494,kAmin,vgl,kAmakAmin
pwg,16499,kAmukakAntA,vgl,kAmuka
pwg,16508,kAmpIla,vgl,kAmpIlavAsin
pwg,16519,kAmboji,vgl,kAmbojI
pwg,16528,kAya,vgl,trikAya
pwg,16528,kAya,vgl,nikAya
pwg,16528,kAya,vgl,pratikAya
pwg,16529,kAyaka,vgl,kAyika
pwg,16530,kAyacikitsA,vgl,kAyika
pwg,16535,kAyasTa,vgl,kayasTA
pwg,16535,kAyasTa,vgl,vayasTA
pwg,16549,kAraRa,vgl,karaRa
pwg,16561,kAraRqava,vgl,karaRqa
pwg,16563,kAraRqavyUha,vgl,karaRqavyUha
pwg,16568,kAraBU,vgl,karaBU
pwg,16571,kAramBA,vgl,karamBA
pwg,16572,kAramBi,vgl,karamBi
pwg,16591,kArABU,vgl,karaBU
pwg,16591,kArABU,vgl,kAraBU
pwg,16600,kArin,vgl,akArin
pwg,16600,kArin,vgl,akAryakArin
pwg,16600,kArin,vgl,antakArin
pwg,16600,kArin,vgl,Apta˚
pwg,16600,kArin,vgl,gfha˚
pwg,16600,kArin,vgl,peSas˚
pwg,16600,kArin,vgl,maDyAtaH˚
pwg,16611,kAruka,vgl,anyakArukA
pwg,16621,kArotara,vgl,kArottama
pwg,16622,kArottama,vgl,kArotara
pwg,16622,kArottama,vgl,kArottara
pwg,16638,kArRavezwakika,vgl,akArRavezwakika
pwg,16666,kArpAsa,vgl,araRyakArpAsI
pwg,16666,kArpAsa,vgl,vanakArpAsa
pwg,16680,kArmuka,vgl,surakArmuka
pwg,16684,kArya,vgl,akArya
pwg,16710,kArzaka,vgl,karzaka
pwg,16727,kArzmarya,vgl,kArSmarI
pwg,16727,kArzmarya,vgl,kASmarI
pwg,16730,kAla,vgl,akAla
pwg,16730,kAla,vgl,AkAla
pwg,16730,kAla,vgl,ekakAlam
pwg,16730,kAla,vgl,yaTAkAlam
pwg,16731,kAlaka,vgl,tilakAlaka
pwg,16735,kAlakawaNkawa,vgl,kawaNkawa
pwg,16736,kAlakaRwaka,vgl,kAlakaRWa
pwg,16737,kARakaRWa,vgl,nIlakaRWa
pwg,16741,kAlakarman,vgl,kAlakriyA
pwg,16747,kAlakAra,vgl,kAlakft
pwg,16750,kAlakIla,vgl,kalakala
pwg,16760,kAlakeya,vgl,kAlakaYja
pwg,16760,kAlakeya,vgl,kAlakAYja
pwg,16766,kAlaKaRqa,vgl,kAlaKaYja
pwg,16780,kAlatara,vgl,kAlitara
pwg,16785,kAlatoyaka,vgl,kAlajozaka
pwg,16790,kAlanara,vgl,kAlAnara
pwg,16819,kAlaBft,vgl,kAlakft
pwg,16824,kAlamAla,vgl,kAlamAna
pwg,16824,kAlamAla,vgl,kAlaSAka
pwg,16825,kAlamuKa,vgl,kAlAmuKa
pwg,16839,kAlala,vgl,kAlila
pwg,16849,kAlavfdDi,vgl,kAlikA
pwg,16853,kAlavelA,vgl,kulikavelA
pwg,16855,kAlaSambara,vgl,Sambara
pwg,16869,kAlAkzarika,vgl,akzaramuKa
pwg,16882,kAlAnara,vgl,kAlanara
pwg,16885,kAlAnuSArivA,vgl,kAlAnusArivA
pwg,16889,kAlAnusArivA,vgl,kAlAnuSArivA
pwg,16893,kAlAntakayama,vgl,yamAntaka
pwg,16903,kAlAyasa,vgl,kfzRAyasa
pwg,16909,kAlikApurARa,vgl,kAlIpurARa
pwg,16914,kAliYjara,vgl,kAlaYjara
pwg,16918,kAlinI,vgl,rOdrI
pwg,16929,kAlila,vgl,kAlala
pwg,16941,kAleya,vgl,kAlIya
pwg,16941,kAleya,vgl,kAlIyaka
pwg,16942,kAleya,vgl,kAlakeya
pwg,16949,kAlpa,vgl,kAlyaka
pwg,16960,kAvawa,vgl,karvawa
pwg,16988,kAS,vgl,cakAs
pwg,16988,kAS,vgl,AkASa
pwg,16988,kAS,vgl,utkASana
pwg,16988,kAS,vgl,apracaNkaSa
pwg,16988,kAS,vgl,prakASa
pwg,16988,kAS,vgl,vikASaka
pwg,16988,kAS,vgl,vIkASa
pwg,16988,kAS,vgl,saMkASa
pwg,16992,kASakftsna,vgl,kaSakftsna
pwg,16992,kASakftsna,vgl,aparakASakftsna
pwg,16996,kASaparI,vgl,kASaParI
pwg,16998,kASaParI,vgl,kASaparI
pwg,17007,kASikApriya,vgl,kASipati
pwg,17007,kASikApriya,vgl,kASirAja
pwg,17011,kASinATa,vgl,kASInATa
pwg,17023,kASInATa,vgl,kASinATa
pwg,17027,kASISa,vgl,kASInATa
pwg,17027,kASISa,vgl,kASipati
pwg,17027,kASISa,vgl,kASirAja
pwg,17032,kASmarI,vgl,kASmarya
pwg,17032,kASmarI,vgl,kASrmarI
pwg,17032,kASmarI,vgl,kArzmarya
pwg,17035,kASmIraka,vgl,kASmIrakaH
pwg,17037,kASmIrajanman,vgl,kaSmIrajanman
pwg,17038,kASmIrika,vgl,kASmIraka
pwg,17043,kASyapa,vgl,kaSyapa
pwg,17046,kASyapi,vgl,kASyapeya
pwg,17057,kAzAyavAsika,vgl,kazAyavAsika
pwg,17126,kAhakA,vgl,kAhalA
pwg,17143,kiMvarAwaka,vgl,kiMkzaRa
pwg,17151,kiMSuka,vgl,palASa
pwg,17159,kikirA,vgl,kakajAkfta
pwg,17167,kiMkara,vgl,kEMkarAyaRa
pwg,17168,kiMkartavyatA,vgl,itikartavyatA
pwg,17168,kiMkartavyatA,vgl,kiMkAryatA
pwg,17169,kiMkala,vgl,kiMkara
pwg,17178,kiNkira,vgl,kiMkirAta
pwg,17181,kiNkirin,vgl,kiNkiRI
pwg,17182,kiMkzaRa,vgl,kiMvarAwaka
pwg,17191,kiMjapya,vgl,kiMdAna
pwg,17197,kiwakiwAy,vgl,kawakawA
pwg,17198,kiwi,vgl,kira
pwg,17198,kiwi,vgl,kiri
pwg,17200,kiwima,vgl,kiwiBa
pwg,17210,kiRva,vgl,kaRva
pwg,17211,kiRvin,vgl,kinDin
pwg,17211,kiRvin,vgl,kilkin
pwg,17230,kinDin,vgl,kiRvin
pwg,17235,kipya,vgl,cipya
pwg,17241,kimIdin,vgl,Simida
pwg,17243,kiMpaca,vgl,kiMpacAna
pwg,17253,kiMBUta,vgl,kaTaMBUta
pwg,17266,kirAta,vgl,kErAta
pwg,17266,kirAta,vgl,ambukirAta
pwg,17266,kirAta,vgl,kiMkirAta
pwg,17268,kirAtatikta,vgl,anAryatikta
pwg,17271,kirAti,vgl,kirAtI
pwg,17274,kiri,vgl,kiryARI
pwg,17283,kirmira,vgl,kirmIra
pwg,17291,kila,vgl,keli
pwg,17305,kiliYja,vgl,kEliYja
pwg,17309,kilbiza,vgl,deva˚
pwg,17309,kilbiza,vgl,ni˚
pwg,17309,kilbiza,vgl,brahma˚
pwg,17317,kiSora,vgl,kESora
pwg,17321,kizkinDa,vgl,kizkinDya
pwg,17326,kis,vgl,nakis
pwg,17326,kis,vgl,mAkis
pwg,17330,kisalaya,vgl,kiSalaya
pwg,17335,kIkasamuKa,vgl,kIkasAsya
pwg,17337,kIkasAsya,vgl,kIkasamuKa
pwg,17342,kIwa,vgl,karRakIwA (˚kIwI)
pwg,17342,kIwa,vgl,kalakIwa
pwg,17342,kIwa,vgl,kAzWa˚
pwg,17342,kIwa,vgl,keSa˚
pwg,17355,kIna,vgl,kIra
pwg,17369,kIrtanya,vgl,kIrtenya
pwg,17370,kIrtay,vgl,anukIrtana
pwg,17371,kIrti,vgl,divAkIrti
pwg,17371,kIrti,vgl,sukIrti
pwg,17381,kIrtiSeza,vgl,AleKyaSeza
pwg,17381,kIrtiSeza,vgl,nAmaSeza
pwg,17381,kIrtiSeza,vgl,yaSaHSeza
pwg,17384,kIrtya,vgl,divAkIrtya
pwg,17388,kIl,vgl,kIlita
pwg,17389,kIla,vgl,akzAgrakIla
pwg,17389,kIla,vgl,indrakIla
pwg,17389,kIla,vgl,kukIla
pwg,17389,kIla,vgl,kxptakIlA
pwg,17389,kIla,vgl,carmakIla
pwg,17389,kIla,vgl,DarmakIla
pwg,17390,kIlaka,vgl,kIla
pwg,17390,kIlaka,vgl,akzAgrakIlaka
pwg,17390,kIlaka,vgl,karma˚
pwg,17390,kIlaka,vgl,kARqa˚
pwg,17394,kIlAlaja,vgl,asraja
pwg,17402,kISaparRa,vgl,keSaparRI
pwg,17415,kukIla,vgl,acalakIlA
pwg,17422,kukuBA,vgl,kakuB
pwg,17423,kukura,vgl,kukkura
pwg,17425,kukUwI,vgl,kukkuwI
pwg,17426,kukURaka,vgl,kutURaka
pwg,17430,kukftya,vgl,kOkftya
pwg,17448,kukkuwi,vgl,kukkuwI
pwg,17450,kukkura,vgl,kukura
pwg,17467,kuc,vgl,AkuYcana
pwg,17467,kuc,vgl,saMkoca
pwg,17467,kuc,vgl,saMkocana
pwg,17475,kucika,vgl,kuYcikA
pwg,17487,kujamBala,vgl,kumBila
pwg,17488,kujjiSa,vgl,kuqiSa
pwg,17489,kujJawi,vgl,kuheqikA
pwg,17493,kuYci,vgl,nikuYcaka
pwg,17494,kuYcikA,vgl,kawapallikuYcikA
pwg,17506,kuYjala,vgl,kAYjika
pwg,17509,kuw,vgl,utkowa
pwg,17512,kuwa,vgl,utkuwa
pwg,17512,kuwa,vgl,nizkuwa
pwg,17513,kuwaka,vgl,nizkuwaka
pwg,17514,kuwaNka,vgl,kuwuNgaka
pwg,17514,kuwaNka,vgl,kuqaNga
pwg,17514,kuwaNka,vgl,kuRqaNga
pwg,17534,kuwilaka,vgl,kOwilika
pwg,17545,kuwIra,vgl,kuwwAra
pwg,17546,kuwuNgaka,vgl,kuwaNka
pwg,17546,kuwuNgaka,vgl,kuwaNgaka
pwg,17546,kuwuNgaka,vgl,kuqaNga
pwg,17546,kuwuNgaka,vgl,kuRqaNga
pwg,17553,kuwera,vgl,kuwIra
pwg,17557,kuwwanI,vgl,kuwwiRI
pwg,17559,kuwwaparAnta,vgl,kuwwAparAnta
pwg,17563,kuwwAparAnta,vgl,kuwwaparAnta
pwg,17564,kuwwAra,vgl,kuwIra
pwg,17564,kuwwAra,vgl,kuwwIra
pwg,17565,kuwwinI,vgl,kuwwanI
pwg,17568,kuwwIra,vgl,kuwwAra
pwg,17573,kuWara,vgl,kuwara
pwg,17575,kuWAwaNka,vgl,kuWAra
pwg,17580,kuWi,vgl,kuwi
pwg,17582,kuWumi,vgl,kuTumi
pwg,17588,kuqaNga,vgl,kuwaNka
pwg,17588,kuqaNga,vgl,kuwuNgaka
pwg,17588,kuqaNga,vgl,kuRqaNga
pwg,17591,kuqi,vgl,kuwi
pwg,17592,kuqikA,vgl,kuwa
pwg,17593,kuqiSa,vgl,kujjiSa
pwg,17597,kuqmala,vgl,kuwmala
pwg,17614,kuRAla,vgl,kunAla
pwg,17615,kuRi,vgl,tuRi
pwg,17616,kuRin,vgl,utkuRa
pwg,17616,kuRin,vgl,matkuRa
pwg,17619,kuRw,vgl,kuRq
pwg,17623,kuRWa,vgl,kuRWita
pwg,17625,kuRq,vgl,kuRw
pwg,17632,kuRqaja,vgl,kuRqa
pwg,17633,kuRqajaWara,vgl,kuRqodara
pwg,17634,kuRqaDAra,vgl,kuRqa
pwg,17635,kuRqapAyin,vgl,kORqapAyina
pwg,17638,kuRqaBedin,vgl,kuRqa
pwg,17639,kuRqala,vgl,kuRqa
pwg,17642,kuRqalikA,vgl,vAtakuRqalikA
pwg,17646,kuRqaSAyin,vgl,kuRqa
pwg,17662,kutapa,vgl,kOtapa
pwg,17673,kutIrTa,vgl,sutIrTa
pwg,17676,kutumburu,vgl,kustumburu
pwg,17679,kutUhala,vgl,karaRakutUhala
pwg,17687,kutra,vgl,akutrA
pwg,17690,kutsa,vgl,purukutsa
pwg,17690,kutsa,vgl,kOtsa
pwg,17690,kutsa,vgl,kOtsAyana
pwg,17703,kuTumin,vgl,kuWumi
pwg,17717,kudraNka,vgl,draNka
pwg,17717,kudraNka,vgl,draNga
pwg,17717,kudraNka,vgl,udraNka
pwg,17717,kudraNka,vgl,udraNga
pwg,17730,kunalin,vgl,anali
pwg,17733,kunATa,vgl,kunAyaka
pwg,17737,kunAyaka,vgl,kunATa
pwg,17738,kunAla,vgl,kuRAla
pwg,17739,kunAlika,vgl,kunAla
pwg,17750,kunti,vgl,kOnteya
pwg,17753,kunT,vgl,krunT
pwg,17761,kundu,vgl,kunda
pwg,17761,kundu,vgl,kunduru
pwg,17766,kundr,vgl,kud
pwg,17766,kundr,vgl,gundr
pwg,17780,kupiYjala,vgl,kOpiYjala
pwg,17784,kupinda,vgl,kuvinda
pwg,17786,kuputra,vgl,kOputraka
pwg,17787,kupuruza,vgl,kApuruza
pwg,17789,kupUya,vgl,kapUya
pwg,17797,kubanDa,vgl,aNkabanDa
pwg,17808,kubja,vgl,kanyakubja
pwg,17813,kubra,vgl,prakubratA
pwg,17828,kumAra,vgl,akumAra
pwg,17828,kumAra,vgl,sukumAra
pwg,17838,kumArapAla,vgl,SiSupAla
pwg,17839,kumAraBftyA,vgl,kOmAraBftya
pwg,17861,kumAlaka,vgl,kumAra
pwg,17870,kumudavatI,vgl,kumudvatI
pwg,17878,kumudeSa,vgl,kumudabanDu
pwg,17878,kumudeSa,vgl,kumudasuhfd
pwg,17881,kumeru,vgl,sumeru
pwg,17882,kumodaka,vgl,kOmodakI
pwg,17890,kumBa,vgl,aSakumBI
pwg,17890,kumBa,vgl,udakumBa
pwg,17890,kumBa,vgl,gaReSa˚
pwg,17890,kumBa,vgl,rikta˚
pwg,17890,kumBa,vgl,SAta˚
pwg,17890,kumBa,vgl,hasti˚
pwg,17890,kumBa,vgl,kOmBa
pwg,17890,kumBa,vgl,kOmBAyana
pwg,17890,kumBa,vgl,kOmBi
pwg,17890,kumBa,vgl,kOmBeyaka
pwg,17890,kumBa,vgl,kOmBya
pwg,17893,kumBakAmalA,vgl,kumBapAda
pwg,17901,kumBadAsI,vgl,kumBa
pwg,17902,kumBaDara,vgl,kumBa
pwg,17904,kumBapAda,vgl,kumBakAmalA
pwg,17906,kumBamaRqUka,vgl,kUpamaRqUka
pwg,17907,kumBamuzka,vgl,kumBARqa
pwg,17918,kumBasaMBava,vgl,kumBayoni
pwg,17922,kumBikA,vgl,kumBIka
pwg,17925,kumBinIvIja,vgl,kumBIvIja
pwg,17929,kumBIka,vgl,kumBikA
pwg,17953,kuraMgama,vgl,kuraNga
pwg,17957,kuraRwa,vgl,kaRwakuraRwa
pwg,17958,kuraRwaka,vgl,kuraRqaka
pwg,17958,kuraRwaka,vgl,kuruRwaka
pwg,17966,kurava,vgl,kuravaka
pwg,17967,kuravaka,vgl,kuruvaka
pwg,17973,kurIra,vgl,sukurIra
pwg,17974,kurIra,vgl,kuwIra
pwg,17976,kuru,vgl,kOrava
pwg,17976,kuru,vgl,kOravaka
pwg,17976,kuru,vgl,kOravya
pwg,17985,kurucilla,vgl,kuracilla
pwg,17990,kuruRwaka,vgl,kuraRwaka
pwg,18005,kuruvaSa,vgl,kuruvatsa
pwg,18009,kuruvilva,vgl,kuruvinda
pwg,18010,kuruvilvaka,vgl,kuruvinda
pwg,18020,kurkuwAhi,vgl,kukkuwAhi
pwg,18020,kurkuwAhi,vgl,kukkuwABa
pwg,18021,kurkura,vgl,kukkura
pwg,18029,kula,vgl,devakula
pwg,18029,kula,vgl,mahAkula
pwg,18029,kula,vgl,rAjakula
pwg,18029,kula,vgl,svakula
pwg,18031,kulakara,vgl,kulakartar
pwg,18037,kulagiri,vgl,kulaparvata
pwg,18059,kulaDAraka,vgl,kulADAraka
pwg,18063,kulanAyikA,vgl,kulIna
pwg,18069,kulapatra,vgl,kulaputraka
pwg,18070,kulaparvata,vgl,kulagiri
pwg,18070,kulaparvata,vgl,kulaBUBft
pwg,18070,kulaparvata,vgl,kulAcala
pwg,18070,kulaparvata,vgl,kulAdri
pwg,18072,kulapAli,vgl,kulabAlikA
pwg,18083,kulaBftyA,vgl,kumAraBftyA
pwg,18106,kulasOraBa,vgl,kulaka
pwg,18110,kulAkulatiTi,vgl,kulatiTi
pwg,18111,kulAkulanakzatra,vgl,kulanakzatra
pwg,18112,kulAkulavAra,vgl,kulavAra
pwg,18121,kulADAraka,vgl,kulaDAraka
pwg,18131,kulAla,vgl,kumBakAra
pwg,18138,kulikavelA,vgl,kAlavelA
pwg,18146,kuliSa,vgl,kOliSAyani
pwg,18146,kuliSa,vgl,kOliSika
pwg,18158,kulIraka,vgl,SatakulIraka
pwg,18164,kuluNga,vgl,kuraNga
pwg,18166,kulUta,vgl,kolUka
pwg,18166,kulUta,vgl,kolUta
pwg,18166,kulUta,vgl,kOlUta
pwg,18177,kulmAza,vgl,kalmaza
pwg,18177,kulmAza,vgl,kalmAza
pwg,18184,kulyA,vgl,fzikulyA
pwg,18190,kuva,vgl,kuvala
pwg,18190,kuva,vgl,kuvalaya
pwg,18190,kuva,vgl,kuvela
pwg,18195,kuvada,vgl,kadvada
pwg,18211,kuvalASva,vgl,kuvalayASva
pwg,18233,kuvra,vgl,kubra
pwg,18242,kuSanagara,vgl,kuSigrAmaka
pwg,18242,kuSanagara,vgl,kuSinagara
pwg,18247,kuSapa,vgl,kuSaya
pwg,18250,kuSaya,vgl,kuSapa
pwg,18250,kuSaya,vgl,kuSita
pwg,18263,kuSAgra,vgl,kuSAgrIya
pwg,18266,kuSADya,vgl,kuSaRqa
pwg,18270,kuSAvatI,vgl,kuSavatI
pwg,18274,kuSika,vgl,kOSika
pwg,18275,kuSigrAmaka,vgl,kuSinagara
pwg,18276,kuSita,vgl,kuSa
pwg,18278,kuSinagara,vgl,kuSanagara
pwg,18279,kuSimbi,vgl,Simba
pwg,18279,kuSimbi,vgl,Simbi
pwg,18283,kuSIvaSa,vgl,kuSin
pwg,18284,kuSumBa,vgl,kusumBa
pwg,18285,kuSUla,vgl,kusUla
pwg,18288,kuSri,vgl,guSri
pwg,18295,kuzAku,vgl,kazAku
pwg,18298,kuzita,vgl,kuSita
pwg,18303,kuzumBa,vgl,kusumBa
pwg,18306,kuzWa,vgl,kAlakuzWa
pwg,18324,kuzmARqa,vgl,kUzmARqa
pwg,18325,kuzmARqaka,vgl,kUzmARqaka
pwg,18326,kus,vgl,kuS
pwg,18333,kusida,vgl,kusita
pwg,18335,kusimbI,vgl,kuSimbi
pwg,18337,kusIdAyI,vgl,kusitAyI
pwg,18356,kusumAYjana,vgl,puzpAYjana
pwg,18357,kusumAYjali,vgl,puzpAYjali
pwg,18383,kuha,vgl,kuhacidvid
pwg,18405,kuhUrava,vgl,kuhurava
pwg,18406,kuhUla,vgl,kukUla
pwg,18407,kuheqikA,vgl,kujJawI
pwg,18409,kU,vgl,AkUta
pwg,18418,kUcI,vgl,kUcikA
pwg,18418,kUcI,vgl,kUrcaka
pwg,18420,kUj,vgl,utkUja
pwg,18427,kUwa,vgl,ArakUwa
pwg,18427,kUwa,vgl,indrakUwa
pwg,18443,kUwapUrva,vgl,kUwaparva
pwg,18443,kUwapUrva,vgl,kUwapAlaka
pwg,18464,kUq,vgl,kUl
pwg,18466,kUR,vgl,kURitekzaRa
pwg,18469,kURikA,vgl,kaRWa˚
pwg,18469,kURikA,vgl,kala˚
pwg,18474,kUp,vgl,kfpay
pwg,18477,kUpakacCapa,vgl,avawakacCapa
pwg,18477,kUpakacCapa,vgl,kUpadardura
pwg,18477,kUpakacCapa,vgl,kUpamaRqUka
pwg,18482,kUpat,vgl,sUpat
pwg,18488,kUpANka,vgl,romakUpa
pwg,18495,kUvara,vgl,nalakUvara
pwg,18502,kUrcaka,vgl,kaPakUrcikA
pwg,18510,kUrd,vgl,gUrd
pwg,18510,kUrd,vgl,utkUrdana
pwg,18515,kUrpAsa,vgl,kurpAsa
pwg,18519,kUrmapurARa,vgl,kOrma
pwg,18526,kUla,vgl,ajakUlA
pwg,18526,kUla,vgl,anukUla
pwg,18544,kUzmARqa,vgl,kuzmARqa
pwg,18545,kUzmARqaka,vgl,kuzmARqaka
pwg,18549,kfka,vgl,kfkAwa
pwg,18555,kfkalA,vgl,kfkara
pwg,18557,kfkalAsa,vgl,kArkalAseya
pwg,18562,kfkAwa,vgl,kfka
pwg,18571,kfcCramUtrapurIzatva,vgl,mUtrakfcCra
pwg,18583,kftaka,vgl,kftrima
pwg,18593,kftakftya,vgl,kftakartavya
pwg,18593,kftakftya,vgl,kftakArya
pwg,18600,kftacCidrA,vgl,kftaveDanA
pwg,18606,kftadAra,vgl,dArakriyA
pwg,18612,kftaDI,vgl,kftabudDi
pwg,18616,kftanASaka,vgl,kftaGna
pwg,18619,kftapUrvanASana,vgl,kftaGna
pwg,18624,kftabudDi,vgl,kftamati
pwg,18634,kftayaSas,vgl,kArtayaSa
pwg,18644,kftavedin,vgl,kftajYa
pwg,18648,kftavrata,vgl,akftavraRa
pwg,18664,kftAnta,vgl,kArtAntika
pwg,18677,kfti,vgl,ayaskfti
pwg,18677,kfti,vgl,kuhayAkfti
pwg,18677,kfti,vgl,PUwkfti
pwg,18677,kfti,vgl,vazawkfti
pwg,18677,kfti,vgl,svAhAkfti
pwg,18677,kfti,vgl,havizkfti
pwg,18683,kftirAta,vgl,kIrtirAta
pwg,18686,kfte,vgl,kftena
pwg,18692,kfttikA,vgl,kArttika
pwg,18692,kfttikA,vgl,kArttikika
pwg,18692,kfttikA,vgl,kArttikeya
pwg,18696,kfttiraTa,vgl,kIrtiraTa
pwg,18699,kftnu,vgl,surUpakftnu
pwg,18700,kftya,vgl,akftya
pwg,18700,kftya,vgl,arTakftya
pwg,18700,kftya,vgl,arTakftyA
pwg,18700,kftya,vgl,karmakftya
pwg,18700,kftya,vgl,ku˚
pwg,18700,kftya,vgl,kfta˚
pwg,18700,kftya,vgl,pApakftyA
pwg,18700,kftya,vgl,puRya˚
pwg,18700,kftya,vgl,preta˚
pwg,18700,kftya,vgl,sADu˚
pwg,18712,kftrima,vgl,kftaka
pwg,18713,kftrimaDUpa,vgl,kxptaDUpa
pwg,18715,kftvan,vgl,pApakftvan
pwg,18715,kftvan,vgl,puru˚
pwg,18715,kftvan,vgl,pUrvakAma˚
pwg,18715,kftvan,vgl,rAja˚
pwg,18716,kftvas,vgl,sakft
pwg,18719,kftsa,vgl,kftsna
pwg,18720,kftsna,vgl,kftsa
pwg,18720,kftsna,vgl,akftsna
pwg,18720,kftsna,vgl,kaSakftsna
pwg,18720,kftsna,vgl,kASakftsna
pwg,18722,kftsnatA,vgl,kArtsnya
pwg,18737,kfpaRa,vgl,kArpaRya
pwg,18746,kfpay,vgl,krap
pwg,18748,kfpARa,vgl,kalp
pwg,18751,kfpAy,vgl,kfpay
pwg,18767,kfmijagDa,vgl,kfmija
pwg,18769,kfmiRa,vgl,kfmila
pwg,18771,kfmiparvata,vgl,kfmiSEla
pwg,18787,kfmiSEla,vgl,kfmiparvata
pwg,18793,kfmuka,vgl,kArmuka
pwg,18795,kfvi,vgl,krivi
pwg,18801,kfSana,vgl,UrDvakfSana
pwg,18813,kfSASva,vgl,akfSASva
pwg,18815,kfzaka,vgl,kfzika
pwg,18820,kfzika,vgl,kfzaka
pwg,18821,kfzIvala,vgl,akfzIvala
pwg,18822,kfzkara,vgl,kfkara
pwg,18824,kfzwapacya,vgl,akfzwapacya
pwg,18828,kfzwi,vgl,viSvakfzwi
pwg,18835,kfzRa,vgl,kArzRa
pwg,18835,kfzRa,vgl,kArzRAyana
pwg,18835,kfzRa,vgl,kArzRi
pwg,18835,kfzRa,vgl,kArzRya
pwg,18843,kfzRakApotI,vgl,SvetakApotI
pwg,18843,kfzRakApotI,vgl,kfzRasarpA
pwg,18847,kfzRagati,vgl,kfzRayAma
pwg,18847,kfzRagati,vgl,˚vartani
pwg,18847,kfzRagati,vgl,˚vartman
pwg,18847,kfzRagati,vgl,kfzRADvan
pwg,18850,kfzRagiri,vgl,kfzRAcala
pwg,18858,kfzRacCavi,vgl,kfzRArcis
pwg,18878,kfzRadvEpAyana,vgl,kfzRa
pwg,18902,kfzRaBogin,vgl,kfzRasarpa
pwg,18914,kfzRayAma,vgl,kfzRagati
pwg,18926,kfzRavartani,vgl,kfzRagati
pwg,18941,kfzRaSakuni,vgl,Sakuni
pwg,18953,kfzRasAraNga,vgl,kfzRasAra
pwg,18961,kfzRAcala,vgl,kfzRagiri
pwg,18963,kfzRAjina,vgl,kArzRAjini
pwg,18968,kfzRADvan,vgl,kfzRagati
pwg,18973,kfzRAyas,vgl,kfzRamayorajaH
pwg,18974,kfzRArcis,vgl,kfzRacCavi
pwg,18989,kfzRoraga,vgl,kfzRasarpa
pwg,18995,kxptaDUpa,vgl,kftrimaDUpa
pwg,18999,kekaya,vgl,kEkeya
pwg,19000,kekara,vgl,kedara
pwg,19000,kekara,vgl,deraka
pwg,19007,kecukA,vgl,kacu
pwg,19007,kecukA,vgl,kacvI
pwg,19007,kecukA,vgl,kemuka
pwg,19009,keta,vgl,ajYAtaketa
pwg,19009,keta,vgl,manasketa
pwg,19009,keta,vgl,SreyaHketa
pwg,19009,keta,vgl,saMketa
pwg,19009,keta,vgl,suketa
pwg,19009,keta,vgl,ketana
pwg,19009,keta,vgl,ketay
pwg,19016,ketu,vgl,aketu
pwg,19016,ketu,vgl,agniketu
pwg,19034,kedAranATa,vgl,kedAra
pwg,19040,kenipa,vgl,Akenipa
pwg,19047,kep,vgl,gep
pwg,19060,kela,vgl,kelu
pwg,19061,kelaka,vgl,kelikoza
pwg,19062,kelAy,vgl,keli
pwg,19062,kelAy,vgl,KelAy
pwg,19080,keliSuzi,vgl,kelI
pwg,19086,kelu,vgl,kela
pwg,19087,kev,vgl,sev
pwg,19088,kevawa,vgl,avawa
pwg,19101,keSa,vgl,kesara
pwg,19101,keSa,vgl,aYjanakeSI
pwg,19101,keSa,vgl,alpa˚
pwg,19101,keSa,vgl,avakeSa
pwg,19101,keSa,vgl,muni˚
pwg,19101,keSa,vgl,vfkza˚
pwg,19101,keSa,vgl,vyasta˚
pwg,19101,keSa,vgl,vyupta˚
pwg,19101,keSa,vgl,vi˚
pwg,19101,keSa,vgl,SocizkeSa
pwg,19101,keSa,vgl,sarvakeSaka
pwg,19101,keSa,vgl,harikeSa
pwg,19101,keSa,vgl,hiraRya˚
pwg,19121,keSaparRI,vgl,kISaparRI
pwg,19136,keSava,vgl,AdikeSava
pwg,19152,keSAkeSi,vgl,kacAkaci
pwg,19156,keSAri,vgl,keSara
pwg,19165,kesara,vgl,iBakeSara
pwg,19165,kesara,vgl,nAga˚
pwg,19179,kEkeya,vgl,kEkaya
pwg,19182,kENkalAyana,vgl,kEMkarAyaRa
pwg,19186,kEwarya,vgl,kEqarya
pwg,19192,kEtaveya,vgl,kEtava
pwg,19208,kErAla,vgl,kEvala
pwg,19219,kEvartamusta,vgl,kEvartI
pwg,19261,kokilotsava,vgl,kokilAvAsa
pwg,19263,koNka,vgl,kONka
pwg,19263,koNka,vgl,koNkaRa
pwg,19265,koNkaRa,vgl,koNkaRAsuta
pwg,19273,kowa,vgl,akowa
pwg,19273,kowa,vgl,amarakowa
pwg,19273,kowa,vgl,devIkowa
pwg,19276,kowara,vgl,kowavI
pwg,19276,kowara,vgl,kowwavI
pwg,19276,kowara,vgl,kOwavI
pwg,19278,kowavI,vgl,kowarI
pwg,19278,kowavI,vgl,kowwavI
pwg,19278,kowavI,vgl,kOwavI
pwg,19280,kowi,vgl,kAlakowi
pwg,19280,kowi,vgl,tulAkowi
pwg,19283,kowikAsya,vgl,kowika
pwg,19305,koWara,vgl,kowara
pwg,19307,koqAyana,vgl,krolAyana
pwg,19308,koRa,vgl,agnikoRa
pwg,19308,koRa,vgl,kumBakoRa
pwg,19319,kodrava,vgl,kOdravIRa
pwg,19323,kontala,vgl,kuntala
pwg,19324,konva,vgl,kola
pwg,19324,konva,vgl,kollaka
pwg,19324,konva,vgl,kolagiri
pwg,19325,konvaSira,vgl,kolvagireya
pwg,19326,kopa,vgl,pakzmakopa
pwg,19349,korita,vgl,kora
pwg,19356,kolakuRa,vgl,koRakuRa
pwg,19356,kolakuRa,vgl,utkuRa
pwg,19356,kolakuRa,vgl,matkuRa
pwg,19357,kolagiri,vgl,konva
pwg,19357,kolagiri,vgl,kola
pwg,19357,kolagiri,vgl,kollaka
pwg,19357,kolagiri,vgl,kollagiri
pwg,19357,kolagiri,vgl,konvaSira
pwg,19357,kolagiri,vgl,kolvagireya
pwg,19369,koli,vgl,kola
pwg,19369,koli,vgl,kapikoli
pwg,19374,kolUka,vgl,ulUka
pwg,19374,kolUka,vgl,ulUwa
pwg,19374,kolUka,vgl,utUla
pwg,19374,kolUka,vgl,kulUwa
pwg,19374,kolUka,vgl,kulUta
pwg,19374,kolUka,vgl,kOlUta
pwg,19376,kolyA,vgl,kolA
pwg,19377,kollaka,vgl,konva
pwg,19378,kollagiri,vgl,kollaka
pwg,19379,kolvagireya,vgl,konvaSira
pwg,19379,kolvagireya,vgl,kolagiri
pwg,19382,koSa,vgl,aMsatrakoSa
pwg,19382,koSa,vgl,aRqa˚
pwg,19382,koSa,vgl,antaH˚
pwg,19382,koSa,vgl,ahikoza
pwg,19382,koSa,vgl,indra˚
pwg,19382,koSa,vgl,devakoSa
pwg,19382,koSa,vgl,mahA˚
pwg,19383,koSaka,vgl,aRqakozaka
pwg,19386,koSakft,vgl,koSakAra
pwg,19397,koSavAsin,vgl,koSasTa
pwg,19401,koSaskft,vgl,koSakAra
pwg,19424,kozWila,vgl,kOzWila
pwg,19427,kozRa,vgl,kavozRa
pwg,19427,kozRa,vgl,kaduzRa
pwg,19428,kosala,vgl,upakosala
pwg,19429,kohaqa,vgl,kOhaqa
pwg,19430,kohala,vgl,kfzRakohala
pwg,19434,kOkuwwaka,vgl,kOkura
pwg,19436,kOkura,vgl,kukura
pwg,19436,kOkura,vgl,kOkuwwaka
pwg,19448,kONkaRa,vgl,koNkaRa
pwg,19456,kOwa,vgl,kOwatakza
pwg,19457,kOwa,vgl,kOwasAkzin
pwg,19457,kOwa,vgl,kOwasAkzya
pwg,19459,kOwakika,vgl,kOwika
pwg,19464,kOwaBI,vgl,kOwiBI
pwg,19465,kOwalya,vgl,kOwilya
pwg,19466,kOwavI,vgl,kowwavI
pwg,19471,kOwika,vgl,kOwakika
pwg,19485,kOWuma,vgl,kOTuma
pwg,19486,kOqavika,vgl,arDakOqavika
pwg,19486,kOqavika,vgl,ArDa˚
pwg,19490,kORakutsya,vgl,kURakucCa
pwg,19505,kORqinya,vgl,kORqinI
pwg,19516,kOtuka,vgl,kutUhala
pwg,19516,kOtuka,vgl,kOtUhala
pwg,19522,kOtUhala,vgl,kutUhala
pwg,19522,kOtUhala,vgl,kOtuka
pwg,19527,kOTuma,vgl,kOWuma
pwg,19549,kOpodakI,vgl,kOpAdakI
pwg,19556,kOmArarAjya,vgl,yOvarAjya
pwg,19559,kOmArika,vgl,kumArika
pwg,19569,kOmBa,vgl,kumBasarpis
pwg,19596,kOla,vgl,kulanAyikA
pwg,19596,kOla,vgl,kulIna
pwg,19596,kOla,vgl,kOlika
pwg,19596,kOla,vgl,kOlopanizad
pwg,19618,kOlIka,vgl,kulIkA
pwg,19638,kOSala,vgl,kOSalya
pwg,19642,kOSalya,vgl,kOSala
pwg,19674,kOzItaki,vgl,kOzItaka
pwg,19674,kOzItaki,vgl,kOzItakeya
pwg,19674,kOzItaki,vgl,mahAkOzItaki
pwg,19676,kOzItakeya,vgl,kOzItaka
pwg,19680,kOzWila,vgl,kozWila
pwg,19684,kOsaleya,vgl,kOsalyAyani
pwg,19686,kOsalyAyani,vgl,kOsaleya
pwg,19698,kOsTalapura,vgl,kuzWala
pwg,19703,knaMs,vgl,kuMS
pwg,19703,knaMs,vgl,kuMs
pwg,19703,knaMs,vgl,knas
pwg,19703,knaMs,vgl,kraMS
pwg,19704,knaT,vgl,kraT
pwg,19704,knaT,vgl,klaT
pwg,19705,knas,vgl,kuMS
pwg,19705,knas,vgl,kuMs
pwg,19705,knas,vgl,knaMs
pwg,19705,knas,vgl,kraMS
pwg,19706,knasa,vgl,caknasa
pwg,19707,knU,vgl,kU
pwg,19707,knU,vgl,knUy
pwg,19711,kmar,vgl,hvar
pwg,19714,kraMS,vgl,knaMs
pwg,19714,kraMS,vgl,knas
pwg,19715,krakaca,vgl,krakara
pwg,19720,krakaRa,vgl,kfkaRa
pwg,19720,krakaRa,vgl,krakara
pwg,19721,krakara,vgl,krakaca
pwg,19723,krakz,vgl,avakrakzin
pwg,19723,krakz,vgl,vanakrakza
pwg,19728,kratujit,vgl,kratuvid
pwg,19750,kraT,vgl,knaT
pwg,19750,kraT,vgl,klaT
pwg,19751,kraTa,vgl,kraTana
pwg,19751,kraTa,vgl,krATa
pwg,19756,krand,vgl,avakranda
pwg,19756,krand,vgl,Akranda
pwg,19756,krand,vgl,saMkrandana
pwg,19762,krandya,vgl,parjanyakrandya
pwg,19763,krap,vgl,kfpaRa
pwg,19763,krap,vgl,kfpay
pwg,19763,krap,vgl,kfpA
pwg,19763,krap,vgl,kfpAy
pwg,19764,kram,vgl,aDikrama
pwg,19764,kram,vgl,aDicaNkrama
pwg,19764,kram,vgl,anukrama
pwg,19764,kram,vgl,anukramaRa
pwg,19764,kram,vgl,apakrama
pwg,19764,kram,vgl,aBikrama
pwg,19764,kram,vgl,Akrama
pwg,19764,kram,vgl,utkrama
pwg,19764,kram,vgl,upakrantar
pwg,19764,kram,vgl,upanizkramaRa
pwg,19764,kram,vgl,parAkrama
pwg,19764,kram,vgl,vikrama
pwg,19764,kram,vgl,vikrAnta
pwg,19764,kram,vgl,vikrAnti
pwg,19765,krama,vgl,urukrama
pwg,19765,krama,vgl,vizRukrama
pwg,19769,kramajyA,vgl,krAntijyA
pwg,19776,kramaprApta,vgl,kramAgata
pwg,19776,kramaprApta,vgl,kramAyAta
pwg,19779,kramaSas,vgl,krameRa
pwg,19784,kramAgata,vgl,kramaprApta
pwg,19784,kramAgata,vgl,kramAyAta
pwg,19792,kramuka,vgl,kfmuka
pwg,19798,krayaRa,vgl,rAjakrayaRa
pwg,19798,krayaRa,vgl,somakrayaRa
pwg,19806,krayARaka,vgl,kaTAnaka
pwg,19806,krayARaka,vgl,BayAnaka
pwg,19806,krayARaka,vgl,SayAnaka
pwg,19811,krayya,vgl,kretavya
pwg,19811,krayya,vgl,kreya
pwg,19815,kravis,vgl,kravi
pwg,19815,kravis,vgl,kravya
pwg,19821,kravyAd,vgl,akravyAd
pwg,19822,kravyAda,vgl,akravyAda
pwg,19834,krAntijyA,vgl,kramajyA
pwg,19863,krI,vgl,avakraya
pwg,19863,krI,vgl,Akraya
pwg,19863,krI,vgl,nizkraya
pwg,19863,krI,vgl,parikraya
pwg,19863,krI,vgl,avikrIta
pwg,19863,krI,vgl,vikraya
pwg,19863,krI,vgl,vikreya
pwg,19866,krIq,vgl,AkrIqa
pwg,19866,krIq,vgl,AkrIqin
pwg,19869,krIqana,vgl,udakakrIqana
pwg,19899,kruYc,vgl,kuYc
pwg,19901,kruYca,vgl,krOYca
pwg,19911,krumuka,vgl,kfmuka
pwg,19911,krumuka,vgl,kramuka
pwg,19912,kruS,vgl,anukroSa
pwg,19912,kruS,vgl,aBikroSaka
pwg,19912,kruS,vgl,AkroSa
pwg,19912,kruS,vgl,vyAkroSaka
pwg,19912,kruS,vgl,utkroSa
pwg,19913,kruSvan,vgl,krozwar
pwg,19926,krUralocana,vgl,krUradfS
pwg,19929,krUrAtman,vgl,krUradfS
pwg,19929,krUrAtman,vgl,˚locana
pwg,19942,kroqa,vgl,kola
pwg,19966,krolAyana,vgl,kroqAyana
pwg,19985,krozwuvinnA,vgl,SfgAlavinnA
pwg,20006,krOzwrAyaRa,vgl,krOzwAyana
pwg,20020,klid,vgl,vikleda
pwg,20022,klind,vgl,krand
pwg,20022,klind,vgl,kland
pwg,20025,kliS,vgl,utkleSa
pwg,20030,klItakikA,vgl,aklikA
pwg,20040,kledan,vgl,kledu
pwg,20045,kleS,vgl,kliS
pwg,20057,kva,vgl,kutra
pwg,20060,kvaRa,vgl,kvARa
pwg,20064,kvaTa,vgl,kvATa
pwg,20069,kvARa,vgl,kawukvARa
pwg,20075,kza,vgl,tuvikza
pwg,20075,kza,vgl,dyukza
pwg,20079,kzaRatu,vgl,kzaRanu
pwg,20083,kzaRadAnDya,vgl,kzaRada
pwg,20083,kzaRadAnDya,vgl,kzapAnDya
pwg,20083,kzaRadAnDya,vgl,naktAnDya
pwg,20084,kzaRadyuti,vgl,aciradyuti
pwg,20084,kzaRadyuti,vgl,kzaRapraBA
pwg,20087,kzaRanu,vgl,kzaRatu
pwg,20088,kzaRaprakASA,vgl,kzaRadyuti
pwg,20088,kzaRaprakASA,vgl,kzaRapraBA
pwg,20089,kzaRapraBA,vgl,acirapraBA
pwg,20089,kzaRapraBA,vgl,kzaRadyuti
pwg,20096,kzata,vgl,akzata
pwg,20107,kzattar,vgl,anukzattar
pwg,20108,kzatra,vgl,tuvi˚
pwg,20108,kzatra,vgl,deva˚
pwg,20108,kzatra,vgl,priya˚
pwg,20108,kzatra,vgl,mahi˚
pwg,20108,kzatra,vgl,varzizWa˚
pwg,20108,kzatra,vgl,su˚
pwg,20108,kzatra,vgl,supAra˚
pwg,20108,kzatra,vgl,sva˚
pwg,20113,kzatrabanDu,vgl,rAjanyabanDu
pwg,20113,kzatrabanDu,vgl,brahmabanDu
pwg,20119,kzatravidyA,vgl,kzatraveda
pwg,20124,kzatraveda,vgl,kzatravidyA
pwg,20138,kzad,vgl,bAhukzad
pwg,20139,kzadman,vgl,svAdukzadman
pwg,20140,kzan,vgl,kzata
pwg,20140,kzan,vgl,kzati
pwg,20147,kzap,vgl,kzapA
pwg,20153,kzapaRyu,vgl,kzip
pwg,20156,kzapAcara,vgl,kzaRadAcara
pwg,20156,kzapAcara,vgl,niSAcara
pwg,20159,kzapAnDya,vgl,kzaRadAnDya
pwg,20159,kzapAnDya,vgl,naktAnDya
pwg,20162,kzam,vgl,kzamApay
pwg,20164,kzama,vgl,akzama
pwg,20164,kzama,vgl,akzamA
pwg,20177,kzamp,vgl,kzam
pwg,20179,kzaya,vgl,urukzaya
pwg,20179,kzaya,vgl,divi˚
pwg,20179,kzaya,vgl,raTa˚
pwg,20179,kzaya,vgl,su˚
pwg,20180,kzaya,vgl,akzaya
pwg,20181,kzayakara,vgl,kzayaMkara
pwg,20198,kzar,vgl,kzAray
pwg,20199,kzara,vgl,akzara
pwg,20228,kzAma,vgl,kzAmavant
pwg,20236,kzAra,vgl,akzAralavaRa
pwg,20236,kzAra,vgl,kanakakzAra
pwg,20236,kzAra,vgl,kuYjarakzAramUla
pwg,20241,kzAraRA,vgl,AkzAraRA
pwg,20253,kzAray,vgl,AkzAraRA
pwg,20272,kzi,vgl,akziyant
pwg,20272,kzi,vgl,Akzit
pwg,20272,kzi,vgl,anAkzit
pwg,20272,kzi,vgl,upakzit
pwg,20272,kzi,vgl,upakzetar
pwg,20273,kzi,vgl,kzatra
pwg,20273,kzi,vgl,kzayadvIra
pwg,20274,kzi,vgl,avikzita
pwg,20274,kzi,vgl,saMkzaya
pwg,20279,kzitAyus,vgl,gatAyus
pwg,20280,kziti,vgl,urukziti
pwg,20280,kziti,vgl,DArayat˚
pwg,20280,kziti,vgl,Druva˚
pwg,20280,kziti,vgl,Bava˚
pwg,20280,kziti,vgl,raRa˚
pwg,20280,kziti,vgl,samara˚
pwg,20280,kziti,vgl,su˚
pwg,20290,kzitijantu,vgl,kzitinAga
pwg,20315,kzip,vgl,aDikzepa
pwg,20315,kzip,vgl,aDyaDikzepa
pwg,20315,kzip,vgl,avakzepa
pwg,20315,kzip,vgl,Akzepa
pwg,20315,kzip,vgl,utkzipta
pwg,20315,kzip,vgl,utkzepa
pwg,20315,kzip,vgl,upakzepa
pwg,20315,kzip,vgl,nikzepa
pwg,20315,kzip,vgl,upanikzepa
pwg,20315,kzip,vgl,parikzepa
pwg,20315,kzip,vgl,saMkzepa
pwg,20315,kzip,vgl,aBisaMkzepa
pwg,20341,kziv,vgl,zWiv
pwg,20364,kzIraGfta,vgl,kzIrasarpis
pwg,20368,kzIratoyaDi,vgl,kzIroda
pwg,20376,kzIraniDi,vgl,kzIroda
pwg,20393,kzIravAri,vgl,kzIroda
pwg,20403,kzIraSukrA,vgl,kzIraSuklA
pwg,20409,kzIrasamudra,vgl,kzIroda
pwg,20410,kzIrasarpis,vgl,kzIraGfta
pwg,20411,kzIrasAgara,vgl,kzIratoyaDi
pwg,20411,kzIrasAgara,vgl,kzIraniDi
pwg,20411,kzIrasAgara,vgl,kzIroda
pwg,20413,kzIrasPawika,vgl,AkASasPawika
pwg,20417,kzIrAbDi,vgl,kzIroda
pwg,20430,kzIrodaDi,vgl,kzIroda
pwg,20433,kzIv,vgl,kziv
pwg,20443,kzutABijanana,vgl,kzuDABijanana
pwg,20507,kzudraSvetA,vgl,mahASvetA
pwg,20508,kzudrasahA,vgl,mahAsahA
pwg,20514,kzudrAntra,vgl,sTUlAntra
pwg,20532,kzuD,vgl,akzuD
pwg,20535,kzuDABijanana,vgl,kzutABijanana
pwg,20548,kzuBA,vgl,kzumA
pwg,20552,kzumpa,vgl,kzupa
pwg,20564,kzurapavi,vgl,kzOrapavya
pwg,20573,kzurikApatra,vgl,kzurapatra
pwg,20580,kzetra,vgl,anyakzetra
pwg,20580,kzetra,vgl,kuru˚
pwg,20580,kzetra,vgl,deva˚
pwg,20580,kzetra,vgl,Darma˚
pwg,20580,kzetra,vgl,sidDa˚
pwg,20580,kzetra,vgl,su˚
pwg,20590,kzetrajYa,vgl,kzetravid
pwg,20590,kzetrajYa,vgl,akzetrajYa
pwg,20595,kzetrapati,vgl,kzEtrapata
pwg,20595,kzetrapati,vgl,kzEtrapatya
pwg,20607,kzetravid,vgl,kzetrajYa
pwg,20607,kzetravid,vgl,akzetravid
pwg,20624,kzetropekza,vgl,upekza
pwg,20636,kzema,vgl,Druvakzema
pwg,20636,kzema,vgl,yogakzema
pwg,20648,kzemaDanvan,vgl,kzemaDftvan
pwg,20662,kzemADi,vgl,kzemAri
pwg,20680,kzEtrajYya,vgl,akzEtrajYya
pwg,20682,kzEtrapatya,vgl,kzetrasya patiH
pwg,20688,kzow,vgl,Kow
pwg,20688,kzow,vgl,Koq
pwg,20689,kzoqa,vgl,akzoBa
pwg,20691,kzoRI,vgl,kzORI
pwg,20691,kzoRI,vgl,raRakzoRi
pwg,20704,kzoma,vgl,kzOma
pwg,20705,kzomaka,vgl,kzema
pwg,20705,kzomaka,vgl,kzOmaka
pwg,20708,kzORIBuj,vgl,kzitiBuj
pwg,20720,kzOrapavya,vgl,kzurapavi
pwg,20723,kzRut,vgl,anyataHkzRut
pwg,20725,kzmA,vgl,kzamA
pwg,20736,kzmIl,vgl,mIl
pwg,20739,kzviq,vgl,kzvid
pwg,20740,kzviq,vgl,kzvid
pwg,20741,kzvid,vgl,svid
pwg,20745,kzvel,vgl,Kel
pwg,20749,Ka,vgl,duHKa
pwg,20749,Ka,vgl,suKa
pwg,20754,KakKara,vgl,hikkala
pwg,20761,Kagama,vgl,Kaga
pwg,20777,Kaggaqa,vgl,Kagoqa
pwg,20795,Kajyotis,vgl,Kadyota
pwg,20800,KaYjaKewa,vgl,KaYjaleKa
pwg,20800,KaYjaKewa,vgl,KaYjana
pwg,20800,KaYjaKewa,vgl,KaYjarIwa
pwg,20802,KaYjana,vgl,KAYjana
pwg,20807,KaYjarIwa,vgl,KaYjana
pwg,20817,KawakkikA,vgl,KaqakkikA
pwg,20821,KawinI,vgl,kaWinI
pwg,20821,KawinI,vgl,Kawika
pwg,20821,KawinI,vgl,KawI
pwg,20824,Kawwana,vgl,Kawweraka
pwg,20828,Kawwi,vgl,KawvA
pwg,20829,Kawwika,vgl,Kaqgika
pwg,20830,Kawweraka,vgl,Kawwana
pwg,20832,KawvA,vgl,dIpaKawvA
pwg,20838,KawvikA,vgl,KawvakA
pwg,20838,KawvikA,vgl,KawvAkA
pwg,20839,Kaq,vgl,KaRq
pwg,20839,Kaq,vgl,KaRqay
pwg,20842,KaqakkikA,vgl,KawakkikA
pwg,20845,Kaqika,vgl,KawikA
pwg,20846,KaqI,vgl,KawI
pwg,20847,KaqU,vgl,Kawwi
pwg,20847,KaqU,vgl,KawwikA
pwg,20848,KaqUra,vgl,KadUraka
pwg,20853,KaqgaDenu,vgl,asiDenu
pwg,20854,Kaqgapatra,vgl,asipatra
pwg,20856,KaqgaputrikA,vgl,asiputrI
pwg,20856,KaqgaputrikA,vgl,asiputrikA
pwg,20862,Kaqgika,vgl,Kawwika
pwg,20867,KaRq,vgl,KaRqay
pwg,20868,KaRqa,vgl,uttaraKaRqa
pwg,20868,KaRqa,vgl,karka˚
pwg,20868,KaRqa,vgl,kAla˚
pwg,20868,KaRqa,vgl,kASI˚
pwg,20868,KaRqa,vgl,SrI˚
pwg,20868,KaRqa,vgl,sitA˚
pwg,20868,KaRqa,vgl,kARqa
pwg,20894,KaRqay,vgl,avaKaRqana
pwg,20896,KaRqala,vgl,KARqava
pwg,20913,KaRqu,vgl,KARqava
pwg,20919,Kad,vgl,KAd
pwg,20921,KadikA,vgl,KAjika
pwg,20934,KadUraka,vgl,KaqUra
pwg,20941,Kan,vgl,utKAta
pwg,20941,Kan,vgl,pariKA
pwg,20941,Kan,vgl,pariKAta
pwg,20953,Kanya,vgl,KAnya
pwg,20953,Kanya,vgl,Keya
pwg,20956,Kapuzpa,vgl,gagaRapuzpa
pwg,20959,Kam,vgl,kam
pwg,20962,KamUrtimant,vgl,KaSarIrin
pwg,20979,KaradaRqa,vgl,KaranAla
pwg,20986,KaranAla,vgl,KaradaRqa
pwg,20992,KarapAla,vgl,KarapAtra
pwg,21023,KarjikA,vgl,Karju
pwg,21023,KarjikA,vgl,KarjUra
pwg,21024,Karju,vgl,KarjikA
pwg,21024,Karju,vgl,KarjUra
pwg,21025,Karjura,vgl,KarjUra
pwg,21029,KarjUra,vgl,KArjUra
pwg,21033,Karpara,vgl,karpara
pwg,21040,Karva,vgl,aKarva
pwg,21040,Karva,vgl,niKarva
pwg,21047,Kal,vgl,Kall
pwg,21047,Kal,vgl,sKal
pwg,21048,Kala,vgl,utKalA
pwg,21052,Kalati,vgl,kulva
pwg,21052,Kalati,vgl,Kalliwa
pwg,21052,Kalati,vgl,KallIwa
pwg,21052,Kalati,vgl,KalvAwa
pwg,21062,KaliSa,vgl,KalliSa
pwg,21062,KaliSa,vgl,KaleSa
pwg,21062,KaliSa,vgl,KaleSaya
pwg,21068,KalUrikA,vgl,KuralI
pwg,21073,KaleSa,vgl,KaSewa
pwg,21076,Kall,vgl,Kal
pwg,21081,Kalliwa,vgl,Kalati
pwg,21087,KalvAwa,vgl,Kalati
pwg,21093,KaSarIrin,vgl,KamUrtimant
pwg,21094,KaSIra,vgl,KAsIra
pwg,21097,Kaz,vgl,kaz
pwg,21113,KasPawika,vgl,AkASasPawika
pwg,21118,KAjika,vgl,KadikA
pwg,21122,KAw,vgl,KAt
pwg,21123,KAwa,vgl,Kawwi
pwg,21125,KAwikA,vgl,KawwikA
pwg,21148,KAt,vgl,KAw
pwg,21149,KAta,vgl,devaKAta
pwg,21149,KAta,vgl,vizama˚
pwg,21149,KAta,vgl,sama˚
pwg,21149,KAta,vgl,sUcI˚
pwg,21155,KAd,vgl,Kad
pwg,21161,KAdi,vgl,vfza˚
pwg,21161,KAdi,vgl,Sudra˚
pwg,21161,KAdi,vgl,su˚
pwg,21161,KAdi,vgl,hiraRya˚
pwg,21183,KAnya,vgl,Kanya
pwg,21183,KAnya,vgl,Keya
pwg,21191,KAriMDama,vgl,KariMDama
pwg,21191,KAriMDama,vgl,KariMDaya
pwg,21196,KArkAra,vgl,Kara
pwg,21202,KAlatya,vgl,KAlitya
pwg,21207,KASi,vgl,KaSa
pwg,21207,KASi,vgl,KAzya
pwg,21209,KAzya,vgl,KaSa
pwg,21209,KAzya,vgl,KASi
pwg,21211,KAsIra,vgl,KaSIra
pwg,21217,Kidra,vgl,aKidrayAman
pwg,21221,Kila,vgl,aKila
pwg,21221,Kila,vgl,niKila
pwg,21224,Kilya,vgl,vAlaKilya
pwg,21233,Kuqaka,vgl,Kulaka
pwg,21234,KuRq,vgl,KaRq
pwg,21234,KuRq,vgl,KaRqay
pwg,21244,KuralI,vgl,KalUrikA
pwg,21264,Kewaka,vgl,pratiKewaka
pwg,21286,Keluda,vgl,kalahu
pwg,21287,Kev,vgl,kev
pwg,21287,Kev,vgl,sev
pwg,21290,KEmaKA,vgl,KaRvaKA
pwg,21293,KoNgAha,vgl,KuNgAha
pwg,21299,Koqa,vgl,Kora
pwg,21301,Kor,vgl,Kow
pwg,21301,Kor,vgl,Koq
pwg,21301,Kor,vgl,Kol
pwg,21302,Kora,vgl,Koqa
pwg,21304,Kol,vgl,Kor
pwg,21308,Kolka,vgl,KaKolka
pwg,21309,Kolmuka,vgl,gaganolmuka
pwg,21311,KyA,vgl,cakz
pwg,21311,KyA,vgl,anuKyAtar
pwg,21311,KyA,vgl,anuKyAti
pwg,21311,KyA,vgl,aBiKyA
pwg,21311,KyA,vgl,aBiKyAtar
pwg,21311,KyA,vgl,aKyA
pwg,21311,KyA,vgl,anvAKyAna
pwg,21311,KyA,vgl,aByAKyAna
pwg,21311,KyA,vgl,upAKya
pwg,21311,KyA,vgl,upAKyAna
pwg,21311,KyA,vgl,pratyAKyAtar
pwg,21311,KyA,vgl,vyAKyAtar
pwg,21311,KyA,vgl,asaMKyAta
pwg,21311,KyA,vgl,saMKyA
pwg,21311,KyA,vgl,aBisaMKyeya
pwg,21311,KyA,vgl,apratisaMKya
pwg,21324,gaganacara,vgl,gagaRecara
pwg,21326,gagaRapuzpa,vgl,Kapuzpa
pwg,21335,gagaRecara,vgl,gaganacara
pwg,21336,gaganolmuka,vgl,Kolmuka
pwg,21356,gaNgABft,vgl,gaNgADara
pwg,21371,gaja,vgl,garja
pwg,21394,gajapura,vgl,gajasAhvaya
pwg,21394,gajapura,vgl,gajAhvaya
pwg,21394,gajapura,vgl,vAraRasAhvaya
pwg,21400,gajaBakzyA,vgl,gajapriyA
pwg,21402,gajamAcala,vgl,karimAcala
pwg,21424,gajAnana,vgl,gajavadana
pwg,21428,gajAsya,vgl,gajavadana
pwg,21428,gajAsya,vgl,gajAnana
pwg,21437,gaYja,vgl,gagaRagaYja
pwg,21437,gaYja,vgl,DarmagaYja
pwg,21445,gaqadeSaja,vgl,gaqalavaRa
pwg,21445,gaqadeSaja,vgl,gaqotTa
pwg,21446,gaqayanta,vgl,gaq
pwg,21446,gaqayanta,vgl,gaqera
pwg,21449,gaqu,vgl,antargaqu
pwg,21449,gaqu,vgl,gaRqa
pwg,21449,gaqu,vgl,guqa
pwg,21455,gaqera,vgl,gaqayanta
pwg,21456,gaqotTa,vgl,gaqadeSaja
pwg,21456,gaqotTa,vgl,gaqalavaRa
pwg,21457,gaqola,vgl,gaRqola
pwg,21459,gaqquka,vgl,gaqu
pwg,21459,gaqquka,vgl,gaquka
pwg,21460,gaRa,vgl,ahargaRa
pwg,21460,gaRa,vgl,deva˚
pwg,21460,gaRa,vgl,marudgaRa
pwg,21460,gaRa,vgl,mahA˚
pwg,21460,gaRa,vgl,vida˚
pwg,21460,gaRa,vgl,vfza˚ sa˚
pwg,21460,gaRa,vgl,sapta˚
pwg,21460,gaRa,vgl,sarva˚
pwg,21461,gaRaka,vgl,gaRay
pwg,21462,gaRakarman,vgl,gaRayajYa
pwg,21464,gaRakAri,vgl,gARagAri
pwg,21466,gaRagati,vgl,gaRanAgati
pwg,21480,gaRanAgati,vgl,gaRagati
pwg,21485,gaRanIya,vgl,gaReya
pwg,21486,gaRapati,vgl,gaRanAyaka
pwg,21487,gaRaparvata,vgl,gaRAcala
pwg,21498,gaRay,vgl,avagaRana
pwg,21511,gaRAcala,vgl,gaRaparvata
pwg,21517,gaRi,vgl,gaRay
pwg,21528,gaReru,vgl,kaReru
pwg,21538,gaRqa,vgl,gaqu
pwg,21538,gaRqa,vgl,gaRqi
pwg,21538,gaRqa,vgl,gaRqu
pwg,21538,gaRqa,vgl,atigaRqa
pwg,21538,gaRqa,vgl,ava˚
pwg,21538,gaRqa,vgl,asi˚
pwg,21538,gaRqa,vgl,gala˚
pwg,21538,gaRqa,vgl,yuva˚
pwg,21539,gaRqaka,vgl,gaRqikA
pwg,21556,gaRqay,vgl,gaqayanta
pwg,21563,gaRqANga,vgl,gaRqaka
pwg,21567,gaRqikA,vgl,kAlagaRqikA
pwg,21569,gaRqIra,vgl,gaRqIra
pwg,21570,gaRqu,vgl,gARqavya
pwg,21577,gaRqolakapAda,vgl,kaRqolakapAda
pwg,21579,gat,vgl,aDvagat
pwg,21607,gad,vgl,nigada
pwg,21607,gad,vgl,nigaditin
pwg,21607,gad,vgl,nigAda
pwg,21609,gada,vgl,avijYAtagada
pwg,21610,gada,vgl,agada
pwg,21611,gada,vgl,gadAgraja
pwg,21615,gadAKya,vgl,gadAhvaya
pwg,21623,gadAy,vgl,gaqi
pwg,21626,gadAhva,vgl,gadAKya
pwg,21647,ganD,vgl,ganDana
pwg,21648,ganDa,vgl,ganDi
pwg,21651,ganDakArikA,vgl,ganDahArikA
pwg,21655,ganDakuwI,vgl,ganDakUwI
pwg,21658,ganDakelikA,vgl,ganDacelikA
pwg,21675,ganDadvipa,vgl,ganDahastin
pwg,21675,ganDadvipa,vgl,ganDeBa
pwg,21676,ganDaDArin,vgl,ganDapAlin
pwg,21682,ganDanAman,vgl,ganDAhvA
pwg,21723,ganDamodana,vgl,ganDamAdana
pwg,21725,ganDay,vgl,ganD
pwg,21728,ganDarasa,vgl,rasaganDa
pwg,21731,ganDarva,vgl,gAnDarva
pwg,21732,ganDarvaKaRqa,vgl,gAnDarva
pwg,21735,ganDarvanagara,vgl,ganDarvapura
pwg,21737,ganDarvapura,vgl,ganDarvanagara
pwg,21748,ganDavaha,vgl,ganDavAha
pwg,21750,ganDavAha,vgl,ganDavaha
pwg,21765,ganDahArikA,vgl,ganDakArikA
pwg,21772,ganDAri,vgl,gAnDAri
pwg,21774,ganDAlI,vgl,ganDolI
pwg,21786,ganDeBa,vgl,ganDadvipa
pwg,21786,ganDeBa,vgl,ganDahastin
pwg,21792,ganDoli,vgl,ganDolI
pwg,21792,ganDoli,vgl,ganDAlI
pwg,21794,gaBa,vgl,gaBasti
pwg,21794,gaBa,vgl,gaBIra
pwg,21796,gaBastala,vgl,gaBastimant
pwg,21804,gaBIra,vgl,gamBan
pwg,21804,gaBIra,vgl,gamBara
pwg,21804,gaBIra,vgl,gahana
pwg,21812,gaBIrikA,vgl,gamBIraka
pwg,21814,gam,vgl,agata
pwg,21814,gam,vgl,evaMgata
pwg,21814,gam,vgl,kaRWagata
pwg,21814,gam,vgl,aDigantar
pwg,21814,gam,vgl,anuga
pwg,21814,gam,vgl,anugata
pwg,21814,gam,vgl,antargata
pwg,21814,gam,vgl,apaga
pwg,21814,gam,vgl,aBigantar
pwg,21814,gam,vgl,avagati
pwg,21814,gam,vgl,avagantavya
pwg,21814,gam,vgl,anAgata
pwg,21814,gam,vgl,anAgamizyant
pwg,21814,gam,vgl,Agati
pwg,21814,gam,vgl,aByAgata
pwg,21814,gam,vgl,samudAgama
pwg,21814,gam,vgl,upAgama
pwg,21814,gam,vgl,gatapratyAgata
pwg,21814,gam,vgl,udgata
pwg,21814,gam,vgl,aByudgama
pwg,21814,gam,vgl,upaga
pwg,21814,gam,vgl,upagata
pwg,21814,gam,vgl,aByupagama
pwg,21814,gam,vgl,nigama
pwg,21816,gama,vgl,durgama
pwg,21829,gamBan,vgl,gahman
pwg,21829,gamBan,vgl,gaBIra
pwg,21829,gamBan,vgl,gamBIra
pwg,21835,gamya,vgl,agamya
pwg,21836,gaya,vgl,SaMgaya
pwg,21836,gaya,vgl,budDagayA
pwg,21838,gayaSiras,vgl,gaya
pwg,21847,gar,vgl,aBigara
pwg,21848,gar,vgl,udgAra
pwg,21849,gar,vgl,prajAgara
pwg,21850,gar,vgl,Gar
pwg,21862,garalAri,vgl,garuqANkita
pwg,21862,garalAri,vgl,garuqASman
pwg,21862,garalAri,vgl,garuqottIrRa
pwg,21864,garavrata,vgl,galavrata
pwg,21865,garahan,vgl,garaGna
pwg,21875,garuqa,vgl,gAruqa
pwg,21882,garuqANkita,vgl,garuqASman
pwg,21882,garuqANkita,vgl,garuqottIrRa
pwg,21882,garuqANkita,vgl,gAruqa
pwg,21882,garuqANkita,vgl,gArutmata
pwg,21891,garga,vgl,gArgI
pwg,21891,garga,vgl,gArgya
pwg,21898,garj,vgl,gaj
pwg,21898,garj,vgl,aBigarjana
pwg,21921,gardaBa,vgl,gArdaBa
pwg,21923,gardaBagada,vgl,gardaBikA
pwg,21923,gardaBagada,vgl,jAlagardaBa
pwg,21923,gardaBagada,vgl,jvAlAgardaBaka
pwg,21923,gardaBagada,vgl,pAzARagardaBa
pwg,21931,gardaBAhvaya,vgl,gardaBa
pwg,21933,gardaBikA,vgl,gardaBagada
pwg,21936,gardayitnu,vgl,gaqayanta
pwg,21936,gardayitnu,vgl,gaqayitnu
pwg,21937,garD,vgl,gfDnu
pwg,21937,garD,vgl,gfDya
pwg,21937,garD,vgl,gfDra
pwg,21945,garBa,vgl,amfta˚
pwg,21945,garBa,vgl,arDa˚
pwg,21945,garBa,vgl,kfzRa˚
pwg,21945,garBa,vgl,mUQa˚
pwg,21945,garBa,vgl,viSva˚
pwg,21945,garBa,vgl,hiraRya˚
pwg,21969,garBaDAna,vgl,garBADAna
pwg,21981,garBaBavana,vgl,garBagfha
pwg,21983,garBamaRqapa,vgl,garBagfha
pwg,22011,garBasrAva,vgl,garBAsrAva
pwg,22013,garBAgAra,vgl,garBagfha
pwg,22021,garBAsrAva,vgl,garBasrAva
pwg,22023,garBin,vgl,bAlagarBiRI
pwg,22025,garBeSvara,vgl,garBadAsa
pwg,22031,garmut,vgl,gArmuta
pwg,22042,garhaRa,vgl,KyAtagarhaRa
pwg,22065,galavrata,vgl,garavrata
pwg,22073,gali,vgl,gaqi
pwg,22083,galoqya,vgl,giloqya
pwg,22088,galB,vgl,pragalBa
pwg,22102,gavalgaRa,vgl,gAvalgaRi
pwg,22116,gavASva,vgl,goaSva
pwg,22126,gavizWira,vgl,gAvizWira
pwg,22126,gavizWira,vgl,gAvizWirAyaRa
pwg,22127,gavIDuka,vgl,gavIDukayavAgU
pwg,22131,gavISvara,vgl,gaveSvara
pwg,22136,gaveruka,vgl,gaveDuka
pwg,22138,gaveSakA,vgl,gaveDukA
pwg,22139,gaveSvara,vgl,gavISvara
pwg,22149,gavya,vgl,sugavya
pwg,22158,gah,vgl,gAh
pwg,22159,gaha,vgl,durgaha
pwg,22163,gahanAy,vgl,kakzAy
pwg,22170,gA,vgl,i
pwg,22170,gA,vgl,upA
pwg,22171,gA,vgl,aBigezRa
pwg,22171,gA,vgl,AgAtar
pwg,22171,gA,vgl,AgAna
pwg,22171,gA,vgl,udgAtar
pwg,22171,gA,vgl,udgATA
pwg,22171,gA,vgl,udgIti
pwg,22171,gA,vgl,udgITa
pwg,22171,gA,vgl,upagA
pwg,22171,gA,vgl,upagAtar
pwg,22172,gA,vgl,agA
pwg,22172,gA,vgl,agregA
pwg,22172,gA,vgl,purogA
pwg,22172,gA,vgl,svastigA
pwg,22175,gANga,vgl,gANgeya
pwg,22185,gAqava,vgl,gavequ
pwg,22193,gARagAri,vgl,gaRakAri
pwg,22200,gARqiva,vgl,gARqIva
pwg,22203,gARqIva,vgl,gARqiva
pwg,22206,gAtar,vgl,gAtu
pwg,22210,gAtu,vgl,arizwa˚
pwg,22210,gAtu,vgl,tura˚
pwg,22210,gAtu,vgl,su˚
pwg,22211,gAtu,vgl,gAtar
pwg,22216,gAtra,vgl,SUnagAtra
pwg,22223,gAtraruha,vgl,aNgaruha
pwg,22228,gAtrasaMplava,vgl,plava
pwg,22231,gATa,vgl,fggATA
pwg,22231,gATa,vgl,fjugATa
pwg,22231,gATa,vgl,yajYagATA
pwg,22239,gATin,vgl,vIRAgATin
pwg,22245,gADa,vgl,agADa
pwg,22245,gADa,vgl,sugADa
pwg,22249,gADinagara,vgl,gADipura
pwg,22256,gAna,vgl,araRya˚
pwg,22256,gAna,vgl,Uha˚
pwg,22256,gAna,vgl,Uhya˚
pwg,22268,gAnDarvacitta,vgl,ganDarvagfhIta
pwg,22314,gArgI,vgl,gargI
pwg,22321,gArgya,vgl,garga
pwg,22333,gArDravAjita,vgl,gfDravAja
pwg,22333,gArDravAjita,vgl,gfDravAjita
pwg,22341,gArhapata,vgl,kuru˚
pwg,22354,gAloqya,vgl,aNkaloqya
pwg,22354,gAloqya,vgl,aNgaloqya
pwg,22354,gAloqya,vgl,galoqya
pwg,22354,gAloqya,vgl,giloqya
pwg,22362,gAh,vgl,gAD
pwg,22362,gAh,vgl,udgAQa
pwg,22362,gAh,vgl,OdgAhamAni
pwg,22362,gAh,vgl,pragAQa
pwg,22362,gAh,vgl,antarvigAhana
pwg,22362,gAh,vgl,durvigAha
pwg,22362,gAh,vgl,durvigAhya
pwg,22382,girikarRA,vgl,girikarRI
pwg,22387,girikzipa,vgl,avikzipa
pwg,22389,giriguqa,vgl,giri
pwg,22396,girijvara,vgl,girikaRwaka
pwg,22405,giriDvaja,vgl,girikaRwaka
pwg,22405,giriDvaja,vgl,girijvara
pwg,22428,girimfd,vgl,gErika
pwg,22431,giriyaka,vgl,giri
pwg,22431,giriyaka,vgl,giriguqa
pwg,22451,girIyaka,vgl,giriyaka
pwg,22460,girvAhas,vgl,satyagirvAhas
pwg,22463,gilagila,vgl,timiMgilagila
pwg,22468,giloqya,vgl,aNgaloqya
pwg,22468,giloqya,vgl,galoqya
pwg,22469,gizRu,vgl,gezRu
pwg,22489,gIrvant,vgl,girvan
pwg,22493,gIzpati,vgl,gIHpati
pwg,22493,gIzpati,vgl,gIrpati
pwg,22498,gu,vgl,gUTa
pwg,22499,gu,vgl,gU
pwg,22500,gu,vgl,anugu
pwg,22500,gu,vgl,anuzRagu
pwg,22500,gu,vgl,a/rizwagu
pwg,22500,gu,vgl,upagu
pwg,22500,gu,vgl,uzRagu
pwg,22500,gu,vgl,kfSa/gu
pwg,22500,gu,vgl,pu/zwigu
pwg,22500,gu,vgl,pf/Snigu
pwg,22500,gu,vgl,BUrigu
pwg,22502,guggulu,vgl,kaRaguggulu
pwg,22502,guggulu,vgl,gOggulava
pwg,22502,guggulu,vgl,gOlgulava
pwg,22504,guNgu,vgl,gONgava
pwg,22516,gucCArDa,vgl,arDagucCa
pwg,22520,gujjarI,vgl,guqakarI
pwg,22526,guwikA,vgl,guqikA
pwg,22526,guwikA,vgl,gulikA
pwg,22526,guwikA,vgl,gulI
pwg,22526,guwikA,vgl,guqa
pwg,22527,guq,vgl,Guq
pwg,22527,guq,vgl,guRq
pwg,22528,guqa,vgl,gula
pwg,22528,guqa,vgl,gOqa
pwg,22528,guqa,vgl,gOqika
pwg,22558,guqUcI,vgl,kanda˚
pwg,22561,guRa,vgl,gORa
pwg,22561,guRa,vgl,nirguRa
pwg,22561,guRa,vgl,viguRa
pwg,22561,guRa,vgl,saguRa
pwg,22563,guRakaraRqavyUha,vgl,karaRqavyUha
pwg,22587,guRay,vgl,guRana
pwg,22618,guRAbDi,vgl,guRasAgara
pwg,22628,guRW,vgl,avaguRWana
pwg,22631,guRqa,vgl,kARqaguRqa
pwg,22631,guRqa,vgl,guRqika
pwg,22632,guRqaka,vgl,guRq
pwg,22632,guRqaka,vgl,guRqika
pwg,22637,guRqika,vgl,guRq
pwg,22637,guRqika,vgl,guRqaka
pwg,22639,guRTa,vgl,gundrA
pwg,22642,gutsa,vgl,gucCa
pwg,22643,gutsaka,vgl,gucCaka
pwg,22646,gud,vgl,gUrd
pwg,22646,gud,vgl,guD
pwg,22647,guda,vgl,nirudDaguda
pwg,22647,guda,vgl,sTUlagudA
pwg,22661,guDera,vgl,guRq
pwg,22667,gup,vgl,gopay
pwg,22667,gup,vgl,aBigupti
pwg,22667,gup,vgl,aBigoptar
pwg,22683,gur,vgl,aBigUrti
pwg,22683,gur,vgl,avagoraRa
pwg,22683,gur,vgl,Agur
pwg,22683,gur,vgl,AguraRa
pwg,22683,gur,vgl,AgUrRa
pwg,22683,gur,vgl,AgUrta
pwg,22690,gurugItA,vgl,gItA
pwg,22694,gurutalpa,vgl,gOrutalpika
pwg,22696,gurutA,vgl,gOrava
pwg,22699,gurudEvata,vgl,guruBa
pwg,22720,gurv,vgl,gur
pwg,22722,gula,vgl,guqa
pwg,22722,gula,vgl,gola
pwg,22723,gulaYcakanda,vgl,gucCAhvakanda
pwg,22728,gulucCa,vgl,gucCa
pwg,22728,gulucCa,vgl,gutsa
pwg,22728,gulucCa,vgl,guluYca
pwg,22728,gulucCa,vgl,guluYCa
pwg,22728,gulucCa,vgl,gulaYcakanda
pwg,22733,gulPa,vgl,vigulPa
pwg,22733,gulPa,vgl,kulPa
pwg,22742,guvAka,vgl,gUvAka
pwg,22744,guzpita,vgl,guP
pwg,22744,guzpita,vgl,gumP
pwg,22745,guh,vgl,apagoha
pwg,22745,guh,vgl,avagUhana
pwg,22745,guh,vgl,upagUhana
pwg,22745,guh,vgl,upagohya
pwg,22747,guha,vgl,kAkaguha; guhA
pwg,22754,guhalu,vgl,gOhalavya
pwg,22754,guhalu,vgl,gosvalu
pwg,22768,guhyaguru,vgl,gfhyaguru
pwg,22781,gUQaja,vgl,gUQotpanna
pwg,22803,gUTa,vgl,karRagUTa
pwg,22816,gUrd,vgl,kUrd
pwg,22833,gftsamati,vgl,gftsamada
pwg,22854,gfDravAja,vgl,gArDravAjita
pwg,22865,gfzwi,vgl,gArzweya
pwg,22869,gfha,vgl,antigfha
pwg,22869,gfha,vgl,devatA˚
pwg,22869,gfha,vgl,BUmi˚
pwg,22869,gfha,vgl,SayyA˚
pwg,22869,gfha,vgl,su˚
pwg,22870,gfhakacCapa,vgl,gfhASman
pwg,22871,gfhakanyA,vgl,kanyakA
pwg,22882,gfhagoDikA,vgl,AgAragoDikA
pwg,22889,gfhaRI,vgl,gfhAmla
pwg,22896,gfhaDUma,vgl,AgAraDUma
pwg,22934,gfhavfkzavAwikA,vgl,gfhavAwikA
pwg,22940,gfhAkza,vgl,gavAkza
pwg,22943,gfhAmla,vgl,gfhaRI
pwg,22958,gfhItar,vgl,grahItar
pwg,22959,gfhItavya,vgl,grahItavya
pwg,22968,gfholikA,vgl,gfhagoDikA
pwg,22968,gfholikA,vgl,gfhAlikA
pwg,22976,geRquka,vgl,genduka
pwg,22978,genduka,vgl,kanduka
pwg,22978,genduka,vgl,ginduka
pwg,22979,gep,vgl,kep
pwg,22983,gev,vgl,kev
pwg,22983,gev,vgl,Kev
pwg,22983,gev,vgl,sev
pwg,22984,gez,vgl,gavez
pwg,22985,gezRa,vgl,aBigezRa
pwg,23016,goaSva,vgl,gavASva
pwg,23016,goaSva,vgl,go'Sva
pwg,23036,gokzura,vgl,kzudragokzuraka
pwg,23056,gocArin,vgl,mfgacArin
pwg,23077,goRika,vgl,goRa
pwg,23079,goRI,vgl,gORika
pwg,23081,goRqa,vgl,garBaRqa
pwg,23082,goRqakirI,vgl,rAmakirI
pwg,23085,gotama,vgl,gOtama
pwg,23087,gotamasvAmin,vgl,gOtamasvAmin
pwg,23089,gotamIputra,vgl,gOtamIputra
pwg,23094,gotra,vgl,viSvagotra
pwg,23094,gotra,vgl,sagotra
pwg,23098,gotrakIlA,vgl,acalakIlA
pwg,23098,gotrakIlA,vgl,adrikIlA
pwg,23111,goda,vgl,godA
pwg,23122,godAvarI,vgl,godA
pwg,23143,goDikA,vgl,AgAragoDikA
pwg,23143,goDikA,vgl,gfha˚
pwg,23144,goDikAtmaja,vgl,gODAra
pwg,23144,goDikAtmaja,vgl,gODeya
pwg,23144,goDikAtmaja,vgl,gODera
pwg,23151,goDenu,vgl,gODenuka
pwg,23152,goDera,vgl,guhera
pwg,23155,gonanda,vgl,gonarda
pwg,23158,gonasa,vgl,gonAsa
pwg,23162,gonAsa,vgl,gonasa
pwg,23165,gopa,vgl,gopA
pwg,23167,gopakanyA,vgl,gopI
pwg,23172,gopati,vgl,gavAMpati
pwg,23180,gopabaDU,vgl,gopakanyA
pwg,23184,goparasa,vgl,gopa
pwg,23187,gopavana,vgl,gOpavana
pwg,23190,gopA,vgl,gopa
pwg,23190,gopA,vgl,devagopA
pwg,23190,gopA,vgl,vAta˚
pwg,23190,gopA,vgl,vAyu˚
pwg,23190,gopA,vgl,saha˚
pwg,23190,gopA,vgl,su˚
pwg,23190,gopA,vgl,soma˚
pwg,23212,gopAli,vgl,gopAla
pwg,23223,gopITa,vgl,somapITa
pwg,23227,gopuwA,vgl,puwikA
pwg,23246,gobanDu,vgl,gomAtar
pwg,23247,gobAla,vgl,govAla
pwg,23263,gomatsya,vgl,gomIMna
pwg,23277,gomAtar,vgl,pfSnimAtar
pwg,23281,gomin,vgl,candragomin
pwg,23283,gomIna,vgl,gomatsya
pwg,23308,gorakzya,vgl,gorakza
pwg,23327,gorocanA,vgl,rocanA
pwg,23328,gorDa,vgl,goda
pwg,23329,gola,vgl,galagolin
pwg,23330,golaka,vgl,kuRqagolaka
pwg,23339,golAsa,vgl,gomayacCatrikA
pwg,23340,goliha,vgl,golIQa
pwg,23412,goSva,vgl,gavASva
pwg,23412,goSva,vgl,goaSva
pwg,23417,gozaRi,vgl,gozan
pwg,23417,gozaRi,vgl,gozA
pwg,23422,gozAdI,vgl,gosAda
pwg,23435,gozWAna,vgl,gosTAna
pwg,23458,gosadfkza,vgl,gavaya
pwg,23465,gosaSaSa,vgl,gosa
pwg,23467,gosAda,vgl,gozAdI
pwg,23468,gosila,vgl,gosvalu
pwg,23472,gosTAna,vgl,gozWAna
pwg,23474,gosvalu,vgl,guhalu
pwg,23474,gosvalu,vgl,gosila
pwg,23487,gohya,vgl,agohya
pwg,23492,gOggulava,vgl,gOlgulava
pwg,23497,gOqakamfga,vgl,gOraKara
pwg,23513,gOtamasvAmin,vgl,gotamasvAmin
pwg,23518,gODAra,vgl,gODeya
pwg,23518,gODAra,vgl,gODera
pwg,23544,gOraKara,vgl,gOqakamfga
pwg,23553,gOrava,vgl,gurulAGava
pwg,23561,gOrANga,vgl,gOra
pwg,23621,graT,vgl,udgranTa
pwg,23626,granTa,vgl,uttara˚
pwg,23626,granTa,vgl,nirgranTa
pwg,23626,granTa,vgl,zaqgranTa
pwg,23635,granTi,vgl,udara˚
pwg,23635,granTi,vgl,kawu˚
pwg,23635,granTi,vgl,kAla˚
pwg,23635,granTi,vgl,kfmi˚
pwg,23635,granTi,vgl,go˚
pwg,23635,granTi,vgl,paRa˚
pwg,23635,granTi,vgl,para˚
pwg,23635,granTi,vgl,mAna˚
pwg,23635,granTi,vgl,mUtra˚
pwg,23635,granTi,vgl,visa˚
pwg,23637,granTika,vgl,mahAgranTika
pwg,23638,granTicCedaka,vgl,granTiBeda
pwg,23648,granTiBeda,vgl,granTicCedaka
pwg,23656,graB,vgl,garBa
pwg,23656,graB,vgl,gfB
pwg,23656,graB,vgl,atigraha
pwg,23656,graB,vgl,anugraha
pwg,23656,graB,vgl,apigfhya
pwg,23656,graB,vgl,apigrAhya
pwg,23656,graB,vgl,aBigraha
pwg,23656,graB,vgl,avagraha
pwg,23656,graB,vgl,Agraha
pwg,23656,graB,vgl,upAgrahaRa
pwg,23656,graB,vgl,udgraBaRa
pwg,23656,graB,vgl,upagraha
pwg,23656,graB,vgl,upagrahaRa
pwg,23656,graB,vgl,nigfhya
pwg,23656,graB,vgl,nirgrAhya
pwg,23656,graB,vgl,parigraha
pwg,23656,graB,vgl,pragfhya
pwg,23656,graB,vgl,pragraha
pwg,23656,graB,vgl,pratigfhya
pwg,23656,graB,vgl,vigraha
pwg,23656,graB,vgl,upasaMgraha
pwg,23660,graBItar,vgl,grahItar
pwg,23661,gras,vgl,Opagrastika
pwg,23670,graha,vgl,gudagraha
pwg,23670,graha,vgl,Siro˚
pwg,23670,graha,vgl,hanu˚
pwg,23670,graha,vgl,hfdgraha
pwg,23671,grahaka,vgl,grAhaka
pwg,23675,grahaRa,vgl,karagrahaRa
pwg,23675,grahaRa,vgl,keSa˚
pwg,23675,grahaRa,vgl,garBa˚
pwg,23675,grahaRa,vgl,cakzurgrahaRa
pwg,23675,grahaRa,vgl,nAma˚
pwg,23675,grahaRa,vgl,pARi˚
pwg,23675,grahaRa,vgl,punargrahaRa
pwg,23687,grahadruma,vgl,gfhadruma
pwg,23700,grahamardana,vgl,grahayudDa
pwg,23715,grahADAra,vgl,grahASraya
pwg,23719,grahASraya,vgl,grahADAra
pwg,23724,grahItar,vgl,pARigrahItar
pwg,23728,grABa,vgl,udagrABa
pwg,23728,grABa,vgl,grAva˚
pwg,23728,grABa,vgl,hasta˚
pwg,23729,grAma,vgl,arizwagrAma
pwg,23729,grAma,vgl,mahA˚
pwg,23729,grAma,vgl,SUra˚
pwg,23729,grAma,vgl,saMgrAma
pwg,23735,grAmakUwa,vgl,mahattara
pwg,23776,grAmavAsa,vgl,grAmevAsa
pwg,23777,grAmavAsin,vgl,grAmevAsin
pwg,23805,grAmyamfga,vgl,grAmamfga
pwg,23813,grAvan,vgl,UrDvagrAvan
pwg,23813,grAvan,vgl,yukta˚
pwg,23814,grAvarohaka,vgl,aSvaganDA
pwg,23819,grAsa,vgl,gras
pwg,23822,grAha,vgl,asadgrAha
pwg,23822,grAha,vgl,svayaMgrAha
pwg,23829,grAhya,vgl,durgrAhya
pwg,23829,grAhya,vgl,suKagrAhya
pwg,23829,grAhya,vgl,svayaMgrAhya
pwg,23844,gruc,vgl,gluc
pwg,23861,glA,vgl,anavaglAyant
pwg,23868,gluc,vgl,gluYc
pwg,23869,glucuka,vgl,glOcukAyanaka
pwg,23872,glev,vgl,gev
pwg,23872,glev,vgl,Kev
pwg,23872,glev,vgl,sev
pwg,23879,Ga,vgl,pariGa
pwg,23882,GagG,vgl,kaK
pwg,23883,Gaw,vgl,udGAwa
pwg,23884,Gawa,vgl,kumBa
pwg,23890,GawadAsI,vgl,kumBadAsI
pwg,23898,GawarikA,vgl,GAwarI
pwg,23903,GawAla,vgl,Gawila
pwg,23905,GawiGawa,vgl,GaRwa
pwg,23910,Gawila,vgl,GawAla
pwg,23914,GawIyantra,vgl,araGawwa
pwg,23914,GawIyantra,vgl,araGawwaka
pwg,23916,Gawodara,vgl,kumBodara
pwg,23918,Gaww,vgl,avaGawwana
pwg,23918,Gaww,vgl,Gaw
pwg,23919,Gawwa,vgl,araGawwa
pwg,23919,Gawwa,vgl,araGawwaka
pwg,23926,GaRw,vgl,Gaw
pwg,23943,GaRwu,vgl,niGaRwu
pwg,23946,GaRqa,vgl,GuRqa
pwg,23948,GanakaPa,vgl,Ganopala
pwg,23955,Ganatoya,vgl,Ganoda
pwg,23968,Ganavara,vgl,Ganottama
pwg,23995,Ganottama,vgl,Ganavara
pwg,23996,Ganoda,vgl,Ganatoya
pwg,24000,Gar,vgl,Gfta
pwg,24000,Gar,vgl,aBiGAra
pwg,24000,Gar,vgl,pratyaBiGAraRa
pwg,24000,Gar,vgl,AGAra
pwg,24005,GarGara,vgl,GuraGurAy
pwg,24005,GarGara,vgl,GurGuraka
pwg,24005,GarGara,vgl,GurGurAy
pwg,24005,GarGara,vgl,GAwarI
pwg,24008,GarGurGA,vgl,GurGura
pwg,24011,Garma,vgl,daDiGarma
pwg,24016,Garmadyuti,vgl,GarmadIDiti
pwg,24020,GarmaraSmi,vgl,GarmadIDiti
pwg,24027,GarmAMSu,vgl,GarmadIDiti
pwg,24037,Garz,vgl,avaGarzaRa
pwg,24037,Garz,vgl,udGarzaRa
pwg,24037,Garz,vgl,saMGarza
pwg,24043,Gas,vgl,jakz
pwg,24044,Gasa,vgl,mahAGasa
pwg,24045,Gasi,vgl,GAsi
pwg,24048,GAwa,vgl,karaGAwa
pwg,24050,GAwarI,vgl,apaGAwilA
pwg,24051,GAwAla,vgl,GawAla
pwg,24054,GAta,vgl,karmaGAta
pwg,24054,GAta,vgl,grAma˚
pwg,24057,GAtana,vgl,kravyaGAtana
pwg,24061,GAti,vgl,niGAti
pwg,24062,GAtin,vgl,anDakaGAtin
pwg,24062,GAtin,vgl,amitra˚
pwg,24062,GAtin,vgl,arDaka˚
pwg,24062,GAtin,vgl,Atma˚
pwg,24062,GAtin,vgl,kAla˚
pwg,24062,GAtin,vgl,kumAra˚
pwg,24062,GAtin,vgl,kfmi˚
pwg,24062,GAtin,vgl,guRa˚
pwg,24062,GAtin,vgl,grAma˚
pwg,24062,GAtin,vgl,SaSa˚
pwg,24062,GAtin,vgl,SIrza˚
pwg,24067,GArtika,vgl,GftapUra
pwg,24076,GiRR,vgl,GuRR
pwg,24076,GiRR,vgl,GraRR
pwg,24080,Guw,vgl,guRW
pwg,24081,Guwa,vgl,GuRwa
pwg,24081,Guwa,vgl,GuRwaka
pwg,24083,GuR,vgl,GUrR
pwg,24083,GuR,vgl,Golay
pwg,24088,GuRwa,vgl,Guwa
pwg,24090,GuRqa,vgl,GaRqa
pwg,24091,GuRR,vgl,GiRR
pwg,24091,GuRR,vgl,GraRR
pwg,24094,GuraGurAy,vgl,GarGara
pwg,24094,GuraGurAy,vgl,GurGuraka
pwg,24094,GuraGurAy,vgl,GurGurAy
pwg,24100,Guz,vgl,AGoza
pwg,24100,Guz,vgl,udGoza
pwg,24100,Guz,vgl,upaGozaRa
pwg,24109,GUr,vgl,jUr
pwg,24109,GUr,vgl,jar
pwg,24117,GfRa,vgl,nirGfRa
pwg,24117,GfRa,vgl,hfRIyA
pwg,24118,GfRArcis,vgl,GftArcis
pwg,24130,GftacyutA,vgl,GftaScut
pwg,24137,GftaparRaka,vgl,GftapUrRaka
pwg,24142,GftapUrRaka,vgl,GftaparRaka
pwg,24157,Gftavara,vgl,GftapUra
pwg,24166,GftasTalA,vgl,ftusTalA
pwg,24166,GftasTalA,vgl,kratusTalA
pwg,24209,Gora,vgl,aGora
pwg,24211,GoraGuzya,vgl,Goza
pwg,24215,Gorapuzpa,vgl,GoraGuzya
pwg,24218,Goravarpas,vgl,varpas
pwg,24224,Goza,vgl,aGoza
pwg,24224,Goza,vgl,AtmaGoza
pwg,24224,Goza,vgl,indra˚
pwg,24224,Goza,vgl,uccErGoza
pwg,24224,Goza,vgl,jyA˚
pwg,24224,Goza,vgl,padGoza
pwg,24224,Goza,vgl,maDu˚
pwg,24224,Goza,vgl,mahA˚
pwg,24237,GozAtakI,vgl,hastiGozAtakI
pwg,24239,Gozin,vgl,grAmaGozin
pwg,24242,Gna,vgl,adevfGnI
pwg,24242,Gna,vgl,apatiGnI
pwg,24242,Gna,vgl,apaSuGnI
pwg,24246,GraRR,vgl,GiRR
pwg,24246,GraRR,vgl,GuRR
pwg,24247,GrA,vgl,avaGrARa
pwg,24247,GrA,vgl,AGrARa
pwg,24256,Greya,vgl,aGreya
pwg,24261,cak,vgl,kan
pwg,24267,cakk,vgl,cikk
pwg,24267,cakk,vgl,cukk
pwg,24271,cakra,vgl,acakra
pwg,24271,cakra,vgl,uccA˚
pwg,24271,cakra,vgl,eka˚
pwg,24271,cakra,vgl,kAla˚
pwg,24271,cakra,vgl,kU˚
pwg,24271,cakra,vgl,daRqa˚
pwg,24271,cakra,vgl,Darma˚
pwg,24271,cakra,vgl,vizRu˚
pwg,24271,cakra,vgl,sa˚
pwg,24271,cakra,vgl,cAkreya
pwg,24272,cakraka,vgl,cakrikA
pwg,24278,cakragoptar,vgl,cakrarakza
pwg,24286,cakratIrTa,vgl,cakrapuzkariRI
pwg,24313,cakrapAla,vgl,cakrabAla
pwg,24313,cakrapAla,vgl,cakragoptar
pwg,24313,cakrapAla,vgl,cakrarakza
pwg,24315,cakrapuzkariRI,vgl,cakratArTa
pwg,24315,cakrapuzkariRI,vgl,maRikarRikA
pwg,24319,cakrabAlaDi,vgl,vakrabAlaDi
pwg,24329,cakramuKa,vgl,cakrarada
pwg,24336,cakrarada,vgl,cakramuKa
pwg,24343,cakravarman,vgl,cAkravarmaRa
pwg,24344,cakravAka,vgl,cakra
pwg,24344,cakravAka,vgl,cakramAhvaya
pwg,24344,cakravAka,vgl,cakrAhva
pwg,24344,cakravAka,vgl,cakrAhvaya
pwg,24345,cakravAkabanDu,vgl,cakrabAnDava
pwg,24349,cakravAqa,vgl,cakrabAla
pwg,24365,cakrANkI,vgl,cakrANga
pwg,24367,cakrAwa,vgl,cakracara
pwg,24374,cakri,vgl,urucakri
pwg,24376,cakrin,vgl,sacakrin
pwg,24382,cakz,vgl,aBicakzaRa
pwg,24382,cakz,vgl,avacakzaRa
pwg,24382,cakz,vgl,paricakzya
pwg,24382,cakz,vgl,praticakzaRa
pwg,24382,cakz,vgl,praticakzya
pwg,24382,cakz,vgl,supraticakz
pwg,24386,cakzas,vgl,apAka˚
pwg,24386,cakzas,vgl,Iya˚
pwg,24386,cakzas,vgl,upAka˚
pwg,24386,cakzas,vgl,uru˚
pwg,24386,cakzas,vgl,Gora˚
pwg,24386,cakzas,vgl,nf˚
pwg,24386,cakzas,vgl,viSva˚
pwg,24386,cakzas,vgl,su˚
pwg,24386,cakzas,vgl,sUra˚
pwg,24386,cakzas,vgl,svarcakzas
pwg,24402,cakzurvizaya,vgl,acakzurvizaya
pwg,24415,cakzus,vgl,a˚
pwg,24415,cakzus,vgl,aGora˚
pwg,24415,cakzus,vgl,viSvataScakzus
pwg,24415,cakzus,vgl,hrade˚
pwg,24437,caYcu,vgl,kfzRacaYcuka
pwg,24437,caYcu,vgl,SunakacaYcukA
pwg,24449,caw,vgl,cal
pwg,24449,caw,vgl,uccAwana
pwg,24451,cawaka,vgl,carmacawakA
pwg,24451,cawaka,vgl,cAwakAyana
pwg,24451,cawaka,vgl,cAwakEra
pwg,24452,cawakakA,vgl,cawakikA
pwg,24453,cawakASiras,vgl,cawikA˚
pwg,24463,caR,vgl,can
pwg,24471,caRqa,vgl,acaRqI
pwg,24471,caRqa,vgl,uccaRqa
pwg,24471,caRqa,vgl,pra˚
pwg,24471,caRqa,vgl,SrI˚
pwg,24471,caRqa,vgl,cARqa
pwg,24479,caRqadIDiti,vgl,caRqAMSu
pwg,24485,caRqamuRqA,vgl,carmamuRqA
pwg,24485,caRqamuRqA,vgl,cAmuRqA
pwg,24495,caRqAMSu,vgl,caRqadIDiti
pwg,24519,cat,vgl,catya
pwg,24519,cat,vgl,cAtana
pwg,24532,catura,vgl,cAtura
pwg,24532,catura,vgl,cAturya
pwg,24532,catura,vgl,Acaturya
pwg,24552,caturaha,vgl,atricaturaha
pwg,24559,caturuzaRa,vgl,tryUzaRa
pwg,24565,caturRavata,vgl,caturnavata
pwg,24566,caturTa,vgl,turIya
pwg,24566,caturTa,vgl,turya
pwg,24568,caturTaka,vgl,cAturTaka
pwg,24587,caturnavata,vgl,caturRavata
pwg,24589,caturbAhu,vgl,cuturBuja
pwg,24593,caturmahArAjakAyika,vgl,cAturmahA˚
pwg,24609,caturvidya,vgl,caturveda
pwg,24609,caturvidya,vgl,cAturvEdya
pwg,24616,caturvyUha,vgl,navavyUha
pwg,24619,caturhotar,vgl,cAturhotfka
pwg,24619,caturhotar,vgl,cAturhotra
pwg,24676,catvAla,vgl,cAtvAla
pwg,24677,cad,vgl,caw
pwg,24678,cadira,vgl,candira
pwg,24688,canda,vgl,candra
pwg,24691,candana,vgl,kucandana
pwg,24691,candana,vgl,pIta˚
pwg,24691,candana,vgl,rakta˚
pwg,24691,candana,vgl,Sveta˚
pwg,24691,candana,vgl,hari˚
pwg,24694,candanagopI,vgl,candanA
pwg,24708,candalA,vgl,candralA
pwg,24710,candra,vgl,arDacandra
pwg,24713,candrakavant,vgl,candrakin
pwg,24755,candraBAgA,vgl,cAndraBAgA
pwg,24756,candraBAsa,vgl,candrahAsa
pwg,24762,candramaha,vgl,indramahakAmuka
pwg,24766,candramOli,vgl,candracUqa
pwg,24775,candravaMSa,vgl,sUryavaMSa
pwg,24805,candrasUryapradIpa,vgl,candrArkadIpa
pwg,24820,candrAvatI,vgl,candravatI
pwg,24841,capala,vgl,cApala
pwg,24841,capala,vgl,cApalAyana
pwg,24841,capala,vgl,cApalya
pwg,24848,capewa,vgl,carpawa
pwg,24848,capewa,vgl,capawa
pwg,24850,cam,vgl,Acamana
pwg,24873,camUru,vgl,samUru
pwg,24876,camp,vgl,kamp
pwg,24876,camp,vgl,capala
pwg,24885,campakAlu,vgl,campakolva
pwg,24885,campakAlu,vgl,campAlu
pwg,24885,campakAlu,vgl,campaka
pwg,24888,campakolva,vgl,campakAlu
pwg,24888,campakolva,vgl,campAlu
pwg,24891,campU,vgl,gaNgA˚
pwg,24891,campU,vgl,nala˚
pwg,24891,campU,vgl,candraSeKaracampUprabanDa
pwg,24897,caya,vgl,agnicaya
pwg,24900,cayana,vgl,agnicayana
pwg,24902,car,vgl,aticAra
pwg,24902,car,vgl,aDicaraRa
pwg,24902,car,vgl,anucara
pwg,24902,car,vgl,apacarita
pwg,24902,car,vgl,apacAra
pwg,24902,car,vgl,aBicara
pwg,24902,car,vgl,pratyaBicaraRa
pwg,24902,car,vgl,vyaBicAra
pwg,24902,car,vgl,avacara
pwg,24902,car,vgl,avacAraRa
pwg,24902,car,vgl,anvavacAra
pwg,24902,car,vgl,AcaraRa
pwg,24902,car,vgl,aByAcAra
pwg,24902,car,vgl,samudAcAra
pwg,24902,car,vgl,upAcarita
pwg,24902,car,vgl,samAcara
pwg,24902,car,vgl,uccAra
pwg,24902,car,vgl,upacara
pwg,24902,car,vgl,paricara
pwg,24902,car,vgl,pracara
pwg,24902,car,vgl,vicAra
pwg,24902,car,vgl,saMcara
pwg,24902,car,vgl,saMcAra
pwg,24902,car,vgl,aBisaMcArin
pwg,24904,caraka,vgl,cAraka
pwg,24907,caraRa,vgl,dvicaraRa
pwg,24907,caraRa,vgl,puraScaraRa
pwg,24907,caraRa,vgl,raTa˚
pwg,24924,caraTa,vgl,cAraTa
pwg,24930,carama,vgl,acarama
pwg,24942,carita,vgl,uttararAma˚
pwg,24942,carita,vgl,duScarita
pwg,24942,carita,vgl,saccarita
pwg,24942,carita,vgl,saha˚
pwg,24942,carita,vgl,su˚
pwg,24944,caritavya,vgl,cartavya
pwg,24946,caritArTa,vgl,cAritArTya
pwg,24949,caritra,vgl,cAritra
pwg,24972,carcikA,vgl,GarmacarcikA
pwg,24974,cart,vgl,nicft
pwg,24974,cart,vgl,avicftya
pwg,24974,cart,vgl,vicft
pwg,24976,cartavya,vgl,caritavya
pwg,24989,carmaKARqika,vgl,carmadvIpa
pwg,24989,carmaKARqika,vgl,carmamaRqala
pwg,24989,carmaKARqika,vgl,˚raNga
pwg,25003,carman,vgl,gala˚
pwg,25003,carman,vgl,duScarman
pwg,25011,carmamaRqala,vgl,carmaKARqika
pwg,25015,carmayazwi,vgl,carmadaRqa
pwg,25018,carmaru,vgl,carmAra
pwg,25018,carmaru,vgl,carmakAra
pwg,25020,carmavasana,vgl,kfttivAsas
pwg,25033,carv,vgl,cUrRa
pwg,25039,carzaRi,vgl,raTacarzaRi
pwg,25039,carzaRi,vgl,vi˚
pwg,25039,carzaRi,vgl,viSva˚
pwg,25044,cal,vgl,caw
pwg,25044,cal,vgl,car
pwg,25044,cal,vgl,uccala
pwg,25044,cal,vgl,avicAcala
pwg,25047,cala,vgl,acala
pwg,25047,cala,vgl,niScala
pwg,25047,cala,vgl,cAla
pwg,25067,cali,vgl,cola
pwg,25071,caluka,vgl,culuka
pwg,25078,cazati,vgl,caz
pwg,25096,cANgerI,vgl,kucANgerI
pwg,25097,cAcapuwa,vgl,caccapuwa
pwg,25098,cAcali,vgl,vicAcali
pwg,25098,cAcali,vgl,avi˚
pwg,25104,cAwu,vgl,cawu
pwg,25110,cARaka,vgl,cARakya
pwg,25131,cAturika,vgl,cAtura
pwg,25132,cAturjAtaka,vgl,catu˚
pwg,25133,cAturTaka,vgl,caturTaka
pwg,25162,cAtvAla,vgl,catvAla
pwg,25168,cAndraka,vgl,cAndrAKya
pwg,25176,cAndrAKya,vgl,cAndraka
pwg,25177,cAndrAyaRa,vgl,yati˚
pwg,25177,cAndrAyaRa,vgl,SiSu˚
pwg,25181,cApapawa,vgl,Danu
pwg,25182,cApala,vgl,cApalya
pwg,25198,cAmuRqA,vgl,carmamuRqA
pwg,25224,cAraBawa,vgl,AraBawa
pwg,25229,cArAyaRIya,vgl,kambala˚
pwg,25232,cAritra,vgl,caritra
pwg,25297,ci,vgl,apacaya
pwg,25297,ci,vgl,apaciti
pwg,25297,ci,vgl,AkAya
pwg,25297,ci,vgl,Acaya
pwg,25297,ci,vgl,Acita
pwg,25297,ci,vgl,samAcayana
pwg,25297,ci,vgl,uccaya
pwg,25297,ci,vgl,samuccaya
pwg,25297,ci,vgl,upacaya
pwg,25297,ci,vgl,upacAyya
pwg,25297,ci,vgl,nicaya
pwg,25297,ci,vgl,saMnicaya
pwg,25297,ci,vgl,paricAyya
pwg,25297,ci,vgl,paricit
pwg,25297,ci,vgl,pariceya
pwg,25297,ci,vgl,pracaya
pwg,25297,ci,vgl,pracAya
pwg,25297,ci,vgl,vicayizWa
pwg,25297,ci,vgl,vicit
pwg,25297,ci,vgl,vicinvatka
pwg,25297,ci,vgl,vicetar
pwg,25297,ci,vgl,saMcaya
pwg,25297,ci,vgl,saMcayin
pwg,25297,ci,vgl,saMcAyya
pwg,25297,ci,vgl,saMcinvAnaka
pwg,25298,ci,vgl,nicira
pwg,25298,ci,vgl,nicetar
pwg,25298,ci,vgl,niScaya
pwg,25298,ci,vgl,viniScaya
pwg,25298,ci,vgl,aparicita
pwg,25300,ci,vgl,cAyitar
pwg,25300,ci,vgl,cAyu
pwg,25305,cikita,vgl,cekita
pwg,25306,cikitAna,vgl,cEkitAneya
pwg,25307,cikitAyana,vgl,cEkitAyana
pwg,25320,cikina,vgl,cikka
pwg,25320,cikina,vgl,cipiwa
pwg,25331,cikk,vgl,cakk
pwg,25331,cikk,vgl,cukk
pwg,25334,cikkaRakanTa,vgl,citkaRakanTa
pwg,25334,cikkaRakanTa,vgl,cihaRakanTa
pwg,25337,cikkira,vgl,cikura
pwg,25337,cikkira,vgl,cikka
pwg,25337,cikkira,vgl,Cikkara
pwg,25340,ciKalla,vgl,icikila
pwg,25340,ciKalla,vgl,cikila
pwg,25341,ciklida,vgl,kledu
pwg,25343,ciNgawa,vgl,ucciNgawa
pwg,25346,cicciwiNga,vgl,ucciwiNga
pwg,25350,ciYcA,vgl,kAkaciYcA
pwg,25362,cit,vgl,cikit
pwg,25362,cit,vgl,apraketa
pwg,25363,cit,vgl,acit
pwg,25369,citi,vgl,amftaciti
pwg,25378,citta,vgl,acitta
pwg,25378,citta,vgl,iha˚
pwg,25378,citta,vgl,cala˚
pwg,25378,citta,vgl,pUrva˚
pwg,25378,citta,vgl,prAyaScitta
pwg,25378,citta,vgl,laGu˚
pwg,25378,citta,vgl,su˚
pwg,25378,citta,vgl,sTira˚
pwg,25381,cittajanman,vgl,cittaBU
pwg,25381,cittajanman,vgl,cittayoni
pwg,25381,cittajanman,vgl,manasija
pwg,25387,cittaBU,vgl,cittajanman
pwg,25389,cittayoni,vgl,cittajanman
pwg,25402,citti,vgl,acitti
pwg,25402,citti,vgl,pUrva˚
pwg,25402,citti,vgl,prAyaScitti
pwg,25410,citra,vgl,acitra
pwg,25410,citra,vgl,dAnu˚
pwg,25410,citra,vgl,vi˚
pwg,25410,citra,vgl,su˚
pwg,25410,citra,vgl,cEtra
pwg,25414,citrakara,vgl,citrakAra
pwg,25414,citrakara,vgl,citrakft
pwg,25417,citrakAra,vgl,citrakara
pwg,25425,citraga,vgl,citragata
pwg,25425,citraga,vgl,citrArpita
pwg,25425,citraga,vgl,citrasTa
pwg,25429,citragfha,vgl,citraSAlA
pwg,25444,citranetrA,vgl,citralocanA
pwg,25444,citranetrA,vgl,citrAkzI
pwg,25479,citraraTa,vgl,cEtraraTa
pwg,25485,citralatA,vgl,citraparRI
pwg,25491,citralocanA,vgl,citranetrA
pwg,25491,citralocanA,vgl,citrAkzI
pwg,25493,citravana,vgl,citraka
pwg,25497,citravallika,vgl,citravadAla
pwg,25502,citravAhana,vgl,cEtravAhanI
pwg,25512,citrasaMsTa,vgl,citragata
pwg,25512,citrasaMsTa,vgl,citrasTa
pwg,25515,citrasena,vgl,cEtraseni
pwg,25516,citrasTa,vgl,citragata
pwg,25516,citrasTa,vgl,citrasaMsTa
pwg,25531,citrArpita,vgl,citraga
pwg,25531,citrArpita,vgl,citragata
pwg,25531,citrArpita,vgl,citranyasta
pwg,25531,citrArpita,vgl,citrasTa
pwg,25547,citrya,vgl,citriya
pwg,25548,cid,vgl,ca
pwg,25554,cint,vgl,anucintana
pwg,25554,cint,vgl,vicintana
pwg,25556,cintaka,vgl,kArya˚
pwg,25556,cintaka,vgl,graha˚
pwg,25578,cipawa,vgl,cipiwa
pwg,25578,cipawa,vgl,cipuwa
pwg,25579,cipiwa,vgl,cikina
pwg,25584,cippa,vgl,cipya
pwg,25591,cira,vgl,acira
pwg,25591,cira,vgl,aciram
pwg,25591,cira,vgl,acirAt
pwg,25591,cira,vgl,acireRa
pwg,25591,cira,vgl,naciram
pwg,25596,cirajIvin,vgl,ciraMjIvin
pwg,25598,ciraMjIvin,vgl,cirajIvin
pwg,25599,ciraRwI,vgl,carawI
pwg,25599,ciraRwI,vgl,caraRwI
pwg,25599,ciraRwI,vgl,ciriRwI
pwg,25601,ciratna,vgl,ciraMtana
pwg,25608,ciray,vgl,cirAy
pwg,25618,cirAy,vgl,ciray
pwg,25621,ciri,vgl,jiri
pwg,25622,ciri,vgl,kIra
pwg,25622,ciri,vgl,cimi
pwg,25623,cirikA,vgl,cilikA
pwg,25627,cirBawI,vgl,carBawa
pwg,25628,cirBiwa,vgl,indracirBiwI
pwg,25628,cirBiwa,vgl,kzudracirBiwA
pwg,25628,cirBiwa,vgl,kzetra˚
pwg,25628,cirBiwa,vgl,gaja˚
pwg,25631,cilikA,vgl,cirikA
pwg,25636,cilla,vgl,kurucilla
pwg,25641,cilli,vgl,gaNgAcillI
pwg,25651,cihna,vgl,sacihna
pwg,25657,cIk,vgl,SIk
pwg,25661,cIRaka,vgl,cIna
pwg,25661,cIRaka,vgl,cInaka
pwg,25663,cItkAra,vgl,citkAra
pwg,25672,cInarAjaputra,vgl,cInanI
pwg,25693,cIrI,vgl,cirikA
pwg,25706,cuk,vgl,nicuNkuRa
pwg,25712,cukraka,vgl,amlacukrikA
pwg,25718,cukzA,vgl,cokza
pwg,25718,cukzA,vgl,cOkza
pwg,25723,cucupa,vgl,cucuka
pwg,25726,cuccU,vgl,cucu
pwg,25733,cuw,vgl,cuw
pwg,25733,cuw,vgl,cuRw
pwg,25733,cuw,vgl,Cuw
pwg,25734,cuww,vgl,puww
pwg,25735,cuq,vgl,buq
pwg,25736,cuqq,vgl,cull
pwg,25739,cuRwA,vgl,cORwya
pwg,25739,cuRwA,vgl,cUqaka
pwg,25739,cuRwA,vgl,cUtaka
pwg,25743,cut,vgl,Scut
pwg,25745,cuta,vgl,cUta
pwg,25745,cuta,vgl,cyuti
pwg,25746,cud,vgl,codaka
pwg,25750,cup,vgl,galecopaka
pwg,25750,cup,vgl,copana
pwg,25754,cubuka,vgl,civuka
pwg,25754,cubuka,vgl,Cubuka
pwg,25764,cur,vgl,cora
pwg,25764,cur,vgl,cOra
pwg,25767,curA,vgl,cOra
pwg,25770,cul,vgl,bul
pwg,25773,culuka,vgl,caluka
pwg,25774,culukin,vgl,ulupin
pwg,25774,culukin,vgl,cullakI
pwg,25774,culukin,vgl,culumpin
pwg,25780,culla,vgl,cilla
pwg,25780,culla,vgl,pilla
pwg,25783,culli,vgl,cullI
pwg,25785,cuScyUzA,vgl,cUz
pwg,25788,cUqa,vgl,cUla
pwg,25788,cUqa,vgl,coqa
pwg,25788,cUqa,vgl,cOla
pwg,25788,cUqa,vgl,uccUqa
pwg,25788,cUqa,vgl,tAmracUqa
pwg,25788,cUqa,vgl,paYcacUqA
pwg,25790,cUqAkaraR,vgl,cOla
pwg,25797,cUqAmla,vgl,cukrAmla
pwg,25809,cUti,vgl,cuta
pwg,25813,cUrRa,vgl,kfzRacUrRa
pwg,25814,cUrRaka,vgl,cUrRikA
pwg,25823,cUrRayoga,vgl,vAsayoga
pwg,25826,cUrRi,vgl,ekacUrRi
pwg,25827,cUrRikA,vgl,cUrRaka
pwg,25829,cUrRIkar,vgl,cUrRay
pwg,25832,cUla,vgl,uccUla
pwg,25835,cUlin,vgl,vicUlin
pwg,25836,cUz,vgl,cUzya
pwg,25836,cUz,vgl,coza
pwg,25836,cUz,vgl,cozya
pwg,25836,cUz,vgl,cuScyUzA
pwg,25837,cUzA,vgl,bUzA
pwg,25838,cUzya,vgl,cozya
pwg,25841,cekitAna,vgl,cikitAna
pwg,25849,cetakI,vgl,cetanakI
pwg,25850,cetana,vgl,acetana
pwg,25850,cetana,vgl,niScetana
pwg,25850,cetana,vgl,vi˚
pwg,25850,cetana,vgl,sa˚
pwg,25850,cetana,vgl,cEtanya
pwg,25861,cetas,vgl,acetas
pwg,25861,cetas,vgl,daBra˚
pwg,25861,cetas,vgl,DIra˚
pwg,25861,cetas,vgl,nAnA˚
pwg,25861,cetas,vgl,laGu˚
pwg,25861,cetas,vgl,vi˚
pwg,25861,cetas,vgl,sa˚
pwg,25861,cetas,vgl,su˚
pwg,25868,cetoBava,vgl,cittajanman
pwg,25868,cetoBava,vgl,manoja
pwg,25874,ced,vgl,ned
pwg,25876,cedi,vgl,cEdya
pwg,25881,cel,vgl,cal
pwg,25881,cel,vgl,cell
pwg,25881,cel,vgl,kel
pwg,25881,cel,vgl,Kel
pwg,25881,cel,vgl,vel
pwg,25882,cela,vgl,cEla
pwg,25883,celaka,vgl,cElaki
pwg,25885,celAna,vgl,celAla
pwg,25887,celASaka,vgl,cElASaka
pwg,25888,celikA,vgl,ganDa˚
pwg,25891,celuka,vgl,cElaka
pwg,25895,cezwa,vgl,karmacezwA
pwg,25895,cezwa,vgl,acezwatA
pwg,25895,cezwa,vgl,niScezwa
pwg,25932,cEtyaSEla,vgl,cEtika
pwg,25938,cEtraraTi,vgl,cEtraraTa
pwg,25948,cEtrin,vgl,cEtri
pwg,25954,cElaka,vgl,celuka
pwg,25960,cokza,vgl,cOkza
pwg,25963,cowI,vgl,SAwI
pwg,25968,codana,vgl,ekacodana
pwg,25979,cora,vgl,cOra
pwg,25990,cozya,vgl,cUzya
pwg,25994,cOqa,vgl,cOla
pwg,25996,cOqi,vgl,cOli
pwg,26019,cOla,vgl,cUqA
pwg,26019,cOla,vgl,cUqAkaraRa
pwg,26019,cOla,vgl,˚karman
pwg,26024,cyavana,vgl,duScyavana
pwg,26032,cyu,vgl,apacyava
pwg,26032,cyu,vgl,anapacyuta
pwg,26032,cyu,vgl,apracyuta
pwg,26032,cyu,vgl,pracyAvana
pwg,26033,cyu,vgl,cyus
pwg,26035,cyut,vgl,Scut
pwg,26035,cyut,vgl,Scyut
pwg,26039,cyuti,vgl,sacyuti
pwg,26039,cyuti,vgl,hasta˚
pwg,26045,Ca,vgl,CA
pwg,26048,Caga,vgl,Cagala
pwg,26048,Caga,vgl,CAga
pwg,26049,CagaRa,vgl,CAgaRa
pwg,26050,Cagala,vgl,Caga
pwg,26050,Cagala,vgl,CAga
pwg,26050,Cagala,vgl,CAgala
pwg,26055,CagalAntrI,vgl,ajAntrI
pwg,26056,Cagalin,vgl,CAgaleyin
pwg,26057,CawA,vgl,jawA
pwg,26079,Cattvara,vgl,Cadvara
pwg,26079,Cattvara,vgl,Cittvara
pwg,26080,Cad,vgl,avacCada
pwg,26080,Cad,vgl,AcCad
pwg,26080,Cad,vgl,AcCAda
pwg,26080,Cad,vgl,paricCada
pwg,26080,Cad,vgl,pracCada
pwg,26081,Cad,vgl,upacCandana
pwg,26085,Cada,vgl,duSCada
pwg,26086,Cadana,vgl,CAdana
pwg,26089,Cadis,vgl,CAdizeya
pwg,26091,Cadman,vgl,kUwacCadman
pwg,26095,Cadvara,vgl,Cattvara
pwg,26098,Canda,vgl,indracCanda
pwg,26116,Candoma,vgl,CAndoma
pwg,26127,Cam,vgl,cam
pwg,26127,Cam,vgl,jam
pwg,26127,Cam,vgl,Jam
pwg,26129,CamaRqa,vgl,CemaRqa
pwg,26131,Cambaw,vgl,Cadmaw
pwg,26132,Card,vgl,pracCardikA
pwg,26149,Calika,vgl,CAlikya
pwg,26154,Calli,vgl,Cavi
pwg,26157,Cavi,vgl,kfzRacCavi
pwg,26160,CA,vgl,Cavi
pwg,26168,CAgaraTa,vgl,CAgavAhana
pwg,26176,CAgavAhana,vgl,CAgaraTa
pwg,26180,CAwA,vgl,CawA
pwg,26190,CAdana,vgl,Cadana
pwg,26211,CAyANka,vgl,CAyABft
pwg,26211,CAyANka,vgl,CAyAmfgaDara
pwg,26213,CAyAtaru,vgl,CAyAdruma
pwg,26217,CAyApuruza,vgl,CAyAmaya
pwg,26218,CAyABft,vgl,CAyANka
pwg,26218,CAyABft,vgl,CAyAmfgaDara
pwg,26222,CAyAmfgaDara,vgl,CAyANka
pwg,26222,CAyAmfgaDara,vgl,CAyABft
pwg,26227,CAlikya,vgl,Calika
pwg,26229,Cikkana,vgl,CikkA
pwg,26231,CikkA,vgl,Cikkana
pwg,26236,Cittvara,vgl,Cattvara
pwg,26236,Cittvara,vgl,Cidura
pwg,26237,Cid,vgl,Bid
pwg,26237,Cid,vgl,apacCeda
pwg,26237,Cid,vgl,avacCeda
pwg,26237,Cid,vgl,vyavacCeda
pwg,26237,Cid,vgl,ucCitti
pwg,26237,Cid,vgl,ucCettar
pwg,26237,Cid,vgl,paricCitti
pwg,26237,Cid,vgl,vicCitti
pwg,26243,Cidura,vgl,Cittvara
pwg,26244,Cidra,vgl,acCidra
pwg,26244,Cidra,vgl,karRa˚
pwg,26244,Cidra,vgl,kfta˚
pwg,26244,Cidra,vgl,gfha˚
pwg,26244,Cidra,vgl,niSCidra
pwg,26253,CidrAPala,vgl,mAyAPala
pwg,26277,Cubuka,vgl,civuka
pwg,26277,Cubuka,vgl,cubuka
pwg,26278,Cur,vgl,kzur
pwg,26295,Cedya,vgl,kuqya˚
pwg,26295,Cedya,vgl,pattra˚ laGu˚
pwg,26295,Cedya,vgl,saMSaya˚
pwg,26296,CemaRqa,vgl,CamaRqa
pwg,26303,CoraRa,vgl,Cur
pwg,26304,ColaNga,vgl,ambukeSara
pwg,26306,ja,vgl,jA
pwg,26310,jaMhas,vgl,kfzRa˚
pwg,26310,jaMhas,vgl,raGupatma˚
pwg,26312,jakuwa,vgl,jukuwa
pwg,26313,jakz,vgl,Gas
pwg,26318,jagaccakzus,vgl,janacakzus
pwg,26358,jaganu,vgl,jagannu
pwg,26365,jagara,vgl,jAgara
pwg,26369,jagDi,vgl,kalya˚
pwg,26390,jaNgamakuwI,vgl,BramatkuwI
pwg,26392,jaNgala,vgl,jANgala
pwg,26392,jaNgala,vgl,jaNgula
pwg,26405,jaj,vgl,jaYj
pwg,26406,jaja,vgl,jAjin
pwg,26416,jawa,vgl,kfzRajawA
pwg,26416,jawa,vgl,vijawa
pwg,26420,jawAwaNka,vgl,kawaNkawa
pwg,26432,jawi,vgl,jawI
pwg,26432,jawi,vgl,DUrjawi
pwg,26436,jawilaka,vgl,jAwilika
pwg,26440,jawI,vgl,jawi
pwg,26441,jawula,vgl,jaqula
pwg,26441,jawula,vgl,jatumaRi
pwg,26463,jaqula,vgl,jawula
pwg,26463,jaqula,vgl,jatumaRi
pwg,26465,jatu,vgl,jatuka
pwg,26465,jatu,vgl,jAtuza
pwg,26466,jatuka,vgl,aSmajatuka
pwg,26473,jatuputraka,vgl,jayaputraka
pwg,26483,jan,vgl,anuja
pwg,26483,jan,vgl,anujAta
pwg,26483,jan,vgl,aBijana
pwg,26483,jan,vgl,aBijanitu
pwg,26483,jan,vgl,aBijAta
pwg,26483,jan,vgl,Ajanana
pwg,26483,jan,vgl,upaja
pwg,26483,jan,vgl,upajana
pwg,26483,jan,vgl,upajA
pwg,26483,jan,vgl,aprajajYi
pwg,26483,jan,vgl,ftaprajAta
pwg,26483,jan,vgl,praja
pwg,26483,jan,vgl,avijAta
pwg,26483,jan,vgl,vijanana
pwg,26484,jana,vgl,antaHpurajana
pwg,26484,jana,vgl,itara˚
pwg,26484,jana,vgl,kula˚
pwg,26484,jana,vgl,guru˚
pwg,26484,jana,vgl,tiro˚
pwg,26484,jana,vgl,tiryagjana
pwg,26484,jana,vgl,durjana
pwg,26484,jana,vgl,deva˚
pwg,26484,jana,vgl,nirjana
pwg,26484,jana,vgl,pari˚
pwg,26484,jana,vgl,puRya˚
pwg,26484,jana,vgl,pUrva˚
pwg,26484,jana,vgl,sajjana
pwg,26484,jana,vgl,sva˚
pwg,26497,janakArin,vgl,jananI
pwg,26500,janaMgama,vgl,jalaMgama
pwg,26501,janacakzus,vgl,jagaccakzus
pwg,26502,janat,vgl,jana
pwg,26508,janana,vgl,indrajanana
pwg,26508,janana,vgl,meDA˚
pwg,26511,janapada,vgl,jAnapada
pwg,26522,janayitar,vgl,janitar
pwg,26523,janayitavya,vgl,janitavya
pwg,26530,janaloka,vgl,jana
pwg,26532,janavAda,vgl,janevAda
pwg,26532,janavAda,vgl,janovAda
pwg,26536,janaSruta,vgl,jAnaSruti
pwg,26536,janaSruta,vgl,jAnaSruteya
pwg,26552,jani,vgl,jAni
pwg,26554,janitar,vgl,janayitar
pwg,26563,janiman,vgl,janman
pwg,26563,janiman,vgl,sujaniman
pwg,26573,janu,vgl,sajanu
pwg,26574,janus,vgl,aNgajanus
pwg,26584,jantu,vgl,kzitijantu
pwg,26584,jantu,vgl,kzudra˚
pwg,26584,jantu,vgl,jala˚
pwg,26607,janman,vgl,janiman
pwg,26607,janman,vgl,agrajanman
pwg,26607,janman,vgl,antya˚
pwg,26607,janman,vgl,kaSmIra˚
pwg,26607,janman,vgl,kASmIra˚
pwg,26607,janman,vgl,dvi˚
pwg,26607,janman,vgl,brahma˚
pwg,26607,janman,vgl,samAna˚
pwg,26608,janmanakzatra,vgl,janmarASi
pwg,26608,janmanakzatra,vgl,janmarkza
pwg,26626,janmAspada,vgl,BavAspada
pwg,26630,janya,vgl,ajanya
pwg,26631,janya,vgl,pratijanya
pwg,26631,janya,vgl,viSva˚
pwg,26634,jap,vgl,jalp
pwg,26634,jap,vgl,upajapya
pwg,26634,jap,vgl,upajApa
pwg,26635,japa,vgl,jApa
pwg,26642,japA,vgl,javA
pwg,26646,japya,vgl,jApya
pwg,26646,japya,vgl,kiMjapya
pwg,26646,japya,vgl,DyAna˚
pwg,26650,jabAla,vgl,jAbAla
pwg,26650,jabAla,vgl,jAbAli
pwg,26658,jamadagni,vgl,jAmadagna
pwg,26658,jamadagni,vgl,jAmadagnya
pwg,26664,jambIra,vgl,jamBIra
pwg,26664,jambIra,vgl,jamBa
pwg,26664,jambIra,vgl,jamBala
pwg,26666,jambu,vgl,AQakajambu
pwg,26666,jambu,vgl,kAka˚
pwg,26666,jambu,vgl,gorakza˚
pwg,26667,jambuka,vgl,jambUka
pwg,26673,jambumant,vgl,jAmbavant
pwg,26673,jambumant,vgl,jAmbuvant
pwg,26677,jambula,vgl,jambUla
pwg,26680,jambUka,vgl,jambuka
pwg,26680,jambUka,vgl,gfDrajambUka
pwg,26683,jambUnadI,vgl,jambU
pwg,26685,jambUla,vgl,jambula
pwg,26690,jamBa,vgl,antarjamBa
pwg,26690,jamBa,vgl,ku˚
pwg,26690,jamBa,vgl,tapurjamBa
pwg,26690,jamBa,vgl,tigma˚
pwg,26690,jamBa,vgl,tfzwa˚
pwg,26690,jamBa,vgl,vILu˚
pwg,26690,jamBa,vgl,su˚
pwg,26695,jamBana,vgl,kaRva˚
pwg,26695,jamBana,vgl,piSAca˚
pwg,26695,jamBana,vgl,maSaka˚
pwg,26695,jamBana,vgl,yAtu˚
pwg,26695,jamBana,vgl,vyAGra˚
pwg,26706,jaya,vgl,ajaya
pwg,26716,jayatsena,vgl,jayasena
pwg,26728,jayapatra,vgl,jayaleKa
pwg,26730,jayaputraka,vgl,jayakolAhala
pwg,26730,jayaputraka,vgl,jatuputraka
pwg,26735,jayamatI,vgl,jayavant
pwg,26741,jayaleKa,vgl,jayapattra
pwg,26742,jayavant,vgl,jayamatI
pwg,26742,jayavant,vgl,jayAvatI
pwg,26748,jayasiMha,vgl,jayAsiMha
pwg,26749,jayasena,vgl,jayatsena
pwg,26763,jayAvatI,vgl,jayamatI
pwg,26763,jayAvatI,vgl,jayavant
pwg,26768,jayAsiMha,vgl,jayasiMha
pwg,26777,jayya,vgl,ajayya
pwg,26781,jara,vgl,vijara
pwg,26782,jaraWa,vgl,jaWara
pwg,26793,jaratin,vgl,jAratineya
pwg,26794,jaratkAru,vgl,jAratkArava
pwg,26796,jaradgava,vgl,gojara
pwg,26797,jaradgavavITi,vgl,jAradgava
pwg,26805,jarasa,vgl,Ajarasam
pwg,26815,jarAyu,vgl,jyotirjarAyu
pwg,26815,jarAyu,vgl,nirjarAyu
pwg,26824,jarUTa,vgl,jArUTI
pwg,26824,jarUTa,vgl,jArUTya
pwg,26825,jarc,vgl,carc
pwg,26827,jarjara,vgl,vijarjarA
pwg,26855,jalakANkza,vgl,jalAkANkza
pwg,26863,jalakuntala,vgl,jalakeSa
pwg,26869,jalakeli,vgl,jalakrIqA
pwg,26874,jalaganDeBa,vgl,jalahastin
pwg,26881,jalacarajIva,vgl,jalajAjIva
pwg,26886,jalajadravya,vgl,jaladravya
pwg,26890,jalajAjIva,vgl,jalacarajIva
pwg,26891,jalajAsana,vgl,padmAsana
pwg,26906,jaladeva,vgl,jalADidEvata
pwg,26908,jaladravya,vgl,jalajadravya
pwg,26924,jalaMDara,vgl,jAlaMDara
pwg,26974,jalaraRqa,vgl,jalaruRqa
pwg,26991,jalavAsa,vgl,udavAsa
pwg,27006,jalaSaya,vgl,SaleSaya
pwg,27022,jalaharaRa,vgl,jalaDara
pwg,27023,jalahastin,vgl,jaleBa
pwg,27036,jalARuka,vgl,jalARqaka
pwg,27038,jalARqaka,vgl,jalARuka
pwg,27046,jalAmbikA,vgl,jalAtmikA
pwg,27049,jalAyukA,vgl,tfRa˚
pwg,27053,jalAladInAhakavarasAha,vgl,jallAladIndra
pwg,27066,jalAhvaya,vgl,jalaja
pwg,27069,jalUkA,vgl,karRa˚
pwg,27069,jalUkA,vgl,tfRa˚
pwg,27075,jaleBa,vgl,jalahastin
pwg,27086,jalodara,vgl,udara
pwg,27096,jalp,vgl,jap
pwg,27096,jalp,vgl,upajalpin
pwg,27097,jalpa,vgl,citrajalpa
pwg,27100,jalpAka,vgl,jalpaka
pwg,27105,jallAladIndra,vgl,jalAladInAhakavarasAha
pwg,27108,javana,vgl,DIjavana
pwg,27111,javanikA,vgl,yavanikA
pwg,27114,javas,vgl,a˚
pwg,27114,javas,vgl,makzU˚
pwg,27114,javas,vgl,mano˚
pwg,27127,jaza,vgl,Jaza
pwg,27128,jas,vgl,ujjAsana
pwg,27142,jahnu,vgl,jAhnava
pwg,27148,jA,vgl,jAspati
pwg,27148,jA,vgl,jAspatya
pwg,27149,jA,vgl,jyA
pwg,27153,jAgara,vgl,kojAgara
pwg,27163,jAgartavya,vgl,jAgftavya
pwg,27173,jANgala,vgl,jaNgala
pwg,27173,jANgala,vgl,jANgula
pwg,27175,jANgali,vgl,jANguli
pwg,27176,jANgalika,vgl,fzijANgalikI
pwg,27182,jANGAprahftika,vgl,jAnuprahftika
pwg,27190,jAjin,vgl,jaj
pwg,27190,jAjin,vgl,jaja
pwg,27221,jAti,vgl,antya˚
pwg,27221,jAti,vgl,eka˚
pwg,27221,jAti,vgl,dvi˚
pwg,27225,jAtiPala,vgl,kzudrajAtIPala
pwg,27241,jAtIya,vgl,vijAtIya
pwg,27271,jAni,vgl,ajAni
pwg,27271,jAni,vgl,arunDatI˚
pwg,27271,jAni,vgl,dvi˚
pwg,27271,jAni,vgl,Badra˚
pwg,27271,jAni,vgl,yuva˚
pwg,27271,jAni,vgl,vi˚
pwg,27271,jAni,vgl,vitta˚
pwg,27271,jAni,vgl,sapta˚
pwg,27271,jAni,vgl,sumajjA˚
pwg,27272,jAnu,vgl,jYa
pwg,27272,jAnu,vgl,jYu
pwg,27276,jAnuprahftika,vgl,jANGAprahftika
pwg,27283,jApa,vgl,karRajApa
pwg,27287,jApya,vgl,japya
pwg,27300,jAmAtar,vgl,yAmAtar
pwg,27303,jAmi,vgl,a˚
pwg,27303,jAmi,vgl,deva˚
pwg,27303,jAmi,vgl,vi˚
pwg,27311,jAmbavaka,vgl,jAmbava
pwg,27313,jAmbavant,vgl,jAmbuvant
pwg,27325,jAyaka,vgl,jApaka
pwg,27325,jAyaka,vgl,jAzaka
pwg,27334,jAyAnya,vgl,jAyenya
pwg,27339,jAra,vgl,aryajArA
pwg,27348,jAradgava,vgl,jaradgavavITi
pwg,27355,jArUTI,vgl,jarUTa
pwg,27356,jArUTya,vgl,jarUTa
pwg,27360,jAla,vgl,akzu
pwg,27360,jAla,vgl,ayojAla
pwg,27360,jAla,vgl,indra˚
pwg,27360,jAla,vgl,giri˚
pwg,27360,jAla,vgl,bfhajjAla
pwg,27360,jAla,vgl,mahAjAlI
pwg,27369,jAlagardaBa,vgl,gardaBagada
pwg,27369,jAlagardaBa,vgl,jvalArAsaBakAmaya
pwg,27369,jAlagardaBa,vgl,jvAlAKaragada
pwg,27369,jAlagardaBa,vgl,jvAlAgardaBaka
pwg,27372,jAlaMDara,vgl,jAlaMDari
pwg,27389,jAlika,vgl,EndrajAlika
pwg,27396,jAvaqa,vgl,BAvaqa
pwg,27412,ji,vgl,anapajayyam
pwg,27412,ji,vgl,aBijaya
pwg,27412,ji,vgl,aBijit
pwg,27412,ji,vgl,avajaya
pwg,27412,ji,vgl,ujjayana
pwg,27412,ji,vgl,nirjaya
pwg,27412,ji,vgl,nirjiti
pwg,27412,ji,vgl,vinirjaya
pwg,27412,ji,vgl,aparAjita
pwg,27412,ji,vgl,AtmaparAjita
pwg,27412,ji,vgl,parAjaya
pwg,27412,ji,vgl,parijayya
pwg,27412,ji,vgl,prajaya
pwg,27412,ji,vgl,saMjaya
pwg,27419,jigarti,vgl,jIgarta
pwg,27446,jit,vgl,ananta˚
pwg,27446,jit,vgl,aBimAti˚
pwg,27446,jit,vgl,aSva˚
pwg,27446,jit,vgl,ugra˚
pwg,27446,jit,vgl,urvarA˚
pwg,27446,jit,vgl,fta˚
pwg,27446,jit,vgl,kAsa˚
pwg,27446,jit,vgl,go˚
pwg,27466,jitvan,vgl,sajitvan
pwg,27487,jim,vgl,Cam
pwg,27487,jim,vgl,jam
pwg,27487,jim,vgl,Jam
pwg,27487,jim,vgl,jemana
pwg,27490,jiri,vgl,ciri
pwg,27494,jiz,vgl,viz
pwg,27494,jiz,vgl,miz
pwg,27495,jizRu,vgl,parAjizRu
pwg,27496,jihAnaka,vgl,jahAnaka
pwg,27503,jihmaga,vgl,ajihmaga
pwg,27508,jihmaSalya,vgl,jihvASalya
pwg,27508,jihmaSalya,vgl,vakrakaRwaka
pwg,27508,jihmaSalya,vgl,suSalya
pwg,27520,jihvAnirleKana,vgl,jihvolleKana
pwg,27529,jihvASalya,vgl,dantaDAvana
pwg,27533,jihvolleKana,vgl,jihvAnirleKana
pwg,27551,jIraRa,vgl,jIra
pwg,27552,jIradAnu,vgl,jIvadAnu
pwg,27556,jIrRa,vgl,ajIrRa
pwg,27565,jIrRabuDna,vgl,SIrRapattra
pwg,27567,jIrRavajra,vgl,kuvajraka
pwg,27567,jIrRavajra,vgl,kzudrakuliSa
pwg,27572,jIv,vgl,anujIvin
pwg,27572,jIv,vgl,anujIvya
pwg,27572,jIv,vgl,AjIva
pwg,27572,jIv,vgl,ujjIvin
pwg,27572,jIv,vgl,pratyujjIvana
pwg,27572,jIv,vgl,upajIvaka
pwg,27572,jIv,vgl,saMjIvana
pwg,27572,jIv,vgl,saMjijIvayizu
pwg,27573,jIva,vgl,a˚
pwg,27573,jIva,vgl,ati˚
pwg,27573,jIva,vgl,kumAra˚
pwg,27573,jIva,vgl,kzudrajIvA
pwg,27573,jIva,vgl,ciraMjIva
pwg,27573,jIva,vgl,jagajjIva
pwg,27573,jIva,vgl,pApa˚
pwg,27573,jIva,vgl,putra˚
pwg,27573,jIva,vgl,banDu˚
pwg,27573,jIva,vgl,yAvajjIvam
pwg,27573,jIva,vgl,rUpajIva
pwg,27573,jIva,vgl,sa˚
pwg,27574,jIvaka,vgl,ajajIvika
pwg,27576,jIvagraha,vgl,adABya
pwg,27584,jIvatpitar,vgl,jIvapitar
pwg,27597,jIvana,vgl,ajIvana
pwg,27618,jIvapatnI,vgl,jIvapati
pwg,27633,jIvarakta,vgl,jIvaSoRita
pwg,27656,jIvAdAna,vgl,jIvaSoRita
pwg,27661,jIvita,vgl,ajIvita
pwg,27664,jIvitanATa,vgl,jIviteSa
pwg,27676,jukuwa,vgl,jakuwa
pwg,27682,juNg,vgl,yuNg
pwg,27682,juNg,vgl,vuNg
pwg,27687,juwaka,vgl,jUwa
pwg,27689,jut,vgl,jyut
pwg,27689,jut,vgl,dyut
pwg,27689,jut,vgl,yut
pwg,27692,jumara,vgl,jOmara
pwg,27694,jur,vgl,jurya
pwg,27694,jur,vgl,jUrya
pwg,27701,juz,vgl,Baj
pwg,27702,juz,vgl,sajuz
pwg,27709,juzwi,vgl,a˚
pwg,27709,juzwi,vgl,havya˚
pwg,27710,juzya,vgl,jozya
pwg,27713,juhurARa,vgl,hvar
pwg,27715,juhuvAna,vgl,juhuvARa
pwg,27715,juhuvAna,vgl,juhUrARa
pwg,27715,juhuvAna,vgl,juhUvant
pwg,27718,juhUrARa,vgl,juhuvARa
pwg,27718,juhUrARa,vgl,juhuvAna
pwg,27722,jU,vgl,java
pwg,27722,jU,vgl,prajava
pwg,27722,jU,vgl,prajavin
pwg,27723,jU,vgl,kaSojU
pwg,27723,jU,vgl,mano˚
pwg,27723,jU,vgl,yAtu˚
pwg,27723,jU,vgl,vasu˚
pwg,27723,jU,vgl,viSva˚
pwg,27723,jU,vgl,sanA˚
pwg,27723,jU,vgl,senA˚
pwg,27743,jUrya,vgl,jurya
pwg,27744,jUrv,vgl,jvar
pwg,27744,jUrv,vgl,jval
pwg,27744,jUrv,vgl,nijur
pwg,27767,jemana,vgl,jim
pwg,27771,jeza,vgl,kzetra˚
pwg,27771,jeza,vgl,svarjeza
pwg,27783,jEnendra,vgl,jInendra
pwg,27786,jEmanta,vgl,jEvantAyana
pwg,27792,jEvantAyana,vgl,jEmanta
pwg,27796,jEvAtfka,vgl,jIvAtu
pwg,27810,joqa,vgl,jahijoqa
pwg,27814,joza,vgl,ajoza
pwg,27814,joza,vgl,yaTAjozam
pwg,27825,jozya,vgl,ajozya
pwg,27825,jozya,vgl,juzya
pwg,27838,jYA,vgl,jijYApayizu
pwg,27838,jYA,vgl,anujYA
pwg,27838,jYA,vgl,aByanujYA
pwg,27838,jYA,vgl,aBijYa
pwg,27838,jYA,vgl,pratyaBijYAna
pwg,27838,jYA,vgl,avajYA
pwg,27838,jYA,vgl,AjYA
pwg,27838,jYA,vgl,AjYAta
pwg,27838,jYA,vgl,AjYAna
pwg,27838,jYA,vgl,AjYapti
pwg,27838,jYA,vgl,AjYApya
pwg,27838,jYA,vgl,samAjYA
pwg,27838,jYA,vgl,upajYA
pwg,27838,jYA,vgl,upajijYAsya
pwg,27838,jYA,vgl,kuparijYAta
pwg,27838,jYA,vgl,parijYAtar
pwg,27838,jYA,vgl,prajYa
pwg,27838,jYA,vgl,prajYA
pwg,27838,jYA,vgl,prajYAna
pwg,27838,jYA,vgl,anuprajYAna
pwg,27838,jYA,vgl,pratijYA
pwg,27838,jYA,vgl,pratijYAna
pwg,27838,jYA,vgl,vijYa
pwg,27838,jYA,vgl,vijYAna
pwg,27838,jYA,vgl,vijYeya
pwg,27838,jYA,vgl,avijAnant
pwg,27838,jYA,vgl,avijYAta
pwg,27838,jYA,vgl,vijYapti
pwg,27838,jYA,vgl,vijYApaka
pwg,27838,jYA,vgl,vijYApana
pwg,27838,jYA,vgl,vijYApanIya
pwg,27838,jYA,vgl,vijYijYAsA
pwg,27838,jYA,vgl,vijijYAsitavya
pwg,27838,jYA,vgl,vijijYAsya
pwg,27838,jYA,vgl,saMjYA
pwg,27844,jYAtavya,vgl,jYeya
pwg,27899,jYAnendriya,vgl,karmendriya
pwg,27906,jYAs,vgl,ajYAs
pwg,27913,jman,vgl,upa˚
pwg,27917,jyakA,vgl,jyAkA
pwg,27918,jyA,vgl,ajIta
pwg,27918,jyA,vgl,jIti
pwg,27918,jyA,vgl,jya
pwg,27918,jyA,vgl,jyAni
pwg,27918,jyA,vgl,jyAyaMs
pwg,27918,jyA,vgl,jyeya
pwg,27918,jyA,vgl,jyezWa
pwg,27918,jyA,vgl,aparijyAni
pwg,27920,jyA,vgl,aDijya
pwg,27920,jyA,vgl,ujjya
pwg,27920,jyA,vgl,uttarajyA
pwg,27920,jyA,vgl,eka˚
pwg,27920,jyA,vgl,krama˚
pwg,27920,jyA,vgl,krAnti˚
pwg,27920,jyA,vgl,paramajya
pwg,27920,jyA,vgl,vi˚
pwg,27920,jyA,vgl,sa˚
pwg,27929,jyApiRqa,vgl,jyArDapiRqa
pwg,27932,jyAyaMs,vgl,jyezWa
pwg,27944,jyeya,vgl,brahmajyeya
pwg,27977,jyEzWya,vgl,su˚
pwg,27984,jyotika,vgl,mEtrajyotika
pwg,28023,jyotis,vgl,citra˚
pwg,28023,jyotis,vgl,dakziRA˚
pwg,28023,jyotis,vgl,Sukra˚
pwg,28023,jyotis,vgl,sa˚
pwg,28023,jyotis,vgl,hiraRya˚
pwg,28038,jyotsnikA,vgl,jyOtsnikA
pwg,28038,jyotsnikA,vgl,jyotsnA
pwg,28044,jyOtsna,vgl,jyotsnI
pwg,28046,jramB,vgl,jaB
pwg,28046,jramB,vgl,jamB
pwg,28046,jramB,vgl,jeh; jfmBita
pwg,28046,jramB,vgl,ujjfmBa
pwg,28048,jrayas,vgl,uru˚
pwg,28048,jrayas,vgl,pfTu˚
pwg,28053,jvar,vgl,saMjvara
pwg,28054,jvara,vgl,aNga˚
pwg,28054,jvara,vgl,vi˚
pwg,28063,jval,vgl,ujjvala
pwg,28064,jvala,vgl,jvAla
pwg,28068,jvalamuKI,vgl,jvAlAmuKI
pwg,28069,jvalArAsaBakAmaya,vgl,jvAlAKaragada
pwg,28069,jvalArAsaBakAmaya,vgl,jvAlAgardaBaka
pwg,28076,jvAlAmuKa,vgl,jvalamuKI
pwg,28081,Ja,vgl,JaYJA
pwg,28088,JawA,vgl,ajJawA
pwg,28088,JawA,vgl,JAwA
pwg,28091,JaRaJaRA,vgl,CanacCan
pwg,28091,JaRaJaRA,vgl,JalajJalA
pwg,28102,Jara,vgl,nirJara
pwg,28110,JalarI,vgl,JallarI
pwg,28117,JallarI,vgl,JalarI
pwg,28118,JallikA,vgl,JillikA
pwg,28143,JijjI,vgl,JiYJI
pwg,28148,JirikA,vgl,JillI
pwg,28151,Jilli,vgl,JillI
pwg,28152,JillikA,vgl,JallikA
pwg,28152,JillikA,vgl,JillI
pwg,28171,wakva,vgl,wakkadeSa
pwg,28175,waNka,vgl,waNga
pwg,28175,waNka,vgl,jawAwaNka
pwg,28177,waNkakapati,vgl,waNkapati
pwg,28179,waNkawIka,vgl,kawaNkawa
pwg,28179,waNkawIka,vgl,jawAwaNka
pwg,28181,waNkapati,vgl,waNkakapati
pwg,28187,waNga,vgl,waNka
pwg,28188,waNgaRa,vgl,waNkaRa
pwg,28194,wal,vgl,wval
pwg,28198,wAMkara,vgl,wAra
pwg,28200,wAMkfta,vgl,waMkAra
pwg,28200,wAMkfta,vgl,qAMkfti
pwg,28203,wik,vgl,wIk
pwg,28203,wik,vgl,tik
pwg,28203,wik,vgl,tIk
pwg,28217,wIkA,vgl,waNkawIka
pwg,28224,weraka,vgl,wagara
pwg,28224,weraka,vgl,kekara
pwg,28230,wOk,vgl,QOk
pwg,28232,wval,vgl,wal
pwg,28232,wval,vgl,qval
pwg,28248,qamara,vgl,qAmara
pwg,28253,qamb,vgl,viqambana
pwg,28254,qambara,vgl,Aqambara
pwg,28264,qAMkfti,vgl,wAMkAra
pwg,28266,qAmara,vgl,uqqAmara
pwg,28277,qiRqira,vgl,hiRqira
pwg,28277,qiRqira,vgl,qiRqIra
pwg,28280,qiRqIra,vgl,qiRqira
pwg,28286,qimba,vgl,jalaqimba
pwg,28289,qimBa,vgl,toyaqimBa
pwg,28292,qI,vgl,qIna
pwg,28292,qI,vgl,uqqayana
pwg,28292,qI,vgl,uqqIyana
pwg,28292,qI,vgl,aviqIna
pwg,28326,QOk,vgl,upaQOkana
pwg,28327,QOkana,vgl,upaQOkana
pwg,28332,taMs,vgl,tantasy
pwg,28349,takrAwa,vgl,daDicAra
pwg,28354,takz,vgl,tvakz
pwg,28372,taNka,vgl,AtaNka
pwg,28372,taNka,vgl,tapastaNka
pwg,28376,tacCIla,vgl,tAcCIlika
pwg,28376,tacCIla,vgl,tAcCIlya
pwg,28380,taYc,vgl,takra
pwg,28380,taYc,vgl,AtaNka
pwg,28380,taYc,vgl,AtaYcana
pwg,28381,taYc,vgl,tvaYc
pwg,28384,tawa,vgl,atawa
pwg,28384,tawa,vgl,uttawa
pwg,28384,tawa,vgl,puratawI
pwg,28388,tawasTa,vgl,kUwasTa
pwg,28390,tawinI,vgl,amara˚
pwg,28392,taq,vgl,tAqa
pwg,28392,taq,vgl,saMtAqya
pwg,28408,taRqa,vgl,tARqa
pwg,28408,taRqa,vgl,vitaRqa
pwg,28409,taRqaka,vgl,tARqaka
pwg,28410,taRqi,vgl,sudivAtaRqi
pwg,28410,taRqi,vgl,tARqi
pwg,28410,taRqi,vgl,tARqin
pwg,28410,taRqi,vgl,tARqya
pwg,28410,taRqi,vgl,taRqu
pwg,28411,taRqu,vgl,tARqava
pwg,28413,taRqula,vgl,kfzRataRqulA
pwg,28413,taRqula,vgl,gorakza˚
pwg,28413,taRqula,vgl,citra˚
pwg,28413,taRqula,vgl,tiktataRqulA
pwg,28427,tata,vgl,tatAmaha
pwg,28427,tata,vgl,tAta
pwg,28436,tatAmaha,vgl,pratatAmaha
pwg,28438,tati,vgl,tanti
pwg,28443,tatoBavant,vgl,tatraBavant
pwg,28444,tatkara,vgl,tatkriya
pwg,28445,tatkartavya,vgl,itikartavya
pwg,28446,tatkAla,vgl,tAtkAlika
pwg,28472,tatpara,vgl,tajjYa
pwg,28472,tatpara,vgl,tadgata
pwg,28472,tatpara,vgl,tadBAva
pwg,28472,tatpara,vgl,tAtparya
pwg,28479,tatraBavant,vgl,atraBavant
pwg,28481,tatsamanantaram,vgl,tadanantaram
pwg,28485,taTA,vgl,ataTa
pwg,28485,taTA,vgl,yaTAtaTam
pwg,28485,taTA,vgl,vitaTa
pwg,28488,taTAgata,vgl,durgata
pwg,28488,taTAgata,vgl,sugata
pwg,28515,tadanantara,vgl,tatsamanantaram
pwg,28519,tadarTa,vgl,tAdarTya
pwg,28525,tadAnIm,vgl,idAnIm
pwg,28533,tadgata,vgl,tajjYa
pwg,28533,tadgata,vgl,tatpara
pwg,28533,tadgata,vgl,tadBAva
pwg,28537,tadDarman,vgl,tAdDarmya
pwg,28544,tadryaYc,vgl,devadryaYc
pwg,28544,tadryaYc,vgl,viSvadryaYc
pwg,28544,tadryaYc,vgl,yadryaYc
pwg,28545,tadvat,vgl,taTA
pwg,28552,tan,vgl,fzItata
pwg,28552,tan,vgl,tati
pwg,28552,tan,vgl,avatataDanvan
pwg,28552,tan,vgl,avataMsa
pwg,28552,tan,vgl,avataMsaka
pwg,28552,tan,vgl,avatAna
pwg,28552,tan,vgl,anAtata
pwg,28552,tan,vgl,Atani
pwg,28552,tan,vgl,AtAna
pwg,28552,tan,vgl,uttaMsa
pwg,28552,tan,vgl,uttAna
pwg,28552,tan,vgl,nitatni
pwg,28552,tan,vgl,nitAna
pwg,28552,tan,vgl,paritatnu
pwg,28552,tan,vgl,pratAna
pwg,28552,tan,vgl,vitati
pwg,28552,tan,vgl,vitAna
pwg,28552,tan,vgl,saMtati
pwg,28552,tan,vgl,saMtani
pwg,28552,tan,vgl,saMtAna
pwg,28552,tan,vgl,upasaMtAna
pwg,28554,tan,vgl,tanayitnu
pwg,28554,tan,vgl,tanyatu
pwg,28554,tan,vgl,tanyu
pwg,28555,tan,vgl,can
pwg,28555,tan,vgl,van
pwg,28558,tanabAla,vgl,tAlavana
pwg,28561,tanayitnu,vgl,stanayitnu
pwg,28574,tanuja,vgl,tanUja
pwg,28575,tanutA,vgl,tanutva
pwg,28576,tanutyaj,vgl,tanUtyaj
pwg,28582,tanutva,vgl,tanutA
pwg,28586,tanuBava,vgl,tanuja
pwg,28586,tanuBava,vgl,tanUdBava
pwg,28593,tanuruh,vgl,tanUruha
pwg,28599,tanuSiras,vgl,tanumaDyA
pwg,28607,tanUja,vgl,tanuja
pwg,28612,tanUtyaj,vgl,tanutyaj
pwg,28616,tanUdBava,vgl,tanuBava
pwg,28621,tanUnaptar,vgl,tAnUnaptra
pwg,28628,tanUruha,vgl,tanuruha
pwg,28628,tanUruha,vgl,tanuja
pwg,28628,tanUruha,vgl,tanujANga
pwg,28635,tantasy,vgl,taMs
pwg,28641,tantukAzWa,vgl,tantrakAzWa
pwg,28649,tantura,vgl,kalmAza˚
pwg,28653,tantuvAya,vgl,tantravAya
pwg,28672,tantray,vgl,tantrita
pwg,28674,tantravApa,vgl,tantuvAya
pwg,28675,tantravAya,vgl,tantuvAya
pwg,28702,tandrita,vgl,atandrita
pwg,28704,tandripAla,vgl,tantripAla
pwg,28713,tanva,vgl,tAnva
pwg,28717,tap,vgl,anutApa
pwg,28717,tap,vgl,anutApana
pwg,28717,tap,vgl,aBitApa
pwg,28717,tap,vgl,avataptenakulasTita
pwg,28717,tap,vgl,avatApin
pwg,28717,tap,vgl,Atap
pwg,28717,tap,vgl,uttapta
pwg,28717,tap,vgl,uttApa
pwg,28717,tap,vgl,upatapant
pwg,28717,tap,vgl,nizwaptar
pwg,28717,tap,vgl,paritApa
pwg,28717,tap,vgl,paScAttApa
pwg,28717,tap,vgl,pratApa
pwg,28717,tap,vgl,saMtApa
pwg,28720,tapa,vgl,atapa
pwg,28720,tapa,vgl,tApa
pwg,28722,tapatI,vgl,tApatya
pwg,28723,tapana,vgl,tApana
pwg,28733,tapaSa,vgl,tapasa
pwg,28736,tapaScit,vgl,tApaScita
pwg,28737,tapas,vgl,tApasa
pwg,28740,tapasomUrti,vgl,tapomUrti
pwg,28747,tapasvant,vgl,tapovant
pwg,28750,tapasvipattra,vgl,tapoDana
pwg,28754,tapizWa,vgl,tapIyaMs
pwg,28756,tapIyaMs,vgl,tapizWa
pwg,28757,tapu,vgl,tapus
pwg,28784,tapoloka,vgl,tapas
pwg,28787,tapovant,vgl,tapasvant
pwg,28808,tapyatu,vgl,tanyatu
pwg,28811,tam,vgl,pratamaka
pwg,28811,tam,vgl,pratAm
pwg,28811,tam,vgl,saMtamaka
pwg,28814,tamaka,vgl,pratamaka
pwg,28817,tamata,vgl,tam
pwg,28828,tamasvant,vgl,tamovant
pwg,28830,tamAla,vgl,KatamAla
pwg,28836,tami,vgl,tamA
pwg,28836,tami,vgl,tamas
pwg,28839,tamisra,vgl,su˚
pwg,28839,tamisra,vgl,tAmisra
pwg,28859,tamovant,vgl,tamasvant
pwg,28864,tampA,vgl,tambA
pwg,28870,taya,vgl,tAya
pwg,28871,tar,vgl,atitArin
pwg,28871,tar,vgl,anutara
pwg,28871,tar,vgl,avataraRa
pwg,28871,tar,vgl,Atara
pwg,28871,tar,vgl,AtAra
pwg,28871,tar,vgl,uttaraRa
pwg,28871,tar,vgl,uttAra
pwg,28871,tar,vgl,nistaraRa
pwg,28871,tar,vgl,nistAra
pwg,28871,tar,vgl,prataraRa
pwg,28871,tar,vgl,pratarItar
pwg,28871,tar,vgl,pratAra
pwg,28871,tar,vgl,vitaraRa
pwg,28871,tar,vgl,avitArin
pwg,28871,tar,vgl,saMtAra
pwg,28872,tar,vgl,tArA
pwg,28878,taraMgaka,vgl,nArI˚
pwg,28893,taraRqaka,vgl,tarantuka
pwg,28902,tarantuka,vgl,taraRqaka
pwg,28905,tarabAlikA,vgl,taravAri
pwg,28906,tarambuja,vgl,KarvUja
pwg,28910,taralay,vgl,taraMgita
pwg,28910,taralay,vgl,taralAy
pwg,28912,taralAy,vgl,taralay
pwg,28915,taravAri,vgl,tarabAlikA
pwg,28924,tarasmant,vgl,tarasvant
pwg,28932,taritar,vgl,tarItar
pwg,28932,taritar,vgl,tarutar tarUtar
pwg,28938,tarItar,vgl,taritar
pwg,28943,taru,vgl,tarus
pwg,28946,tarukza,vgl,tArukzAyaRi
pwg,28946,tarukza,vgl,tArukzya
pwg,28946,tarukza,vgl,talukza
pwg,28949,taruRa,vgl,taluna
pwg,28956,tarutar,vgl,taritar
pwg,28956,tarutar,vgl,tarItar
pwg,28956,tarutar,vgl,tarUtar
pwg,28958,tarutUlikA,vgl,vAtuli
pwg,28962,taruBuj,vgl,taruruhA
pwg,28962,taruBuj,vgl,tarurohiRI
pwg,28962,taruBuj,vgl,tarusTA
pwg,28965,tarurAja,vgl,tfRarAja
pwg,28981,tark,vgl,pratarka
pwg,28981,tark,vgl,pratarkya
pwg,28981,tark,vgl,vitarka
pwg,28982,tarka,vgl,atarka
pwg,28982,tarka,vgl,kutarka
pwg,28982,tarka,vgl,rUpatarka
pwg,29000,tarkuka,vgl,tarkaka
pwg,29001,tarkuwa,vgl,tarku
pwg,29007,tarkz,vgl,starkz
pwg,29018,tard,vgl,tud
pwg,29018,tard,vgl,tfdila
pwg,29018,tard,vgl,trada
pwg,29018,tard,vgl,Atarda
pwg,29018,tard,vgl,pratfd
pwg,29022,tarp,vgl,tfpti
pwg,29022,tarp,vgl,apatarpaRa
pwg,29022,tarp,vgl,AtarpaRa
pwg,29022,tarp,vgl,Atfpya
pwg,29029,tarP,vgl,turPari
pwg,29029,tarP,vgl,turParItu
pwg,29029,tarP,vgl,tfmPaRa
pwg,29032,tarman,vgl,sutarman
pwg,29034,tarz,vgl,tfz
pwg,29034,tarz,vgl,tfzA
pwg,29034,tarz,vgl,tfzu
pwg,29034,tarz,vgl,tfzRaj
pwg,29034,tarz,vgl,tfzRA
pwg,29035,tarza,vgl,taraRi
pwg,29039,tarzyAvant,vgl,tfzyAvant
pwg,29043,tarhaRa,vgl,dasyu˚
pwg,29044,tarhi,vgl,etarhi
pwg,29044,tarhi,vgl,karhi
pwg,29044,tarhi,vgl,yarhi
pwg,29047,talaka,vgl,talla
pwg,29049,talatAla,vgl,tAlaSabda
pwg,29050,talatra,vgl,tala
pwg,29056,talaloka,vgl,talAtala
pwg,29056,talaloka,vgl,rasAtala
pwg,29056,talaloka,vgl,atala
pwg,29059,talavAraRa,vgl,taravAri
pwg,29060,talasAraka,vgl,talikA
pwg,29063,talAtala,vgl,atala
pwg,29063,talAtala,vgl,mahA˚
pwg,29063,talAtala,vgl,rasA˚
pwg,29063,talAtala,vgl,vi˚
pwg,29063,talAtala,vgl,su˚
pwg,29065,talikA,vgl,talasAraka
pwg,29071,talukza,vgl,tarukza
pwg,29077,talka,vgl,tala
pwg,29087,talpya,vgl,tAlpa
pwg,29088,talla,vgl,tala
pwg,29092,tallikA,vgl,tAlI
pwg,29098,tavas,vgl,pra˚
pwg,29098,tavas,vgl,sva˚
pwg,29103,taviza,vgl,aniBfzwatavizi
pwg,29103,taviza,vgl,tAviza
pwg,29103,taviza,vgl,tavIza
pwg,29103,taviza,vgl,tarIza
pwg,29105,tavizIy,vgl,tavizy
pwg,29110,tavIyaMs,vgl,tavyaMs
pwg,29111,tavIza,vgl,taviza
pwg,29113,tavyaMs,vgl,atavyaMs
pwg,29115,tazwar,vgl,tvazwar
pwg,29116,tas,vgl,taMs
pwg,29147,tAqaNka,vgl,tAwaNka
pwg,29147,tAqaNka,vgl,tAqapattra
pwg,29158,tARqa,vgl,tARqin
pwg,29158,tARqa,vgl,tARqya
pwg,29169,tAta,vgl,tata
pwg,29169,tAta,vgl,jyezWatAta
pwg,29203,tAnUra,vgl,tAlUra
pwg,29215,tApa,vgl,paScAttApa
pwg,29219,tApana,vgl,tapana
pwg,29259,tAmisra,vgl,anDatAmisra
pwg,29305,tAmrapawwa,vgl,tAmraSAsana
pwg,29312,tAmrapAtra,vgl,tAmrI
pwg,29329,tAmraSAsana,vgl,tAmrapawwa
pwg,29330,tAmraSiKin,vgl,tAmracUqa
pwg,29354,tAyu,vgl,stAyu
pwg,29377,tAratAra,vgl,tAra
pwg,29377,tAratAra,vgl,sutAra
pwg,29402,tArABra,vgl,tAra
pwg,29412,tArin,vgl,tArA
pwg,29426,tArkzyaja,vgl,tArkzaja
pwg,29430,tArkzyaprasava,vgl,aSvakarRa
pwg,29440,tArtIyaka,vgl,tArtIyIka
pwg,29448,tAla,vgl,ucca˚
pwg,29448,tAla,vgl,uttAla
pwg,29448,tAla,vgl,eka˚
pwg,29448,tAla,vgl,kara˚
pwg,29448,tAla,vgl,kAMsya˚
pwg,29448,tAla,vgl,kAma˚
pwg,29448,tAla,vgl,kroSa˚
pwg,29448,tAla,vgl,manastAla
pwg,29450,tAlakawa,vgl,tAlAkawa
pwg,29466,tAlaBft,vgl,tAlaDvaja
pwg,29470,tAlarecanaka,vgl,tAlAvacara
pwg,29471,tAlalakzman,vgl,tAlaDvaja
pwg,29478,tAlAkawa,vgl,tAlakawa
pwg,29478,tAlAkawa,vgl,tAlikawa
pwg,29483,tAli,vgl,tAqi
pwg,29509,tAlUra,vgl,tAnUra
pwg,29516,tAvatika,vgl,tAvatka
pwg,29527,tAvIza,vgl,tavIza
pwg,29534,tika,vgl,tEkAyana
pwg,29536,tikta,vgl,anAryatikta
pwg,29536,tikta,vgl,kirAtatikta
pwg,29536,tikta,vgl,cira˚
pwg,29567,tigma,vgl,tIkzRa
pwg,29568,tigmakara,vgl,tigmadIDiti
pwg,29568,tigmakara,vgl,˚raSmi
pwg,29568,tigmakara,vgl,tigmAMSu
pwg,29574,tigmadIDiti,vgl,tigmakara
pwg,29576,tigmaraSmi,vgl,tigmakara
pwg,29589,tij,vgl,uttejana
pwg,29589,tij,vgl,nitikti
pwg,29596,titikza,vgl,kzamA
pwg,29610,tiTi,vgl,janmatiTi
pwg,29613,tiTipati,vgl,tiTISa
pwg,29615,tiTipraRI,vgl,dinapraRI
pwg,29620,tiniSa,vgl,tiRisa
pwg,29620,tiniSa,vgl,timiSa
pwg,29635,tim,vgl,tIm
pwg,29635,tim,vgl,stim
pwg,29642,timitimiMgila,vgl,timiMgilagila
pwg,29656,timIra,vgl,timira
pwg,29666,tiraScInaniDana,vgl,tiraScIniDana
pwg,29675,tiraskuqya,vgl,tirasprAkAra
pwg,29677,tirasprAkAra,vgl,tiraskuqya
pwg,29685,tiriya,vgl,tirya
pwg,29701,tirpirika,vgl,tarpili
pwg,29701,tirpirika,vgl,tarpilikA
pwg,29709,tiryakprekzaRa,vgl,tiryagIkza
pwg,29711,tiryaksrotas,vgl,arvAksrotas
pwg,29716,tiryagIkza,vgl,tiryakprekzaRa
pwg,29716,tiryagIkza,vgl,tiryakprekzin
pwg,29731,tiryagyona,vgl,tEryagyona
pwg,29738,til,vgl,till
pwg,29740,tilaka,vgl,UrDvatilakin
pwg,29740,tilaka,vgl,eRatilaka
pwg,29740,tilaka,vgl,Ka˚
pwg,29740,tilaka,vgl,vasanta˚
pwg,29746,tilakalkaja,vgl,tElakalkaja
pwg,29751,tilakiwwa,vgl,tElakiwwa
pwg,29753,tilakin,vgl,UrDva˚
pwg,29754,tilakeSvaratIrTa,vgl,tiladeSvaratIrTa
pwg,29763,tiladeSvaratIrTa,vgl,tilakeSvaratIrTa
pwg,29765,tilaMtuda,vgl,tilapIqa
pwg,29766,tilaparRa,vgl,tElaparRI
pwg,29766,tilaparRa,vgl,tElaparRaka
pwg,29767,tilaparRikA,vgl,tElaparRika
pwg,29769,tilapiYja,vgl,tilapeja
pwg,29769,tilapiYja,vgl,tilpiYja
pwg,29769,tilapiYja,vgl,tElapiYja
pwg,29770,tilapIqa,vgl,tElapIqa
pwg,29770,tilapIqa,vgl,tilaMtuda
pwg,29774,tilaBAvinI,vgl,tElaBAvinI
pwg,29798,tilya,vgl,tirya
pwg,29819,tIk,vgl,tik
pwg,29820,tIkzRa,vgl,atIkzRa
pwg,29820,tIkzRa,vgl,sutIkzRa
pwg,29838,tIkzRapriya,vgl,turagapriya
pwg,29842,tIkzRaraSmi,vgl,tIkzRAMSu
pwg,29858,tIraja,vgl,tIraruha
pwg,29860,tIraBukti,vgl,triBukti
pwg,29861,tIray,vgl,tiryakkar
pwg,29862,tIraruha,vgl,tIraja
pwg,29867,tIrTa,vgl,mfga˚
pwg,29867,tIrTa,vgl,su˚
pwg,29869,tIrTakara,vgl,tIrTaMkara
pwg,29870,tIrTakAka,vgl,tIrTaDvANkza
pwg,29870,tIrTakAka,vgl,˚vAyasa
pwg,29889,tIrTika,vgl,tIrTaka
pwg,29889,tIrTika,vgl,tIrTakara
pwg,29889,tIrTika,vgl,tIrTya
pwg,29889,tIrTika,vgl,tErTika
pwg,29893,tIrTya,vgl,tErTya
pwg,29894,tIv,vgl,nIv
pwg,29899,tIvrajvAlA,vgl,agnijvAlA
pwg,29899,tIvrajvAlA,vgl,vahniSiKA
pwg,29916,tuKAra,vgl,tuHKAra
pwg,29918,tugAkzIrI,vgl,tukAkzIrI
pwg,29922,tugrya,vgl,tOgrya
pwg,29943,tuNgeSvara,vgl,giriSa
pwg,29943,tuNgeSvara,vgl,girISa
pwg,29953,tuj,vgl,tUtuji
pwg,29953,tuj,vgl,Atuji
pwg,29966,tuq,vgl,tud
pwg,29966,tuq,vgl,tUq
pwg,29968,tuqq,vgl,tUq
pwg,29968,tuqq,vgl,toq
pwg,29973,tuRqa,vgl,tuRqi
pwg,29973,tuRqa,vgl,asTi˚
pwg,29973,tuRqa,vgl,kaNka˚
pwg,29973,tuRqa,vgl,kAka˚
pwg,29973,tuRqa,vgl,kfzRa˚
pwg,29973,tuRqa,vgl,vAyasa˚
pwg,29973,tuRqa,vgl,sUkzma˚
pwg,29978,tuRqika,vgl,kawutuRqikA
pwg,29978,tuRqika,vgl,kAkatuRqikA
pwg,29985,tuRqila,vgl,tundila
pwg,29987,tutAta,vgl,tOtAtika
pwg,29994,tud,vgl,tard
pwg,29994,tud,vgl,tottra
pwg,29994,tud,vgl,toda
pwg,29994,tud,vgl,todana
pwg,29994,tud,vgl,todya
pwg,29994,tud,vgl,Atodin
pwg,29994,tud,vgl,nitodin
pwg,29994,tud,vgl,pratoda
pwg,29994,tud,vgl,pratodin
pwg,29994,tud,vgl,vitunna
pwg,29999,tunda,vgl,ajastunda
pwg,30006,tundikara,vgl,tunda
pwg,30006,tundikara,vgl,tundi
pwg,30006,tundikara,vgl,tundakUpikA
pwg,30015,tup,vgl,trup
pwg,30018,tuB,vgl,stuB
pwg,30036,tumbuma,vgl,tumbura
pwg,30037,tumbura,vgl,tubarI
pwg,30039,tumra,vgl,tUtuma
pwg,30043,tura,vgl,raDratu/ra
pwg,30046,tura,vgl,Atura
pwg,30047,turakin,vgl,turuzka
pwg,30048,turaga,vgl,turaMga
pwg,30048,turaga,vgl,turaMgama
pwg,30049,turagaganDA,vgl,turaMgaganDA
pwg,30051,turagapriya,vgl,turaMgapriya
pwg,30062,turaMga,vgl,turaga
pwg,30062,turaMga,vgl,turaMgama
pwg,30067,turaMgama,vgl,turaga
pwg,30067,turaMgama,vgl,turaMga
pwg,30075,turaMgin,vgl,turagin
pwg,30080,turam,vgl,turaMga
pwg,30080,turam,vgl,turaMgama
pwg,30083,turAyaRa,vgl,tOra
pwg,30089,turIya,vgl,turya
pwg,30089,turIya,vgl,caturTa/
pwg,30090,turIya,vgl,turya
pwg,30090,turIya,vgl,ca/turTa
pwg,30103,turvaSa,vgl,turvasu
pwg,30103,turvaSa,vgl,tOrvaSa
pwg,30106,tul,vgl,tolana
pwg,30106,tul,vgl,tolya
pwg,30106,tul,vgl,tUl
pwg,30106,tul,vgl,dul
pwg,30106,tul,vgl,andolay
pwg,30106,tul,vgl,Andolay
pwg,30106,tul,vgl,hindolay
pwg,30106,tul,vgl,hillolay
pwg,30106,tul,vgl,uttolana
pwg,30112,tulasI,vgl,kzudra˚
pwg,30145,tuvara,vgl,tUvara
pwg,30155,tuvigra,vgl,tuvigri
pwg,30185,tuS,vgl,toSa
pwg,30185,tuS,vgl,toSas
pwg,30185,tuS,vgl,nitoSana
pwg,30186,tuS,vgl,toSa
pwg,30187,tuz,vgl,juz
pwg,30187,tuz,vgl,jozam
pwg,30187,tuz,vgl,paritoza
pwg,30187,tuz,vgl,saMtoza
pwg,30196,tuzAmbu,vgl,tuzodaka
pwg,30197,tuzAra,vgl,tuhina
pwg,30199,tuzArakiraRa,vgl,tuzAraraSmi
pwg,30200,tuzAragiri,vgl,tuzArAdri
pwg,30202,tuzAraraSmi,vgl,tuzArakiraRa
pwg,30203,tuzArAdri,vgl,tuzAragiri
pwg,30206,tuzodaka,vgl,tuzAmbu
pwg,30213,tusta,vgl,tUsta
pwg,30216,tuhina,vgl,tuzAra
pwg,30239,tURika,vgl,tuRika
pwg,30239,tURika,vgl,tURIka
pwg,30245,tUtuji,vgl,a˚
pwg,30247,tUtuma,vgl,tumra
pwg,30249,tUpara,vgl,tUvara
pwg,30266,tUrya,vgl,maNgala˚
pwg,30266,tUrya,vgl,mftyu˚
pwg,30266,tUrya,vgl,yAma˚
pwg,30266,tUrya,vgl,tOrya
pwg,30273,tUla,vgl,indratUla
pwg,30273,tUla,vgl,SaRa˚
pwg,30273,tUla,vgl,haMsa˚
pwg,30284,tUli,vgl,tUlI
pwg,30285,tUlikA,vgl,kala˚
pwg,30285,tUlikA,vgl,taru˚
pwg,30294,tUzRIMSIla,vgl,tUzRISIla
pwg,30307,tfca,vgl,tryfca
pwg,30320,tfRaketu,vgl,tfRaDvaja
pwg,30322,tfRaganDA,vgl,ikzuganDA
pwg,30335,tfRadruma,vgl,tfRavfkza
pwg,30336,tfRaDAnya,vgl,tfRAnna
pwg,30337,tfRaDvaja,vgl,tfRaketu
pwg,30349,tfRamaRi,vgl,tfRagrAhin
pwg,30356,tfRavindu,vgl,tArRavindavIya
pwg,30358,tfRavfkza,vgl,tfRadruma
pwg,30362,tfRaSoRita,vgl,tfRAsfj
pwg,30378,tfRAQya,vgl,pattrAQya
pwg,30379,tfRAnna,vgl,tfRaDAnya
pwg,30388,tfRendra,vgl,tfRarAja
pwg,30396,tfRyA,vgl,atfRyA
pwg,30398,tftIya,vgl,vitftIya
pwg,30412,tfdila,vgl,atfdila
pwg,30424,tfpti,vgl,atitfpti
pwg,30456,tfzRaj,vgl,atfzRaj
pwg,30457,tfzRA,vgl,atitfzRa
pwg,30457,tfzRA,vgl,atitfzRA
pwg,30465,tfzyA,vgl,tarzyAvant
pwg,30471,tejana,vgl,suganDitejana
pwg,30476,tejas,vgl,a˚
pwg,30476,tejas,vgl,agni˚
pwg,30476,tejas,vgl,ugra˚
pwg,30476,tejas,vgl,tigma˚
pwg,30476,tejas,vgl,nistejas
pwg,30476,tejas,vgl,nf˚
pwg,30476,tejas,vgl,BUri˚
pwg,30476,tejas,vgl,mahA˚
pwg,30476,tejas,vgl,mAMsa˚
pwg,30476,tejas,vgl,medastejas
pwg,30476,tejas,vgl,rakta˚
pwg,30476,tejas,vgl,rasa˚
pwg,30476,tejas,vgl,su˚
pwg,30476,tejas,vgl,sUrya˚
pwg,30476,tejas,vgl,tEjasa
pwg,30482,tejasvant,vgl,tejovant
pwg,30486,tejaHsaMBava,vgl,agnisaMBava
pwg,30495,tejomanTa,vgl,agnimanTa
pwg,30500,tejovant,vgl,tejasvant
pwg,30511,tema,vgl,tim
pwg,30512,temana,vgl,tim
pwg,30516,tev,vgl,div
pwg,30516,tev,vgl,dev
pwg,30562,tEla,vgl,tIkzRa˚
pwg,30565,tElakalkaja,vgl,tilakalkaja
pwg,30567,tElakiwwa,vgl,tilakiwwa
pwg,30571,tElacOrikA,vgl,tElapA
pwg,30574,tElapaka,vgl,tElapA
pwg,30576,tElaparRika,vgl,tilaparRikA
pwg,30577,tElaparRI,vgl,tilaparRa
pwg,30577,tElaparRI,vgl,tilaparRI
pwg,30587,tElaMpAtA,vgl,SyEnaMpAtA
pwg,30606,toka,vgl,ava˚
pwg,30606,toka,vgl,jIvattokA
pwg,30606,toka,vgl,sa˚
pwg,30611,toq,vgl,tuqq
pwg,30611,toq,vgl,tUq
pwg,30611,toq,vgl,rOq
pwg,30613,toqalatantra,vgl,trotala
pwg,30614,totala,vgl,toqalatantra
pwg,30614,totala,vgl,trotala
pwg,30626,tomarARa,vgl,toramARa
pwg,30633,toyakrIqA,vgl,jalakrIqA
pwg,30639,toyaDara,vgl,toyada
pwg,30639,toyaDara,vgl,toyaDAra
pwg,30655,toyayantra,vgl,jalayantra
pwg,30670,toyADivAsinI,vgl,ambuvAsinI
pwg,30670,toyADivAsinI,vgl,ambuvAsI
pwg,30678,toramARa,vgl,tomarARa
pwg,30679,toraSravas,vgl,tOraSravasa
pwg,30680,tola,vgl,tulA
pwg,30681,tolaka,vgl,tulA
pwg,30689,tozala,vgl,tosala
pwg,30692,tosala,vgl,tozala
pwg,30697,tORqikera,vgl,tuRqikera
pwg,30704,tOdiya,vgl,tOdeya
pwg,30708,tOra,vgl,turAyaRa
pwg,30715,tOlika,vgl,tOlikika
pwg,30717,tOlikika,vgl,tOlika
pwg,30733,tyaktavya,vgl,tyAjya
pwg,30737,tyaj,vgl,tanu˚
pwg,30737,tyaj,vgl,tanU˚
pwg,30737,tyaj,vgl,su˚
pwg,30744,tyAga,vgl,Atma˚
pwg,30750,tyAjya,vgl,tyaktavya
pwg,30751,tyAdfS,vgl,tAdfS
pwg,30759,traNga,vgl,draNka
pwg,30759,traNga,vgl,draNga
pwg,30759,traNga,vgl,udraNka
pwg,30759,traNga,vgl,udraNga
pwg,30762,trap,vgl,tfpala
pwg,30762,trap,vgl,tfpra
pwg,30762,trap,vgl,apatrapaRa
pwg,30762,trap,vgl,vyapatrapA
pwg,30767,trapu,vgl,trApuza
pwg,30773,trapus,vgl,trApuza
pwg,30778,trayaHpaYcASat,vgl,tripaYcASat
pwg,30781,trayaScatvAriMSat,vgl,tricatvAriMSat
pwg,30782,trayaHzazwi,vgl,trizazwi
pwg,30790,trayaHsaptati,vgl,trisaptati
pwg,30795,trayIvida,vgl,trEvida
pwg,30804,trayonavati,vgl,trinavati
pwg,30811,tras,vgl,uttrAsa
pwg,30811,tras,vgl,pratrAsa
pwg,30814,trasadasyu,vgl,trAsadasyava
pwg,30821,trA,vgl,paritrARa
pwg,30821,trA,vgl,paritrAtavya
pwg,30831,trAman,vgl,su˚
pwg,30834,trAyamARa,vgl,kftatrA
pwg,30847,triMSati,vgl,trayastriMSati
pwg,30847,triMSati,vgl,paYca˚
pwg,30847,triMSati,vgl,sapta˚
pwg,30855,trika,vgl,ekatrika
pwg,30855,trika,vgl,kawutrika
pwg,30856,trikakud,vgl,trEkakuda
pwg,30858,trikakuB,vgl,trEkakuBa
pwg,30859,trikawa,vgl,trikaRwa
pwg,30873,trikArzika,vgl,trikarza
pwg,30873,trikArzika,vgl,dantakarzaRa
pwg,30884,trikEka,vgl,ekatrika
pwg,30895,trigaNga,vgl,saptagaNga
pwg,30896,trigaRa,vgl,trivarga
pwg,30909,triNK,vgl,traK
pwg,30909,triNK,vgl,traNK
pwg,30916,tricatvAriMSat,vgl,trayaScatvAriMSat
pwg,30926,triRayana,vgl,trinayana
pwg,30928,triRavan,vgl,trisaptan
pwg,30935,tritaya,vgl,traya
pwg,30937,tritrikoRa,vgl,trikoRa
pwg,30937,tritrikoRa,vgl,trikoRaBavana
pwg,30941,tridaRqin,vgl,ekadaRqin
pwg,30974,triDanvan,vgl,trEDAtva
pwg,30984,trinayana,vgl,triRayana
pwg,30986,trinavati,vgl,trayonavati
pwg,30988,trinAka,vgl,triRAka
pwg,30999,tripaYcASat,vgl,trayaHpaYcASat
pwg,31024,tripizwapa,vgl,trivizwapa
pwg,31027,tripuwa,vgl,karAlatripuwA
pwg,31035,tripuramallikA,vgl,tripuwA
pwg,31040,tripuzA,vgl,tripuwA
pwg,31043,tripOruza,vgl,trEpuruza
pwg,31101,trirUpa,vgl,trErUpya
pwg,31107,triloka,vgl,trElokya
pwg,31124,trivartu,vgl,trivft
pwg,31125,trivartman,vgl,tripaTagA
pwg,31125,trivartman,vgl,˚gAminI
pwg,31125,trivartman,vgl,trimArgagA
pwg,31129,trivarzikA,vgl,trEvarzika
pwg,31129,trivarzikA,vgl,trEvArzika
pwg,31133,trivikrama,vgl,trEvikrama
pwg,31145,trivft,vgl,tryAvft
pwg,31146,trivftA,vgl,kfzRa˚
pwg,31154,triveRI,vgl,trEvaRa
pwg,31169,triSarkarA,vgl,trisitA
pwg,31172,triSAKa,vgl,triSiKa
pwg,31173,triSAKapattra,vgl,tripattra
pwg,31173,triSAKapattra,vgl,triSiKa
pwg,31175,triSAnu,vgl,trEsAnu
pwg,31197,triSoka,vgl,trESoka
pwg,31202,trizapta,vgl,trisaptan
pwg,31207,trizazwi,vgl,trayaHzazwi
pwg,31210,trizazwiSalAkApuruzacarita,vgl,SalAkApuruza
pwg,31227,trisaptati,vgl,trayaHsaptati
pwg,31241,trisuparRa,vgl,trisOparRa
pwg,31244,trisOparRa,vgl,trisuparRa
pwg,31260,trIzu,vgl,tisfDanvan
pwg,31263,truw,vgl,truq
pwg,31269,trup,vgl,tup
pwg,31270,tretA,vgl,kfta
pwg,31295,trEDAtva,vgl,triDanvan
pwg,31303,trEpuruza,vgl,tripOruza
pwg,31358,trotala,vgl,toqalatantra
pwg,31358,trotala,vgl,totalA
pwg,31360,trOk,vgl,QOk
pwg,31366,tryaNkawa,vgl,tryaNgawa
pwg,31384,tryaruRa,vgl,tryyAruRa
pwg,31387,tryavi,vgl,paYcAvi
pwg,31398,tryahEhika,vgl,tryEhika
pwg,31402,tryAruRi,vgl,tryyAruRa
pwg,31405,tryAvft,vgl,trivft
pwg,31416,tryEhika,vgl,tryahEhika
pwg,31420,tvakat,vgl,tvatka
pwg,31431,tvakz,vgl,pratvakzas
pwg,31432,tvakzas,vgl,BA˚
pwg,31434,tvaksAra,vgl,tvacisAra
pwg,31441,tvagganDa,vgl,tvaksuganDa
pwg,31455,tvac,vgl,sUrya˚
pwg,31457,tvaca,vgl,guqatvaca
pwg,31457,tvaca,vgl,tanutvacA
pwg,31463,tvacizWa,vgl,tvacIyaMs
pwg,31466,tvacIyaMs,vgl,tvacizWa
pwg,31470,tvatka,vgl,tvakat
pwg,31479,tvadrik,vgl,madrik
pwg,31479,tvadrik,vgl,madryadrik
pwg,31486,tvarA,vgl,satvara
pwg,31495,tvazwar,vgl,tvAzwra
pwg,31517,tviz,vgl,acala˚
pwg,31517,tviz,vgl,vAta˚
pwg,31535,tvEzIraTi,vgl,tvezaraTa
pwg,31536,tvota,vgl,yuzmota
pwg,31549,Tuq,vgl,sTuq
pwg,31550,TutkAra,vgl,TUtkAra
pwg,31553,Turv,vgl,turv
pwg,31564,daMS,vgl,AdaMSa
pwg,31564,daMS,vgl,upadaMSa
pwg,31564,daMS,vgl,saMdaMSa
pwg,31564,daMS,vgl,saMdazwatA
pwg,31566,daMSa,vgl,kzamAdaMSa
pwg,31566,daMSa,vgl,vfza˚
pwg,31567,daMSaka,vgl,vfzadaMSaka
pwg,31569,daMSanASinI,vgl,dardrunASinI
pwg,31573,daMSita,vgl,paridaMSita
pwg,31573,daMSita,vgl,saMdaMSita
pwg,31577,daMSman,vgl,tfzwa˚
pwg,31579,daMzwra,vgl,ayo˚
pwg,31579,daMzwra,vgl,azwa˚
pwg,31579,daMzwra,vgl,tIkzRa˚
pwg,31579,daMzwra,vgl,tIkzRadaMzwraka
pwg,31579,daMzwra,vgl,Sva˚
pwg,31590,daMsas,vgl,puru˚
pwg,31590,daMsas,vgl,su˚
pwg,31596,daMh,vgl,dah
pwg,31600,dakz,vgl,dakzAyya
pwg,31601,dakza,vgl,atUrtadakza
pwg,31601,dakza,vgl,dIna˚
pwg,31601,dakza,vgl,samAna˚
pwg,31601,dakza,vgl,su˚
pwg,31601,dakza,vgl,dAkzAyaRa
pwg,31601,dakza,vgl,dAkzi
pwg,31618,dakzi,vgl,dakzu
pwg,31636,dakziRasTa,vgl,savyezWa
pwg,31674,dakziRit,vgl,pra˚
pwg,31676,dakziRIya,vgl,a˚
pwg,31676,dakziRIya,vgl,dakziRya
pwg,31682,dakziRya,vgl,dAkziRya
pwg,31686,dagu,vgl,dAgavyAyani
pwg,31699,daGna,vgl,A˚
pwg,31699,daGna,vgl,upasTa˚
pwg,31702,daNG,vgl,daG
pwg,31703,dacCeda,vgl,dantacCada
pwg,31704,daRqa,vgl,ajadaRqI
pwg,31704,daRqa,vgl,carmadaRqa
pwg,31704,daRqa,vgl,jAla˚
pwg,31704,daRqa,vgl,tri˚
pwg,31704,daRqa,vgl,nOkA˚
pwg,31704,daRqa,vgl,brahma˚
pwg,31704,daRqa,vgl,mAna˚
pwg,31704,daRqa,vgl,vi˚
pwg,31724,daRqadevakula,vgl,daRqapASaka
pwg,31733,daRqanipAtana,vgl,daRqapAtana
pwg,31735,daRqanIya,vgl,daRqya
pwg,31742,daRqapAtana,vgl,daRqanipAtana
pwg,31780,daRqAjina,vgl,dARqAjinika
pwg,31784,daRqAnIka,vgl,daRqacakra
pwg,31786,daRqAmitrA,vgl,dattAmitra
pwg,31800,daRqya,vgl,a˚
pwg,31822,datra,vgl,adatrayA
pwg,31822,datra,vgl,godatra
pwg,31822,datra,vgl,puru˚
pwg,31822,datra,vgl,su˚
pwg,31824,datrima,vgl,kftrima
pwg,31840,dadruRa,vgl,dardruRa
pwg,31841,dadrurogin,vgl,dardrurogin
pwg,31844,daDa,vgl,ilAdaDa
pwg,31859,daDitTa,vgl,dADitTa
pwg,31877,daDizAyya,vgl,diDizAyya
pwg,31884,daDisy,vgl,daDIy
pwg,31884,daDisy,vgl,daDyasy
pwg,31895,daDyaYc,vgl,daDIca
pwg,31895,daDyaYc,vgl,daDIci
pwg,31895,daDyaYc,vgl,daDikrA
pwg,31897,daDyasy,vgl,daDisy
pwg,31897,daDyasy,vgl,daDIy
pwg,31906,danAyus,vgl,danu
pwg,31912,danuza,vgl,danu
pwg,31916,danta,vgl,iBadantA
pwg,31916,danta,vgl,kuqmaladanta
pwg,31916,danta,vgl,krUradantI
pwg,31916,danta,vgl,gajadanta
pwg,31916,danta,vgl,nAga˚
pwg,31920,dantakAzWa,vgl,dantaDAvana
pwg,31926,dantaGarza,vgl,dantasaMGarza
pwg,31926,dantaGarza,vgl,dantaharza
pwg,31945,dantaprakzAlana,vgl,dantakAzWa
pwg,31945,dantaprakzAlana,vgl,˚DAvana
pwg,31945,dantaprakzAlana,vgl,˚pavana
pwg,31979,dantasaMGarza,vgl,dantaGarza
pwg,31979,dantasaMGarza,vgl,dantaharza
pwg,31980,dantaharza,vgl,dantaGarza
pwg,31980,dantaharza,vgl,dantasaMGarza
pwg,31993,dantAvala,vgl,dantin
pwg,31994,danti,vgl,ekadanta
pwg,31995,dantikA,vgl,gucCa˚
pwg,32008,dantya,vgl,a˚
pwg,32012,danv,vgl,Danv
pwg,32016,daBa,vgl,damBa
pwg,32016,daBa,vgl,dUqBa
pwg,32017,daBIti,vgl,a˚
pwg,32021,dam,vgl,uddama
pwg,32031,damany,vgl,damAy
pwg,32044,damBaka,vgl,kAma˚
pwg,32063,dar,vgl,dara
pwg,32063,dar,vgl,darita
pwg,32063,dar,vgl,dal
pwg,32063,dar,vgl,avadaraRa
pwg,32063,dar,vgl,avadAraRa
pwg,32063,dar,vgl,Adardira
pwg,32063,dar,vgl,Aduri
pwg,32063,dar,vgl,paridara
pwg,32063,dar,vgl,pradara
pwg,32063,dar,vgl,avidriya
pwg,32063,dar,vgl,vidAra
pwg,32064,dar,vgl,Adara
pwg,32064,dar,vgl,AdaraRa
pwg,32072,darada,vgl,dArada
pwg,32077,darita,vgl,dara
pwg,32092,dardara,vgl,dardura
pwg,32094,dardarIka,vgl,dardara
pwg,32094,dardarIka,vgl,dardura
pwg,32094,dardarIka,vgl,darvarIka
pwg,32095,dardura,vgl,dardara
pwg,32095,dardura,vgl,dArdura
pwg,32095,dardura,vgl,dArduraka
pwg,32104,darp,vgl,adfpita
pwg,32104,darp,vgl,adfpta
pwg,32104,darp,vgl,adfpyant
pwg,32112,darpapattraka,vgl,darBapattra
pwg,32116,darB,vgl,saMdarBa
pwg,32119,darBakusuma,vgl,darBapuzpa
pwg,32120,darBawa,vgl,dArvawa
pwg,32122,darBapuzpa,vgl,darBakusuma
pwg,32135,darvawa,vgl,garvAwa
pwg,32135,darvawa,vgl,dArvawa
pwg,32137,darvarIka,vgl,dardarIka
pwg,32141,darvihoma,vgl,dArvIhOmika
pwg,32146,darS,vgl,adfzwa
pwg,32146,darS,vgl,dfzwArTa
pwg,32146,darS,vgl,AdarSa
pwg,32146,darS,vgl,Adfzwi
pwg,32146,darS,vgl,uddfzwa
pwg,32146,darS,vgl,upadfS
pwg,32146,darS,vgl,upadrazwar
pwg,32146,darS,vgl,nidarSana
pwg,32146,darS,vgl,pradarSaka
pwg,32146,darS,vgl,pradarSana
pwg,32146,darS,vgl,saMdarSa
pwg,32146,darS,vgl,saMdarSana
pwg,32146,darS,vgl,saMdfS
pwg,32146,darS,vgl,saMdfSya
pwg,32151,darSana,vgl,a˚
pwg,32151,darSana,vgl,tulya˚
pwg,32151,darSana,vgl,sama˚
pwg,32151,darSana,vgl,su˚
pwg,32152,darSanapaTa,vgl,a˚
pwg,32156,darSanIya,vgl,a˚
pwg,32163,darSin,vgl,ati˚
pwg,32163,darSin,vgl,anIci˚
pwg,32163,darSin,vgl,amoGa˚
pwg,32163,darSin,vgl,kzema˚
pwg,32163,darSin,vgl,trikAla˚
pwg,32163,darSin,vgl,dIrGa˚
pwg,32163,darSin,vgl,dvAra˚
pwg,32167,dal,vgl,uddAla
pwg,32167,dal,vgl,vidala
pwg,32168,dala,vgl,azwa˚
pwg,32171,dalaja,vgl,dAla
pwg,32188,dalAQya,vgl,dalAQaka
pwg,32191,dali,vgl,dalanI
pwg,32196,dalodBava,vgl,dAla
pwg,32198,dalBya,vgl,darBya
pwg,32199,dalmi,vgl,darma
pwg,32199,dalmi,vgl,darman
pwg,32199,dalmi,vgl,dAlmi
pwg,32202,dava,vgl,dAva
pwg,32207,davAgni,vgl,dAvAgni
pwg,32208,davAnala,vgl,dAvAnala
pwg,32223,daSagrAmika,vgl,dASagrAmika
pwg,32229,daSat,vgl,dASat
pwg,32229,daSat,vgl,paYcat
pwg,32230,daSataya,vgl,dASataya
pwg,32236,daSan,vgl,a˚
pwg,32238,daSanacCada,vgl,dacCada
pwg,32238,daSanacCada,vgl,dantacCada
pwg,32247,daSapa,vgl,daSagrAmapati
pwg,32271,daSamAna,vgl,daSamAlika
pwg,32274,daSamAlika,vgl,daSamAna
pwg,32275,daSamAsya,vgl,a˚
pwg,32279,daSamUla,vgl,dvipaYcamUla
pwg,32282,daSaraSmiSata,vgl,daSaSataraSmi
pwg,32304,daSaSataraSmi,vgl,daSaraSmiSata
pwg,32334,daSArRa,vgl,dASArRa
pwg,32338,daSArha,vgl,dASArha
pwg,32343,daSASvameDa,vgl,dASASvameDa
pwg,32345,daSAha,vgl,anirdaSAha
pwg,32348,daSIvidarBa,vgl,daDividarBa
pwg,32352,daSeraka,vgl,dASera
pwg,32352,daSeraka,vgl,dASeraka
pwg,32352,daSeraka,vgl,dAsera
pwg,32352,daSeraka,vgl,dAseraka
pwg,32355,daSoRi,vgl,daSadyu
pwg,32358,das,vgl,anupadasvant
pwg,32358,das,vgl,upadAsuka
pwg,32358,das,vgl,avidasya
pwg,32368,dasyu,vgl,trasadasyu
pwg,32377,dah,vgl,dagDa
pwg,32377,dah,vgl,diDakzA
pwg,32377,dah,vgl,diDakzu
pwg,32377,dah,vgl,avadAGa
pwg,32377,dah,vgl,avadAha
pwg,32377,dah,vgl,nidAGa
pwg,32377,dah,vgl,nirdahana
pwg,32377,dah,vgl,nirdAha
pwg,32377,dah,vgl,vinirdahana
pwg,32377,dah,vgl,paridahana
pwg,32377,dah,vgl,paridAhin
pwg,32392,dahara,vgl,daBra
pwg,32392,dahara,vgl,dahra
pwg,32394,daharapfzWa,vgl,mahApfzWa
pwg,32399,dA,vgl,anAnuda
pwg,32399,dA,vgl,anudeyI
pwg,32399,dA,vgl,Adadi
pwg,32399,dA,vgl,AdAtar
pwg,32399,dA,vgl,AdAtavya
pwg,32399,dA,vgl,apAdAna
pwg,32399,dA,vgl,aByAdAna
pwg,32399,dA,vgl,udAtta
pwg,32399,dA,vgl,upAdAna
pwg,32399,dA,vgl,upAdeya
pwg,32399,dA,vgl,pratyAdAna
pwg,32399,dA,vgl,aBivyAdAna
pwg,32399,dA,vgl,samAdAna
pwg,32399,dA,vgl,samAdeya
pwg,32399,dA,vgl,upadA
pwg,32399,dA,vgl,upadAna
pwg,32399,dA,vgl,parAdadi
pwg,32399,dA,vgl,parAdAna
pwg,32399,dA,vgl,prada
pwg,32399,dA,vgl,pradadi
pwg,32399,dA,vgl,pradAtar
pwg,32399,dA,vgl,pradAtavya
pwg,32399,dA,vgl,pradAna
pwg,32399,dA,vgl,pradAya
pwg,32399,dA,vgl,pradAyaka
pwg,32399,dA,vgl,pradeya
pwg,32399,dA,vgl,pradApayitar
pwg,32399,dA,vgl,anupradAna
pwg,32399,dA,vgl,upapradAna
pwg,32399,dA,vgl,pratipradAna
pwg,32401,dA,vgl,avatta
pwg,32401,dA,vgl,caturavatta
pwg,32401,dA,vgl,nirdAtar
pwg,32401,dA,vgl,saMdAna
pwg,32402,dA,vgl,saMdAna
pwg,32402,dA,vgl,asaMdita
pwg,32402,dA,vgl,asaMdina
pwg,32415,dAkzAyya,vgl,dakzAyya
pwg,32438,dAqaka,vgl,dAQA
pwg,32447,dAqI,vgl,doqI
pwg,32447,dAqI,vgl,dAli
pwg,32453,dARqapAtA,vgl,tElaMpAtA
pwg,32453,dARqapAtA,vgl,SyEnaMpAtA
pwg,32464,dAtar,vgl,a˚
pwg,32469,dAtu,vgl,su˚
pwg,32490,dAna,vgl,a˚
pwg,32509,dAnavant,vgl,dAnin
pwg,32513,dAnavIra,vgl,dAnaSUra
pwg,32517,dAnaSUra,vgl,dAnavIra
pwg,32524,dAnin,vgl,agra˚
pwg,32545,dAma,vgl,uddAma
pwg,32552,dAman,vgl,a˚
pwg,32552,dAman,vgl,su˚
pwg,32554,dAman,vgl,dAma
pwg,32590,dAra,vgl,kftadAra
pwg,32656,dArBya,vgl,dAlBya
pwg,32659,dArvawa,vgl,darBawa
pwg,32661,dArvan,vgl,darvA
pwg,32666,dArviyA,vgl,urviyA
pwg,32691,dAlBi,vgl,dAlBya
pwg,32696,dAlmi,vgl,dalmi
pwg,32698,dAva,vgl,antardAva
pwg,32698,dAva,vgl,viSvadAvya
pwg,32698,dAva,vgl,dava
pwg,32703,dAvAgni,vgl,davAgni
pwg,32709,dASa,vgl,puroqASa
pwg,32713,dASagrAmika,vgl,daSagrAmika
pwg,32717,dASapura,vgl,daSapura
pwg,32717,dASapura,vgl,daSapUra
pwg,32726,dASavAja,vgl,pAYcavAja
pwg,32730,dASArRaka,vgl,daSArRaka
pwg,32731,dASArha,vgl,daSArha
pwg,32737,dASuri,vgl,a˚
pwg,32739,dASera,vgl,dAsera
pwg,32741,dASOdanika,vgl,pAYcOdanika
pwg,32744,dASvaMs,vgl,a˚
pwg,32760,dAsapravarga,vgl,pravarga
pwg,32763,dAsamIya,vgl,dAsameya
pwg,32764,dAsameya,vgl,dAsamIya
pwg,32765,dAsaveSa,vgl,veSa
pwg,32794,dAhin,vgl,gehe˚
pwg,32799,dikkanyA,vgl,dikkAminI
pwg,32799,dikkanyA,vgl,diksundarI
pwg,32799,dikkanyA,vgl,digambara
pwg,32802,dikkarin,vgl,digiBa
pwg,32802,dikkarin,vgl,diggaja
pwg,32802,dikkarin,vgl,digdantin
pwg,32802,dikkarin,vgl,digvAraRa
pwg,32802,dikkarin,vgl,diNnAga
pwg,32802,dikkarin,vgl,diNmAtaNga
pwg,32802,dikkarin,vgl,diSAgaja
pwg,32806,dikcakra,vgl,diNmaRqala
pwg,32812,dikpraviBAga,vgl,digBAga
pwg,32812,dikpraviBAga,vgl,digviBAga
pwg,32819,digambara,vgl,digvasra
pwg,32819,digambara,vgl,digvAsas
pwg,32825,digjaya,vgl,digvijaya
pwg,32833,digBAga,vgl,dikpraviBAga
pwg,32833,digBAga,vgl,digviBAga
pwg,32834,digvastra,vgl,digambara
pwg,32836,digvAsas,vgl,digambara
pwg,32847,diRqi,vgl,QuRQi
pwg,32849,diRqIra,vgl,qiRqIra
pwg,32859,dityavah,vgl,dAtyOha
pwg,32861,ditsu,vgl,a˚
pwg,32863,didamBizu,vgl,dipsu
pwg,32863,didamBizu,vgl,Dipsu
pwg,32884,diDizu,vgl,agre˚
pwg,32884,diDizu,vgl,ediDizuHpati
pwg,32887,dina,vgl,durdina
pwg,32887,dina,vgl,puru˚
pwg,32887,dina,vgl,maDyaM˚
pwg,32887,dina,vgl,su˚
pwg,32899,dinapraRI,vgl,tiTipraRI
pwg,32926,dinv,vgl,Dinv
pwg,32926,dinv,vgl,jinv
pwg,32928,dipsu,vgl,rAzwra˚
pwg,32928,dipsu,vgl,Dipsu
pwg,32928,dipsu,vgl,didamBizu
pwg,32929,dimp,vgl,qip
pwg,32934,dilIpa,vgl,dElIpi
pwg,32936,dilha,vgl,dilhA
pwg,32937,div,vgl,pratidivan
pwg,32937,div,vgl,pratidIvan
pwg,32939,div,vgl,ahardivi
pwg,32939,div,vgl,aBidyu
pwg,32939,div,vgl,ekadyu
pwg,32939,div,vgl,sudiv
pwg,32939,div,vgl,pradivi
pwg,32944,divan,vgl,pratidivan
pwg,32960,divaspfS,vgl,divispfS
pwg,33004,diviraTa,vgl,divaraTa
pwg,33011,divispfS,vgl,divaspfS
pwg,33013,divI,vgl,upadIkA
pwg,33013,divI,vgl,upadehikA
pwg,33016,divodAsa,vgl,dEvodAsi
pwg,33021,divOkas,vgl,divokas
pwg,33063,diS,vgl,atideSa
pwg,33063,diS,vgl,anAnudizwa
pwg,33063,diS,vgl,ekAnudizwa
pwg,33063,diS,vgl,anudeSa
pwg,33063,diS,vgl,apadeSa
pwg,33063,diS,vgl,vyapadeSa
pwg,33063,diS,vgl,anAdizwa
pwg,33063,diS,vgl,AdiS
pwg,33063,diS,vgl,Adizwa
pwg,33063,diS,vgl,AdeSa
pwg,33063,diS,vgl,anvAdeSa
pwg,33063,diS,vgl,pratyAdeSa
pwg,33063,diS,vgl,samAdeSa
pwg,33063,diS,vgl,uddeSa
pwg,33063,diS,vgl,samuddeSa
pwg,33063,diS,vgl,upadeSa
pwg,33063,diS,vgl,upadeSaka
pwg,33063,diS,vgl,upadeSanA
pwg,33063,diS,vgl,upadeSin
pwg,33063,diS,vgl,upadeSya
pwg,33063,diS,vgl,pratyupadeSa
pwg,33063,diS,vgl,nirdeSa
pwg,33063,diS,vgl,nirdeSya
pwg,33063,diS,vgl,vinirdeSya
pwg,33063,diS,vgl,pradeSa
pwg,33063,diS,vgl,saMdeSa
pwg,33063,diS,vgl,saMdezwavya
pwg,33063,diS,vgl,pratisaMdeSa
pwg,33077,dih,vgl,digDa
pwg,33077,dih,vgl,uddehikA
pwg,33077,dih,vgl,upadeha
pwg,33077,dih,vgl,saMdeGa
pwg,33077,dih,vgl,saMdeha
pwg,33078,dihlA,vgl,dilha
pwg,33080,dI,vgl,DI
pwg,33082,dI,vgl,upadAna
pwg,33084,dIkz,vgl,upadIkzin
pwg,33086,dIkzaRIya,vgl,aDvaradIkzaRIyA
pwg,33098,dIkzitavimita,vgl,prAcInavaMSa
pwg,33100,dIkzin,vgl,gaRadIkzin
pwg,33109,dIDiti,vgl,anumAnamaRi˚
pwg,33109,dIDiti,vgl,amfta˚
pwg,33109,dIDiti,vgl,uzRa˚
pwg,33109,dIDiti,vgl,SiSira˚
pwg,33120,dIp,vgl,pradIpta
pwg,33120,dIp,vgl,AdIpana
pwg,33120,dIp,vgl,uddIpana
pwg,33120,dIp,vgl,pradIpa
pwg,33120,dIp,vgl,pradIpana
pwg,33120,dIp,vgl,saMdIpaka
pwg,33120,dIp,vgl,saMdIpana
pwg,33121,dIpa,vgl,jagaddIpa
pwg,33132,dIpapAdapa,vgl,dIpavfkza
pwg,33135,dIpamAlA,vgl,dIpAlI
pwg,33135,dIpamAlA,vgl,dIpAvali
pwg,33175,dIpya,vgl,ati˚
pwg,33188,dIrGakUraka,vgl,kUra
pwg,33196,dIrGacaYcu,vgl,dIrGaSira
pwg,33207,dIrGatamas,vgl,dIrGatapas
pwg,33207,dIrGatamas,vgl,dErGatamasa
pwg,33210,dIrGatimizA,vgl,timiza
pwg,33217,dIrGadarSin,vgl,dUradarSin
pwg,33235,dIrGapavana,vgl,dIrGamAruta
pwg,33237,dIrGapAda,vgl,dIrGapad
pwg,33249,dIrGamAruta,vgl,dIrGapavana
pwg,33257,dIrGaraNgA,vgl,dIrGarAgA
pwg,33258,dIrGarata,vgl,dIrGasurata
pwg,33261,dIrGarAgA,vgl,dIrGaraNgA
pwg,33280,dIrGaSira,vgl,dIrGacaYcu
pwg,33302,dIrGAyutva,vgl,dIrGAyuzwva
pwg,33306,dIrGAyuzwva,vgl,dIrGAyutva
pwg,33308,dIrGAyus,vgl,dIrGAyu
pwg,33313,dIrGikA,vgl,tridaSa˚
pwg,33320,dIvana,vgl,devana
pwg,33323,du,vgl,dava
pwg,33323,du,vgl,dAva
pwg,33323,du,vgl,doman
pwg,33324,du,vgl,dru
pwg,33349,duHKIy,vgl,duHKAy
pwg,33376,duGa,vgl,kAma˚
pwg,33376,duGa,vgl,Garma˚
pwg,33376,duGa,vgl,droRa˚
pwg,33376,duGa,vgl,BAga˚
pwg,33376,duGa,vgl,Sukra˚
pwg,33376,duGa,vgl,sabardu˚
pwg,33376,duGa,vgl,su˚
pwg,33382,duRquBa,vgl,dunduBa
pwg,33383,duRquBi,vgl,duRquBa
pwg,33383,duRquBi,vgl,dunduBa
pwg,33383,duRquBi,vgl,dunduBika
pwg,33397,dunduBi,vgl,karRadunduBi
pwg,33451,durahna,vgl,durdina
pwg,33454,durAkranda,vgl,durAkroSa
pwg,33456,durAkroSa,vgl,durAkranda
pwg,33473,durADarza,vgl,durDarza
pwg,33473,durADarza,vgl,duzpraDarza
pwg,33499,durASa,vgl,durRaSa
pwg,33499,durASa,vgl,dURaSa
pwg,33499,durASa,vgl,dURASa
pwg,33511,durita,vgl,duriti
pwg,33511,durita,vgl,durgata
pwg,33511,durita,vgl,durgati
pwg,33515,duriti,vgl,durita
pwg,33515,duriti,vgl,durgati
pwg,33516,durizwa,vgl,durIzaRA
pwg,33558,durgata,vgl,durita
pwg,33579,durgaha,vgl,dOrgaha
pwg,33580,durgAQa,vgl,durgADa
pwg,33580,durgAQa,vgl,durgAhya
pwg,33592,durgAhya,vgl,durgAQa
pwg,33620,durRaSa,vgl,dURaSa
pwg,33620,durRaSa,vgl,dURASa
pwg,33622,durRAman,vgl,durnAman
pwg,33630,durdara,vgl,daridra
pwg,33630,durdara,vgl,durDara
pwg,33631,durdarSa,vgl,durdfSa
pwg,33637,durdivasa,vgl,durdina
pwg,33638,durdurUwa,vgl,durDurUwa
pwg,33641,durdfSa,vgl,durdarSa
pwg,33648,durdruma,vgl,dudruma
pwg,33653,durDarza,vgl,durADarza
pwg,33653,durDarza,vgl,duzpraDarza
pwg,33658,durDA,vgl,durDita
pwg,33661,durDI,vgl,dUQI
pwg,33663,durDurUwa,vgl,durdurUwa
pwg,33664,durnaya,vgl,durnIta
pwg,33666,durnAman,vgl,durRAman
pwg,33681,durnIta,vgl,durnaya
pwg,33697,durBaga,vgl,dOrBAgya
pwg,33697,durBaga,vgl,dOrBAgineya
pwg,33713,durBrAtar,vgl,dOrBrAtra
pwg,33744,durmuKa,vgl,dOrmuKi
pwg,33753,durya,vgl,dvArya
pwg,33760,duryoDana,vgl,suyoDana
pwg,33774,durlasita,vgl,durvilasita
pwg,33777,durv,vgl,Durv
pwg,33830,durvirocana,vgl,durvimocana
pwg,33831,durvilasita,vgl,durlasita
pwg,33834,durviSa,vgl,durvigAhya
pwg,33836,durvizaha,vgl,duHzaha
pwg,33836,durvizaha,vgl,duHsaha
pwg,33836,durvizaha,vgl,duzprasaha
pwg,33857,durhArd,vgl,durhfd
pwg,33857,durhArd,vgl,dOrhArda
pwg,33862,durhfd,vgl,durhArd
pwg,33862,durhfd,vgl,dOrhArda
pwg,33863,durhfdaya,vgl,dOrhfdaya
pwg,33865,dul,vgl,tul
pwg,33865,dul,vgl,dola
pwg,33865,dul,vgl,dolA
pwg,33865,dul,vgl,dolAy
pwg,33868,duli,vgl,dOleya
pwg,33885,duScarman,vgl,dOScarmya
pwg,33909,duHSIma,vgl,suSIma
pwg,33910,duHSIla,vgl,dOHSIlya
pwg,33916,duz,vgl,vidUzaka
pwg,33928,duzkula,vgl,dOzkula
pwg,33928,duzkula,vgl,dOzkuleya
pwg,33929,duzkula,vgl,dOzkulya
pwg,33952,duzwu,vgl,dOzWava
pwg,33952,duzwu,vgl,suzWu
pwg,33968,duzpuruza,vgl,dOzpuruzya
pwg,33978,duzpraRIta,vgl,durnIta
pwg,33984,duzpraDarza,vgl,durADarza
pwg,33984,duzpraDarza,vgl,durDarza
pwg,33992,duzprasaha,vgl,duzprasAha
pwg,33992,duzprasaha,vgl,durvizaha
pwg,33992,duzprasaha,vgl,duHsaha
pwg,33992,duzprasaha,vgl,duHzaha
pwg,34008,duzmanta,vgl,dOzmanta
pwg,34008,duzmanta,vgl,dOzmanti
pwg,34008,duzmanta,vgl,suzmanta
pwg,34009,duzyanta,vgl,dOzyanta
pwg,34009,duzyanta,vgl,dOzyanti
pwg,34010,duzvanta,vgl,dOzvanti
pwg,34010,duzvanta,vgl,duHzvanta
pwg,34013,duHzama,vgl,duHsama
pwg,34015,duHzaha,vgl,duHsaha
pwg,34021,duHzvanta,vgl,duzvanta
pwg,34022,duHzvapnya,vgl,jAgraddu˚
pwg,34022,duHzvapnya,vgl,svapna˚
pwg,34022,duHzvapnya,vgl,dOHzvapnya
pwg,34022,duHzvapnya,vgl,duHsvapna
pwg,34025,dustara,vgl,dustAra
pwg,34027,dustarIpa,vgl,nistarIpa
pwg,34050,duHsama,vgl,duHzama
pwg,34055,duHsaha,vgl,duHzaha
pwg,34055,duHsaha,vgl,durvizaha
pwg,34055,duHsaha,vgl,duzprasaha
pwg,34058,duHsADin,vgl,dOHsADika
pwg,34073,duh,vgl,duDukzu
pwg,34073,duh,vgl,avadoha
pwg,34073,duh,vgl,pratiduh
pwg,34075,duh,vgl,tuh
pwg,34090,dURASa,vgl,durRaSa
pwg,34100,dUtya,vgl,dOtya
pwg,34123,dUradarSin,vgl,dIrGadarSin
pwg,34126,dUrapAta,vgl,dUrApAta
pwg,34130,dUrapAra,vgl,duzpAra
pwg,34140,dUrApAta,vgl,dUrapAta
pwg,34141,dUrApAtin,vgl,dUrapAtin
pwg,34159,dUrezupAtin,vgl,dUrapAtin
pwg,34165,dUrva,vgl,Urva
pwg,34166,dUrvA,vgl,ali˚
pwg,34166,dUrvA,vgl,gaRqa˚
pwg,34166,dUrvA,vgl,granTi˚
pwg,34166,dUrvA,vgl,mAlA˚
pwg,34172,dUrSa,vgl,dUSya
pwg,34176,dUza,vgl,koradUza
pwg,34177,dUzaka,vgl,koradUzaka
pwg,34184,dUzIkA,vgl,dUzikA
pwg,34192,dfMhaRa,vgl,keSa˚
pwg,34196,dfkkarRa,vgl,dfkSruti
pwg,34205,dfkSruti,vgl,dfkkarRa
pwg,34211,dfggola,vgl,dfNmaRqala
pwg,34215,dfgBU,vgl,dfnBU
pwg,34215,dfgBU,vgl,dfmBU
pwg,34215,dfgBU,vgl,dfnPU
pwg,34215,dfgBU,vgl,dfmPU
pwg,34217,dfgviza,vgl,dfzwiviza
pwg,34232,dfQacyuta,vgl,dArQacyuta
pwg,34239,dfQadasyu,vgl,dfQasyu
pwg,34257,dfQay,vgl,draQay
pwg,34272,dfQavrata,vgl,Dftavrata
pwg,34279,dfQasyu,vgl,dfQadasyu
pwg,34280,dfQahanu,vgl,dfQaDanus
pwg,34301,dfnPU,vgl,dfmPU
pwg,34301,dfnPU,vgl,dfnBU
pwg,34301,dfnPU,vgl,dfgBU
pwg,34301,dfnPU,vgl,dfmBU
pwg,34302,dfnBU,vgl,dfmBU
pwg,34302,dfnBU,vgl,dfnPU
pwg,34302,dfnBU,vgl,dfmPU
pwg,34312,dfS,vgl,a˚
pwg,34312,dfS,vgl,ahardfS
pwg,34312,dfS,vgl,I˚
pwg,34312,dfS,vgl,kI˚
pwg,34312,dfS,vgl,tA˚
pwg,34312,dfS,vgl,tri˚
pwg,34312,dfS,vgl,tvA˚
pwg,34312,dfS,vgl,divya˚
pwg,34312,dfS,vgl,durdfS
pwg,34312,dfS,vgl,dUre˚
pwg,34312,dfS,vgl,miTU˚
pwg,34312,dfS,vgl,yakza˚
pwg,34312,dfS,vgl,yA˚
pwg,34312,dfS,vgl,sa˚
pwg,34312,dfS,vgl,su˚
pwg,34312,dfS,vgl,svardfS
pwg,34317,dfSAkANkzya,vgl,dfSopama
pwg,34321,dfSIka,vgl,citra˚
pwg,34321,dfSIka,vgl,durdfSIka
pwg,34321,dfSIka,vgl,sudfSIkarUpa
pwg,34325,dfSya,vgl,a˚
pwg,34351,dfzwi,vgl,a˚
pwg,34351,dfzwi,vgl,ku˚
pwg,34368,dfzwiviza,vgl,dagviza
pwg,34373,deya,vgl,a˚
pwg,34373,deya,vgl,bala˚
pwg,34373,deya,vgl,maGa˚
pwg,34373,deya,vgl,rADo˚
pwg,34373,deya,vgl,vasu˚
pwg,34373,deya,vgl,vEra˚
pwg,34380,devafzi,vgl,devarzi
pwg,34380,devafzi,vgl,devabrahman
pwg,34386,devakarman,vgl,devakArya
pwg,34386,devakarman,vgl,devakftya
pwg,34392,devakirI,vgl,devagirI
pwg,34392,devakirI,vgl,deSakArI
pwg,34392,devakirI,vgl,goRqakirI
pwg,34392,devakirI,vgl,rAmakirI
pwg,34394,devakIya,vgl,devakya
pwg,34399,devakula,vgl,daRqa˚
pwg,34406,devakya,vgl,devakIya
pwg,34410,devakzema,vgl,devaSarman
pwg,34422,devagirI,vgl,devakirI
pwg,34426,devaguhya,vgl,devarahasya
pwg,34438,devajana,vgl,dEvajana
pwg,34439,devajA,vgl,devaja
pwg,34448,devatara,vgl,devataras
pwg,34450,devataras,vgl,dEvatarasa
pwg,34451,devataru,vgl,dyutaru
pwg,34452,devatA,vgl,a˚
pwg,34452,devatA,vgl,vana˚
pwg,34452,devatA,vgl,sahadevata
pwg,34457,devatAqa,vgl,tAqa
pwg,34457,devatAqa,vgl,devadAlI
pwg,34460,devatAtmA,vgl,devAtmA
pwg,34473,devatrA,vgl,adevatra
pwg,34479,devadarSa,vgl,divadarSa
pwg,34479,devadarSa,vgl,devadarSin
pwg,34479,devadarSa,vgl,dEvadarSanin
pwg,34482,devadAnI,vgl,devadAlI
pwg,34486,devadAlI,vgl,devadAnI
pwg,34488,devadIpa,vgl,dEvadIpa
pwg,34488,devadIpa,vgl,dehadIpa
pwg,34493,devadeveSa,vgl,deveSa
pwg,34507,devanala,vgl,devanAla
pwg,34547,devapraSna,vgl,dEva˚
pwg,34576,devamata,vgl,dEvamati
pwg,34581,devamAtfka,vgl,nadImAtfka
pwg,34592,devamIQuza,vgl,devamIQa
pwg,34594,devay,vgl,adevayant
pwg,34594,devay,vgl,devAy
pwg,34610,devayu,vgl,a˚
pwg,34616,devar,vgl,devfkAma
pwg,34616,devar,vgl,adevfhan
pwg,34622,devarahasya,vgl,devaguhya
pwg,34624,devarAja,vgl,dEvarAjaka
pwg,34624,devarAja,vgl,dEvarAjika
pwg,34627,devarAjya,vgl,dEvarAjya
pwg,34628,devarAta,vgl,dEvarAti
pwg,34633,devala,vgl,dEvala
pwg,34635,devalaka,vgl,dEvalaka
pwg,34658,devaviBAga,vgl,devaBAga
pwg,34672,devaSarman,vgl,dEvaSarmi
pwg,34676,devaSiSu,vgl,devagarBa
pwg,34726,devahU,vgl,pitfhU
pwg,34745,devAtmA,vgl,devatAtmA
pwg,34758,devApi,vgl,dEvApa
pwg,34761,devAyatana,vgl,devatAyatana
pwg,34779,devAsura,vgl,dEvAsura
pwg,34826,deSa,vgl,a˚
pwg,34826,deSa,vgl,adeSakAla
pwg,34826,deSa,vgl,eka˚
pwg,34826,deSa,vgl,brahmarzi˚
pwg,34826,deSa,vgl,maDya˚
pwg,34826,deSa,vgl,vi˚
pwg,34826,deSa,vgl,sva˚
pwg,34828,deSakArI,vgl,devakirI
pwg,34829,deSaja,vgl,deSya
pwg,34844,deSika,vgl,dESika
pwg,34847,deSIya,vgl,deSya
pwg,34849,deSya,vgl,a˚
pwg,34849,deSya,vgl,deSIya
pwg,34854,dezRa,vgl,kumAra˚
pwg,34854,dezRa,vgl,cAru˚
pwg,34854,dezRa,vgl,tuvi˚
pwg,34854,dezRa,vgl,sudezRA
pwg,34854,dezRa,vgl,skamBa˚
pwg,34862,dehaja,vgl,tanuja
pwg,34865,dehadIpa,vgl,devadIpa
pwg,34865,dehadIpa,vgl,dEvadIpa
pwg,34868,dehaDi,vgl,dehakoza
pwg,34885,dehikA,vgl,uddehikA
pwg,34885,dehikA,vgl,upadehikA
pwg,34917,dErGa,vgl,dErDya
pwg,34922,dErGya,vgl,dErGa
pwg,34924,dEva,vgl,a˚
pwg,34940,dEvatya,vgl,devatya
pwg,34944,dEvadarSanin,vgl,divadarSa
pwg,34946,dEvadIpa,vgl,devadIpa
pwg,34946,dEvadIpa,vgl,dehadIpa
pwg,34949,dEvapraSna,vgl,devapraSna
pwg,34962,dEvarAjya,vgl,devarAjya
pwg,34972,dEvahataka,vgl,dEvopahataka
pwg,34983,dEvAsura,vgl,devAsura
pwg,34989,dEvopahataka,vgl,dEvahataka
pwg,34991,dESika,vgl,deSika
pwg,34991,dESika,vgl,deSya
pwg,34999,doGa,vgl,maDu˚
pwg,34999,doGa,vgl,su˚
pwg,35000,doqI,vgl,qodI
pwg,35000,doqI,vgl,dAqI
pwg,35015,doza,vgl,anna˚
pwg,35015,doza,vgl,tvagdoza
pwg,35015,doza,vgl,dfzwa˚
pwg,35016,doza,vgl,dozas
pwg,35016,doza,vgl,pradoza
pwg,35016,doza,vgl,prAtadozam
pwg,35018,dozagrAhin,vgl,guRagrAhin
pwg,35024,dozan,vgl,dos
pwg,35038,dozAmanya,vgl,divAmanya
pwg,35045,dos,vgl,dozan
pwg,35047,doha,vgl,a˚
pwg,35051,dohada,vgl,dohala
pwg,35051,dohada,vgl,divyadohada
pwg,35057,dohana,vgl,godohana
pwg,35061,dohas,vgl,viSva˚
pwg,35061,dohas,vgl,sUda˚
pwg,35066,dohya,vgl,duhya
pwg,35066,dohya,vgl,duHKadohya
pwg,35066,dohya,vgl,suKa˚
pwg,35069,dOtya,vgl,dUtya
pwg,35079,dOrgaha,vgl,durgaha
pwg,35106,dOlmi,vgl,dalmi
pwg,35106,dOlmi,vgl,dAlmi
pwg,35129,dOHzvapnya,vgl,duHzvapnya
pwg,35137,dOhfda,vgl,dohada
pwg,35156,dyuga,vgl,Kecara
pwg,35162,dyut,vgl,jyut
pwg,35162,dyut,vgl,avadyotin
pwg,35162,dyut,vgl,pradyota
pwg,35162,dyut,vgl,pradyotana
pwg,35162,dyut,vgl,pradyotin
pwg,35162,dyut,vgl,vidyut
pwg,35162,dyut,vgl,vidyota
pwg,35162,dyut,vgl,vidyotana
pwg,35163,dyut,vgl,a˚
pwg,35163,dyut,vgl,su˚
pwg,35168,dyutaru,vgl,devataru
pwg,35190,dyumna,vgl,aBizwi˚
pwg,35190,dyumna,vgl,indra˚
pwg,35190,dyumna,vgl,fta˚
pwg,35190,dyumna,vgl,tuvi˚
pwg,35190,dyumna,vgl,tveza˚
pwg,35190,dyumna,vgl,deva˚
pwg,35190,dyumna,vgl,Dfzwa˚
pwg,35190,dyumna,vgl,pra˚
pwg,35190,dyumna,vgl,BUri˚
pwg,35190,dyumna,vgl,viBUta˚
pwg,35190,dyumna,vgl,vIra˚
pwg,35190,dyumna,vgl,vfdDa˚
pwg,35190,dyumna,vgl,Sata˚
pwg,35190,dyumna,vgl,su˚
pwg,35200,dyuloka,vgl,dyOrloka
pwg,35209,dyU,vgl,akza˚
pwg,35209,dyU,vgl,eka˚
pwg,35209,dyU,vgl,kama˚
pwg,35210,dyUta,vgl,akza˚
pwg,35224,dyUna,vgl,dyuta
pwg,35227,dyota,vgl,Ka˚
pwg,35227,dyota,vgl,cintya˚
pwg,35227,dyota,vgl,hfdyota
pwg,35229,dyotana,vgl,hfdyotana
pwg,35233,dyotiriNgaRa,vgl,jyotiriNga
pwg,35233,dyotiriNgaRa,vgl,jyotiriNgaRa
pwg,35248,draNga,vgl,udraNga
pwg,35248,draNga,vgl,traNka
pwg,35249,draQay,vgl,dfQay
pwg,35257,drapsya,vgl,drapsa
pwg,35263,drava,vgl,a˚
pwg,35283,draviqa,vgl,drAviqa
pwg,35284,draviRa,vgl,draviRas
pwg,35285,draviRaka,vgl,draviRa
pwg,35301,dravya,vgl,draviRa
pwg,35301,dravya,vgl,draviRas
pwg,35301,dravya,vgl,adravya
pwg,35320,drA,vgl,pradrARaka
pwg,35321,drA,vgl,anavadrARa
pwg,35324,drAkzA,vgl,kapila˚
pwg,35327,drAK,vgl,DrAK
pwg,35333,drANkz,vgl,DrANkz
pwg,35335,drAq,vgl,DrAq
pwg,35337,drApi,vgl,hiraRya˚
pwg,35359,dru,vgl,ud
pwg,35359,dru,vgl,uddrAva
pwg,35359,dru,vgl,upadrava
pwg,35359,dru,vgl,pradrAva
pwg,35359,dru,vgl,pradrAvin
pwg,35359,dru,vgl,vidrava
pwg,35359,dru,vgl,saMdrAva
pwg,35361,dru,vgl,drU
pwg,35361,dru,vgl,Dru
pwg,35362,dru,vgl,indra˚
pwg,35362,dru,vgl,su˚
pwg,35362,dru,vgl,hariddru
pwg,35362,dru,vgl,haridru
pwg,35380,drunaKa,vgl,drumanaKa
pwg,35387,drumanaKa,vgl,drunaKa
pwg,35387,drumanaKa,vgl,tarunaKa
pwg,35390,drumara,vgl,drumanaKa
pwg,35394,drumavyADi,vgl,drumAmaya
pwg,35397,drumazaRqa,vgl,taruzaRqa
pwg,35397,drumazaRqa,vgl,taruKaRqa
pwg,35399,drumAmaya,vgl,drumavyADi
pwg,35404,drumila,vgl,dramila
pwg,35404,drumila,vgl,drimila
pwg,35412,druh,vgl,drogDar
pwg,35412,druh,vgl,drogDavya
pwg,35412,druh,vgl,droGa
pwg,35412,druh,vgl,droha
pwg,35412,druh,vgl,drohin
pwg,35412,druh,vgl,aBidruh
pwg,35422,druhvan,vgl,a˚
pwg,35428,drek,vgl,Drek
pwg,35438,droGavAc,vgl,a˚
pwg,35442,droRakAka,vgl,droRa
pwg,35451,droRapuzpI,vgl,droRapuzpa
pwg,35477,droha,vgl,adroha
pwg,35483,drOGaRaka,vgl,drOhaRaka
pwg,35488,drORika,vgl,arDa˚
pwg,35488,drORika,vgl,vrIhi˚
pwg,35500,dvaMdva,vgl,nirdvaMdva
pwg,35509,dvaya,vgl,a˚
pwg,35511,dvayasa,vgl,tAvaddUyasa
pwg,35516,dvayAvin,vgl,a˚
pwg,35517,dvayu,vgl,a˚
pwg,35524,dvAcatvAriMSat,vgl,dvica˚
pwg,35530,dvAdaSa,vgl,dvAdaSama
pwg,35537,dvAdaSapattraka,vgl,dvAdaSAkzara
pwg,35539,dvAdaSama,vgl,dvAdaSa
pwg,35549,dvAdaSAMSu,vgl,dvAdaSakara
pwg,35549,dvAdaSAMSu,vgl,dvAdaSArcis
pwg,35552,dvAdaSAKya,vgl,dvAdaSAkza
pwg,35561,dvAdaSArcis,vgl,dvAdaSakara
pwg,35561,dvAdaSArcis,vgl,dvAdaSAMSu
pwg,35564,dvAdaSAha,vgl,Barata˚
pwg,35564,dvAdaSAha,vgl,vyUQa˚
pwg,35564,dvAdaSAha,vgl,saMkrama˚
pwg,35576,dvAra,vgl,advAra
pwg,35597,dvAravant,vgl,dvArvatI
pwg,35597,dvAravant,vgl,mUladvAravatI
pwg,35597,dvAravant,vgl,laGu˚
pwg,35616,dvAzazwi,vgl,dvizazwi
pwg,35619,dvAsaptati,vgl,dvi˚
pwg,35634,dvigat,vgl,dvEgata
pwg,35643,dvicatvAriMSat,vgl,dvA˚
pwg,35646,dvija,vgl,dvijA
pwg,35653,dvijanman,vgl,dvija
pwg,35653,dvijanman,vgl,dvijAti
pwg,35654,dvijapati,vgl,dvijarAja
pwg,35654,dvijapati,vgl,dvijeSa
pwg,35654,dvijapati,vgl,dvijeSvara
pwg,35657,dvijabanDu,vgl,kzatrabanDu
pwg,35670,dvijasevaka,vgl,dvijopAsaka
pwg,35672,dvijA,vgl,dvija
pwg,35676,dvijAti,vgl,dvija
pwg,35676,dvijAti,vgl,dvijanman
pwg,35685,dvijeSa,vgl,dvijapati
pwg,35685,dvijeSa,vgl,dvijarAja
pwg,35685,dvijeSa,vgl,dvijeSvara
pwg,35688,dvijopAsaka,vgl,dvijasevaka
pwg,35707,dvitIyin,vgl,tftIyin
pwg,35711,dvidaRqin,vgl,ekadaRqin
pwg,35711,dvidaRqin,vgl,tri˚
pwg,35719,dvideha,vgl,dviSarIra
pwg,35719,dvideha,vgl,dviDAtu
pwg,35726,dviDAtu,vgl,dvideha
pwg,35732,dvinavati,vgl,dvAnavati
pwg,35741,dvipaYcASat,vgl,dvApa˚
pwg,35757,dvipAyin,vgl,dvipa
pwg,35769,dvimAtar,vgl,dvEmAtura
pwg,35775,dvimuni,vgl,trimuni
pwg,35838,dviSarIra,vgl,dvideha
pwg,35840,dviSARa,vgl,dvESARa
pwg,35846,dviz,vgl,pradviz
pwg,35846,dviz,vgl,˚dveza
pwg,35846,dviz,vgl,˚dvezaRa
pwg,35846,dviz,vgl,vidveza
pwg,35846,dviz,vgl,˚dvezaRa
pwg,35846,dviz,vgl,˚dvezas
pwg,35846,dviz,vgl,˚dvezin
pwg,35847,dviz,vgl,anfta˚
pwg,35847,dviz,vgl,fzi˚
pwg,35847,dviz,vgl,eDamAna˚
pwg,35847,dviz,vgl,brahma˚
pwg,35857,dvizazwi,vgl,dvAzazwi
pwg,35870,dvisaptati,vgl,dvAsaptati
pwg,35878,dvisAhasra,vgl,dvisa˚
pwg,35882,dvistAvA,vgl,tristAvA
pwg,35885,dvihalya,vgl,dvisItya
pwg,35901,dvIpikarRi,vgl,mandakarRi
pwg,35902,dvIpikA,vgl,dvIpaSatru
pwg,35902,dvIpikA,vgl,dvIpyA
pwg,35909,dveDA,vgl,dviDA
pwg,35909,dveDA,vgl,dvEDa
pwg,35909,dveDA,vgl,dvEDam
pwg,35910,dveza,vgl,adveza
pwg,35910,dveza,vgl,tulasIdvezA
pwg,35913,dvezas,vgl,a˚
pwg,35913,dvezas,vgl,taraddve˚
pwg,35913,dvezas,vgl,yAvayaddve˚
pwg,35913,dvezas,vgl,yuta˚
pwg,35913,dvezas,vgl,vILu˚
pwg,35914,dvezin,vgl,kriyA˚
pwg,35914,dvezin,vgl,gajAsura˚
pwg,35931,dvEtIyaka,vgl,dvitIyaka
pwg,35933,dvEDa,vgl,dvEDIBAva
pwg,35952,dvEmAtfka,vgl,devamAtfka
pwg,35962,dvESARa,vgl,dviSARa
pwg,35962,dvESARa,vgl,dviSARya
pwg,35982,dvyAkzAyaRa,vgl,tryAkzAyaRa
pwg,36004,DattUra,vgl,DustUra
pwg,36007,Dana,vgl,a˚
pwg,36007,Dana,vgl,eka˚
pwg,36007,Dana,vgl,go˚
pwg,36007,Dana,vgl,tapo˚
pwg,36007,Dana,vgl,dviBAga˚
pwg,36007,Dana,vgl,BUri˚
pwg,36007,Dana,vgl,mahA˚
pwg,36007,Dana,vgl,yaSo˚
pwg,36007,Dana,vgl,saMyama˚
pwg,36010,DanakAmya,vgl,kAmy
pwg,36021,Danada,vgl,DanadA
pwg,36026,DanadA,vgl,Danada
pwg,36068,DanAyus,vgl,vanAyus
pwg,36135,Danya,vgl,a˚
pwg,36135,Danya,vgl,jIva˚
pwg,36142,Danv,vgl,Dav
pwg,36142,Danv,vgl,DAv
pwg,36152,Danvana,vgl,DAnvana
pwg,36154,Danvantara,vgl,DAnvantara
pwg,36156,Danvantari,vgl,DAnvantarya
pwg,36169,Dam,vgl,ADamana
pwg,36169,Dam,vgl,ADmAna
pwg,36169,Dam,vgl,udDama
pwg,36169,Dam,vgl,upaDmA
pwg,36169,Dam,vgl,praDamana
pwg,36181,Dammala,vgl,Dammilla
pwg,36186,Dar,vgl,avaDAra
pwg,36186,Dar,vgl,ADAra
pwg,36186,Dar,vgl,upaDAraRa
pwg,36186,Dar,vgl,upaDfti
pwg,36186,Dar,vgl,saMpraDAraRa
pwg,36186,Dar,vgl,˚RA
pwg,36186,Dar,vgl,viDAraRa
pwg,36186,Dar,vgl,viDfti
pwg,36186,Dar,vgl,saMDAraRa
pwg,36186,Dar,vgl,saMDArya
pwg,36204,DaraRIya,vgl,DAraRIya
pwg,36205,DaraRIruha,vgl,kzitiruh
pwg,36205,DaraRIruha,vgl,kzitiruha
pwg,36210,DarAkadamba,vgl,DArAkadamba
pwg,36224,Dariman,vgl,DarIman
pwg,36230,Darj,vgl,Draj
pwg,36230,Darj,vgl,DraYj
pwg,36230,Darj,vgl,Drij
pwg,36269,DarmacaraRa,vgl,saha˚
pwg,36271,DarmacArin,vgl,saha˚
pwg,36286,DarmadAra,vgl,DarmapatnI
pwg,36299,DarmaDfk,vgl,DarmaBft
pwg,36304,Darman,vgl,kzatra˚
pwg,36304,Darman,vgl,kzema˚
pwg,36304,Darman,vgl,jaya˚
pwg,36304,Darman,vgl,nAnA˚
pwg,36304,Darman,vgl,satya˚
pwg,36304,Darman,vgl,su˚
pwg,36306,Darmanandana,vgl,Darmaja
pwg,36306,Darmanandana,vgl,Darmaputra Darmasuta
pwg,36313,Darmapati,vgl,DArmapata
pwg,36316,DarmapatnI,vgl,DarmadAra
pwg,36337,DarmaBaginI,vgl,DarmaBrAtar
pwg,36342,DarmaBrAtar,vgl,DarmaBaginI
pwg,36370,DarmavidyA,vgl,DArmavidya
pwg,36374,DarmavfdDa,vgl,DarmaDfk
pwg,36374,DarmavfdDa,vgl,˚Bft
pwg,36408,DarmANgA,vgl,DarmarAj
pwg,36440,Darmin,vgl,eka˚
pwg,36440,Darmin,vgl,strIDarmiRI
pwg,36440,Darmin,vgl,DArmiReya
pwg,36453,Darmya,vgl,DArmyAyaRa
pwg,36454,Darz,vgl,aBiDarzaRa
pwg,36454,Darz,vgl,aBiDfzRu
pwg,36454,Darz,vgl,anAGfz
pwg,36454,Darz,vgl,praDarzaka
pwg,36454,Darz,vgl,apratiDfzwaSavas
pwg,36454,Darz,vgl,apratiDfzya
pwg,36457,DarzaRa,vgl,DarziRI
pwg,36457,DarzaRa,vgl,carzaRI
pwg,36469,Davala,vgl,udayaDavala
pwg,36484,DA,vgl,antarDA
pwg,36484,DA,vgl,apaDA
pwg,36484,DA,vgl,apiDAna piDAna
pwg,36484,DA,vgl,apiDi
pwg,36484,DA,vgl,piDAtavya
pwg,36484,DA,vgl,apUpApihita
pwg,36484,DA,vgl,aBiDA
pwg,36484,DA,vgl,avaDAtavya
pwg,36484,DA,vgl,˚DAna
pwg,36484,DA,vgl,˚Di
pwg,36484,DA,vgl,vyavaDA
pwg,36484,DA,vgl,ADAna
pwg,36484,DA,vgl,ADAyaka
pwg,36484,DA,vgl,atyADAna
pwg,36484,DA,vgl,anvADAna
pwg,36484,DA,vgl,˚Di
pwg,36484,DA,vgl,˚Deya
pwg,36484,DA,vgl,aByADAna
pwg,36484,DA,vgl,anirAhita
pwg,36484,DA,vgl,samADA
pwg,36484,DA,vgl,upasamADAna
pwg,36484,DA,vgl,upadaDi
pwg,36484,DA,vgl,˚DA
pwg,36484,DA,vgl,˚DAna
pwg,36484,DA,vgl,˚DAnIya
pwg,36484,DA,vgl,˚Di
pwg,36484,DA,vgl,˚Deya
pwg,36484,DA,vgl,niDAtavya
pwg,36484,DA,vgl,anapanihitam
pwg,36484,DA,vgl,upaniDAtar
pwg,36484,DA,vgl,praRiDAna
pwg,36484,DA,vgl,˚Di
pwg,36484,DA,vgl,˚Deya
pwg,36484,DA,vgl,pratiniDi
pwg,36484,DA,vgl,saMniDAna
pwg,36484,DA,vgl,˚Di
pwg,36484,DA,vgl,pariDAna
pwg,36484,DA,vgl,viDA
pwg,36484,DA,vgl,˚DAtar
pwg,36484,DA,vgl,˚DAna
pwg,36484,DA,vgl,˚Di
pwg,36484,DA,vgl,˚Deya
pwg,36484,DA,vgl,˚hiti
pwg,36484,DA,vgl,anuviDAtavya
pwg,36484,DA,vgl,˚DAyin
pwg,36484,DA,vgl,aBiviDi
pwg,36484,DA,vgl,prativiDAtavya
pwg,36484,DA,vgl,˚DAna
pwg,36484,DA,vgl,˚Di
pwg,36484,DA,vgl,˚Deya
pwg,36484,DA,vgl,saMviDA
pwg,36484,DA,vgl,saMDay
pwg,36484,DA,vgl,atisaMDAna
pwg,36484,DA,vgl,anusaMDAna
pwg,36484,DA,vgl,aBisaMDaka
pwg,36484,DA,vgl,prasaMDi
pwg,36493,DAtu,vgl,upaDAtu
pwg,36493,DAtu,vgl,kAma˚
pwg,36493,DAtu,vgl,giri˚
pwg,36493,DAtu,vgl,gErika˚
pwg,36538,DAtfpuzpikA,vgl,DAtupu˚
pwg,36606,DAman,vgl,fta˚
pwg,36606,DAman,vgl,tri˚
pwg,36606,DAman,vgl,priya˚
pwg,36606,DAman,vgl,viSva˚
pwg,36606,DAman,vgl,sTira˚
pwg,36627,DAraRa,vgl,aNka˚
pwg,36627,DAraRa,vgl,asu˚
pwg,36627,DAraRa,vgl,garBa˚
pwg,36628,DAraRaka,vgl,aDAraRaka
pwg,36639,DAraya,vgl,karma˚
pwg,36648,DArA,vgl,asfgDArA
pwg,36648,DArA,vgl,uru˚
pwg,36648,DArA,vgl,jala˚
pwg,36648,DArA,vgl,BUri˚
pwg,36648,DArA,vgl,maDu˚
pwg,36648,DArA,vgl,viSvato˚
pwg,36648,DArA,vgl,su˚
pwg,36649,DArA,vgl,pAli
pwg,36652,DArAgfha,vgl,yantra˚
pwg,36652,DArAgfha,vgl,jalayantragfha
pwg,36652,DArAgfha,vgl,jalayantraniketana
pwg,36652,DArAgfha,vgl,jalayantramandira
pwg,36661,DArAntaracara,vgl,DArAwa
pwg,36666,DArAvani,vgl,DArAvara
pwg,36668,DArAvara,vgl,DArAvani
pwg,36697,DArya,vgl,aDArya
pwg,36697,DArya,vgl,durDArya
pwg,36704,DAv,vgl,anuDAvana
pwg,36704,DAv,vgl,aBiDAvaka
pwg,36711,DAvana,vgl,danta˚
pwg,36750,DizaRADipa,vgl,DizaRa
pwg,36756,DizRya,vgl,Dizwya
pwg,36756,DizRya,vgl,DizWya
pwg,36756,DizRya,vgl,cAruDizRya
pwg,36757,DI,vgl,DyA
pwg,36757,DI,vgl,AvadIDayu
pwg,36758,DI,vgl,itTADI
pwg,36758,DI,vgl,udAra˚
pwg,36758,DI,vgl,dIrGA˚
pwg,36758,DI,vgl,durDI
pwg,36758,DI,vgl,dUQI
pwg,36758,DI,vgl,suDI
pwg,36758,DI,vgl,DiyaMjinva
pwg,36767,DIti,vgl,adabDa˚
pwg,36767,DIti,vgl,fta˚
pwg,36775,DIra,vgl,a˚
pwg,36775,DIra,vgl,yajYa˚
pwg,36793,DIvara,vgl,DIvan
pwg,36802,Dukz,vgl,saMDukzaRa
pwg,36813,Dur,vgl,durDur
pwg,36813,Dur,vgl,dfQa˚
pwg,36814,Dura,vgl,aDura
pwg,36814,Dura,vgl,aprati˚
pwg,36814,Dura,vgl,udDura
pwg,36814,Dura,vgl,vi˚
pwg,36814,Dura,vgl,su˚
pwg,36818,DurIRa,vgl,uttara˚
pwg,36818,DurIRa,vgl,eka˚
pwg,36818,DurIRa,vgl,dakziRa˚
pwg,36818,DurIRa,vgl,sarva˚
pwg,36830,DustUra,vgl,DattUra
pwg,36831,DU,vgl,ADava
pwg,36831,DU,vgl,niDuvana
pwg,36831,DU,vgl,viDuvana
pwg,36835,DURa,vgl,DUnaka
pwg,36835,DURa,vgl,DUrRa
pwg,36840,DUnaka,vgl,DURa
pwg,36840,DUnaka,vgl,DUrRa
pwg,36842,DUnay,vgl,avaDUnana
pwg,36842,DUnay,vgl,viDUnana
pwg,36849,DUpay,vgl,upaDUpita
pwg,36853,DUpAy,vgl,DUpay
pwg,36856,DUpika,vgl,DUpaka
pwg,36858,DUma,vgl,go˚
pwg,36858,DUma,vgl,carizRu˚
pwg,36858,DUma,vgl,tfzwa˚
pwg,36858,DUma,vgl,vi˚
pwg,36858,DUma,vgl,Saka˚
pwg,36868,DUmapa,vgl,DUmaprASa
pwg,36869,DUmapaTa,vgl,DUmavartman
pwg,36872,DUmaprASa,vgl,DUmapa
pwg,36876,DUmay,vgl,DUmAy
pwg,36882,DUmavartman,vgl,DUmapaTa
pwg,36889,DUmAy,vgl,DUmay
pwg,36894,DUmotTa,vgl,DUmajANgaja
pwg,36897,DUmorRA,vgl,DUmrorRA
pwg,36900,DUmra,vgl,tAmra˚
pwg,36902,DUmraketu,vgl,DUmaketu
pwg,36920,DUmrAyaRa,vgl,DOmrAyaRa
pwg,36921,DUmrASva,vgl,DUmrAkza
pwg,36925,DUr,vgl,DUrv
pwg,36928,DUrta,vgl,kzemaDUrta
pwg,36945,DUrv,vgl,Dvar
pwg,36945,DUrv,vgl,hvar
pwg,36955,DUli,vgl,ganDaDUli
pwg,36955,DUli,vgl,go˚
pwg,36955,DUli,vgl,udDUlay
pwg,36964,DUsara,vgl,uzwraDUsarapucCikA
pwg,36972,Dfk,vgl,daRqa˚
pwg,36972,Dfk,vgl,deha˚
pwg,36972,Dfk,vgl,Darma˚
pwg,36973,Dft,vgl,carzaRI˚
pwg,36973,Dft,vgl,DaraRI˚
pwg,36973,Dft,vgl,Darma˚
pwg,36973,Dft,vgl,nitya˚
pwg,36973,Dft,vgl,mano˚
pwg,36973,Dft,vgl,viSva˚
pwg,36977,DftadIDiti,vgl,GftadIDiti
pwg,36980,DftarAjan,vgl,DArtarAjYa
pwg,36981,DftarAzwra,vgl,DArtarAzwra
pwg,36981,DftarAzwra,vgl,DArtarAzwri
pwg,36988,Dfti,vgl,a˚
pwg,36988,Dfti,vgl,kzmA˚
pwg,36988,Dfti,vgl,carzaRI˚
pwg,36988,Dfti,vgl,sva˚
pwg,36993,Dftvan,vgl,kzema˚
pwg,37022,Dfzya,vgl,a˚
pwg,37024,Denu,vgl,a˚
pwg,37040,DEnava,vgl,vESva˚
pwg,37040,DEnava,vgl,sva˚
pwg,37042,DErya,vgl,a˚
pwg,37052,Dor,vgl,DoraRa
pwg,37052,Dor,vgl,Dorita
pwg,37052,Dor,vgl,Doritaka
pwg,37052,Dor,vgl,DOritaka
pwg,37052,Dor,vgl,ADoraRa
pwg,37054,Dorita,vgl,Dor
pwg,37095,DyA,vgl,anuDyA
pwg,37095,DyA,vgl,˚DyAna
pwg,37095,DyA,vgl,apaDyAna
pwg,37095,DyA,vgl,aBiDyA
pwg,37095,DyA,vgl,ADyAna
pwg,37101,DyAnagocara,vgl,DyAnAvacara
pwg,37110,DyAnAvacara,vgl,DyAnagocara
pwg,37122,Draj,vgl,Darj
pwg,37128,DraR,vgl,Dvan
pwg,37148,Druvaka,vgl,DuvakA
pwg,37159,Druvapawu,vgl,Druvasena
pwg,37166,Druvasena,vgl,Druvapawu
pwg,37169,Druvi,vgl,Druva
pwg,37174,DvaMs,vgl,apaDvaMsa
pwg,37174,DvaMs,vgl,avaDvaMsa
pwg,37174,DvaMs,vgl,avaDvasta
pwg,37174,DvaMs,vgl,upaDvasta
pwg,37174,DvaMs,vgl,pariDvaMsa
pwg,37177,DvaMsakalA,vgl,BraMsakalA
pwg,37183,Dvaja,vgl,kajjala˚
pwg,37183,Dvaja,vgl,Darma˚
pwg,37183,Dvaja,vgl,DUma˚
pwg,37183,Dvaja,vgl,DUli˚
pwg,37183,Dvaja,vgl,vfzaBa˚
pwg,37201,Dvajika,vgl,DarmaDvaja
pwg,37228,DvAsara,vgl,DUsara
pwg,37230,Dvasman,vgl,a˚
pwg,37255,DvAntaSAtrava,vgl,a˚
pwg,37269,nak,vgl,nakta
pwg,37271,nakiMcana,vgl,akiMcana
pwg,37272,nakim,vgl,nakIm
pwg,37272,nakim,vgl,mAkim
pwg,37276,nakuwa,vgl,narkuwaka
pwg,37280,nakulAnDatA,vgl,nAkulAnDya
pwg,37291,naktaMcArin,vgl,naktacArin
pwg,37308,nakzatra,vgl,deva
pwg,37308,nakzatra,vgl,˚ yama˚
pwg,37322,nakzatrapuruza,vgl,kAlapuruza
pwg,37324,nakzatraBakti,vgl,nakzatravyUha
pwg,37327,nakzatrayAjaka,vgl,grahayajYa
pwg,37339,nakzatrin,vgl,nakzatranemi
pwg,37347,naKa,vgl,ku˚
pwg,37347,naKa,vgl,giriRaKa
pwg,37347,naKa,vgl,gfDranaKI
pwg,37347,naKa,vgl,tarunaKa
pwg,37347,naKa,vgl,dru˚
pwg,37347,naKa,vgl,druma˚
pwg,37347,naKa,vgl,DvANkzanaKI
pwg,37347,naKa,vgl,nIlanaKa
pwg,37347,naKa,vgl,paYca˚
pwg,37347,naKa,vgl,SUrpaRaKA
pwg,37361,naKapraca,vgl,niScapraca
pwg,37380,naKAli,vgl,naKaSaNKa
pwg,37384,naKin,vgl,ku˚
pwg,37385,naga,vgl,aga
pwg,37393,nagara,vgl,nagarin
pwg,37393,nagara,vgl,nAgara
pwg,37394,nagarakAka,vgl,nagaravAyasa
pwg,37403,nagaramustA,vgl,nAgaramustA
pwg,37405,nagararakzin,vgl,nagarIrakzin
pwg,37415,nagarIrakzin,vgl,nagararakzin
pwg,37417,nagarotTA,vgl,nAgarotTA
pwg,37432,nagOkas,vgl,agOkas
pwg,37433,nagna,vgl,anagna
pwg,37433,nagna,vgl,mahA˚
pwg,37452,naciketas,vgl,nAciketa
pwg,37453,nacira,vgl,acira
pwg,37453,nacira,vgl,aciram
pwg,37453,nacira,vgl,acirAt
pwg,37453,nacira,vgl,acireRa
pwg,37453,nacira,vgl,mAciram
pwg,37471,nawasaMjYaka,vgl,nawaBUzaRa
pwg,37471,nawasaMjYaka,vgl,nawamaRqana
pwg,37477,naq,vgl,naw
pwg,37478,naqa,vgl,nala
pwg,37504,nad,vgl,nAnada
pwg,37504,nad,vgl,unnAda
pwg,37504,nad,vgl,praRAda
pwg,37533,nadImAtfka,vgl,devamAtaka
pwg,37539,nadIzRa,vgl,nizRa
pwg,37539,nadIzRa,vgl,nizRAta
pwg,37540,nadIsarja,vgl,nadIja
pwg,37548,nanandar,vgl,nanAndar
pwg,37551,nanAndar,vgl,nanandar
pwg,37555,nand,vgl,aBinanda
pwg,37555,nand,vgl,Ananda
pwg,37556,nanda,vgl,a˚
pwg,37556,nanda,vgl,alakanandA
pwg,37556,nanda,vgl,gonanda
pwg,37569,nandanta,vgl,nandayanta
pwg,37598,nandiGoza,vgl,nAndIGoza
pwg,37602,nandin,vgl,Agatanandin
pwg,37612,nandivfkza,vgl,nandIvfkza
pwg,37641,naBaHprARa,vgl,KaSvAsa
pwg,37641,naBaHprARa,vgl,naBaHSvAsa
pwg,37643,naBaga,vgl,naBAga
pwg,37643,naBaga,vgl,nABAga
pwg,37650,naBaHSvAsa,vgl,KaSvAsa
pwg,37650,naBaHSvAsa,vgl,naBaHprARa
pwg,37666,naBAka,vgl,nABAka
pwg,37667,naBAga,vgl,naBaga
pwg,37667,naBAga,vgl,nABAga
pwg,37691,naBya,vgl,aBi˚
pwg,37694,nam,vgl,avanati
pwg,37694,nam,vgl,avanamra
pwg,37694,nam,vgl,anAnata
pwg,37694,nam,vgl,Anamya
pwg,37694,nam,vgl,AnAmya
pwg,37694,nam,vgl,durAnama
pwg,37694,nam,vgl,unnati
pwg,37694,nam,vgl,upanati
pwg,37694,nam,vgl,˚nAmuka
pwg,37694,nam,vgl,pariRati
pwg,37694,nam,vgl,pariRAma
pwg,37694,nam,vgl,vinati
pwg,37694,nam,vgl,vinAma
pwg,37698,namana,vgl,gfha˚
pwg,37716,namAtra,vgl,nahimAtra
pwg,37718,namI,vgl,nimin
pwg,37738,naya,vgl,anaya
pwg,37738,naya,vgl,durnaya
pwg,37764,nar,vgl,nara
pwg,37780,narakeSarin,vgl,narasiMha
pwg,37805,narabali,vgl,narameDa
pwg,37805,narabali,vgl,puruzameDa
pwg,37808,naramAninI,vgl,naramAlinI
pwg,37811,narameDa,vgl,nfbali
pwg,37811,narameDa,vgl,puruzameDa
pwg,37824,naraSfNga,vgl,SaSavizARa
pwg,37828,narasiMha,vgl,nArasiMha
pwg,37828,narasiMha,vgl,nfsiMha
pwg,37828,narasiMha,vgl,narahari
pwg,37835,narANga,vgl,naraNga
pwg,37836,narAcI,vgl,narAca
pwg,37844,narASaMsa,vgl,nArASaMsa
pwg,37846,narizwA,vgl,narma
pwg,37846,narizwA,vgl,narman
pwg,37873,nard,vgl,Anarda
pwg,37880,narb,vgl,namb
pwg,37881,narma,vgl,narman
pwg,37881,narma,vgl,narizwA
pwg,37887,narman,vgl,narma
pwg,37959,navadIDiti,vgl,navArcis
pwg,37962,navadvAra,vgl,navamuKa
pwg,37965,navan,vgl,triRavan
pwg,37978,navaBAga,vgl,navAMSa
pwg,37985,navamuKa,vgl,navadvAra
pwg,37986,navayajYa,vgl,nAvayajYika
pwg,37998,navalA,vgl,naqvalA
pwg,38000,navavarikA,vgl,navakArikA
pwg,38005,navavyUha,vgl,caturvyUha
pwg,38009,navaSasya,vgl,navayajYa
pwg,38021,navAMSa,vgl,navaBAga
pwg,38030,navAha,vgl,navarAtra
pwg,38041,navedas,vgl,kovida
pwg,38043,navodDfta,vgl,navanIta
pwg,38049,naS,vgl,jIva˚
pwg,38051,naSa,vgl,nASa
pwg,38054,naSitar,vgl,naMzwar
pwg,38078,nas,vgl,naHkzudra
pwg,38078,nas,vgl,nasta
pwg,38078,nas,vgl,nastas
pwg,38078,nas,vgl,nasya
pwg,38078,nas,vgl,nasvant
pwg,38078,nas,vgl,nasyota
pwg,38078,nas,vgl,nAs
pwg,38078,nas,vgl,nAsA
pwg,38078,nas,vgl,nAsikA
pwg,38080,nasa,vgl,nas
pwg,38080,nasa,vgl,nAs
pwg,38080,nasa,vgl,nAsA
pwg,38080,nasa,vgl,nAsikA
pwg,38095,nah,vgl,giriRadDa
pwg,38095,nah,vgl,girinadDa
pwg,38095,nah,vgl,naBinahana
pwg,38095,nah,vgl,avanadDa
pwg,38095,nah,vgl,AnadDa
pwg,38095,nah,vgl,AnAha
pwg,38095,nah,vgl,unnAha
pwg,38095,nah,vgl,upanahana
pwg,38095,nah,vgl,upanAha
pwg,38095,nah,vgl,upAnah
pwg,38095,nah,vgl,upanAhana
pwg,38095,nah,vgl,nInAha
pwg,38095,nah,vgl,gudapariRadDa
pwg,38095,nah,vgl,pariRAha
pwg,38095,nah,vgl,parIRah
pwg,38095,nah,vgl,saMnAha
pwg,38096,nah,vgl,akzAnah
pwg,38100,nahimAtra,vgl,namAtra
pwg,38101,nahuza,vgl,naGuza
pwg,38101,nahuza,vgl,nAhuza
pwg,38101,nahuza,vgl,nAhuzi
pwg,38104,nahus,vgl,nAhuza
pwg,38104,nahus,vgl,SamInahuzI
pwg,38126,nAkra,vgl,nakra
pwg,38129,nAga,vgl,kziti˚
pwg,38139,nAgaKaRqa,vgl,nAgadvIpa
pwg,38158,nAgadvIpa,vgl,nAgaKaRqa
pwg,38190,nAgaBaginI,vgl,nAgamAtar
pwg,38192,nAgaBUzaRa,vgl,nAgacUqa
pwg,38204,nAgara,vgl,kelinAgara
pwg,38217,nAgarika,vgl,nAgaraka
pwg,38222,nAgarotTA,vgl,nagarotTA
pwg,38227,nAgavawwa,vgl,nAgarawwa
pwg,38237,nAgavIwa,vgl,nAgarIwa
pwg,38253,nAgahantrI,vgl,nAgArAti
pwg,38267,nAgArAti,vgl,nAgahantrI
pwg,38288,nAciketa,vgl,naciketa
pwg,38288,nAciketa,vgl,triRAciketa
pwg,38291,nAwa,vgl,vinAwa
pwg,38297,nAwAra,vgl,nAwera
pwg,38297,nAwAra,vgl,nAweya
pwg,38300,nAwera,vgl,nAwAra
pwg,38320,nAqIjaNGa,vgl,nAlijaNGa
pwg,38323,nAqIdeha,vgl,nAqIvigraha
pwg,38328,nAqIvigraha,vgl,nAqIdeha
pwg,38329,nAqIvraRa,vgl,nAqI
pwg,38341,nATa,vgl,a˚
pwg,38341,nATa,vgl,ku˚
pwg,38341,nATa,vgl,govinda˚
pwg,38341,nATa,vgl,jagannATa
pwg,38341,nATa,vgl,DunI˚
pwg,38341,nATa,vgl,nara˚
pwg,38341,nATa,vgl,sa˚
pwg,38341,nATa,vgl,su˚
pwg,38356,nAdavindUpanizad,vgl,nAda
pwg,38367,nAnada,vgl,nAnanda
pwg,38368,nAnanda,vgl,nAnanda
pwg,38395,nAntra,vgl,nAtra
pwg,38399,nAndI,vgl,nandI
pwg,38401,nAndIGoza,vgl,nandiGoza
pwg,38404,nAndImuKa,vgl,nandImuKa
pwg,38413,nABa,vgl,unnABa
pwg,38413,nABa,vgl,UrRa˚
pwg,38413,nABa,vgl,kaMja˚
pwg,38413,nABa,vgl,kAla˚
pwg,38413,nABa,vgl,tuNga˚
pwg,38413,nABa,vgl,tri˚
pwg,38413,nABa,vgl,dfQa˚
pwg,38413,nABa,vgl,deva˚
pwg,38413,nABa,vgl,Darma˚
pwg,38413,nABa,vgl,padma˚
pwg,38413,nABa,vgl,puzkara˚
pwg,38413,nABa,vgl,vajra˚
pwg,38413,nABa,vgl,su˚
pwg,38413,nABa,vgl,svarRa˚
pwg,38413,nABa,vgl,hiraRya˚
pwg,38417,nABAga,vgl,naBaga
pwg,38417,nABAga,vgl,naBAga
pwg,38417,nABAga,vgl,nABAnedizWa
pwg,38418,nABAgadizwa,vgl,nABAnedizWa
pwg,38418,nABAgadizwa,vgl,nABAga
pwg,38420,nABAganedizWa,vgl,nABAga
pwg,38421,nABAgArizwa,vgl,nABAga
pwg,38422,nABAgi,vgl,nABAga
pwg,38424,nABi,vgl,nABa
pwg,38424,nABi,vgl,anyanABi
pwg,38424,nABi,vgl,Gana˚
pwg,38424,nABi,vgl,rajata˚
pwg,38424,nABi,vgl,vfza˚
pwg,38424,nABi,vgl,sa˚
pwg,38424,nABi,vgl,su˚
pwg,38429,nABigupta,vgl,nABivarza
pwg,38433,nABinAqI,vgl,garBanAqI
pwg,38440,nABila,vgl,nABIla
pwg,38462,nAman,vgl,a˚
pwg,38462,nAman,vgl,triRAman
pwg,38462,nAman,vgl,durRAman
pwg,38462,nAman,vgl,paYca˚
pwg,38462,nAman,vgl,puru˚
pwg,38462,nAman,vgl,mahA˚
pwg,38462,nAman,vgl,mAtf˚
pwg,38462,nAman,vgl,yaTAnAma
pwg,38462,nAman,vgl,viSva˚
pwg,38462,nAman,vgl,sa˚
pwg,38462,nAman,vgl,sapta˚
pwg,38462,nAman,vgl,sarva˚
pwg,38462,nAman,vgl,sahasra˚
pwg,38462,nAman,vgl,suhavItu˚
pwg,38466,nAmapArAyaRa,vgl,DAtupArAyaRa
pwg,38475,nAmaSeza,vgl,AleKyaSeza
pwg,38475,nAmaSeza,vgl,kIrti˚
pwg,38475,nAmaSeza,vgl,yaSaH˚
pwg,38484,nAmin,vgl,a˚
pwg,38484,nAmin,vgl,BAvin
pwg,38488,nAyaka,vgl,a˚
pwg,38488,nAyaka,vgl,ku˚
pwg,38488,nAyaka,vgl,kula˚
pwg,38488,nAyaka,vgl,koSa˚
pwg,38488,nAyaka,vgl,gaRa˚
pwg,38488,nAyaka,vgl,graha˚
pwg,38488,nAyaka,vgl,daRqa˚
pwg,38488,nAyaka,vgl,dvAra˚
pwg,38488,nAyaka,vgl,nara˚
pwg,38536,nArikera,vgl,nArikela
pwg,38536,nArikera,vgl,nAlikera
pwg,38539,nAriNgakanda,vgl,nAraNgapattraka
pwg,38544,nArIca,vgl,nAqIka
pwg,38545,nArItaraMgaka,vgl,nAqItaraMga
pwg,38567,nAla,vgl,Kara˚
pwg,38567,nAla,vgl,DvaninAlA
pwg,38567,nAla,vgl,ganDanAlI
pwg,38567,nAla,vgl,cArunAlaka
pwg,38567,nAla,vgl,tUlanAlI
pwg,38567,nAla,vgl,dIrGanAla
pwg,38567,nAla,vgl,deva˚
pwg,38567,nAla,vgl,nABinAlA
pwg,38575,nAlikA,vgl,kapAla˚
pwg,38575,nAlikA,vgl,karpUra˚
pwg,38575,nAlikA,vgl,ganDa˚
pwg,38575,nAlikA,vgl,tUla˚
pwg,38578,nAlijaNGa,vgl,nAqIjaNGa
pwg,38587,nAva,vgl,nAvAja
pwg,38590,nAvAja,vgl,nAvopajIvana
pwg,38598,nASa,vgl,citta˚
pwg,38600,nASaka,vgl,ku˚
pwg,38600,nASaka,vgl,kfta˚
pwg,38601,nASana,vgl,kftapUrva˚
pwg,38610,nAs,vgl,nas
pwg,38610,nAs,vgl,nAsA
pwg,38610,nAs,vgl,nAsikA
pwg,38620,nAsAntika,vgl,keSAntika
pwg,38623,nAsApAka,vgl,GrARapAka
pwg,38637,nAsikA,vgl,anAsika
pwg,38637,nAsikA,vgl,kAkanAsikA
pwg,38637,nAsikA,vgl,kArpAsa˚
pwg,38637,nAsikA,vgl,carma˚
pwg,38637,nAsikA,vgl,natanAsika
pwg,38645,nAstika,vgl,Astika
pwg,38652,nAsya,vgl,nasya
pwg,38660,niMs,vgl,nikz
pwg,38664,niHkzepa,vgl,kzip
pwg,38694,nikASa,vgl,nIkASa
pwg,38694,nikASa,vgl,prakASa
pwg,38694,nikASa,vgl,pratikASa
pwg,38694,nikASa,vgl,saMkASa
pwg,38717,niketana,vgl,keli˚
pwg,38717,niketana,vgl,jalayantra˚
pwg,38717,niketana,vgl,vErocana˚
pwg,38722,nikoSya,vgl,koSya
pwg,38728,nikz,vgl,nIkzaRa
pwg,38728,nikz,vgl,nekzaRa
pwg,38728,nikz,vgl,vinikzaRa
pwg,38743,niKila,vgl,aKila
pwg,38746,nigaqa,vgl,nigala
pwg,38752,nigama,vgl,nEgama
pwg,38762,nigAla,vgl,gala
pwg,38765,nigut,vgl,nEguta
pwg,38773,nigranTana,vgl,nirgranTana
pwg,38775,nigraha,vgl,durnigraha
pwg,38783,niGaRwa,vgl,niGaRwu
pwg,38783,niGaRwa,vgl,nirGaRwa
pwg,38789,niGarzaRa,vgl,nirGarzaRa
pwg,38812,niculaka,vgl,nicula
pwg,38812,niculaka,vgl,nicola
pwg,38812,niculaka,vgl,nicolaka
pwg,38813,nicft,vgl,ati˚
pwg,38813,nicft,vgl,pAda˚
pwg,38813,nicft,vgl,nivft
pwg,38818,nicola,vgl,cola
pwg,38818,nicola,vgl,nicula
pwg,38820,nicCavi,vgl,licCavi
pwg,38823,nij,vgl,nirRij
pwg,38823,nij,vgl,nirRejaka
pwg,38853,nitya,vgl,a˚
pwg,38853,nitya,vgl,Atma˚
pwg,38853,nitya,vgl,tapo˚
pwg,38875,nityodyukta,vgl,nityAyukta
pwg,38877,nid,vgl,tvA˚
pwg,38877,nid,vgl,deva˚
pwg,38884,nidA,vgl,nindA
pwg,38888,nidAna,vgl,nimitta˚
pwg,38896,nideSa,vgl,nirdeSa
pwg,38903,nidrAyoga,vgl,yoganidrA
pwg,38928,niDipa,vgl,niDipA
pwg,38931,niDipA,vgl,niDipa
pwg,38937,niDfti,vgl,nirvfti
pwg,38937,niDfti,vgl,nivftti
pwg,38940,niDruva,vgl,nEDruva
pwg,38940,niDruva,vgl,nEDruvi
pwg,38961,nindA,vgl,aninda
pwg,38961,nindA,vgl,nidA
pwg,38965,nindya,vgl,a˚
pwg,38977,nipAka,vgl,nirAka
pwg,38991,nipuRa,vgl,nEpuRa
pwg,38991,nipuRa,vgl,nEpuRya
pwg,38997,niPAlana,vgl,niBAlana
pwg,39015,niBAlana,vgl,niPAlana
pwg,39030,nimAna,vgl,a˚
pwg,39033,nimitta,vgl,nEmitta
pwg,39033,nimitta,vgl,nEmittika
pwg,39049,nimiza,vgl,a˚
pwg,39049,nimiza,vgl,nimeza
pwg,39060,nimeza,vgl,nimiza
pwg,39069,nimnagA,vgl,giri˚
pwg,39073,nimnEs,vgl,uccEs
pwg,39073,nimnEs,vgl,nIcEs
pwg,39074,nimba,vgl,giri˚
pwg,39074,nimba,vgl,tfRa˚
pwg,39090,niyantavya,vgl,niyamya
pwg,39093,niyama,vgl,a˚
pwg,39119,niyogya,vgl,niyojya
pwg,39179,niraya,vgl,tiryaNniraya
pwg,39203,niravahAlikA,vgl,avahAlikA
pwg,39208,nirasana,vgl,nirAsa
pwg,39277,nirASa,vgl,nErASya
pwg,39300,nirIkzA,vgl,durnirIkza
pwg,39302,nirIkzya,vgl,durnirIkzya
pwg,39370,nirfti,vgl,nErfta
pwg,39383,nirgama,vgl,jala˚
pwg,39398,nirgranTaka,vgl,nirgranTika
pwg,39399,nirgranTana,vgl,nigranTana
pwg,39399,nirgranTana,vgl,niganDana
pwg,39402,nirgranTika,vgl,nirgranTa
pwg,39402,nirgranTika,vgl,nirgranTaka
pwg,39406,nirGarzaRa,vgl,niGarzaRa
pwg,39440,nirRaya,vgl,kAla˚
pwg,39440,nirRaya,vgl,jvara˚
pwg,39446,nirRara,vgl,nirJara
pwg,39448,nirRAyana,vgl,niryARa
pwg,39449,nirRij,vgl,aDi˚
pwg,39449,nirRij,vgl,aSva˚
pwg,39449,nirRij,vgl,Gfta˚
pwg,39449,nirRij,vgl,candra˚
pwg,39449,nirRij,vgl,varza˚
pwg,39449,nirRij,vgl,hiraRya˚
pwg,39464,nirdaSa,vgl,anirdaSa
pwg,39469,nirdAtar,vgl,niryAtar
pwg,39476,nirdeSa,vgl,nideSa
pwg,39507,nirbanDa,vgl,nibanDa
pwg,39540,nirmaTana,vgl,nirmanTana
pwg,39548,nirmanTa,vgl,nirmaTa
pwg,39549,nirmanTana,vgl,nirmaTana
pwg,39550,nirmanTya,vgl,nirmaTya
pwg,39567,nirmARarati,vgl,nirvARaruci
pwg,39609,niryAsa,vgl,agni˚
pwg,39609,niryAsa,vgl,kAla˚
pwg,39609,niryAsa,vgl,tantu˚
pwg,39609,niryAsa,vgl,SAla˚
pwg,39609,niryAsa,vgl,hiNgu˚
pwg,39615,niryUha,vgl,nirvyUha
pwg,39624,nirleKana,vgl,jihvA˚
pwg,39630,nirvacana,vgl,nivacana
pwg,39636,nirvapaRa,vgl,nirvApa
pwg,39636,nirvapaRa,vgl,nirvApaRa
pwg,39636,nirvapaRa,vgl,nivApa
pwg,39657,nirvARa,vgl,apa˚
pwg,39657,nirvARa,vgl,pari˚
pwg,39663,nirvARaruci,vgl,nirmARarati
pwg,39667,nirvAta,vgl,nivAta
pwg,39670,nirvApa,vgl,nirvapaRa
pwg,39670,nirvApa,vgl,nivApa
pwg,39682,nirvAha,vgl,nErvAhika
pwg,39728,nirvfttaSatru,vgl,ninartaSatru
pwg,39744,nirvoQar,vgl,nirvahitar
pwg,39757,nirvyUha,vgl,niryUha
pwg,39765,nirhasta,vgl,nErhasta
pwg,39775,nirhrAda,vgl,dunduBi˚
pwg,39791,nivacana,vgl,nirvacana
pwg,39794,nivapana,vgl,nirvapaRa
pwg,39812,nivAku,vgl,nEvAkava
pwg,39812,nivAku,vgl,nEvAkavi
pwg,39813,nivAta,vgl,nirvAta
pwg,39813,nivAta,vgl,pravAta
pwg,39818,nivApa,vgl,karaRqaka˚ (karaRqakanivApaka
pwg,39824,nivArya,vgl,durnivArya
pwg,39826,nivAsa,vgl,jagannivAsa
pwg,39833,nivAsin,vgl,tAlavfnta˚
pwg,39833,nivAsin,vgl,daMzwrA˚
pwg,39846,nivft,vgl,ati˚
pwg,39846,nivft,vgl,pAda˚
pwg,39846,nivft,vgl,atipAda˚
pwg,39857,niveSana,vgl,a˚
pwg,39869,niSa,vgl,aniSa
pwg,39871,niSabda,vgl,niHSabda
pwg,39872,niSamana,vgl,niSAmana
pwg,39873,niSaraRa,vgl,niSA˚
pwg,39908,niSAmaRi,vgl,DvajAgra˚
pwg,39909,niSAmana,vgl,niSamana
pwg,39913,niSAraRa,vgl,niSaraRa
pwg,39924,niSitA,vgl,aniSita
pwg,39932,niSITyA,vgl,niSITa
pwg,39943,niScapraca,vgl,AcaparAca
pwg,39944,niScaya,vgl,arTa˚
pwg,39955,niScinta,vgl,nEScintya
pwg,39980,niHSabda,vgl,niSabda
pwg,39991,niHSeza,vgl,aSeza
pwg,39993,niHSezay,vgl,aSezay
pwg,40006,nizaNga,vgl,a˚
pwg,40027,nizAda,vgl,nEzAda
pwg,40027,nizAda,vgl,nEzAdaka
pwg,40027,nizAda,vgl,nEzAdaki
pwg,40027,nizAda,vgl,nEzAdi
pwg,40035,niziDa,vgl,nEziDa
pwg,40057,nizka,vgl,nEzkika
pwg,40057,nizka,vgl,nEzkaSatika
pwg,40057,nizka,vgl,nEzkasahasrika
pwg,40080,nizkAraRa,vgl,nikA˚
pwg,40082,nizkAlaka,vgl,nizkAlika
pwg,40084,nizkAlika,vgl,nizkAlaka
pwg,40093,nizkilviza,vgl,nikilbiza
pwg,40095,nizkuwi,vgl,nistruwI
pwg,40120,nizkramaRa,vgl,durni˚
pwg,40120,nizkramaRa,vgl,nEzkramaRa
pwg,40144,nizWA,vgl,karma˚
pwg,40144,nizWA,vgl,puru˚
pwg,40160,nizWUrin,vgl,nizWura
pwg,40160,nizWUrin,vgl,sTUrin
pwg,40160,nizWUrin,vgl,sTUla
pwg,40164,nizRa,vgl,niSna
pwg,40164,nizRa,vgl,nadIzRa
pwg,40207,nizpuruza,vgl,nEzpuruzya
pwg,40209,nizpeza,vgl,nEzpezika
pwg,40251,niHziD,vgl,puru˚
pwg,40252,niHziDvan,vgl,puru˚
pwg,40265,nisunda,vgl,sunda
pwg,40267,nisusUs,vgl,aBisusUs
pwg,40281,nistarIka,vgl,dustarIka
pwg,40304,nistruwI,vgl,truwi
pwg,40309,nispanda,vgl,nizpanda
pwg,40310,nispfS,vgl,mandi˚
pwg,40312,nisyanda,vgl,guhyanizyanda
pwg,40312,nisyanda,vgl,go˚
pwg,40315,nisrAva,vgl,niHsrAva
pwg,40318,nisvana,vgl,niHsvana
pwg,40325,niHsaNga,vgl,asaNga
pwg,40359,niHsrAva,vgl,nisrAva
pwg,40361,niHsvana,vgl,nisvana
pwg,40379,nI,vgl,naya
pwg,40379,nI,vgl,nayana
pwg,40379,nI,vgl,nayitavya
pwg,40379,nI,vgl,nayizWa
pwg,40379,nI,vgl,nAya
pwg,40379,nI,vgl,nAyaka
pwg,40379,nI,vgl,nAyin
pwg,40379,nI,vgl,nIti
pwg,40379,nI,vgl,netar
pwg,40379,nI,vgl,netavya
pwg,40379,nI,vgl,netra
pwg,40379,nI,vgl,neya
pwg,40379,nI,vgl,ninIzA
pwg,40379,nI,vgl,˚zu
pwg,40379,nI,vgl,anunaya
pwg,40379,nI,vgl,˚neya
pwg,40379,nI,vgl,apanaya
pwg,40379,nI,vgl,˚nayana
pwg,40379,nI,vgl,aBinaya
pwg,40379,nI,vgl,˚netavya
pwg,40379,nI,vgl,˚neya
pwg,40379,nI,vgl,avanaya
pwg,40379,nI,vgl,˚nayana
pwg,40379,nI,vgl,˚nAya
pwg,40379,nI,vgl,Anaya
pwg,40379,nI,vgl,unnaya
pwg,40379,nI,vgl,upanaya
pwg,40379,nI,vgl,ninayana
pwg,40379,nI,vgl,nirRaya
pwg,40379,nI,vgl,nirRayana
pwg,40379,nI,vgl,nirRetar
pwg,40379,nI,vgl,pariRaya
pwg,40379,nI,vgl,˚RAya
pwg,40379,nI,vgl,˚Retar
pwg,40379,nI,vgl,praRaya
pwg,40379,nI,vgl,˚Rayana
pwg,40379,nI,vgl,˚RayanIya
pwg,40379,nI,vgl,˚RAyya
pwg,40379,nI,vgl,˚RI
pwg,40379,nI,vgl,˚Retar
pwg,40379,nI,vgl,Reya
pwg,40379,nI,vgl,praRinIzeRya
pwg,40379,nI,vgl,saMpraRetar
pwg,40379,nI,vgl,vinaya
pwg,40379,nI,vgl,˚nayana
pwg,40379,nI,vgl,˚nIta
pwg,40379,nI,vgl,˚netar
pwg,40379,nI,vgl,˚netra
pwg,40379,nI,vgl,˚neya
pwg,40379,nI,vgl,saMnaya
pwg,40379,nI,vgl,˚neya
pwg,40380,nI,vgl,agraRI
pwg,40380,nI,vgl,agre˚
pwg,40380,nI,vgl,ftanI
pwg,40380,nI,vgl,gATA˚
pwg,40380,nI,vgl,grAmaRI
pwg,40380,nI,vgl,padanI
pwg,40380,nI,vgl,pftanA˚
pwg,40380,nI,vgl,yajYa˚
pwg,40380,nI,vgl,vaSa˚
pwg,40380,nI,vgl,senA˚
pwg,40387,nIkzaRa,vgl,nekzaRa
pwg,40388,nIca,vgl,nIcAt
pwg,40388,nIca,vgl,nIcEs
pwg,40388,nIca,vgl,uccanIca
pwg,40388,nIca,vgl,nyaYc
pwg,40391,nIcakin,vgl,nEcika
pwg,40409,nIcEs,vgl,uccEs
pwg,40409,nIcEs,vgl,nimnEs
pwg,40409,nIcEs,vgl,SanEs
pwg,40414,nIqa,vgl,a˚
pwg,40414,nIqa,vgl,eka˚
pwg,40414,nIqa,vgl,kfpa˚
pwg,40414,nIqa,vgl,nirnIqa
pwg,40414,nIqa,vgl,sa˚
pwg,40420,nIta,vgl,asu˚
pwg,40420,nIta,vgl,triRItA
pwg,40420,nIta,vgl,durnIta
pwg,40420,nIta,vgl,navanIta
pwg,40420,nIta,vgl,yuzmA˚
pwg,40420,nIta,vgl,su˚
pwg,40422,nIti,vgl,agraRIti
pwg,40422,nIti,vgl,adabDanIti
pwg,40422,nIti,vgl,asu˚
pwg,40422,nIti,vgl,fju˚
pwg,40422,nIti,vgl,ku˚
pwg,40422,nIti,vgl,daRqa˚
pwg,40422,nIti,vgl,deva˚
pwg,40422,nIti,vgl,varpa˚
pwg,40422,nIti,vgl,vasu˚
pwg,40422,nIti,vgl,SarDa˚
pwg,40422,nIti,vgl,sahasra˚
pwg,40433,nITa,vgl,dIrGa˚
pwg,40433,nITa,vgl,deva˚
pwg,40433,nITa,vgl,puru˚
pwg,40433,nITa,vgl,vasu˚
pwg,40433,nITa,vgl,su˚
pwg,40436,nIDra,vgl,nIvra
pwg,40442,nIra,vgl,kzIranIra
pwg,40442,nIra,vgl,sadAnIrA
pwg,40456,nIraDi,vgl,abDi
pwg,40456,nIraDi,vgl,toyaDi
pwg,40475,nIla,vgl,kAMsya˚
pwg,40475,nIla,vgl,kAkanIlA
pwg,40476,nIlaka,vgl,kaRWanIlaka
pwg,40476,nIlaka,vgl,janinIlikA
pwg,40478,nIlakaRWa,vgl,kAlakaRWa
pwg,40513,nIlapawala,vgl,nIlikAkAca
pwg,40528,nIlaBa,vgl,nIlABa
pwg,40550,nIlavasana,vgl,nIlavAsas
pwg,40550,nIlavasana,vgl,nIlAmbara
pwg,40573,nIlANgu,vgl,nIlaNgu
pwg,40580,nIlABa,vgl,nIlaBa
pwg,40586,nIlAruRa,vgl,tAmrAruRa
pwg,40586,nIlAruRa,vgl,pItAruRa
pwg,40606,nIv,vgl,tIv
pwg,40606,nIv,vgl,pIv
pwg,40606,nIv,vgl,mIv
pwg,40607,nIva,vgl,nIpa
pwg,40616,nIvra,vgl,nIGra
pwg,40623,nu,vgl,praRava
pwg,40628,nud,vgl,nirRoda
pwg,40628,nud,vgl,vinud
pwg,40629,nud,vgl,garBa˚
pwg,40629,nud,vgl,jaWara˚
pwg,40629,nud,vgl,tamo˚
pwg,40629,nud,vgl,timira˚
pwg,40630,nuda,vgl,tamo˚
pwg,40642,nfkesarin,vgl,narakeSarin
pwg,40689,nfpAkfzwa,vgl,nOkAkfzwa
pwg,40699,nfpAmaya,vgl,rAjayakzman
pwg,40723,namiTuna,vgl,nfyugma
pwg,40726,nfmeDa,vgl,nArmeDa
pwg,40730,nfyugma,vgl,nfmiTuna
pwg,40745,nfzad,vgl,nArzada
pwg,40762,nfsiMhasarasvatI,vgl,narasiMhasarasvatI
pwg,40768,nekzaRa,vgl,nIkzaRa
pwg,40768,nekzaRa,vgl,mekzaRa
pwg,40769,nega,vgl,nEgeya
pwg,40771,nejana,vgl,pAnnejana
pwg,40771,nejana,vgl,muYja˚
pwg,40809,netrABizyanda,vgl,aBizyanda
pwg,40842,nemi,vgl,arizwa˚
pwg,40842,nemi,vgl,kAla˚
pwg,40842,nemi,vgl,graha˚
pwg,40842,nemi,vgl,jita˚ dfQa˚
pwg,40842,nemi,vgl,nakzatra˚
pwg,40842,nemi,vgl,sa˚
pwg,40842,nemi,vgl,hiraRya˚
pwg,40845,nemin,vgl,arizwa˚
pwg,40846,nemiMDara,vgl,nimiMDara
pwg,40880,nEgameza,vgl,nejameza
pwg,40884,nEcika,vgl,nIcakI
pwg,40884,nEcika,vgl,nIcakin
pwg,40893,nEtyaka,vgl,nEtyika
pwg,40912,nEpAla,vgl,nepAla
pwg,40933,nEyagroDa,vgl,nayyagroDa
pwg,40934,nEyaNkava,vgl,nyANkava
pwg,41038,nonaraTa,vgl,nona
pwg,41043,nOkarRaDAra,vgl,karRaDAra
pwg,41046,nOkAkfzwa,vgl,nfpAkfzwa
pwg,41052,nOdaRqa,vgl,nOkAdaRqa
pwg,41079,nyaNkuSiras,vgl,tanuSiras
pwg,41105,nyAya,vgl,a˚
pwg,41105,nyAya,vgl,pratinyAyam
pwg,41105,nyAya,vgl,DAtunyAyamaYjUzA
pwg,41140,nyUna,vgl,a˚
pwg,41140,nyUna,vgl,anyUnADika
pwg,41146,nyokas,vgl,a˚
pwg,41162,pakkaRa,vgl,pakvaSa
pwg,41172,pakva,vgl,nizpakva
pwg,41172,pakva,vgl,pari˚
pwg,41172,pakva,vgl,vi˚
pwg,41172,pakva,vgl,su˚
pwg,41178,pakvaSa,vgl,pukkaSa
pwg,41178,pakvaSa,vgl,pukvasa
pwg,41178,pakvaSa,vgl,pakkaRa
pwg,41185,pakza,vgl,apara˚
pwg,41185,pakza,vgl,uttara˚
pwg,41185,pakza,vgl,eka˚
pwg,41185,pakza,vgl,kAka˚
pwg,41185,pakza,vgl,kfzRa˚
pwg,41185,pakza,vgl,krOYca˚
pwg,41185,pakza,vgl,Candaspakza
pwg,41185,pakza,vgl,jyotizpakza
pwg,41185,pakza,vgl,tamisra˚
pwg,41185,pakza,vgl,dvE˚
pwg,41185,pakza,vgl,pUrva˚ vi˚
pwg,41185,pakza,vgl,vrata˚
pwg,41185,pakza,vgl,sa˚
pwg,41185,pakza,vgl,hiraRya˚
pwg,41187,pakzagama,vgl,pakzaMgama
pwg,41195,pakzacara,vgl,pakzaDara
pwg,41200,pakzati,vgl,ni˚
pwg,41203,pakzaDara,vgl,pakzacara
pwg,41212,pakzamUla,vgl,pakzati
pwg,41252,pakzmala,vgl,utpakzmala
pwg,41253,pakzmAkza,vgl,pakzmakopa
pwg,41256,paNka,vgl,nizpaNka
pwg,41256,paNka,vgl,nIla˚
pwg,41263,paNkagrAha,vgl,paNgugrAha
pwg,41264,paNkacCid,vgl,kataka
pwg,41269,paNkajAvalI,vgl,paNkAvalI
pwg,41291,paNkti,vgl,akzara˚
pwg,41291,paNkti,vgl,alpaSaH˚
pwg,41306,paNgugrAha,vgl,paNkagrAha
pwg,41311,pac,vgl,paripakva
pwg,41311,pac,vgl,˚pAka
pwg,41311,pac,vgl,˚pAkin
pwg,41311,pac,vgl,prapAka
pwg,41311,pac,vgl,vipaktrima
pwg,41311,pac,vgl,˚pakva
pwg,41311,pac,vgl,˚pAka
pwg,41383,paYcat,vgl,daSat
pwg,41390,paYcatA,vgl,paYcatva
pwg,41396,paYcatva,vgl,paYcatA
pwg,41412,paYcanaKa,vgl,pAYcanaKa
pwg,41413,paYcanada,vgl,pAYcanada
pwg,41426,paYcapad,vgl,paYcapadI
pwg,41466,paYcamuKa,vgl,paYcaSiKa
pwg,41466,paYcamuKa,vgl,paYcavaktra
pwg,41466,paYcamuKa,vgl,paYcAnana
pwg,41466,paYcamuKa,vgl,paYcAsya
pwg,41491,paYcavaktra,vgl,paYcamuKa
pwg,41567,paYcAnana,vgl,paYcamuKa
pwg,41577,paYcArI,vgl,paYcanI
pwg,41577,paYcArI,vgl,paYcamI
pwg,41577,paYcArI,vgl,paYcAlI
pwg,41580,paYcAlaka,vgl,paYcAlI
pwg,41580,paYcAlaka,vgl,pAYcAlI
pwg,41596,paYcASati,vgl,triMSati
pwg,41605,paYcAsya,vgl,paYcamuKa
pwg,41616,paYcOdana,vgl,pAYcOdanika
pwg,41620,paYjara,vgl,pAYjarya
pwg,41628,paw,vgl,avapAwikA
pwg,41628,paw,vgl,utpawa
pwg,41628,paw,vgl,utpala
pwg,41628,paw,vgl,utpAwa
pwg,41643,pawala,vgl,akza˚
pwg,41654,pawAlukA,vgl,jalukA
pwg,41680,pawwaka,vgl,carmapawwikA
pwg,41680,pawwaka,vgl,nala˚
pwg,41683,pawwadevI,vgl,pawwamahizI
pwg,41683,pawwadevI,vgl,˚rAjYI
pwg,41684,pawwana,vgl,devapallI˚
pwg,41684,pawwana,vgl,Darma˚
pwg,41704,pawwiSa,vgl,pawwISa
pwg,41710,paW,vgl,anupaWitin
pwg,41710,paW,vgl,saMpAWya
pwg,41714,paWamaYjarI,vgl,paWasamaYcarI
pwg,41716,paWasamaYjarI,vgl,paWamaYjarI
pwg,41725,paR,vgl,vipaRa
pwg,41727,paRa,vgl,pARa
pwg,41737,paRasy,vgl,panasy
pwg,41740,paRAyya,vgl,panAyya
pwg,41788,pat,vgl,pitsant
pwg,41788,pat,vgl,pitsu
pwg,41788,pat,vgl,atipAtita
pwg,41788,pat,vgl,anupAta
pwg,41788,pat,vgl,anupAtin
pwg,41788,pat,vgl,Apatana
pwg,41788,pat,vgl,Apati
pwg,41788,pat,vgl,utpata
pwg,41788,pat,vgl,upapAta
pwg,41788,pat,vgl,upapAtin
pwg,41788,pat,vgl,nipatana
pwg,41788,pat,vgl,nipAta
pwg,41788,pat,vgl,nipAtin
pwg,41788,pat,vgl,nipAtana
pwg,41788,pat,vgl,nipAtanIya
pwg,41788,pat,vgl,nipAtya
pwg,41788,pat,vgl,upanipAta
pwg,41788,pat,vgl,praRipAta
pwg,41788,pat,vgl,vinipAta
pwg,41788,pat,vgl,saMnipAta
pwg,41788,pat,vgl,nizpatana
pwg,41788,pat,vgl,nizpatizRu
pwg,41788,pat,vgl,paripatana
pwg,41788,pat,vgl,prapatana
pwg,41788,pat,vgl,prapAta
pwg,41788,pat,vgl,saMpAta
pwg,41788,pat,vgl,aBisaMpAta
pwg,41795,pataga,vgl,pataMga
pwg,41795,pataga,vgl,pataMgama
pwg,41796,pataMga,vgl,pataga
pwg,41805,patatra,vgl,pattra
pwg,41808,patatrin,vgl,pAtatriRa
pwg,41816,patama,vgl,patasa
pwg,41822,patasa,vgl,patama
pwg,41828,pati,vgl,aMSu˚
pwg,41828,pati,vgl,aMhasas˚
pwg,41828,pati,vgl,aDi˚
pwg,41828,pati,vgl,daMpatI
pwg,41828,pati,vgl,dvArapati
pwg,41828,pati,vgl,nf˚
pwg,41828,pati,vgl,pfTivI˚
pwg,41828,pati,vgl,prajA˚
pwg,41828,pati,vgl,BUmi˚
pwg,41828,pati,vgl,mahI˚
pwg,41828,pati,vgl,viw˚
pwg,41829,patiMvarA,vgl,svayaMvara
pwg,41833,patiGna,vgl,a˚
pwg,41837,patitasAvitrIka,vgl,sAvitrIpatita
pwg,41839,patitva,vgl,patnItva
pwg,41853,pativrata,vgl,Bartfvrata
pwg,41855,patizWa,vgl,patIyaMs
pwg,41857,patIyaMs,vgl,patizWa
pwg,41866,pattas,vgl,pattatas
pwg,41871,pattigaRaka,vgl,raTagaRaka
pwg,41875,pattra,vgl,acCinna˚
pwg,41875,pattra,vgl,ukTa˚
pwg,41875,pattra,vgl,kara˚
pwg,41875,pattra,vgl,vfdDi˚
pwg,41875,pattra,vgl,su˚
pwg,41880,pattraGanA,vgl,carmakaSA
pwg,41892,pattrapAla,vgl,pAli
pwg,41902,pattraBaNga,vgl,pattramaYjarI
pwg,41902,pattraBaNga,vgl,˚latA
pwg,41902,pattraBaNga,vgl,˚leKA
pwg,41902,pattraBaNga,vgl,˚vallarI
pwg,41902,pattraBaNga,vgl,˚valli
pwg,41902,pattraBaNga,vgl,pattrANguli
pwg,41906,pattray,vgl,pattraRA
pwg,41922,pattraSAka,vgl,SAkapattra
pwg,41932,pattrANga,vgl,pattraNga
pwg,41946,pattrivAha,vgl,pattravAha
pwg,41955,patnI,vgl,arya˚
pwg,41955,patnI,vgl,eka˚
pwg,41955,patnI,vgl,jIva˚
pwg,41955,patnI,vgl,jIvat˚
pwg,41955,patnI,vgl,daMsu˚
pwg,41955,patnI,vgl,dAsa˚
pwg,41955,patnI,vgl,deva˚
pwg,41955,patnI,vgl,nf˚
pwg,41955,patnI,vgl,parjanya˚
pwg,41955,patnI,vgl,yajYa˚
pwg,41955,patnI,vgl,sa˚
pwg,41955,patnI,vgl,saM˚
pwg,41955,patnI,vgl,saha˚
pwg,41955,patnI,vgl,su˚
pwg,41956,patnItva,vgl,patitva
pwg,41957,patnIvant,vgl,pAtnIvata
pwg,41962,patnyAwa,vgl,kanyAwa
pwg,41963,patman,vgl,vILu˚
pwg,41963,patman,vgl,raGupatmajaMhas
pwg,41966,patvan,vgl,ASu˚
pwg,41966,patvan,vgl,raGu˚
pwg,41966,patvan,vgl,Syena˚
pwg,41971,paT,vgl,panT
pwg,41973,paTa,vgl,a˚
pwg,41973,paTa,vgl,aja˚
pwg,41973,paTa,vgl,adarSana˚
pwg,41973,paTa,vgl,aDi˚
pwg,41973,paTa,vgl,anirudDa˚
pwg,41973,paTa,vgl,anu˚
pwg,41973,paTa,vgl,antas˚
pwg,41973,paTa,vgl,apatya˚
pwg,41973,paTa,vgl,aBra˚
pwg,41973,paTa,vgl,asat˚
pwg,41973,paTa,vgl,asi˚
pwg,41977,paTanvant,vgl,paTimant
pwg,41980,paTika,vgl,pATika
pwg,41980,paTika,vgl,pATikya
pwg,41988,paTimant,vgl,paTanvant
pwg,41998,paTya,vgl,apaTya
pwg,42000,pad,vgl,anupad
pwg,42000,pad,vgl,aBipatti
pwg,42000,pad,vgl,avapAda/
pwg,42000,pad,vgl,ApAdana
pwg,42000,pad,vgl,pratyApatti
pwg,42000,pad,vgl,vyApatti
pwg,42000,pad,vgl,vyApad
pwg,42000,pad,vgl,vyApAdana
pwg,42000,pad,vgl,samApatti
pwg,42000,pad,vgl,utpatti
pwg,42000,pad,vgl,utpAda
pwg,42000,pad,vgl,vyutpatti
pwg,42000,pad,vgl,samutpatti
pwg,42000,pad,vgl,upapatti
pwg,42000,pad,vgl,upapAduka
pwg,42000,pad,vgl,upapAdaka
pwg,42000,pad,vgl,aByupapatti
pwg,42000,pad,vgl,anipadyamAna
pwg,42000,pad,vgl,nipAda
pwg,42000,pad,vgl,nizpatti
pwg,42000,pad,vgl,nizpAdaka
pwg,42000,pad,vgl,aprapadana
pwg,42000,pad,vgl,pratipattavya
pwg,42000,pad,vgl,˚patti
pwg,42000,pad,vgl,˚pad
pwg,42000,pad,vgl,˚pAdya
pwg,42000,pad,vgl,pratipAdaka
pwg,42000,pad,vgl,vipratipatti
pwg,42000,pad,vgl,saMpratipatti
pwg,42000,pad,vgl,vipatti
pwg,42000,pad,vgl,vipad
pwg,42000,pad,vgl,saMpatti
pwg,42000,pad,vgl,saMpad
pwg,42000,pad,vgl,saMpAdaka
pwg,42000,pad,vgl,saMpAdana
pwg,42000,pad,vgl,saMpAdanIya
pwg,42000,pad,vgl,saMpAdayitar
pwg,42000,pad,vgl,aBisaMpatti
pwg,42000,pad,vgl,upasaMpatti
pwg,42003,pada,vgl,a˚
pwg,42003,pada,vgl,aja˚
pwg,42003,pada,vgl,anu˚
pwg,42003,pada,vgl,ASrama˚
pwg,42003,pada,vgl,uttara˚
pwg,42003,pada,vgl,eka˚
pwg,42003,pada,vgl,kAYcI˚
pwg,42003,pada,vgl,krOYcapadA (˚padI
pwg,42012,padagotra,vgl,padadevatA
pwg,42019,padaYjala,vgl,pataYjala
pwg,42023,padadevatA,vgl,padagotra
pwg,42028,padanuzaNga,vgl,padAnuzaNga
pwg,42029,padanyAsa,vgl,pAdanyAsa
pwg,42031,padapadDati,vgl,pAdapadDati
pwg,42033,padapUraRa,vgl,pAdapUraRa
pwg,42041,padavigraha,vgl,pAdavigraha
pwg,42046,padavftti,vgl,paYcAla˚
pwg,42050,padazWIva,vgl,UrvazWIva
pwg,42062,padANguzWa,vgl,pAdANguzWa
pwg,42063,padAji,vgl,padAti
pwg,42076,padAnuzaNga,vgl,padanuzaNga
pwg,42080,padAntara,vgl,pAdAntara
pwg,42084,padAyatA,vgl,pannadDA
pwg,42099,padika,vgl,Ottarapadika
pwg,42099,padika,vgl,pOrvapadika
pwg,42103,padga,vgl,padaga
pwg,42105,padDati,vgl,pada˚
pwg,42105,padDati,vgl,pAda˚
pwg,42105,padDati,vgl,sopAna˚
pwg,42123,padmaKaRqa,vgl,padmazaRqa
pwg,42145,padmapriyA,vgl,padmA
pwg,42151,padmaBAsa,vgl,padmahAsa
pwg,42176,padmaSrI,vgl,padmA
pwg,42178,padmazaRqa,vgl,padmaKaRqa
pwg,42186,padmahAsa,vgl,padmaBAsa
pwg,42190,padmAwa,vgl,cakra˚
pwg,42200,padminIKaRqa,vgl,padmaKaRqa
pwg,42213,padvan,vgl,padva
pwg,42226,panizWa,vgl,panIyaMs
pwg,42228,panIyaMs,vgl,panyaMs
pwg,42228,panIyaMs,vgl,panizWa
pwg,42230,panT,vgl,paT
pwg,42243,pannAgAra,vgl,pAnnAgAra
pwg,42243,pannAgAra,vgl,pAnnAgAri
pwg,42276,payasy,vgl,payAy
pwg,42307,par,vgl,supUrRa
pwg,42307,par,vgl,aBipUraRa
pwg,42307,par,vgl,ApUra
pwg,42307,par,vgl,pratipUraRa
pwg,42308,par,vgl,utpAraRa
pwg,42311,parauru,vgl,parovarIyaMs
pwg,42339,parajAta,vgl,parAcita
pwg,42341,paraYja,vgl,parAYja
pwg,42348,paratarkuka,vgl,tarkuka
pwg,42354,paradAra,vgl,pAradArika
pwg,42381,paraBfta,vgl,parapuzwa
pwg,42400,paramamahant,vgl,paramARu
pwg,42432,paramezu,vgl,paramekzu
pwg,42433,paramezWa,vgl,paramezWin
pwg,42436,paramezWin,vgl,pAramezWya
pwg,42439,paraMpara,vgl,pAraMparya
pwg,42440,paraMparAka,vgl,paraMparA
pwg,42443,pararIRa,vgl,parparIRa
pwg,42461,paraSavya,vgl,pAraSavya
pwg,42462,paraSu,vgl,pAraSavya
pwg,42470,paraSvaDa,vgl,pAraSvaDa
pwg,42470,paraSvaDa,vgl,pAraSvaDika
pwg,42474,paraHSvas,vgl,paraSvas
pwg,42476,paras,vgl,paraHkfzRa
pwg,42488,paraspa,vgl,paraspA
pwg,42490,paraspara,vgl,aparaspara
pwg,42490,paraspara,vgl,anyo'nya
pwg,42490,paraspara,vgl,itaretara
pwg,42491,paraspA,vgl,paraspa
pwg,42492,parasmEpada,vgl,Atmanepada
pwg,42497,parasvant,vgl,pArasvata
pwg,42510,parAkpuzpI,vgl,pratyakpuzpI
pwg,42511,parAkrama,vgl,karRa˚
pwg,42533,parAjaya,vgl,akza˚
pwg,42538,parAYc,vgl,parAgdfS
pwg,42538,parAYc,vgl,parAgvasu
pwg,42538,parAYc,vgl,parANmanas
pwg,42538,parAYc,vgl,parANmuKa
pwg,42541,parAYja,vgl,paraYja
pwg,42559,parAnta,vgl,aparAnta
pwg,42563,parApara,vgl,parAvara
pwg,42598,parAvara,vgl,parApara
pwg,42607,parAvidDa,vgl,parividDa
pwg,42612,parAvyADa,vgl,parAsa
pwg,42613,parASara,vgl,pArASara
pwg,42613,parASara,vgl,pArASari
pwg,42613,parASara,vgl,pArASarin
pwg,42613,parASara,vgl,pArASarya
pwg,42624,parAsana,vgl,apAsana
pwg,42625,parAsin,vgl,parAsa
pwg,42650,parikalkana,vgl,kalkana
pwg,42664,parikrama,vgl,a˚
pwg,42684,parikzit,vgl,parIkzit
pwg,42684,parikzit,vgl,pArikzita
pwg,42684,parikzit,vgl,pArIkzita
pwg,42709,parigraha,vgl,duzparigraha
pwg,42709,parigraha,vgl,nizparigraha
pwg,42714,parigrahin,vgl,dAra˚
pwg,42715,parigrahItar,vgl,parigfhItar
pwg,42716,parigrAmam,vgl,pArigrAmika
pwg,42719,pariGa,vgl,paliGa
pwg,42731,paricaturdaSa,vgl,parizoqaSa
pwg,42731,paricaturdaSa,vgl,pariviMSat
pwg,42736,paricara,vgl,paricAra
pwg,42737,paricaraRa,vgl,paricAraRa
pwg,42746,paricAra,vgl,paricara
pwg,42756,paricCada,vgl,nizparicCada
pwg,42759,paricCeda,vgl,BAzA˚
pwg,42782,pariRati,vgl,pariRAma
pwg,42790,pariRAma,vgl,pariRati
pwg,42817,paritoza,vgl,a˚
pwg,42817,paritoza,vgl,pAritozika
pwg,42829,parityAjya,vgl,parityajya
pwg,42840,paridAha,vgl,nizparidAha
pwg,42877,parinirvfti,vgl,nirvfti
pwg,42883,paripakva,vgl,pakva
pwg,42904,paripAwI,vgl,pAwI
pwg,42904,paripAwI,vgl,pAripAwya
pwg,42911,paripArSva,vgl,pAripArSvika
pwg,42922,paripuwana,vgl,paripowa
pwg,42937,paripowana,vgl,paripuwana
pwg,42948,pariprezya,vgl,prezya
pwg,42949,pariplava,vgl,pAriplava
pwg,42950,pariplAvya,vgl,pAriplava
pwg,42955,paribAD,vgl,soma˚
pwg,42962,pariBava,vgl,pariBAva
pwg,42965,pariBavin,vgl,pariBAvin
pwg,42971,pariBAzA,vgl,pAriBAzika
pwg,42975,pariBUzaRa,vgl,paraBUzaRa
pwg,42983,parimaRqala,vgl,nyagroDa˚
pwg,43008,parimArgya,vgl,parimfjya
pwg,43015,parimuKam,vgl,pArimuKika
pwg,43015,parimuKam,vgl,pArimuKya
pwg,43021,parimfjya,vgl,parimArgya
pwg,43059,parila,vgl,pArila
pwg,43080,parivartana,vgl,golANgula˚
pwg,43082,parivartikA,vgl,parivftti
pwg,43112,pariviRRa,vgl,parivitta
pwg,43112,pariviRRa,vgl,˚vitti
pwg,43112,pariviRRa,vgl,˚vindaka
pwg,43112,pariviRRa,vgl,˚vividAna
pwg,43112,pariviRRa,vgl,˚vettar
pwg,43112,pariviRRa,vgl,˚vedaka
pwg,43112,pariviRRa,vgl,˚vedana
pwg,43112,pariviRRa,vgl,˚vedanIyA
pwg,43112,pariviRRa,vgl,˚vedinI
pwg,43115,parividDa,vgl,parAvidDa
pwg,43118,parivividAna,vgl,pariviRRa
pwg,43122,parivihAra,vgl,vihAra
pwg,43129,parivfQa,vgl,parivraQiman
pwg,43129,parivfQa,vgl,pArivfQya
pwg,43139,parivettar,vgl,pariviRRa
pwg,43162,parivyADa,vgl,cakra˚
pwg,43166,parivrAj,vgl,pArivrAjya
pwg,43168,parivrAjaka,vgl,pArivrAjaka
pwg,43179,pariSfta,vgl,parisrut
pwg,43179,pariSfta,vgl,˚srutA
pwg,43180,pariSeza,vgl,a˚
pwg,43180,pariSeza,vgl,pAriSezya
pwg,43196,parizad,vgl,parzad
pwg,43196,parizad,vgl,pArizatka
pwg,43196,parizad,vgl,pArizada
pwg,43196,parizad,vgl,pArizadaka
pwg,43196,parizad,vgl,pArizadya
pwg,43225,parizvajana,vgl,parizvaYjana
pwg,43227,parizvaYjana,vgl,parizvajana
pwg,43241,parisamApti,vgl,aparisamAptika
pwg,43253,parisAraka,vgl,pArisAraka
pwg,43255,parisAvakIy,vgl,aBisAvakIy
pwg,43257,parisIra,vgl,pArisIrya
pwg,43258,parisIrya,vgl,pArisIrya
pwg,43285,parihanu,vgl,pArihanavya
pwg,43295,parihAwaka,vgl,parihAraka
pwg,43299,parihAra,vgl,nizparIhAra
pwg,43300,parihAraka,vgl,parihAwaka
pwg,43303,parihArya,vgl,parihartavya
pwg,43306,parihAsahari,vgl,parIhAsakeSava
pwg,43312,parIkzaka,vgl,ku˚
pwg,43315,parIkzit,vgl,parikzit
pwg,43315,parIkzit,vgl,pArIkzita
pwg,43319,parIkzya,vgl,duzparIkzya
pwg,43321,parIRas,vgl,go˚
pwg,43349,parIhAsakeSava,vgl,parihAsahari
pwg,43350,paru,vgl,parus
pwg,43354,parudvAra,vgl,parula
pwg,43358,paruza,vgl,pAruzya
pwg,43380,paredyus,vgl,aparedyus
pwg,43390,parokza,vgl,a˚
pwg,43404,parovaram,vgl,pArovarya
pwg,43412,parc,vgl,Apfk
pwg,43412,parc,vgl,upaparcana
pwg,43412,parc,vgl,upapfc
pwg,43412,parc,vgl,saMparka
pwg,43423,parRa,vgl,acCinna˚
pwg,43423,parRa,vgl,aSva˚
pwg,43423,parRa,vgl,uttAna˚
pwg,43423,parRa,vgl,puzkara˚
pwg,43423,parRa,vgl,pfSni˚
pwg,43423,parRa,vgl,Syena˚
pwg,43423,parRa,vgl,sahasra˚
pwg,43423,parRa,vgl,su˚
pwg,43487,parpa,vgl,parpika
pwg,43488,parpawa,vgl,kzetraparpawI
pwg,43492,parparIka,vgl,parParIka
pwg,43493,parparIRa,vgl,pararIRa
pwg,43493,parparIRa,vgl,parvarIRa
pwg,43507,paryanta,vgl,nizparyanta
pwg,43507,paryanta,vgl,netra˚
pwg,43511,paryaya,vgl,paryAya
pwg,43539,paryAya,vgl,vAta˚
pwg,43582,paryehi,vgl,ehi
pwg,43590,parvaRa,vgl,parviRI
pwg,43593,parvata,vgl,pArvata
pwg,43593,parvata,vgl,pArvatAyana
pwg,43593,parvata,vgl,pArvati
pwg,43613,parvatIya,vgl,pArvatIya
pwg,43618,parvan,vgl,aparvaka
pwg,43618,parvan,vgl,aparvan
pwg,43618,parvan,vgl,Uru˚
pwg,43618,parvan,vgl,kaNka˚
pwg,43618,parvan,vgl,tantu˚
pwg,43618,parvan,vgl,vi˚
pwg,43618,parvan,vgl,vfza˚
pwg,43618,parvan,vgl,Sata˚
pwg,43618,parvan,vgl,su˚
pwg,43618,parvan,vgl,soma˚
pwg,43625,parvarIRa,vgl,pararIRa
pwg,43625,parvarIRa,vgl,parparIRa
pwg,43635,parviRI,vgl,parvaRI
pwg,43642,parSupARi,vgl,paraSuDara
pwg,43650,parzad,vgl,pArzada
pwg,43657,pala,vgl,utpala
pwg,43657,pala,vgl,kanaka˚
pwg,43663,palaMkara,vgl,palalajvara
pwg,43663,palaMkara,vgl,palAgni
pwg,43669,palalajvara,vgl,palalAgni
pwg,43669,palalajvara,vgl,palaMkara
pwg,43677,palAgni,vgl,palalajvara
pwg,43693,palASa,vgl,pAlASa
pwg,43693,palASa,vgl,pAlASaka
pwg,43706,paliGa,vgl,pariGa
pwg,43707,palita,vgl,a˚
pwg,43707,palita,vgl,pAlitya
pwg,43714,palpUlana,vgl,apalpUlanakfta
pwg,43734,pallavay,vgl,pallavita
pwg,43772,pavi,vgl,Ardra˚
pwg,43772,pavi,vgl,kfzRa˚
pwg,43772,pavi,vgl,kzura˚
pwg,43772,pavi,vgl,dadfSAna˚
pwg,43772,pavi,vgl,vILu˚
pwg,43772,pavi,vgl,su˚
pwg,43775,pavitra,vgl,antaH˚
pwg,43775,pavitra,vgl,Ardra˚
pwg,43798,pavIravant,vgl,a˚
pwg,43799,pavIru,vgl,pAvIravI
pwg,43800,pavyA,vgl,pavA
pwg,43801,paS,vgl,utpaSya
pwg,43805,paSavya,vgl,paripaSavya
pwg,43808,paSukarman,vgl,paSukriyA
pwg,43812,paSukriyA,vgl,paSukarman
pwg,43827,paSunATa,vgl,paSupati
pwg,43829,paSupati,vgl,pASupata
pwg,43833,paSupAla,vgl,pASupAlya
pwg,43871,paScAt,vgl,dakziRa˚
pwg,43885,paScAnutApa,vgl,paScAttApa
pwg,43888,paScArDa,vgl,uttara˚
pwg,43888,paScArDa,vgl,dakziRa˚
pwg,43890,paScima,vgl,uttara˚
pwg,43890,paScima,vgl,dakziRa˚
pwg,43894,paSya,vgl,a˚
pwg,43894,paSya,vgl,asUryaM˚
pwg,43894,paSya,vgl,ugraM˚
pwg,43894,paSya,vgl,mAM˚
pwg,43911,pas,vgl,pasas
pwg,43912,pasas,vgl,sapa
pwg,43913,pastya,vgl,aSva˚
pwg,43913,pastya,vgl,vAja˚
pwg,43913,pastya,vgl,vIra˚
pwg,43913,pastya,vgl,pAstya
pwg,43913,pastya,vgl,vastya
pwg,43920,pA,vgl,utpiba
pwg,43920,pA,vgl,nizpAna
pwg,43920,pA,vgl,paripAna
pwg,43920,pA,vgl,gardaBIvipIta
pwg,43922,pA,vgl,paripARa
pwg,43950,pAMsula,vgl,daRqa˚
pwg,43950,pAMsula,vgl,vi˚
pwg,43951,pAMsuva,vgl,pAMsura
pwg,43953,pAka,vgl,a˚
pwg,43953,pAka,vgl,arjunapAkI
pwg,43953,pAka,vgl,ikzu˚
pwg,43953,pAka,vgl,odanapAkI
pwg,43953,pAka,vgl,kawu˚
pwg,43953,pAka,vgl,karRa˚
pwg,43953,pAka,vgl,karma˚
pwg,43953,pAka,vgl,kiM˚
pwg,43953,pAka,vgl,kumBipAkI
pwg,43953,pAka,vgl,kumBI˚
pwg,43953,pAka,vgl,kfzRa˚
pwg,43953,pAka,vgl,kfzRapAkaPala
pwg,43953,pAka,vgl,kzaRe˚
pwg,43994,pAkya,vgl,pAcya
pwg,44008,pANkteya,vgl,a˚
pwg,44012,pAcaka,vgl,antra˚
pwg,44014,pAcana,vgl,dugDa˚
pwg,44014,pAcana,vgl,vadara˚
pwg,44014,pAcana,vgl,badarI˚
pwg,44018,pAcala,vgl,pAkala
pwg,44020,pAcya,vgl,pAkya
pwg,44022,pAjas,vgl,pfTu˚
pwg,44061,pAw,vgl,pyAw
pwg,44062,pAw,vgl,akzapAwa
pwg,44063,pAwaka,vgl,akza˚
pwg,44086,pAwin,vgl,pAWIna
pwg,44095,pAWa,vgl,gaRa˚
pwg,44095,pAWa,vgl,catuzpAWI
pwg,44095,pAWa,vgl,DAtupAWa
pwg,44095,pAWa,vgl,pada˚
pwg,44097,pAWacCeda,vgl,pAWavicCeda
pwg,44116,pARi,vgl,dravat˚
pwg,44116,pARi,vgl,pfTu˚
pwg,44116,pARi,vgl,BUri˚
pwg,44116,pARi,vgl,viSvatas˚
pwg,44116,pARi,vgl,vILu˚
pwg,44116,pARi,vgl,vfza˚
pwg,44116,pARi,vgl,su˚
pwg,44116,pARi,vgl,hiraRya˚
pwg,44118,pARikacCapikA,vgl,kUrma
pwg,44129,pARiGa,vgl,pARiGna
pwg,44131,pARiGna,vgl,pARiGa
pwg,44154,pARimuKa,vgl,pARyAsya
pwg,44171,pARqaraBikzu,vgl,SvetaBikzu
pwg,44172,pARqava,vgl,nizpARqava
pwg,44180,pARqu,vgl,pari˚
pwg,44187,pARqukin,vgl,pARqurogin
pwg,44192,pARqudukUla,vgl,pAMSukUla
pwg,44196,pARqupfzWa,vgl,pARqurapfzWa
pwg,44219,pARqUka,vgl,pARquka
pwg,44228,pAta,vgl,krAnti˚
pwg,44228,pAta,vgl,garBa˚
pwg,44228,pAta,vgl,daRqa˚
pwg,44228,pAta,vgl,danta˚
pwg,44228,pAta,vgl,dUra˚
pwg,44229,pAtaka,vgl,ati˚
pwg,44229,pAtaka,vgl,anu˚
pwg,44229,pAtaka,vgl,upa˚
pwg,44229,pAtaka,vgl,mahA˚
pwg,44230,pAtakin,vgl,mahA˚
pwg,44236,pAtana,vgl,garBa˚
pwg,44236,pAtana,vgl,Candaka˚
pwg,44236,pAtana,vgl,daRqa˚
pwg,44236,pAtana,vgl,dUra˚
pwg,44236,pAtana,vgl,sUtra˚
pwg,44240,pAtar,vgl,nf˚
pwg,44255,pAtin,vgl,eka˚
pwg,44255,pAtin,vgl,garBa˚
pwg,44255,pAtin,vgl,daRqa˚
pwg,44255,pAtin,vgl,dUra˚
pwg,44255,pAtin,vgl,dUrezu˚
pwg,44255,pAtin,vgl,pakza˚
pwg,44305,pATona,vgl,pATeya
pwg,44311,pAda,vgl,aja˚
pwg,44311,pAda,vgl,antaHpAdam
pwg,44311,pAda,vgl,uttarapAda
pwg,44311,pAda,vgl,kriyA˚
pwg,44311,pAda,vgl,gUQa˚
pwg,44312,pAdaka,vgl,kIwapAdikA
pwg,44329,pAdajala,vgl,pAdAmbu
pwg,44347,pAdapadDati,vgl,padapadDati
pwg,44400,pAdahInAt,vgl,pAdatas
pwg,44419,pAdAraka,vgl,padAra
pwg,44429,pAdika,vgl,arDa˚; pAdikA
pwg,44444,pAdya,vgl,azwApAdya
pwg,44446,pAna,vgl,indra˚
pwg,44446,pAna,vgl,uda˚
pwg,44446,pAna,vgl,kzIrapARa
pwg,44446,pAna,vgl,devapAna
pwg,44446,pAna,vgl,DUma˚
pwg,44446,pAna,vgl,nfpARa
pwg,44446,pAna,vgl,vIra˚
pwg,44446,pAna,vgl,vfza˚
pwg,44448,pAna,vgl,tanU˚
pwg,44448,pAna,vgl,vAta˚
pwg,44479,pAnIyaSAlA,vgl,pakzi˚
pwg,44492,pApa,vgl,DUta˚
pwg,44492,pApa,vgl,nizpApa
pwg,44492,pApa,vgl,manaspApa
pwg,44492,pApa,vgl,vi˚
pwg,44492,pApa,vgl,svayaM˚
pwg,44521,pApaBakzaRa,vgl,pApanASana
pwg,44564,pApman,vgl,jagDa˚
pwg,44564,pApman,vgl,vi˚
pwg,44566,pAman,vgl,pAmA
pwg,44572,pAmAri,vgl,pAmaGna
pwg,44582,pAyin,vgl,kuRqa˚
pwg,44582,pAyin,vgl,kzIra˚
pwg,44582,pAyin,vgl,candrikA˚
pwg,44582,pAyin,vgl,tEla˚
pwg,44582,pAyin,vgl,dvi˚
pwg,44582,pAyin,vgl,soma˚
pwg,44584,pAyu,vgl,pAy
pwg,44592,pAra,vgl,a˚
pwg,44592,pAra,vgl,dUra˚
pwg,44592,pAra,vgl,nizpAra
pwg,44592,pAra,vgl,su˚
pwg,44607,pArawIwa,vgl,pArAruka
pwg,44609,pAraRa,vgl,su˚
pwg,44638,pAramasTya,vgl,pAramezWya
pwg,44681,pArAruka,vgl,pArawIwa
pwg,44706,pArikzita,vgl,pArIkzita
pwg,44718,pAriRAhya,vgl,pArIRahya
pwg,44725,pAripanTika,vgl,paripanTika
pwg,44725,pAripanTika,vgl,pAripAnTika
pwg,44735,pAriplava,vgl,pariplava
pwg,44735,pAriplava,vgl,pariplAvya
pwg,44748,pAriyAtra,vgl,pAripAtra
pwg,44769,pArisIrya,vgl,parisIrya
pwg,44772,pArihArya,vgl,parihAraka
pwg,44772,pArihArya,vgl,parihAwaka
pwg,44776,pArIkzita,vgl,pArikzita
pwg,44778,pArIRahya,vgl,pAriRAhya
pwg,44785,pAruzaka,vgl,parUzaka
pwg,44797,pArGawa,vgl,pArpara
pwg,44803,pArTa,vgl,pArTya
pwg,44834,pArvatIya,vgl,parvatIya
pwg,44838,pArSava,vgl,pAraSava
pwg,44840,pArSva,vgl,upa˚
pwg,44840,pArSva,vgl,gAyatra˚
pwg,44840,pArSva,vgl,pari˚
pwg,44877,pArSvya,vgl,antaHpArSvya
pwg,44880,pArzad,vgl,parzad
pwg,44889,pArzikA,vgl,parzika
pwg,44898,pArzRigrAha,vgl,duzpArzRigrAha
pwg,44906,pAlakavirAja,vgl,pAlakAvya
pwg,44920,pAlay,vgl,anupAlana
pwg,44920,pAlay,vgl,anupAlin
pwg,44920,pAlay,vgl,paripAlaka
pwg,44920,pAlay,vgl,pratipAlana
pwg,44931,pAli,vgl,karRa˚
pwg,44931,pAli,vgl,danta˚
pwg,44931,pAli,vgl,pakza˚
pwg,44994,pASika,vgl,daRqapASika
pwg,44997,pASivAwa,vgl,vArapASya
pwg,45005,pASyA,vgl,pattra˚
pwg,45010,pAzARa,vgl,kaza˚
pwg,45010,pAzARa,vgl,taptapAzARakuRqa
pwg,45010,pAzARa,vgl,dugDa˚
pwg,45010,pAzARa,vgl,pASI
pwg,45010,pAzARa,vgl,pAzya
pwg,45015,pAzARaBeda,vgl,aSmaBid
pwg,45015,pAzARaBeda,vgl,kzudrapAzARaBedA
pwg,45015,pAzARaBeda,vgl,˚BedI
pwg,45024,pAzya,vgl,pASI
pwg,45024,pAzya,vgl,pAzARa
pwg,45050,piNgara,vgl,piNgala
pwg,45051,piNgala,vgl,kfzRa˚
pwg,45051,piNgala,vgl,nIla˚
pwg,45052,piNgalaka,vgl,daRqa˚
pwg,45059,piNgAkza,vgl,pENgAkza
pwg,45064,picaRqa,vgl,piciRqa
pwg,45070,piciRqa,vgl,picaRqa
pwg,45074,picu,vgl,tUlapicu
pwg,45077,picutUla,vgl,picu
pwg,45077,picutUla,vgl,tUla
pwg,45077,picutUla,vgl,tUlapicu
pwg,45085,piccita,vgl,piccawa
pwg,45085,piccita,vgl,cipiwa
pwg,45085,piccita,vgl,piwway
pwg,45085,piccita,vgl,piz
pwg,45092,picCila,vgl,picCala
pwg,45099,pijavana,vgl,pEjavana
pwg,45100,pijUla,vgl,piYjUlaka
pwg,45104,piYja,vgl,tila˚
pwg,45104,piYja,vgl,utpiYja
pwg,45105,piYjawa,vgl,piYjewa
pwg,45112,piYjalaka,vgl,piYjala
pwg,45113,piYjAna,vgl,piYjara
pwg,45115,piYjUla,vgl,puYjIla
pwg,45116,piYjUlaka,vgl,pijUla
pwg,45117,piYjUza,vgl,pEYjUza
pwg,45118,piYjewa,vgl,piYjawa
pwg,45120,piw,vgl,piwa
pwg,45120,piw,vgl,piwaka
pwg,45129,piwwaka,vgl,kiwwa
pwg,45129,piwwaka,vgl,kiwwaka
pwg,45129,piwwaka,vgl,pippikA
pwg,45132,piWara,vgl,pEWara
pwg,45134,piWInas,vgl,pEWInasi
pwg,45139,piRqa,vgl,jyA˚
pwg,45139,piRqa,vgl,jyAMrDa˚
pwg,45139,piRqa,vgl,tarku˚
pwg,45139,piRqa,vgl,dvArapiRqI
pwg,45139,piRqa,vgl,netra˚
pwg,45139,piRqa,vgl,parapiRqAda
pwg,45139,piRqa,vgl,mftpiRqa
pwg,45139,piRqa,vgl,Saka˚
pwg,45139,piRqa,vgl,sa˚
pwg,45170,piRqala,vgl,piRqana
pwg,45170,piRqala,vgl,piRqila
pwg,45172,piRqasa,vgl,piRqASa
pwg,45174,piRqasaMbanDin,vgl,lepasaMbanDin
pwg,45190,piRqin,vgl,pERqinya
pwg,45191,piRqipAla,vgl,BindipAla
pwg,45198,piRqItaka,vgl,kfzRa˚
pwg,45213,pitar,vgl,jIva˚
pwg,45213,pitar,vgl,dakza˚
pwg,45213,pitar,vgl,rAja˚
pwg,45217,pitAmaha,vgl,ati˚
pwg,45217,pitAmaha,vgl,pUrva˚
pwg,45217,pitAmaha,vgl,pra˚
pwg,45225,pituHzvasar,vgl,pitfzvasar
pwg,45231,pitfkAnana,vgl,pitfvana
pwg,45267,pitfprasU,vgl,pitfsU
pwg,45274,pitfmant,vgl,pEtfmatya
pwg,45277,pitfyajYa,vgl,piRqapitfyajYa
pwg,45284,pitfvana,vgl,pitfkAnana
pwg,45294,pitfzvasar,vgl,pEtfzvasrIya
pwg,45294,pitfzvasar,vgl,pEtfzvaseya
pwg,45295,pitfzvasrIya,vgl,pEtfzvasrIya
pwg,45299,pitfhU,vgl,devahU
pwg,45301,pitta,vgl,kUrma˚
pwg,45301,pitta,vgl,go˚
pwg,45301,pitta,vgl,rakta˚
pwg,45301,pitta,vgl,pEttika
pwg,45323,pitsant,vgl,pipatizant
pwg,45323,pitsant,vgl,pipatizu
pwg,45326,pitsu,vgl,pipatizu
pwg,45329,piDAna,vgl,KaNga˚
pwg,45329,piDAna,vgl,dvAra˚
pwg,45329,piDAna,vgl,apiDAna
pwg,45335,pinAka,vgl,pEnAka
pwg,45338,pinyAsa,vgl,piRyAka
pwg,45345,pipatizant,vgl,pitsant
pwg,45345,pipatizant,vgl,pipatizu
pwg,45346,pipatizu,vgl,pitsant
pwg,45346,pipatizu,vgl,pipatizant
pwg,45349,pipAsA,vgl,apipAsa
pwg,45361,pippakA,vgl,pippIka
pwg,45363,pippala,vgl,kapipippalI
pwg,45363,pippala,vgl,jala˚
pwg,45363,pippala,vgl,toya˚
pwg,45363,pippala,vgl,pArSvapippala
pwg,45366,pippalAda,vgl,pEppalAda
pwg,45366,pippalAda,vgl,pEppalAdi
pwg,45375,pippikA,vgl,piwwaka
pwg,45376,pippIka,vgl,pippakA
pwg,45382,piba,vgl,tri˚
pwg,45388,pil,vgl,pel
pwg,45388,pil,vgl,vil
pwg,45394,pilunI,vgl,pIluparRI
pwg,45395,pilla,vgl,cilla
pwg,45395,pilla,vgl,culla
pwg,45398,piS,vgl,viSva˚
pwg,45398,piS,vgl,Sukra˚
pwg,45407,piSaNgila,vgl,kuru˚
pwg,45413,piSAcadru,vgl,piSAcavfkza
pwg,45415,piSAcavfkza,vgl,piSAcadru
pwg,45431,piz,vgl,vinizpeza
pwg,45431,piz,vgl,paripizwaka
pwg,45434,pizwapa,vgl,tri˚
pwg,45439,pizwapUra,vgl,GftapUra
pwg,45447,pizwoqI,vgl,nIla˚
pwg,45449,pis,vgl,pes
pwg,45449,pis,vgl,vis
pwg,45449,pis,vgl,ves
pwg,45449,pis,vgl,viS
pwg,45449,pis,vgl,beS
pwg,45453,pI,vgl,ApyAyana
pwg,45455,pIWa,vgl,kaTApIWa
pwg,45455,pIWa,vgl,tarkupIWa
pwg,45455,pIWa,vgl,tarkupIWI
pwg,45455,pIWa,vgl,DarmapIWa
pwg,45455,pIWa,vgl,nayapIWI
pwg,45455,pIWa,vgl,pAdapIWa
pwg,45455,pIWa,vgl,Badra˚
pwg,45456,pIWaka,vgl,gaRapIWaka
pwg,45456,pIWaka,vgl,pAdapIWikA
pwg,45458,pIWaga,vgl,pIWasarpa
pwg,45458,pIWaga,vgl,pIWasarpin
pwg,45464,pIWasarpa,vgl,pIWaga
pwg,45465,pIWasarpin,vgl,pEWasarpa
pwg,45466,pIq,vgl,avapIqa
pwg,45466,pIq,vgl,ApIqa
pwg,45466,pIq,vgl,utpIqa
pwg,45466,pIq,vgl,upapIqana
pwg,45466,pIq,vgl,paripIqana
pwg,45466,pIq,vgl,saMpIqana
pwg,45469,pIqana,vgl,graha˚
pwg,45472,pIqA,vgl,graha˚
pwg,45480,pItaka,vgl,taruRapItikA
pwg,45496,pItadAru,vgl,pItudAru
pwg,45496,pItadAru,vgl,pItadru
pwg,45496,pItadAru,vgl,pEtadArava
pwg,45497,pItadugDA,vgl,DenuzyA
pwg,45498,pItadru,vgl,pItadAru
pwg,45512,pItamastaka,vgl,pItamuRqa
pwg,45514,pItamuRqa,vgl,pItamastaka
pwg,45525,pItavAsas,vgl,pItAmbara
pwg,45538,pItAmbara,vgl,pItavAsas
pwg,45539,pItAruRa,vgl,tAmrAruRa
pwg,45547,pItudAru,vgl,pItadAru
pwg,45547,pItudAru,vgl,pUtudAru
pwg,45547,pItudAru,vgl,pEtudArava
pwg,45551,pITa,vgl,pItu
pwg,45551,pITa,vgl,pIyu
pwg,45553,pITin,vgl,soma˚
pwg,45560,pInasa,vgl,apInasa
pwg,45568,pIyu,vgl,pItu
pwg,45569,pIyUkzA,vgl,pEyUkza
pwg,45572,pIyUza,vgl,peyUza
pwg,45579,pIlA,vgl,pEla
pwg,45579,pIlA,vgl,pEleya
pwg,45580,pIlu,vgl,pElava
pwg,45582,pIlukuRa,vgl,pElukuRa
pwg,45596,pIvas,vgl,su˚
pwg,45605,pIvopavasana,vgl,payopavasana
pwg,45620,puMScalI,vgl,puMScalU
pwg,45622,puMScalU,vgl,puMScalI
pwg,45630,puMsavant,vgl,puMsvant
pwg,45631,puMsAnuja,vgl,pumanujA
pwg,45632,puMsuvana,vgl,puMsavana
pwg,45633,puMska,vgl,ukta˚
pwg,45633,puMska,vgl,BAzita˚
pwg,45642,puMsvant,vgl,puMsavant
pwg,45652,puNga,vgl,puYja
pwg,45653,puNgala,vgl,pudgala
pwg,45657,pucCa,vgl,apucCA
pwg,45657,pucCa,vgl,yajYapucCa
pwg,45657,pucCa,vgl,kavarapucCI
pwg,45657,pucCa,vgl,maRi˚
pwg,45657,pucCa,vgl,viza˚
pwg,45657,pucCa,vgl,Sara˚
pwg,45658,pucCawi,vgl,mucuwI
pwg,45660,pucCaDi,vgl,bAlaDi
pwg,45667,puYja,vgl,naKapuYjaPalA
pwg,45667,puYja,vgl,hemapuYjaka
pwg,45680,puw,vgl,paripuwana
pwg,45680,puw,vgl,paripowa
pwg,45681,puwa,vgl,kakzapuwa
pwg,45681,puwa,vgl,karRa˚
pwg,45681,puwa,vgl,kArya˚
pwg,45681,puwa,vgl,gaja˚
pwg,45681,puwa,vgl,gopuwA
pwg,45681,puwa,vgl,caccapuwa
pwg,45681,puwa,vgl,caccat˚
pwg,45681,puwa,vgl,cAca˚
pwg,45681,puwa,vgl,cAru˚
pwg,45681,puwa,vgl,tri˚
pwg,45682,puwaka,vgl,tripuwaka
pwg,45683,puwakanda,vgl,puwAlu
pwg,45698,puRika,vgl,pORikyA
pwg,45704,puRqarIka,vgl,puruza˚
pwg,45704,puRqarIka,vgl,pORqarIka
pwg,45711,puRqra,vgl,catuHpuRqra
pwg,45711,puRqra,vgl,pORqra
pwg,45711,puRqra,vgl,pORqraka
pwg,45711,puRqra,vgl,pORqrika
pwg,45715,puRqravarDana,vgl,pORqravarDana
pwg,45715,puRqravarDana,vgl,pORqravivarDana
pwg,45715,puRqravarDana,vgl,puRyavarDana
pwg,45722,puRyakIrti,vgl,puRyaSloka
pwg,45728,puRyagfha,vgl,puRyaSAlA
pwg,45738,puRyanAman,vgl,sunAman
pwg,45752,puRyarAtra,vgl,puRyAha
pwg,45760,puRyaSAlA,vgl,puRyagfha
pwg,45782,putra,vgl,a˚
pwg,45782,putra,vgl,pOtra
pwg,45784,putrakandA,vgl,putradA
pwg,45794,putrajagDI,vgl,putrahatI
pwg,45794,putrajagDI,vgl,putrAdinI
pwg,45794,putrajagDI,vgl,putraputrAdinI
pwg,45801,putraputrAdinI,vgl,putrAdinI
pwg,45801,putraputrAdinI,vgl,putrajagDI
pwg,45801,putraputrAdinI,vgl,putrahatI
pwg,45812,putravant,vgl,putrin
pwg,45820,putrasU,vgl,putrikAprasU
pwg,45821,putrahata,vgl,hataputra
pwg,45823,putrAdinI,vgl,putrajagDI
pwg,45823,putrAdinI,vgl,putrahatI
pwg,45826,putrikAprasU,vgl,putrasU
pwg,45827,putrin,vgl,putravant
pwg,45829,putriya,vgl,putrIya
pwg,45829,putriya,vgl,putrya
pwg,45832,putrIya,vgl,putriya
pwg,45832,putrIya,vgl,putrya
pwg,45838,puT,vgl,punT
pwg,45851,punar,vgl,apunar
pwg,45864,punarADAna,vgl,punarADeya
pwg,45867,punarADeyika,vgl,pOnarADeyaka
pwg,45875,punarukta,vgl,pOnarukta
pwg,45875,punarukta,vgl,pOnaruktika
pwg,45875,punarukta,vgl,pOnaruktya
pwg,45901,punarBava,vgl,a˚
pwg,45903,punarBAva,vgl,punarBava
pwg,45905,punarBU,vgl,pOnarBava
pwg,45952,pumaMs,vgl,na˚
pwg,45952,pumaMs,vgl,yajYa˚
pwg,45953,pumanujA,vgl,puMsAnuja
pwg,45960,pur,vgl,partfBiH
pwg,45961,pur,vgl,tri˚
pwg,45961,pur,vgl,deva˚
pwg,45961,pur,vgl,ni˚
pwg,45961,pur,vgl,parA˚
pwg,45963,pura,vgl,tri˚
pwg,45963,pura,vgl,deva˚
pwg,45963,pura,vgl,pOra
pwg,45975,purajyotis,vgl,purojyotis
pwg,45977,puraMjaya,vgl,para˚
pwg,45979,purawa,vgl,puruda
pwg,45984,puradviz,vgl,purajit
pwg,45986,puraMdara,vgl,pOraMdara
pwg,45992,purapakzin,vgl,grAmya
pwg,45994,puraBid,vgl,purajit
pwg,45995,puramaTana,vgl,purajit
pwg,45997,puramAlinI,vgl,purAvatI
pwg,46004,puraSAsana,vgl,purajit
pwg,46005,puraScaraRa,vgl,pOraScaraRika
pwg,46007,puras,vgl,purA
pwg,46007,puras,vgl,puratas
pwg,46007,puras,vgl,pUrva
pwg,46007,puras,vgl,pOrastya
pwg,46008,purasaMskAra,vgl,pattraJaMkAra
pwg,46014,purastAt,vgl,uttara˚
pwg,46023,purahan,vgl,purAri
pwg,46024,purA,vgl,puras
pwg,46026,purAkalpa,vgl,purARakalpa
pwg,46026,purAkalpa,vgl,pUrvakalpa
pwg,46040,purARavid,vgl,purAvid
pwg,46045,purAtala,vgl,talAtala
pwg,46049,purArAti,vgl,purajit
pwg,46052,purAvatI,vgl,puramAlinI
pwg,46054,purAvid,vgl,purARavid
pwg,46058,purAsuhfd,vgl,purujit
pwg,46067,purImoha,vgl,mohana
pwg,46078,purIzyavAhana,vgl,purIzavAhaRa
pwg,46080,purukutsa,vgl,pOrukutsa
pwg,46080,purukutsa,vgl,pOrukutsi
pwg,46090,purujAti,vgl,puruja
pwg,46090,purujAti,vgl,purujAnu
pwg,46091,purujAnu,vgl,purujAti
pwg,46098,puruda,vgl,purawa
pwg,46143,pururAvan,vgl,purUravas
pwg,46157,puruza,vgl,antarapUruza
pwg,46157,puruza,vgl,uttamapuruza
pwg,46157,puruza,vgl,kA˚
pwg,46157,puruza,vgl,kiM˚
pwg,46157,puruza,vgl,nizpuruza
pwg,46157,puruza,vgl,rAja˚
pwg,46157,puruza,vgl,vIra˚
pwg,46157,puruza,vgl,satpuruza
pwg,46157,puruza,vgl,pOruza
pwg,46157,puruza,vgl,pOruzeya
pwg,46162,puruzakeSarin,vgl,narasiMha
pwg,46169,puruzatA,vgl,devatA
pwg,46205,puruzasiMha,vgl,puruzakeSarin
pwg,46207,puruzAMsaka,vgl,pOruzAMsakin
pwg,46232,puruha,vgl,puru
pwg,46232,puruha,vgl,puruja
pwg,46232,puruha,vgl,puruhu
pwg,46235,puruhuta,vgl,puruhotra
pwg,46236,puruhUta,vgl,pOruhUta
pwg,46251,purogati,vgl,purogAmin
pwg,46254,purogava,vgl,go˚
pwg,46254,purogava,vgl,soma˚
pwg,46254,purogava,vgl,pOrogava
pwg,46264,puroqAS,vgl,pOroqASa
pwg,46279,puronuvAkyA,vgl,apuro'nuvAkyaka
pwg,46282,puroBAgin,vgl,pOroBAgya
pwg,46290,puroruc,vgl,apurorukka
pwg,46297,purohita,vgl,pOrohita
pwg,46297,purohita,vgl,pOrohitya
pwg,46300,purohitikA,vgl,pOrohitika
pwg,46316,pulasti,vgl,pOlastya
pwg,46317,pulastya,vgl,pOlastya
pwg,46324,pulina,vgl,pOlinya
pwg,46330,puliSa,vgl,pOliSa
pwg,46335,puloman,vgl,pOloma
pwg,46336,pulomant,vgl,pulimant
pwg,46347,puza,vgl,tripuzA
pwg,46350,puzkara,vgl,jyezWapuzkara
pwg,46350,puzkara,vgl,tri˚
pwg,46350,puzkara,vgl,netrapuzkarA
pwg,46350,puzkara,vgl,pOzkara
pwg,46350,puzkara,vgl,pOzkaraka
pwg,46350,puzkara,vgl,pOzkareyaka
pwg,46352,puzkaranABa,vgl,padmanABa
pwg,46375,puzkarAruRi,vgl,puzkarin
pwg,46382,puzkala,vgl,pOzkala
pwg,46382,puzkala,vgl,pOzkaleyaka
pwg,46382,puzkala,vgl,pOzkalya
pwg,46385,puzkalAvatI,vgl,pOzkalAvata
pwg,46409,puzpa,vgl,meGapuzpa
pwg,46409,puzpa,vgl,rIti˚
pwg,46409,puzpa,vgl,pOzpa
pwg,46409,puzpa,vgl,pOzpi
pwg,46410,puzpaka,vgl,indupuzpikA
pwg,46410,puzpaka,vgl,giripuzpaka
pwg,46410,puzpaka,vgl,DUlipuzpikA
pwg,46410,puzpaka,vgl,pOzpaka
pwg,46442,puzpaDvaja,vgl,puzpaketana
pwg,46474,puzparaTa,vgl,puzyaraTa
pwg,46481,puzpalaka,vgl,puzkalaka
pwg,46490,puzpavant,vgl,puzpAvatI
pwg,46503,puzpaSUnya,vgl,puzpahIna
pwg,46505,puzpasa,vgl,pupPusa
pwg,46505,puzpasa,vgl,PupPusa
pwg,46527,puzpABizeka,vgl,puzyABizeka
pwg,46532,puzpAvatI,vgl,puzpavant
pwg,46538,puzpita,vgl,prapuzpita
pwg,46538,puzpita,vgl,saMprapuzpita
pwg,46552,puzyaraTa,vgl,puzparaTa
pwg,46555,puzyasnAna,vgl,puzpasnAna
pwg,46556,puzyABizeka,vgl,puzpABizeka
pwg,46558,pust,vgl,bust
pwg,46562,pU,vgl,utpavana
pwg,46562,pU,vgl,nizpavaRa
pwg,46562,pU,vgl,nizpAva
pwg,46562,pU,vgl,paripavana
pwg,46563,pU,vgl,anna˚
pwg,46563,pU,vgl,uda˚
pwg,46563,pU,vgl,keta˚
pwg,46563,pU,vgl,Kala˚
pwg,46563,pU,vgl,Gfta˚
pwg,46563,pU,vgl,mfDu˚
pwg,46563,pU,vgl,vAta˚
pwg,46563,pU,vgl,su˚
pwg,46566,pUgatiTa,vgl,gaRatiTa
pwg,46566,pUgatiTa,vgl,bahutiTa
pwg,46566,pUgatiTa,vgl,saMGatiTa
pwg,46573,pUj,vgl,pratipUjana
pwg,46573,pUj,vgl,saMpUjana
pwg,46575,pUjana,vgl,SAci˚
pwg,46579,pUjA,vgl,atiTi˚
pwg,46587,pUR,vgl,puR
pwg,46587,pUR,vgl,pUl
pwg,46588,pUt,vgl,PUt
pwg,46588,pUt,vgl,Put
pwg,46595,pUtatfRa,vgl,puRyatfRa
pwg,46608,pUtayavam,vgl,pUyamAnayavam
pwg,46608,pUtayavam,vgl,lUnayavam
pwg,46608,pUtayavam,vgl,lUyamAnayavam
pwg,46608,pUtayavam,vgl,saMhftayavam
pwg,46608,pUtayavam,vgl,saMhriyamARayavam
pwg,46610,pUti,vgl,pUni
pwg,46629,pUtinAsika,vgl,pOtinAsikya
pwg,46634,pUtimAza,vgl,pOtimApa
pwg,46634,pUtimAza,vgl,pOtimAzya
pwg,46644,pUtIka,vgl,pUtika
pwg,46647,pUtudru,vgl,pOtudrava
pwg,46653,pUni,vgl,pUti
pwg,46654,pUpa,vgl,apUpa
pwg,46665,pUya,vgl,ka˚
pwg,46665,pUya,vgl,ku˚
pwg,46667,pUyamAnayavam,vgl,pUtayavam
pwg,46669,pUyavAha,vgl,pUyodaka
pwg,46672,pUyoda,vgl,pUyavAha
pwg,46674,pUra,vgl,amla˚
pwg,46674,pUra,vgl,karRa˚
pwg,46675,pUraka,vgl,karRa˚
pwg,46676,pUraRa,vgl,apUraRI
pwg,46676,pUraRa,vgl,karRapUraRa
pwg,46676,pUraRa,vgl,nirvARa˚
pwg,46676,pUraRa,vgl,pada˚
pwg,46676,pUraRa,vgl,pAda˚
pwg,46684,pUru,vgl,puru
pwg,46684,pUru,vgl,pOrava
pwg,46702,pUrRadarva,vgl,pOrRadarva
pwg,46711,pUrRamAsa,vgl,pOrRamAsa
pwg,46726,pUrRAyus,vgl,UrRAyu
pwg,46729,pUrRASA,vgl,parRASA
pwg,46734,pUrRimA,vgl,calat˚
pwg,46734,pUrRimA,vgl,dyUta˚
pwg,46742,pUrta,vgl,izwApUrta
pwg,46769,pUrvaga,vgl,kula˚
pwg,46769,pUrvaga,vgl,pra˚
pwg,46788,pUrvatApanIya,vgl,uttaratApanIya
pwg,46803,pUrvadehika,vgl,pOrvadehika
pwg,46804,pUrvanagarI,vgl,pOrvanagareya
pwg,46811,pUrvapada,vgl,pOrvapadika
pwg,46817,pUrvapAYcAlaka,vgl,pOrvapaYcAlaka
pwg,46831,pUrvaPalgunI,vgl,PalgunI
pwg,46831,pUrvaPalgunI,vgl,PAlgunI
pwg,46838,pUrvaBAzin,vgl,pUrvABiBAzin
pwg,46843,pUrvayAyAta,vgl,pUrvADirAma
pwg,46858,pUrvavAdin,vgl,uttaravAdin
pwg,46859,pUrvavArzika,vgl,pOrvavarzika
pwg,46866,pUrvaSEla,vgl,avaraSEla
pwg,46867,pUrvasakTa,vgl,uttarasakTa
pwg,46882,pUrvAtiTi,vgl,pOrvAtiTa
pwg,46885,pUrvADirAma,vgl,pUrvayAyAta
pwg,46888,pUrvApara,vgl,pOrvAparya
pwg,46890,pUrvApahARA,vgl,aparApahARA
pwg,46902,pUrvArDa,vgl,pOrvArDa
pwg,46902,pUrvArDa,vgl,pOrvArDika
pwg,46909,pUrvAhRa,vgl,pOrvAhRika
pwg,46912,pUrvAhRika,vgl,pOrvAhRika
pwg,46916,pUrvin,vgl,daSa˚
pwg,46926,pUrvya,vgl,a˚
pwg,46929,pUla,vgl,tfRapUlI
pwg,46931,pUlAka,vgl,pOlAka
pwg,46933,pUlikA,vgl,pUrikA
pwg,46933,pUlikA,vgl,polikA
pwg,46933,pUlikA,vgl,pOli
pwg,46934,pUlya,vgl,pulAka
pwg,46942,pUzan,vgl,pOzRa
pwg,46943,pUzaBAsA,vgl,pfzABAzA
pwg,46949,pfkkA,vgl,spfkkA
pwg,46952,pfkTa,vgl,rikTa
pwg,46958,pfc,vgl,Gfta˚
pwg,46958,pfc,vgl,maDu˚
pwg,46970,pftanAy,vgl,pftany
pwg,46981,pftsuDaH,vgl,pfkzuDA
pwg,46984,pfTak,vgl,pArTakya
pwg,47021,pfTivI,vgl,pArTiva
pwg,47027,pfTivIpati,vgl,pfTvIpati
pwg,47030,pfTivIpAla,vgl,pfTvIpAla
pwg,47031,pfTivIBuj,vgl,pfTvIBuj
pwg,47037,pfTivISa,vgl,pfTvISa
pwg,47042,pfTI,vgl,pfTi
pwg,47042,pfTI,vgl,pfTu
pwg,47043,pfTu,vgl,pArTava
pwg,47047,pfTukIya,vgl,pfTukya
pwg,47052,pfTugman,vgl,pfTujman
pwg,47057,pfTujman,vgl,pfTugman
pwg,47077,pfTuraSmi,vgl,pArTuraSma
pwg,47088,pfTuSravas,vgl,pArTaSravasa
pwg,47107,pfTvIpati,vgl,pfTivIpati
pwg,47110,pfTvIBuj,vgl,pfTivIBuj
pwg,47112,pfTvISa,vgl,pfTivISa
pwg,47126,pfSniBadra,vgl,pfSnigarBa
pwg,47127,pfSnimant,vgl,pfSnivant
pwg,47136,pfzata,vgl,pArzata
pwg,47141,pfzadaSva,vgl,pArzadaSva
pwg,47162,pfzwi,vgl,pArzweya
pwg,47167,pfzWa,vgl,krakacapfzWI
pwg,47167,pfzWa,vgl,GftapfzWa
pwg,47167,pfzWa,vgl,tanU˚
pwg,47167,pfzWa,vgl,tri˚
pwg,47167,pfzWa,vgl,dahara˚
pwg,47167,pfzWa,vgl,nAka˚
pwg,47169,pfzWagopa,vgl,pfzWarakza
pwg,47211,pecu,vgl,kecuka
pwg,47214,peYjUza,vgl,piYjUza
pwg,47221,peR,vgl,pER
pwg,47221,peR,vgl,prER
pwg,47221,peR,vgl,lER
pwg,47223,pedu,vgl,pEdva
pwg,47224,peb,vgl,pev
pwg,47225,peya,vgl,agra˚
pwg,47225,peya,vgl,anna˚
pwg,47225,peya,vgl,fta˚
pwg,47225,peya,vgl,kAka˚
pwg,47225,peya,vgl,turas˚
pwg,47225,peya,vgl,daSa˚
pwg,47225,peya,vgl,pUrva˚
pwg,47236,pelava,vgl,pari˚
pwg,47242,peSa,vgl,puru˚
pwg,47242,peSa,vgl,su˚
pwg,47246,peSas,vgl,a˚
pwg,47246,peSas,vgl,aSva˚
pwg,47253,peSI,vgl,Amra˚
pwg,47253,peSI,vgl,kAla˚
pwg,47253,peSI,vgl,vastra˚
pwg,47257,peSvara,vgl,pesvara
pwg,47261,pezaRa,vgl,aDi˚
pwg,47276,pesvara,vgl,peSvara
pwg,47293,pEYjUza,vgl,piYjUza
pwg,47293,pEYjUza,vgl,peYjUza
pwg,47305,pER,vgl,peR
pwg,47311,pEtadArava,vgl,pEtudArava
pwg,47314,pEtAmaha,vgl,pitfpEtAmaha
pwg,47316,pEtudArava,vgl,pEtadArava
pwg,47361,pogaRqa,vgl,a˚
pwg,47361,pogaRqa,vgl,pOgaRqa
pwg,47367,powika,vgl,poTakI
pwg,47371,pota,vgl,mUlapotI
pwg,47390,potimatsaka,vgl,pORqramAtsyaka
pwg,47401,poTakI,vgl,powika
pwg,47406,polikA,vgl,pUlikA
pwg,47406,polikA,vgl,polI
pwg,47406,polikA,vgl,pOlI
pwg,47406,polikA,vgl,pUpAlI
pwg,47407,polinda,vgl,pAdAraka
pwg,47407,polinda,vgl,padAra
pwg,47407,polinda,vgl,pAdAlinda
pwg,47407,polinda,vgl,pulinda
pwg,47408,polI,vgl,polikA
pwg,47411,pozaRa,vgl,garBa˚
pwg,47413,pozaDa,vgl,utpozaDa
pwg,47413,pozaDa,vgl,upAzaDa
pwg,47419,pozin,vgl,BUri˚
pwg,47419,pozin,vgl,sahasra˚
pwg,47425,pOMScaleya,vgl,puMScalIya
pwg,47444,pORqramAtsyaka,vgl,potimatsaka
pwg,47447,pORqrika,vgl,pORqra
pwg,47447,pORqrika,vgl,pORqraka
pwg,47451,pOtava,vgl,potu
pwg,47462,pOtra,vgl,putrapOtra
pwg,47474,pOnarADeyika,vgl,punarADeyika
pwg,47494,pOravaka,vgl,pOrava
pwg,47511,pOruza,vgl,nizpOruza
pwg,47538,pOrRamI,vgl,dyUta˚
pwg,47543,pOrvadehika,vgl,OrDvadehika
pwg,47601,pyAw,vgl,pAw
pwg,47609,pra,vgl,prA
pwg,47613,prakaca,vgl,utkaca
pwg,47613,prakaca,vgl,vikaca
pwg,47614,prakaw,vgl,prakaway
pwg,47614,prakaw,vgl,prakawAy
pwg,47615,prakawa,vgl,avakawa
pwg,47615,prakawa,vgl,utkawa
pwg,47615,prakawa,vgl,nikawa
pwg,47615,prakawa,vgl,vikawa
pwg,47615,prakawa,vgl,saMkawa
pwg,47617,prakaway,vgl,prakawAy
pwg,47624,prakampa,vgl,dupprakampa
pwg,47624,prakampa,vgl,nizprakampa
pwg,47629,prakampya,vgl,duzprakampya
pwg,47630,prakara,vgl,prAkara
pwg,47631,prakaraRa,vgl,prAkaraRika
pwg,47639,prakarza,vgl,prAkarzika
pwg,47644,prakarzita,vgl,prakarzaRa
pwg,47653,prakaSa,vgl,nirudDa˚
pwg,47656,prakAma,vgl,prAkAmya
pwg,47659,prakAraka,vgl,nizprakAraka
pwg,47664,prakASa,vgl,kzaRaprakASA
pwg,47664,prakASa,vgl,duzprakASa
pwg,47664,prakASa,vgl,nizprakASa
pwg,47699,prakuYca,vgl,kuYci
pwg,47703,prakUzmARqI,vgl,kUzmARqI
pwg,47707,prakfti,vgl,prAkfta
pwg,47707,prakfti,vgl,prAkftika
pwg,47720,praketa,vgl,a˚
pwg,47720,praketa,vgl,su˚
pwg,47723,prakopa,vgl,ozWa˚
pwg,47723,prakopa,vgl,pakzma˚
pwg,47735,prakriyA,vgl,aDikAra
pwg,47735,prakriyA,vgl,prakAra
pwg,47735,prakriyA,vgl,prakaraRa
pwg,47754,prakzara,vgl,praKara
pwg,47754,prakzara,vgl,prakKara
pwg,47757,prakzAlana,vgl,danta˚
pwg,47791,pragalBa,vgl,prAgalBa
pwg,47791,pragalBa,vgl,prAgalBya
pwg,47805,praguRa,vgl,a˚
pwg,47817,pragraha,vgl,tulA˚
pwg,47822,praGawaka,vgl,praGawwaka
pwg,47824,praGawwaka,vgl,praGawaka
pwg,47825,praGaRa,vgl,praGARa
pwg,47850,pracaraRa,vgl,kuwwa˚
pwg,47855,pracalaka,vgl,pracalAka
pwg,47864,pracAra,vgl,Darma˚
pwg,47864,pracAra,vgl,nizpracAra
pwg,47879,pracura,vgl,prAcurya
pwg,47882,pracurapuruza,vgl,cOra
pwg,47885,pracetas,vgl,a˚
pwg,47885,pracetas,vgl,prAcetasa
pwg,47896,pracCada,vgl,uttara
pwg,47897,pracCadapawa,vgl,pracCAdanapawa
pwg,47905,pracCAdanapawa,vgl,pracCadapawa
pwg,47920,praC,vgl,anupraSna
pwg,47920,praC,vgl,ApfcCA
pwg,47920,praC,vgl,ApfcCya
pwg,47920,praC,vgl,ApracCana
pwg,47920,praC,vgl,paripraSna
pwg,47927,prajanana,vgl,puMsprajanana
pwg,47956,prajADyakza,vgl,prajApati
pwg,47957,prajAnATa,vgl,prajApati
pwg,47961,prajApati,vgl,prAjApata
pwg,47973,prajApAli,vgl,prajApAla
pwg,47977,prajAvant,vgl,prAjAvata
pwg,47992,prajji,vgl,sujji
pwg,48000,prajYA,vgl,pUrva˚
pwg,48001,prajYAkara,vgl,prajAkara
pwg,48013,prajYAla,vgl,prajYila
pwg,48018,prajYila,vgl,prajYAla
pwg,48023,praRa,vgl,pratna
pwg,48023,praRa,vgl,purARa
pwg,48033,praRayin,vgl,pARi˚
pwg,48037,praRAqI,vgl,praRAlI
pwg,48040,praRAma,vgl,daRqa˚
pwg,48044,praRAlI,vgl,praRAqI
pwg,48061,praRIti,vgl,su˚
pwg,48078,pratati,vgl,vratati
pwg,48080,pratana,vgl,pratna
pwg,48084,pratamaka,vgl,tamaka
pwg,48085,pratamAm,vgl,prataram
pwg,48088,prataram,vgl,pratamAm
pwg,48093,pratardana,vgl,prAtardana
pwg,48096,pratAn,vgl,pratAm
pwg,48109,pratApasa,vgl,pratApa
pwg,48120,prati,vgl,aprati
pwg,48124,pratikaRWam,vgl,prAtikaRWika
pwg,48125,pratikara,vgl,a˚
pwg,48125,pratikara,vgl,su˚
pwg,48141,pratikAra,vgl,pratIkAra
pwg,48147,pratikuYjara,vgl,pratigaja
pwg,48147,pratikuYjara,vgl,pratidvirada
pwg,48147,pratikuYjara,vgl,pratinAga
pwg,48149,pratikUla,vgl,prAtikUlika
pwg,48185,pratigaja,vgl,pratikuYjara
pwg,48196,pratigfhItavya,vgl,pratigrahItavya
pwg,48197,pratigfhya,vgl,pratigrAhya
pwg,48199,pratigraha,vgl,cUqA˚
pwg,48199,pratigraha,vgl,duzprati˚
pwg,48199,pratigraha,vgl,nizprati˚
pwg,48201,pratigrahin,vgl,pratigrAhin
pwg,48202,pratigrahItar,vgl,pratigfhItar
pwg,48203,pratigrahItavya,vgl,pratigfhItavya
pwg,48206,pratigrAha,vgl,patadgraha
pwg,48209,pratigrAhya,vgl,pratigfhya
pwg,48211,pratiGAta,vgl,pratIGAta
pwg,48234,pratijana,vgl,prAtijanIna
pwg,48253,pratitAlaka,vgl,pratitAlI
pwg,48254,pratitURI,vgl,pratURI
pwg,48256,pratiTi,vgl,prAtiTeya
pwg,48258,pratidarSa,vgl,pratIdarSa
pwg,48264,pratidivan,vgl,pratidIvan
pwg,48267,pratidIvan,vgl,pratidivan
pwg,48279,pratidvaMdva,vgl,nizpratidvaMdva
pwg,48282,pratidvirada,vgl,pratikuYjara
pwg,48294,pratinaptar,vgl,praRapAt
pwg,48297,pratinAga,vgl,pratikuYjara
pwg,48319,pratipakza,vgl,prAtipakzya
pwg,48329,pratipattipawaha,vgl,pratipattUrya
pwg,48331,pratipattUrya,vgl,pratipattipawaha
pwg,48333,pratipaTika,vgl,prAti˚
pwg,48334,pratipad,vgl,a˚
pwg,48334,pratipad,vgl,prAtipada
pwg,48390,pratiprasTAtar,vgl,pratizWAtar
pwg,48401,pratiPullaka,vgl,Pulla
pwg,48418,pratiboDa,vgl,pratIboDa
pwg,48420,pratiboDana,vgl,duHsvapna˚
pwg,48426,pratiBA,vgl,apratiBa
pwg,48426,pratiBA,vgl,pratiBAna
pwg,48430,pratiBAna,vgl,pratiBA
pwg,48441,pratiBU,vgl,prAtiBAvya
pwg,48447,pratimaRWaka,vgl,maRqaka
pwg,48456,pratimA,vgl,supratima
pwg,48463,pratimAsya,vgl,pratimatsya
pwg,48497,pratiraTa,vgl,a˚
pwg,48522,pratiloma,vgl,prAtilomika
pwg,48522,pratiloma,vgl,prAtilomya
pwg,48549,prativAdin,vgl,vAdin
pwg,48560,prativAha,vgl,pratI˚
pwg,48586,prativedaSAKam,vgl,pratiSAKam
pwg,48605,pratiSAKam,vgl,prativedaSAKam
pwg,48605,pratiSAKam,vgl,prAtiSAKya
pwg,48646,pratizWA,vgl,a˚
pwg,48646,pratizWA,vgl,janma˚
pwg,48646,pratizWA,vgl,su˚
pwg,48646,pratizWA,vgl,hft˚
pwg,48651,pratizWAna,vgl,a˚
pwg,48674,pratisaMgakzikA,vgl,saMgakzikA
pwg,48694,pratisAMDAnika,vgl,pratisaMDAna
pwg,48732,pratihAraka,vgl,prAtihAraka
pwg,48737,pratihitAyin,vgl,AtatAyin
pwg,48743,pratIka,vgl,Gfta˚
pwg,48743,pratIka,vgl,cAru˚
pwg,48743,pratIka,vgl,tveza˚
pwg,48743,pratIka,vgl,puruDa˚
pwg,48743,pratIka,vgl,maDu˚
pwg,48743,pratIka,vgl,vyAGra˚
pwg,48745,pratIkAra,vgl,nizpratIkAra
pwg,48747,pratIkASa,vgl,pratikASa
pwg,48754,pratIkzam,vgl,a˚
pwg,48757,pratIGAta,vgl,pratiGAta
pwg,48774,pratIdarSa,vgl,pratidarSa
pwg,48777,pratIpa,vgl,a˚
pwg,48790,pratIboDa,vgl,pratiboDa
pwg,48814,pratolI,vgl,saM˚
pwg,48832,pratyakza,vgl,a˚
pwg,48832,pratyakza,vgl,prAtyakza
pwg,48867,pratyagraTa,vgl,prAtyagraTi
pwg,48911,pratyayita,vgl,pratyAyita
pwg,48952,pratyazWIlA,vgl,azWIlA
pwg,48986,pratyApIqa,vgl,ApIqa
pwg,49000,pratyAlIQa,vgl,AlIQa
pwg,49043,pratyudyamin,vgl,pratyudyAmin
pwg,49063,pratyuza,vgl,pratyUza
pwg,49064,pratyuzas,vgl,pratyUzas
pwg,49070,pratyUha,vgl,nizpratyUha
pwg,49084,praTama,vgl,prATamika
pwg,49084,praTama,vgl,prATamya
pwg,49110,praTas,vgl,uru˚
pwg,49110,praTas,vgl,sa˚
pwg,49121,prada,vgl,kara˚
pwg,49121,prada,vgl,kAma˚
pwg,49121,prada,vgl,ku˚
pwg,49121,prada,vgl,puRya˚
pwg,49121,prada,vgl,putrapradA
pwg,49122,pradakziRa,vgl,prAdakziRya
pwg,49135,pradadi,vgl,su˚
pwg,49143,pradavya,vgl,pradAvya
pwg,49152,pradAnaSUra,vgl,dAnaSUra
pwg,49152,pradAnaSUra,vgl,dAnavIra
pwg,49153,pradAnika,vgl,dattApradAnika
pwg,49161,pradAvya,vgl,pradavya
pwg,49167,pradiv,vgl,Apradivam
pwg,49170,pradIpa,vgl,candrasUrya˚
pwg,49183,pradeSa,vgl,yaTApradeSam
pwg,49183,pradeSa,vgl,prAdeSa
pwg,49183,pradeSa,vgl,prAdeSika
pwg,49185,pradeSana,vgl,prAdeSana
pwg,49190,pradoza,vgl,grahaRI˚
pwg,49192,pradoza,vgl,prAdoza
pwg,49192,pradoza,vgl,prAdozika
pwg,49197,pradyumna,vgl,prAdyumni
pwg,49201,pradyota,vgl,pakza˚
pwg,49223,praDAna,vgl,nizpraDAna
pwg,49223,praDAna,vgl,prADAnika
pwg,49223,praDAna,vgl,prADAnya
pwg,49237,praDfzya,vgl,duzpraDfzya
pwg,49257,prapaYca,vgl,nizprapaYca
pwg,49264,prapatana,vgl,aSva˚
pwg,49271,prapad,vgl,prapada
pwg,49272,prapada,vgl,Aprapadam
pwg,49273,prapadana,vgl,a˚
pwg,49284,prapA,vgl,dvija˚
pwg,49294,prapATa,vgl,prapaTa
pwg,49307,prapitva,vgl,apapitva
pwg,49311,prapunAwa,vgl,puMnAwa
pwg,49311,prapunAwa,vgl,puMnAqa
pwg,49317,prapuzpita,vgl,saMprapuzpita
pwg,49332,praPulla,vgl,Pulla
pwg,49334,prabanDa,vgl,netra˚
pwg,49339,prabala,vgl,prAbalya
pwg,49355,prabAhu,vgl,prabAhuka
pwg,49365,praboDacandra,vgl,praboDodaya
pwg,49384,praBarman,vgl,tfpala˚
pwg,49384,praBarman,vgl,vfza˚
pwg,49390,praBavizRu,vgl,praBUzRu
pwg,49393,praBA,vgl,acira˚
pwg,49393,praBA,vgl,DUma˚
pwg,49393,praBA,vgl,nizpraBa
pwg,49393,praBA,vgl,prati˚
pwg,49403,praBAYjana,vgl,SoBAYjana
pwg,49414,praBAva,vgl,nizpraBAva
pwg,49427,praBAsa,vgl,kramasaMdarBa˚
pwg,49427,praBAsa,vgl,guRarAja˚
pwg,49427,praBAsa,vgl,candravimalasUryapraBAsaSrI
pwg,49427,praBAsa,vgl,Darma˚
pwg,49427,praBAsa,vgl,suvarRa˚
pwg,49430,praBAsvara,vgl,candrapraBAsvararAja
pwg,49444,praBUti,vgl,a˚
pwg,49449,praBUzRu,vgl,praBavizRu
pwg,49452,praBeda,vgl,naBaH˚
pwg,49465,pramaRas,vgl,pramanas
pwg,49468,pramati,vgl,adabDavrata˚
pwg,49468,pramati,vgl,indra˚
pwg,49472,pramaTa,vgl,pramATa
pwg,49472,pramaTa,vgl,pramATin
pwg,49476,pramada,vgl,indra˚
pwg,49480,pramadakAnana,vgl,pramadAkAnana
pwg,49482,pramadaropya,vgl,mahilAropya
pwg,49483,pramadavana,vgl,pramadAvana
pwg,49484,pramadAkAnana,vgl,pramadakAnana
pwg,49487,pramadAvana,vgl,pramadavana
pwg,49490,pramanas,vgl,pramaRas
pwg,49491,pramantra,vgl,pramAtra
pwg,49497,pramaya,vgl,apramaya
pwg,49505,pramahas,vgl,vAja˚
pwg,49506,pramA,vgl,saha˚
pwg,49507,pramARa,vgl,a˚
pwg,49521,pramARasUtra,vgl,mAnasUtra
pwg,49528,pramAtra,vgl,pramantra
pwg,49530,pramATa,vgl,pramaTa
pwg,49532,pramAda,vgl,a˚
pwg,49539,pramAyuka,vgl,a˚
pwg,49553,pramuKatas,vgl,pramuKe
pwg,49554,pramuca,vgl,pramucu
pwg,49575,pramokza,vgl,vIra˚
pwg,49579,pramoda,vgl,pramARa˚
pwg,49582,pramodamAna,vgl,pramudita
pwg,49582,pramodamAna,vgl,pramoda
pwg,49582,pramodamAna,vgl,sadApramudita
pwg,49588,pramlocantI,vgl,pramlocA
pwg,49591,prayaj,vgl,pfkza˚
pwg,49592,prayajyu,vgl,dIrGa˚
pwg,49612,prayARa,vgl,prAyARika
pwg,49646,prayoga,vgl,arTa˚
pwg,49646,prayoga,vgl,pUrva˚
pwg,49646,prayoga,vgl,BUri˚
pwg,49646,prayoga,vgl,suprayogaviSiKa
pwg,49646,prayoga,vgl,prAyogika
pwg,49660,prayojana,vgl,nizprayojana
pwg,49679,praroha,vgl,dfQa˚
pwg,49679,praroha,vgl,mahI˚
pwg,49679,praroha,vgl,prAroha
pwg,49688,pralamba,vgl,prAlamba
pwg,49736,pravacana,vgl,sAMKya˚
pwg,49736,pravacana,vgl,prAvacana
pwg,49737,pravacanIya,vgl,karma˚
pwg,49755,pravayaRa,vgl,pravARa
pwg,49775,pravarga,vgl,dAsa˚
pwg,49779,pravarta,vgl,pravftta
pwg,49787,pravartin,vgl,pratikUla˚
pwg,49796,pravalha,vgl,pravAhla
pwg,49804,pravahli,vgl,pravalha
pwg,49804,pravahli,vgl,pravalhikA
pwg,49812,pravARa,vgl,pravayaRa
pwg,49817,pravAda,vgl,asti˚
pwg,49817,pravAda,vgl,Atma˚
pwg,49817,pravAda,vgl,karma˚
pwg,49817,pravAda,vgl,jYAna˚
pwg,49817,pravAda,vgl,vidyA˚
pwg,49817,pravAda,vgl,vIrya˚
pwg,49817,pravAda,vgl,satya˚
pwg,49825,pravAra,vgl,prAvAra
pwg,49829,pravAsa,vgl,prAvAsa
pwg,49829,pravAsa,vgl,prAvAsika
pwg,49833,pravAha,vgl,yantrapravAha
pwg,49836,pravAhaReya,vgl,prAvAhaReya
pwg,49837,pravAhaReyaka,vgl,prAvAhaReyaka
pwg,49838,pravAhaReyi,vgl,prAvAhaReyi
pwg,49869,pravizA,vgl,ativizA
pwg,49869,pravizA,vgl,upavizA
pwg,49869,pravizA,vgl,prativizA
pwg,49875,pravIRa,vgl,prAvIRya
pwg,49890,pravftti,vgl,ati˚
pwg,49890,pravftti,vgl,citpravftti
pwg,49890,pravftti,vgl,duzpravftti
pwg,49890,pravftti,vgl,prAvfttika
pwg,49895,pravegita,vgl,vegita
pwg,49897,pravewa,vgl,pravawa
pwg,49897,pravewa,vgl,prAvawa
pwg,49912,praveya,vgl,pravayya
pwg,49915,praveSa,vgl,gfha˚
pwg,49915,praveSa,vgl,gopraveSasamaya
pwg,49917,praveSana,vgl,gfha˚
pwg,49937,pravrAj,vgl,parivrAj
pwg,49939,pravrAjaka,vgl,parivrAjaka
pwg,49943,praSa~yyuvAka,vgl,Sa~yyuvAka
pwg,49949,praSaMstavya,vgl,praSastavya
pwg,49950,praSaMsya,vgl,praSasya
pwg,49963,praSastavya,vgl,praSaMstavya
pwg,49969,praSasya,vgl,praSaMsya
pwg,49975,praSAn,vgl,praSAm
pwg,49981,praSAm,vgl,praSAn
pwg,49983,praSAsitar,vgl,praSAstar
pwg,49984,praSAstar,vgl,prASAstra
pwg,49985,praSAstra,vgl,prASAstra
pwg,49994,praSuSruka,vgl,prasuSruta
pwg,49998,praSna,vgl,prati˚
pwg,49998,praSna,vgl,prASnika
pwg,50023,praSlizwa,vgl,prASlizwa
pwg,50029,prazwi,vgl,dakziRA˚
pwg,50029,prazwi,vgl,savyA˚
pwg,50029,prazwi,vgl,aDiprazwiyuga
pwg,50039,prasakti,vgl,prasaNga
pwg,50043,prasaNga,vgl,ati˚
pwg,50043,prasaNga,vgl,prAsaNga
pwg,50043,prasaNga,vgl,prAsaNgika
pwg,50054,prasannatA,vgl,citta˚
pwg,50059,prasannerA,vgl,prasannA
pwg,50068,prasarpaka,vgl,prAsarpaka
pwg,50074,prasava,vgl,prati˚
pwg,50074,prasava,vgl,satya˚
pwg,50075,prasava,vgl,kanakaprasavA
pwg,50075,prasava,vgl,pItaprasava
pwg,50075,prasava,vgl,puRya˚
pwg,50090,prasah,vgl,prAsah
pwg,50099,prasAtikA,vgl,prasADikA
pwg,50101,prasAda,vgl,ambu˚
pwg,50101,prasAda,vgl,duzprasAda
pwg,50101,prasAda,vgl,dfkprasAdA
pwg,50116,prasADya,vgl,duzprasADya
pwg,50120,prasAraRin,vgl,saMprasAraRa
pwg,50120,prasAraRin,vgl,prasArya
pwg,50122,prasArya,vgl,prasAraRin
pwg,50124,prasAha,vgl,duzprasAha
pwg,50140,prasuSruta,vgl,praSuSruka
pwg,50142,prasU,vgl,pitf˚
pwg,50142,prasU,vgl,putrikA˚
pwg,50159,prasfmara,vgl,sfmara
pwg,50161,praseka,vgl,mUtra˚
pwg,50166,prasenajit,vgl,prAsenajitI
pwg,50167,praseva,vgl,prAseva
pwg,50169,praskaRva,vgl,prAskaRva
pwg,50177,prastaraRa,vgl,rukma˚
pwg,50184,prastAva,vgl,prAstAvika
pwg,50199,prasTa,vgl,indra˚
pwg,50199,prasTa,vgl,eka˚
pwg,50199,prasTa,vgl,ozaDi˚
pwg,50199,prasTa,vgl,karIra˚
pwg,50199,prasTa,vgl,karkanDu˚
pwg,50199,prasTa,vgl,karkI˚
pwg,50204,prasTAna,vgl,prAsTAnika
pwg,50233,prasraMsin,vgl,garBapAta
pwg,50237,prasrAva,vgl,prasrava
pwg,50239,prasvana,vgl,prasvAna
pwg,50258,praharaRa,vgl,Dvaja˚
pwg,50264,praharza,vgl,duzpraharza
pwg,50268,praharzula,vgl,praharzaRa
pwg,50278,prahAyya,vgl,praheya
pwg,50279,prahAra,vgl,tala˚
pwg,50284,prahArin,vgl,Agata˚
pwg,50284,prahArin,vgl,dfQa˚
pwg,50300,praheRaka,vgl,prahelaka
pwg,50307,prahelikA,vgl,pravalhikA
pwg,50310,prahrAda,vgl,prahlAda
pwg,50339,prAkAramardin,vgl,nagaramardin
pwg,50351,prAkftaprakASa,vgl,prAkftacandrikA
pwg,50359,prAkkalpa,vgl,purAkalpa
pwg,50359,prAkkalpa,vgl,pUrvakalpa
pwg,50370,prAkpada,vgl,pUrvapada
pwg,50391,prAgagra,vgl,prAkkUla
pwg,50394,prAgaparAyata,vgl,prAgAyata
pwg,50403,prAgAyata,vgl,prAgaparAyata
pwg,50414,prAgjanman,vgl,pUrvajanman
pwg,50416,prAgjAti,vgl,pUrvajAti
pwg,50438,prAgrya,vgl,a˚
pwg,50450,prAGuRa,vgl,prAhuRaka
pwg,50452,prANga,vgl,prANgaRa
pwg,50479,prAcInavaMSa,vgl,prAgvaMSa
pwg,50488,prAcIra,vgl,kzORI˚
pwg,50488,prAcIra,vgl,prAcIna
pwg,50500,prAC,vgl,Sabda˚
pwg,50501,prAjaka,vgl,prajita
pwg,50501,prAjaka,vgl,prAjana prAjitar
pwg,50502,prAjana,vgl,prajita
pwg,50502,prAjana,vgl,prAjaka
pwg,50502,prAjana,vgl,prAjitar
pwg,50503,prAjayA,vgl,vIjaryA
pwg,50504,prAjaruhA,vgl,bIjaruhA
pwg,50513,prAjika,vgl,prAcikA
pwg,50515,prAjitar,vgl,prajita
pwg,50515,prAjitar,vgl,prAjaka
pwg,50515,prAjitar,vgl,prAjana
pwg,50535,prARa,vgl,a˚
pwg,50535,prARa,vgl,kaTA˚
pwg,50535,prARa,vgl,jagatprARa
pwg,50535,prARa,vgl,naBaH˚
pwg,50535,prARa,vgl,nizprARa
pwg,50535,prARa,vgl,sa˚
pwg,50556,prARadfh,vgl,Dfk
pwg,50581,prARaBakza,vgl,Penapa
pwg,50634,prARAyya,vgl,praRAyya
pwg,50641,prARin,vgl,a˚
pwg,50644,prARihitA,vgl,prARahitA
pwg,50654,prAtar,vgl,aBi˚
pwg,50654,prAtar,vgl,sAyaM˚
pwg,50654,prAtar,vgl,su˚
pwg,50659,prAtarASa,vgl,sAyamASa
pwg,50729,prAtihArya,vgl,pratihArya
pwg,50756,prAdoza,vgl,prAdozika
pwg,50762,prADA,vgl,praDA
pwg,50783,prApaRa,vgl,duzprApaRa
pwg,50792,prAptaBAra,vgl,prAptaBAva
pwg,50794,prAptarUpa,vgl,aBirUpa
pwg,50812,prAmati,vgl,pramati
pwg,50818,prAmItya,vgl,prARItya
pwg,50820,prAya,vgl,prAyeRa
pwg,50820,prAya,vgl,prAyaSas
pwg,50820,prAya,vgl,prAyas
pwg,50820,prAya,vgl,evaMprAya
pwg,50840,prAyas,vgl,prAyaSas
pwg,50849,prAyeRa,vgl,prAyaSas
pwg,50849,prAyeRa,vgl,prAyas
pwg,50881,prAlamba,vgl,pralamba
pwg,50891,prAvawa,vgl,pravawa
pwg,50891,prAvawa,vgl,pravewa
pwg,50906,prAvArakarRa,vgl,karRaprAvaraRa
pwg,50914,prAvAhaReyi,vgl,pravAhaReyi
pwg,50930,prAvfzeRya,vgl,prAvfzya
pwg,50939,prASa,vgl,cAtuzprASya
pwg,50939,prASa,vgl,cyavanaprASa
pwg,50939,prASa,vgl,DUma˚
pwg,50941,prASana,vgl,nava˚
pwg,50953,prASu,vgl,plASuka
pwg,50953,prASu,vgl,plASucit
pwg,50955,prASU,vgl,satya˚
pwg,50960,prASya,vgl,cAtuzprASya
pwg,50972,prAsah,vgl,prasaBam
pwg,50972,prAsah,vgl,prasah
pwg,50974,prAsAda,vgl,paYca˚
pwg,50984,prAseva,vgl,praseva
pwg,51001,priya,vgl,a˚
pwg,51001,priya,vgl,nartana˚
pwg,51001,priya,vgl,puru˚
pwg,51001,priya,vgl,puzkara˚
pwg,51001,priya,vgl,prati˚
pwg,51001,priya,vgl,prARa˚
pwg,51001,priya,vgl,hari˚
pwg,51001,priya,vgl,nipriyAy
pwg,51015,priyaNgu,vgl,prEyaNgava
pwg,51023,priyatA,vgl,priyatva
pwg,51041,priyameDa,vgl,prEyyameDa
pwg,51045,priyarUpa,vgl,prEyarUpaka
pwg,51057,priyavrata,vgl,prEyavrata
pwg,51077,prI,vgl,prayas
pwg,51077,prI,vgl,aBiprI
pwg,51077,prI,vgl,AprI
pwg,51077,prI,vgl,AprItapA
pwg,51077,prI,vgl,pariprI
pwg,51082,prIti,vgl,Atma˚
pwg,51082,prIti,vgl,duzprIti
pwg,51082,prIti,vgl,nizprIti
pwg,51101,pruT,vgl,proTa
pwg,51101,pruT,vgl,praproTa
pwg,51102,pruz,vgl,pluz
pwg,51102,pruz,vgl,paripruz
pwg,51102,pruz,vgl,vipruz
pwg,51107,pruzwA,vgl,pluzwAy
pwg,51109,pruzvAy,vgl,pruzwAy
pwg,51113,prekzaRa,vgl,ti\ryakprekzaRa
pwg,51115,prekzaRIya,vgl,duzprekzaRIya
pwg,51117,prekzA,vgl,duzprekza
pwg,51124,prekzya,vgl,duzprekzya
pwg,51125,preNKa,vgl,pleNKa
pwg,51147,pretapakza,vgl,pitfpakza
pwg,51185,preman,vgl,a˚
pwg,51185,preman,vgl,vi˚
pwg,51186,premanArAyaRa,vgl,premasAhi
pwg,51188,premabanDa,vgl,premAbanDa
pwg,51214,prezya,vgl,kArya˚
pwg,51221,prehikawA,vgl,prohakarawA
pwg,51222,prehikardamA,vgl,prohakardamA
pwg,51229,prEyameDa,vgl,prEyyameDa
pwg,51234,prEza,vgl,puru˚
pwg,51250,proQam,vgl,prOQa
pwg,51275,proza,vgl,ploza
pwg,51288,proha,vgl,prOha
pwg,51290,prohakardamA,vgl,prehikardamA
pwg,51304,prORa,vgl,prOha
pwg,51304,prORa,vgl,proha
pwg,51309,prOha,vgl,proha
pwg,51312,plakza,vgl,anyataHplakzA
pwg,51312,plakza,vgl,triplakza
pwg,51324,playoga,vgl,plAyogi
pwg,51326,plava,vgl,a˚
pwg,51326,plava,vgl,ku˚
pwg,51326,plava,vgl,jala˚
pwg,51326,plava,vgl,DaraRI˚
pwg,51332,plavana,vgl,kuSa˚
pwg,51346,plAvana,vgl,jala˚
pwg,51352,plASucit,vgl,prASu
pwg,51365,plu,vgl,anuplava
pwg,51365,plu,vgl,aBiplava
pwg,51365,plu,vgl,Aplava
pwg,51365,plu,vgl,utplavana
pwg,51365,plu,vgl,upaplava
pwg,51365,plu,vgl,pariplava
pwg,51365,plu,vgl,praplAvana
pwg,51365,plu,vgl,viplava
pwg,51365,plu,vgl,saMplava
pwg,51370,pluz,vgl,pruz
pwg,51376,plev,vgl,pev
pwg,51376,plev,vgl,peb
pwg,51376,plev,vgl,sev
pwg,51387,Pa,vgl,viPa
pwg,51387,Pa,vgl,saPa
pwg,51395,PaYjI,vgl,jIrRa˚
pwg,51397,Pawa,vgl,PaRa
pwg,51400,PaRa,vgl,go˚
pwg,51411,PaRikA,vgl,go˚
pwg,51414,PaRikeSvara,vgl,PaRIndreSvara
pwg,51420,PaRijJaka,vgl,ganDa˚
pwg,51434,PaRIndreSvara,vgl,PaRikeSvara
pwg,51453,Pal,vgl,pratiPala
pwg,51456,Pala,vgl,a˚
pwg,51456,Pala,vgl,aMSumatPalA
pwg,51456,Pala,vgl,ajinaPalA
pwg,51456,Pala,vgl,nizPala
pwg,51456,Pala,vgl,puRya˚
pwg,51456,Pala,vgl,puraH˚
pwg,51456,Pala,vgl,vi˚
pwg,51456,Pala,vgl,SAri˚
pwg,51456,Pala,vgl,sa˚
pwg,51456,Pala,vgl,su˚
pwg,51460,Palakapura,vgl,Palapura
pwg,51462,PalakAvana,vgl,PalakIvana
pwg,51464,PalakIvana,vgl,PalakAvana
pwg,51487,Palapura,vgl,Palakapura
pwg,51490,PalapUra,vgl,bIjapUra
pwg,51490,PalapUra,vgl,˚pUraka
pwg,51494,PalabanDya,vgl,PalAbanDya
pwg,51528,PalAdana,vgl,PalASana
pwg,51535,PalAmlapaYcaka,vgl,amlapaYca
pwg,51537,PalAyozit,vgl,PaqiNgA
pwg,51539,PalASana,vgl,PalAdana
pwg,51570,Palgu,vgl,Palgva
pwg,51575,Palguna,vgl,PAlguna
pwg,51577,PalgunAla,vgl,PAlgunAla
pwg,51593,PA,vgl,Pa
pwg,51595,PARi,vgl,PARita
pwg,51601,PARqa,vgl,PaRqa
pwg,51604,PAla,vgl,su˚
pwg,51614,PAlgunAla,vgl,PalgunAla
pwg,51634,PupPusa,vgl,pupPusa
pwg,51640,PulladAman,vgl,PulladAman
pwg,51653,Pew,vgl,Pet
pwg,51653,Pew,vgl,PetkAra
pwg,51656,Pet,vgl,Pew
pwg,51695,baw,vgl,bAQa
pwg,51699,baRqa,vgl,avaRqa
pwg,51703,badara,vgl,kawubadarI
pwg,51703,badara,vgl,kzitivadarI
pwg,51703,badara,vgl,nfpabadara
pwg,51703,badara,vgl,BUbadarI
pwg,51703,badara,vgl,rAjabadara
pwg,51703,badara,vgl,bAdarika
pwg,51743,baDira,vgl,a˚
pwg,51743,baDira,vgl,bADirya
pwg,51750,baDyoga,vgl,bADyoga
pwg,51753,banD,vgl,anubanDa
pwg,51753,banD,vgl,apibadDa
pwg,51753,banD,vgl,avabanDa
pwg,51753,banD,vgl,AbadDa
pwg,51753,banD,vgl,AbanDa
pwg,51753,banD,vgl,udbanDa
pwg,51753,banD,vgl,upabanDa
pwg,51753,banD,vgl,nibandDar
pwg,51753,banD,vgl,saMnibanDa
pwg,51753,banD,vgl,nirbanDa
pwg,51753,banD,vgl,prabadDar
pwg,51753,banD,vgl,pratibaDya (pratibanDya)
pwg,51753,banD,vgl,vibanDa
pwg,51753,banD,vgl,saMbanDa
pwg,51753,banD,vgl,aBisaMbanDa
pwg,51753,banD,vgl,aNka˚
pwg,51753,banD,vgl,arTa˚
pwg,51754,banDaka,vgl,abanDaka
pwg,51754,banDaka,vgl,bAnDaki
pwg,51754,banDaka,vgl,bAnDakineya
pwg,51754,banDaka,vgl,bAnDakeya
pwg,51759,banDana,vgl,a˚
pwg,51759,banDana,vgl,kAya˚
pwg,51759,banDana,vgl,gajabanDanI
pwg,51759,banDana,vgl,nObanDana
pwg,51759,banDana,vgl,pAda˚
pwg,51759,banDana,vgl,pASa˚
pwg,51759,banDana,vgl,pUta˚
pwg,51759,banDana,vgl,prasava˚
pwg,51759,banDana,vgl,maRi˚
pwg,51759,banDana,vgl,muKa˚
pwg,51759,banDana,vgl,SIrza˚
pwg,51759,banDana,vgl,su˚
pwg,51759,banDana,vgl,hiraRya˚
pwg,51771,banDitra,vgl,vaDitra
pwg,51772,banDin,vgl,Pala˚
pwg,51773,banDu,vgl,a˚
pwg,51773,banDu,vgl,amfta˚
pwg,51773,banDu,vgl,fzi˚
pwg,51773,banDu,vgl,kzatra˚
pwg,51773,banDu,vgl,ganDa˚
pwg,51773,banDu,vgl,go˚
pwg,51773,banDu,vgl,cakravAka˚
pwg,51773,banDu,vgl,jaNGA˚
pwg,51773,banDu,vgl,dfzwi˚
pwg,51773,banDu,vgl,deva˚
pwg,51773,banDu,vgl,dvi˚
pwg,51773,banDu,vgl,dvija˚
pwg,51773,banDu,vgl,padma˚
pwg,51773,banDu,vgl,pika˚
pwg,51773,banDu,vgl,pitf˚
pwg,51773,banDu,vgl,pfta˚
pwg,51773,banDu,vgl,pfzwa˚
pwg,51773,banDu,vgl,prati˚
pwg,51773,banDu,vgl,brahma˚
pwg,51773,banDu,vgl,mAtf˚
pwg,51773,banDu,vgl,mftyu˚
pwg,51773,banDu,vgl,yajYa˚
pwg,51773,banDu,vgl,rAjanya˚
pwg,51773,banDu,vgl,vAja˚
pwg,51773,banDu,vgl,vipra˚
pwg,51773,banDu,vgl,Sruta˚
pwg,51773,banDu,vgl,sa˚
pwg,51773,banDu,vgl,samAna˚
pwg,51773,banDu,vgl,su˚
pwg,51773,banDu,vgl,bAnDava
pwg,51774,banDuka,vgl,bAnDuka
pwg,51783,banDupati,vgl,vAnDupata
pwg,51786,banDupfC,vgl,pfzwvanDu
pwg,51792,banDya,vgl,a˚
pwg,51792,banDya,vgl,kAkabanDyA
pwg,51792,banDya,vgl,PalabanDya
pwg,51792,banDya,vgl,PalA˚
pwg,51800,banDyAduhitar,vgl,banDyAputra
pwg,51801,banDyAputra,vgl,banDyAsuta
pwg,51801,banDyAputra,vgl,banDyAsUnu
pwg,51811,babara,vgl,bAbara
pwg,51818,baBru,vgl,aja˚
pwg,51818,baBru,vgl,aruRa˚
pwg,51818,baBru,vgl,hari˚
pwg,51818,baBru,vgl,bABrava
pwg,51818,baBru,vgl,bABravya
pwg,51818,baBru,vgl,bABruka
pwg,51822,baBrudeSa,vgl,baBru
pwg,51829,baBruSa,vgl,baBluSa
pwg,51830,baBluSa,vgl,baBruSa
pwg,51830,baBluSa,vgl,etaSa
pwg,51830,baBluSa,vgl,kapiSa
pwg,51830,baBluSa,vgl,kfzRaSa
pwg,51830,baBluSa,vgl,hariSa
pwg,51833,bambA,vgl,bamBAr
pwg,51835,bamBara,vgl,Bramara
pwg,51840,barawa,vgl,varbawa
pwg,51841,barAsI,vgl,barsa
pwg,51842,baru,vgl,varu
pwg,51849,barbawa,vgl,bArbawIra
pwg,51853,barh,vgl,prabarha
pwg,51854,barh,vgl,upabarha
pwg,51854,barh,vgl,upabarhaRa
pwg,51865,barhavant,vgl,bArhavata
pwg,51870,barhiRa,vgl,bArhiRa
pwg,51880,barhizad,vgl,bArhizada
pwg,51884,barhizWa,vgl,barhiHzWa
pwg,51889,barhiHzWa,vgl,barhizWa
pwg,51891,barhis,vgl,apabarhis
pwg,51895,bala,vgl,a˚
pwg,51895,bala,vgl,ajitabalA
pwg,51895,bala,vgl,atibala
pwg,51895,bala,vgl,tanU˚
pwg,51895,bala,vgl,tuNga˚
pwg,51895,bala,vgl,durbala
pwg,51895,bala,vgl,niSA˚
pwg,51895,bala,vgl,puRya˚
pwg,51895,bala,vgl,pra˚
pwg,51895,bala,vgl,prati˚
pwg,51895,bala,vgl,mahA˚
pwg,51900,balakza,vgl,palakza
pwg,51971,balAbala,vgl,a˚
pwg,51985,bali,vgl,bAleya
pwg,51986,bali,vgl,bAleya
pwg,51988,balikara,vgl,balikft
pwg,51991,balikft,vgl,balikara
pwg,51996,balinizUdana,vgl,balisUdana
pwg,51998,balipuzwa,vgl,baliBuj
pwg,51998,balipuzwa,vgl,baliBojana
pwg,52004,baliBft,vgl,balihft
pwg,52005,baliBojana,vgl,baliBuj
pwg,52005,baliBojana,vgl,balipuzwa
pwg,52016,balihan,vgl,balibanDana
pwg,52019,balihft,vgl,baliBft
pwg,52022,balIyaMs,vgl,a˚
pwg,52026,balIvardin,vgl,bAlIvardineya
pwg,52027,balIvardineya,vgl,bAlI˚
pwg,52028,balIha,vgl,balhika
pwg,52032,balbaja,vgl,tfRavalvaja
pwg,52032,balbaja,vgl,bAlbaja
pwg,52032,balbaja,vgl,bAlbajaBArika
pwg,52034,balbajika,vgl,vAlbajika
pwg,52047,balhika,vgl,bAlhika
pwg,52047,balhika,vgl,bAlhIka
pwg,52050,bazkaya,vgl,bAzkaya
pwg,52053,bazkiha,vgl,bazkaya
pwg,52054,basta,vgl,bAsta
pwg,52055,bastakarRa,vgl,ajakarRaka
pwg,52066,bahalacakzus,vgl,bahalANga
pwg,52096,bahirvedi,vgl,bahirvedika
pwg,52098,bahirvedika,vgl,bAhirvedika
pwg,52123,bahis,vgl,bAhya
pwg,52127,bahInara,vgl,ahInara
pwg,52135,bahukaraRIya,vgl,bahukftya
pwg,52136,bahukarRikA,vgl,bahuparRikA
pwg,52139,bahukIwa,vgl,bAhukIwa
pwg,52140,bahukulIna,vgl,bAhukuleyaka
pwg,52152,bahuguqA,vgl,bahuguhA
pwg,52153,bahuguRa,vgl,bAhuguRya
pwg,52167,bahutarakaRiSa,vgl,gucCakaRiSa
pwg,52171,bahutA,vgl,bahutva
pwg,52182,bahudantIsuta,vgl,bAhudantiputra
pwg,52270,bahurUpa,vgl,bAhurUpya
pwg,52275,bahula,vgl,bahuramaDya
pwg,52275,bahula,vgl,bahala
pwg,52275,bahula,vgl,baMhizWa
pwg,52275,bahula,vgl,baMhIyaMs
pwg,52275,bahula,vgl,bAhula
pwg,52275,bahula,vgl,bAhulaka
pwg,52275,bahula,vgl,bAhuli
pwg,52275,bahula,vgl,bAhuleya
pwg,52275,bahula,vgl,bAhulya
pwg,52283,bahulAnta,vgl,bahuramaDya
pwg,52318,bahuSAla,vgl,bAhuSAla
pwg,52321,bahuSruta,vgl,bAhuSrutya
pwg,52363,bahvfca,vgl,bAhvfcya
pwg,52385,bARavAra,vgl,vArabARa
pwg,52395,bAD,vgl,bIBatsA
pwg,52395,bAD,vgl,bIBatsu
pwg,52395,bAD,vgl,AbADa
pwg,52395,bAD,vgl,anibADa
pwg,52395,bAD,vgl,nirbADa
pwg,52395,bAD,vgl,nErbADya
pwg,52395,bAD,vgl,paribAD
pwg,52395,bAD,vgl,prabADaka
pwg,52395,bAD,vgl,pratibADaka
pwg,52395,bAD,vgl,vibADa
pwg,52395,bAD,vgl,saMbADa
pwg,52396,bAD,vgl,jYu˚
pwg,52397,bADa,vgl,a˚
pwg,52397,bADa,vgl,tuvi˚
pwg,52400,bADaka,vgl,bAnDuka
pwg,52417,bAnDava,vgl,pika˚
pwg,52417,bAnDava,vgl,pitf˚
pwg,52417,bAnDava,vgl,rAja˚
pwg,52417,bAnDava,vgl,banDu
pwg,52456,bAla,vgl,punarbAla
pwg,52457,bAlaka,vgl,ikzubAlikA
pwg,52476,bAlatanaya,vgl,bAladalaka
pwg,52476,bAlatanaya,vgl,bAlapattra
pwg,52476,bAlatanaya,vgl,bAlapattraka
pwg,52480,bAladalaka,vgl,bAlapattra
pwg,52482,bAlandana,vgl,BAlandana
pwg,52507,bAlayajYopavItaka,vgl,vAlopavIta
pwg,52508,bAlarAja,vgl,bAlasUrya
pwg,52509,bAlarAmAyaRa,vgl,mahArAmAyaRa
pwg,52521,bAlasUrya,vgl,bAlarAja
pwg,52523,bAlAki,vgl,dfpta˚
pwg,52538,bAlIvardineya,vgl,balIvardineya
pwg,52551,bAlbajika,vgl,balbajika
pwg,52562,bAzkala,vgl,vArkali
pwg,52578,bAhirvedika,vgl,bahirvedika
pwg,52580,bAhu,vgl,ugra˚
pwg,52580,bAhu,vgl,udbAhu
pwg,52580,bAhu,vgl,UrDva˚
pwg,52580,bAhu,vgl,nf˚
pwg,52580,bAhu,vgl,pfSni˚
pwg,52580,bAhu,vgl,pra˚
pwg,52580,bAhu,vgl,prati˚
pwg,52580,bAhu,vgl,BadrabAhU
pwg,52580,bAhu,vgl,mahA˚
pwg,52580,bAhu,vgl,vajra˚
pwg,52580,bAhu,vgl,Siti˚
pwg,52583,bAhukara,vgl,jaNGAkara
pwg,52603,bAhudantin,vgl,bahudantIsuta
pwg,52610,bAhubalin,vgl,Urubalin
pwg,52613,bAhuBAzya,vgl,bahuBAzya
pwg,52625,bAhulaka,vgl,udbAhulaka
pwg,52646,bAhUbAhavi,vgl,bAhAbAhavi
pwg,52648,bAhya,vgl,a˚
pwg,52667,bidala,vgl,vEdala
pwg,52672,bindavi,vgl,vEndavi
pwg,52673,bindavIya,vgl,bEndavIya
pwg,52674,bindu,vgl,kuSavindu
pwg,52674,bindu,vgl,kusurubindu
pwg,52682,bindutIrTa,vgl,bindusaras
pwg,52697,bindusaras,vgl,binduhrada
pwg,52700,binduhrada,vgl,bindusaras
pwg,52701,biboDayizu,vgl,buboDayizu
pwg,52709,bimba,vgl,prativimba
pwg,52709,bimba,vgl,bEmbaki
pwg,52724,bila,vgl,arvAgbila
pwg,52724,bila,vgl,Abilam
pwg,52724,bila,vgl,udbila
pwg,52724,bila,vgl,uru˚
pwg,52724,bila,vgl,grIvA˚
pwg,52724,bila,vgl,vasti˚
pwg,52724,bila,vgl,bElAyana
pwg,52740,billasU,vgl,bizkalA
pwg,52741,bilva,vgl,uruvilvA
pwg,52741,bilva,vgl,kuruvilva
pwg,52741,bilva,vgl,ciravilva
pwg,52741,bilva,vgl,jalavilva
pwg,52741,bilva,vgl,bElva
pwg,52741,bilva,vgl,bElvaka
pwg,52742,bilvaka,vgl,bElvaki
pwg,52743,bilvakIyA,vgl,bElvaka
pwg,52751,bilvavana,vgl,bElvavana
pwg,52753,bilveSvara,vgl,bileSvara
pwg,52778,bIja,vgl,avIja
pwg,52778,bIja,vgl,agravIja
pwg,52778,bIja,vgl,jyotirvIja
pwg,52778,bIja,vgl,padmabIja
pwg,52778,bIja,vgl,pItabIjA
pwg,52778,bIja,vgl,puzkarabIja
pwg,52778,bIja,vgl,pUrRa˚
pwg,52778,bIja,vgl,vahni˚
pwg,52779,bIjaka,vgl,avIjaka
pwg,52779,bIjaka,vgl,bEji
pwg,52779,bIjaka,vgl,bEjeya
pwg,52813,bIjavApin,vgl,bEjavApi
pwg,52817,bIjaharA,vgl,bIjahAriRI
pwg,52832,bIjya,vgl,mahA˚
pwg,52849,bukkasa,vgl,pukkaSa
pwg,52849,bukkasa,vgl,pulkasa
pwg,52857,budDa,vgl,bOdDa
pwg,52900,budDi,vgl,a˚
pwg,52900,budDi,vgl,durbudDi
pwg,52900,budDi,vgl,nirbudDi
pwg,52900,budDi,vgl,pApa˚
pwg,52900,budDi,vgl,prARa˚
pwg,52919,budDisahAya,vgl,DIsaKa
pwg,52919,budDisahAya,vgl,DIsaciva
pwg,52919,budDisahAya,vgl,prajYAsahAya
pwg,52927,buD,vgl,buButsA
pwg,52927,buD,vgl,anuboDa
pwg,52927,buD,vgl,avaboDa
pwg,52927,buD,vgl,samavaboDana
pwg,52927,buD,vgl,udboDa
pwg,52927,buD,vgl,prodboDa
pwg,52927,buD,vgl,samudboDa
pwg,52927,buD,vgl,nibodDavya
pwg,52927,buD,vgl,prabudDa
pwg,52927,buD,vgl,pratibudDa
pwg,52927,buD,vgl,vibuDa
pwg,52927,buD,vgl,saMbudDa
pwg,52928,buD,vgl,a˚
pwg,52928,buD,vgl,uzarbuD
pwg,52929,buDa,vgl,a˚
pwg,52939,buDAna,vgl,boDAna
pwg,52942,buDna,vgl,a˚
pwg,52942,buDna,vgl,adri˚
pwg,52942,buDna,vgl,aSva˚
pwg,52942,buDna,vgl,Astra˚
pwg,52942,buDna,vgl,uccA˚
pwg,52942,buDna,vgl,upari˚
pwg,52942,buDna,vgl,UrDva˚
pwg,52942,buDna,vgl,giri˚
pwg,52942,buDna,vgl,candra˚
pwg,52942,buDna,vgl,jIrRa˚
pwg,52942,buDna,vgl,pfTu˚
pwg,52942,buDna,vgl,mahA˚
pwg,52951,buboDayizu,vgl,biboDayizu
pwg,52952,buBukzA,vgl,bOBukza
pwg,52968,busa,vgl,Kalebusa
pwg,52971,busta,vgl,custa
pwg,52987,bfsI,vgl,barsa
pwg,52987,bfsI,vgl,barsva
pwg,53010,bfhawwikka,vgl,sUkzmawikka
pwg,53015,bfhatIpati,vgl,bfhaspati
pwg,53030,bfhatkzaya,vgl,bfhatkzaRa
pwg,53032,bfhattAla,vgl,bfhaddala
pwg,53059,bfhadagni,vgl,bArhadagna
pwg,53072,bfhadizu,vgl,bArhadIzava
pwg,53073,bfhadukTa,vgl,bArhadukTa
pwg,53081,bfhadgiri,vgl,bArhadgira
pwg,53092,bfhaddevatA,vgl,bArhaddEvata
pwg,53103,bfhadbala,vgl,bArhadbala
pwg,53115,bfhadraRa,vgl,bfhatkzaRa
pwg,53117,bfhadraTa,vgl,bArhadraTa
pwg,53117,bfhadraTa,vgl,bArhadraTi
pwg,53140,bfhant,vgl,bArhata
pwg,53143,bfhannawa,vgl,bfhannala
pwg,53144,bfhannaqa,vgl,bfhannala
pwg,53157,bfhaspati,vgl,bArhaspata
pwg,53157,bfhaspati,vgl,bArhaspatya
pwg,53164,bfhaspatimant,vgl,bfhaspativant
pwg,53185,bEnda,vgl,vinda
pwg,53209,boDa,vgl,Atma˚
pwg,53209,boDa,vgl,jarA˚
pwg,53209,boDa,vgl,durboDa˚
pwg,53209,boDa,vgl,deva˚
pwg,53209,boDa,vgl,druta˚
pwg,53209,boDa,vgl,bAla˚
pwg,53209,boDa,vgl,Sruta˚
pwg,53209,boDa,vgl,sa˚
pwg,53209,boDa,vgl,bODi
pwg,53209,boDa,vgl,bODya
pwg,53210,boDaka,vgl,Dvani˚
pwg,53210,boDaka,vgl,bAla˚
pwg,53212,boDaGanAcArya,vgl,boDAnandaGana
pwg,53220,boDayitavya,vgl,boDitavya
pwg,53225,boDAna,vgl,buDAna
pwg,53226,boDAnandaGana,vgl,boDaGanAcArya
pwg,53227,boDAyana,vgl,bODAyana
pwg,53229,boDi,vgl,deva˚
pwg,53229,boDi,vgl,prAgboDi
pwg,53229,boDi,vgl,mahA˚
pwg,53230,boDicittavivaraRa,vgl,boDacitta˚
pwg,53232,boDitavya,vgl,boDayitavya
pwg,53245,boDisattva,vgl,deva˚
pwg,53253,boDeya,vgl,adDA˚
pwg,53254,boDya,vgl,brahmaboDyA
pwg,53258,bODAyana,vgl,boDAyana
pwg,53262,bODeya,vgl,boDeya
pwg,53287,brahmakuSA,vgl,brahmakoSI
pwg,53291,brahmakfta,vgl,brAhmakfteya
pwg,53316,brahmacarya,vgl,a˚
pwg,53316,brahmacarya,vgl,ati˚
pwg,53320,brahmacArin,vgl,sa˚
pwg,53345,brahmaRya,vgl,a˚
pwg,53349,brahmaRyA,vgl,su˚
pwg,53353,brahmatA,vgl,a˚
pwg,53364,brahmadatta,vgl,brAhmadattAyana
pwg,53373,brahmadviz,vgl,brahmavidviz
pwg,53378,brahman,vgl,a˚
pwg,53378,brahman,vgl,oha˚
pwg,53378,brahman,vgl,tuvi˚
pwg,53378,brahman,vgl,su˚
pwg,53388,brahmapattra,vgl,brahmapAdapa
pwg,53422,brahmabruvARa,vgl,bruva
pwg,53448,brahmayajYa,vgl,brahmasattra
pwg,53454,brahmayAtu,vgl,devayAtu
pwg,53460,brahmarakzas,vgl,brahmarAkzasa
pwg,53536,brahmasattra,vgl,brahmayajYa
pwg,53576,brahmAgraBU,vgl,brahmAtmaBU
pwg,53581,brahmAtmaBU,vgl,brahmAgraBU
pwg,53596,brahmAyaRa,vgl,tridaSAyana
pwg,53609,brahmAhuti,vgl,brahmayajYa
pwg,53611,brahmizWi,vgl,brahmIyaMs
pwg,53612,brahmI,vgl,jala˚
pwg,53613,brahmIyaMs,vgl,brahmizWa
pwg,53622,brahmodya,vgl,brahmavadya
pwg,53622,brahmodya,vgl,brahmavAdya
pwg,53624,brahmOdana,vgl,brAhmOdanika
pwg,53632,brAhmaRa,vgl,a˚
pwg,53648,brAhmaRabruva,vgl,brahmabruvARa
pwg,53656,brAhmaRavarcasa,vgl,brahmavarcasa
pwg,53668,brAhmaRya,vgl,a˚
pwg,53674,brAhmarAti,vgl,brahmarAti
pwg,53674,brAhmarAti,vgl,brahmarAtri
pwg,53685,bruva,vgl,dvija˚
pwg,53685,bruva,vgl,brAhmaRa˚
pwg,53685,bruva,vgl,vrAtya˚
pwg,53686,brU,vgl,bruva
pwg,53687,blezka,vgl,vezka
pwg,53690,BaMsas,vgl,Basad
pwg,53692,BakkikA,vgl,PaqiNgA
pwg,53693,Bakta,vgl,aDo˚
pwg,53693,Bakta,vgl,eka˚
pwg,53693,Bakta,vgl,caturTa˚
pwg,53714,Bakti,vgl,kzetra˚
pwg,53714,Bakti,vgl,graha˚
pwg,53714,Bakti,vgl,dfgBakti
pwg,53714,Bakti,vgl,nakzatra˚
pwg,53727,BaktirasAyana,vgl,BagavadBaktirasAyana
pwg,53742,Bakz,vgl,biBakzayizu
pwg,53742,Bakz,vgl,pariBakzaRa
pwg,53742,Bakz,vgl,saMBakza
pwg,53743,Bakza,vgl,aja˚
pwg,53743,Bakza,vgl,abBakza
pwg,53743,Bakza,vgl,asTi˚
pwg,53743,Bakza,vgl,kaRa˚
pwg,53743,Bakza,vgl,kapi˚
pwg,53743,Bakza,vgl,kAla˚
pwg,53743,Bakza,vgl,gajaBakzA
pwg,53743,Bakza,vgl,gomAyuBakza
pwg,53743,Bakza,vgl,jana˚
pwg,53743,Bakza,vgl,durBakza
pwg,53743,Bakza,vgl,Dana˚
pwg,53744,Bakzaka,vgl,BagaBakzaka
pwg,53745,BakzakAra,vgl,BakzyakAra
pwg,53752,Bakzayitar,vgl,Bakzitar
pwg,53754,BakzAlI,vgl,BAkzAlaka
pwg,53755,Bakzitar,vgl,Bakzayitar
pwg,53757,Bakzin,vgl,kawuka˚
pwg,53759,Bakzya,vgl,gajaBakzyA
pwg,53765,BagaRa,vgl,BAgaRa
pwg,53766,Bagatti,vgl,maGatti
pwg,53766,Bagatti,vgl,vasutti
pwg,53785,Bagala,vgl,BAgala
pwg,53785,Bagala,vgl,BAgalaka
pwg,53785,Bagala,vgl,BAgali
pwg,53785,Bagala,vgl,BAgaleya
pwg,53794,BagavadIya,vgl,BavadIya
pwg,53800,BagavadBaktirasAyana,vgl,BaktirasAyana
pwg,53802,BagavadBaskara,vgl,BagavantaBAskara
pwg,53804,Bagavant,vgl,BAgavata
pwg,53804,Bagavant,vgl,BAgavati
pwg,53807,BagavantaBAskara,vgl,BagavadBAskara
pwg,53810,Bagavitta,vgl,BAgavitti
pwg,53822,BagIraTa,vgl,BAgIraTI
pwg,53838,BaNga,vgl,kawu˚
pwg,53838,BaNga,vgl,gAtraBaNgA
pwg,53838,BaNga,vgl,tAjadBaNga
pwg,53838,BaNga,vgl,daRqa˚
pwg,53838,BaNga,vgl,durBaNga
pwg,53838,BaNga,vgl,Dvaja˚
pwg,53838,BaNga,vgl,niSABaNgA
pwg,53838,BaNga,vgl,pattraBaNga
pwg,53841,BaNgaSravas,vgl,BaNgyaSravas
pwg,53848,BaNgi,vgl,pattra˚
pwg,53860,BaNgyaSravas,vgl,BaNgaSravas
pwg,53862,Baj,vgl,Bakta
pwg,53862,Baj,vgl,Bakti
pwg,53862,Baj,vgl,Bajaka
pwg,53862,Baj,vgl,ABaga
pwg,53862,Baj,vgl,nirBAjya
pwg,53862,Baj,vgl,praBAga
pwg,53862,Baj,vgl,pratiBAga
pwg,53862,Baj,vgl,viBaktar
pwg,53862,Baj,vgl,viBaja
pwg,53862,Baj,vgl,viBajanIya
pwg,53862,Baj,vgl,viBajya
pwg,53862,Baj,vgl,viBAga
pwg,53862,Baj,vgl,viBAjya
pwg,53862,Baj,vgl,praviBAga
pwg,53862,Baj,vgl,prativiBAga
pwg,53862,Baj,vgl,saMviBAga
pwg,53875,BaYj,vgl,aBiBaNga
pwg,53875,BaYj,vgl,avaBaYjana
pwg,53875,BaYj,vgl,praBaNga
pwg,53875,BaYj,vgl,viBaNga
pwg,53875,BaYj,vgl,viBaYjanu
pwg,53877,BaYjaka,vgl,karaBaYjaka
pwg,53878,BaYjana,vgl,pada˚
pwg,53878,BaYjana,vgl,pApa˚
pwg,53883,BaYjipattrikA,vgl,PaYjipattrikA
pwg,53885,Baw,vgl,Bawa
pwg,53887,Bawa,vgl,udBawa
pwg,53887,Bawa,vgl,cAra˚
pwg,53887,Bawa,vgl,tAla˚
pwg,53887,Bawa,vgl,nirBawa
pwg,53887,Bawa,vgl,prati˚
pwg,53887,Bawa,vgl,BU˚
pwg,53887,Bawa,vgl,vAgBawa
pwg,53887,Bawa,vgl,vyAGra˚
pwg,53896,BawwadivAkara,vgl,divAkara
pwg,53904,BawwabalaBadra,vgl,balaBadra
pwg,53907,Bawwamadana,vgl,madana
pwg,53911,BawwaviSveSvara,vgl,viSveSvara
pwg,53913,BawwaSrISaMkara,vgl,SaMkara
pwg,53914,BawwasomeSvara,vgl,someSvara
pwg,53933,Baqita,vgl,BAqita
pwg,53933,Baqita,vgl,BAqitAyana
pwg,53934,Baqila,vgl,BAqilAyana
pwg,53935,BaR,vgl,BaRana
pwg,53939,BaRwAkI,vgl,kzudra˚
pwg,53941,BaRq,vgl,Band
pwg,53949,BaRqijaNGa,vgl,BaRqijaNGi
pwg,53950,BaRqita,vgl,BARqita
pwg,53950,BaRqita,vgl,BARqitAyana
pwg,53954,BaRqI,vgl,tri˚
pwg,53956,BaRqIra,vgl,go˚
pwg,53961,BaRquka,vgl,BaRwuka
pwg,53972,Badra,vgl,ahaM˚
pwg,53972,Badra,vgl,udayi˚
pwg,53972,Badra,vgl,cAturBadra
pwg,53972,Badra,vgl,janaka˚
pwg,53972,Badra,vgl,taTAgata˚
pwg,53972,Badra,vgl,tuNga˚
pwg,53972,Badra,vgl,paYca˚
pwg,53972,Badra,vgl,putraBadrA
pwg,53972,Badra,vgl,puzpa˚
pwg,53972,Badra,vgl,pUrRaBadra
pwg,53972,Badra,vgl,pfSni˚
pwg,53972,Badra,vgl,pra˚
pwg,53972,Badra,vgl,bala˚
pwg,53972,Badra,vgl,bahu˚
pwg,53972,Badra,vgl,budDa˚
pwg,53972,Badra,vgl,boDi˚
pwg,53972,Badra,vgl,brahmaBadrA
pwg,53972,Badra,vgl,rAmaBadra
pwg,53972,Badra,vgl,rAhula˚
pwg,53972,Badra,vgl,BAdra
pwg,53973,Badraka,vgl,tikta˚
pwg,53973,Badraka,vgl,puzpa˚
pwg,53973,Badraka,vgl,pra˚
pwg,53973,Badraka,vgl,balaBadrikA
pwg,53973,Badraka,vgl,bAlaBadraka
pwg,53973,Badraka,vgl,sarvato˚
pwg,53976,Badrakapila,vgl,Badra
pwg,54001,Badraturaga,vgl,BadrASva
pwg,54003,BadradAru,vgl,BAdradArava
pwg,54006,BadranAman,vgl,Badra
pwg,54009,Badrapada,vgl,pUrva˚
pwg,54014,Badrapura,vgl,BadrAnagara
pwg,54022,Badramanas,vgl,BadrareRu
pwg,54023,Badramanda,vgl,Badra
pwg,54023,Badramanda,vgl,manda
pwg,54023,Badramanda,vgl,mandra
pwg,54037,BadrareRu,vgl,Badramanas
pwg,54053,BadraSarman,vgl,BAdraSarmi
pwg,54076,BadrAnagara,vgl,Badrapura
pwg,54089,BadrAha,vgl,puRyAha
pwg,54090,Badrika,vgl,Badraka
pwg,54099,Ban,vgl,BaR
pwg,54101,Band,vgl,Badra
pwg,54102,Bandadizwi,vgl,krandadizwi
pwg,54106,Bandila,vgl,BaRqila
pwg,54117,Baya,vgl,a˚
pwg,54117,Baya,vgl,nirBaya
pwg,54117,Baya,vgl,prati˚
pwg,54117,Baya,vgl,bfhadBaya
pwg,54117,Baya,vgl,mahA˚
pwg,54117,Baya,vgl,sa˚
pwg,54144,Bar,vgl,Dar
pwg,54144,Bar,vgl,buBUrzu
pwg,54144,Bar,vgl,anuBartar
pwg,54144,Bar,vgl,apaBartar
pwg,54144,Bar,vgl,ABaraRa
pwg,54144,Bar,vgl,upaBft
pwg,54144,Bar,vgl,nEBftya
pwg,54144,Bar,vgl,praBartar
pwg,54144,Bar,vgl,viBftra
pwg,54146,Bara,vgl,sahasra˚
pwg,54146,Bara,vgl,su˚
pwg,54155,BaraRizeRa,vgl,rohiRizeRa
pwg,54155,BaraRizeRa,vgl,˚sena
pwg,54159,BaraRy,vgl,BuraRy
pwg,54163,Barata,vgl,BArata
pwg,54179,BaradvAja,vgl,BAradvAja
pwg,54181,BaradvAjin,vgl,BAradvAjin
pwg,54182,Barama,vgl,BArameya
pwg,54183,Baras,vgl,viSva˚
pwg,54183,Baras,vgl,sa˚
pwg,54186,BariRI,vgl,hariRI
pwg,54196,Baruja,vgl,BarUjA
pwg,54196,Baruja,vgl,BArujika
pwg,54198,BarUjA,vgl,BArUjika
pwg,54202,Barga,vgl,BArga
pwg,54202,Barga,vgl,BArgAyaRa
pwg,54202,Barga,vgl,BArgi
pwg,54203,BargaBUmi,vgl,BArgaBUmi
pwg,54213,Bartar,vgl,jagatIBartar
pwg,54213,Bartar,vgl,divasa˚
pwg,54213,Bartar,vgl,nf˚
pwg,54213,Bartar,vgl,paSu˚
pwg,54213,Bartar,vgl,prozitaBartfka (˚BartfkA
pwg,54219,BartfmeRWa,vgl,meRWa
pwg,54221,Bartfvrata,vgl,pativrata
pwg,54222,BartfvratA,vgl,pativratA
pwg,54226,Bartfhari,vgl,Bartfhema
pwg,54228,Barts,vgl,nirBartsana
pwg,54228,Barts,vgl,pariBartsana
pwg,54235,Barman,vgl,Barma
pwg,54236,BarmyASva,vgl,BArmya
pwg,54236,BarmyASva,vgl,BArmyaSva
pwg,54241,Bal,vgl,Ball
pwg,54241,Bal,vgl,niBAlana
pwg,54242,Bala,vgl,bal
pwg,54242,Bala,vgl,baw
pwg,54246,Balandana,vgl,BAlandana
pwg,54246,Balandana,vgl,BAlandanaka
pwg,54248,Ball,vgl,Bal
pwg,54249,Balla,vgl,BAlla
pwg,54249,Balla,vgl,BAlleya
pwg,54251,BallakIya,vgl,BAllakIya
pwg,54255,Ballavi,vgl,BAllavin
pwg,54255,Ballavi,vgl,BAllaveya
pwg,54256,BallAka,vgl,BallAwa
pwg,54256,BallAka,vgl,BallAda
pwg,54261,BallAda,vgl,BallAka
pwg,54261,BallAda,vgl,BallAwa
pwg,54263,Balluka,vgl,Balla
pwg,54263,Balluka,vgl,BallUka
pwg,54266,Bava,vgl,a˚
pwg,54266,Bava,vgl,arRo˚
pwg,54266,Bava,vgl,aSlezA˚
pwg,54266,Bava,vgl,Atma˚
pwg,54266,Bava,vgl,kfttikA˚
pwg,54266,Bava,vgl,tanu˚
pwg,54266,Bava,vgl,durvAgBava
pwg,54266,Bava,vgl,punarBava
pwg,54266,Bava,vgl,puzpa˚
pwg,54266,Bava,vgl,prAya˚
pwg,54266,Bava,vgl,PalgunI˚
pwg,54266,Bava,vgl,bahirBava
pwg,54266,Bava,vgl,mano˚
pwg,54266,Bava,vgl,su˚
pwg,54280,BavadevamiSra,vgl,BAvamiSra
pwg,54294,Bavanti,vgl,BavantI
pwg,54310,BavAnandasidDAntavAgISa,vgl,sidDAntavAgISa
pwg,54319,Bavika,vgl,BAvuka
pwg,54322,Bavitar,vgl,tiro˚
pwg,54325,Bavitra,vgl,BAvitra
pwg,54330,BavizRu,vgl,anDaM˚
pwg,54330,BavizRu,vgl,AQyaM˚
pwg,54330,BavizRu,vgl,rUraM˚
pwg,54330,BavizRu,vgl,nagnaM˚
pwg,54330,BavizRu,vgl,palitaM˚
pwg,54330,BavizRu,vgl,priyaM˚
pwg,54330,BavizRu,vgl,suBagaM˚
pwg,54330,BavizRu,vgl,sTUlaM˚
pwg,54350,Bas,vgl,psA
pwg,54351,Basad,vgl,sa˚
pwg,54351,Basad,vgl,BAsada
pwg,54354,Basanta,vgl,Basad
pwg,54358,BastrakA,vgl,BastrAkA
pwg,54358,BastrakA,vgl,BastrikA
pwg,54360,BastrA,vgl,BAstrAyaRa
pwg,54361,BastrAkA,vgl,BastrakA
pwg,54375,Basman,vgl,BAsmana
pwg,54375,Basman,vgl,BAsmAyana
pwg,54379,BasmasA,vgl,BasmasAt
pwg,54382,BasmAcala,vgl,BasmakUwa
pwg,54387,BA,vgl,aBiBA
pwg,54387,BA,vgl,ABA
pwg,54387,BA,vgl,praBA
pwg,54387,BA,vgl,praBAna
pwg,54387,BA,vgl,pratiBA
pwg,54387,BA,vgl,pratiBAna
pwg,54387,BA,vgl,viBA
pwg,54387,BA,vgl,viBAvarI
pwg,54388,BA,vgl,BAs
pwg,54394,BAkuwa,vgl,BAkUwa
pwg,54403,BAga,vgl,a˚
pwg,54403,BAga,vgl,agra˚
pwg,54403,BAga,vgl,anna˚
pwg,54403,BAga,vgl,arDa˚
pwg,54403,BAga,vgl,UrDva˚
pwg,54403,BAga,vgl,˚caturBAga
pwg,54423,BAgavata,vgl,devI˚
pwg,54447,BAgin,vgl,duHKa˚
pwg,54454,BAgya,vgl,nirBAgya
pwg,54454,BAgya,vgl,manda˚
pwg,54454,BAgya,vgl,mahA˚
pwg,54454,BAgya,vgl,sa˚
pwg,54454,BAgya,vgl,su˚
pwg,54456,BAMkAra,vgl,BerI˚
pwg,54463,BAj,vgl,akzara˚
pwg,54463,BAj,vgl,anta˚
pwg,54463,BAj,vgl,arDa˚
pwg,54463,BAj,vgl,aharBAj
pwg,54466,BAjana,vgl,dIpa˚
pwg,54466,BAjana,vgl,pAna˚
pwg,54466,BAjana,vgl,yaTABAjanam
pwg,54480,BAwwadinakara,vgl,BAwwaBAskara
pwg,54483,BAwwaBAskara,vgl,BAwwadinakara
pwg,54486,BAqitAyana,vgl,BARqitAyana
pwg,54487,BAqitya,vgl,BAqita
pwg,54490,BARa,vgl,BARikA
pwg,54494,BARqa,vgl,kzura˚
pwg,54513,BARqi,vgl,BARqivAha
pwg,54514,BARqika,vgl,BARqila
pwg,54514,BARqika,vgl,BARqi
pwg,54517,BARqitAyana,vgl,BAqitAyana
pwg,54518,BARqitya,vgl,BARqita
pwg,54526,BAtu,vgl,BAnu
pwg,54540,BAnu,vgl,ahi˚
pwg,54545,BAnudina,vgl,BAnuvAra
pwg,54549,BAnuPalA,vgl,aMSumatPalA
pwg,54559,BAnuvAra,vgl,BAnudina
pwg,54576,BAyajAtya,vgl,ABayajAtya
pwg,54577,BAra,vgl,ati˚
pwg,54578,BAraka,vgl,PaRiBArikA
pwg,54580,BAraRqa,vgl,BAruRqa
pwg,54580,BAraRqa,vgl,BuruRqa
pwg,54581,BArata,vgl,bAla˚
pwg,54581,BArata,vgl,mahA˚
pwg,54599,BAradvAjin,vgl,Bara˚
pwg,54628,BArin,vgl,BAra˚
pwg,54630,BArujika,vgl,BArUjika
pwg,54632,BArUjika,vgl,BArujika
pwg,54637,BArga,vgl,BArgavana
pwg,54638,BArgaBUmi,vgl,BargaBUmi
pwg,54640,BArgava,vgl,caRqa˚
pwg,54641,BArgavadIpikA,vgl,BArgavArcanadIpikA
pwg,54644,BArgavArcanadIpikA,vgl,BArgavadIpikA
pwg,54653,BArmyaSva,vgl,BarmyASva
pwg,54666,BAla,vgl,aSma˚
pwg,54674,BAlalocana,vgl,BAladfS
pwg,54676,BAlu,vgl,BAnu
pwg,54677,BAluka,vgl,BAlUka
pwg,54677,BAluka,vgl,Balla
pwg,54680,BAlUka,vgl,BAluka
pwg,54680,BAlUka,vgl,Balla
pwg,54685,BAllavin,vgl,BAllaveya
pwg,54686,BAllaveya,vgl,BAllavi
pwg,54688,BAllUka,vgl,Balla
pwg,54737,BAvAgaReSadIkzita,vgl,BAvAviSvanATadIkzita
pwg,54740,BAvAnugA,vgl,BAvAlInA
pwg,54742,BAvAlInA,vgl,BAvAnugA
pwg,54748,BAvitra,vgl,Bavitra
pwg,54750,BAvin,vgl,anirudDaBAvinI
pwg,54750,BAvin,vgl,taTABAvin
pwg,54750,BAvin,vgl,punarBAvin
pwg,54750,BAvin,vgl,pUrva˚
pwg,54753,BAvya,vgl,durBAvya
pwg,54756,BAz,vgl,aBiBAzaRa
pwg,54756,BAz,vgl,avaBAzaRa
pwg,54756,BAz,vgl,ABAza
pwg,54756,BAz,vgl,vyABAzaka
pwg,54756,BAz,vgl,samABAzaRa
pwg,54756,BAz,vgl,pariBAzaRa
pwg,54756,BAz,vgl,praBAzaRa
pwg,54756,BAz,vgl,viBAzA
pwg,54756,BAz,vgl,saMBAzaRa
pwg,54762,BAzA,vgl,tarka˚
pwg,54762,BAzA,vgl,deSa˚
pwg,54762,BAzA,vgl,para˚
pwg,54762,BAzA,vgl,BUta˚
pwg,54772,BAzin,vgl,durBAzin
pwg,54772,BAzin,vgl,pUrva˚
pwg,54772,BAzin,vgl,pratikUla˚
pwg,54772,BAzin,vgl,priya˚
pwg,54772,BAzin,vgl,bahu˚
pwg,54772,BAzin,vgl,su˚
pwg,54780,BAs,vgl,avaBAsa
pwg,54780,BAs,vgl,ABAs
pwg,54780,BAs,vgl,udBAsa
pwg,54780,BAs,vgl,praBAsa
pwg,54780,BAs,vgl,pratiBAsa
pwg,54781,BAsa,vgl,candra˚
pwg,54781,BAsa,vgl,pUzaBAsA˚
pwg,54781,BAsa,vgl,bfhadBAsa
pwg,54793,BAsan,vgl,jyotirBAsan
pwg,54795,BAsura,vgl,BAsvara
pwg,54798,BAskara,vgl,jYAna˚
pwg,54798,BAskara,vgl,brahmaRya˚
pwg,54798,BAskara,vgl,BagavadBAskara
pwg,54798,BAskara,vgl,Bagavanta˚
pwg,54798,BAskara,vgl,BAwwa˚
pwg,54798,BAskara,vgl,saMskAra˚
pwg,54798,BAskara,vgl,hari˚
pwg,54802,BAskaramiSra,vgl,Bawwa˚
pwg,54806,BAskaraSarman,vgl,hariBAskara
pwg,54818,BAsvatIkaraRa,vgl,BAsvatI
pwg,54819,BAsvant,vgl,pra˚
pwg,54819,BAsvant,vgl,prARa˚
pwg,54820,BAsvara,vgl,pra˚
pwg,54824,BikzA,vgl,durBikza
pwg,54824,BikzA,vgl,suBikza
pwg,54824,BikzA,vgl,mAMsaBikzA
pwg,54824,BikzA,vgl,BEkza
pwg,54832,BikzAnna,vgl,BikzAhAra
pwg,54843,BikzASin,vgl,BEkzASya
pwg,54844,BikzAhAra,vgl,BikzAnna
pwg,54847,Bikzu,vgl,mahA˚
pwg,54848,Bikzuka,vgl,Darma˚
pwg,54860,BittiKAtana,vgl,BittipAtana
pwg,54862,BittipAtana,vgl,BittiKAtana
pwg,54863,Bid,vgl,biBitsA
pwg,54863,Bid,vgl,avaBoden
pwg,54863,Bid,vgl,udBid
pwg,54863,Bid,vgl,nirBeda
pwg,54863,Bid,vgl,pariBedaka
pwg,54863,Bid,vgl,praBid
pwg,54863,Bid,vgl,praBeda
pwg,54863,Bid,vgl,pratiBeda
pwg,54863,Bid,vgl,viBettar
pwg,54863,Bid,vgl,saMBeda
pwg,54866,BidA,vgl,durBida
pwg,54866,BidA,vgl,kamala˚
pwg,54874,Bidya,vgl,pUrBidya
pwg,54881,BindDilavaRA,vgl,pacalavaRA
pwg,54917,Billataru,vgl,BillI
pwg,54924,BizaNmAtar,vgl,vEdyamAtar
pwg,54925,Bizaj,vgl,Bezaja
pwg,54926,Bizaj,vgl,Sata˚
pwg,54926,Bizaj,vgl,su˚
pwg,54929,Bizajya,vgl,durBizajya
pwg,54938,BI,vgl,Byas
pwg,54938,BI,vgl,viBIzaRa
pwg,54938,BI,vgl,viBIzikA
pwg,54939,BI,vgl,avadya˚
pwg,54943,BIti,vgl,deva˚
pwg,54946,BItI,vgl,BIRI
pwg,54947,BIma,vgl,su˚
pwg,54956,BImadvAdaSI,vgl,BImEkAdaSI
pwg,54958,BImanagara,vgl,BImapura
pwg,54965,BImapura,vgl,BImanagara
pwg,54971,BImaraTa,vgl,BEmaraTa
pwg,54984,BImasena,vgl,BEmaseni
pwg,54984,BImasena,vgl,BEmasenya
pwg,54992,BImEkAdaSI,vgl,BImadvAdaSI
pwg,54997,BIru,vgl,a˚
pwg,54997,BIru,vgl,patadBIru
pwg,54997,BIru,vgl,BErava
pwg,55000,BIrucetas,vgl,BIruhfdaya
pwg,55022,BIzmagarjitaGozasvararAja,vgl,BIzmasvararAja
pwg,55028,BIzmasvararAja,vgl,BIzmagarjitaGozasvararAja
pwg,55031,BuHKAra,vgl,BUHKAra
pwg,55042,Bukti,vgl,tIra˚
pwg,55042,Bukti,vgl,tri˚
pwg,55048,Buj,vgl,Buji
pwg,55048,Buj,vgl,Bujyu
pwg,55048,Buj,vgl,ABoga
pwg,55050,Buj,vgl,aBuYjant
pwg,55050,Buj,vgl,Bukta
pwg,55050,Buj,vgl,Bukti
pwg,55050,Buj,vgl,Bujizya
pwg,55050,Buj,vgl,Boktar
pwg,55050,Buj,vgl,Boktavya
pwg,55050,Buj,vgl,buBukzA
pwg,55050,Buj,vgl,buBukzita
pwg,55050,Buj,vgl,upaBuktaDana
pwg,55050,Buj,vgl,upaBoktar
pwg,55050,Buj,vgl,pratyupaBoga
pwg,55050,Buj,vgl,samupaBoga
pwg,55050,Buj,vgl,pratiBoga
pwg,55050,Buj,vgl,saMBoga
pwg,55051,Buj,vgl,a˚
pwg,55051,Buj,vgl,agra˚
pwg,55051,Buj,vgl,anna˚
pwg,55051,Buj,vgl,amfta˚
pwg,55051,Buj,vgl,kaRa˚
pwg,55051,Buj,vgl,kaRwaka˚
pwg,55052,Buja,vgl,azwAdaSaBujA
pwg,55052,Buja,vgl,karavIra˚
pwg,55052,Buja,vgl,daSa˚
pwg,55052,Buja,vgl,bahuBuja
pwg,55052,Buja,vgl,Badra˚
pwg,55052,Buja,vgl,mahA˚
pwg,55065,BujaMga,vgl,BOjaMga
pwg,55071,BujaMgapuzpa,vgl,Bujagapuzpa
pwg,55088,Bujadala,vgl,BujAdala
pwg,55093,BujamUla,vgl,BujAmUla
pwg,55094,BujaSAlin,vgl,bAhuSAlin
pwg,55115,BuRq,vgl,huRq
pwg,55116,Bumanyu,vgl,Bavanmanyu
pwg,55118,Bur,vgl,BuraRa
pwg,55118,Bur,vgl,BurvaRi
pwg,55118,Bur,vgl,Burvan
pwg,55118,Bur,vgl,BUrRi
pwg,55123,Burij,vgl,BUrij
pwg,55128,Buva,vgl,BOvAyana
pwg,55131,Buvana,vgl,BOvana
pwg,55144,BuvanADISa,vgl,Buvana
pwg,55144,BuvanADISa,vgl,BuvanADISvara
pwg,55144,BuvanADISa,vgl,BuvaneSa
pwg,55145,BuvanADISvara,vgl,BuvanADISa
pwg,55145,BuvanADISvara,vgl,BuvaneSa
pwg,55166,BU,vgl,Bava
pwg,55166,BU,vgl,Bavaka
pwg,55166,BU,vgl,Bavana
pwg,55166,BU,vgl,BavanIya
pwg,55166,BU,vgl,Bavant
pwg,55166,BU,vgl,buBUzaka
pwg,55166,BU,vgl,anuBava
pwg,55166,BU,vgl,antarBAva
pwg,55166,BU,vgl,apaBUti
pwg,55166,BU,vgl,aBiBava
pwg,55166,BU,vgl,ABU
pwg,55166,BU,vgl,udBava
pwg,55166,BU,vgl,udBU
pwg,55166,BU,vgl,udBAvana
pwg,55166,BU,vgl,samudBava
pwg,55166,BU,vgl,nirBUti
pwg,55166,BU,vgl,parABava
pwg,55166,BU,vgl,praBava
pwg,55166,BU,vgl,praBAvana
pwg,55166,BU,vgl,pratiBU
pwg,55166,BU,vgl,viBava
pwg,55166,BU,vgl,viBu
pwg,55166,BU,vgl,viBUti
pwg,55166,BU,vgl,viBAvaka
pwg,55166,BU,vgl,saMBava
pwg,55166,BU,vgl,saMBAvana
pwg,55168,BUHKAra,vgl,BuHKAra
pwg,55186,BUKaRqa,vgl,BUmiKaRqa
pwg,55200,BUta,vgl,aBUtatadBAva
pwg,55200,BUta,vgl,aBUtarajas
pwg,55200,BUta,vgl,BOta
pwg,55200,BUta,vgl,BOtika
pwg,55221,BUtaqAmara,vgl,BUtoqqAmara
pwg,55283,BUtasaMtApa,vgl,BUtasaMtApana
pwg,55284,BUtasaMtApana,vgl,BUtasaMtApa
pwg,55316,BUti,vgl,a˚
pwg,55316,BUti,vgl,agni˚
pwg,55316,BUti,vgl,aryama˚
pwg,55318,BUtikarman,vgl,BUtikftya
pwg,55334,BUtivAhana,vgl,BUtavAhana
pwg,55345,BUtezwA,vgl,BUta
pwg,55345,BUtezwA,vgl,BUtA
pwg,55378,BUpAla,vgl,BOpAla
pwg,55384,BUpura,vgl,BUgfha
pwg,55391,BUBAga,vgl,BUmiBAga
pwg,55397,BUman,vgl,BUmi
pwg,55400,BUmanyu,vgl,BUmanyu
pwg,55405,BUmiARa,vgl,BUmIyARa
pwg,55410,BUmikA,vgl,maRiBUmikA
pwg,55412,BUmiKaRqa,vgl,BUvaRqa
pwg,55416,BUmigfha,vgl,BUgaha
pwg,55423,BUmijambu,vgl,BUjambU
pwg,55443,BUmiBAga,vgl,BUgAga
pwg,55466,BUmispfS,vgl,BUspfS
pwg,55475,BUmIyARa,vgl,BUmiARa
pwg,55500,BUr,vgl,BUrloka
pwg,55540,BUrimallI,vgl,BUrimUlikA
pwg,55543,BUrimUlikA,vgl,BUrimallI
pwg,55559,BUruha,vgl,nyaNku˚
pwg,55564,BUrBuva,vgl,Buva
pwg,55571,BUrloka,vgl,BUloka
pwg,55577,BUloka,vgl,BUrloka
pwg,55583,BUSaya,vgl,BUmiSaya
pwg,55589,BUz,vgl,ABUzeRya
pwg,55589,BUz,vgl,pariBUBazaRa
pwg,55589,BUz,vgl,viBUzaRa
pwg,55589,BUz,vgl,viBUzA
pwg,55590,BUzaRa,vgl,karRa˚
pwg,55590,BUzaRa,vgl,para˚
pwg,55590,BUzaRa,vgl,BadraBUzaRA
pwg,55595,BUzA,vgl,karRa˚
pwg,55595,BUzA,vgl,bahu˚
pwg,55597,BUzRu,vgl,alaM˚
pwg,55601,BUsura,vgl,BUdeva
pwg,55604,BUspfS,vgl,BUmispfS
pwg,55607,BfkuMSa,vgl,BrUkuMsa
pwg,55607,BfkuMSa,vgl,Bru˚
pwg,55607,BfkuMSa,vgl,Bra˚
pwg,55613,Bfgu,vgl,BArgava
pwg,55617,BfgutuNga,vgl,BfguprasravaRa
pwg,55622,BfguBUmi,vgl,BargaBUmi
pwg,55633,BfNga,vgl,paYca˚
pwg,55644,BfNgariwi,vgl,BfNgArIwa
pwg,55644,BfNgariwi,vgl,BfNgin
pwg,55644,BfNgariwi,vgl,BfNgiriwi
pwg,55644,BfNgariwi,vgl,BfNgeriwi
pwg,55645,BfNgarola,vgl,BfNga
pwg,55653,BfNgAra,vgl,SuzkaBfNgAra
pwg,55668,Bfjj,vgl,bahu˚
pwg,55671,BfRIy,vgl,BrI
pwg,55673,BfRqi,vgl,BaRqi
pwg,55674,Bft,vgl,anya˚
pwg,55674,Bft,vgl,indu˚
pwg,55674,Bft,vgl,izu˚
pwg,55674,Bft,vgl,ukTa˚
pwg,55674,Bft,vgl,urvI˚
pwg,55674,Bft,vgl,eRa˚
pwg,55674,Bft,vgl,kalA˚
pwg,55674,Bft,vgl,kArmuka˚
pwg,55674,Bft,vgl,kAzWa˚
pwg,55674,Bft,vgl,kzatra˚
pwg,55674,Bft,vgl,kziti˚
pwg,55674,Bft,vgl,gaNgA˚
pwg,55674,Bft,vgl,gadA˚
pwg,55674,Bft,vgl,guru˚
pwg,55674,Bft,vgl,cakzurBft
pwg,55674,Bft,vgl,jana˚
pwg,55674,Bft,vgl,janma˚
pwg,55674,Bft,vgl,tanu˚
pwg,55674,Bft,vgl,tapo˚
pwg,55674,Bft,vgl,daRqa˚
pwg,55674,Bft,vgl,deha˚
pwg,55674,Bft,vgl,DanurBft
pwg,55674,Bft,vgl,DaraRI˚
pwg,55674,Bft,vgl,DarA˚
pwg,55674,Bft,vgl,Darma˚
pwg,55674,Bft,vgl,Darmacakra˚
pwg,55674,Bft,vgl,DAtu˚
pwg,55674,Bft,vgl,para˚
pwg,55674,Bft,vgl,pASa˚
pwg,55674,Bft,vgl,pitu˚
pwg,55674,Bft,vgl,pUta˚
pwg,55674,Bft,vgl,prARa˚
pwg,55674,Bft,vgl,PaRa˚
pwg,55674,Bft,vgl,PaRA˚
pwg,55674,Bft,vgl,Pala˚
pwg,55674,Bft,vgl,bala˚
pwg,55674,Bft,vgl,bali˚
pwg,55674,Bft,vgl,bAhusahasra˚
pwg,55674,Bft,vgl,brahmamUrDa˚
pwg,55674,Bft,vgl,BAra˚
pwg,55674,Bft,vgl,mahI˚
pwg,55674,Bft,vgl,yaSo˚
pwg,55674,Bft,vgl,rAzwra˚
pwg,55674,Bft,vgl,vaMSa˚
pwg,55674,Bft,vgl,viSva˚
pwg,55674,Bft,vgl,vraja˚
pwg,55674,Bft,vgl,vrata˚
pwg,55674,Bft,vgl,Sastra˚
pwg,55674,Bft,vgl,sevA˚
pwg,55677,Bfti,vgl,iDma˚
pwg,55677,Bfti,vgl,durBfti
pwg,55677,Bfti,vgl,nirBfti
pwg,55681,Bftya,vgl,anDra˚
pwg,55681,Bftya,vgl,gOqaBftyapura
pwg,55681,Bftya,vgl,para˚
pwg,55681,Bftya,vgl,bAla˚
pwg,55681,Bftya,vgl,rAzwra˚
pwg,55682,BftyA,vgl,kumAraBftyA
pwg,55691,Bfmi,vgl,Brami
pwg,55693,BfmyaSva,vgl,BArmyaSva
pwg,55716,Beda,vgl,a˚
pwg,55716,Beda,vgl,aMhu˚
pwg,55716,Beda,vgl,aNga˚
pwg,55722,Bedana,vgl,amla˚
pwg,55722,Bedana,vgl,kAlindI˚
pwg,55722,Bedana,vgl,pAzARa˚
pwg,55722,Bedana,vgl,puwa˚
pwg,55728,Bedin,vgl,upala˚
pwg,55728,Bedin,vgl,kuRqa˚
pwg,55728,Bedin,vgl,cakraBedinI
pwg,55728,Bedin,vgl,jamBaBedin
pwg,55728,Bedin,vgl,tvaksAraBedinI
pwg,55728,Bedin,vgl,parRa˚
pwg,55728,Bedin,vgl,pAzARaBedin
pwg,55728,Bedin,vgl,bAhu˚
pwg,55728,Bedin,vgl,BU˚
pwg,55728,Bedin,vgl,BrU˚
pwg,55731,Bedya,vgl,a˚
pwg,55731,Bedya,vgl,durBedya
pwg,55731,Bedya,vgl,nirBedya
pwg,55731,Bedya,vgl,suKa˚
pwg,55739,Beri,vgl,ABerI
pwg,55744,BeruRqaka,vgl,Peru
pwg,55746,Bela,vgl,Beqa
pwg,55752,Bezaja,vgl,atividDa˚
pwg,55752,Bezaja,vgl,AsrAva˚
pwg,55752,Bezaja,vgl,Ahruta˚
pwg,55752,Bezaja,vgl,kilAsa˚
pwg,55752,Bezaja,vgl,kzipta˚
pwg,55752,Bezaja,vgl,jalAza˚
pwg,55752,Bezaja,vgl,citraBezajA
pwg,55752,Bezaja,vgl,viSvaBezaja
pwg,55752,Bezaja,vgl,su˚
pwg,55752,Bezaja,vgl,harita˚
pwg,55752,Bezaja,vgl,hfdyota˚
pwg,55752,Bezaja,vgl,BEzajya
pwg,55792,BEzajya,vgl,bAla˚
pwg,55800,Boktar,vgl,prAtarBoktar
pwg,55804,Boga,vgl,kAma˚
pwg,55804,Boga,vgl,nirBoga
pwg,55804,Boga,vgl,punarBoga
pwg,55804,Boga,vgl,Bukta˚
pwg,55804,Boga,vgl,mahA˚
pwg,55808,Bogagfha,vgl,Bogasadman
pwg,55808,Bogagfha,vgl,BogasTAna
pwg,55808,Bogagfha,vgl,BogAvAsa
pwg,55816,BogapAla,vgl,Bogika
pwg,55833,BogArha,vgl,Bogya
pwg,55836,BogAvAsa,vgl,Bogagfha
pwg,55843,BogIna,vgl,pitfBogIRa
pwg,55843,BogIna,vgl,mAtfBogIRa
pwg,55851,Boja,vgl,kunti˚
pwg,55851,Boja,vgl,mahA˚
pwg,55851,Boja,vgl,vfdDa˚
pwg,55851,Boja,vgl,su˚
pwg,55851,Boja,vgl,˚deva
pwg,55851,Boja,vgl,˚nfpati
pwg,55851,Boja,vgl,˚pati
pwg,55851,Boja,vgl,˚rAja
pwg,55851,Boja,vgl,BOji
pwg,55851,Boja,vgl,BOjya
pwg,55854,Bojakawa,vgl,BOjakawa
pwg,55856,Bojaduhitar,vgl,BojaputrI
pwg,55858,Bojana,vgl,a˚
pwg,55858,Bojana,vgl,aDi˚
pwg,55858,Bojana,vgl,iha˚
pwg,55858,Bojana,vgl,jIva˚
pwg,55858,Bojana,vgl,parRa˚
pwg,55858,Bojana,vgl,pitf˚
pwg,55858,Bojana,vgl,bali˚
pwg,55858,Bojana,vgl,bahu˚
pwg,55858,Bojana,vgl,brAhmaRa˚
pwg,55858,Bojana,vgl,marta˚
pwg,55858,Bojana,vgl,saha˚
pwg,55858,Bojana,vgl,su˚
pwg,55860,Bojanagara,vgl,Bojapura
pwg,55871,BojaputrI,vgl,Bojaduhitar
pwg,55872,Bojapura,vgl,Bojanagara
pwg,55878,BojarAja,vgl,Boja
pwg,55878,BojarAja,vgl,Bojadeva
pwg,55878,BojarAja,vgl,Bojanfpati
pwg,55884,Bojin,vgl,aSrAdDa˚
pwg,55884,Bojin,vgl,gfha˚
pwg,55884,Bojin,vgl,BujaMga˚
pwg,55884,Bojin,vgl,saha˚
pwg,55892,BojyA,vgl,BojA
pwg,55894,Bowa,vgl,mahA˚
pwg,55894,Bowa,vgl,BOwwa
pwg,55896,BowAnta,vgl,BowANga
pwg,55909,BOwwa,vgl,Bowa
pwg,55928,BOriki,vgl,BOliki
pwg,55940,BraMS,vgl,pariBraMSa
pwg,55940,BraMS,vgl,praBraMSa
pwg,55940,BraMS,vgl,viBraMSa
pwg,55942,BraMSa,vgl,guRa˚
pwg,55942,BraMSa,vgl,guda˚
pwg,55942,BraMSa,vgl,jAti˚ (jAtiBraMSakara
pwg,55943,BraMSakalA,vgl,DvaMsakalA
pwg,55944,BraMSaTu,vgl,BrasyaTu
pwg,55948,BrakuMSa,vgl,BfkuMSa
pwg,55948,BrakuMSa,vgl,Bru˚
pwg,55948,BrakuMSa,vgl,BrU˚
pwg,55950,Brakz,vgl,Blakz
pwg,55952,Braj,vgl,mfta˚
pwg,55954,Brajj,vgl,pacataBfjjatA
pwg,55954,Brajj,vgl,Bfjjana
pwg,55954,Brajj,vgl,Brazwra
pwg,55954,Brajj,vgl,BrAzwra
pwg,55954,Brajj,vgl,Barjana
pwg,55954,Brajj,vgl,biBrakzu
pwg,55954,Brajj,vgl,biBrajjizu
pwg,55956,Brajjana,vgl,Barjana
pwg,55957,Braq,vgl,kruq
pwg,55960,Bram,vgl,udBrama
pwg,55960,Bram,vgl,pariBrama
pwg,55960,Bram,vgl,viBrama
pwg,55960,Bram,vgl,viBrAnti
pwg,55964,BramatkuwI,vgl,jaNgamakuwI
pwg,55988,Brami,vgl,Bfmi
pwg,55997,Brazwra,vgl,BrAzwra
pwg,55999,BrAj,vgl,viBrAj
pwg,56000,BrAj,vgl,deva˚
pwg,56000,BrAj,vgl,na˚
pwg,56000,BrAj,vgl,su˚
pwg,56001,BrAja,vgl,su˚
pwg,56007,BrAjas,vgl,agni˚
pwg,56007,BrAjas,vgl,Suci˚
pwg,56018,BrAtar,vgl,a˚
pwg,56018,BrAtar,vgl,rAja˚
pwg,56018,BrAtar,vgl,hata˚
pwg,56021,BrAtfka,vgl,a˚
pwg,56044,BrAnti,vgl,KaBrAnti
pwg,56044,BrAnti,vgl,mati˚
pwg,56053,BrAS,vgl,BlAS
pwg,56067,Brukuwi,vgl,Bfkuwi
pwg,56073,BrU,vgl,agreBrU
pwg,56074,BrUkuMSa,vgl,Bf˚
pwg,56074,BrUkuMSa,vgl,Bra˚
pwg,56074,BrUkuMSa,vgl,Bru˚
pwg,56075,BrUkuwi,vgl,Bf˚
pwg,56075,BrUkuwi,vgl,Bra˚
pwg,56075,BrUkuwi,vgl,Bru˚
pwg,56083,BrURahan,vgl,BrORaGna
pwg,56083,BrURahan,vgl,BrORahatya
pwg,56091,Brej,vgl,BrAj
pwg,56092,Brez,vgl,BraMS
pwg,56098,Blakz,vgl,Brakz
pwg,56110,maMhizWa,vgl,maMhIyaMs
pwg,56112,maMhIyaMs,vgl,maMhizWa
pwg,56119,makara,vgl,mAkara
pwg,56126,makaranda,vgl,maranda
pwg,56143,makarIpattra,vgl,pattraBaNga
pwg,56145,makarIleKA,vgl,pattraleKA
pwg,56151,makura,vgl,mukura
pwg,56151,makura,vgl,makula
pwg,56153,makula,vgl,makura
pwg,56153,makula,vgl,mukula
pwg,56158,makk,vgl,mazk
pwg,56158,makk,vgl,mask
pwg,56162,makz,vgl,mrakz
pwg,56165,makzika,vgl,Denu˚
pwg,56165,makzika,vgl,nirmakzika
pwg,56165,makzika,vgl,maDu˚
pwg,56165,makzika,vgl,vana˚
pwg,56165,makzika,vgl,mAkzika
pwg,56171,maK,vgl,maNK
pwg,56172,maKa,vgl,adurmaKa
pwg,56172,maKa,vgl,sumaKa
pwg,56172,maKa,vgl,maha
pwg,56194,magadin,vgl,mAgadya
pwg,56195,magaDa,vgl,mAgaDa
pwg,56207,maGa,vgl,arurmaGa
pwg,56207,maGa,vgl,aSvA˚
pwg,56207,maGa,vgl,kratvA˚
pwg,56207,maGa,vgl,go˚
pwg,56207,maGa,vgl,citrA˚
pwg,56207,maGa,vgl,jyA˚
pwg,56207,maGa,vgl,tuvI˚
pwg,56207,maGa,vgl,punarmaGa
pwg,56207,maGa,vgl,SatA˚
pwg,56207,maGa,vgl,sahasrA˚
pwg,56207,maGa,vgl,mAGa
pwg,56213,maGavan,vgl,mahI˚
pwg,56213,maGavan,vgl,mAGavata
pwg,56213,maGavan,vgl,mAGavana
pwg,56226,maNkzaRa,vgl,maNKuRa
pwg,56226,maNkzaRa,vgl,matkuRa
pwg,56228,maNK,vgl,maK
pwg,56233,maNg,vgl,maNk
pwg,56235,maNgala,vgl,adurmaNgala
pwg,56235,maNgala,vgl,kOtuka˚
pwg,56243,maNgalatUrya,vgl,maNgalAtodya
pwg,56246,maNgalapattra,vgl,maNgalapAtra
pwg,56249,maNgalapura,vgl,maNgala
pwg,56268,maNgalAtodya,vgl,maNgalatUrya
pwg,56290,maNguza,vgl,mANguzya
pwg,56292,mac,vgl,maYc
pwg,56299,majiraka,vgl,mAjiraka
pwg,56300,majj,vgl,unmajjana
pwg,56300,majj,vgl,nimagnaka
pwg,56303,majjan,vgl,majjas
pwg,56303,majjan,vgl,majjA
pwg,56311,majjA,vgl,nirmajja
pwg,56333,maYjara,vgl,deva˚
pwg,56333,maYjara,vgl,maYjari
pwg,56333,maYjara,vgl,maYjA
pwg,56333,maYjara,vgl,maYji
pwg,56334,maYjari,vgl,maYjara
pwg,56334,maYjari,vgl,maYjA
pwg,56334,maYjari,vgl,maYji
pwg,56334,maYjari,vgl,aNgAramaYjarI
pwg,56334,maYjari,vgl,anekArTaDvani˚
pwg,56334,maYjari,vgl,aSoka˚
pwg,56334,maYjari,vgl,udaka˚
pwg,56334,maYjari,vgl,karpUra˚
pwg,56339,maYji,vgl,aNgAramaYjI
pwg,56344,maYjizWA,vgl,mAYjizWa
pwg,56348,maYjIraka,vgl,mAYjIraka
pwg,56372,maYjUzaka,vgl,mahA˚
pwg,56374,mawacI,vgl,mawatI
pwg,56376,mawAmawAy,vgl,pawApawAy
pwg,56381,maW,vgl,maRw
pwg,56391,maqAra,vgl,mAqArya
pwg,56393,maqqu,vgl,mAqquka
pwg,56393,maqqu,vgl,mAqqukika
pwg,56396,maRi,vgl,kAca˚
pwg,56396,maRi,vgl,cintA˚
pwg,56396,maRi,vgl,cUqA˚
pwg,56396,maRi,vgl,jatu˚
pwg,56396,maRi,vgl,deva˚
pwg,56396,maRi,vgl,niSA˚
pwg,56396,maRi,vgl,nIla˚
pwg,56396,maRi,vgl,nf˚
pwg,56396,maRi,vgl,parRa˚
pwg,56396,maRi,vgl,pIta˚
pwg,56396,maRi,vgl,mahA˚
pwg,56396,maRi,vgl,Siro˚
pwg,56396,maRi,vgl,sita˚
pwg,56396,maRi,vgl,su˚
pwg,56397,maRika,vgl,mARikya
pwg,56425,maRidIpa,vgl,maRipradIpa
pwg,56434,maRipAlI,vgl,mARipAla
pwg,56434,maRipAlI,vgl,mARipAlika
pwg,56435,maRipucCI,vgl,maRivAla
pwg,56445,maRiBadra,vgl,mARiBadra
pwg,56471,maRirAja,vgl,maRIndra
pwg,56492,maRIndra,vgl,maRirAja
pwg,56502,maRWaka,vgl,prati
pwg,56504,maRqa,vgl,a˚
pwg,56504,maRqa,vgl,Gfta˚
pwg,56504,maRqa,vgl,boDi˚
pwg,56504,maRqa,vgl,BUmi˚
pwg,56504,maRqa,vgl,muKamaRqI
pwg,56505,maRqaka,vgl,muKamaRqikA
pwg,56517,maRqara,vgl,mARqarika
pwg,56518,maRqala,vgl,AdarSa˚
pwg,56518,maRqala,vgl,kfzRa˚
pwg,56518,maRqala,vgl,candra˚
pwg,56518,maRqala,vgl,citra˚
pwg,56518,maRqala,vgl,tejo˚
pwg,56518,maRqala,vgl,tri˚
pwg,56518,maRqala,vgl,pari˚
pwg,56518,maRqala,vgl,pra˚
pwg,56518,maRqala,vgl,prati˚
pwg,56518,maRqala,vgl,praBA˚
pwg,56518,maRqala,vgl,boDi˚
pwg,56518,maRqala,vgl,Ba˚
pwg,56518,maRqala,vgl,BU˚
pwg,56518,maRqala,vgl,Bfgu˚
pwg,56518,maRqala,vgl,mahI˚
pwg,56518,maRqala,vgl,rakta˚
pwg,56518,maRqala,vgl,Sveta˚
pwg,56518,maRqala,vgl,su˚
pwg,56518,maRqala,vgl,mARqalika
pwg,56528,maRqalavawa,vgl,maRqalin
pwg,56529,maRqalavartin,vgl,cakravartin
pwg,56545,maRqika,vgl,maRqaka
pwg,56548,maRqu,vgl,mARqavya
pwg,56550,maRqUka,vgl,abDimaRqUkI
pwg,56550,maRqUka,vgl,brahma˚
pwg,56550,maRqUka,vgl,mARqUka
pwg,56550,maRqUka,vgl,mARqUki
pwg,56550,maRqUka,vgl,mARqUkeya
pwg,56568,matavacas,vgl,mAtavacasa
pwg,56572,mati,vgl,a˚
pwg,56572,mati,vgl,codayanmati
pwg,56572,mati,vgl,durmati
pwg,56572,mati,vgl,pApa˚
pwg,56572,mati,vgl,puzwi˚
pwg,56628,matya,vgl,matIkar
pwg,56628,matya,vgl,madi
pwg,56631,matsagaRwa,vgl,matsyaGaRwa
pwg,56632,matsara,vgl,nirmatsara
pwg,56632,matsara,vgl,vi˚
pwg,56632,matsara,vgl,sa˚
pwg,56635,matsya,vgl,kuqya˚
pwg,56635,matsya,vgl,kuqyamatsI
pwg,56635,matsya,vgl,nirmatsya
pwg,56635,matsya,vgl,pAka˚
pwg,56635,matsya,vgl,prati˚
pwg,56635,matsya,vgl,PalamatsyA
pwg,56635,matsya,vgl,bahumatsya
pwg,56635,matsya,vgl,mAtsya
pwg,56635,matsya,vgl,mAtsyika
pwg,56635,matsya,vgl,mAtsyeya
pwg,56639,matsyaGaRwa,vgl,matsagaRwa
pwg,56644,matsyajIvin,vgl,matsyopajIvin
pwg,56653,matsyapittA,vgl,matsyavinnA
pwg,56662,matsyavinnA,vgl,matsyapittA
pwg,56681,matsyopajIvin,vgl,matsyajIvant
pwg,56681,matsyopajIvin,vgl,matsyajIvin
pwg,56682,maT,vgl,aDimanTa
pwg,56682,maT,vgl,aBimanTa
pwg,56682,maT,vgl,avamanTa
pwg,56682,maT,vgl,unmaTana
pwg,56682,maT,vgl,unmanTa
pwg,56682,maT,vgl,unmATa
pwg,56682,maT,vgl,upamanTanI
pwg,56682,maT,vgl,nirmaTa
pwg,56682,maT,vgl,pramaTa
pwg,56682,maT,vgl,vimATa
pwg,56682,maT,vgl,vimATin
pwg,56687,maTana,vgl,manTana
pwg,56688,maTanAcala,vgl,manTaSEla
pwg,56691,maTAta,vgl,mamATa
pwg,56697,maTurA,vgl,mATura
pwg,56697,maTurA,vgl,maDurA
pwg,56704,maTya,vgl,manTya
pwg,56705,mad,vgl,manday
pwg,56705,mad,vgl,anumAdya
pwg,56705,mad,vgl,aBimAdyatka
pwg,56705,mad,vgl,unmatta
pwg,56705,mad,vgl,upazAda
pwg,56705,mad,vgl,pramandanI
pwg,56705,mad,vgl,saMmada
pwg,56705,mad,vgl,saMmAda
pwg,56706,mad,vgl,manda
pwg,56707,mada,vgl,iraM˚
pwg,56707,mada,vgl,ukTA˚
pwg,56707,mada,vgl,kumBi˚
pwg,56707,mada,vgl,gftsa˚
pwg,56707,mada,vgl,tri˚
pwg,56707,mada,vgl,durmada
pwg,56707,mada,vgl,Dana˚
pwg,56707,mada,vgl,nirmada
pwg,56707,mada,vgl,pAna˚
pwg,56721,madadin,vgl,mAdadya
pwg,56724,madana,vgl,unmadana
pwg,56736,madananfpa,vgl,madanapAla
pwg,56736,madananfpa,vgl,madanarAja
pwg,56740,madanapAla,vgl,madananfpa
pwg,56740,madanapAla,vgl,madanarAja
pwg,56750,madanarAja,vgl,madananfpa
pwg,56750,madanarAja,vgl,madanapAla
pwg,56807,madAtyaya,vgl,pAnAtyaya
pwg,56813,madArmada,vgl,mahonmada
pwg,56819,madi,vgl,matIkar
pwg,56840,madgu,vgl,upa˚
pwg,56840,madgu,vgl,kAka˚
pwg,56840,madgu,vgl,jala˚
pwg,56841,madgura,vgl,karRa˚
pwg,56842,madguraka,vgl,grAmamadgurikA
pwg,56859,madyavAsinI,vgl,madyapuzpA
pwg,56863,madra,vgl,madraka
pwg,56863,madra,vgl,mAdra
pwg,56866,madrakUla,vgl,mAdrakUlaka
pwg,56869,madranagara,vgl,mAdranagara
pwg,56872,madrAkar,vgl,BadrAkar
pwg,56876,madrik,vgl,tvadrik
pwg,56878,madrukasTalI,vgl,mAdrukasTalaka
pwg,56880,madryaYc,vgl,madrik
pwg,56887,maDavya,vgl,a˚
pwg,56888,maDu,vgl,tri˚
pwg,56888,maDu,vgl,priya˚
pwg,56888,maDu,vgl,mADava
pwg,56888,maDu,vgl,mADavaka
pwg,56888,maDu,vgl,mADavya
pwg,56888,maDu,vgl,mADvI
pwg,56891,maDukara,vgl,BfNga
pwg,56891,maDukara,vgl,Bramara
pwg,56899,maDukarRa,vgl,mADukarRika
pwg,56902,maDukAra,vgl,maDukara
pwg,56919,maDucCanda,vgl,maDusyanda
pwg,56920,maDucCandas,vgl,mADucCandasa
pwg,56921,maDucyut,vgl,maDuScut
pwg,56922,maDucyuta,vgl,maDuScyuta
pwg,56983,maDubrAhmaRa,vgl,maDu
pwg,56996,maDumant,vgl,mADumata
pwg,56996,maDumant,vgl,mADumataka
pwg,57014,maDura,vgl,tri˚
pwg,57014,maDura,vgl,mADura
pwg,57014,maDura,vgl,mADurya
pwg,57064,maDuvidyA,vgl,maDubrAhmaRa
pwg,57073,maDuSizwa,vgl,maDuSeza
pwg,57073,maDuSizwa,vgl,maDUcCizwa
pwg,57076,maDuScut,vgl,maDucyut
pwg,57077,maDuScyuta,vgl,maDucyuta
pwg,57084,maDuzWIla,vgl,maDvazWIlA
pwg,57101,maDusy,vgl,maDvasy
pwg,57102,maDusyanda,vgl,maDucCandas
pwg,57109,maDuka,vgl,mADUka
pwg,57110,maDUcCizwa,vgl,maDuSizwa
pwg,57120,maDya,vgl,nirmaDya
pwg,57120,maDya,vgl,pipIlika˚
pwg,57120,maDya,vgl,Buja˚
pwg,57120,maDya,vgl,vi˚
pwg,57142,maDyaMdina,vgl,mA˚
pwg,57142,maDyaMdina,vgl,mADyaMdini
pwg,57150,maDyama,vgl,a˚
pwg,57150,maDyama,vgl,yava˚
pwg,57150,maDyama,vgl,silika˚
pwg,57150,maDyama,vgl,maDya
pwg,57150,maDyama,vgl,mADyama
pwg,57150,maDyama,vgl,mADyamineya
pwg,57162,maDyamayAna,vgl,mahAyAna
pwg,57163,maDyamarAtra,vgl,maDyarAtra
pwg,57164,maDyamaloka,vgl,maDyaloka
pwg,57169,maDyamasTa,vgl,maDyasTa
pwg,57174,maDyamANguli,vgl,maDyANguli
pwg,57183,maDyarAtra,vgl,maDyamarAtra
pwg,57187,maDyaloka,vgl,maDyamaloka
pwg,57197,maDyasTa,vgl,mADyasTa
pwg,57197,maDyasTa,vgl,mADyasTya
pwg,57205,maDyANguli,vgl,maDyamANguli
pwg,57238,maDvazWIlA,vgl,maDuzWIla
pwg,57239,maDvasy,vgl,maDusy
pwg,57252,man,vgl,amata (amata
pwg,57252,man,vgl,mnA
pwg,57252,man,vgl,mAnana
pwg,57252,man,vgl,mAnanIya
pwg,57252,man,vgl,mAnya
pwg,57252,man,vgl,mImAMsA
pwg,57252,man,vgl,mImAMsya
pwg,57252,man,vgl,anumata
pwg,57252,man,vgl,apamAna
pwg,57252,man,vgl,aBimantar
pwg,57252,man,vgl,avamati
pwg,57252,man,vgl,avamAnana
pwg,57252,man,vgl,avamAnya
pwg,57252,man,vgl,parimat
pwg,57252,man,vgl,pramati
pwg,57252,man,vgl,vimAnya
pwg,57252,man,vgl,saMmAnana
pwg,57269,manaHSilA,vgl,manoguptA
pwg,57269,manaHSilA,vgl,manojYA
pwg,57269,manaHSilA,vgl,manohvA
pwg,57269,manaHSilA,vgl,mAnaHSila
pwg,57270,manaHSIGra,vgl,manojava
pwg,57271,manas,vgl,a˚
pwg,57271,manas,vgl,anya˚
pwg,57271,manas,vgl,aramaRas
pwg,57271,manas,vgl,unmanas
pwg,57271,manas,vgl,eka˚
pwg,57271,manas,vgl,gUrta˚
pwg,57271,manas,vgl,durmanas
pwg,57271,manas,vgl,nirmanas
pwg,57271,manas,vgl,nf˚
pwg,57271,manas,vgl,puru˚
pwg,57271,manas,vgl,pra˚
pwg,57271,manas,vgl,pramaRas
pwg,57271,manas,vgl,bfhanmanas
pwg,57271,manas,vgl,boDinmanas
pwg,57271,manas,vgl,Badra˚
pwg,57271,manas,vgl,mahA˚
pwg,57271,manas,vgl,mfta˚
pwg,57271,manas,vgl,vfza˚
pwg,57271,manas,vgl,vi˚
pwg,57271,manas,vgl,sa˚
pwg,57271,manas,vgl,su˚
pwg,57271,manas,vgl,hata˚
pwg,57287,manastApa,vgl,manaHsaMtApa
pwg,57299,manaHsaMtApa,vgl,manastApa
pwg,57314,manAyI,vgl,manAvI
pwg,57327,manu,vgl,bfhanmanu
pwg,57327,manu,vgl,vfdDa˚
pwg,57327,manu,vgl,manus
pwg,57330,manuja,vgl,nirmanuja
pwg,57341,manutantu,vgl,mAnutantavya
pwg,57353,manuzya,vgl,mahA˚
pwg,57353,manuzya,vgl,mAnuzyaka
pwg,57354,manuzyakAra,vgl,puruzakAra
pwg,57367,manuzyayajYa,vgl,nfyajYa
pwg,57377,manus,vgl,mAnuza
pwg,57399,manojYa,vgl,mAnojYaka
pwg,57412,manonASa,vgl,manolaya
pwg,57413,manonuga,vgl,hfdayAnuga
pwg,57431,manoraTatftIyA,vgl,manvantarA
pwg,57432,manoraTadvAdaSI,vgl,manvantarA
pwg,57433,manoraTapraBA,vgl,manoraTA
pwg,57436,manoraTasidDi,vgl,manoraTasidDa
pwg,57439,manolaya,vgl,manonASa
pwg,57445,manovirudDa,vgl,vAcAvirudDa
pwg,57459,manohvA,vgl,manaHSilA
pwg,57459,manohvA,vgl,manoguptA
pwg,57461,mantavya,vgl,bahu˚
pwg,57462,manti,vgl,mati
pwg,57463,mantu,vgl,a˚
pwg,57463,mantu,vgl,durmantu
pwg,57463,mantu,vgl,su˚
pwg,57463,mantu,vgl,mAntavya
pwg,57466,mantra,vgl,a˚
pwg,57466,mantra,vgl,Akfzwi˚
pwg,57466,mantra,vgl,fDaNmantra
pwg,57466,mantra,vgl,ku˚
pwg,57466,mantra,vgl,cakzurmantra
pwg,57466,mantra,vgl,durmantra
pwg,57466,mantra,vgl,nirmantra
pwg,57466,mantra,vgl,pratimantram
pwg,57466,mantra,vgl,bIjamantra
pwg,57466,mantra,vgl,budDa˚
pwg,57466,mantra,vgl,bfhanmantra
pwg,57466,mantra,vgl,mahA˚
pwg,57466,mantra,vgl,moha˚
pwg,57466,mantra,vgl,viza˚
pwg,57466,mantra,vgl,satya˚
pwg,57466,mantra,vgl,mAntra
pwg,57466,mantra,vgl,mAntrika
pwg,57477,mantrajala,vgl,mantratoya
pwg,57477,mantrajala,vgl,mantrodaka
pwg,57485,mantratoya,vgl,mantrajala
pwg,57485,mantratoya,vgl,mantrodaka
pwg,57513,mantray,vgl,durmantrita
pwg,57513,mantray,vgl,mantraRa
pwg,57513,mantray,vgl,anumantraRa
pwg,57513,mantray,vgl,aBimantraRa
pwg,57513,mantray,vgl,AmantraRa
pwg,57513,mantray,vgl,upamantraRa
pwg,57513,mantray,vgl,nimantraka
pwg,57513,mantray,vgl,upanimantraRa
pwg,57513,mantray,vgl,pratimantraRa
pwg,57513,mantray,vgl,saMmantraRIya
pwg,57516,mantrayukti,vgl,mantraprayoga
pwg,57555,mantrodaka,vgl,mantratoya
pwg,57557,manTa,vgl,agni˚
pwg,57557,manTa,vgl,tejo˚
pwg,57557,manTa,vgl,maRi˚
pwg,57557,manTa,vgl,mAnTya
pwg,57562,manTana,vgl,maTana
pwg,57564,manTaparvata,vgl,manTaSEla
pwg,57564,manTaparvata,vgl,manTAcala
pwg,57564,manTaparvata,vgl,manTAdri
pwg,57565,manTara,vgl,pari˚
pwg,57568,manTaru,vgl,kuWeru
pwg,57570,manTaSEla,vgl,manTAcala
pwg,57570,manTaSEla,vgl,manTAdri
pwg,57586,manTya,vgl,maTya
pwg,57588,manda,vgl,a˚
pwg,57588,manda,vgl,pari˚
pwg,57588,manda,vgl,picu˚
pwg,57588,manda,vgl,mAnda
pwg,57588,manda,vgl,mAndya
pwg,57601,mandawa,vgl,mandAra
pwg,57604,mandadvIra,vgl,mandayatsaKa
pwg,57622,mandayatsaKa,vgl,mandadvIra
pwg,57637,mandAkrAntA,vgl,BArAkrAntA
pwg,57640,mandAgni,vgl,mandAnala
pwg,57643,mandAnala,vgl,mandAgni
pwg,57646,mandAra,vgl,kfta˚
pwg,57646,mandAra,vgl,mAndAra
pwg,57646,mandAra,vgl,mAndArya
pwg,57650,mandArava,vgl,mandAru
pwg,57655,mandAru,vgl,mAndArava
pwg,57675,mandra,vgl,ati˚
pwg,57675,mandra,vgl,A˚
pwg,57675,mandra,vgl,puru˚
pwg,57675,mandra,vgl,mAndra
pwg,57682,manmaTa,vgl,mAnmaTa
pwg,57689,manman,vgl,durmanman
pwg,57689,manman,vgl,vipra˚
pwg,57689,manman,vgl,satya˚
pwg,57689,manman,vgl,su˚
pwg,57694,manya,vgl,kAliMmanyA
pwg,57694,manya,vgl,gAM˚
pwg,57694,manya,vgl,jYaM˚
pwg,57694,manya,vgl,tvaNmanya
pwg,57699,manyu,vgl,anutta˚
pwg,57699,manyu,vgl,aBi˚
pwg,57699,manyu,vgl,ahi˚
pwg,57699,manyu,vgl,upa˚
pwg,57699,manyu,vgl,tuvi˚
pwg,57699,manyu,vgl,ni˚
pwg,57699,manyu,vgl,nirmanyu
pwg,57699,manyu,vgl,pari˚
pwg,57699,manyu,vgl,pra˚
pwg,57699,manyu,vgl,prAcA˚
pwg,57699,manyu,vgl,Bavanmanyu
pwg,57699,manyu,vgl,Sata˚
pwg,57699,manyu,vgl,sa˚
pwg,57752,mayUra,vgl,mattamUyara
pwg,57754,mayUrakarRa,vgl,mAyUrakarRa
pwg,57784,mar,vgl,amfta
pwg,57784,mar,vgl,mumUrzA
pwg,57784,mar,vgl,mumUrzu
pwg,57784,mar,vgl,aBimara
pwg,57784,mar,vgl,parimara
pwg,57785,mar,vgl,marR
pwg,57786,mara,vgl,a˚
pwg,57786,mara,vgl,durmara
pwg,57786,mara,vgl,nf˚
pwg,57788,marakata,vgl,mArakata
pwg,57795,maraRAnta,vgl,A˚
pwg,57796,maraRAntika,vgl,A˚
pwg,57808,marica,vgl,mAricika
pwg,57814,marIci,vgl,mArIca
pwg,57814,marIci,vgl,mArIci
pwg,57820,marIcipattana,vgl,marucIpawwana
pwg,57828,maruka,vgl,marUka
pwg,57831,marucIpawwana,vgl,marIcipattana
pwg,57837,marut,vgl,mAruta
pwg,57837,marut,vgl,mAruti
pwg,57889,maruBU,vgl,maru
pwg,57891,maruBUmi,vgl,maru
pwg,57894,marula,vgl,marAla
pwg,57900,marusTA,vgl,marusaMBavA
pwg,57902,marUdBavA,vgl,marudBavA
pwg,57910,markawa,vgl,mArkawa
pwg,57910,markawa,vgl,mArkawi
pwg,57922,marc,vgl,mfc
pwg,57922,marc,vgl,amfkta
pwg,57924,marj,vgl,marmfjenya
pwg,57924,marj,vgl,apamArjana
pwg,57924,marj,vgl,avamArjana
pwg,57924,marj,vgl,unmArjana
pwg,57924,marj,vgl,unmfjAvamfjA
pwg,57924,marj,vgl,nimfgra
pwg,57924,marj,vgl,pramArjaka
pwg,57924,marj,vgl,asaMmfzwa
pwg,57924,marj,vgl,saMmArjana
pwg,57924,marj,vgl,susaMmfzwa
pwg,57925,marj,vgl,mArj
pwg,57930,marR,vgl,pramfRa
pwg,57931,marta,vgl,a˚
pwg,57934,martya,vgl,a˚
pwg,57934,martya,vgl,mArtya
pwg,57948,mard,vgl,aBimarda
pwg,57948,mard,vgl,Amarda
pwg,57948,mard,vgl,upamarda
pwg,57948,mard,vgl,parimarda
pwg,57949,marda,vgl,aNga˚
pwg,57949,marda,vgl,ari˚
pwg,57949,marda,vgl,kaWa˚
pwg,57949,marda,vgl,kara˚
pwg,57949,marda,vgl,kAka˚
pwg,57949,marda,vgl,kAsa˚
pwg,57949,marda,vgl,cakra˚
pwg,57949,marda,vgl,pARi˚
pwg,57949,marda,vgl,picu˚
pwg,57949,marda,vgl,pIWa˚
pwg,57950,mardaka,vgl,aNga˚
pwg,57950,mardaka,vgl,kAka˚
pwg,57950,mardaka,vgl,kAsa˚
pwg,57950,mardaka,vgl,cakra˚
pwg,57950,mardaka,vgl,tAla˚
pwg,57951,mardana,vgl,ari˚
pwg,57951,mardana,vgl,ahimardanI
pwg,57951,mardana,vgl,kAmamardana
pwg,57951,mardana,vgl,kAsa˚
pwg,57951,mardana,vgl,graha˚
pwg,57951,mardana,vgl,pAMsu˚
pwg,57951,mardana,vgl,maDvamuKa˚
pwg,57952,mardala,vgl,guru˚
pwg,57952,mardala,vgl,tAla˚
pwg,57954,mardin,vgl,aNga˚
pwg,57954,mardin,vgl,kzura˚
pwg,57954,mardin,vgl,nagara˚
pwg,57954,mardin,vgl,prAkAra˚
pwg,57955,marD,vgl,amarDant
pwg,57964,marmatra,vgl,marmAvaraRa
pwg,57965,marman,vgl,a˚
pwg,57965,marman,vgl,aDo˚
pwg,57965,marman,vgl,Siro˚
pwg,57985,marmAvaraRa,vgl,marmatra
pwg,58004,marS,vgl,pratyaBimarSa
pwg,58004,marS,vgl,pratyavamarSa
pwg,58004,marS,vgl,unmfSya
pwg,58004,marS,vgl,parAmarSa
pwg,58004,marS,vgl,parimarSa
pwg,58004,marS,vgl,pramfSa
pwg,58004,marS,vgl,pratimarSa
pwg,58004,marS,vgl,vimarSa
pwg,58005,marSa,vgl,pratimarSa
pwg,58007,marz,vgl,apramfzya
pwg,58008,marza,vgl,a˚
pwg,58008,marza,vgl,dumarza
pwg,58009,marzaRa,vgl,a˚
pwg,58009,marzaRa,vgl,marSana
pwg,58013,mal,vgl,mall
pwg,58015,mala,vgl,malaga
pwg,58019,malakozWaka,vgl,mallakozwaka
pwg,58033,malapU,vgl,malayU
pwg,58039,malamAsa,vgl,malimluca
pwg,58040,malaya,vgl,mAlaya
pwg,58053,malayavatI,vgl,malayAvatI
pwg,58057,malayAvatI,vgl,malayavatI
pwg,58059,malayodBava,vgl,malayaja
pwg,58062,malavant,vgl,malodvAsas
pwg,58067,malahantar,vgl,malaGna
pwg,58080,malina,vgl,mAlinya
pwg,58095,malizWa,vgl,malIyaMs
pwg,58096,malImasa,vgl,mala
pwg,58097,malIyaMs,vgl,malizWa
pwg,58101,malodvAsas,vgl,unmalavAsas
pwg,58103,mall,vgl,mal
pwg,58104,malla,vgl,kalyARa˚
pwg,58104,malla,vgl,kAzWa˚
pwg,58104,malla,vgl,tri˚
pwg,58104,malla,vgl,durmallI
pwg,58104,malla,vgl,pratimalla
pwg,58104,malla,vgl,Bawwa˚
pwg,58104,malla,vgl,Barata˚
pwg,58104,malla,vgl,BuvanamallavIra
pwg,58104,malla,vgl,mARikya˚
pwg,58104,malla,vgl,lAqana˚
pwg,58104,malla,vgl,lAhari˚
pwg,58104,malla,vgl,hasti˚
pwg,58105,mallaka,vgl,kroqamallaka
pwg,58105,mallaka,vgl,kastUrImallikA
pwg,58105,mallaka,vgl,kfzRa˚
pwg,58105,mallaka,vgl,giri˚
pwg,58105,mallaka,vgl,tripura˚
pwg,58105,mallaka,vgl,nava˚
pwg,58106,mallakozwa,vgl,malakozWa
pwg,58113,mallapura,vgl,mallApura
pwg,58120,mallavAstu,vgl,mAllavAstava
pwg,58122,mallApura,vgl,mallapura
pwg,58128,mallika,vgl,Barata˚
pwg,58133,mallikAganDa,vgl,malliganDi
pwg,58146,mallu,vgl,Balla
pwg,58148,malva,vgl,mAlvya
pwg,58150,malhaRa,vgl,mahlaRa
pwg,58151,mav,vgl,mU
pwg,58151,mav,vgl,mavy
pwg,58154,maS,vgl,miS
pwg,58156,maSaka,vgl,hasti˚
pwg,58156,maSaka,vgl,mASakIya
pwg,58157,maSakakuwi,vgl,jaNgamakuwI
pwg,58160,maSakaharI,vgl,maSaharI
pwg,58187,masikA,vgl,masI
pwg,58189,masijala,vgl,masIjala
pwg,58200,masura,vgl,masUra
pwg,58201,masurakarRa,vgl,masUrakarRa
pwg,58203,masUra,vgl,masura
pwg,58203,masUra,vgl,mAsUra
pwg,58205,masUrakarRa,vgl,masurakarRa
pwg,58218,mastakaluNga,vgl,mastuluNga
pwg,58228,mastuluNga,vgl,mastakaluNga
pwg,58231,mah,vgl,mahIy
pwg,58231,mah,vgl,maKa
pwg,58234,maha,vgl,maKa
pwg,58241,mahattattva,vgl,mahAtattva
pwg,58251,mahadBaya,vgl,mahABaya
pwg,58259,mahant,vgl,vi˚
pwg,58259,mahant,vgl,su˚
pwg,58259,mahant,vgl,mAhata
pwg,58260,mahanta,vgl,mahant
pwg,58263,mahayAyya,vgl,mahayya
pwg,58263,mahayAyya,vgl,mahAyya
pwg,58275,mahalla,vgl,mahallaka
pwg,58275,mahalla,vgl,mahallika
pwg,58279,mahas,vgl,maKa
pwg,58281,mahas,vgl,citra˚
pwg,58281,mahas,vgl,pIyUza˚
pwg,58281,mahas,vgl,mitra˚
pwg,58281,mahas,vgl,vi˚
pwg,58281,mahas,vgl,viSva˚
pwg,58281,mahas,vgl,su˚
pwg,58315,mahAkalopa,vgl,mahAkAlopa
pwg,58317,mahAkalyARa,vgl,kalyARaka
pwg,58318,mahAkavi,vgl,mahAkAvya
pwg,58327,mahAkAlaveya,vgl,mahAkAlopa
pwg,58330,mahAkAlopa,vgl,mahAkalopa
pwg,58330,mahAkAlopa,vgl,mahAkAlaveya
pwg,58330,mahAkAlopa,vgl,mahAkAleta
pwg,58342,mahAkulIna,vgl,mAhAkulIna
pwg,58360,mahAkratu,vgl,mahAyajYa
pwg,58418,mahAcaRqa,vgl,caRqa
pwg,58439,mahAjana,vgl,mAhAjAnika
pwg,58464,mahAtattva,vgl,mahattattva
pwg,58486,mahAtman,vgl,mAhAtmya
pwg,58525,mahAdrAvaka,vgl,drAvaka
pwg,58549,mahAnada,vgl,mAhAnada
pwg,58556,mahAnasa,vgl,mAhAnasa
pwg,58564,mahAnAman,vgl,mAhAnAmika
pwg,58564,mahAnAman,vgl,mAhAnAmnika
pwg,58618,mahAparAhRa,vgl,mahAniS
pwg,58618,mahAparAhRa,vgl,mahAniSA
pwg,58618,mahAparAhRa,vgl,mahArAtra
pwg,58626,mahApAtakin,vgl,pAtakin
pwg,58643,mahAputra,vgl,mAhAputri
pwg,58647,mahApuruza,vgl,mahApUruza
pwg,58649,mahApuruzadantikA,vgl,puruzadantikA
pwg,58680,mahAprARa,vgl,mAhAprARa
pwg,58700,mahAbila,vgl,mahadbila
pwg,58701,mahAbIja,vgl,mahAretas
pwg,58772,mahAmayUrI,vgl,mahAmAyUrI
pwg,58784,mahAmAtra,vgl,gaRanA˚
pwg,58784,mahAmAtra,vgl,Darma˚
pwg,58790,mahAmAyUrI,vgl,mahAmayUrI
pwg,58793,mahAmArga,vgl,mahApaTa
pwg,58856,mahArakzA,vgl,paYcarakza
pwg,58858,mahArajata,vgl,mahArajana
pwg,58859,mahArajana,vgl,mAhArajana
pwg,58877,mahArAja,vgl,mAhArAjika
pwg,58881,mahArAjika,vgl,mAhArAjika
pwg,58897,mahAretas,vgl,mahAbIja
pwg,58928,mahAloman,vgl,mahAroman
pwg,58959,mahAvArttika,vgl,mAhAvArttika
pwg,59009,mahAvrata,vgl,mAhAvrata
pwg,59045,mahASAli,vgl,mahAvrIhi
pwg,59058,mahASIla,vgl,mahASAla
pwg,59091,mahAsatI,vgl,mahAsADvI
pwg,59100,mahAsaMDivigraha,vgl,mahAsAMDivigrahika
pwg,59125,mahAsAMDivigrahika,vgl,mahAsaMDivigraha
pwg,59171,mahAsragvin,vgl,mahAmAla
pwg,59191,mahAhna,vgl,mahAniSA
pwg,59191,mahAhna,vgl,mahArAtra
pwg,59192,mahAhrada,vgl,tIrTa˚
pwg,59199,mahita,vgl,mAhita
pwg,59199,mahita,vgl,mAhitya
pwg,59201,mahitA,vgl,mahitva
pwg,59203,mahitrI,vgl,mAhitra
pwg,59210,mahina,vgl,mAhina
pwg,59215,mahiman,vgl,devI˚
pwg,59215,mahiman,vgl,mahA˚
pwg,59222,mahira,vgl,mAhira
pwg,59223,mahirakula,vgl,mihirakula
pwg,59228,mahivrata,vgl,mahAvrata
pwg,59229,mahiza,vgl,grAmyamahizI
pwg,59230,mahizaka,vgl,mAhizaka
pwg,59234,mahizapAla,vgl,mahizIpAla
pwg,59242,mahizIpAla,vgl,mahizapAla
pwg,59246,mahizmant,vgl,mAhizmatI
pwg,59261,mahIDara,vgl,mahIDra
pwg,59263,mahIDra,vgl,mahIDara
pwg,59264,mahIDraka,vgl,mahAnDraka
pwg,59273,mahIpraroha,vgl,mahIja
pwg,59273,mahIpraroha,vgl,mahIruh
pwg,59273,mahIpraroha,vgl,mahIruha
pwg,59281,mahImaGavan,vgl,mahImahendra
pwg,59286,mahIy,vgl,amahIyamAna
pwg,59288,mahIyatva,vgl,mAhIyatva
pwg,59297,mahIruh,vgl,kalpa˚
pwg,59309,mahenadi,vgl,mahemate
pwg,59310,mahendra,vgl,mahI˚
pwg,59310,mahendra,vgl,mAhendra
pwg,59313,mahendracApa,vgl,indracApa
pwg,59324,mahemate,vgl,mahenadi
pwg,59328,maheSa,vgl,mAheSa
pwg,59333,maheSvara,vgl,BUtamaheSvara
pwg,59333,maheSvara,vgl,mAheSvara
pwg,59349,mahotsava,vgl,madana˚
pwg,59351,mahodaDi,vgl,mantra˚
pwg,59364,mahonmada,vgl,madArmada
pwg,59390,mA,vgl,na
pwg,59392,mA,vgl,mApana
pwg,59392,mA,vgl,mApanA
pwg,59392,mA,vgl,anumA
pwg,59392,mA,vgl,anumAna
pwg,59392,mA,vgl,anumiti
pwg,59392,mA,vgl,anumeya
pwg,59392,mA,vgl,unmA
pwg,59392,mA,vgl,unmAna
pwg,59392,mA,vgl,unmiti
pwg,59392,mA,vgl,unmeya
pwg,59392,mA,vgl,nimAna
pwg,59392,mA,vgl,nimeya
pwg,59392,mA,vgl,nirmA
pwg,59392,mA,vgl,nirmARa
pwg,59392,mA,vgl,nirmAtar
pwg,59392,mA,vgl,nirmiti
pwg,59392,mA,vgl,vinirmARa
pwg,59392,mA,vgl,vinirmAtar
pwg,59392,mA,vgl,vinirmiti
pwg,59392,mA,vgl,parimARa
pwg,59392,mA,vgl,parimiti
pwg,59392,mA,vgl,parimeya
pwg,59392,mA,vgl,aparimita
pwg,59392,mA,vgl,pramA
pwg,59392,mA,vgl,pramARa
pwg,59392,mA,vgl,pramAtar
pwg,59392,mA,vgl,pramitAkzarA
pwg,59392,mA,vgl,pramiti
pwg,59392,mA,vgl,prameya
pwg,59392,mA,vgl,pratimA
pwg,59392,mA,vgl,pratimAna
pwg,59392,mA,vgl,pratimeya
pwg,59392,mA,vgl,asaMmita
pwg,59392,mA,vgl,dvirePagaRasaMmitA
pwg,59394,mA,vgl,apamityaka
pwg,59394,mA,vgl,nimaya
pwg,59394,mA,vgl,nimAtavya
pwg,59407,mAMsacCeda,vgl,mAMsa
pwg,59411,mAMsatejas,vgl,mAMsaja
pwg,59421,mAMsapeSI,vgl,peSI
pwg,59422,mAMsaPalA,vgl,mAMsalaPalA
pwg,59433,mAMsalaPalA,vgl,mAMsaPalA
pwg,59460,mAMspAka,vgl,mAMsapAka
pwg,59470,mAkim,vgl,mAkIm
pwg,59471,mAkis,vgl,nakis
pwg,59474,mAkIm,vgl,nakIm
pwg,59477,mAkzavya,vgl,mANkzavya
pwg,59478,mAkzika,vgl,mAkzIka
pwg,59486,mAgaDa,vgl,mADava˚
pwg,59494,mAGamA,vgl,kulIrAd
pwg,59499,mANkz,vgl,kANkz
pwg,59507,mAca,vgl,mAWa
pwg,59507,mAca,vgl,mAWya
pwg,59507,mAca,vgl,mATa
pwg,59508,mAcala,vgl,kari˚
pwg,59512,mAciram,vgl,nacira
pwg,59526,mAWa,vgl,mATa
pwg,59526,mAWa,vgl,mAca
pwg,59527,mAWara,vgl,agni˚
pwg,59543,mARaka,vgl,mAnaka
pwg,59544,mARava,vgl,daRqa˚
pwg,59545,mARavaka,vgl,svapna˚
pwg,59550,mARikA,vgl,mAnikA
pwg,59564,mARiBadra,vgl,mARivara
pwg,59569,mARwi,vgl,maRwi
pwg,59569,mARwi,vgl,meRWa
pwg,59581,mARqUka,vgl,brahmamARqUkI
pwg,59591,mAtaNga,vgl,daRqa˚
pwg,59591,mAtaNga,vgl,mattamAtaNgalIlAkara
pwg,59597,mAtar,vgl,adri˚
pwg,59597,mAtar,vgl,upa˚
pwg,59597,mAtar,vgl,ganDa˚
pwg,59597,mAtar,vgl,go˚
pwg,59597,mAtar,vgl,jaganmAtar
pwg,59597,mAtar,vgl,tri˚
pwg,59597,mAtar,vgl,nAga˚
pwg,59597,mAtar,vgl,pfSni˚
pwg,59597,mAtar,vgl,Badra˚
pwg,59597,mAtar,vgl,BAga˚
pwg,59597,mAtar,vgl,BUta˚
pwg,59597,mAtar,vgl,maRqUka˚
pwg,59597,mAtar,vgl,mAtf˚
pwg,59597,mAtar,vgl,muktA˚
pwg,59597,mAtar,vgl,raNga˚
pwg,59597,mAtar,vgl,vi˚
pwg,59597,mAtar,vgl,deda˚
pwg,59598,mAtar,vgl,jA˚
pwg,59598,mAtar,vgl,DAnya˚
pwg,59598,mAtar,vgl,su˚
pwg,59600,mAtaripuruza,vgl,pitariSUra
pwg,59608,mAtA,vgl,kAka˚
pwg,59611,mAtAmaha,vgl,pra˚
pwg,59616,mAtura,vgl,Azwa˚
pwg,59616,mAtura,vgl,dvE˚
pwg,59616,mAtura,vgl,BAdra˚
pwg,59616,mAtura,vgl,zARmAtura
pwg,59616,mAtura,vgl,sAM˚
pwg,59623,mAtulAnI,vgl,mAtulI
pwg,59627,mAtuluNga,vgl,mAtulaNga
pwg,59627,mAtuluNga,vgl,mAtuliNga
pwg,59631,mAtuHzvasar,vgl,mAtfzvasar
pwg,59632,mAtfka,vgl,asramAtfkA
pwg,59632,mAtfka,vgl,devamAtfka
pwg,59632,mAtfka,vgl,nadI˚
pwg,59632,mAtfka,vgl,bIjamAtfkA
pwg,59660,mAtfbanDu,vgl,mAtfbAnDava
pwg,59664,mAtfBogIRa,vgl,pitfBogIRa
pwg,59684,mAtya,vgl,mAta
pwg,59685,mAtra,vgl,amAtra
pwg,59685,mAtra,vgl,ati˚
pwg,59685,mAtra,vgl,aratni˚
pwg,59687,mAtrACandas,vgl,mAtrAvftta
pwg,59695,mAtrika,vgl,aRumAtrika
pwg,59700,mAtsarya,vgl,durmAtsarya
pwg,59703,mAtsyaka,vgl,pORqra˚
pwg,59704,mAtsyaganDa,vgl,matsyaganDa
pwg,59708,mATava,vgl,mADava
pwg,59713,mAda,vgl,ganDa˚
pwg,59716,mAdana,vgl,madana
pwg,59716,mAdana,vgl,indra˚
pwg,59716,mAdana,vgl,ganDa˚
pwg,59716,mAdana,vgl,deva˚
pwg,59716,mAdana,vgl,nf˚
pwg,59737,mADava,vgl,nIlamADava
pwg,59737,mADava,vgl,bindu˚
pwg,59737,mADava,vgl,matsya˚
pwg,59737,mADava,vgl,maDumADava
pwg,59744,mADavanidAna,vgl,mADavakara
pwg,59790,mADyaMdinIyaka,vgl,mADyaMdina
pwg,59795,mADyamasTya,vgl,mADyasTya
pwg,59807,mADvIka,vgl,maDu˚
pwg,59810,mAn,vgl,man
pwg,59811,mAna,vgl,nirmAna
pwg,59811,mAna,vgl,bahu˚
pwg,59815,mAnaka,vgl,devamAnaka
pwg,59845,mAnavarjaka,vgl,mAnavartika
pwg,59845,mAnavarjaka,vgl,mAnavalaka
pwg,59847,mAnavartika,vgl,mAlavarti
pwg,59871,mAnasAlaya,vgl,mAnasOkas
pwg,59876,mAnasottara,vgl,uttaramAnasa
pwg,59896,mAninDa,vgl,maRitTa
pwg,59897,mAnutantavya,vgl,mArutantavya
pwg,59898,mAnuza,vgl,a˚
pwg,59898,mAnuza,vgl,ati˚
pwg,59904,mAnuzalOkika,vgl,jIvalOkika
pwg,59922,mAnTAla,vgl,manTAvala
pwg,59926,mAndAra,vgl,mandArava
pwg,59927,mAndArava,vgl,mandArava
pwg,59931,mAnDAtar,vgl,manDAtar
pwg,59947,mAmaka,vgl,jyotaya˚
pwg,59953,mAmuKI,vgl,mAmakI
pwg,59956,mAya,vgl,amAya
pwg,59956,mAya,vgl,ahi˚
pwg,59956,mAya,vgl,ehi˚
pwg,59956,mAya,vgl,devamAyA
pwg,59974,mAyApurI,vgl,mAyA
pwg,59991,mAyu,vgl,aja˚
pwg,59991,mAyu,vgl,UrDva˚
pwg,59991,mAyu,vgl,go˚
pwg,59992,mAyu,vgl,durmAyu
pwg,59994,mAyuka,vgl,pramAyuka
pwg,59997,mAyUra,vgl,mahAmAyUrI
pwg,59998,mAyUraka,vgl,mAyUrika
pwg,60001,mAyUrAja,vgl,mAyurAja
pwg,60002,mAyUrika,vgl,mAyUraka
pwg,60006,mAra,vgl,aGa˚
pwg,60006,mAra,vgl,aja˚
pwg,60006,mAra,vgl,aSva˚
pwg,60006,mAra,vgl,ahi˚
pwg,60006,mAra,vgl,kzuDA˚
pwg,60006,mAra,vgl,Kaqgi˚
pwg,60006,mAra,vgl,tfzRA˚
pwg,60006,mAra,vgl,devaputra˚
pwg,60006,mAra,vgl,DunDu˚
pwg,60006,mAra,vgl,naGa˚
pwg,60006,mAra,vgl,paSu˚ (paSumAreRa
pwg,60007,mAraka,vgl,aSva˚
pwg,60007,mAraka,vgl,paSu˚
pwg,60007,mAraka,vgl,maDu˚
pwg,60008,mArakata,vgl,mahA˚
pwg,60009,mArakAyika,vgl,kAyika
pwg,60026,mArIca,vgl,marIca
pwg,60033,mAruta,vgl,ati˚
pwg,60033,mAruta,vgl,UrDva˚
pwg,60033,mAruta,vgl,dIrGa˚
pwg,60033,mAruta,vgl,paScAnmAruta
pwg,60033,mAruta,vgl,puro˚
pwg,60033,mAruta,vgl,su˚
pwg,60041,mAruti,vgl,agni˚
pwg,60054,mArkara,vgl,markara
pwg,60056,mArg,vgl,parimArga
pwg,60059,mArga,vgl,indra˚
pwg,60059,mArga,vgl,unmArga
pwg,60059,mArga,vgl,karma˚
pwg,60059,mArga,vgl,jambU˚
pwg,60059,mArga,vgl,jala˚
pwg,60059,mArga,vgl,tri˚
pwg,60059,mArga,vgl,deva˚
pwg,60059,mArga,vgl,nakzatra˚
pwg,60059,mArga,vgl,narendra˚
pwg,60060,mArgaka,vgl,prati˚
pwg,60061,mArgaRa,vgl,fRa˚
pwg,60061,mArgaRa,vgl,nazwa˚
pwg,60069,mArgapa,vgl,mArgeSa
pwg,60079,mArgava,vgl,mArgAra
pwg,60093,mArgAra,vgl,mArgava
pwg,60105,mArjAra,vgl,ganDa˚
pwg,60105,mArjAra,vgl,jala˚
pwg,60111,mArjArIya,vgl,mArjAlIya
pwg,60120,mArtaRqa,vgl,Cando˚
pwg,60120,mArtaRqa,vgl,prameyakamala˚
pwg,60120,mArtaRqa,vgl,prOQapratApa˚
pwg,60120,mArtaRqa,vgl,muhUrta˚
pwg,60120,mArtaRqa,vgl,rAja˚
pwg,60122,mArtaRqavallaBA,vgl,arkakAntA
pwg,60122,mArtaRqavallaBA,vgl,Aditya BaktA
pwg,60131,mArtsna,vgl,su˚
pwg,60137,mArdava,vgl,anu˚
pwg,60142,mArza,vgl,mAriza
pwg,60148,mAlaka,vgl,nava˚
pwg,60148,mAlaka,vgl,mahA˚
pwg,60148,mAlaka,vgl,vandana˚
pwg,60148,mAlaka,vgl,suKa˚
pwg,60153,mAlatI,vgl,ganDa˚
pwg,60153,mAlatI,vgl,su˚
pwg,60170,mAlavarti,vgl,mAnavartika
pwg,60178,mAlA,vgl,akzamAla
pwg,60178,mAlA,vgl,akzamAlA
pwg,60203,mAli,vgl,sumAli
pwg,60207,mAlin,vgl,navamAlinI
pwg,60207,mAlin,vgl,aMSumAlin (vivasvatA tIkzRatarAMSumAlinA
pwg,60218,mAlUka,vgl,kfzRamAluka
pwg,60241,mAza,vgl,nIla˚
pwg,60241,mAza,vgl,pUti˚
pwg,60241,mAza,vgl,mahA˚
pwg,60241,mAza,vgl,rAja˚
pwg,60241,mAza,vgl,ArdramAzA
pwg,60242,mAzaka,vgl,Adya˚
pwg,60242,mAzaka,vgl,dfzadi˚
pwg,60252,mAzIRa,vgl,mAzya
pwg,60256,mAs,vgl,puzpa
pwg,60256,mAs,vgl,pUrRa˚
pwg,60257,mAsa,vgl,arDa˚
pwg,60257,mAsa,vgl,garBa˚
pwg,60257,mAsa,vgl,puzpa˚
pwg,60257,mAsa,vgl,pUrRa˚
pwg,60257,mAsa,vgl,pratimAsam
pwg,60257,mAsa,vgl,malamAsa
pwg,60259,mAsaka,vgl,cAturmAsaka
pwg,60264,mAsatama,vgl,arDa˚
pwg,60264,mAsatama,vgl,saMvatsaratama
pwg,60285,mAsika,vgl,arDa˚
pwg,60292,mAsya,vgl,daSa˚
pwg,60295,mAhaki,vgl,Candoga˚
pwg,60300,mAhA,vgl,mahA
pwg,60300,mAhA,vgl,mahI
pwg,60300,mAhA,vgl,mAheyI
pwg,60308,mAhAtmya,vgl,devI˚
pwg,60308,mAhAtmya,vgl,BAvanArAyaRa˚
pwg,60308,mAhAtmya,vgl,mahAtmya
pwg,60310,mAhAnasa,vgl,mahAnasa
pwg,60313,mAhAnAmnika,vgl,mahAnAmnika
pwg,60320,mAhArAzwra,vgl,mahArAzwra
pwg,60330,mAhina,vgl,mahina
pwg,60352,mi,vgl,mayUKa
pwg,60352,mi,vgl,upamit
pwg,60352,mi,vgl,parimit
pwg,60353,mi,vgl,amItavarRa
pwg,60353,mi,vgl,pramaya
pwg,60353,mi,vgl,pramApaRa
pwg,60355,mikz,vgl,mimikza
pwg,60357,miG,vgl,meGa
pwg,60365,mit,vgl,garta˚
pwg,60365,mit,vgl,upa˚
pwg,60365,mit,vgl,prati˚
pwg,60366,mita,vgl,a˚
pwg,60389,miti,vgl,mAti
pwg,60390,miti,vgl,su˚
pwg,60393,mitra,vgl,a˚
pwg,60393,mitra,vgl,aSva˚
pwg,60407,mitratA,vgl,mitratva
pwg,60408,mitratva,vgl,pApa˚
pwg,60432,mitrayu,vgl,mitrAyu
pwg,60432,mitrayu,vgl,mEtreya
pwg,60432,mitrayu,vgl,mEtreyikA
pwg,60440,mitravarDa,vgl,mEtravarDaka
pwg,60463,mitrAyu,vgl,mitrayu
pwg,60469,mitriya,vgl,durmitriya
pwg,60469,mitriya,vgl,su˚
pwg,60477,miT,vgl,mil
pwg,60477,miT,vgl,aBimeTikA
pwg,60477,miT,vgl,pratyaBimeTana
pwg,60484,miTila,vgl,mETila
pwg,60485,miTu,vgl,miTus
pwg,60486,miTuna,vgl,mETuna
pwg,60489,miTunaBAva,vgl,mETunaDarmin
pwg,60494,miTuyA,vgl,miTyA
pwg,60501,miTyA,vgl,a˚
pwg,60542,mid,vgl,miT
pwg,60542,mid,vgl,miD
pwg,60544,miD,vgl,miT
pwg,60548,minv,vgl,ninv
pwg,60548,minv,vgl,sinv
pwg,60551,mimata,vgl,mEmata
pwg,60559,miyeDa,vgl,meDa
pwg,60565,mil,vgl,saMmelana
pwg,60573,miS,vgl,maS
pwg,60574,miSara,vgl,misara
pwg,60587,miSraDAnya,vgl,mESraDAnya
pwg,60591,miSray,vgl,saMmiSraRa
pwg,60596,miSraSabda,vgl,miSraja
pwg,60603,miz,vgl,unmiza
pwg,60603,miz,vgl,unmeza
pwg,60614,misara,vgl,miSara
pwg,60617,misi,vgl,miSi
pwg,60617,misi,vgl,mizi
pwg,60618,mih,vgl,aBimihya
pwg,60618,mih,vgl,parimeha
pwg,60618,mih,vgl,prameha
pwg,60620,mihikA,vgl,kAra˚
pwg,60621,mihira,vgl,padma˚
pwg,60626,mihirARa,vgl,mIQvaMs
pwg,60628,mihilAropya,vgl,mahilAropya
pwg,60632,mIQa,vgl,aja˚
pwg,60632,mIQa,vgl,deva˚
pwg,60632,mIQa,vgl,dvi˚
pwg,60632,mIQa,vgl,puru˚
pwg,60632,mIQa,vgl,su˚
pwg,60632,mIQa,vgl,svarmI|a
pwg,60633,mIQuza,vgl,deva˚
pwg,60636,mIna,vgl,naqa˚
pwg,60636,mIna,vgl,nala˚
pwg,60636,mIna,vgl,netramInA
pwg,60636,mIna,vgl,mahAmIna
pwg,60636,mIna,vgl,mEnAla
pwg,60636,mIna,vgl,mEnika
pwg,60638,mInaganDA,vgl,matsyaganDA
pwg,60642,mInanetrA,vgl,netramInA
pwg,60662,mIl,vgl,miz
pwg,60662,mIl,vgl,AmIlana
pwg,60662,mIl,vgl,unmIla
pwg,60662,mIl,vgl,nimIlana
pwg,60662,mIl,vgl,pramIlA
pwg,60662,mIl,vgl,saMmIlana
pwg,60663,mIlana,vgl,Ka˚
pwg,60665,mIlita,vgl,unmIlita
pwg,60666,mIv,vgl,AmAvatka
pwg,60677,mukuwa,vgl,tri˚
pwg,60677,mukuwa,vgl,pratApa˚
pwg,60685,mukunda,vgl,mOkunda
pwg,60698,mukula,vgl,pratimukulam
pwg,60698,mukula,vgl,makula
pwg,60699,mukulay,vgl,mukulita
pwg,60705,mukuzWa,vgl,makuzWa
pwg,60721,muktavasana,vgl,muktAmbara
pwg,60732,muktAjAla,vgl,muktAPalajAla
pwg,60738,muktAprasU,vgl,muktAmAtar
pwg,60738,muktAprasU,vgl,mOktikaprasavA
pwg,60740,muktAPala,vgl,smfti˚
pwg,60742,muktAPalalatA,vgl,muktAlatA
pwg,60743,muktAmaRi,vgl,muktAratna
pwg,60745,muktAmAtar,vgl,muktAprasU
pwg,60746,muktAmbara,vgl,muktavasana
pwg,60747,muktAratna,vgl,muktAmaRi
pwg,60747,muktAratna,vgl,mOktikaratna
pwg,60750,muktASukti,vgl,mOktikaSukti
pwg,60771,muKa,vgl,a˚
pwg,60771,muKa,vgl,akzara˚
pwg,60771,muKa,vgl,aja˚
pwg,60771,muKa,vgl,aDo˚
pwg,60783,muKatIya,vgl,pArSvatIya
pwg,60786,muKadUzikA,vgl,yOvanapiqakA
pwg,60790,muKapawa,vgl,vaktrapawa
pwg,60806,muKara,vgl,mOKara
pwg,60806,muKara,vgl,mOKari
pwg,60833,muKasaMBava,vgl,muKaja
pwg,60836,muKasrAva,vgl,muKAsrAva
pwg,60838,muKAgni,vgl,muKArcis
pwg,60842,muKArcis,vgl,muKAgni
pwg,60854,muKya,vgl,gaRa˚
pwg,60854,muKya,vgl,PalamuKyA
pwg,60854,muKya,vgl,mantrimuKya
pwg,60854,muKya,vgl,vAramuKyA
pwg,60859,muKyamantrin,vgl,mantrimuKya
pwg,60883,muc,vgl,mumocayizu
pwg,60883,muc,vgl,Amocana
pwg,60883,muc,vgl,unmuca
pwg,60883,muc,vgl,unmocana
pwg,60883,muc,vgl,yaTopamuktam
pwg,60883,muc,vgl,nirmukti
pwg,60883,muc,vgl,nirmoka
pwg,60883,muc,vgl,pramukti
pwg,60883,muc,vgl,pramuca
pwg,60883,muc,vgl,pratimocana
pwg,60883,muc,vgl,avimukta
pwg,60884,muc,vgl,a˚
pwg,60884,muc,vgl,jala˚
pwg,60884,muc,vgl,toya˚
pwg,60884,muc,vgl,payo˚
pwg,60884,muc,vgl,parRa˚
pwg,60884,muc,vgl,mada˚
pwg,60884,muc,vgl,vAri˚
pwg,60891,mucilinda,vgl,mahA˚
pwg,60892,mucilindaparvata,vgl,mahA˚
pwg,60914,muYjavawa,vgl,muYjAvawa
pwg,60915,muYjavant,vgl,mOYjavata
pwg,60921,muYjAvawa,vgl,muYjavawa
pwg,60923,muw,vgl,mowaka
pwg,60923,muw,vgl,mowana
pwg,60930,muRqa,vgl,uru˚
pwg,60930,muRqa,vgl,kamboja˚
pwg,60930,muRqa,vgl,ganDa˚
pwg,60930,muRqa,vgl,caRqamuRqA
pwg,60930,muRqa,vgl,daRqimuRqa
pwg,60930,muRqa,vgl,pIta˚
pwg,60930,muRqa,vgl,yavana˚
pwg,60930,muRqa,vgl,ruru˚
pwg,60930,muRqa,vgl,mORqya
pwg,60946,muRqAyasa,vgl,muRqaloha
pwg,60946,muRqAyasa,vgl,muRqita
pwg,60956,muRqISvaratIrTa,vgl,daRqimuRqISvara
pwg,60981,mudgaraka,vgl,PalamudgarikA
pwg,60994,mudrA,vgl,aNguli˚
pwg,60994,mudrA,vgl,unmudra
pwg,60994,mudrA,vgl,tarkamudrA
pwg,60994,mudrA,vgl,divasa˚
pwg,60994,mudrA,vgl,duryoDanavIryajYAna˚
pwg,60994,mudrA,vgl,nAgamudra
pwg,60994,mudrA,vgl,nAmamudrA
pwg,60994,mudrA,vgl,pAda˚
pwg,60994,mudrA,vgl,prati˚
pwg,60994,mudrA,vgl,bahirmudrA
pwg,60994,mudrA,vgl,mahA˚
pwg,60994,mudrA,vgl,vimudra
pwg,60994,mudrA,vgl,sa˚
pwg,61003,mudrikA,vgl,aNguli˚
pwg,61005,muni,vgl,mOna
pwg,61005,muni,vgl,mOnika
pwg,61009,municita,vgl,mOniciti
pwg,61030,munisTala,vgl,mOnisTalika
pwg,61065,muraja,vgl,mOrajika
pwg,61069,muraRqa,vgl,muruRqa
pwg,61096,murudeSa,vgl,muru
pwg,61100,murv,vgl,mUrvA
pwg,61106,muz,vgl,mUz
pwg,61106,muz,vgl,mumuzizu
pwg,61106,muz,vgl,Amoza
pwg,61106,muz,vgl,parimoza
pwg,61116,muzka,vgl,fju˚
pwg,61116,muzka,vgl,kumBa˚
pwg,61125,muzwi,vgl,keSa˚
pwg,61125,muzwi,vgl,gAQa˚
pwg,61139,muzwImuzwi,vgl,muzwAmuzwi
pwg,61143,musala,vgl,kandarpamusala
pwg,61143,musala,vgl,mOsala
pwg,61143,musala,vgl,mOsalya
pwg,61155,musta,vgl,kEvarta˚
pwg,61155,musta,vgl,kzudra˚
pwg,61155,musta,vgl,nagara˚
pwg,61155,musta,vgl,nAgara˚
pwg,61155,musta,vgl,piRqa˚
pwg,61155,musta,vgl,Badra˚
pwg,61156,mustaka,vgl,kEvarta˚
pwg,61156,mustaka,vgl,kEvarti˚
pwg,61156,mustaka,vgl,Badra˚
pwg,61162,muh,vgl,mOgDya
pwg,61162,muh,vgl,momuGa
pwg,61162,muh,vgl,unmuh
pwg,61167,muhuka,vgl,muhUrta
pwg,61173,muhus,vgl,prati˚
pwg,61180,muhUrtaja,vgl,mOhUrtika
pwg,61188,mU,vgl,mav
pwg,61188,mU,vgl,mavy
pwg,61188,mU,vgl,mUta
pwg,61190,mUka,vgl,aneqa˚
pwg,61197,mUcIpa,vgl,mUtiba
pwg,61198,mUjavant,vgl,mOjavata
pwg,61207,mUQapraBu,vgl,mUQeSvara
pwg,61216,mUtiba,vgl,mUcIpa
pwg,61217,mUtra,vgl,badDa˚
pwg,61217,mUtra,vgl,bahu˚
pwg,61217,mUtra,vgl,mOtra
pwg,61242,mUtrAGAta,vgl,mUtraGAta
pwg,61251,mUra,vgl,sahamUra
pwg,61262,mUrC,vgl,vimUrCana
pwg,61262,mUrC,vgl,saMmUrCana
pwg,61267,mUrCAKAna,vgl,mUSAKAna
pwg,61272,mUrtaya,vgl,mUrtimant
pwg,61272,mUrtaya,vgl,amUrtarajas
pwg,61272,mUrtaya,vgl,mUrtarayas
pwg,61273,mUrti,vgl,azwa˚
pwg,61273,mUrti,vgl,Apo˚
pwg,61273,mUrti,vgl,tapaso˚
pwg,61273,mUrti,vgl,tapo˚
pwg,61273,mUrti,vgl,tejo˚
pwg,61273,mUrti,vgl,tri˚
pwg,61273,mUrti,vgl,pracaRqa˚
pwg,61273,mUrti,vgl,prati˚
pwg,61273,mUrti,vgl,bahu˚
pwg,61273,mUrti,vgl,mantra˚
pwg,61281,mUrDa,vgl,tri˚
pwg,61291,mUrDan,vgl,dvi˚
pwg,61291,mUrDan,vgl,bahu˚
pwg,61291,mUrDan,vgl,mahA˚
pwg,61304,mUrvA,vgl,mOrva
pwg,61308,mUla,vgl,a˚
pwg,61308,mUla,vgl,ado˚
pwg,61308,mUla,vgl,arkamUlA
pwg,61308,mUla,vgl,AkASamUlI
pwg,61308,mUla,vgl,Atma˚
pwg,61308,mUla,vgl,unmUla
pwg,61308,mUla,vgl,upamUlam
pwg,61308,mUla,vgl,kfzRamUlI
pwg,61308,mUla,vgl,jihvAmUla
pwg,61308,mUla,vgl,jyezWA˚
pwg,61308,mUla,vgl,tapo˚
pwg,61308,mUla,vgl,tAmramUlA
pwg,61309,mUlaka,vgl,cARakyamUlaka
pwg,61309,mUlaka,vgl,nepAla˚
pwg,61309,mUlaka,vgl,pAnIya˚
pwg,61309,mUlaka,vgl,pIta˚
pwg,61309,mUlaka,vgl,puzkara˚
pwg,61309,mUlaka,vgl,bahu˚
pwg,61309,mUlaka,vgl,bAla˚
pwg,61309,mUlaka,vgl,sa˚
pwg,61309,mUlaka,vgl,dantamUlikA
pwg,61309,mUlaka,vgl,DUmra˚
pwg,61309,mUlaka,vgl,BUri˚
pwg,61309,mUlaka,vgl,BfNga˚
pwg,61311,mUlakapotikA,vgl,mUlapotI
pwg,61313,mUlakarman,vgl,mUlIkarman
pwg,61318,mUlakft,vgl,mUlin
pwg,61329,mUladravya,vgl,mUlaDana
pwg,61329,mUladravya,vgl,mUlavitta
pwg,61331,mUladvAravatI,vgl,laGudvAravatI
pwg,61332,mUlaDana,vgl,mUladravya
pwg,61332,mUlaDana,vgl,mUlavitta
pwg,61347,mUlabanDa,vgl,mUla
pwg,61350,mUlaBadra,vgl,mUladeva
pwg,61352,mUlaBAra,vgl,mOlaBArika
pwg,61355,mUlamantra,vgl,mUlavidyA
pwg,61366,mUlavidyA,vgl,mUlamantra
pwg,61392,mUlika,vgl,mOlika
pwg,61392,mUlika,vgl,mOlikya
pwg,61399,mUlya,vgl,durmUlya
pwg,61399,mUlya,vgl,bahu˚
pwg,61408,mUzakAda,vgl,mUzikAda
pwg,61417,mUzikasTala,vgl,mUzikotkara
pwg,61418,mUzikANka,vgl,mUzikaraTa
pwg,61440,mfga,vgl,asitamfga
pwg,61440,mfga,vgl,IhA˚
pwg,61440,mfga,vgl,kfzRa˚
pwg,61440,mfga,vgl,krIqA˚
pwg,61440,mfga,vgl,ganDa˚
pwg,61440,mfga,vgl,gfha˚
pwg,61440,mfga,vgl,go˚
pwg,61440,mfga,vgl,gOqaka˚
pwg,61440,mfga,vgl,gOra˚
pwg,61440,mfga,vgl,grAma˚
pwg,61440,mfga,vgl,citra˚
pwg,61440,mfga,vgl,tArA˚
pwg,61440,mfga,vgl,niSA˚
pwg,61440,mfga,vgl,parRa˚
pwg,61440,mfga,vgl,puruza˚
pwg,61440,mfga,vgl,pramfgam
pwg,61440,mfga,vgl,Badramfga
pwg,61440,mfga,vgl,Badramandra˚
pwg,61440,mfga,vgl,mahA˚
pwg,61440,mfga,vgl,(mahAmfgAH
pwg,61441,mfgakAnana,vgl,mfgAraRya
pwg,61441,mfgakAnana,vgl,mfgayAvana
pwg,61489,mfgamuKa,vgl,mfgAsya
pwg,61490,mfgay,vgl,mArg
pwg,61490,mfgay,vgl,mfgy
pwg,61491,mfgaya,vgl,mfga
pwg,61494,mfgayAraRya,vgl,mfgakAnana
pwg,61501,mfgarAjalakzman,vgl,mfgarAjaDArit
pwg,61510,mfgavatI,vgl,mfgamandA
pwg,61523,mfgaSiras,vgl,mArgaSira
pwg,61551,mfgAra,vgl,mArgAra
pwg,61554,mfgAri,vgl,mArgAra
pwg,61558,mfgAsya,vgl,mfgamuKa
pwg,61572,mfgendrARI,vgl,siMhI
pwg,61573,mfgendrAsana,vgl,siMhAsana
pwg,61581,mfgy,vgl,mfgay
pwg,61600,mfqAku,vgl,mArqAkava
pwg,61603,mfLIka,vgl,sumfqIka
pwg,61613,mftaRqa,vgl,mftARqa
pwg,61619,mftavatsA,vgl,mArtavatsa
pwg,61635,mftAlaka,vgl,mfttAla
pwg,61635,mftAlaka,vgl,mfttAlaka
pwg,61647,mfttikA,vgl,Davala˚
pwg,61647,mfttikA,vgl,nIla˚
pwg,61647,mfttikA,vgl,pARqumfttika
pwg,61647,mfttikA,vgl,pUti˚
pwg,61647,mfttikA,vgl,mArttika
pwg,61648,mfttikAvatI,vgl,mArttikAvata
pwg,61654,mftyu,vgl,a˚
pwg,61654,mftyu,vgl,apa˚
pwg,61654,mftyu,vgl,punarmftyu
pwg,61654,mftyu,vgl,mahA˚
pwg,61654,mftyu,vgl,viza˚
pwg,61654,mftyu,vgl,mArtyava
pwg,61658,mftyuMjaya,vgl,mahA˚
pwg,61683,mftyusaMjIvana,vgl,mftasaMjIvana
pwg,61689,mftsna,vgl,mArtsna
pwg,61691,mfd,vgl,pARqu˚
pwg,61697,mfdara,vgl,mfdura
pwg,61735,mfdulomaka,vgl,mfduromavant
pwg,61739,mfdU,vgl,mfdUBAva
pwg,61748,mfdvIkA,vgl,pfTu˚
pwg,61748,mfdvIkA,vgl,pfTu˚
pwg,61749,mfD,vgl,vimfD
pwg,61749,mfD,vgl,vimfDa
pwg,61753,mfDra,vgl,amfDra
pwg,61761,mfzA,vgl,a˚
pwg,61783,meka,vgl,su˚
pwg,61788,mekzaRa,vgl,nekzaRa
pwg,61789,meKala,vgl,krozwukameKalA
pwg,61789,meKala,vgl,brahmameKala
pwg,61798,meGa,vgl,DarmameGA
pwg,61798,meGa,vgl,nirmeGa
pwg,61798,meGa,vgl,nf˚
pwg,61798,meGa,vgl,maRi˚
pwg,61798,meGa,vgl,mahA˚
pwg,61798,meGa,vgl,mEGa
pwg,61799,meGakaPa,vgl,GanakaPa
pwg,61803,meGagiri,vgl,meGaparvata
pwg,61810,meGaqambara,vgl,meGAqambara
pwg,61828,meGaparvata,vgl,meGagiri
pwg,61846,meGay,vgl,meGAy
pwg,61886,meGAqambara,vgl,meGaqambara
pwg,61890,meGAy,vgl,meGay
pwg,61907,mew,vgl,meq
pwg,61907,mew,vgl,mrew
pwg,61907,mew,vgl,mreq
pwg,61907,mew,vgl,mlew
pwg,61932,meda,vgl,arimeda
pwg,61932,meda,vgl,asi˚
pwg,61932,meda,vgl,go˚
pwg,61932,meda,vgl,dEtyamedaja
pwg,61932,meda,vgl,pUtimeda
pwg,61932,meda,vgl,mahAmeda
pwg,61932,meda,vgl,˚medA
pwg,61934,medaka,vgl,ari˚
pwg,61934,medaka,vgl,ahi˚
pwg,61934,medaka,vgl,go˚
pwg,61937,medapAwa,vgl,mehapAwa
pwg,61966,meDas,vgl,a˚
pwg,61966,meDas,vgl,alpa˚
pwg,61975,meDAtiTi,vgl,jyotirmeDAtiTi
pwg,62019,merutuNga,vgl,merukUwa
pwg,62021,meruduhitar,vgl,meruputrI
pwg,62023,merudevI,vgl,meru
pwg,62043,melaka,vgl,kzAra˚
pwg,62043,melaka,vgl,cakra˚
pwg,62045,melakalavaRa,vgl,kzAramelaka
pwg,62061,mezaka,vgl,kAlamozekA
pwg,62063,mezakusuma,vgl,mezAkzikusuma
pwg,62084,mehapAwa,vgl,medapAwa
pwg,62087,mEtra,vgl,durmEtra
pwg,62087,mEtra,vgl,mahAmEtra
pwg,62101,mEtrAvaruRa,vgl,kokila˚
pwg,62103,mEtrAvaruRIya,vgl,mitrAvaruRIya
pwg,62149,moktar,vgl,mftasva˚
pwg,62152,mokza,vgl,nirmokza
pwg,62152,mokza,vgl,pari˚
pwg,62152,mokza,vgl,pra˚
pwg,62152,mokza,vgl,prati˚
pwg,62152,mokza,vgl,sirA˚
pwg,62152,mokza,vgl,mOkza
pwg,62152,mokza,vgl,mOkzika
pwg,62164,mokzay,vgl,parimokzaRa
pwg,62164,mokzay,vgl,vimokzaRa
pwg,62169,mokzasADana,vgl,mokzopAya
pwg,62180,moca,vgl,parvatamocA
pwg,62180,moca,vgl,hilamocI
pwg,62180,moca,vgl,mOca
pwg,62182,mocana,vgl,kapAla˚
pwg,62182,mocana,vgl,garBa˚
pwg,62182,mocana,vgl,cIra˚
pwg,62184,mocanikA,vgl,banDa˚
pwg,62210,moda,vgl,ajamodA
pwg,62210,moda,vgl,ati˚
pwg,62210,moda,vgl,ali˚
pwg,62210,moda,vgl,kawumoda
pwg,62210,moda,vgl,jala˚
pwg,62210,moda,vgl,bastamodA
pwg,62210,moda,vgl,muKamoda
pwg,62210,moda,vgl,mOda
pwg,62211,modaka,vgl,Asya˚
pwg,62215,modana,vgl,ganDa˚
pwg,62215,modana,vgl,mOdanika
pwg,62215,modana,vgl,mOdaneyaka
pwg,62226,modin,vgl,gItamodin
pwg,62226,modin,vgl,Dvana˚
pwg,62226,modin,vgl,modamodinI
pwg,62228,morawa,vgl,kzIramorawa
pwg,62234,moza,vgl,vAma˚
pwg,62240,moha,vgl,durmoha
pwg,62240,moha,vgl,nirmoha
pwg,62240,moha,vgl,purI˚
pwg,62240,moha,vgl,mahA˚
pwg,62242,mohana,vgl,kUwa˚
pwg,62242,mohana,vgl,madana˚
pwg,62242,mohana,vgl,mahA˚
pwg,62257,mohin,vgl,ganDamohinI
pwg,62261,mOkali,vgl,mOkuli
pwg,62263,mOkuli,vgl,mOdgali
pwg,62268,mOktikaprasavA,vgl,muktAprasU
pwg,62270,mOktikaratna,vgl,muktAratna
pwg,62270,mOktikaratna,vgl,muktAmaRi
pwg,62271,mOktikaSukti,vgl,muktASukti
pwg,62272,mOktikAvali,vgl,muktAvalI
pwg,62284,mOjavata,vgl,mOYjavata
pwg,62310,mOdgali,vgl,mOkuli
pwg,62340,mOli,vgl,arDendu˚
pwg,62340,mOli,vgl,indu˚
pwg,62340,mOli,vgl,cakra˚
pwg,62340,mOli,vgl,niSAkarakalA˚
pwg,62340,mOli,vgl,vi˚
pwg,62341,mOlika,vgl,mUlika
pwg,62358,mOhUrtika,vgl,UrDva˚
pwg,62360,mnA,vgl,AmnAna
pwg,62360,mnA,vgl,pratyAmnAtavya
pwg,62360,mnA,vgl,samAmnAya
pwg,62374,mruc,vgl,mluc
pwg,62378,mroka,vgl,anumroka
pwg,62381,mlA,vgl,aparimlAna
pwg,62381,mlA,vgl,parimlAyin
pwg,62389,mluc,vgl,anumlocA
pwg,62389,mluc,vgl,nimlukti
pwg,62424,aMsay,vgl,vyaMsaka
pwg,62424,aMsay,vgl,vyaMsayitavya
pwg,62428,aMhaspati,vgl,AMhaspatya
pwg,62438,akaTaha,vgl,mahAkaTaha
pwg,62461,akiMcana,vgl,nakiMcana
pwg,62472,akUpAra,vgl,AkUpAra
pwg,62473,akfta,vgl,kftamati
pwg,62492,aklinnavartman,vgl,klinnavartman
pwg,62501,akzacaraRa,vgl,caraRAkza
pwg,62505,akzadyUta,vgl,AkzadyUtika
pwg,62512,akzapAda,vgl,AkzapAda
pwg,62576,agastyasaMhitA,vgl,AgastyasaMhitA
pwg,62638,agnIDra,vgl,agnItya
pwg,62655,agrapA,vgl,agrepA
pwg,62658,agraBU,vgl,brahmAgraBU
pwg,62705,aNkuqaka,vgl,aNkuwa
pwg,62708,aNkuray,vgl,aNkurAy
pwg,62708,aNkuray,vgl,aNkUray
pwg,62726,aNgamejaya,vgl,anaNgamejaya
pwg,62737,aNgArakadina,vgl,aNgAravAra
pwg,62738,aNgArakAraka,vgl,ANgArika
pwg,62766,ac,vgl,avAYc
pwg,62766,ac,vgl,pratIka
pwg,62766,ac,vgl,pratyaYc
pwg,62766,ac,vgl,vyaYc
pwg,62825,ajAtva,vgl,ajatva
pwg,62858,aYcala,vgl,dAmAYcala
pwg,62859,aYj,vgl,upAYjana
pwg,62859,aYj,vgl,nyaNga
pwg,62859,aYj,vgl,aBivyakti
pwg,62867,aYjanAcala,vgl,aYjanagiri
pwg,62870,aYjali,vgl,karRAYjali
pwg,62873,aYjasA,vgl,AYjasya
pwg,62877,aYjiga,vgl,AYjika
pwg,62887,awavIbala,vgl,Awavika
pwg,62921,atiga,vgl,marmAtiga
pwg,62921,atiga,vgl,velAtiga
pwg,62933,atitamAm,vgl,atitarAm
pwg,62939,atiTi,vgl,deSAtiTi
pwg,62939,atiTi,vgl,paTAtiTi
pwg,63024,atizaNga,vgl,atIzaNga
pwg,63041,atIzaNga,vgl,atizaNga
pwg,63054,atyaya,vgl,duratyaya
pwg,63054,atyaya,vgl,niratyaya
pwg,63054,atyaya,vgl,mahAtyaya
pwg,63126,adDA,vgl,anadDA
pwg,63130,adButa,vgl,BuvanAdButa
pwg,63130,adButa,vgl,mahAdButa
pwg,63178,aDarOzWa,vgl,ozWa
pwg,63184,aDika,vgl,aByaDika
pwg,63184,aDika,vgl,upADika
pwg,63203,aDigama,vgl,duraDigama
pwg,63217,aDinATa,vgl,janADi˚
pwg,63217,aDinATa,vgl,prARADi˚
pwg,63239,aDirAjya,vgl,ADirAjya
pwg,63248,aDivAsa,vgl,aDIvAsa
pwg,63259,aDiSrayaRa,vgl,avaSrayaRa
pwg,63275,aDIna,vgl,ADIna
pwg,63278,aDISa,vgl,tryaDISa
pwg,63312,aDyAyin,vgl,mfzADyAyin
pwg,63322,aDyuzitASva,vgl,DyuzitASva
pwg,63322,aDyuzitASva,vgl,aByutTitASva
pwg,63333,aDvapa,vgl,aDvADipa
pwg,63333,aDvapa,vgl,mArgapa
pwg,63483,anAvaraRin,vgl,AvaraRin
pwg,63550,anukrI,vgl,parikrI
pwg,63550,anukrI,vgl,SatakrI
pwg,63555,anuga,vgl,padAnuga
pwg,63555,anuga,vgl,mano'nuga
pwg,63555,anuga,vgl,vaSAnuga
pwg,63555,anuga,vgl,hfdayAnuga
pwg,63563,anugAdin,vgl,AnugAdika
pwg,63576,anugrAmam,vgl,AnugrAmika
pwg,63591,anujyezWam,vgl,jyezWAnujyezWatA
pwg,63616,anunAdin,vgl,kalAnu˚
pwg,63657,anubanDa,vgl,sAnubanDa
pwg,63663,anuBAva,vgl,mahAnuBAva
pwg,63694,anumroka,vgl,mroka
pwg,63695,anumlocantI,vgl,anumlocA
pwg,63716,anulepana,vgl,gAtrAnulepanI
pwg,63763,anuzwuB,vgl,AnuzwuBa
pwg,63887,antargirya,vgl,bahirgirya
pwg,63899,antarvaMSika,vgl,antarvESika
pwg,63900,antarvant,vgl,DAnAntarvant
pwg,63903,antarvedika,vgl,Antarvedika
pwg,63908,antalIlA,vgl,AdilIlA
pwg,63923,antAvasAyin,vgl,ante'vasAyin
pwg,63928,antevasAyin,vgl,antAvasAyin
pwg,63928,antevasAyin,vgl,antevAsin
pwg,63928,antevasAyin,vgl,antyAvasAyin
pwg,63933,antra,vgl,Antra
pwg,63943,anDakAra,vgl,mahAnDakAra
pwg,63949,anDas,vgl,AnDasika
pwg,63951,anDIgu,vgl,AnDIgava
pwg,63954,anDra,vgl,AnDra
pwg,63954,anDra,vgl,mahAnDra
pwg,63980,anyatodant,vgl,anyataratodanta
pwg,64012,anvaya,vgl,ananvaya
pwg,64012,anvaya,vgl,duranvaya
pwg,64029,anvIpam,vgl,AnvIpika
pwg,64048,apakzepaRa,vgl,avakzepaRa
pwg,64053,apaGAwilA,vgl,avaGawarikA
pwg,64053,apaGAwilA,vgl,GAwarI
pwg,64108,apamAna,vgl,avamAna
pwg,64125,aparavaktra,vgl,apavaktra
pwg,64126,aparaSEla,vgl,uttaraSEla
pwg,64126,aparaSEla,vgl,pUrvaSEla
pwg,64133,aparAntikA,vgl,dakziRAntikA
pwg,64136,aparAhRa,vgl,mahAparAhRa
pwg,64152,apavaktra,vgl,aparavaktra
pwg,64155,apavarga,vgl,Apavargya
pwg,64161,apavAritam,vgl,apavAri- taka
pwg,64161,apavAritam,vgl,apavArya
pwg,64190,apasavya,vgl,asavya
pwg,64199,apaha,vgl,kleSApaha
pwg,64199,apaha,vgl,tamo'paha
pwg,64199,apaha,vgl,mArutApaha
pwg,64209,apahArin,vgl,BaganetrApahArin
pwg,64210,apahAsa,vgl,avahAsa
pwg,64211,apahnava,vgl,apahnuti
pwg,64228,apApapurI,vgl,pApapurI
pwg,64290,aptoryAma,vgl,AptoryAman
pwg,64337,apsaras,vgl,Apsarasa
pwg,64356,abjanABa,vgl,padmanABa
pwg,64359,abjasaMBava,vgl,padmasaMBava
pwg,64384,aBikAma,vgl,ABikAmika
pwg,64408,aBicArika,vgl,ABicArika
pwg,64438,aBiDAna,vgl,ABiDAnika
pwg,64453,aBinandana,vgl,aBinanda
pwg,64500,aBiBu,vgl,nAgABiBu
pwg,64500,aBiBu,vgl,˚BU
pwg,64500,aBiBu,vgl,mahABijYAjYAnABiBU
pwg,64512,aBimAnin,vgl,mAnin
pwg,64546,aBivAnyA,vgl,nivAnyavatsA
pwg,64569,aBizeka,vgl,mahABizeka
pwg,64603,aBisAra,vgl,lohABisAra
pwg,64610,aBihAra,vgl,ABihArika
pwg,64618,aBImAnin,vgl,aBimAnin
pwg,64623,aBISu,vgl,ABISava
pwg,64642,aByantara,vgl,AByantara
pwg,64644,aByantarAyAma,vgl,bAhyAyAma
pwg,64674,aByudaya,vgl,BuvanAByudaya
pwg,64696,aBrataru,vgl,aBravfkza
pwg,64700,aBravfkza,vgl,meGataru
pwg,64707,am,vgl,anAmayant
pwg,64724,amaraparvata,vgl,amarAdri
pwg,64735,amarAdri,vgl,amaraparvata
pwg,64738,amarUka,vgl,amaru
pwg,64756,amahIyu,vgl,AmahIyava
pwg,64777,amitOjas,vgl,AmitOji
pwg,64801,amUrtarayas,vgl,amUrtarajas
pwg,64801,amUrtarayas,vgl,AmUrtarayasa
pwg,64801,amUrtarayas,vgl,mUrtaya
pwg,64844,ambara,vgl,nirambara
pwg,64844,ambara,vgl,madAmbara
pwg,64883,ambeka,vgl,uMveka
pwg,64883,ambeka,vgl,umbeka
pwg,64893,amla,vgl,mahAmla
pwg,64908,ayaTAtaTam,vgl,ayATAtaTya
pwg,64908,ayaTAtaTam,vgl,AyaTAtaTya
pwg,64910,ayaTApuram,vgl,ayATApurya
pwg,64923,ayaHSipra,vgl,ayohanu
pwg,64923,ayaHSipra,vgl,hiraRyaSipra
pwg,64923,ayaHSipra,vgl,hiriSipra
pwg,64954,ar,vgl,udaraRa
pwg,64954,ar,vgl,udAra
pwg,64954,ar,vgl,upAra
pwg,64954,ar,vgl,pratyarpaRa
pwg,64978,aravindanABa,vgl,padmanABa
pwg,65000,arizwanemin,vgl,arizwanemi
pwg,65054,arGa,vgl,mahArGa
pwg,65057,arGya,vgl,mahArGya
pwg,65067,arcis,vgl,aruRArcis
pwg,65067,arcis,vgl,mahArcis
pwg,65067,arcis,vgl,saptArcis
pwg,65070,arj,vgl,upArjana
pwg,65091,art,vgl,anvartitar
pwg,65118,arTapati,vgl,ArTapatya
pwg,65126,arTay,vgl,prArTaka
pwg,65128,arTavant,vgl,mahArTavant
pwg,65159,ard,vgl,prArdaka
pwg,65160,ardana,vgl,mahizArdana
pwg,65163,arDa,vgl,fDak
pwg,65200,arpaRa,vgl,devArpaRa
pwg,65203,arbuda,vgl,mAMsArbuda
pwg,65203,arbuda,vgl,mahArbuda
pwg,65210,aryaman,vgl,AryamRa
pwg,65216,arvAksrotas,vgl,UrDvasrotas
pwg,65216,arvAksrotas,vgl,tiryaksrotas
pwg,65222,arvAvasu,vgl,parAbasu
pwg,65235,arhaRIya,vgl,aDyarhaRIya
pwg,65255,alaMkAravftti,vgl,kAvyAlaMkAravftti
pwg,65277,alarka,vgl,dIrGAlarka
pwg,65278,alasa,vgl,madAlasa
pwg,65278,alasa,vgl,mahAlasa
pwg,65327,avakalkana,vgl,kalkana
pwg,65346,avagARa,vgl,vagARa
pwg,65355,avagraha,vgl,duravagraha
pwg,65355,avagraha,vgl,niravagraha
pwg,65359,avaGawarikA,vgl,apaGAwilA
pwg,65372,avacUla,vgl,avacUqa
pwg,65372,avacUla,vgl,uccUla
pwg,65379,avawa,vgl,kapilAvawa
pwg,65379,avawa,vgl,muYjAvawa
pwg,65411,avaDUnana,vgl,AveDa
pwg,65459,avaBfti,vgl,AvaBftya
pwg,65460,avaBfTa,vgl,AvaBfTa
pwg,65460,avaBfTa,vgl,AvaBfTya
pwg,65468,avamardana,vgl,grahAvamardana
pwg,65493,avaroha,vgl,duravaroha
pwg,65493,avaroha,vgl,mahAvaroha
pwg,65503,avalamba,vgl,niravalamba
pwg,65508,avalIQA,vgl,rIQA
pwg,65535,avaSyam,vgl,AvaSyaka
pwg,65542,avasara,vgl,pakzAvasara
pwg,65546,avasavi,vgl,apasavya
pwg,65549,avasAna,vgl,AvasAna
pwg,65552,avasita,vgl,duravasita
pwg,65584,avAksrotas,vgl,arvAksrotas
pwg,65585,avAggati,vgl,arvAggati
pwg,65589,avANniraya,vgl,tiryaNniraya
pwg,65605,avi,vgl,tryavi
pwg,65622,avidAnta,vgl,atidatta
pwg,65652,avekAcArya,vgl,ambeka
pwg,65690,aSitra,vgl,prASitra
pwg,65697,aSItika,vgl,ASItika
pwg,65722,aSmantaka,vgl,prabAlASmantaka
pwg,65740,aSlezA,vgl,ASrezA
pwg,65740,aSlezA,vgl,ASlezA
pwg,65749,aSvatara,vgl,SvetASvatara
pwg,65788,azwapadI,vgl,azwApadI
pwg,65789,azwapAdikA,vgl,azwapadikA
pwg,65800,azwAdaMzwra,vgl,AzwAdaMzwra
pwg,65824,azWIlA,vgl,ekAzWIla
pwg,65824,azWIlA,vgl,kAzWIla
pwg,65824,azWIlA,vgl,jalAzWIlI
pwg,65824,azWIlA,vgl,pAdAzWIla
pwg,65824,azWIlA,vgl,pratyazWIlA
pwg,65824,azWIlA,vgl,maDuzWIla
pwg,65824,azWIlA,vgl,maDvazWIlA
pwg,65824,azWIlA,vgl,muKazWIla
pwg,65827,as,vgl,paryudasta
pwg,65827,as,vgl,paryudAsa
pwg,65827,as,vgl,vyudAsa
pwg,65827,as,vgl,citranyasta
pwg,65827,as,vgl,nyasya
pwg,65827,as,vgl,nyAsa
pwg,65827,as,vgl,nyAsin
pwg,65827,as,vgl,nirasana
pwg,65827,as,vgl,viparyAsa
pwg,65827,as,vgl,vyasana
pwg,65827,as,vgl,vyAsa
pwg,65827,as,vgl,samasana
pwg,65827,as,vgl,samasyA
pwg,65827,as,vgl,samAsa
pwg,65838,asaNga,vgl,niHsaNga
pwg,65873,asavya,vgl,apasavya
pwg,65900,asiDenu,vgl,KaqgaDenu
pwg,65926,asfggraha,vgl,ruDira
pwg,65926,asfggraha,vgl,lohita
pwg,65976,asvAsTya,vgl,AsvasTya
pwg,65983,ahaMkfta,vgl,nirahaMkfta
pwg,65987,ahata,vgl,Ahata
pwg,65993,aham,vgl,niraham
pwg,65998,ahaMmati,vgl,nirahaMmati
pwg,66010,ahi,vgl,mahAhi
pwg,66043,Akara,vgl,kusumAkara
pwg,66043,Akara,vgl,padmAkara
pwg,66043,Akara,vgl,puzpAkara
pwg,66043,Akara,vgl,makarAkara
pwg,66043,Akara,vgl,ratnAkara
pwg,66049,AkarzaRa,vgl,sIrAkarzaRa
pwg,66056,AkANkzin,vgl,nirAkANkzin
pwg,66058,AkAra,vgl,nirAkAra
pwg,66073,AkiMcanya,vgl,kiMcanya
pwg,66094,Akranda,vgl,durAkranda
pwg,66094,Akranda,vgl,nirA˚
pwg,66133,AKyAna,vgl,upAKyAna
pwg,66170,Agraha,vgl,durAgraha
pwg,66225,Aji,vgl,padAji
pwg,66233,AjIvya,vgl,nirAjIvya
pwg,66259,Awopa,vgl,meGAwopa
pwg,66266,AQya,vgl,mahAQya
pwg,66269,ARqakoSa,vgl,aRqa˚
pwg,66272,AtatAyin,vgl,pratihitAyin
pwg,66276,Atapodaka,vgl,mfgatfzRA
pwg,66301,Atmatantra,vgl,svatantra
pwg,66350,Adara,vgl,nirAdara
pwg,66355,AdAna,vgl,durAdAna
pwg,66355,AdAna,vgl,nirAdAna
pwg,66362,AdArasft,vgl,adArasft
pwg,66394,AdiyAmala,vgl,yAmala
pwg,66396,AdirUpa,vgl,pUrvarUpa
pwg,66397,AdilIlA,vgl,antalIlA
pwg,66410,Adeya,vgl,durAdeya
pwg,66428,ADAna,vgl,AvasaTyADAna
pwg,66428,ADAna,vgl,purIzADAna
pwg,66428,ADAna,vgl,BagADAna
pwg,66452,ADeya,vgl,ADArADeyaBAva
pwg,66460,Anana,vgl,caturAnana
pwg,66460,Anana,vgl,daSAnana
pwg,66460,Anana,vgl,mahAnana
pwg,66460,Anana,vgl,suhasAnana
pwg,66516,AnuyAtrika,vgl,anuyAtrika
pwg,66542,AnDya,vgl,kzaRadAnDya
pwg,66542,AnDya,vgl,kzapAnDya
pwg,66542,AnDya,vgl,naktAnDya
pwg,66546,Ap,vgl,parisamApti
pwg,66549,ApaRa,vgl,karzApaRa
pwg,66549,ApaRa,vgl,kArzApaRa
pwg,66556,Apad,vgl,nirApad
pwg,66560,AparapakzIya,vgl,aparapakzIya
pwg,66582,ApIqa,vgl,pratyApIqa
pwg,66582,ApIqa,vgl,muktApIqa
pwg,66584,ApUra,vgl,durApUra
pwg,66596,Apya,vgl,udApyam
pwg,66610,AbADa,vgl,durAbADa
pwg,66610,AbADa,vgl,nirAbADa
pwg,66639,ABIra,vgl,nfpABIra
pwg,66658,Amarda,vgl,nirAmarda
pwg,66662,Amalaka,vgl,Amala
pwg,66688,AmnAya,vgl,durAmnAya
pwg,66690,Amba,vgl,nAmba
pwg,66707,AyAjiBawwa,vgl,ayyAjIBawwa
pwg,66708,AyAma,vgl,aByantarAyAma
pwg,66708,AyAma,vgl,prARAyAma
pwg,66708,AyAma,vgl,bAhyAyAma
pwg,66732,Ayus,vgl,citrAyus
pwg,66752,AraRyaka,vgl,bfhadAraRyaka
pwg,66760,AramBa,vgl,citrAramBa
pwg,66760,AramBa,vgl,mahAramBa
pwg,66775,ArAma,vgl,AtmArAma
pwg,66785,AruRi,vgl,puzkarAruRi
pwg,66801,Aroha,vgl,krayAroha
pwg,66803,ArohaRa,vgl,pavitrArohaRa
pwg,66839,AryamaRa,vgl,AryamRa
pwg,66840,AryamiSra,vgl,miSra
pwg,66859,Arhata,vgl,paramArhata
pwg,66867,Alamba,vgl,nirAlamba
pwg,66868,Alambana,vgl,nirAlambana
pwg,66880,Alaya,vgl,tridaSAlaya
pwg,66880,Alaya,vgl,devAlaya
pwg,66880,Alaya,vgl,padmAlaya
pwg,66880,Alaya,vgl,maKAlaya
pwg,66880,Alaya,vgl,mahAlaya
pwg,66880,Alaya,vgl,mAnasAlaya
pwg,66885,AlApa,vgl,durAlApa
pwg,66897,Aloka,vgl,durAloka
pwg,66897,Aloka,vgl,nirAloka
pwg,66907,Avawika,vgl,paramAvawika
pwg,66920,AvaraRa,vgl,gAtrAvaraRa
pwg,66920,AvaraRa,vgl,dehAvaraRa
pwg,66921,AvaraRin,vgl,anAvaraRin
pwg,66925,Avarta,vgl,AryAvarta
pwg,66925,Avarta,vgl,dakziRAvarta
pwg,66925,Avarta,vgl,durAvarta
pwg,66925,Avarta,vgl,DruvAvarta
pwg,66925,Avarta,vgl,nandyAvarta
pwg,66925,Avarta,vgl,brahmAvarta
pwg,66925,Avarta,vgl,rAjAvarta
pwg,66925,Avarta,vgl,vAmAvarta
pwg,66925,Avarta,vgl,zoqaSAvarta
pwg,66925,Avarta,vgl,sUryAvarta
pwg,66925,Avarta,vgl,hfdAvarta
pwg,66933,Avaha,vgl,durAvaha
pwg,66933,Avaha,vgl,malAvaha
pwg,66938,AvAsya,vgl,ISAvAsya
pwg,66941,Avika,vgl,paYcAvika
pwg,66951,Avft,vgl,tryAvft
pwg,66966,Avya,vgl,apAvya
pwg,66971,ASa,vgl,narASa
pwg,66971,ASa,vgl,pavanASa
pwg,66971,ASa,vgl,pAvanASanASa
pwg,66971,ASa,vgl,havyASa
pwg,66971,ASa,vgl,hutASa
pwg,66977,ASaya,vgl,durASaya
pwg,66977,ASaya,vgl,mahASaya
pwg,66977,ASaya,vgl,mUtrASaya
pwg,66979,ASA,vgl,durASA
pwg,66979,ASA,vgl,nirASa
pwg,66987,ASin,vgl,pavanASin
pwg,66987,ASin,vgl,pUrvASin
pwg,66987,ASin,vgl,PalASin
pwg,66987,ASin,vgl,mAtrASin
pwg,67040,AzkAraniDana,vgl,Az
pwg,67042,As,vgl,upAsaka
pwg,67042,As,vgl,upAsana
pwg,67042,As,vgl,paryupAsaka
pwg,67047,Asana,vgl,arDAsana
pwg,67047,Asana,vgl,kamalAsana
pwg,67047,Asana,vgl,jalajAsana
pwg,67047,Asana,vgl,nfpAsana
pwg,67047,Asana,vgl,BadrAsana
pwg,67051,Asava,vgl,maDvAsava
pwg,67051,Asava,vgl,muKAsava
pwg,67051,Asava,vgl,surAsava
pwg,67051,Asava,vgl,smarAsava
pwg,67056,AsAra,vgl,DArAsAra
pwg,67086,Aspada,vgl,mahAspada
pwg,67086,Aspada,vgl,meGAspada
pwg,67090,AsPowa,vgl,parvAsPowa
pwg,67093,Asya,vgl,uragAsya
pwg,67093,Asya,vgl,daSAsya
pwg,67093,Asya,vgl,dIrGAsya
pwg,67093,Asya,vgl,paYcAsya
pwg,67093,Asya,vgl,pARyAsya
pwg,67093,Asya,vgl,markawAsya
pwg,67093,Asya,vgl,sTUlAsya
pwg,67095,Asyopalepa,vgl,muKalepa
pwg,67097,AsrAva,vgl,garBAsrAva
pwg,67112,AhAra,vgl,ekAhAra
pwg,67112,AhAra,vgl,pakzAhAra
pwg,67130,Ahnika,vgl,gavAhnika
pwg,67140,i,vgl,pratyavAya
pwg,67140,i,vgl,vyavAya
pwg,67140,i,vgl,samavAya
pwg,67140,i,vgl,samavAyin
pwg,67140,i,vgl,samudaya
pwg,67140,i,vgl,upAya
pwg,67140,i,vgl,niraya
pwg,67140,i,vgl,parAyaRa
pwg,67140,i,vgl,paryaya
pwg,67140,i,vgl,viparyaya
pwg,67140,i,vgl,prAya
pwg,67140,i,vgl,prAyaRa
pwg,67140,i,vgl,prAyas
pwg,67140,i,vgl,aBiprAya
pwg,67140,i,vgl,pratIti
pwg,67140,i,vgl,pratyaya
pwg,67140,i,vgl,pratyayana
pwg,67140,i,vgl,pratyAyaka
pwg,67140,i,vgl,pratyetavya
pwg,67140,i,vgl,viyat
pwg,67140,i,vgl,vyaya
pwg,67140,i,vgl,samaya
pwg,67140,i,vgl,samAya
pwg,67140,i,vgl,samiti
pwg,67149,ikzuvatI,vgl,ikzumatI
pwg,67162,ijya,vgl,kapIjya
pwg,67168,iqaviqA,vgl,Eqaviqa
pwg,67172,iqikka,vgl,iqaviqA
pwg,67182,itaretarASraya,vgl,parasparASraya
pwg,67186,iti,vgl,duriti
pwg,67196,idantana,vgl,idAnIMtana
pwg,67235,indraketu,vgl,indraDvaja
pwg,67254,indraDvaja,vgl,indraketu
pwg,67265,indramahotsava,vgl,indrotsava
pwg,67269,indralupta,vgl,Endraluptika
pwg,67276,indraSira,vgl,EndraSira
pwg,67285,indrARI,vgl,mahendrARI
pwg,67296,indrota,vgl,Endrota
pwg,67300,ipAhaRa,vgl,isaPahARa
pwg,67301,iBa,vgl,ganDeBa
pwg,67301,iBa,vgl,digiBa
pwg,67319,ilARqa,vgl,ilAMda
pwg,67326,illIsa,vgl,illiSa
pwg,67363,isaPahARa,vgl,ipAhaRa
pwg,67367,ihaloka,vgl,ihalokasTa
pwg,67369,Ikz,vgl,nirapekzita
pwg,67369,Ikz,vgl,duravekzita
pwg,67369,Ikz,vgl,pratyavekzaRa
pwg,67369,Ikz,vgl,samavekzaRa
pwg,67369,Ikz,vgl,nirIkzaka
pwg,67369,Ikz,vgl,parIkzaka
pwg,67369,Ikz,vgl,prakzaka
pwg,67369,Ikz,vgl,utprekzaRa
pwg,67369,Ikz,vgl,saMprekzaka
pwg,67369,Ikz,vgl,pratIkza
pwg,67369,Ikz,vgl,vIkzaRa
pwg,67369,Ikz,vgl,samIkzA
pwg,67369,Ikz,vgl,pratisamAkzaRa
pwg,67391,Ir,vgl,samudIraRa
pwg,67391,Ir,vgl,samudIrRa
pwg,67391,Ir,vgl,preraka
pwg,67413,ISa,vgl,amareSa
pwg,67413,ISa,vgl,avanISa
pwg,67413,ISa,vgl,gaReSa
pwg,67413,ISa,vgl,gOrISa
pwg,67413,ISa,vgl,caRqISa
pwg,67413,ISa,vgl,jagadISa
pwg,67413,ISa,vgl,janeSa
pwg,67413,ISa,vgl,jaleSa
pwg,67413,ISa,vgl,jIviteSa
pwg,67413,ISa,vgl,tiryagISa
pwg,67413,ISa,vgl,tridiveSa
pwg,67413,ISa,vgl,dineSa
pwg,67413,ISa,vgl,deveSa
pwg,67413,ISa,vgl,dvijeSa
pwg,67413,ISa,vgl,DaneSa
pwg,67413,ISa,vgl,nadISa
pwg,67413,ISa,vgl,nandISa
pwg,67413,ISa,vgl,prAReSa
pwg,67413,ISa,vgl,BUteSa
pwg,67413,ISa,vgl,maheSa
pwg,67413,ISa,vgl,yogeSa
pwg,67413,ISa,vgl,rohiRISa
pwg,67413,ISa,vgl,vijayeSa
pwg,67414,ISaKAna,vgl,ISAKAna
pwg,67415,ISagItA,vgl,ISvaragItA
pwg,67419,ISAKAna,vgl,ISaKAna
pwg,67420,ISAna,vgl,gaReSAna
pwg,67420,ISAna,vgl,maheSAna
pwg,67425,ISitar,vgl,maheSitar
pwg,67430,ISvara,vgl,amareSvara
pwg,67430,ISvara,vgl,alakeSvara
pwg,67430,ISvara,vgl,avantISvara
pwg,67430,ISvara,vgl,AtmeSvara
pwg,67430,ISvara,vgl,kavISvara
pwg,67430,ISvara,vgl,kAvyadevISvara
pwg,67431,ISvaragItA,vgl,ISagItA
pwg,67448,IzA,vgl,nirIza
pwg,67452,Ih,vgl,samIhA
pwg,67453,IhA,vgl,nirIha
pwg,67453,IhA,vgl,nirIhA
pwg,67456,uMveka,vgl,umbeka
pwg,67456,uMveka,vgl,ambeka
pwg,67456,uMveka,vgl,avekAcArya
pwg,67459,ukti,vgl,anyokti
pwg,67459,ukti,vgl,durukti
pwg,67460,ukTa,vgl,bfhadukTa
pwg,67466,ukTyAmahIyava,vgl,AmahIyava
pwg,67469,ukzan,vgl,bfhadukzan
pwg,67471,uKa,vgl,uKya
pwg,67471,uKa,vgl,OKIya
pwg,67475,ugra,vgl,atyugra
pwg,67483,ugradeva,vgl,ugrAdeva
pwg,67487,uc,vgl,durokam
pwg,67487,uc,vgl,nyokas
pwg,67487,uc,vgl,nyocanI
pwg,67492,uccaya,vgl,sTUloccaya
pwg,67515,ucCizwa,vgl,anucCizwa
pwg,67529,ucCvAsa,vgl,kAkocCvAsa
pwg,67529,ucCvAsa,vgl,nirucCvAsa
pwg,67546,uYC,vgl,proYCana
pwg,67548,uwaja,vgl,puwowaja
pwg,67548,uwaja,vgl,sahowaja
pwg,67570,utka,vgl,mahotkA
pwg,67573,utkawa,vgl,protkawa
pwg,67573,utkawa,vgl,balotkawA
pwg,67573,utkawa,vgl,madotkawa
pwg,67583,utkarzaRa,vgl,utkarziRI
pwg,67584,utkarziRI,vgl,utkarzaRI
pwg,67587,utkalApa,vgl,utkalApana
pwg,67608,utKalI,vgl,utKalin
pwg,67639,uttaraDarma,vgl,Darmottara
pwg,67648,uttararUpa,vgl,pUrvarUpa
pwg,67651,uttaraSEla,vgl,aparaSEla
pwg,67651,uttaraSEla,vgl,pUrvaSEla
pwg,67652,uttarasakTa,vgl,pUrvasakTa
pwg,67675,uttAna,vgl,prottAna
pwg,67684,uttAla,vgl,kalottAla
pwg,67686,uttuNga,vgl,prottuNga
pwg,67696,utTApana,vgl,vastUtTApana
pwg,67721,utpAda,vgl,arTotpAda
pwg,67730,utpIqa,vgl,kAntotpIqA
pwg,67747,utPulla,vgl,protPulla
pwg,67749,utsaNga,vgl,mUtrotsaNga
pwg,67754,utsarpa,vgl,saMsarpa
pwg,67757,utsava,vgl,mahotsava
pwg,67759,utsAdana,vgl,prototsAdana
pwg,67765,utsAha,vgl,durutsAha
pwg,67765,utsAha,vgl,nirutsAha
pwg,67765,utsAha,vgl,mahotsAha
pwg,67770,utsuka,vgl,nirutsuka
pwg,67770,utsuka,vgl,paryutsuka
pwg,67781,utsrotas,vgl,UrDvasrotas
pwg,67788,udaka,vgl,kAmodaka
pwg,67788,udaka,vgl,kAlodaka
pwg,67788,udaka,vgl,kzArodaka
pwg,67788,udaka,vgl,tilodaka
pwg,67788,udaka,vgl,samAnodaka
pwg,67788,udaka,vgl,Odaka
pwg,67788,udaka,vgl,Odaki
pwg,67809,udagayana,vgl,dakziRAyana
pwg,67824,udapa,vgl,uqupa
pwg,67826,udapAna,vgl,OdapAna
pwg,67830,udaya,vgl,kaTodaya
pwg,67830,udaya,vgl,candrodaya
pwg,67830,udaya,vgl,durudaya
pwg,67830,udaya,vgl,mahodaya
pwg,67837,udayaprARa,vgl,udayAsu
pwg,67846,udara,vgl,mahodara
pwg,67846,udara,vgl,lambodara
pwg,67846,udara,vgl,sahodara
pwg,67846,udara,vgl,sodara
pwg,67869,udAtta,vgl,atyudAtta
pwg,67878,udAra,vgl,OdArika
pwg,67878,udAra,vgl,OdArya
pwg,67885,udAsin,vgl,OdAsya
pwg,67913,udgArin,vgl,ruDirodgArin
pwg,67926,udGAta,vgl,kaTodGAta
pwg,67934,uddala,vgl,udala
pwg,67937,uddAlaka,vgl,OddAlaki
pwg,67945,uddeSa,vgl,OddeSika
pwg,67999,udyama,vgl,mahodyama
pwg,68005,udyoga,vgl,mahodyoga
pwg,68015,udvana,vgl,pravaRa
pwg,68018,udvaha,vgl,durudvaha
pwg,68018,udvaha,vgl,BArodvaha
pwg,68018,udvaha,vgl,ratodvaha
pwg,68040,undura,vgl,kundu
pwg,68041,unnati,vgl,cittonnati
pwg,68041,unnati,vgl,mahonnati
pwg,68059,unmada,vgl,mahonmada
pwg,68061,unmana,vgl,unmAna
pwg,68068,unmAda,vgl,nirunmAda
pwg,68070,unmAdana,vgl,samudronmAdana
pwg,68073,unmAna,vgl,mahonmAna
pwg,68076,unmuKa,vgl,OnmuKya
pwg,68145,upacarya,vgl,duHKopacarya
pwg,68148,upacAra,vgl,durupacAra
pwg,68148,upacAra,vgl,miTyopacAra
pwg,68160,upajanDani,vgl,OpajanDani
pwg,68171,upajIvin,vgl,tAmropajIvin
pwg,68183,upatya,vgl,aDityakA
pwg,68188,upadAsuka,vgl,anupadAsuka
pwg,68192,upadIkA,vgl,upajIkA
pwg,68192,upadIkA,vgl,uddIpikA
pwg,68193,upaduh,vgl,upadoha
pwg,68195,upadeSa,vgl,hitopadeSa
pwg,68208,upadrava,vgl,nirupadrava
pwg,68239,upanyAsa,vgl,AkASopanyAsa
pwg,68280,upamA,vgl,taTopama
pwg,68280,upamA,vgl,nirupama
pwg,68326,upalAlana,vgl,upAlAlya
pwg,68328,upalepa,vgl,nirupalepa
pwg,68343,upaveSa,vgl,OpaveSi
pwg,68379,upasaMDyam,vgl,OpasaMDya
pwg,68395,upaskara,vgl,pattropaskara
pwg,68436,upANgalalitAvrata,vgl,lalitAvrata
pwg,68449,upADi,vgl,OpADika
pwg,68449,upADi,vgl,sopADika
pwg,68452,upADyAya,vgl,mahopADyAya
pwg,68457,upAnta,vgl,nayanopAnta
pwg,68467,upAlAlya,vgl,upalAlana
pwg,68521,uBayAyin,vgl,uBayAvin
pwg,68535,umbeka,vgl,uMveka
pwg,68567,urva,vgl,Urva
pwg,68568,urvarA,vgl,Orvara
pwg,68580,ulUka,vgl,kumBolUka
pwg,68580,ulUka,vgl,pratyulUkaka
pwg,68609,ulleKana,vgl,jihvolleKana
pwg,68614,uSatI,vgl,uSij
pwg,68617,uSij,vgl,uSatI
pwg,68625,uzadgu,vgl,nfzaNgu
pwg,68628,uzA,vgl,UzA
pwg,68636,uzwrAkza,vgl,OzwrAkzi
pwg,68638,uzRa,vgl,payozRI
pwg,68644,uzRaBojin,vgl,SItaBojin
pwg,68656,uzmagatA,vgl,uzRaga
pwg,68658,uzman,vgl,niruzman
pwg,68692,UrRa,vgl,karRorRa
pwg,68696,UrRAyu,vgl,OrRAyava
pwg,68714,UrDvaMdama,vgl,OrDvaMdamika
pwg,68724,UrDvasadman,vgl,OrDvasadmana
pwg,68734,UrmimAlA,vgl,vAtormI
pwg,68741,Uzman,vgl,sozman
pwg,68742,Uh,vgl,pratyUha
pwg,68742,Uh,vgl,pratyUhana
pwg,68742,Uh,vgl,vyUha
pwg,68810,ftusAraRA,vgl,pratisAraRA
pwg,68834,fziSfNga,vgl,fzyaSfNga
pwg,68838,fzyaNgu,vgl,nfzaNgu
pwg,68935,ekAtmya,vgl,EkAtmya
pwg,68972,ekoddizwa,vgl,mahEkoddizwa
pwg,68993,eD,vgl,parEDita
pwg,69004,elUka,vgl,eqUka
pwg,69019,ezin,vgl,priyEzin
pwg,69108,Ehika,vgl,tryahEhika
pwg,69109,oka,vgl,mUtrOkasAda
pwg,69115,oGa,vgl,divyOGa
pwg,69115,oGa,vgl,mAnavOGa
pwg,69115,oGa,vgl,sarvOGa
pwg,69115,oGa,vgl,sidDOGa
pwg,69121,oja,vgl,kOSikyoja
pwg,69130,oRi,vgl,URi
pwg,69139,ozaDi,vgl,mahOzaDi
pwg,69181,OdavAhi,vgl,mahOdavAhi
pwg,69239,OrDvadehika,vgl,pOrvadehika
pwg,69252,OzaDa,vgl,mahOzaDa
pwg,69264,kaMsa,vgl,kAMsa
pwg,69264,kaMsa,vgl,kAMsya
pwg,69269,kakanda,vgl,kAkandI
pwg,69271,kakutsTa,vgl,kAkutsTa
pwg,69272,kakud,vgl,trikakud
pwg,69272,kakud,vgl,kAkud
pwg,69272,kakud,vgl,kAkuda
pwg,69281,kakuppradAha,vgl,digdAha
pwg,69283,kakuBa,vgl,kAkuBa
pwg,69304,kaNkata,vgl,prakaNkata
pwg,69305,kaNkatrowa,vgl,trowi
pwg,69324,kacurAya,vgl,kacvIvana
pwg,69325,kaceSvara,vgl,kacCeSvara
pwg,69326,kacCa,vgl,Bfgu˚
pwg,69326,kacCa,vgl,maru˚
pwg,69326,kacCa,vgl,mahA˚
pwg,69326,kacCa,vgl,mukta˚
pwg,69329,kacCapa,vgl,mahA˚
pwg,69329,kacCapa,vgl,mAMsa˚
pwg,69332,kacCapikA,vgl,kara˚
pwg,69332,kacCapikA,vgl,pARi˚
pwg,69333,kacCapuwa,vgl,kakzapuwa
pwg,69333,kacCapuwa,vgl,kAcCika
pwg,69337,kacvIvana,vgl,kacurAya
pwg,69350,kawaka,vgl,pAdakawaka
pwg,69351,kawakawa,vgl,kalakala
pwg,69352,kawakawA,vgl,kiwakiwAy
pwg,69359,kawaBI,vgl,mahAwikawaBI
pwg,69359,kawaBI,vgl,mahAlikawaBI
pwg,69365,kawAkzip,vgl,kawAkzepa
pwg,69401,kaWura,vgl,kaWora
pwg,69425,kaRwa,vgl,tri˚
pwg,69425,kaRwa,vgl,Badra˚
pwg,69425,kaRwa,vgl,Buja˚
pwg,69425,kaRwa,vgl,bahukaRwA
pwg,69426,kaRwaka,vgl,amara˚
pwg,69426,kaRwaka,vgl,nizkaRwaka
pwg,69426,kaRwaka,vgl,BUrja˚
pwg,69436,kaRwakI,vgl,kaRwakIdruma
pwg,69465,kaRqUla,vgl,kaRqUna
pwg,69470,kata,vgl,kati
pwg,69470,kata,vgl,kAtya
pwg,69470,kata,vgl,kOrukAtya
pwg,69470,kata,vgl,Akatya
pwg,69488,kaTay,vgl,parikaTA
pwg,69499,kaTAvaSeza,vgl,kaTAmAtra
pwg,69520,kadru,vgl,tEtilakadrU
pwg,69520,kadru,vgl,sOparRIkAdrava
pwg,69572,kanda,vgl,Ananda˚
pwg,69572,kanda,vgl,mahA˚
pwg,69572,kanda,vgl,rakta˚
pwg,69572,kanda,vgl,mAMsakandI
pwg,69573,kandara,vgl,suraBi˚
pwg,69576,kandala,vgl,rakta˚
pwg,69576,kandala,vgl,ratna˚
pwg,69576,kandala,vgl,hema˚
pwg,69609,kapAla,vgl,mahA˚
pwg,69619,kapi,vgl,mahA˚
pwg,69619,kapi,vgl,kApeya
pwg,69619,kapi,vgl,kApya
pwg,69624,kapitTa,vgl,mahA˚
pwg,69624,kapitTa,vgl,kApitTa
pwg,69624,kapitTa,vgl,kApitTaka
pwg,69624,kapitTa,vgl,kApitTikA
pwg,69642,kapivana,vgl,kApivana
pwg,69655,kapota,vgl,mahA˚
pwg,69677,kamaRqalu,vgl,kAmaRqaleya
pwg,69678,kamantaka,vgl,kAmanda
pwg,69678,kamantaka,vgl,kAmandaka
pwg,69678,kamantaka,vgl,kAmandaki
pwg,69686,kamalanABa,vgl,padmanABa
pwg,69687,kamalaBavana,vgl,kamalasaMBava
pwg,69687,kamalaBavana,vgl,padmaBava
pwg,69696,kamalAkara,vgl,dAna˚
pwg,69696,kamalAkara,vgl,pUrta˚
pwg,69703,kamalAsana,vgl,padmAsana
pwg,69709,kamuYjA,vgl,kapucCala
pwg,69709,kamuYjA,vgl,kapuzRikA
pwg,69712,kampana,vgl,Ka˚
pwg,69728,kayADu,vgl,kAyADava
pwg,69731,kar,vgl,nirupaskfta
pwg,69731,kar,vgl,parikara
pwg,69731,kar,vgl,parikartar
pwg,69731,kar,vgl,parikarman
pwg,69731,kar,vgl,viprakAra
pwg,69731,kar,vgl,kftapratikfta
pwg,69731,kar,vgl,pratikara
pwg,69731,kar,vgl,vikAra
pwg,69731,kar,vgl,saMskartar
pwg,69733,kar,vgl,prakara
pwg,69733,kar,vgl,prAkAra
pwg,69738,karakacCapikA,vgl,pARikacCapikA
pwg,69742,karaNka,vgl,jala˚
pwg,69753,karaRqaka,vgl,puzpakaraRqaka
pwg,69753,karaRqaka,vgl,Bramara˚
pwg,69753,karaRqaka,vgl,matsyakaraRqikA
pwg,69806,karImARa,vgl,kirImARa
pwg,69809,karIza,vgl,kArIza
pwg,69809,karIza,vgl,kArIzi
pwg,69814,karUza,vgl,nizkarUza
pwg,69833,karkari,vgl,GAwakarkarI
pwg,69837,karkowa,vgl,kArkowa
pwg,69838,karkowaka,vgl,kArkowaka
pwg,69856,karRaprADeya,vgl,karRaprAveya
pwg,69857,karRaprAvaraRa,vgl,prAvArakarRa
pwg,69858,karRaprAveya,vgl,karRaprADeya
pwg,69879,kart,vgl,cart
pwg,69888,kartfgupta,vgl,karmagupta
pwg,69888,kartfgupta,vgl,kriyAgupta
pwg,69892,kardama,vgl,kzAra˚
pwg,69892,kardama,vgl,deva˚
pwg,69892,kardama,vgl,yakza˚
pwg,69913,karmagupta,vgl,kartfgupta
pwg,69913,karmagupta,vgl,kriyAgupta
pwg,69940,karmahIna,vgl,karmASrita
pwg,69951,karvawa,vgl,paNka˚
pwg,69951,karvawa,vgl,kAvawa
pwg,69951,karvawa,vgl,Karvawa
pwg,69954,karSana,vgl,kArSana
pwg,69955,karz,vgl,nIkarzin
pwg,69962,karzU,vgl,nizAdakarzu
pwg,69964,kal,vgl,nizkAlana
pwg,69992,kalaSi,vgl,kAlaSeya
pwg,70004,kalA,vgl,mahA˚
pwg,70010,kalApa,vgl,keSa˚
pwg,70032,kaliNga,vgl,trikaliNga
pwg,70049,kalka,vgl,tila˚
pwg,70050,kalkana,vgl,ava˚
pwg,70050,kalkana,vgl,pari˚
pwg,70053,kalp,vgl,kzuraklapta
pwg,70053,kalp,vgl,parikalpanA
pwg,70054,kalpa,vgl,prati˚
pwg,70058,kalpataru,vgl,dAna˚
pwg,70058,kalpataru,vgl,vivAda˚
pwg,70083,kalmAza,vgl,kulmAza
pwg,70089,kalyARa,vgl,mahA˚
pwg,70113,kallola,vgl,graha˚
pwg,70116,kavaca,vgl,nArI˚
pwg,70132,kavi,vgl,kAvya
pwg,70146,kaviratnapuruzottamamiSra,vgl,puruzottamamiSra
pwg,70175,kazAku,vgl,kuzAku
pwg,70176,kazAya,vgl,nizkazAya
pwg,70181,kas,vgl,nizkAsa
pwg,70213,kAkavASin,vgl,kAkAkft
pwg,70216,kAkAkft,vgl,kAkavASin
pwg,70241,kAcCika,vgl,kacCapuwa
pwg,70269,kAReri,vgl,kanerin
pwg,70271,kARqa,vgl,Sara˚
pwg,70273,kARqafzi,vgl,kARqarzi
pwg,70297,kAdikramastuti,vgl,kAdimata
pwg,70298,kAdimata,vgl,kAdikramastuti
pwg,70318,kAndama,vgl,gAMdama
pwg,70381,kAmarUpanibanDa,vgl,kAmarUpIyanibanDa
pwg,70384,kAmarUpIya,vgl,kAmarUpanibanDa
pwg,70399,kAmAKyatantra,vgl,uttarakAmAKyAtantra
pwg,70510,kArzApaRa,vgl,mukuwe˚
pwg,70529,kAlakendra,vgl,kAlakeya
pwg,70539,kAlajYAna,vgl,bfhatkAlajYAna
pwg,70567,kAlavadana,vgl,kAlAsya
pwg,70599,kAlika,vgl,akAlika
pwg,70661,kASin,vgl,kfpaRa˚
pwg,70667,kASU,vgl,kAsU
pwg,70691,kAhala,vgl,pattrakAhalA
pwg,70761,kirImARa,vgl,karImARa
pwg,70790,kIra,vgl,paNka˚
pwg,70790,kIra,vgl,vAkkIra
pwg,70790,kIra,vgl,goRqakIrI
pwg,70790,kIra,vgl,rAmakIrI
pwg,70793,kIrti,vgl,duzkIrti
pwg,70803,kIla,vgl,arDa˚
pwg,70803,kIla,vgl,utkIla
pwg,70803,kIla,vgl,guda˚
pwg,70803,kIla,vgl,Darma˚
pwg,70803,kIla,vgl,narma˚
pwg,70803,kIla,vgl,nala˚
pwg,70803,kIla,vgl,rata˚
pwg,70803,kIla,vgl,pItakIlA
pwg,70804,kIlaka,vgl,ava˚
pwg,70804,kIlaka,vgl,DaraRI˚
pwg,70804,kIlaka,vgl,Darma˚
pwg,70804,kIlaka,vgl,nara˚
pwg,70804,kIlaka,vgl,yuga˚
pwg,70804,kIlaka,vgl,pAdakIlikA
pwg,70807,kISa,vgl,matta˚
pwg,70853,kuYcikA,vgl,keli˚
pwg,70858,kuwa,vgl,mAlAkuwadantI
pwg,70865,kuwi,vgl,kawakuwi
pwg,70865,kuwi,vgl,jaNgamakuwI
pwg,70865,kuwi,vgl,BramatkuwI
pwg,70876,kuwIcara,vgl,bahizkuwIcara
pwg,70886,kuwwaka,vgl,maRikuwwikA
pwg,70899,kuWAra,vgl,maNgalakuWAramiSra
pwg,70917,kuRWa,vgl,bAhu˚
pwg,70925,kuRqala,vgl,kanakakuRqalA
pwg,70960,kuTumi,vgl,kuWumi
pwg,70984,kuntala,vgl,nIlakuntalA
pwg,71061,kumuda,vgl,mahA˚
pwg,71072,kumBa,vgl,taptakumBa
pwg,71072,kumBa,vgl,pUrRa˚
pwg,71072,kumBa,vgl,Badra˚
pwg,71072,kumBa,vgl,vAta˚
pwg,71072,kumBa,vgl,Sata˚
pwg,71072,kumBa,vgl,BUkumBI
pwg,71078,kumBadAsa,vgl,kumBadAsI
pwg,71078,kumBadAsa,vgl,GawadAsI
pwg,71089,kumBodBava,vgl,kumBayoni
pwg,71089,kumBodBava,vgl,kumBasaMBava
pwg,71089,kumBodBava,vgl,GawodBava
pwg,71176,kulya,vgl,cakrakulyA
pwg,71222,kuzWa,vgl,mahAkuzWa
pwg,71226,kuzmARqa,vgl,BUkuzmARqI
pwg,71226,kuzmARqa,vgl,kOzmARqa
pwg,71245,kusfti,vgl,kOsftika
pwg,71278,kUpa,vgl,anDa˚
pwg,71278,kUpa,vgl,kaRWa˚
pwg,71278,kUpa,vgl,roma˚
pwg,71279,kUpaka,vgl,tundakUpikA
pwg,71279,kUpaka,vgl,dugDa˚
pwg,71286,kUra,vgl,danta˚
pwg,71286,kUra,vgl,dIrGakUraka
pwg,71287,kUrca,vgl,dayA˚
pwg,71287,kUrca,vgl,bahu˚
pwg,71287,kUrca,vgl,brahma˚
pwg,71296,kUrma,vgl,mahA˚
pwg,71308,kUlataRqula,vgl,kUlahaRqa
pwg,71316,kfkara,vgl,kfkala
pwg,71328,kftaka,vgl,putra˚
pwg,71349,kftasTalA,vgl,kratusTalA
pwg,71391,kfpARa,vgl,ajAkfpARIya
pwg,71394,kfpAnIla,vgl,kfpanILa
pwg,71398,kfmAvantu,vgl,kramavarta
pwg,71488,kekara,vgl,A˚
pwg,71494,ketaka,vgl,tfRaketakI
pwg,71498,ketu,vgl,tAla˚
pwg,71498,ketu,vgl,Dfzwa˚
pwg,71498,ketu,vgl,bahu˚
pwg,71498,ketu,vgl,makara˚
pwg,71523,keli,vgl,vAta˚
pwg,71523,keli,vgl,hema˚
pwg,71610,kokila,vgl,puMskokila
pwg,71626,kowi,vgl,nagarakowi
pwg,71648,koRa,vgl,Kara˚
pwg,71648,koRa,vgl,sUtra˚
pwg,71649,koRapa,vgl,kORapa
pwg,71670,kola,vgl,citra˚
pwg,71672,kolAkza,vgl,kolekzaRa
pwg,71680,kovidAra,vgl,kuddAra
pwg,71680,kovidAra,vgl,kuddAla
pwg,71680,kovidAra,vgl,bidala
pwg,71687,koSaPala,vgl,mahAkoSaPalA
pwg,71690,koSavAri,vgl,vArikoSa
pwg,71696,koSya,vgl,ni˚
pwg,71698,kozWa,vgl,praSnakozWI
pwg,71705,kosAra,vgl,kutsAra
pwg,71754,kOmAraparvata,vgl,kOmAra
pwg,71775,kOlavrata,vgl,kulavrata
pwg,71819,kOhala,vgl,kOhaqa
pwg,71825,kratujit,vgl,ftujit
pwg,71828,kratupuruza,vgl,yajYapuruza
pwg,71841,kram,vgl,triparikrAnta
pwg,71841,kram,vgl,prakrantar
pwg,71841,kram,vgl,saMkrama
pwg,71841,kram,vgl,pratisaMkrama
pwg,71842,krama,vgl,kaTA˚
pwg,71842,krama,vgl,mahA˚
pwg,71857,kramavarta,vgl,kfmAvantu
pwg,71863,kramastuti,vgl,kAdi˚
pwg,71877,krATana,vgl,kraTana
pwg,71879,krATeSvara,vgl,kroDeSvara
pwg,71901,krIq,vgl,prakrIqa
pwg,71902,krIqa,vgl,mARavaka˚
pwg,71902,krIqa,vgl,vapra˚
pwg,71903,krIqanaka,vgl,mARava˚
pwg,71949,krOYcavana,vgl,krOYcapura
pwg,71965,kleSa,vgl,dozAkleSI
pwg,71972,kvaha,vgl,kzitidina
pwg,71981,kzaRavfzwi,vgl,sadyovfzwi
pwg,72007,kzama,vgl,bahu˚
pwg,72022,kzayAha,vgl,tiTikzaya
pwg,72022,kzayAha,vgl,dinakzaya
pwg,72028,kzal,vgl,prakzAlaka
pwg,72040,kzAra,vgl,yava˚
pwg,72047,kzAlana,vgl,pAyukzAlanaBUmi
pwg,72049,kzi,vgl,prakzaya
pwg,72052,kziti,vgl,kzitinAga
pwg,72062,kzitidina,vgl,kvaha
pwg,72080,kzIRakarman,vgl,kzIRAzwakarman
pwg,72095,kzIrasvAmin,vgl,kzIra
pwg,72108,kzudratAta,vgl,kzullatAta
pwg,72110,kzudranAsika,vgl,naHkzudra
pwg,72140,kzetra,vgl,a˚
pwg,72140,kzetra,vgl,karma˚
pwg,72140,kzetra,vgl,raRa˚
pwg,72140,kzetra,vgl,sureSvarI˚
pwg,72224,KawakAmuKa,vgl,arAla˚
pwg,72251,KaRqaKAdya,vgl,KaRqana˚
pwg,72258,KaRqapraSasti,vgl,lakzmaRa˚
pwg,72266,KaRqin,vgl,KaRqana
pwg,72270,Kan,vgl,mUlotKAta
pwg,72271,Kanana,vgl,aDaH˚
pwg,72287,KaranarAya,vgl,BaganarAya
pwg,72293,KarjUra,vgl,piRqa˚
pwg,72293,KarjUra,vgl,BUKarjUra
pwg,72294,KarjUrikA,vgl,piRqa˚
pwg,72294,KarjUrikA,vgl,muni˚
pwg,72322,KAKasa,vgl,KasKasa
pwg,72322,KAKasa,vgl,Kasatila
pwg,72328,KARqika,vgl,KaRqika
pwg,72334,KAd,vgl,praKAda
pwg,72354,Kila,vgl,upa˚
pwg,72360,Kura,vgl,aSva˚
pwg,72363,KurAsARa,vgl,KurAsAna
pwg,72370,Kewa,vgl,Keqa
pwg,72381,Koraka,vgl,Kora
pwg,72384,KyA,vgl,apratiKyAta
pwg,72398,gaganAravinda,vgl,gagaRapuzpa
pwg,72401,gaNgadAsa,vgl,gaNgAdAsa
pwg,72415,gaNgAvataraRacampUprabanDa,vgl,gaNgAcampU
pwg,72452,gajAroha,vgl,hastyAroha
pwg,72462,gaqu,vgl,dorgaqu
pwg,72463,gaqqAlikA,vgl,gaqqArikA
pwg,72466,gaRaka,vgl,patti˚
pwg,72466,gaRaka,vgl,raTa˚
pwg,72499,gaRin,vgl,gARina
pwg,72505,gaRqa,vgl,CAttra˚
pwg,72505,gaRqa,vgl,pra˚
pwg,72505,gaRqa,vgl,SAstra˚
pwg,72506,gaRqaka,vgl,mantragaRqaka
pwg,72511,gaRqikA,vgl,puzpa˚
pwg,72534,gadADara,vgl,gAdADarI
pwg,72539,gadyAna,vgl,gadyARaka
pwg,72543,ganDa,vgl,durganDa
pwg,72543,ganDa,vgl,nirganDa
pwg,72543,ganDa,vgl,puRya˚
pwg,72543,ganDa,vgl,pUti˚
pwg,72543,ganDa,vgl,matsya˚
pwg,72543,ganDa,vgl,mahA˚
pwg,72543,ganDa,vgl,muKa˚
pwg,72543,ganDa,vgl,yojana˚
pwg,72543,ganDa,vgl,sa˚
pwg,72543,ganDa,vgl,su˚
pwg,72578,gam,vgl,avagati
pwg,72578,gam,vgl,cud
pwg,72581,gamana,vgl,aDo˚
pwg,72581,gamana,vgl,anta˚
pwg,72581,gamana,vgl,antarA˚
pwg,72581,gamana,vgl,asta˚
pwg,72581,gamana,vgl,saha˚
pwg,72584,gaya,vgl,mahAgaya
pwg,72585,gayadAsa,vgl,gayAdAsf
pwg,72591,gar,vgl,jAgara
pwg,72601,garuqamARikya,vgl,tArkzyaratna
pwg,72614,garta,vgl,maYju˚
pwg,72614,garta,vgl,mahA˚
pwg,72622,gardA,vgl,galdA
pwg,72634,garBacewa,vgl,garBadAsa
pwg,72722,gAdADarI,vgl,AlokagAdADarI
pwg,72723,gADa,vgl,durgADa
pwg,72789,gItikA,vgl,daSa˚
pwg,72796,guAsIra,vgl,goAsAra
pwg,72798,gucCa,vgl,roma˚
pwg,72804,guqa,vgl,bahuguqA
pwg,72805,guqAlaka,vgl,guqAkeSa
pwg,72839,guRAtipAta,vgl,guRAtiSaya
pwg,72856,gup,vgl,jugupizu
pwg,72864,guptAvaDUta,vgl,vyaktAvaDUta
pwg,72899,gulma,vgl,jala˚
pwg,72899,gulma,vgl,nirgulma
pwg,72899,gulma,vgl,mahAgulmA
pwg,72899,gulma,vgl,vAtagulma
pwg,72899,gulma,vgl,vAyu˚
pwg,72907,guhA,vgl,mahAguha
pwg,72938,gfhakftya,vgl,awwapatiBAgAKya˚
pwg,72943,gfhabaBru,vgl,veSmanakula
pwg,72966,geya,vgl,prAtargeya
pwg,72975,goAsAra,vgl,guAsIra
pwg,72986,goKalya,vgl,gosvalu
pwg,72997,gocCA,vgl,goKA
pwg,73001,goRI,vgl,jAlagoRikA
pwg,73063,goBawwa,vgl,gopaBawwa
pwg,73152,gOra,vgl,mahAgOrI
pwg,73157,gOrava,vgl,nirgOrava
pwg,73178,granTi,vgl,keSa˚
pwg,73178,granTi,vgl,dAma˚
pwg,73189,grahadAya,vgl,AyurdAya
pwg,73229,grAhaka,vgl,garBagrAhikA
pwg,73232,grAhin,vgl,doza˚
pwg,73232,grAhin,vgl,pallava˚
pwg,73249,Gawa,vgl,Badra˚
pwg,73264,GawIcakra,vgl,GawIyantra
pwg,73271,GaRwa,vgl,kAlaGaRwayoga
pwg,73271,GaRwa,vgl,mahAGaRwI
pwg,73271,GaRwa,vgl,muKaGaRwA
pwg,73292,Gasmara,vgl,Bava˚
pwg,73303,GAsa,vgl,nija˚
pwg,73303,GAsa,vgl,mahA˚
pwg,73329,Gora,vgl,mahA˚
pwg,73352,cakra,vgl,dikcakra
pwg,73352,cakra,vgl,mahA˚
pwg,73352,cakra,vgl,mAtf˚
pwg,73352,cakra,vgl,hiraRya˚
pwg,73354,cakratIrTa,vgl,tIrTa
pwg,73367,cakravAta,vgl,pavanacakra
pwg,73386,cakzuHSravas,vgl,dfkSruti
pwg,73513,catvara,vgl,jala˚
pwg,73513,catvara,vgl,pAda˚
pwg,73520,candrakalA,vgl,SataSlokI˚
pwg,73594,capewa,vgl,durjanamuKacapewikA
pwg,73618,car,vgl,pratyuccAraRa
pwg,73618,car,vgl,pravicAra
pwg,73664,cala,vgl,puMScalI
pwg,73734,cAhava,vgl,cOhARa
pwg,73739,cikIrazA,vgl,jihIrazA
pwg,73746,cikKilla,vgl,ciKalla
pwg,73804,citraSAkapUpaBakzyavikArakriyA,vgl,citrApUpa
pwg,73820,citsuKa,vgl,cicCuka
pwg,73834,cidvftti,vgl,cittavftti
pwg,73871,cIra,vgl,kuSacIra
pwg,73887,cumb,vgl,paricumbana
pwg,73916,cetana,vgl,purucetana
pwg,73924,cela,vgl,pApacelI
pwg,73924,cela,vgl,pApacelikA
pwg,73948,codya,vgl,ku˚
pwg,73963,cOla,vgl,Ananda˚
pwg,73971,cyu,vgl,paricyuti
pwg,74046,CAndogya,vgl,CAndoga
pwg,74053,Cidra,vgl,mahACidrA
pwg,74067,Cedya,vgl,duHKacCedya
pwg,74105,jaNGa,vgl,tAlajaNGa
pwg,74105,jaNGa,vgl,dIrGa˚
pwg,74112,jawa,vgl,trijawa
pwg,74112,jawa,vgl,mahA˚
pwg,74180,jabA,vgl,java
pwg,74185,jamba,vgl,jambAla
pwg,74185,jamba,vgl,jAmba
pwg,74187,jambu,vgl,mahA˚
pwg,74194,jamBaga,vgl,jamBaka
pwg,74249,jaladAna,vgl,udakadAna
pwg,74259,jalapUruza,vgl,jalamAnuza
pwg,74264,jalamAnuza,vgl,jalapUruza
pwg,74265,jalayantra,vgl,toyayantra
pwg,74285,jalpa,vgl,bahu˚
pwg,74287,java,vgl,mahA˚
pwg,74296,jahallakzaRA,vgl,a˚
pwg,74314,jAtanazwa,vgl,jAtavinazwa
pwg,74314,jAtanazwa,vgl,dfzwanazwa
pwg,74340,jAni,vgl,jagatI˚
pwg,74346,jAbAla,vgl,mahA˚
pwg,74351,jAmunadeSa,vgl,yAmuna
pwg,74369,jAlagavAkza,vgl,gavAkzajAla
pwg,74371,jAlapAda,vgl,jalapAda
pwg,74420,jihIrazA,vgl,cikIrazA
pwg,74422,jihma,vgl,a˚
pwg,74422,jihma,vgl,vi˚
pwg,74483,juz,vgl,ftu˚
pwg,74491,jUmaranandin,vgl,jumara
pwg,74496,jejjawa,vgl,jEjjawa
pwg,74501,jEjjawa,vgl,jejjawa
pwg,74519,jYA,vgl,aBijYApaka
pwg,74519,jYA,vgl,pratyaBijYA
pwg,74519,jYA,vgl,parijYapti
pwg,74519,jYA,vgl,pratiprajYAti
pwg,74548,jYAnavarman,vgl,Badanta˚
pwg,74559,jYAnin,vgl,mahA˚
pwg,74579,jyoti,vgl,daSa˚
pwg,74579,jyoti,vgl,Sata˚
pwg,74654,wikkikA,vgl,wikA = tilaka
pwg,74669,woqarAnanda,vgl,toqarAnanda
pwg,74678,qambara,vgl,trElokya˚
pwg,74678,qambara,vgl,meGa˚
pwg,74703,qora,vgl,doraka
pwg,74729,taRqula,vgl,pattrataRqulI
pwg,74768,tattvArRava,vgl,kftya˚
pwg,74821,tantramantraprakASa,vgl,mantratantraprakASa
pwg,74825,tantravArttika,vgl,mImAMsA˚
pwg,74858,tabArisARu,vgl,tavArisARa
pwg,74858,tabArisARu,vgl,tAbarisARu
pwg,74862,tamas,vgl,mahA˚
pwg,74878,tarala,vgl,uttaralIkar
pwg,74881,taras,vgl,deva˚
pwg,74881,taras,vgl,yAvattarasam
pwg,74912,tarku,vgl,nizwarkya
pwg,74915,tarj,vgl,saMtarjana
pwg,74934,tavArisARa,vgl,tabArisARu
pwg,74956,tAna,vgl,mAMsa˚
pwg,74971,tAbarisARu,vgl,tabArisARu
pwg,74983,tAra,vgl,dustAra
pwg,74983,tAra,vgl,su˚
pwg,75000,tArkzyaratna,vgl,garuqamARikya
pwg,75000,tArkzyaratna,vgl,garuqASman
pwg,75014,tikta,vgl,pari˚
pwg,75014,tikta,vgl,mahA˚
pwg,75015,tiktaka,vgl,mahA˚
pwg,75024,tiTi,vgl,dustiTi
pwg,75024,tiTi,vgl,mahA˚
pwg,75058,tIkzRa,vgl,mahA˚
pwg,75060,tIkzRakarman,vgl,tIkzRavarman
pwg,75062,tIkzRavarman,vgl,tIkzRakarman
pwg,75079,tIvrasoma,vgl,tIvrasut
pwg,75082,tuNga,vgl,brahma˚
pwg,75082,tuNga,vgl,su˚
pwg,75093,tuRqika,vgl,BUmi˚
pwg,75110,turaganIlatAla,vgl,turagalIlaka
pwg,75112,turaSravas,vgl,toraSravas
pwg,75112,turaSravas,vgl,tOraSravasa
pwg,75113,turazka,vgl,turuzka
pwg,75127,tulyakulya,vgl,sakulya
pwg,75151,tUla,vgl,Basma˚
pwg,75151,tUla,vgl,sa˚
pwg,75185,tejasiMha,vgl,tejaHsiMha
pwg,75210,toqarAnanda,vgl,woqarAnanda
pwg,75218,tolakeSi,vgl,tOlakecin
pwg,75225,tOlakecin,vgl,tolakeSi
pwg,75256,trikakud,vgl,mahA˚
pwg,75257,trikakuB,vgl,mahA˚
pwg,75266,trikoRa,vgl,mUla˚
pwg,75273,trigUQa,vgl,dvigUQa
pwg,75277,triRava,vgl,trinavaha
pwg,75289,trinavaha,vgl,triRava
pwg,75292,tripatAka,vgl,patAka
pwg,75321,trimUQaka,vgl,trigUQa
pwg,75321,trimUQaka,vgl,trigUQaka
pwg,75398,trowaka,vgl,towaka
pwg,75416,tvar,vgl,pratUrti
pwg,75420,tvAzwra,vgl,antatvAzwrI
pwg,75424,tsaruka,vgl,tsAruka
pwg,75432,daMzwra,vgl,mahA˚
pwg,75447,dakziREs,vgl,uccEs
pwg,75447,dakziREs,vgl,nIcEs
pwg,75465,daRqApUpa,vgl,daRqApUpikA
pwg,75469,daRqimuRqa,vgl,muRqISvaratIrTa
pwg,75495,daPArabAhlIka,vgl,duPAra
pwg,75498,dama,vgl,durdama
pwg,75498,dama,vgl,baliMdama
pwg,75498,dama,vgl,sudama
pwg,75505,damBa,vgl,mahA˚
pwg,75517,dara,vgl,BagaMdara
pwg,75519,daridra,vgl,mahA˚
pwg,75542,dalana,vgl,mAMsa˚
pwg,75584,dA,vgl,paridA
pwg,75642,dAraRa,vgl,pAzARa˚
pwg,75642,dAraRa,vgl,Bujaga˚
pwg,75661,dAvadahana,vgl,davadahana
pwg,75714,dinakaroddyota,vgl,divAkaroddyota
pwg,75729,dinnasUri,vgl,indra˚
pwg,75731,div,vgl,daSadyu
pwg,75735,divasatiTi,vgl,rAtritiTi
pwg,75740,divAkaroddyota,vgl,dinakaroddyota
pwg,75742,divAkIrtya,vgl,mahA˚
pwg,75763,divyOGa,vgl,mAnavOGa
pwg,75783,dIpamAlikotsava,vgl,dIpotsava
pwg,75825,duddoli,vgl,dolA
pwg,75883,durga,vgl,mahA˚
pwg,75898,durgraha,vgl,durAgraha
pwg,75898,durgraha,vgl,asadgraha
pwg,76014,duzwalANgala,vgl,lANgala
pwg,76044,dUzaka,vgl,muKadUzikA
pwg,76045,dUzaRa,vgl,muKa˚
pwg,76050,dUzya,vgl,kalpa˚
pwg,76050,dUzya,vgl,tUza
pwg,76061,dfQamuzwi,vgl,badDamuzwi
pwg,76063,dfti,vgl,mahA˚
pwg,76105,devatAyana,vgl,dEvantyAyana
pwg,76182,deSawa,vgl,keSawa
pwg,76220,doraka,vgl,qora
pwg,76293,drapsa,vgl,puru˚
pwg,76301,dravIBAva,vgl,cittadravIBAvamaya
pwg,76318,drAvaRa,vgl,garBa˚
pwg,76324,druti,vgl,garBa˚
pwg,76325,druma,vgl,mahA˚
pwg,76328,druh,vgl,puru˚
pwg,76332,droRa,vgl,mahAdroRA
pwg,76332,droRa,vgl,˚droRI
pwg,76335,drohin,vgl,mitra˚
pwg,76355,dvAdaSAMSaka,vgl,navAMSa
pwg,76355,dvAdaSAMSaka,vgl,navAMSaka
pwg,76364,dvi,vgl,dvis
pwg,76396,dviviDA,vgl,triviDA
pwg,76402,dvis,vgl,dvi
pwg,76436,Danapati,vgl,mahA˚
pwg,76459,Danus,vgl,indra˚
pwg,76459,Danus,vgl,puzpa˚
pwg,76459,Danus,vgl,mahA˚
pwg,76459,Danus,vgl,surapati˚
pwg,76477,Daya,vgl,puzpaMDaya
pwg,76478,Dar,vgl,viDartar
pwg,76481,DaraRa,vgl,nikAma˚
pwg,76556,Davalay,vgl,Davalita
pwg,76568,DAtu,vgl,mahA˚
pwg,76588,DAman,vgl,uccErDAman
pwg,76607,DAv,vgl,pariDAvin
pwg,76619,DI,vgl,kfta˚
pwg,76619,DI,vgl,mahA˚
pwg,76636,Dur,vgl,saDur
pwg,76641,DUpana,vgl,DUmana
pwg,76649,DUmana,vgl,DUpana
pwg,76669,Dfk,vgl,sUtraDfk
pwg,76672,Dfti,vgl,garBa˚
pwg,76672,Dfti,vgl,mahA˚
pwg,76696,Dra,vgl,pfzaDra
pwg,76714,Dvajavfkza,vgl,Dvaja
pwg,76717,Dvani,vgl,prati˚
pwg,76717,Dvani,vgl,mahA˚
pwg,76752,naganimnagA,vgl,nagApagA
pwg,76771,nawa,vgl,mahA˚
pwg,76777,nada,vgl,paYcanada
pwg,76777,nada,vgl,mahA˚
pwg,76777,nada,vgl,giriRadI
pwg,76777,nada,vgl,girinadI
pwg,76777,nada,vgl,deva˚
pwg,76777,nada,vgl,dyu˚
pwg,76777,nada,vgl,naga˚
pwg,76777,nada,vgl,mahA˚
pwg,76777,nada,vgl,svarRadI
pwg,76777,nada,vgl,svarnadI
pwg,76813,namana,vgl,nf˚
pwg,76833,naraka,vgl,mahA˚
pwg,76849,nart,vgl,pranftya
pwg,76862,nala,vgl,mahA˚
pwg,76867,nalinanABa,vgl,padmanABa
pwg,76911,nasya,vgl,pUti˚
pwg,76922,nAga,vgl,mahA˚
pwg,76930,nAgabanDa,vgl,nAgapASa
pwg,76949,nAwaka,vgl,mahA˚
pwg,76958,nAqikA,vgl,vi˚
pwg,76960,nAqikAvftta,vgl,nAqIvalaya
pwg,76961,nAqI,vgl,mahA˚
pwg,76973,nAda,vgl,mahA˚
pwg,76974,nAdin,vgl,meGa˚
pwg,77007,nAya,vgl,puruza˚
pwg,77035,nAla,vgl,brahma˚
pwg,77039,nAlikA,vgl,madana˚
pwg,77090,nigaraRa,vgl,nigiraRa
pwg,77104,nij,vgl,avaneja
pwg,77104,nij,vgl,avanejana
pwg,77106,niwAla,vgl,niwila
pwg,77124,nidrA,vgl,mahA˚
pwg,77138,nindopamA,vgl,praSaMsopamA
pwg,77160,nimna,vgl,pari˚
pwg,77162,nimba,vgl,mahA˚
pwg,77171,niyAma,vgl,niyama
pwg,77173,niyAmakatA,vgl,Darma˚
pwg,77223,nirasana,vgl,miTyA˚
pwg,77257,nirIkzaka,vgl,muKa˚
pwg,77258,nirIkzaRa,vgl,durnirIkzaRa
pwg,77260,nirISvara,vgl,seSvarasAMKya
pwg,77263,nirukti,vgl,avimukta˚
pwg,77331,nirbADa,vgl,nErbADya
pwg,77333,nirbADya,vgl,nErbADya
pwg,77342,nirBAsana,vgl,nirBAsa
pwg,77378,nirvahaRa,vgl,upasaMhfti
pwg,77381,nirvARa,vgl,para˚
pwg,77381,nirvARa,vgl,mahA˚
pwg,77408,nirvfti,vgl,pari˚
pwg,77458,niSITa,vgl,mahA˚
pwg,77543,nisandi,vgl,nisunda
pwg,77555,nispanda,vgl,niHspanda
pwg,77582,nI,vgl,pratyAnayana
pwg,77582,nI,vgl,pratyAneya
pwg,77593,nIra,vgl,kacCa˚
pwg,77603,nIla,vgl,mahA˚
pwg,77605,nIlagiri,vgl,nIlAdri
pwg,77629,nftya,vgl,mahA˚
pwg,77638,nfmRa,vgl,aBi˚
pwg,77638,nfmRa,vgl,puru˚
pwg,77642,nfzaqgu,vgl,uzadgu
pwg,77642,nfzaqgu,vgl,fzyaNgu
pwg,77654,netar,vgl,BU˚
pwg,77656,netra,vgl,puzpa˚
pwg,77662,nemi,vgl,arRava˚
pwg,77663,nemicaritra,vgl,nemirAjarzicaritra
pwg,77665,nemirAjarzicaritra,vgl,nemicaritra
pwg,77716,nyagroDaka,vgl,nyagroDa
pwg,77720,nyAya,vgl,mahA˚
pwg,77804,paNka,vgl,mahA˚
pwg,77809,paNkti,vgl,mahA˚
pwg,77846,paYcarAtra,vgl,kapila˚
pwg,77846,paYcarAtra,vgl,mahAkapila˚
pwg,77878,pawa,vgl,marutpawa
pwg,77878,pawa,vgl,vAtapawa
pwg,77892,paW,vgl,paripAWa
pwg,77902,paRqita,vgl,mahA˚
pwg,77908,pat,vgl,aBipAtin
pwg,77908,pat,vgl,utpitsu
pwg,77920,patimatI,vgl,pativatI
pwg,77938,patyekadevatA,vgl,patidevatA
pwg,77943,pad,vgl,prapAda
pwg,77943,pad,vgl,prapAduka
pwg,77974,padAvftti,vgl,arTAvftti
pwg,77977,padma,vgl,mahA˚
pwg,78012,padya,vgl,mahA˚
pwg,78013,padyamaya,vgl,gadyapadyamaya
pwg,78028,parauzRih,vgl,parozRih
pwg,78029,parakAyapraveSana,vgl,paraSarIrAveSa
pwg,78090,parahaMsa,vgl,pArahaMsya
pwg,78235,pariSudDi,vgl,tattva˚
pwg,78335,pavanacakra,vgl,cakravAta
pwg,78350,paSu,vgl,mahA˚
pwg,78379,pAkala,vgl,utpatyapAkalA
pwg,78421,pAta,vgl,mUrDa˚
pwg,78435,pAtra,vgl,mahA˚
pwg,78466,pAnAtyaya,vgl,madAtyaya
pwg,78469,pApa,vgl,mahA˚
pwg,78475,pApapurI,vgl,pApApurI
pwg,78485,pArajAyin,vgl,pAradArin
pwg,78604,piRqaka,vgl,mAlya˚
pwg,78628,pittala,vgl,muni˚
pwg,78628,pittala,vgl,pEttala
pwg,78665,pIlu,vgl,bfhat˚
pwg,78665,pIlu,vgl,mahA˚
pwg,78679,puYjikasTalI,vgl,˚sTalA
pwg,78686,puRya,vgl,mahA˚
pwg,78702,putrapriya,vgl,priyaputra
pwg,78757,puruRqa,vgl,guruRqa
pwg,78757,puruRqa,vgl,muruRqa
pwg,78757,puruRqa,vgl,maruRqa
pwg,78761,puruza,vgl,mahA˚
pwg,78835,pustaka,vgl,prati˚
pwg,78841,pUjyapAda,vgl,pUrvapAda
pwg,78842,pUtana,vgl,pUtanA
pwg,78848,pUra,vgl,maRipUra
pwg,78852,pUrRa,vgl,mahA˚
pwg,78944,pewa,vgl,peqA
pwg,78958,pENgya,vgl,mahA˚
pwg,78961,pEWInasi,vgl,mahA˚
pwg,79048,prakzAla,vgl,sadyaHprakzAlaka
pwg,79052,pragamana,vgl,pragayaRa
pwg,79052,pragamana,vgl,pragama
pwg,79073,pracalAkin,vgl,pravalAkin
pwg,79074,pracAra,vgl,kOmudI˚
pwg,79116,pratara,vgl,prAtarIya
pwg,79145,pratiNgirA,vgl,pratyaNgirA
pwg,79189,pratiBAna,vgl,mahA˚
pwg,79232,pratiSAKA,vgl,pratimAtrA
pwg,79262,pratisvam,vgl,prAtisvika
pwg,79351,prabanDa,vgl,Boja˚
pwg,79359,praboDin,vgl,kAla˚
pwg,79382,pramattaSramaRa,vgl,apramatta
pwg,79401,pramitAkzarA,vgl,mitAkzarA
pwg,79441,pralaya,vgl,mahA˚
pwg,79449,pravaRa,vgl,plavana
pwg,79455,pravartaka,vgl,pravfttaka
pwg,79455,pravartaka,vgl,prAvartaka
pwg,79487,praSasti,vgl,KaRqa˚
pwg,79487,praSasti,vgl,gOqorvISakula˚
pwg,79487,praSasti,vgl,Canda˚
pwg,79509,prasava,vgl,meGa˚
pwg,79509,prasava,vgl,mOktikaprasavA
pwg,79516,prasAra,vgl,keSa˚
pwg,79540,praharaka,vgl,arDapraharikA
pwg,79558,prAkArakarRa,vgl,prAvArakarRa
pwg,79594,prARa,vgl,yaTAprARam
pwg,79685,priyaputra,vgl,putrapriya
pwg,79733,plava,vgl,marutplava
pwg,79763,PARita,vgl,aDi˚
pwg,79778,baka,vgl,gobaka
pwg,79809,bawu,vgl,cAwuvawu
pwg,79809,bawu,vgl,nawavawu
pwg,79809,bawu,vgl,mAyAvawu
pwg,79810,bawuka,vgl,puzpavawuka
pwg,79824,banD,vgl,upanibanDana
pwg,79827,banDana,vgl,gIta˚
pwg,79827,banDana,vgl,prema˚
pwg,79835,banDura,vgl,vanDura
pwg,79837,banDula,vgl,banDura
pwg,79839,banDUra,vgl,banDura
pwg,79844,barbaraka,vgl,kfzRavarvaraka
pwg,79852,barh,vgl,upabfMhaRa
pwg,79854,barhicitraka,vgl,mayUracitraka
pwg,79877,basta,vgl,balAsa˚
pwg,79891,bahuputrikA,vgl,bahupattrikA
pwg,79919,bAlAhaka,vgl,balAhaka
pwg,79942,biqAlavratika,vgl,bEqAlavratika
pwg,79958,budDi,vgl,mahA˚
pwg,79988,boDa,vgl,mugDa˚
pwg,79988,boDa,vgl,su˚
pwg,80002,brahma,vgl,mahA˚
pwg,80047,Bakzaka,vgl,uzwraBakzikA
pwg,80061,BagnaprakramatA,vgl,Bagnaprakrama
pwg,80066,BaNgura,vgl,mftyuBaNguraka
pwg,80113,Bartfhari,vgl,hari
pwg,80240,BUmitra,vgl,BUmimitra
pwg,80253,BfNga,vgl,mahA˚
pwg,80297,makaranda,vgl,mAkaranda
pwg,80330,maRqalika,vgl,mahA˚
pwg,80332,maRqUka,vgl,mahA˚
pwg,80348,maTana,vgl,keSamaTanI
pwg,80354,mad,vgl,pramattaSramaRa
pwg,80355,mada,vgl,mahAmada
pwg,80408,maDyAhna,vgl,mADyAhnika
pwg,80449,manTara,vgl,mAnTarya
pwg,80471,mayUracitraka,vgl,barhicitraka
pwg,80478,maru,vgl,mfnmaru
pwg,80480,maruRqa,vgl,guruRqa
pwg,80480,maruRqa,vgl,puruRqa
pwg,80483,marutpawa,vgl,vAtapawa
pwg,80531,mahAcitta,vgl,mAhAcitti
pwg,80632,mAnasajanman,vgl,manoBava
pwg,80641,mAya,vgl,asuramAyA
pwg,80713,muracIpattana,vgl,marucIpawwana
pwg,80736,mUzikavizARa,vgl,SaSavizARa
pwg,80801,ya,vgl,yatama
pwg,80801,ya,vgl,yatara
pwg,80801,ya,vgl,yatas
pwg,80806,yakft,vgl,yAkftka
pwg,80812,yakflloma,vgl,yAkflloma
pwg,80813,yakz,vgl,prayakza
pwg,80814,yakza,vgl,pUrva˚
pwg,80814,yakza,vgl,mahA˚
pwg,80855,yakzma,vgl,a˚
pwg,80855,yakzma,vgl,ajYAta˚
pwg,80855,yakzma,vgl,pApa˚
pwg,80855,yakzma,vgl,rAja˚
pwg,80859,yakzman,vgl,pApa˚
pwg,80859,yakzman,vgl,rAja˚
pwg,80867,yaj,vgl,anu yAga
pwg,80867,yaj,vgl,anuyAja
pwg,80867,yaj,vgl,avayajana
pwg,80867,yaj,vgl,avayAj
pwg,80867,yaj,vgl,avezwi
pwg,80867,yaj,vgl,Ayaji
pwg,80867,yaj,vgl,upayaj
pwg,80867,yaj,vgl,upayazwar
pwg,80867,yaj,vgl,upayAja
pwg,80867,yaj,vgl,prayaj
pwg,80867,yaj,vgl,saMyAja
pwg,80867,yaj,vgl,saMyAjya
pwg,80867,yaj,vgl,samizwayajus
pwg,80874,yajana,vgl,deva˚
pwg,80877,yajamAna,vgl,yAjamAna
pwg,80886,yajizWa,vgl,yajIyaMs
pwg,80891,yajurlakzmI,vgl,lakzmIyajus
pwg,80910,yajus,vgl,izwa˚
pwg,80910,yajus,vgl,dvi˚
pwg,80910,yajus,vgl,samizwa˚
pwg,80910,yajus,vgl,stamba˚
pwg,80913,yajYa,vgl,a˚
pwg,80913,yajYa,vgl,aDi˚
pwg,80913,yajYa,vgl,fzi˚
pwg,80913,yajYa,vgl,go˚
pwg,80913,yajYa,vgl,graha˚
pwg,80913,yajYa,vgl,japa˚
pwg,80913,yajYa,vgl,deva˚
pwg,80913,yajYa,vgl,nAma˚
pwg,80913,yajYa,vgl,nf˚
pwg,80913,yajYa,vgl,pari˚
pwg,80913,yajYa,vgl,paSu˚
pwg,80913,yajYa,vgl,pAka˚
pwg,80913,yajYa,vgl,pitf˚
pwg,80913,yajYa,vgl,punaryajYa
pwg,80913,yajYa,vgl,praTama˚
pwg,80913,yajYa,vgl,bIja˚
pwg,80913,yajYa,vgl,brahma˚
pwg,80913,yajYa,vgl,brAhmaRa˚
pwg,80913,yajYa,vgl,Bartf˚
pwg,80913,yajYa,vgl,BUta˚
pwg,80913,yajYa,vgl,manuzya˚
pwg,80913,yajYa,vgl,mahA˚
pwg,80913,yajYa,vgl,mAtf˚
pwg,80913,yajYa,vgl,mitra˚
pwg,80913,yajYa,vgl,rAja˚
pwg,80913,yajYa,vgl,viDi˚
pwg,80913,yajYa,vgl,veda˚
pwg,80913,yajYa,vgl,yAjYAyani
pwg,80913,yajYa,vgl,yAjYika
pwg,80927,yajYakratu,vgl,Ahfta˚
pwg,80939,yajYadatta,vgl,yAjYadatti
pwg,80952,yajYapati,vgl,yAjYapata
pwg,80983,yajYamaya,vgl,vedayajYamaya
pwg,80987,yajYamus,vgl,izwimuz
pwg,80993,yajYarasa,vgl,yajYaretas
pwg,80996,yajYaretas,vgl,yajYarasa
pwg,81002,yajYavarAha,vgl,yajYasUkara
pwg,81043,yajYasena,vgl,yAjYasena
pwg,81043,yajYasena,vgl,yAjYaseni
pwg,81071,yajYika,vgl,pEtf˚
pwg,81074,yajYiya,vgl,a˚
pwg,81074,yajYiya,vgl,pUga˚
pwg,81089,yajya,vgl,ijya
pwg,81089,yajya,vgl,yAjya
pwg,81090,yajyu,vgl,a˚
pwg,81091,yajvan,vgl,a˚
pwg,81091,yajvan,vgl,aByarDa˚
pwg,81091,yajvan,vgl,astfta˚
pwg,81091,yajvan,vgl,devarAja˚
pwg,81091,yajvan,vgl,pfzWa˚
pwg,81091,yajvan,vgl,bahu˚
pwg,81092,yajvin,vgl,ku˚
pwg,81094,yat,vgl,Ayatana
pwg,81094,yat,vgl,Ayatti
pwg,81094,yat,vgl,niryAtaka
pwg,81094,yat,vgl,pratiniryAtana
pwg,81094,yat,vgl,prayatitavya
pwg,81094,yat,vgl,pratiyAtana
pwg,81094,yat,vgl,asaMyatta
pwg,81105,yatavAc,vgl,vAgyata
pwg,81109,yatasruc,vgl,udyatasruc
pwg,81113,yati,vgl,parAyati
pwg,81114,yaticAndrAyaRa,vgl,yatisAMtapana
pwg,81126,yatisAMtapana,vgl,yaticAndrAyaRa
pwg,81129,yatukA,vgl,jatukA
pwg,81142,yatna,vgl,a˚
pwg,81142,yatna,vgl,niryatna
pwg,81142,yatna,vgl,pra˚
pwg,81142,yatna,vgl,prati˚
pwg,81142,yatna,vgl,sa˚
pwg,81153,yatrasAyaMgfha,vgl,sAyaMgfha
pwg,81157,yaTafzi,vgl,yaTarzi
pwg,81163,yaTAkanizWam,vgl,yaTAjyezWam
pwg,81164,yaTAkartavya,vgl,yaTAkArya
pwg,81208,yaTAjAta,vgl,yaTAgata
pwg,81214,yaTAjyezWam,vgl,yaTAkanizWam
pwg,81216,yaTAtaTam,vgl,a˚
pwg,81216,yaTAtaTam,vgl,yATataTya
pwg,81258,yaTApuram,vgl,a˚
pwg,81313,yaTAyaTam,vgl,a˚
pwg,81444,yaTodgata,vgl,yaTAgata
pwg,81467,yadAvAjadAvarya,vgl,vAjadAvarya
pwg,81471,yadu,vgl,yAdava
pwg,81471,yadu,vgl,yAdva
pwg,81491,yantra,vgl,a˚
pwg,81491,yantra,vgl,kUwa˚
pwg,81491,yantra,vgl,keSa˚
pwg,81491,yantra,vgl,gfha˚
pwg,81491,yantra,vgl,gola˚
pwg,81492,yantraka,vgl,jala˚
pwg,81498,yantraRa,vgl,jaWarayantraRA
pwg,81498,yantraRa,vgl,niryantraRa
pwg,81498,yantraRa,vgl,muKayantraRa
pwg,81508,yantray,vgl,niyantraRa
pwg,81512,yantrasUtra,vgl,sUtrayantra
pwg,81526,yam,vgl,anAyata
pwg,81526,yam,vgl,Ayati
pwg,81526,yam,vgl,Ayantar
pwg,81526,yam,vgl,aByAyaMsenya
pwg,81526,yam,vgl,vyAyAma
pwg,81526,yam,vgl,udyati
pwg,81526,yam,vgl,udyantar
pwg,81526,yam,vgl,pratyudyama
pwg,81526,yam,vgl,upayantar
pwg,81526,yam,vgl,upayama
pwg,81526,yam,vgl,aniyata
pwg,81526,yam,vgl,niyati
pwg,81526,yam,vgl,pratiniyama
pwg,81526,yam,vgl,viniyam
pwg,81526,yam,vgl,saMniyacCana
pwg,81526,yam,vgl,prayata
pwg,81526,yam,vgl,prayati
pwg,81526,yam,vgl,prayantar
pwg,81526,yam,vgl,prayAma
pwg,81526,yam,vgl,asaMyata
pwg,81526,yam,vgl,saMyama
pwg,81527,yama,vgl,prARa˚
pwg,81527,yama,vgl,vAcaM˚
pwg,81527,yama,vgl,su˚
pwg,81558,yamadvIpa,vgl,yavadvIpa
pwg,81592,yamasadana,vgl,yamasAdana
pwg,81607,yamAnikA,vgl,kzetra˚
pwg,81608,yamAnI,vgl,yavAnI
pwg,81611,yamAntaka,vgl,kAlAntaka
pwg,81628,yamunda,vgl,yAmundAyani
pwg,81659,yavadvIpa,vgl,yamadvIpa
pwg,81674,yavanAla,vgl,yAvanAla
pwg,81699,yavasa,vgl,A˚
pwg,81699,yavasa,vgl,su˚
pwg,81699,yavasa,vgl,sU˚
pwg,81712,yavAnI,vgl,yamAnI
pwg,81719,yavAsa,vgl,Danva˚
pwg,81725,yavizWa,vgl,yavIyaMs
pwg,81729,yavIyaMs,vgl,yavizWa
pwg,81749,yaSas,vgl,a˚
pwg,81749,yaSas,vgl,ati˚
pwg,81749,yaSas,vgl,apa˚
pwg,81749,yaSas,vgl,dIrGa˚
pwg,81749,yaSas,vgl,duryaSas
pwg,81749,yaSas,vgl,niryaSas
pwg,81749,yaSas,vgl,puzya˚
pwg,81749,yaSas,vgl,pfTu˚
pwg,81749,yaSas,vgl,brahma˚
pwg,81749,yaSas,vgl,Bawwa˚
pwg,81749,yaSas,vgl,mahA˚
pwg,81749,yaSas,vgl,yajYa˚
pwg,81749,yaSas,vgl,sva˚
pwg,81751,yaSasa,vgl,brahma˚
pwg,81751,yaSasa,vgl,yajYa˚
pwg,81751,yaSasa,vgl,hasti˚
pwg,81774,yaSoBadra,vgl,yASoBadra
pwg,81776,yaSomatI,vgl,yaSovatI
pwg,81789,yazwavya,vgl,su˚
pwg,81790,yazwi,vgl,ketu˚
pwg,81790,yazwi,vgl,ko˚
pwg,81790,yazwi,vgl,gAtra˚
pwg,81790,yazwi,vgl,cApa˚
pwg,81790,yazwi,vgl,tulA˚
pwg,81790,yazwi,vgl,tri˚
pwg,81790,yazwi,vgl,Druva˚
pwg,81790,yazwi,vgl,Dvaja˚
pwg,81790,yazwi,vgl,nAga˚
pwg,81790,yazwi,vgl,brahma˚
pwg,81790,yazwi,vgl,brAhmaRayazwI
pwg,81792,yazwika,vgl,ekayazwikA
pwg,81792,yazwika,vgl,nIla˚
pwg,81792,yazwika,vgl,brAhmaRa˚
pwg,81795,yazwinivAsa,vgl,vAsayazwi
pwg,81807,yas,vgl,AyAsa
pwg,81807,yas,vgl,AyAsin
pwg,81807,yas,vgl,prayAsa
pwg,81807,yas,vgl,prAyAsa
pwg,81807,yas,vgl,saMyAsa
pwg,81815,yA,vgl,yApaka
pwg,81815,yA,vgl,yiyAsu
pwg,81815,yA,vgl,yAyAvara
pwg,81815,yA,vgl,anuyA
pwg,81815,yA,vgl,anuyAtar
pwg,81815,yA,vgl,apayAtavya
pwg,81815,yA,vgl,aBiyAtar
pwg,81815,yA,vgl,avayA
pwg,81815,yA,vgl,avayAtar
pwg,81815,yA,vgl,AyAta
pwg,81815,yA,vgl,upAyAta
pwg,81815,yA,vgl,udyAna
pwg,81815,yA,vgl,pratyudyAtar
pwg,81815,yA,vgl,upayAna
pwg,81815,yA,vgl,upayAyin
pwg,81815,yA,vgl,niyayin
pwg,81815,yA,vgl,niyAna
pwg,81815,yA,vgl,niryA
pwg,81815,yA,vgl,niryApaRa
pwg,81815,yA,vgl,aBiniryARa
pwg,81815,yA,vgl,viniryARa
pwg,81815,yA,vgl,pariyARa
pwg,81815,yA,vgl,prayA
pwg,81815,yA,vgl,prayARi
pwg,81815,yA,vgl,aBiprayAyam
pwg,81815,yA,vgl,aBiprayAyin
pwg,81815,yA,vgl,pratiprayARa
pwg,81815,yA,vgl,pratiyAna
pwg,81815,yA,vgl,saMyAna
pwg,81815,yA,vgl,anusaMyAna
pwg,81822,yAga,vgl,gaRa˚
pwg,81822,yAga,vgl,graha˚
pwg,81822,yAga,vgl,brahma˚
pwg,81822,yAga,vgl,mAtf˚
pwg,81822,yAga,vgl,sattra˚
pwg,81822,yAga,vgl,soma˚
pwg,81827,yAc,vgl,aBiyAcana
pwg,81827,yAc,vgl,upayAcana
pwg,81827,yAc,vgl,upayAcita
pwg,81827,yAc,vgl,prayAcaka
pwg,81837,yAcCrezWa,vgl,yAvacCrezWa
pwg,81851,yAjin,vgl,Atma˚
pwg,81869,yAjYikadeva,vgl,devayAjYika
pwg,81879,yAt,vgl,yAcCrezWa
pwg,81879,yAt,vgl,yAdrADya
pwg,81886,yAtayAmatva,vgl,ayAtayAma
pwg,81897,yAti,vgl,ahaM˚
pwg,81899,yAtu,vgl,a˚
pwg,81899,yAtu,vgl,ulUka˚
pwg,81899,yAtu,vgl,koka˚
pwg,81899,yAtu,vgl,gfDra˚
pwg,81899,yAtu,vgl,deva˚
pwg,81899,yAtu,vgl,brahma˚
pwg,81899,yAtu,vgl,Sata˚
pwg,81899,yAtu,vgl,SuSulUka˚
pwg,81899,yAtu,vgl,Sva˚
pwg,81899,yAtu,vgl,suparRa˚
pwg,81914,yAtrA,vgl,gaNgA˚
pwg,81914,yAtrA,vgl,tIrTa˚
pwg,81916,yAtrAmahotsava,vgl,yAtrotsava
pwg,81917,yAtrika,vgl,prARayAtrika
pwg,81917,yAtrika,vgl,sidDiyAtrika
pwg,81917,yAtrika,vgl,yAtika
pwg,81917,yAtrika,vgl,yAtfka
pwg,81924,yATAkAmya,vgl,yaTAkAmya
pwg,81933,yAdava,vgl,yAdva
pwg,81938,yAdavAByudaya,vgl,yAdavodaya
pwg,81940,yAdavodaya,vgl,yAdavAByudaya
pwg,81952,yAna,vgl,agra˚
pwg,81952,yAna,vgl,aYjo˚
pwg,81952,yAna,vgl,go˚
pwg,81952,yAna,vgl,jala˚
pwg,81952,yAna,vgl,deva˚
pwg,81952,yAna,vgl,nara˚
pwg,81952,yAna,vgl,nArI˚
pwg,81952,yAna,vgl,nO˚
pwg,81957,yAnaBaNga,vgl,potaBaNga
pwg,81973,yAma,vgl,antaryAma
pwg,81975,yAma,vgl,aptoryAma
pwg,81975,yAma,vgl,kfzRa˚
pwg,81975,yAma,vgl,citra˚
pwg,81975,yAma,vgl,tri˚
pwg,81975,yAma,vgl,tveza˚
pwg,81975,yAma,vgl,daRqa˚
pwg,81975,yAma,vgl,paYca˚
pwg,81975,yAma,vgl,pfkza˚
pwg,81975,yAma,vgl,yAta˚
pwg,81983,yAman,vgl,aKidra˚
pwg,81983,yAman,vgl,anusra˚
pwg,81983,yAman,vgl,izwa˚
pwg,81983,yAman,vgl,usra˚
pwg,81983,yAman,vgl,duryAman
pwg,81983,yAman,vgl,dyutadyAman
pwg,81983,yAman,vgl,pfTu˚
pwg,81983,yAman,vgl,pravadyAman
pwg,81983,yAman,vgl,yAta˚
pwg,81983,yAman,vgl,su˚
pwg,81989,yAmaraTa,vgl,yamaraTa
pwg,81993,yAmavatI,vgl,yAminI
pwg,82026,yAyAta,vgl,apara˚
pwg,82026,yAyAta,vgl,pUrva˚
pwg,82028,yAyin,vgl,agra˚
pwg,82063,yAvadABUtasaMplavam,vgl,BUtasaMplava
pwg,82082,yAvana,vgl,SapaTa˚
pwg,82086,yAvant,vgl,tAvant
pwg,82094,yASu,vgl,a˚
pwg,82094,yASu,vgl,budbuda˚
pwg,82108,yu,vgl,ayuta
pwg,82108,yu,vgl,goyuta
pwg,82108,yu,vgl,yiyavizu
pwg,82108,yu,vgl,Ayavana
pwg,82108,yu,vgl,udyAva
pwg,82108,yu,vgl,niyava
pwg,82108,yu,vgl,niyut
pwg,82108,yu,vgl,prayuta
pwg,82108,yu,vgl,saMyAva
pwg,82109,yu,vgl,yavayAvan
pwg,82109,yu,vgl,prayotar
pwg,82127,yukti,vgl,arTa˚
pwg,82136,yuga,vgl,anuyugam
pwg,82136,yuga,vgl,IzAyuga
pwg,82139,yugaMDara,vgl,yOgaMDara
pwg,82139,yugaMDara,vgl,yOgaMDaraka
pwg,82139,yugaMDara,vgl,yOgaMDarAyaRa
pwg,82139,yugaMDara,vgl,yOgaMDari
pwg,82141,yugapattra,vgl,yugmapattra
pwg,82142,yugapad,vgl,yOgapadya
pwg,82151,yugavaratra,vgl,yOgavaratra
pwg,82167,yugma,vgl,nf˚
pwg,82180,yugya,vgl,dakziRA˚
pwg,82180,yugya,vgl,savyA˚
pwg,82185,yucC,vgl,aprayucCant
pwg,82186,yuj,vgl,anuyoktar
pwg,82186,yuj,vgl,samanuyojya
pwg,82186,yuj,vgl,aBiyugvan
pwg,82186,yuj,vgl,pratyaBiyoga
pwg,82186,yuj,vgl,Ayukta
pwg,82186,yuj,vgl,samAyoga
pwg,82186,yuj,vgl,udyoga
pwg,82186,yuj,vgl,upayoktavya
pwg,82186,yuj,vgl,niyukti
pwg,82186,yuj,vgl,niyoktar
pwg,82186,yuj,vgl,viniyoga
pwg,82186,yuj,vgl,saMniyoga
pwg,82186,yuj,vgl,niryoga
pwg,82186,yuj,vgl,prayukti
pwg,82186,yuj,vgl,prayuj
pwg,82186,yuj,vgl,prayoktar
pwg,82186,yuj,vgl,anuprayoga
pwg,82186,yuj,vgl,viprayoga
pwg,82186,yuj,vgl,saMprayoga
pwg,82186,yuj,vgl,pratiyoga
pwg,82186,yuj,vgl,pratiyojayitavya
pwg,82186,yuj,vgl,viyoga
pwg,82186,yuj,vgl,saMyukta
pwg,82187,yuj,vgl,a˚
pwg,82187,yuj,vgl,aruRa˚
pwg,82187,yuj,vgl,arSo˚
pwg,82187,yuj,vgl,aSva˚
pwg,82187,yuj,vgl,fta˚
pwg,82187,yuj,vgl,caturyuj
pwg,82203,yuti,vgl,ganDa˚
pwg,82203,yuti,vgl,graha˚
pwg,82203,yuti,vgl,yUti
pwg,82205,yudDa,vgl,kUwa˚
pwg,82205,yudDa,vgl,graha˚
pwg,82205,yudDa,vgl,dvaMdva˚
pwg,82205,yudDa,vgl,prati˚
pwg,82205,yudDa,vgl,bAhu˚
pwg,82227,yudDAji,vgl,raRAji
pwg,82233,yuD,vgl,AyuDa
pwg,82233,yuD,vgl,AyoDana
pwg,82233,yuD,vgl,niyutsA
pwg,82233,yuD,vgl,niyudDa
pwg,82233,yuD,vgl,prayuD
pwg,82233,yuD,vgl,pratiyodDar
pwg,82234,yuD,vgl,amitrA˚
pwg,82234,yuD,vgl,AyuryuD
pwg,82234,yuD,vgl,gozu˚
pwg,82234,yuD,vgl,puro˚
pwg,82234,yuD,vgl,vfzA˚
pwg,82242,yuDi,vgl,dfSaye
pwg,82242,yuDi,vgl,mahaye
pwg,82245,yuDizWira,vgl,yODizWira
pwg,82245,yuDizWira,vgl,yODizWiri
pwg,82250,yuDvan,vgl,rAja˚
pwg,82250,yuDvan,vgl,saha˚
pwg,82263,yuvaka,vgl,BUti˚
pwg,82276,yuvanASva,vgl,yOvanASva
pwg,82276,yuvanASva,vgl,yOvanASvi
pwg,82282,yuvayu,vgl,yuvAyu
pwg,82286,yuvarAjya,vgl,yOvarAjya
pwg,82294,yuvAyu,vgl,yuvayu
pwg,82303,yuzmAka,vgl,yuzmAkam
pwg,82311,yU,vgl,yUs
pwg,82315,yUti,vgl,goyUti
pwg,82315,yUti,vgl,yuti
pwg,82321,yUTapa,vgl,prati˚
pwg,82323,yUTapariBrazwa,vgl,yUTaBrazwa
pwg,82323,yUTapariBrazwa,vgl,yUTahata
pwg,82334,yUTya,vgl,sa˚
pwg,82358,yUz,vgl,jUz
pwg,82366,yez,vgl,yas
pwg,82366,yez,vgl,niryAsa
pwg,82375,yoga,vgl,apsu˚
pwg,82375,yoga,vgl,aSva˚
pwg,82375,yoga,vgl,indra˚
pwg,82375,yoga,vgl,kaTA˚
pwg,82403,yoganidrA,vgl,nidrAyoga
pwg,82406,yogaMDara,vgl,yOgaMDarAyaRa
pwg,82433,yogaraNga,vgl,yogAraNga
pwg,82455,yogaviBAga,vgl,pfTagyogakaraRa
pwg,82461,yogaSAyin,vgl,yoganidrA
pwg,82464,yogaSiKA,vgl,yogaSikzA
pwg,82497,yogin,vgl,kAla˚
pwg,82497,yogin,vgl,ku˚
pwg,82497,yogin,vgl,nakzatra˚
pwg,82513,yogeSvara,vgl,mahAyogeSvara
pwg,82519,yogya,vgl,yaTAyogyam
pwg,82523,yojana,vgl,agniyojana
pwg,82523,yojana,vgl,bahuyojanA
pwg,82523,yojana,vgl,BinnayojanI
pwg,82535,yowaka,vgl,yOw
pwg,82543,yoDana,vgl,duryoDana
pwg,82548,yoDin,vgl,agra˚
pwg,82548,yoDin,vgl,Agata˚
pwg,82548,yoDin,vgl,kUwa˚
pwg,82548,yoDin,vgl,garudyoDin
pwg,82548,yoDin,vgl,citra˚
pwg,82548,yoDin,vgl,dvaMdva˚
pwg,82548,yoDin,vgl,bAhu˚
pwg,82554,yoni,vgl,a˚
pwg,82554,yoni,vgl,ajina˚
pwg,82554,yoni,vgl,antya˚
pwg,82554,yoni,vgl,abja˚
pwg,82554,yoni,vgl,amBoja˚
pwg,82554,yoni,vgl,aSma˚
pwg,82554,yoni,vgl,eka˚
pwg,82554,yoni,vgl,karRa˚
pwg,82554,yoni,vgl,kumBa˚
pwg,82554,yoni,vgl,kfta˚
pwg,82554,yoni,vgl,kfzRa˚
pwg,82554,yoni,vgl,Gfta˚
pwg,82554,yoni,vgl,citta˚
pwg,82554,yoni,vgl,jagadyoni
pwg,82554,yoni,vgl,jIva˚
pwg,82554,yoni,vgl,tiryagyona
pwg,82554,yoni,vgl,tiryagyoni
pwg,82554,yoni,vgl,duryoni
pwg,82554,yoni,vgl,deva˚
pwg,82554,yoni,vgl,DUma˚
pwg,82561,yonin,vgl,nIca˚
pwg,82580,yozA,vgl,garBa˚
pwg,82580,yozA,vgl,deva˚
pwg,82581,yozit,vgl,kula˚
pwg,82581,yozit,vgl,dyu˚
pwg,82581,yozit,vgl,paRya˚
pwg,82581,yozit,vgl,vAra˚
pwg,82592,yOgaka,vgl,yOgika
pwg,82603,yOw,vgl,yowaka
pwg,82605,yOtaka,vgl,yOtuka
pwg,82612,yODAjaya,vgl,mahA˚
pwg,82626,yOvana,vgl,nitya˚
pwg,82641,yOziRya,vgl,yozan
pwg,82649,raMhas,vgl,ati˚
pwg,82649,raMhas,vgl,vAta˚
pwg,82652,rak,vgl,rag
pwg,82652,rak,vgl,raG
pwg,82652,rak,vgl,lak
pwg,82652,rak,vgl,lag
pwg,82657,rakta,vgl,jIva˚
pwg,82657,rakta,vgl,nAga˚
pwg,82657,rakta,vgl,pIta˚
pwg,82657,rakta,vgl,puzpa˚
pwg,82657,rakta,vgl,pUya˚
pwg,82657,rakta,vgl,Sveta˚
pwg,82696,raktatA,vgl,ati˚
pwg,82724,raktapAtA,vgl,raktapA
pwg,82732,raktapittahA,vgl,raktaGnI
pwg,82763,raktameha,vgl,SoRitameha
pwg,82832,raktArbuda,vgl,SoRitArbuda
pwg,82848,rakz,vgl,aBirakzitar
pwg,82848,rakz,vgl,Arakza
pwg,82848,rakz,vgl,parirakzaka
pwg,82848,rakz,vgl,prarakza
pwg,82848,rakz,vgl,saMrakzaRa
pwg,82849,rakz,vgl,go˚
pwg,82855,rakzaRa,vgl,agni˚
pwg,82855,rakzaRa,vgl,aNga˚
pwg,82855,rakzaRa,vgl,garBa˚
pwg,82855,rakzaRa,vgl,pAda˚
pwg,82855,rakzaRa,vgl,pfzWa˚
pwg,82864,rakzas,vgl,a˚
pwg,82864,rakzas,vgl,puruza˚
pwg,82864,rakzas,vgl,brahma˚
pwg,82864,rakzas,vgl,mahA˚
pwg,82864,rakzas,vgl,vi˚
pwg,82864,rakzas,vgl,saha˚
pwg,82864,rakzas,vgl,rAkzasa
pwg,82865,rakzas,vgl,rAkzasa
pwg,82891,rakzi,vgl,paTi˚
pwg,82891,rakzi,vgl,paSu˚
pwg,82891,rakzi,vgl,soma˚
pwg,82898,rakzin,vgl,AkASa˚
pwg,82898,rakzin,vgl,koSa˚
pwg,82898,rakzin,vgl,dvAra˚
pwg,82898,rakzin,vgl,nagara˚
pwg,82898,rakzin,vgl,nagarI˚
pwg,82898,rakzin,vgl,paSu˚
pwg,82898,rakzin,vgl,pura˚
pwg,82900,rakzoGna,vgl,rAkzoGna
pwg,82912,rakzya,vgl,go˚
pwg,82912,rakzya,vgl,dU˚
pwg,82913,raK,vgl,raNK
pwg,82913,raK,vgl,riK
pwg,82913,raK,vgl,riNK
pwg,82917,raGu,vgl,maderaGu
pwg,82939,raNka,vgl,jala˚
pwg,82939,raNka,vgl,matsya˚
pwg,82939,raNka,vgl,mIna˚
pwg,82939,raNka,vgl,raRa˚
pwg,82939,raNka,vgl,rADa˚
pwg,82940,raNku,vgl,jala˚
pwg,82940,raNku,vgl,rADa˚
pwg,82940,raNku,vgl,rANkava
pwg,82944,raNK,vgl,raK
pwg,82946,raNga,vgl,anaNga˚
pwg,82946,raNga,vgl,keli˚
pwg,82946,raNga,vgl,dIrGaraNgA
pwg,82946,raNga,vgl,dfQaraNgA
pwg,82946,raNga,vgl,nawaraNga
pwg,82946,raNga,vgl,nI˚
pwg,82946,raNga,vgl,pawwa˚
pwg,82946,raNga,vgl,patta˚
pwg,82946,raNga,vgl,pUrva˚
pwg,82946,raNga,vgl,matsya˚
pwg,82948,raNgakAzWa,vgl,pawwaraNga
pwg,83005,raj,vgl,anurakti
pwg,83005,raj,vgl,anurAga
pwg,83005,raj,vgl,anuraYjaka
pwg,83005,raj,vgl,aparAga
pwg,83005,raj,vgl,uparAga
pwg,83005,raj,vgl,uparaYjaka
pwg,83005,raj,vgl,virakti
pwg,83005,raj,vgl,virAga
pwg,83006,raja,vgl,agni˚
pwg,83006,raja,vgl,nI˚
pwg,83006,raja,vgl,BfNga˚
pwg,83006,raja,vgl,vi˚
pwg,83006,raja,vgl,sa˚
pwg,83010,rajata,vgl,mahA˚
pwg,83014,rajatanABa,vgl,rajatanABi
pwg,83026,rajani,vgl,naKarajanI
pwg,83038,rajanAya,vgl,raYjanIya
pwg,83044,rajas,vgl,a˚
pwg,83044,rajas,vgl,danta˚
pwg,83044,rajas,vgl,nI˚
pwg,83044,rajas,vgl,paro˚
pwg,83044,rajas,vgl,pAda˚
pwg,83044,rajas,vgl,puzpa˚
pwg,83044,rajas,vgl,BfNga˚
pwg,83044,rajas,vgl,mahI˚
pwg,83044,rajas,vgl,vi˚
pwg,83044,rajas,vgl,sa˚
pwg,83044,rajas,vgl,rAjasa
pwg,83051,rajastoka,vgl,rajaHputra
pwg,83068,rajobala,vgl,rajasvala
pwg,83075,rajju,vgl,paSu˚
pwg,83075,rajju,vgl,pAda˚
pwg,83075,rajju,vgl,pASa˚
pwg,83075,rajju,vgl,pUti˚
pwg,83075,rajju,vgl,bahI˚
pwg,83075,rajju,vgl,vAta˚
pwg,83076,rajjukaRWa,vgl,rAjjukaRWin
pwg,83077,rajjudAla,vgl,rAjjudAla
pwg,83079,rajjuBAra,vgl,rAjjuBArin
pwg,83087,raYjana,vgl,keSa˚
pwg,83088,raYjanaka,vgl,pawwa˚
pwg,83090,raYjanIya,vgl,rajanIya
pwg,83092,raw,vgl,Arawi
pwg,83096,raW,vgl,raw
pwg,83099,raRa,vgl,DI˚
pwg,83099,raRa,vgl,bfhadraRa
pwg,83099,raRa,vgl,mahA˚
pwg,83099,raRa,vgl,mahI˚
pwg,83099,raRa,vgl,sute˚
pwg,83110,raRatkAra,vgl,ran
pwg,83140,raRAji,vgl,yudDAji
pwg,83155,raRqa,vgl,jalaraRqa
pwg,83155,raRqa,vgl,trapAraRqA
pwg,83155,raRqa,vgl,ruRqa
pwg,83156,raRqaka,vgl,baRqa
pwg,83162,raRv,vgl,raRvita
pwg,83174,ratanArIca,vgl,ratanArAca
pwg,83199,ratinAga,vgl,ratipASa
pwg,83201,ratipASa,vgl,ratinAga
pwg,83228,ratna,vgl,DruvaratnA
pwg,83228,ratna,vgl,buDaratna
pwg,83228,ratna,vgl,maRi˚
pwg,83228,ratna,vgl,madana˚
pwg,83228,ratna,vgl,muktA˚
pwg,83228,ratna,vgl,mOktika˚
pwg,83228,ratna,vgl,vAja˚
pwg,83228,ratna,vgl,sadratna
pwg,83228,ratna,vgl,su˚
pwg,83239,ratnakoSa,vgl,nAwaka˚
pwg,83259,ratnadvIpa,vgl,maRidvIpa
pwg,83278,ratnamaya,vgl,sarva˚
pwg,83279,ratnamAlA,vgl,aDikaraRa˚
pwg,83279,ratnamAlA,vgl,aBiDAna˚
pwg,83279,ratnamAlA,vgl,jyotiza˚
pwg,83296,ratnavant,vgl,ratnAvatI
pwg,83326,ratnAvatI,vgl,ratnavant
pwg,83328,ratnAvalI,vgl,DAtu˚
pwg,83328,ratnAvalI,vgl,praSasti˚
pwg,83328,ratnAvalI,vgl,prasaNga˚
pwg,83328,ratnAvalI,vgl,Bakti˚
pwg,83328,ratnAvalI,vgl,BagavadBakti˚
pwg,83328,ratnAvalI,vgl,yoga˚
pwg,83328,ratnAvalI,vgl,Sabda˚
pwg,83340,raTa,vgl,araTa
pwg,83340,raTa,vgl,ati˚
pwg,83340,raTa,vgl,anu˚
pwg,83340,raTa,vgl,aSvaraTA
pwg,83340,raTa,vgl,kIrtiraTa
pwg,83340,raTa,vgl,kftti˚
pwg,83340,raTa,vgl,krama˚
pwg,83340,raTa,vgl,krIqA˚
pwg,83340,raTa,vgl,gI˚
pwg,83340,raTa,vgl,candra˚
pwg,83340,raTa,vgl,citra˚
pwg,83340,raTa,vgl,jaNGA˚
pwg,83340,raTa,vgl,jyotI˚
pwg,83340,raTa,vgl,tveza˚
pwg,83340,raTa,vgl,daSa˚
pwg,83340,raTa,vgl,daSapUrva˚
pwg,83340,raTa,vgl,dfQa˚
pwg,83340,raTa,vgl,deva˚
pwg,83340,raTa,vgl,pattra˚
pwg,83340,raTa,vgl,padraTa
pwg,83340,raTa,vgl,padma˚
pwg,83340,raTa,vgl,pAdaraTI
pwg,83340,raTa,vgl,pu ruraTa
pwg,83340,raTa,vgl,puro˚
pwg,83340,raTa,vgl,puzpa˚
pwg,83340,raTa,vgl,puzya˚
pwg,83340,raTa,vgl,praraTam
pwg,83340,raTa,vgl,pratiraTa
pwg,83340,raTa,vgl,priya˚
pwg,83340,raTa,vgl,bfhadraTa
pwg,83340,raTa,vgl,bahu˚
pwg,83340,raTa,vgl,brahma˚
pwg,83340,raTa,vgl,BagI˚
pwg,83340,raTa,vgl,Baje˚
pwg,83340,raTa,vgl,BaRqI˚
pwg,83340,raTa,vgl,BAnu˚
pwg,83340,raTa,vgl,BAvya˚
pwg,83340,raTa,vgl,BIma˚
pwg,83340,raTa,vgl,manuzya˚
pwg,83340,raTa,vgl,mano˚
pwg,83340,raTa,vgl,mayUra˚
pwg,83349,raTakAra,vgl,rATakArika
pwg,83349,raTakAra,vgl,rATakArya
pwg,83360,raTagaRaka,vgl,rATagaRaka
pwg,83361,raTagarBaka,vgl,raTArBaka
pwg,83374,raTajit,vgl,rATajiteya
pwg,83376,raTajYAna,vgl,raTavijYAna
pwg,83386,raTaMtara,vgl,aho˚
pwg,83389,raTapAda,vgl,raTacaraRa
pwg,83392,raTaprozWa,vgl,rATaprozWa
pwg,83393,raTapsA,vgl,raTaprA
pwg,83393,raTapsA,vgl,raTasTA
pwg,83393,raTapsA,vgl,raTasyA
pwg,83395,raTamahotsava,vgl,raTotsava
pwg,83396,raTamuKa,vgl,raTaSiras
pwg,83397,raTayA,vgl,raTayu
pwg,83401,raTayu,vgl,raTayA
pwg,83414,raTavijYAna,vgl,raTajYAna
pwg,83454,raTAraTi,vgl,kacAkaci
pwg,83454,raTAraTi,vgl,keSAkeSi
pwg,83454,raTAraTi,vgl,naKAnaKi
pwg,83457,raTArBaka,vgl,raTagarBaka
pwg,83473,raTItara,vgl,rATItara
pwg,83484,raTotsava,vgl,raTamahotsava
pwg,83492,raTya,vgl,anuraTyA
pwg,83492,raTya,vgl,pariraTya
pwg,83495,rada,vgl,cakra˚
pwg,83495,rada,vgl,jihvA˚
pwg,83495,rada,vgl,dvi˚
pwg,83495,rada,vgl,rasanA˚
pwg,83495,rada,vgl,vajra˚
pwg,83496,radacCada,vgl,dantacCada
pwg,83496,radacCada,vgl,daSanacCada
pwg,83496,radacCada,vgl,radanacCada
pwg,83507,raDra,vgl,araDra
pwg,83529,ranDra,vgl,karRa˚
pwg,83534,rap,vgl,lap
pwg,83535,rapas,vgl,a˚
pwg,83536,rapS,vgl,virapSa
pwg,83536,rapS,vgl,virapSin
pwg,83539,rapsudA,vgl,lapsuda
pwg,83540,raP,vgl,ramP
pwg,83540,raP,vgl,rePa
pwg,83542,raB,vgl,laB
pwg,83542,raB,vgl,AramBa
pwg,83542,raB,vgl,aByAramBa
pwg,83542,raB,vgl,prArabDi
pwg,83542,raB,vgl,samAraBya
pwg,83542,raB,vgl,samAramBa
pwg,83542,raB,vgl,saMramBa
pwg,83542,raB,vgl,aBisaMramBa
pwg,83545,raBasa,vgl,go˚
pwg,83552,raBIyaMs,vgl,raByaMs
pwg,83556,ram,vgl,rata
pwg,83556,ram,vgl,rantavya
pwg,83556,ram,vgl,devarata
pwg,83556,ram,vgl,nirmARarata
pwg,83556,ram,vgl,mahIrata
pwg,83556,ram,vgl,surata
pwg,83556,ram,vgl,anurati
pwg,83556,ram,vgl,aBirati
pwg,83556,ram,vgl,aBirAma
pwg,83556,ram,vgl,avarati
pwg,83556,ram,vgl,Arati
pwg,83556,ram,vgl,AramaRa
pwg,83556,ram,vgl,ArAma
pwg,83556,ram,vgl,uparama
pwg,83556,ram,vgl,vyuparama
pwg,83556,ram,vgl,nirati
pwg,83556,ram,vgl,virati
pwg,83562,ramaRa,vgl,uzA˚
pwg,83562,ramaRa,vgl,para˚
pwg,83562,ramaRa,vgl,rajanI˚
pwg,83562,ramaRa,vgl,rati˚
pwg,83562,ramaRa,vgl,rasika˚
pwg,83562,ramaRa,vgl,rAkA˚
pwg,83565,ramaRIya,vgl,ramya
pwg,83583,ramP,vgl,raP
pwg,83583,ramP,vgl,rimP
pwg,83584,ramb,vgl,lamb
pwg,83587,ramB,vgl,lamB
pwg,83607,raya,vgl,payo˚
pwg,83607,raya,vgl,BUta˚
pwg,83611,rayi,vgl,bfhadrayi
pwg,83617,rayivant,vgl,revant
pwg,83635,rava,vgl,kawu˚
pwg,83635,rava,vgl,kaRWI˚
pwg,83635,rava,vgl,kala˚
pwg,83635,rava,vgl,GaRwA˚
pwg,83635,rava,vgl,caRqa˚
pwg,83635,rava,vgl,jana˚
pwg,83635,rava,vgl,tuvI˚
pwg,83635,rava,vgl,nI˚
pwg,83635,rava,vgl,BImavega˚
pwg,83635,rava,vgl,maGa˚
pwg,83635,rava,vgl,madanakAku˚
pwg,83635,rava,vgl,mahA˚
pwg,83677,raSanA,vgl,nIrasana
pwg,83685,raSmi,vgl,izwa˚
pwg,83685,raSmi,vgl,uzRa˚
pwg,83685,raSmi,vgl,fju˚
pwg,83685,raSmi,vgl,tigma˚
pwg,83685,raSmi,vgl,tuhina˚
pwg,83685,raSmi,vgl,pfTu˚
pwg,83685,raSmi,vgl,prAcIna˚
pwg,83685,raSmi,vgl,vi˚
pwg,83685,raSmi,vgl,vfza˚
pwg,83685,raSmi,vgl,SIta˚
pwg,83685,raSmi,vgl,sapta˚
pwg,83685,raSmi,vgl,su˚
pwg,83685,raSmi,vgl,syUma˚
pwg,83695,raSmimant,vgl,raSmivant
pwg,83700,raSmivant,vgl,raSmimant
pwg,83704,ras,vgl,rAs
pwg,83706,rasa,vgl,a˚
pwg,83706,rasa,vgl,anu˚
pwg,83706,rasa,vgl,anna˚
pwg,83706,rasa,vgl,amfta˚
pwg,83707,rasaka,vgl,tri˚
pwg,83717,rasaganDa,vgl,ganDarasa
pwg,83731,rasatanmAtra,vgl,rasamAtra
pwg,83744,rasana,vgl,raSanA
pwg,83746,rasanAyaka,vgl,rasarAja
pwg,83746,rasanAyaka,vgl,rasendra
pwg,83746,rasanAyaka,vgl,raseSvara
pwg,83766,rasamala,vgl,rasamUlA
pwg,83830,rasAyana,vgl,tAmra˚
pwg,83830,rasAyana,vgl,Bakti˚
pwg,83830,rasAyana,vgl,BagavadBakti˚
pwg,83830,rasAyana,vgl,yoga˚
pwg,83835,rasAla,vgl,badDa˚
pwg,83848,rasika,vgl,kAma˚
pwg,83848,rasika,vgl,mAyA˚
pwg,83848,rasika,vgl,SIta˚
pwg,83865,rasodBava,vgl,rasopala
pwg,83867,rasopala,vgl,rasodBava
pwg,83873,rah,vgl,viraha
pwg,83883,rahasya,vgl,deva˚
pwg,83883,rahasya,vgl,BAgavatalIlA˚
pwg,83883,rahasya,vgl,BAwwa˚
pwg,83883,rahasya,vgl,mantra˚
pwg,83883,rahasya,vgl,mahAvAkya˚
pwg,83909,rAkzasa,vgl,apetarAkzasI
pwg,83909,rAkzasa,vgl,apreta˚
pwg,83909,rAkzasa,vgl,jala˚
pwg,83909,rAkzasa,vgl,preta˚
pwg,83909,rAkzasa,vgl,brahmarAkzasa
pwg,83909,rAkzasa,vgl,Bfgu˚
pwg,83909,rAkzasa,vgl,mAnuza˚
pwg,83919,rAK,vgl,lAK
pwg,83920,rAga,vgl,aNgarAga
pwg,83955,rAgin,vgl,pAMsurAgiRI
pwg,83956,rAG,vgl,lAG
pwg,83977,rAj,vgl,virAj
pwg,83977,rAj,vgl,samrAj
pwg,83978,rAj,vgl,aNga˚
pwg,83978,rAj,vgl,aDi˚
pwg,83978,rAj,vgl,apna˚
pwg,83978,rAj,vgl,araRya˚
pwg,83978,rAj,vgl,indu˚
pwg,83978,rAj,vgl,uqu˚
pwg,83978,rAj,vgl,eka˚
pwg,83978,rAj,vgl,kratu˚
pwg,83978,rAj,vgl,giri˚
pwg,83978,rAj,vgl,gfDra˚
pwg,83978,rAj,vgl,jana˚
pwg,83978,rAj,vgl,jyezWa˚
pwg,83978,rAj,vgl,tfRa˚
pwg,83978,rAj,vgl,deva˚
pwg,83978,rAj,vgl,Darma˚
pwg,83978,rAj,vgl,nAga˚
pwg,83979,rAja,vgl,akza˚
pwg,83979,rAja,vgl,adri˚
pwg,83979,rAja,vgl,aDi˚
pwg,83979,rAja,vgl,amara˚
pwg,83979,rAja,vgl,Adi˚
pwg,83979,rAja,vgl,fkza˚
pwg,83979,rAja,vgl,gfha˚
pwg,83979,rAja,vgl,Gawa˚
pwg,83979,rAja,vgl,taru˚
pwg,83979,rAja,vgl,tfRa˚
pwg,83979,rAja,vgl,deva˚
pwg,83979,rAja,vgl,dvi˚
pwg,83979,rAja,vgl,dvija˚
pwg,83979,rAja,vgl,Darma˚
pwg,83979,rAja,vgl,nakzatra˚
pwg,83979,rAja,vgl,nada˚
pwg,83979,rAja,vgl,nAga˚
pwg,83979,rAja,vgl,parvata˚
pwg,83979,rAja,vgl,paSu˚
pwg,83979,rAja,vgl,pitf˚
pwg,83979,rAja,vgl,puruza˚
pwg,83979,rAja,vgl,pfTvI˚
pwg,83979,rAja,vgl,prati˚
pwg,83979,rAja,vgl,preta˚
pwg,83979,rAja,vgl,plakza˚
pwg,83979,rAja,vgl,bAla˚
pwg,83979,rAja,vgl,budDa˚
pwg,83979,rAja,vgl,bfhadrAja
pwg,83979,rAja,vgl,brahma˚
pwg,83979,rAja,vgl,Bujaga˚
pwg,83979,rAja,vgl,BfNga˚
pwg,83979,rAja,vgl,maRi˚
pwg,83979,rAja,vgl,matsya˚
pwg,83979,rAja,vgl,madana˚
pwg,83979,rAja,vgl,manuzya˚
pwg,83979,rAja,vgl,mantra˚
pwg,83979,rAja,vgl,marma˚
pwg,83979,rAja,vgl,mahA˚
pwg,83979,rAja,vgl,mIna˚
pwg,83979,rAja,vgl,mfga˚
pwg,83979,rAja,vgl,meGa˚
pwg,83979,rAja,vgl,yama˚
pwg,83979,rAja,vgl,yaSo˚
pwg,83979,rAja,vgl,yuva˚
pwg,83979,rAja,vgl,yoga˚
pwg,83979,rAja,vgl,rAja˚
pwg,83979,rAja,vgl,viGna˚
pwg,83979,rAja,vgl,SEla˚
pwg,83979,rAja,vgl,sarpa˚
pwg,83979,rAja,vgl,sinDu˚
pwg,83979,rAja,vgl,suKa˚
pwg,83979,rAja,vgl,sura˚
pwg,83991,rAjakartar,vgl,rAjakft
pwg,84034,rAjatimiza,vgl,rAjatemiza
pwg,84055,rAjaDarman,vgl,DarmarAj
pwg,84067,rAjanaya,vgl,rAjanIti
pwg,84069,rAjanAman,vgl,rAjapawolaka
pwg,84071,rAjaniGaRwu,vgl,niGaRwurAja
pwg,84080,rAjanvant,vgl,rAjavant
pwg,84114,rAjabalA,vgl,BadrabalA
pwg,84119,rAjaBawa,vgl,rAjaBfta
pwg,84143,rAjamArtaRqa,vgl,bfhadrAjamArtaRqa
pwg,84180,rAjavant,vgl,rAjanvant
pwg,84189,rAjavArttika,vgl,Boja˚
pwg,84224,rAjasarpa,vgl,rAjAhi
pwg,84259,rAjAtana,vgl,rAjAdana
pwg,84291,rAjAhi,vgl,rAjasarpa
pwg,84294,rAjika,vgl,DarmarAjikA
pwg,84299,rAjimant,vgl,rAjImant
pwg,84316,rAjopakaraRa,vgl,rAjyopakaraRa
pwg,84323,rAjya,vgl,nara˚
pwg,84323,rAjya,vgl,pfTivI˚
pwg,84323,rAjya,vgl,mahA˚
pwg,84323,rAjya,vgl,yama˚
pwg,84323,rAjya,vgl,yuva˚
pwg,84323,rAjya,vgl,veda˚
pwg,84323,rAjya,vgl,samarya˚
pwg,84323,rAjya,vgl,sva˚
pwg,84333,rAjyalakzmI,vgl,rAjalakzmI
pwg,84342,rAjyopakaraRa,vgl,rAjopakaraRa
pwg,84362,rAti,vgl,a˚
pwg,84362,rAti,vgl,anarSa˚
pwg,84362,rAti,vgl,alarzi˚
pwg,84362,rAti,vgl,citra˚
pwg,84362,rAti,vgl,piSaNga˚
pwg,84362,rAti,vgl,pUza˚
pwg,84362,rAti,vgl,brahma˚
pwg,84362,rAti,vgl,maMhizWa˚
pwg,84362,rAti,vgl,visfzwa˚
pwg,84362,rAti,vgl,sa˚
pwg,84362,rAti,vgl,su˚
pwg,84363,rAtizAc,vgl,smadrAtizAc
pwg,84365,rAtra,vgl,ati˚
pwg,84365,rAtra,vgl,anurAtram
pwg,84365,rAtra,vgl,apararAtra
pwg,84365,rAtra,vgl,arDa˚
pwg,84365,rAtra,vgl,aho˚
pwg,84365,rAtra,vgl,gaRa˚
pwg,84365,rAtra,vgl,cira˚
pwg,84365,rAtra,vgl,puRya˚
pwg,84365,rAtra,vgl,pUrva˚
pwg,84365,rAtra,vgl,pratirAtram
pwg,84365,rAtra,vgl,praTamarAtra
pwg,84365,rAtra,vgl,brahma˚
pwg,84365,rAtra,vgl,maDya˚
pwg,84368,rAtrika,vgl,paYca˚
pwg,84388,rAtribala,vgl,saMDyAbala
pwg,84408,rAtrI,vgl,anDa˚
pwg,84408,rAtrI,vgl,kAla˚
pwg,84408,rAtrI,vgl,BIma˚
pwg,84414,rAtryanDa,vgl,naktAnDa
pwg,84417,rAtryAnDya,vgl,naktAnDya
pwg,84433,rAD,vgl,anurADa
pwg,84433,rAD,vgl,anUrADa
pwg,84433,rAD,vgl,aparADa
pwg,84433,rAD,vgl,aparADin
pwg,84433,rAD,vgl,anaparAdDam
pwg,84433,rAD,vgl,aBirADana
pwg,84433,rAD,vgl,ArADana
pwg,84433,rAD,vgl,samArADana
pwg,84433,rAD,vgl,virADa
pwg,84434,rADa,vgl,aryamarADa
pwg,84439,rADas,vgl,a˚
pwg,84439,rADas,vgl,anabaBra˚
pwg,84439,rADas,vgl,aSva˚
pwg,84439,rADas,vgl,Gfzvi˚
pwg,84439,rADas,vgl,citra˚
pwg,84439,rADas,vgl,tuvi˚
pwg,84439,rADas,vgl,paNkti˚
pwg,84439,rADas,vgl,viSva˚
pwg,84439,rADas,vgl,vIti˚
pwg,84439,rADas,vgl,satya˚
pwg,84439,rADas,vgl,su˚
pwg,84439,rADas,vgl,spArha˚
pwg,84442,rADAjanmAzwamI,vgl,kfzRajanmAzwamI
pwg,84447,rADAmedin,vgl,rADAveDin
pwg,84453,rADAvinoda,vgl,rADikAvinoda
pwg,84454,rADAveDin,vgl,rADABedin
pwg,84456,rADi,vgl,kfzwarADi
pwg,84462,rADya,vgl,yAdrADya
pwg,84468,rAma,vgl,aDo˚
pwg,84468,rAma,vgl,paraSu˚
pwg,84468,rAma,vgl,bala˚
pwg,84468,rAma,vgl,Badanta˚
pwg,84468,rAma,vgl,maRi˚
pwg,84468,rAma,vgl,manasA˚
pwg,84469,rAma,vgl,su˚
pwg,84478,rAmakutUhala,vgl,rAmakOtuka
pwg,84483,rAmakelI,vgl,rAmakarI
pwg,84485,rAmakOtuka,vgl,rAmakutUhala
pwg,84507,rAmaWa,vgl,ramaWa
pwg,84522,rAman,vgl,su˚
pwg,84535,rAmapUrvatApanIya,vgl,rAmottaratApanIya
pwg,84570,rAmasaras,vgl,rAmahrada
pwg,84611,rAmottaratApanIya,vgl,rAmapUrvatApanIya
pwg,84621,rAyaBAwI,vgl,raya
pwg,84636,rAva,vgl,cArurAvA
pwg,84636,rAva,vgl,dIrGarAva
pwg,84636,rAva,vgl,meGa˚
pwg,84643,rAvan,vgl,a˚
pwg,84643,rAvan,vgl,puru˚
pwg,84644,rAvin,vgl,krUra˚
pwg,84644,rAvin,vgl,bfhadrAvin
pwg,84644,rAvin,vgl,mita˚
pwg,84644,rAvin,vgl,vaha˚
pwg,84658,rAzwraka,vgl,rAzwrika
pwg,84662,rAzwratantra,vgl,rAjyatantra
pwg,84677,rAzwrika,vgl,rAzwraka
pwg,84679,rAzwriya,vgl,rAzwrIya
pwg,84689,rAsaBa,vgl,fzaBa
pwg,84689,rAsaBa,vgl,karaBa
pwg,84689,rAsaBa,vgl,kalaBa
pwg,84726,riHPa,vgl,rizPa
pwg,84734,riktapARi,vgl,riktahasta
pwg,84735,riktahasta,vgl,riktapARi
pwg,84738,rikTa,vgl,gotra˚
pwg,84746,rikTin,vgl,eka˚
pwg,84751,riNK,vgl,riNg
pwg,84752,riNKaRa,vgl,riNgaRa
pwg,84754,riNg,vgl,riNK
pwg,84758,ric,vgl,recaka
pwg,84758,ric,vgl,recana
pwg,84758,ric,vgl,atireka
pwg,84758,ric,vgl,vyatireka
pwg,84758,ric,vgl,Areka
pwg,84758,ric,vgl,udreka
pwg,84758,ric,vgl,udrecaka
pwg,84758,ric,vgl,prarikvan
pwg,84758,ric,vgl,prareka
pwg,84758,ric,vgl,vireka
pwg,84758,ric,vgl,virecaka
pwg,84764,ridDa,vgl,fdDa
pwg,84777,riP,vgl,rePa
pwg,84779,riBvan,vgl,rihvan
pwg,84786,rirakzA,vgl,rirakzu
pwg,84789,rirakzu,vgl,rirakzA
pwg,84792,rirI,vgl,rIrI
pwg,84792,rirI,vgl,rIti
pwg,84799,riz,vgl,ririkzu
pwg,84816,rih,vgl,arI|a
pwg,84816,rih,vgl,rerihARa
pwg,84816,rih,vgl,ArehaRa
pwg,84820,rihvan,vgl,riBvan
pwg,84824,rIjyA,vgl,rIQA
pwg,84827,rIQA,vgl,avalIQA
pwg,84834,rIv,vgl,cIv
pwg,84835,ru,vgl,garuqaruta
pwg,84835,ru,vgl,goruta
pwg,84835,ru,vgl,tuvIravant
pwg,84835,ru,vgl,rava
pwg,84835,ru,vgl,rAva
pwg,84835,ru,vgl,Arava
pwg,84835,ru,vgl,ArAva
pwg,84835,ru,vgl,ArAvin
pwg,84835,ru,vgl,pratirava
pwg,84843,rukma,vgl,aDi˚
pwg,84843,rukma,vgl,pfTu˚
pwg,84843,rukma,vgl,su˚
pwg,84847,rukmant,vgl,vi˚
pwg,84873,ruc,vgl,avarokin
pwg,84873,ruc,vgl,prarocana
pwg,84873,ruc,vgl,viroka
pwg,84874,ruc,vgl,a˚
pwg,84874,ruc,vgl,akftta˚
pwg,84874,ruc,vgl,aSIta˚
pwg,84874,ruc,vgl,tanU˚
pwg,84874,ruc,vgl,tigma˚
pwg,84874,ruc,vgl,divo˚
pwg,84874,ruc,vgl,nimeza˚
pwg,84874,ruc,vgl,nI˚
pwg,84874,ruc,vgl,puru˚
pwg,84874,ruc,vgl,purU˚
pwg,84874,ruc,vgl,puro˚
pwg,84874,ruc,vgl,yaTArucam
pwg,84874,ruc,vgl,suruc
pwg,84878,ruci,vgl,a˚
pwg,84878,ruci,vgl,uzRa˚
pwg,84878,ruci,vgl,dfQa˚
pwg,84878,ruci,vgl,Darma˚
pwg,84878,ruci,vgl,nirvARa˚
pwg,84878,ruci,vgl,pIyUza˚
pwg,84878,ruci,vgl,pradAna˚
pwg,84878,ruci,vgl,Bakta˚
pwg,84878,ruci,vgl,Badra˚
pwg,84878,ruci,vgl,BA˚
pwg,84878,ruci,vgl,yajYa˚
pwg,84878,ruci,vgl,yaTA˚
pwg,84882,rucitA,vgl,rucitva
pwg,84901,rucirASva,vgl,rucira
pwg,84911,ruj,vgl,roga
pwg,84911,ruj,vgl,Aruj
pwg,84911,ruj,vgl,kUlamudruja
pwg,84911,ruj,vgl,praruja
pwg,84912,ruj,vgl,a˚
pwg,84912,ruj,vgl,grahaRI˚
pwg,84912,ruj,vgl,nI˚
pwg,84912,ruj,vgl,netra˚
pwg,84912,ruj,vgl,pArSva˚
pwg,84912,ruj,vgl,mahA˚
pwg,84912,ruj,vgl,mAnasa˚
pwg,84912,ruj,vgl,muKa˚
pwg,84912,ruj,vgl,Siro˚
pwg,84913,ruja,vgl,aruja
pwg,84913,ruja,vgl,nIruja
pwg,84913,ruja,vgl,mahAruja
pwg,84913,ruja,vgl,SirorujA
pwg,84913,ruja,vgl,saruja
pwg,84934,rud,vgl,rurudizu
pwg,84934,rud,vgl,rorudA
pwg,84934,rud,vgl,aBiroruda
pwg,84936,rudaTa,vgl,ruvaTa
pwg,84942,rudra,vgl,pratApa˚
pwg,84942,rudra,vgl,mahA˚
pwg,84942,rudra,vgl,mAlava˚
pwg,84942,rudra,vgl,meDA˚
pwg,84942,rudra,vgl,mattarudradatta
pwg,84948,rudrakowi,vgl,rudrakAwi
pwg,84983,rudraBawwa,vgl,rudrawa
pwg,84997,rudraloka,vgl,rudrasvarga
pwg,85009,rudrasarga,vgl,rudrasfzwi
pwg,85011,rudrasAvarRi,vgl,rudraputra
pwg,85018,rudrasfzwi,vgl,rudrasarga
pwg,85022,rudrasvarga,vgl,rudraloka
pwg,85037,rudriya,vgl,Sata˚
pwg,85041,ruD,vgl,roDa
pwg,85041,ruD,vgl,vIruD
pwg,85042,ruD,vgl,anurudDa
pwg,85042,ruD,vgl,pratyavaroDana
pwg,85042,ruD,vgl,AroDana
pwg,85042,ruD,vgl,uparoDa
pwg,85042,ruD,vgl,nirudDa
pwg,85042,ruD,vgl,saMnirudDaguda
pwg,85042,ruD,vgl,˚rodDavya
pwg,85042,ruD,vgl,˚roDa
pwg,85042,ruD,vgl,pariroDa
pwg,85042,ruD,vgl,pratirodDar
pwg,85042,ruD,vgl,virodDavya
pwg,85042,ruD,vgl,saMroDa
pwg,85053,ruDirodgArin,vgl,udgArin
pwg,85054,rup,vgl,lup
pwg,85060,ruru,vgl,mahA˚
pwg,85060,ruru,vgl,rOrava
pwg,85060,ruru,vgl,rOravaka
pwg,85061,ruruka,vgl,rOruki
pwg,85071,ruvuka,vgl,uruvUka
pwg,85071,ruvuka,vgl,rucaka
pwg,85071,ruvuka,vgl,ruvUka
pwg,85071,ruvuka,vgl,rUvuka
pwg,85074,ruSaNgu,vgl,ruSadgu
pwg,85086,ruz,vgl,a˚
pwg,85086,ruz,vgl,ati˚
pwg,85086,ruz,vgl,apa˚
pwg,85087,ruzaNgu,vgl,ruSadgu
pwg,85088,ruzadru,vgl,ruSadgu
pwg,85093,ruh,vgl,aDirohaRa
pwg,85093,ruh,vgl,DArADirUQa
pwg,85093,ruh,vgl,aDiropaRa
pwg,85093,ruh,vgl,pratyavarUQi
pwg,85093,ruh,vgl,pratyavaroha
pwg,85093,ruh,vgl,Aruh
pwg,85093,ruh,vgl,Aropa
pwg,85093,ruh,vgl,anaByArUQa
pwg,85093,ruh,vgl,aByAroha
pwg,85093,ruh,vgl,upAruh
pwg,85093,ruh,vgl,samAroha
pwg,85093,ruh,vgl,samArohaRa
pwg,85093,ruh,vgl,samAropaRa
pwg,85093,ruh,vgl,praruh
pwg,85093,ruh,vgl,prarUQi
pwg,85093,ruh,vgl,praroha
pwg,85093,ruh,vgl,virUQaka
pwg,85093,ruh,vgl,viroha
pwg,85093,ruh,vgl,virohaRa
pwg,85093,ruh,vgl,viropaRa
pwg,85093,ruh,vgl,upasaMroha
pwg,85099,rUkza,vgl,lUkza
pwg,85110,rUkzay,vgl,arUkzita
pwg,85117,rUpa,vgl,a˚
pwg,85117,rUpa,vgl,ati˚
pwg,85117,rUpa,vgl,aneka˚
pwg,85117,rUpa,vgl,anya˚
pwg,85117,rUpa,vgl,asAra˚
pwg,85117,rUpa,vgl,evaM˚
pwg,85117,rUpa,vgl,kAma˚
pwg,85117,rUpa,vgl,kiM˚
pwg,85117,rUpa,vgl,ku˚
pwg,85117,rUpa,vgl,jAta˚
pwg,85117,rUpa,vgl,taTA˚
pwg,85117,rUpa,vgl,tapta˚
pwg,85117,rUpa,vgl,tri˚
pwg,85117,rUpa,vgl,daSa˚
pwg,85117,rUpa,vgl,deSa˚
pwg,85117,rUpa,vgl,nazwa˚
pwg,85117,rUpa,vgl,nAnA˚
pwg,85117,rUpa,vgl,nI˚
pwg,85117,rUpa,vgl,nEka˚
pwg,85117,rUpa,vgl,padma˚
pwg,85117,rUpa,vgl,para˚
pwg,85117,rUpa,vgl,piSaNga˚
pwg,85117,rUpa,vgl,puM˚
pwg,85117,rUpa,vgl,puru˚
pwg,85118,rUpaka,vgl,tapta˚
pwg,85118,rUpaka,vgl,daSa˚
pwg,85118,rUpaka,vgl,puruza˚
pwg,85118,rUpaka,vgl,prati˚
pwg,85118,rUpaka,vgl,bahu˚
pwg,85137,rUpaDeya,vgl,nAmaDeya
pwg,85148,rUpay,vgl,nirUpaRa
pwg,85165,rUpAvacara,vgl,kAmAvacara
pwg,85165,rUpAvacara,vgl,DyAnAvacara
pwg,85170,rUpin,vgl,a˚
pwg,85170,rUpin,vgl,anya˚
pwg,85170,rUpin,vgl,taTA˚
pwg,85170,rUpin,vgl,deva˚
pwg,85170,rUpin,vgl,brahma˚
pwg,85170,rUpin,vgl,sva˚
pwg,85175,rUpya,vgl,rOpya
pwg,85178,rUpyAcala,vgl,rajatAdri
pwg,85182,rUvuka,vgl,ruvuka
pwg,85183,rUz,vgl,reRurUzita
pwg,85183,rUz,vgl,lUz
pwg,85193,reKa,vgl,kAma˚
pwg,85193,reKa,vgl,pattra˚
pwg,85193,reKa,vgl,padma˚
pwg,85193,reKa,vgl,bindu˚
pwg,85193,reKa,vgl,brahma˚
pwg,85193,reKa,vgl,madana˚
pwg,85193,reKa,vgl,maDya˚
pwg,85193,reKa,vgl,meGa˚
pwg,85193,reKa,vgl,ratna˚
pwg,85193,reKa,vgl,samareKa
pwg,85202,recaka,vgl,vAta˚
pwg,85203,recana,vgl,vIja˚
pwg,85204,recanaka,vgl,tAla˚
pwg,85205,recita,vgl,rej
pwg,85207,rej,vgl,ej
pwg,85211,reRu,vgl,trasa˚
pwg,85211,reRu,vgl,nAga˚
pwg,85211,reRu,vgl,nI˚
pwg,85211,reRu,vgl,puzpa˚
pwg,85215,reRukArikA,vgl,reRuka
pwg,85229,retas,vgl,a˚
pwg,85229,retas,vgl,UrDva˚
pwg,85229,retas,vgl,kumBa˚
pwg,85229,retas,vgl,dvi˚
pwg,85229,retas,vgl,parjanya˚
pwg,85229,retas,vgl,bahu˚
pwg,85229,retas,vgl,BUri˚
pwg,85229,retas,vgl,mahA˚
pwg,85229,retas,vgl,vasu˚
pwg,85229,retas,vgl,vahni˚
pwg,85229,retas,vgl,viSva˚
pwg,85229,retas,vgl,sa˚
pwg,85229,retas,vgl,sahasra˚
pwg,85229,retas,vgl,su˚
pwg,85229,retas,vgl,suvarRa˚
pwg,85229,retas,vgl,hiraRya˚
pwg,85242,retya,vgl,rEtya
pwg,85246,repa,vgl,repas
pwg,85246,repa,vgl,rePa
pwg,85247,repas,vgl,a˚
pwg,85247,repas,vgl,repa
pwg,85247,repas,vgl,rePa
pwg,85247,repas,vgl,rePas
pwg,85248,rePa,vgl,citra˚
pwg,85248,rePa,vgl,dvi˚
pwg,85251,rePas,vgl,repas
pwg,85253,reB,vgl,riB
pwg,85254,reBa,vgl,rEBya
pwg,85261,rerihARa,vgl,lelihAna
pwg,85266,revata,vgl,rEvata
pwg,85267,revataka,vgl,rEvataka
pwg,85270,revant,vgl,aRurevatI
pwg,85281,rez,vgl,hrep
pwg,85284,rezaRa,vgl,puruza˚
pwg,85289,rezmacCinna,vgl,rezmamaTita
pwg,85295,rE,vgl,atirE
pwg,85297,rEkva,vgl,rayikva
pwg,85309,rEvataka,vgl,keli˚
pwg,85334,rogin,vgl,a˚
pwg,85337,roca,vgl,go˚
pwg,85338,rocaka,vgl,a˚
pwg,85338,rocaka,vgl,kajjala˚
pwg,85339,rocakin,vgl,a˚
pwg,85340,rocana,vgl,gorocanA
pwg,85340,rocana,vgl,puzparocana
pwg,85340,rocana,vgl,Bakta˚
pwg,85340,rocana,vgl,yogarocanA
pwg,85340,rocana,vgl,vaMSa˚
pwg,85340,rocana,vgl,su˚
pwg,85340,rocana,vgl,rOcanika
pwg,85354,rocis,vgl,acira˚
pwg,85354,rocis,vgl,sva˚
pwg,85360,roq,vgl,loq
pwg,85360,roq,vgl,rOq
pwg,85360,roq,vgl,rOw
pwg,85365,rodana,vgl,rudrarodana
pwg,85373,roDa,vgl,nyagroDa
pwg,85374,roDa,vgl,prARa˚
pwg,85375,roDaka,vgl,aSva˚
pwg,85377,roDacakra,vgl,roDavakrA
pwg,85377,roDacakra,vgl,roDovapra
pwg,85382,roDin,vgl,asraroDinI
pwg,85382,roDin,vgl,mArgaroDin
pwg,85383,roDovakrA,vgl,roDacakra
pwg,85383,roDovakrA,vgl,roDavakrA
pwg,85383,roDovakrA,vgl,roDovapra
pwg,85404,roma,vgl,dIrGa˚
pwg,85406,roma,vgl,bfhadroma
pwg,85415,romakUpa,vgl,lomakUpa
pwg,85420,romaRvant,vgl,romavant
pwg,85422,roman,vgl,UrDva˚
pwg,85422,roman,vgl,dIrGa˚
pwg,85422,roman,vgl,netra˚
pwg,85422,roman,vgl,pfTu˚
pwg,85426,romapAda,vgl,lomapAda
pwg,85436,romavant,vgl,mfdu˚
pwg,85443,romaSa,vgl,lomaSa
pwg,85447,romaharzaRa,vgl,lomaharzaRa
pwg,85459,romAvalI,vgl,romarAji
pwg,85474,roza,vgl,dIrGa˚
pwg,85474,roza,vgl,vi˚
pwg,85474,roza,vgl,sa˚
pwg,85475,rozaRa,vgl,caRqamahArozaRatantra
pwg,85475,rozaRa,vgl,su˚
pwg,85482,roha,vgl,dU˚
pwg,85482,roha,vgl,BasmarohA
pwg,85482,roha,vgl,mAMsarohI
pwg,85485,rohaRa,vgl,dU˚
pwg,85485,rohaRa,vgl,pAda˚
pwg,85486,rohaRadruma,vgl,rOhiRa
pwg,85492,rohiRa,vgl,rOhiRa
pwg,85494,rohiRikA,vgl,kawu˚
pwg,85498,rohiRizeRa,vgl,rohiRIzeRa
pwg,85515,rohiRIzeRa,vgl,rohiRizeRa
pwg,85519,rohit,vgl,rohidaSva
pwg,85520,rohita,vgl,karkanDu˚
pwg,85520,rohita,vgl,DUmra˚
pwg,85520,rohita,vgl,lohita
pwg,85520,rohita,vgl,ruDira
pwg,85521,rohitaka,vgl,rohItaka
pwg,85532,rohitASva,vgl,rohidaSva
pwg,85535,rohitEta,vgl,lohitEta
pwg,85536,rohidaSva,vgl,rOhidaSva
pwg,85537,rohin,vgl,Agata˚
pwg,85537,rohin,vgl,nipatyarohiRI
pwg,85539,rohiza,vgl,rOhiza
pwg,85542,rohItaka,vgl,rOhIta
pwg,85542,rohItaka,vgl,rOhItaka
pwg,85552,rOQIya,vgl,Gfta˚
pwg,85553,rOdra,vgl,mahA˚
pwg,85556,rOdrakarman,vgl,prati˚
pwg,85583,rOrava,vgl,mahA˚
pwg,85588,rOhiRa,vgl,mahA˚
pwg,85600,rOhiz,vgl,rohiz
pwg,85601,rOhiza,vgl,rohiza
pwg,85602,rOhI,vgl,rohi
pwg,85603,rOhIta,vgl,rohItaka
pwg,85622,lakz,vgl,lakzay
pwg,85623,lakza,vgl,paro˚
pwg,85623,lakza,vgl,rati˚
pwg,85623,lakza,vgl,vi˚
pwg,85625,lakzaRa,vgl,a˚
pwg,85626,lakzaRka,vgl,daSa˚
pwg,85637,lakzaRoru,vgl,lakzmaRoru
pwg,85641,lakzay,vgl,Alakzya
pwg,85641,lakzay,vgl,upalakzaka
pwg,85641,lakzay,vgl,saMlakzaRa
pwg,85641,lakzay,vgl,saMlakzya
pwg,85642,lakzahoma,vgl,kowihoma
pwg,85645,lakzin,vgl,sTUla˚
pwg,85646,lakzIkar,vgl,lakzyIkar
pwg,85662,lakzmaRoru,vgl,lakzaRoru
pwg,85667,lakzmI,vgl,a˚
pwg,85690,lakzmIyajus,vgl,yajurlakzmI
pwg,85705,lakzya,vgl,a˚
pwg,85705,lakzya,vgl,aBilakzyam
pwg,85705,lakzya,vgl,durlakzya
pwg,85705,lakzya,vgl,nirlakzya
pwg,85705,lakzya,vgl,yUpa˚
pwg,85705,lakzya,vgl,sallakzya
pwg,85705,lakzya,vgl,sTUla˚
pwg,85713,laK,vgl,laNK
pwg,85713,laK,vgl,liNK
pwg,85715,lag,vgl,BUlagnA
pwg,85715,lag,vgl,BUri˚
pwg,85715,lag,vgl,maDulagna
pwg,85715,lag,vgl,maDya˚
pwg,85715,lag,vgl,rak
pwg,85715,lag,vgl,lak
pwg,85716,lagaqa,vgl,laqaha
pwg,85719,lagAlikA,vgl,nagAnikA
pwg,85719,lagAlikA,vgl,nagAnI
pwg,85719,lagAlikA,vgl,nagAlikA
pwg,85720,laguqa,vgl,lakuwa
pwg,85738,laGu,vgl,pari˚
pwg,85748,laGuKartara,vgl,KarataragacCa
pwg,85762,laGujAtaka,vgl,bfhajjAtaka
pwg,85770,laGudvAravatI,vgl,mUladvAravatI
pwg,85773,laGunAradIya,vgl,bfhannAradIya
pwg,85778,laGupatanaka,vgl,laGupAtin
pwg,85783,laGuparASara,vgl,bfhatparASara
pwg,85830,laGuSOnakI,vgl,vfdDaSOnakI
pwg,85855,laGvatri,vgl,bfhadatri
pwg,85874,laNG,vgl,laNGana
pwg,85874,laNG,vgl,atilaNGana
pwg,85874,laNG,vgl,atilaNGin
pwg,85874,laNG,vgl,aBilaNGana
pwg,85874,laNG,vgl,ullaNGana
pwg,85874,laNG,vgl,parilaNGana
pwg,85874,laNG,vgl,vilaNGana
pwg,85877,laNGana,vgl,durlaNGana
pwg,85877,laNGana,vgl,mftyu˚
pwg,85881,laNGya,vgl,durlaNGya
pwg,85882,lacC,vgl,lAYC
pwg,85883,laj,vgl,laYjj
pwg,85889,lajjarI,vgl,lajjirI
pwg,85895,lajjirI,vgl,lajjarI
pwg,85903,law,vgl,raw
pwg,85904,lawa,vgl,lawy
pwg,85905,lawaka,vgl,lawwa
pwg,85905,lawaka,vgl,laqqa
pwg,85909,lawwa,vgl,lawaka
pwg,85909,lawwa,vgl,laqqa
pwg,85910,lawy,vgl,lawa
pwg,85913,laq,vgl,lal
pwg,85917,laqqa,vgl,lawaka
pwg,85917,laqqa,vgl,lawwa
pwg,85922,laRq,vgl,olaRq
pwg,85925,latA,vgl,karRa˚
pwg,85925,latA,vgl,kalpa˚
pwg,85925,latA,vgl,nAga˚
pwg,85925,latA,vgl,PaRiM˚
pwg,85925,latA,vgl,BU˚
pwg,85925,latA,vgl,maDu˚
pwg,85925,latA,vgl,mahI˚
pwg,85925,latA,vgl,mAMsa˚
pwg,85925,latA,vgl,mADavI˚
pwg,85925,latA,vgl,muktA˚
pwg,85925,latA,vgl,roma˚
pwg,85925,latA,vgl,sUrya˚
pwg,85925,latA,vgl,soma˚
pwg,85931,latAjihva,vgl,latArasana
pwg,85947,latAmfga,vgl,SAKAmfga
pwg,85951,latArasana,vgl,latAjihva
pwg,85964,latikA,vgl,amfta˚
pwg,85964,latikA,vgl,karRa˚
pwg,85964,latikA,vgl,kalpa˚
pwg,85964,latikA,vgl,roma˚
pwg,85964,latikA,vgl,SravaRa˚
pwg,85965,latu,vgl,lAtavya
pwg,85967,lattikA,vgl,ava˚
pwg,85967,lattikA,vgl,go˚
pwg,85971,lap,vgl,alapant
pwg,85971,lap,vgl,apalApa
pwg,85971,lap,vgl,aBilApa
pwg,85971,lap,vgl,aBIlApalap
pwg,85971,lap,vgl,niraBilapya
pwg,85971,lap,vgl,Alapana
pwg,85971,lap,vgl,Alapti
pwg,85971,lap,vgl,AlApa
pwg,85971,lap,vgl,AlApin
pwg,85971,lap,vgl,AlApana
pwg,85971,lap,vgl,ullApa
pwg,85971,lap,vgl,ullApana
pwg,85971,lap,vgl,unmattapralapita
pwg,85971,lap,vgl,pralApana
pwg,85971,lap,vgl,vipralApa
pwg,85971,lap,vgl,saMlApa
pwg,85973,lapana,vgl,vaktra
pwg,85977,lapsikA,vgl,lApaSI
pwg,85981,laba,vgl,lAba
pwg,85996,laB,vgl,lipsA
pwg,85996,laB,vgl,AlabDi
pwg,85996,laB,vgl,anvAlamBana
pwg,85996,laB,vgl,upAlaBya
pwg,85996,laB,vgl,samAlamBa
pwg,85996,laB,vgl,upalabDavya
pwg,85996,laB,vgl,upalipsA
pwg,85996,laB,vgl,pralabDavya
pwg,85996,laB,vgl,pralamBa
pwg,85996,laB,vgl,vipralamBa
pwg,85996,laB,vgl,pratilaBya
pwg,85996,laB,vgl,vilamBa
pwg,85997,laBa,vgl,lamBa
pwg,85998,laBana,vgl,lamBana
pwg,86002,lamaka,vgl,lAmakAyana
pwg,86009,lamPa,vgl,Jampa
pwg,86010,lamb,vgl,avalamba
pwg,86010,lamb,vgl,Alamba
pwg,86010,lamb,vgl,pralamba
pwg,86010,lamb,vgl,vilamba
pwg,86018,lambana,vgl,aja˚
pwg,86018,lambana,vgl,dfglambana
pwg,86030,lamBa,vgl,lABa
pwg,86037,laya,vgl,dvi˚
pwg,86037,laya,vgl,naBo˚
pwg,86037,laya,vgl,BUti˚
pwg,86037,laya,vgl,mano˚
pwg,86038,mayana,vgl,guRalayanI
pwg,86045,lal,vgl,upalAlana
pwg,86053,lalAwa,vgl,pra˚
pwg,86062,lalAma,vgl,lAlAmika
pwg,86067,lalita,vgl,kumAralalitA
pwg,86067,lalita,vgl,jyezWa˚
pwg,86067,lalita,vgl,durlalita
pwg,86067,lalita,vgl,DIra˚
pwg,86067,lalita,vgl,pravara˚
pwg,86067,lalita,vgl,madanalalitA
pwg,86067,lalita,vgl,SArdUlalalita
pwg,86067,lalita,vgl,su˚
pwg,86068,lalitaka,vgl,lalItikA
pwg,86076,lalitavistara,vgl,laGu˚
pwg,86089,lalItikA,vgl,lalitaka
pwg,86101,lavaRa,vgl,akzAra˚
pwg,86101,lavaRa,vgl,akzArAlavaRASin
pwg,86101,lavaRa,vgl,kAla˚
pwg,86101,lavaRa,vgl,tatkAla˚
pwg,86101,lavaRa,vgl,tri˚
pwg,86101,lavaRa,vgl,trikUwa˚
pwg,86101,lavaRa,vgl,paYca˚
pwg,86101,lavaRa,vgl,bahu˚
pwg,86101,lavaRa,vgl,BAskara˚
pwg,86101,lavaRa,vgl,rAma˚
pwg,86101,lavaRa,vgl,pacalavaRA
pwg,86101,lavaRa,vgl,BindDi˚
pwg,86101,lavaRa,vgl,lAvaRa
pwg,86135,lavaRotsa,vgl,locanotsa
pwg,86153,lavya,vgl,eka˚
pwg,86156,laz,vgl,aBilAza
pwg,86163,las,vgl,durlasita
pwg,86163,las,vgl,ullAsa
pwg,86163,las,vgl,ullAsana
pwg,86163,las,vgl,samullAsa
pwg,86163,las,vgl,fzaBagajavilasita
pwg,86163,las,vgl,gajaturaMga˚
pwg,86163,las,vgl,durvilasita
pwg,86163,las,vgl,Bramara˚
pwg,86163,las,vgl,vilAsa
pwg,86176,lahari,vgl,Ananda˚
pwg,86176,lahari,vgl,gaNgA˚
pwg,86177,lahika,vgl,kahika
pwg,86178,lahoqa,vgl,kahoqa
pwg,86179,lahya,vgl,lAhya
pwg,86179,lahya,vgl,lAhyAyani
pwg,86182,lAkinI,vgl,rAkiRI
pwg,86182,lAkinI,vgl,vAkinI
pwg,86192,lAkzA,vgl,rAkzA
pwg,86204,lAK,vgl,rAK
pwg,86206,lAG,vgl,rAG
pwg,86208,lAGava,vgl,guru˚
pwg,86213,lANgala,vgl,Asya˚
pwg,86213,lANgala,vgl,duzwa˚
pwg,86213,lANgala,vgl,muKa˚
pwg,86226,lANgula,vgl,go˚
pwg,86228,lANgulinI,vgl,lANgUlinI
pwg,86229,lANgUla,vgl,go˚
pwg,86232,lAj,vgl,laj
pwg,86232,lAj,vgl,laYj
pwg,86232,lAj,vgl,lAYj
pwg,86235,lAjI,vgl,indralAjI
pwg,86236,lAYC,vgl,lakza
pwg,86236,lAYC,vgl,lakzay
pwg,86237,lAYCana,vgl,padma˚
pwg,86237,lAYCana,vgl,mfga˚
pwg,86237,lAYCana,vgl,SaSa˚
pwg,86272,lABa,vgl,a˚
pwg,86272,lABa,vgl,durlABa
pwg,86272,lABa,vgl,punarlABa
pwg,86286,lAla,vgl,nanda˚
pwg,86296,lAlasiMha,vgl,lalla
pwg,86297,lAlA,vgl,aSva˚
pwg,86310,lAlika,vgl,lAvika
pwg,86315,lAva,vgl,kARqa˚
pwg,86315,lAva,vgl,puzpa˚
pwg,86332,lAveraRi,vgl,laveraRi
pwg,86335,lAvya,vgl,lavya
pwg,86338,lAsaka,vgl,kavilAsikA
pwg,86338,lAsaka,vgl,tarkulAsaka
pwg,86354,liK,vgl,avaleKa
pwg,86354,liK,vgl,AliKant
pwg,86354,liK,vgl,AleKana
pwg,86354,liK,vgl,AleKya
pwg,86354,liK,vgl,ulleKa
pwg,86354,liK,vgl,upaleKa
pwg,86354,liK,vgl,nirleKana
pwg,86354,liK,vgl,parileKa
pwg,86354,liK,vgl,viliKana
pwg,86354,liK,vgl,vileKa
pwg,86356,liKana,vgl,citra˚
pwg,86359,liKya,vgl,likzA
pwg,86360,liNK,vgl,laK
pwg,86360,liNK,vgl,laNK
pwg,86361,lirgu,vgl,nigu
pwg,86364,liNg,vgl,liNgay
pwg,86365,liNga,vgl,a˚
pwg,86366,liNgaka,vgl,ku˚
pwg,86366,liNgaka,vgl,tri˚
pwg,86378,liNgapratizWAviDi,vgl,liNgArcApratizWAviDi
pwg,86381,liNgay,vgl,liNg
pwg,86396,liNgArcApratizWAviDi,vgl,liNgapratizWAviDi
pwg,86401,licCavi,vgl,nicCavi
pwg,86401,licCavi,vgl,nicCivi
pwg,86404,lip,vgl,tAmalipta
pwg,86404,lip,vgl,tAmralipta
pwg,86404,lip,vgl,nirlipta
pwg,86404,lip,vgl,avalepa
pwg,86404,lip,vgl,Alepa
pwg,86404,lip,vgl,Alimpana
pwg,86404,lip,vgl,upalepa
pwg,86404,lip,vgl,nilimpa
pwg,86404,lip,vgl,pralepa
pwg,86404,lip,vgl,vilepa
pwg,86405,lipi,vgl,aNga˚
pwg,86405,lipi,vgl,puzpa˚
pwg,86405,lipi,vgl,prati˚
pwg,86405,lipi,vgl,BUta˚
pwg,86405,lipi,vgl,maDyAkzaravistara˚
pwg,86418,lipsA,vgl,lABa˚
pwg,86429,limpawa,vgl,lampawa
pwg,86437,lih,vgl,leliha
pwg,86437,lih,vgl,lelihAna
pwg,86437,lih,vgl,pratyAlIQa
pwg,86437,lih,vgl,praleha
pwg,86438,lih,vgl,guqa˚
pwg,86438,lih,vgl,jihvA˚
pwg,86438,lih,vgl,dAma˚
pwg,86438,lih,vgl,puzpa˚
pwg,86438,lih,vgl,maDu˚
pwg,86440,lI,vgl,tAmasalIna
pwg,86440,lI,vgl,Alaya
pwg,86440,lI,vgl,nilaya
pwg,86440,lI,vgl,pralaya
pwg,86440,lI,vgl,pralayana
pwg,86440,lI,vgl,pralInatA
pwg,86440,lI,vgl,vilaya
pwg,86440,lI,vgl,saMlaya
pwg,86442,lI,vgl,lelayA
pwg,86448,lIlA,vgl,anta˚
pwg,86448,lIlA,vgl,ava˚
pwg,86448,lIlA,vgl,Adi˚
pwg,86448,lIlA,vgl,turagalIlaka
pwg,86448,lIlA,vgl,BAgavatalIlArahasya
pwg,86448,lIlA,vgl,maDya˚
pwg,86448,lIlA,vgl,mahAlIlasarasvatI
pwg,86448,lIlA,vgl,rAjalIlAnAman
pwg,86448,lIlA,vgl,salIla
pwg,86450,lIlAkara,vgl,mattamAtaNga˚
pwg,86457,lIlAcala,vgl,lIlAparvata
pwg,86462,lIlAparvata,vgl,lIlAcala
pwg,86470,lIlAy,vgl,rAjya˚
pwg,86476,lIlAvant,vgl,nyAya˚
pwg,86476,lIlAvant,vgl,haya˚
pwg,86488,luYc,vgl,avaluYcana
pwg,86488,luYc,vgl,AluYcana
pwg,86488,luYc,vgl,ulluYcana
pwg,86489,luYca,vgl,ku˚
pwg,86491,luYcana,vgl,luRWana
pwg,86495,luW,vgl,luRw
pwg,86495,luW,vgl,luRW
pwg,86495,luW,vgl,luRq
pwg,86499,luq,vgl,lul
pwg,86499,luq,vgl,Aloqana
pwg,86499,luq,vgl,viloqana
pwg,86499,luq,vgl,saMloqana
pwg,86500,luRw,vgl,luRW
pwg,86504,luRW,vgl,nirluRWana
pwg,86504,luRW,vgl,viluRWana
pwg,86510,luRWi,vgl,luRqIkar
pwg,86515,luRqIkar,vgl,luRqikA
pwg,86517,lup,vgl,anarTalupta
pwg,86517,lup,vgl,indralupta
pwg,86517,lup,vgl,apalup
pwg,86517,lup,vgl,avalumpana
pwg,86517,lup,vgl,avalopa
pwg,86517,lup,vgl,ullopya
pwg,86517,lup,vgl,parilopa
pwg,86517,lup,vgl,viparilopa
pwg,86517,lup,vgl,pralopa
pwg,86517,lup,vgl,vilopa
pwg,86523,lubDaka,vgl,ArdrA˚
pwg,86526,luB,vgl,aluByant
pwg,86526,luB,vgl,praloBa
pwg,86526,luB,vgl,praloBaka
pwg,86530,lul,vgl,lola
pwg,86536,luz,vgl,lUz
pwg,86538,luh,vgl,luB
pwg,86539,lU,vgl,Alava
pwg,86539,lU,vgl,ullU
pwg,86540,lU,vgl,eka˚
pwg,86541,lUkza,vgl,a˚
pwg,86542,lUtA,vgl,aBi˚
pwg,86548,lUnayavam,vgl,lUyamAnayavam
pwg,86553,lUma,vgl,lUna
pwg,86554,lUyamAnayavam,vgl,lUnayavam
pwg,86555,lUz,vgl,rUz
pwg,86555,lUz,vgl,luz
pwg,86558,leka,vgl,leKa
pwg,86560,leKa,vgl,anaNgaleKA
pwg,86560,leKa,vgl,indu˚
pwg,86560,leKa,vgl,krama˚
pwg,86560,leKa,vgl,candraleKa
pwg,86560,leKa,vgl,citraleKA
pwg,86560,leKa,vgl,jayaleKa
pwg,86560,leKa,vgl,devaleKA
pwg,86560,leKa,vgl,pattra˚
pwg,86561,leKaka,vgl,kAzWa˚
pwg,86561,leKaka,vgl,citra˚
pwg,86561,leKaka,vgl,dEva˚
pwg,86561,leKaka,vgl,naKa˚
pwg,86580,leKArha,vgl,leKyapattra
pwg,86583,leKya,vgl,kraya˚
pwg,86583,leKya,vgl,durleKya
pwg,86586,leKyapattra,vgl,leKArha
pwg,86589,lewa,vgl,upa˚
pwg,86590,lewy,vgl,lowy
pwg,86591,leRqa,vgl,laRqa
pwg,86592,leta,vgl,lota
pwg,86595,lepa,vgl,nirlepa
pwg,86595,lepa,vgl,pAda˚
pwg,86595,lepa,vgl,piRqa˚
pwg,86595,lepa,vgl,piRqI˚
pwg,86595,lepa,vgl,muKa˚
pwg,86595,lepa,vgl,liNga˚
pwg,86595,lepa,vgl,vajra˚
pwg,86599,lepakAminI,vgl,lepyanArI
pwg,86599,lepakAminI,vgl,lepyayozit
pwg,86600,lepana,vgl,BUmi˚
pwg,86604,lepyanArI,vgl,lepyayozit
pwg,86604,lepyanArI,vgl,lepyastrI
pwg,86604,lepyanArI,vgl,lepakAminI
pwg,86607,lepyastrI,vgl,lepyanArI
pwg,86618,lezwu,vgl,nezwu
pwg,86632,lENgika,vgl,liNgopahita˚
pwg,86635,lok,vgl,avaloka
pwg,86635,lok,vgl,Aloka
pwg,86635,lok,vgl,samAloka
pwg,86635,lok,vgl,viloka
pwg,86636,loka,vgl,a˚
pwg,86663,lokaDAtu,vgl,saha˚
pwg,86739,lokasImAtivartin,vgl,lokAtiga
pwg,86739,lokasImAtivartin,vgl,lokAtiSaya
pwg,86743,lokaspft,vgl,lokasmft
pwg,86748,lokAkzi,vgl,lOkAkza
pwg,86748,lokAkzi,vgl,lOkAkzi
pwg,86748,lokAkzi,vgl,lOgAkzi
pwg,86781,lokya,vgl,a˚
pwg,86782,lokyatA,vgl,a˚
pwg,86785,loc,vgl,Alocaka
pwg,86785,loc,vgl,paryAlocana
pwg,86786,loca,vgl,lota
pwg,86788,locana,vgl,cAru˚
pwg,86788,locana,vgl,citralocanA
pwg,86788,locana,vgl,trilocana
pwg,86788,locana,vgl,BAla˚
pwg,86788,locana,vgl,meza˚
pwg,86788,locana,vgl,loka˚
pwg,86788,locana,vgl,hari˚
pwg,86794,locanotsa,vgl,lavaRotsa
pwg,86797,low,vgl,loq
pwg,86797,low,vgl,lOq
pwg,86811,loRAra,vgl,lavaRAraja
pwg,86812,loRikA,vgl,amla˚
pwg,86819,loDra,vgl,pawwi˚
pwg,86819,loDra,vgl,pawwikA˚
pwg,86819,loDra,vgl,mahA˚
pwg,86820,loDraka,vgl,pawwi˚
pwg,86821,lopa,vgl,alopANga
pwg,86821,lopa,vgl,viSva˚
pwg,86824,lopAka,vgl,lopASa
pwg,86825,lopApaka,vgl,lopASa
pwg,86827,lopASa,vgl,lopAka
pwg,86827,lopASa,vgl,lomASa
pwg,86834,loBa,vgl,a˚
pwg,86834,loBa,vgl,ati˚
pwg,86834,loBa,vgl,Dana˚
pwg,86834,loBa,vgl,nirloBa
pwg,86840,loma,vgl,ajalomI
pwg,86840,loma,vgl,atiloma
pwg,86840,loma,vgl,anu˚
pwg,86840,loma,vgl,antarloma
pwg,86840,loma,vgl,ava˚
pwg,86840,loma,vgl,uqulomAH
pwg,86843,lomakarRa,vgl,romakarRaka
pwg,86847,lomakUpa,vgl,romakUpa
pwg,86848,lomagarta,vgl,romagarta
pwg,86851,loman,vgl,asi˚
pwg,86851,loman,vgl,dfQa˚
pwg,86853,lomapAda,vgl,romapAda
pwg,86860,lomavAhin,vgl,lomapravAhin
pwg,86860,lomavAhin,vgl,lomahArin
pwg,86864,lomaSa,vgl,tapta˚
pwg,86864,lomaSa,vgl,pARqulomaSA
pwg,86864,lomaSa,vgl,haMsalomaSa
pwg,86874,lomasaMharzaRa,vgl,lomaharzaRa
pwg,86879,lomaharzaRa,vgl,romaharzaRa
pwg,86887,lomASikA,vgl,lomasikA
pwg,86887,lomASikA,vgl,lopASikA
pwg,86887,lomASikA,vgl,lomASa
pwg,86889,lola,vgl,A˚
pwg,86889,lola,vgl,ullola
pwg,86889,lola,vgl,kallola
pwg,86889,lola,vgl,cAwu˚
pwg,86889,lola,vgl,pra˚
pwg,86889,lola,vgl,mahA˚
pwg,86889,lola,vgl,rati˚
pwg,86889,lola,vgl,lOlya
pwg,86899,lolupa,vgl,a˚
pwg,86899,lolupa,vgl,ganDa˚
pwg,86899,lolupa,vgl,pra˚
pwg,86899,lolupa,vgl,maDu˚
pwg,86918,lozwAkza,vgl,logAkza
pwg,86919,lozwu,vgl,lezwu
pwg,86923,loha,vgl,a˚
pwg,86923,loha,vgl,kfzRa˚
pwg,86939,lohadAraka,vgl,lOhacAraka
pwg,86958,lohaSaNku,vgl,lOhaSaNku
pwg,86962,lohAkarRa,vgl,loDa
pwg,86968,lohAyasa,vgl,lOhAyasa
pwg,86973,lohita,vgl,a˚
pwg,86973,lohita,vgl,A˚
pwg,86989,lohitapittin,vgl,raktapittin
pwg,87001,lohitAkza,vgl,rohitAkza
pwg,87010,lohitAyasa,vgl,lohAyasa
pwg,87025,lohitya,vgl,lOhitya
pwg,87032,lOkAyatika,vgl,lokAyatika
pwg,87037,lOgAkzi,vgl,lOkAkzi
pwg,87039,lOq,vgl,loq
pwg,87039,lOq,vgl,low
pwg,87046,lOmanya,vgl,rOmaRya
pwg,87054,lOlya,vgl,ati˚
pwg,87054,lOlya,vgl,jihvA˚
pwg,87058,lOha,vgl,tri˚
pwg,87077,lOhitya,vgl,lohitya
pwg,87085,vaMSa,vgl,a˚
pwg,87085,vaMSa,vgl,Adi˚
pwg,87085,vaMSa,vgl,indravaMSA
pwg,87085,vaMSa,vgl,udvaMSa
pwg,87085,vaMSa,vgl,karRa˚
pwg,87085,vaMSa,vgl,kzudravaMSA
pwg,87085,vaMSa,vgl,nAlavaMSa
pwg,87085,vaMSa,vgl,nAsA˚
pwg,87085,vaMSa,vgl,pari˚
pwg,87085,vaMSa,vgl,pfzWa˚
pwg,87085,vaMSa,vgl,prAgvaMSa
pwg,87085,vaMSa,vgl,prAcIna˚
pwg,87085,vaMSa,vgl,raGu˚
pwg,87085,vaMSa,vgl,raTa˚
pwg,87085,vaMSa,vgl,rAja˚
pwg,87085,vaMSa,vgl,sa˚
pwg,87085,vaMSa,vgl,soma˚
pwg,87085,vaMSa,vgl,hari˚
pwg,87085,vaMSa,vgl,vAMSika
pwg,87088,vaMSakaWina,vgl,vAMSakaWinika
pwg,87094,vaMSakramAgata,vgl,vaMSAgata
pwg,87103,vaMSaDArA,vgl,vaMSakarA
pwg,87109,vaMSanetra,vgl,ikzunetra
pwg,87118,vaMSaBAra,vgl,vAMSaBArika
pwg,87135,vaMSAgata,vgl,vaMSakramAgata
pwg,87151,vaMSya,vgl,rAja˚
pwg,87155,vakala,vgl,valka
pwg,87155,vakala,vgl,valkala
pwg,87162,vaktar,vgl,ati˚
pwg,87162,vaktar,vgl,priya˚
pwg,87162,vaktar,vgl,brahma˚
pwg,87163,vaktavya,vgl,punarvaktavya
pwg,87163,vaktavya,vgl,vacanIya
pwg,87163,vaktavya,vgl,vAcya
pwg,87166,vakti,vgl,ukti
pwg,87170,vaktra,vgl,a˚
pwg,87170,vaktra,vgl,anvakzarasaMDi˚
pwg,87171,vaktraka,vgl,apa˚
pwg,87192,vakra,vgl,azwA˚
pwg,87192,vakra,vgl,kavAwa˚
pwg,87192,vakra,vgl,ku˚
pwg,87192,vakra,vgl,trivakrA
pwg,87192,vakra,vgl,dantavakra
pwg,87207,vakranAla,vgl,vaktratAla
pwg,87211,vakrapucCa,vgl,vakralANgUla
pwg,87211,vakrapucCa,vgl,vakravAlaDi
pwg,87214,vakraBaRita,vgl,vakrokti
pwg,87218,vakralANgUla,vgl,vakrapucCa
pwg,87218,vakralANgUla,vgl,vakravAlaDi
pwg,87220,vakravAlaDi,vgl,cakravAlaDi
pwg,87243,vakvasa,vgl,balkasa
pwg,87245,vakzaRa,vgl,vIra˚
pwg,87251,vakzas,vgl,ni˚
pwg,87251,vakzas,vgl,mahA˚
pwg,87253,vakzu,vgl,vaNkzu
pwg,87255,vakzoja,vgl,uroja
pwg,87255,vakzoja,vgl,urasija
pwg,87255,vakzoja,vgl,vakzoruha
pwg,87260,vaK,vgl,vaNK
pwg,87269,vaNke,vgl,kapotavaNkA
pwg,87272,vaNkasena,vgl,vaNgasena
pwg,87281,vaNkzaRa,vgl,vakzaRA
pwg,87282,vaNkzu,vgl,vakzu
pwg,87283,vaNK,vgl,vaK
pwg,87286,vaNga,vgl,aDi˚
pwg,87286,vaNga,vgl,ku˚
pwg,87286,vaNga,vgl,cIna˚
pwg,87286,vaNga,vgl,vANga
pwg,87286,vaNga,vgl,vANgaka
pwg,87290,vaNgalA,vgl,vaNgAlI
pwg,87302,vac,vgl,anukta
pwg,87302,vac,vgl,ukta
pwg,87302,vac,vgl,vivakzA
pwg,87302,vac,vgl,acCAvAka
pwg,87302,vac,vgl,acCokti
pwg,87302,vac,vgl,ativaktar
pwg,87302,vac,vgl,aDivaktar
pwg,87302,vac,vgl,aDivAka
pwg,87302,vac,vgl,anuvAcana
pwg,87302,vac,vgl,upavaktar
pwg,87302,vac,vgl,upavAka
pwg,87302,vac,vgl,nivacana
pwg,87302,vac,vgl,nivAku
pwg,87302,vac,vgl,nirukta
pwg,87302,vac,vgl,parAvAka
pwg,87302,vac,vgl,parocya
pwg,87302,vac,vgl,pravaktar
pwg,87302,vac,vgl,pravAcana
pwg,87302,vac,vgl,uktapratyukta
pwg,87302,vac,vgl,prativaktavya
pwg,87302,vac,vgl,vivaktar
pwg,87302,vac,vgl,vivAc
pwg,87302,vac,vgl,vyucya
pwg,87302,vac,vgl,avivAkya
pwg,87307,vacana,vgl,a˚
pwg,87307,vacana,vgl,eka˚
pwg,87307,vacana,vgl,dvi˚
pwg,87307,vacana,vgl,paryAya˚
pwg,87316,vacanIya,vgl,vaktavya
pwg,87316,vacanIya,vgl,vAcya
pwg,87321,vacas,vgl,Atta˚
pwg,87321,vacas,vgl,durvacas
pwg,87321,vacas,vgl,dyukza˚
pwg,87321,vacas,vgl,droGa˚
pwg,87321,vacas,vgl,puruza˚
pwg,87321,vacas,vgl,prati˚
pwg,87321,vacas,vgl,prIti˚
pwg,87321,vacas,vgl,maNgala˚
pwg,87321,vacas,vgl,mata˚
pwg,87321,vacas,vgl,maDu˚
pwg,87321,vacas,vgl,yajYa˚
pwg,87321,vacas,vgl,su˚
pwg,87342,vajahURa,vgl,vajrahURa
pwg,87343,vajra,vgl,indravajra
pwg,87344,vajraka,vgl,dvi˚
pwg,87344,vajraka,vgl,mahA˚
pwg,87353,vajrakIwa,vgl,vajradaMzwra
pwg,87370,vajraRaKA,vgl,vajranaKa
pwg,87388,vajranaKa,vgl,vajraRaKA
pwg,87389,vajranagara,vgl,vajrapura
pwg,87403,vajrapura,vgl,vajranagara
pwg,87448,vajraSfNKalikA,vgl,vajrAsTiSfNKalA
pwg,87463,vajrahURa,vgl,vajahURa
pwg,87492,vaYc,vgl,sUpavaYcana
pwg,87493,vaYcaka,vgl,Atma˚
pwg,87493,vaYcaka,vgl,jagadvaYcaka
pwg,87493,vaYcaka,vgl,banDu˚
pwg,87494,vaYcati,vgl,aYcati
pwg,87496,vaYcana,vgl,mftyu˚
pwg,87505,vaYcya,vgl,vaNkya
pwg,87512,vawa,vgl,upavawa
pwg,87512,vawa,vgl,kalpa˚
pwg,87512,vawa,vgl,gfDra˚
pwg,87512,vawa,vgl,tapo˚ (vawa
pwg,87513,vawaka,vgl,kAYjikavawaka
pwg,87522,vawara,vgl,vaWara
pwg,87538,vawwa,vgl,nAga˚
pwg,87542,vaWara,vgl,vawara
pwg,87543,vaqaBI,vgl,valaBI
pwg,87544,vaqava,vgl,pArebaqavA
pwg,87545,vaqavAgni,vgl,vAqavAgni
pwg,87555,baqiSa,vgl,valiSa
pwg,87572,vaRiNmArga,vgl,vaRikpaTa
pwg,87576,vaRijya,vgl,vARijya
pwg,87577,vaRw,vgl,vaRq
pwg,87577,vaRw,vgl,baRqa
pwg,87578,vaRwa,vgl,baRqa
pwg,87578,vaRwa,vgl,vaRWa
pwg,87582,vaRWa,vgl,baRqa
pwg,87584,vaRq,vgl,vaRw
pwg,87584,vaRq,vgl,baRqa
pwg,87585,vat,vgl,svapivAta
pwg,87588,vataRqa,vgl,vAtaRqa
pwg,87588,vataRqa,vgl,vAtaRqya
pwg,87592,vatU,vgl,ratU
pwg,87594,vatsa,vgl,anupUrva˚
pwg,87594,vatsa,vgl,apa˚
pwg,87594,vatsa,vgl,aBivAnya˚
pwg,87609,vatsaprI,vgl,vAtsapra
pwg,87616,vatsara,vgl,anu˚
pwg,87616,vatsara,vgl,idA˚
pwg,87616,vatsara,vgl,idvatsara
pwg,87616,vatsara,vgl,idu˚
pwg,87616,vatsara,vgl,pari˚
pwg,87616,vatsara,vgl,prati˚
pwg,87616,vatsara,vgl,saM˚
pwg,87622,vatsala,vgl,mitra˚
pwg,87622,vatsala,vgl,vAtsalya
pwg,87629,vatsavyUha,vgl,vatsaBUmi
pwg,87632,vatsAkzI,vgl,gavAkzI
pwg,87637,vatsAra,vgl,a˚
pwg,87638,vatsAsura,vgl,vatsaka
pwg,87647,vad,vgl,anudita
pwg,87647,vad,vgl,jalavAdita
pwg,87647,vad,vgl,ativAda
pwg,87647,vad,vgl,˚vAdin
pwg,87647,vad,vgl,atyudya
pwg,87647,vad,vgl,aDivAda
pwg,87647,vad,vgl,anuvAda
pwg,87647,vad,vgl,apavAda
pwg,87647,vad,vgl,aBivadana
pwg,87647,vad,vgl,˚vAda
pwg,87647,vad,vgl,˚vAdin
pwg,87647,vad,vgl,˚vAdya
pwg,87647,vad,vgl,aBivAdaka
pwg,87647,vad,vgl,pratyaBivAda
pwg,87647,vad,vgl,avavada
pwg,87647,vad,vgl,upavAda
pwg,87647,vad,vgl,nirvAda
pwg,87647,vad,vgl,parivAda
pwg,87647,vad,vgl,pravada
pwg,87647,vad,vgl,pravAdaka
pwg,87647,vad,vgl,prativAda
pwg,87647,vad,vgl,vivAda
pwg,87647,vad,vgl,saMvaditavya
pwg,87647,vad,vgl,saMvAda
pwg,87647,vad,vgl,saMvAdana
pwg,87647,vad,vgl,visaMvAda
pwg,87650,vadana,vgl,rAja˚
pwg,87653,vadanaroga,vgl,muKaroga
pwg,87666,vadAvada,vgl,a˚
pwg,87674,vadya,vgl,a˚
pwg,87676,vaDa,vgl,a˚
pwg,87676,vaDa,vgl,agre˚
pwg,87676,vaDa,vgl,Atma˚
pwg,87685,vaDaBUmi,vgl,vaDyaBUmi
pwg,87696,vaDitra,vgl,banDitra
pwg,87701,vaDU,vgl,kula˚
pwg,87701,vaDU,vgl,ganDa˚
pwg,87701,vaDU,vgl,putra˚
pwg,87701,vaDU,vgl,BrAtf˚
pwg,87701,vaDU,vgl,vAra˚
pwg,87701,vaDU,vgl,svarvaDU
pwg,87701,vaDU,vgl,svarga˚
pwg,87701,vaDU,vgl,svargi˚
pwg,87714,vaDya,vgl,a˚
pwg,87716,vaDyatA,vgl,a˚
pwg,87720,vaDyaBUmi,vgl,vaDaBUmi
pwg,87723,vaDyasTAna,vgl,vaDasTAna
pwg,87724,vaDyA,vgl,brahma˚
pwg,87725,vaDra,vgl,avaDra
pwg,87725,vaDra,vgl,gucCabaDrA
pwg,87733,vaDryaSva,vgl,vADryaSva
pwg,87733,vaDryaSva,vgl,braDnaSva
pwg,87736,van,vgl,aBivAnyavatsA
pwg,87736,van,vgl,saMvanana
pwg,87738,vana,vgl,asipatra˚
pwg,87738,vana,vgl,upa˚
pwg,87738,vana,vgl,citra˚
pwg,87738,vana,vgl,tapo˚
pwg,87738,vana,vgl,naqa˚
pwg,87738,vana,vgl,nfsiMha˚
pwg,87738,vana,vgl,paraSu˚
pwg,87738,vana,vgl,pitf˚
pwg,87738,vana,vgl,puzpa˚
pwg,87738,vana,vgl,pramada˚
pwg,87738,vana,vgl,pramadA˚
pwg,87738,vana,vgl,preta˚
pwg,87738,vana,vgl,PalakA˚
pwg,87738,vana,vgl,PalakI˚
pwg,87738,vana,vgl,bilva˚
pwg,87738,vana,vgl,budDa˚
pwg,87738,vana,vgl,BAnu˚
pwg,87738,vana,vgl,BArga˚
pwg,87738,vana,vgl,maDu˚
pwg,87738,vana,vgl,mahA˚
pwg,87738,vana,vgl,mitra˚
pwg,87738,vana,vgl,mEtreya˚
pwg,87738,vana,vgl,velA˚
pwg,87738,vana,vgl,agrevaRa
pwg,87738,vana,vgl,antarvaRa
pwg,87738,vana,vgl,kowarA˚
pwg,87738,vana,vgl,Kadira˚
pwg,87738,vana,vgl,nirvaRa
pwg,87738,vana,vgl,puragA˚
pwg,87738,vana,vgl,pra˚
pwg,87738,vana,vgl,miSrakA˚
pwg,87738,vana,vgl,Sara˚
pwg,87738,vana,vgl,sArikA˚
pwg,87738,vana,vgl,siDrakA˚
pwg,87738,vana,vgl,prativanam
pwg,87738,vana,vgl,kelIvanI
pwg,87738,vana,vgl,dyu˚
pwg,87752,vanakokilaka,vgl,kokilaka
pwg,87768,vanacara,vgl,vanecara
pwg,87800,vanapArSva,vgl,vanAnta
pwg,87808,vanapraveSa,vgl,vanasaMpraveSa
pwg,87809,vanaprasTa,vgl,vAnaprasTa
pwg,87823,vanamAla,vgl,vanamAlin
pwg,87825,vanamAlADara,vgl,mAlADara
pwg,87855,vanavAsaka,vgl,vanavAsin
pwg,87855,vanavAsaka,vgl,vanavAsya
pwg,87855,vanavAsaka,vgl,vAnavAsaka
pwg,87858,vanavAsya,vgl,vAnavAsya
pwg,87869,vanas,vgl,yajYa˚
pwg,87869,vanas,vgl,girvaRas
pwg,87874,vanasaMpraveSa,vgl,vanapraveSa
pwg,87885,vanasraj,vgl,vanamAlA
pwg,87898,vanAnta,vgl,vanapArSva
pwg,87906,vanAyu,vgl,vAnAyu
pwg,87918,vani,vgl,Aditya˚
pwg,87918,vani,vgl,upamAti˚
pwg,87918,vani,vgl,fju˚
pwg,87918,vani,vgl,kzatra˚
pwg,87918,vani,vgl,DAnya˚
pwg,87918,vani,vgl,DArA˚
pwg,87918,vani,vgl,brahma˚
pwg,87918,vani,vgl,rAyaspoza˚
pwg,87918,vani,vgl,vasu˚
pwg,87918,vani,vgl,vfzwi˚
pwg,87918,vani,vgl,viSva˚
pwg,87918,vani,vgl,Sata˚
pwg,87918,vani,vgl,suprajA˚
pwg,87921,vanita,vgl,tridaSaMvanitA
pwg,87921,vanita,vgl,nAka˚
pwg,87922,vanitar,vgl,vantar
pwg,87929,vanizWa,vgl,vanIyaMs
pwg,87935,vanIyaMs,vgl,vanizWa
pwg,87961,vantar,vgl,vanitar
pwg,87964,vand,vgl,anuvandin
pwg,87964,vand,vgl,aBivandana
pwg,87966,vandaka,vgl,vandA
pwg,87966,vandaka,vgl,vandAka
pwg,87981,vandin,vgl,rAja˚
pwg,87985,vandya,vgl,jagadvandya
pwg,87991,vanDura,vgl,pUrRa˚
pwg,87991,vanDura,vgl,sfpra˚
pwg,87991,vanDura,vgl,hiraRya˚
pwg,88003,vap,vgl,parivApaRa
pwg,88003,vap,vgl,pravapaRa
pwg,88004,vap,vgl,upta
pwg,88004,vap,vgl,apivApa
pwg,88004,vap,vgl,Avapana
pwg,88004,vap,vgl,AvApana
pwg,88004,vap,vgl,aDyAvApa
pwg,88004,vap,vgl,udvapana
pwg,88004,vap,vgl,udvApa
pwg,88004,vap,vgl,nivapana
pwg,88004,vap,vgl,nivApa
pwg,88004,vap,vgl,upanivapana
pwg,88004,vap,vgl,nirupti
pwg,88004,vap,vgl,anunirvApyA
pwg,88004,vap,vgl,parivApa
pwg,88004,vap,vgl,paryupti
pwg,88004,vap,vgl,pravapaRa
pwg,88004,vap,vgl,pravApin
pwg,88004,vap,vgl,pratIvApa
pwg,88025,vapus,vgl,pUrRa˚
pwg,88025,vapus,vgl,meGa˚
pwg,88037,vapra,vgl,roDovapra
pwg,88042,vam,vgl,durvAnta
pwg,88042,vam,vgl,udvamana
pwg,88042,vam,vgl,udvAnta
pwg,88055,vaya,vgl,caturvaya
pwg,88057,vayant,vgl,vAyata
pwg,88059,vayas,vgl,vi
pwg,88061,vayas,vgl,aBi˚
pwg,88061,vayas,vgl,udvayas
pwg,88061,vayas,vgl,nIcA˚
pwg,88061,vayas,vgl,pUrva˚
pwg,88061,vayas,vgl,pra˚
pwg,88061,vayas,vgl,bfhadvayas
pwg,88061,vayas,vgl,maDya˚
pwg,88061,vayas,vgl,vfdDa˚
pwg,88061,vayas,vgl,sa˚
pwg,88082,vayuna,vgl,avayuna
pwg,88101,var,vgl,apavAraRa
pwg,88101,var,vgl,AvaraRa
pwg,88101,var,vgl,Avfti
pwg,88101,var,vgl,durAvAra
pwg,88101,var,vgl,prAvara
pwg,88101,var,vgl,anivfta
pwg,88101,var,vgl,nivara
pwg,88101,var,vgl,nivAra
pwg,88101,var,vgl,nivAraka
pwg,88101,var,vgl,vinivAraRa
pwg,88101,var,vgl,saMnivAraRa
pwg,88101,var,vgl,nirvfti
pwg,88101,var,vgl,parivAra
pwg,88101,var,vgl,parivfta
pwg,88101,var,vgl,parivAraRa
pwg,88101,var,vgl,prativAra
pwg,88101,var,vgl,vivara
pwg,88101,var,vgl,vivaraRa
pwg,88101,var,vgl,vivftA
pwg,88101,var,vgl,vivfti
pwg,88101,var,vgl,saMvara
pwg,88101,var,vgl,saMvaraRa
pwg,88101,var,vgl,saMvfti
pwg,88102,var,vgl,pravAraRa
pwg,88104,vara,vgl,jyezWa˚
pwg,88105,vara,vgl,kAma˚
pwg,88105,vara,vgl,datta
pwg,88106,vara,vgl,pfzadvarA
pwg,88106,vara,vgl,bIjavara
pwg,88106,vara,vgl,budDi˚
pwg,88106,vara,vgl,brAhmaRa˚
pwg,88106,vara,vgl,mantri˚
pwg,88106,vara,vgl,mahAvara
pwg,88106,vara,vgl,meDAvara
pwg,88106,vara,vgl,yaSo˚
pwg,88106,vara,vgl,loha˚
pwg,88120,varawa,vgl,raktavarawI
pwg,88124,varaRa,vgl,punarvaraRa
pwg,88126,varaRamAlA,vgl,varaRasraj
pwg,88137,varatantu,vgl,vAratantavIya
pwg,88142,varatrA,vgl,dErGavaratra
pwg,88142,varatrA,vgl,yOgavaratra
pwg,88142,varatrA,vgl,vaDri
pwg,88185,varala,vgl,varawa
pwg,88185,varala,vgl,vAralA
pwg,88205,varasraj,vgl,varaRamAlA
pwg,88205,varasraj,vgl,varaRasraj
pwg,88215,varAwaka,vgl,kAlavarAwaka
pwg,88215,varAwaka,vgl,kiM˚
pwg,88218,varAqI,vgl,varAwI
pwg,88241,varAha,vgl,durvarAha
pwg,88241,varAha,vgl,nf˚
pwg,88241,varAha,vgl,mahA˚
pwg,88241,varAha,vgl,vArAha
pwg,88260,varAhaSEla,vgl,varAha
pwg,88266,varitar,vgl,varItar
pwg,88266,varitar,vgl,varutar
pwg,88266,varitar,vgl,varUtar
pwg,88287,varItar,vgl,varitar
pwg,88287,varItar,vgl,varutar
pwg,88287,varItar,vgl,varUtar
pwg,88293,varIyaMs,vgl,parovarIyaMs
pwg,88297,varu,vgl,baru
pwg,88299,varuwa,vgl,varuqa
pwg,88300,varuqa,vgl,varawa
pwg,88300,varuqa,vgl,varuwa
pwg,88328,varuRANgaruha,vgl,mEtrAvaruRi
pwg,88328,varuRANgaruha,vgl,vAruRi
pwg,88344,varUtar,vgl,tfzRAvarUtrI
pwg,88357,varendra,vgl,vA˚
pwg,88373,vargaRA,vgl,saMvarga
pwg,88384,vargIRa,vgl,madvargIRi
pwg,88387,vargya,vgl,pAra˚
pwg,88387,vargya,vgl,madvargya
pwg,88389,varc,vgl,varj
pwg,88392,varcas,vgl,a˚
pwg,88392,varcas,vgl,aDo˚
pwg,88392,varcas,vgl,anUna˚
pwg,88392,varcas,vgl,gUQa˚
pwg,88393,varcasa,vgl,palya˚
pwg,88393,varcasa,vgl,brahma˚
pwg,88396,varcasya,vgl,brahma˚
pwg,88398,varcasvin,vgl,brahma˚
pwg,88405,varj,vgl,mAnavarjita
pwg,88405,varj,vgl,apavarga
pwg,88405,varj,vgl,anapavfjya
pwg,88405,varj,vgl,apavarjana
pwg,88405,varj,vgl,Avarjana
pwg,88405,varj,vgl,Avarjita
pwg,88405,varj,vgl,parAvfj
pwg,88405,varj,vgl,parivarga
pwg,88405,varj,vgl,˚vargya
pwg,88405,varj,vgl,˚vfkta
pwg,88405,varj,vgl,parivarjaka
pwg,88405,varj,vgl,vivarjana
pwg,88405,varj,vgl,saMvarga
pwg,88405,varj,vgl,saMvarjana
pwg,88405,varj,vgl,saMvfj
pwg,88406,varja,vgl,varjam
pwg,88407,varjaka,vgl,mAna˚
pwg,88410,varjam,vgl,varja
pwg,88415,varRa,vgl,avarRa
pwg,88416,varRaka,vgl,pAnIyavarRikA
pwg,88416,varRaka,vgl,vArivarRaka
pwg,88455,varRay,vgl,aBibarRana
pwg,88455,varRay,vgl,upavarRana
pwg,88455,varRay,vgl,nirvarRana
pwg,88481,varRasi,vgl,parRasi
pwg,88482,varRasTAna,vgl,sTAna
pwg,88490,varRASA,vgl,parRASA
pwg,88495,varRin,vgl,varavarRin
pwg,88495,varRin,vgl,varavarRinI
pwg,88503,vart,vgl,ativartana
pwg,88503,vart,vgl,˚vartavya˚
pwg,88503,vart,vgl,anuvartana
pwg,88503,vart,vgl,aBivartin
pwg,88503,vart,vgl,˚vftti
pwg,88503,vart,vgl,aBIvarta
pwg,88503,vart,vgl,Avarta
pwg,88503,vart,vgl,apAvftta
pwg,88503,vart,vgl,udAvarta
pwg,88503,vart,vgl,upAvartana
pwg,88503,vart,vgl,upAvft
pwg,88503,vart,vgl,paryAvarta
pwg,88503,vart,vgl,prAvartaka
pwg,88503,vart,vgl,vyAvartana
pwg,88503,vart,vgl,vyAvftti
pwg,88503,vart,vgl,vyAvartaka
pwg,88503,vart,vgl,samAvartana
pwg,88503,vart,vgl,samAvftti
pwg,88503,vart,vgl,udvarta
pwg,88503,vart,vgl,upavarta
pwg,88503,vart,vgl,nivarta
pwg,88503,vart,vgl,nivartaka
pwg,88503,vart,vgl,pratinivartin
pwg,88503,vart,vgl,vinivftti
pwg,88503,vart,vgl,saMnivartana
pwg,88503,vart,vgl,saMnivftti
pwg,88503,vart,vgl,nirvftti
pwg,88503,vart,vgl,nirvartaka
pwg,88503,vart,vgl,aBinirvftti
pwg,88503,vart,vgl,parAvarta
pwg,88503,vart,vgl,parivarta
pwg,88503,vart,vgl,parivartaka
pwg,88503,vart,vgl,viparivartana
pwg,88503,vart,vgl,˚vftti
pwg,88503,vart,vgl,pravarta
pwg,88503,vart,vgl,pravartamAnaka
pwg,88503,vart,vgl,pravartitavya (na punarevaM pravartitavyam
pwg,88503,vart,vgl,pravartaka
pwg,88503,vart,vgl,aBipravartana
pwg,88503,vart,vgl,saMpravartana
pwg,88503,vart,vgl,saMpravftti
pwg,88503,vart,vgl,saMpravartaka
pwg,88503,vart,vgl,prativartana
pwg,88503,vart,vgl,pratIvarta
pwg,88503,vart,vgl,vivarta
pwg,88503,vart,vgl,saMvarta
pwg,88508,vartani,vgl,kfzRa˚
pwg,88508,vartani,vgl,gAyatra˚
pwg,88508,vartani,vgl,Gfta˚
pwg,88508,vartani,vgl,raGu˚
pwg,88508,vartani,vgl,rudra˚
pwg,88508,vartani,vgl,vfjina˚
pwg,88508,vartani,vgl,hiraRya˚
pwg,88513,vartamAnAkzepa,vgl,BavizyadAkzepa
pwg,88518,vartas,vgl,vartani
pwg,88519,varti,vgl,pizwa˚
pwg,88519,varti,vgl,Pala˚
pwg,88519,varti,vgl,varRa˚
pwg,88520,vartika,vgl,mAna˚
pwg,88526,vartin,vgl,ucCAstra˚
pwg,88526,vartin,vgl,kaRWa˚
pwg,88526,vartin,vgl,guRa˚
pwg,88526,vartin,vgl,guru˚
pwg,88526,vartin,vgl,cakra˚
pwg,88526,vartin,vgl,dUra˚
pwg,88526,vartin,vgl,pArSva˚
pwg,88530,vartIra,vgl,vArtIra
pwg,88533,vartula,vgl,Pala˚
pwg,88538,vartman,vgl,anu˚
pwg,88538,vartman,vgl,kalyARa˚
pwg,88538,vartman,vgl,kfzRa˚
pwg,88549,varD,vgl,aBivfdDi
pwg,88549,varD,vgl,parivfdDa
pwg,88549,varD,vgl,parivarDana
pwg,88549,varD,vgl,pravfdDi
pwg,88549,varD,vgl,atipravfdDa
pwg,88549,varD,vgl,pravarDaka
pwg,88549,varD,vgl,vivfdDi
pwg,88555,varDaki,vgl,deva˚
pwg,88557,varDana,vgl,aRqa˚
pwg,88557,varDana,vgl,aSoka˚
pwg,88557,varDana,vgl,ukTa˚
pwg,88557,varDana,vgl,kanda˚
pwg,88557,varDana,vgl,kaPa˚
pwg,88557,varDana,vgl,kamala˚
pwg,88557,varDana,vgl,kula˚
pwg,88557,varDana,vgl,keSa˚
pwg,88557,varDana,vgl,kroDa˚
pwg,88557,varDana,vgl,kzatra˚
pwg,88557,varDana,vgl,go˚
pwg,88557,varDana,vgl,cAruvarDanA
pwg,88557,varDana,vgl,devavarDana
pwg,88557,varDana,vgl,dyumna˚
pwg,88557,varDana,vgl,dravya˚
pwg,88557,varDana,vgl,Darma˚
pwg,88557,varDana,vgl,DAnya˚
pwg,88557,varDana,vgl,nanda˚
pwg,88557,varDana,vgl,nandi˚
pwg,88557,varDana,vgl,nfmRa˚
pwg,88557,varDana,vgl,paSu˚
pwg,88557,varDana,vgl,puRqra˚
pwg,88557,varDana,vgl,puRya˚
pwg,88558,varDana,vgl,nABi˚
pwg,88564,varDamAnaka,vgl,pippalI˚
pwg,88582,varDra,vgl,mitra˚
pwg,88582,varDra,vgl,vArDra
pwg,88594,varman,vgl,a˚
pwg,88594,varman,vgl,apahAra˚
pwg,88596,varmahara,vgl,kavacahara
pwg,88603,varya,vgl,yativarya
pwg,88605,varvaRA,vgl,kzudra˚
pwg,88608,varvUra,vgl,jAlavarvUraka
pwg,88611,varz,vgl,varzay
pwg,88611,varz,vgl,aBivarzaRa
pwg,88611,varz,vgl,avavarzaRa
pwg,88611,varz,vgl,anAvfzwi
pwg,88612,varza,vgl,a˚
pwg,88612,varza,vgl,ati˚
pwg,88620,varzagaRitapadDati,vgl,varzapadDati
pwg,88621,varzagiri,vgl,varzaparvata
pwg,88621,varzagiri,vgl,varzamaryAdAgiri
pwg,88634,varzapadDati,vgl,varzagaRipadDati
pwg,88645,varzavara,vgl,varzaDara
pwg,88656,varzADipa,vgl,varzeSa
pwg,88664,varzAlaNkAyikA,vgl,kowivarzA
pwg,88673,varzika,vgl,trE˚
pwg,88673,varzika,vgl,dvE˚
pwg,88673,varzika,vgl,pOrva˚
pwg,88681,varzIRa,vgl,dvi˚
pwg,88682,varzIya,vgl,paYca˚
pwg,88687,varzeSa,vgl,varzADipa
pwg,88693,varzman,vgl,varzizWa
pwg,88712,valanisUdana,vgl,valavftranisUdana
pwg,88738,valina,vgl,yuva˚
pwg,88740,valimant,vgl,valImant
pwg,88750,valImant,vgl,valimant
pwg,88755,valka,vgl,uru˚
pwg,88755,valka,vgl,danta˚
pwg,88755,valka,vgl,parRa˚
pwg,88755,valka,vgl,bahu˚
pwg,88755,valka,vgl,bfhadvalka
pwg,88755,valka,vgl,yajYa˚
pwg,88755,valka,vgl,dfQavalkA
pwg,88755,valka,vgl,SilA˚
pwg,88755,valka,vgl,vakala
pwg,88759,valkala,vgl,ganDa˚
pwg,88759,valkala,vgl,dfQa˚
pwg,88796,vallaBa,vgl,apara˚
pwg,88796,vallaBa,vgl,kuberaM˚
pwg,88796,vallaBa,vgl,dEvajYa˚
pwg,88796,vallaBa,vgl,pika˚
pwg,88796,vallaBa,vgl,BavAnI˚
pwg,88796,vallaBa,vgl,BU˚
pwg,88796,vallaBa,vgl,BUpAla˚
pwg,88796,vallaBa,vgl,BfNga˚
pwg,88796,vallaBa,vgl,muKa˚
pwg,88796,vallaBa,vgl,muhUrta˚
pwg,88796,vallaBa,vgl,mfga˚
pwg,88796,vallaBa,vgl,rAja˚
pwg,88796,vallaBa,vgl,rADA˚
pwg,88796,vallaBa,vgl,rAma˚
pwg,88796,vallaBa,vgl,rohiRI˚
pwg,88796,vallaBa,vgl,lakzmI˚
pwg,88796,vallaBa,vgl,mArtaRqavallaBA
pwg,88796,vallaBa,vgl,yAjYika˚
pwg,88796,vallaBa,vgl,vahni˚
pwg,88811,vallari,vgl,aNgAra˚
pwg,88811,vallari,vgl,ganDa˚
pwg,88811,vallari,vgl,nAga˚
pwg,88811,vallari,vgl,vana˚
pwg,88811,vallari,vgl,soma˚
pwg,88813,valli,vgl,aNgAra˚
pwg,88813,valli,vgl,aNGri˚
pwg,88813,valli,vgl,kfzRa˚
pwg,88813,valli,vgl,citra˚
pwg,88813,valli,vgl,DvANkza˚
pwg,88813,valli,vgl,nAga˚
pwg,88813,valli,vgl,nIla˚
pwg,88813,valli,vgl,parva˚
pwg,88813,valli,vgl,priya˚
pwg,88813,valli,vgl,badara˚
pwg,88813,valli,vgl,bahu˚
pwg,88813,valli,vgl,PaRi˚
pwg,88813,valli,vgl,brahma˚
pwg,88813,valli,vgl,Badra˚
pwg,88813,valli,vgl,maDu˚
pwg,88813,valli,vgl,maDura˚
pwg,88813,valli,vgl,mahA˚
pwg,88813,valli,vgl,mADava˚
pwg,88813,valli,vgl,meza˚
pwg,88813,valli,vgl,mohana˚
pwg,88813,valli,vgl,yajYa˚
pwg,88813,valli,vgl,yojana˚
pwg,88813,valli,vgl,rati˚
pwg,88813,valli,vgl,rAja˚
pwg,88813,valli,vgl,vajra˚
pwg,88813,valli,vgl,viza˚
pwg,88813,valli,vgl,sUrya˚
pwg,88817,vallija,vgl,vallIja
pwg,88825,vallIja,vgl,vallija
pwg,88829,vallura,vgl,vallUra
pwg,88830,vallUra,vgl,vallura
pwg,88834,valh,vgl,upavalha
pwg,88834,valh,vgl,pravalha
pwg,88837,vavri,vgl,vi˚
pwg,88840,vaSa,vgl,a˚
pwg,88841,vaSa,vgl,vasA
pwg,88854,vaSaMgama,vgl,a˚
pwg,88862,vaSA,vgl,a˚
pwg,88862,vaSA,vgl,ukzavaSa
pwg,88862,vaSA,vgl,govaSA
pwg,88865,vaSAgata,vgl,mArgavaSAnuga
pwg,88869,vaSAnuga,vgl,mArga˚
pwg,88873,vaSAyAta,vgl,mArga˚
pwg,88876,vaSika,vgl,vaSin
pwg,88880,vaSin,vgl,a˚
pwg,88880,vaSin,vgl,karma˚
pwg,88880,vaSin,vgl,tanU˚
pwg,88892,vaSIra,vgl,vasira
pwg,88894,vaSmasA,vgl,masmasA
pwg,88895,vaSya,vgl,avaSyam
pwg,88895,vaSya,vgl,kAmavaSya
pwg,88895,vaSya,vgl,para˚
pwg,88895,vaSya,vgl,pAra˚
pwg,88913,vas,vgl,apavAsa
pwg,88916,vas,vgl,anuvAsin
pwg,88916,vas,vgl,antaruzya
pwg,88916,vas,vgl,aBivAsa
pwg,88916,vas,vgl,Avasati
pwg,88916,vas,vgl,AvAsa
pwg,88916,vas,vgl,udvAsana
pwg,88916,vas,vgl,udvAsya
pwg,88916,vas,vgl,upavasaTa
pwg,88916,vas,vgl,upavastar
pwg,88916,vas,vgl,upavAsa
pwg,88916,vas,vgl,upavAsin
pwg,88916,vas,vgl,upozaRa
pwg,88916,vas,vgl,nivasati
pwg,88916,vas,vgl,nirvAsa
pwg,88916,vas,vgl,parivasaTa
pwg,88916,vas,vgl,parivAsa
pwg,88916,vas,vgl,pravasaTa
pwg,88916,vas,vgl,pravAsana
pwg,88916,vas,vgl,prativasaTa
pwg,88916,vas,vgl,˚vAsin
pwg,88916,vas,vgl,vivAsa
pwg,88916,vas,vgl,vivAsana
pwg,88916,vas,vgl,vivAsya
pwg,88916,vas,vgl,saMvasaTa
pwg,88919,vas,vgl,parivAsana
pwg,88922,vasati,vgl,garBa˚
pwg,88922,vasati,vgl,durvasati
pwg,88922,vasati,vgl,pitf˚
pwg,88922,vasati,vgl,prati˚
pwg,88922,vasati,vgl,rAja˚
pwg,88922,vasati,vgl,sattra˚
pwg,88922,vasati,vgl,saha˚
pwg,88925,vasana,vgl,carma˚
pwg,88925,vasana,vgl,nIla˚
pwg,88925,vasana,vgl,Badra˚
pwg,88925,vasana,vgl,mukta˚
pwg,88925,vasana,vgl,vi˚
pwg,88925,vasana,vgl,su˚
pwg,88931,vasanta,vgl,su˚
pwg,88931,vasanta,vgl,vAsanta
pwg,88931,vasanta,vgl,vAsantika
pwg,88946,vasantamahotsava,vgl,vasantotsava
pwg,88957,vasantasamayotsava,vgl,vasantotsava
pwg,88961,vasantotsava,vgl,vasantamahotsava
pwg,88965,vasA,vgl,mahAvasa
pwg,88969,vasAti,vgl,vAsAtaka
pwg,88969,vasAti,vgl,vAsAtya
pwg,88982,vasika,vgl,vaSika
pwg,88982,vasika,vgl,vaSin
pwg,88987,vasizWa,vgl,bfhadvasizWa
pwg,88987,vasizWa,vgl,vfdDa˚
pwg,88996,vasizWasidDAnta,vgl,vAsizWa
pwg,88998,vasIyaMs,vgl,pApa˚
pwg,88999,vasu,vgl,akzitA˚
pwg,88999,vasu,vgl,antarvasu
pwg,88999,vasu,vgl,arvA˚
pwg,88999,vasu,vgl,A˚
pwg,88999,vasu,vgl,AGfRi˚
pwg,88999,vasu,vgl,ABaradvasu
pwg,88999,vasu,vgl,Ayadvasu
pwg,88999,vasu,vgl,idadvasu
pwg,88999,vasu,vgl,upA˚
pwg,88999,vasu,vgl,citrA˚
pwg,88999,vasu,vgl,jenyA˚
pwg,88999,vasu,vgl,tvA˚
pwg,88999,vasu,vgl,divA˚
pwg,88999,vasu,vgl,DiyA˚
pwg,88999,vasu,vgl,nirvasu
pwg,88999,vasu,vgl,parA˚
pwg,88999,vasu,vgl,punarvasu
pwg,88999,vasu,vgl,purA˚
pwg,88999,vasu,vgl,purU˚
pwg,88999,vasu,vgl,puro˚
pwg,88999,vasu,vgl,pra˚
pwg,88999,vasu,vgl,praBU˚
pwg,88999,vasu,vgl,bfhadvasu
pwg,88999,vasu,vgl,Bavadvasu
pwg,88999,vasu,vgl,manA˚
pwg,88999,vasu,vgl,mayi˚
pwg,88999,vasu,vgl,mahA˚
pwg,88999,vasu,vgl,mitrA˚
pwg,88999,vasu,vgl,mudA˚
pwg,88999,vasu,vgl,vAjinI˚
pwg,88999,vasu,vgl,vidadvasu
pwg,88999,vasu,vgl,viBA˚
pwg,88999,vasu,vgl,viSvA˚
pwg,88999,vasu,vgl,vfzaRvasu
pwg,88999,vasu,vgl,Satadvasu
pwg,88999,vasu,vgl,saMyadvasu
pwg,88999,vasu,vgl,svA˚
pwg,89004,vasukra,vgl,vAsukra
pwg,89017,vasudA,vgl,vasuda
pwg,89023,vasudeva,vgl,vAsudeva
pwg,89067,vasupUjyarAj,vgl,vAsupUjya
pwg,89111,vasUka,vgl,vasuka
pwg,89128,vasti,vgl,aja˚
pwg,89128,vasti,vgl,indra˚
pwg,89132,vastikuRqalikA,vgl,vAtakuRqalikA
pwg,89136,vastu,vgl,prati˚
pwg,89136,vastu,vgl,Boga˚
pwg,89136,vastu,vgl,maNgalya˚
pwg,89136,vastu,vgl,yaTA˚
pwg,89136,vastu,vgl,yudDa˚
pwg,89136,vastu,vgl,raNga˚
pwg,89143,vastubala,vgl,vastuSakti
pwg,89149,vastuSakti,vgl,vastubala
pwg,89156,vastra,vgl,antarvastra
pwg,89156,vastra,vgl,uttara˚
pwg,89156,vastra,vgl,nIla˚
pwg,89156,vastra,vgl,netra˚
pwg,89156,vastra,vgl,vi˚
pwg,89156,vastra,vgl,snAna˚
pwg,89198,vasvokasArA,vgl,vasuDArA
pwg,89199,vah,vgl,navoQA
pwg,89199,vah,vgl,sahoQa
pwg,89199,vah,vgl,sUryoQa
pwg,89199,vah,vgl,durvAhita
pwg,89199,vah,vgl,vanIvAhana
pwg,89199,vah,vgl,ativoQar
pwg,89199,vah,vgl,aDivAhana
pwg,89199,vah,vgl,anuvaha
pwg,89199,vah,vgl,apavAha
pwg,89199,vah,vgl,apavAhya
pwg,89199,vah,vgl,apavAhaka
pwg,89199,vah,vgl,apavAhana
pwg,89199,vah,vgl,Avaha
pwg,89199,vah,vgl,AvAhana
pwg,89199,vah,vgl,udvaha
pwg,89199,vah,vgl,udvAhana
pwg,89199,vah,vgl,prodvAha
pwg,89199,vah,vgl,upavaha
pwg,89199,vah,vgl,upavAhin
pwg,89199,vah,vgl,nivaha
pwg,89199,vah,vgl,nivAha
pwg,89199,vah,vgl,nirUQi
pwg,89199,vah,vgl,nirvahaRa
pwg,89199,vah,vgl,nirvAhaka
pwg,89199,vah,vgl,parAvaha
pwg,89199,vah,vgl,parivaha
pwg,89199,vah,vgl,parivAha
pwg,89199,vah,vgl,parivAhin
pwg,89199,vah,vgl,pravaha
pwg,89199,vah,vgl,pravAhaka
pwg,89199,vah,vgl,pravAhaRa
pwg,89199,vah,vgl,prativAha
pwg,89199,vah,vgl,pratIvAha
pwg,89199,vah,vgl,prativoQavya
pwg,89199,vah,vgl,samUQa
pwg,89199,vah,vgl,saMvAha
pwg,89200,vah,vgl,anaqvah
pwg,89200,vah,vgl,ano˚
pwg,89200,vah,vgl,apsu˚
pwg,89200,vah,vgl,iDma˚
pwg,89200,vah,vgl,indra˚
pwg,89200,vah,vgl,girvah
pwg,89200,vah,vgl,turya˚
pwg,89200,vah,vgl,dakziRA˚
pwg,89200,vah,vgl,ditya˚
pwg,89200,vah,vgl,pazWa˚
pwg,89200,vah,vgl,pArzRi˚
pwg,89200,vah,vgl,pUrva˚
pwg,89200,vah,vgl,pUrvAgni˚
pwg,89200,vah,vgl,pfzwi˚
pwg,89200,vah,vgl,prazWa˚
pwg,89200,vah,vgl,preta˚
pwg,89200,vah,vgl,BAra˚
pwg,89200,vah,vgl,BU˚
pwg,89200,vah,vgl,maDyama˚
pwg,89200,vah,vgl,vajra˚
pwg,89200,vah,vgl,vIra˚
pwg,89200,vah,vgl,viSva˚
pwg,89200,vah,vgl,Sveta˚
pwg,89200,vah,vgl,saha˚
pwg,89200,vah,vgl,suzwu˚
pwg,89200,vah,vgl,havirvah
pwg,89200,vah,vgl,havya˚
pwg,89201,vaha,vgl,fzI˚
pwg,89201,vaha,vgl,ganDa˚
pwg,89201,vaha,vgl,jagadvahA
pwg,89201,vaha,vgl,dAruvaha
pwg,89201,vaha,vgl,durvaha
pwg,89201,vaha,vgl,DUrvaha
pwg,89201,vaha,vgl,pIlu˚
pwg,89201,vaha,vgl,prAvftkAla˚
pwg,89201,vaha,vgl,munI˚
pwg,89201,vaha,vgl,mUtra˚
pwg,89201,vaha,vgl,yoga˚
pwg,89201,vaha,vgl,rasa˚
pwg,89201,vaha,vgl,ruci˚
pwg,89201,vaha,vgl,vAri˚
pwg,89201,vaha,vgl,suKa˚
pwg,89201,vaha,vgl,sroto˚
pwg,89201,vaha,vgl,huta˚
pwg,89203,vahat,vgl,sravat
pwg,89205,vahati,vgl,vahatu
pwg,89209,vahana,vgl,cakzurvahana
pwg,89209,vahana,vgl,pUrvAgni˚
pwg,89209,vahana,vgl,soma˚
pwg,89215,vahala,vgl,ganDa˚
pwg,89222,vahni,vgl,maKa˚
pwg,89222,vahni,vgl,meGa˚
pwg,89222,vahni,vgl,vana˚
pwg,89222,vahni,vgl,su˚
pwg,89228,vahnikoRa,vgl,agnikoRa
pwg,89231,vahnigfha,vgl,agniSAlA
pwg,89250,vahnimanTa,vgl,agnimanTa
pwg,89266,vahnisaMskAra,vgl,agnisaMskAra
pwg,89268,vahnisAkzikam,vgl,agnisAkzika
pwg,89277,vA,vgl,upavA
pwg,89277,vA,vgl,nirvARa
pwg,89277,vA,vgl,pravA
pwg,89277,vA,vgl,pravAta
pwg,89280,vA,vgl,Uy
pwg,89280,vA,vgl,amota
pwg,89280,vA,vgl,otu
pwg,89280,vA,vgl,fgAvAnam
pwg,89287,vAka,vgl,acCA˚
pwg,89287,vAka,vgl,amfta˚
pwg,89287,vAka,vgl,fta˚
pwg,89287,vAka,vgl,cakra˚
pwg,89287,vAka,vgl,cArvAka
pwg,89287,vAka,vgl,joza˚
pwg,89287,vAka,vgl,DAra˚
pwg,89287,vAka,vgl,namo˚
pwg,89287,vAka,vgl,praSa~yyu˚
pwg,89287,vAka,vgl,vali˚
pwg,89287,vAka,vgl,valI˚
pwg,89287,vAka,vgl,SaMyu˚
pwg,89287,vAka,vgl,SaMyorvAka
pwg,89287,vAka,vgl,satya˚
pwg,89287,vAka,vgl,sinI˚
pwg,89287,vAka,vgl,sUkta˚
pwg,89297,vAkkIra,vgl,vArakIra
pwg,89315,vAkpuzpa,vgl,puzpa
pwg,89318,vAkya,vgl,nirvAkya
pwg,89318,vAkya,vgl,prati˚
pwg,89318,vAkya,vgl,pramARa˚
pwg,89318,vAkya,vgl,mahA˚
pwg,89318,vAkya,vgl,miTyA˚
pwg,89318,vAkya,vgl,satya˚
pwg,89365,vAgISvara,vgl,vAdi˚
pwg,89391,vAgdevatya,vgl,vAgdEvatya
pwg,89393,vAgdEvatya,vgl,vAgdevatya
pwg,89396,vAgBawa,vgl,vfdDa˚
pwg,89398,vAgBawwa,vgl,vAgBawa
pwg,89427,vANkz,vgl,kANkz
pwg,89439,vAc,vgl,a˚
pwg,89439,vAc,vgl,adroGa˚
pwg,89439,vAc,vgl,anfta˚
pwg,89439,vAc,vgl,aBaya˚
pwg,89440,vAca,vgl,koka˚
pwg,89443,vAcaka,vgl,guRa˚
pwg,89443,vAcaka,vgl,paryAya˚
pwg,89450,vAcana,vgl,puRyAha˚
pwg,89461,vAcaspatya,vgl,yoga˚
pwg,89463,vAcAwa,vgl,vAcAla
pwg,89465,vAcAla,vgl,vAcAwa
pwg,89468,vAcAvirudDa,vgl,manovirudDa
pwg,89481,vAcya,vgl,a˚
pwg,89481,vAcya,vgl,durvAcya
pwg,89481,vAcya,vgl,para˚
pwg,89481,vAcya,vgl,Badra˚
pwg,89481,vAcya,vgl,svasti˚
pwg,89481,vAcya,vgl,vaktavya
pwg,89491,vAja,vgl,gfDra˚
pwg,89491,vAja,vgl,citra˚
pwg,89523,vAjay,vgl,upavAjana
pwg,89531,vAjaSrava,vgl,vAjaSravas
pwg,89531,vAjaSrava,vgl,vAjasrava
pwg,89544,vAjasft,vgl,vAjaSravas
pwg,89545,vAjasrajAkza,vgl,vAjaSrava
pwg,89548,vAjiganDA,vgl,aSvaganDA
pwg,89550,vAjita,vgl,gArDra˚
pwg,89553,vAjin,vgl,Sveta˚
pwg,89568,vAjiSatru,vgl,aSvamAra
pwg,89570,vAjiSiras,vgl,aSvaSiras
pwg,89570,vAjiSiras,vgl,hayaSiras
pwg,89588,vAwa,vgl,akzavAwa
pwg,89588,vAwa,vgl,anala˚
pwg,89588,vAwa,vgl,indravAwatIrTa
pwg,89588,vAwa,vgl,kAzWa˚
pwg,89588,vAwa,vgl,go˚
pwg,89588,vAwa,vgl,cakra˚
pwg,89588,vAwa,vgl,pARqya˚
pwg,89588,vAwa,vgl,yajYa˚
pwg,89588,vAwa,vgl,raNga˚
pwg,89588,vAwa,vgl,ikzuvAwI
pwg,89588,vAwa,vgl,karma˚
pwg,89588,vAwa,vgl,gfha˚
pwg,89588,vAwa,vgl,puzpa˚
pwg,89589,vAwaka,vgl,amlavAwikA
pwg,89589,vAwaka,vgl,ikzu˚
pwg,89589,vAwaka,vgl,gfha˚
pwg,89589,vAwaka,vgl,gfhavfkza˚
pwg,89589,vAwaka,vgl,puzpa˚
pwg,89589,vAwaka,vgl,Palgu˚
pwg,89589,vAwaka,vgl,BUkzIra˚
pwg,89589,vAwaka,vgl,muKa˚
pwg,89614,vAqavAnala,vgl,vaqavAnala
pwg,89628,vARi,vgl,antarvARi
pwg,89628,vARi,vgl,para˚
pwg,89628,vARi,vgl,prati˚
pwg,89632,vARijika,vgl,DarmabARijika
pwg,89638,vARI,vgl,vARi
pwg,89640,vARI,vgl,mAhendra˚
pwg,89663,vAtaKuqA,vgl,vAtahuqA
pwg,89691,vAtapati,vgl,vAtADipa
pwg,89733,vAtala,vgl,a˚
pwg,89735,vAtavata,vgl,vADAvata
pwg,89737,vAtavarza,vgl,vAtavfzwi
pwg,89741,vAtavfzwi,vgl,vAtavarza
pwg,89745,vAtavyADi,vgl,mahA˚
pwg,89756,vAtaskanDa,vgl,vAyuskanDa
pwg,89762,vAtahuqA,vgl,vAtaKuqA
pwg,89775,vAtADvan,vgl,vAtAyana
pwg,89794,vAtASa,vgl,pavanASa
pwg,89795,vAtASin,vgl,pavanASin
pwg,89807,vAtIka,vgl,vAtika
pwg,89811,vAtula,vgl,vAtUla
pwg,89813,vAtuli,vgl,tarutUlikA
pwg,89834,vAtsaSAla,vgl,vatsaSAla
pwg,89846,vAda,vgl,anAraBya˚
pwg,89846,vAda,vgl,anekAnta˚
pwg,89846,vAda,vgl,arTa˚
pwg,89846,vAda,vgl,ASIrvAda
pwg,89846,vAda,vgl,eka˚
pwg,89846,vAda,vgl,ku˚
pwg,89846,vAda,vgl,guRa˚
pwg,89846,vAda,vgl,jana˚ durvAda
pwg,89846,vAda,vgl,Darma˚
pwg,89846,vAda,vgl,DAtu˚
pwg,89846,vAda,vgl,nAsti˚
pwg,89846,vAda,vgl,pakza˚
pwg,89846,vAda,vgl,para˚
pwg,89846,vAda,vgl,pARi˚
pwg,89846,vAda,vgl,pApa˚
pwg,89846,vAda,vgl,pUrva˚
pwg,89846,vAda,vgl,pratikUla˚
pwg,89846,vAda,vgl,prAmARya˚
pwg,89846,vAda,vgl,priya˚
pwg,89847,vAdaka,vgl,pARi˚
pwg,89847,vAdaka,vgl,priyavAdikA
pwg,89873,vAdin,vgl,agni˚
pwg,89873,vAdin,vgl,anekAnta˚
pwg,89873,vAdin,vgl,anya˚
pwg,89873,vAdin,vgl,ahaM˚
pwg,89873,vAdin,vgl,uttara˚
pwg,89873,vAdin,vgl,fta˚
pwg,89873,vAdin,vgl,koRa˚
pwg,89873,vAdin,vgl,kriyA˚
pwg,89873,vAdin,vgl,kzAnti˚
pwg,89873,vAdin,vgl,guRa˚
pwg,89881,vAdya,vgl,ekavAdyA
pwg,89881,vAdya,vgl,udakavAdya
pwg,89881,vAdya,vgl,jala˚
pwg,89881,vAdya,vgl,parRa˚
pwg,89881,vAdya,vgl,brahma˚
pwg,89881,vAdya,vgl,maNgala˚
pwg,89881,vAdya,vgl,muKa˚
pwg,89881,vAdya,vgl,vaMSi˚
pwg,89894,vADUla,vgl,vADOla
pwg,89896,vADOla,vgl,vADUla
pwg,89898,vADrIRasa,vgl,vArDIRasa
pwg,89898,vADrIRasa,vgl,vArDrInasa
pwg,89901,vAna,vgl,a˚
pwg,89902,vAna,vgl,tantu˚
pwg,89917,vAnarAzwaka,vgl,vAnaryazwaka
pwg,89921,vAnaryazwaka,vgl,vAnarAzwaka
pwg,89947,vAnyA,vgl,api˚
pwg,89947,vAnyA,vgl,aBi˚
pwg,89947,vAnyA,vgl,ni˚
pwg,89950,vApa,vgl,anya˚
pwg,89950,vApa,vgl,KArI˚
pwg,89950,vApa,vgl,bIja˚
pwg,89950,vApa,vgl,mUla˚
pwg,89961,vApin,vgl,bIja˚
pwg,89962,vApI,vgl,mataNga˚
pwg,89962,vApI,vgl,lIlA˚
pwg,89962,vApI,vgl,svarvApI
pwg,89963,vApIha,vgl,vappIha
pwg,89971,vAma,vgl,anti˚
pwg,89971,vAma,vgl,yajYa˚
pwg,90019,vAmAkzi,vgl,vAmanetra
pwg,90043,vAyadaRqa,vgl,tantu˚
pwg,90047,vAyava,vgl,Endra˚
pwg,90050,vAyasa,vgl,tIrTa˚
pwg,90050,vAyasa,vgl,nagara˚
pwg,90050,vAyasa,vgl,nirvAyasa
pwg,90063,vAyasolI,vgl,kAkolI
pwg,90065,vAyu,vgl,mahA˚
pwg,90069,vAyuketu,vgl,vAtaketu
pwg,90126,vAyuskanDa,vgl,vAtaskanDa
pwg,90133,vAr,vgl,vAri
pwg,90133,vAr,vgl,vArvatI
pwg,90134,vAra,vgl,udvAra
pwg,90134,vAra,vgl,puru˚
pwg,90134,vAra,vgl,vIta˚
pwg,90138,vAra,vgl,aSvavAra
pwg,90139,vAraka,vgl,kara˚
pwg,90139,vAraka,vgl,mArivyasana˚
pwg,90139,vAraka,vgl,vajra˚
pwg,90143,vArakanyakA,vgl,vAranArI
pwg,90143,vArakanyakA,vgl,˚muKyA
pwg,90143,vArakanyakA,vgl,˚yuvati
pwg,90143,vArakanyakA,vgl,˚yozit
pwg,90143,vArakanyakA,vgl,˚vaDU
pwg,90143,vArakanyakA,vgl,˚vilAsinI
pwg,90143,vArakanyakA,vgl,˚sundarI
pwg,90143,vArakanyakA,vgl,˚strI
pwg,90143,vArakanyakA,vgl,vArANganA
pwg,90149,vAraRa,vgl,Atapa˚
pwg,90149,vAraRa,vgl,uzRa˚
pwg,90157,vAraRasAhvaya,vgl,gajasAhvaya
pwg,90157,vAraRasAhvaya,vgl,nAgasAhvaya
pwg,90163,vAraRIya,vgl,durvAraRIya
pwg,90170,vAranArI,vgl,vArakanyakA
pwg,90170,vAranArI,vgl,vArayozit
pwg,90172,vArapASya,vgl,pASivAwa
pwg,90176,vAramuKyA,vgl,vArakanyakA
pwg,90178,vArayuvati,vgl,vArakanyakA
pwg,90182,vAralA,vgl,varalA
pwg,90182,vAralA,vgl,vArawA
pwg,90185,vAravaDU,vgl,vArakanyakA
pwg,90193,vAravilAsinI,vgl,vArakanyakA
pwg,90196,vArastrI,vgl,vArakanyakA
pwg,90197,vArANganA,vgl,raNga˚
pwg,90199,vArARasI,vgl,vARArasI
pwg,90203,vArAsana,vgl,vAHsadana
pwg,90204,vArAha,vgl,mahA˚
pwg,90204,vArAha,vgl,vajravArAhI
pwg,90207,vArAhatIrTa,vgl,vArAha
pwg,90214,vAri,vgl,netra˚
pwg,90214,vAri,vgl,mada˚
pwg,90227,vAricAmara,vgl,ambucAmara
pwg,90228,vArija,vgl,vArisaMBava
pwg,90234,vAritrA,vgl,jalatrA
pwg,90242,vAriDi,vgl,kzIra˚
pwg,90254,vAribadara,vgl,vArivadana
pwg,90262,vAriyantra,vgl,jalayantra
pwg,90262,vAriyantra,vgl,toyayantra
pwg,90266,vAriruha,vgl,kfmi˚
pwg,90273,vArivaha,vgl,vArivAha
pwg,90284,vArisaMBava,vgl,vArija
pwg,90297,vAruRa,vgl,indravAruRI
pwg,90297,vAruRa,vgl,bfhadvAruRI
pwg,90297,vAruRa,vgl,mahA˚
pwg,90297,vAruRa,vgl,mahendra˚
pwg,90298,vAruRatIrTa,vgl,varuRatIrTa
pwg,90312,vArevfta,vgl,varavfta
pwg,90324,vArkza,vgl,daRqa˚
pwg,90340,vArtantavIya,vgl,vAratantavIya
pwg,90343,vArtAtaveya,vgl,vAratantavIya
pwg,90345,vArtIra,vgl,vartIra
pwg,90346,vArtta,vgl,galavArtta
pwg,90346,vArtta,vgl,durvArttA
pwg,90346,vArtta,vgl,prati˚
pwg,90346,vArtta,vgl,loka˚
pwg,90347,vArttAka,vgl,kawuvArtAkI
pwg,90347,vArttAka,vgl,kzudra˚
pwg,90366,vArttikendra,vgl,vArttika
pwg,90386,vArDanI,vgl,varDana
pwg,90392,vArDrIRasa,vgl,vADrIRasa
pwg,90393,vArDrInasa,vgl,vArDrIRasa
pwg,90402,vArya,vgl,durvArya
pwg,90402,vArya,vgl,nirvArya
pwg,90434,vArzAyaRi,vgl,vArzyAyaRi
pwg,90436,vArzika,vgl,daSa˚
pwg,90436,vArzika,vgl,dvAdaSa˚
pwg,90436,vArzika,vgl,dvi˚
pwg,90436,vArzika,vgl,paYca˚
pwg,90436,vArzika,vgl,pUrva˚
pwg,90436,vArzika,vgl,bahu˚
pwg,90436,vArzika,vgl,mahAvArzikA
pwg,90449,vArzyAyaRi,vgl,vArzAyaRi
pwg,90450,vAla,vgl,UrDvabAla
pwg,90450,vAla,vgl,gobAla
pwg,90450,vAla,vgl,govAla
pwg,90450,vAla,vgl,dIrGabAlA
pwg,90450,vAla,vgl,durbAla
pwg,90450,vAla,vgl,prabAla
pwg,90450,vAla,vgl,maRivAla
pwg,90450,vAla,vgl,rajju˚
pwg,90450,vAla,vgl,loha˚
pwg,90452,vAlaka,vgl,vAri˚
pwg,90487,vAlukA,vgl,karamBa˚
pwg,90496,vAleya,vgl,bAleya
pwg,90510,vAlvaNgiri,vgl,vAluka
pwg,90521,vAvuwa,vgl,vArbawa
pwg,90523,vAS,vgl,rAS
pwg,90523,vAS,vgl,bastABivASin
pwg,90523,vAS,vgl,prativASa
pwg,90529,vASana,vgl,Gora˚
pwg,90531,vASA,vgl,vAsA
pwg,90536,vASin,vgl,kAka˚
pwg,90536,vASin,vgl,Gora˚
pwg,90538,vASI,vgl,hiraRya˚
pwg,90557,vAsagfha,vgl,jAta˚
pwg,90567,vAsana,vgl,muKa˚
pwg,90575,vAsaBavana,vgl,vAsagfha
pwg,90578,vAsay,vgl,anuvAsa
pwg,90578,vAsay,vgl,˚vAsana
pwg,90578,vAsay,vgl,˚vAsya
pwg,90583,vAsara,vgl,bindu˚
pwg,90583,vAsara,vgl,voDa˚
pwg,90583,vAsara,vgl,ravi˚
pwg,90583,vAsara,vgl,prativAsaram
pwg,90586,vAsarakftya,vgl,dinakartavya
pwg,90586,vAsarakftya,vgl,dinakArya
pwg,90602,vAsaveSman,vgl,SayyA˚
pwg,90604,vAsas,vgl,antarvAsas
pwg,90609,vAsAgAra,vgl,vAsagfha
pwg,90623,vAsin,vgl,ajina˚
pwg,90623,vAsin,vgl,rakta˚
pwg,90624,vAsin,vgl,anta˚
pwg,90624,vAsin,vgl,ante˚
pwg,90624,vAsin,vgl,ambu˚
pwg,90624,vAsin,vgl,araRya˚
pwg,90624,vAsin,vgl,ASrama˚
pwg,90626,vAsin,vgl,vasta˚
pwg,90631,vAsizWa,vgl,bfhadvAsizWa
pwg,90631,vAsizWa,vgl,yoga˚
pwg,90662,vAsOkas,vgl,vAsagfha
pwg,90662,vAsOkas,vgl,vAsAgAra
pwg,90669,vAstu,vgl,nApita˚
pwg,90669,vAstu,vgl,pura˚
pwg,90669,vAstu,vgl,pfzWa˚
pwg,90669,vAstu,vgl,yajYa˚
pwg,90685,vAstuha,vgl,vAstuka
pwg,90686,vAstUka,vgl,amla˚
pwg,90686,vAstUka,vgl,araRya˚
pwg,90686,vAstUka,vgl,cukra˚
pwg,90694,vAsya,vgl,praTama˚
pwg,90702,vAha,vgl,agni˚
pwg,90702,vAha,vgl,aja˚
pwg,90702,vAha,vgl,ambu˚
pwg,90703,vAhaka,vgl,jala˚
pwg,90703,vAhaka,vgl,tAmvUla˚
pwg,90703,vAhaka,vgl,paTi˚
pwg,90703,vAhaka,vgl,raTa˚
pwg,90703,vAhaka,vgl,vAri˚
pwg,90703,vAhaka,vgl,Sveta˚
pwg,90703,vAhaka,vgl,skanDa˚
pwg,90707,vAhadvipant,vgl,vAharipu
pwg,90708,vAhana,vgl,uda˚
pwg,90708,vAhana,vgl,kavya˚
pwg,90708,vAhana,vgl,kravya˚
pwg,90708,vAhana,vgl,jala˚
pwg,90708,vAhana,vgl,dvija˚
pwg,90708,vAhana,vgl,deva˚
pwg,90708,vAhana,vgl,naga˚
pwg,90708,vAhana,vgl,nara˚
pwg,90708,vAhana,vgl,nf˚
pwg,90708,vAhana,vgl,pakza˚
pwg,90708,vAhana,vgl,pavana˚
pwg,90708,vAhana,vgl,purIza˚
pwg,90708,vAhana,vgl,purIzya˚
pwg,90708,vAhana,vgl,puzpa˚
pwg,90708,vAhana,vgl,pravara˚
pwg,90708,vAhana,vgl,prazwi˚
pwg,90708,vAhana,vgl,baBru˚
pwg,90708,vAhana,vgl,barhi˚
pwg,90708,vAhana,vgl,barhiRa˚
pwg,90708,vAhana,vgl,bIja˚
pwg,90708,vAhana,vgl,BAra˚
pwg,90708,vAhana,vgl,BUta˚
pwg,90708,vAhana,vgl,BUti˚
pwg,90708,vAhana,vgl,maRi˚
pwg,90708,vAhana,vgl,maDu˚
pwg,90708,vAhana,vgl,mahiza˚
pwg,90708,vAhana,vgl,mfga˚
pwg,90708,vAhana,vgl,meGa˚
pwg,90708,vAhana,vgl,yajYa˚
pwg,90708,vAhana,vgl,yama˚
pwg,90708,vAhana,vgl,raTa˚
pwg,90708,vAhana,vgl,rAja˚
pwg,90708,vAhana,vgl,rukma˚
pwg,90708,vAhana,vgl,vasu˚
pwg,90708,vAhana,vgl,vAji˚
pwg,90708,vAhana,vgl,vAyu˚
pwg,90708,vAhana,vgl,vAri˚
pwg,90708,vAhana,vgl,SAli˚
pwg,90708,vAhana,vgl,SiKi˚
pwg,90708,vAhana,vgl,Sveta˚
pwg,90708,vAhana,vgl,hari˚
pwg,90708,vAhana,vgl,havya˚
pwg,90708,vAhana,vgl,hotra˚
pwg,90717,vAharipu,vgl,vAhadvizant
pwg,90719,vAhas,vgl,ukTa˚
pwg,90719,vAhas,vgl,girvAhas
pwg,90719,vAhas,vgl,nf˚
pwg,90719,vAhas,vgl,brahma˚
pwg,90719,vAhas,vgl,yajYa˚
pwg,90719,vAhas,vgl,ripra˚
pwg,90719,vAhas,vgl,vipra˚
pwg,90719,vAhas,vgl,sinDu˚
pwg,90719,vAhas,vgl,stoma˚
pwg,90721,vAhika,vgl,Bara˚
pwg,90721,vAhika,vgl,rUpa˚
pwg,90727,vAhin,vgl,ambu˚
pwg,90727,vAhin,vgl,kanaka˚
pwg,90727,vAhin,vgl,kAzWAmbu˚
pwg,90727,vAhin,vgl,kumAra˚
pwg,90727,vAhin,vgl,caturvAhin
pwg,90727,vAhin,vgl,jaya˚
pwg,90727,vAhin,vgl,daRqa˚
pwg,90727,vAhin,vgl,nara˚
pwg,90727,vAhin,vgl,paYca˚
pwg,90727,vAhin,vgl,puzpa˚
pwg,90727,vAhin,vgl,prazwi˚
pwg,90727,vAhin,vgl,Pena˚
pwg,90727,vAhin,vgl,BAra˚
pwg,90727,vAhin,vgl,manda˚
pwg,90727,vAhin,vgl,maDu˚
pwg,90727,vAhin,vgl,mala˚
pwg,90727,vAhin,vgl,mAtf˚
pwg,90727,vAhin,vgl,meGa˚
pwg,90727,vAhin,vgl,meza˚
pwg,90727,vAhin,vgl,yajYa˚
pwg,90727,vAhin,vgl,yoga˚
pwg,90727,vAhin,vgl,roma˚
pwg,90727,vAhin,vgl,loma˚
pwg,90727,vAhin,vgl,vAyu˚
pwg,90727,vAhin,vgl,vAri˚
pwg,90727,vAhin,vgl,vega˚
pwg,90727,vAhin,vgl,sADu˚
pwg,90734,vAhya,vgl,ano˚
pwg,90734,vAhya,vgl,pfzWa˚
pwg,90734,vAhya,vgl,bAla˚
pwg,90734,vAhya,vgl,rAja˚
pwg,90734,vAhya,vgl,strI˚
pwg,90737,vAhyakI,vgl,vAhaka
pwg,90743,vi,vgl,rAjavi
pwg,90747,viMSa,vgl,triMSadviMSa
pwg,90747,viMSa,vgl,vi˚
pwg,90749,viMSat,vgl,eka˚
pwg,90749,viMSat,vgl,pari˚
pwg,90750,viMSati,vgl,eka˚
pwg,90751,viMSatika,vgl,vEMSatika
pwg,90770,vikaNkata,vgl,vEkaNkata
pwg,90772,vikaca,vgl,utkaca
pwg,90772,vikaca,vgl,UrDvakaca
pwg,90778,vikawa,vgl,ati˚
pwg,90778,vikawa,vgl,utkawa
pwg,90778,vikawa,vgl,prakawa
pwg,90778,vikawa,vgl,saMkawa
pwg,90791,vikatTana,vgl,durvikatTana
pwg,90794,vikaTA,vgl,vEkaTika
pwg,90801,vikara,vgl,vEkara
pwg,90801,vikara,vgl,vEkarya
pwg,90806,vikarRa,vgl,vEkarRa
pwg,90806,vikarRa,vgl,vEkarRi
pwg,90806,vikarRa,vgl,vEkarReya
pwg,90808,vikarRika,vgl,vikarRa
pwg,90809,vikarRin,vgl,karRin
pwg,90811,vikartana,vgl,aDi˚
pwg,90819,vikala,vgl,vEkalya
pwg,90825,vikalpa,vgl,nirvikalpa
pwg,90825,vikalpa,vgl,sa˚
pwg,90825,vikalpa,vgl,vEkalpika
pwg,90827,vikalpana,vgl,nirvikalpana
pwg,90853,vikAra,vgl,a˚
pwg,90853,vikAra,vgl,anna˚
pwg,90860,vikArin,vgl,ceto˚
pwg,90860,vikArin,vgl,vAta˚
pwg,90864,vikASa,vgl,vIkASa
pwg,90871,vikAsa,vgl,nirvikAsa
pwg,90871,vikAsa,vgl,vEkAseya
pwg,90889,vikuRWa,vgl,vEkuRWa
pwg,90896,vikusra,vgl,vikrasra
pwg,90902,vikfta,vgl,vEkfta
pwg,90905,vikfti,vgl,aNga˚
pwg,90905,vikfti,vgl,vikAra
pwg,90918,vikrama,vgl,tri˚
pwg,90918,vikrama,vgl,BIma˚
pwg,90918,vikrama,vgl,mahA˚
pwg,90918,vikrama,vgl,laGu˚
pwg,90940,vikramin,vgl,trElokya˚
pwg,90940,vikramin,vgl,mahA˚
pwg,90945,vikraya,vgl,Atma˚
pwg,90945,vikraya,vgl,kraya˚
pwg,90946,vikrayaka,vgl,vikrAyaka
pwg,90949,vikrayin,vgl,aSva˚
pwg,90949,vikrayin,vgl,kratu˚
pwg,90949,vikrayin,vgl,kraya˚
pwg,90949,vikrayin,vgl,paRya˚
pwg,90949,vikrayin,vgl,Pala˚
pwg,90950,vikrayya,vgl,vikreya
pwg,90951,vikrasra,vgl,vikusra
pwg,90957,vikrAyaka,vgl,vikrayaka
pwg,90958,vikriyA,vgl,BUta˚
pwg,90958,vikriyA,vgl,roma˚
pwg,90962,vikretar,vgl,mAMsa˚
pwg,90969,viklava,vgl,vEklavya
pwg,90976,viklI,vgl,AklI
pwg,90981,vikzA,vgl,vEkza
pwg,90991,vikzepa,vgl,aNga˚
pwg,90991,vikzepa,vgl,dfzwi˚
pwg,90998,viKa,vgl,viKu
pwg,90998,viKa,vgl,viKya
pwg,90998,viKa,vgl,viKra
pwg,90998,viKa,vgl,viKru
pwg,90998,viKa,vgl,vigra
pwg,91003,viKAnasa,vgl,vEKAnasa
pwg,91018,vigatASoka,vgl,vItASoka
pwg,91023,vigama,vgl,divasa˚
pwg,91023,vigama,vgl,rAtri˚
pwg,91026,vigarha,vgl,vigarhin
pwg,91045,vigra,vgl,vEgri
pwg,91045,vigra,vgl,vEgreya
pwg,91051,vigraharAja,vgl,saMgrAmarAja
pwg,91069,viGAta,vgl,danta˚
pwg,91074,viGna,vgl,a˚
pwg,91074,viGna,vgl,apa˚
pwg,91074,viGna,vgl,nirviGna
pwg,91074,viGna,vgl,mahA˚
pwg,91080,viGnajit,vgl,viGnanAyaka
pwg,91080,viGnajit,vgl,viGnarAja
pwg,91096,vic,vgl,vivikti
pwg,91096,vic,vgl,vivici
pwg,91096,vic,vgl,viveka
pwg,91096,vic,vgl,praviveka
pwg,91100,vicakzaRa,vgl,kfntta˚
pwg,91119,vicarcikA,vgl,Garma˚
pwg,91127,vicAra,vgl,nirvicAra
pwg,91139,vicArin,vgl,graha˚
pwg,91139,vicArin,vgl,Ba˚
pwg,91148,vicikitsA,vgl,nirvicikitsa
pwg,91158,vicitra,vgl,vEcitrya
pwg,91165,vicitravIrya,vgl,vEcitravIrya
pwg,91165,vicitravIrya,vgl,vEcitravIryaka
pwg,91175,vicintya,vgl,durvicintya
pwg,91182,vicUlin,vgl,cUlin
pwg,91210,vicCeda,vgl,pada˚
pwg,91210,vicCeda,vgl,pAWa˚
pwg,91213,vicyuti,vgl,garBa˚
pwg,91216,vij,vgl,vega
pwg,91216,vij,vgl,vevija
pwg,91216,vij,vgl,aBivega
pwg,91216,vij,vgl,Avega
pwg,91216,vij,vgl,udvejana
pwg,91216,vij,vgl,saMvega
pwg,91228,vijapila,vgl,vijjala
pwg,91229,vijaya,vgl,trElokyavijayA
pwg,91229,vijaya,vgl,digvijaya
pwg,91234,vijayakzetra,vgl,vijayikzetra
pwg,91245,vijayanta,vgl,vEjayanta
pwg,91262,vijayasaptamI,vgl,vijayAsaptamI
pwg,91268,vijayikzetra,vgl,vijayakzetra
pwg,91285,vijAti,vgl,vEjAtya
pwg,91285,vijAti,vgl,sajAti
pwg,91291,vijApaka,vgl,vEjApaka
pwg,91319,vijitin,vgl,gehe˚
pwg,91319,vijitin,vgl,gozWe˚
pwg,91327,vijihma,vgl,vyAjihma
pwg,91355,vijYa,vgl,candra˚
pwg,91355,vijYa,vgl,mahA˚
pwg,91357,vijYapya,vgl,vijYApya
pwg,91361,vijYAtavya,vgl,vijYeya
pwg,91363,vijYAna,vgl,arTa˚
pwg,91363,vijYAna,vgl,durvijYAna
pwg,91363,vijYAna,vgl,raTa˚
pwg,91384,vijYAnAkala,vgl,vijYAnakevala
pwg,91388,vijYAnika,vgl,vEjYAnika
pwg,91397,vijYeya,vgl,durvijYeya
pwg,91397,vijYeya,vgl,BAga˚
pwg,91398,vijya,vgl,vibARajya
pwg,91409,viwapa,vgl,prativiwapam
pwg,91409,viwapa,vgl,vEwapa
pwg,91411,viwapin,vgl,kalpa˚
pwg,91418,viwka,vgl,Binna˚
pwg,91419,viwkArikA,vgl,viwsArikA
pwg,91425,viwpati,vgl,viSpati
pwg,91429,viwsArikA,vgl,viwkArikA
pwg,91433,viq,vgl,biw
pwg,91433,viq,vgl,viw
pwg,91439,viqambana,vgl,ku˚
pwg,91467,vitaRqA,vgl,vEtaRqika
pwg,91471,vitatkaraRa,vgl,vitadBAzaRa
pwg,91476,vitadBAzaRa,vgl,vitatkaraRa
pwg,91490,vitarka,vgl,durvitarka
pwg,91490,vitarka,vgl,nirvitarka
pwg,91490,vitarka,vgl,sa˚
pwg,91493,vitarkya,vgl,durvitarkya
pwg,91507,vitAna,vgl,meGa˚
pwg,91507,vitAna,vgl,vEtAna
pwg,91539,vitta,vgl,pitf˚
pwg,91552,vittapAla,vgl,vEttapAlya
pwg,91564,vitti,vgl,a˚
pwg,91576,viT,vgl,veT
pwg,91576,viT,vgl,viD
pwg,91581,vid,vgl,Avedaka
pwg,91581,vid,vgl,nivedaka
pwg,91581,vid,vgl,pravedana
pwg,91581,vid,vgl,pravedya
pwg,91583,vid,vgl,anuvitti
pwg,91583,vid,vgl,nirveda
pwg,91587,vida,vgl,vEda
pwg,91587,vida,vgl,vEdAyana
pwg,91587,vida,vgl,vEdi
pwg,91590,vidagDa,vgl,vEdagDaka
pwg,91590,vidagDa,vgl,vEdagDI
pwg,91590,vidagDa,vgl,vEdagDya
pwg,91598,vidaTin,vgl,vEdaTina
pwg,91604,vidaBft,vgl,vEdaBfta
pwg,91604,vidaBft,vgl,vEdaBftya
pwg,91608,vidarBa,vgl,daDi˚
pwg,91608,vidarBa,vgl,daSI˚
pwg,91624,vidAra,vgl,kovidAra
pwg,91625,vidAraka,vgl,kzIravidArikA
pwg,91626,vidAraRa,vgl,anIka˚
pwg,91626,vidAraRa,vgl,marma˚
pwg,91633,vidAsin,vgl,avidasya
pwg,91642,vidiSA,vgl,vEdiSa
pwg,91658,vidUraja,vgl,vEdUrya
pwg,91668,videGa,vgl,videha
pwg,91672,videha,vgl,mahA˚
pwg,91673,videha,vgl,apara˚
pwg,91673,videha,vgl,mahA˚
pwg,91691,vidyA,vgl,a˚
pwg,91691,vidyA,vgl,aNga˚
pwg,91691,vidyA,vgl,Atma˚
pwg,91691,vidyA,vgl,tarka˚
pwg,91691,vidyA,vgl,DanurvidyA
pwg,91691,vidyA,vgl,nakzatra˚
pwg,91691,vidyA,vgl,nIti˚
pwg,91691,vidyA,vgl,prARa˚
pwg,91691,vidyA,vgl,brahma˚
pwg,91691,vidyA,vgl,BUta˚
pwg,91691,vidyA,vgl,maDu˚
pwg,91691,vidyA,vgl,mantra˚
pwg,91691,vidyA,vgl,mahA˚
pwg,91691,vidyA,vgl,mUla˚
pwg,91691,vidyA,vgl,yajYa˚
pwg,91691,vidyA,vgl,raTa˚
pwg,91691,vidyA,vgl,rAja˚
pwg,91691,vidyA,vgl,vAstu˚
pwg,91696,vidyAgfha,vgl,vidyAveSman
pwg,91703,vidyADara,vgl,raNga˚
pwg,91748,vidyAveSman,vgl,vidyAgfha
pwg,91751,vidyAvratasnAta,vgl,vidyAsnAta
pwg,91758,vidyut,vgl,fzwi˚
pwg,91758,vidyut,vgl,su˚
pwg,91761,vidyutAkza,vgl,vidyudakza
pwg,91771,vidyutvant,vgl,vidyunmant
pwg,91779,vidyunmant,vgl,vidyutvant
pwg,91797,vidraDi,vgl,gala˚
pwg,91815,vidvaMs,vgl,a˚
pwg,91823,vidviz,vgl,aSimi˚
pwg,91823,vidviz,vgl,brahma˚
pwg,91823,vidviz,vgl,maDu˚
pwg,91826,vidveza,vgl,a˚
pwg,91836,viD,vgl,viDavA
pwg,91836,viD,vgl,viDura
pwg,91840,viDa,vgl,viDA
pwg,91853,viDarma,vgl,vEDarmya
pwg,91862,viDavayozit,vgl,viDavA
pwg,91863,viDavA,vgl,a˚
pwg,91869,viDAtfBU,vgl,viDiputra
pwg,91879,viDAyin,vgl,prAya˚
pwg,91887,viDi,vgl,durviDi
pwg,91887,viDi,vgl,yaTA˚
pwg,91887,viDi,vgl,loka˚
pwg,91887,viDi,vgl,vAstu˚
pwg,91887,viDi,vgl,hata˚
pwg,91892,viDitsA,vgl,nirviDitsa
pwg,91898,viDiputra,vgl,viDAtfBU
pwg,91920,viDura,vgl,vEDurya
pwg,91934,viDeya,vgl,taTA˚
pwg,91944,viDvaMsa,vgl,roma˚
pwg,91946,viDvaMsana,vgl,kAla˚
pwg,91946,viDvaMsana,vgl,maDva˚
pwg,91947,viDaMsin,vgl,kolA˚
pwg,91947,viDaMsin,vgl,kzaRa˚
pwg,91950,vinaMSin,vgl,vEnaMSina
pwg,91953,vinata,vgl,go˚
pwg,91953,vinata,vgl,vEnatIya
pwg,91953,vinata,vgl,vEnateya
pwg,91962,vinaya,vgl,durvinaya
pwg,91962,vinaya,vgl,sa˚
pwg,91969,vinayana,vgl,mano˚
pwg,92004,vinAyaka,vgl,BUta˚
pwg,92004,vinAyaka,vgl,loka˚
pwg,92004,vinAyaka,vgl,viGna˚
pwg,92007,vinAyin,vgl,a˚
pwg,92010,vinASa,vgl,jagadvinASa
pwg,92012,vinASana,vgl,citta˚
pwg,92012,vinASana,vgl,pApa˚
pwg,92012,vinASana,vgl,pitta˚
pwg,92012,vinASana,vgl,mUla˚
pwg,92016,vinASin,vgl,malavinASinI
pwg,92080,viniScaya,vgl,arTa˚
pwg,92080,viniScaya,vgl,pApa˚
pwg,92098,vinIya,vgl,vineya
pwg,92107,vinokti,vgl,sahokti
pwg,92108,vinoda,vgl,nirvinoda
pwg,92108,vinoda,vgl,madana˚
pwg,92108,vinoda,vgl,rAjavinodatAla
pwg,92118,vindu,vgl,go˚
pwg,92118,vindu,vgl,loka˚
pwg,92126,vinDya,vgl,nirvinDya
pwg,92126,vinDya,vgl,prati˚
pwg,92126,vinDya,vgl,bali˚
pwg,92133,vinDyanilayA,vgl,vinDyavAsinI
pwg,92144,vinDyADivAsinI,vgl,vinDyavAsinI
pwg,92151,vinyAsa,vgl,akzara˚
pwg,92151,vinyAsa,vgl,bala˚
pwg,92152,vip,vgl,vipra
pwg,92152,vip,vgl,vepaTu
pwg,92171,vipatti,vgl,garBa˚
pwg,92174,vipaTa,vgl,vEpaTika
pwg,92177,vipad,vgl,darSa˚
pwg,92190,viparivatsara,vgl,parivatsara
pwg,92193,viparIta,vgl,vEparItya
pwg,92204,viparyak,vgl,paryak
pwg,92216,vipavya,vgl,vipUya
pwg,92222,vipaSyin,vgl,vipaScit
pwg,92225,vipAka,vgl,a˚
pwg,92225,vipAka,vgl,kawu˚
pwg,92225,vipAka,vgl,karma˚
pwg,92225,vipAka,vgl,durvipAka
pwg,92240,vipAdikA,vgl,vEpAdika
pwg,92246,vipAS,vgl,vipASA
pwg,92246,vipAS,vgl,vEpASa
pwg,92246,vipAS,vgl,vEpASAyana
pwg,92281,vipra,vgl,a˚
pwg,92282,viprakarza,vgl,vEprakarzika
pwg,92294,vipracit,vgl,vipracitti
pwg,92295,vipracita,vgl,vEpraciti
pwg,92299,viprajitti,vgl,vipracitti
pwg,92309,vipratisAra,vgl,vipratIsAra
pwg,92329,viprayoga,vgl,vEprayogika
pwg,92351,vipraSna,vgl,vEpraSnika
pwg,92352,vipraSnika,vgl,vEpraSnika
pwg,92355,viprahARa,vgl,prahARa
pwg,92360,vipriya,vgl,a˚
pwg,92361,vipriyaMkara,vgl,priyaMkara
pwg,92363,vipruz,vgl,vipluz
pwg,92364,vipruza,vgl,vAgvipruza
pwg,92369,vipreman,vgl,vipriya
pwg,92371,viplava,vgl,citta˚
pwg,92393,vibarha,vgl,vIbarha
pwg,92400,vibADa,vgl,vEbADa
pwg,92418,viboDa,vgl,rAga˚
pwg,92430,viBajya,vgl,viBAjya
pwg,92433,viBaRqaka,vgl,viBARqaka
pwg,92437,viBava,vgl,viBUti
pwg,92443,viBAga,vgl,digviBAga
pwg,92451,viBAgya,vgl,viBAjya
pwg,92467,viBAvan,vgl,rAkAviBAvarI
pwg,92474,viBAvya,vgl,durviBAvya
pwg,92475,viBAzA,vgl,durviBAza
pwg,92475,viBAzA,vgl,mahAviBAzASAstra
pwg,92485,viBItaka,vgl,vEBItaka
pwg,92486,viBIdaka,vgl,viBedaka
pwg,92489,viBIzikA,vgl,Beda˚
pwg,92490,viBu,vgl,vEBava
pwg,92502,viBUti,vgl,mahA˚
pwg,92510,viBUzaRa,vgl,makaraviBUzaRaketana
pwg,92514,viBUzRu,vgl,BUzRu
pwg,92524,viBraMSa,vgl,maMti˚
pwg,92526,viBrama,vgl,citta˚
pwg,92526,viBrama,vgl,dfzwi˚
pwg,92526,viBrama,vgl,pAna˚
pwg,92532,viBrAja,vgl,vEBrAja
pwg,92546,vimati,vgl,vEmatya
pwg,92555,vimanas,vgl,vEmanasya
pwg,92564,vimarda,vgl,graha˚
pwg,92569,vimarSa,vgl,durvimarSa
pwg,92569,vimarSa,vgl,nirvimarSa
pwg,92571,vimarSin,vgl,alaMkAravimarSinI
pwg,92571,vimarSin,vgl,gaReSa˚
pwg,92571,vimarSin,vgl,vivfti˚
pwg,92585,vimalapura,vgl,vimala
pwg,92601,vimalasaMBava,vgl,vimalAdri
pwg,92603,vimalasvaBAva,vgl,vimalasaMBava
pwg,92624,vimAtar,vgl,vEmAtreya
pwg,92627,vimAna,vgl,vEmAnika
pwg,92659,vimuca,vgl,vimuKa
pwg,92675,vimfD,vgl,vEmfDa
pwg,92692,vimocana,vgl,agni˚
pwg,92692,vimocana,vgl,durvimocana
pwg,92692,vimocana,vgl,raTa˚
pwg,92750,virajas,vgl,pAda˚
pwg,92753,virajaskar,vgl,virajIkar
pwg,92764,virati,vgl,a˚
pwg,92764,virati,vgl,prati˚
pwg,92769,viraTya,vgl,raTya
pwg,92776,virala,vgl,a˚
pwg,92776,virala,vgl,pra˚
pwg,92784,virava,vgl,virAva
pwg,92795,virAga,vgl,viraga
pwg,92802,virAj,vgl,Badra˚
pwg,92804,virAja,vgl,vErAja
pwg,92808,virAjya,vgl,vErAjya
pwg,92809,virAwa,vgl,vErAwa
pwg,92809,virAwa,vgl,vErAwyA
pwg,92824,virADaya,vgl,vErADayya
pwg,92828,virAva,vgl,virava
pwg,92872,vireka,vgl,Siro˚
pwg,92874,virecana,vgl,mUla˚
pwg,92881,virocana,vgl,durvirocana
pwg,92881,virocana,vgl,vErocana
pwg,92881,virocana,vgl,vErocani
pwg,92896,viroDin,vgl,kaPa˚
pwg,92896,viroDin,vgl,vana˚
pwg,92904,virohita,vgl,vErohita
pwg,92920,vilambana,vgl,a˚
pwg,92922,vilambita,vgl,a˚
pwg,92931,vilAta,vgl,vElAtya
pwg,92934,vilApa,vgl,brAhmaRa˚
pwg,92940,vilAla,vgl,bilAla
pwg,92942,vilAsa,vgl,anUpa˚
pwg,92942,vilAsa,vgl,AryA˚
pwg,92942,vilAsa,vgl,kalA˚
pwg,92942,vilAsa,vgl,kASI˚
pwg,92942,vilAsa,vgl,jYAna˚
pwg,92942,vilAsa,vgl,durgA˚
pwg,92942,vilAsa,vgl,pratiBA˚
pwg,92942,vilAsa,vgl,BagavadBakti˚
pwg,92942,vilAsa,vgl,BAminI˚
pwg,92942,vilAsa,vgl,BrU˚
pwg,92963,vilAsin,vgl,paRyavilAsinI
pwg,92963,vilAsin,vgl,budDi˚
pwg,92963,vilAsin,vgl,matta˚
pwg,92963,vilAsin,vgl,vara˚
pwg,92992,vilokana,vgl,digvilokana
pwg,93006,vilopa,vgl,lopa
pwg,93028,villa,vgl,billa
pwg,93030,vivaktar,vgl,durvivaktar
pwg,93043,vivaDa,vgl,uda˚
pwg,93043,vivaDa,vgl,udaka˚
pwg,93044,vivaDika,vgl,vEvaDika
pwg,93049,vivara,vgl,karRa˚
pwg,93050,vivaraRa,vgl,kAyeneti˚
pwg,93050,vivaraRa,vgl,voDacitta˚
pwg,93050,vivaraRa,vgl,boDicitta˚
pwg,93050,vivaraRa,vgl,mahAvAkya˚
pwg,93061,vivarRa,vgl,vEvarRya
pwg,93069,vivarDana,vgl,Darma˚
pwg,93069,vivarDana,vgl,brahma˚
pwg,93086,vivasvant,vgl,vEvasvata
pwg,93088,vivAka,vgl,praSna˚
pwg,93088,vivAka,vgl,prAqvivAka
pwg,93092,vivAcasa,vgl,savAcasa
pwg,93095,vivAda,vgl,nirvivAda
pwg,93095,vivAda,vgl,praSna˚
pwg,93119,vivAha,vgl,ku˚
pwg,93119,vivAha,vgl,durvivAha
pwg,93121,vivAhapawala,vgl,bfhadvivAhapawala
pwg,93154,vivIta,vgl,vItaka
pwg,93160,vivftAkza,vgl,vivfttAkza
pwg,93161,vivfti,vgl,Cando˚
pwg,93169,viveka,vgl,a˚
pwg,93169,viveka,vgl,kAla˚
pwg,93169,viveka,vgl,jAti˚
pwg,93169,viveka,vgl,tattva˚
pwg,93169,viveka,vgl,tiTi˚
pwg,93184,vivekin,vgl,a˚
pwg,93190,vivecana,vgl,kAlatattva˚
pwg,93196,viS,vgl,anuveSa
pwg,93196,viS,vgl,AveSa
pwg,93196,viS,vgl,samAveSa
pwg,93196,viS,vgl,upaveSa
pwg,93196,viS,vgl,paryupaveSana
pwg,93196,viS,vgl,pratyupaveSa
pwg,93196,viS,vgl,niveSana
pwg,93196,viS,vgl,niveSya
pwg,93196,viS,vgl,aBinivizwa
pwg,93196,viS,vgl,upaniveSin
pwg,93196,viS,vgl,viniveSin
pwg,93196,viS,vgl,saMniveSa
pwg,93196,viS,vgl,nirveSa
pwg,93196,viS,vgl,pariveSas
pwg,93196,viS,vgl,aparivizwa
pwg,93196,viS,vgl,praveSa
pwg,93196,viS,vgl,praveSana
pwg,93196,viS,vgl,praveSayitavya
pwg,93196,viS,vgl,praveSya
pwg,93196,viS,vgl,pravivikzu
pwg,93196,viS,vgl,anupraveSa
pwg,93196,viS,vgl,aBipraveSa
pwg,93196,viS,vgl,saMpraveSa
pwg,93196,viS,vgl,saMveSa
pwg,93197,viS,vgl,deva˚
pwg,93197,viS,vgl,manuzya˚
pwg,93206,viSaNkA,vgl,nirviSagka
pwg,93210,viSada,vgl,vESadya
pwg,93218,viSaMpa,vgl,vESaMpAyana
pwg,93234,viSastar,vgl,a˚
pwg,93234,viSastar,vgl,viSAstar
pwg,93238,viSAKa,vgl,vESAKa
pwg,93251,viSAraRa,vgl,viSaraRa
pwg,93251,viSAraRa,vgl,niSAraRa
pwg,93252,viSArada,vgl,vidyA˚
pwg,93254,viSAla,vgl,kriyA˚
pwg,93254,viSAla,vgl,vESAlI
pwg,93313,viSfNKala,vgl,uddAma
pwg,93316,viSezaka,vgl,pattra˚
pwg,93319,viSezaRa,vgl,kriyA˚
pwg,93319,viSezaRa,vgl,nirviSezaRa
pwg,93334,viSoka,vgl,pAre˚
pwg,93349,viSozaRa,vgl,tAlu˚
pwg,93352,viScakadrAkarza,vgl,viSvakadru
pwg,93370,viSravaRa,vgl,vESravaRa
pwg,93377,viSri,vgl,vESreya
pwg,93381,viSruti,vgl,loka˚
pwg,93384,viSleza,vgl,citta˚
pwg,93384,viSleza,vgl,rAtriviSlezagAmin
pwg,93390,viSvakaTA,vgl,vESvakaTika
pwg,93433,viSvajana,vgl,vESvajanIna
pwg,93434,viSvajanIna,vgl,vESva˚
pwg,93444,viSvajyotiza,vgl,viSvajyotis
pwg,93445,viSvajyotis,vgl,vizvagjyotis
pwg,93470,viSvadAnIm,vgl,idanIm
pwg,93477,viSvadeva,vgl,vESvadeva
pwg,93477,viSvadeva,vgl,vESvadevaka
pwg,93488,viSvaDa,vgl,viSvaha
pwg,93488,viSvaDa,vgl,viSvahA
pwg,93488,viSvaDa,vgl,viSvAhA
pwg,93504,viSvanara,vgl,viSvAnara
pwg,93505,viSvanATa,vgl,BAvAviSvanATadIkzita
pwg,93533,viSvapsu,vgl,viSvApsu
pwg,93561,viSvamitra,vgl,viSvAmitra
pwg,93562,viSvaminva,vgl,a˚
pwg,93590,viSvalopa,vgl,vESvalopa
pwg,93628,viSvasanIya,vgl,viSvasitavya
pwg,93628,viSvasanIya,vgl,viSvAsya
pwg,93638,viSvasitavya,vgl,viSvasanIya
pwg,93638,viSvasitavya,vgl,viSvAsya
pwg,93653,viSvaha,vgl,viSvaDa
pwg,93653,viSvaha,vgl,viSvAhA
pwg,93659,viSvAcI,vgl,vizvAca
pwg,93666,viSvADAyas,vgl,viSvaDAyas
pwg,93669,viSvAnara,vgl,vESvAnara
pwg,93670,viSvAntara,vgl,viSvaMtara
pwg,93674,viSvAmitra,vgl,vESvAmitra
pwg,93686,viSvAvasu,vgl,vESvAvasavya
pwg,93704,viSveSvara,vgl,Bawwa˚
pwg,93713,viz,vgl,upaveza
pwg,93713,viz,vgl,parivizwi
pwg,93713,viz,vgl,pariveza
pwg,93715,viz,vgl,viwka
pwg,93715,viz,vgl,viwkArikA
pwg,93715,viz,vgl,viwKadira
pwg,93715,viz,vgl,viwcara
pwg,93715,viz,vgl,viwSUla
pwg,93715,viz,vgl,viwsaNga
pwg,93715,viz,vgl,viwsArikA
pwg,93715,viz,vgl,viwsArI
pwg,93715,viz,vgl,viqganDa
pwg,93715,viz,vgl,viqgraha
pwg,93715,viz,vgl,viqGAta
pwg,93715,viz,vgl,viqja
pwg,93715,viz,vgl,viqbanDa
pwg,93715,viz,vgl,viqBaNga
pwg,93715,viz,vgl,viqBuj
pwg,93719,viza,vgl,a˚
pwg,93719,viza,vgl,aGa˚
pwg,93719,viza,vgl,ati˚
pwg,93719,viza,vgl,upa˚
pwg,93719,viza,vgl,dUzI˚
pwg,93719,viza,vgl,dfgviza
pwg,93719,viza,vgl,dfzwi˚
pwg,93724,vizakanyA,vgl,vizANganA
pwg,93749,vizadarSanamftyuka,vgl,vizamftyu
pwg,93775,vizama,vgl,vEzamya
pwg,93803,vizamasTa,vgl,samasTa
pwg,93811,vizamIya,vgl,samIya
pwg,93820,vizaya,vgl,nirvizaya
pwg,93820,vizaya,vgl,budDa˚
pwg,93820,vizaya,vgl,yama˚
pwg,93820,vizaya,vgl,sva˚
pwg,93820,vizaya,vgl,vEzaya
pwg,93867,vizaSfNgin,vgl,vizasfkkan
pwg,93867,vizaSfNgin,vgl,vfzasfkkin
pwg,93870,vizasfkkan,vgl,vizaSfNgin
pwg,93870,vizasfkkan,vgl,vfzasfkkin
pwg,93884,vizARa,vgl,kfzRa˚
pwg,93885,vizARaka,vgl,kzIravizARikA
pwg,93929,vizuva,vgl,jala˚
pwg,93929,vizuva,vgl,mahA˚
pwg,93931,vizuvant,vgl,vEzuvata
pwg,93950,vizkira,vgl,naKa˚
pwg,93950,vizkira,vgl,smera˚
pwg,93955,vizwapa,vgl,tri˚
pwg,93956,vizwapura,vgl,vEzwapureya
pwg,93963,vizwara,vgl,siMha˚
pwg,93963,vizwara,vgl,vizwAra
pwg,93987,vizWA,vgl,go˚
pwg,93987,vizWA,vgl,muKa˚
pwg,93987,vizWA,vgl,vAji˚
pwg,93992,vizRu,vgl,BUta˚
pwg,93992,vizRu,vgl,mahA˚
pwg,94007,vizRugranTi,vgl,brahmagranTi
pwg,94041,vizRumant,vgl,vizRuvant
pwg,94106,vizvAc,vgl,viSvAcI
pwg,94124,visadfSa,vgl,vEsAdfSya
pwg,94131,visara,vgl,visAra
pwg,94133,visarga,vgl,go˚
pwg,94133,visarga,vgl,loka˚
pwg,94133,visarga,vgl,vAgvisarga
pwg,94137,visarjana,vgl,mala˚
pwg,94137,visarjana,vgl,vAgvisarjana
pwg,94141,visarpa,vgl,manda˚
pwg,94145,visarpin,vgl,manda˚
pwg,94153,visArin,vgl,ati˚
pwg,94186,vista,vgl,kuru˚
pwg,94186,vista,vgl,tri˚
pwg,94186,vista,vgl,bahu˚
pwg,94187,vistara,vgl,a˚
pwg,94187,vistara,vgl,nyAyamAlA˚
pwg,94187,vistara,vgl,purArDa˚
pwg,94187,vistara,vgl,maDyAkzaravistaralipi
pwg,94187,vistara,vgl,vizwara
pwg,94193,vistAra,vgl,nakzatrakAnti˚
pwg,94193,vistAra,vgl,loka˚
pwg,94193,vistAra,vgl,vistara
pwg,94206,vispazwa,vgl,vEspazwya
pwg,94260,visri,vgl,vEsreya
pwg,94270,vihaMga,vgl,nirvihaMga
pwg,94283,viharaRa,vgl,agni˚
pwg,94296,vihAyas,vgl,vEhAyasa
pwg,94298,vihAra,vgl,kacCa˚
pwg,94298,vihAra,vgl,nirvihAra
pwg,94298,vihAra,vgl,Badra˚
pwg,94298,vihAra,vgl,niSA˚
pwg,94314,vihArin,vgl,gagaRa˚
pwg,94316,vihAsa,vgl,vEhAsika
pwg,94330,vihInita,vgl,hInita
pwg,94342,vihvala,vgl,ganDa˚
pwg,94342,vihvala,vgl,pari˚
pwg,94345,vI,vgl,apravIta
pwg,94345,vI,vgl,ftapravIta
pwg,94345,vI,vgl,pravayyA
pwg,94349,vI,vgl,vevI
pwg,94358,vIkzA,vgl,vEkza
pwg,94362,vIKA,vgl,vINKA
pwg,94364,vINKA,vgl,vIKA
pwg,94366,vIci,vgl,vyAja
pwg,94367,vIci,vgl,a˚
pwg,94367,vIci,vgl,mahA˚
pwg,94370,vIj,vgl,vyaj
pwg,94373,vIwa,vgl,nAga˚
pwg,94387,vIRA,vgl,alAbu˚
pwg,94395,vIRApARi,vgl,vIRAsya
pwg,94407,vIRAsya,vgl,vIRApARi
pwg,94410,vIta,vgl,vItahavya
pwg,94414,vIta,vgl,˚pfzWa
pwg,94415,vItaMsa,vgl,avataMsa
pwg,94426,vItaSoka,vgl,vItASoka
pwg,94428,vItahavya,vgl,vEtahavya
pwg,94431,vIti,vgl,gOrI˚
pwg,94431,vIti,vgl,deva˚
pwg,94431,vIti,vgl,raTa˚
pwg,94438,vITi,vgl,aja˚
pwg,94438,vITi,vgl,uttara˚
pwg,94438,vITi,vgl,gaja˚
pwg,94438,vITi,vgl,go˚
pwg,94438,vITi,vgl,Gana˚
pwg,94438,vITi,vgl,jaradgava˚
pwg,94438,vITi,vgl,nakzatra˚
pwg,94438,vITi,vgl,naBo˚
pwg,94438,vITi,vgl,nAga˚
pwg,94438,vITi,vgl,paRya˚
pwg,94438,vITi,vgl,pAda˚
pwg,94438,vITi,vgl,mfga˚
pwg,94438,vITi,vgl,raTa˚
pwg,94438,vITi,vgl,rAja˚
pwg,94438,vITi,vgl,sura˚
pwg,94438,vITi,vgl,soma˚
pwg,94438,vITi,vgl,svarvITi
pwg,94439,vITikA,vgl,paRya˚
pwg,94448,vIbarha,vgl,vibarha
pwg,94451,vIra,vgl,a˚
pwg,94451,vIra,vgl,arizwa˚
pwg,94451,vIra,vgl,Atma˚
pwg,94451,vIra,vgl,ugra˚
pwg,94451,vIra,vgl,fzva˚
pwg,94451,vIra,vgl,eka˚
pwg,94475,vIraRa,vgl,vEraRaka
pwg,94481,vIratarAsana,vgl,vIrAsana
pwg,94490,vIraDara,vgl,vIravara
pwg,94531,vIramukundadeva,vgl,mukundadeva
pwg,94561,vIraSAyin,vgl,vIraSaya
pwg,94588,vIriRa,vgl,vIraRa
pwg,94588,vIriRa,vgl,durvIriRa
pwg,94590,vIruD,vgl,nirvIruD
pwg,94595,vIreSvara,vgl,manohara˚
pwg,94599,vIrya,vgl,a˚
pwg,94599,vIrya,vgl,amita˚
pwg,94599,vIrya,vgl,ukTa˚
pwg,94599,vIrya,vgl,go˚
pwg,94599,vIrya,vgl,dfzwa˚
pwg,94599,vIrya,vgl,nAnA˚
pwg,94599,vIrya,vgl,ni˚
pwg,94599,vIrya,vgl,nirvIrya
pwg,94599,vIrya,vgl,prati˚
pwg,94599,vIrya,vgl,bala˚
pwg,94599,vIrya,vgl,bahu˚
pwg,94606,vIryapaRa,vgl,vIryaSulka
pwg,94613,vIryavant,vgl,vIryAvant
pwg,94617,vIryaSulka,vgl,vIryapaRa
pwg,94620,vIryasena,vgl,vIrasena
pwg,94626,vuq,vgl,vruq
pwg,94626,vuq,vgl,kruq
pwg,94629,vfka,vgl,avfka
pwg,94629,vfka,vgl,dasyave˚
pwg,94629,vfka,vgl,sAlA˚ (SAlA˚)
pwg,94633,vfkagrAha,vgl,vArkagrAhika
pwg,94645,vfkabanDu,vgl,vArkabanDavika
pwg,94648,vfkavaYcika,vgl,vArkavaYcika
pwg,94668,vfkza,vgl,aDivfkzasUrya
pwg,94668,vfkza,vgl,kalpa˚
pwg,94668,vfkza,vgl,kOmudI˚
pwg,94668,vfkza,vgl,kzIra˚
pwg,94668,vfkza,vgl,guRa˚
pwg,94668,vfkza,vgl,cEtya˚
pwg,94668,vfkza,vgl,daSa˚
pwg,94668,vfkza,vgl,dIpa˚
pwg,94668,vfkza,vgl,nirvfkza
pwg,94668,vfkza,vgl,pUti˚
pwg,94668,vfkza,vgl,bIja˚
pwg,94668,vfkza,vgl,boDi˚
pwg,94668,vfkza,vgl,brahma˚
pwg,94668,vfkza,vgl,BAra˚
pwg,94668,vfkza,vgl,BUta˚
pwg,94668,vfkza,vgl,BfNga˚
pwg,94668,vfkza,vgl,mahA˚
pwg,94668,vfkza,vgl,rakta˚
pwg,94668,vfkza,vgl,rAja˚
pwg,94668,vfkza,vgl,sImA˚
pwg,94732,vfj,vgl,svA˚
pwg,94739,vfjina,vgl,a˚
pwg,94740,vfjinavant,vgl,vfjinIvant
pwg,94757,vftta,vgl,Arya˚
pwg,94757,vftta,vgl,iti˚
pwg,94757,vftta,vgl,udIcya˚
pwg,94757,vftta,vgl,evaM˚
pwg,94789,vfttAkzepa,vgl,vartamAnAkzepa
pwg,94792,vfttAnta,vgl,prativfttAntam
pwg,94793,vftti,vgl,a˚
pwg,94793,vftti,vgl,Atma˚
pwg,94793,vftti,vgl,ftu˚
pwg,94793,vftti,vgl,ekEka˚
pwg,94793,vftti,vgl,evaM˚
pwg,94793,vftti,vgl,kziti˚
pwg,94793,vftti,vgl,citta˚
pwg,94801,vfttin,vgl,Sva˚
pwg,94815,vftra,vgl,valavftraGna
pwg,94815,vftra,vgl,valavftranisUdana
pwg,94815,vftra,vgl,valavftrahan
pwg,94819,vftratur,vgl,vArtratura
pwg,94831,vatrahatya,vgl,vArtrahatya
pwg,94833,vftrahan,vgl,valavftrahan
pwg,94840,vfdDa,vgl,Gfta˚
pwg,94840,vfdDa,vgl,tapo˚
pwg,94840,vfdDa,vgl,parjanya˚
pwg,94840,vfdDa,vgl,brahma˚
pwg,94840,vfdDa,vgl,mada˚
pwg,94840,vfdDa,vgl,mahA˚
pwg,94840,vfdDa,vgl,yajYa˚
pwg,94840,vfdDa,vgl,vayo˚
pwg,94840,vfdDa,vgl,varza˚
pwg,94840,vfdDa,vgl,vizRu˚
pwg,94840,vfdDa,vgl,vArdDa
pwg,94840,vfdDa,vgl,vArdDaka
pwg,94842,vfdDaka,vgl,vArdDaka
pwg,94852,vfdDakzatra,vgl,kzatravfdDa
pwg,94905,vfdDaSrAvaka,vgl,vfdDa
pwg,94918,vfdDi,vgl,aRqa˚
pwg,94918,vfdDi,vgl,antra˚
pwg,94918,vfdDi,vgl,kAma˚
pwg,94918,vfdDi,vgl,kAla˚
pwg,94918,vfdDi,vgl,cakra˚
pwg,94918,vfdDi,vgl,budDi˚
pwg,94918,vfdDi,vgl,brahma˚
pwg,94918,vfdDi,vgl,Bukta˚
pwg,94918,vfdDi,vgl,manoja˚
pwg,94918,vfdDi,vgl,mUtra˚
pwg,94918,vfdDi,vgl,varza˚
pwg,94918,vfdDi,vgl,Saka˚
pwg,94935,vfDa,vgl,a˚
pwg,94935,vfDa,vgl,ftA˚
pwg,94935,vfDa,vgl,kavi˚
pwg,94935,vfDa,vgl,tvA˚
pwg,94935,vfDa,vgl,devA˚
pwg,94935,vfDa,vgl,marudvfDa
pwg,94935,vfDa,vgl,sadA˚
pwg,94940,vfDasAnu,vgl,vfDasAna
pwg,94946,vfnta,vgl,kAmavfntA
pwg,94946,vfnta,vgl,kAlavfnta
pwg,94946,vfnta,vgl,kfzRavfntA
pwg,94946,vfnta,vgl,tAlavfnta
pwg,94946,vfnta,vgl,tri˚
pwg,94946,vfnta,vgl,dIrGa˚
pwg,94946,vfnta,vgl,nIla˚
pwg,94946,vfnta,vgl,Palgu˚
pwg,94946,vfnta,vgl,rakta˚
pwg,94946,vfnta,vgl,rAga˚
pwg,94946,vfnta,vgl,SUka˚
pwg,94946,vfnta,vgl,stana˚
pwg,94948,vfntAka,vgl,PalguvfntAka
pwg,94948,vfntAka,vgl,kaRwakavfntAkI
pwg,94948,vfntAka,vgl,vana˚
pwg,94950,vfnda,vgl,ekavfnda
pwg,94950,vfnda,vgl,go˚
pwg,94950,vfnda,vgl,brahmavfndA
pwg,94950,vfnda,vgl,madavfnda
pwg,94950,vfnda,vgl,mahA˚
pwg,94954,vfndAraka,vgl,go˚
pwg,94957,vfndAvana,vgl,tulasI˚
pwg,94957,vfndAvana,vgl,vivAha˚
pwg,94963,vfScika,vgl,pattra˚
pwg,94964,vfScikapattrikA,vgl,alipattrikA
pwg,94965,vfScikarRI,vgl,vfzakarRI
pwg,94965,vfScikarRI,vgl,vfzaparRI
pwg,94971,vfza,vgl,kzmA˚
pwg,94974,vfzakarRI,vgl,vfzaparRI
pwg,94974,vfzakarRI,vgl,vfScikarRI
pwg,94978,vfzaketana,vgl,vfzaketu
pwg,94978,vfzaketana,vgl,vfzaDvaja
pwg,94978,vfzaketana,vgl,vfzaBaDvaja
pwg,94982,vfzagaRa,vgl,vArzagaRa
pwg,94982,vfzagaRa,vgl,vArzagaRya
pwg,94985,vfzacyuta,vgl,madacyuta
pwg,94996,vfzadaMSa,vgl,vArzadaMSa
pwg,95001,vfzadarBa,vgl,vfzAdarBa
pwg,95001,vfzadarBa,vgl,vfzAdarBi
pwg,95017,vfzaparRI,vgl,vfzakarRI
pwg,95018,vfzaparvan,vgl,vArzaparvaRI
pwg,95024,vfzaBa,vgl,go˚
pwg,95024,vfzaBa,vgl,maNgala˚
pwg,95024,vfzaBa,vgl,Sata˚
pwg,95024,vfzaBa,vgl,vArzaBa
pwg,95033,vfzaBANka,vgl,vfzaBaDvaja
pwg,95033,vfzaBANka,vgl,vfzANka
pwg,95034,vfzaBARu,vgl,vArzaBARavI
pwg,95044,vfzarAjaketana,vgl,vfzaketana
pwg,95045,vfzala,vgl,vArzala
pwg,95047,vfzalakzman,vgl,vfzaBANka
pwg,95047,vfzalakzman,vgl,vfzalAYCana
pwg,95047,vfzalakzman,vgl,vfzANka
pwg,95061,vfzaSuzRa,vgl,vfzaSuzma
pwg,95063,vfzazaRqa,vgl,vfkaKaRqa
pwg,95073,vfzAkapi,vgl,vArzAkapa
pwg,95096,vfzASIla,vgl,vfzaSIla
pwg,95108,vfzwi,vgl,a˚
pwg,95113,vfzwiBU,vgl,varzABU
pwg,95119,vfzRa,vgl,vArzRa
pwg,95120,vfzRi,vgl,vArzRa
pwg,95120,vfzRi,vgl,vArzReya
pwg,95120,vfzRi,vgl,vArzRya
pwg,95121,vfzRika,vgl,vArzRika
pwg,95135,vekz,vgl,vekzaRa
pwg,95137,vega,vgl,kapotavegA
pwg,95137,vega,vgl,garuqa˚
pwg,95137,vega,vgl,caRqavega (vAyu
pwg,95147,vegasara,vgl,vesara
pwg,95151,vegita,vgl,pra˚
pwg,95156,veNkawa,vgl,prasannaveNkaweSvaramAhAtmya
pwg,95162,vewaka,vgl,vAta˚
pwg,95168,veR,vgl,ven
pwg,95169,veRa,vgl,vERa
pwg,95169,veRa,vgl,vERya
pwg,95173,veRi,vgl,eka˚
pwg,95173,veRi,vgl,ku˚
pwg,95173,veRi,vgl,tri˚
pwg,95173,veRi,vgl,padya˚
pwg,95173,veRi,vgl,puzpa˚
pwg,95173,veRi,vgl,pra˚
pwg,95173,veRi,vgl,AveRikaM
pwg,95177,veRimADava,vgl,veRImADavabanDu
pwg,95182,veRImADavabanDu,vgl,veRimADava
pwg,95188,veRu,vgl,aNgAra˚
pwg,95188,veRu,vgl,tri˚
pwg,95189,veRuka,vgl,vERukIya
pwg,95215,veRuhotra,vgl,vEnahotra
pwg,95217,veRyA,vgl,kfzRa˚
pwg,95218,veRvA,vgl,kfzRa˚
pwg,95221,vetana,vgl,nirvetana
pwg,95224,vetasa,vgl,amla˚
pwg,95224,vetasa,vgl,vEtasa
pwg,95225,vetasaka,vgl,vEtasaka
pwg,95233,vetAla,vgl,uzRavetAlI
pwg,95237,vetra,vgl,vEtraka
pwg,95251,veT,vgl,viT
pwg,95253,veda,vgl,aTarva˚
pwg,95253,veda,vgl,Ayurveda
pwg,95253,veda,vgl,fgveda
pwg,95253,veda,vgl,kzatra˚
pwg,95253,veda,vgl,ganDarva˚
pwg,95253,veda,vgl,caturveda
pwg,95253,veda,vgl,tri˚
pwg,95253,veda,vgl,durveda
pwg,95253,veda,vgl,Danurveda
pwg,95253,veda,vgl,prativedam
pwg,95253,veda,vgl,brahmaveda
pwg,95253,veda,vgl,yajurveda
pwg,95253,veda,vgl,rAtri˚
pwg,95253,veda,vgl,sAma˚
pwg,95269,vedaGoza,vgl,vedanirGoza
pwg,95285,vedana,vgl,prasavavedanA
pwg,95286,vedana,vgl,pati˚
pwg,95286,vedana,vgl,su˚
pwg,95309,vedam,vgl,yAvadvedam
pwg,95309,vedam,vgl,samanta˚
pwg,95343,vedaSAKA,vgl,prativedaSAKam
pwg,95346,vedaSiras,vgl,mano˚
pwg,95353,vedas,vgl,keta˚
pwg,95353,vedas,vgl,jAta˚
pwg,95354,vedas,vgl,anazwa˚
pwg,95354,vedas,vgl,keta˚
pwg,95354,vedas,vgl,jAta˚
pwg,95369,vedANga,vgl,muRqa˚
pwg,95394,vedi,vgl,antarvedi
pwg,95394,vedi,vgl,antarA˚
pwg,95399,vedikA,vgl,ApaRa˚
pwg,95405,vedin,vgl,karuRa˚
pwg,95406,vedin,vgl,kanyA˚
pwg,95429,vedDavya,vgl,veDya
pwg,95438,veDa,vgl,arka˚
pwg,95438,veDa,vgl,karRa˚
pwg,95438,veDa,vgl,mahA˚
pwg,95438,veDa,vgl,roma˚
pwg,95438,veDa,vgl,Sabda˚
pwg,95439,veDaka,vgl,kfta˚
pwg,95439,veDaka,vgl,cukra˚
pwg,95439,veDaka,vgl,Basma˚
pwg,95440,veDana,vgl,kfta˚
pwg,95445,veDas,vgl,ku˚
pwg,95450,veDin,vgl,kowi˚
pwg,95450,veDin,vgl,dUra˚
pwg,95451,veDya,vgl,brahmaveDyA
pwg,95451,veDya,vgl,SabdaveDya
pwg,95452,ven,vgl,avenant
pwg,95452,ven,vgl,avivenam
pwg,95453,vena,vgl,vEnya
pwg,95455,vennA,vgl,veRA
pwg,95455,vennA,vgl,veRvA
pwg,95461,vepana,vgl,nirvepana
pwg,95462,vepas,vgl,gaBIra˚
pwg,95462,vepas,vgl,gamBIra˚
pwg,95462,vepas,vgl,gAyatra˚
pwg,95462,vepas,vgl,puru˚
pwg,95462,vepas,vgl,viSvAyu˚
pwg,95464,vema,vgl,veman
pwg,95467,veman,vgl,vemana
pwg,95467,veman,vgl,vEmana
pwg,95468,vemana,vgl,vEmana
pwg,95474,vel,vgl,vell
pwg,95477,velA,vgl,akAla˚
pwg,95477,velA,vgl,ativelam
pwg,95487,vell,vgl,kusumitalatAvellitA
pwg,95487,vell,vgl,anuvellita
pwg,95488,vella,vgl,kAra˚
pwg,95494,velli,vgl,valli
pwg,95500,veSa,vgl,agni˚
pwg,95500,veSa,vgl,asva˚
pwg,95500,veSa,vgl,dAsa˚
pwg,95500,veSa,vgl,prati˚
pwg,95500,veSa,vgl,vastra˚
pwg,95500,veSa,vgl,sa˚
pwg,95500,veSa,vgl,AnuveSya
pwg,95500,veSa,vgl,vESika
pwg,95507,veSanta,vgl,vESanta
pwg,95522,veSika,vgl,vESika
pwg,95532,veSman,vgl,eka˚
pwg,95532,veSman,vgl,krIqA˚
pwg,95532,veSman,vgl,garBa˚
pwg,95532,veSman,vgl,deva˚
pwg,95553,vezka,vgl,vezwa
pwg,95554,vezw,vgl,latAvezwita
pwg,95554,vezw,vgl,Avezwa
pwg,95554,vezw,vgl,udvezwana
pwg,95554,vezw,vgl,nivezwa
pwg,95554,vezw,vgl,nirvezwana
pwg,95554,vezw,vgl,parivezwana
pwg,95554,vezw,vgl,parivezwanA
pwg,95555,vezwa,vgl,karRa˚
pwg,95555,vezwa,vgl,keSa˚
pwg,95555,vezwa,vgl,danta˚
pwg,95555,vezwa,vgl,pattra˚
pwg,95555,vezwa,vgl,lakzmI˚
pwg,95555,vezwa,vgl,latA˚
pwg,95555,vezwa,vgl,SAlmalI˚
pwg,95555,vezwa,vgl,Siro˚
pwg,95555,vezwa,vgl,SrI˚
pwg,95556,vezwaka,vgl,karRa˚
pwg,95556,vezwaka,vgl,danta˚
pwg,95556,vezwaka,vgl,vezwana˚
pwg,95556,vezwaka,vgl,SAlmalI˚
pwg,95557,vezwana,vgl,ikzu˚
pwg,95570,vesara,vgl,dviveSarA
pwg,95573,vehat,vgl,ukza˚
pwg,95575,vehAra,vgl,vihAra
pwg,95609,vEkuRWa,vgl,nitya˚
pwg,95612,vEkfta,vgl,aNga˚
pwg,95636,vENki,vgl,vEki
pwg,95641,vEcitra,vgl,vEcitrya
pwg,95652,vEjayanta,vgl,karivEjayantI
pwg,95680,vERahotra,vgl,veRuhotra
pwg,95682,vERika,vgl,mfga˚
pwg,95688,vEtaMsika,vgl,dyUta˚
pwg,95692,vEtaTya,vgl,dvEtavEtaTyopanizad
pwg,95716,vEtrAsura,vgl,vetrAsura
pwg,95729,vEdarBa,vgl,danta˚
pwg,95753,vEdya,vgl,ku˚
pwg,95753,vEdya,vgl,viza˚
pwg,95753,vEdya,vgl,svarvEdya
pwg,95757,vEdyakasArasaMgraha,vgl,vEdyasaMgraha
pwg,95774,vEdyasaMgraha,vgl,vEdyakasArasaMgraha
pwg,95782,vEdyudvatI,vgl,vidyutvant
pwg,95799,vEna,vgl,vEnya
pwg,95810,vEnASika,vgl,arDa˚
pwg,95810,vEnASika,vgl,pUrRa˚
pwg,95810,vEnASika,vgl,sarva˚
pwg,95810,vEnASika,vgl,vedavEnASikA
pwg,95830,vEpulya,vgl,mahA˚
pwg,95847,vEBAra,vgl,vEhAra
pwg,95886,vEyAkaraRaBUzaRa,vgl,vfdDa˚
pwg,95906,vEra,vgl,nirvEra
pwg,95918,vErawa,vgl,vErAwa
pwg,95928,vEraniryAtana,vgl,vErayAtana
pwg,95934,vErayAtana,vgl,vEraniryAtana
pwg,95941,vErahatya,vgl,a˚
pwg,95951,vErAwaka,vgl,virAtaka
pwg,95969,vErin,vgl,DAtu˚
pwg,95969,vErin,vgl,pUrva˚
pwg,95981,vErocana,vgl,vErocani
pwg,96034,vESizwya,vgl,viSizwavESizwya˚
pwg,96055,vESreya,vgl,vEsreya
pwg,96063,vESvadeva,vgl,mahA˚
pwg,96089,vESvAnaramuKa,vgl,agnimuKa
pwg,96093,vESvAmanasa,vgl,vESvamanasa
pwg,96094,vESvAmitra,vgl,mahA˚
pwg,96101,vEzama,vgl,vEzamya
pwg,96117,vEzRava,vgl,praSna˚
pwg,96146,vEsreya,vgl,vESreya
pwg,96150,vEhati,vgl,vEhali
pwg,96154,vEhAra,vgl,vEBAra
pwg,96158,vokkARa,vgl,bokaRa
pwg,96159,vowA,vgl,pUgavowa
pwg,96163,voQar,vgl,DUrvoQar
pwg,96165,voQu,vgl,yajYavoQave
pwg,96173,voraka,vgl,volaka
pwg,96187,vOzaw,vgl,SrOzaw
pwg,96190,vyaMsaka,vgl,CAttra˚
pwg,96190,vyaMsaka,vgl,mayUra˚
pwg,96198,vyakti,vgl,akzara˚
pwg,96198,vyakti,vgl,arTa˚
pwg,96204,vyagra,vgl,ugra˚
pwg,96204,vyagra,vgl,nirvyagra
pwg,96204,vyagra,vgl,Bojana˚
pwg,96221,vyacas,vgl,a˚
pwg,96221,vyacas,vgl,uru˚
pwg,96221,vyacas,vgl,deva˚
pwg,96221,vyacas,vgl,viSva˚
pwg,96221,vyacas,vgl,samudra˚
pwg,96227,vyajana,vgl,vAla˚
pwg,96236,vyaYjana,vgl,uBaya˚
pwg,96236,vyaYjana,vgl,tEro˚
pwg,96236,vyaYjana,vgl,nirvyaYjana
pwg,96236,vyaYjana,vgl,vAla˚
pwg,96239,vyaqa,vgl,vyAqi
pwg,96244,vyatikara,vgl,vyatIkAra
pwg,96250,vyatipAta,vgl,vyatIpAta
pwg,96268,vyaT,vgl,avyaTamAna
pwg,96271,vyaTana,vgl,ati˚
pwg,96271,vyaTana,vgl,nirvyaTana
pwg,96273,vyaTA,vgl,avyaTa
pwg,96273,vyaTA,vgl,nirvyaTa
pwg,96277,vyaTis,vgl,kfzRa˚
pwg,96281,vyaD,vgl,viDya
pwg,96281,vyaD,vgl,vedDar
pwg,96281,vyaD,vgl,ativyADin
pwg,96281,vyaD,vgl,anativyADya
pwg,96281,vyaD,vgl,anuveGa
pwg,96281,vyaD,vgl,apavidDa
pwg,96281,vyaD,vgl,apaveDa
pwg,96281,vyaD,vgl,aBivyADin
pwg,96281,vyaD,vgl,anAvidDa
pwg,96281,vyaD,vgl,AvidDa
pwg,96281,vyaD,vgl,AveDa
pwg,96281,vyaD,vgl,AveDya
pwg,96281,vyaD,vgl,AvyADa
pwg,96281,vyaD,vgl,nivyADa
pwg,96281,vyaD,vgl,nirveDima
pwg,96281,vyaD,vgl,parAvidDa
pwg,96281,vyaD,vgl,parivyADa
pwg,96281,vyaD,vgl,pravyADa
pwg,96281,vyaD,vgl,vivyADin
pwg,96282,vyaDa,vgl,jala˚
pwg,96283,vyaDana,vgl,kfta˚
pwg,96285,vyaDikaraRa,vgl,vEyaDikaraRya
pwg,96287,vyaDya,vgl,viDya
pwg,96290,vyaDvara,vgl,vyadvara
pwg,96319,vyapekzA,vgl,nirvyapekza
pwg,96324,vyaBicAra,vgl,vyaBIcAra
pwg,96330,vyaBIcAra,vgl,vyaBicAra
pwg,96335,vyaya,vgl,a˚
pwg,96346,vyayin,vgl,a˚
pwg,96350,vyarTa,vgl,vEyarTya
pwg,96356,vyalIka,vgl,nirvyalIka
pwg,96357,vyalkaSa,vgl,vEyalka/Sa
pwg,96390,vyavasTApaka,vgl,durvyavasTApaka
pwg,96398,vyavasTiti,vgl,varRa˚
pwg,96403,vyavahAra,vgl,kzetra˚
pwg,96403,vyavahAra,vgl,durvyavahAra
pwg,96403,vyavahAra,vgl,miSra˚
pwg,96403,vyavahAra,vgl,yaTAvyavahAram
pwg,96403,vyavahAra,vgl,loka˚
pwg,96436,vyaSana,vgl,vEyaSana
pwg,96440,vyaSva,vgl,vEyaSva
pwg,96445,vyasana,vgl,durvyasana
pwg,96445,vyasana,vgl,nO˚
pwg,96445,vyasana,vgl,mArivyasanavAraka
pwg,96445,vyasana,vgl,mUla˚
pwg,96461,vyA,vgl,anapavyayant
pwg,96461,vyA,vgl,upavIta
pwg,96461,vyA,vgl,nivIta
pwg,96461,vyA,vgl,parivI
pwg,96461,vyA,vgl,saMvyAna
pwg,96461,vyA,vgl,upasaMvyAna
pwg,96464,vyAkaraRa,vgl,garBa˚
pwg,96471,vyAkula,vgl,ganDa˚
pwg,96471,vyAkula,vgl,nirvyAkula
pwg,96471,vyAkula,vgl,Akula
pwg,96471,vyAkula,vgl,paryAkula
pwg,96471,vyAkula,vgl,saMkula
pwg,96471,vyAkula,vgl,samAkula
pwg,96479,vyAkUti,vgl,AkUti
pwg,96484,vyAkroSa,vgl,vyAvakroSI
pwg,96487,vyAKyA,vgl,vEyAKya
pwg,96490,vyAKyAna,vgl,pAda˚
pwg,96490,vyAKyAna,vgl,vAstu˚
pwg,96514,vyAGradala,vgl,vyAGratala
pwg,96518,vyAGrapad,vgl,vEyAGrapadya
pwg,96522,vyAGrapAda,vgl,vyAGrapad
pwg,96543,vyAGriRI,vgl,siMhinI
pwg,96548,vyAja,vgl,nirvyAja
pwg,96557,vyAqa,vgl,gehe˚
pwg,96563,vyAtyukzI,vgl,vyAByukzI
pwg,96569,vyADa,vgl,Darma˚
pwg,96569,vyADa,vgl,mfga˚
pwg,96573,vyADi,vgl,nirvyADa
pwg,96573,vyADi,vgl,pavana˚
pwg,96573,vyADi,vgl,mahA˚
pwg,96573,vyADi,vgl,vAta˚
pwg,96592,vyApad,vgl,garBa˚
pwg,96601,vyApAra,vgl,kiM˚
pwg,96601,vyApAra,vgl,nirvyApAra
pwg,96608,vyApin,vgl,kAla˚
pwg,96626,vyAyAma,vgl,bAhu˚
pwg,96677,vyAvftti,vgl,nirvyAvftti
pwg,96681,vyAsa,vgl,dinavyAsadala
pwg,96681,vyAsa,vgl,bAbajI˚
pwg,96681,vyAsa,vgl,bfhadvyAsa
pwg,96681,vyAsa,vgl,veda˚
pwg,96681,vyAsa,vgl,vEyAsa
pwg,96720,vyAhArin,vgl,a˚
pwg,96734,vyutpatti,vgl,mahA˚
pwg,96734,vyutpatti,vgl,yaTA˚
pwg,96742,vyudAsa,vgl,kzini˚
pwg,96761,vyuzwa,vgl,a˚
pwg,96769,vyUha,vgl,karaRqa˚
pwg,96769,vyUha,vgl,garBa˚
pwg,96769,vyUha,vgl,Gana˚
pwg,96769,vyUha,vgl,cakra˚
pwg,96778,vyfdDi,vgl,a˚
pwg,96821,vraj,vgl,durvrajita
pwg,96821,vraj,vgl,anuvrajana
pwg,96821,vraj,vgl,anuvrajyA
pwg,96821,vraj,vgl,parivrajya
pwg,96821,vraj,vgl,parivrAj
pwg,96821,vraj,vgl,pravrajana
pwg,96821,vraj,vgl,pravrajita
pwg,96821,vraj,vgl,pravrajyA
pwg,96821,vraj,vgl,pravrAjana
pwg,96821,vraj,vgl,vipravrAjin
pwg,96822,vraja,vgl,aSma˚
pwg,96822,vraja,vgl,uda˚
pwg,96822,vraja,vgl,uru˚
pwg,96822,vraja,vgl,giri˚
pwg,96822,vraja,vgl,go˚
pwg,96822,vraja,vgl,daSa˚
pwg,96822,vraja,vgl,meru˚
pwg,96822,vraja,vgl,Sata˚
pwg,96857,vraRa,vgl,a˚
pwg,96874,vrata,vgl,a˚
pwg,96874,vrata,vgl,anu˚
pwg,96874,vrata,vgl,anya˚
pwg,96874,vrata,vgl,apa˚
pwg,96874,vrata,vgl,api˚
pwg,96874,vrata,vgl,asiDArA˚
pwg,96888,vrataDara,vgl,daRqa˚
pwg,96888,vrataDara,vgl,nagna˚
pwg,96890,vratanI,vgl,vaSanI
pwg,96917,vratika,vgl,cAndra˚
pwg,96917,vratika,vgl,baka˚
pwg,96917,vratika,vgl,biqAla˚
pwg,96917,vratika,vgl,bEqAla˚
pwg,96917,vratika,vgl,mahA˚
pwg,96918,vratin,vgl,go˚
pwg,96918,vratin,vgl,deva˚
pwg,96918,vratin,vgl,baka˚
pwg,96918,vratin,vgl,BrAzwra˚
pwg,96918,vratin,vgl,mahA˚
pwg,96925,vratya,vgl,a˚
pwg,96929,vraSc,vgl,avavraSca
pwg,96929,vraSc,vgl,AvraScana
pwg,96929,vraSc,vgl,pravraScana
pwg,96939,vrajin,vgl,a˚
pwg,96940,vrAta,vgl,Badra˚
pwg,96940,vrAta,vgl,mahA˚
pwg,96940,vrAta,vgl,vfza˚
pwg,96947,vrAtya,vgl,avrAtya
pwg,96955,vrIqa,vgl,avrIqa
pwg,96960,vrIhi,vgl,bahu˚
pwg,96960,vrIhi,vgl,mahA˚
pwg,96960,vrIhi,vgl,vana˚
pwg,96967,vrIhimata,vgl,vrEhimatya
pwg,96979,vruq,vgl,vuq
pwg,96985,vlag,vgl,aBivlaNga
pwg,96986,vlI,vgl,pravlaya
pwg,96986,vlI,vgl,saMvlaya
pwg,96996,SaMva,vgl,Samba
pwg,97001,SaMs,vgl,anaBiSasta
pwg,97001,SaMs,vgl,anASasta
pwg,97001,SaMs,vgl,ASaMsana
pwg,97001,SaMs,vgl,praSaMsaka
pwg,97002,SaMsa,vgl,aGaSaMsa
pwg,97008,SaMsin,vgl,aGa˚
pwg,97008,SaMsin,vgl,ukTa˚
pwg,97008,SaMsin,vgl,brAhmaRAcCaMsin
pwg,97008,SaMsin,vgl,su˚
pwg,97008,SaMsin,vgl,hotrA˚
pwg,97009,SaMstar,vgl,SaMsitar
pwg,97016,Saka,vgl,SAka
pwg,97016,Saka,vgl,SAkya
pwg,97019,Sakawa,vgl,aNgAraSakawI
pwg,97019,Sakawa,vgl,puzpa˚
pwg,97019,Sakawa,vgl,SAkawa
pwg,97026,SakawAhvA,vgl,Sakawa
pwg,97029,SakawikA,vgl,mfcCakawikA
pwg,97035,SakaMDi,vgl,SAkaMDeya
pwg,97044,Sakala,vgl,tri˚
pwg,97044,Sakala,vgl,vi˚
pwg,97044,Sakala,vgl,SAkala
pwg,97044,Sakala,vgl,SAkalika
pwg,97044,Sakala,vgl,SAkalya
pwg,97044,Sakala,vgl,SalAkA
pwg,97046,SakalA,vgl,saMSakalA
pwg,97048,Sakalin,vgl,puzpa˚
pwg,97049,SakalIkar,vgl,viSakalIkar
pwg,97060,Sakuna,vgl,puRya˚
pwg,97060,Sakuna,vgl,mUla˚
pwg,97060,Sakuna,vgl,su˚
pwg,97060,Sakuna,vgl,SAkuna
pwg,97060,Sakuna,vgl,Sakuni
pwg,97060,Sakuna,vgl,Sakunta
pwg,97060,Sakuna,vgl,Sakunti
pwg,97072,Sakuni,vgl,kfzRa˚
pwg,97072,Sakuni,vgl,mahA˚
pwg,97072,Sakuni,vgl,SAkunika
pwg,97072,Sakuni,vgl,SAkuneya
pwg,97080,Sakunta,vgl,krIqA˚
pwg,97082,SakuntalA,vgl,aBijYAnaSakuntala
pwg,97082,SakuntalA,vgl,SAkuntala
pwg,97084,Sakula,vgl,SAkulika
pwg,97088,SakulAda,vgl,SAkulAdika
pwg,97091,Sakft,vgl,aSva˚
pwg,97091,Sakft,vgl,SAkftka
pwg,97104,Sakti,vgl,ananta˚
pwg,97104,Sakti,vgl,amara˚
pwg,97104,Sakti,vgl,ugra˚
pwg,97104,Sakti,vgl,deva˚
pwg,97104,Sakti,vgl,DI˚
pwg,97104,Sakti,vgl,para˚
pwg,97104,Sakti,vgl,bahu˚
pwg,97104,Sakti,vgl,budDi˚
pwg,97104,Sakti,vgl,yaTA˚
pwg,97104,Sakti,vgl,vallaBa˚
pwg,97104,Sakti,vgl,vasu˚
pwg,97104,Sakti,vgl,vastu˚
pwg,97104,Sakti,vgl,vikrama˚
pwg,97104,Sakti,vgl,virUpa˚
pwg,97104,Sakti,vgl,vizRu˚
pwg,97104,Sakti,vgl,Sava˚
pwg,97106,Sakti,vgl,SAktIka
pwg,97107,Sakti,vgl,Saktin
pwg,97107,Sakti,vgl,SAkta
pwg,97107,Sakti,vgl,SAkteya
pwg,97107,Sakti,vgl,SAktya
pwg,97120,SaktiDvaja,vgl,SaktiDara
pwg,97152,Saktihasta,vgl,SaktipARi
pwg,97158,Saknu,vgl,Sakla
pwg,97160,Sakya,vgl,yAvacCakyam
pwg,97164,Sakra,vgl,ati˚
pwg,97164,Sakra,vgl,pfTivI˚
pwg,97164,Sakra,vgl,BU˚
pwg,97173,Sakraja,vgl,Endri
pwg,97174,SakrajanitrI,vgl,SakramAtfkA
pwg,97178,Sakrajit,vgl,indrajit
pwg,97203,SakramUrDan,vgl,SakraSiras
pwg,97213,SakraSiras,vgl,SakramUrDan
pwg,97221,SakrARI,vgl,indrARI
pwg,97239,Sakvara,vgl,SAkvara
pwg,97241,Sagma,vgl,tuvi˚
pwg,97244,SaNk,vgl,aBiSaNkA
pwg,97244,SaNk,vgl,ASaNkA
pwg,97244,SaNk,vgl,pariSaNkanIya
pwg,97244,SaNk,vgl,pratiSaNkA
pwg,97244,SaNk,vgl,viSaNkanIya
pwg,97249,SaMkara,vgl,atyantaSaMkarI
pwg,97249,SaMkara,vgl,BImaSaMkara
pwg,97260,SaMkarajaya,vgl,saMkzepa˚
pwg,97260,SaMkarajaya,vgl,SaMkaradigvijaya
pwg,97260,SaMkarajaya,vgl,SaMkaravijaya
pwg,97264,SaMkaradigvijaya,vgl,SaMkarajaya
pwg,97274,SaMkaravijaya,vgl,SaMkaradigvijaya
pwg,97288,SaNkA,vgl,atiSaNkA
pwg,97288,SaNkA,vgl,aSaNka
pwg,97288,SaNkA,vgl,niH˚
pwg,97288,SaNkA,vgl,vi˚
pwg,97293,SaNku,vgl,ayaH˚
pwg,97300,SaNkupaTa,vgl,SANkupaTika
pwg,97313,SaNKa,vgl,naKa˚
pwg,97313,SaNKa,vgl,mahA˚
pwg,97313,SaNKa,vgl,vfdDa˚
pwg,97313,SaNKa,vgl,saMDyA˚
pwg,97313,SaNKa,vgl,hema˚
pwg,97313,SaNKa,vgl,SANKAyana
pwg,97313,SaNKa,vgl,SANKika
pwg,97313,SaNKa,vgl,SANKya
pwg,97357,SaNKamitra,vgl,SANKamitra
pwg,97380,SaNKin,vgl,SANKina
pwg,97401,Sawa,vgl,danta˚
pwg,97403,SawI,vgl,ganDa˚
pwg,97406,SaWa,vgl,danta˚
pwg,97406,SaWa,vgl,ni˚
pwg,97406,SaWa,vgl,mahA˚
pwg,97406,SaWa,vgl,SAWAyana
pwg,97412,SaRa,vgl,rAja˚
pwg,97419,SaRapuzpikA,vgl,mahA˚
pwg,97426,SaRIra,vgl,SARIra
pwg,97429,SaRqa,vgl,SARqa
pwg,97431,SaRqika,vgl,SARqikya
pwg,97432,SaRqila,vgl,SARqila
pwg,97432,SaRqila,vgl,SARqilya
pwg,97435,Sata,vgl,aDyarDa˚
pwg,97435,Sata,vgl,azwa˚
pwg,97435,Sata,vgl,eka˚
pwg,97437,Sataka,vgl,amaru˚
pwg,97437,Sataka,vgl,dvi˚
pwg,97437,Sataka,vgl,nIti˚
pwg,97437,Sataka,vgl,BAva˚
pwg,97437,Sataka,vgl,mayUra˚
pwg,97437,Sataka,vgl,vErAgya˚
pwg,97437,Sataka,vgl,vyAsa˚
pwg,97437,Sataka,vgl,SfNgAra˚
pwg,97472,Satajit,vgl,SatAjit
pwg,97497,Satadvasu,vgl,kfta/dvasu
pwg,97497,Satadvasu,vgl,prata/dvasu
pwg,97498,SatadvAra,vgl,SAtadvAreya
pwg,97514,Satapati,vgl,SAtapata
pwg,97515,Satapattra,vgl,cakra˚
pwg,97515,Satapattra,vgl,lohita˚
pwg,97515,Satapattra,vgl,SAtapattra
pwg,97518,Satapattrayoni,vgl,padmayoni
pwg,97519,SatapaTa,vgl,SAtapaTa
pwg,97520,SatapaTika,vgl,SAta˚
pwg,97536,Sataputra,vgl,SAtaputraka
pwg,97538,SatapuzpikA,vgl,mahA˚
pwg,97540,Satapora,vgl,SataGora
pwg,97548,SatabalAka,vgl,SatabalAkza
pwg,97556,SataBizaj,vgl,SAtaBizaja
pwg,97557,SataBizA,vgl,SAtaBiza
pwg,97561,SatamaKa,vgl,Satakratu
pwg,97571,SatamUti,vgl,Satoti
pwg,97584,SatarAtra,vgl,SAtarAtrika
pwg,97591,Satala,vgl,SAtaleya
pwg,97593,Satalumpa,vgl,Satapuzpa
pwg,97625,Satasani,vgl,SatasA
pwg,97644,Satahrada,vgl,SAtahrada
pwg,97648,SatAjit,vgl,Satajit
pwg,97679,SatAvartin,vgl,SatAvarta
pwg,97684,Satika,vgl,vArza˚
pwg,97685,Satin,vgl,varza˚
pwg,97694,Satoti,vgl,SatamUti
pwg,97701,Satru,vgl,a˚
pwg,97701,Satru,vgl,Are˚
pwg,97701,Satru,vgl,indra˚
pwg,97701,Satru,vgl,deva˚
pwg,97701,Satru,vgl,prati˚
pwg,97701,Satru,vgl,plIha˚
pwg,97701,Satru,vgl,bahu˚
pwg,97710,SatruMjaya,vgl,SatyaMjaya
pwg,97716,SatruMtapa,vgl,SAtruMtapi
pwg,97730,SatvarI,vgl,SarvarI
pwg,97732,Sad,vgl,Sada
pwg,97732,Sad,vgl,SAda
pwg,97732,Sad,vgl,vyavaSAda
pwg,97748,Santa,vgl,giri˚
pwg,97749,SaMtanu,vgl,SAMtanava
pwg,97760,Sap,vgl,aBiSApa
pwg,97760,Sap,vgl,aBISApa
pwg,97760,Sap,vgl,pratiSApa
pwg,97760,Sap,vgl,saMSaptaka
pwg,97774,SaPa,vgl,eka˚
pwg,97775,SaPaka,vgl,goKura
pwg,97777,SaPara,vgl,mahA˚
pwg,97777,SaPara,vgl,rAja˚
pwg,97785,Sabara,vgl,pattraSavara
pwg,97785,Sabara,vgl,paRa˚
pwg,97788,SabaraBAzya,vgl,SAbaraBAzya
pwg,97795,SabalAkza,vgl,SatabalAkza
pwg,97802,Sabdakalpadru,vgl,kalpadru
pwg,97833,Sabdabrahman,vgl,svarabrahman
pwg,97843,Sabday,vgl,SabdAy
pwg,97843,Sabday,vgl,viSabdana
pwg,97843,Sabday,vgl,saMSabdana
pwg,97853,SabdavAriDi,vgl,SabdodaDi
pwg,97892,SabdAlaMkAra,vgl,arTAlaMkAra
pwg,97895,SabdenduSeKara,vgl,bfhacCabdenduSeKara
pwg,97899,Sam,vgl,upaSamana
pwg,97899,Sam,vgl,saMSama
pwg,97903,Sama,vgl,niH˚
pwg,97909,Samana,vgl,pApa˚
pwg,97909,Samana,vgl,pitta˚
pwg,97909,Samana,vgl,manyu˚
pwg,97915,Samala,vgl,kaSmala
pwg,97917,SamaSama,vgl,pacapaca
pwg,97923,Sami,vgl,su˚
pwg,97926,Samika,vgl,SAmika
pwg,97927,Samitar,vgl,SAmitra
pwg,97930,Samira,vgl,SamIra
pwg,97935,SamI,vgl,BU˚
pwg,97946,SamIvant,vgl,SAmIvata
pwg,97953,Samba,vgl,Sambin
pwg,97954,Sambara,vgl,kAla˚
pwg,97954,Sambara,vgl,tattva˚
pwg,97954,Sambara,vgl,mahAmAyA˚
pwg,97954,Sambara,vgl,yoginIjAla˚
pwg,97961,Sambu,vgl,SAmbava
pwg,97972,SaMBu,vgl,mahA˚
pwg,97972,SaMBu,vgl,viSva˚
pwg,97976,SaMBunATa,vgl,SaMBUnATa
pwg,97983,SaMBU,vgl,viSva˚
pwg,97984,SaMBUnATa,vgl,SaMBunATa
pwg,97985,SaMmad,vgl,SAMmada
pwg,97992,SayaRqa,vgl,SayARqa
pwg,97992,SayaRqa,vgl,SAyaRqAyana
pwg,97996,Sayana,vgl,abDi˚
pwg,97996,Sayana,vgl,utpAda˚
pwg,97996,Sayana,vgl,keli˚
pwg,97996,Sayana,vgl,mahA˚
pwg,97996,Sayana,vgl,vihAra˚
pwg,97996,Sayana,vgl,vIra˚
pwg,98008,SayA,vgl,SayyA
pwg,98009,SayARqa,vgl,SayaRqa
pwg,98016,Sayu,vgl,alpa˚
pwg,98021,SayyA,vgl,aDaHSayya
pwg,98021,SayyA,vgl,aDaHSayyA
pwg,98021,SayyA,vgl,garBa˚
pwg,98022,SayyAgfha,vgl,vrata˚
pwg,98029,Sar,vgl,niSaraRa
pwg,98029,Sar,vgl,˚SAraRa
pwg,98029,Sar,vgl,˚SAruka
pwg,98029,Sar,vgl,parASara
pwg,98029,Sar,vgl,pratiSara
pwg,98029,Sar,vgl,udakeviSIrRa
pwg,98029,Sar,vgl,viSara
pwg,98029,Sar,vgl,viSaraRa
pwg,98029,Sar,vgl,viSAraRa
pwg,98029,Sar,vgl,saMSara
pwg,98032,Sara,vgl,ku˚
pwg,98032,Sara,vgl,kusuma˚
pwg,98032,Sara,vgl,paYca˚
pwg,98032,Sara,vgl,parRa˚
pwg,98032,Sara,vgl,puzpa˚
pwg,98032,Sara,vgl,BIma˚
pwg,98032,Sara,vgl,mahA˚
pwg,98032,Sara,vgl,rAma˚
pwg,98032,Sara,vgl,sTUla˚
pwg,98032,Sara,vgl,hari˚
pwg,98033,Sara,vgl,kzIra˚
pwg,98049,SaraRa,vgl,agni˚
pwg,98058,SaraRqa,vgl,SayARqa
pwg,98071,Sarad,vgl,SAratka
pwg,98071,Sarad,vgl,SArada
pwg,98071,Sarad,vgl,SAradaka
pwg,98071,Sarad,vgl,SAradika
pwg,98074,SaradaRqa,vgl,SAradaRqAyana
pwg,98083,Saradvant,vgl,SAradvata
pwg,98112,SaravAraRa,vgl,SarAvara
pwg,98118,SaraSayyA,vgl,vIraSaya
pwg,98125,SarAwi,vgl,Awi
pwg,98126,SarAti,vgl,Ati
pwg,98140,SarAvara,vgl,SaravAraRa
pwg,98143,SarAvi,vgl,SArAva
pwg,98149,Sari,vgl,SarAru
pwg,98181,SarIrAvaraRa,vgl,gAtrAvaraRa
pwg,98183,SarIrin,vgl,yoga˚
pwg,98185,Saru,vgl,Saravya
pwg,98188,Sarkara,vgl,kawa˚
pwg,98190,SarkarAkza,vgl,SArkarAkzya
pwg,98196,Sarkarika,vgl,SArkarika
pwg,98202,Sarkowa,vgl,SArkowa
pwg,98205,SarD,vgl,SfDyA
pwg,98223,Sarman,vgl,agni˚
pwg,98223,Sarman,vgl,indra˚
pwg,98223,Sarman,vgl,uru˚
pwg,98223,Sarman,vgl,giri˚
pwg,98223,Sarman,vgl,deva˚
pwg,98223,Sarman,vgl,Darma˚
pwg,98223,Sarman,vgl,Dfzwa˚
pwg,98223,Sarman,vgl,nanda˚
pwg,98223,Sarman,vgl,paSupati˚
pwg,98223,Sarman,vgl,pitf˚
pwg,98223,Sarman,vgl,puruzottamadeva˚
pwg,98231,Sarya,vgl,go˚
pwg,98236,SaryAta,vgl,SaryAti
pwg,98237,SaryAti,vgl,SaryAta
pwg,98245,Sarvaparvata,vgl,SarvAcala
pwg,98247,Sarvara,vgl,atiSarvara
pwg,98247,Sarvara,vgl,apiSarvara
pwg,98253,SarvAcala,vgl,Sarvaparvata
pwg,98257,SarzIkA,vgl,marzIkA
pwg,98257,SarzIkA,vgl,varzIkA
pwg,98257,SarzIkA,vgl,sarzIkA
pwg,98257,SarzIkA,vgl,harzIkA
pwg,98260,Sala,vgl,duH˚
pwg,98260,Sala,vgl,triSalA
pwg,98264,SalaNku,vgl,SAlaNkAyana
pwg,98267,SalaBa,vgl,indra˚
pwg,98274,SalAka,vgl,niHSalAka
pwg,98274,SalAka,vgl,madanaSalAkA
pwg,98274,SalAka,vgl,vaMSa˚
pwg,98274,SalAka,vgl,SAlAkeya
pwg,98274,SalAka,vgl,SAlAkya
pwg,98274,SalAka,vgl,Sakala
pwg,98274,SalAka,vgl,Salka
pwg,98278,SalAkApuruza,vgl,trizazwiSalAkApuruzacarita
pwg,98283,SalAkin,vgl,SAlAkin
pwg,98287,SalAtura,vgl,SAlAturIya
pwg,98288,SalATala,vgl,SAlATaleya
pwg,98291,SalAluka,vgl,SAlAluka
pwg,98292,SalAvant,vgl,SAlAvant
pwg,98292,SalAvant,vgl,SAlAvatya
pwg,98295,Salka,vgl,bfhahacCalka
pwg,98295,Salka,vgl,mahA˚
pwg,98295,Salka,vgl,Sakala
pwg,98295,Salka,vgl,SalAka
pwg,98321,Sallaka,vgl,drusallaka
pwg,98342,Savas,vgl,apratiDfzwa˚
pwg,98342,Savas,vgl,aBizwi˚
pwg,98342,Savas,vgl,asAmi˚
pwg,98342,Savas,vgl,nakzatra˚
pwg,98342,Savas,vgl,vfdDa˚
pwg,98355,SaSa,vgl,SASa
pwg,98366,SaSabindu,vgl,SASabindava
pwg,98397,SaSAdana,vgl,SASAdanaka
pwg,98414,SaSin,vgl,prati˚
pwg,98414,SaSin,vgl,SaracCaSin
pwg,98441,SaSv,vgl,SaSvAy
pwg,98443,SaSvant,vgl,SASvata
pwg,98443,SaSvant,vgl,SASvatika
pwg,98449,SazkulI,vgl,SAzkulika
pwg,98462,Sasta,vgl,kavi˚
pwg,98462,Sasta,vgl,duH˚
pwg,98470,Sastra,vgl,acCAvAka˚
pwg,98471,Sastra,vgl,ati˚
pwg,98471,Sastra,vgl,niH˚
pwg,98471,Sastra,vgl,nyasta˚
pwg,98471,Sastra,vgl,mahA˚
pwg,98471,Sastra,vgl,vi˚
pwg,98509,SA,vgl,niSiti
pwg,98510,SA,vgl,niSAna
pwg,98510,SA,vgl,antarikzasaMSita
pwg,98510,SA,vgl,apsu˚
pwg,98510,SA,vgl,fk˚
pwg,98510,SA,vgl,ozaDi˚
pwg,98510,SA,vgl,dyO˚
pwg,98510,SA,vgl,pfTivI˚
pwg,98510,SA,vgl,brahma˚
pwg,98520,SAka,vgl,puru˚
pwg,98522,SAka,vgl,Ardra˚
pwg,98522,SAka,vgl,utpala˚
pwg,98522,SAka,vgl,kAla˚
pwg,98522,SAka,vgl,gardaBa˚
pwg,98522,SAka,vgl,tikta˚
pwg,98522,SAka,vgl,duH˚
pwg,98522,SAka,vgl,pattra˚
pwg,98522,SAka,vgl,bAleya˚
pwg,98522,SAka,vgl,mada˚
pwg,98522,SAka,vgl,mahA˚
pwg,98522,SAka,vgl,rAja˚
pwg,98527,SAkawa,vgl,valliSAkawapotikA
pwg,98528,SAkawa,vgl,SAka˚
pwg,98547,SAkabAleya,vgl,bAleyaSAka
pwg,98563,SAkalya,vgl,vfdDa˚
pwg,98588,SAkina,vgl,SAka˚
pwg,98590,SAkinI,vgl,rAja˚
pwg,98591,SAkinI,vgl,qAkinI
pwg,98624,SAkya,vgl,mahA˚
pwg,98646,SAK,vgl,SlAK
pwg,98647,SAKa,vgl,tri˚
pwg,98647,SAKa,vgl,dvAra˚
pwg,98647,SAKa,vgl,nEcA˚
pwg,98647,SAKa,vgl,pAda˚
pwg,98647,SAKa,vgl,pra˚
pwg,98647,SAKa,vgl,prati˚
pwg,98647,SAKa,vgl,bahu˚
pwg,98667,SAKin,vgl,kalpa˚
pwg,98667,SAKin,vgl,mArga˚
pwg,98667,SAKin,vgl,Sakra˚
pwg,98685,SANKAyana,vgl,mahA˚
pwg,98687,SANKika,vgl,SaNKika
pwg,98709,SAq,vgl,SAl
pwg,98713,SARa,vgl,tarku˚
pwg,98713,SARa,vgl,danta˚
pwg,98733,SARqilya,vgl,udara˚
pwg,98740,SAta,vgl,gaya˚
pwg,98748,SAtana,vgl,palASa˚
pwg,98753,SAtapaTika,vgl,Sata˚
pwg,98760,SAtamAna,vgl,aDyarDa˚
pwg,98769,SAtAtapa,vgl,bfhacCAtAtapa
pwg,98800,SAntamati,vgl,SAntasumati
pwg,98806,SAntasumati,vgl,SAntamati
pwg,98807,SAntasUri,vgl,SAntisUri
pwg,98810,SAnti,vgl,graha˚
pwg,98810,SAnti,vgl,mahA˚
pwg,98819,SAntigfha,vgl,SAntisadman
pwg,98841,SAntisUri,vgl,SAntasUri
pwg,98846,SApa,vgl,vi˚
pwg,98847,SApa,vgl,SApewa
pwg,98857,SAPeya,vgl,SApeya
pwg,98860,SAbaraBAzya,vgl,SabaraBAzya
pwg,98867,SAbasta,vgl,SrAvasta
pwg,98903,SAyaka,vgl,mfga˚
pwg,98904,SAyaRqAyana,vgl,SayaRqa
pwg,98904,SAyaRqAyana,vgl,SayARqa
pwg,98907,SAyin,vgl,aDaH˚
pwg,98913,SArada,vgl,tattva˚
pwg,98913,SArada,vgl,dfzacCArada
pwg,98913,SArada,vgl,pUrva˚
pwg,98913,SArada,vgl,rajju˚
pwg,98913,SArada,vgl,vi˚
pwg,98913,SArada,vgl,viSva˚
pwg,98913,SArada,vgl,Sata˚
pwg,98919,SAradIya,vgl,paYca˚
pwg,98969,SArNgaka,vgl,SArNga
pwg,98992,SArvarin,vgl,Sarvarin
pwg,98995,SAla,vgl,pIta˚
pwg,98995,SAla,vgl,bfhacCAla
pwg,98995,SAla,vgl,Sukla˚
pwg,98998,SAlaka,vgl,tri˚
pwg,99013,SAlaBaYjikA,vgl,vidDa˚
pwg,99022,SAlA,vgl,agni˚
pwg,99022,SAlA,vgl,aSva˚
pwg,99022,SAlA,vgl,Arogya˚
pwg,99061,SAlin,vgl,giriSAlinI
pwg,99061,SAlin,vgl,dala˚
pwg,99061,SAlin,vgl,doHSAlin
pwg,99061,SAlin,vgl,naya˚
pwg,99070,SAlivAhana,vgl,sAtavAhana
pwg,99079,SAlIna,vgl,mahA˚
pwg,99088,SAlUka,vgl,kaRWa˚
pwg,99088,SAlUka,vgl,viza˚
pwg,99098,SAlmali,vgl,kA˚
pwg,99098,SAlmali,vgl,ku˚
pwg,99098,SAlmali,vgl,kUwa˚
pwg,99102,SAlmalisTa,vgl,SAlmalin
pwg,99133,SASvata,vgl,pari˚
pwg,99142,SAs,vgl,anuSAsana
pwg,99142,SAs,vgl,saMSis
pwg,99146,SAsa,vgl,duH˚
pwg,99146,SAsa,vgl,sarva˚
pwg,99150,SAsana,vgl,kUwa˚
pwg,99150,SAsana,vgl,tAmra˚
pwg,99150,SAsana,vgl,duH˚
pwg,99150,SAsana,vgl,Darma˚
pwg,99150,SAsana,vgl,pAka˚
pwg,99159,SAsitar,vgl,SAstar
pwg,99160,SAsin,vgl,Buvana˚
pwg,99161,SAsus,vgl,duHSAsus
pwg,99162,SAstar,vgl,SAsitar
pwg,99166,SAstra,vgl,arTa˚
pwg,99170,SAstragaRqa,vgl,CAttragaRqa
pwg,99205,SiMSapA,vgl,kapila˚
pwg,99205,SiMSapA,vgl,ku˚
pwg,99205,SiMSapA,vgl,SAMSapa
pwg,99213,Sikya,vgl,SEkya
pwg,99219,Sikvan,vgl,Sakvan
pwg,99221,Sikz,vgl,upaSikzA
pwg,99222,Sikz,vgl,viSikzu
pwg,99227,SikzA,vgl,manaH˚
pwg,99227,SikzA,vgl,raRa˚
pwg,99227,SikzA,vgl,raTa˚
pwg,99227,SikzA,vgl,varRa˚
pwg,99227,SikzA,vgl,Sastra˚
pwg,99227,SikzA,vgl,SEkza
pwg,99229,SikzAkzara,vgl,SikzAsvara
pwg,99248,SiKaRqin,vgl,citraSiKaRqin
pwg,99250,SiKara,vgl,tri˚
pwg,99250,SiKara,vgl,bAhu˚
pwg,99255,SiKA,vgl,agniSiKa
pwg,99255,SiKA,vgl,agniSiKA
pwg,99268,SiKAmaRi,vgl,SaSi˚
pwg,99270,SiKAvant,vgl,SEKAvata
pwg,99284,SiKin,vgl,ratna˚
pwg,99284,SiKin,vgl,SaracCiKin
pwg,99284,SiKin,vgl,SEKina
pwg,99294,Sigru,vgl,kfzRa˚
pwg,99294,Sigru,vgl,guqa˚
pwg,99294,Sigru,vgl,nIla˚
pwg,99294,Sigru,vgl,maDu˚
pwg,99294,Sigru,vgl,rakta˚
pwg,99302,SiNG,vgl,SiMh
pwg,99304,SiNGARa,vgl,SiMhARa
pwg,99312,SiYjin,vgl,kziti˚
pwg,99312,SiYjin,vgl,cara˚
pwg,99320,Sitadru,vgl,sitadru
pwg,99321,SitAman,vgl,SitIman
pwg,99324,Sitikakza,vgl,SEtikakza
pwg,99333,Sitipad,vgl,eka˚
pwg,99337,SitibAhu,vgl,SEtibAheya
pwg,99357,SiTira,vgl,SiTila
pwg,99357,SiTira,vgl,SlaTa
pwg,99358,SiTila,vgl,pra˚
pwg,99358,SiTila,vgl,SETilya
pwg,99366,Sina,vgl,Sini
pwg,99367,Sini,vgl,SEneya
pwg,99367,Sini,vgl,SEnya
pwg,99383,SiprA,vgl,ayaH˚
pwg,99383,SiprA,vgl,daSa˚
pwg,99383,SiprA,vgl,viSipriya
pwg,99383,SiprA,vgl,vfzaSipra
pwg,99383,SiprA,vgl,su˚
pwg,99383,SiprA,vgl,hiraRya˚
pwg,99383,SiprA,vgl,hiri˚
pwg,99386,SiPa,vgl,pratiparRa˚
pwg,99395,Sibira,vgl,SEla˚
pwg,99403,SimidA,vgl,aSimida
pwg,99410,Simba,vgl,tuvarI˚
pwg,99410,Simba,vgl,pfTu˚
pwg,99413,Simbi,vgl,kAka˚
pwg,99413,Simbi,vgl,ku˚
pwg,99413,Simbi,vgl,kola˚
pwg,99414,Simbika,vgl,kfzRa˚
pwg,99414,Simbika,vgl,dIrGa˚
pwg,99430,SiraHpIWa,vgl,SiroDarA
pwg,99430,SiraHpIWa,vgl,SiroDi
pwg,99433,Siraja,vgl,Siroruha
pwg,99439,Siras,vgl,a˚
pwg,99439,Siras,vgl,aTarva˚
pwg,99439,Siras,vgl,ava˚
pwg,99439,Siras,vgl,avAk˚
pwg,99456,SirIza,vgl,SErIza
pwg,99457,SirIzaka,vgl,ambuSirIzikA
pwg,99459,SirIzika,vgl,SErIzika
pwg,99467,Siroja,vgl,Siroruha
pwg,99479,SiromaRi,vgl,paRqita˚
pwg,99479,SiromaRi,vgl,mImAMsA˚
pwg,99479,SiromaRi,vgl,sidDAnta˚
pwg,99486,Siroruh,vgl,Siroruha
pwg,99501,Sil,vgl,sil
pwg,99510,Silavftti,vgl,SiloYCavftti
pwg,99511,SilA,vgl,antaH˚
pwg,99511,SilA,vgl,antra˚
pwg,99511,SilA,vgl,kiMSila
pwg,99511,SilA,vgl,gaRqaSilA
pwg,99511,SilA,vgl,tIrTa˚
pwg,99511,SilA,vgl,preta˚
pwg,99511,SilA,vgl,manaH˚
pwg,99511,SilA,vgl,mahA˚
pwg,99511,SilA,vgl,roga˚
pwg,99511,SilA,vgl,vaDya˚
pwg,99511,SilA,vgl,vizRu˚
pwg,99511,SilA,vgl,SaNKa˚
pwg,99519,SilAcaya,vgl,SilAnicaya
pwg,99519,SilAcaya,vgl,Siloccaya
pwg,99519,SilAcaya,vgl,SEla
pwg,99530,SilAda,vgl,SElAda
pwg,99533,SilAditya,vgl,SIlAditya
pwg,99554,SilAlin,vgl,SElAla
pwg,99567,Sili,vgl,Siti
pwg,99567,Sili,vgl,Sibi
pwg,99571,Silina,vgl,SElina
pwg,99574,SilIMDra,vgl,ucCilIMDra
pwg,99580,SilUza,vgl,SElUza
pwg,99582,Siloccaya,vgl,SilAcaya
pwg,99582,Siloccaya,vgl,SilAnicaya
pwg,99582,Siloccaya,vgl,SEla
pwg,99583,SiloYCa,vgl,Sila
pwg,99583,SiloYCa,vgl,uYCa Silavftti
pwg,99587,SilOkas,vgl,SilAnIqa
pwg,99590,Silpa,vgl,viSvajicCilpa
pwg,99604,SilpaSAstra,vgl,SilpiSAstra
pwg,99607,Silpin,vgl,roga˚
pwg,99607,Silpin,vgl,SAstra˚
pwg,99612,Siva,vgl,a˚
pwg,99612,Siva,vgl,Bawwa˚
pwg,99612,Siva,vgl,mahA˚
pwg,99612,Siva,vgl,vAma˚
pwg,99612,Siva,vgl,SIta˚
pwg,99612,Siva,vgl,sadA˚
pwg,99646,SivatA,vgl,Sivatva
pwg,99649,Sivatva,vgl,SivatA
pwg,99674,Sivapura,vgl,SEvapura
pwg,99675,SivapurARa,vgl,SEva
pwg,99722,Sivastuti,vgl,prAcIna˚
pwg,99725,SivAku,vgl,SEvAkavi
pwg,99768,SiSira,vgl,SESira
pwg,99782,SiSu,vgl,a˚
pwg,99782,SiSu,vgl,anu˚
pwg,99782,SiSu,vgl,BujagaSiSusfta
pwg,99782,SiSu,vgl,SESava
pwg,99784,SiSukfcCra,vgl,SiSucAndrAyaRa
pwg,99787,SiSucAndrAyaRa,vgl,SiSukfcCra
pwg,99793,SiSunAga,vgl,SESunAga
pwg,99795,SiSupAla,vgl,SESupAli
pwg,99799,SiSumAra,vgl,SESumAra
pwg,99805,SiSna,vgl,SESnya
pwg,99812,Siz,vgl,atiSeza
pwg,99812,Siz,vgl,viSeza
pwg,99812,Siz,vgl,mahAviSizwa
pwg,99812,Siz,vgl,viSezaka
pwg,99812,Siz,vgl,viSezaRa
pwg,99812,Siz,vgl,viSezya
pwg,99812,Siz,vgl,prativiSeza
pwg,99814,Sizwa,vgl,deva˚
pwg,99815,Sizwa,vgl,maDu˚
pwg,99818,Sizya,vgl,upa˚
pwg,99818,Sizya,vgl,pra˚
pwg,99818,Sizya,vgl,Sukra˚
pwg,99828,SI,vgl,SiSayizA
pwg,99828,SI,vgl,atiSaya
pwg,99828,SI,vgl,anuSaya
pwg,99828,SI,vgl,ASaya
pwg,99828,SI,vgl,upaSaya
pwg,99828,SI,vgl,upaSAya
pwg,99828,SI,vgl,pratiSIvan
pwg,99828,SI,vgl,viSaya
pwg,99828,SI,vgl,˚SAya
pwg,99828,SI,vgl,˚SAyin
pwg,99828,SI,vgl,saMSaya
pwg,99833,SIkayata,vgl,SEkayatAyani
pwg,99834,SIkara,vgl,kara˚
pwg,99837,SIGra,vgl,manaH˚
pwg,99837,SIGra,vgl,SEGra
pwg,99838,SIGrakArin,vgl,ASukArin
pwg,99867,SIta,vgl,atiSItam
pwg,99867,SIta,vgl,pAnIyaSIta
pwg,99867,SIta,vgl,bahirSIta
pwg,99867,SIta,vgl,mahASItA
pwg,99867,SIta,vgl,SEtya
pwg,99916,SItala,vgl,ArAmaSItalA
pwg,99970,SIpAla,vgl,SEvala
pwg,99970,SIpAla,vgl,SEvAla
pwg,99994,SIrza,vgl,ananta˚
pwg,99994,SIrza,vgl,apa˚
pwg,99994,SIrza,vgl,avAk˚
pwg,99994,SIrza,vgl,kapi˚
pwg,99994,SIrza,vgl,kzIra˚
pwg,99994,SIrza,vgl,gayA˚
pwg,99994,SIrza,vgl,go˚
pwg,99994,SIrza,vgl,cAru˚
pwg,99994,SIrza,vgl,tri˚
pwg,99994,SIrza,vgl,daSa˚
pwg,99994,SIrza,vgl,druma˚
pwg,99994,SIrza,vgl,dvi˚
pwg,99994,SIrza,vgl,paYca˚
pwg,99995,SIrzaka,vgl,a˚
pwg,99995,SIrzaka,vgl,ava˚
pwg,99995,SIrzaka,vgl,ucCIrzaka
pwg,99995,SIrzaka,vgl,citra˚
pwg,99995,SIrzaka,vgl,tri˚
pwg,99995,SIrzaka,vgl,DAnya˚
pwg,99995,SIrzaka,vgl,puruza˚
pwg,99995,SIrzaka,vgl,rakta˚
pwg,99995,SIrzaka,vgl,SravaRaSIrzikA
pwg,99995,SIrzaka,vgl,sama˚
pwg,99995,SIrzaka,vgl,sTU\la˚
pwg,99999,SIrzaGAtin,vgl,SErzaGAtya
pwg,100000,SIrzacCeda,vgl,SErzacCedika
pwg,100007,SIrzan,vgl,a˚
pwg,100007,SIrzan,vgl,apa˚
pwg,100007,SIrzan,vgl,tri˚
pwg,100007,SIrzan,vgl,paYca˚
pwg,100007,SIrzan,vgl,brahma˚
pwg,100007,SIrzan,vgl,mfga˚
pwg,100007,SIrzan,vgl,ruru˚
pwg,100007,SIrzan,vgl,vi˚
pwg,100007,SIrzan,vgl,SatEka˚
pwg,100007,SIrzan,vgl,kapiSIrzRI
pwg,100011,SIrzaBAra,vgl,SIrzeBAra
pwg,100012,SIrzaBArika,vgl,SIrzeBArika
pwg,100034,SIla,vgl,akarma˚
pwg,100034,SIla,vgl,Arya˚
pwg,100034,SIla,vgl,kiM˚
pwg,100050,SIlay,vgl,SIlana
pwg,100050,SIlay,vgl,anuSIlana
pwg,100050,SIlay,vgl,pariSIlana
pwg,100059,SIlAditya,vgl,SilAditya
pwg,100072,Suka,vgl,gfha˚
pwg,100072,Suka,vgl,roma˚
pwg,100072,Suka,vgl,vyAsaSukasaMvAda
pwg,100072,Suka,vgl,SrISukatIrTa
pwg,100072,Suka,vgl,SOka
pwg,100072,Suka,vgl,SOkeya
pwg,100115,Sukta,vgl,SOktika
pwg,100118,Sukti,vgl,kfmi˚
pwg,100118,Sukti,vgl,kzudra˚
pwg,100118,Sukti,vgl,jala˚
pwg,100118,Sukti,vgl,paNka˚
pwg,100118,Sukti,vgl,mahA˚
pwg,100118,Sukti,vgl,muktA˚
pwg,100118,Sukti,vgl,mOktikA˚
pwg,100118,Sukti,vgl,SOkta
pwg,100119,Suktika,vgl,irvAruSuktikA
pwg,100119,Suktika,vgl,toya˚
pwg,100127,Sukra,vgl,ati˚
pwg,100127,Sukra,vgl,kzIra˚
pwg,100127,Sukra,vgl,tri˚
pwg,100127,Sukra,vgl,niH˚
pwg,100127,Sukra,vgl,prati˚
pwg,100127,Sukra,vgl,mUtra˚
pwg,100127,Sukra,vgl,rakta˚
pwg,100127,Sukra,vgl,SudDa˚
pwg,100127,Sukra,vgl,vAtaSukratva
pwg,100127,Sukra,vgl,SOkra
pwg,100139,SukraBU,vgl,Sukrakara
pwg,100159,SukrANga,vgl,SuklApANga
pwg,100162,Sukriya,vgl,tri˚
pwg,100165,Sukla,vgl,kzIra˚
pwg,100165,Sukla,vgl,jIva˚
pwg,100165,Sukla,vgl,paYca˚
pwg,100165,Sukla,vgl,pAka˚
pwg,100165,Sukla,vgl,BIma˚
pwg,100165,Sukla,vgl,mahA˚
pwg,100165,Sukla,vgl,SaMkara˚
pwg,100165,Sukla,vgl,SOkla
pwg,100165,Sukla,vgl,SOklya
pwg,100210,SuNga,vgl,eka˚
pwg,100210,SuNga,vgl,SONga
pwg,100210,SuNga,vgl,SONgi
pwg,100213,Suc,vgl,anuSocana
pwg,100213,Suc,vgl,aBiSoka
pwg,100213,Suc,vgl,ASuSukzaRi
pwg,100213,Suc,vgl,ucCocana
pwg,100213,Suc,vgl,praSocana
pwg,100214,Suc,vgl,mAnasa˚
pwg,100216,SucadraTa,vgl,SOcadraTa
pwg,100218,Suci,vgl,SOca
pwg,100219,SucikarRa,vgl,SOcikarRika
pwg,100228,SucidraTa,vgl,SuciraTa
pwg,100241,SuciraTa,vgl,SucidraTa
pwg,100248,Sucivfkza,vgl,SOcivfkzi
pwg,100261,Suj,vgl,Svaj
pwg,100262,SuwIratA,vgl,SOwIra
pwg,100262,SuwIratA,vgl,SOwIrya
pwg,100272,SuRqa,vgl,kaRWaSuRqI
pwg,100272,SuRqa,vgl,nAga˚
pwg,100272,SuRqa,vgl,nAma˚
pwg,100272,SuRqa,vgl,viSuRqi
pwg,100272,SuRqa,vgl,hastiSuRqA
pwg,100272,SuRqa,vgl,˚SuRqI
pwg,100272,SuRqa,vgl,SORqa
pwg,100272,SuRqa,vgl,SORqika
pwg,100280,SuRqin,vgl,ganDaSuRqinI
pwg,100286,Sudi,vgl,vadi
pwg,100287,SudDa,vgl,budDi˚
pwg,100333,SudDi,vgl,tulya˚
pwg,100333,SudDi,vgl,preta˚
pwg,100333,SudDi,vgl,BUta˚
pwg,100333,SudDi,vgl,muKa˚
pwg,100333,SudDi,vgl,rajaH˚
pwg,100333,SudDi,vgl,vEra˚
pwg,100348,SudDodana,vgl,SOdDodani
pwg,100350,SuD,vgl,pariSudDi
pwg,100350,SuD,vgl,pariSoDana
pwg,100350,SuD,vgl,ratnaviSudDa
pwg,100350,SuD,vgl,viSoDana
pwg,100350,SuD,vgl,saMSudDi
pwg,100350,SuD,vgl,saMSoDana
pwg,100352,Suna,vgl,aBi˚
pwg,100352,Suna,vgl,ducCunA
pwg,100355,SunaHpucCa,vgl,SunaHSepa
pwg,100361,SunaHSepa,vgl,SunaHpucCa
pwg,100361,SunaHSepa,vgl,SunolANgUla
pwg,100365,Sunahotra,vgl,SOnahotra
pwg,100367,SunAsIra,vgl,SOnAsIrya
pwg,100388,SuBa,vgl,apramARaSuBa
pwg,100437,SuBANka,vgl,SuBANga
pwg,100456,SuBra,vgl,candra˚
pwg,100456,SuBra,vgl,tanU˚
pwg,100456,SuBra,vgl,mahA˚
pwg,100456,SuBra,vgl,SOBrAyaRa
pwg,100456,SuBra,vgl,SOBreya
pwg,100456,SuBra,vgl,SOBrya
pwg,100468,SuBravatI,vgl,SuBramatI
pwg,100488,Sulka,vgl,vIrya˚
pwg,100491,SulkaSAlA,vgl,SOlkaSAlika
pwg,100509,SuSrUzA,vgl,caraRa˚
pwg,100509,SuSrUzA,vgl,pAda˚
pwg,100509,SuSrUzA,vgl,SarIra˚
pwg,100516,Suz,vgl,UrDvaSozam
pwg,100516,Suz,vgl,ucCozaRa
pwg,100516,Suz,vgl,upaSozaRa
pwg,100516,Suz,vgl,praSoza
pwg,100520,Suzi,vgl,keli˚
pwg,100522,Suzka,vgl,ucCuzka
pwg,100522,Suzka,vgl,pari˚
pwg,100522,Suzka,vgl,vi˚
pwg,100534,Suzkala,vgl,SOzkala
pwg,100545,SuzkArSas,vgl,SOzkAsya
pwg,100547,SuzRa,vgl,vfza˚
pwg,100549,Suzma,vgl,ananta˚
pwg,100549,Suzma,vgl,ahi˚
pwg,100549,Suzma,vgl,ukTa˚
pwg,100549,Suzma,vgl,tuvi˚
pwg,100549,Suzma,vgl,ni˚
pwg,100549,Suzma,vgl,vIra˚
pwg,100549,Suzma,vgl,vfza˚
pwg,100551,Suzman,vgl,barhiH˚
pwg,100556,SU,vgl,Savas
pwg,100556,SU,vgl,SavasAna
pwg,100556,SU,vgl,SavizWa
pwg,100556,SU,vgl,SavIra
pwg,100556,SU,vgl,SUra
pwg,100558,SUka,vgl,Anu˚
pwg,100558,SUka,vgl,kara˚
pwg,100558,SUka,vgl,jala˚
pwg,100558,SUka,vgl,tIkzRa˚
pwg,100558,SUka,vgl,toya˚
pwg,100558,SUka,vgl,DAnya˚
pwg,100558,SUka,vgl,DUmra˚
pwg,100558,SUka,vgl,yava˚
pwg,100558,SUka,vgl,rAja˚
pwg,100558,SUka,vgl,viza˚
pwg,100558,SUka,vgl,SAli˚
pwg,100558,SUka,vgl,SIta˚
pwg,100558,SUka,vgl,sita˚
pwg,100568,SUkala,vgl,SUlaka
pwg,100582,SUdra,vgl,mahA˚
pwg,100582,SUdra,vgl,viwSUdra
pwg,100582,SUdra,vgl,SOdra
pwg,100582,SUdra,vgl,SOdrAyaRa
pwg,100583,SUdraka,vgl,SOdrakAyaRa
pwg,100599,SUnya,vgl,tfRa˚
pwg,100599,SUnya,vgl,pari˚
pwg,100599,SUnya,vgl,puzpa˚
pwg,100599,SUnya,vgl,mahA˚
pwg,100599,SUnya,vgl,muzka˚
pwg,100599,SUnya,vgl,vastu˚
pwg,100599,SUnya,vgl,vi˚
pwg,100601,SUnyatA,vgl,mahA˚
pwg,100618,SUra,vgl,candra˚
pwg,100618,SUra,vgl,dAna˚
pwg,100618,SUra,vgl,piRqI˚
pwg,100618,SUra,vgl,pitari˚
pwg,100618,SUra,vgl,pradAna˚
pwg,100618,SUra,vgl,rati˚
pwg,100623,SUraRa,vgl,araRya˚
pwg,100623,SUraRa,vgl,kanda˚
pwg,100623,SUraRa,vgl,paNka˚
pwg,100623,SUraRa,vgl,paYca˚
pwg,100623,SUraRa,vgl,vana˚
pwg,100623,SUraRa,vgl,valli˚
pwg,100623,SUraRa,vgl,Sveta˚
pwg,100628,SUradeva,vgl,SOradevya
pwg,100639,SUravarman,vgl,sUra˚
pwg,100646,SUrasena,vgl,SOrasena
pwg,100646,SUrasena,vgl,SOrasenya
pwg,100652,SUrya,vgl,SOrpa
pwg,100652,SUrya,vgl,SOrpika
pwg,100661,SUrpaSruti,vgl,SUrpakarRa
pwg,100663,SUrpAraka,vgl,SOrpAraka
pwg,100666,SUla,vgl,apa˚
pwg,100666,SUla,vgl,karRa˚
pwg,100667,SUlaka,vgl,SUkala
pwg,100698,SUli,vgl,pinAki
pwg,100701,SUlin,vgl,tri˚
pwg,100711,SfNKala,vgl,ucCfNKala
pwg,100711,SfNKala,vgl,kawi˚
pwg,100711,SfNKala,vgl,kandarpa˚
pwg,100711,SfNKala,vgl,dIpa˚
pwg,100711,SfNKala,vgl,vajra˚
pwg,100711,SfNKala,vgl,vAwa˚
pwg,100711,SfNKala,vgl,vi˚
pwg,100711,SfNKala,vgl,vizRu˚
pwg,100712,SfNKalaka,vgl,vajraSfNKalikA
pwg,100713,SfNKalatodin,vgl,SArNKalatodi
pwg,100716,SfNga,vgl,aja˚
pwg,100716,SfNga,vgl,avA˚
pwg,100716,SfNga,vgl,fzya˚
pwg,100716,SfNga,vgl,eka˚
pwg,100716,SfNga,vgl,karkawa˚
pwg,100716,SfNga,vgl,kulIra˚
pwg,100716,SfNga,vgl,catuH˚
pwg,100716,SfNga,vgl,tigma˚
pwg,100716,SfNga,vgl,triDAtu˚
pwg,100716,SfNga,vgl,tIkzRa˚
pwg,100716,SfNga,vgl,nf˚
pwg,100716,SfNga,vgl,putra˚
pwg,100716,SfNga,vgl,pfSni˚
pwg,100716,SfNga,vgl,pfzWa˚
pwg,100716,SfNga,vgl,prA˚
pwg,100716,SfNga,vgl,basta˚
pwg,100716,SfNga,vgl,bahu˚
pwg,100716,SfNga,vgl,bAla˚
pwg,100716,SfNga,vgl,BUri˚
pwg,100716,SfNga,vgl,maRi˚
pwg,100716,SfNga,vgl,meza˚
pwg,100716,SfNga,vgl,rAja˚
pwg,100716,SfNga,vgl,vakra˚
pwg,100716,SfNga,vgl,vi˚
pwg,100716,SfNga,vgl,vEqUrya˚
pwg,100716,SfNga,vgl,Sata˚
pwg,100716,SfNga,vgl,SaSa˚
pwg,100716,SfNga,vgl,hiraRya˚
pwg,100716,SfNga,vgl,SArNga
pwg,100717,SfNgaka,vgl,dviSfNgikA
pwg,100725,SfNgapura,vgl,SfNgeripura
pwg,100733,SfNgavant,vgl,SfNgin
pwg,100740,SfNgAwa,vgl,vana˚
pwg,100741,SfNgAwaka,vgl,graha˚
pwg,100741,SfNgAwaka,vgl,vana˚
pwg,100749,SfNgAratilaka,vgl,bfhacCfNgAra˚
pwg,100754,SfNgAray,vgl,SfNgAraRa
pwg,100766,SfNgika,vgl,rakta˚
pwg,100768,SfNgin,vgl,dvi˚
pwg,100768,SfNgin,vgl,viza˚
pwg,100797,SeKara,vgl,alaMkAra˚
pwg,100797,SeKara,vgl,indu˚
pwg,100797,SeKara,vgl,ugra˚
pwg,100804,SeRavI,vgl,SemuzI
pwg,100806,Sepa,vgl,parucCepa
pwg,100806,Sepa,vgl,SunaH˚
pwg,100806,Sepa,vgl,SePa
pwg,100807,Sepas,vgl,SePas
pwg,100812,SePa,vgl,SunaH˚
pwg,100823,Selu,vgl,BU˚
pwg,100831,SevalinI,vgl,SEvalinI
pwg,100839,Seza,vgl,a˚
pwg,100839,Seza,vgl,AleKya˚
pwg,100839,Seza,vgl,eka˚
pwg,100839,Seza,vgl,kIrti˚
pwg,100839,Seza,vgl,deva˚
pwg,100839,Seza,vgl,nAma˚
pwg,100858,Sezas,vgl,a˚
pwg,100858,Sezas,vgl,varuRa˚
pwg,100872,SEKaRqa,vgl,SEKaRqina
pwg,100903,SErIzaka,vgl,paYca˚
pwg,100907,SErzAyaRa,vgl,SIrzAyaRa
pwg,100910,SEla,vgl,krIqA˚
pwg,100910,SEla,vgl,cEtya˚
pwg,100910,SEla,vgl,tArkzya˚
pwg,100910,SEla,vgl,tuhina˚
pwg,100910,SEla,vgl,paYca˚
pwg,100910,SEla,vgl,pAda˚
pwg,100910,SEla,vgl,pUrva˚
pwg,100910,SEla,vgl,badarI˚
pwg,100910,SEla,vgl,maRi˚
pwg,100910,SEla,vgl,manTa˚
pwg,100910,SEla,vgl,mahA˚
pwg,100910,SEla,vgl,rAja˚
pwg,100910,SEla,vgl,SrI˚
pwg,100924,SElaDAtu,vgl,giriDAtu
pwg,100984,SEva,vgl,vIra˚
pwg,100993,SEvala,vgl,SEbAla
pwg,100997,SEvalya,vgl,SIpalya
pwg,101004,SEvAla,vgl,SIpAla
pwg,101012,SESira,vgl,Pala˚
pwg,101022,SESupAli,vgl,SESunAli
pwg,101029,Soka,vgl,a˚
pwg,101029,Soka,vgl,arka˚
pwg,101029,Soka,vgl,tri˚
pwg,101029,Soka,vgl,niH˚
pwg,101029,Soka,vgl,vi˚
pwg,101029,Soka,vgl,vIta˚
pwg,101029,Soka,vgl,SIrza˚
pwg,101029,Soka,vgl,sahasra˚
pwg,101042,Soci,vgl,Badra˚
pwg,101047,Socis,vgl,agfBIta˚
pwg,101047,Socis,vgl,ajira˚
pwg,101047,Socis,vgl,UrDva˚
pwg,101047,Socis,vgl,citra˚
pwg,101047,Socis,vgl,tigma˚
pwg,101047,Socis,vgl,dIrGAyu˚
pwg,101047,Socis,vgl,pAvaka˚
pwg,101047,Socis,vgl,manTi˚
pwg,101047,Socis,vgl,vfdDa˚
pwg,101047,Socis,vgl,Sukra˚
pwg,101047,Socis,vgl,SrezWa˚
pwg,101047,Socis,vgl,sva˚
pwg,101054,SoRa,vgl,daDi˚
pwg,101067,SoRahaya,vgl,SoRASva
pwg,101074,SoRita,vgl,jIva˚
pwg,101074,SoRita,vgl,vAta˚
pwg,101093,SoTa,vgl,SoPa
pwg,101095,SoTakft,vgl,SoTahft
pwg,101099,SoDa,vgl,duH˚
pwg,101100,SoDaka,vgl,mArga˚
pwg,101101,SoDana,vgl,UrDva˚
pwg,101101,SoDana,vgl,DAtu˚
pwg,101101,SoDana,vgl,pApa˚
pwg,101101,SoDana,vgl,muKa˚
pwg,101101,SoDana,vgl,vaktra˚
pwg,101101,SoDana,vgl,Sakti˚
pwg,101109,SoDya,vgl,niH˚
pwg,101112,SoPa,vgl,danta˚
pwg,101122,SoBana,vgl,karRa˚
pwg,101122,SoBana,vgl,vana˚
pwg,101122,SoBana,vgl,SOBaneya
pwg,101136,Soza,vgl,tAlu˚
pwg,101136,Soza,vgl,duH˚
pwg,101136,Soza,vgl,muKa˚
pwg,101139,Sozaka,vgl,tfRa˚
pwg,101140,SozaRa,vgl,SarIra˚
pwg,101170,SOca,vgl,a˚
pwg,101183,SOw,vgl,SOq
pwg,101184,SOwIra,vgl,SORqIra
pwg,101191,SORqa,vgl,dAna˚
pwg,101194,SORqarya,vgl,SORqIrya
pwg,101214,SOnaka,vgl,Badra˚
pwg,101247,SOlAyana,vgl,SOlbAyana
pwg,101267,SOzkala,vgl,SAzkula
pwg,101272,Scut,vgl,AScotana
pwg,101272,Scut,vgl,AScyotana
pwg,101272,Scut,vgl,praScotana
pwg,101273,Scut,vgl,Gfta˚
pwg,101273,Scut,vgl,maDu˚
pwg,101280,SnABa,vgl,SnOzwa
pwg,101286,SmaSAna,vgl,mahA˚
pwg,101297,SmaSru,vgl,dIrGa˚
pwg,101297,SmaSru,vgl,niH˚
pwg,101297,SmaSru,vgl,hiri˚
pwg,101301,SmaSruRa,vgl,SmaSrula
pwg,101302,SmaSruDara,vgl,SmaSruDArin
pwg,101303,SmaSruDArin,vgl,SmaSruDara
pwg,101312,SyA,vgl,SIta
pwg,101312,SyA,vgl,avaSyAya
pwg,101312,SyA,vgl,pratiSyAya
pwg,101317,SyAma,vgl,priyaNgu˚
pwg,101317,SyAma,vgl,maRi˚
pwg,101317,SyAma,vgl,mahA˚
pwg,101317,SyAma,vgl,rakta˚
pwg,101329,SyAmala,vgl,rAjaSyAmalopAsaka
pwg,101332,SyAmalatA,vgl,SyAmAlatA
pwg,101342,SyAmAka,vgl,rAja˚
pwg,101379,Syetakolaka,vgl,Svetakola
pwg,101382,Syena,vgl,kzipra˚
pwg,101382,Syena,vgl,divaHSyenI
pwg,101384,SyenakaraRa,vgl,SyenopadeSa
pwg,101394,SyenapAta,vgl,SyEnaMpAta
pwg,101406,SyenopadeSa,vgl,SyenakaraRa
pwg,101412,SraNk,vgl,SlaNk
pwg,101412,SraNk,vgl,sraNk
pwg,101413,SraNg,vgl,SlaNg
pwg,101413,SraNg,vgl,SvaNg
pwg,101414,SraR,vgl,viSraRana
pwg,101414,SraR,vgl,viSrARana
pwg,101416,SraT,vgl,SiTira
pwg,101416,SraT,vgl,SlaT
pwg,101422,SradDA,vgl,yaTASradDam
pwg,101426,SradDAdeva,vgl,SradDAdeya
pwg,101443,SrapaRa,vgl,paSu˚
pwg,101443,SrapaRa,vgl,vrata˚
pwg,101446,Sram,vgl,aSrAnta
pwg,101446,Sram,vgl,pariSrama
pwg,101446,Sram,vgl,pariSrAma
pwg,101446,Sram,vgl,viSrama
pwg,101448,Srama,vgl,kfta˚
pwg,101448,Srama,vgl,niH˚
pwg,101453,SramaRa,vgl,a˚
pwg,101453,SramaRa,vgl,paScAcCramaRa
pwg,101453,SramaRa,vgl,pramatta˚
pwg,101453,SramaRa,vgl,mahA˚
pwg,101453,SramaRa,vgl,SrAmaRera
pwg,101467,SramB,vgl,viSramBa
pwg,101471,Srava,vgl,karRa˚
pwg,101471,Srava,vgl,pfTu˚
pwg,101471,Srava,vgl,suKa˚
pwg,101471,Srava,vgl,SrutaSravA
pwg,101474,SravaRa,vgl,kuru˚
pwg,101474,SravaRa,vgl,pitf˚
pwg,101474,SravaRa,vgl,vi˚
pwg,101475,SravaRa,vgl,SroRa
pwg,101475,SravaRa,vgl,SlavaRa
pwg,101498,Sravas,vgl,ugra˚
pwg,101499,Sravas,vgl,gATa˚
pwg,101509,SravizWa,vgl,SrAvizWAyana
pwg,101514,SravizWIya,vgl,SrAvizWIya
pwg,101516,Sravya,vgl,suKa˚
pwg,101516,Sravya,vgl,SrAvya
pwg,101517,SrA,vgl,ASrapaRa
pwg,101524,SrAdDadeva,vgl,SradDAdeva
pwg,101548,SrAvaka,vgl,mahA˚
pwg,101548,SrAvaka,vgl,vfdDa˚
pwg,101565,SrAvasta,vgl,SAbasta
pwg,101565,SrAvasta,vgl,SAbastI
pwg,101572,SrAvizWIya,vgl,SravizWIya
pwg,101573,SrAvya,vgl,Sravya
pwg,101574,Sri,vgl,aDiSrayaRa
pwg,101574,Sri,vgl,apaSraya
pwg,101574,Sri,vgl,aBiSrI
pwg,101574,Sri,vgl,ASraya
pwg,101574,Sri,vgl,apASraya
pwg,101574,Sri,vgl,upASraya
pwg,101574,Sri,vgl,samASraya
pwg,101574,Sri,vgl,ucCraya
pwg,101574,Sri,vgl,aByucCraya
pwg,101574,Sri,vgl,samucCraya
pwg,101574,Sri,vgl,samucCrAya
pwg,101574,Sri,vgl,niSrayaRI
pwg,101574,Sri,vgl,niSreRI
pwg,101574,Sri,vgl,pariSraya
pwg,101574,Sri,vgl,praSraya
pwg,101574,Sri,vgl,saMSraya
pwg,101574,Sri,vgl,aBisaMSraya
pwg,101584,SriyA,vgl,BadraSriya
pwg,101589,Sriz,vgl,Srezman
pwg,101595,SrI,vgl,apa˚
pwg,101595,SrI,vgl,gata˚
pwg,101595,SrI,vgl,jaya˚
pwg,101596,SrIka,vgl,niH˚
pwg,101619,SrIkrama,vgl,bfhacCrIkrama
pwg,101627,SrIgiri,vgl,SrIparvata
pwg,101627,SrIgiri,vgl,SrISEla
pwg,101642,SrIQakva,vgl,Qakka
pwg,101679,SrIpati,vgl,mUla˚
pwg,101686,SrIparvata,vgl,SrIgiri
pwg,101740,SrIla,vgl,a˚
pwg,101740,SrIla,vgl,SrIra
pwg,101740,SrIla,vgl,SlIla
pwg,101745,SrIvatsa,vgl,SrIvfkza
pwg,101746,SrIvatsakin,vgl,SrIvfkzakin
pwg,101765,SrIvfkza,vgl,SrIvatsa
pwg,101767,SrIvfkzakin,vgl,SrIvatsakin
pwg,101775,SrISEla,vgl,SrIgiri
pwg,101780,SrIsaMjYa,vgl,SrIpuzpa
pwg,101797,Sru,vgl,SuSrUzaka
pwg,101797,Sru,vgl,aBiSrAva
pwg,101797,Sru,vgl,ASrAvaRa
pwg,101797,Sru,vgl,upaSruti
pwg,101797,Sru,vgl,pariSruta
pwg,101797,Sru,vgl,praSravas
pwg,101797,Sru,vgl,pratiSrava
pwg,101797,Sru,vgl,viSrAva
pwg,101797,Sru,vgl,viSruta
pwg,101797,Sru,vgl,saMSrava
pwg,101801,Sruta,vgl,a˚
pwg,101801,Sruta,vgl,ku˚
pwg,101801,Sruta,vgl,jana˚
pwg,101801,Sruta,vgl,duH˚
pwg,101801,Sruta,vgl,bahu˚
pwg,101801,Sruta,vgl,yaTA˚
pwg,101801,Sruta,vgl,vasu˚
pwg,101801,Sruta,vgl,vAja˚
pwg,101801,Sruta,vgl,vizRu˚
pwg,101801,Sruta,vgl,veda˚
pwg,101801,Sruta,vgl,su˚
pwg,101802,Srutafzi,vgl,Srutarzi
pwg,101803,Srutakakza,vgl,SrOtakakza
pwg,101811,SrutaDara,vgl,SrutiDara
pwg,101822,Srutarvan,vgl,SrOtarvaRa
pwg,101823,Srutarzi,vgl,Srutafzi
pwg,101849,Sruti,vgl,a˚
pwg,101853,Srutikawa,vgl,SrutikaRWa
pwg,101854,SrutikaRWa,vgl,Srutikawa
pwg,101860,SrutiDara,vgl,a˚
pwg,101870,SrutiveDa,vgl,karRaveDa
pwg,101877,Srutya,vgl,mantra˚
pwg,101881,Srumant,vgl,Sromata
pwg,101881,Srumant,vgl,SrOmata
pwg,101881,Srumant,vgl,SrOmatya
pwg,101883,Sruzwi,vgl,eka˚
pwg,101883,Sruzwi,vgl,SrOzwa
pwg,101884,Sruzwigu,vgl,SrOzwIgava
pwg,101890,SreRi,vgl,kaRwaka˚
pwg,101890,SreRi,vgl,deva˚
pwg,101890,SreRi,vgl,DanuH˚
pwg,101890,SreRi,vgl,putra˚
pwg,101890,SreRi,vgl,pratyak˚
pwg,101890,SreRi,vgl,maDu˚
pwg,101890,SreRi,vgl,raTa˚
pwg,101890,SreRi,vgl,vara˚
pwg,101890,SreRi,vgl,suta˚
pwg,101891,SreRika,vgl,upari˚
pwg,101901,SreRya,vgl,Badra˚
pwg,101905,SreyaMs,vgl,a˚
pwg,101905,SreyaMs,vgl,ahaM˚
pwg,101905,SreyaMs,vgl,bahuSreyasI
pwg,101916,SrezWa,vgl,jIva˚
pwg,101916,SrezWa,vgl,Pala˚
pwg,101916,SrezWa,vgl,manu˚
pwg,101916,SrezWa,vgl,mantri˚
pwg,101916,SrezWa,vgl,mfga˚
pwg,101916,SrezWa,vgl,yaTA˚
pwg,101933,SrezWin,vgl,kula˚
pwg,101938,SroRa,vgl,SloRa
pwg,101943,SroRi,vgl,pippali˚
pwg,101943,SroRi,vgl,pfTu˚
pwg,101945,SroRikA,vgl,SroRIkA
pwg,101949,SroRiPalaka,vgl,UruPalaka
pwg,101960,Srotra,vgl,SrOtra
pwg,101978,Srotriya,vgl,SrOtriyaka
pwg,101984,Sromata,vgl,Srumant
pwg,101984,Sromata,vgl,SrOmata
pwg,101984,Sromata,vgl,SrOmatya
pwg,101984,Sromata,vgl,sOSromateya
pwg,101986,SrOtafzi,vgl,SrOtarza
pwg,101992,SrOtarza,vgl,SrOtafzi
pwg,102002,SrOzaw,vgl,vazaw
pwg,102002,SrOzaw,vgl,vOzaw
pwg,102004,SrOzwi,vgl,yuDAM˚
pwg,102017,SlaNk,vgl,SraNk
pwg,102018,SlaNg,vgl,SraNg
pwg,102018,SlaNg,vgl,SvaNg
pwg,102020,SlaTa,vgl,pra˚
pwg,102020,SlaTa,vgl,vi˚
pwg,102028,SlAK,vgl,SAK
pwg,102034,SlAGin,vgl,Atma˚
pwg,102040,Sliz,vgl,samASleza
pwg,102040,Sliz,vgl,upaSleza
pwg,102040,Sliz,vgl,upaSlezaRa
pwg,102040,Sliz,vgl,praSlizwa
pwg,102040,Sliz,vgl,viSleza
pwg,102040,Sliz,vgl,saMSliz
pwg,102052,Sleza,vgl,antaH˚ Sabda˚
pwg,102059,SlezmaRa,vgl,Slezmala
pwg,102061,Slezmala,vgl,SlezmaRa
pwg,102068,SlezmAntaka,vgl,kzudra˚
pwg,102070,Slok,vgl,Slokay
pwg,102071,Sloka,vgl,anu˚
pwg,102071,Sloka,vgl,puRya˚
pwg,102071,Sloka,vgl,pratiSlokam
pwg,102071,Sloka,vgl,bfhacCloka
pwg,102071,Sloka,vgl,vi˚
pwg,102071,Sloka,vgl,SUra˚
pwg,102071,Sloka,vgl,sacCloka
pwg,102071,Sloka,vgl,SataSlokI
pwg,102082,SloRa,vgl,a˚
pwg,102084,Sva,vgl,ati˚
pwg,102084,Sva,vgl,gozWa˚
pwg,102084,Sva,vgl,yama˚
pwg,102090,SvagaRika,vgl,SvAgaRika
pwg,102096,Svac,vgl,SvaYc
pwg,102098,Svaj,vgl,Svac
pwg,102098,Svaj,vgl,SvaYc
pwg,102098,Svaj,vgl,SvaYj
pwg,102102,SvaYc,vgl,Suj
pwg,102102,SvaYc,vgl,ucCvaNka
pwg,102104,SvaW,vgl,SvaRW
pwg,102108,SvadaMzwrA,vgl,SOvadaMzwra
pwg,102112,Svan,vgl,devaSunI
pwg,102112,Svan,vgl,vanaSvan
pwg,102119,Svapaca,vgl,SvapAka
pwg,102119,Svapaca,vgl,SvAda
pwg,102122,Svapad,vgl,SvApada
pwg,102123,Svapada,vgl,SvapAda
pwg,102124,SvapAka,vgl,SvApAkaka
pwg,102126,SvapucCa,vgl,SvApucCa
pwg,102128,SvaPalka,vgl,SvAPalka
pwg,102159,SvaSura,vgl,SvASura
pwg,102163,SvaSrU,vgl,jyezWa˚
pwg,102166,Svas,vgl,aBiSvAsa
pwg,102166,Svas,vgl,ASvAsa
pwg,102166,Svas,vgl,ucCvAsa
pwg,102166,Svas,vgl,niSvAsa
pwg,102166,Svas,vgl,Svas
pwg,102166,Svas,vgl,niHSvAsa
pwg,102166,Svas,vgl,Svas
pwg,102183,SvA,vgl,saMSvAyin
pwg,102193,SvAdaMzwrA,vgl,SvadaMzwrA
pwg,102199,SvApada,vgl,Svapad
pwg,102215,SvAsa,vgl,Ka˚
pwg,102215,SvAsa,vgl,Cinna˚
pwg,102215,SvAsa,vgl,naBaH˚
pwg,102215,SvAsa,vgl,maDu˚
pwg,102215,SvAsa,vgl,mahA˚
pwg,102223,Svikna,vgl,SvEkna
pwg,102229,Svitya,vgl,SvEtya
pwg,102231,Svitra,vgl,SvEtrya
pwg,102236,Sveta,vgl,mahA˚
pwg,102236,Sveta,vgl,SvEtya
pwg,102267,SvetacCattra,vgl,SvEtacCattrika
pwg,102279,SvetadvIpa,vgl,Sveta
pwg,102311,SvetaBikzu,vgl,pARqaraBikzu
pwg,102432,zaww,vgl,saww
pwg,102443,zawpaYcavarza,vgl,paYcaza
pwg,102449,zawpada,vgl,tfRa˚
pwg,102478,zaqaMSa,vgl,zazWAMSa
pwg,102478,zaqaMSa,vgl,zaqBAga
pwg,102492,zaqaRqa,vgl,zAqaRqaka
pwg,102509,zaqAnana,vgl,zaqvaktra
pwg,102522,zaqfca,vgl,zaqarca
pwg,102529,zaqguRa,vgl,zAqguRya
pwg,102538,zaqQA,vgl,zaqDA
pwg,102538,zaqQA,vgl,zoQA
pwg,102549,zaqyoga,vgl,zaqgava
pwg,102558,zaqvaktra,vgl,zaqAnana
pwg,102559,zaqvarga,vgl,zAqvargika
pwg,102567,zaqviDa,vgl,zAqviDya
pwg,102580,zaRQa,vgl,zARQya
pwg,102584,zaRQatva,vgl,zaRqatva
pwg,102596,zaRmAsika,vgl,zARmAsika
pwg,102598,zaRmuKa,vgl,zaqAnana
pwg,102600,zatva,vgl,zAtvaRatvika
pwg,102608,zazk,vgl,zvazk
pwg,102616,zazwiDA,vgl,tri˚
pwg,102618,zazwipaTika,vgl,zAzwipaTa
pwg,102631,zazWa,vgl,aSokazazWI
pwg,102631,zazWa,vgl,Badra˚
pwg,102631,zazWa,vgl,mandAra˚
pwg,102631,zazWa,vgl,mahA˚
pwg,102634,zazWacandra,vgl,zazWa
pwg,102638,zazWavatI,vgl,saptavatI
pwg,102653,zAqava,vgl,rAga˚
pwg,102662,zARmAsya,vgl,zaRmAsya
pwg,102665,zAzwika,vgl,dvi˚
pwg,102672,zurAsARa,vgl,KurAsAna
pwg,102674,zoqa,vgl,zoqIy
pwg,102675,zoqant,vgl,zOqata
pwg,102677,zoqaSa,vgl,pari˚
pwg,102707,zoqaSIbilva,vgl,zoqaSikAmra
pwg,102709,zoQA,vgl,mahAzoQAnyAsa
pwg,102712,zWiv,vgl,nizWIva
pwg,102714,zWIvana,vgl,rakta˚
pwg,102720,zvakk,vgl,zvazk
pwg,102721,zvazk,vgl,parizvazkita
pwg,102735,saMyadvara,vgl,saMpadvara
pwg,102741,saMyama,vgl,prARa˚
pwg,102745,saMyamin,vgl,rAma˚
pwg,102750,saMyAtrA,vgl,sAMyAtrika
pwg,102764,saMyuga,vgl,sAMyugIna
pwg,102769,saMyoga,vgl,varRa˚
pwg,102769,saMyoga,vgl,vAkya˚
pwg,102769,saMyoga,vgl,viza˚
pwg,102769,saMyoga,vgl,saMyukta˚
pwg,102769,saMyoga,vgl,svara˚
pwg,102769,saMyoga,vgl,sAMyogika
pwg,102796,saMroDa,vgl,kAla˚
pwg,102803,saMlakzya,vgl,duH˚
pwg,102815,saMvatsara,vgl,trizaMvatsara
pwg,102815,saMvatsara,vgl,pari˚
pwg,102815,saMvatsara,vgl,pratisaMvatsaram
pwg,102815,saMvatsara,vgl,Sata˚
pwg,102815,saMvatsara,vgl,sAMvatsara
pwg,102837,saMvanana,vgl,viSva˚
pwg,102840,saMvara,vgl,cakra˚
pwg,102843,saMvaraRa,vgl,anu˚
pwg,102850,saMvargajit,vgl,sAMvargajita
pwg,102856,saMvarta,vgl,bfhat˚
pwg,102857,saMvartaka,vgl,sAMvartaka
pwg,102884,saMvAda,vgl,prARa˚
pwg,102884,saMvAda,vgl,vyAsaSuka˚
pwg,102884,saMvAda,vgl,saha˚
pwg,102887,saMvAdin,vgl,sAMvAdya
pwg,102892,saMvAsa,vgl,saha˚
pwg,102892,saMvAsa,vgl,sAMvAsika
pwg,102896,saMvAha,vgl,sAMvAhika
pwg,102907,saMvid,vgl,na˚
pwg,102951,saMvedana,vgl,nAsA˚
pwg,102957,saMveSana,vgl,sAMveSanika
pwg,102960,saMveSin,vgl,sAMveSya
pwg,102962,saMveza,vgl,sAMvezika
pwg,102968,saMvyavahAra,vgl,vyavahAra
pwg,102983,saMSakalA,vgl,SakalA
pwg,102985,saMSabda,vgl,Sabday
pwg,102991,saMSaya,vgl,a˚ (asaMSayam
pwg,103022,saMScat,vgl,saMSvat
pwg,103052,saMsad,vgl,brahma˚
pwg,103057,saMsarga,vgl,prati˚
pwg,103057,saMsarga,vgl,varRa˚
pwg,103057,saMsarga,vgl,saha˚
pwg,103057,saMsarga,vgl,sAMsargika
pwg,103061,saMsargavidyA,vgl,sAMsargavidya
pwg,103066,saMsarpa,vgl,vasizWa˚
pwg,103077,saMsAra,vgl,AsaMsAram
pwg,103077,saMsAra,vgl,BUtasaMsAra
pwg,103077,saMsAra,vgl,saMsaraRa
pwg,103096,saMsfti,vgl,loka˚
pwg,103117,saMskAra,vgl,agni˚
pwg,103117,saMskAra,vgl,aNga˚
pwg,103117,saMskAra,vgl,duH˚
pwg,103117,saMskAra,vgl,pAtra˚
pwg,103117,saMskAra,vgl,punaH˚
pwg,103136,saMskfta,vgl,su˚
pwg,103141,saMskriyA,vgl,aNga˚
pwg,103143,saMstamBana,vgl,stamBana
pwg,103162,saMsTa,vgl,citra˚
pwg,103162,saMsTa,vgl,dUra˚
pwg,103162,saMsTa,vgl,pAka˚
pwg,103164,saMsTAna,vgl,akzara˚
pwg,103180,saMsparSa,vgl,kIla˚
pwg,103180,saMsparSa,vgl,duHKa˚
pwg,103180,saMsparSa,vgl,rAhu˚
pwg,103180,saMsparSa,vgl,SIta˚
pwg,103186,saMsPIya,vgl,sAMsPIyaka
pwg,103188,saMsPewa,vgl,saMPewa
pwg,103200,saMsrAva,vgl,karRa˚
pwg,103203,saMsveda,vgl,sveda
pwg,103212,saMhatala,vgl,saMGatala
pwg,103216,saMhati,vgl,DUma˚
pwg,103216,saMhati,vgl,naqa˚
pwg,103216,saMhati,vgl,patti˚
pwg,103232,saMhAra,vgl,asTi˚
pwg,103232,saMhAra,vgl,ftu˚
pwg,103232,saMhAra,vgl,varRa˚
pwg,103232,saMhAra,vgl,veRI˚
pwg,103242,saMhita,vgl,DarmasaMhitA
pwg,103242,saMhita,vgl,pAda˚
pwg,103242,saMhita,vgl,prARa˚
pwg,103242,saMhita,vgl,bfhat˚
pwg,103242,saMhita,vgl,brahma˚
pwg,103242,saMhita,vgl,manu˚
pwg,103242,saMhita,vgl,mantra˚
pwg,103242,saMhita,vgl,yaTA˚
pwg,103242,saMhita,vgl,vasiWa˚
pwg,103242,saMhita,vgl,vAyu˚
pwg,103242,saMhita,vgl,veda˚
pwg,103256,saMhftabusam,vgl,saMhriyamARa˚
pwg,103261,saMhrAda,vgl,saMhlAda
pwg,103263,saMhrAdi,vgl,saMhrAdin
pwg,103266,saMhriyamARa,vgl,saMhftabusam
pwg,103269,saka,vgl,ezaka
pwg,103269,saka,vgl,yaka
pwg,103273,sakawAkzam,vgl,saMkawAkza
pwg,103280,sakarRaka,vgl,sAkarRakAyana
pwg,103283,sakala,vgl,sAkalAyana
pwg,103283,sakala,vgl,sAkalya
pwg,103315,sakft,vgl,a˚
pwg,103334,sakti,vgl,ati˚
pwg,103337,saktu,vgl,daDi˚
pwg,103337,saktu,vgl,sAktuka
pwg,103345,saktusinDu,vgl,sAktusEnDava
pwg,103346,sakTa,vgl,aYji˚
pwg,103346,sakTa,vgl,apara˚
pwg,103346,sakTa,vgl,uttara˚
pwg,103346,sakTa,vgl,ut˚
pwg,103346,sakTa,vgl,cakra˚
pwg,103346,sakTa,vgl,pUrva˚
pwg,103346,sakTa,vgl,pfSni˚
pwg,103346,sakTa,vgl,Palaka˚
pwg,103346,sakTa,vgl,mfga˚
pwg,103346,sakTa,vgl,lomaSa˚
pwg,103347,sakTan,vgl,duH˚
pwg,103366,saKa,vgl,kavA˚
pwg,103366,saKa,vgl,kAma˚
pwg,103366,saKa,vgl,drAvayat˚
pwg,103366,saKa,vgl,DI˚
pwg,103366,saKa,vgl,paSu˚
pwg,103366,saKa,vgl,putra˚
pwg,103366,saKa,vgl,priya˚
pwg,103366,saKa,vgl,madirA˚
pwg,103366,saKa,vgl,maDu˚
pwg,103366,saKa,vgl,mandayat˚
pwg,103366,saKa,vgl,marut˚
pwg,103366,saKa,vgl,meGa˚
pwg,103366,saKa,vgl,yAvayat˚
pwg,103366,saKa,vgl,rAma˚
pwg,103366,saKa,vgl,lakzmI˚
pwg,103366,saKa,vgl,vasanta˚
pwg,103367,saKi,vgl,asmat˚
pwg,103371,saKidatta,vgl,sAKidatteya
pwg,103383,saKya,vgl,pari˚
pwg,103383,saKya,vgl,yaTAsaKyam
pwg,103385,sag,vgl,sTag
pwg,103416,saMkawa,vgl,prARa˚
pwg,103416,saMkawa,vgl,vana˚
pwg,103416,saMkawa,vgl,vfkza˚
pwg,103422,saMkaTA,vgl,sAMkaTika
pwg,103423,saMkara,vgl,yoni˚ (˚ja
pwg,103429,saMkarin,vgl,putra˚
pwg,103431,saMkarza,vgl,saMnikarza
pwg,103435,saMkala,vgl,sAMkala
pwg,103436,saMkalana,vgl,nIti˚
pwg,103442,saMkalpa,vgl,pApa˚
pwg,103460,saMkAra,vgl,saMkara
pwg,103462,saMkASa,vgl,agni˚
pwg,103462,saMkASa,vgl,maDu˚
pwg,103462,saMkASa,vgl,sAMkASya
pwg,103473,saMkula,vgl,nIlAlikula˚
pwg,103473,saMkula,vgl,raRa˚
pwg,103473,saMkula,vgl,Akula
pwg,103473,saMkula,vgl,paryAkula
pwg,103473,saMkula,vgl,vyAkula
pwg,103473,saMkula,vgl,samAkula
pwg,103479,saMkfti,vgl,saMskfti
pwg,103481,saMketa,vgl,utsava˚
pwg,103494,saMketaSikzA,vgl,haWasaMketacandrikA
pwg,103500,saMkocaka,vgl,rakta˚
pwg,103508,saMkrama,vgl,svara˚
pwg,103509,saMkramaRa,vgl,garBa˚
pwg,103509,saMkramaRa,vgl,darvI˚
pwg,103513,saMkrAma,vgl,sAMkrAmika
pwg,103522,saMkzaya,vgl,mUtra˚
pwg,103522,saMkzaya,vgl,loka˚
pwg,103530,saMkzepa,vgl,nyAya˚
pwg,103537,saMKya,vgl,asaMKya
pwg,103537,saMKya,vgl,go˚
pwg,103537,saMKya,vgl,niH˚
pwg,103537,saMKya,vgl,Sata˚
pwg,103537,saMKya,vgl,kulasaMKyA
pwg,103537,saMKya,vgl,yaTAsaMKyam
pwg,103537,saMKya,vgl,yaTAsaMKyena
pwg,103555,saMKyeya,vgl,a˚
pwg,103556,saNga,vgl,a˚
pwg,103556,saNga,vgl,duH˚
pwg,103556,saNga,vgl,niH˚
pwg,103556,saNga,vgl,manaH˚
pwg,103556,saNga,vgl,mUtra˚
pwg,103556,saNga,vgl,raTa˚
pwg,103556,saNga,vgl,vAk˚
pwg,103556,saNga,vgl,vAsara˚
pwg,103556,saNga,vgl,viw˚
pwg,103556,saNga,vgl,sa˚
pwg,103556,saNga,vgl,yaTAsaNgam
pwg,103562,saMgata,vgl,BujaMgasaMgatA
pwg,103566,saMgati,vgl,prIti˚
pwg,103569,saMgama,vgl,punaH˚
pwg,103569,saMgama,vgl,praTama˚
pwg,103569,saMgama,vgl,SaktisaMgamatantra
pwg,103573,saMgamana,vgl,priya˚
pwg,103573,saMgamana,vgl,sAMgamana
pwg,103589,saNgin,vgl,patsaNgin
pwg,103608,saMgIti,vgl,Darma˚
pwg,103621,saMgraha,vgl,anekArTa˚
pwg,103621,saMgraha,vgl,tarka˚
pwg,103621,saMgraha,vgl,dAra˚
pwg,103623,saMgrahaRa,vgl,sAMgrahaRa
pwg,103626,saMgrahin,vgl,saMgrAhin
pwg,103627,saMgrahItar,vgl,saMgfhItar
pwg,103628,saMgrAma,vgl,SrI˚
pwg,103628,saMgrAma,vgl,sAMgrAma
pwg,103628,saMgrAma,vgl,sAMgrAmika
pwg,103630,saMgrAmajit,vgl,sAMgrAmajitya
pwg,103651,saMgrAhin,vgl,saMgrahin
pwg,103653,saMGa,vgl,Arya˚
pwg,103653,saMGa,vgl,pra˚
pwg,103663,saMGawwa,vgl,sAMGawwika
pwg,103670,saMGatiTa,vgl,gaRatiTa
pwg,103670,saMGatiTa,vgl,pUgatiTa
pwg,103670,saMGatiTa,vgl,bahutiTa
pwg,103681,saMGaSas,vgl,Sata˚
pwg,103683,saMGAwikA,vgl,saMcArikA
pwg,103684,saMGAwI,vgl,Bikzu˚
pwg,103686,saMGAta,vgl,matsya˚
pwg,103686,saMGAta,vgl,mAMsa˚
pwg,103686,saMGAta,vgl,ratna˚
pwg,103686,saMGAta,vgl,vajra˚
pwg,103686,saMGAta,vgl,varRa˚
pwg,103686,saMGAta,vgl,sAMGAtaka
pwg,103687,saMGAtaka,vgl,saMGAtya
pwg,103693,saMGADipa,vgl,saMGapati
pwg,103700,sac,vgl,aBizAc
pwg,103701,sac,vgl,sAc
pwg,103716,saci,vgl,sacibid
pwg,103792,sajya,vgl,sajja
pwg,103800,saMcaya,vgl,arTa˚
pwg,103806,saMcara,vgl,saMcAra
pwg,103807,saMcaraRa,vgl,anu˚
pwg,103816,saMcAra,vgl,duH˚
pwg,103816,saMcAra,vgl,duHKa˚
pwg,103816,saMcAra,vgl,durga˚
pwg,103816,saMcAra,vgl,niH˚
pwg,103817,saMcAraka,vgl,para˚
pwg,103823,saMcArin,vgl,tanu˚
pwg,103823,saMcArin,vgl,deha˚
pwg,103823,saMcArin,vgl,SIGra˚
pwg,103831,saMcintya,vgl,duH˚
pwg,103843,saYj,vgl,udakasakta
pwg,103843,saYj,vgl,anuzaNga
pwg,103843,saYj,vgl,aBizaNga
pwg,103843,saYj,vgl,avasaYjana
pwg,103843,saYj,vgl,Asakti
pwg,103843,saYj,vgl,vyAsaNga
pwg,103843,saYj,vgl,samAsakti
pwg,103843,saYj,vgl,nizaNga
pwg,103843,saYj,vgl,prasakti
pwg,103843,saYj,vgl,prasaNga
pwg,103843,saYj,vgl,prasaNgin
pwg,103843,saYj,vgl,prasajya
pwg,103843,saYj,vgl,anuprasakti
pwg,103843,saYj,vgl,pratisaNgin
pwg,103843,saYj,vgl,vizaNga
pwg,103843,saYj,vgl,saMsakti
pwg,103847,saMjanana,vgl,nidrA˚
pwg,103869,saMjIvana,vgl,mfta˚
pwg,103871,saMjIvin,vgl,mfta˚
pwg,103874,saMjYaka,vgl,nawa˚
pwg,103874,saMjYaka,vgl,ravi˚
pwg,103877,saMjYA,vgl,antaHsaMjYa
pwg,103877,saMjYA,vgl,kfta˚
pwg,103877,saMjYA,vgl,niH˚
pwg,103877,saMjYA,vgl,nEvasaMjYA˚
pwg,103877,saMjYA,vgl,raTANga˚
pwg,103877,saMjYA,vgl,vi˚
pwg,103877,saMjYA,vgl,Sabda˚
pwg,103877,saMjYA,vgl,SrI˚
pwg,103877,saMjYA,vgl,sUrya˚
pwg,103877,saMjYA,vgl,soma˚
pwg,103882,saMjYAna,vgl,nEvasaMjYAnAsaMjYAyatana
pwg,103888,saMjYikA,vgl,saMjYaka
pwg,103899,saww,vgl,zaww
pwg,103904,saqa,vgl,sAqi
pwg,103911,sataHpaNkti,vgl,satobfhant
pwg,103912,satata,vgl,sAtatya
pwg,103936,satIna,vgl,satIla
pwg,103936,satIna,vgl,satIlaka
pwg,103973,satkAYcanAra,vgl,raktakAYcana
pwg,103975,satkAra,vgl,atiTi˚
pwg,103987,satkriyA,vgl,anta˚
pwg,103995,sattA,vgl,mahA˚
pwg,104014,sattrin,vgl,dIrGa˚
pwg,104015,sattriya,vgl,sattrya
pwg,104019,sattva,vgl,a˚
pwg,104019,sattva,vgl,antaH˚
pwg,104019,sattva,vgl,Apanna˚
pwg,104058,satya,vgl,a˚
pwg,104058,satya,vgl,anuzatya
pwg,104058,satya,vgl,aprAmisatya
pwg,104058,satya,vgl,ftajAta˚
pwg,104058,satya,vgl,trizatya
pwg,104058,satya,vgl,niHsatya
pwg,104058,satya,vgl,priya˚
pwg,104058,satya,vgl,mama˚
pwg,104058,satya,vgl,yaTAsatyam
pwg,104058,satya,vgl,sAtya
pwg,104062,satyakAma,vgl,sAtyakAmi
pwg,104073,satyaMkAra,vgl,sAtyaMkArya
pwg,104078,satyajYAnAnandatIrTa,vgl,satyAnandatIrTa
pwg,104104,satyaparAkrama,vgl,satyavikrama
pwg,104122,satyamugra,vgl,sAtyamugra
pwg,104132,satyaraTa,vgl,sAtyaraTi
pwg,104136,satyaloka,vgl,satya
pwg,104143,satyavant,vgl,sAtyavata
pwg,104156,satyavikrama,vgl,satyaparAkrama
pwg,104181,satyasavas,vgl,satyaprasavas
pwg,104223,satrAjit,vgl,sAtrAjita
pwg,104229,satrAsAha,vgl,sAtrAsAha
pwg,104237,satvan,vgl,aBi˚
pwg,104237,satvan,vgl,ahiSuzma˚
pwg,104237,satvan,vgl,satya˚
pwg,104240,satvant,vgl,sAtvata
pwg,104241,satvara,vgl,rati˚
pwg,104247,sad,vgl,asanna
pwg,104247,sad,vgl,avasAda
pwg,104247,sad,vgl,AsAdana
pwg,104247,sad,vgl,pratyAsatti
pwg,104247,sad,vgl,samAsAdya
pwg,104247,sad,vgl,utsAda
pwg,104247,sad,vgl,utsAdaka
pwg,104247,sad,vgl,upasattar
pwg,104247,sad,vgl,nizaRRaka
pwg,104247,sad,vgl,upanizad
pwg,104247,sad,vgl,parizad
pwg,104247,sad,vgl,prasadman
pwg,104247,sad,vgl,prasanna
pwg,104247,sad,vgl,prasAda
pwg,104247,sad,vgl,prAsAda
pwg,104247,sad,vgl,Gftaprasatta
pwg,104247,sad,vgl,prasAdaka
pwg,104247,sad,vgl,vizAda
pwg,104247,sad,vgl,saMsAdana
pwg,104256,sadana,vgl,fta˚
pwg,104256,sadana,vgl,keli˚
pwg,104256,sadana,vgl,deva˚
pwg,104256,sadana,vgl,dyUta˚
pwg,104256,sadana,vgl,nf˚
pwg,104256,sadana,vgl,pitf˚
pwg,104256,sadana,vgl,brahma˚
pwg,104261,sadam,vgl,sadA
pwg,104263,sadaMpuzpa,vgl,sadApuzpa
pwg,104266,sadara,vgl,saMhara
pwg,104279,sadas,vgl,yajYa˚
pwg,104279,sadas,vgl,Sakra˚
pwg,104287,sadasant,vgl,sAdasata
pwg,104289,sadasaspati,vgl,sadaspati
pwg,104316,sadAnandacidAtmaka,vgl,saccidAnanda
pwg,104352,sadfkza,vgl,prati˚
pwg,104353,sadfS,vgl,prati˚
pwg,104353,sadfS,vgl,vi˚
pwg,104354,sadfSa,vgl,vi˚
pwg,104354,sadfSa,vgl,sAdfSIya
pwg,104376,sadgraha,vgl,asadgraha
pwg,104385,sadman,vgl,adma˚
pwg,104385,sadman,vgl,ISvara˚
pwg,104385,sadman,vgl,deva˚
pwg,104385,sadman,vgl,dyu˚
pwg,104385,sadman,vgl,nf˚
pwg,104385,sadman,vgl,pitf˚
pwg,104385,sadman,vgl,prARa˚
pwg,104385,sadman,vgl,bali˚
pwg,104385,sadman,vgl,Boga˚
pwg,104385,sadman,vgl,rAja˚
pwg,104385,sadman,vgl,SAnti˚
pwg,104385,sadman,vgl,Sukra˚
pwg,104385,sadman,vgl,sattra˚
pwg,104385,sadman,vgl,sura˚
pwg,104392,sadyaHkrI,vgl,sAdyaHkra
pwg,104409,sadyaHsutyA,vgl,SvaHsutyA
pwg,104414,sadyoja,vgl,sAdyoja
pwg,104416,sadyojAtapAda,vgl,sadyojAta
pwg,104434,sadratna,vgl,sanmaRi
pwg,104447,sadvidya,vgl,durvidya
pwg,104451,sadvftta,vgl,suvftta
pwg,104452,sadvftta,vgl,suvftta
pwg,104469,saDamitra,vgl,sADamitraka
pwg,104471,saDarma,vgl,saDarman
pwg,104473,saDarmacAriRI,vgl,saDarmiRI
pwg,104488,saDUmavarRA,vgl,saDUmravarRA
pwg,104496,san,vgl,saMsanana
pwg,104498,sana,vgl,sanA
pwg,104498,sana,vgl,sanyas
pwg,104499,sana,vgl,ahaM˚
pwg,104499,sana,vgl,suzaRa
pwg,104503,sanaga,vgl,sAnaga
pwg,104509,sanatkumAra,vgl,vAstu˚
pwg,104516,sanana,vgl,su˚
pwg,104537,sanATa,vgl,sAnATya
pwg,104549,sani,vgl,aBaya˚
pwg,104549,sani,vgl,aBra˚
pwg,104549,sani,vgl,aSva˚
pwg,104549,sani,vgl,Atma˚
pwg,104549,sani,vgl,Urja˚
pwg,104549,sani,vgl,go˚
pwg,104549,sani,vgl,Dana˚
pwg,104549,sani,vgl,paSu˚
pwg,104549,sani,vgl,pitu˚
pwg,104549,sani,vgl,prajA˚
pwg,104549,sani,vgl,loka˚
pwg,104549,sani,vgl,vAja˚
pwg,104549,sani,vgl,vfzwi˚
pwg,104549,sani,vgl,Sata˚
pwg,104549,sani,vgl,sahasra˚
pwg,104549,sani,vgl,stanayitnu˚
pwg,104549,sani,vgl,hfdaM˚
pwg,104567,sanisrasa,vgl,sanIsraMsa
pwg,104573,sanIsraMsa,vgl,sanisrasa
pwg,104576,sanutar,vgl,tarutar
pwg,104576,sanutar,vgl,varUtar
pwg,104577,sanutar,vgl,sanitus
pwg,104586,sant,vgl,satyasatI
pwg,104586,sant,vgl,satkAra
pwg,104586,sant,vgl,asant
pwg,104587,santa,vgl,duHzanta
pwg,104590,saMtati,vgl,kula˚
pwg,104590,saMtati,vgl,tantu˚
pwg,104590,saMtati,vgl,niH˚
pwg,104590,saMtati,vgl,bahu˚
pwg,104593,saMtateyu,vgl,saMnateyu
pwg,104597,saMtamaka,vgl,tamaka
pwg,104599,saMtaraRa,vgl,kali˚
pwg,104602,saMtarjana,vgl,akzi˚
pwg,104609,saMtAna,vgl,jYAna˚
pwg,104610,saMtAnaka,vgl,cIrasaMtAnikA
pwg,104617,saMtApa,vgl,BUta˚
pwg,104617,saMtApa,vgl,manaH˚
pwg,104618,saMtApana,vgl,BUta˚
pwg,104627,santi,vgl,puruzanti
pwg,104628,saMtuzita,vgl,tuzita
pwg,104641,saMtyajya,vgl,saMtyAjya
pwg,104642,saMtyAga,vgl,prARa˚
pwg,104644,saMtyAjya,vgl,saMtyajya
pwg,104646,saMtrAsa,vgl,kftAnta˚
pwg,104651,saMdaMSaka,vgl,raktasaMdaMSikA
pwg,104655,saMdarBa,vgl,kramasaMdarBapraBAsa
pwg,104655,saMdarBa,vgl,BAgavata˚
pwg,104655,saMdarBa,vgl,sidDAnta˚
pwg,104667,saMdAninI,vgl,saMDAninI
pwg,104680,saMdIpana,vgl,agni˚
pwg,104680,saMdIpana,vgl,bindu˚
pwg,104685,saMdfS,vgl,tveza˚
pwg,104685,saMdfS,vgl,piSaNga˚
pwg,104685,saMdfS,vgl,raRva˚
pwg,104685,saMdfS,vgl,su˚
pwg,104685,saMdfS,vgl,sudfSIka˚
pwg,104685,saMdfS,vgl,hiraRya˚
pwg,104689,saMdeGa,vgl,saMdeha
pwg,104691,saMdeSa,vgl,priya meGa˚
pwg,104691,saMdeSa,vgl,leKasaMdeSahArin
pwg,104703,saMdeha,vgl,niH˚
pwg,104703,saMdeha,vgl,prARa˚
pwg,104717,saMDA,vgl,atisaMDam
pwg,104717,saMDA,vgl,indrasaMDA
pwg,104717,saMDA,vgl,jarAsaMDa
pwg,104717,saMDA,vgl,jala˚
pwg,104717,saMDA,vgl,dfQa˚
pwg,104717,saMDA,vgl,satya˚
pwg,104720,saMDAna,vgl,agra˚
pwg,104720,saMDAna,vgl,duH˚
pwg,104720,saMDAna,vgl,punaH˚
pwg,104728,saMDAya,vgl,vigfhya
pwg,104731,saMDi,vgl,ftu˚
pwg,104746,saMDimati,vgl,saMDimant
pwg,104754,saMDivelA,vgl,sAMDivela
pwg,104761,saMDeya,vgl,duH˚
pwg,104762,saMDya,vgl,agrasaMDyA
pwg,104762,saMDya,vgl,upasaMDyam
pwg,104762,saMDya,vgl,trisaMDya
pwg,104762,saMDya,vgl,dIrGa˚
pwg,104762,saMDya,vgl,nIlasaMDyA
pwg,104762,saMDya,vgl,prAk˚
pwg,104787,sannaka,vgl,gata˚
pwg,104792,saMnateyu,vgl,saMtateyu
pwg,104799,saMnahana,vgl,patnI˚
pwg,104799,saMnahana,vgl,sarva˚
pwg,104806,saMnAha,vgl,vi˚
pwg,104806,saMnAha,vgl,sarva˚
pwg,104814,saMnikASa,vgl,saMkASa
pwg,104821,saMniDi,vgl,sAMniDya
pwg,104825,saMnipAta,vgl,lakzaRa˚
pwg,104833,saMniBa,vgl,gomeda˚
pwg,104840,saMnirudDaguda,vgl,nirudDaguda
pwg,104852,saMniveSa,vgl,sAMniveSika
pwg,104867,saMnyAsa,vgl,sAMnyAsika
pwg,104878,sanmaRi,vgl,sadratna
pwg,104884,sanmArga,vgl,satpaTa
pwg,104890,sap,vgl,sAp
pwg,104892,sapa,vgl,pasa
pwg,104900,sapattrAkar,vgl,nizpattrAkar
pwg,104903,sapatna,vgl,a˚
pwg,104919,sapatnI,vgl,sapatna
pwg,104919,sapatnI,vgl,sApatna
pwg,104919,sapatnI,vgl,sApatnya
pwg,104941,sapiRqa,vgl,sApiRqi
pwg,104941,sapiRqa,vgl,sApiRqya
pwg,104944,sapiRqay,vgl,sapiRqana
pwg,104947,sapitva,vgl,apayitva
pwg,104947,sapitva,vgl,prapitva
pwg,104960,saptaka,vgl,kutapa˚
pwg,104960,saptaka,vgl,sapta˚
pwg,104976,saptacCada,vgl,saptaparRa
pwg,104983,saptati,vgl,azwA˚
pwg,105005,saptaDA,vgl,dvi˚
pwg,105008,saptan,vgl,tri˚
pwg,105008,saptan,vgl,paYca˚
pwg,105008,saptan,vgl,sApta
pwg,105008,saptan,vgl,sApti
pwg,105019,saptapada,vgl,sAptapada
pwg,105019,saptapada,vgl,sAptapadIna
pwg,105054,saptala,vgl,sAptaleya
pwg,105056,saptavatI,vgl,zazWavatI
pwg,105059,saptavarman,vgl,sarvavarman
pwg,105063,saptaviMSati,vgl,saptAviMSati
pwg,105113,sapti,vgl,yuyujAna˚
pwg,105113,sapti,vgl,sapta˚
pwg,105113,sapti,vgl,sita˚
pwg,105131,sapravAda,vgl,sahapravAda
pwg,105134,saprAya,vgl,sAprAyya
pwg,105139,saPala,vgl,sAPalya
pwg,105144,sabanDu,vgl,a˚
pwg,105144,sabanDu,vgl,yAvatsabanDu
pwg,105162,sabrahmacArin,vgl,sAbrahmacAriRa
pwg,105174,saBA,vgl,deva˚
pwg,105174,saBA,vgl,nfpasaBa
pwg,105177,saBAga,vgl,saBAcara
pwg,105187,saBApati,vgl,sABApata
pwg,105201,saBeya,vgl,su˚
pwg,105205,sam,vgl,stam
pwg,105206,sam,vgl,saMtaram
pwg,105207,sama,vgl,samaha
pwg,105208,sama,vgl,a˚
pwg,105211,samaka,vgl,mAtrA˚
pwg,105211,samaka,vgl,saM˚
pwg,105213,samakakzA,vgl,samatulA
pwg,105223,samakza,vgl,pratyakza
pwg,105227,samagra,vgl,sAmagrI
pwg,105227,samagra,vgl,sAmagrya
pwg,105228,samagraRI,vgl,agraRI
pwg,105231,samaNga,vgl,mahAsamaNgA
pwg,105237,samaja,vgl,samAja
pwg,105245,samaYjasa,vgl,a˚
pwg,105248,samatA,vgl,samatva
pwg,105249,samatikrama,vgl,duH˚
pwg,105250,samatulA,vgl,samakakza
pwg,105253,samatva,vgl,samatA
pwg,105258,samadarSana,vgl,tulyadarSana
pwg,105294,samanta,vgl,prati˚
pwg,105294,samanta,vgl,sAmanta
pwg,105343,samaMBUmi,vgl,samaBUmi
pwg,105360,samayAcAra,vgl,sAmayAcArika
pwg,105362,samayADyuzita,vgl,samayAvizita
pwg,105368,samayuga,vgl,sAmayugIna
pwg,105371,samara,vgl,sAmareya
pwg,105375,samarajit,vgl,samaraMjaya
pwg,105377,samaraMjaya,vgl,samarajit
pwg,105394,samarUpya,vgl,samamaya
pwg,105400,samarGa,vgl,sAmarGya
pwg,105405,samarTa,vgl,a˚
pwg,105413,samarDaka,vgl,samarDuka
pwg,105430,samala,vgl,sAmalAyana
pwg,105430,samala,vgl,sAmaleya
pwg,105430,samala,vgl,sAmalya
pwg,105452,samavAya,vgl,saMyukta˚
pwg,105475,samazWIlA,vgl,azWIlA
pwg,105478,samasaMsTita,vgl,samasTa
pwg,105480,samasana,vgl,samAsa
pwg,105485,samasta,vgl,sAmastya
pwg,105487,samasTa,vgl,sAmasTya
pwg,105487,samasTa,vgl,samasaMsTita
pwg,105495,samA,vgl,pApasama
pwg,105495,samA,vgl,puRya˚
pwg,105505,samAkula,vgl,Akula
pwg,105505,samAkula,vgl,paryAkula
pwg,105505,samAkula,vgl,vyAkula
pwg,105505,samAkula,vgl,saMkula
pwg,105517,samAgama,vgl,DUrta˚
pwg,105525,samAja,vgl,samaja
pwg,105525,samAja,vgl,sAmAjika
pwg,105526,samAjYA,vgl,samajyA
pwg,105540,samADi,vgl,boDisattvabudDAnusmfti˚
pwg,105540,samADi,vgl,brahmakarma˚
pwg,105540,samADi,vgl,yoga˚
pwg,105540,samADi,vgl,samyak˚
pwg,105553,samAna,vgl,a˚
pwg,105553,samAna,vgl,sAmAnika
pwg,105553,samAna,vgl,sAmAnya
pwg,105565,samAnagrAma,vgl,samAnagrAmIya
pwg,105571,samAnajAtIya,vgl,sajAtIya
pwg,105608,samAnADikaraRa,vgl,sAmAnADikaraRya
pwg,105618,samAnodarya,vgl,sodarya
pwg,105625,samApatti,vgl,samApti
pwg,105629,samApAdya,vgl,samApatti
pwg,105636,samApti,vgl,vi˚
pwg,105636,samApti,vgl,veda˚
pwg,105644,samAma,vgl,samAmya
pwg,105646,samAmnAya,vgl,paSu˚
pwg,105646,samAmnAya,vgl,varRa˚
pwg,105668,samAlaBana,vgl,samAlamBana
pwg,105699,samASir,vgl,ASir
pwg,105708,samAsa,vgl,tattva˚
pwg,105708,samAsa,vgl,sAmAsika
pwg,105729,samAsyA,vgl,samasyA
pwg,105739,samAhvaya,vgl,lakzmI˚
pwg,105744,samit,vgl,samiti
pwg,105747,samiti,vgl,sAmitya
pwg,105777,samIkaraRa,vgl,anekavarRa˚
pwg,105781,samIkza,vgl,tattva˚
pwg,105784,samIkzya,vgl,duH˚
pwg,105793,samIpa,vgl,sAmIpya
pwg,105794,samIpakAla,vgl,samIpadeSa
pwg,105799,samIpadeSa,vgl,samIpakAla
pwg,105806,samIya,vgl,vizamIya
pwg,105807,samIra,vgl,sAmIrya
pwg,105812,samu,vgl,saMBu
pwg,105816,samuccaya,vgl,DavalapurARa˚
pwg,105816,samuccaya,vgl,pramARa˚
pwg,105816,samuccaya,vgl,boDisattvasamuccayA
pwg,105816,samuccaya,vgl,BAgavatasArasamuccaya
pwg,105816,samuccaya,vgl,vyavahAra˚
pwg,105816,samuccaya,vgl,SikzA˚
pwg,105816,samuccaya,vgl,zaqdarSana˚
pwg,105823,samucCrAya,vgl,ucCrAya
pwg,105830,samutkarza,vgl,sAmutkarzika
pwg,105837,samutTa,vgl,sva˚
pwg,105846,samutpiYja,vgl,piYja
pwg,105846,samutpiYja,vgl,utpiYja
pwg,105847,samutpiYjalaka,vgl,piYjala
pwg,105847,samutpiYjalaka,vgl,piYjalaka
pwg,105847,samutpiYjalaka,vgl,utpiYjalaka
pwg,105854,samutsuka,vgl,pari˚
pwg,105860,samudaya,vgl,samudAya
pwg,105862,samudAcAra,vgl,bahu˚
pwg,105865,samudAya,vgl,sAmudAyika
pwg,105875,samuddiDIrzu,vgl,uddiDIrzA
pwg,105875,samuddiDIrzu,vgl,uddiDIrzu
pwg,105876,samuddeSa,vgl,dravya˚
pwg,105876,samuddeSa,vgl,saMbanDa˚
pwg,105886,samudBava,vgl,kfzRa˚
pwg,105886,samudBava,vgl,majja˚
pwg,105892,samudra,vgl,kzAra˚
pwg,105892,samudra,vgl,kzIra˚
pwg,105892,samudra,vgl,catuH˚
pwg,105897,samudrakAntA,vgl,samudradayitA
pwg,105897,samudrakAntA,vgl,samudrapatnI
pwg,105909,samudranizkuwa,vgl,sAmudranizkuwa
pwg,105912,samudraparyanta,vgl,sAgaraparyanta
pwg,105935,samudrasTalI,vgl,sAmudrasTalaka
pwg,105953,samunnati,vgl,citta˚
pwg,105956,samunnamana,vgl,samunnayana
pwg,105958,samunnayana,vgl,samunnamana
pwg,105976,samupahvara,vgl,upahvara
pwg,105995,samUru,vgl,camUru
pwg,105997,samUla,vgl,sahamUra
pwg,105997,samUla,vgl,sahamUla
pwg,105999,samUlakAzam,vgl,nimUlakAzam
pwg,106001,samUha,vgl,kAma˚
pwg,106001,samUha,vgl,Ba˚
pwg,106001,samUha,vgl,vana˚
pwg,106001,samUha,vgl,sAmUhika
pwg,106009,samfdDi,vgl,rUpa˚
pwg,106026,saMpatti,vgl,Dana˚
pwg,106030,saMpad,vgl,yaTA˚
pwg,106030,saMpad,vgl,saMpatti
pwg,106034,saMpadvasu,vgl,saMyadvasu
pwg,106038,saMpara,vgl,saMparIya
pwg,106039,saMparAya,vgl,sAMparAya
pwg,106039,saMparAya,vgl,sAMparAyika
pwg,106053,saMpAka,vgl,SampAka
pwg,106057,saMpAta,vgl,DArA˚
pwg,106057,saMpAta,vgl,niH˚
pwg,106060,saMpAti,vgl,saMpAtin
pwg,106070,saMpAdya,vgl,duH˚
pwg,106082,saMpuwa,vgl,bahu˚
pwg,106082,saMpuwa,vgl,harza˚
pwg,106098,saMpeza,vgl,sAMpezika
pwg,106108,saMprati,vgl,a˚
pwg,106108,saMprati,vgl,sAMprata
pwg,106108,saMprati,vgl,sAMpratika
pwg,106126,saMpradAna,vgl,sAMpradAnika
pwg,106128,saMpradAya,vgl,yaTAsaMpradAyam
pwg,106134,saMprapuzpita,vgl,prapuzpita
pwg,106155,saMpraveSa,vgl,vana˚
pwg,106156,saMpraSna,vgl,sAMpraSnika
pwg,106171,saMprApti,vgl,mitra˚
pwg,106175,saMpriya,vgl,sAMpriyaka
pwg,106186,saMplava,vgl,ambu˚
pwg,106186,saMplava,vgl,gAtra˚
pwg,106192,samba,vgl,Samba
pwg,106193,saMbanDa,vgl,ku˚
pwg,106193,saMbanDa,vgl,piRqa˚
pwg,106193,saMbanDa,vgl,brahma˚
pwg,106193,saMbanDa,vgl,yaTAsaMbanDam
pwg,106213,saMbudDa,vgl,samyak˚
pwg,106217,saMboDa,vgl,samyak˚
pwg,106220,saMboDi,vgl,samyak˚
pwg,106229,saMBala,vgl,saha˚
pwg,106230,saMBava,vgl,asTi˚
pwg,106230,saMBava,vgl,amfta˚
pwg,106230,saMBava,vgl,Atma˚
pwg,106233,saMBavin,vgl,yaTA˚
pwg,106235,saMBavya,vgl,asaMBavya
pwg,106237,saMBAra,vgl,Pala˚
pwg,106251,saMBAzin,vgl,sAMBAzya
pwg,106257,saMBUti,vgl,garBa˚
pwg,106260,saMBUyaMs,vgl,sAMBUyi
pwg,106288,saMBrama,vgl,niH˚
pwg,106292,saMmati,vgl,sAMmatya
pwg,106296,saMmada,vgl,sAMmada
pwg,106298,saMmanas,vgl,sAMmanasya
pwg,106311,saMmAtar,vgl,sAMmAtura
pwg,106331,saMmIlana,vgl,nimIlana
pwg,106345,saMmeGa,vgl,sAMmeGya
pwg,106346,saMmeta,vgl,sameta
pwg,106349,saMmodana,vgl,sAMmodanika
pwg,106352,saMmohana,vgl,mahA˚
pwg,106385,samyaYc,vgl,samIcIna
pwg,106386,samrAj,vgl,sAmrAjya
pwg,106410,sar,vgl,anusara
pwg,106410,sar,vgl,apasara
pwg,106410,sar,vgl,aBisara
pwg,106410,sar,vgl,atyAsArin
pwg,106410,sar,vgl,utsAraka
pwg,106410,sar,vgl,upasara
pwg,106410,sar,vgl,niHsAraRa
pwg,106410,sar,vgl,parisara
pwg,106410,sar,vgl,prasara
pwg,106410,sar,vgl,prasAraRa
pwg,106410,sar,vgl,prasArya
pwg,106410,sar,vgl,saMprasAraRa
pwg,106410,sar,vgl,pratisara
pwg,106410,sar,vgl,pratisAraRa
pwg,106410,sar,vgl,visara
pwg,106410,sar,vgl,saMsaraRa
pwg,106410,sar,vgl,saMsAra
pwg,106410,sar,vgl,saMsArit
pwg,106410,sar,vgl,saMsfti
pwg,106410,sar,vgl,saMsAraRa
pwg,106410,sar,vgl,aBisaMsAra
pwg,106411,sara,vgl,agra˚
pwg,106411,sara,vgl,agrataH˚
pwg,106411,sara,vgl,agre˚
pwg,106411,sara,vgl,apsara
pwg,106411,sara,vgl,KaRqa˚
pwg,106411,sara,vgl,jambu˚
pwg,106411,sara,vgl,punaH˚
pwg,106411,sara,vgl,puraH˚
pwg,106411,sara,vgl,pUrva˚
pwg,106411,sara,vgl,prAgra˚
pwg,106411,sara,vgl,bindu˚
pwg,106411,sara,vgl,maRi˚
pwg,106411,sara,vgl,matsara
pwg,106411,sara,vgl,vaDUsarA
pwg,106411,sara,vgl,vegasara
pwg,106411,sara,vgl,sarva˚
pwg,106411,sara,vgl,sva˚
pwg,106415,saraka,vgl,tri˚
pwg,106418,saraG,vgl,saraw
pwg,106419,saraGA,vgl,sAraGa
pwg,106431,saraRa,vgl,su˚
pwg,106434,saraRi,vgl,rAmapUjASaraRi
pwg,106436,saraRqa,vgl,SaraRqa
pwg,106440,saratni,vgl,ratni
pwg,106443,saraTam,vgl,sAraTi
pwg,106450,saraBaka,vgl,SaraBa
pwg,106452,saramA,vgl,sArameya
pwg,106454,sarayu,vgl,sArava
pwg,106467,saras,vgl,tfRavindu˚
pwg,106467,saras,vgl,dyu˚
pwg,106467,saras,vgl,naBaH˚
pwg,106467,saras,vgl,bindu˚
pwg,106467,saras,vgl,brahma˚
pwg,106467,saras,vgl,maya˚
pwg,106467,saras,vgl,rudra˚
pwg,106467,saras,vgl,vizRu˚
pwg,106467,saras,vgl,satI˚
pwg,106467,saras,vgl,sarasI
pwg,106467,saras,vgl,sArasa
pwg,106468,sarasa,vgl,jala˚
pwg,106468,sarasa,vgl,deva˚
pwg,106468,sarasa,vgl,maRqUka˚
pwg,106476,sarasI,vgl,saras
pwg,106486,sarasvatIprakriyA,vgl,sArasvatI prakriyA
pwg,106495,sarasvant,vgl,gupta˚
pwg,106495,sarasvant,vgl,jYAnendra˚
pwg,106495,sarasvant,vgl,narasiMha˚
pwg,106495,sarasvant,vgl,nArAyaRa˚
pwg,106495,sarasvant,vgl,nIla˚
pwg,106495,sarasvant,vgl,nfsiMha˚
pwg,106495,sarasvant,vgl,BUmAnanda˚
pwg,106495,sarasvant,vgl,maDusUdana˚
pwg,106495,sarasvant,vgl,mahA˚
pwg,106495,sarasvant,vgl,mADava˚
pwg,106495,sarasvant,vgl,mADavarAmAnanda˚
pwg,106495,sarasvant,vgl,vimala˚
pwg,106495,sarasvant,vgl,vIra˚
pwg,106495,sarasvant,vgl,SivAnanda˚
pwg,106495,sarasvant,vgl,sArasvata
pwg,106505,sarAva,vgl,SarAva
pwg,106506,sari,vgl,sarA
pwg,106509,sarit,vgl,ku˚
pwg,106509,sarit,vgl,dyu˚
pwg,106509,sarit,vgl,vyoma˚
pwg,106516,sarin,vgl,irin
pwg,106519,sariman,vgl,sarIman
pwg,106520,sarira,vgl,salila
pwg,106524,sarIman,vgl,sariman
pwg,106534,sarUpa,vgl,sArUpya
pwg,106544,saroja,vgl,mahA˚
pwg,106546,sarojin,vgl,vana˚
pwg,106551,saroruha,vgl,rakta˚
pwg,106569,sarj,vgl,devasfzwa
pwg,106569,sarj,vgl,prajApati˚
pwg,106569,sarj,vgl,Sakra˚
pwg,106569,sarj,vgl,sisfkzA
pwg,106569,sarj,vgl,atisarga
pwg,106569,sarj,vgl,anusfzwi
pwg,106569,sarj,vgl,apasarjana
pwg,106569,sarj,vgl,aBisarga
pwg,106569,sarj,vgl,avasarga
pwg,106569,sarj,vgl,anvavasarga
pwg,106569,sarj,vgl,vyavasarga
pwg,106569,sarj,vgl,samavasargya
pwg,106569,sarj,vgl,samavasfjya
pwg,106569,sarj,vgl,utsarga
pwg,106569,sarj,vgl,vyutsarga
pwg,106569,sarj,vgl,samutsarga
pwg,106569,sarj,vgl,upasarga
pwg,106569,sarj,vgl,nisarga
pwg,106569,sarj,vgl,nisfzwArTa
pwg,106569,sarj,vgl,prasarga
pwg,106569,sarj,vgl,visarga
pwg,106569,sarj,vgl,visarjana
pwg,106569,sarj,vgl,visarjayativya
pwg,106570,sarja,vgl,nadI˚
pwg,106570,sarja,vgl,mahA˚
pwg,106570,sarja,vgl,vane˚
pwg,106573,sarjana,vgl,skamBa˚
pwg,106590,sarp,vgl,sarIsfp
pwg,106590,sarp,vgl,apasarpa
pwg,106590,sarp,vgl,avasarpa
pwg,106590,sarp,vgl,utsarpin
pwg,106590,sarp,vgl,upasarpaRa
pwg,106590,sarp,vgl,prasarpa
pwg,106590,sarp,vgl,saMprasarpaRa
pwg,106590,sarp,vgl,visarpa
pwg,106591,sarpa,vgl,kAla˚
pwg,106591,sarpa,vgl,kfzRa˚
pwg,106591,sarpa,vgl,koli˚
pwg,106591,sarpa,vgl,pIWa˚
pwg,106591,sarpa,vgl,brahma˚
pwg,106591,sarpa,vgl,rAja˚
pwg,106591,sarpa,vgl,vfkza˚
pwg,106591,sarpa,vgl,Sveta˚
pwg,106591,sarpa,vgl,sArpa
pwg,106598,sarpacCattra,vgl,ahicCattraka
pwg,106621,sarpayAga,vgl,sarpasattra
pwg,106652,sarpin,vgl,ambusarpiRI
pwg,106652,sarpin,vgl,pIWasarpin
pwg,106670,sarpis,vgl,sArpiza
pwg,106670,sarpis,vgl,sArpizka
pwg,106681,sarva,vgl,a/˚
pwg,106682,sarvaMsaha,vgl,sarvasaha
pwg,106691,sarvakAma,vgl,sArvakAmika
pwg,106693,sarvakAmaduGa,vgl,kAmaduGa
pwg,106694,sarvakAmaduh,vgl,kAmaduh
pwg,106703,sarvakAlam,vgl,sArvakAlika
pwg,106708,sarvakeSa,vgl,sArvakeSya
pwg,106710,sarvakeSin,vgl,sarvavezin
pwg,106726,sarvaguRa,vgl,sArvaguRika
pwg,106742,sarvacarmIRa,vgl,sArvacarmIRa
pwg,106745,sarvajana,vgl,sArvajanika
pwg,106745,sarvajana,vgl,sArvajanIna
pwg,106748,sarvajanIna,vgl,sArvajanIna
pwg,106756,sarvajYa,vgl,BA˚
pwg,106756,sarvajYa,vgl,sArvajYa
pwg,106756,sarvajYa,vgl,sArvajYya
pwg,106796,sarvatodiSam,vgl,sarvatomArgam
pwg,106800,sarvatomArgam,vgl,sarvatodiSam
pwg,106803,sarvatra,vgl,sArvatrika
pwg,106807,sarvatrasattva,vgl,sarvadEvasattva
pwg,106813,sarvadamana,vgl,sArvadamana
pwg,106833,sarvadEvasattva,vgl,sarvatrasattva
pwg,106851,sarvaDurIRa,vgl,ekaDurIRa
pwg,106909,sarvaBAva,vgl,sarvahfd
pwg,106916,sarvaBUtarutagrahaRI,vgl,sarvarutasaMgrahaRilipi
pwg,106924,sarvaBUmi,vgl,sArvaBOma
pwg,106925,sarvaBUmi,vgl,sArvaBOma
pwg,106944,sarvameDa,vgl,sArvameDika
pwg,106962,sarvarutasaMgrahaRilipi,vgl,sarvaBUtasaMgrahaRalipi
pwg,106965,sarvaroga,vgl,sArvarOgika
pwg,106966,sarvarohita,vgl,sarvalohita
pwg,106972,sarvalA,vgl,sarvalI
pwg,106975,sarvaliNgin,vgl,liNgavftti
pwg,106977,sarvaloka,vgl,sArvalOkika
pwg,106989,sarvavarRa,vgl,sArvavarRika
pwg,106992,sarvavarman,vgl,saptavarman
pwg,106992,sarvavarman,vgl,Sarvavarman
pwg,106992,sarvavarman,vgl,sArvavarmika
pwg,107002,sarvavidya,vgl,sArvavidya
pwg,107007,sarvavIra,vgl,a˚
pwg,107058,sarvasaha,vgl,sarvaMsaha
pwg,107072,sarvasidDArTa,vgl,sarvArTasidDa
pwg,107077,sarvasena,vgl,sArvasena
pwg,107082,sarvasva,vgl,alaMkAra˚
pwg,107082,sarvasva,vgl,nftya˚
pwg,107082,sarvasva,vgl,brAhmaRa˚
pwg,107082,sarvasva,vgl,rati˚
pwg,107082,sarvasva,vgl,viraktA˚
pwg,107082,sarvasva,vgl,vEdya˚
pwg,107082,sarvasva,vgl,vEdyaka˚
pwg,107082,sarvasva,vgl,SAnti˚
pwg,107082,sarvasva,vgl,Siva˚
pwg,107082,sarvasva,vgl,SEva˚
pwg,107100,sarvahfd,vgl,sarvaBAva
pwg,107190,sarvAstivAda,vgl,mUla˚
pwg,107217,sarzapa,vgl,gOra˚
pwg,107223,sal,vgl,sar
pwg,107224,sala,vgl,salEs
pwg,107225,salakzaRa,vgl,sAlakzaRya
pwg,107235,salila,vgl,antaH˚
pwg,107235,salila,vgl,niH˚
pwg,107239,salilacara,vgl,salilasTalacara
pwg,107278,saloka,vgl,sAlokya
pwg,107290,salva,vgl,Salva
pwg,107290,salva,vgl,SAlva
pwg,107292,salhaRa,vgl,sAlhaRi
pwg,107300,savana,vgl,tftIya˚
pwg,107300,savana,vgl,trizavaRa
pwg,107300,savana,vgl,puMsavana
pwg,107300,savana,vgl,prAk˚
pwg,107300,savana,vgl,prAtaH˚
pwg,107300,savana,vgl,yaTAsavanam
pwg,107300,savana,vgl,Sakunisavana
pwg,107300,savana,vgl,soma˚
pwg,107301,savana,vgl,satya˚
pwg,107315,savara,vgl,Sabara
pwg,107317,savarRa,vgl,para˚
pwg,107341,savitar,vgl,sAvitra
pwg,107374,saveSa,vgl,sAveSya
pwg,107376,savya,vgl,apa˚
pwg,107376,savya,vgl,pra˚
pwg,107376,savya,vgl,prati˚
pwg,107376,savya,vgl,suzavya
pwg,107382,savyazWar,vgl,savyezWar
pwg,107383,savyazWA,vgl,savyezWa
pwg,107387,savyAprazwi,vgl,dakziRAprazwi
pwg,107388,savyAyugya,vgl,dakziRAyugya
pwg,107421,sasa,vgl,sasya
pwg,107458,sasvar,vgl,sasvarta
pwg,107460,sasvarta,vgl,sasvar
pwg,107462,sah,vgl,aBIzAh
pwg,107462,sah,vgl,utsaha
pwg,107462,sah,vgl,prasakzin
pwg,107462,sah,vgl,prasaBam
pwg,107462,sah,vgl,prasah
pwg,107462,sah,vgl,durvizaha
pwg,107466,saha,vgl,a˚
pwg,107486,sahacara,vgl,sAhacara
pwg,107486,sahacara,vgl,sAhacarya
pwg,107493,sahaja,vgl,lakzmI˚
pwg,107517,sahadeva,vgl,sAhadeva
pwg,107531,sahantya,vgl,sAhantya
pwg,107561,sahamUla,vgl,samUla
pwg,107594,sahas,vgl,satya˚
pwg,107594,sahas,vgl,sAhasa
pwg,107620,sahasra,vgl,gosahasrI
pwg,107620,sahasra,vgl,paraHsahasra
pwg,107620,sahasra,vgl,pari˚
pwg,107620,sahasra,vgl,Sata˚
pwg,107621,sahasraka,vgl,sahasrika
pwg,107651,sahasradA,vgl,sahasrada
pwg,107657,sahasraDA,vgl,Sata˚
pwg,107661,sahasraDI,vgl,sahasrabudDi
pwg,107684,sahasrabudDi,vgl,sahasraDI
pwg,107696,sahasramUti,vgl,sahasroti
pwg,107724,sahasraSas,vgl,Sata˚
pwg,107753,sahasrAjit,vgl,sahasrajit
pwg,107753,sahasrAjit,vgl,ayutAjit
pwg,107753,sahasrAjit,vgl,SatAjit
pwg,107776,sahasrika,vgl,vArza˚
pwg,107777,sahasrin,vgl,zazwi˚
pwg,107780,sahasroti,vgl,sahasramUti
pwg,107789,sahAMpati,vgl,sahapati
pwg,107790,sahAya,vgl,duH˚
pwg,107790,sahAya,vgl,Darma˚
pwg,107806,sahita,vgl,sAhitya
pwg,107808,sahitar,vgl,soQar
pwg,107809,sahitavya,vgl,soQavya
pwg,107812,sahitoru,vgl,saMhitoru
pwg,107815,sahizWa,vgl,sahIyaMs
pwg,107816,sahizRu,vgl,a˚
pwg,107816,sahizRu,vgl,vyaya˚
pwg,107817,sahizRutA,vgl,a˚
pwg,107819,sahIyaMs,vgl,sahyaMs
pwg,107830,sahokti,vgl,vinokti
pwg,107834,sahotTa,vgl,sahaja
pwg,107843,sahoru,vgl,saMhitoru
pwg,107857,sA,vgl,anavasyant
pwg,107857,sA,vgl,avasA
pwg,107857,sA,vgl,anvavasAyin
pwg,107857,sA,vgl,udavasAna
pwg,107857,sA,vgl,upAvasAyin
pwg,107857,sA,vgl,paryavasAna
pwg,107857,sA,vgl,˚sagayin
pwg,107857,sA,vgl,vyavasAya
pwg,107857,sA,vgl,˚sAyin
pwg,107857,sA,vgl,˚siti
pwg,107857,sA,vgl,parizaya
pwg,107857,sA,vgl,prasita
pwg,107857,sA,vgl,prasiti
pwg,107857,sA,vgl,prasfta
pwg,107869,sAMvatsara,vgl,ati˚
pwg,107878,sAMvartaka,vgl,saMvartaka
pwg,107935,sAkAra,vgl,nirAkAra
pwg,107937,sAkuruRqa,vgl,kuraRqa
pwg,107961,sAkzika,vgl,a˚
pwg,107961,sAkzika,vgl,agni˚
pwg,107961,sAkzika,vgl,loka˚
pwg,107961,sAkzika,vgl,vahni˚
pwg,107964,sAkzin,vgl,kUwa˚
pwg,107964,sAkzin,vgl,jagat˚
pwg,107964,sAkzin,vgl,duH˚
pwg,107964,sAkzin,vgl,BUta˚
pwg,107964,sAkzin,vgl,miTyA˚ loka˚
pwg,107964,sAkzin,vgl,viSva˚
pwg,107964,sAkzin,vgl,satya˚
pwg,107964,sAkzin,vgl,sarva˚
pwg,107972,sAkzya,vgl,kOwa˚
pwg,107977,sAgara,vgl,kzIra˚
pwg,107977,sAgara,vgl,puzkara˚
pwg,107977,sAgara,vgl,pUrva˚
pwg,107977,sAgara,vgl,budDi˚
pwg,107977,sAgara,vgl,brahma˚
pwg,107977,sAgara,vgl,ratna˚
pwg,107977,sAgara,vgl,Sruti˚
pwg,107980,sAgaragama,vgl,sAgaraMgama
pwg,108044,sAMKyAyana,vgl,mahA˚
pwg,108062,sAMGAwikA,vgl,saMGAwikA
pwg,108069,sAci,vgl,haMsa˚
pwg,108092,sAQar,vgl,soQar
pwg,108102,sAtavAhana,vgl,sAlavAhana
pwg,108102,sAtavAhana,vgl,SAlivAhana
pwg,108105,sAti,vgl,arka˚
pwg,108105,sAti,vgl,arRa˚
pwg,108105,sAti,vgl,kzetra˚
pwg,108105,sAti,vgl,gozAti
pwg,108105,sAti,vgl,toka˚
pwg,108105,sAti,vgl,dyumna˚
pwg,108105,sAti,vgl,Gana˚
pwg,108105,sAti,vgl,nfzAti
pwg,108105,sAti,vgl,meDa˚
pwg,108105,sAti,vgl,vAja˚
pwg,108105,sAti,vgl,SUra˚
pwg,108105,sAti,vgl,svarzAti
pwg,108129,sAtmya,vgl,bAla˚
pwg,108179,sAD,vgl,sADay
pwg,108179,sAD,vgl,sizADayizA
pwg,108179,sAD,vgl,parisADana
pwg,108179,sAD,vgl,prasADaka
pwg,108179,sAD,vgl,saMsADaka
pwg,108182,sADaka,vgl,arTa˚
pwg,108182,sADaka,vgl,uttara˚
pwg,108182,sADaka,vgl,mantra˚
pwg,108182,sADaka,vgl,loka˚
pwg,108182,sADaka,vgl,sarvArTa˚
pwg,108182,sADaka,vgl,svArTa˚
pwg,108184,sADana,vgl,arTa˚
pwg,108184,sADana,vgl,gaya˚
pwg,108184,sADana,vgl,jIva˚
pwg,108184,sADana,vgl,dakza˚
pwg,108184,sADana,vgl,naya˚
pwg,108184,sADana,vgl,paSu˚
pwg,108184,sADana,vgl,BAra˚
pwg,108184,sADana,vgl,BUta˚
pwg,108184,sADana,vgl,mantra˚
pwg,108205,sADAraRa,vgl,puzpa˚
pwg,108205,sADAraRa,vgl,sarva˚
pwg,108211,sADika,vgl,sAgra
pwg,108212,sADin,vgl,duH˚
pwg,108212,sADin,vgl,BAra˚
pwg,108217,sADu,vgl,mahA˚
pwg,108217,sADu,vgl,sarva˚
pwg,108219,sADukAra,vgl,sADuvAda
pwg,108220,sADukArin,vgl,tatsADu˚
pwg,108227,sADujAta,vgl,sujAta
pwg,108255,sADya,vgl,duH˚
pwg,108255,sADya,vgl,mantra˚
pwg,108268,sADvasa,vgl,niH˚
pwg,108278,sAnasi,vgl,sAnuka
pwg,108280,sAnikA,vgl,sAneyikA
pwg,108280,sAnikA,vgl,sAneyI
pwg,108282,sAnu,vgl,adri˚
pwg,108282,sAnu,vgl,UrDva˚
pwg,108282,sAnu,vgl,pfdAku˚
pwg,108282,sAnu,vgl,buDa˚
pwg,108282,sAnu,vgl,ratna˚
pwg,108313,sAMtapana,vgl,mahA˚
pwg,108313,sAMtapana,vgl,yati˚
pwg,108322,sAMtAnika,vgl,saMtAnika
pwg,108327,sAntvay,vgl,upaSAntvana
pwg,108327,sAntvay,vgl,parisAntvana
pwg,108343,sAMDivigrahika,vgl,mahA˚
pwg,108361,sAnvaya,vgl,niranvaya
pwg,108425,sAmaja,vgl,sAmayoni
pwg,108433,sAman,vgl,jyezWa˚
pwg,108433,sAman,vgl,duHzAman
pwg,108433,sAman,vgl,niH˚
pwg,108433,sAman,vgl,pari˚
pwg,108433,sAman,vgl,bfhat˚
pwg,108433,sAman,vgl,brahma˚
pwg,108433,sAman,vgl,Badra˚
pwg,108433,sAman,vgl,maNgala˚
pwg,108433,sAman,vgl,mahA˚
pwg,108433,sAman,vgl,rAtri˚
pwg,108433,sAman,vgl,viSva˚
pwg,108433,sAman,vgl,saMDizAman
pwg,108433,sAman,vgl,saha˚
pwg,108433,sAman,vgl,svara˚
pwg,108434,sAman,vgl,pratisAma
pwg,108436,sAmanta,vgl,prati˚
pwg,108436,sAmanta,vgl,mahA˚
pwg,108436,sAmanta,vgl,SakyasAmantatA
pwg,108448,sAmayugIna,vgl,sAMyugIna
pwg,108457,sAmarTya,vgl,niH˚
pwg,108499,sAmAnya,vgl,triH˚
pwg,108499,sAmAnya,vgl,sarva˚
pwg,108510,sAmi,vgl,a˚
pwg,108510,sAmi,vgl,pra˚
pwg,108511,sAmika,vgl,sAmaka
pwg,108528,sAmudranizkuwa,vgl,samudra˚
pwg,108538,sAmodBava,vgl,sAmaja
pwg,108547,sAMprata,vgl,a˚
pwg,108575,sAMmuKya,vgl,vEmuKya
pwg,108578,sAmya,vgl,vAri˚
pwg,108594,sAyaka,vgl,asama˚
pwg,108594,sAyaka,vgl,puzpa˚
pwg,108594,sAyaka,vgl,harimanyu˚
pwg,108612,sAyamASa,vgl,prAtarASa
pwg,108628,sAyujya,vgl,deva˚
pwg,108628,sAyujya,vgl,brahma˚
pwg,108628,sAyujya,vgl,rAja˚
pwg,108633,sAraka,vgl,tala˚
pwg,108633,sAraka,vgl,pIta˚
pwg,108633,sAraka,vgl,viSva˚
pwg,108633,sAraka,vgl,vfkza˚
pwg,108633,sAraka,vgl,Siti˚
pwg,108650,sAraRa,vgl,ftu˚
pwg,108650,sAraRa,vgl,ganDa˚
pwg,108652,sAraRi,vgl,sAriRI
pwg,108652,sAraRi,vgl,prasAraRI
pwg,108652,sAraRi,vgl,prasAriRI
pwg,108660,sAratara,vgl,sArizWa
pwg,108662,sAratA,vgl,a˚
pwg,108664,sAraTi,vgl,indra˚
pwg,108664,sAraTi,vgl,ku˚
pwg,108664,sAraTi,vgl,Darma˚
pwg,108664,sAraTi,vgl,pArzRi˚
pwg,108664,sAraTi,vgl,maDu˚
pwg,108664,sAraTi,vgl,mahA˚
pwg,108664,sAraTi,vgl,yajYa˚
pwg,108664,sAraTi,vgl,vAta˚
pwg,108664,sAraTi,vgl,Sakra˚
pwg,108664,sAraTi,vgl,saMsAra˚
pwg,108664,sAraTi,vgl,suzAraTi
pwg,108666,sAraTya,vgl,aSva˚
pwg,108683,sAraBARqa,vgl,aPalgu BARqam
pwg,108705,sArasa,vgl,rAja˚
pwg,108720,sArasvata,vgl,sapta˚
pwg,108720,sArasvata,vgl,sidDa˚
pwg,108738,sArAvalI,vgl,smfti˚
pwg,108741,sAri,vgl,pIta˚
pwg,108742,sArika,vgl,madana˚
pwg,108742,sArika,vgl,viw˚
pwg,108745,sArin,vgl,aSma˚
pwg,108745,sArin,vgl,puzkara˚
pwg,108745,sArin,vgl,pUrva˚
pwg,108745,sArin,vgl,mayUra˚
pwg,108745,sArin,vgl,sAra˚
pwg,108745,sArin,vgl,dalasAriRI
pwg,108745,sArin,vgl,nyaNku˚
pwg,108745,sArin,vgl,nyAya˚
pwg,108762,sAropA,vgl,SudDa˚
pwg,108764,sArkaRqeya,vgl,mArkaRqeya
pwg,108775,sArTa,vgl,BaNga˚
pwg,108782,sArTavant,vgl,yaTArTa
pwg,108813,sArvajanIna,vgl,sarvajanIna
pwg,108818,sArvaDAtuka,vgl,ArDaDAtuka
pwg,108820,sArvaBawwaBOmAcArya,vgl,sArvaBOmAcArya
pwg,108822,sArvaBOma,vgl,kfzRa˚
pwg,108822,sArvaBOma,vgl,sidDAnta˚
pwg,108828,sArvavarmika,vgl,SArva˚
pwg,108842,sArzwa,vgl,sArzwitA
pwg,108844,sArzwitA,vgl,sArzwa
pwg,108849,sAlaNkawaNkawA,vgl,SAlakawaNkawa
pwg,108868,sAva,vgl,prAtaH˚
pwg,108868,sAva,vgl,sahasra˚
pwg,108888,sAvara,vgl,SAbara
pwg,108891,sAvarRa,vgl,brahma˚
pwg,108891,sAvarRa,vgl,meru˚
pwg,108894,sAvarRi,vgl,indra˚
pwg,108894,sAvarRi,vgl,dakza˚
pwg,108894,sAvarRi,vgl,deva˚
pwg,108894,sAvarRi,vgl,Darma˚
pwg,108894,sAvarRi,vgl,brahma˚
pwg,108894,sAvarRi,vgl,meru˚
pwg,108901,sAvitra,vgl,sAmasAvitrI
pwg,108912,sAvetasa,vgl,mahA˚
pwg,108920,sASikya,vgl,SASika
pwg,108933,sAsahi,vgl,vazAsahi
pwg,108945,sAha,vgl,aBimAti˚
pwg,108945,sAha,vgl,amitra˚
pwg,108945,sAha,vgl,mitra˚
pwg,108945,sAha,vgl,vrAta˚
pwg,108945,sAha,vgl,Satru˚
pwg,108946,sAha,vgl,sAhi
pwg,108952,sAhaYja,vgl,sAhaYci
pwg,108965,sAhasika,vgl,mahA˚
pwg,108966,sAhasikatA,vgl,mahA˚
pwg,108969,sAhasra,vgl,aDyarDa˚
pwg,108969,sAhasra,vgl,tri˚
pwg,108969,sAhasra,vgl,daSa˚
pwg,108969,sAhasra,vgl,dvAdaSa˚
pwg,108969,sAhasra,vgl,dvi˚
pwg,108969,sAhasra,vgl,bahu˚
pwg,108970,sAhasraka,vgl,Sata˚
pwg,108974,sAhasrAnIka,vgl,sahasrAnIka
pwg,108976,sAhasrika,vgl,daSa˚
pwg,108976,sAhasrika,vgl,Sata˚
pwg,108999,sAhva,vgl,izu˚
pwg,108999,sAhva,vgl,raTANga˚
pwg,108999,sAhva,vgl,viSva˚
pwg,108999,sAhva,vgl,vfza˚
pwg,109003,si,vgl,sAyaka
pwg,109003,si,vgl,prasiti
pwg,109006,siMha,vgl,amara˚
pwg,109006,siMha,vgl,grAma˚
pwg,109006,siMha,vgl,tfRa˚
pwg,109006,siMha,vgl,Dfti˚
pwg,109006,siMha,vgl,nara˚
pwg,109006,siMha,vgl,nf˚
pwg,109006,siMha,vgl,pakzi˚
pwg,109006,siMha,vgl,puruza˚
pwg,109006,siMha,vgl,bAla˚
pwg,109006,siMha,vgl,budDa˚
pwg,109006,siMha,vgl,BrAtf˚
pwg,109006,siMha,vgl,madana˚
pwg,109006,siMha,vgl,manohara˚
pwg,109006,siMha,vgl,mahA˚
pwg,109007,siMhaka,vgl,sEMhakAyana
pwg,109008,siMhakarRa,vgl,sEMhakarRa
pwg,109021,siMhatala,vgl,saMhatala
pwg,109058,siMharava,vgl,siMhanAda
pwg,109064,siMhala,vgl,sEMhala
pwg,109095,siMhARa,vgl,siNGARa
pwg,109105,siMhikA,vgl,sEMhikeya
pwg,109115,sikatA,vgl,sEkata
pwg,109130,sikTaka,vgl,maDu˚
pwg,109132,sigfqI,vgl,SimfqI
pwg,109138,sic,vgl,aBizeka
pwg,109138,sic,vgl,Asic
pwg,109138,sic,vgl,Asecana
pwg,109138,sic,vgl,samAsecana
pwg,109138,sic,vgl,utsikta
pwg,109138,sic,vgl,utseka
pwg,109138,sic,vgl,upasektar
pwg,109138,sic,vgl,niziktapA
pwg,109138,sic,vgl,nizeka
pwg,109138,sic,vgl,parizeka
pwg,109138,sic,vgl,praseka
pwg,109138,sic,vgl,pratizicya
pwg,109138,sic,vgl,pratizeka
pwg,109138,sic,vgl,saMsic
pwg,109138,sic,vgl,saMseka
pwg,109146,siw,vgl,Siw
pwg,109146,siw,vgl,suww
pwg,109206,sitaSUka,vgl,SItaSUka
pwg,109232,sitABra,vgl,sitameGa
pwg,109266,sidDakzetra,vgl,sidDikzetra
pwg,109273,sidDajala,vgl,sidDasalila
pwg,109328,sidDasalila,vgl,sidDajala
pwg,109335,sidDasinDu,vgl,sidDApagA
pwg,109351,sidDAnta,vgl,apa˚
pwg,109351,sidDAnta,vgl,kandarpa˚
pwg,109351,sidDAnta,vgl,kArttika˚
pwg,109351,sidDAnta,vgl,jYAta˚
pwg,109351,sidDAnta,vgl,jyotiH˚
pwg,109351,sidDAnta,vgl,nyAya˚
pwg,109351,sidDAnta,vgl,brahma˚
pwg,109351,sidDAnta,vgl,brahmasPuwa˚
pwg,109351,sidDAnta,vgl,Bakti˚
pwg,109351,sidDAnta,vgl,mahA˚
pwg,109351,sidDAnta,vgl,mahAdeva˚
pwg,109351,sidDAnta,vgl,mADva˚
pwg,109351,sidDAnta,vgl,vasizWa˚
pwg,109351,sidDAnta,vgl,vAkya˚
pwg,109351,sidDAnta,vgl,vEyAkaraRa˚
pwg,109351,sidDAnta,vgl,vyAsa˚
pwg,109351,sidDAnta,vgl,SAstra˚
pwg,109351,sidDAnta,vgl,Siva˚
pwg,109351,sidDAnta,vgl,sidDa˚
pwg,109351,sidDAnta,vgl,soma˚
pwg,109353,sidDAntakOmudI,vgl,maDya˚
pwg,109353,sidDAntakOmudI,vgl,sAra˚
pwg,109378,sidDAntavAgISa,vgl,BavAnanda˚
pwg,109382,sidDAntaSeKara,vgl,SEva˚
pwg,109396,sidDArTa,vgl,sarvArTasidDa
pwg,109403,sidDi,vgl,ati˚
pwg,109403,sidDi,vgl,arTa˚
pwg,109407,sidDikzetra,vgl,sidDakzetra
pwg,109440,siD,vgl,AsedDar
pwg,109440,siD,vgl,vyAseDa
pwg,109440,siD,vgl,utseDa
pwg,109440,siD,vgl,nizidDi
pwg,109440,siD,vgl,nizedDar
pwg,109440,siD,vgl,pratizedDar
pwg,109441,siD,vgl,arTasidDa
pwg,109441,siD,vgl,manoraTa˚
pwg,109441,siD,vgl,mantra˚
pwg,109441,siD,vgl,yaTA˚
pwg,109441,siD,vgl,rasa˚
pwg,109441,siD,vgl,Sveta˚
pwg,109441,siD,vgl,sarvArTa˚
pwg,109441,siD,vgl,saha˚
pwg,109441,siD,vgl,sva˚
pwg,109441,siD,vgl,prasidDi
pwg,109441,siD,vgl,saMsidDi
pwg,109441,siD,vgl,sAMsidDya
pwg,109457,sinduvAra,vgl,nIla˚
pwg,109466,sinDu,vgl,dyu˚
pwg,109466,sinDu,vgl,ni˚
pwg,109466,sinDu,vgl,pAna˚
pwg,109466,sinDu,vgl,BaktirasAmfta˚
pwg,109466,sinDu,vgl,maryAdA˚
pwg,109466,sinDu,vgl,viveka˚
pwg,109466,sinDu,vgl,saktu˚
pwg,109466,sinDu,vgl,sikatA˚
pwg,109466,sinDu,vgl,sita˚
pwg,109466,sinDu,vgl,sidDa˚
pwg,109466,sinDu,vgl,suDA˚
pwg,109466,sinDu,vgl,soma˚
pwg,109466,sinDu,vgl,sEnDava
pwg,109498,sinDumitra,vgl,sEnDumitrika
pwg,109522,sinDusOvIra,vgl,sinDu
pwg,109534,siB,vgl,simB
pwg,109543,simbitikA,vgl,Simbi
pwg,109543,simbitikA,vgl,SimbikA
pwg,109560,sirinDra,vgl,sErinDra
pwg,109593,sihuRqa,vgl,sIhuRqa
pwg,109602,sItA,vgl,kfzRasIta
pwg,109610,sItya,vgl,tri˚
pwg,109610,sItya,vgl,dvi˚
pwg,109627,sIman,vgl,niH˚
pwg,109627,sIman,vgl,lokasImAtivartin
pwg,109627,sIman,vgl,sa˚
pwg,109627,sIman,vgl,sImA
pwg,109627,sIman,vgl,sImanta
pwg,109635,sImaliNga,vgl,sImAliNga
pwg,109636,sImA,vgl,susIma
pwg,109641,sImAnta,vgl,sImanta
pwg,109652,sIra,vgl,pari˚
pwg,109652,sIra,vgl,pratisIrA
pwg,109652,sIra,vgl,SunAsIra
pwg,109652,sIra,vgl,sErika
pwg,109652,sIra,vgl,sErya
pwg,109653,sIraka,vgl,sErakAyaRa
pwg,109663,sIrin,vgl,arDa˚
pwg,109668,sIv,vgl,sUtra
pwg,109668,sIv,vgl,syUta
pwg,109668,sIv,vgl,syUti
pwg,109668,sIv,vgl,syUman
pwg,109668,sIv,vgl,punarutsyUta
pwg,109668,sIv,vgl,praseva
pwg,109668,sIv,vgl,pratizIvya
pwg,109672,sIsa,vgl,sEsa
pwg,109678,sIhuRqa,vgl,sihuRqa
pwg,109679,su,vgl,aDizavaRa
pwg,109679,su,vgl,aBizava
pwg,109679,su,vgl,saMsava
pwg,109679,su,vgl,saMsutasoma
pwg,109680,su,vgl,parizUti
pwg,109682,su,vgl,savitrI
pwg,109682,su,vgl,saMprasUti
pwg,109695,sukanyaka,vgl,sukanyAka
pwg,109701,sukara,vgl,sOkarIya
pwg,109701,sukara,vgl,sOkarya
pwg,109739,sukumAra,vgl,sOkumAraka
pwg,109739,sukumAra,vgl,sOkumArya
pwg,109751,sukUrkura,vgl,kUrkura
pwg,109752,sukft,vgl,vi˚
pwg,109753,sukfta,vgl,vi˚
pwg,109766,sukftya,vgl,sOkftyAyana
pwg,109803,suKa,vgl,a˚
pwg,109803,suKa,vgl,antaH˚
pwg,109803,suKa,vgl,grAma˚
pwg,109803,suKa,vgl,grAmya˚
pwg,109803,suKa,vgl,niH˚
pwg,109803,suKa,vgl,pat˚
pwg,109803,suKa,vgl,punaH˚
pwg,109803,suKa,vgl,manaH˚
pwg,109804,suKaMsuRa,vgl,suKaMGuRa
pwg,109829,suKadohyA,vgl,suKasaMdohyA
pwg,109844,suKaprasupta,vgl,suKasaMsupta
pwg,109873,suKarAtri,vgl,sOKarAtrika
pwg,109878,suKavant,vgl,suKAvatI
pwg,109890,suKaSayana,vgl,sOKaSAyanika
pwg,109900,suKasaMsupta,vgl,suKaprasupta
pwg,109900,suKasaMsupta,vgl,suKasupta
pwg,109902,suKasaMsparSa,vgl,suKasparSa
pwg,109908,suKasalila,vgl,suKAmbu
pwg,109912,suKasupta,vgl,suKaprasupta
pwg,109913,suKasupti,vgl,sOKasuptika
pwg,109931,suKAmbu,vgl,suKasalila
pwg,109931,suKAmbu,vgl,suKodaka
pwg,109943,suKAvala,vgl,suKInala
pwg,109952,suKAsIna,vgl,suKopavizwa
pwg,109958,suKInala,vgl,suKAvala
pwg,109966,suKodaka,vgl,suKasalila
pwg,109966,suKodaka,vgl,suKAmbu
pwg,109992,suganDa,vgl,tvak˚
pwg,109992,suganDa,vgl,tvaci˚
pwg,109992,suganDa,vgl,nAga˚
pwg,109992,suganDa,vgl,mahA˚
pwg,109992,suganDa,vgl,sOganDika
pwg,109992,suganDa,vgl,sOganDya
pwg,110002,suganDi,vgl,mahA˚
pwg,110057,suGawa,vgl,durGawa
pwg,110059,suGoza,vgl,nandimuKa˚
pwg,110099,sujana,vgl,sOjanya
pwg,110114,sujAta,vgl,sanat˚
pwg,110114,sujAta,vgl,sADujAta
pwg,110133,suww,vgl,siw
pwg,110133,suww,vgl,Siw
pwg,110139,suta,vgl,giri˚
pwg,110139,suta,vgl,jahnu˚
pwg,110139,suta,vgl,jIva˚
pwg,110139,suta,vgl,Darma˚
pwg,110139,suta,vgl,bahu˚
pwg,110141,sutaMgama,vgl,sOtaMgami
pwg,110170,sutavant,vgl,sutAvant
pwg,110173,sutaSreRI,vgl,pratyakSreRI
pwg,110222,sutya,vgl,adya˚
pwg,110222,sutya,vgl,SvaH˚
pwg,110222,sutya,vgl,sadyaH˚
pwg,110226,sutrAman,vgl,sUtrAman
pwg,110226,sutrAman,vgl,sOtrAmaRI
pwg,110228,sutvan,vgl,pAka˚
pwg,110228,sutvan,vgl,soma˚
pwg,110228,sutvan,vgl,sOtvana
pwg,110232,sudakza,vgl,sOdakza
pwg,110232,sudakza,vgl,sOdakzeya
pwg,110237,sudatta,vgl,sOdatta
pwg,110241,sudanta,vgl,sOdanteya
pwg,110247,sudarSana,vgl,mahA˚
pwg,110247,sudarSana,vgl,laGu˚
pwg,110247,sudarSana,vgl,sOdarSanikA
pwg,110262,sudAman,vgl,sOdAmanI
pwg,110273,sudAsa,vgl,sOdAsa
pwg,110276,sudina,vgl,durdina
pwg,110296,suduGa,vgl,suduha
pwg,110325,suduha,vgl,suduGa
pwg,110357,suDana,vgl,sODanya
pwg,110363,suDarma,vgl,sODarma
pwg,110369,suDA,vgl,Bakti˚
pwg,110369,suDA,vgl,laGunyAya˚
pwg,110369,suDA,vgl,vAkya˚
pwg,110369,suDA,vgl,vyAKyA˚
pwg,110369,suDA,vgl,Sakra˚
pwg,110369,suDA,vgl,sOGa
pwg,110373,suDAkara,vgl,praboDa˚
pwg,110373,suDAkara,vgl,boDa˚
pwg,110379,suDAtar,vgl,sODAtaki
pwg,110387,suDAniDi,vgl,yoga˚
pwg,110387,suDAniDi,vgl,rADArasa˚
pwg,110387,suDAniDi,vgl,Sivatattva˚
pwg,110393,suDAmitra,vgl,sODAmitrika
pwg,110403,suDAvant,vgl,sODAvati
pwg,110411,suDAsUti,vgl,suDABfti
pwg,110428,suDUmravarRA,vgl,saDUmavarRA
pwg,110429,suDft,vgl,suDfti
pwg,110431,suDfti,vgl,sODfteya
pwg,110439,sunanda,vgl,sOnanda
pwg,110459,sunAman,vgl,sOnAmi
pwg,110459,sunAman,vgl,sOnAmeya
pwg,110508,sunetra,vgl,sOnetra
pwg,110510,sunO,vgl,sunu
pwg,110511,sunda,vgl,upa˚
pwg,110511,sunda,vgl,deva˚
pwg,110511,sunda,vgl,ni˚
pwg,110512,sundara,vgl,dik˚
pwg,110512,sundara,vgl,puRya˚
pwg,110512,sundara,vgl,rati˚
pwg,110512,sundara,vgl,rAma˚
pwg,110512,sundara,vgl,rudra˚
pwg,110512,sundara,vgl,loka˚
pwg,110513,sundaraka,vgl,grIzma˚
pwg,110513,sundaraka,vgl,karisundarikA
pwg,110517,sundarananda,vgl,sundarAnanda
pwg,110528,sundarAnanda,vgl,sundarananda
pwg,110548,supaT,vgl,sOpanTya
pwg,110559,supari,vgl,sOparya
pwg,110573,suparRa,vgl,tri˚
pwg,110573,suparRa,vgl,mahA˚
pwg,110573,suparRa,vgl,sOparRa
pwg,110573,suparRa,vgl,sOparReya
pwg,110587,suparReya,vgl,sOparReya
pwg,110593,suparvan,vgl,sOparva
pwg,110618,supiNgala,vgl,sOpiNgala
pwg,110622,supizwa,vgl,sOpizwa
pwg,110648,supUta,vgl,sOpUta
pwg,110664,suptajYAna,vgl,suptavijYAna
pwg,110675,supti,vgl,sama˚
pwg,110688,suprajastva,vgl,suprajAstva
pwg,110692,suprajAstva,vgl,suprajastva
pwg,110789,subala,vgl,sObala
pwg,110816,suBaga,vgl,garBa˚
pwg,110816,suBaga,vgl,sOBaga
pwg,110831,suBadra,vgl,sOBadra
pwg,110864,suBUta,vgl,sOBUta
pwg,110870,suBUmi,vgl,suBUmipa
pwg,110877,suBezaja,vgl,sOBezaja
pwg,110885,suBrAtar,vgl,sOBrAtra
pwg,110893,sumagaDa,vgl,sumAgaDa
pwg,110894,sumaNgala,vgl,sOmaNgala
pwg,110894,sumaNgala,vgl,sOmaNgalya
pwg,110900,sumata,vgl,sOmatAyana
pwg,110901,sumati,vgl,deva˚
pwg,110930,sumanas,vgl,sOmanasa
pwg,110930,sumanas,vgl,sOmanasya
pwg,110935,sumanAsya,vgl,samAnAsa
pwg,110941,sumanomuKa,vgl,sumanAsya
pwg,110946,sumantu,vgl,sOmanta
pwg,110994,sumitra,vgl,sOmitra
pwg,111024,sumna,vgl,atizumRa
pwg,111024,sumna,vgl,bfhatsumna
pwg,111024,sumna,vgl,suzumRA
pwg,111041,suyajYa,vgl,sOyajYaka
pwg,111066,sura,vgl,BU˚
pwg,111066,sura,vgl,mahI˚
pwg,111078,suraketu,vgl,Sakraketu
pwg,111095,suraNga,vgl,suruNga
pwg,111169,suraBi,vgl,sOraBa
pwg,111176,suraBitanaya,vgl,suraBiputra
pwg,111176,suraBitanaya,vgl,suraBIgotra
pwg,111176,suraBitanaya,vgl,˚suta
pwg,111196,suraBIgotra,vgl,suraBitanaya
pwg,111198,suraBIrasA,vgl,suraBI
pwg,111220,surarzi,vgl,surafzi
pwg,111242,surasa,vgl,indra˚
pwg,111242,surasa,vgl,candra˚
pwg,111242,surasa,vgl,Sveta˚
pwg,111242,surasa,vgl,sOrasa
pwg,111262,surA,vgl,indra˚
pwg,111262,surA,vgl,muKa˚
pwg,111262,surA,vgl,yava˚
pwg,111262,surA,vgl,sa˚
pwg,111271,surAjan,vgl,sOrAjya
pwg,111325,surAzwra,vgl,sOrAzwra
pwg,111350,surURqa,vgl,muruRqa
pwg,111398,surohikA,vgl,sOrohika
pwg,111399,surohitikA,vgl,sOrohitika
pwg,111405,sulakzaRa,vgl,sOlakzaRya
pwg,111410,sulaBa,vgl,sOlaBa
pwg,111457,suvarcaka,vgl,tri˚ (trizuvarcaka
pwg,111459,suvarcala,vgl,brahma˚
pwg,111459,suvarcala,vgl,sOvarcala
pwg,111459,suvarcala,vgl,sOvarcalIya
pwg,111464,suvarRaka,vgl,bahu˚
pwg,111471,suvarRakzIrI,vgl,svarRakzIrI
pwg,111479,suvarRacUqa,vgl,svarRacUqa
pwg,111485,suvarRadvIpa,vgl,svarRadvIpa
pwg,111487,suvarRanABa,vgl,sOvarRanABa
pwg,111519,suvarRaretasa,vgl,sOvarRaretasa
pwg,111536,suvarRAra,vgl,kAYcanAra
pwg,111564,suvaha,vgl,sOvaha
pwg,111583,suvAstu,vgl,sOvAstava
pwg,111602,suvid,vgl,viSva˚
pwg,111640,suvIra,vgl,sOvIra
pwg,111680,suvrata,vgl,muni˚
pwg,111689,suSama,vgl,sOSami
pwg,111697,suSarman,vgl,sOSarmaRa
pwg,111704,suSAkaka,vgl,suSAka
pwg,111726,suSIla,vgl,sOSIlya
pwg,111747,suSravas,vgl,sOSravasa
pwg,111755,suSruta,vgl,pra˚
pwg,111755,suSruta,vgl,vfdDa˚
pwg,111755,suSruta,vgl,sOSruta
pwg,111775,suzama,vgl,duHzama
pwg,111787,suzAman,vgl,sOzAma
pwg,111791,suzi,vgl,deva˚
pwg,111800,suzuti,vgl,suzUti
pwg,111810,suzUti,vgl,suzuti
pwg,111812,suzUy,vgl,asUy
pwg,111829,suzWu,vgl,sOzWava
pwg,111834,suzvi,vgl,a˚
pwg,111917,susIma,vgl,suzIma
pwg,111927,susUkzmapattrA,vgl,sUkzmapattrA
pwg,111935,suskandana,vgl,sukundana
pwg,111940,sustrI,vgl,sOstra
pwg,111947,susTita,vgl,sOsTitya
pwg,111956,susnAta,vgl,sOsnAtika
pwg,111970,susvara,vgl,sOsvarya
pwg,111971,susvaru,vgl,svaru
pwg,111975,sussala,vgl,sOssala
pwg,111986,suhavis,vgl,sOhaviza
pwg,111993,suhArd,vgl,suhfd
pwg,111993,suhArd,vgl,sOhArda
pwg,111993,suhArd,vgl,sOhArdya
pwg,111997,suhita,vgl,sOhitya
pwg,112006,suhfd,vgl,a˚
pwg,112006,suhfd,vgl,kiM˚
pwg,112006,suhfd,vgl,maDu˚
pwg,112006,suhfd,vgl,vi˚
pwg,112006,suhfd,vgl,suhArd
pwg,112006,suhfd,vgl,sOhfda
pwg,112008,suhfdaya,vgl,sOhfdaya
pwg,112011,suhotra,vgl,sOhotra
pwg,112011,suhotra,vgl,sOhotri
pwg,112012,suhma,vgl,pra˚
pwg,112014,suhmanagara,vgl,sOhmanagara
pwg,112019,sU,vgl,a˚
pwg,112019,sU,vgl,amBaH˚
pwg,112019,sU,vgl,karRa˚
pwg,112019,sU,vgl,kAma˚
pwg,112019,sU,vgl,kAlindI˚
pwg,112019,sU,vgl,kumAra˚
pwg,112019,sU,vgl,jIva˚
pwg,112019,sU,vgl,dasra˚
pwg,112019,sU,vgl,deva˚
pwg,112019,sU,vgl,Darma˚
pwg,112019,sU,vgl,nava˚
pwg,112019,sU,vgl,putra˚
pwg,112019,sU,vgl,pUrva˚
pwg,112019,sU,vgl,bahu˚
pwg,112019,sU,vgl,billa˚
pwg,112019,sU,vgl,bIja˚
pwg,112019,sU,vgl,brahma˚
pwg,112019,sU,vgl,BIzma˚
pwg,112019,sU,vgl,yama˚
pwg,112019,sU,vgl,ratna˚
pwg,112019,sU,vgl,rudra˚
pwg,112019,sU,vgl,viSva˚
pwg,112019,sU,vgl,vIra˚
pwg,112019,sU,vgl,Sata˚
pwg,112019,sU,vgl,sakftsU
pwg,112019,sU,vgl,sapta˚
pwg,112019,sU,vgl,saptaputra˚
pwg,112019,sU,vgl,suDA˚
pwg,112019,sU,vgl,sumuKa˚
pwg,112020,sUka,vgl,devasUkakzetra
pwg,112021,sUkara,vgl,yajYa˚
pwg,112021,sUkara,vgl,vanaSUkarI
pwg,112021,sUkara,vgl,sOkarIya
pwg,112033,sUkarasadman,vgl,sOkarasadma
pwg,112040,sUkta,vgl,puruza˚
pwg,112040,sUkta,vgl,bahu˚
pwg,112040,sUkta,vgl,matsya˚
pwg,112040,sUkta,vgl,mahA˚
pwg,112040,sUkta,vgl,yama˚
pwg,112040,sUkta,vgl,rAtri˚
pwg,112040,sUkta,vgl,rAma˚
pwg,112040,sUkta,vgl,rudra˚
pwg,112040,sUkta,vgl,lakzmI˚
pwg,112040,sUkta,vgl,vAmana˚
pwg,112040,sUkta,vgl,vizRu˚
pwg,112040,sUkta,vgl,SAnti˚
pwg,112040,sUkta,vgl,sAma˚
pwg,112042,sUktavAka,vgl,saha˚
pwg,112046,sUkti,vgl,aSva˚
pwg,112046,sUkti,vgl,sidDAnta˚
pwg,112046,sUkti,vgl,havya˚
pwg,112049,sUkzma,vgl,kASika˚
pwg,112049,sUkzma,vgl,BUta˚
pwg,112054,sUkzmawikka,vgl,bfhawwikka
pwg,112091,sUcaka,vgl,toya˚
pwg,112091,sUcaka,vgl,nakzatra˚
pwg,112094,sUcay,vgl,upasUcaka
pwg,112094,sUcay,vgl,saMsUcaka
pwg,112096,sUci,vgl,Aptavajra˚
pwg,112096,sUci,vgl,karRa˚
pwg,112096,sUci,vgl,Ka˚
pwg,112096,sUci,vgl,caYcu˚
pwg,112096,sUci,vgl,jala˚
pwg,112096,sUci,vgl,dala˚
pwg,112096,sUci,vgl,pattra˚
pwg,112096,sUci,vgl,mahA˚
pwg,112096,sUci,vgl,vajra˚
pwg,112096,sUci,vgl,sOcika
pwg,112108,sUcipuzpa,vgl,sUcI˚
pwg,112110,sUciroman,vgl,sUcI˚
pwg,112138,sUta,vgl,badDa˚
pwg,112139,sUta,vgl,vi˚
pwg,112139,sUta,vgl,sOta
pwg,112139,sUta,vgl,sOti
pwg,112139,sUta,vgl,sOtya
pwg,112140,sUtaka,vgl,mfta˚
pwg,112140,sUtaka,vgl,rAhusUtaka˚
pwg,112140,sUtaka,vgl,SrAdDa˚
pwg,112140,sUtaka,vgl,upasUtikA
pwg,112157,sUti,vgl,duHzUti
pwg,112157,sUti,vgl,bahusUti
pwg,112157,sUti,vgl,mftyu˚
pwg,112157,sUti,vgl,ratna˚
pwg,112157,sUti,vgl,suDA˚
pwg,112165,sUtigfha,vgl,sUtIgfha
pwg,112167,sUtimAruta,vgl,sUtivAta
pwg,112180,sUtra,vgl,akza˚
pwg,112181,sUtraka,vgl,vfdDasUtraka
pwg,112181,sUtraka,vgl,uraHsUtrikA
pwg,112202,sUtranaqa,vgl,sOtranAqi
pwg,112224,sUtrAnta,vgl,sOtrAntika
pwg,112229,sUtrin,vgl,brahma˚
pwg,112232,sUd,vgl,nisUdaka
pwg,112234,sUda,vgl,deva˚
pwg,112240,sUdana,vgl,arizwa˚
pwg,112240,sUdana,vgl,asura˚
pwg,112240,sUdana,vgl,kuzWa˚
pwg,112240,sUdana,vgl,pApa˚
pwg,112240,sUdana,vgl,bala˚
pwg,112250,sUna,vgl,iwasUna
pwg,112250,sUna,vgl,sOnika
pwg,112251,sUnara,vgl,sUnfta
pwg,112256,sUnu,vgl,brahma˚
pwg,112256,sUnu,vgl,Bfgu˚
pwg,112256,sUnu,vgl,mahI˚
pwg,112256,sUnu,vgl,rAja˚
pwg,112256,sUnu,vgl,vAyu˚
pwg,112256,sUnu,vgl,sAgara˚
pwg,112256,sUnu,vgl,sOnavya
pwg,112259,sUnfta,vgl,aSva˚
pwg,112264,sUpa,vgl,sOpika
pwg,112272,sUpat,vgl,kUpat
pwg,112296,sUma,vgl,suzUma
pwg,112298,sUya,vgl,rAja˚
pwg,112300,sUra,vgl,alaMkAra˚
pwg,112300,sUra,vgl,Adi˚
pwg,112300,sUra,vgl,utsUra
pwg,112300,sUra,vgl,sOrya
pwg,112304,sUrata,vgl,surata
pwg,112308,sUramasa,vgl,sOramasa
pwg,112310,sUravarman,vgl,SUra˚
pwg,112314,sUri,vgl,ana˚
pwg,112314,sUri,vgl,govinda˚
pwg,112314,sUri,vgl,deva˚
pwg,112314,sUri,vgl,nArAyaRa˚
pwg,112314,sUri,vgl,mARikya˚
pwg,112314,sUri,vgl,rudra˚
pwg,112314,sUri,vgl,vfdDavAda˚
pwg,112314,sUri,vgl,SAnta˚
pwg,112314,sUri,vgl,SAnti˚
pwg,112314,sUri,vgl,sADuratna˚
pwg,112323,sUrmI,vgl,taptasUrmi
pwg,112325,sUrya,vgl,nAnA˚
pwg,112325,sUrya,vgl,pratisUryam
pwg,112325,sUrya,vgl,bAlasUrya
pwg,112325,sUrya,vgl,yama˚
pwg,112325,sUrya,vgl,vajra˚
pwg,112325,sUrya,vgl,vi˚
pwg,112325,sUrya,vgl,SAli˚
pwg,112325,sUrya,vgl,sAyaM˚
pwg,112325,sUrya,vgl,sOra
pwg,112328,sUryakAnta,vgl,candrakAnta
pwg,112406,sUryavarcas,vgl,sOryavarcasa
pwg,112429,sUryasidDAnta,vgl,bfhat˚
pwg,112438,sUryAkza,vgl,sUrpAkza
pwg,112444,sUryAdipaYcAyatanapratizWApadDati,vgl,sUryapratizWA
pwg,112445,sUryAdri,vgl,SUrpAdri
pwg,112461,sUryoQa,vgl,sAyaMsUrya
pwg,112473,sfka,vgl,sfga
pwg,112483,sfkvan,vgl,vfza˚
pwg,112486,sfga,vgl,sfka
pwg,112487,sfgAla,vgl,sArgAla
pwg,112501,sfj,vgl,prajA˚
pwg,112501,sfj,vgl,brahma˚
pwg,112501,sfj,vgl,BUti˚
pwg,112501,sfj,vgl,viSva˚
pwg,112508,sfYjaya,vgl,Gawa˚
pwg,112508,sfYjaya,vgl,pUti˚
pwg,112508,sfYjaya,vgl,sArYjaya
pwg,112514,sft,vgl,adAra˚
pwg,112514,sft,vgl,AdAra˚
pwg,112514,sft,vgl,vAja˚
pwg,112519,sfti,vgl,kA˚
pwg,112519,sfti,vgl,ku˚
pwg,112521,sftvan,vgl,vAQa˚
pwg,112524,sfdAku,vgl,pfdAku
pwg,112528,sfpAku,vgl,sArpAkava
pwg,112542,sfzwi,vgl,rudra˚
pwg,112542,sfzwi,vgl,viSva˚
pwg,112552,seka,vgl,suzeka
pwg,112557,sektar,vgl,piRqa˚
pwg,112562,secaka,vgl,suKa˚ (muKa˚)
pwg,112563,secana,vgl,ambusecanI
pwg,112563,secana,vgl,tUlasecana
pwg,112563,secana,vgl,nO˚
pwg,112563,secana,vgl,suzecana
pwg,112568,setakI,vgl,sEtakeya
pwg,112572,setikA,vgl,sAketa
pwg,112573,setu,vgl,Darma˚
pwg,112586,setuvfkza,vgl,Svetavfkza
pwg,112593,seDa,vgl,duHzeDa
pwg,112597,senaka,vgl,rAma˚
pwg,112604,senA,vgl,aBi˚ (˚zeRa)
pwg,112604,senA,vgl,ayudDa˚ ASu˚
pwg,112604,senA,vgl,indra˚
pwg,112604,senA,vgl,fzi˚
pwg,112604,senA,vgl,fzwi˚
pwg,112604,senA,vgl,citra˚
pwg,112604,senA,vgl,jayat˚
pwg,112604,senA,vgl,deva˚
pwg,112604,senA,vgl,DfzRu˚
pwg,112604,senA,vgl,Druva˚
pwg,112604,senA,vgl,nandi˚
pwg,112604,senA,vgl,nf˚
pwg,112604,senA,vgl,puRya˚
pwg,112604,senA,vgl,pfTu˚
pwg,112604,senA,vgl,pra˚
pwg,112604,senA,vgl,pracaRqa˚
pwg,112604,senA,vgl,prati˚
pwg,112604,senA,vgl,pravara˚
pwg,112604,senA,vgl,bala˚
pwg,112604,senA,vgl,ballAla˚
pwg,112604,senA,vgl,bindu˚
pwg,112604,senA,vgl,budDa˚
pwg,112604,senA,vgl,bfhat˚
pwg,112604,senA,vgl,Badra˚
pwg,112604,senA,vgl,BaraRi˚
pwg,112604,senA,vgl,Barata˚
pwg,112604,senA,vgl,BAnu˚
pwg,112604,senA,vgl,BIma˚
pwg,112604,senA,vgl,BUmi˚
pwg,112604,senA,vgl,BUri˚
pwg,112604,senA,vgl,Boga˚
pwg,112604,senA,vgl,madana˚
pwg,112604,senA,vgl,maDu˚
pwg,112604,senA,vgl,mahA˚
pwg,112604,senA,vgl,mADava˚
pwg,112604,senA,vgl,mitra˚
pwg,112604,senA,vgl,muktA˚
pwg,112604,senA,vgl,mftyu˚
pwg,112604,senA,vgl,yajYa˚
pwg,112604,senA,vgl,rati˚
pwg,112604,senA,vgl,ratna˚
pwg,112604,senA,vgl,rAjya˚
pwg,112604,senA,vgl,rudra˚
pwg,112604,senA,vgl,rUpa˚
pwg,112604,senA,vgl,rohiRi˚
pwg,112604,senA,vgl,lakzmI˚
pwg,112604,senA,vgl,vajra˚
pwg,112604,senA,vgl,vasu˚
pwg,112604,senA,vgl,vikrama˚
pwg,112604,senA,vgl,vijaya˚
pwg,112604,senA,vgl,viSva˚
pwg,112604,senA,vgl,vizvak˚
pwg,112604,senA,vgl,vihita˚
pwg,112604,senA,vgl,vIra˚
pwg,112604,senA,vgl,vfdDa˚
pwg,112604,senA,vgl,vfza˚
pwg,112604,senA,vgl,vyAGra˚
pwg,112604,senA,vgl,Sakti˚
pwg,112604,senA,vgl,SaMkara˚
pwg,112604,senA,vgl,SataBizak˚
pwg,112604,senA,vgl,SAnta˚
pwg,112604,senA,vgl,SUra˚
pwg,112604,senA,vgl,SrI˚
pwg,112604,senA,vgl,SrIDara˚
pwg,112604,senA,vgl,Sruta˚
pwg,112604,senA,vgl,SrezWa˚
pwg,112604,senA,vgl,samudra˚
pwg,112604,senA,vgl,sarva˚
pwg,112604,senA,vgl,siMha˚
pwg,112604,senA,vgl,sidDa˚
pwg,112604,senA,vgl,sinDu˚
pwg,112604,senA,vgl,su˚
pwg,112604,senA,vgl,sundara˚
pwg,112604,senA,vgl,sura˚
pwg,112604,senA,vgl,sUrya˚
pwg,112604,senA,vgl,hari˚
pwg,112604,senA,vgl,hemanta˚
pwg,112604,senA,vgl,sEnya
pwg,112605,senAkakza,vgl,sEnyakakza
pwg,112619,senApati,vgl,aDi˚
pwg,112641,senya,vgl,sEnya
pwg,112642,semantI,vgl,sumanA
pwg,112650,sela,vgl,selu
pwg,112651,selaga,vgl,sElaga
pwg,112655,sev,vgl,susevita
pwg,112655,sev,vgl,anusevin
pwg,112655,sev,vgl,Asevana
pwg,112655,sev,vgl,upasevaka
pwg,112655,sev,vgl,saMnizevya
pwg,112655,sev,vgl,saMsevana
pwg,112658,sevaka,vgl,kula˚
pwg,112658,sevaka,vgl,dvija˚
pwg,112658,sevaka,vgl,rAja˚
pwg,112658,sevaka,vgl,rAma˚
pwg,112661,sevana,vgl,tunna˚
pwg,112662,sevana,vgl,dunduBizevaRa
pwg,112665,sevA,vgl,para˚
pwg,112665,sevA,vgl,rAja˚
pwg,112665,sevA,vgl,vAra˚
pwg,112674,sevi,vgl,seva
pwg,112682,sevin,vgl,tIrTa˚
pwg,112682,sevin,vgl,rAja˚
pwg,112682,sevin,vgl,saha˚
pwg,112683,sevya,vgl,duH˚
pwg,112683,sevya,vgl,su˚
pwg,112683,sevya,vgl,suKa˚
pwg,112685,sevyatva,vgl,suKa˚
pwg,112717,sEnApatya,vgl,senApatya
pwg,112719,sEnDava,vgl,susEnDavI
pwg,112737,sEra,vgl,sErAvant
pwg,112744,sErinDra,vgl,sEranDra
pwg,112787,sodara,vgl,amfta˚
pwg,112787,sodara,vgl,kAlindI˚
pwg,112787,sodara,vgl,BfNga˚
pwg,112787,sodara,vgl,sahodara
pwg,112790,sodarya,vgl,sOdarya
pwg,112813,sopAka,vgl,pARqu˚
pwg,112818,sopAna,vgl,maRi˚
pwg,112818,sopAna,vgl,sidDa˚
pwg,112818,sopAna,vgl,sidDi˚
pwg,112822,soBa,vgl,sOBa
pwg,112824,soBari,vgl,sOBara
pwg,112826,soma,vgl,agnIzoma
pwg,112826,soma,vgl,nf˚
pwg,112826,soma,vgl,prati˚
pwg,112826,soma,vgl,prAk˚
pwg,112826,soma,vgl,bfhat˚
pwg,112826,soma,vgl,Badga˚
pwg,112826,soma,vgl,mahA˚
pwg,112826,soma,vgl,yajYa˚
pwg,112826,soma,vgl,rudra˚
pwg,112826,soma,vgl,vi˚
pwg,112826,soma,vgl,vIra˚
pwg,112826,soma,vgl,SAnti˚
pwg,112826,soma,vgl,Sruta˚
pwg,112826,soma,vgl,saMsuta˚
pwg,112826,soma,vgl,saha˚
pwg,112826,soma,vgl,suzoma
pwg,112826,soma,vgl,suta˚
pwg,112826,soma,vgl,sOmya
pwg,112827,somaka,vgl,sOmaki
pwg,112858,somadatta,vgl,sOmadatti
pwg,112873,somapa,vgl,somapA
pwg,112914,somamitra,vgl,sOmamitrika
pwg,112918,somayAjin,vgl,mADava˚
pwg,112926,somarAjaka,vgl,sOmarAjya
pwg,112946,somavarcas,vgl,sUryavarcas
pwg,113006,somApa,vgl,sOmApa
pwg,113007,somApi,vgl,somaka
pwg,113009,somApOzRa,vgl,sOmA˚
pwg,113013,somArOdra,vgl,sOmA˚
pwg,113034,someSvara,vgl,Bawwa˚
pwg,113082,sOKaSAyika,vgl,sOKyaSAyika
pwg,113086,sOKya,vgl,tIrTa˚
pwg,113086,sOKya,vgl,vi˚
pwg,113086,sOKya,vgl,vivAda˚
pwg,113093,sOganDika,vgl,rakta˚
pwg,113097,sOganDya,vgl,tri˚
pwg,113104,sOjanya,vgl,sujanatA
pwg,113122,sOtrika,vgl,Avika˚
pwg,113171,sOparRa,vgl,ati˚
pwg,113171,sOparRa,vgl,Eqa˚
pwg,113179,sOpAka,vgl,sopAka
pwg,113195,sOBa,vgl,soBa
pwg,113196,sOBaga,vgl,viSva˚
pwg,113196,sOBaga,vgl,su˚
pwg,113249,sOmika,vgl,prAk˚
pwg,113253,sOmila,vgl,somila
pwg,113292,sOraBa,vgl,kula˚
pwg,113292,sOraBa,vgl,pizwa˚
pwg,113292,sOraBa,vgl,puzpa˚
pwg,113292,sOraBa,vgl,maYju˚
pwg,113292,sOraBa,vgl,vi˚
pwg,113292,sOraBa,vgl,vedAnta˚
pwg,113347,sOvarcala,vgl,kAca˚
pwg,113349,sOvarRa,vgl,sarva˚
pwg,113355,sOvarRika,vgl,aDyarDa˚
pwg,113355,sOvarRika,vgl,dvi˚
pwg,113371,sOvIra,vgl,sinDu˚
pwg,113390,sOSrava,vgl,sOSravasa
pwg,113393,sOSruta,vgl,kutapa˚
pwg,113395,sOzAma,vgl,sOsAma
pwg,113396,sOzira,vgl,mahASOzira
pwg,113425,skand,vgl,askanna
pwg,113425,skand,vgl,avaskanda
pwg,113425,skand,vgl,aByavaskanda
pwg,113425,skand,vgl,samavaskanda
pwg,113425,skand,vgl,Askanda
pwg,113425,skand,vgl,parizkaRRa
pwg,113425,skand,vgl,praskandana
pwg,113426,skanda,vgl,tfRa˚
pwg,113426,skanda,vgl,nIla˚
pwg,113426,skanda,vgl,maDu˚
pwg,113426,skanda,vgl,rudra˚
pwg,113426,skanda,vgl,Siva˚
pwg,113426,skanda,vgl,skAnda
pwg,113428,skandagupta,vgl,kumAragupta
pwg,113438,skandapurARa,vgl,skAnda
pwg,113443,skandaviSAKa,vgl,skAndaviSAKa
pwg,113456,skanDa,vgl,aMhri˚
pwg,113456,skanDa,vgl,kapi˚
pwg,113456,skanDa,vgl,karIra˚
pwg,113456,skanDa,vgl,kAlla˚
pwg,113456,skanDa,vgl,guru˚
pwg,113456,skanDa,vgl,jaya˚
pwg,113456,skanDa,vgl,turaMga˚
pwg,113456,skanDa,vgl,Darma˚
pwg,113456,skanDa,vgl,DIra˚
pwg,113456,skanDa,vgl,nara˚
pwg,113456,skanDa,vgl,nIla˚
pwg,113456,skanDa,vgl,pIta˚
pwg,113456,skanDa,vgl,pfTu˚
pwg,113456,skanDa,vgl,prati˚
pwg,113456,skanDa,vgl,maRi˚
pwg,113456,skanDa,vgl,mahA˚
pwg,113456,skanDa,vgl,rAja˚
pwg,113456,skanDa,vgl,vAta˚
pwg,113456,skanDa,vgl,vAyu˚
pwg,113456,skanDa,vgl,vizkanDa
pwg,113456,skanDa,vgl,vfza˚
pwg,113483,skanDin,vgl,mahA˚
pwg,113492,skamBa,vgl,skAmBAyana
pwg,113505,sku,vgl,apratizkuta
pwg,113506,skund,vgl,praskunda
pwg,113514,sKal,vgl,prasKalana
pwg,113519,stan,vgl,aBizwana
pwg,113519,stan,vgl,nizwAnaka
pwg,113519,stan,vgl,izwani
pwg,113519,stan,vgl,aninizwAna
pwg,113520,stana,vgl,ajagala˚ (ajagalA˚)
pwg,113520,stana,vgl,gala˚
pwg,113540,stanamaDya,vgl,stanAntara
pwg,113544,stanayitnu,vgl,tanayitnu
pwg,113556,stanita,vgl,meGa˚
pwg,113564,stabaka,vgl,kusumastavaka
pwg,113579,staB,vgl,avazwamBa
pwg,113579,staB,vgl,uttamBa
pwg,113579,staB,vgl,pratyuttabDi
pwg,113579,staB,vgl,upastamBa
pwg,113579,staB,vgl,prastamBa
pwg,113579,staB,vgl,pratizwamBa
pwg,113579,staB,vgl,vizwabDi
pwg,113579,staB,vgl,saMstamBa
pwg,113580,staBa,vgl,stuBa
pwg,113580,staBa,vgl,tuBa
pwg,113583,stamba,vgl,kuSa˚
pwg,113593,stambamitra,vgl,stamBaMmitra
pwg,113603,stamBa,vgl,agni˚
pwg,113603,stamBa,vgl,anakza˚
pwg,113603,stamBa,vgl,uraH˚
pwg,113603,stamBa,vgl,Uru˚
pwg,113603,stamBa,vgl,Urja˚
pwg,113603,stamBa,vgl,kastamBI
pwg,113603,stamBa,vgl,jaya˚
pwg,113603,stamBa,vgl,jala˚
pwg,113603,stamBa,vgl,divizwamBa
pwg,113603,stamBa,vgl,dvAra˚
pwg,113603,stamBa,vgl,DanuH˚
pwg,113603,stamBa,vgl,niH˚
pwg,113603,stamBa,vgl,nirahaM˚
pwg,113603,stamBa,vgl,netra˚
pwg,113603,stamBa,vgl,pAda˚
pwg,113603,stamBa,vgl,banDa˚
pwg,113603,stamBa,vgl,maRi˚
pwg,113603,stamBa,vgl,manyA˚
pwg,113603,stamBa,vgl,raRa˚
pwg,113603,stamBa,vgl,vAk˚
pwg,113603,stamBa,vgl,SilA˚
pwg,113603,stamBa,vgl,su˚
pwg,113603,stamBa,vgl,smara˚
pwg,113603,stamBa,vgl,stAmBAyana
pwg,113603,stamBa,vgl,stAmBin
pwg,113604,stamBaka,vgl,SAli˚
pwg,113609,stamBana,vgl,agni˚
pwg,113615,star,vgl,astfta
pwg,113615,star,vgl,avastaraRa
pwg,113615,star,vgl,avastAra
pwg,113615,star,vgl,Astara
pwg,113615,star,vgl,upastaraRa
pwg,113615,star,vgl,upastir
pwg,113615,star,vgl,anizwfta
pwg,113615,star,vgl,paristara
pwg,113615,star,vgl,prastara
pwg,113615,star,vgl,vizwara
pwg,113615,star,vgl,vizwAra
pwg,113615,star,vgl,vizwir
pwg,113615,star,vgl,vistara
pwg,113615,star,vgl,vistAra
pwg,113615,star,vgl,vistfta
pwg,113615,star,vgl,bahuvistIrRa
pwg,113615,star,vgl,saMstara
pwg,113622,starIman,vgl,suzwarIman
pwg,113623,starkz,vgl,tarkz
pwg,113625,starh,vgl,tarh
pwg,113626,stava,vgl,brahmatarka˚
pwg,113626,stava,vgl,saMketa˚
pwg,113626,stava,vgl,sarasvatI˚
pwg,113632,stavana,vgl,campaka˚
pwg,113636,stavarAja,vgl,BIzma˚
pwg,113639,stavAvali,vgl,bahu˚
pwg,113640,staveyya,vgl,stuveyya
pwg,113642,stA,vgl,stAya stena
pwg,113642,stA,vgl,steya
pwg,113648,stAva,vgl,vizwAva
pwg,113653,stip,vgl,step
pwg,113657,stim,vgl,tim
pwg,113657,stim,vgl,stiyA
pwg,113657,stim,vgl,stIma
pwg,113657,stim,vgl,styA
pwg,113661,stIma,vgl,vizwImin
pwg,113665,stu,vgl,anuzwuti
pwg,113665,stu,vgl,aBizwava
pwg,113665,stu,vgl,upazwut
pwg,113665,stu,vgl,upastut
pwg,113665,stu,vgl,˚zwavanIya
pwg,113665,stu,vgl,˚zwuti
pwg,113665,stu,vgl,prastava
pwg,113665,stu,vgl,prastAva
pwg,113665,stu,vgl,prastAvanA
pwg,113665,stu,vgl,prastAvya
pwg,113665,stu,vgl,prastuta
pwg,113665,stu,vgl,vizwuti
pwg,113665,stu,vgl,saMstava
pwg,113667,stu,vgl,stAva
pwg,113669,stukA,vgl,UrRA˚
pwg,113669,stukA,vgl,balbaja˚
pwg,113669,stukA,vgl,pfTuzwuka
pwg,113669,stukA,vgl,vizita˚
pwg,113673,stut,vgl,agni˚ (˚zwut)
pwg,113673,stut,vgl,indra˚
pwg,113673,stut,vgl,iza˚
pwg,113673,stut,vgl,grAva˚
pwg,113673,stut,vgl,CandaH˚
pwg,113673,stut,vgl,deva˚
pwg,113673,stut,vgl,viSvadeva˚
pwg,113673,stut,vgl,vESvadeva˚
pwg,113673,stut,vgl,sUrya˚
pwg,113677,stuti,vgl,aprastuta˚
pwg,113677,stuti,vgl,duzwuti
pwg,113677,stuti,vgl,niH˚
pwg,113677,stuti,vgl,punaH˚
pwg,113677,stuti,vgl,pUrvya˚
pwg,113677,stuti,vgl,rAma˚
pwg,113677,stuti,vgl,vItarAga˚
pwg,113677,stuti,vgl,veda˚
pwg,113677,stuti,vgl,Siva˚
pwg,113677,stuti,vgl,saDa˚
pwg,113677,stuti,vgl,sahasra˚
pwg,113677,stuti,vgl,suzwuti
pwg,113677,stuti,vgl,sUrya˚
pwg,113684,stutya,vgl,saDa˚
pwg,113686,stunaka,vgl,stuBa
pwg,113687,stupa,vgl,vizita˚
pwg,113687,stupa,vgl,stukA
pwg,113688,stuB,vgl,parizwuB
pwg,113688,stuB,vgl,˚zwoBa
pwg,113688,stuB,vgl,prastoBa
pwg,113689,stuB,vgl,agnizwuB
pwg,113689,stuB,vgl,fta˚
pwg,113689,stuB,vgl,Garma˚
pwg,113689,stuB,vgl,CandaH˚
pwg,113689,stuB,vgl,trizwuB
pwg,113689,stuB,vgl,vfza˚
pwg,113689,stuB,vgl,suzwuB
pwg,113693,stuveyya,vgl,staveyya
pwg,113698,stUpa,vgl,aruza˚
pwg,113698,stUpa,vgl,droRa˚
pwg,113698,stUpa,vgl,nivartana˚
pwg,113698,stUpa,vgl,mahA˚
pwg,113698,stUpa,vgl,hiraRya˚
pwg,113698,stUpa,vgl,stOpika
pwg,113704,stena,vgl,stEnya
pwg,113708,stema,vgl,stim
pwg,113709,steya,vgl,vrahma˚
pwg,113717,stoka,vgl,pra˚
pwg,113723,stotra,vgl,AlamandAra˚
pwg,113723,stotra,vgl,Danada˚
pwg,113723,stotra,vgl,nitya˚
pwg,113723,stotra,vgl,parA˚
pwg,113723,stotra,vgl,priya˚
pwg,113723,stotra,vgl,BaktAmara˚
pwg,113723,stotra,vgl,marut˚
pwg,113723,stotra,vgl,rAma˚
pwg,113723,stotra,vgl,lakzmI˚
pwg,113723,stotra,vgl,vAkyasidDAnta˚
pwg,113723,stotra,vgl,SivapaYcAkzara˚
pwg,113723,stotra,vgl,SrIgurusahasranAma˚
pwg,113723,stotra,vgl,SrIhari˚
pwg,113723,stotra,vgl,saptabudDa˚
pwg,113723,stotra,vgl,sarasvatI˚
pwg,113723,stotra,vgl,sUrya˚
pwg,113728,stotriya,vgl,grAva˚
pwg,113728,stotriya,vgl,SvaH˚
pwg,113729,stoBa,vgl,uBaya˚
pwg,113729,stoBa,vgl,caturiqaspada˚
pwg,113729,stoBa,vgl,daSa˚
pwg,113729,stoBa,vgl,nava˚
pwg,113736,stoma,vgl,agnizwoma
pwg,113736,stoma,vgl,atyagni˚
pwg,113736,stoma,vgl,Ayu˚
pwg,113736,stoma,vgl,fzi˚
pwg,113736,stoma,vgl,go˚
pwg,113736,stoma,vgl,jyoti˚
pwg,113736,stoma,vgl,tri˚
pwg,113736,stoma,vgl,pari˚
pwg,113736,stoma,vgl,pitu˚
pwg,113736,stoma,vgl,punaH˚
pwg,113736,stoma,vgl,pfzWya˚
pwg,113736,stoma,vgl,bfhaspati˚
pwg,113736,stoma,vgl,BUmi˚
pwg,113736,stoma,vgl,marut˚
pwg,113736,stoma,vgl,mahA˚
pwg,113736,stoma,vgl,mAsa˚
pwg,113736,stoma,vgl,muhUrta˚
pwg,113736,stoma,vgl,yaTA˚
pwg,113736,stoma,vgl,yama˚
pwg,113736,stoma,vgl,vizuvat˚
pwg,113736,stoma,vgl,vESya˚
pwg,113736,stoma,vgl,vrAtya˚
pwg,113736,stoma,vgl,Sukra˚
pwg,113736,stoma,vgl,sarva˚
pwg,113736,stoma,vgl,saha˚
pwg,113736,stoma,vgl,stuta˚
pwg,113754,styA,vgl,saMstyAya
pwg,113762,strI,vgl,kula˚
pwg,113771,strIkzetra,vgl,purazakzetra
pwg,113774,strIgavI,vgl,puMgava
pwg,113790,strIdevata,vgl,strImantra
pwg,113791,strIdehArDa,vgl,arDanArISa
pwg,113820,strImantra,vgl,strIdevata
pwg,113830,strIrAjya,vgl,strErAjaka
pwg,113861,sTa,vgl,agni˚
pwg,113861,sTa,vgl,apnaH˚
pwg,113861,sTa,vgl,AKare˚
pwg,113861,sTa,vgl,eka˚
pwg,113866,sTagara,vgl,sTAgara
pwg,113866,sTagara,vgl,sTakara
pwg,113869,sTagu,vgl,sTapuwa
pwg,113871,sTaRqila,vgl,sTARqila
pwg,113881,sTapati,vgl,puzkara˚
pwg,113888,sTala,vgl,awwa˚
pwg,113888,sTala,vgl,adrikfta˚
pwg,113888,sTala,vgl,avi˚
pwg,113888,sTala,vgl,Anaka˚
pwg,113888,sTala,vgl,ut˚
pwg,113888,sTala,vgl,ftu˚
pwg,113888,sTala,vgl,kaRwaka˚
pwg,113888,sTala,vgl,kuSa˚
pwg,113888,sTala,vgl,kuzWala
pwg,113888,sTala,vgl,keli˚
pwg,113888,sTala,vgl,kratu˚
pwg,113888,sTala,vgl,gaRqa˚
pwg,113888,sTala,vgl,Gfta˚
pwg,113888,sTala,vgl,tapaH˚
pwg,113888,sTala,vgl,tri˚
pwg,113888,sTala,vgl,dARqAyana˚
pwg,113890,sTalakamala,vgl,sTalapadma
pwg,113901,sTalapaTa,vgl,sTAlapaTa
pwg,113901,sTalapaTa,vgl,˚paTika
pwg,113902,sTalapadma,vgl,sTalakamala
pwg,113924,sTavira,vgl,sTAvira
pwg,113928,sTA,vgl,sTApana
pwg,113928,sTA,vgl,duraDizWita
pwg,113928,sTA,vgl,anuzWA
pwg,113928,sTA,vgl,samanuzWeya
pwg,113928,sTA,vgl,apazWa
pwg,113928,sTA,vgl,avasTa
pwg,113928,sTA,vgl,avasTApana
pwg,113928,sTA,vgl,paryavasTA
pwg,113928,sTA,vgl,pratyavasTA
pwg,113928,sTA,vgl,vyavasTA
pwg,113928,sTA,vgl,vyavasTApaka
pwg,113928,sTA,vgl,˚sTApana
pwg,113928,sTA,vgl,samavasTA
pwg,113928,sTA,vgl,AsTA
pwg,113928,sTA,vgl,AsTApana
pwg,113928,sTA,vgl,utTa
pwg,113928,sTA,vgl,utTApana utTApya
pwg,113928,sTA,vgl,utTa
pwg,113928,sTA,vgl,utTApana utTApya
pwg,113928,sTA,vgl,aByutTAna
pwg,113928,sTA,vgl,paryutTAna
pwg,113928,sTA,vgl,pratyutTAna
pwg,113928,sTA,vgl,vyutTAtavya
pwg,113928,sTA,vgl,vyutTAna
pwg,113928,sTA,vgl,samutTa
pwg,113928,sTA,vgl,samutTApya
pwg,113928,sTA,vgl,upasTa
pwg,113928,sTA,vgl,upasTApana
pwg,113928,sTA,vgl,paryupasTAna
pwg,113928,sTA,vgl,nizWa
pwg,113928,sTA,vgl,nizWa
pwg,113928,sTA,vgl,parizWA
pwg,113928,sTA,vgl,prazWa
pwg,113928,sTA,vgl,prasTa
pwg,113928,sTA,vgl,prasTAna
pwg,113928,sTA,vgl,prasTAyin
pwg,113928,sTA,vgl,prasTAvan
pwg,113928,sTA,vgl,prasTApana
pwg,113928,sTA,vgl,pratizWa
pwg,113928,sTA,vgl,pratizWApana
pwg,113928,sTA,vgl,saMpratizWA
pwg,113928,sTA,vgl,saMsTa
pwg,113928,sTA,vgl,saMsTAna
pwg,113928,sTA,vgl,saMsTAvan
pwg,113928,sTA,vgl,saMsTiti
pwg,113928,sTA,vgl,asaMsTita
pwg,113928,sTA,vgl,vi˚
pwg,113928,sTA,vgl,veda˚
pwg,113928,sTA,vgl,saMsTApaka
pwg,113928,sTA,vgl,saMsTApana
pwg,113934,sTARu,vgl,saBA˚
pwg,113943,sTAtar,vgl,puraH˚
pwg,113946,sTAtra,vgl,BUri˚
pwg,113947,sTAna,vgl,karma˚
pwg,113947,sTAna,vgl,gozWAna
pwg,113948,sTAnaka,vgl,patAkA˚
pwg,113982,sTAneyogin,vgl,sTAnayogin
pwg,113984,sTApaka,vgl,sTiti˚
pwg,113993,sTAman,vgl,pAka˚
pwg,113993,sTAman,vgl,mahA˚
pwg,113993,sTAman,vgl,yaTAsTAma
pwg,113993,sTAman,vgl,suzWAman
pwg,113999,sTAyin,vgl,mUla˚
pwg,113999,sTAyin,vgl,rAjya˚
pwg,113999,sTAyin,vgl,vIra˚
pwg,114002,sTAraSman,vgl,sTAtar
pwg,114003,sTAla,vgl,kAca˚
pwg,114003,sTAla,vgl,caru˚
pwg,114003,sTAla,vgl,mahA˚
pwg,114003,sTAla,vgl,su˚
pwg,114028,sTita,vgl,duH˚
pwg,114028,sTita,vgl,patita˚
pwg,114028,sTita,vgl,maDya˚
pwg,114028,sTita,vgl,yaTA˚
pwg,114028,sTita,vgl,saha˚
pwg,114028,sTita,vgl,sahita˚
pwg,114028,sTita,vgl,su˚
pwg,114034,sTitapreman,vgl,sTirapreman
pwg,114037,sTiti,vgl,niyama˚
pwg,114037,sTiti,vgl,bala˚
pwg,114037,sTiti,vgl,yaTA˚
pwg,114037,sTiti,vgl,rAjya˚
pwg,114037,sTiti,vgl,loka˚
pwg,114037,sTiti,vgl,vaMSa˚
pwg,114037,sTiti,vgl,samyak˚
pwg,114037,sTiti,vgl,su˚
pwg,114045,sTira,vgl,gavizWira˚
pwg,114045,sTira,vgl,jAtU˚
pwg,114045,sTira,vgl,yuDi˚
pwg,114045,sTira,vgl,su˚
pwg,114045,sTira,vgl,sTeman
pwg,114045,sTira,vgl,sTeyaMs
pwg,114045,sTira,vgl,sTezWa
pwg,114046,sTiraka,vgl,pItvA˚
pwg,114066,sTirapreman,vgl,sTitapreman
pwg,114079,sTiravarman,vgl,su˚
pwg,114082,sTirasADanaka,vgl,arTasidDaka
pwg,114089,sTirIkaraRa,vgl,manaH˚
pwg,114100,sTURa,vgl,aya˚
pwg,114100,sTURa,vgl,gfha˚
pwg,114100,sTURa,vgl,sTORika
pwg,114105,sTURABAra,vgl,sTORABArika
pwg,114109,sTUra,vgl,sTOrya
pwg,114111,sTUri,vgl,a˚
pwg,114114,sTUla,vgl,ati˚
pwg,114114,sTUla,vgl,sTavizWa
pwg,114115,sTUlaka,vgl,sTOlaka
pwg,114167,sTUlalakza,vgl,sTOlalakzya
pwg,114182,sTUlaSiras,vgl,sTOlaSIrza
pwg,114203,sTeya,vgl,duH˚
pwg,114203,sTeya,vgl,maDyama˚
pwg,114203,sTeya,vgl,su˚
pwg,114225,sTOlya,vgl,sTOrya
pwg,114227,snapana,vgl,snApana
pwg,114229,snas,vgl,snus
pwg,114230,snasA,vgl,dala˚
pwg,114230,snasA,vgl,snAyu
pwg,114230,snasA,vgl,snAvan
pwg,114230,snasA,vgl,vasnasA
pwg,114231,snA,vgl,prasna
pwg,114231,snA,vgl,prasnAtar
pwg,114231,snA,vgl,prasneya
pwg,114235,snAtaka,vgl,vidyA˚
pwg,114235,snAtaka,vgl,vidyAvrata˚
pwg,114235,snAtaka,vgl,vrata˚
pwg,114246,snAna,vgl,triH˚
pwg,114246,snAna,vgl,duH˚
pwg,114246,snAna,vgl,puzpa˚
pwg,114246,snAna,vgl,puzya˚
pwg,114249,snAnagfha,vgl,sozma˚
pwg,114253,snAnapadDati,vgl,snAnasUtrapadDati
pwg,114267,snApana,vgl,snapana
pwg,114269,snAyu,vgl,cora˚
pwg,114269,snAyu,vgl,taskara˚
pwg,114269,snAyu,vgl,mahA˚
pwg,114269,snAyu,vgl,snasA
pwg,114269,snAyu,vgl,snAvan
pwg,114279,snigDa,vgl,snEgDya
pwg,114291,snih,vgl,aBisneha
pwg,114291,snih,vgl,upasnihiti
pwg,114295,snu,vgl,sru
pwg,114295,snu,vgl,prasnAvin
pwg,114307,snuhI,vgl,triDAra˚
pwg,114307,snuhI,vgl,DArA˚
pwg,114309,sneha,vgl,asTi˚
pwg,114309,sneha,vgl,dvija˚
pwg,114309,sneha,vgl,niH˚
pwg,114309,sneha,vgl,prati˚
pwg,114309,sneha,vgl,Pala˚
pwg,114309,sneha,vgl,mastaka˚
pwg,114309,sneha,vgl,mAMsa˚
pwg,114309,sneha,vgl,vfkza˚
pwg,114309,sneha,vgl,sa˚
pwg,114309,sneha,vgl,snEhika
pwg,114314,snehan,vgl,snehu
pwg,114335,snehu,vgl,snehan
pwg,114339,spand,vgl,Aspandana
pwg,114339,spand,vgl,parispanda
pwg,114339,spand,vgl,praspandana
pwg,114340,spanda,vgl,nizpanda
pwg,114343,spandolikA,vgl,syandolikA
pwg,114345,spar,vgl,avaspartar
pwg,114351,sparD,vgl,sparh
pwg,114351,sparD,vgl,spUrD
pwg,114351,sparD,vgl,pratisparDA
pwg,114351,sparD,vgl,vizparDas
pwg,114351,sparD,vgl,visparDA
pwg,114351,sparD,vgl,saMsparDA
pwg,114354,sparDA,vgl,sapta˚
pwg,114357,sparS,vgl,upasparSa
pwg,114357,sparS,vgl,pratyupasparSana
pwg,114357,sparS,vgl,nispfS
pwg,114357,sparS,vgl,saMsparSa
pwg,114358,sparSa,vgl,atala˚
pwg,114358,sparSa,vgl,udaka˚
pwg,114358,sparSa,vgl,duH˚
pwg,114358,sparSa,vgl,mfdu˚
pwg,114358,sparSa,vgl,veda˚
pwg,114358,sparSa,vgl,Sukti˚
pwg,114358,sparSa,vgl,su˚
pwg,114358,sparSa,vgl,suKa˚
pwg,114363,sparSana,vgl,gagaRa˚
pwg,114365,sparSanendriya,vgl,sparSendriya
pwg,114366,sparSamaRi,vgl,sparSopala
pwg,114387,sparSendriya,vgl,sparSanendriya
pwg,114391,sparh,vgl,sparD
pwg,114391,sparh,vgl,spArha
pwg,114392,spaS,vgl,suspazwam
pwg,114392,spaS,vgl,vizpaS
pwg,114403,spArha,vgl,puru˚
pwg,114409,spfkkA,vgl,pfkkA
pwg,114414,spfS,vgl,atala˚
pwg,114414,spfS,vgl,upari˚
pwg,114414,spfS,vgl,fta˚
pwg,114414,spfS,vgl,kratu˚
pwg,114414,spfS,vgl,Gfta˚
pwg,114414,spfS,vgl,tridina˚
pwg,114414,spfS,vgl,diva˚
pwg,114414,spfS,vgl,divi˚
pwg,114414,spfS,vgl,naBaH˚
pwg,114414,spfS,vgl,Buvi˚
pwg,114414,spfS,vgl,BU˚
pwg,114414,spfS,vgl,BUmi˚
pwg,114414,spfS,vgl,mantra˚
pwg,114414,spfS,vgl,marma˚
pwg,114414,spfS,vgl,rajaH˚
pwg,114414,spfS,vgl,raTa˚
pwg,114414,spfS,vgl,viSva˚
pwg,114414,spfS,vgl,hfdaya˚
pwg,114414,spfS,vgl,hfdi˚
pwg,114415,spfSa,vgl,hfdi˚
pwg,114431,spfhA,vgl,niHspfha
pwg,114439,sPawika,vgl,kzIra˚
pwg,114439,sPawika,vgl,Ka˚
pwg,114439,sPawika,vgl,tEla˚
pwg,114439,sPawika,vgl,piNga˚
pwg,114439,sPawika,vgl,pIta˚
pwg,114439,sPawika,vgl,viSva˚
pwg,114447,sPar,vgl,visPAra
pwg,114450,sPal,vgl,AsPAla
pwg,114450,sPal,vgl,saMsPAla
pwg,114459,sPAti,vgl,gaya˚
pwg,114463,sPAy,vgl,saMsPIya
pwg,114465,sPAraRa,vgl,samantasPAraRamuKadarSana
pwg,114475,sPij,vgl,bfhat˚
pwg,114475,sPij,vgl,sPOjAyani
pwg,114475,sPij,vgl,sPEjika
pwg,114477,sPiw,vgl,saMsPewa
pwg,114479,sPira,vgl,ati˚
pwg,114479,sPira,vgl,sPeman
pwg,114479,sPira,vgl,sPeyaMs
pwg,114479,sPira,vgl,sPezWa
pwg,114485,sPuw,vgl,AsPowa
pwg,114485,sPuw,vgl,prasPuwa
pwg,114485,sPuw,vgl,visPuwa
pwg,114485,sPuw,vgl,visPowa
pwg,114486,sPuwa,vgl,pari˚
pwg,114486,sPuwa,vgl,sPOwAyana
pwg,114494,sPuwavalkalI,vgl,sPuwabanDanI
pwg,114495,sPuwasidDAnta,vgl,brahma˚
pwg,114506,sPur,vgl,anusPura
pwg,114506,sPur,vgl,apasPura
pwg,114506,sPur,vgl,anapasPur
pwg,114506,sPur,vgl,vyapasPuraRa
pwg,114516,sPuliNga,vgl,vizPuliNga
pwg,114516,sPuliNga,vgl,vispuliNgaka
pwg,114521,sPUrj,vgl,visPUrjaTu
pwg,114522,sPUrja,vgl,kAka˚
pwg,114522,sPUrja,vgl,narma˚
pwg,114534,sPowa,vgl,kapAla˚
pwg,114534,sPowa,vgl,karRa˚
pwg,114534,sPowa,vgl,duH˚
pwg,114534,sPowa,vgl,narma˚
pwg,114534,sPowa,vgl,nAgasPotA
pwg,114534,sPowa,vgl,pAda˚
pwg,114534,sPowa,vgl,muktA˚
pwg,114534,sPowa,vgl,Sabda˚
pwg,114534,sPowa,vgl,Sruti˚
pwg,114547,sPyakfta,vgl,sPEyakfta
pwg,114559,smaya,vgl,apa˚
pwg,114559,smaya,vgl,ut˚
pwg,114561,smar,vgl,asmftaDru
pwg,114561,smar,vgl,anusmaraRa
pwg,114561,smar,vgl,apasmAra
pwg,114561,smar,vgl,yaTopasmAram
pwg,114561,smar,vgl,pratismfti
pwg,114561,smar,vgl,vismaraRa
pwg,114561,smar,vgl,vismAraka
pwg,114561,smar,vgl,saMsmaraRa
pwg,114561,smar,vgl,saMsmAraka
pwg,114570,smaraRa,vgl,jAti˚
pwg,114603,smarya,vgl,smara˚
pwg,114612,smi,vgl,Sucismita
pwg,114612,smi,vgl,susmita
pwg,114612,smi,vgl,vismApaka
pwg,114616,smfti,vgl,a˚
pwg,114616,smfti,vgl,apa˚
pwg,114616,smfti,vgl,mahA˚
pwg,114616,smfti,vgl,yaTA˚
pwg,114636,smftivarDinI,vgl,smAraRI
pwg,114653,smera,vgl,a˚
pwg,114655,sya,vgl,tya
pwg,114657,syagavi,vgl,segava
pwg,114658,syad,vgl,anuzyanda
pwg,114658,syad,vgl,aBizyanda
pwg,114658,syad,vgl,avasyandana
pwg,114658,syad,vgl,Asyandana
pwg,114658,syad,vgl,nisyanda
pwg,114658,syad,vgl,aBinizyanda
pwg,114658,syad,vgl,parizyanda
pwg,114660,syada,vgl,raGu˚
pwg,114662,syanda,vgl,pitta˚
pwg,114662,syanda,vgl,maDu˚
pwg,114662,syanda,vgl,sarala˚
pwg,114671,syandolikA,vgl,spandolikA
pwg,114675,syam,vgl,sImika
pwg,114685,syumna,vgl,syUmaka
pwg,114685,syumna,vgl,syutna
pwg,114692,syUmaka,vgl,syumna
pwg,114697,syUmaraSmi,vgl,syOmaraSma
pwg,114704,sraMs,vgl,sanisrasa
pwg,114704,sraMs,vgl,sanIsraMsa
pwg,114704,sraMs,vgl,vyavasraMsa
pwg,114704,sraMs,vgl,prasraMsa
pwg,114704,sraMs,vgl,visraMsa
pwg,114706,sraMsana,vgl,Salya˚
pwg,114710,srakti,vgl,dik˚
pwg,114710,srakti,vgl,catuH˚
pwg,114711,sraktya,vgl,srAktya
pwg,114712,srakva,vgl,sfkva
pwg,114716,sragvin,vgl,mahA˚
pwg,114716,sragvin,vgl,srAgviRa
pwg,114718,sraj,vgl,puzkara˚
pwg,114718,sraj,vgl,maRi˚
pwg,114718,sraj,vgl,muktA˚
pwg,114718,sraj,vgl,vana˚
pwg,114718,sraj,vgl,vara˚
pwg,114718,sraj,vgl,su˚
pwg,114718,sraj,vgl,harita˚
pwg,114718,sraj,vgl,hiraRya˚
pwg,114719,sraja,vgl,puRqarisrajA
pwg,114719,sraja,vgl,SrIsraja
pwg,114729,srava,vgl,amfta˚
pwg,114729,srava,vgl,ambuDi˚
pwg,114729,srava,vgl,giri˚
pwg,114729,srava,vgl,vahu˚
pwg,114729,srava,vgl,maDu˚
pwg,114729,srava,vgl,maDura˚
pwg,114729,srava,vgl,lAlA˚
pwg,114729,srava,vgl,suDA˚
pwg,114729,srava,vgl,suraBi˚
pwg,114731,sravaRa,vgl,plakza˚
pwg,114736,sravantI,vgl,svaH˚
pwg,114737,sravas,vgl,maDu˚
pwg,114746,srA,vgl,SrA
pwg,114748,srAktya,vgl,sraktya
pwg,114751,srAma,vgl,a˚
pwg,114754,srAva,vgl,garBa˚
pwg,114754,srAva,vgl,nAsA˚
pwg,114754,srAva,vgl,moca˚
pwg,114754,srAva,vgl,rakta˚
pwg,114754,srAva,vgl,lAlA˚
pwg,114757,srAvin,vgl,garBa˚
pwg,114757,srAvin,vgl,lAlA˚
pwg,114759,sriD,vgl,asreDant
pwg,114760,sriD,vgl,asriD
pwg,114765,sru,vgl,aBisravanta
pwg,114765,sru,vgl,Asrava
pwg,114765,sru,vgl,AsrAva
pwg,114765,sru,vgl,upasravaRa
pwg,114765,sru,vgl,parisrava
pwg,114765,sru,vgl,parisrAva
pwg,114765,sru,vgl,prasrava
pwg,114765,sru,vgl,saMsrava
pwg,114770,srugvant,vgl,srugmant
pwg,114771,sruGna,vgl,srOGna
pwg,114773,sruc,vgl,udyata˚
pwg,114773,sruc,vgl,yata˚
pwg,114777,srut,vgl,moca˚
pwg,114777,srut,vgl,sa˚
pwg,114790,srota,vgl,sahasra˚
pwg,114795,srotas,vgl,ut˚
pwg,114795,srotas,vgl,UrDva˚
pwg,114795,srotas,vgl,karRaSrotas
pwg,114816,sva,vgl,niH˚
pwg,114816,sva,vgl,para˚
pwg,114816,sva,vgl,pratisvam
pwg,114816,sva,vgl,brahma˚
pwg,114816,sva,vgl,yaTA˚
pwg,114824,svakaraRa,vgl,svIkaraRa
pwg,114864,svacCanda,vgl,svAcCandya
pwg,114872,svaj,vgl,aBizvaNga
pwg,114893,svatantra,vgl,svAtantrya
pwg,114894,svatantratA,vgl,Bagavat˚
pwg,114903,svatA,vgl,svatva
pwg,114908,svad,vgl,AsvAda
pwg,114920,svaDA,vgl,anuzvaDam
pwg,114920,svaDA,vgl,su˚
pwg,114942,svaDiti,vgl,paraSvaDa
pwg,114956,svaDvara,vgl,svADvarika
pwg,114959,svan,vgl,avazvARa
pwg,114959,svan,vgl,avasvanya
pwg,114959,svan,vgl,prasvana
pwg,114959,svan,vgl,prasvAna
pwg,114959,svan,vgl,vizvaRa
pwg,114961,svana,vgl,duH˚
pwg,114981,svap,vgl,duHzupta
pwg,114981,svap,vgl,suKa˚
pwg,114981,svap,vgl,suzupsA
pwg,114981,svap,vgl,duHzupta
pwg,114981,svap,vgl,niHzupta
pwg,114981,svap,vgl,prasup
pwg,114981,svap,vgl,prasvApana
pwg,114981,svap,vgl,suKasaMsupta
pwg,114985,svapati,vgl,svApateya
pwg,115008,svapna,vgl,a˚
pwg,115008,svapna,vgl,UrDva˚
pwg,115008,svapna,vgl,divA˚
pwg,115008,svapna,vgl,duH˚
pwg,115008,svapna,vgl,su˚
pwg,115012,svapnaj,vgl,a˚
pwg,115024,svapnAnta,vgl,budDAnta
pwg,115031,svapnya,vgl,duHzvapnya
pwg,115043,svaBAva,vgl,vimala˚
pwg,115043,svaBAva,vgl,strI˚
pwg,115063,svameka,vgl,sumeka
pwg,115072,svayaMvedana,vgl,svasaMvedana
pwg,115086,svayaMkfta,vgl,svakfta
pwg,115107,svayamagurutva,vgl,svayaMgurutva
pwg,115114,svayamAtfRRa,vgl,aBi˚
pwg,115140,svayaMBU,vgl,svAyaMBuva
pwg,115159,svar,vgl,aBisvar
pwg,115159,svar,vgl,prasvAra
pwg,115162,svara,vgl,a˚
pwg,115162,svara,vgl,fzi˚
pwg,115162,svara,vgl,caturTa˚
pwg,115162,svara,vgl,tftIya˚
pwg,115162,svara,vgl,dvitIya˚
pwg,115162,svara,vgl,ni˚
pwg,115162,svara,vgl,prati˚
pwg,115162,svara,vgl,praTama˚
pwg,115162,svara,vgl,BIzmasvararAja
pwg,115162,svara,vgl,maYju˚
pwg,115162,svara,vgl,maDu˚
pwg,115162,svara,vgl,maDura˚
pwg,115162,svara,vgl,manojYa˚
pwg,115162,svara,vgl,mahA˚
pwg,115162,svara,vgl,meGa˚
pwg,115162,svara,vgl,vi˚
pwg,115162,svara,vgl,vyAKyA˚
pwg,115162,svara,vgl,SikzA˚
pwg,115162,svara,vgl,Sukta˚
pwg,115162,svara,vgl,sa˚
pwg,115162,svara,vgl,sama˚
pwg,115162,svara,vgl,sa˚
pwg,115162,svara,vgl,sOvara
pwg,115167,svaraMkfta,vgl,svalaMkfta
pwg,115185,svarayoga,vgl,svarasaMyoga
pwg,115187,svaralAsikA,vgl,suralAsikA
pwg,115205,svarAj,vgl,virAw˚
pwg,115207,svarAjya,vgl,svArAjya
pwg,115215,svari,vgl,svarya
pwg,115216,svarita,vgl,maDya˚
pwg,115216,svarita,vgl,sarva˚
pwg,115223,svaru,vgl,su˚
pwg,115227,svarUpa,vgl,nIla˚
pwg,115227,svarUpa,vgl,viDisvarUpavAdArTa
pwg,115227,svarUpa,vgl,SrI˚
pwg,115236,svarUpin,vgl,naga˚ (nAgasvarUpiRI
pwg,115239,svareRu,vgl,sureRu
pwg,115243,svarocis,vgl,svArociza
pwg,115248,svarga,vgl,BU˚
pwg,115248,svarga,vgl,rudra˚
pwg,115263,svargapaTa,vgl,svargamArga
pwg,115264,svargaparvan,vgl,svargArohaRaparvan
pwg,115268,svargamArga,vgl,svargapaTa
pwg,115309,svarRa,vgl,rAja˚
pwg,115317,svarRaketakI,vgl,suvarRaketakI
pwg,115319,svarRakzIrI,vgl,suvarRakzIrI
pwg,115322,svarRagiri,vgl,suvarRagiri
pwg,115330,svarRacUla,vgl,suvarRacUla
pwg,115350,svarRapuzpa,vgl,suvarRapuzpa
pwg,115354,svarRabindu,vgl,suvarRabindu
pwg,115365,svarRayUTI,vgl,suvarRayUTI
pwg,115368,svarRaramBA,vgl,suvarRaramBA
pwg,115371,svarRaroman,vgl,suvarRaroman
pwg,115372,svarRalatA,vgl,suvarRalatA
pwg,115378,svarRavarRA,vgl,suvarRavarRA
pwg,115392,svarRAhvA,vgl,suvarRAhvA
pwg,115398,svard,vgl,svad
pwg,115432,svalakzaRa,vgl,svAlakzaRya
pwg,115433,svalaMkfta,vgl,svaraMkfta
pwg,115451,svavant,vgl,svamant
pwg,115453,svavaSa,vgl,svAvaSya
pwg,115466,svavfj,vgl,svAvfj
pwg,115475,svaSva,vgl,sOvaSva
pwg,115478,svaSvya,vgl,sOvaSvya
pwg,115494,svasar,vgl,pituHzvasar
pwg,115494,svasar,vgl,pitf˚
pwg,115494,svasar,vgl,mAtuH˚
pwg,115494,svasar,vgl,mAtf˚
pwg,115494,svasar,vgl,yama˚
pwg,115494,svasar,vgl,Samana˚
pwg,115494,svasar,vgl,sapta˚
pwg,115494,svasar,vgl,hata˚
pwg,115505,svastara,vgl,svAstara
pwg,115506,svasti,vgl,sOvastika
pwg,115581,svAti,vgl,umA˚
pwg,115581,svAti,vgl,meGa˚
pwg,115581,svAti,vgl,Siva˚
pwg,115581,svAti,vgl,sOvAta
pwg,115590,svAtmArAma,vgl,AtmArAma
pwg,115592,svAda,vgl,mahA˚
pwg,115592,svAda,vgl,su˚
pwg,115642,svADIna,vgl,svAyatta
pwg,115644,svADyAya,vgl,niHsvADyAyavazawkAra
pwg,115650,svAna,vgl,svana
pwg,115685,svAmika,vgl,niH˚
pwg,115691,svAmin,vgl,aBimanyu˚
pwg,115691,svAmin,vgl,avanti˚
pwg,115691,svAmin,vgl,ku˚
pwg,115691,svAmin,vgl,kzIra˚
pwg,115691,svAmin,vgl,go˚
pwg,115691,svAmin,vgl,govinda˚
pwg,115691,svAmin,vgl,jagat˚
pwg,115691,svAmin,vgl,jaya˚
pwg,115700,svAyatta,vgl,svADIna
pwg,115709,svAra,vgl,sarva˚
pwg,115720,svArUpA,vgl,svarUpA
pwg,115724,svArTa,vgl,ajahat˚
pwg,115736,svAvfj,vgl,svavfj
pwg,115749,svAstara,vgl,svastara
pwg,115773,svid,vgl,prasveda
pwg,115773,svid,vgl,saMsveda
pwg,115781,svizwakft,vgl,sOvizwakfta
pwg,115809,svedana,vgl,pAda˚
pwg,115822,svEra,vgl,yaTAsvEram
pwg,115845,ha,vgl,itihAsa
pwg,115846,ha,vgl,arAti˚
pwg,115846,ha,vgl,AKuviza˚
pwg,115846,ha,vgl,kfmi˚
pwg,115846,ha,vgl,mala˚
pwg,115846,ha,vgl,viza˚
pwg,115846,ha,vgl,vftra˚
pwg,115846,ha,vgl,vraRa˚
pwg,115846,ha,vgl,Satru˚
pwg,115846,ha,vgl,Slezma˚
pwg,115846,ha,vgl,satrA˚
pwg,115846,ha,vgl,sapta˚
pwg,115846,ha,vgl,sahasra˚
pwg,115849,haMsa,vgl,eka˚
pwg,115849,haMsa,vgl,para˚
pwg,115849,haMsa,vgl,parama˚
pwg,115849,haMsa,vgl,Bakti˚
pwg,115849,haMsa,vgl,mahA˚
pwg,115849,haMsa,vgl,rakta˚
pwg,115849,haMsa,vgl,rAja˚
pwg,115850,haMsaka,vgl,hAMsakAyana
pwg,115854,haMsakAyana,vgl,hAMsakAyana
pwg,115882,haMsapadikA,vgl,haMsavatI
pwg,115917,haMsAvatI,vgl,haMsavatI
pwg,115926,haMsopanizad,vgl,parama˚
pwg,115940,hawwa,vgl,kamalA˚
pwg,115940,hawwa,vgl,vasu˚
pwg,115940,hawwa,vgl,SrI˚
pwg,115940,hawwa,vgl,heramba˚
pwg,115942,hawwacandra,vgl,haqqacandra
pwg,115964,hataka,vgl,mataNga˚
pwg,115980,hati,vgl,a˚
pwg,115980,hati,vgl,padDati
pwg,115983,hatyA,vgl,anAgo˚
pwg,115983,hatyA,vgl,avEra˚
pwg,115983,hatyA,vgl,asi˚
pwg,115983,hatyA,vgl,ahi˚
pwg,115983,hatyA,vgl,Atma˚
pwg,115983,hatyA,vgl,go˚
pwg,115983,hatyA,vgl,dasyu˚
pwg,115983,hatyA,vgl,brahma˚
pwg,115983,hatyA,vgl,BUta˚
pwg,115983,hatyA,vgl,BrURa˚
pwg,115983,hatyA,vgl,muzwi˚
pwg,115983,hatyA,vgl,rakzo˚
pwg,115983,hatyA,vgl,vIra˚
pwg,115983,hatyA,vgl,vftra˚
pwg,115983,hatyA,vgl,Sambara˚
pwg,115983,hatyA,vgl,SuzRa˚
pwg,115983,hatyA,vgl,sarva˚
pwg,115983,hatyA,vgl,strI˚
pwg,115984,haTa,vgl,vftra˚
pwg,115989,han,vgl,ahata
pwg,115989,han,vgl,ayo˚
pwg,115989,han,vgl,putra˚
pwg,115989,han,vgl,mano˚
pwg,115989,han,vgl,yUTa˚
pwg,115989,han,vgl,vAta˚
pwg,115989,han,vgl,sadyo˚
pwg,115989,han,vgl,su˚
pwg,115989,han,vgl,GAtaka
pwg,115989,han,vgl,jiGAMsaka
pwg,115989,han,vgl,antarGaRa
pwg,115989,han,vgl,apaGana
pwg,115989,han,vgl,aBiGAta
pwg,115989,han,vgl,avaGAta
pwg,115989,han,vgl,avahanana
pwg,115989,han,vgl,avahanta/r
pwg,115989,han,vgl,aDyavahanana
pwg,115989,han,vgl,anAhata
pwg,115989,han,vgl,aByAGAta
pwg,115989,han,vgl,samAGAta
pwg,115989,han,vgl,udGa
pwg,115989,han,vgl,udGana
pwg,115989,han,vgl,udGAta
pwg,115989,han,vgl,vimatisamudGAtin
pwg,115989,han,vgl,upaGAta
pwg,115989,han,vgl,ulkAnirhata
pwg,115989,han,vgl,parAhati
pwg,115989,han,vgl,pariGAtin
pwg,115989,han,vgl,prahaRana
pwg,115989,han,vgl,prahan
pwg,115989,han,vgl,prahantar
pwg,115989,han,vgl,pratiGa
pwg,115989,han,vgl,viGAta
pwg,115989,han,vgl,saMhat
pwg,115990,han,vgl,adfzwa˚
pwg,115990,han,vgl,aBogDan
pwg,115990,han,vgl,amitra˚
pwg,115990,han,vgl,amIva˚
pwg,115990,han,vgl,ari˚
pwg,115990,han,vgl,aSasti˚
pwg,115990,han,vgl,ahi˚
pwg,115990,han,vgl,kfzwi˚
pwg,115990,han,vgl,cakzurhan
pwg,115990,han,vgl,jyezWa˚
pwg,115990,han,vgl,tamo˚
pwg,115990,han,vgl,dasyu˚
pwg,115990,han,vgl,durRAma˚
pwg,115990,han,vgl,DAtu˚
pwg,115990,han,vgl,nf˚
pwg,115990,han,vgl,para˚
pwg,115990,han,vgl,paSu˚
pwg,115990,han,vgl,pApa˚
pwg,115990,han,vgl,pArAvata˚
pwg,115990,han,vgl,pitf˚
pwg,115990,han,vgl,punarhan
pwg,115990,han,vgl,pura˚
pwg,115990,han,vgl,puro˚
pwg,115990,han,vgl,pfSni˚
pwg,115990,han,vgl,bali˚
pwg,115990,han,vgl,brahma˚
pwg,115990,han,vgl,Baga˚
pwg,115990,han,vgl,Baganetra˚
pwg,115990,han,vgl,BagAkzi˚
pwg,115990,han,vgl,BujaMga˚
pwg,115990,han,vgl,BUri˚
pwg,115990,han,vgl,BrAtfvya˚
pwg,115990,han,vgl,BrURa˚
pwg,115990,han,vgl,maKa˚
pwg,115990,han,vgl,matsya˚
pwg,115990,han,vgl,maDu˚
pwg,115990,han,vgl,mano˚
pwg,115990,han,vgl,mAtf˚
pwg,115990,han,vgl,mAna˚
pwg,115990,han,vgl,mitra˚
pwg,115990,han,vgl,muzwi˚
pwg,115990,han,vgl,mfga˚
pwg,115990,han,vgl,yajYa˚
pwg,115990,han,vgl,yaSo˚
pwg,115990,han,vgl,yAtu˚
pwg,115990,han,vgl,rakzo˚
pwg,115990,han,vgl,valavftra˚
pwg,115990,han,vgl,vasarhan
pwg,115990,han,vgl,vAta˚
pwg,115990,han,vgl,vAyu˚
pwg,115990,han,vgl,vihaMga˚
pwg,115990,han,vgl,vIra˚
pwg,115990,han,vgl,vftti˚
pwg,115990,han,vgl,vftra˚
pwg,115990,han,vgl,Sata˚
pwg,115990,han,vgl,Satru˚
pwg,115990,han,vgl,Sarya˚
pwg,115990,han,vgl,satrA˚
pwg,115990,han,vgl,sapatna˚
pwg,115990,han,vgl,sapta˚
pwg,115990,han,vgl,sarpa˚
pwg,115990,han,vgl,sasya˚
pwg,115990,han,vgl,sAta˚
pwg,115990,han,vgl,svara˚
pwg,115997,hanu,vgl,aDara˚
pwg,116003,hanumant,vgl,hanUmant
pwg,116014,hantar,vgl,aSva˚
pwg,116014,hantar,vgl,kArya˚
pwg,116014,hantar,vgl,kuzWa˚
pwg,116014,hantar,vgl,kroDa˚
pwg,116014,hantar,vgl,jantu˚
pwg,116014,hantar,vgl,jvara˚
pwg,116014,hantar,vgl,Darma˚
pwg,116014,hantar,vgl,nAga˚
pwg,116014,hantar,vgl,pAka˚
pwg,116014,hantar,vgl,PaRi˚
pwg,116014,hantar,vgl,BUta˚
pwg,116014,hantar,vgl,maDu˚
pwg,116014,hantar,vgl,mala˚
pwg,116014,hantar,vgl,viGna˚
pwg,116014,hantar,vgl,viSvAsa˚
pwg,116014,hantar,vgl,viza˚
pwg,116014,hantar,vgl,vftti˚
pwg,116014,hantar,vgl,Satru˚
pwg,116014,hantar,vgl,SUla˚
pwg,116014,hantar,vgl,sasya˚
pwg,116014,hantar,vgl,sEnya˚
pwg,116016,hantu,vgl,su˚
pwg,116020,hanman,vgl,aSma˚
pwg,116020,hanman,vgl,puru˚
pwg,116034,haya,vgl,aSva˚
pwg,116034,haya,vgl,mahA˚
pwg,116034,haya,vgl,mahAsu˚
pwg,116034,haya,vgl,veRu˚
pwg,116034,haya,vgl,Sveta˚
pwg,116034,haya,vgl,hari˚
pwg,116085,har,vgl,Syenahfta
pwg,116085,har,vgl,jihIrzA
pwg,116085,har,vgl,vyatihAra
pwg,116085,har,vgl,anuhAra
pwg,116085,har,vgl,aBiharaRa
pwg,116085,har,vgl,aBihAra
pwg,116085,har,vgl,avaharaRa
pwg,116085,har,vgl,avahAra
pwg,116085,har,vgl,aByavaharaRa
pwg,116085,har,vgl,upAvaharaRa
pwg,116085,har,vgl,vyavaharaRa
pwg,116085,har,vgl,vyavahArayitavya
pwg,116085,har,vgl,saMvyavaharaRa
pwg,116085,har,vgl,samavahAra
pwg,116085,har,vgl,AjihIrzu
pwg,116085,har,vgl,aDyAharaRa
pwg,116085,har,vgl,anvAhArya
pwg,116085,har,vgl,aByAhAra
pwg,116085,har,vgl,udAharaRa
pwg,116085,har,vgl,pratyudAharaRa
pwg,116085,har,vgl,vyAharaRa
pwg,116085,har,vgl,anuvyAharaRa
pwg,116085,har,vgl,samaBivyAhAra
pwg,116085,har,vgl,samAhara
pwg,116085,har,vgl,upasamAhArya
pwg,116085,har,vgl,samaByudDaraRa
pwg,116085,har,vgl,nIhAra
pwg,116085,har,vgl,nirharaRa
pwg,116085,har,vgl,parihara
pwg,116085,har,vgl,prahara
pwg,116085,har,vgl,praharaRa
pwg,116085,har,vgl,praharaRIya
pwg,116085,har,vgl,prahartar
pwg,116085,har,vgl,prajihIrzu
pwg,116085,har,vgl,anupraharaRa
pwg,116085,har,vgl,saMprahAra
pwg,116085,har,vgl,pratiharaRa
pwg,116085,har,vgl,vihara
pwg,116085,har,vgl,saMhara
pwg,116085,har,vgl,upasaMhAra
pwg,116085,har,vgl,pratisaMhAra
pwg,116086,har,vgl,hfRIy
pwg,116088,hara,vgl,aMSa˚
pwg,116088,hara,vgl,aSmarI˚
pwg,116088,hara,vgl,kavaca˚
pwg,116088,hara,vgl,kzata˚
pwg,116088,hara,vgl,Ka˚
pwg,116088,hara,vgl,go˚
pwg,116088,hara,vgl,granTi˚
pwg,116088,hara,vgl,tamo˚
pwg,116088,hara,vgl,tApa˚
pwg,116088,hara,vgl,Dana˚
pwg,116088,hara,vgl,DI˚
pwg,116088,hara,vgl,paSyato˚
pwg,116088,hara,vgl,pApa˚
pwg,116097,haraRa,vgl,uda˚
pwg,116097,haraRa,vgl,kAla˚
pwg,116097,haraRa,vgl,prasahya˚
pwg,116097,haraRa,vgl,prASitra˚
pwg,116097,haraRa,vgl,bali˚
pwg,116097,haraRa,vgl,vAqava˚
pwg,116097,haraRa,vgl,Sukra˚
pwg,116097,haraRa,vgl,sarva˚
pwg,116102,haratejas,vgl,harabIja
pwg,116110,harapriya,vgl,haripriya
pwg,116112,harabIja,vgl,haratejas
pwg,116119,haras,vgl,vILu˚
pwg,116135,hari,vgl,nara˚
pwg,116135,hari,vgl,nf˚
pwg,116135,hari,vgl,Bartf˚
pwg,116135,hari,vgl,vana˚
pwg,116135,hari,vgl,SrI˚
pwg,116135,hari,vgl,sarva˚
pwg,116158,haricandra,vgl,BawwAra˚
pwg,116165,hariRa,vgl,mandara˚
pwg,116165,hariRa,vgl,vegi˚
pwg,116165,hariRa,vgl,hAriRa
pwg,116165,hariRa,vgl,hAriRika
pwg,116171,hariRalakzaRa,vgl,hariRakalaNka
pwg,116179,hariREgumezin,vgl,nEgameza
pwg,116180,harit,vgl,hari
pwg,116181,harita,vgl,pIta˚
pwg,116184,haritakAtya,vgl,hAritakAta
pwg,116198,haritAla,vgl,Ala
pwg,116202,haritASva,vgl,haridaSva
pwg,116205,haritparRa,vgl,hariparRa
pwg,116206,haritmant,vgl,haritvant
pwg,116209,haritvant,vgl,haritmant
pwg,116212,haridarBa,vgl,haridgarBa
pwg,116221,haridra,vgl,dAru˚
pwg,116221,haridra,vgl,vana˚
pwg,116235,haridru,vgl,hAridrava
pwg,116237,haridrumant,vgl,hAridrumata
pwg,116254,hariparRa,vgl,haritpattra
pwg,116290,hariyojana,vgl,hAriyojana
pwg,116305,harivant,vgl,harimant
pwg,116314,harivAsara,vgl,haridina
pwg,116329,hariSipra,vgl,hiriSipra
pwg,116330,hariScandra,vgl,haricandra
pwg,116333,hariSmaSru,vgl,hiriSmaSru
pwg,116340,harizeRa,vgl,hArizeRi
pwg,116340,harizeRa,vgl,˚zeRya
pwg,116365,harItaka,vgl,paSu˚
pwg,116366,harISa,vgl,harIzA
pwg,116374,hartar,vgl,mano˚
pwg,116374,hartar,vgl,viSva˚
pwg,116374,hartar,vgl,suDA˚
pwg,116374,hartar,vgl,hArtra
pwg,116374,hartar,vgl,hArtrya
pwg,116379,harmya,vgl,tfRa˚
pwg,116379,harmya,vgl,maRi˚
pwg,116379,harmya,vgl,mahA˚
pwg,116379,harmya,vgl,mArga˚
pwg,116379,harmya,vgl,rAja˚
pwg,116382,haryakza,vgl,piNgAkza
pwg,116389,haryaSva,vgl,hAryaSva
pwg,116395,harz,vgl,udDarza
pwg,116395,harz,vgl,samudDarza
pwg,116395,harz,vgl,pariharzaRa
pwg,116395,harz,vgl,praharza
pwg,116395,harz,vgl,saMpraharza
pwg,116395,harz,vgl,pratiharzaRa
pwg,116395,harz,vgl,saMhfzwin
pwg,116396,harza,vgl,danta˚
pwg,116396,harza,vgl,pAda˚
pwg,116396,harza,vgl,roma˚
pwg,116396,harza,vgl,loma˚
pwg,116396,harza,vgl,vi˚
pwg,116396,harza,vgl,sa˚
pwg,116398,harzakara,vgl,sarva˚
pwg,116403,harzaRa,vgl,danta˚
pwg,116403,harzaRa,vgl,rAja˚
pwg,116403,harzaRa,vgl,roma˚
pwg,116403,harzaRa,vgl,loma˚
pwg,116403,harzaRa,vgl,Sepa˚
pwg,116417,harzin,vgl,loma˚
pwg,116424,hala,vgl,Arya˚
pwg,116424,hala,vgl,bfhadDala
pwg,116424,hala,vgl,vella˚
pwg,116424,hala,vgl,su˚
pwg,116424,hala,vgl,hAla
pwg,116429,halabanDa,vgl,hAlabanDa
pwg,116444,halika,vgl,hAlika
pwg,116464,hava,vgl,indra˚
pwg,116464,hava,vgl,pftanA˚
pwg,116464,hava,vgl,su˚
pwg,116466,havana,vgl,agnihotrahavanI
pwg,116491,havirDAna,vgl,hAvirDAna
pwg,116493,havirDAman,vgl,havirDAna
pwg,116500,haviryajYa,vgl,hAviryajYika
pwg,116501,havirvarza,vgl,harivarza
pwg,116507,havizkft,vgl,hAvizkfta
pwg,116517,havizmant,vgl,hAvizmata
pwg,116521,havis,vgl,tanU˚
pwg,116521,havis,vgl,deva˚
pwg,116521,havis,vgl,pavamAna˚
pwg,116521,havis,vgl,punarhavis
pwg,116521,havis,vgl,mahA˚
pwg,116521,havis,vgl,ratna˚
pwg,116521,havis,vgl,rAja˚
pwg,116521,havis,vgl,satya˚
pwg,116521,havis,vgl,su˚
pwg,116527,havya,vgl,deva˚
pwg,116527,havya,vgl,rAta˚
pwg,116527,havya,vgl,vIta˚
pwg,116527,havya,vgl,satya˚
pwg,116527,havya,vgl,su˚
pwg,116536,havyavaha,vgl,huta˚
pwg,116549,has,vgl,apahAsya
pwg,116549,has,vgl,avahasana
pwg,116549,has,vgl,haskAra
pwg,116549,has,vgl,upahasita
pwg,116549,has,vgl,upahasvan
pwg,116549,has,vgl,parihAsa
pwg,116549,has,vgl,prahasa
pwg,116549,has,vgl,saMprahAsa
pwg,116549,has,vgl,vihAsa
pwg,116550,hasa,vgl,niSA˚
pwg,116559,hasira,vgl,haMsira
pwg,116564,hasta,vgl,a˚
pwg,116564,hasta,vgl,aMSu˚
pwg,116564,hasta,vgl,akravi˚
pwg,116564,hasta,vgl,agra˚
pwg,116564,hasta,vgl,antarhastam
pwg,116564,hasta,vgl,apa˚
pwg,116564,hasta,vgl,amukta˚
pwg,116564,hasta,vgl,Ardra˚
pwg,116564,hasta,vgl,izu˚
pwg,116564,hasta,vgl,fju˚
pwg,116564,hasta,vgl,kapota˚
pwg,116564,hasta,vgl,kfta˚
pwg,116564,hasta,vgl,keSa˚
pwg,116564,hasta,vgl,KAdi˚
pwg,116564,hasta,vgl,ganDarva˚
pwg,116564,hasta,vgl,gala˚
pwg,116564,hasta,vgl,grAva˚
pwg,116564,hasta,vgl,Gfta˚
pwg,116564,hasta,vgl,jyotirhastA
pwg,116564,hasta,vgl,nikta˚
pwg,116564,hasta,vgl,nirhasta
pwg,116564,hasta,vgl,paYca˚
pwg,116564,hasta,vgl,pari˚
pwg,116564,hasta,vgl,pAtra˚
pwg,116564,hasta,vgl,pinAka˚
pwg,116564,hasta,vgl,pra˚
pwg,116564,hasta,vgl,prati˚
pwg,116564,hasta,vgl,Badra˚
pwg,116564,hasta,vgl,mahA˚
pwg,116564,hasta,vgl,mukta˚
pwg,116564,hasta,vgl,laGu˚
pwg,116564,hasta,vgl,vajra˚
pwg,116564,hasta,vgl,vAla˚
pwg,116564,hasta,vgl,vi˚
pwg,116564,hasta,vgl,vIRA˚
pwg,116564,hasta,vgl,Sakti˚
pwg,116564,hasta,vgl,SudDa˚
pwg,116564,hasta,vgl,SUla˚
pwg,116564,hasta,vgl,sa˚
pwg,116564,hasta,vgl,sahasra˚
pwg,116564,hasta,vgl,su˚
pwg,116564,hasta,vgl,suKa˚
pwg,116564,hasta,vgl,sTUla˚
pwg,116564,hasta,vgl,hiraRya˚
pwg,116564,hasta,vgl,hAsta
pwg,116564,hasta,vgl,hAstAyana
pwg,116565,hastaka,vgl,kapota˚
pwg,116565,hastaka,vgl,ganDarva˚
pwg,116565,hastaka,vgl,pra˚
pwg,116565,hastaka,vgl,svahastikA
pwg,116572,hastagiri,vgl,hastigiri
pwg,116573,hastagfhya,vgl,hastegfhya
pwg,116575,hastagrAha,vgl,hastagrAham
pwg,116579,hastaGna,vgl,hastatra
pwg,116585,hastatra,vgl,hastaGna
pwg,116625,hastika,vgl,hAstika
pwg,116636,hastikarzU,vgl,hAstikarzUka
pwg,116642,hastigiri,vgl,hastagiri
pwg,116656,hastin,vgl,ganDa˚
pwg,116656,hastin,vgl,jala˚
pwg,116656,hastin,vgl,prati˚
pwg,116656,hastin,vgl,PalguhastinI
pwg,116656,hastin,vgl,madahastinI
pwg,116656,hastin,vgl,mahA˚
pwg,116656,hastin,vgl,rAja˚
pwg,116656,hastin,vgl,SrIhastinI
pwg,116656,hastin,vgl,Sveta˚
pwg,116656,hastin,vgl,su˚
pwg,116656,hastin,vgl,hAstina
pwg,116656,hastin,vgl,hAstinAyana
pwg,116658,hastinApura,vgl,hAstinapura
pwg,116658,hastinApura,vgl,gajapura
pwg,116666,hastipada,vgl,hAstipada
pwg,116706,hastya,vgl,aDi˚
pwg,116706,hastya,vgl,uBaya˚
pwg,116706,hastya,vgl,maDu˚
pwg,116706,hastya,vgl,su˚
pwg,116707,hastyAjIva,vgl,hastijIvin
pwg,116711,hasra,vgl,rAvaRa˚
pwg,116714,hahava,vgl,huhava
pwg,116718,hA,vgl,ujjihAna
pwg,116718,hA,vgl,prahA
pwg,116718,hA,vgl,saMhAwyam
pwg,116719,hA,vgl,prajahita
pwg,116719,hA,vgl,jihAsA
pwg,116719,hA,vgl,apahAna
pwg,116719,hA,vgl,apahAni
pwg,116719,hA,vgl,parihARa
pwg,116719,hA,vgl,prAjahita
pwg,116719,hA,vgl,viprahARa
pwg,116728,hAwaka,vgl,kara˚
pwg,116728,hAwaka,vgl,pari˚
pwg,116736,hAtra,vgl,hAntra
pwg,116737,hAna,vgl,Sva˚
pwg,116739,hAni,vgl,kAma˚
pwg,116739,hAni,vgl,vayo˚
pwg,116739,hAni,vgl,sparSa˚
pwg,116742,hAnu,vgl,hAnavya
pwg,116744,hAntra,vgl,hAtra
pwg,116752,hAyana,vgl,agra˚
pwg,116752,hAyana,vgl,eka˚
pwg,116761,hAra,vgl,agra˚
pwg,116761,hAra,vgl,aGa˚
pwg,116761,hAra,vgl,aNga˚
pwg,116762,hAraka,vgl,kaNkaRahArikA
pwg,116762,hAraka,vgl,kuwa˚
pwg,116762,hAraka,vgl,ganDa˚
pwg,116762,hAraka,vgl,nakra˚
pwg,116762,hAraka,vgl,pAda˚
pwg,116762,hAraka,vgl,prARa˚
pwg,116762,hAraka,vgl,Baya˚
pwg,116762,hAraka,vgl,maRqa˚
pwg,116762,hAraka,vgl,mala˚
pwg,116762,hAraka,vgl,leKa˚
pwg,116762,hAraka,vgl,vAqava˚
pwg,116762,hAraka,vgl,vAcika˚
pwg,116762,hAraka,vgl,vyaYjana˚
pwg,116762,hAraka,vgl,SAsana˚
pwg,116762,hAraka,vgl,saMdeSa˚
pwg,116762,hAraka,vgl,saMDi˚
pwg,116762,hAraka,vgl,smfti˚
pwg,116762,hAraka,vgl,svayaM˚
pwg,116762,hAraka,vgl,haraRa˚
pwg,116766,hAram,vgl,sarva˚
pwg,116771,hArahArA,vgl,hArahUrA
pwg,116772,hArahURa,vgl,hURa
pwg,116772,hArahURa,vgl,hArahOra
pwg,116775,hArahOra,vgl,hArahURa
pwg,116777,hArAvalI,vgl,bfhadDArAvalI
pwg,116779,hArika,vgl,BAra˚
pwg,116784,hArita,vgl,kumAra˚
pwg,116799,hArin,vgl,jala˚
pwg,116799,hArin,vgl,paNgutva˚
pwg,116799,hArin,vgl,prARa˚
pwg,116799,hArin,vgl,Pala˚
pwg,116799,hArin,vgl,bIja˚
pwg,116799,hArin,vgl,Baga˚
pwg,116799,hArin,vgl,BAga˚
pwg,116799,hArin,vgl,BAra˚
pwg,116799,hArin,vgl,BUta˚
pwg,116799,hArin,vgl,mano˚ (jana˚
pwg,116807,hArIta,vgl,ku˚
pwg,116807,hArIta,vgl,bfhadDArIta
pwg,116807,hArIta,vgl,laGu˚
pwg,116807,hArIta,vgl,vfdDa˚
pwg,116825,hArya,vgl,vAqava˚
pwg,116825,hArya,vgl,SIrza˚
pwg,116829,hAlaka,vgl,upa˚
pwg,116829,hAlaka,vgl,avahAlikA
pwg,116835,hAlAhala,vgl,halAhala
pwg,116835,hAlAhala,vgl,hAlahala
pwg,116835,hAlAhala,vgl,hAlahAla
pwg,116837,hAlika,vgl,halika
pwg,116853,hAsa,vgl,gaRa˚
pwg,116853,hAsa,vgl,grIzma˚
pwg,116853,hAsa,vgl,candra˚
pwg,116853,hAsa,vgl,jala˚
pwg,116853,hAsa,vgl,puzpa˚
pwg,116853,hAsa,vgl,BIma˚
pwg,116853,hAsa,vgl,mahA˚
pwg,116853,hAsa,vgl,mAMsa˚
pwg,116853,hAsa,vgl,yama˚
pwg,116853,hAsa,vgl,rajanI˚
pwg,116853,hAsa,vgl,rAtri˚ vana˚
pwg,116853,hAsa,vgl,su˚
pwg,116854,hAsaka,vgl,grAma˚
pwg,116854,hAsaka,vgl,rAja˚
pwg,116854,hAsaka,vgl,vana˚
pwg,116854,hAsaka,vgl,hima˚
pwg,116858,hAsin,vgl,cAru˚
pwg,116858,hAsin,vgl,BaRqa˚
pwg,116858,hAsin,vgl,su˚
pwg,116886,hi,vgl,prahAyya
pwg,116886,hi,vgl,prahitaMgama
pwg,116886,hi,vgl,prahetar
pwg,116888,hiMs,vgl,pratihiMsA
pwg,116891,hiMsaka,vgl,hEMsakAyana
pwg,116900,hiMsra,vgl,vi˚
pwg,116912,hiNkAra,vgl,dvi˚
pwg,116915,hiNgu,vgl,nAqI˚
pwg,116921,hiNgula,vgl,hENgula
pwg,116922,hiNgulaka,vgl,kzudrahiNgulikA
pwg,116929,hijjala,vgl,ijjala
pwg,116933,hiqimba,vgl,hEqimba
pwg,116938,hiRqira,vgl,qiRqira
pwg,116940,hiRqIra,vgl,qiRqIra
pwg,116942,hita,vgl,a˚
pwg,116951,hitanAman,vgl,hEtanAma
pwg,116952,hitapraRI,vgl,praRiDi
pwg,116974,hintAla,vgl,tAla
pwg,116979,hindolay,vgl,andolay
pwg,116980,hinv,vgl,inv
pwg,116983,hima,vgl,padDima
pwg,117020,himavant,vgl,mahA˚
pwg,117033,himA,vgl,Satahima
pwg,117055,himAlaya,vgl,rudra˚
pwg,117057,himAvatI,vgl,hEmavatI
pwg,117074,hira,vgl,pAliMhira
pwg,117077,hiraRa,vgl,hiraRya
pwg,117080,hiraRya,vgl,bahu˚
pwg,117080,hiraRya,vgl,sa˚
pwg,117080,hiraRya,vgl,su˚
pwg,117080,hiraRya,vgl,hEraRya
pwg,117100,hiraRyagarBa,vgl,hEraRyagarBa
pwg,117118,hiraRyanABa,vgl,hEraRyanABa
pwg,117136,hiraRyabAhu,vgl,hEraRyabAheya
pwg,117138,hiraRyamaya,vgl,hiraRmaya
pwg,117140,hiraRyaya,vgl,hiraRmaya
pwg,117140,hiraRyaya,vgl,hiraRyamaya
pwg,117147,hiraRyaretas,vgl,suvarRaretas
pwg,117147,hiraRyaretas,vgl,˚retasa
pwg,117150,hiraRyava,vgl,su˚
pwg,117164,hiraRyavIrya,vgl,hiraRyaretas
pwg,117177,hiraRyastUpa,vgl,hEraRya˚
pwg,117190,hiraRvant,vgl,hErAvatI
pwg,117193,hiriSipra,vgl,hariSipra
pwg,117193,hiriSipra,vgl,hiraRyaSipra
pwg,117197,hiruk,vgl,huruk
pwg,117209,hIq,vgl,aheLant
pwg,117229,hInita,vgl,vihInita
pwg,117242,hu,vgl,ahuta
pwg,117242,hu,vgl,durhuta
pwg,117242,hu,vgl,puru˚
pwg,117242,hu,vgl,brahma˚
pwg,117242,hu,vgl,Sata˚
pwg,117242,hu,vgl,sarva˚
pwg,117242,hu,vgl,su˚
pwg,117242,hu,vgl,strI˚
pwg,117242,hu,vgl,Ahava
pwg,117242,hu,vgl,prahuti
pwg,117249,huMkAra,vgl,hUMkAra
pwg,117251,huq,vgl,huRq
pwg,117252,huqa,vgl,vAtahuqA
pwg,117258,huRq,vgl,vihuRqana
pwg,117265,hutaBuj,vgl,hOtaBuja
pwg,117271,hutAd,vgl,a˚
pwg,117272,hutASa,vgl,hutaBuj
pwg,117273,hutASana,vgl,vana˚
pwg,117283,hum,vgl,huMkar
pwg,117295,huvany,vgl,hU = hvA
pwg,117312,hURa,vgl,vaja˚
pwg,117312,hURa,vgl,vajra˚
pwg,117312,hURa,vgl,hAra˚
pwg,117312,hURa,vgl,hUra˚
pwg,117315,hUti,vgl,deva˚
pwg,117315,hUti,vgl,dyumna˚
pwg,117315,hUti,vgl,puru˚
pwg,117315,hUti,vgl,pUrva˚
pwg,117315,hUti,vgl,Bara˚
pwg,117315,hUti,vgl,yAma˚
pwg,117315,hUti,vgl,rudra˚
pwg,117315,hUti,vgl,sa˚
pwg,117315,hUti,vgl,su˚
pwg,117315,hUti,vgl,hariheti˚
pwg,117317,hUm,vgl,hUMkAra
pwg,117320,hUrahURa,vgl,hArahURa
pwg,117322,hUrC,vgl,hvar
pwg,117336,hfRIy,vgl,ahfRIyamAna
pwg,117338,hft,vgl,kalaNka˚
pwg,117338,hft,vgl,kuzWa˚
pwg,117338,hft,vgl,Dana˚
pwg,117338,hft,vgl,PaRi˚
pwg,117338,hft,vgl,bali˚
pwg,117338,hft,vgl,Baganetra˚
pwg,117338,hft,vgl,meza˚
pwg,117338,hft,vgl,roga˚
pwg,117338,hft,vgl,vraRa˚
pwg,117338,hft,vgl,Salya˚
pwg,117338,hft,vgl,SUla˚
pwg,117338,hft,vgl,suDA˚
pwg,117357,hfdaya,vgl,tala˚
pwg,117357,hfdaya,vgl,dvi˚
pwg,117357,hfdaya,vgl,prajApati˚
pwg,117357,hfdaya,vgl,prati˚
pwg,117357,hfdaya,vgl,brahma˚
pwg,117357,hfdaya,vgl,BIru˚
pwg,117357,hfdaya,vgl,yajYa˚
pwg,117357,hfdaya,vgl,rAma˚
pwg,117357,hfdaya,vgl,rudra˚
pwg,117357,hfdaya,vgl,vajra˚
pwg,117357,hfdaya,vgl,vi˚
pwg,117357,hfdaya,vgl,sa˚
pwg,117357,hfdaya,vgl,su˚
pwg,117371,hfdayanarapati,vgl,hfdayeSa
pwg,117389,hfdayaspfS,vgl,hfdispfS
pwg,117414,hfdika,vgl,hArdikya
pwg,117418,hfdispfS,vgl,divispfS
pwg,117466,hfzwi,vgl,hArzweya
pwg,117469,he,vgl,hE
pwg,117473,heW,vgl,viheWaka
pwg,117480,heqAvukka,vgl,helAvuka
pwg,117484,heti,vgl,asi˚
pwg,117484,heti,vgl,tigma˚
pwg,117484,heti,vgl,dUre/˚
pwg,117485,hetika,vgl,Sakti˚
pwg,117485,hetika,vgl,svaDiti˚
pwg,117488,hetu,vgl,nimitta˚
pwg,117488,hetu,vgl,nirhetu
pwg,117488,hetu,vgl,mada˚
pwg,117488,hetu,vgl,yadDetos
pwg,117488,hetu,vgl,viSva˚
pwg,117491,hetutva,vgl,nimitta˚
pwg,117513,hema,vgl,Bartf˚
pwg,117519,hemakamala,vgl,hemapuzkara
pwg,117519,hemakamala,vgl,hemAmbuja
pwg,117527,hemakUwa,vgl,hEmakUwa
pwg,117535,hemagiri,vgl,hEmagirika
pwg,117539,hemacandra,vgl,hEmacandri
pwg,117556,hemaDAnyaka,vgl,hema
pwg,117557,heman,vgl,ASu˚
pwg,117558,heman,vgl,hiraRya˚
pwg,117559,heman,vgl,hEmana
pwg,117570,hemapuzkara,vgl,hemakamala
pwg,117609,hemAdri,vgl,dAna˚
pwg,117613,hemAmbuja,vgl,hemakamala
pwg,117624,heramba,vgl,hEramba
pwg,117636,helA,vgl,avahelA
pwg,117640,helAvuka,vgl,heqAvukka
pwg,117649,hevAkasa,vgl,hevAkin
pwg,117653,hezas,vgl,ASu˚
pwg,117697,hEraRvatI,vgl,hiraRvatI
pwg,117705,hoqa,vgl,anu˚
pwg,117706,hoqar,vgl,hoQa
pwg,117709,hoQa,vgl,hoqar
pwg,117710,hotar,vgl,agni˚
pwg,117710,hotar,vgl,caturhotar
pwg,117724,hotra,vgl,agni˚
pwg,117724,hotra,vgl,caturhotra (cA˚)
pwg,117724,hotra,vgl,deva˚
pwg,117724,hotra,vgl,puru˚
pwg,117724,hotra,vgl,vIti˚
pwg,117724,hotra,vgl,vIra˚
pwg,117724,hotra,vgl,veRu˚
pwg,117724,hotra,vgl,SAli˚
pwg,117724,hotra,vgl,saM˚
pwg,117724,hotra,vgl,su˚
pwg,117725,hotraka,vgl,caturhotraka
pwg,117737,homa,vgl,kowi˚
pwg,117758,homin,vgl,udita˚
pwg,117758,homin,vgl,svayaM˚
pwg,117760,homya,vgl,apsu˚
pwg,117776,hohO,vgl,ho
pwg,117794,hnu,vgl,apahnava
pwg,117794,hnu,vgl,nihnava
pwg,117795,hmal,vgl,hval
pwg,117801,hrag,vgl,hlag
pwg,117804,hrada,vgl,gaNgA˚
pwg,117804,hrada,vgl,Gfta˚
pwg,117804,hrada,vgl,tanu˚
pwg,117804,hrada,vgl,tIrTamahA˚
pwg,117804,hrada,vgl,nAga˚
pwg,117804,hrada,vgl,bindu˚
pwg,117804,hrada,vgl,brahma˚
pwg,117804,hrada,vgl,markawa˚
pwg,117804,hrada,vgl,mahA˚
pwg,117809,hradin,vgl,vi˚
pwg,117813,hrap,vgl,hlap
pwg,117814,hras,vgl,nirhrAsa
pwg,117817,hrasva,vgl,mahA˚
pwg,117841,hrAd,vgl,nirhrAda
pwg,117841,hrAd,vgl,saMhrAda
pwg,117843,hrAda,vgl,meGa˚
pwg,117861,hrIka,vgl,nihrIka
pwg,117862,hrIku,vgl,hlIku
pwg,117876,hru,vgl,ahruta
pwg,117876,hru,vgl,vihrut
pwg,117876,hru,vgl,avihruta
pwg,117885,hrez,vgl,hez
pwg,117886,hrezA,vgl,hezA
pwg,117893,hlag,vgl,hrag
pwg,117895,hlap,vgl,hrap
pwg,117897,hlAd,vgl,AhlAda
pwg,117897,hlAd,vgl,prahlatti
pwg,117905,hlAdin,vgl,mano˚
pwg,117913,hvar,vgl,hru
pwg,117913,hvar,vgl,hval
pwg,117913,hvar,vgl,AhUrya
pwg,117913,hvar,vgl,upahvara
pwg,117913,hvar,vgl,avihvarant
pwg,117917,hval,vgl,vihvala
pwg,117919,hvA,vgl,puruhUta
pwg,117919,hvA,vgl,aBihava
pwg,117919,hvA,vgl,˚hUti
pwg,117919,hvA,vgl,samAhvaya
pwg,117919,hvA,vgl,upahava
pwg,117919,hvA,vgl,pratyupahava
pwg,117919,hvA,vgl,samupahava
pwg,117919,hvA,vgl,nihava
pwg,117919,hvA,vgl,parihava
pwg,117919,hvA,vgl,vihava
pwg,117919,hvA,vgl,saMhUti
pwg,117923,hvAna,vgl,ku˚
pwg,117934,aMSu,vgl,sumadaMSu
pwg,117956,akzarasamAmnAya,vgl,AkzarasamAmnAyika
pwg,117976,agnikuRqa,vgl,vahnikuRqa
pwg,118046,ajana,vgl,mandrAjanI
pwg,118074,aRuvratin,vgl,mahAvratin
pwg,118179,anaraka,vgl,anarakeSvaratIrTa
pwg,118293,anusU,vgl,Anuseya
pwg,118323,antarnaKa,vgl,sanaKa
pwg,118341,anyatva,vgl,rAjAnyatva
pwg,118357,anvezaRIya,vgl,mfgya
pwg,118393,apahAravarman,vgl,upahAravarman
pwg,118468,aBisAra,vgl,BaktABisAra
pwg,118471,aBihAra,vgl,lohABihAra
pwg,118472,aBihiMkAra,vgl,hiN
pwg,118504,ambuhastinI,vgl,jalahastin
pwg,118516,ayugmaSara,vgl,ayugizu
pwg,118516,ayugmaSara,vgl,paYcezu
pwg,118599,avaniruha,vgl,pfTivIruha
pwg,118605,avayavayoga,vgl,sTAneyoga
pwg,118725,AjakarORa,vgl,rORa
pwg,118831,AryaSis,vgl,mitraSis
pwg,118886,AsikA,vgl,suKAsikA
pwg,118994,utsarga,vgl,kAyotsarga
pwg,119036,udvartman,vgl,utpaTa
pwg,119047,upakakza,vgl,upapakza
pwg,119117,upahAravarman,vgl,apahAravarman
pwg,119176,Uh,vgl,vyUh
pwg,119176,Uh,vgl,samUQa
pwg,119198,fzva,vgl,varzman
pwg,119215,ekAdaSAkza,vgl,EkAdaSAkza
pwg,119305,kaRqIra,vgl,gaRqIra
pwg,119371,kalApa,vgl,raSanA˚
pwg,119473,kiMvftta,vgl,yadvftta
pwg,119500,kuwi,vgl,avakrayakuwI
pwg,119619,kOmoda,vgl,mOda
pwg,119631,kraqana,vgl,kruq
pwg,119631,kraqana,vgl,vuq
pwg,119631,kraqana,vgl,vruq
pwg,119751,garjara,vgl,gArjara
pwg,119772,gArjara,vgl,garjara
pwg,119779,giriDAtu,vgl,SElaDAtu
pwg,119797,gfhabaBru,vgl,gehanakula
pwg,119799,gehanakula,vgl,gfhabaBru
pwg,119805,gotara,vgl,gotama
pwg,119885,cawatkfti,vgl,cawacawA
pwg,119906,candrApura,vgl,candrapura
pwg,119950,cimicimAy,vgl,cimicimA
pwg,119979,Ceda,vgl,fRacCeda
pwg,120035,jihlu,vgl,jEhlavaka
pwg,120068,qAmBiwwa,vgl,qavitTa
pwg,120089,tadvan,vgl,tarvan
pwg,120089,tadvan,vgl,yadvan
pwg,120089,tadvan,vgl,yarvan
pwg,120105,taratamatas,vgl,tAratamya
pwg,120195,trEhAyaRa,vgl,dvEhAyana
pwg,120216,daDyAlI,vgl,daDyAnI
pwg,120244,dA,vgl,paryavadAtatva
pwg,120333,dUray,vgl,davay
pwg,120403,dvEhAyana,vgl,trEhAyaRa
pwg,120410,Dam,vgl,viDmApana
pwg,120536,nicaka,vgl,nEcakya
pwg,120583,nirdaraRa,vgl,vidara
pwg,120681,nEzaDaka,vgl,nEzaDa
pwg,120684,nyAsa,vgl,yaTAnyAsam
pwg,120719,pad,vgl,paryavapAda
pwg,120887,pArevata,vgl,pAlIvata
pwg,121099,pravara,vgl,prAvara
pwg,121118,prazWa,vgl,prAzWa
pwg,121214,baka,vgl,nagarIvaka (˚baka)
pwg,121261,bAkarukA,vgl,baka
pwg,121315,BakaBakAy,vgl,bakabakAy
pwg,121315,BakaBakAy,vgl,makamakAy
pwg,121426,makandikA,vgl,mAkandika
pwg,121480,mantu,vgl,nirmantu
pwg,121500,mard,vgl,mrad
pwg,121538,mahAvratin,vgl,aRuvratin
pwg,121550,mAMsakIla,vgl,carmakIla
pwg,121573,mADyasTa,vgl,nirmADyasTa
pwg,121605,mInaDvaja,vgl,mInaketana
pwg,121619,muRqa,vgl,SaSamuRqarasa
pwg,121636,mUlamantra,vgl,mantramUla
pwg,121683,yadvan,vgl,tadvan
pwg,121712,yu,vgl,avayava
pwg,121802,revatya,vgl,rEvatya
pwg,121806,roRI,vgl,roRa
pwg,121876,vaMSa,vgl,DvaMsI
pwg,121929,varuqa,vgl,vAruqa
pwg,122139,vizamavilocana,vgl,vizamanayana
pwg,122162,vIndra,vgl,apendra
pwg,122186,vedaRqa,vgl,vitaRqa
pwg,122230,vyaD,vgl,saMvyADa
pwg,122417,SvetahURa,vgl,sitahURa
pwg,122486,sanaKa,vgl,antarnaKa
pwg,122545,sarvadamana,vgl,sArvadamana
pwg,122551,salomaDi,vgl,sulomaDi
pwg,122608,sIhara,vgl,sEhareya
pwg,122656,sepura,vgl,sEpurika
pwg,122657,sEMhikarORa,vgl,rORa
